t,active_idx,total_waypoints,route_completed,x,y,yaw,vx,vy,speed,wp_id,mode_code,pos_tol,wp_x,wp_y,dist_to_wp,e_ct,chi_p,delta,psi_ref,heading_error,u_ref,left_thrust,right_thrust,left_angle,right_angle
0.000,0,0,0,nan,nan,nan,nan,nan,nan,0,0,nan,nan,nan,nan,nan,nan,nan,nan,nan,nan,nan,nan,0.0000,0.0000
0.100,0,0,0,nan,nan,nan,nan,nan,nan,0,0,nan,nan,nan,nan,nan,nan,nan,nan,nan,nan,nan,nan,0.0000,0.0000
0.200,0,0,0,0.0012,0.0019,1.0000,0.0048,0.0081,0.0094,0,0,nan,nan,nan,nan,nan,nan,nan,nan,nan,nan,nan,nan,0.0000,0.0000
0.300,0,0,0,0.0053,0.0085,1.0000,0.0182,0.0290,0.0342,0,0,nan,nan,nan,nan,nan,nan,nan,nan,nan,nan,nan,nan,0.0000,0.0000
0.400,0,0,0,0.0073,0.0115,1.0000,0.0221,0.0349,0.0413,0,0,nan,nan,nan,nan,nan,nan,nan,nan,nan,nan,nan,nan,0.0000,0.0000
0.500,0,0,0,0.0091,0.0145,1.0000,0.0205,0.0328,0.0387,0,0,nan,nan,nan,nan,nan,nan,nan,nan,nan,nan,nan,nan,0.0000,0.0000
0.600,0,0,0,0.0089,0.0144,1.0000,0.0154,0.0257,0.0300,0,0,nan,nan,nan,nan,nan,nan,nan,nan,nan,nan,nan,nan,0.0000,0.0000
0.700,0,0,0,0.0068,0.0121,1.0000,0.0023,0.0078,0.0081,0,0,nan,nan,nan,nan,nan,nan,nan,nan,nan,nan,nan,nan,0.0000,0.0000
0.800,0,0,0,0.0056,0.0106,1.0000,-0.0028,0.0007,0.0029,0,0,nan,nan,nan,nan,nan,nan,nan,nan,nan,nan,nan,nan,0.0000,0.0000
0.900,0,0,0,0.0041,0.0088,1.0000,-0.0072,-0.0060,0.0094,0,0,nan,nan,nan,nan,nan,nan,nan,nan,nan,nan,nan,nan,0.0000,0.0000
1.000,0,0,0,0.0036,0.0080,1.0000,-0.0064,-0.0066,0.0092,0,0,nan,nan,nan,nan,nan,nan,nan,nan,nan,nan,nan,nan,0.0000,0.0000
1.100,0,0,0,0.0031,0.0073,1.0000,-0.0058,-0.0068,0.0089,0,0,nan,nan,nan,nan,nan,nan,nan,nan,nan,nan,nan,nan,0.0000,0.0000
1.200,0,10,0,0.0028,0.0069,1.0000,-0.0061,-0.0071,0.0094,0,0,3.00,-4.0385,27.6464,27.9333,9.5399,2.0645,6.0140,1.7160,0.7160,2.5000,nan,nan,0.0000,0.0000
1.300,0,10,0,0.0020,0.0065,1.0000,-0.0065,-0.0061,0.0089,0,0,3.00,-4.0385,27.6464,27.9336,9.5404,2.0645,6.0144,1.7160,0.7160,2.5000,220.00,220.00,0.0000,0.0000
1.400,0,10,0,0.0043,0.0117,1.0000,0.0051,0.0165,0.0173,0,0,3.00,-4.0385,27.6464,27.9324,9.5399,2.0645,6.0062,1.7160,0.7160,2.5000,428.97,326.21,0.0000,0.0000
1.500,0,10,0,0.0159,0.0307,0.9997,0.0465,0.0811,0.0935,0,0,3.00,-4.0385,27.6464,27.9218,9.5285,2.0645,6.0727,1.7163,0.7163,2.5000,503.70,361.22,0.0000,0.0000
1.600,0,10,0,0.0395,0.0687,0.9984,0.1163,0.1918,0.2243,0,0,3.00,-4.0385,27.6464,27.9117,9.5170,2.0645,6.1403,1.7166,0.7172,2.5000,529.23,316.24,0.0000,0.0000
1.700,0,10,0,0.0563,0.0966,0.9961,0.1577,0.2608,0.3048,0,0,3.00,-4.0385,27.6464,27.8775,9.4783,2.0645,6.3365,1.7176,0.7199,2.5000,637.06,396.62,0.0000,0.0000
1.800,0,10,0,0.0976,0.1679,0.9915,0.2504,0.4249,0.4931,0,0,3.00,-4.0385,27.6464,27.8239,9.4191,2.0645,6.5941,1.7192,0.7248,2.5000,628.31,531.38,0.0000,0.0000
1.900,0,10,0,0.1532,0.2642,0.9852,0.3612,0.6201,0.7176,0,0,3.00,-4.0385,27.6464,27.7487,9.3375,2.0645,6.9054,1.7213,0.7325,2.5000,803.77,547.82,0.0000,0.0000
2.000,0,10,0,0.2259,0.3869,0.9771,0.4941,0.8401,0.9746,0,0,3.00,-4.0385,27.6464,27.6508,9.2299,2.0645,7.2675,1.7242,0.7429,2.5000,895.49,661.13,0.0000,0.0000
2.100,0,10,0,0.3165,0.5370,0.9683,0.6432,1.0794,1.2566,0,0,3.00,-4.0385,27.6464,27.5289,9.0937,2.0645,7.6756,1.7279,0.7544,2.5000,892.24,677.28,0.0000,0.0000
2.200,0,10,0,0.3666,0.6192,0.9577,0.7231,1.2059,1.4061,0,0,3.00,-4.0385,27.6464,27.3838,8.9294,2.0645,8.1091,1.7324,0.7697,2.5000,938.04,717.42,0.0000,0.0000
2.300,0,10,0,0.4803,0.8047,0.9498,0.8747,1.4431,1.6875,0,0,3.00,-4.0385,27.6464,27.3012,8.8351,2.0645,8.3167,1.7350,0.7825,2.5000,874.67,805.57,0.0000,0.0000
2.400,0,10,0,0.5439,0.9075,0.9386,0.9442,1.5501,1.8151,0,0,3.00,-4.0385,27.6464,27.2194,8.7413,2.0645,8.5313,1.7376,0.7934,2.5000,851.83,864.44,0.0000,0.0000
2.500,0,10,0,0.6764,1.1187,0.9264,1.0816,1.7525,2.0594,0,0,3.00,-4.0385,27.6464,27.0401,8.5336,2.0645,8.9197,1.7434,0.8104,2.5000,914.66,897.52,0.0000,0.0000
2.600,0,10,0,0.8207,1.3435,0.9151,1.2122,1.9314,2.2803,0,0,3.00,-4.0385,27.6464,26.8498,8.3087,2.0645,9.2674,1.7499,0.8286,2.5000,968.33,896.32,0.0000,0.0000
2.700,0,10,0,0.9760,1.5803,0.9045,1.3352,2.0884,2.4787,0,0,3.00,-4.0385,27.6464,26.6500,8.0672,2.0645,9.5831,1.7570,0.8478,2.5000,999.93,962.27,0.0000,0.0000
2.800,0,10,0,1.0548,1.6989,0.8942,1.3964,2.1649,2.5762,0,0,3.00,-4.0385,27.6464,26.4427,7.8117,2.0645,9.8643,1.7646,0.8658,2.5000,949.16,999.73,0.0000,0.0000
2.900,0,10,0,1.2238,1.9501,0.8834,1.5043,2.2924,2.7419,0,0,3.00,-4.0385,27.6464,26.2296,7.5438,2.0645,10.1128,1.7728,0.8852,2.5000,990.31,999.48,0.0000,0.0000
3.000,0,10,0,1.3998,2.2073,0.8749,1.5982,2.3951,2.8794,0,0,3.00,-4.0385,27.6464,26.1188,7.4022,2.0645,10.2101,1.7772,0.8977,2.5000,911.01,997.96,0.0000,0.0000
3.100,0,10,0,1.5812,2.4688,0.8674,1.6776,2.4761,2.9909,0,0,3.00,-4.0385,27.6464,25.9023,7.1216,2.0645,10.3968,1.7860,0.9154,2.5000,866.36,983.85,0.0000,0.0000
3.200,0,10,0,1.7665,2.7313,0.8606,1.7419,2.5313,3.0728,0,0,3.00,-4.0385,27.6464,25.6862,6.8355,2.0645,10.5424,1.7952,0.9314,2.5000,848.40,996.84,0.0000,0.0000
3.300,0,10,0,1.9545,2.9927,0.8566,1.7931,2.5624,3.1274,0,0,3.00,-4.0385,27.6464,25.4733,6.5469,2.0645,10.6432,1.8046,0.9462,2.5000,928.99,996.54,0.0000,0.0000
3.400,0,10,0,2.1449,3.2530,0.8535,1.8344,2.5786,3.1645,0,0,3.00,-4.0385,27.6464,25.2648,6.2567,2.0645,10.7099,1.8143,0.9595,2.5000,760.63,996.35,0.0000,0.0000
3.500,0,10,0,2.2434,3.3864,0.8524,1.8466,2.5758,3.1694,0,0,3.00,-4.0385,27.6464,25.1648,6.1152,2.0645,10.7468,1.8191,0.9660,2.5000,651.63,996.35,0.0000,0.0000
3.600,0,10,0,2.4345,3.6415,0.8529,1.8691,2.5658,3.1744,0,0,3.00,-4.0385,27.6464,24.9631,5.8245,2.0645,10.7736,1.8290,0.9767,2.5000,678.52,997.59,0.0000,0.0000
3.700,0,10,0,2.5270,3.7632,0.8558,1.8806,2.5596,3.1762,0,0,3.00,-4.0385,27.6464,24.7692,5.5370,2.0645,10.7644,1.8391,0.9847,2.5000,686.62,996.37,0.0000,0.0000
3.800,0,10,0,2.7176,4.0102,0.8603,1.8910,2.5283,3.1572,0,0,3.00,-4.0385,27.6464,24.6724,5.3901,2.0645,10.7405,1.8443,0.9855,2.5000,688.89,993.04,0.0000,0.0000
3.900,0,10,0,2.9089,4.2532,0.8696,1.9000,2.4937,3.1351,0,0,3.00,-4.0385,27.6464,24.4895,5.1060,2.0645,10.7084,1.8545,0.9899,2.5000,660.45,995.10,0.0000,0.0000
4.000,0,10,0,3.0077,4.3770,0.8793,1.9001,2.4713,3.1174,0,0,3.00,-4.0385,27.6464,24.4030,4.9685,2.0645,10.7027,1.8595,0.9865,2.5000,597.74,992.99,0.0000,0.0000
4.100,0,10,0,3.2000,4.6150,0.8910,1.9079,2.4376,3.0954,0,0,3.00,-4.0385,27.6464,24.2292,4.6857,2.0645,10.6706,1.8699,0.9864,2.5000,630.18,995.24,0.0000,0.0000
4.200,0,10,0,3.2934,4.7293,0.9047,1.9151,2.4260,3.0908,0,0,3.00,-4.0385,27.6464,24.0614,4.4043,2.0645,10.6363,1.8804,0.9828,2.5000,571.97,993.12,0.0000,0.0000
4.300,0,10,0,3.4857,4.9626,0.9184,1.9193,2.3935,3.0680,0,0,3.00,-4.0385,27.6464,23.9772,4.2600,2.0645,10.6085,1.8859,0.9735,2.5000,565.80,993.41,0.0000,0.0000
4.400,0,10,0,3.6781,5.1929,0.9381,1.9220,2.3619,3.0451,0,0,3.00,-4.0385,27.6464,23.8178,3.9808,2.0645,10.5741,1.8966,0.9676,2.5000,534.28,996.22,0.0000,0.0000
4.500,0,10,0,3.7772,5.3103,0.9576,1.9186,2.3412,3.0270,0,0,3.00,-4.0385,27.6464,23.7425,3.8458,2.0645,10.5677,1.9018,0.9542,2.5000,465.53,996.03,0.0000,0.0000
4.600,0,10,0,3.9697,5.5363,0.9818,1.9204,2.3111,3.0049,0,0,3.00,-4.0385,27.6464,23.5913,3.5685,2.0645,10.5343,1.9127,0.9447,2.5000,473.00,998.18,0.0000,0.0000
4.700,0,10,0,4.1620,5.7596,1.0054,1.9210,2.2821,2.9830,0,0,3.00,-4.0385,27.6464,23.4457,3.2927,2.0645,10.5008,1.9236,0.9332,2.5000,477.62,994.62,0.0000,0.0000
4.800,0,10,0,4.2552,5.8673,1.0308,1.9252,2.2745,2.9799,0,0,3.00,-4.0385,27.6464,23.3727,3.1512,2.0645,10.4744,1.9293,0.9114,2.5000,487.25,984.47,0.0000,0.0000
4.900,0,10,0,4.4469,6.0885,1.0614,1.9230,2.2531,2.9622,0,0,3.00,-4.0385,27.6464,23.2338,2.8771,2.0645,10.4458,1.9404,0.8928,2.5000,465.67,996.49,0.0000,0.0000
5.000,0,10,0,4.6377,6.3092,1.0938,1.9188,2.2378,2.9478,0,0,3.00,-4.0385,27.6464,23.0984,2.6040,2.0645,10.4217,1.9515,0.8723,2.5000,446.09,992.89,0.0000,0.0000
5.100,0,10,0,4.8278,6.5301,1.1278,1.9132,2.2288,2.9373,0,0,3.00,-4.0385,27.6464,22.9657,2.3317,2.0645,10.4029,1.9628,0.8503,2.5000,443.09,994.60,0.0000,0.0000
5.200,0,10,0,4.9252,6.6442,1.1635,1.9054,2.2218,2.9270,0,0,3.00,-4.0385,27.6464,22.9022,2.1997,2.0645,10.4059,1.9683,0.8249,2.5000,394.68,986.17,0.0000,0.0000
5.300,0,10,0,5.1136,6.8667,1.1966,1.8970,2.2227,2.9221,0,0,3.00,-4.0385,27.6464,22.7722,1.9281,2.0645,10.3966,1.9798,0.7998,2.5000,374.90,956.94,0.0000,0.0000
5.400,0,10,0,5.3000,7.0907,1.2399,1.8842,2.2281,2.9180,0,0,3.00,-4.0385,27.6464,22.6435,1.6572,2.0645,10.3905,1.9913,0.7733,2.5000,334.16,928.28,0.0000,0.0000
5.500,0,10,0,5.4831,7.3156,1.2757,1.8644,2.2352,2.9107,0,0,3.00,-4.0385,27.6464,22.5155,1.3879,2.0645,10.3826,2.0028,0.7452,2.5000,345.36,952.27,0.0000,0.0000
5.600,0,10,0,5.6622,7.5419,1.3218,1.8372,2.2446,2.9006,0,0,3.00,-4.0385,27.6464,22.3882,1.1215,2.0645,10.3687,2.0144,0.7159,2.5000,309.27,948.61,0.0000,0.0000
5.700,0,10,0,5.7475,7.6523,1.3644,1.8255,2.2559,2.9019,0,0,3.00,-4.0385,27.6464,22.3225,0.9855,2.0645,10.3509,2.0204,0.6797,2.5000,335.13,951.88,0.0000,0.0000
5.800,0,10,0,5.9201,7.8818,1.4083,1.7900,2.2714,2.8920,0,0,3.00,-4.0385,27.6464,22.1944,0.7234,2.0645,10.3350,2.0319,0.6482,2.5000,357.53,958.04,0.0000,0.0000
5.900,0,10,0,6.0876,8.1154,1.4531,1.7489,2.2968,2.8869,0,0,3.00,-4.0385,27.6464,22.0644,0.4641,2.0645,10.3229,2.0435,0.6104,2.5000,351.56,965.74,0.0000,0.0000
6.000,0,10,0,6.2494,8.3548,1.4988,1.7016,2.3340,2.8885,0,0,3.00,-4.0385,27.6464,21.9303,0.2070,2.0645,10.3203,2.0551,0.5767,2.5000,359.62,948.00,0.0000,0.0000
6.100,0,10,0,6.4045,8.6008,1.5452,1.6475,2.3819,2.8961,0,0,3.00,-4.0385,27.6464,21.7907,-0.0475,2.0645,10.3273,2.0667,0.5423,2.5000,355.08,934.75,0.0000,0.0000
6.200,0,10,0,6.5519,8.8538,1.5974,1.5846,2.4374,2.9072,0,0,3.00,-4.0385,27.6464,21.6446,-0.2991,2.0645,10.3420,2.0783,0.5070,2.5000,417.04,926.15,0.0000,0.0000
6.300,0,10,0,6.6903,9.1137,1.6500,1.5118,2.4979,2.9198,0,0,3.00,-4.0385,27.6464,21.5712,-0.4197,2.0645,10.3608,2.0840,0.4656,2.5000,402.45,944.11,0.0000,0.0000
6.400,0,10,0,6.7576,9.2504,1.6973,1.4683,2.5242,2.9202,0,0,3.00,-4.0385,27.6464,21.4142,-0.6647,2.0645,10.3797,2.0956,0.4246,2.5000,339.39,902.33,0.0000,0.0000
6.500,0,10,0,6.8803,9.5209,1.7392,1.3804,2.5890,2.9340,0,0,3.00,-4.0385,27.6464,21.2485,-0.9043,2.0645,10.4018,2.1071,0.3941,2.5000,325.12,870.45,0.0000,0.0000
6.600,0,10,0,6.9922,9.7954,1.7863,1.2853,2.6447,2.9405,0,0,3.00,-4.0385,27.6464,21.0754,-1.1370,2.0645,10.4180,2.1185,0.3532,2.5000,359.84,908.12,0.0000,0.0000
6.700,0,10,0,7.0929,10.0730,1.8386,1.1841,2.6912,2.9401,0,0,3.00,-4.0385,27.6464,20.8967,-1.3616,2.0645,10.4212,2.1297,0.3120,2.5000,378.08,934.83,0.0000,0.0000
6.800,0,10,0,7.1814,10.3547,1.8910,1.0754,2.7361,2.9398,0,0,3.00,-4.0385,27.6464,20.7114,-1.5776,2.0645,10.4199,2.1408,0.2759,2.5000,428.98,896.60,0.0000,0.0000
6.900,0,10,0,7.2197,10.4929,1.9326,1.0198,2.7648,2.9469,0,0,3.00,-4.0385,27.6464,20.5180,-1.7845,2.0645,10.4204,2.1516,0.2397,2.5000,426.43,877.68,0.0000,0.0000
7.000,0,10,0,7.2884,10.7806,1.9840,0.8986,2.8074,2.9477,0,0,3.00,-4.0385,27.6464,20.4152,-1.8871,2.0645,10.4108,2.1571,0.1986,2.5000,443.75,914.73,0.0000,0.0000
7.100,0,10,0,7.3429,11.0722,2.0297,0.7699,2.8488,2.9510,0,0,3.00,-4.0385,27.6464,20.2091,-2.0786,2.0645,10.4128,2.1676,0.1580,2.5000,477.94,933.07,0.0000,0.0000
7.200,0,10,0,7.3821,11.3686,2.0698,0.6319,2.8923,2.9605,0,0,3.00,-4.0385,27.6464,19.9933,-2.2591,2.0645,10.4219,2.1778,0.1230,2.5000,493.71,917.82,0.0000,0.0000
7.300,0,10,0,7.4053,11.6693,2.1142,0.4857,2.9360,2.9759,0,0,3.00,-4.0385,27.6464,19.7665,-2.4280,2.0645,10.4411,2.1877,0.0980,2.5000,485.73,892.82,0.0000,0.0000
7.400,0,10,0,7.4109,11.8253,2.1531,0.4102,2.9489,2.9773,0,0,3.00,-4.0385,27.6464,19.6527,-2.5055,2.0645,10.4638,2.1924,0.0634,2.5000,455.16,879.86,0.0000,0.0000
7.500,0,10,0,7.4102,12.1291,2.1867,0.2591,2.9801,2.9913,0,0,3.00,-4.0385,27.6464,19.4111,-2.6556,2.0645,10.4878,2.2018,0.0390,2.5000,493.92,859.54,0.0000,0.0000
7.600,0,10,0,7.4045,12.2766,2.2245,0.1832,2.9985,3.0041,0,0,3.00,-4.0385,27.6464,19.1617,-2.7925,2.0645,10.5061,2.2108,0.0005,2.5000,485.47,851.80,0.0000,0.0000
7.700,0,10,0,7.3814,12.5797,2.2616,0.0320,3.0118,3.0119,0,0,3.00,-4.0385,27.6464,19.0306,-2.8577,2.0645,10.5024,2.2153,-0.0278,2.5000,518.06,820.30,0.0000,0.0000
7.800,0,10,0,7.3439,12.8805,2.3023,-0.1164,3.0117,3.0139,0,0,3.00,-4.0385,27.6464,18.7714,-2.9739,2.0645,10.5101,2.2236,-0.0607,2.5000,586.68,855.82,0.0000,0.0000
7.900,0,10,0,7.3191,13.0341,2.3376,-0.1885,3.0001,3.0060,0,0,3.00,-4.0385,27.6464,18.6438,-3.0254,2.0645,10.5209,2.2275,-0.0882,2.5000,547.11,844.67,0.0000,0.0000
8.000,0,10,0,7.2597,13.3304,2.3720,-0.3355,2.9859,3.0047,0,0,3.00,-4.0385,27.6464,18.3769,-3.1209,2.0645,10.5184,2.2352,-0.1155,2.5000,590.01,870.28,0.0000,0.0000
8.100,0,10,0,7.2257,13.4731,2.4054,-0.4101,2.9834,3.0114,0,0,3.00,-4.0385,27.6464,18.1042,-3.2021,2.0645,10.5171,2.2423,-0.1464,2.5000,574.65,860.09,0.0000,0.0000
8.200,0,10,0,7.1443,13.7651,2.4379,-0.5577,2.9617,3.0137,0,0,3.00,-4.0385,27.6464,17.9614,-3.2383,2.0645,10.5077,2.2458,-0.1801,2.5000,575.66,790.53,0.0000,0.0000
8.300,0,10,0,7.0489,14.0532,2.4696,-0.7027,2.9335,3.0165,0,0,3.00,-4.0385,27.6464,17.6798,-3.2976,2.0645,10.5126,2.2521,-0.2058,2.5000,577.28,769.92,0.0000,0.0000
8.400,0,10,0,6.9946,14.1994,2.5041,-0.7710,2.9094,3.0098,0,0,3.00,-4.0385,27.6464,17.3940,-3.3429,2.0645,10.5147,2.2579,-0.2311,2.5000,611.86,766.28,0.0000,0.0000
8.500,0,10,0,6.8797,14.4790,2.5370,-0.9077,2.8673,3.0075,0,0,3.00,-4.0385,27.6464,17.2542,-3.3599,2.0645,10.5241,2.2605,-0.2584,2.5000,650.90,777.42,0.0000,0.0000
8.600,0,10,0,6.7517,14.7526,2.5649,-1.0423,2.8191,3.0056,0,0,3.00,-4.0385,27.6464,16.9638,-3.3842,2.0645,10.5201,2.2654,-0.2857,2.5000,694.66,773.49,0.0000,0.0000
8.700,0,10,0,6.6107,15.0200,2.5977,-1.1749,2.7656,3.0048,0,0,3.00,-4.0385,27.6464,16.6700,-3.3942,2.0645,10.5181,2.2696,-0.3121,2.5000,680.87,824.53,0.0000,0.0000
8.800,0,10,0,6.5379,15.1475,2.6225,-1.2433,2.7436,3.0122,0,0,3.00,-4.0385,27.6464,16.3732,-3.3900,2.0645,10.5182,2.2731,-0.3372,2.5000,665.91,775.50,0.0000,0.0000
8.900,0,10,0,6.3792,15.4055,2.6491,-1.3695,2.6853,3.0144,0,0,3.00,-4.0385,27.6464,16.2194,-3.3826,2.0645,10.5093,2.2746,-0.3628,2.5000,680.78,727.62,0.0000,0.0000
9.000,0,10,0,6.2104,15.6565,2.6742,-1.4865,2.6228,3.0147,0,0,3.00,-4.0385,27.6464,15.9192,-3.3587,2.0645,10.5118,2.2771,-0.3861,2.5000,728.64,721.32,0.0000,0.0000
9.100,0,10,0,6.0322,15.9000,2.6979,-1.5949,2.5555,3.0124,0,0,3.00,-4.0385,27.6464,15.6184,-3.3230,2.0645,10.5102,2.2789,-0.4087,2.5000,742.61,703.47,0.0000,0.0000
9.200,0,10,0,5.8455,16.1354,2.7198,-1.6951,2.4831,3.0066,0,0,3.00,-4.0385,27.6464,15.3177,-3.2755,2.0645,10.5048,2.2800,-0.4303,2.5000,741.98,646.81,0.0000,0.0000
9.300,0,10,0,5.6511,16.3621,2.7415,-1.7866,2.4055,2.9964,0,0,3.00,-4.0385,27.6464,15.0182,-3.2169,2.0645,10.4929,2.2804,-0.4506,2.5000,729.53,642.05,0.0000,0.0000
9.400,0,10,0,5.4509,16.5799,2.7605,-1.8660,2.3235,2.9800,0,0,3.00,-4.0385,27.6464,14.7209,-3.1482,2.0645,10.4732,2.2800,-0.4694,2.5000,717.46,616.55,0.0000,0.0000
9.500,0,10,0,5.3459,16.6885,2.7737,-1.8966,2.2766,2.9632,0,0,3.00,-4.0385,27.6464,14.5779,-3.1117,2.0645,10.4700,2.2796,-0.4877,2.5000,735.50,587.32,0.0000,0.0000
9.600,0,10,0,5.1390,16.8929,2.7867,-1.9586,2.1918,2.9394,0,0,3.00,-4.0385,27.6464,14.2859,-3.0302,2.0645,10.4380,2.2783,-0.5015,2.5000,742.69,596.02,0.0000,0.0000
9.700,0,10,0,4.9282,17.0887,2.7973,-2.0120,2.1065,2.9130,0,0,3.00,-4.0385,27.6464,13.9981,-2.9412,2.0645,10.3998,2.2762,-0.5155,2.5000,731.24,554.41,0.0000,0.0000
9.800,0,10,0,4.8250,17.1807,2.8049,-2.0397,2.0682,2.9048,0,0,3.00,-4.0385,27.6464,13.7147,-2.8452,2.0645,10.3572,2.2735,-0.5279,2.5000,728.60,541.00,0.0000,0.0000
9.900,0,10,0,4.6108,17.3638,2.8120,-2.0778,1.9828,2.8720,0,0,3.00,-4.0385,27.6464,13.5709,-2.7934,2.0645,10.3234,2.2718,-0.5370,2.5000,737.25,549.48,0.0000,0.0000
10.000,0,10,0,4.3945,17.5389,2.8162,-2.1098,1.8995,2.8389,0,0,3.00,-4.0385,27.6464,13.2955,-2.6888,2.0645,10.2731,2.2682,-0.5460,2.5000,720.55,468.85,0.0000,0.0000
10.100,0,10,0,4.1765,17.7065,2.8182,-2.1366,1.8189,2.8060,0,0,3.00,-4.0385,27.6464,13.0247,-2.5785,2.0645,10.2247,2.2638,-0.5538,2.5000,716.35,456.52,0.0000,0.0000
10.200,0,10,0,3.9581,17.8664,2.8177,-2.1548,1.7398,2.7695,0,0,3.00,-4.0385,27.6464,12.7595,-2.4638,2.0645,10.1726,2.2588,-0.5595,2.5000,685.19,446.28,0.0000,0.0000
10.300,0,10,0,3.7400,18.0191,2.8147,-2.1656,1.6631,2.7305,0,0,3.00,-4.0385,27.6464,12.5004,-2.3456,2.0645,10.1162,2.2533,-0.5630,2.5000,730.58,460.00,0.0000,0.0000
10.400,0,10,0,3.6280,18.0950,2.8110,-2.1633,1.6224,2.7041,0,0,3.00,-4.0385,27.6464,12.2476,-2.2245,2.0645,10.0562,2.2472,-0.5656,2.5000,757.55,437.50,0.0000,0.0000
10.500,0,10,0,3.4104,18.2377,2.8041,-2.1673,1.5510,2.6651,0,0,3.00,-4.0385,27.6464,12.1269,-2.1647,2.0645,10.0356,2.2440,-0.5634,2.5000,773.38,428.14,0.0000,0.0000
10.600,0,10,0,3.1925,18.3743,2.7948,-2.1709,1.4837,2.6295,0,0,3.00,-4.0385,27.6464,11.8824,-2.0392,2.0645,9.9789,2.2370,-0.5622,2.5000,755.52,440.21,0.0000,0.0000
10.700,0,10,0,2.9738,18.5056,2.7816,-2.1761,1.4219,2.5994,0,0,3.00,-4.0385,27.6464,11.6425,-1.9105,2.0645,9.9294,2.2294,-0.5578,2.5000,737.76,380.32,0.0000,0.0000
10.800,0,10,0,2.7547,18.6325,2.7675,-2.1809,1.3659,2.5734,0,0,3.00,-4.0385,27.6464,11.4068,-1.7789,2.0645,9.8879,2.2211,-0.5545,2.5000,752.54,376.10,0.0000,0.0000
10.900,0,10,0,2.6483,18.6924,2.7513,-2.1880,1.3426,2.5671,0,0,3.00,-4.0385,27.6464,11.1753,-1.6449,2.0645,9.8506,2.2123,-0.5465,2.5000,733.20,356.71,0.0000,0.0000
11.000,0,10,0,2.4292,18.8129,2.7351,-2.1904,1.2932,2.5436,0,0,3.00,-4.0385,27.6464,11.0578,-1.5752,2.0645,9.8243,2.2075,-0.5359,2.5000,753.20,324.73,0.0000,0.0000
11.100,0,10,0,2.2107,18.9295,2.7173,-2.1894,1.2476,2.5199,0,0,3.00,-4.0385,27.6464,10.8329,-1.4386,2.0645,9.7891,2.1977,-0.5264,2.5000,712.99,354.07,0.0000,0.0000
11.200,0,10,0,1.9933,19.0427,2.6929,-2.1849,1.2059,2.4956,0,0,3.00,-4.0385,27.6464,10.7255,-1.3720,2.0645,9.7799,2.1928,-0.5150,2.5000,717.22,345.52,0.0000,0.0000
11.300,0,10,0,1.8820,19.0997,2.6747,-2.1760,1.1843,2.4774,0,0,3.00,-4.0385,27.6464,10.5075,-1.2341,2.0645,9.7434,2.1822,-0.5055,2.5000,747.77,312.39,0.0000,0.0000
11.400,0,10,0,1.6669,19.2087,2.6529,-2.1665,1.1497,2.4527,0,0,3.00,-4.0385,27.6464,10.2939,-1.0963,2.0645,9.7058,2.1712,-0.4954,2.5000,766.17,301.47,0.0000,0.0000
11.500,0,10,0,1.5628,19.2607,2.6300,-2.1668,1.1365,2.4467,0,0,3.00,-4.0385,27.6464,10.0844,-0.9584,2.0645,9.6701,2.1597,-0.4791,2.5000,718.97,334.29,0.0000,0.0000
11.600,0,10,0,1.3491,19.3664,2.6091,-2.1574,1.1083,2.4254,0,0,3.00,-4.0385,27.6464,9.9780,-0.8873,2.0645,9.6452,2.1536,-0.4646,2.4945,694.67,322.11,0.0000,0.0000
11.700,0,10,0,1.1360,19.4709,2.5782,-2.1488,1.0858,2.4076,0,0,3.00,-4.0385,27.6464,9.7736,-0.7491,2.0645,9.6160,2.1412,-0.4494,2.4434,724.68,328.69,0.0000,0.0000
11.800,0,10,0,1.0265,19.5243,2.5528,-2.1402,1.0743,2.3947,0,0,3.00,-4.0385,27.6464,9.6755,-0.6821,2.0645,9.6113,2.1351,-0.4336,2.4189,689.92,314.85,0.0000,0.0000
11.900,0,10,0,0.8136,19.6283,2.5268,-2.1356,1.0614,2.3848,0,0,3.00,-4.0385,27.6464,9.4747,-0.5440,2.0645,9.5921,2.1220,-0.4211,2.3687,705.22,321.35,0.0000,0.0000
12.000,0,10,0,0.7103,19.6788,2.5037,-2.1388,1.0596,2.3869,0,0,3.00,-4.0385,27.6464,9.2754,-0.4058,2.0645,9.5804,2.1083,-0.4054,2.3189,687.04,328.96,0.0000,0.0000
12.100,0,10,0,0.4979,19.7831,2.4737,-2.1348,1.0544,2.3810,0,0,3.00,-4.0385,27.6464,9.1735,-0.3348,2.0645,9.5677,2.1010,-0.3827,2.2934,664.41,310.71,0.0000,0.0000
12.200,0,10,0,0.2862,19.8881,2.4467,-2.1292,1.0534,2.3756,0,0,3.00,-4.0385,27.6464,8.9770,-0.1977,2.0645,9.5592,2.0865,-0.3736,2.2442,656.53,304.03,0.0000,0.0000
12.300,0,10,0,0.0760,19.9938,2.4127,-2.1206,1.0554,2.3687,0,0,3.00,-4.0385,27.6464,8.7822,-0.0618,2.0645,9.5504,2.0716,-0.3581,2.1956,627.65,292.01,0.0000,0.0000
12.400,0,10,0,-0.0315,20.0484,2.3821,-2.1097,1.0544,2.3586,0,0,3.00,-4.0385,27.6464,8.6886,0.0035,2.0645,9.5531,2.0641,-0.3350,2.1721,648.26,279.87,0.0000,0.0000
12.500,0,10,0,-0.2384,20.1550,2.3514,-2.0945,1.0584,2.3468,0,0,3.00,-4.0385,27.6464,8.4974,0.1364,2.0645,9.5375,2.0485,-0.3200,2.1244,605.91,269.41,0.0000,0.0000
12.600,0,10,0,-0.4433,20.2627,2.3240,-2.0773,1.0647,2.3343,0,0,3.00,-4.0385,27.6464,8.3088,0.2670,2.0645,9.5189,2.0324,-0.3087,2.0772,598.83,291.03,0.0000,0.0000
12.700,0,10,0,-0.5418,20.3153,2.2965,-2.0724,1.0712,2.3329,0,0,3.00,-4.0385,27.6464,8.1223,0.3951,2.0645,9.4993,2.0159,-0.2944,2.0306,608.48,287.61,0.0000,0.0000
12.800,0,10,0,-0.7430,20.4253,2.2657,-2.0516,1.0824,2.3196,0,0,3.00,-4.0385,27.6464,7.9375,0.5202,2.0645,9.4794,1.9989,-0.2771,1.9844,598.67,264.77,0.0000,0.0000
12.900,0,10,0,-0.9421,20.5377,2.2352,-2.0303,1.0984,2.3084,0,0,3.00,-4.0385,27.6464,7.8428,0.5834,2.0645,9.4628,1.9901,-0.2587,1.9607,574.01,270.14,0.0000,0.0000
13.000,0,10,0,-1.1385,20.6527,2.2047,-2.0074,1.1179,2.2977,0,0,3.00,-4.0385,27.6464,7.6596,0.7036,2.0645,9.4467,1.9725,-0.2457,1.9149,590.53,267.56,0.0000,0.0000
13.100,0,10,0,-1.3323,20.7705,2.1710,-1.9831,1.1407,2.2877,0,0,3.00,-4.0385,27.6464,7.4774,0.8203,2.0645,9.4309,1.9546,-0.2333,1.8693,571.86,253.68,0.0000,0.0000
13.200,0,10,0,-1.5232,20.8913,2.1408,-1.9570,1.1659,2.2780,0,0,3.00,-4.0385,27.6464,7.2959,0.9330,2.0645,9.4165,1.9363,-0.2213,1.8240,567.73,266.86,0.0000,0.0000
13.300,0,10,0,-1.7109,21.0153,2.1074,-1.9288,1.1936,2.2682,0,0,3.00,-4.0385,27.6464,7.1152,1.0417,2.0645,9.4018,1.9176,-0.2064,1.7788,546.31,271.55,0.0000,0.0000
13.400,0,10,0,-1.8062,21.0804,2.0775,-1.9095,1.2053,2.2581,0,0,3.00,-4.0385,27.6464,7.0278,1.0929,2.0645,9.4024,1.9084,-0.1857,1.7569,526.72,258.91,0.0000,0.0000
13.500,0,10,0,-1.9884,21.2092,2.0480,-1.8773,1.2350,2.2471,0,0,3.00,-4.0385,27.6464,6.8480,1.1948,2.0645,9.3871,1.8892,-0.1751,1.7120,517.57,245.72,0.0000,0.0000
13.600,0,10,0,-2.1665,21.3409,2.0188,-1.8420,1.2643,2.2342,0,0,3.00,-4.0385,27.6464,6.6691,1.2918,2.0645,9.3691,1.8696,-0.1654,1.6673,502.23,247.39,0.0000,0.0000
13.700,0,10,0,-2.3403,21.4753,1.9869,-1.8038,1.2930,2.2193,0,0,3.00,-4.0385,27.6464,6.4914,1.3838,2.0645,9.3482,1.8497,-0.1531,1.6229,491.30,244.60,0.0000,0.0000
13.800,0,10,0,-2.5095,21.6124,1.9586,-1.7627,1.3207,2.2026,0,0,3.00,-4.0385,27.6464,6.3150,1.4705,2.0645,9.3243,1.8295,-0.1448,1.5788,467.84,227.73,0.0000,0.0000
13.900,0,10,0,-2.6738,21.7519,1.9277,-1.7190,1.3472,2.1840,0,0,3.00,-4.0385,27.6464,6.1399,1.5519,2.0645,9.2979,1.8090,-0.1341,1.5350,466.34,220.02,0.0000,0.0000
14.000,0,10,0,-2.7518,21.8203,1.9034,-1.7000,1.3630,2.1789,0,0,3.00,-4.0385,27.6464,5.9664,1.6279,2.0645,9.2684,1.7882,-0.1274,1.4916,460.89,216.45,0.0000,0.0000
14.100,0,10,0,-2.9087,21.9630,1.8734,-1.6533,1.3870,2.1581,0,0,3.00,-4.0385,27.6464,5.7946,1.6985,2.0645,9.2371,1.7670,-0.1183,1.4486,459.36,225.45,0.0000,0.0000
14.200,0,10,0,-3.0607,22.1077,1.8438,-1.6055,1.4099,2.1367,0,0,3.00,-4.0385,27.6464,5.7067,1.7328,2.0645,9.2136,1.7560,-0.1025,1.4267,439.93,236.14,0.0000,0.0000
14.300,0,10,0,-3.2078,22.2549,1.8146,-1.5570,1.4331,2.1161,0,0,3.00,-4.0385,27.6464,5.5371,1.7952,2.0645,9.1822,1.7343,-0.0948,1.3843,428.61,248.24,0.0000,0.0000
14.400,0,10,0,-3.3497,22.4044,1.7888,-1.5074,1.4567,2.0963,0,0,3.00,-4.0385,27.6464,5.3685,1.8521,2.0645,9.1520,1.7123,-0.0908,1.3421,423.88,240.63,0.0000,0.0000
14.500,0,10,0,-3.4863,22.5565,1.7637,-1.4569,1.4812,2.0776,0,0,3.00,-4.0385,27.6464,5.2008,1.9032,2.0645,9.1230,1.6899,-0.0877,1.3002,415.01,207.25,0.0000,0.0000
14.600,0,10,0,-3.6178,22.7109,1.7392,-1.4056,1.5047,2.0590,0,0,3.00,-4.0385,27.6464,5.0339,1.9485,2.0645,9.0955,1.6671,-0.0857,1.2585,394.78,211.86,0.0000,0.0000
14.700,0,10,0,-3.7440,22.8669,1.7151,-1.3539,1.5259,2.0399,0,0,3.00,-4.0385,27.6464,4.8683,1.9883,2.0645,9.0673,1.6438,-0.0820,1.2171,386.47,211.47,0.0000,0.0000
14.800,0,10,0,-3.8068,22.9478,1.6941,-1.3249,1.5318,2.0253,0,0,3.00,-4.0385,27.6464,4.7885,2.0056,2.0645,9.0599,1.6324,-0.0748,1.1971,389.00,197.88,0.0000,0.0000
14.900,0,10,0,-3.9250,23.1057,1.6735,-1.2725,1.5483,2.0041,0,0,3.00,-4.0385,27.6464,4.6253,2.0375,2.0645,9.0292,1.6084,-0.0779,1.1563,346.45,198.39,0.0000,0.0000
15.000,0,10,0,-3.9804,23.1826,1.6557,-1.2489,1.5592,1.9977,0,0,3.00,-4.0385,27.6464,4.4641,2.0642,2.0645,8.9966,1.5838,-0.0795,1.1250,362.86,191.79,0.0000,0.0000
15.100,0,10,0,-4.0906,23.3412,1.6357,-1.1959,1.5698,1.9734,0,0,3.00,-4.0385,27.6464,4.3821,2.0760,2.0645,8.9721,1.5710,-0.0722,1.1250,357.96,209.70,0.0000,0.0000
15.200,0,10,0,-4.1955,23.4999,1.6138,-1.1430,1.5768,1.9475,0,0,3.00,-4.0385,27.6464,4.2249,2.0955,2.0645,8.9341,1.5455,-0.0804,1.1250,343.00,195.82,0.0000,0.0000
15.300,0,10,0,-4.2475,23.5816,1.5923,-1.1143,1.5760,1.9301,0,0,3.00,-4.0385,27.6464,4.1495,2.1033,2.0645,8.9213,1.5330,-0.0712,1.1250,336.40,196.01,0.0000,0.0000
15.400,0,10,0,-4.3445,23.7405,1.5736,-1.0619,1.5802,1.9039,0,0,3.00,-4.0385,27.6464,3.9959,2.1158,2.0645,8.8820,1.5065,-0.0787,1.1250,315.28,199.22,0.0000,0.0000
15.500,0,10,0,-4.4364,23.8993,1.5554,-1.0100,1.5823,1.8772,0,0,3.00,-4.0385,27.6464,3.8449,2.1238,2.0645,8.8423,1.4793,-0.0874,1.1250,315.82,194.14,0.0000,0.0000
15.600,0,10,0,-4.4792,23.9763,1.5355,-0.9862,1.5866,1.8681,0,0,3.00,-4.0385,27.6464,3.6965,2.1273,2.0645,8.8022,1.4513,-0.0930,1.1250,323.21,178.90,0.0000,0.0000
15.700,0,10,0,-4.5637,24.1348,1.5203,-0.9351,1.5871,1.8420,0,0,3.00,-4.0385,27.6464,3.6211,2.1275,2.0645,8.7762,1.4365,-0.0903,1.1250,303.28,174.79,0.0000,0.0000
15.800,0,10,0,-4.6434,24.2930,1.5012,-0.8854,1.5860,1.8164,0,0,3.00,-4.0385,27.6464,3.4766,2.1246,2.0645,8.7376,1.4070,-0.1026,1.1250,285.43,186.45,0.0000,0.0000
15.900,0,10,0,-4.6826,24.3742,1.4825,-0.8591,1.5811,1.7994,0,0,3.00,-4.0385,27.6464,3.4075,2.1219,2.0645,8.7245,1.3923,-0.1005,1.1250,279.86,189.81,0.0000,0.0000
16.000,0,10,0,-4.7551,24.5315,1.4664,-0.8102,1.5777,1.7736,0,0,3.00,-4.0385,27.6464,3.2673,2.1132,2.0645,8.6859,1.3612,-0.1152,1.1250,288.36,182.58,0.0000,0.0000
16.100,0,10,0,-4.8228,24.6881,1.4489,-0.7619,1.5733,1.7481,0,0,3.00,-4.0385,27.6464,3.1300,2.1005,2.0645,8.6471,1.3288,-0.1297,1.1250,275.20,172.93,0.0000,0.0000
16.200,0,10,0,-4.8541,24.7640,1.4339,-0.7397,1.5746,1.7397,0,0,3.00,-4.0385,27.6464,2.9955,2.0841,2.0645,8.6095,1.2951,-0.1463,0.0000,0.00,0.00,0.0000,0.0000
16.300,0,10,0,-4.9151,24.9184,1.4175,-0.6927,1.5636,1.7102,0,0,3.00,-4.0385,27.6464,2.9275,2.0743,2.0645,8.5854,1.2771,-0.1476,0.0000,0.00,0.00,0.0000,0.0000
16.400,0,10,0,-4.9727,25.0626,1.4023,-0.6506,1.5191,1.6526,0,0,3.00,-4.0385,27.6464,2.8029,2.0552,2.0645,8.5215,1.2415,-0.1675,0.0000,0.00,0.00,0.0000,0.0000
16.500,0,10,0,-5.0279,25.1950,1.3884,-0.6155,1.4479,1.5733,0,0,3.00,-4.0385,27.6464,2.6922,2.0394,2.0645,8.4175,1.2051,-0.1894,0.0000,0.00,0.00,0.0000,0.0000
16.600,0,10,0,-5.0809,25.3153,1.3757,-0.5844,1.3589,1.4792,0,0,3.00,-4.0385,27.6464,2.5955,2.0272,2.0645,8.2869,1.1682,-0.2130,0.0000,0.00,0.00,0.0000,0.0000
16.700,0,10,0,-5.1312,25.4238,1.3629,-0.5552,1.2596,1.3765,0,0,3.00,-4.0385,27.6464,2.5124,2.0185,2.0645,8.1383,1.1315,-0.2377,0.0000,0.00,0.00,0.0000,0.0000
16.800,0,10,0,-5.1562,25.4755,1.3524,-0.5402,1.2064,1.3218,0,0,3.00,-4.0385,27.6464,2.4417,2.0130,2.0645,7.9827,1.0953,-0.2616,0.0000,0.00,0.00,0.0000,0.0000
16.900,0,10,0,-5.2031,25.5692,1.3417,-0.5144,1.1087,1.2223,0,0,3.00,-4.0385,27.6464,2.4112,2.0112,2.0645,7.9102,1.0780,-0.2689,0.0000,0.00,0.00,0.0000,0.0000
17.000,0,10,0,-5.2483,25.6561,1.3330,-0.4915,1.0219,1.1339,0,0,3.00,-4.0385,27.6464,2.3551,2.0090,2.0645,7.7682,1.0427,-0.2941,0.0000,0.00,0.00,0.0000,0.0000
17.100,0,10,0,-5.2914,25.7382,1.3241,-0.4698,0.9489,1.0588,0,0,3.00,-4.0385,27.6464,2.3059,2.0080,2.0645,7.6455,1.0077,-0.3216,0.0000,0.00,0.00,0.0000,0.0000
17.200,0,10,0,-5.3321,25.8163,1.3159,-0.4468,0.8881,0.9942,0,0,3.00,-4.0385,27.6464,2.2620,2.0071,2.0645,7.5413,0.9731,-0.3476,0.0000,0.00,0.00,0.0000,0.0000
17.300,0,10,0,-5.3701,25.8906,1.3091,-0.4225,0.8352,0.9360,0,0,3.00,-4.0385,27.6464,2.2224,2.0056,2.0645,7.4497,0.9391,-0.3737,0.0000,0.00,0.00,0.0000,0.0000
17.400,0,10,0,-5.4060,25.9605,1.3029,-0.3992,0.7860,0.8816,0,0,3.00,-4.0385,27.6464,2.1870,2.0038,2.0645,7.3655,0.9060,-0.4003,0.0000,0.00,0.00,0.0000,0.0000
17.500,0,10,0,-5.4404,26.0259,1.2970,-0.3793,0.7379,0.8296,0,0,3.00,-4.0385,27.6464,2.1565,2.0026,2.0645,7.2857,0.8738,-0.4258,0.0000,0.00,0.00,0.0000,0.0000
17.600,0,10,0,-5.4738,26.0866,1.2911,-0.3628,0.6903,0.7798,0,0,3.00,-4.0385,27.6464,2.1309,2.0025,2.0645,7.2092,0.8426,-0.4514,0.0000,0.00,0.00,0.0000,0.0000
17.700,0,10,0,-5.4896,26.1145,1.2861,-0.3560,0.6684,0.7573,0,0,3.00,-4.0385,27.6464,2.1100,2.0037,2.0645,7.1359,0.8125,-0.4758,0.0000,0.00,0.00,0.0000,0.0000
17.800,0,10,0,-5.5209,26.1691,1.2814,-0.3407,0.6241,0.7110,0,0,3.00,-4.0385,27.6464,2.1008,2.0046,2.0645,7.0983,0.7975,-0.4860,0.0000,0.00,0.00,0.0000,0.0000
17.900,0,10,0,-5.5505,26.2205,1.2762,-0.3245,0.5846,0.6687,0,0,3.00,-4.0385,27.6464,2.0851,2.0064,2.0645,7.0317,0.7693,-0.5092,0.0000,0.00,0.00,0.0000,0.0000
18.000,0,10,0,-5.5785,26.2698,1.2718,-0.3083,0.5514,0.6317,0,0,3.00,-4.0385,27.6464,2.0715,2.0078,2.0645,6.9722,0.7423,-0.5321,0.0000,0.00,0.00,0.0000,0.0000
18.100,0,10,0,-5.6051,26.3172,1.2681,-0.2930,0.5239,0.6003,0,0,3.00,-4.0385,27.6464,2.0596,2.0089,2.0645,6.9212,0.7160,-0.5541,0.0000,0.00,0.00,0.0000,0.0000
18.200,0,10,0,-5.6305,26.3629,1.2642,-0.2789,0.4998,0.5723,0,0,3.00,-4.0385,27.6464,2.0493,2.0097,2.0645,6.8772,0.6906,-0.5759,0.0000,0.00,0.00,0.0000,0.0000
18.300,0,10,0,-5.6546,26.4064,1.2610,-0.2654,0.4764,0.5453,0,0,3.00,-4.0385,27.6464,2.0406,2.0104,2.0645,6.8365,0.6660,-0.5968,0.0000,0.00,0.00,0.0000,0.0000
18.400,1,10,0,-5.6775,26.4474,1.2583,-0.2524,0.4522,0.5179,1,1,3.00,-15.2586,48.4946,24.0614,2.0111,2.0645,6.7958,1.7768,0.5175,4.0000,0.00,0.00,0.0000,0.0000
18.500,1,10,0,-5.6993,26.4873,1.2551,-0.2396,0.4340,0.4958,1,1,3.00,-15.2586,48.4946,24.0390,2.0115,2.0645,6.7768,1.7760,0.5189,4.0000,343.40,302.48,0.0000,0.0000
18.600,1,10,0,-5.7089,26.5118,1.2527,-0.2287,0.4415,0.4972,1,1,3.00,-15.2586,48.4946,23.9937,2.0117,2.0645,6.7436,1.7746,0.5201,4.0000,408.94,446.17,0.0000,0.0000
18.700,1,10,0,-5.7162,26.5391,1.2501,-0.2136,0.4666,0.5132,1,1,3.00,-15.2586,48.4946,23.9395,2.0021,2.0645,6.7697,1.7770,0.5254,4.0000,333.73,491.10,0.0000,0.0000
18.800,1,10,0,-5.7241,26.6110,1.2477,-0.1637,0.5609,0.5843,1,1,3.00,-15.2586,48.4946,23.9059,1.9906,2.0645,6.8104,1.7802,0.5317,4.0000,366.78,706.89,0.0000,0.0000
18.900,1,10,0,-5.7203,26.7078,1.2467,-0.0894,0.7119,0.7175,1,1,3.00,-15.2586,48.4946,23.8281,1.9527,2.0645,6.9605,1.7910,0.5442,4.0000,519.73,885.35,0.0000,0.0000
19.000,1,10,0,-5.7127,26.7701,1.2485,-0.0423,0.8089,0.8101,1,1,3.00,-15.2586,48.4946,23.7832,1.9257,2.0645,7.0762,1.7988,0.5518,4.0000,539.08,963.47,0.0000,0.0000
19.100,1,10,0,-5.6861,26.9167,1.2534,0.0699,1.0476,1.0499,1,1,3.00,-15.2586,48.4946,23.6725,1.8482,2.0645,7.3886,1.8194,0.5695,4.0000,629.97,991.86,0.0000,0.0000
19.200,1,10,0,-5.6443,27.0967,1.2615,0.1957,1.3200,1.3344,1,1,3.00,-15.2586,48.4946,23.5373,1.7408,2.0645,7.7889,1.8446,0.5886,4.0000,410.19,993.47,0.0000,0.0000
19.300,1,10,0,-5.6194,27.1940,1.2727,0.2607,1.4614,1.4845,1,1,3.00,-15.2586,48.4946,23.3801,1.6064,2.0645,8.2267,1.8717,0.6036,4.0000,391.08,981.43,0.0000,0.0000
19.400,1,10,0,-5.5598,27.4085,1.2875,0.3827,1.7108,1.7531,1,1,3.00,-15.2586,48.4946,23.2936,1.5291,2.0645,8.4275,1.8850,0.6035,4.0000,368.23,984.12,0.0000,0.0000
19.500,1,10,0,-5.4924,27.6371,1.3083,0.4889,1.9207,1.9820,1,1,3.00,-15.2586,48.4946,23.1182,1.3673,2.0645,8.8022,1.9104,0.6119,4.0000,366.99,981.42,0.0000,0.0000
19.600,1,10,0,-5.4557,27.7582,1.3333,0.5325,2.0022,2.0718,1,1,3.00,-15.2586,48.4946,23.0307,1.2846,2.0645,8.9729,1.9223,0.6034,4.0000,285.67,995.70,0.0000,0.0000
19.700,1,10,0,-5.3818,27.9979,1.3615,0.6068,2.1441,2.2283,1,1,3.00,-15.2586,48.4946,22.8475,1.1088,2.0645,9.2421,1.9451,0.5997,4.0000,270.57,987.39,0.0000,0.0000
19.800,1,10,0,-5.3051,28.2401,1.3895,0.6643,2.2435,2.3398,1,1,3.00,-15.2586,48.4946,22.6628,0.9281,2.0645,9.4422,1.9665,0.5913,4.0000,290.93,982.84,0.0000,0.0000
19.900,1,10,0,-5.2670,28.3580,1.4200,0.6903,2.2861,2.3881,1,1,3.00,-15.2586,48.4946,22.4792,0.7445,2.0645,9.5821,1.9870,0.5825,4.0000,258.50,991.90,0.0000,0.0000
20.000,1,10,0,-5.1866,28.6026,1.4572,0.7317,2.3454,2.4569,1,1,3.00,-15.2586,48.4946,22.3851,0.6488,2.0645,9.6278,1.9972,0.5569,4.0000,268.78,987.32,0.0000,0.0000
20.100,1,10,0,-5.1043,28.8500,1.4971,0.7653,2.3937,2.5131,1,1,3.00,-15.2586,48.4946,22.2025,0.4605,2.0645,9.7200,2.0172,0.5382,4.0000,203.21,997.26,0.0000,0.0000
20.200,1,10,0,-5.0211,29.1007,1.5348,0.7901,2.4364,2.5613,1,1,3.00,-15.2586,48.4946,22.0193,0.2694,2.0645,9.7979,2.0370,0.5214,4.0000,176.81,985.72,0.0000,0.0000
20.300,1,10,0,-4.9383,29.3545,1.5848,0.8041,2.4744,2.6018,1,1,3.00,-15.2586,48.4946,21.8349,0.0766,2.0645,9.8650,2.0568,0.4973,4.0000,117.75,984.17,0.0000,0.0000
20.400,1,10,0,-4.8960,29.4856,1.6327,0.8059,2.4839,2.6113,1,1,3.00,-15.2586,48.4946,21.7452,-0.0172,2.0645,9.9027,2.0663,0.4605,4.0000,191.08,993.76,0.0000,0.0000
20.500,1,10,0,-4.8153,29.7416,1.6827,0.8057,2.5109,2.6370,1,1,3.00,-15.2586,48.4946,21.5603,-0.2101,2.0645,9.9466,2.0856,0.4254,4.0000,255.76,993.71,0.0000,0.0000
20.600,1,10,0,-4.7378,30.0001,1.7346,0.7943,2.5368,2.6582,1,1,3.00,-15.2586,48.4946,21.3743,-0.4017,2.0645,9.9812,2.1047,0.3992,4.0000,326.84,992.96,0.0000,0.0000
20.700,1,10,0,-4.6650,30.2621,1.7872,0.7697,2.5664,2.6793,1,1,3.00,-15.2586,48.4946,21.1856,-0.5914,2.0645,10.0119,2.1235,0.3656,4.0000,318.82,982.55,0.0000,0.0000
20.800,1,10,0,-4.6320,30.3910,1.8344,0.7533,2.5902,2.6976,1,1,3.00,-15.2586,48.4946,20.9920,-0.7781,2.0645,10.0463,2.1418,0.3310,4.0000,381.16,998.49,0.0000,0.0000
20.900,1,10,0,-4.5700,30.6615,1.8874,0.7046,2.6341,2.7267,1,1,3.00,-15.2586,48.4946,20.8896,-0.8727,2.0645,10.0569,2.1511,0.2872,4.0000,314.57,999.42,0.0000,0.0000
21.000,1,10,0,-4.5179,30.9401,1.9341,0.6375,2.6915,2.7660,1,1,3.00,-15.2586,48.4946,20.6835,-1.0532,2.0645,10.1083,2.1683,0.2518,4.0000,333.66,993.87,0.0000,0.0000
21.100,1,10,0,-4.4762,31.2257,1.9982,0.5568,2.7533,2.8091,1,1,3.00,-15.2586,48.4946,20.4671,-1.2282,2.0645,10.1707,2.1847,0.2215,4.0000,493.32,998.57,0.0000,0.0000
21.200,1,10,0,-4.4477,31.5189,2.0444,0.4569,2.8201,2.8569,1,1,3.00,-15.2586,48.4946,20.2404,-1.3965,2.0645,10.2383,2.2001,0.1787,4.0000,546.42,991.10,0.0000,0.0000
21.300,1,10,0,-4.4346,31.8188,2.1008,0.3377,2.8874,2.9071,1,1,3.00,-15.2586,48.4946,20.0011,-1.5554,2.0645,10.3125,2.2142,0.1413,4.0000,526.01,994.07,0.0000,0.0000
21.400,1,10,0,-4.4373,32.1238,2.1555,0.2041,2.9480,2.9550,1,1,3.00,-15.2586,48.4946,19.8806,-1.6286,2.0645,10.3606,2.2204,0.0975,4.0000,539.54,994.04,0.0000,0.0000
21.500,1,10,0,-4.4450,32.2821,2.1981,0.1340,2.9672,2.9702,1,1,3.00,-15.2586,48.4946,19.6240,-1.7707,2.0645,10.4325,2.2326,0.0557,4.0000,698.83,994.15,0.0000,0.0000
21.600,1,10,0,-4.4724,32.5919,2.2495,-0.0143,3.0138,3.0139,1,1,3.00,-15.2586,48.4946,19.3572,-1.9003,2.0645,10.4985,2.2436,0.0144,4.0000,655.02,993.63,0.0000,0.0000
21.700,1,10,0,-4.5179,32.9047,2.2983,-0.1739,3.0541,3.0591,1,1,3.00,-15.2586,48.4946,19.0791,-2.0160,2.0645,10.5657,2.2531,-0.0260,4.0000,842.42,980.45,0.0000,0.0000
21.800,1,10,0,-4.5817,33.2193,2.3446,-0.3420,3.0865,3.1054,1,1,3.00,-15.2586,48.4946,18.7900,-2.1170,2.0645,10.6339,2.2610,-0.0609,4.0000,841.42,993.77,0.0000,0.0000
21.900,1,10,0,-4.6655,33.5352,2.3794,-0.5217,3.1117,3.1551,1,1,3.00,-15.2586,48.4946,18.4896,-2.2019,2.0645,10.7058,2.2674,-0.0993,4.0000,851.65,993.72,0.0000,0.0000
22.000,1,10,0,-4.7134,33.6885,2.4119,-0.6169,3.1284,3.1886,1,1,3.00,-15.2586,48.4946,18.1775,-2.2692,2.0645,10.7830,2.2719,-0.1281,4.0000,852.33,972.00,0.0000,0.0000
22.100,1,10,0,-4.8261,34.0036,2.4499,-0.8035,3.1380,3.2392,1,1,3.00,-15.2586,48.4946,18.0128,-2.2970,2.0645,10.8101,2.2739,-0.1575,4.0000,936.87,988.40,0.0000,0.0000
22.200,1,10,0,-4.9564,34.3161,2.4749,-0.9863,3.1346,3.2861,1,1,3.00,-15.2586,48.4946,17.6870,-2.3385,2.0645,10.8827,2.2762,-0.1882,4.0000,985.69,992.44,0.0000,0.0000
22.300,1,10,0,-5.1039,34.6251,2.5047,-1.1653,3.1196,3.3302,1,1,3.00,-15.2586,48.4946,17.3536,-2.3632,2.0645,10.9512,2.2771,-0.2147,4.0000,976.72,993.29,0.0000,0.0000
22.400,1,10,0,-5.1861,34.7823,2.5321,-1.2485,3.1006,3.3425,1,1,3.00,-15.2586,48.4946,17.1896,-2.3692,2.0645,10.9953,2.2767,-0.2404,4.0000,979.13,979.95,0.0000,0.0000
22.500,1,10,0,-5.3567,35.0836,2.5545,-1.4137,3.0677,3.3778,1,1,3.00,-15.2586,48.4946,16.8478,-2.3696,2.0645,11.0537,2.2757,-0.2650,4.0000,981.37,992.05,0.0000,0.0000
22.600,1,10,0,-5.4443,35.2275,2.5727,-1.4958,3.0539,3.4005,1,1,3.00,-15.2586,48.4946,16.5026,-2.3549,2.0645,11.1008,2.2736,-0.2888,4.0000,970.30,983.43,0.0000,0.0000
22.700,1,10,0,-5.6338,35.5193,2.5921,-1.6424,3.0056,3.4251,1,1,3.00,-15.2586,48.4946,16.1553,-2.3263,2.0645,11.1376,2.2704,-0.3170,4.0000,974.81,977.09,0.0000,0.0000
22.800,1,10,0,-5.8344,35.8042,2.6103,-1.7756,2.9501,3.4432,1,1,3.00,-15.2586,48.4946,15.9761,-2.3064,2.0645,11.1403,2.2687,-0.3350,4.0000,978.81,917.74,0.0000,0.0000
22.900,1,10,0,-6.0444,36.0818,2.6311,-1.8950,2.8877,3.4540,1,1,3.00,-15.2586,48.4946,15.8070,-2.2847,2.0645,11.1648,2.2664,-0.3525,4.0000,968.28,907.58,0.0000,0.0000
23.000,1,10,0,-6.1559,36.2216,2.6463,-1.9445,2.8479,3.4484,1,1,3.00,-15.2586,48.4946,15.4589,-2.2313,2.0645,11.1810,2.2615,-0.3735,4.0000,971.95,766.08,0.0000,0.0000
23.100,1,10,0,-6.3774,36.4867,2.6600,-2.0419,2.7757,3.4458,1,1,3.00,-15.2586,48.4946,15.1124,-2.1669,2.0645,11.1854,2.2559,-0.3958,4.0000,992.47,852.64,0.0000,0.0000
23.200,1,10,0,-6.4867,36.6117,2.6719,-2.0886,2.7415,3.4464,1,1,3.00,-15.2586,48.4946,14.7699,-2.0930,2.0645,11.1697,2.2498,-0.4165,4.0000,975.83,774.83,0.0000,0.0000
23.300,1,10,0,-6.7154,36.8624,2.6820,-2.1621,2.6571,3.4256,1,1,3.00,-15.2586,48.4946,14.5956,-2.0515,2.0645,11.1436,2.2466,-0.4331,4.0000,975.74,737.37,0.0000,0.0000
23.400,1,10,0,-6.9478,37.1034,2.6909,-2.2219,2.5681,3.3959,1,1,3.00,-15.2586,48.4946,14.2609,-1.9647,2.0645,11.1063,2.2396,-0.4477,4.0000,990.10,765.66,0.0000,0.0000
23.500,1,10,0,-7.1826,37.3347,2.6972,-2.2692,2.4765,3.3589,1,1,3.00,-15.2586,48.4946,13.9326,-1.8707,2.0645,11.0552,2.2322,-0.4626,4.0000,982.40,717.08,0.0000,0.0000
23.600,1,10,0,-7.3044,37.4502,2.7007,-2.2838,2.4254,3.3314,1,1,3.00,-15.2586,48.4946,13.7755,-1.8228,2.0645,11.0384,2.2282,-0.4709,4.0000,987.07,659.94,0.0000,0.0000
23.700,1,10,0,-7.5425,37.6679,2.7014,-2.3181,2.3348,3.2901,1,1,3.00,-15.2586,48.4946,13.4566,-1.7193,2.0645,10.9779,2.2199,-0.4815,4.0000,987.82,589.90,0.0000,0.0000
23.800,1,10,0,-7.7812,37.8760,2.6992,-2.3423,2.2424,3.2426,1,1,3.00,-15.2586,48.4946,13.1445,-1.6103,2.0645,10.9120,2.2110,-0.4896,4.0000,979.79,570.87,0.0000,0.0000
23.900,1,10,0,-8.0205,38.0752,2.6934,-2.3603,2.1511,3.1934,1,1,3.00,-15.2586,48.4946,12.8405,-1.4964,2.0645,10.8375,2.2017,-0.4953,4.0000,978.94,511.44,0.0000,0.0000
24.000,1,10,0,-8.1368,38.1689,2.6854,-2.3727,2.1111,3.1760,1,1,3.00,-15.2586,48.4946,12.5435,-1.3778,2.0645,10.7639,2.1918,-0.4969,4.0000,993.42,449.76,0.0000,0.0000
24.100,1,10,0,-8.3757,38.3552,2.6729,-2.3797,2.0220,3.1227,1,1,3.00,-15.2586,48.4946,12.3938,-1.3154,2.0645,10.7143,2.1867,-0.4923,4.0000,983.65,513.17,0.0000,0.0000
24.200,1,10,0,-8.6136,38.5335,2.6584,-2.3806,1.9360,3.0685,1,1,3.00,-15.2586,48.4946,12.1095,-1.1918,2.0645,10.6322,2.1762,-0.4898,4.0000,984.57,443.01,0.0000,0.0000
24.300,1,10,0,-8.8508,38.7052,2.6367,-2.3786,1.8570,3.0177,1,1,3.00,-15.2586,48.4946,11.8322,-1.0655,2.0645,10.5541,2.1651,-0.4829,4.0000,984.78,324.55,0.0000,0.0000
24.400,1,10,0,-8.9725,38.7911,2.6137,-2.3711,1.8159,2.9866,1,1,3.00,-15.2586,48.4946,11.5617,-0.9368,2.0645,10.4799,2.1537,-0.4706,4.0000,980.38,410.87,0.0000,0.0000
24.500,1,10,0,-9.2076,38.9529,2.5874,-2.3634,1.7441,2.9372,1,1,3.00,-15.2586,48.4946,11.4331,-0.8738,2.0645,10.4529,2.1479,-0.4516,4.0000,982.68,488.74,0.0000,0.0000
24.600,1,10,0,-9.4425,39.1105,2.5585,-2.3576,1.6829,2.8966,1,1,3.00,-15.2586,48.4946,11.1728,-0.7426,2.0645,10.3826,2.1359,-0.4389,4.0000,996.80,486.07,0.0000,0.0000
24.700,1,10,0,-9.6782,39.2658,2.5276,-2.3566,1.6356,2.8686,1,1,3.00,-15.2586,48.4946,10.9161,-0.6096,2.0645,10.3312,2.1235,-0.4215,4.0000,990.19,357.93,0.0000,0.0000
24.800,1,10,0,-9.9148,39.4196,2.4950,-2.3593,1.5997,2.8505,1,1,3.00,-15.2586,48.4946,10.6615,-0.4748,2.0645,10.2985,2.1106,-0.4027,4.0000,991.40,495.12,0.0000,0.0000
24.900,1,10,0,-10.0296,39.4934,2.4605,-2.3659,1.5875,2.8491,1,1,3.00,-15.2586,48.4946,10.4098,-0.3388,2.0645,10.2737,2.0975,-0.3786,4.0000,983.07,455.88,0.0000,0.0000
25.000,1,10,0,-10.2671,39.6457,2.4205,-2.3709,1.5653,2.8410,1,1,3.00,-15.2586,48.4946,10.2809,-0.2684,2.0645,10.2559,2.0907,-0.3499,4.0000,983.36,394.60,0.0000,0.0000
25.100,1,10,0,-10.5052,39.7979,2.3830,-2.3757,1.5505,2.8369,1,1,3.00,-15.2586,48.4946,10.0313,-0.1311,2.0645,10.2487,2.0773,-0.3225,4.0000,960.49,436.98,0.0000,0.0000
25.200,1,10,0,-10.7433,39.9506,2.3446,-2.3791,1.5430,2.8356,1,1,3.00,-15.2586,48.4946,9.7836,0.0064,2.0645,10.2440,2.0639,-0.2979,4.0000,992.49,587.43,0.0000,0.0000
25.300,1,10,0,-10.9821,40.1064,2.3057,-2.3837,1.5498,2.8433,1,1,3.00,-15.2586,48.4946,9.5363,0.1434,2.0645,10.2468,2.0505,-0.2724,4.0000,989.68,558.35,0.0000,0.0000
25.400,1,10,0,-11.2218,40.2668,2.2586,-2.3897,1.5711,2.8599,1,1,3.00,-15.2586,48.4946,9.2867,0.2792,2.0645,10.2661,2.0373,-0.2469,4.0000,982.91,547.86,0.0000,0.0000
25.500,1,10,0,-11.4618,40.4327,2.2201,-2.3951,1.6042,2.8827,1,1,3.00,-15.2586,48.4946,9.0346,0.4131,2.0645,10.2961,2.0244,-0.2171,4.0000,981.56,569.07,0.0000,0.0000
25.600,1,10,0,-11.7019,40.6044,2.1820,-2.3985,1.6469,2.9095,1,1,3.00,-15.2586,48.4946,8.7797,0.5446,2.0645,10.3329,2.0119,-0.1912,4.0000,978.80,533.32,0.0000,0.0000
25.700,1,10,0,-11.9415,40.7834,2.1399,-2.3987,1.7001,2.9401,1,1,3.00,-15.2586,48.4946,8.5211,0.6727,2.0645,10.3767,1.9998,-0.1610,4.0000,992.69,709.21,0.0000,0.0000
25.800,1,10,0,-12.1799,40.9710,2.0984,-2.3948,1.7662,2.9757,1,1,3.00,-15.2586,48.4946,8.2586,0.7965,2.0645,10.4249,1.9883,-0.1307,4.0000,990.47,673.31,0.0000,0.0000
25.900,1,10,0,-12.3020,41.0716,2.0622,-2.3854,1.7997,2.9882,1,1,3.00,-15.2586,48.4946,8.1291,0.8544,2.0645,10.4635,1.9830,-0.0992,4.0000,980.62,766.28,0.0000,0.0000
26.000,1,10,0,-12.5371,41.2740,2.0310,-2.3722,1.8807,3.0272,1,1,3.00,-15.2586,48.4946,7.8580,0.9691,2.0645,10.5221,1.9727,-0.0778,4.0000,988.71,759.22,0.0000,0.0000
26.100,1,10,0,-12.6501,41.3759,2.0047,-2.3684,1.9291,3.0546,1,1,3.00,-15.2586,48.4946,7.5815,1.0765,2.0645,10.5819,1.9631,-0.0565,4.0000,988.86,757.30,0.0000,0.0000
26.200,1,10,0,-12.8800,41.5933,1.9755,-2.3444,2.0199,3.0946,1,1,3.00,-15.2586,48.4946,7.4370,1.1288,2.0645,10.6011,1.9584,-0.0279,4.0000,985.94,794.63,0.0000,0.0000
26.300,1,10,0,-13.1057,41.8205,1.9474,-2.3133,2.1131,3.1332,1,1,3.00,-15.2586,48.4946,7.1525,1.2240,2.0645,10.6599,1.9502,-0.0041,4.0000,989.53,812.11,0.0000,0.0000
26.400,1,10,0,-13.3262,42.0577,1.9137,-2.2750,2.2089,3.1709,1,1,3.00,-15.2586,48.4946,7.0127,1.2670,2.0645,10.6998,1.9467,0.0129,4.0000,984.14,849.22,0.0000,0.0000
26.500,1,10,0,-13.4375,42.1836,1.8880,-2.2480,2.2513,3.1815,1,1,3.00,-15.2586,48.4946,6.7207,1.3488,2.0645,10.7564,1.9398,0.0359,4.0000,986.12,877.08,0.0000,0.0000
26.600,1,10,0,-13.6489,42.4352,1.8634,-2.1987,2.3468,3.2159,1,1,3.00,-15.2586,48.4946,6.4240,1.4209,2.0645,10.8097,1.9338,0.0552,4.0000,988.86,869.75,0.0000,0.0000
26.700,1,10,0,-13.7490,42.5606,1.8400,-2.1763,2.3997,3.2396,1,1,3.00,-15.2586,48.4946,6.1230,1.4828,2.0645,10.8594,1.9288,0.0773,4.0000,987.86,891.37,0.0000,0.0000
26.800,1,10,0,-13.9503,42.8251,1.8176,-2.1175,2.4907,3.2691,1,1,3.00,-15.2586,48.4946,5.9666,1.5108,2.0645,10.8706,1.9264,0.1006,4.0000,980.38,942.72,0.0000,0.0000
26.900,1,10,0,-14.1442,43.0977,1.7963,-2.0535,2.5779,3.2958,1,1,3.00,-15.2586,48.4946,5.6604,1.5574,2.0645,10.9125,1.9228,0.1159,4.0000,994.23,928.54,0.0000,0.0000
27.000,1,10,0,-14.3305,43.3782,1.7714,-1.9848,2.6625,3.3209,1,1,3.00,-15.2586,48.4946,5.3510,1.5936,2.0645,10.9512,1.9200,0.1365,4.0000,990.19,883.85,0.0000,0.0000
27.100,1,10,0,-14.4233,43.5253,1.7527,-1.9450,2.6958,3.3242,1,1,3.00,-15.2586,48.4946,5.1998,1.6074,2.0645,10.9814,1.9192,0.1550,4.0000,990.87,971.49,0.0000,0.0000
27.200,1,10,0,-14.5979,43.8153,1.7348,-1.8721,2.7688,3.3423,1,1,3.00,-15.2586,48.4946,4.8871,1.6285,2.0645,11.0123,1.9177,0.1741,3.9097,987.87,963.97,0.0000,0.0000
27.300,1,10,0,-14.6797,43.9583,1.7178,-1.8387,2.8107,3.3587,1,1,3.00,-15.2586,48.4946,4.5731,1.6400,2.0645,11.0381,1.9170,0.1908,3.6585,983.08,942.99,0.0000,0.0000
27.400,1,10,0,-14.8425,44.2572,1.6998,-1.7627,2.8773,3.3743,1,1,3.00,-15.2586,48.4946,4.4108,1.6420,2.0645,11.0385,1.9168,0.2092,3.5287,905.58,918.69,0.0000,0.0000
27.500,1,10,0,-14.9974,44.5610,1.6829,-1.6857,2.9377,3.3870,1,1,3.00,-15.2586,48.4946,4.0953,1.6389,2.0645,11.0596,1.9174,0.2271,3.2762,977.92,920.55,0.0000,0.0000
27.600,1,10,0,-15.1444,44.8682,1.6671,-1.6078,2.9881,3.3931,1,1,3.00,-15.2586,48.4946,3.7803,1.6268,2.0645,11.0743,1.9187,0.2429,3.0242,930.91,926.89,0.0000,0.0000
27.700,1,10,0,-15.2836,45.1780,1.6522,-1.5300,3.0297,3.3941,1,1,3.00,-15.2586,48.4946,3.4673,1.6065,2.0645,11.0801,1.9205,0.2619,2.7739,861.83,896.01,0.0000,0.0000
27.800,1,10,0,-15.3522,45.3377,1.6383,-1.4876,3.0380,3.3826,1,1,3.00,-15.2586,48.4946,3.3166,1.5938,2.0645,11.0912,1.9218,0.2759,2.6533,894.11,890.24,0.0000,0.0000
27.900,1,10,0,-15.4794,45.6479,1.6256,-1.4092,3.0603,3.3692,1,1,3.00,-15.2586,48.4946,3.0104,1.5623,2.0645,11.0767,1.9244,0.2918,2.4083,802.96,856.52,0.0000,0.0000
28.000,2,10,0,-15.5993,45.9572,1.6150,-1.3328,3.0708,3.3476,2,1,3.00,-17.6800,73.4506,27.7353,0.5389,1.6675,11.0506,1.6188,-0.0015,4.0000,857.96,816.32,0.0000,0.0000
28.100,2,10,0,-15.7120,46.2641,1.6027,-1.2578,3.0693,3.3170,2,1,3.00,-17.6800,73.4506,27.4191,0.6250,1.6675,11.0113,1.6108,0.0021,4.0000,873.70,874.92,0.0000,0.0000
28.200,2,10,0,-15.8180,46.5697,1.5925,-1.1859,3.0639,3.2854,2,1,3.00,-17.6800,73.4506,27.1061,0.7043,1.6675,10.9618,1.6034,0.0052,4.0000,995.87,903.93,0.0000,0.0000
28.300,2,10,0,-15.9180,46.8782,1.5814,-1.1185,3.0709,3.2683,2,1,3.00,-17.6800,73.4506,26.7932,0.7773,1.6675,10.9231,1.5965,0.0095,4.0000,996.17,917.72,0.0000,0.0000
28.400,2,10,0,-15.9645,47.0295,1.5715,-1.0887,3.0869,3.2732,2,1,3.00,-17.6800,73.4506,26.4768,0.8441,1.6675,10.9098,1.5903,0.0144,4.0000,989.49,980.09,0.0000,0.0000
28.500,2,10,0,-16.0563,47.3446,1.5616,-1.0269,3.1125,3.2776,2,1,3.00,-17.6800,73.4506,26.3124,0.8762,1.6675,10.8995,1.5873,0.0213,4.0000,992.03,951.55,0.0000,0.0000
28.600,2,10,0,-16.1425,47.6649,1.5519,-0.9672,3.1477,3.2930,2,1,3.00,-17.6800,73.4506,25.9898,0.9340,1.6675,10.9148,1.5822,0.0260,4.0000,989.24,981.31,0.0000,0.0000
28.700,2,10,0,-16.2232,47.9899,1.5414,-0.9093,3.1870,3.3141,2,1,3.00,-17.6800,73.4506,25.6625,0.9858,1.6675,10.9431,1.5777,0.0321,4.0000,987.83,972.19,0.0000,0.0000
28.800,2,10,0,-16.2984,48.3188,1.5313,-0.8523,3.2258,3.3365,2,1,3.00,-17.6800,73.4506,25.3315,1.0317,1.6675,10.9766,1.5738,0.0375,4.0000,986.49,972.22,0.0000,0.0000
28.900,2,10,0,-16.3682,48.6499,1.5227,-0.7965,3.2587,3.3546,2,1,3.00,-17.6800,73.4506,24.9978,1.0718,1.6675,11.0078,1.5705,0.0430,4.0000,988.38,961.12,0.0000,0.0000
29.000,2,10,0,-16.4329,48.9819,1.5144,-0.7424,3.2827,3.3656,2,1,3.00,-17.6800,73.4506,24.6630,1.1066,1.6675,11.0298,1.5675,0.0495,4.0000,990.67,977.88,0.0000,0.0000
29.100,2,10,0,-16.4643,49.1529,1.5063,-0.7147,3.2837,3.3606,2,1,3.00,-17.6800,73.4506,24.5005,1.1217,1.6675,11.0485,1.5663,0.0556,4.0000,983.98,970.02,0.0000,0.0000
29.200,2,10,0,-16.5217,49.4850,1.4978,-0.6636,3.2964,3.3625,2,1,3.00,-17.6800,73.4506,24.1658,1.1492,1.6675,11.0548,1.5639,0.0619,4.0000,985.55,964.35,0.0000,0.0000
29.300,2,10,0,-16.5745,49.8172,1.4905,-0.6145,3.3047,3.3613,2,1,3.00,-17.6800,73.4506,23.8313,1.1720,1.6675,11.0551,1.5619,0.0682,4.0000,990.81,981.61,0.0000,0.0000
29.400,2,10,0,-16.6229,50.1497,1.4827,-0.5670,3.3110,3.3592,2,1,3.00,-17.6800,73.4506,23.4971,1.1904,1.6675,11.0518,1.5602,0.0737,4.0000,989.76,966.47,0.0000,0.0000
29.500,2,10,0,-16.6670,50.4828,1.4758,-0.5211,3.3175,3.3582,2,1,3.00,-17.6800,73.4506,23.1626,1.2043,1.6675,11.0495,1.5590,0.0801,4.0000,985.54,973.83,0.0000,0.0000
29.600,2,10,0,-16.7067,50.8169,1.4691,-0.4762,3.3250,3.3589,2,1,3.00,-17.6800,73.4506,22.8275,1.2138,1.6675,11.0492,1.5581,0.0861,4.0000,971.64,981.71,0.0000,0.0000
29.700,2,10,0,-16.7245,50.9793,1.4641,-0.4551,3.3367,3.3676,2,1,3.00,-17.6800,73.4506,22.4917,1.2191,1.6675,11.0513,1.5577,0.0914,4.0000,991.99,985.76,0.0000,0.0000
29.800,2,10,0,-16.7581,51.3146,1.4592,-0.4118,3.3446,3.3698,2,1,3.00,-17.6800,73.4506,22.3186,1.2201,1.6675,11.0412,1.5575,0.0969,4.0000,980.80,973.10,0.0000,0.0000
29.900,2,10,0,-16.7877,51.6501,1.4526,-0.3698,3.3503,3.3706,2,1,3.00,-17.6800,73.4506,21.9820,1.2191,1.6675,11.0441,1.5576,0.1017,4.0000,985.99,966.57,0.0000,0.0000
30.000,2,10,0,-16.8015,51.8227,1.4475,-0.3488,3.3440,3.3621,2,1,3.00,-17.6800,73.4506,21.8188,1.2172,1.6675,11.0559,1.5579,0.1072,4.0000,976.13,968.16,0.0000,0.0000
30.100,2,10,0,-16.8255,52.1573,1.4432,-0.3095,3.3438,3.3581,2,1,3.00,-17.6800,73.4506,21.4830,1.2106,1.6675,11.0524,1.5584,0.1121,4.0000,980.24,978.25,0.0000,0.0000
30.200,2,10,0,-16.8359,52.3195,1.4391,-0.2907,3.3508,3.3634,2,1,3.00,-17.6800,73.4506,21.1480,1.2005,1.6675,11.0451,1.5593,0.1190,4.0000,988.99,978.07,0.0000,0.0000
30.300,2,10,0,-16.8546,52.6534,1.4339,-0.2532,3.3487,3.3583,2,1,3.00,-17.6800,73.4506,20.9758,1.1939,1.6675,11.0294,1.5597,0.1241,4.0000,962.54,963.64,0.0000,0.0000
30.400,2,10,0,-16.8700,52.9871,1.4290,-0.2169,3.3461,3.3531,2,1,3.00,-17.6800,73.4506,20.6416,1.1786,1.6675,11.0221,1.5610,0.1293,4.0000,970.51,957.37,0.0000,0.0000
30.500,2,10,0,-16.8765,53.1586,1.4249,-0.1988,3.3367,3.3426,2,1,3.00,-17.6800,73.4506,20.4796,1.1699,1.6675,11.0297,1.5618,0.1344,4.0000,961.72,989.50,0.0000,0.0000
30.600,2,10,0,-16.8869,53.4917,1.4209,-0.1642,3.3337,3.3378,2,1,3.00,-17.6800,73.4506,20.1462,1.1497,1.6675,11.0216,1.5636,0.1402,4.0000,948.42,961.29,0.0000,0.0000
30.700,2,10,0,-16.8907,53.6533,1.4172,-0.1473,3.3401,3.3433,2,1,3.00,-17.6800,73.4506,19.8131,1.1263,1.6675,11.0150,1.5656,0.1466,4.0000,979.47,976.70,0.0000,0.0000
30.800,2,10,0,-16.8963,53.9860,1.4137,-0.1139,3.3372,3.3392,2,1,3.00,-17.6800,73.4506,19.6418,1.1129,1.6675,11.0000,1.5667,0.1517,4.0000,956.63,976.50,0.0000,0.0000
30.900,2,10,0,-16.8987,54.3183,1.4100,-0.0815,3.3342,3.3352,2,1,3.00,-17.6800,73.4506,19.3094,1.0848,1.6675,10.9943,1.5692,0.1580,4.0000,974.82,973.37,0.0000,0.0000
31.000,2,10,0,-16.8983,54.6497,1.4067,-0.0500,3.3284,3.3288,2,1,3.00,-17.6800,73.4506,18.9776,1.0536,1.6675,10.9874,1.5719,0.1638,4.0000,935.24,966.62,0.0000,0.0000
31.100,2,10,0,-16.8950,54.9798,1.4035,-0.0198,3.3201,3.3202,2,1,3.00,-17.6800,73.4506,18.6474,1.0198,1.6675,10.9753,1.5749,0.1698,4.0000,900.81,952.22,0.0000,0.0000
31.200,2,10,0,-16.8922,55.1491,1.4014,-0.0051,3.3075,3.3075,2,1,3.00,-17.6800,73.4506,18.4876,1.0024,1.6675,10.9803,1.5765,0.1738,4.0000,891.55,978.35,0.0000,0.0000
31.300,2,10,0,-16.8845,55.4764,1.4001,0.0246,3.2939,3.2940,2,1,3.00,-17.6800,73.4506,18.1598,0.9646,1.6675,10.9628,1.5798,0.1789,4.0000,914.62,983.82,0.0000,0.0000
31.400,2,10,0,-16.8797,55.6347,1.3994,0.0396,3.2947,3.2950,2,1,3.00,-17.6800,73.4506,17.8339,0.9240,1.6675,10.9424,1.5833,0.1836,4.0000,916.26,982.85,0.0000,0.0000
31.500,2,10,0,-16.8679,55.9607,1.3993,0.0685,3.2842,3.2849,2,1,3.00,-17.6800,73.4506,17.6665,0.9020,1.6675,10.9228,1.5851,0.1859,4.0000,907.36,988.25,0.0000,0.0000
31.600,2,10,0,-16.8534,56.2860,1.3998,0.0964,3.2745,3.2759,2,1,3.00,-17.6800,73.4506,17.3416,0.8574,1.6675,10.9098,1.5891,0.1896,4.0000,871.62,976.67,0.0000,0.0000
31.700,2,10,0,-16.8363,56.6102,1.4011,0.1237,3.2647,3.2670,2,1,3.00,-17.6800,73.4506,17.0181,0.8103,1.6675,10.8960,1.5933,0.1929,4.0000,795.14,972.24,0.0000,0.0000
31.800,2,10,0,-16.8166,56.9322,1.4040,0.1504,3.2501,3.2536,2,1,3.00,-17.6800,73.4506,16.6961,0.7607,1.6675,10.8801,1.5977,0.1953,4.0000,888.65,992.14,0.0000,0.0000
31.900,2,10,0,-16.8055,57.0974,1.4075,0.1631,3.2353,3.2394,2,1,3.00,-17.6800,73.4506,16.5409,0.7358,1.6675,10.8804,1.6000,0.1952,4.0000,793.37,988.04,0.0000,0.0000
32.000,2,10,0,-16.7822,57.4171,1.4125,0.1885,3.2206,3.2261,2,1,3.00,-17.6800,73.4506,16.2220,0.6829,1.6675,10.8608,1.6047,0.1952,4.0000,748.43,986.02,0.0000,0.0000
32.100,2,10,0,-16.7565,57.7340,1.4191,0.2129,3.2008,3.2078,2,1,3.00,-17.6800,73.4506,15.9055,0.6278,1.6675,10.8374,1.6097,0.1944,4.0000,788.67,952.07,0.0000,0.0000
32.200,2,10,0,-16.7291,58.0485,1.4280,0.2352,3.1799,3.1886,2,1,3.00,-17.6800,73.4506,15.5919,0.5708,1.6675,10.8085,1.6148,0.1914,4.0000,792.84,987.88,0.0000,0.0000
32.300,2,10,0,-16.7000,58.3610,1.4382,0.2550,3.1593,3.1695,2,1,3.00,-17.6800,73.4506,15.2808,0.5125,1.6675,10.7792,1.6200,0.1871,4.0000,820.80,978.54,0.0000,0.0000
32.400,2,10,0,-16.6854,58.5123,1.4474,0.2651,3.1577,3.1688,2,1,3.00,-17.6800,73.4506,14.9714,0.4527,1.6675,10.7532,1.6254,0.1827,4.0000,837.00,988.76,0.0000,0.0000
32.500,2,10,0,-16.6543,58.8242,1.4584,0.2820,3.1457,3.1583,2,1,3.00,-17.6800,73.4506,14.8123,0.4214,1.6675,10.7330,1.6283,0.1748,4.0000,791.28,984.99,0.0000,0.0000
32.600,2,10,0,-16.6222,59.1371,1.4713,0.2963,3.1415,3.1554,2,1,3.00,-17.6800,73.4506,14.5029,0.3597,1.6675,10.7234,1.6340,0.1692,4.0000,778.07,977.60,0.0000,0.0000
32.700,2,10,0,-16.5891,59.4502,1.4821,0.3089,3.1395,3.1547,2,1,3.00,-17.6800,73.4506,14.1932,0.2970,1.6675,10.7209,1.6398,0.1619,4.0000,816.54,976.19,0.0000,0.0000
32.800,2,10,0,-16.5554,59.7637,1.4949,0.3196,3.1397,3.1559,2,1,3.00,-17.6800,73.4506,13.8834,0.2335,1.6675,10.7217,1.6457,0.1566,4.0000,797.97,956.29,0.0000,0.0000
32.900,2,10,0,-16.5378,59.9250,1.5083,0.3232,3.1323,3.1489,2,1,3.00,-17.6800,73.4506,13.7331,0.2024,1.6675,10.7338,1.6487,0.1479,4.0000,767.04,967.70,0.0000,0.0000
33.000,2,10,0,-16.5035,60.2382,1.5222,0.3301,3.1314,3.1487,2,1,3.00,-17.6800,73.4506,13.4237,0.1381,1.6675,10.7346,1.6547,0.1387,4.0000,805.18,987.18,0.0000,0.0000
33.100,2,10,0,-16.4693,60.5511,1.5382,0.3346,3.1297,3.1476,2,1,3.00,-17.6800,73.4506,13.1150,0.0738,1.6675,10.7330,1.6606,0.1305,4.0000,801.49,981.21,0.0000,0.0000
33.200,2,10,0,-16.4352,60.8643,1.5530,0.3367,3.1295,3.1475,2,1,3.00,-17.6800,73.4506,12.8065,0.0095,1.6675,10.7323,1.6666,0.1219,4.0000,799.39,987.03,0.0000,0.0000
33.300,2,10,0,-16.4014,61.1775,1.5680,0.3368,3.1296,3.1477,2,1,3.00,-17.6800,73.4506,12.4982,-0.0545,1.6675,10.7323,1.6726,0.1113,4.0000,843.69,983.31,0.0000,0.0000
33.400,2,10,0,-16.3684,61.4914,1.5851,0.3344,3.1324,3.1502,2,1,3.00,-17.6800,73.4506,12.1899,-0.1181,1.6675,10.7338,1.6785,0.1003,4.0000,841.48,987.56,0.0000,0.0000
33.500,2,10,0,-16.3527,61.6443,1.5953,0.3327,3.1427,3.1603,2,1,3.00,-17.6800,73.4506,12.0309,-0.1506,1.6675,10.7253,1.6816,0.0913,4.0000,881.50,976.47,0.0000,0.0000
33.600,2,10,0,-16.3217,61.9607,1.6089,0.3246,3.1525,3.1692,2,1,3.00,-17.6800,73.4506,11.7210,-0.2127,1.6675,10.7351,1.6873,0.0835,4.0000,872.39,978.37,0.0000,0.0000
33.700,2,10,0,-16.3064,62.1241,1.6239,0.3187,3.1507,3.1667,2,1,3.00,-17.6800,73.4506,11.5700,-0.2423,1.6675,10.7537,1.6900,0.0745,4.0000,865.02,982.91,0.0000,0.0000
33.800,2,10,0,-16.2776,62.4422,1.6356,0.3075,3.1606,3.1755,2,1,3.00,-17.6800,73.4506,11.2582,-0.3024,1.6675,10.7677,1.6956,0.0667,4.0000,879.44,981.17,0.0000,0.0000
33.900,2,10,0,-16.2643,62.5970,1.6491,0.3014,3.1738,3.1880,2,1,3.00,-17.6800,73.4506,10.9455,-0.3610,1.6675,10.7821,1.7010,0.0586,4.0000,879.50,991.35,0.0000,0.0000
34.000,2,10,0,-16.2386,62.9175,1.6623,0.2851,3.1869,3.1997,2,1,3.00,-17.6800,73.4506,10.7839,-0.3903,1.6675,10.7794,1.7037,0.0463,4.0000,879.87,979.99,0.0000,0.0000
34.100,2,10,0,-16.2155,63.2397,1.6753,0.2653,3.2014,3.2123,2,1,3.00,-17.6800,73.4506,10.4688,-0.4456,1.6675,10.7980,1.7088,0.0399,4.0000,909.19,991.59,0.0000,0.0000
34.200,2,10,0,-16.1952,63.5630,1.6909,0.2425,3.2149,3.2240,2,1,3.00,-17.6800,73.4506,10.3155,-0.4715,1.6675,10.8185,1.7111,0.0295,4.0000,935.88,985.52,0.0000,0.0000
34.300,2,10,0,-16.1860,63.7301,1.7030,0.2295,3.2145,3.2227,2,1,3.00,-17.6800,73.4506,9.9985,-0.5229,1.6675,10.8360,1.7157,0.0202,4.0000,901.58,992.96,0.0000,0.0000
34.400,2,10,0,-16.1706,64.0560,1.7146,0.2022,3.2298,3.2361,2,1,3.00,-17.6800,73.4506,9.6799,-0.5714,1.6675,10.8553,1.7201,0.0127,4.0000,947.54,986.47,0.0000,0.0000
34.500,2,10,0,-16.1643,64.2147,1.7244,0.1881,3.2450,3.2505,2,1,3.00,-17.6800,73.4506,9.3595,-0.6167,1.6675,10.8757,1.7242,0.0039,4.0000,962.42,985.15,0.0000,0.0000
34.600,2,10,0,-16.1539,64.5432,1.7365,0.1573,3.2617,3.2654,2,1,3.00,-17.6800,73.4506,9.1939,-0.6388,1.6675,10.8752,1.7262,-0.0064,4.0000,954.57,985.28,0.0000,0.0000
34.700,2,10,0,-16.1474,64.8736,1.7479,0.1237,3.2789,3.2813,2,1,3.00,-17.6800,73.4506,8.8705,-0.6790,1.6675,10.8986,1.7297,-0.0133,4.0000,960.36,979.58,0.0000,0.0000
34.800,2,10,0,-16.1446,65.2052,1.7587,0.0888,3.2945,3.2957,2,1,3.00,-17.6800,73.4506,8.5454,-0.7155,1.6675,10.9215,1.7329,-0.0211,4.0000,955.33,975.90,0.0000,0.0000
34.900,2,10,0,-16.1446,65.3763,1.7677,0.0709,3.2935,3.2943,2,1,3.00,-17.6800,73.4506,8.3872,-0.7320,1.6675,10.9435,1.7343,-0.0279,4.0000,949.54,981.41,0.0000,0.0000
35.000,2,10,0,-16.1475,65.7091,1.7763,0.0347,3.3051,3.3053,2,1,3.00,-17.6800,73.4506,8.0603,-0.7631,1.6675,10.9618,1.7370,-0.0350,4.0000,978.98,985.54,0.0000,0.0000
35.100,2,10,0,-16.1542,66.0424,1.7853,-0.0021,3.3141,3.3141,2,1,3.00,-17.6800,73.4506,7.7327,-0.7906,1.6675,10.9766,1.7394,-0.0409,4.0000,966.33,974.42,0.0000,0.0000
35.200,2,10,0,-16.1588,66.2041,1.7928,-0.0208,3.3250,3.3251,2,1,3.00,-17.6800,73.4506,7.4045,-0.8143,1.6675,10.9877,1.7415,-0.0486,4.0000,974.47,975.69,0.0000,0.0000
35.300,2,10,0,-16.1709,66.5372,1.8007,-0.0574,3.3291,3.3296,2,1,3.00,-17.6800,73.4506,7.2356,-0.8251,1.6675,10.9798,1.7425,-0.0547,4.0000,967.03,979.59,0.0000,0.0000
35.400,2,10,0,-16.1865,66.8701,1.8073,-0.0936,3.3310,3.3324,2,1,3.00,-17.6800,73.4506,6.9072,-0.8434,1.6675,10.9852,1.7441,-0.0599,4.0000,970.87,975.03,0.0000,0.0000
35.500,2,10,0,-16.2056,67.2026,1.8142,-0.1292,3.3307,3.3332,2,1,3.00,-17.6800,73.4506,6.5789,-0.8582,1.6675,10.9878,1.7455,-0.0649,4.0000,947.09,965.93,0.0000,0.0000
35.600,2,10,0,-16.2167,67.3735,1.8208,-0.1461,3.3220,3.3252,2,1,3.00,-17.6800,73.4506,6.4196,-0.8641,1.6675,10.9998,1.7459,-0.0720,4.0000,949.16,968.90,0.0000,0.0000
35.700,2,10,0,-16.2407,67.7052,1.8264,-0.1801,3.3192,3.3241,2,1,3.00,-17.6800,73.4506,6.0917,-0.8739,1.6675,10.9986,1.7468,-0.0768,4.0000,974.39,974.83,0.0000,0.0000
35.800,2,10,0,-16.2535,67.8661,1.8318,-0.1975,3.3257,3.3316,2,1,3.00,-17.6800,73.4506,5.7638,-0.8805,1.6675,10.9974,1.7474,-0.0817,4.0000,966.38,978.59,0.0000,0.0000
35.900,2,10,0,-16.2824,68.1974,1.8376,-0.2308,3.3229,3.3309,2,1,3.00,-17.6800,73.4506,5.5950,-0.8825,1.6675,10.9854,1.7477,-0.0874,4.0000,977.81,968.95,0.0000,0.0000
36.000,2,10,0,-16.3144,68.5283,1.8431,-0.2635,3.3198,3.3302,2,1,3.00,-17.6800,73.4506,5.2673,-0.8842,1.6675,10.9842,1.7478,-0.0922,4.0000,945.67,972.43,0.0000,0.0000
36.100,2,10,0,-16.3494,68.8586,1.8477,-0.2954,3.3156,3.3287,2,1,3.00,-17.6800,73.4506,4.9397,-0.8827,1.6675,10.9829,1.7477,-0.0983,3.9517,968.36,960.49,0.0000,0.0000
36.200,2,10,0,-16.3686,69.0284,1.8522,-0.3101,3.3056,3.3202,2,1,3.00,-17.6800,73.4506,4.7809,-0.8809,1.6675,10.9931,1.7475,-0.1025,3.8247,959.01,952.36,0.0000,0.0000
36.300,2,10,0,-16.4081,69.3579,1.8575,-0.3407,3.3007,3.3182,2,1,3.00,-17.6800,73.4506,4.4539,-0.8749,1.6675,10.9905,1.7470,-0.1079,3.5632,968.85,967.85,0.0000,0.0000
36.400,2,10,0,-16.4503,69.6867,1.8616,-0.3702,3.2951,3.3158,2,1,3.00,-17.6800,73.4506,4.1275,-0.8661,1.6675,10.9870,1.7462,-0.1129,3.3020,937.67,960.06,0.0000,0.0000
36.500,2,10,0,-16.4718,69.8460,1.8655,-0.3856,3.2999,3.3223,2,1,3.00,-17.6800,73.4506,3.8018,-0.8544,1.6675,10.9835,1.7452,-0.1184,3.0414,888.07,941.85,0.0000,0.0000
36.600,2,10,0,-16.5178,70.1734,1.8695,-0.4128,3.2923,3.3181,2,1,3.00,-17.6800,73.4506,3.6345,-0.8474,1.6675,10.9694,1.7446,-0.1234,2.9076,822.45,886.33,0.0000,0.0000
36.700,2,10,0,-16.5653,70.4982,1.8749,-0.4356,3.2777,3.3065,2,1,3.00,-17.6800,73.4506,3.3112,-0.8323,1.6675,10.9594,1.7433,-0.1294,2.6489,820.90,864.04,0.0000,0.0000
36.800,2,10,0,-16.6138,70.8180,1.8804,-0.4538,3.2503,3.2818,2,1,3.00,-17.6800,73.4506,2.9928,-0.8157,1.6675,10.9311,1.7420,-0.1356,2.3943,796.28,812.79,0.0000,0.0000
36.900,3,10,0,-16.6634,71.1332,1.8854,-0.4694,3.2159,3.2500,3,1,3.00,-7.5128,92.0806,22.9888,-2.0967,1.0712,10.8893,1.2614,-0.6212,4.0000,732.31,649.85,0.0000,0.0000
37.000,3,10,0,-16.7134,71.4417,1.8909,-0.4810,3.1693,3.2056,3,1,3.00,-7.5128,92.0806,22.7228,-1.9033,1.0712,10.8341,1.2451,-0.6431,4.0000,903.80,516.81,0.0000,0.0000
37.100,3,10,0,-16.7641,71.7406,1.8949,-0.4908,3.1050,3.1435,3,1,3.00,-7.5128,92.0806,22.4659,-1.7138,1.0712,10.7535,1.2293,-0.6641,4.0000,992.82,469.35,0.0000,0.0000
37.200,3,10,0,-16.8179,72.0313,1.8957,-0.5088,3.0345,3.0768,3,1,3.00,-7.5128,92.0806,22.2195,-1.5272,1.0712,10.6544,1.2136,-0.6823,4.0000,968.06,508.62,0.0000,0.0000
37.300,3,10,0,-16.8474,72.1786,1.8915,-0.5202,2.9941,3.0389,3,1,3.00,-7.5128,92.0806,22.1034,-1.4366,1.0712,10.6152,1.2057,-0.6886,4.0000,995.25,406.57,0.0000,0.0000
37.400,3,10,0,-16.9078,72.4612,1.8850,-0.5505,2.9324,2.9836,3,1,3.00,-7.5128,92.0806,21.8699,-1.2489,1.0712,10.5265,1.1893,-0.7006,4.0000,973.86,79.71,0.0000,0.0000
37.500,3,10,0,-16.9387,72.5956,1.8750,-0.5690,2.9061,2.9613,3,1,3.00,-7.5128,92.0806,21.6451,-1.0603,1.0712,10.4419,1.1724,-0.7073,4.0000,998.08,111.56,0.0000,0.0000
37.600,3,10,0,-17.0054,72.8646,1.8586,-0.6055,2.8284,2.8925,3,1,3.00,-7.5128,92.0806,21.5342,-0.9636,1.0712,10.3826,1.1638,-0.7017,4.0000,977.73,80.90,0.0000,0.0000
37.700,3,10,0,-17.0761,73.1238,1.8335,-0.6428,2.7432,2.8175,3,1,3.00,-7.5128,92.0806,21.3281,-0.7768,1.0712,10.2743,1.1467,-0.6989,4.0000,995.26,-50.23,0.0000,0.0000
37.800,3,10,0,-17.1139,73.2531,1.8012,-0.6594,2.6921,2.7717,3,1,3.00,-7.5128,92.0806,21.2325,-0.6867,1.0712,10.2263,1.1383,-0.6852,4.0000,980.48,-46.44,0.0000,0.0000
37.900,3,10,0,-17.1898,73.4973,1.7716,-0.6955,2.6006,2.6920,3,1,3.00,-7.5128,92.0806,21.0443,-0.5024,1.0712,10.1061,1.1209,-0.6681,4.0000,987.84,-52.01,0.0000,0.0000
38.000,3,10,0,-17.2277,73.6127,1.7335,-0.7142,2.5616,2.6593,3,1,3.00,-7.5128,92.0806,20.8672,-0.3194,1.0712,9.9889,1.1032,-0.6499,4.0000,995.98,98.44,0.0000,0.0000
38.100,3,10,0,-17.3076,73.8460,1.6914,-0.7456,2.4797,2.5894,3,1,3.00,-7.5128,92.0806,20.6988,-0.1375,1.0712,9.8841,1.0851,-0.6171,4.0000,977.91,107.26,0.0000,0.0000
38.200,3,10,0,-17.3887,74.0775,1.6466,-0.7698,2.4218,2.5412,3,1,3.00,-7.5128,92.0806,20.6138,-0.0438,1.0712,9.8352,1.0757,-0.5879,4.0000,980.00,-7.69,0.0000,0.0000
38.300,3,10,0,-17.4305,74.1967,1.5937,-0.7764,2.3959,2.5186,3,1,3.00,-7.5128,92.0806,20.5340,0.0446,1.0712,9.8118,1.0667,-0.5568,4.0000,990.35,-141.00,0.0000,0.0000
38.400,3,10,0,-17.5123,74.4276,1.5379,-0.7915,2.3639,2.4929,3,1,3.00,-7.5128,92.0806,20.3711,0.2268,1.0712,9.7653,1.0480,-0.5212,4.0000,978.70,-8.02,0.0000,0.0000
38.500,3,10,0,-17.5955,74.6602,1.4858,-0.8058,2.3500,2.4843,3,1,3.00,-7.5128,92.0806,20.2107,0.4100,1.0712,9.7374,1.0291,-0.4893,4.0000,989.34,172.11,0.0000,0.0000
38.600,3,10,0,-17.6765,74.8993,1.4257,-0.8067,2.3648,2.4987,3,1,3.00,-7.5128,92.0806,20.0486,0.5954,1.0712,9.7418,1.0102,-0.4490,4.0000,976.50,103.85,0.0000,0.0000
38.700,3,10,0,-17.7137,75.0182,1.3721,-0.8002,2.3872,2.5177,3,1,3.00,-7.5128,92.0806,19.8792,0.7805,1.0712,9.7766,0.9916,-0.4007,4.0000,992.60,220.95,0.0000,0.0000
38.800,3,10,0,-17.7843,75.2688,1.3120,-0.7655,2.4323,2.5499,3,1,3.00,-7.5128,92.0806,19.7888,0.8747,1.0712,9.7902,0.9821,-0.3566,4.0000,993.37,111.11,0.0000,0.0000
38.900,3,10,0,-17.8467,75.5259,1.2586,-0.7142,2.4846,2.5852,3,1,3.00,-7.5128,92.0806,19.6064,1.0546,1.0712,9.8419,0.9645,-0.3209,4.0000,994.13,304.41,0.0000,0.0000
39.000,3,10,0,-17.9002,75.7908,1.1921,-0.6485,2.5466,2.6278,3,1,3.00,-7.5128,92.0806,19.4161,1.2306,1.0712,9.8983,0.9475,-0.2777,4.0000,995.15,407.99,0.0000,0.0000
39.100,3,10,0,-17.9234,75.9308,1.1398,-0.6081,2.5756,2.6465,3,1,3.00,-7.5128,92.0806,19.3198,1.3144,1.0712,9.9418,0.9398,-0.2325,4.0000,990.99,348.28,0.0000,0.0000
39.200,3,10,0,-17.9584,76.2096,1.0823,-0.5139,2.6521,2.7014,3,1,3.00,-7.5128,92.0806,19.1120,1.4826,1.0712,10.0198,0.9243,-0.1898,4.0000,996.34,457.75,0.0000,0.0000
39.300,3,10,0,-17.9781,76.4961,1.0265,-0.3987,2.7281,2.7571,3,1,3.00,-7.5128,92.0806,18.8913,1.6425,1.0712,10.1035,0.9101,-0.1411,4.0000,994.39,455.71,0.0000,0.0000
39.400,3,10,0,-17.9798,76.7896,0.9722,-0.2602,2.8025,2.8145,3,1,3.00,-7.5128,92.0806,18.6567,1.7912,1.0712,10.1887,0.8972,-0.0988,4.0000,996.14,597.36,0.0000,0.0000
39.500,3,10,0,-17.9740,76.9343,0.9201,-0.1839,2.8449,2.8508,3,1,3.00,-7.5128,92.0806,18.4078,1.9269,1.0712,10.2763,0.8859,-0.0571,4.0000,995.18,670.24,0.0000,0.0000
39.600,3,10,0,-17.9476,77.2371,0.8700,-0.0201,2.9132,2.9133,3,1,3.00,-7.5128,92.0806,18.1443,2.0488,1.0712,10.3700,0.8762,-0.0158,4.0000,988.14,742.84,0.0000,0.0000
39.700,3,10,0,-17.9020,77.5447,0.8223,0.1541,2.9742,2.9782,3,1,3.00,-7.5128,92.0806,18.0031,2.1060,1.0712,10.4078,0.8716,0.0283,4.0000,986.93,743.42,0.0000,0.0000
39.800,3,10,0,-17.8362,77.8553,0.7724,0.3387,3.0234,3.0423,3,1,3.00,-7.5128,92.0806,17.7189,2.2052,1.0712,10.5050,0.8643,0.0674,4.0000,997.26,811.91,0.0000,0.0000
39.900,3,10,0,-17.7494,78.1665,0.7302,0.5325,3.0573,3.1033,3,1,3.00,-7.5128,92.0806,17.4221,2.2870,1.0712,10.5988,0.8587,0.1101,4.0000,990.13,909.45,0.0000,0.0000
40.000,3,10,0,-17.6967,78.3264,0.6952,0.6288,3.0608,3.1248,3,1,3.00,-7.5128,92.0806,17.2740,2.3201,1.0712,10.6549,0.8568,0.1399,4.0000,995.12,940.00,0.0000,0.0000
40.100,3,10,0,-17.5786,78.6360,0.6586,0.8286,3.0724,3.1822,3,1,3.00,-7.5128,92.0806,16.9607,2.3745,1.0712,10.7414,0.8537,0.1752,4.0000,982.89,933.72,0.0000,0.0000
40.200,3,10,0,-17.4406,78.9436,0.6217,1.0280,3.0727,3.2401,3,1,3.00,-7.5128,92.0806,16.6368,2.4100,1.0712,10.8286,0.8522,0.2088,4.0000,983.86,968.16,0.0000,0.0000
40.300,3,10,0,-17.2848,79.2477,0.5915,1.2194,3.0603,3.2943,3,1,3.00,-7.5128,92.0806,16.3040,2.4278,1.0712,10.9135,0.8523,0.2444,4.0000,994.42,972.36,0.0000,0.0000
40.400,3,10,0,-17.1125,79.5468,0.5639,1.4013,3.0342,3.3421,3,1,3.00,-7.5128,92.0806,15.9645,2.4285,1.0712,10.9906,0.8538,0.2749,4.0000,995.25,946.11,0.0000,0.0000
40.500,3,10,0,-16.9253,79.8395,0.5385,1.5711,2.9942,3.3814,3,1,3.00,-7.5128,92.0806,15.6200,2.4125,1.0712,11.0566,0.8564,0.3068,4.0000,962.39,990.42,0.0000,0.0000
40.600,3,10,0,-16.7258,80.1248,0.5126,1.7241,2.9421,3.4100,3,1,3.00,-7.5128,92.0806,15.2729,2.3812,1.0712,11.1076,0.8600,0.3347,4.0000,982.38,980.52,0.0000,0.0000
40.700,3,10,0,-16.6250,80.2605,0.4911,1.7990,2.9191,3.4289,3,1,3.00,-7.5128,92.0806,14.9247,2.3362,1.0712,11.1434,0.8646,0.3641,4.0000,938.98,992.87,0.0000,0.0000
40.800,3,10,0,-16.4101,80.5345,0.4693,1.9277,2.8554,3.4452,3,1,3.00,-7.5128,92.0806,14.5764,2.2788,1.0712,11.1678,0.8699,0.3922,4.0000,938.87,973.78,0.0000,0.0000
40.900,3,10,0,-16.1866,80.8006,0.4514,2.0406,2.7857,3.4531,3,1,3.00,-7.5128,92.0806,14.3975,2.2448,1.0712,11.1633,0.8728,0.4116,4.0000,918.15,978.66,0.0000,0.0000
41.000,3,10,0,-15.9558,81.0581,0.4353,2.1392,2.7099,3.4525,3,1,3.00,-7.5128,92.0806,14.0514,2.1705,1.0712,11.1688,0.8793,0.4370,4.0000,807.93,983.24,0.0000,0.0000
41.100,3,10,0,-15.7195,81.3055,0.4228,2.2216,2.6252,3.4390,3,1,3.00,-7.5128,92.0806,13.7087,2.0862,1.0712,11.1595,0.8864,0.4592,4.0000,762.09,968.57,0.0000,0.0000
41.200,3,10,0,-15.5963,81.4287,0.4112,2.2511,2.5741,3.4196,3,1,3.00,-7.5128,92.0806,13.5444,2.0419,1.0712,11.1586,0.8902,0.4729,4.0000,723.83,983.25,0.0000,0.0000
41.300,3,10,0,-15.3544,81.6606,0.4041,2.3109,2.4809,3.3905,3,1,3.00,-7.5128,92.0806,13.2106,1.9447,1.0712,11.1200,0.8981,0.4901,4.0000,515.67,987.70,0.0000,0.0000
41.400,3,10,0,-15.2361,81.7697,0.3981,2.3419,2.4393,3.3815,3,1,3.00,-7.5128,92.0806,12.8827,1.8400,1.0712,11.0723,0.9065,0.5058,4.0000,506.61,985.77,0.0000,0.0000
41.500,3,10,0,-14.9926,81.9857,0.3951,2.3764,2.3383,3.3339,3,1,3.00,-7.5128,92.0806,12.5640,1.7298,1.0712,11.0009,0.9153,0.5197,4.0000,662.42,987.00,0.0000,0.0000
41.600,3,10,0,-14.7499,82.1902,0.3960,2.3963,2.2323,3.2750,3,1,3.00,-7.5128,92.0806,12.4042,1.6712,1.0712,10.9454,0.9197,0.5245,4.0000,580.08,969.48,0.0000,0.0000
41.700,3,10,0,-14.5062,82.3851,0.4004,2.4124,2.1305,3.2185,3,1,3.00,-7.5128,92.0806,12.0995,1.5532,1.0712,10.8591,0.9292,0.5311,4.0000,430.73,990.22,0.0000,0.0000
41.800,3,10,0,-14.3809,82.4818,0.4083,2.4119,2.0760,3.1823,3,1,3.00,-7.5128,92.0806,11.9545,1.4941,1.0712,10.8277,0.9341,0.5307,4.0000,418.20,976.53,0.0000,0.0000
41.900,3,10,0,-14.1386,82.6619,0.4187,2.4148,1.9762,3.1204,3,1,3.00,-7.5128,92.0806,11.6623,1.3695,1.0712,10.7386,0.9444,0.5326,4.0000,380.44,990.66,0.0000,0.0000
42.000,3,10,0,-13.8975,82.8335,0.4325,2.4128,1.8812,3.0595,3,1,3.00,-7.5128,92.0806,11.3796,1.2417,1.0712,10.6445,0.9551,0.5316,4.0000,409.98,987.32,0.0000,0.0000
42.100,3,10,0,-13.7809,82.9139,0.4493,2.4164,1.8400,3.0372,3,1,3.00,-7.5128,92.0806,11.1048,1.1107,1.0712,10.5558,0.9664,0.5238,4.0000,432.22,989.64,0.0000,0.0000
42.200,3,10,0,-13.5404,83.0748,0.4716,2.4135,1.7572,2.9854,3,1,3.00,-7.5128,92.0806,10.9661,1.0421,1.0712,10.5051,0.9723,0.5111,4.0000,366.82,991.60,0.0000,0.0000
42.300,3,10,0,-13.3005,83.2295,0.4942,2.4095,1.6814,2.9382,3,1,3.00,-7.5128,92.0806,10.7014,0.9068,1.0712,10.4321,0.9845,0.5020,4.0000,400.14,986.29,0.0000,0.0000
42.400,3,10,0,-13.1773,83.3068,0.5228,2.4015,1.6426,2.9095,3,1,3.00,-7.5128,92.0806,10.5754,0.8403,1.0712,10.4072,0.9907,0.4842,4.0000,379.51,994.27,0.0000,0.0000
42.500,3,10,0,-12.9382,83.4538,0.5541,2.3970,1.5797,2.8707,3,1,3.00,-7.5128,92.0806,10.3203,0.7017,1.0712,10.3437,1.0035,0.4671,4.0000,450.90,987.69,0.0000,0.0000
42.600,3,10,0,-12.6993,83.5976,0.5879,2.3935,1.5281,2.8397,3,1,3.00,-7.5128,92.0806,10.0701,0.5615,1.0712,10.2910,1.0167,0.4479,4.0000,312.14,987.64,0.0000,0.0000
42.700,3,10,0,-12.4603,83.7394,0.6236,2.3916,1.4879,2.8167,3,1,3.00,-7.5128,92.0806,9.8236,0.4201,1.0712,10.2515,1.0303,0.4267,4.0000,291.07,986.58,0.0000,0.0000
42.800,3,10,0,-12.3445,83.8072,0.6571,2.3955,1.4728,2.8121,3,1,3.00,-7.5128,92.0806,9.5810,0.2779,1.0712,10.2181,1.0440,0.4039,4.0000,309.00,993.57,0.0000,0.0000
42.900,3,10,0,-12.1066,83.9447,0.6971,2.3911,1.4380,2.7902,3,1,3.00,-7.5128,92.0806,9.4581,0.2044,1.0712,10.1916,1.0512,0.3720,4.0000,472.43,985.76,0.0000,0.0000
43.000,3,10,0,-11.8680,84.0820,0.7387,2.3908,1.4157,2.7785,3,1,3.00,-7.5128,92.0806,9.2219,0.0610,1.0712,10.1638,1.0652,0.3451,4.0000,447.85,985.01,0.0000,0.0000
43.100,3,10,0,-11.6275,84.2227,0.7807,2.3973,1.4139,2.7832,3,1,3.00,-7.5128,92.0806,8.9854,-0.0828,1.0712,10.1595,1.0794,0.3221,4.0000,434.92,994.28,0.0000,0.0000
43.200,3,10,0,-11.3858,84.3671,0.8275,2.4060,1.4263,2.7971,3,1,3.00,-7.5128,92.0806,8.7473,-0.2262,1.0712,10.1739,1.0935,0.2895,4.0000,478.02,984.79,0.0000,0.0000
43.300,3,10,0,-11.1428,84.5171,0.8696,2.4164,1.4543,2.8203,3,1,3.00,-7.5128,92.0806,8.5072,-0.3685,1.0712,10.2015,1.1073,0.2565,4.0000,570.99,980.89,0.0000,0.0000
43.400,3,10,0,-10.8988,84.6732,0.9161,2.4261,1.4946,2.8496,3,1,3.00,-7.5128,92.0806,8.2638,-0.5090,1.0712,10.2414,1.1209,0.2280,4.0000,594.37,996.32,0.0000,0.0000
43.500,3,10,0,-10.7730,84.7567,0.9576,2.4249,1.5168,2.8603,3,1,3.00,-7.5128,92.0806,8.1446,-0.5763,1.0712,10.2744,1.1273,0.1926,4.0000,546.33,990.77,0.0000,0.0000
43.600,3,10,0,-10.5285,84.9254,0.9983,2.4314,1.5783,2.8988,3,1,3.00,-7.5128,92.0806,7.8950,-0.7122,1.0712,10.3293,1.1401,0.1598,4.0000,605.87,993.13,0.0000,0.0000
43.700,3,10,0,-10.2849,85.1034,1.0383,2.4321,1.6508,2.9394,3,1,3.00,-7.5128,92.0806,7.6407,-0.8437,1.0712,10.3887,1.1523,0.1361,4.0000,675.08,994.01,0.0000,0.0000
43.800,3,10,0,-10.0433,85.2912,1.0773,2.4256,1.7331,2.9812,3,1,3.00,-7.5128,92.0806,7.3813,-0.9692,1.0712,10.4508,1.1637,0.1079,4.0000,738.43,987.21,0.0000,0.0000
43.900,3,10,0,-9.8044,85.4900,1.1190,2.4116,1.8249,3.0243,3,1,3.00,-7.5128,92.0806,7.1163,-1.0877,1.0712,10.5147,1.1743,0.0759,4.0000,662.60,981.00,0.0000,0.0000
44.000,3,10,0,-9.5694,85.6986,1.1553,2.3886,1.9190,3.0640,3,1,3.00,-7.5128,92.0806,6.8459,-1.1983,1.0712,10.5779,1.1840,0.0488,4.0000,755.12,995.17,0.0000,0.0000
44.100,3,10,0,-9.4569,85.8033,1.1902,2.3794,1.9715,3.0900,3,1,3.00,-7.5128,92.0806,6.5714,-1.3006,1.0712,10.6351,1.1929,0.0181,4.0000,798.54,986.83,0.0000,0.0000
44.200,3,10,0,-9.2290,86.0270,1.2203,2.3440,2.0698,3.1270,3,1,3.00,-7.5128,92.0806,6.4283,-1.3496,1.0712,10.6518,1.1973,-0.0081,4.0000,821.82,980.89,0.0000,0.0000
44.300,3,10,0,-9.0068,86.2617,1.2562,2.3004,2.1722,3.1640,3,1,3.00,-7.5128,92.0806,6.1463,-1.4373,1.0712,10.7070,1.2047,-0.0339,4.0000,895.99,990.05,0.0000,0.0000
44.400,3,10,0,-8.7912,86.5075,1.2901,2.2487,2.2780,3.2009,3,1,3.00,-7.5128,92.0806,5.8592,-1.5143,1.0712,10.7620,1.2110,-0.0625,4.0000,893.27,996.51,0.0000,0.0000
44.500,3,10,0,-8.5828,86.7645,1.3186,2.1898,2.3862,3.2387,3,1,3.00,-7.5128,92.0806,5.5665,-1.5798,1.0712,10.8185,1.2162,-0.0867,4.0000,898.48,984.34,0.0000,0.0000
44.600,3,10,0,-8.3818,87.0316,1.3482,2.1250,2.4916,3.2747,3,1,3.00,-7.5128,92.0806,5.2689,-1.6338,1.0712,10.8741,1.2204,-0.1133,4.0000,903.64,986.05,0.0000,0.0000
44.700,3,10,0,-8.1889,87.3078,1.3731,2.0546,2.5913,3.3070,3,1,3.00,-7.5128,92.0806,4.9677,-1.6764,1.0712,10.9254,1.2235,-0.1360,3.9741,891.08,988.85,0.0000,0.0000
44.800,3,10,0,-8.0928,87.4531,1.3966,2.0131,2.6321,3.3137,3,1,3.00,-7.5128,92.0806,4.8205,-1.6930,1.0712,10.9605,1.2245,-0.1593,3.8564,890.01,981.45,0.0000,0.0000
44.900,3,10,0,-7.9126,87.7406,1.4140,1.9360,2.7190,3.3379,3,1,3.00,-7.5128,92.0806,4.5156,-1.7189,1.0712,11.0018,1.2262,-0.1780,3.6125,902.97,981.39,0.0000,0.0000
45.000,3,10,0,-7.8283,87.8821,1.4308,1.9003,2.7651,3.3551,3,1,3.00,-7.5128,92.0806,4.2103,-1.7343,1.0712,11.0327,1.2271,-0.1966,3.3682,908.93,985.67,0.0000,0.0000
45.100,3,10,0,-7.6609,88.1779,1.4492,1.8186,2.8370,3.3698,3,1,3.00,-7.5128,92.0806,4.0532,-1.7383,1.0712,11.0328,1.2275,-0.2149,3.2426,890.59,984.66,0.0000,0.0000
45.200,3,10,0,-7.5019,88.4781,1.4691,1.7359,2.8985,3.3786,3,1,3.00,-7.5128,92.0806,3.7491,-1.7385,1.0712,11.0507,1.2273,-0.2331,2.9993,930.97,920.37,0.0000,0.0000
45.300,3,10,0,-7.4236,88.6339,1.4860,1.6902,2.9181,3.3722,3,1,3.00,-7.5128,92.0806,3.6025,-1.7353,1.0712,11.0679,1.2267,-0.2488,2.8820,930.18,951.88,0.0000,0.0000
45.400,3,10,0,-7.2779,88.9393,1.4999,1.6050,2.9664,3.3728,3,1,3.00,-7.5128,92.0806,3.3029,-1.7217,1.0712,11.0709,1.2255,-0.2645,2.6423,833.11,851.24,0.0000,0.0000
45.500,3,10,0,-7.2103,89.0886,1.5132,1.5657,2.9950,3.3796,3,1,3.00,-7.5128,92.0806,3.0073,-1.6988,1.0712,11.0694,1.2235,-0.2859,2.4058,793.36,873.18,0.0000,0.0000
45.600,3,10,0,-7.0773,89.3960,1.5277,1.4804,3.0250,3.3678,3,1,3.00,-7.5128,92.0806,2.8579,-1.6839,1.0712,11.0514,1.2224,-0.2999,2.2863,801.41,856.30,0.0000,0.0000
45.700,4,10,0,-7.0121,89.5537,1.5433,1.4353,3.0266,3.3497,4,1,3.00,9.5068,103.5601,21.6576,-2.3749,0.5934,11.0246,0.8056,-0.7309,4.0000,796.45,757.35,0.0000,0.0000
45.800,4,10,0,-6.8915,89.8588,1.5534,1.3518,3.0344,3.3219,4,1,3.00,9.5068,103.5601,21.5164,-2.2852,0.5934,11.0173,0.7979,-0.7488,4.0000,902.99,603.55,0.0000,0.0000
45.900,4,10,0,-6.8362,90.0057,1.5668,1.3119,3.0396,3.3106,4,1,3.00,9.5068,103.5601,21.2324,-2.0985,0.5934,10.9659,0.7825,-0.7787,4.0000,906.34,672.25,0.0000,0.0000
46.000,4,10,0,-6.7298,90.3052,1.5761,1.2220,3.0249,3.2624,4,1,3.00,9.5068,103.5601,21.0908,-2.0016,0.5934,10.9203,0.7747,-0.7983,4.0000,981.97,388.87,0.0000,0.0000
46.100,4,10,0,-6.6334,90.6013,1.5828,1.1282,3.0031,3.2080,4,1,3.00,9.5068,103.5601,20.8239,-1.8114,0.5934,10.8435,0.7589,-0.8215,4.0000,975.16,186.88,0.0000,0.0000
46.200,4,10,0,-6.5484,90.8903,1.5838,1.0269,2.9624,3.1353,4,1,3.00,9.5068,103.5601,20.5697,-1.6190,0.5934,10.7520,0.7429,-0.8412,4.0000,988.39,99.97,0.0000,0.0000
46.300,4,10,0,-6.5093,91.0352,1.5775,0.9718,2.9271,3.0842,4,1,3.00,9.5068,103.5601,20.4522,-1.5261,0.5934,10.7030,0.7350,-0.8469,4.0000,983.48,36.03,0.0000,0.0000
46.400,4,10,0,-6.4420,91.3091,1.5653,0.8634,2.8580,2.9856,4,1,3.00,9.5068,103.5601,20.2226,-1.3356,0.5934,10.5652,0.7191,-0.8546,4.0000,974.12,-159.27,0.0000,0.0000
46.500,4,10,0,-6.3856,91.5718,1.5438,0.7548,2.7736,2.8745,4,1,3.00,9.5068,103.5601,20.0098,-1.1474,0.5934,10.4071,0.7032,-0.8535,4.0000,981.55,-67.29,0.0000,0.0000
46.600,4,10,0,-6.3621,91.6949,1.5175,0.7017,2.7317,2.8204,4,1,3.00,9.5068,103.5601,19.8143,-0.9632,0.5934,10.2306,0.6873,-0.8442,4.0000,993.96,-32.49,0.0000,0.0000
46.700,4,10,0,-6.3213,91.9410,1.4807,0.5951,2.6346,2.7010,4,1,3.00,9.5068,103.5601,19.7202,-0.8697,0.5934,10.1307,0.6790,-0.8189,4.0000,990.68,-117.75,0.0000,0.0000
46.800,4,10,0,-6.2884,92.1801,1.4426,0.4986,2.5473,2.5957,4,1,3.00,9.5068,103.5601,19.5475,-0.6892,0.5934,9.9615,0.6625,-0.7950,4.0000,982.31,-289.31,0.0000,0.0000
46.900,4,10,0,-6.2626,92.4115,1.3940,0.4110,2.4635,2.4976,4,1,3.00,9.5068,103.5601,19.3862,-0.5105,0.5934,9.8108,0.6454,-0.7763,4.0000,996.20,-150.31,0.0000,0.0000
47.000,4,10,0,-6.2424,92.6381,1.3334,0.3353,2.3935,2.4169,4,1,3.00,9.5068,103.5601,19.2362,-0.3339,0.5934,9.6727,0.6279,-0.7364,4.0000,990.91,-164.61,0.0000,0.0000
47.100,4,10,0,-6.2334,92.7544,1.2812,0.3030,2.3620,2.3814,4,1,3.00,9.5068,103.5601,19.1658,-0.2481,0.5934,9.6253,0.6192,-0.6949,4.0000,974.35,-192.35,0.0000,0.0000
47.200,4,10,0,-6.2186,92.9794,1.2190,0.2470,2.3209,2.3340,4,1,3.00,9.5068,103.5601,19.0244,-0.0705,0.5934,9.5410,0.6008,-0.6532,4.0000,991.71,-84.31,0.0000,0.0000
47.300,4,10,0,-6.2050,93.2055,1.1542,0.2070,2.2989,2.3082,4,1,3.00,9.5068,103.5601,18.8873,0.1085,0.5934,9.4850,0.5820,-0.6085,4.0000,989.83,-267.66,0.0000,0.0000
47.400,4,10,0,-6.1909,93.4333,1.0871,0.1834,2.2910,2.2983,4,1,3.00,9.5068,103.5601,18.7507,0.2891,0.5934,9.4613,0.5629,-0.5619,4.0000,997.41,-107.09,0.0000,0.0000
47.500,4,10,0,-6.1833,93.5444,1.0184,0.1780,2.2958,2.3027,4,1,3.00,9.5068,103.5601,18.6144,0.4702,0.5934,9.4540,0.5437,-0.5055,4.0000,974.51,-34.29,0.0000,0.0000
47.600,4,10,0,-6.1635,93.7768,0.9490,0.1866,2.3077,2.3152,4,1,3.00,9.5068,103.5601,18.5427,0.5636,0.5934,9.4517,0.5338,-0.4537,4.0000,997.09,-45.82,0.0000,0.0000
47.700,4,10,0,-6.1356,94.0132,0.8798,0.2209,2.3300,2.3405,4,1,3.00,9.5068,103.5601,18.3982,0.7447,0.5934,9.4819,0.5150,-0.3956,4.0000,990.49,185.89,0.0000,0.0000
47.800,4,10,0,-6.0980,94.2545,0.8112,0.2788,2.3620,2.3784,4,1,3.00,9.5068,103.5601,18.2464,0.9246,0.5934,9.5277,0.4967,-0.3373,4.0000,998.67,164.10,0.0000,0.0000
47.900,4,10,0,-6.0459,94.5013,0.7442,0.3683,2.4024,2.4304,4,1,3.00,9.5068,103.5601,18.0828,1.1020,0.5934,9.5960,0.4791,-0.2947,4.0000,982.83,361.17,0.0000,0.0000
48.000,4,10,0,-6.0127,94.6302,0.6787,0.4225,2.4176,2.4542,4,1,3.00,9.5068,103.5601,17.9985,1.1867,0.5934,9.6457,0.4710,-0.2439,4.0000,994.86,304.38,0.0000,0.0000
48.100,4,10,0,-5.9333,94.8837,0.6157,0.5570,2.4593,2.5216,4,1,3.00,9.5068,103.5601,17.8131,1.3564,0.5934,9.7392,0.4550,-0.1954,4.0000,990.20,453.79,0.0000,0.0000
48.200,4,10,0,-5.8330,95.1400,0.5618,0.7188,2.4963,2.5977,4,1,3.00,9.5068,103.5601,17.6103,1.5179,0.5934,9.8473,0.4405,-0.1480,4.0000,986.02,474.50,0.0000,0.0000
48.300,4,10,0,-5.7111,95.3973,0.4974,0.9000,2.5229,2.6787,4,1,3.00,9.5068,103.5601,17.3894,1.6691,0.5934,9.9667,0.4275,-0.0953,4.0000,984.57,668.40,0.0000,0.0000
48.400,4,10,0,-5.5678,95.6530,0.4420,1.0929,2.5343,2.7599,4,1,3.00,9.5068,103.5601,17.1515,1.8080,0.5934,10.0888,0.4161,-0.0564,4.0000,998.06,640.30,0.0000,0.0000
48.500,4,10,0,-5.4018,95.9050,0.3842,1.2983,2.5282,2.8421,4,1,3.00,9.5068,103.5601,16.8968,1.9325,0.5934,10.2119,0.4064,-0.0063,4.0000,987.02,743.15,0.0000,0.0000
48.600,4,10,0,-5.3134,96.0253,0.3407,1.4067,2.5239,2.8895,4,1,3.00,9.5068,103.5601,16.7591,1.9901,0.5934,10.2631,0.4019,0.0398,4.0000,990.52,670.57,0.0000,0.0000
48.700,4,10,0,-5.1162,96.2681,0.2996,1.6140,2.4898,2.9672,4,1,3.00,9.5068,103.5601,16.4803,2.0894,0.5934,10.3829,0.3948,0.0800,4.0000,988.18,869.03,0.0000,0.0000
48.800,4,10,0,-4.8993,96.5028,0.2562,1.8177,2.4385,3.0414,4,1,3.00,9.5068,103.5601,16.1884,2.1716,0.5934,10.4954,0.3894,0.1143,4.0000,990.27,933.52,0.0000,0.0000
48.900,4,10,0,-4.7795,96.6199,0.2248,1.9151,2.4013,3.0715,4,1,3.00,9.5068,103.5601,16.0419,2.2048,0.5934,10.5622,0.3876,0.1452,4.0000,993.41,885.45,0.0000,0.0000
49.000,4,10,0,-4.6618,96.7279,0.1997,2.0223,2.3711,3.1164,4,1,3.00,9.5068,103.5601,15.7298,2.2586,0.5934,10.6745,0.3849,0.1728,4.0000,987.90,899.20,0.0000,0.0000
49.100,4,10,0,-4.4065,96.9425,0.1684,2.2171,2.2897,3.1872,4,1,3.00,9.5068,103.5601,15.5647,2.2790,0.5934,10.7175,0.3839,0.2079,4.0000,984.25,961.31,0.0000,0.0000
49.200,4,10,0,-4.1356,97.1456,0.1360,2.3975,2.1962,3.2514,4,1,3.00,9.5068,103.5601,15.2371,2.3047,0.5934,10.8186,0.3835,0.2334,4.0000,987.68,964.31,0.0000,0.0000
49.300,4,10,0,-3.9907,97.2455,0.1064,2.4755,2.1410,3.2730,4,1,3.00,9.5068,103.5601,15.0752,2.3107,0.5934,10.8771,0.3841,0.2616,4.0000,990.04,960.21,0.0000,0.0000
49.400,4,10,0,-3.7001,97.4303,0.0822,2.6302,2.0343,3.3251,4,1,3.00,9.5068,103.5601,14.7365,2.3100,0.5934,10.9623,0.3857,0.2886,4.0000,986.48,973.77,0.0000,0.0000
49.500,4,10,0,-3.4001,97.6031,0.0598,2.7633,1.9228,3.3665,4,1,3.00,9.5068,103.5601,14.3931,2.2931,0.5934,11.0328,0.3885,0.3149,4.0000,981.42,957.92,0.0000,0.0000
49.600,4,10,0,-3.2518,97.6828,0.0388,2.8282,1.8702,3.3907,4,1,3.00,9.5068,103.5601,14.0473,2.2618,0.5934,11.0860,0.3921,0.3457,4.0000,926.35,971.79,0.0000,0.0000
49.700,4,10,0,-2.9418,97.8381,0.0192,2.9286,1.7555,3.4144,4,1,3.00,9.5068,103.5601,13.8688,2.2404,0.5934,11.0943,0.3941,0.3654,4.0000,833.57,990.93,0.0000,0.0000
49.800,4,10,0,-2.6280,97.9813,-0.0008,3.0062,1.6381,3.4235,4,1,3.00,9.5068,103.5601,13.5227,2.1894,0.5934,11.1197,0.3990,0.3912,4.0000,858.51,986.75,0.0000,0.0000
49.900,4,10,0,-2.4656,98.0502,-0.0163,3.0295,1.5754,3.4147,4,1,3.00,9.5068,103.5601,13.3557,2.1605,0.5934,11.1352,0.4018,0.4087,4.0000,875.07,991.71,0.0000,0.0000
50.000,4,10,0,-2.1482,98.1755,-0.0302,3.0809,1.4585,3.4086,4,1,3.00,9.5068,103.5601,13.0138,2.0924,0.5934,11.1303,0.4076,0.4293,4.0000,803.02,993.40,0.0000,0.0000
50.100,4,10,0,-1.9935,98.2324,-0.0408,3.1094,1.4037,3.4115,4,1,3.00,9.5068,103.5601,12.6744,2.0138,0.5934,11.1173,0.4142,0.4506,4.0000,720.99,995.90,0.0000,0.0000
50.200,4,10,0,-1.6757,98.3411,-0.0520,3.1354,1.2889,3.3900,4,1,3.00,9.5068,103.5601,12.5016,1.9697,0.5934,11.0926,0.4177,0.4663,4.0000,815.96,986.43,0.0000,0.0000
50.300,4,10,0,-1.3596,98.4389,-0.0599,3.1464,1.1763,3.3591,4,1,3.00,9.5068,103.5601,12.1712,1.8781,0.5934,11.0501,0.4250,0.4826,4.0000,597.36,973.73,0.0000,0.0000
50.400,4,10,0,-1.0450,98.5267,-0.0649,3.1476,1.0679,3.3238,4,1,3.00,9.5068,103.5601,11.8460,1.7783,0.5934,11.0028,0.4332,0.4962,4.0000,531.32,983.55,0.0000,0.0000
50.500,4,10,0,-0.8849,98.5679,-0.0663,3.1336,1.0126,3.2932,4,1,3.00,9.5068,103.5601,11.6908,1.7274,0.5934,10.9857,0.4374,0.5032,4.0000,586.23,991.75,0.0000,0.0000
50.600,4,10,0,-0.5786,98.6403,-0.0638,3.1073,0.9080,3.2373,4,1,3.00,9.5068,103.5601,11.3783,1.6187,0.5934,10.9110,0.4461,0.5119,4.0000,538.74,988.28,0.0000,0.0000
50.700,4,10,0,-0.2769,98.7037,-0.0572,3.0734,0.8087,3.1780,4,1,3.00,9.5068,103.5601,11.0755,1.5051,0.5934,10.8220,0.4552,0.5173,4.0000,643.62,982.76,0.0000,0.0000
50.800,4,10,0,-0.1319,98.7316,-0.0483,3.0630,0.7633,3.1567,4,1,3.00,9.5068,103.5601,10.7805,1.3868,0.5934,10.7351,0.4649,0.5180,4.0000,468.90,981.86,0.0000,0.0000
50.900,4,10,0,0.1644,98.7838,-0.0351,3.0282,0.6758,3.1027,4,1,3.00,9.5068,103.5601,10.6313,1.3242,0.5934,10.6841,0.4701,0.5129,4.0000,495.44,987.83,0.0000,0.0000
51.000,4,10,0,0.4562,98.8290,-0.0182,2.9897,0.5944,3.0482,4,1,3.00,9.5068,103.5601,10.3475,1.2000,0.5934,10.6021,0.4807,0.5069,4.0000,452.70,968.10,0.0000,0.0000
51.100,4,10,0,0.7449,98.8680,0.0045,2.9537,0.5203,2.9992,4,1,3.00,9.5068,103.5601,10.0710,1.0725,0.5934,10.5249,0.4918,0.4992,4.0000,348.56,983.63,0.0000,0.0000
51.200,4,10,0,1.0300,98.9016,0.0313,2.9180,0.4534,2.9530,4,1,3.00,9.5068,103.5601,9.8010,0.9421,0.5934,10.4539,0.5035,0.4861,4.0000,454.26,985.76,0.0000,0.0000
51.300,4,10,0,1.3121,98.9305,0.0588,2.8844,0.3939,2.9111,4,1,3.00,9.5068,103.5601,9.5379,0.8094,0.5934,10.3862,0.5156,0.4725,4.0000,425.96,992.97,0.0000,0.0000
51.400,4,10,0,1.5930,98.9562,0.0888,2.8587,0.3445,2.8794,4,1,3.00,9.5068,103.5601,9.2796,0.6745,0.5934,10.3314,0.5282,0.4563,4.0000,413.12,986.40,0.0000,0.0000
51.500,4,10,0,1.7371,98.9684,0.1173,2.8413,0.3226,2.8596,4,1,3.00,9.5068,103.5601,9.1556,0.6084,0.5934,10.3191,0.5345,0.4317,4.0000,354.77,973.80,0.0000,0.0000
51.600,4,10,0,2.0160,98.9904,0.1436,2.8214,0.2854,2.8358,4,1,3.00,9.5068,103.5601,8.9029,0.4712,0.5934,10.2813,0.5476,0.4191,4.0000,302.90,968.02,0.0000,0.0000
51.700,4,10,0,2.1503,99.0001,0.1753,2.8168,0.2687,2.8296,4,1,3.00,9.5068,103.5601,8.6552,0.3332,0.5934,10.2444,0.5609,0.3977,4.0000,322.37,985.42,0.0000,0.0000
51.800,4,10,0,2.4261,99.0188,0.2130,2.7972,0.2391,2.8074,4,1,3.00,9.5068,103.5601,8.5295,0.2618,0.5934,10.2170,0.5678,0.3718,4.0000,443.31,995.27,0.0000,0.0000
51.900,4,10,0,2.7023,99.0369,0.2567,2.7862,0.2182,2.7948,4,1,3.00,9.5068,103.5601,8.2876,0.1227,0.5934,10.1897,0.5814,0.3423,4.0000,401.04,991.46,0.0000,0.0000
52.000,4,10,0,2.9803,99.0558,0.3016,2.7857,0.2082,2.7934,4,1,3.00,9.5068,103.5601,8.0468,-0.0170,0.5934,10.1798,0.5951,0.3160,4.0000,453.09,992.42,0.0000,0.0000
52.100,4,10,0,3.2603,99.0766,0.3428,2.7928,0.2085,2.8006,4,1,3.00,9.5068,103.5601,7.8061,-0.1566,0.5934,10.1839,0.6088,0.2843,4.0000,503.02,968.57,0.0000,0.0000
52.200,4,10,0,3.5430,99.1004,0.3889,2.8072,0.2196,2.8157,4,1,3.00,9.5068,103.5601,7.5645,-0.2955,0.5934,10.2015,0.6224,0.2566,4.0000,575.41,989.62,0.0000,0.0000
52.300,4,10,0,3.8291,99.1288,0.4351,2.8289,0.2441,2.8394,4,1,3.00,9.5068,103.5601,7.3215,-0.4330,0.5934,10.2291,0.6357,0.2237,4.0000,536.69,993.08,0.0000,0.0000
52.400,4,10,0,4.1194,99.1638,0.4761,2.8576,0.2831,2.8716,4,1,3.00,9.5068,103.5601,7.0746,-0.5679,0.5934,10.2722,0.6486,0.1907,4.0000,616.00,988.82,0.0000,0.0000
52.500,4,10,0,4.4130,99.2058,0.5211,2.8878,0.3338,2.9070,4,1,3.00,9.5068,103.5601,6.8242,-0.6994,0.5934,10.3230,0.6610,0.1624,4.0000,646.70,980.77,0.0000,0.0000
52.600,4,10,0,4.5657,99.2311,0.5562,2.8975,0.3644,2.9204,4,1,3.00,9.5068,103.5601,6.7013,-0.7615,0.5934,10.3605,0.6668,0.1324,4.0000,653.84,987.56,0.0000,0.0000
52.700,4,10,0,4.8646,99.2875,0.5904,2.9301,0.4366,2.9624,4,1,3.00,9.5068,103.5601,6.4436,-0.8852,0.5934,10.4226,0.6781,0.1089,4.0000,716.67,985.74,0.0000,0.0000
52.800,4,10,0,5.0106,99.3183,0.6197,2.9521,0.4777,2.9905,4,1,3.00,9.5068,103.5601,6.1813,-1.0024,0.5934,10.4858,0.6887,0.0815,4.0000,768.47,989.15,0.0000,0.0000
52.900,4,10,0,5.3132,99.3900,0.6521,2.9808,0.5657,3.0340,4,1,3.00,9.5068,103.5601,6.0445,-1.0599,0.5934,10.5071,0.6939,0.0540,4.0000,807.46,992.23,0.0000,0.0000
53.000,4,10,0,5.6178,99.4733,0.6870,3.0062,0.6639,3.0786,4,1,3.00,9.5068,103.5601,5.7744,-1.1654,0.5934,10.5736,0.7032,0.0315,4.0000,845.01,977.71,0.0000,0.0000
53.100,4,10,0,5.7751,99.5210,0.7205,3.0103,0.7147,3.0940,4,1,3.00,9.5068,103.5601,5.6415,-1.2135,0.5934,10.6179,0.7072,0.0051,4.0000,857.03,983.57,0.0000,0.0000
53.200,4,10,0,6.0815,99.6235,0.7451,3.0286,0.8268,3.1395,4,1,3.00,9.5068,103.5601,5.3635,-1.3052,0.5934,10.6864,0.7149,-0.0162,4.0000,882.69,990.58,0.0000,0.0000
53.300,4,10,0,6.3880,99.7390,0.7750,3.0411,0.9457,3.1847,4,1,3.00,9.5068,103.5601,5.0801,-1.3864,0.5934,10.7546,0.7216,-0.0370,4.0000,878.27,991.23,0.0000,0.0000
53.400,4,10,0,6.5366,99.7996,0.7968,3.0517,1.0090,3.2142,4,1,3.00,9.5068,103.5601,4.7920,-1.4567,0.5934,10.8213,0.7272,-0.0634,3.8336,884.41,989.60,0.0000,0.0000
53.500,4,10,0,6.8414,99.9332,0.8206,3.0521,1.1291,3.2542,4,1,3.00,9.5068,103.5601,4.6425,-1.4888,0.5934,10.8407,0.7299,-0.0820,3.7140,877.94,986.66,0.0000,0.0000
53.600,4,10,0,7.1439,100.0781,0.8486,3.0436,1.2463,3.2888,4,1,3.00,9.5068,103.5601,4.3503,-1.5430,0.5934,10.8968,0.7341,-0.1035,3.4802,867.14,985.89,0.0000,0.0000
53.700,4,10,0,7.2983,100.1565,0.8725,3.0286,1.2989,3.2954,4,1,3.00,9.5068,103.5601,4.2081,-1.5655,0.5934,10.9333,0.7356,-0.1237,3.3665,838.64,989.03,0.0000,0.0000
53.800,4,10,0,7.5950,100.3158,0.8928,3.0054,1.4048,3.3175,4,1,3.00,9.5068,103.5601,3.9156,-1.6044,0.5934,10.9729,0.7386,-0.1416,3.1325,815.94,991.66,0.0000,0.0000
53.900,4,10,0,7.8869,100.4831,0.9126,2.9734,1.5014,3.3310,4,1,3.00,9.5068,103.5601,3.6252,-1.6337,0.5934,10.9997,0.7408,-0.1594,2.9002,797.33,985.55,0.0000,0.0000
54.000,4,10,0,8.0267,100.5669,0.9345,2.9613,1.5501,3.3424,4,1,3.00,9.5068,103.5601,3.3392,-1.6539,0.5934,11.0136,0.7425,-0.1823,2.6713,865.37,986.56,0.0000,0.0000
54.100,4,10,0,8.3109,100.7445,0.9561,2.9193,1.6334,3.3452,4,1,3.00,9.5068,103.5601,3.1942,-1.6610,0.5934,11.0047,0.7432,-0.2033,2.5553,841.81,908.33,0.0000,0.0000
54.200,4,10,0,8.5897,100.9292,0.9771,2.8727,1.7124,3.3444,4,1,3.00,9.5068,103.5601,2.9174,-1.6681,0.5934,11.0068,0.7438,-0.2241,2.3339,797.44,915.27,0.0000,0.0000
54.300,5,10,0,8.8622,101.1199,0.9952,2.8202,1.7841,3.3372,5,1,3.00,28.4471,113.6966,23.4362,-1.8674,0.4914,11.0009,0.6595,-0.3267,4.0000,744.24,865.53,0.0000,0.0000
54.400,5,10,0,8.9999,101.2199,1.0151,2.7856,1.8118,3.3229,5,1,3.00,28.4471,113.6966,23.2753,-1.8473,0.4914,11.0058,0.6577,-0.3464,4.0000,837.51,910.09,0.0000,0.0000
54.500,5,10,0,9.2615,101.4169,1.0322,2.7235,1.8686,3.3029,5,1,3.00,28.4471,113.6966,22.9465,-1.8007,0.4914,10.9815,0.6539,-0.3677,4.0000,992.13,693.44,0.0000,0.0000
54.600,5,10,0,9.5154,101.6200,1.0478,2.6559,1.9269,3.2813,5,1,3.00,28.4471,113.6966,22.6214,-1.7464,0.4914,10.9503,0.6495,-0.3907,4.0000,975.02,712.57,0.0000,0.0000
54.700,5,10,0,9.6355,101.7206,1.0619,2.6248,1.9609,3.2764,5,1,3.00,28.4471,113.6966,22.3002,-1.6825,0.4914,10.9146,0.6443,-0.4117,4.0000,985.37,726.23,0.0000,0.0000
54.800,5,10,0,9.8763,101.9322,1.0724,2.5470,2.0184,3.2498,5,1,3.00,28.4471,113.6966,22.1366,-1.6461,0.4914,10.8836,0.6415,-0.4267,4.0000,987.03,702.23,0.0000,0.0000
54.900,5,10,0,10.1087,102.1490,1.0791,2.4670,2.0742,3.2231,5,1,3.00,28.4471,113.6966,21.8222,-1.5687,0.4914,10.8434,0.6351,-0.4415,4.0000,990.03,670.83,0.0000,0.0000
55.000,5,10,0,10.3330,102.3705,1.0824,2.3868,2.1268,3.1969,5,1,3.00,28.4471,113.6966,21.5123,-1.4831,0.4914,10.8039,0.6278,-0.4538,4.0000,985.92,696.18,0.0000,0.0000
55.100,5,10,0,10.5500,102.5963,1.0817,2.3088,2.1761,3.1727,5,1,3.00,28.4471,113.6966,21.2067,-1.3898,0.4914,10.7657,0.6198,-0.4627,4.0000,983.57,658.07,0.0000,0.0000
55.200,5,10,0,10.7597,102.8255,1.0779,2.2329,2.2194,3.1482,5,1,3.00,28.4471,113.6966,20.9055,-1.2896,0.4914,10.7300,0.6110,-0.4694,4.0000,984.71,486.54,0.0000,0.0000
55.300,5,10,0,10.9615,103.0561,1.0697,2.1555,2.2520,3.1173,5,1,3.00,28.4471,113.6966,20.6096,-1.1838,0.4914,10.6904,0.6017,-0.4727,4.0000,981.48,457.18,0.0000,0.0000
55.400,5,10,0,11.0621,103.1750,1.0582,2.1114,2.2589,3.0921,5,1,3.00,28.4471,113.6966,20.4686,-1.1308,0.4914,10.6759,0.5969,-0.4682,4.0000,984.43,465.24,0.0000,0.0000
55.500,5,10,0,11.2516,103.4058,1.0429,2.0323,2.2759,3.0512,5,1,3.00,28.4471,113.6966,20.1834,-1.0184,0.4914,10.6193,0.5870,-0.4632,4.0000,985.96,474.87,0.0000,0.0000
55.600,5,10,0,11.4335,103.6360,1.0192,1.9548,2.2845,3.0067,5,1,3.00,28.4471,113.6966,19.9058,-0.9029,0.4914,10.5535,0.5767,-0.4539,4.0000,985.49,433.65,0.0000,0.0000
55.700,5,10,0,11.6094,103.8658,0.9962,1.8834,2.2887,2.9640,5,1,3.00,28.4471,113.6966,19.6347,-0.7845,0.4914,10.4880,0.5661,-0.4458,4.0000,984.98,432.21,0.0000,0.0000
55.800,5,10,0,11.7797,104.0950,0.9732,1.8177,2.2892,2.9231,5,1,3.00,28.4471,113.6966,19.3695,-0.6638,0.4914,10.4246,0.5550,-0.4300,4.0000,989.80,388.51,0.0000,0.0000
55.900,5,10,0,11.9456,104.3242,0.9413,1.7599,2.2896,2.8878,5,1,3.00,28.4471,113.6966,19.1095,-0.5411,0.4914,10.3671,0.5435,-0.4109,4.0000,991.03,429.60,0.0000,0.0000
56.000,5,10,0,12.1087,104.5540,0.9098,1.7128,2.2923,2.8615,5,1,3.00,28.4471,113.6966,18.8534,-0.4164,0.4914,10.3198,0.5317,-0.3889,4.0000,980.31,453.27,0.0000,0.0000
56.100,5,10,0,12.1873,104.6661,0.8766,1.6980,2.3006,2.8593,5,1,3.00,28.4471,113.6966,18.5992,-0.2898,0.4914,10.2890,0.5195,-0.3721,4.0000,994.54,382.98,0.0000,0.0000
56.200,5,10,0,12.3483,104.8973,0.8375,1.6666,2.3064,2.8455,5,1,3.00,28.4471,113.6966,18.4688,-0.2240,0.4914,10.2684,0.5132,-0.3441,4.0000,992.52,553.67,0.0000,0.0000
56.300,5,10,0,12.5088,105.1295,0.8088,1.6456,2.3133,2.8389,5,1,3.00,28.4471,113.6966,18.2172,-0.0955,0.4914,10.2509,0.5007,-0.3164,4.0000,993.44,551.85,0.0000,0.0000
56.400,5,10,0,12.6719,105.3635,0.7717,1.6419,2.3245,2.8459,5,1,3.00,28.4471,113.6966,17.9644,0.0337,0.4914,10.2515,0.4881,-0.3002,4.0000,985.75,516.14,0.0000,0.0000
56.500,5,10,0,12.7572,105.4845,0.7386,1.6415,2.3252,2.8462,5,1,3.00,28.4471,113.6966,17.8408,0.0965,0.4914,10.2689,0.4820,-0.2773,4.0000,970.26,453.89,0.0000,0.0000
56.600,5,10,0,12.9240,105.7199,0.7093,1.6509,2.3347,2.8594,5,1,3.00,28.4471,113.6966,17.5847,0.2256,0.4914,10.2895,0.4695,-0.2566,4.0000,993.23,581.77,0.0000,0.0000
56.700,5,10,0,13.0061,105.8342,0.6756,1.6626,2.3443,2.8740,5,1,3.00,28.4471,113.6966,17.3274,0.3539,0.4914,10.3110,0.4571,-0.2312,4.0000,995.41,532.08,0.0000,0.0000
56.800,5,10,0,13.1787,106.0703,0.6462,1.6871,2.3515,2.8941,5,1,3.00,28.4471,113.6966,17.1937,0.4193,0.4914,10.3153,0.4508,-0.2039,4.0000,996.05,644.08,0.0000,0.0000
56.900,5,10,0,13.3567,106.3065,0.6042,1.7225,2.3565,2.9190,5,1,3.00,28.4471,113.6966,16.9317,0.5449,0.4914,10.3478,0.4388,-0.1863,4.0000,987.16,662.28,0.0000,0.0000
57.000,5,10,0,13.4513,106.4280,0.5750,1.7420,2.3528,2.9274,5,1,3.00,28.4471,113.6966,16.8027,0.6048,0.4914,10.3784,0.4332,-0.1584,4.0000,985.57,596.25,0.0000,0.0000
57.100,5,10,0,13.6409,106.6636,0.5385,1.7972,2.3532,2.9609,5,1,3.00,28.4471,113.6966,16.5327,0.7253,0.4914,10.4266,0.4219,-0.1368,4.0000,986.48,653.04,0.0000,0.0000
57.200,5,10,0,13.7356,106.7775,0.5065,1.8325,2.3569,2.9855,5,1,3.00,28.4471,113.6966,16.2573,0.8413,0.4914,10.4783,0.4113,-0.1111,4.0000,991.16,679.66,0.0000,0.0000
57.300,5,10,0,13.9371,107.0107,0.4752,1.9005,2.3493,3.0218,5,1,3.00,28.4471,113.6966,16.1133,0.8989,0.4914,10.4946,0.4059,-0.0808,4.0000,977.88,788.02,0.0000,0.0000
57.400,5,10,0,14.1478,107.2415,0.4447,1.9772,2.3353,3.0600,5,1,3.00,28.4471,113.6966,15.8291,1.0063,0.4914,10.5499,0.3963,-0.0596,4.0000,992.45,787.07,0.0000,0.0000
57.500,5,10,0,14.3690,107.4690,0.4084,2.0646,2.3144,3.1015,5,1,3.00,28.4471,113.6966,15.5378,1.1065,0.4914,10.6098,0.3875,-0.0387,4.0000,988.32,810.32,0.0000,0.0000
57.600,5,10,0,14.4869,107.5845,0.3808,2.1050,2.2958,3.1147,5,1,3.00,28.4471,113.6966,15.3939,1.1521,0.4914,10.6522,0.3837,-0.0142,4.0000,993.06,840.23,0.0000,0.0000
57.700,5,10,0,14.7231,107.8053,0.3545,2.1975,2.2632,3.1545,5,1,3.00,28.4471,113.6966,15.0925,1.2399,0.4914,10.7134,0.3762,0.0054,4.0000,992.55,930.71,0.0000,0.0000
57.800,5,10,0,14.8414,107.9106,0.3295,2.2508,2.2494,3.1821,5,1,3.00,28.4471,113.6966,14.7849,1.3186,0.4914,10.7731,0.3696,0.0278,4.0000,984.11,948.91,0.0000,0.0000
57.900,5,10,0,15.0927,108.1235,0.3030,2.3481,2.2063,3.2220,5,1,3.00,28.4471,113.6966,14.6238,1.3554,0.4914,10.7919,0.3665,0.0520,4.0000,988.27,968.54,0.0000,0.0000
58.000,5,10,0,15.3540,108.3302,0.2812,2.4462,2.1563,3.2609,5,1,3.00,28.4471,113.6966,14.3064,1.4193,0.4914,10.8509,0.3613,0.0721,4.0000,979.85,970.24,0.0000,0.0000
58.100,5,10,0,15.6244,108.5300,0.2585,2.5419,2.0997,3.2969,5,1,3.00,28.4471,113.6966,13.9830,1.4729,0.4914,10.9075,0.3572,0.0888,4.0000,983.27,946.86,0.0000,0.0000
58.200,5,10,0,15.9028,108.7226,0.2356,2.6315,2.0372,3.3279,5,1,3.00,28.4471,113.6966,13.6549,1.5162,0.4914,10.9580,0.3539,0.1072,4.0000,989.89,947.80,0.0000,0.0000
58.300,5,10,0,16.0487,108.8188,0.2187,2.6664,1.9999,3.3330,5,1,3.00,28.4471,113.6966,13.4944,1.5336,0.4914,10.9919,0.3528,0.1258,4.0000,981.97,971.23,0.0000,0.0000
58.400,5,10,0,16.3364,109.0002,0.2010,2.7416,1.9318,3.3539,5,1,3.00,28.4471,113.6966,13.1615,1.5625,0.4914,11.0284,0.3507,0.1400,4.0000,972.02,977.08,0.0000,0.0000
58.500,5,10,0,16.6290,109.1741,0.1845,2.8076,1.8617,3.3687,5,1,3.00,28.4471,113.6966,12.8267,1.5823,0.4914,11.0547,0.3492,0.1575,4.0000,959.02,968.27,0.0000,0.0000
58.600,5,10,0,16.9258,109.3407,0.1691,2.8648,1.7901,3.3781,5,1,3.00,28.4471,113.6966,12.4905,1.5934,0.4914,11.0731,0.3485,0.1709,4.0000,975.50,984.24,0.0000,0.0000
58.700,5,10,0,17.2264,109.4999,0.1533,2.9151,1.7179,3.3837,5,1,3.00,28.4471,113.6966,12.1536,1.5962,0.4914,11.0836,0.3484,0.1873,4.0000,962.42,975.81,0.0000,0.0000
58.800,5,10,0,17.3736,109.5746,0.1430,2.9452,1.6855,3.3934,5,1,3.00,28.4471,113.6966,11.9798,1.5944,0.4914,11.0755,0.3484,0.2011,4.0000,950.79,978.75,0.0000,0.0000
58.900,5,10,0,17.6790,109.7231,0.1306,2.9867,1.6133,3.3945,5,1,3.00,28.4471,113.6966,11.6418,1.5849,0.4914,11.0798,0.3493,0.2134,4.0000,922.84,985.73,0.0000,0.0000
59.000,5,10,0,17.9869,109.8646,0.1191,3.0218,1.5419,3.3924,5,1,3.00,28.4471,113.6966,11.3038,1.5679,0.4914,11.0789,0.3508,0.2255,4.0000,945.62,988.02,0.0000,0.0000
59.100,5,10,0,18.1462,109.9348,0.1108,3.0303,1.5033,3.3827,5,1,3.00,28.4471,113.6966,11.1400,1.5571,0.4914,11.0886,0.3519,0.2376,4.0000,922.10,972.99,0.0000,0.0000
59.200,5,10,0,18.4571,110.0659,0.1012,3.0580,1.4333,3.3772,5,1,3.00,28.4471,113.6966,10.8026,1.5295,0.4914,11.0822,0.3542,0.2478,4.0000,886.05,986.92,0.0000,0.0000
59.300,5,10,0,18.7695,110.1903,0.0918,3.0810,1.3646,3.3696,5,1,3.00,28.4471,113.6966,10.4660,1.4952,0.4914,11.0725,0.3572,0.2609,4.0000,894.10,982.76,0.0000,0.0000
59.400,5,10,0,19.0830,110.3083,0.0844,3.0994,1.2974,3.3599,5,1,3.00,28.4471,113.6966,10.1304,1.4545,0.4914,11.0598,0.3606,0.2723,4.0000,850.54,985.72,0.0000,0.0000
59.500,5,10,0,19.2350,110.3632,0.0783,3.1128,1.2665,3.3605,5,1,3.00,28.4471,113.6966,9.7966,1.4078,0.4914,11.0408,0.3646,0.2837,4.0000,826.84,984.11,0.0000,0.0000
59.600,5,10,0,19.5468,110.4711,0.0737,3.1162,1.1987,3.3388,5,1,3.00,28.4471,113.6966,9.6263,1.3817,0.4914,11.0145,0.3666,0.2909,4.0000,823.88,966.98,0.0000,0.0000
59.700,5,10,0,19.8581,110.5729,0.0711,3.1170,1.1334,3.3167,5,1,3.00,28.4471,113.6966,9.2979,1.3270,0.4914,10.9798,0.3711,0.2987,4.0000,748.58,982.47,0.0000,0.0000
59.800,5,10,0,20.1683,110.6687,0.0701,3.1132,1.0702,3.2921,5,1,3.00,28.4471,113.6966,8.9720,1.2674,0.4914,10.9455,0.3761,0.3057,4.0000,710.58,975.34,0.0000,0.0000
59.900,5,10,0,20.4767,110.7585,0.0713,3.1039,1.0080,3.2635,5,1,3.00,28.4471,113.6966,8.6495,1.2032,0.4914,10.9065,0.3815,0.3112,4.0000,736.28,982.51,0.0000,0.0000
60.000,5,10,0,20.7834,110.8428,0.0744,3.0923,0.9481,3.2344,5,1,3.00,28.4471,113.6966,8.3311,1.1347,0.4914,10.8620,0.3873,0.3149,4.0000,727.25,982.39,0.0000,0.0000
60.100,5,10,0,20.9410,110.8842,0.0781,3.0799,0.9178,3.2138,5,1,3.00,28.4471,113.6966,8.1778,1.1000,0.4914,10.8515,0.3904,0.3145,4.0000,736.67,989.48,0.0000,0.0000
60.200,5,10,0,21.0893,110.9221,0.0821,3.0819,0.8922,3.2084,5,1,3.00,28.4471,113.6966,7.8635,1.0256,0.4914,10.8126,0.3968,0.3175,4.0000,594.34,990.88,0.0000,0.0000
60.300,5,10,0,21.3942,110.9969,0.0885,3.0715,0.8401,3.1843,5,1,3.00,28.4471,113.6966,7.7027,0.9859,0.4914,10.7835,0.4002,0.3142,4.0000,563.72,979.40,0.0000,0.0000
60.400,5,10,0,21.6966,111.0669,0.0967,3.0559,0.7895,3.1563,5,1,3.00,28.4471,113.6966,7.3931,0.9064,0.4914,10.7453,0.4072,0.3138,4.0000,710.14,982.79,0.0000,0.0000
60.500,5,10,0,21.8511,111.1011,0.1084,3.0390,0.7628,3.1333,5,1,3.00,28.4471,113.6966,7.2446,0.8667,0.4914,10.7344,0.4108,0.3093,4.0000,797.53,976.35,0.0000,0.0000
60.600,5,10,0,21.9963,111.1322,0.1158,3.0361,0.7402,3.1250,5,1,3.00,28.4471,113.6966,6.9418,0.7829,0.4914,10.6875,0.4183,0.3085,4.0000,713.37,980.93,0.0000,0.0000
60.700,5,10,0,22.2957,111.1945,0.1252,3.0227,0.6980,3.1023,5,1,3.00,28.4471,113.6966,6.7867,0.7387,0.4914,10.6581,0.4222,0.3017,4.0000,629.92,970.20,0.0000,0.0000
60.800,5,10,0,22.5940,111.2540,0.1423,3.0099,0.6608,3.0816,5,1,3.00,28.4471,113.6966,6.4866,0.6513,0.4914,10.6277,0.4302,0.2966,4.0000,619.43,961.74,0.0000,0.0000
60.900,5,10,0,22.7467,111.2835,0.1574,2.9952,0.6420,3.0632,5,1,3.00,28.4471,113.6966,6.3423,0.6082,0.4914,10.6223,0.4342,0.2863,4.0000,585.43,974.19,0.0000,0.0000
61.000,5,10,0,23.0423,111.3388,0.1739,2.9801,0.6099,3.0419,5,1,3.00,28.4471,113.6966,6.0473,0.5184,0.4914,10.5891,0.4425,0.2790,4.0000,645.89,980.01,0.0000,0.0000
61.100,5,10,0,23.1852,111.3649,0.1916,2.9796,0.5965,3.0388,5,1,3.00,28.4471,113.6966,5.7553,0.4270,0.4914,10.5582,0.4510,0.2684,4.0000,686.66,981.43,0.0000,0.0000
61.200,5,10,0,23.4801,111.4178,0.2127,2.9702,0.5724,3.0248,5,1,3.00,28.4471,113.6966,5.6057,0.3795,0.4914,10.5356,0.4554,0.2522,4.0000,646.32,963.79,0.0000,0.0000
61.300,5,10,0,23.7756,111.4701,0.2320,2.9665,0.5548,3.0179,5,1,3.00,28.4471,113.6966,5.3154,0.2866,0.4914,10.5211,0.4642,0.2396,4.0000,653.87,970.98,0.0000,0.0000
61.400,5,10,0,24.0710,111.5218,0.2544,2.9636,0.5413,3.0126,5,1,3.00,28.4471,113.6966,5.0264,0.1930,0.4914,10.5120,0.4730,0.2287,4.0000,552.36,993.22,0.0000,0.0000
61.500,5,10,0,24.2229,111.5481,0.2779,2.9554,0.5344,3.0033,5,1,3.00,28.4471,113.6966,4.8867,0.1474,0.4914,10.5190,0.4774,0.2127,3.9094,657.90,980.34,0.0000,0.0000
61.600,5,10,0,24.5176,111.5986,0.3028,2.9515,0.5235,2.9975,5,1,3.00,28.4471,113.6966,4.6007,0.0531,0.4914,10.5106,0.4863,0.2003,3.6806,777.31,984.28,0.0000,0.0000
61.700,5,10,0,24.8137,111.6501,0.3255,2.9541,0.5208,2.9996,5,1,3.00,28.4471,113.6966,4.3166,-0.0415,0.4914,10.5060,0.4953,0.1812,3.4533,660.81,964.06,0.0000,0.0000
61.800,5,10,0,25.1116,111.7039,0.3537,2.9626,0.5268,3.0091,5,1,3.00,28.4471,113.6966,4.0318,-0.1352,0.4914,10.5167,0.5043,0.1646,3.2255,657.63,975.46,0.0000,0.0000
61.900,5,10,0,25.2564,111.7306,0.3763,2.9732,0.5325,3.0205,5,1,3.00,28.4471,113.6966,3.7478,-0.2278,0.4914,10.5307,0.5130,0.1481,2.9982,731.61,973.99,0.0000,0.0000
62.000,5,10,0,25.5555,111.7873,0.4018,2.9817,0.5457,3.0312,5,1,3.00,28.4471,113.6966,3.6021,-0.2750,0.4914,10.5272,0.5175,0.1270,2.8817,708.57,971.36,0.0000,0.0000
62.100,5,10,0,25.8562,111.8473,0.4272,2.9927,0.5660,3.0457,5,1,3.00,28.4471,113.6966,3.3197,-0.3651,0.4914,10.5467,0.5260,0.1101,2.6558,680.13,957.09,0.0000,0.0000
62.200,5,10,0,26.1575,111.9104,0.4525,3.0016,0.5903,3.0591,5,1,3.00,28.4471,113.6966,3.0389,-0.4528,0.4914,10.5688,0.5342,0.0958,2.4311,739.02,945.64,0.0000,0.0000
62.300,6,10,0,26.4588,111.9770,0.4777,3.0076,0.6186,3.0705,6,1,3.00,40.6256,131.4507,24.1943,0.7689,0.9696,10.5865,0.8971,0.4305,4.0000,674.21,902.19,0.0000,0.0000
62.400,6,10,0,26.7595,112.0474,0.5055,3.0088,0.6500,3.0782,6,1,3.00,40.6256,131.4507,23.9616,0.5593,0.9696,10.6023,0.9169,0.4252,4.0000,547.19,991.13,0.0000,0.0000
62.500,6,10,0,26.9136,112.0846,0.5311,2.9997,0.6629,3.0720,6,1,3.00,40.6256,131.4507,23.8486,0.4587,0.9696,10.6173,0.9264,0.4096,4.0000,438.73,975.92,0.0000,0.0000
62.600,6,10,0,27.2102,112.1575,0.5582,2.9866,0.6868,3.0645,6,1,3.00,40.6256,131.4507,23.6169,0.2536,0.9696,10.6157,0.9457,0.4027,4.0000,351.25,991.46,0.0000,0.0000
62.700,6,10,0,27.5031,112.2308,0.5843,2.9647,0.7032,3.0469,6,1,3.00,40.6256,131.4507,23.3885,0.0519,0.9696,10.5957,0.9647,0.3937,4.0000,394.55,995.22,0.0000,0.0000
62.800,6,10,0,27.6440,112.2667,0.6053,2.9590,0.7121,3.0435,6,1,3.00,40.6256,131.4507,23.2723,-0.0507,0.9696,10.5704,0.9744,0.3832,4.0000,382.84,997.82,0.0000,0.0000
62.900,6,10,0,27.9321,112.3416,0.6391,2.9321,0.7258,3.0206,6,1,3.00,40.6256,131.4507,23.0486,-0.2475,0.9696,10.5379,0.9930,0.3731,4.0000,346.36,967.46,0.0000,0.0000
63.000,6,10,0,28.2171,112.4182,0.6800,2.9038,0.7412,2.9969,6,1,3.00,40.6256,131.4507,22.8271,-0.4410,0.9696,10.5025,1.0115,0.3524,4.0000,465.85,995.82,0.0000,0.0000
63.100,6,10,0,28.5007,112.4998,0.7188,2.8810,0.7696,2.9820,6,1,3.00,40.6256,131.4507,22.6060,-0.6307,0.9696,10.4718,1.0297,0.3327,4.0000,387.54,992.60,0.0000,0.0000
63.200,6,10,0,28.6463,112.5442,0.7592,2.8648,0.7863,2.9708,6,1,3.00,40.6256,131.4507,22.3821,-0.8162,0.9696,10.4561,1.0475,0.3064,4.0000,256.58,978.87,0.0000,0.0000
63.300,6,10,0,28.9284,112.6355,0.8059,2.8481,0.8320,2.9672,6,1,3.00,40.6256,131.4507,22.2723,-0.9046,0.9696,10.4626,1.0558,0.2736,4.0000,366.58,991.08,0.0000,0.0000
63.400,6,10,0,29.2088,112.7331,0.8547,2.8311,0.8841,2.9659,6,1,3.00,40.6256,131.4507,22.0436,-1.0833,0.9696,10.4598,1.0728,0.2427,4.0000,421.07,991.64,0.0000,0.0000
63.500,6,10,0,29.4877,112.8401,0.9048,2.8154,0.9515,2.9718,6,1,3.00,40.6256,131.4507,21.8111,-1.2563,0.9696,10.4621,1.0891,0.2094,4.0000,426.98,996.44,0.0000,0.0000
63.600,6,10,0,29.7647,112.9577,0.9504,2.7982,1.0329,2.9827,6,1,3.00,40.6256,131.4507,21.5720,-1.4222,0.9696,10.4758,1.1045,0.1794,4.0000,491.54,995.96,0.0000,0.0000
63.700,6,10,0,30.0391,113.0874,0.9960,2.7775,1.1283,2.9979,6,1,3.00,40.6256,131.4507,21.3261,-1.5799,0.9696,10.4952,1.1190,0.1432,4.0000,440.86,995.77,0.0000,0.0000
63.800,6,10,0,30.1710,113.1546,1.0314,2.7715,1.1825,3.0133,6,1,3.00,40.6256,131.4507,21.0724,-1.7282,0.9696,10.5199,1.1324,0.1161,4.0000,549.11,991.07,0.0000,0.0000
63.900,6,10,0,30.4398,113.3021,1.0718,2.7426,1.2907,3.0311,6,1,3.00,40.6256,131.4507,20.9391,-1.8007,0.9696,10.5219,1.1391,0.0924,4.0000,573.61,996.72,0.0000,0.0000
64.000,6,10,0,30.7042,113.4632,1.1118,2.7080,1.4088,3.0525,6,1,3.00,40.6256,131.4507,20.6740,-1.9332,0.9696,10.5511,1.1508,0.0538,4.0000,595.76,992.78,0.0000,0.0000
64.100,6,10,0,30.8383,113.5520,1.1513,2.6823,1.4684,3.0579,6,1,3.00,40.6256,131.4507,20.5422,-1.9933,0.9696,10.5788,1.1558,0.0241,4.0000,754.67,995.28,0.0000,0.0000
64.200,6,10,0,31.0945,113.7370,1.1896,2.6379,1.6066,3.0886,6,1,3.00,40.6256,131.4507,20.2632,-2.1074,0.9696,10.6191,1.1655,-0.0004,4.0000,838.03,996.42,0.0000,0.0000
64.300,6,10,0,31.2165,113.8335,1.2261,2.6186,1.6872,3.1151,6,1,3.00,40.6256,131.4507,19.9724,-2.2064,0.9696,10.6726,1.1734,-0.0346,4.0000,759.43,987.99,0.0000,0.0000
64.400,6,10,0,31.4624,114.0458,1.2564,2.5613,1.8475,3.1581,6,1,3.00,40.6256,131.4507,19.8178,-2.2509,0.9696,10.6931,1.1770,-0.0665,4.0000,825.56,991.57,0.0000,0.0000
64.500,6,10,0,31.5857,114.1615,1.2895,2.5235,1.9229,3.1726,6,1,3.00,40.6256,131.4507,19.5099,-2.3253,0.9696,10.7590,1.1824,-0.0948,4.0000,880.96,991.94,0.0000,0.0000
64.600,6,10,0,31.8187,114.3984,1.3207,2.4526,2.0841,3.2185,6,1,3.00,40.6256,131.4507,19.3570,-2.3556,0.9696,10.8044,1.1842,-0.1171,4.0000,904.11,988.47,0.0000,0.0000
64.700,6,10,0,31.9284,114.5191,1.3465,2.4189,2.1703,3.2498,6,1,3.00,40.6256,131.4507,19.0347,-2.4055,0.9696,10.8748,1.1873,-0.1447,4.0000,888.88,994.37,0.0000,0.0000
64.800,6,10,0,32.1468,114.7784,1.3675,2.3342,2.3257,3.2951,6,1,3.00,40.6256,131.4507,18.8655,-2.4247,0.9696,10.8978,1.1885,-0.1721,4.0000,950.93,991.94,0.0000,0.0000
64.900,6,10,0,32.2550,114.9170,1.3907,2.2838,2.3933,3.3081,6,1,3.00,40.6256,131.4507,18.7044,-2.4390,0.9696,10.9426,1.1889,-0.1888,4.0000,954.68,989.93,0.0000,0.0000
65.000,6,10,0,32.3544,115.0503,1.4065,2.2412,2.4704,3.3356,6,1,3.00,40.6256,131.4507,18.3680,-2.4564,0.9696,11.0033,1.1892,-0.2110,4.0000,979.55,994.49,0.0000,0.0000
65.100,6,10,0,32.5509,115.3333,1.4303,2.1412,2.6028,3.3704,6,1,3.00,40.6256,131.4507,18.1929,-2.4593,0.9696,11.0185,1.1892,-0.2294,4.0000,953.88,995.21,0.0000,0.0000
65.200,6,10,0,32.6476,115.4828,1.4524,2.0849,2.6573,3.3776,6,1,3.00,40.6256,131.4507,18.0269,-2.4583,0.9696,11.0556,1.1884,-0.2504,4.0000,970.72,992.35,0.0000,0.0000
65.300,6,10,0,32.7361,115.6259,1.4654,2.0367,2.7218,3.3994,6,1,3.00,40.6256,131.4507,17.6824,-2.4456,0.9696,11.0992,1.1864,-0.2712,4.0000,969.86,995.31,0.0000,0.0000
65.400,6,10,0,32.9103,115.9266,1.4827,1.9300,2.8274,3.4233,6,1,3.00,40.6256,131.4507,17.5041,-2.4336,0.9696,11.1060,1.1853,-0.2926,4.0000,983.55,993.07,0.0000,0.0000
65.500,6,10,0,32.9957,116.0842,1.4990,1.8725,2.8682,3.4253,6,1,3.00,40.6256,131.4507,17.3356,-2.4191,0.9696,11.1350,1.1835,-0.3086,4.0000,978.84,992.80,0.0000,0.0000
65.600,6,10,0,33.0736,116.2344,1.5142,1.8227,2.9202,3.4423,6,1,3.00,40.6256,131.4507,16.9873,-2.3797,0.9696,11.1635,1.1796,-0.3260,4.0000,982.54,938.11,0.0000,0.0000
65.700,6,10,0,33.2262,116.5479,1.5306,1.7154,2.9999,3.4557,6,1,3.00,40.6256,131.4507,16.8077,-2.3546,0.9696,11.1628,1.1774,-0.3472,4.0000,987.74,976.31,0.0000,0.0000
65.800,6,10,0,33.3681,116.8655,1.5456,1.6081,3.0655,3.4617,6,1,3.00,40.6256,131.4507,16.4596,-2.2973,0.9696,11.1768,1.1723,-0.3678,4.0000,979.77,927.66,0.0000,0.0000
65.900,6,10,0,33.4371,117.0303,1.5593,1.5517,3.0864,3.4545,6,1,3.00,40.6256,131.4507,16.2911,-2.2656,0.9696,11.1925,1.1693,-0.3798,4.0000,983.87,976.12,0.0000,0.0000
66.000,6,10,0,33.4997,117.1863,1.5673,1.5022,3.1193,3.4622,6,1,3.00,40.6256,131.4507,15.9452,-2.1926,0.9696,11.1933,1.1630,-0.3996,4.0000,984.44,794.97,0.0000,0.0000
66.100,6,10,0,33.6213,117.5090,1.5803,1.3986,3.1598,3.4555,6,1,3.00,40.6256,131.4507,15.7681,-2.1512,0.9696,11.1785,1.1597,-0.4151,4.0000,988.55,778.05,0.0000,0.0000
66.200,6,10,0,33.7329,117.8306,1.5923,1.2960,3.1815,3.4354,6,1,3.00,40.6256,131.4507,15.4278,-2.0649,0.9696,11.1586,1.1525,-0.4341,4.0000,987.58,736.04,0.0000,0.0000
66.300,6,10,0,33.8344,118.1497,1.6001,1.1941,3.1863,3.4027,6,1,3.00,40.6256,131.4507,15.0938,-1.9713,0.9696,11.1194,1.1450,-0.4511,4.0000,989.29,696.45,0.0000,0.0000
66.400,6,10,0,33.9262,118.4656,1.6048,1.0940,3.1778,3.3609,6,1,3.00,40.6256,131.4507,14.7672,-1.8713,0.9696,11.0624,1.1371,-0.4655,4.0000,986.15,706.25,0.0000,0.0000
66.500,6,10,0,34.0089,118.7783,1.6065,0.9973,3.1608,3.3144,6,1,3.00,40.6256,131.4507,14.4481,-1.7653,0.9696,10.9956,1.1287,-0.4774,4.0000,986.95,737.31,0.0000,0.0000
66.600,6,10,0,34.0483,118.9383,1.6050,0.9492,3.1441,3.2843,6,1,3.00,40.6256,131.4507,14.2958,-1.7120,0.9696,10.9717,1.1243,-0.4818,4.0000,977.12,672.24,0.0000,0.0000
66.700,6,10,0,34.1190,119.2474,1.6009,0.8614,3.1242,3.2407,6,1,3.00,40.6256,131.4507,13.9864,-1.5979,0.9696,10.9047,1.1151,-0.4889,4.0000,982.99,543.44,0.0000,0.0000
66.800,6,10,0,34.1821,119.5530,1.5925,0.7780,3.0985,3.1946,6,1,3.00,40.6256,131.4507,13.6834,-1.4792,0.9696,10.8384,1.1052,-0.4928,4.0000,995.62,532.76,0.0000,0.0000
66.900,6,10,0,34.2379,119.8545,1.5812,0.6980,3.0672,3.1456,6,1,3.00,40.6256,131.4507,13.3881,-1.3566,0.9696,10.7662,1.0949,-0.4930,4.0000,989.75,493.15,0.0000,0.0000
67.000,6,10,0,34.2625,119.9995,1.5699,0.6610,3.0579,3.1285,6,1,3.00,40.6256,131.4507,13.1003,-1.2303,0.9696,10.6927,1.0841,-0.4925,4.0000,991.59,501.63,0.0000,0.0000
67.100,6,10,0,34.3086,120.2955,1.5585,0.5886,3.0239,3.0807,6,1,3.00,40.6256,131.4507,12.9549,-1.1640,0.9696,10.6465,1.0785,-0.4859,4.0000,984.07,436.11,0.0000,0.0000
67.200,6,10,0,34.3301,120.4460,1.5456,0.5532,2.9981,3.0487,6,1,3.00,40.6256,131.4507,12.8196,-1.1009,0.9696,10.6210,1.0728,-0.4816,4.0000,984.72,481.91,0.0000,0.0000
67.300,6,10,0,34.3677,120.7350,1.5206,0.4893,2.9579,2.9981,6,1,3.00,40.6256,131.4507,12.5468,-0.9694,0.9696,10.5444,1.0612,-0.4723,4.0000,993.85,439.10,0.0000,0.0000
67.400,6,10,0,34.4013,121.0209,1.4919,0.4337,2.9215,2.9535,6,1,3.00,40.6256,131.4507,12.2807,-0.8362,0.9696,10.4728,1.0492,-0.4574,4.0000,982.74,468.68,0.0000,0.0000
67.500,6,10,0,34.4315,121.3046,1.4634,0.3860,2.8901,2.9157,6,1,3.00,40.6256,131.4507,12.0199,-0.7014,0.9696,10.4102,1.0368,-0.4427,4.0000,978.82,404.58,0.0000,0.0000
67.600,6,10,0,34.4590,121.5868,1.4292,0.3457,2.8649,2.8856,6,1,3.00,40.6256,131.4507,11.7634,-0.5651,0.9696,10.3600,1.0241,-0.4226,4.0000,991.68,438.50,0.0000,0.0000
67.700,6,10,0,34.4715,121.7234,1.4000,0.3287,2.8611,2.8799,6,1,3.00,40.6256,131.4507,11.6328,-0.4944,0.9696,10.3285,1.0174,-0.3974,4.0000,992.83,487.53,0.0000,0.0000
67.800,6,10,0,34.4965,122.0055,1.3696,0.3003,2.8485,2.8643,6,1,3.00,40.6256,131.4507,11.3812,-0.3561,0.9696,10.2959,1.0041,-0.3808,4.0000,985.83,485.53,0.0000,0.0000
67.900,6,10,0,34.5208,122.2885,1.3341,0.2801,2.8436,2.8574,6,1,3.00,40.6256,131.4507,11.1308,-0.2165,0.9696,10.2801,0.9906,-0.3633,4.0000,982.06,472.00,0.0000,0.0000
68.000,6,10,0,34.5334,122.4344,1.3014,0.2722,2.8360,2.8491,6,1,3.00,40.6256,131.4507,11.0097,-0.1485,0.9696,10.2860,0.9840,-0.3339,4.0000,988.51,557.88,0.0000,0.0000
68.100,6,10,0,34.5587,122.7194,1.2682,0.2655,2.8404,2.8528,6,1,3.00,40.6256,131.4507,10.7607,-0.0082,0.9696,10.2843,0.9704,-0.3103,4.0000,986.74,519.17,0.0000,0.0000
68.200,6,10,0,34.5717,122.8585,1.2388,0.2665,2.8517,2.8641,6,1,3.00,40.6256,131.4507,10.5108,0.1320,0.9696,10.2961,0.9567,-0.2947,4.0000,990.71,503.32,0.0000,0.0000
68.300,6,10,0,34.6001,123.1462,1.2050,0.2735,2.8629,2.8760,6,1,3.00,40.6256,131.4507,10.3818,0.2038,0.9696,10.2944,0.9498,-0.2680,4.0000,991.56,489.57,0.0000,0.0000
68.400,6,10,0,34.6315,123.4358,1.1669,0.2886,2.8765,2.8909,6,1,3.00,40.6256,131.4507,10.1307,0.3425,0.9696,10.3144,0.9364,-0.2475,4.0000,992.04,544.96,0.0000,0.0000
68.500,6,10,0,34.6494,123.5859,1.1328,0.2998,2.8785,2.8941,6,1,3.00,40.6256,131.4507,10.0084,0.4092,0.9696,10.3364,0.9300,-0.2240,4.0000,990.30,627.48,0.0000,0.0000
68.600,6,10,0,34.6883,123.8795,1.0989,0.3322,2.8989,2.9178,6,1,3.00,40.6256,131.4507,9.7538,0.5448,0.9696,10.3683,0.9171,-0.2030,4.0000,976.83,484.46,0.0000,0.0000
68.700,6,10,0,34.7093,124.0229,1.0652,0.3530,2.9162,2.9375,6,1,3.00,40.6256,131.4507,9.4961,0.6772,0.9696,10.4063,0.9046,-0.1775,4.0000,989.27,718.15,0.0000,0.0000
68.800,6,10,0,34.7566,124.3192,1.0314,0.3975,2.9353,2.9621,6,1,3.00,40.6256,131.4507,9.3626,0.7439,0.9696,10.4139,0.8982,-0.1501,4.0000,996.07,691.07,0.0000,0.0000
68.900,6,10,0,34.8124,124.6187,0.9981,0.4569,2.9588,2.9939,6,1,3.00,40.6256,131.4507,9.1000,0.8700,0.9696,10.4549,0.8865,-0.1282,4.0000,984.53,662.74,0.0000,0.0000
69.000,6,10,0,34.8777,124.9208,0.9576,0.5291,2.9832,3.0297,6,1,3.00,40.6256,131.4507,8.8314,0.9902,0.9696,10.5071,0.8756,-0.1021,4.0000,979.62,730.06,0.0000,0.0000
69.100,6,10,0,34.9150,125.0769,0.9261,0.5665,2.9869,3.0402,6,1,3.00,40.6256,131.4507,8.6993,1.0462,0.9696,10.5446,0.8707,-0.0750,4.0000,986.07,736.93,0.0000,0.0000
69.200,6,10,0,34.9952,125.3812,0.8954,0.6518,3.0063,3.0761,6,1,3.00,40.6256,131.4507,8.4232,1.1563,0.9696,10.5979,0.8609,-0.0535,4.0000,982.25,742.30,0.0000,0.0000
69.300,6,10,0,35.0865,125.6865,0.8620,0.7463,3.0223,3.1131,6,1,3.00,40.6256,131.4507,8.1415,1.2582,0.9696,10.6529,0.8520,-0.0284,4.0000,988.76,786.11,0.0000,0.0000
69.400,6,10,0,35.1347,125.8347,0.8333,0.7979,3.0353,3.1384,6,1,3.00,40.6256,131.4507,7.8543,1.3512,0.9696,10.7076,0.8440,0.0000,4.0000,988.55,850.30,0.0000,0.0000
69.500,6,10,0,35.2428,126.1400,0.8025,0.9022,3.0437,3.1746,6,1,3.00,40.6256,131.4507,7.7043,1.3955,0.9696,10.7233,0.8401,0.0241,4.0000,996.25,838.48,0.0000,0.0000
69.600,6,10,0,35.3630,126.4449,0.7764,1.0125,3.0470,3.2108,6,1,3.00,40.6256,131.4507,7.4086,1.4738,0.9696,10.7779,0.8337,0.0444,4.0000,993.20,877.24,0.0000,0.0000
69.700,6,10,0,35.4951,126.7484,0.7455,1.1258,3.0444,3.2458,6,1,3.00,40.6256,131.4507,7.1073,1.5417,0.9696,10.8315,0.8282,0.0675,4.0000,985.45,876.33,0.0000,0.0000
69.800,6,10,0,35.5675,126.9039,0.7220,1.1790,3.0332,3.2543,6,1,3.00,40.6256,131.4507,6.9594,1.5709,0.9696,10.8687,0.8260,0.0895,4.0000,987.31,947.31,0.0000,0.0000
69.900,6,10,0,35.7164,127.2037,0.6968,1.2911,3.0197,3.2841,6,1,3.00,40.6256,131.4507,6.6514,1.6232,0.9696,10.9158,0.8219,0.1113,4.0000,991.03,934.95,0.0000,0.0000
70.000,6,10,0,35.8769,127.5005,0.6734,1.4042,3.0003,3.3126,6,1,3.00,40.6256,131.4507,6.3393,1.6646,0.9696,10.9596,0.8188,0.1326,4.0000,964.50,923.82,0.0000,0.0000
70.100,6,10,0,36.0480,127.7937,0.6517,1.5150,2.9743,3.3380,6,1,3.00,40.6256,131.4507,6.0230,1.6949,0.9696,11.0006,0.8167,0.1531,4.0000,984.89,954.19,0.0000,0.0000
70.200,6,10,0,36.1344,127.9343,0.6316,1.5721,2.9653,3.3562,6,1,3.00,40.6256,131.4507,5.7040,1.7145,0.9696,11.0343,0.8154,0.1750,4.0000,985.62,965.35,0.0000,0.0000
70.300,6,10,0,36.3194,128.2205,0.6108,1.6742,2.9294,3.3741,6,1,3.00,40.6256,131.4507,5.5390,1.7206,0.9696,11.0365,0.8149,0.1940,4.0000,987.75,951.89,0.0000,0.0000
70.400,6,10,0,36.5130,128.5020,0.5933,1.7708,2.8891,3.3886,6,1,3.00,40.6256,131.4507,5.2171,1.7248,0.9696,11.0610,0.8149,0.2120,4.0000,979.66,938.48,0.0000,0.0000
70.500,6,10,0,36.7143,128.7784,0.5769,1.8601,2.8448,3.3989,6,1,3.00,40.6256,131.4507,4.8940,1.7196,0.9696,11.0795,0.8156,0.2315,3.9152,960.47,979.99,0.0000,0.0000
70.600,6,10,0,36.9223,129.0491,0.5597,1.9411,2.7960,3.4037,6,1,3.00,40.6256,131.4507,4.5705,1.7053,0.9696,11.0916,0.8170,0.2506,3.6564,952.39,960.68,0.0000,0.0000
70.700,6,10,0,37.1366,129.3140,0.5454,2.0158,2.7439,3.4047,6,1,3.00,40.6256,131.4507,4.2478,1.6826,0.9696,11.0945,0.8190,0.2658,3.3982,855.07,930.84,0.0000,0.0000
70.800,6,10,0,37.3562,129.5727,0.5322,2.0825,2.6880,3.4003,6,1,3.00,40.6256,131.4507,3.9256,1.6515,0.9696,11.0942,0.8218,0.2838,3.1405,883.95,895.42,0.0000,0.0000
70.900,6,10,0,37.5794,129.8244,0.5189,2.1380,2.6270,3.3871,6,1,3.00,40.6256,131.4507,3.6066,1.6132,0.9696,11.0797,0.8250,0.2996,2.8853,786.94,859.96,0.0000,0.0000
71.000,6,10,0,37.8051,130.0693,0.5067,2.1825,2.5633,3.3665,6,1,3.00,40.6256,131.4507,3.2915,1.5682,0.9696,11.0553,0.8286,0.3159,2.6332,864.33,827.60,0.0000,0.0000
71.100,6,10,0,37.9217,130.1926,0.4962,2.1944,2.5248,3.3451,6,1,3.00,40.6256,131.4507,3.1406,1.5445,0.9696,11.0498,0.8307,0.3286,2.5125,777.21,871.04,0.0000,0.0000
71.200,7,10,0,38.1484,130.4265,0.4864,2.2197,2.4568,3.3110,7,1,3.00,40.9361,151.7543,21.6430,2.5762,1.5555,11.0052,1.3256,0.8338,4.0000,782.97,787.87,0.0000,0.0000
71.300,7,10,0,38.3749,130.6528,0.4783,2.2357,2.3858,3.2696,7,1,3.00,40.9361,151.7543,21.3854,2.3530,1.5555,10.9480,1.3438,0.8616,4.0000,674.70,823.66,0.0000,0.0000
71.400,7,10,0,38.6008,130.8713,0.4700,2.2431,2.3126,3.2217,7,1,3.00,40.9361,151.7543,21.1370,2.1302,1.5555,10.8811,1.3622,0.8887,4.0000,472.38,906.84,0.0000,0.0000
71.501,7,10,0,38.8254,131.0800,0.4636,2.2437,2.2301,3.1635,7,1,3.00,40.9361,151.7543,20.8992,1.9081,1.5555,10.8023,1.3807,0.9151,4.0000,194.94,998.01,0.0000,0.0000
71.600,7,10,0,38.9338,131.1771,0.4629,2.2466,2.1884,3.1363,7,1,3.00,40.9361,151.7543,20.6744,1.6874,1.5555,10.7044,1.3992,0.9367,4.0000,165.82,992.71,0.0000,0.0000
71.700,7,10,0,39.1551,131.3670,0.4692,2.2351,2.0837,3.0558,7,1,3.00,40.9361,151.7543,20.5646,1.5746,1.5555,10.6368,1.4085,0.9438,4.0000,-49.29,980.84,0.0000,0.0000
71.800,7,10,0,39.3719,131.5421,0.4836,2.2114,1.9625,2.9567,7,1,3.00,40.9361,151.7543,20.3636,1.3582,1.5555,10.5035,1.4269,0.9508,4.0000,-114.22,994.89,0.0000,0.0000
71.900,7,10,0,39.5821,131.7014,0.5041,2.1725,1.8285,2.8395,7,1,3.00,40.9361,151.7543,20.1809,1.1472,1.5555,10.3399,1.4450,0.9494,4.0000,-142.48,976.86,0.0000,0.0000
72.000,7,10,0,39.6878,131.7780,0.5353,2.1444,1.7575,2.7726,7,1,3.00,40.9361,151.7543,20.0986,1.0472,1.5555,10.2593,1.4538,0.9369,4.0000,-344.68,992.31,0.0000,0.0000
72.100,7,10,0,39.8888,131.9175,0.5695,2.0952,1.6256,2.6519,7,1,3.00,40.9361,151.7543,19.9401,0.8455,1.5555,10.0774,1.4718,0.9245,4.0000,-328.08,988.00,0.0000,0.0000
72.200,7,10,0,39.9840,131.9802,0.6046,2.0729,1.5617,2.5954,7,1,3.00,40.9361,151.7543,19.7970,0.6496,1.5555,9.8930,1.4899,0.9060,4.0000,-418.80,994.42,0.0000,0.0000
72.300,7,10,0,40.1764,132.0999,0.6503,2.0197,1.4296,2.4744,7,1,3.00,40.9361,151.7543,19.7295,0.5510,1.5555,9.7924,1.4993,0.8667,4.0000,-308.80,989.75,0.0000,0.0000
72.400,7,10,0,40.3654,132.2094,0.7012,1.9738,1.3088,2.3683,7,1,3.00,40.9361,151.7543,19.6083,0.3624,1.5555,9.6202,1.5179,0.8427,4.0000,-228.33,989.26,0.0000,0.0000
72.500,7,10,0,40.5536,132.3136,0.7704,1.9419,1.2131,2.2897,7,1,3.00,40.9361,151.7543,19.5532,0.2718,1.5555,9.5524,1.5271,0.7988,4.0000,-343.51,990.05,0.0000,0.0000
72.600,7,10,0,40.6505,132.3660,0.8293,1.9262,1.1720,2.2548,7,1,3.00,40.9361,151.7543,19.4444,0.0852,1.5555,9.4345,1.5465,0.7542,4.0000,-232.22,997.31,0.0000,0.0000
72.700,7,10,0,40.8395,132.4671,0.8832,1.9127,1.1138,2.2133,7,1,3.00,40.9361,151.7543,19.3403,-0.1016,1.5555,9.3533,1.5664,0.7141,4.0000,-319.83,996.40,0.0000,0.0000
72.800,7,10,0,40.9319,132.5167,0.9543,1.9149,1.0976,2.2072,7,1,3.00,40.9361,151.7543,19.2376,-0.2899,1.5555,9.3108,1.5866,0.6642,4.0000,-108.34,996.45,0.0000,0.0000
72.900,7,10,0,41.1237,132.6214,1.0192,1.9175,1.0808,2.2011,7,1,3.00,40.9361,151.7543,19.1847,-0.3875,1.5555,9.2940,1.5972,0.6105,4.0000,-108.11,998.73,0.0000,0.0000
73.000,7,10,0,41.3177,132.7345,1.0843,1.9271,1.1008,2.2194,7,1,3.00,40.9361,151.7543,19.0781,-0.5789,1.5555,9.3038,1.6176,0.5659,4.0000,-100.96,995.41,0.0000,0.0000
73.100,7,10,0,41.5126,132.8580,1.1655,1.9362,1.1514,2.2527,7,1,3.00,40.9361,151.7543,18.9637,-0.7718,1.5555,9.3440,1.6379,0.5129,4.0000,-42.95,991.21,0.0000,0.0000
73.200,7,10,0,41.6126,132.9268,1.2298,1.9334,1.1855,2.2679,7,1,3.00,40.9361,151.7543,18.9051,-0.8654,1.5555,9.3790,1.6475,0.4577,4.0000,114.35,991.53,0.0000,0.0000
73.300,7,10,0,41.8058,133.0711,1.2932,1.9323,1.2789,2.3172,7,1,3.00,40.9361,151.7543,18.7752,-1.0572,1.5555,9.4455,1.6670,0.4054,4.0000,219.41,990.55,0.0000,0.0000
73.400,7,10,0,41.9964,133.2320,1.3708,1.9219,1.3986,2.3769,7,1,3.00,40.9361,151.7543,18.6324,-1.2470,1.5555,9.5269,1.6857,0.3533,4.0000,125.63,992.29,0.0000,0.0000
73.500,7,10,0,42.0873,133.3164,1.4313,1.9165,1.4705,2.4156,7,1,3.00,40.9361,151.7543,18.4738,-1.4330,1.5555,9.6234,1.7033,0.3021,4.0000,262.64,995.35,0.0000,0.0000
73.600,7,10,0,42.2703,133.5019,1.4910,1.8856,1.6121,2.4808,7,1,3.00,40.9361,151.7543,18.3866,-1.5266,1.5555,9.6639,1.7122,0.2434,4.0000,332.13,995.70,0.0000,0.0000
73.700,7,10,0,42.4447,133.7050,1.5567,1.8339,1.7666,2.5464,7,1,3.00,40.9361,151.7543,18.2061,-1.7026,1.5555,9.7606,1.7282,0.2004,4.0000,448.07,991.09,0.0000,0.0000
73.800,7,10,0,42.6074,133.9276,1.6198,1.7586,1.9361,2.6156,7,1,3.00,40.9361,151.7543,18.0078,-1.8680,1.5555,9.8611,1.7427,0.1506,4.0000,493.70,994.77,0.0000,0.0000
73.900,7,10,0,42.7565,134.1700,1.6866,1.6614,2.1154,2.6898,7,1,3.00,40.9361,151.7543,17.7904,-2.0203,1.5555,9.9687,1.7555,0.1017,4.0000,527.64,994.80,0.0000,0.0000
74.000,7,10,0,42.8278,134.3014,1.7437,1.6034,2.1976,2.7203,7,1,3.00,40.9361,151.7543,17.5552,-2.1584,1.5555,10.0805,1.7664,0.0478,4.0000,622.28,975.17,0.0000,0.0000
74.100,7,10,0,42.9547,134.5688,1.7982,1.4817,2.3697,2.7948,7,1,3.00,40.9361,151.7543,17.4354,-2.2201,1.5555,10.1459,1.7709,-0.0034,4.0000,636.99,982.75,0.0000,0.0000
74.200,7,10,0,43.0641,134.8526,1.8553,1.3403,2.5385,2.8706,7,1,3.00,40.9361,151.7543,17.1754,-2.3345,1.5555,10.2596,1.7792,-0.0422,4.0000,732.26,994.91,0.0000,0.0000
74.300,7,10,0,43.1545,135.1505,1.9037,1.1820,2.6970,2.9446,7,1,3.00,40.9361,151.7543,16.8993,-2.4303,1.5555,10.3726,1.7857,-0.0915,4.0000,804.34,995.16,0.0000,0.0000
74.400,7,10,0,43.2253,135.4607,1.9490,1.0097,2.8428,3.0168,7,1,3.00,40.9361,151.7543,16.6087,-2.5067,1.5555,10.4821,1.7902,-0.1340,4.0000,872.70,990.96,0.0000,0.0000
74.500,7,10,0,43.2757,135.7820,1.9957,0.8264,2.9759,3.0885,7,1,3.00,40.9361,151.7543,16.3044,-2.5628,1.5555,10.5901,1.7929,-0.1800,4.0000,913.94,991.11,0.0000,0.0000
74.600,7,10,0,43.2928,135.9415,2.0300,0.7321,3.0453,3.1321,7,1,3.00,40.9361,151.7543,15.9875,-2.5982,1.5555,10.6981,1.7938,-0.2194,4.0000,959.44,995.45,0.0000,0.0000
74.700,7,10,0,43.3128,136.2761,2.0691,0.5381,3.1566,3.2021,7,1,3.00,40.9361,151.7543,15.6596,-2.6131,1.5555,10.8031,1.7928,-0.2611,4.0000,967.62,993.36,0.0000,0.0000
74.800,7,10,0,43.3131,136.6167,2.1010,0.3428,3.2487,3.2667,7,1,3.00,40.9361,151.7543,15.4873,-2.6129,1.5555,10.8412,1.7920,-0.2952,4.0000,957.57,982.18,0.0000,0.0000
74.900,7,10,0,43.2948,136.9606,2.1332,0.1509,3.3194,3.3228,7,1,3.00,40.9361,151.7543,15.1474,-2.5982,1.5555,10.9321,1.7888,-0.3286,4.0000,987.23,991.93,0.0000,0.0000
75.000,7,10,0,43.2594,137.3057,2.1596,-0.0332,3.3690,3.3692,7,1,3.00,40.9361,151.7543,14.8026,-2.5657,1.5555,11.0087,1.7845,-0.3636,4.0000,986.24,970.86,0.0000,0.0000
75.100,7,10,0,43.2083,137.6508,2.1863,-0.2074,3.4001,3.4065,7,1,3.00,40.9361,151.7543,14.4548,-2.5167,1.5555,11.0715,1.7790,-0.3943,4.0000,971.89,970.41,0.0000,0.0000
75.200,7,10,0,43.1433,137.9939,2.2105,-0.3690,3.4128,3.4327,7,1,3.00,40.9361,151.7543,14.1056,-2.4530,1.5555,11.1195,1.7726,-0.4236,4.0000,990.00,906.91,0.0000,0.0000
75.300,7,10,0,43.0661,138.3325,2.2300,-0.5159,3.4045,3.4434,7,1,3.00,40.9361,151.7543,13.7576,-2.3764,1.5555,11.1475,1.7655,-0.4538,4.0000,992.91,821.43,0.0000,0.0000
75.400,7,10,0,42.9778,138.6655,2.2471,-0.6500,3.3785,3.4405,7,1,3.00,40.9361,151.7543,13.4127,-2.2882,1.5555,11.1539,1.7578,-0.4800,4.0000,987.98,832.02,0.0000,0.0000
75.500,7,10,0,42.8795,138.9915,2.2630,-0.7716,3.3371,3.4252,7,1,3.00,40.9361,151.7543,13.0730,-2.1897,1.5555,11.1384,1.7496,-0.5058,4.0000,988.56,792.08,0.0000,0.0000
75.600,7,10,0,42.7721,139.3113,2.2758,-0.8825,3.2880,3.4044,7,1,3.00,40.9361,151.7543,12.9099,-2.1384,1.5555,11.1377,1.7452,-0.5233,4.0000,992.38,654.20,0.0000,0.0000
75.700,7,10,0,42.7137,139.4729,2.2827,-0.9304,3.2517,3.3822,7,1,3.00,40.9361,151.7543,12.5777,-2.0260,1.5555,11.1066,1.7359,-0.5420,4.0000,992.37,594.80,0.0000,0.0000
75.800,7,10,0,42.5958,139.7786,2.2877,-1.0201,3.1802,3.3398,7,1,3.00,40.9361,151.7543,12.2532,-1.9064,1.5555,11.0560,1.7263,-0.5587,4.0000,992.36,639.25,0.0000,0.0000
75.900,7,10,0,42.5365,139.9233,2.2891,-1.0632,3.1469,3.3216,7,1,3.00,40.9361,151.7543,12.0902,-1.8426,1.5555,11.0097,1.7213,-0.5676,4.0000,982.92,517.19,0.0000,0.0000
76.000,7,10,0,42.4100,140.2146,2.2882,-1.1373,3.0634,3.2677,7,1,3.00,40.9361,151.7543,11.7805,-1.7143,1.5555,10.9314,1.7111,-0.5782,4.0000,982.44,477.58,0.0000,0.0000
76.100,7,10,0,42.3430,140.3607,2.2846,-1.1673,3.0125,3.2308,7,1,3.00,40.9361,151.7543,11.6334,-1.6501,1.5555,10.9015,1.7057,-0.5817,4.0000,993.72,377.88,0.0000,0.0000
76.200,7,10,0,42.2106,140.6357,2.2770,-1.2237,2.9165,3.1628,7,1,3.00,40.9361,151.7543,11.3385,-1.5150,1.5555,10.8078,1.6948,-0.5875,4.0000,971.32,334.12,0.0000,0.0000
76.300,7,10,0,42.1453,140.7652,2.2656,-1.2509,2.8727,3.1332,7,1,3.00,40.9361,151.7543,11.0555,-1.3771,1.5555,10.6999,1.6835,-0.5869,4.0000,985.55,353.82,0.0000,0.0000
76.400,7,10,0,42.0092,141.0242,2.2503,-1.2917,2.7711,3.0574,7,1,3.00,40.9361,151.7543,10.9142,-1.3052,1.5555,10.6329,1.6776,-0.5788,4.0000,988.42,320.77,0.0000,0.0000
76.500,7,10,0,41.8708,141.2744,2.2290,-1.3260,2.6747,2.9854,7,1,3.00,40.9361,151.7543,10.6477,-1.1641,1.5555,10.5204,1.6657,-0.5733,4.0000,986.90,351.04,0.0000,0.0000
76.600,7,10,0,41.7987,141.4001,2.2035,-1.3383,2.6234,2.9450,7,1,3.00,40.9361,151.7543,10.5215,-1.0948,1.5555,10.4781,1.6596,-0.5585,4.0000,992.04,365.81,0.0000,0.0000
76.700,7,10,0,41.6568,141.6396,2.1777,-1.3670,2.5400,2.8845,7,1,3.00,40.9361,151.7543,10.2681,-0.9505,1.5555,10.3795,1.6468,-0.5474,4.0000,976.45,246.72,0.0000,0.0000
76.800,7,10,0,41.5126,141.8744,2.1458,-1.3938,2.4701,2.8362,7,1,3.00,40.9361,151.7543,10.0214,-0.8038,1.5555,10.2983,1.6334,-0.5305,4.0000,974.51,200.51,0.0000,0.0000
76.900,7,10,0,41.3669,142.1043,2.1106,-1.4163,2.4074,2.7931,7,1,3.00,40.9361,151.7543,9.7808,-0.6552,1.5555,10.2310,1.6195,-0.5111,4.0000,968.73,233.04,0.0000,0.0000
77.000,7,10,0,41.2957,142.2142,2.0768,-1.4293,2.3840,2.7796,7,1,3.00,40.9361,151.7543,9.5469,-0.5055,1.5555,10.1694,1.6052,-0.4846,4.0000,986.51,255.06,0.0000,0.0000
77.100,7,10,0,41.1484,142.4389,2.0362,-1.4461,2.3356,2.7471,7,1,3.00,40.9361,151.7543,9.4285,-0.4280,1.5555,10.1333,1.5977,-0.4568,4.0000,985.69,401.62,0.0000,0.0000
77.200,7,10,0,41.0002,142.6624,1.9888,-1.4601,2.3008,2.7250,7,1,3.00,40.9361,151.7543,9.2013,-0.2768,1.5555,10.0930,1.5829,-0.4298,4.0000,988.83,417.39,0.0000,0.0000
77.300,7,10,0,40.8512,142.8874,1.9499,-1.4717,2.2841,2.7172,7,1,3.00,40.9361,151.7543,8.9764,-0.1248,1.5555,10.0692,1.5679,-0.4015,4.0000,984.31,301.89,0.0000,0.0000
77.400,7,10,0,40.7018,143.1155,1.9007,-1.4808,2.2846,2.7225,7,1,3.00,40.9361,151.7543,8.7513,0.0280,1.5555,10.0688,1.5527,-0.3725,4.0000,994.83,360.67,0.0000,0.0000
77.500,7,10,0,40.6248,143.2339,1.8557,-1.4808,2.2832,2.7213,7,1,3.00,40.9361,151.7543,8.6420,0.1022,1.5555,10.0838,1.5454,-0.3354,4.0000,992.94,468.22,0.0000,0.0000
77.600,7,10,0,40.4756,143.4673,1.8103,-1.4844,2.3009,2.7382,7,1,3.00,40.9361,151.7543,8.4166,0.2552,1.5555,10.1023,1.5302,-0.3053,4.0000,984.22,494.07,0.0000,0.0000
77.700,7,10,0,40.3277,143.7074,1.7649,-1.4817,2.3371,2.7672,7,1,3.00,40.9361,151.7543,8.1888,0.4075,1.5555,10.1366,1.5153,-0.2748,4.0000,991.42,416.19,0.0000,0.0000
77.800,7,10,0,40.1825,143.9551,1.7201,-1.4705,2.3870,2.8036,7,1,3.00,40.9361,151.7543,7.9566,0.5579,1.5555,10.1877,1.5008,-0.2392,4.0000,989.65,476.42,0.0000,0.0000
77.900,7,10,0,40.0410,144.2098,1.6756,-1.4499,2.4445,2.8421,7,1,3.00,40.9361,151.7543,7.7205,0.7053,1.5555,10.2440,1.4868,-0.2135,4.0000,991.33,472.66,0.0000,0.0000
78.000,7,10,0,39.9740,144.3359,1.6315,-1.4392,2.4810,2.8682,7,1,3.00,40.9361,151.7543,7.4805,0.8486,1.5555,10.3022,1.4733,-0.1778,4.0000,979.00,589.02,0.0000,0.0000
78.100,7,10,0,39.8400,144.6013,1.5879,-1.4032,2.5457,2.9068,7,1,3.00,40.9361,151.7543,7.3555,0.9203,1.5555,10.3207,1.4666,-0.1406,4.0000,988.98,668.35,0.0000,0.0000
78.200,7,10,0,39.7130,144.8747,1.5454,-1.3552,2.6165,2.9466,7,1,3.00,40.9361,151.7543,7.1090,1.0550,1.5555,10.3791,1.4542,-0.1099,4.0000,985.78,651.81,0.0000,0.0000
78.300,7,10,0,39.5940,145.1569,1.4996,-1.2950,2.6929,2.9881,7,1,3.00,40.9361,151.7543,6.8569,1.1823,1.5555,10.4404,1.4427,-0.0750,4.0000,997.10,695.74,0.0000,0.0000
78.400,7,10,0,39.4843,145.4477,1.4556,-1.2231,2.7734,3.0311,7,1,3.00,40.9361,151.7543,6.5990,1.3010,1.5555,10.5032,1.4323,-0.0450,4.0000,984.68,696.43,0.0000,0.0000
78.500,7,10,0,39.3849,145.7474,1.4175,-1.1400,2.8567,3.0758,7,1,3.00,40.9361,151.7543,6.3345,1.4100,1.5555,10.5695,1.4229,-0.0156,4.0000,980.50,788.16,0.0000,0.0000
78.600,7,10,0,39.2964,146.0552,1.3811,-1.0468,2.9393,3.1201,7,1,3.00,40.9361,151.7543,6.0639,1.5086,1.5555,10.6354,1.4146,0.0135,4.0000,982.95,799.41,0.0000,0.0000
78.700,7,10,0,39.2203,146.3714,1.3429,-0.9429,3.0222,3.1659,7,1,3.00,40.9361,151.7543,5.9303,1.5523,1.5555,10.6801,1.4112,0.0456,4.0000,991.75,842.92,0.0000,0.0000
78.800,7,10,0,39.1860,146.5370,1.3139,-0.8863,3.0546,3.1806,7,1,3.00,40.9361,151.7543,5.6497,1.6333,1.5555,10.7488,1.4047,0.0729,4.0000,986.98,842.52,0.0000,0.0000
78.900,7,10,0,39.1288,146.8631,1.2797,-0.7720,3.1285,3.2224,7,1,3.00,40.9361,151.7543,5.3635,1.7019,1.5555,10.8145,1.3994,0.1029,4.0000,991.34,848.78,0.0000,0.0000
79.000,7,10,0,39.0840,147.1937,1.2506,-0.6546,3.1919,3.2583,7,1,3.00,40.9361,151.7543,5.0731,1.7580,1.5555,10.8732,1.3952,0.1319,4.0000,986.67,945.81,0.0000,0.0000
79.100,7,10,0,39.0519,147.5287,1.2203,-0.5333,3.2479,3.2914,7,1,3.00,40.9361,151.7543,4.7793,1.8018,1.5555,10.9243,1.3920,0.1569,3.8235,991.17,925.85,0.0000,0.0000
79.200,7,10,0,39.0326,147.8670,1.1976,-0.4101,3.2959,3.3213,7,1,3.00,40.9361,151.7543,4.4822,1.8328,1.5555,10.9720,1.3900,0.1840,3.5857,988.25,932.15,0.0000,0.0000
79.300,7,10,0,39.0276,148.0320,1.1737,-0.3489,3.3244,3.3426,7,1,3.00,40.9361,151.7543,4.1830,1.8513,1.5555,11.0139,1.3890,0.2048,3.3464,986.59,897.60,0.0000,0.0000
79.400,7,10,0,39.0264,148.3736,1.1538,-0.2261,3.3593,3.3669,7,1,3.00,40.9361,151.7543,4.0285,1.8561,1.5555,11.0210,1.3887,0.2275,3.2228,963.63,901.53,0.0000,0.0000
79.500,7,10,0,39.0364,148.7157,1.1349,-0.1071,3.3837,3.3854,7,1,3.00,40.9361,151.7543,3.7285,1.8566,1.5555,11.0536,1.3891,0.2473,2.9828,980.68,886.28,0.0000,0.0000
79.600,7,10,0,39.0457,148.8918,1.1145,-0.0498,3.3840,3.3843,7,1,3.00,40.9361,151.7543,3.5835,1.8530,1.5555,11.0781,1.3898,0.2641,2.8668,961.16,867.86,0.0000,0.0000
79.700,7,10,0,39.0714,149.2329,1.0993,0.0609,3.3928,3.3934,7,1,3.00,40.9361,151.7543,3.2869,1.8377,1.5555,11.0967,1.3914,0.2834,2.6295,873.30,834.25,0.0000,0.0000
79.800,7,10,0,39.0870,149.3976,1.0845,0.1141,3.4004,3.4023,7,1,3.00,40.9361,151.7543,2.9955,1.8128,1.5555,11.1035,1.3937,0.3029,2.3964,837.95,845.71,0.0000,0.0000
79.900,8,10,0,39.1252,149.7332,1.0683,0.2117,3.3855,3.3921,8,1,3.00,30.1963,170.0849,22.3651,2.6829,2.1008,11.0870,1.8634,0.7891,4.0000,823.13,791.31,0.0000,0.0000
80.000,8,10,0,39.1705,150.0621,1.0513,0.2996,3.3520,3.3654,8,1,3.00,30.1963,170.0849,22.0776,2.4788,2.1008,11.0589,1.8803,0.8216,4.0000,733.81,999.67,0.0000,0.0000
80.100,8,10,0,39.1969,150.2292,1.0361,0.3413,3.3243,3.3418,8,1,3.00,30.1963,170.0849,21.9419,2.3788,2.1008,11.0481,1.8887,0.8445,4.0000,547.05,973.51,0.0000,0.0000
80.200,8,10,0,39.2548,150.5483,1.0256,0.4271,3.2749,3.3026,8,1,3.00,30.1963,170.0849,21.6697,2.1693,2.1008,10.9976,1.9060,0.8743,4.0000,331.31,981.79,0.0000,0.0000
80.300,8,10,0,39.2855,150.6993,1.0198,0.4698,3.2489,3.2827,8,1,3.00,30.1963,170.0849,21.4106,1.9575,2.1008,10.9240,1.9235,0.9008,4.0000,217.34,983.75,0.0000,0.0000
80.400,8,10,0,39.3536,150.9998,1.0182,0.5471,3.1607,3.2077,8,1,3.00,30.1963,170.0849,21.2837,1.8487,2.1008,10.8615,1.9322,0.9140,4.0000,108.01,989.03,0.0000,0.0000
80.500,8,10,0,39.4277,151.2853,1.0238,0.6179,3.0502,3.1122,8,1,3.00,30.1963,170.0849,21.0505,1.6392,2.1008,10.7331,1.9492,0.9289,4.0000,-0.58,996.17,0.0000,0.0000
80.600,8,10,0,39.5066,151.5534,1.0378,0.6804,2.9164,2.9948,8,1,3.00,30.1963,170.0849,20.8358,1.4330,2.1008,10.5742,1.9661,0.9356,4.0000,-208.49,981.91,0.0000,0.0000
80.700,8,10,0,39.5889,151.8045,1.0640,0.7328,2.7696,2.8649,8,1,3.00,30.1963,170.0849,20.6405,1.2323,2.1008,10.3873,1.9827,0.9331,4.0000,-171.97,965.14,0.0000,0.0000
80.800,8,10,0,39.6323,151.9271,1.0927,0.7528,2.6871,2.7906,8,1,3.00,30.1963,170.0849,20.5522,1.1370,2.1008,10.2974,1.9908,0.9167,4.0000,-144.94,997.50,0.0000,0.0000
80.900,8,10,0,39.7184,152.1548,1.1323,0.7919,2.5381,2.6588,8,1,3.00,30.1963,170.0849,20.3830,0.9452,2.1008,10.0936,2.0074,0.8980,4.0000,-189.75,995.96,0.0000,0.0000
81.000,8,10,0,39.8077,152.3709,1.1785,0.8285,2.4011,2.5400,8,1,3.00,30.1963,170.0849,20.2281,0.7574,2.1008,9.9050,2.0245,0.8724,4.0000,-311.26,995.28,0.0000,0.0000
81.100,8,10,0,39.9006,152.5775,1.2310,0.8644,2.2793,2.4377,8,1,3.00,30.1963,170.0849,20.0859,0.5721,2.1008,9.7383,2.0421,0.8410,4.0000,-342.85,998.39,0.0000,0.0000
81.200,8,10,0,39.9468,152.6747,1.2891,0.8840,2.2285,2.3975,8,1,3.00,30.1963,170.0849,19.9546,0.3883,2.1008,9.5962,2.0603,0.7978,4.0000,-285.55,985.21,0.0000,0.0000
81.300,8,10,0,40.0440,152.8701,1.3525,0.9165,2.1302,2.3190,8,1,3.00,30.1963,170.0849,19.8907,0.2942,2.1008,9.5263,2.0699,0.7533,4.0000,-187.62,994.84,0.0000,0.0000
81.400,8,10,0,40.1429,153.0626,1.4197,0.9433,2.0572,2.2632,8,1,3.00,30.1963,170.0849,19.7719,0.1118,2.1008,9.4236,2.0889,0.6995,4.0000,-142.55,963.10,0.0000,0.0000
81.500,8,10,0,40.2423,153.2564,1.4894,0.9622,2.0157,2.2336,8,1,3.00,30.1963,170.0849,19.6555,-0.0714,2.1008,9.3606,2.1084,0.6580,4.0000,-320.91,989.96,0.0000,0.0000
81.600,8,10,0,40.3418,153.4523,1.5604,0.9747,1.9966,2.2218,8,1,3.00,30.1963,170.0849,19.5390,-0.2558,2.1008,9.3317,2.1282,0.5996,4.0000,-18.78,977.30,0.0000,0.0000
81.700,8,10,0,40.3928,153.5545,1.6329,0.9756,1.9905,2.2167,8,1,3.00,30.1963,170.0849,19.4222,-0.4412,2.1008,9.3251,2.1481,0.5474,4.0000,-146.38,995.34,0.0000,0.0000
81.800,8,10,0,40.4890,153.7591,1.7134,0.9705,2.0103,2.2323,8,1,3.00,30.1963,170.0849,19.3636,-0.5316,2.1008,9.3408,2.1576,0.4845,4.0000,28.01,963.89,0.0000,0.0000
81.900,8,10,0,40.5806,153.9720,1.7855,0.9502,2.0533,2.2625,8,1,3.00,30.1963,170.0849,19.2374,-0.7184,2.1008,9.3769,2.1772,0.4238,4.0000,137.16,986.42,0.0000,0.0000
82.000,8,10,0,40.6640,154.1953,1.8647,0.9076,2.1183,2.3045,8,1,3.00,30.1963,170.0849,19.1022,-0.9044,2.1008,9.4308,2.1964,0.3709,4.0000,240.31,995.00,0.0000,0.0000
82.100,8,10,0,40.7366,154.4316,1.9417,0.8412,2.2065,2.3614,8,1,3.00,30.1963,170.0849,18.9537,-1.0881,2.1008,9.5053,2.2148,0.3111,4.0000,260.89,990.11,0.0000,0.0000
82.200,8,10,0,40.7960,154.6812,2.0162,0.7512,2.3106,2.4297,8,1,3.00,30.1963,170.0849,18.7894,-1.2682,2.1008,9.6008,2.2321,0.2603,4.0000,376.34,994.74,0.0000,0.0000
82.301,8,10,0,40.8396,154.9429,2.0881,0.6363,2.4213,2.5035,8,1,3.00,30.1963,170.0849,18.6085,-1.4424,2.1008,9.7078,2.2483,0.1957,4.0000,459.84,991.63,0.0000,0.0000
82.400,8,10,0,40.8638,155.2166,2.1432,0.4927,2.5347,2.5822,8,1,3.00,30.1963,170.0849,18.4093,-1.6075,2.1008,9.8229,2.2630,0.1471,4.0000,602.53,995.29,0.0000,0.0000
82.500,8,10,0,40.8667,155.5005,2.2086,0.3244,2.6445,2.6643,8,1,3.00,30.1963,170.0849,18.1909,-1.7605,2.1008,9.9438,2.2760,0.0995,4.0000,582.47,973.21,0.0000,0.0000
82.600,8,10,0,40.8470,155.7937,2.2699,0.1356,2.7476,2.7510,8,1,3.00,30.1963,170.0849,17.9532,-1.8996,2.1008,10.0708,2.2872,0.0536,4.0000,696.30,993.31,0.0000,0.0000
82.700,8,10,0,40.8056,156.0934,2.3216,-0.0638,2.8369,2.8376,8,1,3.00,30.1963,170.0849,17.6972,-2.0234,2.1008,10.2019,2.2966,0.0034,4.0000,720.96,988.90,0.0000,0.0000
82.800,8,10,0,40.7416,156.3976,2.3754,-0.2725,2.9100,2.9228,8,1,3.00,30.1963,170.0849,17.4248,-2.1310,2.1008,10.3315,2.3042,-0.0447,4.0000,862.85,985.73,0.0000,0.0000
82.900,8,10,0,40.7025,156.5460,2.4205,-0.3811,2.9466,2.9712,8,1,3.00,30.1963,170.0849,17.1370,-2.2207,2.1008,10.4567,2.3100,-0.0858,4.0000,888.92,979.24,0.0000,0.0000
83.000,8,10,0,40.6043,156.8527,2.4667,-0.6010,2.9918,3.0516,8,1,3.00,30.1963,170.0849,16.9832,-2.2594,2.1008,10.5064,2.3126,-0.1316,4.0000,922.32,989.95,0.0000,0.0000
83.100,8,10,0,40.4837,157.1588,2.4965,-0.8225,3.0181,3.1282,8,1,3.00,30.1963,170.0849,16.6742,-2.3195,2.1008,10.6245,2.3157,-0.1682,4.0000,984.85,977.74,0.0000,0.0000
83.200,8,10,0,40.3423,157.4627,2.5317,-1.0388,3.0268,3.2001,8,1,3.00,30.1963,170.0849,16.3537,-2.3603,2.1008,10.7355,2.3172,-0.1993,4.0000,940.71,982.17,0.0000,0.0000
83.300,8,10,0,40.2618,157.6178,2.5603,-1.1407,3.0180,3.2264,8,1,3.00,30.1963,170.0849,16.1945,-2.3733,2.1008,10.8002,2.3171,-0.2257,4.0000,969.69,992.60,0.0000,0.0000
83.400,8,10,0,40.0923,157.9154,2.5866,-1.3407,3.0017,3.2875,8,1,3.00,30.1963,170.0849,15.8600,-2.3865,2.1008,10.8991,2.3163,-0.2574,4.0000,976.78,993.43,0.0000,0.0000
83.500,8,10,0,40.0043,158.0576,2.6108,-1.4392,2.9941,3.3221,8,1,3.00,30.1963,170.0849,15.5194,-2.3825,2.1008,10.9831,2.3144,-0.2845,4.0000,977.34,991.14,0.0000,0.0000
83.600,8,10,0,39.8119,158.3457,2.6331,-1.6167,2.9542,3.3676,8,1,3.00,30.1963,170.0849,15.3423,-2.3740,2.1008,11.0071,2.3132,-0.3117,4.0000,978.27,924.65,0.0000,0.0000
83.700,8,10,0,39.6067,158.6263,2.6537,-1.7763,2.9013,3.4018,8,1,3.00,30.1963,170.0849,14.9959,-2.3457,2.1008,11.0677,2.3096,-0.3366,4.0000,970.42,942.26,0.0000,0.0000
83.800,8,10,0,39.3910,158.8986,2.6772,-1.9158,2.8376,3.4238,8,1,3.00,30.1963,170.0849,14.6486,-2.3035,2.1008,11.1089,2.3052,-0.3605,4.0000,961.14,900.93,0.0000,0.0000
83.900,8,10,0,39.2763,159.0356,2.6943,-1.9738,2.7969,3.4232,8,1,3.00,30.1963,170.0849,14.4801,-2.2785,2.1008,11.1357,2.3026,-0.3812,4.0000,990.16,821.90,0.0000,0.0000
84.000,8,10,0,39.0481,159.2947,2.7099,-2.0847,2.7213,3.4280,8,1,3.00,30.1963,170.0849,14.1335,-2.2181,2.1008,11.1536,2.2971,-0.4013,4.0000,984.60,746.12,0.0000,0.0000
84.100,8,10,0,38.9353,159.4165,2.7218,-2.1375,2.6848,3.4318,8,1,3.00,30.1963,170.0849,13.7907,-2.1471,2.1008,11.1476,2.2911,-0.4258,4.0000,990.05,883.58,0.0000,0.0000
84.200,8,10,0,38.6989,159.6600,2.7345,-2.2212,2.5948,3.4156,8,1,3.00,30.1963,170.0849,13.6162,-2.1067,2.1008,11.1244,2.2879,-0.4426,4.0000,954.24,736.67,0.0000,0.0000
84.300,8,10,0,38.4576,159.8938,2.7439,-2.2922,2.5023,3.3935,8,1,3.00,30.1963,170.0849,13.2801,-2.0208,2.1008,11.0974,2.2809,-0.4586,4.0000,991.07,746.27,0.0000,0.0000
84.400,8,10,0,38.3319,160.0103,2.7521,-2.3169,2.4500,3.3721,8,1,3.00,30.1963,170.0849,13.1189,-1.9762,2.1008,11.0902,2.2771,-0.4707,4.0000,986.51,726.32,0.0000,0.0000
84.500,8,10,0,38.0853,160.2298,2.7573,-2.3703,2.3572,3.3428,8,1,3.00,30.1963,170.0849,12.7906,-1.8782,2.1008,11.0487,2.2692,-0.4851,4.0000,985.72,640.23,0.0000,0.0000
84.600,8,10,0,37.8373,160.4394,2.7602,-2.4092,2.2619,3.3046,8,1,3.00,30.1963,170.0849,12.4682,-1.7732,2.1008,10.9987,2.2606,-0.4984,4.0000,981.95,679.34,0.0000,0.0000
84.700,8,10,0,37.7167,160.5375,2.7599,-2.4297,2.2181,3.2899,8,1,3.00,30.1963,170.0849,12.1535,-1.6624,2.1008,10.9348,2.2516,-0.5088,4.0000,981.00,572.03,0.0000,0.0000
84.800,8,10,0,37.4676,160.7327,2.7570,-2.4535,2.1220,3.2438,8,1,3.00,30.1963,170.0849,11.9944,-1.6031,2.1008,10.8899,2.2469,-0.5114,4.0000,992.59,507.20,0.0000,0.0000
84.900,8,10,0,37.2187,160.9183,2.7512,-2.4675,2.0260,3.1927,8,1,3.00,30.1963,170.0849,11.6913,-1.4843,2.1008,10.8177,2.2371,-0.5166,4.0000,978.30,519.55,0.0000,0.0000
85.000,8,10,0,36.9710,161.0946,2.7398,-2.4719,1.9311,3.1368,8,1,3.00,30.1963,170.0849,11.3969,-1.3614,2.1008,10.7369,2.2269,-0.5180,4.0000,978.14,490.49,0.0000,0.0000
85.100,8,10,0,36.8442,161.1819,2.7254,-2.4654,1.8810,3.1010,8,1,3.00,30.1963,170.0849,11.2571,-1.3006,2.1008,10.7052,2.2217,-0.5137,4.0000,982.36,425.47,0.0000,0.0000
85.200,8,10,0,36.5994,161.3453,2.7093,-2.4583,1.7910,3.0415,8,1,3.00,30.1963,170.0849,10.9755,-1.1731,2.1008,10.6182,2.2108,-0.5090,4.0000,979.30,471.39,0.0000,0.0000
85.300,8,10,0,36.3563,161.5012,2.6877,-2.4477,1.7068,2.9840,8,1,3.00,30.1963,170.0849,10.7029,-1.0435,2.1008,10.5274,2.1996,-0.4982,4.0000,993.99,436.41,0.0000,0.0000
85.400,8,10,0,36.1130,161.6521,2.6601,-2.4417,1.6348,2.9384,8,1,3.00,30.1963,170.0849,10.4365,-0.9112,2.1008,10.4506,2.1878,-0.4893,4.0000,978.83,465.82,0.0000,0.0000
85.500,8,10,0,35.8706,161.7976,2.6322,-2.4347,1.5691,2.8965,8,1,3.00,30.1963,170.0849,10.1756,-0.7765,2.1008,10.3853,2.1754,-0.4727,4.0000,974.24,361.07,0.0000,0.0000
85.600,8,10,0,35.7533,161.8665,2.6013,-2.4364,1.5423,2.8835,8,1,3.00,30.1963,170.0849,9.9208,-0.6401,2.1008,10.3253,2.1627,-0.4527,4.0000,991.44,337.69,0.0000,0.0000
85.700,8,10,0,35.5123,162.0055,2.5716,-2.4282,1.4879,2.8478,8,1,3.00,30.1963,170.0849,9.7918,-0.5694,2.1008,10.2878,2.1561,-0.4307,4.0000,987.64,337.82,0.0000,0.0000
85.800,8,10,0,35.2714,162.1420,2.5318,-2.4226,1.4442,2.8204,8,1,3.00,30.1963,170.0849,9.5445,-0.4311,2.1008,10.2401,2.1429,-0.4052,4.0000,981.90,460.88,0.0000,0.0000
85.900,8,10,0,35.0306,162.2770,2.4897,-2.4191,1.4111,2.8006,8,1,3.00,30.1963,170.0849,9.3008,-0.2919,2.1008,10.2039,2.1294,-0.3774,4.0000,992.26,462.31,0.0000,0.0000
86.000,8,10,0,34.7890,162.4122,2.4505,-2.4195,1.3906,2.7907,8,1,3.00,30.1963,170.0849,9.0591,-0.1520,2.1008,10.1818,2.1157,-0.3523,4.0000,984.43,402.65,0.0000,0.0000
86.100,8,10,0,34.5461,162.5488,2.4061,-2.4243,1.3829,2.7910,8,1,3.00,30.1963,170.0849,8.8181,-0.0116,2.1008,10.1752,2.1019,-0.3265,4.0000,982.58,461.70,0.0000,0.0000
86.200,8,10,0,34.3018,162.6884,2.3610,-2.4327,1.3890,2.8013,8,1,3.00,30.1963,170.0849,8.5771,0.1288,2.1008,10.1821,2.0881,-0.2955,4.0000,980.36,475.50,0.0000,0.0000
86.300,8,10,0,34.0560,162.8325,2.3204,-2.4434,1.4093,2.8207,8,1,3.00,30.1963,170.0849,8.3341,0.2686,2.1008,10.2051,2.0745,-0.2684,4.0000,992.15,436.58,0.0000,0.0000
86.400,8,10,0,33.8094,162.9816,2.2751,-2.4531,1.4402,2.8447,8,1,3.00,30.1963,170.0849,8.0890,0.4070,2.1008,10.2385,2.0610,-0.2322,4.0000,986.36,562.84,0.0000,0.0000
86.500,8,10,0,33.5622,163.1373,2.2299,-2.4612,1.4838,2.8739,8,1,3.00,30.1963,170.0849,7.8414,0.5431,2.1008,10.2779,2.0480,-0.2044,4.0000,983.53,585.13,0.0000,0.0000
86.600,8,10,0,33.4350,163.2201,2.1894,-2.4580,1.5058,2.8826,8,1,3.00,30.1963,170.0849,7.7200,0.6080,2.1008,10.3109,2.0419,-0.1700,4.0000,996.62,621.79,0.0000,0.0000
86.700,8,10,0,33.1884,163.3877,2.1498,-2.4605,1.5672,2.9172,8,1,3.00,30.1963,170.0849,7.4672,0.7387,2.1008,10.3592,2.0296,-0.1377,4.0000,975.33,655.21,0.0000,0.0000
86.800,8,10,0,32.9430,163.5640,2.1108,-2.4572,1.6379,2.9530,8,1,3.00,30.1963,170.0849,7.2097,0.8642,2.1008,10.4134,2.0180,-0.1100,4.0000,995.76,682.57,0.0000,0.0000
86.900,8,10,0,32.6999,163.7498,2.0812,-2.4471,1.7170,2.9894,8,1,3.00,30.1963,170.0849,6.9483,0.9837,2.1008,10.4668,2.0071,-0.0910,4.0000,993.72,721.82,0.0000,0.0000
87.000,8,10,0,32.5828,163.8436,2.0482,-2.4455,1.7647,3.0157,8,1,3.00,30.1963,170.0849,6.6819,1.0960,2.1008,10.5236,1.9970,-0.0594,4.0000,986.35,766.48,0.0000,0.0000
87.100,8,10,0,32.3439,164.0455,2.0161,-2.4261,1.8590,3.0565,8,1,3.00,30.1963,170.0849,6.5426,1.1506,2.1008,10.5426,1.9921,-0.0359,4.0000,991.61,748.57,0.0000,0.0000
87.200,8,10,0,32.1089,164.2592,1.9778,-2.3995,1.9615,3.0993,8,1,3.00,30.1963,170.0849,6.4098,1.2000,2.1008,10.5847,1.9879,-0.0127,4.0000,988.77,822.66,0.0000,0.0000
87.300,8,10,0,31.9897,164.3738,1.9486,-2.3780,2.0101,3.1138,8,1,3.00,30.1963,170.0849,6.1316,1.2948,2.1008,10.6489,1.9798,0.0094,4.0000,986.16,879.54,0.0000,0.0000
87.400,8,10,0,31.8786,164.4848,1.9277,-2.3653,2.0707,3.1436,8,1,3.00,30.1963,170.0849,5.8473,1.3794,2.1008,10.7155,1.9727,0.0312,4.0000,992.94,869.09,0.0000,0.0000
87.500,8,10,0,31.6539,164.7227,1.9012,-2.3232,2.1848,3.1891,8,1,3.00,30.1963,170.0849,5.5567,1.4530,2.1008,10.7837,1.9668,0.0591,4.0000,985.44,890.21,0.0000,0.0000
87.600,8,10,0,31.4356,164.9722,1.8763,-2.2730,2.2991,3.2330,8,1,3.00,30.1963,170.0849,5.4049,1.4865,2.1008,10.8057,1.9641,0.0817,4.0000,984.17,876.88,0.0000,0.0000
87.700,8,10,0,31.2244,165.2317,1.8473,-2.2154,2.4082,3.2723,8,1,3.00,30.1963,170.0849,5.2607,1.5153,2.1008,10.8495,1.9620,0.0976,4.0000,989.70,912.85,0.0000,0.0000
87.800,8,10,0,31.1185,165.3687,1.8281,-2.1794,2.4535,3.2817,8,1,3.00,30.1963,170.0849,4.9609,1.5664,2.1008,10.9084,1.9582,0.1165,3.9687,994.33,888.74,0.0000,0.0000
87.900,8,10,0,30.9187,165.6407,1.8047,-2.1131,2.5492,3.3112,8,1,3.00,30.1963,170.0849,4.6586,1.6067,2.1008,10.9577,1.9552,0.1350,3.7269,983.41,908.68,0.0000,0.0000
88.000,8,10,0,30.8246,165.7751,1.7922,-2.0827,2.5996,3.3310,8,1,3.00,30.1963,170.0849,4.3553,1.6366,2.1008,10.9965,1.9530,0.1584,3.4842,982.21,922.70,0.0000,0.0000
88.100,8,10,0,30.6366,166.0569,1.7706,-2.0096,2.6808,3.3504,8,1,3.00,30.1963,170.0849,4.1991,1.6480,2.1008,11.0002,1.9521,0.1720,3.3593,995.51,934.13,0.0000,0.0000
88.200,8,10,0,30.5430,166.2045,1.7525,-1.9676,2.7122,3.3508,8,1,3.00,30.1963,170.0849,4.0519,1.6563,2.1008,11.0256,1.9517,0.1880,3.2415,989.77,853.42,0.0000,0.0000
88.300,8,10,0,30.3673,166.4951,1.7352,-1.8910,2.7813,3.3633,8,1,3.00,30.1963,170.0849,3.7489,1.6659,2.1008,11.0487,1.9511,0.2052,2.9991,906.38,908.05,0.0000,0.0000
88.400,8,10,0,30.1996,166.7893,1.7163,-1.8130,2.8388,3.3684,8,1,3.00,30.1963,170.0849,3.4486,1.6664,2.1008,11.0619,1.9513,0.2246,2.7589,986.50,871.98,0.0000,0.0000
88.500,8,10,0,30.1210,166.9334,1.7002,-1.7776,2.8714,3.3771,8,1,3.00,30.1963,170.0849,3.1523,1.6581,2.1008,11.0656,1.9520,0.2458,2.5219,916.61,819.95,0.0000,0.0000
88.600,8,10,0,29.9650,167.2321,1.6826,-1.6993,2.9147,3.3739,8,1,3.00,30.1963,170.0849,3.0019,1.6506,2.1008,11.0533,1.9525,0.2622,2.4015,868.94,787.28,0.0000,0.0000
88.700,9,10,0,29.8167,167.5309,1.6671,-1.6211,2.9426,3.3596,9,2,3.00,26.0820,180.0969,13.2684,1.3113,1.9607,11.0410,1.8617,0.1869,1.5000,812.83,735.96,0.0000,0.0000
88.800,9,10,0,29.7436,167.6837,1.6500,-1.5782,2.9420,3.3385,9,2,3.00,26.0820,180.0969,13.1093,1.3219,1.9607,11.0393,1.8597,0.2003,1.5000,617.84,683.78,0.0000,0.0000
88.900,9,10,0,29.6075,167.9780,1.6335,-1.4990,2.9411,3.3010,9,2,3.00,26.0820,180.0969,12.7856,1.3389,1.9607,10.9942,1.8558,0.2150,1.5000,552.34,716.99,0.0000,0.0000
89.000,9,10,0,29.4802,168.2652,1.6198,-1.4168,2.9148,3.2409,9,2,3.00,26.0820,180.0969,12.4689,1.3503,1.9607,10.9224,1.8522,0.2258,1.5000,542.65,602.83,0.0000,0.0000
89.100,9,10,0,29.3621,168.5422,1.6063,-1.3311,2.8615,3.1559,9,2,3.00,26.0820,180.0969,12.1634,1.3564,1.9607,10.8125,1.8489,0.2354,1.5000,426.26,523.15,0.0000,0.0000
89.200,9,10,0,29.3077,168.6723,1.5948,-1.2912,2.8312,3.1117,9,2,3.00,26.0820,180.0969,11.8713,1.3588,1.9607,10.6676,1.8460,0.2462,1.5000,413.79,511.33,0.0000,0.0000
89.300,9,10,0,29.2019,168.9305,1.5842,-1.2069,2.7411,2.9950,9,2,3.00,26.0820,180.0969,11.7268,1.3590,1.9607,10.5730,1.8445,0.2553,1.5000,350.67,457.15,0.0000,0.0000
89.400,9,10,0,29.1038,169.1768,1.5766,-1.1253,2.6412,2.8709,9,2,3.00,26.0820,180.0969,11.4570,1.3574,1.9607,10.3899,1.8419,0.2622,1.5000,360.55,432.85,0.0000,0.0000
89.500,9,10,0,29.0125,169.4127,1.5705,-1.0483,2.5393,2.7472,9,2,3.00,26.0820,180.0969,11.1995,1.3532,1.9607,10.2046,1.8396,0.2665,1.5000,366.08,442.99,0.0000,0.0000
89.600,9,10,0,28.9274,169.6393,1.5654,-0.9772,2.4412,2.6296,9,2,3.00,26.0820,180.0969,10.9537,1.3470,1.9607,10.0218,1.8374,0.2693,1.5000,278.50,367.99,0.0000,0.0000
89.700,9,10,0,28.8480,169.8580,1.5615,-0.9110,2.3499,2.5204,9,2,3.00,26.0820,180.0969,10.7173,1.3383,1.9607,9.8531,1.8355,0.2724,1.5000,292.38,370.49,0.0000,0.0000
89.800,9,10,0,28.7739,170.0691,1.5582,-0.8493,2.2643,2.4183,9,2,3.00,26.0820,180.0969,10.4901,1.3276,1.9607,9.6944,1.8338,0.2744,1.5000,280.83,376.27,0.0000,0.0000
89.900,9,10,0,28.7049,170.2742,1.5562,-0.7918,2.1876,2.3265,9,2,3.00,26.0820,180.0969,10.2709,1.3146,1.9607,9.5491,1.8323,0.2753,1.5000,290.59,363.62,0.0000,0.0000
90.000,9,10,0,28.6712,170.3776,1.5552,-0.7631,2.1481,2.2796,9,2,3.00,26.0820,180.0969,10.1669,1.3075,1.9607,9.4898,1.8317,0.2761,1.5000,302.40,363.43,0.0000,0.0000
90.100,9,10,0,28.6089,170.5751,1.5550,-0.7121,2.0847,2.2030,9,2,3.00,26.0820,180.0969,9.9573,1.2912,1.9607,9.3674,1.8307,0.2757,1.5000,300.75,382.10,0.0000,0.0000
90.200,9,10,0,28.5505,170.7685,1.5553,-0.6656,2.0299,2.1363,9,2,3.00,26.0820,180.0969,9.7529,1.2728,1.9607,9.2596,1.8298,0.2748,1.5000,302.30,363.60,0.0000,0.0000
90.300,9,10,0,28.4957,170.9591,1.5560,-0.6228,1.9844,2.0798,9,2,3.00,26.0820,180.0969,9.5529,1.2522,1.9607,9.1671,1.8292,0.2736,1.5000,283.53,368.33,0.0000,0.0000
90.400,9,10,0,28.4444,171.1473,1.5572,-0.5832,1.9471,2.0326,9,2,3.00,26.0820,180.0969,9.3563,1.2293,1.9607,9.0896,1.8289,0.2722,1.5000,278.90,376.78,0.0000,0.0000
90.500,9,10,0,28.4206,171.2380,1.5590,-0.5654,1.9357,2.0166,9,2,3.00,26.0820,180.0969,9.1624,1.2041,1.9607,9.0249,1.8289,0.2708,1.5000,274.64,369.76,0.0000,0.0000
90.600,9,10,0,28.3741,171.4240,1.5616,-0.5294,1.9093,1.9813,9,2,3.00,26.0820,180.0969,8.9707,1.1765,1.9607,8.9719,1.8292,0.2687,1.5000,268.90,355.73,0.0000,0.0000
90.700,9,10,0,28.3304,171.6087,1.5638,-0.4958,1.8876,1.9517,9,2,3.00,26.0820,180.0969,8.8728,1.1614,1.9607,8.9422,1.8294,0.2666,1.5000,272.35,354.24,0.0000,0.0000
90.800,9,10,0,28.2894,171.7918,1.5672,-0.4648,1.8682,1.9252,9,2,3.00,26.0820,180.0969,8.6842,1.1306,1.9607,8.9006,1.8301,0.2645,1.5000,257.57,359.24,0.0000,0.0000
90.900,9,10,0,28.2693,171.8855,1.5709,-0.4493,1.8547,1.9083,9,2,3.00,26.0820,180.0969,8.5935,1.1150,1.9607,8.8878,1.8306,0.2618,1.5000,256.52,355.77,0.0000,0.0000
91.000,9,10,0,28.2319,172.0659,1.5747,-0.4217,1.8359,1.8837,9,2,3.00,26.0820,180.0969,8.4082,1.0817,1.9607,8.8505,1.8317,0.2594,1.5000,249.95,346.10,0.0000,0.0000
91.100,9,10,0,28.2146,172.1526,1.5782,-0.4095,1.8300,1.8753,9,2,3.00,26.0820,180.0969,8.2256,1.0470,1.9607,8.8129,1.8331,0.2569,1.5000,250.99,335.87,0.0000,0.0000
91.200,9,10,0,28.1805,172.3296,1.5831,-0.3848,1.8090,1.8495,9,2,3.00,26.0820,180.0969,8.0459,1.0113,1.9607,8.7742,1.8347,0.2532,1.5000,232.55,327.59,0.0000,0.0000
91.300,9,10,0,28.1483,172.5043,1.5878,-0.3621,1.7874,1.8237,9,2,3.00,26.0820,180.0969,7.9544,0.9926,1.9607,8.7487,1.8356,0.2496,1.5000,238.77,329.49,0.0000,0.0000
91.400,9,10,0,28.1180,172.6769,1.5934,-0.3410,1.7659,1.7986,9,2,3.00,26.0820,180.0969,7.7787,0.9555,1.9607,8.7103,1.8376,0.2467,1.5000,240.58,316.21,0.0000,0.0000
91.500,9,10,0,28.1030,172.7650,1.5987,-0.3305,1.7517,1.7826,9,2,3.00,26.0820,180.0969,7.6944,0.9372,1.9607,8.6978,1.8386,0.2432,1.5000,226.57,313.25,0.0000,0.0000
91.600,9,10,0,28.0750,172.9348,1.6042,-0.3121,1.7320,1.7599,9,2,3.00,26.0820,180.0969,7.5221,0.8989,1.9607,8.6627,1.8409,0.2402,1.5000,207.37,315.87,0.0000,0.0000
91.700,9,10,0,28.0619,173.0166,1.6098,-0.3042,1.7261,1.7527,9,2,3.00,26.0820,180.0969,7.3520,0.8599,1.9607,8.6291,1.8435,0.2365,1.5000,198.28,317.22,0.0000,0.0000
91.800,9,10,0,28.0360,173.1835,1.6158,-0.2877,1.7065,1.7306,9,2,3.00,26.0820,180.0969,7.2654,0.8396,1.9607,8.6066,1.8449,0.2321,1.5000,192.63,309.27,0.0000,0.0000
91.900,9,10,0,28.0116,173.3484,1.6221,-0.2720,1.6863,1.7081,9,2,3.00,26.0820,180.0969,7.0989,0.7998,1.9607,8.5734,1.8478,0.2281,1.5000,208.07,304.74,0.0000,0.0000
92.000,9,10,0,27.9885,173.5109,1.6303,-0.2574,1.6648,1.6846,9,2,3.00,26.0820,180.0969,6.9350,0.7595,1.9607,8.5389,1.8510,0.2248,1.5000,223.01,312.83,0.0000,0.0000
92.100,9,10,0,27.9770,173.5938,1.6372,-0.2501,1.6507,1.6695,9,2,3.00,26.0820,180.0969,6.8564,0.7399,1.9607,8.5269,1.8526,0.2188,1.5000,210.87,302.82,0.0000,0.0000
92.200,9,10,0,27.9554,173.7539,1.6442,-0.2378,1.6324,1.6496,9,2,3.00,26.0820,180.0969,6.6959,0.6993,1.9607,8.4944,1.8561,0.2154,1.5000,204.76,317.34,0.0000,0.0000
92.300,9,10,0,27.9346,173.9129,1.6533,-0.2267,1.6166,1.6324,9,2,3.00,26.0820,180.0969,6.5369,0.6582,1.9607,8.4666,1.8598,0.2111,1.5000,211.16,314.52,0.0000,0.0000
92.400,9,10,0,27.9147,174.0713,1.6617,-0.2166,1.6043,1.6188,9,2,3.00,26.0820,180.0969,6.3792,0.6167,1.9607,8.4432,1.8639,0.2069,1.5000,211.40,317.34,0.0000,0.0000
92.500,9,10,0,27.9053,174.1480,1.6703,-0.2124,1.6032,1.6172,9,2,3.00,26.0820,180.0969,6.2221,0.5746,1.9607,8.4258,1.8682,0.2018,1.5000,217.68,325.77,0.0000,0.0000
92.600,9,10,0,27.8864,174.3062,1.6791,-0.2042,1.5964,1.6094,9,2,3.00,26.0820,180.0969,6.1414,0.5528,1.9607,8.4137,1.8706,0.1954,1.5000,208.41,330.30,0.0000,0.0000
92.700,9,10,0,27.8679,174.4647,1.6882,-0.1972,1.5931,1.6053,9,2,3.00,26.0820,180.0969,5.9847,0.5099,1.9607,8.4049,1.8754,0.1913,1.5000,212.43,331.13,0.0000,0.0000
92.800,9,10,0,27.8500,174.6233,1.6986,-0.1908,1.5916,1.6030,9,2,3.00,26.0820,180.0969,5.8280,0.4664,1.9607,8.4005,1.8806,0.1872,1.5000,232.63,343.39,0.0000,0.0000
92.900,9,10,0,27.8325,174.7821,1.7083,-0.1853,1.5912,1.6020,9,2,3.00,26.0820,180.0969,5.6716,0.4225,1.9607,8.3978,1.8861,0.1822,1.5000,221.81,344.06,0.0000,0.0000
93.000,9,10,0,27.8151,174.9416,1.7182,-0.1811,1.5935,1.6037,9,2,3.00,26.0820,180.0969,5.5151,0.3782,1.9607,8.3982,1.8921,0.1783,1.5000,208.22,351.49,0.0000,0.0000
93.100,9,10,0,27.8063,175.0239,1.7284,-0.1788,1.5915,1.6016,9,2,3.00,26.0820,180.0969,5.4389,0.3565,1.9607,8.4056,1.8951,0.1725,1.5000,223.02,329.61,0.0000,0.0000
93.200,9,10,0,27.7893,175.1843,1.7401,-0.1756,1.5955,1.6052,9,2,3.00,26.0820,180.0969,5.2818,0.3114,1.9607,8.4106,1.9017,0.1675,1.5000,217.71,327.20,0.0000,0.0000
93.300,9,10,0,27.7724,175.3450,1.7508,-0.1731,1.5992,1.6086,9,2,3.00,26.0820,180.0969,5.1246,0.2661,1.9607,8.4160,1.9088,0.1640,1.5000,223.63,322.05,0.0000,0.0000
93.400,9,10,0,27.7555,175.5059,1.7629,-0.1716,1.6024,1.6116,9,2,3.00,26.0820,180.0969,4.9674,0.2206,1.9607,8.4209,1.9163,0.1594,1.4902,211.73,324.96,0.0000,0.0000
93.500,9,10,0,27.7384,175.6669,1.7727,-0.1712,1.6047,1.6138,9,2,3.00,26.0820,180.0969,4.8103,0.1751,1.9607,8.4250,1.9243,0.1577,1.4431,199.65,322.26,0.0000,0.0000
93.600,9,10,0,27.7214,175.8274,1.7850,-0.1708,1.6044,1.6135,9,2,3.00,26.0820,180.0969,4.6537,0.1297,1.9607,8.4266,1.9328,0.1552,1.3961,186.49,323.00,0.0000,0.0000
93.700,9,10,0,27.7045,175.9872,1.7964,-0.1703,1.6015,1.6105,9,2,3.00,26.0820,180.0969,4.4981,0.0845,1.9607,8.4242,1.9419,0.1519,1.3494,212.11,309.25,0.0000,0.0000
93.800,9,10,0,27.6962,176.0644,1.8078,-0.1706,1.6029,1.6119,9,2,3.00,26.0820,180.0969,4.3436,0.0397,1.9607,8.4179,1.9516,0.1488,1.3031,185.50,302.39,0.0000,0.0000
93.900,9,10,0,27.6791,176.2228,1.8194,-0.1711,1.5967,1.6058,9,2,3.00,26.0820,180.0969,4.2646,0.0168,1.9607,8.4082,1.9568,0.1438,1.2794,168.18,292.36,0.0000,0.0000
94.000,9,10,0,27.6619,176.3796,1.8309,-0.1713,1.5872,1.5964,9,2,3.00,26.0820,180.0969,4.1123,-0.0273,1.9607,8.3969,1.9673,0.1416,1.2337,167.85,285.08,0.0000,0.0000
94.100,9,10,0,27.6448,176.5347,1.8438,-0.1714,1.5748,1.5840,9,2,3.00,26.0820,180.0969,3.9621,-0.0707,1.9607,8.3803,1.9785,0.1425,1.1886,159.21,269.50,0.0000,0.0000
94.200,9,10,0,27.6277,176.6879,1.8556,-0.1714,1.5599,1.5693,9,2,3.00,26.0820,180.0969,3.8141,-0.1135,1.9607,8.3601,1.9904,0.1414,1.1442,165.74,261.96,0.0000,0.0000
94.300,9,10,0,27.6104,176.8390,1.8673,-0.1719,1.5431,1.5526,9,2,3.00,26.0820,180.0969,3.6684,-0.1554,1.9607,8.3364,2.0031,0.1410,1.1005,149.82,259.15,0.0000,0.0000
94.400,9,10,0,27.6015,176.9160,1.8789,-0.1719,1.5306,1.5402,9,2,3.00,26.0820,180.0969,3.5252,-0.1964,1.9607,8.3103,2.0164,0.1427,1.0576,132.95,241.16,0.0000,0.0000
94.500,9,10,0,27.5841,177.0639,1.8879,-0.1725,1.5114,1.5212,9,2,3.00,26.0820,180.0969,3.4566,-0.2160,1.9607,8.3017,2.0232,0.1405,1.0370,117.58,222.51,0.0000,0.0000
94.600,9,10,0,27.5757,177.1347,1.8982,-0.1730,1.5042,1.5141,9,2,3.00,26.0820,180.0969,3.3175,-0.2557,1.9607,8.2712,2.0379,0.1448,0.9953,124.90,225.45,0.0000,0.0000
94.700,9,10,0,27.5586,177.2783,1.9072,-0.1724,1.4798,1.4898,9,2,3.00,26.0820,180.0969,3.2473,-0.2758,1.9607,8.2485,2.0457,0.1424,0.9742,120.04,215.76,0.0000,0.0000
94.800,9,10,0,27.5416,177.4187,1.9188,-0.1716,1.4530,1.4631,9,2,3.00,26.0820,180.0969,3.1137,-0.3140,1.9607,8.2101,2.0617,0.1480,0.9341,98.91,214.87,0.0000,0.0000
94.900,9,10,0,27.5329,177.4898,1.9303,-0.1707,1.4357,1.4458,9,2,3.00,26.0820,180.0969,3.0502,-0.3321,1.9607,8.1947,2.0698,0.1459,0.9151,72.52,205.95,0.0000,0.0000
95.000,9,10,0,27.5166,177.6249,1.9380,-0.1677,1.4048,1.4147,9,2,3.00,26.0820,180.0969,2.9221,-0.3687,1.9607,8.1517,2.0872,0.1543,0.0000,0.00,0.00,0.0000,0.0000
95.100,9,10,0,27.5095,177.6877,1.9492,-0.1640,1.3852,1.3949,9,2,3.00,26.0820,180.0969,2.8004,-0.4046,1.9607,8.0924,2.1057,0.1614,0.0000,0.00,0.00,0.0000,0.0000
95.200,9,10,0,27.4959,177.8091,1.9585,-0.1535,1.3231,1.3319,9,2,3.00,26.0820,180.0969,2.7420,-0.4222,1.9607,8.0443,2.1153,0.1602,0.0000,0.00,0.00,0.0000,0.0000
95.300,9,10,0,27.4842,177.9202,1.9670,-0.1403,1.2459,1.2538,9,2,3.00,26.0820,180.0969,2.6366,-0.4546,1.9607,7.9373,2.1340,0.1701,0.0000,0.00,0.00,0.0000,0.0000
95.400,9,10,0,27.4749,178.0214,1.9766,-0.1230,1.1611,1.1676,9,2,3.00,26.0820,180.0969,2.5419,-0.4851,1.9607,7.8132,2.1527,0.1808,0.0000,0.00,0.00,0.0000,0.0000
95.500,9,10,0,27.4712,178.0700,1.9835,-0.1127,1.1157,1.1214,9,2,3.00,26.0820,180.0969,2.4996,-0.4995,1.9607,7.7515,2.1619,0.1826,0.0000,0.00,0.00,0.0000,0.0000
95.600,9,10,0,27.4657,178.1583,1.9898,-0.0916,1.0312,1.0352,9,2,3.00,26.0820,180.0969,2.4197,-0.5285,1.9607,7.6199,2.1809,0.1942,0.0000,0.00,0.00,0.0000,0.0000
95.700,9,10,0,27.4618,178.2397,1.9970,-0.0727,0.9524,0.9552,9,2,3.00,26.0820,180.0969,2.3480,-0.5565,1.9607,7.4943,2.2000,0.2065,0.0000,0.00,0.00,0.0000,0.0000
95.800,9,10,0,27.4601,178.2772,2.0022,-0.0652,0.9180,0.9203,9,2,3.00,26.0820,180.0969,2.2827,-0.5830,1.9607,7.3805,2.2190,0.2193,0.0000,0.00,0.00,0.0000,0.0000
95.900,9,10,0,27.4568,178.3509,2.0076,-0.0538,0.8527,0.8544,9,2,3.00,26.0820,180.0969,2.2511,-0.5960,1.9607,7.3265,2.2286,0.2234,0.0000,0.00,0.00,0.0000,0.0000
96.000,9,10,0,27.4537,178.4207,2.0119,-0.0453,0.7970,0.7982,9,2,3.00,26.0820,180.0969,2.1929,-0.6202,1.9607,7.2353,2.2475,0.2371,0.0000,0.00,0.00,0.0000,0.0000
96.100,9,10,0,27.4513,178.4870,2.0164,-0.0376,0.7487,0.7496,9,2,3.00,26.0820,180.0969,2.1385,-0.6435,1.9607,7.1574,2.2664,0.2519,0.0000,0.00,0.00,0.0000,0.0000
96.200,9,10,0,27.4496,178.5496,2.0205,-0.0300,0.7045,0.7052,9,2,3.00,26.0820,180.0969,2.1135,-0.6546,1.9607,7.1245,2.2756,0.2573,0.0000,0.00,0.00,0.0000,0.0000
96.300,9,10,0,27.4490,178.5803,2.0243,-0.0264,0.6816,0.6821,9,2,3.00,26.0820,180.0969,2.0651,-0.6769,1.9607,7.0577,2.2946,0.2724,0.0000,0.00,0.00,0.0000,0.0000
96.400,9,10,0,27.4481,178.6368,2.0277,-0.0201,0.6390,0.6394,9,2,3.00,26.0820,180.0969,2.0208,-0.6981,1.9607,6.9930,2.3134,0.2876,0.0000,0.00,0.00,0.0000,0.0000
96.500,9,10,0,27.4477,178.6893,2.0309,-0.0144,0.5976,0.5978,9,2,3.00,26.0820,180.0969,1.9806,-0.7182,1.9607,6.9293,2.3318,0.3026,0.0000,0.00,0.00,0.0000,0.0000
96.600,9,10,0,27.4478,178.7384,2.0338,-0.0087,0.5592,0.5593,9,2,3.00,26.0820,180.0969,1.9440,-0.7373,1.9607,6.8688,2.3497,0.3172,0.0000,0.00,0.00,0.0000,0.0000
96.700,9,10,0,27.4484,178.7850,2.0368,-0.0033,0.5254,0.5254,9,2,3.00,26.0820,180.0969,1.9105,-0.7559,1.9607,6.8142,2.3675,0.3322,0.0000,0.00,0.00,0.0000,0.0000
96.800,9,10,0,27.4488,178.8069,2.0392,-0.0010,0.5114,0.5114,9,2,3.00,26.0820,180.0969,1.8943,-0.7653,1.9607,6.7881,2.3766,0.3387,0.0000,0.00,0.00,0.0000,0.0000
96.900,9,10,0,27.4496,178.8505,2.0417,0.0020,0.4841,0.4841,9,2,3.00,26.0820,180.0969,1.8643,-0.7829,1.9607,6.7444,2.3941,0.3536,0.0000,0.00,0.00,0.0000,0.0000
97.000,9,10,0,27.4500,178.8921,2.0440,0.0029,0.4598,0.4598,9,2,3.00,26.0820,180.0969,1.8361,-0.7997,1.9607,6.7061,2.4113,0.3684,0.0000,0.00,0.00,0.0000,0.0000
97.100,9,10,0,27.4504,178.9318,2.0457,0.0031,0.4372,0.4372,9,2,3.00,26.0820,180.0969,1.8095,-0.8154,1.9607,6.6711,2.4282,0.3833,0.0000,0.00,0.00,0.0000,0.0000
97.200,9,10,0,27.4509,178.9695,2.0477,0.0041,0.4154,0.4154,9,2,3.00,26.0820,180.0969,1.7847,-0.8305,1.9607,6.6379,2.4447,0.3978,0.0000,0.00,0.00,0.0000,0.0000
97.300,9,10,0,27.4519,179.0051,2.0494,0.0063,0.3940,0.3941,9,2,3.00,26.0820,180.0969,1.7621,-0.8452,1.9607,6.6057,2.4610,0.4123,0.0000,0.00,0.00,0.0000,0.0000
97.400,9,10,0,27.4532,179.0387,2.0509,0.0086,0.3730,0.3731,9,2,3.00,26.0820,180.0969,1.7414,-0.8594,1.9607,6.5741,2.4768,0.4266,0.0000,0.00,0.00,0.0000,0.0000
97.500,9,10,0,27.4545,179.0705,2.0525,0.0100,0.3530,0.3531,9,2,3.00,26.0820,180.0969,1.7321,-0.8661,1.9607,6.5597,2.4843,0.4328,0.0000,0.00,0.00,0.0000,0.0000
97.600,9,10,0,27.4556,179.1007,2.0540,0.0105,0.3346,0.3348,9,2,3.00,26.0820,180.0969,1.7139,-0.8793,1.9607,6.5297,2.4994,0.4463,0.0000,0.00,0.00,0.0000,0.0000
97.700,9,10,0,27.4567,179.1297,2.0552,0.0106,0.3186,0.3188,9,2,3.00,26.0820,180.0969,1.6969,-0.8919,1.9607,6.5022,2.5141,0.4596,0.0000,0.00,0.00,0.0000,0.0000
97.800,9,10,0,27.4572,179.1442,2.0565,0.0106,0.3107,0.3109,9,2,3.00,26.0820,180.0969,1.6809,-0.9039,1.9607,6.4781,2.5284,0.4726,0.0000,0.00,0.00,0.0000,0.0000
97.900,9,10,0,27.4583,179.1716,2.0576,0.0106,0.2974,0.2976,9,2,3.00,26.0820,180.0969,1.6659,-0.9155,1.9607,6.4571,2.5425,0.4854,0.0000,0.00,0.00,0.0000,0.0000
98.000,9,10,0,27.4593,179.1978,2.0587,0.0105,0.2846,0.2848,9,2,3.00,26.0820,180.0969,1.6517,-0.9267,1.9607,6.4377,2.5563,0.4981,0.0000,0.00,0.00,0.0000,0.0000
98.100,9,10,1,27.4602,179.2228,2.0597,0.0100,0.2718,0.2719,9,2,3.00,26.0820,180.0969,0.0000,0.0000,0.0000,0.0000,2.0592,0.0000,0.0000,0.00,0.00,0.0000,0.0000
98.200,9,10,1,27.4612,179.2464,2.0605,0.0097,0.2589,0.2591,9,2,3.00,26.0820,180.0969,0.0000,0.0000,0.0000,0.0000,2.0600,0.0000,0.0000,0.00,0.00,0.0000,0.0000
98.300,9,10,1,27.4616,179.2575,2.0612,0.0098,0.2531,0.2533,9,2,3.00,26.0820,180.0969,0.0000,0.0000,0.0000,0.0000,2.0609,0.0000,0.0000,0.00,0.00,0.0000,0.0000
98.400,9,10,1,27.4627,179.2794,2.0619,0.0102,0.2411,0.2413,9,2,3.00,26.0820,180.0969,0.0000,0.0000,0.0000,0.0000,2.0616,0.0000,0.0000,0.00,0.00,0.0000,0.0000
98.500,9,10,1,27.4638,179.3004,2.0627,0.0106,0.2300,0.2302,9,2,3.00,26.0820,180.0969,0.0000,0.0000,0.0000,0.0000,2.0623,0.0000,0.0000,0.00,0.00,0.0000,0.0000
98.600,9,10,1,27.4644,179.3109,2.0633,0.0106,0.2243,0.2246,9,2,3.00,26.0820,180.0969,0.0000,0.0000,0.0000,0.0000,2.0630,0.0000,0.0000,0.00,0.00,0.0000,0.0000
98.700,9,10,1,27.4653,179.3307,2.0639,0.0101,0.2146,0.2148,9,2,3.00,26.0820,180.0969,0.0000,0.0000,0.0000,0.0000,2.0636,0.0000,0.0000,0.00,0.00,0.0000,0.0000
98.800,9,10,1,27.4657,179.3400,2.0645,0.0097,0.2105,0.2107,9,2,3.00,26.0820,180.0969,0.0000,0.0000,0.0000,0.0000,2.0642,0.0000,0.0000,0.00,0.00,0.0000,0.0000
98.900,9,10,1,27.4664,179.3586,2.0652,0.0088,0.2018,0.2020,9,2,3.00,26.0820,180.0969,0.0000,0.0000,0.0000,0.0000,2.0649,0.0000,0.0000,0.00,0.00,0.0000,0.0000
99.000,9,10,1,27.4672,179.3766,2.0657,0.0083,0.1937,0.1939,9,2,3.00,26.0820,180.0969,0.0000,0.0000,0.0000,0.0000,2.0655,0.0000,0.0000,0.00,0.00,0.0000,0.0000
99.100,9,10,1,27.4680,179.3937,2.0662,0.0082,0.1858,0.1859,9,2,3.00,26.0820,180.0969,0.0000,0.0000,0.0000,0.0000,2.0660,0.0000,0.0000,0.00,0.00,0.0000,0.0000
99.200,9,10,1,27.4684,179.4023,2.0668,0.0081,0.1814,0.1816,9,2,3.00,26.0820,180.0969,0.0000,0.0000,0.0000,0.0000,2.0665,0.0000,0.0000,0.00,0.00,0.0000,0.0000
99.300,9,10,1,27.4691,179.4182,2.0673,0.0080,0.1735,0.1737,9,2,3.00,26.0820,180.0969,0.0000,0.0000,0.0000,0.0000,2.0670,0.0000,0.0000,0.00,0.00,0.0000,0.0000
99.400,9,10,1,27.4699,179.4335,2.0677,0.0077,0.1658,0.1660,9,2,3.00,26.0820,180.0969,0.0000,0.0000,0.0000,0.0000,2.0675,0.0000,0.0000,0.00,0.00,0.0000,0.0000
99.500,9,10,1,27.4706,179.4481,2.0682,0.0074,0.1587,0.1588,9,2,3.00,26.0820,180.0969,0.0000,0.0000,0.0000,0.0000,2.0680,0.0000,0.0000,0.00,0.00,0.0000,0.0000
99.600,9,10,1,27.4709,179.4550,2.0686,0.0074,0.1557,0.1559,9,2,3.00,26.0820,180.0969,0.0000,0.0000,0.0000,0.0000,2.0684,0.0000,0.0000,0.00,0.00,0.0000,0.0000
99.700,9,10,1,27.4716,179.4689,2.0690,0.0072,0.1496,0.1498,9,2,3.00,26.0820,180.0969,0.0000,0.0000,0.0000,0.0000,2.0688,0.0000,0.0000,0.00,0.00,0.0000,0.0000
