t,mode_code,shadow_mode,policy_source,x,y,yaw,vx,vy,speed,yaw_rate,psi_ref,u_ref,e_ct,chi_p,dist_to_wp,heading_error,pos_tol,hold_elapsed,hold_required,completed,seg_len,left_raw,right_raw,common_raw,diff_raw,delta_common,delta_diff,left_final,right_final
3.405,0,0,learned,0.0300,-0.1069,1.0273,0.0273,-0.1039,0.1074,0.0112,1.6919,2.5000,-8.7928,1.3629,27.2201,0.6646,3.0000,0.0000,2.0000,0,16.3315,110.0000,110.0000,110.0000,0.0000,3.6008,-6.6963,120.2971,106.9045
3.414,0,0,learned,0.0300,-0.1069,1.0273,0.0273,-0.1039,0.1074,0.0112,1.6919,2.5000,-8.7928,1.3629,27.2201,0.6646,3.0000,0.0000,2.0000,0,16.3315,110.0000,110.0000,110.0000,0.0000,3.6008,-6.6963,120.2971,106.9045
3.456,0,0,learned,0.0328,-0.1171,1.0279,0.0273,-0.1032,0.1068,-0.0070,1.6919,2.5000,-8.7976,1.3629,27.2305,0.6640,3.0000,0.0000,2.0000,0,16.3315,99.7467,269.4328,184.5898,84.8431,3.6272,-6.7488,110.1227,266.3113
3.506,0,0,learned,0.0328,-0.1171,1.0283,0.0273,-0.1032,0.1068,-0.0020,1.6919,2.5000,-8.7976,1.3629,27.2305,0.6637,3.0000,0.0000,2.0000,0,16.3315,60.9121,319.5308,190.2215,129.3093,3.6260,-6.7743,71.3124,316.3825
3.556,0,0,learned,0.0342,-0.1221,1.0286,0.0274,-0.1017,0.1053,0.0005,1.6919,2.5000,-8.8000,1.3629,27.2356,0.6634,3.0000,0.0000,2.0000,0,16.3315,8.7943,341.7881,175.2912,166.4969,3.6165,-6.7803,19.1911,338.6243
3.606,0,0,learned,0.0360,-0.1257,1.0289,0.0296,-0.0962,0.1006,0.0092,1.6920,2.5000,-8.8026,1.3629,27.2394,0.6630,3.0000,0.0000,2.0000,0,16.3315,-96.3831,316.5400,110.0784,206.4615,3.5866,-6.7621,-86.0344,313.3645
3.656,0,0,learned,0.0396,-0.1274,1.0295,0.0374,-0.0838,0.0918,0.0450,1.6921,2.5000,-8.8064,1.3629,27.2416,0.6626,3.0000,0.0000,2.0000,0,16.3315,-115.2277,368.8254,126.7989,242.0266,3.5918,-6.8469,-104.7891,365.5703
3.706,0,0,learned,0.0449,-0.1272,1.0305,0.0520,-0.0661,0.0841,0.0560,1.6923,2.5000,-8.8116,1.3629,27.2420,0.6618,3.0000,0.0000,2.0000,0,16.3315,-36.3434,374.4663,169.0615,205.4049,3.6095,-6.8911,-25.8427,371.1847
3.756,0,0,learned,0.0449,-0.1272,1.0319,0.0520,-0.0661,0.0841,0.0705,1.6923,2.5000,-8.8116,1.3629,27.2420,0.6604,3.0000,0.0000,2.0000,0,16.3315,-106.0678,484.4663,189.1993,295.2671,3.6110,-6.9583,-95.4985,481.1190
3.806,0,0,learned,0.0527,-0.1253,1.0347,0.0716,-0.0455,0.0848,0.0943,1.6926,2.5000,-8.8188,1.3629,27.2410,0.6579,3.0000,0.0000,2.0000,0,16.3315,-92.1777,594.4663,251.1443,343.3220,3.6159,-7.0673,-81.4945,591.0149
3.857,0,0,learned,0.0619,-0.1218,1.0378,0.0957,-0.0219,0.0982,0.1042,1.6930,2.5000,-8.8271,1.3629,27.2387,0.6551,3.0000,0.0000,2.0000,0,16.3315,-138.3366,613.3913,237.5274,375.8639,3.5697,-7.0942,-127.6727,609.8668
3.906,0,0,learned,0.0739,-0.1157,1.0406,0.1225,0.0062,0.1226,0.1375,1.6934,2.5000,-8.8375,1.3629,27.2341,0.6528,3.0000,0.0000,2.0000,0,16.3315,-168.1267,677.9699,254.9216,423.0483,3.5160,-7.1873,-157.4234,674.2985
3.956,0,0,learned,0.0875,-0.1071,1.0466,0.1550,0.0404,0.1602,0.1760,1.6940,2.5000,-8.8491,1.3629,27.2273,0.6474,3.0000,0.0000,2.0000,0,16.3315,-111.2819,711.8012,300.2597,411.5416,3.4566,-7.2951,-100.5302,707.9627
4.006,0,0,learned,0.0875,-0.1071,1.0509,0.1550,0.0404,0.1602,0.2115,1.6940,2.5000,-8.8491,1.3629,27.2273,0.6431,3.0000,0.0000,2.0000,0,16.3315,-124.6852,787.5474,331.4311,456.1163,3.4653,-7.3987,-113.8212,783.6139
4.056,0,0,learned,0.1051,-0.0948,1.0578,0.1915,0.0798,0.2074,0.2305,1.6946,2.5000,-8.8638,1.3629,27.2172,0.6369,3.0000,0.0000,2.0000,0,16.3315,-181.2317,790.5756,304.6720,485.9036,3.3563,-7.4349,-170.4404,786.4970
4.106,0,0,learned,0.1246,-0.0801,1.0617,0.2343,0.1249,0.2655,0.2647,1.6954,2.5000,-8.8798,1.3629,27.2051,0.6337,3.0000,0.0000,2.0000,0,16.3315,-226.2939,833.5442,303.6251,529.9191,3.2377,-7.5190,-215.5372,829.2628
4.156,0,0,learned,0.1488,-0.0608,1.0730,0.2806,0.1743,0.3303,0.3095,1.6964,2.5000,-8.8995,1.3629,27.1889,0.6234,3.0000,0.0000,2.0000,0,16.3315,-176.7301,794.8754,309.0726,485.8028,3.1173,-7.6044,-166.0085,790.3883
4.206,0,0,learned,0.1749,-0.0393,1.0865,0.3334,0.2290,0.4045,0.3513,1.6974,2.5000,-8.9206,1.3629,27.1709,0.6110,3.0000,0.0000,2.0000,0,16.3315,-66.7301,847.9643,390.6171,457.3472,3.0138,-7.7521,-55.9643,843.2259
4.256,0,0,learned,0.1749,-0.0393,1.0925,0.3334,0.2290,0.4045,0.3670,1.6974,2.5000,-8.9206,1.3629,27.1709,0.6050,3.0000,0.0000,2.0000,0,16.3315,-23.0629,957.9643,467.4507,490.5136,3.0447,-7.8607,-12.1575,953.1483
4.306,0,0,learned,0.2062,-0.0131,1.1092,0.3869,0.2841,0.4800,0.4032,1.6987,2.5000,-8.9458,1.3629,27.1488,0.5895,3.0000,0.0000,2.0000,0,16.3315,-21.6471,984.3044,481.3287,502.9758,2.9083,-7.9642,-10.7745,979.2486
4.356,0,0,learned,0.2387,0.0151,1.1201,0.4450,0.3447,0.5629,0.4143,1.7000,2.5000,-8.9718,1.3629,27.1250,0.5799,3.0000,0.0000,2.0000,0,16.3315,-50.4690,964.7140,457.1225,507.5915,2.7451,-7.9773,-39.7465,959.4818
4.406,0,0,learned,0.2387,0.0151,1.1358,0.4450,0.3447,0.5629,0.4497,1.7000,2.5000,-8.9718,1.3629,27.1250,0.5642,3.0000,0.0000,2.0000,0,16.3315,59.5310,988.0133,523.7722,464.2411,2.7783,-8.0998,70.4091,982.6918
4.456,0,0,learned,0.2767,0.0499,1.1572,0.5021,0.4096,0.6480,0.4675,1.7016,2.5000,-9.0018,1.3629,27.0955,0.5444,3.0000,0.0000,2.0000,0,16.3315,104.6085,992.9614,548.7850,444.1765,2.6365,-8.1671,115.4121,987.4309
4.506,0,0,learned,0.3157,0.0877,1.1662,0.5645,0.4851,0.7443,0.5135,1.7032,2.5000,-9.0322,1.3629,27.0631,0.5370,3.0000,0.0000,2.0000,0,16.3315,105.7560,995.0837,550.4198,444.6639,2.4618,-8.2600,116.4778,989.2856
4.556,0,0,learned,0.3603,0.1337,1.1898,0.6230,0.5649,0.8409,0.5142,1.7051,2.5000,-9.0663,1.3629,27.0235,0.5152,3.0000,0.0000,2.0000,0,16.3315,160.6255,999.7945,580.2100,419.5845,2.3069,-8.2909,171.2233,993.8105
4.606,0,0,learned,0.4050,0.1828,1.2097,0.6846,0.6565,0.9485,0.5373,1.7069,2.5000,-9.0999,1.3629,26.9809,0.4972,3.0000,0.0000,2.0000,0,16.3315,95.3213,984.1400,539.7307,444.4094,2.1022,-8.3101,105.7336,977.9321
4.656,0,0,learned,0.4050,0.1828,1.2253,0.6846,0.6565,0.9485,0.5328,1.7069,2.5000,-9.0999,1.3629,26.9809,0.4817,3.0000,0.0000,2.0000,0,16.3315,173.5063,1000.0000,586.7531,413.2468,2.1277,-8.3478,183.9818,993.7799
4.706,0,0,learned,0.4552,0.2414,1.2464,0.7406,0.7507,1.0545,0.5550,1.7091,2.5000,-9.1369,1.3629,26.9296,0.4627,3.0000,0.0000,2.0000,0,16.3315,115.2385,992.6177,553.9281,438.6896,1.9325,-8.3700,125.5410,986.1802
4.756,0,0,learned,0.5046,0.3026,1.2626,0.7986,0.8556,1.1703,0.5727,1.7112,2.5000,-9.1727,1.3629,26.8759,0.4487,3.0000,0.0000,2.0000,0,16.3315,75.1787,1000.0000,537.5894,462.4106,1.7315,-8.3811,85.2913,993.3504
4.806,0,0,learned,0.5046,0.3026,1.2846,0.7986,0.8556,1.1703,0.5685,1.7112,2.5000,-9.1727,1.3629,26.8759,0.4266,3.0000,0.0000,2.0000,0,16.3315,105.3364,967.2804,536.3084,430.9720,1.7401,-8.3832,115.4598,960.6373
4.856,0,0,learned,0.5591,0.3738,1.3129,0.8485,0.9582,1.2799,0.5973,1.7136,2.5000,-9.2113,1.3629,26.8131,0.4007,3.0000,0.0000,2.0000,0,16.3315,159.9352,928.2065,544.0709,384.1357,1.5718,-8.4220,169.9290,921.3563
4.906,0,0,learned,0.6120,0.4462,1.3243,0.8993,1.0684,1.3965,0.5970,1.7160,2.5000,-9.2481,1.3629,26.7490,0.3916,3.0000,0.0000,2.0000,0,16.3315,141.4600,999.9693,570.7146,429.2547,1.3922,-8.4297,151.2819,992.9318
4.957,0,0,learned,0.6695,0.5283,1.3475,0.9402,1.1706,1.5014,0.6045,1.7185,2.5000,-9.2874,1.3629,26.6762,0.3710,3.0000,0.0000,2.0000,0,16.3315,112.4704,999.9999,556.2352,443.7647,1.2260,-8.4140,122.1105,992.8119
5.006,0,0,learned,0.7242,0.6102,1.3769,0.9805,1.2776,1.6105,0.6058,1.7210,2.5000,-9.3241,1.3629,26.6033,0.3441,3.0000,0.0000,2.0000,0,16.3315,120.2205,996.7014,558.4609,438.2405,1.0685,-8.3931,129.6820,989.3768
5.056,0,0,learned,0.7242,0.6102,1.3948,0.9805,1.2776,1.6105,0.6045,1.7210,2.5000,-9.3241,1.3629,26.6033,0.3262,3.0000,0.0000,2.0000,0,16.3315,81.3813,999.6529,540.5171,459.1358,1.0676,-8.4018,90.8506,992.3187
5.106,0,0,learned,0.7828,0.7017,1.4188,1.0097,1.3740,1.7051,0.6155,1.7237,2.5000,-9.3625,1.3629,26.5217,0.3050,3.0000,0.0000,2.0000,0,16.3315,178.3311,998.5117,588.4214,410.0903,0.9522,-8.4291,187.7124,991.0348
5.157,0,0,learned,0.8382,0.7918,1.4368,1.0386,1.4746,1.8036,0.6202,1.7263,2.5000,-9.3981,1.3629,26.4412,0.2895,3.0000,0.0000,2.0000,0,16.3315,163.3965,999.9997,581.6981,418.3016,0.8102,-8.3949,172.6016,992.4150
5.206,0,0,learned,0.8969,0.8911,1.4674,1.0567,1.5618,1.8856,0.6398,1.7291,2.5000,-9.4351,1.3629,26.3523,0.2616,3.0000,0.0000,2.0000,0,16.3315,149.5948,992.5817,571.0883,421.4934,0.6997,-8.4069,158.7015,984.8744
5.256,0,0,learned,0.9519,0.9881,1.4983,1.0744,1.6534,1.9718,0.6285,1.7317,2.5000,-9.4689,1.3629,26.2653,0.2335,3.0000,0.0000,2.0000,0,16.3315,152.1327,998.8243,575.4785,423.3458,0.5917,-8.3675,161.0919,991.0485
5.306,0,0,learned,0.9519,0.9881,1.5107,1.0744,1.6534,1.9718,0.6185,1.7317,2.5000,-9.4689,1.3629,26.2653,0.2210,3.0000,0.0000,2.0000,0,16.3315,209.5782,996.4603,603.0193,393.4411,0.6077,-8.3823,218.5682,988.6857
5.356,0,0,learned,1.0096,1.0944,1.5421,1.0814,1.7316,2.0416,0.6248,1.7346,2.5000,-9.5034,1.3629,26.1697,0.1925,3.0000,0.0000,2.0000,0,16.3315,234.4122,999.6301,617.0212,382.6089,0.5288,-8.3945,243.3355,991.7644
5.406,0,0,learned,1.0633,1.1974,1.5609,1.0887,1.8145,2.1161,0.6322,1.7372,2.5000,-9.5346,1.3629,26.0769,0.1764,3.0000,0.0000,2.0000,0,16.3315,322.2841,999.7355,661.0098,338.7257,0.4511,-8.4058,331.1410,991.7809
5.459,0,0,learned,1.0633,1.1974,1.5862,1.0887,1.8145,2.1161,0.6365,1.7372,2.5000,-9.5346,1.3629,26.0769,0.1511,3.0000,0.0000,2.0000,0,16.3315,339.3693,982.0035,660.6864,321.3171,0.4646,-8.4397,348.2736,974.0284
5.506,0,0,learned,1.1192,1.3098,1.6179,1.0861,1.8839,2.1746,0.6138,1.7401,2.5000,-9.5662,1.3629,25.9754,0.1222,3.0000,0.0000,2.0000,0,16.3315,316.8079,982.3166,649.5622,332.7543,0.3957,-8.3832,325.5868,974.3291
5.556,0,0,learned,1.1708,1.4187,1.6368,1.0838,1.9608,2.2404,0.6242,1.7428,2.5000,-9.5942,1.3629,25.8769,0.1060,3.0000,0.0000,2.0000,0,16.3315,332.7993,976.0823,654.4408,321.6415,0.3199,-8.3728,341.4920,968.0294
5.606,0,0,learned,1.2239,1.5377,1.6745,1.0714,2.0264,2.2923,0.5983,1.7456,2.5000,-9.6216,1.3629,25.7688,0.0711,3.0000,0.0000,2.0000,0,16.3315,442.7993,992.6731,717.7362,274.9369,0.2902,-8.3815,451.4710,984.5818
5.656,0,0,learned,1.2723,1.6531,1.6870,1.0589,2.1017,2.3534,0.6040,1.7482,2.5000,-9.6452,1.3629,25.6637,0.0612,3.0000,0.0000,2.0000,0,16.3315,455.3910,998.4216,726.9063,271.5153,0.2200,-8.3616,463.9726,990.2799
5.706,0,0,learned,1.3217,1.7787,1.7241,1.0370,2.1646,2.4002,0.5840,1.7510,2.5000,-9.6675,1.3629,25.5489,0.0269,3.0000,0.0000,2.0000,0,16.3315,471.4051,999.7155,735.5603,264.1552,0.1811,-8.3369,479.9232,991.5597
5.757,0,0,learned,1.3660,1.9004,1.7486,1.0142,2.2390,2.4580,0.6033,1.7536,2.5000,-9.6858,1.3629,25.4371,0.0050,3.0000,0.0000,2.0000,0,16.3315,416.0826,999.5517,707.8171,291.7345,0.1132,-8.3281,424.5239,991.3368
5.806,0,0,learned,1.3660,1.9004,1.7727,1.0142,2.2390,2.4580,0.5637,1.7536,2.5000,-9.6858,1.3629,25.4371,-0.0191,3.0000,0.0000,2.0000,0,16.3315,412.8986,999.9474,706.4230,293.5244,0.1252,-8.2876,421.3114,991.7850
5.856,0,0,learned,1.4102,2.0335,1.8024,0.9815,2.3027,2.5032,0.5647,1.7562,2.5000,-9.7016,1.3629,25.3145,-0.0462,3.0000,0.0000,2.0000,0,16.3315,429.1582,990.5669,709.8626,280.7044,0.0863,-8.2821,437.5266,982.3712
5.907,0,0,learned,1.4492,2.1623,1.8199,0.9475,2.3789,2.5606,0.5450,1.7587,2.5000,-9.7131,1.3629,25.1951,-0.0612,3.0000,0.0000,2.0000,0,16.3315,473.9684,989.6583,731.8134,257.8450,0.0311,-8.2253,482.2247,981.4641
5.956,0,0,learned,1.4875,2.3023,1.8431,0.9053,2.4417,2.6041,0.5438,1.7612,2.5000,-9.7217,1.3629,25.0648,-0.0819,3.0000,0.0000,2.0000,0,16.3315,479.4594,999.8327,739.6460,260.1867,-0.0077,-8.2172,487.6688,991.6077
6.006,0,0,learned,1.5207,2.4371,1.8661,0.8626,2.5150,2.6588,0.5627,1.7636,2.5000,-9.7264,1.3629,24.9388,-0.1025,3.0000,0.0000,2.0000,0,16.3315,502.4659,998.9923,750.7291,248.2632,-0.0567,-8.2322,510.6413,990.7033
6.056,0,0,learned,1.5207,2.4371,1.8888,0.8626,2.5150,2.6588,0.5353,1.7636,2.5000,-9.7264,1.3629,24.9388,-0.1252,3.0000,0.0000,2.0000,0,16.3315,580.1088,997.4552,788.7820,208.6732,-0.0329,-8.2429,588.3188,989.1794
6.107,0,0,learned,1.5525,2.5831,1.9113,0.8125,2.5734,2.6987,0.5408,1.7660,2.5000,-9.7274,1.3629,24.8017,-0.1453,3.0000,0.0000,2.0000,0,16.3315,600.9605,999.9514,800.4559,199.4954,-0.0650,-8.2486,609.1441,991.6378
6.156,0,0,learned,1.5793,2.7232,1.9335,0.7616,2.6427,2.7502,0.5320,1.7681,2.5000,-9.7247,1.3629,24.6695,-0.1654,3.0000,0.0000,2.0000,0,16.3315,502.9420,999.1600,751.0510,248.1090,-0.1275,-8.1667,510.9812,990.8658
6.206,0,0,learned,1.6039,2.8745,1.9610,0.7039,2.6961,2.7865,0.5125,1.7703,2.5000,-9.7175,1.3629,24.5260,-0.1907,3.0000,0.0000,2.0000,0,16.3315,595.6318,997.5225,796.5771,200.9454,-0.1432,-8.1615,603.6501,989.2177
6.256,0,0,learned,1.6235,3.0194,1.9771,0.6446,2.7607,2.8350,0.5095,1.7723,2.5000,-9.7068,1.3629,24.3879,-0.2048,3.0000,0.0000,2.0000,0,16.3315,633.4166,999.7181,816.5674,183.1508,-0.1865,-8.1402,641.3703,991.3915
6.307,0,0,learned,1.6235,3.0194,1.9984,0.6446,2.7607,2.8350,0.5195,1.7723,2.5000,-9.7068,1.3629,24.3879,-0.2261,3.0000,0.0000,2.0000,0,16.3315,649.4873,997.1666,823.3270,173.8396,-0.1701,-8.1933,657.5106,988.8032
6.356,0,0,learned,1.6403,3.1751,2.0246,0.5805,2.8074,2.8668,0.5090,1.7742,2.5000,-9.6911,1.3629,24.2387,-0.2504,3.0000,0.0000,2.0000,0,16.3315,600.3740,998.0286,799.2013,198.8273,-0.1989,-8.1540,608.3291,989.6758
6.406,0,0,learned,1.6526,3.3234,2.0400,0.5157,2.8637,2.9098,0.4780,1.7760,2.5000,-9.6726,1.3629,24.0960,-0.2640,3.0000,0.0000,2.0000,0,16.3315,706.9517,999.2527,853.1022,146.1505,-0.2288,-8.1131,714.8360,990.9108
6.456,0,0,learned,1.6616,3.4823,2.0704,0.4469,2.9020,2.9362,0.4875,1.7777,2.5000,-9.6485,1.3629,23.9424,-0.2926,3.0000,0.0000,2.0000,0,16.3315,688.2195,999.7062,843.9628,155.7433,-0.2432,-8.1343,696.1106,991.3287
6.507,0,0,learned,1.6663,3.6332,2.0853,0.3771,2.9505,2.9745,0.4750,1.7792,2.5000,-9.6220,1.3629,23.7956,-0.3061,3.0000,0.0000,2.0000,0,16.3315,721.4956,997.3966,859.4461,137.9505,-0.2768,-8.1010,729.3199,989.0188
6.557,0,0,learned,1.6670,3.7945,2.1096,0.3046,2.9809,2.9964,0.4485,1.7806,2.5000,-9.5894,1.3629,23.6380,-0.3289,3.0000,0.0000,2.0000,0,16.3315,697.7848,999.1369,848.4608,150.6760,-0.2919,-8.0516,705.5445,990.7934
6.606,0,0,learned,1.6670,3.7945,2.1240,0.3046,2.9809,2.9964,0.4580,1.7806,2.5000,-9.5894,1.3629,23.6380,-0.3433,3.0000,0.0000,2.0000,0,16.3315,670.7350,994.2305,832.4828,161.7478,-0.2852,-8.0747,678.5245,985.8707
6.656,0,0,learned,1.6638,3.9477,2.1380,0.2302,3.0227,3.0315,0.4440,1.7819,2.5000,-9.5547,1.3629,23.4876,-0.3561,3.0000,0.0000,2.0000,0,16.3315,710.1403,999.2959,854.7181,144.5778,-0.3143,-8.0507,717.8767,990.9308
6.707,0,0,learned,1.6560,4.1112,2.1611,0.1542,3.0471,3.0510,0.4278,1.7830,2.5000,-9.5133,1.3629,23.3261,-0.3781,3.0000,0.0000,2.0000,0,16.3315,761.4698,998.9512,880.2105,118.7407,-0.3176,-8.0508,769.2031,990.5828
6.756,0,0,learned,1.6448,4.2660,2.1746,0.0768,3.0829,3.0839,0.4205,1.7840,2.5000,-9.4704,1.3629,23.1723,-0.3907,3.0000,0.0000,2.0000,0,16.3315,802.3708,998.7865,900.5786,98.2079,-0.3447,-8.0395,810.0655,990.4023
6.806,0,0,learned,1.6448,4.2660,2.1924,0.0768,3.0829,3.0839,0.4318,1.7840,2.5000,-9.4704,1.3629,23.1723,-0.4085,3.0000,0.0000,2.0000,0,16.3315,813.5292,998.5154,906.0223,92.4931,-0.3301,-8.0899,821.2889,990.0954
6.856,0,0,learned,1.6287,4.4311,2.2099,-0.0005,3.1011,3.1011,0.4113,1.7848,2.5000,-9.4206,1.3629,23.0076,-0.4251,3.0000,0.0000,2.0000,0,16.3315,796.2791,997.0450,896.6620,100.3830,-0.3424,-8.0491,803.9857,988.6535
6.907,0,0,learned,1.6094,4.5873,2.2270,-0.0809,3.1320,3.1331,0.3915,1.7854,2.5000,-9.3694,1.3629,22.8508,-0.4416,3.0000,0.0000,2.0000,0,16.3315,812.5623,999.3278,905.9451,93.3827,-0.3692,-8.0143,820.2074,990.9442
6.957,0,0,learned,1.5842,4.7539,2.2437,-0.1617,3.1463,3.1505,0.3977,1.7859,2.5000,-9.3104,1.3629,22.6827,-0.4578,3.0000,0.0000,2.0000,0,16.3315,792.5812,999.2977,895.9395,103.3582,-0.3803,-8.0258,800.2268,990.8916
7.006,0,0,learned,1.5562,4.9114,2.2600,-0.2461,3.1733,3.1828,0.3838,1.7862,2.5000,-9.2505,1.3629,22.5228,-0.4738,3.0000,0.0000,2.0000,0,16.3315,902.2818,998.7258,950.5038,48.2220,-0.3978,-8.0396,909.9235,990.2884
7.056,0,0,learned,1.5562,4.9114,2.2759,-0.2461,3.1733,3.1828,0.3540,1.7862,2.5000,-9.2505,1.3629,22.5228,-0.4897,3.0000,0.0000,2.0000,0,16.3315,923.2511,999.4471,961.3491,38.0980,-0.3859,-8.0121,930.8773,991.0491
7.107,0,0,learned,1.5219,5.0788,2.2953,-0.3287,3.1825,3.1994,0.3638,1.7863,2.5000,-9.1824,1.3629,22.3520,-0.5090,3.0000,0.0000,2.0000,0,16.3315,900.3114,997.1439,948.7276,48.4163,-0.3937,-8.0343,907.9520,988.7159
7.162,0,0,learned,1.4856,5.2366,2.3065,-0.4142,3.2036,3.2302,0.3505,1.7862,2.5000,-9.1143,1.3629,22.1901,-0.5203,3.0000,0.0000,2.0000,0,16.3315,909.4142,999.2325,954.3234,44.9091,-0.4240,-8.0080,916.9982,990.8006
7.211,0,0,learned,1.4424,5.4041,2.3248,-0.4975,3.2070,3.2454,0.3267,1.7859,2.5000,-9.0375,1.3629,22.0172,-0.5389,3.0000,0.0000,2.0000,0,16.3315,934.3619,995.7915,965.0767,30.7148,-0.4271,-7.9846,941.9194,987.3799
7.256,0,0,learned,1.3975,5.5619,2.3354,-0.5852,3.2230,3.2757,0.3133,1.7854,2.5000,-8.9609,1.3629,21.8535,-0.5500,3.0000,0.0000,2.0000,0,16.3315,937.8741,998.6811,968.2776,30.4035,-0.4581,-7.9586,945.3746,990.2644
7.306,0,0,learned,1.3454,5.7290,2.3526,-0.6684,3.2210,3.2896,0.3048,1.7847,2.5000,-8.8755,1.3629,21.6792,-0.5678,3.0000,0.0000,2.0000,0,16.3315,948.0198,999.7059,973.8629,25.8431,-0.4596,-7.9651,955.5253,991.2813
7.356,0,0,learned,1.3454,5.7290,2.3657,-0.6684,3.2210,3.2896,0.3068,1.7847,2.5000,-8.8755,1.3629,21.6792,-0.5810,3.0000,0.0000,2.0000,0,16.3315,957.7287,999.1286,978.4287,20.7000,-0.4486,-7.9900,965.2701,990.6900
7.406,0,0,learned,1.2925,5.8860,2.3753,-0.7553,3.2310,3.3181,0.2880,1.7839,2.5000,-8.7913,1.3629,21.5145,-0.5914,3.0000,0.0000,2.0000,0,16.3315,974.3076,999.1921,986.7499,12.4422,-0.4770,-7.9590,981.7896,990.7561
7.456,0,0,learned,1.2322,6.0519,2.3937,-0.8360,3.2230,3.3297,0.2710,1.7828,2.5000,-8.6981,1.3629,21.3396,-0.6109,3.0000,0.0000,2.0000,0,16.3315,957.0549,999.1153,978.0851,21.0302,-0.4770,-7.9400,964.5178,990.6984
7.506,0,0,learned,1.1718,6.2076,2.4025,-0.9205,3.2272,3.3560,0.2597,1.7815,2.5000,-8.6069,1.3629,21.1747,-0.6210,3.0000,0.0000,2.0000,0,16.3315,994.4562,998.8378,996.6470,2.1908,-0.4997,-7.9354,1000.0000,990.4027
7.557,0,0,learned,1.1039,6.3719,2.4167,-0.9977,3.2138,3.3651,0.2475,1.7800,2.5000,-8.5065,1.3629,20.9998,-0.6367,3.0000,0.0000,2.0000,0,16.3315,988.7594,999.1870,993.9732,5.2138,-0.4961,-7.9282,996.1915,990.7627
7.606,0,0,learned,1.0365,6.5259,2.4275,-1.0789,3.2125,3.3888,0.2370,1.7784,2.5000,-8.4088,1.3629,20.8353,-0.6492,3.0000,0.0000,2.0000,0,16.3315,979.8791,997.8774,988.8783,8.9992,-0.5180,-7.9112,987.2723,989.4482
7.658,0,0,learned,1.0365,6.5259,2.4354,-1.0789,3.2125,3.3888,0.2415,1.7784,2.5000,-8.4088,1.3629,20.8353,-0.6571,3.0000,0.0000,2.0000,0,16.3315,989.9696,996.8743,993.4219,3.4524,-0.5107,-7.9346,997.3936,988.4290
7.706,0,0,learned,0.9615,6.6881,2.4480,-1.1516,3.1938,3.3951,0.2378,1.7764,2.5000,-8.3019,1.3629,20.6611,-0.6716,3.0000,0.0000,2.0000,0,16.3315,992.0403,998.3266,995.1834,3.1432,-0.5007,-7.9503,999.4898,989.8756
7.756,0,0,learned,0.8876,6.8399,2.4577,-1.2290,3.1875,3.4163,0.2315,1.7744,2.5000,-8.1983,1.3629,20.4975,-0.6833,3.0000,0.0000,2.0000,0,16.3315,992.7031,998.0518,995.3774,2.6744,-0.5173,-7.9490,1000.0000,989.5855
7.815,0,0,learned,0.8060,6.9996,2.4670,-1.2971,3.1644,3.4199,0.2038,1.7721,2.5000,-8.0855,1.3629,20.3246,-0.6949,3.0000,0.0000,2.0000,0,16.3315,996.9264,997.2722,997.0993,0.1729,-0.5061,-7.9054,1000.0000,988.8607
7.856,0,0,learned,0.7263,7.1490,2.4781,-1.3700,3.1538,3.4385,0.2025,1.7697,2.5000,-7.9766,1.3629,20.1624,-0.7085,3.0000,0.0000,2.0000,0,16.3315,992.1613,998.3412,995.2512,3.0900,-0.5166,-7.9177,999.5623,989.9069
7.906,0,0,learned,0.6386,7.3060,2.4866,-1.4331,3.1270,3.4398,0.1913,1.7669,2.5000,-7.8585,1.3629,19.9912,-0.7197,3.0000,0.0000,2.0000,0,16.3315,994.1292,995.7748,994.9520,0.8228,-0.4992,-7.9083,1000.0000,987.3672
7.956,0,0,learned,0.5534,7.4527,2.4968,-1.5014,3.1129,3.4561,0.1708,1.7642,2.5000,-7.7449,1.3629,19.8308,-0.7326,3.0000,0.0000,2.0000,0,16.3315,994.1085,995.7077,994.9081,0.7996,-0.5071,-7.8748,1000.0000,987.3258
8.006,0,0,learned,0.5534,7.4527,2.5027,-1.5014,3.1129,3.4561,0.1817,1.7642,2.5000,-7.7449,1.3629,19.8308,-0.7385,3.0000,0.0000,2.0000,0,16.3315,984.8118,998.9040,991.8579,7.0461,-0.5021,-7.9076,992.2172,990.4944
8.056,0,0,learned,0.4604,7.6069,2.5102,-1.5589,3.0833,3.4550,0.1585,1.7610,2.5000,-7.6220,1.3629,19.6617,-0.7492,3.0000,0.0000,2.0000,0,16.3315,995.3375,998.3752,996.8564,1.5188,-0.4794,-7.8708,1000.0000,990.0250
8.106,0,0,learned,0.3704,7.7508,2.5193,-1.6221,3.0663,3.4689,0.1797,1.7579,2.5000,-7.5043,1.3629,19.5034,-0.7614,3.0000,0.0000,2.0000,0,16.3315,995.8513,992.6985,994.2749,-1.5764,-0.4795,-7.9347,1000.0000,984.2843
8.157,0,0,learned,0.2726,7.9019,2.5246,-1.6740,3.0343,3.4655,0.1537,1.7544,2.5000,-7.3773,1.3629,19.3369,-0.7702,3.0000,0.0000,2.0000,0,16.3315,996.4211,993.4690,994.9450,-1.4760,-0.4535,-7.8820,1000.0000,985.1335
8.206,0,0,learned,0.2726,7.9019,2.5314,-1.6740,3.0343,3.4655,0.1440,1.7544,2.5000,-7.3773,1.3629,19.3369,-0.7770,3.0000,0.0000,2.0000,0,16.3315,996.0811,995.5362,995.8086,-0.2725,-0.4490,-7.8669,1000.0000,987.2203
8.256,0,0,learned,0.1783,8.0430,2.5347,-1.7320,3.0150,3.4771,0.1430,1.7509,2.5000,-7.2560,1.3629,19.1811,-0.7838,3.0000,0.0000,2.0000,0,16.3315,996.1154,998.6824,997.3989,1.2835,-0.4494,-7.8733,1000.0000,990.3598
8.306,0,0,learned,0.0761,8.1909,2.5427,-1.7785,2.9812,3.4714,0.1512,1.7470,2.5000,-7.1255,1.3629,19.0174,-0.7957,3.0000,0.0000,2.0000,0,16.3315,999.1075,998.7396,998.9236,-0.1840,-0.4114,-7.9093,1000.0000,990.4189
8.356,0,0,learned,-0.0220,8.3289,2.5489,-1.8317,2.9599,3.4808,0.1465,1.7431,2.5000,-7.0010,1.3629,18.8645,-0.8057,3.0000,0.0000,2.0000,0,16.3315,998.1543,986.7845,992.4694,-5.6849,-0.4067,-7.8967,1000.0000,978.4811
8.406,0,0,learned,-0.0220,8.3289,2.5534,-1.8317,2.9599,3.4808,0.1335,1.7431,2.5000,-7.0010,1.3629,18.8645,-0.8103,3.0000,0.0000,2.0000,0,16.3315,994.5708,995.2751,994.9229,0.3521,-0.4038,-7.8723,1000.0000,986.9990
8.456,0,0,learned,-0.1280,8.4737,2.5592,-1.8731,2.9247,3.4731,0.1388,1.7389,2.5000,-6.8674,1.3629,18.7039,-0.8203,3.0000,0.0000,2.0000,0,16.3315,995.6617,990.0665,992.8641,-2.7976,-0.3628,-7.8903,1000.0000,981.8133
8.507,0,0,learned,-0.2296,8.6086,2.5634,-1.9216,2.9020,3.4806,0.1190,1.7347,2.5000,-6.7402,1.3629,18.5540,-0.8287,3.0000,0.0000,2.0000,0,16.3315,988.4239,956.1080,972.2660,-16.1579,-0.3599,-7.8130,995.8770,947.9351
8.556,0,0,learned,-0.2296,8.6086,2.5676,-1.9216,2.9020,3.4806,0.1365,1.7347,2.5000,-6.7402,1.3629,18.5540,-0.8329,3.0000,0.0000,2.0000,0,16.3315,990.6665,941.4034,966.0350,-24.6315,-0.3564,-7.8567,998.1668,933.1904
8.606,0,0,learned,-0.3390,8.7502,2.5742,-1.9583,2.8659,3.4711,0.1160,1.7301,2.5000,-6.6039,1.3629,18.3967,-0.8441,3.0000,0.0000,2.0000,0,16.3315,990.2897,876.5234,933.4065,-56.8831,-0.3198,-7.7580,997.7279,868.4456
8.656,0,0,learned,-0.4436,8.8821,2.5781,-2.0025,2.8423,3.4769,0.1293,1.7256,2.5000,-6.4743,1.3629,18.2500,-0.8525,3.0000,0.0000,2.0000,0,16.3315,995.3179,895.0640,945.1909,-50.1270,-0.3013,-7.8120,1000.0000,886.9507
8.707,0,0,learned,-0.5560,9.0202,2.5842,-2.0342,2.8053,3.4652,0.1082,1.7206,2.5000,-6.3358,1.3629,18.0964,-0.8635,3.0000,0.0000,2.0000,0,16.3315,994.0710,895.4810,944.7760,-49.2950,-0.2508,-7.7516,1000.0000,887.4786
8.756,0,0,learned,-0.6630,9.1487,2.5888,-2.0731,2.7795,3.4675,0.0945,1.7158,2.5000,-6.2046,1.3629,17.9536,-0.8730,3.0000,0.0000,2.0000,0,16.3315,996.5156,876.2138,936.3647,-60.1509,-0.2318,-7.6975,1000.0000,868.2846
8.806,0,0,learned,-0.6630,9.1487,2.5910,-2.0731,2.7795,3.4675,0.0745,1.7158,2.5000,-6.2046,1.3629,17.9536,-0.8752,3.0000,0.0000,2.0000,0,16.3315,995.3484,884.7162,940.0323,-55.3161,-0.2314,-7.6475,1000.0000,876.8373
8.856,0,0,learned,-0.7776,9.2830,2.5961,-2.0992,2.7403,3.4520,0.0775,1.7105,2.5000,-6.0648,1.3629,17.8044,-0.8856,3.0000,0.0000,2.0000,0,16.3315,994.3058,839.6755,916.9907,-77.3152,-0.1752,-7.6169,1000.0000,831.8833
8.907,0,0,learned,-0.8865,9.4079,2.5989,-2.1334,2.7126,3.4510,0.0777,1.7054,2.5000,-5.9324,1.3629,17.6658,-0.8935,3.0000,0.0000,2.0000,0,16.3315,994.7311,792.7037,893.7174,-101.0137,-0.1521,-7.5772,1000.0000,784.9744
8.956,0,0,learned,-0.8865,9.4079,2.6032,-2.1334,2.7126,3.4510,0.0520,1.7054,2.5000,-5.9324,1.3629,17.6658,-0.8978,3.0000,0.0000,2.0000,0,16.3315,990.6229,784.3337,887.4783,-103.1446,-0.1531,-7.4990,997.9688,776.6816
9.006,0,0,learned,-1.1138,9.6597,2.6069,-2.1851,2.6428,3.4292,0.0377,1.6944,2.5000,-5.6581,1.3629,17.3869,-0.9125,3.0000,0.0000,2.0000,0,16.3315,998.2956,778.7898,888.5427,-109.7529,-0.0537,-7.4207,1000.0000,771.3155
9.057,0,0,learned,-1.1138,9.6597,2.6082,-2.1851,2.6428,3.4292,0.0510,1.6944,2.5000,-5.6581,1.3629,17.3869,-0.9138,3.0000,0.0000,2.0000,0,16.3315,995.9369,800.0250,897.9810,-97.9559,-0.0487,-7.4755,1000.0000,792.5008
9.106,0,0,learned,-1.2317,9.7861,2.6110,-2.2019,2.6005,3.4075,0.0258,1.6885,2.5000,-5.5166,1.3629,17.2472,-0.9225,3.0000,0.0000,2.0000,0,16.3315,987.3770,773.6541,880.5156,-106.8615,0.0203,-7.3534,994.7507,766.3209
9.156,0,0,learned,-1.3434,9.9033,2.6124,-2.2267,2.5685,3.3994,0.0220,1.6828,2.5000,-5.3831,1.3629,17.1180,-0.9295,3.0000,0.0000,2.0000,0,16.3315,996.9167,693.0229,844.9698,-151.9469,0.0554,-7.2711,1000.0000,685.8072
9.206,0,0,learned,-1.4624,10.0255,2.6140,-2.2390,2.5248,3.3746,0.0152,1.6767,2.5000,-5.2415,1.3629,16.9836,-0.9373,3.0000,0.0000,2.0000,0,16.3315,994.7310,685.0035,839.8672,-154.8637,0.1369,-7.2110,1000.0000,677.9294
9.256,0,0,learned,-1.5749,10.1388,2.6150,-2.2600,2.4920,3.3642,-0.0258,1.6707,2.5000,-5.1080,1.3629,16.8593,-0.9442,3.0000,0.0000,2.0000,0,16.3315,994.1129,661.1342,827.6236,-166.4894,0.1798,-7.0358,1000.0000,654.2782
9.307,0,0,learned,-1.5749,10.1388,2.6151,-2.2600,2.4920,3.3642,-0.0215,1.6707,2.5000,-5.1080,1.3629,16.8593,-0.9444,3.0000,0.0000,2.0000,0,16.3315,994.4761,676.7731,835.6246,-158.8515,0.1824,-7.0591,1000.0000,669.8964
9.356,0,0,learned,-1.6944,10.2567,2.6150,-2.2678,2.4473,3.3365,-0.0447,1.6643,2.5000,-4.9667,1.3629,16.7303,-0.9507,3.0000,0.0000,2.0000,0,16.3315,986.4490,651.9630,819.2060,-167.2430,0.2662,-6.9220,993.6372,645.3072
9.406,0,0,learned,-1.8071,10.3658,2.6144,-2.2838,2.4124,3.3220,-0.0433,1.6582,2.5000,-4.8339,1.3629,16.6115,-0.9562,3.0000,0.0000,2.0000,0,16.3315,975.5869,593.4260,784.5064,-191.0805,0.3172,-6.8469,982.7510,586.8962
9.456,0,0,learned,-1.8071,10.3658,2.6132,-2.2838,2.4124,3.3220,-0.0818,1.6582,2.5000,-4.8339,1.3629,16.6115,-0.9550,3.0000,0.0000,2.0000,0,16.3315,979.5789,600.9567,790.2678,-189.3111,0.3135,-6.7268,986.6192,594.5433
9.506,0,0,learned,-1.9267,10.4794,2.6113,-2.2871,2.3666,3.2911,-0.0798,1.6516,2.5000,-4.6934,1.3629,16.4883,-0.9597,3.0000,0.0000,2.0000,0,16.3315,950.8140,575.4667,763.1404,-187.6737,0.4051,-6.6511,957.8702,569.2207
9.557,0,0,learned,-2.0395,10.5844,2.6095,-2.2993,2.3309,3.2742,-0.0990,1.6452,2.5000,-4.5615,1.3629,16.3749,-0.9643,3.0000,0.0000,2.0000,0,16.3315,962.7399,589.1765,775.9582,-186.7817,0.4711,-6.5484,969.7594,583.0992
9.606,0,0,learned,-2.1588,10.6936,2.6057,-2.2987,2.2847,3.2409,-0.1183,1.6384,2.5000,-4.4221,1.3629,16.2575,-0.9673,3.0000,0.0000,2.0000,0,16.3315,990.9716,582.0150,786.4933,-204.4783,0.5743,-6.4222,997.9681,576.1672
9.657,0,0,learned,-2.2711,10.7945,2.6020,-2.3066,2.2481,3.2209,-0.1273,1.6319,2.5000,-4.2915,1.3629,16.1496,-0.9701,3.0000,0.0000,2.0000,0,16.3315,987.0378,562.8429,774.9404,-212.0975,0.6423,-6.3168,993.9970,557.1684
9.707,0,0,learned,-2.2711,10.7945,2.5976,-2.3066,2.2481,3.2209,-0.1565,1.6319,2.5000,-4.2915,1.3629,16.1496,-0.9657,3.0000,0.0000,2.0000,0,16.3315,992.6461,534.6257,763.6359,-229.0102,0.6331,-6.2000,999.4793,529.0588
9.756,0,0,learned,-2.3899,10.8994,2.5926,-2.3022,2.2021,3.1858,-0.1628,1.6249,2.5000,-4.1536,1.3629,16.0380,-0.9677,3.0000,0.0000,2.0000,0,16.3315,975.4639,515.8522,745.6580,-229.8058,0.7368,-6.0828,982.2835,510.5063
9.806,0,0,learned,-2.5018,10.9966,2.5884,-2.3080,2.1665,3.1655,-0.1663,1.6182,2.5000,-4.0240,1.3629,15.9353,-0.9702,3.0000,0.0000,2.0000,0,16.3315,975.0730,480.5187,727.7959,-247.2772,0.8051,-5.9810,981.8591,475.3428
9.856,0,0,learned,-2.6204,11.0977,2.5807,-2.3026,2.1223,3.1315,-0.1970,1.6110,2.5000,-3.8871,1.3629,15.8290,-0.9697,3.0000,0.0000,2.0000,0,16.3315,973.6666,492.1413,732.9039,-240.7627,0.9087,-5.7896,980.3649,487.2604
9.907,0,0,learned,-2.7320,11.1914,2.5738,-2.3070,2.0881,3.1116,-0.2078,1.6042,2.5000,-3.7586,1.3629,15.7313,-0.9696,3.0000,0.0000,2.0000,0,16.3315,979.7494,467.6153,723.6824,-256.0670,0.9764,-5.6595,986.3853,462.9322
9.956,0,0,learned,-2.7320,11.1914,2.5663,-2.3070,2.0881,3.1116,-0.2360,1.6042,2.5000,-3.7586,1.3629,15.7313,-0.9621,3.0000,0.0000,2.0000,0,16.3315,969.0953,461.3621,715.2287,-253.8666,0.9663,-5.5445,975.6060,456.7839
10.006,0,0,learned,-2.8500,11.2889,2.5580,-2.2996,2.0455,3.0777,-0.2528,1.5968,2.5000,-3.6230,1.3629,15.6303,-0.9612,3.0000,0.0000,2.0000,0,16.3315,913.4738,443.5616,678.5177,-234.9561,1.0630,-5.3579,919.8946,439.2667
10.056,0,0,learned,-2.9610,11.3792,2.5537,-2.3022,2.0128,3.0580,-0.2495,1.5899,2.5000,-3.4957,1.3629,15.5375,-0.9639,3.0000,0.0000,2.0000,0,16.3315,901.5769,403.7249,652.6509,-248.9260,1.1306,-5.2602,907.9677,399.5953
10.107,0,0,learned,-3.0785,11.4734,2.5397,-2.2935,1.9725,3.0250,-0.2740,1.5824,2.5000,-3.3614,1.3629,15.4415,-0.9574,3.0000,0.0000,2.0000,0,16.3315,908.5772,398.4563,653.5167,-255.0605,1.2294,-5.0579,914.8645,394.6278
10.156,0,0,learned,-3.1887,11.5607,2.5297,-2.2939,1.9417,3.0054,-0.2858,1.5753,2.5000,-3.2355,1.3629,15.3534,-0.9544,3.0000,0.0000,2.0000,0,16.3315,903.1163,381.5583,642.3373,-260.7790,1.2956,-4.9050,909.3169,377.9489
10.206,0,0,learned,-3.1887,11.5607,2.5191,-2.2939,1.9417,3.0054,-0.2903,1.5753,2.5000,-3.2355,1.3629,15.3534,-0.9438,3.0000,0.0000,2.0000,0,16.3315,908.4696,385.2537,646.8617,-261.6080,1.2886,-4.8762,914.6344,381.6661
10.256,0,0,learned,-3.3048,11.6517,2.5080,-2.2819,1.9031,2.9713,-0.3148,1.5677,2.5000,-3.1031,1.3629,15.2624,-0.9403,3.0000,0.0000,2.0000,0,16.3315,920.4074,337.5046,628.9560,-291.4514,1.3887,-4.6535,926.4497,334.2399
10.307,0,0,learned,-3.4136,11.7359,2.4964,-2.2788,1.8735,2.9500,-0.3407,1.5605,2.5000,-2.9793,1.3629,15.1789,-0.9359,3.0000,0.0000,2.0000,0,16.3315,900.2237,312.8739,606.5488,-293.6749,1.4548,-4.4323,906.1109,309.8964
10.357,0,0,learned,-3.5283,11.8237,2.4842,-2.2642,1.8366,2.9154,-0.3480,1.5528,2.5000,-2.8489,1.3629,15.0926,-0.9314,3.0000,0.0000,2.0000,0,16.3315,899.7677,338.4403,619.1040,-280.6637,1.5652,-4.2874,905.6202,335.7180
10.406,0,0,learned,-3.6358,11.9052,2.4716,-2.2592,1.8088,2.8941,-0.3410,1.5456,2.5000,-2.7269,1.3629,15.0135,-0.9260,3.0000,0.0000,2.0000,0,16.3315,889.3878,318.3862,603.8870,-285.5008,1.6355,-4.1827,895.2060,315.8390
10.456,0,0,learned,-3.7491,11.9901,2.4550,-2.2431,1.7737,2.8596,-0.3660,1.5378,2.5000,-2.5986,1.3629,14.9319,-0.9172,3.0000,0.0000,2.0000,0,16.3315,888.6872,308.7222,598.7047,-289.9825,1.7376,-3.9474,894.3723,306.5124
10.506,0,0,learned,-3.8552,12.0690,2.4377,-2.2367,1.7475,2.8384,-0.3710,1.5305,2.5000,-2.4784,1.3629,14.8570,-0.9072,3.0000,0.0000,2.0000,0,16.3315,902.7098,275.4720,589.0909,-313.6189,1.8048,-3.7902,908.3048,273.4866
10.556,0,0,learned,-3.8552,12.0690,2.4269,-2.2367,1.7475,2.8384,-0.3780,1.5305,2.5000,-2.4784,1.3629,14.8570,-0.8964,3.0000,0.0000,2.0000,0,16.3315,908.3565,256.2505,582.3035,-326.0530,1.7953,-3.7420,913.8938,254.3038
10.606,0,0,learned,-3.9671,12.1514,2.4085,-2.2197,1.7150,2.8051,-0.3892,1.5227,2.5000,-2.3519,1.3629,14.7796,-0.8858,3.0000,0.0000,2.0000,0,16.3315,920.3624,237.3263,578.8444,-341.5181,1.8954,-3.5499,925.8078,235.6718
10.656,0,0,learned,-4.0720,12.2280,2.4009,-2.2127,1.6913,2.7851,-0.4263,1.5154,2.5000,-2.2335,1.3629,14.7085,-0.8856,3.0000,0.0000,2.0000,0,16.3315,945.1746,235.3063,590.2404,-354.9342,1.9683,-3.3006,950.4435,233.9740
10.707,0,0,learned,-4.1826,12.3082,2.3814,-2.1959,1.6613,2.7535,-0.4248,1.5075,2.5000,-2.1087,1.3629,14.6350,-0.8739,3.0000,0.0000,2.0000,0,16.3315,938.7408,253.6131,596.1769,-342.5638,2.0666,-3.1549,943.9622,252.5249
10.756,0,0,learned,-4.1826,12.3082,2.3653,-2.1959,1.6613,2.7535,-0.4500,1.5075,2.5000,-2.1087,1.3629,14.6350,-0.8578,3.0000,0.0000,2.0000,0,16.3315,917.6179,243.9583,580.7881,-336.8298,2.0507,-3.0253,922.6938,242.9837
10.806,0,0,learned,-4.2866,12.3828,2.3487,-2.1896,1.6401,2.7357,-0.4458,1.5001,2.5000,-1.9916,1.3629,14.5675,-0.8486,3.0000,0.0000,2.0000,0,16.3315,921.3975,235.5536,578.4755,-342.9219,2.1122,-2.9002,926.4099,234.7655
10.856,0,0,learned,-4.3966,12.4613,2.3272,-2.1748,1.6137,2.7081,-0.4710,1.4921,2.5000,-1.8678,1.3629,14.4975,-0.8351,3.0000,0.0000,2.0000,0,16.3315,914.0884,224.8995,569.4940,-344.5944,2.1946,-2.6410,918.9239,224.4531
10.907,0,0,learned,-4.5001,12.5348,2.3095,-2.1714,1.5972,2.6956,-0.4698,1.4846,2.5000,-1.7513,1.3629,14.4328,-0.8250,3.0000,0.0000,2.0000,0,16.3315,910.5460,227.6649,569.1055,-341.4406,2.2418,-2.5020,915.2898,227.4048
10.956,0,0,learned,-4.6099,12.6124,2.2867,-2.1593,1.5764,2.6735,-0.4940,1.4765,2.5000,-1.6279,1.3629,14.3654,-0.8102,3.0000,0.0000,2.0000,0,16.3315,885.8653,224.5335,555.1994,-330.6659,2.3084,-2.2391,890.4128,224.6028
11.006,0,0,learned,-4.7132,12.6854,2.2728,-2.1580,1.5652,2.6658,-0.4923,1.4688,2.5000,-1.5117,1.3629,14.3029,-0.8040,3.0000,0.0000,2.0000,0,16.3315,859.9358,213.4918,536.7138,-323.2220,2.3419,-2.0993,864.3770,213.7345
11.056,0,0,learned,-4.8227,12.7627,2.2490,-2.1476,1.5497,2.6484,-0.5018,1.4606,2.5000,-1.3885,1.3629,14.2375,-0.7884,3.0000,0.0000,2.0000,0,16.3315,863.2396,218.5395,540.8895,-322.3500,2.3999,-1.8968,867.5363,219.0426
11.106,0,0,learned,-4.9258,12.8358,2.2248,-2.1474,1.5440,2.6448,-0.5175,1.4528,2.5000,-1.2727,1.3629,14.1767,-0.7720,3.0000,0.0000,2.0000,0,16.3315,861.6231,222.8197,542.2214,-319.4017,2.4174,-1.6793,865.7198,223.5578
11.156,0,0,learned,-4.9258,12.8358,2.2100,-2.1474,1.5440,2.6448,-0.5132,1.4528,2.5000,-1.2727,1.3629,14.1767,-0.7571,3.0000,0.0000,2.0000,0,16.3315,858.8538,223.5219,541.1879,-317.6659,2.4074,-1.6660,862.9272,224.2633
11.206,0,0,learned,-5.0347,12.9134,2.1901,-2.1370,1.5337,2.6304,-0.5192,1.4445,2.5000,-1.1500,1.3629,14.1130,-0.7456,3.0000,0.0000,2.0000,0,16.3315,869.1038,191.5845,530.3441,-338.7596,2.4576,-1.4780,873.0394,192.5641
11.256,0,0,learned,-5.1371,12.9868,2.1700,-2.1360,1.5330,2.6292,-0.5152,1.4366,2.5000,-1.0348,1.3629,14.0534,-0.7333,3.0000,0.0000,2.0000,0,16.3315,891.0483,191.2296,541.1389,-349.9093,2.4742,-1.3469,894.8693,192.3569
11.306,0,0,learned,-5.2452,13.0653,2.1446,-2.1247,1.5281,2.6171,-0.5205,1.4282,2.5000,-0.9128,1.3629,13.9906,-0.7164,3.0000,0.0000,2.0000,0,16.3315,908.8596,196.3248,552.5922,-356.2674,2.5175,-1.1582,912.5353,197.6841
11.356,0,0,learned,-5.3467,13.1397,2.1241,-2.1226,1.5327,2.6181,-0.5250,1.4202,2.5000,-0.7981,1.3629,13.9318,-0.7039,3.0000,0.0000,2.0000,0,16.3315,898.6870,208.6389,553.6630,-345.0240,2.5247,-0.9884,902.2001,210.1753
11.406,0,0,learned,-5.3467,13.1397,2.1034,-2.1226,1.5327,2.6181,-0.5348,1.4202,2.5000,-0.7981,1.3629,13.9318,-0.6832,3.0000,0.0000,2.0000,0,16.3315,880.8049,190.8054,535.8052,-344.9998,2.5071,-0.9027,884.2147,192.4098
11.456,0,0,learned,-5.4539,13.2194,2.0825,-2.1106,1.5327,2.6084,-0.5325,1.4117,2.5000,-0.6767,1.3629,13.8696,-0.6708,3.0000,0.0000,2.0000,0,16.3315,866.6936,203.3136,535.0036,-331.6900,2.5455,-0.7460,869.9850,205.1131
11.507,0,0,learned,-5.5546,13.2954,2.0614,-2.1081,1.5428,2.6123,-0.5420,1.4037,2.5000,-0.5625,1.3629,13.8110,-0.6577,3.0000,0.0000,2.0000,0,16.3315,876.8594,231.2220,554.0407,-322.8187,2.5459,-0.5617,879.9671,233.2062
11.557,0,0,learned,-5.6610,13.3771,2.0400,-2.0954,1.5485,2.6054,-0.5400,1.3951,2.5000,-0.4416,1.3629,13.7486,-0.6450,3.0000,0.0000,2.0000,0,16.3315,859.6909,199.4112,529.5511,-330.1399,2.5726,-0.4007,862.6643,201.5831
11.606,0,0,learned,-5.7606,13.4551,2.0185,-2.0914,1.5637,2.6113,-0.5447,1.3869,2.5000,-0.3280,1.3629,13.6897,-0.6316,3.0000,0.0000,2.0000,0,16.3315,842.3246,211.3221,526.8234,-315.5012,2.5641,-0.2293,845.1181,213.6569
11.656,0,0,learned,-5.7606,13.4551,2.0022,-2.0914,1.5637,2.6113,-0.5595,1.3869,2.5000,-0.3280,1.3629,13.6897,-0.6153,3.0000,0.0000,2.0000,0,16.3315,857.6369,226.8844,542.2607,-315.3762,2.5540,-0.1411,860.3320,229.2973
11.706,0,0,learned,-5.8655,13.5391,1.9750,-2.0768,1.5742,2.6060,-0.5505,1.3782,2.5000,-0.2080,1.3629,13.6268,-0.5968,3.0000,0.0000,2.0000,0,16.3315,829.7404,230.9948,530.3676,-299.3728,2.5743,0.0017,832.3130,233.5708
11.756,0,0,learned,-5.9637,13.6196,1.9532,-2.0705,1.5946,2.6134,-0.5537,1.3700,2.5000,-0.0953,1.3629,13.5671,-0.5832,3.0000,0.0000,2.0000,0,16.3315,830.9607,245.4283,538.1945,-292.7662,2.5628,0.1618,833.3617,248.1529
11.806,0,0,learned,-6.0669,13.7064,1.9202,-2.0534,1.6095,2.6090,-0.5555,1.3612,2.5000,0.0236,1.3629,13.5031,-0.5591,3.0000,0.0000,2.0000,0,16.3315,847.8135,243.0034,545.4084,-302.4051,2.5786,0.3473,850.0448,245.9292
11.856,0,0,learned,-6.1633,13.7897,1.8983,-2.0442,1.6350,2.6176,-0.5600,1.3529,2.5000,0.1351,1.3629,13.4421,-0.5454,3.0000,0.0000,2.0000,0,16.3315,819.0161,251.1905,535.1033,-283.9128,2.5606,0.5134,821.0633,254.2645
11.907,0,0,learned,-6.2644,13.8800,1.8763,-2.0241,1.6550,2.6146,-0.5420,1.3440,2.5000,0.2526,1.3629,13.3764,-0.5323,3.0000,0.0000,2.0000,0,16.3315,826.4443,239.6499,533.0471,-293.3972,2.5808,0.5942,828.4309,242.8248
11.956,0,0,learned,-6.3585,13.9668,1.8488,-2.0115,1.6858,2.6245,-0.5633,1.3357,2.5000,0.3626,1.3629,13.3134,-0.5131,3.0000,0.0000,2.0000,0,16.3315,831.0584,254.6632,542.8608,-288.1976,2.5569,0.8258,832.7895,258.0459
12.006,0,0,learned,-6.3585,13.9668,1.8324,-2.0115,1.6858,2.6245,-0.5670,1.3357,2.5000,0.3626,1.3629,13.3134,-0.4968,3.0000,0.0000,2.0000,0,16.3315,869.7348,270.4450,570.0899,-299.6449,2.5488,0.8711,871.4125,273.8650
12.056,0,0,learned,-6.4570,14.0610,1.8050,-1.9881,1.7109,2.6229,-0.5593,1.3268,2.5000,0.4785,1.3629,13.2453,-0.4782,3.0000,0.0000,2.0000,0,16.3315,906.5095,244.4501,575.4798,-331.0297,2.5621,0.9927,908.0790,248.0049
12.107,0,0,learned,-6.5485,14.1516,1.7832,-1.9718,1.7463,2.6339,-0.5457,1.3184,2.5000,0.5867,1.3629,13.1799,-0.4648,3.0000,0.0000,2.0000,0,16.3315,875.8268,271.7762,573.8015,-302.0253,2.5397,1.0763,877.2901,275.3922
12.156,0,0,learned,-6.6440,14.2500,1.7615,-1.9448,1.7754,2.6333,-0.5400,1.3095,2.5000,0.7005,1.3629,13.1090,-0.4520,3.0000,0.0000,2.0000,0,16.3315,846.6340,298.0330,572.3335,-274.3005,2.5517,1.1972,847.9884,301.7819
12.206,0,0,learned,-6.7327,14.3450,1.7343,-1.9251,1.8163,2.6467,-0.5453,1.3010,2.5000,0.8068,1.3629,13.0406,-0.4333,3.0000,0.0000,2.0000,0,16.3315,819.2247,285.7141,552.4694,-266.7553,2.5168,1.3548,820.3866,289.5857
12.256,0,0,learned,-6.8251,14.4484,1.7125,-1.8954,1.8507,2.6491,-0.5623,1.2920,2.5000,0.9185,1.3629,12.9661,-0.4205,3.0000,0.0000,2.0000,0,16.3315,827.8805,278.6209,553.2507,-274.6298,2.5203,1.5477,828.8531,282.6888
12.306,0,0,learned,-6.8251,14.4484,1.6961,-1.8954,1.8507,2.6491,-0.5328,1.2920,2.5000,0.9185,1.3629,12.9661,-0.4040,3.0000,0.0000,2.0000,0,16.3315,838.2488,254.2627,546.2558,-291.9931,2.5112,1.4680,839.2921,258.2418
12.357,0,0,learned,-6.9104,14.5482,1.6798,-1.8721,1.8962,2.6647,-0.5350,1.2835,2.5000,1.0227,1.3629,12.8941,-0.3963,3.0000,0.0000,2.0000,0,16.3315,850.2160,272.9220,561.5690,-288.6470,2.4812,1.5775,851.1197,276.9806
12.406,0,0,learned,-6.9990,14.6563,1.6581,-1.8383,1.9330,2.6676,-0.5525,1.2745,2.5000,1.1316,1.3629,12.8160,-0.3836,3.0000,0.0000,2.0000,0,16.3315,858.6686,332.9545,595.8116,-262.8571,2.4855,1.7700,859.3842,337.2100
12.456,0,0,learned,-7.0805,14.7603,1.6364,-1.8104,1.9796,2.6826,-0.5513,1.2660,2.5000,1.2329,1.3629,12.7408,-0.3704,3.0000,0.0000,2.0000,0,16.3315,869.6282,319.0810,594.3546,-275.2736,2.4531,1.8687,870.2126,323.4029
12.506,0,0,learned,-7.0805,14.7603,1.6201,-1.8104,1.9796,2.6826,-0.5353,1.2660,2.5000,1.2329,1.3629,12.7408,-0.3541,3.0000,0.0000,2.0000,0,16.3315,867.2782,347.1835,607.2308,-260.0473,2.4440,1.8468,867.8753,351.4743
12.556,0,0,learned,-7.1648,14.8729,1.5933,-1.7725,2.0167,2.6849,-0.5380,1.2570,2.5000,1.3386,1.3629,12.6593,-0.3363,3.0000,0.0000,2.0000,0,16.3315,861.9653,353.2214,607.5933,-254.3719,2.4455,1.9839,862.4269,357.6508
12.606,0,0,learned,-7.2421,14.9814,1.5825,-1.7400,2.0654,2.7006,-0.5355,1.2485,2.5000,1.4366,1.3629,12.5804,-0.3340,3.0000,0.0000,2.0000,0,16.3315,864.6959,357.3553,611.0256,-253.6703,2.4187,2.0482,865.0664,361.8221
12.656,0,0,learned,-7.2421,14.9814,1.5611,-1.7400,2.0654,2.7006,-0.5408,1.2485,2.5000,1.4366,1.3629,12.5804,-0.3126,3.0000,0.0000,2.0000,0,16.3315,845.0985,382.0804,613.5895,-231.5090,2.4038,2.1199,845.3824,386.6041
12.706,0,0,learned,-7.3941,15.2125,1.5291,-1.6603,2.1566,2.7217,-0.5295,1.2310,2.5000,1.6330,1.3629,12.4112,-0.2982,3.0000,0.0000,2.0000,0,16.3315,853.5451,407.3970,630.4710,-223.0740,2.3764,2.2474,853.6741,412.0209
12.756,0,0,learned,-7.3941,15.2125,1.5186,-1.6603,2.1566,2.7217,-0.5358,1.2310,2.5000,1.6330,1.3629,12.4112,-0.2876,3.0000,0.0000,2.0000,0,16.3315,826.6702,365.9510,596.3106,-230.3596,2.3675,2.2897,826.7480,370.6083
12.806,0,0,learned,-7.4683,15.3354,1.4922,-1.6135,2.1978,2.7265,-0.5082,1.2220,2.5000,1.7309,1.3629,12.3206,-0.2702,3.0000,0.0000,2.0000,0,16.3315,805.6222,332.1569,568.8896,-236.7326,2.3648,2.2869,805.7001,336.8086
12.856,0,0,learned,-7.5355,15.4535,1.4766,-1.5709,2.2505,2.7445,-0.5302,1.2135,2.5000,1.8211,1.3629,12.2330,-0.2631,3.0000,0.0000,2.0000,0,16.3315,773.1292,360.5859,566.8576,-206.2717,2.3273,2.4403,773.0162,365.3535
12.906,0,0,learned,-7.5355,15.4535,1.4558,-1.5709,2.2505,2.7445,-0.4993,1.2135,2.5000,1.8211,1.3629,12.2330,-0.2423,3.0000,0.0000,2.0000,0,16.3315,838.0651,371.1416,604.6034,-233.4618,2.3187,2.3669,838.0169,375.8271
12.956,0,0,learned,-7.6038,15.5812,1.4301,-1.5195,2.2913,2.7494,-0.4953,1.2046,2.5000,1.9143,1.3629,12.1378,-0.2255,3.0000,0.0000,2.0000,0,16.3315,822.9308,333.2081,578.0695,-244.8613,2.3159,2.4407,822.8060,337.9648
13.006,0,0,learned,-7.6655,15.7031,1.4199,-1.4726,2.3411,2.7657,-0.4918,1.1961,2.5000,1.9998,1.3629,12.0464,-0.2237,3.0000,0.0000,2.0000,0,16.3315,811.8874,357.2650,584.5762,-227.3112,2.2896,2.4791,811.6979,362.0337
13.056,0,0,learned,-7.7278,15.8343,1.3946,-1.4178,2.3775,2.7681,-0.5030,1.1873,2.5000,2.0879,1.3629,11.9476,-0.2074,3.0000,0.0000,2.0000,0,16.3315,808.7694,353.2481,581.0088,-227.7607,2.2944,2.6078,808.4560,358.1502
13.106,0,0,learned,-7.7838,15.9595,1.3745,-1.3674,2.4239,2.7830,-0.4993,1.1789,2.5000,2.1685,1.3629,11.8528,-0.1956,3.0000,0.0000,2.0000,0,16.3315,808.4845,355.9396,582.2121,-226.2725,2.2672,2.6562,808.0955,360.8630
13.156,0,0,learned,-7.7838,15.9595,1.3595,-1.3674,2.4239,2.7830,-0.5025,1.1789,2.5000,2.1685,1.3629,11.8528,-0.1805,3.0000,0.0000,2.0000,0,16.3315,798.2966,364.1951,581.2459,-217.0508,2.2573,2.7019,797.8520,369.1543
13.206,0,0,learned,-7.8400,16.0940,1.3347,-1.3101,2.4562,2.7837,-0.4738,1.1702,2.5000,2.2512,1.3629,11.7505,-0.1645,3.0000,0.0000,2.0000,0,16.3315,770.5846,391.3643,580.9745,-189.6101,2.2694,2.6830,770.1709,396.3167
13.256,0,0,learned,-7.8900,16.2220,1.3198,-1.2566,2.4983,2.7965,-0.4860,1.1619,2.5000,2.3266,1.3629,11.6525,-0.1579,3.0000,0.0000,2.0000,0,16.3315,797.9299,425.9417,611.9358,-185.9941,2.2515,2.7812,797.4002,430.9745
13.306,0,0,learned,-7.9399,16.3590,1.2953,-1.1970,2.5257,2.7950,-0.4958,1.1532,2.5000,2.4036,1.3629,11.5470,-0.1420,3.0000,0.0000,2.0000,0,16.3315,800.8941,416.5320,608.7131,-192.1811,2.2694,2.8898,800.2738,421.6912
13.357,0,0,learned,-7.9838,16.4892,1.2758,-1.1405,2.5629,2.8052,-0.4783,1.1451,2.5000,2.4735,1.3629,11.4462,-0.1306,3.0000,0.0000,2.0000,0,16.3315,804.8320,437.5466,621.1893,-183.6427,2.2577,2.8824,804.2073,442.6867
13.406,0,0,learned,-7.9838,16.4892,1.2612,-1.1405,2.5629,2.8052,-0.4715,1.1451,2.5000,2.4735,1.3629,11.4462,-0.1161,3.0000,0.0000,2.0000,0,16.3315,822.0818,424.2271,623.1545,-198.9273,2.2499,2.8846,821.4471,429.3616
13.456,0,0,learned,-8.0269,16.6284,1.2374,-1.0781,2.5859,2.8016,-0.4713,1.1366,2.5000,2.5444,1.3629,11.3376,-0.1008,3.0000,0.0000,2.0000,0,16.3315,836.7925,404.5262,620.6594,-216.1331,2.2757,2.9474,836.1207,409.7494
13.506,0,0,learned,-8.0643,16.7607,1.2231,-1.0183,2.6201,2.8110,-0.4943,1.1286,2.5000,2.6083,1.3629,11.2337,-0.0945,3.0000,0.0000,2.0000,0,16.3315,848.6132,402.0042,625.3087,-223.3045,2.2687,3.0639,847.8180,407.3367
13.556,0,0,learned,-8.1004,16.9023,1.1998,-0.9535,2.6406,2.8075,-0.4870,1.1202,2.5000,2.6728,1.3629,11.1215,-0.0795,3.0000,0.0000,2.0000,0,16.3315,768.4578,427.9168,598.1873,-170.2705,2.2935,3.1031,767.6481,433.3134
13.606,0,0,learned,-8.1312,17.0369,1.1812,-0.8913,2.6730,2.8177,-0.4597,1.1124,2.5000,2.7307,1.3629,11.0142,-0.0688,3.0000,0.0000,2.0000,0,16.3315,755.8307,464.7576,610.2942,-145.5365,2.2846,3.0517,755.0636,470.0938
13.657,0,0,learned,-8.1312,17.0369,1.1673,-0.8913,2.6730,2.8177,-0.4745,1.1124,2.5000,2.7307,1.3629,11.0142,-0.0549,3.0000,0.0000,2.0000,0,16.3315,784.6432,474.3684,629.5058,-155.1374,2.2757,3.1354,783.7836,479.7796
13.706,0,0,learned,-8.1604,17.1806,1.1444,-0.8255,2.6912,2.8150,-0.4580,1.1041,2.5000,2.7890,1.3629,10.8986,-0.0403,3.0000,0.0000,2.0000,0,16.3315,745.9426,484.7067,615.3247,-130.6180,2.3013,3.1314,745.1125,490.1394
13.757,0,0,learned,-8.1847,17.3167,1.1308,-0.7617,2.7202,2.8249,-0.4385,1.0965,2.5000,2.8409,1.3629,10.7883,-0.0343,3.0000,0.0000,2.0000,0,16.3315,750.1197,459.4155,604.7676,-145.3521,2.2982,3.0778,749.3401,464.7915
13.806,0,0,learned,-8.2068,17.4620,1.1084,-0.6942,2.7349,2.8216,-0.4288,1.0884,2.5000,2.8925,1.3629,10.6695,-0.0200,3.0000,0.0000,2.0000,0,16.3315,801.1538,484.4712,642.8125,-158.3413,2.3266,3.0992,800.3812,489.8970
13.856,0,0,learned,-8.2242,17.5996,1.0908,-0.6278,2.7612,2.8317,-0.4283,1.0809,2.5000,2.9379,1.3629,10.5560,-0.0099,3.0000,0.0000,2.0000,0,16.3315,792.6851,498.4370,645.5611,-147.1241,2.3199,3.1260,791.8791,503.8829
13.906,0,0,learned,-8.2242,17.5996,1.0777,-0.6278,2.7612,2.8317,-0.4195,1.0809,2.5000,2.9379,1.3629,10.5560,0.0032,3.0000,0.0000,2.0000,0,16.3315,755.1503,500.3207,627.7355,-127.4148,2.3128,3.1202,754.3429,505.7537
13.956,0,0,learned,-8.2389,17.7461,1.0520,-0.5587,2.7726,2.8283,-0.4173,1.0730,2.5000,2.9825,1.3629,10.4339,0.0210,3.0000,0.0000,2.0000,0,16.3315,746.9325,481.9845,614.4585,-132.4740,2.3415,3.1551,746.1189,487.4811
14.006,0,0,learned,-8.2493,17.8849,1.0436,-0.4903,2.7962,2.8388,-0.4158,1.0657,2.5000,3.0213,1.3629,10.3172,0.0221,3.0000,0.0000,2.0000,0,16.3315,759.5289,499.0862,629.3076,-130.2213,2.3402,3.1569,758.7122,504.5832
14.056,0,0,learned,-8.2565,18.0326,1.0228,-0.4200,2.8050,2.8363,-0.4170,1.0581,2.5000,3.0588,1.3629,10.1917,0.0353,3.0000,0.0000,2.0000,0,16.3315,732.9539,489.3116,611.1328,-121.8211,2.3702,3.1900,732.1341,494.8718
14.106,0,0,learned,-8.2599,18.1719,1.0065,-0.3504,2.8247,2.8464,-0.3970,1.0510,2.5000,3.0910,1.3629,10.0722,0.0446,3.0000,0.0000,2.0000,0,16.3315,741.1887,490.6356,615.9121,-125.2765,2.3688,3.1351,740.4223,496.1395
14.156,0,0,learned,-8.2599,18.1719,0.9943,-0.3504,2.8247,2.8464,-0.4085,1.0510,2.5000,3.0910,1.3629,10.0722,0.0567,3.0000,0.0000,2.0000,0,16.3315,748.5691,533.1440,640.8566,-107.7126,2.3597,3.2120,747.7168,538.7158
14.206,0,0,learned,-8.2600,18.3198,0.9745,-0.2805,2.8285,2.8423,-0.3805,1.0436,2.4861,3.1215,1.3629,9.9442,0.0691,3.0000,0.0000,2.0000,0,16.3315,722.5870,517.2144,619.9007,-102.6863,2.3444,3.1429,721.7885,522.7017
14.256,0,0,learned,-8.2568,18.4590,0.9627,-0.2112,2.8428,2.8506,-0.3960,1.0368,2.4556,3.1472,1.3629,9.8226,0.0741,3.0000,0.0000,2.0000,0,16.3315,736.4317,522.2532,629.3424,-107.0893,2.2334,3.2171,735.4480,527.7037
14.307,0,0,learned,-8.2499,18.6065,0.9435,-0.1424,2.8414,2.8450,-0.3845,1.0296,2.4231,3.1708,1.3629,9.6923,0.0862,3.0000,0.0000,2.0000,0,16.3315,731.2092,508.4280,619.8186,-111.3906,2.1514,3.2155,730.1450,513.7949
14.356,0,0,learned,-8.2402,18.7452,0.9284,-0.0735,2.8511,2.8520,-0.3700,1.0230,2.3922,3.1900,1.3629,9.5687,0.0947,3.0000,0.0000,2.0000,0,16.3315,708.8258,493.3019,601.0638,-107.7619,2.0443,3.1865,707.6836,498.5327
14.406,0,0,learned,-8.2402,18.7452,0.9172,-0.0735,2.8511,2.8520,-0.3593,1.0230,2.3922,3.1900,1.3629,9.5687,0.1058,3.0000,0.0000,2.0000,0,16.3315,653.0596,535.7313,594.3955,-58.6642,2.0371,3.1820,651.9148,540.9504
14.456,0,0,learned,-8.2266,18.8918,0.9026,-0.0063,2.8450,2.8450,-0.3680,1.0162,2.3591,3.2069,1.3629,9.4366,0.1136,3.0000,0.0000,2.0000,0,16.3315,667.6867,505.9932,586.8399,-80.8468,1.9591,3.2417,666.4042,511.1940
14.506,0,0,learned,-8.2108,19.0295,0.8918,0.0607,2.8495,2.8501,-0.3555,1.0098,2.3279,3.2199,1.3629,9.3114,0.1181,3.0000,0.0000,2.0000,0,16.3315,698.6956,506.5911,602.6433,-96.0523,1.8563,3.2213,697.3306,511.6687
14.556,0,0,learned,-8.1910,19.1745,0.8740,0.1248,2.8374,2.8402,-0.3377,1.0033,2.2946,3.2304,1.3629,9.1783,0.1292,3.0000,0.0000,2.0000,0,16.3315,725.6733,520.4771,623.0752,-102.5981,1.7813,3.2102,724.2444,525.4686
14.606,0,0,learned,-8.1910,19.1745,0.8602,0.1248,2.8374,2.8402,-0.3245,1.0033,2.2946,3.2304,1.3629,9.1783,0.1431,3.0000,0.0000,2.0000,0,16.3315,712.8449,543.6464,628.2456,-84.5993,1.7737,3.2004,711.4181,548.6205
14.656,0,0,learned,-8.1696,19.3102,0.8467,0.1889,2.8353,2.8416,-0.3347,0.9972,2.2631,3.2375,1.3629,9.0526,0.1505,3.0000,0.0000,2.0000,0,16.3315,651.2872,519.1617,585.2245,-66.0627,1.6797,3.2612,649.7056,524.1026
14.706,0,0,learned,-8.1440,19.4531,0.8302,0.2497,2.8179,2.8289,-0.3160,0.9909,2.2297,3.2419,1.3629,8.9188,0.1608,3.0000,0.0000,2.0000,0,16.3315,629.6703,522.8986,576.2844,-53.3859,1.6129,3.2424,628.0408,527.7540
14.757,0,0,learned,-8.1170,19.5870,0.8236,0.3120,2.8122,2.8295,-0.3392,0.9851,2.1980,3.2432,1.3629,8.7922,0.1615,3.0000,0.0000,2.0000,0,16.3315,628.5014,547.0771,587.7893,-40.7122,1.5154,3.3543,626.6626,551.9468
14.806,0,0,learned,-8.0856,19.7280,0.8108,0.3706,2.7919,2.8164,-0.3200,0.9792,2.1644,3.2415,1.3629,8.6575,0.1684,3.0000,0.0000,2.0000,0,16.3315,655.4208,561.8511,608.6360,-46.7848,1.4472,3.3311,653.5369,566.6294
14.857,0,0,learned,-8.0535,19.8595,0.7919,0.4303,2.7816,2.8147,-0.2903,0.9737,2.1326,3.2372,1.3629,8.5305,0.1817,3.0000,0.0000,2.0000,0,16.3315,661.2933,562.0998,611.6965,-49.5968,1.3564,3.2753,659.3744,566.7315
14.906,0,0,learned,-8.0535,19.8595,0.7828,0.4303,2.7816,2.8147,-0.3055,0.9737,2.1326,3.2372,1.3629,8.5305,0.1909,3.0000,0.0000,2.0000,0,16.3315,636.1849,541.9934,589.0891,-47.0957,1.3526,3.3487,634.1889,546.6947
14.957,0,0,learned,-8.0167,19.9977,0.7680,0.4858,2.7567,2.7992,-0.2870,0.9681,2.0989,3.2297,1.3629,8.3957,0.2001,3.0000,0.0000,2.0000,0,16.3315,601.7889,556.7991,579.2940,-22.4949,1.2898,3.3344,599.7443,561.4234
15.006,0,0,learned,-7.9794,20.1268,0.7565,0.5439,2.7433,2.7967,-0.2740,0.9629,2.0671,3.2199,1.3629,8.2683,0.2065,3.0000,0.0000,2.0000,0,16.3315,602.8152,536.1466,569.4809,-33.3343,1.2040,3.3190,600.7002,540.6696
15.057,0,0,learned,-7.9371,20.2625,0.7480,0.5978,2.7166,2.7816,-0.2722,0.9577,2.0332,3.2065,1.3629,8.1328,0.2097,3.0000,0.0000,2.0000,0,16.3315,604.2581,518.9786,561.6183,-42.6398,1.1417,3.3432,602.0566,523.4635
15.107,0,0,learned,-7.8949,20.3891,0.7344,0.6539,2.7007,2.7788,-0.2560,0.9529,2.0013,3.1914,1.3629,8.0052,0.2185,3.0000,0.0000,2.0000,0,16.3315,614.0441,530.2921,572.1681,-41.8760,1.0505,3.3325,611.7620,534.6750
15.156,0,0,learned,-7.8949,20.3891,0.7264,0.6539,2.7007,2.7788,-0.2373,0.9529,2.0013,3.1914,1.3629,8.0052,0.2265,3.0000,0.0000,2.0000,0,16.3315,596.4684,538.9139,567.6912,-28.7772,1.0492,3.2858,594.2318,543.2489
15.206,0,0,learned,-7.8479,20.5218,0.7186,0.7042,2.6711,2.7623,-0.2503,0.9480,1.9674,3.1727,1.3629,7.8698,0.2293,3.0000,0.0000,2.0000,0,16.3315,573.8944,513.7087,543.8015,-30.0929,0.9884,3.3642,571.5186,518.0613
15.256,0,0,learned,-7.8015,20.6455,0.7060,0.7566,2.6521,2.7579,-0.2482,0.9435,1.9356,3.1528,1.3629,7.7424,0.2375,3.0000,0.0000,2.0000,0,16.3315,558.0176,525.2973,541.6574,-16.3601,0.8985,3.4088,555.5073,529.6045
15.307,0,0,learned,-7.7501,20.7751,0.6962,0.8030,2.6201,2.7404,-0.2470,0.9390,1.9018,3.1293,1.3629,7.6074,0.2427,3.0000,0.0000,2.0000,0,16.3315,536.0348,532.5185,534.2766,-1.7581,0.8352,3.4503,533.4197,536.8039
15.356,0,0,learned,-7.7501,20.7751,0.6868,0.8030,2.6201,2.7404,-0.2283,0.9390,1.9018,3.1293,1.3629,7.6074,0.2522,3.0000,0.0000,2.0000,0,16.3315,512.3858,545.2320,528.8089,16.4231,0.8332,3.4094,509.8097,549.4746
15.406,0,0,learned,-7.6999,20.8957,0.6775,0.8516,2.5986,2.7346,-0.2318,0.9349,1.8701,3.1051,1.3629,7.4804,0.2574,3.0000,0.0000,2.0000,0,16.3315,513.2541,522.0748,517.6644,4.4103,0.7505,3.4589,510.5457,526.2843
15.456,0,0,learned,-7.6448,21.0218,0.6664,0.8931,2.5638,2.7150,-0.2137,0.9307,1.8366,3.0772,1.3629,7.3464,0.2643,3.0000,0.0000,2.0000,0,16.3315,486.0142,497.0917,491.5529,5.5387,0.6994,3.4327,483.2809,501.2238
15.506,0,0,learned,-7.5913,21.1388,0.6600,0.9373,2.5389,2.7064,-0.2157,0.9270,1.8051,3.0490,1.3629,7.2206,0.2670,3.0000,0.0000,2.0000,0,16.3315,483.7874,500.8146,492.3010,8.5136,0.6197,3.4777,480.9295,504.9120
15.556,0,0,learned,-7.5330,21.2610,0.6497,0.9740,2.5012,2.6841,-0.1998,0.9232,1.7720,3.0172,1.3629,7.0879,0.2735,3.0000,0.0000,2.0000,0,16.3315,475.3094,493.7522,484.5308,9.2214,0.5709,3.4610,472.4193,497.7841
15.606,0,0,learned,-7.4769,21.3743,0.6419,1.0130,2.4729,2.6723,-0.1787,0.9198,1.7409,2.9857,1.3629,6.9637,0.2779,3.0000,0.0000,2.0000,0,16.3315,465.3598,493.7675,479.5636,14.2038,0.5037,3.4185,462.4450,497.6897
15.656,0,0,learned,-7.4769,21.3743,0.6381,1.0130,2.4729,2.6723,-0.1760,0.9198,1.7409,2.9857,1.3629,6.9637,0.2817,3.0000,0.0000,2.0000,0,16.3315,456.8645,497.7362,477.3004,20.4358,0.5023,3.4209,453.9460,501.6595
15.707,0,0,learned,-7.4163,21.4923,0.6290,1.0437,2.4322,2.6467,-0.1583,0.9164,1.7083,2.9507,1.3629,6.8332,0.2874,3.0000,0.0000,2.0000,0,16.3315,428.5796,492.1074,460.3435,31.7639,0.4633,3.3940,425.6488,495.9647
15.756,0,0,learned,-7.3582,21.6016,0.6238,1.0769,2.4011,2.6315,-0.1522,0.9134,1.6778,2.9164,1.3629,6.7111,0.2896,3.0000,0.0000,2.0000,0,16.3315,427.5657,486.5145,457.0401,29.4744,0.4030,3.4003,424.5685,490.3179
15.806,0,0,learned,-7.3582,21.6016,0.6171,1.0769,2.4011,2.6315,-0.1502,0.9134,1.6778,2.9164,1.3629,6.7111,0.2963,3.0000,0.0000,2.0000,0,16.3315,417.1048,488.8891,452.9969,35.8921,0.4008,3.4153,414.0904,492.7052
15.856,0,0,learned,-7.2956,21.7154,0.6092,1.1021,2.3585,2.6033,-0.1610,0.9103,1.6457,2.8787,1.3629,6.5829,0.3012,3.0000,0.0000,2.0000,0,16.3315,399.8857,486.4791,443.1824,43.2967,0.3619,3.4992,396.7484,490.3403
15.912,0,0,learned,-7.2359,21.8206,0.6032,1.1305,2.3253,2.5855,-0.1288,0.9076,1.6158,2.8420,1.3629,6.4632,0.3044,3.0000,0.0000,2.0000,0,16.3315,400.2660,455.9327,428.0993,27.8334,0.3188,3.3933,397.1914,459.6447
15.956,0,0,learned,-7.1718,21.9301,0.5990,1.1509,2.2813,2.5552,-0.1280,0.9050,1.5844,2.8019,1.3629,6.3374,0.3059,3.0000,0.0000,2.0000,0,16.3315,382.8859,445.2623,414.0741,31.1882,0.2915,3.4143,379.7630,448.9681
16.006,0,0,learned,-7.1108,22.0313,0.5924,1.1751,2.2468,2.5355,-0.1163,0.9026,1.5550,2.7630,1.3629,6.2202,0.3102,3.0000,0.0000,2.0000,0,16.3315,374.1293,438.7909,406.4601,32.3308,0.2450,3.3993,370.9750,442.4352
16.056,0,0,learned,-7.0455,22.1365,0.5875,1.1914,2.2020,2.5037,-0.1125,0.9004,1.5243,2.7208,1.3629,6.0971,0.3129,3.0000,0.0000,2.0000,0,16.3315,354.6701,423.0859,388.8780,34.2079,0.2242,3.4074,351.4869,426.7176
16.106,0,0,learned,-7.0455,22.1365,0.5829,1.1914,2.2020,2.5037,-0.1153,0.9004,1.5243,2.7208,1.3629,6.0971,0.3175,3.0000,0.0000,2.0000,0,16.3315,344.5567,417.4311,380.9939,36.4372,0.2236,3.4346,341.3457,421.0892
16.156,0,0,learned,-6.9835,22.2337,0.5786,1.2112,2.1664,2.4820,-0.0985,0.8984,1.4956,2.6802,1.3629,5.9825,0.3198,3.0000,0.0000,2.0000,0,16.3315,342.9277,416.6443,379.7860,36.8583,0.1840,3.3890,339.7227,420.2173
16.206,0,0,learned,-6.9174,22.3345,0.5756,1.2231,2.1211,2.4485,-0.0887,0.8965,1.4656,2.6364,1.3629,5.8625,0.3209,3.0000,0.0000,2.0000,0,16.3315,331.6728,414.3827,373.0277,41.3550,0.1682,3.3649,328.4761,417.9158
16.256,0,0,learned,-6.8550,22.4276,0.5709,1.2387,2.0845,2.4248,-0.0760,0.8949,1.4377,2.5945,1.3629,5.7508,0.3240,3.0000,0.0000,2.0000,0,16.3315,324.8955,407.9563,366.4259,41.5304,0.1358,3.3336,321.6977,411.4257
16.307,0,0,learned,-6.8550,22.4276,0.5683,1.2387,2.0845,2.4248,-0.0825,0.8949,1.4377,2.5945,1.3629,5.7508,0.3266,3.0000,0.0000,2.0000,0,16.3315,305.2497,411.6952,358.4725,53.2227,0.1336,3.3738,302.0095,415.2026
16.357,0,0,learned,-6.7886,22.5240,0.5651,1.2464,2.0384,2.3893,-0.0727,0.8934,1.4085,2.5494,1.3629,5.6340,0.3283,3.0000,0.0000,2.0000,0,16.3315,305.4362,415.3044,360.3703,54.9341,0.1231,3.3473,302.2119,418.7748
16.407,0,0,learned,-6.7258,22.6128,0.5614,1.2585,2.0009,2.3638,-0.0622,0.8921,1.3814,2.5064,1.3629,5.5255,0.3307,3.0000,0.0000,2.0000,0,16.3315,285.0072,421.2216,353.1144,68.1072,0.0950,3.3236,281.7787,424.6402
16.457,0,0,learned,-6.6592,22.7049,0.5594,1.2631,1.9548,2.3274,-0.0503,0.8910,1.3530,2.4602,1.3629,5.4120,0.3316,3.0000,0.0000,2.0000,0,16.3315,282.8459,406.6125,344.7292,61.8833,0.0940,3.2758,279.6640,409.9822
16.506,0,0,learned,-6.5963,22.7897,0.5570,1.2724,1.9173,2.3011,-0.0452,0.8902,1.3266,2.4162,1.3629,5.3065,0.3332,3.0000,0.0000,2.0000,0,16.3315,276.0922,397.2528,336.6725,60.5803,0.0718,3.2635,272.9005,400.5881
16.556,0,0,learned,-6.5963,22.7897,0.5559,1.2724,1.9173,2.3011,-0.0490,0.8902,1.3266,2.4162,1.3629,5.3065,0.3343,3.0000,0.0000,2.0000,0,16.3315,263.8312,380.8614,322.3463,58.5151,0.0744,3.2822,260.6234,384.2180
16.606,0,0,learned,-6.5296,22.8776,0.5535,1.2746,1.8719,2.2646,-0.0318,0.8895,1.2991,2.3690,1.3629,5.1962,0.3360,3.0000,0.0000,2.0000,0,16.3315,254.3430,365.7182,310.0306,55.6876,0.0774,3.2114,251.2090,369.0070
16.656,0,0,learned,-6.4668,22.9586,0.5523,1.2815,1.8348,2.2380,-0.0275,0.8891,1.2734,2.3242,1.3629,5.0938,0.3368,3.0000,0.0000,2.0000,0,16.3315,237.2142,361.6868,299.4505,62.2363,0.0578,3.1984,234.0736,364.9429
16.707,0,0,learned,-6.4668,22.9586,0.5513,1.2815,1.8348,2.2380,-0.0175,0.8891,1.2734,2.3242,1.3629,5.0938,0.3378,3.0000,0.0000,2.0000,0,16.3315,240.2700,358.9192,299.5946,59.3246,0.0601,3.1573,237.1728,362.1365
16.756,0,0,learned,-6.4003,23.0424,0.5499,1.2808,1.7901,2.2012,-0.0215,0.8889,1.2467,2.2765,1.3629,4.9868,0.3389,3.0000,0.0000,2.0000,0,16.3315,220.7100,350.0562,285.3831,64.6731,0.0616,3.1764,217.5952,353.2943
16.806,0,0,learned,-6.3380,23.1195,0.5495,1.2844,1.7533,2.1734,0.0003,0.8888,1.2219,2.2314,1.3629,4.8877,0.3393,3.0000,0.0000,2.0000,0,16.3315,209.2744,339.6964,274.4854,65.2110,0.0524,3.0781,206.2487,342.8269
16.856,0,0,learned,-6.3380,23.1195,0.5488,1.2844,1.7533,2.1734,-0.0085,0.8888,1.2219,2.2314,1.3629,4.8877,0.3400,3.0000,0.0000,2.0000,0,16.3315,209.0994,341.2263,275.1628,66.0634,0.0502,3.1199,206.0297,344.3964
16.907,0,0,learned,-6.2722,23.1992,0.5484,1.2803,1.7093,2.1357,0.0240,0.8890,1.1961,2.1835,1.3629,4.7843,0.3406,3.0000,0.0000,2.0000,0,16.3315,203.1196,321.1336,262.1266,59.0070,0.0666,2.9658,200.2204,324.1660
16.956,0,0,learned,-6.2107,23.2724,0.5484,1.2807,1.6727,2.1067,0.0218,0.8893,1.1722,2.1384,1.3629,4.6887,0.3410,3.0000,0.0000,2.0000,0,16.3315,194.5341,330.3227,262.4284,67.8943,0.0548,2.9738,191.6152,333.3514
17.006,0,0,learned,-6.1459,23.3481,0.5485,1.2739,1.6292,2.0681,0.0213,0.8899,1.1473,2.0906,1.3629,4.5891,0.3414,3.0000,0.0000,2.0000,0,16.3315,180.4513,323.2958,251.8736,71.4223,0.0681,2.9669,177.5524,326.3308
17.056,0,0,learned,-6.0852,23.4176,0.5489,1.2717,1.5928,2.0382,0.0365,0.8907,1.1250,2.0456,1.3629,4.4969,0.3417,3.0000,0.0000,2.0000,0,16.3315,166.8708,316.3330,241.6019,74.7311,0.0712,2.8889,164.0531,319.2931
17.106,0,0,learned,-6.0852,23.4176,0.5494,1.2717,1.5928,2.0382,0.0218,0.8907,1.1250,2.0456,1.3629,4.4969,0.3413,3.0000,0.0000,2.0000,0,16.3315,173.4453,305.5616,239.5035,66.0581,0.0705,2.9506,170.5652,308.5828
17.156,0,0,learned,-6.0215,23.4893,0.5505,1.2627,1.5500,1.9992,0.0192,0.8917,1.1250,1.9980,1.3629,4.4011,0.3412,3.0000,0.0000,2.0000,0,16.3315,167.1737,302.7473,234.9605,67.7868,0.1748,2.9165,164.4320,305.8386
17.206,0,0,learned,-5.9618,23.5550,0.5510,1.2586,1.5140,1.9688,0.0520,0.8929,1.1250,1.9533,1.3629,4.3125,0.3418,3.0000,0.0000,2.0000,0,16.3315,163.2642,300.8743,232.0692,68.8050,0.2622,2.7301,160.7963,303.8666
17.256,0,0,learned,-5.9618,23.5550,0.5523,1.2586,1.5140,1.9688,0.0462,0.8929,1.1250,1.9533,1.3629,4.3125,0.3405,3.0000,0.0000,2.0000,0,16.3315,156.2364,304.7381,230.4872,74.2508,0.2608,2.7528,153.7444,307.7517
17.306,0,0,learned,-5.8992,23.6228,0.5543,1.2479,1.4719,1.9297,0.0380,0.8944,1.1250,1.9059,1.3629,4.2204,0.3401,3.0000,0.0000,2.0000,0,16.3315,140.1343,290.5894,215.3619,75.2275,0.3661,2.7427,137.7577,293.6981
17.356,0,0,learned,-5.8407,23.6850,0.5556,1.2421,1.4366,1.8991,0.0665,0.8960,1.1250,1.8615,1.3629,4.1353,0.3404,3.0000,0.0000,2.0000,0,16.3315,135.3552,291.6781,213.5167,78.1614,0.4512,2.5751,133.2313,294.7045
17.407,0,0,learned,-5.7791,23.7492,0.5576,1.2303,1.3961,1.8609,0.0475,0.8980,1.1250,1.8146,1.3629,4.0467,0.3404,3.0000,0.0000,2.0000,0,16.3315,141.8074,280.3767,211.0920,69.2846,0.5510,2.6126,139.7457,283.5403
17.456,0,0,learned,-5.7217,23.8081,0.5598,1.2237,1.3624,1.8313,0.0668,0.9000,1.1250,1.7705,1.3629,3.9648,0.3402,3.0000,0.0000,2.0000,0,16.3315,130.3153,272.2360,201.2757,70.9604,0.6333,2.4854,128.4632,275.3548
17.506,0,0,learned,-5.7217,23.8081,0.5616,1.2237,1.3624,1.8313,0.0843,0.9000,1.1250,1.7705,1.3629,3.9648,0.3384,3.0000,0.0000,2.0000,0,16.3315,120.7308,280.8793,200.8051,80.0743,0.6345,2.4021,118.9632,283.9160
17.557,0,0,learned,-5.6613,23.8689,0.5649,1.2110,1.3238,1.7941,0.0745,0.9025,1.1250,1.7240,1.3629,3.8797,0.3376,3.0000,0.0000,2.0000,0,16.3315,112.4085,278.5166,195.4625,83.0540,0.7310,2.3994,110.7401,281.6470
17.606,0,0,learned,-5.6050,23.9247,0.5663,1.2035,1.2915,1.7653,0.0698,0.9050,1.1250,1.6804,1.3629,3.8010,0.3387,3.0000,0.0000,2.0000,0,16.3315,111.6116,269.1749,190.3932,78.7816,0.8071,2.3841,110.0346,272.3660
17.656,0,0,learned,-5.5459,23.9823,0.5700,1.1903,1.2548,1.7295,0.0750,0.9079,1.1250,1.6344,1.3629,3.7192,0.3379,3.0000,0.0000,2.0000,0,16.3315,113.7888,257.1608,185.4748,71.6860,0.9028,2.3120,112.3795,260.3756
17.706,0,0,learned,-5.4906,24.0352,0.5740,1.1824,1.2242,1.7020,0.0998,0.9110,1.1250,1.5913,1.3629,3.6436,0.3369,3.0000,0.0000,2.0000,0,16.3315,110.1397,256.8192,183.4794,73.3397,0.9770,2.1585,108.9582,259.9547
17.756,0,0,learned,-5.4906,24.0352,0.5757,1.1824,1.2242,1.7020,0.0915,0.9110,1.1250,1.5913,1.3629,3.6436,0.3352,3.0000,0.0000,2.0000,0,16.3315,102.1132,248.7371,175.4251,73.3119,0.9777,2.1886,100.9024,251.9034
17.806,0,0,learned,-5.4326,24.0898,0.5802,1.1691,1.1895,1.6678,0.0858,0.9144,1.1250,1.5458,1.3629,3.5648,0.3342,3.0000,0.0000,2.0000,0,16.3315,95.9872,250.8818,173.4345,77.4473,1.0651,2.1693,94.8830,254.1162
17.856,0,0,learned,-5.3784,24.1401,0.5830,1.1609,1.1609,1.6417,0.1013,0.9179,1.1250,1.5032,1.3629,3.4920,0.3350,3.0000,0.0000,2.0000,0,16.3315,90.1565,243.3093,166.7329,76.5764,1.1347,2.0649,89.2263,246.5089
17.906,0,0,learned,-5.3784,24.1401,0.5868,1.1609,1.1609,1.6417,0.1025,0.9179,1.1250,1.5032,1.3629,3.4920,0.3311,3.0000,0.0000,2.0000,0,16.3315,86.5633,253.7007,170.1320,83.5687,1.1335,2.0450,85.6518,256.8792
17.956,0,0,learned,-5.3216,24.1920,0.5909,1.1474,1.1284,1.6093,0.0978,0.9219,1.1250,1.4582,1.3629,3.4163,0.3311,3.0000,0.0000,2.0000,0,16.3315,76.2482,250.8300,163.5391,87.2909,1.2168,2.0264,75.4386,254.0733
18.006,0,0,learned,-5.2685,24.2397,0.5940,1.1390,1.1017,1.5846,0.1135,0.9259,1.1250,1.4162,1.3629,3.3462,0.3319,3.0000,0.0000,2.0000,0,16.3315,71.9263,257.6753,164.8008,92.8745,1.2799,1.9240,71.2821,260.8793
18.056,0,0,learned,-5.2128,24.2891,0.5994,1.1254,1.0714,1.5538,0.0960,0.9305,1.1250,1.3719,1.3629,3.2733,0.3311,3.0000,0.0000,2.0000,0,16.3315,70.2887,251.8494,161.0690,90.7804,1.3580,1.9581,69.6886,255.1655
18.106,0,0,learned,-5.1608,24.3346,0.6038,1.1170,1.0464,1.5305,0.1165,0.9350,1.1250,1.3304,1.3629,3.2058,0.3312,3.0000,0.0000,2.0000,0,16.3315,65.7375,255.3608,160.5492,94.8117,1.4177,1.8318,65.3234,258.6104
18.156,0,0,learned,-5.1608,24.3346,0.6073,1.1170,1.0464,1.5305,0.1120,0.9350,1.1250,1.3304,1.3629,3.2058,0.3277,3.0000,0.0000,2.0000,0,16.3315,59.0720,251.3764,155.2242,96.1522,1.4183,1.8378,58.6525,254.6324
18.206,0,0,learned,-5.1062,24.3815,0.6133,1.1038,1.0177,1.5013,0.1290,0.9401,1.1250,1.2866,1.3629,3.1356,0.3268,3.0000,0.0000,2.0000,0,16.3315,62.2323,255.0138,158.6231,96.3908,1.4922,1.7199,62.0045,258.2259
18.256,0,0,learned,-5.0551,24.4247,0.6158,1.0958,0.9941,1.4796,0.1198,0.9453,1.1250,1.2455,1.3629,3.0706,0.3295,3.0000,0.0000,2.0000,0,16.3315,48.6497,244.4347,146.5422,97.8925,1.5474,1.7373,48.4598,247.7194
18.306,0,0,learned,-5.0014,24.4694,0.6222,1.0834,0.9670,1.4522,0.1340,0.9511,1.1250,1.2022,1.3629,3.0030,0.3288,3.0000,0.0000,2.0000,0,16.3315,45.6255,247.0338,146.3296,100.7042,1.6160,1.6345,45.6069,250.2843
18.356,0,0,learned,-4.9511,24.5104,0.6289,1.0763,0.9446,1.4320,0.1315,0.9569,0.0000,1.1614,1.3629,2.9405,0.3280,3.0000,0.0010,2.0000,0,16.3315,51.5023,235.7712,143.6368,92.1345,-2.4062,2.5232,46.5729,235.8882
18.406,0,0,learned,-4.9511,24.5104,0.6317,1.0763,0.9446,1.4320,0.1520,0.9569,0.0000,1.1614,1.3629,2.9405,0.3252,3.0000,0.0010,2.0000,0,16.3315,42.4060,229.3864,135.8962,93.4902,-2.4029,2.3953,37.6078,229.3787
18.456,0,0,learned,-4.8981,24.5528,0.6402,1.0647,0.9187,1.4063,0.1472,0.9634,0.0000,1.1183,1.3629,2.8754,0.3233,3.0000,0.1002,2.0000,0,16.3315,0.0000,0.0000,0.0000,0.0000,-2.2946,2.2951,-4.5897,0.0005
18.507,0,0,learned,-4.8486,24.5917,0.6431,1.0582,0.8971,1.3873,0.1495,0.9700,0.0000,1.0779,1.3629,2.8152,0.3269,3.0000,0.1002,2.0000,0,16.3315,0.0000,0.0000,0.0000,0.0000,-2.2377,2.2464,-4.4841,0.0088
18.557,0,0,learned,-4.8486,24.5917,0.6491,1.0582,0.8971,1.3873,0.1457,0.9700,0.0000,1.0779,1.3629,2.8152,0.3209,3.0000,0.2002,2.0000,0,16.3315,0.0000,0.0000,0.0000,0.0000,-2.2388,2.2353,-4.4741,-0.0034
18.606,0,0,learned,-4.7965,24.6317,0.6552,1.0468,0.8715,1.3621,0.1467,0.9774,0.0000,1.0352,1.3629,2.7529,0.3222,3.0000,0.2002,2.0000,0,16.3315,0.0000,0.0000,0.0000,0.0000,-2.1646,2.1779,-4.3425,0.0133
18.661,0,0,learned,-4.7489,24.6677,0.6612,1.0357,0.8472,1.3381,0.1368,0.9846,0.0000,0.9961,1.3629,2.6965,0.3234,3.0000,0.2999,2.0000,0,16.3315,0.0000,0.0000,0.0000,0.0000,-2.0962,2.1857,-4.2819,0.0895
18.707,0,0,learned,-4.7006,24.7042,0.6670,1.0145,0.8181,1.3033,0.1300,0.9922,0.0000,0.9563,1.3629,2.6394,0.3252,3.0000,0.2999,2.0000,0,16.3315,0.0000,0.0000,0.0000,0.0000,-1.9965,2.1778,-4.1743,0.1813
18.756,0,0,learned,-4.6570,24.7371,0.6726,0.9933,0.7916,1.2702,0.1280,0.9993,0.0000,0.9204,1.3629,2.5881,0.3267,3.0000,0.3997,2.0000,0,16.3315,0.0000,0.0000,0.0000,0.0000,-1.9010,2.1476,-4.0486,0.2466
18.806,0,0,learned,-4.6570,24.7371,0.6781,0.9933,0.7916,1.2702,0.1333,0.9993,0.0000,0.9204,1.3629,2.5881,0.3212,3.0000,0.3997,2.0000,0,16.3315,0.0000,0.0000,0.0000,0.0000,-1.9009,2.0890,-3.9899,0.1881
18.856,0,0,learned,-4.6129,24.7704,0.6846,0.9642,0.7615,1.2287,0.1298,1.0068,0.0000,0.8842,1.3629,2.5363,0.3223,3.0000,0.5001,2.0000,0,16.3315,0.0000,0.0000,0.0000,0.0000,-1.7817,2.0646,-3.8464,0.2829
18.907,0,0,learned,-4.5732,24.8003,0.6883,0.9366,0.7338,1.1898,0.1210,1.0139,0.0000,0.8515,1.3629,2.4898,0.3256,3.0000,0.5001,2.0000,0,16.3315,0.0000,0.0000,0.0000,0.0000,-1.6709,2.0873,-3.7582,0.4165
18.956,0,0,learned,-4.5332,24.8303,0.6930,0.9034,0.7025,1.1444,0.0958,1.0213,0.0000,0.8185,1.3629,2.4433,0.3283,3.0000,0.5998,2.0000,0,16.3315,0.0000,0.0000,0.0000,0.0000,-1.5432,2.1979,-3.7412,0.6547
19.006,0,0,learned,-4.4971,24.8570,0.6976,0.8728,0.6732,1.1023,0.1098,1.0283,0.0000,0.7888,1.3629,2.4017,0.3307,3.0000,0.5998,2.0000,0,16.3315,0.0000,0.0000,0.0000,0.0000,-1.4215,2.0949,-3.5164,0.6733
19.056,0,0,learned,-4.4971,24.8570,0.7019,0.8728,0.6732,1.1023,0.0780,1.0283,0.0000,0.7888,1.3629,2.4017,0.3263,3.0000,0.6998,2.0000,0,16.3315,0.0000,0.0000,0.0000,0.0000,-1.4255,2.2464,-3.6719,0.8210
19.106,0,0,learned,-4.4607,24.8836,0.7061,0.8385,0.6409,1.0554,0.0860,1.0357,0.0000,0.7586,1.3629,2.3602,0.3296,3.0000,0.6998,2.0000,0,16.3315,0.0000,0.0000,0.0000,0.0000,-1.2910,2.1813,-3.4722,0.8903
19.156,0,0,learned,-4.4278,24.9072,0.7091,0.8079,0.6111,1.0130,0.0860,1.0427,0.0000,0.7313,1.3629,2.3232,0.3336,3.0000,0.7999,2.0000,0,16.3315,0.0000,0.0000,0.0000,0.0000,-1.1703,2.1685,-3.3388,0.9981
19.206,0,0,learned,-4.3944,24.9308,0.7139,0.7748,0.5794,0.9675,0.0740,1.0501,0.0000,0.7034,1.3629,2.2861,0.3362,3.0000,0.7999,2.0000,0,16.3315,0.0000,0.0000,0.0000,0.0000,-1.0429,2.2145,-3.2574,1.1716
19.256,0,0,learned,-4.3641,24.9518,0.7176,0.7459,0.5512,0.9275,0.0890,1.0571,0.0000,0.6782,1.3629,2.2528,0.3395,3.0000,0.8999,2.0000,0,16.3315,0.0000,0.0000,0.0000,0.0000,-0.9284,2.1197,-3.0482,1.1913
19.306,0,0,learned,-4.3641,24.9518,0.7203,0.7459,0.5512,0.9275,0.0643,1.0571,0.0000,0.6782,1.3629,2.2528,0.3369,3.0000,0.8999,2.0000,0,16.3315,0.0000,0.0000,0.0000,0.0000,-0.9310,2.2407,-3.1718,1.3097
19.356,0,0,learned,-4.3332,24.9731,0.7237,0.7154,0.5228,0.8861,0.0698,1.0645,0.0000,0.6524,1.3629,2.2192,0.3409,3.0000,0.9999,2.0000,0,16.3315,0.0000,0.0000,0.0000,0.0000,-0.8134,2.2017,-3.0151,1.3882
19.407,0,0,learned,-4.3052,24.9924,0.7261,0.6893,0.4987,0.8508,0.0542,1.0715,0.0000,0.6289,1.3629,2.1887,0.3454,3.0000,0.9999,2.0000,0,16.3315,0.0000,0.0000,0.0000,0.0000,-0.7147,2.2828,-2.9975,1.5681
19.456,0,0,learned,-4.2764,25.0122,0.7301,0.6622,0.4751,0.8150,0.0685,1.0788,0.0000,0.6048,1.3629,2.1576,0.3487,3.0000,1.0998,2.0000,0,16.3315,0.0000,0.0000,0.0000,0.0000,-0.6122,2.1955,-2.8077,1.5833
19.507,0,0,learned,-4.2500,25.0304,0.7338,0.6395,0.4557,0.7853,0.0628,1.0857,0.0000,0.5828,1.3629,2.1292,0.3519,3.0000,1.0998,2.0000,0,16.3315,0.0000,0.0000,0.0000,0.0000,-0.5285,2.2181,-2.7466,1.6897
19.557,0,0,learned,-4.2500,25.0304,0.7360,0.6395,0.4557,0.7853,0.0610,1.0857,0.0000,0.5828,1.3629,2.1292,0.3497,3.0000,1.2000,2.0000,0,16.3315,0.0000,0.0000,0.0000,0.0000,-0.5289,2.2158,-2.7447,1.6869
19.606,0,0,learned,-4.2228,25.0491,0.7387,0.6162,0.4366,0.7552,0.0518,1.0930,0.0000,0.5600,1.3629,2.1000,0.3542,3.0000,1.2000,2.0000,0,16.3315,0.0000,0.0000,0.0000,0.0000,-0.4442,2.2642,-2.7084,1.8201
19.656,0,0,learned,-4.1978,25.0663,0.7414,0.5972,0.4210,0.7307,0.0573,1.0999,0.0000,0.5391,1.3629,2.0733,0.3585,3.0000,1.3002,2.0000,0,16.3315,0.0000,0.0000,0.0000,0.0000,-0.3741,2.2330,-2.6071,1.8589
19.706,0,0,learned,-4.1719,25.0840,0.7440,0.5775,0.4049,0.7053,0.0590,1.1072,0.0000,0.5174,1.3629,2.0458,0.3633,3.0000,1.3002,2.0000,0,16.3315,0.0000,0.0000,0.0000,0.0000,-0.3021,2.2245,-2.5266,1.9224
19.756,0,0,learned,-4.1480,25.1003,0.7470,0.5614,0.3916,0.6845,0.0395,1.1142,0.0000,0.4974,1.3629,2.0207,0.3672,3.0000,1.3998,2.0000,0,16.3315,0.0000,0.0000,0.0000,0.0000,-0.2446,2.3273,-2.5719,2.0827
19.806,0,0,learned,-4.1480,25.1003,0.7493,0.5614,0.3916,0.6845,0.0550,1.1142,0.0000,0.4974,1.3629,2.0207,0.3649,3.0000,1.3998,2.0000,0,16.3315,0.0000,0.0000,0.0000,0.0000,-0.2440,2.2311,-2.4751,1.9872
19.856,0,0,learned,-4.1234,25.1169,0.7516,0.5440,0.3774,0.6621,0.0442,1.1216,0.0000,0.4767,1.3629,1.9949,0.3701,3.0000,1.4998,2.0000,0,16.3315,0.0000,0.0000,0.0000,0.0000,-0.1815,2.2931,-2.4745,2.1116
19.906,0,0,learned,-4.1008,25.1322,0.7532,0.5294,0.3655,0.6433,0.0272,1.1286,0.0000,0.4577,1.3629,1.9714,0.3754,3.0000,1.4998,2.0000,0,16.3315,0.0000,0.0000,0.0000,0.0000,-0.1293,2.3909,-2.5202,2.2616
19.956,0,0,learned,-4.0776,25.1478,0.7553,0.5127,0.3526,0.6223,0.0415,1.1359,0.0000,0.4383,1.3629,1.9473,0.3807,3.0000,1.6000,2.0000,0,16.3315,0.0000,0.0000,0.0000,0.0000,-0.0692,2.3207,-2.3899,2.2515
20.007,0,0,learned,-4.0564,25.1621,0.7577,0.4982,0.3416,0.6041,0.0408,1.1427,0.0000,0.4206,1.3629,1.9255,0.3850,3.0000,1.6000,2.0000,0,16.3315,0.0000,0.0000,0.0000,0.0000,-0.0181,2.3279,-2.3460,2.3098
20.056,0,0,learned,-4.0564,25.1621,0.7592,0.4982,0.3416,0.6041,0.0500,1.1427,0.0000,0.4206,1.3629,1.9255,0.3836,3.0000,1.7002,2.0000,0,16.3315,0.0000,0.0000,0.0000,0.0000,-0.0178,2.2705,-2.2884,2.2527
20.106,0,0,learned,-4.0349,25.1768,0.7606,0.4815,0.3297,0.5836,0.0380,1.1499,0.0000,0.4025,1.3629,1.9033,0.3893,3.0000,1.7002,2.0000,0,16.3315,0.0000,0.0000,0.0000,0.0000,0.0394,2.3457,-2.3063,2.3851
20.156,0,0,learned,-4.0153,25.1902,0.7632,0.4668,0.3195,0.5657,0.0255,1.1564,0.0000,0.3861,1.3629,1.8831,0.3932,3.0000,1.8003,2.0000,0,16.3315,0.0000,0.0000,0.0000,0.0000,0.0890,2.4153,-2.3263,2.5043
20.206,0,0,learned,-3.9953,25.2039,0.7645,0.4505,0.3083,0.5459,0.0483,1.1633,0.0000,0.3693,1.3629,1.8625,0.3988,3.0000,1.8003,2.0000,0,16.3315,0.0000,0.0000,0.0000,0.0000,0.1458,2.3065,-2.1606,2.4523
20.256,0,0,learned,-3.9953,25.2039,0.7661,0.4505,0.3083,0.5459,0.0140,1.1633,0.0000,0.3693,1.3629,1.8625,0.3972,3.0000,1.8997,2.0000,0,16.3315,0.0000,0.0000,0.0000,0.0000,0.1441,2.4796,-2.3355,2.6237
20.307,0,0,learned,-3.9770,25.2163,0.7677,0.4366,0.2985,0.5288,0.0400,1.1698,0.0000,0.3540,1.3629,1.8439,0.4020,3.0000,1.8997,2.0000,0,16.3315,0.0000,0.0000,0.0000,0.0000,0.1930,2.3509,-2.1580,2.5439
20.357,0,0,learned,-3.9581,25.2290,0.7689,0.4217,0.2876,0.5104,0.0372,1.1765,0.0000,0.3382,1.3629,1.8249,0.4077,3.0000,2.0004,2.0000,0,16.3315,0.0000,0.0000,0.0000,0.0000,0.2443,2.3791,-2.1348,2.6235
20.406,0,0,learned,-3.9408,25.2406,0.7708,0.4095,0.2782,0.4950,0.0213,1.1829,0.0000,0.3236,1.3629,1.8076,0.4122,3.0000,2.0004,2.0000,0,16.3315,0.0000,0.0000,0.0000,0.0000,0.2863,2.4722,-2.1859,2.7586
20.456,1,0,learned,-3.9408,25.2406,0.7718,0.4095,0.2782,0.4950,0.0180,1.3150,3.2663,0.3236,1.3629,18.1128,0.5431,3.0000,0.0000,0.0000,0,16.3315,0.0000,0.0000,0.0000,0.0000,18.6465,-2.0547,20.7011,16.5918
20.506,1,0,learned,-3.9063,25.2632,0.7739,0.3866,0.2595,0.4656,0.0265,1.3190,3.2663,0.2945,1.3629,18.0830,0.5451,3.0000,0.0000,0.0000,0,16.3315,0.0000,0.0000,0.0000,0.0000,18.7887,-2.0759,20.8646,16.7128
20.556,1,0,learned,-3.9063,25.2632,0.7749,0.3866,0.2595,0.4656,0.0203,1.3190,3.2663,0.2945,1.3629,18.0830,0.5441,3.0000,0.0000,0.0000,0,16.3315,7.8739,329.6628,168.7684,160.8944,18.8834,-2.2416,28.9990,346.3046
20.607,1,0,learned,-3.8890,25.2745,0.7759,0.3755,0.2512,0.4518,0.0155,1.3210,3.2663,0.2799,1.3629,18.0681,0.5451,3.0000,0.0000,0.0000,0,16.3315,40.9790,439.5786,240.2788,199.2998,18.9811,-2.2732,62.2333,456.2865
20.656,1,0,learned,-3.8730,25.2852,0.7772,0.3673,0.2454,0.4418,0.0348,1.3230,3.2663,0.2664,1.3629,18.0542,0.5458,3.0000,0.0000,0.0000,0,16.3315,89.3176,536.6405,312.9790,223.6614,19.0566,-2.4190,110.7932,553.2780
20.706,1,0,learned,-3.8730,25.2852,0.7782,0.3673,0.2454,0.4418,0.0345,1.3230,3.2663,0.2664,1.3629,18.0542,0.5448,3.0000,0.0000,0.0000,0,16.3315,32.7249,604.8893,318.8071,286.0822,19.0760,-2.4582,54.2591,621.5071
20.756,1,0,learned,-3.8548,25.2973,0.7798,0.3639,0.2429,0.4375,0.0650,1.3252,3.2663,0.2511,1.3629,18.0383,0.5455,3.0000,0.0000,0.0000,0,16.3315,-35.4702,714.8666,339.6982,375.1684,19.1267,-2.6787,-13.6647,731.3146
20.806,1,0,learned,-3.8351,25.3103,0.7813,0.3731,0.2485,0.4482,0.0698,1.3278,3.2663,0.2345,1.3629,18.0213,0.5465,3.0000,0.0000,0.0000,0,16.3315,59.4417,776.5080,417.9748,358.5332,19.0909,-2.7703,81.3029,792.8285
20.856,1,0,learned,-3.8351,25.3103,0.7832,0.3731,0.2485,0.4482,0.1000,1.3278,3.2663,0.2345,1.3629,18.0213,0.5446,3.0000,0.0000,0.0000,0,16.3315,127.4574,854.0772,490.7673,363.3099,19.1133,-2.9682,149.5389,870.2223
20.906,1,0,learned,-3.8103,25.3263,0.7865,0.3938,0.2603,0.4720,0.1423,1.3311,3.2663,0.2136,1.3629,18.0003,0.5446,3.0000,0.0000,0.0000,0,16.3315,153.0877,910.3915,531.7396,378.6519,19.0130,-3.2765,175.3773,926.1279
20.956,1,0,learned,-3.7828,25.3438,0.7898,0.4295,0.2810,0.5132,0.1777,1.3348,3.2663,0.1903,1.3629,17.9773,0.5451,3.0000,0.0000,0.0000,0,16.3315,191.0278,952.2858,571.6568,380.6290,18.8221,-3.5751,213.4249,967.5328
21.006,1,0,learned,-3.7828,25.3438,0.7937,0.4295,0.2810,0.5132,0.1965,1.3348,3.2663,0.1903,1.3629,17.9773,0.5411,3.0000,0.0000,0.0000,0,16.3315,220.2367,989.1199,604.6783,384.4416,18.8352,-3.6992,242.7710,1000.0000
21.056,1,0,learned,-3.7483,25.3661,0.8018,0.4765,0.3108,0.5689,0.2400,1.3394,3.2663,0.1611,1.3629,17.9480,0.5376,3.0000,0.0000,0.0000,0,16.3315,323.6081,994.4107,659.0094,335.4013,18.5643,-4.0551,346.2275,1000.0000
21.106,1,0,learned,-3.7100,25.3915,0.8056,0.5407,0.3543,0.6465,0.2572,1.3444,3.2663,0.1289,1.3629,17.9150,0.5388,3.0000,0.0000,0.0000,0,16.3315,407.1344,991.8333,699.4838,292.3494,18.1760,-4.2972,429.6076,1000.0000
21.156,1,0,learned,-3.7100,25.3915,0.8141,0.5407,0.3543,0.6465,0.2747,1.3444,3.2663,0.1289,1.3629,17.9150,0.5303,3.0000,0.0000,0.0000,0,16.3315,297.4532,994.6124,646.0328,348.5796,18.1891,-4.4153,320.0576,1000.0000
21.206,1,0,learned,-3.6626,25.4238,0.8265,0.6148,0.4078,0.7378,0.2988,1.3504,3.2663,0.0892,1.3629,17.8734,0.5239,3.0000,0.0000,0.0000,0,16.3315,225.2582,992.0845,608.6714,383.4131,17.7441,-4.7431,247.7455,1000.0000
21.256,1,0,learned,-3.6116,25.4599,0.8319,0.7046,0.4767,0.8507,0.3287,1.3565,3.2663,0.0467,1.3629,17.8273,0.5247,3.0000,0.0000,0.0000,0,16.3315,181.5183,957.2634,569.3908,387.8726,17.1735,-5.0978,203.7896,969.3391
21.307,1,0,learned,-3.5506,25.5046,0.8463,0.7983,0.5531,0.9712,0.3435,1.3634,3.2663,-0.0038,1.3629,17.7710,0.5172,3.0000,0.0000,0.0000,0,16.3315,100.1765,966.4799,533.3282,433.1517,16.5854,-5.4201,122.1821,977.6452
21.356,1,0,learned,-3.4874,25.5520,0.8589,0.9017,0.6399,1.1057,0.3515,1.3702,3.2663,-0.0558,1.3629,17.7117,0.5113,3.0000,0.0000,0.0000,0,16.3315,176.7294,988.5826,582.6560,405.9266,15.9164,-5.7138,198.3596,998.7852
21.406,1,0,learned,-3.4874,25.5520,0.8655,0.9017,0.6399,1.1057,0.3620,1.3702,3.2663,-0.0558,1.3629,17.7117,0.5047,3.0000,0.0000,0.0000,0,16.3315,263.8000,981.4394,622.6197,358.8197,15.9166,-5.7797,285.4963,991.5763
21.456,1,0,learned,-3.4150,25.6072,0.8832,0.9998,0.7242,1.2345,0.4010,1.3776,3.2663,-0.1152,1.3629,17.6430,0.4944,3.0000,0.0000,0.0000,0,16.3315,221.1802,977.7421,599.4612,378.2809,15.2860,-6.2364,242.7027,986.7918
21.506,1,0,learned,-3.3426,25.6632,0.8945,1.1016,0.8128,1.3690,0.4193,1.3846,3.2663,-0.1745,1.3629,17.5738,0.4901,3.0000,0.0000,0.0000,0,16.3315,240.1164,985.2773,612.6969,372.5805,14.6160,-6.5651,261.2975,993.3283
21.556,1,0,learned,-3.3426,25.6632,0.9103,1.1016,0.8128,1.3690,0.4370,1.3846,3.2663,-0.1745,1.3629,17.5738,0.4743,3.0000,0.0000,0.0000,0,16.3315,183.3454,993.2286,588.2870,404.9416,14.6463,-6.7019,204.6936,1000.0000
21.606,1,0,learned,-3.2616,25.7272,0.9312,1.1930,0.8964,1.4922,0.4557,1.3921,3.2663,-0.2406,1.3629,17.4952,0.4609,3.0000,0.0000,0.0000,0,16.3315,206.9897,994.0407,600.5152,393.5255,14.0487,-7.0369,228.0752,1000.0000
21.656,1,0,learned,-3.1820,25.7913,0.9354,1.2858,0.9842,1.6192,0.4555,1.3991,3.2663,-0.3052,1.3629,17.4171,0.4637,3.0000,0.0000,0.0000,0,16.3315,208.2721,982.7185,595.4953,387.2232,13.4107,-7.2150,228.8978,988.9142
21.707,1,0,learned,-3.1820,25.7913,0.9531,1.2858,0.9842,1.6192,0.4845,1.3991,3.2663,-0.3052,1.3629,17.4171,0.4461,3.0000,0.0000,0.0000,0,16.3315,311.7133,977.2589,644.4861,332.7728,13.4246,-7.4156,332.5535,983.2679
21.756,1,0,learned,-3.0949,25.8628,0.9760,1.3637,1.0625,1.7287,0.4843,1.4066,3.2663,-0.3757,1.3629,17.3305,0.4306,3.0000,0.0000,0.0000,0,16.3315,276.9285,959.0766,618.0025,341.0741,12.9097,-7.6150,297.4532,964.3713
21.806,1,0,learned,-3.0109,25.9329,0.9855,1.4409,1.1422,1.8387,0.4910,1.4135,3.2663,-0.4434,1.3629,17.2462,0.4281,3.0000,0.0000,0.0000,0,16.3315,288.7997,982.5487,635.6742,346.8745,12.3814,-7.8368,309.0179,987.0933
21.857,1,0,learned,-2.9202,26.0101,1.0047,1.5016,1.2104,1.9287,0.4828,1.4209,3.2663,-0.5162,1.3629,17.1541,0.4162,3.0000,0.0000,0.0000,0,16.3315,355.7356,992.4285,674.0821,318.3464,11.9562,-7.9742,375.6660,996.4104
21.906,1,0,learned,-2.8337,26.0851,1.0292,1.5618,1.2807,2.0198,0.5132,1.4277,3.2663,-0.5854,1.3629,17.0651,0.3985,3.0000,0.0000,0.0000,0,16.3315,251.4882,984.2153,617.8518,366.3635,11.5753,-8.3302,271.3938,987.4604
21.956,1,0,learned,-2.8337,26.0851,1.0442,1.5618,1.2807,2.0198,0.5088,1.4277,3.2663,-0.5854,1.3629,17.0651,0.3835,3.0000,0.0000,0.0000,0,16.3315,202.2809,988.8948,595.5879,393.3070,11.6089,-8.3349,222.2247,992.1688
22.006,1,0,learned,-2.7410,26.1669,1.0693,1.6059,1.3393,2.0911,0.5290,1.4350,3.2663,-0.6592,1.3629,16.9687,0.3656,3.0000,0.0000,0.0000,0,16.3315,301.9903,984.7213,643.3558,341.3655,11.2925,-8.6349,321.9178,987.3789
22.057,1,0,learned,-2.6529,26.2461,1.0795,1.6517,1.4017,2.1663,0.5118,1.4416,3.2663,-0.7290,1.3629,16.8759,0.3621,3.0000,0.0000,0.0000,0,16.3315,402.5246,996.7377,699.6312,297.1066,10.9301,-8.6828,422.1376,998.9850
22.106,1,0,learned,-2.6529,26.2461,1.1001,1.6517,1.4017,2.1663,0.5210,1.4416,3.2663,-0.7290,1.3629,16.8759,0.3415,3.0000,0.0000,0.0000,0,16.3315,430.5873,991.6454,711.1163,280.5290,10.9602,-8.7784,450.3258,993.8272
22.156,1,0,learned,-2.5589,26.3319,1.1209,1.6831,1.4513,2.2224,0.5355,1.4488,3.2663,-0.8034,1.3629,16.7761,0.3279,3.0000,0.0000,0.0000,0,16.3315,357.9161,992.3511,675.1336,317.2175,10.7520,-9.0251,377.6932,994.0779
22.206,1,0,learned,-2.4697,26.4147,1.1418,1.7180,1.5058,2.2845,0.5302,1.4553,3.2663,-0.8735,1.3629,16.6803,0.3135,3.0000,0.0000,0.0000,0,16.3315,298.5146,987.2240,642.8693,344.3547,10.5127,-9.1450,318.1723,988.5917
22.256,1,0,learned,-2.3745,26.5054,1.1629,1.7405,1.5535,2.3330,0.5272,1.4624,3.2663,-0.9479,1.3629,16.5762,0.2995,3.0000,0.0000,0.0000,0,16.3315,263.5366,989.7098,626.6232,363.0866,10.3381,-9.2831,283.1577,990.7648
22.306,1,0,learned,-2.2844,26.5937,1.1840,1.7679,1.6109,2.3918,0.5340,1.4687,3.2663,-1.0179,1.3629,16.4755,0.2847,3.0000,0.0000,0.0000,0,16.3315,284.9907,986.8462,635.9185,350.9277,10.1093,-9.4753,304.5753,987.4801
22.356,1,0,learned,-2.2844,26.5937,1.1945,1.7679,1.6109,2.3918,0.5142,1.4687,3.2663,-1.0179,1.3629,16.4755,0.2742,3.0000,0.0000,0.0000,0,16.3315,307.1094,985.6173,646.3634,339.2539,10.1178,-9.3802,326.6074,986.3549
22.406,1,0,learned,-2.1885,26.6902,1.2263,1.7831,1.6598,2.4361,0.5477,1.4755,3.2663,-1.0918,1.3629,16.3663,0.2492,3.0000,0.0000,0.0000,0,16.3315,328.5162,997.7599,663.1381,334.6219,9.9874,-9.7644,348.2680,997.9830
22.457,1,0,learned,-2.0981,26.7836,1.2424,1.8033,1.7168,2.4898,0.5403,1.4816,3.2663,-1.1610,1.3629,16.2613,0.2392,3.0000,0.0000,0.0000,0,16.3315,431.9822,992.1068,712.0445,280.0623,9.7558,-9.8623,451.6002,992.0003
22.506,1,0,learned,-2.0023,26.8855,1.2639,1.8110,1.7653,2.5291,0.5500,1.4882,3.2663,-1.2337,1.3629,16.1475,0.2244,3.0000,0.0000,0.0000,0,16.3315,443.6473,993.7927,718.7200,275.0727,9.6307,-10.0730,463.3510,993.3505
22.556,1,0,learned,-1.9124,26.9843,1.2908,1.8234,1.8243,2.5793,0.5423,1.4940,3.2663,-1.3013,1.3629,16.0379,0.2032,3.0000,0.0000,0.0000,0,16.3315,477.0269,994.4428,735.7348,258.7080,9.4607,-10.1841,496.6717,993.7193
22.606,1,0,learned,-1.9124,26.9843,1.3072,1.8234,1.8243,2.5793,0.5487,1.4940,3.2663,-1.3013,1.3629,16.0379,0.1869,3.0000,0.0000,0.0000,0,16.3315,423.2354,997.3426,710.2890,287.0536,9.5075,-10.2536,442.9966,996.5965
22.656,1,0,learned,-1.8177,27.0928,1.3288,1.8230,1.8766,2.6163,0.5353,1.5003,3.2663,-1.3716,1.3629,15.9186,0.1715,3.0000,0.0000,0.0000,0,16.3315,484.6492,982.0450,733.3471,248.6979,9.3786,-10.3143,504.3422,981.1093
22.707,1,0,learned,-1.7293,27.1983,1.3504,1.8267,1.9410,2.6653,0.5168,1.5056,3.2663,-1.4363,1.3629,15.8033,0.1552,3.0000,0.0000,0.0000,0,16.3315,479.9465,992.9675,736.4570,256.5105,9.2219,-10.3431,499.5114,991.8463
22.756,1,0,learned,-1.6367,27.3136,1.3771,1.8174,1.9962,2.6996,0.5182,1.5114,3.2663,-1.5031,1.3629,15.6782,0.1343,3.0000,0.0000,0.0000,0,16.3315,573.7978,994.4828,784.1403,210.3425,9.1188,-10.5099,593.4265,993.0917
22.806,1,0,learned,-1.5508,27.4251,1.3984,1.8120,2.0615,2.7447,0.5100,1.5163,3.2663,-1.5642,1.3629,15.5580,0.1180,3.0000,0.0000,0.0000,0,16.3315,631.4657,991.8265,811.6461,180.1804,8.9691,-10.5917,651.0266,990.2039
22.856,1,0,learned,-1.5508,27.4251,1.4195,1.8120,2.0615,2.7447,0.5078,1.5163,3.2663,-1.5642,1.3629,15.5580,0.0969,3.0000,0.0000,0.0000,0,16.3315,535.9338,998.5661,767.2500,231.3161,9.0366,-10.6140,555.5844,996.9887
22.907,1,0,learned,-1.4612,27.5464,1.4403,1.7940,2.1158,2.7740,0.4908,1.5217,3.2663,-1.6267,1.3629,15.4279,0.0813,3.0000,0.0000,0.0000,0,16.3315,462.0037,990.1797,726.0917,264.0880,8.9906,-10.6171,481.6114,988.5533
22.957,1,0,learned,-1.3786,27.6637,1.4559,1.7797,2.1814,2.8153,0.4983,1.5261,3.2663,-1.6834,1.3629,15.3030,0.0703,3.0000,0.0000,0.0000,0,16.3315,549.5370,989.3152,769.4261,219.8891,8.8491,-10.7752,569.1612,987.3891
23.006,1,0,learned,-1.3786,27.6637,1.4711,1.7797,2.1814,2.8153,0.5042,1.5261,3.2663,-1.6834,1.3629,15.3030,0.0550,3.0000,0.0000,0.0000,0,16.3315,588.2686,971.1752,779.7219,191.4533,8.8652,-10.8396,607.9734,969.2008
23.056,1,0,learned,-1.2139,27.9136,1.5013,1.7316,2.2982,2.8776,0.4903,1.5350,3.2663,-1.7930,1.3629,15.0389,0.0337,3.0000,0.0000,0.0000,0,16.3315,686.1752,992.2316,839.2034,153.0282,8.6908,-10.9706,705.8367,989.9517
23.106,1,0,learned,-1.2139,27.9136,1.5163,1.7316,2.2982,2.8776,0.4698,1.5350,3.2663,-1.7930,1.3629,15.0389,0.0187,3.0000,0.0000,0.0000,0,16.3315,698.8161,995.4294,847.1227,148.3066,8.7105,-10.8859,718.4125,993.2539
23.157,1,0,learned,-1.1324,28.0458,1.5409,1.6989,2.3473,2.8975,0.4810,1.5394,3.2663,-1.8454,1.3629,14.9001,-0.0014,3.0000,0.0000,0.0000,0,16.3315,744.9247,992.1405,868.5326,123.6079,8.6927,-11.0646,764.6819,989.7686
23.206,1,0,learned,-1.0578,28.1730,1.5603,1.6700,2.4075,2.9300,0.4627,1.5430,3.2663,-1.8922,1.3629,14.7673,-0.0173,3.0000,0.0000,0.0000,0,16.3315,689.5535,987.0510,838.3023,148.7487,8.6386,-11.0260,709.2181,984.6636
23.256,1,0,learned,-0.9813,28.3111,1.5793,1.6301,2.4573,2.9488,0.4500,1.5468,3.2663,-1.9385,1.3629,14.6237,-0.0325,3.0000,0.0000,0.0000,0,16.3315,693.0803,991.3317,842.2060,149.1257,8.6279,-11.0313,712.7395,988.9284
23.306,1,0,learned,-0.9119,28.4444,1.5979,1.5935,2.5212,2.9826,0.4445,1.5497,3.2663,-1.9790,1.3629,14.4857,-0.0483,3.0000,0.0000,0.0000,0,16.3315,766.9381,990.7321,878.8351,111.8970,8.5381,-11.0827,786.5589,988.1874
23.357,1,0,learned,-0.8411,28.5891,1.6207,1.5468,2.5734,3.0025,0.4333,1.5528,3.2663,-2.0183,1.3629,14.3366,-0.0679,3.0000,0.0000,0.0000,0,16.3315,805.8145,994.2189,900.0167,94.2022,8.5243,-11.0982,825.4369,991.6450
23.406,1,0,learned,-0.7772,28.7281,1.6427,1.5039,2.6382,3.0368,0.4128,1.5550,3.2663,-2.0522,1.3629,14.1936,-0.0877,3.0000,0.0000,0.0000,0,16.3315,786.8048,994.5676,890.6862,103.8814,8.4677,-11.0335,806.3060,992.0018
23.457,1,0,learned,-0.7772,28.7281,1.6557,1.5039,2.6382,3.0368,0.4103,1.5550,3.2663,-2.0522,1.3629,14.1936,-0.1008,3.0000,0.0000,0.0000,0,16.3315,838.0626,992.6327,915.3477,77.2851,8.4750,-11.0598,857.5973,990.0479
23.506,1,0,learned,-0.7126,28.8789,1.6726,1.4516,2.6904,3.0570,0.3880,1.5573,3.2663,-2.0843,1.3629,14.0392,-0.1153,3.0000,0.0000,0.0000,0,16.3315,869.0812,984.4272,926.7542,57.6730,8.4515,-10.9724,888.5052,981.9063
23.557,1,0,learned,-0.6547,29.0239,1.6931,1.4022,2.7566,3.0927,0.3808,1.5588,3.2663,-2.1109,1.3629,13.8911,-0.1343,3.0000,0.0000,0.0000,0,16.3315,863.8009,991.4392,927.6200,63.8191,8.3908,-10.9767,883.1684,988.8533
23.606,1,0,learned,-0.5969,29.1808,1.7091,1.3443,2.8087,3.1138,0.3593,1.5604,3.2663,-2.1352,1.3629,13.7314,-0.1487,3.0000,0.0000,0.0000,0,16.3315,879.0513,990.8245,934.9379,55.8866,8.3729,-10.8778,898.3020,988.3197
23.657,1,0,learned,-0.5456,29.3313,1.7246,1.2890,2.8740,3.1499,0.3585,1.5612,3.2663,-2.1543,1.3629,13.5785,-0.1634,3.0000,0.0000,0.0000,0,16.3315,900.5885,994.6146,947.6016,47.0131,8.2985,-10.8997,919.7867,992.0134
23.707,1,0,learned,-0.5456,29.3313,1.7396,1.2890,2.8740,3.1499,0.3508,1.5612,3.2663,-2.1543,1.3629,13.5785,-0.1784,3.0000,0.0000,0.0000,0,16.3315,927.2303,985.6234,956.4269,29.1965,8.3137,-10.8893,946.4332,983.0478
23.757,1,0,learned,-0.4949,29.4936,1.7577,1.2263,2.9235,3.1703,0.3327,1.5621,3.2663,-2.1704,1.3629,13.4140,-0.1957,3.0000,0.0000,0.0000,0,16.3315,953.0766,986.0895,969.5830,16.5064,8.3036,-10.8056,972.1857,983.5875
23.806,1,0,learned,-0.4505,29.6487,1.7682,1.1662,2.9852,3.2049,0.3138,1.5621,3.2663,-2.1819,1.3629,13.2571,-0.2060,3.0000,0.0000,0.0000,0,16.3315,912.0198,991.1949,951.6073,39.5876,8.2435,-10.6787,930.9419,988.7597
23.856,1,0,learned,-0.4070,29.8155,1.7818,1.1001,3.0293,3.2229,0.3130,1.5624,3.2663,-2.1900,1.3629,13.0887,-0.2194,3.0000,0.0000,0.0000,0,16.3315,928.2454,993.4677,960.8565,32.6112,8.2444,-10.6702,947.1600,991.0420
23.906,1,0,learned,-0.3695,29.9743,1.7949,1.0365,3.0855,3.2549,0.2910,1.5619,3.2663,-2.1939,1.3629,12.9285,-0.2330,3.0000,0.0000,0.0000,0,16.3315,943.2702,975.2773,959.2738,16.0036,8.1796,-10.5174,961.9671,972.9396
23.956,1,0,learned,-0.3695,29.9743,1.8044,1.0365,3.0855,3.2549,0.2838,1.5619,3.2663,-2.1939,1.3629,12.9285,-0.2426,3.0000,0.0000,0.0000,0,16.3315,955.6401,977.0981,966.3691,10.7290,8.1911,-10.5031,974.3343,974.7862
24.007,1,0,learned,-0.3333,30.1445,1.8227,0.9683,3.1229,3.2696,0.2620,1.5615,3.2663,-2.1942,1.3629,12.7571,-0.2612,3.0000,0.0000,0.0000,0,16.3315,956.0033,984.5091,970.2562,14.2529,8.2162,-10.3693,974.5889,982.3560
24.056,1,0,learned,-0.3024,30.3061,1.8315,0.9033,3.1717,3.2979,0.2570,1.5605,3.2663,-2.1911,1.3629,12.5945,-0.2710,3.0000,0.0000,0.0000,0,16.3315,979.4533,991.2117,985.3325,5.8792,8.1656,-10.3199,997.9388,989.0574
24.108,1,0,learned,-0.2732,30.4787,1.8428,0.8352,3.2012,3.3084,0.2472,1.5596,3.2663,-2.1841,1.3629,12.4211,-0.2832,3.0000,0.0000,0.0000,0,16.3315,960.5574,977.2765,968.9170,8.3595,8.2005,-10.2030,978.9609,975.2740
24.158,1,0,learned,-0.2488,30.6423,1.8537,0.7699,3.2426,3.3327,0.2427,1.5581,3.2663,-2.1742,1.3629,12.2568,-0.2956,3.0000,0.0000,0.0000,0,16.3315,976.3644,988.7961,982.5803,6.2159,8.1726,-10.1540,994.6910,986.8148
24.206,1,0,learned,-0.2488,30.6423,1.8616,0.7699,3.2426,3.3327,0.2355,1.5581,3.2663,-2.1742,1.3629,12.2568,-0.3035,3.0000,0.0000,0.0000,0,16.3315,988.8566,988.2088,988.5327,-0.3239,8.1807,-10.1339,1000.0000,986.2555
24.257,1,0,learned,-0.2263,30.8168,1.8742,0.7024,3.2653,3.3400,0.2320,1.5567,3.2663,-2.1602,1.3629,12.0818,-0.3175,3.0000,0.0000,0.0000,0,16.3315,983.5775,988.2125,985.8950,2.3175,8.2321,-10.0630,1000.0000,986.3815
24.306,1,0,learned,-0.2081,30.9820,1.8839,0.6376,3.3006,3.3616,0.2235,1.5547,3.2663,-2.1439,1.3629,11.9161,-0.3292,3.0000,0.0000,0.0000,0,16.3315,967.5542,989.6722,978.6132,11.0590,8.2192,-9.9587,985.7320,987.9326
24.357,1,0,learned,-0.1921,31.1581,1.8932,0.5715,3.3175,3.3663,0.2160,1.5528,3.2663,-2.1232,1.3629,11.7397,-0.3404,3.0000,0.0000,0.0000,0,16.3315,953.3226,962.8893,958.1059,4.7833,8.2719,-9.8191,971.4136,961.3421
24.406,1,0,learned,-0.1800,31.3246,1.9021,0.5076,3.3478,3.3861,0.1915,1.5503,3.2663,-2.1006,1.3629,11.5729,-0.3518,3.0000,0.0000,0.0000,0,16.3315,971.2830,860.5289,915.9059,-55.3771,8.2316,-9.5296,989.0442,859.2308
24.456,1,0,learned,-0.1800,31.3246,1.9107,0.5076,3.3478,3.3861,0.1908,1.5503,3.2663,-2.1006,1.3629,11.5729,-0.3604,3.0000,0.0000,0.0000,0,16.3315,985.0410,957.0223,971.0316,-14.0094,8.2620,-9.6358,1000.0000,955.6485
24.506,1,0,learned,-0.1703,31.5018,1.9190,0.4435,3.3598,3.3889,0.1740,1.5479,3.2663,-2.0736,1.3629,11.3956,-0.3711,3.0000,0.0000,0.0000,0,16.3315,973.8140,944.4120,959.1130,-14.7010,8.3226,-9.4414,991.5781,943.2932
24.557,1,0,learned,-0.1639,31.6689,1.9288,0.3817,3.3841,3.4056,0.1603,1.5450,3.2663,-2.0454,1.3629,11.2283,-0.3838,3.0000,0.0000,0.0000,0,16.3315,952.8959,936.8668,944.8813,-8.0146,8.3275,-9.2793,970.5027,935.9150
24.606,1,0,learned,-0.1599,31.8459,1.9344,0.3204,3.3880,3.4031,0.1608,1.5422,3.2663,-2.0127,1.3629,11.0513,-0.3922,3.0000,0.0000,0.0000,0,16.3315,961.5857,848.0923,904.8390,-56.7467,8.3868,-9.1134,979.0859,847.3658
24.656,1,0,learned,-0.1589,32.0127,1.9433,0.2608,3.4054,3.4154,0.1325,1.5390,3.2663,-1.9794,1.3629,10.8845,-0.4042,3.0000,0.0000,0.0000,0,16.3315,982.4183,927.9400,955.1792,-27.2392,8.4156,-8.9399,999.7738,927.4156
24.707,1,0,learned,-0.1589,32.0127,1.9483,0.2608,3.4054,3.4154,0.1447,1.5390,3.2663,-1.9794,1.3629,10.8845,-0.4093,3.0000,0.0000,0.0000,0,16.3315,971.5315,833.4474,902.4895,-69.0420,8.4061,-8.9445,988.8821,832.9090
24.756,1,0,learned,-0.1604,32.1894,1.9563,0.2026,3.4041,3.4101,0.1335,1.5358,3.2663,-1.9413,1.3629,10.7079,-0.4205,3.0000,0.0000,0.0000,0,16.3315,986.3438,801.4984,893.9211,-92.4227,8.4908,-8.7549,1000.0000,801.2343
24.806,1,0,learned,-0.1643,32.3554,1.9623,0.1461,3.4148,3.4179,0.1207,1.5323,3.2663,-1.9033,1.3629,10.5421,-0.4300,3.0000,0.0000,0.0000,0,16.3315,978.1022,773.5590,875.8306,-102.2716,8.5178,-8.5591,995.1791,773.5177
24.856,1,0,learned,-0.1709,32.5309,1.9665,0.0915,3.4070,3.4082,0.1067,1.5288,3.2663,-1.8607,1.3629,10.3668,-0.4377,3.0000,0.0000,0.0000,0,16.3315,966.5827,843.0808,904.8318,-61.7509,8.6463,-8.4045,983.6335,843.3226
24.907,1,0,learned,-0.1793,32.6954,1.9731,0.0382,3.4110,3.4112,0.1047,1.5251,3.2663,-1.8185,1.3629,10.2026,-0.4480,3.0000,0.0000,0.0000,0,16.3315,973.3974,738.8428,856.1201,-117.2773,8.6741,-8.2113,990.2828,739.3056
24.956,1,0,learned,-0.1793,32.6954,1.9766,0.0382,3.4110,3.4112,0.0870,1.5251,3.2663,-1.8185,1.3629,10.2026,-0.4515,3.0000,0.0000,0.0000,0,16.3315,973.6040,677.1887,825.3964,-148.2076,8.6618,-8.0614,990.3271,677.7892
25.006,1,0,learned,-0.1905,32.8686,1.9820,-0.0125,3.3949,3.3949,0.0777,1.5213,3.2663,-1.7718,1.3629,10.0298,-0.4607,3.0000,0.0000,0.0000,0,16.3315,950.8230,578.6293,764.7262,-186.0969,8.7824,-7.7886,967.3940,579.6232
25.057,1,0,learned,-0.2030,33.0307,1.9830,-0.0622,3.3915,3.3921,0.0725,1.5174,3.2663,-1.7261,1.3629,9.8681,-0.4656,3.0000,0.0000,0.0000,0,16.3315,964.0542,610.8418,787.4480,-176.6062,8.8590,-7.6623,980.5755,612.0385
25.106,1,0,learned,-0.2183,33.2010,1.9882,-0.1086,3.3680,3.3698,0.0410,1.5134,3.2663,-1.6760,1.3629,9.6985,-0.4748,3.0000,0.0000,0.0000,0,16.3315,982.6955,638.3911,810.5433,-172.1522,9.0286,-7.3488,999.0729,640.0709
25.156,1,0,learned,-0.2344,33.3592,1.9909,-0.1540,3.3537,3.3572,0.0222,1.5094,3.2663,-1.6276,1.3629,9.5409,-0.4816,3.0000,0.0000,0.0000,0,16.3315,986.5458,634.7708,810.6583,-175.8875,9.1432,-7.0921,1000.0000,636.8219
25.206,1,0,learned,-0.2344,33.3592,1.9920,-0.1540,3.3537,3.3572,0.0270,1.5094,3.2663,-1.6276,1.3629,9.5409,-0.4826,3.0000,0.0000,0.0000,0,16.3315,988.8807,609.5993,799.2400,-189.6407,9.1382,-7.1076,1000.0000,611.6299
25.256,1,0,learned,-0.2533,33.5247,1.9942,-0.1959,3.3194,3.3252,-0.0112,1.5053,3.2663,-1.5749,1.3629,9.3763,-0.4889,3.0000,0.0000,0.0000,0,16.3315,970.5742,546.1338,758.3540,-212.2202,9.3323,-6.6462,986.5527,548.8200
25.306,1,0,learned,-0.2728,33.6789,1.9945,-0.2379,3.2979,3.3065,-0.0280,1.5011,3.2663,-1.5240,1.3629,9.2230,-0.4934,3.0000,0.0000,0.0000,0,16.3315,982.3137,612.5873,797.4505,-184.8632,9.4903,-6.4294,998.2334,615.6482
25.356,1,0,learned,-0.2728,33.6789,1.9947,-0.2379,3.2979,3.3065,-0.0232,1.5011,3.2663,-1.5240,1.3629,9.2230,-0.4936,3.0000,0.0000,0.0000,0,16.3315,987.3517,587.3632,787.3575,-199.9943,9.4834,-6.4449,1000.0000,590.4017
25.406,1,0,learned,-0.2953,33.8405,1.9941,-0.2768,3.2598,3.2715,-0.0698,1.4968,3.2663,-1.4687,1.3629,9.0626,-0.4973,3.0000,0.0000,0.0000,0,16.3315,980.3255,562.1717,771.2486,-209.0769,9.6979,-5.9384,995.9618,565.9313
25.456,1,0,learned,-0.3179,33.9908,1.9935,-0.3159,3.2343,3.2497,-0.0820,1.4924,3.2663,-1.4155,1.3629,8.9134,-0.5012,3.0000,0.0000,0.0000,0,16.3315,989.7079,584.3160,787.0120,-202.6959,9.8610,-5.7001,1000.0000,588.4769
25.507,1,0,learned,-0.3179,33.9908,1.9918,-0.3159,3.2343,3.2497,-0.0920,1.4924,3.2663,-1.4155,1.3629,8.9134,-0.4995,3.0000,0.0000,0.0000,0,16.3315,977.2779,581.9019,779.5899,-197.6880,9.8593,-5.6277,992.7649,586.1334
25.556,1,0,learned,-0.3693,34.2956,1.9879,-0.3881,3.1680,3.1917,-0.1188,1.4831,3.2663,-1.3023,1.3629,8.6118,-0.5048,3.0000,0.0000,0.0000,0,16.3315,984.2094,571.4161,777.8127,-206.3967,10.2444,-5.0509,999.5047,576.6095
25.606,1,0,learned,-0.3693,34.2956,1.9862,-0.3881,3.1680,3.1917,-0.1240,1.4831,3.2663,-1.3023,1.3629,8.6118,-0.5031,3.0000,0.0000,0.0000,0,16.3315,978.3505,472.7125,725.5315,-252.8190,10.2145,-4.9599,993.5250,477.9671
25.656,1,0,learned,-0.3980,34.4501,1.9812,-0.4209,3.1287,3.1569,-0.1370,1.4781,3.2663,-1.2424,1.3629,8.4592,-0.5031,3.0000,0.0000,0.0000,0,16.3315,980.2201,440.0829,710.1515,-270.0686,10.4279,-4.6349,995.2829,445.8759
25.707,1,0,learned,-0.4264,34.5945,1.9778,-0.4549,3.1048,3.1379,-0.1628,1.4731,3.2663,-1.1848,1.3629,8.3168,-0.5047,3.0000,0.0000,0.0000,0,16.3315,983.7663,491.3007,737.5335,-246.2328,10.5865,-4.2984,998.6511,497.5888
25.756,1,0,learned,-0.4264,34.5945,1.9726,-0.4549,3.1048,3.1379,-0.1640,1.4731,3.2663,-1.1848,1.3629,8.3168,-0.4995,3.0000,0.0000,0.0000,0,16.3315,970.6689,480.7837,725.7263,-244.9426,10.5784,-4.2697,985.5170,487.0925
25.806,1,0,learned,-0.4578,34.7462,1.9651,-0.4849,3.0673,3.1053,-0.2120,1.4679,3.2663,-1.1227,1.3629,8.1676,-0.4972,3.0000,0.0000,0.0000,0,16.3315,970.8443,422.7367,696.7905,-274.0538,10.7718,-3.6948,985.3109,429.8137
25.856,1,0,learned,-0.4886,34.8876,1.9601,-0.5162,3.0428,3.0863,-0.2090,1.4626,3.2663,-1.0634,1.3629,8.0288,-0.4975,3.0000,0.0000,0.0000,0,16.3315,967.3591,390.3749,678.8670,-288.4921,10.9084,-3.4923,981.7599,397.7910
25.906,1,0,learned,-0.5225,35.0361,1.9508,-0.5433,3.0054,3.0541,-0.2350,1.4571,3.2663,-0.9996,1.3629,7.8834,-0.4936,3.0000,0.0000,0.0000,0,16.3315,982.8344,387.8443,685.3394,-297.4950,11.1155,-3.0734,997.0233,395.8863
25.957,1,0,learned,-0.5554,35.1747,1.9447,-0.5719,2.9820,3.0363,-0.2422,1.4516,3.2663,-0.9388,1.3629,7.7480,-0.4931,3.0000,0.0000,0.0000,0,16.3315,988.3559,358.6467,673.5013,-314.8546,11.2452,-2.8016,1000.0000,367.0904
26.006,1,0,learned,-0.5554,35.1747,1.9360,-0.5719,2.9820,3.0363,-0.2690,1.4516,3.2663,-0.9388,1.3629,7.7480,-0.4843,3.0000,0.0000,0.0000,0,16.3315,991.6888,364.6312,678.1600,-313.5288,11.2345,-2.6062,1000.0000,373.2594
26.056,1,0,learned,-0.5913,35.3201,1.9265,-0.5956,2.9447,3.0044,-0.2760,1.4459,3.2663,-0.8736,1.3629,7.6064,-0.4806,3.0000,0.0000,0.0000,0,16.3315,978.0812,422.1394,700.1103,-277.9709,11.4661,-2.3182,991.8654,431.2874
26.107,1,0,learned,-0.6260,35.4556,1.9190,-0.6210,2.9203,2.9856,-0.2943,1.4402,3.2663,-0.8117,1.3629,7.4749,-0.4787,3.0000,0.0000,0.0000,0,16.3315,982.3411,497.3258,739.8335,-242.5076,11.6320,-1.9882,995.9613,506.9697
26.156,1,0,learned,-0.6636,35.5977,1.9055,-0.6415,2.8827,2.9533,-0.3272,1.4343,3.2663,-0.7456,1.3629,7.3374,-0.4712,3.0000,0.0000,0.0000,0,16.3315,978.4128,401.1091,689.7609,-288.6519,11.8138,-1.4727,991.6993,411.4501
26.206,1,0,learned,-0.6998,35.7304,1.8940,-0.6637,2.8591,2.9352,-0.3227,1.4285,3.2663,-0.6829,1.3629,7.2094,-0.4655,3.0000,0.0000,0.0000,0,16.3315,977.2360,397.8434,687.5397,-289.6963,11.9500,-1.2605,990.4464,408.5328
26.257,1,0,learned,-0.6998,35.7304,1.8881,-0.6637,2.8591,2.9352,-0.3240,1.4285,3.2663,-0.6829,1.3629,7.2094,-0.4596,3.0000,0.0000,0.0000,0,16.3315,987.2222,419.7453,703.4837,-283.7385,11.9483,-1.2393,1000.0000,430.4542
26.306,1,0,learned,-0.7387,35.8703,1.8725,-0.6808,2.8253,2.9062,-0.3355,1.4223,3.2663,-0.6159,1.3629,7.0750,-0.4502,3.0000,0.0000,0.0000,0,16.3315,987.9100,370.9740,679.4420,-308.4680,12.1270,-0.8754,1000.0000,382.2257
26.359,1,0,learned,-0.7759,36.0012,1.8629,-0.6996,2.8056,2.8915,-0.3565,1.4163,3.2663,-0.5525,1.3629,6.9498,-0.4466,3.0000,0.0000,0.0000,0,16.3315,974.1626,453.9061,714.0343,-260.1282,12.2775,-0.5146,986.9546,465.6690
26.406,1,0,learned,-0.8159,36.1392,1.8428,-0.7134,2.7753,2.8655,-0.3618,1.4100,3.2663,-0.4849,1.3629,6.8183,-0.4328,3.0000,0.0000,0.0000,0,16.3315,970.5756,452.1629,711.3693,-259.2063,12.4528,-0.1886,983.2171,464.4271
26.456,1,0,learned,-0.8540,36.2685,1.8289,-0.7294,2.7590,2.8538,-0.3810,1.4039,3.2663,-0.4209,1.3629,6.6956,-0.4250,3.0000,0.0000,0.0000,0,16.3315,979.9053,457.9121,718.9087,-260.9966,12.5569,0.1812,992.2810,470.6502
26.506,1,0,learned,-0.8540,36.2685,1.8180,-0.7294,2.7590,2.8538,-0.3917,1.4039,3.2663,-0.4209,1.3629,6.6956,-0.4142,3.0000,0.0000,0.0000,0,16.3315,984.2170,487.3064,735.7617,-248.4553,12.5525,0.2827,996.4868,500.1416
26.556,1,0,learned,-0.8947,36.4052,1.7998,-0.7403,2.7330,2.8314,-0.4040,1.3973,3.2663,-0.3528,1.3629,6.5665,-0.4024,3.0000,0.0000,0.0000,0,16.3315,991.7010,486.2636,738.9823,-252.7187,12.7119,0.6472,1000.0000,499.6227
26.606,1,0,learned,-0.9334,36.5338,1.7923,-0.7533,2.7224,2.8247,-0.3862,1.3911,3.2663,-0.2885,1.3629,6.4455,-0.4012,3.0000,0.0000,0.0000,0,16.3315,989.7556,392.7295,691.2425,-298.5131,12.7684,0.7378,1000.0000,406.2356
26.657,1,0,learned,-0.9746,36.6704,1.7733,-0.7613,2.7032,2.8084,-0.3813,1.3845,3.2663,-0.2199,1.3629,6.3178,-0.3889,3.0000,0.0000,0.0000,0,16.3315,987.0329,325.6565,656.3447,-330.6882,12.8755,0.9676,998.9408,339.4996
26.707,1,0,learned,-0.9746,36.6704,1.7580,-0.7613,2.7032,2.8084,-0.3813,1.3845,3.2663,-0.2199,1.3629,6.3178,-0.3736,3.0000,0.0000,0.0000,0,16.3315,974.9731,419.5808,697.2769,-277.6961,12.8881,1.0127,986.8485,433.4816
26.756,1,0,learned,-1.0137,36.7995,1.7464,-0.7718,2.7003,2.8084,-0.4025,1.3781,3.2663,-0.1551,1.3629,6.1977,-0.3683,3.0000,0.0000,0.0000,0,16.3315,986.0424,459.5654,722.8039,-263.2385,12.9460,1.3684,997.6200,473.8799
26.806,1,0,learned,-1.0553,36.9363,1.7267,-0.7776,2.6865,2.7968,-0.4245,1.3714,3.2663,-0.0861,1.3629,6.0711,-0.3553,3.0000,0.0000,0.0000,0,16.3315,991.0323,471.6551,731.3437,-259.6886,13.0538,1.7797,1000.0000,486.4886
26.857,1,0,learned,-1.0948,37.0651,1.7147,-0.7864,2.6860,2.7988,-0.4275,1.3650,3.2663,-0.0209,1.3629,5.9526,-0.3497,3.0000,0.0000,0.0000,0,16.3315,976.3931,424.6106,700.5019,-275.8913,13.0740,1.9924,987.4747,439.6770
26.906,1,0,learned,-1.0948,37.0651,1.6984,-0.7864,2.6860,2.7988,-0.4248,1.3650,3.2663,-0.0209,1.3629,5.9526,-0.3335,3.0000,0.0000,0.0000,0,16.3315,980.0541,454.8708,717.4625,-262.5916,13.0636,2.0253,991.0924,469.9597
26.956,1,0,learned,-1.1366,37.2023,1.6778,-0.7900,2.6763,2.7905,-0.4423,1.3582,3.2663,0.0483,1.3629,5.8272,-0.3196,3.0000,0.0000,0.0000,0,16.3315,985.4720,407.7027,696.5874,-288.8847,13.1337,2.3890,996.2168,423.2254
27.006,1,0,learned,-1.1759,37.3322,1.6654,-0.7959,2.6826,2.7982,-0.4205,1.3518,3.2663,0.1136,1.3629,5.7090,-0.3136,3.0000,0.0000,0.0000,0,16.3315,979.3908,407.2886,693.3397,-286.0511,13.1364,2.4259,990.1013,422.8509
27.056,1,0,learned,-1.2175,37.4707,1.6444,-0.7965,2.6788,2.7947,-0.4340,1.3450,3.2663,0.1829,1.3629,5.5840,-0.2994,3.0000,0.0000,0.0000,0,16.3315,979.3880,464.3835,721.8857,-257.5023,13.2149,2.7658,989.8372,480.3642
27.106,1,0,learned,-1.2564,37.6018,1.6318,-0.7992,2.6892,2.8054,-0.4325,1.3386,3.2663,0.2480,1.3629,5.4664,-0.2931,3.0000,0.0000,0.0000,0,16.3315,990.0691,531.0576,760.5633,-229.5057,13.2218,2.9489,1000.0000,547.2283
27.157,1,0,learned,-1.2972,37.7413,1.6062,-0.7965,2.6877,2.8033,-0.4390,1.3319,3.2663,0.3167,1.3629,5.3421,-0.2743,3.0000,0.0000,0.0000,0,16.3315,983.3630,491.8013,737.5821,-245.7809,13.2572,3.2208,993.3994,508.2792
27.206,1,0,learned,-1.3352,37.8732,1.5890,-0.7956,2.7001,2.8148,-0.4393,1.3257,3.2663,0.3812,1.3629,5.2253,-0.2633,3.0000,0.0000,0.0000,0,16.3315,981.4454,457.1160,719.2807,-262.1647,13.2223,3.3872,991.2806,473.7255
27.257,1,0,learned,-1.3352,37.8732,1.5717,-0.7956,2.7001,2.8148,-0.4230,1.3257,3.2663,0.3812,1.3629,5.2253,-0.2461,3.0000,0.0000,0.0000,0,16.3315,993.1056,459.0083,726.0570,-267.0486,13.2007,3.3312,1000.0000,475.5403
27.306,1,0,learned,-1.3748,38.0142,1.5501,-0.7887,2.7023,2.8150,-0.4580,1.3190,3.2663,0.4490,1.3629,5.1014,-0.2310,3.0000,0.0000,0.0000,0,16.3315,980.6569,423.6170,702.1369,-278.5199,13.2325,3.7675,990.1219,440.6170
27.356,1,0,learned,-1.4114,38.1480,1.5371,-0.7834,2.7190,2.8296,-0.4373,1.3130,3.2563,0.5124,1.3629,4.9847,-0.2242,3.0000,0.0000,0.0000,0,16.3315,977.7543,505.8376,741.7960,-235.9583,13.1540,3.7755,987.1328,522.7672
27.406,1,0,learned,-1.4493,38.2906,1.5154,-0.7727,2.7237,2.8312,-0.4497,1.3065,3.1756,0.5789,1.3629,4.8612,-0.2089,3.0000,0.0000,0.0000,0,16.3315,985.4555,519.3787,752.4171,-233.0384,12.6271,3.9188,994.1638,535.9246
27.456,1,0,learned,-1.4843,38.4255,1.5023,-0.7638,2.7413,2.8457,-0.4575,1.3006,3.0999,0.6410,1.3629,4.7453,-0.2017,3.0000,0.0000,0.0000,0,16.3315,974.6470,524.9918,749.8194,-224.8276,12.0577,3.9699,982.7347,541.0194
27.507,1,0,learned,-1.4843,38.4255,1.4849,-0.7638,2.7413,2.8457,-0.4310,1.3006,3.0999,0.6410,1.3629,4.7453,-0.1843,3.0000,0.0000,0.0000,0,16.3315,990.7387,567.9458,779.3422,-211.3964,12.0462,3.8647,998.9202,583.8567
27.556,1,0,learned,-1.5203,38.5694,1.4674,-0.7494,2.7465,2.8469,-0.4545,1.2943,3.0198,0.7059,1.3629,4.6226,-0.1731,3.0000,0.0000,0.0000,0,16.3315,980.1947,500.7359,740.4653,-239.7294,11.4943,4.0420,987.6470,516.2722
27.606,1,0,learned,-1.5530,38.7060,1.4499,-0.7357,2.7661,2.8623,-0.4303,1.2886,2.9443,0.7661,1.3629,4.5071,-0.1613,3.0000,0.0000,0.0000,0,16.3315,981.1113,443.3123,712.2118,-268.8995,10.8826,3.8501,988.1438,458.0450
27.657,1,0,learned,-1.5861,38.8519,1.4325,-0.7160,2.7742,2.8651,-0.4303,1.2826,2.8643,0.8286,1.3629,4.3846,-0.1499,3.0000,0.0000,0.0000,0,16.3315,985.9219,506.2303,746.0761,-239.8458,10.3410,3.9197,992.3431,520.4910
27.707,1,0,learned,-1.6158,38.9904,1.4152,-0.6964,2.7963,2.8818,-0.4135,1.2773,2.7889,0.8862,1.3629,4.2692,-0.1380,3.0000,0.0000,0.0000,0,16.3315,984.6487,597.6317,791.1402,-193.5085,9.7451,3.8537,990.5401,611.2305
27.756,1,0,learned,-1.6158,38.9904,1.3980,-0.6964,2.7963,2.8818,-0.4463,1.2773,2.7889,0.8862,1.3629,4.2692,-0.1207,3.0000,0.0000,0.0000,0,16.3315,967.6890,637.2913,802.4901,-165.1988,9.7366,4.1916,973.2339,651.2195
27.806,1,0,learned,-1.6456,39.1379,1.3765,-0.6719,2.8045,2.8838,-0.4463,1.2716,2.7093,0.9458,1.3629,4.1473,-0.1049,3.0000,0.0000,0.0000,0,16.3315,948.6638,584.3062,766.4850,-182.1788,9.1540,4.2252,953.5926,597.6854
27.856,1,0,learned,-1.6720,39.2777,1.3637,-0.6477,2.8259,2.8992,-0.4323,1.2665,2.6345,1.0006,1.3629,4.0328,-0.0971,3.0000,0.0000,0.0000,0,16.3315,965.3900,523.0391,744.2145,-221.1754,8.5228,4.0866,969.8261,535.6484
27.906,1,0,learned,-1.6978,39.4271,1.3467,-0.6172,2.8356,2.9020,-0.4218,1.2612,2.5550,1.0566,1.3629,3.9112,-0.0855,3.0000,0.0000,0.0000,0,16.3315,975.9594,510.1303,743.0448,-232.9146,7.9346,4.0494,979.8446,522.1143
27.956,1,0,learned,-1.7199,39.5689,1.3299,-0.5857,2.8593,2.9187,-0.4090,1.2566,2.4802,1.1074,1.3629,3.7967,-0.0733,3.0000,0.0000,0.0000,0,16.3315,979.1535,505.2196,742.1866,-236.9669,7.2889,3.9639,982.4785,516.4724
28.006,1,0,learned,-1.7199,39.5689,1.3133,-0.5857,2.8593,2.9187,-0.4045,1.2566,2.4802,1.1074,1.3629,3.7967,-0.0567,3.0000,0.0000,0.0000,0,16.3315,910.4427,483.0563,696.7495,-213.6932,7.2738,3.9746,913.7419,494.3048
28.056,1,0,learned,-1.7410,39.7200,1.2969,-0.5498,2.8687,2.9209,-0.4235,1.2517,2.4012,1.1593,1.3629,3.6757,-0.0452,3.0000,0.0000,0.0000,0,16.3315,894.8409,393.6571,644.2490,-250.5919,6.6690,4.1199,897.3900,404.4460
28.106,1,0,learned,-1.7589,39.8629,1.2805,-0.5145,2.8902,2.9357,-0.4240,1.2475,2.3272,1.2063,1.3629,3.5625,-0.0330,3.0000,0.0000,0.0000,0,16.3315,944.2894,375.8399,660.0646,-284.2248,6.0195,4.1619,946.1470,386.0213
28.156,1,0,learned,-1.7758,40.0147,1.2600,-0.4765,2.8959,2.9349,-0.4042,1.2429,2.2495,1.2541,1.3629,3.4435,-0.0171,3.0000,0.0000,0.0000,0,16.3315,944.0854,400.5958,672.3406,-271.7448,5.4345,4.1221,945.3978,410.1524
28.206,1,0,learned,-1.7898,40.1574,1.2479,-0.4397,2.9113,2.9443,-0.4110,1.2390,2.1774,1.2973,1.3629,3.3331,-0.0088,3.0000,0.0000,0.0000,0,16.3315,869.2152,408.2211,638.7182,-230.4971,4.8293,4.2120,869.8325,417.2624
28.256,1,0,learned,-1.8028,40.3081,1.2274,-0.4019,2.9086,2.9362,-0.4315,1.2347,2.1024,1.3412,1.3629,3.2183,0.0074,3.0000,0.0000,0.0000,0,16.3315,885.3834,393.7877,639.5856,-245.7979,4.2835,4.5303,885.1366,402.6015
28.307,1,0,learned,-1.8028,40.3081,1.2109,-0.4019,2.9086,2.9362,-0.4405,1.2347,2.1024,1.3412,1.3629,3.2183,0.0239,3.0000,0.0000,0.0000,0,16.3315,861.7067,398.8016,630.2542,-231.4526,4.2699,4.7100,861.2667,407.7815
28.356,1,0,learned,-1.8134,40.4495,1.1985,-0.3654,2.9163,2.9391,-0.4085,1.2311,2.0331,1.3807,1.3629,3.1123,0.0326,3.0000,0.0000,0.0000,0,16.3315,884.3101,321.4878,602.8990,-281.4112,3.6998,4.4510,883.5590,329.6386
28.406,1,0,learned,-1.8225,40.5986,1.1818,-0.3275,2.9066,2.9250,-0.4238,1.2270,1.9614,1.4204,1.3629,3.0025,0.0452,3.0000,0.0000,0.0000,0,16.3315,844.9799,329.5927,587.2863,-257.6936,3.2099,4.7456,843.4442,337.5482
28.456,1,0,learned,-1.8293,40.7383,1.1652,-0.2903,2.9070,2.9214,-0.4188,1.2271,3.0414,1.4672,1.3674,17.7713,0.0619,3.0000,0.0000,0.0000,0,15.2072,861.7817,416.1686,638.9751,-222.8066,6.6093,0.6320,867.7590,423.4098
28.506,1,0,learned,-1.8346,40.8852,1.1400,-0.2525,2.8907,2.9017,-0.4098,1.2234,3.0414,1.5020,1.3674,17.6319,0.0834,3.0000,0.0000,0.0000,0,15.2072,776.8766,377.6025,577.2395,-199.6370,6.7379,0.7607,782.8537,385.1011
28.556,1,0,learned,-1.8346,40.8852,1.1273,-0.2525,2.8907,2.9017,-0.4355,1.2234,3.0414,1.5020,1.3674,17.6319,0.0961,3.0000,0.0000,0.0000,0,15.2072,713.4955,381.1460,547.3208,-166.1747,6.7079,0.9751,719.2283,388.8290
28.606,1,0,learned,-1.8378,41.0225,1.1103,-0.2155,2.8847,2.8927,-0.4333,1.2202,3.0414,1.5329,1.3674,17.5012,0.1099,3.0000,0.0000,0.0000,0,15.2072,712.5345,276.9736,494.7541,-217.7804,6.7731,1.0992,718.2084,284.8458
28.656,1,0,learned,-1.8391,41.1671,1.0977,-0.1773,2.8641,2.8695,-0.4373,1.2169,3.0414,1.5634,1.3674,17.3631,0.1192,3.0000,0.0000,0.0000,0,15.2072,758.9467,376.2909,567.6188,-191.3279,6.9397,1.2136,764.6728,384.4442
28.707,1,0,learned,-1.8384,41.3021,1.0765,-0.1390,2.8536,2.8570,-0.4165,1.2141,3.0414,1.5900,1.3674,17.2337,0.1375,3.0000,0.0000,0.0000,0,15.2072,740.5119,433.1185,586.8152,-153.6967,7.0433,1.2131,746.3421,441.3749
28.756,1,0,learned,-1.8384,41.3021,1.0640,-0.1390,2.8536,2.8570,-0.4153,1.2141,3.0414,1.5900,1.3674,17.2337,0.1501,3.0000,0.0000,0.0000,0,15.2072,659.9597,541.1222,600.5409,-59.4188,7.0412,1.2502,665.7508,549.4136
28.806,1,0,learned,-1.8358,41.4434,1.0431,-0.1012,2.8263,2.8281,-0.4047,1.2110,3.0414,1.6159,1.3674,17.0979,0.1678,3.0000,0.0000,0.0000,0,15.2072,769.0083,650.5737,709.7910,-59.2173,7.2159,1.2917,774.9325,659.0813
28.857,1,0,learned,-1.8315,41.5752,1.0267,-0.0628,2.8103,2.8110,-0.3788,1.2084,3.0414,1.6383,1.3674,16.9706,0.1818,3.0000,0.0000,0.0000,0,15.2072,821.3448,724.8222,773.0835,-48.2613,7.3450,1.2287,827.4612,733.3959
28.906,1,0,learned,-1.8243,41.7140,1.0145,-0.0226,2.7819,2.7820,-0.3952,1.2058,3.0414,1.6593,1.3674,16.8360,0.1912,3.0000,0.0000,0.0000,0,15.2072,916.8516,823.3718,870.1117,-46.7399,7.5242,1.4169,922.9589,832.3129
28.956,1,0,learned,-1.8145,41.8443,0.9987,0.0228,2.7686,2.7687,-0.3835,1.2038,3.0414,1.6760,1.3674,16.7087,0.2052,3.0000,0.0000,0.0000,0,15.2072,945.2491,896.7998,921.0244,-24.2246,7.6301,1.4385,951.4407,905.8684
29.006,1,0,learned,-1.8145,41.8443,0.9833,0.0228,2.7686,2.7687,-0.3680,1.2038,3.0414,1.6760,1.3674,16.7087,0.2205,3.0000,0.0000,0.0000,0,15.2072,884.4618,959.6290,922.0454,37.5836,7.6210,1.3936,890.6891,968.6436
29.056,1,0,learned,-1.7999,41.9830,0.9686,0.0743,2.7485,2.7495,-0.3360,1.2021,3.0414,1.6897,1.3674,16.5719,0.2335,3.0000,0.0000,0.0000,0,15.2072,936.1548,964.9248,950.5398,14.3850,7.7619,1.2792,942.6375,973.9658
29.107,1,0,learned,-1.7816,42.1152,0.9544,0.1356,2.7494,2.7528,-0.3345,1.2013,3.0414,1.6985,1.3674,16.4404,0.2469,3.0000,0.0000,0.0000,0,15.2072,924.9794,978.2087,951.5941,26.6147,7.7806,1.3443,931.4157,987.3336
29.156,1,0,learned,-1.7567,42.2573,0.9442,0.2042,2.7461,2.7537,-0.2923,1.2009,3.0414,1.7029,1.3674,16.2974,0.2567,3.0000,0.0000,0.0000,0,15.2072,939.3649,977.7589,958.5619,19.1970,7.8363,1.1298,946.0714,986.7251
29.206,1,0,learned,-1.7567,42.2573,0.9312,0.2042,2.7461,2.7537,-0.2747,1.2009,3.0414,1.7029,1.3674,16.2974,0.2697,3.0000,0.0000,0.0000,0,15.2072,973.2462,954.9225,964.0844,-9.1618,7.8097,1.0549,980.0010,963.7872
29.256,1,0,learned,-1.7280,42.3929,0.9220,0.2828,2.7619,2.7764,-0.2727,1.2015,3.0414,1.7022,1.3674,16.1595,0.2795,3.0000,0.0000,0.0000,0,15.2072,967.2053,969.4561,968.3307,1.1254,7.7373,1.0793,973.8632,978.2727
29.306,1,0,learned,-1.6919,42.5386,0.9076,0.3654,2.7699,2.7939,-0.2440,1.2025,3.0414,1.6962,1.3674,16.0097,0.2949,3.0000,0.0000,0.0000,0,15.2072,918.5821,970.7230,944.6525,26.0704,7.7048,0.9454,925.3415,979.3732
29.356,1,0,learned,-1.6527,42.6776,0.8995,0.4557,2.7950,2.8319,-0.2405,1.2044,3.0414,1.6858,1.3674,15.8654,0.3049,3.0000,0.0000,0.0000,0,15.2072,866.9671,970.9078,918.9375,51.9704,7.5669,0.9429,873.5911,979.4177
29.406,1,0,learned,-1.6527,42.6776,0.8917,0.4557,2.7950,2.8319,-0.2293,1.2044,3.0414,1.6858,1.3674,15.8654,0.3127,3.0000,0.0000,0.0000,0,15.2072,783.4833,964.3968,873.9401,90.4568,7.5719,0.8970,790.1582,972.8657
29.457,1,0,learned,-1.6056,42.8266,0.8795,0.5455,2.8092,2.8616,-0.2065,1.2066,3.0414,1.6698,1.3674,15.7091,0.3271,3.0000,0.0000,0.0000,0,15.2072,808.3585,967.2570,887.8078,79.4492,7.4685,0.7767,815.0503,975.5022
29.507,1,0,learned,-1.5567,42.9680,0.8749,0.6404,2.8366,2.9080,-0.2225,1.2095,3.0414,1.6504,1.3674,15.5595,0.3346,3.0000,0.0000,0.0000,0,15.2072,904.2705,968.4520,936.3613,32.0907,7.2590,0.8787,910.6508,976.5897
29.556,1,0,learned,-1.5567,42.9680,0.8662,0.6404,2.8366,2.9080,-0.1758,1.2095,3.0414,1.6504,1.3674,15.5595,0.3433,3.0000,0.0000,0.0000,0,15.2072,810.4743,966.5408,888.5076,78.0333,7.2835,0.6026,817.1552,974.4269
29.606,1,0,learned,-1.5001,43.1183,0.8563,0.7297,2.8472,2.9392,-0.1653,1.2125,3.0414,1.6254,1.3674,15.3992,0.3562,3.0000,0.0000,0.0000,0,15.2072,774.7084,983.4985,879.1035,104.3950,7.1878,0.5508,781.3454,991.2371
29.656,1,0,learned,-1.4431,43.2597,0.8510,0.8214,2.8668,2.9822,-0.1618,1.2160,3.0414,1.5981,1.3674,15.2472,0.3650,3.0000,0.0000,0.0000,0,15.2072,708.2065,978.0261,843.1163,134.9098,7.0413,0.5258,714.7220,985.5932
29.707,1,0,learned,-1.3788,43.4092,0.8444,0.9045,2.8687,3.0079,-0.1480,1.2196,3.0414,1.5653,1.3674,15.0852,0.3752,3.0000,0.0000,0.0000,0,15.2072,722.8526,986.1974,854.5250,131.6724,6.9716,0.4357,729.3885,993.6047
29.757,1,0,learned,-1.3151,43.5492,0.8385,0.9888,2.8782,3.0434,-0.1087,1.2235,3.0414,1.5313,1.3674,14.9325,0.3850,3.0000,0.0000,0.0000,0,15.2072,788.2539,974.9867,881.6203,93.3664,6.8515,0.1729,794.9324,982.0111
29.806,1,0,learned,-1.3151,43.5492,0.8333,0.9888,2.8782,3.0434,-0.1020,1.2235,3.0414,1.5313,1.3674,14.9325,0.3903,3.0000,0.0000,0.0000,0,15.2072,768.6105,967.1890,867.8998,99.2893,6.8485,0.1423,775.3167,974.1799
29.856,1,0,learned,-1.2448,43.6960,0.8288,1.0615,2.8670,3.0572,-0.0747,1.2274,3.0414,1.4920,1.3674,14.7714,0.3986,3.0000,0.0000,0.0000,0,15.2072,750.1138,972.7773,861.4456,111.3317,6.8569,-0.0520,757.0227,979.5822
29.906,1,0,learned,-1.1764,43.8323,0.8260,1.1343,2.8618,3.0784,-0.0553,1.2315,3.0414,1.4526,1.3674,14.6208,0.4055,3.0000,0.0000,0.0000,0,15.2072,664.8933,969.0962,816.9947,152.1014,6.8393,-0.2045,671.9371,975.7309
29.956,1,0,learned,-1.1017,43.9748,0.8221,1.1947,2.8375,3.0788,-0.0467,1.2356,3.0414,1.4082,1.3674,14.4625,0.4135,3.0000,0.0000,0.0000,0,15.2072,713.1706,981.8654,847.5180,134.3474,6.8872,-0.2818,720.3396,988.4708
30.006,1,0,learned,-1.0297,44.1070,0.8198,1.2559,2.8207,3.0876,-0.0225,1.2398,3.0414,1.3643,1.3674,14.3150,0.4200,3.0000,0.0000,0.0000,0,15.2072,717.0322,980.3107,848.6714,131.6392,6.9102,-0.4730,724.4154,986.7479
30.056,1,0,learned,-1.0297,44.1070,0.8193,1.2559,2.8207,3.0876,-0.0118,1.2398,3.0414,1.3643,1.3674,14.3150,0.4205,3.0000,0.0000,0.0000,0,15.2072,675.4295,979.0817,827.2556,151.8261,6.9255,-0.5462,682.9013,985.4610
30.106,1,0,learned,-0.9517,44.2446,0.8175,1.3046,2.7858,3.0762,0.0020,1.2441,3.0414,1.3158,1.3674,14.1606,0.4266,3.0000,0.0000,0.0000,0,15.2072,611.7922,980.5947,796.1935,184.4012,7.0631,-0.6830,619.5383,986.9749
30.156,1,0,learned,-0.8768,44.3721,0.8169,1.3556,2.7597,3.0747,-0.0008,1.2485,3.0414,1.2682,1.3674,14.0168,0.4316,3.0000,0.0000,0.0000,0,15.2072,657.6323,990.9719,824.3021,166.6698,7.1125,-0.7027,665.4475,997.3817
30.206,1,0,learned,-0.8768,44.3721,0.8169,1.3556,2.7597,3.0747,0.0278,1.2485,3.0414,1.2682,1.3674,14.0168,0.4316,3.0000,0.0000,0.0000,0,15.2072,613.2190,981.3986,797.3088,184.0898,7.1387,-0.9000,621.2577,987.6373
30.256,1,0,learned,-0.7960,44.5047,0.8177,1.3953,2.7180,3.0552,0.0625,1.2531,3.0414,1.2158,1.3674,13.8665,0.4354,3.0000,0.0000,0.0000,0,15.2072,593.3870,970.7077,782.0474,188.6604,7.3163,-1.1986,601.9019,976.8254
30.306,1,0,learned,-0.7186,44.6274,0.8184,1.4387,2.6856,3.0467,0.0653,1.2577,3.0414,1.1648,1.3674,13.7268,0.4393,3.0000,0.0000,0.0000,0,15.2072,594.2400,978.8678,786.5539,192.3139,7.4131,-1.2719,602.9251,985.0089
30.356,1,0,learned,-0.7186,44.6274,0.8203,1.4387,2.6856,3.0467,0.0920,1.2577,3.0414,1.1648,1.3674,13.7268,0.4374,3.0000,0.0000,0.0000,0,15.2072,513.8246,979.2547,746.5396,232.7151,7.4517,-1.4654,522.7417,985.2411
30.406,1,0,learned,-0.6350,44.7552,0.8229,1.4725,2.6402,3.0230,0.1155,1.2626,3.0414,1.1088,1.3674,13.5806,0.4397,3.0000,0.0000,0.0000,0,15.2072,515.6131,984.0056,749.8093,234.1963,7.6379,-1.7001,524.9511,989.9435
30.457,1,0,learned,-0.5549,44.8737,0.8254,1.5117,2.6056,3.0124,0.1183,1.2675,3.0414,1.0542,1.3674,13.4445,0.4421,3.0000,0.0000,0.0000,0,15.2072,580.2298,983.7192,781.9745,201.7447,7.7278,-1.7848,589.7424,989.6622
30.507,1,0,learned,-0.4685,44.9971,0.8305,1.5417,2.5592,2.9877,0.1293,1.2728,3.0414,0.9946,1.3674,13.3020,0.4423,3.0000,0.0000,0.0000,0,15.2072,526.9629,982.0707,754.5168,227.5539,7.9272,-1.9551,536.8452,988.0428
30.556,1,0,learned,-0.3858,45.1115,0.8356,1.5780,2.5242,2.9768,0.1557,1.2782,3.0414,0.9366,1.3674,13.1693,0.4426,3.0000,0.0000,0.0000,0,15.2072,535.3876,984.7457,760.0667,224.6790,8.0452,-2.2221,545.6549,990.5688
30.606,1,0,learned,-0.3858,45.1115,0.8384,1.5780,2.5242,2.9768,0.1820,1.2782,3.0414,0.9366,1.3674,13.1693,0.4398,3.0000,0.0000,0.0000,0,15.2072,549.8285,987.3344,768.5814,218.7530,8.0596,-2.4103,560.2983,992.9837
30.656,1,0,learned,-0.2966,45.2313,0.8463,1.6057,2.4799,2.9543,0.1958,1.2839,3.0414,0.8734,1.3674,13.0300,0.4376,3.0000,0.0000,0.0000,0,15.2072,546.7079,981.2904,763.9991,217.2912,8.2367,-2.6133,557.5579,986.9138
30.707,1,0,learned,-0.2112,45.3427,0.8515,1.6402,2.4482,2.9469,0.2035,1.2896,3.0414,0.8123,1.3674,12.8999,0.4381,3.0000,0.0000,0.0000,0,15.2072,483.0727,990.9382,737.0055,253.9328,8.3450,-2.7640,494.1817,996.5192
30.756,1,0,learned,-0.2112,45.3427,0.8592,1.6402,2.4482,2.9469,0.2215,1.2896,3.0414,0.8123,1.3674,12.8999,0.4305,3.0000,0.0000,0.0000,0,15.2072,486.2705,967.9338,727.1022,240.8317,8.3668,-2.9145,497.5518,973.3860
30.806,1,0,learned,-0.1193,45.4596,0.8675,1.6655,2.4081,2.9279,0.2335,1.2958,3.0414,0.7459,1.3674,12.7631,0.4283,3.0000,0.0000,0.0000,0,15.2072,461.4417,969.4893,715.4655,254.0238,8.5285,-3.1148,473.0850,974.9030
30.856,1,0,learned,-0.0317,45.5686,0.8741,1.6975,2.3806,2.9239,0.2630,1.3019,3.0414,0.6821,1.3674,12.6352,0.4277,3.0000,0.0000,0.0000,0,15.2072,549.2087,982.3998,765.8042,216.5956,8.5883,-3.4152,561.2123,987.5729
30.907,1,0,learned,0.0621,45.6827,0.8860,1.7188,2.3436,2.9063,0.2750,1.3083,3.0414,0.6133,1.3674,12.5011,0.4223,3.0000,0.0000,0.0000,0,15.2072,487.4942,968.7135,728.1039,240.6097,8.7555,-3.6377,499.8874,973.8313
30.957,1,0,learned,0.1511,45.7889,0.8962,1.7459,2.3171,2.9013,0.2765,1.3146,3.0414,0.5476,1.3674,12.3762,0.4184,3.0000,0.0000,0.0000,0,15.2072,445.7218,987.2096,716.4657,270.7439,8.8464,-3.7702,458.3384,992.2858
31.006,1,0,learned,0.1511,45.7889,0.9070,1.7459,2.3171,2.9013,0.2848,1.3146,3.0414,0.5476,1.3674,12.3762,0.4076,3.0000,0.0000,0.0000,0,15.2072,432.6041,952.8467,692.7254,260.1213,8.8731,-3.8637,445.3410,957.8562
31.056,1,0,learned,0.2462,45.9001,0.9183,1.7624,2.2814,2.8828,0.3110,1.3213,3.0414,0.4769,1.3674,12.2453,0.4030,3.0000,0.0000,0.0000,0,15.2072,451.6929,985.5575,718.6252,266.9323,9.0239,-4.1795,464.8963,990.4019
31.106,1,0,learned,0.3363,46.0036,0.9272,1.7853,2.2564,2.8772,0.3300,1.3278,3.0414,0.4096,1.3674,12.1234,0.4006,3.0000,0.0000,0.0000,0,15.2072,442.2642,966.8927,704.5784,262.3143,9.1084,-4.4357,455.8082,971.5653
31.156,1,0,learned,0.4323,46.1118,0.9425,1.7975,2.2213,2.8574,0.3352,1.3346,3.0414,0.3374,1.3674,11.9958,0.3921,3.0000,0.0000,0.0000,0,15.2072,515.5880,974.3930,744.9905,229.4025,9.2426,-4.6197,529.4504,979.0158
31.206,1,0,learned,0.5231,46.2125,0.9555,1.8166,2.1965,2.8504,0.3488,1.3413,3.0414,0.2688,1.3674,11.8772,0.3858,3.0000,0.0000,0.0000,0,15.2072,454.5629,983.9636,719.2632,264.7003,9.3502,-4.8562,468.7693,988.4576
31.256,1,0,learned,0.5231,46.2125,0.9655,1.8166,2.1965,2.8504,0.3443,1.3413,3.0414,0.2688,1.3674,11.8772,0.3758,3.0000,0.0000,0.0000,0,15.2072,405.9475,987.0925,696.5200,290.5725,9.3808,-4.8577,420.1859,991.6156
31.306,1,0,learned,0.6200,46.3181,0.9827,1.8260,2.1635,2.8311,0.3638,1.3484,3.0414,0.1952,1.3674,11.7527,0.3657,3.0000,0.0000,0.0000,0,15.2072,436.4731,984.4900,710.4815,274.0085,9.5288,-5.1541,451.1560,988.8647
31.356,1,0,learned,0.7119,46.4171,0.9934,1.8435,2.1434,2.8271,0.3625,1.3552,3.0414,0.1252,1.3674,11.6362,0.3618,3.0000,0.0000,0.0000,0,15.2072,426.0003,979.2348,702.6175,276.6173,9.5935,-5.2799,440.8737,983.5484
31.407,1,0,learned,0.8099,46.5215,1.0115,1.8517,2.1162,2.8119,0.3705,1.3625,3.0414,0.0503,1.3674,11.5137,0.3510,3.0000,0.0000,0.0000,0,15.2072,498.5098,977.3131,737.9114,239.4016,9.7032,-5.4986,513.7116,981.5177
31.456,1,0,learned,0.9027,46.6195,1.0266,1.8680,2.1011,2.8114,0.3708,1.3695,3.0414,-0.0208,1.3674,11.3989,0.3429,3.0000,0.0000,0.0000,0,15.2072,490.6658,985.2097,737.9378,247.2720,9.7567,-5.6503,506.0728,989.3162
31.507,1,0,learned,0.9027,46.6195,1.0420,1.8680,2.1011,2.8114,0.4017,1.3695,3.0414,-0.0208,1.3674,11.3989,0.3275,3.0000,0.0000,0.0000,0,15.2072,398.5644,979.2511,688.9077,290.3434,9.8224,-5.9165,414.3033,983.1570
31.556,1,0,learned,1.0016,46.7233,1.0577,1.8749,2.0803,2.8005,0.4090,1.3769,3.0414,-0.0967,1.3674,11.2776,0.3192,3.0000,0.0000,0.0000,0,15.2072,410.4984,981.1039,695.8011,285.3028,9.9217,-6.1275,426.5475,984.8981
31.606,1,0,learned,1.0953,46.8216,1.0738,1.8903,2.0739,2.8061,0.4155,1.3839,3.0414,-0.1686,1.3674,11.1632,0.3102,3.0000,0.0000,0.0000,0,15.2072,500.5132,983.9817,742.2474,241.7342,9.9199,-6.3215,516.7546,987.5800
31.656,1,0,learned,1.1951,46.9264,1.0901,1.8959,2.0622,2.8013,0.4310,1.3915,3.0414,-0.2451,1.3674,11.0419,0.3014,3.0000,0.0000,0.0000,0,15.2072,447.6838,989.4505,718.5672,270.8834,10.0120,-6.5943,464.2902,992.8683
31.706,1,0,learned,1.2894,47.0255,1.1067,1.9096,2.0625,2.8108,0.4380,1.3985,3.0414,-0.3175,1.3674,10.9277,0.2918,3.0000,0.0000,0.0000,0,15.2072,365.3759,991.1299,678.2529,312.8770,10.0436,-6.7968,382.2162,994.3767
31.756,1,0,learned,1.2894,47.0255,1.1236,1.9096,2.0625,2.8108,0.4343,1.3985,3.0414,-0.3175,1.3674,10.9277,0.2749,3.0000,0.0000,0.0000,0,15.2072,434.5738,970.9068,702.7403,268.1665,10.0500,-6.8167,451.4405,974.1402
31.806,1,0,learned,1.3896,47.1313,1.1407,1.9135,2.0569,2.8093,0.4403,1.4060,3.0414,-0.3943,1.3674,10.8065,0.2653,3.0000,0.0000,0.0000,0,15.2072,454.7611,975.9552,715.3582,260.5971,10.1014,-7.0210,471.8835,979.0357
31.857,1,0,learned,1.4843,47.2317,1.1581,1.9253,2.0638,2.8224,0.4423,1.4130,3.0414,-0.4668,1.3674,10.6920,0.2549,3.0000,0.0000,0.0000,0,15.2072,504.7699,996.5469,750.6584,245.8885,10.0751,-7.1910,522.0359,999.4310
31.908,1,0,learned,1.5849,47.3387,1.1758,1.9268,2.0627,2.8226,0.4517,1.4205,3.0414,-0.5436,1.3674,10.5707,0.2448,3.0000,0.0000,0.0000,0,15.2072,542.4762,990.9006,766.6884,224.2122,10.1129,-7.4171,560.0063,993.5965
31.956,1,0,learned,1.6795,47.4402,1.1982,1.9358,2.0729,2.8363,0.4670,1.4274,3.0414,-0.6158,1.3674,10.4563,0.2292,3.0000,0.0000,0.0000,0,15.2072,505.7043,991.7797,748.7420,243.0377,10.1220,-7.6866,523.5128,994.2151
32.006,1,0,learned,1.7798,47.5488,1.2209,1.9343,2.0761,2.8376,0.4740,1.4348,3.0414,-0.6921,1.3674,10.3348,0.2139,3.0000,0.0000,0.0000,0,15.2072,527.5858,997.4554,762.5206,234.9348,10.1657,-7.9079,545.6594,999.7132
32.057,1,0,learned,1.8740,47.6524,1.2392,1.9402,2.0924,2.8536,0.4438,1.4416,3.0414,-0.7635,1.3674,10.2196,0.2024,3.0000,0.0000,0.0000,0,15.2072,496.4338,987.2343,741.8341,245.4003,10.1416,-7.8379,514.4133,989.5380
32.107,1,0,learned,1.8740,47.6524,1.2576,1.9402,2.0924,2.8536,0.4715,1.4416,3.0414,-0.7635,1.3674,10.2196,0.1840,3.0000,0.0000,0.0000,0,15.2072,455.0028,988.9388,721.9708,266.9680,10.1924,-8.0845,473.2797,991.0467
32.162,1,0,learned,1.9736,47.7635,1.2807,1.9352,2.1015,2.8568,0.4650,1.4488,3.0414,-0.8386,1.3674,10.0970,0.1680,3.0000,0.0000,0.0000,0,15.2072,546.1100,975.9750,761.0425,214.9325,10.2008,-8.2040,564.5149,977.9717
32.206,1,0,learned,2.0670,47.8695,1.2946,1.9373,2.1228,2.8739,0.4763,1.4553,3.0414,-0.9086,1.3674,9.9809,0.1607,3.0000,0.0000,0.0000,0,15.2072,555.6277,991.7751,773.7014,218.0737,10.1637,-8.4109,574.2024,993.5279
32.256,1,0,learned,2.1654,47.9832,1.3133,1.9282,2.1355,2.8772,0.4840,1.4623,3.0414,-0.9820,1.3674,9.8572,0.1491,3.0000,0.0000,0.0000,0,15.2072,572.9713,990.8864,781.9289,208.9575,10.1910,-8.6063,591.7686,992.4711
32.306,1,0,learned,2.2573,48.0917,1.3320,1.9255,2.1606,2.8941,0.4607,1.4686,3.0414,-1.0501,1.3674,9.7401,0.1366,3.0000,0.0000,0.0000,0,15.2072,575.9952,993.3914,784.6933,208.6981,10.1548,-8.5749,594.7249,994.9712
32.356,1,0,learned,2.2573,48.0917,1.3508,1.9255,2.1606,2.8941,0.4480,1.4686,3.0414,-1.0501,1.3674,9.7401,0.1179,3.0000,0.0000,0.0000,0,15.2072,610.6805,995.2880,802.9843,192.3038,10.1693,-8.5510,629.4007,996.9063
32.406,1,0,learned,2.3537,48.2088,1.3743,1.9114,2.1788,2.8984,0.4660,1.4753,3.0414,-1.1209,1.3674,9.6148,0.1011,3.0000,0.0000,0.0000,0,15.2072,653.5368,981.0993,817.3180,163.7813,10.1930,-8.8169,672.5467,982.4754
32.456,1,0,learned,2.4436,48.3212,1.3882,1.9034,2.2115,2.9178,0.4620,1.4813,3.0414,-1.1862,1.3674,9.4953,0.0930,3.0000,0.0000,0.0000,0,15.2072,657.2471,983.6582,820.4526,163.2056,10.1439,-8.8902,676.2811,984.9119
32.507,1,0,learned,2.5375,48.4430,1.4161,1.8839,2.2373,2.9248,0.4585,1.4875,3.0414,-1.2536,1.3674,9.3670,0.0714,3.0000,0.0000,0.0000,0,15.2072,698.6365,992.9967,845.8166,147.1801,10.1573,-9.0199,717.8136,994.1341
32.556,1,0,learned,2.6245,48.5602,1.4300,1.8699,2.2783,2.9474,0.4425,1.4930,3.0414,-1.3152,1.3674,9.2444,0.0629,3.0000,0.0000,0.0000,0,15.2072,704.6924,985.3125,845.0025,140.3100,10.0915,-8.9888,723.7727,986.4152
32.606,1,0,learned,2.7151,48.6875,1.4528,1.8441,2.3122,2.9576,0.4320,1.4987,3.0414,-1.3782,1.3674,9.1123,0.0459,3.0000,0.0000,0.0000,0,15.2072,696.7878,971.2591,834.0234,137.2357,10.0982,-9.0137,715.8996,972.3436
32.656,1,0,learned,2.7986,48.8103,1.4709,1.8232,2.3613,2.9833,0.4453,1.5036,3.0414,-1.4352,1.3674,8.9857,0.0327,3.0000,0.0000,0.0000,0,15.2072,671.8368,990.9051,831.3709,159.5341,10.0413,-9.1844,691.0624,991.7620
32.707,1,0,learned,2.8850,48.9436,1.4931,1.7909,2.4020,2.9962,0.4075,1.5087,3.0414,-1.4928,1.3674,8.8491,0.0156,3.0000,0.0000,0.0000,0,15.2072,622.7050,994.6441,808.6745,185.9695,10.0423,-9.0032,641.7505,995.6832
32.756,1,0,learned,2.8850,48.9436,1.5106,1.7909,2.4020,2.9962,0.4250,1.5087,3.0414,-1.4928,1.3674,8.8491,-0.0018,3.0000,0.0000,0.0000,0,15.2072,680.7534,988.9402,834.8468,154.0934,10.0519,-9.1890,699.9942,989.8031
32.806,1,0,learned,2.9643,49.0719,1.5278,1.7632,2.4563,3.0236,0.4258,1.5130,3.0414,-1.5446,1.3674,8.7185,-0.0148,3.0000,0.0000,0.0000,0,15.2072,756.7949,984.7172,870.7560,113.9612,9.9517,-9.2588,776.0053,985.4101
32.856,1,0,learned,3.0461,49.2107,1.5405,1.7252,2.4986,3.0364,0.4195,1.5176,3.0414,-1.5967,1.3674,8.5781,-0.0229,3.0000,0.0000,0.0000,0,15.2072,672.8783,988.3075,830.5929,157.7146,9.9565,-9.2293,692.0641,989.0347
32.907,1,0,learned,3.1210,49.3435,1.5617,1.6924,2.5524,3.0625,0.4158,1.5213,3.0414,-1.6433,1.3674,8.4444,-0.0404,3.0000,0.0000,0.0000,0,15.2072,768.7607,991.5649,880.1628,111.4021,9.8596,-9.2787,787.8990,992.1458
32.962,1,0,learned,3.1980,49.4869,1.5826,1.6498,2.5933,3.0736,0.3992,1.5254,3.0414,-1.6896,1.3674,8.3008,-0.0572,3.0000,0.0000,0.0000,0,15.2072,842.9031,992.0198,917.4615,74.5583,9.8318,-9.2313,861.9662,992.6203
33.006,1,0,learned,3.2681,49.6240,1.5991,1.6119,2.6459,3.0982,0.3962,1.5286,3.0414,-1.7306,1.3674,8.1641,-0.0705,3.0000,0.0000,0.0000,0,15.2072,821.3574,984.5656,902.9615,81.6041,9.7688,-9.2147,840.3410,985.1198
33.056,1,0,learned,3.2681,49.6240,1.6155,1.6119,2.6459,3.0982,0.3880,1.5286,3.0414,-1.7306,1.3674,8.1641,-0.0869,3.0000,0.0000,0.0000,0,15.2072,756.0624,984.7256,870.3940,114.3316,9.8062,-9.1984,775.0670,985.3333
33.106,1,0,learned,3.3397,49.7716,1.6357,1.5649,2.6845,3.1073,0.3705,1.5320,3.0414,-1.7709,1.3674,8.0175,-0.1036,3.0000,0.0000,0.0000,0,15.2072,753.6664,987.6299,870.6481,116.9817,9.8065,-9.1073,772.5801,988.3290
33.156,1,0,learned,3.4044,49.9129,1.6475,1.5217,2.7364,3.1310,0.3678,1.5347,3.0414,-1.8058,1.3674,7.8778,-0.1128,3.0000,0.0000,0.0000,0,15.2072,779.8258,990.8344,885.3301,105.5043,9.7255,-9.0825,798.6337,991.4775
33.206,1,0,learned,3.4701,50.0649,1.6631,1.4699,2.7737,3.1391,0.3583,1.5375,3.0414,-1.8394,1.3674,7.7280,-0.1255,3.0000,0.0000,0.0000,0,15.2072,845.6741,994.3644,920.0193,74.3451,9.7058,-9.0355,864.4154,995.0347
33.257,1,0,learned,3.5292,50.2097,1.6784,1.4224,2.8222,3.1604,0.3515,1.5396,3.0414,-1.8681,1.3674,7.5858,-0.1387,3.0000,0.0000,0.0000,0,15.2072,862.2918,987.7119,925.0018,62.7101,9.6395,-8.9729,880.9042,988.3785
33.307,1,0,learned,3.5292,50.2097,1.6935,1.4224,2.8222,3.1604,0.3540,1.5396,3.0414,-1.8681,1.3674,7.5858,-0.1539,3.0000,0.0000,0.0000,0,15.2072,892.7231,973.0509,932.8870,40.1639,9.6482,-9.0423,911.4136,973.6568
33.356,1,0,learned,3.5890,50.3649,1.7122,1.3677,2.8549,3.1656,0.3700,1.5420,3.0414,-1.8953,1.3674,7.4337,-0.1702,3.0000,0.0000,0.0000,0,15.2072,912.0779,987.6648,949.8714,37.7935,9.6593,-9.1614,930.8987,988.1627
33.406,1,0,learned,3.6423,50.5130,1.7195,1.3164,2.9010,3.1857,0.3473,1.5435,3.0414,-1.9176,1.3674,7.2890,-0.1760,3.0000,0.0000,0.0000,0,15.2072,873.5355,989.2600,931.3978,57.8622,9.5992,-8.9388,892.0736,989.9203
33.456,1,0,learned,3.6955,50.6722,1.7374,1.2577,2.9328,3.1911,0.3295,1.5452,3.0414,-1.9375,1.3674,7.1338,-0.1922,3.0000,0.0000,0.0000,0,15.2072,858.0778,980.2722,919.1750,61.0972,9.6106,-8.7802,876.4685,981.1027
33.506,1,0,learned,3.7424,50.8240,1.7514,1.2017,2.9789,3.2121,0.3270,1.5460,3.0414,-1.9528,1.3674,6.9860,-0.2053,3.0000,0.0000,0.0000,0,15.2072,861.6970,991.2931,926.4951,64.7980,9.5420,-8.7288,879.9678,992.1064
33.556,1,0,learned,3.7424,50.8240,1.7582,1.2017,2.9789,3.2121,0.3280,1.5460,3.0414,-1.9528,1.3674,6.9860,-0.2122,3.0000,0.0000,0.0000,0,15.2072,909.4141,978.5049,943.9595,34.5454,9.5372,-8.7673,927.7186,979.2748
33.606,1,0,learned,3.7887,50.9869,1.7750,1.1395,3.0098,3.2183,0.3090,1.5470,3.0414,-1.9653,1.3674,6.8275,-0.2280,3.0000,0.0000,0.0000,0,15.2072,883.3005,971.5075,927.4040,44.1035,9.5433,-8.5811,901.4249,972.4697
33.662,1,0,learned,3.8293,51.1420,1.7848,1.0808,3.0540,3.2396,0.2900,1.5472,3.0414,-1.9737,1.3674,6.6768,-0.2376,3.0000,0.0000,0.0000,0,15.2072,875.9812,976.4658,926.2235,50.2423,9.4662,-8.3833,893.8307,977.5486
33.706,1,0,learned,3.8293,51.1420,1.7945,1.0808,3.0540,3.2396,0.3028,1.5472,3.0414,-1.9737,1.3674,6.6768,-0.2473,3.0000,0.0000,0.0000,0,15.2072,897.4692,989.2638,943.3665,45.8973,9.4727,-8.5284,915.4703,990.2081
33.756,1,0,learned,3.8690,51.3082,1.8102,1.0170,3.0824,3.2458,0.2858,1.5475,3.0414,-1.9790,1.3674,6.5155,-0.2626,3.0000,0.0000,0.0000,0,15.2072,955.0895,983.2976,969.1936,14.1040,9.4568,-8.3752,972.9216,984.3792
33.806,1,0,learned,3.9032,51.4662,1.8163,0.9562,3.1241,3.2672,0.2898,1.5472,3.0414,-1.9806,1.3674,6.3622,-0.2691,3.0000,0.0000,0.0000,0,15.2072,953.7773,949.8542,951.8157,-1.9615,9.3723,-8.2742,971.4237,950.9523
33.856,1,0,learned,3.9361,51.6351,1.8343,0.8915,3.1492,3.2729,0.2752,1.5469,3.0414,-1.9787,1.3674,6.1982,-0.2875,3.0000,0.0000,0.0000,0,15.2072,970.3288,973.9883,972.1586,1.8298,9.3692,-8.1541,987.8521,975.2035
33.906,1,0,learned,3.9361,51.6351,1.8431,0.8915,3.1492,3.2729,0.2660,1.5469,3.0414,-1.9787,1.3674,6.1982,-0.2963,3.0000,0.0000,0.0000,0,15.2072,956.7989,972.3473,964.5731,7.7742,9.3789,-8.1203,974.2980,973.6060
33.956,1,0,learned,3.9639,51.7957,1.8489,0.8290,3.1883,3.2943,0.2697,1.5459,3.0414,-1.9735,1.3674,6.0424,-0.3030,3.0000,0.0000,0.0000,0,15.2072,951.4068,977.2941,964.3504,12.9436,9.2918,-8.0471,968.7458,978.5388
34.006,1,0,learned,3.9898,51.9673,1.8628,0.7629,3.2107,3.3001,0.2485,1.5449,3.0414,-1.9642,1.3674,5.8758,-0.3178,3.0000,0.0000,0.0000,0,15.2072,944.9757,987.6673,966.3215,21.3458,9.2849,-7.8339,962.0945,989.1183
34.056,1,0,learned,4.0110,52.1300,1.8735,0.6989,3.2465,3.3208,0.2447,1.5434,3.0414,-1.9522,1.3674,5.7177,-0.3302,3.0000,0.0000,0.0000,0,15.2072,956.1475,971.0990,963.6233,7.4757,9.1956,-7.7109,973.0540,972.5837
34.107,1,0,learned,4.0110,52.1300,1.8814,0.6989,3.2465,3.3208,0.2528,1.5434,3.0414,-1.9522,1.3674,5.7177,-0.3380,3.0000,0.0000,0.0000,0,15.2072,953.9263,954.5298,954.2280,0.3018,9.2024,-7.7813,970.9100,955.9510
34.156,1,0,learned,4.0303,52.3034,1.8966,0.6330,3.2639,3.3248,0.2455,1.5419,3.0414,-1.9360,1.3674,5.5491,-0.3547,3.0000,0.0000,0.0000,0,15.2072,931.6824,943.1207,937.4016,5.7191,9.2045,-7.6369,948.5238,944.6883
34.206,1,0,learned,4.0454,52.4673,1.8990,0.5697,3.2941,3.3430,0.2215,1.5398,3.0414,-1.9177,1.3674,5.3896,-0.3592,3.0000,0.0000,0.0000,0,15.2072,922.6673,864.8883,893.7778,-28.8895,9.1123,-7.2701,939.0498,866.7306
34.256,1,0,learned,4.0584,52.6415,1.9111,0.5056,3.3054,3.3439,0.2258,1.5378,3.0414,-1.8953,1.3674,5.2198,-0.3733,3.0000,0.0000,0.0000,0,15.2072,938.1034,818.7554,878.4294,-59.6740,9.1160,-7.1708,954.3901,820.7006
34.306,1,0,learned,4.0679,52.8057,1.9227,0.4442,3.3285,3.3580,0.1980,1.5354,3.0414,-1.8714,1.3674,5.0597,-0.3873,3.0000,0.0000,0.0000,0,15.2072,938.7930,732.9554,835.8742,-102.9188,9.0444,-6.8143,954.6517,735.1855
34.356,1,0,learned,4.0679,52.8057,1.9272,0.4442,3.3285,3.3580,0.1935,1.5354,3.0414,-1.8714,1.3674,5.0597,-0.3918,3.0000,0.0000,0.0000,0,15.2072,949.6649,758.3812,854.0231,-95.6418,9.0484,-6.8324,965.5456,760.5973
34.406,1,0,learned,4.0752,52.9793,1.9360,0.3834,3.3303,3.3523,0.2050,1.5331,2.9746,-1.8435,1.3674,4.8902,-0.4029,3.0000,0.0000,0.0000,0,15.2072,950.6529,851.3298,900.9913,-49.6616,8.6302,-7.1289,966.4120,852.8311
34.456,1,0,learned,4.0796,53.1417,1.9444,0.3251,3.3410,3.3568,0.1830,1.5305,2.8781,-1.8150,1.3674,4.7314,-0.4139,3.0000,0.0000,0.0000,0,15.2072,966.8897,842.8053,904.8475,-62.0422,7.9310,-7.2276,982.0483,843.5087
34.506,1,0,learned,4.0796,53.1417,1.9522,0.3251,3.3410,3.3568,0.1643,1.5305,2.8781,-1.8150,1.3674,4.7314,-0.4218,3.0000,0.0000,0.0000,0,15.2072,960.0208,777.7683,868.8945,-91.1262,7.9319,-7.0703,975.0230,778.6299
34.565,1,0,learned,4.0816,53.3126,1.9596,0.2678,3.3303,3.3410,0.1457,1.5279,2.7763,-1.7825,1.3674,4.5641,-0.4317,3.0000,0.0000,0.0000,0,15.2072,935.3382,745.6374,840.4878,-94.8504,7.3004,-7.1723,949.8109,745.7655
34.606,1,0,learned,4.0811,53.4729,1.9631,0.2120,3.3322,3.3389,0.1450,1.5250,2.6806,-1.7496,1.3674,4.4069,-0.4381,3.0000,0.0000,0.0000,0,15.2072,938.4215,750.2734,844.3475,-94.0741,6.6293,-7.4328,952.4837,749.4698
34.657,1,0,learned,4.0779,53.6420,1.9714,0.1574,3.3158,3.3195,0.1273,1.5222,2.5797,-1.7123,1.3674,4.2409,-0.4493,3.0000,0.0000,0.0000,0,15.2072,935.4471,783.1717,859.3094,-76.1377,6.0107,-7.6258,949.0836,781.5566
34.706,1,0,learned,4.0779,53.6420,1.9776,0.1574,3.3158,3.3195,0.1323,1.5222,2.5797,-1.7123,1.3674,4.2409,-0.4554,3.0000,0.0000,0.0000,0,15.2072,932.0521,764.6390,848.3455,-83.7066,6.0142,-7.6828,945.7491,762.9704
34.756,1,0,learned,4.0727,53.7999,1.9818,0.1043,3.3109,3.3126,0.1075,1.5190,2.4851,-1.6753,1.3674,4.0854,-0.4628,3.0000,0.0000,0.0000,0,15.2072,907.3818,685.0236,796.2027,-111.1791,5.3593,-7.7055,920.4466,682.6775
34.806,1,0,learned,4.0649,53.9662,1.9884,0.0532,3.2880,3.2885,0.1125,1.5158,2.3855,-1.6341,1.3674,3.9216,-0.4726,3.0000,0.0000,0.0000,0,15.2072,910.2847,603.6673,756.9760,-153.3087,4.7550,-8.0002,923.0399,600.4221
34.856,1,0,learned,4.0554,54.1217,1.9920,0.0030,3.2787,3.2787,0.0985,1.5124,2.2920,-1.5934,1.3674,3.7679,-0.4796,3.0000,0.0000,0.0000,0,15.2072,924.2235,585.4059,754.8147,-169.4088,4.1060,-8.1801,936.5097,581.3318
34.907,1,0,learned,4.0554,54.1217,1.9964,0.0030,3.2787,3.2787,0.0628,1.5124,2.2920,-1.5934,1.3674,3.7679,-0.4841,3.0000,0.0000,0.0000,0,15.2072,912.5926,581.9421,747.2674,-165.3253,4.1076,-7.9090,924.6092,578.1407
34.956,1,0,learned,4.0300,54.4375,2.0021,-0.0905,3.2358,3.2371,0.0598,1.5052,2.1018,-1.5047,1.3674,3.4552,-0.4969,3.0000,0.0000,0.0000,0,15.2072,848.2418,550.5306,699.3862,-148.8556,2.8874,-8.4122,859.5415,545.0058
35.006,1,0,learned,4.0300,54.4375,2.0045,-0.0905,3.2358,3.2371,0.0335,1.5052,2.1018,-1.5047,1.3674,3.4552,-0.4993,3.0000,0.0000,0.0000,0,15.2072,838.9255,518.0978,678.5116,-160.4138,2.8878,-8.1822,849.9954,512.8034
35.056,1,0,learned,4.0141,54.5969,2.0076,-0.1337,3.2018,3.2046,0.0165,1.5014,2.0054,-1.4569,1.3674,3.2968,-0.5061,3.0000,0.0000,0.0000,0,15.2072,831.4666,443.5033,637.4850,-193.9817,2.3188,-8.2730,842.0584,437.5490
35.106,1,0,learned,3.9975,54.7453,2.0090,-0.1763,3.1796,3.1845,0.0163,1.4976,1.9156,-1.4107,1.3674,3.1491,-0.5114,3.0000,0.0000,0.0000,0,15.2072,759.7986,389.1233,574.4609,-185.3377,1.7191,-8.4658,769.9835,382.3765
35.156,1,0,learned,3.9783,54.9002,2.0105,-0.2147,3.1396,3.1470,-0.0155,1.5067,2.9031,-1.3142,1.3848,17.2561,-0.5038,3.0000,0.0000,0.0000,0,14.5153,749.3580,452.3900,600.8740,-148.4840,5.7854,-8.9428,764.0862,449.2326
35.206,1,0,learned,3.9590,55.0438,2.0110,-0.2520,3.1099,3.1200,-0.0203,1.5030,2.9031,-1.2688,1.3848,17.1156,-0.5080,3.0000,0.0000,0.0000,0,14.5153,696.9002,401.5811,549.2407,-147.6596,5.9641,-8.7867,711.6511,398.7584
35.256,1,0,learned,3.9590,55.0438,2.0109,-0.2520,3.1099,3.1200,-0.0435,1.5030,2.9031,-1.2688,1.3848,17.1156,-0.5079,3.0000,0.0000,0.0000,0,14.5153,657.8405,348.4430,503.1418,-154.6987,5.9473,-8.6019,672.3897,345.7884
35.306,1,0,learned,3.9375,55.1930,2.0100,-0.2845,3.0618,3.0750,-0.0462,1.4992,2.9031,-1.2200,1.3848,16.9697,-0.5108,3.0000,0.0000,0.0000,0,14.5153,694.6043,346.0483,520.3263,-174.2780,6.2021,-8.4950,709.3014,343.7554
35.356,1,0,learned,3.9164,55.3309,2.0094,-0.3156,3.0239,3.0404,-0.0575,1.4954,2.9031,-1.1737,1.3848,16.8352,-0.5139,3.0000,0.0000,0.0000,0,14.5153,804.6034,351.6832,578.1433,-226.4601,6.3993,-8.3742,819.3769,349.7083
35.407,1,0,learned,3.8934,55.4736,2.0067,-0.3406,2.9682,2.9876,-0.0745,1.4917,2.9031,-1.1248,1.3848,16.6961,-0.5151,3.0000,0.0000,0.0000,0,14.5153,908.4857,388.7583,648.6220,-259.8637,6.6809,-8.2009,923.3675,387.2383
35.456,1,0,learned,3.8714,55.6050,2.0043,-0.3645,2.9219,2.9445,-0.1010,1.4879,2.9031,-1.0788,1.3848,16.5684,-0.5163,3.0000,0.0000,0.0000,0,14.5153,983.1997,392.1136,687.6567,-295.5431,6.9122,-7.9466,998.0585,391.0793
35.506,1,0,learned,3.8714,55.6050,2.0021,-0.3645,2.9219,2.9445,-0.1240,1.4879,2.9031,-1.0788,1.3848,16.5684,-0.5141,3.0000,0.0000,0.0000,0,14.5153,902.2022,413.4322,657.8172,-244.3850,6.9166,-7.7830,916.9018,412.5658
35.556,1,0,learned,3.8470,55.7416,1.9975,-0.3854,2.8631,2.8889,-0.1300,1.4841,2.9031,-1.0296,1.3848,16.4357,-0.5135,3.0000,0.0000,0.0000,0,14.5153,975.3864,367.5822,671.4843,-303.9021,7.2008,-7.6045,990.1917,367.1784
35.606,1,0,learned,3.8227,55.8689,1.9942,-0.4096,2.8207,2.8503,-0.1482,1.4800,2.9031,-0.9821,1.3848,16.3124,-0.5142,3.0000,0.0000,0.0000,0,14.5153,972.3889,428.1514,700.2702,-272.1187,7.4455,-7.3863,987.2208,428.2106
35.656,1,0,learned,3.7953,56.0026,1.9877,-0.4329,2.7710,2.8046,-0.1923,1.4757,2.9031,-0.9305,1.3848,16.1832,-0.5121,3.0000,0.0000,0.0000,0,14.5153,964.4872,402.8831,683.6851,-280.8020,7.6925,-6.9451,979.1247,403.6305
35.707,1,0,learned,3.7681,56.1278,1.9816,-0.4599,2.7382,2.7765,-0.2048,1.4712,2.9031,-0.8806,1.3848,16.0627,-0.5104,3.0000,0.0000,0.0000,0,14.5153,974.6574,355.3688,665.0131,-309.6443,7.8631,-6.7106,989.2311,356.5213
35.757,1,0,learned,3.7681,56.1278,1.9764,-0.4599,2.7382,2.7765,-0.2085,1.4712,2.9031,-0.8806,1.3848,16.0627,-0.5052,3.0000,0.0000,0.0000,0,14.5153,984.1282,280.6646,632.3964,-351.7318,7.8314,-6.6498,998.6094,281.8462
35.806,1,0,learned,3.7375,56.2600,1.9668,-0.4856,2.6991,2.7424,-0.2480,1.4662,2.9031,-0.8260,1.3848,15.9357,-0.5006,3.0000,0.0000,0.0000,0,14.5153,978.3451,333.2648,655.8049,-322.5401,8.0478,-6.2554,992.6483,335.0571
35.856,1,0,learned,3.7071,56.3843,1.9582,-0.5149,2.6772,2.7262,-0.2742,1.4612,2.9031,-0.7732,1.3848,15.8166,-0.4970,3.0000,0.0000,0.0000,0,14.5153,985.3752,404.4225,694.8988,-290.4764,8.1897,-5.9662,999.5311,406.6460
35.906,1,0,learned,3.6733,56.5157,1.9512,-0.5421,2.6470,2.7019,-0.2893,1.4558,2.9031,-0.7157,1.3848,15.6912,-0.4954,3.0000,0.0000,0.0000,0,14.5153,970.4274,404.4596,687.4435,-282.9839,8.3671,-5.6982,984.4928,407.1284
35.957,1,0,learned,3.6399,56.6392,1.9385,-0.5727,2.6323,2.6939,-0.3155,1.4504,2.9031,-0.6600,1.3848,15.5736,-0.4881,3.0000,0.0000,0.0000,0,14.5153,977.4380,454.9987,716.2183,-261.2196,8.4608,-5.3806,991.2794,458.0789
36.006,1,0,learned,3.6399,56.6392,1.9274,-0.5727,2.6323,2.6939,-0.3262,1.4504,2.9031,-0.6600,1.3848,15.5736,-0.4770,3.0000,0.0000,0.0000,0,14.5153,984.6650,418.7892,701.7271,-282.9379,8.4258,-5.2785,998.3694,421.9365
36.056,1,0,learned,3.6030,56.7705,1.9186,-0.6003,2.6111,2.6792,-0.3255,1.4445,2.9031,-0.5994,1.3848,15.4490,-0.4741,3.0000,0.0000,0.0000,0,14.5153,984.4978,348.2250,666.3614,-318.1364,8.5439,-5.0847,998.1264,351.6842
36.106,1,0,learned,3.5668,56.8949,1.9033,-0.6307,2.6070,2.6823,-0.3440,1.4387,2.9031,-0.5409,1.3848,15.3314,-0.4646,3.0000,0.0000,0.0000,0,14.5153,987.6356,376.6511,682.1433,-305.4922,8.5800,-4.7987,1000.0000,380.4324
36.156,1,0,learned,3.5273,57.0277,1.8904,-0.6568,2.5962,2.6780,-0.3668,1.4324,2.9031,-0.4775,1.3848,15.2062,-0.4580,3.0000,0.0000,0.0000,0,14.5153,981.1248,358.0314,669.5781,-311.5467,8.6490,-4.4573,994.2311,362.2230
36.206,1,0,learned,3.4890,57.1532,1.8770,-0.6848,2.6001,2.6888,-0.3798,1.4263,2.9031,-0.4167,1.3848,15.0882,-0.4507,3.0000,0.0000,0.0000,0,14.5153,985.1529,467.5840,726.3685,-258.7845,8.6733,-4.2188,998.0450,472.0384
36.258,1,0,learned,3.4476,57.2866,1.8594,-0.7072,2.5933,2.6880,-0.3962,1.4198,2.9031,-0.3513,1.3848,14.9631,-0.4397,3.0000,0.0000,0.0000,0,14.5153,978.5198,454.7536,716.6367,-261.8831,8.7199,-3.8966,991.1362,459.5769
36.307,1,0,learned,3.4079,57.4125,1.8412,-0.7309,2.5990,2.6999,-0.3917,1.4135,2.9031,-0.2890,1.3848,14.8454,-0.4277,3.0000,0.0000,0.0000,0,14.5153,970.0887,391.7560,680.9224,-289.1663,8.6933,-3.7193,982.5014,396.7301
36.357,1,0,learned,3.4079,57.4125,1.8262,-0.7309,2.5990,2.6999,-0.3930,1.4135,2.9031,-0.2890,1.3848,14.8454,-0.4126,3.0000,0.0000,0.0000,0,14.5153,963.4426,284.6372,624.0399,-339.4027,8.6381,-3.6532,975.7339,289.6221
36.406,1,0,learned,3.3654,57.5465,1.8107,-0.7484,2.5945,2.7002,-0.4070,1.4069,2.9031,-0.2224,1.3848,14.7205,-0.4039,3.0000,0.0000,0.0000,0,14.5153,983.6765,344.9917,664.3341,-319.3424,8.6971,-3.3643,995.7379,350.3245
36.456,1,0,learned,3.3250,57.6731,1.7951,-0.7670,2.6031,2.7137,-0.4200,1.4006,2.9031,-0.1593,1.3848,14.6027,-0.3945,3.0000,0.0000,0.0000,0,14.5153,991.1313,447.9642,719.5477,-271.5836,8.6973,-3.0971,1000.0000,453.5643
36.506,1,0,learned,3.2819,57.8070,1.7749,-0.7794,2.5978,2.7122,-0.4280,1.3939,2.9031,-0.0922,1.3848,14.4785,-0.3810,3.0000,0.0000,0.0000,0,14.5153,988.4681,394.5719,691.5200,-296.9481,8.7327,-2.8062,1000.0000,400.4984
36.556,1,0,learned,3.2410,57.9327,1.7626,-0.7938,2.6020,2.7203,-0.4265,1.3876,2.9031,-0.0288,1.3848,14.3622,-0.3750,3.0000,0.0000,0.0000,0,14.5153,980.6924,453.6323,717.1623,-263.5300,8.7597,-2.6225,992.0745,459.7695
36.606,1,0,learned,3.2410,57.9327,1.7459,-0.7938,2.6020,2.7203,-0.4580,1.3876,2.9031,-0.0288,1.3848,14.3622,-0.3582,3.0000,0.0000,0.0000,0,14.5153,989.9109,401.9929,695.9519,-293.9590,8.7022,-2.3646,1000.0000,408.3305
36.656,1,0,learned,3.1975,58.0661,1.7245,-0.8025,2.5944,2.7157,-0.4482,1.3809,2.9031,0.0387,1.3848,14.2393,-0.3436,3.0000,0.0000,0.0000,0,14.5153,985.4659,400.1082,692.7870,-292.6788,8.7673,-2.1807,996.4139,406.6948
36.706,1,0,learned,3.1563,58.1919,1.7116,-0.8135,2.5998,2.7241,-0.4565,1.3746,2.9031,0.1024,1.3848,14.1235,-0.3369,3.0000,0.0000,0.0000,0,14.5153,978.4355,418.2406,698.3380,-280.0975,8.7772,-1.9233,989.1360,425.0945
36.758,1,0,learned,3.1127,58.3258,1.6896,-0.8188,2.5947,2.7208,-0.4602,1.3679,2.9031,0.1701,1.3848,14.0007,-0.3218,3.0000,0.0000,0.0000,0,14.5153,981.4416,417.6366,699.5391,-281.9025,8.8284,-1.6463,991.9163,424.8187
36.806,1,0,learned,3.0715,58.4523,1.6719,-0.8266,2.6028,2.7310,-0.4597,1.3616,2.9031,0.2340,1.3848,13.8850,-0.3104,3.0000,0.0000,0.0000,0,14.5153,981.8477,428.3695,705.1086,-276.7391,8.8186,-1.4321,992.0984,435.7561
36.856,1,0,learned,3.0715,58.4523,1.6586,-0.8266,2.6028,2.7310,-0.4525,1.3616,2.9031,0.2340,1.3848,13.8850,-0.2970,3.0000,0.0000,0.0000,0,14.5153,968.3949,411.2606,689.8277,-278.5671,8.7921,-1.4392,978.6261,418.6135
36.906,1,0,learned,3.0279,58.5870,1.6361,-0.8289,2.6006,2.7295,-0.4780,1.3549,2.9031,0.3017,1.3848,13.7619,-0.2812,3.0000,0.0000,0.0000,0,14.5153,984.6456,466.1504,725.3980,-259.2476,8.8346,-1.0072,994.4874,473.9779
36.957,1,0,learned,2.9870,58.7147,1.6180,-0.8334,2.6126,2.7423,-0.4775,1.3486,2.9031,0.3655,1.3848,13.6456,-0.2693,3.0000,0.0000,0.0000,0,14.5153,987.9976,491.0552,739.5264,-248.4712,8.8115,-0.7890,997.5981,499.0777
37.006,1,0,learned,2.9441,58.8512,1.6044,-0.8320,2.6148,2.7439,-0.4617,1.3420,2.9031,0.4330,1.3848,13.5215,-0.2624,3.0000,0.0000,0.0000,0,14.5153,970.8636,505.4161,738.1398,-232.7238,8.8657,-0.6671,980.3965,513.6147
37.056,1,0,learned,2.9040,58.9807,1.5814,-0.8323,2.6318,2.7602,-0.4635,1.3359,2.9031,0.4963,1.3848,13.4038,-0.2456,3.0000,0.0000,0.0000,0,14.5153,983.8027,481.3419,732.5723,-251.2304,8.8009,-0.4306,993.0342,489.7123
37.107,1,0,learned,2.8624,59.1197,1.5586,-0.8262,2.6398,2.7661,-0.4662,1.3293,2.9031,0.5629,1.3848,13.2777,-0.2292,3.0000,0.0000,0.0000,0,14.5153,989.1339,538.3653,763.7496,-225.3843,8.8129,-0.1524,998.0992,547.0258
37.156,1,0,learned,2.8239,59.2521,1.5403,-0.8211,2.6635,2.7872,-0.4607,1.3234,2.9031,0.6252,1.3848,13.1576,-0.2169,3.0000,0.0000,0.0000,0,14.5153,988.4480,506.5258,747.4869,-240.9611,8.7351,0.0080,997.1751,515.2688
37.206,1,0,learned,2.8239,59.2521,1.5220,-0.8211,2.6635,2.7872,-0.4665,1.3234,2.9031,0.6252,1.3848,13.1576,-0.1986,3.0000,0.0000,0.0000,0,14.5153,975.6700,451.6919,713.6809,-261.9891,8.6860,0.0993,984.2567,460.4771
37.256,1,0,learned,2.7842,59.3941,1.5038,-0.8097,2.6769,2.7967,-0.4728,1.3171,2.9031,0.6905,1.3848,13.0289,-0.1867,3.0000,0.0000,0.0000,0,14.5153,977.4223,431.2380,704.3302,-273.0922,8.6723,0.3630,985.7316,440.2734
37.307,1,0,learned,2.7479,59.5294,1.4811,-0.7991,2.7053,2.8209,-0.4497,1.3115,2.9031,0.7512,1.3848,12.9062,-0.1697,3.0000,0.0000,0.0000,0,14.5153,978.9313,501.8855,740.4084,-238.5229,8.5948,0.4257,987.1004,510.9060
37.356,1,0,learned,2.7106,59.6743,1.4676,-0.7825,2.7216,2.8319,-0.4597,1.3054,2.9031,0.8146,1.3848,12.7748,-0.1622,3.0000,0.0000,0.0000,0,14.5153,981.6315,565.5051,773.5683,-208.0632,8.5977,0.7150,989.5141,574.8177
37.406,1,0,learned,2.6767,59.8117,1.4405,-0.7675,2.7498,2.8549,-0.4723,1.3000,2.9031,0.8734,1.3848,12.6502,-0.1405,3.0000,0.0000,0.0000,0,14.5153,979.7076,639.1849,809.4462,-170.2614,8.5032,1.0494,987.1614,648.7374
37.456,1,0,learned,2.6421,59.9584,1.4269,-0.7471,2.7639,2.8631,-0.4592,1.2942,2.9031,0.9346,1.3848,12.5173,-0.1327,3.0000,0.0000,0.0000,0,14.5153,978.1917,648.0481,813.1199,-165.0718,8.5182,1.1609,985.5490,657.7272
37.506,1,0,learned,2.6421,59.9584,1.4088,-0.7471,2.7639,2.8631,-0.4550,1.2942,2.9031,0.9346,1.3848,12.5173,-0.1146,3.0000,0.0000,0.0000,0,14.5153,991.3552,600.8661,796.1106,-195.2446,8.4713,1.1770,998.6495,610.5143
37.556,1,0,learned,2.6110,60.0977,1.3954,-0.7270,2.7917,2.8848,-0.4185,1.2891,2.9031,0.9908,1.3848,12.3908,-0.1063,3.0000,0.0000,0.0000,0,14.5153,983.2989,633.1098,808.2043,-175.0945,8.4236,1.0930,990.6295,642.6263
37.606,1,0,learned,2.5802,60.2470,1.3731,-0.7003,2.8076,2.8936,-0.4395,1.2837,2.9031,1.0488,1.3848,12.2551,-0.0894,3.0000,0.0000,0.0000,0,14.5153,974.0306,698.5077,836.2692,-137.7614,8.4167,1.4889,980.9583,708.4134
37.656,1,0,learned,2.5531,60.3890,1.3599,-0.6731,2.8378,2.9166,-0.4482,1.2790,2.9031,1.1017,1.3848,12.1257,-0.0810,3.0000,0.0000,0.0000,0,14.5153,993.7657,701.5752,847.6704,-146.0952,8.3370,1.7101,1000.0000,711.6223
37.706,1,0,learned,2.5531,60.3890,1.3512,-0.6731,2.8378,2.9166,-0.4280,1.2790,2.9031,1.1017,1.3848,12.1257,-0.0722,3.0000,0.0000,0.0000,0,14.5153,985.4691,718.2591,851.8641,-133.6050,8.3305,1.5991,992.2005,728.1887
37.756,1,0,learned,2.5267,60.5411,1.3296,-0.6401,2.8552,2.9261,-0.4185,1.2740,2.9031,1.1558,1.3848,11.9868,-0.0557,3.0000,0.0000,0.0000,0,14.5153,982.0211,732.1566,857.0888,-124.9322,8.3237,1.7399,988.6048,742.2202
37.806,1,0,learned,2.5041,60.6859,1.3170,-0.6061,2.8875,2.9505,-0.4178,1.2697,2.9031,1.2047,1.3848,11.8542,-0.0473,3.0000,0.0000,0.0000,0,14.5153,984.7030,723.4452,854.0741,-130.6289,8.2434,1.8697,991.0767,733.5582
37.857,1,0,learned,2.5041,60.6859,1.3045,-0.6061,2.8875,2.9505,-0.3992,1.2697,2.9031,1.2047,1.3848,11.8542,-0.0347,3.0000,0.0000,0.0000,0,14.5153,980.5064,652.9852,816.7458,-163.7606,8.2137,1.7474,986.9726,662.9462
37.906,1,0,learned,2.4828,60.8413,1.2841,-0.5668,2.9075,2.9623,-0.3935,1.2652,2.9031,1.2544,1.3848,11.7115,-0.0189,3.0000,0.0000,0.0000,0,14.5153,976.3759,726.9736,851.6748,-124.7012,8.2073,1.9199,982.6633,737.1007
37.956,1,0,learned,2.4652,60.9893,1.2761,-0.5266,2.9427,2.9894,-0.4035,1.2615,2.9031,1.2990,1.3848,11.5751,-0.0146,3.0000,0.0000,0.0000,0,14.5153,988.1733,685.8735,837.0234,-151.1499,8.1130,2.0806,994.2056,696.0671
38.006,1,0,learned,2.4493,61.1477,1.2563,-0.4827,2.9636,3.0026,-0.3745,1.2575,2.9031,1.3440,1.3848,11.4285,0.0012,3.0000,0.0000,0.0000,0,14.5153,993.5477,751.7654,872.6566,-120.8911,8.1071,2.0658,999.5890,761.9383
38.056,1,0,learned,2.4493,61.1477,1.2408,-0.4827,2.9636,3.0026,-0.3630,1.2575,2.9031,1.3440,1.3848,11.4285,0.0167,3.0000,0.0000,0.0000,0,14.5153,988.2604,784.4822,886.3713,-101.8891,8.0851,2.0506,994.2949,794.6179
38.106,1,0,learned,2.4367,61.2984,1.2370,-0.4384,2.9985,3.0304,-0.3550,1.2542,2.9031,1.3842,1.3848,11.2886,0.0172,3.0000,0.0000,0.0000,0,14.5153,988.6176,847.5310,918.0743,-70.5433,8.0212,2.1034,994.5354,857.6557
38.156,1,0,learned,2.4263,61.4596,1.2181,-0.3908,3.0192,3.0444,-0.3838,1.2508,2.9031,1.4243,1.3848,11.1383,0.0327,3.0000,0.0000,0.0000,0,14.5153,993.7053,796.9443,895.3248,-98.3805,7.9757,2.4454,999.2356,807.3654
38.206,1,0,learned,2.4263,61.4596,1.2033,-0.3908,3.0192,3.0444,-0.3528,1.2508,2.9031,1.4243,1.3848,11.1383,0.0475,3.0000,0.0000,0.0000,0,14.5153,985.9390,825.4312,905.6851,-80.2539,7.9624,2.2813,991.6201,835.6749
38.256,1,0,learned,2.4193,61.6131,1.1924,-0.3418,3.0545,3.0736,-0.3508,1.2481,2.9031,1.4595,1.3848,10.9947,0.0557,3.0000,0.0000,0.0000,0,14.5153,992.4523,810.5548,901.5036,-90.9487,7.8639,2.3508,997.9655,820.7696
38.307,1,0,learned,2.4151,61.7773,1.1746,-0.2894,3.0753,3.0889,-0.3488,1.2452,2.9031,1.4940,1.3848,10.8402,0.0706,3.0000,0.0000,0.0000,0,14.5153,986.1645,820.8373,903.5009,-82.6636,7.8383,2.4759,991.5269,831.1515
38.356,1,0,learned,2.4142,61.9332,1.1642,-0.2356,3.1099,3.1188,-0.3322,1.2430,2.9031,1.5238,1.3848,10.6929,0.0788,3.0000,0.0000,0.0000,0,14.5153,984.8281,853.9898,919.4090,-65.4192,7.7523,2.4482,990.1322,864.1902
38.406,1,0,learned,2.4142,61.9332,1.1506,-0.2356,3.1099,3.1188,-0.3257,1.2430,2.9031,1.5238,1.3848,10.6929,0.0924,3.0000,0.0000,0.0000,0,14.5153,982.2797,791.8760,887.0778,-95.2019,7.7205,2.4122,987.5880,802.0086
38.456,1,0,learned,2.4164,62.0997,1.1373,-0.1799,3.1282,3.1333,-0.3158,1.2407,2.9031,1.5524,1.3848,10.5347,0.1034,3.0000,0.0000,0.0000,0,14.5153,985.0410,772.6271,878.8340,-106.2070,7.7079,2.4342,990.3147,782.7692
38.506,1,0,learned,2.4214,62.2573,1.1307,-0.1231,3.1595,3.1619,-0.3262,1.2390,2.9031,1.5767,1.3848,10.3842,0.1083,3.0000,0.0000,0.0000,0,14.5153,987.9088,824.4603,906.1845,-81.7242,7.6293,2.5982,992.9399,834.6877
38.556,1,0,learned,2.4298,62.4252,1.1147,-0.0663,3.1733,3.1740,-0.3095,1.2372,2.9031,1.5995,1.3848,10.2232,0.1225,3.0000,0.0000,0.0000,0,14.5153,989.8107,846.2651,918.0379,-71.7728,7.6324,2.5974,994.8458,856.4949
38.606,1,0,learned,2.4402,62.5836,1.0991,-0.0095,3.1987,3.1987,-0.3018,1.2360,2.9031,1.6185,1.3848,10.0706,0.1369,3.0000,0.0000,0.0000,0,14.5153,989.9647,921.9444,955.9545,-34.0102,7.5653,2.6708,994.8591,932.1804
38.656,1,0,learned,2.4402,62.5836,1.0930,-0.0095,3.1987,3.1987,-0.3028,1.2360,2.9031,1.6185,1.3848,10.0706,0.1430,3.0000,0.0000,0.0000,0,14.5153,983.0726,964.0697,973.5712,-9.5014,7.5579,2.7255,987.9049,974.3532
38.706,1,0,learned,2.4542,62.7519,1.0778,0.0461,3.2062,3.2065,-0.2978,1.2346,2.9031,1.6359,1.3848,9.9077,0.1568,3.0000,0.0000,0.0000,0,14.5153,978.0870,953.8968,965.9919,-12.0951,7.5788,2.7869,982.8788,964.2626
38.756,1,0,learned,2.4701,62.9108,1.0660,0.1032,3.2268,3.2285,-0.2785,1.2338,2.9031,1.6497,1.3848,9.7532,0.1678,3.0000,0.0000,0.0000,0,14.5153,991.3423,930.6141,960.9782,-30.3641,7.5270,2.6969,996.1723,940.8380
38.806,1,0,learned,2.4902,63.0797,1.0517,0.1601,3.2313,3.2353,-0.2577,1.2329,2.9031,1.6611,1.3848,9.5879,0.1812,3.0000,0.0000,0.0000,0,14.5153,992.5464,893.4052,942.9758,-49.5706,7.5585,2.6108,997.4941,903.5744
38.856,1,0,learned,2.5122,63.2393,1.0407,0.2197,3.2499,3.2573,-0.2500,1.2326,2.9031,1.6690,1.3848,9.4309,0.1919,3.0000,0.0000,0.0000,0,14.5153,989.3881,915.0336,952.2109,-37.1773,7.5115,2.6199,994.2796,925.1650
38.906,1,0,learned,2.5122,63.2393,1.0354,0.2197,3.2499,3.2573,-0.2457,1.2326,2.9031,1.6690,1.3848,9.4309,0.1972,3.0000,0.0000,0.0000,0,14.5153,991.4510,948.0100,969.7305,-21.7205,7.5049,2.6285,996.3273,958.1434
38.956,1,0,learned,2.5386,63.4087,1.0250,0.2773,3.2515,3.2633,-0.2350,1.2323,2.9031,1.6744,1.3848,9.2633,0.2073,3.0000,0.0000,0.0000,0,14.5153,988.0829,937.8568,962.9699,-25.1130,7.5475,2.6114,993.0189,948.0157
39.006,1,0,learned,2.5662,63.5684,1.0149,0.3366,3.2665,3.2838,-0.2370,1.2325,2.9031,1.6769,1.3848,9.1044,0.2176,3.0000,0.0000,0.0000,0,14.5153,979.2269,950.2080,964.7174,-14.5094,7.5062,2.6789,984.0542,960.3931
39.056,1,0,learned,2.5662,63.5684,1.0051,0.3366,3.2665,3.2838,-0.2365,1.2325,2.9031,1.6769,1.3848,9.1044,0.2274,3.0000,0.0000,0.0000,0,14.5153,981.7736,959.0345,970.4041,-11.3696,7.4885,2.7171,986.5451,969.2401
39.106,1,0,learned,2.5984,63.7378,0.9956,0.3931,3.2650,3.2886,-0.2295,1.2326,2.9031,1.6766,1.3848,8.9349,0.2370,3.0000,0.0000,0.0000,0,14.5153,948.9300,961.0008,954.9654,6.0354,7.5434,2.7193,953.7541,971.2635
39.156,1,0,learned,2.6314,63.8976,0.9864,0.4522,3.2778,3.3089,-0.2238,1.2333,2.9031,1.6737,1.3848,8.7741,0.2469,3.0000,0.0000,0.0000,0,14.5153,952.7206,960.0834,956.4020,3.6814,7.5044,2.7130,957.5120,970.3008
39.206,1,0,learned,2.6694,64.0672,0.9775,0.5080,3.2743,3.3135,-0.2038,1.2339,2.9031,1.6677,1.3848,8.6026,0.2564,3.0000,0.0000,0.0000,0,14.5153,983.3788,951.7208,967.5498,-15.8290,7.5518,2.6151,988.3154,961.8877
39.256,1,0,learned,2.7079,64.2269,0.9689,0.5664,3.2849,3.3334,-0.1993,1.2350,2.9031,1.6595,1.3848,8.4400,0.2661,3.0000,0.0000,0.0000,0,14.5153,978.1074,941.5161,959.8118,-18.2957,7.5155,2.6031,983.0198,951.6348
39.307,1,0,learned,2.7079,64.2269,0.9606,0.5664,3.2849,3.3334,-0.2165,1.2350,2.9031,1.6595,1.3848,8.4400,0.2744,3.0000,0.0000,0.0000,0,14.5153,949.3022,964.3613,956.8318,7.5296,7.5017,2.7717,954.0322,974.6347
39.356,1,0,learned,2.7513,64.3961,0.9507,0.6204,3.2786,3.3368,-0.1805,1.2361,2.9031,1.6480,1.3848,8.2669,0.2854,3.0000,0.0000,0.0000,0,14.5153,967.3973,969.3070,968.3522,0.9548,7.5604,2.5565,972.4012,979.4239
39.406,1,0,learned,2.7947,64.5553,0.9450,0.6770,3.2864,3.3554,-0.1905,1.2376,2.9031,1.6349,1.3848,8.1031,0.2927,3.0000,0.0000,0.0000,0,14.5153,954.2740,942.9340,948.6040,-5.6700,7.5308,2.6293,959.1754,953.0941
39.456,1,0,learned,2.8432,64.7238,0.9375,0.7280,3.2773,3.3572,-0.1705,1.2391,2.9031,1.6184,1.3848,7.9288,0.3016,3.0000,0.0000,0.0000,0,14.5153,889.7744,923.4679,906.6211,16.8467,7.6094,2.4889,894.8949,933.5662
39.506,1,0,learned,2.8911,64.8822,0.9303,0.7820,3.2817,3.3736,-0.1770,1.2410,2.9031,1.6006,1.3848,7.7642,0.3107,3.0000,0.0000,0.0000,0,14.5153,868.4784,930.3030,899.3907,30.9123,7.5897,2.5567,873.5114,940.4494
39.556,1,0,learned,2.8911,64.8822,0.9234,0.7820,3.2817,3.3736,-0.1595,1.2410,2.9031,1.6006,1.3848,7.7642,0.3176,3.0000,0.0000,0.0000,0,14.5153,887.2758,959.2579,923.2669,35.9911,7.5810,2.4712,892.3855,969.3102
39.606,1,0,learned,2.9441,65.0495,0.9151,0.8297,3.2690,3.3726,-0.1457,1.2429,2.9031,1.5794,1.3848,7.5893,0.3278,3.0000,0.0000,0.0000,0,14.5153,822.9608,979.6668,901.3138,78.3530,7.6680,2.4012,828.2275,989.7360
39.656,1,0,learned,2.9959,65.2062,0.9104,0.8794,3.2679,3.3841,-0.1555,1.2451,2.9031,1.5575,1.3848,7.4248,0.3347,3.0000,0.0000,0.0000,0,14.5153,816.6908,964.0873,890.3891,73.6982,7.6706,2.4765,821.8849,974.2344
39.706,1,0,learned,3.0526,65.3710,0.9028,0.9216,3.2484,3.3766,-0.1188,1.2471,2.9031,1.5323,1.3848,7.2509,0.3443,3.0000,0.0000,0.0000,0,14.5153,846.8896,955.9634,901.4265,54.5369,7.7786,2.2374,852.4308,965.9795
39.756,1,0,learned,3.1077,65.5252,0.8986,0.9669,3.2409,3.3820,-0.1462,1.2495,2.9031,1.5066,1.3848,7.0875,0.3509,3.0000,0.0000,0.0000,0,14.5153,827.7810,964.9785,896.3798,68.5988,7.8076,2.4557,833.1329,975.2418
39.806,1,0,learned,3.1077,65.5252,0.8933,0.9669,3.2409,3.3820,-0.1160,1.2495,2.9031,1.5066,1.3848,7.0875,0.3562,3.0000,0.0000,0.0000,0,14.5153,796.7795,952.4388,874.6091,77.8297,7.8142,2.2359,802.3577,962.4890
39.856,1,0,learned,3.1678,65.6871,0.8872,1.0048,3.2154,3.3688,-0.0882,1.2519,2.9031,1.4775,1.3848,6.9149,0.3647,3.0000,0.0000,0.0000,0,14.5153,826.8047,951.9831,889.3939,62.5892,7.9476,2.0629,832.6894,961.9936
39.906,1,0,learned,3.2260,65.8383,0.8839,1.0460,3.2024,3.3689,-0.1000,1.2545,2.9031,1.4484,1.3848,6.7530,0.3706,3.0000,0.0000,0.0000,0,14.5153,828.9560,963.6135,896.2848,67.3288,8.0030,2.1648,834.7943,973.7813
39.956,1,0,learned,3.2891,65.9971,0.8798,1.0795,3.1727,3.3514,-0.0813,1.2571,2.9031,1.4157,1.3848,6.5822,0.3772,3.0000,0.0000,0.0000,0,14.5153,770.1187,950.3669,860.2428,90.1241,8.1703,2.0262,776.2628,960.5634
40.006,1,0,learned,3.3498,66.1453,0.8762,1.1166,3.1558,3.3476,-0.0635,1.2599,2.9031,1.3835,1.3848,6.4220,0.3837,3.0000,0.0000,0.0000,0,14.5153,702.2299,940.6485,821.4392,119.2093,8.2612,1.8845,708.6066,950.7943
40.056,1,0,learned,3.3498,66.1453,0.8729,1.1166,3.1558,3.3476,-0.0580,1.2599,2.9031,1.3835,1.3848,6.4220,0.3870,3.0000,0.0000,0.0000,0,14.5153,676.6239,948.0519,812.3379,135.7140,8.2623,1.8540,683.0322,958.1682
40.106,1,0,learned,3.4156,66.3011,0.8700,1.1465,3.1239,3.3276,-0.0638,1.2628,2.9031,1.3476,1.3848,6.2529,0.3927,3.0000,0.0000,0.0000,0,14.5153,705.7102,944.3767,825.0434,119.3333,8.4175,1.9149,712.2127,954.7091
40.156,1,0,learned,3.4788,66.4464,0.8676,1.1805,3.1046,3.3214,-0.0185,1.2658,2.9031,1.3124,1.3848,6.0944,0.3982,3.0000,0.0000,0.0000,0,14.5153,713.4160,967.8506,840.6333,127.2173,8.5111,1.5878,720.3393,977.9494
40.206,1,0,learned,3.5469,66.5986,0.8656,1.2063,3.0688,3.2974,-0.0302,1.2689,2.9031,1.2736,1.3848,5.9278,0.4033,3.0000,0.0000,0.0000,0,14.5153,649.0509,954.3115,801.6812,152.6303,8.6985,1.6675,656.0819,964.6774
40.256,1,0,learned,3.6121,66.7401,0.8642,1.2367,3.0449,3.2865,-0.0132,1.2722,2.9031,1.2357,1.3848,5.7720,0.4080,3.0000,0.0000,0.0000,0,14.5153,671.3540,951.2349,811.2945,139.9404,8.8049,1.5419,678.6170,961.5818
40.306,1,0,learned,3.6121,66.7401,0.8633,1.2367,3.0449,3.2865,0.0027,1.2722,2.9031,1.2357,1.3848,5.7720,0.4089,3.0000,0.0000,0.0000,0,14.5153,689.1809,958.7915,823.9862,134.8053,8.8041,1.4315,696.5534,969.0271
40.356,1,0,learned,3.6825,66.8886,0.8629,1.2599,3.0068,3.2601,0.0173,1.2755,2.9031,1.1940,1.3848,5.6078,0.4127,3.0000,0.0000,0.0000,0,14.5153,693.3830,956.5721,824.9776,131.5946,8.9947,1.3223,701.0554,966.8891
40.406,1,0,learned,3.7497,67.0268,0.8630,1.2884,2.9813,3.2478,0.0365,1.2791,2.9031,1.1534,1.3848,5.4543,0.4161,3.0000,0.0000,0.0000,0,14.5153,645.4717,928.7309,787.1013,141.6296,9.1177,1.1553,653.4341,939.0039
40.456,1,0,learned,3.8222,67.1717,0.8636,1.3095,2.9426,3.2208,0.0312,1.2827,2.9031,1.1090,1.3848,5.2926,0.4191,3.0000,0.0000,0.0000,0,14.5153,578.6334,934.6368,756.6351,178.0017,9.3144,1.1761,586.7717,945.1273
40.506,1,0,learned,3.8916,67.3070,0.8651,1.3364,2.9176,3.2092,0.0590,1.2865,2.9031,1.0659,1.3848,5.1411,0.4214,3.0000,0.0000,0.0000,0,14.5153,588.8145,941.5090,765.1618,176.3473,9.4218,0.9542,597.2821,951.8851
40.557,1,0,learned,3.8916,67.3070,0.8663,1.3364,2.9176,3.2092,0.0788,1.2865,2.9031,1.0659,1.3848,5.1411,0.4202,3.0000,0.0000,0.0000,0,14.5153,490.6191,921.9719,706.2955,215.6764,9.4411,0.7870,499.2732,932.2000
40.606,1,0,learned,3.9659,67.4488,0.8685,1.3552,2.8794,3.1824,0.0683,1.2904,2.8924,1.0190,1.3848,4.9816,0.4220,3.0000,0.0000,0.0000,0,14.5153,504.4415,951.9175,728.1795,223.7380,9.5337,0.8621,513.1131,962.3132
40.660,1,0,learned,4.0366,67.5806,0.8704,1.3786,2.8529,3.1685,0.0863,1.2944,2.8060,0.9740,1.3848,4.8328,0.4240,3.0000,0.0000,0.0000,0,14.5153,500.3107,940.0685,720.1896,219.8789,8.9492,0.7918,508.4682,949.8095
40.707,1,0,learned,4.0366,67.5806,0.8736,1.3786,2.8529,3.1685,0.1200,1.2944,2.8060,0.9740,1.3848,4.8328,0.4208,3.0000,0.0000,0.0000,0,14.5153,557.5249,938.2288,747.8768,190.3519,8.9502,0.5295,565.9456,947.7085
40.756,1,0,learned,4.1121,67.7183,0.8774,1.3931,2.8119,3.1381,0.1190,1.2985,2.7154,0.9253,1.3848,4.6768,0.4212,3.0000,0.0000,0.0000,0,14.5153,532.3683,943.9425,738.1554,205.7871,8.4123,0.5944,540.1862,952.9492
40.806,1,0,learned,4.1836,67.8461,0.8819,1.4125,2.7818,3.1199,0.1408,1.3027,2.6311,0.8786,1.3848,4.5316,0.4208,3.0000,0.0000,0.0000,0,14.5153,497.3063,927.9867,712.6465,215.3402,7.8574,0.4698,504.6939,936.3138
40.856,1,0,learned,4.2600,67.9796,0.8884,1.4238,2.7391,3.0870,0.1655,1.3070,2.5427,0.8283,1.3848,4.3793,0.4186,3.0000,0.0000,0.0000,0,14.5153,487.9707,929.0116,708.4911,220.5204,7.3386,0.3130,494.9964,936.6632
40.907,1,0,learned,4.3324,68.1039,0.8927,1.4410,2.7093,3.0687,0.1735,1.3113,2.4601,0.7801,1.3848,4.2371,0.4186,3.0000,0.0000,0.0000,0,14.5153,441.4166,941.8847,691.6507,250.2340,6.7769,0.2911,447.9024,948.9528
40.956,1,0,learned,4.3324,68.1039,0.8975,1.4410,2.7093,3.0687,0.1740,1.3113,2.4601,0.7801,1.3848,4.2371,0.4139,3.0000,0.0000,0.0000,0,14.5153,402.8343,944.5801,673.7072,270.8729,6.7868,0.2625,409.3586,951.6294
41.006,1,0,learned,4.4097,68.2341,0.9060,1.4500,2.6680,3.0366,0.2030,1.3159,2.3734,0.7282,1.3848,4.0878,0.4099,3.0000,0.0000,0.0000,0,14.5153,395.8980,887.7229,641.8105,245.9124,6.2754,0.0350,402.1384,894.0334
41.056,1,0,learned,4.4828,68.3551,0.9116,1.4647,2.6385,3.0178,0.1990,1.3204,2.2927,0.6787,1.3848,3.9488,0.4088,3.0000,0.0000,0.0000,0,14.5153,409.9677,831.5567,620.7622,210.7945,5.7182,0.0844,415.6015,837.3593
41.107,1,0,learned,4.5607,68.4815,0.9217,1.4710,2.5970,2.9847,0.2368,1.3251,2.2082,0.6256,1.3848,3.8032,0.4034,3.0000,0.0000,0.0000,0,14.5153,314.2609,829.7991,572.0300,257.7691,5.2253,-0.2365,319.7227,834.7879
41.156,1,0,learned,4.6340,68.5988,0.9305,1.4826,2.5663,2.9637,0.2660,1.3297,2.1297,0.5752,1.3848,3.6680,0.3993,3.0000,0.0000,0.0000,0,14.5153,335.5962,876.1530,605.8746,270.2784,4.6747,-0.5027,340.7736,880.3251
41.206,1,0,learned,4.7116,68.7211,0.9423,1.4845,2.5236,2.9278,0.2722,1.3346,2.0477,0.5216,1.3848,3.5268,0.3923,3.0000,0.0000,0.0000,0,14.5153,312.0897,834.0647,573.0772,260.9875,4.2004,-0.6030,316.8931,837.6621
41.257,1,0,learned,4.7116,68.7211,0.9498,1.4845,2.5236,2.9278,0.2870,1.3346,2.0477,0.5216,1.3848,3.5268,0.3848,3.0000,0.0000,0.0000,0,14.5153,230.5963,731.3770,480.9866,250.3903,4.2452,-0.7832,235.6248,734.8390
41.306,1,0,learned,4.7844,68.8344,0.9603,1.4908,2.4908,2.9028,0.2870,1.3393,1.9718,0.4710,1.3848,3.3960,0.3790,3.0000,0.0000,0.0000,0,14.5153,240.8520,685.7218,463.2869,222.4349,3.7479,-0.8394,245.4393,688.6304
41.356,1,0,learned,4.8613,68.9525,0.9713,1.4886,2.4470,2.8642,0.3098,1.3443,1.8926,0.4172,1.3848,3.2597,0.3730,3.0000,0.0000,0.0000,0,14.5153,306.0172,641.2685,473.6429,167.6256,3.3025,-1.1326,310.4524,643.4384
41.406,1,0,learned,4.9333,69.0617,0.9828,1.4907,2.4124,2.8359,0.3210,1.3490,1.8195,0.3667,1.3848,3.1338,0.3662,3.0000,0.0000,0.0000,0,14.5153,227.3050,681.1100,454.2075,226.9025,2.8325,-1.2919,231.4295,682.6506
41.457,1,0,learned,4.9333,69.0617,0.9918,1.4907,2.4124,2.8359,0.3145,1.3490,1.8195,0.3667,1.3848,3.1338,0.3572,3.0000,0.0000,0.0000,0,14.5153,165.2170,615.2774,390.2472,225.0302,2.8602,-1.2919,169.3691,616.8456
41.506,1,0,learned,5.0086,69.1747,1.0071,1.4822,2.3647,2.7909,0.3143,1.3540,1.7440,0.3136,1.3848,3.0037,0.3469,3.0000,0.0000,0.0000,0,14.5153,93.6184,616.1135,354.8659,261.2476,2.4763,-1.3886,97.4833,617.2012
41.556,1,0,learned,5.0785,69.2789,1.0197,1.4771,2.3260,2.7554,0.3270,1.3708,3.6493,0.3126,1.4017,21.1157,0.3511,3.0000,0.0000,0.0000,0,18.2464,79.5612,591.0501,335.3056,255.7444,8.5908,-5.9550,94.1070,593.6860
41.606,1,0,learned,5.1515,69.3866,1.0293,1.4624,2.2750,2.7045,0.3357,1.3759,3.6493,0.2588,1.4017,20.9966,0.3466,3.0000,0.0000,0.0000,0,18.2464,118.4327,519.2727,318.8527,200.4200,8.8512,-6.0360,133.3199,522.0878
41.656,1,0,learned,5.2191,69.4851,1.0457,1.4513,2.2303,2.6609,0.3350,1.3808,3.6493,0.2088,1.4017,20.8876,0.3351,3.0000,0.0000,0.0000,0,18.2464,103.0812,447.9716,275.5264,172.4452,9.0924,-6.0683,118.2419,450.9958
41.706,1,0,learned,5.2191,69.4851,1.0558,1.4513,2.2303,2.6609,0.3480,1.3808,3.6493,0.2088,1.4017,20.8876,0.3250,3.0000,0.0000,0.0000,0,18.2464,133.9459,553.5730,343.7595,209.8136,9.1292,-6.2206,149.2957,556.4816
41.756,1,0,learned,5.2893,69.5862,1.0728,1.4312,2.1730,2.6019,0.3385,1.3858,3.6493,0.1566,1.4017,20.7757,0.3130,3.0000,0.0000,0.0000,0,18.2464,213.2793,655.4873,434.3833,221.1040,9.4629,-6.3173,229.0595,658.6329
41.806,1,0,learned,5.3540,69.6784,1.0798,1.4147,2.1228,2.5510,0.3540,1.3906,3.6493,0.1083,1.4017,20.6735,0.3109,3.0000,0.0000,0.0000,0,18.2464,314.3717,757.6616,536.0166,221.6449,9.7417,-6.5205,330.6339,760.8828
41.856,1,0,learned,5.3540,69.6784,1.0937,1.4147,2.1228,2.5510,0.3560,1.3906,3.6493,0.1083,1.4017,20.6735,0.2969,3.0000,0.0000,0.0000,0,18.2464,423.7827,846.1040,634.9434,211.1607,9.7666,-6.6127,440.1619,849.2579
41.906,1,0,learned,5.4213,69.7734,1.1113,1.3905,2.0635,2.4883,0.3435,1.3957,3.6493,0.0580,1.4017,20.5684,0.2844,3.0000,0.0000,0.0000,0,18.2464,533.6210,919.1631,726.3920,192.7710,10.1088,-6.6632,550.3931,922.6087
41.956,1,0,learned,5.4841,69.8615,1.1219,1.3739,2.0178,2.4412,0.3625,1.4005,3.6493,0.0110,1.4017,20.4709,0.2786,3.0000,0.0000,0.0000,0,18.2464,579.0621,962.9917,771.0269,191.9648,10.3738,-6.8427,596.2786,966.5229
42.006,1,0,learned,5.5508,69.9552,1.1362,1.3558,1.9746,2.3953,0.3650,1.4057,3.6493,-0.0390,1.4017,20.3674,0.2695,3.0000,0.0000,0.0000,0,18.2464,572.0016,997.0272,784.5144,212.5128,10.6439,-6.9353,589.5808,1000.0000
42.056,1,0,learned,5.6144,70.0452,1.1506,1.3497,1.9547,2.3754,0.3633,1.4107,3.6493,-0.0866,1.4017,20.2681,0.2601,3.0000,0.0000,0.0000,0,18.2464,623.6546,991.5719,807.6132,183.9587,10.7713,-6.9899,641.4157,995.3533
42.106,1,0,learned,5.6144,70.0452,1.1614,1.3497,1.9547,2.3754,0.3530,1.4107,3.6493,-0.0866,1.4017,20.2681,0.2493,3.0000,0.0000,0.0000,0,18.2464,528.2109,982.0297,755.1203,226.9094,10.7998,-6.9452,545.9559,985.8843
42.157,1,0,learned,5.6831,70.1437,1.1795,1.3439,1.9427,2.3623,0.3733,1.4161,3.6493,-0.1377,1.4017,20.1597,0.2366,3.0000,0.0000,0.0000,0,18.2464,622.3537,978.3440,800.3489,177.9952,10.8997,-7.1261,640.3796,982.1176
42.206,1,0,learned,5.7491,70.2400,1.1867,1.3502,1.9553,2.3762,0.3405,1.4212,3.6493,-0.1866,1.4017,20.0541,0.2345,3.0000,0.0000,0.0000,0,18.2464,679.8540,986.3738,833.1139,153.2599,10.8533,-7.0286,697.7359,990.1985
42.260,1,0,learned,5.7491,70.2400,1.2012,1.3502,1.9553,2.3762,0.3670,1.4212,3.6493,-0.1866,1.4017,20.0541,0.2199,3.0000,0.0000,0.0000,0,18.2464,585.6306,990.4908,788.0607,202.4301,10.8957,-7.1878,603.7140,994.1987
42.306,1,0,learned,5.8206,70.3460,1.2195,1.3550,1.9720,2.3927,0.3690,1.4266,3.6493,-0.2392,1.4017,19.9381,0.2071,3.0000,0.0000,0.0000,0,18.2464,652.0109,997.8692,824.9400,172.9292,10.8614,-7.2914,670.1637,1000.0000
42.356,1,0,learned,5.8891,70.4498,1.2304,1.3697,2.0100,2.4323,0.3598,1.4316,3.6493,-0.2893,1.4017,19.8249,0.2012,3.0000,0.0000,0.0000,0,18.2464,567.6862,985.8362,776.7612,209.0750,10.7242,-7.3199,585.7303,989.2405
42.406,1,0,learned,5.9631,70.5643,1.2449,1.3801,2.0487,2.4702,0.3495,1.4370,3.6493,-0.3429,1.4017,19.7004,0.1920,3.0000,0.0000,0.0000,0,18.2464,656.2569,970.8691,813.5630,157.3061,10.5775,-7.3537,674.1881,974.0928
42.457,1,0,learned,6.0337,70.6764,1.2595,1.3984,2.1057,2.5278,0.3425,1.4418,3.6493,-0.3936,1.4017,19.5791,0.1823,3.0000,0.0000,0.0000,0,18.2464,578.2861,968.9936,773.6399,195.3538,10.3707,-7.4129,596.0697,971.9514
42.506,1,0,learned,6.0337,70.6764,1.2704,1.3984,2.1057,2.5278,0.3445,1.4418,3.6493,-0.3936,1.4017,19.5791,0.1714,3.0000,0.0000,0.0000,0,18.2464,660.8800,984.9046,822.8923,162.0123,10.3789,-7.4491,678.7080,987.8344
42.556,1,0,learned,6.1093,70.7995,1.2885,1.4096,2.1580,2.5776,0.3483,1.4470,3.6493,-0.4475,1.4017,19.4462,0.1585,3.0000,0.0000,0.0000,0,18.2464,671.3941,982.2050,826.7995,155.4055,10.2066,-7.5720,689.1727,984.8396
42.606,1,0,learned,6.1810,70.9190,1.2993,1.4261,2.2243,2.6422,0.3555,1.4516,3.6493,-0.4979,1.4017,19.3176,0.1523,3.0000,0.0000,0.0000,0,18.2464,723.7582,991.0281,857.3931,133.6349,9.9517,-7.7124,741.4223,993.2674
42.656,1,0,learned,6.2569,71.0491,1.3172,1.4331,2.2798,2.6928,0.3438,1.4565,3.6493,-0.5510,1.4017,19.1781,0.1392,3.0000,0.0000,0.0000,0,18.2464,720.3616,987.1365,853.7490,133.3874,9.7835,-7.7534,737.8984,989.1666
42.706,1,0,learned,6.3283,71.1744,1.3315,1.4438,2.3461,2.7548,0.3397,1.4608,3.6493,-0.6002,1.4017,19.0441,0.1293,3.0000,0.0000,0.0000,0,18.2464,690.9403,990.3492,840.6447,149.7044,9.5672,-7.8329,708.3404,992.0834
42.756,1,0,learned,6.3283,71.1744,1.3422,1.4438,2.3461,2.7548,0.3435,1.4608,3.6493,-0.6002,1.4017,19.0441,0.1186,3.0000,0.0000,0.0000,0,18.2464,758.1350,995.7192,876.9271,118.7921,9.5749,-7.8726,775.5824,997.4215
42.806,1,0,learned,6.4034,71.3100,1.3597,1.4439,2.3984,2.7995,0.3478,1.4654,3.6493,-0.6514,1.4017,18.8996,0.1057,3.0000,0.0000,0.0000,0,18.2464,745.8044,988.9192,867.3618,121.5574,9.4443,-7.9929,763.2416,990.3706
42.856,1,0,learned,6.4735,71.4397,1.3667,1.4472,2.4591,2.8533,0.3193,1.4695,3.6493,-0.6987,1.4017,18.7617,0.1028,3.0000,0.0000,0.0000,0,18.2464,716.4799,985.4412,850.9605,134.4807,9.2538,-7.9238,733.6576,986.7712
42.907,1,0,learned,6.4735,71.4397,1.3805,1.4472,2.4591,2.8533,0.3242,1.4695,3.6493,-0.6987,1.4017,18.7617,0.0890,3.0000,0.0000,0.0000,0,18.2464,755.6636,993.8091,874.7363,119.0728,9.2734,-7.9758,772.9128,995.1067
42.956,1,0,learned,6.6152,71.7116,1.4009,1.4365,2.5549,2.9311,0.3302,1.4777,3.6493,-0.7925,1.4017,18.4738,0.0769,3.0000,0.0000,0.0000,0,18.2464,805.8556,990.0685,897.9621,92.1064,9.0377,-8.1767,823.0701,990.9295
43.006,1,0,learned,6.6152,71.7116,1.4076,1.4365,2.5549,2.9311,0.3168,1.4777,3.6493,-0.7925,1.4017,18.4738,0.0702,3.0000,0.0000,0.0000,0,18.2464,821.4176,990.0311,905.7244,84.3068,9.0442,-8.1149,838.5768,990.9605
43.056,1,0,learned,6.6865,71.8533,1.4242,1.4236,2.5892,2.9547,0.3390,1.4819,3.6493,-0.8390,1.4017,18.3243,0.0577,3.0000,0.0000,0.0000,0,18.2464,790.9097,985.7947,888.3522,97.4425,9.0232,-8.3181,808.2510,986.4997
43.106,1,0,learned,6.7527,71.9881,1.4339,1.4147,2.6326,2.9887,0.3060,1.4856,3.6493,-0.8816,1.4017,18.1825,0.0516,3.0000,0.0000,0.0000,0,18.2464,785.8023,991.7872,888.7948,102.9924,8.9313,-8.2212,802.9548,992.4973
43.156,1,0,learned,6.7527,71.9881,1.4468,1.4147,2.6326,2.9887,0.2913,1.4856,3.6493,-0.8816,1.4017,18.1825,0.0388,3.0000,0.0000,0.0000,0,18.2464,842.4381,990.9096,916.6738,74.2358,8.9398,-8.1634,859.5412,991.6861
43.206,1,0,learned,6.8218,72.1324,1.4625,1.3973,2.6612,3.0058,0.2830,1.4895,3.6493,-0.9253,1.4017,18.0310,0.0270,3.0000,0.0000,0.0000,0,18.2464,843.8252,992.9370,918.3811,74.5559,8.9387,-8.2003,860.9643,993.6753
43.256,1,0,learned,6.8857,72.2697,1.4717,1.3842,2.7011,3.0352,0.2863,1.4929,3.6493,-0.9652,1.4017,17.8872,0.0211,3.0000,0.0000,0.0000,0,18.2464,859.3438,989.3339,924.3389,64.9950,8.8692,-8.2870,876.5001,989.9161
43.306,1,0,learned,6.9522,72.4170,1.4869,1.3633,2.7275,3.0492,0.2918,1.4965,3.6493,-1.0060,1.4017,17.7333,0.0096,3.0000,0.0000,0.0000,0,18.2464,863.5680,987.2284,925.3982,61.8302,8.8844,-8.3885,880.8408,987.7243
43.356,1,0,learned,7.0136,72.5577,1.4957,1.3465,2.7681,3.0782,0.2567,1.4996,3.6493,-1.0429,1.4017,17.5867,0.0038,3.0000,0.0000,0.0000,0,18.2464,874.1943,985.4245,929.8094,55.6151,8.8147,-8.2659,891.2748,985.9732
43.406,1,0,learned,7.0136,72.5577,1.5073,1.3465,2.7681,3.0782,0.2652,1.4996,3.6493,-1.0429,1.4017,17.5867,-0.0078,3.0000,0.0000,0.0000,0,18.2464,873.3991,985.9598,929.6794,56.2803,8.8374,-8.3283,890.5649,986.4689
43.456,1,0,learned,7.0773,72.7091,1.5215,1.3219,2.7969,3.0936,0.2500,1.5028,3.6493,-1.0801,1.4017,17.4292,-0.0187,3.0000,0.0000,0.0000,0,18.2464,889.3566,990.4561,939.9063,50.5497,8.8442,-8.3158,906.5166,990.9845
43.506,1,0,learned,7.1357,72.8540,1.5297,1.3012,2.8410,3.1249,0.2710,1.5055,3.6493,-1.1134,1.4017,17.2790,-0.0243,3.0000,0.0000,0.0000,0,18.2464,894.2825,984.7220,939.5022,45.2198,8.7782,-8.4840,911.5447,985.0163
43.557,1,0,learned,7.1961,73.0099,1.5432,1.2730,2.8727,3.1422,0.2385,1.5083,3.6493,-1.1466,1.4017,17.1177,-0.0349,3.0000,0.0000,0.0000,0,18.2464,934.7038,976.8367,955.7702,21.0665,8.7690,-8.3669,951.8397,977.2387
43.607,1,0,learned,7.2513,73.1590,1.5510,1.2486,2.9192,3.1751,0.2422,1.5105,3.6493,-1.1760,1.4017,16.9638,-0.0405,3.0000,0.0000,0.0000,0,18.2464,945.0302,977.0472,961.0387,16.0085,8.6971,-8.4395,962.1668,977.3048
43.656,1,0,learned,7.2513,73.1590,1.5613,1.2486,2.9192,3.1751,0.2330,1.5105,3.6493,-1.1760,1.4017,16.9638,-0.0508,3.0000,0.0000,0.0000,0,18.2464,949.9537,979.1212,964.5374,14.5838,8.7134,-8.4065,967.0736,979.4282
43.706,1,0,learned,7.3081,73.3193,1.5737,1.2173,2.9518,3.1930,0.2180,1.5129,3.6493,-1.2050,1.4017,16.7987,-0.0608,3.0000,0.0000,0.0000,0,18.2464,953.5081,984.6585,969.0833,15.5752,8.7182,-8.3780,970.6043,984.9988
43.756,1,0,learned,7.3599,73.4721,1.5808,1.1895,2.9984,3.2258,0.2140,1.5147,3.6493,-1.2302,1.4017,16.6416,-0.0662,3.0000,0.0000,0.0000,0,18.2464,944.3297,978.9362,961.6330,17.3033,8.6518,-8.3953,961.3767,979.1927
43.807,1,0,learned,7.4128,73.6361,1.5925,1.1552,3.0293,3.2421,0.1940,1.5167,3.6493,-1.2548,1.4017,16.4734,-0.0758,3.0000,0.0000,0.0000,0,18.2464,921.4797,989.0765,955.2781,33.7984,8.6720,-8.3288,938.4805,989.4197
43.856,1,0,learned,7.4609,73.7919,1.5991,1.1245,3.0727,3.2720,0.2003,1.5181,3.6493,-1.2760,1.4017,16.3138,-0.0810,3.0000,0.0000,0.0000,0,18.2464,957.9394,976.9840,967.4617,9.5223,8.6099,-8.3916,974.9409,977.2022
43.907,1,0,learned,7.4609,73.7919,1.6078,1.1245,3.0727,3.2720,0.2058,1.5181,3.6493,-1.2760,1.4017,16.3138,-0.0897,3.0000,0.0000,0.0000,0,18.2464,940.0373,987.5750,963.8062,23.7689,8.6328,-8.4381,957.1082,987.7697
43.957,1,0,learned,7.5099,73.9583,1.6182,1.0881,3.0984,3.2839,0.1985,1.5197,3.6493,-1.2963,1.4017,16.1436,-0.0985,3.0000,0.0000,0.0000,0,18.2464,972.2852,984.2100,978.2476,5.9624,8.6587,-8.4256,989.3694,984.4431
44.006,1,0,learned,7.5543,74.1159,1.6243,1.0556,3.1353,3.3082,0.1820,1.5209,3.6493,-1.3136,1.4017,15.9827,-0.1034,3.0000,0.0000,0.0000,0,18.2464,959.2875,976.8832,968.0853,8.7979,8.6301,-8.3513,976.2689,977.1620
44.056,1,0,learned,7.5995,74.2837,1.6340,1.0183,3.1534,3.3138,0.1837,1.5223,3.6493,-1.3299,1.4017,15.8117,-0.1117,3.0000,0.0000,0.0000,0,18.2464,924.9814,978.0474,951.5144,26.5330,8.7007,-8.3682,942.0502,978.3800
44.108,1,0,learned,7.6403,74.4422,1.6397,0.9847,3.1832,3.3320,0.1573,1.5232,3.6493,-1.3434,1.4017,15.6504,-0.1165,3.0000,0.0000,0.0000,0,18.2464,974.8959,972.9382,973.9170,-0.9789,8.6835,-8.2369,991.8163,973.3847
44.157,1,0,learned,7.6817,74.6107,1.6488,0.9469,3.1947,3.3321,0.1845,1.5243,3.6493,-1.3558,1.4017,15.4790,-0.1245,3.0000,0.0000,0.0000,0,18.2464,963.6078,986.5594,975.0836,11.4758,8.7788,-8.3894,980.7760,986.9488
44.206,1,0,learned,7.7190,74.7697,1.6576,0.9130,3.2182,3.3452,0.1583,1.5250,3.6493,-1.3658,1.4017,15.3175,-0.1326,3.0000,0.0000,0.0000,0,18.2464,967.2669,983.8298,975.5484,8.2814,8.8008,-8.2480,984.3157,984.3827
44.256,1,0,learned,7.7190,74.7697,1.6643,0.9130,3.2182,3.3452,0.1613,1.5250,3.6493,-1.3658,1.4017,15.3175,-0.1393,3.0000,0.0000,0.0000,0,18.2464,975.7971,984.2251,980.0111,4.2140,8.8111,-8.2761,992.8843,984.7602
44.306,1,0,learned,7.7567,74.9386,1.6709,0.8755,3.2243,3.3411,0.1537,1.5258,3.6493,-1.3746,1.4017,15.1461,-0.1451,3.0000,0.0000,0.0000,0,18.2464,957.4363,986.5776,972.0069,14.5706,8.9149,-8.2170,974.5683,987.2754
44.357,1,0,learned,7.7906,75.0982,1.6773,0.8416,3.2445,3.3519,0.1547,1.5262,3.6493,-1.3811,1.4017,14.9844,-0.1510,3.0000,0.0000,0.0000,0,18.2464,943.6940,988.5269,966.1104,22.4164,8.9526,-8.2108,960.8574,989.2686
44.406,1,0,learned,7.8247,75.2681,1.6850,0.8045,3.2490,3.3471,0.1435,1.5268,3.6493,-1.3862,1.4017,14.8124,-0.1582,3.0000,0.0000,0.0000,0,18.2464,963.3352,978.7775,971.0564,7.7212,9.0508,-8.1214,980.5073,979.7069
44.456,1,0,learned,7.8552,75.4288,1.6909,0.7707,3.2688,3.3584,0.1408,1.5269,3.6493,-1.3892,1.4017,14.6499,-0.1641,3.0000,0.0000,0.0000,0,18.2464,994.4685,968.1348,981.3017,-13.1668,9.0735,-8.0850,1000.0000,969.1234
44.506,1,0,learned,7.8858,75.5999,1.6981,0.7342,3.2731,3.3545,0.1193,1.5270,3.6493,-1.3905,1.4017,14.4770,-0.1711,3.0000,0.0000,0.0000,0,18.2464,990.0952,967.3318,978.7135,-11.3817,9.1760,-7.9316,1000.0000,968.5762
44.556,1,0,learned,7.9131,75.7617,1.7037,0.7008,3.2927,3.3664,0.1390,1.5268,3.6493,-1.3901,1.4017,14.3136,-0.1769,3.0000,0.0000,0.0000,0,18.2464,972.8918,922.4902,947.6910,-25.2008,9.2008,-7.9812,990.0739,923.7098
44.606,1,0,learned,7.9131,75.7617,1.7092,0.7008,3.2927,3.3664,0.1200,1.5268,3.6493,-1.3901,1.4017,14.3136,-0.1824,3.0000,0.0000,0.0000,0,18.2464,978.6754,973.9670,976.3212,-2.3542,9.2202,-7.9190,995.8145,975.2682
44.657,1,0,learned,7.9401,75.9340,1.7132,0.6646,3.2967,3.3630,0.1207,1.5266,3.6493,-1.3878,1.4017,14.1399,-0.1865,3.0000,0.0000,0.0000,0,18.2464,973.7782,929.2343,951.5063,-22.2719,9.3075,-7.8457,990.9314,930.6961
44.707,1,0,learned,7.9639,76.0968,1.7195,0.6308,3.3157,3.3752,0.1242,1.5261,3.6493,-1.3838,1.4017,13.9758,-0.1934,3.0000,0.0000,0.0000,0,18.2464,983.4602,970.4950,976.9776,-6.4826,9.3492,-7.8588,1000.0000,971.9853
44.756,1,0,learned,7.9873,76.2698,1.7244,0.5947,3.3181,3.3710,0.1028,1.5256,3.6493,-1.3778,1.4017,13.8016,-0.1988,3.0000,0.0000,0.0000,0,18.2464,969.5004,964.6463,967.0734,-2.4270,9.4532,-7.6775,986.6311,966.4220
44.806,1,0,learned,8.0077,76.4331,1.7291,0.5609,3.3349,3.3817,0.0960,1.5248,3.6493,-1.3704,1.4017,13.6372,-0.2043,3.0000,0.0000,0.0000,0,18.2464,970.1957,969.9311,970.0634,-0.1323,9.4903,-7.5978,987.2838,971.8237
44.857,1,0,learned,8.0077,76.4331,1.7335,0.5609,3.3349,3.3817,0.1008,1.5248,3.6493,-1.3704,1.4017,13.6372,-0.2087,3.0000,0.0000,0.0000,0,18.2464,984.8552,937.2717,961.0634,-23.7917,9.4860,-7.6128,1000.0000,939.1449
44.906,1,0,learned,8.0277,76.6066,1.7388,0.5255,3.3349,3.3761,0.0960,1.5240,3.6493,-1.3609,1.4017,13.4629,-0.2148,3.0000,0.0000,0.0000,0,18.2464,983.6391,863.8087,923.7239,-59.9152,9.5782,-7.4734,1000.0000,865.9135
44.956,1,0,learned,8.0450,76.7701,1.7419,0.4924,3.3495,3.3855,0.0890,1.5230,3.6493,-1.3504,1.4017,13.2985,-0.2189,3.0000,0.0000,0.0000,0,18.2464,971.7764,876.4577,924.1171,-47.6594,9.6238,-7.3842,988.7844,878.6974
45.006,1,0,learned,8.0617,76.9437,1.7467,0.4583,3.3470,3.3783,0.0833,1.5219,3.6493,-1.3377,1.4017,13.1242,-0.2248,3.0000,0.0000,0.0000,0,18.2464,970.3850,934.6653,952.5251,-17.8598,9.7595,-7.3139,987.4583,937.1109
45.056,1,0,learned,8.0760,77.1070,1.7495,0.4263,3.3581,3.3850,0.0730,1.5206,3.6493,-1.3243,1.4017,12.9603,-0.2289,3.0000,0.0000,0.0000,0,18.2464,960.1646,886.4225,923.2936,-36.8711,9.7989,-7.1580,977.1215,889.0635
45.106,1,0,learned,8.0896,77.2796,1.7546,0.3933,3.3505,3.3735,0.0635,1.5194,3.6493,-1.3086,1.4017,12.7872,-0.2351,3.0000,0.0000,0.0000,0,18.2464,983.9149,932.4414,958.1782,-25.7367,9.9460,-7.0509,1000.0000,935.3366
45.156,1,0,learned,8.1011,77.4420,1.7576,0.3624,3.3570,3.3765,0.0375,1.5179,3.6493,-1.2926,1.4017,12.6244,-0.2397,3.0000,0.0000,0.0000,0,18.2464,974.3925,902.3801,938.3863,-36.0062,10.0064,-6.8085,991.2073,905.5779
45.206,1,0,learned,8.1011,77.4420,1.7598,0.3624,3.3570,3.3765,0.0505,1.5179,3.6493,-1.2926,1.4017,12.6244,-0.2418,3.0000,0.0000,0.0000,0,18.2464,979.3376,904.7689,942.0532,-37.2843,10.0102,-6.8875,996.2353,907.8916
45.256,1,0,learned,8.1118,77.6139,1.7630,0.3310,3.3466,3.3630,0.0390,1.5165,3.6493,-1.2742,1.4017,12.4522,-0.2465,3.0000,0.0000,0.0000,0,18.2464,987.8857,927.0198,957.4528,-30.4330,10.1605,-6.7382,1000.0000,930.4420
45.307,1,0,learned,8.1205,77.7757,1.7654,0.3012,3.3514,3.3649,0.0493,1.5148,3.6493,-1.2556,1.4017,12.2902,-0.2506,3.0000,0.0000,0.0000,0,18.2464,977.2003,888.8843,933.0423,-44.1580,10.2248,-6.6876,994.1127,892.4215
45.357,1,0,learned,8.1283,77.9470,1.7676,0.2710,3.3403,3.3512,0.0435,1.5131,3.6493,-1.2344,1.4017,12.1187,-0.2544,3.0000,0.0000,0.0000,0,18.2464,981.6779,926.4536,954.0657,-27.6122,10.3810,-6.5698,998.6288,930.2648
45.406,1,0,learned,8.1344,78.1085,1.7695,0.2422,3.3448,3.3536,0.0333,1.5112,3.6493,-1.2133,1.4017,11.9572,-0.2583,3.0000,0.0000,0.0000,0,18.2464,970.3797,913.3845,941.8821,-28.4976,10.4496,-6.4109,987.2402,917.4231
45.456,1,0,learned,8.1344,78.1085,1.7713,0.2422,3.3448,3.3536,0.0267,1.5112,3.6493,-1.2133,1.4017,11.9572,-0.2601,3.0000,0.0000,0.0000,0,18.2464,968.3977,825.6893,897.0435,-71.3542,10.4265,-6.3236,985.1479,829.7921
45.508,1,0,learned,8.1395,78.2796,1.7728,0.2132,3.3340,3.3408,0.0380,1.5093,3.6493,-1.1894,1.4017,11.7861,-0.2636,3.0000,0.0000,0.0000,0,18.2464,981.9816,843.5062,912.7439,-69.2377,10.5723,-6.2853,998.8392,847.7932
45.557,1,0,learned,8.1430,78.4408,1.7745,0.1853,3.3391,3.3442,0.0288,1.5071,3.6493,-1.1658,1.4017,11.6250,-0.2674,3.0000,0.0000,0.0000,0,18.2464,978.5883,789.0417,883.8150,-94.7733,10.6221,-6.1033,995.3137,793.5605
45.607,1,0,learned,8.1455,78.6118,1.7754,0.1578,3.3287,3.3324,0.0045,1.5049,3.6493,-1.1394,1.4017,11.4543,-0.2705,3.0000,0.0000,0.0000,0,18.2464,986.7719,858.2363,922.5041,-64.2678,10.7787,-5.8820,1000.0000,863.1329
45.656,1,0,learned,8.1466,78.7724,1.7765,0.1310,3.3324,3.3350,-0.0143,1.5025,3.6493,-1.1135,1.4017,11.2940,-0.2740,3.0000,0.0000,0.0000,0,18.2464,987.4569,767.6886,877.5728,-109.8842,10.8198,-5.6181,1000.0000,772.8903
45.706,1,0,learned,8.1466,78.7724,1.7771,0.1310,3.3324,3.3350,-0.0095,1.5025,3.6493,-1.1135,1.4017,11.2940,-0.2746,3.0000,0.0000,0.0000,0,18.2464,987.7419,763.0953,875.4186,-112.3233,10.8194,-5.6439,1000.0000,768.2708
45.756,1,0,learned,8.1466,78.9423,1.7774,0.1046,3.3194,3.3210,-0.0037,1.5001,3.6493,-1.0849,1.4017,11.1245,-0.2772,3.0000,0.0000,0.0000,0,18.2464,984.3455,814.2017,899.2736,-85.0719,10.9830,-5.5734,1000.0000,819.6113
45.807,1,0,learned,8.1454,79.1020,1.7774,0.0787,3.3210,3.3219,-0.0210,1.4976,3.6493,-1.0568,1.4017,10.9653,-0.2798,3.0000,0.0000,0.0000,0,18.2464,970.4189,768.9961,869.7075,-100.7114,11.0456,-5.3336,986.7980,774.7081
45.856,1,0,learned,8.1429,79.2707,1.7769,0.0533,3.3056,3.3060,-0.0403,1.4950,3.6493,-1.0259,1.4017,10.7972,-0.2819,3.0000,0.0000,0.0000,0,18.2464,983.8163,759.0177,871.4170,-112.3993,11.1959,-5.0748,1000.0000,765.1388
45.907,1,0,learned,8.1394,79.4290,1.7764,0.0282,3.3038,3.3039,-0.0333,1.4923,3.6493,-0.9959,1.4017,10.6397,-0.2841,3.0000,0.0000,0.0000,0,18.2464,979.3401,697.5838,838.4619,-140.8781,11.2649,-4.9601,995.5650,703.8886
45.956,1,0,learned,8.1394,79.4290,1.7756,0.0282,3.3038,3.3039,-0.0420,1.4923,3.6493,-0.9959,1.4017,10.6397,-0.2833,3.0000,0.0000,0.0000,0,18.2464,951.2153,750.9805,851.0979,-100.1174,11.2842,-4.9338,967.4333,757.3309
46.006,1,0,learned,8.1346,79.5960,1.7739,0.0040,3.2856,3.2856,-0.0625,1.4895,3.6493,-0.9630,1.4017,10.4735,-0.2843,3.0000,0.0000,0.0000,0,18.2464,985.9191,806.4352,896.1772,-89.7419,11.4611,-4.6904,1000.0000,813.2060
46.056,1,0,learned,8.1290,79.7526,1.7730,-0.0199,3.2807,3.2808,-0.0648,1.4867,3.6493,-0.9312,1.4017,10.3178,-0.2863,3.0000,0.0000,0.0000,0,18.2464,980.2998,840.0087,910.1542,-70.1455,11.5713,-4.5607,996.4317,847.0193
46.106,1,0,learned,8.1221,79.9175,1.7704,-0.0424,3.2587,3.2590,-0.0770,1.4838,3.6493,-0.8967,1.4017,10.1540,-0.2866,3.0000,0.0000,0.0000,0,18.2464,983.4972,762.0941,872.7957,-110.7015,11.7274,-4.2858,999.5105,769.5358
46.156,1,0,learned,8.1148,80.0722,1.7673,-0.0646,3.2517,3.2523,-0.0950,1.4809,3.6493,-0.8634,1.4017,10.0004,-0.2864,3.0000,0.0000,0.0000,0,18.2464,982.9459,714.0543,848.5001,-134.4458,11.8167,-4.0148,998.7774,721.8563
46.207,1,0,learned,8.1148,80.0722,1.7659,-0.0646,3.2517,3.2523,-0.0783,1.4809,3.6493,-0.8634,1.4017,10.0004,-0.2850,3.0000,0.0000,0.0000,0,18.2464,982.4359,681.0431,831.7395,-150.6964,11.8048,-4.0961,998.3368,688.7519
46.256,1,0,learned,8.1061,80.2358,1.7621,-0.0851,3.2305,3.2316,-0.0940,1.4778,3.6493,-0.8273,1.4017,9.8381,-0.2843,3.0000,0.0000,0.0000,0,18.2464,980.0253,726.0547,853.0400,-126.9853,11.9943,-3.8532,995.8727,734.1958
46.306,1,0,learned,8.0971,80.3892,1.7596,-0.1056,3.2237,3.2254,-0.0927,1.4746,3.6493,-0.7926,1.4017,9.6861,-0.2849,3.0000,0.0000,0.0000,0,18.2464,969.6935,687.6412,828.6674,-141.0261,12.0866,-3.6998,985.4800,696.0280
46.356,1,0,learned,8.0971,80.3892,1.7559,-0.1056,3.2237,3.2254,-0.1170,1.4746,3.6493,-0.7926,1.4017,9.6861,-0.2813,3.0000,0.0000,0.0000,0,18.2464,980.5211,606.2668,793.3940,-187.1272,12.0545,-3.5124,996.0880,614.8090
46.406,1,0,learned,8.0867,80.5510,1.7519,-0.1246,3.2012,3.2036,-0.1220,1.4714,3.6493,-0.7550,1.4017,9.5258,-0.2805,3.0000,0.0000,0.0000,0,18.2464,973.0802,671.7881,822.4341,-150.6460,12.2564,-3.3355,988.6721,680.7089
46.456,1,0,learned,8.0761,80.7028,1.7475,-0.1437,3.1934,3.1966,-0.1178,1.4682,3.6493,-0.7191,1.4017,9.3756,-0.2793,3.0000,0.0000,0.0000,0,18.2464,985.7578,737.5673,861.6625,-124.0952,12.3799,-3.2357,1000.0000,746.7115
46.506,1,0,learned,8.0640,80.8628,1.7426,-0.1615,3.1702,3.1743,-0.1547,1.4648,3.6493,-0.6802,1.4017,9.2174,-0.2778,3.0000,0.0000,0.0000,0,18.2464,977.4658,757.5866,867.5262,-109.9396,12.5696,-2.8353,992.8708,767.3209
46.557,1,0,learned,8.0519,81.0127,1.7373,-0.1798,3.1608,3.1659,-0.1527,1.4614,3.6493,-0.6430,1.4017,9.0694,-0.2759,3.0000,0.0000,0.0000,0,18.2464,993.4940,697.6740,845.5840,-147.9100,12.6580,-2.6658,1000.0000,707.6662
46.606,1,0,learned,8.0519,81.0127,1.7316,-0.1798,3.1608,3.1659,-0.1673,1.4614,3.6493,-0.6430,1.4017,9.0694,-0.2702,3.0000,0.0000,0.0000,0,18.2464,980.6652,708.2547,844.4599,-136.2053,12.6555,-2.5721,995.8928,718.3381
46.656,1,0,learned,8.0382,81.1713,1.7240,-0.1962,3.1388,3.1449,-0.1743,1.4578,3.6493,-0.6029,1.4017,8.9129,-0.2662,3.0000,0.0000,0.0000,0,18.2464,980.5319,686.0241,833.2780,-147.2539,12.8213,-2.3310,995.6841,696.5144
46.706,1,0,learned,8.0248,81.3208,1.7225,-0.2129,3.1339,3.1411,-0.1760,1.4543,3.6493,-0.5645,1.4017,8.7656,-0.2682,3.0000,0.0000,0.0000,0,18.2464,990.3099,617.7132,804.0115,-186.2984,12.8906,-2.1483,1000.0000,628.4555
46.758,1,0,learned,8.0099,81.4792,1.7144,-0.2276,3.1163,3.1246,-0.1720,1.4506,3.6493,-0.5231,1.4017,8.6097,-0.2638,3.0000,0.0000,0.0000,0,18.2464,961.4444,692.6877,827.0660,-134.3783,13.0688,-2.0104,976.5235,703.7461
46.806,1,0,learned,7.9954,81.6282,1.7059,-0.2427,3.1139,3.1233,-0.2005,1.4469,3.6493,-0.4837,1.4017,8.4632,-0.2590,3.0000,0.0000,0.0000,0,18.2464,980.7414,687.3559,834.0487,-146.6928,13.1362,-1.6728,995.5504,698.8194
46.857,1,0,learned,7.9954,81.6282,1.7006,-0.2427,3.1139,3.1233,-0.2100,1.4469,3.6493,-0.4837,1.4017,8.4632,-0.2537,3.0000,0.0000,0.0000,0,18.2464,973.5360,661.0515,817.2937,-156.2422,13.1218,-1.5981,988.2559,672.5752
46.906,1,0,learned,7.9794,81.7858,1.6914,-0.2557,3.0973,3.1079,-0.2085,1.4430,3.6493,-0.4414,1.4017,8.3084,-0.2483,3.0000,0.0000,0.0000,0,18.2464,979.6341,735.0534,857.3437,-122.2903,13.2902,-1.4342,994.3585,746.9094
46.956,1,0,learned,7.9639,81.9341,1.6876,-0.2690,3.0958,3.1075,-0.2137,1.4393,3.6493,-0.4012,1.4017,8.1630,-0.2483,3.0000,0.0000,0.0000,0,18.2464,982.0954,782.7855,882.4404,-99.6549,13.3776,-1.2593,996.7323,794.9038
47.011,1,0,learned,7.9639,81.9341,1.6797,-0.2690,3.0958,3.1075,-0.2050,1.4393,3.6493,-0.4012,1.4017,8.1630,-0.2405,3.0000,0.0000,0.0000,0,18.2464,971.9274,687.0740,829.5007,-142.4267,13.3379,-1.2783,986.5437,699.1336
47.057,1,0,learned,7.9471,82.0912,1.6717,-0.2799,3.0808,3.0935,-0.2193,1.4353,3.6493,-0.3582,1.4017,8.0091,-0.2364,3.0000,0.0000,0.0000,0,18.2464,976.8850,724.6426,850.7638,-126.1212,13.4893,-1.0097,991.3840,737.1222
47.112,1,0,learned,7.9310,82.2393,1.6635,-0.2911,3.0817,3.0954,-0.2198,1.4315,3.6493,-0.3173,1.4017,7.8642,-0.2320,3.0000,0.0000,0.0000,0,18.2464,981.4256,702.8760,842.1508,-139.2748,13.5368,-0.8447,995.8072,715.5681
47.156,1,0,learned,7.9136,82.3966,1.6551,-0.2996,3.0702,3.0848,-0.2030,1.4274,3.6493,-0.2738,1.4017,7.7106,-0.2277,3.0000,0.0000,0.0000,0,18.2464,989.6032,724.9398,857.2715,-132.3317,13.6660,-0.7687,1000.0000,737.8372
47.206,1,0,learned,7.8971,82.5447,1.6466,-0.3086,3.0734,3.0889,-0.2078,1.4235,3.6493,-0.2325,1.4017,7.5661,-0.2231,3.0000,0.0000,0.0000,0,18.2464,987.6127,748.2399,867.9263,-119.6864,13.7173,-0.5901,1000.0000,761.3672
47.256,1,0,learned,7.8971,82.5447,1.6379,-0.3086,3.0734,3.0889,-0.2330,1.4235,3.6493,-0.2325,1.4017,7.5661,-0.2144,3.0000,0.0000,0.0000,0,18.2464,979.4233,698.4102,838.9167,-140.5066,13.6917,-0.4082,993.5232,711.6937
47.306,1,0,learned,7.8624,82.8502,1.6247,-0.3226,3.0685,3.0855,-0.2215,1.4155,3.6493,-0.1469,1.4017,7.2687,-0.2092,3.0000,0.0000,0.0000,0,18.2464,977.0304,649.8886,813.4595,-163.5709,13.8308,-0.1507,991.0119,663.5686
47.357,1,0,learned,7.8624,82.8502,1.6202,-0.3226,3.0685,3.0855,-0.1993,1.4155,3.6493,-0.1469,1.4017,7.2687,-0.2047,3.0000,0.0000,0.0000,0,18.2464,968.7519,710.9901,839.8710,-128.8809,13.8452,-0.2931,982.8903,724.5422
47.406,1,0,learned,7.8444,83.0077,1.6111,-0.3274,3.0606,3.0780,-0.2602,1.4113,3.6493,-0.1026,1.4017,7.1157,-0.1998,3.0000,0.0000,0.0000,0,18.2464,975.0460,738.8788,856.9624,-118.0836,13.9606,0.2684,988.7382,753.1079
47.456,1,0,learned,7.8272,83.1560,1.6019,-0.3334,3.0666,3.0846,-0.2328,1.4074,3.6493,-0.0608,1.4017,6.9719,-0.1946,3.0000,0.0000,0.0000,0,18.2464,973.3162,701.2218,837.2690,-136.0472,13.9767,0.2465,987.0465,715.4450
47.506,1,0,learned,7.8272,83.1560,1.5926,-0.3334,3.0666,3.0846,-0.2700,1.4074,3.6493,-0.0608,1.4017,6.9719,-0.1852,3.0000,0.0000,0.0000,0,18.2464,977.2231,685.7815,831.5023,-145.7208,13.9612,0.5031,990.6812,700.2458
47.556,1,0,learned,7.8090,83.3134,1.5807,-0.3370,3.0584,3.0770,-0.2315,1.4032,3.6493,-0.0163,1.4017,6.8196,-0.1775,3.0000,0.0000,0.0000,0,18.2464,979.7662,677.3756,828.5709,-151.1953,14.0607,0.4438,993.3830,691.8801
47.606,1,0,learned,7.7918,83.4619,1.5735,-0.3412,3.0658,3.0847,-0.2712,1.3992,3.6493,0.0257,1.4017,6.6761,-0.1743,3.0000,0.0000,0.0000,0,18.2464,981.8290,686.2755,834.0522,-147.7768,14.0889,0.8350,995.0828,701.1993
47.656,1,0,learned,7.7736,83.6197,1.5614,-0.3428,3.0594,3.0785,-0.2350,1.3950,3.6493,0.0701,1.4017,6.5240,-0.1663,3.0000,0.0000,0.0000,0,18.2464,982.9715,688.2655,835.6185,-147.3530,14.1836,0.7826,996.3725,703.2317
47.708,1,0,learned,7.7566,83.7684,1.5540,-0.3452,3.0673,3.0866,-0.2838,1.3911,3.6493,0.1120,1.4017,6.3808,-0.1629,3.0000,0.0000,0.0000,0,18.2464,981.0174,660.0189,820.5182,-160.4993,14.1977,1.2302,993.9849,675.4468
47.762,1,0,learned,7.7566,83.7684,1.5441,-0.3452,3.0673,3.0866,-0.2195,1.3911,3.6493,0.1120,1.4017,6.3808,-0.1530,3.0000,0.0000,0.0000,0,18.2464,991.7823,749.2369,870.5096,-121.2727,14.2123,0.8381,1000.0000,764.2873
47.806,1,0,learned,7.7386,83.9263,1.5315,-0.3452,3.0610,3.0804,-0.2898,1.3869,3.6493,0.1562,1.4017,6.2292,-0.1446,3.0000,0.0000,0.0000,0,18.2464,983.9295,791.1203,887.5249,-96.4046,14.3219,1.4629,996.7885,806.9051
47.856,1,0,learned,7.7219,84.0752,1.5239,-0.3460,3.0693,3.0887,-0.2308,1.3831,3.6493,0.1978,1.4017,6.0865,-0.1409,3.0000,0.0000,0.0000,0,18.2464,974.1771,778.5524,876.3647,-97.8124,14.3358,1.2148,987.2981,794.1030
47.906,1,0,learned,7.7043,84.2334,1.5110,-0.3442,3.0639,3.0832,-0.3060,1.3789,3.6493,0.2417,1.4017,5.9352,-0.1321,3.0000,0.0000,0.0000,0,18.2464,977.4843,780.8264,879.1554,-98.3290,14.4288,1.8721,990.0410,797.1273
47.956,1,0,learned,7.6882,84.3831,1.5007,-0.3425,3.0747,3.0937,-0.2285,1.3751,3.6493,0.2828,1.4017,5.7924,-0.1256,3.0000,0.0000,0.0000,0,18.2464,991.7410,764.2086,877.9748,-113.7662,14.4253,1.5067,1000.0000,780.1406
48.006,1,0,learned,7.6882,84.3831,1.4930,-0.3425,3.0747,3.0937,-0.3155,1.3751,3.6493,0.2828,1.4017,5.7924,-0.1179,3.0000,0.0000,0.0000,0,18.2464,985.7876,747.5041,866.6459,-119.1418,14.4141,2.0815,998.1202,763.9997
48.057,1,0,learned,7.6567,84.6934,1.4776,-0.3325,3.0871,3.1049,-0.3063,1.3673,3.6493,0.3661,1.4017,5.4971,-0.1103,3.0000,0.0000,0.0000,0,18.2464,982.9089,761.3002,872.1045,-110.8043,14.4909,2.2830,995.1168,778.0741
48.107,1,0,learned,7.6567,84.6934,1.4699,-0.3325,3.0871,3.1049,-0.2950,1.3673,3.6493,0.3661,1.4017,5.4971,-0.1026,3.0000,0.0000,0.0000,0,18.2464,988.1520,788.7939,888.4729,-99.6791,14.4901,2.2304,1000.0000,805.5144
48.156,1,0,learned,7.6415,84.8541,1.4573,-0.3247,3.0874,3.1045,-0.3008,1.3634,3.6493,0.4082,1.4017,5.3447,-0.0939,3.0000,0.0000,0.0000,0,18.2464,987.2860,816.1029,901.6945,-85.5916,14.5639,2.4190,999.4310,833.0858
48.206,1,0,learned,7.6277,85.0059,1.4496,-0.3173,3.1025,3.1187,-0.3040,1.3598,3.6493,0.4474,1.4017,5.2011,-0.0899,3.0000,0.0000,0.0000,0,18.2464,977.6803,821.3363,899.5083,-78.1720,14.5543,2.5414,989.6932,838.4320
48.257,1,0,learned,7.6138,85.1676,1.4371,-0.3073,3.1039,3.1191,-0.3000,1.3560,3.6493,0.4883,1.4017,5.0484,-0.0811,3.0000,0.0000,0.0000,0,18.2464,984.7978,832.8249,908.8114,-75.9864,14.6183,2.6603,996.7558,850.1035
48.311,1,0,learned,7.6015,85.3207,1.4271,-0.2969,3.1211,3.1352,-0.2018,1.3525,3.5793,0.5261,1.4017,4.9042,-0.0745,3.0000,0.0000,0.0000,0,18.2464,978.6839,811.1629,894.9234,-83.7605,14.0878,2.0115,990.7601,827.2622
48.356,1,0,learned,7.6015,85.3207,1.4196,-0.2969,3.1211,3.1352,-0.2058,1.3525,3.5793,0.5261,1.4017,4.9042,-0.0671,3.0000,0.0000,0.0000,0,18.2464,973.1624,804.0417,888.6021,-84.5604,14.0774,2.0538,985.1860,820.1728
48.406,1,0,learned,7.5895,85.4839,1.4098,-0.2836,3.1248,3.1376,-0.2928,1.3489,3.4674,0.5654,1.4017,4.7507,-0.0609,3.0000,0.0000,0.0000,0,18.2464,984.0545,746.2889,865.1717,-118.8828,13.3124,2.5876,994.7793,762.1889
48.457,1,0,learned,7.5792,85.6385,1.4001,-0.2699,3.1439,3.1555,-0.1908,1.3457,3.3616,0.6016,1.4017,4.6058,-0.0544,3.0000,0.0000,0.0000,0,18.2464,980.1090,747.3730,863.7410,-116.3680,12.4992,1.8310,990.7773,761.7032
48.507,1,0,learned,7.5693,85.8031,1.3882,-0.2539,3.1481,3.1584,-0.1857,1.3422,3.2492,0.6391,1.4017,4.4519,-0.0460,3.0000,0.0000,0.0000,0,18.2464,983.8932,793.1658,888.5295,-95.3637,11.7222,1.7585,993.8569,806.6465
48.556,1,0,learned,7.5609,85.9585,1.3787,-0.2381,3.1660,3.1750,-0.2993,1.3392,3.1435,0.6735,1.4017,4.3070,-0.0396,3.0000,0.0000,0.0000,0,18.2464,986.1367,839.1916,912.6641,-73.4726,10.9053,2.5014,994.5406,852.5983
48.606,1,0,learned,7.5609,85.9585,1.3693,-0.2381,3.1660,3.1750,-0.1690,1.3392,3.1435,0.6735,1.4017,4.3070,-0.0301,3.0000,0.0000,0.0000,0,18.2464,969.9361,812.5993,891.2677,-78.6684,10.8846,1.5972,979.2235,825.0811
48.656,1,0,learned,7.5530,86.1236,1.3621,-0.2212,3.1677,3.1754,-0.1653,1.3359,3.0315,0.7091,1.4017,4.1536,-0.0263,3.0000,0.0000,0.0000,0,18.2464,964.3478,809.4115,886.8796,-77.4682,10.0891,1.5139,972.9231,821.0145
48.707,1,0,learned,7.5464,86.2795,1.3504,-0.2040,3.1838,3.1903,-0.1728,1.3330,2.9262,0.7418,1.4017,4.0093,-0.0174,3.0000,0.0000,0.0000,0,18.2464,974.4523,761.8737,868.1630,-106.2893,9.2301,1.4990,982.1834,772.6029
48.756,1,0,learned,7.5408,86.4453,1.3411,-0.1851,3.1849,3.1903,-0.2940,1.3299,2.8145,0.7753,1.4017,3.8562,-0.0112,3.0000,0.0000,0.0000,0,18.2464,972.2805,749.7405,861.0105,-111.2700,8.4108,2.3746,978.3167,760.5259
48.806,1,0,learned,7.5365,86.6019,1.3318,-0.1658,3.2001,3.2044,-0.1753,1.3272,2.7095,0.8059,1.4017,3.7124,-0.0046,3.0000,0.0000,0.0000,0,18.2464,953.6057,768.6144,861.1101,-92.4956,7.5451,1.4149,959.7359,777.5743
48.857,1,0,learned,7.5365,86.6019,1.3226,-0.1658,3.2001,3.2044,-0.3013,1.3272,2.7095,0.8059,1.4017,3.7124,0.0046,3.0000,0.0000,0.0000,0,18.2464,960.1837,712.3363,836.2600,-123.9237,7.5299,2.4166,965.2969,722.2828
48.907,1,0,learned,7.5331,86.7679,1.3134,-0.1457,3.1987,3.2020,-0.1552,1.3243,2.5988,0.8372,1.4017,3.5607,0.0109,3.0000,0.0000,0.0000,0,18.2464,931.9720,677.6403,804.8062,-127.1658,6.7007,1.2354,937.4373,685.5764
48.956,1,0,learned,7.5309,86.9242,1.3065,-0.1259,3.2102,3.2127,-0.1690,1.3218,2.4951,0.8657,1.4017,3.4186,0.0153,3.0000,0.0000,0.0000,0,18.2464,879.7418,637.1846,758.4632,-121.2786,5.8391,1.2655,884.3154,644.2892
49.006,1,0,learned,7.5295,87.0897,1.2950,-0.1059,3.2046,3.2063,-0.1653,1.3191,2.3860,0.8949,1.4017,3.2691,0.0241,3.0000,0.0000,0.0000,0,18.2464,827.4004,581.3198,704.3601,-123.0403,5.0195,1.2110,831.2089,587.5503
49.056,1,0,learned,7.5291,87.2450,1.2857,-0.0866,3.2108,3.2120,-0.3118,1.3167,2.2844,0.9215,1.4017,3.1300,0.0310,3.0000,0.0000,0.0000,0,18.2464,884.2616,585.6656,734.9636,-149.2980,4.1643,2.4549,885.9710,592.2848
49.106,1,0,learned,7.5291,87.2450,1.2786,-0.0866,3.2108,3.2120,-0.3310,1.3167,2.2844,0.9215,1.4017,3.1300,0.0381,3.0000,0.0000,0.0000,0,18.2464,819.0104,631.2705,725.1405,-93.8699,4.1620,2.6764,820.4960,638.1089
49.157,1,0,learned,7.5294,87.4085,1.2668,-0.0682,3.1977,3.1984,-0.3232,1.3053,4.0000,0.9154,1.3899,22.9725,0.0385,3.0000,0.0000,0.0000,0,20.1133,763.5958,594.6269,679.1114,-84.4845,8.6309,-2.1724,774.3992,601.0854
49.206,1,0,learned,7.5302,87.5611,1.2596,-0.0510,3.1941,3.1945,-0.3337,1.3028,4.0000,0.9420,1.3899,22.8234,0.0433,3.0000,0.0000,0.0000,0,20.1133,715.4435,535.7332,625.5883,-89.8552,8.6961,-2.0182,726.1578,542.4110
49.256,1,0,learned,7.5319,87.7216,1.2475,-0.0345,3.1723,3.1725,-0.3232,1.3001,4.0000,0.9693,1.3899,22.6665,0.0525,3.0000,0.0000,0.0000,0,20.1133,761.8523,486.2331,624.0427,-137.8096,8.8432,-1.9714,772.6669,493.1049
49.306,1,0,learned,7.5342,87.8713,1.2378,-0.0179,3.1616,3.1617,-0.1470,1.2977,4.0000,0.9939,1.3899,22.5201,0.0598,3.0000,0.0000,0.0000,0,20.1133,741.6233,593.3673,667.4953,-74.1280,8.9973,-2.8215,753.4421,599.5432
49.357,1,0,learned,7.5342,87.8713,1.2281,-0.0179,3.1616,3.1617,-0.3340,1.2977,4.0000,0.9939,1.3899,22.5201,0.0695,3.0000,0.0000,0.0000,0,20.1133,778.7111,702.3793,740.5452,-38.1659,8.9731,-1.9561,789.6403,709.3963
49.408,1,0,learned,7.5373,88.0280,1.2184,-0.0023,3.1320,3.1320,-0.1568,1.2949,4.0000,1.0190,1.3899,22.3666,0.0766,3.0000,0.0000,0.0000,0,20.1133,834.1410,787.4771,810.8091,-23.3320,9.2145,-2.8048,846.1603,793.8868
49.456,1,0,learned,7.5408,88.1737,1.2062,0.0126,3.1126,3.1126,-0.1630,1.2926,4.0000,1.0419,1.3899,22.2239,0.0864,3.0000,0.0000,0.0000,0,20.1133,812.8342,801.2273,807.0307,-5.8035,9.3598,-2.7046,824.8986,807.8825
49.506,1,0,learned,7.5454,88.3266,1.1989,0.0279,3.0785,3.0786,-0.1380,1.2900,4.0000,1.0648,1.3899,22.0739,0.0911,3.0000,0.0000,0.0000,0,20.1133,910.1175,872.4891,891.3033,-18.8142,9.5977,-2.8110,922.5262,879.2758
49.556,1,0,learned,7.5512,88.4703,1.1870,0.0464,3.0615,3.0619,-0.1370,1.2878,4.0000,1.0850,1.3899,21.9326,0.1008,3.0000,0.0000,0.0000,0,20.1133,932.6141,943.0574,937.8357,5.2217,9.7399,-2.7868,945.1408,950.0105
49.606,1,0,learned,7.5512,88.4703,1.1800,0.0464,3.0615,3.0619,-0.1158,1.2878,4.0000,1.0850,1.3899,21.9326,0.1079,3.0000,0.0000,0.0000,0,20.1133,976.7557,968.5058,972.6308,-4.1249,9.7335,-2.8988,989.3881,975.3405
49.656,1,0,learned,7.5593,88.6229,1.1687,0.0682,3.0361,3.0369,-0.1125,1.2857,4.0000,1.1045,1.3899,21.7822,0.1170,3.0000,0.0000,0.0000,0,20.1133,968.5249,965.5715,967.0482,-1.4767,9.9082,-2.8412,981.2743,972.6385
49.706,1,0,learned,7.5689,88.7676,1.1599,0.0948,3.0316,3.0331,-0.3135,1.2841,4.0000,1.1210,1.3899,21.6392,0.1242,3.0000,0.0000,0.0000,0,20.1133,978.1062,962.2275,970.1668,-7.9393,9.9483,-1.7914,989.8459,970.3844
49.756,1,0,learned,7.5818,88.9226,1.1495,0.1252,3.0217,3.0243,-0.3083,1.2825,4.0000,1.1363,1.3899,21.4854,0.1330,3.0000,0.0000,0.0000,0,20.1133,959.0512,970.5031,964.7771,5.7259,10.0477,-1.7609,970.8597,978.7898
49.806,1,0,learned,7.5964,89.0707,1.1415,0.1613,3.0341,3.0384,-0.0830,1.2816,4.0000,1.1485,1.3899,21.3380,0.1400,3.0000,0.0000,0.0000,0,20.1133,940.1994,981.3500,960.7747,20.5753,10.0615,-2.8410,953.1019,988.5704
49.857,1,0,learned,7.6149,89.2298,1.1338,0.1999,3.0394,3.0459,-0.2840,1.2807,4.0000,1.1590,1.3899,21.1790,0.1469,3.0000,0.0000,0.0000,0,20.1133,865.6478,990.6257,928.1367,62.4889,10.0599,-1.7972,877.5049,998.8883
49.907,1,0,learned,7.6348,89.3817,1.1265,0.2431,3.0644,3.0741,-0.0590,1.2804,4.0000,1.1667,1.3899,21.0266,0.1540,3.0000,0.0000,0.0000,0,20.1133,952.5073,979.1884,965.8478,13.3405,9.9925,-2.8924,965.3921,986.2885
49.956,1,0,learned,7.6348,89.3817,1.1194,0.2431,3.0644,3.0741,-0.2760,1.2804,4.0000,1.1667,1.3899,21.0266,0.1610,3.0000,0.0000,0.0000,0,20.1133,940.0163,976.8323,958.4243,18.4080,9.9518,-1.7913,951.7594,984.9928
50.006,1,0,learned,7.6589,89.5448,1.1110,0.2870,3.0788,3.0922,-0.0285,1.2802,4.0000,1.1723,1.3899,20.8624,0.1691,3.0000,0.0000,0.0000,0,20.1133,919.4395,985.8979,952.6687,33.2292,9.9542,-3.0047,932.3984,992.8473
50.057,1,0,learned,7.6841,89.6999,1.1094,0.3348,3.1092,3.1272,-0.2642,1.2804,4.0000,1.1754,1.3899,20.7058,0.1710,3.0000,0.0000,0.0000,0,20.1133,943.8505,983.8026,963.8266,19.9761,9.8063,-1.8064,955.4632,991.8025
50.106,1,0,learned,7.7137,89.8659,1.1017,0.3815,3.1257,3.1489,-0.2447,1.2807,4.0000,1.1762,1.3899,20.5375,0.1790,3.0000,0.0000,0.0000,0,20.1133,930.4301,985.0107,957.7204,27.2903,9.7595,-1.8774,942.0669,992.8928
50.156,1,0,learned,7.7439,90.0233,1.0947,0.4313,3.1565,3.1859,-0.2445,1.2814,4.0000,1.1747,1.3899,20.3774,0.1867,3.0000,0.0000,0.0000,0,20.1133,943.6162,985.8792,964.7477,21.1315,9.6287,-1.8636,955.1085,993.6442
50.206,1,0,learned,7.7439,90.0233,1.0920,0.4313,3.1565,3.1859,-0.0020,1.2814,4.0000,1.1747,1.3899,20.3774,0.1894,3.0000,0.0000,0.0000,0,20.1133,898.6317,984.7752,941.7034,43.0718,9.6639,-3.0896,911.3852,991.3495
50.256,1,0,learned,7.7785,90.1911,1.0856,0.4780,3.1706,3.2064,0.0118,1.2820,4.0000,1.1709,1.3899,20.2062,0.1964,3.0000,0.0000,0.0000,0,20.1133,790.8103,989.7179,890.2641,99.4538,9.6368,-3.1456,803.5926,996.2091
50.306,1,0,learned,7.8132,90.3496,1.0820,0.5268,3.1970,3.2401,0.0123,1.2830,4.0000,1.1653,1.3899,20.0439,0.2011,3.0000,0.0000,0.0000,0,20.1133,864.0270,992.7853,928.4062,64.3792,9.5261,-3.1481,876.7012,999.1633
50.356,1,0,learned,7.8132,90.3496,1.0785,0.5268,3.1970,3.2401,0.0248,1.2830,4.0000,1.1653,1.3899,20.0439,0.2045,3.0000,0.0000,0.0000,0,20.1133,916.9575,992.7324,954.8450,37.8874,9.5168,-3.2075,929.6819,999.0416
50.406,1,0,learned,7.8519,90.5176,1.0742,0.5705,3.2038,3.2542,-0.2070,1.2839,4.0000,1.1574,1.3899,19.8716,0.2098,3.0000,0.0000,0.0000,0,20.1133,908.9229,975.0752,941.9990,33.0761,9.4753,-2.0017,920.3999,982.5488
50.456,1,0,learned,7.8900,90.6751,1.0712,0.6149,3.2190,3.2772,0.0403,1.2851,4.0000,1.1483,1.3899,19.7096,0.2139,3.0000,0.0000,0.0000,0,20.1133,853.8079,992.2132,923.0106,69.2027,9.4735,-3.2785,866.5599,998.4082
50.506,1,0,learned,7.8900,90.6751,1.0676,0.6149,3.2190,3.2772,-0.2180,1.2851,4.0000,1.1483,1.3899,19.7096,0.2175,3.0000,0.0000,0.0000,0,20.1133,797.3587,990.9976,894.1782,96.8194,9.4322,-1.9431,808.7341,998.4867
50.556,1,0,learned,7.9319,90.8412,1.0635,0.6533,3.2144,3.2801,0.0695,1.2862,4.0000,1.1370,1.3899,19.5382,0.2227,3.0000,0.0000,0.0000,0,20.1133,826.8323,986.6948,906.7636,79.9313,9.5276,-3.4164,839.7763,992.8060
50.606,1,0,learned,7.9727,90.9970,1.0621,0.6925,3.2205,3.2942,0.0617,1.2875,4.0000,1.1249,1.3899,19.3772,0.2254,3.0000,0.0000,0.0000,0,20.1133,867.6049,985.4166,926.5107,58.9059,9.5206,-3.3766,880.5021,991.5606
50.656,1,0,learned,8.0171,91.1608,1.0587,0.7250,3.2066,3.2875,0.1042,1.2887,4.0000,1.1106,1.3899,19.2075,0.2300,3.0000,0.0000,0.0000,0,20.1133,842.8475,978.4015,910.6245,67.7770,9.6310,-3.5927,856.0713,984.4398
50.706,1,0,learned,8.0601,91.3138,1.0565,0.7588,3.2027,3.2913,-0.1862,1.2900,4.0000,1.0959,1.3899,19.0487,0.2336,3.0000,0.0000,0.0000,0,20.1133,776.5733,978.3308,877.4520,100.8788,9.6432,-2.0864,788.3029,985.8876
50.756,1,0,learned,8.0601,91.3138,1.0555,0.7588,3.2027,3.2913,0.1030,1.2900,4.0000,1.0959,1.3899,19.0487,0.2346,3.0000,0.0000,0.0000,0,20.1133,737.8984,977.8618,857.8801,119.9817,9.6890,-3.5893,751.1767,983.9614
50.806,1,0,learned,8.1067,91.4748,1.0535,0.7865,3.1812,3.2770,0.1188,1.2914,4.0000,1.0790,1.3899,18.8813,0.2379,3.0000,0.0000,0.0000,0,20.1133,812.5325,986.6525,899.5925,87.0600,9.8278,-3.6687,826.0290,992.8116
50.857,1,0,learned,8.1517,91.6252,1.0525,0.8167,3.1719,3.2754,0.1313,1.2929,4.0000,1.0618,1.3899,18.7244,0.2405,3.0000,0.0000,0.0000,0,20.1133,798.1953,975.3175,886.7564,88.5611,9.9055,-3.7366,811.8374,981.4865
50.906,1,0,learned,8.1517,91.6252,1.0515,0.8167,3.1719,3.2754,-0.1743,1.2929,4.0000,1.0618,1.3899,18.7244,0.2414,3.0000,0.0000,0.0000,0,20.1133,863.6877,981.0325,922.3601,58.6724,9.8554,-2.1402,875.6833,988.7478
50.956,1,0,learned,8.2006,91.7834,1.0509,0.8413,3.1458,3.2563,-0.1465,1.2945,4.0000,1.0422,1.3899,18.5592,0.2436,3.0000,0.0000,0.0000,0,20.1133,849.4092,984.2742,916.8417,67.4325,10.0309,-2.2823,861.7224,992.0228
51.008,1,0,learned,8.2478,91.9315,1.0509,0.8697,3.1337,3.2522,0.1588,1.2962,4.0000,1.0224,1.3899,18.4042,0.2453,3.0000,0.0000,0.0000,0,20.1133,837.3215,966.1976,901.7595,64.4380,10.1592,-3.8833,851.3641,972.4734
51.056,1,0,learned,8.2992,92.0880,1.0510,0.8936,3.1089,3.2348,-0.1430,1.2980,4.0000,0.9999,1.3899,18.2400,0.2471,3.0000,0.0000,0.0000,0,20.1133,747.1362,965.5958,856.3660,109.2298,10.2923,-2.3153,759.7438,973.5729
51.106,1,0,learned,8.3490,92.2352,1.0515,0.9222,3.1005,3.2347,-0.1445,1.3001,4.0000,0.9775,1.3899,18.0853,0.2486,3.0000,0.0000,0.0000,0,20.1133,670.3382,983.9567,827.1475,156.8092,10.3771,-2.3326,683.0480,992.0012
51.156,1,0,learned,8.3490,92.2352,1.0518,0.9222,3.1005,3.2347,-0.1340,1.3001,4.0000,0.9775,1.3899,18.0853,0.2483,3.0000,0.0000,0.0000,0,20.1133,709.3141,990.1428,849.7285,140.4144,10.3763,-2.3852,722.0755,998.1339
51.206,1,0,learned,8.4030,92.3909,1.0530,0.9457,3.0792,3.2212,0.2162,1.3022,4.0000,0.9523,1.3899,17.9213,0.2493,3.0000,0.0000,0.0000,0,20.1133,677.1896,987.4249,832.3073,155.1177,10.5644,-4.2436,691.9977,993.7457
51.256,1,0,learned,8.4551,92.5368,1.0542,0.9733,3.0713,3.2218,-0.1023,1.3045,4.0000,0.9274,1.3899,17.7673,0.2503,3.0000,0.0000,0.0000,0,20.1133,757.5583,975.9759,866.7671,109.2088,10.5861,-2.5703,770.7147,983.9917
51.307,1,0,learned,8.5114,92.6906,1.0560,0.9952,3.0485,3.2069,0.2250,1.3069,4.0000,0.8997,1.3899,17.6047,0.2509,3.0000,0.0000,0.0000,0,20.1133,749.0459,956.8980,852.9720,103.9261,10.7679,-4.3093,764.1231,963.3566
51.356,1,0,learned,8.5654,92.8347,1.0588,1.0214,3.0391,3.2062,0.2510,1.3094,4.0000,0.8724,1.3899,17.4520,0.2505,3.0000,0.0000,0.0000,0,20.1133,802.4743,981.7025,892.0884,89.6141,10.8474,-4.4745,817.7962,988.0754
51.406,1,0,learned,8.5654,92.8347,1.0602,1.0214,3.0391,3.2062,0.2455,1.3094,4.0000,0.8724,1.3899,17.4520,0.2492,3.0000,0.0000,0.0000,0,20.1133,760.6170,958.3072,859.4621,98.8451,10.8481,-4.4455,775.9106,964.7098
51.456,1,0,learned,8.6237,92.9867,1.0640,1.0414,3.0162,3.1909,-0.0740,1.3120,4.0000,0.8424,1.3899,17.2907,0.2480,3.0000,0.0000,0.0000,0,20.1133,785.5805,981.1274,883.3539,97.7734,10.9744,-2.7740,799.3289,989.3278
51.507,1,0,learned,8.6795,93.1295,1.0665,1.0654,3.0077,3.1909,0.2690,1.3147,4.0000,0.8132,1.3899,17.1390,0.2482,3.0000,0.0000,0.0000,0,20.1133,769.1003,992.4553,880.7778,111.6775,11.0838,-4.6271,784.8112,998.9121
51.556,1,0,learned,8.7394,93.2803,1.0711,1.0828,2.9863,3.1766,-0.0925,1.3175,4.0000,0.7814,1.3899,16.9785,0.2464,3.0000,0.0000,0.0000,0,20.1133,798.7657,974.6532,886.7094,87.9438,11.1945,-2.7242,812.6844,983.1235
51.606,1,0,learned,8.7394,93.2803,1.0750,1.0828,2.9863,3.1766,0.2712,1.3175,4.0000,0.7814,1.3899,16.9785,0.2424,3.0000,0.0000,0.0000,0,20.1133,787.6720,969.6648,878.6684,90.9964,11.2305,-4.6586,803.5611,976.2366
51.656,1,0,learned,8.7965,93.4219,1.0781,1.1042,2.9789,3.1770,-0.0880,1.3203,4.0000,0.7507,1.3899,16.8278,0.2422,3.0000,0.0000,0.0000,0,20.1133,799.7007,985.1390,892.4199,92.7191,11.2757,-2.7829,813.7593,993.6318
51.706,1,0,learned,8.8577,93.5714,1.0836,1.1187,2.9583,3.1628,0.2938,1.3232,4.0000,0.7174,1.3899,16.6683,0.2397,3.0000,0.0000,0.0000,0,20.1133,737.0189,976.6069,856.8129,119.7940,11.4588,-4.8454,753.3231,983.2204
51.756,1,0,learned,8.9159,93.7119,1.0870,1.1374,2.9518,3.1633,-0.0793,1.3262,4.0000,0.6855,1.3899,16.5185,0.2392,3.0000,0.0000,0.0000,0,20.1133,718.0944,986.7073,852.4008,134.3065,11.5075,-2.8966,732.4985,995.3182
51.806,1,0,learned,8.9781,93.8603,1.0929,1.1491,2.9324,3.1495,0.3078,1.3293,4.0000,0.6510,1.3899,16.3600,0.2364,3.0000,0.0000,0.0000,0,20.1133,694.5765,968.3518,831.4642,136.8877,11.6781,-4.9850,711.2396,975.0449
51.856,1,0,learned,8.9781,93.8603,1.0978,1.1491,2.9324,3.1495,-0.0495,1.3293,4.0000,0.6510,1.3899,16.3600,0.2315,3.0000,0.0000,0.0000,0,20.1133,729.9728,991.8269,860.8999,130.9271,11.6652,-3.0830,744.7211,1000.0000
51.906,1,0,learned,9.0371,93.9996,1.1002,1.1653,2.9263,3.1498,-0.0735,1.3324,4.0000,0.6180,1.3899,16.2112,0.2321,3.0000,0.0000,0.0000,0,20.1133,710.1868,991.2175,850.7022,140.5154,11.7358,-2.9921,724.9146,999.9612
51.956,1,0,learned,9.1002,94.1465,1.1057,1.1749,2.9062,3.1347,0.3160,1.3356,4.0000,0.5824,1.3899,16.0541,0.2298,3.0000,0.0000,0.0000,0,20.1133,676.6043,985.7782,831.1912,154.5869,11.9106,-5.1012,693.6161,992.5876
52.006,1,0,learned,9.1601,94.2845,1.1126,1.1894,2.8997,3.1342,0.3198,1.3387,4.0000,0.5483,1.3899,15.9065,0.2261,3.0000,0.0000,0.0000,0,20.1133,675.7598,981.9863,828.8731,153.1132,11.9873,-5.1579,692.9050,988.8157
52.056,1,0,learned,9.1601,94.2845,1.1171,1.1894,2.8997,3.1342,0.3448,1.3387,4.0000,0.5483,1.3899,15.9065,0.2216,3.0000,0.0000,0.0000,0,20.1133,740.3527,987.6196,863.9861,123.6334,11.9887,-5.2902,757.6316,994.3180
52.106,1,0,learned,9.2242,94.4303,1.1247,1.1979,2.8808,3.1199,0.3623,1.3421,4.0000,0.5115,1.3899,15.7504,0.2174,3.0000,0.0000,0.0000,0,20.1133,769.3022,992.3077,880.8049,111.5027,12.1334,-5.4116,786.8472,999.0294
52.157,1,0,learned,9.2850,94.5673,1.1279,1.2119,2.8751,3.1201,-0.0318,1.3454,4.0000,0.4763,1.3899,15.6037,0.2175,3.0000,0.0000,0.0000,0,20.1133,832.1543,989.9810,911.0676,78.9133,12.1786,-3.3150,847.6478,998.8445
52.206,1,0,learned,9.2850,94.5673,1.1346,1.2119,2.8751,3.1201,0.3680,1.3454,4.0000,0.4763,1.3899,15.6037,0.2108,3.0000,0.0000,0.0000,0,20.1133,827.5182,988.8624,908.1903,80.6721,12.2020,-5.4719,845.1921,995.5924
52.256,1,0,learned,9.3501,94.7122,1.1415,1.2198,2.8577,3.1072,-0.0377,1.3488,4.0000,0.4383,1.3899,15.4483,0.2073,3.0000,0.0000,0.0000,0,20.1133,798.2245,986.9977,892.6111,94.3866,12.3312,-3.3282,813.8840,996.0007
52.310,1,0,learned,9.4119,94.8491,1.1468,1.2335,2.8563,3.1112,-0.0218,1.3522,4.0000,0.4021,1.3899,15.3017,0.2054,3.0000,0.0000,0.0000,0,20.1133,734.8699,973.1962,854.0330,119.1631,12.3876,-3.4600,750.7175,982.1237
52.357,1,0,learned,9.4780,94.9947,1.1557,1.2411,2.8453,3.1042,-0.0192,1.3558,4.0000,0.3633,1.3899,15.1456,0.2001,3.0000,0.0000,0.0000,0,20.1133,684.2374,979.6110,831.9242,147.6868,12.5089,-3.5209,700.2672,988.5990
52.406,1,0,learned,9.5407,95.1324,1.1630,1.2540,2.8497,3.1134,0.3865,1.3593,4.0000,0.3264,1.3899,14.9981,0.1964,3.0000,0.0000,0.0000,0,20.1133,715.4897,977.4272,846.4585,130.9688,12.5433,-5.7461,733.7791,984.2245
52.456,1,0,learned,9.5407,95.1324,1.1685,1.2540,2.8497,3.1134,0.3892,1.3593,4.0000,0.3264,1.3899,14.9981,0.1909,3.0000,0.0000,0.0000,0,20.1133,719.3737,988.9581,854.1659,134.7922,12.5541,-5.7693,737.6971,995.7429
52.506,1,0,learned,9.6075,95.2782,1.1777,1.2600,2.8407,3.1076,0.4015,1.3630,4.0000,0.2869,1.3899,14.8418,0.1853,3.0000,0.0000,0.0000,0,20.1133,781.0828,988.0968,884.5898,103.5070,12.6509,-5.8612,799.5949,994.8865
52.556,1,0,learned,9.6706,95.4152,1.1834,1.2710,2.8435,3.1147,0.4042,1.3665,4.0000,0.2495,1.3899,14.6950,0.1831,3.0000,0.0000,0.0000,0,20.1133,825.5647,979.1387,902.3517,76.7870,12.6791,-5.9065,844.1504,985.9113
52.606,1,0,learned,9.7378,95.5603,1.1912,1.2751,2.8327,3.1065,-0.0023,1.3703,4.0000,0.2095,1.3899,14.5396,0.1791,3.0000,0.0000,0.0000,0,20.1133,730.2667,962.8641,846.5654,116.2987,12.7969,-3.7574,746.8209,971.9036
52.657,1,0,learned,9.8012,95.6970,1.2011,1.2846,2.8358,3.1132,-0.0050,1.3738,4.0000,0.1717,1.3899,14.3932,0.1727,3.0000,0.0000,0.0000,0,20.1133,730.2101,980.5985,855.4043,125.1942,12.8458,-3.7909,746.8468,989.6534
52.707,1,0,learned,9.8012,95.6970,1.2071,1.2846,2.8358,3.1132,-0.0165,1.3738,4.0000,0.1717,1.3899,14.3932,0.1667,3.0000,0.0000,0.0000,0,20.1133,752.0765,991.2495,871.6630,119.5865,12.8547,-3.7347,768.6660,1000.0000
52.756,1,0,learned,9.8687,95.8422,1.2152,1.2873,2.8269,3.1062,0.4230,1.3776,4.0000,0.1314,1.3899,14.2379,0.1624,3.0000,0.0000,0.0000,0,20.1133,687.2012,990.5827,838.8919,151.6907,12.9711,-6.1606,706.3329,997.3932
52.806,1,0,learned,9.9324,95.9787,1.2234,1.2952,2.8304,3.1127,-0.0148,1.3812,4.0000,0.0933,1.3899,14.0919,0.1578,3.0000,0.0000,0.0000,0,20.1133,749.9949,992.1648,871.0798,121.0850,13.0052,-3.8179,766.8180,1000.0000
52.856,1,0,learned,10.0001,96.1233,1.2317,1.2966,2.8207,3.1044,0.4305,1.3850,4.0000,0.0527,1.3899,13.9372,0.1533,3.0000,0.0000,0.0000,0,20.1133,806.7973,995.9101,901.3537,94.5564,13.1081,-6.2509,826.1564,1000.0000
52.906,1,0,learned,10.0641,96.2594,1.2422,1.3036,2.8233,3.1097,0.4373,1.3886,4.0000,0.0143,1.3899,13.7918,0.1464,3.0000,0.0000,0.0000,0,20.1133,773.2310,981.6016,877.4163,104.1853,13.1570,-6.3337,792.7217,988.4249
52.956,1,0,learned,10.0641,96.2594,1.2487,1.3036,2.8233,3.1097,0.4348,1.3886,4.0000,0.0143,1.3899,13.7918,0.1399,3.0000,0.0000,0.0000,0,20.1133,746.3219,979.3018,862.8119,116.4899,13.1688,-6.3309,765.8216,986.1397
53.006,1,0,learned,10.1320,96.4036,1.2574,1.3041,2.8133,3.1009,0.0215,1.3924,4.0000,-0.0265,1.3899,13.6377,0.1351,3.0000,0.0000,0.0000,0,20.1133,831.1718,991.9981,911.5850,80.4132,13.2797,-4.0964,848.5479,1000.0000
53.056,1,0,learned,10.1960,96.5398,1.2661,1.3102,2.8181,3.1078,0.4413,1.3960,4.0000,-0.0651,1.3899,13.4924,0.1299,3.0000,0.0000,0.0000,0,20.1133,770.9985,976.8337,873.9161,102.9176,13.3147,-6.4296,790.7428,983.7187
53.106,1,0,learned,10.2639,96.6844,1.2749,1.3093,2.8109,3.1009,-0.0045,1.3998,4.0000,-0.1058,1.3899,13.3381,0.1249,3.0000,0.0000,0.0000,0,20.1133,772.1787,985.1898,878.6842,106.5056,13.4279,-4.0386,789.6451,994.5791
53.156,1,0,learned,10.3279,96.8213,1.2860,1.3139,2.8188,3.1100,-0.0195,1.4034,4.0000,-0.1441,1.3899,13.1924,0.1174,3.0000,0.0000,0.0000,0,20.1133,809.4556,992.4403,900.9480,91.4924,13.4573,-3.9936,826.9065,1000.0000
53.207,1,0,learned,10.3279,96.8213,1.2926,1.3139,2.8188,3.1100,-0.0160,1.4034,4.0000,-0.1441,1.3899,13.1924,0.1108,3.0000,0.0000,0.0000,0,20.1133,737.8531,993.4270,865.6400,127.7870,13.4749,-4.0346,755.3625,1000.0000
53.256,1,0,learned,10.3956,96.9668,1.3015,1.3115,2.8149,3.1054,0.4398,1.4072,4.0000,-0.1845,1.3899,13.0375,0.1057,3.0000,0.0000,0.0000,0,20.1133,748.0063,993.5190,870.7626,122.7564,13.5563,-6.5332,768.0957,1000.0000
53.307,1,0,learned,10.4592,97.1045,1.3081,1.3145,2.8254,3.1162,-0.0128,1.4107,4.0000,-0.2224,1.3899,12.8913,0.1026,3.0000,0.0000,0.0000,0,20.1133,788.0955,982.2324,885.1640,97.0684,13.5755,-4.0969,805.7680,991.7109
53.356,1,0,learned,10.4592,97.1045,1.3171,1.3145,2.8254,3.1162,0.4840,1.4107,4.0000,-0.2224,1.3899,12.8913,0.0937,3.0000,0.0000,0.0000,0,20.1133,830.1724,986.6371,908.4047,78.2324,13.5703,-6.8041,850.5468,993.4033
53.406,1,0,learned,10.5266,97.2510,1.3260,1.3107,2.8239,3.1132,-0.0305,1.4145,4.0000,-0.2623,1.3899,12.7358,0.0885,3.0000,0.0000,0.0000,0,20.1133,881.0392,986.2192,933.6292,52.5900,13.6624,-4.0167,898.7183,995.8649
53.457,1,0,learned,10.5899,97.3895,1.3327,1.3123,2.8362,3.1250,-0.0240,1.4179,4.0000,-0.2997,1.3899,12.5891,0.0853,3.0000,0.0000,0.0000,0,20.1133,816.3716,983.7532,900.0624,83.6908,13.6822,-4.0950,834.1488,993.3404
53.506,1,0,learned,10.6568,97.5371,1.3440,1.3070,2.8368,3.1234,-0.0232,1.4216,4.0000,-0.3389,1.3899,12.4329,0.0776,3.0000,0.0000,0.0000,0,20.1133,756.4263,988.9842,872.7053,116.2789,13.7725,-4.1350,774.3339,998.6218
53.556,1,0,learned,10.7194,97.6773,1.3530,1.3067,2.8534,3.1384,0.4650,1.4249,4.0000,-0.3753,1.3899,12.2848,0.0719,3.0000,0.0000,0.0000,0,20.1133,805.5947,984.4730,895.0339,89.4391,13.7543,-6.8132,826.1623,991.4141
53.606,1,0,learned,10.7194,97.6773,1.3598,1.3067,2.8534,3.1384,0.4705,1.4249,4.0000,-0.3753,1.3899,12.2848,0.0651,3.0000,0.0000,0.0000,0,20.1133,875.8547,983.6807,929.7677,53.9130,13.7523,-6.8366,896.4436,990.5964
53.656,1,0,learned,10.7855,97.8269,1.3707,1.2993,2.8581,3.1396,0.4570,1.4285,4.0000,-0.4133,1.3899,12.1271,0.0578,3.0000,0.0000,0.0000,0,20.1133,871.2904,982.4359,926.8632,55.5728,13.8210,-6.7809,891.8923,989.4761
53.706,1,0,learned,10.8473,97.9683,1.3795,1.2969,2.8760,3.1549,-0.0355,1.4317,4.0000,-0.4487,1.3899,11.9782,0.0522,3.0000,0.0000,0.0000,0,20.1133,909.1186,985.9429,947.5307,38.4121,13.8335,-4.1172,927.0693,995.6591
53.756,1,0,learned,10.9122,98.1192,1.3883,1.2873,2.8811,3.1556,0.4512,1.4351,4.0000,-0.4854,1.3899,11.8196,0.0468,3.0000,0.0000,0.0000,0,20.1133,891.7311,992.6760,942.2035,50.4725,13.8905,-6.7873,912.4089,999.7791
53.806,1,0,learned,10.9728,98.2624,1.3991,1.2822,2.9013,3.1720,-0.0318,1.4381,4.0000,-0.5192,1.3899,11.6695,0.0391,3.0000,0.0000,0.0000,0,20.1133,919.2939,983.3635,951.3287,32.0348,13.8982,-4.1637,937.3557,993.0980
53.857,1,0,learned,10.9728,98.2624,1.4054,1.2822,2.9013,3.1720,0.4680,1.4381,4.0000,-0.5192,1.3899,11.6695,0.0327,3.0000,0.0000,0.0000,0,20.1133,887.3397,990.2955,938.8176,51.4779,13.8977,-6.9093,908.1467,997.2839
53.907,1,0,learned,11.0362,98.4153,1.4158,1.2698,2.9092,3.1743,-0.0735,1.4414,4.0000,-0.5541,1.3899,11.5095,0.0256,3.0000,0.0000,0.0000,0,20.1133,869.2138,977.2654,923.2396,54.0258,13.9751,-3.9639,887.1527,987.2766
53.956,1,0,learned,11.0953,98.5604,1.4239,1.2619,2.9321,3.1921,0.4612,1.4442,4.0000,-0.5861,1.3899,11.3579,0.0202,3.0000,0.0000,0.0000,0,20.1133,891.9261,981.4931,936.7096,44.7835,13.9491,-6.8863,912.7615,988.5560
54.006,1,0,learned,11.1570,98.7155,1.4299,1.2470,2.9421,3.1955,-0.0823,1.4472,4.0000,-0.6190,1.3899,11.1962,0.0173,3.0000,0.0000,0.0000,0,20.1133,956.8353,987.7026,972.2690,15.4336,14.0113,-3.9083,974.7550,997.8056
54.056,1,0,learned,11.2144,98.8624,1.4377,1.2367,2.9659,3.2134,0.4577,1.4498,4.0000,-0.6490,1.3899,11.0433,0.0121,3.0000,0.0000,0.0000,0,20.1133,898.3401,994.7299,946.5350,48.1949,13.9977,-6.8729,919.2106,1000.0000
54.107,1,0,learned,11.2144,98.8624,1.4453,1.2367,2.9659,3.2134,-0.0858,1.4498,4.0000,-0.6490,1.3899,11.0433,0.0045,3.0000,0.0000,0.0000,0,20.1133,933.1027,978.5819,955.8423,22.7396,14.0108,-3.9006,951.0141,988.6921
54.156,1,0,learned,11.2743,99.0192,1.4547,1.2198,2.9755,3.2158,0.4413,1.4526,4.0000,-0.6797,1.3899,10.8805,-0.0021,3.0000,0.0000,0.0000,0,20.1133,957.8976,992.8869,975.3922,17.4946,14.0615,-6.7693,978.7284,1000.0000
54.206,1,0,learned,11.3299,99.1679,1.4620,1.2073,3.0003,3.2341,-0.1118,1.4550,4.0000,-0.7076,1.3899,10.7263,-0.0069,3.0000,0.0000,0.0000,0,20.1133,914.2935,989.9049,952.0992,37.8057,14.0680,-3.7526,932.1140,1000.0000
54.256,1,0,learned,11.3878,99.3268,1.4673,1.1886,3.0112,3.2373,0.4380,1.4576,4.0000,-0.7360,1.3899,10.5619,-0.0097,3.0000,0.0000,0.0000,0,20.1133,932.4112,979.9018,956.1565,23.7453,14.1083,-6.7225,953.2419,987.2876
54.306,1,0,learned,11.4414,99.4774,1.4742,1.1743,3.0367,3.2558,-0.1155,1.4598,4.0000,-0.7616,1.3899,10.4063,-0.0145,3.0000,0.0000,0.0000,0,20.1133,924.4234,989.6340,957.0287,32.6053,14.1098,-3.6887,942.2219,1000.0000
54.356,1,0,learned,11.4414,99.4774,1.4792,1.1743,3.0367,3.2558,-0.1283,1.4598,4.0000,-0.7616,1.3899,10.4063,-0.0195,3.0000,0.0000,0.0000,0,20.1133,916.6290,985.1732,950.9011,34.2721,14.1157,-3.6272,934.3719,995.6617
54.406,1,0,learned,11.4972,99.6383,1.4876,1.1539,3.0479,3.2590,-0.1188,1.4621,4.0000,-0.7875,1.3899,10.2405,-0.0255,3.0000,0.0000,0.0000,0,20.1133,895.4794,991.1049,943.2921,47.8127,14.1790,-3.6497,913.3080,1000.0000
54.456,1,0,learned,11.5487,99.7906,1.4908,1.1378,3.0732,3.2770,0.4328,1.4641,4.0000,-0.8108,1.3899,10.0837,-0.0268,3.0000,0.0000,0.0000,0,20.1133,933.8473,987.0928,960.4700,26.6227,14.1551,-6.6399,954.6424,994.6080
54.506,1,0,learned,11.5487,99.7906,1.4956,1.1378,3.0732,3.2770,0.4330,1.4641,4.0000,-0.8108,1.3899,10.0837,-0.0316,3.0000,0.0000,0.0000,0,20.1133,956.7186,977.1199,966.9193,10.2006,14.1550,-6.6385,977.5121,984.6364
54.557,1,0,learned,11.6022,99.9529,1.5034,1.1161,3.0828,3.2786,0.4373,1.4662,4.0000,-0.8343,1.3899,9.9169,-0.0372,3.0000,0.0000,0.0000,0,20.1133,976.0825,977.5504,976.8165,0.7340,14.2207,-6.6264,996.9295,985.1447
54.607,1,0,learned,11.6516,100.1064,1.5065,1.0988,3.1058,3.2944,0.4145,1.4679,4.0000,-0.8553,1.3899,9.7594,-0.0386,3.0000,0.0000,0.0000,0,20.1133,966.7816,978.1674,972.4745,5.6929,14.2208,-6.4657,987.4681,985.9225
54.656,1,0,learned,11.6516,100.1064,1.5125,1.0988,3.1058,3.2944,-0.1410,1.4679,4.0000,-0.8553,1.3899,9.7594,-0.0446,3.0000,0.0000,0.0000,0,20.1133,961.3956,979.1205,970.2580,8.8624,14.2313,-3.4228,979.0498,989.9289
54.706,1,0,learned,11.7029,100.2699,1.5199,1.0762,3.1133,3.2941,0.4183,1.4698,4.0000,-0.8763,1.3899,9.5920,-0.0501,3.0000,0.0000,0.0000,0,20.1133,938.4764,976.5120,957.4942,19.0178,14.3081,-6.4515,959.2360,984.3686
54.756,1,0,learned,11.7500,100.4246,1.5242,1.0574,3.1354,3.3089,-0.1815,1.4714,4.0000,-0.8948,1.3899,9.4337,-0.0528,3.0000,0.0000,0.0000,0,20.1133,973.8438,963.5745,968.7091,-5.1347,14.3043,-3.1058,991.2538,974.7730
54.806,1,0,learned,11.7988,100.5894,1.5311,1.0335,3.1421,3.3077,0.4103,1.4730,4.0000,-0.9132,1.3899,9.2654,-0.0581,3.0000,0.0000,0.0000,0,20.1133,965.7324,981.0579,973.3952,7.6628,14.3917,-6.3173,986.4414,989.1323
54.856,1,0,learned,11.8437,100.7452,1.5351,1.0137,3.1626,3.3211,-0.1845,1.4743,4.0000,-0.9293,1.3899,9.1066,-0.0608,3.0000,0.0000,0.0000,0,20.1133,968.1014,983.3096,975.7055,7.6041,14.3980,-2.9862,985.4856,994.7214
54.907,1,0,learned,11.8437,100.7452,1.5377,1.0137,3.1626,3.3211,0.3995,1.4743,4.0000,-0.9293,1.3899,9.1066,-0.0634,3.0000,0.0000,0.0000,0,20.1133,975.8270,994.0427,984.9349,9.1079,14.4081,-6.2214,996.4565,1000.0000
54.957,1,0,learned,11.8900,100.9108,1.5454,0.9892,3.1670,3.3179,-0.1728,1.4758,4.0000,-0.9451,1.3899,8.9379,-0.0696,3.0000,0.0000,0.0000,0,20.1133,972.0137,961.1659,966.5898,-5.4239,14.4835,-2.9716,989.4688,972.6778
55.006,1,0,learned,11.9326,101.0672,1.5479,0.9688,3.1856,3.3297,0.4208,1.4769,4.0000,-0.9588,1.3899,8.7787,-0.0710,3.0000,0.0000,0.0000,0,20.1133,960.8741,975.7471,968.3106,7.4365,14.5142,-6.2188,981.6072,984.0425
55.056,1,0,learned,11.9766,101.2337,1.5541,0.9442,3.1887,3.3255,0.3997,1.4782,4.0000,-0.9721,1.3899,8.6096,-0.0759,3.0000,0.0000,0.0000,0,20.1133,952.4881,973.5756,963.0319,10.5438,14.6084,-6.0331,973.1296,982.1510
55.106,1,0,learned,12.0169,101.3909,1.5597,0.9233,3.2059,3.3362,0.4065,1.4791,4.0000,-0.9835,1.3899,8.4501,-0.0807,3.0000,0.0000,0.0000,0,20.1133,968.8824,962.5512,965.7168,-3.1656,14.6302,-6.0070,989.5196,971.1744
55.157,1,0,learned,12.0169,101.3909,1.5620,0.9233,3.2059,3.3362,-0.2145,1.4791,4.0000,-0.9835,1.3899,8.4501,-0.0829,3.0000,0.0000,0.0000,0,20.1133,972.3603,935.1512,953.7558,-18.6046,14.6087,-2.5349,989.5040,947.2250
55.206,1,0,learned,12.0584,101.5579,1.5673,0.8985,3.2070,3.3305,-0.2063,1.4801,4.0000,-0.9943,1.3899,8.2808,-0.0872,3.0000,0.0000,0.0000,0,20.1133,982.6514,966.5573,974.6043,-8.0470,14.7145,-2.5143,999.8802,978.7575
55.256,1,0,learned,12.0965,101.7155,1.5707,0.8774,3.2223,3.3396,-0.2100,1.4808,4.0000,-1.0034,1.3899,8.1213,-0.0899,3.0000,0.0000,0.0000,0,20.1133,942.4180,984.5710,963.4945,21.0765,14.7494,-2.4323,959.5996,996.8881
55.307,1,0,learned,12.0965,101.7155,1.5748,0.8774,3.2223,3.3396,0.3877,1.4808,4.0000,-1.0034,1.3899,8.1213,-0.0940,3.0000,0.0000,0.0000,0,20.1133,938.7326,982.7894,960.7610,22.0284,14.7759,-5.7898,959.2983,991.7756
55.356,1,0,learned,12.1356,101.8829,1.5788,0.8523,3.2218,3.3326,-0.2085,1.4816,4.0000,-1.0118,1.3899,7.9519,-0.0972,3.0000,0.0000,0.0000,0,20.1133,961.4393,974.1678,967.8035,6.3642,14.8524,-2.3500,978.6417,986.6701
55.406,1,0,learned,12.1713,102.0411,1.5817,0.8307,3.2364,3.3413,-0.2278,1.4821,4.0000,-1.0185,1.3899,7.7922,-0.0996,3.0000,0.0000,0.0000,0,20.1133,956.6045,989.2135,972.9090,16.3045,14.8849,-2.1764,973.6657,1000.0000
55.456,1,0,learned,12.2081,102.2091,1.5865,0.8060,3.2356,3.3344,-0.2393,1.4828,4.0000,-1.0244,1.3899,7.6225,-0.1037,3.0000,0.0000,0.0000,0,20.1133,925.8962,979.0149,952.4556,26.5593,14.9869,-2.0169,942.9000,991.9849
55.506,1,0,learned,12.2417,102.3678,1.5902,0.7848,3.2496,3.3430,0.3942,1.4831,4.0000,-1.0289,1.3899,7.4625,-0.1071,3.0000,0.0000,0.0000,0,20.1133,935.3216,980.3390,957.8303,22.5087,15.0532,-5.5327,955.9075,989.8595
55.556,1,0,learned,12.2417,102.3678,1.5929,0.7848,3.2496,3.3430,0.3972,1.4831,4.0000,-1.0289,1.3899,7.4625,-0.1099,3.0000,0.0000,0.0000,0,20.1133,978.1346,970.9171,974.5258,-3.6087,15.0510,-5.5486,998.7341,980.4196
55.606,1,0,learned,12.2762,102.5364,1.5974,0.7607,3.2481,3.3360,0.4075,1.4835,4.0000,-1.0326,1.3899,7.2927,-0.1139,3.0000,0.0000,0.0000,0,20.1133,976.0413,962.2823,969.1618,-6.8795,15.1583,-5.5224,996.7221,971.9182
55.656,1,0,learned,12.3079,102.6953,1.5992,0.7403,3.2606,3.3436,0.4105,1.4836,4.0000,-1.0351,1.3899,7.1327,-0.1156,3.0000,0.0000,0.0000,0,20.1133,978.7528,956.4895,967.6211,-11.1317,15.1931,-5.4603,999.4061,966.2223
55.706,1,0,learned,12.3403,102.8640,1.6036,0.7170,3.2574,3.3354,-0.2477,1.4838,4.0000,-1.0366,1.3899,6.9630,-0.1198,3.0000,0.0000,0.0000,0,20.1133,978.9057,957.4868,968.1963,-10.7094,15.2582,-1.5951,995.7590,971.1499
55.756,1,0,learned,12.3698,103.0232,1.6080,0.6967,3.2691,3.3425,-0.2530,1.4838,4.0000,-1.0371,1.3899,6.8030,-0.1242,3.0000,0.0000,0.0000,0,20.1133,980.3162,980.8036,980.5599,0.2437,15.3009,-1.4946,997.1116,994.6099
55.806,1,0,learned,12.3698,103.0232,1.6105,0.6967,3.2691,3.3425,-0.2700,1.4838,4.0000,-1.0371,1.3899,6.8030,-0.1267,3.0000,0.0000,0.0000,0,20.1133,962.7943,985.9385,974.3664,11.5721,15.3045,-1.4099,979.5087,999.8331
55.856,1,0,learned,12.4000,103.1922,1.6146,0.6735,3.2652,3.3339,-0.2635,1.4838,4.0000,-1.0364,1.3899,6.6333,-0.1308,3.0000,0.0000,0.0000,0,20.1133,936.8918,982.7141,959.8029,22.9111,15.4154,-1.3424,953.6496,996.7871
55.906,1,0,learned,12.4275,103.3515,1.6170,0.6531,3.2763,3.3407,-0.2710,1.4836,4.0000,-1.0347,1.3899,6.4733,-0.1334,3.0000,0.0000,0.0000,0,20.1133,946.8847,982.2788,964.5817,17.6970,15.4504,-1.2079,963.5429,996.5213
55.957,1,0,learned,12.4555,103.5208,1.6209,0.6304,3.2719,3.3321,-0.2715,1.4835,4.0000,-1.0318,1.3899,6.3036,-0.1374,3.0000,0.0000,0.0000,0,20.1133,964.1991,975.0293,969.6142,5.4151,15.5589,-1.0983,980.8562,989.4899
56.006,1,0,learned,12.4811,103.6803,1.6239,0.6109,3.2821,3.3385,0.4045,1.4831,4.0000,-1.0283,1.3899,6.1438,-0.1408,3.0000,0.0000,0.0000,0,20.1133,982.8307,987.3254,985.0781,2.2473,15.6687,-4.9850,1000.0000,998.0091
56.056,1,0,learned,12.4811,103.6803,1.6270,0.6109,3.2821,3.3385,-0.2637,1.4831,4.0000,-1.0283,1.3899,6.1438,-0.1439,3.0000,0.0000,0.0000,0,20.1133,976.1129,956.4939,966.3034,-9.8095,15.5965,-1.0428,992.7522,971.0476
56.106,1,0,learned,12.5073,103.8494,1.6301,0.5896,3.2761,3.3287,0.4148,1.4828,4.0000,-1.0237,1.3899,5.9744,-0.1473,3.0000,0.0000,0.0000,0,20.1133,965.3839,947.4981,956.4410,-8.9429,15.7850,-4.9364,986.1054,958.3467
56.156,1,0,learned,12.5312,104.0088,1.6324,0.5711,3.2850,3.3342,0.4125,1.4822,4.0000,-1.0185,1.3899,5.8149,-0.1502,3.0000,0.0000,0.0000,0,20.1133,981.9906,946.1995,964.0950,-17.8956,15.8290,-4.8468,1000.0000,957.1817
56.206,1,0,learned,12.5555,104.1779,1.6355,0.5505,3.2783,3.3242,-0.2750,1.4818,4.0000,-1.0120,1.3899,5.6457,-0.1537,3.0000,0.0000,0.0000,0,20.1133,970.9774,915.5202,943.2488,-27.7286,15.8590,-0.6562,987.4926,930.7229
56.256,1,0,learned,12.5776,104.3371,1.6393,0.5324,3.2860,3.3289,-0.2772,1.4811,4.0000,-1.0051,1.3899,5.4865,-0.1582,3.0000,0.0000,0.0000,0,20.1133,952.9933,936.3120,944.6526,-8.3407,15.9093,-0.5672,969.4699,951.6541
56.307,1,0,learned,12.5776,104.3371,1.6408,0.5324,3.2860,3.3289,-0.2883,1.4811,4.0000,-1.0051,1.3899,5.4865,-0.1597,3.0000,0.0000,0.0000,0,20.1133,960.0503,932.2151,946.1327,-13.9176,15.9089,-0.5057,976.4649,947.6183
56.356,1,0,learned,12.6001,104.5058,1.6452,0.5122,3.2776,3.3174,-0.3065,1.4805,4.0000,-0.9968,1.3899,5.3180,-0.1647,3.0000,0.0000,0.0000,0,20.1133,935.2439,975.4088,955.3264,20.0824,16.0402,-0.3317,951.6158,991.1172
56.406,1,0,learned,12.6203,104.6645,1.6473,0.4942,3.2834,3.3204,-0.2953,1.4797,4.0000,-0.9882,1.3899,5.1594,-0.1676,3.0000,0.0000,0.0000,0,20.1133,936.4198,962.6636,949.5417,13.1219,16.0885,-0.2942,952.8025,978.4579
56.457,1,0,learned,12.6409,104.8326,1.6507,0.4745,3.2734,3.3076,-0.2885,1.4789,3.9933,-0.9782,1.3899,4.9916,-0.1718,3.0000,0.0000,0.0000,0,20.1133,929.1792,873.2492,901.2142,-27.9650,16.1504,-0.1834,945.5130,889.2162
56.506,1,0,learned,12.6595,104.9909,1.6534,0.4571,3.2785,3.3102,0.4153,1.4780,3.8669,-0.9680,1.3899,4.8337,-0.1754,3.0000,0.0000,0.0000,0,20.1133,957.0436,948.7479,952.8958,-4.1478,15.4398,-4.6182,977.1016,959.5695
56.557,1,0,learned,12.6595,104.9909,1.6554,0.4571,3.2785,3.3102,0.4390,1.4780,3.8669,-0.9680,1.3899,4.8337,-0.1775,3.0000,0.0000,0.0000,0,20.1133,976.1583,906.3034,941.2308,-34.9275,15.4371,-4.7389,996.3343,917.0015
56.606,1,0,learned,12.6784,105.1587,1.6588,0.4384,3.2680,3.2972,0.4303,1.4771,3.7331,-0.9564,1.3899,4.6664,-0.1817,3.0000,0.0000,0.0000,0,20.1133,961.5151,882.8223,922.1687,-39.3464,14.6058,-4.8176,980.9384,892.6105
56.656,1,0,learned,12.6954,105.3163,1.6601,0.4214,3.2713,3.2983,0.4198,1.4760,3.6074,-0.9447,1.3899,4.5093,-0.1841,3.0000,0.0000,0.0000,0,20.1133,971.2752,875.4229,923.3491,-47.9262,13.7411,-4.9087,989.9250,884.2553
56.707,1,0,learned,12.7124,105.4834,1.6633,0.4026,3.2596,3.2843,-0.2955,1.4750,3.4743,-0.9314,1.3899,4.3428,-0.1884,3.0000,0.0000,0.0000,0,20.1133,987.5433,874.7009,931.1221,-56.4212,12.8321,-0.4626,1000.0000,887.0704
56.756,1,0,learned,12.7275,105.6406,1.6664,0.3851,3.2625,3.2852,-0.3128,1.4737,3.3491,-0.9180,1.3899,4.1864,-0.1927,3.0000,0.0000,0.0000,0,20.1133,964.9064,902.3584,933.6324,-31.2740,11.9575,-0.4790,977.3429,913.8369
56.806,1,0,learned,12.7275,105.6406,1.6686,0.3851,3.2625,3.2852,0.4210,1.4737,3.3491,-0.9180,1.3899,4.1864,-0.1949,3.0000,0.0000,0.0000,0,20.1133,943.9534,870.6473,907.3004,-36.6530,11.9998,-5.3278,961.2811,877.3193
56.856,1,0,learned,12.7425,105.8070,1.6702,0.3658,3.2501,3.2706,0.4073,1.4725,3.2166,-0.9028,1.3899,4.0207,-0.1977,3.0000,0.0000,0.0000,0,20.1133,932.2666,831.4198,881.8432,-50.4234,11.1160,-5.4423,948.8249,837.0936
56.906,1,0,learned,12.7557,105.9636,1.6721,0.3476,3.2528,3.2713,-0.3347,1.4711,3.0919,-0.8876,1.3899,3.8649,-0.2009,3.0000,0.0000,0.0000,0,20.1133,949.1381,790.2192,869.6786,-79.4594,10.1695,-0.5331,959.8406,799.8556
56.956,1,0,learned,12.7688,106.1295,1.6742,0.3283,3.2401,3.2567,-0.3550,1.4697,2.9600,-0.8706,1.3899,3.7000,-0.2045,3.0000,0.0000,0.0000,0,20.1133,960.2483,880.7136,920.4809,-39.7674,9.2851,-0.5754,970.1088,889.4233
57.006,1,0,learned,12.7802,106.2852,1.6757,0.3104,3.2410,3.2559,0.4007,1.4682,2.8362,-0.8539,1.3899,3.5452,-0.2075,3.0000,0.0000,0.0000,0,20.1133,897.2841,869.3998,883.3419,-13.9421,8.3776,-6.2363,911.8981,871.5411
57.056,1,0,learned,12.7802,106.2852,1.6767,0.3104,3.2410,3.2559,0.4070,1.4682,2.8362,-0.8539,1.3899,3.5452,-0.2085,3.0000,0.0000,0.0000,0,20.1133,888.4667,866.1380,877.3023,-11.1644,8.3792,-6.2834,903.1293,868.2338
57.106,1,0,learned,12.7915,106.4497,1.6779,0.2915,3.2255,3.2386,-0.3795,1.4667,2.7054,-0.8354,1.3899,3.3818,-0.2112,3.0000,0.0000,0.0000,0,20.1133,905.9791,797.6620,851.8205,-54.1586,7.4676,-0.6601,914.1068,804.4695
57.157,1,0,learned,12.8013,106.6044,1.6786,0.2741,3.2247,3.2363,0.4025,1.4651,2.5826,-0.8172,1.3899,3.2283,-0.2136,3.0000,0.0000,0.0000,0,20.1133,900.9129,844.8840,872.8985,-28.0144,6.5407,-6.8688,914.3224,844.5559
57.206,1,0,learned,12.8110,106.7678,1.6798,0.2565,3.2083,3.2185,-0.3698,1.4634,2.4529,-0.7973,1.3899,3.0661,-0.2164,3.0000,0.0000,0.0000,0,20.1133,890.5834,834.5244,862.5539,-28.0295,5.6263,-1.0495,897.2592,839.1013
57.256,1,0,learned,12.8194,106.9210,1.6808,0.2404,3.2052,3.2142,-0.3673,1.4620,3.8886,-0.7770,1.3903,22.2651,-0.2188,3.0000,0.0000,0.0000,0,19.4429,808.3248,860.4707,834.3978,26.0730,7.8503,-5.2058,821.3808,863.1153
57.315,1,0,learned,12.8194,106.9210,1.6813,0.2404,3.2052,3.2142,-0.3710,1.4620,3.8886,-0.7770,1.3903,22.2651,-0.2193,3.0000,0.0000,0.0000,0,19.4429,802.1986,750.4708,776.3347,-25.8639,7.8254,-5.1264,815.1505,753.1697
57.356,1,0,learned,12.8276,107.0829,1.6818,0.2239,3.1866,3.1945,0.4073,1.4602,3.8886,-0.7560,1.3903,22.1038,-0.2215,3.0000,0.0000,0.0000,0,19.4429,789.9904,651.6715,720.8309,-69.1594,8.0802,-8.7435,806.8141,651.0082
57.406,1,0,learned,12.8348,107.2347,1.6823,0.2091,3.1819,3.1887,-0.3838,1.4584,3.8886,-0.7358,1.3903,21.9526,-0.2239,3.0000,0.0000,0.0000,0,19.4429,872.4262,560.1111,716.2687,-156.1576,8.0501,-4.8888,885.3651,563.2724
57.456,1,0,learned,12.8420,107.3944,1.6831,0.1948,3.1599,3.1659,0.4032,1.4566,3.8886,-0.7142,1.3903,21.7935,-0.2265,3.0000,0.0000,0.0000,0,19.4429,966.0121,624.6799,795.3460,-170.6661,8.3405,-8.6678,983.0204,624.3526
57.506,1,0,learned,12.8420,107.3944,1.6836,0.1948,3.1599,3.1659,-0.3890,1.4566,3.8886,-0.7142,1.3903,21.7935,-0.2269,3.0000,0.0000,0.0000,0,19.4429,985.9089,722.2155,854.0622,-131.8467,8.2661,-4.9237,999.0987,725.5579
57.556,1,0,learned,12.8481,107.5432,1.6839,0.1814,3.1478,3.1530,0.3838,1.4548,3.8886,-0.6935,1.3903,21.6455,-0.2290,3.0000,0.0000,0.0000,0,19.4429,995.8198,831.6086,913.7142,-82.1056,8.5284,-8.6781,1000.0000,831.4589
57.606,1,0,learned,12.8536,107.6991,1.6836,0.1664,3.1180,3.1224,0.3668,1.4530,3.8886,-0.6710,1.3903,21.4904,-0.2306,3.0000,0.0000,0.0000,0,19.4429,992.9713,833.6570,913.3142,-79.6572,8.7431,-8.5365,1000.0000,833.8636
57.656,1,0,learned,12.8579,107.8452,1.6829,0.1508,3.1029,3.1066,-0.4515,1.4511,3.8886,-0.6489,1.3903,21.3454,-0.2318,3.0000,0.0000,0.0000,0,19.4429,985.3046,725.3665,855.3356,-129.9690,8.7728,-4.4837,998.5611,729.6555
57.707,1,0,learned,12.8614,108.0001,1.6817,0.1342,3.0780,3.0810,0.3663,1.4490,3.8886,-0.6246,1.3903,21.1917,-0.2327,3.0000,0.0000,0.0000,0,19.4429,981.8228,739.2910,860.5569,-121.2659,9.0611,-8.3665,999.2504,739.9856
57.756,1,0,learned,12.8640,108.1464,1.6803,0.1181,3.0722,3.0745,-0.4655,1.4469,3.8886,-0.6008,1.3903,21.0467,-0.2334,3.0000,0.0000,0.0000,0,19.4429,984.6998,828.6529,906.6764,-78.0234,9.1106,-4.3466,998.1570,833.4169
57.806,1,0,learned,12.8640,108.1464,1.6789,0.1181,3.0722,3.0745,-0.4700,1.4469,3.8886,-0.6008,1.3903,21.0467,-0.2321,3.0000,0.0000,0.0000,0,19.4429,951.5103,798.2012,874.8558,-76.6545,9.1035,-4.3050,964.9188,802.9997
57.857,1,0,learned,12.8658,108.3017,1.6764,0.1015,3.0551,3.0568,-0.4843,1.4445,3.8886,-0.5748,1.3903,20.8929,-0.2318,3.0000,0.0000,0.0000,0,19.4429,976.7472,721.1131,848.9301,-127.8170,9.2473,-4.1355,990.1299,726.2248
57.907,1,0,learned,12.8668,108.4482,1.6745,0.0853,3.0543,3.0554,-0.4755,1.4422,3.8886,-0.5494,1.3903,20.7480,-0.2324,3.0000,0.0000,0.0000,0,19.4429,986.7715,769.8213,878.2964,-108.4751,9.3485,-4.1371,1000.0000,775.0326
57.956,1,0,learned,12.8671,108.6039,1.6713,0.0695,3.0425,3.0433,-0.4930,1.4396,3.8886,-0.5218,1.3903,20.5941,-0.2316,3.0000,0.0000,0.0000,0,19.4429,979.2717,782.1905,880.7311,-98.5406,9.4935,-3.9888,992.7540,787.6952
58.007,1,0,learned,12.8668,108.7509,1.6684,0.0543,3.0465,3.0469,0.3232,1.4371,3.8886,-0.4951,1.3903,20.4489,-0.2313,3.0000,0.0000,0.0000,0,19.4429,985.8529,856.6463,921.2496,-64.6033,9.6505,-7.9617,1000.0000,858.3351
58.056,1,0,learned,12.8668,108.7509,1.6652,0.0543,3.0465,3.0469,-0.5100,1.4371,3.8886,-0.4951,1.3903,20.4489,-0.2281,3.0000,0.0000,0.0000,0,19.4429,990.8379,773.9778,882.4079,-108.4301,9.5499,-3.8416,1000.0000,779.6862
58.107,1,0,learned,12.8657,108.9073,1.6607,0.0394,3.0385,3.0387,-0.5300,1.4344,3.8886,-0.4660,1.3903,20.2946,-0.2263,3.0000,0.0000,0.0000,0,19.4429,991.1021,684.0738,837.5880,-153.5141,9.6489,-3.6316,1000.0000,690.0911
58.156,1,0,learned,12.8642,109.0552,1.6574,0.0250,3.0473,3.0474,0.3168,1.4317,3.8886,-0.4379,1.3903,20.1488,-0.2257,3.0000,0.0000,0.0000,0,19.4429,986.7556,779.9942,883.3749,-103.3807,9.7860,-7.7666,1000.0000,782.0135
58.206,1,0,learned,12.8620,109.2131,1.6544,0.0116,3.0450,3.0450,0.3392,1.4288,3.8886,-0.4074,1.3903,19.9933,-0.2255,3.0000,0.0000,0.0000,0,19.4429,996.3197,766.7037,881.5117,-114.8080,9.8816,-7.8181,1000.0000,768.7672
58.256,1,0,learned,12.8594,109.3622,1.6495,-0.0015,3.0572,3.0572,0.3180,1.4260,3.8886,-0.3781,1.3903,19.8465,-0.2235,3.0000,0.0000,0.0000,0,19.4429,984.8482,750.0085,867.4284,-117.4198,9.9008,-7.6457,1000.0000,752.2636
58.307,1,0,learned,12.8594,109.3622,1.6461,-0.0015,3.0572,3.0572,0.2800,1.4260,3.8886,-0.3781,1.3903,19.8465,-0.2201,3.0000,0.0000,0.0000,0,19.4429,985.0405,750.8335,867.9370,-117.1035,9.8922,-7.4400,1000.0000,753.2857
58.356,1,0,learned,12.8561,109.5206,1.6406,-0.0141,3.0550,3.0551,0.2893,1.4230,3.8886,-0.3464,1.3903,19.6907,-0.2176,3.0000,0.0000,0.0000,0,19.4429,986.9370,642.0874,814.5122,-172.4248,9.9542,-7.3574,1000.0000,644.6842
58.406,1,0,learned,12.8525,109.6702,1.6353,-0.0262,3.0672,3.0673,-0.5607,1.4201,3.8886,-0.3160,1.3903,19.5437,-0.2152,3.0000,0.0000,0.0000,0,19.4429,978.6456,638.5084,808.5770,-170.0686,9.9198,-3.0890,991.6544,645.3391
58.456,1,0,learned,12.8482,109.8289,1.6307,-0.0373,3.0643,3.0645,0.2873,1.4170,3.8886,-0.2833,1.3903,19.3879,-0.2137,3.0000,0.0000,0.0000,0,19.4429,973.8707,661.4573,817.6640,-156.2067,10.0855,-7.2335,991.1897,664.3092
58.506,1,0,learned,12.8438,109.9783,1.6266,-0.0482,3.0739,3.0743,0.2865,1.4141,3.8886,-0.2522,1.3903,19.2413,-0.2125,3.0000,0.0000,0.0000,0,19.4429,972.0191,626.0207,799.0199,-172.9992,10.1121,-7.1532,989.2845,628.9796
58.557,1,0,learned,12.8438,109.9783,1.6224,-0.0482,3.0739,3.0743,0.2710,1.4141,3.8886,-0.2522,1.3903,19.2413,-0.2084,3.0000,0.0000,0.0000,0,19.4429,981.0327,546.9206,763.9767,-217.0561,10.0787,-7.0209,998.1323,549.9784
58.606,1,0,learned,12.8387,110.1360,1.6151,-0.0584,3.0658,3.0663,0.2640,1.4109,3.8886,-0.2188,1.3903,19.0866,-0.2042,3.0000,0.0000,0.0000,0,19.4429,980.6151,635.6627,808.1389,-172.4762,10.2255,-6.9500,997.7905,638.9382
58.656,1,0,learned,12.8334,110.2839,1.6120,-0.0686,3.0689,3.0696,0.2680,1.4079,3.8886,-0.1871,1.3903,18.9417,-0.2041,3.0000,0.0000,0.0000,0,19.4429,995.0823,663.4189,829.2506,-165.8317,10.3018,-6.9236,1000.0000,666.7971
58.707,1,0,learned,12.8334,110.2839,1.6055,-0.0686,3.0689,3.0696,-0.6398,1.4079,3.8886,-0.1871,1.3903,18.9417,-0.1976,3.0000,0.0000,0.0000,0,19.4429,983.4965,560.6099,772.0532,-211.4433,10.2082,-2.3363,996.0409,568.4817
58.756,1,0,learned,12.8273,110.4397,1.5968,-0.0783,3.0542,3.0552,0.2553,1.4048,3.8886,-0.1531,1.3903,18.7893,-0.1920,3.0000,0.0000,0.0000,0,19.4429,988.2667,613.9144,801.0905,-187.1762,10.4224,-6.7235,1000.0000,617.6133
58.806,1,0,learned,12.8212,110.5857,1.5933,-0.0881,3.0517,3.0530,0.2455,1.4017,3.8886,-0.1209,1.3903,18.6465,-0.1916,3.0000,0.0000,0.0000,0,19.4429,983.3760,683.5029,833.4395,-149.9365,10.5381,-6.6322,1000.0000,687.4089
58.856,1,0,learned,12.8143,110.7396,1.5835,-0.0970,3.0334,3.0350,0.2318,1.3985,3.8886,-0.0865,1.3903,18.4961,-0.1850,3.0000,0.0000,0.0000,0,19.4429,981.4126,666.5060,823.9593,-157.4533,10.6942,-6.4432,998.5500,670.7569
58.906,1,0,learned,12.8075,110.8839,1.5753,-0.1061,3.0280,3.0299,-0.6835,1.3954,3.8886,-0.0539,1.3903,18.3553,-0.1799,3.0000,0.0000,0.0000,0,19.4429,993.1513,665.7315,829.4414,-163.7099,10.7500,-1.7446,1000.0000,674.7370
58.956,1,0,learned,12.8075,110.8839,1.5710,-0.1061,3.0280,3.0299,0.2275,1.3954,3.8886,-0.0539,1.3903,18.3553,-0.1756,3.0000,0.0000,0.0000,0,19.4429,987.3667,723.1331,855.2499,-132.1168,10.8047,-6.3556,1000.0000,727.5821
59.006,1,0,learned,12.8000,111.0366,1.5624,-0.1135,3.0097,3.0118,-0.6985,1.3921,3.8886,-0.0191,1.3903,18.2064,-0.1702,3.0000,0.0000,0.0000,0,19.4429,973.3587,758.0042,865.6815,-107.6773,10.9397,-1.5735,985.8719,767.3704
59.056,1,0,learned,12.7929,111.1804,1.5534,-0.1206,3.0069,3.0093,0.2048,1.3890,3.8886,0.0137,1.3903,18.0662,-0.1644,3.0000,0.0000,0.0000,0,19.4429,991.4502,753.2312,872.3407,-119.1095,11.0639,-6.0472,1000.0000,758.2479
59.106,1,0,learned,12.7929,111.1804,1.5465,-0.1206,3.0069,3.0093,0.2028,1.3890,3.8886,0.0137,1.3903,18.0662,-0.1575,3.0000,0.0000,0.0000,0,19.4429,986.6480,710.3139,848.4810,-138.1670,11.0399,-6.0072,1000.0000,715.3467
59.156,1,0,learned,12.7853,111.3332,1.5349,-0.1255,2.9933,2.9959,0.2132,1.3857,3.8886,0.0486,1.3903,17.9172,-0.1492,3.0000,0.0000,0.0000,0,19.4429,993.4057,650.9027,822.1542,-171.2515,11.1596,-5.9279,1000.0000,656.1344
59.206,1,0,learned,12.7784,111.4779,1.5302,-0.1294,2.9974,3.0002,0.2268,1.3825,3.8886,0.0814,1.3903,17.7763,-0.1477,3.0000,0.0000,0.0000,0,19.4429,978.4610,743.9659,861.2134,-117.2476,11.2525,-5.9666,995.6802,749.2518
59.257,1,0,learned,12.7784,111.4779,1.5208,-0.1294,2.9974,3.0002,-0.7055,1.3825,3.8886,0.0814,1.3903,17.7763,-0.1383,3.0000,0.0000,0.0000,0,19.4429,988.2299,704.0103,846.1201,-142.1098,11.1909,-1.1674,1000.0000,714.0338
59.306,1,0,learned,12.7711,111.6320,1.5089,-0.1314,2.9908,2.9936,0.2215,1.3792,3.8886,0.1162,1.3903,17.6262,-0.1297,3.0000,0.0000,0.0000,0,19.4429,973.5541,666.1706,819.8623,-153.6917,11.3197,-5.7856,990.6594,671.7048
59.356,1,0,learned,12.7644,111.7778,1.5044,-0.1333,2.9998,3.0028,0.2117,1.3761,3.8886,0.1490,1.3903,17.4843,-0.1282,3.0000,0.0000,0.0000,0,19.4429,996.0145,709.4831,852.7488,-143.2657,11.3695,-5.6768,1000.0000,715.1759
59.406,1,0,learned,12.7574,111.9332,1.4942,-0.1335,2.9976,3.0005,-0.7130,1.3728,3.8886,0.1838,1.3903,17.3330,-0.1214,3.0000,0.0000,0.0000,0,19.4429,996.9419,732.7607,864.8513,-132.0906,11.4369,-0.8014,1000.0000,743.3963
59.456,1,0,learned,12.7510,112.0803,1.4822,-0.1334,3.0109,3.0139,-0.7330,1.3697,3.8886,0.2165,1.3903,17.1898,-0.1125,3.0000,0.0000,0.0000,0,19.4429,985.5806,798.0415,891.8111,-93.7695,11.4617,-0.6172,997.6595,808.8861
59.506,1,0,learned,12.7510,112.0803,1.4773,-0.1334,3.0109,3.0139,0.2220,1.3697,3.8886,0.2165,1.3903,17.1898,-0.1075,3.0000,0.0000,0.0000,0,19.4429,985.0012,832.5882,908.7947,-76.2065,11.4996,-5.5952,1000.0000,838.4926
59.556,1,0,learned,12.7445,112.2370,1.4623,-0.1316,3.0117,3.0145,-0.7303,1.3664,3.8886,0.2510,1.3903,17.0373,-0.0958,3.0000,0.0000,0.0000,0,19.4429,995.7559,788.2191,891.9875,-103.7684,11.5208,-0.4928,1000.0000,799.2472
59.606,1,0,learned,12.7389,112.3857,1.4573,-0.1288,3.0287,3.0315,0.2023,1.3635,3.8886,0.2832,1.3903,16.8925,-0.0938,3.0000,0.0000,0.0000,0,19.4429,996.5472,795.5776,896.0624,-100.4848,11.5539,-5.2938,1000.0000,801.8377
59.656,1,0,learned,12.7389,112.3857,1.4473,-0.1288,3.0287,3.0315,-0.7285,1.3635,3.8886,0.2832,1.3903,16.8925,-0.0838,3.0000,0.0000,0.0000,0,19.4429,990.0305,796.3438,893.1871,-96.8434,11.5067,-0.3943,1000.0000,807.4561
59.706,1,0,learned,12.7294,112.6952,1.4325,-0.1163,3.0549,3.0571,0.2355,1.3574,3.8886,0.3481,1.3903,16.5910,-0.0750,3.0000,0.0000,0.0000,0,19.4429,983.7868,793.2163,888.5015,-95.2852,11.5775,-5.3117,1000.0000,799.4821
59.756,1,0,learned,12.7294,112.6952,1.4276,-0.1163,3.0549,3.0571,-0.7320,1.3574,3.8886,0.3481,1.3903,16.5910,-0.0701,3.0000,0.0000,0.0000,0,19.4429,985.0107,818.7405,901.8756,-83.1351,11.5418,-0.1733,996.7258,830.1091
59.806,1,0,learned,12.7256,112.8558,1.4151,-0.1075,3.0614,3.0633,-0.7245,1.3544,3.8886,0.3807,1.3903,16.4345,-0.0608,3.0000,0.0000,0.0000,0,19.4429,976.4029,893.7068,935.0548,-41.3481,11.6107,-0.1043,988.1179,905.2132
59.856,1,0,learned,12.7228,113.0076,1.4082,-0.0977,3.0819,3.0835,-0.7110,1.3517,3.8886,0.4107,1.3903,16.2864,-0.0566,3.0000,0.0000,0.0000,0,19.4429,978.8846,953.0135,965.9490,-12.9356,11.6068,-0.0877,990.5791,964.5325
59.906,1,0,learned,12.7228,113.0076,1.3987,-0.0977,3.0819,3.0835,0.2467,1.3517,3.8886,0.4107,1.3903,16.2864,-0.0470,3.0000,0.0000,0.0000,0,19.4429,978.0641,969.5184,973.7913,-4.2729,11.6402,-5.2511,994.9555,975.9075
59.956,1,0,learned,12.7207,113.1694,1.3893,-0.0864,3.0876,3.0888,-0.7000,1.3488,3.8886,0.4418,1.3903,16.1285,-0.0405,3.0000,0.0000,0.0000,0,19.4429,977.9581,906.6256,942.2919,-35.6663,11.6349,-0.0105,989.6035,918.2501
60.006,1,0,learned,12.7197,113.3227,1.3823,-0.0731,3.1088,3.1097,-0.7063,1.3462,3.8886,0.4703,1.3903,15.9788,-0.0361,3.0000,0.0000,0.0000,0,19.4429,953.8542,936.7823,945.3182,-8.5360,11.6207,0.0992,965.3756,948.5022
60.062,1,0,learned,12.7200,113.4864,1.3713,-0.0573,3.1169,3.1175,-0.6903,1.3436,3.8886,0.4994,1.3903,15.8186,-0.0278,3.0000,0.0000,0.0000,0,19.4429,961.9803,882.9819,922.4811,-39.4992,11.6463,0.1316,973.4951,894.7598
60.107,1,0,learned,12.7215,113.6417,1.3628,-0.0397,3.1404,3.1406,0.2920,1.3412,3.8886,0.5258,1.3903,15.6665,-0.0215,3.0000,0.0000,0.0000,0,19.4429,959.7423,916.9755,938.3589,-21.3834,11.6634,-5.1963,976.6020,923.4426
60.156,1,0,learned,12.7215,113.6417,1.3587,-0.0397,3.1404,3.1406,0.2970,1.3412,3.8886,0.5258,1.3903,15.6665,-0.0174,3.0000,0.0000,0.0000,0,19.4429,982.1020,934.0522,958.0771,-24.0249,11.6608,-5.2227,998.9854,940.4903
60.206,1,0,learned,12.7243,113.8070,1.3467,-0.0209,3.1483,3.1483,0.3160,1.3388,3.8886,0.5527,1.3903,15.5044,-0.0079,3.0000,0.0000,0.0000,0,19.4429,991.1557,889.6937,940.4247,-50.7310,11.6863,-5.2355,1000.0000,896.1445
60.257,1,0,learned,12.7281,113.9633,1.3429,-0.0011,3.1698,3.1698,0.3048,1.3367,3.8886,0.5771,1.3903,15.3510,-0.0062,3.0000,0.0000,0.0000,0,19.4429,981.4422,879.1327,930.2874,-51.1548,11.6627,-5.1160,998.2208,885.6794
60.307,1,0,learned,12.7281,113.9633,1.3354,-0.0011,3.1698,3.1698,-0.6693,1.3367,3.8886,0.5771,1.3903,15.3510,0.0013,3.0000,0.0000,0.0000,0,19.4429,969.3262,820.5296,894.9279,-74.3983,11.5910,0.2996,980.6177,832.4203
60.356,1,0,learned,12.7333,114.1298,1.3264,0.0193,3.1763,3.1763,0.3305,1.3344,3.8886,0.6018,1.3903,15.1873,0.0080,3.0000,0.0000,0.0000,0,19.4429,992.5942,805.3596,898.9769,-93.6173,11.6781,-5.1577,1000.0000,811.8800
60.406,1,0,learned,12.7393,114.2873,1.3211,0.0406,3.1973,3.1976,-0.6833,1.3326,3.8886,0.6242,1.3903,15.0323,0.0114,3.0000,0.0000,0.0000,0,19.4429,986.8855,848.2340,917.5597,-69.3258,11.6275,0.5294,997.9836,860.3909
60.456,1,0,learned,12.7468,114.4548,1.3125,0.0613,3.2019,3.2025,0.3355,1.3305,3.8886,0.6469,1.3903,14.8673,0.0180,3.0000,0.0000,0.0000,0,19.4429,985.1049,866.4194,925.7621,-59.3427,11.7380,-5.0716,1000.0000,873.0858
60.506,1,0,learned,12.7548,114.6127,1.3073,0.0820,3.2194,3.2205,-0.6965,1.3288,3.8886,0.6674,1.3903,14.7117,0.0214,3.0000,0.0000,0.0000,0,19.4429,986.6223,907.3254,946.9738,-39.6485,11.7010,0.7555,997.5678,919.7819
60.557,1,0,learned,12.7548,114.6127,1.3005,0.0820,3.2194,3.2205,0.3375,1.3288,3.8886,0.6674,1.3903,14.7117,0.0283,3.0000,0.0000,0.0000,0,19.4429,973.6428,927.4148,950.5288,-23.1140,11.7444,-5.0339,990.4211,934.1254
60.606,1,0,learned,12.7641,114.7804,1.2919,0.1016,3.2204,3.2220,-0.6835,1.3268,3.8886,0.6883,1.3903,14.5462,0.0350,3.0000,0.0000,0.0000,0,19.4429,980.0189,898.0822,939.0506,-40.9683,11.7677,0.7952,990.9914,910.6450
60.656,1,0,learned,12.7739,114.9386,1.2851,0.1222,3.2358,3.2381,0.3485,1.3253,3.8886,0.7070,1.3903,14.3898,0.0402,3.0000,0.0000,0.0000,0,19.4429,966.4015,979.1670,972.7842,6.3827,11.8419,-4.9690,983.2124,986.0399
60.706,1,0,learned,12.7856,115.1069,1.2784,0.1426,3.2358,3.2389,-0.6770,1.3236,3.8886,0.7258,1.3903,14.2233,0.0452,3.0000,0.0000,0.0000,0,19.4429,976.1208,968.1785,972.1496,-3.9711,11.8779,0.9233,987.0754,980.9797
60.756,1,0,learned,12.7977,115.2657,1.2718,0.1647,3.2503,3.2545,0.3585,1.3222,3.8886,0.7424,1.3903,14.0660,0.0504,3.0000,0.0000,0.0000,0,19.4429,964.1559,958.4400,961.2979,-2.8579,11.9264,-4.8925,980.9747,965.4739
60.806,1,0,learned,12.8119,115.4344,1.2638,0.1864,3.2492,3.2545,0.3545,1.3207,3.8886,0.7587,1.3903,13.8986,0.0569,3.0000,0.0000,0.0000,0,19.4429,954.1404,964.5237,959.3321,5.1916,12.0150,-4.7923,970.9478,971.7464
60.856,1,0,learned,12.8266,115.5937,1.2577,0.2103,3.2631,3.2699,-0.6495,1.3195,3.8886,0.7728,1.3903,13.7403,0.0619,3.0000,0.0000,0.0000,0,19.4429,962.3611,924.4036,943.3823,-18.9787,11.9710,0.9933,973.3388,937.3679
60.906,1,0,learned,12.8266,115.5937,1.2517,0.2103,3.2631,3.2699,0.3775,1.3195,3.8886,0.7728,1.3903,13.7403,0.0678,3.0000,0.0000,0.0000,0,19.4429,946.7280,949.6974,948.2127,1.4847,12.0117,-4.8716,963.6114,956.8375
60.956,1,0,learned,12.8436,115.7629,1.2449,0.2335,3.2612,3.2696,0.3872,1.3183,3.8886,0.7865,1.3903,13.5718,0.0734,3.0000,0.0000,0.0000,0,19.4429,967.6844,944.9108,956.2976,-11.3868,12.0986,-4.8521,984.6351,952.1572
61.007,1,0,learned,12.8609,115.9224,1.2390,0.2587,3.2736,3.2838,-0.6508,1.3174,3.8886,0.7982,1.3903,13.4128,0.0784,3.0000,0.0000,0.0000,0,19.4429,980.5874,940.8771,960.7323,-19.8551,12.0743,1.1521,991.5096,954.1035
61.056,1,0,learned,12.8804,116.0916,1.2354,0.2823,3.2695,3.2817,-0.6498,1.3163,3.8886,0.8093,1.3903,13.2438,0.0810,3.0000,0.0000,0.0000,0,19.4429,955.0275,955.5187,955.2731,0.2456,12.1874,1.2164,965.9986,968.9225
61.106,1,0,learned,12.9001,116.2510,1.2303,0.3077,3.2799,3.2943,0.4045,1.3156,3.8886,0.8185,1.3903,13.0843,0.0854,3.0000,0.0000,0.0000,0,19.4429,945.6167,981.0376,963.3271,17.7105,12.2565,-4.8035,962.6766,988.4906
61.156,1,0,learned,12.9223,116.4202,1.2244,0.3315,3.2747,3.2915,0.4098,1.3148,3.8886,0.8271,1.3903,12.9148,0.0904,3.0000,0.0000,0.0000,0,19.4429,950.5229,963.2712,956.8971,6.3741,12.3544,-4.7637,967.6410,970.8619
61.206,1,0,learned,12.9223,116.4202,1.2192,0.3315,3.2747,3.2915,-0.6358,1.3148,3.8886,0.8271,1.3903,12.9148,0.0956,3.0000,0.0000,0.0000,0,19.4429,984.6283,947.1676,965.8979,-18.7304,12.3081,1.2849,995.6515,960.7606
61.256,1,0,learned,12.9444,116.5797,1.2138,0.3573,3.2844,3.3038,-0.6510,1.3143,3.8886,0.8340,1.3903,12.7547,0.1005,3.0000,0.0000,0.0000,0,19.4429,971.5359,977.3793,974.4576,2.9217,12.3441,1.4154,982.4647,991.1388
61.307,1,0,learned,12.9693,116.7490,1.2096,0.3815,3.2784,3.3006,0.4250,1.3138,3.8886,0.8399,1.3903,12.5845,0.1042,3.0000,0.0000,0.0000,0,19.4429,907.8557,979.7461,943.8009,35.9452,12.4913,-4.7536,925.1006,987.4838
61.356,1,0,learned,12.9939,116.9085,1.2055,0.4079,3.2873,3.3125,-0.6418,1.3135,3.8886,0.8443,1.3903,12.4238,0.1080,3.0000,0.0000,0.0000,0,19.4429,973.5932,972.5511,973.0721,-0.5210,12.4855,1.4793,984.5994,986.5159
61.412,1,0,learned,13.0214,117.0777,1.2016,0.4319,3.2808,3.3092,0.4475,1.3131,3.8886,0.8477,1.3903,12.2530,0.1116,3.0000,0.0000,0.0000,0,19.4429,932.0184,990.5125,961.2655,29.2470,12.6316,-4.7859,949.4360,998.3582
61.456,1,0,learned,13.0485,117.2372,1.1978,0.4585,3.2891,3.3209,-0.6092,1.3131,3.8886,0.8496,1.3903,12.0918,0.1153,3.0000,0.0000,0.0000,0,19.4429,919.8892,962.3690,941.1291,21.2399,12.6317,1.3964,931.1245,976.3971
61.506,1,0,learned,13.0485,117.2372,1.1943,0.4585,3.2891,3.3209,0.4632,1.3131,3.8886,0.8496,1.3903,12.0918,0.1188,3.0000,0.0000,0.0000,0,19.4429,938.6735,988.6286,963.6511,24.9776,12.6573,-4.8392,956.1700,996.4467
61.557,1,0,learned,13.1080,117.5653,1.1893,0.5089,3.2879,3.3270,0.4810,1.3131,3.8886,0.8499,1.3903,11.7592,0.1238,3.0000,0.0000,0.0000,0,19.4429,958.5786,972.3329,965.4557,6.8772,12.8048,-4.8516,976.2350,980.2861
61.607,1,0,learned,13.1080,117.5653,1.1878,0.5089,3.2879,3.3270,0.4910,1.3131,3.8886,0.8499,1.3903,11.7592,0.1254,3.0000,0.0000,0.0000,0,19.4429,954.9051,950.8369,952.8710,-2.0341,12.7966,-4.9093,972.6110,958.7242
61.656,1,0,learned,13.1406,117.7337,1.1841,0.5322,3.2780,3.3209,-0.6395,1.3132,3.8886,0.8481,1.3903,11.5880,0.1291,3.0000,0.0000,0.0000,0,19.4429,982.7604,976.8428,979.8016,-2.9588,12.9085,1.7351,993.9337,991.4864
61.706,1,0,learned,13.1723,117.8921,1.1821,0.5581,3.2827,3.3298,0.4870,1.3136,3.8886,0.8454,1.3903,11.4267,0.1315,3.0000,0.0000,0.0000,0,19.4429,958.2073,992.6492,975.4283,17.2210,12.9776,-4.7990,975.9838,1000.0000
61.756,1,0,learned,13.2071,118.0599,1.1788,0.5801,3.2715,3.3225,-0.6248,1.3139,3.8886,0.8413,1.3903,11.2556,0.1350,3.0000,0.0000,0.0000,0,19.4429,925.8948,964.3054,945.1001,19.2053,13.0868,1.7282,937.2534,979.1204
61.806,1,0,learned,13.2071,118.0599,1.1764,0.5801,3.2715,3.3225,0.4955,1.3139,3.8886,0.8413,1.3903,11.2556,0.1375,3.0000,0.0000,0.0000,0,19.4429,873.7885,982.8770,928.3328,54.5443,13.1071,-4.8151,891.7107,991.1690
61.856,1,0,learned,13.2408,118.2179,1.1746,0.6046,3.2754,3.3307,-0.6198,1.3144,3.8886,0.8365,1.3903,11.0942,0.1398,3.0000,0.0000,0.0000,0,19.4429,902.6155,951.3756,926.9955,24.3800,13.1313,1.7280,914.0188,966.2349
61.906,1,0,learned,13.2776,118.3852,1.1724,0.6254,3.2640,3.3233,0.5008,1.3149,3.8886,0.8303,1.3903,10.9230,0.1425,3.0000,0.0000,0.0000,0,19.4429,912.1880,988.7158,950.4519,38.2639,13.2810,-4.7549,930.2240,997.2419
61.956,1,0,learned,13.3132,118.5424,1.1702,0.6486,3.2662,3.3300,-0.5998,1.3155,3.8886,0.8235,1.3903,10.7619,0.1453,3.0000,0.0000,0.0000,0,19.4429,893.2946,981.5817,937.4382,44.1436,13.3275,1.7067,904.9153,996.6159
62.006,1,0,learned,13.3132,118.5424,1.1684,0.6486,3.2662,3.3300,0.5152,1.3155,3.8886,0.8235,1.3903,10.7619,0.1472,3.0000,0.0000,0.0000,0,19.4429,880.8108,939.7852,910.2980,29.4872,13.3228,-4.8153,898.9489,948.2928
62.056,1,0,learned,13.3519,118.7085,1.1666,0.6677,3.2519,3.3197,-0.6080,1.3162,3.8886,0.8152,1.3903,10.5914,0.1496,3.0000,0.0000,0.0000,0,19.4429,912.1205,974.6277,943.3741,31.2536,13.4647,1.8103,923.7749,989.9027
62.106,1,0,learned,13.3893,118.8647,1.1648,0.6898,3.2522,3.3245,0.5500,1.3170,3.8886,0.8065,1.3903,10.4309,0.1522,3.0000,0.0000,0.0000,0,19.4429,869.0318,940.9347,904.9833,35.9515,13.5268,-4.9424,887.5010,949.5192
62.156,1,0,learned,13.4299,119.0299,1.1638,0.7079,3.2370,3.3135,-0.6035,1.3178,3.8886,0.7963,1.3903,10.2608,0.1541,3.0000,0.0000,0.0000,0,19.4429,832.9835,966.6087,899.7961,66.8126,13.6752,1.8399,844.8188,982.1238
62.206,1,0,learned,13.4688,119.1850,1.1624,0.7288,3.2361,3.3172,0.5393,1.3188,3.8886,0.7858,1.3903,10.1008,0.1564,3.0000,0.0000,0.0000,0,19.4429,767.7753,980.9024,874.3389,106.5636,13.7584,-4.8332,786.3668,989.8276
62.257,1,0,learned,13.4688,119.1850,1.1617,0.7288,3.2361,3.3172,-0.5990,1.3188,3.8886,0.7858,1.3903,10.1008,0.1572,3.0000,0.0000,0.0000,0,19.4429,861.3776,976.3887,918.8832,57.5056,13.7441,1.8565,873.2652,991.9892
62.306,1,0,learned,13.5515,119.5030,1.1606,0.7650,3.2172,3.3069,-0.5825,1.3209,3.8886,0.7615,1.3903,9.7723,0.1603,3.0000,0.0000,0.0000,0,19.4429,806.5561,991.0397,898.7979,92.2418,13.9748,1.8280,818.7029,1000.0000
62.356,1,0,learned,13.5515,119.5030,1.1602,0.7650,3.2172,3.3069,-0.5767,1.3209,3.8886,0.7615,1.3903,9.7723,0.1607,3.0000,0.0000,0.0000,0,19.4429,732.2301,988.0241,860.1271,127.8970,13.9764,1.7739,744.4326,1000.0000
62.406,1,0,learned,13.5953,119.6654,1.1601,0.7803,3.1982,3.2920,0.5750,1.3221,3.8886,0.7476,1.3903,9.6041,0.1620,3.0000,0.0000,0.0000,0,19.4429,819.5433,967.4298,893.4865,73.9432,14.1243,-4.8977,838.5653,976.6564
62.457,1,0,learned,13.6373,119.8178,1.1602,0.7992,3.1937,3.2922,-0.5557,1.3233,3.8886,0.7336,1.3903,9.4460,0.1632,3.0000,0.0000,0.0000,0,19.4429,758.3435,984.2906,871.3170,112.9735,14.2147,1.7416,770.8165,1000.0000
62.506,1,0,learned,13.6373,119.8178,1.1605,0.7992,3.1937,3.2922,0.5900,1.3233,3.8886,0.7336,1.3903,9.4460,0.1628,3.0000,0.0000,0.0000,0,19.4429,810.1415,976.7559,893.4487,83.3072,14.2102,-4.9621,829.3139,986.0040
62.556,1,0,learned,13.6826,119.9786,1.1612,0.8137,3.1733,3.2759,-0.5423,1.3246,3.8886,0.7179,1.3903,9.2790,0.1634,3.0000,0.0000,0.0000,0,19.4429,894.8534,984.4523,939.6528,44.7995,14.3727,1.7579,907.4682,1000.0000
62.606,1,0,learned,13.7260,120.1293,1.1627,0.8316,3.1668,3.2741,0.6352,1.3260,3.8886,0.7023,1.3903,9.1222,0.1633,3.0000,0.0000,0.0000,0,19.4429,867.6495,984.5625,926.1060,58.4565,14.4581,-5.1336,887.2412,993.8870
62.656,1,0,learned,13.7727,120.2884,1.1638,0.8448,3.1451,3.2566,-0.5400,1.3275,3.8886,0.6849,1.3903,8.9565,0.1637,3.0000,0.0000,0.0000,0,19.4429,841.0170,958.6956,899.8563,58.8393,14.6242,1.7934,853.8478,975.1132
62.706,1,0,learned,13.7727,120.2884,1.1648,0.8448,3.1451,3.2566,-0.5403,1.3275,3.8886,0.6849,1.3903,8.9565,0.1627,3.0000,0.0000,0.0000,0,19.4429,845.0004,970.1484,907.5744,62.5740,14.6286,1.7955,857.8335,986.5725
62.756,1,0,learned,13.8173,120.4378,1.1665,0.8618,3.1389,3.2551,-0.5343,1.3290,3.8886,0.6679,1.3903,8.8006,0.1625,3.0000,0.0000,0.0000,0,19.4429,808.8769,973.5315,891.2042,82.3273,14.7175,1.7730,821.8214,990.0220
62.806,1,0,learned,13.8653,120.5962,1.1688,0.8740,3.1201,3.2402,-0.5330,1.3306,3.8886,0.6491,1.3903,8.6353,0.1618,3.0000,0.0000,0.0000,0,19.4429,784.8274,967.7436,876.2855,91.4581,14.8683,1.7961,797.8997,984.4080
62.856,1,0,learned,13.9110,120.7450,1.1708,0.8899,3.1163,3.2409,-0.5290,1.3323,3.8886,0.6308,1.3903,8.4797,0.1615,3.0000,0.0000,0.0000,0,19.4429,772.4909,962.1504,867.3207,94.8297,14.9412,1.7886,785.6435,978.8803
62.906,1,0,learned,13.9110,120.7450,1.1726,0.8899,3.1163,3.2409,-0.5358,1.3323,3.8886,0.6308,1.3903,8.4797,0.1597,3.0000,0.0000,0.0000,0,19.4429,723.8756,976.3233,850.0995,126.2239,14.9487,1.8077,737.0166,993.0797
62.956,1,0,learned,13.9601,120.9025,1.1758,0.9007,3.0985,3.2268,-0.5112,1.3340,3.8886,0.6108,1.3903,8.3150,0.1582,3.0000,0.0000,0.0000,0,19.4429,761.0073,988.9774,874.9924,113.9851,15.0966,1.7214,774.3824,1000.0000
63.007,1,0,learned,14.0069,121.0502,1.1772,0.9155,3.0946,3.2272,-0.5275,1.3358,3.8886,0.5913,1.3903,8.1602,0.1586,3.0000,0.0000,0.0000,0,19.4429,833.2353,978.9737,906.1045,72.8692,15.1643,1.8523,846.5473,995.9903
63.056,1,0,learned,14.0069,121.0502,1.1802,0.9155,3.0946,3.2272,0.6823,1.3358,3.8886,0.5913,1.3903,8.1602,0.1556,3.0000,0.0000,0.0000,0,19.4429,806.9696,983.0447,895.0071,88.0375,15.1693,-5.2419,827.3808,992.9721
63.106,1,0,learned,14.0570,121.2063,1.1844,0.9252,3.0757,3.2119,-0.5130,1.3377,3.8886,0.5700,1.3903,7.9966,0.1533,3.0000,0.0000,0.0000,0,19.4429,897.5243,988.7548,943.1395,45.6153,15.3181,1.8231,911.0193,1000.0000
63.156,1,0,learned,14.1048,121.3528,1.1859,0.9393,3.0711,3.2115,-0.5238,1.3396,3.8886,0.5493,1.3903,7.8428,0.1537,3.0000,0.0000,0.0000,0,19.4429,836.4224,935.3662,885.8943,49.4719,15.3782,1.8780,849.9226,952.6224
63.206,1,0,learned,14.1561,121.5080,1.1909,0.9486,3.0540,3.1979,-0.4960,1.3416,3.8886,0.5267,1.3903,7.6797,0.1506,3.0000,0.0000,0.0000,0,19.4429,733.3199,952.6635,842.9917,109.6718,15.5239,1.7222,747.1216,969.9095
63.257,1,0,learned,14.2049,121.6545,1.1950,0.9622,3.0534,3.2014,0.7015,1.3436,3.8886,0.5050,1.3903,7.5258,0.1486,3.0000,0.0000,0.0000,0,19.4429,671.0652,974.3303,822.6977,151.6326,15.6040,-5.2950,691.9641,984.6393
63.306,1,0,learned,14.2049,121.6545,1.1983,0.9622,3.0534,3.2014,0.7190,1.3436,3.8886,0.5050,1.3903,7.5258,0.1453,3.0000,0.0000,0.0000,0,19.4429,772.1365,972.6833,872.4099,100.2734,15.6004,-5.3696,793.1065,982.9141
63.356,1,0,learned,14.2570,121.8097,1.2033,0.9704,3.0399,3.1910,0.7313,1.3457,3.8886,0.4815,1.3903,7.3624,0.1424,3.0000,0.0000,0.0000,0,19.4429,817.2053,971.7032,894.4542,77.2489,15.7217,-5.4003,838.3273,982.0245
63.406,1,0,learned,14.3065,121.9554,1.2055,0.9822,3.0386,3.1934,-0.4825,1.3478,3.8886,0.4591,1.3903,7.2092,0.1423,3.0000,0.0000,0.0000,0,19.4429,854.9440,954.7036,904.8238,49.8798,15.7609,1.7295,868.9755,972.1940
63.456,1,0,learned,14.3592,122.1091,1.2125,0.9886,3.0223,3.1799,0.7408,1.3499,3.8886,0.4348,1.3903,7.0472,0.1375,3.0000,0.0000,0.0000,0,19.4429,869.6314,993.6501,931.6407,62.0093,15.9221,-5.4099,890.9635,1000.0000
63.506,1,0,learned,14.4092,122.2538,1.2173,0.9992,3.0209,3.1818,-0.5102,1.3521,3.8886,0.4116,1.3903,6.8948,0.1348,3.0000,0.0000,0.0000,0,19.4429,874.6697,983.2868,928.9783,54.3085,15.9626,1.9195,888.7128,1000.0000
63.557,1,0,learned,14.4092,122.2538,1.2198,0.9992,3.0209,3.1818,0.7390,1.3521,3.8886,0.4116,1.3903,6.8948,0.1323,3.0000,0.0000,0.0000,0,19.4429,822.2237,987.4066,904.8151,82.5915,15.9900,-5.4072,843.6209,997.9893
63.607,1,0,learned,14.4625,122.4075,1.2265,1.0045,3.0076,3.1709,0.7452,1.3544,3.8886,0.3867,1.3903,6.7329,0.1279,3.0000,0.0000,0.0000,0,19.4429,865.0373,979.4147,922.2260,57.1887,16.1102,-5.4101,886.5576,990.1148
63.656,1,0,learned,14.5131,122.5525,1.2299,1.0143,3.0104,3.1767,0.7460,1.3566,3.8886,0.3630,1.3903,6.5800,0.1266,3.0000,0.0000,0.0000,0,19.4429,889.3444,960.5116,924.9280,35.5836,16.1475,-5.3945,910.8863,971.2646
63.706,1,0,learned,14.5131,122.5525,1.2351,1.0143,3.0104,3.1767,-0.4940,1.3566,3.8886,0.3630,1.3903,6.5800,0.1215,3.0000,0.0000,0.0000,0,19.4429,889.1810,975.0817,932.1314,42.9504,16.1271,1.8517,903.4564,993.0605
63.756,1,0,learned,14.5670,122.7065,1.2403,1.0188,3.0005,3.1688,0.7758,1.3589,3.8886,0.3376,1.3903,6.4177,0.1187,3.0000,0.0000,0.0000,0,19.4429,901.4477,976.5591,939.0034,37.5557,16.2645,-5.5535,923.2657,987.2702
63.806,1,0,learned,14.6180,122.8517,1.2455,1.0275,3.0057,3.1765,-0.5222,1.3612,3.8886,0.3135,1.3903,6.2646,0.1157,3.0000,0.0000,0.0000,0,19.4429,923.2936,966.5985,944.9461,21.6524,16.2569,2.0443,937.5063,984.8996
63.856,1,0,learned,14.6723,123.0061,1.2506,1.0307,2.9983,3.1705,0.7375,1.3635,3.8886,0.2878,1.3903,6.1020,0.1130,3.0000,0.0000,0.0000,0,19.4429,896.4312,986.6699,941.5505,45.1193,16.3975,-5.3316,918.1603,997.7358
63.906,1,0,learned,14.7236,123.1520,1.2557,1.0382,3.0064,3.1806,-0.5080,1.3658,3.8886,0.2636,1.3903,5.9483,0.1101,3.0000,0.0000,0.0000,0,19.4429,904.7853,964.8972,934.8413,30.0559,16.3644,1.9863,919.1635,983.2479
63.956,1,0,learned,14.7236,123.1520,1.2582,1.0382,3.0064,3.1806,-0.5178,1.3658,3.8886,0.2636,1.3903,5.9483,0.1077,3.0000,0.0000,0.0000,0,19.4429,904.3802,971.8013,938.0908,33.7106,16.3687,2.0344,918.7145,990.2045
64.006,1,0,learned,14.7781,123.3072,1.2657,1.0403,3.0023,3.1774,-0.5195,1.3682,3.8886,0.2378,1.3903,5.7849,0.1026,3.0000,0.0000,0.0000,0,19.4429,827.5287,971.3500,899.4394,71.9107,16.4476,2.0401,841.9363,989.8377
64.056,1,0,learned,14.8295,123.4540,1.2681,1.0467,3.0133,3.1899,-0.5285,1.3705,3.8886,0.2135,1.3903,5.6304,0.1024,3.0000,0.0000,0.0000,0,19.4429,760.8045,937.6987,849.2516,88.4471,16.4393,2.0915,775.1523,956.2294
64.106,1,0,learned,14.8295,123.4540,1.2729,1.0467,3.0133,3.1899,0.7622,1.3705,3.8886,0.2135,1.3903,5.6304,0.0976,3.0000,0.0000,0.0000,0,19.4429,759.9384,959.5100,859.7242,99.7858,16.5215,-5.4825,781.9424,970.5490
64.163,1,0,learned,14.9357,123.7573,1.2800,1.0528,3.0221,3.2002,0.7542,1.3752,3.8886,0.1635,1.3903,5.3114,0.0951,3.0000,0.0000,0.0000,0,19.4429,816.0333,936.7430,876.3881,60.3548,16.5966,-5.3970,838.0269,947.9426
64.206,1,0,learned,14.9357,123.7573,1.2825,1.0528,3.0221,3.2002,0.7528,1.3752,3.8886,0.1635,1.3903,5.3114,0.0927,3.0000,0.0000,0.0000,0,19.4429,858.7788,938.9177,898.8483,40.0695,16.5981,-5.3871,880.7641,950.1287
64.256,1,0,learned,14.9904,123.9130,1.2886,1.0525,3.0164,3.1948,-0.5148,1.3775,3.8886,0.1377,1.3903,5.1478,0.0890,3.0000,0.0000,0.0000,0,19.4429,919.2012,925.3890,922.2951,3.0939,16.6012,2.0970,933.7054,944.0872
64.306,1,0,learned,15.0419,124.0593,1.2923,1.0564,3.0229,3.2022,0.7622,1.3798,3.8840,0.1133,1.3903,4.9941,0.0875,3.0000,0.0000,0.0000,0,19.4429,872.6239,979.6689,926.1464,53.5225,16.6929,-5.4506,894.7674,990.9112
64.356,1,0,learned,15.0963,124.2144,1.2986,1.0545,3.0149,3.1940,-0.5295,1.3822,3.7573,0.0876,1.3903,4.8312,0.0836,3.0000,0.0000,0.0000,0,19.4429,857.7753,958.5518,908.1636,50.3883,15.8212,2.1767,871.4198,976.5497
64.406,1,0,learned,15.1474,124.3608,1.3048,1.0565,3.0218,3.2011,-0.5318,1.3844,3.6379,0.0636,1.3903,4.6777,0.0796,3.0000,0.0000,0.0000,0,19.4429,848.4156,962.2776,905.3466,56.9310,15.0004,2.1859,861.2301,979.4639
64.456,1,0,learned,15.1474,124.3608,1.3084,1.0565,3.0218,3.2011,-0.5308,1.3844,3.6379,0.0636,1.3903,4.6777,0.0760,3.0000,0.0000,0.0000,0,19.4429,784.8840,940.1793,862.5317,77.6477,15.0013,2.1655,797.7198,957.3462
64.506,1,0,learned,15.2014,124.5162,1.3145,1.0530,3.0151,3.1937,-0.5268,1.3867,3.5112,0.0384,1.3903,4.5148,0.0723,3.0000,0.0000,0.0000,0,19.4429,799.0007,971.6800,885.3404,86.3396,14.1781,2.1502,811.0286,988.0083
64.556,1,0,learned,15.2522,124.6626,1.3180,1.0539,3.0222,3.2007,-0.5530,1.3889,3.3920,0.0147,1.3903,4.3615,0.0709,3.0000,0.0000,0.0000,0,19.4429,796.1467,982.0275,889.0871,92.9404,13.3085,2.3142,807.1410,997.6502
64.607,1,0,learned,15.3058,124.8175,1.3241,1.0493,3.0136,3.1910,-0.5320,1.3912,3.2660,-0.0102,1.3903,4.1995,0.0672,3.0000,0.0000,0.0000,0,19.4429,818.8355,980.6143,899.7249,80.8894,12.4460,2.2105,829.0710,995.2708
64.657,1,0,learned,15.3562,124.9631,1.3289,1.0493,3.0175,3.1947,0.7863,1.3934,3.1477,-0.0336,1.3903,4.0474,0.0645,3.0000,0.0000,0.0000,0,19.4429,774.7182,974.5327,874.6255,99.9072,11.5999,-6.5692,792.8873,979.5634
64.707,1,0,learned,15.3562,124.9631,1.3340,1.0493,3.0175,3.1947,-0.5245,1.3934,3.1477,-0.0336,1.3903,4.0474,0.0594,3.0000,0.0000,0.0000,0,19.4429,737.7480,943.9661,840.8571,103.1091,11.5620,2.1571,747.1529,957.6853
64.756,1,0,learned,15.4094,125.1173,1.3401,1.0444,3.0071,3.1833,-0.5198,1.3957,3.0225,-0.0584,1.3903,3.8864,0.0556,3.0000,0.0000,0.0000,0,19.4429,683.5858,927.2282,805.4070,121.8212,10.6800,2.1427,692.1230,940.0509
64.806,1,0,learned,15.4595,125.2625,1.3444,1.0442,3.0108,3.1867,-0.5308,1.3979,2.9048,-0.0816,1.3903,3.7350,0.0535,3.0000,0.0000,0.0000,0,19.4429,705.8030,931.5573,818.6801,112.8771,9.7507,2.2281,713.3256,943.5361
64.856,1,0,learned,15.5125,125.4162,1.3498,1.0390,2.9997,3.1746,0.7910,1.4002,2.7803,-0.1060,1.3903,3.5750,0.0504,3.0000,0.0000,0.0000,0,19.4429,739.6084,944.2412,841.9248,102.3164,8.8765,-7.2899,755.7749,945.8279
64.907,1,0,learned,15.5622,125.5604,1.3572,1.0382,3.0005,3.1751,0.8250,1.4023,2.6637,-0.1291,1.3903,3.4251,0.0451,3.0000,0.0000,0.0000,0,19.4429,745.2589,902.8110,824.0350,78.7760,7.9444,-7.7727,760.9760,902.9827
64.956,1,0,learned,15.6146,125.7125,1.3642,1.0324,2.9855,3.1590,0.8155,1.4046,2.5409,-0.1534,1.3903,3.2672,0.0403,3.0000,0.0000,0.0000,0,19.4429,761.5008,901.1245,831.3126,69.8118,7.0359,-7.9930,776.5297,900.1674
65.006,1,0,learned,15.6639,125.8555,1.3703,1.0311,2.9839,3.1570,-0.5202,1.4067,2.4258,-0.1761,1.3903,3.1191,0.0364,3.0000,0.0000,0.0000,0,19.4429,711.6569,899.2979,805.4774,93.8205,6.0379,2.1798,715.5149,907.5156
65.056,1,0,learned,15.6639,125.8555,1.3747,1.0311,2.9839,3.1570,-0.5228,1.4067,2.4258,-0.1761,1.3903,3.1191,0.0320,3.0000,0.0000,0.0000,0,19.4429,713.6168,890.6324,802.1246,88.5078,6.0416,2.1721,717.4863,898.8461
65.107,1,0,learned,15.7157,126.0066,1.3829,1.0242,2.9686,3.1403,-0.5110,1.4090,2.3043,-0.2000,1.3903,2.9629,0.0260,3.0000,0.0000,0.0000,0,19.4429,707.0426,793.0155,750.0291,42.9865,5.1267,2.0703,710.0989,800.2125
65.156,1,0,learned,15.7641,126.1487,1.3875,1.0212,2.9670,3.1378,-0.5180,1.4026,4.0000,-0.2544,1.3788,23.1418,0.0151,3.0000,0.0000,0.0000,0,20.3355,629.4210,758.8098,694.1154,64.6944,8.0257,-3.5844,641.0311,763.2511
65.206,1,0,learned,15.8151,126.2989,1.3946,1.0128,2.9509,3.1199,0.8453,1.4046,4.0000,-0.2757,1.3788,22.9850,0.0100,3.0000,0.0000,0.0000,0,20.3355,525.2861,734.0772,629.6816,104.3956,8.3603,-9.8615,543.5079,732.5760
65.256,1,0,learned,15.8151,126.2989,1.4004,1.0128,2.9509,3.1199,-0.5178,1.4046,4.0000,-0.2757,1.3788,22.9850,0.0042,3.0000,0.0000,0.0000,0,20.3355,479.3013,680.7231,580.0122,100.7109,8.1883,-3.5603,491.0499,685.3511
65.306,1,0,learned,15.8625,126.4394,1.4089,1.0078,2.9462,3.1138,-0.5152,1.4065,4.0000,-0.2955,1.3788,22.8383,-0.0024,3.0000,0.0000,0.0000,0,20.3355,518.9841,678.4406,598.7124,79.7282,8.2784,-3.5986,530.8610,683.1204
65.356,1,0,learned,15.9120,126.5867,1.4135,0.9966,2.9235,3.0887,-0.5335,1.4085,4.0000,-0.3159,1.3788,22.6845,-0.0050,3.0000,0.0000,0.0000,0,20.3355,595.0836,658.1550,626.6193,31.5357,8.4425,-3.5416,607.0677,663.0560
65.406,1,0,learned,15.9579,126.7232,1.4208,0.9887,2.9077,3.0712,0.8350,1.4104,4.0000,-0.3350,1.3788,22.5420,-0.0104,3.0000,0.0000,0.0000,0,20.3355,643.8072,767.4921,705.6497,61.8425,8.7553,-9.9205,662.4830,766.3269
65.456,1,0,learned,16.0058,126.8654,1.4268,0.9751,2.8730,3.0339,-0.5260,1.4124,4.0000,-0.3548,1.3788,22.3937,-0.0144,3.0000,0.0000,0.0000,0,20.3355,622.5958,877.4921,750.0440,127.4482,8.8666,-3.7127,635.1751,882.6460
65.507,1,0,learned,16.0500,126.9974,1.4354,0.9645,2.8484,3.0072,-0.5290,1.4143,4.0000,-0.3731,1.3788,22.2560,-0.0211,3.0000,0.0000,0.0000,0,20.3355,729.9992,975.0977,852.5485,122.5493,9.0637,-3.7726,742.8355,980.3888
65.557,1,0,learned,16.0500,126.9974,1.4421,0.9645,2.8484,3.0072,0.8610,1.4143,4.0000,-0.3731,1.3788,22.2560,-0.0278,3.0000,0.0000,0.0000,0,20.3355,835.1673,994.5025,914.8349,79.6676,9.2069,-10.2514,854.6256,993.4580
65.606,1,0,learned,16.0962,127.1361,1.4487,0.9491,2.8121,2.9679,-0.5220,1.4163,4.0000,-0.3919,1.3788,22.1114,-0.0324,3.0000,0.0000,0.0000,0,20.3355,943.1495,899.5879,921.3687,-21.7808,9.2833,-3.7958,956.2286,905.0754
65.657,1,0,learned,16.1392,127.2665,1.4571,0.9387,2.7931,2.9466,0.8818,1.4181,4.0000,-0.4093,1.3788,21.9755,-0.0391,3.0000,0.0000,0.0000,0,20.3355,967.6741,926.6923,947.1832,-20.4909,9.5635,-10.3351,987.5727,925.9207
65.706,1,0,learned,16.1846,127.4058,1.4639,0.9254,2.7705,2.9209,-0.5440,1.4199,4.0000,-0.4273,1.3788,21.8304,-0.0440,3.0000,0.0000,0.0000,0,20.3355,902.5747,919.6815,911.1281,8.5534,9.6468,-3.7366,915.9582,925.5917
65.756,1,0,learned,16.2269,127.5389,1.4691,0.9164,2.7708,2.9184,0.8598,1.4215,4.0000,-0.4434,1.3788,21.6920,-0.0476,3.0000,0.0000,0.0000,0,20.3355,979.4922,964.3815,971.9369,-7.5554,9.8179,-10.2748,999.5849,963.9247
65.806,1,0,learned,16.2709,127.6823,1.4774,0.9026,2.7683,2.9118,-0.5543,1.4231,4.0000,-0.4592,1.3788,21.5432,-0.0543,3.0000,0.0000,0.0000,0,20.3355,991.3370,907.4395,949.3882,-41.9488,9.8178,-3.7128,1000.0000,913.5444
65.856,1,0,learned,16.2709,127.6823,1.4838,0.9026,2.7683,2.9118,0.8458,1.4231,4.0000,-0.4592,1.3788,21.5432,-0.0607,3.0000,0.0000,0.0000,0,20.3355,967.4457,953.8777,960.6617,-6.7840,9.9253,-10.2200,987.5909,953.5830
65.906,1,0,learned,16.3118,127.8196,1.4898,0.8923,2.7867,2.9261,-0.5775,1.4243,4.0000,-0.4731,1.3788,21.4010,-0.0655,3.0000,0.0000,0.0000,0,20.3355,920.7939,940.7970,930.7954,10.0015,9.8469,-3.6530,934.2939,946.9909
65.956,1,0,learned,16.3543,127.9681,1.4956,0.8775,2.8003,2.9345,0.8243,1.4256,4.0000,-0.4866,1.3788,21.2475,-0.0701,3.0000,0.0000,0.0000,0,20.3355,944.1085,958.9334,951.5210,7.4125,9.9651,-10.1645,964.2380,958.7340
66.006,1,0,learned,16.3937,128.1105,1.4997,0.8659,2.8339,2.9632,-0.5933,1.4264,4.0000,-0.4980,1.3788,21.1004,-0.0732,3.0000,0.0000,0.0000,0,20.3355,977.6213,934.9550,956.2882,-21.3332,9.8161,-3.6027,991.0401,941.1684
66.056,1,0,learned,16.3937,128.1105,1.5049,0.8659,2.8339,2.9632,0.8125,1.4264,4.0000,-0.4980,1.3788,21.1004,-0.0785,3.0000,0.0000,0.0000,0,20.3355,963.7910,927.1924,945.4917,-18.2993,9.9016,-10.1245,983.8171,926.9694
66.106,1,0,learned,16.4346,128.2644,1.5110,0.8502,2.8590,2.9827,-0.5998,1.4273,4.0000,-0.5088,1.3788,20.9419,-0.0836,3.0000,0.0000,0.0000,0,20.3355,945.8803,889.9075,917.8939,-27.9864,9.8096,-3.5683,959.2581,896.1488
66.156,1,0,learned,16.4725,128.4119,1.5145,0.8380,2.9016,3.0202,0.8095,1.4279,4.0000,-0.5179,1.3788,20.7901,-0.0866,3.0000,0.0000,0.0000,0,20.3355,952.2573,807.7322,879.9947,-72.2626,9.7647,-10.1001,972.1221,807.3968
66.206,1,0,learned,16.5118,128.5708,1.5189,0.8216,2.9324,3.0453,-0.6388,1.4286,4.0000,-0.5262,1.3788,20.6269,-0.0904,3.0000,0.0000,0.0000,0,20.3355,941.1580,871.8479,906.5029,-34.6550,9.6744,-3.4150,954.2473,878.1074
66.256,1,0,learned,16.5480,128.7222,1.5231,0.8081,2.9770,3.0847,0.7980,1.4289,4.0000,-0.5328,1.3788,20.4716,-0.0942,3.0000,0.0000,0.0000,0,20.3355,984.2599,895.3226,939.7913,-44.4687,9.6574,-10.1671,1000.0000,894.8128
66.306,1,0,learned,16.5480,128.7222,1.5270,0.8081,2.9770,3.0847,-0.6475,1.4289,4.0000,-0.5328,1.3788,20.4716,-0.0981,3.0000,0.0000,0.0000,0,20.3355,969.6067,861.1739,915.3903,-54.2164,9.5725,-3.3864,982.5656,867.3599
66.356,1,0,learned,16.5853,128.8839,1.5314,0.7900,3.0035,3.1056,0.7853,1.4293,4.0000,-0.5386,1.3788,20.3059,-0.1021,3.0000,0.0000,0.0000,0,20.3355,996.2944,882.7169,939.5057,-56.7888,9.6473,-10.1204,1000.0000,882.2439
66.406,1,0,learned,16.6195,129.0369,1.5345,0.7744,3.0400,3.1371,-0.6905,1.4295,4.0000,-0.5429,1.3788,20.1495,-0.1050,3.0000,0.0000,0.0000,0,20.3355,986.0912,861.9369,924.0140,-62.0771,9.4957,-3.2096,998.7965,868.2230
66.456,1,0,learned,16.6547,129.1996,1.5374,0.7549,3.0579,3.1497,0.7865,1.4297,4.0000,-0.5464,1.3788,19.9832,-0.1077,3.0000,0.0000,0.0000,0,20.3355,986.4736,855.9569,921.2153,-65.2583,9.6057,-10.1506,1000.0000,855.4120
66.506,1,0,learned,16.6869,129.3530,1.5404,0.7380,3.0857,3.1727,0.7682,1.4298,4.0000,-0.5487,1.3788,19.8265,-0.1107,3.0000,0.0000,0.0000,0,20.3355,983.4873,763.2385,873.3629,-110.1244,9.5536,-10.0157,1000.0000,762.7764
66.556,1,0,learned,16.7199,129.5156,1.5421,0.7175,3.0940,3.1761,0.7582,1.4299,4.0000,-0.5502,1.3788,19.6607,-0.1122,3.0000,0.0000,0.0000,0,20.3355,959.3508,699.2541,829.3024,-130.0484,9.6020,-9.9202,978.8731,698.9359
66.606,1,0,learned,16.7501,129.6684,1.5443,0.6998,3.1118,3.1895,0.7545,1.4298,4.0000,-0.5506,1.3788,19.5050,-0.1145,3.0000,0.0000,0.0000,0,20.3355,976.0965,736.9353,856.5159,-119.5806,9.6305,-9.9330,995.6600,736.6329
66.656,1,0,learned,16.7501,129.6684,1.5455,0.6998,3.1118,3.1895,0.7263,1.4298,4.0000,-0.5506,1.3788,19.5050,-0.1157,3.0000,0.0000,0.0000,0,20.3355,963.5557,716.5187,840.0372,-123.5185,9.6258,-9.7716,982.9531,716.3730
66.706,1,0,learned,16.7809,129.8294,1.5466,0.6783,3.1087,3.1818,-0.7275,1.4298,4.0000,-0.5502,1.3788,19.3412,-0.1167,3.0000,0.0000,0.0000,0,20.3355,961.7120,732.9464,847.3292,-114.3828,9.6867,-2.9105,974.3092,739.7226
66.756,1,0,learned,16.8088,129.9799,1.5473,0.6589,3.1138,3.1828,-0.7668,1.4297,4.0000,-0.5488,1.3788,19.1882,-0.1176,3.0000,0.0000,0.0000,0,20.3355,968.9056,729.1740,849.0398,-119.8658,9.7609,-2.7264,981.3929,736.2085
66.806,1,0,learned,16.8372,130.1383,1.5473,0.6362,3.1004,3.1650,-0.7638,1.4296,4.0000,-0.5464,1.3788,19.0273,-0.1177,3.0000,0.0000,0.0000,0,20.3355,974.0068,826.0110,900.0089,-73.9979,9.9537,-2.7211,986.6817,833.2436
66.856,1,0,learned,16.8372,130.1383,1.5469,0.6362,3.1004,3.1650,0.6900,1.4296,4.0000,-0.5464,1.3788,19.0273,-0.1173,3.0000,0.0000,0.0000,0,20.3355,982.3235,913.4570,947.8903,-34.4333,10.0271,-9.6476,1000.0000,913.8365
66.906,1,0,learned,16.8628,130.2867,1.5469,0.6159,3.0987,3.1593,0.7045,1.4294,4.0000,-0.5433,1.3788,18.8766,-0.1176,3.0000,0.0000,0.0000,0,20.3355,993.1495,917.3966,955.2730,-37.8764,10.1282,-9.7067,1000.0000,917.8181
66.956,1,0,learned,16.8891,130.4438,1.5452,0.5937,3.0830,3.1397,0.6907,1.4291,4.0000,-0.5391,1.3788,18.7174,-0.1161,3.0000,0.0000,0.0000,0,20.3355,982.6865,815.6984,899.1924,-83.4941,10.2611,-9.5327,1000.0000,816.4267
67.006,1,0,learned,16.9132,130.5922,1.5437,0.5752,3.0849,3.1381,-0.7900,1.4287,4.0000,-0.5344,1.3788,18.5670,-0.1151,3.0000,0.0000,0.0000,0,20.3355,991.8445,739.3737,865.6091,-126.2354,10.2982,-2.4461,1000.0000,747.2258
67.057,1,0,learned,16.9132,130.5922,1.5422,0.5752,3.0849,3.1381,-0.8023,1.4287,4.0000,-0.5344,1.3788,18.5670,-0.1135,3.0000,0.0000,0.0000,0,20.3355,962.3505,790.4260,876.3882,-85.9622,10.3125,-2.4121,975.0751,798.3264
67.106,1,0,learned,16.9380,130.7504,1.5412,0.5557,3.0762,3.1260,0.6827,1.4282,4.0000,-0.5286,1.3788,18.4069,-0.1130,3.0000,0.0000,0.0000,0,20.3355,953.1821,790.6027,871.8924,-81.2897,10.4701,-9.4134,973.0656,791.6594
67.157,1,0,learned,16.9607,130.8998,1.5393,0.5390,3.0834,3.1302,0.6817,1.4276,4.0000,-0.5224,1.3788,18.2559,-0.1117,3.0000,0.0000,0.0000,0,20.3355,935.5319,874.0896,904.8108,-30.7211,10.5574,-9.4362,955.5254,875.2108
67.206,1,0,learned,16.9607,130.8998,1.5371,0.5390,3.0834,3.1302,-0.8313,1.4276,4.0000,-0.5224,1.3788,18.2559,-0.1095,3.0000,0.0000,0.0000,0,20.3355,960.0880,805.9061,882.9971,-77.0909,10.5178,-2.1960,972.8019,814.2279
67.256,1,0,learned,16.9839,131.0585,1.5336,0.5207,3.0771,3.1208,-0.8277,1.4270,4.0000,-0.5149,1.3788,18.0955,-0.1067,3.0000,0.0000,0.0000,0,20.3355,989.6673,845.6683,917.6678,-71.9995,10.6542,-2.1560,1000.0000,854.1665
67.306,1,0,learned,17.0052,131.2083,1.5327,0.5054,3.0861,3.1272,0.6883,1.4262,4.0000,-0.5073,1.3788,17.9442,-0.1065,3.0000,0.0000,0.0000,0,20.3355,965.6898,936.1179,950.9039,-14.7859,10.7422,-9.4438,985.8757,937.4163
67.356,1,0,learned,17.0273,131.3678,1.5291,0.4891,3.0821,3.1207,0.6625,1.4254,4.0000,-0.4985,1.3788,17.7833,-0.1037,3.0000,0.0000,0.0000,0,20.3355,993.8920,974.7412,984.3166,-9.5754,10.8607,-9.2849,1000.0000,976.3170
67.406,1,0,learned,17.0476,131.5186,1.5261,0.4761,3.0942,3.1306,-0.8470,1.4246,4.0000,-0.4897,1.3788,17.6311,-0.1016,3.0000,0.0000,0.0000,0,20.3355,990.4345,938.4187,964.4266,-26.0079,10.8837,-1.9319,1000.0000,947.3706
67.456,1,0,learned,17.0476,131.5186,1.5245,0.4761,3.0942,3.1306,-0.8345,1.4246,4.0000,-0.4897,1.3788,17.6311,-0.1000,3.0000,0.0000,0.0000,0,20.3355,893.9711,950.0954,922.0333,28.0622,10.8929,-1.9821,906.8461,959.0063
67.506,1,0,learned,17.0689,131.6796,1.5206,0.4628,3.0947,3.1291,0.6905,1.4236,4.0000,-0.4799,1.3788,17.4688,-0.0970,3.0000,0.0000,0.0000,0,20.3355,871.7496,977.0956,924.4226,52.6730,10.9957,-9.3691,892.1143,978.7222
67.557,1,0,learned,17.0889,131.8324,1.5183,0.4533,3.1122,3.1451,-0.8343,1.4227,4.0000,-0.4703,1.3788,17.3148,-0.0956,3.0000,0.0000,0.0000,0,20.3355,951.1679,908.0008,929.5843,-21.5836,10.9764,-1.8527,963.9970,917.1245
67.606,1,0,learned,17.0889,131.8324,1.5156,0.4533,3.1122,3.1451,-0.8343,1.4227,4.0000,-0.4703,1.3788,17.3148,-0.0930,3.0000,0.0000,0.0000,0,20.3355,950.8224,879.7999,915.3111,-35.5112,10.9644,-1.8420,963.6288,888.9223
67.656,1,0,learned,17.1100,131.9949,1.5124,0.4438,3.1151,3.1465,-0.8460,1.4217,4.0000,-0.4600,1.3788,17.1510,-0.0907,3.0000,0.0000,0.0000,0,20.3355,962.9567,956.2919,959.6243,-3.3324,11.0668,-1.7472,975.7708,965.6116
67.706,1,0,learned,17.1299,132.1483,1.5111,0.4379,3.1310,3.1615,0.6865,1.4207,4.0000,-0.4502,1.3788,16.9965,-0.0904,3.0000,0.0000,0.0000,0,20.3355,957.4698,978.3463,967.9081,10.4383,11.0795,-9.2659,977.8152,980.1600
67.757,1,0,learned,17.1508,132.3110,1.5083,0.4307,3.1305,3.1600,0.7020,1.4197,4.0000,-0.4397,1.3788,16.8325,-0.0886,3.0000,0.0000,0.0000,0,20.3355,928.0073,992.3585,960.1829,32.1756,11.1793,-9.3133,948.4999,994.2245
67.806,1,0,learned,17.1703,132.4645,1.5050,0.4261,3.1441,3.1728,0.7125,1.4187,4.0000,-0.4296,1.3788,16.6779,-0.0863,3.0000,0.0000,0.0000,0,20.3355,936.1957,985.9694,961.0825,24.8868,11.1970,-9.3395,956.7323,987.8268
67.856,1,0,learned,17.1703,132.4645,1.5038,0.4261,3.1441,3.1728,-0.8423,1.4187,4.0000,-0.4296,1.3788,16.6779,-0.0851,3.0000,0.0000,0.0000,0,20.3355,974.2846,958.7582,966.5214,-7.7632,11.1965,-1.5834,987.0646,968.3713
67.906,1,0,learned,17.1910,132.6277,1.5007,0.4204,3.1431,3.1711,-0.8093,1.4177,4.0000,-0.4188,1.3788,16.5135,-0.0830,3.0000,0.0000,0.0000,0,20.3355,984.6434,903.3316,943.9875,-40.6559,11.2763,-1.6332,997.5530,912.9747
67.956,1,0,learned,17.2105,132.7819,1.4997,0.4177,3.1567,3.1842,-0.8250,1.4167,4.0000,-0.4085,1.3788,16.3583,-0.0830,3.0000,0.0000,0.0000,0,20.3355,933.6580,933.3082,933.4831,-0.1749,11.3141,-1.5235,946.4956,943.0988
68.006,1,0,learned,17.2312,132.9457,1.4970,0.4135,3.1557,3.1826,0.7330,1.4157,4.0000,-0.3975,1.3788,16.1932,-0.0813,3.0000,0.0000,0.0000,0,20.3355,908.0630,917.7672,912.9151,4.8521,11.3846,-9.2904,928.7380,919.8613
68.056,1,0,learned,17.2505,133.1005,1.4953,0.4113,3.1691,3.1957,-0.8205,1.4146,4.0000,-0.3869,1.3788,16.0375,-0.0806,3.0000,0.0000,0.0000,0,20.3355,982.7320,966.9272,974.8296,-7.9024,11.4420,-1.4171,995.5912,976.9521
68.107,1,0,learned,17.2505,133.1005,1.4937,0.4113,3.1691,3.1957,-0.8315,1.4146,4.0000,-0.3869,1.3788,16.0375,-0.0790,3.0000,0.0000,0.0000,0,20.3355,940.4297,952.1466,946.2881,5.8585,11.4392,-1.3690,953.2379,962.2168
68.156,1,0,learned,17.2708,133.2646,1.4921,0.4073,3.1668,3.1929,-0.8083,1.4136,4.0000,-0.3756,1.3788,15.8722,-0.0785,3.0000,0.0000,0.0000,0,20.3355,921.4516,978.6674,950.0595,28.6079,11.5544,-1.3966,934.4025,988.8252
68.206,1,0,learned,17.2900,133.4194,1.4913,0.4055,3.1785,3.2042,0.7235,1.4126,4.0000,-0.3648,1.3788,15.7164,-0.0788,3.0000,0.0000,0.0000,0,20.3355,879.9011,990.9865,935.4438,55.5427,11.5698,-9.1601,900.6310,993.3961
68.259,1,0,learned,17.2900,133.4194,1.4899,0.4055,3.1785,3.2042,-0.8060,1.4126,4.0000,-0.3648,1.3788,15.7164,-0.0774,3.0000,0.0000,0.0000,0,20.3355,970.0528,920.3065,945.1796,-24.8731,11.5647,-1.3321,982.9496,930.5391
68.306,1,0,learned,17.3103,133.5841,1.4879,0.4025,3.1759,3.2013,-0.8130,1.4115,4.0000,-0.3534,1.3788,15.5507,-0.0764,3.0000,0.0000,0.0000,0,20.3355,939.1129,897.6862,918.3996,-20.7133,11.6673,-1.2236,952.0038,908.1299
68.356,1,0,learned,17.3295,133.7395,1.4875,0.4022,3.1883,3.2136,-0.8035,1.4105,4.0000,-0.3426,1.3788,15.3943,-0.0770,3.0000,0.0000,0.0000,0,20.3355,933.9714,958.1160,946.0437,12.0723,11.7164,-1.2167,946.9045,968.6157
68.406,1,0,learned,17.3500,133.9046,1.4864,0.4007,3.1857,3.2108,0.7628,1.4094,4.0000,-0.3312,1.3788,15.2280,-0.0770,3.0000,0.0000,0.0000,0,20.3355,942.8491,981.3649,962.1070,19.2579,11.7903,-9.2257,963.8651,983.9296
68.456,1,0,learned,17.3693,134.0603,1.4856,0.4007,3.1973,3.2224,-0.8310,1.4084,4.0000,-0.3204,1.3788,15.0713,-0.0772,3.0000,0.0000,0.0000,0,20.3355,934.6775,970.0010,952.3393,17.6618,11.8633,-0.9646,947.5054,980.8998
68.506,1,0,learned,17.3693,134.0603,1.4849,0.4007,3.1973,3.2224,-0.7973,1.4084,4.0000,-0.3204,1.3788,15.0713,-0.0765,3.0000,0.0000,0.0000,0,20.3355,907.9302,975.4975,941.7138,33.7836,11.8646,-1.1095,920.9043,986.2526
68.557,1,0,learned,17.3897,134.2256,1.4839,0.3990,3.1935,3.2183,-0.8065,1.4073,4.0000,-0.3089,1.3788,14.9050,-0.0766,3.0000,0.0000,0.0000,0,20.3355,900.0309,975.4545,937.7427,37.7118,11.9801,-0.9904,913.0014,986.4443
68.606,1,0,learned,17.4089,134.3816,1.4835,0.3995,3.2049,3.2297,-0.8217,1.4063,4.0000,-0.2980,1.3788,14.7480,-0.0772,3.0000,0.0000,0.0000,0,20.3355,910.7552,975.5001,943.1276,32.3724,12.0160,-0.8625,923.6337,986.6536
68.656,1,0,learned,17.4089,134.3816,1.4827,0.3995,3.2049,3.2297,-0.8307,1.4063,4.0000,-0.2980,1.3788,14.7480,-0.0764,3.0000,0.0000,0.0000,0,20.3355,918.5930,980.3710,949.4820,30.8890,12.0162,-0.8231,931.4323,991.5641
68.706,1,0,learned,17.4294,134.5472,1.4825,0.3985,3.2008,3.2255,-0.8067,1.4052,4.0000,-0.2866,1.3788,14.5813,-0.0772,3.0000,0.0000,0.0000,0,20.3355,919.2858,983.1231,951.2045,31.9186,12.1323,-0.8440,932.2622,994.4114
68.757,1,0,learned,17.4489,134.7032,1.4823,0.3998,3.2106,3.2354,0.8180,1.4042,4.0000,-0.2759,1.3788,14.4243,-0.0781,3.0000,0.0000,0.0000,0,20.3355,937.2780,982.7204,959.9992,22.7212,12.1196,-9.2956,958.6932,985.5444
68.806,1,0,learned,17.4696,134.8686,1.4821,0.3996,3.2048,3.2296,-0.7858,1.4032,4.0000,-0.2647,1.3788,14.2578,-0.0789,3.0000,0.0000,0.0000,0,20.3355,941.6813,973.8497,957.7655,16.0842,12.2942,-0.7832,954.7587,985.3608
68.856,1,0,learned,17.4893,135.0245,1.4823,0.4016,3.2135,3.2385,0.8115,1.4022,4.0000,-0.2542,1.3788,14.1008,-0.0801,3.0000,0.0000,0.0000,0,20.3355,922.5647,963.6613,943.1130,20.5483,12.2817,-9.1428,943.9892,966.8002
68.906,1,0,learned,17.4893,135.0245,1.4824,0.4016,3.2135,3.2385,-0.8033,1.4022,4.0000,-0.2542,1.3788,14.1008,-0.0802,3.0000,0.0000,0.0000,0,20.3355,970.6411,959.3999,965.0205,-5.6206,12.3373,-0.6370,983.6155,971.1002
68.956,1,0,learned,17.5102,135.1900,1.4824,0.4017,3.2073,3.2323,-0.7945,1.4012,4.0000,-0.2432,1.3788,13.9342,-0.0812,3.0000,0.0000,0.0000,0,20.3355,906.8790,936.0277,921.4534,14.5744,12.4597,-0.5942,919.9329,947.8932
69.006,1,0,learned,17.5300,135.3460,1.4832,0.4037,3.2159,3.2411,-0.7973,1.4002,4.0000,-0.2328,1.3788,13.7771,-0.0829,3.0000,0.0000,0.0000,0,20.3355,915.2520,971.5432,943.3976,28.1456,12.5206,-0.5194,928.2919,983.5445
69.056,1,0,learned,17.5509,135.5116,1.4835,0.4036,3.2097,3.2349,-0.8040,1.3992,4.0000,-0.2218,1.3788,13.6104,-0.0842,3.0000,0.0000,0.0000,0,20.3355,920.2938,982.5968,951.4453,31.1515,12.6508,-0.4021,933.3467,994.8455
69.107,1,0,learned,17.5707,135.6676,1.4846,0.4053,3.2175,3.2430,-0.7950,1.3983,4.0000,-0.2114,1.3788,13.4534,-0.0864,3.0000,0.0000,0.0000,0,20.3355,887.7504,986.6091,937.1798,49.4294,12.7076,-0.3785,900.8365,998.9383
69.156,1,0,learned,17.5707,135.6676,1.4848,0.4053,3.2175,3.2430,-0.8083,1.3983,4.0000,-0.2114,1.3788,13.4534,-0.0865,3.0000,0.0000,0.0000,0,20.3355,945.3928,982.8803,964.1365,18.7438,12.7037,-0.3117,958.4082,995.2722
69.206,1,0,learned,17.5917,135.8330,1.4862,0.4051,3.2103,3.2358,-0.7920,1.3973,4.0000,-0.2005,1.3788,13.2869,-0.0890,3.0000,0.0000,0.0000,0,20.3355,951.5173,989.2031,970.3602,18.8429,12.8369,-0.2927,964.6469,1000.0000
69.257,1,0,learned,17.6117,135.9891,1.4867,0.4071,3.2184,3.2441,0.8495,1.3963,4.0000,-0.1903,1.3788,13.1297,-0.0904,3.0000,0.0000,0.0000,0,20.3355,971.1342,966.4431,968.7886,-2.3456,12.7991,-9.0023,992.9356,970.2399
69.306,1,0,learned,17.6329,136.1549,1.4885,0.4072,3.2125,3.2382,0.8375,1.3953,4.0000,-0.1795,1.3788,12.9628,-0.0932,3.0000,0.0000,0.0000,0,20.3355,999.9586,856.4821,928.2203,-71.7382,12.8801,-8.8135,1000.0000,860.5487
69.357,1,0,learned,17.6528,136.3116,1.4896,0.4090,3.2229,3.2488,0.8430,1.3944,4.0000,-0.1692,1.3788,12.8050,-0.0952,3.0000,0.0000,0.0000,0,20.3355,983.7016,847.6644,915.6830,-68.0186,12.9208,-8.7944,1000.0000,851.7908
69.406,1,0,learned,17.6528,136.3116,1.4908,0.4090,3.2229,3.2488,-0.8113,1.3944,4.0000,-0.1692,1.3788,12.8050,-0.0964,3.0000,0.0000,0.0000,0,20.3355,985.1539,751.0659,868.1099,-117.0440,12.9788,0.0432,998.0895,764.0879
69.456,1,0,learned,17.6739,136.4782,1.4913,0.4083,3.2192,3.2450,-0.8067,1.3933,4.0000,-0.1581,1.3788,12.6373,-0.0980,3.0000,0.0000,0.0000,0,20.3355,967.6110,694.9287,831.2699,-136.3412,13.0751,0.1178,980.5683,708.1215
69.506,1,0,learned,17.6934,136.6352,1.4926,0.4079,3.2294,3.2550,-0.8335,1.3923,4.0000,-0.1473,1.3788,12.4794,-0.1002,3.0000,0.0000,0.0000,0,20.3355,922.8084,648.2926,785.5505,-137.2579,13.1075,0.3038,935.6121,661.7039
69.557,1,0,learned,17.7136,136.8012,1.4931,0.4038,3.2221,3.2473,-0.8317,1.3913,4.0000,-0.1354,1.3788,12.3125,-0.1019,3.0000,0.0000,0.0000,0,20.3355,981.4996,757.5237,869.5117,-111.9880,13.2737,0.3978,994.3756,771.1952
69.607,1,0,learned,17.7319,136.9568,1.4940,0.3994,3.2258,3.2505,-0.8700,1.3902,4.0000,-0.1237,1.3788,12.1561,-0.1038,3.0000,0.0000,0.0000,0,20.3355,968.7760,867.4017,918.0889,-50.6871,13.3888,0.6439,981.5208,881.4345
69.656,1,0,learned,17.7319,136.9568,1.4938,0.3994,3.2258,3.2505,0.7918,1.3902,4.0000,-0.1237,1.3788,12.1561,-0.1036,3.0000,0.0000,0.0000,0,20.3355,981.6428,967.0360,974.3394,-7.3034,13.3260,-8.2873,1000.0000,972.0747
69.706,1,0,learned,17.7506,137.1204,1.4938,0.3916,3.2102,3.2340,0.7878,1.3890,4.0000,-0.1108,1.3788,11.9918,-0.1047,3.0000,0.0000,0.0000,0,20.3355,990.8536,892.0535,941.4535,-49.4000,13.4657,-8.1370,1000.0000,897.3822
69.762,1,0,learned,17.7678,137.2741,1.4926,0.3849,3.2086,3.2316,0.7870,1.3879,4.0000,-0.0984,1.3788,11.8375,-0.1047,3.0000,0.0000,0.0000,0,20.3355,977.1217,921.4252,949.2735,-27.8483,13.5728,-8.0698,998.7644,926.9281
69.806,1,0,learned,17.7678,137.2741,1.4915,0.3849,3.2086,3.2316,-0.8702,1.3879,4.0000,-0.0984,1.3788,11.8375,-0.1036,3.0000,0.0000,0.0000,0,20.3355,989.5966,818.6023,904.0994,-85.4972,13.6373,0.8709,1000.0000,833.1105
69.856,1,0,learned,17.7859,137.4374,1.4901,0.3775,3.1947,3.2169,0.7910,1.3867,4.0000,-0.0850,1.3788,11.6737,-0.1034,3.0000,0.0000,0.0000,0,20.3355,975.2044,737.5917,856.3980,-118.8064,13.6639,-7.9193,996.7877,743.3363
69.906,1,0,learned,17.8029,137.5914,1.4886,0.3727,3.1976,3.2192,-0.8930,1.3855,4.0000,-0.0722,1.3788,11.5192,-0.1031,3.0000,0.0000,0.0000,0,20.3355,950.2251,719.2595,834.7423,-115.4828,13.8407,1.1815,962.8843,734.2816
69.956,1,0,learned,17.8207,137.7547,1.4873,0.3667,3.1862,3.2073,-0.9208,1.3842,4.0000,-0.0586,1.3788,11.3554,-0.1031,3.0000,0.0000,0.0000,0,20.3355,931.1696,739.7435,835.4565,-95.7130,13.9976,1.4164,943.7508,755.1576
70.006,1,0,learned,17.8207,137.7547,1.4855,0.3667,3.1862,3.2073,0.7800,1.3842,4.0000,-0.0586,1.3788,11.3554,-0.1013,3.0000,0.0000,0.0000,0,20.3355,947.8390,799.6852,873.7621,-74.0769,13.9059,-7.7175,969.4624,805.8737
70.056,1,0,learned,17.8371,137.9080,1.4834,0.3618,3.1877,3.2082,-0.9220,1.3830,4.0000,-0.0455,1.3788,11.2017,-0.1004,3.0000,0.0000,0.0000,0,20.3355,995.0187,904.4009,949.7098,-45.3089,14.1287,1.5425,1000.0000,920.0722
70.106,1,0,learned,17.8541,138.0697,1.4810,0.3548,3.1719,3.1917,0.7698,1.3817,4.0000,-0.0313,1.3788,11.0397,-0.0993,3.0000,0.0000,0.0000,0,20.3355,971.3977,856.2927,913.8452,-57.5525,14.1657,-7.4950,993.0584,862.9634
70.156,1,0,learned,17.8698,138.2214,1.4782,0.3494,3.1695,3.1887,-0.9363,1.3805,4.0000,-0.0178,1.3788,10.8878,-0.0978,3.0000,0.0000,0.0000,0,20.3355,951.2993,957.4289,954.3641,3.0648,14.4106,1.8373,963.8727,973.6768
70.206,1,0,learned,17.8864,138.3823,1.4754,0.3433,3.1547,3.1734,0.7645,1.3791,4.0000,-0.0034,1.3788,10.7266,-0.0963,3.0000,0.0000,0.0000,0,20.3355,977.9189,905.2775,941.5982,-36.3207,14.4347,-7.2899,999.6435,912.4223
70.257,1,0,learned,17.8864,138.3823,1.4723,0.3433,3.1547,3.1734,-0.9483,1.3791,4.0000,-0.0034,1.3788,10.7266,-0.0932,3.0000,0.0000,0.0000,0,20.3355,943.9610,842.8221,893.3915,-50.5695,14.5275,2.0170,956.4715,859.3665
70.306,1,0,learned,17.9021,138.5345,1.4693,0.3400,3.1577,3.1760,0.7658,1.3779,4.0000,0.0103,1.3788,10.5743,-0.0914,3.0000,0.0000,0.0000,0,20.3355,960.4076,770.3872,865.3974,-95.0102,14.4562,-7.1707,982.0345,777.6726
70.356,1,0,learned,17.9189,138.6966,1.4654,0.3367,3.1496,3.1675,0.7765,1.3765,4.0000,0.0247,1.3788,10.4120,-0.0889,3.0000,0.0000,0.0000,0,20.3355,947.1271,801.6069,874.3670,-72.7601,14.5930,-7.1467,968.8667,809.0532
70.406,1,0,learned,17.9349,138.8498,1.4631,0.3359,3.1583,3.1761,0.7682,1.3753,4.0000,0.0383,1.3788,10.2585,-0.0879,3.0000,0.0000,0.0000,0,20.3355,982.6908,774.4714,878.5811,-104.1097,14.6250,-7.0132,1000.0000,782.0833
70.456,1,0,learned,17.9518,139.0125,1.4599,0.3336,3.1522,3.1698,-0.9487,1.3739,4.0000,0.0527,1.3788,10.0957,-0.0860,3.0000,0.0000,0.0000,0,20.3355,987.8911,759.6997,873.7954,-114.0957,14.8481,2.4680,1000.0000,777.0159
70.506,1,0,learned,17.9675,139.1657,1.4559,0.3325,3.1602,3.1777,-0.9543,1.3726,4.0000,0.0665,1.3788,9.9424,-0.0833,3.0000,0.0000,0.0000,0,20.3355,979.3282,698.1008,838.7145,-140.6137,14.8689,2.5854,991.6117,715.5551
70.556,1,0,learned,17.9675,139.1657,1.4533,0.3325,3.1602,3.1777,-0.9545,1.3726,4.0000,0.0665,1.3788,9.9424,-0.0806,3.0000,0.0000,0.0000,0,20.3355,953.0235,805.2114,879.1174,-73.9061,14.9033,2.5880,965.3387,822.7027
70.606,1,0,learned,17.9841,139.3283,1.4497,0.3296,3.1534,3.1706,0.7615,1.3712,4.0000,0.0813,1.3788,9.7798,-0.0785,3.0000,0.0000,0.0000,0,20.3355,944.0142,913.6725,928.8433,-15.1708,14.9527,-6.7553,965.7221,921.8699
70.657,1,0,learned,17.9995,139.4814,1.4458,0.3278,3.1608,3.1777,-0.9825,1.3699,4.0000,0.0954,1.3788,9.6267,-0.0758,3.0000,0.0000,0.0000,0,20.3355,962.3328,976.8470,969.5899,7.2571,15.1276,2.9577,974.5028,994.9323
70.707,1,0,learned,18.0156,139.6436,1.4406,0.3243,3.1526,3.1693,-0.9895,1.3685,4.0000,0.1105,1.3788,9.4645,-0.0721,3.0000,0.0000,0.0000,0,20.3355,960.9691,982.2430,971.6060,10.6370,15.2514,3.1208,973.0997,1000.0000
70.756,1,0,learned,18.0310,139.7969,1.4363,0.3234,3.1606,3.1771,0.7668,1.3672,4.0000,0.1247,1.3788,9.3113,-0.0690,3.0000,0.0000,0.0000,0,20.3355,911.4904,971.3694,941.4299,29.9395,15.1868,-6.5474,933.2246,980.0088
70.806,1,0,learned,18.0310,139.7969,1.4331,0.3234,3.1606,3.1771,0.7665,1.3672,4.0000,0.1247,1.3788,9.3113,-0.0659,3.0000,0.0000,0.0000,0,20.3355,863.3635,920.7816,892.0726,28.7091,15.1703,-6.5379,885.0717,929.4140
70.856,1,0,learned,18.0477,139.9602,1.4299,0.3231,3.1567,3.1732,-0.9705,1.3658,4.0000,0.1394,1.3788,9.1480,-0.0640,3.0000,0.0000,0.0000,0,20.3355,903.1260,898.6230,900.8745,-2.2515,15.3588,3.2332,915.2516,917.2150
70.906,1,0,learned,18.0639,140.1148,1.4249,0.3261,3.1695,3.1862,0.7955,1.3646,4.0000,0.1530,1.3788,8.9934,-0.0603,3.0000,0.0000,0.0000,0,20.3355,820.2036,855.0658,837.6347,17.4311,15.2756,-6.5201,841.9994,863.8213
70.957,1,0,learned,18.0816,140.2789,1.4210,0.3288,3.1667,3.1837,-0.9580,1.3633,4.0000,0.1670,1.3788,8.8293,-0.0577,3.0000,0.0000,0.0000,0,20.3355,790.3278,746.2047,768.2663,-22.0615,15.4135,3.3377,802.4036,764.9560
71.006,1,0,learned,18.0985,140.4333,1.4167,0.3337,3.1768,3.1943,-0.9728,1.3621,4.0000,0.1798,1.3788,8.6747,-0.0546,3.0000,0.0000,0.0000,0,20.3355,888.5067,817.9841,853.2454,-35.2613,15.4694,3.5270,900.4491,836.9805
71.056,1,0,learned,18.0985,140.4333,1.4142,0.3337,3.1768,3.1943,-0.9567,1.3621,4.0000,0.1798,1.3788,8.6747,-0.0520,3.0000,0.0000,0.0000,0,20.3355,904.5990,870.5986,887.5988,-17.0002,15.4834,3.4664,916.6160,889.5483
71.107,1,0,learned,18.1168,140.5965,1.4111,0.3371,3.1689,3.1868,0.8055,1.3609,4.0000,0.1930,1.3788,8.5114,-0.0502,3.0000,0.0000,0.0000,0,20.3355,938.0948,967.6224,952.8586,14.7638,15.5533,-6.3156,959.9637,976.8601
71.157,1,0,learned,18.1340,140.7492,1.4088,0.3417,3.1714,3.1897,-0.9680,1.3598,4.0000,0.2052,1.3788,8.3586,-0.0490,3.0000,0.0000,0.0000,0,20.3355,952.5027,880.3077,916.4052,-36.0975,15.6719,3.7457,964.4289,899.7252
71.206,1,0,learned,18.1340,140.7492,1.4059,0.3417,3.1714,3.1897,0.8210,1.3598,4.0000,0.2052,1.3788,8.3586,-0.0462,3.0000,0.0000,0.0000,0,20.3355,954.6589,841.4308,898.0448,-56.6140,15.5782,-6.2772,976.5143,850.7318
71.256,1,0,learned,18.1526,140.9110,1.4024,0.3447,3.1594,3.1781,-0.9557,1.3586,4.0000,0.2179,1.3788,8.1966,-0.0438,3.0000,0.0000,0.0000,0,20.3355,957.9248,937.2175,947.5711,-10.3536,15.8224,3.8220,969.9252,956.8619
71.307,1,0,learned,18.1705,141.0640,1.4017,0.3503,3.1651,3.1845,0.8187,1.3575,4.0000,0.2295,1.3788,8.0433,-0.0442,3.0000,0.0000,0.0000,0,20.3355,935.2691,939.5815,937.4253,2.1562,15.8032,-6.1247,957.1970,949.2599
71.357,1,0,learned,18.1705,141.0640,1.3991,0.3503,3.1651,3.1845,-0.9573,1.3575,4.0000,0.2295,1.3788,8.0433,-0.0416,3.0000,0.0000,0.0000,0,20.3355,977.6228,851.6055,914.6141,-63.0086,15.8407,3.9156,989.5478,871.3618
71.406,1,0,learned,18.1897,141.2266,1.3953,0.3542,3.1576,3.1774,-0.9603,1.3564,4.0000,0.2417,1.3788,7.8805,-0.0390,3.0000,0.0000,0.0000,0,20.3355,985.3107,811.2793,898.2950,-87.0157,15.9409,4.0426,997.2090,831.2628
71.456,1,0,learned,18.2081,141.3803,1.3945,0.3601,3.1663,3.1868,0.8207,1.3553,4.0000,0.2529,1.3788,7.7265,-0.0392,3.0000,0.0000,0.0000,0,20.3355,900.1431,867.8188,883.9810,-16.1622,15.9377,-5.9546,922.0354,877.8019
71.507,1,0,learned,18.2279,141.5436,1.3913,0.3642,3.1614,3.1823,0.8455,1.3542,4.0000,0.2646,1.3788,7.5629,-0.0370,3.0000,0.0000,0.0000,0,20.3355,922.0939,854.7232,888.4086,-33.6853,16.0385,-5.9879,944.1203,864.7738
71.556,1,0,learned,18.2467,141.6977,1.3887,0.3694,3.1710,3.1925,-0.9788,1.3533,4.0000,0.2756,1.3788,7.4086,-0.0354,3.0000,0.0000,0.0000,0,20.3355,987.6328,867.0522,927.3425,-60.2903,16.1235,4.4094,999.3469,887.5852
71.606,1,0,learned,18.2467,141.6977,1.3873,0.3694,3.1710,3.1925,-0.9940,1.3533,4.0000,0.2756,1.3788,7.4086,-0.0340,3.0000,0.0000,0.0000,0,20.3355,887.1731,826.5420,856.8575,-30.3156,16.1060,4.4462,898.8329,847.0942
71.656,1,0,learned,18.2667,141.8611,1.3838,0.3725,3.1653,3.1871,0.8110,1.3522,4.0000,0.2872,1.3788,7.2449,-0.0316,3.0000,0.0000,0.0000,0,20.3355,883.1523,842.9960,863.0742,-20.0781,16.1755,-5.6393,904.9671,853.5323
71.707,1,0,learned,18.2857,142.0152,1.3816,0.3774,3.1744,3.1968,-0.9705,1.3512,4.0000,0.2979,1.3788,7.0906,-0.0304,3.0000,0.0000,0.0000,0,20.3355,854.1450,780.8090,817.4770,-36.6680,16.2181,4.5153,865.8478,801.5424
71.756,1,0,learned,18.2857,142.0152,1.3788,0.3774,3.1744,3.1968,0.8470,1.3512,4.0000,0.2979,1.3788,7.0906,-0.0275,3.0000,0.0000,0.0000,0,20.3355,897.3855,871.0680,884.2267,-13.1587,16.2142,-5.7664,919.3660,881.5158
71.806,1,0,learned,18.3061,142.1787,1.3750,0.3804,3.1684,3.1911,-0.9888,1.3502,4.0000,0.3091,1.3788,6.9268,-0.0248,3.0000,0.0000,0.0000,0,20.3355,981.9720,886.5948,934.2834,-47.6886,16.3594,4.7679,993.5634,907.7221
71.856,1,0,learned,18.3256,142.3325,1.3731,0.3853,3.1753,3.1986,-0.9918,1.3492,4.0000,0.3193,1.3788,6.7728,-0.0238,3.0000,0.0000,0.0000,0,20.3355,994.8568,907.0719,950.9643,-43.8924,16.4047,4.8719,1000.0000,928.3486
71.906,1,0,learned,18.3464,142.4951,1.3698,0.3883,3.1658,3.1895,-0.9850,1.3482,4.0000,0.3299,1.3788,6.6099,-0.0216,3.0000,0.0000,0.0000,0,20.3355,984.0082,961.4540,972.7311,-11.2771,16.5380,4.9536,995.5926,982.9456
71.957,1,0,learned,18.3663,142.6486,1.3669,0.3936,3.1720,3.1963,0.8330,1.3474,4.0000,0.3396,1.3788,6.4562,-0.0196,3.0000,0.0000,0.0000,0,20.3355,944.7065,976.9835,960.8450,16.1385,16.5602,-5.3803,966.6470,988.1634
72.006,1,0,learned,18.3663,142.6486,1.3651,0.3936,3.1720,3.1963,0.8373,1.3474,4.0000,0.3396,1.3788,6.4562,-0.0178,3.0000,0.0000,0.0000,0,20.3355,913.8338,913.5323,913.6831,-0.1508,16.5420,-5.3899,935.7658,924.6843
72.057,1,0,learned,18.3878,142.8119,1.3610,0.3978,3.1658,3.1907,0.8225,1.3464,4.0000,0.3497,1.3788,6.2925,-0.0146,3.0000,0.0000,0.0000,0,20.3355,988.1213,805.4937,896.8075,-91.3138,16.6170,-5.1688,1000.0000,816.9419
72.115,1,0,learned,18.4086,142.9665,1.3596,0.4048,3.1767,3.2024,-0.9825,1.3456,4.0000,0.3588,1.3788,6.1376,-0.0140,3.0000,0.0000,0.0000,0,20.3355,952.2410,705.3513,828.7961,-123.4449,16.6063,5.1699,963.6774,727.1275
72.156,1,0,learned,18.4086,142.9665,1.3567,0.4048,3.1767,3.2024,0.8485,1.3456,4.0000,0.3588,1.3788,6.1376,-0.0111,3.0000,0.0000,0.0000,0,20.3355,903.5494,736.3483,819.9489,-83.6006,16.6209,-5.2379,925.4083,747.7313
72.206,1,0,learned,18.4311,143.1307,1.3540,0.4105,3.1730,3.1994,-1.0115,1.3447,4.0000,0.3680,1.3788,5.9729,-0.0092,3.0000,0.0000,0.0000,0,20.3355,928.5328,778.0291,853.2809,-75.2518,16.7148,5.4066,939.8410,800.1505
72.257,1,0,learned,18.4525,143.2853,1.3525,0.4171,3.1824,3.2096,-0.9908,1.3440,4.0000,0.3766,1.3788,5.8180,-0.0085,3.0000,0.0000,0.0000,0,20.3355,986.9388,799.1282,893.0335,-93.9053,16.7462,5.3986,998.2864,821.2731
72.306,1,0,learned,18.4749,143.4485,1.3488,0.4201,3.1737,3.2013,0.8403,1.3431,4.0000,0.3857,1.3788,5.6545,-0.0057,3.0000,0.0000,0.0000,0,20.3355,929.2418,877.9394,903.5906,-25.6512,16.8958,-5.0047,951.1423,889.8305
72.356,1,0,learned,18.4960,143.6017,1.3447,0.4241,3.1774,3.2056,0.8465,1.3424,4.0000,0.3942,1.3788,5.5010,-0.0024,3.0000,0.0000,0.0000,0,20.3355,940.2076,783.5549,861.8813,-78.3263,16.9224,-4.9323,962.0623,795.5451
72.406,1,0,learned,18.4960,143.6017,1.3431,0.4241,3.1774,3.2056,0.8303,1.3424,4.0000,0.3942,1.3788,5.5010,-0.0007,3.0000,0.0000,0.0000,0,20.3355,976.9098,760.5082,868.7090,-108.2008,16.9142,-4.8267,998.6506,772.5957
72.456,1,0,learned,18.5186,143.7642,1.3395,0.4262,3.1668,3.1953,-1.0208,1.3415,4.0000,0.4030,1.3788,5.3383,0.0020,3.0000,0.0000,0.0000,0,20.3355,987.2333,791.3814,889.3073,-97.9259,17.0106,5.8397,998.4042,814.2316
72.507,1,0,learned,18.5401,143.9172,1.3360,0.4305,3.1710,3.2001,0.8187,1.3408,4.0000,0.4111,1.3788,5.1851,0.0048,3.0000,0.0000,0.0000,0,20.3355,948.7780,792.6694,870.7237,-78.0543,17.0911,-4.6293,970.4984,805.1312
72.557,1,0,learned,18.5401,143.9172,1.3321,0.4305,3.1710,3.2001,-1.0308,1.3408,4.0000,0.4111,1.3788,5.1851,0.0086,3.0000,0.0000,0.0000,0,20.3355,940.0519,883.5092,911.7806,-28.2714,17.0724,5.9669,951.1574,906.5485
72.606,1,0,learned,18.5630,144.0792,1.3282,0.4323,3.1601,3.1896,0.8123,1.3399,4.0000,0.4196,1.3788,5.0229,0.0117,3.0000,0.0000,0.0000,0,20.3355,979.9161,824.7523,902.3342,-77.5819,17.2158,-4.5071,1000.0000,837.4610
72.656,1,0,learned,18.5846,144.2319,1.3255,0.4360,3.1643,3.1942,0.8170,1.3392,3.8961,0.4275,1.3788,4.8701,0.0137,3.0000,0.0000,0.0000,0,20.3355,946.7905,821.9787,884.3846,-62.4059,16.5412,-4.6192,967.9509,833.9007
72.706,1,0,learned,18.6079,144.3939,1.3197,0.4382,3.1543,3.1846,0.8100,1.3384,3.7665,0.4356,1.3788,4.7081,0.0187,3.0000,0.0000,0.0000,0,20.3355,941.9197,836.4120,889.1658,-52.7538,15.7390,-4.6950,962.3537,847.4560
72.756,1,0,learned,18.6301,144.5466,1.3153,0.4432,3.1599,3.1908,-1.0428,1.3378,3.6442,0.4429,1.3788,4.5553,0.0225,3.0000,0.0000,0.0000,0,20.3355,978.6084,730.7284,854.6684,-123.9400,14.8704,6.2696,987.2092,751.8684
72.806,1,0,learned,18.6301,144.5466,1.3115,0.4432,3.1599,3.1908,-1.0642,1.3378,3.6442,0.4429,1.3788,4.5553,0.0263,3.0000,0.0000,0.0000,0,20.3355,918.9235,825.3362,872.1299,-46.7937,14.8905,6.3810,927.4331,846.6077
72.856,1,0,learned,18.6540,144.7086,1.3062,0.4464,3.1509,3.1824,-1.0713,1.3370,3.5146,0.4503,1.3788,4.3933,0.0308,3.0000,0.0000,0.0000,0,20.3355,870.6999,922.3596,896.5297,25.8298,14.0761,6.5011,878.2749,942.9368
72.906,1,0,learned,18.6767,144.8611,1.3022,0.4519,3.1563,3.1885,-1.0602,1.3364,3.3926,0.4571,1.3788,4.2408,0.0342,3.0000,0.0000,0.0000,0,20.3355,803.7721,945.0486,874.4103,70.6382,13.1992,6.5006,810.4707,964.7484
72.957,1,0,learned,18.7011,145.0227,1.2967,0.4554,3.1463,3.1791,-1.0713,1.3357,3.2635,0.4640,1.3788,4.0793,0.0390,3.0000,0.0000,0.0000,0,20.3355,720.5347,949.0228,834.7787,114.2440,12.3266,6.6482,726.2130,967.9976
73.006,1,0,learned,18.7247,145.1748,1.2920,0.4625,3.1508,3.1845,0.8205,1.3352,3.1418,0.4699,1.3788,3.9273,0.0432,3.0000,0.0000,0.0000,0,20.3355,726.8576,963.0973,844.9774,118.1198,11.3621,-5.6028,743.8226,968.8565
73.056,1,0,learned,18.7247,145.1748,1.2897,0.4625,3.1508,3.1845,-1.0617,1.3352,3.1418,0.4699,1.3788,3.9273,0.0455,3.0000,0.0000,0.0000,0,20.3355,728.4073,920.9526,824.6799,96.2726,11.3977,6.6983,733.1067,939.0485
73.106,1,0,learned,18.7505,145.3357,1.2839,0.4694,3.1397,3.1746,-1.0197,1.3347,3.0130,0.4752,1.3788,3.7662,0.0508,3.0000,0.0000,0.0000,0,20.3355,733.5758,996.2056,864.8907,131.3149,10.4884,6.6215,737.4426,1000.0000
73.157,1,0,learned,18.7757,145.4867,1.2815,0.4805,3.1410,3.1775,-1.0308,1.3343,2.8920,0.4793,1.3788,3.6150,0.0528,3.0000,0.0000,0.0000,0,20.3355,782.4452,980.8878,881.6665,99.2213,9.5413,6.8003,785.1862,997.2294
73.206,1,0,learned,18.7757,145.4867,1.2782,0.4805,3.1410,3.1775,0.8938,1.3343,2.8920,0.4793,1.3788,3.6150,0.0562,3.0000,0.0000,0.0000,0,20.3355,845.8788,958.8475,902.3631,56.4844,9.4910,-6.4252,861.7949,961.9133
73.256,1,0,learned,18.8034,145.6461,1.2753,0.4907,3.1258,3.1641,0.9185,1.3339,2.7642,0.4826,1.3788,3.4552,0.0586,3.0000,0.0000,0.0000,0,20.3355,866.9383,964.4327,915.6855,48.7472,8.5733,-6.8067,882.3183,966.1994
73.307,1,0,learned,18.8303,145.7958,1.2733,0.5048,3.1242,3.1647,0.9325,1.3337,2.6440,0.4847,1.3788,3.3050,0.0605,3.0000,0.0000,0.0000,0,20.3355,772.3703,875.1346,823.7524,51.3821,7.6348,-7.1488,787.1540,875.6205
73.356,1,0,learned,18.8599,145.9543,1.2719,0.5175,3.1089,3.1517,0.9513,1.3335,2.5167,0.4859,1.3788,3.1458,0.0617,3.0000,0.0000,0.0000,0,20.3355,858.2821,792.6723,825.4772,-32.8049,6.6859,-7.5279,872.4959,791.8303
73.406,1,0,learned,18.8885,146.1036,1.2698,0.5333,3.1095,3.1549,-0.9825,1.3335,2.3966,0.4863,1.3788,2.9957,0.0637,3.0000,0.0000,0.0000,0,20.3355,780.6698,688.1623,734.4160,-46.2537,5.6822,6.9529,779.3991,700.7975
73.457,1,0,learned,18.9195,146.2616,1.2700,0.5458,3.0951,3.1428,0.9595,1.3449,2.9054,0.5290,1.3942,17.3224,0.0748,3.0000,0.0000,0.0000,0,14.5271,747.5580,689.3461,718.4520,-29.1059,5.6437,-10.5025,763.7041,684.4873
73.507,1,0,learned,18.9489,146.4096,1.2689,0.5594,3.0929,3.1430,0.9637,1.3451,2.9054,0.5260,1.3942,17.1715,0.0762,3.0000,0.0000,0.0000,0,14.5271,843.0856,579.3535,711.2195,-131.8660,5.6687,-10.5194,859.2737,574.5027
73.557,1,0,learned,18.9489,146.4096,1.2690,0.5594,3.0929,3.1430,0.9515,1.3451,2.9054,0.5260,1.3942,17.1715,0.0761,3.0000,0.0000,0.0000,0,14.5271,898.7646,469.9602,684.3624,-214.4022,5.6339,-10.4256,914.8241,465.1686
73.606,1,0,learned,18.9801,146.5651,1.2680,0.5673,3.0723,3.1243,0.9427,1.3453,2.9054,0.5227,1.3942,17.0129,0.0774,3.0000,0.0000,0.0000,0,14.5271,893.0561,487.8542,690.4551,-202.6010,5.7755,-10.3682,909.1997,483.2615
73.656,1,0,learned,19.0091,146.7100,1.2672,0.5749,3.0614,3.1149,-1.0197,1.3455,2.9054,0.5195,1.3942,16.8652,0.0783,3.0000,0.0000,0.0000,0,14.5271,869.2927,571.7253,720.5090,-148.7837,4.8495,1.8048,872.3374,578.3797
73.706,1,0,learned,19.0392,146.8618,1.2662,0.5756,3.0330,3.0871,0.8882,1.3456,2.9054,0.5166,1.3942,16.7105,0.0795,3.0000,0.0000,0.0000,0,14.5271,822.4318,640.6253,731.5286,-90.9033,6.0639,-10.0262,838.5219,636.6630
73.756,1,0,learned,19.0667,147.0032,1.2644,0.5750,3.0155,3.0699,-1.0523,1.3457,2.9054,0.5144,1.3942,16.5665,0.0814,3.0000,0.0000,0.0000,0,14.5271,787.5989,725.9703,756.7846,-30.8143,5.1923,2.0771,790.7141,733.2397
73.807,1,0,learned,19.0667,147.0032,1.2620,0.5750,3.0155,3.0699,0.8720,1.3457,2.9054,0.5144,1.3942,16.5665,0.0837,3.0000,0.0000,0.0000,0,14.5271,885.9492,640.4295,763.1894,-122.7598,6.1658,-9.9100,902.0251,636.6853
73.856,1,0,learned,19.0951,147.1516,1.2590,0.5694,2.9833,3.0371,-1.0790,1.3457,2.9054,0.5124,1.3942,16.4154,0.0867,3.0000,0.0000,0.0000,0,14.5271,854.1664,747.7895,800.9780,-53.1885,5.3754,2.2652,857.2766,755.4301
73.906,1,0,learned,19.1218,147.2903,1.2556,0.5664,2.9645,3.0182,0.8640,1.3457,2.9054,0.5106,1.3942,16.2742,0.0901,3.0000,0.0000,0.0000,0,14.5271,786.5387,662.5959,724.5673,-61.9714,6.5188,-9.8043,802.8617,659.3104
73.956,1,0,learned,19.1500,147.4364,1.2518,0.5619,2.9338,2.9871,-1.1020,1.3457,2.9054,0.5084,1.3942,16.1253,0.0939,3.0000,0.0000,0.0000,0,14.5271,739.7057,772.5956,756.1506,16.4449,5.7440,2.4977,742.9520,780.8373
74.006,1,0,learned,19.1768,147.5737,1.2479,0.5609,2.9188,2.9722,0.8515,1.3458,2.9054,0.5062,1.3942,15.9855,0.0979,3.0000,0.0000,0.0000,0,14.5271,845.2282,869.5879,857.4080,12.1798,6.8356,-9.7053,861.7691,866.7182
74.056,1,0,learned,19.1768,147.5737,1.2436,0.5609,2.9188,2.9722,-1.0942,1.3458,2.9054,0.5062,1.3942,15.9855,0.1022,3.0000,0.0000,0.0000,0,14.5271,736.4514,930.8514,833.6514,97.2000,5.8690,2.5586,739.7619,939.2789
74.107,1,0,learned,19.2054,147.7185,1.2394,0.5588,2.8921,2.9456,0.8850,1.3459,2.9054,0.5035,1.3942,15.8379,0.1065,3.0000,0.0000,0.0000,0,14.5271,630.1594,831.7259,730.9426,100.7833,7.0565,-9.8553,647.0712,828.9271
74.156,1,0,learned,19.2329,147.8545,1.2351,0.5617,2.8805,2.9347,-1.0857,1.3461,2.9054,0.5003,1.3942,15.6991,0.1110,3.0000,0.0000,0.0000,0,14.5271,563.6053,887.2769,725.4411,161.8358,6.2026,2.6256,567.1823,896.1050
74.206,1,0,learned,19.2631,147.9992,1.2316,0.5656,2.8610,2.9163,-1.0590,1.3464,2.9054,0.4960,1.3942,15.5513,0.1148,3.0000,0.0000,0.0000,0,14.5271,673.6053,997.2769,835.4411,161.8358,6.3438,2.5559,677.3932,1000.0000
74.256,1,0,learned,19.2631,147.9992,1.2289,0.5656,2.8610,2.9163,0.9160,1.3464,2.9054,0.4960,1.3942,15.5513,0.1176,3.0000,0.0000,0.0000,0,14.5271,694.5759,990.9210,842.7485,148.1726,7.3096,-10.0263,711.9118,988.2043
74.307,1,0,learned,19.2926,148.1354,1.2244,0.5752,2.8563,2.9137,0.9463,1.3469,2.9054,0.4909,1.3942,15.4119,0.1224,3.0000,0.0000,0.0000,0,14.5271,654.0109,958.5274,806.2692,152.2583,7.3897,-10.1996,671.6003,955.7175
74.356,1,0,learned,19.3250,148.2795,1.2219,0.5847,2.8392,2.8987,-1.0225,1.3474,2.9054,0.4843,1.3942,15.2643,0.1255,3.0000,0.0000,0.0000,0,14.5271,751.6672,909.8668,830.7670,79.0998,6.5349,2.4368,755.7653,918.8385
74.406,1,0,learned,19.3568,148.4158,1.2203,0.6006,2.8391,2.9019,0.9825,1.3482,2.9054,0.4769,1.3942,15.1244,0.1279,3.0000,0.0000,0.0000,0,14.5271,852.1024,821.7613,836.9318,-15.1705,7.5029,-10.4167,870.0219,818.8474
74.456,1,0,learned,19.3922,148.5610,1.2190,0.6164,2.8299,2.8963,-0.9855,1.3490,2.9054,0.4676,1.3942,14.9749,0.1300,3.0000,0.0000,0.0000,0,14.5271,742.1029,857.8105,799.9567,57.8538,6.6878,2.2902,746.5004,866.7885
74.507,1,0,learned,19.4267,148.6984,1.2188,0.6368,2.8362,2.9068,1.0037,1.3500,2.9054,0.4578,1.3942,14.8334,0.1312,3.0000,0.0000,0.0000,0,14.5271,639.2870,967.8105,803.5488,164.2618,7.6802,-10.5531,657.5202,964.9377
74.556,1,0,learned,19.4267,148.6984,1.2193,0.6368,2.8362,2.9068,1.0155,1.3500,2.9054,0.4578,1.3942,14.8334,0.1307,3.0000,0.0000,0.0000,0,14.5271,657.8123,993.3791,825.5957,167.7834,7.6863,-10.6329,676.1315,990.4325
74.607,1,0,learned,19.4642,148.8447,1.2193,0.6539,2.8319,2.9064,1.0212,1.3511,2.9054,0.4465,1.3942,14.6825,0.1318,3.0000,0.0000,0.0000,0,14.5271,767.8123,980.6243,874.2183,106.4060,7.7235,-10.6776,786.2133,977.6702
74.656,1,0,learned,19.5004,148.9829,1.2203,0.6740,2.8414,2.9202,1.0340,1.3523,2.9054,0.4352,1.3942,14.5398,0.1320,3.0000,0.0000,0.0000,0,14.5271,877.8115,889.8886,883.8500,6.0385,7.6867,-10.7752,896.2735,886.8001
74.707,1,0,learned,19.5004,148.9829,1.2205,0.6740,2.8414,2.9202,1.0433,1.3523,2.9054,0.4352,1.3942,14.5398,0.1318,3.0000,0.0000,0.0000,0,14.5271,971.3653,830.8938,901.1296,-70.2357,7.6594,-10.8360,989.8607,827.7172
74.756,1,0,learned,19.5400,149.1297,1.2230,0.6912,2.8374,2.9204,1.0543,1.3536,2.9054,0.4220,1.3942,14.3881,0.1306,3.0000,0.0000,0.0000,0,14.5271,868.6942,877.9575,873.3259,4.6317,7.7616,-10.9178,887.3736,874.8014
74.806,1,0,learned,19.5783,149.2683,1.2249,0.7125,2.8478,2.9356,1.0670,1.3549,2.9054,0.4087,1.3942,14.2445,0.1300,3.0000,0.0000,0.0000,0,14.5271,925.2046,916.0812,920.6429,-4.5617,7.7517,-11.0225,943.9789,912.8104
74.856,1,0,learned,19.6196,149.4162,1.2268,0.7291,2.8470,2.9388,-0.9670,1.3564,2.9054,0.3940,1.3942,14.0913,0.1295,3.0000,0.0000,0.0000,0,14.5271,837.4293,936.1140,886.7716,49.3423,6.8843,2.2937,842.0199,945.2919
74.906,1,0,learned,19.6590,149.5562,1.2288,0.7473,2.8610,2.9570,1.0450,1.3578,2.9054,0.3798,1.3942,13.9462,0.1290,3.0000,0.0000,0.0000,0,14.5271,789.4271,928.3909,858.9090,69.4819,7.8080,-10.9157,808.1508,925.2832
74.956,1,0,learned,19.7012,149.7054,1.2306,0.7602,2.8624,2.9616,-0.9680,1.3593,2.9054,0.3645,1.3942,13.7916,0.1287,3.0000,0.0000,0.0000,0,14.5271,787.7566,818.3909,803.0737,15.3172,6.9231,2.2751,792.4047,827.5891
75.006,1,0,learned,19.7415,149.8464,1.2329,0.7760,2.8774,2.9802,1.0662,1.3608,2.9054,0.3496,1.3942,13.6454,0.1279,3.0000,0.0000,0.0000,0,14.5271,811.6713,708.3909,760.0311,-51.6402,7.8009,-11.0847,830.5570,705.1071
75.056,1,0,learned,19.7415,149.8464,1.2342,0.7760,2.8774,2.9802,-0.9815,1.3608,2.9054,0.3496,1.3942,13.6454,0.1266,3.0000,0.0000,0.0000,0,14.5271,736.7917,790.3153,763.5535,26.7618,6.9113,2.3360,741.3670,799.5626
75.107,1,0,learned,19.7847,149.9960,1.2367,0.7870,2.8773,2.9830,1.0553,1.3624,2.9054,0.3333,1.3942,13.4902,0.1257,3.0000,0.0000,0.0000,0,14.5271,627.3293,831.2901,729.3097,101.9804,7.9158,-11.0326,646.2778,828.1733
75.157,1,0,learned,19.8255,150.1364,1.2385,0.7999,2.8870,2.9958,-0.9935,1.3639,2.9054,0.3178,1.3942,13.3444,0.1255,3.0000,0.0000,0.0000,0,14.5271,601.4112,855.7676,728.5894,127.1782,7.0084,2.4316,605.9880,865.2076
75.206,1,0,learned,19.8687,150.2844,1.2403,0.8058,2.8788,2.9895,1.0608,1.3655,2.9054,0.3013,1.3942,13.1908,0.1252,3.0000,0.0000,0.0000,0,14.5271,711.4112,871.4170,791.4141,80.0029,7.9937,-11.1021,730.5070,868.3085
75.256,1,0,learned,19.9093,150.4228,1.2424,0.8141,2.8797,2.9926,1.0842,1.3670,2.9054,0.2856,1.3942,13.0471,0.1246,3.0000,0.0000,0.0000,0,14.5271,602.0044,967.9465,784.9755,182.9711,8.0894,-11.2692,621.3629,964.7667
75.307,1,0,learned,19.9527,150.5682,1.2439,0.8180,2.8628,2.9774,1.0760,1.3685,2.9054,0.2685,1.3942,12.8960,0.1247,3.0000,0.0000,0.0000,0,14.5271,711.9965,969.3655,840.6810,128.6845,8.1826,-11.2192,731.3983,966.3289
75.356,1,0,learned,19.9939,150.7042,1.2465,0.8261,2.8573,2.9743,1.0953,1.3701,2.9054,0.2518,1.3942,12.7545,0.1236,3.0000,0.0000,0.0000,0,14.5271,770.6305,977.4695,874.0500,103.4195,8.2460,-11.3562,790.2327,974.3593
75.406,1,0,learned,19.9939,150.7042,1.2478,0.8261,2.8573,2.9743,1.1130,1.3701,2.9054,0.2518,1.3942,12.7545,0.1223,3.0000,0.0000,0.0000,0,14.5271,863.3057,959.5516,911.4286,48.1229,8.2280,-11.4739,883.0076,956.3056
75.456,1,0,learned,20.0382,150.8481,1.2512,0.8313,2.8392,2.9584,-0.9457,1.3718,2.9054,0.2335,1.3942,12.6048,0.1206,3.0000,0.0000,0.0000,0,14.5271,873.0537,951.8076,912.4307,39.3770,7.5017,2.2534,878.3019,961.5627
75.507,1,0,learned,20.0806,150.9837,1.2536,0.8416,2.8364,2.9586,1.1353,1.3735,2.9054,0.2156,1.3942,12.4635,0.1199,3.0000,0.0000,0.0000,0,14.5271,917.9154,853.3361,885.6257,-32.2896,8.3915,-11.6325,937.9394,850.0951
75.556,1,0,learned,20.0806,150.9837,1.2566,0.8416,2.8364,2.9586,1.1153,1.3735,2.9054,0.2156,1.3942,12.4635,0.1169,3.0000,0.0000,0.0000,0,14.5271,958.0022,835.3116,896.6569,-61.3453,8.3766,-11.5115,977.8903,832.1767
75.606,1,0,learned,20.1262,151.1282,1.2606,0.8486,2.8246,2.9493,1.1287,1.3754,2.9054,0.1961,1.3942,12.3130,0.1148,3.0000,0.0000,0.0000,0,14.5271,949.7153,833.2911,891.5032,-58.2121,8.4848,-11.6083,969.8084,830.1676
75.656,1,0,learned,20.1695,151.2650,1.2624,0.8595,2.8300,2.9577,-0.9530,1.3772,2.9054,0.1774,1.3942,12.1704,0.1148,3.0000,0.0000,0.0000,0,14.5271,968.5235,902.9355,935.7295,-32.7940,7.6888,2.2721,973.9402,912.8963
75.707,1,0,learned,20.2156,151.4110,1.2677,0.8648,2.8255,2.9549,1.1145,1.3791,2.9054,0.1577,1.3942,12.0183,0.1114,3.0000,0.0000,0.0000,0,14.5271,944.7586,848.5518,896.6552,-48.1034,8.5734,-11.5504,964.8825,845.5747
75.756,1,0,learned,20.2590,151.5494,1.2708,0.8727,2.8371,2.9683,-0.9833,1.3809,2.9054,0.1393,1.3942,11.8742,0.1101,3.0000,0.0000,0.0000,0,14.5271,914.9497,937.7033,926.3265,11.3768,7.7846,2.4379,920.2964,947.9258
75.806,1,0,learned,20.2590,151.5494,1.2723,0.8727,2.8371,2.9683,1.0877,1.3809,2.9054,0.1393,1.3942,11.8742,0.1086,3.0000,0.0000,0.0000,0,14.5271,904.2904,827.7310,866.0107,-38.2797,8.5708,-11.4020,924.2632,824.8998
75.856,1,0,learned,20.3051,151.6974,1.2750,0.8753,2.8386,2.9705,-1.0020,1.3827,2.9054,0.1200,1.3942,11.7203,0.1077,3.0000,0.0000,0.0000,0,14.5271,856.0404,717.7310,786.8857,-69.1547,7.8468,2.4428,861.4443,728.0206
75.906,1,0,learned,20.3486,151.8378,1.2774,0.8818,2.8562,2.9892,1.1030,1.3845,2.9054,0.1018,1.3942,11.5742,0.1071,3.0000,0.0000,0.0000,0,14.5271,874.5396,823.1138,848.8267,-25.7129,8.5999,-11.5307,894.6701,820.1830
75.956,1,0,learned,20.3486,151.8378,1.2791,0.8818,2.8562,2.9892,1.0840,1.3845,2.9054,0.1018,1.3942,11.5742,0.1054,3.0000,0.0000,0.0000,0,14.5271,882.7061,932.9309,907.8185,25.1124,8.6083,-11.4186,902.7329,930.1205
76.006,1,0,learned,20.3949,151.9877,1.2814,0.8834,2.8613,2.9945,1.0825,1.3863,2.9054,0.0825,1.3942,11.4184,0.1049,3.0000,0.0000,0.0000,0,14.5271,772.7061,946.3878,859.5470,86.8409,8.6714,-11.4188,792.7962,943.6404
76.057,1,0,learned,20.4383,152.1289,1.2823,0.8874,2.8775,3.0113,1.0740,1.3880,2.9054,0.0646,1.3942,11.2716,0.1058,3.0000,0.0000,0.0000,0,14.5271,662.9483,856.0692,759.5087,96.5604,8.6617,-11.3646,682.9746,853.3663
76.106,1,0,learned,20.4383,152.1289,1.2837,0.8874,2.8775,3.0113,-1.0143,1.3880,2.9054,0.0646,1.3942,11.2716,0.1044,3.0000,0.0000,0.0000,0,14.5271,587.2201,865.3377,726.2789,139.0588,7.9198,2.5528,592.5871,875.8104
76.156,1,0,learned,20.4844,152.2794,1.2855,0.8872,2.8808,3.0143,1.0990,1.3898,2.9054,0.0457,1.3942,11.1153,0.1044,3.0000,0.0000,0.0000,0,14.5271,691.4454,904.4435,797.9445,106.4991,8.7100,-11.5386,711.6941,901.6149
76.206,1,0,learned,20.5281,152.4215,1.2867,0.8919,2.8966,3.0308,1.0893,1.3916,2.9054,0.0276,1.3942,10.9677,0.1049,3.0000,0.0000,0.0000,0,14.5271,801.3699,976.9747,889.1723,87.8024,8.6599,-11.4932,821.5230,974.1414
76.256,1,0,learned,20.5746,152.5711,1.2872,0.8925,2.8928,3.0274,-1.0028,1.3934,2.9054,0.0081,1.3942,10.8122,0.1062,3.0000,0.0000,0.0000,0,14.5271,856.2113,867.0445,861.6279,5.4166,7.9798,2.5476,861.6436,877.5720
76.306,1,0,learned,20.6186,152.7111,1.2902,0.8972,2.8977,3.0334,-0.9960,1.3952,2.9054,-0.0106,1.3942,10.6666,0.1050,3.0000,0.0000,0.0000,0,14.5271,902.2338,878.9815,890.6077,-11.6261,8.0073,2.5236,907.7175,889.5124
76.356,1,0,learned,20.6186,152.7111,1.2914,0.8972,2.8977,3.0334,-0.9913,1.3952,2.9054,-0.0106,1.3942,10.6666,0.1038,3.0000,0.0000,0.0000,0,14.5271,940.7896,956.6588,948.7242,7.9346,8.0045,2.5297,946.2644,967.1930
76.406,1,0,learned,20.6654,152.8594,1.2950,0.8980,2.8885,3.0248,-0.9813,1.3971,2.9054,-0.0306,1.3942,10.5125,0.1020,3.0000,0.0000,0.0000,0,14.5271,849.8631,986.3320,918.0975,68.2345,8.1417,2.4861,855.5186,996.9598
76.457,1,0,learned,20.7096,152.9992,1.2964,0.9024,2.8931,3.0306,1.1335,1.3989,2.9054,-0.0496,1.3942,10.3672,0.1025,3.0000,0.0000,0.0000,0,14.5271,754.9972,975.5154,865.2563,110.2591,8.8868,-11.7713,775.6553,972.6309
76.506,1,0,learned,20.7096,152.9992,1.2990,0.9024,2.8931,3.0306,-0.9990,1.3989,2.9054,-0.0496,1.3942,10.3672,0.0999,3.0000,0.0000,0.0000,0,14.5271,712.9527,937.2516,825.1022,112.1494,8.2042,2.5501,718.6069,948.0059
76.556,1,0,learned,20.7565,153.1479,1.3018,0.9024,2.8865,3.0243,-1.0010,1.4008,2.9054,-0.0696,1.3942,10.2127,0.0990,3.0000,0.0000,0.0000,0,14.5271,791.9956,828.9177,810.4567,18.4610,8.2781,2.5368,797.7369,839.7326
76.606,1,0,learned,20.8010,153.2884,1.3045,0.9072,2.8946,3.0334,-0.9853,1.4026,2.9054,-0.0887,1.3942,10.0667,0.0981,3.0000,0.0000,0.0000,0,14.5271,703.8437,906.1502,804.9970,101.1533,8.3239,2.4791,709.6885,916.9532
76.657,1,0,learned,20.8483,153.4371,1.3074,0.9079,2.8876,3.0270,1.1555,1.4045,2.9054,-0.1092,1.3942,9.9122,0.0971,3.0000,0.0000,0.0000,0,14.5271,605.7577,926.1194,765.9385,160.1808,9.0940,-11.8850,626.7367,923.3284
76.706,1,0,learned,20.8930,153.5766,1.3107,0.9123,2.8914,3.0319,-0.9798,1.4064,2.9054,-0.1287,1.3942,9.7672,0.0957,3.0000,0.0000,0.0000,0,14.5271,690.8126,816.6614,753.7370,62.9244,8.4585,2.4327,696.8384,827.5526
76.756,1,0,learned,20.8930,153.5766,1.3140,0.9123,2.8914,3.0319,1.1560,1.4064,2.9054,-0.1287,1.3942,9.7672,0.0924,3.0000,0.0000,0.0000,0,14.5271,760.5778,926.6545,843.6162,83.0384,9.0810,-11.9011,781.5600,923.8345
76.806,1,0,learned,20.9403,153.7239,1.3177,0.9119,2.8796,3.0205,-0.9725,1.4084,2.9054,-0.1494,1.3942,9.6142,0.0906,3.0000,0.0000,0.0000,0,14.5271,650.5778,933.0910,791.8344,141.2566,8.6004,2.4308,656.7474,944.1222
76.856,1,0,learned,20.9851,153.8618,1.3216,0.9159,2.8785,3.0207,1.1780,1.4103,2.9054,-0.1692,1.3942,9.4709,0.0886,3.0000,0.0000,0.0000,0,14.5271,585.5045,921.3580,753.4312,167.9267,9.2772,-12.0065,606.7883,918.6287
76.906,1,0,learned,21.0326,154.0078,1.3248,0.9155,2.8640,3.0067,1.1835,1.4123,2.9054,-0.1903,1.3942,9.3194,0.0875,3.0000,0.0000,0.0000,0,14.5271,695.5045,840.4606,767.9825,72.4780,9.3483,-12.0049,716.8577,837.8040
76.956,1,0,learned,21.0776,154.1452,1.3302,0.9198,2.8639,3.0080,1.2123,1.4142,2.9054,-0.2105,1.3942,9.1766,0.0840,3.0000,0.0000,0.0000,0,14.5271,802.4557,734.0549,768.2553,-34.2004,9.3543,-12.1542,823.9642,731.2550
77.006,1,0,learned,21.0776,154.1452,1.3338,0.9198,2.8639,3.0080,1.2030,1.4142,2.9054,-0.2105,1.3942,9.1766,0.0804,3.0000,0.0000,0.0000,0,14.5271,909.5787,676.2755,792.9271,-116.6516,9.3224,-12.0977,930.9987,673.5002
77.056,1,0,learned,21.1255,154.2905,1.3400,0.9202,2.8500,2.9949,1.1927,1.4163,2.9054,-0.2321,1.3942,9.0257,0.0763,3.0000,0.0000,0.0000,0,14.5271,977.0046,784.2467,880.6256,-96.3790,9.4205,-12.0505,998.4755,781.6167
77.106,1,0,learned,21.1706,154.4271,1.3440,0.9239,2.8491,2.9952,1.1965,1.4182,2.9054,-0.2525,1.3942,8.8839,0.0743,3.0000,0.0000,0.0000,0,14.5271,970.2603,886.0233,928.1418,-42.1185,9.4738,-12.0871,991.8212,883.4099
77.157,1,0,learned,21.2177,154.5719,1.3501,0.9205,2.8362,2.9819,1.1775,1.4203,2.9054,-0.2734,1.3942,8.7338,0.0702,3.0000,0.0000,0.0000,0,14.5271,978.0679,896.2761,937.1720,-40.8959,9.5758,-11.9539,999.5975,893.8980
77.206,1,0,learned,21.2615,154.7090,1.3546,0.9189,2.8402,2.9851,-1.0077,1.4221,2.9054,-0.2925,1.3942,8.5919,0.0675,3.0000,0.0000,0.0000,0,14.5271,969.6255,797.4447,883.5351,-86.0904,9.1200,2.6344,976.1110,809.1991
77.256,1,0,learned,21.2615,154.7090,1.3576,0.9189,2.8402,2.9851,-1.0150,1.4221,2.9054,-0.2925,1.3942,8.5919,0.0645,3.0000,0.0000,0.0000,0,14.5271,859.6256,734.3071,796.9663,-62.6593,9.1436,2.6345,866.1347,746.0852
77.306,1,0,learned,21.3075,154.8558,1.3622,0.9121,2.8368,2.9798,-1.0373,1.4240,2.9054,-0.3120,1.3942,8.4400,0.0618,3.0000,0.0000,0.0000,0,14.5271,896.8122,830.5746,863.6934,-33.1188,9.2211,2.8005,903.2327,842.5963
77.356,1,0,learned,21.3506,154.9954,1.3638,0.9091,2.8513,2.9927,-1.0325,1.4256,2.9054,-0.3298,1.3942,8.2958,0.0619,3.0000,0.0000,0.0000,0,14.5271,878.1980,793.0282,835.6131,-42.5849,9.2111,2.7864,884.6227,805.0257
77.406,1,0,learned,21.3957,155.1439,1.3681,0.9007,2.8522,2.9910,-1.0473,1.4274,2.9054,-0.3481,1.3942,8.1426,0.0593,3.0000,0.0000,0.0000,0,14.5271,770.9075,822.7750,796.8413,25.9337,9.2964,2.8873,777.3167,834.9587
77.457,1,0,learned,21.4377,155.2841,1.3704,0.8959,2.8658,3.0026,1.1285,1.4289,2.9054,-0.3649,1.3942,7.9981,0.0585,3.0000,0.0000,0.0000,0,14.5271,660.9075,931.0858,795.9967,135.0891,9.7544,-11.5419,682.2038,929.2983
77.506,1,0,learned,21.4377,155.2841,1.3720,0.8959,2.8658,3.0026,1.1425,1.4289,2.9054,-0.3649,1.3942,7.9981,0.0569,3.0000,0.0000,0.0000,0,14.5271,576.7599,929.7205,753.2402,176.4803,9.7802,-11.6265,598.1666,927.8743
77.556,1,0,learned,21.4820,155.4330,1.3744,0.8870,2.8653,2.9994,1.1402,1.4306,2.9054,-0.3824,1.3942,7.8447,0.0562,3.0000,0.0000,0.0000,0,14.5271,681.7813,887.2734,784.5273,102.7460,9.7988,-11.5654,703.1455,885.5067
77.606,1,0,learned,21.5236,155.5731,1.3759,0.8830,2.8760,3.0085,1.1627,1.4321,2.9054,-0.3987,1.3942,7.7005,0.0562,3.0000,0.0000,0.0000,0,14.5271,621.5834,902.9269,762.2551,140.6717,9.8082,-11.6706,643.0622,901.0645
77.656,1,0,learned,21.5680,155.7211,1.3786,0.8771,2.8701,3.0011,1.1823,1.4338,2.9054,-0.4164,1.3942,7.5481,0.0552,3.0000,0.0000,0.0000,0,14.5271,651.7023,905.8702,778.7862,127.0839,9.8729,-11.7491,673.3244,903.9939
77.706,1,0,learned,21.5680,155.7211,1.3806,0.8771,2.8701,3.0011,1.1992,1.4338,2.9054,-0.4164,1.3942,7.5481,0.0532,3.0000,0.0000,0.0000,0,14.5271,609.7634,801.1279,705.4457,95.6822,9.8792,-11.8100,631.4527,799.1971
77.757,1,0,learned,21.6100,155.8601,1.3834,0.8765,2.8752,3.0058,-1.0383,1.4354,2.9054,-0.4333,1.3942,7.4051,0.0519,3.0000,0.0000,0.0000,0,14.5271,719.7634,724.3209,722.0422,2.2787,9.4804,2.9658,726.2780,736.7671
77.806,1,0,learned,21.6546,156.0070,1.3859,0.8730,2.8653,2.9953,1.2100,1.4372,2.9054,-0.4514,1.3942,7.2540,0.0512,3.0000,0.0000,0.0000,0,14.5271,777.2474,813.2623,795.2549,18.0074,9.9345,-11.8147,798.9966,811.3822
77.856,1,0,learned,21.6967,156.1449,1.3895,0.8738,2.8667,2.9969,-1.0152,1.4388,2.9054,-0.4687,1.3942,7.1123,0.0494,3.0000,0.0000,0.0000,0,14.5271,867.6333,920.9435,894.2884,26.6551,9.6067,2.9514,874.2886,933.5016
77.907,1,0,learned,21.7410,156.2901,1.3944,0.8695,2.8519,2.9815,1.1945,1.4406,2.9054,-0.4868,1.3942,6.9631,0.0462,3.0000,0.0000,0.0000,0,14.5271,831.3439,933.1701,882.2570,50.9131,10.0628,-11.7011,853.1077,931.5318
77.957,1,0,learned,21.7824,156.4267,1.3993,0.8679,2.8504,2.9796,1.2070,1.4422,2.9054,-0.5035,1.3942,6.8230,0.0429,3.0000,0.0000,0.0000,0,14.5271,912.6666,839.7456,876.2061,-36.4605,10.0798,-11.7095,934.4559,838.1159
78.006,1,0,learned,21.7824,156.4267,1.4024,0.8679,2.8504,2.9796,1.2163,1.4422,2.9054,-0.5035,1.3942,6.8230,0.0398,3.0000,0.0000,0.0000,0,14.5271,817.5631,803.9415,810.7523,-6.8108,10.1052,-11.7487,839.4170,802.2981
78.056,1,0,learned,21.8261,156.5722,1.4064,0.8622,2.8401,2.9681,-1.0128,1.4440,2.9054,-0.5209,1.3942,6.6738,0.0376,3.0000,0.0000,0.0000,0,14.5271,765.3672,717.5941,741.4806,-23.8866,9.9012,2.9856,772.2828,730.4808
78.107,1,0,learned,21.8670,156.7102,1.4115,0.8605,2.8472,2.9743,-1.0425,1.4455,2.9054,-0.5370,1.3942,6.5325,0.0340,3.0000,0.0000,0.0000,0,14.5271,788.4276,736.9873,762.7074,-25.7202,9.9099,3.1654,795.1722,750.0626
78.156,1,0,learned,21.9100,156.8573,1.4157,0.8537,2.8432,2.9686,-1.0440,1.4471,2.9054,-0.5535,1.3942,6.3821,0.0314,3.0000,0.0000,0.0000,0,14.5271,678.6733,838.3411,758.5072,79.8339,10.0066,3.2175,685.4625,851.5652
78.206,1,0,learned,21.9500,156.9958,1.4191,0.8496,2.8517,2.9756,-1.0615,1.4485,2.9054,-0.5685,1.3942,6.2407,0.0294,3.0000,0.0000,0.0000,0,14.5271,602.4509,917.9854,760.2181,157.7673,10.0278,3.3462,609.1325,931.3594
78.257,1,0,learned,21.9500,156.9958,1.4226,0.8496,2.8517,2.9756,1.2025,1.4485,2.9054,-0.5685,1.3942,6.2407,0.0259,3.0000,0.0000,0.0000,0,14.5271,555.4047,856.7228,706.0638,150.6590,10.3113,-11.4998,577.2159,855.5343
78.306,1,0,learned,21.9919,157.1424,1.4261,0.8407,2.8452,2.9668,-1.0312,1.4500,2.9054,-0.5840,1.3942,6.0911,0.0240,3.0000,0.0000,0.0000,0,14.5271,665.0743,747.8861,706.4802,41.4059,10.0969,3.2179,671.9533,761.2009
78.356,1,0,learned,22.0312,157.2804,1.4295,0.8362,2.8511,2.9712,1.2438,1.4514,2.9054,-0.5984,1.3942,5.9505,0.0218,3.0000,0.0000,0.0000,0,14.5271,555.0756,745.8058,650.4407,95.3651,10.3804,-11.5765,577.0325,744.6097
78.406,1,0,learned,22.0729,157.4264,1.4334,0.8295,2.8426,2.9612,-1.0165,1.4529,2.9054,-0.6138,1.3942,5.8018,0.0195,3.0000,0.0000,0.0000,0,14.5271,607.8773,855.6885,731.7829,123.9056,10.2181,3.2300,614.8654,869.1366
78.456,1,0,learned,22.1121,157.5635,1.4374,0.8269,2.8452,2.9629,1.2483,1.4543,2.9054,-0.6283,1.3942,5.6623,0.0168,3.0000,0.0000,0.0000,0,14.5271,497.8773,745.6885,621.7829,123.9056,10.4854,-11.4912,519.8539,744.6827
78.506,1,0,learned,22.1121,157.5635,1.4418,0.8269,2.8452,2.9629,-1.0048,1.4543,2.9054,-0.6283,1.3942,5.6623,0.0125,3.0000,0.0000,0.0000,0,14.5271,387.8773,635.8520,511.8647,123.9873,10.2657,3.1931,394.9500,649.3108
78.558,1,0,learned,22.1534,157.7080,1.4463,0.8202,2.8319,2.9483,1.2785,1.4559,2.9054,-0.6436,1.3942,5.5155,0.0096,3.0000,0.0000,0.0000,0,14.5271,277.8773,652.4932,465.1852,187.3079,10.6245,-11.5197,300.0216,651.5980
78.606,1,0,learned,22.1921,157.8436,1.4512,0.8176,2.8306,2.9463,-1.0032,1.4572,2.9054,-0.6579,1.3942,5.3779,0.0061,3.0000,0.0000,0.0000,0,14.5271,193.9471,542.4932,368.2201,174.2730,10.4345,3.2843,201.0973,556.2119
78.656,1,0,learned,22.2329,157.9857,1.4571,0.8109,2.8109,2.9256,-0.9935,1.4589,2.9054,-0.6731,1.3942,5.2340,0.0018,3.0000,0.0000,0.0000,0,14.5271,285.4609,432.4932,358.9770,73.5161,10.5533,3.2920,292.7223,446.3385
78.706,1,0,learned,22.2710,158.1169,1.4619,0.8074,2.7955,2.9098,-0.9878,1.4604,2.9054,-0.6875,1.3942,5.1012,-0.0014,3.0000,0.0000,0.0000,0,14.5271,195.7654,440.0062,317.8858,122.1204,10.6744,3.3060,203.1338,453.9866
78.756,1,0,learned,22.2710,158.1169,1.4677,0.8074,2.7955,2.9098,1.3110,1.4604,2.9054,-0.6875,1.3942,5.1012,-0.0073,3.0000,0.0000,0.0000,0,14.5271,173.4890,549.9214,361.7052,188.2162,10.9082,-11.4882,195.8853,549.3414
78.806,1,0,learned,22.3109,158.2521,1.4763,0.7998,2.7566,2.8703,1.3208,1.4623,2.8848,-0.7031,1.3942,4.9645,-0.0140,3.0000,0.0000,0.0000,0,14.5271,283.4890,659.9214,471.7052,188.2162,10.9824,-11.6756,306.1470,659.2282
78.857,1,0,learned,22.3480,158.3756,1.4818,0.7942,2.7197,2.8333,-0.9670,1.4641,2.8124,-0.7179,1.3942,4.8400,-0.0177,3.0000,0.0000,0.0000,0,14.5271,393.4890,744.6837,569.0863,175.5974,10.4747,3.1868,400.7769,758.3451
78.906,1,0,learned,22.3867,158.5021,1.4876,0.7841,2.6623,2.7754,-0.9640,1.4663,2.7384,-0.7337,1.3942,4.7126,-0.0213,3.0000,0.0000,0.0000,0,14.5271,502.6887,634.6837,568.6862,65.9975,10.2481,3.2118,509.7250,648.1436
78.956,1,0,learned,22.4228,158.6180,1.4961,0.7777,2.6129,2.7262,-0.9630,1.4683,2.6707,-0.7489,1.3942,4.5961,-0.0279,3.0000,0.0000,0.0000,0,14.5271,450.7644,614.4052,532.5848,81.8204,10.0501,3.2200,457.5945,627.6753
79.006,1,0,learned,22.4228,158.6180,1.5025,0.7777,2.6129,2.7262,-0.9450,1.4683,2.6707,-0.7489,1.3942,4.5961,-0.0342,3.0000,0.0000,0.0000,0,14.5271,509.4033,706.0759,607.7396,98.3363,10.0532,3.0853,516.3713,719.2144
79.056,1,0,learned,22.4608,158.7392,1.5105,0.7684,2.5564,2.6694,1.3770,1.4705,2.6001,-0.7651,1.3942,4.4745,-0.0399,3.0000,0.0000,0.0000,0,14.5271,491.9902,704.1790,598.0846,106.0944,10.0755,-12.9163,514.9819,701.3382
79.106,1,0,learned,22.4962,158.8526,1.5187,0.7622,2.5176,2.6304,-0.9525,1.4725,2.5342,-0.7800,1.3942,4.3611,-0.0462,3.0000,0.0000,0.0000,0,14.5271,445.8815,594.1799,520.0307,74.1492,9.6209,3.1530,452.3495,606.9538
79.156,1,0,learned,22.5332,158.9721,1.5269,0.7521,2.4738,2.5856,1.3662,1.4745,2.4649,-0.7954,1.3942,4.2419,-0.0524,3.0000,0.0000,0.0000,0,14.5271,335.8815,704.1799,520.0307,184.1492,9.6141,-13.2478,358.7434,700.5462
79.206,1,0,learned,22.5676,159.0849,1.5381,0.7451,2.4491,2.5599,1.3465,1.4763,2.3997,-0.8095,1.3942,4.1296,-0.0618,3.0000,0.0000,0.0000,0,14.5271,439.5425,787.8957,613.7191,174.1766,9.2759,-13.4452,462.2635,783.7263
79.256,1,0,learned,22.5676,159.0849,1.5438,0.7451,2.4491,2.5599,1.3678,1.4763,2.3997,-0.8095,1.3942,4.1296,-0.0675,3.0000,0.0000,0.0000,0,14.5271,549.3389,894.8346,722.0867,172.7479,9.2582,-13.6840,572.2810,890.4088
79.307,1,0,learned,22.6036,159.2047,1.5551,0.7346,2.4200,2.5291,1.3955,1.4781,2.3306,-0.8239,1.3942,4.0108,-0.0770,3.0000,0.0000,0.0000,0,14.5271,649.3529,932.4871,790.9200,141.5671,8.9144,-14.1443,672.4115,927.2572
79.356,1,0,learned,22.6373,159.3179,1.5611,0.7280,2.4075,2.5151,1.3793,1.4796,2.2656,-0.8372,1.3942,3.8989,-0.0814,3.0000,0.0000,0.0000,0,14.5271,759.3345,822.4871,790.9108,31.5763,8.5007,-14.2625,782.0977,816.7252
79.406,1,0,learned,22.6728,159.4398,1.5679,0.7188,2.3947,2.5003,1.3973,1.4812,2.1958,-0.8507,1.3942,3.7787,-0.0867,3.0000,0.0000,0.0000,0,14.5271,860.5282,712.4871,786.5077,-74.0205,8.0567,-14.6084,883.1933,705.9354
79.456,1,0,learned,22.7058,159.5580,1.5793,0.7127,2.4084,2.5117,1.4005,1.4823,2.1282,-0.8624,1.3942,3.6625,-0.0970,3.0000,0.0000,0.0000,0,14.5271,887.6187,602.4871,745.0529,-142.5658,7.4958,-14.8905,910.0050,595.0924
79.506,1,0,learned,22.7058,159.5580,1.5863,0.7127,2.4084,2.5117,1.3850,1.4823,2.1282,-0.8624,1.3942,3.6625,-0.1041,3.0000,0.0000,0.0000,0,14.5271,882.2557,492.4871,687.3714,-194.8843,7.5054,-14.7861,904.5471,485.2064
79.556,1,0,learned,22.7400,159.6876,1.5954,0.7014,2.4254,2.5248,-0.9688,1.4832,2.0544,-0.8732,1.3942,3.5355,-0.1123,3.0000,0.0000,0.0000,0,14.5271,943.7731,382.4871,663.1301,-280.6430,6.6891,3.0316,947.4305,392.2078
79.606,1,0,learned,22.7707,159.8134,1.6021,0.6895,2.4643,2.5589,1.3833,1.4835,1.9830,-0.8814,1.3942,3.4125,-0.1186,3.0000,0.0000,0.0000,0,14.5271,833.7731,272.4871,553.1301,-280.6430,6.1567,-15.2834,855.2132,263.3605
79.656,1,0,learned,22.7707,159.8134,1.6089,0.6895,2.4643,2.5589,1.3282,1.4835,1.9830,-0.8814,1.3942,3.4125,-0.1254,3.0000,0.0000,0.0000,0,14.5271,749.1308,162.4871,455.8090,-293.3218,6.1785,-14.8887,770.1980,153.7769
79.706,1,0,learned,22.8014,159.9496,1.6175,0.6695,2.4955,2.5837,1.2820,1.4838,1.9057,-0.8877,1.3942,3.2796,-0.1337,3.0000,0.0000,0.0000,0,14.5271,649.0421,264.2548,456.6485,-192.3937,5.4423,-14.9371,669.4215,254.7600
79.756,1,0,learned,22.8282,160.0795,1.6207,0.6472,2.5375,2.6188,-1.0985,1.4837,1.8323,-0.8913,1.3942,3.1532,-0.1370,3.0000,0.0000,0.0000,0,14.5271,642.4497,343.0409,492.7453,-149.7044,4.4653,3.8489,643.0661,351.3551
79.806,1,0,learned,22.8282,160.0795,1.6259,0.6472,2.5375,2.6188,1.2412,1.4837,1.8323,-0.8913,1.3942,3.1532,-0.1422,3.0000,0.0000,0.0000,0,14.5271,713.4268,387.4168,550.4218,-163.0050,4.6334,-15.0843,733.1445,376.9659
79.856,1,0,learned,22.8543,160.2169,1.6314,0.6181,2.5585,2.6321,1.1972,1.4837,1.7547,-0.8928,1.3942,3.0198,-0.1477,3.0000,0.0000,0.0000,0,14.5271,603.8518,330.1840,467.0179,-136.8339,3.9406,-15.0077,622.8001,319.1169
79.907,1,0,learned,22.8770,160.3452,1.6321,0.5892,2.5811,2.6475,-1.1667,1.4835,1.6826,-0.8926,1.3942,2.8956,-0.1486,3.0000,0.0000,0.0000,0,14.5271,640.2762,310.5846,475.4304,-164.8458,3.0729,4.3333,639.0158,317.9908
79.956,2,0,learned,22.8994,160.4801,1.6346,0.5575,2.5840,2.6434,-1.1970,1.4258,1.5000,-0.9106,1.3867,23.2642,-0.2087,3.0000,0.0000,3.0000,0,20.6353,560.5997,364.9825,462.7911,-97.8086,0.1472,-0.4893,561.2362,364.6404
80.006,2,0,learned,22.9191,160.6059,1.6354,0.5282,2.5911,2.6444,1.1613,1.4259,1.5000,-0.9070,1.3867,23.1369,-0.2095,3.0000,0.0000,3.0000,0,20.6353,458.8523,354.4168,406.6346,-52.2177,1.1189,-7.6586,467.6299,347.8771
80.056,2,0,learned,22.9191,160.6059,1.6356,0.5282,2.5911,2.6444,1.1458,1.4259,1.5000,-0.9070,1.3867,23.1369,-0.2097,3.0000,0.0000,3.0000,0,20.6353,348.8636,314.1650,331.5143,-17.3493,1.1263,-7.5817,357.5717,307.7096
80.107,2,0,learned,22.9389,160.7369,1.6352,0.4984,2.5768,2.6246,-1.2200,1.4259,1.5000,-0.9024,1.3867,23.0044,-0.2093,3.0000,0.0000,3.0000,0,20.6353,458.8483,302.8518,380.8501,-77.9982,0.2413,-0.3977,459.4873,302.6955
80.156,2,0,learned,22.9567,160.8577,1.6346,0.4730,2.5647,2.6080,1.1480,1.4259,1.5000,-0.8978,1.3867,22.8823,-0.2086,3.0000,0.0000,3.0000,0,20.6353,402.5807,209.5663,306.0735,-96.5072,1.2297,-7.6318,411.4422,203.1642
80.206,2,0,learned,22.9567,160.8577,1.6340,0.4730,2.5647,2.6080,-1.2497,1.4259,1.5000,-0.8978,1.3867,22.8823,-0.2081,3.0000,0.0000,3.0000,0,20.6353,292.5807,290.4282,291.5044,-1.0763,0.3167,-0.2861,293.1834,290.4588
80.256,2,0,learned,22.9750,160.9820,1.6327,0.4490,2.5300,2.5695,1.1555,1.4259,1.5000,-0.8930,1.3867,22.7566,-0.2067,3.0000,0.0000,3.0000,0,20.6353,187.2627,369.2416,278.2522,90.9894,1.3853,-7.6879,196.3359,362.9390
80.306,2,0,learned,22.9918,161.0956,1.6312,0.4291,2.4971,2.5337,-1.2530,1.4259,1.5000,-0.8888,1.3867,22.6418,-0.2052,3.0000,0.0000,3.0000,0,20.6353,151.3834,259.2416,205.3125,53.9291,0.5449,-0.2584,152.1868,259.5281
80.360,2,0,learned,22.9918,161.0956,1.6297,0.4291,2.4971,2.5337,-1.2380,1.4259,1.5000,-0.8888,1.3867,22.6418,-0.2038,3.0000,0.0000,3.0000,0,20.6353,261.3834,305.0052,283.1943,21.8109,0.5295,-0.3153,262.2283,305.2195
80.406,2,0,learned,23.0093,161.2117,1.6275,0.4106,2.4444,2.4786,-1.2508,1.4260,1.5000,-0.8847,1.3867,22.5244,-0.2016,3.0000,0.0000,3.0000,0,20.6353,318.7633,309.7564,314.2599,-4.5035,0.6583,-0.3090,319.7306,310.1057
80.457,2,0,learned,23.0259,161.3173,1.6266,0.3975,2.3954,2.4281,-1.2372,1.4260,1.5000,-0.8817,1.3867,22.4175,-0.2006,3.0000,0.0000,3.0000,0,20.6353,227.8340,394.5879,311.2110,83.3769,0.8178,-0.3430,228.9948,395.0627
80.507,2,0,learned,23.0434,161.4254,1.6248,0.3853,2.3321,2.3637,1.1733,1.4261,1.5000,-0.8791,1.3867,22.3080,-0.1987,3.0000,0.0000,3.0000,0,20.6353,218.1724,504.5879,361.3801,143.2078,1.9373,-7.9172,228.0269,498.6080
80.556,2,0,learned,23.0434,161.4254,1.6235,0.3853,2.3321,2.3637,-1.2415,1.4261,1.5000,-0.8791,1.3867,22.3080,-0.1974,3.0000,0.0000,3.0000,0,20.6353,229.3338,448.4585,338.8961,109.5624,0.9835,-0.3532,230.6705,449.0888
80.606,2,0,learned,23.0596,161.5248,1.6227,0.3757,2.2798,2.3106,1.1667,1.4262,1.5000,-0.8768,1.3867,22.2073,-0.1965,3.0000,0.0000,3.0000,0,20.6353,329.3595,494.2953,411.8274,82.4679,2.0556,-7.9461,339.3612,488.4048
80.656,2,0,learned,23.0766,161.6284,1.6218,0.3661,2.2226,2.2525,-1.1863,1.4263,1.5000,-0.8746,1.3867,22.1023,-0.1955,3.0000,0.0000,3.0000,0,20.6353,328.3097,494.2046,411.2571,82.9474,1.2877,-0.5544,330.1518,494.9379
80.707,2,0,learned,23.0927,161.7251,1.6215,0.3599,2.1810,2.2105,1.2225,1.4264,1.5000,-0.8727,1.3867,22.0043,-0.1952,3.0000,0.0000,3.0000,0,20.6353,321.6662,485.8995,403.7829,82.1166,2.3508,-8.1842,332.2013,480.0661
80.757,2,0,learned,23.0927,161.7251,1.6221,0.3599,2.1810,2.2105,1.2323,1.4264,1.5000,-0.8727,1.3867,22.0043,-0.1958,3.0000,0.0000,3.0000,0,20.6353,431.6661,375.8995,403.7828,-27.8833,2.3267,-8.2108,442.2036,370.0155
80.806,2,0,learned,23.1097,161.8274,1.6222,0.3533,2.1382,2.1672,1.2355,1.4264,1.5000,-0.8707,1.3867,21.9006,-0.1957,3.0000,0.0000,3.0000,0,20.6353,432.0463,368.7059,400.3761,-31.6702,2.4515,-8.2508,442.7487,362.9066
80.856,2,0,learned,23.1256,161.9242,1.6226,0.3488,2.1137,2.1423,-1.1675,1.4265,1.5000,-0.8685,1.3867,21.8026,-0.1961,3.0000,0.0000,3.0000,0,20.6353,335.2901,271.4118,303.3510,-31.9392,1.6193,-0.6320,337.5415,272.3991
80.906,2,0,learned,23.1421,162.0274,1.6233,0.3425,2.0881,2.1160,-1.1743,1.4266,1.5000,-0.8659,1.3867,21.6980,-0.1967,3.0000,0.0000,3.0000,0,20.6353,288.4384,286.5507,287.4945,-0.9439,1.7170,-0.6115,290.7669,287.6562
80.956,2,0,learned,23.1571,162.1253,1.6254,0.3367,2.0783,2.1054,-1.1720,1.4266,1.5000,-0.8627,1.3867,21.5990,-0.1988,3.0000,0.0000,3.0000,0,20.6353,314.7709,390.0228,352.3968,37.6259,1.7741,-0.6260,317.1711,391.1709
81.006,2,0,learned,23.1571,162.1253,1.6261,0.3367,2.0783,2.1054,1.2418,1.4266,1.5000,-0.8627,1.3867,21.5990,-0.1994,3.0000,0.0000,3.0000,0,20.6353,424.7693,280.0228,352.3960,-72.3733,2.6733,-8.3241,435.7667,274.3720
81.056,2,0,learned,23.1726,162.2289,1.6282,0.3290,2.0611,2.0872,1.2292,1.4267,1.5000,-0.8590,1.3867,21.4942,-0.2015,3.0000,0.0000,3.0000,0,20.6353,382.8970,179.5810,281.2390,-101.6580,2.7351,-8.2787,393.9108,174.0374
81.106,2,0,learned,23.1870,162.3262,1.6284,0.3230,2.0542,2.0795,1.2385,1.4267,1.5000,-0.8553,1.3867,21.3959,-0.2018,3.0000,0.0000,3.0000,0,20.6353,404.9383,229.2008,317.0696,-87.8687,2.7881,-8.3418,416.0683,223.6472
81.157,2,0,learned,23.1870,162.3262,1.6297,0.3230,2.0542,2.0795,-1.1903,1.4267,1.5000,-0.8553,1.3867,21.3959,-0.2030,3.0000,0.0000,3.0000,0,20.6353,415.3319,148.1092,281.7206,-133.6113,1.8637,-0.5937,417.7893,149.3793
81.206,2,0,learned,23.2017,162.4292,1.6303,0.3150,2.0395,2.0637,-1.2298,1.4267,1.5000,-0.8509,1.3867,21.2919,-0.2036,3.0000,0.0000,3.0000,0,20.6353,421.5589,236.6208,329.0898,-92.4691,1.9210,-0.4925,423.9724,238.0492
81.256,2,0,learned,23.2148,162.5254,1.6322,0.3068,2.0323,2.0554,1.2232,1.4266,1.5000,-0.8463,1.3867,21.1948,-0.2055,3.0000,0.0000,3.0000,0,20.6353,350.7016,231.6681,291.1848,-59.5168,2.9072,-8.3264,361.9352,226.2488
81.306,2,0,learned,23.2279,162.6261,1.6319,0.2958,2.0135,2.0351,1.1987,1.4266,1.5000,-0.8407,1.3867,21.0932,-0.2053,3.0000,0.0000,3.0000,0,20.6353,335.8020,233.9276,284.8648,-50.9372,2.9736,-8.2635,347.0391,228.6377
81.356,2,0,learned,23.2395,162.7197,1.6323,0.2847,2.0005,2.0207,1.1883,1.4265,1.5000,-0.8349,1.3867,20.9990,-0.2058,3.0000,0.0000,3.0000,0,20.6353,307.9769,202.9706,255.4737,-52.5031,3.0288,-8.2336,319.2392,197.7659
81.406,2,0,learned,23.2510,162.8173,1.6310,0.2723,1.9760,1.9947,1.2052,1.4263,1.5000,-0.8284,1.3867,20.9007,-0.2046,3.0000,0.0000,3.0000,0,20.6353,245.7528,251.2544,248.5036,2.7508,3.1344,-8.3034,257.1905,246.0854
81.456,2,0,learned,23.2615,162.9078,1.6300,0.2613,1.9576,1.9750,-1.2592,1.4262,1.5000,-0.8221,1.3867,20.8097,-0.2038,3.0000,0.0000,3.0000,0,20.6353,331.9268,337.7685,334.8476,2.9209,2.2752,-0.3614,334.5633,339.6824
81.506,2,0,learned,23.2615,162.9078,1.6289,0.2613,1.9576,1.9750,1.1978,1.4262,1.5000,-0.8221,1.3867,20.8097,-0.2027,3.0000,0.0000,3.0000,0,20.6353,346.0821,346.2939,346.1880,0.1059,3.1980,-8.3303,357.6104,341.1615
81.556,2,0,learned,23.2721,163.0017,1.6275,0.2501,1.9274,1.9435,-1.2732,1.4261,1.5000,-0.8154,1.3867,20.7152,-0.2014,3.0000,0.0000,3.0000,0,20.6353,381.7996,277.4776,329.6386,-52.1610,2.3569,-0.3273,384.4838,279.5072
81.606,2,0,learned,23.2820,163.0885,1.6262,0.2413,1.9035,1.9188,1.1907,1.4259,1.5000,-0.8092,1.3867,20.6279,-0.2003,3.0000,0.0000,3.0000,0,20.6353,390.3716,238.0139,314.1927,-76.1789,3.3521,-8.3211,402.0447,233.0449
81.656,2,0,learned,23.2924,163.1797,1.6248,0.2329,1.8735,1.8879,-1.2728,1.4258,1.5000,-0.8027,1.3867,20.5362,-0.1990,3.0000,0.0000,3.0000,0,20.6353,404.2859,220.8605,312.5732,-91.7127,2.5321,-0.3201,407.1380,223.0725
81.707,2,0,learned,23.3019,163.2652,1.6235,0.2260,1.8550,1.8687,1.1823,1.4256,1.5000,-0.7964,1.3867,20.4502,-0.1978,3.0000,0.0000,3.0000,0,20.6353,423.3885,224.6682,324.0283,-99.3601,3.5071,-8.3215,435.2171,219.8538
81.756,2,0,learned,23.3019,163.2652,1.6220,0.2260,1.8550,1.8687,-1.2970,1.4256,1.5000,-0.7964,1.3867,20.4502,-0.1963,3.0000,0.0000,3.0000,0,20.6353,512.0812,218.4830,365.2821,-146.7991,2.5739,-0.2651,514.9202,220.7918
81.806,2,0,learned,23.3116,163.3554,1.6200,0.2180,1.8311,1.8440,1.2067,1.4255,1.5000,-0.7894,1.3867,20.3595,-0.1946,3.0000,0.0000,3.0000,0,20.6353,418.1717,239.2616,328.7166,-89.4550,3.5986,-8.4116,430.1819,234.4486
81.856,2,0,learned,23.3202,163.4402,1.6186,0.2101,1.8182,1.8303,-1.3237,1.4253,1.5000,-0.7823,1.3867,20.2744,-0.1933,3.0000,0.0000,3.0000,0,20.6353,509.9653,248.1531,379.0592,-130.9061,2.7087,-0.1678,512.8418,250.6940
81.907,2,0,learned,23.3285,163.5303,1.6160,0.2002,1.8012,1.8123,1.1593,1.4250,1.5000,-0.7740,1.3867,20.1840,-0.1909,3.0000,0.0000,3.0000,0,20.6353,519.6012,267.4231,393.5121,-126.0890,3.6924,-8.2939,531.5875,262.8216
81.956,2,0,learned,23.3357,163.6158,1.6134,0.1900,1.7971,1.8071,-1.3337,1.4248,1.5000,-0.7654,1.3867,20.0983,-0.1886,3.0000,0.0000,3.0000,0,20.6353,518.3825,198.4944,358.4385,-159.9440,2.8034,-0.0996,521.2854,201.1982
82.006,2,0,learned,23.3425,163.7072,1.6106,0.1784,1.7893,1.7982,1.1505,1.4245,1.5000,-0.7554,1.3867,20.0069,-0.1861,3.0000,0.0000,3.0000,0,20.6353,433.3844,295.9534,364.6689,-68.7155,3.7835,-8.2578,445.4257,291.4791
82.056,2,0,learned,23.3484,163.7944,1.6064,0.1669,1.7946,1.8024,1.1322,1.4241,1.5000,-0.7452,1.3867,19.9198,-0.1823,3.0000,0.0000,3.0000,0,20.6353,401.8287,204.9150,303.3719,-98.4568,3.7788,-8.1685,413.7760,200.5252
82.107,2,0,learned,23.3484,163.7944,1.6037,0.1669,1.7946,1.8024,1.1318,1.4241,1.5000,-0.7452,1.3867,19.9198,-0.1796,3.0000,0.0000,3.0000,0,20.6353,388.1555,238.1002,313.1279,-75.0277,3.7811,-8.1656,400.1022,233.7158
82.156,2,0,learned,23.3539,163.8877,1.5997,0.1548,1.7946,1.8013,-1.3662,1.4237,1.5000,-0.7335,1.3867,19.8267,-0.1760,3.0000,0.0000,3.0000,0,20.6353,420.6058,236.7655,328.6856,-91.9201,2.8882,0.1161,423.3779,239.7697
82.206,2,0,learned,23.3588,163.9761,1.5966,0.1442,1.8042,1.8099,1.1453,1.4233,1.5000,-0.7221,1.3867,19.7385,-0.1734,3.0000,0.0000,3.0000,0,20.6353,482.5435,233.1346,357.8390,-124.7044,3.8014,-8.2209,494.5658,228.7150
82.257,2,0,learned,23.3636,164.0698,1.5911,0.1341,1.8037,1.8087,-1.3893,1.4228,1.5000,-0.7098,1.3867,19.6451,-0.1682,3.0000,0.0000,3.0000,0,20.6353,439.2304,259.9445,349.5875,-89.6429,2.9046,0.2562,441.8788,263.1054
82.306,2,0,learned,23.3636,164.0698,1.5866,0.1341,1.8037,1.8087,1.1402,1.4228,1.5000,-0.7098,1.3867,19.6451,-0.1638,3.0000,0.0000,3.0000,0,20.6353,402.7755,230.2820,316.5287,-86.2468,3.8272,-8.1722,414.7748,225.9370
82.356,2,0,learned,23.3681,164.1580,1.5818,0.1257,1.8101,1.8145,-1.4090,1.4224,1.5000,-0.6980,1.3867,19.5573,-0.1594,3.0000,0.0000,3.0000,0,20.6353,439.7390,275.1619,357.4505,-82.2886,2.8988,0.3631,442.2748,278.4238
82.406,2,0,learned,23.3724,164.2513,1.5769,0.1173,1.8072,1.8110,1.1225,1.4219,1.5000,-0.6852,1.3867,19.4643,-0.1550,3.0000,0.0000,3.0000,0,20.6353,435.8000,262.0018,348.9009,-86.8991,3.8593,-8.1100,447.7693,257.7511
82.456,2,0,learned,23.3763,164.3391,1.5718,0.1101,1.8113,1.8147,-1.4130,1.4214,1.5000,-0.6730,1.3867,19.3770,-0.1504,3.0000,0.0000,3.0000,0,20.6353,410.2589,247.0893,328.6741,-81.5848,2.9440,0.4619,412.7410,250.4952
82.507,2,0,learned,23.3803,164.4316,1.5667,0.1032,1.8051,1.8081,1.1393,1.4209,1.5000,-0.6599,1.3867,19.2849,-0.1458,3.0000,0.0000,3.0000,0,20.6353,407.1373,266.3363,336.7368,-70.4005,3.9207,-8.1462,419.2041,262.1108
82.556,2,0,learned,23.3837,164.5185,1.5600,0.0971,1.8060,1.8086,1.1330,1.4204,1.5000,-0.6474,1.3867,19.1985,-0.1396,3.0000,0.0000,3.0000,0,20.6353,371.8406,258.1513,314.9960,-56.8446,3.9392,-8.1045,383.8843,253.9860
82.606,2,0,learned,23.3837,164.5185,1.5561,0.0971,1.8060,1.8086,1.1285,1.4204,1.5000,-0.6474,1.3867,19.1985,-0.1356,3.0000,0.0000,3.0000,0,20.6353,428.7925,250.7362,339.7644,-89.0281,3.9235,-8.0910,440.8070,246.5687
82.656,2,0,learned,23.3872,164.6100,1.5505,0.0911,1.7967,1.7990,-1.4175,1.4199,1.5000,-0.6341,1.3867,19.1075,-0.1306,3.0000,0.0000,3.0000,0,20.6353,435.2160,247.8903,341.5532,-93.6629,3.0350,0.6079,437.6430,251.5332
82.706,2,0,learned,23.3903,164.6956,1.5465,0.0859,1.7943,1.7963,1.1342,1.4194,1.5000,-0.6215,1.3867,19.0223,-0.1272,3.0000,0.0000,3.0000,0,20.6353,403.0249,199.3502,301.1875,-101.8373,3.9958,-8.0816,415.1023,195.2644
82.759,2,0,learned,23.3935,164.7860,1.5395,0.0807,1.7829,1.7847,-1.4450,1.4188,1.5000,-0.6080,1.3867,18.9326,-0.1207,3.0000,0.0000,3.0000,0,20.6353,396.8146,217.2465,307.0306,-89.7840,3.1093,0.7687,399.1551,221.1246
82.806,2,0,learned,23.3962,164.8709,1.5326,0.0760,1.7801,1.7817,-1.4305,1.4183,1.5000,-0.5952,1.3867,18.8482,-0.1143,3.0000,0.0000,3.0000,0,20.6353,313.0562,249.1297,281.0930,-31.9632,3.1554,0.7968,315.4148,253.0820
82.856,2,0,learned,23.3962,164.8709,1.5296,0.0760,1.7801,1.7817,-1.4187,1.4183,1.5000,-0.5952,1.3867,18.8482,-0.1114,3.0000,0.0000,3.0000,0,20.6353,327.7178,265.6280,296.6729,-31.0449,3.1534,0.7720,330.0992,269.5534
82.906,2,0,learned,23.3989,164.9605,1.5225,0.0712,1.7689,1.7703,1.1480,1.4177,1.5000,-0.5814,1.3867,18.7592,-0.1048,3.0000,0.0000,3.0000,0,20.6353,349.4680,313.3932,331.4306,-18.0374,4.1411,-8.0901,361.6992,309.4442
82.956,2,0,learned,23.4014,165.0446,1.5181,0.0674,1.7655,1.7668,-1.4183,1.4171,1.5000,-0.5685,1.3867,18.6757,-0.1009,3.0000,0.0000,3.0000,0,20.6353,381.3511,342.2885,361.8198,-19.5313,3.2285,0.8566,383.7229,346.3735
83.006,2,0,learned,23.4042,165.1334,1.5109,0.0645,1.7539,1.7551,1.1227,1.4165,1.5000,-0.5549,1.3867,18.5875,-0.0944,3.0000,0.0000,3.0000,0,20.6353,388.5824,337.0588,362.8206,-25.7618,4.2099,-7.9889,400.7811,333.2799
83.059,2,0,learned,23.4042,165.1334,1.5052,0.0645,1.7539,1.7551,-1.4080,1.4165,1.5000,-0.5549,1.3867,18.5875,-0.0886,3.0000,0.0000,3.0000,0,20.6353,444.0097,306.3850,375.1974,-68.8124,3.2612,0.8736,446.3973,310.5199
83.106,2,0,learned,23.4069,165.2172,1.5012,0.0630,1.7521,1.7533,1.1447,1.4160,1.5000,-0.5423,1.3867,18.5044,-0.0852,3.0000,0.0000,3.0000,0,20.6353,447.3581,368.5753,407.9667,-39.3914,4.2349,-8.0598,459.6528,364.7504
83.156,2,0,learned,23.4100,165.3066,1.4944,0.0624,1.7455,1.7466,-1.4120,1.4154,1.5000,-0.5290,1.3867,18.4156,-0.0789,3.0000,0.0000,3.0000,0,20.6353,394.9442,326.0376,360.4909,-34.4533,3.3360,0.9827,397.2974,330.3563
83.207,2,0,learned,23.4131,165.3914,1.4892,0.0627,1.7498,1.7509,1.1533,1.4149,1.5000,-0.5165,1.3867,18.3313,-0.0744,3.0000,0.0000,3.0000,0,20.6353,358.0390,290.6747,324.3568,-33.6821,4.2879,-8.0369,370.3638,286.9257
83.256,2,0,learned,23.4165,165.4822,1.4840,0.0631,1.7489,1.7501,-1.4285,1.4143,1.5000,-0.5032,1.3867,18.2411,-0.0697,3.0000,0.0000,3.0000,0,20.6353,303.7735,379.4255,341.5995,37.8260,3.3870,1.1437,306.0168,383.9561
83.306,2,0,learned,23.4198,165.5682,1.4778,0.0644,1.7577,1.7589,-1.4243,1.4137,1.5000,-0.4907,1.3867,18.1556,-0.0641,3.0000,0.0000,3.0000,0,20.6353,382.7937,440.0561,411.4249,28.6312,3.3773,1.1772,384.9938,444.6106
83.356,2,0,learned,23.4198,165.5682,1.4740,0.0644,1.7577,1.7589,-1.4147,1.4137,1.5000,-0.4907,1.3867,18.1556,-0.0603,3.0000,0.0000,3.0000,0,20.6353,315.4326,367.1475,341.2901,25.8574,3.3825,1.1621,317.6530,371.6920
83.406,2,0,learned,23.4235,165.6596,1.4682,0.0658,1.7575,1.7587,-1.4065,1.4131,1.5000,-0.4776,1.3867,18.0648,-0.0550,3.0000,0.0000,3.0000,0,20.6353,267.0139,406.9296,336.9717,69.9578,3.4197,1.2017,269.2319,411.5510
83.456,2,0,learned,23.4274,165.7458,1.4636,0.0689,1.7655,1.7668,1.1943,1.4126,1.5000,-0.4657,1.3867,17.9790,-0.0510,3.0000,0.0000,3.0000,0,20.6353,229.0992,396.6340,312.8666,83.7674,4.3837,-8.1119,241.5947,392.9058
83.507,2,0,learned,23.4321,165.8377,1.4605,0.0730,1.7657,1.7672,1.2155,1.4120,1.5000,-0.4534,1.3867,17.8875,-0.0485,3.0000,0.0000,3.0000,0,20.6353,201.1819,416.2898,308.7359,107.5539,4.4251,-8.1773,213.7843,412.5376
83.556,2,0,learned,23.4370,165.9241,1.4556,0.0789,1.7726,1.7744,1.2200,1.4115,1.5000,-0.4424,1.3867,17.8014,-0.0441,3.0000,0.0000,3.0000,0,20.6353,220.1557,449.4448,334.8003,114.6446,4.4360,-8.1903,232.7819,445.6905
83.606,2,0,learned,23.4370,165.9241,1.4532,0.0789,1.7726,1.7744,1.2270,1.4115,1.5000,-0.4424,1.3867,17.8014,-0.0416,3.0000,0.0000,3.0000,0,20.6353,281.7243,421.1359,351.4301,69.7058,4.4237,-8.2182,294.3662,417.3413
83.657,2,0,learned,23.4429,166.0152,1.4501,0.0857,1.7686,1.7707,-1.3410,1.4111,1.5000,-0.4315,1.3867,17.7105,-0.0391,3.0000,0.0000,3.0000,0,20.6353,323.1069,314.5082,318.8076,-4.2993,3.5020,1.1548,325.4541,319.1650
83.707,2,0,learned,23.4490,166.1006,1.4478,0.0943,1.7703,1.7728,1.2870,1.4106,1.5000,-0.4220,1.3867,17.6253,-0.0372,3.0000,0.0000,3.0000,0,20.6353,332.4752,283.5175,307.9963,-24.4789,4.4801,-8.4194,345.3747,279.5783
83.756,2,0,learned,23.4563,166.1906,1.4458,0.1032,1.7627,1.7657,-1.3440,1.4102,1.5000,-0.4126,1.3867,17.5352,-0.0356,3.0000,0.0000,3.0000,0,20.6353,406.1034,249.6376,327.8705,-78.2329,3.5581,1.1937,408.4677,254.3894
83.806,2,0,learned,23.4563,166.1906,1.4445,0.1032,1.7627,1.7657,1.2745,1.4102,1.5000,-0.4126,1.3867,17.5352,-0.0343,3.0000,0.0000,3.0000,0,20.6353,309.2045,262.5084,285.8565,-23.3480,4.5215,-8.3682,322.0942,258.6618
83.856,2,0,learned,23.4634,166.2751,1.4442,0.1123,1.7620,1.7656,-1.3417,1.4098,1.5000,-0.4041,1.3867,17.4508,-0.0344,3.0000,0.0000,3.0000,0,20.6353,200.9353,315.2011,258.0682,57.1329,3.6253,1.2618,203.2988,320.0883
83.906,2,0,learned,23.4710,166.3641,1.4426,0.1192,1.7519,1.7560,1.2840,1.4095,1.5000,-0.3953,1.3867,17.3617,-0.0331,3.0000,0.0000,3.0000,0,20.6353,193.8146,289.3012,241.5579,47.7433,4.6267,-8.3888,206.8301,285.5392
83.960,2,0,learned,23.4782,166.4472,1.4415,0.1252,1.7480,1.7525,-1.3385,1.4091,1.5000,-0.3872,1.3867,17.2785,-0.0324,3.0000,0.0000,3.0000,0,20.6353,276.5951,232.0251,254.3101,-22.2850,3.7045,1.2728,279.0267,237.0024
84.006,2,0,learned,23.4782,166.4472,1.4410,0.1252,1.7480,1.7525,1.2853,1.4091,1.5000,-0.3872,1.3867,17.2785,-0.0319,3.0000,0.0000,3.0000,0,20.6353,291.3112,249.9183,270.6147,-20.6964,4.6463,-8.4089,304.3664,246.1556
84.057,2,0,learned,23.4860,166.5341,1.4406,0.1301,1.7326,1.7375,1.3015,1.4087,1.5000,-0.3789,1.3867,17.1914,-0.0319,3.0000,0.0000,3.0000,0,20.6353,378.2059,202.3670,290.2864,-87.9195,4.7027,-8.4819,391.3905,198.5877
84.107,2,0,learned,23.4935,166.6147,1.4393,0.1354,1.7218,1.7271,1.3060,1.4084,1.5000,-0.3715,1.3867,17.1107,-0.0309,3.0000,0.0000,3.0000,0,20.6353,424.6614,137.3843,281.0228,-143.6386,4.7421,-8.5036,437.9071,133.6228
84.156,2,0,learned,23.4935,166.6147,1.4389,0.1354,1.7218,1.7271,1.3017,1.4084,1.5000,-0.3715,1.3867,17.1107,-0.0305,3.0000,0.0000,3.0000,0,20.6353,377.5377,67.0651,222.3014,-155.2363,4.7344,-8.4742,390.7463,63.3253
84.206,2,0,learned,23.5015,166.6990,1.4380,0.1391,1.7018,1.7075,1.2803,1.4081,1.5000,-0.3640,1.3867,17.0262,-0.0299,3.0000,0.0000,3.0000,0,20.6353,425.5448,126.4838,276.0143,-149.5305,4.8083,-8.4148,438.7679,122.8773
84.256,2,0,learned,23.5088,166.7778,1.4377,0.1419,1.6898,1.6958,1.2697,1.4077,1.5000,-0.3568,1.3867,16.9472,-0.0299,3.0000,0.0000,3.0000,0,20.6353,437.6695,195.3587,316.5141,-121.1554,4.8701,-8.3875,450.9270,191.8413
84.307,2,0,learned,23.5088,166.7778,1.4365,0.1419,1.6898,1.6958,-1.3680,1.4077,1.5000,-0.3568,1.3867,16.9472,-0.0287,3.0000,0.0000,3.0000,0,20.6353,379.4583,214.7463,297.1023,-82.3560,3.9410,1.4254,381.9739,220.1127
84.357,2,0,learned,23.5162,166.8605,1.4351,0.1419,1.6696,1.6757,1.2597,1.4074,1.5000,-0.3489,1.3867,16.8645,-0.0277,3.0000,0.0000,3.0000,0,20.6353,425.9383,265.4989,345.7186,-80.2197,4.9537,-8.3508,439.2428,262.1018
84.406,2,0,learned,23.5228,166.9377,1.4341,0.1409,1.6575,1.6635,-1.4045,1.4070,1.5000,-0.3412,1.3867,16.7872,-0.0271,3.0000,0.0000,3.0000,0,20.6353,421.2749,320.3809,370.8279,-50.4470,4.0663,1.5981,423.7431,326.0453
84.456,2,0,learned,23.5296,167.0193,1.4306,0.1390,1.6401,1.6459,-1.4018,1.4066,1.5000,-0.3330,1.3867,16.7056,-0.0240,3.0000,0.0000,3.0000,0,20.6353,384.2494,306.6797,345.4646,-38.7848,4.1425,1.6259,386.7660,312.4481
84.506,2,0,learned,23.5361,167.0965,1.4280,0.1381,1.6333,1.6392,-1.3982,1.4062,1.5000,-0.3252,1.3867,16.6284,-0.0218,3.0000,0.0000,3.0000,0,20.6353,382.6005,260.7271,321.6638,-60.9367,4.1828,1.6375,385.1458,266.5474
84.556,2,0,learned,23.5361,167.0965,1.4266,0.1381,1.6333,1.6392,1.2405,1.4062,1.5000,-0.3252,1.3867,16.6284,-0.0204,3.0000,0.0000,3.0000,0,20.6353,344.3810,318.4500,331.4155,-12.9655,5.1237,-8.2553,357.7600,315.3184
84.606,2,0,learned,23.5431,167.1788,1.4237,0.1376,1.6234,1.6292,1.2355,1.4058,1.5000,-0.3171,1.3867,16.5461,-0.0178,3.0000,0.0000,3.0000,0,20.6353,303.4120,288.4865,295.9492,-7.4628,5.1708,-8.2235,316.8063,285.4338
84.656,2,0,learned,23.5500,167.2568,1.4207,0.1386,1.6239,1.6298,1.2625,1.4055,1.5000,-0.3095,1.3867,16.4679,-0.0152,3.0000,0.0000,3.0000,0,20.6353,308.2621,369.3732,338.8176,30.5555,5.2125,-8.3191,321.7936,366.2666
84.707,2,0,learned,23.5500,167.2568,1.4184,0.1386,1.6239,1.6298,1.2438,1.4055,1.5000,-0.3095,1.3867,16.4679,-0.0130,3.0000,0.0000,3.0000,0,20.6353,316.8116,313.7509,315.2813,-1.5303,5.1937,-8.2463,330.2517,310.6983
84.756,2,0,learned,23.5575,167.3400,1.4145,0.1398,1.6191,1.6251,1.2595,1.4051,1.5000,-0.3017,1.3867,16.3847,-0.0094,3.0000,0.0000,3.0000,0,20.6353,331.1527,336.6751,333.9139,2.7612,5.2359,-8.2989,344.6875,333.6121
84.806,2,0,learned,23.5649,167.4187,1.4131,0.1427,1.6230,1.6292,1.2583,1.4047,1.5000,-0.2946,1.3867,16.3059,-0.0084,3.0000,0.0000,3.0000,0,20.6353,268.0664,354.4173,311.2419,43.1754,5.2592,-8.2836,281.6093,351.3928
84.856,2,0,learned,23.5649,167.4187,1.4101,0.1427,1.6230,1.6292,-1.4055,1.4047,1.5000,-0.2946,1.3867,16.3059,-0.0054,3.0000,0.0000,3.0000,0,20.6353,264.9616,246.3055,255.6335,-9.3280,4.3135,1.8305,267.4447,252.4495
84.906,2,0,learned,23.5732,167.5026,1.4075,0.1462,1.6210,1.6276,1.2805,1.4044,1.5000,-0.2874,1.3867,16.2218,-0.0031,3.0000,0.0000,3.0000,0,20.6353,320.1429,213.8760,267.0095,-53.1334,5.2647,-8.3596,333.7673,210.7812
84.956,2,0,learned,23.5815,167.5820,1.4062,0.1515,1.6280,1.6350,1.2837,1.4041,1.5000,-0.2810,1.3867,16.1420,-0.0021,3.0000,0.0000,3.0000,0,20.6353,324.9768,222.1755,273.5762,-51.4007,5.2729,-8.3739,338.6236,219.0745
85.006,2,0,learned,23.5908,167.6662,1.4025,0.1567,1.6261,1.6336,1.2925,1.4038,1.5000,-0.2747,1.3867,16.0575,0.0013,3.0000,0.0000,3.0000,0,20.6353,358.7477,204.3633,281.5555,-77.1922,5.2970,-8.4069,372.4516,201.2533
85.056,2,0,learned,23.5997,167.7450,1.4001,0.1628,1.6292,1.6374,-1.3893,1.4035,1.5000,-0.2691,1.3867,15.9783,0.0034,3.0000,0.0000,3.0000,0,20.6353,414.5769,226.1844,320.3806,-94.1963,4.3771,1.8827,417.0713,232.4442
85.106,2,0,learned,23.5997,167.7450,1.3978,0.1628,1.6292,1.6374,-1.3970,1.4035,1.5000,-0.2691,1.3867,15.9783,0.0057,3.0000,0.0000,3.0000,0,20.6353,382.2124,231.7951,307.0037,-75.2086,4.3766,1.9190,384.6700,238.0907
85.156,2,0,learned,23.6094,167.8282,1.3956,0.1674,1.6231,1.6318,-1.4307,1.4033,1.5000,-0.2633,1.3867,15.8947,0.0077,3.0000,0.0000,3.0000,0,20.6353,349.8878,255.1804,302.5341,-47.3537,4.4139,2.0605,352.2412,261.6549
85.206,2,0,learned,23.6186,167.9062,1.3944,0.1724,1.6237,1.6328,1.2725,1.4030,1.5000,-0.2581,1.3867,15.8162,0.0086,3.0000,0.0000,3.0000,0,20.6353,259.7921,281.5678,270.6799,10.8879,5.3847,-8.3146,273.4913,278.6379
85.257,2,0,learned,23.6186,167.9062,1.3920,0.1724,1.6237,1.6328,-1.4105,1.4030,1.5000,-0.2581,1.3867,15.8162,0.0110,3.0000,0.0000,3.0000,0,20.6353,245.7912,259.5552,252.6732,6.8820,4.4566,2.0500,248.1978,266.0618
85.307,2,0,learned,23.6381,168.0664,1.3882,0.1808,1.6165,1.6266,1.3083,1.4025,1.5000,-0.2480,1.3867,15.6550,0.0144,3.0000,0.0000,3.0000,0,20.6353,240.5693,273.7670,257.1681,16.5988,5.4579,-8.4365,254.4636,270.7884
85.361,2,0,learned,23.6381,168.0664,1.3868,0.1808,1.6165,1.6266,-1.4307,1.4025,1.5000,-0.2480,1.3867,15.6550,0.0157,3.0000,0.0000,3.0000,0,20.6353,260.6905,284.8980,272.7942,12.1038,4.5158,2.1770,263.0292,291.5908
85.406,2,0,learned,23.6486,168.1479,1.3829,0.1849,1.6067,1.6173,-1.4050,1.4023,1.5000,-0.2434,1.3867,15.5729,0.0194,3.0000,0.0000,3.0000,0,20.6353,365.3765,329.6167,347.4966,-17.8799,4.5591,2.1314,367.8042,336.3072
85.456,2,0,learned,23.6588,168.2237,1.3819,0.1905,1.6015,1.6128,-1.4038,1.4021,1.5000,-0.2395,1.3867,15.4964,0.0203,3.0000,0.0000,3.0000,0,20.6353,321.8546,331.1731,326.5139,4.6593,4.6042,2.1570,324.3018,337.9344
85.506,2,0,learned,23.6588,168.2237,1.3795,0.1905,1.6015,1.6128,1.2970,1.4021,1.5000,-0.2395,1.3867,15.4964,0.0226,3.0000,0.0000,3.0000,0,20.6353,276.7644,407.7662,342.2653,65.5009,5.5477,-8.3880,290.7000,404.9258
85.556,2,0,learned,23.6700,168.3034,1.3777,0.1955,1.5876,1.5996,1.3050,1.4020,1.5000,-0.2359,1.3867,15.4160,0.0243,3.0000,0.0000,3.0000,0,20.6353,257.9147,454.1327,356.0237,98.1090,5.6171,-8.4129,271.9448,451.3369
85.606,2,0,learned,23.6810,168.3786,1.3745,0.2023,1.5833,1.5961,-1.3875,1.4019,1.5000,-0.2330,1.3867,15.3400,0.0274,3.0000,0.0000,3.0000,0,20.6353,259.0391,364.6039,311.8215,52.7824,4.7110,2.1850,261.5650,371.4999
85.656,2,0,learned,23.6933,168.4586,1.3731,0.2089,1.5744,1.5882,-1.3887,1.4018,1.5000,-0.2304,1.3867,15.2591,0.0286,3.0000,0.0000,3.0000,0,20.6353,165.0287,286.3817,225.7052,60.6765,4.7687,2.1984,167.5990,293.3488
85.706,2,0,learned,23.7055,168.5345,1.3715,0.2182,1.5757,1.5907,-1.3813,1.4017,1.5000,-0.2286,1.3867,15.1822,0.0302,3.0000,0.0000,3.0000,0,20.6353,109.7256,332.9590,221.3423,111.6167,4.7998,2.2201,112.3054,339.9790
85.756,2,0,learned,23.7194,168.6154,1.3710,0.2277,1.5719,1.5884,-1.3670,1.4017,1.5000,-0.2273,1.3867,15.1001,0.0307,3.0000,0.0000,3.0000,0,20.6353,111.2083,406.6103,258.9093,147.7010,4.8427,2.2182,113.8328,413.6712
85.806,2,0,learned,23.7329,168.6915,1.3706,0.2388,1.5744,1.5925,1.3773,1.4018,1.5000,-0.2268,1.3867,15.0229,0.0312,3.0000,0.0000,3.0000,0,20.6353,84.5005,357.8121,221.1563,136.6558,5.7784,-8.6787,98.9576,354.9118
85.856,2,0,learned,23.7329,168.6915,1.3711,0.2388,1.5744,1.5925,1.3887,1.4018,1.5000,-0.2268,1.3867,15.0229,0.0306,3.0000,0.0000,3.0000,0,20.6353,57.3232,358.1937,207.7584,150.4353,5.7852,-8.7174,71.8258,355.2615
85.906,2,0,learned,23.7481,168.7715,1.3709,0.2491,1.5671,1.5868,1.4010,1.4019,1.5000,-0.2270,1.3867,14.9415,0.0309,3.0000,0.0000,3.0000,0,20.6353,91.0734,408.6355,249.8545,158.7810,5.8338,-8.7750,105.6823,405.6943
85.956,2,0,learned,23.7631,168.8463,1.3713,0.2620,1.5657,1.5874,-1.3168,1.4020,1.5000,-0.2280,1.3867,14.8652,0.0307,3.0000,0.0000,3.0000,0,20.6353,182.0514,389.1605,285.6059,103.5545,4.9330,2.0842,184.9003,396.1777
86.006,2,0,learned,23.7631,168.8463,1.3726,0.2620,1.5657,1.5874,1.4395,1.4020,1.5000,-0.2280,1.3867,14.8652,0.0295,3.0000,0.0000,3.0000,0,20.6353,248.3083,295.3633,271.8358,23.5275,5.8375,-8.9573,263.1031,292.2435
86.056,2,0,learned,23.7964,168.9982,1.3757,0.2881,1.5492,1.5758,-1.2795,1.4025,1.5000,-0.2330,1.3867,14.7099,0.0268,3.0000,0.0000,3.0000,0,20.6353,354.8425,282.5748,318.7087,-36.1338,5.0062,1.9098,357.9388,289.4908
86.106,2,0,learned,23.7964,168.9982,1.3771,0.2881,1.5492,1.5758,-1.2830,1.4025,1.5000,-0.2330,1.3867,14.7099,0.0254,3.0000,0.0000,3.0000,0,20.6353,304.2285,298.5302,301.3793,-2.8491,5.0152,1.9285,307.3152,305.4738
86.156,2,0,learned,23.8146,169.0756,1.3818,0.3007,1.5372,1.5663,-1.2745,1.4029,1.5000,-0.2367,1.3867,14.6305,0.0211,3.0000,0.0000,3.0000,0,20.6353,319.9911,362.5225,341.2568,21.2657,5.0783,1.9140,323.1554,369.5148
86.206,2,0,learned,23.8322,169.1484,1.3837,0.3138,1.5329,1.5647,-1.2923,1.4032,1.5000,-0.2407,1.3867,14.5558,0.0195,3.0000,0.0000,3.0000,0,20.6353,361.6982,359.1564,360.4273,-1.2709,5.0989,1.9660,364.8311,366.2214
86.256,2,0,learned,23.8511,169.2256,1.3886,0.3236,1.5234,1.5574,1.4447,1.4036,1.5000,-0.2451,1.3867,14.4765,0.0150,3.0000,0.0000,3.0000,0,20.6353,261.0102,360.9598,310.9850,49.9748,6.0636,-9.0850,276.1589,357.9384
86.306,2,0,learned,23.8692,169.2986,1.3924,0.3345,1.5229,1.5592,1.4600,1.4040,1.5000,-0.2496,1.3867,14.4015,0.0116,3.0000,0.0000,3.0000,0,20.6353,167.6265,470.1342,318.8803,151.2539,6.1150,-9.1443,182.8858,467.1049
86.356,2,0,learned,23.8692,169.2986,1.3958,0.3345,1.5229,1.5592,1.4878,1.4040,1.5000,-0.2496,1.3867,14.4015,0.0082,3.0000,0.0000,3.0000,0,20.6353,266.9105,459.1915,363.0510,96.1405,6.1163,-9.2625,282.2892,456.0453
86.406,2,0,learned,23.8889,169.3765,1.3996,0.3432,1.5179,1.5562,1.4830,1.4045,1.5000,-0.2546,1.3867,14.3214,0.0048,3.0000,0.0000,3.0000,0,20.6353,274.0370,349.1916,311.6143,37.5773,6.1317,-9.2824,289.4511,346.0410
86.457,2,0,learned,23.9078,169.4501,1.4033,0.3536,1.5208,1.5614,-1.2783,1.4049,1.5000,-0.2598,1.3867,14.2457,0.0016,3.0000,0.0000,3.0000,0,20.6353,284.2212,373.9564,329.0888,44.8676,5.2516,1.9070,287.5659,381.1150
86.507,2,0,learned,23.9287,169.5284,1.4085,0.3632,1.5181,1.5609,1.5080,1.4055,1.5000,-0.2660,1.3867,14.1650,-0.0030,3.0000,0.0000,3.0000,0,20.6353,319.7040,351.5040,335.6040,15.9000,6.1761,-9.4331,335.3132,348.2471
86.557,2,0,learned,23.9490,169.6029,1.4116,0.3749,1.5247,1.5701,-1.2703,1.4060,1.5000,-0.2723,1.3867,14.0882,-0.0056,3.0000,0.0000,3.0000,0,20.6353,324.8041,385.6777,355.2409,30.4368,5.2858,1.8691,328.2208,392.8327
86.606,2,0,learned,23.9490,169.6029,1.4162,0.3749,1.5247,1.5701,1.5003,1.4060,1.5000,-0.2723,1.3867,14.0882,-0.0102,3.0000,0.0000,3.0000,0,20.6353,279.6425,294.4605,287.0515,7.4090,6.1738,-9.4461,295.2624,291.1882
86.657,2,0,learned,23.9709,169.6825,1.4207,0.3842,1.5257,1.5734,-1.2732,1.4066,1.5000,-0.2793,1.3867,14.0061,-0.0141,3.0000,0.0000,3.0000,0,20.6353,250.4343,227.0623,238.7483,-11.6860,5.3149,1.8032,253.9461,234.1804
86.707,2,0,learned,23.9919,169.7582,1.4254,0.3948,1.5362,1.5861,1.5000,1.4072,1.5000,-0.2860,1.3867,13.9280,-0.0182,3.0000,0.0000,3.0000,0,20.6353,214.9447,242.1500,228.5474,13.6026,6.1809,-9.5077,230.6333,238.8232
86.757,2,0,learned,24.0144,169.8393,1.4295,0.4024,1.5407,1.5924,1.4810,1.4079,1.5000,-0.2933,1.3867,13.8444,-0.0217,3.0000,0.0000,3.0000,0,20.6353,249.4855,189.0543,219.2699,-30.2156,6.1733,-9.4808,265.1395,185.7469
86.806,2,0,learned,24.0357,169.9156,1.4346,0.4106,1.5505,1.6040,1.4965,1.4085,1.5000,-0.3003,1.3867,13.7656,-0.0261,3.0000,0.0000,3.0000,0,20.6353,262.5484,158.4765,210.5124,-52.0360,6.1658,-9.5745,278.2887,155.0678
86.856,2,0,learned,24.0357,169.9156,1.4386,0.4106,1.5505,1.6040,1.5057,1.4085,1.5000,-0.3003,1.3867,13.7656,-0.0301,3.0000,0.0000,3.0000,0,20.6353,298.9590,185.1750,242.0670,-56.8920,6.1742,-9.6191,314.7523,181.7301
86.907,2,0,learned,24.0582,169.9960,1.4416,0.4153,1.5497,1.6044,-1.3050,1.4092,1.5000,-0.3077,1.3867,13.6826,-0.0324,3.0000,0.0000,3.0000,0,20.6353,322.6661,137.5455,230.1058,-92.5603,5.3288,1.8228,326.1721,144.6970
86.956,2,0,learned,24.0793,170.0711,1.4454,0.4200,1.5528,1.6086,-1.3142,1.4098,1.5000,-0.3147,1.3867,13.6051,-0.0356,3.0000,0.0000,3.0000,0,20.6353,369.2519,145.3650,257.3085,-111.9435,5.3361,1.8455,372.7425,152.5466
87.006,2,0,learned,24.0793,170.0711,1.4493,0.4200,1.5528,1.6086,1.4760,1.4098,1.5000,-0.3147,1.3867,13.6051,-0.0395,3.0000,0.0000,3.0000,0,20.6353,385.6978,150.4576,268.0777,-117.6201,6.1915,-9.5934,401.4827,147.0557
87.056,2,0,learned,24.1013,170.1501,1.4531,0.4207,1.5460,1.6022,-1.3288,1.4105,1.5000,-0.3219,1.3867,13.5236,-0.0426,3.0000,0.0000,3.0000,0,20.6353,459.1929,143.1761,301.1845,-158.0084,5.3707,1.8668,462.6968,150.4136
87.106,2,0,learned,24.1217,170.2238,1.4555,0.4215,1.5440,1.6005,-1.3610,1.4111,1.5000,-0.3284,1.3867,13.4475,-0.0444,3.0000,0.0000,3.0000,0,20.6353,370.3615,208.8779,289.6197,-80.7418,5.4061,2.0066,373.7611,216.2906
87.157,2,0,learned,24.1428,170.3014,1.4585,0.4184,1.5336,1.5897,1.4478,1.4117,1.5000,-0.3350,1.3867,13.3676,-0.0468,3.0000,0.0000,3.0000,0,20.6353,311.8425,198.8854,255.3639,-56.4786,6.3135,-9.5507,327.7067,195.6481
87.206,2,0,learned,24.1428,170.3014,1.4609,0.4184,1.5336,1.5897,-1.3708,1.4117,1.5000,-0.3350,1.3867,13.3676,-0.0491,3.0000,0.0000,3.0000,0,20.6353,259.7718,246.0326,252.9022,-6.8696,5.4795,2.0557,263.1957,253.5678
87.257,2,0,learned,24.1623,170.3742,1.4624,0.4157,1.5304,1.5858,1.4343,1.4123,1.5000,-0.3407,1.3867,13.2926,-0.0501,3.0000,0.0000,3.0000,0,20.6353,334.7754,337.8383,336.3069,1.5314,6.3614,-9.5139,350.6507,334.6859
87.307,2,0,learned,24.1825,170.4512,1.4645,0.4104,1.5202,1.5746,1.4313,1.4129,1.5000,-0.3466,1.3867,13.2134,-0.0516,3.0000,0.0000,3.0000,0,20.6353,336.0304,316.7995,326.4150,-9.6155,6.4074,-9.5230,351.9608,313.6840
87.356,2,0,learned,24.2014,170.5231,1.4655,0.4071,1.5157,1.5694,1.4490,1.4135,1.5000,-0.3520,1.3867,13.1395,-0.0520,3.0000,0.0000,3.0000,0,20.6353,252.5213,337.3516,294.9365,42.4151,6.4534,-9.5915,268.5662,334.2135
87.407,2,0,learned,24.2215,170.5991,1.4664,0.4031,1.5050,1.5581,-1.3945,1.4141,1.5000,-0.3579,1.3867,13.0612,-0.0523,3.0000,0.0000,3.0000,0,20.6353,256.6719,314.7915,285.7317,29.0598,5.6577,2.1882,260.1413,322.6374
87.457,2,0,learned,24.2406,170.6711,1.4676,0.4020,1.5041,1.5569,-1.4173,1.4147,1.5000,-0.3634,1.3867,12.9871,-0.0529,3.0000,0.0000,3.0000,0,20.6353,298.0574,245.1860,271.6217,-26.4357,5.6676,2.2315,301.4934,253.0851
87.507,2,0,learned,24.2406,170.6711,1.4684,0.4020,1.5041,1.5569,1.4385,1.4147,1.5000,-0.3634,1.3867,12.9871,-0.0537,3.0000,0.0000,3.0000,0,20.6353,236.5648,231.9097,234.2372,-2.3275,6.5053,-9.5970,252.6671,228.8181
87.556,2,0,learned,24.2611,170.7478,1.4694,0.4004,1.4982,1.5508,-1.4000,1.4153,1.5000,-0.3695,1.3867,12.9082,-0.0541,3.0000,0.0000,3.0000,0,20.6353,228.0364,241.6658,234.8511,6.8147,5.7225,2.1840,231.5749,249.5723
87.606,2,0,learned,24.2806,170.8203,1.4704,0.4017,1.5004,1.5533,1.4505,1.4159,1.5000,-0.3755,1.3867,12.8336,-0.0544,3.0000,0.0000,3.0000,0,20.6353,201.5839,191.6733,196.6286,-4.9553,6.5496,-9.6767,217.8102,188.5462
87.656,2,0,learned,24.3014,170.8971,1.4716,0.4013,1.4959,1.5488,-1.3833,1.4166,1.5000,-0.3818,1.3867,12.7545,-0.0550,3.0000,0.0000,3.0000,0,20.6353,193.1463,132.1041,162.6252,-30.5211,5.7757,2.0918,196.8303,139.9716
87.706,2,0,learned,24.3014,170.8971,1.4724,0.4013,1.4959,1.5488,-1.4145,1.4166,1.5000,-0.3818,1.3867,12.7545,-0.0557,3.0000,0.0000,3.0000,0,20.6353,133.2793,236.5921,184.9357,51.6564,5.7814,2.2439,136.8168,244.6175
87.756,2,0,learned,24.3211,170.9693,1.4737,0.4030,1.4976,1.5509,1.4440,1.4173,1.5000,-0.3880,1.3867,12.6801,-0.0564,3.0000,0.0000,3.0000,0,20.6353,176.3598,307.0754,241.7176,65.3578,6.6112,-9.6780,192.6489,304.0085
87.806,2,0,learned,24.3420,171.0454,1.4748,0.4026,1.4907,1.5441,-1.4000,1.4180,1.5000,-0.3945,1.3867,12.6017,-0.0568,3.0000,0.0000,3.0000,0,20.6353,93.3179,315.9007,204.6093,111.2914,5.8520,2.2478,96.9221,324.0005
87.856,2,0,learned,24.3616,171.1162,1.4762,0.4040,1.4877,1.5416,1.4530,1.4187,1.5000,-0.4009,1.3867,12.5287,-0.0575,3.0000,0.0000,3.0000,0,20.6353,119.4914,334.3649,226.9281,107.4368,6.6811,-9.7369,135.9094,331.3092
87.906,2,0,learned,24.3827,171.1907,1.4775,0.4044,1.4765,1.5308,-1.3930,1.4195,1.5000,-0.4080,1.3867,12.4519,-0.0581,3.0000,0.0000,3.0000,0,20.6353,73.1990,339.8776,206.5383,133.3393,5.9387,2.2441,76.8936,348.0603
87.956,2,0,learned,24.4030,171.2601,1.4798,0.4080,1.4706,1.5262,-1.3682,1.4202,1.5000,-0.4152,1.3867,12.3802,-0.0596,3.0000,0.0000,3.0000,0,20.6353,117.5817,340.2399,228.9108,111.3291,5.9752,2.1574,121.3995,348.3724
88.006,2,0,learned,24.4030,171.2601,1.4814,0.4080,1.4706,1.5262,-1.3462,1.4202,1.5000,-0.4152,1.3867,12.3802,-0.0611,3.0000,0.0000,3.0000,0,20.6353,203.9716,372.1818,288.0767,84.1051,5.9745,2.0895,207.8566,380.2457
88.056,2,0,learned,24.4250,171.3330,1.4833,0.4109,1.4568,1.5136,1.5245,1.4211,1.5000,-0.4235,1.3867,12.3049,-0.0622,3.0000,0.0000,3.0000,0,20.6353,296.3963,354.1923,325.2943,28.8980,6.8165,-10.0692,313.2820,350.9395
88.106,2,0,learned,24.4462,171.4008,1.4861,0.4170,1.4477,1.5066,-1.3482,1.4220,1.5000,-0.4319,1.3867,12.2347,-0.0641,3.0000,0.0000,3.0000,0,20.6353,258.6184,432.3282,345.4733,86.8549,6.0701,2.1134,262.5751,440.5116
88.157,2,0,learned,24.4462,171.4008,1.4877,0.4170,1.4477,1.5066,1.5435,1.4220,1.5000,-0.4319,1.3867,12.2347,-0.0657,3.0000,0.0000,3.0000,0,20.6353,205.3355,426.7420,316.0387,110.7032,6.8763,-10.1449,222.3567,423.4734
88.206,2,0,learned,24.4690,171.4722,1.4930,0.4215,1.4331,1.4938,1.5477,1.4230,1.5000,-0.4413,1.3867,12.1606,-0.0700,3.0000,0.0000,3.0000,0,20.6353,113.6186,388.8055,251.2121,137.5934,6.9317,-10.1852,130.7355,385.5520
88.256,2,0,learned,24.4908,171.5400,1.4951,0.4278,1.4287,1.4914,1.5610,1.4239,1.5000,-0.4503,1.3867,12.0904,-0.0712,3.0000,0.0000,3.0000,0,20.6353,223.6186,359.8422,291.7304,68.1118,6.9439,-10.2695,240.8320,356.5166
88.306,2,0,learned,24.4908,171.5400,1.4993,0.4278,1.4287,1.4914,-1.3057,1.4239,1.5000,-0.4503,1.3867,12.0904,-0.0754,3.0000,0.0000,3.0000,0,20.6353,332.2242,255.3049,293.7645,-38.4597,6.1586,1.8369,336.5459,263.3004
88.356,2,0,learned,24.5142,171.6123,1.5043,0.4325,1.4210,1.4854,-1.3103,1.4250,1.5000,-0.4601,1.3867,12.0155,-0.0793,3.0000,0.0000,3.0000,0,20.6353,301.6276,299.3846,300.5061,-1.1215,6.2053,1.8609,305.9720,307.4508
88.406,2,0,learned,24.5367,171.6803,1.5062,0.4398,1.4202,1.4867,1.5750,1.4260,1.5000,-0.4698,1.3867,11.9450,-0.0802,3.0000,0.0000,3.0000,0,20.6353,281.0901,208.7191,244.9046,-36.1855,6.9679,-10.4105,298.4685,205.2766
88.456,2,0,learned,24.5606,171.7527,1.5136,0.4437,1.4146,1.4826,1.5635,1.4271,1.5000,-0.4800,1.3867,11.8699,-0.0865,3.0000,0.0000,3.0000,0,20.6353,298.7319,265.1589,281.9454,-16.7865,7.0053,-10.4024,316.1396,261.7619
88.506,2,0,learned,24.5606,171.7527,1.5175,0.4437,1.4146,1.4826,1.5613,1.4271,1.5000,-0.4800,1.3867,11.8699,-0.0903,3.0000,0.0000,3.0000,0,20.6353,309.9344,332.8349,321.3846,11.4503,7.0188,-10.3955,327.3487,329.4583
88.556,2,0,learned,24.5830,171.8215,1.5211,0.4481,1.4185,1.4875,-1.3245,1.4282,1.5000,-0.4894,1.3867,11.7986,-0.0929,3.0000,0.0000,3.0000,0,20.6353,200.1005,302.4814,251.2910,51.1905,6.2797,1.8619,204.5184,310.6230
88.606,2,0,learned,24.6064,171.8951,1.5273,0.4486,1.4180,1.4873,1.5625,1.4293,1.5000,-0.4989,1.3867,11.7224,-0.0980,3.0000,0.0000,3.0000,0,20.6353,197.6428,315.9981,256.8204,59.1777,7.0453,-10.4581,215.1462,312.5853
88.657,2,0,learned,24.6283,171.9654,1.5307,0.4499,1.4271,1.4963,-1.3438,1.4303,1.5000,-0.5076,1.3867,11.6497,-0.1004,3.0000,0.0000,3.0000,0,20.6353,196.3618,209.5110,202.9364,6.5746,6.2906,1.8530,200.7995,217.6546
88.707,2,0,learned,24.6283,171.9654,1.5335,0.4499,1.4271,1.4963,-1.3430,1.4303,1.5000,-0.5076,1.3867,11.6497,-0.1032,3.0000,0.0000,3.0000,0,20.6353,305.7652,144.1549,224.9600,-80.8052,6.2779,1.8016,310.2415,152.2343
88.757,2,0,learned,24.6513,172.0408,1.5399,0.4485,1.4316,1.5003,-1.3473,1.4313,1.5000,-0.5164,1.3867,11.5719,-0.1086,3.0000,0.0000,3.0000,0,20.6353,377.8339,60.2625,219.0482,-158.7857,6.2778,1.7523,382.3595,68.2926
88.806,2,0,learned,24.6729,172.1122,1.5422,0.4489,1.4430,1.5112,1.5677,1.4323,1.5000,-0.5246,1.3867,11.4981,-0.1099,3.0000,0.0000,3.0000,0,20.6353,278.1178,170.1100,224.1139,-54.0039,7.0011,-10.6032,295.7220,166.5079
88.857,2,0,learned,24.6954,172.1880,1.5486,0.4456,1.4459,1.5130,1.5540,1.4334,1.5000,-0.5328,1.3867,11.4199,-0.1153,3.0000,0.0000,3.0000,0,20.6353,388.1178,163.3789,275.7483,-112.3694,7.0035,-10.5999,405.7212,159.7825
88.906,2,0,learned,24.6954,172.1880,1.5513,0.4456,1.4459,1.5130,-1.3853,1.4334,1.5000,-0.5328,1.3867,11.4199,-0.1180,3.0000,0.0000,3.0000,0,20.6353,374.9216,209.5725,292.2471,-82.6745,6.2893,1.9306,379.2803,217.7924
88.957,2,0,learned,24.7158,172.2593,1.5549,0.4416,1.4536,1.5192,-1.3698,1.4343,1.5000,-0.5399,1.3867,11.3466,-0.1206,3.0000,0.0000,3.0000,0,20.6353,332.5513,178.0983,255.3248,-77.2265,6.2989,1.8592,336.9911,186.2564
89.006,2,0,learned,24.7367,172.3347,1.5582,0.4338,1.4530,1.5164,-1.4323,1.4352,1.5000,-0.5466,1.3867,11.2690,-0.1230,3.0000,0.0000,3.0000,0,20.6353,329.8435,154.6983,242.2709,-87.5726,6.3120,2.0547,334.1008,163.0651
89.061,2,0,learned,24.7558,172.4060,1.5611,0.4264,1.4595,1.5205,-1.4283,1.4360,1.5000,-0.5523,1.3867,11.1958,-0.1250,3.0000,0.0000,3.0000,0,20.6353,326.6024,131.6894,229.1459,-97.4565,6.3199,2.0311,330.8913,140.0404
89.107,2,0,learned,24.7558,172.4060,1.5628,0.4264,1.4595,1.5205,-1.4280,1.4360,1.5000,-0.5523,1.3867,11.1958,-0.1268,3.0000,0.0000,3.0000,0,20.6353,353.6983,185.6306,269.6644,-84.0339,6.3223,2.0530,357.9676,194.0058
89.156,2,0,learned,24.7754,172.4816,1.5654,0.4164,1.4582,1.5165,-1.4420,1.4369,1.5000,-0.5577,1.3867,11.1183,-0.1286,3.0000,0.0000,3.0000,0,20.6353,244.5124,190.6449,217.5786,-26.9338,6.3629,2.1124,248.7629,199.1201
89.206,2,0,learned,24.7933,172.5523,1.5662,0.4077,1.4612,1.5171,-1.4407,1.4376,1.5000,-0.5624,1.3867,11.0458,-0.1285,3.0000,0.0000,3.0000,0,20.6353,140.3527,246.5773,193.4650,53.1123,6.3929,2.1553,144.5903,255.1254
89.256,2,0,learned,24.7933,172.5523,1.5677,0.4077,1.4612,1.5171,1.4865,1.4376,1.5000,-0.5624,1.3867,11.0458,-0.1300,3.0000,0.0000,3.0000,0,20.6353,212.8423,215.1110,213.9767,1.1343,7.0737,-10.4490,230.3651,211.7357
89.307,2,0,learned,24.8117,172.6268,1.5689,0.3969,1.4555,1.5087,-1.4527,1.4384,1.5000,-0.5668,1.3867,10.9695,-0.1305,3.0000,0.0000,3.0000,0,20.6353,212.9365,277.0632,244.9998,32.0634,6.4289,2.2176,217.1478,285.7097
89.357,2,0,learned,24.8287,172.6963,1.5696,0.3884,1.4541,1.5051,1.4865,1.4391,1.5000,-0.5708,1.3867,10.8984,-0.1305,3.0000,0.0000,3.0000,0,20.6353,189.3106,328.2588,258.7847,69.4741,7.1513,-10.4482,206.9102,324.9619
89.407,2,0,learned,24.8465,172.7691,1.5703,0.3793,1.4433,1.4923,-1.4507,1.4398,1.5000,-0.5750,1.3867,10.8238,-0.1305,3.0000,0.0000,3.0000,0,20.6353,197.2789,338.7558,268.0173,70.7385,6.5169,2.2746,201.5212,347.5473
89.457,2,0,learned,24.8631,172.8372,1.5713,0.3728,1.4381,1.4857,1.4868,1.4405,1.5000,-0.5789,1.3867,10.7542,-0.1307,3.0000,0.0000,3.0000,0,20.6353,177.8594,329.2709,253.5651,75.7057,7.2298,-10.4591,195.5484,326.0416
89.507,2,0,learned,24.8631,172.8372,1.5727,0.3728,1.4381,1.4857,1.4920,1.4405,1.5000,-0.5789,1.3867,10.7542,-0.1321,3.0000,0.0000,3.0000,0,20.6353,205.7918,360.0016,282.8967,77.1049,7.2353,-10.4796,223.5068,356.7573
89.556,2,0,learned,24.8808,172.9091,1.5734,0.3661,1.4273,1.4735,1.5152,1.4413,1.5000,-0.5831,1.3867,10.6806,-0.1321,3.0000,0.0000,3.0000,0,20.6353,197.8237,396.9031,297.3634,99.5397,7.2914,-10.5600,215.6751,393.6346
89.606,2,0,learned,24.8975,172.9770,1.5740,0.3625,1.4247,1.4701,-1.4367,1.4420,1.5000,-0.5871,1.3867,10.6111,-0.1320,3.0000,0.0000,3.0000,0,20.6353,139.7326,320.5482,230.1404,90.4078,6.6409,2.2511,144.1224,329.4402
89.656,2,0,learned,24.9153,173.0493,1.5753,0.3585,1.4177,1.4624,-1.4163,1.4428,1.5000,-0.5913,1.3867,10.5371,-0.1324,3.0000,0.0000,3.0000,0,20.6353,145.8792,317.4678,231.6735,85.7943,6.6848,2.1901,150.3739,326.3426
89.706,2,0,learned,24.9322,173.1180,1.5785,0.3573,1.4204,1.4646,-1.4090,1.4436,1.5000,-0.5954,1.3867,10.4669,-0.1349,3.0000,0.0000,3.0000,0,20.6353,191.0994,375.2678,283.1836,92.0842,6.6975,2.1978,195.5990,384.1631
89.756,2,0,learned,24.9322,173.1180,1.5797,0.3573,1.4204,1.4646,1.5377,1.4436,1.5000,-0.5954,1.3867,10.4669,-0.1361,3.0000,0.0000,3.0000,0,20.6353,167.0444,297.4874,232.2659,65.2215,7.3407,-10.6906,185.0756,294.1375
89.806,2,0,learned,24.9503,173.1911,1.5838,0.3553,1.4176,1.4614,1.5737,1.4444,1.5000,-0.5998,1.3867,10.3920,-0.1394,3.0000,0.0000,3.0000,0,20.6353,210.7065,261.4841,236.0953,25.3888,7.3602,-10.8433,228.9100,258.0010
89.856,2,0,learned,24.9674,173.2604,1.5853,0.3556,1.4227,1.4665,1.5697,1.4452,1.5000,-0.6039,1.3867,10.3212,-0.1400,3.0000,0.0000,3.0000,0,20.6353,199.1376,244.5250,221.8313,22.6937,7.3537,-10.8473,217.3386,241.0314
89.906,2,0,learned,24.9674,173.2604,1.5887,0.3556,1.4227,1.4665,-1.3787,1.4452,1.5000,-0.6039,1.3867,10.3212,-0.1434,3.0000,0.0000,3.0000,0,20.6353,189.6342,219.9855,204.8098,15.1756,6.7296,1.9931,194.3707,228.7082
89.956,2,0,learned,24.9856,173.3343,1.5924,0.3544,1.4225,1.4660,-1.4042,1.4461,1.5000,-0.6083,1.3867,10.2455,-0.1463,3.0000,0.0000,3.0000,0,20.6353,199.9546,149.4877,174.7211,-25.2334,6.7388,2.0394,204.6539,158.2660
90.006,2,0,learned,25.0025,173.4041,1.5959,0.3539,1.4290,1.4722,-1.3960,1.4469,1.5000,-0.6121,1.3867,10.1741,-0.1491,3.0000,0.0000,3.0000,0,20.6353,207.8776,257.0840,232.4808,24.6032,6.7474,2.0712,212.5537,265.9026
90.056,2,0,learned,25.0201,173.4781,1.5996,0.3509,1.4278,1.4703,1.5668,1.4477,1.5000,-0.6159,1.3867,10.0985,-0.1519,3.0000,0.0000,3.0000,0,20.6353,212.1508,250.7124,231.4316,19.2808,7.3825,-10.9041,230.4374,247.1908
90.107,2,0,learned,25.0363,173.5474,1.6035,0.3483,1.4309,1.4727,-1.3907,1.4485,1.5000,-0.6191,1.3867,10.0278,-0.1550,3.0000,0.0000,3.0000,0,20.6353,241.0009,237.2903,239.1456,-1.8553,6.7796,2.0422,245.7383,246.1121
90.162,2,0,learned,25.0363,173.5474,1.6062,0.3483,1.4309,1.4727,-1.4025,1.4485,1.5000,-0.6191,1.3867,10.0278,-0.1577,3.0000,0.0000,3.0000,0,20.6353,228.4099,192.9151,210.6625,-17.7474,6.7778,2.0479,233.1397,201.7408
90.206,2,0,learned,25.0531,173.6204,1.6108,0.3432,1.4255,1.4662,-1.4113,1.4492,1.5000,-0.6223,1.3867,9.9533,-0.1616,3.0000,0.0000,3.0000,0,20.6353,206.7911,191.8402,199.3157,-7.4755,6.8163,2.0789,211.5286,200.7355
90.256,2,0,learned,25.0686,173.6889,1.6135,0.3391,1.4257,1.4655,-1.4093,1.4500,1.5000,-0.6249,1.3867,9.8835,-0.1635,3.0000,0.0000,3.0000,0,20.6353,194.6800,273.1714,233.9257,39.2457,6.8421,2.1264,199.3957,282.1400
90.307,2,0,learned,25.0846,173.7610,1.6180,0.3328,1.4178,1.4563,-1.4240,1.4507,1.5000,-0.6275,1.3867,9.8100,-0.1673,3.0000,0.0000,3.0000,0,20.6353,171.1459,285.4645,228.3052,57.1593,6.8879,2.1889,175.8449,294.5413
90.357,2,0,learned,25.0846,173.7610,1.6205,0.3328,1.4178,1.4563,-1.4065,1.4507,1.5000,-0.6275,1.3867,9.8100,-0.1699,3.0000,0.0000,3.0000,0,20.6353,199.3271,298.2023,248.7647,49.4376,6.8924,2.1265,204.0930,307.2213
90.406,2,0,learned,25.0993,173.8282,1.6241,0.3275,1.4142,1.4517,1.5882,1.4514,1.5000,-0.6296,1.3867,9.7415,-0.1727,3.0000,0.0000,3.0000,0,20.6353,144.1588,304.8258,224.4923,80.3335,7.5120,-11.0459,162.7168,301.2919
90.457,2,0,learned,25.1147,173.8988,1.6283,0.3212,1.4032,1.4394,1.5890,1.4521,1.5000,-0.6318,1.3867,9.6695,-0.1762,3.0000,0.0000,3.0000,0,20.6353,84.0834,285.1631,184.6232,100.5398,7.5579,-11.0540,102.6952,281.6670
90.507,2,0,learned,25.1291,173.9650,1.6319,0.3169,1.3983,1.4338,-1.3940,1.4527,1.5000,-0.6338,1.3867,9.6021,-0.1792,3.0000,0.0000,3.0000,0,20.6353,124.8951,270.4161,197.6556,72.7605,7.0171,2.0835,129.8286,279.5167
90.557,2,0,learned,25.1442,174.0350,1.6358,0.3118,1.3878,1.4224,-1.4018,1.4535,1.5000,-0.6359,1.3867,9.5308,-0.1824,3.0000,0.0000,3.0000,0,20.6353,133.1669,246.1139,189.6404,56.4735,7.0638,2.1020,138.1288,255.2797
90.606,2,0,learned,25.1585,174.1006,1.6396,0.3088,1.3834,1.4175,-1.4115,1.4541,1.5000,-0.6379,1.3867,9.4640,-0.1854,3.0000,0.0000,3.0000,0,20.6353,169.8731,288.2219,229.0475,59.1744,7.0926,2.1636,174.8020,297.4782
90.657,2,0,learned,25.1585,174.1006,1.6436,0.3088,1.3834,1.4175,1.6150,1.4541,1.5000,-0.6379,1.3867,9.4640,-0.1894,3.0000,0.0000,3.0000,0,20.6353,164.9354,286.9795,225.9575,61.0221,7.6540,-11.1864,183.7758,283.4471
90.706,2,0,learned,25.1736,174.1695,1.6469,0.3051,1.3721,1.4056,1.6360,1.4549,1.5000,-0.6402,1.3867,9.3938,-0.1921,3.0000,0.0000,3.0000,0,20.6353,190.9115,260.5220,225.7167,34.8052,7.6943,-11.2672,209.8730,256.9491
90.756,2,0,learned,25.1877,174.2342,1.6502,0.3030,1.3669,1.4001,-1.3955,1.4556,1.5000,-0.6422,1.3867,9.3279,-0.1946,3.0000,0.0000,3.0000,0,20.6353,229.8237,191.5433,210.6835,-19.1402,7.1698,2.0460,234.9475,200.7591
90.806,2,0,learned,25.2025,174.3027,1.6561,0.2992,1.3571,1.3897,1.6265,1.4563,1.5000,-0.6442,1.3867,9.2582,-0.1998,3.0000,0.0000,3.0000,0,20.6353,253.1682,187.1454,220.1568,-33.0114,7.7437,-11.2725,272.1844,183.6167
90.856,2,0,learned,25.2161,174.3674,1.6620,0.2961,1.3554,1.3874,1.6135,1.4570,1.5000,-0.6457,1.3867,9.1923,-0.2050,3.0000,0.0000,3.0000,0,20.6353,204.7731,200.4303,202.6017,-2.1714,7.7641,-11.2407,223.7779,196.9536
90.906,2,0,learned,25.2161,174.3674,1.6657,0.2961,1.3554,1.3874,1.6265,1.4570,1.5000,-0.6457,1.3867,9.1923,-0.2087,3.0000,0.0000,3.0000,0,20.6353,161.5702,230.7759,196.1731,34.6028,7.7747,-11.2862,180.6311,227.2645
90.956,2,0,learned,25.2300,174.4362,1.6703,0.2904,1.3488,1.3797,-1.4053,1.4576,1.5000,-0.6468,1.3867,9.1224,-0.2127,3.0000,0.0000,3.0000,0,20.6353,216.8279,161.1228,188.9753,-27.8525,7.2818,2.0476,222.0620,170.4522
91.006,2,0,learned,25.2426,174.5011,1.6739,0.2846,1.3493,1.3790,1.6200,1.4582,1.5000,-0.6473,1.3867,9.0565,-0.2157,3.0000,0.0000,3.0000,0,20.6353,239.9763,84.6815,162.3289,-77.6474,7.7885,-11.3085,259.0733,81.1614
91.056,2,0,learned,25.2554,174.5698,1.6794,0.2770,1.3436,1.3719,-1.4335,1.4588,1.5000,-0.6473,1.3867,8.9869,-0.2206,3.0000,0.0000,3.0000,0,20.6353,225.9871,84.7417,155.3644,-70.6227,7.3249,2.1116,231.2004,94.1783
91.107,2,0,learned,25.2670,174.6342,1.6848,0.2701,1.3433,1.3702,-1.4243,1.4593,1.5000,-0.6470,1.3867,8.9215,-0.2255,3.0000,0.0000,3.0000,0,20.6353,328.9294,27.2766,178.1030,-150.8264,7.3353,2.0469,334.2179,36.6588
91.165,2,0,learned,25.2670,174.6342,1.6868,0.2701,1.3433,1.3702,-1.4438,1.4593,1.5000,-0.6470,1.3867,8.9215,-0.2275,3.0000,0.0000,3.0000,0,20.6353,308.1114,71.2733,189.6924,-118.4190,7.3388,2.1342,313.3160,80.7464
91.206,2,0,learned,25.2788,174.7018,1.6908,0.2612,1.3347,1.3600,1.5910,1.4597,1.5000,-0.6461,1.3867,8.8530,-0.2310,3.0000,0.0000,3.0000,0,20.6353,298.8071,117.5490,208.1781,-90.6291,7.8750,-11.2371,317.9192,114.1869
91.256,2,0,learned,25.2892,174.7648,1.6942,0.2523,1.3301,1.3539,-1.4710,1.4601,1.5000,-0.6448,1.3867,8.7893,-0.2341,3.0000,0.0000,3.0000,0,20.6353,203.3962,133.5079,168.4521,-34.9441,7.4254,2.2944,208.5272,143.2278
91.306,2,0,learned,25.2892,174.7648,1.6974,0.2523,1.3301,1.3539,1.5837,1.4601,1.5000,-0.6448,1.3867,8.7893,-0.2373,3.0000,0.0000,3.0000,0,20.6353,188.4818,172.6303,180.5561,-7.9257,7.9165,-11.2059,207.6041,169.3409
91.356,2,0,learned,25.3081,174.8928,1.7009,0.2295,1.3129,1.3328,1.5677,1.4607,1.5000,-0.6400,1.3867,8.6599,-0.2403,3.0000,0.0000,3.0000,0,20.6353,108.8692,185.9352,147.4022,38.5330,7.9968,-11.1239,127.9899,182.8081
91.407,2,0,learned,25.3081,174.8928,1.7021,0.2295,1.3129,1.3328,1.5448,1.4607,1.5000,-0.6400,1.3867,8.6599,-0.2414,3.0000,0.0000,3.0000,0,20.6353,182.0013,214.7440,198.3727,16.3714,7.9980,-11.0491,201.0484,211.6929
91.456,2,0,learned,25.3170,174.9578,1.7042,0.2178,1.3003,1.3184,-1.5010,1.4609,1.5000,-0.6369,1.3867,8.5943,-0.2433,3.0000,0.0000,3.0000,0,20.6353,223.7719,118.3535,171.0627,-52.7092,7.5662,2.4511,228.8870,128.3709
91.506,2,0,learned,25.3252,175.0183,1.7055,0.2081,1.2924,1.3091,1.5833,1.4610,1.5000,-0.6338,1.3867,8.5333,-0.2445,3.0000,0.0000,3.0000,0,20.6353,263.6309,162.6362,213.1336,-50.4973,8.0724,-11.1685,282.8718,159.5402
91.556,2,0,learned,25.3252,175.0183,1.7074,0.2081,1.2924,1.3091,1.5802,1.4610,1.5000,-0.6338,1.3867,8.5333,-0.2464,3.0000,0.0000,3.0000,0,20.6353,280.0290,65.4616,172.7453,-107.2837,8.0556,-11.1805,299.2651,62.3367
91.606,2,0,learned,25.3336,175.0819,1.7087,0.1989,1.2783,1.2936,1.5657,1.4612,1.5000,-0.6304,1.3867,8.4692,-0.2475,3.0000,0.0000,3.0000,0,20.6353,335.2742,65.9989,200.6366,-134.6377,8.1043,-11.1184,354.4970,62.9848
91.657,2,0,learned,25.3411,175.1413,1.7105,0.1906,1.2703,1.2846,1.5517,1.4613,1.5000,-0.6270,1.3867,8.4093,-0.2492,3.0000,0.0000,3.0000,0,20.6353,376.1232,-21.8989,177.1122,-199.0110,8.1195,-11.0773,395.3201,-24.8567
91.706,2,0,learned,25.3485,175.2041,1.7113,0.1808,1.2579,1.2708,1.5393,1.4614,1.5000,-0.6227,1.3867,8.3461,-0.2499,3.0000,0.0000,3.0000,0,20.6353,430.7584,-55.8233,187.4676,-243.2909,8.1573,-11.0249,449.9406,-58.6910
91.756,2,0,learned,25.3547,175.2631,1.7120,0.1706,1.2521,1.2637,-1.5410,1.4613,1.5000,-0.6181,1.3867,8.2867,-0.2506,3.0000,0.0000,3.0000,0,20.6353,415.7103,-35.6000,190.0552,-225.6551,7.7557,2.6304,420.8357,-25.2139
91.806,2,0,learned,25.3547,175.2631,1.7115,0.1706,1.2521,1.2637,-1.5555,1.4613,1.5000,-0.6181,1.3867,8.2867,-0.2502,3.0000,0.0000,3.0000,0,20.6353,381.8628,-60.0058,160.9285,-220.9343,7.7534,2.6643,386.9519,-49.5881
91.856,2,0,learned,25.3605,175.3256,1.7123,0.1586,1.2418,1.2519,-1.5848,1.4612,1.5000,-0.6123,1.3867,8.2240,-0.2511,3.0000,0.0000,3.0000,0,20.6353,324.4043,-53.5417,135.4313,-188.9730,7.8002,2.8023,329.4022,-42.9392
91.907,2,0,learned,25.3647,175.3843,1.7115,0.1445,1.2381,1.2465,1.4605,1.4609,1.5000,-0.6057,1.3867,8.1652,-0.2505,3.0000,0.0000,3.0000,0,20.6353,314.5028,5.3532,159.9280,-154.5748,8.2573,-10.6745,333.4346,2.9359
91.956,2,0,learned,25.3647,175.3843,1.7100,0.1445,1.2381,1.2465,-1.6278,1.4609,1.5000,-0.6057,1.3867,8.1652,-0.2491,3.0000,0.0000,3.0000,0,20.6353,406.7187,3.5558,205.1373,-201.5814,7.8185,3.0327,411.5044,14.4071
92.006,2,0,learned,25.3680,175.4463,1.7062,0.1282,1.2291,1.2357,-1.6475,1.4605,1.5000,-0.5975,1.3867,8.1032,-0.2457,3.0000,0.0000,3.0000,0,20.6353,415.6565,11.8539,213.7552,-201.9013,7.8564,3.1657,420.3471,22.8760
92.056,2,0,learned,25.3701,175.5042,1.7048,0.1114,1.2245,1.2296,-1.6470,1.4600,1.5000,-0.5890,1.3867,8.0454,-0.2448,3.0000,0.0000,3.0000,0,20.6353,405.6742,34.9214,220.2978,-185.3764,7.8877,3.2324,410.3295,46.0415
92.106,2,0,learned,25.3714,175.5653,1.7012,0.0940,1.2145,1.2182,1.4158,1.4593,1.5000,-0.5791,1.3867,7.9846,-0.2419,3.0000,0.0000,3.0000,0,20.6353,323.4468,133.3677,228.4073,-95.0395,8.3751,-10.3755,342.1974,131.3674
92.156,2,0,learned,25.3718,175.6230,1.6967,0.0771,1.2122,1.2146,1.3980,1.4585,1.5000,-0.5690,1.3867,7.9271,-0.2382,3.0000,0.0000,3.0000,0,20.6353,273.2070,214.4703,243.8387,-29.3683,8.4052,-10.2519,291.8641,212.6237
92.206,2,0,learned,25.3718,175.6230,1.6923,0.0771,1.2122,1.2146,1.3840,1.4585,1.5000,-0.5690,1.3867,7.9271,-0.2338,3.0000,0.0000,3.0000,0,20.6353,251.5061,263.3519,257.4290,5.9229,8.4110,-10.1755,270.0925,261.5874
92.257,2,0,learned,25.3717,175.6847,1.6873,0.0609,1.2070,1.2085,-1.7063,1.4576,1.5000,-0.5575,1.3867,7.8659,-0.2296,3.0000,0.0000,3.0000,0,20.6353,229.8320,199.0314,214.4317,-15.4003,7.9899,3.7537,234.0682,210.7750
92.306,2,0,learned,25.3713,175.7434,1.6796,0.0472,1.2102,1.2111,-1.6985,1.4567,1.5000,-0.5464,1.3867,7.8076,-0.2229,3.0000,0.0000,3.0000,0,20.6353,231.4242,160.1109,195.7676,-35.6566,7.9860,3.7787,235.6315,171.8757
92.356,2,0,learned,25.3710,175.8064,1.6764,0.0366,1.2105,1.2111,-1.6983,1.4558,1.5000,-0.5345,1.3867,7.7450,-0.2206,3.0000,0.0000,3.0000,0,20.6353,206.9693,150.2379,178.6036,-28.3657,7.9966,3.8309,211.1350,162.0654
92.406,2,0,learned,25.3710,175.8064,1.6723,0.0366,1.2105,1.2111,-1.6960,1.4558,1.5000,-0.5345,1.3867,7.7450,-0.2165,3.0000,0.0000,3.0000,0,20.6353,186.2561,200.0101,193.1331,6.8770,7.9995,3.8722,190.3834,211.8818
92.456,2,0,learned,25.3709,175.8664,1.6689,0.0289,1.2181,1.2184,-1.6835,1.4548,1.5000,-0.5235,1.3867,7.6855,-0.2141,3.0000,0.0000,3.0000,0,20.6353,102.9568,269.0490,186.0029,83.0461,7.9995,3.9301,107.0262,280.9786
92.506,2,0,learned,25.3709,175.9300,1.6633,0.0231,1.2192,1.2194,-1.6758,1.4539,1.5000,-0.5118,1.3867,7.6223,-0.2094,3.0000,0.0000,3.0000,0,20.6353,133.9084,259.6244,196.7664,62.8580,8.0025,3.9631,137.9478,271.5900
92.556,2,0,learned,25.3709,175.9899,1.6586,0.0187,1.2249,1.2250,1.4470,1.4530,1.5000,-0.5009,1.3867,7.5628,-0.2056,3.0000,0.0000,3.0000,0,20.6353,122.1868,349.6674,235.9271,113.7403,8.4309,-10.1639,140.7816,347.9343
92.606,2,0,learned,25.3709,175.9899,1.6563,0.0187,1.2249,1.2250,-1.6487,1.4530,1.5000,-0.5009,1.3867,7.5628,-0.2033,3.0000,0.0000,3.0000,0,20.6353,94.5566,247.9718,171.2642,76.7076,7.9966,3.9279,98.6252,259.8964
92.657,2,0,learned,25.3712,176.0534,1.6502,0.0158,1.2243,1.2244,-1.6370,1.4520,1.5000,-0.4895,1.3867,7.4997,-0.1982,3.0000,0.0000,3.0000,0,20.6353,107.7334,351.5693,229.6514,121.9179,8.0149,4.0237,111.7247,363.6078
92.706,2,0,learned,25.3716,176.1136,1.6483,0.0145,1.2301,1.2302,-1.6193,1.4511,1.5000,-0.4789,1.3867,7.4399,-0.1972,3.0000,0.0000,3.0000,0,20.6353,100.8630,367.6296,234.2463,133.3833,8.0107,4.0160,104.8577,379.6563
92.756,2,0,learned,25.3716,176.1136,1.6457,0.0145,1.2301,1.2302,-1.6000,1.4511,1.5000,-0.4789,1.3867,7.4399,-0.1946,3.0000,0.0000,3.0000,0,20.6353,142.9449,386.4882,264.7166,121.7716,8.0107,3.9744,146.9813,398.4733
92.806,2,0,learned,25.3724,176.1778,1.6425,0.0148,1.2311,1.2312,-1.5808,1.4502,1.5000,-0.4680,1.3867,7.3761,-0.1924,3.0000,0.0000,3.0000,0,20.6353,82.5213,381.9786,232.2499,149.7287,8.0222,3.9504,86.5931,393.9512
92.856,2,0,learned,25.3737,176.2388,1.6414,0.0172,1.2392,1.2393,-1.5868,1.4493,1.5000,-0.4581,1.3867,7.3153,-0.1921,3.0000,0.0000,3.0000,0,20.6353,123.3093,368.4869,245.8981,122.5888,8.0021,3.9952,127.3162,380.4842
92.906,2,0,learned,25.3737,176.2388,1.6400,0.0172,1.2392,1.2393,1.5745,1.4493,1.5000,-0.4581,1.3867,7.3153,-0.1907,3.0000,0.0000,3.0000,0,20.6353,103.6120,334.3490,218.9805,115.3685,8.4075,-10.5123,122.5318,332.2441
92.956,2,0,learned,25.3757,176.3044,1.6392,0.0215,1.2435,1.2437,-1.5475,1.4485,1.5000,-0.4481,1.3867,7.2500,-0.1906,3.0000,0.0000,3.0000,0,20.6353,142.9317,328.8367,235.8842,92.9525,7.9982,3.8690,147.0609,340.7039
93.006,2,0,learned,25.3784,176.3668,1.6391,0.0281,1.2549,1.2552,1.5822,1.4478,1.5000,-0.4392,1.3867,7.1877,-0.1912,3.0000,0.0000,3.0000,0,20.6353,128.0166,299.4877,213.7522,85.7355,8.3624,-10.5393,146.9183,297.3109
93.056,2,0,learned,25.3818,176.4336,1.6404,0.0358,1.2608,1.2613,1.6102,1.4472,1.5000,-0.4304,1.3867,7.1210,-0.1932,3.0000,0.0000,3.0000,0,20.6353,145.5490,380.4543,263.0017,117.4527,8.3631,-10.6136,164.5257,378.2038
93.106,2,0,learned,25.3856,176.4971,1.6411,0.0443,1.2731,1.2739,1.6233,1.4466,1.5000,-0.4225,1.3867,7.0576,-0.1945,3.0000,0.0000,3.0000,0,20.6353,114.1265,363.3139,238.7202,124.5937,8.3273,-10.6678,133.1215,360.9734
93.156,2,0,learned,25.3856,176.4971,1.6418,0.0443,1.2731,1.2739,-1.5157,1.4466,1.5000,-0.4225,1.3867,7.0576,-0.1953,3.0000,0.0000,3.0000,0,20.6353,77.2644,315.1425,196.2034,118.9391,7.9415,3.7944,81.4114,326.8783
93.206,2,0,learned,25.3900,176.5650,1.6436,0.0523,1.2799,1.2809,-1.4860,1.4460,1.5000,-0.4143,1.3867,6.9896,-0.1976,3.0000,0.0000,3.0000,0,20.6353,142.9961,330.9924,236.9942,93.9981,7.9315,3.7152,147.2124,342.6390
93.256,2,0,learned,25.3944,176.6297,1.6463,0.0604,1.2935,1.2949,-1.4960,1.4455,1.5000,-0.4069,1.3867,6.9248,-0.2008,3.0000,0.0000,3.0000,0,20.6353,244.3377,227.2465,235.7921,-8.5456,7.8824,3.6876,248.5325,238.8166
93.306,2,0,learned,25.3944,176.6297,1.6484,0.0604,1.2935,1.2949,-1.4805,1.4455,1.5000,-0.4069,1.3867,6.9248,-0.2029,3.0000,0.0000,3.0000,0,20.6353,226.1105,236.5002,231.3053,5.1948,7.8878,3.6298,230.3685,248.0177
93.356,2,0,learned,25.3994,176.6987,1.6527,0.0677,1.3000,1.3018,-1.4775,1.4449,1.5000,-0.3992,1.3867,6.8558,-0.2077,3.0000,0.0000,3.0000,0,20.6353,269.0544,268.0742,268.5643,-0.4901,7.8785,3.6465,273.2865,279.5992
93.406,2,0,learned,25.4043,176.7640,1.6544,0.0743,1.3120,1.3141,-1.4900,1.4444,1.5000,-0.3920,1.3867,6.7904,-0.2100,3.0000,0.0000,3.0000,0,20.6353,288.3934,240.9014,264.6474,-23.7460,7.8442,3.6836,292.5540,252.4292
93.456,2,0,learned,25.4043,176.7640,1.6584,0.0743,1.3120,1.3141,1.6987,1.4444,1.5000,-0.3920,1.3867,6.7904,-0.2139,3.0000,0.0000,3.0000,0,20.6353,225.8677,199.2428,212.5553,-13.3124,8.1943,-11.0155,245.0775,196.4216
93.506,2,0,learned,25.4093,176.8334,1.6622,0.0786,1.3167,1.3191,-1.4792,1.4439,1.5000,-0.3842,1.3867,6.7209,-0.2183,3.0000,0.0000,3.0000,0,20.6353,258.7987,173.5668,216.1828,-42.6159,7.8391,3.5907,263.0471,184.9967
93.557,2,0,learned,25.4139,176.8993,1.6642,0.0820,1.3278,1.3303,1.6920,1.4433,1.5000,-0.3766,1.3867,6.6550,-0.2209,3.0000,0.0000,3.0000,0,20.6353,240.3943,220.8772,230.6358,-9.7586,8.1537,-11.0015,259.5496,218.0294
93.606,2,0,learned,25.4186,176.9693,1.6701,0.0840,1.3314,1.3340,1.6945,1.4427,1.5000,-0.3685,1.3867,6.5850,-0.2274,3.0000,0.0000,3.0000,0,20.6353,270.1137,239.5456,254.8297,-15.2840,8.1490,-11.0134,289.2760,236.6813
93.656,2,0,learned,25.4231,177.0350,1.6742,0.0857,1.3390,1.3417,1.6747,1.4421,1.5000,-0.3608,1.3867,6.5192,-0.2321,3.0000,0.0000,3.0000,0,20.6353,230.1935,190.1100,210.1518,-20.0418,8.1209,-10.9707,249.2851,187.2602
93.706,2,0,learned,25.4231,177.0350,1.6761,0.0857,1.3390,1.3417,-1.4990,1.4421,1.5000,-0.3608,1.3867,6.5192,-0.2340,3.0000,0.0000,3.0000,0,20.6353,215.8172,135.0313,175.4243,-40.3930,7.7963,3.6507,219.9627,146.4783
93.756,2,0,learned,25.4278,177.1047,1.6797,0.0865,1.3393,1.3421,1.6687,1.4414,1.5000,-0.3527,1.3867,6.4495,-0.2383,3.0000,0.0000,3.0000,0,20.6353,217.0040,161.3917,189.1978,-27.8061,8.1189,-10.9617,236.0846,158.5489
93.806,2,0,learned,25.4321,177.1704,1.6833,0.0874,1.3453,1.3482,-1.5077,1.4407,1.5000,-0.3449,1.3867,6.3837,-0.2426,3.0000,0.0000,3.0000,0,20.6353,184.8547,115.9775,150.4161,-34.4386,7.7933,3.6930,188.9551,127.4639
93.856,2,0,learned,25.4321,177.1704,1.6866,0.0874,1.3453,1.3482,1.6603,1.4407,1.5000,-0.3449,1.3867,6.3837,-0.2458,3.0000,0.0000,3.0000,0,20.6353,179.9679,61.7845,120.8762,-59.0917,8.0880,-10.9713,199.0272,58.9012
93.906,2,0,learned,25.4367,177.2397,1.6899,0.0874,1.3425,1.3453,-1.5240,1.4400,1.5000,-0.3367,1.3867,6.3145,-0.2499,3.0000,0.0000,3.0000,0,20.6353,233.1484,88.7258,160.9371,-72.2113,7.8070,3.7397,237.2157,100.2725
93.956,2,0,learned,25.4408,177.3043,1.6928,0.0872,1.3434,1.3462,1.6667,1.4393,1.5000,-0.3290,1.3867,6.2499,-0.2535,3.0000,0.0000,3.0000,0,20.6353,184.3414,100.3726,142.3570,-41.9844,8.1044,-10.9729,203.4188,97.5042
94.006,2,0,learned,25.4450,177.3718,1.6972,0.0859,1.3344,1.3371,1.6500,1.4386,1.5000,-0.3207,1.3867,6.1824,-0.2586,3.0000,0.0000,3.0000,0,20.6353,185.1056,113.3466,149.2261,-35.8795,8.1377,-10.9046,204.1479,110.5797
94.056,2,0,learned,25.4487,177.4343,1.6982,0.0840,1.3279,1.3306,1.6350,1.4378,1.5000,-0.3129,1.3867,6.1200,-0.2604,3.0000,0.0000,3.0000,0,20.6353,222.4311,68.9167,145.6739,-76.7572,8.1514,-10.8494,241.4319,66.2188
94.106,2,0,learned,25.4487,177.4343,1.7006,0.0840,1.3279,1.3306,-1.5713,1.4378,1.5000,-0.3129,1.3867,6.1200,-0.2628,3.0000,0.0000,3.0000,0,20.6353,191.2012,25.6950,108.4481,-82.7531,7.8705,3.9113,195.1604,37.4768
94.156,2,0,learned,25.4523,177.4996,1.7026,0.0810,1.3132,1.3157,1.6365,1.4370,1.5000,-0.3045,1.3867,6.0548,-0.2656,3.0000,0.0000,3.0000,0,20.6353,143.9017,16.8291,80.3654,-63.5363,8.1936,-10.8454,162.9407,14.1772
94.207,2,0,learned,25.4554,177.5601,1.7041,0.0780,1.3027,1.3050,1.6248,1.4362,1.5000,-0.2965,1.3867,5.9944,-0.2679,3.0000,0.0000,3.0000,0,20.6353,116.6799,-40.2402,38.2198,-78.4601,8.2194,-10.7968,135.6961,-42.8177
94.256,2,0,learned,25.4586,177.6230,1.7060,0.0747,1.2842,1.2864,1.6280,1.4353,1.5000,-0.2881,1.3867,5.9317,-0.2707,3.0000,0.0000,3.0000,0,20.6353,178.0344,-46.5268,65.7538,-112.2806,8.2773,-10.7802,197.0919,-49.0297
94.306,2,0,learned,25.4616,177.6808,1.7074,0.0721,1.2681,1.2701,-1.6005,1.4345,1.5000,-0.2805,1.3867,5.8740,-0.2730,3.0000,0.0000,3.0000,0,20.6353,196.8576,-30.3984,83.2296,-113.6280,8.0801,4.0935,200.8441,-18.2248
94.356,2,0,learned,25.4616,177.6808,1.7079,0.0721,1.2681,1.2701,-1.5990,1.4345,1.5000,-0.2805,1.3867,5.8740,-0.2734,3.0000,0.0000,3.0000,0,20.6353,211.6001,-14.5586,98.5208,-113.0793,8.0813,4.0992,215.5823,-2.3781
94.406,2,0,learned,25.4648,177.7400,1.7090,0.0702,1.2421,1.2441,1.6070,1.4336,1.5000,-0.2729,1.3867,5.8149,-0.2754,3.0000,0.0000,3.0000,0,20.6353,257.0118,-1.3168,127.8475,-129.1643,8.4177,-10.6344,276.0639,-3.5334
94.456,2,0,learned,25.4677,177.7939,1.7092,0.0681,1.2186,1.2205,-1.6285,1.4328,1.5000,-0.2658,1.3867,5.7611,-0.2764,3.0000,0.0000,3.0000,0,20.6353,240.5012,-106.8625,66.8193,-173.6819,8.2342,4.2052,244.5302,-94.4232
94.506,2,0,learned,25.4704,177.8496,1.7094,0.0648,1.1888,1.1905,1.5820,1.4320,1.5000,-0.2582,1.3867,5.7056,-0.2774,3.0000,0.0000,3.0000,0,20.6353,254.0008,-125.7023,64.1492,-189.8515,8.5649,-10.4926,273.0582,-127.6300
94.556,2,0,learned,25.4726,177.9008,1.7088,0.0611,1.1647,1.1663,1.5720,1.4311,1.5000,-0.2510,1.3867,5.6545,-0.2777,3.0000,0.0000,3.0000,0,20.6353,286.5795,-31.5377,127.5209,-159.0586,8.6552,-10.3896,305.6243,-33.2720
94.606,2,0,learned,25.4726,177.9008,1.7079,0.0611,1.1647,1.1663,-1.6795,1.4311,1.5000,-0.2510,1.3867,5.6545,-0.2768,3.0000,0.0000,3.0000,0,20.6353,279.7058,16.0829,147.8943,-131.8114,8.4162,4.5503,283.5716,29.0494
94.657,2,0,learned,25.4746,177.9538,1.7063,0.0565,1.1354,1.1368,1.5533,1.4301,1.5000,-0.2433,1.3867,5.6018,-0.2762,3.0000,0.0000,3.0000,0,20.6353,215.5602,75.0470,145.3036,-70.2566,8.7644,-10.2364,234.5610,73.5751
94.706,2,0,learned,25.4759,178.0023,1.7044,0.0508,1.1104,1.1116,-1.7195,1.4291,1.5000,-0.2357,1.3867,5.5536,-0.2752,3.0000,0.0000,3.0000,0,20.6353,213.9211,25.1534,119.5372,-94.3839,8.5911,4.7749,217.7374,38.5194
94.756,2,0,learned,25.4767,178.0529,1.7002,0.0436,1.0830,1.0839,-1.6938,1.4280,1.5000,-0.2272,1.3867,5.5034,-0.2722,3.0000,0.0000,3.0000,0,20.6353,264.8940,28.1654,146.5297,-118.3643,8.6783,4.7580,268.8143,41.6017
94.806,2,0,learned,25.4771,178.1003,1.6988,0.0367,1.0638,1.0645,-1.7043,1.4268,1.5000,-0.2190,1.3867,5.4565,-0.2720,3.0000,0.0000,3.0000,0,20.6353,212.2622,10.5053,111.3837,-100.8784,8.7408,4.8187,216.1842,24.0648
94.856,2,0,learned,25.4771,178.1003,1.6954,0.0367,1.0638,1.0645,1.5157,1.4268,1.5000,-0.2190,1.3867,5.4565,-0.2686,3.0000,0.0000,3.0000,0,20.6353,195.5894,70.7599,133.1747,-62.4148,8.9844,-9.9277,214.5016,69.8167
94.907,2,0,learned,25.4776,178.1502,1.6919,0.0312,1.0431,1.0435,1.5212,1.4256,1.5000,-0.2103,1.3867,5.4070,-0.2663,3.0000,0.0000,3.0000,0,20.6353,112.9561,45.2212,79.0886,-33.8675,9.0450,-9.8978,131.8989,44.3684
94.956,2,0,learned,25.4781,178.1971,1.6882,0.0269,1.0299,1.0303,1.5223,1.4244,1.5000,-0.2022,1.3867,5.3605,-0.2638,3.0000,0.0000,3.0000,0,20.6353,118.2089,8.6024,63.4056,-54.8033,9.0788,-9.8657,137.1534,7.8155
95.006,2,0,learned,25.4786,178.2467,1.6842,0.0233,1.0147,1.0149,1.5132,1.4231,1.5000,-0.1936,1.3867,5.3114,-0.2611,3.0000,0.0000,3.0000,0,20.6353,167.9658,17.4030,92.6844,-75.2814,9.1253,-9.7809,186.8721,16.7474
95.056,2,0,learned,25.4791,178.2933,1.6804,0.0208,1.0057,1.0059,1.5005,1.4219,1.5000,-0.1855,1.3867,5.2653,-0.2585,3.0000,0.0000,3.0000,0,20.6353,238.4632,58.1599,148.3115,-90.1516,9.1574,-9.6818,257.3023,57.6354
95.107,2,0,learned,25.4791,178.2933,1.6765,0.0208,1.0057,1.0059,-1.7303,1.4219,1.5000,-0.1855,1.3867,5.2653,-0.2546,3.0000,0.0000,3.0000,0,20.6353,321.6166,17.8880,169.7523,-151.8643,8.9178,5.1368,325.3976,31.9425
95.156,2,0,learned,25.4797,178.3420,1.6707,0.0191,0.9920,0.9922,-1.7368,1.4207,1.5000,-0.1773,1.3867,5.2170,-0.2500,3.0000,0.0000,3.0000,0,20.6353,230.9364,-30.0311,100.4526,-130.4837,8.9585,5.1662,234.7286,-15.9063
95.206,2,0,learned,25.4802,178.3874,1.6695,0.0171,0.9829,0.9830,1.5188,1.4194,1.5000,-0.1694,1.3867,5.1720,-0.2501,3.0000,0.0000,3.0000,0,20.6353,229.4395,-21.5762,103.9316,-125.5078,9.2114,-9.6730,248.3238,-22.0378
95.257,2,0,learned,25.4802,178.4358,1.6642,0.0139,0.9723,0.9724,1.5280,1.4180,1.5000,-0.1606,1.3867,5.1242,-0.2462,3.0000,0.0000,3.0000,0,20.6353,286.8332,-35.5482,125.6425,-161.1907,9.2390,-9.6587,305.7309,-35.9678
95.307,2,0,learned,25.4800,178.4813,1.6599,0.0103,0.9677,0.9678,-1.7598,1.4166,1.5000,-0.1520,1.3867,5.0792,-0.2433,3.0000,0.0000,3.0000,0,20.6353,270.2408,74.4242,172.3325,-97.9083,9.0462,5.4444,273.8427,88.9149
95.356,2,0,learned,25.4800,178.4813,1.6564,0.0103,0.9677,0.9678,-1.7655,1.4166,1.5000,-0.1520,1.3867,5.0792,-0.2398,3.0000,0.0000,3.0000,0,20.6353,254.3498,-14.8490,119.7504,-134.5994,9.0360,5.4100,257.9758,-0.4030
95.406,2,0,learned,25.4795,178.5292,1.6517,0.0062,0.9584,0.9584,1.5172,1.4151,1.5000,-0.1427,1.3867,5.0319,-0.2366,3.0000,0.0000,3.0000,0,20.6353,300.4016,49.0343,174.7179,-125.6836,9.2926,-9.4949,319.1891,48.8320
95.457,2,0,learned,25.4786,178.5742,1.6465,0.0011,0.9539,0.9539,-1.7815,1.4135,1.4963,-0.1336,1.3867,4.9877,-0.2330,3.0000,0.0000,3.0000,0,20.6353,314.1154,-44.8848,134.6153,-179.5001,9.0639,5.5480,317.6312,-30.2729
95.507,2,0,learned,25.4774,178.6217,1.6412,-0.0035,0.9459,0.9459,1.4888,1.4117,1.4823,-0.1238,1.3867,4.9410,-0.2295,3.0000,0.0000,3.0000,0,20.6353,305.0377,-40.7598,132.1389,-172.8987,9.2599,-9.3762,323.6738,-40.8761
95.556,2,0,learned,25.4763,178.6664,1.6342,-0.0075,0.9432,0.9432,1.4960,1.4101,1.4691,-0.1145,1.3867,4.8970,-0.2241,3.0000,0.0000,3.0000,0,20.6353,287.2480,-57.8241,114.7120,-172.5361,9.2228,-9.3949,305.8657,-57.9963
95.607,2,0,learned,25.4763,178.6664,1.6299,-0.0075,0.9432,0.9432,1.5060,1.4101,1.4691,-0.1145,1.3867,4.8970,-0.2199,3.0000,0.0000,3.0000,0,20.6353,280.9350,-61.8126,109.5612,-171.3738,9.2208,-9.4178,299.5737,-62.0096
95.657,2,0,learned,25.4753,178.7138,1.6238,-0.0100,0.9367,0.9368,-1.8117,1.4083,1.4551,-0.1048,1.3867,4.8504,-0.2155,3.0000,0.0000,3.0000,0,20.6353,264.3554,-30.0311,117.1621,-147.1932,8.9837,5.8678,267.4713,-15.1795
95.706,2,0,learned,25.4742,178.7582,1.6192,-0.0122,0.9342,0.9343,1.4820,1.4066,1.4420,-0.0957,1.3867,4.8068,-0.2126,3.0000,0.0000,3.0000,0,20.6353,337.0739,22.2065,179.6402,-157.4337,9.1718,-9.2848,355.5305,22.0934
95.756,2,0,learned,25.4730,178.8048,1.6091,-0.0147,0.9269,0.9270,1.4715,1.4047,1.4283,-0.0859,1.3867,4.7609,-0.2044,3.0000,0.0000,3.0000,0,20.6353,397.3237,20.7181,209.0209,-188.3028,9.1458,-9.2164,415.6858,20.6476
95.806,2,0,learned,25.4730,178.8048,1.6039,-0.0147,0.9269,0.9270,1.4743,1.4047,1.4283,-0.0859,1.3867,4.7609,-0.1992,3.0000,0.0000,3.0000,0,20.6353,401.4106,-72.6367,164.3869,-237.0237,9.1296,-9.2426,419.7829,-72.7497
95.856,2,0,learned,25.4715,178.8486,1.5966,-0.0180,0.9238,0.9240,-1.8538,1.4029,1.4154,-0.0764,1.3867,4.7181,-0.1937,3.0000,0.0000,3.0000,0,20.6353,381.2523,-58.2196,161.5164,-219.7359,8.8789,6.2192,383.9120,-43.1214
95.906,2,0,learned,25.4694,178.8955,1.5873,-0.0222,0.9193,0.9196,-1.8738,1.4008,1.4017,-0.0658,1.3867,4.6722,-0.1865,3.0000,0.0000,3.0000,0,20.6353,378.6309,9.0792,193.8550,-184.7759,8.8504,6.4127,381.0685,24.3422
95.957,2,0,learned,25.4673,178.9404,1.5792,-0.0268,0.9228,0.9232,1.4213,1.3987,1.3885,-0.0555,1.3867,4.6282,-0.1806,3.0000,0.0000,3.0000,0,20.6353,402.7991,66.5965,234.6978,-168.1013,9.0277,-8.9413,420.7681,66.6828
96.006,2,0,learned,25.4646,178.9887,1.5710,-0.0317,0.9241,0.9246,-1.8828,1.3963,1.3743,-0.0440,1.3867,4.5811,-0.1747,3.0000,0.0000,3.0000,0,20.6353,323.1975,-25.3592,148.9191,-174.2784,8.7411,6.5676,325.3710,-10.0506
96.056,2,0,learned,25.4617,179.0350,1.5621,-0.0376,0.9319,0.9326,1.4130,1.3939,1.3608,-0.0327,1.3867,4.5361,-0.1682,3.0000,0.0000,3.0000,0,20.6353,246.3124,61.2392,153.7758,-92.5366,8.9046,-8.8889,264.1059,61.2549
96.106,2,0,learned,25.4617,179.0350,1.5532,-0.0376,0.9319,0.9326,-1.9018,1.3939,1.3608,-0.0327,1.3867,4.5361,-0.1593,3.0000,0.0000,3.0000,0,20.6353,228.8475,48.9110,138.8793,-89.9682,8.6735,6.7916,230.7294,64.3760
96.156,2,0,learned,25.4584,179.0852,1.5438,-0.0425,0.9388,0.9398,1.4053,1.3912,1.3462,-0.0203,1.3867,4.4872,-0.1526,3.0000,0.0000,3.0000,0,20.6353,244.4571,8.1382,126.2976,-118.1595,8.8190,-8.8352,262.1113,8.1219
96.206,2,0,learned,25.4555,179.1334,1.5344,-0.0463,0.9517,0.9528,-1.9060,1.3886,1.3321,-0.0086,1.3867,4.4404,-0.1458,3.0000,0.0000,3.0000,0,20.6353,213.4664,23.7209,118.5937,-94.8727,8.5059,6.9557,215.0165,39.1825
96.256,2,0,learned,25.4526,179.1850,1.5248,-0.0481,0.9599,0.9611,1.4198,1.3858,1.3170,0.0037,1.3867,4.3901,-0.1389,3.0000,0.0000,3.0000,0,20.6353,251.0855,66.6088,158.8471,-92.2383,8.6517,-8.8530,268.5902,66.4075
96.306,2,0,learned,25.4503,179.2339,1.5154,-0.0481,0.9717,0.9729,-1.8978,1.3832,1.3028,0.0150,1.3867,4.3425,-0.1321,3.0000,0.0000,3.0000,0,20.6353,255.4179,54.1063,154.7621,-100.6558,8.3337,7.1211,256.6305,69.5611
96.357,2,0,learned,25.4503,179.2339,1.5059,-0.0481,0.9717,0.9729,1.4198,1.3832,1.3028,0.0150,1.3867,4.3425,-0.1226,3.0000,0.0000,3.0000,0,20.6353,213.5305,5.8510,109.6908,-103.8398,8.5478,-8.8400,230.9183,5.5588
96.406,2,0,learned,25.4481,179.2859,1.4966,-0.0470,0.9772,0.9783,-1.8955,1.3805,1.2876,0.0266,1.3867,4.2919,-0.1161,3.0000,0.0000,3.0000,0,20.6353,199.4660,-37.4637,81.0011,-118.4649,8.2483,7.1590,200.5552,-22.0565
96.456,2,0,learned,25.4462,179.3351,1.4842,-0.0454,0.9869,0.9880,-1.9065,1.3778,1.2732,0.0375,1.3867,4.2439,-0.1063,3.0000,0.0000,3.0000,0,20.6353,199.3559,64.9398,132.1479,-67.2081,8.1658,7.3622,200.1596,80.4678
96.507,2,0,learned,25.4445,179.3876,1.4783,-0.0431,0.9914,0.9923,-1.8915,1.3750,1.2578,0.0488,1.3867,4.1928,-0.1032,3.0000,0.0000,3.0000,0,20.6353,188.1200,147.4716,167.7958,-20.3242,8.1003,7.4443,188.7759,163.0162
96.562,2,0,learned,25.4430,179.4367,1.4661,-0.0407,0.9977,0.9985,-1.8970,1.3724,1.2435,0.0593,1.3867,4.1449,-0.0937,3.0000,0.0000,3.0000,0,20.6353,125.7341,133.0963,129.4152,3.6811,8.0212,7.5347,126.2206,148.6522
96.606,2,0,learned,25.4413,179.4882,1.4588,-0.0391,0.9965,0.9972,1.4578,1.3695,1.2284,0.0704,1.3867,4.0947,-0.0893,3.0000,0.0000,3.0000,0,20.6353,92.9710,154.1441,123.5575,30.5865,8.1923,-8.8697,110.0330,153.4666
96.656,2,0,learned,25.4413,179.4882,1.4484,-0.0391,0.9965,0.9972,-1.8880,1.3695,1.2284,0.0704,1.3867,4.0947,-0.0789,3.0000,0.0000,3.0000,0,20.6353,4.9328,202.9276,103.9302,98.9974,7.9703,7.6703,5.2327,218.5682
96.706,2,0,learned,25.4399,179.5368,1.4430,-0.0368,0.9993,0.9999,-1.8618,1.3668,1.2142,0.0806,1.3867,4.0475,-0.0762,3.0000,0.0000,3.0000,0,20.6353,-14.4546,183.6469,84.5962,99.0508,7.9060,7.6311,-14.1797,199.1840
96.757,2,0,learned,25.4391,179.5879,1.4348,-0.0325,0.9962,0.9968,1.4940,1.3640,1.1993,0.0907,1.3867,3.9975,-0.0708,3.0000,0.0000,3.0000,0,20.6353,75.0062,160.3629,117.6845,42.6783,8.0701,-8.9505,92.0268,159.4825
96.806,2,0,learned,25.4392,179.6356,1.4273,-0.0257,0.9954,0.9958,-1.8248,1.3615,1.1853,0.0994,1.3867,3.9509,-0.0658,3.0000,0.0000,3.0000,0,20.6353,-19.3263,226.2547,103.4642,122.7905,7.8052,7.6790,-19.2001,241.7389
96.856,2,0,learned,25.4392,179.6356,1.4237,-0.0257,0.9954,0.9958,-1.8235,1.3615,1.1853,0.0994,1.3867,3.9509,-0.0622,3.0000,0.0000,3.0000,0,20.6353,0.3602,132.1844,66.2723,65.9121,7.7967,7.6177,0.5392,147.5988
96.906,2,0,learned,25.4402,179.6853,1.4157,-0.0167,0.9875,0.9877,1.5577,1.3591,1.1706,0.1075,1.3867,3.9021,-0.0565,3.0000,0.0000,3.0000,0,20.6353,-17.8429,167.3220,74.7396,92.5825,7.9772,-9.1480,-0.7177,166.1512
96.956,2,0,learned,25.4420,179.7315,1.4112,-0.0058,0.9825,0.9826,-1.7990,1.3571,1.1570,0.1142,1.3867,3.8566,-0.0541,3.0000,0.0000,3.0000,0,20.6353,17.3537,200.1611,108.7574,91.4037,7.7276,7.6966,17.3847,215.5853
97.006,2,0,learned,25.4420,179.7315,1.4064,-0.0058,0.9825,0.9826,-1.7860,1.3571,1.1570,0.1142,1.3867,3.8566,-0.0494,3.0000,0.0000,3.0000,0,20.6353,-26.5149,227.3222,100.4036,126.9186,7.7293,7.6938,-26.4794,242.7452
97.057,2,0,learned,25.4448,179.7795,1.4015,0.0062,0.9708,0.9708,-1.7563,1.3551,1.1427,0.1202,1.3867,3.8090,-0.0464,3.0000,0.0000,3.0000,0,20.6353,-43.6976,229.2667,92.7846,136.4822,7.7119,7.6390,-43.6247,244.6176
97.106,2,0,learned,25.4481,179.8239,1.3995,0.0184,0.9618,0.9620,1.6080,1.3534,1.1295,0.1252,1.3867,3.7649,-0.0461,3.0000,0.0000,3.0000,0,20.6353,-18.4190,195.9895,88.7853,107.2042,7.8868,-9.3099,-1.2223,194.5665
97.156,2,0,learned,25.4481,179.8239,1.3961,0.0184,0.9618,0.9620,-1.7312,1.3534,1.1295,0.1252,1.3867,3.7649,-0.0427,3.0000,0.0000,3.0000,0,20.6353,-12.1233,221.1512,104.5140,116.6372,7.6851,7.5908,-12.0289,236.4271
97.206,2,0,learned,25.4524,179.8704,1.3920,0.0313,0.9482,0.9488,-1.7118,1.3519,1.1156,0.1294,1.3867,3.7186,-0.0401,3.0000,0.0000,3.0000,0,20.6353,-55.2623,224.4152,84.5764,139.8387,7.6741,7.5617,-55.1498,239.6510
97.257,2,0,learned,25.4571,179.9136,1.3919,0.0447,0.9386,0.9397,1.6793,1.3506,1.1026,0.1327,1.3867,3.6754,-0.0413,3.0000,0.0000,3.0000,0,20.6353,-88.7798,195.3669,53.2935,142.0734,7.8417,-9.5685,-71.3696,193.6401
97.306,2,0,learned,25.4627,179.9589,1.3902,0.0574,0.9250,0.9268,1.6873,1.3494,1.0890,0.1355,1.3867,3.6300,-0.0408,3.0000,0.0000,3.0000,0,20.6353,-120.6269,221.9813,50.6772,171.3041,7.8295,-9.5936,-103.2038,220.2172
97.356,2,0,learned,25.4687,180.0010,1.3898,0.0709,0.9152,0.9179,-1.6740,1.3484,1.0763,0.1373,1.3867,3.5877,-0.0413,3.0000,0.0000,3.0000,0,20.6353,-60.2316,206.0844,72.9264,133.1580,7.6146,7.4674,-60.0844,221.1665
97.406,2,0,learned,25.4687,180.0010,1.3897,0.0709,0.9152,0.9179,-1.6640,1.3484,1.0763,0.1373,1.3867,3.5877,-0.0413,3.0000,0.0000,3.0000,0,20.6353,14.4066,230.1435,122.2751,107.8684,7.6142,7.4535,14.5673,245.2112
97.456,2,0,learned,25.4758,180.0446,1.3906,0.0839,0.8998,0.9037,1.7480,1.3476,1.0631,0.1383,1.3867,3.5436,-0.0430,3.0000,0.0000,3.0000,0,20.6353,22.4436,213.7949,118.1193,95.6757,7.7865,-9.8444,40.0746,211.7370
97.507,2,0,learned,25.4831,180.0846,1.3916,0.0977,0.8869,0.8922,-1.6445,1.3472,1.0509,0.1384,1.3867,3.5029,-0.0444,3.0000,0.0000,3.0000,0,20.6353,103.6122,175.9067,139.7594,36.1473,7.5901,7.3578,103.8445,190.8545
97.556,2,0,learned,25.4831,180.0846,1.3937,0.0977,0.8869,0.8922,1.7768,1.3472,1.0509,0.1384,1.3867,3.5029,-0.0465,3.0000,0.0000,3.0000,0,20.6353,118.8441,96.5632,107.7037,-11.1405,7.7531,-10.0242,136.6215,94.2922
97.606,2,0,learned,25.4915,180.1265,1.3961,0.1103,0.8705,0.8775,-1.6130,1.3468,1.0381,0.1379,1.3867,3.4602,-0.0493,3.0000,0.0000,3.0000,0,20.6353,28.2440,54.4179,41.3309,13.0870,7.5864,7.1386,28.6918,69.1429
97.656,2,0,learned,25.5000,180.1656,1.3976,0.1238,0.8593,0.8682,1.7768,1.3467,1.0261,0.1367,1.3867,3.4202,-0.0509,3.0000,0.0000,3.0000,0,20.6353,88.8448,37.8129,63.3289,-25.5159,7.7173,-10.1043,106.6664,35.4260
97.707,2,0,learned,25.5096,180.2068,1.4025,0.1358,0.8458,0.8566,1.8043,1.3468,1.0134,0.1348,1.3867,3.3779,-0.0557,3.0000,0.0000,3.0000,0,20.6353,68.8025,89.3131,79.0578,10.2553,7.7050,-10.2114,86.7188,86.8067
97.756,2,0,learned,25.5189,180.2448,1.4059,0.1474,0.8350,0.8479,1.7795,1.3470,1.0016,0.1326,1.3867,3.3388,-0.0589,3.0000,0.0000,3.0000,0,20.6353,57.3794,80.2808,68.8301,11.4507,7.6819,-10.1693,75.2307,77.7934
97.806,2,0,learned,25.5189,180.2448,1.4075,0.1474,0.8350,0.8479,-1.6258,1.3470,1.0016,0.1326,1.3867,3.3388,-0.0606,3.0000,0.0000,3.0000,0,20.6353,106.0002,89.6008,97.8005,-8.1997,7.5319,7.1850,106.3471,104.3177
97.856,2,0,learned,25.5288,180.2843,1.4108,0.1561,0.8201,0.8348,1.7790,1.3472,0.9894,0.1301,1.3867,3.2980,-0.0635,3.0000,0.0000,3.0000,0,20.6353,110.6580,0.2121,55.4350,-55.2230,7.6617,-10.2377,128.5574,-2.3640
97.906,2,0,learned,25.5381,180.3211,1.4142,0.1637,0.8093,0.8257,-1.6300,1.3475,0.9780,0.1276,1.3867,3.2601,-0.0667,3.0000,0.0000,3.0000,0,20.6353,110.3387,30.9066,70.6226,-39.7161,7.5057,7.1473,110.6972,45.5596
97.957,2,0,learned,25.5381,180.3211,1.4165,0.1637,0.8093,0.8257,-1.6275,1.3475,0.9780,0.1276,1.3867,3.2601,-0.0690,3.0000,0.0000,3.0000,0,20.6353,139.0479,21.5412,80.2946,-58.7534,7.5055,7.1201,139.4333,36.1668
98.006,2,0,learned,25.5479,180.3596,1.4205,0.1686,0.7957,0.8133,-1.6450,1.3478,0.9661,0.1251,1.3867,3.2204,-0.0727,3.0000,0.0000,3.0000,0,20.6353,150.9043,-21.6445,64.6299,-86.2744,7.4954,7.1470,151.2527,-7.0022
98.056,2,0,learned,25.5567,180.3954,1.4219,0.1715,0.7857,0.8042,-1.6458,1.3480,0.9551,0.1230,1.3867,3.1835,-0.0738,3.0000,0.0000,3.0000,0,20.6353,152.5584,-45.7830,53.3877,-99.1707,7.4788,7.1402,152.8971,-31.1640
98.107,2,0,learned,25.5567,180.3954,1.4248,0.1715,0.7857,0.8042,1.7463,1.3480,0.9551,0.1230,1.3867,3.1835,-0.0767,3.0000,0.0000,3.0000,0,20.6353,68.5342,-25.2865,21.6239,-46.9104,7.6127,-10.2383,86.3853,-27.9121
98.156,2,0,learned,25.5655,180.4329,1.4278,0.1712,0.7729,0.7916,-1.6743,1.3481,0.9435,0.1212,1.3867,3.1450,-0.0796,3.0000,0.0000,3.0000,0,20.6353,95.1767,44.1480,69.6623,-25.5143,7.4811,7.3033,95.3545,58.9324
98.212,2,0,learned,25.5735,180.4679,1.4295,0.1702,0.7640,0.7827,1.7228,1.3482,0.9327,0.1197,1.3867,3.1091,-0.0813,3.0000,0.0000,3.0000,0,20.6353,27.3031,91.1982,59.2506,31.9475,7.6034,-10.1398,45.0463,88.6617
98.256,2,0,learned,25.5816,180.5043,1.4317,0.1673,0.7511,0.7695,-1.6907,1.3481,0.9216,0.1184,1.3867,3.0718,-0.0836,3.0000,0.0000,3.0000,0,20.6353,63.2083,110.0679,86.6381,23.4298,7.4710,7.4356,63.2438,124.9745
98.307,2,0,learned,25.5889,180.5378,1.4330,0.1642,0.7406,0.7586,1.7465,1.3480,0.9113,0.1174,1.3867,3.0375,-0.0850,3.0000,0.0000,3.0000,0,20.6353,47.9014,186.6573,117.2794,69.3779,7.6008,-10.1942,65.6963,184.0639
98.356,2,0,learned,25.5889,180.5378,1.4337,0.1642,0.7406,0.7586,-1.6958,1.3480,0.9113,0.1174,1.3867,3.0375,-0.0857,3.0000,0.0000,3.0000,0,20.6353,15.0573,267.1835,141.1204,126.0631,7.4746,7.5838,14.9481,282.2420
98.406,2,0,learned,25.5968,180.5729,1.4358,0.1617,0.7272,0.7450,1.7448,1.3480,0.9005,0.1161,1.3867,3.0016,-0.0878,3.0000,0.0000,3.0000,0,20.6353,3.5973,253.0594,128.3284,124.7311,7.6092,-10.1678,21.3743,250.5008
98.456,2,0,learned,25.6047,180.6056,1.4365,0.1622,0.7184,0.7365,-1.6855,1.3482,0.0000,0.1143,1.3867,2.9679,-0.0883,3.0000,0.0014,3.0000,0,20.6353,-35.5968,242.2607,103.3319,138.9288,2.2899,9.1471,-42.4540,253.6977
98.507,2,0,learned,25.6047,180.6056,1.4380,0.1622,0.7184,0.7365,1.7800,1.3482,0.0000,0.1143,1.3867,2.9679,-0.0898,3.0000,0.0014,3.0000,0,20.6353,0.0000,0.0000,0.0000,0.0000,2.5234,-11.9248,14.4481,-9.4014
98.556,2,0,learned,25.6139,180.6407,1.4413,0.1653,0.7095,0.7285,1.7868,1.3486,0.0000,0.1117,1.3867,2.9317,-0.0927,3.0000,0.0997,3.0000,0,20.6353,0.0000,0.0000,0.0000,0.0000,2.5570,-11.9654,14.5224,-9.4084
98.606,2,0,learned,25.6234,180.6740,1.4421,0.1719,0.7063,0.7269,1.8050,1.3493,0.0000,0.1084,1.3867,2.8971,-0.0929,3.0000,0.0997,3.0000,0,20.6353,0.0000,0.0000,0.0000,0.0000,2.5565,-12.0441,14.6006,-9.4877
98.656,2,0,learned,25.6340,180.7089,1.4463,0.1783,0.6995,0.7219,1.7923,1.3502,0.0000,0.1044,1.3867,2.8607,-0.0961,3.0000,0.2001,3.0000,0,20.6353,0.0000,0.0000,0.0000,0.0000,2.5751,-12.0228,14.5980,-9.4477
98.706,2,0,learned,25.6438,180.7408,1.4475,0.1832,0.6925,0.7164,1.8068,1.3511,0.0000,0.1006,1.3867,2.8274,-0.0964,3.0000,0.2001,3.0000,0,20.6353,0.0000,0.0000,0.0000,0.0000,2.5953,-12.0839,14.6791,-9.4886
98.757,2,0,learned,25.6438,180.7408,1.4504,0.1832,0.6925,0.7164,-1.6663,1.3511,0.0000,0.1006,1.3867,2.8274,-0.0993,3.0000,0.2996,3.0000,0,20.6353,0.0000,0.0000,0.0000,0.0000,2.3983,8.7234,-6.3251,11.1217
98.806,2,0,learned,25.6536,180.7735,1.4530,0.1843,0.6795,0.7041,1.7888,1.3520,0.0000,0.0970,1.3867,2.7934,-0.1011,3.0000,0.2996,3.0000,0,20.6353,0.0000,0.0000,0.0000,0.0000,2.6520,-12.0388,14.6908,-9.3869
98.856,2,0,learned,25.6623,180.8032,1.4552,0.1837,0.6674,0.6922,1.7748,1.3527,0.0000,0.0938,1.3867,2.7625,-0.1025,3.0000,0.3997,3.0000,0,20.6353,0.0000,0.0000,0.0000,0.0000,2.7074,-11.9898,14.6972,-9.2824
98.907,2,0,learned,25.6711,180.8334,1.4584,0.1810,0.6503,0.6750,1.7913,1.3535,0.0000,0.0907,1.3867,2.7311,-0.1049,3.0000,0.3997,3.0000,0,20.6353,0.0000,0.0000,0.0000,0.0000,2.7882,-12.0510,14.8392,-9.2628
98.956,2,0,learned,25.6792,180.8608,1.4611,0.1786,0.6341,0.6588,-1.6753,1.3542,0.0000,0.0877,1.3867,2.7027,-0.1069,3.0000,0.5000,3.0000,0,20.6353,0.0000,0.0000,0.0000,0.0000,2.6920,8.6888,-5.9969,11.3808
99.006,2,0,learned,25.6792,180.8608,1.4635,0.1786,0.6341,0.6588,1.7915,1.3542,0.0000,0.0877,1.3867,2.7027,-0.1093,3.0000,0.5000,3.0000,0,20.6353,0.0000,0.0000,0.0000,0.0000,2.8654,-12.0627,14.9280,-9.1973
99.056,2,0,learned,25.6878,180.8883,1.4661,0.1759,0.6133,0.6380,-1.6800,1.3551,0.0000,0.0843,1.3867,2.6739,-0.1109,3.0000,0.5998,3.0000,0,20.6353,0.0000,0.0000,0.0000,0.0000,2.7983,8.6802,-5.8819,11.4784
99.106,2,0,learned,25.6960,180.9129,1.4672,0.1748,0.5932,0.6185,-1.6735,1.3562,0.0000,0.0808,1.3867,2.6481,-0.1110,3.0000,0.5998,3.0000,0,20.6353,0.0000,0.0000,0.0000,0.0000,2.8972,8.6450,-5.7478,11.5422
99.157,2,0,learned,25.6960,180.9129,1.4696,0.1748,0.5932,0.6185,1.7765,1.3562,0.0000,0.0808,1.3867,2.6481,-0.1135,3.0000,0.6998,3.0000,0,20.6353,0.0000,0.0000,0.0000,0.0000,3.0599,-12.0012,15.0611,-8.9412
99.206,2,0,learned,25.7049,180.9375,1.4724,0.1741,0.5690,0.5951,-1.6805,1.3575,0.0000,0.0765,1.3867,2.6222,-0.1149,3.0000,0.6998,3.0000,0,20.6353,0.0000,0.0000,0.0000,0.0000,3.0159,8.6435,-5.6276,11.6595
99.256,2,0,learned,25.7135,180.9592,1.4742,0.1749,0.5458,0.5731,1.7985,1.3589,0.0000,0.0721,1.3867,2.5992,-0.1152,3.0000,0.7997,3.0000,0,20.6353,0.0000,0.0000,0.0000,0.0000,3.2769,-12.0628,15.3397,-8.7859
99.306,2,0,learned,25.7226,180.9809,1.4768,0.1750,0.5199,0.5485,-1.6863,1.3606,0.0000,0.0671,1.3867,2.5761,-0.1162,3.0000,0.7997,3.0000,0,20.6353,0.0000,0.0000,0.0000,0.0000,3.2488,8.6388,-5.3900,11.8877
99.356,2,0,learned,25.7310,181.0001,1.4792,0.1752,0.4960,0.5260,1.7772,1.3623,0.0000,0.0623,1.3867,2.5555,-0.1169,3.0000,0.8999,3.0000,0,20.6353,0.0000,0.0000,0.0000,0.0000,3.5050,-11.9665,15.4715,-8.4615
99.406,2,0,learned,25.7397,181.0193,1.4817,0.1736,0.4708,0.5018,1.7857,1.3641,0.0000,0.0573,1.3867,2.5349,-0.1177,3.0000,0.8999,3.0000,0,20.6353,0.0000,0.0000,0.0000,0.0000,3.6213,-11.9855,15.6068,-8.3642
99.457,2,0,learned,25.7477,181.0365,1.4840,0.1719,0.4481,0.4800,-1.6920,1.3658,0.0000,0.0526,1.3867,2.5165,-0.1182,3.0000,1.0000,3.0000,0,20.6353,0.0000,0.0000,0.0000,0.0000,3.5903,8.6215,-5.0312,12.2118
99.506,2,0,learned,25.7477,181.0365,1.4860,0.1719,0.4481,0.4800,1.7963,1.3658,0.0000,0.0526,1.3867,2.5165,-0.1202,3.0000,1.0000,3.0000,0,20.6353,0.0000,0.0000,0.0000,0.0000,3.7250,-12.0216,15.7466,-8.2966
99.560,2,0,learned,25.7558,181.0537,1.4882,0.1690,0.4248,0.4572,-1.6850,1.3676,0.0000,0.0477,1.3867,2.4980,-0.1206,3.0000,1.0997,3.0000,0,20.6353,0.0000,0.0000,0.0000,0.0000,3.7043,8.5691,-4.8648,12.2734
99.606,2,0,learned,25.7634,181.0692,1.4901,0.1668,0.4041,0.4372,1.8025,1.3693,0.0000,0.0431,1.3867,2.4813,-0.1208,3.0000,1.0997,3.0000,0,20.6353,0.0000,0.0000,0.0000,0.0000,3.9292,-12.0177,15.9469,-8.0885
99.656,2,0,learned,25.7716,181.0847,1.4923,0.1647,0.3830,0.4169,-1.7012,1.3713,0.0000,0.0380,1.3867,2.4645,-0.1210,3.0000,1.2001,3.0000,0,20.6353,0.0000,0.0000,0.0000,0.0000,3.9023,8.6151,-4.7128,12.5174
99.707,2,0,learned,25.7794,181.0985,1.4939,0.1646,0.3642,0.3996,-1.7185,1.3733,0.0000,0.0327,1.3867,2.4493,-0.1206,3.0000,1.2001,3.0000,0,20.6353,0.0000,0.0000,0.0000,0.0000,3.9861,8.6762,-4.6901,12.6623
99.756,2,0,learned,25.7881,181.1124,1.4977,0.1651,0.3446,0.3821,1.8103,1.3757,0.0000,0.0267,1.3867,2.4341,-0.1220,3.0000,1.3000,3.0000,0,20.6353,0.0000,0.0000,0.0000,0.0000,4.1885,-12.0242,16.2127,-7.8358
99.806,2,0,learned,25.7966,181.1246,1.4994,0.1676,0.3267,0.3672,1.7997,1.3782,0.0000,0.0206,1.3867,2.4204,-0.1212,3.0000,1.3000,3.0000,0,20.6353,0.0000,0.0000,0.0000,0.0000,4.2587,-11.9814,16.2401,-7.7227
99.856,2,0,learned,25.7966,181.1246,1.5014,0.1676,0.3267,0.3672,-1.7035,1.3782,0.0000,0.0206,1.3867,2.4204,-0.1232,3.0000,1.3996,3.0000,0,20.6353,0.0000,0.0000,0.0000,0.0000,4.1435,8.5668,-4.4233,12.7103
99.906,2,0,learned,25.8060,181.1367,1.5036,0.1700,0.3076,0.3515,1.8028,1.3810,0.0000,0.0136,1.3867,2.4068,-0.1226,3.0000,1.3996,3.0000,0,20.6353,0.0000,0.0000,0.0000,0.0000,4.3311,-11.9976,16.3287,-7.6665
99.956,2,0,learned,25.8150,181.1471,1.5061,0.1734,0.2895,0.3374,1.8203,1.3839,0.0000,0.0067,1.3867,2.3949,-0.1222,3.0000,1.5000,3.0000,0,20.6353,0.0000,0.0000,0.0000,0.0000,4.3943,-12.0583,16.4526,-7.6640
100.006,2,0,learned,25.8245,181.1571,1.5079,0.1755,0.2700,0.3220,1.8163,1.3870,0.0000,-0.0009,1.3867,2.3833,-0.1209,3.0000,1.5000,3.0000,0,20.6353,0.0000,0.0000,0.0000,0.0000,4.4658,-12.0379,16.5037,-7.5720
100.056,2,0,learned,25.8336,181.1654,1.5100,0.1781,0.2508,0.3076,-1.7225,1.3902,0.0000,-0.0082,1.3867,2.3735,-0.1199,3.0000,1.5999,3.0000,0,20.6353,0.0000,0.0000,0.0000,0.0000,4.4243,8.5887,-4.1644,13.0131
100.106,2,0,learned,25.8336,181.1654,1.5109,0.1781,0.2508,0.3076,-1.7392,1.3902,0.0000,-0.0082,1.3867,2.3735,-0.1207,3.0000,1.5999,3.0000,0,20.6353,0.0000,0.0000,0.0000,0.0000,4.4243,8.6514,-4.2270,13.0757
100.156,2,0,learned,25.8432,181.1731,1.5150,0.1793,0.2304,0.2919,-1.7223,1.3936,0.0000,-0.0162,1.3867,2.3642,-0.1215,3.0000,1.6998,3.0000,0,20.6353,0.0000,0.0000,0.0000,0.0000,4.4992,8.5595,-4.0603,13.0586
100.206,2,0,learned,25.8522,181.1794,1.5168,0.1812,0.2102,0.2775,1.8197,1.3969,0.0000,-0.0240,1.3867,2.3565,-0.1200,3.0000,1.6998,3.0000,0,20.6353,0.0000,0.0000,0.0000,0.0000,4.6712,-12.0455,16.7167,-7.3743
100.257,2,0,learned,25.8620,181.1847,1.5190,0.1827,0.1888,0.2627,-1.7058,1.4006,0.0000,-0.0327,1.3867,2.3495,-0.1184,3.0000,1.8002,3.0000,0,20.6353,0.0000,0.0000,0.0000,0.0000,4.6352,8.4742,-3.8390,13.1094
100.306,2,0,learned,25.8716,181.1887,1.5215,0.1860,0.1676,0.2504,1.8490,1.4043,0.0000,-0.0413,1.3867,2.3440,-0.1172,3.0000,1.8002,3.0000,0,20.6353,0.0000,0.0000,0.0000,0.0000,4.7931,-12.1387,16.9318,-7.3456
100.356,2,0,learned,25.8716,181.1887,1.5238,0.1860,0.1676,0.2504,-1.7112,1.4043,0.0000,-0.0413,1.3867,2.3440,-0.1194,3.0000,1.8996,3.0000,0,20.6353,0.0000,0.0000,0.0000,0.0000,4.6923,8.4718,-3.7795,13.1641
100.406,2,0,learned,25.8821,181.1918,1.5264,0.1893,0.1458,0.2389,1.8335,1.4085,0.0000,-0.0511,1.3867,2.3392,-0.1178,3.0000,1.8996,3.0000,0,20.6353,0.0000,0.0000,0.0000,0.0000,4.8463,-12.0951,16.9413,-7.2488
100.456,2,0,learned,25.8924,181.1937,1.5287,0.1942,0.1246,0.2307,-1.7103,1.4128,0.0000,-0.0609,1.3867,2.3357,-0.1160,3.0000,1.9996,3.0000,0,20.6353,0.0000,0.0000,0.0000,0.0000,4.7793,8.4494,-3.6701,13.2287
100.507,2,0,learned,25.9036,181.1946,1.5314,0.1987,0.1034,0.2240,1.8262,1.4175,0.0000,-0.0718,1.3867,2.3330,-0.1140,3.0000,1.9996,3.0000,0,20.6353,0.0000,0.0000,0.0000,0.0000,4.9124,-12.0754,16.9878,-7.1631
100.556,2,0,learned,25.9145,181.1947,1.5346,0.2044,0.0829,0.2206,-1.7185,1.4221,0.0000,-0.0825,1.3867,2.3313,-0.1125,3.0000,2.0996,3.0000,0,20.6353,0.0000,0.0000,0.0000,0.0000,4.8200,8.4657,-3.6458,13.2857
100.611,2,0,learned,25.9263,181.1939,1.5373,0.2087,0.0633,0.2181,1.8453,1.4271,0.0000,-0.0942,1.3867,2.3304,-0.1102,3.0000,2.0996,3.0000,0,20.6353,0.0000,0.0000,0.0000,0.0000,4.9339,-12.1583,17.0922,-7.2244
100.656,2,0,learned,25.9263,181.1939,1.5399,0.2087,0.0633,0.2181,-1.7363,1.4271,0.0000,-0.0942,1.3867,2.3304,-0.1128,3.0000,2.2001,3.0000,0,20.6353,0.0000,0.0000,0.0000,0.0000,4.8285,8.5167,-3.6882,13.3452
100.707,2,0,learned,25.9374,181.1924,1.5427,0.2134,0.0446,0.2180,1.8582,1.4319,0.0000,-0.1054,1.3867,2.3303,-0.1108,3.0000,2.2001,3.0000,0,20.6353,0.0000,0.0000,0.0000,0.0000,4.9306,-12.2253,17.1560,-7.2947
100.756,2,0,learned,25.9493,181.1902,1.5446,0.2165,0.0270,0.2182,-1.7178,1.4371,0.0000,-0.1175,1.3867,2.3309,-0.1075,3.0000,2.2998,3.0000,0,20.6353,0.0000,0.0000,0.0000,0.0000,4.8206,8.4404,-3.6198,13.2611
100.806,2,0,learned,25.9606,181.1875,1.5482,0.2201,0.0102,0.2203,1.8488,1.4421,0.0000,-0.1291,1.3867,2.3321,-0.1061,3.0000,2.2998,3.0000,0,20.6353,0.0000,0.0000,0.0000,0.0000,4.9166,-12.2132,17.1299,-7.2966
100.856,2,0,learned,25.9726,181.1838,1.5508,0.2224,-0.0057,0.2225,-1.7285,1.4474,0.0000,-0.1416,1.3867,2.3342,-0.1035,3.0000,2.3996,3.0000,0,20.6353,0.0000,0.0000,0.0000,0.0000,4.7931,8.4762,-3.6831,13.2694
100.906,2,0,learned,25.9726,181.1838,1.5537,0.2224,-0.0057,0.2225,1.8442,1.4474,0.0000,-0.1416,1.3867,2.3342,-0.1064,3.0000,2.3996,3.0000,0,20.6353,0.0000,0.0000,0.0000,0.0000,4.9050,-12.2223,17.1273,-7.3173
100.956,2,0,learned,25.9842,181.1798,1.5557,0.2260,-0.0216,0.2271,-1.7115,1.4525,0.0000,-0.1537,1.3867,2.3369,-0.1032,3.0000,2.5000,3.0000,0,20.6353,0.0000,0.0000,0.0000,0.0000,4.7686,8.3943,-3.6256,13.1629
101.006,2,0,learned,25.9967,181.1747,1.5594,0.2289,-0.0368,0.2319,1.8525,1.4581,0.0000,-0.1669,1.3867,2.3405,-0.1014,3.0000,2.5000,3.0000,0,20.6353,0.0000,0.0000,0.0000,0.0000,4.8563,-12.2785,17.1348,-7.4222
101.056,2,0,learned,26.0088,181.1692,1.5614,0.2334,-0.0521,0.2391,-1.7198,1.4634,0.0000,-0.1798,1.3867,2.3445,-0.0980,3.0000,2.5995,3.0000,0,20.6353,0.0000,0.0000,0.0000,0.0000,4.7031,8.4266,-3.7235,13.1297
101.106,2,0,learned,26.0088,181.1692,1.5628,0.2334,-0.0521,0.2391,-1.7350,1.4634,0.0000,-0.1798,1.3867,2.3445,-0.0993,3.0000,2.5995,3.0000,0,20.6353,0.0000,0.0000,0.0000,0.0000,4.7033,8.4802,-3.7770,13.1835
101.156,2,0,learned,26.0218,181.1628,1.5672,0.2368,-0.0665,0.2460,-1.7395,1.4692,0.0000,-0.1938,1.3867,2.3496,-0.0980,3.0000,2.6997,3.0000,0,20.6353,0.0000,0.0000,0.0000,0.0000,4.6670,8.4883,-3.8214,13.1553
101.206,2,0,learned,26.0342,181.1561,1.5685,0.2414,-0.0810,0.2546,-1.7243,1.4748,0.0000,-0.2072,1.3867,2.3550,-0.0937,3.0000,2.6997,3.0000,0,20.6353,0.0000,0.0000,0.0000,0.0000,4.6214,8.4359,-3.8145,13.0572
101.256,2,0,learned,26.0476,181.1484,1.5730,0.2445,-0.0944,0.2621,-1.7225,1.4807,0.0000,-0.2218,1.3867,2.3614,-0.0922,3.0000,2.7999,3.0000,0,20.6353,0.0000,0.0000,0.0000,0.0000,4.5822,8.4182,-3.8360,13.0004
101.306,2,0,learned,26.0603,181.1407,1.5760,0.2483,-0.1078,0.2707,1.8670,1.4863,0.0000,-0.2356,1.3867,2.3680,-0.0896,3.0000,2.7999,3.0000,0,20.6353,0.0000,0.0000,0.0000,0.0000,4.6616,-12.4266,17.0882,-7.7650
101.356,2,0,learned,26.0603,181.1407,1.5774,0.2483,-0.1078,0.2707,-1.7305,1.4863,0.0000,-0.2356,1.3867,2.3680,-0.0911,3.0000,2.8996,3.0000,0,20.6353,0.0000,0.0000,0.0000,0.0000,4.5370,8.4401,-3.9031,12.9772
101.406,2,0,learned,26.0737,181.1319,1.5801,0.2504,-0.1199,0.2776,-1.7378,1.4923,0.0000,-0.2504,1.3867,2.3757,-0.0878,3.0000,2.8996,3.0000,0,20.6353,0.0000,0.0000,0.0000,0.0000,4.5003,8.4681,-3.9678,12.9684
101.456,2,0,learned,26.0864,181.1233,1.5833,0.2530,-0.1320,0.2853,-1.7350,1.4979,0.0000,-0.2645,1.3867,2.3833,-0.0854,3.0000,2.9997,3.0000,0,20.6353,0.0000,0.0000,0.0000,0.0000,4.4597,8.4531,-3.9934,12.9128
101.506,2,0,learned,26.0864,181.1233,1.5854,0.2530,-0.1320,0.2853,-1.7155,1.4979,0.0000,-0.2645,1.3867,2.3833,-0.0875,3.0000,2.9997,3.0000,0,20.6353,0.0000,0.0000,0.0000,0.0000,4.4607,8.3608,-3.9001,12.8215
101.555,2,0,done,26.0997,181.1136,1.5884,0.2539,-0.1426,0.2912,1.8655,1.5884,0.0000,0.0000,0.0000,0.0000,0.0000,3.0000,0.0000,3.0000,1,20.6353,0.0000,0.0000,0.0000,0.0000,0.0000,0.0000,0.0000,0.0000
101.605,2,0,done,26.1124,181.1042,1.5905,0.2559,-0.1534,0.2983,-1.7263,1.5905,0.0000,0.0000,0.0000,0.0000,0.0000,3.0000,0.0000,3.0000,1,20.6353,0.0000,0.0000,0.0000,0.0000,0.0000,0.0000,0.0000,0.0000
101.655,2,0,done,26.1124,181.1042,1.5936,0.2559,-0.1534,0.2983,1.8762,1.5936,0.0000,0.0000,0.0000,0.0000,0.0000,3.0000,0.0000,3.0000,1,20.6353,0.0000,0.0000,0.0000,0.0000,0.0000,0.0000,0.0000,0.0000
101.705,2,0,done,26.1260,181.0939,1.5972,0.2569,-0.1625,0.3040,-1.7388,1.5972,0.0000,0.0000,0.0000,0.0000,0.0000,3.0000,0.0000,3.0000,1,20.6353,0.0000,0.0000,0.0000,0.0000,0.0000,0.0000,0.0000,0.0000
101.756,2,0,done,26.1389,181.0837,1.5978,0.2595,-0.1722,0.3114,-1.7390,1.5978,0.0000,0.0000,0.0000,0.0000,0.0000,3.0000,0.0000,3.0000,1,20.6353,0.0000,0.0000,0.0000,0.0000,0.0000,0.0000,0.0000,0.0000
101.806,2,0,done,26.1529,181.0726,1.6026,0.2611,-0.1806,0.3175,1.8805,1.6026,0.0000,0.0000,0.0000,0.0000,0.0000,3.0000,0.0000,3.0000,1,20.6353,0.0000,0.0000,0.0000,0.0000,0.0000,0.0000,0.0000,0.0000
101.855,2,0,done,26.1661,181.0617,1.6055,0.2642,-0.1898,0.3253,1.8793,1.6055,0.0000,0.0000,0.0000,0.0000,0.0000,3.0000,0.0000,3.0000,1,20.6353,0.0000,0.0000,0.0000,0.0000,0.0000,0.0000,0.0000,0.0000
101.906,2,0,done,26.1661,181.0617,1.6069,0.2642,-0.1898,0.3253,-1.7523,1.6069,0.0000,0.0000,0.0000,0.0000,0.0000,3.0000,0.0000,3.0000,1,20.6353,0.0000,0.0000,0.0000,0.0000,0.0000,0.0000,0.0000,0.0000
101.956,2,0,done,26.1804,181.0497,1.6097,0.2661,-0.1981,0.3317,-1.7230,1.6097,0.0000,0.0000,0.0000,0.0000,0.0000,3.0000,0.0000,3.0000,1,20.6353,0.0000,0.0000,0.0000,0.0000,0.0000,0.0000,0.0000,0.0000
102.005,2,0,done,26.1939,181.0379,1.6129,0.2692,-0.2077,0.3400,-1.7460,1.6129,0.0000,0.0000,0.0000,0.0000,0.0000,3.0000,0.0000,3.0000,1,20.6353,0.0000,0.0000,0.0000,0.0000,0.0000,0.0000,0.0000,0.0000
102.055,2,0,done,26.1939,181.0379,1.6158,0.2692,-0.2077,0.3400,1.9010,1.6158,0.0000,0.0000,0.0000,0.0000,0.0000,3.0000,0.0000,3.0000,1,20.6353,0.0000,0.0000,0.0000,0.0000,0.0000,0.0000,0.0000,0.0000
102.106,2,0,done,26.2220,181.0121,1.6204,0.2737,-0.2262,0.3551,-1.7440,1.6204,0.0000,0.0000,0.0000,0.0000,0.0000,3.0000,0.0000,3.0000,1,20.6353,0.0000,0.0000,0.0000,0.0000,0.0000,0.0000,0.0000,0.0000
102.156,2,0,done,26.2220,181.0121,1.6219,0.2737,-0.2262,0.3551,1.8922,1.6219,0.0000,0.0000,0.0000,0.0000,0.0000,3.0000,0.0000,3.0000,1,20.6353,0.0000,0.0000,0.0000,0.0000,0.0000,0.0000,0.0000,0.0000
102.206,2,0,done,26.2365,180.9981,1.6267,0.2749,-0.2349,0.3616,1.9045,1.6267,0.0000,0.0000,0.0000,0.0000,0.0000,3.0000,0.0000,3.0000,1,20.6353,0.0000,0.0000,0.0000,0.0000,0.0000,0.0000,0.0000,0.0000
102.256,2,0,done,26.2503,180.9844,1.6280,0.2773,-0.2447,0.3698,1.8987,1.6280,0.0000,0.0000,0.0000,0.0000,0.0000,3.0000,0.0000,3.0000,1,20.6353,0.0000,0.0000,0.0000,0.0000,0.0000,0.0000,0.0000,0.0000
102.305,2,0,done,26.2503,180.9844,1.6312,0.2773,-0.2447,0.3698,-1.7575,1.6312,0.0000,0.0000,0.0000,0.0000,0.0000,3.0000,0.0000,3.0000,1,20.6353,0.0000,0.0000,0.0000,0.0000,0.0000,0.0000,0.0000,0.0000
102.355,2,0,done,26.2789,180.9551,1.6358,0.2807,-0.2624,0.3842,1.8935,1.6358,0.0000,0.0000,0.0000,0.0000,0.0000,3.0000,0.0000,3.0000,1,20.6353,0.0000,0.0000,0.0000,0.0000,0.0000,0.0000,0.0000,0.0000
102.406,2,0,done,26.2789,180.9551,1.6373,0.2807,-0.2624,0.3842,-1.7617,1.6373,0.0000,0.0000,0.0000,0.0000,0.0000,3.0000,0.0000,3.0000,1,20.6353,0.0000,0.0000,0.0000,0.0000,0.0000,0.0000,0.0000,0.0000
102.455,2,0,done,26.2938,180.9395,1.6402,0.2818,-0.2700,0.3903,1.9087,1.6402,0.0000,0.0000,0.0000,0.0000,0.0000,3.0000,0.0000,3.0000,1,20.6353,0.0000,0.0000,0.0000,0.0000,0.0000,0.0000,0.0000,0.0000
102.505,2,0,done,26.3079,180.9245,1.6434,0.2843,-0.2788,0.3982,-1.7743,1.6434,0.0000,0.0000,0.0000,0.0000,0.0000,3.0000,0.0000,3.0000,1,20.6353,0.0000,0.0000,0.0000,0.0000,0.0000,0.0000,0.0000,0.0000
102.556,2,0,done,26.3079,180.9245,1.6448,0.2843,-0.2788,0.3982,-1.7625,1.6448,0.0000,0.0000,0.0000,0.0000,0.0000,3.0000,0.0000,3.0000,1,20.6353,0.0000,0.0000,0.0000,0.0000,0.0000,0.0000,0.0000,0.0000
102.605,2,0,done,26.3230,180.9082,1.6495,0.2854,-0.2857,0.4038,-1.7392,1.6495,0.0000,0.0000,0.0000,0.0000,0.0000,3.0000,0.0000,3.0000,1,20.6353,0.0000,0.0000,0.0000,0.0000,0.0000,0.0000,0.0000,0.0000
102.655,2,0,done,26.3373,180.8924,1.6517,0.2879,-0.2940,0.4115,-1.7637,1.6517,0.0000,0.0000,0.0000,0.0000,0.0000,3.0000,0.0000,3.0000,1,20.6353,0.0000,0.0000,0.0000,0.0000,0.0000,0.0000,0.0000,0.0000
102.706,2,0,done,26.3526,180.8754,1.6557,0.2890,-0.3009,0.4172,-1.7545,1.6557,0.0000,0.0000,0.0000,0.0000,0.0000,3.0000,0.0000,3.0000,1,20.6353,0.0000,0.0000,0.0000,0.0000,0.0000,0.0000,0.0000,0.0000
102.755,2,0,done,26.3670,180.8589,1.6588,0.2914,-0.3091,0.4248,1.9053,1.6588,0.0000,0.0000,0.0000,0.0000,0.0000,3.0000,0.0000,3.0000,1,20.6353,0.0000,0.0000,0.0000,0.0000,0.0000,0.0000,0.0000,0.0000
102.805,2,0,done,26.3670,180.8589,1.6613,0.2914,-0.3091,0.4248,1.9278,1.6613,0.0000,0.0000,0.0000,0.0000,0.0000,3.0000,0.0000,3.0000,1,20.6353,0.0000,0.0000,0.0000,0.0000,0.0000,0.0000,0.0000,0.0000
102.855,2,0,done,26.3824,180.8412,1.6651,0.2923,-0.3155,0.4301,1.9085,1.6651,0.0000,0.0000,0.0000,0.0000,0.0000,3.0000,0.0000,3.0000,1,20.6353,0.0000,0.0000,0.0000,0.0000,0.0000,0.0000,0.0000,0.0000
102.905,2,0,done,26.3970,180.8242,1.6676,0.2946,-0.3233,0.4374,1.9150,1.6676,0.0000,0.0000,0.0000,0.0000,0.0000,3.0000,0.0000,3.0000,1,20.6353,0.0000,0.0000,0.0000,0.0000,0.0000,0.0000,0.0000,0.0000
102.955,2,0,done,26.4125,180.8059,1.6715,0.2954,-0.3290,0.4421,1.9133,1.6715,0.0000,0.0000,0.0000,0.0000,0.0000,3.0000,0.0000,3.0000,1,20.6353,0.0000,0.0000,0.0000,0.0000,0.0000,0.0000,0.0000,0.0000
103.005,2,0,done,26.4272,180.7885,1.6749,0.2974,-0.3359,0.4486,-1.7728,1.6749,0.0000,0.0000,0.0000,0.0000,0.0000,3.0000,0.0000,3.0000,1,20.6353,0.0000,0.0000,0.0000,0.0000,0.0000,0.0000,0.0000,0.0000
103.055,2,0,done,26.4272,180.7885,1.6772,0.2974,-0.3359,0.4486,-1.7637,1.6772,0.0000,0.0000,0.0000,0.0000,0.0000,3.0000,0.0000,3.0000,1,20.6353,0.0000,0.0000,0.0000,0.0000,0.0000,0.0000,0.0000,0.0000
103.106,2,0,done,26.4428,180.7697,1.6814,0.2979,-0.3408,0.4527,-1.7592,1.6814,0.0000,0.0000,0.0000,0.0000,0.0000,3.0000,0.0000,3.0000,1,20.6353,0.0000,0.0000,0.0000,0.0000,0.0000,0.0000,0.0000,0.0000
103.156,2,0,done,26.4575,180.7518,1.6837,0.2998,-0.3473,0.4589,-1.7715,1.6837,0.0000,0.0000,0.0000,0.0000,0.0000,3.0000,0.0000,3.0000,1,20.6353,0.0000,0.0000,0.0000,0.0000,0.0000,0.0000,0.0000,0.0000
103.205,2,0,done,26.4732,180.7325,1.6879,0.3003,-0.3522,0.4628,-1.7657,1.6879,0.0000,0.0000,0.0000,0.0000,0.0000,3.0000,0.0000,3.0000,1,20.6353,0.0000,0.0000,0.0000,0.0000,0.0000,0.0000,0.0000,0.0000
103.255,2,0,done,26.4881,180.7140,1.6911,0.3021,-0.3587,0.4689,1.9160,1.6911,0.0000,0.0000,0.0000,0.0000,0.0000,3.0000,0.0000,3.0000,1,20.6353,0.0000,0.0000,0.0000,0.0000,0.0000,0.0000,0.0000,0.0000
103.306,2,0,done,26.4881,180.7140,1.6946,0.3021,-0.3587,0.4689,-1.7853,1.6946,0.0000,0.0000,0.0000,0.0000,0.0000,3.0000,0.0000,3.0000,1,20.6353,0.0000,0.0000,0.0000,0.0000,0.0000,0.0000,0.0000,0.0000
103.355,2,0,done,26.5038,180.6941,1.6978,0.3022,-0.3633,0.4726,1.9225,1.6978,0.0000,0.0000,0.0000,0.0000,0.0000,3.0000,0.0000,3.0000,1,20.6353,0.0000,0.0000,0.0000,0.0000,0.0000,0.0000,0.0000,0.0000
103.406,2,0,done,26.5187,180.6752,1.7012,0.3036,-0.3697,0.4784,-1.7700,1.7012,0.0000,0.0000,0.0000,0.0000,0.0000,3.0000,0.0000,3.0000,1,20.6353,0.0000,0.0000,0.0000,0.0000,0.0000,0.0000,0.0000,0.0000
103.455,2,0,done,26.5344,180.6548,1.7045,0.3034,-0.3743,0.4818,1.9345,1.7045,0.0000,0.0000,0.0000,0.0000,0.0000,3.0000,0.0000,3.0000,1,20.6353,0.0000,0.0000,0.0000,0.0000,0.0000,0.0000,0.0000,0.0000
103.505,2,0,done,26.5492,180.6353,1.7080,0.3045,-0.3804,0.4873,-1.7703,1.7080,0.0000,0.0000,0.0000,0.0000,0.0000,3.0000,0.0000,3.0000,1,20.6353,0.0000,0.0000,0.0000,0.0000,0.0000,0.0000,0.0000,0.0000
103.555,2,0,done,26.5649,180.6145,1.7112,0.3041,-0.3844,0.4902,-1.7723,1.7112,0.0000,0.0000,0.0000,0.0000,0.0000,3.0000,0.0000,3.0000,1,20.6353,0.0000,0.0000,0.0000,0.0000,0.0000,0.0000,0.0000,0.0000
103.605,2,0,done,26.5649,180.6145,1.7147,0.3041,-0.3844,0.4902,-1.7692,1.7147,0.0000,0.0000,0.0000,0.0000,0.0000,3.0000,0.0000,3.0000,1,20.6353,0.0000,0.0000,0.0000,0.0000,0.0000,0.0000,0.0000,0.0000
103.656,2,0,done,26.5798,180.5947,1.7180,0.3050,-0.3901,0.4952,1.9358,1.7180,0.0000,0.0000,0.0000,0.0000,0.0000,3.0000,0.0000,3.0000,1,20.6353,0.0000,0.0000,0.0000,0.0000,0.0000,0.0000,0.0000,0.0000
103.705,2,0,done,26.5955,180.5734,1.7233,0.3045,-0.3939,0.4979,1.9350,1.7233,0.0000,0.0000,0.0000,0.0000,0.0000,3.0000,0.0000,3.0000,1,20.6353,0.0000,0.0000,0.0000,0.0000,0.0000,0.0000,0.0000,0.0000
103.755,2,0,done,26.6103,180.5531,1.7249,0.3055,-0.3996,0.5029,1.9407,1.7249,0.0000,0.0000,0.0000,0.0000,0.0000,3.0000,0.0000,3.0000,1,20.6353,0.0000,0.0000,0.0000,0.0000,0.0000,0.0000,0.0000,0.0000
103.805,2,0,done,26.6103,180.5531,1.7285,0.3055,-0.3996,0.5029,-1.7703,1.7285,0.0000,0.0000,0.0000,0.0000,0.0000,3.0000,0.0000,3.0000,1,20.6353,0.0000,0.0000,0.0000,0.0000,0.0000,0.0000,0.0000,0.0000
103.855,2,0,done,26.6261,180.5315,1.7318,0.3049,-0.4031,0.5054,1.9425,1.7318,0.0000,0.0000,0.0000,0.0000,0.0000,3.0000,0.0000,3.0000,1,20.6353,0.0000,0.0000,0.0000,0.0000,0.0000,0.0000,0.0000,0.0000
103.906,2,0,done,26.6409,180.5108,1.7354,0.3055,-0.4083,0.5100,-1.7745,1.7354,0.0000,0.0000,0.0000,0.0000,0.0000,3.0000,0.0000,3.0000,1,20.6353,0.0000,0.0000,0.0000,0.0000,0.0000,0.0000,0.0000,0.0000
103.955,2,0,done,26.6565,180.4888,1.7388,0.3046,-0.4116,0.5121,1.9427,1.7388,0.0000,0.0000,0.0000,0.0000,0.0000,3.0000,0.0000,3.0000,1,20.6353,0.0000,0.0000,0.0000,0.0000,0.0000,0.0000,0.0000,0.0000
104.005,2,0,done,26.6713,180.4677,1.7425,0.3052,-0.4172,0.5169,-1.7883,1.7425,0.0000,0.0000,0.0000,0.0000,0.0000,3.0000,0.0000,3.0000,1,20.6353,0.0000,0.0000,0.0000,0.0000,0.0000,0.0000,0.0000,0.0000
104.056,2,0,done,26.6869,180.4449,1.7459,0.3044,-0.4212,0.5197,1.9587,1.7459,0.0000,0.0000,0.0000,0.0000,0.0000,3.0000,0.0000,3.0000,1,20.6353,0.0000,0.0000,0.0000,0.0000,0.0000,0.0000,0.0000,0.0000
104.106,2,0,done,26.6869,180.4449,1.7496,0.3044,-0.4212,0.5197,-1.7855,1.7496,0.0000,0.0000,0.0000,0.0000,0.0000,3.0000,0.0000,3.0000,1,20.6353,0.0000,0.0000,0.0000,0.0000,0.0000,0.0000,0.0000,0.0000
104.156,2,0,done,26.7017,180.4232,1.7522,0.3051,-0.4276,0.5253,-1.7800,1.7522,0.0000,0.0000,0.0000,0.0000,0.0000,3.0000,0.0000,3.0000,1,20.6353,0.0000,0.0000,0.0000,0.0000,0.0000,0.0000,0.0000,0.0000
104.205,2,0,done,26.7174,180.3997,1.7569,0.3046,-0.4325,0.5290,-1.7757,1.7569,0.0000,0.0000,0.0000,0.0000,0.0000,3.0000,0.0000,3.0000,1,20.6353,0.0000,0.0000,0.0000,0.0000,0.0000,0.0000,0.0000,0.0000
104.255,2,0,done,26.7324,180.3771,1.7605,0.3058,-0.4400,0.5358,1.9710,1.7605,0.0000,0.0000,0.0000,0.0000,0.0000,3.0000,0.0000,3.0000,1,20.6353,0.0000,0.0000,0.0000,0.0000,0.0000,0.0000,0.0000,0.0000
104.306,2,0,done,26.7324,180.3771,1.7634,0.3058,-0.4400,0.5358,1.9513,1.7634,0.0000,0.0000,0.0000,0.0000,0.0000,3.0000,0.0000,3.0000,1,20.6353,0.0000,0.0000,0.0000,0.0000,0.0000,0.0000,0.0000,0.0000
104.355,2,0,done,26.7482,180.3528,1.7680,0.3057,-0.4457,0.5404,1.9743,1.7680,0.0000,0.0000,0.0000,0.0000,0.0000,3.0000,0.0000,3.0000,1,20.6353,0.0000,0.0000,0.0000,0.0000,0.0000,0.0000,0.0000,0.0000
104.406,2,0,done,26.7632,180.3295,1.7710,0.3071,-0.4536,0.5477,1.9578,1.7710,0.0000,0.0000,0.0000,0.0000,0.0000,3.0000,0.0000,3.0000,1,20.6353,0.0000,0.0000,0.0000,0.0000,0.0000,0.0000,0.0000,0.0000
104.456,2,0,done,26.7792,180.3044,1.7756,0.3069,-0.4591,0.5523,1.9712,1.7756,0.0000,0.0000,0.0000,0.0000,0.0000,3.0000,0.0000,3.0000,1,20.6353,0.0000,0.0000,0.0000,0.0000,0.0000,0.0000,0.0000,0.0000
104.505,2,0,done,26.7942,180.2805,1.7796,0.3081,-0.4669,0.5594,-1.7823,1.7796,0.0000,0.0000,0.0000,0.0000,0.0000,3.0000,0.0000,3.0000,1,20.6353,0.0000,0.0000,0.0000,0.0000,0.0000,0.0000,0.0000,0.0000
104.556,2,0,done,26.7942,180.2805,1.7824,0.3081,-0.4669,0.5594,-1.7835,1.7824,0.0000,0.0000,0.0000,0.0000,0.0000,3.0000,0.0000,3.0000,1,20.6353,0.0000,0.0000,0.0000,0.0000,0.0000,0.0000,0.0000,0.0000
104.605,2,0,done,26.8101,180.2549,1.7874,0.3076,-0.4720,0.5634,-1.7870,1.7874,0.0000,0.0000,0.0000,0.0000,0.0000,3.0000,0.0000,3.0000,1,20.6353,0.0000,0.0000,0.0000,0.0000,0.0000,0.0000,0.0000,0.0000
104.655,2,0,done,26.8250,180.2305,1.7902,0.3083,-0.4793,0.5699,-1.7790,1.7902,0.0000,0.0000,0.0000,0.0000,0.0000,3.0000,0.0000,3.0000,1,20.6353,0.0000,0.0000,0.0000,0.0000,0.0000,0.0000,0.0000,0.0000
104.706,2,0,done,26.8408,180.2043,1.7942,0.3074,-0.4843,0.5737,1.9863,1.7942,0.0000,0.0000,0.0000,0.0000,0.0000,3.0000,0.0000,3.0000,1,20.6353,0.0000,0.0000,0.0000,0.0000,0.0000,0.0000,0.0000,0.0000
104.755,2,0,done,26.8557,180.1792,1.7992,0.3081,-0.4919,0.5804,-1.7817,1.7992,0.0000,0.0000,0.0000,0.0000,0.0000,3.0000,0.0000,3.0000,1,20.6353,0.0000,0.0000,0.0000,0.0000,0.0000,0.0000,0.0000,0.0000
104.805,2,0,done,26.8557,180.1792,1.8031,0.3081,-0.4919,0.5804,-1.7853,1.8031,0.0000,0.0000,0.0000,0.0000,0.0000,3.0000,0.0000,3.0000,1,20.6353,0.0000,0.0000,0.0000,0.0000,0.0000,0.0000,0.0000,0.0000
104.855,2,0,done,26.8716,180.1522,1.8072,0.3075,-0.4973,0.5847,-1.7783,1.8072,0.0000,0.0000,0.0000,0.0000,0.0000,3.0000,0.0000,3.0000,1,20.6353,0.0000,0.0000,0.0000,0.0000,0.0000,0.0000,0.0000,0.0000
104.906,2,0,done,26.8866,180.1264,1.8132,0.3085,-0.5053,0.5920,1.9872,1.8132,0.0000,0.0000,0.0000,0.0000,0.0000,3.0000,0.0000,3.0000,1,20.6353,0.0000,0.0000,0.0000,0.0000,0.0000,0.0000,0.0000,0.0000
104.955,2,0,done,26.9026,180.0986,1.8154,0.3084,-0.5112,0.5970,-1.7905,1.8154,0.0000,0.0000,0.0000,0.0000,0.0000,3.0000,0.0000,3.0000,1,20.6353,0.0000,0.0000,0.0000,0.0000,0.0000,0.0000,0.0000,0.0000
105.005,2,0,done,26.9178,180.0721,1.8215,0.3100,-0.5197,0.6051,-1.7870,1.8215,0.0000,0.0000,0.0000,0.0000,0.0000,3.0000,0.0000,3.0000,1,20.6353,0.0000,0.0000,0.0000,0.0000,0.0000,0.0000,0.0000,0.0000
105.055,2,0,done,26.9340,180.0434,1.8258,0.3103,-0.5258,0.6105,2.0035,1.8258,0.0000,0.0000,0.0000,0.0000,0.0000,3.0000,0.0000,3.0000,1,20.6353,0.0000,0.0000,0.0000,0.0000,0.0000,0.0000,0.0000,0.0000
105.105,2,0,done,26.9493,180.0161,1.8300,0.3122,-0.5346,0.6191,-1.7853,1.8300,0.0000,0.0000,0.0000,0.0000,0.0000,3.0000,0.0000,3.0000,1,20.6353,0.0000,0.0000,0.0000,0.0000,0.0000,0.0000,0.0000,0.0000
105.156,2,0,done,26.9493,180.0161,1.8321,0.3122,-0.5346,0.6191,2.0010,1.8321,0.0000,0.0000,0.0000,0.0000,0.0000,3.0000,0.0000,3.0000,1,20.6353,0.0000,0.0000,0.0000,0.0000,0.0000,0.0000,0.0000,0.0000
105.205,2,0,done,26.9657,179.9867,1.8385,0.3125,-0.5407,0.6245,2.0042,1.8385,0.0000,0.0000,0.0000,0.0000,0.0000,3.0000,0.0000,3.0000,1,20.6353,0.0000,0.0000,0.0000,0.0000,0.0000,0.0000,0.0000,0.0000
105.255,2,0,done,26.9810,179.9588,1.8408,0.3141,-0.5490,0.6325,2.0145,1.8408,0.0000,0.0000,0.0000,0.0000,0.0000,3.0000,0.0000,3.0000,1,20.6353,0.0000,0.0000,0.0000,0.0000,0.0000,0.0000,0.0000,0.0000
105.306,2,0,done,26.9810,179.9588,1.8441,0.3141,-0.5490,0.6325,2.0008,1.8441,0.0000,0.0000,0.0000,0.0000,0.0000,3.0000,0.0000,3.0000,1,20.6353,0.0000,0.0000,0.0000,0.0000,0.0000,0.0000,0.0000,0.0000
105.355,2,0,done,26.9973,179.9288,1.8495,0.3140,-0.5544,0.6372,2.0137,1.8495,0.0000,0.0000,0.0000,0.0000,0.0000,3.0000,0.0000,3.0000,1,20.6353,0.0000,0.0000,0.0000,0.0000,0.0000,0.0000,0.0000,0.0000
105.405,2,0,done,27.0127,179.9003,1.8529,0.3151,-0.5622,0.6445,1.9963,1.8529,0.0000,0.0000,0.0000,0.0000,0.0000,3.0000,0.0000,3.0000,1,20.6353,0.0000,0.0000,0.0000,0.0000,0.0000,0.0000,0.0000,0.0000
105.455,2,0,done,27.0290,179.8699,1.8571,0.3147,-0.5669,0.6484,-1.7850,1.8571,0.0000,0.0000,0.0000,0.0000,0.0000,3.0000,0.0000,3.0000,1,20.6353,0.0000,0.0000,0.0000,0.0000,0.0000,0.0000,0.0000,0.0000
105.505,2,0,done,27.0443,179.8409,1.8627,0.3156,-0.5741,0.6552,-1.7905,1.8627,0.0000,0.0000,0.0000,0.0000,0.0000,3.0000,0.0000,3.0000,1,20.6353,0.0000,0.0000,0.0000,0.0000,0.0000,0.0000,0.0000,0.0000
105.555,2,0,done,27.0443,179.8409,1.8659,0.3156,-0.5741,0.6552,-1.7853,1.8659,0.0000,0.0000,0.0000,0.0000,0.0000,3.0000,0.0000,3.0000,1,20.6353,0.0000,0.0000,0.0000,0.0000,0.0000,0.0000,0.0000,0.0000
105.605,2,0,done,27.0606,179.8100,1.8704,0.3152,-0.5783,0.6587,2.0028,1.8704,0.0000,0.0000,0.0000,0.0000,0.0000,3.0000,0.0000,3.0000,1,20.6353,0.0000,0.0000,0.0000,0.0000,0.0000,0.0000,0.0000,0.0000
105.656,2,0,done,27.0760,179.7806,1.8736,0.3163,-0.5850,0.6650,-1.8133,1.8736,0.0000,0.0000,0.0000,0.0000,0.0000,3.0000,0.0000,3.0000,1,20.6353,0.0000,0.0000,0.0000,0.0000,0.0000,0.0000,0.0000,0.0000
105.706,2,0,done,27.0760,179.7806,1.8781,0.3163,-0.5850,0.6650,2.0198,1.8781,0.0000,0.0000,0.0000,0.0000,0.0000,3.0000,0.0000,3.0000,1,20.6353,0.0000,0.0000,0.0000,0.0000,0.0000,0.0000,0.0000,0.0000
105.755,2,0,done,27.0924,179.7493,1.8824,0.3161,-0.5886,0.6681,-1.8030,1.8824,0.0000,0.0000,0.0000,0.0000,0.0000,3.0000,0.0000,3.0000,1,20.6353,0.0000,0.0000,0.0000,0.0000,0.0000,0.0000,0.0000,0.0000
