t,mode_code,shadow_mode,policy_source,x,y,yaw,vx,vy,speed,yaw_rate,psi_ref,u_ref,e_ct,chi_p,dist_to_wp,heading_error,pos_tol,hold_elapsed,hold_required,completed,seg_len,left_raw,right_raw,common_raw,diff_raw,delta_common,delta_diff,left_final,right_final
1.307,0,1,heuristic,-0.0017,-0.0318,0.9985,-0.0068,-0.0515,0.0519,0.0050,1.6898,2.5000,-8.6803,1.3629,27.0366,0.6912,3.0000,0.0000,2.0000,0,16.3315,110.0000,110.0000,110.0000,0.0000,0.0000,0.0000,110.0000,110.0000
1.357,0,1,heuristic,-0.0021,-0.0349,0.9985,-0.0068,-0.0541,0.0545,0.0045,1.6897,2.5000,-8.6805,1.3629,27.0400,0.6912,3.0000,0.0000,2.0000,0,16.3315,136.7604,220.0000,178.3802,41.6198,0.0000,0.0000,136.7604,220.0000
1.407,0,1,heuristic,-0.0021,-0.0349,0.9985,-0.0068,-0.0541,0.0545,0.0240,1.6897,2.5000,-8.6808,1.3629,27.0430,0.6912,3.0000,0.0000,2.0000,0,16.3315,99.7450,269.4330,184.5890,84.8440,0.0000,0.0000,99.7450,269.4330
1.457,0,1,heuristic,-0.0016,-0.0369,0.9985,-0.0039,-0.0510,0.0512,0.0185,1.6897,2.5000,-8.6808,1.3629,27.0430,0.6912,3.0000,0.0000,2.0000,0,16.3315,60.9345,319.6335,190.2840,129.3495,0.0000,0.0000,60.9345,319.6335
1.507,0,1,heuristic,0.0002,-0.0372,0.9987,0.0045,-0.0420,0.0422,0.0253,1.6897,2.5000,-8.6816,1.3629,27.0451,0.6912,3.0000,0.0000,2.0000,0,16.3315,8.6247,341.8975,175.2611,166.6364,0.0000,0.0000,8.6247,341.8975
1.557,0,1,heuristic,0.0040,-0.0356,0.9993,0.0184,-0.0276,0.0332,0.0527,1.6898,2.5000,-8.6835,1.3629,27.0456,0.6910,3.0000,0.0000,2.0000,0,16.3315,-96.6091,315.4234,109.4072,206.0162,0.0000,0.0000,-96.6091,315.4234
1.607,0,1,heuristic,0.0097,-0.0326,1.0003,0.0382,-0.0093,0.0393,0.0607,1.6899,2.5000,-8.6869,1.3629,27.0445,0.6906,3.0000,0.0000,2.0000,0,16.3315,-115.2171,369.0507,126.9168,242.1339,0.0000,0.0000,-115.2171,369.0507
1.657,0,1,heuristic,0.0177,-0.0279,1.0025,0.0615,0.0106,0.0624,0.0858,1.6902,2.5000,-8.6918,1.3629,27.0421,0.6898,3.0000,0.0000,2.0000,0,16.3315,-36.1888,373.3108,168.5610,204.7498,0.0000,0.0000,-36.1888,373.3108
1.707,0,1,heuristic,0.0272,-0.0217,1.0058,0.0886,0.0340,0.0950,0.1173,1.6905,2.5000,-8.6987,1.3629,27.0384,0.6880,3.0000,0.0000,2.0000,0,16.3315,-36.1888,373.3108,168.5610,204.7498,0.0000,0.0000,-36.1888,373.3108
1.757,0,1,heuristic,0.0272,-0.0217,1.0084,0.0886,0.0340,0.0950,0.1118,1.6908,2.5000,-8.7067,1.3629,27.0335,0.6851,3.0000,0.0000,2.0000,0,16.3315,-95.6465,593.2820,248.8178,344.4642,0.0000,0.0000,-95.6465,593.2820
1.807,0,1,heuristic,0.0395,-0.0127,1.0125,0.1182,0.0621,0.1335,0.1593,1.6908,2.5000,-8.7067,1.3629,27.0335,0.6825,3.0000,0.0000,2.0000,0,16.3315,-142.1336,608.6712,233.2688,375.4024,0.0000,0.0000,-142.1336,608.6712
1.857,0,1,heuristic,0.0536,-0.0013,1.0189,0.1536,0.0969,0.1816,0.1958,1.6913,2.5000,-8.7169,1.3629,27.0259,0.6788,3.0000,0.0000,2.0000,0,16.3315,-176.9149,674.7811,248.9331,425.8480,0.0000,0.0000,-176.9149,674.7811
1.907,0,1,heuristic,0.0720,0.0139,1.0271,0.1933,0.1360,0.2364,0.2700,1.6919,2.5000,-8.7284,1.3629,27.0164,0.6730,3.0000,0.0000,2.0000,0,16.3315,-134.6315,698.8938,282.1312,416.7627,0.0000,0.0000,-134.6315,698.8938
1.957,0,1,heuristic,0.0923,0.0308,1.0330,0.2393,0.1795,0.2991,0.2657,1.6926,2.5000,-8.7432,1.3629,27.0035,0.6655,3.0000,0.0000,2.0000,0,16.3315,-148.2790,784.2053,317.9631,466.2421,0.0000,0.0000,-148.2790,784.2053
2.007,0,1,heuristic,0.1172,0.0516,1.0444,0.2873,0.2236,0.3640,0.3260,1.6935,2.5000,-8.7595,1.3629,26.9892,0.6605,3.0000,0.0000,2.0000,0,16.3315,-148.2790,784.2053,317.9631,466.2421,0.0000,0.0000,-148.2790,784.2053
2.057,0,1,heuristic,0.1172,0.0516,1.0551,0.2873,0.2236,0.3640,0.3530,1.6945,2.5000,-8.7796,1.3629,26.9716,0.6501,3.0000,0.0000,2.0000,0,16.3315,-208.2793,768.8551,280.2879,488.5672,0.0000,0.0000,-208.2793,768.8551
2.107,0,1,heuristic,0.1438,0.0738,1.0640,0.3406,0.2713,0.4354,0.3728,1.6945,2.5000,-8.7796,1.3629,26.9716,0.6394,3.0000,0.0000,2.0000,0,16.3315,-248.0049,817.5440,284.7696,532.7744,0.0000,0.0000,-248.0049,817.5440
2.158,0,1,heuristic,0.1750,0.0997,1.0807,0.3928,0.3166,0.5045,0.4443,1.6956,2.5000,-8.8011,1.3629,26.9529,0.6316,3.0000,0.0000,2.0000,0,16.3315,-191.4990,793.7033,301.1022,492.6012,0.0000,0.0000,-191.4990,793.7033
2.207,0,1,heuristic,0.2071,0.1260,1.0916,0.4476,0.3629,0.5762,0.4370,1.6968,2.5000,-8.8263,1.3629,26.9311,0.6162,3.0000,0.0000,2.0000,0,16.3315,-81.4990,850.4039,384.4524,465.9514,0.0000,0.0000,-81.4990,850.4039
2.257,0,1,heuristic,0.2071,0.1260,1.1075,0.4476,0.3629,0.5762,0.4642,1.6981,2.5000,-8.8522,1.3629,26.9090,0.6065,3.0000,0.0000,2.0000,0,16.3315,-55.9079,977.9693,461.0307,516.9386,0.0000,0.0000,-55.9079,977.9693
2.307,0,1,heuristic,0.2437,0.1565,1.1291,0.4989,0.4076,0.6442,0.5175,1.6981,2.5000,-8.8522,1.3629,26.9090,0.5907,3.0000,0.0000,2.0000,0,16.3315,-63.5976,965.1417,450.7720,514.3697,0.0000,0.0000,-63.5976,965.1417
2.357,0,1,heuristic,0.2808,0.1888,1.1428,0.5537,0.4605,0.7201,0.5230,1.6996,2.5000,-8.8817,1.3629,26.8835,0.5705,3.0000,0.0000,2.0000,0,16.3315,46.4024,993.2077,519.8050,473.4027,0.0000,0.0000,46.4024,993.2077
2.407,0,1,heuristic,0.3232,0.2278,1.1672,0.6061,0.5184,0.7975,0.5523,1.7012,2.5000,-8.9114,1.3629,26.8563,0.5583,3.0000,0.0000,2.0000,0,16.3315,96.1482,992.9614,544.5548,448.4066,0.0000,0.0000,96.1482,992.9614
2.457,0,1,heuristic,0.3658,0.2698,1.1825,0.6623,0.5898,0.8868,0.5677,1.7029,2.5000,-8.9448,1.3629,26.8232,0.5357,3.0000,0.0000,2.0000,0,16.3315,101.4323,995.0944,548.2634,446.8311,0.0000,0.0000,101.4323,995.0944
2.507,0,1,heuristic,0.3658,0.2698,1.1984,0.6623,0.5898,0.8868,0.5440,1.7047,2.5000,-8.9778,1.3629,26.7872,0.5222,3.0000,0.0000,2.0000,0,16.3315,101.4323,995.0944,548.2634,446.8311,0.0000,0.0000,101.4323,995.0944
2.557,0,1,heuristic,0.4140,0.3208,1.2200,0.7152,0.6681,0.9788,0.5887,1.7047,2.5000,-8.9778,1.3629,26.7872,0.5063,3.0000,0.0000,2.0000,0,16.3315,174.5266,999.6326,587.0796,412.5530,0.0000,0.0000,174.5266,999.6326
2.607,0,1,heuristic,0.4140,0.3208,1.2311,0.7152,0.6681,0.9788,0.5960,1.7067,2.5000,-9.0145,1.3629,26.7431,0.4867,3.0000,0.0000,2.0000,0,16.3315,189.5341,1000.0000,594.7671,405.2329,0.0000,0.0000,189.5341,1000.0000
2.657,0,1,heuristic,0.4621,0.3751,1.2479,0.7728,0.7608,1.0844,0.5887,1.7067,2.5000,-9.0145,1.3629,26.7431,0.4756,3.0000,0.0000,2.0000,0,16.3315,189.5341,1000.0000,594.7671,405.2329,0.0000,0.0000,189.5341,1000.0000
2.707,0,1,heuristic,0.5159,0.4398,1.2766,0.8253,0.8575,1.1902,0.5815,1.7088,2.5000,-9.0504,1.3629,26.6959,0.4609,3.0000,0.0000,2.0000,0,16.3315,151.4104,995.3383,573.3743,421.9640,0.0000,0.0000,151.4104,995.3383
2.757,0,1,heuristic,0.5688,0.5071,1.2940,0.8804,0.9664,1.3073,0.6018,1.7111,2.5000,-9.0897,1.3629,26.6392,0.4345,3.0000,0.0000,2.0000,0,16.3315,112.3098,1000.0000,556.1549,443.8451,0.0000,0.0000,112.3098,1000.0000
2.807,0,1,heuristic,0.6266,0.5848,1.3235,0.9267,1.0720,1.4170,0.6195,1.7135,2.5000,-9.1275,1.3629,26.5801,0.4195,3.0000,0.0000,2.0000,0,16.3315,117.8781,972.0530,544.9656,427.0874,0.0000,0.0000,117.8781,972.0530
2.857,0,1,heuristic,0.6822,0.6630,1.3533,0.9729,1.1834,1.5320,0.6280,1.7160,2.5000,-9.1680,1.3629,26.5115,0.3925,3.0000,0.0000,2.0000,0,16.3315,173.8005,938.2144,556.0075,382.2069,0.0000,0.0000,173.8005,938.2144
2.907,0,1,heuristic,0.6822,0.6630,1.3715,0.9729,1.1834,1.5320,0.6368,1.7185,2.5000,-9.2063,1.3629,26.4422,0.3653,3.0000,0.0000,2.0000,0,16.3315,159.9757,999.9920,579.9839,420.0081,0.0000,0.0000,159.9757,999.9920
2.957,0,1,heuristic,0.7417,0.7509,1.3958,1.0071,1.2847,1.6324,0.6330,1.7185,2.5000,-9.2063,1.3629,26.4422,0.3471,3.0000,0.0000,2.0000,0,16.3315,134.4587,999.9998,567.2293,432.7705,0.0000,0.0000,134.4587,999.9998
3.007,0,1,heuristic,0.7978,0.8379,1.4141,1.0395,1.3902,1.7358,0.6242,1.7213,2.5000,-9.2464,1.3629,26.3642,0.3254,3.0000,0.0000,2.0000,0,16.3315,97.1104,999.9608,548.5356,451.4252,0.0000,0.0000,97.1104,999.9608
3.057,0,1,heuristic,0.7978,0.8379,1.4387,1.0395,1.3902,1.7358,0.6345,1.7239,2.5000,-9.2833,1.3629,26.2867,0.3098,3.0000,0.0000,2.0000,0,16.3315,97.1104,999.9608,548.5356,451.4252,0.0000,0.0000,97.1104,999.9608
3.107,0,1,heuristic,0.8571,0.9342,1.4574,1.0599,1.4827,1.8226,0.6442,1.7239,2.5000,-9.2833,1.3629,26.2867,0.2851,3.0000,0.0000,2.0000,0,16.3315,164.7530,998.1248,581.4389,416.6859,0.0000,0.0000,164.7530,998.1248
3.157,0,1,heuristic,0.9127,1.0282,1.4761,1.0796,1.5778,1.9118,0.6392,1.7267,2.5000,-9.3215,1.3629,26.2006,0.2692,3.0000,0.0000,2.0000,0,16.3315,147.3551,991.8764,569.6158,422.2607,0.0000,0.0000,147.3551,991.8764
3.207,0,1,heuristic,0.9712,1.1313,1.5077,1.0885,1.6588,1.9841,0.6555,1.7293,2.5000,-9.3565,1.3629,26.1165,0.2532,3.0000,0.0000,2.0000,0,16.3315,170.0094,998.8640,584.4367,414.4273,0.0000,0.0000,170.0094,998.8640
3.257,0,1,heuristic,0.9712,1.1313,1.5267,1.0885,1.6588,1.9841,0.6598,1.7322,2.5000,-9.3924,1.3629,26.0240,0.2244,3.0000,0.0000,2.0000,0,16.3315,170.0094,998.8640,584.4367,414.4273,0.0000,0.0000,170.0094,998.8640
3.307,0,1,heuristic,1.0257,1.2315,1.5459,1.0979,1.7443,2.0610,0.6512,1.7322,2.5000,-9.3924,1.3629,26.0240,0.2055,3.0000,0.0000,2.0000,0,16.3315,216.7505,996.5666,606.6585,389.9080,0.0000,0.0000,216.7505,996.5666
3.357,0,1,heuristic,1.0828,1.3408,1.5715,1.0980,1.8161,2.1222,0.6628,1.7349,2.5000,-9.4251,1.3629,25.9340,0.1890,3.0000,0.0000,2.0000,0,16.3315,229.9097,999.6036,614.7567,384.8469,0.0000,0.0000,229.9097,999.6036
3.407,0,1,heuristic,1.1358,1.4468,1.6036,1.0992,1.8944,2.1902,0.6465,1.7377,2.5000,-9.4584,1.3629,25.8355,0.1662,3.0000,0.0000,2.0000,0,16.3315,357.3639,981.3469,669.3554,311.9915,0.0000,0.0000,357.3639,981.3469
3.457,0,1,heuristic,1.1358,1.4468,1.6229,1.0992,1.8944,2.1902,0.6415,1.7405,2.5000,-9.4884,1.3629,25.7399,0.1369,3.0000,0.0000,2.0000,0,16.3315,359.6963,981.8342,670.7652,311.0690,0.0000,0.0000,359.6963,981.8342
3.507,0,1,heuristic,1.1907,1.5626,1.6420,1.0906,1.9609,2.2438,0.6390,1.7405,2.5000,-9.4884,1.3629,25.7399,0.1176,3.0000,0.0000,2.0000,0,16.3315,362.5227,975.4775,669.0001,306.4774,0.0000,0.0000,362.5227,975.4775
3.557,0,1,heuristic,1.2409,1.6750,1.6801,1.0817,2.0369,2.3063,0.6200,1.7433,2.5000,-9.5182,1.3629,25.6352,0.1013,3.0000,0.0000,2.0000,0,16.3315,472.5227,993.8565,733.1896,260.6669,0.0000,0.0000,472.5227,993.8565
3.607,0,1,heuristic,1.2921,1.7976,1.7051,1.0624,2.1011,2.3544,0.6245,1.7460,2.5000,-9.5442,1.3629,25.5332,0.0660,3.0000,0.0000,2.0000,0,16.3315,457.7584,998.8806,728.3195,270.5611,0.0000,0.0000,457.7584,998.8806
3.657,0,1,heuristic,1.3381,1.9166,1.7298,1.0415,2.1767,2.4131,0.6005,1.7489,2.5000,-9.5690,1.3629,25.4215,0.0438,3.0000,0.0000,2.0000,0,16.3315,457.7584,998.8806,728.3195,270.5611,0.0000,0.0000,457.7584,998.8806
3.707,0,1,heuristic,1.3381,1.9166,1.7482,1.0415,2.1767,2.4131,0.5995,1.7515,2.5000,-9.5894,1.3629,25.3126,0.0217,3.0000,0.0000,2.0000,0,16.3315,486.3359,999.6717,743.0038,256.6679,0.0000,0.0000,486.3359,999.6717
3.758,0,1,heuristic,1.3842,2.0466,1.7662,1.0102,2.2416,2.4587,0.5850,1.7515,2.5000,-9.5894,1.3629,25.3126,0.0033,3.0000,0.0000,2.0000,0,16.3315,426.2292,999.4802,712.8547,286.6255,0.0000,0.0000,426.2292,999.4802
3.807,0,1,heuristic,1.4248,2.1727,1.7960,0.9774,2.3186,2.5162,0.5695,1.7542,2.5000,-9.6076,1.3629,25.1930,-0.0120,3.0000,0.0000,2.0000,0,16.3315,432.1274,999.9250,716.0262,283.8988,0.0000,0.0000,432.1274,999.9250
3.857,0,1,heuristic,1.4248,2.1727,1.8135,0.9774,2.3186,2.5162,0.5857,1.7567,2.5000,-9.6213,1.3629,25.0766,-0.0393,3.0000,0.0000,2.0000,0,16.3315,455.0467,987.9248,721.4857,266.4391,0.0000,0.0000,455.0467,987.9248
3.907,0,1,heuristic,1.4648,2.3101,1.8367,0.9358,2.3834,2.5605,0.5557,1.7567,2.5000,-9.6213,1.3629,25.0766,-0.0568,3.0000,0.0000,2.0000,0,16.3315,461.6751,983.8121,722.7436,261.0685,0.0000,0.0000,461.6751,983.8121
3.957,0,1,heuristic,1.4997,2.4428,1.8540,0.8939,2.4596,2.6170,0.5647,1.7593,2.5000,-9.6321,1.3629,24.9490,-0.0774,3.0000,0.0000,2.0000,0,16.3315,457.5817,999.5750,728.5783,270.9966,0.0000,0.0000,457.5817,999.5750
4.007,0,1,heuristic,1.4997,2.4428,1.8654,0.8939,2.4596,2.6170,0.5627,1.7617,2.5000,-9.6389,1.3629,24.8252,-0.0923,3.0000,0.0000,2.0000,0,16.3315,548.3147,997.6125,772.9636,224.6489,0.0000,0.0000,548.3147,997.6125
4.057,0,1,heuristic,1.5334,2.5870,1.8823,0.8448,2.5223,2.6600,0.5603,1.7617,2.5000,-9.6389,1.3629,24.8252,-0.1037,3.0000,0.0000,2.0000,0,16.3315,548.3147,997.6125,772.9636,224.6489,0.0000,0.0000,548.3147,997.6125
4.107,0,1,heuristic,1.5619,2.7260,1.9048,0.7949,2.5971,2.7160,0.5487,1.7641,2.5000,-9.6421,1.3629,24.6901,-0.1182,3.0000,0.0000,2.0000,0,16.3315,561.0419,999.9652,780.5036,219.4617,0.0000,0.0000,561.0419,999.9652
4.157,0,1,heuristic,1.5619,2.7260,1.9215,0.7949,2.5971,2.7160,0.5455,1.7664,2.5000,-9.6414,1.3629,24.5593,-0.1384,3.0000,0.0000,2.0000,0,16.3315,473.6655,999.3057,736.4856,262.8201,0.0000,0.0000,473.6655,999.3057
4.207,0,1,heuristic,1.5619,2.7260,1.9269,0.7949,2.5971,2.7160,0.5415,1.7664,2.5000,-9.6414,1.3629,24.5593,-0.1551,3.0000,0.0000,2.0000,0,16.3315,563.9304,997.3472,780.6388,216.7084,0.0000,0.0000,563.9304,997.3472
4.257,0,1,heuristic,1.5885,2.8768,1.9435,0.7382,2.6574,2.7581,0.5418,1.7664,2.5000,-9.6414,1.3629,24.5593,-0.1606,3.0000,0.0000,2.0000,0,16.3315,615.0294,999.4290,807.2292,192.1998,0.0000,0.0000,615.0294,999.4290
4.307,0,1,heuristic,1.6103,3.0212,1.9597,0.6811,2.7278,2.8116,0.5423,1.7686,2.5000,-9.6363,1.3629,24.4166,-0.1748,3.0000,0.0000,2.0000,0,16.3315,640.9006,990.9058,815.9032,175.0026,0.0000,0.0000,640.9006,990.9058
4.357,0,1,heuristic,1.6103,3.0212,1.9811,0.6811,2.7278,2.8116,0.5265,1.7707,2.5000,-9.6277,1.3629,24.2793,-0.1890,3.0000,0.0000,2.0000,0,16.3315,587.8997,999.0312,793.4654,205.5657,0.0000,0.0000,587.8997,999.0312
4.407,0,1,heuristic,1.6293,3.1769,2.0075,0.6179,2.7808,2.8487,0.5042,1.7707,2.5000,-9.6277,1.3629,24.2793,-0.2105,3.0000,0.0000,2.0000,0,16.3315,650.8173,999.2182,825.0177,174.2005,0.0000,0.0000,650.8173,999.2182
4.457,0,1,heuristic,1.6434,3.3252,2.0127,0.5533,2.8429,2.8963,0.5168,1.7727,2.5000,-9.6142,1.3629,24.1306,-0.2348,3.0000,0.0000,2.0000,0,16.3315,631.0005,999.8911,815.4458,184.4453,0.0000,0.0000,631.0005,999.8911
4.507,0,1,heuristic,1.6434,3.3252,2.0333,0.5533,2.8429,2.8963,0.5075,1.7745,2.5000,-9.5974,1.3629,23.9881,-0.2381,3.0000,0.0000,2.0000,0,16.3315,650.1099,998.0369,824.0734,173.9635,0.0000,0.0000,650.1099,998.0369
4.557,0,1,heuristic,1.6543,3.4841,2.0586,0.4847,2.8852,2.9257,0.4860,1.7745,2.5000,-9.5974,1.3629,23.9881,-0.2587,3.0000,0.0000,2.0000,0,16.3315,642.4589,999.2121,820.8355,178.3766,0.0000,0.0000,642.4589,999.2121
4.607,0,1,heuristic,1.6609,3.6348,2.0734,0.4151,2.9362,2.9654,0.4795,1.7763,2.5000,-9.5753,1.3629,23.8348,-0.2822,3.0000,0.0000,2.0000,0,16.3315,618.5487,993.7237,806.1362,187.5875,0.0000,0.0000,618.5487,993.7237
4.657,0,1,heuristic,1.6638,3.7956,2.0980,0.3434,2.9675,2.9873,0.4820,1.7779,2.5000,-9.5506,1.3629,23.6886,-0.2955,3.0000,0.0000,2.0000,0,16.3315,641.7073,999.4495,820.5784,178.8711,0.0000,0.0000,641.7073,999.4495
4.707,0,1,heuristic,1.6631,3.9479,2.1124,0.2715,3.0084,3.0206,0.4825,1.7794,2.5000,-9.5203,1.3629,23.5319,-0.3185,3.0000,0.0000,2.0000,0,16.3315,674.7699,999.1675,836.9687,162.1988,0.0000,0.0000,674.7699,999.1675
4.757,0,1,heuristic,1.6631,3.9479,2.1267,0.2715,3.0084,3.0206,0.4680,1.7808,2.5000,-9.4882,1.3629,23.3828,-0.3316,3.0000,0.0000,2.0000,0,16.3315,732.3071,999.5575,865.9323,133.6252,0.0000,0.0000,732.3071,999.5575
4.807,0,1,heuristic,1.6583,4.1102,2.1502,0.1990,3.0310,3.0375,0.4650,1.7808,2.5000,-9.4882,1.3629,23.3828,-0.3460,3.0000,0.0000,2.0000,0,16.3315,752.2310,998.4174,875.3242,123.0932,0.0000,0.0000,752.2310,998.4174
4.857,0,1,heuristic,1.6501,4.2641,2.1595,0.1248,3.0660,3.0686,0.4575,1.7820,2.5000,-9.4500,1.3629,23.2231,-0.3682,3.0000,0.0000,2.0000,0,16.3315,731.5941,997.3190,864.4566,132.8624,0.0000,0.0000,731.5941,997.3190
4.907,0,1,heuristic,1.6370,4.4285,2.1868,0.0495,3.0851,3.0855,0.4440,1.7831,2.5000,-9.4102,1.3629,23.0709,-0.3764,3.0000,0.0000,2.0000,0,16.3315,747.1453,999.2343,873.1898,126.0445,0.0000,0.0000,747.1453,999.2343
4.958,0,1,heuristic,1.6207,4.5843,2.2046,-0.0284,3.1173,3.1175,0.4330,1.7840,2.5000,-9.3635,1.3629,22.9074,-0.4028,3.0000,0.0000,2.0000,0,16.3315,685.2665,999.2542,842.2603,156.9938,0.0000,0.0000,685.2665,999.2542
5.007,0,1,heuristic,1.6207,4.5843,2.2134,-0.0284,3.1173,3.1175,0.4420,1.7848,2.5000,-9.3153,1.3629,22.7517,-0.4198,3.0000,0.0000,2.0000,0,16.3315,833.2579,999.3465,916.3022,83.0443,0.0000,0.0000,833.2579,999.3465
5.057,0,1,heuristic,1.5991,4.7503,2.2392,-0.1057,3.1324,3.1342,0.4200,1.7848,2.5000,-9.3153,1.3629,22.7517,-0.4286,3.0000,0.0000,2.0000,0,16.3315,833.2579,999.3465,916.3022,83.0443,0.0000,0.0000,833.2579,999.3465
5.107,0,1,heuristic,1.5746,4.9074,2.2477,-0.1867,3.1604,3.1659,0.4130,1.7854,2.5000,-9.2600,1.3629,22.5849,-0.4538,3.0000,0.0000,2.0000,0,16.3315,818.1898,997.4350,907.8124,89.6226,0.0000,0.0000,818.1898,997.4350
5.157,0,1,heuristic,1.5437,5.0746,2.2685,-0.2680,3.1714,3.1827,0.3852,1.7858,2.5000,-9.2036,1.3629,22.4262,-0.4619,3.0000,0.0000,2.0000,0,16.3315,889.9478,996.7169,943.3323,53.3846,0.0000,0.0000,889.9478,996.7169
5.207,0,1,heuristic,1.5103,5.2324,2.2886,-0.3538,3.1949,3.2144,0.3867,1.7861,2.5000,-9.1389,1.3629,22.2563,-0.4824,3.0000,0.0000,2.0000,0,16.3315,884.0309,998.7623,941.3966,57.3657,0.0000,0.0000,884.0309,998.7623
5.257,0,1,heuristic,1.5103,5.2324,2.2965,-0.3538,3.1949,3.2144,0.3870,1.7861,2.5000,-9.0736,1.3629,22.0949,-0.5025,3.0000,0.0000,2.0000,0,16.3315,901.7202,999.7278,950.7240,49.0038,0.0000,0.0000,901.7202,999.7278
5.307,0,1,heuristic,1.4699,5.4001,2.3157,-0.4383,3.2006,3.2305,0.3573,1.7861,2.5000,-9.0736,1.3629,22.0949,-0.5104,3.0000,0.0000,2.0000,0,16.3315,920.0570,998.2702,959.1636,39.1066,0.0000,0.0000,920.0570,998.2702
5.357,0,1,heuristic,1.4275,5.5581,2.3269,-0.5272,3.2188,3.2617,0.3553,1.7859,2.5000,-8.9995,1.3629,21.9225,-0.5298,3.0000,0.0000,2.0000,0,16.3315,943.7531,999.2680,971.5105,27.7574,0.0000,0.0000,943.7531,999.2680
5.407,0,1,heuristic,1.3779,5.7255,2.3450,-0.6125,3.2192,3.2769,0.3180,1.7856,2.5000,-8.9254,1.3629,21.7591,-0.5413,3.0000,0.0000,2.0000,0,16.3315,922.1287,999.1641,960.6464,38.5177,0.0000,0.0000,922.1287,999.1641
5.457,0,1,heuristic,1.3271,5.8832,2.3623,-0.7017,3.2321,3.3074,0.3385,1.7850,2.5000,-8.8423,1.3629,21.5849,-0.5600,3.0000,0.0000,2.0000,0,16.3315,965.8985,998.5224,982.2105,16.3120,0.0000,0.0000,965.8985,998.5224
5.507,0,1,heuristic,1.3271,5.8832,2.3724,-0.7017,3.2321,3.3074,0.3090,1.7842,2.5000,-8.7600,1.3629,21.4201,-0.5780,3.0000,0.0000,2.0000,0,16.3315,945.1989,999.1733,972.1861,26.9872,0.0000,0.0000,945.1989,999.1733
5.557,0,1,heuristic,1.2689,6.0500,2.3886,-0.7852,3.2275,3.3216,0.2993,1.7842,2.5000,-8.7600,1.3629,21.4201,-0.5882,3.0000,0.0000,2.0000,0,16.3315,945.1989,999.1733,972.1861,26.9872,0.0000,0.0000,945.1989,999.1733
5.607,0,1,heuristic,1.2103,6.2068,2.3980,-0.8723,3.2353,3.3508,0.2983,1.7832,2.5000,-8.6687,1.3629,21.2447,-0.6053,3.0000,0.0000,2.0000,0,16.3315,929.0228,997.3217,963.1722,34.1494,0.0000,0.0000,929.0228,997.3217
5.657,0,1,heuristic,1.1444,6.3724,2.4131,-0.9516,3.2252,3.3626,0.2860,1.7821,2.5000,-8.5790,1.3629,21.0791,-0.6159,3.0000,0.0000,2.0000,0,16.3315,983.6945,996.9064,990.3004,6.6060,0.0000,0.0000,983.6945,996.9064
5.707,0,1,heuristic,1.0789,6.5276,2.4248,-1.0340,3.2268,3.3885,0.2835,1.7807,2.5000,-8.4803,1.3629,20.9034,-0.6325,3.0000,0.0000,2.0000,0,16.3315,984.5482,998.2544,991.4013,6.8531,0.0000,0.0000,984.5482,998.2544
5.757,0,1,heuristic,1.0789,6.5276,2.4361,-1.0340,3.2268,3.3885,0.2630,1.7791,2.5000,-8.3842,1.3629,20.7380,-0.6457,3.0000,0.0000,2.0000,0,16.3315,987.0654,998.8468,992.9561,5.8907,0.0000,0.0000,987.0654,998.8468
5.807,0,1,heuristic,1.0058,6.6912,2.4498,-1.1083,3.2106,3.3965,0.2560,1.7791,2.5000,-8.3842,1.3629,20.7380,-0.6570,3.0000,0.0000,2.0000,0,16.3315,990.4264,998.4429,994.4347,4.0083,0.0000,0.0000,990.4264,998.4429
5.857,0,1,heuristic,0.9337,6.8443,2.4551,-1.1872,3.2063,3.4190,0.2485,1.7773,2.5000,-8.2789,1.3629,20.5628,-0.6725,3.0000,0.0000,2.0000,0,16.3315,990.4264,998.4429,994.4347,4.0083,0.0000,0.0000,990.4264,998.4429
5.907,0,1,heuristic,0.8538,7.0053,2.4654,-1.2570,3.1843,3.4235,0.2303,1.7754,2.5000,-8.1767,1.3629,20.3983,-0.6797,3.0000,0.0000,2.0000,0,16.3315,993.8999,996.1584,995.0292,1.1293,0.0000,0.0000,993.8999,996.1584
5.957,0,1,heuristic,0.8538,7.0053,2.4753,-1.2570,3.1843,3.4235,0.2395,1.7731,2.5000,-8.0653,1.3629,20.2244,-0.6923,3.0000,0.0000,2.0000,0,16.3315,982.7829,999.1984,990.9906,8.2077,0.0000,0.0000,982.7829,999.1984
6.007,0,1,heuristic,0.7756,7.1558,2.4825,-1.3316,3.1744,3.4424,0.2318,1.7731,2.5000,-8.0653,1.3629,20.2244,-0.7022,3.0000,0.0000,2.0000,0,16.3315,996.9535,997.9504,997.4519,0.4984,0.0000,0.0000,996.9535,997.9504
6.057,0,1,heuristic,0.6895,7.3139,2.4919,-1.3963,3.1477,3.4435,0.2390,1.7708,2.5000,-7.9577,1.3629,20.0614,-0.7117,3.0000,0.0000,2.0000,0,16.3315,995.7492,995.8624,995.8058,0.0566,0.0000,0.0000,995.7492,995.8624
6.107,0,1,heuristic,0.6057,7.4616,2.5010,-1.4661,3.1337,3.4597,0.2338,1.7682,2.5000,-7.8409,1.3629,19.8894,-0.7238,3.0000,0.0000,2.0000,0,16.3315,996.4670,992.5139,994.4904,-1.9765,0.0000,0.0000,996.4670,992.5139
6.157,0,1,heuristic,0.6057,7.4616,2.5076,-1.4661,3.1337,3.4597,0.2055,1.7655,2.5000,-7.7284,1.3629,19.7281,-0.7355,3.0000,0.0000,2.0000,0,16.3315,995.2510,996.9566,996.1038,0.8528,0.0000,0.0000,995.2510,996.9566
6.207,0,1,heuristic,0.5140,7.6169,2.5182,-1.5255,3.1041,3.4587,0.2078,1.7655,2.5000,-7.7284,1.3629,19.7281,-0.7421,3.0000,0.0000,2.0000,0,16.3315,994.6807,998.3591,996.5199,1.8392,0.0000,0.0000,994.6807,998.3591
6.257,0,1,heuristic,0.4252,7.7619,2.5244,-1.5907,3.0876,3.4733,0.2013,1.7624,2.5000,-7.6067,1.3629,19.5582,-0.7558,3.0000,0.0000,2.0000,0,16.3315,998.5912,999.1723,998.8818,0.2906,0.0000,0.0000,998.5912,999.1723
6.307,0,1,heuristic,0.3283,7.9143,2.5343,-1.6450,3.0563,3.4709,0.1770,1.7593,2.5000,-7.4898,1.3629,19.3990,-0.7650,3.0000,0.0000,2.0000,0,16.3315,997.5836,998.3870,997.9853,0.4017,0.0000,0.0000,997.5836,998.3870
6.357,0,1,heuristic,0.2348,8.0567,2.5420,-1.7058,3.0380,3.4842,0.2090,1.7559,2.5000,-7.3636,1.3629,19.2312,-0.7784,3.0000,0.0000,2.0000,0,16.3315,994.6660,997.1118,995.8889,1.2229,0.0000,0.0000,994.6660,997.1118
6.407,0,1,heuristic,0.2348,8.0567,2.5494,-1.7058,3.0380,3.4842,0.1795,1.7524,2.5000,-7.2427,1.3629,19.0742,-0.7896,3.0000,0.0000,2.0000,0,16.3315,996.2353,997.3272,996.7812,0.5460,0.0000,0.0000,996.2353,997.3272
6.457,0,1,heuristic,0.1332,8.2060,2.5585,-1.7555,3.0050,3.4802,0.1620,1.7524,2.5000,-7.2427,1.3629,19.0742,-0.7970,3.0000,0.0000,2.0000,0,16.3315,996.2353,997.3272,996.7812,0.5460,0.0000,0.0000,996.2353,997.3272
6.507,0,1,heuristic,0.0353,8.3453,2.5637,-1.8120,2.9844,3.4914,0.1683,1.7486,2.5000,-7.1124,1.3629,18.9091,-0.8099,3.0000,0.0000,2.0000,0,16.3315,988.4014,995.5072,991.9543,3.5529,0.0000,0.0000,988.4014,995.5072
6.557,0,1,heuristic,-0.0706,8.4914,2.5722,-1.8570,2.9493,3.4852,0.1787,1.7447,2.5000,-6.9879,1.3629,18.7548,-0.8189,3.0000,0.0000,2.0000,0,16.3315,989.1797,929.0195,959.0996,-30.0801,0.0000,0.0000,989.1797,929.0195
6.607,0,1,heuristic,-0.1722,8.6275,2.5788,-1.9090,2.9264,3.4940,0.1435,1.7405,2.5000,-6.8542,1.3629,18.5928,-0.8317,3.0000,0.0000,2.0000,0,16.3315,994.6554,926.3221,960.4887,-34.1666,0.0000,0.0000,994.6554,926.3221
6.657,0,1,heuristic,-0.2817,8.7699,2.5867,-1.9484,2.8888,3.4845,0.1480,1.7363,2.5000,-6.7266,1.3629,18.4417,-0.8425,3.0000,0.0000,2.0000,0,16.3315,994.8240,931.5029,963.1635,-31.6606,0.0000,0.0000,994.8240,931.5029
6.707,0,1,heuristic,-0.3863,8.9023,2.5928,-1.9944,2.8626,3.4889,0.1507,1.7317,2.5000,-6.5901,1.3629,18.2834,-0.8550,3.0000,0.0000,2.0000,0,16.3315,996.7793,921.4050,959.0922,-37.6871,0.0000,0.0000,996.7793,921.4050
6.757,0,1,heuristic,-0.3863,8.9023,2.5986,-1.9944,2.8626,3.4889,0.1452,1.7271,2.5000,-6.4605,1.3629,18.1361,-0.8656,3.0000,0.0000,2.0000,0,16.3315,996.7793,921.4050,959.0922,-37.6871,0.0000,0.0000,996.7793,921.4050
6.807,0,1,heuristic,-0.4986,9.0407,2.6054,-2.0277,2.8227,3.4755,0.1258,1.7271,2.5000,-6.4605,1.3629,18.1361,-0.8714,3.0000,0.0000,2.0000,0,16.3315,995.2097,915.5485,955.3791,-39.8306,0.0000,0.0000,995.2097,915.5485
6.857,0,1,heuristic,-0.6058,9.1695,2.6105,-2.0685,2.7948,3.4770,0.1028,1.7222,2.5000,-6.3219,1.3629,17.9821,-0.8832,3.0000,0.0000,2.0000,0,16.3315,992.6173,827.3462,909.9818,-82.6355,0.0000,0.0000,992.6173,827.3462
6.908,0,1,heuristic,-0.7207,9.3043,2.6166,-2.0967,2.7543,3.4616,0.1090,1.7173,2.5000,-6.1906,1.3629,17.8388,-0.8932,3.0000,0.0000,2.0000,0,16.3315,992.6173,827.3462,909.9818,-82.6355,0.0000,0.0000,992.6173,827.3462
6.957,0,1,heuristic,-0.8299,9.4295,2.6210,-2.1325,2.7252,3.4604,0.0985,1.7120,2.5000,-6.0503,1.3629,17.6889,-0.9045,3.0000,0.0000,2.0000,0,16.3315,990.1374,809.7874,899.9624,-90.1750,0.0000,0.0000,990.1374,809.7874
7.007,0,1,heuristic,-0.9466,9.5602,2.6260,-2.1549,2.6826,3.4409,0.0798,1.7069,2.5000,-5.9176,1.3629,17.5498,-0.9141,3.0000,0.0000,2.0000,0,16.3315,997.0767,802.6409,899.8588,-97.2179,0.0000,0.0000,997.0767,802.6409
7.057,0,1,heuristic,-1.0573,9.6813,2.6295,-2.1851,2.6506,3.4352,0.0483,1.7012,2.5000,-5.7764,1.3629,17.4048,-0.9248,3.0000,0.0000,2.0000,0,16.3315,996.2867,816.4642,906.3755,-89.9113,0.0000,0.0000,996.2867,816.4642
7.107,0,1,heuristic,-1.1755,9.8075,2.6333,-2.2026,2.6061,3.4122,0.0565,1.6958,2.5000,-5.6431,1.3629,17.2706,-0.9338,3.0000,0.0000,2.0000,0,16.3315,996.0781,799.6857,897.8819,-98.1962,0.0000,0.0000,996.0781,799.6857
7.157,0,1,heuristic,-1.2876,9.9246,2.6359,-2.2292,2.5727,3.4041,0.0420,1.6899,2.5000,-5.5014,1.3629,17.1309,-0.9435,3.0000,0.0000,2.0000,0,16.3315,996.5581,720.0583,858.3082,-138.2499,0.0000,0.0000,996.5581,720.0583
7.207,0,1,heuristic,-1.2876,9.9246,2.6380,-2.2292,2.5727,3.4041,0.0333,1.6841,2.5000,-5.3676,1.3629,17.0016,-0.9518,3.0000,0.0000,2.0000,0,16.3315,994.7699,707.7154,851.2427,-143.5273,0.0000,0.0000,994.7699,707.7154
7.257,0,1,heuristic,-1.4071,10.0466,2.6396,-2.2431,2.5275,3.3793,0.0077,1.6841,2.5000,-5.3676,1.3629,17.0016,-0.9539,3.0000,0.0000,2.0000,0,16.3315,995.1837,682.7815,838.9826,-156.2011,0.0000,0.0000,995.1837,682.7815
7.307,0,1,heuristic,-1.5201,10.1595,2.6407,-2.2653,2.4924,3.3680,0.0073,1.6779,2.5000,-5.2254,1.3629,16.8672,-0.9617,3.0000,0.0000,2.0000,0,16.3315,995.1837,682.7815,838.9826,-156.2011,0.0000,0.0000,995.1837,682.7815
7.357,0,1,heuristic,-1.6402,10.2769,2.6413,-2.2742,2.4455,3.3395,-0.0267,1.6719,2.5000,-5.0916,1.3629,16.7432,-0.9688,3.0000,0.0000,2.0000,0,16.3315,995.1018,663.9881,829.5449,-165.5569,0.0000,0.0000,995.1018,663.9881
7.407,0,1,heuristic,-1.7536,10.3856,2.6412,-2.2918,2.4091,3.3251,-0.0307,1.6654,2.5000,-4.9498,1.3629,16.6146,-0.9758,3.0000,0.0000,2.0000,0,16.3315,992.7805,612.8620,802.8213,-189.9593,0.0000,0.0000,992.7805,612.8620
7.457,0,1,heuristic,-1.7536,10.3856,2.6405,-2.2918,2.4091,3.3251,-0.0510,1.6592,2.5000,-4.8165,1.3629,16.4960,-0.9820,3.0000,0.0000,2.0000,0,16.3315,980.3211,584.5599,782.4405,-197.8806,0.0000,0.0000,980.3211,584.5599
7.507,0,1,heuristic,-1.9875,10.6031,2.6383,-2.3100,2.3248,3.2773,-0.0805,1.6592,2.5000,-4.8165,1.3629,16.4960,-0.9813,3.0000,0.0000,2.0000,0,16.3315,981.8744,589.7136,785.7940,-196.0804,0.0000,0.0000,981.8744,589.7136
7.557,0,1,heuristic,-1.9875,10.6031,2.6366,-2.3100,2.3248,3.2773,-0.0950,1.6461,2.5000,-4.5427,1.3629,16.2602,-0.9922,3.0000,0.0000,2.0000,0,16.3315,981.8744,589.7136,785.7940,-196.0804,0.0000,0.0000,981.8744,589.7136
7.607,0,1,heuristic,-2.1077,10.7115,2.6330,-2.3103,2.2770,3.2438,-0.1023,1.6461,2.5000,-4.5427,1.3629,16.2602,-0.9905,3.0000,0.0000,2.0000,0,16.3315,994.9936,577.5351,786.2643,-208.7292,0.0000,0.0000,994.9936,577.5351
7.657,0,1,heuristic,-2.2209,10.8118,2.6293,-2.3199,2.2393,3.2244,-0.1033,1.6392,2.5000,-4.4027,1.3629,16.1433,-0.9938,3.0000,0.0000,2.0000,0,16.3315,993.6469,533.8061,763.7265,-229.9204,0.0000,0.0000,993.6469,533.8061
7.707,0,1,heuristic,-2.3410,10.9160,2.6226,-2.3177,2.1923,3.1903,-0.1515,1.6325,2.5000,-4.2713,1.3629,16.0360,-0.9968,3.0000,0.0000,2.0000,0,16.3315,990.5762,511.3702,750.9732,-239.6030,0.0000,0.0000,990.5762,511.3702
7.757,0,1,heuristic,-2.4540,11.0123,2.6173,-2.3254,2.1550,3.1704,-0.1812,1.6254,2.5000,-4.1323,1.3629,15.9249,-0.9972,3.0000,0.0000,2.0000,0,16.3315,991.0330,477.2248,734.1289,-256.9041,0.0000,0.0000,991.0330,477.2248
7.807,0,1,heuristic,-2.5738,11.1123,2.6097,-2.3210,2.1087,3.1359,-0.2068,1.6186,2.5000,-4.0018,1.3629,15.8230,-0.9987,3.0000,0.0000,2.0000,0,16.3315,990.0562,478.3246,734.1904,-255.8658,0.0000,0.0000,990.0562,478.3246
7.857,0,1,heuristic,-2.6865,11.2046,2.6010,-2.3261,2.0717,3.1149,-0.2090,1.6113,2.5000,-3.8639,1.3629,15.7178,-0.9984,3.0000,0.0000,2.0000,0,16.3315,987.5931,453.9268,720.7600,-266.8331,0.0000,0.0000,987.5931,453.9268
7.907,0,1,heuristic,-2.8057,11.3006,2.5932,-2.3194,2.0265,3.0800,-0.2308,1.6043,2.5000,-3.7347,1.3629,15.6213,-0.9966,3.0000,0.0000,2.0000,0,16.3315,987.5931,453.9268,720.7600,-266.8331,0.0000,0.0000,987.5931,453.9268
7.957,0,1,heuristic,-2.9178,11.3893,2.5824,-2.3226,1.9909,3.0591,-0.2495,1.5969,2.5000,-3.5982,1.3629,15.5218,-0.9963,3.0000,0.0000,2.0000,0,16.3315,980.7918,436.3713,708.5815,-272.2102,0.0000,0.0000,980.7918,436.3713
8.007,0,1,heuristic,-3.0364,11.4817,2.5731,-2.3144,1.9481,3.0251,-0.2657,1.5898,2.5000,-3.4702,1.3629,15.4306,-0.9927,3.0000,0.0000,2.0000,0,16.3315,920.1586,371.8528,646.0057,-274.1529,0.0000,0.0000,920.1586,371.8528
8.057,0,1,heuristic,-3.1479,11.5673,2.5605,-2.3160,1.9150,3.0052,-0.2795,1.5821,2.5000,-3.3351,1.3629,15.3364,-0.9910,3.0000,0.0000,2.0000,0,16.3315,925.8427,359.8547,642.8487,-282.9940,0.0000,0.0000,925.8427,359.8547
8.107,0,1,heuristic,-3.1479,11.5673,2.5525,-2.3160,1.9150,3.0052,-0.2845,1.5749,2.5000,-3.2083,1.3629,15.2500,-0.9856,3.0000,0.0000,2.0000,0,16.3315,922.4040,341.5948,631.9994,-290.4046,0.0000,0.0000,922.4040,341.5948
8.157,0,1,heuristic,-3.2654,11.6562,2.5383,-2.3047,1.8741,2.9705,-0.3055,1.5749,2.5000,-3.2083,1.3629,15.2500,-0.9776,3.0000,0.0000,2.0000,0,16.3315,923.7698,349.9906,636.8802,-286.8896,0.0000,0.0000,923.7698,349.9906
8.207,0,1,heuristic,-3.3754,11.7384,2.5232,-2.3022,1.8416,2.9481,-0.3310,1.5672,2.5000,-3.0750,1.3629,15.1610,-0.9712,3.0000,0.0000,2.0000,0,16.3315,935.8216,304.4218,620.1217,-315.6999,0.0000,0.0000,935.8216,304.4218
8.257,0,1,heuristic,-3.4914,11.8239,2.5105,-2.2880,1.8019,2.9124,-0.3470,1.5599,2.5000,-2.9504,1.3629,15.0797,-0.9634,3.0000,0.0000,2.0000,0,16.3315,919.0338,285.4369,602.2354,-316.7984,0.0000,0.0000,919.0338,285.4369
8.307,0,1,heuristic,-3.6002,11.9029,2.5006,-2.2836,1.7711,2.8899,-0.3490,1.5521,2.5000,-2.8192,1.3629,14.9959,-0.9584,3.0000,0.0000,2.0000,0,16.3315,919.4319,302.0594,610.7457,-308.6863,0.0000,0.0000,919.4319,302.0594
8.357,0,1,heuristic,-3.6002,11.9029,2.4869,-2.2836,1.7711,2.8899,-0.3685,1.5447,2.5000,-2.6965,1.3629,14.9193,-0.9560,3.0000,0.0000,2.0000,0,16.3315,911.0113,284.0118,597.5115,-313.4997,0.0000,0.0000,911.0113,284.0118
8.407,0,1,heuristic,-3.7149,11.9852,2.4690,-2.2681,1.7334,2.8546,-0.3867,1.5447,2.5000,-2.6965,1.3629,14.9193,-0.9423,3.0000,0.0000,2.0000,0,16.3315,911.0113,284.0118,597.5115,-313.4997,0.0000,0.0000,911.0113,284.0118
8.457,0,1,heuristic,-3.8224,12.0615,2.4616,-2.2625,1.7043,2.8326,-0.4040,1.5368,2.5000,-2.5672,1.3629,14.8405,-0.9322,3.0000,0.0000,2.0000,0,16.3315,921.0328,241.7302,581.3815,-339.6513,0.0000,0.0000,921.0328,241.7302
8.507,0,1,heuristic,-3.9358,12.1409,2.4426,-2.2462,1.6692,2.7985,-0.3850,1.5293,2.5000,-2.4463,1.3629,14.7684,-0.9322,3.0000,0.0000,2.0000,0,16.3315,925.9090,229.3487,577.6288,-348.2802,0.0000,0.0000,925.9090,229.3487
8.557,0,1,heuristic,-4.0421,12.2147,2.4267,-2.2398,1.6425,2.7775,-0.4255,1.5214,2.5000,-2.3189,1.3629,14.6941,-0.9212,3.0000,0.0000,2.0000,0,16.3315,939.5144,218.3984,578.9564,-360.5580,0.0000,0.0000,939.5144,218.3984
8.607,0,1,heuristic,-4.0421,12.2147,2.4145,-2.2398,1.6425,2.7775,-0.4258,1.5139,2.5000,-2.1997,1.3629,14.6262,-0.9129,3.0000,0.0000,2.0000,0,16.3315,962.5110,211.5739,587.0424,-375.4686,0.0000,0.0000,962.5110,211.5739
8.657,0,1,heuristic,-4.1544,12.2916,2.3935,-2.2235,1.6100,2.7452,-0.4438,1.5139,2.5000,-2.1997,1.3629,14.6262,-0.9006,3.0000,0.0000,2.0000,0,16.3315,947.7933,232.2180,590.0057,-357.7876,0.0000,0.0000,947.7933,232.2180
8.707,0,1,heuristic,-4.2598,12.3633,2.3848,-2.2181,1.5865,2.7271,-0.4443,1.5059,2.5000,-2.0740,1.3629,14.5562,-0.8876,3.0000,0.0000,2.0000,0,16.3315,935.1188,222.1494,578.6341,-356.4847,0.0000,0.0000,935.1188,222.1494
8.757,0,1,heuristic,-4.3715,12.4385,2.3581,-2.2039,1.5585,2.6993,-0.4810,1.4983,2.5000,-1.9561,1.3629,14.4920,-0.8865,3.0000,0.0000,2.0000,0,16.3315,935.4436,212.9979,574.2207,-361.2228,0.0000,0.0000,935.4436,212.9979
8.807,0,1,heuristic,-4.4765,12.5088,2.3396,-2.2010,1.5399,2.6862,-0.4875,1.4902,2.5000,-1.8313,1.3629,14.4255,-0.8679,3.0000,0.0000,2.0000,0,16.3315,935.4436,212.9979,574.2207,-361.2228,0.0000,0.0000,935.4436,212.9979
8.857,0,1,heuristic,-4.4765,12.5088,2.3254,-2.2010,1.5399,2.6862,-0.4693,1.4825,2.5000,-1.7140,1.3629,14.3642,-0.8571,3.0000,0.0000,2.0000,0,16.3315,931.3163,203.7152,567.5157,-363.8005,0.0000,0.0000,931.3163,203.7152
8.907,0,1,heuristic,-4.5879,12.5831,2.3014,-2.1891,1.5174,2.6636,-0.5110,1.4825,2.5000,-1.7140,1.3629,14.3642,-0.8429,3.0000,0.0000,2.0000,0,16.3315,902.5566,199.7111,551.1338,-351.4227,0.0000,0.0000,902.5566,199.7111
8.957,0,1,heuristic,-4.6928,12.6528,2.2916,-2.1885,1.5045,2.6557,-0.4983,1.4743,2.5000,-1.5897,1.3629,14.3006,-0.8271,3.0000,0.0000,2.0000,0,16.3315,902.5566,199.7111,551.1338,-351.4227,0.0000,0.0000,902.5566,199.7111
9.007,0,1,heuristic,-4.8041,12.7267,2.2616,-2.1786,1.4877,2.6381,-0.5100,1.4665,2.5000,-1.4726,1.3629,14.2417,-0.8250,3.0000,0.0000,2.0000,0,16.3315,878.1416,192.6374,535.3895,-342.7521,0.0000,0.0000,878.1416,192.6374
9.057,0,1,heuristic,-4.9087,12.7963,2.2412,-2.1790,1.4804,2.6343,-0.5152,1.4582,2.5000,-1.3485,1.3629,14.1803,-0.8034,3.0000,0.0000,2.0000,0,16.3315,888.6871,197.7739,543.2305,-345.4566,0.0000,0.0000,888.6871,197.7739
9.107,0,1,heuristic,-4.9087,12.7963,2.2257,-2.1790,1.4804,2.6343,-0.5068,1.4503,2.5000,-1.2317,1.3629,14.1233,-0.7909,3.0000,0.0000,2.0000,0,16.3315,884.0902,208.2727,546.1814,-337.9088,0.0000,0.0000,884.0902,208.2727
9.157,0,1,heuristic,-5.0195,12.8704,2.1997,-2.1693,1.4693,2.6201,-0.5228,1.4503,2.5000,-1.2317,1.3629,14.1233,-0.7754,3.0000,0.0000,2.0000,0,16.3315,873.0853,201.7658,537.4255,-335.6598,0.0000,0.0000,873.0853,201.7658
9.207,0,1,heuristic,-5.1237,12.9406,2.1838,-2.1695,1.4680,2.6195,-0.5520,1.4418,2.5000,-1.1080,1.3629,14.0636,-0.7579,3.0000,0.0000,2.0000,0,16.3315,908.1053,171.2820,539.6937,-368.4117,0.0000,0.0000,908.1053,171.2820
9.257,0,1,heuristic,-5.2339,13.0157,2.1573,-2.1594,1.4632,2.6084,-0.5410,1.4338,2.5000,-0.9916,1.3629,14.0078,-0.7500,3.0000,0.0000,2.0000,0,16.3315,921.1131,177.5077,549.3104,-371.8027,0.0000,0.0000,921.1131,177.5077
9.307,0,1,heuristic,-5.3374,13.0871,2.1358,-2.1588,1.4680,2.6107,-0.5358,1.4252,2.5000,-0.8683,1.3629,13.9490,-0.7321,3.0000,0.0000,2.0000,0,16.3315,909.7309,187.3335,548.5322,-361.1987,0.0000,0.0000,909.7309,187.3335
9.357,0,1,heuristic,-5.3374,13.0871,2.1141,-2.1588,1.4680,2.6107,-0.5553,1.4171,2.5000,-0.7523,1.3629,13.8938,-0.7187,3.0000,0.0000,2.0000,0,16.3315,909.7309,187.3335,548.5322,-361.1987,0.0000,0.0000,909.7309,187.3335
9.407,0,1,heuristic,-5.4469,13.1637,2.0922,-2.1481,1.4692,2.6024,-0.5353,1.4171,2.5000,-0.7523,1.3629,13.8938,-0.6970,3.0000,0.0000,2.0000,0,16.3315,889.5626,176.5164,533.0395,-356.5231,0.0000,0.0000,889.5626,176.5164
9.457,0,1,heuristic,-5.5497,13.2369,2.0812,-2.1468,1.4803,2.6077,-0.5595,1.4084,2.5000,-0.6294,1.3629,13.8354,-0.6838,3.0000,0.0000,2.0000,0,16.3315,874.3466,188.8040,531.5753,-342.7713,0.0000,0.0000,874.3466,188.8040
9.507,0,1,heuristic,-5.6582,13.3156,2.0533,-2.1348,1.4870,2.6017,-0.5663,1.4002,2.5000,-0.5137,1.3629,13.7803,-0.6809,3.0000,0.0000,2.0000,0,16.3315,885.6146,212.4679,549.0413,-336.5734,0.0000,0.0000,885.6146,212.4679
9.557,0,1,heuristic,-5.7598,13.3909,2.0253,-2.1314,1.5033,2.6083,-0.5630,1.3914,2.5000,-0.3913,1.3629,13.7216,-0.6618,3.0000,0.0000,2.0000,0,16.3315,866.9214,182.6652,524.7933,-342.1281,0.0000,0.0000,866.9214,182.6652
9.607,0,1,heuristic,-5.7598,13.3909,2.0141,-2.1314,1.5033,2.6083,-0.5665,1.3831,2.5000,-0.2762,1.3629,13.6661,-0.6422,3.0000,0.0000,2.0000,0,16.3315,850.2557,192.3843,521.3200,-328.9357,0.0000,0.0000,850.2557,192.3843
9.657,0,1,heuristic,-5.8669,13.4721,1.9858,-2.1171,1.5149,2.6033,-0.5623,1.3831,2.5000,-0.2762,1.3629,13.6661,-0.6309,3.0000,0.0000,2.0000,0,16.3315,862.1447,207.6476,534.8961,-327.2485,0.0000,0.0000,862.1447,207.6476
9.707,0,1,heuristic,-5.9671,13.5498,1.9688,-2.1110,1.5357,2.6105,-0.5665,1.3743,2.5000,-0.1547,1.3629,13.6069,-0.6115,3.0000,0.0000,2.0000,0,16.3315,836.0726,214.8740,525.4733,-310.5993,0.0000,0.0000,836.0726,214.8740
9.757,0,1,heuristic,-6.0724,13.6338,1.9404,-2.0937,1.5517,2.6060,-0.5623,1.3659,2.5000,-0.0407,1.3629,13.5507,-0.6029,3.0000,0.0000,2.0000,0,16.3315,841.9300,227.5390,534.7345,-307.1955,0.0000,0.0000,841.9300,227.5390
9.807,0,1,heuristic,-6.0724,13.6338,1.9177,-2.0937,1.5517,2.6060,-0.5475,1.3570,2.5000,0.0797,1.3629,13.4904,-0.5834,3.0000,0.0000,2.0000,0,16.3315,861.2088,228.6214,544.9151,-316.2937,0.0000,0.0000,861.2088,228.6214
9.857,0,1,heuristic,-6.1706,13.7145,1.9007,-2.0841,1.5776,2.6139,-0.5673,1.3570,2.5000,0.0797,1.3629,13.4904,-0.5607,3.0000,0.0000,2.0000,0,16.3315,829.8456,234.1131,531.9794,-297.8663,0.0000,0.0000,829.8456,234.1131
9.907,0,1,heuristic,-6.2735,13.8021,1.8781,-2.0633,1.5988,2.6102,-0.5460,1.3486,2.5000,0.1924,1.3629,13.4328,-0.5521,3.0000,0.0000,2.0000,0,16.3315,834.7120,227.4064,531.0592,-303.6528,0.0000,0.0000,834.7120,227.4064
9.957,0,1,heuristic,-6.3694,13.8864,1.8555,-2.0499,1.6304,2.6192,-0.5615,1.3396,2.5000,0.3112,1.3629,13.3707,-0.5384,3.0000,0.0000,2.0000,0,16.3315,840.8969,243.2259,542.0614,-298.8355,0.0000,0.0000,840.8969,243.2259
10.007,0,1,heuristic,-6.4696,13.9779,1.8272,-2.0253,1.6562,2.6163,-0.5533,1.3312,2.5000,0.4224,1.3629,13.3110,-0.5243,3.0000,0.0000,2.0000,0,16.3315,879.3677,256.9001,568.1339,-311.2338,0.0000,0.0000,879.3677,256.9001
10.057,0,1,heuristic,-6.5626,14.0662,1.7993,-2.0080,1.6929,2.6264,-0.5373,1.3222,2.5000,0.5393,1.3629,13.2465,-0.5050,3.0000,0.0000,2.0000,0,16.3315,916.7996,225.8908,571.3452,-345.4544,0.0000,0.0000,916.7996,225.8908
10.107,0,1,heuristic,-6.5626,14.0662,1.7824,-2.0080,1.6929,2.6264,-0.5493,1.3137,2.5000,0.6486,1.3629,13.1842,-0.4855,3.0000,0.0000,2.0000,0,16.3315,886.5252,257.6161,572.0706,-314.4546,0.0000,0.0000,886.5252,257.6161
10.157,0,1,heuristic,-6.6599,14.1624,1.7544,-1.9804,1.7244,2.6260,-0.5603,1.3137,2.5000,0.6486,1.3629,13.1842,-0.4687,3.0000,0.0000,2.0000,0,16.3315,826.2947,272.5646,549.4296,-276.8651,0.0000,0.0000,826.2947,272.5646
10.207,0,1,heuristic,-6.7501,14.2555,1.7319,-1.9603,1.7675,2.6395,-0.5460,1.3047,2.5000,0.7636,1.3629,13.1164,-0.4497,3.0000,0.0000,2.0000,0,16.3315,826.2947,272.5646,549.4296,-276.8651,0.0000,0.0000,826.2947,272.5646
10.257,0,1,heuristic,-6.8440,14.3569,1.7038,-1.9296,1.8037,2.6413,-0.5438,1.2961,2.5000,0.8711,1.3629,13.0508,-0.4358,3.0000,0.0000,2.0000,0,16.3315,839.4948,265.8215,552.6581,-286.8366,0.0000,0.0000,839.4948,265.8215
10.307,0,1,heuristic,-6.9308,14.4546,1.6871,-1.9050,1.8500,2.6555,-0.5395,1.2870,2.5000,0.9840,1.3629,12.9793,-0.4167,3.0000,0.0000,2.0000,0,16.3315,852.0489,247.0983,549.5736,-302.4753,0.0000,0.0000,852.0489,247.0983
10.357,0,1,heuristic,-7.0207,14.5606,1.6592,-1.8698,1.8879,2.6571,-0.5567,1.2785,2.5000,1.0890,1.3629,12.9103,-0.4086,3.0000,0.0000,2.0000,0,16.3315,863.3633,317.4315,590.3974,-272.9659,0.0000,0.0000,863.3633,317.4315
10.407,0,1,heuristic,-7.1034,14.6628,1.6315,-1.8407,1.9361,2.6714,-0.5380,1.2694,2.5000,1.1988,1.3629,12.8352,-0.3898,3.0000,0.0000,2.0000,0,16.3315,874.4157,304.9210,589.6683,-284.7474,0.0000,0.0000,874.4157,304.9210
10.457,0,1,heuristic,-7.1889,14.7739,1.6038,-1.8012,1.9762,2.6739,-0.5493,1.2608,2.5000,1.3009,1.3629,12.7626,-0.3707,3.0000,0.0000,2.0000,0,16.3315,872.5255,337.3126,604.9191,-267.6065,0.0000,0.0000,872.5255,337.3126
10.507,0,1,heuristic,-7.2672,14.8811,1.5764,-1.7672,2.0278,2.6897,-0.5383,1.2517,2.5000,1.4074,1.3629,12.6834,-0.3521,3.0000,0.0000,2.0000,0,16.3315,872.3793,342.4317,607.4055,-264.9738,0.0000,0.0000,872.3793,342.4317
10.557,0,1,heuristic,-7.2672,14.8811,1.5545,-1.7672,2.0278,2.6897,-0.5423,1.2432,2.5000,1.5062,1.3629,12.6066,-0.3332,3.0000,0.0000,2.0000,0,16.3315,875.4237,345.1786,610.3012,-265.1226,0.0000,0.0000,875.4237,345.1786
10.607,0,1,heuristic,-7.3476,14.9977,1.5272,-1.7230,2.0705,2.6936,-0.5142,1.2432,2.5000,1.5062,1.3629,12.6066,-0.3113,3.0000,0.0000,2.0000,0,16.3315,851.5833,368.8733,610.2283,-241.3550,0.0000,0.0000,851.5833,368.8733
10.657,0,1,heuristic,-7.4209,15.1100,1.5110,-1.6837,2.1245,2.7108,-0.5272,1.2341,2.5000,1.6089,1.3629,12.5226,-0.2931,3.0000,0.0000,2.0000,0,16.3315,858.1645,397.1653,627.6649,-230.4996,0.0000,0.0000,858.1645,397.1653
10.707,0,1,heuristic,-7.4957,15.2319,1.4840,-1.6348,2.1682,2.7155,-0.5272,1.2256,2.5000,1.7038,1.3629,12.4413,-0.2854,3.0000,0.0000,2.0000,0,16.3315,819.3194,351.3437,585.3315,-233.9878,0.0000,0.0000,819.3194,351.3437
10.757,0,1,heuristic,-7.5635,15.3491,1.4681,-1.5902,2.2232,2.7334,-0.5125,1.2165,2.5000,1.8022,1.3629,12.3524,-0.2675,3.0000,0.0000,2.0000,0,16.3315,798.2190,329.5713,563.8951,-234.3239,0.0000,0.0000,798.2190,329.5713
10.807,0,1,heuristic,-7.6323,15.4758,1.4363,-1.5368,2.2657,2.7378,-0.4958,1.2080,2.5000,1.8927,1.3629,12.2664,-0.2600,3.0000,0.0000,2.0000,0,16.3315,765.5185,361.5802,563.5494,-201.9691,0.0000,0.0000,765.5185,361.5802
10.857,0,1,heuristic,-7.6943,15.5968,1.4154,-1.4880,2.3169,2.7536,-0.4990,1.1990,2.5000,1.9861,1.3629,12.1729,-0.2373,3.0000,0.0000,2.0000,0,16.3315,831.8637,372.8785,602.3711,-229.4926,0.0000,0.0000,831.8637,372.8785
10.907,0,1,heuristic,-7.7569,15.7270,1.3895,-1.4313,2.3540,2.7550,-0.4910,1.1906,2.5000,2.0718,1.3629,12.0831,-0.2248,3.0000,0.0000,2.0000,0,16.3315,824.1613,340.3458,582.2536,-241.9077,0.0000,0.0000,824.1613,340.3458
10.957,0,1,heuristic,-7.8130,15.8514,1.3640,-1.3785,2.4015,2.7691,-0.4948,1.1817,2.5000,2.1600,1.3629,11.9860,-0.2078,3.0000,0.0000,2.0000,0,16.3315,807.0819,357.4785,582.2802,-224.8017,0.0000,0.0000,807.0819,357.4785
11.007,0,1,heuristic,-7.8130,15.8514,1.3438,-1.3785,2.4015,2.7691,-0.4995,1.1734,2.5000,2.2405,1.3629,11.8925,-0.1906,3.0000,0.0000,2.0000,0,16.3315,805.7418,358.5163,582.1291,-223.6127,0.0000,0.0000,805.7418,358.5163
11.057,0,1,heuristic,-7.8692,15.9850,1.3236,-1.3189,2.4351,2.7694,-0.4870,1.1734,2.5000,2.2405,1.3629,11.8925,-0.1704,3.0000,0.0000,2.0000,0,16.3315,804.5948,356.6753,580.6351,-223.9597,0.0000,0.0000,804.5948,356.6753
11.107,0,1,heuristic,-7.9191,16.1122,1.3036,-1.2631,2.4783,2.7817,-0.4863,1.1646,2.5000,2.3230,1.3629,11.7915,-0.1590,3.0000,0.0000,2.0000,0,16.3315,791.3384,373.7415,582.5399,-208.7984,0.0000,0.0000,791.3384,373.7415
11.157,0,1,heuristic,-7.9687,16.2485,1.2788,-1.2012,2.5069,2.7798,-0.4900,1.1564,2.5000,2.3981,1.3629,11.6948,-0.1472,3.0000,0.0000,2.0000,0,16.3315,767.3840,398.7298,583.0569,-184.3271,0.0000,0.0000,767.3840,398.7298
11.207,0,1,heuristic,-8.0123,16.3781,1.2640,-1.1425,2.5453,2.7900,-0.4838,1.1478,2.5000,2.4748,1.3629,11.5904,-0.1310,3.0000,0.0000,2.0000,0,16.3315,799.3911,433.0350,616.2130,-183.1781,0.0000,0.0000,799.3911,433.0350
11.257,0,1,heuristic,-8.0549,16.5166,1.2396,-1.0782,2.5690,2.7861,-0.4778,1.1397,2.5000,2.5442,1.3629,11.4905,-0.1244,3.0000,0.0000,2.0000,0,16.3315,799.3911,433.0350,616.2130,-183.1781,0.0000,0.0000,799.3911,433.0350
11.307,0,1,heuristic,-8.0549,16.5166,1.2203,-1.0782,2.5690,2.7861,-0.4605,1.1312,2.5000,2.6145,1.3629,11.3829,-0.1084,3.0000,0.0000,2.0000,0,16.3315,794.4592,429.2598,611.8595,-182.5997,0.0000,0.0000,794.4592,429.2598
11.357,0,1,heuristic,-8.0918,16.6483,1.2012,-1.0163,2.6040,2.7953,-0.4530,1.1312,2.5000,2.6145,1.3629,11.3829,-0.0891,3.0000,0.0000,2.0000,0,16.3315,799.4153,453.2342,626.3247,-173.0905,0.0000,0.0000,799.4153,453.2342
11.407,0,1,heuristic,-8.1273,16.7892,1.1777,-0.9495,2.6252,2.7916,-0.4485,1.1232,2.5000,2.6778,1.3629,11.2798,-0.0779,3.0000,0.0000,2.0000,0,16.3315,828.5104,421.5984,625.0544,-203.4560,0.0000,0.0000,828.5104,421.5984
11.457,0,1,heuristic,-8.1574,16.9231,1.1591,-0.8848,2.6580,2.8014,-0.4383,1.1149,2.5000,2.7416,1.3629,11.1685,-0.0628,3.0000,0.0000,2.0000,0,16.3315,828.5104,421.5984,625.0544,-203.4560,0.0000,0.0000,828.5104,421.5984
11.507,0,1,heuristic,-8.1856,17.0663,1.1407,-0.8163,2.6771,2.7988,-0.4622,1.1072,2.5000,2.7986,1.3629,11.0619,-0.0520,3.0000,0.0000,2.0000,0,16.3315,847.3231,416.4925,631.9078,-215.4153,0.0000,0.0000,847.3231,416.4925
11.557,0,1,heuristic,-8.2088,17.2023,1.1178,-0.7500,2.7083,2.8102,-0.4557,1.0990,2.5000,2.8558,1.3629,10.9468,-0.0417,3.0000,0.0000,2.0000,0,16.3315,753.7011,483.6804,618.6908,-135.0103,0.0000,0.0000,753.7011,483.6804
11.607,0,1,heuristic,-8.2298,17.3476,1.0952,-0.6808,2.7257,2.8094,-0.4333,1.0914,2.5000,2.9066,1.3629,10.8365,-0.0264,3.0000,0.0000,2.0000,0,16.3315,779.9886,492.5338,636.2612,-143.7274,0.0000,0.0000,779.9886,492.5338
11.657,0,1,heuristic,-8.2462,17.4854,1.0772,-0.6126,2.7545,2.8218,-0.4278,1.0834,2.5000,2.9571,1.3629,10.7176,-0.0118,3.0000,0.0000,2.0000,0,16.3315,742.2449,509.0760,625.6605,-116.5845,0.0000,0.0000,742.2449,509.0760
11.707,0,1,heuristic,-8.2462,17.4854,1.0595,-0.6126,2.7545,2.8218,-0.4133,1.0759,2.5000,3.0015,1.3629,10.6038,-0.0013,3.0000,0.0000,2.0000,0,16.3315,740.5385,478.8413,609.6899,-130.8486,0.0000,0.0000,740.5385,478.8413
11.757,0,1,heuristic,-8.2595,17.6322,1.0376,-0.5415,2.7684,2.8209,-0.4123,1.0759,2.5000,3.0015,1.3629,10.6038,0.0165,3.0000,0.0000,2.0000,0,16.3315,795.5426,510.8709,653.2067,-142.3359,0.0000,0.0000,795.5426,510.8709
11.807,0,1,heuristic,-8.2686,17.7711,1.0205,-0.4709,2.7933,2.8328,-0.4183,1.0682,2.5000,3.0449,1.3629,10.4812,0.0305,3.0000,0.0000,2.0000,0,16.3315,778.5611,528.9545,653.7578,-124.8033,0.0000,0.0000,778.5611,528.9545
11.857,0,1,heuristic,-8.2743,17.9188,0.9996,-0.3988,2.8028,2.8310,-0.4093,1.0609,2.5000,3.0824,1.3629,10.3642,0.0404,3.0000,0.0000,2.0000,0,16.3315,739.5246,529.8089,634.6668,-104.8578,0.0000,0.0000,739.5246,529.8089
11.907,0,1,heuristic,-8.2761,18.0585,0.9832,-0.3266,2.8242,2.8430,-0.3917,1.0534,2.5000,3.1185,1.3629,10.2384,0.0538,3.0000,0.0000,2.0000,0,16.3315,726.2293,509.3881,617.8087,-108.4206,0.0000,0.0000,726.2293,509.3881
11.957,0,1,heuristic,-8.2742,18.2069,0.9709,-0.2538,2.8302,2.8415,-0.3685,1.0464,2.5000,3.1491,1.3629,10.1181,0.0633,3.0000,0.0000,2.0000,0,16.3315,746.2733,528.6861,637.4797,-108.7936,0.0000,0.0000,746.2733,528.6861
12.007,0,1,heuristic,-8.2690,18.3467,0.9471,-0.1815,2.8465,2.8522,-0.3818,1.0392,2.4972,3.1779,1.3629,9.9889,0.0682,3.0000,0.0000,2.0000,0,16.3315,746.2733,528.6861,637.4797,-108.7936,0.0000,0.0000,746.2733,528.6861
12.057,0,1,heuristic,-8.2599,18.4948,0.9316,-0.1102,2.8468,2.8490,-0.3785,1.0324,2.4665,3.2017,1.3629,9.8661,0.0853,3.0000,0.0000,2.0000,0,16.3315,727.5515,521.8192,624.6854,-102.8662,0.0000,0.0000,727.5515,521.8192
12.107,0,1,heuristic,-8.2599,18.4948,0.9163,-0.1102,2.8468,2.8490,-0.3685,1.0254,2.4336,3.2233,1.3629,9.7345,0.0938,3.0000,0.0000,2.0000,0,16.3315,727.5515,521.8192,624.6854,-102.8662,0.0000,0.0000,727.5515,521.8192
12.157,0,1,heuristic,-8.2481,18.6341,0.9014,-0.0391,2.8581,2.8584,-0.3503,1.0254,2.4336,3.2233,1.3629,9.7345,0.1091,3.0000,0.0000,2.0000,0,16.3315,730.8320,560.6890,645.7605,-85.0715,0.0000,0.0000,730.8320,560.6890
12.207,0,1,heuristic,-8.2323,18.7815,0.8903,0.0297,2.8532,2.8534,-0.3530,1.0190,2.4024,3.2405,1.3629,9.6094,0.1176,3.0000,0.0000,2.0000,0,16.3315,714.6722,544.7700,629.7211,-84.9511,0.0000,0.0000,714.6722,544.7700
12.257,0,1,heuristic,-8.2143,18.9199,0.8758,0.0988,2.8593,2.8610,-0.3347,1.0122,2.3690,3.2554,1.3629,9.4759,0.1219,3.0000,0.0000,2.0000,0,16.3315,702.9192,533.6530,618.2861,-84.6331,0.0000,0.0000,702.9192,533.6530
12.307,0,1,heuristic,-8.2143,18.9199,0.8651,0.0988,2.8593,2.8610,-0.3242,1.0060,2.3373,3.2664,1.3629,9.3491,0.1302,3.0000,0.0000,2.0000,0,16.3315,677.6103,513.8780,595.7442,-81.8662,0.0000,0.0000,677.6103,513.8780
12.357,0,1,heuristic,-8.1919,19.0661,0.8476,0.1651,2.8497,2.8544,-0.3337,1.0060,2.3373,3.2664,1.3629,9.3491,0.1410,3.0000,0.0000,2.0000,0,16.3315,677.6103,513.8780,595.7442,-81.8662,0.0000,0.0000,677.6103,513.8780
12.407,0,1,heuristic,-8.1681,19.2030,0.8407,0.2313,2.8502,2.8596,-0.3220,0.9996,2.3035,3.2747,1.3629,9.2138,0.1520,3.0000,0.0000,2.0000,0,16.3315,624.4447,552.9950,588.7198,-35.7249,0.0000,0.0000,624.4447,552.9950
12.457,0,1,heuristic,-8.1681,19.2030,0.8272,0.2313,2.8502,2.8596,-0.3113,0.9936,2.2715,3.2796,1.3629,9.0860,0.1529,3.0000,0.0000,2.0000,0,16.3315,632.3751,523.0288,577.7020,-54.6731,0.0000,0.0000,632.3751,523.0288
12.507,0,1,heuristic,-8.1399,19.3471,0.8106,0.2933,2.8344,2.8496,-0.3090,0.9936,2.2715,3.2796,1.3629,9.0860,0.1665,3.0000,0.0000,2.0000,0,16.3315,663.1439,514.4695,588.8067,-74.3372,0.0000,0.0000,663.1439,514.4695
12.557,0,1,heuristic,-8.1108,19.4817,0.8010,0.3560,2.8285,2.8508,-0.2930,0.9875,2.2375,3.2818,1.3629,8.9500,0.1769,3.0000,0.0000,2.0000,0,16.3315,690.0803,527.6722,608.8763,-81.2040,0.0000,0.0000,690.0803,527.6722
12.607,0,1,heuristic,-8.0772,19.6232,0.7853,0.4140,2.8071,2.8375,-0.3040,0.9818,2.2054,3.2811,1.3629,8.8217,0.1808,3.0000,0.0000,2.0000,0,16.3315,678.4183,551.3056,614.8620,-63.5564,0.0000,0.0000,678.4183,551.3056
12.657,0,1,heuristic,-8.0431,19.7556,0.7761,0.4735,2.7973,2.8371,-0.2855,0.9760,2.1714,3.2774,1.3629,8.6855,0.1908,3.0000,0.0000,2.0000,0,16.3315,620.5991,532.9427,576.7709,-43.8282,0.0000,0.0000,620.5991,532.9427
12.707,0,1,heuristic,-8.0431,19.7556,0.7669,0.4735,2.7973,2.8371,-0.2755,0.9706,2.1392,3.2713,1.3629,8.5569,0.1946,3.0000,0.0000,2.0000,0,16.3315,599.0750,538.8821,568.9786,-30.0964,0.0000,0.0000,599.0750,538.8821
12.757,0,1,heuristic,-8.0042,19.8948,0.7521,0.5285,2.7732,2.8231,-0.2770,0.9706,2.1392,3.2713,1.3629,8.5569,0.2037,3.0000,0.0000,2.0000,0,16.3315,599.9763,562.0964,581.0364,-18.9400,0.0000,0.0000,599.9763,562.0964
12.807,0,1,heuristic,-7.9652,20.0247,0.7463,0.5849,2.7597,2.8210,-0.2680,0.9651,2.1050,3.2620,1.3629,8.4202,0.2130,3.0000,0.0000,2.0000,0,16.3315,623.3163,571.8316,597.5740,-25.7423,0.0000,0.0000,623.3163,571.8316
12.857,0,1,heuristic,-7.9652,20.0247,0.7350,0.5849,2.7597,2.8210,-0.2513,0.9601,2.0728,3.2507,1.3629,8.2913,0.2137,3.0000,0.0000,2.0000,0,16.3315,623.0565,569.9536,596.5050,-26.5515,0.0000,0.0000,623.0565,569.9536
12.907,0,1,heuristic,-7.8778,20.2882,0.7185,0.6908,2.7156,2.8021,-0.2503,0.9601,2.0728,3.2507,1.3629,8.2913,0.2251,3.0000,0.0000,2.0000,0,16.3315,597.5540,545.2346,571.3943,-26.1597,0.0000,0.0000,597.5540,545.2346
12.957,0,1,heuristic,-7.8778,20.2882,0.7132,0.6908,2.7156,2.8021,-0.2385,0.9502,2.0064,3.2196,1.3629,8.0257,0.2316,3.0000,0.0000,2.0000,0,16.3315,563.2173,539.4415,551.3294,-11.8879,0.0000,0.0000,563.2173,539.4415
13.007,0,1,heuristic,-7.8292,20.4217,0.7003,0.7398,2.6860,2.7861,-0.2245,0.9502,2.0064,3.2196,1.3629,8.0257,0.2369,3.0000,0.0000,2.0000,0,16.3315,561.6206,521.9200,541.7703,-19.8503,0.0000,0.0000,561.6206,521.9200
13.057,0,1,heuristic,-7.7814,20.5460,0.6928,0.7910,2.6669,2.7817,-0.2177,0.9453,1.9722,3.1995,1.3629,7.8889,0.2451,3.0000,0.0000,2.0000,0,16.3315,561.6206,521.9200,541.7703,-19.8503,0.0000,0.0000,561.6206,521.9200
13.107,0,1,heuristic,-7.7814,20.5460,0.6854,0.7910,2.6669,2.7817,-0.2300,0.9409,1.9401,3.1784,1.3629,7.7602,0.2482,3.0000,0.0000,2.0000,0,16.3315,563.3610,528.8412,546.1011,-17.2599,0.0000,0.0000,563.3610,528.8412
13.157,0,1,heuristic,-7.7287,20.6762,0.6736,0.8352,2.6340,2.7633,-0.2210,0.9409,1.9401,3.1784,1.3629,7.7602,0.2555,3.0000,0.0000,2.0000,0,16.3315,547.4589,538.8952,543.1770,-4.2818,0.0000,0.0000,547.4589,538.8952
13.207,0,1,heuristic,-7.6774,20.7972,0.6689,0.8820,2.6117,2.7566,-0.2142,0.9365,1.9060,3.1538,1.3629,7.6241,0.2629,3.0000,0.0000,2.0000,0,16.3315,526.5909,512.1226,519.3568,-7.2342,0.0000,0.0000,526.5909,512.1226
13.257,0,1,heuristic,-7.6774,20.7972,0.6599,0.8820,2.6117,2.7566,-0.1928,0.9324,1.8741,3.1285,1.3629,7.4963,0.2635,3.0000,0.0000,2.0000,0,16.3315,517.3777,520.5993,518.9885,1.6108,0.0000,0.0000,517.3777,520.5993
13.308,0,1,heuristic,-7.6212,20.9239,0.6512,0.9219,2.5765,2.7365,-0.1842,0.9324,1.8741,3.1285,1.3629,7.4963,0.2725,3.0000,0.0000,2.0000,0,16.3315,491.7310,525.9906,508.8608,17.1298,0.0000,0.0000,491.7310,525.9906
13.357,0,1,heuristic,-7.5668,21.0416,0.6427,0.9643,2.5515,2.7276,-0.2020,0.9283,1.8403,3.0997,1.3629,7.3611,0.2771,3.0000,0.0000,2.0000,0,16.3315,473.3563,513.8332,493.5947,20.2384,0.0000,0.0000,473.3563,513.8332
13.407,0,1,heuristic,-7.5076,21.1644,0.6366,0.9992,2.5137,2.7050,-0.1695,0.9246,1.8086,3.0707,1.3629,7.2343,0.2818,3.0000,0.0000,2.0000,0,16.3315,473.3563,513.8332,493.5947,20.2384,0.0000,0.0000,473.3563,513.8332
13.457,0,1,heuristic,-7.5076,21.1644,0.6366,0.9992,2.5137,2.7050,-0.1695,0.9208,1.7752,3.0381,1.3629,7.1006,0.2842,3.0000,0.0000,2.0000,0,16.3315,451.6520,490.4982,471.0751,19.4231,0.0000,0.0000,451.6520,490.4982
13.507,0,1,heuristic,-7.4506,21.2783,0.6268,1.0366,2.4856,2.6931,-0.1705,0.9208,1.7752,3.0381,1.3629,7.1006,0.2842,3.0000,0.0000,2.0000,0,16.3315,452.3382,490.5316,471.4349,19.0967,0.0000,0.0000,452.3382,490.5316
13.558,0,1,heuristic,-7.4506,21.2783,0.6230,1.0366,2.4856,2.6931,-0.1625,0.9174,1.7439,3.0059,1.3629,6.9755,0.2906,3.0000,0.0000,2.0000,0,16.3315,447.3633,481.2723,464.3178,16.9545,0.0000,0.0000,447.3633,481.2723
13.607,0,1,heuristic,-7.3892,21.3970,0.6122,1.0656,2.4450,2.6671,-0.1525,0.9174,1.7439,3.0059,1.3629,6.9755,0.2944,3.0000,0.0000,2.0000,0,16.3315,443.6786,475.9733,459.8260,16.1473,0.0000,0.0000,443.6786,475.9733
13.657,0,1,heuristic,-7.3305,21.5069,0.6088,1.0970,2.4139,2.6515,-0.1497,0.9140,1.7110,2.9703,1.3629,6.8440,0.3018,3.0000,0.0000,2.0000,0,16.3315,436.0843,481.9841,459.0342,22.9499,0.0000,0.0000,436.0843,481.9841
13.707,0,1,heuristic,-7.3305,21.5069,0.6021,1.0970,2.4139,2.6515,-0.1320,0.9109,1.6803,2.9355,1.3629,6.7211,0.3021,3.0000,0.0000,2.0000,0,16.3315,413.1272,475.5473,444.3372,31.2101,0.0000,0.0000,413.1272,475.5473
13.757,0,1,heuristic,-7.2073,21.7274,0.5927,1.1468,2.3386,2.6046,-0.1305,0.9109,1.6803,2.9355,1.3629,6.7211,0.3088,3.0000,0.0000,2.0000,0,16.3315,403.9715,479.2312,441.6013,37.6299,0.0000,0.0000,403.9715,479.2312
13.807,0,1,heuristic,-7.2073,21.7274,0.5898,1.1468,2.3386,2.6046,-0.1247,0.9051,1.6179,2.8604,1.3629,6.4716,0.3124,3.0000,0.0000,2.0000,0,16.3315,382.0842,478.4838,430.2840,48.1998,0.0000,0.0000,382.0842,478.4838
13.857,0,1,heuristic,-7.1428,21.8376,0.5826,1.1653,2.2949,2.5738,-0.1230,0.9051,1.6179,2.8604,1.3629,6.4716,0.3153,3.0000,0.0000,2.0000,0,16.3315,382.0842,478.4838,430.2840,48.1998,0.0000,0.0000,382.0842,478.4838
13.907,0,1,heuristic,-7.0815,21.9396,0.5773,1.1875,2.2607,2.5536,-0.1042,0.9024,1.5863,2.8201,1.3629,6.3451,0.3197,3.0000,0.0000,2.0000,0,16.3315,378.8969,450.0929,414.4949,35.5980,0.0000,0.0000,378.8969,450.0929
13.957,0,1,heuristic,-7.0160,22.0456,0.5712,1.2021,2.2163,2.5213,-0.0897,0.8999,1.5568,2.7812,1.3629,6.2271,0.3226,3.0000,0.0000,2.0000,0,16.3315,365.0886,440.0961,402.5923,37.5037,0.0000,0.0000,365.0886,440.0961
14.007,0,1,heuristic,-6.9538,22.1436,0.5666,1.2207,2.1814,2.4997,-0.0938,0.8975,1.5258,2.7390,1.3629,6.1034,0.3264,3.0000,0.0000,2.0000,0,16.3315,356.1890,433.2560,394.7225,38.5335,0.0000,0.0000,356.1890,433.2560
14.057,0,1,heuristic,-6.9538,22.1436,0.5633,1.2207,2.1814,2.4997,-0.0910,0.8955,1.4970,2.6984,1.3629,5.9880,0.3289,3.0000,0.0000,2.0000,0,16.3315,336.6676,417.5821,377.1248,40.4572,0.0000,0.0000,336.6676,417.5821
14.107,0,1,heuristic,-6.8876,22.2454,0.5583,1.2313,2.1369,2.4663,-0.0948,0.8955,1.4970,2.6984,1.3629,5.9880,0.3321,3.0000,0.0000,2.0000,0,16.3315,327.1527,410.6393,368.8960,41.7433,0.0000,0.0000,327.1527,410.6393
14.157,0,1,heuristic,-6.8250,22.3396,0.5555,1.2460,2.1017,2.4433,-0.0825,0.8934,1.4668,2.6546,1.3629,5.8671,0.3351,3.0000,0.0000,2.0000,0,16.3315,326.8690,413.4757,370.1723,43.3033,0.0000,0.0000,326.8690,413.4757
14.207,0,1,heuristic,-6.7584,22.4373,0.5511,1.2527,2.0573,2.4087,-0.0845,0.8916,1.4386,2.6127,1.3629,5.7545,0.3362,3.0000,0.0000,2.0000,0,16.3315,315.6868,409.9370,362.8119,47.1251,0.0000,0.0000,315.6868,409.9370
14.257,0,1,heuristic,-6.6956,22.5276,0.5479,1.2638,2.0221,2.3845,-0.0698,0.8899,1.4092,2.5678,1.3629,5.6366,0.3388,3.0000,0.0000,2.0000,0,16.3315,291.9697,407.0508,349.5102,57.5405,0.0000,0.0000,291.9697,407.0508
14.307,0,1,heuristic,-6.6956,22.5276,0.5449,1.2638,2.0221,2.3845,-0.0542,0.8885,1.3817,2.5250,1.3629,5.5270,0.3406,3.0000,0.0000,2.0000,0,16.3315,291.9697,407.0508,349.5102,57.5405,0.0000,0.0000,291.9697,407.0508
14.357,0,1,heuristic,-6.6290,22.6214,0.5422,1.2675,1.9784,2.3496,-0.0385,0.8885,1.3817,2.5250,1.3629,5.5270,0.3436,3.0000,0.0000,2.0000,0,16.3315,289.7913,409.5271,349.6592,59.8679,0.0000,0.0000,289.7913,409.5271
14.407,0,1,heuristic,-6.5661,22.7079,0.5403,1.2759,1.9433,2.3247,-0.0365,0.8871,1.3530,2.4791,1.3629,5.4121,0.3449,3.0000,0.0000,2.0000,0,16.3315,268.8924,416.8559,342.8741,73.9817,0.0000,0.0000,268.8924,416.8559
14.457,0,1,heuristic,-6.4994,22.7978,0.5376,1.2773,1.9001,2.2895,-0.0343,0.8860,1.3263,2.4355,1.3629,5.3053,0.3457,3.0000,0.0000,2.0000,0,16.3315,267.1058,400.7559,333.9308,66.8250,0.0000,0.0000,267.1058,400.7559
14.507,0,1,heuristic,-6.4365,22.8806,0.5357,1.2838,1.8654,2.2645,-0.0065,0.8850,1.2984,2.3887,1.3629,5.1936,0.3474,3.0000,0.0000,2.0000,0,16.3315,260.2964,391.2133,325.7548,65.4584,0.0000,0.0000,260.2964,391.2133
14.557,0,1,heuristic,-6.4365,22.8806,0.5341,1.2838,1.8654,2.2645,-0.0128,0.8843,1.2724,2.3443,1.3629,5.0896,0.3485,3.0000,0.0000,2.0000,0,16.3315,246.7237,375.5538,311.1387,64.4150,0.0000,0.0000,246.7237,375.5538
14.607,0,1,heuristic,-6.3699,22.9666,0.5326,1.2834,1.8230,2.2294,-0.0033,0.8843,1.2724,2.3443,1.3629,5.0896,0.3501,3.0000,0.0000,2.0000,0,16.3315,237.2038,360.6814,298.9426,61.7388,0.0000,0.0000,237.2038,360.6814
14.657,0,1,heuristic,-6.3072,23.0459,0.5318,1.2878,1.7886,2.2040,-0.0170,0.8837,1.2452,2.2968,1.3629,4.9809,0.3511,3.0000,0.0000,2.0000,0,16.3315,219.2120,355.6181,287.4151,68.2031,0.0000,0.0000,219.2120,355.6181
14.707,0,1,heuristic,-6.2411,23.1280,0.5309,1.2847,1.7468,2.1683,0.0005,0.8833,1.2200,2.2519,1.3629,4.8799,0.3515,3.0000,0.0000,2.0000,0,16.3315,222.2448,350.5648,286.4048,64.1600,0.0000,0.0000,222.2448,350.5648
14.757,0,1,heuristic,-6.1791,23.2036,0.5305,1.2861,1.7125,2.1417,0.0045,0.8831,1.1936,2.2041,1.3629,4.7744,0.3522,3.0000,0.0000,2.0000,0,16.3315,201.9346,341.7327,271.8337,69.8991,0.0000,0.0000,201.9346,341.7327
14.807,0,1,heuristic,-6.1137,23.2819,0.5302,1.2801,1.6712,2.1052,-0.0143,0.8831,1.1692,2.1590,1.3629,4.6766,0.3525,3.0000,0.0000,2.0000,0,16.3315,189.4349,334.0434,261.7391,72.3043,0.0000,0.0000,189.4349,334.0434
14.857,0,1,heuristic,-6.0526,23.3540,0.5302,1.2787,1.6373,2.0774,0.0163,0.8832,1.1437,2.1113,1.3629,4.5746,0.3530,3.0000,0.0000,2.0000,0,16.3315,180.8894,315.0440,247.9667,67.0773,0.0000,0.0000,180.8894,315.0440
14.907,0,1,heuristic,-6.0526,23.3540,0.5304,1.2787,1.6373,2.0774,0.0075,0.8836,1.1250,2.0664,1.3629,4.4802,0.3533,3.0000,0.0000,2.0000,0,16.3315,180.8894,315.0440,247.9667,67.0773,0.0000,0.0000,180.8894,315.0440
14.957,0,1,heuristic,-5.9884,23.4285,0.5309,1.2699,1.5964,2.0399,0.0158,0.8836,1.1250,2.0664,1.3629,4.4802,0.3531,3.0000,0.0000,2.0000,0,16.3315,169.5010,323.3626,246.4318,76.9308,0.0000,0.0000,169.5010,323.3626
15.007,0,1,heuristic,-5.9285,23.4970,0.5315,1.2655,1.5625,2.0107,0.0283,0.8841,1.1250,2.0189,1.3629,4.3818,0.3532,3.0000,0.0000,2.0000,0,16.3315,154.7939,315.4449,235.1194,80.3255,0.0000,0.0000,154.7939,315.4449
15.057,0,1,heuristic,-5.8656,23.5678,0.5327,1.2544,1.5224,1.9726,0.0340,0.8848,1.1250,1.9744,1.3629,4.2909,0.3532,3.0000,0.0000,2.0000,0,16.3315,141.5100,307.2633,224.3867,82.8767,0.0000,0.0000,141.5100,307.2633
15.107,0,1,heuristic,-5.8069,23.6329,0.5338,1.2482,1.4891,1.9430,0.0545,0.8857,1.1250,1.9275,1.3629,4.1962,0.3530,3.0000,0.0000,2.0000,0,16.3315,147.2712,295.9018,221.5865,74.3153,0.0000,0.0000,147.2712,295.9018
15.157,0,1,heuristic,-5.8069,23.6329,0.5352,1.2482,1.4891,1.9430,0.0395,0.8867,1.1250,1.8835,1.3629,4.1087,0.3529,3.0000,0.0000,2.0000,0,16.3315,140.8613,293.5556,217.2085,76.3471,0.0000,0.0000,140.8613,293.5556
15.207,0,1,heuristic,-5.7453,23.7001,0.5368,1.2354,1.4497,1.9047,0.0495,0.8867,1.1250,1.8835,1.3629,4.1087,0.3515,3.0000,0.0000,2.0000,0,16.3315,136.4072,291.1375,213.7723,77.3652,0.0000,0.0000,136.4072,291.1375
15.257,0,1,heuristic,-5.6879,23.7618,0.5387,1.2274,1.4170,1.8747,0.0788,0.8880,1.1250,1.8371,1.3629,4.0177,0.3512,3.0000,0.0000,2.0000,0,16.3315,129.8882,294.7312,212.3097,82.4215,0.0000,0.0000,129.8882,294.7312
15.307,0,1,heuristic,-5.6277,23.8256,0.5407,1.2135,1.3789,1.8368,0.0610,0.8895,1.1250,1.7937,1.3629,3.9336,0.3508,3.0000,0.0000,2.0000,0,16.3315,115.1340,280.0624,197.5982,82.4642,0.0000,0.0000,115.1340,280.0624
15.357,0,1,heuristic,-5.5716,23.8843,0.5429,1.2047,1.3475,1.8074,0.0602,0.8912,1.1250,1.7479,1.3629,3.8462,0.3505,3.0000,0.0000,2.0000,0,16.3315,110.5039,282.4008,196.4524,85.9485,0.0000,0.0000,110.5039,282.4008
15.407,0,1,heuristic,-5.5716,23.8843,0.5453,1.2047,1.3475,1.8074,0.0752,0.8930,1.1250,1.7051,1.3629,3.7653,0.3501,3.0000,0.0000,2.0000,0,16.3315,115.9584,271.2073,193.5828,77.6245,0.0000,0.0000,115.9584,271.2073
15.457,0,1,heuristic,-5.5128,23.9448,0.5480,1.1900,1.3109,1.7705,0.0890,0.8930,1.1250,1.7051,1.3629,3.7653,0.3476,3.0000,0.0000,2.0000,0,16.3315,103.8305,264.3562,184.0933,80.2629,0.0000,0.0000,103.8305,264.3562
15.508,0,1,heuristic,-5.4579,24.0005,0.5508,1.1805,1.2807,1.7418,0.0870,0.8951,1.1250,1.6600,1.3629,3.6812,0.3471,3.0000,0.0000,2.0000,0,16.3315,96.0446,272.8623,184.4534,88.4088,0.0000,0.0000,96.0446,272.8623
15.557,0,1,heuristic,-5.4004,24.0580,0.5546,1.1655,1.2458,1.7060,0.0850,0.8973,1.1250,1.6179,1.3629,3.6035,0.3465,3.0000,0.0000,2.0000,0,16.3315,86.7298,271.2730,179.0014,92.2716,0.0000,0.0000,86.7298,271.2730
15.607,0,1,heuristic,-5.3468,24.1109,0.5570,1.1557,1.2170,1.6783,0.1005,0.8999,1.1250,1.5735,1.3629,3.5227,0.3453,3.0000,0.0000,2.0000,0,16.3315,84.9301,262.0082,173.4692,88.5390,0.0000,0.0000,84.9301,262.0082
15.657,0,1,heuristic,-5.2906,24.1656,0.5612,1.1408,1.1839,1.6441,0.1010,0.9025,1.1250,1.5320,1.3629,3.4479,0.3455,3.0000,0.0000,2.0000,0,16.3315,87.7792,250.5738,169.1765,81.3973,0.0000,0.0000,87.7792,250.5738
15.707,0,1,heuristic,-5.2382,24.2158,0.5658,1.1311,1.1566,1.6177,0.1143,0.9056,1.1250,1.4882,1.3629,3.3702,0.3443,3.0000,0.0000,2.0000,0,16.3315,84.6568,250.1374,167.3971,82.7403,0.0000,0.0000,84.6568,250.1374
15.757,0,1,heuristic,-5.2382,24.2158,0.5686,1.1311,1.1566,1.6177,0.1057,0.9087,1.1250,1.4473,1.3629,3.2983,0.3429,3.0000,0.0000,2.0000,0,16.3315,79.1876,243.4983,161.3429,82.1553,0.0000,0.0000,79.1876,243.4983
15.807,0,1,heuristic,-5.1832,24.2679,0.5736,1.1163,1.1253,1.5850,0.1245,0.9087,1.1250,1.4473,1.3629,3.2983,0.3400,3.0000,0.0000,2.0000,0,16.3315,73.8727,245.8037,159.8382,85.9655,0.0000,0.0000,73.8727,245.8037
15.857,0,1,heuristic,-5.1320,24.3157,0.5777,1.1065,1.0996,1.5600,0.1128,0.9122,1.1250,1.4043,1.3629,3.2235,0.3386,3.0000,0.0000,2.0000,0,16.3315,65.0242,247.6036,156.3139,91.2897,0.0000,0.0000,65.0242,247.6036
15.907,0,1,heuristic,-5.0783,24.3652,0.5820,1.0919,1.0701,1.5288,0.1180,0.9158,1.1250,1.3640,1.3629,3.1543,0.3381,3.0000,0.0000,2.0000,0,16.3315,65.0242,247.6036,156.3139,91.2897,0.0000,0.0000,65.0242,247.6036
15.957,0,1,heuristic,-5.0282,24.4108,0.5875,1.0822,1.0459,1.5050,0.1290,0.9198,1.1250,1.3216,1.3629,3.0824,0.3378,3.0000,0.0000,2.0000,0,16.3315,54.0880,244.8473,149.4677,95.3797,0.0000,0.0000,54.0880,244.8473
16.007,0,1,heuristic,-4.9756,24.4579,0.5921,1.0680,1.0179,1.4754,0.1313,0.9239,1.1250,1.2820,1.3629,3.0158,0.3363,3.0000,0.0000,2.0000,0,16.3315,47.5371,245.4303,146.4837,98.9466,0.0000,0.0000,47.5371,245.4303
16.057,0,1,heuristic,-4.9265,24.5012,0.5980,1.0587,0.9948,1.4528,0.1328,0.9285,0.0000,1.2403,1.3629,2.9465,0.3364,3.0000,0.0006,2.0000,0,16.3315,41.7922,249.5632,145.6777,103.8855,0.0000,0.0000,41.7922,249.5632
16.107,0,1,heuristic,-4.9265,24.5012,0.6017,1.0587,0.9948,1.4528,0.1348,0.9331,0.0000,1.2013,1.3629,2.8825,0.3350,3.0000,0.0006,2.0000,0,16.3315,0.0000,0.0000,0.0000,0.0000,0.0000,0.0000,0.0000,0.0000
16.157,0,1,heuristic,-4.8751,24.5459,0.6055,1.0448,0.9677,1.4241,0.1353,0.9331,0.0000,1.2013,1.3629,2.8825,0.3313,3.0000,0.1002,2.0000,0,16.3315,0.0000,0.0000,0.0000,0.0000,0.0000,0.0000,0.0000,0.0000
16.207,0,1,heuristic,-4.8281,24.5863,0.6130,1.0317,0.9427,1.3975,0.1190,0.9383,0.0000,1.1602,1.3629,2.8160,0.3328,3.0000,0.1002,2.0000,0,16.3315,0.0000,0.0000,0.0000,0.0000,0.0000,0.0000,0.0000,0.0000
16.257,0,1,heuristic,-4.7805,24.6274,0.6178,1.0084,0.9121,1.3597,0.1135,0.9434,0.0000,1.1225,1.3629,2.7557,0.3304,3.0000,0.2000,2.0000,0,16.3315,0.0000,0.0000,0.0000,0.0000,0.0000,0.0000,0.0000,0.0000
16.307,0,1,heuristic,-4.7378,24.6645,0.6236,0.9848,0.8842,1.3234,0.1070,0.9487,0.0000,1.0844,1.3629,2.6945,0.3309,3.0000,0.2000,2.0000,0,16.3315,0.0000,0.0000,0.0000,0.0000,0.0000,0.0000,0.0000,0.0000
16.357,0,1,heuristic,-4.7378,24.6645,0.6269,0.9848,0.8842,1.3234,0.1067,0.9537,0.0000,1.0503,1.3629,2.6395,0.3301,3.0000,0.3001,2.0000,0,16.3315,0.0000,0.0000,0.0000,0.0000,0.0000,0.0000,0.0000,0.0000
16.407,0,1,heuristic,-4.6562,24.7358,0.6331,0.9232,0.8221,1.2362,0.0978,0.9537,0.0000,1.0503,1.3629,2.6395,0.3268,3.0000,0.3001,2.0000,0,16.3315,0.0000,0.0000,0.0000,0.0000,0.0000,0.0000,0.0000,0.0000
16.457,0,1,heuristic,-4.6562,24.7358,0.6351,0.9232,0.8221,1.2362,0.1013,0.9637,0.0000,0.9852,1.3629,2.5343,0.3306,3.0000,0.4000,2.0000,0,16.3315,0.0000,0.0000,0.0000,0.0000,0.0000,0.0000,0.0000,0.0000
16.507,0,1,heuristic,-4.6175,24.7697,0.6397,0.8875,0.7883,1.1871,0.0800,0.9637,0.0000,0.9852,1.3629,2.5343,0.3286,3.0000,0.4000,2.0000,0,16.3315,0.0000,0.0000,0.0000,0.0000,0.0000,0.0000,0.0000,0.0000
16.557,0,1,heuristic,-4.5829,24.8000,0.6424,0.8543,0.7569,1.1414,0.0805,0.9687,0.0000,0.9543,1.3629,2.4843,0.3289,3.0000,0.5003,2.0000,0,16.3315,0.0000,0.0000,0.0000,0.0000,0.0000,0.0000,0.0000,0.0000
16.607,0,1,heuristic,-4.5829,24.8000,0.6457,0.8543,0.7569,1.1414,0.0757,0.9733,0.0000,0.9266,1.3629,2.4398,0.3310,3.0000,0.5003,2.0000,0,16.3315,0.0000,0.0000,0.0000,0.0000,0.0000,0.0000,0.0000,0.0000
16.657,0,1,heuristic,-4.5480,24.8303,0.6496,0.8174,0.7219,1.0905,0.0580,0.9733,0.0000,0.9266,1.3629,2.4398,0.3276,3.0000,0.6003,2.0000,0,16.3315,0.0000,0.0000,0.0000,0.0000,0.0000,0.0000,0.0000,0.0000
16.707,0,1,heuristic,-4.5169,24.8572,0.6503,0.7838,0.6897,1.0441,0.0870,0.9782,0.0000,0.8988,1.3629,2.3952,0.3286,3.0000,0.6003,2.0000,0,16.3315,0.0000,0.0000,0.0000,0.0000,0.0000,0.0000,0.0000,0.0000
16.757,0,1,heuristic,-4.4855,24.8842,0.6539,0.7478,0.6554,0.9944,0.0648,0.9828,0.0000,0.8739,1.3629,2.3555,0.3325,3.0000,0.6999,2.0000,0,16.3315,0.0000,0.0000,0.0000,0.0000,0.0000,0.0000,0.0000,0.0000
16.807,0,1,heuristic,-4.4572,24.9083,0.6572,0.7159,0.6247,0.9501,0.0732,0.9877,0.0000,0.8487,1.3629,2.3156,0.3338,3.0000,0.6999,2.0000,0,16.3315,0.0000,0.0000,0.0000,0.0000,0.0000,0.0000,0.0000,0.0000
16.857,0,1,heuristic,-4.4572,24.9083,0.6579,0.7159,0.6247,0.9501,0.0635,0.9922,0.0000,0.8261,1.3629,2.2800,0.3350,3.0000,0.8002,2.0000,0,16.3315,0.0000,0.0000,0.0000,0.0000,0.0000,0.0000,0.0000,0.0000
16.907,0,1,heuristic,-4.4287,24.9326,0.6609,0.6826,0.5932,0.9043,0.0532,0.9922,0.0000,0.8261,1.3629,2.2800,0.3343,3.0000,0.8002,2.0000,0,16.3315,0.0000,0.0000,0.0000,0.0000,0.0000,0.0000,0.0000,0.0000
16.957,0,1,heuristic,-4.4028,24.9545,0.6631,0.6537,0.5658,0.8646,0.0593,0.9969,0.0000,0.8031,1.3629,2.2441,0.3361,3.0000,0.9001,2.0000,0,16.3315,0.0000,0.0000,0.0000,0.0000,0.0000,0.0000,0.0000,0.0000
17.007,0,1,heuristic,-4.4028,24.9545,0.6647,0.6537,0.5658,0.8646,0.0630,1.0014,0.0000,0.7824,1.3629,2.2117,0.3382,3.0000,0.9001,2.0000,0,16.3315,0.0000,0.0000,0.0000,0.0000,0.0000,0.0000,0.0000,0.0000
17.057,0,1,heuristic,-4.3765,24.9767,0.6668,0.6244,0.5383,0.8244,0.0470,1.0014,0.0000,0.7824,1.3629,2.2117,0.3366,3.0000,1.0000,2.0000,0,16.3315,0.0000,0.0000,0.0000,0.0000,0.0000,0.0000,0.0000,0.0000
17.107,0,1,heuristic,-4.3524,24.9969,0.6682,0.5996,0.5148,0.7902,0.0433,1.0060,0.0000,0.7612,1.3629,2.1787,0.3393,3.0000,1.0000,2.0000,0,16.3315,0.0000,0.0000,0.0000,0.0000,0.0000,0.0000,0.0000,0.0000
17.157,0,1,heuristic,-4.3524,24.9969,0.6700,0.5996,0.5148,0.7902,0.0457,1.0105,0.0000,0.7418,1.3629,2.1488,0.3423,3.0000,1.1001,2.0000,0,16.3315,0.0000,0.0000,0.0000,0.0000,0.0000,0.0000,0.0000,0.0000
17.207,0,1,heuristic,-4.3277,25.0175,0.6721,0.5747,0.4908,0.7557,0.0365,1.0105,0.0000,0.7418,1.3629,2.1488,0.3405,3.0000,1.1001,2.0000,0,16.3315,0.0000,0.0000,0.0000,0.0000,0.0000,0.0000,0.0000,0.0000
17.257,0,1,heuristic,-4.3051,25.0360,0.6733,0.5542,0.4701,0.7267,0.0362,1.0152,0.0000,0.7219,1.3629,2.1183,0.3431,3.0000,1.2000,2.0000,0,16.3315,0.0000,0.0000,0.0000,0.0000,0.0000,0.0000,0.0000,0.0000
17.307,0,1,heuristic,-4.2817,25.0549,0.6748,0.5334,0.4486,0.6969,0.0305,1.0197,0.0000,0.7035,1.3629,2.0906,0.3464,3.0000,1.2000,2.0000,0,16.3315,0.0000,0.0000,0.0000,0.0000,0.0000,0.0000,0.0000,0.0000
17.357,0,1,heuristic,-4.2602,25.0719,0.6762,0.5162,0.4297,0.6716,0.0302,1.0246,0.0000,0.6845,1.3629,2.0623,0.3498,3.0000,1.3001,2.0000,0,16.3315,0.0000,0.0000,0.0000,0.0000,0.0000,0.0000,0.0000,0.0000
17.407,0,1,heuristic,-4.2602,25.0719,0.6775,0.5162,0.4297,0.6716,0.0310,1.0293,0.0000,0.6670,1.3629,2.0367,0.3531,3.0000,1.3001,2.0000,0,16.3315,0.0000,0.0000,0.0000,0.0000,0.0000,0.0000,0.0000,0.0000
17.457,0,1,heuristic,-4.2381,25.0891,0.6787,0.4980,0.4098,0.6450,0.0312,1.0293,0.0000,0.6670,1.3629,2.0367,0.3518,3.0000,1.3998,2.0000,0,16.3315,0.0000,0.0000,0.0000,0.0000,0.0000,0.0000,0.0000,0.0000
17.507,0,1,heuristic,-4.2179,25.1045,0.6796,0.4825,0.3921,0.6218,0.0398,1.0343,0.0000,0.6489,1.3629,2.0106,0.3555,3.0000,1.3998,2.0000,0,16.3315,0.0000,0.0000,0.0000,0.0000,0.0000,0.0000,0.0000,0.0000
17.558,0,1,heuristic,-4.1972,25.1201,0.6810,0.4654,0.3735,0.5967,0.0255,1.0390,0.0000,0.6324,1.3629,1.9870,0.3594,3.0000,1.5002,2.0000,0,16.3315,0.0000,0.0000,0.0000,0.0000,0.0000,0.0000,0.0000,0.0000
17.607,0,1,heuristic,-4.1785,25.1340,0.6820,0.4503,0.3570,0.5747,0.0335,1.0441,0.0000,0.6154,1.3629,1.9632,0.3631,3.0000,1.5002,2.0000,0,16.3315,0.0000,0.0000,0.0000,0.0000,0.0000,0.0000,0.0000,0.0000
17.657,0,1,heuristic,-4.1785,25.1340,0.6825,0.4503,0.3570,0.5747,0.0265,1.0488,0.0000,0.5999,1.3629,1.9417,0.3668,3.0000,1.6000,2.0000,0,16.3315,0.0000,0.0000,0.0000,0.0000,0.0000,0.0000,0.0000,0.0000
17.707,0,1,heuristic,-4.1595,25.1481,0.6838,0.4336,0.3397,0.5508,0.0235,1.0488,0.0000,0.5999,1.3629,1.9417,0.3664,3.0000,1.6000,2.0000,0,16.3315,0.0000,0.0000,0.0000,0.0000,0.0000,0.0000,0.0000,0.0000
17.757,0,1,heuristic,-4.1422,25.1607,0.6844,0.4188,0.3244,0.5297,0.0323,1.0538,0.0000,0.5842,1.3629,1.9200,0.3700,3.0000,1.7002,2.0000,0,16.3315,0.0000,0.0000,0.0000,0.0000,0.0000,0.0000,0.0000,0.0000
17.807,0,1,heuristic,-4.1246,25.1734,0.6854,0.4027,0.3083,0.5072,0.0065,1.0584,0.0000,0.5699,1.3629,1.9005,0.3739,3.0000,1.7002,2.0000,0,16.3315,0.0000,0.0000,0.0000,0.0000,0.0000,0.0000,0.0000,0.0000
17.857,0,1,heuristic,-4.1086,25.1848,0.6861,0.3889,0.2940,0.4875,0.0230,1.0632,0.0000,0.5553,1.3629,1.8809,0.3778,3.0000,1.8000,2.0000,0,16.3315,0.0000,0.0000,0.0000,0.0000,0.0000,0.0000,0.0000,0.0000
17.907,0,1,heuristic,-4.1086,25.1848,0.6868,0.3889,0.2940,0.4875,0.0185,1.0678,0.0000,0.5420,1.3629,1.8632,0.3816,3.0000,1.8000,2.0000,0,16.3315,0.0000,0.0000,0.0000,0.0000,0.0000,0.0000,0.0000,0.0000
17.957,0,1,heuristic,-4.0922,25.1962,0.6874,0.3743,0.2791,0.4669,0.0148,1.0678,0.0000,0.5420,1.3629,1.8632,0.3810,3.0000,1.9002,2.0000,0,16.3315,0.0000,0.0000,0.0000,0.0000,0.0000,0.0000,0.0000,0.0000
18.007,0,1,heuristic,-4.0771,25.2064,0.6880,0.3622,0.2659,0.4493,0.0213,1.0726,0.0000,0.5283,1.3629,1.8453,0.3852,3.0000,1.9002,2.0000,0,16.3315,0.0000,0.0000,0.0000,0.0000,0.0000,0.0000,0.0000,0.0000
18.057,0,1,heuristic,-4.0615,25.2167,0.6887,0.3497,0.2523,0.4312,0.0020,1.0771,0.0000,0.5156,1.3629,1.8291,0.3891,3.0000,2.0002,2.0000,0,16.3315,0.0000,0.0000,0.0000,0.0000,0.0000,0.0000,0.0000,0.0000
18.107,0,1,heuristic,-4.0471,25.2260,0.6890,0.3397,0.2405,0.4162,0.0185,1.0820,0.0000,0.5025,1.3629,1.8127,0.3934,3.0000,2.0002,2.0000,0,16.3315,0.0000,0.0000,0.0000,0.0000,0.0000,0.0000,0.0000,0.0000
18.157,1,1,heuristic,-4.0471,25.2260,0.6895,0.3397,0.2405,0.4162,0.0298,1.2890,3.2663,0.4904,1.3629,18.0677,0.6000,3.0000,0.0000,0.0000,0,16.3315,0.0000,0.0000,0.0000,0.0000,0.0000,0.0000,0.0000,0.0000
18.207,1,1,heuristic,-4.0322,25.2354,0.6899,0.3292,0.2285,0.4008,0.0108,1.2890,3.2663,0.4904,1.3629,18.0677,0.5995,3.0000,0.0000,0.0000,0,16.3315,0.0000,0.0000,0.0000,0.0000,0.0000,0.0000,0.0000,0.0000
18.257,1,1,heuristic,-4.0184,25.2439,0.6903,0.3209,0.2183,0.3881,0.0123,1.2907,3.2663,0.4777,1.3629,18.0551,0.6008,3.0000,0.0000,0.0000,0,16.3315,116.9649,284.7548,200.8599,83.8949,0.0000,0.0000,116.9649,284.7548
18.307,1,1,heuristic,-4.0040,25.2526,0.6908,0.3120,0.2081,0.3751,0.0005,1.2923,3.2663,0.4659,1.3629,18.0436,0.6019,3.0000,0.0000,0.0000,0,16.3315,105.2843,391.5395,248.4119,143.1276,0.0000,0.0000,105.2843,391.5395
18.357,1,1,heuristic,-3.9896,25.2615,0.6911,0.3097,0.2034,0.3705,0.0333,1.2939,3.2663,0.4536,1.3629,18.0318,0.6031,3.0000,0.0000,0.0000,0,16.3315,102.0299,606.9825,354.5062,252.4763,0.0000,0.0000,102.0299,606.9825
18.407,1,1,heuristic,-3.9717,25.2721,0.6923,0.3167,0.2036,0.3764,0.0362,1.2957,3.2663,0.4414,1.3629,18.0199,0.6046,3.0000,0.0000,0.0000,0,16.3315,102.0299,606.9825,354.5062,252.4763,0.0000,0.0000,102.0299,606.9825
18.457,1,1,heuristic,-3.9511,25.2837,0.6938,0.3390,0.2112,0.3994,0.0735,1.2981,3.2663,0.4260,1.3629,18.0054,0.6058,3.0000,0.0000,0.0000,0,16.3315,52.5232,716.9491,384.7361,332.2130,0.0000,0.0000,52.5232,716.9491
18.507,1,1,heuristic,-3.9511,25.2837,0.6960,0.3390,0.2112,0.3994,0.1235,1.3011,3.2663,0.4083,1.3629,17.9894,0.6074,3.0000,0.0000,0.0000,0,16.3315,78.0016,826.2658,452.1337,374.1321,0.0000,0.0000,78.0016,826.2658
18.557,1,1,heuristic,-3.9246,25.2980,0.6993,0.3731,0.2240,0.4352,0.1635,1.3011,3.2663,0.4083,1.3629,17.9894,0.6051,3.0000,0.0000,0.0000,0,16.3315,159.3873,832.4708,495.9291,336.5417,0.0000,0.0000,159.3873,832.4708
18.607,1,1,heuristic,-3.8948,25.3137,0.7037,0.4225,0.2447,0.4883,0.1817,1.3051,3.2663,0.3853,1.3629,17.9694,0.6058,3.0000,0.0000,0.0000,0,16.3315,159.8090,942.3753,551.0922,391.2832,0.0000,0.0000,159.8090,942.3753
18.657,1,1,heuristic,-3.8572,25.3337,0.7094,0.4828,0.2725,0.5544,0.2220,1.3096,3.2663,0.3595,1.3629,17.9474,0.6058,3.0000,0.0000,0.0000,0,16.3315,129.2453,976.1190,552.6822,423.4369,0.0000,0.0000,129.2453,976.1190
18.707,1,1,heuristic,-3.8157,25.3561,0.7162,0.5593,0.3114,0.6402,0.2575,1.3151,3.2663,0.3267,1.3629,17.9195,0.6058,3.0000,0.0000,0.0000,0,16.3315,88.3748,982.3546,535.3647,446.9899,0.0000,0.0000,88.3748,982.3546
18.757,1,1,heuristic,-3.8157,25.3561,0.7244,0.5593,0.3114,0.6402,0.2983,1.3212,3.2663,0.2907,1.3629,17.8883,0.6049,3.0000,0.0000,0.0000,0,16.3315,61.6351,957.6593,509.6472,448.0121,0.0000,0.0000,61.6351,957.6593
18.807,1,1,heuristic,-3.7648,25.3841,0.7366,0.6432,0.3567,0.7355,0.3262,1.3212,3.2663,0.2907,1.3629,17.8883,0.5968,3.0000,0.0000,0.0000,0,16.3315,61.6351,957.6593,509.6472,448.0121,0.0000,0.0000,61.6351,957.6593
18.857,1,1,heuristic,-3.7109,25.4141,0.7449,0.7389,0.4106,0.8453,0.3525,1.3282,3.2663,0.2467,1.3629,17.8498,0.5916,3.0000,0.0000,0.0000,0,16.3315,69.3721,957.0867,513.2294,443.8573,0.0000,0.0000,69.3721,957.0867
18.907,1,1,heuristic,-3.6478,25.4499,0.7604,0.8339,0.4660,0.9553,0.3850,1.3354,3.2663,0.2002,1.3629,17.8087,0.5905,3.0000,0.0000,0.0000,0,16.3315,127.9355,979.2640,553.5998,425.6643,0.0000,0.0000,127.9355,979.2640
18.957,1,1,heuristic,-3.5832,25.4870,0.7705,0.9361,0.5275,1.0745,0.4200,1.3433,3.2663,0.1458,1.3629,17.7602,0.5829,3.0000,0.0000,0.0000,0,16.3315,169.9725,969.1758,569.5741,399.6016,0.0000,0.0000,169.9725,969.1758
19.007,1,1,heuristic,-3.5832,25.4870,0.7852,0.9361,0.5275,1.0745,0.4333,1.3511,3.2663,0.0903,1.3629,17.7102,0.5805,3.0000,0.0000,0.0000,0,16.3315,255.6225,972.0680,613.8452,358.2228,0.0000,0.0000,255.6225,972.0680
19.057,1,1,heuristic,-3.5094,25.5303,0.8049,1.0328,0.5885,1.1887,0.4487,1.3511,3.2663,0.0903,1.3629,17.7102,0.5659,3.0000,0.0000,0.0000,0,16.3315,145.6759,988.0629,566.8694,421.1935,0.0000,0.0000,145.6759,988.0629
19.107,1,1,heuristic,-3.4354,25.5747,0.8258,1.1345,0.6556,1.3103,0.4630,1.3595,3.2663,0.0270,1.3629,17.6524,0.5545,3.0000,0.0000,0.0000,0,16.3315,54.4068,993.1487,523.7777,469.3710,0.0000,0.0000,54.4068,993.1487
19.157,1,1,heuristic,-3.3526,25.6256,0.8435,1.2263,0.7204,1.4222,0.4923,1.3675,3.2663,-0.0362,1.3629,17.5937,0.5416,3.0000,0.0000,0.0000,0,16.3315,140.1926,996.5711,568.3818,428.1893,0.0000,0.0000,140.1926,996.5711
19.207,1,1,heuristic,-3.2713,25.6763,0.8619,1.3197,0.7876,1.5368,0.5285,1.3761,3.2663,-0.1068,1.3629,17.5271,0.5326,3.0000,0.0000,0.0000,0,16.3315,53.0674,997.5402,525.3038,472.2364,0.0000,0.0000,53.0674,997.5402
19.257,1,1,heuristic,-3.1823,25.7327,0.8860,1.3983,0.8472,1.6349,0.5202,1.3841,3.2663,-0.1758,1.3629,17.4612,0.5222,3.0000,0.0000,0.0000,0,16.3315,53.0674,997.5402,525.3038,472.2364,0.0000,0.0000,53.0674,997.5402
19.307,1,1,heuristic,-3.0963,25.7880,0.9009,1.4769,0.9082,1.7338,0.5418,1.3927,3.2663,-0.2513,1.3629,17.3885,0.5067,3.0000,0.0000,0.0000,0,16.3315,138.6585,963.2756,550.9670,412.3086,0.0000,0.0000,138.6585,963.2756
19.357,1,1,heuristic,-3.0963,25.7880,0.9215,1.4769,0.9082,1.7338,0.5677,1.4006,3.2663,-0.3240,1.3629,17.3179,0.4997,3.0000,0.0000,0.0000,0,16.3315,140.9581,991.6662,566.3121,425.3541,0.0000,0.0000,140.9581,991.6662
19.407,1,1,heuristic,-3.0034,25.8487,0.9428,1.5388,0.9600,1.8137,0.5827,1.4006,3.2663,-0.3240,1.3629,17.3179,0.4790,3.0000,0.0000,0.0000,0,16.3315,140.9581,991.6662,566.3121,425.3541,0.0000,0.0000,140.9581,991.6662
19.457,1,1,heuristic,-2.9146,25.9079,0.9592,1.6009,1.0147,1.8954,0.5857,1.4090,3.2663,-0.4024,1.3629,17.2410,0.4662,3.0000,0.0000,0.0000,0,16.3315,38.0639,988.6507,513.3573,475.2934,0.0000,0.0000,38.0639,988.6507
19.507,1,1,heuristic,-2.8192,25.9729,0.9869,1.6477,1.0617,1.9601,0.5740,1.4168,3.2663,-0.4771,1.3629,17.1667,0.4577,3.0000,0.0000,0.0000,0,16.3315,147.5223,993.1355,570.3289,422.8066,0.0000,0.0000,147.5223,993.1355
19.557,1,1,heuristic,-2.7284,26.0359,1.0096,1.6967,1.1116,2.0283,0.6110,1.4252,3.2663,-0.5570,1.3629,17.0859,0.4383,3.0000,0.0000,0.0000,0,16.3315,161.4911,994.2187,577.8549,416.3638,0.0000,0.0000,161.4911,994.2187
19.607,1,1,heuristic,-2.7284,26.0359,1.0271,1.6967,1.1116,2.0283,0.6152,1.4328,3.2663,-0.6329,1.3629,17.0082,0.4232,3.0000,0.0000,0.0000,0,16.3315,214.5023,997.2443,605.8733,391.3710,0.0000,0.0000,214.5023,997.2443
19.658,1,1,heuristic,-2.6310,26.1049,1.0564,1.7319,1.1548,2.0816,0.6045,1.4328,3.2663,-0.6329,1.3629,17.0082,0.4057,3.0000,0.0000,0.0000,0,16.3315,214.5023,997.2443,605.8733,391.3710,0.0000,0.0000,214.5023,997.2443
19.707,1,1,heuristic,-2.5383,26.1723,1.0802,1.7718,1.2048,2.1426,0.6053,1.4410,3.2663,-0.7139,1.3629,16.9239,0.3847,3.0000,0.0000,0.0000,0,16.3315,234.3651,984.8797,609.6224,375.2573,0.0000,0.0000,234.3651,984.8797
19.757,1,1,heuristic,-2.4389,26.2469,1.1103,1.7995,1.2505,2.1913,0.6150,1.4485,3.2663,-0.7907,1.3629,16.8423,0.3684,3.0000,0.0000,0.0000,0,16.3315,205.5511,954.7750,580.1631,374.6120,0.0000,0.0000,205.5511,954.7750
19.807,1,1,heuristic,-2.3446,26.3200,1.1283,1.8326,1.3052,2.2499,0.6182,1.4566,3.2663,-0.8725,1.3629,16.7530,0.3463,3.0000,0.0000,0.0000,0,16.3315,307.3384,985.7556,646.5470,339.2086,0.0000,0.0000,307.3384,985.7556
19.857,1,1,heuristic,-2.3446,26.3200,1.1526,1.8326,1.3052,2.2499,0.6073,1.4639,3.2663,-0.9497,1.3629,16.6663,0.3356,3.0000,0.0000,0.0000,0,16.3315,307.3384,985.7556,646.5470,339.2086,0.0000,0.0000,307.3384,985.7556
19.907,1,1,heuristic,-2.2440,26.4009,1.1830,1.8530,1.3553,2.2957,0.6175,1.4639,3.2663,-0.9497,1.3629,16.6663,0.3113,3.0000,0.0000,0.0000,0,16.3315,415.2397,995.8865,705.5631,290.3234,0.0000,0.0000,415.2397,995.8865
19.957,1,1,heuristic,-2.1489,26.4807,1.2072,1.8785,1.4166,2.3528,0.6170,1.4717,3.2663,-1.0315,1.3629,16.5714,0.2888,3.0000,0.0000,0.0000,0,16.3315,315.1846,989.2753,652.2300,337.0453,0.0000,0.0000,315.1846,989.2753
20.007,1,1,heuristic,-2.0480,26.5697,1.2371,1.8909,1.4757,2.3986,0.6073,1.4787,3.2663,-1.1080,1.3629,16.4789,0.2715,3.0000,0.0000,0.0000,0,16.3315,279.8815,992.4367,636.1591,356.2776,0.0000,0.0000,279.8815,992.4367
20.057,1,1,heuristic,-1.9532,26.6576,1.2610,1.9080,1.5467,2.4562,0.5885,1.4861,3.2663,-1.1884,1.3629,16.3769,0.2490,3.0000,0.0000,0.0000,0,16.3315,387.0391,987.7873,687.4132,300.3741,0.0000,0.0000,387.0391,987.7873
20.107,1,1,heuristic,-1.8531,26.7547,1.2848,1.9115,1.6107,2.4996,0.5983,1.4926,3.2663,-1.2631,1.3629,16.2772,0.2316,3.0000,0.0000,0.0000,0,16.3315,496.5103,991.7650,744.1376,247.6273,0.0000,0.0000,496.5103,991.7650
20.157,1,1,heuristic,-1.7595,26.8498,1.3145,1.9192,1.6852,2.5540,0.5815,1.4996,3.2663,-1.3410,1.3629,16.1682,0.2148,3.0000,0.0000,0.0000,0,16.3315,571.2086,975.3285,773.2685,202.0600,0.0000,0.0000,571.2086,975.3285
20.207,1,1,heuristic,-1.7595,26.8498,1.3320,1.9192,1.6852,2.5540,0.5665,1.5057,3.2663,-1.4130,1.3629,16.0623,0.1912,3.0000,0.0000,0.0000,0,16.3315,491.0366,984.9973,738.0169,246.9803,0.0000,0.0000,491.0366,984.9973
20.257,1,1,heuristic,-1.6612,26.9553,1.3609,1.9131,1.7539,2.5954,0.5655,1.5057,3.2663,-1.4130,1.3629,16.0623,0.1737,3.0000,0.0000,0.0000,0,16.3315,417.2960,990.0678,703.6819,286.3859,0.0000,0.0000,417.2960,990.0678
20.307,1,1,heuristic,-1.5699,27.0588,1.3779,1.9109,1.8344,2.6489,0.5583,1.5121,3.2663,-1.4873,1.3629,15.9461,0.1512,3.0000,0.0000,0.0000,0,16.3315,410.1799,992.4820,701.3309,291.1511,0.0000,0.0000,410.1799,992.4820
20.357,1,1,heuristic,-1.4745,27.1724,1.4004,1.8957,1.9043,2.6870,0.5530,1.5176,3.2663,-1.5553,1.3629,15.8330,0.1397,3.0000,0.0000,0.0000,0,16.3315,453.7349,996.5755,725.1552,271.4203,0.0000,0.0000,453.7349,996.5755
20.407,1,1,heuristic,-1.3860,27.2823,1.4283,1.8852,1.9815,2.7350,0.5570,1.5236,3.2663,-1.6252,1.3629,15.7099,0.1232,3.0000,0.0000,0.0000,0,16.3315,463.0978,992.5733,727.8355,264.7378,0.0000,0.0000,463.0978,992.5733
20.457,1,1,heuristic,-1.3860,27.2823,1.4448,1.8852,1.9815,2.7350,0.5405,1.5286,3.2663,-1.6891,1.3629,15.5916,0.1003,3.0000,0.0000,0.0000,0,16.3315,528.7489,995.7970,762.2729,233.5240,0.0000,0.0000,528.7489,995.7970
20.507,1,1,heuristic,-1.2940,27.4021,1.4667,1.8623,2.0458,2.7665,0.5285,1.5286,3.2663,-1.6891,1.3629,15.5916,0.0838,3.0000,0.0000,0.0000,0,16.3315,613.0481,981.3575,797.2028,184.1547,0.0000,0.0000,613.0481,981.3575
20.557,1,1,heuristic,-1.2091,27.5179,1.4776,1.8435,2.1191,2.8088,0.5388,1.5341,3.2663,-1.7544,1.3629,15.4635,0.0674,3.0000,0.0000,0.0000,0,16.3315,588.1673,991.8812,790.0243,201.8569,0.0000,0.0000,588.1673,991.8812
20.607,1,1,heuristic,-1.1214,27.6442,1.5046,1.8121,2.1812,2.8357,0.5262,1.5387,3.2663,-1.8136,1.3629,15.3404,0.0611,3.0000,0.0000,0.0000,0,16.3315,561.6731,995.7668,778.7200,217.0469,0.0000,0.0000,561.6731,995.7668
20.657,1,1,heuristic,-1.1214,27.6442,1.5258,1.8121,2.1812,2.8357,0.5185,1.5436,3.2663,-1.8733,1.3629,15.2069,0.0390,3.0000,0.0000,0.0000,0,16.3315,581.5408,997.0593,789.3000,207.7593,0.0000,0.0000,581.5408,997.0593
20.707,1,1,heuristic,-1.0411,27.7664,1.5363,1.7842,2.2542,2.8748,0.5275,1.5436,3.2663,-1.8733,1.3629,15.2069,0.0178,3.0000,0.0000,0.0000,0,16.3315,663.0264,996.9212,829.9738,166.9474,0.0000,0.0000,663.0264,996.9212
20.757,1,1,heuristic,-0.9586,27.8994,1.5621,1.7446,2.3148,2.8986,0.4963,1.5476,3.2663,-1.9267,1.3629,15.0785,0.0114,3.0000,0.0000,0.0000,0,16.3315,654.0205,991.4232,822.7218,168.7013,0.0000,0.0000,654.0205,991.4232
20.807,1,1,heuristic,-0.8835,28.0280,1.5824,1.7086,2.3875,2.9359,0.4940,1.5520,3.2663,-1.9799,1.3629,14.9396,-0.0101,3.0000,0.0000,0.0000,0,16.3315,612.9057,991.4259,802.1658,189.2601,0.0000,0.0000,612.9057,991.4259
20.857,1,1,heuristic,-0.8835,28.0280,1.5875,1.7086,2.3875,2.9359,0.4998,1.5553,3.2663,-2.0269,1.3629,14.8059,-0.0271,3.0000,0.0000,0.0000,0,16.3315,702.6260,990.7854,846.7057,144.0797,0.0000,0.0000,702.6260,990.7854
20.907,1,1,heuristic,-0.8069,28.1678,1.6122,1.6617,2.4476,2.9584,0.4848,1.5553,3.2663,-2.0269,1.3629,14.8059,-0.0321,3.0000,0.0000,0.0000,0,16.3315,693.7681,997.7444,845.7563,151.9882,0.0000,0.0000,693.7681,997.7444
20.957,1,1,heuristic,-0.7375,28.3026,1.6316,1.6185,2.5202,2.9951,0.4848,1.5590,3.2663,-2.0730,1.3629,14.6612,-0.0532,3.0000,0.0000,0.0000,0,16.3315,733.8963,984.3208,859.1086,125.2123,0.0000,0.0000,733.8963,984.3208
21.007,1,1,heuristic,-0.7375,28.3026,1.6411,1.6185,2.5202,2.9951,0.4555,1.5617,3.2663,-2.1131,1.3629,14.5222,-0.0699,3.0000,0.0000,0.0000,0,16.3315,750.4218,986.1680,868.2949,117.8731,0.0000,0.0000,750.4218,986.1680
21.057,1,1,heuristic,-0.6672,28.4492,1.6599,1.5652,2.5799,3.0176,0.4425,1.5617,3.2663,-2.1131,1.3629,14.5222,-0.0795,3.0000,0.0000,0.0000,0,16.3315,761.5391,985.6660,873.6026,112.0634,0.0000,0.0000,761.5391,985.6660
21.107,1,1,heuristic,-0.6041,28.5905,1.6783,1.5152,2.6524,3.0547,0.4258,1.5646,3.2663,-2.1516,1.3629,14.3716,-0.0954,3.0000,0.0000,0.0000,0,16.3315,762.9770,992.1508,877.5639,114.5869,0.0000,0.0000,762.9770,992.1508
21.157,1,1,heuristic,-0.6041,28.5905,1.6962,1.5152,2.6524,3.0547,0.4320,1.5665,3.2663,-2.1843,1.3629,14.2271,-0.1118,3.0000,0.0000,0.0000,0,16.3315,858.3807,987.9690,923.1749,64.7941,0.0000,0.0000,858.3807,987.9690
21.207,1,1,heuristic,-0.5407,28.7436,1.7137,1.4560,2.7107,3.0770,0.4183,1.5665,3.2663,-2.1843,1.3629,14.2271,-0.1297,3.0000,0.0000,0.0000,0,16.3315,905.7631,987.0540,946.4085,40.6454,0.0000,0.0000,905.7631,987.0540
21.257,1,1,heuristic,-0.4843,28.8907,1.7222,1.3997,2.7818,3.1141,0.4235,1.5686,3.2663,-2.2147,1.3629,14.0710,-0.1451,3.0000,0.0000,0.0000,0,16.3315,881.4785,979.7505,930.6145,49.1360,0.0000,0.0000,881.4785,979.7505
21.307,1,1,heuristic,-0.4843,28.8907,1.7390,1.3997,2.7818,3.1141,0.3860,1.5698,3.2663,-2.2395,1.3629,13.9212,-0.1524,3.0000,0.0000,0.0000,0,16.3315,910.7709,986.2037,948.4873,37.7164,0.0000,0.0000,910.7709,986.2037
21.357,1,1,heuristic,-0.4285,29.0501,1.7591,1.3342,2.8384,3.1364,0.3887,1.5698,3.2663,-2.2395,1.3629,13.9212,-0.1692,3.0000,0.0000,0.0000,0,16.3315,924.9018,995.0632,959.9825,35.0807,0.0000,0.0000,924.9018,995.0632
21.407,1,1,heuristic,-0.3797,29.2030,1.7708,1.2708,2.9079,3.1734,0.3533,1.5711,3.2663,-2.2612,1.3629,13.7595,-0.1880,3.0000,0.0000,0.0000,0,16.3315,917.5192,995.5032,956.5112,38.9920,0.0000,0.0000,917.5192,995.5032
21.457,1,1,heuristic,-0.3321,29.3680,1.7858,1.1998,2.9609,3.1948,0.3538,1.5715,3.2663,-2.2774,1.3629,13.6047,-0.1993,3.0000,0.0000,0.0000,0,16.3315,917.5192,995.5032,956.5112,38.9920,0.0000,0.0000,917.5192,995.5032
21.507,1,1,heuristic,-0.2909,29.5258,1.8003,1.1313,3.0261,3.2306,0.3322,1.5720,3.2663,-2.2899,1.3629,13.4380,-0.2138,3.0000,0.0000,0.0000,0,16.3315,957.1948,986.3174,971.7561,14.5613,0.0000,0.0000,957.1948,986.3174
21.557,1,1,heuristic,-0.2909,29.5258,1.8143,1.1313,3.0261,3.2306,0.3307,1.5717,3.2663,-2.2976,1.3629,13.2789,-0.2286,3.0000,0.0000,0.0000,0,16.3315,937.0677,989.8360,963.4519,26.3841,0.0000,0.0000,937.0677,989.8360
21.607,1,1,heuristic,-0.2513,29.6953,1.8311,1.0573,3.0727,3.2495,0.2968,1.5717,3.2663,-2.2976,1.3629,13.2789,-0.2426,3.0000,0.0000,0.0000,0,16.3315,940.3098,989.5190,964.9144,24.6046,0.0000,0.0000,940.3098,989.5190
21.657,1,1,heuristic,-0.2177,29.8567,1.8408,0.9861,3.1308,3.2824,0.2958,1.5715,3.2663,-2.3014,1.3629,13.1083,-0.2596,3.0000,0.0000,0.0000,0,16.3315,961.0371,992.7613,976.8992,15.8621,0.0000,0.0000,961.0371,992.7613
21.707,1,1,heuristic,-0.1858,30.0295,1.8563,0.9115,3.1694,3.2978,0.2895,1.5705,3.2663,-2.3010,1.3629,12.9459,-0.2702,3.0000,0.0000,0.0000,0,16.3315,962.3015,984.9608,973.6312,11.3297,0.0000,0.0000,962.3015,984.9608
21.757,1,1,heuristic,-0.1592,30.1937,1.8653,0.8400,3.2194,3.3272,0.2770,1.5697,3.2663,-2.2965,1.3629,12.7722,-0.2866,3.0000,0.0000,0.0000,0,16.3315,962.3015,984.9608,973.6312,11.3297,0.0000,0.0000,962.3015,984.9608
21.807,1,1,heuristic,-0.1347,30.3689,1.8798,0.7663,3.2495,3.3386,0.2727,1.5682,3.2663,-2.2887,1.3629,12.6074,-0.2971,3.0000,0.0000,0.0000,0,16.3315,980.8644,979.3852,980.1248,-0.7396,0.0000,0.0000,980.8644,979.3852
21.857,1,1,heuristic,-0.1149,30.5349,1.8935,0.6956,3.2912,3.3639,0.2543,1.5669,3.2663,-2.2765,1.3629,12.4317,-0.3129,3.0000,0.0000,0.0000,0,16.3315,940.1646,988.9714,964.5680,24.4034,0.0000,0.0000,940.1646,988.9714
21.907,1,1,heuristic,-0.1149,30.5349,1.8988,0.6956,3.2912,3.3639,0.2513,1.5649,3.2663,-2.2616,1.3629,12.2653,-0.3286,3.0000,0.0000,0.0000,0,16.3315,956.3041,974.0450,965.1745,8.8704,0.0000,0.0000,956.3041,974.0450
21.957,1,1,heuristic,-0.0974,30.7116,1.9142,0.6238,3.3128,3.3710,0.2447,1.5649,3.2663,-2.2616,1.3629,12.2653,-0.3339,3.0000,0.0000,0.0000,0,16.3315,961.6749,952.3735,957.0242,-4.6507,0.0000,0.0000,961.6749,952.3735
22.007,1,1,heuristic,-0.0840,30.8786,1.9192,0.5549,3.3459,3.3916,0.2495,1.5630,3.2663,-2.2423,1.3629,12.0882,-0.3512,3.0000,0.0000,0.0000,0,16.3315,982.6078,968.1938,975.4008,-7.2070,0.0000,0.0000,982.6078,968.1938
22.057,1,1,heuristic,-0.0840,30.8786,1.9289,0.5549,3.3459,3.3916,0.2203,1.5606,3.2663,-2.2210,1.3629,11.9209,-0.3586,3.0000,0.0000,0.0000,0,16.3315,982.6078,968.1938,975.4008,-7.2070,0.0000,0.0000,982.6078,968.1938
22.107,1,1,heuristic,-0.0731,31.0560,1.9382,0.4856,3.3589,3.3938,0.2130,1.5606,3.2663,-2.2210,1.3629,11.9209,-0.3683,3.0000,0.0000,0.0000,0,16.3315,974.1008,916.1369,945.1189,-28.9819,0.0000,0.0000,974.1008,916.1369
22.157,1,1,heuristic,-0.0660,31.2233,1.9450,0.4182,3.3845,3.4102,0.2310,1.5583,3.2663,-2.1949,1.3629,11.7434,-0.3799,3.0000,0.0000,0.0000,0,16.3315,975.7589,929.9448,952.8519,-22.9070,0.0000,0.0000,975.7589,929.9448
22.207,1,1,heuristic,-0.0616,31.4008,1.9557,0.3513,3.3902,3.4084,0.2048,1.5555,3.2663,-2.1674,1.3629,11.5759,-0.3895,3.0000,0.0000,0.0000,0,16.3315,982.9327,828.6406,905.7866,-77.1461,0.0000,0.0000,982.9327,828.6406
22.257,1,1,heuristic,-0.0604,31.5678,1.9639,0.2864,3.4080,3.4200,0.1790,1.5527,3.2663,-2.1350,1.3629,11.3984,-0.4030,3.0000,0.0000,0.0000,0,16.3315,982.9327,828.6406,905.7866,-77.1461,0.0000,0.0000,982.9327,828.6406
22.307,1,1,heuristic,-0.0604,31.5678,1.9716,0.2864,3.4080,3.4200,0.1482,1.5496,3.2663,-2.1018,1.3629,11.2314,-0.4143,3.0000,0.0000,0.0000,0,16.3315,989.1648,875.5728,932.3688,-56.7960,0.0000,0.0000,989.1648,875.5728
22.357,1,1,heuristic,-0.0620,31.7442,1.9806,0.2229,3.4048,3.4121,0.1492,1.5496,3.2663,-2.1018,1.3629,11.2314,-0.4221,3.0000,0.0000,0.0000,0,16.3315,978.3799,863.8369,921.1084,-57.2715,0.0000,0.0000,978.3799,863.8369
22.407,1,1,heuristic,-0.0661,31.9097,1.9873,0.1611,3.4134,3.4172,0.1618,1.5465,3.2663,-2.0638,1.3629,11.0551,-0.4342,3.0000,0.0000,0.0000,0,16.3315,973.4390,754.3093,863.8741,-109.5649,0.0000,0.0000,973.4390,754.3093
22.457,1,1,heuristic,-0.0733,32.0846,1.9949,0.1013,3.4033,3.4048,0.1348,1.5430,3.2663,-2.0256,1.3629,10.8897,-0.4442,3.0000,0.0000,0.0000,0,16.3315,988.6967,835.0761,911.8864,-76.8103,0.0000,0.0000,988.6967,835.0761
22.507,1,1,heuristic,-0.0824,32.2484,1.9977,0.0431,3.4051,3.4054,0.1170,1.5396,3.2663,-1.9825,1.3629,10.7150,-0.4553,3.0000,0.0000,0.0000,0,16.3315,975.8409,746.6112,861.2261,-114.6149,0.0000,0.0000,975.8409,746.6112
22.557,1,1,heuristic,-0.0946,32.4209,2.0042,-0.0124,3.3877,3.3878,0.0945,1.5358,3.2663,-1.9398,1.3629,10.5515,-0.4619,3.0000,0.0000,0.0000,0,16.3315,975.8409,746.6112,861.2261,-114.6149,0.0000,0.0000,975.8409,746.6112
22.607,1,1,heuristic,-0.1082,32.5822,2.0099,-0.0669,3.3823,3.3829,0.0910,1.5321,3.2663,-1.8923,1.3629,10.3793,-0.4722,3.0000,0.0000,0.0000,0,16.3315,970.6719,723.9858,847.3289,-123.3431,0.0000,0.0000,970.6719,723.9858
22.657,1,1,heuristic,-0.1082,32.5822,2.0137,-0.0669,3.3823,3.3829,0.0788,1.5281,3.2663,-1.8456,1.3629,10.2184,-0.4818,3.0000,0.0000,0.0000,0,16.3315,982.2634,782.6096,882.4365,-99.8269,0.0000,0.0000,982.2634,782.6096
22.707,1,1,heuristic,-0.1250,32.7518,2.0171,-0.1180,3.3580,3.3601,0.0408,1.5281,3.2663,-1.8456,1.3629,10.2184,-0.4857,3.0000,0.0000,0.0000,0,16.3315,973.6686,683.6356,828.6521,-145.0165,0.0000,0.0000,973.6686,683.6356
22.757,1,1,heuristic,-0.1428,32.9102,2.0198,-0.1687,3.3467,3.3510,0.0537,1.5240,3.2663,-1.7942,1.3629,10.0493,-0.4930,3.0000,0.0000,0.0000,0,16.3315,989.6660,586.4201,788.0430,-201.6229,0.0000,0.0000,989.6660,586.4201
22.807,1,1,heuristic,-0.1638,33.0768,2.0225,-0.2157,3.3181,3.3252,0.0180,1.5198,3.2663,-1.7441,1.3629,9.8914,-0.5000,3.0000,0.0000,0.0000,0,16.3315,968.8525,602.1289,785.4907,-183.3618,0.0000,0.0000,968.8525,602.1289
22.857,1,1,heuristic,-0.1854,33.2320,2.0239,-0.2625,3.3009,3.3114,0.0057,1.5155,3.2663,-1.6891,1.3629,9.7256,-0.5070,3.0000,0.0000,0.0000,0,16.3315,978.3285,672.5231,825.4258,-152.9027,0.0000,0.0000,978.3285,672.5231
22.907,1,1,heuristic,-0.2102,33.3945,2.0246,-0.3052,3.2656,3.2799,-0.0462,1.5110,3.2663,-1.6360,1.3629,9.5713,-0.5129,3.0000,0.0000,0.0000,0,16.3315,977.0700,589.5848,783.3274,-193.7426,0.0000,0.0000,977.0700,589.5848
22.957,1,1,heuristic,-0.2351,33.5460,2.0244,-0.3482,3.2441,3.2628,-0.0410,1.5065,3.2663,-1.5783,1.3629,9.4099,-0.5182,3.0000,0.0000,0.0000,0,16.3315,980.1807,521.8001,750.9904,-229.1903,0.0000,0.0000,980.1807,521.8001
23.007,1,1,heuristic,-0.2351,33.5460,2.0236,-0.3482,3.2441,3.2628,-0.0670,1.5018,3.2663,-1.5225,1.3629,9.2594,-0.5227,3.0000,0.0000,0.0000,0,16.3315,966.3665,432.5518,699.4591,-266.9074,0.0000,0.0000,966.3665,432.5518
23.057,1,1,heuristic,-0.2633,33.7049,2.0214,-0.3869,3.2063,3.2295,-0.0708,1.5018,3.2663,-1.5225,1.3629,9.2594,-0.5218,3.0000,0.0000,0.0000,0,16.3315,967.9389,446.3422,707.1406,-260.7984,0.0000,0.0000,967.9389,446.3422
23.107,1,1,heuristic,-0.2913,33.8525,2.0195,-0.4261,3.1798,3.2082,-0.1143,1.4970,3.2663,-1.4622,1.3629,9.1020,-0.5245,3.0000,0.0000,0.0000,0,16.3315,967.9389,446.3422,707.1406,-260.7984,0.0000,0.0000,967.9389,446.3422
23.157,1,1,heuristic,-0.3224,34.0064,2.0152,-0.4605,3.1358,3.1695,-0.1355,1.4921,3.2663,-1.4044,1.3629,8.9560,-0.5274,3.0000,0.0000,0.0000,0,16.3315,979.6280,500.4707,740.0493,-239.5786,0.0000,0.0000,979.6280,500.4707
23.207,1,1,heuristic,-0.3530,34.1492,2.0096,-0.4958,3.1038,3.1432,-0.1545,1.4871,3.2663,-1.3422,1.3629,8.8039,-0.5282,3.0000,0.0000,0.0000,0,16.3315,990.4219,500.3017,745.3618,-245.0601,0.0000,0.0000,990.4219,500.3017
23.257,1,1,heuristic,-0.3868,34.2986,2.0042,-0.5267,3.0578,3.1029,-0.1695,1.4821,3.2663,-1.2828,1.3629,8.6630,-0.5275,3.0000,0.0000,0.0000,0,16.3315,992.3486,458.0899,725.2192,-267.1293,0.0000,0.0000,992.3486,458.0899
23.307,1,1,heuristic,-0.4199,34.4379,1.9980,-0.5595,3.0266,3.0779,-0.1933,1.4768,3.2663,-1.2188,1.3629,8.5160,-0.5274,3.0000,0.0000,0.0000,0,16.3315,968.6575,466.7429,717.7002,-250.9573,0.0000,0.0000,968.6575,466.7429
23.358,1,1,heuristic,-0.4199,34.4379,1.9910,-0.5595,3.0266,3.0779,-0.2075,1.4715,3.2663,-1.1577,1.3629,8.3792,-0.5264,3.0000,0.0000,0.0000,0,16.3315,979.6087,508.0178,743.8132,-235.7954,0.0000,0.0000,979.6087,508.0178
23.407,1,1,heuristic,-0.4564,34.5840,1.9812,-0.5878,2.9829,3.0403,-0.2203,1.4715,3.2663,-1.1577,1.3629,8.3792,-0.5195,3.0000,0.0000,0.0000,0,16.3315,987.9919,475.8481,731.9200,-256.0719,0.0000,0.0000,987.9919,475.8481
23.457,1,1,heuristic,-0.4918,34.7201,1.9727,-0.6178,2.9537,3.0176,-0.2313,1.4660,3.2663,-1.0918,1.3629,8.2362,-0.5153,3.0000,0.0000,0.0000,0,16.3315,979.7148,410.1792,694.9470,-284.7678,0.0000,0.0000,979.7148,410.1792
23.507,1,1,heuristic,-0.5305,34.8633,1.9612,-0.6431,2.9136,2.9837,-0.2572,1.4604,3.2663,-1.0291,1.3629,8.1032,-0.5123,3.0000,0.0000,0.0000,0,16.3315,988.8874,429.1019,708.9946,-279.8928,0.0000,0.0000,988.8874,429.1019
23.557,1,1,heuristic,-0.5679,34.9970,1.9538,-0.6703,2.8880,2.9647,-0.2760,1.4545,3.2663,-0.9617,1.3629,7.9637,-0.5068,3.0000,0.0000,0.0000,0,16.3315,980.5977,444.9327,712.7652,-267.8325,0.0000,0.0000,980.5977,444.9327
23.607,1,1,heuristic,-0.6086,35.1375,1.9407,-0.6926,2.8508,2.9337,-0.3028,1.4486,3.2663,-0.8975,1.3629,7.8340,-0.5052,3.0000,0.0000,0.0000,0,16.3315,986.0903,454.4803,720.2853,-265.8050,0.0000,0.0000,986.0903,454.4803
23.657,1,1,heuristic,-0.6477,35.2690,1.9296,-0.7171,2.8286,2.9181,-0.3155,1.4424,3.2663,-0.8287,1.3629,7.6980,-0.4983,3.0000,0.0000,0.0000,0,16.3315,981.0198,357.6865,669.3532,-311.6666,0.0000,0.0000,981.0198,357.6865
23.707,1,1,heuristic,-0.6477,35.2690,1.9179,-0.7171,2.8286,2.9181,-0.3250,1.4364,3.2663,-0.7633,1.3629,7.5712,-0.4932,3.0000,0.0000,0.0000,0,16.3315,979.2542,322.2646,650.7594,-328.4948,0.0000,0.0000,979.2542,322.2646
23.757,1,1,heuristic,-0.6901,35.4076,1.9024,-0.7366,2.7960,2.8914,-0.3548,1.4364,3.2663,-0.7633,1.3629,7.5712,-0.4815,3.0000,0.0000,0.0000,0,16.3315,984.3065,396.5815,690.4440,-293.8625,0.0000,0.0000,984.3065,396.5815
23.807,1,1,heuristic,-0.7307,35.5371,1.8893,-0.7586,2.7765,2.8782,-0.3640,1.4299,3.2663,-0.6932,1.3629,7.4382,-0.4725,3.0000,0.0000,0.0000,0,16.3315,970.9148,414.4749,692.6948,-278.2199,0.0000,0.0000,970.9148,414.4749
23.857,1,1,heuristic,-0.7745,35.6735,1.8723,-0.7753,2.7458,2.8532,-0.3605,1.4236,3.2663,-0.6268,1.3629,7.3143,-0.4657,3.0000,0.0000,0.0000,0,16.3315,971.1261,333.4818,652.3040,-318.8221,0.0000,0.0000,971.1261,333.4818
23.907,1,1,heuristic,-0.8163,35.8016,1.8580,-0.7947,2.7301,2.8434,-0.3935,1.4169,3.2663,-0.5557,1.3629,7.1845,-0.4553,3.0000,0.0000,0.0000,0,16.3315,969.0697,307.4405,638.2551,-330.8146,0.0000,0.0000,969.0697,307.4405
23.958,1,1,heuristic,-0.8613,35.9367,1.8433,-0.8086,2.7037,2.8220,-0.3907,1.4105,3.2663,-0.4884,1.3629,7.0633,-0.4476,3.0000,0.0000,0.0000,0,16.3315,988.0057,311.0246,649.5152,-338.4906,0.0000,0.0000,988.0057,311.0246
24.008,1,1,heuristic,-0.9040,36.0631,1.8241,-0.8250,2.6899,2.8136,-0.3982,1.4036,3.2663,-0.4165,1.3629,6.9360,-0.4397,3.0000,0.0000,0.0000,0,16.3315,988.4756,329.7485,659.1121,-329.3636,0.0000,0.0000,988.4756,329.7485
24.057,1,1,heuristic,-0.9498,36.1965,1.8082,-0.8360,2.6648,2.7928,-0.4245,1.3970,3.2663,-0.3486,1.3629,6.8175,-0.4271,3.0000,0.0000,0.0000,0,16.3315,989.2168,399.2724,694.2446,-294.9722,0.0000,0.0000,989.2168,399.2724
24.107,1,1,heuristic,-0.9498,36.1965,1.7919,-0.8360,2.6648,2.7928,-0.4288,1.3900,3.2663,-0.2763,1.3629,6.6932,-0.4182,3.0000,0.0000,0.0000,0,16.3315,978.4114,376.0870,677.2492,-301.1622,0.0000,0.0000,978.4114,376.0870
24.157,1,1,heuristic,-0.9932,36.3217,1.7751,-0.8498,2.6536,2.7864,-0.4220,1.3900,3.2663,-0.2763,1.3629,6.6932,-0.4018,3.0000,0.0000,0.0000,0,16.3315,983.7547,430.4740,707.1144,-276.6403,0.0000,0.0000,983.7547,430.4740
24.207,1,1,heuristic,-1.0395,36.4545,1.7537,-0.8580,2.6336,2.7698,-0.4335,1.3834,3.2663,-0.2079,1.3629,6.5772,-0.3917,3.0000,0.0000,0.0000,0,16.3315,972.0541,354.9893,663.5217,-308.5324,0.0000,0.0000,972.0541,354.9893
24.257,1,1,heuristic,-1.0833,36.5797,1.7317,-0.8688,2.6286,2.7684,-0.4572,1.3762,3.2663,-0.1352,1.3629,6.4550,-0.3774,3.0000,0.0000,0.0000,0,16.3315,972.0541,354.9893,663.5217,-308.5324,0.0000,0.0000,972.0541,354.9893
24.307,1,1,heuristic,-1.1298,36.7126,1.7184,-0.8740,2.6141,2.7564,-0.4415,1.3695,3.2663,-0.0665,1.3629,6.3405,-0.3622,3.0000,0.0000,0.0000,0,16.3315,985.2803,412.2796,698.7800,-286.5004,0.0000,0.0000,985.2803,412.2796
24.357,1,1,heuristic,-1.1738,36.8379,1.6914,-0.8821,2.6132,2.7581,-0.4640,1.3623,3.2663,0.0064,1.3629,6.2196,-0.3561,3.0000,0.0000,0.0000,0,16.3315,985.1592,372.4620,678.8106,-306.3486,0.0000,0.0000,985.1592,372.4620
24.407,1,1,heuristic,-1.2203,36.9711,1.6776,-0.8848,2.6031,2.7493,-0.4622,1.3555,3.2663,0.0752,1.3629,6.1066,-0.3359,3.0000,0.0000,0.0000,0,16.3315,974.4252,466.5242,720.4747,-253.9505,0.0000,0.0000,974.4252,466.5242
24.457,1,1,heuristic,-1.2641,37.0971,1.6499,-0.8903,2.6075,2.7553,-0.4527,1.3483,3.2663,0.1483,1.3629,5.9872,-0.3293,3.0000,0.0000,0.0000,0,16.3315,972.2827,479.8361,726.0594,-246.2233,0.0000,0.0000,972.2827,479.8361
24.507,1,1,heuristic,-1.2641,37.0971,1.6360,-0.8903,2.6075,2.7553,-0.4627,1.3415,3.2663,0.2171,1.3629,5.8751,-0.3084,3.0000,0.0000,0.0000,0,16.3315,977.6881,491.7072,734.6976,-242.9905,0.0000,0.0000,977.6881,491.7072
24.557,1,1,heuristic,-1.3103,37.2318,1.6125,-0.8898,2.6038,2.7516,-0.4675,1.3415,3.2663,0.2171,1.3629,5.8751,-0.2944,3.0000,0.0000,0.0000,0,16.3315,979.2670,540.0161,759.6416,-219.6255,0.0000,0.0000,979.2670,540.0161
24.607,1,1,heuristic,-1.3533,37.3597,1.6079,-0.8913,2.6162,2.7638,-0.4597,1.3343,3.2663,0.2901,1.3629,5.7562,-0.2782,3.0000,0.0000,0.0000,0,16.3315,984.4103,550.5483,767.4793,-216.9310,0.0000,0.0000,984.4103,550.5483
24.657,1,1,heuristic,-1.3983,37.4970,1.5799,-0.8861,2.6209,2.7666,-0.4482,1.3276,3.2663,0.3586,1.3629,5.6440,-0.2803,3.0000,0.0000,0.0000,0,16.3315,984.7179,458.5942,721.6561,-263.0618,0.0000,0.0000,984.7179,458.5942
24.707,1,1,heuristic,-1.4399,37.6279,1.5614,-0.8823,2.6422,2.7856,-0.4370,1.3205,3.2663,0.4310,1.3629,5.5244,-0.2594,3.0000,0.0000,0.0000,0,16.3315,990.1601,440.7054,715.4328,-274.7274,0.0000,0.0000,990.1601,440.7054
24.757,1,1,heuristic,-1.4399,37.6279,1.5521,-0.8823,2.6422,2.7856,-0.4557,1.3140,3.2663,0.4987,1.3629,5.4111,-0.2474,3.0000,0.0000,0.0000,0,16.3315,990.1601,440.7054,715.4328,-274.7274,0.0000,0.0000,990.1601,440.7054
24.807,1,1,heuristic,-1.4833,37.7681,1.5290,-0.8724,2.6530,2.7928,-0.4780,1.3140,3.2663,0.4987,1.3629,5.4111,-0.2382,3.0000,0.0000,0.0000,0,16.3315,988.2709,444.1611,716.2160,-272.0549,0.0000,0.0000,988.2709,444.1611
24.857,1,1,heuristic,-1.5232,37.9013,1.5152,-0.8645,2.6774,2.8135,-0.4453,1.3070,3.2663,0.5700,1.3629,5.2906,-0.2219,3.0000,0.0000,0.0000,0,16.3315,988.4479,454.3445,721.3962,-267.0517,0.0000,0.0000,988.4479,454.3445
24.907,1,1,heuristic,-1.5232,37.9013,1.4966,-0.8645,2.6774,2.8135,-0.4622,1.3007,3.2663,0.6367,1.3629,5.1770,-0.2145,3.0000,0.0000,0.0000,0,16.3315,982.1102,476.0505,729.0804,-253.0299,0.0000,0.0000,982.1102,476.0505
24.958,1,1,heuristic,-1.5646,38.0438,1.4733,-0.8508,2.6898,2.8212,-0.4562,1.3007,3.2663,0.6367,1.3629,5.1770,-0.1959,3.0000,0.0000,0.0000,0,16.3315,974.7634,515.0038,744.8836,-229.8798,0.0000,0.0000,974.7634,515.0038
25.007,1,1,heuristic,-1.6026,38.1791,1.4593,-0.8387,2.7159,2.8424,-0.4605,1.2940,3.2663,0.7066,1.3629,5.0565,-0.1793,3.0000,0.0000,0.0000,0,16.3315,982.7204,441.4514,712.0859,-270.6345,0.0000,0.0000,982.7204,441.4514
25.057,1,1,heuristic,-1.6414,38.3241,1.4359,-0.8203,2.7301,2.8507,-0.4645,1.2879,3.2290,0.7716,1.3629,4.9428,-0.1714,3.0000,0.0000,0.0000,0,16.3315,979.6443,523.6533,751.6488,-227.9955,0.0000,0.0000,979.6443,523.6533
25.107,1,1,heuristic,-1.6767,38.4616,1.4220,-0.8033,2.7572,2.8718,-0.4495,1.2814,3.1501,0.8395,1.3629,4.8221,-0.1545,3.0000,0.0000,0.0000,0,16.3315,985.0885,597.6020,791.3453,-193.7432,0.0000,0.0000,985.0885,597.6020
25.157,1,1,heuristic,-1.6767,38.4616,1.4079,-0.8033,2.7572,2.8718,-0.4575,1.2756,3.0758,0.9024,1.3629,4.7084,-0.1464,3.0000,0.0000,0.0000,0,16.3315,985.0885,597.6020,791.3453,-193.7432,0.0000,0.0000,985.0885,597.6020
25.207,1,1,heuristic,-1.7124,38.6089,1.3847,-0.7800,2.7721,2.8798,-0.4438,1.2756,3.0758,0.9024,1.3629,4.7084,-0.1323,3.0000,0.0000,0.0000,0,16.3315,985.6846,568.3313,777.0080,-208.6766,0.0000,0.0000,985.6846,568.3313
25.257,1,1,heuristic,-1.7442,38.7491,1.3754,-0.7567,2.8021,2.9025,-0.4640,1.2694,2.9969,0.9678,1.3629,4.5877,-0.1152,3.0000,0.0000,0.0000,0,16.3315,978.5569,560.0367,769.2968,-209.2601,0.0000,0.0000,978.5569,560.0367
25.307,1,1,heuristic,-1.7442,38.7491,1.3570,-0.7567,2.8021,2.9025,-0.4490,1.2640,2.9223,1.0279,1.3629,4.4735,-0.1114,3.0000,0.0000,0.0000,0,16.3315,974.3036,491.8742,733.0889,-241.2147,0.0000,0.0000,974.3036,491.8742
25.357,1,1,heuristic,-1.7759,38.8993,1.3342,-0.7273,2.8193,2.9116,-0.4410,1.2640,2.9223,1.0279,1.3629,4.4735,-0.0930,3.0000,0.0000,0.0000,0,16.3315,971.9675,574.0851,773.0263,-198.9412,0.0000,0.0000,971.9675,574.0851
25.407,1,1,heuristic,-1.8040,39.0418,1.3297,-0.6985,2.8492,2.9336,-0.4502,1.2582,2.8430,1.0899,1.3629,4.3521,-0.0760,3.0000,0.0000,0.0000,0,16.3315,971.9675,574.0851,773.0263,-198.9412,0.0000,0.0000,971.9675,574.0851
25.457,1,1,heuristic,-1.8316,39.1939,1.3070,-0.6650,2.8645,2.9407,-0.4632,1.2531,2.7684,1.1467,1.3629,4.2378,-0.0766,3.0000,0.0000,0.0000,0,16.3315,978.1694,556.2669,767.2182,-210.9513,0.0000,0.0000,978.1694,556.2669
25.507,1,1,heuristic,-1.8316,39.1939,1.2890,-0.6650,2.8645,2.9407,-0.4450,1.2477,2.6894,1.2051,1.3629,4.1169,-0.0593,3.0000,0.0000,0.0000,0,16.3315,959.5192,601.8109,780.6650,-178.8542,0.0000,0.0000,959.5192,601.8109
25.557,1,1,heuristic,-1.8555,39.3382,1.2846,-0.6316,2.8929,2.9610,-0.4505,1.2477,2.6894,1.2051,1.3629,4.1169,-0.0413,3.0000,0.0000,0.0000,0,16.3315,986.1193,548.2754,767.1973,-218.9219,0.0000,0.0000,986.1193,548.2754
25.607,1,1,heuristic,-1.8784,39.4923,1.2623,-0.5934,2.9070,2.9669,-0.4208,1.2430,2.6151,1.2583,1.3629,4.0032,-0.0416,3.0000,0.0000,0.0000,0,16.3315,971.0959,482.9090,727.0024,-244.0934,0.0000,0.0000,971.0959,482.9090
25.657,1,1,heuristic,-1.8978,39.6383,1.2445,-0.5556,2.9338,2.9859,-0.4338,1.2380,2.5365,1.3125,1.3629,3.8828,-0.0243,3.0000,0.0000,0.0000,0,16.3315,978.7345,538.0839,758.4092,-220.3253,0.0000,0.0000,978.7345,538.0839
25.707,1,1,heuristic,-1.8978,39.6383,1.2313,-0.5556,2.9338,2.9859,-0.4193,1.2337,2.4627,1.3616,1.3629,3.7699,-0.0108,3.0000,0.0000,0.0000,0,16.3315,978.7345,538.0839,758.4092,-220.3253,0.0000,0.0000,978.7345,538.0839
25.757,1,1,heuristic,-1.9160,39.7938,1.2091,-0.5144,2.9451,2.9897,-0.4328,1.2337,2.4627,1.3616,1.3629,3.7699,0.0024,3.0000,0.0000,0.0000,0,16.3315,988.2829,624.8288,806.5558,-181.7271,0.0000,0.0000,988.2829,624.8288
25.807,1,1,heuristic,-1.9308,39.9410,1.1959,-0.4733,2.9693,3.0068,-0.4390,1.2291,2.3850,1.4115,1.3629,3.6509,0.0200,3.0000,0.0000,0.0000,0,16.3315,957.0207,599.7772,778.3989,-178.6218,0.0000,0.0000,957.0207,599.7772
25.857,1,1,heuristic,-1.9437,40.0980,1.1694,-0.4282,2.9792,3.0098,-0.4333,1.2252,2.3123,1.4564,1.3629,3.5396,0.0293,3.0000,0.0000,0.0000,0,16.3315,931.3201,504.7235,718.0218,-213.2983,0.0000,0.0000,931.3201,504.7235
25.907,1,1,heuristic,-1.9532,40.2465,1.1519,-0.3822,3.0023,3.0266,-0.4258,1.2211,2.2355,1.5014,1.3629,3.4221,0.0517,3.0000,0.0000,0.0000,0,16.3315,917.3552,523.7785,720.5669,-196.7884,0.0000,0.0000,917.3552,523.7785
25.957,1,1,heuristic,-1.9532,40.2465,1.1431,-0.3822,3.0023,3.0266,-0.4318,1.2177,2.1637,1.5413,1.3629,3.3122,0.0659,3.0000,0.0000,0.0000,0,16.3315,937.7797,467.9809,702.8803,-234.8994,0.0000,0.0000,937.7797,467.9809
26.008,1,1,heuristic,-1.9606,40.4042,1.1213,-0.3342,3.0083,3.0269,-0.4278,1.2177,2.1637,1.5413,1.3629,3.3122,0.0746,3.0000,0.0000,0.0000,0,16.3315,876.6014,434.8251,655.7133,-220.8881,0.0000,0.0000,876.6014,434.8251
26.057,1,1,heuristic,-1.9653,40.5526,1.1083,-0.2869,3.0251,3.0387,-0.4258,1.2140,2.0887,1.5811,1.3629,3.1973,0.0928,3.0000,0.0000,0.0000,0,16.3315,850.8093,399.6587,625.2340,-225.5753,0.0000,0.0000,850.8093,399.6587
26.107,1,1,heuristic,-1.9680,40.7094,1.0864,-0.2398,3.0229,3.0324,-0.4408,1.2110,2.0192,1.6163,1.3629,3.0910,0.1028,3.0000,0.0000,0.0000,0,16.3315,773.3977,402.3436,587.8706,-185.5270,0.0000,0.0000,773.3977,402.3436
26.157,1,1,heuristic,-1.9680,40.7094,1.0733,-0.2398,3.0229,3.0324,-0.4448,1.2111,3.0414,1.6625,1.3674,17.7596,0.1247,3.0000,0.0000,0.0000,0,15.2072,831.6273,375.9551,603.7912,-227.8361,0.0000,0.0000,831.6273,375.9551
26.207,1,1,heuristic,-1.9686,40.8559,1.0558,-0.1944,3.0289,3.0351,-0.4243,1.2111,3.0414,1.6625,1.3674,17.7596,0.1378,3.0000,0.0000,0.0000,0,15.2072,803.2558,405.2312,604.2435,-199.0123,0.0000,0.0000,803.2558,405.2312
26.257,1,1,heuristic,-1.9672,41.0098,1.0382,-0.1501,3.0150,3.0187,-0.4253,1.2084,3.0414,1.6927,1.3674,17.6197,0.1526,3.0000,0.0000,0.0000,0,15.2072,813.1219,453.8905,633.5062,-179.6157,0.0000,0.0000,813.1219,453.8905
26.307,1,1,heuristic,-1.9639,41.1534,1.0207,-0.1065,3.0106,3.0125,-0.4260,1.2053,3.0414,1.7224,1.3674,17.4723,0.1670,3.0000,0.0000,0.0000,0,15.2072,900.5278,480.7441,690.6359,-209.8918,0.0000,0.0000,900.5278,480.7441
26.357,1,1,heuristic,-1.9639,41.1534,1.0031,-0.1065,3.0106,3.0125,-0.4353,1.2027,3.0414,1.7482,1.3674,17.3342,0.1821,3.0000,0.0000,0.0000,0,15.2072,826.3028,513.4118,669.8573,-156.4455,0.0000,0.0000,826.3028,513.4118
26.407,1,1,heuristic,-1.9580,41.3047,0.9856,-0.0624,2.9903,2.9909,-0.4350,1.2027,3.0414,1.7482,1.3674,17.3342,0.1996,3.0000,0.0000,0.0000,0,15.2072,826.3028,513.4118,669.8573,-156.4455,0.0000,0.0000,826.3028,513.4118
26.457,1,1,heuristic,-1.9499,41.4466,0.9725,-0.0161,2.9834,2.9834,-0.4110,1.2000,3.0414,1.7729,1.3674,17.1882,0.2143,3.0000,0.0000,0.0000,0,15.2072,906.2553,580.1036,743.1795,-163.0759,0.0000,0.0000,906.2553,580.1036
26.507,1,1,heuristic,-1.9384,41.5963,0.9509,0.0313,2.9624,2.9625,-0.4025,1.1979,3.0414,1.7936,1.3674,17.0505,0.2254,3.0000,0.0000,0.0000,0,15.2072,850.0686,799.7537,824.9112,-25.1575,0.0000,0.0000,850.0686,799.7537
26.557,1,1,heuristic,-1.9245,41.7371,0.9337,0.0829,2.9568,2.9580,-0.4068,1.1956,3.0414,1.8126,1.3674,16.9045,0.2447,3.0000,0.0000,0.0000,0,15.2072,833.4389,868.7932,851.1160,17.6772,0.0000,0.0000,833.4389,868.7932
26.607,1,1,heuristic,-1.9245,41.7371,0.9210,0.0829,2.9568,2.9580,-0.3900,1.1941,3.0414,1.8275,1.3674,16.7661,0.2604,3.0000,0.0000,0.0000,0,15.2072,915.8649,781.7750,848.8200,-67.0450,0.0000,0.0000,915.8649,781.7750
26.657,1,1,heuristic,-1.9053,41.8869,0.9007,0.1400,2.9415,2.9449,-0.3735,1.1941,3.0414,1.8275,1.3674,16.7661,0.2731,3.0000,0.0000,0.0000,0,15.2072,988.3166,877.1794,932.7480,-55.5686,0.0000,0.0000,988.3166,877.1794
26.707,1,1,heuristic,-1.8830,42.0286,0.8850,0.2051,2.9437,2.9509,-0.3660,1.1927,3.0414,1.8390,1.3674,16.6178,0.2920,3.0000,0.0000,0.0000,0,15.2072,928.5604,961.7457,945.1530,16.5927,0.0000,0.0000,928.5604,961.7457
26.757,1,1,heuristic,-1.8543,42.1801,0.8698,0.2745,2.9376,2.9504,-0.3445,1.1922,3.0414,1.8457,1.3674,16.4761,0.3073,3.0000,0.0000,0.0000,0,15.2072,928.5604,961.7457,945.1530,16.5927,0.0000,0.0000,928.5604,961.7457
26.807,1,1,heuristic,-1.8222,42.3241,0.8552,0.3532,2.9501,2.9712,-0.3198,1.1920,3.0414,1.8482,1.3674,16.3232,0.3222,3.0000,0.0000,0.0000,0,15.2072,818.5604,974.4796,896.5200,77.9596,0.0000,0.0000,818.5604,974.4796
26.857,1,1,heuristic,-1.8222,42.3241,0.8413,0.3532,2.9501,2.9712,-0.3130,1.1927,3.0414,1.8458,1.3674,16.1764,0.3375,3.0000,0.0000,0.0000,0,15.2072,866.9588,977.8368,922.3978,55.4390,0.0000,0.0000,866.9588,977.8368
26.907,1,1,heuristic,-1.7827,42.4781,0.8248,0.4346,2.9522,2.9840,-0.2775,1.1927,3.0414,1.8458,1.3674,16.1764,0.3514,3.0000,0.0000,0.0000,0,15.2072,842.8024,984.1071,913.4547,70.6524,0.0000,0.0000,842.8024,984.1071
26.957,1,1,heuristic,-1.7406,42.6237,0.8156,0.5231,2.9688,3.0145,-0.2757,1.1937,3.0414,1.8382,1.3674,16.0178,0.3689,3.0000,0.0000,0.0000,0,15.2072,911.6434,960.2524,935.9479,24.3045,0.0000,0.0000,911.6434,960.2524
27.007,1,1,heuristic,-1.6907,42.7788,0.7983,0.6104,2.9715,3.0335,-0.2582,1.1956,3.0414,1.8264,1.3674,15.8662,0.3800,3.0000,0.0000,0.0000,0,15.2072,979.6483,942.1039,960.8761,-18.7722,0.0000,0.0000,979.6483,942.1039
27.057,1,1,heuristic,-1.6390,42.9253,0.7929,0.7034,2.9877,3.0694,-0.2115,1.1976,3.0414,1.8089,1.3674,15.7033,0.3993,3.0000,0.0000,0.0000,0,15.2072,890.7518,956.9294,923.8406,33.0888,0.0000,0.0000,890.7518,956.9294
27.107,1,1,heuristic,-1.5795,43.0811,0.7800,0.7920,2.9891,3.0922,-0.2135,1.2004,3.0414,1.7879,1.3674,15.5480,0.4075,3.0000,0.0000,0.0000,0,15.2072,784.7524,955.7863,870.2694,85.5169,0.0000,0.0000,784.7524,955.7863
27.157,1,1,heuristic,-1.5194,43.2275,0.7678,0.8839,3.0015,3.1290,-0.2102,1.2034,3.0414,1.7610,1.3674,15.3815,0.4234,3.0000,0.0000,0.0000,0,15.2072,676.6947,985.9543,831.3245,154.6298,0.0000,0.0000,676.6947,985.9543
27.207,1,1,heuristic,-1.5194,43.2275,0.7609,0.8839,3.0015,3.1290,-0.1770,1.2069,3.0414,1.7317,1.3674,15.2236,0.4391,3.0000,0.0000,0.0000,0,15.2072,644.1086,987.8420,815.9753,171.8667,0.0000,0.0000,644.1086,987.8420
27.257,1,1,heuristic,-1.4521,43.3814,0.7524,0.9659,2.9931,3.1451,-0.1663,1.2069,3.0414,1.7317,1.3674,15.2236,0.4460,3.0000,0.0000,0.0000,0,15.2072,730.6515,977.4820,854.0668,123.4152,0.0000,0.0000,730.6515,977.4820
27.307,1,1,heuristic,-1.3860,43.5244,0.7465,1.0483,2.9901,3.1685,-0.1400,1.2104,3.0414,1.6969,1.3674,15.0564,0.4580,3.0000,0.0000,0.0000,0,15.2072,680.7853,988.7914,834.7883,154.0031,0.0000,0.0000,680.7853,988.7914
27.357,1,1,heuristic,-1.3131,43.6736,0.7377,1.1187,2.9661,3.1700,-0.1455,1.2142,3.0414,1.6610,1.3674,14.9000,0.4677,3.0000,0.0000,0.0000,0,15.2072,680.7853,988.7914,834.7883,154.0031,0.0000,0.0000,680.7853,988.7914
27.407,1,1,heuristic,-1.2424,43.8119,0.7301,1.1897,2.9491,3.1800,-0.0953,1.2180,3.0414,1.6198,1.3674,14.7355,0.4803,3.0000,0.0000,0.0000,0,15.2072,589.2126,985.2811,787.2469,198.0342,0.0000,0.0000,589.2126,985.2811
27.457,1,1,heuristic,-1.2424,43.8119,0.7261,1.1897,2.9491,3.1800,-0.0803,1.2219,3.0414,1.5785,1.3674,14.5822,0.4918,3.0000,0.0000,0.0000,0,15.2072,555.9658,978.8791,767.4225,211.4567,0.0000,0.0000,555.9658,978.8791
27.507,1,1,heuristic,-1.1655,43.9556,0.7226,1.2474,2.9121,3.1680,-0.0640,1.2219,3.0414,1.5785,1.3674,14.5822,0.4958,3.0000,0.0000,0.0000,0,15.2072,653.6692,980.2258,816.9475,163.2783,0.0000,0.0000,653.6692,980.2258
27.557,1,1,heuristic,-1.0918,44.0880,0.7187,1.3050,2.8811,3.1629,-0.0413,1.2259,3.0414,1.5322,1.3674,14.4218,0.5033,3.0000,0.0000,0.0000,0,15.2072,543.2273,979.5816,761.4044,218.1771,0.0000,0.0000,543.2273,979.5816
27.607,1,1,heuristic,-1.0124,44.2252,0.7156,1.3497,2.8327,3.1378,-0.0278,1.2299,3.0414,1.4868,1.3674,14.2733,0.5112,3.0000,0.0000,0.0000,0,15.2072,495.0881,980.0007,737.5444,242.4563,0.0000,0.0000,495.0881,980.0007
27.657,1,1,heuristic,-1.0124,44.2252,0.7134,1.3497,2.8327,3.1378,-0.0050,1.2341,3.0414,1.4366,1.3674,14.1185,0.5184,3.0000,0.0000,0.0000,0,15.2072,495.0881,980.0007,737.5444,242.4563,0.0000,0.0000,495.0881,980.0007
27.707,1,1,heuristic,-0.9365,44.3516,0.7126,1.3960,2.7926,3.1221,0.0128,1.2341,3.0414,1.4366,1.3674,14.1185,0.5207,3.0000,0.0000,0.0000,0,15.2072,512.7362,986.7948,749.7655,237.0293,0.0000,0.0000,512.7362,986.7948
27.757,1,1,heuristic,-0.8550,44.4823,0.7116,1.4301,2.7369,3.0880,0.0377,1.2383,3.0414,1.3878,1.3674,13.9752,0.5257,3.0000,0.0000,0.0000,0,15.2072,475.8458,986.8623,731.3541,255.5083,0.0000,0.0000,475.8458,986.8623
27.807,1,1,heuristic,-0.7772,44.6027,0.7120,1.4681,2.6913,3.0657,0.0575,1.2426,3.0414,1.3344,1.3674,13.8262,0.5310,3.0000,0.0000,0.0000,0,15.2072,536.1104,978.9995,757.5550,221.4445,0.0000,0.0000,536.1104,978.9995
27.857,1,1,heuristic,-0.7772,44.6027,0.7125,1.4681,2.6913,3.0657,0.0777,1.2470,3.0414,1.2826,1.3674,13.6882,0.5350,3.0000,0.0000,0.0000,0,15.2072,435.0052,983.0898,709.0475,274.0423,0.0000,0.0000,435.0052,983.0898
27.907,1,1,heuristic,-0.6935,44.7277,0.7155,1.4964,2.6337,3.0291,0.1110,1.2470,3.0414,1.2826,1.3674,13.6882,0.5345,3.0000,0.0000,0.0000,0,15.2072,388.5986,983.9796,686.2891,297.6905,0.0000,0.0000,388.5986,983.9796
27.957,1,1,heuristic,-0.6135,44.8431,0.7177,1.5305,2.5877,3.0064,0.1318,1.2517,3.0414,1.2259,1.3674,13.5443,0.5362,3.0000,0.0000,0.0000,0,15.2072,454.4128,977.8368,716.1248,261.7120,0.0000,0.0000,454.4128,977.8368
28.007,1,1,heuristic,-0.5275,44.9628,0.7224,1.5553,2.5305,2.9703,0.1465,1.2565,3.0414,1.1708,1.3674,13.4108,0.5388,3.0000,0.0000,0.0000,0,15.2072,457.4737,980.9539,719.2138,261.7401,0.0000,0.0000,457.4737,980.9539
28.057,1,1,heuristic,-0.4452,45.0734,0.7272,1.5871,2.4856,2.9491,0.1693,1.2616,3.0414,1.1107,1.3674,13.2715,0.5392,3.0000,0.0000,0.0000,0,15.2072,436.4021,978.5130,707.4576,271.0554,0.0000,0.0000,436.4021,978.5130
28.107,1,1,heuristic,-0.4452,45.0734,0.7314,1.5871,2.4856,2.9491,0.1765,1.2668,3.0414,1.0525,1.3674,13.1421,0.5396,3.0000,0.0000,0.0000,0,15.2072,451.2675,985.7087,718.4881,267.2206,0.0000,0.0000,451.2675,985.7087
28.157,1,1,heuristic,-0.3565,45.1889,0.7393,1.6110,2.4324,2.9175,0.2068,1.2668,3.0414,1.0525,1.3674,13.1421,0.5354,3.0000,0.0000,0.0000,0,15.2072,389.5905,990.4334,690.0120,300.4214,0.0000,0.0000,389.5905,990.4334
28.207,1,1,heuristic,-0.2716,45.2960,0.7465,1.6426,2.3924,2.9020,0.2218,1.2724,3.0414,0.9889,1.3674,13.0066,0.5331,3.0000,0.0000,0.0000,0,15.2072,348.5865,989.2781,668.9323,320.3458,0.0000,0.0000,348.5865,989.2781
28.257,1,1,heuristic,-0.1802,45.4079,0.7544,1.6654,2.3443,2.8756,0.2505,1.2781,3.0414,0.9273,1.3674,12.8803,0.5316,3.0000,0.0000,0.0000,0,15.2072,314.9022,980.3518,647.6270,332.7248,0.0000,0.0000,314.9022,980.3518
28.307,1,1,heuristic,-0.0932,45.5116,0.7655,1.6948,2.3074,2.8629,0.2707,1.2842,3.0414,0.8605,1.3674,12.7479,0.5298,3.0000,0.0000,0.0000,0,15.2072,329.7034,978.3051,654.0043,324.3009,0.0000,0.0000,329.7034,978.3051
28.357,1,1,heuristic,-0.0002,45.6195,0.7778,1.7135,2.2610,2.8369,0.3080,1.2902,3.0414,0.7962,1.3674,12.6249,0.5248,3.0000,0.0000,0.0000,0,15.2072,306.8030,975.0014,640.9022,334.0992,0.0000,0.0000,306.8030,975.0014
28.407,1,1,heuristic,0.0879,45.7194,0.7913,1.7380,2.2250,2.8234,0.3095,1.2967,3.0414,0.7269,1.3674,12.4964,0.5189,3.0000,0.0000,0.0000,0,15.2072,313.6077,986.6754,650.1415,336.5339,0.0000,0.0000,313.6077,986.6754
28.457,1,1,heuristic,0.0879,45.7194,0.8000,1.7380,2.2250,2.8234,0.3458,1.3030,3.0414,0.6608,1.3674,12.3773,0.5116,3.0000,0.0000,0.0000,0,15.2072,318.2056,983.2961,650.7508,332.5452,0.0000,0.0000,318.2056,983.2961
28.507,1,1,heuristic,0.1818,45.8233,0.8154,1.7515,2.1799,2.7964,0.3653,1.3030,3.0414,0.6608,1.3674,12.3773,0.5030,3.0000,0.0000,0.0000,0,15.2072,318.2056,983.2961,650.7508,332.5452,0.0000,0.0000,318.2056,983.2961
28.557,1,1,heuristic,0.2706,45.9196,0.8285,1.7713,2.1450,2.7818,0.3678,1.3096,3.0414,0.5898,1.3674,12.2530,0.4942,3.0000,0.0000,0.0000,0,15.2072,332.5016,984.9772,658.7394,326.2378,0.0000,0.0000,332.5016,984.9772
28.607,1,1,heuristic,0.3651,46.0200,0.8422,1.7806,2.1019,2.7547,0.3847,1.3161,3.0414,0.5223,1.3674,12.1379,0.4876,3.0000,0.0000,0.0000,0,15.2072,299.7490,986.7980,643.2735,343.5245,0.0000,0.0000,299.7490,986.7980
28.657,1,1,heuristic,0.4545,46.1130,0.8602,1.7969,2.0693,2.7407,0.4005,1.3231,3.0414,0.4500,1.3674,12.0177,0.4808,3.0000,0.0000,0.0000,0,15.2072,351.1816,982.4976,666.8396,315.6580,0.0000,0.0000,351.1816,982.4976
28.707,1,1,heuristic,0.5497,46.2102,0.8715,1.8037,2.0293,2.7150,0.4035,1.3298,3.0414,0.3812,1.3674,11.9062,0.4696,3.0000,0.0000,0.0000,0,15.2072,375.1902,995.4659,685.3281,310.1378,0.0000,0.0000,375.1902,995.4659
28.757,1,1,heuristic,0.5497,46.2102,0.8869,1.8037,2.0293,2.7150,0.4140,1.3369,3.0414,0.3076,1.3674,11.7896,0.4654,3.0000,0.0000,0.0000,0,15.2072,315.1717,995.0050,655.0884,339.9167,0.0000,0.0000,315.1717,995.0050
28.807,1,1,heuristic,0.6399,46.3007,0.8947,1.8187,2.0005,2.7036,0.4228,1.3369,3.0414,0.3076,1.3674,11.7896,0.4500,3.0000,0.0000,0.0000,0,15.2072,264.4267,970.4289,617.4278,353.0011,0.0000,0.0000,264.4267,970.4289
28.857,1,1,heuristic,0.7362,46.3957,0.9148,1.8251,1.9656,2.6823,0.4487,1.3438,3.0414,0.2376,1.3674,11.6812,0.4491,3.0000,0.0000,0.0000,0,15.2072,309.9789,988.7810,649.3799,339.4011,0.0000,0.0000,309.9789,988.7810
28.907,1,1,heuristic,0.8273,46.4842,0.9315,1.8399,1.9413,2.6747,0.4420,1.3512,3.0414,0.1625,1.3674,11.5675,0.4364,3.0000,0.0000,0.0000,0,15.2072,381.1049,997.5388,689.3219,308.2170,0.0000,0.0000,381.1049,997.5388
28.957,1,1,heuristic,0.8273,46.4842,0.9443,1.8399,1.9413,2.6747,0.4378,1.3583,3.0414,0.0911,1.3674,11.4616,0.4269,3.0000,0.0000,0.0000,0,15.2072,286.6870,992.6114,639.6492,352.9622,0.0000,0.0000,286.6870,992.6114
29.007,1,1,heuristic,0.9247,46.5777,0.9659,1.8466,1.9126,2.6586,0.4645,1.3583,3.0414,0.0911,1.3674,11.4616,0.4141,3.0000,0.0000,0.0000,0,15.2072,280.2788,951.0186,615.6487,335.3699,0.0000,0.0000,280.2788,951.0186
29.057,1,1,heuristic,1.0173,46.6657,0.9747,1.8628,1.8967,2.6585,0.4670,1.3660,3.0414,0.0146,1.3674,11.3500,0.4001,3.0000,0.0000,0.0000,0,15.2072,259.6607,988.4482,624.0545,364.3938,0.0000,0.0000,259.6607,988.4482
29.107,1,1,heuristic,1.0173,46.6657,0.9927,1.8628,1.8967,2.6585,0.4703,1.3733,3.0414,-0.0583,1.3674,11.2453,0.3985,3.0000,0.0000,0.0000,0,15.2072,276.5928,984.9369,630.7649,354.1721,0.0000,0.0000,276.5928,984.9369
29.157,1,1,heuristic,1.1160,46.7587,1.0110,1.8701,1.8754,2.6485,0.4815,1.3733,3.0414,-0.0583,1.3674,11.2453,0.3806,3.0000,0.0000,0.0000,0,15.2072,371.0589,988.4790,679.7690,308.7101,0.0000,0.0000,371.0589,988.4790
29.207,1,1,heuristic,1.2096,46.8464,1.0296,1.8861,1.8656,2.6528,0.4775,1.3811,3.0414,-0.1362,1.3674,11.1349,0.3701,3.0000,0.0000,0.0000,0,15.2072,327.0274,988.2486,657.6380,330.6106,0.0000,0.0000,327.0274,988.2486
29.257,1,1,heuristic,1.3095,46.9399,1.0485,1.8930,1.8520,2.6483,0.4895,1.3885,3.0414,-0.2102,1.3674,11.0313,0.3589,3.0000,0.0000,0.0000,0,15.2072,399.7372,992.6334,696.1853,296.4481,0.0000,0.0000,399.7372,992.6334
29.307,1,1,heuristic,1.4041,47.0287,1.0677,1.9085,1.8516,2.6591,0.4965,1.3964,3.0414,-0.2891,1.3674,10.9214,0.3479,3.0000,0.0000,0.0000,0,15.2072,348.6364,989.2293,668.9329,320.2965,0.0000,0.0000,348.6364,989.2293
29.357,1,1,heuristic,1.4041,47.0287,1.0823,1.9085,1.8516,2.6591,0.4998,1.4038,3.0414,-0.3638,1.3674,10.8176,0.3361,3.0000,0.0000,0.0000,0,15.2072,348.6364,989.2293,668.9329,320.2965,0.0000,0.0000,348.6364,989.2293
29.407,1,1,heuristic,1.5048,47.1238,1.1067,1.9141,1.8472,2.6601,0.5040,1.4038,3.0414,-0.3638,1.3674,10.8176,0.3215,3.0000,0.0000,0.0000,0,15.2072,343.5395,985.7651,664.6523,321.1128,0.0000,0.0000,343.5395,985.7651
29.457,1,1,heuristic,1.5999,47.2144,1.1165,1.9276,1.8551,2.6753,0.5065,1.4118,3.0414,-0.4432,1.3674,10.7071,0.3051,3.0000,0.0000,0.0000,0,15.2072,434.6360,984.9889,709.8124,275.1765,0.0000,0.0000,434.6360,984.9889
29.507,1,1,heuristic,1.7009,47.3115,1.1413,1.9304,1.8576,2.6790,0.4953,1.4191,3.0414,-0.5181,1.3674,10.6027,0.3026,3.0000,0.0000,0.0000,0,15.2072,471.1778,990.7356,730.9567,259.7789,0.0000,0.0000,471.1778,990.7356
29.557,1,1,heuristic,1.7960,47.4044,1.1661,1.9406,1.8731,2.6971,0.4983,1.4270,3.0414,-0.5974,1.3674,10.4916,0.2857,3.0000,0.0000,0.0000,0,15.2072,377.7521,987.0261,682.3891,304.6370,0.0000,0.0000,377.7521,987.0261
29.608,1,1,heuristic,1.7960,47.4044,1.1811,1.9406,1.8731,2.6971,0.5075,1.4342,3.0414,-0.6718,1.3674,10.3861,0.2681,3.0000,0.0000,0.0000,0,15.2072,392.4678,989.1044,690.7861,298.3183,0.0000,0.0000,392.4678,989.1044
29.657,1,1,heuristic,1.8967,47.5044,1.2059,1.9398,1.8831,2.7035,0.5188,1.4342,3.0414,-0.6718,1.3674,10.3861,0.2531,3.0000,0.0000,0.0000,0,15.2072,464.4448,995.2035,729.8241,265.3793,0.0000,0.0000,464.4448,995.2035
29.707,1,1,heuristic,1.9913,47.5999,1.2159,1.9460,1.9043,2.7227,0.5125,1.4419,3.0414,-0.7502,1.3674,10.2735,0.2360,3.0000,0.0000,0.0000,0,15.2072,415.6568,996.2585,705.9577,290.3008,0.0000,0.0000,415.6568,996.2585
29.757,1,1,heuristic,2.0912,47.7028,1.2459,1.9410,1.9192,2.7296,0.5268,1.4489,3.0414,-0.8235,1.3674,10.1669,0.2330,3.0000,0.0000,0.0000,0,15.2072,415.6568,996.2585,705.9577,290.3008,0.0000,0.0000,415.6568,996.2585
29.807,1,1,heuristic,2.1848,47.8013,1.2658,1.9430,1.9460,2.7499,0.5072,1.4564,3.0414,-0.9006,1.3674,10.0529,0.2106,3.0000,0.0000,0.0000,0,15.2072,429.9389,982.8207,706.3798,276.4409,0.0000,0.0000,429.9389,982.8207
29.857,1,1,heuristic,2.1848,47.8013,1.2858,1.9430,1.9460,2.7499,0.4993,1.4632,3.0414,-0.9724,1.3674,9.9447,0.1973,3.0000,0.0000,0.0000,0,15.2072,392.5794,986.3635,689.4715,296.8920,0.0000,0.0000,392.5794,986.3635
29.907,1,1,heuristic,2.2834,47.9076,1.3058,1.9336,1.9657,2.7573,0.5038,1.4632,3.0414,-0.9724,1.3674,9.9447,0.1774,3.0000,0.0000,0.0000,0,15.2072,414.5598,998.0982,706.3290,291.7692,0.0000,0.0000,414.5598,998.0982
29.957,1,1,heuristic,2.3755,48.0095,1.3259,1.9308,1.9968,2.7776,0.5220,1.4704,3.0414,-1.0475,1.3674,9.8290,0.1646,3.0000,0.0000,0.0000,0,15.2072,486.1616,994.7967,740.4792,254.3176,0.0000,0.0000,486.1616,994.7967
30.007,1,1,heuristic,2.4723,48.1193,1.3459,1.9167,2.0200,2.7846,0.5038,1.4769,3.0414,-1.1172,1.3674,9.7192,0.1510,3.0000,0.0000,0.0000,0,15.2072,533.7148,993.9014,763.8081,230.0933,0.0000,0.0000,533.7148,993.9014
30.057,1,1,heuristic,2.5624,48.2251,1.3660,1.9088,2.0566,2.8059,0.5148,1.4838,3.0414,-1.1897,1.3674,9.6016,0.1379,3.0000,0.0000,0.0000,0,15.2072,580.4472,998.4258,789.4365,208.9893,0.0000,0.0000,580.4472,998.4258
30.107,1,1,heuristic,2.5624,48.2251,1.3810,1.9088,2.0566,2.8059,0.4943,1.4899,3.0414,-1.2566,1.3674,9.4894,0.1240,3.0000,0.0000,0.0000,0,15.2072,528.6221,988.7683,758.6952,230.0731,0.0000,0.0000,528.6221,988.7683
30.157,1,1,heuristic,2.6565,48.3401,1.4058,1.8892,2.0879,2.8158,0.5042,1.4899,3.0414,-1.2566,1.3674,9.4894,0.1089,3.0000,0.0000,0.0000,0,15.2072,584.6375,979.9303,782.2839,197.6464,0.0000,0.0000,584.6375,979.9303
30.207,1,1,heuristic,2.7439,48.4513,1.4206,1.8752,2.1336,2.8405,0.4850,1.4964,3.0414,-1.3256,1.3674,9.3684,0.0906,3.0000,0.0000,0.0000,0,15.2072,566.5334,996.0793,781.3064,214.7729,0.0000,0.0000,566.5334,996.0793
30.257,1,1,heuristic,2.8347,48.5721,1.4449,1.8495,2.1715,2.8524,0.4890,1.5020,3.0414,-1.3887,1.3674,9.2524,0.0814,3.0000,0.0000,0.0000,0,15.2072,600.7627,991.3460,796.0543,195.2916,0.0000,0.0000,600.7627,991.3460
30.307,1,1,heuristic,2.9185,48.6887,1.4642,1.8289,2.2228,2.8786,0.4773,1.5079,3.0414,-1.4532,1.3674,9.1273,0.0630,3.0000,0.0000,0.0000,0,15.2072,622.6078,992.5449,807.5763,184.9686,0.0000,0.0000,622.6078,992.5449
30.357,1,1,heuristic,2.9185,48.6887,1.4785,1.8289,2.2228,2.8786,0.4667,1.5129,3.0414,-1.5118,1.3674,9.0076,0.0488,3.0000,0.0000,0.0000,0,15.2072,622.6078,992.5449,807.5763,184.9686,0.0000,0.0000,622.6078,992.5449
30.407,1,1,heuristic,3.0054,48.8154,1.5021,1.7971,2.2656,2.8918,0.4788,1.5129,3.0414,-1.5118,1.3674,9.0076,0.0344,3.0000,0.0000,0.0000,0,15.2072,668.6452,997.7099,833.1776,164.5324,0.0000,0.0000,668.6452,997.7099
30.457,1,1,heuristic,3.0851,48.9376,1.5161,1.7700,2.3216,2.9194,0.4775,1.5183,3.0414,-1.5713,1.3674,8.8783,0.0162,3.0000,0.0000,0.0000,0,15.2072,708.6240,984.1838,846.4039,137.7799,0.0000,0.0000,708.6240,984.1838
30.507,1,1,heuristic,3.1673,49.0703,1.5390,1.7321,2.3677,2.9337,0.4455,1.5227,3.0414,-1.6247,1.3674,8.7545,0.0066,3.0000,0.0000,0.0000,0,15.2072,735.9863,981.1113,858.5488,122.5625,0.0000,0.0000,735.9863,981.1113
30.557,1,1,heuristic,3.2423,49.1982,1.5570,1.6983,2.4272,2.9624,0.4373,1.5274,3.0414,-1.6784,1.3674,8.6208,-0.0116,3.0000,0.0000,0.0000,0,15.2072,685.8615,993.7758,839.8186,153.9572,0.0000,0.0000,685.8615,993.7758
30.607,1,1,heuristic,3.2423,49.1982,1.5747,1.6983,2.4272,2.9624,0.4512,1.5312,3.0414,-1.7260,1.3674,8.4926,-0.0258,3.0000,0.0000,0.0000,0,15.2072,755.0393,987.5222,871.2807,116.2415,0.0000,0.0000,755.0393,987.5222
30.657,1,1,heuristic,3.3889,49.4703,1.6006,1.6139,2.5359,3.0059,0.4183,1.5312,3.0414,-1.7260,1.3674,8.4926,-0.0435,3.0000,0.0000,0.0000,0,15.2072,694.2813,978.0793,836.1803,141.8990,0.0000,0.0000,694.2813,978.0793
30.707,1,1,heuristic,3.3889,49.4703,1.6133,1.6139,2.5359,3.0059,0.4118,1.5384,3.0414,-1.8146,1.3674,8.2221,-0.0622,3.0000,0.0000,0.0000,0,15.2072,751.1865,992.5222,871.8543,120.6679,0.0000,0.0000,751.1865,992.5222
30.757,1,1,heuristic,3.4599,49.6144,1.6341,1.5643,2.5828,3.0196,0.3997,1.5384,3.0414,-1.8146,1.3674,8.2221,-0.0749,3.0000,0.0000,0.0000,0,15.2072,685.2153,996.2231,840.7192,155.5039,0.0000,0.0000,685.2153,996.2231
30.807,1,1,heuristic,3.5241,49.7524,1.6463,1.5187,2.6415,3.0470,0.3945,1.5418,3.0414,-1.8551,1.3674,8.0797,-0.0922,3.0000,0.0000,0.0000,0,15.2072,789.7936,993.5054,891.6495,101.8559,0.0000,0.0000,789.7936,993.5054
30.857,1,1,heuristic,3.5890,49.9012,1.6664,1.4649,2.6855,3.0590,0.3937,1.5444,3.0414,-1.8900,1.3674,7.9438,-0.1020,3.0000,0.0000,0.0000,0,15.2072,729.8239,981.1815,855.5027,125.6788,0.0000,0.0000,729.8239,981.1815
30.907,1,1,heuristic,3.6473,50.0436,1.6821,1.4148,2.7417,3.0852,0.3795,1.5471,3.0414,-1.9236,1.3674,7.7978,-0.1192,3.0000,0.0000,0.0000,0,15.2072,809.9920,993.1319,901.5620,91.5699,0.0000,0.0000,809.9920,993.1319
30.957,1,1,heuristic,3.7059,50.1968,1.7015,1.3572,2.7825,3.0959,0.3665,1.5491,3.0414,-1.9520,1.3674,7.6585,-0.1330,3.0000,0.0000,0.0000,0,15.2072,809.9920,993.1319,901.5620,91.5699,0.0000,0.0000,809.9920,993.1319
31.007,1,1,heuristic,3.7581,50.3432,1.7203,1.3030,2.8361,3.1211,0.3693,1.5512,3.0414,-1.9784,1.3674,7.5091,-0.1502,3.0000,0.0000,0.0000,0,15.2072,879.4720,988.7762,934.1241,54.6521,0.0000,0.0000,879.4720,988.7762
31.057,1,1,heuristic,3.7581,50.3432,1.7314,1.3030,2.8361,3.1211,0.3555,1.5525,3.0414,-1.9999,1.3674,7.3665,-0.1677,3.0000,0.0000,0.0000,0,15.2072,887.1552,987.8869,937.5211,50.3658,0.0000,0.0000,887.1552,987.8869
31.107,1,1,heuristic,3.8099,50.5007,1.7493,1.2418,2.8747,3.1314,0.3438,1.5525,3.0414,-1.9999,1.3674,7.3665,-0.1789,3.0000,0.0000,0.0000,0,15.2072,888.3067,981.1697,934.7382,46.4315,0.0000,0.0000,888.3067,981.1697
31.157,1,1,heuristic,3.8555,50.6511,1.7633,1.1833,2.9264,3.1566,0.3235,1.5540,3.0414,-2.0189,1.3674,7.2134,-0.1954,3.0000,0.0000,0.0000,0,15.2072,907.2587,985.3458,946.3023,39.0435,0.0000,0.0000,907.2587,985.3458
31.207,1,1,heuristic,3.9002,50.8126,1.7802,1.1188,2.9622,3.1664,0.2983,1.5546,3.0414,-2.0331,1.3674,7.0673,-0.2087,3.0000,0.0000,0.0000,0,15.2072,889.6736,992.5589,941.1163,51.4427,0.0000,0.0000,889.6736,992.5589
31.257,1,1,heuristic,3.9391,50.9664,1.7932,1.0570,3.0106,3.1908,0.3050,1.5554,3.0414,-2.0443,1.3674,6.9107,-0.2248,3.0000,0.0000,0.0000,0,15.2072,921.1815,990.5546,955.8681,34.6866,0.0000,0.0000,921.1815,990.5546
31.307,1,1,heuristic,3.9767,51.1312,1.8059,0.9903,3.0421,3.1992,0.2888,1.5554,3.0414,-2.0513,1.3674,6.7616,-0.2379,3.0000,0.0000,0.0000,0,15.2072,916.7184,975.2504,945.9844,29.2660,0.0000,0.0000,916.7184,975.2504
31.357,1,1,heuristic,4.0089,51.2877,1.8211,0.9263,3.0859,3.2219,0.2810,1.5555,3.0414,-2.0549,1.3674,6.6019,-0.2504,3.0000,0.0000,0.0000,0,15.2072,932.0101,986.8865,959.4483,27.4382,0.0000,0.0000,932.0101,986.8865
31.407,1,1,heuristic,4.0089,51.2877,1.8329,0.9263,3.0859,3.2219,0.2792,1.5549,3.0414,-2.0548,1.3674,6.4502,-0.2662,3.0000,0.0000,0.0000,0,15.2072,901.8738,986.7183,944.2961,42.4223,0.0000,0.0000,901.8738,986.7183
31.457,1,1,heuristic,4.0394,51.4549,1.8472,0.8585,3.1119,3.2281,0.2667,1.5549,3.0414,-2.0548,1.3674,6.4502,-0.2780,3.0000,0.0000,0.0000,0,15.2072,901.8738,986.7183,944.2961,42.4223,0.0000,0.0000,901.8738,986.7183
31.507,1,1,heuristic,4.0650,51.6134,1.8582,0.7933,3.1499,3.2483,0.2640,1.5544,3.0414,-2.0510,1.3674,6.2881,-0.2928,3.0000,0.0000,0.0000,0,15.2072,896.1378,965.9742,931.0560,34.9182,0.0000,0.0000,896.1378,965.9742
31.557,1,1,heuristic,4.0887,51.7823,1.8690,0.7258,3.1694,3.2514,0.2520,1.5533,3.0414,-2.0440,1.3674,6.1344,-0.3050,3.0000,0.0000,0.0000,0,15.2072,940.0194,946.9966,943.5080,3.4886,0.0000,0.0000,940.0194,946.9966
31.607,1,1,heuristic,4.1080,51.9418,1.8794,0.6611,3.2002,3.2677,0.2260,1.5522,3.0414,-2.0331,1.3674,5.9705,-0.3167,3.0000,0.0000,0.0000,0,15.2072,939.2409,934.8431,937.0420,-2.1989,0.0000,0.0000,939.2409,934.8431
31.657,1,1,heuristic,4.1251,52.1113,1.8921,0.5948,3.2122,3.2668,0.2417,1.5506,3.0414,-2.0198,1.3674,5.8156,-0.3288,3.0000,0.0000,0.0000,0,15.2072,926.2116,937.3666,931.7891,5.5775,0.0000,0.0000,926.2116,937.3666
31.707,1,1,heuristic,4.1383,52.2713,1.9018,0.5306,3.2364,3.2796,0.2407,1.5491,3.0414,-2.0023,1.3674,5.6507,-0.3429,3.0000,0.0000,0.0000,0,15.2072,943.5218,911.4438,927.4828,-16.0390,0.0000,0.0000,943.5218,911.4438
31.757,1,1,heuristic,4.1490,52.4411,1.9136,0.4659,3.2419,3.2752,0.2205,1.5471,3.0414,-1.9829,1.3674,5.4949,-0.3547,3.0000,0.0000,0.0000,0,15.2072,963.5981,937.3372,950.4677,-13.1305,0.0000,0.0000,963.5981,937.3372
31.807,1,1,heuristic,4.1563,52.6010,1.9247,0.4030,3.2599,3.2848,0.1945,1.5451,3.0414,-1.9592,1.3674,5.3294,-0.3685,3.0000,0.0000,0.0000,0,15.2072,958.7224,877.0062,917.8643,-40.8581,0.0000,0.0000,958.7224,877.0062
31.857,1,1,heuristic,4.1563,52.6010,1.9332,0.4030,3.2599,3.2848,0.2065,1.5426,3.0414,-1.9340,1.3674,5.1733,-0.3821,3.0000,0.0000,0.0000,0,15.2072,967.5859,923.0606,945.3232,-22.2626,0.0000,0.0000,967.5859,923.0606
31.907,1,1,heuristic,4.1610,52.7706,1.9433,0.3403,3.2603,3.2780,0.1865,1.5426,3.0414,-1.9340,1.3674,5.1733,-0.3906,3.0000,0.0000,0.0000,0,15.2072,960.2074,839.4000,899.8037,-60.4037,0.0000,0.0000,960.2074,839.4000
31.957,1,1,heuristic,4.1626,52.9302,1.9509,0.2791,3.2733,3.2852,0.1618,1.5401,3.0414,-1.9043,1.3674,5.0073,-0.4031,3.0000,0.0000,0.0000,0,15.2072,957.9292,838.8733,898.4013,-59.5280,0.0000,0.0000,957.9292,838.8733
32.007,1,1,heuristic,4.1615,53.0992,1.9598,0.2189,3.2687,3.2760,0.1447,1.5372,2.9507,-1.8737,1.3674,4.8509,-0.4136,3.0000,0.0000,0.0000,0,15.2072,958.3705,814.1006,886.2355,-72.1349,0.0000,0.0000,958.3705,814.1006
32.057,1,1,heuristic,4.1579,53.2579,1.9664,0.1602,3.2761,3.2800,0.1345,1.5343,2.8498,-1.8384,1.3674,4.6849,-0.4255,3.0000,0.0000,0.0000,0,15.2072,958.3705,814.1006,886.2355,-72.1349,0.0000,0.0000,958.3705,814.1006
32.107,1,1,heuristic,4.1514,53.4255,1.9726,0.1032,3.2655,3.2671,0.1368,1.5311,2.7548,-1.8029,1.3674,4.5288,-0.4353,3.0000,0.0000,0.0000,0,15.2072,962.3893,781.1059,871.7476,-90.6417,0.0000,0.0000,962.3893,781.1059
32.157,1,1,heuristic,4.1429,53.5827,1.9809,0.0472,3.2674,3.2677,0.1198,1.5278,2.6543,-1.7626,1.3674,4.3635,-0.4448,3.0000,0.0000,0.0000,0,15.2072,951.8909,835.9825,893.9367,-57.9542,0.0000,0.0000,951.8909,835.9825
32.207,1,1,heuristic,4.1314,53.7486,1.9859,-0.0065,3.2519,3.2519,0.0978,1.5242,2.5597,-1.7226,1.3674,4.2081,-0.4568,3.0000,0.0000,0.0000,0,15.2072,923.1621,694.0479,808.6050,-114.5571,0.0000,0.0000,923.1621,694.0479
32.257,1,1,heuristic,4.1183,53.9041,1.9915,-0.0597,3.2497,3.2502,0.0995,1.5205,2.4598,-1.6778,1.3674,4.0438,-0.4654,3.0000,0.0000,0.0000,0,15.2072,923.1621,694.0479,808.6050,-114.5571,0.0000,0.0000,923.1621,694.0479
32.307,1,1,heuristic,4.1022,54.0677,1.9964,-0.1097,3.2290,3.2308,0.0703,1.5165,2.3658,-1.6336,1.3674,3.8893,-0.4750,3.0000,0.0000,0.0000,0,15.2072,906.4414,602.1844,754.3129,-152.1285,0.0000,0.0000,906.4414,602.1844
32.357,1,1,heuristic,4.0852,54.2202,1.9997,-0.1587,3.2186,3.2225,0.0630,1.5125,2.2667,-1.5848,1.3674,3.7264,-0.4839,3.0000,0.0000,0.0000,0,15.2072,912.9137,526.2877,719.6007,-193.3130,0.0000,0.0000,912.9137,526.2877
32.407,1,1,heuristic,4.0852,54.2202,2.0025,-0.1587,3.2186,3.2225,0.0475,1.5084,2.1741,-1.5373,1.3674,3.5741,-0.4913,3.0000,0.0000,0.0000,0,15.2072,917.3399,517.2669,717.3034,-200.0365,0.0000,0.0000,917.3399,517.2669
32.457,1,1,heuristic,4.0653,54.3797,2.0046,-0.2037,3.1881,3.1946,0.0070,1.5084,2.1741,-1.5373,1.3674,3.5741,-0.4941,3.0000,0.0000,0.0000,0,15.2072,860.0787,567.5811,713.8299,-146.2488,0.0000,0.0000,860.0787,567.5811
32.507,1,1,heuristic,4.0448,54.5274,2.0062,-0.2480,3.1661,3.1758,0.0030,1.5042,2.0771,-1.4856,1.3674,3.4146,-0.5004,3.0000,0.0000,0.0000,0,15.2072,834.6265,473.2027,653.9146,-180.7119,0.0000,0.0000,834.6265,473.2027
32.557,1,1,heuristic,4.0215,54.6815,2.0067,-0.2882,3.1255,3.1388,-0.0305,1.5000,1.9869,-1.4357,1.3674,3.2664,-0.5061,3.0000,0.0000,0.0000,0,15.2072,756.6728,477.7171,617.1950,-139.4779,0.0000,0.0000,756.6728,477.7171
32.607,1,1,heuristic,3.9982,54.8242,2.0063,-0.3274,3.0949,3.1122,-0.0348,1.4958,1.8926,-1.3818,1.3674,3.1114,-0.5109,3.0000,0.0000,0.0000,0,15.2072,703.6589,421.6740,562.6665,-140.9924,0.0000,0.0000,703.6589,421.6740
32.657,1,1,heuristic,3.9725,54.9723,2.0050,-0.3608,3.0457,3.0670,-0.0718,1.5045,2.9031,-1.2840,1.3848,17.2385,-0.5018,3.0000,0.0000,0.0000,0,14.5153,701.5120,353.4712,527.4916,-174.0204,0.0000,0.0000,701.5120,353.4712
32.707,1,1,heuristic,3.9477,55.1087,2.0038,-0.3920,3.0048,3.0303,-0.0675,1.5004,2.9031,-1.2314,1.3848,17.0942,-0.5046,3.0000,0.0000,0.0000,0,14.5153,694.2739,263.2635,478.7687,-215.5052,0.0000,0.0000,694.2739,263.2635
32.757,1,1,heuristic,3.9477,55.1087,2.0023,-0.3920,3.0048,3.0303,-0.0808,1.4964,2.9031,-1.1818,1.3848,16.9616,-0.5075,3.0000,0.0000,0.0000,0,14.5153,708.1152,202.6405,455.3779,-252.7373,0.0000,0.0000,708.1152,202.6405
32.807,1,1,heuristic,3.9210,55.2492,1.9990,-0.4164,2.9442,2.9735,-0.0958,1.4964,2.9031,-1.1818,1.3848,16.9616,-0.5060,3.0000,0.0000,0.0000,0,14.5153,708.1152,202.6405,455.3779,-252.7373,0.0000,0.0000,708.1152,202.6405
32.857,1,1,heuristic,3.8955,55.3775,1.9974,-0.4394,2.8900,2.9233,-0.1000,1.4923,2.9031,-1.1295,1.3848,16.8252,-0.5067,3.0000,0.0000,0.0000,0,14.5153,840.3666,162.7433,501.5550,-338.8116,0.0000,0.0000,840.3666,162.7433
32.907,1,1,heuristic,3.8680,55.5094,1.9924,-0.4574,2.8193,2.8562,-0.1393,1.4884,2.9031,-1.0807,1.3848,16.7008,-0.5089,3.0000,0.0000,0.0000,0,14.5153,939.7241,258.8638,599.2939,-340.4302,0.0000,0.0000,939.7241,258.8638
32.957,1,1,heuristic,3.8680,55.5094,1.9874,-0.4574,2.8193,2.8562,-0.1850,1.4845,2.9031,-1.0293,1.3848,16.5733,-0.5079,3.0000,0.0000,0.0000,0,14.5153,956.3818,353.2341,654.8080,-301.5738,0.0000,0.0000,956.3818,353.2341
33.007,1,1,heuristic,3.8411,55.6306,1.9845,-0.4778,2.7605,2.8016,-0.1743,1.4845,2.9031,-1.0293,1.3848,16.5733,-0.5029,3.0000,0.0000,0.0000,0,14.5153,956.3818,353.2341,654.8080,-301.5738,0.0000,0.0000,956.3818,353.2341
33.057,1,1,heuristic,3.8112,55.7573,1.9762,-0.4975,2.6957,2.7412,-0.2190,1.4806,2.9031,-0.9804,1.3848,16.4564,-0.5039,3.0000,0.0000,0.0000,0,14.5153,921.0305,434.3692,677.6998,-243.3307,0.0000,0.0000,921.0305,434.3692
33.107,1,1,heuristic,3.7815,55.8757,1.9684,-0.5217,2.6498,2.7007,-0.2445,1.4762,2.9031,-0.9276,1.3848,16.3345,-0.4999,3.0000,0.0000,0.0000,0,14.5153,985.1088,439.1680,712.1384,-272.9704,0.0000,0.0000,985.1088,439.1680
33.157,1,1,heuristic,3.7815,55.8757,1.9598,-0.5217,2.6498,2.7007,-0.2505,1.4717,2.9031,-0.8765,1.3848,16.2210,-0.4967,3.0000,0.0000,0.0000,0,14.5153,990.1630,478.2323,734.1976,-255.9654,0.0000,0.0000,990.1630,478.2323
33.207,1,1,heuristic,3.7484,56.0008,1.9505,-0.5447,2.6011,2.6575,-0.2690,1.4717,2.9031,-0.8765,1.3848,16.2210,-0.4881,3.0000,0.0000,0.0000,0,14.5153,972.2381,442.5656,707.4019,-264.8362,0.0000,0.0000,972.2381,442.5656
33.257,1,1,heuristic,3.7156,56.1190,1.9404,-0.5723,2.5733,2.6362,-0.2918,1.4668,2.9031,-0.8208,1.3848,16.1014,-0.4837,3.0000,0.0000,0.0000,0,14.5153,976.7073,426.4962,701.6017,-275.1056,0.0000,0.0000,976.7073,426.4962
33.307,1,1,heuristic,3.6791,56.2450,1.9270,-0.5982,2.5432,2.6126,-0.2918,1.4616,2.9031,-0.7667,1.3848,15.9888,-0.4788,3.0000,0.0000,0.0000,0,14.5153,973.3256,431.5681,702.4469,-270.8788,0.0000,0.0000,973.3256,431.5681
33.357,1,1,heuristic,3.6432,56.3644,1.9185,-0.6280,2.5321,2.6088,-0.2950,1.4560,2.9031,-0.7076,1.3848,15.8691,-0.4710,3.0000,0.0000,0.0000,0,14.5153,979.3036,391.8727,685.5881,-293.7155,0.0000,0.0000,979.3036,391.8727
33.407,1,1,heuristic,3.6432,56.3644,1.9067,-0.6280,2.5321,2.6088,-0.3115,1.4503,2.9031,-0.6502,1.3848,15.7561,-0.4683,3.0000,0.0000,0.0000,0,14.5153,982.2647,426.8968,704.5808,-277.6839,0.0000,0.0000,982.2647,426.8968
33.457,1,1,heuristic,3.6036,56.4919,1.8911,-0.6548,2.5162,2.6000,-0.3285,1.4503,2.9031,-0.6502,1.3848,15.7561,-0.4565,3.0000,0.0000,0.0000,0,14.5153,979.2117,386.5974,682.9046,-296.3071,0.0000,0.0000,979.2117,386.5974
33.507,1,1,heuristic,3.5650,56.6130,1.8847,-0.6849,2.5174,2.6089,-0.3495,1.4440,2.9031,-0.5877,1.3848,15.6357,-0.4471,3.0000,0.0000,0.0000,0,14.5153,979.2117,386.5974,682.9046,-296.3071,0.0000,0.0000,979.2117,386.5974
33.557,1,1,heuristic,3.5227,56.7424,1.8681,-0.7106,2.5117,2.6103,-0.3603,1.4379,2.9031,-0.5273,1.3848,15.5218,-0.4468,3.0000,0.0000,0.0000,0,14.5153,970.9222,490.3443,730.6332,-240.2889,0.0000,0.0000,970.9222,490.3443
33.607,1,1,heuristic,3.4818,56.8652,1.8542,-0.7387,2.5208,2.6269,-0.3735,1.4313,2.9031,-0.4618,1.3848,15.4004,-0.4368,3.0000,0.0000,0.0000,0,14.5153,976.2431,521.0297,748.6364,-227.6067,0.0000,0.0000,976.2431,521.0297
33.657,1,1,heuristic,3.4818,56.8652,1.8399,-0.7387,2.5208,2.6269,-0.3728,1.4249,2.9031,-0.3990,1.3848,15.2856,-0.4293,3.0000,0.0000,0.0000,0,14.5153,969.6150,420.2396,694.9273,-274.6877,0.0000,0.0000,969.6150,420.2396
33.707,1,1,heuristic,3.4376,56.9966,1.8253,-0.7610,2.5220,2.6343,-0.3755,1.4249,2.9031,-0.3990,1.3848,15.2856,-0.4150,3.0000,0.0000,0.0000,0,14.5153,971.0779,349.3116,660.1947,-310.8831,0.0000,0.0000,971.0779,349.3116
33.757,1,1,heuristic,3.3954,57.1213,1.8142,-0.7846,2.5372,2.6557,-0.3897,1.4180,2.9031,-0.3312,1.3848,15.1630,-0.4073,3.0000,0.0000,0.0000,0,14.5153,983.7118,431.0668,707.3893,-276.3225,0.0000,0.0000,983.7118,431.0668
33.807,1,1,heuristic,3.3502,57.2536,1.7953,-0.8017,2.5389,2.6624,-0.3990,1.4115,2.9031,-0.2667,1.3848,15.0470,-0.4027,3.0000,0.0000,0.0000,0,14.5153,981.4658,454.1156,717.7907,-263.6751,0.0000,0.0000,981.4658,454.1156
33.857,1,1,heuristic,3.3072,57.3784,1.7797,-0.8203,2.5510,2.6796,-0.4098,1.4045,2.9031,-0.1977,1.3848,14.9243,-0.3907,3.0000,0.0000,0.0000,0,14.5153,980.1550,434.9077,707.5313,-272.6236,0.0000,0.0000,980.1550,434.9077
33.907,1,1,heuristic,3.2614,57.5108,1.7599,-0.8323,2.5499,2.6823,-0.4012,1.3980,2.9031,-0.1325,1.3848,14.8089,-0.3818,3.0000,0.0000,0.0000,0,14.5153,984.8050,360.7917,672.7984,-312.0066,0.0000,0.0000,984.8050,360.7917
33.957,1,1,heuristic,3.2614,57.5108,1.7438,-0.8323,2.5499,2.6823,-0.4032,1.3910,2.9031,-0.0630,1.3848,14.6868,-0.3689,3.0000,0.0000,0.0000,0,14.5153,988.7623,400.2386,694.5004,-294.2618,0.0000,0.0000,988.7623,400.2386
34.007,1,1,heuristic,3.2181,57.6353,1.7315,-0.8462,2.5589,2.6952,-0.4448,1.3910,2.9031,-0.0630,1.3848,14.6868,-0.3527,3.0000,0.0000,0.0000,0,14.5153,990.3293,457.0579,723.6936,-266.6357,0.0000,0.0000,990.3293,457.0579
34.057,1,1,heuristic,3.1721,57.7671,1.7065,-0.8542,2.5538,2.6929,-0.4185,1.3845,2.9031,0.0026,1.3848,14.5723,-0.3470,3.0000,0.0000,0.0000,0,14.5153,990.3293,457.0579,723.6936,-266.6357,0.0000,0.0000,990.3293,457.0579
34.107,1,1,heuristic,3.1286,57.8913,1.6980,-0.8644,2.5605,2.7024,-0.4245,1.3776,2.9031,0.0722,1.3848,14.4515,-0.3289,3.0000,0.0000,0.0000,0,14.5153,988.5294,489.7694,739.1494,-249.3800,0.0000,0.0000,988.5294,489.7694
34.157,1,1,heuristic,3.0825,58.0233,1.6766,-0.8687,2.5562,2.6998,-0.4405,1.3710,2.9031,0.1379,1.3848,14.3380,-0.3270,3.0000,0.0000,0.0000,0,14.5153,988.7072,485.9640,737.3356,-251.3716,0.0000,0.0000,988.7072,485.9640
34.207,1,1,heuristic,3.0825,58.0233,1.6637,-0.8687,2.5562,2.6998,-0.4263,1.3641,2.9031,0.2076,1.3848,14.2176,-0.3125,3.0000,0.0000,0.0000,0,14.5153,977.9132,511.8856,744.8994,-233.0138,0.0000,0.0000,977.9132,511.8856
34.257,1,1,heuristic,3.0393,58.1483,1.6464,-0.8753,2.5660,2.7112,-0.4430,1.3641,2.9031,0.2076,1.3848,14.2176,-0.2996,3.0000,0.0000,0.0000,0,14.5153,987.3700,508.3656,747.8678,-239.5022,0.0000,0.0000,987.3700,508.3656
34.307,1,1,heuristic,2.9936,58.2819,1.6246,-0.8758,2.5665,2.7118,-0.4378,1.3576,2.9031,0.2733,1.3848,14.1038,-0.2888,3.0000,0.0000,0.0000,0,14.5153,983.7337,491.3804,737.5570,-246.1766,0.0000,0.0000,983.7337,491.3804
34.357,1,1,heuristic,2.9510,58.4089,1.6116,-0.8783,2.5823,2.7276,-0.4445,1.3507,2.9031,0.3428,1.3848,13.9826,-0.2739,3.0000,0.0000,0.0000,0,14.5153,965.9420,471.1012,718.5216,-247.4204,0.0000,0.0000,965.9420,471.1012
34.407,1,1,heuristic,2.9062,58.5449,1.5897,-0.8748,2.5890,2.7328,-0.4383,1.3443,2.9031,0.4082,1.3848,13.8675,-0.2672,3.0000,0.0000,0.0000,0,14.5153,988.0926,494.9741,741.5334,-246.5592,0.0000,0.0000,988.0926,494.9741
34.457,1,1,heuristic,2.8646,58.6743,1.5678,-0.8733,2.6103,2.7525,-0.4373,1.3375,2.9031,0.4774,1.3848,13.7444,-0.2521,3.0000,0.0000,0.0000,0,14.5153,989.3055,564.6766,776.9910,-212.3144,0.0000,0.0000,989.3055,564.6766
34.507,1,1,heuristic,2.8646,58.6743,1.5503,-0.8733,2.6103,2.7525,-0.4360,1.3313,2.9031,0.5422,1.3848,13.6274,-0.2366,3.0000,0.0000,0.0000,0,14.5153,980.4054,466.1807,723.2931,-257.1124,0.0000,0.0000,980.4054,466.1807
34.557,1,1,heuristic,2.8213,58.8133,1.5283,-0.8653,2.6228,2.7619,-0.4418,1.3313,2.9031,0.5422,1.3848,13.6274,-0.2190,3.0000,0.0000,0.0000,0,14.5153,975.1097,544.4379,759.7738,-215.3359,0.0000,0.0000,975.1097,544.4379
34.607,1,1,heuristic,2.7813,58.9460,1.5152,-0.8586,2.6512,2.7867,-0.4300,1.3246,2.9031,0.6105,1.3848,13.5019,-0.2037,3.0000,0.0000,0.0000,0,14.5153,983.7450,578.0081,780.8765,-202.8684,0.0000,0.0000,983.7450,578.0081
34.657,1,1,heuristic,2.7401,59.0884,1.4932,-0.8454,2.6688,2.7995,-0.4333,1.3186,2.9031,0.6743,1.3848,13.3820,-0.1966,3.0000,0.0000,0.0000,0,14.5153,983.7450,578.0081,780.8765,-202.8684,0.0000,0.0000,983.7450,578.0081
34.707,1,1,heuristic,2.7025,59.2244,1.4802,-0.8330,2.7014,2.8269,-0.4355,1.3122,2.9031,0.7412,1.3848,13.2534,-0.1810,3.0000,0.0000,0.0000,0,14.5153,994.0760,509.9918,752.0339,-242.0421,0.0000,0.0000,994.0760,509.9918
34.757,1,1,heuristic,2.6641,59.3703,1.4583,-0.8141,2.7224,2.8415,-0.4270,1.3065,2.9031,0.8033,1.3848,13.1306,-0.1737,3.0000,0.0000,0.0000,0,14.5153,982.8420,578.7031,780.7725,-202.0694,0.0000,0.0000,982.8420,578.7031
34.807,1,1,heuristic,2.6641,59.3703,1.4410,-0.8141,2.7224,2.8415,-0.4183,1.3004,2.9031,0.8680,1.3848,12.9988,-0.1580,3.0000,0.0000,0.0000,0,14.5153,976.8899,572.3469,774.6184,-202.2715,0.0000,0.0000,976.8899,572.3469
34.857,1,1,heuristic,2.6293,59.5090,1.4280,-0.7965,2.7561,2.8689,-0.4400,1.3004,2.9031,0.8680,1.3848,12.9988,-0.1406,3.0000,0.0000,0.0000,0,14.5153,991.3168,593.1848,792.2508,-199.0660,0.0000,0.0000,991.3168,593.1848
34.907,1,1,heuristic,2.5940,59.6576,1.4064,-0.7729,2.7763,2.8819,-0.4278,1.2949,2.9031,0.9279,1.3848,12.8733,-0.1331,3.0000,0.0000,0.0000,0,14.5153,983.3475,614.6363,798.9919,-184.3556,0.0000,0.0000,983.3475,614.6363
34.957,1,1,heuristic,2.5624,59.7988,1.3892,-0.7501,2.8093,2.9077,-0.4238,1.2891,2.9031,0.9900,1.3848,12.7389,-0.1172,3.0000,0.0000,0.0000,0,14.5153,992.2082,644.6195,818.4138,-173.7943,0.0000,0.0000,992.2082,644.6195
35.007,1,1,heuristic,2.5307,59.9498,1.3678,-0.7217,2.8284,2.9190,-0.4095,1.2840,2.9031,1.0472,1.3848,12.6110,-0.1051,3.0000,0.0000,0.0000,0,14.5153,992.2082,644.6195,818.4138,-173.7943,0.0000,0.0000,992.2082,644.6195
35.057,1,1,heuristic,2.5028,60.0934,1.3509,-0.6936,2.8607,2.9436,-0.4017,1.2786,2.9031,1.1062,1.3848,12.4740,-0.0893,3.0000,0.0000,0.0000,0,14.5153,983.8309,610.8176,797.3242,-186.5066,0.0000,0.0000,983.8309,610.8176
35.107,1,1,heuristic,2.5028,60.0934,1.3341,-0.6936,2.8607,2.9436,-0.4125,1.2738,2.9031,1.1602,1.3848,12.3436,-0.0771,3.0000,0.0000,0.0000,0,14.5153,985.0952,646.5025,815.7988,-169.2963,0.0000,0.0000,985.0952,646.5025
35.157,1,1,heuristic,2.4754,60.2468,1.3132,-0.6606,2.8786,2.9534,-0.4095,1.2738,2.9031,1.1602,1.3848,12.3436,-0.0602,3.0000,0.0000,0.0000,0,14.5153,983.7906,738.2053,860.9980,-122.7927,0.0000,0.0000,983.7906,738.2053
35.207,1,1,heuristic,2.4514,60.3923,1.3008,-0.6282,2.9091,2.9762,-0.4020,1.2687,2.9031,1.2156,1.3848,12.2040,-0.0444,3.0000,0.0000,0.0000,0,14.5153,988.9049,671.7624,830.3337,-158.5712,0.0000,0.0000,988.9049,671.7624
35.257,1,1,heuristic,2.4285,60.5480,1.2844,-0.5907,2.9262,2.9852,-0.3910,1.2644,2.9031,1.2660,1.3848,12.0713,-0.0364,3.0000,0.0000,0.0000,0,14.5153,985.0815,699.5925,842.3370,-142.7445,0.0000,0.0000,985.0815,699.5925
35.307,1,1,heuristic,2.4092,60.6960,1.2682,-0.5529,2.9576,3.0088,-0.3865,1.2597,2.9031,1.3174,1.3848,11.9289,-0.0247,3.0000,0.0000,0.0000,0,14.5153,978.6857,732.0672,855.3764,-123.3092,0.0000,0.0000,978.6857,732.0672
35.357,1,1,heuristic,2.3914,60.8543,1.2482,-0.5108,2.9752,3.0187,-0.3845,1.2558,2.9031,1.3637,1.3848,11.7932,-0.0125,3.0000,0.0000,0.0000,0,14.5153,978.6857,732.0672,855.3764,-123.3092,0.0000,0.0000,978.6857,732.0672
35.407,1,1,heuristic,2.3772,61.0049,1.2287,-0.4677,3.0073,3.0435,-0.3815,1.2516,2.9031,1.4105,1.3848,11.6475,0.0033,3.0000,0.0000,0.0000,0,14.5153,988.6408,714.5326,851.5867,-137.0541,0.0000,0.0000,988.6408,714.5326
35.457,1,1,heuristic,2.3772,61.0049,1.2170,-0.4677,3.0073,3.0435,-0.3670,1.2482,2.9031,1.4523,1.3848,11.5084,0.0195,3.0000,0.0000,0.0000,0,14.5153,986.9774,752.7577,869.8675,-117.1099,0.0000,0.0000,986.9774,752.7577
35.507,1,1,heuristic,2.3651,61.1659,1.1980,-0.4208,3.0251,3.0542,-0.3445,1.2482,2.9031,1.4523,1.3848,11.5084,0.0311,3.0000,0.0000,0.0000,0,14.5153,982.9432,801.5998,892.2715,-90.6717,0.0000,0.0000,982.9432,801.5998
35.557,1,1,heuristic,2.3564,61.3188,1.1830,-0.3730,3.0573,3.0800,-0.3575,1.2445,2.9031,1.4940,1.3848,11.3591,0.0465,3.0000,0.0000,0.0000,0,14.5153,990.8866,844.9040,917.8953,-72.9913,0.0000,0.0000,990.8866,844.9040
35.607,1,1,heuristic,2.3504,61.4824,1.1682,-0.3215,3.0751,3.0919,-0.3478,1.2416,2.9031,1.5308,1.3848,11.2167,0.0586,3.0000,0.0000,0.0000,0,14.5153,990.8866,844.9040,917.8953,-72.9913,0.0000,0.0000,990.8866,844.9040
35.657,1,1,heuristic,2.3478,61.6379,1.1538,-0.2679,3.1081,3.1197,-0.3578,1.2385,2.9031,1.5670,1.3848,11.0636,0.0703,3.0000,0.0000,0.0000,0,14.5153,988.0083,893.5702,940.7893,-47.2190,0.0000,0.0000,988.0083,893.5702
35.707,1,1,heuristic,2.3478,61.6379,1.1467,-0.2679,3.1081,3.1197,-0.3382,1.2362,2.9031,1.5983,1.3848,10.9173,0.0824,3.0000,0.0000,0.0000,0,14.5153,985.9341,843.3742,914.6541,-71.2799,0.0000,0.0000,985.9341,843.3742
35.757,1,1,heuristic,2.3487,61.8043,1.1259,-0.2110,3.1265,3.1336,-0.3170,1.2362,2.9031,1.5983,1.3848,10.9173,0.0895,3.0000,0.0000,0.0000,0,14.5153,985.0545,870.0554,927.5550,-57.4996,0.0000,0.0000,985.0545,870.0554
35.807,1,1,heuristic,2.3526,61.9622,1.1158,-0.1523,3.1590,3.1627,-0.3220,1.2337,2.9031,1.6282,1.3848,10.7599,0.1078,3.0000,0.0000,0.0000,0,14.5153,981.6431,917.4332,949.5382,-32.1050,0.0000,0.0000,981.6431,917.4332
35.857,1,1,heuristic,2.3602,62.1306,1.0995,-0.0927,3.1747,3.1761,-0.3045,1.2321,2.9031,1.6535,1.3848,10.6098,0.1163,3.0000,0.0000,0.0000,0,14.5153,988.8698,862.7673,925.8186,-63.0513,0.0000,0.0000,988.8698,862.7673
35.907,1,1,heuristic,2.3705,62.2900,1.0868,-0.0313,3.2039,3.2040,-0.3030,1.2302,2.9031,1.6772,1.3848,10.4488,0.1307,3.0000,0.0000,0.0000,0,14.5153,986.2074,912.1526,949.1800,-37.0274,0.0000,0.0000,986.2074,912.1526
35.957,1,1,heuristic,2.3705,62.2900,1.0745,-0.0313,3.2039,3.2040,-0.2810,1.2290,2.9031,1.6966,1.3848,10.2955,0.1422,3.0000,0.0000,0.0000,0,14.5153,986.2074,912.1526,949.1800,-37.0274,0.0000,0.0000,986.2074,912.1526
36.007,1,1,heuristic,2.3847,62.4596,1.0595,0.0297,3.2154,3.2156,-0.2772,1.2290,2.9031,1.6966,1.3848,10.2955,0.1546,3.0000,0.0000,0.0000,0,14.5153,976.2481,897.5678,936.9080,-39.3401,0.0000,0.0000,976.2481,897.5678
36.057,1,1,heuristic,2.4011,62.6198,1.0508,0.0921,3.2401,3.2414,-0.2727,1.2277,2.9031,1.7140,1.3848,10.1315,0.1682,3.0000,0.0000,0.0000,0,14.5153,974.4811,905.2290,939.8551,-34.6261,0.0000,0.0000,974.4811,905.2290
36.107,1,1,heuristic,2.4217,62.7901,1.0367,0.1530,3.2469,3.2505,-0.2720,1.2270,2.9031,1.7275,1.3848,9.9756,0.1762,3.0000,0.0000,0.0000,0,14.5153,983.4327,922.7583,953.0955,-30.3372,0.0000,0.0000,983.4327,922.7583
36.157,1,1,heuristic,2.4440,62.9505,1.0231,0.2150,3.2661,3.2732,-0.2575,1.2262,2.9031,1.7387,1.3848,9.8091,0.1895,3.0000,0.0000,0.0000,0,14.5153,981.5947,932.9054,957.2501,-24.3446,0.0000,0.0000,981.5947,932.9054
36.207,1,1,heuristic,2.4706,63.1207,1.0125,0.2745,3.2674,3.2790,-0.2430,1.2260,2.9031,1.7466,1.3848,9.6513,0.2029,3.0000,0.0000,0.0000,0,14.5153,959.5988,927.3078,943.4533,-16.1455,0.0000,0.0000,959.5988,927.3078
36.257,1,1,heuristic,2.4985,63.2810,1.0022,0.3358,3.2819,3.2990,-0.2185,1.2257,2.9031,1.7519,1.3848,9.4830,0.2132,3.0000,0.0000,0.0000,0,14.5153,959.5988,927.3078,943.4533,-16.1455,0.0000,0.0000,959.5988,927.3078
36.307,1,1,heuristic,2.4985,63.2810,0.9922,0.3358,3.2819,3.2990,-0.2087,1.2259,2.9031,1.7541,1.3848,9.3236,0.2237,3.0000,0.0000,0.0000,0,14.5153,942.3733,963.5521,952.9627,10.5894,0.0000,0.0000,942.3733,963.5521
36.357,1,1,heuristic,2.5310,63.4507,0.9801,0.3937,3.2782,3.3018,-0.2130,1.2259,2.9031,1.7541,1.3848,9.3236,0.2337,3.0000,0.0000,0.0000,0,14.5153,942.3733,963.5521,952.9627,10.5894,0.0000,0.0000,942.3733,963.5521
36.407,1,1,heuristic,2.5643,63.6103,0.9708,0.4536,3.2872,3.3184,-0.2078,1.2260,2.9031,1.7535,1.3848,9.1538,0.2459,3.0000,0.0000,0.0000,0,14.5153,975.1550,961.0057,968.0803,-7.0746,0.0000,0.0000,975.1550,961.0057
36.457,1,1,heuristic,2.6025,63.7790,0.9641,0.5098,3.2788,3.3182,-0.2107,1.2266,2.9031,1.7503,1.3848,8.9934,0.2558,3.0000,0.0000,0.0000,0,14.5153,983.2390,971.7347,977.4868,-5.7521,0.0000,0.0000,983.2390,971.7347
36.507,1,1,heuristic,2.6411,63.9376,0.9511,0.5689,3.2841,3.3330,-0.1807,1.2272,2.9031,1.7440,1.3848,8.8226,0.2631,3.0000,0.0000,0.0000,0,14.5153,981.2964,971.3471,976.3217,-4.9746,0.0000,0.0000,981.2964,971.3471
36.557,1,1,heuristic,2.6411,63.9376,0.9469,0.5689,3.2841,3.3330,-0.1905,1.2283,2.9031,1.7354,1.3848,8.6611,0.2772,3.0000,0.0000,0.0000,0,14.5153,963.4915,978.8157,971.1536,7.6621,0.0000,0.0000,963.4915,978.8157
36.607,1,1,heuristic,2.6850,64.1055,0.9368,0.6237,3.2730,3.3319,-0.1735,1.2283,2.9031,1.7354,1.3848,8.6611,0.2813,3.0000,0.0000,0.0000,0,14.5153,962.2472,971.3355,966.7913,4.5442,0.0000,0.0000,962.2472,971.3355
36.657,1,1,heuristic,2.7289,64.2634,0.9289,0.6818,3.2761,3.3463,-0.1690,1.2293,2.9031,1.7233,1.3848,8.4891,0.2926,3.0000,0.0000,0.0000,0,14.5153,966.9091,980.4307,973.6699,6.7608,0.0000,0.0000,966.9091,980.4307
36.707,1,1,heuristic,2.7781,64.4303,0.9196,0.7347,3.2628,3.3445,-0.1740,1.2309,2.9031,1.7094,1.3848,8.3264,0.3019,3.0000,0.0000,0.0000,0,14.5153,961.9606,974.1654,968.0630,6.1024,0.0000,0.0000,961.9606,974.1654
36.757,1,1,heuristic,2.8268,64.5870,0.9159,0.7909,3.2633,3.3578,-0.1730,1.2324,2.9031,1.6919,1.3848,8.1534,0.3128,3.0000,0.0000,0.0000,0,14.5153,873.6097,966.3917,920.0007,46.3910,0.0000,0.0000,873.6097,966.3917
36.808,1,1,heuristic,2.8810,64.7525,0.9070,0.8411,3.2470,3.3542,-0.1390,1.2343,2.9031,1.6730,1.3848,7.9900,0.3184,3.0000,0.0000,0.0000,0,14.5153,840.0172,924.0792,882.0482,42.0310,0.0000,0.0000,840.0172,924.0792
36.857,1,1,heuristic,2.9340,64.9072,0.8987,0.8938,3.2424,3.3634,-0.1430,1.2362,2.9031,1.6504,1.3848,7.8165,0.3292,3.0000,0.0000,0.0000,0,14.5153,873.3271,907.0125,890.1698,16.8427,0.0000,0.0000,873.3271,907.0125
36.907,1,1,heuristic,2.9340,64.9072,0.8955,0.8938,3.2424,3.3634,-0.1358,1.2385,2.9031,1.6269,1.3848,7.6533,0.3398,3.0000,0.0000,0.0000,0,14.5153,902.8904,918.2148,910.5526,7.6622,0.0000,0.0000,902.8904,918.2148
36.957,1,1,heuristic,2.9921,65.0698,0.8893,0.9385,3.2193,3.3533,-0.1273,1.2385,2.9031,1.6269,1.3848,7.6533,0.3430,3.0000,0.0000,0.0000,0,14.5153,883.0498,951.0445,917.0472,33.9973,0.0000,0.0000,883.0498,951.0445
37.007,1,1,heuristic,3.0485,65.2218,0.8833,0.9858,3.2086,3.3566,-0.1288,1.2407,2.9031,1.5999,1.3848,7.4809,0.3514,3.0000,0.0000,0.0000,0,14.5153,783.9913,936.6736,860.3325,76.3412,0.0000,0.0000,783.9913,936.6736
37.057,1,1,heuristic,3.0485,65.2218,0.8777,0.9858,3.2086,3.3566,-0.1160,1.2432,2.9031,1.5726,1.3848,7.3190,0.3599,3.0000,0.0000,0.0000,0,14.5153,805.0658,958.9619,882.0139,76.9481,0.0000,0.0000,805.0658,958.9619
37.107,1,1,heuristic,3.1102,65.3816,0.8710,1.0257,3.1815,3.3427,-0.1108,1.2432,2.9031,1.5726,1.3848,7.3190,0.3655,3.0000,0.0000,0.0000,0,14.5153,791.9245,967.2319,879.5782,87.6537,0.0000,0.0000,791.9245,967.2319
37.157,1,1,heuristic,3.1697,65.5306,0.8685,1.0688,3.1659,3.3414,-0.0920,1.2457,2.9031,1.5415,1.3848,7.1479,0.3747,3.0000,0.0000,0.0000,0,14.5153,820.4083,956.7090,888.5587,68.1504,0.0000,0.0000,820.4083,956.7090
37.207,1,1,heuristic,3.2346,65.6869,0.8627,1.1043,3.1339,3.3228,-0.0880,1.2484,2.9031,1.5106,1.3848,6.9875,0.3800,3.0000,0.0000,0.0000,0,14.5153,754.8142,967.1375,860.9759,106.1617,0.0000,0.0000,754.8142,967.1375
37.257,1,1,heuristic,3.2971,65.8327,0.8585,1.1441,3.1149,3.3183,-0.0760,1.2512,2.9031,1.4758,1.3848,6.8183,0.3885,3.0000,0.0000,0.0000,0,14.5153,786.2893,946.9705,866.6299,80.3406,0.0000,0.0000,786.2893,946.9705
37.307,1,1,heuristic,3.2971,65.8327,0.8547,1.1441,3.1149,3.3183,-0.0695,1.2542,2.9031,1.4413,1.3848,6.6596,0.3957,3.0000,0.0000,0.0000,0,14.5153,767.4525,965.8126,866.6325,99.1801,0.0000,0.0000,767.4525,965.8126
37.357,1,1,heuristic,3.3649,65.9857,0.8506,1.1760,3.0803,3.2972,-0.0583,1.2542,2.9031,1.4413,1.3848,6.6596,0.3995,3.0000,0.0000,0.0000,0,14.5153,767.4525,965.8126,866.6325,99.1801,0.0000,0.0000,767.4525,965.8126
37.407,1,1,heuristic,3.4300,66.1283,0.8491,1.2121,3.0585,3.2900,-0.0590,1.2573,2.9031,1.4030,1.3848,6.4922,0.4067,3.0000,0.0000,0.0000,0,14.5153,744.5317,959.8208,852.1762,107.6445,0.0000,0.0000,744.5317,959.8208
37.457,1,1,heuristic,3.5005,66.2780,0.8460,1.2407,3.0223,3.2671,-0.0423,1.2605,2.9031,1.3653,1.3848,6.3355,0.4114,3.0000,0.0000,0.0000,0,14.5153,667.5634,931.5795,799.5715,132.0080,0.0000,0.0000,667.5634,931.5795
37.507,1,1,heuristic,3.5680,66.4174,0.8439,1.2741,2.9989,3.2583,-0.0203,1.2639,2.9031,1.3238,1.3848,6.1702,0.4180,3.0000,0.0000,0.0000,0,14.5153,657.3466,937.9791,797.6629,140.3163,0.0000,0.0000,657.3466,937.9791
37.557,1,1,heuristic,3.5680,66.4174,0.8430,1.2741,2.9989,3.2583,-0.0158,1.2674,2.9031,1.2832,1.3848,6.0155,0.4235,3.0000,0.0000,0.0000,0,14.5153,657.3466,937.9791,797.6629,140.3163,0.0000,0.0000,657.3466,937.9791
37.607,1,1,heuristic,3.6407,66.5633,0.8412,1.2989,2.9603,3.2327,0.0335,1.2674,2.9031,1.2832,1.3848,6.0155,0.4244,3.0000,0.0000,0.0000,0,14.5153,568.6637,970.6352,769.6495,200.9858,0.0000,0.0000,568.6637,970.6352
37.657,1,1,heuristic,3.7102,66.6990,0.8409,1.3284,2.9337,3.2205,0.0163,1.2711,2.9031,1.2387,1.3848,5.8527,0.4298,3.0000,0.0000,0.0000,0,14.5153,604.9361,954.9829,779.9595,175.0234,0.0000,0.0000,604.9361,954.9829
37.707,1,1,heuristic,3.7848,66.8409,0.8407,1.3499,2.8927,3.1922,0.0405,1.2748,2.9031,1.1956,1.3848,5.7007,0.4339,3.0000,0.0000,0.0000,0,14.5153,529.4203,948.6913,739.0558,209.6355,0.0000,0.0000,529.4203,948.6913
37.757,1,1,heuristic,3.8561,66.9728,0.8415,1.3767,2.8637,3.1774,0.0473,1.2787,2.9031,1.1485,1.3848,5.5410,0.4380,3.0000,0.0000,0.0000,0,14.5153,547.2110,952.6794,749.9452,202.7342,0.0000,0.0000,547.2110,952.6794
37.807,1,1,heuristic,3.8561,66.9728,0.8425,1.3767,2.8637,3.1774,0.0823,1.2827,2.9031,1.1029,1.3848,5.3919,0.4411,3.0000,0.0000,0.0000,0,14.5153,554.2864,958.3702,756.3283,202.0419,0.0000,0.0000,554.2864,958.3702
37.857,1,1,heuristic,3.9324,67.1105,0.8445,1.3951,2.8205,3.1467,0.0710,1.2827,2.9031,1.1029,1.3848,5.3919,0.4401,3.0000,0.0000,0.0000,0,14.5153,580.2008,967.3189,773.7598,193.5590,0.0000,0.0000,580.2008,967.3189
37.907,1,1,heuristic,4.0051,67.2384,0.8464,1.4190,2.7895,3.1297,0.1075,1.2868,2.9031,1.0533,1.3848,5.2355,0.4423,3.0000,0.0000,0.0000,0,14.5153,643.5694,976.8129,810.1912,166.6217,0.0000,0.0000,643.5694,976.8129
37.957,1,1,heuristic,4.0832,67.3725,0.8504,1.4354,2.7470,3.0995,0.1215,1.2910,2.9031,1.0055,1.3848,5.0896,0.4446,3.0000,0.0000,0.0000,0,14.5153,571.1246,958.7491,764.9369,193.8122,0.0000,0.0000,571.1246,958.7491
38.007,1,1,heuristic,4.1577,67.4976,0.8554,1.4587,2.7191,3.0856,0.1335,1.2954,2.8660,0.9536,1.3848,4.9361,0.4450,3.0000,0.0000,0.0000,0,14.5153,505.1366,958.5124,731.8245,226.6879,0.0000,0.0000,505.1366,958.5124
38.057,1,1,heuristic,4.1577,67.4976,0.8576,1.4587,2.7191,3.0856,0.1447,1.2999,2.7825,0.9035,1.3848,4.7923,0.4446,3.0000,0.0000,0.0000,0,14.5153,461.8007,957.9175,709.8591,248.0584,0.0000,0.0000,461.8007,957.9175
38.107,1,1,heuristic,4.2374,67.6287,0.8639,1.4736,2.6795,3.0580,0.1610,1.2999,2.7825,0.9035,1.3848,4.7923,0.4423,3.0000,0.0000,0.0000,0,14.5153,468.4326,959.6181,714.0253,245.5928,0.0000,0.0000,468.4326,959.6181
38.157,1,1,heuristic,4.3130,67.7505,0.8682,1.4939,2.6512,3.0431,0.1913,1.3047,2.6947,0.8494,1.3848,4.6412,0.4408,3.0000,0.0000,0.0000,0,14.5153,448.7372,966.6494,707.6933,258.9561,0.0000,0.0000,448.7372,966.6494
38.207,1,1,heuristic,4.3937,67.8779,0.8762,1.5055,2.6109,3.0138,0.1940,1.3094,2.6130,0.7976,1.3848,4.5004,0.4412,3.0000,0.0000,0.0000,0,14.5153,415.8030,954.2476,685.0253,269.2223,0.0000,0.0000,415.8030,954.2476
38.257,1,1,heuristic,4.4702,67.9964,0.8852,1.5230,2.5822,2.9979,0.2195,1.3144,2.5272,0.7419,1.3848,4.3527,0.4382,3.0000,0.0000,0.0000,0,14.5153,384.2421,949.6911,666.9666,282.7245,0.0000,0.0000,384.2421,949.6911
38.307,1,1,heuristic,4.4702,67.9964,0.8933,1.5230,2.5822,2.9979,0.2582,1.3192,2.4473,0.6887,1.3848,4.2151,0.4340,3.0000,0.0000,0.0000,0,14.5153,423.5775,935.2674,679.4224,255.8450,0.0000,0.0000,423.5775,935.2674
38.357,1,1,heuristic,4.5516,68.1202,0.9020,1.5316,2.5421,2.9678,0.2700,1.3192,2.4473,0.6887,1.3848,4.2151,0.4260,3.0000,0.0000,0.0000,0,14.5153,423.5775,935.2674,679.4224,255.8450,0.0000,0.0000,423.5775,935.2674
38.407,1,1,heuristic,4.6286,68.2353,0.9091,1.5460,2.5135,2.9508,0.2682,1.3244,2.3636,0.6316,1.3848,4.0710,0.4224,3.0000,0.0000,0.0000,0,14.5153,405.5538,904.7104,655.1321,249.5783,0.0000,0.0000,405.5538,904.7104
38.457,1,1,heuristic,4.7105,68.3560,0.9216,1.5517,2.4750,2.9212,0.2973,1.3294,2.2858,0.5772,1.3848,3.9368,0.4203,3.0000,0.0000,0.0000,0,14.5153,374.6206,844.8978,609.7592,235.1386,0.0000,0.0000,374.6206,844.8978
38.507,1,1,heuristic,4.7877,68.4685,0.9322,1.5632,2.4484,2.9049,0.3103,1.3348,2.2041,0.5191,1.3848,3.7962,0.4132,3.0000,0.0000,0.0000,0,14.5153,285.1776,806.6417,545.9097,260.7320,0.0000,0.0000,285.1776,806.6417
38.557,1,1,heuristic,4.7877,68.4685,0.9434,1.5632,2.4484,2.9049,0.3040,1.3400,2.1281,0.4639,1.3848,3.6652,0.4077,3.0000,0.0000,0.0000,0,14.5153,281.8740,805.7500,543.8120,261.9380,0.0000,0.0000,281.8740,805.7500
38.607,1,1,heuristic,4.8692,68.5858,0.9551,1.5642,2.4100,2.8731,0.3265,1.3400,2.1281,0.4639,1.3848,3.6652,0.3966,3.0000,0.0000,0.0000,0,14.5153,212.7136,739.6128,476.1632,263.4496,0.0000,0.0000,212.7136,739.6128
38.657,1,1,heuristic,4.9455,68.6943,0.9642,1.5692,2.3803,2.8510,0.3332,1.3454,2.0488,0.4055,1.3848,3.5287,0.3904,3.0000,0.0000,0.0000,0,14.5153,184.0447,725.9337,454.9892,270.9445,0.0000,0.0000,184.0447,725.9337
38.707,1,1,heuristic,5.0256,68.8070,0.9798,1.5633,2.3377,2.8122,0.3535,1.3506,1.9756,0.3506,1.3848,3.4027,0.3865,3.0000,0.0000,0.0000,0,14.5153,183.9800,677.5995,430.7897,246.8098,0.0000,0.0000,183.9800,677.5995
38.757,1,1,heuristic,5.1001,68.9108,0.9928,1.5609,2.3024,2.7816,0.3613,1.3561,1.8998,0.2928,1.3848,3.2721,0.3763,3.0000,0.0000,0.0000,0,14.5153,135.0274,672.8506,403.9390,268.9116,0.0000,0.0000,135.0274,672.8506
38.807,1,1,heuristic,5.1001,68.9108,1.0063,1.5609,2.3024,2.7816,0.3560,1.3613,1.8303,0.2388,1.3848,3.1523,0.3684,3.0000,0.0000,0.0000,0,14.5153,126.9340,622.6768,374.8054,247.8714,0.0000,0.0000,126.9340,622.6768
38.857,1,1,heuristic,5.1778,69.0180,1.0237,1.5478,2.2544,2.7346,0.3718,1.3613,1.8303,0.2388,1.3848,3.1523,0.3550,3.0000,0.0000,0.0000,0,14.5153,126.9340,622.6768,374.8054,247.8714,0.0000,0.0000,126.9340,622.6768
38.907,1,1,heuristic,5.2499,69.1165,1.0343,1.5386,2.2137,2.6959,0.3805,1.3667,1.7587,0.1822,1.3848,3.0290,0.3430,3.0000,0.0000,0.0000,0,14.5153,78.7590,669.6505,374.2048,295.4458,0.0000,0.0000,78.7590,669.6505
38.957,1,1,heuristic,5.3250,69.2180,1.0525,1.5196,2.1613,2.6421,0.3957,1.3839,3.6493,0.1788,1.4017,21.1580,0.3496,3.0000,0.0000,0.0000,0,18.2464,63.7542,655.1115,359.4329,295.6787,0.0000,0.0000,63.7542,655.1115
39.007,1,1,heuristic,5.3946,69.3111,1.0636,1.5058,2.1171,2.5981,0.4015,1.3894,3.6493,0.1219,1.4017,21.0449,0.3369,3.0000,0.0000,0.0000,0,18.2464,48.1188,610.3379,329.2284,281.1096,0.0000,0.0000,48.1188,610.3379
39.057,1,1,heuristic,5.3946,69.3111,1.0787,1.5058,2.1171,2.5981,0.4223,1.3947,3.6493,0.0689,1.4017,20.9411,0.3311,3.0000,0.0000,0.0000,0,18.2464,105.9153,509.8568,307.8861,201.9708,0.0000,0.0000,105.9153,509.8568
39.107,1,1,heuristic,5.4673,69.4071,1.0982,1.4845,2.0630,2.5416,0.3950,1.3947,3.6493,0.0689,1.4017,20.9411,0.3160,3.0000,0.0000,0.0000,0,18.2464,187.9491,586.1734,387.0613,199.1121,0.0000,0.0000,187.9491,586.1734
39.157,1,1,heuristic,5.5347,69.4951,1.1140,1.4684,2.0171,2.4949,0.3940,1.4003,3.6493,0.0134,1.4017,20.8341,0.3021,3.0000,0.0000,0.0000,0,18.2464,235.3368,578.7825,407.0597,171.7228,0.0000,0.0000,235.3368,578.7825
39.207,1,1,heuristic,5.6050,69.5863,1.1299,1.4450,1.9643,2.4385,0.3917,1.4056,3.6493,-0.0382,1.4017,20.7360,0.2916,3.0000,0.0000,0.0000,0,18.2464,344.2377,685.2131,514.7254,170.4877,0.0000,0.0000,344.2377,685.2131
39.257,1,1,heuristic,5.6704,69.6711,1.1457,1.4286,1.9247,2.3970,0.3865,1.4112,3.6493,-0.0922,1.4017,20.6345,0.2813,3.0000,0.0000,0.0000,0,18.2464,395.5733,778.0183,586.7958,191.2225,0.0000,0.0000,395.5733,778.0183
39.307,1,1,heuristic,5.7394,69.7609,1.1654,1.4082,1.8853,2.3532,0.3952,1.4165,3.6493,-0.1424,1.4017,20.5402,0.2708,3.0000,0.0000,0.0000,0,18.2464,464.2944,887.7898,676.0421,211.7477,0.0000,0.0000,464.2944,887.7898
39.357,1,1,heuristic,5.8047,69.8468,1.1810,1.3985,1.8662,2.3321,0.3972,1.4221,3.6493,-0.1953,1.4017,20.4405,0.2568,3.0000,0.0000,0.0000,0,18.2464,676.4060,887.8095,782.1077,105.7018,0.0000,0.0000,676.4060,887.8095
39.407,1,1,heuristic,5.8747,69.9409,1.2005,1.3879,1.8547,2.3165,0.3842,1.4275,3.6493,-0.2451,1.4017,20.3453,0.2464,3.0000,0.0000,0.0000,0,18.2464,778.3072,956.2816,867.2944,88.9872,0.0000,0.0000,778.3072,956.2816
39.457,1,1,heuristic,5.9415,70.0336,1.2196,1.3888,1.8703,2.3295,0.3753,1.4331,3.6493,-0.2983,1.4017,20.2416,0.2326,3.0000,0.0000,0.0000,0,18.2464,778.3072,956.2816,867.2944,88.9872,0.0000,0.0000,778.3072,956.2816
39.507,1,1,heuristic,5.9415,70.0336,1.2309,1.3888,1.8703,2.3295,0.3760,1.4383,3.6493,-0.3486,1.4017,20.1397,0.2187,3.0000,0.0000,0.0000,0,18.2464,668.4067,971.5712,819.9889,151.5823,0.0000,0.0000,668.4067,971.5712
39.557,1,1,heuristic,6.0135,70.1376,1.2456,1.3880,1.8960,2.3497,0.3448,1.4383,3.6493,-0.3486,1.4017,20.1397,0.2074,3.0000,0.0000,0.0000,0,18.2464,561.1179,986.5385,773.8282,212.7103,0.0000,0.0000,561.1179,986.5385
39.607,1,1,heuristic,6.0823,70.2405,1.2600,1.3970,1.9454,2.3950,0.3515,1.4438,3.6493,-0.4020,1.4017,20.0261,0.1982,3.0000,0.0000,0.0000,0,18.2464,605.1494,992.1489,798.6492,193.4998,0.0000,0.0000,605.1494,992.1489
39.657,1,1,heuristic,6.1562,70.3543,1.2742,1.4017,1.9942,2.4376,0.3367,1.4488,3.6493,-0.4525,1.4017,19.9143,0.1888,3.0000,0.0000,0.0000,0,18.2464,547.1411,981.6691,764.4051,217.2640,0.0000,0.0000,547.1411,981.6691
39.707,1,1,heuristic,6.1562,70.3543,1.2883,1.4017,1.9942,2.4376,0.3788,1.4540,3.6493,-0.5062,1.4017,19.7909,0.1798,3.0000,0.0000,0.0000,0,18.2464,628.8606,988.1587,808.5096,179.6490,0.0000,0.0000,628.8606,988.1587
39.757,1,1,heuristic,6.2265,70.4657,1.3025,1.4143,2.0595,2.4984,0.3435,1.4540,3.6493,-0.5062,1.4017,19.7909,0.1657,3.0000,0.0000,0.0000,0,18.2464,626.1149,996.3064,811.2107,185.0957,0.0000,0.0000,626.1149,996.3064
39.807,1,1,heuristic,6.3016,70.5881,1.3167,1.4203,2.1185,2.5505,0.3688,1.4587,3.6493,-0.5567,1.4017,19.6707,0.1562,3.0000,0.0000,0.0000,0,18.2464,710.5244,977.5407,844.0326,133.5081,0.0000,0.0000,710.5244,977.5407
39.857,1,1,heuristic,6.3726,70.7073,1.3309,1.4321,2.1912,2.6177,0.3402,1.4637,3.6493,-0.6101,1.4017,19.5390,0.1470,3.0000,0.0000,0.0000,0,18.2464,704.9077,989.9956,847.4517,142.5439,0.0000,0.0000,704.9077,989.9956
39.907,1,1,heuristic,6.4478,70.8376,1.3486,1.4350,2.2542,2.6722,0.3282,1.4681,3.6493,-0.6601,1.4017,19.4113,0.1372,3.0000,0.0000,0.0000,0,18.2464,704.9077,989.9956,847.4517,142.5439,0.0000,0.0000,704.9077,989.9956
39.957,1,1,heuristic,6.5183,70.9636,1.3626,1.4418,2.3285,2.7387,0.3875,1.4727,3.6493,-0.7123,1.4017,19.2721,0.1241,3.0000,0.0000,0.0000,0,18.2464,718.8475,989.0668,853.9572,135.1096,0.0000,0.0000,718.8475,989.0668
40.007,1,1,heuristic,6.5924,71.1002,1.3801,1.4386,2.3880,2.7879,0.3210,1.4768,3.6493,-0.7606,1.4017,19.1380,0.1141,3.0000,0.0000,0.0000,0,18.2464,690.6510,990.9853,840.8181,150.1672,0.0000,0.0000,690.6510,990.9853
40.058,1,1,heuristic,6.5924,71.1002,1.3939,1.4386,2.3880,2.7879,0.3768,1.4811,3.6493,-0.8107,1.4017,18.9931,0.1010,3.0000,0.0000,0.0000,0,18.2464,690.6510,990.9853,840.8181,150.1672,0.0000,0.0000,690.6510,990.9853
40.107,1,1,heuristic,6.6615,71.2310,1.4076,1.4385,2.4554,2.8458,0.2928,1.4811,3.6493,-0.8107,1.4017,18.9931,0.0872,3.0000,0.0000,0.0000,0,18.2464,749.4862,992.3348,870.9105,121.4243,0.0000,0.0000,749.4862,992.3348
40.157,1,1,heuristic,6.7337,71.3714,1.4178,1.4285,2.5044,2.8831,0.3852,1.4849,3.6493,-0.8567,1.4017,18.8547,0.0773,3.0000,0.0000,0.0000,0,18.2464,800.8747,987.6066,894.2406,93.3660,0.0000,0.0000,800.8747,987.6066
40.207,1,1,heuristic,6.8006,71.5051,1.4313,1.4217,2.5607,2.9289,0.2925,1.4890,3.6493,-0.9042,1.4017,18.7066,0.0712,3.0000,0.0000,0.0000,0,18.2464,793.5257,989.0775,891.3016,97.7759,0.0000,0.0000,793.5257,989.0775
40.257,1,1,heuristic,6.8006,71.5051,1.4446,1.4217,2.5607,2.9289,0.3685,1.4926,3.6493,-0.9477,1.4017,18.5658,0.0613,3.0000,0.0000,0.0000,0,18.2464,777.0433,987.9385,882.4909,105.4476,0.0000,0.0000,777.0433,987.9385
40.307,1,1,heuristic,6.8703,71.6485,1.4577,1.4053,2.6001,2.9556,0.2802,1.4926,3.6493,-0.9477,1.4017,18.5658,0.0480,3.0000,0.0000,0.0000,0,18.2464,853.0613,993.2339,923.1476,70.0863,0.0000,0.0000,853.0613,993.2339
40.357,1,1,heuristic,6.9347,71.7849,1.4738,1.3926,2.6484,2.9922,0.3555,1.4965,3.6493,-0.9922,1.4017,18.4153,0.0388,3.0000,0.0000,0.0000,0,18.2464,854.2885,969.5064,911.8975,57.6090,0.0000,0.0000,854.2885,969.5064
40.407,1,1,heuristic,7.0016,71.9310,1.4894,1.3715,2.6806,3.0111,0.3432,1.4998,3.6493,-1.0327,1.4017,18.2724,0.0260,3.0000,0.0000,0.0000,0,18.2464,845.2792,989.4999,917.3895,72.1103,0.0000,0.0000,845.2792,989.4999
40.457,1,1,heuristic,7.0633,72.0702,1.5047,1.3543,2.7246,3.0427,0.3473,1.5034,3.6493,-1.0741,1.4017,18.1198,0.0140,3.0000,0.0000,0.0000,0,18.2464,826.6389,981.8320,904.2355,77.5965,0.0000,0.0000,826.6389,981.8320
40.507,1,1,heuristic,7.1273,72.2197,1.5165,1.3294,2.7546,3.0586,0.2348,1.5065,3.6493,-1.1115,1.4017,17.9747,0.0018,3.0000,0.0000,0.0000,0,18.2464,860.4596,986.6069,923.5333,63.0737,0.0000,0.0000,860.4596,986.6069
40.557,1,1,heuristic,7.1861,72.3622,1.5309,1.3087,2.7974,3.0884,0.2405,1.5098,3.6493,-1.1494,1.4017,17.8193,-0.0067,3.0000,0.0000,0.0000,0,18.2464,897.5570,979.3267,938.4419,40.8848,0.0000,0.0000,897.5570,979.3267
40.607,1,1,heuristic,7.2469,72.5154,1.5422,1.2807,2.8270,3.1036,0.3180,1.5125,3.6493,-1.1834,1.4017,17.6715,-0.0184,3.0000,0.0000,0.0000,0,18.2464,917.8156,991.8979,954.8568,37.0411,0.0000,0.0000,917.8156,991.8979
40.657,1,1,heuristic,7.3025,72.6618,1.5558,1.2564,2.8717,3.1345,0.2100,1.5154,3.6493,-1.2175,1.4017,17.5130,-0.0267,3.0000,0.0000,0.0000,0,18.2464,881.5080,986.2548,933.8814,52.3734,0.0000,0.0000,881.5080,986.2548
40.707,1,1,heuristic,7.3596,72.8195,1.5664,1.2247,2.9040,3.1517,0.3237,1.5177,3.6493,-1.2477,1.4017,17.3618,-0.0381,3.0000,0.0000,0.0000,0,18.2464,881.5080,986.2548,933.8814,52.3734,0.0000,0.0000,881.5080,986.2548
40.757,1,1,heuristic,7.4117,72.9701,1.5792,1.1967,2.9506,3.1840,0.3108,1.5202,3.6493,-1.2774,1.4017,17.1994,-0.0462,3.0000,0.0000,0.0000,0,18.2464,956.3571,996.1890,976.2730,19.9159,0.0000,0.0000,956.3571,996.1890
40.807,1,1,heuristic,7.4117,72.9701,1.5842,1.1967,2.9506,3.1840,0.3108,1.5220,3.6493,-1.3034,1.4017,17.0446,-0.0572,3.0000,0.0000,0.0000,0,18.2464,956.3571,996.1890,976.2730,19.9159,0.0000,0.0000,956.3571,996.1890
40.857,1,1,heuristic,7.4649,73.1320,1.5964,1.1619,2.9832,3.2015,0.1608,1.5220,3.6493,-1.3034,1.4017,17.0446,-0.0622,3.0000,0.0000,0.0000,0,18.2464,937.9808,985.2807,961.6308,23.6500,0.0000,0.0000,937.9808,985.2807
40.907,1,1,heuristic,7.5131,73.2865,1.6035,1.1304,3.0305,3.2344,0.2963,1.5240,3.6493,-1.3286,1.4017,16.8785,-0.0724,3.0000,0.0000,0.0000,0,18.2464,955.4764,978.4854,966.9809,11.5045,0.0000,0.0000,955.4764,978.4854
40.957,1,1,heuristic,7.5621,73.4522,1.6149,1.0928,3.0616,3.2508,0.1600,1.5254,3.6493,-1.3501,1.4017,16.7202,-0.0781,3.0000,0.0000,0.0000,0,18.2464,955.4764,978.4854,966.9809,11.5045,0.0000,0.0000,955.4764,978.4854
41.007,1,1,heuristic,7.5621,73.4522,1.6237,1.0928,3.0616,3.2508,0.2642,1.5270,3.6493,-1.3705,1.4017,16.5509,-0.0879,3.0000,0.0000,0.0000,0,18.2464,969.9309,986.4536,978.1923,8.2614,0.0000,0.0000,969.9309,986.4536
41.057,1,1,heuristic,7.6064,73.6096,1.6280,1.0588,3.1051,3.2806,0.2767,1.5270,3.6493,-1.3705,1.4017,16.5509,-0.0967,3.0000,0.0000,0.0000,0,18.2464,971.6138,979.4543,975.5341,3.9203,0.0000,0.0000,971.6138,979.4543
41.107,1,1,heuristic,7.6512,73.7777,1.6383,1.0196,3.1305,3.2924,0.2727,1.5280,3.6493,-1.3877,1.4017,16.3903,-0.1000,3.0000,0.0000,0.0000,0,18.2464,943.7481,987.3170,965.5325,21.7844,0.0000,0.0000,943.7481,987.3170
41.157,1,1,heuristic,7.6917,73.9369,1.6463,0.9841,3.1676,3.3170,0.1150,1.5293,3.6493,-1.4036,1.4017,16.2191,-0.1091,3.0000,0.0000,0.0000,0,18.2464,962.2088,989.7832,975.9960,13.7872,0.0000,0.0000,962.2088,989.7832
41.207,1,1,heuristic,7.6917,73.9369,1.6520,0.9841,3.1676,3.3170,0.1025,1.5300,3.6493,-1.4167,1.4017,16.0572,-0.1162,3.0000,0.0000,0.0000,0,18.2464,969.0307,974.8197,971.9252,2.8945,0.0000,0.0000,969.0307,974.8197
41.257,1,1,heuristic,7.7325,74.1063,1.6613,0.9445,3.1857,3.3227,0.0988,1.5300,3.6493,-1.4167,1.4017,16.0572,-0.1220,3.0000,0.0000,0.0000,0,18.2464,970.0381,977.9287,973.9834,3.9453,0.0000,0.0000,970.0381,977.9287
41.307,1,1,heuristic,7.7693,74.2663,1.6649,0.9086,3.2152,3.3411,0.2513,1.5310,3.6493,-1.4284,1.4017,15.8850,-0.1303,3.0000,0.0000,0.0000,0,18.2464,942.3330,985.2705,963.8018,21.4688,0.0000,0.0000,942.3330,985.2705
41.358,1,1,heuristic,7.8062,74.4362,1.6737,0.8691,3.2259,3.3409,0.2590,1.5315,3.6493,-1.4377,1.4017,15.7227,-0.1334,3.0000,0.0000,0.0000,0,18.2464,941.1599,994.3860,967.7729,26.6130,0.0000,0.0000,941.1599,994.3860
41.407,1,1,heuristic,7.8394,74.5966,1.6820,0.8333,3.2488,3.3539,0.2465,1.5322,3.6493,-1.4455,1.4017,15.5504,-0.1415,3.0000,0.0000,0.0000,0,18.2464,956.6426,986.4735,971.5581,14.9154,0.0000,0.0000,956.6426,986.4735
41.457,1,1,heuristic,7.8394,74.5966,1.6853,0.8333,3.2488,3.3539,0.0762,1.5325,3.6493,-1.4512,1.4017,15.3880,-0.1496,3.0000,0.0000,0.0000,0,18.2464,976.9059,985.3631,981.1345,4.2286,0.0000,0.0000,976.9059,985.3631
41.507,1,1,heuristic,7.8726,74.7669,1.6948,0.7945,3.2540,3.3496,0.2350,1.5325,3.6493,-1.4512,1.4017,15.3880,-0.1528,3.0000,0.0000,0.0000,0,18.2464,940.6868,982.7062,961.6965,21.0097,0.0000,0.0000,940.6868,982.7062
41.557,1,1,heuristic,7.9022,74.9277,1.6979,0.7589,3.2732,3.3600,0.0655,1.5329,3.6493,-1.4553,1.4017,15.2157,-0.1619,3.0000,0.0000,0.0000,0,18.2464,940.6868,982.7062,961.6965,21.0097,0.0000,0.0000,940.6868,982.7062
41.607,1,1,heuristic,7.9317,75.0986,1.7054,0.7207,3.2760,3.3543,0.0615,1.5329,3.6493,-1.4574,1.4017,15.0532,-0.1650,3.0000,0.0000,0.0000,0,18.2464,971.7000,961.5950,966.6475,-5.0525,0.0000,0.0000,971.7000,961.5950
41.657,1,1,heuristic,7.9579,75.2600,1.7127,0.6856,3.2931,3.3637,0.0460,1.5330,3.6493,-1.4577,1.4017,14.8806,-0.1724,3.0000,0.0000,0.0000,0,18.2464,965.8120,951.9555,958.8838,-6.9283,0.0000,0.0000,965.8120,951.9555
41.707,1,1,heuristic,7.9579,75.2600,1.7156,0.6856,3.2931,3.3637,0.2500,1.5327,3.6493,-1.4564,1.4017,14.7178,-0.1800,3.0000,0.0000,0.0000,0,18.2464,954.1474,974.2719,964.2096,10.0623,0.0000,0.0000,954.1474,974.2719
41.757,1,1,heuristic,7.9838,75.4315,1.7225,0.6480,3.2941,3.3572,0.2405,1.5327,3.6493,-1.4564,1.4017,14.7178,-0.1828,3.0000,0.0000,0.0000,0,18.2464,965.3219,978.3256,971.8237,6.5019,0.0000,0.0000,965.3219,978.3256
41.807,1,1,heuristic,8.0065,75.5934,1.7265,0.6131,3.3101,3.3664,0.2303,1.5326,3.6493,-1.4530,1.4017,14.5449,-0.1900,3.0000,0.0000,0.0000,0,18.2464,955.9807,969.7645,962.8726,6.8919,0.0000,0.0000,955.9807,969.7645
41.857,1,1,heuristic,8.0065,75.5934,1.7317,0.6131,3.3101,3.3664,0.0413,1.5320,3.6493,-1.4482,1.4017,14.3818,-0.1945,3.0000,0.0000,0.0000,0,18.2464,959.4171,965.1147,962.2659,2.8488,0.0000,0.0000,959.4171,965.1147
41.907,1,1,heuristic,8.0288,75.7656,1.7367,0.5764,3.3103,3.3601,0.2328,1.5320,3.6493,-1.4482,1.4017,14.3818,-0.1997,3.0000,0.0000,0.0000,0,18.2464,932.0647,955.7003,943.8825,11.8178,0.0000,0.0000,932.0647,955.7003
41.957,1,1,heuristic,8.0483,75.9281,1.7405,0.5421,3.3255,3.3694,0.2310,1.5315,3.6493,-1.4412,1.4017,14.2085,-0.2053,3.0000,0.0000,0.0000,0,18.2464,958.1704,853.1356,905.6530,-52.5174,0.0000,0.0000,958.1704,853.1356
42.007,1,1,heuristic,8.0672,76.1006,1.7464,0.5064,3.3239,3.3622,0.2270,1.5306,3.6493,-1.4330,1.4017,14.0450,-0.2099,3.0000,0.0000,0.0000,0,18.2464,958.1704,853.1356,905.6530,-52.5174,0.0000,0.0000,958.1704,853.1356
42.057,1,1,heuristic,8.0834,76.2628,1.7510,0.4726,3.3347,3.3681,-0.0003,1.5298,3.6493,-1.4226,1.4017,13.8716,-0.2167,3.0000,0.0000,0.0000,0,18.2464,969.2300,947.9468,958.5884,-10.6416,0.0000,0.0000,969.2300,947.9468
42.107,1,1,heuristic,8.0834,76.2628,1.7553,0.4726,3.3347,3.3681,0.1895,1.5287,3.6493,-1.4112,1.4017,13.7087,-0.2223,3.0000,0.0000,0.0000,0,18.2464,951.2441,965.5139,958.3790,7.1349,0.0000,0.0000,951.2441,965.5139
42.157,1,1,heuristic,8.0988,76.4343,1.7593,0.4374,3.3276,3.3563,-0.0218,1.5287,3.6493,-1.4112,1.4017,13.7087,-0.2266,3.0000,0.0000,0.0000,0,18.2464,960.6757,877.5159,919.0958,-41.5799,0.0000,0.0000,960.6757,877.5159
42.207,1,1,heuristic,8.1118,76.5959,1.7632,0.4042,3.3354,3.3598,0.1995,1.5276,3.6493,-1.3976,1.4017,13.5365,-0.2317,3.0000,0.0000,0.0000,0,18.2464,980.6705,879.6051,930.1378,-50.5327,0.0000,0.0000,980.6705,879.6051
42.257,1,1,heuristic,8.1240,76.7670,1.7678,0.3703,3.3262,3.3467,0.2142,1.5263,3.6493,-1.3832,1.4017,13.3744,-0.2369,3.0000,0.0000,0.0000,0,18.2464,973.7427,933.0693,953.4060,-20.3367,0.0000,0.0000,973.7427,933.0693
42.307,1,1,heuristic,8.1341,76.9277,1.7703,0.3381,3.3305,3.3476,0.1908,1.5250,3.6493,-1.3664,1.4017,13.2029,-0.2428,3.0000,0.0000,0.0000,0,18.2464,971.2913,829.1250,900.2082,-71.0831,0.0000,0.0000,971.2913,829.1250
42.357,1,1,heuristic,8.1431,77.0977,1.7743,0.3054,3.3183,3.3323,0.1995,1.5235,3.6493,-1.3493,1.4017,13.0419,-0.2468,3.0000,0.0000,0.0000,0,18.2464,960.2674,849.5525,904.9099,-55.3574,0.0000,0.0000,960.2674,849.5525
42.407,1,1,heuristic,8.1431,77.0977,1.7770,0.3054,3.3183,3.3323,-0.0590,1.5220,3.6493,-1.3296,1.4017,12.8717,-0.2523,3.0000,0.0000,0.0000,0,18.2464,970.6578,870.3826,920.5202,-50.1376,0.0000,0.0000,970.6578,870.3826
42.457,1,1,heuristic,8.1503,77.2572,1.7790,0.2741,3.3191,3.3304,-0.0630,1.5220,3.6493,-1.3296,1.4017,12.8717,-0.2550,3.0000,0.0000,0.0000,0,18.2464,976.3573,917.3069,946.8321,-29.5252,0.0000,0.0000,976.3573,917.3069
42.507,1,1,heuristic,8.1564,77.4257,1.7823,0.2428,3.3035,3.3124,0.1730,1.5202,3.6493,-1.3098,1.4017,12.7121,-0.2588,3.0000,0.0000,0.0000,0,18.2464,991.0116,849.5870,920.2993,-70.7123,0.0000,0.0000,991.0116,849.5870
42.557,1,1,heuristic,8.1609,77.5842,1.7833,0.2128,3.3034,3.3103,-0.0783,1.5185,3.6493,-1.2875,1.4017,12.5435,-0.2638,3.0000,0.0000,0.0000,0,18.2464,983.5244,823.3146,903.4195,-80.1049,0.0000,0.0000,983.5244,823.3146
42.607,1,1,heuristic,8.1641,77.7521,1.7855,0.1827,3.2883,3.2933,-0.1020,1.5165,3.6493,-1.2652,1.4017,12.3850,-0.2668,3.0000,0.0000,0.0000,0,18.2464,979.5136,780.9713,880.2425,-99.2711,0.0000,0.0000,979.5136,780.9713
42.657,1,1,heuristic,8.1658,77.9097,1.7873,0.1534,3.2874,3.2909,-0.1140,1.5145,3.6493,-1.2401,1.4017,12.2174,-0.2710,3.0000,0.0000,0.0000,0,18.2464,982.9294,817.3685,900.1490,-82.7804,0.0000,0.0000,982.9294,817.3685
42.707,1,1,heuristic,8.1658,77.9097,1.7883,0.1534,3.2874,3.2909,0.1545,1.5123,3.6493,-1.2153,1.4017,12.0600,-0.2750,3.0000,0.0000,0.0000,0,18.2464,976.5277,838.7279,907.6278,-68.8999,0.0000,0.0000,976.5277,838.7279
42.757,1,1,heuristic,8.1662,78.0762,1.7890,0.1241,3.2702,3.2726,-0.1413,1.5123,3.6493,-1.2153,1.4017,12.0600,-0.2760,3.0000,0.0000,0.0000,0,18.2464,981.2212,903.6485,942.4348,-38.7863,0.0000,0.0000,981.2212,903.6485
42.807,1,1,heuristic,8.1653,78.2327,1.7894,0.0954,3.2682,3.2696,0.1253,1.5101,3.6493,-1.1876,1.4017,11.8939,-0.2789,3.0000,0.0000,0.0000,0,18.2464,967.7078,862.6220,915.1649,-52.5429,0.0000,0.0000,967.7078,862.6220
42.857,1,1,heuristic,8.1629,78.3986,1.7895,0.0674,3.2526,3.2533,-0.1475,1.5077,3.6493,-1.1604,1.4017,11.7378,-0.2817,3.0000,0.0000,0.0000,0,18.2464,978.9319,922.3613,950.6466,-28.2853,0.0000,0.0000,978.9319,922.3613
42.907,1,1,heuristic,8.1596,78.5549,1.7894,0.0400,3.2534,3.2536,0.1313,1.5052,3.6493,-1.1301,1.4017,11.5725,-0.2843,3.0000,0.0000,0.0000,0,18.2464,955.9357,819.9430,887.9393,-67.9964,0.0000,0.0000,955.9357,819.9430
42.958,1,1,heuristic,8.1549,78.7207,1.7890,0.0138,3.2405,3.2406,-0.1560,1.5025,3.6493,-1.1005,1.4017,11.4168,-0.2869,3.0000,0.0000,0.0000,0,18.2464,941.1610,722.5338,831.8474,-109.3136,0.0000,0.0000,941.1610,722.5338
43.007,1,1,heuristic,8.1494,78.8765,1.7884,-0.0116,3.2417,3.2417,-0.1945,1.4997,3.6493,-1.0680,1.4017,11.2518,-0.2893,3.0000,0.0000,0.0000,0,18.2464,972.7257,654.5223,813.6240,-159.1017,0.0000,0.0000,972.7257,654.5223
43.057,1,1,heuristic,8.1494,78.8765,1.7876,-0.0116,3.2417,3.2417,0.1023,1.4968,3.6493,-1.0364,1.4017,11.0968,-0.2916,3.0000,0.0000,0.0000,0,18.2464,985.2944,756.6512,870.9728,-114.3216,0.0000,0.0000,985.2944,756.6512
43.107,1,1,heuristic,8.1426,79.0406,1.7861,-0.0357,3.2245,3.2247,0.0970,1.4968,3.6493,-1.0364,1.4017,11.0968,-0.2908,3.0000,0.0000,0.0000,0,18.2464,977.0039,735.3598,856.1818,-120.8220,0.0000,0.0000,977.0039,735.3598
43.157,1,1,heuristic,8.1350,79.1942,1.7847,-0.0599,3.2193,3.2198,0.0912,1.4938,3.6493,-1.0020,1.4017,10.9337,-0.2922,3.0000,0.0000,0.0000,0,18.2464,972.0761,721.0960,846.5861,-125.4900,0.0000,0.0000,972.0761,721.0960
43.207,1,1,heuristic,8.1260,79.3561,1.7827,-0.0829,3.1983,3.1994,-0.2152,1.4909,3.6493,-0.9687,1.4017,10.7813,-0.2939,3.0000,0.0000,0.0000,0,18.2464,969.8550,721.2204,845.5377,-124.3173,0.0000,0.0000,969.8550,721.2204
43.257,1,1,heuristic,8.1165,79.5078,1.7803,-0.1058,3.1908,3.1926,0.0790,1.4878,3.6493,-0.9325,1.4017,10.6205,-0.2949,3.0000,0.0000,0.0000,0,18.2464,987.3985,747.9587,867.6786,-119.7199,0.0000,0.0000,987.3985,747.9587
43.307,1,1,heuristic,8.1054,79.6678,1.7767,-0.1271,3.1678,3.1704,0.0612,1.4847,3.6493,-0.8976,1.4017,10.4701,-0.2956,3.0000,0.0000,0.0000,0,18.2464,986.3161,785.0161,885.6661,-100.6500,0.0000,0.0000,986.3161,785.0161
43.357,1,1,heuristic,8.0941,79.8179,1.7725,-0.1487,3.1597,3.1632,0.0678,1.4814,3.6493,-0.8598,1.4017,10.3117,-0.2953,3.0000,0.0000,0.0000,0,18.2464,981.9072,761.8907,871.8989,-110.0082,0.0000,0.0000,981.9072,761.8907
43.407,1,1,heuristic,8.0941,79.8179,1.7698,-0.1487,3.1597,3.1632,0.0550,1.4781,3.6493,-0.8234,1.4017,10.1631,-0.2944,3.0000,0.0000,0.0000,0,18.2464,976.8655,711.5607,844.2131,-132.6524,0.0000,0.0000,976.8655,711.5607
43.457,1,1,heuristic,8.0813,79.9765,1.7648,-0.1684,3.1380,3.1425,0.0473,1.4781,3.6493,-0.8234,1.4017,10.1631,-0.2917,3.0000,0.0000,0.0000,0,18.2464,980.3981,651.7747,816.0864,-164.3117,0.0000,0.0000,980.3981,651.7747
43.507,1,1,heuristic,8.0684,80.1255,1.7604,-0.1883,3.1309,3.1365,-0.2807,1.4747,3.6493,-0.7840,1.4017,10.0062,-0.2901,3.0000,0.0000,0.0000,0,18.2464,971.9602,611.0304,791.4953,-180.4649,0.0000,0.0000,971.9602,611.0304
43.557,1,1,heuristic,8.0540,80.2824,1.7558,-0.2063,3.1085,3.1153,0.0220,1.4713,3.6493,-0.7463,1.4017,9.8591,-0.2892,3.0000,0.0000,0.0000,0,18.2464,971.9602,611.0304,791.4953,-180.4649,0.0000,0.0000,971.9602,611.0304
43.607,1,1,heuristic,8.0396,80.4293,1.7506,-0.2249,3.0987,3.1069,-0.3202,1.4677,3.6493,-0.7056,1.4017,9.7042,-0.2881,3.0000,0.0000,0.0000,0,18.2464,974.9303,661.7309,818.3306,-156.5997,0.0000,0.0000,974.9303,661.7309
43.657,1,1,heuristic,8.0396,80.4293,1.7451,-0.2249,3.0987,3.1069,0.0305,1.4641,3.6493,-0.6667,1.4017,9.5595,-0.2865,3.0000,0.0000,0.0000,0,18.2464,992.9172,694.5145,843.7158,-149.2013,0.0000,0.0000,992.9172,694.5145
43.707,1,1,heuristic,8.0236,80.5841,1.7375,-0.2415,3.0743,3.0838,-0.3465,1.4641,3.6493,-0.6667,1.4017,9.5595,-0.2810,3.0000,0.0000,0.0000,0,18.2464,988.8272,621.8768,805.3520,-183.4752,0.0000,0.0000,988.8272,621.8768
43.757,1,1,heuristic,8.0079,80.7295,1.7327,-0.2587,3.0654,3.0763,0.0063,1.4604,3.6493,-0.6249,1.4017,9.4071,-0.2771,3.0000,0.0000,0.0000,0,18.2464,988.3265,644.9354,816.6309,-171.6955,0.0000,0.0000,988.3265,644.9354
43.807,1,1,heuristic,7.9905,80.8834,1.7241,-0.2737,3.0443,3.0566,-0.3568,1.4567,3.6493,-0.5849,1.4017,9.2641,-0.2760,3.0000,0.0000,0.0000,0,18.2464,981.8526,690.1331,835.9928,-145.8598,0.0000,0.0000,981.8526,690.1331
43.857,1,1,heuristic,7.9735,81.0281,1.7150,-0.2897,3.0383,3.0521,-0.3670,1.4528,3.6493,-0.5419,1.4017,9.1129,-0.2713,3.0000,0.0000,0.0000,0,18.2464,975.2886,685.1396,830.2141,-145.0745,0.0000,0.0000,975.2886,685.1396
43.907,1,1,heuristic,7.9550,81.1815,1.7073,-0.3031,3.0205,3.0357,-0.0095,1.4490,3.6493,-0.5008,1.4017,8.9710,-0.2660,3.0000,0.0000,0.0000,0,18.2464,978.1049,692.3480,835.2264,-142.8784,0.0000,0.0000,978.1049,692.3480
43.957,1,1,heuristic,7.9371,81.3260,1.6993,-0.3171,3.0185,3.0351,-0.3992,1.4449,3.6493,-0.4567,1.4017,8.8208,-0.2624,3.0000,0.0000,0.0000,0,18.2464,980.8357,682.0900,831.4628,-149.3728,0.0000,0.0000,980.8357,682.0900
44.007,1,1,heuristic,7.9371,81.3260,1.6911,-0.3171,3.0185,3.0351,-0.0503,1.4409,3.6493,-0.4147,1.4017,8.6795,-0.2584,3.0000,0.0000,0.0000,0,18.2464,955.2403,608.3403,781.7903,-173.4500,0.0000,0.0000,955.2403,608.3403
44.057,1,1,heuristic,7.9177,81.4793,1.6805,-0.3283,3.0045,3.0224,-0.0260,1.4409,3.6493,-0.4147,1.4017,8.6795,-0.2501,3.0000,0.0000,0.0000,0,18.2464,987.2346,676.5575,831.8961,-155.3385,0.0000,0.0000,987.2346,676.5575
44.107,1,1,heuristic,7.8991,81.6237,1.6716,-0.3401,3.0051,3.0243,-0.4290,1.4367,3.6493,-0.3698,1.4017,8.5297,-0.2438,3.0000,0.0000,0.0000,0,18.2464,990.1216,697.3104,843.7160,-146.4056,0.0000,0.0000,990.1216,697.3104
44.157,1,1,heuristic,7.8790,81.7766,1.6604,-0.3492,2.9921,3.0124,-0.4150,1.4327,3.6493,-0.3272,1.4017,8.3889,-0.2389,3.0000,0.0000,0.0000,0,18.2464,990.1216,697.3104,843.7160,-146.4056,0.0000,0.0000,990.1216,697.3104
44.207,1,1,heuristic,7.8599,81.9208,1.6488,-0.3590,2.9947,3.0162,-0.0353,1.4284,3.6493,-0.2816,1.4017,8.2400,-0.2320,3.0000,0.0000,0.0000,0,18.2464,984.8526,602.3886,793.6206,-191.2320,0.0000,0.0000,984.8526,602.3886
44.257,1,1,heuristic,7.8395,82.0741,1.6369,-0.3659,2.9855,3.0078,-0.0570,1.4243,3.6493,-0.2385,1.4017,8.0997,-0.2244,3.0000,0.0000,0.0000,0,18.2464,984.2101,687.7488,835.9794,-148.2307,0.0000,0.0000,984.2101,687.7488
44.308,1,1,heuristic,7.8200,82.2186,1.6271,-0.3737,2.9903,3.0136,-0.4527,1.4200,3.6493,-0.1926,1.4017,7.9509,-0.2169,3.0000,0.0000,0.0000,0,18.2464,965.9213,729.1956,847.5585,-118.3629,0.0000,0.0000,965.9213,729.1956
44.357,1,1,heuristic,7.7993,82.3719,1.6172,-0.3788,2.9817,3.0057,-0.0467,1.4158,3.6493,-0.1491,1.4017,7.8108,-0.2113,3.0000,0.0000,0.0000,0,18.2464,976.9294,688.6065,832.7679,-144.1615,0.0000,0.0000,976.9294,688.6065
44.407,1,1,heuristic,7.7797,82.5166,1.6046,-0.3844,2.9886,3.0132,-0.0568,1.4114,3.6493,-0.1028,1.4017,7.6625,-0.2057,3.0000,0.0000,0.0000,0,18.2464,981.0864,679.4815,830.2840,-150.8025,0.0000,0.0000,981.0864,679.4815
44.457,1,1,heuristic,7.7797,82.5166,1.5969,-0.3844,2.9886,3.0132,-0.0625,1.4073,3.6493,-0.0592,1.4017,7.5226,-0.1973,3.0000,0.0000,0.0000,0,18.2464,979.0622,757.3049,868.1835,-110.8787,0.0000,0.0000,979.0622,757.3049
44.507,1,1,heuristic,7.7397,82.8157,1.5815,-0.3905,2.9913,3.0167,-0.4565,1.4073,3.6493,-0.0592,1.4017,7.5226,-0.1896,3.0000,0.0000,0.0000,0,18.2464,982.0669,742.8560,862.4615,-119.6054,0.0000,0.0000,982.0669,742.8560
44.558,1,1,heuristic,7.7397,82.8157,1.5736,-0.3905,2.9913,3.0167,-0.4602,1.3987,3.6493,0.0307,1.4017,7.2344,-0.1828,3.0000,0.0000,0.0000,0,18.2464,983.3061,695.5948,839.4505,-143.8557,0.0000,0.0000,983.3061,695.5948
44.607,1,1,heuristic,7.7193,82.9704,1.5635,-0.3907,2.9881,3.0135,-0.0522,1.3987,3.6493,0.0307,1.4017,7.2344,-0.1749,3.0000,0.0000,0.0000,0,18.2464,968.2922,774.6783,871.4852,-96.8069,0.0000,0.0000,968.2922,774.6783
44.657,1,1,heuristic,7.7003,83.1166,1.5505,-0.3916,2.9996,3.0251,-0.0235,1.3944,3.6493,0.0768,1.4017,7.0856,-0.1691,3.0000,0.0000,0.0000,0,18.2464,981.2326,729.0806,855.1566,-126.0760,0.0000,0.0000,981.2326,729.0806
44.707,1,1,heuristic,7.6805,83.2723,1.5401,-0.3894,2.9983,3.0235,-0.4597,1.3903,3.6493,0.1201,1.4017,6.9454,-0.1602,3.0000,0.0000,0.0000,0,18.2464,983.6595,673.4840,828.5717,-155.0878,0.0000,0.0000,983.6595,673.4840
44.757,1,1,heuristic,7.6622,83.4194,1.5298,-0.3878,3.0119,3.0367,-0.0483,1.3859,3.6493,0.1658,1.4017,6.7963,-0.1542,3.0000,0.0000,0.0000,0,18.2464,987.7376,687.6985,837.7180,-150.0196,0.0000,0.0000,987.7376,687.6985
44.807,1,1,heuristic,7.6622,83.4194,1.5220,-0.3878,3.0119,3.0367,-0.0320,1.3819,3.6493,0.2086,1.4017,6.6555,-0.1479,3.0000,0.0000,0.0000,0,18.2464,975.7573,723.5913,849.6743,-126.0830,0.0000,0.0000,975.7573,723.5913
44.857,1,1,heuristic,7.6432,83.5759,1.5089,-0.3835,3.0113,3.0356,-0.0385,1.3819,3.6493,0.2086,1.4017,6.6555,-0.1402,3.0000,0.0000,0.0000,0,18.2464,977.8021,709.1025,843.4523,-134.3498,0.0000,0.0000,977.8021,709.1025
44.907,1,1,heuristic,7.6256,83.7237,1.5037,-0.3801,3.0248,3.0486,-0.5005,1.3776,3.6493,0.2537,1.4017,6.5062,-0.1313,3.0000,0.0000,0.0000,0,18.2464,977.8021,709.1025,843.4523,-134.3498,0.0000,0.0000,977.8021,709.1025
44.957,1,1,heuristic,7.6075,83.8809,1.4904,-0.3738,3.0244,3.0474,-0.4830,1.3737,3.6493,0.2959,1.4017,6.3654,-0.1300,3.0000,0.0000,0.0000,0,18.2464,978.9935,756.4203,867.7069,-111.2866,0.0000,0.0000,978.9935,756.4203
45.007,1,1,heuristic,7.6075,83.8809,1.4800,-0.3738,3.0244,3.0474,-0.0225,1.3695,3.6493,0.3403,1.4017,6.2159,-0.1209,3.0000,0.0000,0.0000,0,18.2464,974.6865,787.2977,880.9921,-93.6944,0.0000,0.0000,974.6865,787.2977
45.057,1,1,heuristic,7.5909,84.0294,1.4720,-0.3681,3.0382,3.0605,-0.0248,1.3695,3.6493,0.3403,1.4017,6.2159,-0.1106,3.0000,0.0000,0.0000,0,18.2464,986.5291,731.2081,858.8686,-127.6605,0.0000,0.0000,986.5291,731.2081
45.107,1,1,heuristic,7.5741,84.1876,1.4614,-0.3591,3.0390,3.0602,-0.4803,1.3656,3.6493,0.3816,1.4017,6.0750,-0.1064,3.0000,0.0000,0.0000,0,18.2464,988.5264,761.6909,875.1087,-113.4177,0.0000,0.0000,988.5264,761.6909
45.157,1,1,heuristic,7.5589,84.3372,1.4509,-0.3505,3.0546,3.0746,-0.0290,1.3616,3.6493,0.4248,1.4017,5.9252,-0.0999,3.0000,0.0000,0.0000,0,18.2464,983.5530,727.1111,855.3321,-128.2210,0.0000,0.0000,983.5530,727.1111
45.207,1,1,heuristic,7.5589,84.3372,1.4430,-0.3505,3.0546,3.0746,-0.0240,1.3579,3.6493,0.4649,1.4017,5.7837,-0.0930,3.0000,0.0000,0.0000,0,18.2464,984.1332,777.6718,880.9025,-103.2307,0.0000,0.0000,984.1332,777.6718
45.257,1,1,heuristic,7.5436,84.4963,1.4298,-0.3393,3.0559,3.0746,-0.0123,1.3579,3.6493,0.4649,1.4017,5.7837,-0.0851,3.0000,0.0000,0.0000,0,18.2464,984.3902,822.4646,903.4274,-80.9628,0.0000,0.0000,984.3902,822.4646
45.307,1,1,heuristic,7.5300,84.6468,1.4246,-0.3283,3.0716,3.0891,-0.0298,1.3539,3.6493,0.5068,1.4017,5.6335,-0.0759,3.0000,0.0000,0.0000,0,18.2464,981.3212,789.0245,885.1729,-96.1484,0.0000,0.0000,981.3212,789.0245
45.357,1,1,heuristic,7.5300,84.6468,1.4140,-0.3283,3.0716,3.0891,-0.4788,1.3504,3.6493,0.5456,1.4017,5.4918,-0.0742,3.0000,0.0000,0.0000,0,18.2464,987.3678,760.9220,874.1449,-113.2229,0.0000,0.0000,987.3678,760.9220
45.407,1,1,heuristic,7.5048,84.9588,1.3985,-0.3002,3.0913,3.1058,-0.4893,1.3504,3.6493,0.5456,1.4017,5.4918,-0.0637,3.0000,0.0000,0.0000,0,18.2464,981.5427,745.3667,863.4547,-118.0880,0.0000,0.0000,981.5427,745.3667
45.457,1,1,heuristic,7.5048,84.9588,1.3933,-0.3002,3.0913,3.1058,-0.4940,1.3433,3.6493,0.6229,1.4017,5.1988,-0.0552,3.0000,0.0000,0.0000,0,18.2464,972.1930,759.5076,865.8503,-106.3427,0.0000,0.0000,972.1930,759.5076
45.507,1,1,heuristic,7.4934,85.1202,1.3804,-0.2840,3.0936,3.1066,-0.0077,1.3433,3.6493,0.6229,1.4017,5.1988,-0.0500,3.0000,0.0000,0.0000,0,18.2464,955.7020,793.1565,874.4292,-81.2727,0.0000,0.0000,955.7020,793.1565
45.557,1,1,heuristic,7.4837,85.2726,1.3727,-0.2678,3.1100,3.1215,-0.5075,1.3397,3.6493,0.6613,1.4017,5.0477,-0.0407,3.0000,0.0000,0.0000,0,18.2464,978.0495,834.8581,906.4538,-71.5957,0.0000,0.0000,978.0495,834.8581
45.607,1,1,heuristic,7.4837,85.2726,1.3625,-0.2678,3.1100,3.1215,0.0110,1.3365,3.5801,0.6966,1.4017,4.9053,-0.0361,3.0000,0.0000,0.0000,0,18.2464,969.8537,816.2932,893.0735,-76.7802,0.0000,0.0000,969.8537,816.2932
45.657,1,1,heuristic,7.4746,85.4349,1.3498,-0.2493,3.1121,3.1221,-0.4763,1.3365,3.5801,0.6966,1.4017,4.9053,-0.0259,3.0000,0.0000,0.0000,0,18.2464,973.1645,843.1120,908.1383,-65.0263,0.0000,0.0000,973.1645,843.1120
45.707,1,1,heuristic,7.4673,85.5885,1.3473,-0.2298,3.1298,3.1383,0.0182,1.3332,3.4697,0.7329,1.4017,4.7540,-0.0166,3.0000,0.0000,0.0000,0,18.2464,980.2959,815.4440,897.8700,-82.4259,0.0000,0.0000,980.2959,815.4440
45.757,1,1,heuristic,7.4610,85.7522,1.3350,-0.2081,3.1335,3.1404,0.0143,1.3302,3.3654,0.7659,1.4017,4.6110,-0.0170,3.0000,0.0000,0.0000,0,18.2464,973.5282,869.4911,921.5096,-52.0186,0.0000,0.0000,973.5282,869.4911
45.807,1,1,heuristic,7.4564,85.9071,1.3227,-0.1857,3.1522,3.1577,0.0185,1.3271,3.2544,0.7997,1.4017,4.4589,-0.0078,3.0000,0.0000,0.0000,0,18.2464,973.6094,863.0638,918.3366,-55.2728,0.0000,0.0000,973.6094,863.0638
45.857,1,1,heuristic,7.4564,85.9071,1.3178,-0.1857,3.1522,3.1577,-0.4988,1.3245,3.1496,0.8303,1.4017,4.3154,0.0018,3.0000,0.0000,0.0000,0,18.2464,968.3384,835.1861,901.7623,-66.5762,0.0000,0.0000,968.3384,835.1861
45.907,1,1,heuristic,7.4530,86.0722,1.3036,-0.1614,3.1567,3.1608,0.0430,1.3245,3.1496,0.8303,1.4017,4.3154,0.0066,3.0000,0.0000,0.0000,0,18.2464,977.3258,825.8528,901.5893,-75.7365,0.0000,0.0000,977.3258,825.8528
45.957,1,1,heuristic,7.4513,86.2284,1.2989,-0.1362,3.1760,3.1789,-0.4938,1.3216,3.0381,0.8614,1.4017,4.1627,0.0180,3.0000,0.0000,0.0000,0,18.2464,970.1917,778.1619,874.1768,-96.0149,0.0000,0.0000,970.1917,778.1619
46.007,1,1,heuristic,7.4510,86.3944,1.2851,-0.1102,3.1795,3.1814,0.0475,1.3192,2.9330,0.8894,1.4017,4.0186,0.0203,3.0000,0.0000,0.0000,0,18.2464,979.4408,818.8348,899.1378,-80.3030,0.0000,0.0000,979.4408,818.8348
46.057,1,1,heuristic,7.4519,86.5511,1.2760,-0.0842,3.1966,3.1977,-0.4790,1.3167,2.8214,0.9177,1.4017,3.8658,0.0315,3.0000,0.0000,0.0000,0,18.2464,966.3980,760.8445,863.6212,-102.7768,0.0000,0.0000,966.3980,760.8445
46.107,1,1,heuristic,7.4519,86.5511,1.2715,-0.0842,3.1966,3.1977,0.0493,1.3145,2.7166,0.9431,1.4017,3.7221,0.0385,3.0000,0.0000,0.0000,0,18.2464,959.9840,738.4186,849.2013,-110.7827,0.0000,0.0000,959.9840,738.4186
46.157,1,1,heuristic,7.4543,86.7175,1.2603,-0.0582,3.1972,3.1977,0.0527,1.3145,2.7166,0.9431,1.4017,3.7221,0.0430,3.0000,0.0000,0.0000,0,18.2464,957.0327,704.5311,830.7819,-126.2508,0.0000,0.0000,957.0327,704.5311
46.207,1,1,heuristic,7.4577,86.8742,1.2509,-0.0323,3.2105,3.2107,-0.4880,1.3122,2.6057,0.9687,1.4017,3.5702,0.0519,3.0000,0.0000,0.0000,0,18.2464,957.6499,742.3606,850.0053,-107.6447,0.0000,0.0000,957.6499,742.3606
46.257,1,1,heuristic,7.4625,87.0401,1.2396,-0.0074,3.2064,3.2065,-0.5142,1.3102,2.5018,0.9918,1.4017,3.4278,0.0593,3.0000,0.0000,0.0000,0,18.2464,964.4563,740.2464,852.3513,-112.1049,0.0000,0.0000,964.4563,740.2464
46.307,1,1,heuristic,7.4682,87.1962,1.2303,0.0176,3.2155,3.2155,0.0365,1.3080,2.3925,1.0150,1.4017,3.2780,0.0684,3.0000,0.0000,0.0000,0,18.2464,905.5971,663.0428,784.3200,-121.2772,0.0000,0.0000,905.5971,663.0428
46.357,1,1,heuristic,7.4682,87.1962,1.2210,0.0176,3.2155,3.2155,-0.5068,1.3063,2.2902,1.0357,1.4017,3.1379,0.0759,3.0000,0.0000,0.0000,0,18.2464,804.3895,612.3581,708.3738,-96.0157,0.0000,0.0000,804.3895,612.3581
46.407,1,1,heuristic,7.4754,87.3613,1.2092,0.0417,3.2075,3.2078,0.0542,1.3063,2.2902,1.0357,1.4017,3.1379,0.0853,3.0000,0.0000,0.0000,0,18.2464,841.0860,605.8383,723.4621,-117.6238,0.0000,0.0000,841.0860,605.8383
46.457,1,1,heuristic,7.4830,87.5158,1.2020,0.0651,3.2100,3.2107,-0.5088,1.2955,4.0000,1.0235,1.3899,22.9464,0.0864,3.0000,0.0000,0.0000,0,20.1133,743.1107,549.4765,646.2936,-96.8171,0.0000,0.0000,743.1107,549.4765
46.507,1,1,heuristic,7.4919,87.6781,1.1925,0.0862,3.1920,3.1932,0.0438,1.2937,4.0000,1.0438,1.3899,22.7941,0.0917,3.0000,0.0000,0.0000,0,20.1133,656.5186,654.1162,655.3174,-1.2012,0.0000,0.0000,656.5186,654.1162
46.557,1,1,heuristic,7.5008,87.8290,1.1828,0.1061,3.1823,3.1841,-0.5205,1.2916,4.0000,1.0642,1.3899,22.6340,0.0991,3.0000,0.0000,0.0000,0,20.1133,706.1738,586.7749,646.4743,-59.6994,0.0000,0.0000,706.1738,586.7749
46.607,1,1,heuristic,7.5008,87.8290,1.1733,0.1061,3.1823,3.1841,0.0600,1.2898,4.0000,1.0826,1.3899,22.4850,0.1070,3.0000,0.0000,0.0000,0,20.1133,791.6848,675.6974,733.6911,-57.9937,0.0000,0.0000,791.6848,675.6974
46.657,1,1,heuristic,7.5216,88.1334,1.1591,0.1434,3.1333,3.1365,0.0653,1.2898,4.0000,1.0826,1.3899,22.4850,0.1165,3.0000,0.0000,0.0000,0,20.1133,901.6394,754.9698,828.3046,-73.3348,0.0000,0.0000,901.6394,754.9698
46.707,1,1,heuristic,7.5216,88.1334,1.1522,0.1434,3.1333,3.1365,0.0585,1.2860,4.0000,1.1169,1.3899,22.1839,0.1268,3.0000,0.0000,0.0000,0,20.1133,901.6394,754.9698,828.3046,-73.3348,0.0000,0.0000,901.6394,754.9698
46.758,1,1,heuristic,7.5342,88.2884,1.1430,0.1634,3.1026,3.1069,-0.5068,1.2860,4.0000,1.1169,1.3899,22.1839,0.1338,3.0000,0.0000,0.0000,0,20.1133,968.2061,864.2122,916.2092,-51.9969,0.0000,0.0000,968.2061,864.2122
46.807,1,1,heuristic,7.5477,88.4345,1.1362,0.1870,3.0908,3.0964,0.0772,1.2841,4.0000,1.1323,1.3899,22.0302,0.1411,3.0000,0.0000,0.0000,0,20.1133,878.3734,787.3654,832.8694,-45.5040,0.0000,0.0000,878.3734,787.3654
46.857,1,1,heuristic,7.5477,88.4345,1.1272,0.1870,3.0908,3.0964,-0.5090,1.2827,4.0000,1.1453,1.3899,21.8849,0.1465,3.0000,0.0000,0.0000,0,20.1133,847.3129,887.0757,867.1943,19.8814,0.0000,0.0000,847.3129,887.0757
46.907,1,1,heuristic,7.5642,88.5900,1.1161,0.2128,3.0708,3.0782,0.1198,1.2827,4.0000,1.1453,1.3899,21.8849,0.1555,3.0000,0.0000,0.0000,0,20.1133,923.1124,971.8869,947.4997,24.3872,0.0000,0.0000,923.1124,971.8869
46.957,1,1,heuristic,7.5815,88.7368,1.1097,0.2424,3.0685,3.0780,-0.4955,1.2814,4.0000,1.1571,1.3899,21.7298,0.1652,3.0000,0.0000,0.0000,0,20.1133,913.0616,984.4167,948.7391,35.6776,0.0000,0.0000,913.0616,984.4167
47.007,1,1,heuristic,7.6024,88.8935,1.0993,0.2744,3.0576,3.0699,0.1278,1.2805,4.0000,1.1665,1.3899,21.5830,0.1708,3.0000,0.0000,0.0000,0,20.1133,852.8412,986.3631,919.6022,66.7609,0.0000,0.0000,852.8412,986.3631
47.057,1,1,heuristic,7.6248,89.0426,1.0933,0.3128,3.0669,3.0829,-0.4838,1.2796,4.0000,1.1741,1.3899,21.4257,0.1804,3.0000,0.0000,0.0000,0,20.1133,921.3861,945.8495,933.6178,12.2317,0.0000,0.0000,921.3861,945.8495
47.107,1,1,heuristic,7.6514,89.2020,1.0839,0.3526,3.0666,3.0868,0.1570,1.2794,4.0000,1.1789,1.3899,21.2756,0.1861,3.0000,0.0000,0.0000,0,20.1133,964.8341,989.6874,977.2608,12.4266,0.0000,0.0000,964.8341,989.6874
47.157,1,1,heuristic,7.6791,89.3535,1.0752,0.3974,3.0846,3.1101,0.1690,1.2792,4.0000,1.1814,1.3899,21.1144,0.1953,3.0000,0.0000,0.0000,0,20.1133,947.0265,976.2572,961.6419,14.6154,0.0000,0.0000,947.0265,976.2572
47.207,1,1,heuristic,7.6791,89.3535,1.0686,0.3974,3.0846,3.1101,-0.4715,1.2796,4.0000,1.1814,1.3899,20.9606,0.2044,3.0000,0.0000,0.0000,0,20.1133,971.2328,996.1886,983.7107,12.4779,0.0000,0.0000,971.2328,996.1886
47.257,1,1,heuristic,7.7114,89.5158,1.0606,0.4423,3.0921,3.1236,-0.4530,1.2796,4.0000,1.1814,1.3899,20.9606,0.2110,3.0000,0.0000,0.0000,0,20.1133,961.9395,983.0270,972.4833,10.5438,0.0000,0.0000,961.9395,983.0270
47.307,1,1,heuristic,7.7445,89.6702,1.0550,0.4918,3.1170,3.1555,0.1840,1.2800,4.0000,1.1788,1.3899,20.7952,0.2194,3.0000,0.0000,0.0000,0,20.1133,914.3738,990.6556,952.5147,38.1409,0.0000,0.0000,914.3738,990.6556
47.357,1,1,heuristic,7.7825,89.8353,1.0491,0.5394,3.1286,3.1748,-0.4435,1.2810,4.0000,1.1740,1.3899,20.6374,0.2259,3.0000,0.0000,0.0000,0,20.1133,862.5778,976.8893,919.7336,57.1557,0.0000,0.0000,862.5778,976.8893
47.407,1,1,heuristic,7.8206,89.9917,1.0426,0.5904,3.1545,3.2093,-0.4330,1.2820,4.0000,1.1664,1.3899,20.4680,0.2329,3.0000,0.0000,0.0000,0,20.1133,758.1230,975.4506,866.7868,108.6638,0.0000,0.0000,758.1230,975.4506
47.457,1,1,heuristic,7.8634,90.1578,1.0376,0.6368,3.1624,3.2259,0.2208,1.2833,4.0000,1.1570,1.3899,20.3070,0.2407,3.0000,0.0000,0.0000,0,20.1133,831.2721,989.4087,910.3404,79.0683,0.0000,0.0000,831.2721,989.4087
47.507,1,1,heuristic,7.9054,90.3137,1.0331,0.6847,3.1795,3.2524,-0.3940,1.2847,4.0000,1.1449,1.3899,20.1355,0.2470,3.0000,0.0000,0.0000,0,20.1133,831.2721,989.4087,910.3404,79.0683,0.0000,0.0000,831.2721,989.4087
47.557,1,1,heuristic,7.9054,90.3137,1.0290,0.6847,3.1795,3.2524,0.2412,1.2863,4.0000,1.1315,1.3899,19.9741,0.2532,3.0000,0.0000,0.0000,0,20.1133,759.5110,990.3394,874.9252,115.4142,0.0000,0.0000,759.5110,990.3394
47.607,1,1,heuristic,7.9519,90.4783,1.0245,0.7263,3.1767,3.2587,-0.3823,1.2863,4.0000,1.1315,1.3899,19.9741,0.2573,3.0000,0.0000,0.0000,0,20.1133,782.9184,990.1086,886.5135,103.5951,0.0000,0.0000,782.9184,990.1086
47.658,1,1,heuristic,7.9971,90.6325,1.0222,0.7695,3.1840,3.2756,0.2895,1.2878,4.0000,1.1155,1.3899,19.8032,0.2633,3.0000,0.0000,0.0000,0,20.1133,765.7772,985.4461,875.6117,109.8344,0.0000,0.0000,765.7772,985.4461
47.707,1,1,heuristic,8.0464,90.7947,1.0196,0.8053,3.1711,3.2717,-0.3460,1.2896,4.0000,1.0987,1.3899,19.6426,0.2673,3.0000,0.0000,0.0000,0,20.1133,791.2210,972.3555,881.7882,90.5673,0.0000,0.0000,791.2210,972.3555
47.757,1,1,heuristic,8.0940,90.9462,1.0174,0.8424,3.1679,3.2780,0.3125,1.2913,4.0000,1.0794,1.3899,19.4734,0.2717,3.0000,0.0000,0.0000,0,20.1133,791.2210,972.3555,881.7882,90.5673,0.0000,0.0000,791.2210,972.3555
47.807,1,1,heuristic,8.0940,90.9462,1.0157,0.8424,3.1679,3.2780,-0.3640,1.2931,4.0000,1.0599,1.3899,19.3150,0.2757,3.0000,0.0000,0.0000,0,20.1133,779.8413,987.5077,883.6745,103.8332,0.0000,0.0000,779.8413,987.5077
47.857,1,1,heuristic,8.1455,91.1053,1.0142,0.8719,3.1463,3.2649,0.3500,1.2931,4.0000,1.0599,1.3899,19.3150,0.2774,3.0000,0.0000,0.0000,0,20.1133,698.8460,983.4269,841.1365,142.2905,0.0000,0.0000,698.8460,983.4269
47.907,1,1,heuristic,8.1949,91.2539,1.0134,0.9035,3.1361,3.2636,-0.3055,1.2950,4.0000,1.0378,1.3899,19.1483,0.2808,3.0000,0.0000,0.0000,0,20.1133,719.1123,998.1708,858.6416,139.5292,0.0000,0.0000,719.1123,998.1708
47.957,1,1,heuristic,8.2483,91.4099,1.0132,0.9282,3.1088,3.2444,-0.3078,1.2969,4.0000,1.0159,1.3899,18.9923,0.2835,3.0000,0.0000,0.0000,0,20.1133,749.3039,961.5883,855.4461,106.1422,0.0000,0.0000,749.3039,961.5883
48.007,1,1,heuristic,8.2996,91.5554,1.0135,0.9561,3.0934,3.2378,0.3890,1.2989,4.0000,0.9915,1.3899,18.8282,0.2857,3.0000,0.0000,0.0000,0,20.1133,759.6359,992.2983,875.9671,116.3312,0.0000,0.0000,759.6359,992.2983
48.057,1,1,heuristic,8.3550,91.7084,1.0144,0.9780,3.0633,3.2157,-0.3095,1.3011,4.0000,0.9672,1.3899,18.6747,0.2875,3.0000,0.0000,0.0000,0,20.1133,672.2611,980.5514,826.4063,154.1452,0.0000,0.0000,672.2611,980.5514
48.107,1,1,heuristic,8.4082,91.8518,1.0156,1.0043,3.0479,3.2091,0.4150,1.3033,4.0000,0.9403,1.3899,18.5130,0.2889,3.0000,0.0000,0.0000,0,20.1133,716.6953,984.4734,850.5844,133.8890,0.0000,0.0000,716.6953,984.4734
48.157,1,1,heuristic,8.4082,91.8518,1.0169,1.0043,3.0479,3.2091,0.4163,1.3056,4.0000,0.9136,1.3899,18.3613,0.2900,3.0000,0.0000,0.0000,0,20.1133,677.4263,995.9865,836.7064,159.2801,0.0000,0.0000,677.4263,995.9865
48.207,1,1,heuristic,8.4659,92.0028,1.0199,1.0252,3.0191,3.1884,-0.2750,1.3056,4.0000,0.9136,1.3899,18.3613,0.2888,3.0000,0.0000,0.0000,0,20.1133,683.4277,989.9840,836.7058,153.2781,0.0000,0.0000,683.4277,989.9840
48.257,1,1,heuristic,8.5213,92.1443,1.0230,1.0509,3.0050,3.1834,0.4525,1.3081,4.0000,0.8841,1.3899,18.2012,0.2882,3.0000,0.0000,0.0000,0,20.1133,662.5845,983.9313,823.2579,160.6734,0.0000,0.0000,662.5845,983.9313
48.307,1,1,heuristic,8.5812,92.2936,1.0270,1.0712,2.9783,3.1651,0.4768,1.3107,4.0000,0.8551,1.3899,18.0508,0.2877,3.0000,0.0000,0.0000,0,20.1133,605.3939,989.6267,797.5103,192.1164,0.0000,0.0000,605.3939,989.6267
48.357,1,1,heuristic,8.6387,92.4337,1.0308,1.0965,2.9662,3.1624,-0.2228,1.3135,4.0000,0.8230,1.3899,17.8918,0.2865,3.0000,0.0000,0.0000,0,20.1133,708.1885,993.5499,850.8692,142.6807,0.0000,0.0000,708.1885,993.5499
48.407,1,1,heuristic,8.7006,92.5813,1.0351,1.1156,2.9409,3.1454,0.5188,1.3164,4.0000,0.7916,1.3899,17.7424,0.2856,3.0000,0.0000,0.0000,0,20.1133,796.5135,994.6940,895.6038,99.0902,0.0000,0.0000,796.5135,994.6940
48.457,1,1,heuristic,8.7600,92.7201,1.0399,1.1398,2.9309,3.1448,-0.2112,1.3194,4.0000,0.7572,1.3899,17.5846,0.2842,3.0000,0.0000,0.0000,0,20.1133,726.1898,980.9303,853.5600,127.3702,0.0000,0.0000,726.1898,980.9303
48.507,1,1,heuristic,8.7600,92.7201,1.0451,1.1398,2.9309,3.1448,0.5220,1.3225,4.0000,0.7238,1.3899,17.4361,0.2826,3.0000,0.0000,0.0000,0,20.1133,738.4571,977.3492,857.9032,119.4460,0.0000,0.0000,738.4571,977.3492
48.557,1,1,heuristic,8.8240,92.8673,1.0505,1.1578,2.9108,3.1327,-0.2135,1.3225,4.0000,0.7238,1.3899,17.4361,0.2774,3.0000,0.0000,0.0000,0,20.1133,675.2624,986.2352,830.7488,155.4864,0.0000,0.0000,675.2624,986.2352
48.607,1,1,heuristic,8.8849,93.0057,1.0576,1.1803,2.9053,3.1359,0.5547,1.3258,4.0000,0.6874,1.3899,17.2785,0.2753,3.0000,0.0000,0.0000,0,20.1133,730.4250,990.2061,860.3155,129.8906,0.0000,0.0000,730.4250,990.2061
48.657,1,1,heuristic,8.9502,93.1519,1.0636,1.1952,2.8865,3.1242,-0.2053,1.3290,4.0000,0.6523,1.3899,17.1302,0.2714,3.0000,0.0000,0.0000,0,20.1133,716.7847,988.9183,852.8515,136.0668,0.0000,0.0000,716.7847,988.9183
48.707,1,1,heuristic,9.0122,93.2891,1.0699,1.2144,2.8809,3.1264,0.5493,1.3325,4.0000,0.6144,1.3899,16.9733,0.2689,3.0000,0.0000,0.0000,0,20.1133,716.7847,988.9183,852.8515,136.0668,0.0000,0.0000,716.7847,988.9183
48.757,1,1,heuristic,9.0122,93.2891,1.0748,1.2144,2.8809,3.1264,-0.1860,1.3359,4.0000,0.5781,1.3899,16.8260,0.2660,3.0000,0.0000,0.0000,0,20.1133,609.8527,985.4212,797.6369,187.7842,0.0000,0.0000,609.8527,985.4212
48.807,1,1,heuristic,9.0784,93.4341,1.0815,1.2261,2.8624,3.1140,0.5517,1.3359,4.0000,0.5781,1.3899,16.8260,0.2611,3.0000,0.0000,0.0000,0,20.1133,631.4985,985.8538,808.6762,177.1776,0.0000,0.0000,631.4985,985.8538
48.857,1,1,heuristic,9.1411,93.5700,1.0850,1.2422,2.8564,3.1148,-0.1700,1.3394,4.0000,0.5391,1.3899,16.6702,0.2579,3.0000,0.0000,0.0000,0,20.1133,615.1943,965.8794,790.5369,175.3426,0.0000,0.0000,615.1943,965.8794
48.907,1,1,heuristic,9.2078,93.7131,1.0938,1.2506,2.8353,3.0989,-0.1710,1.3429,4.0000,0.5019,1.3899,16.5241,0.2580,3.0000,0.0000,0.0000,0,20.1133,639.1167,970.7162,804.9164,165.7997,0.0000,0.0000,639.1167,970.7162
48.957,1,1,heuristic,9.2078,93.7131,1.1018,1.2506,2.8353,3.0989,0.6000,1.3466,4.0000,0.4619,1.3899,16.3703,0.2527,3.0000,0.0000,0.0000,0,20.1133,639.1167,970.7162,804.9164,165.7997,0.0000,0.0000,639.1167,970.7162
49.007,1,1,heuristic,9.2709,93.8469,1.1075,1.2633,2.8257,3.0952,0.6095,1.3466,4.0000,0.4619,1.3899,16.3703,0.2447,3.0000,0.0000,0.0000,0,20.1133,662.5541,978.1993,820.3767,157.8226,0.0000,0.0000,662.5541,978.1993
49.057,1,1,heuristic,9.3381,93.9879,1.1180,1.2689,2.8028,3.0767,0.6098,1.3501,4.0000,0.4239,1.3899,16.2264,0.2426,3.0000,0.0000,0.0000,0,20.1133,633.8503,969.6072,801.7287,167.8785,0.0000,0.0000,633.8503,969.6072
49.107,1,1,heuristic,9.4016,94.1202,1.1241,1.2798,2.7935,3.0727,0.6178,1.3538,4.0000,0.3833,1.3899,16.0746,0.2358,3.0000,0.0000,0.0000,0,20.1133,660.0499,986.3235,823.1867,163.1368,0.0000,0.0000,660.0499,986.3235
49.157,1,1,heuristic,9.4016,94.1202,1.1329,1.2798,2.7935,3.0727,-0.1442,1.3574,4.0000,0.3446,1.3899,15.9322,0.2333,3.0000,0.0000,0.0000,0,20.1133,754.4187,991.8639,873.1413,118.7226,0.0000,0.0000,754.4187,991.8639
49.207,1,1,heuristic,9.4692,94.2600,1.1439,1.2840,2.7726,3.0555,-0.1487,1.3574,4.0000,0.3446,1.3899,15.9322,0.2246,3.0000,0.0000,0.0000,0,20.1133,754.4187,991.8639,873.1413,118.7226,0.0000,0.0000,754.4187,991.8639
49.257,1,1,heuristic,9.5333,94.3916,1.1510,1.2941,2.7666,3.0543,-0.1385,1.3613,4.0000,0.3032,1.3899,15.7817,0.2173,3.0000,0.0000,0.0000,0,20.1133,747.4511,991.5248,869.4879,122.0368,0.0000,0.0000,747.4511,991.5248
49.307,1,1,heuristic,9.6016,94.5316,1.1602,1.2980,2.7515,3.0423,0.6368,1.3650,4.0000,0.2638,1.3899,15.6400,0.2140,3.0000,0.0000,0.0000,0,20.1133,779.4495,979.7740,879.6118,100.1623,0.0000,0.0000,779.4495,979.7740
49.357,1,1,heuristic,9.6662,94.6638,1.1696,1.3077,2.7524,3.0472,-0.1598,1.3689,4.0000,0.2218,1.3899,15.4894,0.2087,3.0000,0.0000,0.0000,0,20.1133,791.1932,958.9395,875.0663,83.8732,0.0000,0.0000,791.1932,958.9395
49.407,1,1,heuristic,9.6662,94.6638,1.1766,1.3077,2.7524,3.0472,-0.1532,1.3727,4.0000,0.1821,1.3899,15.3471,0.2031,3.0000,0.0000,0.0000,0,20.1133,725.5931,962.9182,844.2557,118.6625,0.0000,0.0000,725.5931,962.9182
49.457,1,1,heuristic,9.7350,94.8047,1.1882,1.3106,2.7436,3.0405,-0.1675,1.3727,4.0000,0.1821,1.3899,15.3471,0.1961,3.0000,0.0000,0.0000,0,20.1133,659.3706,992.4380,825.9043,166.5337,0.0000,0.0000,659.3706,992.4380
49.507,1,1,heuristic,9.7999,94.9378,1.1952,1.3189,2.7493,3.0493,-0.1615,1.3767,4.0000,0.1398,1.3899,15.1958,0.1885,3.0000,0.0000,0.0000,0,20.1133,686.6039,990.5937,838.5988,151.9949,0.0000,0.0000,686.6039,990.5937
49.557,1,1,heuristic,9.8688,95.0790,1.2068,1.3204,2.7426,3.0439,-0.1720,1.3805,4.0000,0.0999,1.3899,15.0529,0.1853,3.0000,0.0000,0.0000,0,20.1133,697.5678,986.5998,842.0838,144.5160,0.0000,0.0000,697.5678,986.5998
49.607,1,1,heuristic,9.9340,95.2122,1.2162,1.3277,2.7491,3.0529,0.6640,1.3845,4.0000,0.0574,1.3899,14.9014,0.1776,3.0000,0.0000,0.0000,0,20.1133,664.9158,991.8052,828.3605,163.4447,0.0000,0.0000,664.9158,991.8052
49.657,1,1,heuristic,9.9340,95.2122,1.2234,1.3277,2.7491,3.0529,0.6635,1.3883,4.0000,0.0173,1.3899,14.7585,0.1720,3.0000,0.0000,0.0000,0,20.1133,678.4839,987.3438,832.9138,154.4299,0.0000,0.0000,678.4839,987.3438
49.707,1,1,heuristic,10.0032,95.3536,1.2355,1.3284,2.7431,3.0478,0.6615,1.3883,4.0000,0.0173,1.3899,14.7585,0.1648,3.0000,0.0000,0.0000,0,20.1133,753.2815,985.7250,869.5033,116.2218,0.0000,0.0000,753.2815,985.7250
49.757,1,1,heuristic,10.0685,95.4869,1.2404,1.3348,2.7501,3.0569,0.6595,1.3923,4.0000,-0.0253,1.3899,14.6070,0.1568,3.0000,0.0000,0.0000,0,20.1133,754.3018,985.6070,869.9544,115.6526,0.0000,0.0000,754.3018,985.6070
49.807,1,1,heuristic,10.1378,95.6287,1.2528,1.3342,2.7453,3.0524,-0.1608,1.3961,4.0000,-0.0656,1.3899,14.4642,0.1557,3.0000,0.0000,0.0000,0,20.1133,774.6120,982.8827,878.7473,104.1354,0.0000,0.0000,774.6120,982.8827
49.857,1,1,heuristic,10.2029,95.7627,1.2653,1.3390,2.7548,3.0630,-0.1522,1.4001,4.0000,-0.1082,1.3899,14.3125,0.1473,3.0000,0.0000,0.0000,0,20.1133,784.4696,966.6282,875.5489,91.0793,0.0000,0.0000,784.4696,966.6282
49.907,1,1,heuristic,10.2029,95.7627,1.2702,1.3390,2.7548,3.0630,-0.1630,1.4039,4.0000,-0.1482,1.3899,14.1693,0.1386,3.0000,0.0000,0.0000,0,20.1133,733.2255,992.9447,863.0851,129.8596,0.0000,0.0000,733.2255,992.9447
49.957,1,1,heuristic,10.2719,95.9055,1.2827,1.3362,2.7528,3.0600,0.6678,1.4039,4.0000,-0.1482,1.3899,14.1693,0.1337,3.0000,0.0000,0.0000,0,20.1133,763.7541,993.7395,878.7468,114.9927,0.0000,0.0000,763.7541,993.7395
50.007,1,1,heuristic,10.3366,96.0403,1.2901,1.3385,2.7641,3.0712,-0.1668,1.4079,4.0000,-0.1903,1.3899,14.0170,0.1252,3.0000,0.0000,0.0000,0,20.1133,731.6735,990.5013,861.0874,129.4139,0.0000,0.0000,731.6735,990.5013
50.057,1,1,heuristic,10.3366,96.0403,1.2973,1.3385,2.7641,3.0712,-0.1723,1.4116,4.0000,-0.2297,1.3899,13.8734,0.1215,3.0000,0.0000,0.0000,0,20.1133,711.2984,991.0583,851.1784,139.8800,0.0000,0.0000,711.2984,991.0583
50.107,1,1,heuristic,10.4049,96.1837,1.3099,1.3336,2.7629,3.0680,-0.1608,1.4116,4.0000,-0.2297,1.3899,13.8734,0.1142,3.0000,0.0000,0.0000,0,20.1133,705.4877,998.3916,851.9397,146.4520,0.0000,0.0000,705.4877,998.3916
50.157,1,1,heuristic,10.4690,96.3192,1.3199,1.3339,2.7746,3.0786,0.6823,1.4155,4.0000,-0.2711,1.3899,13.7208,0.1056,3.0000,0.0000,0.0000,0,20.1133,795.6588,992.1328,893.8958,98.2370,0.0000,0.0000,795.6588,992.1328
50.207,1,1,heuristic,10.5366,96.4631,1.3298,1.3272,2.7733,3.0745,-0.1730,1.4191,4.0000,-0.3098,1.3899,13.5769,0.0992,3.0000,0.0000,0.0000,0,20.1133,827.3320,979.0364,903.1842,75.8522,0.0000,0.0000,827.3320,979.0364
50.257,1,1,heuristic,10.5999,96.5994,1.3399,1.3258,2.7865,3.0858,0.6823,1.4229,4.0000,-0.3504,1.3899,13.4242,0.0931,3.0000,0.0000,0.0000,0,20.1133,840.0430,976.8753,908.4592,68.4162,0.0000,0.0000,840.0430,976.8753
50.307,1,1,heuristic,10.5999,96.5994,1.3499,1.3258,2.7865,3.0858,-0.1792,1.4264,4.0000,-0.3882,1.3899,13.2798,0.0865,3.0000,0.0000,0.0000,0,20.1133,763.0051,996.0895,879.5473,116.5422,0.0000,0.0000,763.0051,996.0895
50.357,1,1,heuristic,10.6666,96.7450,1.3623,1.3171,2.7891,3.0845,0.6698,1.4264,4.0000,-0.3882,1.3899,13.2798,0.0766,3.0000,0.0000,0.0000,0,20.1133,766.0232,984.2256,875.1244,109.1012,0.0000,0.0000,766.0232,984.2256
50.407,1,1,heuristic,10.7289,96.8831,1.3695,1.3133,2.8068,3.0988,-0.1827,1.4301,4.0000,-0.4276,1.3899,13.1259,0.0679,3.0000,0.0000,0.0000,0,20.1133,743.5381,990.4139,866.9760,123.4379,0.0000,0.0000,743.5381,990.4139
50.457,1,1,heuristic,10.7945,97.0303,1.3818,1.3028,2.8118,3.0989,0.6623,1.4335,4.0000,-0.4641,1.3899,12.9801,0.0639,3.0000,0.0000,0.0000,0,20.1133,796.0965,990.2747,893.1856,97.0891,0.0000,0.0000,796.0965,990.2747
50.507,1,1,heuristic,10.8557,97.1697,1.3890,1.2974,2.8303,3.1135,-0.1963,1.4370,4.0000,-0.5021,1.3899,12.8250,0.0553,3.0000,0.0000,0.0000,0,20.1133,883.7890,987.0366,935.4128,51.6238,0.0000,0.0000,883.7890,987.0366
50.557,1,1,heuristic,10.8557,97.1697,1.3987,1.2974,2.8303,3.1135,0.6797,1.4402,4.0000,-0.5372,1.3899,12.6784,0.0512,3.0000,0.0000,0.0000,0,20.1133,895.8478,973.1906,934.5192,38.6714,0.0000,0.0000,895.8478,973.1906
50.607,1,1,heuristic,10.9798,97.4602,1.4130,1.2772,2.8593,3.1316,0.6780,1.4402,4.0000,-0.5372,1.3899,12.6784,0.0415,3.0000,0.0000,0.0000,0,20.1133,888.5029,991.6992,940.1010,51.5981,0.0000,0.0000,888.5029,991.6992
50.657,1,1,heuristic,10.9798,97.4602,1.4178,1.2772,2.8593,3.1316,0.6628,1.4466,4.0000,-0.6070,1.3899,12.3739,0.0336,3.0000,0.0000,0.0000,0,20.1133,853.2158,986.0333,919.6246,66.4087,0.0000,0.0000,853.2158,986.0333
50.708,1,1,heuristic,11.0422,97.6118,1.4293,1.2620,2.8706,3.1357,-0.2288,1.4466,4.0000,-0.6070,1.3899,12.3739,0.0288,3.0000,0.0000,0.0000,0,20.1133,922.7313,974.3905,948.5609,25.8296,0.0000,0.0000,922.7313,974.3905
50.757,1,1,heuristic,11.1002,97.7558,1.4361,1.2512,2.8964,3.1551,0.6550,1.4497,4.0000,-0.6412,1.3899,12.2155,0.0205,3.0000,0.0000,0.0000,0,20.1133,965.1822,975.1150,970.1486,4.9664,0.0000,0.0000,965.1822,975.1150
50.807,1,1,heuristic,11.1002,97.7558,1.4449,1.2512,2.8964,3.1551,-0.2290,1.4525,4.0000,-0.6723,1.3899,12.0653,0.0164,3.0000,0.0000,0.0000,0,20.1133,902.5396,996.6365,949.5881,47.0484,0.0000,0.0000,902.5396,996.6365
50.857,1,1,heuristic,11.1607,97.9098,1.4556,1.2333,2.9096,3.1602,0.6475,1.4525,4.0000,-0.6723,1.3899,12.0653,0.0076,3.0000,0.0000,0.0000,0,20.1133,862.8415,990.4810,926.6612,63.8197,0.0000,0.0000,862.8415,990.4810
50.907,1,1,heuristic,11.2165,98.0562,1.4618,1.2195,2.9378,3.1808,-0.2525,1.4554,4.0000,-0.7040,1.3899,11.9050,-0.0003,3.0000,0.0000,0.0000,0,20.1133,846.5938,978.5339,912.5639,65.9700,0.0000,0.0000,846.5938,978.5339
50.957,1,1,heuristic,11.2747,98.2126,1.4720,1.1993,2.9515,3.1858,0.6550,1.4578,4.0000,-0.7327,1.3899,11.7530,-0.0040,3.0000,0.0000,0.0000,0,20.1133,886.3352,989.8922,938.1137,51.7785,0.0000,0.0000,886.3352,989.8922
51.007,1,1,heuristic,11.3285,98.3605,1.4799,1.1838,2.9777,3.2044,-0.2662,1.4605,4.0000,-0.7618,1.3899,11.5909,-0.0115,3.0000,0.0000,0.0000,0,20.1133,950.4616,983.8413,967.1515,16.6899,0.0000,0.0000,950.4616,983.8413
51.057,1,1,heuristic,11.3845,98.5183,1.4896,1.1624,2.9889,3.2070,-0.2757,1.4627,4.0000,-0.7881,1.3899,11.4378,-0.0172,3.0000,0.0000,0.0000,0,20.1133,932.9380,976.5075,954.7228,21.7848,0.0000,0.0000,932.9380,976.5075
51.107,1,1,heuristic,11.4361,98.6679,1.4972,1.1450,3.0145,3.2246,0.6370,1.4651,4.0000,-0.8148,1.3899,11.2749,-0.0245,3.0000,0.0000,0.0000,0,20.1133,861.8764,991.9247,926.9006,65.0241,0.0000,0.0000,861.8764,991.9247
51.157,1,1,heuristic,11.4361,98.6679,1.5046,1.1450,3.0145,3.2246,-0.2875,1.4672,4.0000,-0.8387,1.3899,11.1206,-0.0300,3.0000,0.0000,0.0000,0,20.1133,931.7342,966.0462,948.8902,17.1560,0.0000,0.0000,931.7342,966.0462
51.207,1,1,heuristic,11.5389,98.9781,1.5154,1.1028,3.0479,3.2413,0.6275,1.4672,4.0000,-0.8387,1.3899,11.1206,-0.0375,3.0000,0.0000,0.0000,0,20.1133,902.4825,995.7182,949.1003,46.6179,0.0000,0.0000,902.4825,995.7182
51.257,1,1,heuristic,11.5389,98.9781,1.5189,1.1028,3.0479,3.2413,-0.2928,1.4711,4.0000,-0.8840,1.3899,10.8016,-0.0443,3.0000,0.0000,0.0000,0,20.1133,939.4533,966.5728,953.0131,13.5597,0.0000,0.0000,939.4533,966.5728
51.307,1,1,heuristic,11.5899,99.1385,1.5293,1.0784,3.0553,3.2400,0.6285,1.4711,4.0000,-0.8840,1.3899,10.8016,-0.0478,3.0000,0.0000,0.0000,0,20.1133,939.4533,966.5728,953.0131,13.5597,0.0000,0.0000,939.4533,966.5728
51.357,1,1,heuristic,11.6368,99.2902,1.5360,1.0579,3.0763,3.2531,-0.3065,1.4731,4.0000,-0.9053,1.3899,10.6369,-0.0562,3.0000,0.0000,0.0000,0,20.1133,946.5409,987.2407,966.8908,20.3499,0.0000,0.0000,946.5409,987.2407
51.407,1,1,heuristic,11.6851,99.4516,1.5441,1.0321,3.0820,3.2502,0.6338,1.4746,4.0000,-0.9241,1.3899,10.4815,-0.0613,3.0000,0.0000,0.0000,0,20.1133,967.9390,960.2355,964.0873,-3.8517,0.0000,0.0000,967.9390,960.2355
51.457,1,1,heuristic,11.7293,99.6043,1.5488,1.0100,3.1019,3.2622,-0.3252,1.4764,4.0000,-0.9425,1.3899,10.3163,-0.0678,3.0000,0.0000,0.0000,0,20.1133,966.7873,962.5312,964.6592,-2.1280,0.0000,0.0000,966.7873,962.5312
51.508,1,1,heuristic,11.7748,99.7669,1.5565,0.9830,3.1069,3.2586,0.6432,1.4777,4.0000,-0.9586,1.3899,10.1603,-0.0711,3.0000,0.0000,0.0000,0,20.1133,969.6196,942.8110,956.2153,-13.4043,0.0000,0.0000,969.6196,942.8110
51.557,1,1,heuristic,11.8164,99.9206,1.5637,0.9595,3.1258,3.2697,0.6063,1.4791,4.0000,-0.9741,1.3899,9.9945,-0.0773,3.0000,0.0000,0.0000,0,20.1133,934.9589,962.9083,948.9336,13.9747,0.0000,0.0000,934.9589,962.9083
51.607,1,1,heuristic,11.8164,99.9206,1.5693,0.9595,3.1258,3.2697,-0.3427,1.4802,4.0000,-0.9873,1.3899,9.8379,-0.0835,3.0000,0.0000,0.0000,0,20.1133,959.6296,951.2304,955.4300,-4.1996,0.0000,0.0000,959.6296,951.2304
51.657,1,1,heuristic,11.8590,100.0840,1.5733,0.9317,3.1289,3.2647,-0.3543,1.4802,4.0000,-0.9873,1.3899,9.8379,-0.0891,3.0000,0.0000,0.0000,0,20.1133,961.8328,976.7651,969.2989,7.4661,0.0000,0.0000,961.8328,976.7651
51.707,1,1,heuristic,11.8979,100.2382,1.5772,0.9075,3.1460,3.2743,0.6158,1.4814,4.0000,-0.9999,1.3899,9.6717,-0.0919,3.0000,0.0000,0.0000,0,20.1133,935.4229,989.3197,962.3713,26.9484,0.0000,0.0000,935.4229,989.3197
51.757,1,1,heuristic,11.8979,100.2382,1.5822,0.9075,3.1460,3.2743,-0.3603,1.4823,4.0000,-1.0104,1.3899,9.5149,-0.0950,3.0000,0.0000,0.0000,0,20.1133,985.3207,956.2654,970.7930,-14.5277,0.0000,0.0000,985.3207,956.2654
51.807,1,1,heuristic,11.9743,100.5576,1.5895,0.8553,3.1650,3.2786,-0.3743,1.4823,4.0000,-1.0104,1.3899,9.5149,-0.1000,3.0000,0.0000,0.0000,0,20.1133,986.2363,986.2079,986.2221,-0.0142,0.0000,0.0000,986.2363,986.2079
51.857,1,1,heuristic,11.9743,100.5576,1.5941,0.8553,3.1650,3.2786,0.6073,1.4838,4.0000,-1.0281,1.3899,9.1910,-0.1057,3.0000,0.0000,0.0000,0,20.1133,986.2363,986.2079,986.2221,-0.0142,0.0000,0.0000,986.2363,986.2079
51.907,1,1,heuristic,12.0115,100.7227,1.5986,0.8273,3.1671,3.2734,-0.3770,1.4838,4.0000,-1.0281,1.3899,9.1910,-0.1103,3.0000,0.0000,0.0000,0,20.1133,972.8513,976.6001,974.7257,1.8744,0.0000,0.0000,972.8513,976.6001
51.957,1,1,heuristic,12.0453,100.8789,1.6019,0.8027,3.1845,3.2841,-0.3818,1.4845,4.0000,-1.0349,1.3899,9.0237,-0.1141,3.0000,0.0000,0.0000,0,20.1133,979.0774,958.3489,968.7131,-10.3643,0.0000,0.0000,979.0774,958.3489
52.007,1,1,heuristic,12.0798,101.0451,1.6084,0.7749,3.1869,3.2798,0.5913,1.4848,4.0000,-1.0401,1.3899,8.8657,-0.1171,3.0000,0.0000,0.0000,0,20.1133,961.4572,960.4444,960.9508,-0.5064,0.0000,0.0000,961.4572,960.4444
52.057,1,1,heuristic,12.1111,101.2021,1.6111,0.7502,3.2035,3.2902,0.5938,1.4852,4.0000,-1.0441,1.3899,8.6976,-0.1231,3.0000,0.0000,0.0000,0,20.1133,967.8325,952.7270,960.2797,-7.5528,0.0000,0.0000,967.8325,952.7270
52.107,1,1,heuristic,12.1111,101.2021,1.6141,0.7502,3.2035,3.2902,0.5865,1.4853,4.0000,-1.0467,1.3899,8.5391,-0.1258,3.0000,0.0000,0.0000,0,20.1133,967.8325,952.7270,960.2797,-7.5528,0.0000,0.0000,967.8325,952.7270
52.157,1,1,heuristic,12.1429,101.3688,1.6187,0.7227,3.2041,3.2846,0.5920,1.4853,4.0000,-1.0467,1.3899,8.5391,-0.1287,3.0000,0.0000,0.0000,0,20.1133,968.1369,920.8189,944.4779,-23.6590,0.0000,0.0000,968.1369,920.8189
52.207,1,1,heuristic,12.1717,101.5261,1.6222,0.6983,3.2186,3.2935,-0.4170,1.4855,4.0000,-1.0480,1.3899,8.3708,-0.1331,3.0000,0.0000,0.0000,0,20.1133,963.5647,912.0902,937.8274,-25.7372,0.0000,0.0000,963.5647,912.0902
52.257,1,1,heuristic,12.2010,101.6930,1.6256,0.6713,3.2169,3.2861,0.5887,1.4854,4.0000,-1.0481,1.3899,8.2122,-0.1368,3.0000,0.0000,0.0000,0,20.1133,977.3112,889.3881,933.3496,-43.9616,0.0000,0.0000,977.3112,889.3881
52.307,1,1,heuristic,12.2274,101.8502,1.6303,0.6470,3.2286,3.2928,-0.4458,1.4854,4.0000,-1.0469,1.3899,8.0440,-0.1402,3.0000,0.0000,0.0000,0,20.1133,970.7459,860.7329,915.7394,-55.0065,0.0000,0.0000,970.7459,860.7329
52.357,1,1,heuristic,12.2541,102.0168,1.6333,0.6202,3.2236,3.2827,0.5690,1.4851,4.0000,-1.0445,1.3899,7.8857,-0.1452,3.0000,0.0000,0.0000,0,20.1133,978.5589,901.0217,939.7903,-38.7686,0.0000,0.0000,978.5589,901.0217
52.407,1,1,heuristic,12.2780,102.1735,1.6365,0.5958,3.2318,3.2863,-0.4693,1.4849,4.0000,-1.0408,1.3899,7.7180,-0.1484,3.0000,0.0000,0.0000,0,20.1133,973.5962,920.7163,947.1563,-26.4399,0.0000,0.0000,973.5962,920.7163
52.457,1,1,heuristic,12.3021,102.3395,1.6388,0.5692,3.2241,3.2739,0.5725,1.4844,4.0000,-1.0361,1.3899,7.5604,-0.1521,3.0000,0.0000,0.0000,0,20.1133,960.4403,896.1728,928.3065,-32.1337,0.0000,0.0000,960.4403,896.1728
52.507,1,1,heuristic,12.3237,102.4959,1.6414,0.5453,3.2309,3.2766,0.5557,1.4840,4.0000,-1.0300,1.3899,7.3935,-0.1548,3.0000,0.0000,0.0000,0,20.1133,982.6722,879.3890,931.0306,-51.6416,0.0000,0.0000,982.6722,879.3890
52.557,1,1,heuristic,12.3237,102.4959,1.6433,0.5453,3.2309,3.2766,-0.4825,1.4834,4.0000,-1.0231,1.3899,7.2363,-0.1580,3.0000,0.0000,0.0000,0,20.1133,982.6722,879.3890,931.0306,-51.6416,0.0000,0.0000,982.6722,879.3890
52.607,1,1,heuristic,12.3647,102.8176,1.6457,0.4965,3.2273,3.2653,0.5393,1.4834,4.0000,-1.0231,1.3899,7.2363,-0.1599,3.0000,0.0000,0.0000,0,20.1133,972.4458,907.4543,939.9501,-32.4958,0.0000,0.0000,972.4458,907.4543
52.657,1,1,heuristic,12.3647,102.8176,1.6469,0.4965,3.2273,3.2653,0.5475,1.4819,4.0000,-1.0056,1.3899,6.9134,-0.1637,3.0000,0.0000,0.0000,0,20.1133,985.1466,900.8578,943.0022,-42.1444,0.0000,0.0000,985.1466,900.8578
52.707,1,1,heuristic,12.3841,102.9828,1.6476,0.4718,3.2176,3.2520,-0.4978,1.4819,4.0000,-1.0056,1.3899,6.9134,-0.1650,3.0000,0.0000,0.0000,0,20.1133,985.6763,815.9307,900.8035,-84.8728,0.0000,0.0000,985.6763,815.9307
52.757,1,1,heuristic,12.4014,103.1386,1.6490,0.4494,3.2230,3.2542,-0.5168,1.4811,4.0000,-0.9949,1.3899,6.7476,-0.1664,3.0000,0.0000,0.0000,0,20.1133,967.2195,900.9524,934.0859,-33.1336,0.0000,0.0000,967.2195,900.9524
52.807,1,1,heuristic,12.4186,103.3036,1.6497,0.4255,3.2130,3.2410,0.5413,1.4801,4.0000,-0.9839,1.3899,6.5914,-0.1689,3.0000,0.0000,0.0000,0,20.1133,965.4304,961.8212,963.6258,-1.8046,0.0000,0.0000,965.4304,961.8212
52.857,1,1,heuristic,12.4338,103.4590,1.6502,0.4040,3.2180,3.2433,-0.5228,1.4791,4.0000,-0.9711,1.3899,6.4259,-0.1707,3.0000,0.0000,0.0000,0,20.1133,965.4304,961.8212,963.6258,-1.8046,0.0000,0.0000,965.4304,961.8212
52.907,1,1,heuristic,12.4338,103.4590,1.6504,0.4040,3.2180,3.2433,0.5447,1.4779,4.0000,-0.9582,1.3899,6.2701,-0.1723,3.0000,0.0000,0.0000,0,20.1133,950.5839,922.5343,936.5591,-14.0248,0.0000,0.0000,950.5839,922.5343
52.957,1,1,heuristic,12.4491,103.6242,1.6511,0.3820,3.2098,3.2325,0.5443,1.4779,4.0000,-0.9582,1.3899,6.2701,-0.1725,3.0000,0.0000,0.0000,0,20.1133,977.8167,932.5162,955.1664,-22.6503,0.0000,0.0000,977.8167,932.5162
53.007,1,1,heuristic,12.4628,103.7801,1.6510,0.3625,3.2173,3.2377,0.5340,1.4767,4.0000,-0.9435,1.3899,6.1046,-0.1744,3.0000,0.0000,0.0000,0,20.1133,983.3618,883.4320,933.3969,-49.9649,0.0000,0.0000,983.3618,883.4320
53.057,1,1,heuristic,12.4628,103.7801,1.6512,0.3625,3.2173,3.2377,-0.5557,1.4753,4.0000,-0.9289,1.3899,5.9484,-0.1757,3.0000,0.0000,0.0000,0,20.1133,964.8900,835.3917,900.1408,-64.7491,0.0000,0.0000,964.8900,835.3917
53.108,1,1,heuristic,12.4764,103.9456,1.6511,0.3424,3.2104,3.2286,-0.5415,1.4753,4.0000,-0.9289,1.3899,5.9484,-0.1760,3.0000,0.0000,0.0000,0,20.1133,964.6405,863.4911,914.0658,-50.5747,0.0000,0.0000,964.6405,863.4911
53.157,1,1,heuristic,12.4884,104.1014,1.6513,0.3239,3.2177,3.2340,-0.5282,1.4739,4.0000,-0.9125,1.3899,5.7827,-0.1772,3.0000,0.0000,0.0000,0,20.1133,964.6405,863.4911,914.0658,-50.5747,0.0000,0.0000,964.6405,863.4911
53.207,1,1,heuristic,12.5002,104.2665,1.6511,0.3045,3.2089,3.2233,0.5533,1.4723,4.0000,-0.8963,1.3899,5.6266,-0.1790,3.0000,0.0000,0.0000,0,20.1133,957.4296,912.3792,934.9044,-22.5252,0.0000,0.0000,957.4296,912.3792
53.257,1,1,heuristic,12.5106,104.4218,1.6508,0.2868,3.2143,3.2271,-0.5587,1.4708,4.0000,-0.8782,1.3899,5.4613,-0.1803,3.0000,0.0000,0.0000,0,20.1133,948.2629,884.6055,916.4342,-31.8287,0.0000,0.0000,948.2629,884.6055
53.307,1,1,heuristic,12.5106,104.4218,1.6504,0.2868,3.2143,3.2271,-0.5600,1.4691,4.0000,-0.8604,1.3899,5.3058,-0.1816,3.0000,0.0000,0.0000,0,20.1133,952.5270,836.6573,894.5922,-57.9348,0.0000,0.0000,952.5270,836.6573
53.357,1,1,heuristic,12.5208,104.5864,1.6496,0.2687,3.2047,3.2159,-0.5805,1.4691,4.0000,-0.8604,1.3899,5.3058,-0.1812,3.0000,0.0000,0.0000,0,20.1133,978.0495,910.6943,944.3719,-33.6776,0.0000,0.0000,978.0495,910.6943
53.407,1,1,heuristic,12.5297,104.7413,1.6491,0.2522,3.2090,3.2189,-0.5745,1.4674,4.0000,-0.8409,1.3899,5.1410,-0.1822,3.0000,0.0000,0.0000,0,20.1133,968.5114,936.7566,952.6340,-15.8774,0.0000,0.0000,968.5114,936.7566
53.457,1,1,heuristic,12.5385,104.9054,1.6480,0.2355,3.1983,3.2070,-0.5813,1.4657,3.9888,-0.8218,1.3899,4.9861,-0.1834,3.0000,0.0000,0.0000,0,20.1133,967.2235,938.1124,952.6679,-14.5556,0.0000,0.0000,967.2235,938.1124
53.507,1,1,heuristic,12.5462,105.0602,1.6471,0.2204,3.2035,3.2111,0.5363,1.4639,3.8575,-0.8009,1.3899,4.8219,-0.1842,3.0000,0.0000,0.0000,0,20.1133,969.4515,942.1779,955.8147,-13.6368,0.0000,0.0000,969.4515,942.1779
53.557,1,1,heuristic,12.5462,105.0602,1.6464,0.2204,3.2035,3.2111,0.5535,1.4620,3.7336,-0.7806,1.3899,4.6670,-0.1851,3.0000,0.0000,0.0000,0,20.1133,973.2004,917.5602,945.3803,-27.8201,0.0000,0.0000,973.2004,917.5602
53.607,1,1,heuristic,12.5538,105.2245,1.6451,0.2055,3.1948,3.2014,0.5477,1.4620,3.7336,-0.7806,1.3899,4.6670,-0.1844,3.0000,0.0000,0.0000,0,20.1133,977.7287,888.3377,933.0332,-44.6955,0.0000,0.0000,977.7287,888.3377
53.657,1,1,heuristic,12.5604,105.3794,1.6444,0.1922,3.2012,3.2070,0.5308,1.4600,3.6021,-0.7585,1.3899,4.5026,-0.1851,3.0000,0.0000,0.0000,0,20.1133,976.0883,885.2908,930.6896,-45.3987,0.0000,0.0000,976.0883,885.2908
53.707,1,1,heuristic,12.5669,105.5436,1.6431,0.1787,3.1926,3.1976,0.5400,1.4580,3.4781,-0.7372,1.3899,4.3476,-0.1864,3.0000,0.0000,0.0000,0,20.1133,973.4120,842.6326,908.0223,-65.3897,0.0000,0.0000,973.4120,842.6326
53.757,1,1,heuristic,12.5725,105.6982,1.6420,0.1662,3.1983,3.2026,-0.6023,1.4560,3.3467,-0.7141,1.3899,4.1834,-0.1871,3.0000,0.0000,0.0000,0,20.1133,954.3488,761.9274,858.1381,-96.2107,0.0000,0.0000,954.3488,761.9274
53.807,1,1,heuristic,12.5725,105.6982,1.6410,0.1662,3.1983,3.2026,-0.5905,1.4539,3.2230,-0.6917,1.3899,4.0287,-0.1881,3.0000,0.0000,0.0000,0,20.1133,927.9856,700.3048,814.1452,-113.8404,0.0000,0.0000,927.9856,700.3048
53.857,1,1,heuristic,12.5777,105.8617,1.6393,0.1532,3.1875,3.1912,-0.6180,1.4539,3.2230,-0.6917,1.3899,4.0287,-0.1872,3.0000,0.0000,0.0000,0,20.1133,927.9856,700.3048,814.1452,-113.8404,0.0000,0.0000,927.9856,700.3048
53.907,1,1,heuristic,12.5820,106.0149,1.6379,0.1405,3.1882,3.1913,-0.6168,1.4517,3.0921,-0.6675,1.3899,3.8652,-0.1875,3.0000,0.0000,0.0000,0,20.1133,900.2420,797.1070,848.6745,-51.5675,0.0000,0.0000,900.2420,797.1070
53.957,1,1,heuristic,12.5859,106.1762,1.6354,0.1273,3.1709,3.1735,-0.6248,1.4496,2.9696,-0.6442,1.3899,3.7120,-0.1884,3.0000,0.0000,0.0000,0,20.1133,900.2420,797.1070,848.6745,-51.5675,0.0000,0.0000,900.2420,797.1070
54.007,1,1,heuristic,12.5891,106.3275,1.6331,0.1150,3.1672,3.1692,0.5008,1.4474,2.8405,-0.6190,1.3899,3.5507,-0.1881,3.0000,0.0000,0.0000,0,20.1133,940.5547,843.3363,891.9455,-48.6092,0.0000,0.0000,940.5547,843.3363
54.057,1,1,heuristic,12.5891,106.3275,1.6307,0.1150,3.1672,3.1692,-0.6422,1.4452,2.7195,-0.5949,1.3899,3.3994,-0.1879,3.0000,0.0000,0.0000,0,20.1133,932.9872,831.0766,882.0319,-50.9553,0.0000,0.0000,932.9872,831.0766
54.107,1,1,heuristic,12.5920,106.4874,1.6280,0.1033,3.1490,3.1507,0.5115,1.4452,2.7195,-0.5949,1.3899,3.3994,-0.1855,3.0000,0.0000,0.0000,0,20.1133,932.9872,831.0766,882.0319,-50.9553,0.0000,0.0000,932.9872,831.0766
54.157,1,1,heuristic,12.5944,106.6379,1.6253,0.0927,3.1463,3.1476,-0.6600,1.4429,2.5915,-0.5690,1.3899,3.2394,-0.1851,3.0000,0.0000,0.0000,0,20.1133,893.4342,773.6284,833.5313,-59.9029,0.0000,0.0000,893.4342,773.6284
54.207,1,1,heuristic,12.5966,106.7972,1.6215,0.0825,3.1297,3.1308,-0.6380,1.4406,2.4711,-0.5443,1.3899,3.0889,-0.1847,3.0000,0.0000,0.0000,0,20.1133,907.6290,748.7836,828.2063,-79.4227,0.0000,0.0000,907.6290,748.7836
54.257,1,1,heuristic,12.5984,106.9467,1.6196,0.0733,3.1265,3.1273,-0.6490,1.4386,3.8886,-0.5166,1.3903,22.3326,-0.1829,3.0000,0.0000,0.0000,0,19.4429,907.6290,748.7836,828.2063,-79.4227,0.0000,0.0000,907.6290,748.7836
54.307,1,1,heuristic,12.5984,106.9467,1.6166,0.0733,3.1265,3.1273,0.5028,1.4362,3.8886,-0.4915,1.3903,22.1847,-0.1834,3.0000,0.0000,0.0000,0,19.4429,850.3521,740.0966,795.2243,-55.1277,0.0000,0.0000,850.3521,740.0966
54.357,1,1,heuristic,12.5998,107.1044,1.6134,0.0644,3.1076,3.1083,-0.6755,1.4362,3.8886,-0.4915,1.3903,22.1847,-0.1803,3.0000,0.0000,0.0000,0,19.4429,882.6086,724.7360,803.6723,-78.9363,0.0000,0.0000,882.6086,724.7360
54.407,1,1,heuristic,12.6009,107.2521,1.6118,0.0561,3.1017,3.1022,-0.6690,1.4339,3.8886,-0.4647,1.3903,22.0288,-0.1796,3.0000,0.0000,0.0000,0,19.4429,881.1476,825.8395,853.4935,-27.6540,0.0000,0.0000,881.1476,825.8395
54.457,1,1,heuristic,12.6009,107.2521,1.6085,0.0561,3.1017,3.1022,0.5052,1.4315,3.8886,-0.4392,1.3903,21.8827,-0.1803,3.0000,0.0000,0.0000,0,19.4429,915.6938,871.7707,893.7323,-21.9615,0.0000,0.0000,915.6938,871.7707
54.507,1,1,heuristic,12.6018,107.4080,1.6033,0.0483,3.0809,3.0813,0.5175,1.4315,3.8886,-0.4392,1.3903,21.8827,-0.1769,3.0000,0.0000,0.0000,0,19.4429,874.4164,779.4211,826.9188,-47.4976,0.0000,0.0000,874.4164,779.4211
54.557,1,1,heuristic,12.6026,107.5547,1.6016,0.0417,3.0760,3.0763,0.5152,1.4291,3.8886,-0.4121,1.3903,21.7287,-0.1742,3.0000,0.0000,0.0000,0,19.4429,953.4370,741.1043,847.2707,-106.1663,0.0000,0.0000,953.4370,741.1043
54.607,1,1,heuristic,12.6032,107.7101,1.5973,0.0357,3.0583,3.0585,-0.6893,1.4267,3.8886,-0.3865,1.3903,21.5838,-0.1749,3.0000,0.0000,0.0000,0,19.4429,953.4370,741.1043,847.2707,-106.1663,0.0000,0.0000,953.4370,741.1043
54.657,1,1,heuristic,12.6035,107.8561,1.5947,0.0298,3.0553,3.0554,0.5000,1.4242,3.8886,-0.3592,1.3903,21.4304,-0.1730,3.0000,0.0000,0.0000,0,19.4429,988.0067,782.7893,885.3980,-102.6087,0.0000,0.0000,988.0067,782.7893
54.707,1,1,heuristic,12.6035,107.8561,1.5910,0.0298,3.0553,3.0554,-0.6947,1.4218,3.8886,-0.3333,1.3903,21.2863,-0.1729,3.0000,0.0000,0.0000,0,19.4429,987.8070,734.5087,861.1578,-126.6491,0.0000,0.0000,987.8070,734.5087
54.757,1,1,heuristic,12.6034,108.0110,1.5871,0.0235,3.0398,3.0399,0.4995,1.4218,3.8886,-0.3333,1.3903,21.2863,-0.1692,3.0000,0.0000,0.0000,0,19.4429,992.7410,692.3508,842.5459,-150.1951,0.0000,0.0000,992.7410,692.3508
54.807,1,1,heuristic,12.6030,108.1570,1.5829,0.0170,3.0404,3.0405,-0.7130,1.4192,3.8886,-0.3054,1.3903,21.1335,-0.1679,3.0000,0.0000,0.0000,0,19.4429,973.4159,698.3947,835.9053,-137.5106,0.0000,0.0000,973.4159,698.3947
54.857,1,1,heuristic,12.6020,108.3119,1.5785,0.0100,3.0280,3.0281,0.4993,1.4167,3.8886,-0.2788,1.3903,20.9896,-0.1663,3.0000,0.0000,0.0000,0,19.4429,978.4995,742.8874,860.6935,-117.8060,0.0000,0.0000,978.4995,742.8874
54.907,1,1,heuristic,12.6007,108.4577,1.5737,0.0027,3.0300,3.0300,-0.7335,1.4140,3.8886,-0.2501,1.3903,20.8370,-0.1645,3.0000,0.0000,0.0000,0,19.4429,996.3092,818.3467,907.3280,-88.9813,0.0000,0.0000,996.3092,818.3467
54.957,1,1,heuristic,12.5991,108.6125,1.5673,-0.0043,3.0194,3.0194,0.4647,1.4114,3.8886,-0.2226,1.3903,20.6935,-0.1623,3.0000,0.0000,0.0000,0,19.4429,952.0266,803.6518,877.8392,-74.1874,0.0000,0.0000,952.0266,803.6518
55.007,1,1,heuristic,12.5973,108.7590,1.5604,-0.0106,3.0258,3.0259,0.4635,1.4086,3.8886,-0.1932,1.3903,20.5412,-0.1586,3.0000,0.0000,0.0000,0,19.4429,983.6925,754.5041,869.0983,-114.5942,0.0000,0.0000,983.6925,754.5041
55.057,1,1,heuristic,12.5973,108.7590,1.5561,-0.0106,3.0258,3.0259,0.4507,1.4060,3.8886,-0.1652,1.3903,20.3972,-0.1544,3.0000,0.0000,0.0000,0,19.4429,963.0516,719.7415,841.3965,-121.6550,0.0000,0.0000,963.0516,719.7415
55.107,1,1,heuristic,12.5954,108.9148,1.5488,-0.0159,3.0199,3.0200,0.4577,1.4060,3.8886,-0.1652,1.3903,20.3972,-0.1502,3.0000,0.0000,0.0000,0,19.4429,987.0391,704.0131,845.5261,-141.5130,0.0000,0.0000,987.0391,704.0131
55.157,1,1,heuristic,12.5935,109.0618,1.5428,-0.0208,3.0286,3.0286,-0.7858,1.4032,3.8886,-0.1353,1.3903,20.2441,-0.1457,3.0000,0.0000,0.0000,0,19.4429,977.2453,635.0945,806.1699,-171.0754,0.0000,0.0000,977.2453,635.0945
55.207,1,1,heuristic,12.5912,109.2178,1.5345,-0.0253,3.0226,3.0227,-0.7988,1.4004,3.8886,-0.1070,1.3903,20.0996,-0.1424,3.0000,0.0000,0.0000,0,19.4429,975.9307,683.3576,829.6442,-146.2865,0.0000,0.0000,975.9307,683.3576
55.257,1,1,heuristic,12.5888,109.3644,1.5299,-0.0302,3.0292,3.0293,-0.7905,1.3976,3.8886,-0.0768,1.3903,19.9465,-0.1369,3.0000,0.0000,0.0000,0,19.4429,979.2310,777.3612,878.2961,-100.9349,0.0000,0.0000,979.2310,777.3612
55.307,1,1,heuristic,12.5861,109.5198,1.5209,-0.0347,3.0210,3.0212,-0.8060,1.3949,3.8886,-0.0481,1.3903,19.8025,-0.1351,3.0000,0.0000,0.0000,0,19.4429,980.7850,818.8612,899.8231,-80.9619,0.0000,0.0000,980.7850,818.8612
55.357,1,1,heuristic,12.5836,109.6666,1.5121,-0.0383,3.0283,3.0285,-0.8488,1.3920,3.8886,-0.0175,1.3903,19.6501,-0.1289,3.0000,0.0000,0.0000,0,19.4429,990.7958,873.9294,932.3626,-58.4332,0.0000,0.0000,990.7958,873.9294
55.407,1,1,heuristic,12.5811,109.8229,1.5029,-0.0402,3.0237,3.0240,0.4495,1.3892,3.8886,0.0113,1.3903,19.5062,-0.1229,3.0000,0.0000,0.0000,0,19.4429,992.1648,957.5618,974.8633,-17.3015,0.0000,0.0000,992.1648,957.5618
55.457,1,1,heuristic,12.5791,109.9710,1.4935,-0.0404,3.0363,3.0365,0.4522,1.3863,3.8886,0.0418,1.3903,19.3529,-0.1165,3.0000,0.0000,0.0000,0,19.4429,985.4737,958.2742,971.8739,-13.5998,0.0000,0.0000,985.4737,958.2742
55.508,1,1,heuristic,12.5791,109.9710,1.4862,-0.0404,3.0363,3.0365,-0.7782,1.3836,3.8886,0.0703,1.3903,19.2076,-0.1099,3.0000,0.0000,0.0000,0,19.4429,999.2131,854.1039,926.6585,-72.5546,0.0000,0.0000,999.2131,854.1039
55.557,1,1,heuristic,12.5776,110.1294,1.4770,-0.0382,3.0383,3.0385,-0.7910,1.3836,3.8886,0.0703,1.3903,19.2076,-0.1026,3.0000,0.0000,0.0000,0,19.4429,990.1380,770.6772,880.4076,-109.7304,0.0000,0.0000,990.1380,770.6772
55.607,1,1,heuristic,12.5767,110.2797,1.4721,-0.0343,3.0567,3.0569,-0.7880,1.3808,3.8886,0.1003,1.3903,19.0522,-0.0962,3.0000,0.0000,0.0000,0,19.4429,991.3900,737.1789,864.2845,-127.1056,0.0000,0.0000,991.3900,737.1789
55.657,1,1,heuristic,12.5761,110.4395,1.4617,-0.0299,3.0601,3.0602,0.4657,1.3782,3.8886,0.1281,1.3903,18.9047,-0.0939,3.0000,0.0000,0.0000,0,19.4429,967.3448,827.4221,897.3835,-69.9613,0.0000,0.0000,967.3448,827.4221
55.707,1,1,heuristic,12.5756,110.5902,1.4546,-0.0257,3.0761,3.0762,-0.8050,1.3754,3.8886,0.1574,1.3903,18.7478,-0.0862,3.0000,0.0000,0.0000,0,19.4429,994.9975,882.2321,938.6148,-56.3827,0.0000,0.0000,994.9975,882.2321
55.757,1,1,heuristic,12.5755,110.7504,1.4457,-0.0212,3.0769,3.0770,0.4760,1.3729,3.8886,0.1849,1.3903,18.5999,-0.0817,3.0000,0.0000,0.0000,0,19.4429,980.4142,887.5602,933.9872,-46.4270,0.0000,0.0000,980.4142,887.5602
55.807,1,1,heuristic,12.5758,110.9021,1.4403,-0.0154,3.0935,3.0935,-0.7965,1.3702,3.8886,0.2138,1.3903,18.4427,-0.0755,3.0000,0.0000,0.0000,0,19.4429,992.1882,823.9896,908.0889,-84.0993,0.0000,0.0000,992.1882,823.9896
55.857,1,1,heuristic,12.5758,110.9021,1.4333,-0.0154,3.0935,3.0935,0.4632,1.3677,3.8886,0.2407,1.3903,18.2937,-0.0726,3.0000,0.0000,0.0000,0,19.4429,986.8203,901.2345,944.0274,-42.7929,0.0000,0.0000,986.8203,901.2345
55.907,1,1,heuristic,12.5768,111.0638,1.4244,-0.0084,3.0966,3.0966,-0.8135,1.3677,3.8886,0.2407,1.3903,18.2937,-0.0656,3.0000,0.0000,0.0000,0,19.4429,984.5361,892.4936,938.5148,-46.0213,0.0000,0.0000,984.5361,892.4936
55.957,1,1,heuristic,12.5783,111.2167,1.4157,-0.0006,3.1144,3.1144,-0.8157,1.3651,3.8886,0.2687,1.3903,18.1349,-0.0593,3.0000,0.0000,0.0000,0,19.4429,984.5361,892.4936,938.5148,-46.0213,0.0000,0.0000,984.5361,892.4936
56.007,1,1,heuristic,12.5806,111.3795,1.4088,0.0082,3.1180,3.1180,0.4695,1.3627,3.8886,0.2947,1.3903,17.9846,-0.0530,3.0000,0.0000,0.0000,0,19.4429,977.6448,881.4282,929.5365,-48.1083,0.0000,0.0000,977.6448,881.4282
56.057,1,1,heuristic,12.5834,111.5335,1.4037,0.0182,3.1358,3.1358,0.4953,1.3602,3.8886,0.3217,1.3903,17.8245,-0.0486,3.0000,0.0000,0.0000,0,19.4429,972.8443,947.6821,960.2632,-12.5811,0.0000,0.0000,972.8443,947.6821
56.107,1,1,heuristic,12.5871,111.6971,1.3953,0.0289,3.1381,3.1382,0.5080,1.3579,3.8886,0.3466,1.3903,17.6730,-0.0458,3.0000,0.0000,0.0000,0,19.4429,969.1483,979.8667,974.5075,5.3592,0.0000,0.0000,969.1483,979.8667
56.157,1,1,heuristic,12.5914,111.8518,1.3887,0.0411,3.1549,3.1552,-0.8190,1.3555,3.8886,0.3724,1.3903,17.5119,-0.0397,3.0000,0.0000,0.0000,0,19.4429,978.5432,931.9993,955.2712,-23.2719,0.0000,0.0000,978.5432,931.9993
56.207,1,1,heuristic,12.5914,111.8518,1.3823,0.0411,3.1549,3.1552,0.5165,1.3534,3.8886,0.3959,1.3903,17.3596,-0.0353,3.0000,0.0000,0.0000,0,19.4429,984.2755,861.5606,922.9180,-61.3575,0.0000,0.0000,984.2755,861.5606
56.257,1,1,heuristic,12.5970,112.0164,1.3750,0.0543,3.1570,3.1575,0.5225,1.3534,3.8886,0.3959,1.3903,17.3596,-0.0289,3.0000,0.0000,0.0000,0,19.4429,989.8793,853.8508,921.8650,-68.0143,0.0000,0.0000,989.8793,853.8508
56.307,1,1,heuristic,12.6030,112.1718,1.3682,0.0685,3.1730,3.1738,-0.7990,1.3512,3.8886,0.4199,1.3903,17.1972,-0.0237,3.0000,0.0000,0.0000,0,19.4429,986.7058,789.1602,887.9330,-98.7728,0.0000,0.0000,986.7058,789.1602
56.357,1,1,heuristic,12.6101,112.3366,1.3641,0.0820,3.1723,3.1733,-0.8033,1.3493,3.8886,0.4419,1.3903,17.0439,-0.0190,3.0000,0.0000,0.0000,0,19.4429,986.7058,789.1602,887.9330,-98.7728,0.0000,0.0000,986.7058,789.1602
56.407,1,1,heuristic,12.6172,112.4917,1.3562,0.0954,3.1841,3.1855,-0.8243,1.3472,3.8886,0.4645,1.3903,16.8812,-0.0170,3.0000,0.0000,0.0000,0,19.4429,974.4091,835.7103,905.0597,-69.3494,0.0000,0.0000,974.4091,835.7103
56.457,1,1,heuristic,12.6253,112.6559,1.3489,0.1073,3.1788,3.1807,-0.8317,1.3453,3.8886,0.4853,1.3903,16.7280,-0.0109,3.0000,0.0000,0.0000,0,19.4429,974.2971,875.1218,924.7095,-49.5876,0.0000,0.0000,974.2971,875.1218
56.507,1,1,heuristic,12.6334,112.8105,1.3427,0.1198,3.1872,3.1895,0.5172,1.3433,3.8886,0.5069,1.3903,16.5657,-0.0056,3.0000,0.0000,0.0000,0,19.4429,887.5078,973.5708,930.5393,43.0315,0.0000,0.0000,887.5078,973.5708
56.557,1,1,heuristic,12.6429,112.9745,1.3348,0.1322,3.1807,3.1835,-0.8175,1.3415,3.8886,0.5266,1.3903,16.4128,-0.0012,3.0000,0.0000,0.0000,0,19.4429,922.0562,920.3436,921.1999,-0.8563,0.0000,0.0000,922.0562,920.3436
56.607,1,1,heuristic,12.6528,113.1292,1.3272,0.1470,3.1890,3.1924,-0.8230,1.3396,3.8886,0.5468,1.3903,16.2505,0.0048,3.0000,0.0000,0.0000,0,19.4429,926.4708,956.6961,941.5835,15.1126,0.0000,0.0000,926.4708,956.6961
56.657,1,1,heuristic,12.6528,113.1292,1.3227,0.1470,3.1890,3.1924,-0.8180,1.3380,3.8886,0.5648,1.3903,16.0973,0.0108,3.0000,0.0000,0.0000,0,19.4429,926.4708,956.6961,941.5835,15.1126,0.0000,0.0000,926.4708,956.6961
56.707,1,1,heuristic,12.6643,113.2933,1.3156,0.1621,3.1825,3.1866,-0.8023,1.3380,3.8886,0.5648,1.3903,16.0973,0.0153,3.0000,0.0000,0.0000,0,19.4429,938.9364,981.8949,960.4156,21.4792,0.0000,0.0000,938.9364,981.8949
56.757,1,1,heuristic,12.6763,113.4482,1.3102,0.1795,3.1912,3.1962,0.5770,1.3363,3.8886,0.5829,1.3903,15.9345,0.0207,3.0000,0.0000,0.0000,0,19.4429,946.2324,969.6104,957.9214,11.6890,0.0000,0.0000,946.2324,969.6104
56.807,1,1,heuristic,12.6902,113.6127,1.3041,0.1970,3.1859,3.1919,0.5725,1.3349,3.8886,0.5989,1.3903,15.7807,0.0247,3.0000,0.0000,0.0000,0,19.4429,976.5049,946.7266,961.6157,-14.8892,0.0000,0.0000,976.5049,946.7266
56.857,1,1,heuristic,12.7044,113.7682,1.3001,0.2168,3.1962,3.2036,0.5760,1.3334,3.8886,0.6148,1.3903,15.6171,0.0293,3.0000,0.0000,0.0000,0,19.4429,976.5049,946.7266,961.6157,-14.8892,0.0000,0.0000,976.5049,946.7266
56.907,1,1,heuristic,12.7044,113.7682,1.2966,0.2168,3.1962,3.2036,0.5998,1.3322,3.8886,0.6287,1.3903,15.4623,0.0320,3.0000,0.0000,0.0000,0,19.4429,982.1570,929.7428,955.9499,-26.2071,0.0000,0.0000,982.1570,929.7428
56.957,1,1,heuristic,12.7206,113.9334,1.2910,0.2357,3.1926,3.2013,0.5803,1.3322,3.8886,0.6287,1.3903,15.4623,0.0355,3.0000,0.0000,0.0000,0,19.4429,983.0034,906.5011,944.7523,-38.2511,0.0000,0.0000,983.0034,906.5011
57.007,1,1,heuristic,12.7368,114.0895,1.2888,0.2562,3.2045,3.2147,0.5940,1.3309,3.8886,0.6425,1.3903,15.2976,0.0399,3.0000,0.0000,0.0000,0,19.4429,986.5789,896.7897,941.6843,-44.8946,0.0000,0.0000,986.5789,896.7897
57.057,1,1,heuristic,12.7550,114.2554,1.2822,0.2749,3.2017,3.2134,0.5847,1.3299,3.8886,0.6545,1.3903,15.1417,0.0411,3.0000,0.0000,0.0000,0,19.4429,991.0447,880.9978,936.0213,-55.0235,0.0000,0.0000,991.0447,880.9978
57.107,1,1,heuristic,12.7729,114.4119,1.2780,0.2945,3.2135,3.2270,-0.7993,1.3288,3.8886,0.6664,1.3903,14.9760,0.0465,3.0000,0.0000,0.0000,0,19.4429,970.9339,873.3170,922.1254,-48.8085,0.0000,0.0000,970.9339,873.3170
57.157,1,1,heuristic,12.7729,114.4119,1.2772,0.2945,3.2135,3.2270,0.5897,1.3279,3.8886,0.6769,1.3903,14.8194,0.0500,3.0000,0.0000,0.0000,0,19.4429,958.3997,932.4385,945.4191,-12.9806,0.0000,0.0000,958.3997,932.4385
57.207,1,1,heuristic,12.7927,114.5780,1.2715,0.3116,3.2095,3.2246,0.5948,1.3279,3.8886,0.6769,1.3903,14.8194,0.0507,3.0000,0.0000,0.0000,0,19.4429,922.7300,955.6529,939.1914,16.4615,0.0000,0.0000,922.7300,955.6529
57.257,1,1,heuristic,12.8121,114.7346,1.2671,0.3303,3.2200,3.2369,-0.7940,1.3270,3.8886,0.6873,1.3903,14.6531,0.0555,3.0000,0.0000,0.0000,0,19.4429,968.4847,912.4810,940.4828,-28.0019,0.0000,0.0000,968.4847,912.4810
57.307,1,1,heuristic,12.8121,114.7346,1.2635,0.3303,3.2200,3.2369,-0.7968,1.3262,3.8886,0.6963,1.3903,14.4962,0.0592,3.0000,0.0000,0.0000,0,19.4429,910.7139,909.9001,910.3070,-0.4069,0.0000,0.0000,910.7139,909.9001
57.357,1,1,heuristic,12.8337,114.9007,1.2586,0.3473,3.2148,3.2335,-0.8013,1.3262,3.8886,0.6963,1.3903,14.4962,0.0627,3.0000,0.0000,0.0000,0,19.4429,910.7139,909.9001,910.3070,-0.4069,0.0000,0.0000,910.7139,909.9001
57.407,1,1,heuristic,12.8549,115.0570,1.2565,0.3660,3.2234,3.2441,0.6240,1.3254,3.8886,0.7048,1.3903,14.3296,0.0669,3.0000,0.0000,0.0000,0,19.4429,895.6623,968.7471,932.2047,36.5424,0.0000,0.0000,895.6623,968.7471
57.457,1,1,heuristic,12.8782,115.2225,1.2517,0.3826,3.2151,3.2378,0.6242,1.3249,3.8886,0.7121,1.3903,14.1725,0.0684,3.0000,0.0000,0.0000,0,19.4429,900.7670,981.7813,941.2741,40.5072,0.0000,0.0000,900.7670,981.7813
57.507,1,1,heuristic,12.8782,115.2225,1.2471,0.3826,3.2151,3.2378,-0.7973,1.3242,3.8886,0.7188,1.3903,14.0061,0.0725,3.0000,0.0000,0.0000,0,19.4429,949.4861,948.8255,949.1558,-0.3303,0.0000,0.0000,949.4861,948.8255
57.557,1,1,heuristic,12.9012,115.3782,1.2456,0.4019,3.2207,3.2457,0.6312,1.3242,3.8886,0.7188,1.3903,14.0061,0.0771,3.0000,0.0000,0.0000,0,19.4429,991.8675,929.2659,960.5667,-31.3008,0.0000,0.0000,991.8675,929.2659
57.607,1,1,heuristic,12.9266,115.5432,1.2411,0.4193,3.2113,3.2386,0.6362,1.3238,3.8886,0.7242,1.3903,13.8493,0.0782,3.0000,0.0000,0.0000,0,19.4429,913.6677,916.0260,914.8468,1.1792,0.0000,0.0000,913.6677,916.0260
57.657,1,1,heuristic,12.9514,115.6988,1.2377,0.4388,3.2172,3.2470,-0.7798,1.3233,3.8886,0.7288,1.3903,13.6829,0.0822,3.0000,0.0000,0.0000,0,19.4429,929.3951,942.2060,935.8006,6.4054,0.0000,0.0000,929.3951,942.2060
57.707,1,1,heuristic,12.9514,115.6988,1.2342,0.4388,3.2172,3.2470,0.6472,1.3230,3.8886,0.7323,1.3903,13.5258,0.0854,3.0000,0.0000,0.0000,0,19.4429,979.5139,908.4270,943.9704,-35.5435,0.0000,0.0000,979.5139,908.4270
57.757,1,1,heuristic,12.9786,115.8635,1.2310,0.4555,3.2075,3.2397,-0.7840,1.3230,3.8886,0.7323,1.3903,13.5258,0.0888,3.0000,0.0000,0.0000,0,19.4429,921.9117,946.1406,934.0261,12.1144,0.0000,0.0000,921.9117,946.1406
57.807,1,1,heuristic,13.0049,116.0187,1.2285,0.4742,3.2124,3.2472,-0.7920,1.3227,3.8886,0.7351,1.3903,13.3592,0.0917,3.0000,0.0000,0.0000,0,19.4429,895.5769,982.5154,939.0461,43.4693,0.0000,0.0000,895.5769,982.5154
57.858,1,1,heuristic,13.0337,116.1831,1.2246,0.4899,3.2023,3.2395,-0.7923,1.3226,3.8886,0.7371,1.3903,13.2023,0.0941,3.0000,0.0000,0.0000,0,19.4429,914.4887,990.2397,952.3642,37.8755,0.0000,0.0000,914.4887,990.2397
57.907,1,1,heuristic,13.0617,116.3379,1.2216,0.5085,3.2069,3.2469,0.6750,1.3224,3.8886,0.7383,1.3903,13.0357,0.0978,3.0000,0.0000,0.0000,0,19.4429,908.5220,979.9051,944.2136,35.6916,0.0000,0.0000,908.5220,979.9051
57.957,1,1,heuristic,13.0617,116.3379,1.2195,0.5085,3.2069,3.2469,0.6675,1.3225,3.8886,0.7386,1.3903,12.8786,0.1009,3.0000,0.0000,0.0000,0,19.4429,888.6854,930.5685,909.6270,20.9416,0.0000,0.0000,888.6854,930.5685
58.007,1,1,heuristic,13.0923,116.5020,1.2161,0.5248,3.1969,3.2397,0.6658,1.3225,3.8886,0.7386,1.3903,12.8786,0.1030,3.0000,0.0000,0.0000,0,19.4429,845.1069,974.4487,909.7778,64.6709,0.0000,0.0000,845.1069,974.4487
58.057,1,1,heuristic,13.1221,116.6565,1.2143,0.5437,3.2013,3.2471,0.6727,1.3225,3.8886,0.7379,1.3903,12.7119,0.1063,3.0000,0.0000,0.0000,0,19.4429,902.5152,951.0960,926.8056,24.2904,0.0000,0.0000,902.5152,951.0960
58.107,1,1,heuristic,13.1545,116.8200,1.2120,0.5597,3.1898,3.2385,-0.7680,1.3227,3.8886,0.7364,1.3903,12.5547,0.1083,3.0000,0.0000,0.0000,0,19.4429,972.9540,901.2920,937.1230,-35.8310,0.0000,0.0000,972.9540,901.2920
58.157,1,1,heuristic,13.1859,116.9739,1.2095,0.5785,3.1928,3.2448,-0.7730,1.3228,3.8886,0.7338,1.3903,12.3882,0.1108,3.0000,0.0000,0.0000,0,19.4429,941.1467,974.8745,958.0106,16.8639,0.0000,0.0000,941.1467,974.8745
58.207,1,1,heuristic,13.1859,116.9739,1.2080,0.5785,3.1928,3.2448,-0.7675,1.3232,3.8886,0.7305,1.3903,12.2313,0.1137,3.0000,0.0000,0.0000,0,19.4429,926.0532,982.9173,954.4853,28.4321,0.0000,0.0000,926.0532,982.9173
58.257,1,1,heuristic,13.2201,117.1371,1.2058,0.5942,3.1821,3.2371,-0.7732,1.3232,3.8886,0.7305,1.3903,12.2313,0.1152,3.0000,0.0000,0.0000,0,19.4429,833.8248,975.9549,904.8898,71.0650,0.0000,0.0000,833.8248,975.9549
58.307,1,1,heuristic,13.2531,117.2911,1.2049,0.6132,3.1872,3.2456,-0.7795,1.3235,3.8886,0.7262,1.3903,12.0646,0.1177,3.0000,0.0000,0.0000,0,19.4429,789.6282,978.7486,884.1884,94.5602,0.0000,0.0000,789.6282,978.7486
58.357,1,1,heuristic,13.2891,117.4540,1.2030,0.6290,3.1765,3.2382,0.7188,1.3240,3.8886,0.7213,1.3903,11.9072,0.1191,3.0000,0.0000,0.0000,0,19.4429,732.4799,974.3724,853.4261,120.9462,0.0000,0.0000,732.4799,974.3724
58.407,1,1,heuristic,13.3238,117.6068,1.2014,0.6477,3.1779,3.2432,0.7353,1.3245,3.8886,0.7152,1.3903,11.7404,0.1216,3.0000,0.0000,0.0000,0,19.4429,777.5599,965.4589,871.5094,93.9495,0.0000,0.0000,777.5599,965.4589
58.457,1,1,heuristic,13.3238,117.6068,1.2006,0.6477,3.1779,3.2432,-0.7508,1.3252,3.8886,0.7085,1.3903,11.5837,0.1238,3.0000,0.0000,0.0000,0,19.4429,838.9421,956.4251,897.6836,58.7415,0.0000,0.0000,838.9421,956.4251
58.507,1,1,heuristic,13.3614,117.7678,1.2001,0.6626,3.1614,3.2301,0.7572,1.3252,3.8886,0.7085,1.3903,11.5837,0.1246,3.0000,0.0000,0.0000,0,19.4429,838.9421,956.4251,897.6836,58.7415,0.0000,0.0000,838.9421,956.4251
58.557,1,1,heuristic,13.3974,117.9187,1.2000,0.6803,3.1579,3.2304,0.7642,1.3258,3.8886,0.7004,1.3903,11.4185,0.1257,3.0000,0.0000,0.0000,0,19.4429,942.5435,941.0877,941.8156,-0.7279,0.0000,0.0000,942.5435,941.0877
58.607,1,1,heuristic,13.4363,118.0782,1.2002,0.6938,3.1398,3.2156,0.7638,1.3266,3.8886,0.6921,1.3903,11.2633,0.1265,3.0000,0.0000,0.0000,0,19.4429,933.5278,965.1521,949.3399,15.8121,0.0000,0.0000,933.5278,965.1521
58.657,1,1,heuristic,13.4735,118.2284,1.2005,0.7102,3.1377,3.2171,-0.7245,1.3273,3.8886,0.6824,1.3903,11.0991,0.1272,3.0000,0.0000,0.0000,0,19.4429,924.9988,963.2011,944.1000,19.1012,0.0000,0.0000,924.9988,963.2011
58.707,1,1,heuristic,13.4735,118.2284,1.2008,0.7102,3.1377,3.2171,-0.7388,1.3282,3.8886,0.6728,1.3903,10.9444,0.1277,3.0000,0.0000,0.0000,0,19.4429,856.8234,877.6851,867.2542,10.4308,0.0000,0.0000,856.8234,877.6851
58.757,1,1,heuristic,13.5137,118.3877,1.2014,0.7224,3.1230,3.2054,-0.7412,1.3282,3.8886,0.6728,1.3903,10.9444,0.1274,3.0000,0.0000,0.0000,0,19.4429,856.8234,877.6851,867.2542,10.4308,0.0000,0.0000,856.8234,877.6851
58.807,1,1,heuristic,13.5519,118.5375,1.2017,0.7373,3.1226,3.2084,-0.7458,1.3291,3.8886,0.6619,1.3903,10.7801,0.1277,3.0000,0.0000,0.0000,0,19.4429,790.4327,966.2171,878.3249,87.8922,0.0000,0.0000,790.4327,966.2171
58.857,1,1,heuristic,13.5927,118.6957,1.2024,0.7469,3.1063,3.1948,-0.7233,1.3301,3.8886,0.6512,1.3903,10.6255,0.1284,3.0000,0.0000,0.0000,0,19.4429,738.6454,973.3422,855.9938,117.3484,0.0000,0.0000,738.6454,973.3422
58.907,1,1,heuristic,13.6317,118.8440,1.2030,0.7598,3.1032,3.1948,0.8030,1.3311,3.8886,0.6394,1.3903,10.4622,0.1287,3.0000,0.0000,0.0000,0,19.4429,751.1242,973.4410,862.2826,111.1584,0.0000,0.0000,751.1242,973.4410
58.957,1,1,heuristic,13.6317,118.8440,1.2038,0.7598,3.1032,3.1948,-0.7120,1.3322,3.8886,0.6277,1.3903,10.3088,0.1292,3.0000,0.0000,0.0000,0,19.4429,791.3269,993.1765,892.2517,100.9248,0.0000,0.0000,791.3269,993.1765
59.008,1,1,heuristic,13.6736,119.0006,1.2049,0.7692,3.0846,3.1791,-0.7183,1.3322,3.8886,0.6277,1.3903,10.3088,0.1284,3.0000,0.0000,0.0000,0,19.4429,809.6686,973.0754,891.3720,81.7034,0.0000,0.0000,809.6686,973.0754
59.057,1,1,heuristic,13.7138,119.1476,1.2065,0.7825,3.0801,3.1779,-0.7040,1.3333,3.8886,0.6146,1.3903,10.1468,0.1283,3.0000,0.0000,0.0000,0,19.4429,737.9506,926.5190,832.2348,94.2842,0.0000,0.0000,737.9506,926.5190
59.107,1,1,heuristic,13.7570,119.3032,1.2084,0.7923,3.0625,3.1633,-0.6985,1.3345,3.8886,0.6015,1.3903,9.9945,0.1280,3.0000,0.0000,0.0000,0,19.4429,750.3881,982.5298,866.4590,116.0708,0.0000,0.0000,750.3881,982.5298
59.157,1,1,heuristic,13.7982,119.4492,1.2104,0.8054,3.0587,3.1629,-0.6963,1.3357,3.8886,0.5869,1.3903,9.8330,0.1274,3.0000,0.0000,0.0000,0,19.4429,750.3881,982.5298,866.4590,116.0708,0.0000,0.0000,750.3881,982.5298
59.207,1,1,heuristic,13.8424,119.6035,1.2141,0.8144,3.0404,3.1476,0.8555,1.3371,3.8886,0.5726,1.3903,9.6814,0.1267,3.0000,0.0000,0.0000,0,19.4429,744.2710,985.2881,864.7796,120.5086,0.0000,0.0000,744.2710,985.2881
59.257,1,1,heuristic,13.8846,119.7485,1.2169,0.8273,3.0363,3.1470,-0.6805,1.3384,3.8886,0.5568,1.3903,9.5210,0.1243,3.0000,0.0000,0.0000,0,19.4429,798.1622,953.1486,875.6554,77.4932,0.0000,0.0000,798.1622,953.1486
59.307,1,1,heuristic,13.8846,119.7485,1.2189,0.8273,3.0363,3.1470,-0.6793,1.3398,3.8886,0.5413,1.3903,9.3701,0.1230,3.0000,0.0000,0.0000,0,19.4429,798.1622,953.1486,875.6554,77.4932,0.0000,0.0000,798.1622,953.1486
59.357,1,1,heuristic,13.9299,119.9019,1.2235,0.8361,3.0189,3.1326,-0.6710,1.3398,3.8886,0.5413,1.3903,9.3701,0.1209,3.0000,0.0000,0.0000,0,19.4429,879.0380,966.1972,922.6176,43.5796,0.0000,0.0000,879.0380,966.1972
59.407,1,1,heuristic,13.9730,120.0461,1.2273,0.8484,3.0162,3.1333,0.8888,1.3413,3.8886,0.5243,1.3903,9.2104,0.1178,3.0000,0.0000,0.0000,0,19.4429,853.5501,991.0047,922.2774,68.7273,0.0000,0.0000,853.5501,991.0047
59.457,1,1,heuristic,14.0191,120.1992,1.2310,0.8560,3.0016,3.1213,-0.6653,1.3429,3.8886,0.5078,1.3903,9.0601,0.1156,3.0000,0.0000,0.0000,0,19.4429,822.9354,983.2347,903.0851,80.1496,0.0000,0.0000,822.9354,983.2347
59.507,1,1,heuristic,14.0629,120.3436,1.2350,0.8676,3.0030,3.1258,0.8910,1.3445,3.8886,0.4899,1.3903,8.9005,0.1135,3.0000,0.0000,0.0000,0,19.4429,820.4434,958.0856,889.2645,68.8211,0.0000,0.0000,820.4434,958.0856
59.558,1,1,heuristic,14.1098,120.4968,1.2410,0.8745,2.9918,3.1170,0.9038,1.3461,3.8886,0.4727,1.3903,8.7498,0.1111,3.0000,0.0000,0.0000,0,19.4429,884.2636,892.9734,888.6185,4.3549,0.0000,0.0000,884.2636,892.9734
59.607,1,1,heuristic,14.1543,120.6411,1.2441,0.8848,2.9947,3.1227,0.9000,1.3478,3.8886,0.4541,1.3903,8.5899,0.1068,3.0000,0.0000,0.0000,0,19.4429,979.6382,868.1618,923.9000,-55.7382,0.0000,0.0000,979.6382,868.1618
59.657,1,1,heuristic,14.1543,120.6411,1.2482,0.8848,2.9947,3.1227,-0.6853,1.3495,3.8886,0.4362,1.3903,8.4392,0.1054,3.0000,0.0000,0.0000,0,19.4429,979.6382,868.1618,923.9000,-55.7382,0.0000,0.0000,979.6382,868.1618
59.707,1,1,heuristic,14.2015,120.7944,1.2522,0.8892,2.9852,3.1149,0.8752,1.3495,3.8886,0.4362,1.3903,8.4392,0.1013,3.0000,0.0000,0.0000,0,19.4429,992.3193,983.5408,987.9300,-4.3892,0.0000,0.0000,992.3193,983.5408
59.757,1,1,heuristic,14.2458,120.9393,1.2549,0.8963,2.9919,3.1232,-0.7135,1.3512,3.8886,0.4173,1.3903,8.2792,0.0990,3.0000,0.0000,0.0000,0,19.4429,992.3193,983.5408,987.9300,-4.3892,0.0000,0.0000,992.3193,983.5408
59.807,1,1,heuristic,14.2458,120.9393,1.2584,0.8963,2.9919,3.1232,0.8633,1.3529,3.8886,0.3997,1.3903,8.1281,0.0980,3.0000,0.0000,0.0000,0,19.4429,970.9474,978.1235,974.5355,3.5880,0.0000,0.0000,970.9474,978.1235
59.857,1,1,heuristic,14.2930,121.0938,1.2623,0.8986,2.9880,3.1202,-0.7230,1.3529,3.8886,0.3997,1.3903,8.1281,0.0945,3.0000,0.0000,0.0000,0,19.4429,958.4609,928.5160,943.4885,-14.9725,0.0000,0.0000,958.4609,928.5160
59.907,1,1,heuristic,14.3378,121.2405,1.2646,0.9053,3.0014,3.1350,0.8623,1.3546,3.8886,0.3810,1.3903,7.9668,0.0923,3.0000,0.0000,0.0000,0,19.4429,940.0642,972.1950,956.1296,16.0654,0.0000,0.0000,940.0642,972.1950
59.957,1,1,heuristic,14.3854,121.3968,1.2686,0.9076,3.0022,3.1363,0.8628,1.3564,3.8886,0.3633,1.3903,7.8138,0.0918,3.0000,0.0000,0.0000,0,19.4429,882.0937,965.7913,923.9425,41.8488,0.0000,0.0000,882.0937,965.7913
60.007,1,1,heuristic,14.4305,121.5445,1.2711,0.9138,3.0174,3.1527,-0.7355,1.3581,3.8886,0.3445,1.3903,7.6509,0.0895,3.0000,0.0000,0.0000,0,19.4429,936.6958,973.8203,955.2581,18.5622,0.0000,0.0000,936.6958,973.8203
60.057,1,1,heuristic,14.4785,121.7016,1.2737,0.9156,3.0180,3.1538,-0.7358,1.3599,3.8886,0.3267,1.3903,7.4968,0.0887,3.0000,0.0000,0.0000,0,19.4429,967.0230,992.7208,979.8719,12.8489,0.0000,0.0000,967.0230,992.7208
60.107,1,1,heuristic,14.5239,121.8500,1.2759,0.9216,3.0327,3.1696,-0.7395,1.3616,3.8886,0.3077,1.3903,7.3330,0.0879,3.0000,0.0000,0.0000,0,19.4429,883.8684,985.2339,934.5511,50.6828,0.0000,0.0000,883.8684,985.2339
60.157,1,1,heuristic,14.5722,122.0079,1.2794,0.9233,3.0337,3.1711,0.8633,1.3634,3.8886,0.2897,1.3903,7.1783,0.0874,3.0000,0.0000,0.0000,0,19.4429,842.2283,975.8705,909.0494,66.8211,0.0000,0.0000,842.2283,975.8705
60.207,1,1,heuristic,14.6180,122.1569,1.2817,0.9292,3.0477,3.1863,-0.7518,1.3652,3.8886,0.2704,1.3903,7.0135,0.0857,3.0000,0.0000,0.0000,0,19.4429,856.6004,907.2714,881.9359,25.3355,0.0000,0.0000,856.6004,907.2714
60.257,1,1,heuristic,14.6180,122.1569,1.2841,0.9292,3.0477,3.1863,0.8500,1.3669,3.8886,0.2522,1.3903,6.8582,0.0852,3.0000,0.0000,0.0000,0,19.4429,875.4023,937.9270,906.6647,31.2623,0.0000,0.0000,875.4023,937.9270
60.307,1,1,heuristic,14.6666,122.3146,1.2871,0.9302,3.0448,3.1837,-0.7610,1.3669,3.8886,0.2522,1.3903,6.8582,0.0828,3.0000,0.0000,0.0000,0,19.4429,881.2409,924.8608,903.0509,21.8099,0.0000,0.0000,881.2409,924.8608
60.357,1,1,heuristic,14.7122,122.4628,1.2896,0.9346,3.0532,3.1930,0.8808,1.3687,3.8886,0.2327,1.3903,6.6937,0.0816,3.0000,0.0000,0.0000,0,19.4429,881.2409,924.8608,903.0509,21.8099,0.0000,0.0000,881.2409,924.8608
60.407,1,1,heuristic,14.7606,122.6196,1.2914,0.9337,3.0456,3.1855,-0.7405,1.3704,3.8886,0.2144,1.3903,6.5392,0.0808,3.0000,0.0000,0.0000,0,19.4429,906.2158,846.3667,876.2913,-29.9245,0.0000,0.0000,906.2158,846.3667
60.457,1,1,heuristic,14.8061,122.7670,1.2952,0.9363,3.0506,3.1910,-0.7472,1.3722,3.8886,0.1949,1.3903,6.3758,0.0808,3.0000,0.0000,0.0000,0,19.4429,821.6012,941.8043,881.7027,60.1016,0.0000,0.0000,821.6012,941.8043
60.507,1,1,heuristic,14.8539,122.9227,1.2969,0.9331,3.0394,3.1794,-0.7462,1.3739,3.8886,0.1767,1.3903,6.2222,0.0788,3.0000,0.0000,0.0000,0,19.4429,834.0699,977.6818,905.8758,71.8059,0.0000,0.0000,834.0699,977.6818
60.557,1,1,heuristic,14.8989,123.0689,1.2998,0.9338,3.0406,3.1808,-0.7600,1.3757,3.8886,0.1575,1.3903,6.0599,0.0788,3.0000,0.0000,0.0000,0,19.4429,771.1660,906.5325,838.8493,67.6832,0.0000,0.0000,771.1660,906.5325
60.607,1,1,heuristic,14.8989,123.0689,1.3016,0.9338,3.0406,3.1808,-0.7630,1.3773,3.8886,0.1396,1.3903,5.9076,0.0775,3.0000,0.0000,0.0000,0,19.4429,734.7237,951.4555,843.0896,108.3659,0.0000,0.0000,734.7237,951.4555
60.657,1,1,heuristic,14.9465,123.2234,1.3047,0.9304,3.0267,3.1665,-0.7515,1.3773,3.8886,0.1396,1.3903,5.9076,0.0758,3.0000,0.0000,0.0000,0,19.4429,756.8322,937.1561,846.9942,90.1620,0.0000,0.0000,756.8322,937.1561
60.707,1,1,heuristic,14.9914,123.3681,1.3078,0.9312,3.0244,3.1645,-0.7412,1.3791,3.8886,0.1204,1.3903,5.7467,0.0744,3.0000,0.0000,0.0000,0,19.4429,755.9237,967.0756,861.4997,105.5760,0.0000,0.0000,755.9237,967.0756
60.757,1,1,heuristic,15.0390,123.5207,1.3104,0.9281,3.0066,3.1466,-0.7325,1.3808,3.8886,0.1023,1.3903,5.5959,0.0730,3.0000,0.0000,0.0000,0,19.4429,784.1618,972.2903,878.2261,94.0642,0.0000,0.0000,784.1618,972.2903
60.807,1,1,heuristic,15.0839,123.6640,1.3154,0.9296,3.0024,3.1430,0.9390,1.3826,3.8886,0.0828,1.3903,5.4369,0.0721,3.0000,0.0000,0.0000,0,19.4429,718.9157,971.5911,845.2534,126.3377,0.0000,0.0000,718.9157,971.5911
60.857,1,1,heuristic,15.0839,123.6640,1.3172,0.9296,3.0024,3.1430,-0.7120,1.3843,3.8886,0.0644,1.3903,5.2877,0.0689,3.0000,0.0000,0.0000,0,19.4429,680.4653,931.7822,806.1237,125.6584,0.0000,0.0000,680.4653,931.7822
60.907,1,1,heuristic,15.1317,123.8157,1.3216,0.9274,2.9853,3.1260,-0.7090,1.3843,3.8886,0.0644,1.3903,5.2877,0.0671,3.0000,0.0000,0.0000,0,19.4429,642.3122,974.4692,808.3907,166.0785,0.0000,0.0000,642.3122,974.4692
60.957,1,1,heuristic,15.1768,123.9582,1.3241,0.9300,2.9818,3.1235,0.9615,1.3861,3.8886,0.0446,1.3903,5.1297,0.0646,3.0000,0.0000,0.0000,0,19.4429,642.3122,974.4692,808.3907,166.0785,0.0000,0.0000,642.3122,974.4692
61.008,1,1,heuristic,15.2248,124.1085,1.3296,0.9287,2.9635,3.1056,0.9860,1.3879,3.8740,0.0258,1.3903,4.9813,0.0638,3.0000,0.0000,0.0000,0,19.4429,750.4333,967.8672,859.1502,108.7170,0.0000,0.0000,750.4333,967.8672
61.057,1,1,heuristic,15.2248,124.1085,1.3333,0.9287,2.9635,3.1056,0.9978,1.3898,3.7523,0.0055,1.3903,4.8247,0.0602,3.0000,0.0000,0.0000,0,19.4429,831.8249,952.0084,891.9167,60.0917,0.0000,0.0000,831.8249,952.0084
61.107,1,1,heuristic,15.2703,124.2495,1.3346,0.9322,2.9584,3.1018,-0.6823,1.3898,3.7523,0.0055,1.3903,4.8247,0.0565,3.0000,0.0000,0.0000,0,19.4429,887.8219,928.7571,908.2895,20.4676,0.0000,0.0000,887.8219,928.7571
61.157,1,1,heuristic,15.2703,124.2495,1.3398,0.9322,2.9584,3.1018,0.9988,1.3916,3.6381,-0.0138,1.3903,4.6779,0.0570,3.0000,0.0000,0.0000,0,19.4429,862.2208,874.2579,868.2393,6.0185,0.0000,0.0000,862.2208,874.2579
61.207,1,1,heuristic,15.3185,124.3992,1.3471,0.9312,2.9426,3.0864,0.9903,1.3916,3.6381,-0.0138,1.3903,4.6779,0.0518,3.0000,0.0000,0.0000,0,19.4429,913.7535,814.3067,864.0301,-49.7234,0.0000,0.0000,913.7535,814.3067
61.257,1,1,heuristic,15.3638,124.5409,1.3494,0.9337,2.9443,3.0888,-0.7125,1.3935,3.5169,-0.0344,1.3903,4.5220,0.0464,3.0000,0.0000,0.0000,0,19.4429,921.6837,859.3491,890.5164,-31.1673,0.0000,0.0000,921.6837,859.3491
61.307,1,1,heuristic,15.4114,124.6914,1.3561,0.9301,2.9345,3.0784,-0.7057,1.3953,3.4023,-0.0535,1.3903,4.3748,0.0459,3.0000,0.0000,0.0000,0,19.4429,887.5561,960.1110,923.8336,36.2774,0.0000,0.0000,887.5561,960.1110
61.357,1,1,heuristic,15.4558,124.8338,1.3611,0.9292,2.9408,3.0841,0.9595,1.3972,3.2807,-0.0733,1.3903,4.2184,0.0411,3.0000,0.0000,0.0000,0,19.4429,920.7940,997.9511,959.3725,38.5786,0.0000,0.0000,920.7940,997.9511
61.407,1,1,heuristic,15.4558,124.8338,1.3648,0.9292,2.9408,3.0841,0.9573,1.3989,3.1659,-0.0915,1.3903,4.0708,0.0378,3.0000,0.0000,0.0000,0,19.4429,737.7371,893.5275,815.6323,77.8952,0.0000,0.0000,737.7371,893.5275
61.457,1,1,heuristic,15.5028,124.9858,1.3706,0.9241,2.9374,3.0793,0.9848,1.3989,3.1659,-0.0915,1.3903,4.0708,0.0341,3.0000,0.0000,0.0000,0,19.4429,829.3953,852.1950,840.7951,11.3998,0.0000,0.0000,829.3953,852.1950
61.507,1,1,heuristic,15.5469,125.1294,1.3730,0.9231,2.9483,3.0894,0.9630,1.4007,3.0434,-0.1104,1.3903,3.9133,0.0301,3.0000,0.0000,0.0000,0,19.4429,834.1953,804.4074,819.3014,-14.8940,0.0000,0.0000,834.1953,804.4074
61.557,1,1,heuristic,15.5934,125.2815,1.3787,0.9171,2.9436,3.0831,-0.7568,1.4023,2.9279,-0.1280,1.3903,3.7647,0.0294,3.0000,0.0000,0.0000,0,19.4429,834.1953,804.4074,819.3014,-14.8940,0.0000,0.0000,834.1953,804.4074
61.607,1,1,heuristic,15.6366,125.4245,1.3843,0.9140,2.9508,3.0891,-0.7450,1.4041,2.8057,-0.1464,1.3903,3.6076,0.0254,3.0000,0.0000,0.0000,0,19.4429,910.2061,764.1082,837.1572,-73.0489,0.0000,0.0000,910.2061,764.1082
61.657,1,1,heuristic,15.6366,125.4245,1.3863,0.9140,2.9508,3.0891,-0.7528,1.4057,2.6909,-0.1633,1.3903,3.4600,0.0214,3.0000,0.0000,0.0000,0,19.4429,778.9349,852.3629,815.6489,36.7140,0.0000,0.0000,778.9349,852.3629
61.707,1,1,heuristic,15.6818,125.5760,1.3914,0.9050,2.9433,3.0793,0.9563,1.4057,2.6909,-0.1633,1.3903,3.4600,0.0193,3.0000,0.0000,0.0000,0,19.4429,711.2533,871.4675,791.3604,80.1071,0.0000,0.0000,711.2533,871.4675
61.757,1,1,heuristic,15.7239,125.7185,1.3942,0.8995,2.9484,3.0825,-0.7863,1.4073,2.5695,-0.1806,1.3903,3.3039,0.0159,3.0000,0.0000,0.0000,0,19.4429,711.2533,871.4675,791.3604,80.1071,0.0000,0.0000,711.2533,871.4675
61.807,1,1,heuristic,15.7239,125.7185,1.3980,0.8995,2.9484,3.0825,0.9708,1.4088,2.4555,-0.1964,1.3903,3.1573,0.0146,3.0000,0.0000,0.0000,0,19.4429,683.0536,840.5761,761.8148,78.7612,0.0000,0.0000,683.0536,840.5761
61.857,1,1,heuristic,15.7683,125.8691,1.4026,0.8901,2.9377,3.0696,-0.7580,1.4088,2.4555,-0.1964,1.3903,3.1573,0.0108,3.0000,0.0000,0.0000,0,19.4429,647.9140,775.2980,711.6060,63.6920,0.0000,0.0000,647.9140,775.2980
61.907,1,1,heuristic,15.8098,126.0102,1.4055,0.8850,2.9380,3.0684,0.9805,1.4104,2.3353,-0.2130,1.3903,3.0028,0.0078,3.0000,0.0000,0.0000,0,19.4429,731.2655,727.9418,729.6037,-1.6618,0.0000,0.0000,731.2655,727.9418
61.957,1,1,heuristic,15.8534,126.1584,1.4093,0.8758,2.9206,3.0491,-0.7818,1.4034,4.0000,-0.2613,1.3788,23.1831,-0.0020,3.0000,0.0000,0.0000,0,20.3355,634.9523,617.9418,626.4470,-8.5052,0.0000,0.0000,634.9523,617.9418
62.007,1,1,heuristic,15.8939,126.2968,1.4133,0.8694,2.9130,3.0400,0.9750,1.4049,4.0000,-0.2758,1.3788,23.0295,-0.0044,3.0000,0.0000,0.0000,0,20.3355,612.1436,611.8098,611.9767,-0.1669,0.0000,0.0000,612.1436,611.8098
62.057,1,1,heuristic,15.8939,126.2968,1.4171,0.8694,2.9130,3.0400,-0.7950,1.4062,4.0000,-0.2891,1.3788,22.8861,-0.0071,3.0000,0.0000,0.0000,0,20.3355,648.0233,566.2089,607.1161,-40.9072,0.0000,0.0000,648.0233,566.2089
62.108,1,1,heuristic,15.9360,126.4413,1.4218,0.8574,2.8863,3.0110,0.9637,1.4062,4.0000,-0.2891,1.3788,22.8861,-0.0109,3.0000,0.0000,0.0000,0,20.3355,648.0233,566.2089,607.1161,-40.9072,0.0000,0.0000,648.0233,566.2089
62.157,1,1,heuristic,15.9748,126.5752,1.4243,0.8475,2.8671,2.9897,-0.7915,1.4076,4.0000,-0.3029,1.3788,22.7364,-0.0142,3.0000,0.0000,0.0000,0,20.3355,538.1650,519.1209,528.6429,-9.5221,0.0000,0.0000,538.1650,519.1209
62.207,1,1,heuristic,16.0149,126.7149,1.4277,0.8323,2.8307,2.9505,0.9533,1.4089,4.0000,-0.3154,1.3788,22.5977,-0.0155,3.0000,0.0000,0.0000,0,20.3355,460.6402,629.1203,544.8802,84.2401,0.0000,0.0000,460.6402,629.1203
62.257,1,1,heuristic,16.0518,126.8438,1.4308,0.8196,2.8019,2.9193,-0.8123,1.4103,4.0000,-0.3281,1.3788,22.4532,-0.0175,3.0000,0.0000,0.0000,0,20.3355,680.5390,695.0962,687.8176,7.2786,0.0000,0.0000,680.5390,695.0962
62.307,1,1,heuristic,16.0518,126.8438,1.4338,0.8196,2.8019,2.9193,0.9635,1.4115,4.0000,-0.3397,1.3788,22.3197,-0.0192,3.0000,0.0000,0.0000,0,20.3355,623.7454,801.1188,712.4321,88.6867,0.0000,0.0000,623.7454,801.1188
62.357,1,1,heuristic,16.0902,126.9784,1.4367,0.8035,2.7592,2.8739,-0.8070,1.4115,4.0000,-0.3397,1.3788,22.3197,-0.0223,3.0000,0.0000,0.0000,0,20.3355,717.9294,906.7508,812.3401,94.4107,0.0000,0.0000,717.9294,906.7508
62.407,1,1,heuristic,16.1260,127.1046,1.4396,0.7920,2.7331,2.8455,0.9730,1.4129,4.0000,-0.3518,1.3788,22.1805,-0.0237,3.0000,0.0000,0.0000,0,20.3355,827.8611,883.1606,855.5109,27.6497,0.0000,0.0000,827.8611,883.1606
62.457,1,1,heuristic,16.1639,127.2388,1.4435,0.7793,2.7025,2.8126,-0.7975,1.4141,4.0000,-0.3629,1.3788,22.0500,-0.0255,3.0000,0.0000,0.0000,0,20.3355,827.8611,883.1606,855.5109,27.6497,0.0000,0.0000,827.8611,883.1606
62.507,1,1,heuristic,16.1995,127.3665,1.4459,0.7717,2.6943,2.8026,0.9778,1.4154,4.0000,-0.3744,1.3788,21.9113,-0.0280,3.0000,0.0000,0.0000,0,20.3355,863.7547,835.0765,849.4156,-14.3391,0.0000,0.0000,863.7547,835.0765
62.557,1,1,heuristic,16.2371,127.5038,1.4499,0.7620,2.6834,2.7895,-0.8010,1.4165,4.0000,-0.3850,1.3788,21.7793,-0.0294,3.0000,0.0000,0.0000,0,20.3355,974.4683,857.3403,915.9043,-58.5640,0.0000,0.0000,974.4683,857.3403
62.607,1,1,heuristic,16.2722,127.6351,1.4540,0.7560,2.6937,2.7978,-0.8087,1.4176,4.0000,-0.3957,1.3788,21.6375,-0.0323,3.0000,0.0000,0.0000,0,20.3355,980.3643,939.9843,960.1743,-20.1900,0.0000,0.0000,980.3643,939.9843
62.657,1,1,heuristic,16.2722,127.6351,1.4555,0.7560,2.6937,2.7978,-0.8187,1.4185,4.0000,-0.4052,1.3788,21.5022,-0.0355,3.0000,0.0000,0.0000,0,20.3355,980.3643,939.9843,960.1743,-20.1900,0.0000,0.0000,980.3643,939.9843
62.707,1,1,heuristic,16.3092,127.7774,1.4593,0.7470,2.7023,2.8037,0.9545,1.4185,4.0000,-0.4052,1.3788,21.5022,-0.0370,3.0000,0.0000,0.0000,0,20.3355,953.3017,909.0385,931.1701,-22.1316,0.0000,0.0000,953.3017,909.0385
62.757,1,1,heuristic,16.3439,127.9147,1.4613,0.7421,2.7338,2.8327,-0.8313,1.4194,4.0000,-0.4143,1.3788,21.3556,-0.0399,3.0000,0.0000,0.0000,0,20.3355,953.3017,909.0385,931.1701,-22.1316,0.0000,0.0000,953.3017,909.0385
62.807,1,1,heuristic,16.3439,127.9147,1.4639,0.7421,2.7338,2.8327,0.9510,1.4200,4.0000,-0.4222,1.3788,21.2145,-0.0413,3.0000,0.0000,0.0000,0,20.3355,896.8066,968.1921,932.4993,35.6928,0.0000,0.0000,896.8066,968.1921
62.857,1,1,heuristic,16.3804,128.0635,1.4669,0.7341,2.7595,2.8555,-0.8360,1.4200,4.0000,-0.4222,1.3788,21.2145,-0.0440,3.0000,0.0000,0.0000,0,20.3355,905.8225,994.4040,950.1132,44.2908,0.0000,0.0000,905.8225,994.4040
62.907,1,1,heuristic,16.4146,128.2064,1.4687,0.7298,2.8032,2.8967,0.9505,1.4206,4.0000,-0.4296,1.3788,21.0616,-0.0463,3.0000,0.0000,0.0000,0,20.3355,795.8225,931.3688,863.5957,67.7732,0.0000,0.0000,795.8225,931.3688
62.957,1,1,heuristic,16.4508,128.3609,1.4715,0.7231,2.8366,2.9273,-0.8425,1.4209,4.0000,-0.4359,1.3788,20.9149,-0.0478,3.0000,0.0000,0.0000,0,20.3355,905.8176,999.7498,952.7837,46.9661,0.0000,0.0000,905.8176,999.7498
63.007,1,1,heuristic,16.4849,128.5082,1.4733,0.7203,2.8830,2.9716,0.9698,1.4213,4.0000,-0.4420,1.3788,20.7565,-0.0502,3.0000,0.0000,0.0000,0,20.3355,920.9203,972.9683,946.9443,26.0240,0.0000,0.0000,920.9203,972.9683
63.057,1,1,heuristic,16.5208,128.6663,1.4764,0.7146,2.9143,3.0007,-0.8433,1.4215,4.0000,-0.4473,1.3788,20.6056,-0.0518,3.0000,0.0000,0.0000,0,20.3355,939.1291,948.9194,944.0243,4.8951,0.0000,0.0000,939.1291,948.9194
63.107,1,1,heuristic,16.5545,128.8168,1.4797,0.7120,2.9586,3.0431,-0.8295,1.4219,4.0000,-0.4524,1.3788,20.4437,-0.0545,3.0000,0.0000,0.0000,0,20.3355,884.4531,942.8976,913.6753,29.2223,0.0000,0.0000,884.4531,942.8976
63.157,1,1,heuristic,16.5545,128.8168,1.4823,0.7120,2.9586,3.0431,0.9793,1.4220,4.0000,-0.4568,1.3788,20.2897,-0.0577,3.0000,0.0000,0.0000,0,20.3355,783.3332,886.8783,835.1058,51.7726,0.0000,0.0000,783.3332,886.8783
63.207,1,1,heuristic,16.5899,128.9775,1.4861,0.7056,2.9851,3.0673,0.9775,1.4220,4.0000,-0.4568,1.3788,20.2897,-0.0603,3.0000,0.0000,0.0000,0,20.3355,892.0205,879.6884,885.8545,-6.1660,0.0000,0.0000,892.0205,879.6884
63.257,1,1,heuristic,16.6229,129.1290,1.4877,0.7020,3.0195,3.1000,0.9935,1.4222,4.0000,-0.4608,1.3788,20.1253,-0.0639,3.0000,0.0000,0.0000,0,20.3355,892.0205,879.6884,885.8545,-6.1660,0.0000,0.0000,892.0205,879.6884
63.307,1,1,heuristic,16.6574,129.2892,1.4916,0.6943,3.0317,3.1102,0.9728,1.4224,4.0000,-0.4643,1.3788,19.9704,-0.0653,3.0000,0.0000,0.0000,0,20.3355,930.9217,929.1368,930.0292,-0.8924,0.0000,0.0000,930.9217,929.1368
63.357,1,1,heuristic,16.6894,129.4397,1.4931,0.6888,3.0523,3.1290,0.9982,1.4226,4.0000,-0.4676,1.3788,19.8067,-0.0690,3.0000,0.0000,0.0000,0,20.3355,985.2744,846.5052,915.8898,-69.3846,0.0000,0.0000,985.2744,846.5052
63.407,1,1,heuristic,16.6894,129.4397,1.4958,0.6888,3.0523,3.1290,-0.8585,1.4228,4.0000,-0.4703,1.3788,19.6530,-0.0704,3.0000,0.0000,0.0000,0,20.3355,987.6439,842.3122,914.9781,-72.6658,0.0000,0.0000,987.6439,842.3122
63.458,1,1,heuristic,16.7227,129.5989,1.4984,0.6792,3.0544,3.1290,-0.8705,1.4228,4.0000,-0.4703,1.3788,19.6530,-0.0731,3.0000,0.0000,0.0000,0,20.3355,981.0717,822.2214,901.6466,-79.4251,0.0000,0.0000,981.0717,822.2214
63.508,1,1,heuristic,16.7534,129.7487,1.5005,0.6711,3.0675,3.1401,-0.8910,1.4230,4.0000,-0.4726,1.3788,19.4904,-0.0754,3.0000,0.0000,0.0000,0,20.3355,978.2890,783.7680,881.0285,-97.2605,0.0000,0.0000,978.2890,783.7680
63.557,1,1,heuristic,16.7850,129.9071,1.5023,0.6587,3.0634,3.1334,-0.8915,1.4230,4.0000,-0.4741,1.3788,19.3376,-0.0774,3.0000,0.0000,0.0000,0,20.3355,999.5665,762.1275,880.8470,-118.7195,0.0000,0.0000,999.5665,762.1275
63.607,1,1,heuristic,16.8140,130.0560,1.5038,0.6478,3.0708,3.1384,-0.9145,1.4232,4.0000,-0.4750,1.3788,19.1761,-0.0791,3.0000,0.0000,0.0000,0,20.3355,943.0245,859.4845,901.2545,-41.7700,0.0000,0.0000,943.0245,859.4845
63.657,1,1,heuristic,16.8140,130.0560,1.5046,0.6478,3.0708,3.1384,-0.9065,1.4231,4.0000,-0.4751,1.3788,19.0245,-0.0807,3.0000,0.0000,0.0000,0,20.3355,902.2809,943.2769,922.7789,20.4980,0.0000,0.0000,902.2809,943.2769
63.707,1,1,heuristic,16.8440,130.2136,1.5055,0.6334,3.0628,3.1276,0.9503,1.4231,4.0000,-0.4751,1.3788,19.0245,-0.0815,3.0000,0.0000,0.0000,0,20.3355,926.3874,983.5870,954.9872,28.5998,0.0000,0.0000,926.3874,983.5870
63.757,1,1,heuristic,16.8718,130.3623,1.5060,0.6224,3.0698,3.1322,-0.9303,1.4231,4.0000,-0.4744,1.3788,18.8641,-0.0824,3.0000,0.0000,0.0000,0,20.3355,924.8923,984.4548,954.6736,29.7813,0.0000,0.0000,924.8923,984.4548
63.807,1,1,heuristic,16.9009,130.5207,1.5068,0.6102,3.0653,3.1254,0.9625,1.4230,4.0000,-0.4733,1.3788,18.7129,-0.0830,3.0000,0.0000,0.0000,0,20.3355,883.4656,989.8498,936.6577,53.1921,0.0000,0.0000,883.4656,989.8498
63.857,1,1,heuristic,16.9283,130.6709,1.5075,0.6020,3.0781,3.1365,0.9765,1.4229,4.0000,-0.4717,1.3788,18.5518,-0.0839,3.0000,0.0000,0.0000,0,20.3355,837.1198,991.4115,914.2657,77.1458,0.0000,0.0000,837.1198,991.4115
63.907,1,1,heuristic,16.9283,130.6709,1.5081,0.6020,3.0781,3.1365,0.9593,1.4227,4.0000,-0.4699,1.3788,18.3991,-0.0849,3.0000,0.0000,0.0000,0,20.3355,920.2937,906.1321,913.2129,-7.0808,0.0000,0.0000,920.2937,906.1321
63.957,1,1,heuristic,16.9572,130.8311,1.5091,0.5928,3.0786,3.1351,-0.9068,1.4227,4.0000,-0.4699,1.3788,18.3991,-0.0855,3.0000,0.0000,0.0000,0,20.3355,974.1908,892.9255,933.5582,-40.6327,0.0000,0.0000,974.1908,892.9255
64.007,1,1,heuristic,16.9843,130.9827,1.5104,0.5873,3.0945,3.1497,-0.9133,1.4225,4.0000,-0.4677,1.3788,18.2364,-0.0866,3.0000,0.0000,0.0000,0,20.3355,950.8311,836.0344,893.4327,-57.3983,0.0000,0.0000,950.8311,836.0344
64.057,1,1,heuristic,17.0127,131.1443,1.5121,0.5791,3.0972,3.1509,0.9708,1.4222,4.0000,-0.4654,1.3788,18.0824,-0.0882,3.0000,0.0000,0.0000,0,20.3355,951.7950,879.3920,915.5935,-36.2015,0.0000,0.0000,951.7950,879.3920
64.107,1,1,heuristic,17.0390,131.2972,1.5130,0.5727,3.1147,3.1670,-0.9245,1.4219,4.0000,-0.4624,1.3788,17.9183,-0.0902,3.0000,0.0000,0.0000,0,20.3355,967.5075,810.7338,889.1207,-78.3869,0.0000,0.0000,967.5075,810.7338
64.157,1,1,heuristic,17.0663,131.4597,1.5138,0.5632,3.1170,3.1675,0.9517,1.4215,4.0000,-0.4590,1.3788,17.7632,-0.0915,3.0000,0.0000,0.0000,0,20.3355,987.3468,876.5232,931.9350,-55.4118,0.0000,0.0000,987.3468,876.5232
64.207,1,1,heuristic,17.0914,131.6131,1.5144,0.5553,3.1326,3.1814,-0.9437,1.4211,4.0000,-0.4548,1.3788,17.5983,-0.0928,3.0000,0.0000,0.0000,0,20.3355,986.4642,858.8150,922.6396,-63.8246,0.0000,0.0000,986.4642,858.8150
64.257,1,1,heuristic,17.0914,131.6131,1.5142,0.5553,3.1326,3.1814,-0.9607,1.4206,4.0000,-0.4502,1.3788,17.4429,-0.0938,3.0000,0.0000,0.0000,0,20.3355,928.5291,810.0751,869.3021,-59.2270,0.0000,0.0000,928.5291,810.0751
64.307,1,1,heuristic,17.1174,131.7760,1.5148,0.5443,3.1325,3.1795,-0.9665,1.4206,4.0000,-0.4502,1.3788,17.4429,-0.0936,3.0000,0.0000,0.0000,0,20.3355,854.8933,916.8604,885.8768,30.9836,0.0000,0.0000,854.8933,916.8604
64.357,1,1,heuristic,17.1414,131.9293,1.5148,0.5352,3.1447,3.1899,0.9550,1.4201,4.0000,-0.4447,1.3788,17.2780,-0.0948,3.0000,0.0000,0.0000,0,20.3355,828.6192,936.7074,882.6633,54.0441,0.0000,0.0000,828.6192,936.7074
64.407,1,1,heuristic,17.1663,132.0912,1.5145,0.5242,3.1385,3.1820,-0.9635,1.4195,4.0000,-0.4389,1.3788,17.1229,-0.0953,3.0000,0.0000,0.0000,0,20.3355,803.2845,834.7482,819.0163,15.7318,0.0000,0.0000,803.2845,834.7482
64.457,1,1,heuristic,17.1897,132.2430,1.5143,0.5165,3.1434,3.1855,0.9615,1.4189,4.0000,-0.4325,1.3788,16.9591,-0.0955,3.0000,0.0000,0.0000,0,20.3355,913.2236,920.0684,916.6460,3.4224,0.0000,0.0000,913.2236,920.0684
64.507,1,1,heuristic,17.1897,132.2430,1.5141,0.5165,3.1434,3.1855,-0.9657,1.4184,4.0000,-0.4265,1.3788,16.8055,-0.0960,3.0000,0.0000,0.0000,0,20.3355,977.5260,845.8171,911.6715,-65.8544,0.0000,0.0000,977.5260,845.8171
64.557,1,1,heuristic,17.2142,132.4028,1.5141,0.5074,3.1293,3.1701,0.9485,1.4184,4.0000,-0.4265,1.3788,16.8055,-0.0958,3.0000,0.0000,0.0000,0,20.3355,987.8930,902.1217,945.0073,-42.8857,0.0000,0.0000,987.8930,902.1217
64.607,1,1,heuristic,17.2369,132.5529,1.5139,0.5008,3.1290,3.1688,0.9675,1.4178,4.0000,-0.4200,1.3788,16.6438,-0.0963,3.0000,0.0000,0.0000,0,20.3355,998.3907,805.1066,901.7486,-96.6420,0.0000,0.0000,998.3907,805.1066
64.657,1,1,heuristic,17.2606,132.7121,1.5140,0.4917,3.1153,3.1538,0.9467,1.4173,4.0000,-0.4137,1.3788,16.4920,-0.0966,3.0000,0.0000,0.0000,0,20.3355,984.1209,854.5836,919.3522,-64.7686,0.0000,0.0000,984.1209,854.5836
64.707,1,1,heuristic,17.2825,132.8622,1.5126,0.4846,3.1176,3.1550,-0.9815,1.4167,4.0000,-0.4066,1.3788,16.3311,-0.0974,3.0000,0.0000,0.0000,0,20.3355,957.0024,897.9275,927.4650,-29.5374,0.0000,0.0000,957.0024,897.9275
64.757,1,1,heuristic,17.3051,133.0214,1.5120,0.4748,3.1065,3.1425,-0.9850,1.4160,4.0000,-0.3994,1.3788,16.1795,-0.0965,3.0000,0.0000,0.0000,0,20.3355,941.5991,816.8850,879.2420,-62.3570,0.0000,0.0000,941.5991,816.8850
64.807,1,1,heuristic,17.3261,133.1717,1.5108,0.4671,3.1114,3.1463,0.9380,1.4153,4.0000,-0.3913,1.3788,16.0187,-0.0967,3.0000,0.0000,0.0000,0,20.3355,956.4684,862.1327,909.3005,-47.1679,0.0000,0.0000,956.4684,862.1327
64.857,1,1,heuristic,17.3479,133.3313,1.5095,0.4576,3.1032,3.1368,-1.0080,1.4145,4.0000,-0.3832,1.3788,15.8670,-0.0963,3.0000,0.0000,0.0000,0,20.3355,959.1610,779.5104,869.3357,-89.8253,0.0000,0.0000,959.1610,779.5104
64.907,1,1,heuristic,17.3681,133.4820,1.5078,0.4501,3.1105,3.1428,-1.0200,1.4137,4.0000,-0.3741,1.3788,15.7060,-0.0958,3.0000,0.0000,0.0000,0,20.3355,867.9403,889.2581,878.5992,10.6589,0.0000,0.0000,867.9403,889.2581
64.957,1,1,heuristic,17.3890,133.6421,1.5061,0.4407,3.1041,3.1352,0.9447,1.4129,4.0000,-0.3652,1.3788,15.5540,-0.0949,3.0000,0.0000,0.0000,0,20.3355,807.0302,939.9300,873.4801,66.4499,0.0000,0.0000,807.0302,939.9300
65.007,1,1,heuristic,17.4086,133.7931,1.5044,0.4341,3.1124,3.1426,-1.0130,1.4120,4.0000,-0.3552,1.3788,15.3927,-0.0941,3.0000,0.0000,0.0000,0,20.3355,807.0302,939.9300,873.4801,66.4499,0.0000,0.0000,807.0302,939.9300
65.057,1,1,heuristic,17.4086,133.7931,1.5031,0.4341,3.1124,3.1426,-1.0165,1.4111,4.0000,-0.3456,1.3788,15.2406,-0.0934,3.0000,0.0000,0.0000,0,20.3355,721.8030,830.4705,776.1368,54.3338,0.0000,0.0000,721.8030,830.4705
65.107,1,1,heuristic,17.4294,133.9533,1.5014,0.4274,3.1061,3.1354,-0.9998,1.4111,4.0000,-0.3456,1.3788,15.2406,-0.0921,3.0000,0.0000,0.0000,0,20.3355,870.0754,921.9733,896.0243,25.9489,0.0000,0.0000,870.0754,921.9733
65.157,1,1,heuristic,17.4492,134.1037,1.5007,0.4242,3.1116,3.1404,-1.0003,1.4101,4.0000,-0.3355,1.3788,15.0791,-0.0913,3.0000,0.0000,0.0000,0,20.3355,816.3631,930.3244,873.3437,56.9806,0.0000,0.0000,816.3631,930.3244
65.207,1,1,heuristic,17.4702,134.2628,1.4995,0.4202,3.1009,3.1293,0.9723,1.4092,4.0000,-0.3262,1.3788,14.9276,-0.0915,3.0000,0.0000,0.0000,0,20.3355,725.2657,991.5210,858.3933,133.1277,0.0000,0.0000,725.2657,991.5210
65.257,1,1,heuristic,17.4901,134.4124,1.4986,0.4193,3.1044,3.1326,0.9895,1.4084,4.0000,-0.3164,1.3788,14.7673,-0.0911,3.0000,0.0000,0.0000,0,20.3355,717.4176,980.5525,848.9850,131.5675,0.0000,0.0000,717.4176,980.5525
65.308,1,1,heuristic,17.4901,134.4124,1.4984,0.4193,3.1044,3.1326,1.0275,1.4075,4.0000,-0.3075,1.3788,14.6164,-0.0911,3.0000,0.0000,0.0000,0,20.3355,827.4175,879.5466,853.4821,26.0646,0.0000,0.0000,827.4175,879.5466
65.357,1,1,heuristic,17.5117,134.5707,1.4985,0.4182,3.0922,3.1203,1.0228,1.4075,4.0000,-0.3075,1.3788,14.6164,-0.0909,3.0000,0.0000,0.0000,0,20.3355,934.5937,803.3607,868.9772,-65.6165,0.0000,0.0000,934.5937,803.3607
65.407,1,1,heuristic,17.5321,134.7192,1.4987,0.4197,3.0926,3.1210,1.0240,1.4067,4.0000,-0.2984,1.3788,14.4568,-0.0917,3.0000,0.0000,0.0000,0,20.3355,973.9280,693.3607,833.6443,-140.2837,0.0000,0.0000,973.9280,693.3607
65.457,1,1,heuristic,17.5321,134.7192,1.4992,0.4197,3.0926,3.1210,-0.9713,1.4060,4.0000,-0.2901,1.3788,14.3069,-0.0928,3.0000,0.0000,0.0000,0,20.3355,973.9280,693.3607,833.6443,-140.2837,0.0000,0.0000,973.9280,693.3607
65.507,1,1,heuristic,17.5535,134.8762,1.4999,0.4180,3.0777,3.1060,0.9825,1.4060,4.0000,-0.2901,1.3788,14.3069,-0.0933,3.0000,0.0000,0.0000,0,20.3355,989.6691,583.3607,786.5149,-203.1542,0.0000,0.0000,989.6691,583.3607
65.557,1,1,heuristic,17.5730,135.0234,1.5004,0.4155,3.0756,3.1035,0.9920,1.4052,4.0000,-0.2812,1.3788,14.1486,-0.0947,3.0000,0.0000,0.0000,0,20.3355,904.1429,673.6620,788.9024,-115.2405,0.0000,0.0000,904.1429,673.6620
65.607,1,1,heuristic,17.5926,135.1785,1.4996,0.4082,3.0571,3.0843,0.9725,1.4043,4.0000,-0.2722,1.3788,14.0003,-0.0961,3.0000,0.0000,0.0000,0,20.3355,905.5946,600.7032,753.1489,-152.4457,0.0000,0.0000,905.5946,600.7032
65.657,1,1,heuristic,17.6104,135.3237,1.4987,0.4007,3.0505,3.0768,-1.0290,1.4034,4.0000,-0.2619,1.3788,13.8441,-0.0962,3.0000,0.0000,0.0000,0,20.3355,879.7698,585.6446,732.7072,-147.0626,0.0000,0.0000,879.7698,585.6446
65.707,1,1,heuristic,17.6104,135.3237,1.4972,0.4007,3.0505,3.0768,-1.0565,1.4025,4.0000,-0.2517,1.3788,13.6980,-0.0961,3.0000,0.0000,0.0000,0,20.3355,894.2594,673.7843,784.0218,-110.2376,0.0000,0.0000,894.2594,673.7843
65.757,1,1,heuristic,17.6285,135.4763,1.4964,0.3899,3.0275,3.0525,0.9437,1.4025,4.0000,-0.2517,1.3788,13.6980,-0.0947,3.0000,0.0000,0.0000,0,20.3355,894.2594,673.7843,784.0218,-110.2376,0.0000,0.0000,894.2594,673.7843
65.807,1,1,heuristic,17.6449,135.6192,1.4941,0.3801,3.0176,3.0414,0.9325,1.4015,4.0000,-0.2403,1.3788,13.5446,-0.0949,3.0000,0.0000,0.0000,0,20.3355,895.6557,762.2854,828.9705,-66.6852,0.0000,0.0000,895.6557,762.2854
65.857,1,1,heuristic,17.6449,135.6192,1.4916,0.3801,3.0176,3.0414,-1.0830,1.4005,4.0000,-0.2291,1.3788,13.4010,-0.0937,3.0000,0.0000,0.0000,0,20.3355,915.4722,810.9884,863.2303,-52.2419,0.0000,0.0000,915.4722,810.9884
65.907,1,1,heuristic,17.6617,135.7705,1.4872,0.3690,2.9957,3.0183,-1.0905,1.4005,4.0000,-0.2291,1.3788,13.4010,-0.0911,3.0000,0.0000,0.0000,0,20.3355,990.6445,850.1867,920.4156,-70.2289,0.0000,0.0000,990.6445,850.1867
65.957,1,1,heuristic,17.6774,135.9132,1.4853,0.3604,2.9912,3.0129,-1.0815,1.3994,4.0000,-0.2168,1.3788,13.2491,-0.0878,3.0000,0.0000,0.0000,0,20.3355,948.6475,911.6182,930.1328,-18.5146,0.0000,0.0000,948.6475,911.6182
66.007,1,1,heuristic,17.6939,136.0655,1.4804,0.3517,2.9789,2.9996,-1.0925,1.3983,4.0000,-0.2049,1.3788,13.1058,-0.0870,3.0000,0.0000,0.0000,0,20.3355,911.6237,931.3888,921.5063,9.8826,0.0000,0.0000,911.6237,931.3888
66.057,1,1,heuristic,17.7094,136.2104,1.4783,0.3463,2.9866,3.0066,-1.0938,1.3971,4.0000,-0.1920,1.3788,12.9530,-0.0833,3.0000,0.0000,0.0000,0,20.3355,840.9071,821.3888,831.1479,-9.7591,0.0000,0.0000,840.9071,821.3888
66.107,1,1,heuristic,17.7261,136.3652,1.4733,0.3413,2.9846,3.0041,-1.0840,1.3959,4.0000,-0.1797,1.3788,12.8077,-0.0824,3.0000,0.0000,0.0000,0,20.3355,805.0432,917.6327,861.3379,56.2948,0.0000,0.0000,805.0432,917.6327
66.157,1,1,heuristic,17.7261,136.3652,1.4709,0.3413,2.9846,3.0041,0.9510,1.3947,4.0000,-0.1665,1.3788,12.6524,-0.0787,3.0000,0.0000,0.0000,0,20.3355,902.6259,978.5267,940.5763,37.9504,0.0000,0.0000,902.6259,978.5267
66.207,1,1,heuristic,17.7420,136.5114,1.4678,0.3392,2.9970,3.0162,0.9547,1.3947,4.0000,-0.1665,1.3788,12.6524,-0.0762,3.0000,0.0000,0.0000,0,20.3355,867.6865,979.6185,923.6525,55.9660,0.0000,0.0000,867.6865,979.6185
66.257,1,1,heuristic,17.7592,136.6675,1.4644,0.3375,2.9981,3.0171,0.9793,1.3935,4.0000,-0.1542,1.3788,12.5056,-0.0743,3.0000,0.0000,0.0000,0,20.3355,915.8931,975.9870,945.9400,30.0469,0.0000,0.0000,915.8931,975.9870
66.307,1,1,heuristic,17.7758,136.8159,1.4617,0.3391,3.0167,3.0357,0.9765,1.3922,4.0000,-0.1413,1.3788,12.3489,-0.0722,3.0000,0.0000,0.0000,0,20.3355,834.8102,895.2279,865.0191,30.2089,0.0000,0.0000,834.8102,895.2279
66.357,1,1,heuristic,17.7938,136.9744,1.4591,0.3405,3.0230,3.0422,0.9945,1.3911,4.0000,-0.1293,1.3788,12.2000,-0.0707,3.0000,0.0000,0.0000,0,20.3355,808.5276,796.6534,802.5905,-5.9371,0.0000,0.0000,808.5276,796.6534
66.407,1,1,heuristic,17.8110,137.1241,1.4558,0.3440,3.0422,3.0616,0.9948,1.3899,4.0000,-0.1167,1.3788,12.0409,-0.0692,3.0000,0.0000,0.0000,0,20.3355,917.2809,757.3476,837.3143,-79.9666,0.0000,0.0000,917.2809,757.3476
66.457,1,1,heuristic,17.8110,137.1241,1.4547,0.3440,3.0422,3.0616,0.9803,1.3887,4.0000,-0.1050,1.3788,11.8905,-0.0670,3.0000,0.0000,0.0000,0,20.3355,967.9501,698.0659,833.0080,-134.9421,0.0000,0.0000,967.9501,698.0659
66.507,1,1,heuristic,17.8291,137.2827,1.4516,0.3450,3.0435,3.0630,0.9680,1.3887,4.0000,-0.1050,1.3788,11.8905,-0.0660,3.0000,0.0000,0.0000,0,20.3355,971.9061,591.2270,781.5666,-190.3396,0.0000,0.0000,971.9061,591.2270
66.557,1,1,heuristic,17.8459,137.4319,1.4505,0.3459,3.0565,3.0761,-1.0913,1.3875,4.0000,-0.0925,1.3788,11.7313,-0.0641,3.0000,0.0000,0.0000,0,20.3355,983.8272,657.3967,820.6119,-163.2152,0.0000,0.0000,983.8272,657.3967
66.607,1,1,heuristic,17.8459,137.4319,1.4480,0.3459,3.0565,3.0761,0.9367,1.3864,4.0000,-0.0806,1.3788,11.5816,-0.0641,3.0000,0.0000,0.0000,0,20.3355,988.9107,606.4290,797.6698,-191.2409,0.0000,0.0000,988.9107,606.4290
66.658,1,1,heuristic,17.8787,137.7375,1.4434,0.3393,3.0580,3.0767,-1.1422,1.3864,4.0000,-0.0806,1.3788,11.5816,-0.0616,3.0000,0.0000,0.0000,0,20.3355,975.1440,654.5295,814.8368,-160.3072,0.0000,0.0000,975.1440,654.5295
66.707,1,1,heuristic,17.8787,137.7375,1.4416,0.3393,3.0580,3.0767,0.9305,1.3839,4.0000,-0.0544,1.3788,11.2751,-0.0594,3.0000,0.0000,0.0000,0,20.3355,987.8205,674.8984,831.3595,-156.4611,0.0000,0.0000,987.8205,674.8984
66.757,1,1,heuristic,17.8946,137.8938,1.4354,0.3326,3.0473,3.0654,-1.1673,1.3839,4.0000,-0.0544,1.3788,11.2751,-0.0577,3.0000,0.0000,0.0000,0,20.3355,904.9926,630.0136,767.5031,-137.4895,0.0000,0.0000,904.9926,630.0136
66.807,1,1,heuristic,17.9091,138.0404,1.4313,0.3264,3.0490,3.0664,-1.1975,1.3826,4.0000,-0.0402,1.3788,11.1187,-0.0528,3.0000,0.0000,0.0000,0,20.3355,912.1511,676.7320,794.4415,-117.7096,0.0000,0.0000,912.1511,676.7320
66.857,1,1,heuristic,17.9240,138.1951,1.4253,0.3183,3.0339,3.0505,-1.1785,1.3813,4.0000,-0.0264,1.3788,10.9719,-0.0500,3.0000,0.0000,0.0000,0,20.3355,830.3155,704.4832,767.3994,-62.9161,0.0000,0.0000,830.3155,704.4832
66.907,1,1,heuristic,17.9376,138.3398,1.4197,0.3116,3.0303,3.0463,0.8990,1.3799,4.0000,-0.0115,1.3788,10.8172,-0.0454,3.0000,0.0000,0.0000,0,20.3355,753.6003,814.4832,784.0417,30.4414,0.0000,0.0000,753.6003,814.4832
66.957,1,1,heuristic,17.9376,138.3398,1.4158,0.3116,3.0303,3.0463,0.8975,1.3786,4.0000,0.0027,1.3788,10.6725,-0.0412,3.0000,0.0000,0.0000,0,20.3355,667.4517,923.9634,795.7076,128.2559,0.0000,0.0000,667.4517,923.9634
67.007,1,1,heuristic,17.9521,138.4924,1.4080,0.3050,3.0108,3.0262,0.9165,1.3786,4.0000,0.0027,1.3788,10.6725,-0.0373,3.0000,0.0000,0.0000,0,20.3355,707.5923,923.9794,815.7859,108.1935,0.0000,0.0000,707.5923,923.9794
67.057,1,1,heuristic,17.9662,138.6353,1.4024,0.3027,3.0043,3.0195,-1.1518,1.3771,4.0000,0.0176,1.3788,10.5201,-0.0309,3.0000,0.0000,0.0000,0,20.3355,807.3623,900.5260,853.9441,46.5818,0.0000,0.0000,807.3623,900.5260
67.107,1,1,heuristic,17.9819,138.7865,1.3963,0.3026,2.9848,3.0001,0.9535,1.3759,4.0000,0.0310,1.3788,10.3771,-0.0266,3.0000,0.0000,0.0000,0,20.3355,916.9791,807.9897,862.4844,-54.4947,0.0000,0.0000,916.9791,807.9897
67.157,1,1,heuristic,17.9974,138.9290,1.3929,0.3064,2.9818,2.9975,-1.1378,1.3746,4.0000,0.0444,1.3788,10.2257,-0.0217,3.0000,0.0000,0.0000,0,20.3355,965.3923,874.2186,919.8055,-45.5869,0.0000,0.0000,965.3923,874.2186
67.207,1,1,heuristic,18.0141,139.0808,1.3878,0.3097,2.9694,2.9855,0.9713,1.3734,4.0000,0.0565,1.3788,10.0829,-0.0195,3.0000,0.0000,0.0000,0,20.3355,855.3923,764.2187,809.8055,-45.5868,0.0000,0.0000,855.3923,764.2187
67.257,1,1,heuristic,18.0303,139.2249,1.3828,0.3152,2.9758,2.9925,0.9597,1.3722,4.0000,0.0689,1.3788,9.9308,-0.0155,3.0000,0.0000,0.0000,0,20.3355,869.0863,744.3420,806.7142,-62.3722,0.0000,0.0000,869.0863,744.3420
67.307,1,1,heuristic,18.0477,139.3781,1.3785,0.3190,2.9697,2.9868,0.9620,1.3711,4.0000,0.0806,1.3788,9.7864,-0.0116,3.0000,0.0000,0.0000,0,20.3355,874.3784,825.0951,849.7367,-24.6417,0.0000,0.0000,874.3784,825.0951
67.357,1,1,heuristic,18.0643,139.5227,1.3731,0.3241,2.9784,2.9960,0.9705,1.3700,4.0000,0.0927,1.3788,9.6328,-0.0085,3.0000,0.0000,0.0000,0,20.3355,778.4612,776.1897,777.3254,-1.1358,0.0000,0.0000,778.4612,776.1897
67.407,1,1,heuristic,18.0643,139.5227,1.3711,0.3241,2.9784,2.9960,-1.1490,1.3689,4.0000,0.1041,1.3788,9.4878,-0.0042,3.0000,0.0000,0.0000,0,20.3355,874.8445,723.6284,799.2365,-75.6081,0.0000,0.0000,874.8445,723.6284
67.457,1,1,heuristic,18.0821,139.6764,1.3657,0.3280,2.9739,2.9920,-1.1620,1.3689,4.0000,0.1041,1.3788,9.4878,-0.0022,3.0000,0.0000,0.0000,0,20.3355,980.7551,718.9402,849.8477,-130.9074,0.0000,0.0000,980.7551,718.9402
67.507,1,1,heuristic,18.0991,139.8213,1.3613,0.3333,2.9828,3.0014,-1.1778,1.3678,4.0000,0.1159,1.3788,9.3336,0.0021,3.0000,0.0000,0.0000,0,20.3355,929.8491,777.5348,853.6920,-76.1571,0.0000,0.0000,929.8491,777.5348
67.557,1,1,heuristic,18.1172,139.9754,1.3563,0.3363,2.9791,2.9980,0.9570,1.3667,4.0000,0.1268,1.3788,9.1883,0.0054,3.0000,0.0000,0.0000,0,20.3355,855.6915,807.3628,831.5271,-24.1643,0.0000,0.0000,855.6915,807.3628
67.607,1,1,heuristic,18.1344,140.1213,1.3509,0.3405,2.9909,3.0102,0.9693,1.3656,4.0000,0.1385,1.3788,9.0338,0.0093,3.0000,0.0000,0.0000,0,20.3355,760.2503,917.0390,838.6446,78.3943,0.0000,0.0000,760.2503,917.0390
67.657,1,1,heuristic,18.1529,140.2762,1.3465,0.3436,2.9886,3.0083,-1.1787,1.3646,4.0000,0.1494,1.3788,8.8875,0.0137,3.0000,0.0000,0.0000,0,20.3355,820.6556,870.2114,845.4335,24.7779,0.0000,0.0000,820.6556,870.2114
67.707,1,1,heuristic,18.1709,140.4221,1.3421,0.3500,2.9989,3.0193,0.9845,1.3635,4.0000,0.1608,1.3788,8.7321,0.0170,3.0000,0.0000,0.0000,0,20.3355,905.8481,878.0542,891.9512,-13.8969,0.0000,0.0000,905.8481,878.0542
67.757,1,1,heuristic,18.1907,140.5768,1.3376,0.3562,2.9941,3.0152,0.9955,1.3626,4.0000,0.1710,1.3788,8.5857,0.0204,3.0000,0.0000,0.0000,0,20.3355,870.4674,823.6285,847.0480,-23.4194,0.0000,0.0000,870.4674,823.6285
67.807,1,1,heuristic,18.2099,140.7228,1.3324,0.3648,3.0034,3.0255,0.9895,1.3616,4.0000,0.1811,1.3788,8.4303,0.0240,3.0000,0.0000,0.0000,0,20.3355,900.9576,931.2190,916.0883,15.1307,0.0000,0.0000,900.9576,931.2190
67.857,1,1,heuristic,18.2099,140.7228,1.3286,0.3648,3.0034,3.0255,-1.1603,1.3608,4.0000,0.1901,1.3788,8.2836,0.0284,3.0000,0.0000,0.0000,0,20.3355,911.0049,849.6961,880.3505,-30.6544,0.0000,0.0000,911.0049,849.6961
67.907,1,1,heuristic,18.2308,140.8777,1.3252,0.3721,2.9987,3.0217,1.0075,1.3608,4.0000,0.1901,1.3788,8.2836,0.0321,3.0000,0.0000,0.0000,0,20.3355,925.8486,871.8168,898.8327,-27.0159,0.0000,0.0000,925.8486,871.8168
67.957,1,1,heuristic,18.2510,141.0241,1.3231,0.3818,3.0088,3.0329,1.0003,1.3599,4.0000,0.1992,1.3788,8.1278,0.0347,3.0000,0.0000,0.0000,0,20.3355,917.6475,895.2806,906.4640,-11.1834,0.0000,0.0000,917.6475,895.2806
68.008,1,1,heuristic,18.2729,141.1796,1.3184,0.3897,3.0053,3.0305,1.0117,1.3592,4.0000,0.2073,1.3788,7.9805,0.0360,3.0000,0.0000,0.0000,0,20.3355,882.7480,962.7707,922.7593,40.0114,0.0000,0.0000,882.7480,962.7707
68.057,1,1,heuristic,18.2940,141.3267,1.3151,0.3999,3.0171,3.0435,-1.1545,1.3584,4.0000,0.2155,1.3788,7.8239,0.0399,3.0000,0.0000,0.0000,0,20.3355,864.6203,860.2108,862.4156,-2.2048,0.0000,0.0000,864.6203,860.2108
68.107,1,1,heuristic,18.2940,141.3267,1.3119,0.3999,3.0171,3.0435,1.0043,1.3577,4.0000,0.2228,1.3788,7.6758,0.0427,3.0000,0.0000,0.0000,0,20.3355,917.8827,775.4451,846.6639,-71.2188,0.0000,0.0000,917.8827,775.4451
68.157,1,1,heuristic,18.3171,141.4832,1.3088,0.4088,3.0155,3.0430,-1.1465,1.3577,4.0000,0.2228,1.3788,7.6758,0.0458,3.0000,0.0000,0.0000,0,20.3355,742.5298,812.2773,777.4035,34.8738,0.0000,0.0000,742.5298,812.2773
68.207,1,1,heuristic,18.3393,141.6307,1.3059,0.4193,3.0270,3.0559,1.0020,1.3570,4.0000,0.2299,1.3788,7.5180,0.0482,3.0000,0.0000,0.0000,0,20.3355,742.5298,812.2773,777.4035,34.8738,0.0000,0.0000,742.5298,812.2773
68.258,1,1,heuristic,18.3631,141.7867,1.3028,0.4271,3.0216,3.0517,-1.1493,1.3565,4.0000,0.2363,1.3788,7.3693,0.0506,3.0000,0.0000,0.0000,0,20.3355,732.2054,880.7341,806.4698,74.2643,0.0000,0.0000,732.2054,880.7341
68.308,1,1,heuristic,18.3860,141.9330,1.3001,0.4369,3.0270,3.0583,1.0375,1.3559,4.0000,0.2427,1.3788,7.2119,0.0530,3.0000,0.0000,0.0000,0,20.3355,737.7245,812.3823,775.0534,37.3289,0.0000,0.0000,737.7245,812.3823
68.357,1,1,heuristic,18.3860,141.9330,1.2974,0.4369,3.0270,3.0583,-1.1435,1.3554,4.0000,0.2482,1.3788,7.0642,0.0553,3.0000,0.0000,0.0000,0,20.3355,723.5753,775.2820,749.4287,25.8533,0.0000,0.0000,723.5753,775.2820
68.407,1,1,heuristic,18.4108,142.0876,1.2946,0.4451,3.0162,3.0488,1.0553,1.3554,4.0000,0.2482,1.3788,7.0642,0.0579,3.0000,0.0000,0.0000,0,20.3355,626.5012,809.3033,717.9022,91.4010,0.0000,0.0000,626.5012,809.3033
68.457,1,1,heuristic,18.4346,142.2325,1.2925,0.4554,3.0168,3.0510,-1.1275,1.3549,4.0000,0.2533,1.3788,6.9080,0.0602,3.0000,0.0000,0.0000,0,20.3355,736.4819,919.3033,827.8926,91.4107,0.0000,0.0000,736.4819,919.3033
68.507,1,1,heuristic,18.4603,142.3850,1.2913,0.4631,3.0000,3.0355,1.0842,1.3545,4.0000,0.2576,1.3788,6.7614,0.0619,3.0000,0.0000,0.0000,0,20.3355,693.2394,937.9529,815.5961,122.3568,0.0000,0.0000,693.2394,937.9529
68.557,1,1,heuristic,18.4851,142.5281,1.2897,0.4739,2.9959,3.0332,-1.1190,1.3540,4.0000,0.2615,1.3788,6.6071,0.0627,3.0000,0.0000,0.0000,0,20.3355,626.1314,827.9529,727.0421,100.9108,0.0000,0.0000,626.1314,827.9529
68.607,1,1,heuristic,18.4851,142.5281,1.2884,0.4739,2.9959,3.0332,-1.0973,1.3538,4.0000,0.2644,1.3788,6.4622,0.0640,3.0000,0.0000,0.0000,0,20.3355,727.1590,718.1987,722.6789,-4.4801,0.0000,0.0000,727.1590,718.1987
68.657,1,1,heuristic,18.5121,142.6788,1.2888,0.4829,2.9766,3.0155,1.1035,1.3538,4.0000,0.2644,1.3788,6.4622,0.0653,3.0000,0.0000,0.0000,0,20.3355,765.9766,673.3648,719.6707,-46.3059,0.0000,0.0000,765.9766,673.3648
68.707,1,1,heuristic,18.5377,142.8195,1.2878,0.4930,2.9675,3.0082,1.1173,1.3535,4.0000,0.2667,1.3788,6.3093,0.0647,3.0000,0.0000,0.0000,0,20.3355,760.5894,783.3574,771.9734,11.3840,0.0000,0.0000,760.5894,783.3574
68.758,1,1,heuristic,18.5648,142.9673,1.2874,0.4984,2.9425,2.9844,-1.1028,1.3533,4.0000,0.2684,1.3788,6.1665,0.0655,3.0000,0.0000,0.0000,0,20.3355,755.2806,887.2235,821.2521,65.9714,0.0000,0.0000,755.2806,887.2235
68.808,1,1,heuristic,18.5903,143.1059,1.2873,0.5053,2.9312,2.9745,1.1118,1.3530,4.0000,0.2700,1.3788,6.0164,0.0656,3.0000,0.0000,0.0000,0,20.3355,726.5330,891.2642,808.8986,82.3656,0.0000,0.0000,726.5330,891.2642
68.857,1,1,heuristic,18.5903,143.1059,1.2871,0.5053,2.9312,2.9745,-1.0910,1.3529,4.0000,0.2714,1.3788,5.8758,0.0656,3.0000,0.0000,0.0000,0,20.3355,825.3225,781.2642,803.2934,-22.0292,0.0000,0.0000,825.3225,781.2642
68.907,1,1,heuristic,18.6179,143.2525,1.2872,0.5104,2.9091,2.9535,1.1327,1.3529,4.0000,0.2714,1.3788,5.8758,0.0658,3.0000,0.0000,0.0000,0,20.3355,824.8049,997.4218,911.1133,86.3084,0.0000,0.0000,824.8049,997.4218
68.957,1,1,heuristic,18.6444,143.3906,1.2874,0.5184,2.9024,2.9483,-1.1110,1.3527,4.0000,0.2723,1.3788,5.7268,0.0655,3.0000,0.0000,0.0000,0,20.3355,824.8049,997.4218,911.1133,86.3084,0.0000,0.0000,824.8049,997.4218
69.007,1,1,heuristic,18.6729,143.5374,1.2878,0.5246,2.8867,2.9340,1.1325,1.3527,4.0000,0.2727,1.3788,5.5864,0.0653,3.0000,0.0000,0.0000,0,20.3355,897.4517,913.9462,905.6990,8.2472,0.0000,0.0000,897.4517,913.9462
69.057,1,1,heuristic,18.7008,143.6769,1.2881,0.5358,2.8906,2.9399,-1.0785,1.3526,4.0000,0.2726,1.3788,5.4370,0.0648,3.0000,0.0000,0.0000,0,20.3355,993.7251,952.5009,973.1130,-20.6121,0.0000,0.0000,993.7251,952.5009
69.107,1,1,heuristic,18.7008,143.6769,1.2889,0.5358,2.8906,2.9399,1.1447,1.3527,4.0000,0.2719,1.3788,5.2949,0.0646,3.0000,0.0000,0.0000,0,20.3355,941.5875,842.5009,892.0442,-49.5433,0.0000,0.0000,941.5875,842.5009
69.157,1,1,heuristic,18.7313,143.8265,1.2897,0.5458,2.8880,2.9391,-1.1230,1.3527,4.0000,0.2719,1.3788,5.2949,0.0638,3.0000,0.0000,0.0000,0,20.3355,831.5875,732.5009,782.0442,-49.5433,0.0000,0.0000,831.5875,732.5009
69.207,1,1,heuristic,18.7607,143.9693,1.2899,0.5592,2.9050,2.9584,1.1415,1.3528,4.0000,0.2705,1.3788,5.1423,0.0631,3.0000,0.0000,0.0000,0,20.3355,891.0869,622.5009,756.7939,-134.2930,0.0000,0.0000,891.0869,622.5009
69.257,1,1,heuristic,18.7921,144.1213,1.2913,0.5681,2.9087,2.9637,1.1287,1.3530,3.9974,0.2689,1.3788,4.9967,0.0631,3.0000,0.0000,0.0000,0,20.3355,781.0869,728.5025,754.7947,-26.2922,0.0000,0.0000,781.0869,728.5025
69.307,1,1,heuristic,18.7921,144.1213,1.2904,0.5681,2.9087,2.9637,-1.1287,1.3532,3.8733,0.2671,1.3788,4.8417,0.0620,3.0000,0.0000,0.0000,0,20.3355,672.4369,757.6669,715.0519,42.6150,0.0000,0.0000,672.4369,757.6669
69.357,1,1,heuristic,18.8215,144.2644,1.2910,0.5770,2.9233,2.9797,-1.1400,1.3532,3.8733,0.2671,1.3788,4.8417,0.0629,3.0000,0.0000,0.0000,0,20.3355,562.4369,867.6669,715.0519,152.6150,0.0000,0.0000,562.4369,867.6669
69.407,1,1,heuristic,18.8527,144.4156,1.2902,0.5818,2.9203,2.9777,-1.1235,1.3534,3.7566,0.2655,1.3788,4.6957,0.0625,3.0000,0.0000,0.0000,0,20.3355,605.1118,974.0409,789.5764,184.4645,0.0000,0.0000,605.1118,974.0409
69.457,1,1,heuristic,18.8826,144.5574,1.2908,0.5899,2.9269,2.9857,-1.1098,1.3536,3.6331,0.2637,1.3788,4.5414,0.0634,3.0000,0.0000,0.0000,0,20.3355,649.5567,991.3097,820.4332,170.8765,0.0000,0.0000,649.5567,991.3097
69.507,1,1,heuristic,18.8826,144.5574,1.2910,0.5899,2.9269,2.9857,-1.0833,1.3539,3.5174,0.2614,1.3788,4.3967,0.0630,3.0000,0.0000,0.0000,0,20.3355,703.9810,984.4385,844.2097,140.2288,0.0000,0.0000,703.9810,984.4385
69.557,1,1,heuristic,18.9152,144.7074,1.2921,0.5971,2.9185,2.9790,-1.0853,1.3539,3.5174,0.2614,1.3788,4.3967,0.0628,3.0000,0.0000,0.0000,0,20.3355,703.9810,984.4385,844.2097,140.2288,0.0000,0.0000,703.9810,984.4385
69.607,1,1,heuristic,18.9466,144.8488,1.2927,0.6089,2.9241,2.9868,-1.0805,1.3542,3.3946,0.2581,1.3788,4.2433,0.0621,3.0000,0.0000,0.0000,0,20.3355,671.9029,979.6905,825.7967,153.8938,0.0000,0.0000,671.9029,979.6905
69.657,1,1,heuristic,18.9808,144.9988,1.2950,0.6187,2.9160,2.9809,1.2110,1.3546,3.2788,0.2542,1.3788,4.0985,0.0619,3.0000,0.0000,0.0000,0,20.3355,658.7667,964.0413,811.4040,152.6373,0.0000,0.0000,658.7667,964.0413
69.707,1,1,heuristic,19.0137,145.1396,1.2980,0.6318,2.9198,2.9873,1.2278,1.3550,3.1558,0.2492,1.3788,3.9448,0.0600,3.0000,0.0000,0.0000,0,20.3355,561.1828,989.9880,775.5854,214.4026,0.0000,0.0000,561.1828,989.9880
69.757,1,1,heuristic,19.0137,145.1396,1.3003,0.6318,2.9198,2.9873,1.2760,1.3555,3.0401,0.2439,1.3788,3.8002,0.0576,3.0000,0.0000,0.0000,0,20.3355,671.0018,952.2505,811.6262,140.6243,0.0000,0.0000,671.0018,952.2505
69.807,1,1,heuristic,19.0492,145.2881,1.3047,0.6419,2.9067,2.9767,1.2705,1.3555,3.0401,0.2439,1.3788,3.8002,0.0553,3.0000,0.0000,0.0000,0,20.3355,707.8469,939.5350,823.6910,115.8440,0.0000,0.0000,707.8469,939.5350
69.857,1,1,heuristic,19.0831,145.4270,1.3069,0.6550,2.9043,2.9772,1.2755,1.3561,2.9181,0.2374,1.3788,3.6476,0.0514,3.0000,0.0000,0.0000,0,20.3355,817.7615,830.6921,824.2268,6.4653,0.0000,0.0000,817.7615,830.6921
69.907,1,1,heuristic,19.1195,145.5738,1.3125,0.6639,2.8881,2.9634,-1.0090,1.3568,2.8037,0.2305,1.3788,3.5046,0.0499,3.0000,0.0000,0.0000,0,20.3355,923.1344,730.4364,826.7854,-96.3490,0.0000,0.0000,923.1344,730.4364
69.957,1,1,heuristic,19.1537,145.7120,1.3185,0.6737,2.8861,2.9637,-1.0337,1.3575,2.6827,0.2229,1.3788,3.3533,0.0450,3.0000,0.0000,0.0000,0,20.3355,918.3880,762.4981,840.4430,-77.9450,0.0000,0.0000,918.3880,762.4981
70.007,1,1,heuristic,19.1537,145.7120,1.3220,0.6737,2.8861,2.9637,-1.0443,1.3582,2.5688,0.2156,1.3788,3.2110,0.0396,3.0000,0.0000,0.0000,0,20.3355,810.5121,740.4106,775.4613,-35.0508,0.0000,0.0000,810.5121,740.4106
70.057,1,1,heuristic,19.1897,145.8587,1.3275,0.6773,2.8731,2.9519,-1.0755,1.3582,2.5688,0.2156,1.3788,3.2110,0.0362,3.0000,0.0000,0.0000,0,20.3355,708.4692,717.6742,713.0717,4.6025,0.0000,0.0000,708.4692,717.6742
70.107,1,1,heuristic,19.2232,145.9970,1.3295,0.6817,2.8748,2.9545,-1.0608,1.3588,2.4480,0.2083,1.3788,3.0600,0.0313,3.0000,0.0000,0.0000,0,20.3355,605.5170,608.0312,606.7741,1.2571,0.0000,0.0000,605.5170,608.0312
70.157,1,1,heuristic,19.2584,146.1428,1.3343,0.6807,2.8608,2.9407,1.2372,1.3706,2.9054,0.2465,1.3942,17.4362,0.0411,3.0000,0.0000,0.0000,0,14.5271,530.9268,520.1445,525.5357,-5.3912,0.0000,0.0000,530.9268,520.1445
70.208,1,1,heuristic,19.2911,146.2784,1.3386,0.6805,2.8536,2.9336,1.2255,1.3714,2.9054,0.2375,1.3942,17.2863,0.0370,3.0000,0.0000,0.0000,0,14.5271,470.9019,501.9136,486.4077,15.5058,0.0000,0.0000,470.9019,501.9136
70.257,1,1,heuristic,19.2911,146.2784,1.3403,0.6805,2.8536,2.9336,1.2485,1.3722,2.9054,0.2292,1.3942,17.1470,0.0335,3.0000,0.0000,0.0000,0,14.5271,580.8069,414.8160,497.8114,-82.9955,0.0000,0.0000,580.8069,414.8160
70.307,1,1,heuristic,19.3249,146.4193,1.3449,0.6746,2.8248,2.9043,1.2243,1.3722,2.9054,0.2292,1.3942,17.1470,0.0318,3.0000,0.0000,0.0000,0,14.5271,681.7081,446.6222,564.1652,-117.5429,0.0000,0.0000,681.7081,446.6222
70.357,1,1,heuristic,19.3560,146.5495,1.3464,0.6691,2.8022,2.8809,1.2312,1.3729,2.9054,0.2206,1.3942,17.0022,0.0280,3.0000,0.0000,0.0000,0,14.5271,677.6586,407.5116,542.5851,-135.0735,0.0000,0.0000,677.6586,407.5116
70.407,1,1,heuristic,19.3560,146.5495,1.3489,0.6691,2.8022,2.8809,-1.1273,1.3736,2.9054,0.2129,1.3942,16.8685,0.0272,3.0000,0.0000,0.0000,0,14.5271,708.3731,516.5275,612.4503,-95.9228,0.0000,0.0000,708.3731,516.5275
70.457,1,1,heuristic,19.3879,146.6853,1.3514,0.6581,2.7640,2.8413,1.1705,1.3736,2.9054,0.2129,1.3942,16.8685,0.0247,3.0000,0.0000,0.0000,0,14.5271,708.3731,516.5275,612.4503,-95.9228,0.0000,0.0000,708.3731,516.5275
70.507,1,1,heuristic,19.4171,146.8115,1.3527,0.6482,2.7373,2.8130,-1.1758,1.3742,2.9054,0.2053,1.3942,16.7292,0.0228,3.0000,0.0000,0.0000,0,14.5271,818.3731,626.5275,722.4503,-95.9228,0.0000,0.0000,818.3731,626.5275
70.557,1,1,heuristic,19.4473,146.9441,1.3536,0.6347,2.6996,2.7732,1.1773,1.3747,2.9054,0.1988,1.3942,16.5997,0.0220,3.0000,0.0000,0.0000,0,14.5271,854.7528,656.3397,755.5463,-99.2066,0.0000,0.0000,854.7528,656.3397
70.607,1,1,heuristic,19.4752,147.0684,1.3539,0.6241,2.6776,2.7494,-1.1758,1.3753,2.9054,0.1923,1.3942,16.4638,0.0216,3.0000,0.0000,0.0000,0,14.5271,946.0726,649.4939,797.7833,-148.2893,0.0000,0.0000,946.0726,649.4939
70.657,1,1,heuristic,19.5045,147.2005,1.3539,0.6117,2.6503,2.7200,1.1527,1.3758,2.9054,0.1867,1.3942,16.3365,0.0219,3.0000,0.0000,0.0000,0,14.5271,836.0730,539.4940,687.7835,-148.2895,0.0000,0.0000,836.0730,539.4940
70.707,1,1,heuristic,19.5045,147.2005,1.3532,0.6117,2.6503,2.7200,-1.2185,1.3762,2.9054,0.1811,1.3942,16.2012,0.0223,3.0000,0.0000,0.0000,0,14.5271,833.9870,490.1230,662.0550,-171.9320,0.0000,0.0000,833.9870,490.1230
70.757,1,1,heuristic,19.5316,147.3257,1.3524,0.6024,2.6417,2.7095,1.1162,1.3762,2.9054,0.1811,1.3942,16.2012,0.0230,3.0000,0.0000,0.0000,0,14.5271,787.5382,598.7127,693.1254,-94.4128,0.0000,0.0000,787.5382,598.7127
70.807,1,1,heuristic,19.5597,147.4582,1.3501,0.5901,2.6232,2.6888,-1.2668,1.3767,2.9054,0.1764,1.3942,16.0732,0.0243,3.0000,0.0000,0.0000,0,14.5271,897.5382,708.7127,803.1254,-94.4128,0.0000,0.0000,897.5382,708.7127
70.857,1,1,heuristic,19.5858,147.5832,1.3485,0.5809,2.6194,2.6830,1.0982,1.3770,2.9054,0.1720,1.3942,15.9377,0.0269,3.0000,0.0000,0.0000,0,14.5271,793.0889,818.7127,805.9008,12.8119,0.0000,0.0000,793.0889,818.7127
70.907,1,1,heuristic,19.5858,147.5832,1.3458,0.5809,2.6194,2.6830,-1.2485,1.3774,2.9054,0.1682,1.3942,15.8100,0.0289,3.0000,0.0000,0.0000,0,14.5271,793.0889,818.7127,805.9008,12.8119,0.0000,0.0000,793.0889,818.7127
70.957,1,1,heuristic,19.6136,147.7172,1.3423,0.5717,2.6106,2.6725,1.1133,1.3774,2.9054,0.1682,1.3942,15.8100,0.0316,3.0000,0.0000,0.0000,0,14.5271,722.6292,925.5114,824.0703,101.4411,0.0000,0.0000,722.6292,925.5114
71.007,1,1,heuristic,19.6404,147.8451,1.3393,0.5688,2.6215,2.6825,-1.2495,1.3778,2.9054,0.1644,1.3942,15.6733,0.0355,3.0000,0.0000,0.0000,0,14.5271,631.0155,908.0354,769.5254,138.5099,0.0000,0.0000,631.0155,908.0354
71.057,1,1,heuristic,19.6696,147.9828,1.3361,0.5675,2.6271,2.6877,-1.2188,1.3782,2.9054,0.1605,1.3942,15.5426,0.0389,3.0000,0.0000,0.0000,0,14.5271,486.7472,688.0354,587.3913,100.6441,0.0000,0.0000,486.7472,688.0354
71.107,1,1,heuristic,19.6982,148.1143,1.3344,0.5732,2.6493,2.7106,-1.2127,1.3786,2.9054,0.1559,1.3942,15.4018,0.0425,3.0000,0.0000,0.0000,0,14.5271,377.5379,578.0354,477.7866,100.2488,0.0000,0.0000,377.5379,578.0354
71.157,1,1,heuristic,19.7292,148.2537,1.3326,0.5778,2.6557,2.7178,1.1845,1.3792,2.9054,0.1509,1.3942,15.2674,0.0448,3.0000,0.0000,0.0000,0,14.5271,377.5379,578.0354,477.7866,100.2488,0.0000,0.0000,377.5379,578.0354
71.207,1,1,heuristic,19.7586,148.3834,1.3310,0.5847,2.6649,2.7283,1.1903,1.3798,2.9054,0.1449,1.3942,15.1246,0.0472,3.0000,0.0000,0.0000,0,14.5271,378.2507,797.9905,588.1206,209.8699,0.0000,0.0000,378.2507,797.9905
71.257,1,1,heuristic,19.7586,148.3834,1.3304,0.5847,2.6649,2.7283,-1.1633,1.3804,2.9054,0.1387,1.3942,14.9917,0.0494,3.0000,0.0000,0.0000,0,14.5271,378.2507,797.9905,588.1206,209.8699,0.0000,0.0000,378.2507,797.9905
71.307,1,1,heuristic,19.7901,148.5191,1.3299,0.5887,2.6537,2.7182,-1.1593,1.3804,2.9054,0.1387,1.3942,14.9917,0.0500,3.0000,0.0000,0.0000,0,14.5271,328.8283,687.9905,508.4094,179.5811,0.0000,0.0000,328.8283,687.9905
71.357,1,1,heuristic,19.8203,148.6458,1.3311,0.5970,2.6510,2.7174,-1.1345,1.3811,2.9054,0.1316,1.3942,14.8526,0.0513,3.0000,0.0000,0.0000,0,14.5271,438.8283,587.2561,513.0422,74.2139,0.0000,0.0000,438.8283,587.2561
71.408,1,1,heuristic,19.8529,148.7783,1.3325,0.6028,2.6306,2.6987,1.2740,1.3819,2.9054,0.1241,1.3942,14.7225,0.0507,3.0000,0.0000,0.0000,0,14.5271,548.8283,514.0995,531.4639,-17.3644,0.0000,0.0000,548.8283,514.0995
71.457,1,1,heuristic,19.8835,148.9010,1.3347,0.6098,2.6156,2.6857,-1.1155,1.3827,2.9054,0.1153,1.3942,14.5862,0.0502,3.0000,0.0000,0.0000,0,14.5271,658.7749,624.0995,641.4372,-17.3377,0.0000,0.0000,658.7749,624.0995
71.507,1,1,heuristic,19.9155,149.0288,1.3372,0.6109,2.5842,2.6554,-1.1195,1.3835,2.9054,0.1067,1.3942,14.4600,0.0488,3.0000,0.0000,0.0000,0,14.5271,560.1750,734.0995,647.1373,86.9622,0.0000,0.0000,560.1750,734.0995
71.557,1,1,heuristic,19.9453,149.1481,1.3410,0.6130,2.5642,2.6365,-1.1390,1.3844,2.9054,0.0977,1.3942,14.3284,0.0472,3.0000,0.0000,0.0000,0,14.5271,488.0562,939.4332,713.7447,225.6885,0.0000,0.0000,488.0562,939.4332
71.607,1,1,heuristic,19.9453,149.1481,1.3438,0.6130,2.5642,2.6365,1.2868,1.3852,2.9054,0.0893,1.3942,14.2058,0.0442,3.0000,0.0000,0.0000,0,14.5271,488.0562,939.4332,713.7447,225.6885,0.0000,0.0000,488.0562,939.4332
71.657,1,1,heuristic,19.9771,149.2736,1.3468,0.6125,2.5342,2.6072,-1.0895,1.3852,2.9054,0.0893,1.3942,14.2058,0.0414,3.0000,0.0000,0.0000,0,14.5271,378.2139,982.3756,680.2947,302.0809,0.0000,0.0000,378.2139,982.3756
71.707,1,1,heuristic,20.0077,149.3916,1.3505,0.6176,2.5189,2.5935,1.3402,1.3861,2.9054,0.0801,1.3942,14.0765,0.0393,3.0000,0.0000,0.0000,0,14.5271,446.8476,999.9663,723.4069,276.5593,0.0000,0.0000,446.8476,999.9663
71.757,1,1,heuristic,20.0411,149.5165,1.3561,0.6228,2.4955,2.5721,-1.0393,1.3870,2.9054,0.0707,1.3942,13.9550,0.0365,3.0000,0.0000,0.0000,0,14.5271,581.4782,943.2139,762.3460,180.8678,0.0000,0.0000,581.4782,943.2139
71.807,1,1,heuristic,20.0737,149.6344,1.3602,0.6340,2.4879,2.5674,1.4040,1.3881,2.9054,0.0597,1.3942,13.8261,0.0320,3.0000,0.0000,0.0000,0,14.5271,691.4782,878.8303,785.1542,93.6761,0.0000,0.0000,691.4782,878.8303
71.857,1,1,heuristic,20.1093,149.7609,1.3678,0.6441,2.4765,2.5589,-1.0225,1.3893,2.9054,0.0483,1.3942,13.7042,0.0291,3.0000,0.0000,0.0000,0,14.5271,581.4782,987.3527,784.4154,202.9373,0.0000,0.0000,581.4782,987.3527
71.907,1,1,heuristic,20.1436,149.8819,1.3764,0.6580,2.4857,2.5713,-1.0092,1.3906,2.9054,0.0355,1.3942,13.5735,0.0227,3.0000,0.0000,0.0000,0,14.5271,581.4782,987.3527,784.4154,202.9373,0.0000,0.0000,581.4782,987.3527
71.957,1,1,heuristic,20.1436,149.8819,1.3837,0.6580,2.4857,2.5713,1.4393,1.3919,2.9054,0.0231,1.3942,13.4482,0.0154,3.0000,0.0000,0.0000,0,14.5271,691.4782,943.8712,817.6747,126.1965,0.0000,0.0000,691.4782,943.8712
72.007,1,1,heuristic,20.1809,150.0128,1.3916,0.6700,2.4920,2.5805,-1.0075,1.3919,2.9054,0.0231,1.3942,13.4482,0.0081,3.0000,0.0000,0.0000,0,14.5271,750.7410,896.4716,823.6063,72.8653,0.0000,0.0000,750.7410,896.4716
72.057,1,1,heuristic,20.2169,150.1388,1.3997,0.6860,2.5183,2.6100,1.4305,1.3932,2.9054,0.0093,1.3942,13.3128,0.0017,3.0000,0.0000,0.0000,0,14.5271,671.4128,963.0789,817.2458,145.8331,0.0000,0.0000,671.4128,963.0789
72.107,1,1,heuristic,20.2557,150.2754,1.4108,0.6979,2.5403,2.6344,1.4480,1.3946,2.9054,-0.0040,1.3942,13.1825,-0.0051,3.0000,0.0000,0.0000,0,14.5271,678.9845,918.4330,798.7087,119.7242,0.0000,0.0000,678.9845,918.4330
72.157,1,1,heuristic,20.2926,150.4069,1.4181,0.7122,2.5800,2.6765,-1.0105,1.3960,2.9054,-0.0182,1.3942,13.0412,-0.0148,3.0000,0.0000,0.0000,0,14.5271,568.9845,808.4330,688.7087,119.7242,0.0000,0.0000,568.9845,808.4330
72.207,1,1,heuristic,20.3320,150.5487,1.4295,0.7215,2.6094,2.7073,-0.9885,1.3973,2.9054,-0.0314,1.3942,12.9053,-0.0208,3.0000,0.0000,0.0000,0,14.5271,568.9845,808.4330,688.7087,119.7242,0.0000,0.0000,568.9845,808.4330
72.257,1,1,heuristic,20.3692,150.6831,1.4385,0.7319,2.6477,2.7470,1.4692,1.3987,2.9054,-0.0454,1.3942,12.7588,-0.0308,3.0000,0.0000,0.0000,0,14.5271,568.9845,759.9258,664.4551,95.4706,0.0000,0.0000,568.9845,759.9258
72.307,1,1,heuristic,20.3692,150.6831,1.4429,0.7319,2.6477,2.7470,-0.9900,1.3999,2.9054,-0.0583,1.3942,12.6200,-0.0385,3.0000,0.0000,0.0000,0,14.5271,467.9563,869.9258,668.9410,200.9847,0.0000,0.0000,467.9563,869.9258
72.357,1,1,heuristic,20.4083,150.8258,1.4535,0.7359,2.6669,2.7666,-0.9978,1.3999,2.9054,-0.0583,1.3942,12.6200,-0.0429,3.0000,0.0000,0.0000,0,14.5271,467.9563,869.9258,668.9410,200.9847,0.0000,0.0000,467.9563,869.9258
72.407,1,1,heuristic,20.4449,150.9598,1.4638,0.7414,2.6919,2.7921,1.4945,1.4013,2.9054,-0.0717,1.3942,12.4727,-0.0522,3.0000,0.0000,0.0000,0,14.5271,357.9711,759.9258,558.9484,200.9773,0.0000,0.0000,357.9711,759.9258
72.457,1,1,heuristic,20.4837,151.1010,1.4720,0.7422,2.6965,2.7968,-0.9800,1.4025,2.9054,-0.0842,1.3942,12.3344,-0.0614,3.0000,0.0000,0.0000,0,14.5271,440.7193,608.4395,524.5794,83.8601,0.0000,0.0000,440.7193,608.4395
72.507,1,1,heuristic,20.5199,151.2320,1.4847,0.7447,2.7028,2.8035,-0.9718,1.4038,2.9054,-0.0976,1.3942,12.1887,-0.0682,3.0000,0.0000,0.0000,0,14.5271,434.3944,501.9033,468.1489,33.7545,0.0000,0.0000,434.3944,501.9033
72.557,1,1,heuristic,20.5199,151.2320,1.4915,0.7447,2.7028,2.8035,-0.9863,1.4050,2.9054,-0.1102,1.3942,12.0536,-0.0797,3.0000,0.0000,0.0000,0,14.5271,544.3944,456.8785,500.6364,-43.7579,0.0000,0.0000,544.3944,456.8785
72.607,1,1,heuristic,20.5576,151.3677,1.5044,0.7407,2.6842,2.7845,-1.0125,1.4050,2.9054,-0.1102,1.3942,12.0536,-0.0865,3.0000,0.0000,0.0000,0,14.5271,654.3939,566.8785,610.6362,-43.7577,0.0000,0.0000,654.3939,566.8785
72.657,1,1,heuristic,20.5921,151.4923,1.5140,0.7364,2.6667,2.7666,1.4728,1.4063,2.9054,-0.1235,1.3942,11.9135,-0.0980,3.0000,0.0000,0.0000,0,14.5271,654.3939,566.8785,610.6362,-43.7577,0.0000,0.0000,654.3939,566.8785
72.707,1,1,heuristic,20.6276,151.6220,1.5215,0.7256,2.6321,2.7302,1.4580,1.4075,2.9054,-0.1356,1.3942,11.7849,-0.1065,3.0000,0.0000,0.0000,0,14.5271,549.2376,676.8785,613.0581,63.8204,0.0000,0.0000,549.2376,676.8785
72.757,1,1,heuristic,20.6600,151.7426,1.5317,0.7156,2.6084,2.7047,1.4465,1.4088,2.9054,-0.1477,1.3942,11.6512,-0.1127,3.0000,0.0000,0.0000,0,14.5271,549.2377,881.9023,715.5700,166.3323,0.0000,0.0000,549.2377,881.9023
72.807,1,1,heuristic,20.6600,151.7426,1.5398,0.7156,2.6084,2.7047,-1.0453,1.4099,2.9054,-0.1585,1.3942,11.5268,-0.1217,3.0000,0.0000,0.0000,0,14.5271,659.2377,772.6728,715.9553,56.7176,0.0000,0.0000,659.2377,772.6728
72.857,1,1,heuristic,20.6938,151.8695,1.5480,0.7024,2.5749,2.6690,1.4475,1.4099,2.9054,-0.1585,1.3942,11.5268,-0.1299,3.0000,0.0000,0.0000,0,14.5271,769.2377,757.9421,763.5899,-5.6478,0.0000,0.0000,769.2377,757.9421
72.907,1,1,heuristic,20.7252,151.9894,1.5579,0.6929,2.5593,2.6515,-1.0710,1.4111,2.9054,-0.1694,1.3942,11.3961,-0.1368,3.0000,0.0000,0.0000,0,14.5271,841.1990,647.9421,744.5706,-96.6285,0.0000,0.0000,841.1990,647.9421
72.957,1,1,heuristic,20.7579,152.1176,1.5638,0.6798,2.5405,2.6299,1.4215,1.4122,2.9054,-0.1793,1.3942,11.2728,-0.1457,3.0000,0.0000,0.0000,0,14.5271,772.1337,537.9421,655.0379,-117.0958,0.0000,0.0000,772.1337,537.9421
73.007,1,1,heuristic,20.7876,152.2399,1.5729,0.6677,2.5421,2.6283,-1.1155,1.4132,2.9054,-0.1889,1.3942,11.1410,-0.1506,3.0000,0.0000,0.0000,0,14.5271,799.6888,427.9421,613.8155,-185.8734,0.0000,0.0000,799.6888,427.9421
73.057,1,1,heuristic,20.8177,152.3709,1.5797,0.6501,2.5373,2.6192,1.3918,1.4140,2.9054,-0.1967,1.3942,11.0155,-0.1590,3.0000,0.0000,0.0000,0,14.5271,908.2255,317.9421,613.0838,-295.1417,0.0000,0.0000,908.2255,317.9421
73.107,1,1,heuristic,20.8177,152.3709,1.5856,0.6501,2.5373,2.6192,-1.1607,1.4147,2.9054,-0.2033,1.3942,10.8815,-0.1651,3.0000,0.0000,0.0000,0,14.5271,798.2255,207.9421,503.0838,-295.1417,0.0000,0.0000,798.2255,207.9421
73.157,1,1,heuristic,20.8446,152.4950,1.5877,0.6321,2.5470,2.6243,-1.1803,1.4147,2.9054,-0.2033,1.3942,10.8815,-0.1710,3.0000,0.0000,0.0000,0,14.5271,864.1773,309.8473,587.0123,-277.1650,0.0000,0.0000,864.1773,309.8473
73.207,1,1,heuristic,20.8711,152.6269,1.5935,0.6077,2.5449,2.6165,-1.2263,1.4151,2.9054,-0.2080,1.3942,10.7547,-0.1725,3.0000,0.0000,0.0000,0,14.5271,948.0659,419.7953,683.9306,-264.1353,0.0000,0.0000,948.0659,419.7953
73.257,1,1,heuristic,20.8943,152.7516,1.5964,0.5826,2.5558,2.6213,1.2652,1.4154,2.9054,-0.2109,1.3942,10.6202,-0.1781,3.0000,0.0000,0.0000,0,14.5271,838.0659,529.7953,683.9306,-154.1353,0.0000,0.0000,838.0659,529.7953
73.307,1,1,heuristic,20.8943,152.7516,1.5983,0.5826,2.5558,2.6213,1.2665,1.4155,2.9054,-0.2118,1.3942,10.4934,-0.1809,3.0000,0.0000,0.0000,0,14.5271,816.8752,639.7953,728.3353,-88.5400,0.0000,0.0000,816.8752,639.7953
73.357,1,1,heuristic,20.9170,152.8854,1.5986,0.5536,2.5591,2.6183,1.2375,1.4155,2.9054,-0.2118,1.3942,10.4934,-0.1828,3.0000,0.0000,0.0000,0,14.5271,816.8752,639.7953,728.3353,-88.5400,0.0000,0.0000,816.8752,639.7953
73.407,1,1,heuristic,20.9373,153.0130,1.5986,0.5271,2.5790,2.6323,-1.3063,1.4154,2.9054,-0.2107,1.3942,10.3577,-0.1832,3.0000,0.0000,0.0000,0,14.5271,922.2778,705.9171,814.0975,-108.1803,0.0000,0.0000,922.2778,705.9171
73.457,1,1,heuristic,20.9373,153.0130,1.5984,0.5271,2.5790,2.6323,-1.3117,1.4151,2.9054,-0.2082,1.3942,10.2285,-0.1835,3.0000,0.0000,0.0000,0,14.5271,965.2773,650.2007,807.7390,-157.5383,0.0000,0.0000,965.2773,650.2007
73.507,1,1,heuristic,20.9575,153.1504,1.5975,0.4995,2.5917,2.6394,1.2323,1.4151,2.9054,-0.2082,1.3942,10.2285,-0.1833,3.0000,0.0000,0.0000,0,14.5271,758.7634,813.5981,786.1808,27.4174,0.0000,0.0000,758.7634,813.5981
73.557,1,1,heuristic,20.9754,153.2818,1.5964,0.4744,2.6205,2.6631,-1.3168,1.4147,2.9054,-0.2040,1.3942,10.0896,-0.1828,3.0000,0.0000,0.0000,0,14.5271,648.7634,703.5981,676.1808,27.4174,0.0000,0.0000,648.7634,703.5981
73.607,1,1,heuristic,20.9754,153.2818,1.5945,0.4744,2.6205,2.6631,-1.3180,1.4141,2.9054,-0.1986,1.3942,9.9571,-0.1823,3.0000,0.0000,0.0000,0,14.5271,538.7635,593.5981,566.1808,27.4173,0.0000,0.0000,538.7635,593.5981
73.657,1,1,heuristic,20.9938,153.4218,1.5940,0.4501,2.6351,2.6733,1.2205,1.4141,2.9054,-0.1986,1.3942,9.9571,-0.1804,3.0000,0.0000,0.0000,0,14.5271,605.7790,483.5982,544.6886,-61.0904,0.0000,0.0000,605.7790,483.5982
73.707,1,1,heuristic,21.0108,153.5529,1.5919,0.4309,2.6543,2.6890,1.2415,1.4134,2.9054,-0.1920,1.3942,9.8159,-0.1806,3.0000,0.0000,0.0000,0,14.5271,715.7530,373.5996,544.6763,-171.0767,0.0000,0.0000,715.7530,373.5996
73.757,1,1,heuristic,21.0108,153.5529,1.5901,0.4309,2.6543,2.6890,-1.3390,1.4127,2.9054,-0.1857,1.3942,9.6838,-0.1792,3.0000,0.0000,0.0000,0,14.5271,825.3420,483.5982,654.4701,-170.8719,0.0000,0.0000,825.3420,483.5982
73.807,1,1,heuristic,21.0283,153.6900,1.5869,0.4121,2.6509,2.6827,-1.3550,1.4127,2.9054,-0.1857,1.3942,9.6838,-0.1774,3.0000,0.0000,0.0000,0,14.5271,825.3420,483.5982,654.4701,-170.8719,0.0000,0.0000,825.3420,483.5982
73.857,1,1,heuristic,21.0440,153.8177,1.5857,0.3951,2.6528,2.6820,-1.3695,1.4120,2.9054,-0.1789,1.3942,9.5456,-0.1748,3.0000,0.0000,0.0000,0,14.5271,931.2494,536.9812,734.1153,-197.1341,0.0000,0.0000,931.2494,536.9812
73.907,1,1,heuristic,21.0596,153.9526,1.5828,0.3762,2.6408,2.6675,1.1935,1.4113,2.9054,-0.1719,1.3942,9.4170,-0.1744,3.0000,0.0000,0.0000,0,14.5271,905.6055,631.4295,768.5175,-137.0880,0.0000,0.0000,905.6055,631.4295
73.957,1,1,heuristic,21.0734,154.0799,1.5794,0.3583,2.6431,2.6672,-1.4067,1.4105,2.9054,-0.1636,1.3942,9.2814,-0.1722,3.0000,0.0000,0.0000,0,14.5271,877.0074,851.2099,864.1087,-12.8988,0.0000,0.0000,877.0074,851.2099
74.007,1,1,heuristic,21.0734,154.0799,1.5754,0.3583,2.6431,2.6672,1.1727,1.4097,2.9054,-0.1548,1.3942,9.1535,-0.1698,3.0000,0.0000,0.0000,0,14.5271,768.2770,829.8241,799.0505,30.7736,0.0000,0.0000,768.2770,829.8241
74.057,1,1,heuristic,21.0872,154.2161,1.5708,0.3399,2.6384,2.6602,1.1715,1.4097,2.9054,-0.1548,1.3942,9.1535,-0.1658,3.0000,0.0000,0.0000,0,14.5271,658.2770,726.7007,692.4888,34.2118,0.0000,0.0000,658.2770,726.7007
74.107,1,1,heuristic,21.1000,154.3462,1.5680,0.3250,2.6527,2.6726,-1.3998,1.4086,2.9054,-0.1445,1.3942,9.0168,-0.1622,3.0000,0.0000,0.0000,0,14.5271,702.8717,825.1649,764.0183,61.1466,0.0000,0.0000,702.8717,825.1649
74.157,1,1,heuristic,21.1134,154.4850,1.5629,0.3114,2.6563,2.6745,-1.3818,1.4076,2.9054,-0.1342,1.3942,8.8864,-0.1604,3.0000,0.0000,0.0000,0,14.5271,702.8717,825.1649,764.0183,61.1466,0.0000,0.0000,702.8717,825.1649
74.207,1,1,heuristic,21.1260,154.6168,1.5590,0.3017,2.6741,2.6910,1.2115,1.4065,2.9054,-0.1229,1.3942,8.7472,-0.1565,3.0000,0.0000,0.0000,0,14.5271,698.4619,605.1649,651.8134,-46.6485,0.0000,0.0000,698.4619,605.1649
74.257,1,1,heuristic,21.1260,154.6168,1.5564,0.3017,2.6741,2.6910,1.2205,1.4054,2.9054,-0.1122,1.3942,8.6151,-0.1537,3.0000,0.0000,0.0000,0,14.5271,808.4619,495.1649,651.8134,-156.6485,0.0000,0.0000,808.4619,495.1649
74.307,1,1,heuristic,21.1393,154.7573,1.5522,0.2924,2.6797,2.6956,1.2165,1.4054,2.9054,-0.1122,1.3942,8.6151,-0.1511,3.0000,0.0000,0.0000,0,14.5271,698.5009,385.2944,541.8977,-156.6032,0.0000,0.0000,698.5009,385.2944
74.357,1,1,heuristic,21.1513,154.8898,1.5497,0.2843,2.6959,2.7108,1.2087,1.4042,2.9054,-0.1006,1.3942,8.4743,-0.1480,3.0000,0.0000,0.0000,0,14.5271,706.1623,488.4547,597.3085,-108.8538,0.0000,0.0000,706.1623,488.4547
74.407,1,1,heuristic,21.1635,155.0299,1.5451,0.2741,2.6953,2.7092,1.2078,1.4030,2.9054,-0.0892,1.3942,8.3416,-0.1467,3.0000,0.0000,0.0000,0,14.5271,811.0820,578.1558,694.6189,-116.4631,0.0000,0.0000,811.0820,578.1558
74.457,1,1,heuristic,21.1744,155.1613,1.5412,0.2649,2.7039,2.7168,-1.4200,1.4018,2.9054,-0.0765,1.3942,8.2015,-0.1433,3.0000,0.0000,0.0000,0,14.5271,920.8921,473.3429,697.1175,-223.7746,0.0000,0.0000,920.8921,473.3429
74.507,1,1,heuristic,21.1744,155.1613,1.5380,0.2649,2.7039,2.7168,-1.4238,1.4006,2.9054,-0.0642,1.3942,8.0701,-0.1407,3.0000,0.0000,0.0000,0,14.5271,994.0004,469.4985,731.7494,-262.2509,0.0000,0.0000,994.0004,469.4985
74.557,1,1,heuristic,21.1854,155.3010,1.5322,0.2542,2.7002,2.7122,-1.4510,1.4006,2.9054,-0.0642,1.3942,8.0701,-0.1374,3.0000,0.0000,0.0000,0,14.5271,936.9130,359.4985,648.2058,-288.7073,0.0000,0.0000,936.9130,359.4985
74.607,1,1,heuristic,21.1950,155.4330,1.5281,0.2432,2.7104,2.7213,-1.4750,1.3992,2.9054,-0.0505,1.3942,7.9306,-0.1330,3.0000,0.0000,0.0000,0,14.5271,905.2989,377.4143,641.3566,-263.9423,0.0000,0.0000,905.2989,377.4143
74.657,1,1,heuristic,21.2041,155.5729,1.5221,0.2296,2.7065,2.7162,1.0882,1.3978,2.9054,-0.0367,1.3942,7.7988,-0.1302,3.0000,0.0000,0.0000,0,14.5271,821.8673,487.4079,654.6376,-167.2297,0.0000,0.0000,821.8673,487.4079
74.707,1,1,heuristic,21.2118,155.7041,1.5134,0.2157,2.7115,2.7201,1.0960,1.3963,2.9054,-0.0211,1.3942,7.6594,-0.1258,3.0000,0.0000,0.0000,0,14.5271,711.8673,377.4079,544.6376,-167.2297,0.0000,0.0000,711.8673,377.4079
74.757,1,1,heuristic,21.2118,155.7041,1.5097,0.2157,2.7115,2.7201,1.0962,1.3947,2.9054,-0.0056,1.3942,7.5290,-0.1187,3.0000,0.0000,0.0000,0,14.5271,608.2057,487.4079,547.8068,-60.3989,0.0000,0.0000,608.2057,487.4079
74.807,1,1,heuristic,21.2192,155.8415,1.4996,0.2011,2.6980,2.7055,-1.5283,1.3947,2.9054,-0.0056,1.3942,7.5290,-0.1150,3.0000,0.0000,0.0000,0,14.5271,715.5906,597.3852,656.4879,-59.1027,0.0000,0.0000,715.5906,597.3852
74.857,1,1,heuristic,21.2259,155.9692,1.4935,0.1887,2.6904,2.6970,1.1090,1.3931,2.9054,0.0112,1.3942,7.3923,-0.1066,3.0000,0.0000,0.0000,0,14.5271,621.5357,598.0023,609.7690,-11.7667,0.0000,0.0000,621.5357,598.0023
74.907,1,1,heuristic,21.2329,156.1034,1.4829,0.1781,2.6682,2.6742,-1.5200,1.3915,2.9054,0.0271,1.3942,7.2655,-0.1020,3.0000,0.0000,0.0000,0,14.5271,731.5357,608.1923,669.8640,-61.6717,0.0000,0.0000,731.5357,608.1923
74.957,1,1,heuristic,21.2329,156.1034,1.4746,0.1781,2.6682,2.6742,1.1148,1.3898,2.9054,0.0437,1.3942,7.1323,-0.0930,3.0000,0.0000,0.0000,0,14.5271,827.1598,564.2419,695.7008,-131.4589,0.0000,0.0000,827.1598,564.2419
75.007,1,1,heuristic,21.2397,156.2288,1.4684,0.1708,2.6574,2.6629,-1.5077,1.3898,2.9054,0.0437,1.3942,7.1323,-0.0848,3.0000,0.0000,0.0000,0,14.5271,873.3087,455.5785,664.4436,-208.8651,0.0000,0.0000,873.3087,455.5785
75.057,1,1,heuristic,21.2469,156.3618,1.4603,0.1644,2.6372,2.6423,1.1305,1.3883,2.9054,0.0590,1.3942,7.0077,-0.0801,3.0000,0.0000,0.0000,0,14.5271,873.3087,455.5785,664.4436,-208.8651,0.0000,0.0000,873.3087,455.5785
75.107,1,1,heuristic,21.2535,156.4871,1.4519,0.1588,2.6319,2.6367,-1.5317,1.3866,2.9054,0.0753,1.3942,6.8757,-0.0737,3.0000,0.0000,0.0000,0,14.5271,763.9782,675.5495,719.7639,-44.2143,0.0000,0.0000,763.9782,675.5495
75.158,1,1,heuristic,21.2535,156.4871,1.4449,0.1588,2.6319,2.6367,-1.5563,1.3851,2.9054,0.0909,1.3942,6.7514,-0.0669,3.0000,0.0000,0.0000,0,14.5271,763.9782,675.5495,719.7639,-44.2143,0.0000,0.0000,763.9782,675.5495
75.207,1,1,heuristic,21.2604,156.6204,1.4348,0.1534,2.6184,2.6229,-1.5260,1.3851,2.9054,0.0909,1.3942,6.7514,-0.0598,3.0000,0.0000,0.0000,0,14.5271,723.2884,604.4792,663.8838,-59.4046,0.0000,0.0000,723.2884,604.4792
75.257,1,1,heuristic,21.2672,156.7470,1.4263,0.1512,2.6220,2.6263,1.1298,1.3834,2.9054,0.1075,1.3942,6.6192,-0.0514,3.0000,0.0000,0.0000,0,14.5271,643.3772,714.4792,678.9282,35.5510,0.0000,0.0000,643.3772,714.4792
75.307,1,1,heuristic,21.2748,156.8820,1.4177,0.1503,2.6170,2.6213,-1.5235,1.3818,2.9054,0.1230,1.3942,6.4937,-0.0445,3.0000,0.0000,0.0000,0,14.5271,533.3898,824.4766,678.9332,145.5434,0.0000,0.0000,533.3898,824.4766
75.357,1,1,heuristic,21.2825,157.0100,1.4097,0.1525,2.6267,2.6312,1.1533,1.3802,2.9054,0.1393,1.3942,6.3598,-0.0376,3.0000,0.0000,0.0000,0,14.5271,423.3898,934.4766,678.9332,255.5434,0.0000,0.0000,423.3898,934.4766
75.407,1,1,heuristic,21.2918,157.1464,1.4000,0.1578,2.6262,2.6310,-1.4772,1.3787,2.9054,0.1541,1.3942,6.2329,-0.0310,3.0000,0.0000,0.0000,0,14.5271,532.9872,824.4766,678.7319,145.7447,0.0000,0.0000,532.9872,824.4766
75.457,1,1,heuristic,21.3020,157.2757,1.3920,0.1684,2.6395,2.6448,-1.4243,1.3772,2.9054,0.1689,1.3942,6.0973,-0.0228,3.0000,0.0000,0.0000,0,14.5271,475.5219,714.4766,594.9993,119.4773,0.0000,0.0000,475.5219,714.4766
75.507,1,1,heuristic,21.3020,157.2757,1.3864,0.1684,2.6395,2.6448,1.2503,1.3760,2.9054,0.1817,1.3942,5.9687,-0.0160,3.0000,0.0000,0.0000,0,14.5271,491.0518,604.4766,547.7642,56.7124,0.0000,0.0000,491.0518,604.4766
75.557,1,1,heuristic,21.3139,157.4130,1.3819,0.1805,2.6399,2.6461,-1.4105,1.3760,2.9054,0.1817,1.3942,5.9687,-0.0105,3.0000,0.0000,0.0000,0,14.5271,524.6699,714.4766,619.5733,94.9033,0.0000,0.0000,524.6699,714.4766
75.607,1,1,heuristic,21.3258,157.5419,1.3780,0.1942,2.6489,2.6561,1.2763,1.3747,2.9054,0.1941,1.3942,5.8319,-0.0072,3.0000,0.0000,0.0000,0,14.5271,470.2109,676.4927,573.3518,103.1409,0.0000,0.0000,470.2109,676.4927
75.657,1,1,heuristic,21.3392,157.6779,1.3749,0.2069,2.6420,2.6501,-1.3750,1.3737,2.9054,0.2050,1.3942,5.7033,-0.0044,3.0000,0.0000,0.0000,0,14.5271,360.7401,786.4731,573.6066,212.8665,0.0000,0.0000,360.7401,786.4731
75.707,1,1,heuristic,21.3525,157.8051,1.3722,0.2209,2.6436,2.6528,1.3220,1.3726,2.9054,0.2157,1.3942,5.5677,-0.0023,3.0000,0.0000,0.0000,0,14.5271,463.9311,676.4748,570.2030,106.2719,0.0000,0.0000,463.9311,676.4748
75.757,1,1,heuristic,21.3525,157.8051,1.3704,0.2209,2.6436,2.6528,-1.3460,1.3717,2.9054,0.2249,1.3942,5.4406,-0.0006,3.0000,0.0000,0.0000,0,14.5271,531.5577,641.8005,586.6791,55.1214,0.0000,0.0000,531.5577,641.8005
75.807,1,1,heuristic,21.3675,157.9386,1.3691,0.2342,2.6284,2.6388,1.3420,1.3717,2.9054,0.2249,1.3942,5.4406,0.0013,3.0000,0.0000,0.0000,0,14.5271,498.2903,531.8005,515.0454,16.7551,0.0000,0.0000,498.2903,531.8005
75.857,1,1,heuristic,21.3820,158.0631,1.3685,0.2481,2.6214,2.6331,-1.3337,1.3707,2.9054,0.2337,1.3942,5.3070,0.0017,3.0000,0.0000,0.0000,0,14.5271,516.8071,572.7269,544.7670,27.9599,0.0000,0.0000,516.8071,572.7269
75.907,1,1,heuristic,21.3976,158.1933,1.3674,0.2583,2.5982,2.6110,-1.3360,1.3700,2.9054,0.2412,1.3942,5.1824,0.0015,3.0000,0.0000,0.0000,0,14.5271,613.6169,682.7269,648.1719,34.5550,0.0000,0.0000,613.6169,682.7269
75.957,1,1,heuristic,21.4122,158.3145,1.3680,0.2675,2.5832,2.5970,-1.3382,1.3691,2.9054,0.2488,1.3942,5.0519,0.0018,3.0000,0.0000,0.0000,0,14.5271,652.7992,792.7269,722.7631,69.9639,0.0000,0.0000,652.7992,792.7269
76.007,1,1,heuristic,21.4278,158.4422,1.3675,0.2741,2.5578,2.5725,-1.3368,1.3684,2.8651,0.2557,1.3942,4.9306,0.0003,3.0000,0.0000,0.0000,0,14.5271,542.7992,902.7269,722.7631,179.9639,0.0000,0.0000,542.7992,902.7269
76.057,1,1,heuristic,21.4431,158.5630,1.3686,0.2829,2.5497,2.5654,-1.3100,1.3675,2.7908,0.2627,1.3942,4.8027,0.0001,3.0000,0.0000,0.0000,0,14.5271,432.7992,977.6036,705.2014,272.4022,0.0000,0.0000,432.7992,977.6036
76.107,1,1,heuristic,21.4431,158.5630,1.3686,0.2829,2.5497,2.5654,-1.2940,1.3669,2.7204,0.2689,1.3942,4.6816,-0.0017,3.0000,0.0000,0.0000,0,14.5271,432.8508,869.8388,651.3448,218.4940,0.0000,0.0000,432.8508,869.8388
76.157,1,1,heuristic,21.4604,158.6918,1.3714,0.2930,2.5353,2.5522,1.4420,1.3669,2.7204,0.2689,1.3942,4.6816,-0.0017,3.0000,0.0000,0.0000,0,14.5271,322.8508,957.1523,640.0016,317.1508,0.0000,0.0000,322.8508,957.1523
76.207,1,1,heuristic,21.4778,158.8135,1.3737,0.3069,2.5352,2.5537,1.4658,1.3663,2.6453,0.2745,1.3942,4.5523,-0.0051,3.0000,0.0000,0.0000,0,14.5271,219.5332,851.6905,535.6119,316.0786,0.0000,0.0000,219.5332,851.6905
76.257,1,1,heuristic,21.4977,158.9428,1.3769,0.3218,2.5252,2.5456,-1.2090,1.3658,2.5742,0.2787,1.3942,4.4299,-0.0078,3.0000,0.0000,0.0000,0,14.5271,122.6256,810.5838,466.6047,343.9791,0.0000,0.0000,122.6256,810.5838
76.307,1,1,heuristic,21.5175,159.0640,1.3814,0.3403,2.5253,2.5481,1.5373,1.3655,2.4985,0.2819,1.3942,4.2997,-0.0114,3.0000,0.0000,0.0000,0,14.5271,73.4165,703.7933,388.6049,315.1884,0.0000,0.0000,73.4165,703.7933
76.357,1,1,heuristic,21.5175,159.0640,1.3869,0.3403,2.5253,2.5481,-1.1670,1.3653,2.4273,0.2836,1.3942,4.1772,-0.0161,3.0000,0.0000,0.0000,0,14.5271,-36.5835,665.0301,314.2233,350.8068,0.0000,0.0000,-36.5835,665.0301
76.407,1,1,heuristic,21.5398,159.1909,1.3936,0.3578,2.5085,2.5339,1.5945,1.3653,2.4273,0.2836,1.3942,4.1772,-0.0215,3.0000,0.0000,0.0000,0,14.5271,68.9661,652.0604,360.5133,291.5472,0.0000,0.0000,68.9661,652.0604
76.457,1,1,heuristic,21.5617,159.3083,1.4012,0.3775,2.4959,2.5243,-1.1195,1.3652,2.3526,0.2840,1.3942,4.0487,-0.0284,3.0000,0.0000,0.0000,0,14.5271,178.9661,542.0604,360.5133,181.5472,0.0000,0.0000,178.9661,542.0604
76.507,1,1,heuristic,21.5854,159.4302,1.4100,0.3933,2.4656,2.4968,1.6238,1.3653,2.2834,0.2831,1.3942,3.9295,-0.0359,3.0000,0.0000,0.0000,0,14.5271,288.9661,432.0604,360.5133,71.5472,0.0000,0.0000,288.9661,432.0604
76.557,1,1,heuristic,21.6079,159.5430,1.4194,0.4081,2.4424,2.4762,-1.1038,1.3653,2.2113,0.2812,1.3942,3.8055,-0.0447,3.0000,0.0000,0.0000,0,14.5271,246.4909,322.0604,284.2756,37.7848,0.0000,0.0000,246.4909,322.0604
76.607,1,1,heuristic,21.6079,159.5430,1.4294,0.4081,2.4424,2.4762,1.6198,1.3655,2.1446,0.2789,1.3942,3.6907,-0.0539,3.0000,0.0000,0.0000,0,14.5271,348.7139,212.0605,280.3872,-68.3267,0.0000,0.0000,348.7139,212.0605
76.657,1,1,heuristic,21.6312,159.6601,1.4393,0.4161,2.4043,2.4400,-1.1188,1.3655,2.1446,0.2789,1.3942,3.6907,-0.0639,3.0000,0.0000,0.0000,0,14.5271,431.9743,239.2832,335.6287,-96.3455,0.0000,0.0000,431.9743,239.2832
76.707,1,1,heuristic,21.6523,159.7674,1.4515,0.4209,2.3707,2.4078,1.5905,1.3656,2.0754,0.2765,1.3942,3.5715,-0.0737,3.0000,0.0000,0.0000,0,14.5271,241.0019,22.9283,131.9651,-109.0368,0.0000,0.0000,241.0019,22.9283
76.757,1,1,heuristic,21.6735,159.8781,1.4606,0.4181,2.3220,2.3594,-1.1855,1.3656,2.0119,0.2746,1.3942,3.4623,-0.0859,3.0000,0.0000,0.0000,0,14.5271,241.0019,22.9283,131.9651,-109.0368,0.0000,0.0000,241.0019,22.9283
76.807,1,1,heuristic,21.6922,159.9785,1.4691,0.4124,2.2761,2.3132,1.5565,1.3656,1.9466,0.2732,1.3942,3.3499,-0.0950,3.0000,0.0000,0.0000,0,14.5271,174.7225,8.4824,91.6025,-83.1200,0.0000,0.0000,174.7225,8.4824
76.857,1,1,heuristic,21.7105,160.0797,1.4767,0.4006,2.2102,2.2462,-1.2375,1.3654,1.8874,0.2724,1.3942,3.2481,-0.1037,3.0000,0.0000,0.0000,0,14.5271,64.7225,111.2076,87.9651,23.2426,0.0000,0.0000,64.7225,111.2076
76.907,1,1,heuristic,21.7267,160.1701,1.4853,0.3879,2.1448,2.1796,-1.2445,1.3652,1.8278,0.2721,1.3942,3.1455,-0.1116,3.0000,0.0000,0.0000,0,14.5271,13.2569,52.6547,32.9558,19.6989,0.0000,0.0000,13.2569,52.6547
76.958,1,1,heuristic,21.7267,160.1701,1.4913,0.3879,2.1448,2.1796,1.4985,1.3648,1.7747,0.2721,1.3942,3.0541,-0.1204,3.0000,0.0000,0.0000,0,14.5271,123.2569,162.6538,142.9553,19.6984,0.0000,0.0000,123.2569,162.6538
77.007,1,1,heuristic,21.7430,160.2606,1.4992,0.3731,2.0637,2.0971,1.5150,1.3648,1.7747,0.2721,1.3942,3.0541,-0.1265,3.0000,0.0000,0.0000,0,14.5271,229.0266,272.5945,250.8105,21.7840,0.0000,0.0000,229.0266,272.5945
77.057,2,1,heuristic,21.7578,160.3412,1.5031,0.3602,1.9868,2.0192,-1.2452,1.3761,1.5000,0.2498,1.3867,23.5886,-0.1231,3.0000,0.0000,3.0000,0,20.6353,119.0266,249.4108,184.2187,65.1921,0.0000,0.0000,119.0266,249.4108
77.107,2,1,heuristic,21.7731,160.4233,1.5077,0.3468,1.9052,1.9365,-1.2495,1.3761,1.5000,0.2499,1.3867,23.5067,-0.1270,3.0000,0.0000,3.0000,0,20.6353,229.0266,139.4108,184.2187,-44.8079,0.0000,0.0000,229.0266,139.4108
77.157,2,1,heuristic,21.7873,160.4984,1.5126,0.3367,1.8373,1.8679,1.5085,1.3760,1.5000,0.2500,1.3867,23.4232,-0.1317,3.0000,0.0000,3.0000,0,20.6353,339.0266,29.4108,184.2187,-154.8079,0.0000,0.0000,339.0266,29.4108
77.207,2,1,heuristic,21.8020,160.5761,1.5194,0.3258,1.7686,1.7984,1.5035,1.3760,1.5000,0.2498,1.3867,23.3467,-0.1366,3.0000,0.0000,3.0000,0,20.6353,297.0662,-80.5892,108.2385,-188.8277,0.0000,0.0000,297.0662,-80.5892
77.257,2,1,heuristic,21.8020,160.5761,1.5224,0.3258,1.7686,1.7984,-1.3262,1.3760,1.5000,0.2496,1.3867,23.2677,-0.1434,3.0000,0.0000,3.0000,0,20.6353,304.0874,-52.3654,125.8610,-178.2264,0.0000,0.0000,304.0874,-52.3654
77.307,2,1,heuristic,21.8151,160.6478,1.5251,0.3154,1.7136,1.7424,1.4485,1.3760,1.5000,0.2496,1.3867,23.2677,-0.1464,3.0000,0.0000,3.0000,0,20.6353,194.0874,57.6173,125.8524,-68.2351,0.0000,0.0000,194.0874,57.6173
77.357,2,1,heuristic,21.8280,160.7221,1.5291,0.3019,1.6568,1.6841,1.4472,1.3759,1.5000,0.2497,1.3867,23.1948,-0.1492,3.0000,0.0000,3.0000,0,20.6353,285.9468,108.3643,197.1555,-88.7912,0.0000,0.0000,285.9468,108.3643
77.407,2,1,heuristic,21.8391,160.7910,1.5316,0.2878,1.6126,1.6381,-1.3495,1.3758,1.5000,0.2507,1.3867,23.1193,-0.1532,3.0000,0.0000,3.0000,0,20.6353,285.9468,108.3643,197.1555,-88.7912,0.0000,0.0000,285.9468,108.3643
77.457,2,1,heuristic,21.8391,160.7910,1.5331,0.2878,1.6126,1.6381,-1.3730,1.3757,1.5000,0.2524,1.3867,23.0496,-0.1559,3.0000,0.0000,3.0000,0,20.6353,395.9468,-1.6357,197.1555,-198.7912,0.0000,0.0000,395.9468,-1.6357
77.507,2,1,heuristic,21.8501,160.8638,1.5350,0.2725,1.5699,1.5933,-1.3985,1.3757,1.5000,0.2524,1.3867,23.0496,-0.1573,3.0000,0.0000,3.0000,0,20.6353,473.8639,-23.3344,225.2647,-248.5991,0.0000,0.0000,473.8639,-23.3344
77.557,2,1,heuristic,21.8598,160.9324,1.5353,0.2584,1.5417,1.5632,-1.4060,1.3756,1.5000,0.2549,1.3867,22.9761,-0.1594,3.0000,0.0000,3.0000,0,20.6353,363.8639,86.6656,225.2647,-138.5991,0.0000,0.0000,363.8639,86.6656
77.607,2,1,heuristic,21.8598,160.9324,1.5358,0.2584,1.5417,1.5632,1.3895,1.3754,1.5000,0.2579,1.3867,22.9069,-0.1599,3.0000,0.0000,3.0000,0,20.6353,473.8636,189.4732,331.6684,-142.1952,0.0000,0.0000,473.8636,189.4732
77.657,2,1,heuristic,21.8691,161.0055,1.5351,0.2423,1.5144,1.5337,-1.4625,1.3754,1.5000,0.2579,1.3867,22.9069,-0.1603,3.0000,0.0000,3.0000,0,20.6353,393.5725,79.4732,236.5228,-157.0497,0.0000,0.0000,393.5725,79.4732
77.707,2,1,heuristic,21.8770,161.0750,1.5348,0.2270,1.5011,1.5182,1.3442,1.3752,1.5000,0.2622,1.3867,22.8334,-0.1599,3.0000,0.0000,3.0000,0,20.6353,283.5725,189.4732,236.5228,-47.0497,0.0000,0.0000,283.5725,189.4732
77.757,2,1,heuristic,21.8849,161.1495,1.5338,0.2119,1.4878,1.5028,1.3610,1.3749,1.5000,0.2671,1.3867,22.7637,-0.1599,3.0000,0.0000,3.0000,0,20.6353,324.4330,194.0405,259.2367,-65.1963,0.0000,0.0000,324.4330,194.0405
77.807,2,1,heuristic,21.8849,161.1495,1.5304,0.2119,1.4878,1.5028,-1.4790,1.3747,1.5000,0.2730,1.3867,22.6890,-0.1591,3.0000,0.0000,3.0000,0,20.6353,317.6449,202.5375,260.0912,-57.5537,0.0000,0.0000,317.6449,202.5375
77.857,2,1,heuristic,21.8921,161.2201,1.5300,0.1997,1.4844,1.4978,1.3417,1.3747,1.5000,0.2730,1.3867,22.6890,-0.1557,3.0000,0.0000,3.0000,0,20.6353,367.4390,355.7419,361.5904,-5.8485,0.0000,0.0000,367.4390,355.7419
77.907,2,1,heuristic,21.8997,161.2955,1.5269,0.1887,1.4772,1.4892,1.3422,1.3744,1.5000,0.2788,1.3867,22.6184,-0.1557,3.0000,0.0000,3.0000,0,20.6353,475.2101,250.3459,362.7780,-112.4321,0.0000,0.0000,475.2101,250.3459
77.957,2,1,heuristic,21.9067,161.3676,1.5243,0.1804,1.4823,1.4933,-1.4783,1.3740,1.5000,0.2852,1.3867,22.5430,-0.1528,3.0000,0.0000,3.0000,0,20.6353,475.2101,250.3459,362.7780,-112.4321,0.0000,0.0000,475.2101,250.3459
78.007,2,1,heuristic,21.9067,161.3676,1.5215,0.1804,1.4823,1.4933,1.3397,1.3737,1.5000,0.2915,1.3867,22.4709,-0.1506,3.0000,0.0000,3.0000,0,20.6353,484.2327,360.3459,422.2893,-61.9434,0.0000,0.0000,484.2327,360.3459
78.057,2,1,heuristic,21.9139,161.4456,1.5185,0.1719,1.4858,1.4957,-1.5023,1.3737,1.5000,0.2915,1.3867,22.4709,-0.1478,3.0000,0.0000,3.0000,0,20.6353,542.7374,250.3459,396.5417,-146.1957,0.0000,0.0000,542.7374,250.3459
78.107,2,1,heuristic,21.9203,161.5207,1.5160,0.1643,1.5015,1.5104,-1.5128,1.3733,1.5000,0.2987,1.3867,22.3930,-0.1452,3.0000,0.0000,3.0000,0,20.6353,455.3337,265.7734,360.5536,-94.7802,0.0000,0.0000,455.3337,265.7734
78.157,2,1,heuristic,21.9268,161.6023,1.5126,0.1561,1.5151,1.5231,1.3085,1.3730,1.5000,0.3061,1.3867,22.3181,-0.1430,3.0000,0.0000,3.0000,0,20.6353,492.5156,185.7947,339.1551,-153.3604,0.0000,0.0000,492.5156,185.7947
78.207,2,1,heuristic,21.9324,161.6806,1.5078,0.1484,1.5384,1.5456,1.3075,1.3725,1.5000,0.3148,1.3867,22.2369,-0.1401,3.0000,0.0000,3.0000,0,20.6353,514.2518,219.2514,366.7516,-147.5002,0.0000,0.0000,514.2518,219.2514
78.257,2,1,heuristic,21.9324,161.6806,1.5048,0.1484,1.5384,1.5456,1.3128,1.3721,1.5000,0.3235,1.3867,22.1590,-0.1357,3.0000,0.0000,3.0000,0,20.6353,423.3604,230.6662,327.0133,-96.3471,0.0000,0.0000,423.3604,230.6662
78.307,2,1,heuristic,21.9379,161.7652,1.4992,0.1400,1.5559,1.5622,1.3048,1.3721,1.5000,0.3235,1.3867,22.1590,-0.1327,3.0000,0.0000,3.0000,0,20.6353,416.9338,278.9105,347.9221,-69.0117,0.0000,0.0000,416.9338,278.9105
78.357,2,1,heuristic,21.9429,161.8460,1.4969,0.1325,1.5817,1.5872,1.3070,1.3716,1.5000,0.3336,1.3867,22.0750,-0.1276,3.0000,0.0000,3.0000,0,20.6353,364.8836,267.4324,316.1580,-48.7256,0.0000,0.0000,364.8836,267.4324
78.407,2,1,heuristic,21.9480,161.9329,1.4906,0.1259,1.5996,1.6045,-1.5575,1.3711,1.5000,0.3436,1.3867,21.9947,-0.1258,3.0000,0.0000,3.0000,0,20.6353,401.5133,253.5897,327.5515,-73.9618,0.0000,0.0000,401.5133,253.5897
78.457,2,1,heuristic,21.9530,162.0156,1.4843,0.1214,1.6241,1.6286,-1.5563,1.3705,1.5000,0.3544,1.3867,21.9086,-0.1201,3.0000,0.0000,3.0000,0,20.6353,450.6346,231.9569,341.2958,-109.3389,0.0000,0.0000,450.6346,231.9569
78.507,2,1,heuristic,21.9530,162.0156,1.4816,0.1214,1.6241,1.6286,-1.5755,1.3700,1.5000,0.3646,1.3867,21.8266,-0.1143,3.0000,0.0000,3.0000,0,20.6353,382.8473,267.8775,325.3624,-57.4849,0.0000,0.0000,382.8473,267.8775
78.557,2,1,heuristic,21.9583,162.1041,1.4750,0.1174,1.6398,1.6440,1.3065,1.3700,1.5000,0.3646,1.3867,21.8266,-0.1116,3.0000,0.0000,3.0000,0,20.6353,341.6530,266.0530,303.8530,-37.8000,0.0000,0.0000,341.6530,266.0530
78.607,2,1,heuristic,21.9633,162.1882,1.4708,0.1148,1.6621,1.6661,-1.5580,1.3694,1.5000,0.3757,1.3867,21.7387,-0.1056,3.0000,0.0000,3.0000,0,20.6353,371.7945,207.1439,289.4692,-82.3253,0.0000,0.0000,371.7945,207.1439
78.657,2,1,heuristic,21.9633,162.1882,1.4655,0.1148,1.6621,1.6661,1.3025,1.3689,1.5000,0.3861,1.3867,21.6554,-0.1020,3.0000,0.0000,3.0000,0,20.6353,322.7064,214.5046,268.6055,-54.1009,0.0000,0.0000,322.7064,214.5046
78.707,2,1,heuristic,21.9687,162.2776,1.4584,0.1126,1.6735,1.6773,-1.5548,1.3689,1.5000,0.3861,1.3867,21.6554,-0.0966,3.0000,0.0000,3.0000,0,20.6353,314.2258,189.8933,252.0595,-62.1662,0.0000,0.0000,314.2258,189.8933
78.757,2,1,heuristic,21.9737,162.3616,1.4544,0.1110,1.6889,1.6926,1.2908,1.3683,1.5000,0.3972,1.3867,21.5667,-0.0902,3.0000,0.0000,3.0000,0,20.6353,393.9980,255.3559,324.6769,-69.3211,0.0000,0.0000,393.9980,255.3559
78.807,2,1,heuristic,21.9789,162.4500,1.4459,0.1088,1.6910,1.6945,1.3077,1.3677,1.5000,0.4076,1.3867,21.4834,-0.0867,3.0000,0.0000,3.0000,0,20.6353,503.9737,288.8239,396.3988,-107.5749,0.0000,0.0000,503.9737,288.8239
78.857,2,1,heuristic,21.9837,162.5328,1.4404,0.1071,1.6977,1.7011,-1.5925,1.3671,1.5000,0.4187,1.3867,21.3958,-0.0788,3.0000,0.0000,3.0000,0,20.6353,451.2624,203.0493,327.1558,-124.1066,0.0000,0.0000,451.2624,203.0493
78.907,2,1,heuristic,21.9887,162.6208,1.4346,0.1050,1.6967,1.6999,1.3017,1.3665,1.5000,0.4291,1.3867,21.3138,-0.0739,3.0000,0.0000,3.0000,0,20.6353,476.3175,201.2537,338.7856,-137.5319,0.0000,0.0000,476.3175,201.2537
78.957,2,1,heuristic,21.9933,162.7037,1.4289,0.1031,1.7029,1.7060,-1.6025,1.3659,1.5000,0.4403,1.3867,21.2266,-0.0687,3.0000,0.0000,3.0000,0,20.6353,384.2094,242.9496,313.5795,-70.6299,0.0000,0.0000,384.2094,242.9496
79.007,2,1,heuristic,21.9933,162.7037,1.4228,0.1031,1.7029,1.7060,1.2930,1.3654,1.5000,0.4510,1.3867,21.1445,-0.0635,3.0000,0.0000,3.0000,0,20.6353,277.1516,246.4120,261.7818,-15.3698,0.0000,0.0000,277.1516,246.4120
79.057,2,1,heuristic,22.0024,162.8740,1.4134,0.0989,1.7036,1.7065,-1.5930,1.3654,1.5000,0.4510,1.3867,21.1445,-0.0574,3.0000,0.0000,3.0000,0,20.6353,260.7270,262.8679,261.7974,1.0705,0.0000,0.0000,260.7270,262.8679
79.107,2,1,heuristic,22.0024,162.8740,1.4080,0.0989,1.7036,1.7065,-1.5953,1.3641,1.5000,0.4732,1.3867,20.9759,-0.0493,3.0000,0.0000,3.0000,0,20.6353,299.0531,230.5740,264.8135,-34.2396,0.0000,0.0000,299.0531,230.5740
79.157,2,1,heuristic,22.0074,162.9606,1.4011,0.0982,1.6962,1.6990,-1.5833,1.3641,1.5000,0.4732,1.3867,20.9759,-0.0439,3.0000,0.0000,3.0000,0,20.6353,361.0997,150.7460,255.9229,-105.1768,0.0000,0.0000,361.0997,150.7460
79.207,2,1,heuristic,22.0123,163.0417,1.3959,0.0990,1.6946,1.6975,-1.6008,1.3635,1.5000,0.4842,1.3867,20.8901,-0.0376,3.0000,0.0000,3.0000,0,20.6353,326.8517,213.8458,270.3487,-56.5029,0.0000,0.0000,326.8517,213.8458
79.258,2,1,heuristic,22.0176,163.1271,1.3892,0.0995,1.6841,1.6871,-1.5875,1.3629,1.5000,0.4942,1.3867,20.8098,-0.0330,3.0000,0.0000,3.0000,0,20.6353,245.9910,220.8958,233.4434,-12.5476,0.0000,0.0000,245.9910,220.8958
79.307,2,1,heuristic,22.0226,163.2072,1.3834,0.1005,1.6811,1.6841,1.3157,1.3623,1.5000,0.5046,1.3867,20.7251,-0.0269,3.0000,0.0000,3.0000,0,20.6353,164.1428,282.7607,223.4518,59.3089,0.0000,0.0000,164.1428,282.7607
79.357,2,1,heuristic,22.0226,163.2072,1.3775,0.1005,1.6811,1.6841,-1.5860,1.3618,1.5000,0.5144,1.3867,20.6457,-0.0216,3.0000,0.0000,3.0000,0,20.6353,194.6172,312.6680,253.6426,59.0254,0.0000,0.0000,194.6172,312.6680
79.407,2,1,heuristic,22.0282,163.2914,1.3707,0.1018,1.6689,1.6720,1.3445,1.3618,1.5000,0.5144,1.3867,20.6457,-0.0158,3.0000,0.0000,3.0000,0,20.6353,192.8629,321.9997,257.4313,64.5684,0.0000,0.0000,192.8629,321.9997
79.457,2,1,heuristic,22.0338,163.3701,1.3668,0.1049,1.6629,1.6662,-1.5503,1.3612,1.5000,0.5243,1.3867,20.5622,-0.0096,3.0000,0.0000,3.0000,0,20.6353,178.0875,365.0542,271.5709,93.4834,0.0000,0.0000,178.0875,365.0542
79.507,2,1,heuristic,22.0403,163.4530,1.3610,0.1090,1.6490,1.6526,1.3718,1.3607,1.5000,0.5332,1.3867,20.4840,-0.0061,3.0000,0.0000,3.0000,0,20.6353,256.1622,446.2701,351.2162,95.0540,0.0000,0.0000,256.1622,446.2701
79.557,2,1,heuristic,22.0470,163.5307,1.3578,0.1152,1.6430,1.6470,-1.5333,1.3601,1.5000,0.5420,1.3867,20.4017,-0.0009,3.0000,0.0000,3.0000,0,20.6353,271.9228,427.2277,349.5753,77.6524,0.0000,0.0000,271.9228,427.2277
79.607,2,1,heuristic,22.0550,163.6132,1.3524,0.1229,1.6320,1.6367,-1.5292,1.3596,1.5000,0.5496,1.3867,20.3243,0.0019,3.0000,0.0000,3.0000,0,20.6353,285.0600,470.0446,377.5523,92.4923,0.0000,0.0000,285.0600,470.0446
79.657,2,1,heuristic,22.0550,163.6132,1.3501,0.1229,1.6320,1.6367,-1.5245,1.3592,1.5000,0.5568,1.3867,20.2418,0.0067,3.0000,0.0000,3.0000,0,20.6353,286.8342,363.7818,325.3080,38.4738,0.0000,0.0000,286.8342,363.7818
79.707,2,1,heuristic,22.0634,163.6915,1.3476,0.1332,1.6318,1.6372,1.4295,1.3592,1.5000,0.5568,1.3867,20.2418,0.0091,3.0000,0.0000,3.0000,0,20.6353,180.9271,368.6409,274.7840,93.8569,0.0000,0.0000,180.9271,368.6409
79.757,2,1,heuristic,22.0731,163.7750,1.3453,0.1438,1.6266,1.6330,-1.4935,1.3588,1.5000,0.5629,1.3867,20.1635,0.0112,3.0000,0.0000,3.0000,0,20.6353,228.0993,378.5710,303.3352,75.2359,0.0000,0.0000,228.0993,378.5710
79.807,2,1,heuristic,22.0828,163.8536,1.3441,0.1555,1.6288,1.6362,1.4783,1.3584,1.5000,0.5687,1.3867,20.0799,0.0130,3.0000,0.0000,3.0000,0,20.6353,160.1903,399.9246,280.0574,119.8671,0.0000,0.0000,160.1903,399.9246
79.857,2,1,heuristic,22.0828,163.8536,1.3426,0.1555,1.6288,1.6362,-1.4965,1.3580,1.5000,0.5735,1.3867,20.0010,0.0139,3.0000,0.0000,3.0000,0,20.6353,171.8728,430.1614,301.0171,129.1443,0.0000,0.0000,171.8728,430.1614
79.907,2,1,heuristic,22.1048,164.0147,1.3414,0.1792,1.6231,1.6330,-1.4643,1.3580,1.5000,0.5735,1.3867,20.0010,0.0154,3.0000,0.0000,3.0000,0,20.6353,202.5132,329.8036,266.1584,63.6452,0.0000,0.0000,202.5132,329.8036
79.957,2,1,heuristic,22.1048,164.0147,1.3411,0.1792,1.6231,1.6330,-1.4518,1.3574,1.5000,0.5814,1.3867,19.8389,0.0160,3.0000,0.0000,3.0000,0,20.6353,270.7008,259.7782,265.2395,-5.4613,0.0000,0.0000,270.7008,259.7782
80.007,2,1,heuristic,22.1171,164.0973,1.3413,0.1908,1.6159,1.6271,1.5032,1.3574,1.5000,0.5814,1.3867,19.8389,0.0163,3.0000,0.0000,3.0000,0,20.6353,300.8948,268.7301,284.8124,-16.0823,0.0000,0.0000,300.8948,268.7301
80.057,2,1,heuristic,22.1290,164.1747,1.3414,0.2022,1.6154,1.6280,-1.4587,1.3571,1.5000,0.5844,1.3867,19.7556,0.0158,3.0000,0.0000,3.0000,0,20.6353,241.1045,359.9163,300.5104,59.4059,0.0000,0.0000,241.1045,359.9163
80.107,2,1,heuristic,22.1418,164.2567,1.3421,0.2109,1.6077,1.6215,1.5190,1.3569,1.5000,0.5869,1.3867,19.6774,0.0154,3.0000,0.0000,3.0000,0,20.6353,263.8275,342.4544,303.1410,39.3134,0.0000,0.0000,263.8275,342.4544
80.157,2,1,heuristic,22.1542,164.3340,1.3428,0.2203,1.6082,1.6232,1.5108,1.3566,1.5000,0.5893,1.3867,19.5946,0.0145,3.0000,0.0000,3.0000,0,20.6353,217.1126,384.5749,300.8438,83.7311,0.0000,0.0000,217.1126,384.5749
80.207,2,1,heuristic,22.1542,164.3340,1.3435,0.2203,1.6082,1.6232,1.5112,1.3564,1.5000,0.5913,1.3867,19.5164,0.0135,3.0000,0.0000,3.0000,0,20.6353,261.3333,374.8996,318.1165,56.7831,0.0000,0.0000,261.3333,374.8996
80.257,2,1,heuristic,22.1678,164.4160,1.3444,0.2285,1.6021,1.6184,-1.4405,1.3564,1.5000,0.5913,1.3867,19.5164,0.0128,3.0000,0.0000,3.0000,0,20.6353,261.6402,365.0045,313.3223,51.6821,0.0000,0.0000,261.6402,365.0045
80.308,2,1,heuristic,22.1810,164.4935,1.3454,0.2382,1.6044,1.6220,1.5400,1.3562,1.5000,0.5930,1.3867,19.4334,0.0117,3.0000,0.0000,3.0000,0,20.6353,246.4187,322.1064,284.2625,37.8439,0.0000,0.0000,246.4187,322.1064
80.357,2,1,heuristic,22.1956,164.5758,1.3470,0.2465,1.6001,1.6190,-1.4495,1.3560,1.5000,0.5941,1.3867,19.3549,0.0106,3.0000,0.0000,3.0000,0,20.6353,161.1896,339.5315,250.3605,89.1709,0.0000,0.0000,161.1896,339.5315
80.407,2,1,heuristic,22.1956,164.5758,1.3482,0.2465,1.6001,1.6190,1.5563,1.3558,1.5000,0.5949,1.3867,19.2714,0.0088,3.0000,0.0000,3.0000,0,20.6353,271.1568,297.8442,284.5005,13.3437,0.0000,0.0000,271.1568,297.8442
80.457,2,1,heuristic,22.2096,164.6531,1.3503,0.2555,1.6023,1.6226,-1.4395,1.3558,1.5000,0.5949,1.3867,19.2714,0.0076,3.0000,0.0000,3.0000,0,20.6353,313.3788,250.8800,282.1294,-31.2494,0.0000,0.0000,313.3788,250.8800
80.507,2,1,heuristic,22.2247,164.7348,1.3522,0.2627,1.5960,1.6174,1.5435,1.3557,1.5000,0.5952,1.3867,19.1928,0.0054,3.0000,0.0000,3.0000,0,20.6353,332.0395,288.9358,310.4877,-21.5518,0.0000,0.0000,332.0395,288.9358
80.557,2,1,heuristic,22.2391,164.8116,1.3540,0.2699,1.5969,1.6195,-1.4638,1.3555,1.5000,0.5953,1.3867,19.1098,0.0033,3.0000,0.0000,3.0000,0,20.6353,347.9639,300.2477,324.1058,-23.8581,0.0000,0.0000,347.9639,300.2477
80.607,2,1,heuristic,22.2543,164.8933,1.3562,0.2744,1.5915,1.6150,-1.4723,1.3554,1.5000,0.5953,1.3867,19.0317,0.0015,3.0000,0.0000,3.0000,0,20.6353,347.9639,300.2477,324.1058,-23.8581,0.0000,0.0000,347.9639,300.2477
80.657,2,1,heuristic,22.2687,164.9705,1.3577,0.2795,1.5952,1.6195,1.5348,1.3553,1.5000,0.5953,1.3867,18.9487,-0.0009,3.0000,0.0000,3.0000,0,20.6353,347.5564,124.4249,235.9907,-111.5658,0.0000,0.0000,347.5564,124.4249
80.707,2,1,heuristic,22.2687,164.9705,1.3589,0.2795,1.5952,1.6195,1.5457,1.3551,1.5000,0.5953,1.3867,18.8701,-0.0026,3.0000,0.0000,3.0000,0,20.6353,242.8829,144.4574,193.6702,-49.2127,0.0000,0.0000,242.8829,144.4574
80.757,2,1,heuristic,22.2839,165.0528,1.3603,0.2820,1.5924,1.6172,1.5192,1.3551,1.5000,0.5953,1.3867,18.8701,-0.0038,3.0000,0.0000,3.0000,0,20.6353,327.0736,147.9820,237.5278,-89.5458,0.0000,0.0000,327.0736,147.9820
80.807,2,1,heuristic,22.2978,165.1296,1.3621,0.2837,1.5941,1.6191,1.4948,1.3550,1.5000,0.5954,1.3867,18.7865,-0.0053,3.0000,0.0000,3.0000,0,20.6353,279.8582,154.1474,217.0028,-62.8554,0.0000,0.0000,279.8582,154.1474
80.857,2,1,heuristic,22.3122,165.2102,1.3616,0.2822,1.5853,1.6102,1.4930,1.3548,1.5000,0.5957,1.3867,18.7085,-0.0072,3.0000,0.0000,3.0000,0,20.6353,300.2918,167.5551,233.9234,-66.3684,0.0000,0.0000,300.2918,167.5551
80.907,2,1,heuristic,22.3254,165.2854,1.3625,0.2808,1.5815,1.6062,1.4992,1.3547,1.5000,0.5964,1.3867,18.6267,-0.0069,3.0000,0.0000,3.0000,0,20.6353,377.5082,169.9781,273.7431,-103.7650,0.0000,0.0000,377.5082,169.9781
80.958,2,1,heuristic,22.3254,165.2854,1.3616,0.2808,1.5815,1.6062,1.4795,1.3545,1.5000,0.5972,1.3867,18.5504,-0.0081,3.0000,0.0000,3.0000,0,20.6353,377.5082,169.9781,273.7431,-103.7650,0.0000,0.0000,377.5082,169.9781
81.008,2,1,heuristic,22.3391,165.3644,1.3617,0.2774,1.5691,1.5935,1.4630,1.3545,1.5000,0.5972,1.3867,18.5504,-0.0071,3.0000,0.0000,3.0000,0,20.6353,474.6222,114.3899,294.5061,-180.1161,0.0000,0.0000,474.6222,114.3899
81.057,2,1,heuristic,22.3518,165.4386,1.3592,0.2748,1.5645,1.5884,-1.5583,1.3543,1.5000,0.5981,1.3867,18.4703,-0.0074,3.0000,0.0000,3.0000,0,20.6353,514.7187,-0.1549,257.2819,-257.4368,0.0000,0.0000,514.7187,-0.1549
81.107,2,1,heuristic,22.3649,165.5172,1.3592,0.2702,1.5539,1.5772,1.4353,1.3541,1.5000,0.5993,1.3867,18.3951,-0.0050,3.0000,0.0000,3.0000,0,20.6353,480.9932,77.4638,279.2285,-201.7647,0.0000,0.0000,480.9932,77.4638
81.157,2,1,heuristic,22.3767,165.5911,1.3556,0.2653,1.5512,1.5737,1.4263,1.3539,1.5000,0.6008,1.3867,18.3155,-0.0053,3.0000,0.0000,3.0000,0,20.6353,423.8329,64.3672,244.1001,-179.7328,0.0000,0.0000,423.8329,64.3672
81.207,2,1,heuristic,22.3883,165.6695,1.3523,0.2569,1.5422,1.5635,-1.6382,1.3536,1.5000,0.6027,1.3867,18.2408,-0.0019,3.0000,0.0000,3.0000,0,20.6353,449.8994,-31.8443,209.0276,-240.8718,0.0000,0.0000,449.8994,-31.8443
81.257,2,1,heuristic,22.3987,165.7430,1.3462,0.2489,1.5402,1.5601,-1.6685,1.3533,1.5000,0.6056,1.3867,18.1618,0.0011,3.0000,0.0000,3.0000,0,20.6353,386.2644,44.9822,215.6233,-170.6411,0.0000,0.0000,386.2644,44.9822
81.307,2,1,heuristic,22.4091,165.8203,1.3411,0.2391,1.5295,1.5481,1.3713,1.3530,1.5000,0.6089,1.3867,18.0877,0.0068,3.0000,0.0000,3.0000,0,20.6353,386.2644,44.9822,215.6233,-170.6411,0.0000,0.0000,386.2644,44.9822
81.357,2,1,heuristic,22.4091,165.8203,1.3369,0.2391,1.5295,1.5481,1.3357,1.3527,1.5000,0.6128,1.3867,18.0100,0.0116,3.0000,0.0000,3.0000,0,20.6353,444.9448,92.7513,268.8481,-176.0967,0.0000,0.0000,444.9448,92.7513
81.407,2,1,heuristic,22.4182,165.8926,1.3346,0.2293,1.5249,1.5420,1.3680,1.3527,1.5000,0.6128,1.3867,18.0100,0.0157,3.0000,0.0000,3.0000,0,20.6353,470.8982,141.1348,306.0165,-164.8817,0.0000,0.0000,470.8982,141.1348
81.457,2,1,heuristic,22.4275,165.9691,1.3258,0.2190,1.5141,1.5298,1.3390,1.3523,1.5000,0.6171,1.3867,17.9374,0.0176,3.0000,0.0000,3.0000,0,20.6353,482.3156,176.9552,329.6354,-152.6802,0.0000,0.0000,482.3156,176.9552
81.507,2,1,heuristic,22.4361,166.0416,1.3187,0.2114,1.5133,1.5279,-1.7175,1.3519,1.5000,0.6220,1.3867,17.8608,0.0260,3.0000,0.0000,3.0000,0,20.6353,372.3156,229.4641,300.8899,-71.4257,0.0000,0.0000,372.3156,229.4641
81.557,2,1,heuristic,22.4361,166.0416,1.3150,0.2114,1.5133,1.5279,1.3230,1.3514,1.5000,0.6267,1.3867,17.7881,0.0328,3.0000,0.0000,3.0000,0,20.6353,318.0610,206.0807,262.0709,-55.9901,0.0000,0.0000,318.0610,206.0807
81.607,2,1,heuristic,22.4456,166.1190,1.3064,0.2056,1.5083,1.5222,1.3355,1.3514,1.5000,0.6267,1.3867,17.7881,0.0364,3.0000,0.0000,3.0000,0,20.6353,315.5207,285.0600,300.2904,-15.2304,0.0000,0.0000,315.5207,285.0600
81.657,2,1,heuristic,22.4550,166.1920,1.2998,0.2034,1.5110,1.5246,1.3422,1.3510,1.5000,0.6316,1.3867,17.7105,0.0446,3.0000,0.0000,3.0000,0,20.6353,394.6000,260.0663,327.3332,-67.2669,0.0000,0.0000,394.6000,260.0663
81.707,2,1,heuristic,22.4550,166.1920,1.2922,0.2034,1.5110,1.5246,-1.7127,1.3506,1.5000,0.6357,1.3867,17.6372,0.0508,3.0000,0.0000,3.0000,0,20.6353,284.6000,208.1264,246.3632,-38.2368,0.0000,0.0000,284.6000,208.1264
81.757,2,1,heuristic,22.4655,166.2698,1.2819,0.2030,1.5077,1.5213,-1.7127,1.3506,1.5000,0.6357,1.3867,17.6372,0.0584,3.0000,0.0000,3.0000,0,20.6353,219.7298,249.3227,234.5263,14.7965,0.0000,0.0000,219.7298,249.3227
81.807,2,1,heuristic,22.4759,166.3435,1.2790,0.2057,1.5133,1.5272,1.3682,1.3502,1.5000,0.6397,1.3867,17.5591,0.0683,3.0000,0.0000,3.0000,0,20.6353,227.8531,141.8393,184.8462,-43.0069,0.0000,0.0000,227.8531,141.8393
81.857,2,1,heuristic,22.4873,166.4214,1.2697,0.2087,1.5105,1.5249,1.3728,1.3499,1.5000,0.6429,1.3867,17.4849,0.0709,3.0000,0.0000,3.0000,0,20.6353,233.2186,182.0643,207.6415,-25.5771,0.0000,0.0000,233.2186,182.0643
81.907,2,1,heuristic,22.4983,166.4942,1.2627,0.2128,1.5118,1.5267,-1.6990,1.3496,1.5000,0.6459,1.3867,17.4063,0.0798,3.0000,0.0000,3.0000,0,20.6353,214.2006,205.3857,209.7932,-4.4074,0.0000,0.0000,214.2006,205.3857
81.957,2,1,heuristic,22.4983,166.4942,1.2574,0.2128,1.5118,1.5267,-1.6953,1.3493,1.5000,0.6484,1.3867,17.3328,0.0866,3.0000,0.0000,3.0000,0,20.6353,268.6318,157.9604,213.2961,-55.3357,0.0000,0.0000,268.6318,157.9604
82.007,2,1,heuristic,22.5102,166.5707,1.2491,0.2158,1.5035,1.5189,-1.6747,1.3493,1.5000,0.6484,1.3867,17.3328,0.0919,3.0000,0.0000,3.0000,0,20.6353,232.9787,164.1754,198.5770,-34.4017,0.0000,0.0000,232.9787,164.1754
82.057,2,1,heuristic,22.5215,166.6422,1.2457,0.2200,1.5005,1.5165,-1.7015,1.3490,1.5000,0.6508,1.3867,17.2556,0.0999,3.0000,0.0000,3.0000,0,20.6353,287.8187,187.1340,237.4763,-50.3423,0.0000,0.0000,287.8187,187.1340
82.107,2,1,heuristic,22.5337,166.7172,1.2362,0.2228,1.4891,1.5057,-1.6898,1.3487,1.5000,0.6527,1.3867,17.1835,0.1030,3.0000,0.0000,3.0000,0,20.6353,279.1169,203.7907,241.4538,-37.6631,0.0000,0.0000,279.1169,203.7907
82.157,2,1,heuristic,22.5454,166.7875,1.2299,0.2270,1.4842,1.5014,1.3962,1.3484,1.5000,0.6545,1.3867,17.1076,0.1122,3.0000,0.0000,3.0000,0,20.6353,326.6524,207.0414,266.8469,-59.8055,0.0000,0.0000,326.6524,207.0414
82.207,2,1,heuristic,22.5454,166.7875,1.2269,0.2270,1.4842,1.5014,1.3900,1.3482,1.5000,0.6558,1.3867,17.0364,0.1183,3.0000,0.0000,3.0000,0,20.6353,265.9014,178.6500,222.2757,-43.6257,0.0000,0.0000,265.9014,178.6500
82.257,2,1,heuristic,22.5582,166.8618,1.2191,0.2306,1.4731,1.4911,-1.6927,1.3482,1.5000,0.6558,1.3867,17.0364,0.1213,3.0000,0.0000,3.0000,0,20.6353,258.8833,187.6352,223.2592,-35.6241,0.0000,0.0000,258.8833,187.6352
82.307,2,1,heuristic,22.5704,166.9315,1.2147,0.2357,1.4687,1.4874,1.4073,1.3479,1.5000,0.6569,1.3867,16.9611,0.1288,3.0000,0.0000,3.0000,0,20.6353,243.6523,267.9321,255.7922,12.1399,0.0000,0.0000,243.6523,267.9321
82.357,2,1,heuristic,22.5838,167.0047,1.2071,0.2398,1.4567,1.4763,-1.6765,1.3477,1.5000,0.6576,1.3867,16.8905,0.1330,3.0000,0.0000,3.0000,0,20.6353,136.3722,336.9444,236.6583,100.2861,0.0000,0.0000,136.3722,336.9444
82.407,2,1,heuristic,22.5968,167.0733,1.2001,0.2463,1.4513,1.4721,-1.6735,1.3476,1.5000,0.6579,1.3867,16.8161,0.1404,3.0000,0.0000,3.0000,0,20.6353,221.6683,389.0933,305.3808,83.7125,0.0000,0.0000,221.6683,389.0933
82.457,2,1,heuristic,22.5968,167.0733,1.1973,0.2463,1.4513,1.4721,-1.6650,1.3474,1.5000,0.6576,1.3867,16.7463,0.1473,3.0000,0.0000,3.0000,0,20.6353,267.1574,344.0492,305.6033,38.4459,0.0000,0.0000,267.1574,344.0492
82.507,2,1,heuristic,22.6116,167.1460,1.1910,0.2538,1.4405,1.4626,1.4858,1.3474,1.5000,0.6576,1.3867,16.7463,0.1501,3.0000,0.0000,3.0000,0,20.6353,267.1574,344.0492,305.6033,38.4459,0.0000,0.0000,267.1574,344.0492
82.557,2,1,heuristic,22.6264,167.2147,1.1875,0.2646,1.4388,1.4629,-1.6462,1.3473,1.5000,0.6564,1.3867,16.6722,0.1563,3.0000,0.0000,3.0000,0,20.6353,157.1818,337.9918,247.5868,90.4050,0.0000,0.0000,157.1818,337.9918
82.607,2,1,heuristic,22.6430,167.2880,1.1823,0.2755,1.4327,1.4589,1.4738,1.3473,1.5000,0.6545,1.3867,16.6019,0.1598,3.0000,0.0000,3.0000,0,20.6353,107.6431,406.5919,257.1175,149.4744,0.0000,0.0000,107.6431,406.5919
82.657,2,1,heuristic,22.6430,167.2880,1.1793,0.2755,1.4327,1.4589,-1.6273,1.3472,1.5000,0.6516,1.3867,16.5268,0.1650,3.0000,0.0000,3.0000,0,20.6353,162.1122,358.9154,260.5138,98.4016,0.0000,0.0000,162.1122,358.9154
82.707,2,1,heuristic,22.6595,167.3569,1.1776,0.2891,1.4334,1.4622,1.4988,1.3472,1.5000,0.6516,1.3867,16.5268,0.1679,3.0000,0.0000,3.0000,0,20.6353,169.4202,405.2866,287.3534,117.9332,0.0000,0.0000,169.4202,405.2866
82.757,2,1,heuristic,22.6595,167.3569,1.1747,0.2891,1.4334,1.4622,-1.5988,1.3473,1.5000,0.6480,1.3867,16.4559,0.1697,3.0000,0.0000,3.0000,0,20.6353,109.5658,295.3809,202.4734,92.9075,0.0000,0.0000,109.5658,295.3809
82.807,2,1,heuristic,22.6781,167.4301,1.1710,0.3028,1.4281,1.4599,-1.5797,1.3473,1.5000,0.6480,1.3867,16.4559,0.1726,3.0000,0.0000,3.0000,0,20.6353,109.5658,295.3809,202.4734,92.9075,0.0000,0.0000,109.5658,295.3809
82.857,2,1,heuristic,22.6965,167.4990,1.1704,0.3191,1.4297,1.4648,-1.5710,1.3474,1.5000,0.6431,1.3867,16.3804,0.1765,3.0000,0.0000,3.0000,0,20.6353,123.3934,346.4110,234.9022,111.5088,0.0000,0.0000,123.3934,346.4110
82.907,2,1,heuristic,22.7168,167.5715,1.1690,0.3333,1.4225,1.4610,1.5635,1.3476,1.5000,0.6376,1.3867,16.3091,0.1771,3.0000,0.0000,3.0000,0,20.6353,163.4018,330.3252,246.8635,83.4617,0.0000,0.0000,163.4018,330.3252
82.957,2,1,heuristic,22.7366,167.6393,1.1682,0.3493,1.4206,1.4630,-1.5540,1.3478,1.5000,0.6309,1.3867,16.2340,0.1788,3.0000,0.0000,3.0000,0,20.6353,140.9710,315.0287,227.9999,87.0289,0.0000,0.0000,140.9710,315.0287
83.008,2,1,heuristic,22.7584,167.7109,1.1670,0.3632,1.4117,1.4577,-1.5457,1.3481,1.5000,0.6238,1.3867,16.1634,0.1799,3.0000,0.0000,3.0000,0,20.6353,108.9239,277.2129,193.0684,84.1445,0.0000,0.0000,108.9239,277.2129
83.057,2,1,heuristic,22.7584,167.7109,1.1687,0.3632,1.4117,1.4577,1.5985,1.3484,1.5000,0.6155,1.3867,16.0888,0.1815,3.0000,0.0000,3.0000,0,20.6353,115.1881,268.6680,191.9280,76.7400,0.0000,0.0000,115.1881,268.6680
83.107,2,1,heuristic,22.7795,167.7777,1.1682,0.3783,1.4080,1.4580,1.5945,1.3484,1.5000,0.6155,1.3867,16.0888,0.1798,3.0000,0.0000,3.0000,0,20.6353,84.0679,372.1832,228.1255,144.0577,0.0000,0.0000,84.0679,372.1832
83.158,2,1,heuristic,22.8021,167.8477,1.1700,0.3896,1.3955,1.4489,1.6095,1.3488,1.5000,0.6070,1.3867,16.0190,0.1806,3.0000,0.0000,3.0000,0,20.6353,67.0316,390.9110,228.9713,161.9397,0.0000,0.0000,67.0316,390.9110
83.207,2,1,heuristic,22.8238,167.9128,1.1701,0.4022,1.3877,1.4448,1.6262,1.3492,1.5000,0.5976,1.3867,15.9457,0.1792,3.0000,0.0000,3.0000,0,20.6353,103.7593,418.1919,260.9756,157.2163,0.0000,0.0000,103.7593,418.1919
83.257,2,1,heuristic,22.8238,167.9128,1.1718,0.4022,1.3877,1.4448,-1.4985,1.3496,1.5000,0.5882,1.3867,15.8774,0.1795,3.0000,0.0000,3.0000,0,20.6353,86.9776,439.8297,263.4037,176.4260,0.0000,0.0000,86.9776,439.8297
83.307,2,1,heuristic,22.8703,168.0452,1.1752,0.4254,1.3653,1.4300,1.6803,1.3496,1.5000,0.5882,1.3867,15.8774,0.1778,3.0000,0.0000,3.0000,0,20.6353,86.3468,359.3149,222.8309,136.4841,0.0000,0.0000,86.3468,359.3149
83.357,2,1,heuristic,22.8703,168.0452,1.1782,0.4254,1.3653,1.4300,1.6938,1.3507,1.5000,0.5667,1.3867,15.7381,0.1754,3.0000,0.0000,3.0000,0,20.6353,279.2954,227.1696,253.2325,-26.0629,0.0000,0.0000,279.2954,227.1696
83.407,2,1,heuristic,22.8952,168.1125,1.1817,0.4359,1.3511,1.4197,1.6825,1.3507,1.5000,0.5667,1.3867,15.7381,0.1725,3.0000,0.0000,3.0000,0,20.6353,296.1996,172.9399,234.5697,-61.6299,0.0000,0.0000,296.1996,172.9399
83.457,2,1,heuristic,22.9188,168.1755,1.1851,0.4473,1.3432,1.4157,1.6703,1.3513,1.5000,0.5546,1.3867,15.6670,0.1696,3.0000,0.0000,3.0000,0,20.6353,370.9465,194.5014,282.7240,-88.2226,0.0000,0.0000,370.9465,194.5014
83.507,2,1,heuristic,22.9438,168.2420,1.1872,0.4539,1.3306,1.4059,-1.5117,1.3519,1.5000,0.5429,1.3867,15.6004,0.1667,3.0000,0.0000,3.0000,0,20.6353,370.9465,194.5014,282.7240,-88.2226,0.0000,0.0000,370.9465,194.5014
83.557,2,1,heuristic,22.9673,168.3051,1.1921,0.4610,1.3271,1.4049,-1.5163,1.3525,1.5000,0.5305,1.3867,15.5300,0.1653,3.0000,0.0000,3.0000,0,20.6353,360.0841,106.6198,233.3520,-126.7322,0.0000,0.0000,360.0841,106.6198
83.607,2,1,heuristic,22.9673,168.3051,1.1951,0.4610,1.3271,1.4049,1.6400,1.3531,1.5000,0.5189,1.3867,15.4633,0.1610,3.0000,0.0000,3.0000,0,20.6353,401.3806,113.9406,257.6606,-143.7200,0.0000,0.0000,401.3806,113.9406
83.657,2,1,heuristic,22.9921,168.3723,1.1974,0.4643,1.3203,1.3996,-1.5455,1.3531,1.5000,0.5189,1.3867,15.4633,0.1580,3.0000,0.0000,3.0000,0,20.6353,356.6184,158.0228,257.3206,-99.2978,0.0000,0.0000,356.6184,158.0228
83.707,2,1,heuristic,23.0153,168.4359,1.1993,0.4679,1.3211,1.4015,1.6045,1.3538,1.5000,0.5068,1.3867,15.3923,0.1564,3.0000,0.0000,3.0000,0,20.6353,347.4712,170.0583,258.7648,-88.7065,0.0000,0.0000,347.4712,170.0583
83.757,2,1,heuristic,23.0397,168.5037,1.2003,0.4682,1.3179,1.3986,-1.5975,1.3543,1.5000,0.4957,1.3867,15.3253,0.1551,3.0000,0.0000,3.0000,0,20.6353,374.0186,261.0283,317.5234,-56.4952,0.0000,0.0000,374.0186,261.0283
83.807,2,1,heuristic,23.0626,168.5682,1.2011,0.4702,1.3227,1.4038,1.5822,1.3549,1.5000,0.4842,1.3867,15.2538,0.1546,3.0000,0.0000,3.0000,0,20.6353,376.7488,213.6397,295.1943,-81.5546,0.0000,0.0000,376.7488,213.6397
83.857,2,1,heuristic,23.0626,168.5682,1.2011,0.4702,1.3227,1.4038,-1.6102,1.3555,1.5000,0.4734,1.3867,15.1859,0.1544,3.0000,0.0000,3.0000,0,20.6353,331.1149,172.0437,251.5793,-79.5356,0.0000,0.0000,331.1149,172.0437
83.907,2,1,heuristic,23.1105,168.7033,1.2007,0.4735,1.3342,1.4157,-1.6148,1.3555,1.5000,0.4734,1.3867,15.1859,0.1544,3.0000,0.0000,3.0000,0,20.6353,275.5123,168.7663,222.1393,-53.3730,0.0000,0.0000,275.5123,168.7663
83.957,2,1,heuristic,23.1105,168.7033,1.1997,0.4735,1.3342,1.4157,1.5570,1.3567,1.5000,0.4511,1.3867,15.0437,0.1560,3.0000,0.0000,3.0000,0,20.6353,282.8528,112.0726,197.4627,-85.3901,0.0000,0.0000,282.8528,112.0726
84.007,2,1,heuristic,23.1351,168.7734,1.1987,0.4735,1.3369,1.4183,-1.6295,1.3567,1.5000,0.4511,1.3867,15.0437,0.1570,3.0000,0.0000,3.0000,0,20.6353,254.8452,208.0613,231.4532,-23.3920,0.0000,0.0000,254.8452,208.0613
84.057,2,1,heuristic,23.1582,168.8391,1.1971,0.4750,1.3435,1.4250,1.5557,1.3573,1.5000,0.4397,1.3867,14.9700,0.1586,3.0000,0.0000,3.0000,0,20.6353,256.6209,206.5290,231.5749,-25.0459,0.0000,0.0000,256.6209,206.5290
84.107,2,1,heuristic,23.1825,168.9085,1.1958,0.4737,1.3415,1.4226,1.5543,1.3579,1.5000,0.4291,1.3867,14.9008,0.1608,3.0000,0.0000,3.0000,0,20.6353,257.6888,161.4303,209.5596,-48.1293,0.0000,0.0000,257.6888,161.4303
84.157,2,1,heuristic,23.2055,168.9734,1.1935,0.4748,1.3438,1.4252,1.5473,1.3585,1.5000,0.4178,1.3867,14.8279,0.1627,3.0000,0.0000,3.0000,0,20.6353,228.4554,210.6314,219.5434,-8.9120,0.0000,0.0000,228.4554,210.6314
84.207,2,1,heuristic,23.2055,168.9734,1.1916,0.4748,1.3438,1.4252,-1.6510,1.3591,1.5000,0.4071,1.3867,14.7596,0.1656,3.0000,0.0000,3.0000,0,20.6353,238.9424,231.3410,235.1417,-3.8007,0.0000,0.0000,238.9424,231.3410
84.257,2,1,heuristic,23.2299,169.0417,1.1882,0.4735,1.3377,1.4190,-1.6510,1.3591,1.5000,0.4071,1.3867,14.7596,0.1675,3.0000,0.0000,3.0000,0,20.6353,242.2406,230.4004,236.3205,-5.9201,0.0000,0.0000,242.2406,230.4004
84.307,2,1,heuristic,23.2529,169.1054,1.1875,0.4746,1.3356,1.4174,-1.6475,1.3597,1.5000,0.3956,1.3867,14.6877,0.1716,3.0000,0.0000,3.0000,0,20.6353,252.2184,257.7745,254.9965,2.7780,0.0000,0.0000,252.2184,257.7745
84.357,2,1,heuristic,23.2773,169.1724,1.1853,0.4737,1.3260,1.4081,1.5600,1.3604,1.5000,0.3847,1.3867,14.6206,0.1729,3.0000,0.0000,3.0000,0,20.6353,209.6331,241.6398,225.6365,16.0033,0.0000,0.0000,209.6331,241.6398
84.407,2,1,heuristic,23.3005,169.2351,1.1833,0.4755,1.3220,1.4050,-1.6475,1.3611,1.5000,0.3729,1.3867,14.5500,0.1758,3.0000,0.0000,3.0000,0,20.6353,166.6784,286.7848,226.7316,60.0532,0.0000,0.0000,166.6784,286.7848
84.457,2,1,heuristic,23.3005,169.2351,1.1812,0.4755,1.3220,1.4050,1.5680,1.3617,1.5000,0.3616,1.3867,14.4839,0.1784,3.0000,0.0000,3.0000,0,20.6353,175.3625,225.4541,200.4083,25.0458,0.0000,0.0000,175.3625,225.4541
84.507,2,1,heuristic,23.3252,169.3010,1.1798,0.4754,1.3113,1.3948,1.5915,1.3617,1.5000,0.3616,1.3867,14.4839,0.1805,3.0000,0.0000,3.0000,0,20.6353,172.9036,246.0528,209.4782,36.5746,0.0000,0.0000,172.9036,246.0528
84.557,2,1,heuristic,23.3486,169.3625,1.1766,0.4780,1.3053,1.3900,-1.6460,1.3624,1.5000,0.3494,1.3867,14.4142,0.1826,3.0000,0.0000,3.0000,0,20.6353,144.5486,303.5216,224.0351,79.4865,0.0000,0.0000,144.5486,303.5216
84.607,2,1,heuristic,23.3736,169.4270,1.1756,0.4784,1.2921,1.3778,-1.6195,1.3632,1.5000,0.3376,1.3867,14.3492,0.1865,3.0000,0.0000,3.0000,0,20.6353,236.1819,168.9649,202.5734,-33.6085,0.0000,0.0000,236.1819,168.9649
84.657,2,1,heuristic,23.3974,169.4872,1.1746,0.4818,1.2846,1.3720,1.5942,1.3639,1.5000,0.3249,1.3867,14.2810,0.1883,3.0000,0.0000,3.0000,0,20.6353,156.2594,183.5991,169.9293,13.6698,0.0000,0.0000,156.2594,183.5991
84.707,2,1,heuristic,23.4228,169.5506,1.1735,0.4831,1.2717,1.3604,-1.6230,1.3647,1.5000,0.3125,1.3867,14.2172,0.1901,3.0000,0.0000,3.0000,0,20.6353,185.0171,221.3076,203.1623,18.1453,0.0000,0.0000,185.0171,221.3076
84.757,2,1,heuristic,23.4467,169.6099,1.1728,0.4863,1.2642,1.3545,1.6302,1.3655,1.5000,0.2992,1.3867,14.1499,0.1920,3.0000,0.0000,3.0000,0,20.6353,154.8024,119.7822,137.2923,-17.5101,0.0000,0.0000,154.8024,119.7822
84.807,2,1,heuristic,23.4467,169.6099,1.1719,0.4863,1.2642,1.3545,-1.6198,1.3663,1.5000,0.2865,1.3867,14.0870,0.1935,3.0000,0.0000,3.0000,0,20.6353,45.9241,200.8412,123.3827,77.4585,0.0000,0.0000,45.9241,200.8412
84.857,2,1,heuristic,23.4961,169.7296,1.1710,0.4891,1.2404,1.3333,-1.6310,1.3663,1.5000,0.2865,1.3867,14.0870,0.1944,3.0000,0.0000,3.0000,0,20.6353,36.3653,298.6326,167.4990,131.1336,0.0000,0.0000,36.3653,298.6326
84.907,2,1,heuristic,23.4961,169.7296,1.1703,0.4891,1.2404,1.3333,1.6393,1.3681,1.5000,0.2599,1.3867,13.9597,0.1971,3.0000,0.0000,3.0000,0,20.6353,3.9340,331.3958,167.6649,163.7309,0.0000,0.0000,3.9340,331.3958
84.957,2,1,heuristic,23.5215,169.7895,1.1702,0.4891,1.2224,1.3166,-1.5953,1.3681,1.5000,0.2599,1.3867,13.9597,0.1977,3.0000,0.0000,3.0000,0,20.6353,3.9340,331.3958,167.6649,163.7309,0.0000,0.0000,3.9340,331.3958
85.007,2,1,heuristic,23.5459,169.8449,1.1703,0.4928,1.2087,1.3054,1.6653,1.3690,1.5000,0.2458,1.3867,13.8960,0.1988,3.0000,0.0000,3.0000,0,20.6353,12.8881,265.9318,139.4099,126.5218,0.0000,0.0000,12.8881,265.9318
85.057,2,1,heuristic,23.5721,169.9025,1.1712,0.4953,1.1888,1.2879,-1.5768,1.3699,1.5000,0.2320,1.3867,13.8369,0.1996,3.0000,0.0000,3.0000,0,20.6353,105.2310,349.1725,227.2017,121.9708,0.0000,0.0000,105.2310,349.1725
85.107,2,1,heuristic,23.5971,169.9559,1.1724,0.5000,1.1733,1.2754,1.7055,1.3709,1.5000,0.2167,1.3867,13.7751,0.1997,3.0000,0.0000,3.0000,0,20.6353,196.4216,373.8434,285.1325,88.7109,0.0000,0.0000,196.4216,373.8434
85.157,2,1,heuristic,23.5971,169.9559,1.1739,0.5000,1.1733,1.2754,1.7015,1.3720,1.5000,0.2020,1.3867,13.7179,0.1995,3.0000,0.0000,3.0000,0,20.6353,185.3396,319.9480,252.6438,67.3042,0.0000,0.0000,185.3396,319.9480
85.207,2,1,heuristic,23.6239,170.0122,1.1765,0.5033,1.1551,1.2600,1.7318,1.3720,1.5000,0.2020,1.3867,13.7179,0.1981,3.0000,0.0000,3.0000,0,20.6353,217.9940,252.8027,235.3983,17.4043,0.0000,0.0000,217.9940,252.8027
85.257,2,1,heuristic,23.6497,170.0654,1.1806,0.5102,1.1457,1.2542,1.7115,1.3731,1.5000,0.1859,1.3867,13.6574,0.1965,3.0000,0.0000,3.0000,0,20.6353,258.7921,303.5366,281.1643,22.3722,0.0000,0.0000,258.7921,303.5366
85.308,2,1,heuristic,23.6775,170.1219,1.1818,0.5150,1.1340,1.2454,1.7245,1.3742,1.5000,0.1703,1.3867,13.6002,0.1935,3.0000,0.0000,3.0000,0,20.6353,289.3287,378.2577,333.7932,44.4645,0.0000,0.0000,289.3287,378.2577
85.357,2,1,heuristic,23.7041,170.1756,1.1863,0.5230,1.1309,1.2460,1.7165,1.3754,1.5000,0.1533,1.3867,13.5394,0.1935,3.0000,0.0000,3.0000,0,20.6353,398.2172,289.6472,343.9322,-54.2850,0.0000,0.0000,398.2172,289.6472
85.407,2,1,heuristic,23.7332,170.2337,1.1875,0.5301,1.1283,1.2466,-1.5700,1.3765,1.5000,0.1370,1.3867,13.4815,0.1903,3.0000,0.0000,3.0000,0,20.6353,353.7599,256.6106,305.1853,-48.5746,0.0000,0.0000,353.7599,256.6106
85.457,2,1,heuristic,23.7332,170.2337,1.1920,0.5301,1.1283,1.2466,1.6975,1.3778,1.5000,0.1191,1.3867,13.4189,0.1903,3.0000,0.0000,3.0000,0,20.6353,378.7478,170.5356,274.6417,-104.1061,0.0000,0.0000,378.7478,170.5356
85.507,2,1,heuristic,23.7611,170.2899,1.1930,0.5405,1.1370,1.2589,1.7078,1.3778,1.5000,0.1191,1.3867,13.4189,0.1859,3.0000,0.0000,3.0000,0,20.6353,388.3868,153.5514,270.9691,-117.4177,0.0000,0.0000,388.3868,153.5514
85.557,2,1,heuristic,23.7911,170.3509,1.1968,0.5475,1.1440,1.2683,1.6687,1.3791,1.5000,0.1019,1.3867,13.3584,0.1860,3.0000,0.0000,3.0000,0,20.6353,388.3868,153.5514,270.9691,-117.4177,0.0000,0.0000,388.3868,153.5514
85.607,2,1,heuristic,23.8193,170.4095,1.1972,0.5556,1.1592,1.2855,1.6687,1.3804,1.5000,0.0836,1.3867,13.2928,0.1836,3.0000,0.0000,3.0000,0,20.6353,408.4506,92.7757,250.6132,-157.8375,0.0000,0.0000,408.4506,92.7757
85.657,2,1,heuristic,23.8193,170.4095,1.1987,0.5556,1.1592,1.2855,-1.6427,1.3817,1.5000,0.0666,1.3867,13.2300,0.1844,3.0000,0.0000,3.0000,0,20.6353,459.2268,49.7815,254.5042,-204.7226,0.0000,0.0000,459.2268,49.7815
85.707,2,1,heuristic,23.8491,170.4727,1.1986,0.5592,1.1707,1.2974,-1.6580,1.3817,1.5000,0.0666,1.3867,13.2300,0.1830,3.0000,0.0000,3.0000,0,20.6353,493.9424,82.3911,288.1667,-205.7757,0.0000,0.0000,493.9424,82.3911
85.757,2,1,heuristic,23.8769,170.5333,1.1995,0.5633,1.1889,1.3156,1.6420,1.3830,1.5000,0.0488,1.3867,13.1623,0.1844,3.0000,0.0000,3.0000,0,20.6353,467.5618,157.8929,312.7273,-154.8345,0.0000,0.0000,467.5618,157.8929
85.807,2,1,heuristic,23.9061,170.5987,1.1986,0.5628,1.2028,1.3280,1.6080,1.3842,1.5000,0.0326,1.3867,13.0976,0.1847,3.0000,0.0000,3.0000,0,20.6353,470.7593,205.9505,338.3549,-132.4044,0.0000,0.0000,470.7593,205.9505
85.857,2,1,heuristic,23.9335,170.6617,1.1972,0.5644,1.2247,1.3485,-1.7232,1.3855,1.5000,0.0159,1.3867,13.0279,0.1869,3.0000,0.0000,3.0000,0,20.6353,402.5057,213.2651,307.8854,-94.6203,0.0000,0.0000,402.5057,213.2651
85.907,2,1,heuristic,23.9335,170.6617,1.1960,0.5644,1.2247,1.3485,-1.7258,1.3866,1.5000,0.0005,1.3867,12.9609,0.1895,3.0000,0.0000,3.0000,0,20.6353,392.6003,153.9310,273.2656,-119.3347,0.0000,0.0000,392.6003,153.9310
85.957,2,1,heuristic,23.9627,170.7297,1.1937,0.5638,1.2414,1.3634,1.5710,1.3866,1.5000,0.0005,1.3867,12.9609,0.1906,3.0000,0.0000,3.0000,0,20.6353,364.6749,165.2592,264.9671,-99.7078,0.0000,0.0000,364.6749,165.2592
86.007,2,1,heuristic,23.9902,170.7944,1.1907,0.5659,1.2626,1.3836,-1.7550,1.3879,1.5000,-0.0158,1.3867,12.8887,0.1942,3.0000,0.0000,3.0000,0,20.6353,331.2670,166.6938,248.9804,-82.2866,0.0000,0.0000,331.2670,166.6938
86.057,2,1,heuristic,23.9902,170.7944,1.1875,0.5659,1.2626,1.3836,1.5633,1.3891,1.5000,-0.0310,1.3867,12.8201,0.1984,3.0000,0.0000,3.0000,0,20.6353,344.3416,158.0818,251.2117,-93.1299,0.0000,0.0000,344.3416,158.0818
86.107,2,1,heuristic,24.0194,170.8632,1.1827,0.5649,1.2748,1.3944,-1.7632,1.3891,1.5000,-0.0310,1.3867,12.8201,0.2016,3.0000,0.0000,3.0000,0,20.6353,334.7299,205.2546,269.9923,-64.7376,0.0000,0.0000,334.7299,205.2546
86.157,2,1,heuristic,24.0468,170.9280,1.1799,0.5661,1.2897,1.4085,-1.7717,1.3904,1.5000,-0.0471,1.3867,12.7472,0.2077,3.0000,0.0000,3.0000,0,20.6353,305.7617,204.9746,255.3681,-50.3935,0.0000,0.0000,305.7617,204.9746
86.207,2,1,heuristic,24.0758,170.9966,1.1754,0.5645,1.2955,1.4131,-1.7663,1.3916,1.5000,-0.0622,1.3867,12.6785,0.2117,3.0000,0.0000,3.0000,0,20.6353,335.4165,263.9767,299.6966,-35.7199,0.0000,0.0000,335.4165,263.9767
86.257,2,1,heuristic,24.1032,171.0610,1.1712,0.5655,1.3047,1.4220,1.5490,1.3929,1.5000,-0.0782,1.3867,12.6059,0.2175,3.0000,0.0000,3.0000,0,20.6353,172.8113,197.4702,185.1408,12.3295,0.0000,0.0000,172.8113,197.4702
86.307,2,1,heuristic,24.1032,171.0610,1.1686,0.5655,1.3047,1.4220,1.5643,1.3941,1.5000,-0.0932,1.3867,12.5377,0.2229,3.0000,0.0000,3.0000,0,20.6353,119.6992,206.0682,162.8837,43.1845,0.0000,0.0000,119.6992,206.0682
86.357,2,1,heuristic,24.1322,171.1287,1.1624,0.5639,1.3043,1.4210,1.5715,1.3941,1.5000,-0.0932,1.3867,12.5377,0.2255,3.0000,0.0000,3.0000,0,20.6353,64.6787,252.7477,158.7132,94.0345,0.0000,0.0000,64.6787,252.7477
86.407,2,1,heuristic,24.1593,171.1914,1.1603,0.5643,1.3046,1.4214,-1.7750,1.3955,1.5000,-0.1093,1.3867,12.4659,0.2330,3.0000,0.0000,3.0000,0,20.6353,124.4904,284.1123,204.3014,79.8110,0.0000,0.0000,124.4904,284.1123
86.457,2,1,heuristic,24.1881,171.2565,1.1544,0.5621,1.2939,1.4107,-1.7240,1.3967,1.5000,-0.1246,1.3867,12.3995,0.2364,3.0000,0.0000,3.0000,0,20.6353,124.4904,284.1123,204.3014,79.8110,0.0000,0.0000,124.4904,284.1123
86.507,2,1,heuristic,24.2154,171.3168,1.1509,0.5635,1.2867,1.4047,-1.7270,1.3981,1.5000,-0.1410,1.3867,12.3304,0.2437,3.0000,0.0000,3.0000,0,20.6353,59.8663,340.5588,200.2126,140.3462,0.0000,0.0000,59.8663,340.5588
86.557,2,1,heuristic,24.2154,171.3168,1.1494,0.5635,1.2867,1.4047,1.6200,1.3995,1.5000,-0.1567,1.3867,12.2663,0.2486,3.0000,0.0000,3.0000,0,20.6353,-19.0790,240.5156,110.7183,129.7973,0.0000,0.0000,-19.0790,240.5156
86.607,2,1,heuristic,24.2448,171.3799,1.1470,0.5636,1.2721,1.3913,1.6453,1.3995,1.5000,-0.1567,1.3867,12.2663,0.2501,3.0000,0.0000,3.0000,0,20.6353,53.4929,206.8478,130.1703,76.6774,0.0000,0.0000,53.4929,206.8478
86.657,2,1,heuristic,24.2727,171.4380,1.1446,0.5673,1.2594,1.3813,1.6567,1.4010,1.5000,-0.1740,1.3867,12.1991,0.2539,3.0000,0.0000,3.0000,0,20.6353,-8.5305,203.0364,97.2530,105.7834,0.0000,0.0000,-8.5305,203.0364
86.707,2,1,heuristic,24.2727,171.4380,1.1432,0.5673,1.2594,1.3813,-1.6793,1.4024,1.5000,-0.1909,1.3867,12.1372,0.2578,3.0000,0.0000,3.0000,0,20.6353,14.5721,210.3668,112.4695,97.8974,0.0000,0.0000,14.5721,210.3668
86.757,2,1,heuristic,24.3022,171.4978,1.1422,0.5674,1.2377,1.3615,1.6913,1.4024,1.5000,-0.1909,1.3867,12.1372,0.2592,3.0000,0.0000,3.0000,0,20.6353,23.1386,183.0701,103.1043,79.9658,0.0000,0.0000,23.1386,183.0701
86.807,2,1,heuristic,24.3298,171.5526,1.1419,0.5689,1.2183,1.3446,1.6727,1.4040,1.5000,-0.2089,1.3867,12.0733,0.2618,3.0000,0.0000,3.0000,0,20.6353,102.4318,224.4685,163.4502,61.0183,0.0000,0.0000,102.4318,224.4685
86.857,2,1,heuristic,24.3588,171.6090,1.1417,0.5667,1.1919,1.3197,1.7112,1.4055,1.5000,-0.2260,1.3867,12.0147,0.2636,3.0000,0.0000,3.0000,0,20.6353,102.4318,224.4685,163.4502,61.0183,0.0000,0.0000,102.4318,224.4685
86.907,2,1,heuristic,24.3861,171.6612,1.1421,0.5669,1.1709,1.3009,-1.6485,1.4071,1.5000,-0.2442,1.3867,11.9543,0.2654,3.0000,0.0000,3.0000,0,20.6353,195.7124,254.3266,225.0195,29.3071,0.0000,0.0000,195.7124,254.3266
86.957,2,1,heuristic,24.3861,171.6612,1.1425,0.5669,1.1709,1.3009,-1.6378,1.4087,1.5000,-0.2615,1.3867,11.8983,0.2665,3.0000,0.0000,3.0000,0,20.6353,222.2386,278.1592,250.1989,27.9603,0.0000,0.0000,222.2386,278.1592
87.007,2,1,heuristic,24.4151,171.7159,1.1447,0.5652,1.1469,1.2786,1.7200,1.4087,1.5000,-0.2615,1.3867,11.8983,0.2662,3.0000,0.0000,3.0000,0,20.6353,268.7013,211.8853,240.2933,-28.4080,0.0000,0.0000,268.7013,211.8853
87.057,2,1,heuristic,24.4428,171.7673,1.1441,0.5676,1.1318,1.2661,-1.6493,1.4103,1.5000,-0.2800,1.3867,11.8397,0.2656,3.0000,0.0000,3.0000,0,20.6353,262.7296,314.7194,288.7245,25.9949,0.0000,0.0000,262.7296,314.7194
87.107,2,1,heuristic,24.4726,171.8221,1.1462,0.5685,1.1162,1.2527,-1.6480,1.4120,1.5000,-0.2978,1.3867,11.7846,0.2679,3.0000,0.0000,3.0000,0,20.6353,261.2242,293.2277,277.2260,16.0017,0.0000,0.0000,261.2242,293.2277
87.157,2,1,heuristic,24.5011,171.8744,1.1462,0.5736,1.1108,1.2501,-1.6600,1.4137,1.5000,-0.3170,1.3867,11.7258,0.2675,3.0000,0.0000,3.0000,0,20.6353,179.9894,280.5262,230.2578,50.2684,0.0000,0.0000,179.9894,280.5262
87.207,2,1,heuristic,24.5319,171.9307,1.1484,0.5775,1.1055,1.2472,-1.6667,1.4154,1.5000,-0.3355,1.3867,11.6697,0.2692,3.0000,0.0000,3.0000,0,20.6353,187.6976,233.2195,210.4585,22.7609,0.0000,0.0000,187.6976,233.2195
87.257,2,1,heuristic,24.5614,171.9844,1.1497,0.5850,1.1080,1.2529,1.7248,1.4173,1.5000,-0.3555,1.3867,11.6092,0.2689,3.0000,0.0000,3.0000,0,20.6353,161.4856,304.0111,232.7484,71.2628,0.0000,0.0000,161.4856,304.0111
87.307,2,1,heuristic,24.5614,171.9844,1.1508,0.5850,1.1080,1.2529,-1.6550,1.4191,1.5000,-0.3747,1.3867,11.5517,0.2695,3.0000,0.0000,3.0000,0,20.6353,161.4856,304.0111,232.7484,71.2628,0.0000,0.0000,161.4856,304.0111
87.357,2,1,heuristic,24.5932,172.0419,1.1523,0.5900,1.1074,1.2548,1.7503,1.4191,1.5000,-0.3747,1.3867,11.5517,0.2683,3.0000,0.0000,3.0000,0,20.6353,136.1006,299.4527,217.7767,81.6761,0.0000,0.0000,136.1006,299.4527
87.407,2,1,heuristic,24.6236,172.0967,1.1538,0.5986,1.1143,1.2649,-1.6407,1.4211,1.5000,-0.3954,1.3867,11.4901,0.2688,3.0000,0.0000,3.0000,0,20.6353,58.6593,353.2919,205.9756,147.3163,0.0000,0.0000,58.6593,353.2919
87.457,2,1,heuristic,24.6563,172.1554,1.1558,0.6050,1.1173,1.2706,1.7605,1.4230,1.5000,-0.4152,1.3867,11.4314,0.2692,3.0000,0.0000,3.0000,0,20.6353,-7.7174,285.6731,138.9779,146.6953,0.0000,0.0000,-7.7174,285.6731
87.507,2,1,heuristic,24.6878,172.2109,1.1578,0.6153,1.1250,1.2823,-1.6042,1.4251,1.5000,-0.4367,1.3867,11.3685,0.2694,3.0000,0.0000,3.0000,0,20.6353,-17.4708,327.5026,155.0159,172.4867,0.0000,0.0000,-17.4708,327.5026
87.557,2,1,heuristic,24.6878,172.2109,1.1605,0.6153,1.1250,1.2823,1.8013,1.4271,1.5000,-0.4575,1.3867,11.3091,0.2694,3.0000,0.0000,3.0000,0,20.6353,-116.3029,295.0128,89.3549,205.6578,0.0000,0.0000,-116.3029,295.0128
87.607,2,1,heuristic,24.7219,172.2692,1.1643,0.6231,1.1242,1.2853,-1.5735,1.4271,1.5000,-0.4575,1.3867,11.3091,0.2667,3.0000,0.0000,3.0000,0,20.6353,-94.1512,268.8615,87.3551,181.5064,0.0000,0.0000,-94.1512,268.8615
87.657,2,1,heuristic,24.7543,172.3232,1.1671,0.6336,1.1246,1.2908,1.8153,1.4294,1.5000,-0.4803,1.3867,11.2466,0.2651,3.0000,0.0000,3.0000,0,20.6353,-94.1512,268.8615,87.3551,181.5064,0.0000,0.0000,-94.1512,268.8615
87.708,2,1,heuristic,24.7887,172.3790,1.1724,0.6393,1.1140,1.2844,-1.5490,1.4316,1.5000,-0.5023,1.3867,11.1885,0.2644,3.0000,0.0000,3.0000,0,20.6353,-102.5518,187.5852,42.5167,145.0685,0.0000,0.0000,-102.5518,187.5852
87.757,2,1,heuristic,24.8210,172.4298,1.1762,0.6461,1.1031,1.2784,1.8618,1.4340,1.5000,-0.5259,1.3867,11.1286,0.2615,3.0000,0.0000,3.0000,0,20.6353,-11.3147,171.4398,80.0625,91.3773,0.0000,0.0000,-11.3147,171.4398
87.807,2,1,heuristic,24.8548,172.4816,1.1828,0.6467,1.0816,1.2602,-1.5288,1.4362,1.5000,-0.5484,1.3867,11.0738,0.2600,3.0000,0.0000,3.0000,0,20.6353,-16.8865,196.7105,89.9120,106.7985,0.0000,0.0000,-16.8865,196.7105
87.857,2,1,heuristic,24.8860,172.5286,1.1902,0.6474,1.0610,1.2429,-1.5312,1.4386,1.5000,-0.5721,1.3867,11.0180,0.2558,3.0000,0.0000,3.0000,0,20.6353,34.6030,169.8500,102.2265,67.6235,0.0000,0.0000,34.6030,169.8500
87.908,2,1,heuristic,24.8860,172.5286,1.1947,0.6474,1.0610,1.2429,-1.5395,1.4409,1.5000,-0.5942,1.3867,10.9674,0.2507,3.0000,0.0000,3.0000,0,20.6353,76.9321,136.7254,106.8287,29.8967,0.0000,0.0000,76.9321,136.7254
87.957,2,1,heuristic,24.9184,172.5765,1.2011,0.6426,1.0333,1.2168,1.8802,1.4409,1.5000,-0.5942,1.3867,10.9674,0.2462,3.0000,0.0000,3.0000,0,20.6353,79.4422,222.9182,151.1802,71.7380,0.0000,0.0000,79.4422,222.9182
88.007,2,1,heuristic,24.9484,172.6202,1.2088,0.6391,1.0086,1.1940,1.8760,1.4433,1.5000,-0.6173,1.3867,10.9156,0.2422,3.0000,0.0000,3.0000,0,20.6353,-17.7092,197.2541,89.7725,107.4817,0.0000,0.0000,-17.7092,197.2541
88.057,2,1,heuristic,24.9799,172.6652,1.2176,0.6325,0.9798,1.1662,1.8773,1.4455,1.5000,-0.6388,1.3867,10.8685,0.2367,3.0000,0.0000,3.0000,0,20.6353,-38.8728,248.5387,104.8330,143.7058,0.0000,0.0000,-38.8728,248.5387
88.107,2,1,heuristic,25.0097,172.7063,1.2222,0.6299,0.9551,1.1441,-1.5480,1.4479,1.5000,-0.6615,1.3867,10.8200,0.2303,3.0000,0.0000,3.0000,0,20.6353,-4.0099,222.2498,109.1199,113.1298,0.0000,0.0000,-4.0099,222.2498
88.157,2,1,heuristic,25.0412,172.7486,1.2311,0.6251,0.9271,1.1181,-1.5448,1.4501,1.5000,-0.6832,1.3867,10.7756,0.2279,3.0000,0.0000,3.0000,0,20.6353,-64.4159,237.7072,86.6456,151.0616,0.0000,0.0000,-64.4159,237.7072
88.207,2,1,heuristic,25.0707,172.7879,1.2379,0.6232,0.9050,1.0988,1.8947,1.4526,1.5000,-0.7064,1.3867,10.7298,0.2215,3.0000,0.0000,3.0000,0,20.6353,-53.0014,182.4939,64.7463,117.7477,0.0000,0.0000,-53.0014,182.4939
88.257,2,1,heuristic,25.0707,172.7879,1.2446,0.6232,0.9050,1.0988,-1.5363,1.4549,1.5000,-0.7283,1.3867,10.6874,0.2170,3.0000,0.0000,3.0000,0,20.6353,-25.7460,257.2089,115.7314,141.4775,0.0000,0.0000,-25.7460,257.2089
88.307,2,1,heuristic,25.1019,172.8287,1.2518,0.6185,0.8811,1.0765,1.9007,1.4549,1.5000,-0.7283,1.3867,10.6874,0.2102,3.0000,0.0000,3.0000,0,20.6353,-25.7460,257.2089,115.7314,141.4775,0.0000,0.0000,-25.7460,257.2089
88.357,2,1,heuristic,25.1310,172.8667,1.2590,0.6161,0.8633,1.0606,-1.5235,1.4573,1.5000,-0.7515,1.3867,10.6432,0.2055,3.0000,0.0000,3.0000,0,20.6353,13.4653,306.3876,159.9264,146.4611,0.0000,0.0000,13.4653,306.3876
88.408,2,1,heuristic,25.1619,172.9070,1.2686,0.6117,0.8456,1.0437,1.9225,1.4597,1.5000,-0.7731,1.3867,10.6022,0.2007,3.0000,0.0000,3.0000,0,20.6353,-24.5705,317.1353,146.2824,170.8529,0.0000,0.0000,-24.5705,317.1353
88.457,2,1,heuristic,25.1911,172.9455,1.2763,0.6110,0.8367,1.0360,-1.5077,1.4622,1.5000,-0.7961,1.3867,10.5587,0.1936,3.0000,0.0000,3.0000,0,20.6353,76.2054,339.4663,207.8358,131.6304,0.0000,0.0000,76.2054,339.4663
88.507,2,1,heuristic,25.2227,172.9868,1.2894,0.6103,0.8285,1.0290,1.9473,1.4645,1.5000,-0.8178,1.3867,10.5174,0.1882,3.0000,0.0000,3.0000,0,20.6353,114.0591,320.6879,217.3735,103.3144,0.0000,0.0000,114.0591,320.6879
88.557,2,1,heuristic,25.2529,173.0268,1.2991,0.6141,0.8294,1.0320,1.9620,1.4671,1.5000,-0.8413,1.3867,10.4729,0.1777,3.0000,0.0000,3.0000,0,20.6353,179.8083,305.6041,242.7062,62.8979,0.0000,0.0000,179.8083,305.6041
88.607,2,1,heuristic,25.2856,173.0706,1.3075,0.6170,0.8319,1.0357,-1.5023,1.4696,1.5000,-0.8636,1.3867,10.4301,0.1705,3.0000,0.0000,3.0000,0,20.6353,162.4876,282.3667,222.4272,59.9395,0.0000,0.0000,162.4876,282.3667
88.657,2,1,heuristic,25.3168,173.1133,1.3163,0.6238,0.8434,1.0490,1.9483,1.4723,1.5000,-0.8878,1.3867,10.3832,0.1647,3.0000,0.0000,3.0000,0,20.6353,202.5501,257.8165,230.1833,27.6332,0.0000,0.0000,202.5501,257.8165
88.707,2,1,heuristic,25.3168,173.1133,1.3247,0.6238,0.8434,1.0490,-1.5220,1.4749,1.5000,-0.9107,1.3867,10.3377,0.1586,3.0000,0.0000,3.0000,0,20.6353,126.1097,183.0873,154.5985,28.4888,0.0000,0.0000,126.1097,183.0873
88.757,2,1,heuristic,25.3502,173.1601,1.3332,0.6275,0.8546,1.0603,1.9453,1.4749,1.5000,-0.9107,1.3867,10.3377,0.1502,3.0000,0.0000,3.0000,0,20.6353,216.4986,166.4981,191.4983,-25.0003,0.0000,0.0000,216.4986,166.4981
88.807,2,1,heuristic,25.3816,173.2053,1.3412,0.6327,0.8722,1.0775,-1.5417,1.4777,1.5000,-0.9349,1.3867,10.2880,0.1445,3.0000,0.0000,3.0000,0,20.6353,241.2916,111.9287,176.6101,-64.6814,0.0000,0.0000,241.2916,111.9287
88.857,2,1,heuristic,25.4143,173.2542,1.3492,0.6320,0.8858,1.0881,1.9002,1.4803,1.5000,-0.9575,1.3867,10.2401,0.1391,3.0000,0.0000,3.0000,0,20.6353,217.9987,121.9965,169.9976,-48.0011,0.0000,0.0000,217.9987,121.9965
88.907,2,1,heuristic,25.4443,173.3010,1.3565,0.6307,0.9038,1.1020,-1.5820,1.4831,1.5000,-0.9807,1.3867,10.1885,0.1339,3.0000,0.0000,3.0000,0,20.6353,213.5474,212.9688,213.2581,-0.2893,0.0000,0.0000,213.5474,212.9688
88.957,2,1,heuristic,25.4443,173.3010,1.3635,0.6307,0.9038,1.1020,1.8853,1.4856,1.5000,-1.0016,1.3867,10.1392,0.1292,3.0000,0.0000,3.0000,0,20.6353,213.5474,212.9688,213.2581,-0.2893,0.0000,0.0000,213.5474,212.9688
89.007,2,1,heuristic,25.4753,173.3514,1.3713,0.6236,0.9169,1.1089,-1.5900,1.4856,1.5000,-1.0016,1.3867,10.1392,0.1222,3.0000,0.0000,3.0000,0,20.6353,101.3273,176.7675,139.0474,37.7201,0.0000,0.0000,101.3273,176.7675
89.057,2,1,heuristic,25.5040,173.3998,1.3774,0.6183,0.9349,1.1209,1.8758,1.4883,1.5000,-1.0229,1.3867,10.0864,0.1169,3.0000,0.0000,3.0000,0,20.6353,101.3273,176.7675,139.0474,37.7201,0.0000,0.0000,101.3273,176.7675
89.107,2,1,heuristic,25.5339,173.4516,1.3843,0.6099,0.9473,1.1267,1.8780,1.4907,1.5000,-1.0422,1.3867,10.0359,0.1133,3.0000,0.0000,3.0000,0,20.6353,112.2838,148.8497,130.5667,18.2830,0.0000,0.0000,112.2838,148.8497
89.157,2,1,heuristic,25.5619,173.5003,1.3885,0.6046,0.9608,1.1352,1.8718,1.4933,1.5000,-1.0621,1.3867,9.9819,0.1090,3.0000,0.0000,3.0000,0,20.6353,94.8063,301.2529,198.0296,103.2233,0.0000,0.0000,94.8063,301.2529
89.207,2,1,heuristic,25.5619,173.5003,1.3924,0.6046,0.9608,1.1352,-1.6293,1.4957,1.5000,-1.0808,1.3867,9.9312,0.1072,3.0000,0.0000,3.0000,0,20.6353,94.8063,301.2529,198.0296,103.2233,0.0000,0.0000,94.8063,301.2529
89.257,2,1,heuristic,25.6195,173.6002,1.4003,0.5944,0.9753,1.1422,-1.5973,1.4957,1.5000,-1.0808,1.3867,9.9312,0.1033,3.0000,0.0000,3.0000,0,20.6353,140.4033,231.5818,185.9926,45.5893,0.0000,0.0000,140.4033,231.5818
89.307,2,1,heuristic,25.6195,173.6002,1.4055,0.5944,0.9753,1.1422,1.8958,1.5008,1.5000,-1.1190,1.3867,9.8273,0.1005,3.0000,0.0000,3.0000,0,20.6353,143.9462,205.3046,174.6254,30.6792,0.0000,0.0000,143.9462,205.3046
89.357,2,1,heuristic,25.6493,173.6522,1.4110,0.5903,0.9800,1.1441,-1.6050,1.5008,1.5000,-1.1190,1.3867,9.8273,0.0953,3.0000,0.0000,3.0000,0,20.6353,143.9462,205.3046,174.6254,30.6792,0.0000,0.0000,143.9462,205.3046
89.407,2,1,heuristic,25.6773,173.7015,1.4167,0.5888,0.9894,1.1513,-1.6208,1.5035,1.5000,-1.1388,1.3867,9.7735,0.0925,3.0000,0.0000,3.0000,0,20.6353,117.6480,133.5227,125.5854,7.9373,0.0000,0.0000,117.6480,133.5227
89.457,2,1,heuristic,25.7066,173.7540,1.4241,0.5837,0.9937,1.1524,-1.6100,1.5060,1.5000,-1.1573,1.3867,9.7224,0.0893,3.0000,0.0000,3.0000,0,20.6353,23.1107,116.1656,69.6382,46.5274,0.0000,0.0000,23.1107,116.1656
89.507,2,1,heuristic,25.7336,173.8035,1.4267,0.5798,1.0012,1.1570,1.8838,1.5087,1.5000,-1.1765,1.3867,9.6681,0.0846,3.0000,0.0000,3.0000,0,20.6353,63.0501,226.1645,144.6073,81.5572,0.0000,0.0000,63.0501,226.1645
89.557,2,1,heuristic,25.7336,173.8035,1.4319,0.5798,1.0012,1.1570,-1.6233,1.5112,1.5000,-1.1940,1.3867,9.6171,0.0844,3.0000,0.0000,3.0000,0,20.6353,-17.6940,270.4205,126.3632,144.0572,0.0000,0.0000,-17.6940,270.4205
89.607,2,1,heuristic,25.7617,173.8556,1.4373,0.5720,1.0011,1.1530,-1.6200,1.5112,1.5000,-1.1940,1.3867,9.6171,0.0793,3.0000,0.0000,3.0000,0,20.6353,41.8711,218.0694,129.9702,88.0991,0.0000,0.0000,41.8711,218.0694
89.657,2,1,heuristic,25.7880,173.9044,1.4421,0.5671,1.0043,1.1533,-1.6165,1.5138,1.5000,-1.2122,1.3867,9.5635,0.0764,3.0000,0.0000,3.0000,0,20.6353,119.2463,208.9082,164.0773,44.8310,0.0000,0.0000,119.2463,208.9082
89.707,2,1,heuristic,25.8155,173.9559,1.4479,0.5595,1.0016,1.1472,-1.6188,1.5162,1.5000,-1.2291,1.3867,9.5133,0.0741,3.0000,0.0000,3.0000,0,20.6353,56.0322,194.1679,125.1000,69.0679,0.0000,0.0000,56.0322,194.1679
89.757,2,1,heuristic,25.8412,174.0045,1.4529,0.5543,1.0036,1.1465,-1.6382,1.5188,1.5000,-1.2467,1.3867,9.4604,0.0710,3.0000,0.0000,3.0000,0,20.6353,39.4309,273.5910,156.5109,117.0801,0.0000,0.0000,39.4309,273.5910
89.807,2,1,heuristic,25.8412,174.0045,1.4582,0.5543,1.0036,1.1465,1.9007,1.5213,1.5000,-1.2630,1.3867,9.4106,0.0684,3.0000,0.0000,3.0000,0,20.6353,48.4544,324.0876,186.2710,137.8166,0.0000,0.0000,48.4544,324.0876
89.857,2,1,heuristic,25.8682,174.0559,1.4639,0.5474,1.0008,1.1408,-1.6055,1.5213,1.5000,-1.2630,1.3867,9.4106,0.0631,3.0000,0.0000,3.0000,0,20.6353,-61.5376,339.1925,138.8275,200.3650,0.0000,0.0000,-61.5376,339.1925
89.907,2,1,heuristic,25.8938,174.1046,1.4667,0.5447,1.0034,1.1417,-1.5973,1.5239,1.5000,-1.2801,1.3867,9.3579,0.0600,3.0000,0.0000,3.0000,0,20.6353,-66.9857,352.0382,142.5262,209.5119,0.0000,0.0000,-66.9857,352.0382
89.957,2,1,heuristic,25.9215,174.1563,1.4744,0.5424,1.0016,1.1390,1.9538,1.5264,1.5000,-1.2964,1.3867,9.3081,0.0597,3.0000,0.0000,3.0000,0,20.6353,-144.0381,296.7286,76.3453,220.3834,0.0000,0.0000,-144.0381,296.7286
90.007,2,1,heuristic,25.9480,174.2049,1.4825,0.5441,1.0036,1.1416,1.9585,1.5292,1.5000,-1.3142,1.3867,9.2552,0.0548,3.0000,0.0000,3.0000,0,20.6353,-54.4169,398.1731,171.8781,226.2950,0.0000,0.0000,-54.4169,398.1731
90.057,2,1,heuristic,25.9480,174.2049,1.4879,0.5441,1.0036,1.1416,1.9660,1.5318,1.5000,-1.3313,1.3867,9.2056,0.0493,3.0000,0.0000,3.0000,0,20.6353,13.5957,362.1992,187.8975,174.3017,0.0000,0.0000,13.5957,362.1992
90.107,2,1,heuristic,25.9762,174.2562,1.4973,0.5437,1.0005,1.1387,1.9852,1.5318,1.5000,-1.3313,1.3867,9.2056,0.0439,3.0000,0.0000,3.0000,0,20.6353,88.8959,324.9068,206.9013,118.0054,0.0000,0.0000,88.8959,324.9068
90.157,2,1,heuristic,26.0025,174.3051,1.5015,0.5447,1.0040,1.1423,1.9988,1.5347,1.5000,-1.3496,1.3867,9.1532,0.0373,3.0000,0.0000,3.0000,0,20.6353,88.8959,324.9068,206.9013,118.0054,0.0000,0.0000,88.8959,324.9068
90.207,2,1,heuristic,26.0025,174.3051,1.5097,0.5447,1.0040,1.1423,-1.5328,1.5374,1.5000,-1.3666,1.3867,9.1035,0.0359,3.0000,0.0000,3.0000,0,20.6353,151.9790,329.1287,240.5538,88.5749,0.0000,0.0000,151.9790,329.1287
90.257,2,1,heuristic,26.0301,174.3577,1.5207,0.5418,1.0056,1.1423,1.9895,1.5374,1.5000,-1.3666,1.3867,9.1035,0.0276,3.0000,0.0000,3.0000,0,20.6353,178.0838,336.7803,257.4321,79.3482,0.0000,0.0000,178.0838,336.7803
90.307,2,1,heuristic,26.0557,174.4082,1.5260,0.5404,1.0148,1.1497,1.9978,1.5402,1.5000,-1.3840,1.3867,9.0500,0.0195,3.0000,0.0000,3.0000,0,20.6353,238.0347,278.5138,258.2742,20.2396,0.0000,0.0000,238.0347,278.5138
90.357,2,1,heuristic,26.0827,174.4631,1.5331,0.5358,1.0231,1.1549,-1.5355,1.5429,1.5000,-1.4000,1.3867,8.9988,0.0169,3.0000,0.0000,3.0000,0,20.6353,247.7383,206.9031,227.3207,-20.4176,0.0000,0.0000,247.7383,206.9031
90.407,2,1,heuristic,26.1076,174.5163,1.5448,0.5327,1.0400,1.1685,-1.5722,1.5457,1.5000,-1.4164,1.3867,8.9432,0.0127,3.0000,0.0000,3.0000,0,20.6353,285.8020,138.2661,212.0340,-73.7680,0.0000,0.0000,285.8020,138.2661
90.457,2,1,heuristic,26.1076,174.5163,1.5504,0.5327,1.0400,1.1685,-1.5837,1.5484,1.5000,-1.4312,1.3867,8.8894,0.0036,3.0000,0.0000,3.0000,0,20.6353,285.8020,138.2661,212.0340,-73.7680,0.0000,0.0000,285.8020,138.2661
90.507,2,1,heuristic,26.1334,174.5738,1.5612,0.5254,1.0532,1.1770,-1.6085,1.5484,1.5000,-1.4312,1.3867,8.8894,-0.0020,3.0000,0.0000,3.0000,0,20.6353,201.7539,127.8129,164.7834,-36.9705,0.0000,0.0000,201.7539,127.8129
90.557,2,1,heuristic,26.1569,174.6288,1.5650,0.5182,1.0718,1.1905,1.9270,1.5512,1.5000,-1.4461,1.3867,8.8314,-0.0101,3.0000,0.0000,3.0000,0,20.6353,184.2859,154.6320,169.4590,-14.8270,0.0000,0.0000,184.2859,154.6320
90.608,2,1,heuristic,26.1569,174.6288,1.5723,0.5182,1.0718,1.1905,-1.6338,1.5537,1.5000,-1.4591,1.3867,8.7760,-0.0113,3.0000,0.0000,3.0000,0,20.6353,112.8012,183.9106,148.3559,35.5547,0.0000,0.0000,112.8012,183.9106
90.657,2,1,heuristic,26.2028,174.7432,1.5821,0.4966,1.0985,1.2055,1.9258,1.5537,1.5000,-1.4591,1.3867,8.7760,-0.0186,3.0000,0.0000,3.0000,0,20.6353,110.4317,76.7442,93.5879,-16.8438,0.0000,0.0000,110.4317,76.7442
90.707,2,1,heuristic,26.2028,174.7432,1.5876,0.4966,1.0985,1.2055,1.9118,1.5588,1.5000,-1.4833,1.3867,8.6609,-0.0233,3.0000,0.0000,3.0000,0,20.6353,134.5771,142.9416,138.7593,4.1822,0.0000,0.0000,134.5771,142.9416
90.757,2,1,heuristic,26.2251,174.8017,1.5939,0.4831,1.1038,1.2049,1.9158,1.5588,1.5000,-1.4833,1.3867,8.6609,-0.0288,3.0000,0.0000,3.0000,0,20.6353,144.0660,196.7129,170.3895,26.3234,0.0000,0.0000,144.0660,196.7129
90.807,2,1,heuristic,26.2453,174.8562,1.5989,0.4706,1.1102,1.2058,1.9040,1.5613,1.5000,-1.4945,1.3867,8.6022,-0.0326,3.0000,0.0000,3.0000,0,20.6353,132.3799,171.1474,151.7636,19.3838,0.0000,0.0000,132.3799,171.1474
90.857,2,1,heuristic,26.2659,174.9137,1.6046,0.4556,1.1091,1.1990,1.9243,1.5636,1.5000,-1.5043,1.3867,8.5475,-0.0353,3.0000,0.0000,3.0000,0,20.6353,163.0504,183.3413,173.1958,10.1454,0.0000,0.0000,163.0504,183.3413
90.907,2,1,heuristic,26.2846,174.9674,1.6094,0.4426,1.1113,1.1962,-1.6810,1.5660,1.5000,-1.5140,1.3867,8.4899,-0.0386,3.0000,0.0000,3.0000,0,20.6353,163.0504,183.3413,173.1958,10.1454,0.0000,0.0000,163.0504,183.3413
90.957,2,1,heuristic,26.2846,174.9674,1.6144,0.4426,1.1113,1.1962,1.9027,1.5682,1.5000,-1.5226,1.3867,8.4361,-0.0413,3.0000,0.0000,3.0000,0,20.6353,229.8335,93.3887,161.6111,-68.2224,0.0000,0.0000,229.8335,93.3887
91.007,2,1,heuristic,26.3039,175.0241,1.6189,0.4282,1.1070,1.1869,-1.6753,1.5682,1.5000,-1.5226,1.3867,8.4361,-0.0462,3.0000,0.0000,3.0000,0,20.6353,197.2809,95.7612,146.5210,-50.7598,0.0000,0.0000,197.2809,95.7612
91.057,2,1,heuristic,26.3215,175.0772,1.6214,0.4159,1.1066,1.1822,-1.6927,1.5704,1.5000,-1.5312,1.3867,8.3794,-0.0485,3.0000,0.0000,3.0000,0,20.6353,216.8564,155.4882,186.1723,-30.6841,0.0000,0.0000,216.8564,155.4882
91.107,2,1,heuristic,26.3395,175.1329,1.6274,0.4019,1.0996,1.1707,-1.7027,1.5726,1.5000,-1.5388,1.3867,8.3264,-0.0489,3.0000,0.0000,3.0000,0,20.6353,160.8364,116.9867,138.9116,-21.9248,0.0000,0.0000,160.8364,116.9867
91.157,2,1,heuristic,26.3559,175.1851,1.6312,0.3899,1.0974,1.1646,1.8675,1.5747,1.5000,-1.5463,1.3867,8.2707,-0.0526,3.0000,0.0000,3.0000,0,20.6353,120.3777,87.9800,104.1789,-16.1989,0.0000,0.0000,120.3777,87.9800
91.207,2,1,heuristic,26.3559,175.1851,1.6347,0.3899,1.0974,1.1646,1.8762,1.5768,1.5000,-1.5528,1.3867,8.2185,-0.0545,3.0000,0.0000,3.0000,0,20.6353,140.3323,89.2242,114.7782,-25.5540,0.0000,0.0000,140.3323,89.2242
91.257,2,1,heuristic,26.3727,175.2399,1.6379,0.3766,1.0886,1.1519,1.8660,1.5768,1.5000,-1.5528,1.3867,8.2185,-0.0579,3.0000,0.0000,3.0000,0,20.6353,246.8369,176.4678,211.6523,-35.1845,0.0000,0.0000,246.8369,176.4678
91.307,2,1,heuristic,26.3880,175.2907,1.6407,0.3650,1.0826,1.1424,-1.7372,1.5789,1.5000,-1.5594,1.3867,8.1639,-0.0590,3.0000,0.0000,3.0000,0,20.6353,238.6052,264.8387,251.7220,13.1167,0.0000,0.0000,238.6052,264.8387
91.357,2,1,heuristic,26.4034,175.3445,1.6442,0.3514,1.0731,1.1291,1.8542,1.5808,1.5000,-1.5651,1.3867,8.1132,-0.0599,3.0000,0.0000,3.0000,0,20.6353,220.7247,233.3916,227.0582,6.3334,0.0000,0.0000,220.7247,233.3916
91.407,2,1,heuristic,26.4172,175.3962,1.6459,0.3386,1.0735,1.1257,-1.7365,1.5828,1.5000,-1.5704,1.3867,8.0595,-0.0614,3.0000,0.0000,3.0000,0,20.6353,226.0061,203.3615,214.6838,-11.3223,0.0000,0.0000,226.0061,203.3615
91.457,2,1,heuristic,26.4172,175.3962,1.6484,0.3386,1.0735,1.1257,1.8648,1.5846,1.5000,-1.5745,1.3867,8.0081,-0.0613,3.0000,0.0000,3.0000,0,20.6353,226.0061,203.3615,214.6838,-11.3223,0.0000,0.0000,226.0061,203.3615
91.507,2,1,heuristic,26.4311,175.4520,1.6511,0.3242,1.0735,1.1214,-1.7648,1.5846,1.5000,-1.5745,1.3867,8.0081,-0.0638,3.0000,0.0000,3.0000,0,20.6353,303.2133,215.0093,259.1113,-44.1020,0.0000,0.0000,303.2133,215.0093
91.557,2,1,heuristic,26.4435,175.5054,1.6528,0.3109,1.0815,1.1253,1.8730,1.5864,1.5000,-1.5779,1.3867,7.9525,-0.0647,3.0000,0.0000,3.0000,0,20.6353,279.3879,228.4633,253.9256,-25.4623,0.0000,0.0000,279.3879,228.4633
91.607,2,1,heuristic,26.4558,175.5634,1.6551,0.2962,1.0883,1.1278,-1.7615,1.5881,1.5000,-1.5803,1.3867,7.8993,-0.0647,3.0000,0.0000,3.0000,0,20.6353,146.0157,202.8171,174.4164,28.4007,0.0000,0.0000,146.0157,202.8171
91.657,2,1,heuristic,26.4668,175.6195,1.6570,0.2825,1.1041,1.1397,1.8468,1.5898,1.5000,-1.5818,1.3867,7.8415,-0.0653,3.0000,0.0000,3.0000,0,20.6353,205.7502,160.9886,183.3694,-22.3808,0.0000,0.0000,205.7502,160.9886
91.707,2,1,heuristic,26.4779,175.6798,1.6585,0.2689,1.1152,1.1472,-1.7790,1.5913,1.5000,-1.5823,1.3867,7.7857,-0.0656,3.0000,0.0000,3.0000,0,20.6353,181.0555,158.5181,169.7868,-11.2687,0.0000,0.0000,181.0555,158.5181
91.757,2,1,heuristic,26.4880,175.7370,1.6604,0.2572,1.1305,1.1594,-1.7668,1.5929,1.5000,-1.5822,1.3867,7.7256,-0.0655,3.0000,0.0000,3.0000,0,20.6353,181.0555,158.5181,169.7868,-11.2687,0.0000,0.0000,181.0555,158.5181
91.807,2,1,heuristic,26.4880,175.7370,1.6614,0.2572,1.1305,1.1594,-1.7817,1.5944,1.5000,-1.5817,1.3867,7.6687,-0.0660,3.0000,0.0000,3.0000,0,20.6353,74.0806,247.4012,160.7409,86.6603,0.0000,0.0000,74.0806,247.4012
91.857,2,1,heuristic,26.4982,175.7978,1.6631,0.2452,1.1385,1.1646,-1.7783,1.5944,1.5000,-1.5817,1.3867,7.6687,-0.0670,3.0000,0.0000,3.0000,0,20.6353,82.3776,233.8181,158.0978,75.7202,0.0000,0.0000,82.3776,233.8181
91.907,2,1,heuristic,26.5076,175.8551,1.6637,0.2353,1.1496,1.1735,-1.7770,1.5960,1.5000,-1.5806,1.3867,7.6081,-0.0672,3.0000,0.0000,3.0000,0,20.6353,148.6764,240.2953,194.4858,45.8095,0.0000,0.0000,148.6764,240.2953
91.957,2,1,heuristic,26.5174,175.9157,1.6657,0.2258,1.1528,1.1747,1.8610,1.5974,1.5000,-1.5794,1.3867,7.5510,-0.0663,3.0000,0.0000,3.0000,0,20.6353,100.5331,344.9927,222.7629,122.2298,0.0000,0.0000,100.5331,344.9927
92.007,2,1,heuristic,26.5264,175.9728,1.6677,0.2179,1.1601,1.1804,1.8800,1.5989,1.5000,-1.5779,1.3867,7.4907,-0.0667,3.0000,0.0000,3.0000,0,20.6353,142.8597,316.0104,229.4350,86.5754,0.0000,0.0000,142.8597,316.0104
92.057,2,1,heuristic,26.5264,175.9728,1.6697,0.2179,1.1601,1.1804,-1.7398,1.6003,1.5000,-1.5762,1.3867,7.4339,-0.0673,3.0000,0.0000,3.0000,0,20.6353,95.3735,345.8628,220.6181,125.2446,0.0000,0.0000,95.3735,345.8628
92.107,2,1,heuristic,26.5357,176.0336,1.6719,0.2102,1.1619,1.1808,1.9013,1.6003,1.5000,-1.5762,1.3867,7.4339,-0.0694,3.0000,0.0000,3.0000,0,20.6353,-14.2670,305.0002,145.3666,159.6336,0.0000,0.0000,-14.2670,305.0002
92.157,2,1,heuristic,26.5443,176.0911,1.6746,0.2040,1.1691,1.1867,-1.7365,1.6018,1.5000,-1.5743,1.3867,7.3734,-0.0700,3.0000,0.0000,3.0000,0,20.6353,-75.3507,324.4681,124.5587,199.9094,0.0000,0.0000,-75.3507,324.4681
92.207,2,1,heuristic,26.5537,176.1518,1.6775,0.1995,1.1685,1.1854,-1.7105,1.6033,1.5000,-1.5722,1.3867,7.3162,-0.0713,3.0000,0.0000,3.0000,0,20.6353,-61.1856,214.5085,76.6614,137.8470,0.0000,0.0000,-61.1856,214.5085
92.257,2,1,heuristic,26.5630,176.2081,1.6831,0.1982,1.1695,1.1861,1.9455,1.6048,1.5000,-1.5704,1.3867,7.2559,-0.0727,3.0000,0.0000,3.0000,0,20.6353,-35.6552,167.0368,65.6908,101.3460,0.0000,0.0000,-35.6552,167.0368
92.307,2,1,heuristic,26.5730,176.2664,1.6876,0.1971,1.1600,1.1766,1.9663,1.6064,1.5000,-1.5692,1.3867,7.2000,-0.0767,3.0000,0.0000,3.0000,0,20.6353,-29.1387,217.9346,94.3980,123.5366,0.0000,0.0000,-29.1387,217.9346
92.358,2,1,heuristic,26.5825,176.3199,1.6923,0.1971,1.1508,1.1676,-1.6750,1.6081,1.5000,-1.5683,1.3867,7.1420,-0.0796,3.0000,0.0000,3.0000,0,20.6353,3.0055,246.8806,124.9430,121.9376,0.0000,0.0000,3.0055,246.8806
92.407,2,1,heuristic,26.5825,176.3199,1.6976,0.1971,1.1508,1.1676,1.9770,1.6097,1.5000,-1.5678,1.3867,7.0890,-0.0826,3.0000,0.0000,3.0000,0,20.6353,3.0055,246.8806,124.9430,121.9376,0.0000,0.0000,3.0055,246.8806
92.457,2,1,heuristic,26.5925,176.3754,1.7045,0.1961,1.1339,1.1508,-1.6610,1.6097,1.5000,-1.5678,1.3867,7.0890,-0.0879,3.0000,0.0000,3.0000,0,20.6353,82.6361,214.0158,148.3259,65.6899,0.0000,0.0000,82.6361,214.0158
92.507,2,1,heuristic,26.6019,176.4268,1.7059,0.1962,1.1215,1.1385,1.9915,1.6114,1.5000,-1.5675,1.3867,7.0339,-0.0931,3.0000,0.0000,3.0000,0,20.6353,82.3399,123.3422,102.8411,20.5011,0.0000,0.0000,82.3399,123.3422
92.557,2,1,heuristic,26.6019,176.4268,1.7119,0.1962,1.1215,1.1385,-1.6760,1.6131,1.5000,-1.5674,1.3867,6.9829,-0.0928,3.0000,0.0000,3.0000,0,20.6353,57.1939,219.3318,138.2629,81.0690,0.0000,0.0000,57.1939,219.3318
92.607,2,1,heuristic,26.6118,176.4806,1.7186,0.1949,1.1041,1.1212,-1.6800,1.6131,1.5000,-1.5674,1.3867,6.9829,-0.0989,3.0000,0.0000,3.0000,0,20.6353,110.1940,269.9334,190.0637,79.8697,0.0000,0.0000,110.1940,269.9334
92.657,2,1,heuristic,26.6209,176.5305,1.7265,0.1941,1.0913,1.1085,1.9850,1.6148,1.5000,-1.5672,1.3867,6.9296,-0.1037,3.0000,0.0000,3.0000,0,20.6353,159.8817,245.2276,202.5547,42.6729,0.0000,0.0000,159.8817,245.2276
92.707,2,1,heuristic,26.6305,176.5833,1.7333,0.1922,1.0761,1.0931,1.9970,1.6165,1.5000,-1.5671,1.3867,6.8801,-0.1100,3.0000,0.0000,3.0000,0,20.6353,159.8817,245.2276,202.5547,42.6729,0.0000,0.0000,159.8817,245.2276
92.757,2,1,heuristic,26.6392,176.6334,1.7389,0.1901,1.0696,1.0863,1.9940,1.6182,1.5000,-1.5669,1.3867,6.8279,-0.1151,3.0000,0.0000,3.0000,0,20.6353,268.0858,209.1078,238.5968,-29.4890,0.0000,0.0000,268.0858,209.1078
92.807,2,1,heuristic,26.6479,176.6871,1.7432,0.1855,1.0622,1.0783,-1.6883,1.6199,1.5000,-1.5663,1.3867,6.7783,-0.1190,3.0000,0.0000,3.0000,0,20.6353,284.0790,116.6126,200.3458,-83.7332,0.0000,0.0000,284.0790,116.6126
92.857,2,1,heuristic,26.6552,176.7385,1.7515,0.1788,1.0639,1.0788,-1.7163,1.6215,1.5000,-1.5650,1.3867,6.7250,-0.1216,3.0000,0.0000,3.0000,0,20.6353,275.7882,41.2373,158.5128,-117.2754,0.0000,0.0000,275.7882,41.2373
92.907,2,1,heuristic,26.6552,176.7385,1.7549,0.1788,1.0639,1.0788,-1.7080,1.6230,1.5000,-1.5627,1.3867,6.6741,-0.1284,3.0000,0.0000,3.0000,0,20.6353,254.8452,80.9510,167.8981,-86.9471,0.0000,0.0000,254.8452,80.9510
92.957,2,1,heuristic,26.6617,176.7935,1.7633,0.1682,1.0626,1.0758,-1.7403,1.6230,1.5000,-1.5627,1.3867,6.6741,-0.1318,3.0000,0.0000,3.0000,0,20.6353,236.2439,68.7050,152.4745,-83.7694,0.0000,0.0000,236.2439,68.7050
93.007,2,1,heuristic,26.6667,176.8455,1.7678,0.1553,1.0666,1.0779,1.9047,1.6244,1.5000,-1.5591,1.3867,6.6195,-0.1389,3.0000,0.0000,3.0000,0,20.6353,153.4296,106.6034,130.0165,-23.4131,0.0000,0.0000,153.4296,106.6034
93.057,2,1,heuristic,26.6709,176.9008,1.7706,0.1404,1.0660,1.0752,-1.7585,1.6256,1.5000,-1.5545,1.3867,6.5679,-0.1422,3.0000,0.0000,3.0000,0,20.6353,98.3299,91.3236,94.8268,-3.5032,0.0000,0.0000,98.3299,91.3236
93.107,2,1,heuristic,26.6742,176.9528,1.7751,0.1258,1.0698,1.0772,1.9105,1.6267,1.5000,-1.5485,1.3867,6.5129,-0.1439,3.0000,0.0000,3.0000,0,20.6353,173.0985,165.4309,169.2647,-3.8338,0.0000,0.0000,173.0985,165.4309
93.157,2,1,heuristic,26.6772,177.0077,1.7780,0.1123,1.0669,1.0728,-1.7790,1.6277,1.5000,-1.5421,1.3867,6.4611,-0.1474,3.0000,0.0000,3.0000,0,20.6353,219.8046,210.0080,214.9063,-4.8983,0.0000,0.0000,219.8046,210.0080
93.207,2,1,heuristic,26.6772,177.0077,1.7810,0.1123,1.0669,1.0728,1.9118,1.6286,1.5000,-1.5351,1.3867,6.4065,-0.1494,3.0000,0.0000,3.0000,0,20.6353,190.8567,186.6698,188.7633,-2.0935,0.0000,0.0000,190.8567,186.6698
93.257,2,1,heuristic,26.6797,177.0596,1.7835,0.1002,1.0698,1.0745,-1.7835,1.6286,1.5000,-1.5351,1.3867,6.4065,-0.1523,3.0000,0.0000,3.0000,0,20.6353,104.7538,226.2670,165.5104,60.7566,0.0000,0.0000,104.7538,226.2670
93.308,2,1,heuristic,26.6819,177.1153,1.7855,0.0885,1.0698,1.0735,1.9095,1.6295,1.5000,-1.5280,1.3867,6.3548,-0.1540,3.0000,0.0000,3.0000,0,20.6353,138.0764,202.0881,170.0822,32.0059,0.0000,0.0000,138.0764,202.0881
93.357,2,1,heuristic,26.6837,177.1679,1.7885,0.0786,1.0752,1.0781,-1.7763,1.6304,1.5000,-1.5200,1.3867,6.2994,-0.1551,3.0000,0.0000,3.0000,0,20.6353,89.7411,298.3406,194.0409,104.2997,0.0000,0.0000,89.7411,298.3406
93.407,2,1,heuristic,26.6855,177.2239,1.7911,0.0698,1.0754,1.0776,1.9295,1.6312,1.5000,-1.5122,1.3867,6.2470,-0.1573,3.0000,0.0000,3.0000,0,20.6353,-20.2049,218.6555,99.2253,119.4302,0.0000,0.0000,-20.2049,218.6555
93.457,2,1,heuristic,26.6872,177.2767,1.7943,0.0629,1.0805,1.0823,1.9313,1.6320,1.5000,-1.5037,1.3867,6.1912,-0.1591,3.0000,0.0000,3.0000,0,20.6353,-5.4034,133.7530,64.1748,69.5782,0.0000,0.0000,-5.4034,133.7530
93.507,2,1,heuristic,26.6872,177.2767,1.7966,0.0629,1.0805,1.0823,1.9480,1.6328,1.5000,-1.4957,1.3867,6.1386,-0.1615,3.0000,0.0000,3.0000,0,20.6353,55.0488,128.8179,91.9334,36.8846,0.0000,0.0000,55.0488,128.8179
93.557,2,1,heuristic,26.6892,177.3320,1.8005,0.0580,1.0771,1.0786,1.9345,1.6328,1.5000,-1.4957,1.3867,6.1386,-0.1638,3.0000,0.0000,3.0000,0,20.6353,46.7379,175.1370,110.9374,64.1995,0.0000,0.0000,46.7379,175.1370
93.607,2,1,heuristic,26.6908,177.3830,1.8023,0.0532,1.0741,1.0754,1.9385,1.6337,1.5000,-1.4875,1.3867,6.0835,-0.1668,3.0000,0.0000,3.0000,0,20.6353,47.4949,145.5679,96.5314,49.0365,0.0000,0.0000,47.4949,145.5679
93.657,2,1,heuristic,26.6908,177.3830,1.8056,0.0532,1.0741,1.0754,-1.7583,1.6345,1.5000,-1.4798,1.3867,6.0328,-0.1678,3.0000,0.0000,3.0000,0,20.6353,141.6689,169.8973,155.7831,14.1142,0.0000,0.0000,141.6689,169.8973
93.707,2,1,heuristic,26.6924,177.4361,1.8093,0.0484,1.0634,1.0645,1.9663,1.6345,1.5000,-1.4798,1.3867,6.0328,-0.1711,3.0000,0.0000,3.0000,0,20.6353,170.1738,192.0069,181.0904,10.9166,0.0000,0.0000,170.1738,192.0069
93.757,2,1,heuristic,26.6936,177.4854,1.8111,0.0440,1.0564,1.0573,-1.7672,1.6353,1.5000,-1.4716,1.3867,5.9799,-0.1740,3.0000,0.0000,3.0000,0,20.6353,237.7181,190.9383,214.3282,-23.3899,0.0000,0.0000,237.7181,190.9383
93.807,2,1,heuristic,26.6936,177.4854,1.8146,0.0440,1.0564,1.0573,1.9450,1.6361,1.5000,-1.4638,1.3867,5.9307,-0.1750,3.0000,0.0000,3.0000,0,20.6353,313.6281,127.4760,220.5520,-93.0760,0.0000,0.0000,313.6281,127.4760
93.857,2,1,heuristic,26.6946,177.5378,1.8200,0.0389,1.0465,1.0473,1.9418,1.6361,1.5000,-1.4638,1.3867,5.9307,-0.1786,3.0000,0.0000,3.0000,0,20.6353,403.3770,61.4076,232.3923,-170.9847,0.0000,0.0000,403.3770,61.4076
93.907,2,1,heuristic,26.6950,177.5877,1.8207,0.0328,1.0450,1.0455,-1.7857,1.6368,1.5000,-1.4551,1.3867,5.8785,-0.1832,3.0000,0.0000,3.0000,0,20.6353,306.0982,-5.8806,150.1088,-155.9894,0.0000,0.0000,306.0982,-5.8806
93.957,2,1,heuristic,26.6946,177.6413,1.8245,0.0246,1.0422,1.0425,-1.8180,1.6375,1.5000,-1.4464,1.3867,5.8288,-0.1833,3.0000,0.0000,3.0000,0,20.6353,299.1543,19.7800,159.4672,-139.6871,0.0000,0.0000,299.1543,19.7800
94.007,2,1,heuristic,26.6934,177.6919,1.8267,0.0147,1.0448,1.0449,1.8738,1.6380,1.5000,-1.4362,1.3867,5.7753,-0.1865,3.0000,0.0000,3.0000,0,20.6353,294.0941,67.3043,180.6992,-113.3949,0.0000,0.0000,294.0941,67.3043
94.057,2,1,heuristic,26.6934,177.6919,1.8282,0.0147,1.0448,1.0449,1.8795,1.6384,1.5000,-1.4257,1.3867,5.7247,-0.1884,3.0000,0.0000,3.0000,0,20.6353,248.6108,-9.7932,119.4088,-129.2020,0.0000,0.0000,248.6108,-9.7932
94.107,2,1,heuristic,26.6910,177.7458,1.8295,0.0027,1.0430,1.0430,1.8698,1.6384,1.5000,-1.4257,1.3867,5.7247,-0.1898,3.0000,0.0000,3.0000,0,20.6353,205.4396,86.9369,146.1882,-59.2514,0.0000,0.0000,205.4396,86.9369
94.157,2,1,heuristic,26.6881,177.7965,1.8299,-0.0102,1.0459,1.0459,1.8655,1.6386,1.5000,-1.4135,1.3867,5.6708,-0.1909,3.0000,0.0000,3.0000,0,20.6353,195.4977,1.7378,98.6177,-96.8800,0.0000,0.0000,195.4977,1.7378
94.207,2,1,heuristic,26.6881,177.7965,1.8300,-0.0102,1.0459,1.0459,-1.8750,1.6387,1.5000,-1.4013,1.3867,5.6199,-0.1912,3.0000,0.0000,3.0000,0,20.6353,130.0495,27.1166,78.5830,-51.4664,0.0000,0.0000,130.0495,27.1166
94.257,2,1,heuristic,26.6840,177.8501,1.8298,-0.0239,1.0426,1.0428,1.8302,1.6387,1.5000,-1.4013,1.3867,5.6199,-0.1913,3.0000,0.0000,3.0000,0,20.6353,131.2510,-7.9734,61.6388,-69.6122,0.0000,0.0000,131.2510,-7.9734
94.307,2,1,heuristic,26.6794,177.8999,1.8303,-0.0380,1.0418,1.0425,1.8217,1.6386,1.5000,-1.3875,1.3867,5.5662,-0.1912,3.0000,0.0000,3.0000,0,20.6353,179.2554,102.0266,140.6410,-38.6144,0.0000,0.0000,179.2554,102.0266
94.357,2,1,heuristic,26.6742,177.9520,1.8276,-0.0505,1.0336,1.0348,-1.9018,1.6384,1.5000,-1.3739,1.3867,5.5162,-0.1919,3.0000,0.0000,3.0000,0,20.6353,200.4430,60.5214,130.4822,-69.9608,0.0000,0.0000,200.4430,60.5214
94.407,2,1,heuristic,26.6689,178.0006,1.8270,-0.0627,1.0295,1.0314,-1.8985,1.6381,1.5000,-1.3593,1.3867,5.4639,-0.1895,3.0000,0.0000,3.0000,0,20.6353,222.9100,8.8148,115.8624,-107.0476,0.0000,0.0000,222.9100,8.8148
94.457,2,1,heuristic,26.6689,178.0006,1.8250,-0.0627,1.0295,1.0314,-1.9123,1.6377,1.5000,-1.3451,1.3867,5.4150,-0.1893,3.0000,0.0000,3.0000,0,20.6353,207.4456,3.7268,105.5862,-101.8594,0.0000,0.0000,207.4456,3.7268
94.507,2,1,heuristic,26.6629,178.0517,1.8238,-0.0730,1.0200,1.0226,-1.9433,1.6377,1.5000,-1.3451,1.3867,5.4150,-0.1873,3.0000,0.0000,3.0000,0,20.6353,276.1678,98.5844,187.3761,-88.7917,0.0000,0.0000,276.1678,98.5844
94.557,2,1,heuristic,26.6571,178.0990,1.8228,-0.0825,1.0134,1.0167,1.8150,1.6372,1.5000,-1.3299,1.3867,5.3637,-0.1866,3.0000,0.0000,3.0000,0,20.6353,253.9092,115.0906,184.4999,-69.4093,0.0000,0.0000,253.9092,115.0906
94.607,2,1,heuristic,26.6571,178.0990,1.8208,-0.0825,1.0134,1.0167,-1.9293,1.6367,1.5000,-1.3155,1.3867,5.3160,-0.1861,3.0000,0.0000,3.0000,0,20.6353,191.3546,151.0699,171.2122,-20.1424,0.0000,0.0000,191.3546,151.0699
94.657,2,1,heuristic,26.6506,178.1488,1.8182,-0.0910,1.0021,1.0062,1.8065,1.6367,1.5000,-1.3155,1.3867,5.3160,-0.1840,3.0000,0.0000,3.0000,0,20.6353,195.4776,166.5037,180.9907,-14.4869,0.0000,0.0000,195.4776,166.5037
94.707,2,1,heuristic,26.6443,178.1957,1.8156,-0.0992,0.9972,1.0021,-1.9563,1.6361,1.5000,-1.3000,1.3867,5.2660,-0.1820,3.0000,0.0000,3.0000,0,20.6353,147.4252,179.9778,163.7015,16.2763,0.0000,0.0000,147.4252,179.9778
94.757,2,1,heuristic,26.6374,178.2456,1.8112,-0.1058,0.9897,0.9953,-1.9370,1.6355,1.5000,-1.2852,1.3867,5.2187,-0.1801,3.0000,0.0000,3.0000,0,20.6353,146.4750,126.0724,136.2737,-10.2013,0.0000,0.0000,146.4750,126.0724
94.807,2,1,heuristic,26.6309,178.2928,1.8102,-0.1120,0.9882,0.9945,-1.9285,1.6348,1.5000,-1.2693,1.3867,5.1685,-0.1764,3.0000,0.0000,3.0000,0,20.6353,193.6153,29.2075,111.4114,-82.2039,0.0000,0.0000,193.6153,29.2075
94.857,2,1,heuristic,26.6237,178.3426,1.8060,-0.1169,0.9824,0.9893,-1.9380,1.6341,1.5000,-1.2542,1.3867,5.1210,-0.1761,3.0000,0.0000,3.0000,0,20.6353,83.6153,101.9989,92.8071,9.1918,0.0000,0.0000,83.6153,101.9989
94.907,2,1,heuristic,26.6237,178.3426,1.8050,-0.1169,0.9824,0.9893,-1.9572,1.6333,1.5000,-1.2381,1.3867,5.0708,-0.1726,3.0000,0.0000,3.0000,0,20.6353,-18.2336,97.9882,39.8773,58.1109,0.0000,0.0000,-18.2336,97.9882
94.957,2,1,heuristic,26.6167,178.3892,1.8023,-0.1228,0.9800,0.9876,1.8175,1.6333,1.5000,-1.2381,1.3867,5.0708,-0.1716,3.0000,0.0000,3.0000,0,20.6353,47.4902,140.0720,93.7811,46.2909,0.0000,0.0000,47.4902,140.0720
95.007,2,1,heuristic,26.6095,178.4378,1.8001,-0.1262,0.9708,0.9790,1.8385,1.6325,1.5000,-1.2227,1.3867,5.0239,-0.1697,3.0000,0.0000,3.0000,0,20.6353,89.4404,260.4974,174.9689,85.5285,0.0000,0.0000,89.4404,260.4974
95.057,2,1,heuristic,26.6026,178.4831,1.7974,-0.1294,0.9652,0.9739,1.8393,1.6317,1.4925,-1.2067,1.3867,4.9749,-0.1685,3.0000,0.0000,3.0000,0,20.6353,89.4404,260.4974,174.9689,85.5285,0.0000,0.0000,89.4404,260.4974
95.107,2,1,heuristic,26.6026,178.4831,1.7956,-0.1294,0.9652,0.9739,-1.9178,1.6309,1.4788,-1.1917,1.3867,4.9293,-0.1666,3.0000,0.0000,3.0000,0,20.6353,42.2485,327.0766,184.6625,142.4140,0.0000,0.0000,42.2485,327.0766
95.157,2,1,heuristic,26.5955,178.5314,1.7938,-0.1310,0.9583,0.9672,1.8793,1.6309,1.4788,-1.1917,1.3867,4.9293,-0.1647,3.0000,0.0000,3.0000,0,20.6353,30.8047,374.8703,202.8375,172.0328,0.0000,0.0000,30.8047,374.8703
95.207,2,1,heuristic,26.5890,178.5778,1.7933,-0.1317,0.9597,0.9687,1.8860,1.6300,1.4642,-1.1758,1.3867,4.8806,-0.1639,3.0000,0.0000,3.0000,0,20.6353,-1.8981,330.8972,164.4996,166.3976,0.0000,0.0000,-1.8981,330.8972
95.257,2,1,heuristic,26.5828,178.6279,1.7922,-0.1294,0.9607,0.9694,1.9002,1.6292,1.4502,-1.1609,1.3867,4.8340,-0.1641,3.0000,0.0000,3.0000,0,20.6353,42.9705,342.7751,192.8728,149.9023,0.0000,0.0000,42.9705,342.7751
95.307,2,1,heuristic,26.5775,178.6760,1.7924,-0.1256,0.9686,0.9768,-1.8377,1.6285,1.4351,-1.1456,1.3867,4.7835,-0.1637,3.0000,0.0000,3.0000,0,20.6353,62.0324,248.0615,155.0470,93.0145,0.0000,0.0000,62.0324,248.0615
95.357,2,1,heuristic,26.5775,178.6760,1.7931,-0.1256,0.9686,0.9768,1.9465,1.6280,1.4206,-1.1316,1.3867,4.7353,-0.1644,3.0000,0.0000,3.0000,0,20.6353,91.3077,164.4411,127.8744,36.5667,0.0000,0.0000,91.3077,164.4411
95.407,2,1,heuristic,26.5722,178.7276,1.7946,-0.1210,0.9736,0.9811,-1.8333,1.6280,1.4206,-1.1316,1.3867,4.7353,-0.1651,3.0000,0.0000,3.0000,0,20.6353,136.8174,175.9793,156.3983,19.5809,0.0000,0.0000,136.8174,175.9793
95.457,2,1,heuristic,26.5673,178.7766,1.7957,-0.1171,0.9828,0.9897,-1.8237,1.6275,1.4050,-1.1169,1.3867,4.6834,-0.1671,3.0000,0.0000,3.0000,0,20.6353,168.8660,134.6418,151.7539,-17.1121,0.0000,0.0000,168.8660,134.6418
95.507,2,1,heuristic,26.5620,178.8286,1.7983,-0.1139,0.9865,0.9931,-1.8240,1.6270,1.3903,-1.1032,1.3867,4.6343,-0.1687,3.0000,0.0000,3.0000,0,20.6353,165.4173,154.0239,159.7206,-5.6967,0.0000,0.0000,165.4173,154.0239
95.557,2,1,heuristic,26.5568,178.8779,1.8002,-0.1130,0.9944,1.0008,1.9768,1.6265,1.3746,-1.0885,1.3867,4.5820,-0.1718,3.0000,0.0000,3.0000,0,20.6353,131.6081,132.2321,131.9201,0.3120,0.0000,0.0000,131.6081,132.2321
95.607,2,1,heuristic,26.5568,178.8779,1.8024,-0.1130,0.9944,1.0008,-1.8510,1.6260,1.3598,-1.0743,1.3867,4.5325,-0.1743,3.0000,0.0000,3.0000,0,20.6353,143.1890,70.4518,106.8204,-36.3686,0.0000,0.0000,143.1890,70.4518
95.657,2,1,heuristic,26.5508,178.9302,1.8039,-0.1132,0.9969,1.0033,-1.8438,1.6260,1.3598,-1.0743,1.3867,4.5325,-0.1764,3.0000,0.0000,3.0000,0,20.6353,156.6338,36.9939,96.8138,-59.8199,0.0000,0.0000,156.6338,36.9939
95.707,2,1,heuristic,26.5450,178.9794,1.8077,-0.1149,1.0024,1.0090,1.9393,1.6253,1.3440,-1.0589,1.3867,4.4799,-0.1786,3.0000,0.0000,3.0000,0,20.6353,60.3931,68.9597,64.6764,4.2833,0.0000,0.0000,60.3931,68.9597
95.757,2,1,heuristic,26.5386,179.0310,1.8089,-0.1167,1.0005,1.0073,1.9463,1.6246,1.3292,-1.0441,1.3867,4.4305,-0.1831,3.0000,0.0000,3.0000,0,20.6353,116.0627,22.6932,69.3779,-46.6847,0.0000,0.0000,116.0627,22.6932
95.807,2,1,heuristic,26.5324,179.0789,1.8097,-0.1192,0.9998,1.0069,-1.8535,1.6238,1.3136,-1.0284,1.3867,4.3786,-0.1852,3.0000,0.0000,3.0000,0,20.6353,124.1144,74.7821,99.4482,-24.6661,0.0000,0.0000,124.1144,74.7821
95.857,2,1,heuristic,26.5258,179.1286,1.8117,-0.1206,0.9910,0.9983,1.9407,1.6229,1.2991,-1.0135,1.3867,4.3305,-0.1868,3.0000,0.0000,3.0000,0,20.6353,88.5702,65.4347,77.0024,-11.5677,0.0000,0.0000,88.5702,65.4347
95.907,2,1,heuristic,26.5196,179.1746,1.8127,-0.1223,0.9847,0.9923,-1.8858,1.6220,1.2842,-0.9980,1.3867,4.2805,-0.1897,3.0000,0.0000,3.0000,0,20.6353,88.5702,65.4347,77.0024,-11.5677,0.0000,0.0000,88.5702,65.4347
95.958,2,1,heuristic,26.5196,179.1746,1.8133,-0.1223,0.9847,0.9923,1.9223,1.6211,1.2703,-0.9834,1.3867,4.2342,-0.1917,3.0000,0.0000,3.0000,0,20.6353,62.8761,106.5849,84.7305,21.8544,0.0000,0.0000,62.8761,106.5849
96.007,2,1,heuristic,26.5131,179.2225,1.8143,-0.1227,0.9717,0.9794,-1.8868,1.6211,1.2703,-0.9834,1.3867,4.2342,-0.1922,3.0000,0.0000,3.0000,0,20.6353,90.0434,176.3282,133.1858,43.1424,0.0000,0.0000,90.0434,176.3282
96.057,2,1,heuristic,26.5072,179.2667,1.8151,-0.1228,0.9615,0.9693,1.9263,1.6201,1.2558,-0.9683,1.3867,4.1861,-0.1942,3.0000,0.0000,3.0000,0,20.6353,90.0434,176.3282,133.1858,43.1424,0.0000,0.0000,90.0434,176.3282
96.107,2,1,heuristic,26.5072,179.2667,1.8161,-0.1228,0.9615,0.9693,-1.8880,1.6192,1.2425,-0.9544,1.3867,4.1417,-0.1959,3.0000,0.0000,3.0000,0,20.6353,36.6149,108.3026,72.4588,35.8438,0.0000,0.0000,36.6149,108.3026
96.157,2,1,heuristic,26.5011,179.3131,1.8163,-0.1219,0.9479,0.9557,-1.8708,1.6192,1.2425,-0.9544,1.3867,4.1417,-0.1969,3.0000,0.0000,3.0000,0,20.6353,51.7304,108.1717,79.9511,28.2207,0.0000,0.0000,51.7304,108.1717
96.207,2,1,heuristic,26.4954,179.3566,1.8194,-0.1211,0.9396,0.9473,1.9510,1.6183,1.2285,-0.9399,1.3867,4.0950,-0.1981,3.0000,0.0000,3.0000,0,20.6353,17.2222,145.1972,81.2097,63.9875,0.0000,0.0000,17.2222,145.1972
96.257,2,1,heuristic,26.4895,179.4020,1.8200,-0.1196,0.9262,0.9339,1.9438,1.6174,1.2154,-0.9263,1.3867,4.0513,-0.2020,3.0000,0.0000,3.0000,0,20.6353,17.2222,145.1972,81.2097,63.9875,0.0000,0.0000,17.2222,145.1972
96.307,2,1,heuristic,26.4841,179.4442,1.8213,-0.1183,0.9166,0.9242,-1.8613,1.6164,1.2017,-0.9122,1.3867,4.0057,-0.2036,3.0000,0.0000,3.0000,0,20.6353,-45.7082,110.6920,32.4919,78.2001,0.0000,0.0000,-45.7082,110.6920
96.357,2,1,heuristic,26.4785,179.4883,1.8234,-0.1162,0.9029,0.9103,1.9695,1.6155,1.1890,-0.8992,1.3867,3.9633,-0.2057,3.0000,0.0000,3.0000,0,20.6353,-14.9817,140.2199,62.6191,77.6008,0.0000,0.0000,-14.9817,140.2199
96.407,2,1,heuristic,26.4736,179.5290,1.8251,-0.1134,0.8922,0.8994,-1.8600,1.6146,1.1757,-0.8856,1.3867,3.9190,-0.2088,3.0000,0.0000,3.0000,0,20.6353,82.3567,219.7669,151.0618,68.7051,0.0000,0.0000,82.3567,219.7669
96.457,2,1,heuristic,26.4685,179.5714,1.8279,-0.1101,0.8769,0.8838,-1.8375,1.6138,1.1634,-0.8733,1.3867,3.8781,-0.2113,3.0000,0.0000,3.0000,0,20.6353,186.3090,134.7204,160.5147,-25.7943,0.0000,0.0000,186.3090,134.7204
96.507,2,1,heuristic,26.4636,179.6114,1.8302,-0.1088,0.8680,0.8748,2.0063,1.6130,1.1506,-0.8606,1.3867,3.8355,-0.2149,3.0000,0.0000,3.0000,0,20.6353,160.0484,134.1525,147.1005,-12.9480,0.0000,0.0000,160.0484,134.1525
96.557,2,1,heuristic,26.4636,179.6114,1.8328,-0.1088,0.8680,0.8748,-1.8397,1.6121,1.1386,-0.8484,1.3867,3.7953,-0.2180,3.0000,0.0000,3.0000,0,20.6353,160.8143,151.7553,156.2848,-4.5295,0.0000,0.0000,160.8143,151.7553
96.607,2,1,heuristic,26.4580,179.6542,1.8352,-0.1084,0.8588,0.8656,1.9958,1.6121,1.1386,-0.8484,1.3867,3.7953,-0.2207,3.0000,0.0000,3.0000,0,20.6353,82.7580,176.5739,129.6660,46.9080,0.0000,0.0000,82.7580,176.5739
96.657,2,1,heuristic,26.4525,179.6947,1.8377,-0.1095,0.8562,0.8631,-1.8668,1.6111,1.1257,-0.8351,1.3867,3.7524,-0.2241,3.0000,0.0000,3.0000,0,20.6353,39.8505,161.9903,100.9204,61.0699,0.0000,0.0000,39.8505,161.9903
96.707,2,1,heuristic,26.4467,179.7381,1.8398,-0.1103,0.8515,0.8586,-1.8675,1.6101,1.1135,-0.8223,1.3867,3.7116,-0.2277,3.0000,0.0000,3.0000,0,20.6353,65.1479,66.3013,65.7246,0.5767,0.0000,0.0000,65.1479,66.3013
96.757,2,1,heuristic,26.4412,179.7788,1.8427,-0.1109,0.8510,0.8582,-1.8582,1.6089,1.1004,-0.8086,1.3867,3.6681,-0.2308,3.0000,0.0000,3.0000,0,20.6353,91.3783,125.1523,108.2653,16.8870,0.0000,0.0000,91.3783,125.1523
96.808,2,1,heuristic,26.4353,179.8215,1.8448,-0.1113,0.8451,0.8524,-1.8640,1.6079,1.0882,-0.7957,1.3867,3.6272,-0.2348,3.0000,0.0000,3.0000,0,20.6353,4.1220,129.5072,66.8146,62.6926,0.0000,0.0000,4.1220,129.5072
96.857,2,1,heuristic,26.4353,179.8215,1.8493,-0.1113,0.8451,0.8524,2.0048,1.6067,1.0753,-0.7822,1.3867,3.5843,-0.2382,3.0000,0.0000,3.0000,0,20.6353,30.9957,112.5108,71.7532,40.7575,0.0000,0.0000,30.9957,112.5108
96.907,2,1,heuristic,26.4297,179.8614,1.8500,-0.1125,0.8421,0.8496,-1.8628,1.6067,1.0753,-0.7822,1.3867,3.5843,-0.2427,3.0000,0.0000,3.0000,0,20.6353,30.9957,112.5108,71.7532,40.7575,0.0000,0.0000,30.9957,112.5108
96.957,2,1,heuristic,26.4236,179.9029,1.8546,-0.1134,0.8334,0.8411,2.0125,1.6055,1.0633,-0.7693,1.3867,3.5443,-0.2445,3.0000,0.0000,3.0000,0,20.6353,33.4668,221.9522,127.7095,94.2427,0.0000,0.0000,33.4668,221.9522
97.008,2,1,heuristic,26.4177,179.9413,1.8557,-0.1153,0.8266,0.8346,2.0030,1.6042,1.0508,-0.7557,1.3867,3.5026,-0.2505,3.0000,0.0000,3.0000,0,20.6353,11.9934,236.7571,124.3752,112.3819,0.0000,0.0000,11.9934,236.7571
97.057,2,1,heuristic,26.4114,179.9815,1.8603,-0.1167,0.8160,0.8243,2.0143,1.6028,1.0392,-0.7429,1.3867,3.4640,-0.2528,3.0000,0.0000,3.0000,0,20.6353,30.3102,166.9372,98.6237,68.3135,0.0000,0.0000,30.3102,166.9372
97.107,2,1,heuristic,26.4114,179.9815,1.8614,-0.1167,0.8160,0.8243,-1.8313,1.6013,1.0271,-0.7293,1.3867,3.4236,-0.2589,3.0000,0.0000,3.0000,0,20.6353,98.3324,147.7723,123.0523,24.7199,0.0000,0.0000,98.3324,147.7723
97.158,2,1,heuristic,26.4054,180.0191,1.8665,-0.1184,0.8096,0.8182,-1.8297,1.6013,1.0271,-0.7293,1.3867,3.4236,-0.2601,3.0000,0.0000,3.0000,0,20.6353,121.8398,57.3534,89.5966,-32.2432,0.0000,0.0000,121.8398,57.3534
97.207,2,1,heuristic,26.3989,180.0586,1.8702,-0.1194,0.7994,0.8083,2.0240,1.5999,1.0157,-0.7165,1.3867,3.3858,-0.2666,3.0000,0.0000,3.0000,0,20.6353,139.8907,40.9807,90.4357,-49.4550,0.0000,0.0000,139.8907,40.9807
97.257,2,1,heuristic,26.3928,180.0954,1.8736,-0.1212,0.7928,0.8020,-1.8740,1.5983,1.0039,-0.7030,1.3867,3.3462,-0.2718,3.0000,0.0000,3.0000,0,20.6353,79.6257,2.1648,40.8952,-38.7304,0.0000,0.0000,79.6257,2.1648
97.307,2,1,heuristic,26.3861,180.1336,1.8770,-0.1226,0.7814,0.7910,2.0082,1.5968,0.9928,-0.6902,1.3867,3.3093,-0.2768,3.0000,0.0000,3.0000,0,20.6353,148.3741,34.5275,91.4508,-56.9233,0.0000,0.0000,148.3741,34.5275
97.357,2,1,heuristic,26.3798,180.1687,1.8808,-0.1245,0.7712,0.7812,-1.8558,1.5950,0.9812,-0.6766,1.3867,3.2708,-0.2820,3.0000,0.0000,3.0000,0,20.6353,7.5652,111.4628,59.5140,51.9488,0.0000,0.0000,7.5652,111.4628
97.408,2,1,heuristic,26.3798,180.1687,1.8831,-0.1245,0.7712,0.7812,2.0008,1.5934,0.9707,-0.6639,1.3867,3.2356,-0.2875,3.0000,0.0000,3.0000,0,20.6353,7.5652,111.4628,59.5140,51.9488,0.0000,0.0000,7.5652,111.4628
97.457,2,1,heuristic,26.3727,180.2050,1.8862,-0.1267,0.7567,0.7672,-1.8788,1.5934,0.9707,-0.6639,1.3867,3.2356,-0.2897,3.0000,0.0000,3.0000,0,20.6353,30.0495,80.4405,55.2450,25.1955,0.0000,0.0000,30.0495,80.4405
97.507,2,1,heuristic,26.3661,180.2385,1.8890,-0.1291,0.7448,0.7559,2.0023,1.5914,0.9597,-0.6504,1.3867,3.1992,-0.2948,3.0000,0.0000,3.0000,0,20.6353,75.8595,60.0231,67.9413,-7.9182,0.0000,0.0000,75.8595,60.0231
97.557,2,1,heuristic,26.3589,180.2731,1.8914,-0.1309,0.7291,0.7407,-1.8813,1.5895,0.9497,-0.6377,1.3867,3.1656,-0.2994,3.0000,0.0000,3.0000,0,20.6353,93.5412,114.6713,104.1063,10.5650,0.0000,0.0000,93.5412,114.6713
97.607,2,1,heuristic,26.3518,180.3050,1.8941,-0.1342,0.7161,0.7286,1.9992,1.5874,0.9392,-0.6243,1.3867,3.1308,-0.3040,3.0000,0.0000,3.0000,0,20.6353,35.7661,28.4253,32.0957,-3.6704,0.0000,0.0000,35.7661,28.4253
97.657,2,1,heuristic,26.3440,180.3382,1.8964,-0.1375,0.7007,0.7141,-1.8880,1.5853,0.9296,-0.6115,1.3867,3.0988,-0.3087,3.0000,0.0000,3.0000,0,20.6353,4.4989,48.2733,26.3861,21.8872,0.0000,0.0000,4.4989,48.2733
97.707,2,1,heuristic,26.3440,180.3382,1.8989,-0.1375,0.7007,0.7141,2.0023,1.5829,0.9196,-0.5977,1.3867,3.0655,-0.3135,3.0000,0.0000,3.0000,0,20.6353,107.5561,97.7699,102.6630,-4.8931,0.0000,0.0000,107.5561,97.7699
97.757,2,1,heuristic,26.3366,180.3687,1.8995,-0.1408,0.6874,0.7017,-1.8913,1.5829,0.9196,-0.5977,1.3867,3.0655,-0.3160,3.0000,0.0000,3.0000,0,20.6353,139.5574,-5.5132,67.0221,-72.5353,0.0000,0.0000,139.5574,-5.5132
97.807,2,1,heuristic,26.3285,180.4002,1.9014,-0.1436,0.6710,0.6862,-1.8907,1.5806,0.9105,-0.5849,1.3867,3.0350,-0.3189,3.0000,0.0000,3.0000,0,20.6353,139.5574,-5.5132,67.0221,-72.5353,0.0000,0.0000,139.5574,-5.5132
97.857,2,1,heuristic,26.3207,180.4292,1.9049,-0.1475,0.6579,0.6743,-1.9153,1.5780,0.9010,-0.5712,1.3867,3.0034,-0.3233,3.0000,0.0000,3.0000,0,20.6353,17.0716,-34.2823,-8.6053,-25.6770,0.0000,0.0000,17.0716,-34.2823
97.907,2,1,heuristic,26.3207,180.4292,1.9058,-0.1475,0.6579,0.6743,1.9888,1.5755,0.0000,-0.5582,1.3867,2.9743,-0.3294,3.0000,0.0000,3.0000,0,20.6353,3.6570,-7.0750,-1.7090,-5.3660,0.0000,0.0000,3.6570,-7.0750
97.957,2,1,heuristic,26.3123,180.4590,1.9089,-0.1501,0.6407,0.6580,2.0028,1.5755,0.0000,-0.5582,1.3867,2.9743,-0.3304,3.0000,0.0007,3.0000,0,20.6353,0.0000,0.0000,0.0000,0.0000,0.0000,0.0000,0.0000,0.0000
98.007,2,1,heuristic,26.3045,180.4856,1.9090,-0.1526,0.6237,0.6421,1.9738,1.5727,0.0000,-0.5445,1.3867,2.9445,-0.3363,3.0000,0.0007,3.0000,0,20.6353,0.0000,0.0000,0.0000,0.0000,0.0000,0.0000,0.0000,0.0000
98.057,2,1,heuristic,26.3045,180.4856,1.9105,-0.1526,0.6237,0.6421,-1.9138,1.5700,0.0000,-0.5320,1.3867,2.9179,-0.3390,3.0000,0.0997,3.0000,0,20.6353,0.0000,0.0000,0.0000,0.0000,0.0000,0.0000,0.0000,0.0000
98.107,2,1,heuristic,26.2963,180.5125,1.9116,-0.1536,0.6021,0.6214,1.9860,1.5700,0.0000,-0.5320,1.3867,2.9179,-0.3404,3.0000,0.0997,3.0000,0,20.6353,0.0000,0.0000,0.0000,0.0000,0.0000,0.0000,0.0000,0.0000
98.157,2,1,heuristic,26.2887,180.5364,1.9124,-0.1548,0.5815,0.6018,1.9698,1.5672,0.0000,-0.5190,1.3867,2.8911,-0.3444,3.0000,0.1999,3.0000,0,20.6353,0.0000,0.0000,0.0000,0.0000,0.0000,0.0000,0.0000,0.0000
98.207,2,1,heuristic,26.2807,180.5604,1.9137,-0.1547,0.5574,0.5785,-1.9415,1.5645,0.0000,-0.5071,1.3867,2.8671,-0.3479,3.0000,0.1999,3.0000,0,20.6353,0.0000,0.0000,0.0000,0.0000,0.0000,0.0000,0.0000,0.0000
98.257,2,1,heuristic,26.2807,180.5604,1.9149,-0.1547,0.5574,0.5785,1.9943,1.5616,0.0000,-0.4948,1.3867,2.8432,-0.3521,3.0000,0.3001,3.0000,0,20.6353,0.0000,0.0000,0.0000,0.0000,0.0000,0.0000,0.0000,0.0000
98.307,2,1,heuristic,26.2733,180.5817,1.9152,-0.1546,0.5347,0.5566,-1.9273,1.5616,0.0000,-0.4948,1.3867,2.8432,-0.3533,3.0000,0.3001,3.0000,0,20.6353,0.0000,0.0000,0.0000,0.0000,0.0000,0.0000,0.0000,0.0000
98.357,2,1,heuristic,26.2656,180.6029,1.9154,-0.1531,0.5093,0.5318,-1.9507,1.5589,0.0000,-0.4836,1.3867,2.8220,-0.3562,3.0000,0.4000,3.0000,0,20.6353,0.0000,0.0000,0.0000,0.0000,0.0000,0.0000,0.0000,0.0000
98.407,2,1,heuristic,26.2656,180.6029,1.9184,-0.1531,0.5093,0.5318,1.9765,1.5561,0.0000,-0.4722,1.3867,2.8009,-0.3593,3.0000,0.4000,3.0000,0,20.6353,0.0000,0.0000,0.0000,0.0000,0.0000,0.0000,0.0000,0.0000
98.457,2,1,heuristic,26.2586,180.6216,1.9181,-0.1516,0.4854,0.5086,1.9903,1.5561,0.0000,-0.4722,1.3867,2.8009,-0.3623,3.0000,0.5003,3.0000,0,20.6353,0.0000,0.0000,0.0000,0.0000,0.0000,0.0000,0.0000,0.0000
98.507,2,1,heuristic,26.2515,180.6402,1.9191,-0.1487,0.4598,0.4832,-1.9313,1.5535,0.0000,-0.4620,1.3867,2.7823,-0.3646,3.0000,0.5003,3.0000,0,20.6353,0.0000,0.0000,0.0000,0.0000,0.0000,0.0000,0.0000,0.0000
98.557,2,1,heuristic,26.2450,180.6565,1.9200,-0.1461,0.4360,0.4598,2.0057,1.5508,0.0000,-0.4515,1.3867,2.7639,-0.3684,3.0000,0.6002,3.0000,0,20.6353,0.0000,0.0000,0.0000,0.0000,0.0000,0.0000,0.0000,0.0000
98.607,2,1,heuristic,26.2450,180.6565,1.9210,-0.1461,0.4360,0.4598,-1.9523,1.5483,0.0000,-0.4421,1.3867,2.7477,-0.3717,3.0000,0.6002,3.0000,0,20.6353,0.0000,0.0000,0.0000,0.0000,0.0000,0.0000,0.0000,0.0000
98.657,2,1,heuristic,26.2320,180.6868,1.9223,-0.1403,0.3876,0.4122,1.9905,1.5483,0.0000,-0.4421,1.3867,2.7477,-0.3727,3.0000,0.6999,3.0000,0,20.6353,0.0000,0.0000,0.0000,0.0000,0.0000,0.0000,0.0000,0.0000
98.707,2,1,heuristic,26.2320,180.6868,1.9227,-0.1403,0.3876,0.4122,-1.9453,1.5433,0.0000,-0.4238,1.3867,2.7177,-0.3790,3.0000,0.6999,3.0000,0,20.6353,0.0000,0.0000,0.0000,0.0000,0.0000,0.0000,0.0000,0.0000
98.758,2,1,heuristic,26.2254,180.7007,1.9234,-0.1375,0.3635,0.3886,2.0053,1.5433,0.0000,-0.4238,1.3867,2.7177,-0.3794,3.0000,0.8002,3.0000,0,20.6353,0.0000,0.0000,0.0000,0.0000,0.0000,0.0000,0.0000,0.0000
98.807,2,1,heuristic,26.2192,180.7128,1.9243,-0.1358,0.3411,0.3671,-1.9545,1.5407,0.0000,-0.4148,1.3867,2.7040,-0.3827,3.0000,0.8002,3.0000,0,20.6353,0.0000,0.0000,0.0000,0.0000,0.0000,0.0000,0.0000,0.0000
98.857,2,1,heuristic,26.2192,180.7128,1.9249,-0.1358,0.3411,0.3671,1.9885,1.5383,0.0000,-0.4065,1.3867,2.6921,-0.3860,3.0000,0.9000,3.0000,0,20.6353,0.0000,0.0000,0.0000,0.0000,0.0000,0.0000,0.0000,0.0000
98.907,2,1,heuristic,26.2126,180.7245,1.9258,-0.1340,0.3181,0.3451,-1.9373,1.5383,0.0000,-0.4065,1.3867,2.6921,-0.3867,3.0000,0.9000,3.0000,0,20.6353,0.0000,0.0000,0.0000,0.0000,0.0000,0.0000,0.0000,0.0000
98.957,2,1,heuristic,26.2064,180.7347,1.9262,-0.1332,0.2970,0.3255,-1.9378,1.5357,0.0000,-0.3979,1.3867,2.6806,-0.3901,3.0000,1.0001,3.0000,0,20.6353,0.0000,0.0000,0.0000,0.0000,0.0000,0.0000,0.0000,0.0000
99.007,2,1,heuristic,26.1998,180.7447,1.9273,-0.1319,0.2758,0.3057,-1.9620,1.5332,0.0000,-0.3899,1.3867,2.6706,-0.3930,3.0000,1.0001,3.0000,0,20.6353,0.0000,0.0000,0.0000,0.0000,0.0000,0.0000,0.0000,0.0000
99.058,2,1,heuristic,26.1937,180.7532,1.9278,-0.1311,0.2563,0.2879,1.9845,1.5306,0.0000,-0.3816,1.3867,2.6610,-0.3967,3.0000,1.1004,3.0000,0,20.6353,0.0000,0.0000,0.0000,0.0000,0.0000,0.0000,0.0000,0.0000
99.107,2,1,heuristic,26.1937,180.7532,1.9286,-0.1311,0.2563,0.2879,-1.9930,1.5281,0.0000,-0.3740,1.3867,2.6527,-0.3997,3.0000,1.1004,3.0000,0,20.6353,0.0000,0.0000,0.0000,0.0000,0.0000,0.0000,0.0000,0.0000
99.157,2,1,heuristic,26.1873,180.7615,1.9292,-0.1295,0.2368,0.2698,2.0023,1.5281,0.0000,-0.3740,1.3867,2.6527,-0.4005,3.0000,1.2002,3.0000,0,20.6353,0.0000,0.0000,0.0000,0.0000,0.0000,0.0000,0.0000,0.0000
99.207,2,1,heuristic,26.1814,180.7685,1.9296,-0.1282,0.2186,0.2535,1.9845,1.5256,0.0000,-0.3662,1.3867,2.6447,-0.4036,3.0000,1.2002,3.0000,0,20.6353,0.0000,0.0000,0.0000,0.0000,0.0000,0.0000,0.0000,0.0000
99.257,2,1,heuristic,26.1752,180.7751,1.9303,-0.1262,0.2003,0.2367,-1.9600,1.5232,0.0000,-0.3591,1.3867,2.6380,-0.4064,3.0000,1.2998,3.0000,0,20.6353,0.0000,0.0000,0.0000,0.0000,0.0000,0.0000,0.0000,0.0000
99.307,2,1,heuristic,26.1695,180.7805,1.9312,-0.1247,0.1828,0.2213,-1.9688,1.5208,0.0000,-0.3518,1.3867,2.6317,-0.4095,3.0000,1.2998,3.0000,0,20.6353,0.0000,0.0000,0.0000,0.0000,0.0000,0.0000,0.0000,0.0000
99.357,2,1,heuristic,26.1695,180.7805,1.9315,-0.1247,0.1828,0.2213,-1.9465,1.5185,0.0000,-0.3453,1.3867,2.6266,-0.4127,3.0000,1.3998,3.0000,0,20.6353,0.0000,0.0000,0.0000,0.0000,0.0000,0.0000,0.0000,0.0000
99.407,2,1,heuristic,26.1636,180.7854,1.9324,-0.1227,0.1649,0.2056,-1.9552,1.5185,0.0000,-0.3453,1.3867,2.6266,-0.4130,3.0000,1.3998,3.0000,0,20.6353,0.0000,0.0000,0.0000,0.0000,0.0000,0.0000,0.0000,0.0000
99.457,2,1,heuristic,26.1580,180.7891,1.9328,-0.1213,0.1474,0.1909,1.9918,1.5161,0.0000,-0.3385,1.3867,2.6220,-0.4162,3.0000,1.4999,3.0000,0,20.6353,0.0000,0.0000,0.0000,0.0000,0.0000,0.0000,0.0000,0.0000
99.507,2,1,heuristic,26.1522,180.7920,1.9335,-0.1195,0.1293,0.1760,-1.9772,1.5140,0.0000,-0.3324,1.3867,2.6187,-0.4189,3.0000,1.4999,3.0000,0,20.6353,0.0000,0.0000,0.0000,0.0000,0.0000,0.0000,0.0000,0.0000
99.557,2,1,heuristic,26.1467,180.7939,1.9339,-0.1183,0.1114,0.1625,2.0042,1.5117,0.0000,-0.3261,1.3867,2.6160,-0.4219,3.0000,1.6003,3.0000,0,20.6353,0.0000,0.0000,0.0000,0.0000,0.0000,0.0000,0.0000,0.0000
99.607,2,1,heuristic,26.1467,180.7939,1.9345,-0.1183,0.1114,0.1625,1.9850,1.5095,0.0000,-0.3204,1.3867,2.6145,-0.4244,3.0000,1.6003,3.0000,0,20.6353,0.0000,0.0000,0.0000,0.0000,0.0000,0.0000,0.0000,0.0000
99.657,2,1,heuristic,26.1410,180.7951,1.9350,-0.1167,0.0935,0.1495,1.9912,1.5095,0.0000,-0.3204,1.3867,2.6145,-0.4249,3.0000,1.7000,3.0000,0,20.6353,0.0000,0.0000,0.0000,0.0000,0.0000,0.0000,0.0000,0.0000
99.707,2,1,heuristic,26.1356,180.7954,1.9355,-0.1156,0.0761,0.1384,2.0017,1.5073,0.0000,-0.3145,1.3867,2.6137,-0.4277,3.0000,1.7000,3.0000,0,20.6353,0.0000,0.0000,0.0000,0.0000,0.0000,0.0000,0.0000,0.0000
99.757,2,1,heuristic,26.1301,180.7950,1.9360,-0.1139,0.0593,0.1284,2.0020,1.5053,0.0000,-0.3092,1.3867,2.6137,-0.4303,3.0000,1.8001,3.0000,0,20.6353,0.0000,0.0000,0.0000,0.0000,0.0000,0.0000,0.0000,0.0000
99.807,2,1,heuristic,26.1249,180.7940,1.9366,-0.1125,0.0432,0.1205,-1.9647,1.5032,0.0000,-0.3038,1.3867,2.6145,-0.4329,3.0000,1.8001,3.0000,0,20.6353,0.0000,0.0000,0.0000,0.0000,0.0000,0.0000,0.0000,0.0000
99.857,2,1,heuristic,26.1249,180.7940,1.9370,-0.1125,0.0432,0.1205,2.0028,1.5012,0.0000,-0.2990,1.3867,2.6159,-0.4354,3.0000,1.8999,3.0000,0,20.6353,0.0000,0.0000,0.0000,0.0000,0.0000,0.0000,0.0000,0.0000
99.907,2,1,heuristic,26.1196,180.7922,1.9387,-0.1105,0.0279,0.1140,2.0150,1.5012,0.0000,-0.2990,1.3867,2.6159,-0.4358,3.0000,1.8999,3.0000,0,20.6353,0.0000,0.0000,0.0000,0.0000,0.0000,0.0000,0.0000,0.0000
99.957,2,1,heuristic,26.1147,180.7900,1.9380,-0.1090,0.0131,0.1097,2.0013,1.4992,0.0000,-0.2940,1.3867,2.6180,-0.4394,3.0000,2.0000,3.0000,0,20.6353,0.0000,0.0000,0.0000,0.0000,0.0000,0.0000,0.0000,0.0000
100.007,2,1,heuristic,26.1095,180.7870,1.9396,-0.1069,-0.0010,0.1069,2.0125,1.4974,0.0000,-0.2896,1.3867,2.6205,-0.4405,3.0000,2.0000,3.0000,0,20.6353,0.0000,0.0000,0.0000,0.0000,0.0000,0.0000,0.0000,0.0000
100.057,2,1,heuristic,26.1048,180.7836,1.9389,-0.1054,-0.0150,0.1064,1.9955,1.4956,0.0000,-0.2851,1.3867,2.6239,-0.4440,3.0000,2.0998,3.0000,0,20.6353,0.0000,0.0000,0.0000,0.0000,0.0000,0.0000,0.0000,0.0000
100.107,2,1,heuristic,26.1048,180.7836,1.9394,-0.1054,-0.0150,0.1064,-1.9760,1.4938,0.0000,-0.2810,1.3867,2.6277,-0.4450,3.0000,2.0998,3.0000,0,20.6353,0.0000,0.0000,0.0000,0.0000,0.0000,0.0000,0.0000,0.0000
100.157,2,1,heuristic,26.0998,180.7794,1.9389,-0.1035,-0.0282,0.1073,-1.9745,1.4938,0.0000,-0.2810,1.3867,2.6277,-0.4456,3.0000,2.2000,3.0000,0,20.6353,0.0000,0.0000,0.0000,0.0000,0.0000,0.0000,0.0000,0.0000
100.207,2,1,heuristic,26.0951,180.7749,1.9402,-0.1022,-0.0415,0.1103,-1.9775,1.4921,0.0000,-0.2769,1.3867,2.6322,-0.4468,3.0000,2.2000,3.0000,0,20.6353,0.0000,0.0000,0.0000,0.0000,0.0000,0.0000,0.0000,0.0000
100.257,2,1,heuristic,26.0902,180.7694,1.9397,-0.1006,-0.0542,0.1143,-1.9892,1.4905,0.0000,-0.2732,1.3867,2.6372,-0.4498,3.0000,2.2999,3.0000,0,20.6353,0.0000,0.0000,0.0000,0.0000,0.0000,0.0000,0.0000,0.0000
100.307,2,1,heuristic,26.0857,180.7637,1.9411,-0.0994,-0.0670,0.1199,-1.9760,1.4888,0.0000,-0.2693,1.3867,2.6430,-0.4509,3.0000,2.2999,3.0000,0,20.6353,0.0000,0.0000,0.0000,0.0000,0.0000,0.0000,0.0000,0.0000
100.357,2,1,heuristic,26.0810,180.7571,1.9405,-0.0977,-0.0790,0.1256,-1.9945,1.4872,0.0000,-0.2659,1.3867,2.6490,-0.4538,3.0000,2.3999,3.0000,0,20.6353,0.0000,0.0000,0.0000,0.0000,0.0000,0.0000,0.0000,0.0000
100.407,2,1,heuristic,26.0766,180.7504,1.9429,-0.0962,-0.0913,0.1326,2.0135,1.4857,0.0000,-0.2625,1.3867,2.6560,-0.4548,3.0000,2.3999,3.0000,0,20.6353,0.0000,0.0000,0.0000,0.0000,0.0000,0.0000,0.0000,0.0000
100.457,2,1,heuristic,26.0766,180.7504,1.9421,-0.0962,-0.0913,0.1326,2.0093,1.4843,0.0000,-0.2595,1.3867,2.6631,-0.4586,3.0000,2.4998,3.0000,0,20.6353,0.0000,0.0000,0.0000,0.0000,0.0000,0.0000,0.0000,0.0000
100.507,2,1,heuristic,26.0722,180.7426,1.9436,-0.0940,-0.1029,0.1393,2.0267,1.4843,0.0000,-0.2595,1.3867,2.6631,-0.4578,3.0000,2.4998,3.0000,0,20.6353,0.0000,0.0000,0.0000,0.0000,0.0000,0.0000,0.0000,0.0000
100.557,2,1,heuristic,26.0682,180.7348,1.9420,-0.0920,-0.1149,0.1472,-2.0078,1.4829,0.0000,-0.2565,1.3867,2.6712,-0.4608,3.0000,2.5997,3.0000,0,20.6353,0.0000,0.0000,0.0000,0.0000,0.0000,0.0000,0.0000,0.0000
100.607,2,1,heuristic,26.0640,180.7260,1.9434,-0.0895,-0.1259,0.1544,-1.9945,1.4816,0.0000,-0.2540,1.3867,2.6793,-0.4604,3.0000,2.5997,3.0000,0,20.6353,0.0000,0.0000,0.0000,0.0000,0.0000,0.0000,0.0000,0.0000
100.657,2,1,heuristic,26.0603,180.7172,1.9439,-0.0874,-0.1372,0.1627,2.0085,1.4804,0.0000,-0.2515,1.3867,2.6885,-0.4630,3.0000,2.7002,3.0000,0,20.6353,0.0000,0.0000,0.0000,0.0000,0.0000,0.0000,0.0000,0.0000
100.707,2,1,heuristic,26.0603,180.7172,1.9441,-0.0874,-0.1372,0.1627,-2.0088,1.4793,0.0000,-0.2494,1.3867,2.6976,-0.4646,3.0000,2.7002,3.0000,0,20.6353,0.0000,0.0000,0.0000,0.0000,0.0000,0.0000,0.0000,0.0000
100.757,2,1,heuristic,26.0563,180.7074,1.9446,-0.0850,-0.1475,0.1703,2.0260,1.4793,0.0000,-0.2494,1.3867,2.6976,-0.4648,3.0000,2.7998,3.0000,0,20.6353,0.0000,0.0000,0.0000,0.0000,0.0000,0.0000,0.0000,0.0000
100.807,2,1,heuristic,26.0527,180.6976,1.9447,-0.0830,-0.1586,0.1790,-2.0023,1.4782,0.0000,-0.2474,1.3867,2.7077,-0.4664,3.0000,2.7998,3.0000,0,20.6353,0.0000,0.0000,0.0000,0.0000,0.0000,0.0000,0.0000,0.0000
100.857,2,1,heuristic,26.0490,180.6868,1.9453,-0.0808,-0.1688,0.1871,2.0148,1.4772,0.0000,-0.2456,1.3867,2.7178,-0.4676,3.0000,2.9000,3.0000,0,20.6353,0.0000,0.0000,0.0000,0.0000,0.0000,0.0000,0.0000,0.0000
100.907,2,1,heuristic,26.0455,180.6760,1.9455,-0.0790,-0.1798,0.1964,-2.0112,1.4762,0.0000,-0.2439,1.3867,2.7289,-0.4691,3.0000,2.9000,3.0000,0,20.6353,0.0000,0.0000,0.0000,0.0000,0.0000,0.0000,0.0000,0.0000
100.957,2,1,heuristic,26.0420,180.6641,1.9460,-0.0769,-0.1898,0.2048,-1.9975,1.4753,0.0000,-0.2425,1.3867,2.7400,-0.4702,3.0000,2.9998,3.0000,0,20.6353,0.0000,0.0000,0.0000,0.0000,0.0000,0.0000,0.0000,0.0000
101.007,2,1,heuristic,26.0387,180.6523,1.9462,-0.0752,-0.2008,0.2145,2.0282,1.4744,0.0000,-0.2412,1.3867,2.7522,-0.4716,3.0000,2.9998,3.0000,0,20.6353,0.0000,0.0000,0.0000,0.0000,0.0000,0.0000,0.0000,0.0000
101.057,2,1,done,26.0387,180.6523,1.9466,-0.0752,-0.2008,0.2145,2.0305,1.9462,0.0000,0.0000,0.0000,0.0000,0.0000,3.0000,0.0000,3.0000,1,20.6353,0.0000,0.0000,0.0000,0.0000,0.0000,0.0000,0.0000,0.0000
101.108,2,1,done,26.0353,180.6393,1.9468,-0.0730,-0.2106,0.2229,2.0385,1.9466,0.0000,0.0000,0.0000,0.0000,0.0000,3.0000,0.0000,3.0000,1,20.6353,0.0000,0.0000,0.0000,0.0000,0.0000,0.0000,0.0000,0.0000
101.158,2,1,done,26.0323,180.6267,1.9472,-0.0712,-0.2211,0.2323,2.0278,1.9468,0.0000,0.0000,0.0000,0.0000,0.0000,3.0000,0.0000,3.0000,1,20.6353,0.0000,0.0000,0.0000,0.0000,0.0000,0.0000,0.0000,0.0000
101.207,2,1,done,26.0292,180.6129,1.9474,-0.0690,-0.2301,0.2402,2.0267,1.9472,0.0000,0.0000,0.0000,0.0000,0.0000,3.0000,0.0000,3.0000,1,20.6353,0.0000,0.0000,0.0000,0.0000,0.0000,0.0000,0.0000,0.0000
101.257,2,1,done,26.0263,180.5995,1.9489,-0.0670,-0.2399,0.2491,2.0173,1.9474,0.0000,0.0000,0.0000,0.0000,0.0000,3.0000,0.0000,3.0000,1,20.6353,0.0000,0.0000,0.0000,0.0000,0.0000,0.0000,0.0000,0.0000
101.307,2,1,done,26.0234,180.5849,1.9483,-0.0648,-0.2479,0.2562,2.0328,1.9489,0.0000,0.0000,0.0000,0.0000,0.0000,3.0000,0.0000,3.0000,1,20.6353,0.0000,0.0000,0.0000,0.0000,0.0000,0.0000,0.0000,0.0000
101.357,2,1,done,26.0208,180.5709,1.9485,-0.0628,-0.2568,0.2644,-2.0325,1.9483,0.0000,0.0000,0.0000,0.0000,0.0000,3.0000,0.0000,3.0000,1,20.6353,0.0000,0.0000,0.0000,0.0000,0.0000,0.0000,0.0000,0.0000
101.408,2,1,done,26.0208,180.5709,1.9489,-0.0628,-0.2568,0.2644,2.0380,1.9485,0.0000,0.0000,0.0000,0.0000,0.0000,3.0000,0.0000,3.0000,1,20.6353,0.0000,0.0000,0.0000,0.0000,0.0000,0.0000,0.0000,0.0000
101.457,2,1,done,26.0181,180.5556,1.9490,-0.0606,-0.2643,0.2712,-2.0068,1.9489,0.0000,0.0000,0.0000,0.0000,0.0000,3.0000,0.0000,3.0000,1,20.6353,0.0000,0.0000,0.0000,0.0000,0.0000,0.0000,0.0000,0.0000
101.507,2,1,done,26.0156,180.5408,1.9495,-0.0587,-0.2731,0.2793,2.0413,1.9490,0.0000,0.0000,0.0000,0.0000,0.0000,3.0000,0.0000,3.0000,1,20.6353,0.0000,0.0000,0.0000,0.0000,0.0000,0.0000,0.0000,0.0000
101.557,2,1,done,26.0131,180.5246,1.9496,-0.0565,-0.2805,0.2862,-2.0235,1.9495,0.0000,0.0000,0.0000,0.0000,0.0000,3.0000,0.0000,3.0000,1,20.6353,0.0000,0.0000,0.0000,0.0000,0.0000,0.0000,0.0000,0.0000
101.607,2,1,done,26.0109,180.5091,1.9501,-0.0547,-0.2893,0.2945,-2.0097,1.9496,0.0000,0.0000,0.0000,0.0000,0.0000,3.0000,0.0000,3.0000,1,20.6353,0.0000,0.0000,0.0000,0.0000,0.0000,0.0000,0.0000,0.0000
101.657,2,1,done,26.0086,180.4921,1.9503,-0.0527,-0.2968,0.3014,2.0543,1.9501,0.0000,0.0000,0.0000,0.0000,0.0000,3.0000,0.0000,3.0000,1,20.6353,0.0000,0.0000,0.0000,0.0000,0.0000,0.0000,0.0000,0.0000
101.707,2,1,done,26.0064,180.4757,1.9517,-0.0510,-0.3057,0.3099,2.0515,1.9503,0.0000,0.0000,0.0000,0.0000,0.0000,3.0000,0.0000,3.0000,1,20.6353,0.0000,0.0000,0.0000,0.0000,0.0000,0.0000,0.0000,0.0000
101.757,2,1,done,26.0064,180.4757,1.9508,-0.0510,-0.3057,0.3099,2.0457,1.9517,0.0000,0.0000,0.0000,0.0000,0.0000,3.0000,0.0000,3.0000,1,20.6353,0.0000,0.0000,0.0000,0.0000,0.0000,0.0000,0.0000,0.0000
101.808,2,1,done,26.0043,180.4579,1.9522,-0.0492,-0.3130,0.3169,2.0408,1.9508,0.0000,0.0000,0.0000,0.0000,0.0000,3.0000,0.0000,3.0000,1,20.6353,0.0000,0.0000,0.0000,0.0000,0.0000,0.0000,0.0000,0.0000
101.857,2,1,done,26.0023,180.4408,1.9513,-0.0476,-0.3218,0.3253,-2.0232,1.9522,0.0000,0.0000,0.0000,0.0000,0.0000,3.0000,0.0000,3.0000,1,20.6353,0.0000,0.0000,0.0000,0.0000,0.0000,0.0000,0.0000,0.0000
101.907,2,1,done,26.0002,180.4223,1.9517,-0.0459,-0.3286,0.3318,-2.0250,1.9513,0.0000,0.0000,0.0000,0.0000,0.0000,3.0000,0.0000,3.0000,1,20.6353,0.0000,0.0000,0.0000,0.0000,0.0000,0.0000,0.0000,0.0000
101.958,2,1,done,25.9984,180.4046,1.9519,-0.0445,-0.3365,0.3394,2.0490,1.9517,0.0000,0.0000,0.0000,0.0000,0.0000,3.0000,0.0000,3.0000,1,20.6353,0.0000,0.0000,0.0000,0.0000,0.0000,0.0000,0.0000,0.0000
102.007,2,1,done,25.9984,180.4046,1.9522,-0.0445,-0.3365,0.3394,2.0515,1.9519,0.0000,0.0000,0.0000,0.0000,0.0000,3.0000,0.0000,3.0000,1,20.6353,0.0000,0.0000,0.0000,0.0000,0.0000,0.0000,0.0000,0.0000
102.057,2,1,done,25.9965,180.3856,1.9524,-0.0429,-0.3422,0.3449,2.0450,1.9522,0.0000,0.0000,0.0000,0.0000,0.0000,3.0000,0.0000,3.0000,1,20.6353,0.0000,0.0000,0.0000,0.0000,0.0000,0.0000,0.0000,0.0000
102.107,2,1,done,25.9948,180.3675,1.9526,-0.0414,-0.3492,0.3516,2.0510,1.9524,0.0000,0.0000,0.0000,0.0000,0.0000,3.0000,0.0000,3.0000,1,20.6353,0.0000,0.0000,0.0000,0.0000,0.0000,0.0000,0.0000,0.0000
