t,mode_code,shadow_mode,policy_source,x,y,yaw,vx,vy,speed,yaw_rate,psi_ref,u_ref,e_ct,chi_p,dist_to_wp,heading_error,pos_tol,hold_elapsed,hold_required,completed,seg_len,left_raw,right_raw,common_raw,diff_raw,delta_common,delta_diff,left_final,right_final
2.292,0,0,learned,-0.0042,-0.0309,0.9975,-0.0127,-0.0755,0.0766,-0.0125,1.6929,2.5000,-17.9452,1.0058,28.2906,0.6954,3.0000,0.0000,2.0000,0,14.1273,110.0000,110.0000,110.0000,0.0000,1.8375,-7.5342,119.3717,104.3033
2.300,0,0,learned,-0.0050,-0.0358,0.9975,-0.0134,-0.0795,0.0806,0.0095,1.6929,2.5000,-17.9471,1.0058,28.2954,0.6954,3.0000,0.0000,2.0000,0,14.1273,168.4132,220.0000,194.2066,25.7934,1.8641,-7.6199,177.8972,214.2442
2.347,0,0,learned,-0.0054,-0.0400,0.9974,-0.0124,-0.0809,0.0819,-0.0033,1.6928,2.5000,-17.9490,1.0058,28.2995,0.6954,3.0000,0.0000,2.0000,0,14.1273,141.4593,260.8722,201.1657,59.7064,1.8624,-7.6386,150.9603,255.0960
2.397,0,0,learned,-0.0054,-0.0400,0.9974,-0.0124,-0.0809,0.0819,-0.0035,1.6928,2.5000,-17.9490,1.0058,28.2995,0.6954,3.0000,0.0000,2.0000,0,14.1273,109.1998,307.3897,208.2947,99.0950,1.8601,-7.6624,118.7223,301.5874
2.447,0,0,learned,-0.0050,-0.0428,0.9974,-0.0083,-0.0754,0.0758,-0.0070,1.6929,2.5000,-17.9508,1.0058,28.3023,0.6954,3.0000,0.0000,2.0000,0,14.1273,120.0704,362.8840,241.4772,121.4068,1.8742,-7.6979,129.6426,357.0604
2.497,0,0,learned,-0.0029,-0.0430,0.9976,0.0022,-0.0612,0.0612,0.0077,1.6929,2.5000,-17.9527,1.0058,28.3027,0.6953,3.0000,0.0000,2.0000,0,14.1273,29.3689,469.4025,249.3857,220.0168,1.8707,-7.7540,38.9935,463.5192
2.547,0,0,learned,0.0017,-0.0405,0.9979,0.0191,-0.0394,0.0438,0.0218,1.6931,2.5000,-17.9552,1.0058,28.3008,0.6951,3.0000,0.0000,2.0000,0,14.1273,9.0741,505.6236,257.3488,248.2748,1.8756,-7.7761,18.7258,499.7232
2.597,0,0,learned,0.0083,-0.0356,0.9986,0.0428,-0.0112,0.0443,0.0595,1.6933,2.5000,-17.9582,1.0058,28.2968,0.6947,3.0000,0.0000,2.0000,0,14.1273,-8.5841,553.6644,272.5402,281.1243,1.8606,-7.8094,1.0859,547.7155
2.647,0,0,learned,0.0182,-0.0275,1.0003,0.0724,0.0220,0.0757,0.0755,1.6937,2.5000,-17.9623,1.0058,28.2900,0.6934,3.0000,0.0000,2.0000,0,14.1273,13.3443,627.4676,320.4059,307.0617,1.8293,-7.8543,23.0279,621.4427
2.697,0,0,learned,0.0182,-0.0275,1.0024,0.0724,0.0220,0.0757,0.0927,1.6937,2.5000,-17.9623,1.0058,28.2900,0.6913,3.0000,0.0000,2.0000,0,14.1273,74.8281,737.4676,406.1479,331.3197,1.8596,-7.9398,84.6276,731.3874
2.747,0,0,learned,0.0303,-0.0172,1.0055,0.1086,0.0606,0.1243,0.1247,1.6942,2.5000,-17.9670,1.0058,28.2813,0.6887,3.0000,0.0000,2.0000,0,14.1273,-9.3719,786.6730,388.6505,398.0224,1.7759,-7.9569,0.3609,780.4920
2.797,0,0,learned,0.0465,-0.0028,1.0106,0.1490,0.1039,0.1817,0.1580,1.6948,2.5000,-17.9729,1.0058,28.2690,0.6842,3.0000,0.0000,2.0000,0,14.1273,-58.9398,762.0265,351.5434,410.4831,1.6814,-7.9309,-49.3275,755.7770
2.847,0,0,learned,0.0652,0.0148,1.0146,0.1972,0.1567,0.2519,0.1918,1.6956,2.5000,-17.9793,1.0058,28.2538,0.6810,3.0000,0.0000,2.0000,0,14.1273,2.4119,786.8436,394.6277,392.2159,1.6082,-7.9464,11.9665,780.5055
2.896,0,0,learned,0.0895,0.0382,1.0226,0.2511,0.2154,0.3308,0.2295,1.6965,2.5000,-17.9873,1.0058,28.2336,0.6740,3.0000,0.0000,2.0000,0,14.1273,55.8055,791.4286,423.6170,367.8116,1.5199,-7.9481,65.2735,785.0004
2.947,0,0,learned,0.1161,0.0644,1.0304,0.3120,0.2813,0.4201,0.2548,1.6976,2.5000,-17.9958,1.0058,28.2110,0.6672,3.0000,0.0000,2.0000,0,14.1273,13.2274,776.9236,395.0755,381.8481,1.3936,-7.9106,22.5315,770.4066
3.001,0,0,learned,0.1161,0.0644,1.0395,0.3120,0.2813,0.4201,0.2920,1.6976,2.5000,-17.9958,1.0058,28.2110,0.6581,3.0000,0.0000,2.0000,0,14.1273,42.3626,805.0096,423.6861,381.3235,1.4009,-7.9585,51.7220,798.4520
3.047,0,0,learned,0.1484,0.0971,1.0525,0.3738,0.3509,0.5127,0.3297,1.6989,2.5000,-18.0055,1.0058,28.1826,0.6463,3.0000,0.0000,2.0000,0,14.1273,72.8095,725.5470,399.1782,326.3687,1.2815,-7.8943,81.9853,718.9342
3.100,0,0,learned,0.1826,0.1324,1.0642,0.4412,0.4279,0.6146,0.3402,1.7002,2.5000,-18.0154,1.0058,28.1520,0.6360,3.0000,0.0000,2.0000,0,14.1273,136.8754,777.7144,457.2949,320.4195,1.1823,-7.9033,145.9610,770.9934
3.147,0,0,learned,0.2225,0.1746,1.0768,0.5066,0.5044,0.7149,0.3640,1.7018,2.5000,-18.0266,1.0058,28.1154,0.6250,3.0000,0.0000,2.0000,0,14.1273,149.4778,887.7144,518.5961,369.1183,1.0805,-7.9440,158.5024,880.8509
3.197,0,0,learned,0.2631,0.2182,1.0938,0.5745,0.5854,0.8203,0.3763,1.7035,2.5000,-18.0375,1.0058,28.0774,0.6097,3.0000,0.0000,2.0000,0,14.1273,94.3766,993.9397,544.1581,449.7815,0.9583,-7.9649,103.2998,986.9330
3.247,0,0,learned,0.3092,0.2690,1.1082,0.6368,0.6635,0.9196,0.3900,1.7053,2.5000,-18.0493,1.0058,28.0333,0.5971,3.0000,0.0000,2.0000,0,14.1273,58.5690,987.1350,522.8520,464.2830,0.8360,-7.9048,67.3099,980.0662
3.302,0,0,learned,0.3554,0.3211,1.1273,0.7018,0.7481,1.0258,0.4448,1.7072,2.5000,-18.0604,1.0058,27.9878,0.5799,3.0000,0.0000,2.0000,0,14.1273,168.5690,1000.0000,584.2845,415.7155,0.7442,-7.9007,177.2139,992.8435
3.347,0,0,learned,0.4073,0.3812,1.1434,0.7612,0.8297,1.1260,0.4338,1.7094,2.5000,-18.0720,1.0058,27.9354,0.5659,3.0000,0.0000,2.0000,0,14.1273,217.0582,992.9615,605.0098,387.9516,0.6495,-7.8368,225.5445,985.7741
3.397,0,0,learned,0.4073,0.3812,1.1604,0.7612,0.8297,1.1260,0.4733,1.7094,2.5000,-18.0720,1.0058,27.9354,0.5489,3.0000,0.0000,2.0000,0,14.1273,255.0699,995.0708,625.0704,370.0005,0.6549,-7.8867,263.6115,987.8390
3.447,0,0,learned,0.4586,0.4421,1.1782,0.8229,0.9172,1.2322,0.4993,1.7115,2.5000,-18.0828,1.0058,27.8823,0.5333,3.0000,0.0000,2.0000,0,14.1273,315.5587,1000.0000,657.7794,342.2206,0.5576,-7.8434,323.9597,992.7142
3.497,0,0,learned,0.5154,0.5116,1.2014,0.8767,1.0013,1.3309,0.4978,1.7138,2.5000,-18.0935,1.0058,27.8215,0.5125,3.0000,0.0000,2.0000,0,14.1273,266.0504,998.8355,632.4429,366.3926,0.4456,-7.7672,274.2632,991.5139
3.547,0,0,learned,0.5708,0.5820,1.2206,0.9323,1.0943,1.4376,0.4960,1.7162,2.5000,-18.1027,1.0058,27.7598,0.4956,3.0000,0.0000,2.0000,0,14.1273,243.6227,1000.0000,621.8113,378.1887,0.3357,-7.6798,251.6381,992.6558
3.597,0,0,learned,0.6315,0.6622,1.2402,0.9793,1.1838,1.5364,0.5060,1.7188,2.5000,-18.1110,1.0058,27.6894,0.4786,3.0000,0.0000,2.0000,0,14.1273,165.0329,1000.0000,582.5164,417.4835,0.2221,-7.5823,172.8373,992.6398
3.647,0,0,learned,0.6904,0.7425,1.2653,1.0285,1.2817,1.6433,0.5248,1.7213,2.5000,-18.1177,1.0058,27.6187,0.4560,3.0000,0.0000,2.0000,0,14.1273,147.7411,1000.0000,573.8705,426.1295,0.1177,-7.4983,155.3571,992.6194
3.696,0,0,learned,0.6904,0.7425,1.2805,1.0285,1.2817,1.6433,0.5312,1.7213,2.5000,-18.1177,1.0058,27.6187,0.4408,3.0000,0.0000,2.0000,0,14.1273,257.7410,981.7147,619.7279,361.9868,0.1400,-7.5380,265.4190,974.3167
3.747,0,0,learned,0.7543,0.8325,1.3065,1.0687,1.3716,1.7388,0.5370,1.7241,2.5000,-18.1235,1.0058,27.5394,0.4176,3.0000,0.0000,2.0000,0,14.1273,248.0828,994.2286,621.1557,373.0729,0.0534,-7.4669,255.6030,986.8151
3.797,0,0,learned,0.8158,0.9211,1.3171,1.1112,1.4663,1.8397,0.5520,1.7268,2.5000,-18.1280,1.0058,27.4614,0.4097,3.0000,0.0000,2.0000,0,14.1273,328.8966,999.9993,664.4480,335.5513,-0.0182,-7.3822,336.2607,992.5989
3.847,0,0,learned,0.8820,1.0190,1.3384,1.1435,1.5496,1.9259,0.5435,1.7297,2.5000,-18.1315,1.0058,27.3750,0.3913,3.0000,0.0000,2.0000,0,14.1273,390.9274,1000.0000,695.4637,304.5363,-0.0771,-7.3074,398.1577,992.6155
3.897,0,0,learned,0.9449,1.1149,1.3655,1.1768,1.6394,2.0180,0.5527,1.7326,2.5000,-18.1332,1.0058,27.2904,0.3671,3.0000,0.0000,2.0000,0,14.1273,316.7934,999.9993,658.3963,341.6029,-0.1685,-7.2070,323.8319,992.6238
3.947,0,0,learned,0.9449,1.1149,1.3819,1.1768,1.6394,2.0180,0.5375,1.7326,2.5000,-18.1332,1.0058,27.2904,0.3507,3.0000,0.0000,2.0000,0,14.1273,325.4192,1000.0000,662.7096,337.2904,-0.1635,-7.2321,332.4877,992.6044
3.997,0,0,learned,1.0116,1.2209,1.4093,1.1983,1.7192,2.0956,0.5600,1.7356,2.5000,-18.1329,1.0058,27.1966,0.3264,3.0000,0.0000,2.0000,0,14.1273,366.6713,998.4384,682.5549,315.8835,-0.2188,-7.1764,373.6289,991.0431
4.047,0,0,learned,1.0743,1.3244,1.4202,1.2197,1.8066,2.1798,0.5385,1.7385,2.5000,-18.1304,1.0058,27.1049,0.3183,3.0000,0.0000,2.0000,0,14.1273,361.4305,1000.0000,680.7152,319.2848,-0.2855,-7.0549,368.1999,992.6597
4.097,0,0,learned,1.0743,1.3244,1.4422,1.2197,1.8066,2.1798,0.5378,1.7385,2.5000,-18.1304,1.0058,27.1049,0.2963,3.0000,0.0000,2.0000,0,14.1273,277.3491,999.9992,638.6741,361.3251,-0.2985,-7.0727,284.1233,992.6280
4.146,0,0,learned,1.2015,1.5475,1.4753,1.2389,1.9623,2.3207,0.5517,1.7446,2.5000,-18.1184,1.0058,26.9067,0.2693,3.0000,0.0000,2.0000,0,14.1273,224.8966,998.5950,611.7458,386.8492,-0.4185,-6.8792,231.3573,991.2973
4.198,0,0,learned,1.2015,1.5475,1.4863,1.2389,1.9623,2.3207,0.5505,1.7446,2.5000,-18.1184,1.0058,26.9067,0.2583,3.0000,0.0000,2.0000,0,14.1273,306.3976,996.4390,651.4183,345.0207,-0.4017,-6.9195,312.9153,989.1178
4.247,0,0,learned,1.2657,1.6669,1.5139,1.2378,2.0289,2.3767,0.5400,1.7477,2.5000,-18.1087,1.0058,26.8004,0.2338,3.0000,0.0000,2.0000,0,14.1273,416.1183,999.9887,708.0535,291.9352,-0.4216,-6.8916,422.5883,992.6755
4.297,0,0,learned,1.3253,1.7814,1.5305,1.2388,2.1003,2.4384,0.5490,1.7507,2.5000,-18.0978,1.0058,26.6983,0.2202,3.0000,0.0000,2.0000,0,14.1273,519.1361,998.9444,759.0403,239.9042,-0.4507,-6.8388,525.5242,991.6548
4.347,0,0,learned,1.3253,1.7814,1.5528,1.2388,2.1003,2.4384,0.5557,1.7507,2.5000,-18.0978,1.0058,26.6983,0.1979,3.0000,0.0000,2.0000,0,14.1273,501.4440,999.9762,750.7101,249.2661,-0.4496,-6.8800,507.8744,992.6467
4.397,0,0,learned,1.3875,1.9055,1.5806,1.2303,2.1575,2.4837,0.5418,1.7538,2.5000,-18.0838,1.0058,26.5874,0.1731,3.0000,0.0000,2.0000,0,14.1273,471.1827,991.7269,731.4548,260.2721,-0.4871,-6.8185,477.5140,984.4213
4.447,0,0,learned,1.4448,2.0255,1.5861,1.2230,2.2259,2.5397,0.5270,1.7567,2.5000,-18.0680,1.0058,26.4800,0.1706,3.0000,0.0000,2.0000,0,14.1273,456.5138,983.3496,719.9317,263.4179,-0.5347,-6.7031,462.6822,976.1118
4.496,0,0,learned,1.5040,2.1561,1.6137,1.2058,2.2831,2.5820,0.5290,1.7599,2.5000,-18.0480,1.0058,26.3627,0.1462,3.0000,0.0000,2.0000,0,14.1273,520.8525,995.3278,758.0901,237.2376,-0.5535,-6.6901,526.9891,988.0841
4.547,0,0,learned,1.5581,2.2819,1.6408,1.1901,2.3506,2.6347,0.5368,1.7628,2.5000,-18.0264,1.0058,26.2494,0.1220,3.0000,0.0000,2.0000,0,14.1273,573.9195,998.8188,786.3692,212.4496,-0.5835,-6.6554,579.9915,991.5798
4.597,0,0,learned,1.5581,2.2819,1.6516,1.1901,2.3506,2.6347,0.5343,1.7628,2.5000,-18.0264,1.0058,26.2494,0.1112,3.0000,0.0000,2.0000,0,14.1273,634.7007,999.9628,817.3318,182.6310,-0.5702,-6.6933,640.8238,992.6993
4.647,0,0,learned,1.6134,2.4182,1.6783,1.1649,2.4048,2.6721,0.5192,1.7659,2.5000,-18.0001,1.0058,26.1263,0.0875,3.0000,0.0000,2.0000,0,14.1273,568.9870,999.4637,784.2254,215.2384,-0.6087,-6.6335,575.0119,992.2216
4.697,0,0,learned,1.6633,2.5495,1.6941,1.1400,2.4711,2.7214,0.5110,1.7687,2.5000,-17.9720,1.0058,26.0072,0.0747,3.0000,0.0000,2.0000,0,14.1273,541.4655,999.9975,770.7315,229.2660,-0.6529,-6.5494,547.3620,992.7952
4.747,0,0,learned,1.6633,2.5495,1.7148,1.1400,2.4711,2.7214,0.5020,1.7687,2.5000,-17.9720,1.0058,26.0072,0.0539,3.0000,0.0000,2.0000,0,14.1273,529.5196,997.8296,763.6746,234.1550,-0.6483,-6.5831,535.4544,990.5982
4.797,0,0,learned,1.7136,2.6921,1.7404,1.1052,2.5253,2.7565,0.4818,1.7717,2.5000,-17.9380,1.0058,25.8774,0.0313,3.0000,0.0000,2.0000,0,14.1273,576.2379,992.5993,784.4186,208.1807,-0.6693,-6.5487,582.1173,985.3813
4.846,0,0,learned,1.7583,2.8291,1.7554,1.0707,2.5911,2.8036,0.4808,1.7745,2.5000,-17.9025,1.0058,25.7522,0.0191,3.0000,0.0000,2.0000,0,14.1273,587.0275,998.5506,792.7890,205.7616,-0.7081,-6.4831,592.8025,991.3594
4.897,0,0,learned,1.8030,2.9771,1.7804,1.0284,2.6419,2.8350,0.4773,1.7774,2.5000,-17.8610,1.0058,25.6165,-0.0030,3.0000,0.0000,2.0000,0,14.1273,561.0523,999.6743,780.3633,219.3110,-0.7399,-6.4443,566.7567,992.4900
4.946,0,0,learned,1.8424,3.1188,1.7951,0.9869,2.7042,2.8787,0.4695,1.7800,2.5000,-17.8184,1.0058,25.4859,-0.0150,3.0000,0.0000,2.0000,0,14.1273,536.4421,999.9959,768.2190,231.7769,-0.7834,-6.3668,542.0255,992.8457
4.997,0,0,learned,1.8812,3.2718,1.8194,0.9387,2.7516,2.9073,0.4743,1.7828,2.5000,-17.7693,1.0058,25.3444,-0.0367,3.0000,0.0000,2.0000,0,14.1273,525.3795,999.9999,762.6897,237.3102,-0.8131,-6.3390,530.9054,992.8478
5.047,0,0,learned,1.9150,3.4180,1.8434,0.8919,2.8104,2.9485,0.4758,1.7853,2.5000,-17.7196,1.0058,25.2087,-0.0581,3.0000,0.0000,2.0000,0,14.1273,451.0433,999.8705,725.4569,274.4136,-0.8600,-6.2752,456.4585,992.7353
5.096,0,0,learned,1.9150,3.4180,1.8578,0.8919,2.8104,2.9485,0.4700,1.7853,2.5000,-17.7196,1.0058,25.2087,-0.0725,3.0000,0.0000,2.0000,0,14.1273,556.4591,999.9893,778.2242,221.7651,-0.8401,-6.3339,561.9529,992.8153
5.148,0,0,learned,1.9480,3.5749,1.8814,0.8403,2.8518,2.9731,0.4688,1.7879,2.5000,-17.6634,1.0058,25.0625,-0.0935,3.0000,0.0000,2.0000,0,14.1273,610.4652,984.2186,797.3419,186.8767,-0.8603,-6.3181,615.9229,977.0402
5.197,0,0,learned,1.9765,3.7240,1.8957,0.7912,2.9028,3.0087,0.4713,1.7903,2.5000,-17.6077,1.0058,24.9231,-0.1054,3.0000,0.0000,2.0000,0,14.1273,583.0739,994.9385,789.0062,205.9323,-0.8992,-6.2687,588.4435,987.7706
5.247,0,0,learned,2.0039,3.8834,1.9193,0.7381,2.9351,3.0265,0.4510,1.7928,2.5000,-17.5455,1.0058,24.7736,-0.1265,3.0000,0.0000,2.0000,0,14.1273,540.3880,999.9990,770.1935,229.8055,-0.9231,-6.2480,545.7129,992.8280
5.297,0,0,learned,2.0266,4.0347,1.9381,0.6852,2.9785,3.0563,0.4640,1.7951,2.5000,-17.4836,1.0058,24.6311,-0.1430,3.0000,0.0000,2.0000,0,14.1273,629.2214,999.6294,814.4254,185.2040,-0.9441,-6.2491,634.5264,992.4362
5.347,0,0,learned,2.0266,4.0347,1.9521,0.6852,2.9785,3.0563,0.4688,1.7951,2.5000,-17.4836,1.0058,24.6311,-0.1571,3.0000,0.0000,2.0000,0,14.1273,606.7091,999.9967,803.3529,196.6438,-0.9417,-6.2747,612.0421,992.7803
5.397,0,0,learned,2.0474,4.1960,1.9753,0.6283,3.0033,3.0683,0.4745,1.7973,2.5000,-17.4149,1.0058,24.4785,-0.1780,3.0000,0.0000,2.0000,0,14.1273,614.1073,999.8919,806.9996,192.8923,-0.9582,-6.2859,619.4351,992.6477
5.447,0,0,learned,2.0640,4.3487,1.9892,0.5717,3.0389,3.0922,0.4475,1.7994,2.5000,-17.3471,1.0058,24.3335,-0.1898,3.0000,0.0000,2.0000,0,14.1273,614.5692,999.6505,807.1098,192.5406,-0.9862,-6.2471,619.8302,992.4171
5.497,0,0,learned,2.0781,4.5114,2.0120,0.5114,3.0569,3.0994,0.4420,1.8015,2.5000,-17.2719,1.0058,24.1782,-0.2105,3.0000,0.0000,2.0000,0,14.1273,616.8828,999.0971,807.9899,191.1072,-0.9997,-6.2616,622.1447,991.8357
5.547,0,0,learned,2.0881,4.6653,2.0302,0.4511,3.0868,3.1196,0.4278,1.8034,2.5000,-17.1980,1.0058,24.0308,-0.2268,3.0000,0.0000,2.0000,0,14.1273,616.8009,999.6179,808.2094,191.4085,-1.0248,-6.2462,622.0222,992.3469
5.597,0,0,learned,2.0881,4.6653,2.0438,0.4511,3.0868,3.1196,0.4383,1.8034,2.5000,-17.1980,1.0058,24.0308,-0.2404,3.0000,0.0000,2.0000,0,14.1273,644.2320,999.6989,821.9654,177.7335,-1.0166,-6.2882,649.5035,992.3941
5.646,0,0,learned,2.0954,4.8292,2.0660,0.3886,3.0997,3.1240,0.4283,1.8053,2.5000,-17.1163,1.0058,23.8730,-0.2608,3.0000,0.0000,2.0000,0,14.1273,700.7755,999.9664,850.3709,149.5955,-1.0212,-6.3243,706.0785,992.6209
5.697,0,0,learned,2.0990,4.9842,2.0838,0.3260,3.1257,3.1426,0.4448,1.8069,2.5000,-17.0364,1.0058,23.7231,-0.2768,3.0000,0.0000,2.0000,0,14.1273,785.0271,999.4807,892.2539,107.2268,-1.0378,-6.3521,790.3414,992.0908
5.747,0,0,learned,2.0992,5.1493,2.1013,0.2616,3.1358,3.1466,0.4205,1.8086,2.5000,-16.9482,1.0058,23.5626,-0.2928,3.0000,0.0000,2.0000,0,14.1273,724.6639,999.2693,861.9666,137.3027,-1.0571,-6.3408,729.9476,991.8714
5.797,0,0,learned,2.0958,5.3058,2.1187,0.1952,3.1607,3.1667,0.4198,1.8100,2.5000,-16.8615,1.0058,23.4097,-0.3087,3.0000,0.0000,2.0000,0,14.1273,765.8306,998.8692,882.3499,116.5193,-1.0800,-6.3496,771.1003,991.4396
5.847,0,0,learned,2.0958,5.3058,2.1359,0.1952,3.1607,3.1667,0.4140,1.8100,2.5000,-16.8615,1.0058,23.4097,-0.3259,3.0000,0.0000,2.0000,0,14.1273,730.3126,999.2394,864.7760,134.4634,-1.0763,-6.3736,735.6100,991.7895
5.896,0,0,learned,2.0880,5.4728,2.1527,0.1260,3.1709,3.1734,0.3980,1.8114,2.5000,-16.7655,1.0058,23.2456,-0.3413,3.0000,0.0000,2.0000,0,14.1273,798.3609,999.8680,899.1145,100.7536,-1.0840,-6.4035,803.6803,992.3805
5.947,0,0,learned,2.0767,5.6310,2.1693,0.0538,3.1956,3.1961,0.3902,1.8125,2.5000,-16.6713,1.0058,23.0894,-0.3567,3.0000,0.0000,2.0000,0,14.1273,827.0226,999.5138,913.2682,86.2456,-1.1121,-6.4043,832.3149,991.9974
5.997,0,0,learned,2.0604,5.7993,2.1855,-0.0196,3.2040,3.2041,0.4075,1.8136,2.5000,-16.5674,1.0058,22.9220,-0.3719,3.0000,0.0000,2.0000,0,14.1273,821.0499,999.6047,910.3273,89.2774,-1.1328,-6.4298,826.3470,992.0421
6.047,0,0,learned,2.0410,5.9585,2.2015,-0.0966,3.2264,3.2278,0.3495,1.8145,2.5000,-16.4658,1.0058,22.7629,-0.3870,3.0000,0.0000,2.0000,0,14.1273,864.0166,999.4841,931.7504,67.7338,-1.1584,-6.4113,869.2695,991.9144
6.097,0,0,learned,2.0410,5.9585,2.2171,-0.0966,3.2264,3.2278,0.3645,1.8145,2.5000,-16.4658,1.0058,22.7629,-0.4026,3.0000,0.0000,2.0000,0,14.1273,894.9784,999.4640,947.2212,52.2428,-1.1487,-6.4624,900.2921,991.8528
6.148,0,0,learned,2.0158,6.1278,2.2361,-0.1740,3.2321,3.2368,0.3520,1.8152,2.5000,-16.3539,1.0058,22.5926,-0.4210,3.0000,0.0000,2.0000,0,14.1273,864.9627,999.6372,932.2999,67.3372,-1.1703,-6.4747,870.2671,991.9922
6.200,0,0,learned,1.9880,6.2875,2.2472,-0.2552,3.2514,3.2614,0.3463,1.8157,2.5000,-16.2448,1.0058,22.4308,-0.4315,3.0000,0.0000,2.0000,0,14.1273,886.0867,999.4217,942.7542,56.6675,-1.2059,-6.4707,891.3516,991.7451
6.247,0,0,learned,1.9539,6.4572,2.2617,-0.3353,3.2538,3.2711,0.3405,1.8161,2.5000,-16.1252,1.0058,22.2579,-0.4456,3.0000,0.0000,2.0000,0,14.1273,894.8655,999.4928,947.1791,52.3137,-1.2261,-6.4934,900.1327,991.7734
6.297,0,0,learned,1.9178,6.6172,2.2757,-0.4185,3.2696,3.2962,0.3240,1.8162,2.5000,-16.0091,1.0058,22.0940,-0.4595,3.0000,0.0000,2.0000,0,14.1273,925.0465,998.7880,961.9173,36.8707,-1.2596,-6.4975,930.2845,991.0309
6.347,0,0,learned,1.9178,6.6172,2.2861,-0.4185,3.2696,3.2962,0.3190,1.8162,2.5000,-16.0091,1.0058,22.0940,-0.4698,3.0000,0.0000,2.0000,0,14.1273,945.2921,999.7637,972.5279,27.2358,-1.2519,-6.5237,950.5638,991.9882
6.397,0,0,learned,1.8754,6.7867,2.2994,-0.4980,3.2677,3.3055,0.3055,1.8162,2.5000,-15.8825,1.0058,21.9192,-0.4832,3.0000,0.0000,2.0000,0,14.1273,979.2557,999.4906,989.3732,10.1174,-1.2676,-6.5526,984.5407,991.6704
6.447,0,0,learned,1.8317,6.9463,2.3155,-0.5804,3.2790,3.3300,0.2885,1.8161,2.5000,-15.7601,1.0058,21.7538,-0.4994,3.0000,0.0000,2.0000,0,14.1273,992.4670,999.7512,996.1091,3.6421,-1.3005,-6.5623,997.7287,991.8885
6.497,0,0,learned,1.7813,7.1152,2.3280,-0.6583,3.2728,3.3384,0.2880,1.8157,2.5000,-15.6271,1.0058,21.5777,-0.5123,3.0000,0.0000,2.0000,0,14.1273,990.9569,998.3840,994.6705,3.7135,-1.3190,-6.5917,996.2296,990.4733
6.547,0,0,learned,1.7301,7.2740,2.3400,-0.7401,3.2799,3.3624,0.2627,1.8152,2.5000,-15.4988,1.0058,21.4113,-0.5248,3.0000,0.0000,2.0000,0,14.1273,991.7827,999.0079,995.3953,3.6126,-1.3533,-6.5889,997.0183,991.0656
6.597,0,0,learned,1.6717,7.4419,2.3544,-0.8166,3.2696,3.3700,0.2380,1.8144,2.5000,-15.3596,1.0058,21.2343,-0.5399,3.0000,0.0000,2.0000,0,14.1273,999.1153,999.1702,999.1427,0.0275,-1.3657,-6.6144,1000.0000,991.1901
6.647,0,0,learned,1.6132,7.5994,2.3680,-0.8971,3.2720,3.3928,0.2620,1.8135,2.5000,-15.2259,1.0058,21.0673,-0.5544,3.0000,0.0000,2.0000,0,14.1273,997.2558,999.7872,998.5215,1.2657,-1.4001,-6.6566,1000.0000,991.7305
6.697,0,0,learned,1.6132,7.5994,2.3758,-0.8971,3.2720,3.3928,0.2363,1.8135,2.5000,-15.2259,1.0058,21.0673,-0.5623,3.0000,0.0000,2.0000,0,14.1273,998.7813,998.2356,998.5084,-0.2728,-1.3947,-6.6525,1000.0000,990.1884
6.746,0,0,learned,1.5474,7.7656,2.3883,-0.9707,3.2569,3.3985,0.2243,1.8124,2.5000,-15.0813,1.0058,20.8901,-0.5759,3.0000,0.0000,2.0000,0,14.1273,994.8483,999.6006,997.2244,2.3762,-1.4052,-6.6863,1000.0000,991.5091
6.796,0,0,learned,1.4821,7.9214,2.3956,-1.0483,3.2545,3.4192,0.2038,1.8111,2.5000,-14.9428,1.0058,20.7233,-0.5844,3.0000,0.0000,2.0000,0,14.1273,997.5934,998.1818,997.8876,0.2942,-1.4360,-6.6871,1000.0000,990.0587
6.847,0,0,learned,1.4096,8.0855,2.4071,-1.1178,3.2350,3.4227,0.2085,1.8096,2.5000,-14.7937,1.0058,20.5466,-0.5975,3.0000,0.0000,2.0000,0,14.1273,995.8497,998.1650,997.0073,1.1576,-1.4425,-6.7374,1000.0000,989.9851
6.896,0,0,learned,1.3383,8.2393,2.4159,-1.1913,3.2286,3.4414,0.1800,1.8080,2.5000,-14.6511,1.0058,20.3804,-0.6079,3.0000,0.0000,2.0000,0,14.1273,997.4085,999.7008,998.5546,1.1462,-1.4671,-6.7412,1000.0000,991.4925
6.948,0,0,learned,1.3383,8.2393,2.4244,-1.1913,3.2286,3.4414,0.1820,1.8080,2.5000,-14.6511,1.0058,20.3804,-0.6164,3.0000,0.0000,2.0000,0,14.1273,999.2008,998.4754,998.8381,-0.3627,-1.4629,-6.7598,1000.0000,990.2527
6.997,0,0,learned,1.2596,8.4012,2.4345,-1.2556,3.2058,3.4429,0.1733,1.8061,2.5000,-14.4980,1.0058,20.2045,-0.6284,3.0000,0.0000,2.0000,0,14.1273,999.0791,998.6716,998.8754,-0.2037,-1.4633,-6.8002,1000.0000,990.4081
7.047,0,0,learned,1.1828,8.5528,2.4404,-1.3243,3.1962,3.4597,0.1765,1.8041,2.5000,-14.3520,1.0058,20.0393,-0.6362,3.0000,0.0000,2.0000,0,14.1273,998.9843,995.2537,997.1190,-1.8653,-1.4874,-6.8257,1000.0000,986.9407
7.097,0,0,learned,1.0987,8.7124,2.4479,-1.3831,3.1707,3.4593,0.1725,1.8019,2.5000,-14.1955,1.0058,19.8646,-0.6460,3.0000,0.0000,2.0000,0,14.1273,999.1024,998.6710,998.8867,-0.2157,-1.4827,-6.8714,1000.0000,990.3169
7.147,0,0,learned,1.0170,8.8616,2.4570,-1.4467,3.1583,3.4739,0.1442,1.7996,2.5000,-14.0466,1.0058,19.7007,-0.6574,3.0000,0.0000,2.0000,0,14.1273,997.8443,999.4312,998.6377,0.7934,-1.4973,-6.8791,1000.0000,991.0548
7.197,0,0,learned,0.9280,9.0185,2.4639,-1.4998,3.1301,3.4709,0.1678,1.7970,2.5000,-13.8874,1.0058,19.5278,-0.6670,3.0000,0.0000,2.0000,0,14.1273,999.3487,999.4308,999.3898,0.0411,-1.4878,-6.9526,1000.0000,990.9905
7.247,0,0,learned,0.9280,9.0185,2.4689,-1.4998,3.1301,3.4709,0.1455,1.7970,2.5000,-13.8874,1.0058,19.5278,-0.6720,3.0000,0.0000,2.0000,0,14.1273,999.2974,998.8179,999.0577,-0.2398,-1.4841,-6.9384,1000.0000,990.3954
7.297,0,0,learned,0.8420,9.1650,2.4771,-1.5583,3.1146,3.4826,0.1358,1.7943,2.5000,-13.7363,1.0058,19.3658,-0.6827,3.0000,0.0000,2.0000,0,14.1273,997.6817,999.0015,998.3416,0.6599,-1.4937,-6.9651,1000.0000,990.5427
7.346,0,0,learned,0.7486,9.3189,2.4817,-1.6059,3.0836,3.4767,0.1475,1.7914,2.5000,-13.5750,1.0058,19.1951,-0.6904,3.0000,0.0000,2.0000,0,14.1273,998.8434,998.1836,998.5135,-0.3299,-1.4774,-7.0245,1000.0000,989.6817
7.397,0,0,learned,0.6586,9.4625,2.4893,-1.6594,3.0652,3.4856,0.1315,1.7884,2.5000,-13.4222,1.0058,19.0353,-0.7009,3.0000,0.0000,2.0000,0,14.1273,997.0867,997.1208,997.1038,0.0171,-1.4805,-7.0446,1000.0000,988.5957
7.447,0,0,learned,0.5613,9.6133,2.4952,-1.7018,3.0321,3.4770,0.1418,1.7851,2.5000,-13.2593,1.0058,18.8672,-0.7101,3.0000,0.0000,2.0000,0,14.1273,998.3383,994.8558,996.5971,-1.7412,-1.4564,-7.1061,1000.0000,986.2933
7.497,0,0,learned,0.4680,9.7540,2.5022,-1.7505,3.0119,3.4836,0.1313,1.7818,2.5000,-13.1051,1.0058,18.7100,-0.7203,3.0000,0.0000,2.0000,0,14.1273,998.0373,996.0571,997.0472,-0.9901,-1.4535,-7.1350,1000.0000,987.4685
7.547,0,0,learned,0.4680,9.7540,2.5062,-1.7505,3.0119,3.4836,0.1220,1.7818,2.5000,-13.1051,1.0058,18.7100,-0.7244,3.0000,0.0000,2.0000,0,14.1273,999.0408,997.2910,998.1659,-0.8749,-1.4505,-7.1327,1000.0000,988.7078
7.597,0,0,learned,0.3672,9.9017,2.5115,-1.7880,2.9777,3.4733,0.1242,1.7782,2.5000,-12.9409,1.0058,18.5445,-0.7333,3.0000,0.0000,2.0000,0,14.1273,997.3665,997.0601,997.2133,-0.1532,-1.4201,-7.1844,1000.0000,988.4557
7.646,0,0,learned,0.2707,10.0396,2.5191,-1.8323,2.9567,3.4784,0.1105,1.7746,2.5000,-12.7856,1.0058,18.3899,-0.7445,3.0000,0.0000,2.0000,0,14.1273,999.1362,998.2046,998.6704,-0.4658,-1.4116,-7.2102,1000.0000,989.5829
7.696,0,0,learned,0.1668,10.1844,2.5227,-1.8656,2.9224,3.4671,0.1120,1.7706,2.5000,-12.6202,1.0058,18.2271,-0.7521,3.0000,0.0000,2.0000,0,14.1273,998.7838,995.2048,996.9943,-1.7895,-1.3776,-7.2552,1000.0000,986.5720
7.747,0,0,learned,0.0674,10.3196,2.5286,-1.9066,2.9013,3.4717,0.1133,1.7667,2.5000,-12.4639,1.0058,18.0750,-0.7619,3.0000,0.0000,2.0000,0,14.1273,998.1310,996.4209,997.2760,-0.8551,-1.3674,-7.2968,1000.0000,987.7567
7.797,0,0,learned,0.0674,10.3196,2.5320,-1.9066,2.9013,3.4717,0.1138,1.7667,2.5000,-12.4639,1.0058,18.0750,-0.7653,3.0000,0.0000,2.0000,0,14.1273,997.9420,995.3016,996.6218,-1.3202,-1.3657,-7.3030,1000.0000,986.6329
7.847,0,0,learned,-0.0396,10.4617,2.5376,-1.9367,2.8673,3.4601,0.1035,1.7624,2.5000,-12.2975,1.0058,17.9151,-0.7752,3.0000,0.0000,2.0000,0,14.1273,998.5086,996.4184,997.4635,-1.0451,-1.3259,-7.3375,1000.0000,987.7550
7.897,0,0,learned,-0.1418,10.5943,2.5397,-1.9751,2.8463,3.4645,0.0897,1.7582,2.5000,-12.1402,1.0058,17.7656,-0.7816,3.0000,0.0000,2.0000,0,14.1273,999.0993,995.3930,997.2461,-1.8532,-1.3152,-7.3477,1000.0000,986.7302
7.947,0,0,learned,-0.2516,10.7335,2.5450,-2.0028,2.8126,3.4528,0.0860,1.7535,2.5000,-11.9728,1.0058,17.6085,-0.7915,3.0000,0.0000,2.0000,0,14.1273,997.8981,993.6104,995.7542,-2.1438,-1.2736,-7.3857,1000.0000,984.9511
7.997,0,0,learned,-0.3565,10.8635,2.5490,-2.0393,2.7918,3.4572,0.1062,1.7489,2.5000,-11.8147,1.0058,17.4618,-0.8001,3.0000,0.0000,2.0000,0,14.1273,998.7023,992.2243,995.4633,-3.2390,-1.2610,-7.4515,1000.0000,983.5118
8.047,0,0,learned,-0.3565,10.8635,2.5520,-2.0393,2.7918,3.4572,0.0975,1.7489,2.5000,-11.8147,1.0058,17.4618,-0.8031,3.0000,0.0000,2.0000,0,14.1273,998.6576,990.6882,994.6729,-3.9847,-1.2593,-7.4417,1000.0000,981.9872
8.097,0,0,learned,-0.4692,11.0001,2.5568,-2.0646,2.7585,3.4456,0.0925,1.7439,2.5000,-11.6464,1.0058,17.3077,-0.8129,3.0000,0.0000,2.0000,0,14.1273,998.8926,993.7819,996.3372,-2.5554,-1.2143,-7.4802,1000.0000,985.0873
8.147,0,0,learned,-0.5765,11.1275,2.5587,-2.0990,2.7380,3.4499,0.0810,1.7391,2.5000,-11.4875,1.0058,17.1638,-0.8196,3.0000,0.0000,2.0000,0,14.1273,998.0197,990.5798,994.2997,-3.7199,-1.2005,-7.4878,1000.0000,981.8915
8.197,0,0,learned,-0.5765,11.1275,2.5623,-2.0990,2.7380,3.4499,0.0882,1.7391,2.5000,-11.4875,1.0058,17.1638,-0.8232,3.0000,0.0000,2.0000,0,14.1273,998.3493,996.8368,997.5931,-0.7562,-1.1974,-7.5121,1000.0000,988.1273
8.247,0,0,learned,-0.6916,11.2614,2.5667,-2.1218,2.7055,3.4383,0.0620,1.7337,2.5000,-11.3186,1.0058,17.0128,-0.8330,3.0000,0.0000,2.0000,0,14.1273,998.7250,992.2177,995.4713,-3.2537,-1.1509,-7.5044,1000.0000,983.5624
8.297,0,0,learned,-0.8011,11.3865,2.5675,-2.1538,2.6856,3.4425,0.0653,1.7285,2.5000,-11.1591,1.0058,16.8718,-0.8390,3.0000,0.0000,2.0000,0,14.1273,998.3424,994.9496,996.6460,-1.6964,-1.1350,-7.5381,1000.0000,986.2765
8.348,0,0,learned,-0.9184,11.5180,2.5717,-2.1740,2.6541,3.4308,0.0695,1.7228,2.5000,-10.9897,1.0058,16.7238,-0.8489,3.0000,0.0000,2.0000,0,14.1273,999.2293,992.1027,995.6660,-3.5633,-1.0864,-7.5820,1000.0000,983.4343
8.396,0,0,learned,-1.0298,11.6408,2.5757,-2.2036,2.6349,3.4349,0.0628,1.7173,2.5000,-10.8298,1.0058,16.5858,-0.8584,3.0000,0.0000,2.0000,0,14.1273,998.3867,989.0046,993.6957,-4.6910,-1.0674,-7.5976,1000.0000,980.3396
8.447,0,0,learned,-1.0298,11.6408,2.5780,-2.2036,2.6349,3.4349,0.0790,1.7173,2.5000,-10.8298,1.0058,16.5858,-0.8608,3.0000,0.0000,2.0000,0,14.1273,998.9332,988.9332,993.9332,-5.0000,-1.0663,-7.6327,1000.0000,980.2342
8.497,0,0,learned,-1.1491,11.7699,2.5818,-2.2214,2.6044,3.4231,0.0695,1.7113,2.5000,-10.6600,1.0058,16.4410,-0.8705,3.0000,0.0000,2.0000,0,14.1273,998.3365,995.5807,996.9586,-1.3779,-1.0137,-7.6556,1000.0000,986.9114
8.547,0,0,learned,-1.2623,11.8904,2.5832,-2.2490,2.5858,3.4270,0.0700,1.7054,2.5000,-10.4998,1.0058,16.3061,-0.8778,3.0000,0.0000,2.0000,0,14.1273,998.9717,993.0170,995.9944,-2.9773,-0.9941,-7.6804,1000.0000,984.3425
8.597,0,0,learned,-1.2623,11.8904,2.5861,-2.2490,2.5858,3.4270,0.0727,1.7054,2.5000,-10.4998,1.0058,16.3061,-0.8807,3.0000,0.0000,2.0000,0,14.1273,997.7767,988.5450,993.1609,-4.6158,-0.9933,-7.6869,1000.0000,979.8649
8.647,0,0,learned,-1.3833,12.0171,2.5895,-2.2647,2.5559,3.4149,0.0605,1.6991,2.5000,-10.3298,1.0058,16.1646,-0.8905,3.0000,0.0000,2.0000,0,14.1273,998.6964,991.1767,994.9365,-3.7598,-0.9389,-7.6978,1000.0000,982.5400
8.697,0,0,learned,-1.4983,12.1354,2.5915,-2.2907,2.5377,3.4187,0.0678,1.6929,2.5000,-10.1694,1.0058,16.0329,-0.8986,3.0000,0.0000,2.0000,0,14.1273,998.3632,992.1200,995.2416,-3.1216,-0.9170,-7.7389,1000.0000,983.4641
8.747,0,0,learned,-1.6211,12.2598,2.5941,-2.3048,2.5085,3.4066,0.0522,1.6862,2.5000,-9.9991,1.0058,15.8948,-0.9079,3.0000,0.0000,2.0000,0,14.1273,997.7544,992.6779,995.2162,-2.5382,-0.8617,-7.7356,1000.0000,984.0807
8.797,0,0,learned,-1.7376,12.3760,2.5966,-2.3293,2.4909,3.4103,0.0602,1.6797,2.5000,-9.8384,1.0058,15.7663,-0.9169,3.0000,0.0000,2.0000,0,14.1273,999.0713,994.7489,996.9101,-2.1612,-0.8378,-7.7800,1000.0000,986.1311
8.847,0,0,learned,-1.7376,12.3760,2.5990,-2.3293,2.4909,3.4103,0.0520,1.6797,2.5000,-9.8384,1.0058,15.7663,-0.9193,3.0000,0.0000,2.0000,0,14.1273,998.2333,992.2128,995.2230,-3.0102,-0.8368,-7.7638,1000.0000,983.6122
8.897,0,0,learned,-1.8620,12.4982,2.6019,-2.3420,2.4627,3.3985,0.0525,1.6726,2.5000,-9.6679,1.0058,15.6318,-0.9292,3.0000,0.0000,2.0000,0,14.1273,997.9344,995.7511,996.8427,-1.0917,-0.7796,-7.7950,1000.0000,987.1765
8.947,0,0,learned,-1.9800,12.6124,2.6035,-2.3653,2.4462,3.4027,0.0588,1.6658,2.5000,-9.5071,1.0058,15.5065,-0.9377,3.0000,0.0000,2.0000,0,14.1273,997.8304,992.4941,995.1622,-2.6681,-0.7569,-7.8285,1000.0000,983.9087
8.997,0,0,learned,-2.1060,12.7326,2.6068,-2.3767,2.4193,3.3914,0.0455,1.6584,2.5000,-9.3364,1.0058,15.3753,-0.9484,3.0000,0.0000,2.0000,0,14.1273,997.4198,992.2575,994.8387,-2.5811,-0.6996,-7.8227,1000.0000,983.7353
9.047,0,0,learned,-2.2254,12.8451,2.6078,-2.3989,2.4040,3.3962,0.0375,1.6512,2.5000,-9.1753,1.0058,15.2532,-0.9566,3.0000,0.0000,2.0000,0,14.1273,997.7164,986.8472,992.2818,-5.4346,-0.6777,-7.8180,1000.0000,978.3515
9.097,0,0,learned,-2.3528,12.9635,2.6103,-2.4092,2.3786,3.3856,0.0593,1.6435,2.5000,-9.0043,1.0058,15.1254,-0.9669,3.0000,0.0000,2.0000,0,14.1273,996.6531,992.0050,994.3290,-2.3241,-0.6195,-7.8960,1000.0000,983.4895
9.147,0,0,learned,-2.4735,13.0742,2.6128,-2.4305,2.3643,3.3908,0.0428,1.6360,2.5000,-8.8430,1.0058,15.0066,-0.9768,3.0000,0.0000,2.0000,0,14.1273,997.1528,983.6452,990.3990,-6.7538,-0.5973,-7.8684,1000.0000,975.1794
9.197,0,0,learned,-2.4735,13.0742,2.6137,-2.4305,2.3643,3.3908,0.0450,1.6360,2.5000,-8.8430,1.0058,15.0066,-0.9777,3.0000,0.0000,2.0000,0,14.1273,997.1175,952.2339,974.6757,-22.4418,-0.6022,-7.8502,1000.0000,943.7815
9.247,0,0,learned,-2.6023,13.1908,2.6160,-2.4397,2.3398,3.3804,0.0330,1.6278,2.5000,-8.6718,1.0058,14.8824,-0.9882,3.0000,0.0000,2.0000,0,14.1273,997.3973,978.2315,987.8144,-9.5829,-0.5398,-7.8590,1000.0000,969.8327
9.297,0,0,learned,-2.7243,13.2998,2.6173,-2.4600,2.3262,3.3857,0.0445,1.6200,2.5000,-8.5104,1.0058,14.7670,-0.9973,3.0000,0.0000,2.0000,0,14.1273,996.2358,957.0372,976.6365,-19.5993,-0.5198,-7.8870,1000.0000,948.6303
9.347,0,0,learned,-2.7243,13.2998,2.6190,-2.4600,2.3262,3.3857,0.0178,1.6200,2.5000,-8.5104,1.0058,14.7670,-0.9990,3.0000,0.0000,2.0000,0,14.1273,997.6684,939.1150,968.3917,-29.2767,-0.5220,-7.8066,1000.0000,930.7864
9.397,0,0,learned,-2.8543,13.4145,2.6210,-2.4678,2.3020,3.3748,0.0328,1.6115,2.5000,-8.3393,1.0058,14.6466,-1.0095,3.0000,0.0000,2.0000,0,14.1273,997.1790,927.1672,962.1731,-35.0059,-0.4641,-7.8503,1000.0000,918.8529
9.447,0,0,learned,-2.9772,13.5217,2.6221,-2.4866,2.2883,3.3793,0.0270,1.6034,2.5000,-8.1780,1.0058,14.5350,-1.0187,3.0000,0.0000,2.0000,0,14.1273,997.5425,920.9500,959.2463,-38.2962,-0.4395,-7.8435,1000.0000,912.6671
9.497,0,0,learned,-3.1081,13.6344,2.6239,-2.4926,2.2641,3.3673,0.0285,1.5946,2.5000,-8.0072,1.0058,14.4186,-1.0293,3.0000,0.0000,2.0000,0,14.1273,996.1878,879.9046,938.0462,-58.1416,-0.3838,-7.8252,1000.0000,871.6957
9.547,0,0,learned,-3.2317,13.7397,2.6248,-2.5092,2.2498,3.3701,0.0178,1.5861,2.5000,-7.8464,1.0058,14.3110,-1.0387,3.0000,0.0000,2.0000,0,14.1273,997.1956,868.9399,933.0677,-64.1278,-0.3561,-7.7977,1000.0000,860.7861
9.598,0,0,learned,-3.2317,13.7397,2.6259,-2.5092,2.2498,3.3701,0.0138,1.5861,2.5000,-7.8464,1.0058,14.3110,-1.0397,3.0000,0.0000,2.0000,0,14.1273,997.1080,843.8815,920.4947,-76.6133,-0.3598,-7.7687,1000.0000,835.7529
9.647,0,0,learned,-3.4870,13.9533,2.6271,-2.5263,2.2094,3.3561,0.0065,1.5682,2.5000,-7.5164,1.0058,14.0957,-1.0589,3.0000,0.0000,2.0000,0,14.1273,996.6705,864.2050,930.4377,-66.2328,-0.2533,-7.7745,1000.0000,856.1772
9.697,0,0,learned,-3.4870,13.9533,2.6274,-2.5263,2.2094,3.3561,-0.0055,1.5682,2.5000,-7.5164,1.0058,14.0957,-1.0592,3.0000,0.0000,2.0000,0,14.1273,997.8629,835.9853,916.9241,-80.9388,-0.2581,-7.7192,1000.0000,828.0080
9.747,0,0,learned,-3.6184,14.0613,2.6279,-2.5266,2.1831,3.3391,-0.0358,1.5588,2.5000,-7.3476,1.0058,13.9886,-1.0691,3.0000,0.0000,2.0000,0,14.1273,995.4319,831.2383,913.3351,-82.0968,-0.1850,-7.6251,1000.0000,823.4282
9.797,0,0,learned,-3.7423,14.1620,2.6279,-2.5375,2.1662,3.3364,-0.0343,1.5498,2.5000,-7.1890,1.0058,13.8900,-1.0781,3.0000,0.0000,2.0000,0,14.1273,996.8555,816.9217,906.8886,-89.9669,-0.1459,-7.6188,1000.0000,809.1569
9.852,0,0,learned,-3.8738,14.2677,2.6275,-2.5357,2.1392,3.3175,-0.0457,1.5401,2.5000,-7.0214,1.0058,13.7878,-1.0874,3.0000,0.0000,2.0000,0,14.1273,994.5487,791.5163,893.0325,-101.5162,-0.0716,-7.5558,1000.0000,783.8890
9.897,0,0,learned,-3.9976,14.3661,2.6269,-2.5447,2.1214,3.3130,-0.0240,1.5309,2.5000,-6.8641,1.0058,13.6938,-1.0961,3.0000,0.0000,2.0000,0,14.1273,996.5205,752.7611,874.6408,-121.8797,-0.0323,-7.5886,1000.0000,745.1403
9.947,0,0,learned,-3.9976,14.3661,2.6262,-2.5447,2.1214,3.3130,-0.0560,1.5309,2.5000,-6.8641,1.0058,13.6938,-1.0954,3.0000,0.0000,2.0000,0,14.1273,997.1560,737.9980,867.5770,-129.5790,-0.0360,-7.4792,1000.0000,730.4828
9.997,0,0,learned,-4.1290,14.4692,2.6247,-2.5409,2.0938,3.2924,-0.0715,1.5209,2.5000,-6.6980,1.0058,13.5967,-1.1038,3.0000,0.0000,2.0000,0,14.1273,990.4606,718.1865,854.3236,-136.1371,0.0426,-7.3980,997.9013,710.8311
10.047,0,0,learned,-4.2526,14.5651,2.6239,-2.5476,2.0748,3.2856,-0.0653,1.5114,2.5000,-6.5422,1.0058,13.5076,-1.1125,3.0000,0.0000,2.0000,0,14.1273,995.8339,698.2971,847.0655,-148.7684,0.0905,-7.3943,1000.0000,690.9933
10.097,0,0,learned,-4.3834,14.6655,2.6215,-2.5413,2.0457,3.2624,-0.0823,1.5012,2.5000,-6.3780,1.0058,13.4159,-1.1202,3.0000,0.0000,2.0000,0,14.1273,998.1886,650.8970,824.5428,-173.6458,0.1711,-7.2842,1000.0000,643.7838
10.147,0,0,learned,-4.5064,14.7588,2.6183,-2.5455,2.0252,3.2529,-0.0975,1.4915,2.5000,-6.2242,1.0058,13.3321,-1.1268,3.0000,0.0000,2.0000,0,14.1273,995.7894,650.3498,823.0696,-172.7198,0.2258,-7.2137,1000.0000,643.3619
10.197,0,0,learned,-4.5064,14.7588,2.6161,-2.5455,2.0252,3.2529,-0.1270,1.4915,2.5000,-6.2242,1.0058,13.3321,-1.1245,3.0000,0.0000,2.0000,0,14.1273,997.0605,608.5801,802.8203,-194.2402,0.2167,-7.0875,1000.0000,601.7093
10.247,0,0,learned,-4.6365,14.8562,2.6117,-2.5367,1.9949,3.2272,-0.1170,1.4812,2.5000,-6.0621,1.0058,13.2459,-1.1306,3.0000,0.0000,2.0000,0,14.1273,995.6856,610.6139,803.1498,-192.5358,0.3112,-7.0851,1000.0000,603.8401
10.297,0,0,learned,-4.7586,14.9467,2.6087,-2.5384,1.9729,3.2150,-0.1288,1.4713,2.5000,-5.9105,1.0058,13.1674,-1.1374,3.0000,0.0000,2.0000,0,14.1273,998.8557,571.1743,785.0150,-213.8407,0.3665,-6.9943,1000.0000,564.5464
10.348,0,0,learned,-4.8878,15.0411,2.6041,-2.5274,1.9417,3.1871,-0.1495,1.4608,2.5000,-5.7509,1.0058,13.0869,-1.1433,3.0000,0.0000,2.0000,0,14.1273,996.2578,551.6772,773.9675,-222.2903,0.4621,-6.8701,1000.0000,545.2692
10.397,0,0,learned,-4.8878,15.0411,2.5990,-2.5274,1.9417,3.1871,-0.1840,1.4608,2.5000,-5.7509,1.0058,13.0869,-1.1382,3.0000,0.0000,2.0000,0,14.1273,996.3130,530.7158,763.5144,-232.7986,0.4546,-6.7346,1000.0000,524.4357
10.447,0,0,learned,-5.0090,15.1288,2.5962,-2.5271,1.9187,3.1729,-0.1830,1.4508,2.5000,-5.6015,1.0058,13.0137,-1.1454,3.0000,0.0000,2.0000,0,14.1273,995.4699,516.5201,755.9950,-239.4749,0.5192,-6.6936,1000.0000,510.3456
10.497,0,0,learned,-5.1370,15.2203,2.5901,-2.5141,1.8867,3.1433,-0.1963,1.4401,2.5000,-5.4444,1.0058,12.9390,-1.1500,3.0000,0.0000,2.0000,0,14.1273,994.4369,487.7271,741.0820,-253.3549,0.6175,-6.5775,1000.0000,481.7670
10.547,0,0,learned,-5.2572,15.3051,2.5816,-2.5118,1.8626,3.1270,-0.2188,1.4300,2.5000,-5.2976,1.0058,12.8713,-1.1516,3.0000,0.0000,2.0000,0,14.1273,993.9005,489.9821,741.9413,-251.9592,0.6860,-6.4521,1000.0000,484.2160
10.597,0,0,learned,-5.2572,15.3051,2.5760,-2.5118,1.8626,3.1270,-0.2285,1.4300,2.5000,-5.2976,1.0058,12.8713,-1.1460,3.0000,0.0000,2.0000,0,14.1273,995.5311,473.7858,734.6585,-260.8727,0.6797,-6.4002,1000.0000,468.0653
10.647,0,0,learned,-5.3839,15.3934,2.5679,-2.4970,1.8299,3.0958,-0.2553,1.4192,2.5000,-5.1432,1.0058,12.8023,-1.1487,3.0000,0.0000,2.0000,0,14.1273,995.2920,463.3288,729.3104,-265.9816,0.7843,-6.2383,1000.0000,457.8748
10.697,0,0,learned,-5.5029,15.4754,2.5569,-2.4931,1.8054,3.0781,-0.2712,1.4090,2.5000,-4.9989,1.0058,12.7399,-1.1479,3.0000,0.0000,2.0000,0,14.1273,996.7355,452.9093,724.8224,-271.9131,0.8530,-6.1145,1000.0000,447.6478
10.747,0,0,learned,-5.6285,15.5609,2.5473,-2.4776,1.7733,3.0468,-0.2692,1.3982,2.5000,-4.8470,1.0058,12.6765,-1.1492,3.0000,0.0000,2.0000,0,14.1273,979.6140,443.2830,711.4485,-268.1655,0.9568,-6.0334,986.6042,438.2063
10.797,0,0,learned,-5.7464,15.6404,2.5371,-2.4733,1.7498,3.0297,-0.2850,1.3879,2.5000,-4.7049,1.0058,12.6191,-1.1492,3.0000,0.0000,2.0000,0,14.1273,994.9561,417.0718,706.0140,-288.9421,1.0239,-5.9018,1000.0000,412.1938
10.847,0,0,learned,-5.7464,15.6404,2.5263,-2.4733,1.7498,3.0297,-0.3160,1.3879,2.5000,-4.7049,1.0058,12.6191,-1.1384,3.0000,0.0000,2.0000,0,14.1273,986.7724,422.9414,704.8569,-281.9155,1.0169,-5.7754,993.5647,418.1829
10.896,0,0,learned,-5.8709,15.7235,2.5148,-2.4578,1.7196,2.9996,-0.3275,1.3769,2.5000,-4.5552,1.0058,12.5608,-1.1379,3.0000,0.0000,2.0000,0,14.1273,995.1751,410.0704,702.6227,-292.5523,1.1189,-5.6453,1000.0000,405.5440
10.947,0,0,learned,-5.9879,15.8009,2.5089,-2.4535,1.6979,2.9837,-0.3367,1.3666,2.5000,-4.4150,1.0058,12.5081,-1.1423,3.0000,0.0000,2.0000,0,14.1273,993.6293,371.2860,682.4576,-311.1717,1.1828,-5.5242,1000.0000,366.9446
10.997,0,0,learned,-6.1115,15.8819,2.4901,-2.4384,1.6701,2.9555,-0.3603,1.3555,2.5000,-4.2671,1.0058,12.4546,-1.1346,3.0000,0.0000,2.0000,0,14.1273,985.1415,324.6083,654.8749,-330.2666,1.2697,-5.3095,991.7207,320.5685
11.046,0,0,learned,-6.2278,15.9575,2.4769,-2.4351,1.6510,2.9420,-0.3583,1.3451,2.5000,-4.1285,1.0058,12.4062,-1.1318,3.0000,0.0000,2.0000,0,14.1273,971.1203,325.8821,648.5012,-322.6191,1.3291,-5.2268,977.6762,321.9844
11.099,0,0,learned,-6.2278,15.9575,2.4631,-2.4351,1.6510,2.9420,-0.3713,1.3451,2.5000,-4.1285,1.0058,12.4062,-1.1180,3.0000,0.0000,2.0000,0,14.1273,968.5931,292.8283,630.7107,-337.8824,1.3151,-5.1383,975.0465,289.0051
11.147,0,0,learned,-6.3507,16.0367,2.4449,-2.4208,1.6254,2.9159,-0.3905,1.3339,2.5000,-3.9823,1.0058,12.3573,-1.1110,3.0000,0.0000,2.0000,0,14.1273,955.1295,286.9464,621.0379,-334.0916,1.4040,-4.9526,961.4860,283.3977
11.197,0,0,learned,-6.4661,16.1105,2.4374,-2.4176,1.6077,2.9034,-0.4180,1.3234,2.5000,-3.8453,1.0058,12.3134,-1.1140,3.0000,0.0000,2.0000,0,14.1273,958.5423,273.7373,616.1398,-342.4025,1.4634,-4.7687,964.7744,270.4320
11.247,0,0,learned,-6.5881,16.1878,2.4181,-2.4033,1.5835,2.8781,-0.4208,1.3122,2.5000,-3.7009,1.0058,12.2691,-1.1059,3.0000,0.0000,2.0000,0,14.1273,953.2465,266.4131,609.8298,-343.4167,1.5504,-4.6353,959.4322,263.3282
11.296,0,0,learned,-6.7026,16.2599,2.4020,-2.3996,1.5672,2.8661,-0.4395,1.3017,2.5000,-3.5656,1.0058,12.2293,-1.1003,3.0000,0.0000,2.0000,0,14.1273,961.3083,289.8737,625.5910,-335.7173,1.6090,-4.4770,967.3944,287.0057
11.347,0,0,learned,-6.7026,16.2599,2.3853,-2.3996,1.5672,2.8661,-0.4550,1.3017,2.5000,-3.5656,1.0058,12.2293,-1.0836,3.0000,0.0000,2.0000,0,14.1273,957.2426,243.7323,600.4874,-356.7552,1.5916,-4.3688,963.2030,240.9551
11.397,0,0,learned,-6.8236,16.3356,2.3681,-2.3850,1.5451,2.8417,-0.4733,1.2904,2.5000,-3.4228,1.0058,12.1892,-1.0776,3.0000,0.0000,2.0000,0,14.1273,969.5599,255.3084,612.4342,-357.1258,1.6819,-4.1898,975.4316,252.8005
11.447,0,0,learned,-6.9372,16.4065,2.3548,-2.3814,1.5314,2.8313,-0.4688,1.2798,2.5000,-3.2889,1.0058,12.1532,-1.0750,3.0000,0.0000,2.0000,0,14.1273,948.5491,246.8943,597.7217,-350.8274,1.7314,-4.0931,954.3737,244.5327
11.497,0,0,learned,-7.0573,16.4813,2.3322,-2.3671,1.5129,2.8093,-0.4900,1.2686,2.5000,-3.1474,1.0058,12.1168,-1.0637,3.0000,0.0000,2.0000,0,14.1273,944.8370,232.3801,588.6085,-356.2284,1.8077,-3.8718,950.5164,230.3160
11.547,0,0,learned,-7.1702,16.5516,2.3136,-2.3640,1.5031,2.8014,-0.4880,1.2579,2.5000,-3.0145,1.0058,12.0840,-1.0557,3.0000,0.0000,2.0000,0,14.1273,934.3873,231.4232,582.9052,-351.4820,1.8493,-3.7581,939.9947,229.5144
11.597,0,0,learned,-7.1702,16.5516,2.2993,-2.3640,1.5031,2.8014,-0.4865,1.2579,2.5000,-3.0145,1.0058,12.0840,-1.0414,3.0000,0.0000,2.0000,0,14.1273,932.8147,235.5200,584.1674,-348.6474,1.8410,-3.7366,938.3924,233.6243
11.647,0,0,learned,-7.2894,16.6260,2.2751,-2.3499,1.4886,2.7818,-0.5165,1.2466,2.5000,-2.8739,1.0058,12.0507,-1.0285,3.0000,0.0000,2.0000,0,14.1273,911.3925,202.1363,556.7644,-354.6281,1.9062,-3.4629,916.7616,200.5796
11.697,0,0,learned,-7.4014,16.6961,2.2553,-2.3465,1.4830,2.7758,-0.5212,1.2359,2.5000,-2.7418,1.0058,12.0206,-1.0194,3.0000,0.0000,2.0000,0,14.1273,916.8370,180.7455,548.7913,-368.0457,1.9400,-3.3159,922.0929,179.3696
11.747,0,0,learned,-7.5197,16.7706,2.2402,-2.3321,1.4729,2.7583,-0.5420,1.2246,2.5000,-2.6020,1.0058,11.9899,-1.0156,3.0000,0.0000,2.0000,0,14.1273,889.9392,175.5564,532.7478,-357.1914,2.0089,-3.0985,895.0466,174.4668
11.797,0,0,learned,-7.6307,16.8409,2.2147,-2.3280,1.4715,2.7540,-0.5338,1.2138,2.5000,-2.4706,1.0058,11.9620,-1.0008,3.0000,0.0000,2.0000,0,14.1273,913.1601,171.1057,542.1329,-371.0272,2.0380,-2.9957,918.1939,170.1481
11.846,0,0,learned,-7.6307,16.8409,2.1939,-2.3280,1.4715,2.7540,-0.5348,1.2138,2.5000,-2.4706,1.0058,11.9620,-0.9800,3.0000,0.0000,2.0000,0,14.1273,897.9116,141.3560,519.6338,-378.2778,2.0205,-2.9373,902.8694,140.4391
11.897,0,0,learned,-7.8574,16.9866,2.1621,-2.3073,1.4673,2.7344,-0.5477,1.1917,2.5000,-2.2011,1.0058,11.9077,-0.9704,3.0000,0.0000,2.0000,0,14.1273,888.2362,146.7917,517.5139,-370.7223,2.1193,-2.6287,892.9841,146.2822
11.952,0,0,learned,-7.8574,16.9866,2.1459,-2.3073,1.4673,2.7344,-0.5527,1.1917,2.5000,-2.2011,1.0058,11.9077,-0.9542,3.0000,0.0000,2.0000,0,14.1273,887.5994,120.5597,504.0796,-383.5198,2.1061,-2.5695,892.2750,120.0963
11.997,0,0,learned,-7.9732,17.0623,2.1242,-2.2911,1.4650,2.7194,-0.5497,1.1803,2.5000,-2.0628,1.0058,11.8810,-0.9438,3.0000,0.0000,2.0000,0,14.1273,898.5228,113.1747,505.8488,-392.6740,2.1664,-2.4323,903.1214,112.9088
12.046,0,0,learned,-8.0816,17.1342,2.1077,-2.2846,1.4715,2.7175,-0.5563,1.1695,2.5000,-1.9327,1.0058,11.8564,-0.9382,3.0000,0.0000,2.0000,0,14.1273,896.6966,109.9159,503.3062,-393.3904,2.1921,-2.2800,901.1687,109.8279
12.097,0,0,learned,-8.1958,17.2112,2.0798,-2.2669,1.4732,2.7035,-0.5585,1.1581,2.5000,-1.7951,1.0058,11.8310,-0.9217,3.0000,0.0000,2.0000,0,14.1273,862.5445,134.4505,498.4975,-364.0470,2.2465,-2.1019,866.8928,134.5951
12.147,0,0,learned,-8.3027,17.2844,2.0516,-2.2587,1.4838,2.7025,-0.5843,1.1473,2.5000,-1.6656,1.0058,11.8074,-0.9042,3.0000,0.0000,2.0000,0,14.1273,865.2364,156.8664,511.0514,-354.1850,2.2647,-1.8518,869.3528,157.2793
12.197,0,0,learned,-8.3027,17.2844,2.0401,-2.2587,1.4838,2.7025,-0.5978,1.1473,2.5000,-1.6656,1.0058,11.8074,-0.8928,3.0000,0.0000,2.0000,0,14.1273,874.9629,119.4150,497.1889,-377.7740,2.2540,-1.7710,878.9879,119.8980
12.247,0,0,learned,-8.4150,17.3632,2.0112,-2.2392,1.4898,2.6896,-0.5787,1.1359,2.5000,-1.5285,1.0058,11.7826,-0.8753,3.0000,0.0000,2.0000,0,14.1273,863.4117,127.2079,495.3098,-368.1019,2.3044,-1.6734,867.3895,127.8390
12.296,0,0,learned,-8.5200,17.4385,1.9939,-2.2287,1.5059,2.6897,-0.5785,1.1251,2.5000,-1.3995,1.0058,11.7591,-0.8687,3.0000,0.0000,2.0000,0,14.1273,876.6471,108.8516,492.7494,-383.8978,2.3223,-1.5441,880.5136,109.6299
12.347,0,0,learned,-8.5200,17.4385,1.9763,-2.2287,1.5059,2.6897,-0.5980,1.1251,2.5000,-1.3995,1.0058,11.7591,-0.8511,3.0000,0.0000,2.0000,0,14.1273,904.6590,95.2842,499.9716,-404.6874,2.3116,-1.4330,908.4036,96.1629
12.397,0,0,learned,-8.6302,17.5198,1.9469,-2.2067,1.5172,2.6780,-0.6148,1.1136,2.5000,-1.2630,1.0058,11.7341,-0.8333,3.0000,0.0000,2.0000,0,14.1273,902.2684,91.2541,496.7613,-405.5071,2.3573,-1.1950,905.8207,92.4164
12.446,0,0,learned,-8.7329,17.5976,1.9351,-2.1936,1.5382,2.6791,-0.6010,1.1028,2.5000,-1.1345,1.0058,11.7103,-0.8323,3.0000,0.0000,2.0000,0,14.1273,836.6892,113.0529,474.8711,-361.8182,2.3750,-1.1197,840.1840,114.3082
12.497,0,0,learned,-8.7329,17.5976,1.9113,-2.1936,1.5382,2.6791,-0.6080,1.1028,2.5000,-1.1345,1.0058,11.7103,-0.8085,3.0000,0.0000,2.0000,0,14.1273,828.2295,136.0053,482.1174,-346.1121,2.3621,-1.0388,831.6304,137.3286
12.547,0,0,learned,-8.9412,17.7625,1.8752,-2.1542,1.5798,2.6714,-0.6073,1.0805,2.5000,-0.8703,1.0058,11.6600,-0.7947,3.0000,0.0000,2.0000,0,14.1273,845.6440,130.1579,487.9009,-357.7430,2.4228,-0.7685,848.8353,131.8122
12.597,0,0,learned,-8.9412,17.7625,1.8631,-2.1542,1.5798,2.6714,-0.6200,1.0805,2.5000,-0.8703,1.0058,11.6600,-0.7826,3.0000,0.0000,2.0000,0,14.1273,846.8571,131.5761,489.2166,-357.6405,2.4154,-0.6912,849.9636,133.3003
12.647,0,0,learned,-9.0462,17.8499,1.8267,-2.1273,1.5998,2.6617,-0.6180,1.0690,2.5000,-0.7348,1.0058,11.6331,-0.7577,3.0000,0.0000,2.0000,0,14.1273,840.2434,144.1881,492.2157,-348.0277,2.4524,-0.5125,843.2082,146.1280
12.697,0,0,learned,-9.1437,17.9339,1.8145,-2.1080,1.6298,2.6646,-0.6162,1.0582,2.5000,-0.6075,1.0058,11.6071,-0.7564,3.0000,0.0000,2.0000,0,14.1273,860.5309,152.5038,506.5173,-354.0135,2.4678,-0.4076,863.4063,154.5641
12.747,0,0,learned,-9.2454,18.0249,1.7840,-2.0776,1.6541,2.6557,-0.6168,1.0467,2.5000,-0.4729,1.0058,11.5783,-0.7374,3.0000,0.0000,2.0000,0,14.1273,862.4896,144.8412,503.6654,-358.8242,2.5048,-0.2362,865.2306,147.1098
12.803,0,0,learned,-9.3396,18.1127,1.7536,-2.0545,1.6891,2.6597,-0.6158,1.0358,2.5000,-0.3463,1.0058,11.5502,-0.7178,3.0000,0.0000,2.0000,0,14.1273,835.9659,133.2202,484.5931,-351.3728,2.5017,-0.0835,838.5511,135.6384
12.847,0,0,learned,-9.3396,18.1127,1.7414,-2.0545,1.6891,2.6597,-0.6172,1.0358,2.5000,-0.3463,1.0058,11.5502,-0.7056,3.0000,0.0000,2.0000,0,14.1273,840.2018,124.0395,482.1207,-358.0811,2.4938,-0.0503,842.7459,126.4830
12.897,0,0,learned,-9.4376,18.2082,1.7048,-2.0206,1.7184,2.6525,-0.6033,1.0243,2.5000,-0.2124,1.0058,11.5188,-0.6806,3.0000,0.0000,2.0000,0,14.1273,864.0942,144.9758,504.5350,-359.5592,2.5263,0.0703,866.5502,147.5724
12.947,0,0,learned,-9.5281,18.3002,1.6926,-1.9935,1.7579,2.6579,-0.6092,1.0134,2.5000,-0.0867,1.0058,11.4879,-0.6792,3.0000,0.0000,2.0000,0,14.1273,843.0825,133.3614,488.2220,-354.8605,2.5308,0.2022,845.4110,136.0944
12.997,0,0,learned,-9.5281,18.3002,1.6682,-1.9935,1.7579,2.6579,-0.6240,1.0134,2.5000,-0.0867,1.0058,11.4879,-0.6548,3.0000,0.0000,2.0000,0,14.1273,830.9409,128.7388,479.8398,-351.1011,2.5148,0.3179,833.1378,131.5715
13.046,0,0,learned,-9.7084,18.4961,1.6315,-1.9245,1.8329,2.6577,-0.6298,0.9909,2.5000,0.1704,1.0058,11.4198,-0.6406,3.0000,0.0000,2.0000,0,14.1273,859.3318,170.5123,514.9220,-344.4097,2.5578,0.5856,861.3040,173.6556
13.097,0,0,learned,-9.7084,18.4961,1.6193,-1.9245,1.8329,2.6577,-0.6300,0.9909,2.5000,0.1704,1.0058,11.4198,-0.6284,3.0000,0.0000,2.0000,0,14.1273,838.7956,163.1850,500.9903,-337.8053,2.5490,0.6163,840.7282,166.3503
13.147,0,0,learned,-9.7976,18.6004,1.5825,-1.8829,1.8674,2.6518,-0.6228,0.9793,2.5000,0.3016,1.0058,11.3823,-0.6032,3.0000,0.0000,2.0000,0,14.1273,823.4170,162.8477,493.1323,-330.2846,2.5742,0.7582,825.2330,166.1802
13.197,0,0,learned,-9.8794,18.7009,1.5703,-1.8471,1.9125,2.6588,-0.6205,0.9684,2.5000,0.4245,1.0058,11.3452,-0.6019,3.0000,0.0000,2.0000,0,14.1273,829.3408,143.0912,486.2160,-343.1248,2.5757,0.8415,831.0750,146.5083
13.247,0,0,learned,-9.9635,18.8098,1.5397,-1.8011,1.9490,2.6538,-0.6170,0.9568,2.5000,0.5538,1.0058,11.3038,-0.5829,3.0000,0.0000,2.0000,0,14.1273,843.2429,160.8414,502.0421,-341.2007,2.6047,0.9764,844.8711,164.4226
13.303,0,0,learned,-10.0402,18.9145,1.5092,-1.7605,1.9953,2.6609,-0.6020,0.9459,2.5000,0.6746,1.0058,11.2631,-0.5634,3.0000,0.0000,2.0000,0,14.1273,797.9879,174.4215,486.2047,-311.7832,2.5953,1.0539,799.5292,178.0707
13.347,0,0,learned,-10.0402,18.9145,1.4970,-1.7605,1.9953,2.6609,-0.6212,0.9459,2.5000,0.6746,1.0058,11.2631,-0.5512,3.0000,0.0000,2.0000,0,14.1273,809.8742,163.5717,486.7229,-323.1513,2.5876,1.1534,811.3085,167.3127
13.397,0,0,learned,-10.1187,19.0276,1.4666,-1.7103,2.0315,2.6556,-0.6105,0.9343,2.5000,0.8015,1.0058,11.2180,-0.5323,3.0000,0.0000,2.0000,0,14.1273,832.0123,152.8508,492.4316,-339.5807,2.6167,1.2503,833.3788,156.7178
13.447,0,0,learned,-10.1899,19.1361,1.4484,-1.6649,2.0772,2.6621,-0.6178,0.9234,2.5000,0.9198,1.0058,11.1738,-0.5250,3.0000,0.0000,2.0000,0,14.1273,850.1002,182.0368,516.0685,-334.0317,2.6192,1.3773,851.3420,186.0333
13.496,0,0,learned,-10.1899,19.1361,1.4243,-1.6649,2.0772,2.6621,-0.6118,0.9234,2.5000,0.9198,1.0058,11.1738,-0.5009,3.0000,0.0000,2.0000,0,14.1273,844.2280,190.6407,517.4343,-326.7937,2.6054,1.4104,845.4230,194.6564
13.547,0,0,learned,-10.2623,19.2531,1.3940,-1.6105,2.1118,2.6558,-0.5903,0.9119,2.5000,1.0436,1.0058,11.1249,-0.4822,3.0000,0.0000,2.0000,0,14.1273,801.8157,177.7226,489.7691,-312.0466,2.6353,1.4640,802.9870,181.8218
13.597,0,0,learned,-10.3277,19.3652,1.3761,-1.5607,2.1564,2.6620,-0.5983,0.9010,2.5000,1.1588,1.0058,11.0769,-0.4750,3.0000,0.0000,2.0000,0,14.1273,834.3351,186.3573,510.3462,-323.9889,2.6387,1.5841,835.3897,190.5801
13.647,0,0,learned,-10.3937,19.4862,1.3459,-1.5024,2.1904,2.6561,-0.5938,0.8895,2.5000,1.2793,1.0058,11.0238,-0.4564,3.0000,0.0000,2.0000,0,14.1273,816.8230,199.1239,507.9735,-308.8495,2.6693,1.6978,817.7945,203.4910
13.697,0,0,learned,-10.4528,19.6018,1.3280,-1.4482,2.2341,2.6624,-0.6058,0.8787,2.5000,1.3911,1.0058,10.9718,-0.4494,3.0000,0.0000,2.0000,0,14.1273,835.0642,211.4171,523.2407,-311.8236,2.6721,1.8280,835.9083,215.9171
13.747,0,0,learned,-10.5120,19.7262,1.2981,-1.3862,2.2658,2.6562,-0.5917,0.8672,2.5000,1.5077,1.0058,10.9145,-0.4309,3.0000,0.0000,2.0000,0,14.1273,856.1851,231.4316,543.8084,-312.3767,2.7054,1.9005,856.9899,236.0376
13.797,0,0,learned,-10.5120,19.7262,1.2743,-1.3862,2.2658,2.6562,-0.5883,0.8672,2.5000,1.5077,1.0058,10.9145,-0.4071,3.0000,0.0000,2.0000,0,14.1273,861.0050,217.9095,539.4572,-321.5477,2.6919,1.9359,861.7609,222.5373
13.847,0,0,learned,-10.5645,19.8450,1.2506,-1.3278,2.3078,2.6625,-0.5773,0.8565,2.5000,1.6157,1.0058,10.8585,-0.3941,3.0000,0.0000,2.0000,0,14.1273,823.4813,248.1205,535.8009,-287.6804,2.6912,1.9918,824.1807,252.8036
13.897,0,0,learned,-10.6164,19.9730,1.2211,-1.2621,2.3383,2.6572,-0.5803,0.8451,2.5000,1.7281,1.0058,10.7966,-0.3761,3.0000,0.0000,2.0000,0,14.1273,818.4739,242.4057,530.4398,-288.0341,2.7213,2.1134,819.0817,247.2404
13.947,0,0,learned,-10.6619,20.0953,1.2034,-1.1992,2.3802,2.6653,-0.5903,0.8343,2.5000,1.8320,1.0058,10.7359,-0.3690,3.0000,0.0000,2.0000,0,14.1273,836.2343,265.3780,550.8062,-285.4282,2.7201,2.2240,836.7304,270.3221
13.997,0,0,learned,-10.7063,20.2267,1.1858,-1.1299,2.4098,2.6615,-0.5815,0.8230,2.5000,1.9398,1.0058,10.6690,-0.3628,3.0000,0.0000,2.0000,0,14.1273,877.3561,278.0938,577.7250,-299.6312,2.7542,2.2745,877.8359,283.1225
14.047,0,0,learned,-10.7444,20.3521,1.1508,-1.0627,2.4500,2.6705,-0.5763,0.8123,2.5000,2.0391,1.0058,10.6037,-0.3385,3.0000,0.0000,2.0000,0,14.1273,859.1446,286.5911,572.8679,-286.2768,2.7412,2.3553,859.5305,291.6875
14.097,0,0,learned,-10.7444,20.3521,1.1333,-1.0627,2.4500,2.6705,-0.5745,0.8123,2.5000,2.0391,1.0058,10.6037,-0.3210,3.0000,0.0000,2.0000,0,14.1273,875.2040,276.9176,576.0608,-299.1432,2.7319,2.3832,875.5527,282.0328
14.147,0,0,learned,-10.7806,20.4867,1.1044,-0.9895,2.4779,2.6681,-0.5800,0.8010,2.5000,2.1418,1.0058,10.5315,-0.3034,3.0000,0.0000,2.0000,0,14.1273,883.3753,300.1079,591.7416,-291.6337,2.7562,2.5031,883.6283,305.3671
14.197,0,0,learned,-10.8108,20.6152,1.0871,-0.9174,2.5175,2.6794,-0.5800,0.7904,2.5000,2.2360,1.0058,10.4609,-0.2967,3.0000,0.0000,2.0000,0,14.1273,896.3504,307.0555,601.7030,-294.6474,2.7478,2.5578,896.5404,312.3612
14.246,0,0,learned,-10.8384,20.7530,1.0585,-0.8402,2.5441,2.6792,-0.5683,0.7792,2.5000,2.3332,1.0058,10.3830,-0.2794,3.0000,0.0000,2.0000,0,14.1273,869.2459,322.6555,595.9507,-273.2952,2.7669,2.6039,869.4088,328.0264
14.296,0,0,learned,-10.8604,20.8843,1.0357,-0.7637,2.5823,2.6928,-0.5675,0.7686,2.5000,2.4220,1.0058,10.3070,-0.2671,3.0000,0.0000,2.0000,0,14.1273,877.1297,345.9921,611.5609,-265.5688,2.7505,2.6643,877.2160,351.4069
14.347,0,0,learned,-10.8604,20.8843,1.0186,-0.7637,2.5823,2.6928,-0.5680,0.7686,2.5000,2.4220,1.0058,10.3070,-0.2500,3.0000,0.0000,2.0000,0,14.1273,848.7854,339.3248,594.0551,-254.7303,2.7414,2.6979,848.8289,344.7641
14.397,0,0,learned,-10.8791,21.0249,0.9904,-0.6830,2.6068,2.6948,-0.5580,0.7574,2.5000,2.5132,1.0058,10.2233,-0.2330,3.0000,0.0000,2.0000,0,14.1273,839.7375,362.2108,600.9742,-238.7633,2.7562,2.7444,839.7494,367.7115
14.447,0,0,learned,-10.8925,21.1586,0.9679,-0.6022,2.6424,2.7102,-0.5585,0.7470,2.5000,2.5960,1.0058,10.1418,-0.2210,3.0000,0.0000,2.0000,0,14.1273,861.4885,363.8495,612.6690,-248.8195,2.7369,2.7963,861.4291,369.3828
14.497,0,0,learned,-10.9021,21.3013,0.9456,-0.5186,2.6630,2.7130,-0.5553,0.7359,2.5000,2.6806,1.0058,10.0524,-0.2098,3.0000,0.0000,2.0000,0,14.1273,833.4486,378.2751,605.8618,-227.5868,2.7534,2.8449,833.3571,383.8734
14.547,0,0,learned,-10.9069,21.4365,0.9235,-0.4347,2.6937,2.7285,-0.5363,0.7255,2.4914,2.7570,1.0058,9.9657,-0.1980,3.0000,0.0000,2.0000,0,14.1273,829.3245,348.8522,589.0884,-240.2361,2.7049,2.8147,829.2147,354.3718
14.598,0,0,learned,-10.9069,21.4365,0.9070,-0.4347,2.6937,2.7285,-0.5477,0.7255,2.4914,2.7570,1.0058,9.9657,-0.1815,3.0000,0.0000,2.0000,0,14.1273,808.7049,366.1310,587.4179,-221.2869,2.6956,2.8924,808.5081,371.7190
14.646,0,0,learned,-10.9072,21.5805,0.8800,-0.3493,2.7086,2.7310,-0.5235,0.7146,2.4678,2.8344,1.0058,9.8711,-0.1654,3.0000,0.0000,2.0000,0,14.1273,851.0630,369.1009,610.0819,-240.9811,2.6240,2.8794,850.8076,374.6042
14.697,0,0,learned,-10.9035,21.7164,0.8585,-0.2636,2.7331,2.7458,-0.5268,0.7043,2.4449,2.9039,1.0058,9.7797,-0.1542,3.0000,0.0000,2.0000,0,14.1273,828.2310,374.2917,601.2613,-226.9697,2.5232,2.9375,827.8167,379.7524
14.752,0,0,learned,-10.8950,21.8605,0.8372,-0.1785,2.7408,2.7466,-0.5245,0.6935,2.4201,2.9740,1.0058,9.6805,-0.1437,3.0000,0.0000,2.0000,0,14.1273,791.7246,393.2512,592.4879,-199.2367,2.4533,2.9911,791.1867,398.6957
14.797,0,0,learned,-10.8831,21.9962,0.8162,-0.0929,2.7580,2.7596,-0.5278,0.6835,2.3963,3.0365,1.0058,9.5851,-0.1327,3.0000,0.0000,2.0000,0,14.1273,825.2527,367.2874,596.2700,-228.9826,2.3542,3.0451,824.5618,372.6866
14.847,0,0,learned,-10.8831,21.9962,0.7953,-0.0929,2.7580,2.7596,-0.5085,0.6835,2.3963,3.0365,1.0058,9.5851,-0.1118,3.0000,0.0000,2.0000,0,14.1273,819.8054,381.2867,600.5460,-219.2594,2.3442,3.0273,819.1223,386.6581
14.897,0,0,learned,-10.8660,22.1398,0.7746,-0.0087,2.7586,2.7587,-0.5110,0.6729,2.3704,3.0990,1.0058,9.4817,-0.1018,3.0000,0.0000,2.0000,0,14.1273,821.4229,413.1826,617.3027,-204.1202,2.2721,3.1043,820.5907,418.5590
14.947,0,0,learned,-10.8461,22.2746,0.7542,0.0760,2.7685,2.7696,-0.5222,0.6629,2.3456,3.1543,1.0058,9.3826,-0.0912,3.0000,0.0000,2.0000,0,14.1273,809.0886,389.7796,599.4341,-209.6545,2.1745,3.1873,808.0758,395.1414
14.997,0,0,learned,-10.8208,22.4169,0.7339,0.1581,2.7622,2.7667,-0.4885,0.6525,2.3189,3.2091,1.0058,9.2756,-0.0814,3.0000,0.0000,2.0000,0,14.1273,782.5548,421.1388,601.8468,-180.7080,2.1060,3.1372,781.5236,426.3820
15.047,0,0,learned,-10.7932,22.5503,0.7138,0.2416,2.7659,2.7764,-0.5070,0.6428,2.2933,3.2573,1.0058,9.1730,-0.0710,3.0000,0.0000,2.0000,0,14.1273,784.3894,447.6154,616.0024,-168.3870,2.0021,3.2628,783.1287,452.8804
15.097,0,0,learned,-10.7932,22.5503,0.6939,0.2416,2.7659,2.7764,-0.4918,0.6428,2.2933,3.2573,1.0058,9.1730,-0.0511,3.0000,0.0000,2.0000,0,14.1273,774.9823,480.8462,627.9142,-147.0680,1.9911,3.2648,773.7086,486.1022
15.147,0,0,learned,-10.7598,22.6910,0.6791,0.3216,2.7536,2.7723,-0.4960,0.6326,2.2656,3.3044,1.0058,9.0625,-0.0465,3.0000,0.0000,2.0000,0,14.1273,814.1258,456.1160,635.1209,-179.0049,1.9222,3.3231,812.7249,461.3612
15.197,0,0,learned,-10.7246,22.8225,0.6646,0.4039,2.7511,2.7806,-0.4690,0.6231,2.2392,3.3451,1.0058,8.9567,-0.0415,3.0000,0.0000,2.0000,0,14.1273,758.5634,465.4059,611.9847,-146.5788,1.8278,3.2718,757.1194,470.5055
15.247,0,0,learned,-10.7246,22.8225,0.6453,0.4039,2.7511,2.7806,-0.4547,0.6231,2.2392,3.3451,1.0058,8.9567,-0.0223,3.0000,0.0000,2.0000,0,14.1273,750.4838,490.1235,620.3037,-130.1802,1.8178,3.2746,749.0270,495.2159
15.297,0,0,learned,-10.6830,22.9611,0.6264,0.4830,2.7336,2.7760,-0.4627,0.6131,2.2106,3.3842,1.0058,8.8426,-0.0133,3.0000,0.0000,2.0000,0,14.1273,752.1146,499.4546,625.7846,-126.3300,1.7397,3.3661,750.4883,504.5604
15.347,0,0,learned,-10.6401,23.0906,0.6123,0.5652,2.7265,2.7845,-0.4458,0.6038,2.1833,3.4173,1.0058,8.7333,-0.0085,3.0000,0.0000,2.0000,0,14.1273,768.3794,534.6775,651.5284,-116.8509,1.6332,3.3581,766.6545,539.6688
15.397,0,0,learned,-10.5906,23.2266,0.5939,0.6427,2.7044,2.7797,-0.4308,0.5940,2.1539,3.4482,1.0058,8.6157,0.0001,3.0000,0.0000,2.0000,0,14.1273,784.6713,531.6972,658.1842,-126.4871,1.5537,3.3630,782.8620,536.6139
15.447,0,0,learned,-10.5402,23.3535,0.5715,0.7241,2.6923,2.7880,-0.4390,0.5850,2.1258,3.4736,1.0058,8.5033,0.0135,3.0000,0.0000,2.0000,0,14.1273,767.5117,479.9631,623.7374,-143.7743,1.4467,3.4486,765.5098,484.8584
15.497,0,0,learned,-10.5402,23.3535,0.5582,0.7241,2.6923,2.7880,-0.4355,0.5850,2.1258,3.4736,1.0058,8.5033,0.0268,3.0000,0.0000,2.0000,0,14.1273,773.1919,443.8822,608.5370,-164.6549,1.4458,3.4621,771.1756,448.7900
15.547,0,0,learned,-10.4825,23.4868,0.5452,0.8011,2.6664,2.7841,-0.4165,0.5755,2.0955,3.4963,1.0058,8.3820,0.0303,3.0000,0.0000,2.0000,0,14.1273,754.3122,499.7250,627.0186,-127.2936,1.3548,3.4554,752.2116,504.5352
15.597,0,0,learned,-10.4246,23.6110,0.5238,0.8821,2.6507,2.7937,-0.4203,0.5667,2.0665,3.5139,1.0058,8.2661,0.0429,3.0000,0.0000,2.0000,0,14.1273,722.1328,498.3068,610.2198,-111.9130,1.2339,3.5400,719.8267,503.0807
15.647,0,0,learned,-10.3597,23.7412,0.5070,0.9555,2.6212,2.7899,-0.4120,0.5575,2.0355,3.5287,1.0058,8.1418,0.0505,3.0000,0.0000,2.0000,0,14.1273,677.6531,496.1561,586.9046,-90.7485,1.1421,3.5731,675.2220,500.8713
15.697,0,0,learned,-10.2953,23.8622,0.4865,1.0325,2.6014,2.7988,-0.3935,0.5490,2.0059,3.5392,1.0058,8.0234,0.0625,3.0000,0.0000,2.0000,0,14.1273,665.9275,482.2975,574.1125,-91.8150,1.0233,3.5763,663.3744,486.8970
15.747,0,0,learned,-10.2953,23.8622,0.4742,1.0325,2.6014,2.7988,-0.4007,0.5490,2.0059,3.5392,1.0058,8.0234,0.0748,3.0000,0.0000,2.0000,0,14.1273,668.8872,497.9743,583.4308,-85.4565,1.0137,3.6411,666.2598,502.6292
15.797,0,0,learned,-10.2239,23.9886,0.4543,1.1009,2.5672,2.7933,-0.3957,0.5400,1.9742,3.5465,1.0058,7.8968,0.0857,3.0000,0.0000,2.0000,0,14.1273,671.7922,466.8730,569.3326,-102.4596,0.9218,3.6910,669.0231,471.4858
15.847,0,0,learned,-10.1539,24.1056,0.4388,1.1722,2.5413,2.7986,-0.3725,0.5318,1.9442,3.5501,1.0058,7.7769,0.0930,3.0000,0.0000,2.0000,0,14.1273,657.8461,509.6729,583.7595,-74.0866,0.8004,3.6776,654.9690,514.1509
15.897,0,0,learned,-10.0771,24.2274,0.4235,1.2332,2.5013,2.7888,-0.3660,0.5231,1.9123,3.5504,1.0058,7.6493,0.0996,3.0000,0.0000,2.0000,0,14.1273,627.0839,465.1495,546.1167,-80.9672,0.7215,3.7104,624.0950,469.5814
15.947,0,0,learned,-10.0025,24.3399,0.4086,1.2974,2.4698,2.7899,-0.3645,0.5151,1.8822,3.5476,1.0058,7.5287,0.1066,3.0000,0.0000,2.0000,0,14.1273,582.3657,470.1387,526.2522,-56.1135,0.6104,3.7744,579.2017,474.5235
15.997,0,0,learned,-10.0025,24.3399,0.3940,1.2974,2.4698,2.7899,-0.3355,0.5151,1.8822,3.5476,1.0058,7.5287,0.1212,3.0000,0.0000,2.0000,0,14.1273,619.0076,473.1837,546.0956,-72.9119,0.6094,3.7064,615.9106,477.4995
16.047,0,0,learned,-9.9210,24.4566,0.3796,1.3512,2.4249,2.7759,-0.3515,0.5068,1.8501,3.5413,1.0058,7.4005,0.1272,3.0000,0.0000,2.0000,0,14.1273,609.5531,473.0194,541.2862,-68.2668,0.5229,3.8294,606.2466,477.3716
16.097,0,0,learned,-9.8427,24.5641,0.3622,1.4076,2.3877,2.7717,-0.3225,0.4992,1.8200,3.5326,1.0058,7.2801,0.1370,3.0000,0.0000,2.0000,0,14.1273,612.5418,480.0878,546.3148,-66.2270,0.4249,3.7924,609.1743,484.3051
16.147,0,0,learned,-9.7579,24.6753,0.3520,1.4522,2.3378,2.7521,-0.3335,0.4912,1.7882,3.5206,1.0058,7.1526,0.1392,3.0000,0.0000,2.0000,0,14.1273,616.0826,503.5909,559.8368,-56.2459,0.3473,3.8835,612.5464,507.8217
16.197,0,0,learned,-9.6765,24.7776,0.3387,1.5008,2.2964,2.7434,-0.3255,0.4838,1.7582,3.5066,1.0058,7.0328,0.1452,3.0000,0.0000,2.0000,0,14.1273,583.1043,484.7978,533.9511,-49.1533,0.2622,3.9132,579.4534,488.9732
16.247,0,0,learned,-9.6765,24.7776,0.3288,1.5008,2.2964,2.7434,-0.3252,0.4838,1.7582,3.5066,1.0058,7.0328,0.1550,3.0000,0.0000,2.0000,0,14.1273,556.5711,474.0870,515.3291,-41.2420,0.2628,3.9465,552.8874,478.2963
16.297,0,0,learned,-9.5885,24.8834,0.3129,1.5392,2.2443,2.7213,-0.3030,0.4762,1.7265,3.4889,1.0058,6.9059,0.1633,3.0000,0.0000,2.0000,0,14.1273,541.5152,482.7182,512.1167,-29.3985,0.2004,3.9265,537.7891,486.8451
16.347,0,0,learned,-9.5041,24.9808,0.3067,1.5829,2.2011,2.7111,-0.3018,0.4691,1.6966,3.4698,1.0058,6.7864,0.1625,3.0000,0.0000,2.0000,0,14.1273,514.5701,448.4673,481.5187,-33.0514,0.1214,3.9565,510.7350,452.5451
16.397,0,0,learned,-9.5041,24.9808,0.2944,1.5829,2.2011,2.7111,-0.2850,0.4691,1.6966,3.4698,1.0058,6.7864,0.1747,3.0000,0.0000,2.0000,0,14.1273,510.7908,451.6723,481.2315,-29.5592,0.1218,3.9324,506.9802,455.7266
16.446,0,0,learned,-9.4133,25.0813,0.2795,1.6155,2.1477,2.6875,-0.2795,0.4618,1.6650,3.4470,1.0058,6.6601,0.1823,3.0000,0.0000,2.0000,0,14.1273,507.2234,474.4700,490.8467,-16.3767,0.0552,3.9727,503.3059,478.4979
16.497,0,0,learned,-9.3268,25.1737,0.2709,1.6531,2.1030,2.6749,-0.2580,0.4551,1.6354,3.4233,1.0058,6.5416,0.1841,3.0000,0.0000,2.0000,0,14.1273,494.2353,464.0023,479.1188,-15.1165,-0.0193,3.9288,490.2871,467.9118
16.547,0,0,learned,-9.2340,25.2690,0.2597,1.6791,2.0488,2.6489,-0.2622,0.4481,1.6042,3.3960,1.0058,6.4166,0.1884,3.0000,0.0000,2.0000,0,14.1273,494.2343,432.2255,463.2299,-31.0044,-0.0686,3.9854,490.1803,436.1422
16.597,0,0,learned,-9.1457,25.3563,0.2488,1.7111,2.0029,2.6343,-0.2585,0.4417,1.5748,3.3682,1.0058,6.2994,0.1929,3.0000,0.0000,2.0000,0,14.1273,498.1857,425.1486,461.6672,-36.5185,-0.1445,4.0151,494.0261,429.0192
16.647,0,0,learned,-9.1457,25.3563,0.2408,1.7111,2.0029,2.6343,-0.2645,0.4417,1.5748,3.3682,1.0058,6.2994,0.2008,3.0000,0.0000,2.0000,0,14.1273,463.0896,402.3023,432.6959,-30.3937,-0.1411,4.0714,458.8772,406.2326
16.697,0,0,learned,-9.0513,25.4463,0.2280,1.7323,1.9485,2.6072,-0.2455,0.4350,1.5439,3.3366,1.0058,6.1756,0.2070,3.0000,0.0000,2.0000,0,14.1273,444.3089,384.7706,414.5397,-29.7692,-0.1828,4.0427,440.0834,388.6305
16.747,0,0,learned,-8.9616,25.5288,0.2230,1.7596,1.9024,2.5914,-0.2447,0.4289,1.5149,3.3050,1.0058,6.0596,0.2059,3.0000,0.0000,2.0000,0,14.1273,441.8816,414.9430,428.4123,-13.4693,-0.2626,4.0665,437.5525,418.7469
16.796,0,0,learned,-8.8660,25.6136,0.2107,1.7753,1.8482,2.5627,-0.2268,0.4226,1.4844,3.2696,1.0058,5.9375,0.2119,3.0000,0.0000,2.0000,0,14.1273,408.9747,423.8640,416.4194,7.4446,-0.3044,4.0411,404.6292,427.6007
16.846,0,0,learned,-8.7757,25.6911,0.1989,1.7964,1.8017,2.5442,-0.2190,0.4168,1.4559,3.2349,1.0058,5.8235,0.2180,3.0000,0.0000,2.0000,0,14.1273,405.4591,429.4323,417.4457,11.9866,-0.3684,4.0539,401.0367,433.1178
16.897,0,0,learned,-8.7757,25.6911,0.1942,1.7964,1.8017,2.5442,-0.2165,0.4168,1.4559,3.2349,1.0058,5.8235,0.2226,3.0000,0.0000,2.0000,0,14.1273,389.7220,426.8783,408.3001,18.5781,-0.3673,4.0637,385.2911,430.5747
16.947,0,0,learned,-8.6798,25.7707,0.1830,1.8061,1.7474,2.5131,-0.2020,0.4109,1.4259,3.1965,1.0058,5.7036,0.2279,3.0000,0.0000,2.0000,0,14.1273,384.7629,417.1218,400.9423,16.1794,-0.3969,4.0371,380.3288,420.7619
16.997,0,0,learned,-8.5892,25.8433,0.1765,1.8221,1.7004,2.4923,-0.2030,0.4055,1.3979,3.1589,1.0058,5.5917,0.2290,3.0000,0.0000,2.0000,0,14.1273,383.0498,401.6551,392.3524,9.3027,-0.4494,4.0609,378.5395,405.2666
17.047,0,0,learned,-8.5892,25.8433,0.1701,1.8221,1.7004,2.4923,-0.1910,0.4055,1.3979,3.1589,1.0058,5.5917,0.2353,3.0000,0.0000,2.0000,0,14.1273,379.3170,396.7008,388.0089,8.6919,-0.4455,4.0346,374.8369,400.2899
17.102,0,0,learned,-8.4932,25.9178,0.1601,1.8270,1.6466,2.4595,-0.1825,0.3999,1.3686,3.1177,1.0058,5.4742,0.2398,3.0000,0.0000,2.0000,0,14.1273,371.9989,386.5510,379.2750,7.2760,-0.4690,4.0251,367.5048,390.1071
17.147,0,0,learned,-8.4029,25.9856,0.1562,1.8380,1.6002,2.4369,-0.1898,0.3948,1.3412,3.0777,1.0058,5.3647,0.2386,3.0000,0.0000,2.0000,0,14.1273,351.2973,378.3069,364.8021,13.5048,-0.5159,4.0669,346.7144,381.8579
17.196,0,0,learned,-8.3073,26.0552,0.1468,1.8379,1.5479,2.4029,-0.1802,0.3896,1.3124,3.0343,1.0058,5.2498,0.2428,3.0000,0.0000,2.0000,0,14.1273,340.9234,382.7502,361.8368,20.9134,-0.5350,4.0488,336.3396,386.2640
17.247,0,0,learned,-8.2176,26.1187,0.1379,1.8441,1.5028,2.3789,-0.1595,0.3848,1.2857,2.9925,1.0058,5.1427,0.2469,3.0000,0.0000,2.0000,0,14.1273,336.6757,373.0681,354.8719,18.1962,-0.5676,3.9825,332.1255,376.4830
17.296,0,0,learned,-8.2176,26.1187,0.1344,1.8441,1.5028,2.3789,-0.1625,0.3848,1.2857,2.9925,1.0058,5.1427,0.2503,3.0000,0.0000,2.0000,0,14.1273,316.2243,351.1412,333.6827,17.4584,-0.5629,4.0121,311.6493,354.5904
17.347,0,0,learned,-8.1229,26.1838,0.1245,1.8395,1.4524,2.3438,-0.1378,0.3798,1.2576,2.9473,1.0058,5.0306,0.2553,3.0000,0.0000,2.0000,0,14.1273,332.7601,340.3940,336.5771,3.8169,-0.5680,3.9188,328.2734,343.7449
17.397,0,0,learned,-8.0341,26.2430,0.1214,1.8416,1.4089,2.3187,-0.1520,0.3753,1.2316,2.9041,1.0058,4.9262,0.2540,3.0000,0.0000,2.0000,0,14.1273,323.7732,344.3318,334.0525,10.2793,-0.6056,3.9800,319.1876,347.7062
17.446,0,0,learned,-8.0341,26.2430,0.1153,1.8416,1.4089,2.3187,-0.1410,0.3753,1.2316,2.9041,1.0058,4.9262,0.2600,3.0000,0.0000,2.0000,0,14.1273,299.7692,341.8080,320.7886,21.0194,-0.6018,3.9617,295.2057,345.1679
17.497,0,0,learned,-7.9405,26.3038,0.1095,1.8332,1.3607,2.2830,-0.1495,0.3707,1.2042,2.8576,1.0058,4.8169,0.2613,3.0000,0.0000,2.0000,0,14.1273,298.1936,340.1703,319.1819,20.9884,-0.6111,3.9992,293.5833,343.5585
17.547,0,0,learned,-7.8528,26.3592,0.1052,1.8319,1.3193,2.2576,-0.1183,0.3665,1.1788,2.8132,1.0058,4.7152,0.2613,3.0000,0.0000,2.0000,0,14.1273,284.6297,339.6817,312.1557,27.5260,-0.6311,3.8641,280.1345,342.9147
17.597,0,0,learned,-7.7604,26.4159,0.0998,1.8211,1.2738,2.2223,-0.1195,0.3622,1.1521,2.7655,1.0058,4.6086,0.2625,3.0000,0.0000,2.0000,0,14.1273,278.9847,333.6599,306.3223,27.3376,-0.6346,3.8669,274.4832,336.8922
17.646,0,0,learned,-7.6738,26.4677,0.0933,1.8176,1.2346,2.1973,-0.1285,0.3583,1.1273,2.7200,1.0058,4.5093,0.2650,3.0000,0.0000,2.0000,0,14.1273,272.0131,331.2201,301.6166,29.6035,-0.6616,3.9140,267.4376,334.4725
17.702,0,0,learned,-7.6738,26.4677,0.0908,1.8176,1.2346,2.1973,-0.1173,0.3583,1.1273,2.7200,1.0058,4.5093,0.2675,3.0000,0.0000,2.0000,0,14.1273,242.1276,324.3809,283.2543,41.1267,-0.6568,3.8813,237.5895,327.6054
17.747,0,0,learned,-7.5826,26.5207,0.0860,1.8050,1.1915,2.1628,-0.1108,0.3543,1.1250,2.6714,1.0058,4.4053,0.2682,3.0000,0.0000,2.0000,0,14.1273,238.6743,333.7175,286.1959,47.5216,-0.5676,3.8103,234.2964,336.9602
17.797,0,0,learned,-7.4972,26.5689,0.0815,1.7999,1.1544,2.1382,-0.1005,0.3507,1.1250,2.6251,1.0058,4.3085,0.2691,3.0000,0.0000,2.0000,0,14.1273,223.4106,325.5883,274.4995,51.0889,-0.4925,3.7282,219.1899,328.8240
17.847,0,0,learned,-7.4972,26.5689,0.0772,1.7999,1.1544,2.1382,-0.0968,0.3507,1.1250,2.6251,1.0058,4.3085,0.2734,3.0000,0.0000,2.0000,0,14.1273,229.3740,300.1602,264.7671,35.3931,-0.4861,3.7256,225.1623,303.3998
17.897,0,0,learned,-7.4073,26.6183,0.0723,1.7855,1.1134,2.1042,-0.0772,0.3470,1.1250,2.5756,1.0058,4.2072,0.2747,3.0000,0.0000,2.0000,0,14.1273,232.7097,299.0167,265.8632,33.1535,-0.3837,3.5928,228.7332,302.2258
17.947,0,0,learned,-7.3233,26.6632,0.0695,1.7785,1.0778,2.0796,-0.0833,0.3437,1.1250,2.5287,1.0058,4.1129,0.2741,3.0000,0.0000,2.0000,0,14.1273,224.7775,304.7026,264.7400,39.9626,-0.3150,3.5753,220.8871,307.9629
17.997,0,0,learned,-7.2350,26.7091,0.0653,1.7623,1.0386,2.0455,-0.0777,0.3403,1.1250,2.4787,1.0058,4.0144,0.2750,3.0000,0.0000,2.0000,0,14.1273,219.4093,306.7248,263.0670,43.6577,-0.2160,3.5054,215.6879,310.0141
18.047,0,0,learned,-7.1526,26.7507,0.0629,1.7532,1.0045,2.0205,-0.0755,0.3373,1.1250,2.4314,1.0058,3.9228,0.2744,3.0000,0.0000,2.0000,0,14.1273,205.5973,295.5869,250.5921,44.9948,-0.1409,3.4511,202.0054,298.8971
18.097,0,0,learned,-7.1526,26.7507,0.0600,1.7532,1.0045,2.0205,-0.0650,0.3373,1.1250,2.4314,1.0058,3.9228,0.2774,3.0000,0.0000,2.0000,0,14.1273,203.6601,286.2238,244.9419,41.2819,-0.1367,3.4165,200.1069,289.5036
18.146,0,0,learned,-7.0661,26.7933,0.0566,1.7355,0.9672,1.9868,-0.0703,0.3343,1.1250,2.3811,1.0058,3.8271,0.2777,3.0000,0.0000,2.0000,0,14.1273,193.2418,292.8317,243.0367,49.7949,-0.0416,3.3940,189.8062,296.1841
18.197,0,0,learned,-6.9852,26.8318,0.0547,1.7252,0.9345,1.9621,-0.0498,0.3316,1.1250,2.3334,1.0058,3.7380,0.2769,3.0000,0.0000,2.0000,0,14.1273,192.9672,289.7288,241.3480,48.3808,0.0340,3.2552,189.7460,293.0180
18.247,0,0,learned,-6.9004,26.8712,0.0519,1.7064,0.8988,1.9286,-0.0410,0.3290,1.1250,2.2829,1.0058,3.6451,0.2771,3.0000,0.0000,2.0000,0,14.1273,180.4212,282.5115,231.4664,51.0451,0.1334,3.1702,177.3844,285.8151
18.297,0,0,learned,-6.8213,26.9068,0.0504,1.6946,0.8675,1.9037,-0.0358,0.3267,1.1250,2.2351,1.0058,3.5587,0.2764,3.0000,0.0000,2.0000,0,14.1273,165.9577,289.5771,227.7674,61.8097,0.2044,3.1033,163.0588,292.8849
18.347,0,0,learned,-6.8213,26.9068,0.0485,1.6946,0.8675,1.9037,-0.0307,0.3267,1.1250,2.2351,1.0058,3.5587,0.2782,3.0000,0.0000,2.0000,0,14.1273,157.5756,288.2051,222.8904,65.3147,0.2058,3.0908,154.6907,291.5017
18.397,0,0,learned,-6.7384,26.9431,0.0465,1.6748,0.8336,1.8708,-0.0270,0.3245,1.1250,2.1845,1.0058,3.4685,0.2780,3.0000,0.0000,2.0000,0,14.1273,144.0104,266.0584,205.0344,61.0240,0.3053,3.0265,141.2892,269.3903
18.447,0,0,learned,-6.6610,26.9760,0.0455,1.6621,0.8042,1.8465,-0.0255,0.3226,1.1250,2.1368,1.0058,3.3847,0.2771,3.0000,0.0000,2.0000,0,14.1273,137.5473,268.7230,203.1351,65.5879,0.3748,2.9742,134.9479,272.0721
18.496,0,0,learned,-6.5799,27.0096,0.0438,1.6418,0.7725,1.8145,-0.0132,0.3207,1.1250,2.0863,1.0058,3.2971,0.2769,3.0000,0.0000,2.0000,0,14.1273,140.6149,255.5832,198.0990,57.4842,0.4706,2.8702,138.2153,258.9241
18.547,0,0,learned,-6.5043,27.0401,0.0434,1.6283,0.7450,1.7907,0.0070,0.3191,1.1250,2.0388,1.0058,3.2158,0.2757,3.0000,0.0000,2.0000,0,14.1273,144.8642,252.4597,198.6620,53.7978,0.5417,2.7324,142.6734,255.7338
18.597,0,0,learned,-6.5043,27.0401,0.0428,1.6283,0.7450,1.7907,0.0055,0.3191,1.1250,2.0388,1.0058,3.2158,0.2763,3.0000,0.0000,2.0000,0,14.1273,134.0678,246.4122,190.2400,56.1722,0.5428,2.7439,131.8666,249.6989
18.647,0,0,learned,-6.4252,27.0712,0.0423,1.6070,0.7156,1.7592,-0.0027,0.3176,1.1250,1.9886,1.0058,3.1309,0.2753,3.0000,0.0000,2.0000,0,14.1273,124.6127,257.1534,190.8830,66.2704,0.6301,2.7325,122.5102,260.5160
18.697,0,0,learned,-6.3515,27.0994,0.0421,1.5927,0.6902,1.7358,-0.0095,0.3164,1.1250,1.9415,1.0058,3.0521,0.2742,3.0000,0.0000,2.0000,0,14.1273,112.6615,247.8458,180.2536,67.5922,0.6978,2.7183,110.6409,251.2619
18.747,0,0,learned,-6.2743,27.1283,0.0422,1.5711,0.6630,1.7053,0.0225,0.3152,0.0000,1.8917,1.0058,2.9697,0.2730,3.0000,0.0000,2.0000,0,14.1273,0.0000,0.0000,0.0000,0.0000,-3.4549,3.6364,-7.0913,0.1815
18.796,0,0,learned,-6.2024,27.1544,0.0424,1.5565,0.6394,1.6827,0.0180,0.3143,0.0000,1.8450,1.0058,2.8932,0.2720,3.0000,0.0012,2.0000,0,14.1273,0.0000,0.0000,0.0000,0.0000,-3.3833,3.5990,-6.9823,0.2157
18.847,0,0,learned,-6.2024,27.1544,0.0428,1.5565,0.6394,1.6827,0.0170,0.3143,0.0000,1.8450,1.0058,2.8932,0.2715,3.0000,0.0012,2.0000,0,14.1273,0.0000,0.0000,0.0000,0.0000,-3.3836,3.6026,-6.9861,0.2190
18.896,0,0,learned,-6.1278,27.1809,0.0433,1.5319,0.6133,1.6501,0.0115,0.3136,0.0000,1.7961,1.0058,2.8142,0.2703,3.0000,0.1000,2.0000,0,14.1273,0.0000,0.0000,0.0000,0.0000,-3.2820,3.5672,-6.8492,0.2852
18.947,0,0,learned,-6.0604,27.2049,0.0439,1.5063,0.5908,1.6180,0.0097,0.3128,0.0000,1.7521,1.0058,2.7426,0.2690,3.0000,0.1000,2.0000,0,14.1273,0.0000,0.0000,0.0000,0.0000,-3.1809,3.5171,-6.6979,0.3362
18.996,0,0,learned,-5.9923,27.2298,0.0444,1.4672,0.5681,1.5733,0.0090,0.3118,0.0000,1.7078,1.0058,2.6702,0.2674,3.0000,0.2002,2.0000,0,14.1273,0.0000,0.0000,0.0000,0.0000,-3.0408,3.4608,-6.5016,0.4200
19.047,0,0,learned,-5.9310,27.2526,0.0449,1.4289,0.5496,1.5310,-0.0043,0.3107,0.0000,1.6683,1.0058,2.6049,0.2658,3.0000,0.2002,2.0000,0,14.1273,0.0000,0.0000,0.0000,0.0000,-2.9093,3.4783,-6.3876,0.5690
19.097,0,0,learned,-5.9310,27.2526,0.0454,1.4289,0.5496,1.5310,0.0123,0.3107,0.0000,1.6683,1.0058,2.6049,0.2653,3.0000,0.3003,2.0000,0,14.1273,0.0000,0.0000,0.0000,0.0000,-2.9069,3.3860,-6.2929,0.4791
19.147,0,0,learned,-5.8693,27.2762,0.0458,1.3805,0.5306,1.4790,0.0090,0.3093,0.0000,1.6289,1.0058,2.5389,0.2634,3.0000,0.3003,2.0000,0,14.1273,0.0000,0.0000,0.0000,0.0000,-2.7439,3.3486,-6.0925,0.6047
19.197,0,0,learned,-5.8141,27.2979,0.0461,1.3345,0.5149,1.4304,0.0168,0.3077,0.0000,1.5939,1.0058,2.4797,0.2616,3.0000,0.3998,2.0000,0,14.1273,0.0000,0.0000,0.0000,0.0000,-2.5895,3.2567,-5.8463,0.6672
19.246,0,0,learned,-5.7587,27.3203,0.0465,1.2807,0.4978,1.3740,0.0105,0.3059,0.0000,1.5590,1.0058,2.4201,0.2593,3.0000,0.3998,2.0000,0,14.1273,0.0000,0.0000,0.0000,0.0000,-2.4137,3.2400,-5.6537,0.8263
19.296,0,0,learned,-5.7092,27.3406,0.0468,1.2306,0.4831,1.3220,0.0063,0.3039,0.0000,1.5281,1.0058,2.3668,0.2571,3.0000,0.5002,2.0000,0,14.1273,0.0000,0.0000,0.0000,0.0000,-2.2507,3.2176,-5.4684,0.9669
19.348,0,0,learned,-5.7092,27.3406,0.0471,1.2306,0.4831,1.3220,-0.0033,0.3039,0.0000,1.5281,1.0058,2.3668,0.2569,3.0000,0.5002,2.0000,0,14.1273,0.0000,0.0000,0.0000,0.0000,-2.2521,3.2682,-5.5203,1.0161
19.397,0,0,learned,-5.6597,27.3615,0.0473,1.1751,0.4666,1.2644,-0.0070,0.3018,0.0000,1.4974,1.0058,2.3133,0.2545,3.0000,0.5996,2.0000,0,14.1273,0.0000,0.0000,0.0000,0.0000,-2.0724,3.2428,-5.3152,1.1704
19.447,0,0,learned,-5.6154,27.3805,0.0475,1.1247,0.4526,1.2124,-0.0110,0.2996,0.0000,1.4702,1.0058,2.2654,0.2521,3.0000,0.5996,2.0000,0,14.1273,0.0000,0.0000,0.0000,0.0000,-1.9100,3.2230,-5.1331,1.3130
19.496,0,0,learned,-5.5707,27.4001,0.0476,1.0715,0.4374,1.1573,0.0027,0.2971,0.0000,1.4430,1.0058,2.2169,0.2494,3.0000,0.7002,2.0000,0,14.1273,0.0000,0.0000,0.0000,0.0000,-1.7364,3.1067,-4.8431,1.3703
19.547,0,0,learned,-5.5305,27.4181,0.0477,1.0247,0.4250,1.1093,-0.0160,0.2945,0.0000,1.4187,1.0058,2.1732,0.2468,3.0000,0.7002,2.0000,0,14.1273,0.0000,0.0000,0.0000,0.0000,-1.5883,3.1697,-4.7579,1.5814
19.596,0,0,learned,-5.4897,27.4368,0.0478,0.9769,0.4120,1.0602,0.0010,0.2917,0.0000,1.3942,1.0058,2.1287,0.2438,3.0000,0.7997,2.0000,0,14.1273,0.0000,0.0000,0.0000,0.0000,-1.4330,3.0387,-4.4717,1.6057
19.647,0,0,learned,-5.4897,27.4368,0.0479,0.9769,0.4120,1.0602,0.0090,0.2917,0.0000,1.3942,1.0058,2.1287,0.2438,3.0000,0.7997,2.0000,0,14.1273,0.0000,0.0000,0.0000,0.0000,-1.4321,2.9952,-4.4273,1.5631
19.696,0,0,learned,-5.4525,27.4542,0.0480,0.9362,0.4021,1.0189,0.0008,0.2888,0.0000,1.3721,1.0058,2.0881,0.2409,3.0000,0.9002,2.0000,0,14.1273,0.0000,0.0000,0.0000,0.0000,-1.3036,3.0035,-4.3070,1.6999
19.747,0,0,learned,-5.4144,27.4724,0.0480,0.8956,0.3915,0.9775,-0.0060,0.2856,0.0000,1.3497,1.0058,2.0464,0.2376,3.0000,0.9002,2.0000,0,14.1273,0.0000,0.0000,0.0000,0.0000,-1.1746,3.0020,-4.1765,1.8274
19.796,0,0,learned,-5.3795,27.4892,0.0480,0.8620,0.3833,0.9434,-0.0047,0.2825,0.0000,1.3292,1.0058,2.0082,0.2345,3.0000,0.9999,2.0000,0,14.1273,0.0000,0.0000,0.0000,0.0000,-1.0675,2.9600,-4.0275,1.8925
19.847,0,0,learned,-5.3795,27.4892,0.0480,0.8620,0.3833,0.9434,-0.0050,0.2825,0.0000,1.3292,1.0058,2.0082,0.2345,3.0000,0.9999,2.0000,0,14.1273,0.0000,0.0000,0.0000,0.0000,-1.0675,2.9613,-4.0288,1.8939
19.897,0,0,learned,-5.3434,27.5066,0.0480,0.8282,0.3737,0.9086,-0.0103,0.2791,0.0000,1.3081,1.0058,1.9687,0.2311,3.0000,1.1007,2.0000,0,14.1273,0.0000,0.0000,0.0000,0.0000,-0.9596,2.9528,-3.9124,1.9932
19.947,0,0,learned,-5.3103,27.5226,0.0480,0.8005,0.3657,0.8801,-0.0083,0.2758,0.0000,1.2887,1.0058,1.9325,0.2278,3.0000,1.1007,2.0000,0,14.1273,0.0000,0.0000,0.0000,0.0000,-0.8702,2.9081,-3.7783,2.0379
19.997,0,0,learned,-5.2762,27.5391,0.0479,0.7717,0.3559,0.8498,-0.0307,0.2724,0.0000,1.2687,1.0058,1.8952,0.2244,3.0000,1.2005,2.0000,0,14.1273,0.0000,0.0000,0.0000,0.0000,-0.7787,2.9925,-3.7712,2.2138
20.046,0,0,learned,-5.2449,27.5541,0.0479,0.7477,0.3473,0.8244,-0.0043,0.2691,0.0000,1.2503,1.0058,1.8610,0.2212,3.0000,1.2005,2.0000,0,14.1273,0.0000,0.0000,0.0000,0.0000,-0.6977,2.8194,-3.5172,2.1217
20.097,0,0,learned,-5.2449,27.5541,0.0478,0.7477,0.3473,0.8244,-0.0047,0.2691,0.0000,1.2503,1.0058,1.8610,0.2213,3.0000,1.3001,2.0000,0,14.1273,0.0000,0.0000,0.0000,0.0000,-0.6978,2.8224,-3.5202,2.1247
20.147,0,0,learned,-5.2128,27.5696,0.0477,0.7217,0.3372,0.7966,-0.0095,0.2657,0.0000,1.2314,1.0058,1.8260,0.2179,3.0000,1.3001,2.0000,0,14.1273,0.0000,0.0000,0.0000,0.0000,-0.6126,2.8145,-3.4271,2.2018
20.196,0,0,learned,-5.1836,27.5837,0.0476,0.6992,0.3286,0.7726,-0.0035,0.2623,0.0000,1.2143,1.0058,1.7941,0.2147,3.0000,1.3997,2.0000,0,14.1273,0.0000,0.0000,0.0000,0.0000,-0.5385,2.7521,-3.2906,2.2135
20.246,0,0,learned,-5.1537,27.5983,0.0475,0.6741,0.3192,0.7459,-0.0182,0.2587,0.0000,1.1969,1.0058,1.7615,0.2112,3.0000,1.3997,2.0000,0,14.1273,0.0000,0.0000,0.0000,0.0000,-0.4581,2.7983,-3.2564,2.3402
20.297,0,0,learned,-5.1267,27.6118,0.0474,0.6519,0.3117,0.7226,-0.0090,0.2552,0.0000,1.1813,1.0058,1.7319,0.2078,3.0000,1.4998,2.0000,0,14.1273,0.0000,0.0000,0.0000,0.0000,-0.3862,2.7203,-3.1065,2.3341
20.347,0,0,learned,-5.1267,27.6118,0.0473,0.6519,0.3117,0.7226,-0.0180,0.2552,0.0000,1.1813,1.0058,1.7319,0.2079,3.0000,1.4998,2.0000,0,14.1273,0.0000,0.0000,0.0000,0.0000,-0.3868,2.7681,-3.1548,2.3813
20.397,0,0,learned,-5.0992,27.6259,0.0472,0.6273,0.3035,0.6968,-0.0155,0.2512,0.0000,1.1657,1.0058,1.7017,0.2041,3.0000,1.5995,2.0000,0,14.1273,0.0000,0.0000,0.0000,0.0000,-0.3080,2.7245,-3.0325,2.4165
20.447,0,0,learned,-5.0743,27.6389,0.0471,0.6054,0.2970,0.6743,-0.0025,0.2474,0.0000,1.1516,1.0058,1.6744,0.2003,3.0000,1.5995,2.0000,0,14.1273,0.0000,0.0000,0.0000,0.0000,-0.2385,2.6277,-2.8662,2.3891
20.497,0,0,learned,-5.0743,27.6389,0.0470,0.6054,0.2970,0.6743,-0.0025,0.2474,0.0000,1.1516,1.0058,1.6744,0.2004,3.0000,1.7001,2.0000,0,14.1273,0.0000,0.0000,0.0000,0.0000,-0.2385,2.6283,-2.8668,2.3898
20.547,0,0,learned,-5.0490,27.6524,0.0468,0.5817,0.2895,0.6497,-0.0073,0.2432,0.0000,1.1375,1.0058,1.6466,0.1964,3.0000,1.7001,2.0000,0,14.1273,0.0000,0.0000,0.0000,0.0000,-0.1642,2.6241,-2.7883,2.4599
20.597,0,0,learned,-5.0260,27.6648,0.0467,0.5611,0.2832,0.6285,-0.0195,0.2392,0.0000,1.1247,1.0058,1.6213,0.1925,3.0000,1.7999,2.0000,0,14.1273,0.0000,0.0000,0.0000,0.0000,-0.1007,2.6603,-2.7610,2.5596
20.647,0,0,learned,-5.0025,27.6776,0.0465,0.5395,0.2756,0.6058,0.0065,0.2349,0.0000,1.1116,1.0058,1.5954,0.1884,3.0000,1.7999,2.0000,0,14.1273,0.0000,0.0000,0.0000,0.0000,-0.0308,2.4969,-2.5277,2.4660
20.696,0,0,learned,-4.9809,27.6892,0.0464,0.5213,0.2689,0.5866,-0.0063,0.2310,0.0000,1.0997,1.0058,1.5718,0.1846,3.0000,1.8999,2.0000,0,14.1273,0.0000,0.0000,0.0000,0.0000,0.0260,2.5370,-2.5110,2.5629
20.747,0,0,learned,-4.9809,27.6892,0.0463,0.5213,0.2689,0.5866,-0.0057,0.2310,0.0000,1.0997,1.0058,1.5718,0.1846,3.0000,1.8999,2.0000,0,14.1273,0.0000,0.0000,0.0000,0.0000,0.0260,2.5347,-2.5087,2.5607
20.797,0,0,learned,-4.9587,27.7011,0.0461,0.5026,0.2609,0.5663,-0.0120,0.2267,0.0000,1.0872,1.0058,1.5474,0.1807,3.0000,1.9999,2.0000,0,14.1273,0.0000,0.0000,0.0000,0.0000,0.0860,2.5403,-2.4543,2.6262
20.846,0,0,learned,-4.9382,27.7120,0.0460,0.4875,0.2541,0.5497,-0.0090,0.2228,0.0000,1.0758,1.0058,1.5250,0.1768,3.0000,1.9999,2.0000,0,14.1273,0.0000,0.0000,0.0000,0.0000,0.1352,2.4986,-2.3634,2.6338
20.897,1,0,learned,-4.9382,27.7120,0.0459,0.4875,0.2541,0.5497,-0.0140,0.8495,2.8255,1.0758,1.0058,15.2462,0.8036,3.0000,0.0000,0.0000,0,14.1273,0.0000,0.0000,0.0000,0.0000,17.4910,0.8127,16.6784,18.3037
20.947,1,0,learned,-4.9169,27.7232,0.0457,0.4718,0.2465,0.5323,-0.0140,0.8506,2.8255,1.0638,1.0058,15.2246,0.8049,3.0000,0.0000,0.0000,0,14.1273,0.0117,242.5529,121.2823,121.2706,17.6457,0.7564,16.9010,260.9549
20.997,1,0,learned,-4.8973,27.7336,0.0456,0.4593,0.2404,0.5184,-0.0105,0.8517,2.8255,1.0528,1.0058,15.2046,0.8061,3.0000,0.0000,0.0000,0,14.1273,28.9336,349.4866,189.2101,160.2765,17.7483,0.7180,45.9638,367.9529
21.046,1,0,learned,-4.8973,27.7336,0.0455,0.4593,0.2404,0.5184,-0.0140,0.8517,2.8255,1.0528,1.0058,15.2046,0.8062,3.0000,0.0000,0.0000,0,14.1273,76.0859,457.5036,266.7947,190.7088,17.7722,0.7064,93.1517,475.9822
21.097,1,0,learned,-4.8761,27.7443,0.0456,0.4488,0.2337,0.5060,0.0148,0.8530,2.8255,1.0407,1.0058,15.1834,0.8074,3.0000,0.0000,0.0000,0,14.1273,150.2395,567.5032,358.8714,208.6318,17.8704,0.5143,167.5955,585.8879
21.147,1,0,learned,-4.8546,27.7539,0.0458,0.4488,0.2267,0.5028,0.0280,0.8548,2.8255,1.0276,1.0058,15.1630,0.8090,3.0000,0.0000,0.0000,0,14.1273,82.8649,677.5032,380.1840,297.3192,17.9213,0.3992,100.3869,695.8237
21.197,1,0,learned,-4.8546,27.7539,0.0466,0.4488,0.2267,0.5028,0.0532,0.8548,2.8255,1.0276,1.0058,15.1630,0.8082,3.0000,0.0000,0.0000,0,14.1273,59.4324,787.4990,423.4657,364.0333,17.9515,0.2124,77.1715,805.6629
21.247,1,0,learned,-4.8283,27.7630,0.0486,0.4602,0.2166,0.5086,0.0755,0.8575,2.8255,1.0103,1.0058,15.1400,0.8090,3.0000,0.0000,0.0000,0,14.1273,-13.3995,886.1945,436.3975,449.7970,17.9557,0.0184,4.5378,904.1687
21.297,1,0,learned,-4.7991,27.7706,0.0497,0.4898,0.2049,0.5309,0.1080,0.8612,2.8255,0.9897,1.0058,15.1167,0.8115,3.0000,0.0000,0.0000,0,14.1273,-123.3074,986.1748,431.4337,554.7411,17.8764,-0.2671,-105.1640,1000.0000
21.347,1,0,learned,-4.7624,27.7772,0.0528,0.5329,0.1890,0.5654,0.1438,0.8662,2.8255,0.9622,1.0058,15.0898,0.8134,3.0000,0.0000,0.0000,0,14.1273,-32.0949,986.3552,477.1301,509.2251,17.7074,-0.5776,-13.8100,1000.0000
21.397,1,0,learned,-4.7221,27.7816,0.0585,0.5942,0.1697,0.6179,0.2283,0.8723,2.8255,0.9306,1.0058,15.0625,0.8138,3.0000,0.0000,0.0000,0,14.1273,-88.8616,992.2935,451.7160,540.5776,17.4622,-1.2359,-70.1635,1000.0000
21.447,1,0,learned,-4.7221,27.7816,0.0615,0.5942,0.1697,0.6179,0.2225,0.8723,2.8255,0.9306,1.0058,15.0625,0.8108,3.0000,0.0000,0.0000,0,14.1273,-147.6460,996.3627,424.3583,572.0044,17.4668,-1.2120,-128.9672,1000.0000
21.496,1,0,learned,-4.6727,27.7845,0.0708,0.6657,0.1470,0.6817,0.2820,0.8797,2.8255,0.8903,1.0058,15.0312,0.8089,3.0000,0.0000,0.0000,0,14.1273,-61.3222,983.3761,461.0270,522.3492,17.1494,-1.7432,-42.4295,998.7824
21.547,1,0,learned,-4.6198,27.7858,0.0777,0.7527,0.1231,0.7627,0.3242,0.8879,2.8255,0.8464,1.0058,14.9993,0.8102,3.0000,0.0000,0.0000,0,14.1273,-166.7332,988.0919,410.6793,577.4125,16.7483,-2.1833,-147.8016,1000.0000
21.597,1,0,learned,-4.6198,27.7858,0.0884,0.7527,0.1231,0.7627,0.3518,0.8879,2.8255,0.8464,1.0058,14.9993,0.7995,3.0000,0.0000,0.0000,0,14.1273,-58.4944,989.0244,465.2650,523.7594,16.7562,-2.3978,-39.3403,1000.0000
21.646,1,0,learned,-4.5572,27.7860,0.1009,0.8431,0.0991,0.8489,0.3972,0.8971,2.8255,0.7936,1.0058,14.9628,0.7962,3.0000,0.0000,0.0000,0,14.1273,46.7988,988.5769,517.6878,470.8891,16.3124,-2.8846,65.9958,1000.0000
21.697,1,0,learned,-4.4923,27.7852,0.1114,0.9447,0.0759,0.9478,0.4433,0.9066,2.8255,0.7384,1.0058,14.9260,0.7952,3.0000,0.0000,0.0000,0,14.1273,15.3591,990.8677,503.1134,487.7543,15.8065,-3.3806,34.5462,1000.0000
21.747,1,0,learned,-4.4174,27.7836,0.1308,1.0438,0.0547,1.0452,0.4788,0.9169,2.8255,0.6743,1.0058,14.8842,0.7862,3.0000,0.0000,0.0000,0,14.1273,113.5346,981.1877,547.3612,433.8265,15.2914,-3.8353,132.6614,992.6438
21.797,1,0,learned,-4.3411,27.7819,0.1478,1.1530,0.0367,1.1535,0.4870,0.9272,2.8255,0.6089,1.0058,14.8420,0.7794,3.0000,0.0000,0.0000,0,14.1273,69.6183,987.2005,528.4094,458.7911,14.7208,-4.1111,88.4502,997.8102
21.847,1,0,learned,-4.3411,27.7819,0.1568,1.1530,0.0367,1.1535,0.4938,0.9272,2.8255,0.6089,1.0058,14.8420,0.7704,3.0000,0.0000,0.0000,0,14.1273,-39.9443,981.7417,470.8987,510.8430,14.7450,-4.1908,-21.0086,992.2959
21.897,1,0,learned,-4.2542,27.7799,0.1803,1.2568,0.0216,1.2570,0.5282,0.9381,2.8255,0.5344,1.0058,14.7943,0.7578,3.0000,0.0000,0.0000,0,14.1273,-149.6799,990.2427,420.2814,569.9613,14.2230,-4.6637,-130.7931,999.8021
21.947,1,0,learned,-4.1673,27.7779,0.1950,1.3674,0.0089,1.3674,0.5235,0.9487,2.8255,0.4600,1.0058,14.7470,0.7537,3.0000,0.0000,0.0000,0,14.1273,-230.7000,990.0577,379.6789,610.3788,13.6341,-4.8276,-212.2382,998.8641
21.997,1,0,learned,-4.1673,27.7779,0.2154,1.3674,0.0089,1.3674,0.5737,0.9487,2.8255,0.4600,1.0058,14.7470,0.7333,3.0000,0.0000,0.0000,0,14.1273,-146.0260,990.0177,421.9959,568.0219,13.6607,-5.2442,-127.1211,998.4343
22.047,1,0,learned,-4.0710,27.7752,0.2424,1.4642,-0.0032,1.4642,0.5985,0.9598,2.8255,0.3772,1.0058,14.6954,0.7174,3.0000,0.0000,0.0000,0,14.1273,-37.2854,987.4579,475.0863,512.3716,13.1370,-5.6524,-18.4960,994.9425
22.097,1,0,learned,-3.9779,27.7723,0.2592,1.5596,-0.0148,1.5597,0.6178,0.9702,2.8255,0.2969,1.0058,14.6462,0.7111,3.0000,0.0000,0.0000,0,14.1273,61.2765,977.3711,519.3238,458.0473,12.6027,-5.9713,79.8505,984.0025
22.147,1,0,learned,-3.8769,27.7691,0.2886,1.6360,-0.0239,1.6362,0.6415,0.9810,2.8255,0.2100,1.0058,14.5933,0.6924,3.0000,0.0000,0.0000,0,14.1273,0.1968,974.6028,487.3998,487.2030,12.2217,-6.3762,18.7947,980.4483
22.197,1,0,learned,-3.7798,27.7668,0.3067,1.7134,-0.0286,1.7137,0.6252,0.9910,2.8255,0.1267,1.0058,14.5422,0.6844,3.0000,0.0000,0.0000,0,14.1273,-55.4616,972.2385,458.3885,513.8501,11.8058,-6.4520,-37.2038,977.5923
22.247,1,0,learned,-3.7798,27.7668,0.3315,1.7134,-0.0286,1.7137,0.6405,0.9910,2.8255,0.1267,1.0058,14.5422,0.6596,3.0000,0.0000,0.0000,0,14.1273,-75.3733,984.4619,454.5443,529.9176,11.8495,-6.6537,-56.8701,989.6577
22.296,1,0,learned,-3.6746,27.7656,0.3632,1.7753,-0.0278,1.7755,0.6542,1.0015,2.8255,0.0372,1.0058,14.4865,0.6383,3.0000,0.0000,0.0000,0,14.1273,-114.6011,971.5574,428.4781,543.0793,11.5510,-7.0001,-96.0501,976.1082
22.347,1,0,learned,-3.5737,27.7650,0.3825,1.8404,-0.0247,1.8406,0.6625,1.0113,2.8255,-0.0483,1.0058,14.4330,0.6288,3.0000,0.0000,0.0000,0,14.1273,-147.9354,973.9731,413.0189,560.9543,11.2179,-7.2528,-129.4646,977.9382
22.397,1,0,learned,-3.4652,27.7648,0.4087,1.8900,-0.0205,1.8901,0.6763,1.0217,2.8255,-0.1401,1.0058,14.3757,0.6130,3.0000,0.0000,0.0000,0,14.1273,-38.6928,971.3326,466.3199,505.0127,10.9496,-7.5888,-20.1545,974.6935
22.447,1,0,learned,-3.3615,27.7649,0.4421,1.9438,-0.0160,1.9439,0.6773,1.0313,2.8255,-0.2276,1.0058,14.3212,0.5892,3.0000,0.0000,0.0000,0,14.1273,-5.3725,981.5083,488.0679,493.4404,10.6819,-7.8518,13.1612,984.3385
22.497,1,0,learned,-3.2501,27.7655,0.4693,1.9835,-0.0106,1.9836,0.7043,1.0416,2.8255,-0.3214,1.0058,14.2629,0.5723,3.0000,0.0000,0.0000,0,14.1273,24.1933,995.9930,510.0931,485.8999,10.4979,-8.2933,42.9844,998.1976
22.547,1,0,learned,-3.1434,27.7670,0.5038,2.0314,-0.0021,2.0314,0.7013,1.0512,2.8255,-0.4106,1.0058,14.2068,0.5474,3.0000,0.0000,0.0000,0,14.1273,-55.6408,988.5292,466.4442,522.0850,10.2980,-8.5316,-36.8112,990.2955
22.596,1,0,learned,-3.1434,27.7670,0.5247,2.0314,-0.0021,2.0314,0.6983,1.0512,2.8255,-0.4106,1.0058,14.2068,0.5264,3.0000,0.0000,0.0000,0,14.1273,48.0851,968.0454,508.0652,459.9802,10.3007,-8.5921,66.9778,969.7541
22.646,1,0,learned,-3.0280,27.7703,0.5598,2.0689,0.0111,2.0690,0.7185,1.0614,2.8255,-0.5063,1.0058,14.1453,0.5016,3.0000,0.0000,0.0000,0,14.1273,83.0313,977.4738,530.2526,447.2213,10.1417,-9.0239,102.1970,978.5916
22.697,1,0,learned,-2.9172,27.7750,0.5810,2.1170,0.0283,2.1172,0.7290,1.0708,2.8255,-0.5974,1.0058,14.0856,0.4898,3.0000,0.0000,0.0000,0,14.1273,10.2734,986.7979,498.5357,488.2623,9.9330,-9.3167,29.5231,987.4141
22.747,1,0,learned,-2.7976,27.7825,0.6164,2.1535,0.0516,2.1541,0.7050,1.0809,2.8255,-0.6944,1.0058,14.0198,0.4645,3.0000,0.0000,0.0000,0,14.1273,47.1173,991.7282,519.4228,472.3055,9.7632,-9.4382,66.3187,992.0532
22.797,1,0,learned,-2.7976,27.7825,0.6378,2.1535,0.0516,2.1541,0.7208,1.0809,2.8255,-0.6944,1.0058,14.0198,0.4431,3.0000,0.0000,0.0000,0,14.1273,-19.5456,995.1605,487.8074,507.3530,9.8275,-9.6299,-0.0882,995.3581
22.847,1,0,learned,-2.6830,27.7923,0.6591,2.2003,0.0821,2.2018,0.6957,1.0901,2.8255,-0.7859,1.0058,13.9551,0.4310,3.0000,0.0000,0.0000,0,14.1273,-45.8269,989.7401,471.9566,517.7835,9.6013,-9.6685,-26.5572,989.6729
22.896,1,0,learned,-2.5596,27.8058,0.6875,2.2348,0.1175,2.2378,0.7113,1.0999,2.8255,-0.8829,1.0058,13.8836,0.4124,3.0000,0.0000,0.0000,0,14.1273,5.2603,977.5742,491.4172,486.1570,9.4520,-10.0500,24.7622,976.9762
22.947,1,0,learned,-2.4419,27.8211,0.7161,2.2783,0.1579,2.2838,0.7243,1.1088,2.8255,-0.9741,1.0058,13.8139,0.3927,3.0000,0.0000,0.0000,0,14.1273,-47.7110,969.0129,460.6509,508.3619,9.2876,-10.3878,-28.0356,967.9126
22.997,1,0,learned,-2.4419,27.8211,0.7447,2.2783,0.1579,2.2838,0.7238,1.1088,2.8255,-0.9741,1.0058,13.8139,0.3641,3.0000,0.0000,0.0000,0,14.1273,61.6555,990.9549,526.3052,464.6497,9.3038,-10.5064,81.4657,989.7523
23.046,1,0,learned,-2.3160,27.8404,0.7734,2.3070,0.2007,2.3157,0.7210,1.1183,2.8255,-1.0702,1.0058,13.7375,0.3449,3.0000,0.0000,0.0000,0,14.1273,171.6555,992.1349,581.8952,410.2397,9.1562,-10.7648,191.5765,990.5262
23.097,1,0,learned,-2.1965,27.8614,0.8096,2.3434,0.2477,2.3564,0.7183,1.1269,2.8255,-1.1599,1.0058,13.6635,0.3173,3.0000,0.0000,0.0000,0,14.1273,188.7308,976.8302,582.7805,394.0497,9.0123,-11.0224,208.7655,974.8201
23.146,1,0,learned,-2.0692,27.8868,0.8385,2.3644,0.2960,2.3829,0.7185,1.1360,2.8255,-1.2538,1.0058,13.5825,0.2975,3.0000,0.0000,0.0000,0,14.1273,192.7733,985.9683,589.3708,396.5975,8.9374,-11.2942,213.0049,983.6115
23.197,1,0,learned,-1.9485,27.9142,0.8600,2.3945,0.3511,2.4201,0.6950,1.1442,2.8255,-1.3411,1.0058,13.5035,0.2842,3.0000,0.0000,0.0000,0,14.1273,184.7605,975.2432,580.0018,395.2414,8.7918,-11.3394,204.8916,972.6956
23.246,1,0,learned,-1.9485,27.9142,0.8887,2.3945,0.3511,2.4201,0.6937,1.1442,2.8255,-1.3411,1.0058,13.5035,0.2555,3.0000,0.0000,0.0000,0,14.1273,273.2821,994.5844,633.9332,360.6511,8.8146,-11.4512,293.5479,991.9478
23.296,1,0,learned,-1.8197,27.9473,0.9172,2.4110,0.4080,2.4452,0.6803,1.1529,2.8255,-1.4321,1.0058,13.4165,0.2357,3.0000,0.0000,0.0000,0,14.1273,244.2275,989.8926,617.0601,372.8325,8.7601,-11.6085,264.5962,987.0442
23.347,1,0,learned,-1.6979,27.9820,0.9454,2.4364,0.4712,2.4815,0.6970,1.1605,2.8255,-1.5164,1.0058,13.3318,0.2151,3.0000,0.0000,0.0000,0,14.1273,346.6360,991.2037,668.9198,322.2839,8.6240,-11.9783,367.2382,987.8494
23.402,1,0,learned,-1.5683,28.0231,0.9665,2.4474,0.5350,2.5052,0.6893,1.1687,2.8255,-1.6038,1.0058,13.2387,0.2022,3.0000,0.0000,0.0000,0,14.1273,432.3866,977.5889,704.9878,272.6012,8.5329,-12.1519,453.0714,973.9700
23.447,1,0,learned,-1.4461,28.0660,1.0010,2.4673,0.6068,2.5408,0.6745,1.1758,2.8255,-1.6841,1.0058,13.1478,0.1748,3.0000,0.0000,0.0000,0,14.1273,377.9691,985.5988,681.7840,303.8149,8.4624,-12.2877,398.7191,981.7735
23.497,1,0,learned,-1.4461,28.0660,1.0216,2.4673,0.6068,2.5408,0.6753,1.1758,2.8255,-1.6841,1.0058,13.1478,0.1542,3.0000,0.0000,0.0000,0,14.1273,388.1339,989.2520,688.6930,300.5591,8.4992,-12.3709,409.0040,985.3802
23.547,1,0,learned,-1.3164,28.1169,1.0485,2.4726,0.6810,2.5647,0.6552,1.1833,2.8255,-1.7664,1.0058,13.0472,0.1348,3.0000,0.0000,0.0000,0,14.1273,496.9963,974.7157,735.8560,238.8597,8.4144,-12.4669,517.8776,970.6633
23.597,1,0,learned,-1.1944,28.1699,1.0750,2.4864,0.7656,2.6016,0.6250,1.1896,2.8255,-1.8411,1.0058,12.9486,0.1147,3.0000,0.0000,0.0000,0,14.1273,576.0251,984.7757,780.4004,204.3753,8.2784,-12.4666,596.7701,980.5875
23.647,1,0,learned,-1.0654,28.2318,1.1010,2.4851,0.8505,2.6266,0.6312,1.1963,2.8255,-1.9169,1.0058,12.8396,0.0954,3.0000,0.0000,0.0000,0,14.1273,481.3302,989.6817,735.5060,254.1758,8.2847,-12.7016,502.3166,985.2648
23.700,1,0,learned,-0.9444,28.2957,1.1326,2.4922,0.9468,2.6660,0.5917,1.2018,2.8255,-1.9848,1.0058,12.7326,0.0691,3.0000,0.0000,0.0000,0,14.1273,422.8367,993.9740,708.4054,285.5686,8.2080,-12.6066,443.6513,989.5754
23.747,1,0,learned,-0.9444,28.2957,1.1451,2.4922,0.9468,2.6660,0.5837,1.2018,2.8255,-1.9848,1.0058,12.7326,0.0567,3.0000,0.0000,0.0000,0,14.1273,530.3131,976.8752,753.5942,223.2810,8.1892,-12.6098,551.1122,972.4546
23.797,1,0,learned,-0.8168,28.3698,1.1816,2.4847,1.0425,2.6945,0.5770,1.2075,2.8255,-2.0529,1.0058,12.6142,0.0259,3.0000,0.0000,0.0000,0,14.1273,539.7931,996.7296,768.2613,228.4682,8.1658,-12.7874,560.7462,992.1079
23.847,1,0,learned,-0.6973,28.4449,1.1995,2.4856,1.1466,2.7373,0.5743,1.2120,2.8255,-2.1137,1.0058,12.4987,0.0125,3.0000,0.0000,0.0000,0,14.1273,540.0544,991.3647,765.7096,225.6552,8.0538,-12.8852,560.9934,986.5333
23.896,1,0,learned,-0.5717,28.5302,1.2287,2.4716,1.2455,2.7677,0.5675,1.2168,2.8255,-2.1741,1.0058,12.3719,-0.0119,3.0000,0.0000,0.0000,0,14.1273,590.2621,984.7144,787.4883,197.2262,8.0016,-13.0082,611.2719,979.7078
23.947,1,0,learned,-0.4545,28.6158,1.2516,2.4655,1.3533,2.8125,0.5340,1.2204,2.8255,-2.2272,1.0058,12.2484,-0.0312,3.0000,0.0000,0.0000,0,14.1273,644.4913,997.7189,821.1051,176.6138,7.8647,-12.9068,665.2629,992.6768
23.997,1,0,learned,-0.4545,28.6158,1.2686,2.4655,1.3533,2.8125,0.5470,1.2204,2.8255,-2.2272,1.0058,12.2484,-0.0482,3.0000,0.0000,0.0000,0,14.1273,632.4391,992.9764,812.7077,180.2687,7.9072,-13.0525,653.3988,987.8311
24.046,1,0,learned,-0.3319,28.7124,1.2961,2.4441,1.4539,2.8438,0.5335,1.2243,2.8255,-2.2791,1.0058,12.1134,-0.0719,3.0000,0.0000,0.0000,0,14.1273,529.6926,997.0038,763.3482,233.6556,7.9090,-13.0625,550.6641,991.8504
24.097,1,0,learned,-0.2181,28.8084,1.3124,2.4292,1.5633,2.8887,0.5220,1.2270,2.8255,-2.3237,1.0058,11.9825,-0.0854,3.0000,0.0000,0.0000,0,14.1273,599.9197,996.4322,798.1760,198.2562,7.7704,-13.0632,620.7534,991.1394
24.147,1,0,learned,-0.0998,28.9156,1.3336,2.3985,1.6627,2.9184,0.5148,1.2300,2.8255,-2.3663,1.0058,11.8401,-0.1036,3.0000,0.0000,0.0000,0,14.1273,693.5252,983.0786,838.3019,144.7767,7.7012,-13.1138,714.3402,977.6661
24.197,1,0,learned,-0.0998,28.9156,1.3544,2.3985,1.6627,2.9184,0.4988,1.2300,2.8255,-2.3663,1.0058,11.8401,-0.1245,3.0000,0.0000,0.0000,0,14.1273,766.9815,991.5898,879.2857,112.3042,7.7049,-13.1070,787.7934,986.1877
24.247,1,0,learned,0.0093,29.0206,1.3749,2.3736,1.7680,2.9597,0.4785,1.2320,2.8255,-2.4023,1.0058,11.7032,-0.1429,3.0000,0.0000,0.0000,0,14.1273,828.4455,993.2877,910.8666,82.4211,7.5927,-13.0464,849.0847,987.8341
24.297,1,0,learned,0.1223,29.1366,1.3899,2.3334,1.8605,2.9844,0.4657,1.2342,2.8255,-2.4356,1.0058,11.5552,-0.1557,3.0000,0.0000,0.0000,0,14.1273,785.0440,992.3590,888.7015,103.6575,7.5841,-12.9859,805.6140,986.9572
24.347,1,0,learned,0.2260,29.2504,1.4145,2.2987,1.9624,3.0224,0.4363,1.2354,2.8255,-2.4622,1.0058,11.4128,-0.1790,3.0000,0.0000,0.0000,0,14.1273,858.7518,991.9028,925.3273,66.5755,7.4875,-12.8626,879.1019,986.5278
24.397,1,0,learned,0.2260,29.2504,1.4287,2.2987,1.9624,3.0224,0.4405,1.2354,2.8255,-2.4622,1.0058,11.4128,-0.1932,3.0000,0.0000,0.0000,0,14.1273,827.4845,982.4742,904.9794,77.4948,7.5258,-12.9261,847.9364,977.0739
24.447,1,0,learned,0.3328,29.3759,1.4471,2.2497,2.0526,3.0454,0.4228,1.2368,2.8255,-2.4852,1.0058,11.2585,-0.2104,3.0000,0.0000,0.0000,0,14.1273,857.5915,988.6665,923.1290,65.5375,7.5021,-12.8503,877.9440,983.3182
24.497,1,0,learned,0.4305,29.4983,1.4694,2.2069,2.1523,3.0826,0.4175,1.2371,2.8255,-2.5022,1.0058,11.1105,-0.2323,3.0000,0.0000,0.0000,0,14.1273,826.5267,993.2869,909.9068,83.3801,7.4522,-12.8293,846.8081,987.9098
24.547,1,0,learned,0.5309,29.6325,1.4823,2.1518,2.2378,3.1045,0.3945,1.2376,2.8255,-2.5152,1.0058,10.9508,-0.2447,3.0000,0.0000,0.0000,0,14.1273,854.6961,996.6483,925.6722,70.9761,7.4225,-12.6759,874.7946,991.3949
24.597,1,0,learned,0.6226,29.7626,1.5030,2.1035,2.3324,3.1408,0.3852,1.2371,2.8255,-2.5230,1.0058,10.7979,-0.2659,3.0000,0.0000,0.0000,0,14.1273,876.1608,995.2933,935.7271,59.5663,7.3525,-12.6208,896.1342,990.0250
24.646,1,0,learned,0.6226,29.7626,1.5150,2.1035,2.3324,3.1408,0.3673,1.2371,2.8255,-2.5230,1.0058,10.7979,-0.2779,3.0000,0.0000,0.0000,0,14.1273,928.9657,990.8233,959.8945,30.9288,7.3478,-12.5623,948.8758,985.6087
24.697,1,0,learned,0.7166,29.9044,1.5345,2.0443,2.4112,3.1612,0.3690,1.2368,2.8255,-2.5265,1.0058,10.6334,-0.2976,3.0000,0.0000,0.0000,0,14.1273,866.4765,993.3802,929.9283,63.4518,7.3731,-12.5471,886.3967,988.2061
24.747,1,0,learned,0.8022,30.0413,1.5420,1.9919,2.4996,3.1962,0.3443,1.2356,2.8255,-2.5254,1.0058,10.4764,-0.3064,3.0000,0.0000,0.0000,0,14.1273,896.7469,991.4844,944.1156,47.3687,7.2774,-12.3309,916.3552,986.4308
24.797,1,0,learned,0.8894,30.1902,1.5602,1.9290,2.5725,3.2153,0.3105,1.2345,2.8255,-2.5193,1.0058,10.3076,-0.3257,3.0000,0.0000,0.0000,0,14.1273,927.3237,986.9388,957.1312,29.8076,7.2612,-12.0931,946.6780,982.1069
24.847,1,0,learned,0.9683,30.3336,1.5743,1.8721,2.6553,3.2489,0.3282,1.2326,2.8255,-2.5092,1.0058,10.1468,-0.3417,3.0000,0.0000,0.0000,0,14.1273,937.8207,969.5321,953.6764,15.8557,7.1977,-12.1498,957.1682,964.5801
24.897,1,0,learned,0.9683,30.3336,1.5812,1.8721,2.6553,3.2489,0.3118,1.2326,2.8255,-2.5092,1.0058,10.1468,-0.3486,3.0000,0.0000,0.0000,0,14.1273,972.8160,920.7845,946.8002,-26.0158,7.1927,-12.0399,992.0486,915.9373
24.947,1,0,learned,1.0484,30.4888,1.5979,1.8056,2.7213,3.2658,0.2943,1.2307,2.8255,-2.4937,1.0058,9.9744,-0.3672,3.0000,0.0000,0.0000,0,14.1273,944.9879,991.7854,968.3867,23.3988,7.2031,-11.9318,964.1228,987.0568
24.997,1,0,learned,1.1204,30.6378,1.6075,1.7445,2.7979,3.2972,0.2800,1.2282,2.8255,-2.4748,1.0058,9.8105,-0.3793,3.0000,0.0000,0.0000,0,14.1273,975.0395,966.3778,970.7086,-4.3309,7.1235,-11.7533,993.9163,961.7480
25.047,1,0,learned,1.1204,30.6378,1.6199,1.7445,2.7979,3.2972,0.2637,1.2282,2.8255,-2.4748,1.0058,9.8105,-0.3917,3.0000,0.0000,0.0000,0,14.1273,978.3051,978.3932,978.3491,0.0441,7.1360,-11.7043,997.1453,973.8248
25.097,1,0,learned,1.1930,30.7985,1.6347,1.6749,2.8563,3.3112,0.2535,1.2256,2.8255,-2.4501,1.0058,9.6354,-0.4091,3.0000,0.0000,0.0000,0,14.1273,984.5569,992.4328,988.4948,3.9379,7.1440,-11.5936,1000.0000,987.9831
25.147,1,0,learned,1.2581,30.9522,1.6404,1.6112,2.9253,3.3397,0.2572,1.2224,2.8255,-2.4228,1.0058,9.4692,-0.4180,3.0000,0.0000,0.0000,0,14.1273,967.0354,938.8123,952.9239,-14.1115,7.0853,-11.4694,985.5900,934.4282
25.197,1,0,learned,1.3236,31.1174,1.6541,1.5408,2.9757,3.3509,0.2490,1.2192,2.8255,-2.3896,1.0058,9.2920,-0.4349,3.0000,0.0000,0.0000,0,14.1273,984.3040,962.4690,973.3865,-10.9175,7.0967,-11.3745,1000.0000,958.1912
25.246,1,0,learned,1.3821,31.2748,1.6646,1.4765,3.0366,3.3765,0.2275,1.2155,2.8255,-2.3548,1.0058,9.1242,-0.4491,3.0000,0.0000,0.0000,0,14.1273,962.1620,862.2987,912.2303,-49.9317,7.0460,-11.0544,980.2624,858.2903
25.297,1,0,learned,1.3821,31.2748,1.6696,1.4765,3.0366,3.3765,0.2457,1.2155,2.8255,-2.3548,1.0058,9.1242,-0.4541,3.0000,0.0000,0.0000,0,14.1273,970.7274,784.1457,877.4365,-93.2908,7.0527,-11.1290,988.9090,780.0693
25.347,1,0,learned,1.4408,31.4433,1.6841,1.4070,3.0772,3.3836,0.1845,1.2118,2.8255,-2.3142,1.0058,8.9459,-0.4723,3.0000,0.0000,0.0000,0,14.1273,959.6536,883.6191,921.6363,-38.0173,7.0770,-10.7366,977.4672,879.9595
25.397,1,0,learned,1.4931,31.6028,1.6887,1.3434,3.1262,3.4026,0.2097,1.2077,2.8255,-2.2729,1.0058,8.7781,-0.4810,3.0000,0.0000,0.0000,0,14.1273,969.0969,853.7780,911.4375,-57.6595,7.0428,-10.7793,986.9190,850.0414
25.447,1,0,learned,1.5452,31.7720,1.6995,1.2750,3.1520,3.4001,0.1653,1.2037,2.8255,-2.2263,1.0058,8.6010,-0.4958,3.0000,0.0000,0.0000,0,14.1273,974.6940,793.3416,884.0178,-90.6762,7.0964,-10.3483,992.1386,790.0898
25.497,1,0,learned,1.5913,31.9318,1.7095,1.2121,3.1872,3.4098,0.1655,1.1995,2.8255,-2.1797,1.0058,8.4348,-0.5100,3.0000,0.0000,0.0000,0,14.1273,974.1140,700.8125,837.4633,-136.6508,7.0995,-10.1871,991.4007,697.7249
25.548,1,0,learned,1.5913,31.9318,1.7132,1.2121,3.1872,3.4098,0.1393,1.1995,2.8255,-2.1797,1.0058,8.4348,-0.5138,3.0000,0.0000,0.0000,0,14.1273,983.4524,718.1134,850.7829,-132.6695,7.0977,-10.0456,1000.0000,715.1655
25.597,1,0,learned,1.6369,32.1011,1.7220,1.1451,3.2008,3.3995,0.1360,1.1952,2.8255,-2.1276,1.0058,8.2596,-0.5268,3.0000,0.0000,0.0000,0,14.1273,983.2000,727.5084,855.3542,-127.8458,7.1920,-9.9340,1000.0000,724.7664
25.647,1,0,learned,1.6769,32.2598,1.7267,1.0827,3.2222,3.3992,0.1168,1.1907,2.8255,-2.0764,1.0058,8.0962,-0.5359,3.0000,0.0000,0.0000,0,14.1273,985.5708,699.6154,842.5931,-142.9777,7.2280,-9.6757,1000.0000,697.1676
25.697,1,0,learned,1.6769,32.2598,1.7311,1.0827,3.2222,3.3992,0.1145,1.1907,2.8255,-2.0764,1.0058,8.0962,-0.5403,3.0000,0.0000,0.0000,0,14.1273,971.0668,711.4039,841.2354,-129.8314,7.2366,-9.6810,987.9845,708.9595
25.747,1,0,learned,1.7161,32.4273,1.7374,1.0170,3.2221,3.3788,0.0853,1.1863,2.8255,-2.0198,1.0058,7.9246,-0.5511,3.0000,0.0000,0.0000,0,14.1273,975.5616,658.4251,816.9933,-158.5682,7.3636,-9.3298,992.2550,656.4589
25.798,1,0,learned,1.7502,32.5844,1.7396,0.9558,3.2320,3.3704,0.0808,1.1817,2.8255,-1.9645,1.0058,7.7646,-0.5579,3.0000,0.0000,0.0000,0,14.1273,992.4309,632.7307,812.5808,-179.8501,7.4307,-9.1631,1000.0000,630.9983
25.847,1,0,learned,1.7834,32.7500,1.7444,0.8925,3.2225,3.3438,0.0573,1.1770,2.8255,-1.9039,1.0058,7.5968,-0.5675,3.0000,0.0000,0.0000,0,14.1273,979.9069,604.3575,792.1322,-187.7747,7.5903,-8.8487,996.3459,603.0991
25.896,1,0,learned,1.7834,32.7500,1.7474,0.8925,3.2225,3.3438,0.0267,1.1770,2.8255,-1.9039,1.0058,7.5968,-0.5705,3.0000,0.0000,0.0000,0,14.1273,973.4954,593.0807,783.2881,-190.2073,7.5901,-8.6436,989.7291,592.0272
25.947,1,0,learned,1.8122,32.9049,1.7492,0.8339,3.2237,3.3298,0.0088,1.1721,2.8255,-1.8453,1.0058,7.4405,-0.5771,3.0000,0.0000,0.0000,0,14.1273,984.6250,546.7443,765.6847,-218.9404,7.6800,-8.3595,1000.0000,546.0648
25.997,1,0,learned,1.8400,33.0680,1.7509,0.7740,3.2061,3.2982,0.0005,1.1671,2.8255,-1.7814,1.0058,7.2769,-0.5838,3.0000,0.0000,0.0000,0,14.1273,969.3792,581.3224,775.3508,-194.0284,7.8690,-8.1695,985.4177,581.0219
26.047,1,0,learned,1.8638,33.2204,1.7518,0.7183,3.1997,3.2794,-0.0370,1.1620,2.8255,-1.7200,1.0058,7.1248,-0.5897,3.0000,0.0000,0.0000,0,14.1273,960.4326,556.7950,758.6138,-201.8188,7.9850,-7.7489,976.1665,557.0310
26.097,1,0,learned,1.8638,33.2204,1.7519,0.7183,3.1997,3.2794,-0.0325,1.1620,2.8255,-1.7200,1.0058,7.1248,-0.5898,3.0000,0.0000,0.0000,0,14.1273,977.8865,486.2503,732.0684,-245.8181,7.9754,-7.7392,993.6011,486.4864
26.147,1,0,learned,1.8865,33.3806,1.7512,0.6620,3.1761,3.2444,-0.0777,1.1568,2.8255,-1.6533,1.0058,6.9656,-0.5944,3.0000,0.0000,0.0000,0,14.1273,975.4955,471.3753,723.4354,-252.0601,8.1691,-7.2488,990.9135,472.2956
26.197,1,0,learned,1.9057,33.5304,1.7501,0.6095,3.1649,3.2230,-0.1003,1.1515,2.8255,-1.5894,1.0058,6.8176,-0.5986,3.0000,0.0000,0.0000,0,14.1273,974.9878,475.9677,725.4777,-249.5101,8.2996,-6.9356,990.2230,477.3316
26.247,1,0,learned,1.9237,33.6876,1.7474,0.5567,3.1368,3.1858,-0.1103,1.1459,2.8255,-1.5203,1.0058,6.6631,-0.6014,3.0000,0.0000,0.0000,0,14.1273,981.1377,479.0549,730.0963,-251.0414,8.5095,-6.6765,996.3237,480.8879
26.297,1,0,learned,1.9237,33.6876,1.7450,0.5567,3.1368,3.1858,-0.1255,1.1459,2.8255,-1.5203,1.0058,6.6631,-0.5991,3.0000,0.0000,0.0000,0,14.1273,979.7420,469.7528,724.7474,-254.9946,8.5048,-6.5580,994.8048,471.6996
26.347,1,0,learned,1.9385,33.8343,1.7423,0.5071,3.1204,3.1613,-0.1338,1.1404,2.8255,-1.4543,1.0058,6.5199,-0.6019,3.0000,0.0000,0.0000,0,14.1273,969.7955,375.2193,672.5074,-297.2881,8.6419,-6.2682,984.7056,377.5930
26.396,1,0,learned,1.9519,33.9882,1.7365,0.4575,3.0885,3.1222,-0.1573,1.1346,2.8255,-1.3833,1.0058,6.3703,-0.6020,3.0000,0.0000,0.0000,0,14.1273,979.9166,404.8846,692.4006,-287.5160,8.8626,-5.9096,994.6888,407.8377
26.446,1,0,learned,1.9627,34.1320,1.7325,0.4108,3.0698,3.0972,-0.1938,1.1287,2.8255,-1.3154,1.0058,6.2316,-0.6038,3.0000,0.0000,0.0000,0,14.1273,969.5896,326.9583,648.2740,-321.3157,9.0016,-5.4279,984.0191,330.5321
26.497,1,0,learned,1.9627,34.1320,1.7263,0.4108,3.0698,3.0972,-0.2152,1.1287,2.8255,-1.3154,1.0058,6.2316,-0.5976,3.0000,0.0000,0.0000,0,14.1273,972.8600,411.8858,692.3729,-280.4871,9.0049,-5.2964,987.1612,415.5943
26.547,1,0,learned,1.9721,34.2828,1.7174,0.3648,3.0358,3.0577,-0.2590,1.1226,2.8255,-1.2426,1.0058,6.0869,-0.5947,3.0000,0.0000,0.0000,0,14.1273,957.6278,385.0173,671.3226,-286.3052,9.2236,-4.7422,971.5935,389.4988
26.597,1,0,learned,1.9792,34.4233,1.7114,0.3216,3.0143,3.0314,-0.2380,1.1166,2.8255,-1.1734,1.0058,5.9530,-0.5948,3.0000,0.0000,0.0000,0,14.1273,972.6966,316.1483,644.4225,-328.2742,9.3702,-4.6515,986.7183,320.8670
26.647,1,0,learned,1.9851,34.5708,1.7003,0.2797,2.9787,2.9918,-0.2807,1.1102,2.8255,-1.0993,1.0058,5.8134,-0.5900,3.0000,0.0000,0.0000,0,14.1273,977.7636,363.3541,670.5589,-307.2047,9.5989,-4.1185,991.4810,368.8345
26.697,1,0,learned,1.9892,34.7086,1.6931,0.2408,2.9569,2.9667,-0.2930,1.1040,2.8255,-1.0290,1.0058,5.6839,-0.5891,3.0000,0.0000,0.0000,0,14.1273,975.3326,378.7986,677.0656,-298.2670,9.7548,-3.8170,988.9043,384.7365
26.747,1,0,learned,1.9892,34.7086,1.6827,0.2408,2.9569,2.9667,-0.2960,1.1040,2.8255,-1.0290,1.0058,5.6839,-0.5788,3.0000,0.0000,0.0000,0,14.1273,971.9378,397.0404,684.4891,-287.4487,9.7474,-3.7620,985.4472,403.0259
26.797,1,0,learned,1.9920,34.8533,1.6716,0.2036,2.9220,2.9290,-0.3035,1.0973,2.8255,-0.9540,1.0058,5.5489,-0.5743,3.0000,0.0000,0.0000,0,14.1273,963.9467,300.9167,632.4317,-331.5150,9.9513,-3.4211,977.3190,307.4469
26.847,1,0,learned,1.9935,34.9886,1.6598,0.1690,2.9015,2.9064,-0.3470,1.0908,2.8255,-0.8828,1.0058,5.4235,-0.5690,3.0000,0.0000,0.0000,0,14.1273,966.9017,303.8337,635.3677,-331.5340,10.0883,-2.8830,979.8731,311.0390
26.897,1,0,learned,1.9938,35.1312,1.6473,0.1365,2.8699,2.8731,-0.3570,1.0839,2.8255,-0.8067,1.0058,5.2924,-0.5634,3.0000,0.0000,0.0000,0,14.1273,966.8165,306.1236,636.4701,-330.3464,10.2870,-2.5469,979.6504,313.8637
26.947,1,0,learned,1.9931,35.2646,1.6342,0.1061,2.8516,2.8536,-0.3660,1.0771,2.8255,-0.7346,1.0058,5.1707,-0.5570,3.0000,0.0000,0.0000,0,14.1273,982.3106,274.3025,628.3065,-354.0040,10.4027,-2.2365,994.9498,282.4686
26.997,1,0,learned,1.9931,35.2646,1.6204,0.1061,2.8516,2.8536,-0.4012,1.0771,2.8255,-0.7346,1.0058,5.1707,-0.5432,3.0000,0.0000,0.0000,0,14.1273,968.2082,238.8891,603.5486,-364.6595,10.3831,-1.9357,980.5269,247.3364
27.047,1,0,learned,1.9912,35.4050,1.6022,0.0776,2.8213,2.8224,-0.4168,1.0700,2.8255,-0.6579,1.0058,5.0438,-0.5322,3.0000,0.0000,0.0000,0,14.1273,970.0714,190.7923,580.4318,-389.6395,10.5580,-1.5347,982.1641,199.8156
27.097,1,0,learned,1.9885,35.5365,1.5909,0.0507,2.8050,2.8055,-0.4185,1.0631,2.7836,-0.5851,1.0058,4.9260,-0.5278,3.0000,0.0000,0.0000,0,14.1273,971.2290,214.6891,592.9591,-378.2699,10.3927,-1.4086,983.0303,223.6732
27.147,1,0,learned,1.9846,35.6751,1.5711,0.0258,2.7769,2.7771,-0.4308,1.0557,2.7142,-0.5077,1.0058,4.8030,-0.5154,3.0000,0.0000,0.0000,0,14.1273,961.5887,190.0403,575.8145,-385.7742,10.0854,-1.2192,972.8933,198.9065
27.197,1,0,learned,1.9801,35.8047,1.5588,0.0020,2.7613,2.7613,-0.4348,1.0486,2.6499,-0.4346,1.0058,4.6893,-0.5102,3.0000,0.0000,0.0000,0,14.1273,977.4600,205.9849,591.7224,-385.7375,9.7487,-1.1275,988.3362,214.6061
27.247,1,0,learned,1.9801,35.8047,1.5418,0.0020,2.7613,2.7613,-0.4682,1.0486,2.6499,-0.4346,1.0058,4.6893,-0.4931,3.0000,0.0000,0.0000,0,14.1273,969.7571,206.3361,588.0466,-381.7105,9.7319,-0.8138,980.3027,215.2543
27.297,1,0,learned,1.9746,35.9411,1.5241,-0.0197,2.7337,2.7338,-0.4843,1.0411,2.5829,-0.3569,1.0058,4.5708,-0.4830,3.0000,0.0000,0.0000,0,14.1273,986.8180,282.9302,634.8741,-351.9439,9.4435,-0.5676,996.8291,291.8062
27.347,1,0,learned,1.9688,36.0688,1.5058,-0.0401,2.7191,2.7194,-0.4798,1.0339,2.5210,-0.2836,1.0058,4.4611,-0.4719,3.0000,0.0000,0.0000,0,14.1273,971.4185,208.4475,589.9330,-381.4855,9.0890,-0.4993,981.0069,217.0372
27.397,1,0,learned,1.9621,36.2035,1.4870,-0.0578,2.6935,2.6941,-0.5110,1.0263,2.4563,-0.2058,1.0058,4.3468,-0.4607,3.0000,0.0000,0.0000,0,14.1273,963.8122,202.5386,583.1754,-380.6368,8.7829,-0.1242,972.7193,211.1974
27.447,1,0,learned,1.9555,36.3302,1.4677,-0.0736,2.6826,2.6836,-0.5122,1.0190,2.3963,-0.1324,1.0058,4.2405,-0.4487,3.0000,0.0000,0.0000,0,14.1273,952.5315,251.6623,602.0969,-350.4346,8.4270,0.0277,960.9308,260.1170
27.497,1,0,learned,1.9555,36.3302,1.4480,-0.0736,2.6826,2.6836,-0.5152,1.0190,2.3963,-0.1324,1.0058,4.2405,-0.4290,3.0000,0.0000,0.0000,0,14.1273,928.0693,230.2283,579.1488,-348.9205,8.4074,0.1421,936.3346,238.7778
27.547,1,0,learned,1.9483,36.4641,1.4278,-0.0867,2.6610,2.6624,-0.5218,1.0113,2.3336,-0.0546,1.0058,4.1296,-0.4166,3.0000,0.0000,0.0000,0,14.1273,918.6127,207.5609,563.0868,-355.5259,8.0798,0.3523,926.3401,215.9929
27.597,1,0,learned,1.9413,36.5898,1.4073,-0.0983,2.6528,2.6546,-0.5240,1.0039,2.2755,0.0186,1.0058,4.0268,-0.4034,3.0000,0.0000,0.0000,0,14.1273,939.4270,133.3421,536.3845,-403.0425,7.6902,0.4958,946.6213,141.5280
27.647,1,0,learned,1.9340,36.7228,1.3865,-0.1069,2.6339,2.6360,-0.5308,0.9962,2.2149,0.0960,1.0058,3.9195,-0.3903,3.0000,0.0000,0.0000,0,14.1273,924.1518,193.6501,558.9009,-365.2509,7.3614,0.7557,930.7576,201.7672
27.697,1,0,learned,1.9272,36.8478,1.3654,-0.1139,2.6277,2.6301,-0.5513,0.9889,2.1587,0.1687,1.0058,3.8202,-0.3765,3.0000,0.0000,0.0000,0,14.1273,898.0758,110.7521,504.4139,-393.6618,6.9690,1.0515,903.9932,118.7726
27.747,1,0,learned,1.9272,36.8478,1.3440,-0.1139,2.6277,2.6301,-0.5597,0.9889,2.1587,0.1687,1.0058,3.8202,-0.3552,3.0000,0.0000,0.0000,0,14.1273,846.1023,101.5613,473.8318,-372.2705,6.9535,1.2378,851.8180,109.7526
27.797,1,0,learned,1.9200,36.9798,1.3224,-0.1185,2.6100,2.6127,-0.5535,0.9811,2.1004,0.2454,1.0058,3.7168,-0.3413,3.0000,0.0000,0.0000,0,14.1273,850.8640,79.8313,465.3477,-385.5163,6.6123,1.3844,856.0919,87.8280
27.847,1,0,learned,1.9136,37.1039,1.3005,-0.1218,2.6049,2.6078,-0.5780,0.9738,2.0464,0.3173,1.0058,3.6213,-0.3267,3.0000,0.0000,0.0000,0,14.1273,859.8128,80.2454,470.0291,-389.7837,6.2221,1.7812,864.2537,88.2486
27.897,1,0,learned,1.9069,37.2346,1.2783,-0.1229,2.5868,2.5898,-0.5697,0.9661,1.9905,0.3929,1.0058,3.5225,-0.3122,3.0000,0.0000,0.0000,0,14.1273,845.8894,39.5101,442.6997,-403.1897,5.8932,1.9190,849.8636,47.3222
27.947,1,0,learned,1.9010,37.3569,1.2559,-0.1231,2.5791,2.5820,-0.5805,0.9589,1.9393,0.4634,1.0058,3.4318,-0.2970,3.0000,0.0000,0.0000,0,14.1273,828.2834,43.8304,436.0569,-392.2265,5.5332,2.2303,831.5863,51.5939
27.996,1,0,learned,1.8951,37.4857,1.2275,-0.1210,2.5585,2.5614,-0.5990,0.9513,1.8865,0.5373,1.0058,3.3383,-0.2762,3.0000,0.0000,0.0000,0,14.1273,810.8785,46.4941,428.6863,-382.1922,5.2302,2.6872,813.4215,54.4115
28.047,1,0,learned,1.8951,37.4857,1.2045,-0.1210,2.5585,2.5614,-0.5948,0.9513,1.8865,0.5373,1.0058,3.3383,-0.2532,3.0000,0.0000,0.0000,0,14.1273,787.0070,48.0934,417.5502,-369.4568,5.2131,2.8045,789.4156,56.1111
28.097,1,0,learned,1.8901,37.6061,1.1872,-0.1179,2.5482,2.5510,-0.6080,0.9442,1.8381,0.6060,1.0058,3.2528,-0.2429,3.0000,0.0000,0.0000,0,14.1273,794.8642,14.1990,404.5316,-390.3326,4.8831,3.1057,796.6416,22.1878
28.147,1,0,learned,1.8853,37.7326,1.1578,-0.1125,2.5252,2.5277,-0.5963,0.9367,1.7885,0.6777,1.0058,3.1649,-0.2211,3.0000,0.0000,0.0000,0,14.1273,733.4198,-28.4099,352.5050,-380.9148,4.6181,3.2942,734.7437,-20.4976
28.197,1,0,learned,1.8816,37.8507,1.1402,-0.1055,2.5125,2.5148,-0.6118,0.9298,1.7432,0.7441,1.0058,3.0848,-0.2104,3.0000,0.0000,0.0000,0,14.1273,658.1549,-29.7839,314.1855,-343.9694,4.3290,3.6509,658.8330,-21.8039
28.247,1,0,learned,1.8816,37.8507,1.1223,-0.1055,2.5125,2.5148,-0.6035,0.9298,1.7432,0.7441,1.0058,3.0848,-0.1925,3.0000,0.0000,0.0000,0,14.1273,719.2893,-5.4699,356.9097,-362.3796,4.3109,3.7286,719.8715,2.5696
28.297,1,0,learned,1.8785,37.9746,1.0926,-0.0963,2.4865,2.4884,-0.6045,0.9225,1.6969,0.8131,1.0058,3.0029,-0.1702,3.0000,0.0000,0.0000,0,14.1273,654.3508,-65.8218,294.2645,-360.0863,4.0866,4.0332,654.4041,-57.7020
28.347,1,0,learned,1.8762,38.0897,1.0746,-0.0869,2.4686,2.4702,-0.5970,0.9157,1.6552,0.8767,1.0058,2.9291,-0.1589,3.0000,0.0000,0.0000,0,14.1273,684.6450,-53.2050,315.7200,-368.9250,3.8472,4.2255,684.2667,-45.1323
28.397,1,0,learned,1.8762,38.0897,1.0567,-0.0869,2.4686,2.4702,-0.5955,1.6405,3.1293,2.7449,1.9161,16.8934,0.5837,3.0000,0.0000,0.0000,0,15.6465,693.8858,-41.0128,326.4365,-367.4493,9.0074,6.7652,696.1281,-25.2402
28.447,1,0,learned,1.8743,38.2101,1.0266,-0.0767,2.4379,2.4391,-0.6232,1.6429,3.1293,2.7059,1.9161,16.7747,0.6163,3.0000,0.0000,0.0000,0,15.6465,644.5525,61.8355,353.1940,-291.3585,9.1783,6.9695,646.7614,77.9833
28.497,1,0,learned,1.8732,38.3218,1.0087,-0.0659,2.4161,2.4170,-0.5985,1.6456,3.1293,2.6691,1.9161,16.6646,0.6369,3.0000,0.0000,0.0000,0,15.6465,536.5843,154.6189,345.6016,-190.9827,9.3380,6.8498,539.0725,170.8067
28.547,1,0,learned,1.8729,38.4389,0.9846,-0.0540,2.3830,2.3836,-0.5983,1.6481,3.1293,2.6298,1.9161,16.5495,0.6635,3.0000,0.0000,0.0000,0,15.6465,426.6748,257.9631,342.3190,-84.3559,9.5458,6.8790,429.3416,274.3880
28.596,1,0,learned,1.8738,38.5481,0.9545,-0.0395,2.3615,2.3618,-0.5697,1.6509,3.1293,2.5920,1.9161,16.4423,0.6963,3.0000,0.0000,0.0000,0,15.6465,336.9536,367.9631,352.4584,15.5047,9.6828,6.7692,339.8672,384.4151
28.647,1,0,learned,1.8738,38.5481,0.9368,-0.0395,2.3615,2.3618,-0.5763,1.6509,3.1293,2.5920,1.9161,16.4423,0.7140,3.0000,0.0000,0.0000,0,15.6465,394.6562,477.9631,436.3096,41.6535,9.6588,6.8553,397.4597,494.4772
28.697,1,0,learned,1.8767,38.6625,0.9079,-0.0202,2.3290,2.3291,-0.5258,1.6536,3.1293,2.5505,1.9161,16.3305,0.7457,3.0000,0.0000,0.0000,0,15.6465,325.5279,587.9631,456.7455,131.2176,9.8653,6.5983,328.7949,604.4267
28.747,1,0,learned,1.8820,38.7686,0.8858,0.0057,2.3053,2.3053,-0.4993,1.6567,3.1293,2.5096,1.9161,16.2273,0.7709,3.0000,0.0000,0.0000,0,15.6465,434.8783,697.9631,566.4207,131.5424,10.0052,6.4337,438.4498,714.4020
28.797,1,0,learned,1.8909,38.8796,0.8701,0.0390,2.2711,2.2715,-0.4587,1.6599,3.1293,2.4636,1.9161,16.1200,0.7898,3.0000,0.0000,0.0000,0,15.6465,407.8401,807.9631,607.9016,200.0615,10.2283,6.1532,411.9152,824.3446
28.847,1,0,learned,1.9031,38.9832,0.8455,0.0819,2.2486,2.2501,-0.3880,1.6638,3.1293,2.4171,1.9161,16.0207,0.8182,3.0000,0.0000,0.0000,0,15.6465,503.1542,917.2684,710.2113,207.0571,10.3559,5.7075,507.8026,933.3318
28.897,1,0,learned,1.9209,39.0928,0.8275,0.1340,2.2207,2.2247,-0.3713,1.6682,3.1293,2.3632,1.9161,15.9165,0.8407,3.0000,0.0000,0.0000,0,15.6465,489.7329,979.4108,734.5719,244.8389,10.5051,5.5386,494.6994,995.4545
28.947,1,0,learned,1.9209,39.0928,0.8111,0.1340,2.2207,2.2247,-0.3202,1.6682,3.1293,2.3632,1.9161,15.9165,0.8571,3.0000,0.0000,0.0000,0,15.6465,429.0427,980.3659,704.7043,275.6616,10.4993,5.2914,434.2505,996.1566
29.001,1,0,learned,1.9428,39.1966,0.7998,0.1985,2.2088,2.2177,-0.2863,1.6735,3.1293,2.3075,1.9161,15.8191,0.8737,3.0000,0.0000,0.0000,0,15.6465,319.6013,989.6489,654.6251,335.0238,10.5576,4.9851,325.1738,1000.0000
29.046,1,0,learned,1.9725,39.3078,0.7831,0.2729,2.1949,2.2118,-0.2250,1.6800,3.1293,2.2419,1.9161,15.7160,0.8969,3.0000,0.0000,0.0000,0,15.6465,210.0169,982.9310,596.4740,386.4571,10.6049,4.5067,216.1151,998.0426
29.096,1,0,learned,2.0062,39.4136,0.7743,0.3590,2.1966,2.2257,-0.2160,1.6873,3.1293,2.1744,1.9161,15.6193,0.9130,3.0000,0.0000,0.0000,0,15.6465,106.5335,963.9104,535.2220,428.6885,10.5309,4.3086,112.7557,978.7500
29.147,1,0,learned,2.0062,39.4136,0.7665,0.3590,2.1966,2.2257,-0.1725,1.6873,3.1293,2.1744,1.9161,15.6193,0.9208,3.0000,0.0000,0.0000,0,15.6465,-1.3427,991.2911,494.9742,496.3169,10.5463,4.0711,5.1325,1000.0000
29.197,1,0,learned,2.0479,39.5258,0.7559,0.4474,2.1890,2.2342,-0.0902,1.6955,3.1293,2.0972,1.9161,15.5180,0.9396,3.0000,0.0000,0.0000,0,15.6465,108.6509,997.1043,552.8776,444.2267,10.5026,3.4010,115.7525,1000.0000
29.247,1,0,learned,2.0918,39.6307,0.7525,0.5409,2.1884,2.2543,-0.0732,1.7040,3.1293,2.0203,1.9161,15.4247,0.9515,3.0000,0.0000,0.0000,0,15.6465,99.5138,986.3127,542.9133,443.3994,10.3937,3.1173,106.7902,999.8237
29.297,1,0,learned,2.0918,39.6307,0.7483,0.5409,2.1884,2.2543,-0.0158,1.7040,3.1293,2.0203,1.9161,15.4247,0.9556,3.0000,0.0000,0.0000,0,15.6465,92.6199,976.3193,534.4696,441.8497,10.4046,2.7718,100.2528,989.4957
29.347,1,0,learned,2.1432,39.7405,0.7434,0.6303,2.1730,2.2625,0.0310,1.7129,3.1293,1.9349,1.9161,15.3285,0.9695,3.0000,0.0000,0.0000,0,15.6465,90.9917,984.3079,537.6498,446.6581,10.3694,2.2935,99.0676,996.9708
29.397,1,0,learned,2.1957,39.8425,0.7430,0.7231,2.1633,2.2810,0.0545,1.7221,3.1293,1.8509,1.9161,15.2405,0.9791,3.0000,0.0000,0.0000,0,15.6465,-15.9136,979.1600,481.6232,497.5368,10.2876,1.9552,-7.5813,991.4029
29.447,1,0,learned,2.1957,39.8425,0.7427,0.7231,2.1633,2.2810,0.1038,1.7221,3.1293,1.8509,1.9161,15.2405,0.9794,3.0000,0.0000,0.0000,0,15.6465,-41.4900,980.3839,469.4469,510.9369,10.3070,1.6425,-32.8255,992.3334
29.497,1,0,learned,2.2555,39.9488,0.7449,0.8085,2.1395,2.2872,0.1497,1.7317,3.1293,1.7587,1.9161,15.1503,0.9868,3.0000,0.0000,0.0000,0,15.6465,-147.4186,978.1621,415.3718,562.7904,10.3053,1.1421,-138.2554,989.6096
29.547,1,0,learned,2.3150,40.0468,0.7457,0.8949,2.1200,2.3012,0.1790,1.7413,3.1293,1.6695,1.9161,15.0686,0.9955,3.0000,0.0000,0.0000,0,15.6465,-193.7581,976.5061,391.3740,585.1321,10.2436,0.7639,-184.2784,987.5135
29.597,1,0,learned,2.3808,40.1477,0.7515,0.9687,2.0839,2.2981,0.2218,1.7510,3.1293,1.5735,1.9161,14.9860,0.9995,3.0000,0.0000,0.0000,0,15.6465,-95.3167,985.6020,445.1427,540.4593,10.2660,0.2722,-85.3229,996.1402
29.647,1,0,learned,2.3808,40.1477,0.7584,0.9687,2.0839,2.2981,0.2828,1.7510,3.1293,1.5735,1.9161,14.9860,0.9927,3.0000,0.0000,0.0000,0,15.6465,14.4819,990.1579,502.3199,487.8380,10.2823,-0.1464,24.9105,1000.0000
29.697,1,0,learned,2.4441,40.2395,0.7625,1.0388,2.0496,2.2978,0.3103,1.7604,3.1293,1.4828,1.9161,14.9121,0.9978,3.0000,0.0000,0.0000,0,15.6465,-9.7946,995.7389,492.9722,502.7668,10.2960,-0.5180,1.0194,1000.0000
29.747,1,0,learned,2.5123,40.3335,0.7750,1.0934,2.0014,2.2806,0.3453,1.7699,3.1293,1.3868,1.9161,14.8378,0.9950,3.0000,0.0000,0.0000,0,15.6465,-119.7945,987.2757,433.7406,553.5351,10.4275,-0.9707,-108.3962,996.7325
29.797,1,0,learned,2.5776,40.4199,0.7868,1.1466,1.9608,2.2715,0.3847,1.7792,3.1293,1.2962,1.9161,14.7706,0.9923,3.0000,0.0000,0.0000,0,15.6465,-227.4285,983.9751,378.2733,605.7018,10.5156,-1.4373,-215.4756,993.0534
29.847,1,0,learned,2.5776,40.4199,0.7968,1.1466,1.9608,2.2715,0.4133,1.7792,3.1293,1.2962,1.9161,14.7706,0.9823,3.0000,0.0000,0.0000,0,15.6465,-164.1431,996.6099,416.2334,580.3765,10.5337,-1.6582,-151.9511,1000.0000
29.896,1,0,learned,2.6478,40.5085,0.8192,1.1875,1.9096,2.2487,0.4592,1.7887,3.1293,1.2001,1.9161,14.7031,0.9695,3.0000,0.0000,0.0000,0,15.6465,-272.8688,994.6591,360.8951,633.7639,10.7119,-2.2095,-259.9474,1000.0000
29.946,1,0,learned,2.7146,40.5890,0.8275,1.2283,1.8629,2.2314,0.4905,1.7979,3.1293,1.1100,1.9161,14.6431,0.9704,3.0000,0.0000,0.0000,0,15.6465,-339.5081,990.6151,325.5535,665.0616,10.8219,-2.6037,-326.0825,998.8333
29.997,1,0,learned,2.7861,40.6709,0.8450,1.2577,1.8055,2.2004,0.5200,1.8074,3.1293,1.0150,1.9161,14.5834,0.9624,3.0000,0.0000,0.0000,0,15.6465,-268.0893,976.2231,354.0669,622.1562,10.9898,-3.0214,-254.0781,984.1914
30.047,1,0,learned,2.8542,40.7450,0.8640,1.2897,1.7533,2.1766,0.5635,1.8165,3.1293,0.9258,1.9161,14.5308,0.9525,3.0000,0.0000,0.0000,0,15.6465,-311.2372,977.0337,332.8982,644.1355,11.1463,-3.5250,-296.5659,984.6549
30.097,1,0,learned,2.8542,40.7450,0.8791,1.2897,1.7533,2.1766,0.5773,1.8165,3.1293,0.9258,1.9161,14.5308,0.9374,3.0000,0.0000,0.0000,0,15.6465,-342.6189,992.8679,325.1245,667.7434,11.1843,-3.6660,-327.7686,1000.0000
30.147,1,0,learned,2.9272,40.8206,0.9006,1.3126,1.6932,2.1424,0.6058,1.8261,3.1293,0.8316,1.9161,14.4788,0.9255,3.0000,0.0000,0.0000,0,15.6465,-350.7450,987.1617,318.2083,668.9533,11.3812,-4.0834,-335.2805,994.4595
30.197,1,0,learned,2.9969,40.8894,0.9233,1.3405,1.6414,2.1192,0.6342,1.8353,3.1293,0.7427,1.9161,14.4329,0.9120,3.0000,0.0000,0.0000,0,15.6465,-409.8927,977.0719,283.5896,693.4823,11.5304,-4.4915,-393.8708,984.1109
30.247,1,0,learned,2.9969,40.8894,0.9352,1.3405,1.6414,2.1192,0.6460,1.8353,3.1293,0.7427,1.9161,14.4329,0.9002,3.0000,0.0000,0.0000,0,15.6465,-316.7391,997.2667,340.2638,657.0029,11.5405,-4.6087,-300.5898,1000.0000
30.297,1,0,learned,3.0718,40.9603,0.9662,1.3606,1.5855,2.0893,0.6907,1.8452,3.1293,0.6482,1.9161,14.3871,0.8790,3.0000,0.0000,0.0000,0,15.6465,-278.3664,991.9106,356.7721,635.1385,11.7209,-5.1544,-261.4912,998.4771
30.348,1,0,learned,3.1433,41.0253,0.9856,1.3862,1.5394,2.0715,0.7003,1.8548,3.1293,0.5589,1.9161,14.3463,0.8692,3.0000,0.0000,0.0000,0,15.6465,-231.4620,990.7462,379.6421,611.1041,11.8065,-5.4245,-214.2310,997.1282
30.397,1,0,learned,3.1433,41.0253,0.9988,1.3862,1.5394,2.0715,0.7147,1.8548,3.1293,0.5589,1.9161,14.3463,0.8559,3.0000,0.0000,0.0000,0,15.6465,-311.6718,973.9355,331.1319,642.8037,11.8456,-5.5558,-294.2704,980.2254
30.447,1,0,learned,3.2200,41.0935,1.0332,1.4042,1.4937,2.0501,0.7290,1.8650,3.1293,0.4636,1.9161,14.3048,0.8319,3.0000,0.0000,0.0000,0,15.6465,-344.7910,979.9743,317.5917,662.3827,11.9888,-5.9115,-326.8907,986.0516
30.497,1,0,learned,3.2933,41.1577,1.0542,1.4285,1.4626,2.0445,0.7370,1.8750,3.1293,0.3730,1.9161,14.2665,0.8207,3.0000,0.0000,0.0000,0,15.6465,-453.7045,980.3918,263.3437,717.0482,12.0431,-6.1779,-435.4835,986.2570
30.546,1,0,learned,3.2933,41.1577,1.0830,1.4285,1.4626,2.0445,0.7485,1.8750,3.1293,0.3730,1.9161,14.2665,0.7919,3.0000,0.0000,0.0000,0,15.6465,-404.6069,986.7259,291.0595,695.6664,12.0866,-6.3378,-386.1825,992.4747
30.596,1,0,learned,3.4462,41.2898,1.1275,1.4660,1.4123,2.0356,0.7752,1.8957,3.1293,0.1843,1.9161,14.1903,0.7682,3.0000,0.0000,0.0000,0,15.6465,-295.1860,978.9613,341.8877,637.0736,12.1196,-6.9509,-276.1154,984.1300
30.647,1,0,learned,3.4462,41.2898,1.1504,1.4660,1.4123,2.0356,0.8007,1.8957,3.1293,0.1843,1.9161,14.1903,0.7453,3.0000,0.0000,0.0000,0,15.6465,-224.2925,994.9946,385.3510,609.6436,12.1529,-7.1842,-204.9554,999.9633
30.697,1,0,learned,3.5257,41.3573,1.1891,1.4786,1.3893,2.0289,0.7998,1.9065,3.1293,0.0867,1.9161,14.1528,0.7174,3.0000,0.0000,0.0000,0,15.6465,-245.2087,977.7610,366.2761,611.4849,12.2137,-7.4431,-225.5519,982.5316
30.747,1,0,learned,3.6010,41.4211,1.2049,1.4966,1.3774,2.0340,0.8003,1.9167,3.1293,-0.0058,1.9161,14.1179,0.7118,3.0000,0.0000,0.0000,0,15.6465,-163.3008,972.2974,404.4983,567.7991,12.1599,-7.6424,-143.4985,976.8149
30.797,1,0,learned,3.6812,41.4898,1.2528,1.5058,1.3660,2.0331,0.8117,1.9276,3.1293,-0.1045,1.9161,14.0808,0.6749,3.0000,0.0000,0.0000,0,15.6465,-184.9682,980.9183,397.9750,582.9433,12.2130,-8.0146,-164.7406,985.1167
30.847,1,0,learned,3.7570,41.5556,1.2851,1.5202,1.3670,2.0444,0.8107,1.9379,3.1293,-0.1980,1.9161,14.0456,0.6529,3.0000,0.0000,0.0000,0,15.6465,-210.5593,968.1989,378.8198,589.3791,12.1777,-8.2472,-190.1344,972.1293
30.897,1,0,learned,3.7570,41.5556,1.3013,1.5202,1.3670,2.0444,0.8185,1.9379,3.1293,-0.1980,1.9161,14.0456,0.6366,3.0000,0.0000,0.0000,0,15.6465,-198.0314,976.7607,389.3647,587.3961,12.2052,-8.3444,-177.4818,980.6216
30.947,1,0,learned,3.8372,41.6270,1.3500,1.5250,1.3685,2.0489,0.8153,1.9489,3.1293,-0.2977,1.9161,14.0073,0.5988,3.0000,0.0000,0.0000,0,15.6465,-88.0811,992.3519,452.1354,540.2165,12.2002,-8.6234,-67.2575,995.9286
30.997,1,0,learned,3.9127,41.6959,1.3746,1.5342,1.3818,2.0647,0.8320,1.9591,3.1293,-0.3920,1.9161,13.9703,0.5845,3.0000,0.0000,0.0000,0,15.6465,-50.6345,994.7579,472.0617,522.6962,12.1229,-8.9548,-29.5568,997.9260
31.046,1,0,learned,3.9922,41.7710,1.4153,1.5332,1.3942,2.0723,0.8020,1.9701,3.1293,-0.4923,1.9161,13.9298,0.5548,3.0000,0.0000,0.0000,0,15.6465,59.3655,985.4917,522.4286,463.0631,12.0777,-9.0284,80.4715,988.5410
31.097,1,0,learned,4.0664,41.8444,1.4479,1.5356,1.4212,2.0924,0.8103,1.9802,3.1293,-0.5869,1.9161,13.8895,0.5323,3.0000,0.0000,0.0000,0,15.6465,29.3875,992.4784,510.9329,481.5454,12.0093,-9.3243,50.7210,995.1633
31.147,1,0,learned,4.0664,41.8444,1.4804,1.5356,1.4212,2.0924,0.7808,1.9802,3.1293,-0.5869,1.9161,13.8895,0.4998,3.0000,0.0000,0.0000,0,15.6465,58.1849,954.6327,506.4088,448.2239,12.0427,-9.2035,79.4311,957.4719
31.196,1,0,learned,4.1437,41.9260,1.5127,1.5261,1.4506,2.1055,0.7810,1.9910,3.1293,-0.6873,1.9161,13.8436,0.4783,3.0000,0.0000,0.0000,0,15.6465,11.4254,975.7850,493.6052,482.1798,12.0087,-9.4539,32.8881,978.3399
31.247,1,0,learned,4.2154,42.0066,1.5368,1.5194,1.4964,2.1326,0.7798,2.0009,3.1293,-0.7820,1.9161,13.7971,0.4641,3.0000,0.0000,0.0000,0,15.6465,-18.7661,984.7067,482.9703,501.7364,11.8965,-9.6571,2.7874,986.9461
31.297,1,0,learned,4.2898,42.0963,1.5763,1.5020,1.5422,2.1527,0.7672,2.0114,3.1293,-0.8825,1.9161,13.7441,0.4351,3.0000,0.0000,0.0000,0,15.6465,69.2814,996.2683,532.7748,463.4934,11.8072,-9.8390,90.9277,998.2365
31.347,1,0,learned,4.3586,42.1846,1.6076,1.4880,1.6017,2.1862,0.7722,2.0210,3.1293,-0.9770,1.9161,13.6908,0.4134,3.0000,0.0000,0.0000,0,15.6465,143.4061,982.6805,563.0433,419.6372,11.6522,-10.0885,165.1468,984.2441
31.397,1,0,learned,4.3586,42.1846,1.6311,1.4880,1.6017,2.1862,0.7450,2.0210,3.1293,-0.9770,1.9161,13.6908,0.3899,3.0000,0.0000,0.0000,0,15.6465,194.3372,983.6410,588.9891,394.6519,11.6706,-9.9804,215.9882,985.3312
31.446,1,0,learned,4.4295,42.2825,1.6696,1.4631,1.6580,2.2112,0.7448,2.0312,3.1293,-1.0769,1.9161,13.6304,0.3616,3.0000,0.0000,0.0000,0,15.6465,287.6087,987.0397,637.3242,349.7155,11.5595,-10.2273,309.3954,988.3719
31.497,1,0,learned,4.4940,42.3790,1.7002,1.4393,1.7283,2.2491,0.7298,2.0403,3.1293,-1.1702,1.9161,13.5694,0.3401,3.0000,0.0000,0.0000,0,15.6465,243.3304,989.9137,616.6221,373.2917,11.4178,-10.3340,265.0823,990.9976
31.547,1,0,learned,4.5593,42.4860,1.7379,1.4028,1.7943,2.2775,0.7313,2.0499,3.1293,-1.2680,1.9161,13.4999,0.3120,3.0000,0.0000,0.0000,0,15.6465,291.5734,991.3621,641.4678,349.8944,11.3073,-10.5687,313.4494,992.1007
31.597,1,0,learned,4.6176,42.5913,1.7601,1.3649,1.8742,2.3185,0.7220,2.0584,3.1293,-1.3584,1.9161,13.4297,0.2983,3.0000,0.0000,0.0000,0,15.6465,184.4312,981.6447,583.0379,398.6068,11.1618,-10.6448,206.2377,982.1618
31.646,1,0,learned,4.6176,42.5913,1.7894,1.3649,1.8742,2.3185,0.7047,2.0584,3.1293,-1.3584,1.9161,13.4297,0.2690,3.0000,0.0000,0.0000,0,15.6465,224.7000,987.5797,606.1399,381.4398,11.1936,-10.6254,246.5190,988.1480
31.698,1,0,learned,4.6754,42.7075,1.8182,1.3144,1.9463,2.3485,0.6967,2.0674,3.1293,-1.4522,1.9161,13.3503,0.2492,3.0000,0.0000,0.0000,0,15.6465,301.7223,983.2361,642.4792,340.7569,11.0572,-10.7555,323.5350,983.5379
31.747,1,0,learned,4.7263,42.8206,1.8538,1.2632,2.0281,2.3893,0.6840,2.0752,3.1293,-1.5382,1.9161,13.2713,0.2215,3.0000,0.0000,0.0000,0,15.6465,345.4646,986.4914,665.9780,320.5134,10.8995,-10.8595,367.2236,986.5313
31.797,1,0,learned,4.7762,42.9437,1.8818,1.2026,2.0960,2.4165,0.6767,2.0835,3.1293,-1.6269,1.9161,13.1837,0.2018,3.0000,0.0000,0.0000,0,15.6465,448.4355,983.0649,715.7502,267.3147,10.7719,-10.9806,470.1879,982.8562
31.847,1,0,learned,4.8193,43.0626,1.9094,1.1420,2.1722,2.4541,0.6588,2.0907,3.1293,-1.7078,1.9161,13.0975,0.1813,3.0000,0.0000,0.0000,0,15.6465,414.7093,985.2136,699.9614,285.2522,10.6414,-10.9921,436.3428,984.8630
31.897,1,0,learned,4.8606,43.1918,1.9367,1.0724,2.2347,2.4787,0.6412,2.0983,3.1293,-1.7903,1.9161,13.0019,0.1616,3.0000,0.0000,0.0000,0,15.6465,522.6132,996.4074,759.5103,236.8971,10.5282,-11.0440,544.1853,995.8916
31.947,1,0,learned,4.8951,43.3164,1.9701,1.0015,2.3072,2.5152,0.6345,2.1046,3.1293,-1.8650,1.9161,12.9079,0.1346,3.0000,0.0000,0.0000,0,15.6465,568.1847,995.0008,781.5927,213.4081,10.3955,-11.1402,589.7203,994.2561
31.997,1,0,learned,4.8951,43.3164,1.9898,1.0015,2.3072,2.5152,0.6272,2.1046,3.1293,-1.8650,1.9161,12.9079,0.1148,3.0000,0.0000,0.0000,0,15.6465,501.6237,991.9602,746.7919,245.1683,10.4406,-11.1257,523.1900,991.2750
32.046,1,0,learned,4.9266,43.4518,2.0156,0.9223,2.3664,2.5398,0.6058,2.1114,3.1293,-1.9404,1.9161,12.8036,0.0957,3.0000,0.0000,0.0000,0,15.6465,468.9602,985.2616,727.1109,258.1507,10.3649,-11.0687,490.3938,984.5578
32.097,1,0,learned,4.9513,43.5824,2.0408,0.8408,2.4372,2.5781,0.5880,2.1168,3.1293,-2.0079,1.9161,12.7009,0.0760,3.0000,0.0000,0.0000,0,15.6465,477.6379,979.5879,728.6129,250.9750,10.2256,-11.0355,498.8990,978.7781
32.147,1,0,learned,4.9721,43.7237,2.0715,0.7528,2.4933,2.6044,0.5630,2.1226,3.1293,-2.0753,1.9161,12.5875,0.0511,3.0000,0.0000,0.0000,0,15.6465,551.4148,994.1590,772.7869,221.3721,10.1310,-11.0089,572.5547,993.2810
32.197,1,0,learned,4.9871,43.8590,2.0955,0.6644,2.5584,2.6433,0.5677,2.1271,3.1293,-2.1351,1.9161,12.4770,0.0317,3.0000,0.0000,0.0000,0,15.6465,456.6829,988.2743,722.4786,265.7957,10.0246,-11.0510,477.7585,987.2479
32.247,1,0,learned,4.9871,43.8590,2.1191,0.6644,2.5584,2.6433,0.5670,2.1271,3.1293,-2.1351,1.9161,12.4770,0.0081,3.0000,0.0000,0.0000,0,15.6465,557.8269,996.8488,777.3379,219.5110,10.0321,-11.1642,579.0231,995.7167
32.297,1,0,learned,4.9974,44.0048,2.1422,0.5715,2.6075,2.6694,0.5627,2.1320,3.1293,-2.1943,1.9161,12.3557,-0.0102,3.0000,0.0000,0.0000,0,15.6465,662.4512,984.3877,823.4195,160.9682,9.9235,-11.2160,683.5908,983.0951
32.347,1,0,learned,5.0024,44.1440,2.1594,0.4776,2.6661,2.7085,0.5405,2.1357,3.1293,-2.2460,1.9161,12.2379,-0.0237,3.0000,0.0000,0.0000,0,15.6465,722.2630,973.5414,847.9022,125.6392,9.7650,-11.1208,743.1488,972.1856
32.397,1,0,learned,5.0020,44.2936,2.1819,0.3809,2.7081,2.7348,0.5235,2.1396,3.1293,-2.2963,1.9161,12.1089,-0.0424,3.0000,0.0000,0.0000,0,15.6465,764.4831,976.8616,870.6723,106.1893,9.6787,-11.0715,785.2334,975.4688
32.447,1,0,learned,4.9963,44.4364,2.2094,0.2807,2.7614,2.7756,0.5172,2.1423,3.1293,-2.3392,1.9161,11.9834,-0.0671,3.0000,0.0000,0.0000,0,15.6465,680.4739,993.5346,837.0042,156.5304,9.5785,-11.0567,701.1091,992.0564
32.497,1,0,learned,4.9963,44.4364,2.2308,0.2807,2.7614,2.7756,0.4920,2.1423,3.1293,-2.3392,1.9161,11.9834,-0.0885,3.0000,0.0000,0.0000,0,15.6465,745.6774,995.4948,870.5861,124.9087,9.5865,-10.9967,766.2607,994.0846
32.547,1,0,learned,4.9839,44.5897,2.2516,0.1769,2.7989,2.8045,0.4840,2.1451,3.1293,-2.3795,1.9161,11.8458,-0.1064,3.0000,0.0000,0.0000,0,15.6465,694.7330,973.7381,834.2356,139.5026,9.5122,-10.9123,715.1574,972.3380
32.597,1,0,learned,4.9667,44.7356,2.2717,0.0698,2.8471,2.8480,0.4703,2.1468,3.1293,-2.4127,1.9161,11.7124,-0.1250,3.0000,0.0000,0.0000,0,15.6465,714.6673,982.0152,848.3413,133.6740,9.3650,-10.8584,734.8907,980.5218
32.647,1,0,learned,4.9426,44.8916,2.2914,-0.0367,2.8775,2.8777,0.4478,2.1486,3.1293,-2.4428,1.9161,11.5672,-0.1428,3.0000,0.0000,0.0000,0,15.6465,739.5521,986.0809,862.8165,123.2644,9.2744,-10.7359,759.5624,984.6194
32.697,1,0,learned,4.9149,45.0392,2.3105,-0.1446,2.9169,2.9204,0.4662,2.1494,3.1293,-2.4667,1.9161,11.4275,-0.1611,3.0000,0.0000,0.0000,0,15.6465,751.6218,988.3106,869.9662,118.3444,9.1382,-10.8611,771.6212,986.5877
32.747,1,0,learned,4.9149,45.0392,2.3292,-0.1446,2.9169,2.9204,0.4612,2.1494,3.1293,-2.4667,1.9161,11.4275,-0.1798,3.0000,0.0000,0.0000,0,15.6465,815.2768,995.5441,905.4104,90.1337,9.1484,-10.9274,835.3525,993.7652
32.797,1,0,learned,4.8802,45.1960,2.3474,-0.2493,2.9367,2.9473,0.4090,2.1504,3.1293,-2.4871,1.9161,11.2765,-0.1971,3.0000,0.0000,0.0000,0,15.6465,879.4353,993.2545,936.3449,56.9096,9.0561,-10.6204,899.1117,991.6902
32.847,1,0,learned,4.8427,45.3438,2.3652,-0.3559,2.9654,2.9866,0.4020,2.1504,3.1293,-2.5018,1.9161,11.1317,-0.2148,3.0000,0.0000,0.0000,0,15.6465,915.7409,990.3421,953.0415,37.3006,8.9230,-10.5843,935.2482,988.6808
32.897,1,0,learned,4.7974,45.5005,2.3826,-0.4588,2.9749,3.0101,0.3877,2.1506,3.1293,-2.5122,1.9161,10.9756,-0.2320,3.0000,0.0000,0.0000,0,15.6465,938.6862,980.5176,959.6019,20.9157,8.8615,-10.4709,958.0186,978.9082
32.947,1,0,learned,4.7496,45.6479,2.3994,-0.5660,2.9940,3.0471,0.3915,2.1499,3.1293,-2.5172,1.9161,10.8261,-0.2496,3.0000,0.0000,0.0000,0,15.6465,935.9525,984.5454,960.2490,24.2965,8.7508,-10.4794,955.1827,982.8169
32.997,1,0,learned,4.7496,45.6479,2.4157,-0.5660,2.9940,3.0471,0.3613,2.1499,3.1293,-2.5172,1.9161,10.8261,-0.2659,3.0000,0.0000,0.0000,0,15.6465,933.5094,986.9558,960.2326,26.7232,8.7682,-10.3402,952.6178,985.3838
33.046,1,0,learned,4.6934,45.8038,2.4315,-0.6691,2.9947,3.0686,0.3645,2.1492,3.1293,-2.5170,1.9161,10.6649,-0.2823,3.0000,0.0000,0.0000,0,15.6465,930.3476,989.9326,960.1401,29.7925,8.7267,-10.3220,949.3963,988.3372
33.097,1,0,learned,4.6355,45.9501,2.4503,-0.7765,3.0054,3.1041,0.3490,2.1476,3.1293,-2.5121,1.9161,10.5110,-0.3027,3.0000,0.0000,0.0000,0,15.6465,940.6074,987.2774,963.9424,23.3350,8.6168,-10.2052,959.4294,985.6890
33.147,1,0,learned,4.5690,46.1045,2.4611,-0.8770,2.9982,3.1239,0.3240,2.1461,3.1293,-2.5018,1.9161,10.3456,-0.3151,3.0000,0.0000,0.0000,0,15.6465,921.2864,994.1041,957.6953,36.4088,8.5770,-9.9743,939.8377,992.7068
33.196,1,0,learned,4.5020,46.2492,2.4751,-0.9809,3.0016,3.1578,0.3128,2.1438,3.1293,-2.4877,1.9161,10.1881,-0.3314,3.0000,0.0000,0.0000,0,15.6465,959.5745,984.5425,972.0585,12.4840,8.4595,-9.8663,977.9003,983.1358
33.246,1,0,learned,4.5020,46.2492,2.4853,-0.9809,3.0016,3.1578,0.3153,2.1438,3.1293,-2.4877,1.9161,10.1881,-0.3416,3.0000,0.0000,0.0000,0,15.6465,963.7247,975.4766,969.6007,5.8759,8.4699,-9.9085,982.1031,974.0379
33.297,1,0,learned,4.4263,46.4017,2.4984,-1.0758,2.9879,3.1756,0.2965,2.1415,3.1293,-2.4681,1.9161,10.0193,-0.3570,3.0000,0.0000,0.0000,0,15.6465,948.0358,932.1313,940.0835,-7.9522,8.4273,-9.6620,966.1251,930.8966
33.347,1,0,learned,4.3510,46.5445,2.5079,-1.1744,2.9852,3.2079,0.2797,2.1385,3.1293,-2.4455,1.9161,9.8588,-0.3694,3.0000,0.0000,0.0000,0,15.6465,956.4185,914.6323,935.5254,-20.8931,8.3116,-9.4702,974.2002,913.4737
33.397,1,0,learned,4.3510,46.5445,2.5202,-1.1744,2.9852,3.2079,0.2913,2.1385,3.1293,-2.4455,1.9161,9.8588,-0.3817,3.0000,0.0000,0.0000,0,15.6465,968.6751,985.1146,976.8948,8.2198,8.3482,-9.6655,986.6888,983.7972
33.446,1,0,learned,4.2670,46.6947,2.5320,-1.2627,2.9658,3.2235,0.2530,2.1356,3.1293,-2.4173,1.9161,9.6874,-0.3964,3.0000,0.0000,0.0000,0,15.6465,990.9689,970.6356,980.8022,-10.1667,8.3116,-9.3194,1000.0000,969.6278
33.497,1,0,learned,4.1843,46.8349,2.5377,-1.3545,2.9566,3.2521,0.2480,2.1321,3.1293,-2.3870,1.9161,9.5250,-0.4057,3.0000,0.0000,0.0000,0,15.6465,980.1528,886.7614,933.4571,-46.6957,8.1899,-9.1047,997.4474,885.8466
33.547,1,0,learned,4.1843,46.8349,2.5488,-1.3545,2.9566,3.2521,0.2605,2.1321,3.1293,-2.3870,1.9161,9.5250,-0.4167,3.0000,0.0000,0.0000,0,15.6465,971.5631,931.3433,951.4532,-20.1099,8.2216,-9.2660,989.0507,930.2989
33.596,1,0,learned,4.0929,46.9820,2.5620,-1.4353,2.9314,3.2639,0.2285,2.1286,3.1293,-2.3507,1.9161,9.3519,-0.4334,3.0000,0.0000,0.0000,0,15.6465,970.5516,915.4151,942.9833,-27.5682,8.2073,-8.9363,987.6951,914.6861
33.647,1,0,learned,4.0034,47.1193,2.5695,-1.5210,2.9170,3.2898,0.2275,2.1245,3.1293,-2.3130,1.9161,9.1881,-0.4449,3.0000,0.0000,0.0000,0,15.6465,967.7356,940.7868,954.2612,-13.4744,8.1301,-8.8507,984.7164,940.0663
33.697,1,0,learned,3.9053,47.2630,2.5791,-1.5941,2.8864,3.2974,0.2063,2.1205,3.1293,-2.2694,1.9161,9.0141,-0.4586,3.0000,0.0000,0.0000,0,15.6465,983.2934,900.0905,941.6920,-41.6015,8.1205,-8.5477,999.9616,899.6633
33.747,1,0,learned,3.8102,47.3967,2.5882,-1.6716,2.8662,3.3180,0.2065,2.1161,3.1293,-2.2251,1.9161,8.8501,-0.4721,3.0000,0.0000,0.0000,0,15.6465,975.9473,851.5337,913.7405,-62.2068,8.0438,-8.3936,992.3847,851.1839
33.796,1,0,learned,3.8102,47.3967,2.5948,-1.6716,2.8662,3.3180,0.1970,2.1161,3.1293,-2.2251,1.9161,8.8501,-0.4787,3.0000,0.0000,0.0000,0,15.6465,981.0470,794.0675,887.5572,-93.4897,8.0313,-8.3041,997.3824,793.7947
33.847,1,0,learned,3.7066,47.5365,2.6051,-1.7357,2.8307,3.3205,0.1822,2.1116,3.1293,-2.1750,1.9161,8.6762,-0.4935,3.0000,0.0000,0.0000,0,15.6465,968.6937,735.5699,852.1318,-116.5619,8.0446,-8.0067,984.7450,735.6077
33.897,1,0,learned,3.6069,47.6663,2.6091,-1.8040,2.8052,3.3352,0.1665,2.1069,3.1293,-2.1250,1.9161,8.5128,-0.5022,3.0000,0.0000,0.0000,0,15.6465,979.9987,737.1851,858.5919,-121.4068,7.9982,-7.7587,995.7556,737.4246
33.947,1,0,learned,3.6069,47.6663,2.6166,-1.8040,2.8052,3.3352,0.1460,2.1069,3.1293,-2.1250,1.9161,8.5128,-0.5097,3.0000,0.0000,0.0000,0,15.6465,971.0185,653.9630,812.4907,-158.5277,7.9780,-7.5699,986.5664,654.3710
33.996,1,0,learned,3.4994,47.8013,2.6251,-1.8569,2.7635,3.3294,0.1408,2.1021,3.1293,-2.0696,1.9161,8.3407,-0.5230,3.0000,0.0000,0.0000,0,15.6465,975.8791,670.2778,823.0785,-152.8006,8.0542,-7.3830,991.3163,670.9489
34.047,1,0,learned,3.3968,47.9260,2.6283,-1.9130,2.7303,3.3338,0.1062,2.0973,3.1293,-2.0152,1.9161,8.1799,-0.5310,3.0000,0.0000,0.0000,0,15.6465,988.0070,658.4050,823.2060,-164.8010,8.0519,-6.9629,1000.0000,659.4940
34.097,1,0,learned,3.2868,48.0553,2.6340,-1.9533,2.6814,3.3174,0.0912,2.0924,3.1293,-1.9555,1.9161,8.0113,-0.5416,3.0000,0.0000,0.0000,0,15.6465,988.3751,636.1408,812.2579,-176.1171,8.1668,-6.6376,1000.0000,637.6700
34.147,1,0,learned,3.1823,48.1743,2.6402,-1.9979,2.6411,3.3116,0.0745,2.0874,3.1293,-1.8975,1.9161,7.8542,-0.5528,3.0000,0.0000,0.0000,0,15.6465,969.7471,709.7905,839.7688,-129.9783,8.2589,-6.3761,984.3820,711.6732
34.197,1,0,learned,3.1823,48.1743,2.6433,-1.9979,2.6411,3.3116,0.0525,2.0874,3.1293,-1.8975,1.9161,7.8542,-0.5559,3.0000,0.0000,0.0000,0,15.6465,977.6649,658.8617,818.2633,-159.4016,8.2413,-6.1970,992.1033,660.9060
34.247,1,0,learned,3.0707,48.2975,2.6476,-2.0278,2.5867,3.2868,0.0375,2.0823,3.1293,-1.8341,1.9161,7.6898,-0.5653,3.0000,0.0000,0.0000,0,15.6465,979.6037,617.1727,798.3882,-181.2155,8.3954,-5.8310,993.8300,619.7371
34.297,1,0,learned,2.9646,48.4109,2.6490,-2.0641,2.5420,3.2745,0.0580,2.0771,3.1293,-1.7727,1.9161,7.5367,-0.5719,3.0000,0.0000,0.0000,0,15.6465,980.4267,561.4310,770.9289,-209.4979,8.4718,-5.7325,994.6311,564.1702
34.347,1,0,learned,2.9646,48.4109,2.6513,-2.0641,2.5420,3.2745,0.0060,2.0771,3.1293,-1.7727,1.9161,7.5367,-0.5742,3.0000,0.0000,0.0000,0,15.6465,972.9026,590.8651,781.8839,-191.0188,8.4817,-5.3706,986.7549,593.9763
34.396,1,0,learned,2.7439,48.6365,2.6535,-2.1171,2.4387,3.2295,-0.0015,2.0663,3.1293,-1.6414,1.9161,7.2271,-0.5872,3.0000,0.0000,0.0000,0,15.6465,973.8765,545.9293,759.9029,-213.9736,8.7751,-4.7996,987.4512,549.9049
34.446,1,0,learned,2.7439,48.6365,2.6538,-2.1171,2.4387,3.2295,-0.0243,2.0663,3.1293,-1.6414,1.9161,7.2271,-0.5875,3.0000,0.0000,0.0000,0,15.6465,975.3801,479.0220,727.2010,-248.1790,8.7484,-4.5972,988.7256,483.1732
34.497,1,0,learned,2.6296,48.7482,2.6540,-2.1335,2.3806,3.1967,-0.0500,2.0606,3.1293,-1.5716,1.9161,7.0713,-0.5933,3.0000,0.0000,0.0000,0,15.6465,972.1950,411.2881,691.7415,-280.4534,8.9373,-4.0980,985.2304,416.1274
34.547,1,0,learned,2.5215,48.8509,2.6533,-2.1573,2.3323,3.1770,-0.0593,2.0549,3.1293,-1.5046,1.9161,6.9266,-0.5984,3.0000,0.0000,0.0000,0,15.6465,963.3738,445.5504,704.4621,-258.9117,9.0896,-3.7924,976.2559,450.8476
34.597,1,0,learned,2.5215,48.8509,2.6519,-2.1573,2.3323,3.1770,-0.0810,2.0549,3.1293,-1.5046,1.9161,6.9266,-0.5970,3.0000,0.0000,0.0000,0,15.6465,970.8993,490.2061,730.5527,-240.3466,9.1031,-3.6421,983.6444,495.6671
34.647,1,0,learned,2.4067,48.9568,2.6496,-2.1673,2.2733,3.1409,-0.1108,2.0490,3.1293,-1.4325,1.9161,6.7759,-0.6006,3.0000,0.0000,0.0000,0,15.6465,957.3026,433.1056,695.2041,-262.0985,9.3177,-3.0960,969.7162,439.3273
34.697,1,0,learned,2.2985,49.0540,2.6472,-2.1844,2.2236,3.1170,-0.1237,2.0431,3.1293,-1.3636,1.9161,6.6363,-0.6041,3.0000,0.0000,0.0000,0,15.6465,973.9472,360.2012,667.0742,-306.8730,9.4515,-2.7073,986.1060,366.9454
34.747,1,0,learned,2.1837,49.1545,2.6433,-2.1892,2.1654,3.0793,-0.1557,2.0369,3.1293,-1.2895,1.9161,6.4906,-0.6064,3.0000,0.0000,0.0000,0,15.6465,983.3571,379.8361,681.5966,-301.7605,9.7065,-2.1650,995.2286,387.3775
34.797,1,0,learned,2.0754,49.2470,2.6373,-2.2025,2.1176,3.0553,-0.1852,2.0308,3.1293,-1.2190,1.9161,6.3556,-0.6066,3.0000,0.0000,0.0000,0,15.6465,974.0549,335.9939,655.0244,-319.0305,9.8532,-1.6417,985.5498,344.2055
34.846,1,0,learned,2.0754,49.2470,2.6330,-2.2025,2.1176,3.0553,-0.1968,2.0308,3.1293,-1.2190,1.9161,6.3556,-0.6023,3.0000,0.0000,0.0000,0,15.6465,977.1352,318.9942,648.0647,-329.0705,9.8407,-1.5327,988.5086,327.3022
34.897,1,0,learned,1.9606,49.3425,2.6248,-2.2036,2.0615,3.0175,-0.2180,2.0243,3.1293,-1.1433,1.9161,6.2149,-0.6005,3.0000,0.0000,0.0000,0,15.6465,968.7836,317.5052,643.1444,-325.6392,10.0894,-1.0443,979.9173,326.5503
34.947,1,0,learned,1.8525,49.4303,2.6191,-2.2133,2.0150,2.9932,-0.2487,2.0178,3.1293,-1.0712,1.9161,6.0847,-0.6013,3.0000,0.0000,0.0000,0,15.6465,975.5750,391.5306,683.5528,-292.0222,10.2888,-0.5331,986.3969,401.2863
34.997,1,0,learned,1.7380,49.5210,2.6086,-2.2110,1.9609,2.9553,-0.2755,2.0111,3.1293,-0.9942,1.9161,5.9492,-0.5975,3.0000,0.0000,0.0000,0,15.6465,978.2270,392.4973,685.3621,-292.8649,10.5406,0.0107,988.7570,403.0486
35.047,1,0,learned,1.6303,49.6045,2.5992,-2.2177,1.9165,2.9311,-0.2908,2.0044,3.1293,-0.9211,1.9161,5.8238,-0.5948,3.0000,0.0000,0.0000,0,15.6465,981.7349,355.2901,668.5125,-313.2224,10.6949,0.4322,991.9975,366.4171
35.097,1,0,learned,1.6303,49.6045,2.5916,-2.2177,1.9165,2.9311,-0.3005,2.0044,3.1293,-0.9211,1.9161,5.8238,-0.5871,3.0000,0.0000,0.0000,0,15.6465,982.6615,270.0119,626.3367,-356.3248,10.6517,0.5400,992.7732,281.2036
35.147,1,0,learned,1.5159,49.6913,2.5780,-2.2142,1.8669,2.8962,-0.3178,1.9974,3.1293,-0.8428,1.9161,5.6929,-0.5807,3.0000,0.0000,0.0000,0,15.6465,976.7535,234.3164,605.5350,-371.2185,10.8719,1.0105,986.6150,246.1988
35.197,1,0,learned,1.4079,49.7716,2.5693,-2.2211,1.8282,2.8768,-0.3287,1.9904,3.1293,-0.7684,1.9161,5.5713,-0.5789,3.0000,0.0000,0.0000,0,15.6465,980.9289,329.2903,655.1096,-325.8193,11.0549,1.3852,990.5986,341.7304
35.247,1,0,learned,1.4079,49.7716,2.5603,-2.2211,1.8282,2.8768,-0.3570,1.9904,3.1293,-0.7684,1.9161,5.5713,-0.5699,3.0000,0.0000,0.0000,0,15.6465,969.3649,301.1660,635.2654,-334.0995,11.0344,1.6335,978.7659,313.8339
35.297,1,0,learned,1.1859,49.9321,2.5409,-2.2220,1.7481,2.8272,-0.3650,1.9759,3.1293,-0.6138,1.9161,5.3273,-0.5650,3.0000,0.0000,0.0000,0,15.6465,966.1747,220.8237,593.4992,-372.6755,11.3623,2.2815,975.2555,234.4675
35.347,1,0,learned,1.1859,49.9321,2.5306,-2.2220,1.7481,2.8272,-0.3875,1.9759,3.1293,-0.6138,1.9161,5.3273,-0.5546,3.0000,0.0000,0.0000,0,15.6465,959.9155,159.4357,559.6756,-400.2399,11.3266,2.4841,968.7580,173.2464
35.397,1,0,learned,1.0717,50.0126,2.5126,-2.2168,1.7081,2.7985,-0.4145,1.9684,3.1293,-0.5336,1.9161,5.2048,-0.5443,3.0000,0.0000,0.0000,0,15.6465,970.0579,229.7857,599.9218,-370.1361,11.5550,3.0324,978.5805,244.3731
35.446,1,0,learned,0.9642,50.0873,2.4975,-2.2215,1.6777,2.7838,-0.4195,1.9610,3.1293,-0.4577,1.9161,5.0913,-0.5365,3.0000,0.0000,0.0000,0,15.6465,985.7260,305.5754,645.6507,-340.0753,11.6994,3.3818,994.0436,320.6566
35.497,1,0,learned,0.8504,50.1651,2.4776,-2.2148,1.6413,2.7567,-0.4438,1.9533,3.1126,-0.3770,1.9161,4.9733,-0.5244,3.0000,0.0000,0.0000,0,15.6465,981.6660,220.6412,601.1536,-380.5124,11.7465,3.8124,989.6001,236.2002
35.547,1,0,learned,0.7432,50.2375,2.4653,-2.2184,1.6145,2.7437,-0.4517,1.9458,3.0441,-0.3006,1.9161,4.8639,-0.5195,3.0000,0.0000,0.0000,0,15.6465,976.5214,226.7277,601.6245,-374.8968,11.4037,3.9001,984.0250,242.0316
35.597,1,0,learned,0.7432,50.2375,2.4483,-2.2184,1.6145,2.7437,-0.4525,1.9458,3.0441,-0.3006,1.9161,4.8639,-0.5025,3.0000,0.0000,0.0000,0,15.6465,986.2706,203.7251,594.9979,-391.2727,11.3748,3.9691,993.6763,219.0691
35.647,1,0,learned,0.5218,50.3849,2.4262,-2.2183,1.5644,2.7145,-0.4768,1.9302,2.9060,-0.1421,1.9161,4.6432,-0.4960,3.0000,0.0000,0.0000,0,15.6465,982.4049,203.9517,593.1783,-389.2266,10.6926,4.1990,988.8986,218.8433
35.697,1,0,learned,0.5218,50.3849,2.4127,-2.2183,1.5644,2.7145,-0.4910,1.9302,2.9060,-0.1421,1.9161,4.6432,-0.4825,3.0000,0.0000,0.0000,0,15.6465,975.5425,189.8392,582.6909,-392.8517,10.6731,4.3588,981.8568,204.8711
35.747,1,0,learned,0.4076,50.4598,2.3987,-2.2138,1.5398,2.6966,-0.4888,1.9221,2.8365,-0.0601,1.9161,4.5322,-0.4767,3.0000,0.0000,0.0000,0,15.6465,969.7465,208.6804,589.2134,-380.5330,10.3499,4.3915,975.7049,223.4219
35.797,1,0,learned,0.2999,50.5300,2.3751,-2.2199,1.5243,2.6928,-0.5002,1.9143,2.7722,0.0175,1.9161,4.4294,-0.4607,3.0000,0.0000,0.0000,0,15.6465,966.0846,174.9228,570.5037,-395.5809,9.9334,4.5298,971.4882,189.3860
35.846,1,0,learned,0.2999,50.5300,2.3604,-2.2199,1.5243,2.6928,-0.5082,1.9143,2.7722,0.0175,1.9161,4.4294,-0.4461,3.0000,0.0000,0.0000,0,15.6465,958.7906,132.7418,545.7662,-413.0244,9.9013,4.6327,964.0592,147.2758
35.897,1,0,learned,0.1855,50.6041,2.3356,-2.2157,1.5044,2.6782,-0.5370,1.9061,2.7050,0.1001,1.9161,4.3221,-0.4295,3.0000,0.0000,0.0000,0,15.6465,962.0507,174.5534,568.3021,-393.7486,9.5633,4.9795,966.6344,189.0962
35.947,1,0,learned,0.0777,50.6737,2.3203,-2.2218,1.4936,2.6772,-0.5202,1.8983,2.6428,0.1780,1.9161,4.2226,-0.4220,3.0000,0.0000,0.0000,0,15.6465,974.2503,183.5414,578.8959,-395.3544,9.1574,4.8835,978.5241,197.5823
35.997,1,0,learned,-0.0366,50.7473,2.2945,-2.2172,1.4779,2.6646,-0.5435,1.8900,2.5780,0.2606,1.9161,4.1192,-0.4045,3.0000,0.0000,0.0000,0,15.6465,970.7894,207.5166,589.1530,-381.6364,8.8059,5.1916,974.4037,221.5142
36.047,1,0,learned,-0.1444,50.8166,2.2733,-2.2227,1.4712,2.6655,-0.5547,1.8822,2.5182,0.3386,1.9161,4.0235,-0.3911,3.0000,0.0000,0.0000,0,15.6465,980.3689,159.1181,569.7435,-410.6254,8.3695,5.3072,983.4312,172.7949
36.097,1,0,learned,-0.2587,50.8905,2.2519,-2.2179,1.4610,2.6558,-0.5575,1.8739,2.4557,0.4211,1.9161,3.9237,-0.3779,3.0000,0.0000,0.0000,0,15.6465,983.0702,158.0049,570.5375,-412.5326,8.0000,5.4083,985.6619,171.4132
36.147,1,0,learned,-0.2587,50.8905,2.2301,-2.2179,1.4610,2.6558,-0.5700,1.8739,2.4557,0.4211,1.9161,3.9237,-0.3562,3.0000,0.0000,0.0000,0,15.6465,965.3793,138.6481,552.0137,-413.3656,7.9708,5.5996,967.7505,152.2184
36.197,1,0,learned,-0.3665,50.9605,2.2080,-2.2234,1.4608,2.6603,-0.5823,1.8662,2.3978,0.4989,1.9161,3.8313,-0.3418,3.0000,0.0000,0.0000,0,15.6465,962.1225,82.0918,522.1072,-440.0154,7.5136,5.7081,963.9281,95.3135
36.247,1,0,learned,-0.4808,51.0354,2.1856,-2.2185,1.4567,2.6539,-0.5757,1.8579,2.3376,0.5811,1.9161,3.7350,-0.3277,3.0000,0.0000,0.0000,0,15.6465,955.8866,114.8113,535.3489,-420.5377,7.1407,5.7598,957.2675,127.7118
36.297,1,0,learned,-0.5884,51.1065,2.1629,-2.2231,1.4615,2.6605,-0.5945,1.8503,2.2819,0.6583,1.9161,3.6461,-0.3127,3.0000,0.0000,0.0000,0,15.6465,954.6995,91.4778,523.0887,-431.6109,6.6887,5.9530,955.4353,104.1195
36.347,1,0,learned,-0.5884,51.1065,2.1399,-2.2231,1.4615,2.6605,-0.6033,1.8503,2.2819,0.6583,1.9161,3.6461,-0.2897,3.0000,0.0000,0.0000,0,15.6465,934.2534,54.5406,494.3970,-439.8564,6.6533,6.1085,934.7981,67.3024
36.397,1,0,learned,-0.7023,51.1825,2.1166,-2.2163,1.4613,2.6547,-0.6015,1.8421,2.2243,0.7397,1.9161,3.5540,-0.2745,3.0000,0.0000,0.0000,0,15.6465,942.9539,96.3655,519.6597,-423.2942,6.2877,6.2269,943.0146,108.8801
36.447,1,0,learned,-0.8092,51.2547,2.0989,-2.2187,1.4700,2.6615,-0.6033,1.8346,2.1713,0.8159,1.9161,3.4693,-0.2643,3.0000,0.0000,0.0000,0,15.6465,980.0388,137.0470,558.5429,-421.4959,5.8664,6.3287,979.5766,149.2421
36.497,1,0,learned,-0.9221,51.3320,2.0691,-2.2093,1.4732,2.6554,-0.6125,1.8266,2.1166,0.8960,1.9161,3.3819,-0.2425,3.0000,0.0000,0.0000,0,15.6465,903.8024,88.6086,496.2055,-407.5969,5.4895,6.4718,902.8201,100.5698
36.547,1,0,learned,-1.0280,51.4057,2.0449,-2.2086,1.4858,2.6619,-0.6250,1.8192,2.0664,0.9707,1.9161,3.3018,-0.2257,3.0000,0.0000,0.0000,0,15.6465,860.3825,125.3532,492.8678,-367.5146,5.0839,6.6886,858.7777,137.1257
36.597,1,0,learned,-1.0280,51.4057,2.0205,-2.2086,1.4858,2.6619,-0.6188,1.8192,2.0664,0.9707,1.9161,3.3018,-0.2012,3.0000,0.0000,0.0000,0,15.6465,834.5890,130.0584,482.3237,-352.2653,5.0618,6.7710,832.8798,141.8912
36.647,1,0,learned,-1.1398,51.4853,1.9896,-2.1967,1.4948,2.6571,-0.6172,1.8114,2.0145,1.0489,1.9161,3.2188,-0.1781,3.0000,0.0000,0.0000,0,15.6465,877.6447,129.0247,503.3347,-374.3100,4.6921,6.9124,875.4244,140.6292
36.697,1,0,learned,-1.2442,51.5614,1.9711,-2.1927,1.5130,2.6640,-0.6232,1.8044,1.9671,1.1214,1.9161,3.1430,-0.1667,3.0000,0.0000,0.0000,0,15.6465,818.8818,139.1843,479.0330,-339.8488,4.2956,7.0116,816.1658,150.4914
36.747,1,0,learned,-1.3538,51.6434,1.9339,-2.1757,1.5256,2.6572,-0.6342,1.7968,1.9184,1.1968,1.9161,3.0652,-0.1371,3.0000,0.0000,0.0000,0,15.6465,845.3108,183.3601,514.3354,-330.9753,3.9669,7.3680,841.9097,194.6949
36.800,1,0,learned,-1.4560,51.7219,1.9091,-2.1660,1.5476,2.6621,-0.6275,1.7900,1.8741,1.2663,1.9161,2.9944,-0.1191,3.0000,0.0000,0.0000,0,15.6465,841.0877,201.2991,521.1934,-319.8943,3.5931,7.4254,837.2553,212.3176
36.847,1,0,learned,-1.5628,51.8066,1.8844,-2.1439,1.5640,2.6538,-0.6142,1.7828,1.8288,1.3382,1.9161,2.9220,-0.1016,3.0000,0.0000,0.0000,0,15.6465,889.6825,114.8524,502.2674,-387.4151,3.2712,7.3377,885.6161,125.4612
36.897,1,0,learned,-1.6621,51.8881,1.8536,-2.1289,1.5908,2.6576,-0.6063,1.0224,2.9947,-1.4221,0.8810,17.5081,-0.8312,3.0000,0.0000,0.0000,0,14.9733,806.3875,124.2744,465.3309,-341.0566,8.6236,-5.4639,820.4750,127.4341
36.947,1,0,learned,-1.6621,51.8881,1.8354,-2.1289,1.5908,2.6576,-0.6272,1.0224,2.9947,-1.4221,0.8810,17.5081,-0.8130,3.0000,0.0000,0.0000,0,14.9733,916.0743,96.9993,506.5368,-409.5375,8.5710,-5.3070,929.9523,100.2634
36.996,1,0,learned,-1.7659,51.9765,1.8049,-2.1021,1.6127,2.6495,-0.6140,1.0092,2.9947,-1.2859,0.8810,17.4954,-0.7957,3.0000,0.0000,0.0000,0,14.9733,938.4737,75.2126,506.8431,-431.6306,8.6375,-5.0924,952.2036,78.7576
37.047,1,0,learned,-1.8621,52.0614,1.7806,-2.0827,1.6438,2.6533,-0.6160,0.9964,2.9947,-1.1576,0.8810,17.4822,-0.7841,3.0000,0.0000,0.0000,0,14.9733,890.0184,30.9285,460.4734,-429.5450,8.6374,-4.7810,903.4368,34.7848
37.097,1,0,learned,-1.9626,52.1533,1.7624,-2.0527,1.6683,2.6451,-0.6168,0.9831,2.9947,-1.0216,0.8810,17.4669,-0.7792,3.0000,0.0000,0.0000,0,14.9733,904.9236,-58.0359,423.4439,-481.4797,8.7021,-4.4854,918.1111,-53.8192
37.147,1,0,learned,-2.0559,52.2417,1.7316,-2.0309,1.7031,2.6505,-0.6438,0.9703,2.9947,-0.8934,0.8810,17.4510,-0.7613,3.0000,0.0000,0.0000,0,14.9733,973.7751,51.9532,512.8642,-460.9109,8.7104,-4.0985,986.5840,56.5651
37.197,1,0,learned,-2.1531,52.3372,1.7067,-1.9986,1.7298,2.6432,-0.6528,0.9569,2.9947,-0.7576,0.8810,17.4328,-0.7499,3.0000,0.0000,0.0000,0,14.9733,997.7264,109.5776,553.6520,-444.0744,8.7930,-3.7841,1000.0000,114.5865
37.252,1,0,learned,-2.2432,52.4287,1.6753,-1.9743,1.7650,2.6483,-0.6598,0.9441,2.9947,-0.6299,0.8810,17.4145,-0.7313,3.0000,0.0000,0.0000,0,14.9733,947.8797,214.8153,581.3475,-366.5322,8.8065,-3.4660,960.1522,220.1559
37.297,1,0,learned,-2.2432,52.4287,1.6561,-1.9743,1.7650,2.6483,-0.6440,0.9441,2.9947,-0.6299,0.8810,17.4145,-0.7120,3.0000,0.0000,0.0000,0,14.9733,969.4991,165.4167,567.4579,-402.0412,8.7609,-3.4977,981.7576,170.6798
37.347,1,0,learned,-2.3372,52.5283,1.6238,-1.9409,1.7950,2.6437,-0.6643,0.9305,2.9947,-0.4941,0.8810,17.3931,-0.6933,3.0000,0.0000,0.0000,0,14.9733,978.2457,73.3488,525.7972,-452.4485,8.7705,-3.0264,990.0426,79.0929
37.397,1,0,learned,-2.4238,52.6250,1.6108,-1.9135,1.8392,2.6541,-0.6575,0.9176,2.9947,-0.3657,0.8810,17.3704,-0.6932,3.0000,0.0000,0.0000,0,14.9733,984.8456,83.8554,534.3505,-450.4951,8.7668,-2.8533,996.4657,89.7689
37.452,1,0,learned,-2.4238,52.6250,1.5912,-1.9135,1.8392,2.6541,-0.6695,0.9176,2.9947,-0.3657,0.8810,17.3704,-0.6736,3.0000,0.0000,0.0000,0,14.9733,985.9486,33.0574,509.5030,-476.4456,8.7116,-2.6927,997.3530,39.0763
37.497,1,0,learned,-2.5133,52.7308,1.5584,-1.8750,1.8780,2.6537,-0.6613,0.9040,2.9947,-0.2294,0.8810,17.3435,-0.6545,3.0000,0.0000,0.0000,0,14.9733,980.1657,8.3672,494.2664,-485.8993,8.7245,-2.4302,991.3204,14.6615
37.547,1,0,learned,-2.5954,52.8329,1.5452,-1.8421,1.9280,2.6666,-0.6820,0.8911,2.9947,-0.1010,0.8810,17.3157,-0.6541,3.0000,0.0000,0.0000,0,14.9733,989.4105,29.6061,509.5083,-479.9022,8.6997,-2.0849,1000.0000,36.2209
37.597,1,0,learned,-2.6799,52.9439,1.5118,-1.7986,1.9692,2.6670,-0.6847,0.8775,2.9947,0.0348,0.8810,17.2836,-0.6343,3.0000,0.0000,0.0000,0,14.9733,992.9320,32.4874,512.7097,-480.2223,8.7088,-1.7615,1000.0000,39.4346
37.646,1,0,learned,-2.7571,53.0506,1.4781,-1.7606,2.0202,2.6797,-0.7023,0.8648,2.9947,0.1623,0.8810,17.2512,-0.6133,3.0000,0.0000,0.0000,0,14.9733,973.2963,-75.3727,448.9618,-524.3345,8.6151,-1.3249,983.2362,-68.0825
37.696,1,0,learned,-2.7571,53.0506,1.4645,-1.7606,2.0202,2.6797,-0.7065,0.8648,2.9947,0.1623,0.8810,17.2512,-0.5997,3.0000,0.0000,0.0000,0,14.9733,966.5766,30.6663,498.6214,-467.9551,8.6114,-1.2730,976.4610,38.0047
37.747,1,0,learned,-2.8362,53.1664,1.4370,-1.7127,2.0612,2.6799,-0.7223,0.8513,2.9947,0.2969,0.8810,17.2140,-0.5856,3.0000,0.0000,0.0000,0,14.9733,968.3920,66.6899,517.5409,-450.8511,8.6342,-0.8937,977.9199,74.4303
37.797,1,0,learned,-2.9081,53.2772,1.4092,-1.6698,2.1110,2.6915,-0.7293,0.8389,2.9947,0.4229,0.8810,17.1769,-0.5703,3.0000,0.0000,0.0000,0,14.9733,985.0779,0.2913,492.6846,-492.3933,8.5684,-0.5718,994.2180,8.2878
37.847,1,0,learned,-2.9081,53.2772,1.3880,-1.6698,2.1110,2.6915,-0.7153,0.8389,2.9947,0.4229,0.8810,17.1769,-0.5491,3.0000,0.0000,0.0000,0,14.9733,995.7751,-104.0668,445.8542,-549.9209,8.5073,-0.5676,1000.0000,-96.1271
37.897,1,0,learned,-2.9816,53.3972,1.3527,-1.6184,2.1502,2.6912,-0.7160,0.8256,2.9947,0.5560,0.8810,17.1349,-0.5270,3.0000,0.0000,0.0000,0,14.9733,997.3521,-106.6145,445.3688,-551.9833,8.5134,-0.2521,1000.0000,-98.3532
37.947,1,0,learned,-3.0478,53.5123,1.3384,-1.5706,2.1997,2.7029,-0.7290,0.8134,2.9947,0.6803,0.8810,17.0928,-0.5250,3.0000,0.0000,0.0000,0,14.9733,990.5050,-24.6341,482.9355,-507.5695,8.5049,0.0323,998.9775,-16.0969
37.997,1,0,learned,-3.1147,53.6360,1.3024,-1.5140,2.2357,2.7001,-0.7333,0.8005,2.9947,0.8107,0.8810,17.0457,-0.5019,3.0000,0.0000,0.0000,0,14.9733,976.4257,57.6476,517.0366,-459.3890,8.5377,0.3612,984.6022,66.5465
38.046,1,0,learned,-3.1147,53.6360,1.2733,-1.5140,2.2357,2.7001,-0.7660,0.8005,2.9947,0.8107,0.8810,17.0457,-0.4728,3.0000,0.0000,0.0000,0,14.9733,994.0013,-5.0375,494.4819,-499.5194,8.4528,0.6835,1000.0000,4.0987
38.097,1,0,learned,-3.1749,53.7540,1.2513,-1.4619,2.2802,2.7086,-0.7478,0.7886,2.9947,0.9322,0.8810,16.9993,-0.4627,3.0000,0.0000,0.0000,0,14.9733,981.0542,102.6543,541.8543,-439.1999,8.4596,0.7942,988.7196,111.9081
38.147,1,0,learned,-3.2351,53.8811,1.2218,-1.4011,2.3128,2.7041,-0.7562,0.7760,2.9947,1.0595,0.8810,16.9472,-0.4457,3.0000,0.0000,0.0000,0,14.9733,982.8357,114.7706,548.8031,-434.0326,8.4954,1.1313,990.1998,124.3972
38.196,1,0,learned,-3.2881,54.0024,1.1920,-1.3419,2.3559,2.7113,-0.7652,0.7645,2.9947,1.1776,0.8810,16.8953,-0.4275,3.0000,0.0000,0.0000,0,14.9733,984.8959,58.6926,521.7943,-463.1016,8.4501,1.4566,991.8894,68.5993
38.246,1,0,learned,-3.2881,54.0024,1.1771,-1.3419,2.3559,2.7113,-0.7695,0.7645,2.9947,1.1776,0.8810,16.8953,-0.4126,3.0000,0.0000,0.0000,0,14.9733,998.8451,-47.9550,475.4450,-523.4000,8.3977,1.5464,1000.0000,-38.0109
38.297,1,0,learned,-3.3399,54.1331,1.1398,-1.2726,2.3875,2.7054,-0.7488,0.7524,2.9947,1.3007,0.8810,16.8366,-0.3875,3.0000,0.0000,0.0000,0,14.9733,996.8266,58.6216,527.7241,-469.1025,8.4536,1.6999,1000.0000,68.7751
38.347,1,0,learned,-3.3844,54.2579,1.1176,-1.2035,2.4299,2.7116,-0.7415,0.7414,2.9947,1.4145,0.8810,16.7781,-0.3762,3.0000,0.0000,0.0000,0,14.9733,989.0557,-37.7363,475.6597,-513.3960,8.4287,1.8837,995.6006,-27.4239
38.397,1,0,learned,-3.3844,54.2579,1.0951,-1.2035,2.4299,2.7116,-0.7358,0.7414,2.9947,1.4145,0.8810,16.7781,-0.3537,3.0000,0.0000,0.0000,0,14.9733,973.0934,28.9009,500.9971,-472.0963,8.3990,1.9265,979.5660,39.2264
38.446,1,0,learned,-3.4271,54.3919,1.0579,-1.1270,2.4592,2.7051,-0.7542,0.7297,2.9947,1.5327,0.8810,16.7126,-0.3282,3.0000,0.0000,0.0000,0,14.9733,963.3714,41.0605,502.2160,-461.1554,8.4265,2.3309,969.4669,51.8179
38.497,1,0,learned,-3.4631,54.5195,1.0430,-1.0518,2.4988,2.7111,-0.7618,0.7193,2.9947,1.6416,0.8810,16.6479,-0.3236,3.0000,0.0000,0.0000,0,14.9733,998.4465,109.9028,554.1746,-444.2718,8.4355,2.5502,1000.0000,120.8884
38.547,1,0,learned,-3.4631,54.5195,1.0130,-1.0518,2.4988,2.7111,-0.7492,0.7193,2.9947,1.6416,0.8810,16.6479,-0.2937,3.0000,0.0000,0.0000,0,14.9733,994.5543,219.9028,607.2286,-387.3258,8.3985,2.5737,1000.0000,230.8750
38.596,1,0,learned,-3.4970,54.6562,0.9830,-0.9715,2.5251,2.7055,-0.7508,0.7083,2.9947,1.7548,0.8810,16.5759,-0.2747,3.0000,0.0000,0.0000,0,14.9733,990.1239,295.0162,642.5700,-347.5539,8.4494,2.8365,995.7368,306.3021
38.650,1,0,learned,-3.5245,54.7865,0.9530,-0.8918,2.5629,2.7136,-0.7500,0.6984,2.9947,1.8589,0.8810,16.5048,-0.2546,3.0000,0.0000,0.0000,0,14.9733,993.1505,209.5724,601.3614,-391.7890,8.3987,3.0649,998.4842,221.0360
38.696,1,0,learned,-3.5480,54.9266,0.9232,-0.8041,2.5891,2.7111,-0.7298,0.6881,2.9947,1.9662,0.8810,16.4248,-0.2351,3.0000,0.0000,0.0000,0,14.9733,998.5631,207.3722,602.9676,-395.5954,8.4303,3.1763,1000.0000,218.9787
38.747,1,0,learned,-3.5645,55.0605,0.8937,-0.7118,2.6291,2.7237,-0.7388,0.6791,2.9947,2.0641,0.8810,16.3448,-0.2146,3.0000,0.0000,0.0000,0,14.9733,996.6911,215.9979,606.3445,-390.3466,8.3677,3.4463,1000.0000,227.8118
38.797,1,0,learned,-3.5645,55.0605,0.8644,-0.7118,2.6291,2.7237,-0.7183,0.6791,2.9947,2.0641,0.8810,16.3448,-0.1853,3.0000,0.0000,0.0000,0,14.9733,988.4308,209.3415,598.8862,-389.5446,8.3194,3.4204,993.3297,221.0813
38.847,1,0,learned,-3.5757,55.2040,0.8354,-0.6126,2.6555,2.7253,-0.7325,0.6696,2.9947,2.1641,0.8810,16.2550,-0.1658,3.0000,0.0000,0.0000,0,14.9733,983.5069,317.2691,650.3880,-333.1189,8.3332,3.7351,988.1050,329.3373
38.897,1,0,learned,-3.5806,55.3405,0.8137,-0.5106,2.6929,2.7409,-0.7127,0.6616,2.9947,2.2548,0.8810,16.1662,-0.1522,3.0000,0.0000,0.0000,0,14.9733,990.4688,370.4756,680.4722,-309.9966,8.2870,3.7905,994.9653,382.5531
38.947,1,0,learned,-3.5795,55.4862,0.7852,-0.4042,2.7146,2.7446,-0.7110,0.6531,2.9947,2.3466,0.8810,16.0674,-0.1321,3.0000,0.0000,0.0000,0,14.9733,986.6004,402.6569,694.6287,-291.9718,8.2872,3.9951,990.8926,414.9392
38.997,1,0,learned,-3.5795,55.4862,0.7569,-0.4042,2.7146,2.7446,-0.6855,0.6531,2.9947,2.3466,0.8810,16.0674,-0.1038,3.0000,0.0000,0.0000,0,14.9733,988.9391,495.0851,742.0121,-246.9270,8.2537,3.9393,993.2535,507.2781
39.047,1,0,learned,-3.5723,55.6243,0.7290,-0.2935,2.7471,2.7627,-0.6723,0.6460,2.9947,2.4290,0.8810,15.9698,-0.0830,3.0000,0.0000,0.0000,0,14.9733,980.6518,442.7688,711.7103,-268.9415,8.1715,4.0435,984.7799,454.9838
39.097,1,0,learned,-3.5577,55.7715,0.6948,-0.1785,2.7641,2.7698,-0.6610,0.6385,2.9947,2.5114,0.8810,15.8612,-0.0562,3.0000,0.0000,0.0000,0,14.9733,989.2363,474.9848,732.1106,-257.1258,8.1468,4.1986,993.1845,487.3302
39.148,1,0,learned,-3.5373,55.9110,0.6813,-0.0579,2.7923,2.7929,-0.6412,0.6326,2.9947,2.5844,0.8810,15.7540,-0.0487,3.0000,0.0000,0.0000,0,14.9733,990.2816,492.3489,741.3153,-248.9664,8.0766,4.2152,994.1431,504.6407
39.197,1,0,learned,-3.5373,55.9110,0.6547,-0.0579,2.7923,2.7929,-0.6422,0.6326,2.9947,2.5844,0.8810,15.7540,-0.0221,3.0000,0.0000,0.0000,0,14.9733,981.1776,491.4910,736.3343,-244.8433,8.0276,4.3090,984.8961,503.8276
39.247,1,0,learned,-3.4752,56.1994,0.6157,0.1904,2.8270,2.8334,-0.6125,0.6216,2.9947,2.7201,0.8810,15.5189,0.0059,3.0000,0.0000,0.0000,0,14.9733,971.4599,455.5012,713.4806,-257.9793,7.8954,4.4416,974.9137,467.8383
39.297,1,0,learned,-3.4752,56.1994,0.6030,0.1904,2.8270,2.8334,-0.6165,0.6216,2.9947,2.7201,0.8810,15.5189,0.0186,3.0000,0.0000,0.0000,0,14.9733,988.8153,520.0558,754.4356,-234.3797,7.8713,4.5195,992.1670,532.4466
39.347,1,0,learned,-3.4331,56.3478,0.5716,0.3145,2.8323,2.8497,-0.5927,0.6166,2.9947,2.7820,0.8810,15.3908,0.0450,3.0000,0.0000,0.0000,0,14.9733,993.5100,537.7096,765.6098,-227.9002,7.8125,4.5835,996.7390,550.1056
39.397,1,0,learned,-3.3875,56.4871,0.5532,0.4413,2.8465,2.8805,-0.6085,0.6128,2.9947,2.8355,0.8810,15.2665,0.0596,3.0000,0.0000,0.0000,0,14.9733,982.5646,556.3089,769.4367,-213.1279,7.6812,4.8419,985.4039,568.8319
39.447,1,0,learned,-3.3875,56.4871,0.5290,0.4413,2.8465,2.8805,-0.5917,0.6128,2.9947,2.8355,0.8810,15.2665,0.0839,3.0000,0.0000,0.0000,0,14.9733,994.6713,481.9810,738.3262,-256.3452,7.6401,4.7999,997.5116,494.4210
39.496,1,0,learned,-3.3328,56.6341,0.5051,0.5635,2.8425,2.8978,-0.5810,0.6089,2.9947,2.8869,0.8810,15.1306,0.1038,3.0000,0.0000,0.0000,0,14.9733,983.3503,585.1390,784.2447,-199.1056,7.5910,4.9424,985.9989,597.6725
39.548,1,0,learned,-3.2754,56.7716,0.4875,0.6901,2.8470,2.9295,-0.5703,0.6062,2.9947,2.9301,0.8810,14.9990,0.1187,3.0000,0.0000,0.0000,0,14.9733,985.1715,590.8712,788.0214,-197.1502,7.4670,5.0348,987.6038,603.3730
39.597,1,0,learned,-3.2084,56.9160,0.4587,0.8099,2.8331,2.9466,-0.5453,0.6033,2.9947,2.9703,0.8810,14.8559,0.1446,3.0000,0.0000,0.0000,0,14.9733,997.3973,511.7073,754.5523,-242.8450,7.4084,5.0596,999.7461,524.1753
39.647,1,0,learned,-3.1397,57.0506,0.4361,0.9339,2.8273,2.9775,-0.5302,0.6016,2.9947,3.0030,0.8810,14.7181,0.1655,3.0000,0.0000,0.0000,0,14.9733,995.7590,586.7124,791.2357,-204.5233,7.2832,5.1624,997.8799,599.1581
39.697,1,0,learned,-3.0612,57.1915,0.4082,1.0492,2.8037,2.9936,-0.5413,0.5996,2.9947,3.0321,0.8810,14.5688,0.1914,3.0000,0.0000,0.0000,0,14.9733,990.9567,666.6447,828.8007,-162.1560,7.2157,5.4483,992.7242,679.3088
39.748,1,0,learned,-2.9824,57.3224,0.3811,1.1677,2.7885,3.0231,-0.5350,0.5988,2.9947,3.0546,0.8810,14.4258,0.2177,3.0000,0.0000,0.0000,0,14.9733,994.1759,732.6222,863.3990,-130.7769,7.0791,5.6202,995.6347,745.3214
39.798,1,0,learned,-2.9824,57.3224,0.3649,1.1677,2.7885,3.0231,-0.5175,0.5988,2.9947,3.0546,0.8810,14.4258,0.2339,3.0000,0.0000,0.0000,0,14.9733,987.1672,769.1256,878.1464,-109.0208,7.0616,5.5767,988.6522,781.7639
39.846,1,0,learned,-2.8934,57.4592,0.3385,1.2765,2.7567,3.0379,-0.4908,0.5977,2.9947,3.0730,0.8810,14.2713,0.2592,3.0000,0.0000,0.0000,0,14.9733,991.9955,819.1240,905.5597,-86.4358,7.0182,5.6134,993.4003,831.7555
39.897,1,0,learned,-2.8043,57.5860,0.3230,1.3923,2.7337,3.0678,-0.5112,0.5978,2.9947,3.0850,0.8810,14.1231,0.2748,3.0000,0.0000,0.0000,0,14.9733,970.5516,788.8429,879.6973,-90.8544,6.8897,5.8834,971.5578,801.6160
39.947,1,0,learned,-2.7041,57.7180,0.2979,1.4993,2.6948,3.0838,-0.4575,0.5978,2.9947,3.0917,0.8810,13.9630,0.3000,3.0000,0.0000,0.0000,0,14.9733,994.8187,856.1223,925.4705,-69.3482,6.8479,5.7478,995.9189,868.7180
39.997,1,0,learned,-2.6044,57.8401,0.2783,1.6146,2.6644,3.1154,-0.4605,0.5989,2.9947,3.0925,0.8810,13.8096,0.3206,3.0000,0.0000,0.0000,0,14.9733,995.1080,892.0560,943.5820,-51.5260,6.6988,5.9399,995.8669,904.6946
40.047,1,0,learned,-2.6044,57.8401,0.2640,1.6146,2.6644,3.1154,-0.4338,0.5989,2.9947,3.0925,0.8810,13.8096,0.3349,3.0000,0.0000,0.0000,0,14.9733,992.3582,930.0534,961.2058,-31.1524,6.6893,5.8330,993.2145,942.5757
40.097,1,0,learned,-2.4932,57.9667,0.2456,1.7195,2.6184,3.1326,-0.4403,0.6000,2.9947,3.0873,0.8810,13.6443,0.3545,3.0000,0.0000,0.0000,0,14.9733,990.5281,940.0573,965.2927,-25.2354,6.6212,6.0271,991.1222,952.7055
40.147,1,0,learned,-2.3833,58.0832,0.2322,1.8336,2.5805,3.1656,-0.4203,0.6022,2.9947,3.0767,0.8810,13.4862,0.3700,3.0000,0.0000,0.0000,0,14.9733,989.6275,946.5184,968.0729,-21.5546,6.4839,6.0430,990.0684,959.0453
40.197,1,0,learned,-2.3833,58.0832,0.2149,1.8336,2.5805,3.1656,-0.3960,0.6022,2.9947,3.0767,0.8810,13.4862,0.3873,3.0000,0.0000,0.0000,0,14.9733,978.1293,984.5253,981.3273,3.1980,6.4710,5.9627,978.6376,996.9590
40.246,1,0,learned,-2.2611,58.2037,0.1941,1.9366,2.5276,3.1842,-0.3693,0.6044,2.9947,3.0591,0.8810,13.3161,0.4103,3.0000,0.0000,0.0000,0,14.9733,988.4916,967.8287,978.1602,-10.3314,6.4058,5.9437,988.9536,980.1782
40.297,1,0,learned,-2.1412,58.3142,0.1783,2.0490,2.4824,3.2188,-0.3573,0.6075,2.9947,3.0369,0.8810,13.1538,0.4293,3.0000,0.0000,0.0000,0,14.9733,993.1363,970.9570,982.0467,-11.0896,6.2418,6.0173,993.3608,983.2161
40.347,1,0,learned,-2.0089,58.4279,0.1631,2.1480,2.4234,3.2384,-0.3305,0.6108,2.9947,3.0073,0.8810,12.9796,0.4477,3.0000,0.0000,0.0000,0,14.9733,986.9646,955.1871,971.0759,-15.8887,6.1784,5.9704,987.1727,967.3359
40.397,1,0,learned,-1.8800,58.5320,0.1522,2.2558,2.3723,3.2736,-0.3417,0.6149,2.9947,2.9740,0.8810,12.8140,0.4626,3.0000,0.0000,0.0000,0,14.9733,937.2408,964.6747,950.9577,13.7169,6.0086,6.1731,937.0763,976.8564
40.447,1,0,learned,-1.8800,58.5320,0.1382,2.2558,2.3723,3.2736,-0.3247,0.6149,2.9947,2.9740,0.8810,12.8140,0.4767,3.0000,0.0000,0.0000,0,14.9733,964.6144,975.2850,969.9497,5.3353,5.9896,6.1222,964.4818,987.3969
40.497,1,0,learned,-1.7388,58.6389,0.1247,2.3475,2.3091,3.2928,-0.2978,0.6190,2.9947,2.9332,0.8810,12.6369,0.4943,3.0000,0.0000,0.0000,0,14.9733,962.7349,976.8973,969.8161,7.0812,5.9196,6.0633,962.5911,988.8802
40.547,1,0,learned,-1.6024,58.7365,0.1149,2.4464,2.2541,3.3265,-0.3068,0.6238,2.9947,2.8901,0.8810,12.4692,0.5089,3.0000,0.0000,0.0000,0,14.9733,968.4609,975.4734,971.9671,3.5062,5.7377,6.2426,967.9560,987.4537
40.597,1,0,learned,-1.4544,58.8366,0.0994,2.5264,2.1881,3.3422,-0.2953,0.6286,2.9947,2.8396,0.8810,12.2908,0.5292,3.0000,0.0000,0.0000,0,14.9733,959.3125,991.5707,975.4416,16.1291,5.6669,6.2829,958.6965,1000.0000
40.647,1,0,learned,-1.3122,58.9277,0.0876,2.6137,2.1300,3.3717,-0.2652,0.6340,2.9947,2.7879,0.8810,12.1225,0.5464,3.0000,0.0000,0.0000,0,14.9733,903.2857,995.2658,949.2758,45.9900,5.5453,6.2051,902.6260,1000.0000
40.697,1,0,learned,-1.3122,58.9277,0.0790,2.6137,2.1300,3.3717,-0.2452,0.6340,2.9947,2.7879,0.8810,12.1225,0.5550,3.0000,0.0000,0.0000,0,14.9733,841.5636,988.4452,915.0044,73.4408,5.5701,6.1077,841.0260,1000.0000
40.748,1,0,learned,-1.1587,59.0208,0.0654,2.6814,2.0621,3.3826,-0.2385,0.6394,2.9947,2.7287,0.8810,11.9439,0.5739,3.0000,0.0000,0.0000,0,14.9733,801.4133,980.9351,891.1742,89.7609,5.5379,6.1508,800.8004,992.6238
40.796,1,0,learned,-1.0121,59.1053,0.0576,2.7559,2.0017,3.4061,-0.2245,0.6452,2.9947,2.6694,0.8810,11.7761,0.5875,3.0000,0.0000,0.0000,0,14.9733,755.5325,978.3832,866.9579,111.4254,5.4389,6.1436,754.8277,989.9657
40.847,1,0,learned,-0.8552,59.1912,0.0430,2.8081,1.9318,3.4084,-0.2095,0.6509,2.9947,2.6031,0.8810,11.5993,0.6079,3.0000,0.0000,0.0000,0,14.9733,795.2915,983.3594,889.3255,94.0340,5.4301,6.1117,794.6099,994.9012
40.897,1,0,learned,-0.7066,59.2687,0.0363,2.8654,1.8686,3.4208,-0.1880,0.6568,2.9947,2.5378,0.8810,11.4343,0.6205,3.0000,0.0000,0.0000,0,14.9733,703.3454,978.6904,841.0179,137.6725,5.4159,6.0177,702.7436,990.1240
40.947,1,0,learned,-0.7066,59.2687,0.0278,2.8654,1.8686,3.4208,-0.1780,0.6568,2.9947,2.5378,0.8810,11.4343,0.6290,3.0000,0.0000,0.0000,0,14.9733,691.0469,988.0458,839.5463,148.4994,5.4146,5.9891,690.4724,999.4495
40.997,1,0,learned,-0.5487,59.3473,0.0182,2.8996,1.7969,3.4113,-0.1447,0.6627,2.9947,2.4660,0.8810,11.2614,0.6445,3.0000,0.0000,0.0000,0,14.9733,649.7267,984.8668,817.2968,167.5701,5.5247,5.7704,649.4809,996.1620
41.046,1,0,learned,-0.3998,59.4180,0.0113,2.9404,1.7323,3.4127,-0.1403,0.6687,2.9947,2.3961,0.8810,11.1004,0.6574,3.0000,0.0000,0.0000,0,14.9733,593.6528,978.6963,786.1746,192.5218,5.5509,5.7578,593.4459,990.0051
41.097,1,0,learned,-0.2421,59.4895,0.0067,2.9589,1.6607,3.3931,-0.1098,0.6747,2.9947,2.3200,0.8810,10.9322,0.6680,3.0000,0.0000,0.0000,0,14.9733,562.8161,963.0072,762.9117,200.0956,5.7259,5.4948,563.0472,974.2280
41.147,1,0,learned,-0.0940,59.5536,-0.0001,2.9843,1.5959,3.3842,-0.0833,0.6809,2.9947,2.2465,0.8810,10.7762,0.6809,3.0000,0.0000,0.0000,0,14.9733,488.6550,981.3443,734.9996,246.3447,5.8300,5.2959,489.1891,992.4702
41.197,1,0,learned,-0.0940,59.5536,-0.0035,2.9843,1.5959,3.3842,-0.0628,0.6809,2.9947,2.2465,0.8810,10.7762,0.6844,3.0000,0.0000,0.0000,0,14.9733,482.8293,984.3989,733.6141,250.7848,5.8426,5.1679,483.5040,995.4093
41.247,1,0,learned,0.0622,59.6183,-0.0081,2.9881,1.5253,3.3549,-0.0302,0.6870,2.9947,2.1672,0.8810,10.6138,0.6951,3.0000,0.0000,0.0000,0,14.9733,548.6081,972.1405,760.3743,211.7662,6.0468,4.8511,549.8038,983.0384
41.297,1,0,learned,0.2083,59.6761,-0.0107,2.9989,1.4611,3.3359,-0.0050,0.6932,2.9947,2.0914,0.8810,10.4638,0.7038,3.0000,0.0000,0.0000,0,14.9733,445.8192,987.6077,716.7134,270.8943,6.2259,4.6013,447.4437,998.4349
41.347,1,0,learned,0.3618,59.7340,-0.0120,2.9897,1.3917,3.2977,0.0045,0.6994,2.9947,2.0098,0.8810,10.3081,0.7114,3.0000,0.0000,0.0000,0,14.9733,452.2849,986.4507,719.3678,267.0829,6.4864,4.3998,454.3715,997.3370
41.397,1,0,learned,0.5055,59.7857,-0.0128,2.9907,1.3288,3.2726,0.0253,0.7057,2.9947,1.9318,0.8810,10.1642,0.7186,3.0000,0.0000,0.0000,0,14.9733,453.2706,970.8863,712.0784,258.8079,6.6762,4.1439,455.8029,981.7064
41.447,1,0,learned,0.5055,59.7857,-0.0128,2.9907,1.3288,3.2726,0.0598,0.7057,2.9947,1.9318,0.8810,10.1642,0.7185,3.0000,0.0000,0.0000,0,14.9733,359.9141,976.0640,667.9890,308.0749,6.7283,3.8935,362.7489,986.6858
41.497,1,0,learned,0.6568,59.8373,-0.0120,2.9743,1.2617,3.2308,0.0720,0.7122,2.9947,1.8480,0.8810,10.0148,0.7243,3.0000,0.0000,0.0000,0,14.9733,359.5893,982.5171,671.0532,311.4639,7.0127,3.6438,362.9582,993.1735
41.547,1,0,learned,0.7982,59.8832,-0.0090,2.9687,1.2005,3.2022,0.1113,0.7187,2.9947,1.7681,0.8810,9.8770,0.7277,3.0000,0.0000,0.0000,0,14.9733,318.0518,972.0666,645.0592,327.0074,7.2484,3.2138,322.0864,982.5289
41.597,1,0,learned,0.9468,59.9289,-0.0066,2.9464,1.1360,3.1578,0.1388,0.7255,2.9947,1.6826,0.8810,9.7342,0.7321,3.0000,0.0000,0.0000,0,14.9733,333.7306,977.2415,655.4860,321.7554,7.5531,2.8290,338.4547,987.6236
41.646,1,0,learned,1.0854,59.9693,-0.0024,2.9348,1.0770,3.1262,0.1487,0.7323,2.9947,1.6013,0.8810,9.6027,0.7347,3.0000,0.0000,0.0000,0,14.9733,331.5882,978.7956,655.1919,323.6037,7.7700,2.5945,336.7637,989.1600
41.697,1,0,learned,1.0854,59.9693,0.0000,2.9348,1.0770,3.1262,0.1635,0.7323,2.9947,1.6013,0.8810,9.6027,0.7323,3.0000,0.0000,0.0000,0,14.9733,251.4916,985.0361,618.2638,366.7723,7.8045,2.4723,256.8237,995.3129
41.747,1,0,learned,1.2310,60.0093,0.0073,2.9078,1.0158,3.0801,0.1915,0.7393,2.9947,1.5145,0.8810,9.4666,0.7320,3.0000,0.0000,0.0000,0,14.9733,288.6727,986.6820,637.6773,349.0046,8.1143,2.0482,294.7387,996.8445
41.797,1,0,learned,1.3670,60.0448,0.0125,2.8928,0.9605,3.0481,0.2260,0.7463,2.9947,1.4322,0.8810,9.3413,0.7339,3.0000,0.0000,0.0000,0,14.9733,244.9892,978.0023,611.4957,366.5065,8.3611,1.6156,251.7347,987.9789
41.847,1,0,learned,1.3670,60.0448,0.0202,2.8928,0.9605,3.0481,0.2435,0.7463,2.9947,1.4322,0.8810,9.3413,0.7261,3.0000,0.0000,0.0000,0,14.9733,165.7384,981.1661,573.4523,407.7138,8.4018,1.4452,172.6951,991.0132
41.897,1,0,learned,1.5098,60.0800,0.0290,2.8637,0.9038,3.0029,0.2640,0.7537,2.9947,1.3445,0.8810,9.2114,0.7246,3.0000,0.0000,0.0000,0,14.9733,136.2995,991.5598,563.9296,427.6302,8.7155,1.0622,143.9527,1000.0000
41.947,1,0,learned,1.6432,60.1112,0.0338,2.8466,0.8528,2.9717,0.3020,0.7609,2.9947,1.2614,0.8810,9.0918,0.7271,3.0000,0.0000,0.0000,0,14.9733,99.7975,977.0782,538.4379,438.6404,8.9532,0.5976,108.1531,986.6290
41.997,1,0,learned,1.7830,60.1420,0.0469,2.8150,0.8007,2.9267,0.3153,0.7685,2.9947,1.1732,0.8810,8.9682,0.7216,3.0000,0.0000,0.0000,0,14.9733,101.3136,983.9538,542.6337,441.3201,9.2522,0.2441,110.3217,993.4502
42.047,1,0,learned,1.7830,60.1420,0.0587,2.8150,0.8007,2.9267,0.3575,0.7685,2.9947,1.1732,0.8810,8.9682,0.7099,3.0000,0.0000,0.0000,0,14.9733,154.8394,979.1370,566.9882,412.1488,9.2723,-0.1246,164.2362,988.2847
42.097,1,0,learned,1.9131,60.1690,0.0649,2.7940,0.7532,2.8937,0.3862,0.7759,2.9947,1.0900,0.8810,8.8548,0.7110,3.0000,0.0000,0.0000,0,14.9733,161.0492,982.2185,571.6338,410.5846,9.4949,-0.5307,171.0748,991.1827
42.147,1,0,learned,2.0492,60.1956,0.0818,2.7588,0.7048,2.8474,0.3867,0.7837,2.9947,1.0019,0.8810,8.7380,0.7020,3.0000,0.0000,0.0000,0,14.9733,173.0593,987.9607,580.5100,407.4507,9.7898,-0.8099,183.6591,996.9405
42.196,1,0,learned,2.1763,60.2190,0.0964,2.7363,0.6612,2.8151,0.4148,0.7913,2.9947,0.9188,0.8810,8.6305,0.6949,3.0000,0.0000,0.0000,0,14.9733,116.0270,983.4434,549.7352,433.7082,10.0304,-1.2570,127.3144,992.2168
42.246,1,0,learned,2.1763,60.2190,0.1041,2.7363,0.6612,2.8151,0.4313,0.7913,2.9947,0.9188,0.8810,8.6305,0.6872,3.0000,0.0000,0.0000,0,14.9733,118.1418,986.1158,552.1288,433.9870,10.0448,-1.4164,129.6030,994.7443
42.297,1,0,learned,2.3099,60.2422,0.1243,2.7031,0.6183,2.7729,0.4418,0.7994,2.9947,0.8305,0.8810,8.5191,0.6751,3.0000,0.0000,0.0000,0,14.9733,33.2607,986.1299,509.6953,476.4346,10.3468,-1.7876,45.3952,994.6891
42.347,1,0,learned,2.4348,60.2627,0.1370,2.6830,0.5800,2.7449,0.4610,0.8073,2.9947,0.7472,0.8810,8.4164,0.6703,3.0000,0.0000,0.0000,0,14.9733,0.9344,981.0899,491.0121,490.0778,10.5436,-2.1542,13.6322,989.4794
42.396,1,0,learned,2.4348,60.2627,0.1503,2.6830,0.5800,2.7449,0.4825,0.8073,2.9947,0.7472,0.8810,8.4164,0.6570,3.0000,0.0000,0.0000,0,14.9733,-48.8918,968.6891,459.8987,508.7905,10.5817,-2.3815,-35.9286,976.8893
42.446,1,0,learned,2.5661,60.2829,0.1733,2.6512,0.5418,2.7060,0.5112,0.8156,2.9947,0.6588,0.8810,8.3102,0.6423,3.0000,0.0000,0.0000,0,14.9733,45.9464,980.1976,513.0720,467.1256,10.8185,-2.8830,59.6479,988.1330
42.497,1,0,learned,2.6886,60.3005,0.1829,2.6313,0.5070,2.6797,0.5250,0.8236,2.9947,0.5756,0.8810,8.2127,0.6407,3.0000,0.0000,0.0000,0,14.9733,99.7416,973.7479,536.7448,437.0032,10.9720,-3.1865,113.9001,981.5334
42.547,1,0,learned,2.8172,60.3180,0.2079,2.5997,0.4725,2.6423,0.5413,0.8321,2.9947,0.4874,0.8810,8.1119,0.6242,3.0000,0.0000,0.0000,0,14.9733,103.5385,984.4858,544.0121,440.4737,11.2159,-3.6078,118.3622,992.0940
42.597,1,0,learned,2.9377,60.3337,0.2340,2.5820,0.4435,2.6198,0.5490,0.8403,2.9947,0.4045,0.8810,8.0186,0.6063,3.0000,0.0000,0.0000,0,14.9733,109.9198,979.0821,544.5009,434.5811,11.3713,-3.9450,125.2361,986.5084
42.646,1,0,learned,2.9377,60.3337,0.2447,2.5820,0.4435,2.6198,0.5480,0.8403,2.9947,0.4045,0.8810,8.0186,0.5955,3.0000,0.0000,0.0000,0,14.9733,69.1471,984.5277,526.8374,457.6903,11.3920,-3.9910,84.5300,991.9287
42.697,1,0,learned,3.0653,60.3497,0.2666,2.5564,0.4166,2.5902,0.5683,0.8490,2.9947,0.3163,0.8810,7.9211,0.5824,3.0000,0.0000,0.0000,0,14.9733,47.2324,984.2795,515.7560,468.5235,11.5964,-4.4203,63.2491,991.4557
42.751,1,0,learned,3.1856,60.3645,0.2890,2.5462,0.3947,2.5766,0.5938,0.8574,2.9947,0.2329,0.8810,7.8303,0.5684,3.0000,0.0000,0.0000,0,14.9733,88.6016,975.8903,532.2460,443.6443,11.6940,-4.8608,105.1565,982.7235
42.797,1,0,learned,3.1856,60.3645,0.3118,2.5462,0.3947,2.5766,0.5837,0.8574,2.9947,0.2329,0.8810,7.8303,0.5455,3.0000,0.0000,0.0000,0,14.9733,86.7646,984.9365,535.8505,449.0859,11.7131,-4.8943,103.3721,991.7553
42.846,1,0,learned,3.3132,60.3796,0.3351,2.5276,0.3740,2.5551,0.6063,0.8663,2.9947,0.1441,0.8810,7.7354,0.5312,3.0000,0.0000,0.0000,0,14.9733,94.1769,990.2773,542.2271,448.0502,11.8629,-5.3374,111.3772,996.8028
42.897,1,0,learned,3.4335,60.3936,0.3529,2.5236,0.3574,2.5488,0.6122,0.8748,2.9947,0.0602,0.8810,7.6469,0.5219,3.0000,0.0000,0.0000,0,14.9733,117.7320,984.5984,551.1652,433.4332,11.9120,-5.6108,135.2548,990.8997
42.946,1,0,learned,3.5616,60.4084,0.3828,2.5115,0.3428,2.5348,0.6158,0.8840,2.9947,-0.0292,0.8810,7.5538,0.5011,3.0000,0.0000,0.0000,0,14.9733,161.7319,987.9507,574.8413,413.1094,12.0094,-5.9394,179.6807,994.0207
42.997,1,0,learned,3.6829,60.4225,0.4072,2.5146,0.3331,2.5366,0.6308,0.8926,2.9947,-0.1138,0.8810,7.4665,0.4854,3.0000,0.0000,0.0000,0,14.9733,134.3173,973.5180,553.9177,419.6004,12.0387,-6.3062,152.6622,979.2506
43.047,1,0,learned,3.6829,60.4225,0.4194,2.5146,0.3331,2.5366,0.6330,0.8926,2.9947,-0.1138,0.8810,7.4665,0.4731,3.0000,0.0000,0.0000,0,14.9733,206.5431,988.5767,597.5599,391.0168,12.0312,-6.3777,224.9520,994.2302
43.097,1,0,learned,3.8124,60.4381,0.4565,2.5099,0.3265,2.5311,0.6192,0.9018,2.9947,-0.2038,0.8810,7.3740,0.4452,3.0000,0.0000,0.0000,0,14.9733,198.3256,981.6355,589.9806,391.6549,12.1010,-6.6097,217.0363,987.1268
43.150,1,0,learned,3.9353,60.4536,0.4753,2.5200,0.3259,2.5410,0.6255,0.9104,2.9947,-0.2887,0.8810,7.2867,0.4351,3.0000,0.0000,0.0000,0,14.9733,255.4200,980.6590,618.0395,362.6195,12.0561,-6.8822,274.3583,985.8329
43.197,1,0,learned,4.0667,60.4714,0.5064,2.5214,0.3290,2.5428,0.6265,0.9195,2.9947,-0.3788,0.8810,7.1936,0.4131,3.0000,0.0000,0.0000,0,14.9733,214.5602,982.3164,598.4383,383.8781,12.0969,-7.1905,233.8477,987.2228
43.247,1,0,learned,4.1916,60.4895,0.5315,2.5374,0.3388,2.5599,0.6145,0.9280,2.9947,-0.4635,0.8810,7.1053,0.3966,3.0000,0.0000,0.0000,0,14.9733,178.3198,992.2718,585.2958,406.9760,12.0444,-7.3540,197.7182,996.9622
43.297,1,0,learned,4.1916,60.4895,0.5503,2.5374,0.3388,2.5599,0.6278,0.9280,2.9947,-0.4635,0.8810,7.1053,0.3777,3.0000,0.0000,0.0000,0,14.9733,209.2753,989.4569,599.3661,390.0908,12.0606,-7.5353,228.8713,993.9821
43.346,1,0,learned,4.3252,60.5106,0.5815,2.5438,0.3521,2.5680,0.6295,0.9371,2.9947,-0.5532,0.8810,7.0108,0.3556,3.0000,0.0000,0.0000,0,14.9733,291.8436,989.0381,640.4409,348.5972,12.0388,-7.8414,311.7239,993.2355
43.397,1,0,learned,4.4520,60.5321,0.5940,2.5634,0.3713,2.5902,0.6188,0.9454,2.9947,-0.6373,0.8810,6.9210,0.3514,3.0000,0.0000,0.0000,0,14.9733,281.4926,980.6845,631.0886,349.5960,11.9468,-7.9459,301.3852,984.6854
43.446,1,0,learned,4.5876,60.5570,0.6314,2.5720,0.3926,2.6018,0.6055,0.9542,2.9947,-0.7261,0.8810,6.8249,0.3227,3.0000,0.0000,0.0000,0,14.9733,217.3202,982.2081,599.7641,382.4439,11.9547,-8.1552,237.4301,986.0075
43.497,1,0,learned,4.7163,60.5826,0.6563,2.5941,0.4209,2.6281,0.6078,0.9622,2.9947,-0.8091,0.8810,6.7333,0.3058,3.0000,0.0000,0.0000,0,14.9733,318.0628,982.5042,650.2835,332.2207,11.8323,-8.4054,338.3005,985.9311
43.547,1,0,learned,4.7163,60.5826,0.6750,2.5941,0.4209,2.6281,0.6122,0.9622,2.9947,-0.8091,0.8810,6.7333,0.2871,3.0000,0.0000,0.0000,0,14.9733,252.7025,970.0056,611.3540,358.6515,11.8742,-8.5121,273.0888,973.3676
43.597,1,0,learned,4.8538,60.6122,0.7059,2.6040,0.4506,2.6427,0.5998,0.9707,2.9947,-0.8962,0.8810,6.6350,0.2648,3.0000,0.0000,0.0000,0,14.9733,297.5733,983.5498,640.5615,342.9882,11.8327,-8.6941,318.1000,986.6884
43.647,1,0,learned,4.9841,60.6425,0.7182,2.6260,0.4868,2.6708,0.5998,0.9783,2.9947,-0.9774,0.8810,6.5413,0.2601,3.0000,0.0000,0.0000,0,14.9733,302.9558,988.2399,645.5978,342.6421,11.7184,-8.8522,323.5264,991.1061
43.696,1,0,learned,4.9841,60.6425,0.7428,2.6260,0.4868,2.6708,0.6033,0.9783,2.9947,-0.9774,0.8810,6.5413,0.2355,3.0000,0.0000,0.0000,0,14.9733,274.7876,986.9101,630.8488,356.0612,11.7547,-8.9822,295.5245,989.6826
43.747,1,0,learned,5.1229,60.6774,0.7734,2.6348,0.5238,2.6864,0.5887,0.9865,2.9947,-1.0623,0.8810,6.4408,0.2130,3.0000,0.0000,0.0000,0,14.9733,360.5765,982.0460,671.3113,310.7348,11.7030,-9.1331,381.4126,984.6160
43.797,1,0,learned,5.2542,60.7130,0.7916,2.6550,0.5673,2.7149,0.5995,0.9938,2.9947,-1.1409,0.8810,6.3450,0.2022,3.0000,0.0000,0.0000,0,14.9733,427.9448,980.7209,704.3329,276.3881,11.5837,-9.3849,448.9134,982.9197
43.847,1,0,learned,5.3938,60.7539,0.8220,2.6611,0.6108,2.7303,0.5905,1.0015,2.9947,-1.2227,0.8810,6.2421,0.1795,3.0000,0.0000,0.0000,0,14.9733,467.6779,964.6772,716.1775,248.4997,11.5533,-9.5482,488.7793,966.6824
43.897,1,0,learned,5.5257,60.7954,0.8400,2.6783,0.6617,2.7588,0.5737,1.0083,2.9947,-1.2980,0.8810,6.1439,0.1684,3.0000,0.0000,0.0000,0,14.9733,512.3689,983.7891,748.0790,235.7101,11.4365,-9.5896,533.3951,985.6360
43.947,1,0,learned,5.5257,60.7954,0.8639,2.6783,0.6617,2.7588,0.5907,1.0083,2.9947,-1.2980,0.8810,6.1439,0.1444,3.0000,0.0000,0.0000,0,14.9733,414.2743,995.1526,704.7135,290.4391,11.4931,-9.8049,435.5723,996.8408
43.996,1,0,learned,5.6658,60.8433,0.8934,2.6816,0.7138,2.7750,0.5525,1.0155,2.9947,-1.3756,0.8810,6.0379,0.1221,3.0000,0.0000,0.0000,0,14.9733,380.7346,991.7838,686.2592,305.5246,11.4755,-9.7236,401.9337,993.5357
44.047,1,0,learned,5.7981,60.8923,0.9166,2.6962,0.7751,2.8054,0.5680,1.0217,2.9947,-1.4464,0.8810,5.9361,0.1052,3.0000,0.0000,0.0000,0,14.9733,442.5547,989.0946,715.8246,273.2699,11.3667,-9.9883,463.9097,990.4730
44.097,1,0,learned,5.9383,60.9484,0.9451,2.6965,0.8357,2.8230,0.5675,1.0283,2.9947,-1.5189,0.8810,5.8261,0.0832,3.0000,0.0000,0.0000,0,14.9733,475.3652,993.5857,734.4755,259.1103,11.3336,-10.1669,496.8657,994.7525
44.147,1,0,learned,6.0703,61.0046,0.9564,2.7072,0.9028,2.8537,0.5573,1.0339,2.9947,-1.5849,0.8810,5.7212,0.0775,3.0000,0.0000,0.0000,0,14.9733,581.2790,983.9968,782.6379,201.3589,11.1973,-10.1810,602.6573,985.0132
44.197,1,0,learned,6.0703,61.0046,0.9789,2.7072,0.9028,2.8537,0.5620,1.0339,2.9947,-1.5849,0.8810,5.7212,0.0550,3.0000,0.0000,0.0000,0,14.9733,563.9808,991.0276,777.5042,213.5234,11.2247,-10.3134,585.5189,991.9389
44.247,1,0,learned,6.3413,61.1318,1.0122,2.7094,1.0387,2.9017,0.5393,1.0450,2.9947,-1.7130,0.8810,5.5002,0.0327,3.0000,0.0000,0.0000,0,14.9733,606.7881,986.7108,796.7494,189.9614,11.0794,-10.3274,628.1948,987.4628
44.297,1,0,learned,6.3413,61.1318,1.0287,2.7094,1.0387,2.9017,0.5195,1.0450,2.9947,-1.7130,0.8810,5.5002,0.0163,3.0000,0.0000,0.0000,0,14.9733,530.8967,988.6686,759.7827,228.8859,11.1120,-10.2392,552.2479,989.5415
44.347,1,0,learned,6.4800,61.2041,1.0502,2.7011,1.1089,2.9199,0.5030,1.0502,2.9947,-1.7740,0.8810,5.3834,0.0000,3.0000,0.0000,0.0000,0,14.9733,516.5528,996.1142,756.3335,239.7807,11.0817,-10.2171,537.8516,996.9788
44.397,1,0,learned,6.6101,61.2764,1.0714,2.7030,1.1886,2.9528,0.4850,1.0545,2.9947,-1.8283,0.8810,5.2713,-0.0169,3.0000,0.0000,0.0000,0,14.9733,587.4749,997.4411,792.4580,204.9831,10.9565,-10.1735,608.6048,998.2241
44.450,1,0,learned,6.7472,61.3575,1.0922,2.6894,1.2627,2.9711,0.4965,1.0591,2.9947,-1.8824,0.8810,5.1506,-0.0331,3.0000,0.0000,0.0000,0,14.9733,614.5037,985.3808,799.9422,185.4386,10.9224,-10.3217,635.7477,985.9814
44.497,1,0,learned,6.8752,61.4377,1.1177,2.6850,1.3441,3.0027,0.4765,1.0627,2.9947,-1.9302,0.8810,5.0356,-0.0550,3.0000,0.0000,0.0000,0,14.9733,583.3189,991.9676,787.6432,204.3243,10.8315,-10.2359,604.3863,992.5631
44.547,1,0,learned,6.8752,61.4377,1.1379,2.6850,1.3441,3.0027,0.4733,1.0627,2.9947,-1.9302,0.8810,5.0356,-0.0752,3.0000,0.0000,0.0000,0,14.9733,604.3940,990.1075,797.2507,192.8568,10.8430,-10.3100,625.5470,990.6404
44.597,1,0,learned,7.1350,61.6151,1.1628,2.6542,1.5022,3.0498,0.4730,1.0695,2.8713,-2.0176,0.8810,4.7941,-0.0933,3.0000,0.0000,0.0000,0,14.9733,653.8040,994.6929,824.2484,170.4444,9.7383,-10.3848,673.9271,994.0464
44.646,1,0,learned,7.1350,61.6151,1.1823,2.6542,1.5022,3.0498,0.4670,1.0695,2.8713,-2.0176,0.8810,4.7941,-0.1128,3.0000,0.0000,0.0000,0,14.9733,704.0831,992.3326,848.2078,144.1248,9.7399,-10.4550,724.2780,991.6174
44.697,1,0,learned,7.2662,61.7126,1.2016,2.6280,1.5767,3.0646,0.4652,1.0727,2.7956,-2.0568,0.8810,4.6677,-0.1289,3.0000,0.0000,0.0000,0,14.9733,630.4094,990.9194,810.6644,180.2550,9.1399,-10.4996,650.0489,989.5598
44.748,1,0,learned,7.3881,61.8082,1.2158,2.6105,1.6599,3.0935,0.4490,1.0749,2.7236,-2.0900,0.8810,4.5475,-0.1408,3.0000,0.0000,0.0000,0,14.9733,643.6213,994.5781,819.0997,175.4784,8.4561,-10.4407,662.5181,992.5935
44.797,1,0,learned,7.5155,61.9139,1.2391,2.5782,1.7343,3.1073,0.4520,1.0774,2.6464,-2.1210,0.8810,4.4185,-0.1618,3.0000,0.0000,0.0000,0,14.9733,611.4593,986.5137,798.9865,187.5272,7.8220,-10.5751,629.8563,983.7606
44.846,1,0,learned,7.5155,61.9139,1.2574,2.5782,1.7343,3.1073,0.4370,1.0774,2.6464,-2.1210,0.8810,4.4185,-0.1801,3.0000,0.0000,0.0000,0,14.9733,644.5366,990.4911,817.5138,172.9772,7.8218,-10.5827,662.9411,987.7301
44.897,1,0,learned,7.6336,62.0169,1.2755,2.5546,1.8166,3.1347,0.4390,1.0789,2.5732,-2.1465,0.8810,4.2962,-0.1965,3.0000,0.0000,0.0000,0,14.9733,704.6024,990.5753,847.5888,142.9865,7.1061,-10.7327,722.4412,986.9487
44.947,1,0,learned,7.7566,62.1296,1.2976,2.5169,1.8868,3.1456,0.4270,1.0807,2.4951,-2.1697,0.8810,4.1660,-0.2169,3.0000,0.0000,0.0000,0,14.9733,674.5573,949.8727,812.2150,137.6577,6.4611,-10.7629,691.7813,945.5708
44.996,1,0,learned,7.8704,62.2388,1.3152,2.4877,1.9644,3.1698,0.4190,1.0817,2.4214,-2.1880,0.8810,4.0429,-0.2335,3.0000,0.0000,0.0000,0,14.9733,576.0397,891.9864,734.0131,157.9734,5.7818,-10.7404,592.5619,887.0279
45.046,1,0,learned,7.9886,62.3580,1.3368,2.4449,2.0302,3.1779,0.4158,1.0828,2.3430,-2.2033,0.8810,3.9119,-0.2540,3.0000,0.0000,0.0000,0,14.9733,516.7452,977.2705,747.0078,230.2626,5.0965,-10.9474,532.7890,971.4196
45.097,1,0,learned,8.0976,62.4732,1.3495,2.4100,2.1041,3.1992,0.4047,1.0832,2.2691,-2.2140,0.8810,3.7886,-0.2663,3.0000,0.0000,0.0000,0,14.9733,583.8306,972.3586,778.0946,194.2640,4.3580,-11.0401,599.2286,965.6764
45.147,1,0,learned,8.2104,62.5976,1.3705,2.3619,2.1616,3.2017,0.4143,1.0838,2.1912,-2.2219,0.8810,3.6585,-0.2867,3.0000,0.0000,0.0000,0,14.9733,664.6044,982.0395,823.3219,158.7176,3.6849,-11.4178,679.7070,974.3066
45.197,1,0,learned,8.2104,62.5976,1.3872,2.3619,2.1616,3.2017,0.4007,1.0838,2.1912,-2.2219,0.8810,3.6585,-0.3034,3.0000,0.0000,0.0000,0,14.9733,673.1490,990.9858,832.0674,158.9184,3.6818,-11.4322,688.2630,983.2355
45.247,1,0,learned,8.3143,62.7166,1.4038,2.3223,2.2253,3.2164,0.4188,1.0838,2.1185,-2.2263,0.8810,3.5371,-0.3200,3.0000,0.0000,0.0000,0,14.9733,704.2919,925.2440,814.7679,110.4761,3.0005,-11.7752,719.0676,916.4694
45.297,1,0,learned,8.4217,62.8454,1.4162,2.2710,2.2756,3.2150,0.4170,1.0839,2.0418,-2.2272,0.8810,3.4090,-0.3322,3.0000,0.0000,0.0000,0,14.9733,685.4878,828.8077,757.1478,71.6600,2.3880,-11.9111,699.7869,819.2847
45.347,1,0,learned,8.5203,62.9693,1.4367,2.2278,2.3367,3.2285,0.4012,1.0833,1.9698,-2.2244,0.8810,3.2889,-0.3534,3.0000,0.0000,0.0000,0,14.9733,651.4306,733.4906,692.4606,41.0300,1.7169,-11.9760,665.1234,723.2315
45.397,1,0,learned,8.6219,63.1032,1.4568,2.1730,2.3844,3.2260,0.3917,1.0828,1.8941,-2.2176,0.8810,3.1624,-0.3740,3.0000,0.0000,0.0000,0,14.9733,569.4070,784.5964,677.0017,107.5947,1.0612,-12.1848,582.6531,773.4728
45.446,1,0,learned,8.7147,63.2309,1.4726,2.1248,2.4396,3.2352,0.3630,1.0817,1.8238,-2.2078,0.8810,3.0450,-0.3909,3.0000,0.0000,0.0000,0,14.9733,608.4380,781.7880,695.1130,86.6750,0.3758,-12.2352,621.0490,769.9286
45.497,1,0,learned,8.7147,63.2309,1.4879,2.1248,2.4396,3.2352,0.3515,1.0817,1.8238,-2.2078,0.8810,3.0450,-0.4062,3.0000,0.0000,0.0000,0,14.9733,593.2522,797.8378,695.5450,102.2928,0.3675,-12.2545,605.8742,785.9508
45.547,1,0,learned,8.8097,63.3672,1.5028,2.0652,2.4758,3.2240,0.3335,1.0808,1.7509,-2.1944,0.8810,2.9234,-0.4221,3.0000,0.0000,0.0000,0,14.9733,541.3976,751.6712,646.5344,105.1368,-0.1986,-12.3267,553.5257,739.1460
45.597,1,0,learned,8.8962,63.4961,1.5210,2.0127,2.5179,3.2234,0.3427,1.8801,3.0018,0.4245,1.9192,17.7934,0.3590,3.0000,0.0000,0.0000,0,15.0088,559.4356,695.1264,627.2810,67.8454,4.5988,-4.8893,568.9237,694.8358
45.647,1,0,learned,8.9847,63.6335,1.5316,1.9506,2.5428,3.2048,0.3430,1.8920,3.0018,0.2944,1.9192,17.6919,0.3603,3.0000,0.0000,0.0000,0,15.0088,585.7364,647.3428,616.5396,30.8032,4.7076,-5.1860,595.6300,646.8644
45.698,1,0,learned,9.0652,63.7632,1.5456,1.8960,2.5743,3.1972,0.3275,1.9031,3.0018,0.1745,1.9192,17.5959,0.3575,3.0000,0.0000,0.0000,0,15.0088,526.5947,656.0587,591.3267,64.7320,4.7939,-5.3662,536.7548,655.4864
45.747,1,0,learned,9.0652,63.7632,1.5592,1.8960,2.5743,3.1972,0.3198,1.9031,3.0018,0.1745,1.9192,17.5959,0.3438,3.0000,0.0000,0.0000,0,15.0088,421.1284,726.9095,574.0190,152.8906,4.8577,-5.3641,431.3503,726.4031
45.797,1,0,learned,9.1474,63.9005,1.5758,1.8327,2.5877,3.1709,0.3193,1.9145,3.0018,0.0504,1.9192,17.4941,0.3387,3.0000,0.0000,0.0000,0,15.0088,312.2621,771.9445,542.1033,229.8412,5.0488,-5.6614,322.9723,771.3319
45.847,1,0,learned,9.2218,64.0296,1.5822,1.7761,2.6080,3.1553,0.3222,1.9251,3.0018,-0.0636,1.9192,17.3982,0.3429,3.0000,0.0000,0.0000,0,15.0088,323.6179,732.2960,527.9569,204.3391,5.1314,-5.9128,334.6621,731.5147
45.897,1,0,learned,9.2977,64.1658,1.5981,1.7131,2.6101,3.1221,0.3148,1.9362,3.0018,-0.1815,1.9192,17.2970,0.3381,3.0000,0.0000,0.0000,0,15.0088,279.8396,746.9351,513.3874,233.5478,5.3191,-6.1416,291.3002,746.1126
45.947,1,0,learned,9.3671,64.2931,1.6109,1.6594,2.6186,3.1001,0.3202,1.9464,3.0018,-0.2901,1.9192,17.2025,0.3355,3.0000,0.0000,0.0000,0,15.0088,377.2399,833.0521,605.1460,227.9061,5.4181,-6.4553,389.1133,832.0149
45.997,1,0,learned,9.3671,64.2931,1.6174,1.6594,2.6186,3.1001,0.3285,1.9464,3.0018,-0.2901,1.9192,17.2025,0.3291,3.0000,0.0000,0.0000,0,15.0088,417.0467,938.2755,677.6611,260.6144,5.4302,-6.5607,429.0376,937.1450
46.047,1,0,learned,9.4383,64.4269,1.6339,1.6014,2.6097,3.0618,0.3302,1.9572,3.0018,-0.4028,1.9192,17.1033,0.3234,3.0000,0.0000,0.0000,0,15.0088,394.8428,963.0233,678.9330,284.0903,5.6356,-6.8404,407.3188,961.8185
46.097,1,0,learned,9.5033,64.5527,1.6439,1.5519,2.6117,3.0380,0.3435,1.9672,3.0018,-0.5068,1.9192,17.0101,0.3233,3.0000,0.0000,0.0000,0,15.0088,374.8194,977.6919,676.2557,301.4362,5.7694,-7.1442,387.7330,976.3172
46.147,1,0,learned,9.5033,64.5527,1.6576,1.5519,2.6117,3.0380,0.3773,1.9672,3.0018,-0.5068,1.9192,17.0101,0.3096,3.0000,0.0000,0.0000,0,15.0088,385.4440,983.2495,684.3467,298.9027,5.8163,-7.3984,398.6588,981.6674
46.197,1,0,learned,9.5699,64.6868,1.6755,1.4979,2.6051,3.0050,0.3867,1.9777,3.0018,-0.6152,1.9192,16.9105,0.3022,3.0000,0.0000,0.0000,0,15.0088,282.3286,991.0827,636.7057,354.3770,6.0253,-7.6875,296.0415,989.4205
46.247,1,0,learned,9.6307,64.8141,1.6828,1.4517,2.6148,2.9908,0.3932,1.9874,3.0018,-0.7159,1.9192,16.8155,0.3046,3.0000,0.0000,0.0000,0,15.0088,216.9722,989.8384,603.4053,386.4331,6.1188,-7.9042,230.9952,988.0530
46.297,1,0,learned,9.6931,64.9505,1.7016,1.4012,2.6163,2.9679,0.3927,1.9976,3.0018,-0.8210,1.9192,16.7136,0.2960,3.0000,0.0000,0.0000,0,15.0088,326.9722,997.3654,662.1688,335.1966,6.2190,-8.1556,341.3468,995.4289
46.347,1,0,learned,9.7500,65.0799,1.7175,1.3582,2.6323,2.9621,0.4315,2.0070,3.0018,-0.9187,1.9192,16.6166,0.2895,3.0000,0.0000,0.0000,0,15.0088,406.7791,995.6032,701.1912,294.4120,6.2687,-8.6137,421.6616,993.2582
46.397,1,0,learned,9.7500,65.0799,1.7298,1.3582,2.6323,2.9621,0.4468,2.0070,3.0018,-0.9187,1.9192,16.6166,0.2772,3.0000,0.0000,0.0000,0,15.0088,441.0663,990.2794,715.6728,274.6066,6.2929,-8.7489,456.1081,987.8234
46.448,1,0,learned,9.8083,65.2185,1.7510,1.3107,2.6387,2.9463,0.4512,2.0169,3.0018,-1.0208,1.9192,16.5125,0.2659,3.0000,0.0000,0.0000,0,15.0088,488.1334,984.4823,736.3079,248.1744,6.3859,-9.0031,503.5224,981.8651
46.496,1,0,learned,9.8609,65.3508,1.7597,1.2678,2.6622,2.9487,0.4408,2.0258,3.0018,-1.1154,1.9192,16.4124,0.2661,3.0000,0.0000,0.0000,0,15.0088,470.8079,988.0883,729.4481,258.6402,6.3915,-9.1004,486.2998,985.3795
46.547,1,0,learned,9.9139,65.4935,1.7820,1.2179,2.6786,2.9425,0.4577,2.0353,3.0018,-1.2139,1.9192,16.3037,0.2533,3.0000,0.0000,0.0000,0,15.0088,400.8807,991.3061,696.0934,295.2127,6.4883,-9.3920,416.7609,988.4024
46.596,1,0,learned,9.9609,65.6303,1.8045,1.1702,2.7129,2.9545,0.4645,2.0436,3.0018,-1.3048,1.9192,16.1986,0.2391,3.0000,0.0000,0.0000,0,15.0088,330.0816,994.1900,662.1358,332.0542,6.5091,-9.5995,346.1902,991.0996
46.647,1,0,learned,9.9609,65.6303,1.8137,1.1702,2.7129,2.9545,0.4723,2.0436,3.0018,-1.3048,1.9192,16.1986,0.2300,3.0000,0.0000,0.0000,0,15.0088,412.9439,988.1941,700.5690,287.6251,6.5076,-9.6954,429.1468,985.0062
46.697,1,0,learned,10.0076,65.7776,1.8368,1.1159,2.7371,2.9559,0.4590,2.0525,3.0018,-1.3991,1.9192,16.0843,0.2157,3.0000,0.0000,0.0000,0,15.0088,367.3104,993.5029,680.4066,313.0963,6.5565,-9.7898,383.6566,990.2696
46.747,1,0,learned,10.0490,65.9181,1.8508,1.0651,2.7749,2.9723,0.4815,2.0603,3.0018,-1.4859,1.9192,15.9747,0.2095,3.0000,0.0000,0.0000,0,15.0088,386.9258,995.0416,690.9837,304.0579,6.5231,-10.0825,403.5314,991.4823
46.797,1,0,learned,10.0490,65.9181,1.8698,1.0651,2.7749,2.9723,0.4858,2.0603,3.0018,-1.4859,1.9192,15.9747,0.1905,3.0000,0.0000,0.0000,0,15.0088,315.8566,996.6328,656.2447,340.3881,6.5845,-10.1370,332.5782,993.0802
46.849,1,0,learned,10.0898,66.0687,1.8891,1.0089,2.7992,2.9755,0.4860,2.0687,3.0018,-1.5756,1.9192,15.8563,0.1796,3.0000,0.0000,0.0000,0,15.0088,356.9494,996.3081,676.6288,319.6793,6.5983,-10.3119,373.8596,992.5945
46.896,1,0,learned,10.1253,66.2120,1.9085,0.9551,2.8365,2.9930,0.5228,2.0760,3.0018,-1.6579,1.9192,15.7428,0.1674,3.0000,0.0000,0.0000,0,15.0088,401.9010,998.5736,700.2373,298.3363,6.5714,-10.7024,419.1748,994.4427
46.947,1,0,learned,10.1598,66.3651,1.9333,0.8970,2.8581,2.9956,0.4955,2.0838,3.0018,-1.7427,1.9192,15.6207,0.1504,3.0000,0.0000,0.0000,0,15.0088,440.5292,992.8999,716.7145,276.1854,6.5889,-10.7036,457.8216,988.7852
46.997,1,0,learned,10.1895,66.5102,1.9483,0.8413,2.8911,3.0110,0.5062,2.0906,3.0018,-1.8201,1.9192,15.5041,0.1423,3.0000,0.0000,0.0000,0,15.0088,383.8631,999.0200,691.4416,307.5784,6.5806,-10.8676,401.3113,994.7329
47.047,1,0,learned,10.2176,66.6650,1.9737,0.7812,2.9083,3.0114,0.5250,2.0979,3.0018,-1.8994,1.9192,15.3787,0.1242,3.0000,0.0000,0.0000,0,15.0088,401.2329,989.5167,695.3748,294.1419,6.6311,-11.1240,418.9879,985.0238
47.097,1,0,learned,10.2409,66.8117,1.9991,0.7221,2.9376,3.0250,0.5085,2.1042,3.0018,-1.9714,1.9192,15.2590,0.1050,3.0000,0.0000,0.0000,0,15.0088,444.7525,993.0955,718.9240,274.1715,6.6129,-11.1771,462.5425,988.5313
47.147,1,0,learned,10.2409,66.8117,2.0094,0.7221,2.9376,3.0250,0.5055,2.1042,3.0018,-1.9714,1.9192,15.2590,0.0948,3.0000,0.0000,0.0000,0,15.0088,416.7329,994.5521,705.6425,288.9096,6.6395,-11.1758,434.5481,990.0158
47.196,1,0,learned,10.2623,66.9678,2.0352,0.6596,2.9504,3.0233,0.5022,2.1109,3.0018,-2.0447,1.9192,15.1305,0.0757,3.0000,0.0000,0.0000,0,15.0088,525.9316,994.7041,760.3178,234.3863,6.6680,-11.3361,543.9357,990.0360
47.247,1,0,learned,10.2791,67.1154,2.0506,0.5979,2.9754,3.0349,0.5255,2.1167,3.0018,-2.1110,1.9192,15.0079,0.0661,3.0000,0.0000,0.0000,0,15.0088,584.0302,983.8824,783.9563,199.9261,6.6470,-11.5859,602.2632,978.9435
47.296,1,0,learned,10.2791,67.1154,2.0713,0.5979,2.9754,3.0349,0.5240,2.1167,3.0018,-2.1110,1.9192,15.0079,0.0454,3.0000,0.0000,0.0000,0,15.0088,535.4140,996.2186,765.8163,230.4023,6.7006,-11.6227,553.7373,991.2965
47.346,1,0,learned,10.2932,67.2726,2.0971,0.5327,2.9851,3.0323,0.5018,2.1228,3.0018,-2.1779,1.9192,14.8760,0.0257,3.0000,0.0000,0.0000,0,15.0088,592.4551,992.3044,792.3797,199.9247,6.7405,-11.6258,610.8214,987.4191
47.397,1,0,learned,10.3027,67.4217,2.1123,0.4656,3.0091,3.0449,0.4873,2.1279,3.0018,-2.2377,1.9192,14.7496,0.0155,3.0000,0.0000,0.0000,0,15.0088,609.3489,994.7202,802.0346,192.6856,6.7179,-11.6253,627.6921,989.8128
47.446,1,0,learned,10.3084,67.5807,2.1377,0.3945,3.0191,3.0448,0.4893,2.1333,3.0018,-2.2974,1.9192,14.6130,-0.0044,3.0000,0.0000,0.0000,0,15.0088,580.7877,993.8297,787.3087,206.5210,6.7814,-11.7201,599.2892,988.8910
47.497,1,0,learned,10.3097,67.7316,2.1527,0.3209,3.0438,3.0607,0.4990,2.1376,3.0018,-2.3501,1.9192,14.4819,-0.0151,3.0000,0.0000,0.0000,0,15.0088,572.1645,996.8027,784.4836,212.3191,6.7629,-11.8395,590.7669,991.7260
47.547,1,0,learned,10.3064,67.8926,2.1775,0.2439,3.0544,3.0642,0.4743,2.1421,3.0018,-2.4019,1.9192,14.3400,-0.0354,3.0000,0.0000,0.0000,0,15.0088,605.8532,991.7378,798.7955,192.9423,6.7881,-11.7846,624.4260,986.7413
47.597,1,0,learned,10.3064,67.8926,2.1971,0.2439,3.0544,3.0642,0.4875,2.1421,3.0018,-2.4019,1.9192,14.3400,-0.0549,3.0000,0.0000,0.0000,0,15.0088,691.9066,994.1034,843.0050,151.0984,6.8042,-11.9699,710.6807,988.9376
47.647,1,0,learned,10.2990,68.0452,2.2115,0.1644,3.0793,3.0836,0.4622,2.1456,3.0018,-2.4471,1.9192,14.2039,-0.0659,3.0000,0.0000,0.0000,0,15.0088,696.6088,993.9812,845.2950,148.6862,6.7585,-11.8688,715.2361,988.8709
47.697,1,0,learned,10.2864,68.2078,2.2355,0.0832,3.0888,3.0900,0.4655,2.1493,3.0018,-2.4908,1.9192,14.0568,-0.0862,3.0000,0.0000,0.0000,0,15.0088,632.2588,990.0620,811.1604,178.9016,6.8083,-11.9163,650.9835,984.9540
47.747,1,0,learned,10.2700,68.3618,2.2496,-0.0020,3.1128,3.1128,0.4647,2.1519,3.0018,-2.5279,1.9192,13.9156,-0.0977,3.0000,0.0000,0.0000,0,15.0088,687.0307,993.0962,840.0635,153.0327,6.7471,-11.9838,705.7617,987.8595
47.796,1,0,learned,10.2700,68.3618,2.2682,-0.0020,3.1128,3.1128,0.4320,2.1519,3.0018,-2.5279,1.9192,13.9156,-0.1163,3.0000,0.0000,0.0000,0,15.0088,658.5463,993.7335,826.1399,167.5936,6.7757,-11.8220,677.1439,988.6872
47.846,1,0,learned,10.2474,68.5258,2.2865,-0.0884,3.1210,3.1223,0.4597,2.1546,3.0018,-2.5627,1.9192,13.7629,-0.1319,3.0000,0.0000,0.0000,0,15.0088,686.3086,992.0876,839.1981,152.8895,6.7909,-12.0459,705.1454,986.8326
47.897,1,0,learned,10.2217,68.6807,2.3001,-0.1779,3.1420,3.1471,0.4193,2.1564,3.0018,-2.5914,1.9192,13.6167,-0.1437,3.0000,0.0000,0.0000,0,15.0088,757.5583,994.2356,875.8969,118.3386,6.7079,-11.8693,776.1355,989.0741
47.947,1,0,learned,10.1896,68.8450,2.3223,-0.2657,3.1458,3.1570,0.4165,2.1584,3.0018,-2.6174,1.9192,13.4593,-0.1639,3.0000,0.0000,0.0000,0,15.0088,824.0161,995.2136,909.6148,85.5988,6.7134,-11.9341,842.6635,989.9930
47.997,1,0,learned,10.1551,68.9998,2.3398,-0.3565,3.1614,3.1815,0.4100,2.1593,3.0018,-2.6377,1.9192,13.3092,-0.1804,3.0000,0.0000,0.0000,0,15.0088,763.0907,996.3521,879.7214,116.6307,6.6818,-11.8889,781.6614,991.1450
48.047,1,0,learned,10.1551,68.9998,2.3528,-0.3565,3.1614,3.1815,0.4065,2.1593,3.0018,-2.6377,1.9192,13.3092,-0.1934,3.0000,0.0000,0.0000,0,15.0088,794.1421,995.8883,895.0152,100.8731,6.6941,-11.9234,812.7596,990.6590
48.097,1,0,learned,10.1134,69.1638,2.3737,-0.4455,3.1599,3.1912,0.4075,2.1605,3.0018,-2.6545,1.9192,13.1475,-0.2132,3.0000,0.0000,0.0000,0,15.0088,879.7022,996.9590,938.3306,58.6284,6.6977,-12.0100,898.4098,991.6466
48.147,1,0,learned,10.0697,69.3180,2.3901,-0.5384,3.1703,3.2157,0.3877,2.1607,3.0018,-2.6661,1.9192,12.9934,-0.2294,3.0000,0.0000,0.0000,0,15.0088,854.4277,992.4881,923.4579,69.0302,6.6515,-11.8861,872.9653,987.2534
48.197,1,0,learned,10.0188,69.4809,2.4061,-0.6267,3.1628,3.2243,0.3917,2.1611,3.0018,-2.6738,1.9192,12.8282,-0.2450,3.0000,0.0000,0.0000,0,15.0088,852.9477,988.4109,920.6793,67.7316,6.6742,-11.9089,871.5308,983.1763
48.246,1,0,learned,9.9664,69.6338,2.4217,-0.7194,3.1673,3.2479,0.3463,2.1606,3.0018,-2.6769,1.9192,12.6709,-0.2611,3.0000,0.0000,0.0000,0,15.0088,885.9423,993.2539,939.5981,53.6558,6.6131,-11.6561,904.2115,988.2108
48.297,1,0,learned,9.9664,69.6338,2.4368,-0.7194,3.1673,3.2479,0.3453,2.1606,3.0018,-2.6769,1.9192,12.6709,-0.2762,3.0000,0.0000,0.0000,0,15.0088,935.6745,988.1142,961.8944,26.2198,6.6239,-11.7197,954.0181,983.0184
48.347,1,0,learned,9.9064,69.7950,2.4515,-0.8065,3.1542,3.2556,0.3320,2.1603,3.0018,-2.6755,1.9192,12.5024,-0.2913,3.0000,0.0000,0.0000,0,15.0088,942.3346,993.6608,967.9977,25.6631,6.6462,-11.6338,960.6146,988.6732
48.397,1,0,learned,9.8458,69.9461,2.4693,-0.8977,3.1528,3.2781,0.3252,2.1591,3.0018,-2.6701,1.9192,12.3424,-0.3102,3.0000,0.0000,0.0000,0,15.0088,953.2910,995.3986,974.3448,21.0538,6.6088,-11.6041,971.5039,990.4033
48.446,1,0,learned,9.7770,70.1053,2.4830,-0.9827,3.1346,3.2850,0.2988,2.1580,3.0018,-2.6598,1.9192,12.1712,-0.3250,3.0000,0.0000,0.0000,0,15.0088,975.7346,994.7149,985.2248,9.4902,6.6260,-11.4200,993.7807,989.9209
48.497,1,0,learned,9.7081,70.2544,2.4929,-1.0734,3.1287,3.3077,0.2930,2.1561,3.0018,-2.6459,1.9192,12.0085,-0.3368,3.0000,0.0000,0.0000,0,15.0088,953.3302,984.7489,969.0395,15.7094,6.5791,-11.3295,971.2388,979.9985
48.547,1,0,learned,9.6304,70.4113,2.5089,-1.1573,3.1066,3.3152,0.2720,2.1542,3.0018,-2.6265,1.9192,11.8345,-0.3547,3.0000,0.0000,0.0000,0,15.0088,955.7625,994.5726,975.1675,19.4050,6.6067,-11.1724,973.5417,990.0069
48.597,1,0,learned,9.5533,70.5582,2.5241,-1.2473,3.0971,3.3389,0.2657,2.1515,3.0018,-2.6041,1.9192,11.6692,-0.3725,3.0000,0.0000,0.0000,0,15.0088,967.4649,985.9360,976.7004,9.2356,6.5552,-11.1062,985.1262,981.3850
48.647,1,0,learned,9.5533,70.5582,2.5328,-1.2473,3.0971,3.3389,0.2725,2.1515,3.0018,-2.6041,1.9192,11.6692,-0.3813,3.0000,0.0000,0.0000,0,15.0088,933.2918,982.4559,957.8738,24.5821,6.5759,-11.1548,951.0225,977.8770
48.696,1,0,learned,9.4673,70.7126,2.5441,-1.3285,3.0717,3.3467,0.2465,2.1488,3.0018,-2.5760,1.9192,11.4929,-0.3953,3.0000,0.0000,0.0000,0,15.0088,975.5743,961.7428,968.6586,-6.9157,6.5775,-10.9278,993.0795,957.3925
48.747,1,0,learned,9.3827,70.8569,2.5523,-1.4153,3.0585,3.3701,0.2525,2.1455,3.0018,-2.5458,1.9192,11.3258,-0.4068,3.0000,0.0000,0.0000,0,15.0088,986.8362,970.6540,978.7451,-8.0911,6.5226,-10.9261,1000.0000,966.2505
48.797,1,0,learned,9.2893,71.0084,2.5655,-1.4914,3.0294,3.3766,0.2467,2.1423,3.0018,-2.5097,1.9192,11.1479,-0.4232,3.0000,0.0000,0.0000,0,15.0088,968.0283,889.4890,928.7587,-39.2696,6.5306,-10.7310,985.2900,885.2887
48.847,1,0,learned,9.2893,71.0084,2.5756,-1.4914,3.0294,3.3766,0.2065,2.1423,3.0018,-2.5097,1.9192,11.1479,-0.4333,3.0000,0.0000,0.0000,0,15.0088,981.2869,861.2217,921.2543,-60.0326,6.5250,-10.4741,998.2860,857.2726
48.897,1,0,learned,9.1982,71.1496,2.5852,-1.5728,3.0119,3.3979,0.2107,2.1384,3.0018,-2.4723,1.9192,10.9798,-0.4468,3.0000,0.0000,0.0000,0,15.0088,970.7722,954.0171,962.3947,-8.3775,6.5079,-10.5183,987.7985,950.0067
48.947,1,0,learned,9.0984,71.2974,2.5944,-1.6420,2.9782,3.4009,0.1898,2.1346,3.0018,-2.4290,1.9192,10.8015,-0.4598,3.0000,0.0000,0.0000,0,15.0088,967.7025,928.2616,947.9821,-19.7205,6.5351,-10.2497,984.4873,924.5470
48.997,1,0,learned,9.0020,71.4347,2.6010,-1.7153,2.9544,3.4163,0.1905,2.1304,3.0018,-2.3852,1.9192,10.6339,-0.4705,3.0000,0.0000,0.0000,0,15.0088,974.4722,854.0335,914.2528,-60.2194,6.4824,-10.0983,991.0529,850.4176
49.047,1,0,learned,8.8971,71.5781,2.6114,-1.7756,2.9153,3.4134,0.1870,2.1262,3.0018,-2.3356,1.9192,10.4565,-0.4851,3.0000,0.0000,0.0000,0,15.0088,972.2122,790.0242,881.1182,-91.0940,6.5296,-9.9038,988.6456,786.6499
49.097,1,0,learned,8.8971,71.5781,2.6192,-1.7756,2.9153,3.4134,0.1770,2.1262,3.0018,-2.3356,1.9192,10.4565,-0.4930,3.0000,0.0000,0.0000,0,15.0088,961.9731,769.4480,865.7106,-96.2625,6.5339,-9.8380,978.3450,766.1439
49.147,1,0,learned,8.7963,71.7113,2.6248,-1.8408,2.8871,3.4240,0.1758,2.1217,3.0018,-2.2863,1.9192,10.2899,-0.5031,3.0000,0.0000,0.0000,0,15.0088,965.3451,774.1731,869.7591,-95.5860,6.5253,-9.7226,981.5929,770.9758
49.196,1,0,learned,8.6875,71.8499,2.6335,-1.8908,2.8427,3.4141,0.1318,2.1172,3.0018,-2.2314,1.9192,10.1145,-0.5162,3.0000,0.0000,0.0000,0,15.0088,984.0337,789.2730,886.6533,-97.3804,6.6174,-9.2922,999.9434,786.5982
49.246,1,0,learned,8.5839,71.9779,2.6398,-1.9445,2.8075,3.4152,0.1055,2.1126,3.0018,-2.1777,1.9192,9.9508,-0.5272,3.0000,0.0000,0.0000,0,15.0088,975.5436,738.8650,857.2043,-118.3393,6.6344,-8.9251,991.1030,736.5743
49.297,1,0,learned,8.4728,72.1108,2.6468,-1.9830,2.7574,3.3964,0.1045,2.1079,3.0018,-2.1186,1.9192,9.7790,-0.5389,3.0000,0.0000,0.0000,0,15.0088,982.1624,756.4184,869.2904,-112.8720,6.7828,-8.7615,997.7068,754.4396
49.346,1,0,learned,8.3670,72.2336,2.6518,-2.0272,2.7175,3.3903,0.0742,2.1030,3.0018,-2.0611,1.9192,9.6186,-0.5488,3.0000,0.0000,0.0000,0,15.0088,984.8765,808.6964,896.7864,-88.0901,6.8667,-8.4155,1000.0000,807.1475
49.397,1,0,learned,8.3670,72.2336,2.6552,-2.0272,2.7175,3.3903,0.0885,2.1030,3.0018,-2.0611,1.9192,9.6186,-0.5522,3.0000,0.0000,0.0000,0,15.0088,978.3941,706.9063,842.6502,-135.7439,6.8402,-8.4589,993.6932,705.2876
49.447,1,0,learned,8.2538,72.3611,2.6592,-2.0572,2.6644,3.3662,0.0630,2.0981,3.0018,-1.9982,1.9192,9.4503,-0.5611,3.0000,0.0000,0.0000,0,15.0088,978.4256,678.1661,828.2958,-150.1297,6.9947,-8.0484,993.4687,677.1124
49.497,1,0,learned,8.1460,72.4791,2.6627,-2.0947,2.6229,3.3567,0.0465,2.0930,3.0018,-1.9372,1.9192,9.2932,-0.5697,3.0000,0.0000,0.0000,0,15.0088,965.1034,599.8327,782.4681,-182.6354,7.0545,-7.6861,979.8441,599.2011
49.547,1,0,learned,8.0308,72.6016,2.6655,-2.1191,2.5697,3.3307,0.0395,2.0877,3.0018,-1.8707,1.9192,9.1282,-0.5778,3.0000,0.0000,0.0000,0,15.0088,970.4821,548.7189,759.6005,-210.8816,7.2138,-7.3830,985.0789,548.5498
49.597,1,0,learned,7.9216,72.7147,2.6683,-2.1502,2.5268,3.3179,0.0033,2.0823,3.0018,-1.8067,1.9192,8.9747,-0.5860,3.0000,0.0000,0.0000,0,15.0088,949.9061,568.8044,759.3552,-190.5509,7.3248,-6.9140,964.1449,569.2151
49.647,1,0,learned,7.9216,72.7147,2.6695,-2.1502,2.5268,3.3179,-0.0112,2.0823,3.0018,-1.8067,1.9192,8.9747,-0.5871,3.0000,0.0000,0.0000,0,15.0088,985.4513,568.5736,777.0125,-208.4388,7.3196,-6.8238,999.5947,569.0695
49.697,1,0,learned,7.8054,72.8317,2.6702,-2.1668,2.4716,3.2869,-0.0270,2.0769,3.0018,-1.7375,1.9192,8.8143,-0.5934,3.0000,0.0000,0.0000,0,15.0088,983.5653,472.6927,728.1290,-255.4363,7.4895,-6.4020,997.4568,473.7802
49.746,1,0,learned,7.6958,72.9394,2.6705,-2.1902,2.4260,3.2684,-0.0450,2.0713,3.0018,-1.6712,1.9192,8.6653,-0.5991,3.0000,0.0000,0.0000,0,15.0088,979.6513,479.1510,729.4012,-250.2501,7.6257,-6.0387,993.3157,480.7381
49.797,1,0,learned,7.5792,73.0510,2.6699,-2.2009,2.3699,3.2342,-0.0895,2.0656,3.0018,-1.5997,1.9192,8.5097,-0.6043,3.0000,0.0000,0.0000,0,15.0088,986.8456,497.1894,742.0175,-244.8281,7.8523,-5.4378,1000.0000,499.6039
49.846,1,0,learned,7.4691,73.1536,2.6679,-2.2194,2.3235,3.2132,-0.1072,2.0598,3.0018,-1.5312,1.9192,8.3653,-0.6081,3.0000,0.0000,0.0000,0,15.0088,985.7369,458.5665,722.1517,-263.5852,7.9860,-5.0308,998.7537,461.5217
49.897,1,0,learned,7.4691,73.1536,2.6661,-2.2194,2.3235,3.2132,-0.1348,2.0598,3.0018,-1.5312,1.9192,8.3653,-0.6063,3.0000,0.0000,0.0000,0,15.0088,985.0693,503.7187,744.3940,-240.6753,7.9970,-4.8290,997.8953,506.8867
49.947,1,0,learned,7.3521,73.2598,2.6629,-2.2253,2.2671,3.1767,-0.1398,2.0538,3.0018,-1.4576,1.9192,8.2146,-0.6091,3.0000,0.0000,0.0000,0,15.0088,989.2742,406.3408,697.8075,-291.4667,8.1991,-4.4581,1000.0000,410.0818
49.997,1,0,learned,7.2418,73.3575,2.6599,-2.2399,2.2209,3.1543,-0.1438,2.0478,3.0018,-1.3873,1.9192,8.0748,-0.6121,3.0000,0.0000,0.0000,0,15.0088,975.8672,320.2014,648.0343,-327.8329,8.3267,-4.1277,988.3215,324.4003
50.047,1,0,learned,7.2418,73.3575,2.6564,-2.2399,2.2209,3.1543,-0.1782,2.0478,3.0018,-1.3873,1.9192,8.0748,-0.6086,3.0000,0.0000,0.0000,0,15.0088,979.6903,334.9247,657.3075,-322.3828,8.3237,-3.8522,991.8661,339.3961
50.097,1,0,learned,7.1248,73.4586,2.6495,-2.2418,2.1655,3.1169,-0.1918,2.0415,3.0018,-1.3118,1.9192,7.9290,-0.6080,3.0000,0.0000,0.0000,0,15.0088,968.1799,256.8884,612.5342,-355.6457,8.5379,-3.4040,980.1218,262.0223
50.147,1,0,learned,7.0150,73.5512,2.6463,-2.2510,2.1186,3.0912,-0.2195,2.0353,3.0018,-1.2402,1.9192,7.7944,-0.6110,3.0000,0.0000,0.0000,0,15.0088,986.9494,303.1183,645.0338,-341.9156,8.7320,-2.9277,998.6091,308.9226
50.197,1,0,learned,7.0150,73.5512,2.6392,-2.2510,2.1186,3.0912,-0.2410,2.0353,3.0018,-1.2402,1.9192,7.7944,-0.6039,3.0000,0.0000,0.0000,0,15.0088,967.9268,276.2750,622.1009,-345.8259,8.7123,-2.7214,979.3605,282.2659
50.246,1,0,learned,6.8992,73.6467,2.6289,-2.2464,2.0620,3.0493,-0.2757,2.0288,3.0018,-1.1639,1.9192,7.6549,-0.6000,3.0000,0.0000,0.0000,0,15.0088,976.2058,338.1704,657.1881,-319.0177,9.0032,-2.1197,987.3288,345.0539
50.297,1,0,learned,6.7907,73.7341,2.6243,-2.2492,2.0136,3.0188,-0.2692,2.0225,3.0018,-1.0918,1.9192,7.5263,-0.6018,3.0000,0.0000,0.0000,0,15.0088,983.3157,434.4973,708.9065,-274.4092,9.2501,-1.8845,994.4504,441.8629
50.347,1,0,learned,6.6762,73.8242,2.6120,-2.2396,1.9576,2.9746,-0.2958,2.0159,3.0018,-1.0150,1.9192,7.3929,-0.5960,3.0000,0.0000,0.0000,0,15.0088,976.3109,355.3818,665.8463,-310.4645,9.5045,-1.3057,987.1211,363.5806
50.397,1,0,learned,6.5686,73.9072,2.6010,-2.2400,1.9120,2.9451,-0.3095,2.0094,3.0018,-0.9422,1.9192,7.2695,-0.5916,3.0000,0.0000,0.0000,0,15.0088,978.6669,251.1344,614.9006,-363.7662,9.6628,-0.8708,989.2005,259.9264
50.447,1,0,learned,6.5686,73.9072,2.5923,-2.2400,1.9120,2.9451,-0.3332,2.0094,3.0018,-0.9422,1.9192,7.2695,-0.5829,3.0000,0.0000,0.0000,0,15.0088,978.2357,219.2360,598.7359,-379.4999,9.6380,-0.6484,988.5221,228.2256
50.497,1,0,learned,6.4546,73.9936,2.5770,-2.2306,1.8617,2.9054,-0.3555,2.0025,3.0018,-0.8645,1.9192,7.1406,-0.5745,3.0000,0.0000,0.0000,0,15.0088,979.3254,230.2555,604.7904,-374.5349,9.9008,-0.1120,989.3382,240.0442
50.547,1,0,learned,6.3475,74.0732,2.5705,-2.2308,1.8212,2.8798,-0.3713,1.9957,3.0018,-0.7910,1.9192,7.0213,-0.5748,3.0000,0.0000,0.0000,0,15.0088,985.1685,255.1688,620.1686,-364.9998,10.0951,0.3086,994.9550,265.5725
50.597,1,0,learned,6.3475,74.0732,2.5570,-2.2308,1.8212,2.8798,-0.3922,1.9957,3.0018,-0.7910,1.9192,7.0213,-0.5613,3.0000,0.0000,0.0000,0,15.0088,984.5221,317.3866,650.9544,-333.5678,10.1017,0.5321,994.0918,328.0204
50.646,1,0,learned,6.1278,74.2320,2.5353,-2.2195,1.7371,2.8184,-0.4113,1.9816,3.0018,-0.6388,1.9192,6.7826,-0.5537,3.0000,0.0000,0.0000,0,15.0088,977.6535,260.8030,619.2283,-358.4252,10.5092,1.3296,986.8331,272.6418
50.697,1,0,learned,6.1278,74.2320,2.5277,-2.2195,1.7371,2.8184,-0.4180,1.9816,3.0018,-0.6388,1.9192,6.7826,-0.5462,3.0000,0.0000,0.0000,0,15.0088,972.2068,226.8911,599.5490,-372.6579,10.4868,1.4070,981.2867,238.7849
50.747,1,0,learned,6.0149,74.3116,2.5081,-2.2100,1.6960,2.7858,-0.4218,1.9742,3.0018,-0.5598,1.9192,6.6626,-0.5339,3.0000,0.0000,0.0000,0,15.0088,963.4611,198.9183,581.1897,-382.2714,10.6960,1.7970,972.3602,211.4113
50.797,1,0,learned,5.9083,74.3857,2.4959,-2.2121,1.6655,2.7690,-0.4313,1.9669,3.0018,-0.4849,1.9192,6.5509,-0.5290,3.0000,0.0000,0.0000,0,15.0088,962.4974,281.9267,622.2120,-340.2853,10.8599,2.1913,971.1660,294.9780
50.847,1,0,learned,5.9083,74.3857,2.4791,-2.2121,1.6655,2.7690,-0.4652,1.9669,3.0018,-0.4849,1.9192,6.5509,-0.5122,3.0000,0.0000,0.0000,0,15.0088,976.5278,278.8158,627.6718,-348.8560,10.8367,2.5229,984.8416,292.1754
50.897,1,0,learned,5.7952,74.4632,2.4573,-2.2045,1.6306,2.7420,-0.4517,1.9592,3.0018,-0.4051,1.9192,6.4343,-0.4981,3.0000,0.0000,0.0000,0,15.0088,980.2914,262.9235,621.6074,-358.6840,11.0156,2.7785,988.5285,276.7176
50.947,1,0,learned,5.6886,74.5355,2.4484,-2.2078,1.6057,2.7300,-0.4885,1.9518,3.0018,-0.3296,1.9192,6.3257,-0.4965,3.0000,0.0000,0.0000,0,15.0088,979.4582,284.2100,631.8341,-347.6241,11.1329,3.3471,987.2439,298.6900
50.997,1,0,learned,5.5752,74.6118,2.4302,-2.2024,1.5780,2.7094,-0.4735,1.9440,3.0018,-0.2491,1.9192,6.2117,-0.4863,3.0000,0.0000,0.0000,0,15.0088,975.8080,206.1901,590.9991,-384.8089,11.2562,3.5339,983.5304,220.9802
51.046,1,0,learned,5.4680,74.6835,2.4070,-2.2085,1.5611,2.7046,-0.4945,1.9364,3.0018,-0.1728,1.9192,6.1052,-0.4707,3.0000,0.0000,0.0000,0,15.0088,976.4242,283.1387,629.7815,-346.6427,11.3353,4.0397,983.7198,298.5137
51.097,1,0,learned,5.4680,74.6835,2.3976,-2.2085,1.5611,2.7046,-0.4985,1.9364,3.0018,-0.1728,1.9192,6.1052,-0.4612,3.0000,0.0000,0.0000,0,15.0088,983.6606,258.9571,621.3089,-362.3517,11.3139,4.0988,990.8757,274.3698
51.147,1,0,learned,5.3541,74.7593,2.3734,-2.2051,1.5404,2.6899,-0.5162,1.9283,3.0018,-0.0916,1.9192,5.9933,-0.4451,3.0000,0.0000,0.0000,0,15.0088,976.7709,304.7847,640.7778,-335.9931,11.4455,4.5910,983.6254,320.8212
51.197,1,0,learned,5.2465,74.8307,2.3588,-2.2126,1.5298,2.6900,-0.5138,1.9207,3.0018,-0.0148,1.9192,5.8888,-0.4381,3.0000,0.0000,0.0000,0,15.0088,977.1094,285.0217,631.0656,-346.0439,11.4675,4.8239,983.7530,301.3131
51.247,1,0,learned,5.1319,74.9067,2.3339,-2.2105,1.5161,2.6804,-0.5140,1.9125,3.0018,0.0669,1.9192,5.7786,-0.4213,3.0000,0.0000,0.0000,0,15.0088,985.4253,238.9194,612.1724,-373.2530,11.5298,5.1217,991.8335,255.5709
51.298,1,0,learned,5.0237,74.9788,2.3087,-2.2193,1.5131,2.6860,-0.5288,1.9049,3.0018,0.1440,1.9192,5.6754,-0.4039,3.0000,0.0000,0.0000,0,15.0088,983.4770,214.5107,598.9938,-384.4831,11.5048,5.4962,989.4856,231.5118
51.347,1,0,learned,5.0237,74.9788,2.2985,-2.2193,1.5131,2.6860,-0.5150,1.9049,3.0018,0.1440,1.9192,5.6754,-0.3937,3.0000,0.0000,0.0000,0,15.0088,987.2934,286.2435,636.7685,-350.5250,11.5196,5.4718,993.3413,303.2349
51.397,1,0,learned,4.9087,75.0556,2.2676,-2.2178,1.5061,2.6809,-0.5240,1.8967,3.0018,0.2259,1.9192,5.5666,-0.3710,3.0000,0.0000,0.0000,0,15.0088,985.4011,247.2794,616.3402,-369.0609,11.5527,5.8337,991.1202,264.6658
51.447,1,0,learned,4.8002,75.1284,2.2519,-2.2264,1.5081,2.6891,-0.5470,1.8890,3.0018,0.3031,1.9192,5.4650,-0.3629,3.0000,0.0000,0.0000,0,15.0088,965.2242,232.8444,599.0343,-366.1899,11.5289,6.2115,970.5415,250.5848
51.497,1,0,learned,4.6849,75.2063,2.2256,-2.2245,1.5060,2.6863,-0.5258,1.8809,3.0018,0.3848,1.9192,5.3579,-0.3447,3.0000,0.0000,0.0000,0,15.0088,987.5771,310.7372,649.1572,-338.4200,11.5952,6.3858,992.7865,328.7182
51.547,1,0,learned,4.6849,75.2063,2.2095,-2.2245,1.5060,2.6863,-0.5490,1.8809,3.0018,0.3848,1.9192,5.3579,-0.3286,3.0000,0.0000,0.0000,0,15.0088,977.0609,387.2483,682.1546,-294.9063,11.6086,6.6691,982.0003,405.5260
51.597,1,0,learned,4.5762,75.2804,2.1880,-2.2326,1.5137,2.6973,-0.5507,1.8733,3.0018,0.4617,1.9192,5.2576,-0.3147,3.0000,0.0000,0.0000,0,15.0088,985.2411,350.8950,668.0681,-317.1731,11.5483,6.8795,989.9100,369.3227
51.647,1,0,learned,4.4608,75.3602,2.1609,-2.2299,1.5178,2.6974,-0.5497,1.8652,3.0018,0.5429,1.9192,5.1516,-0.2957,3.0000,0.0000,0.0000,0,15.0088,986.3664,357.4415,671.9039,-314.4624,11.5715,7.1321,990.8058,376.1450
51.697,1,0,learned,4.3520,75.4370,2.1446,-2.2374,1.5344,2.7130,-0.5423,1.8578,3.0018,0.6190,1.9192,5.0515,-0.2868,3.0000,0.0000,0.0000,0,15.0088,972.3063,360.6755,666.4909,-305.8154,11.5033,7.2397,976.5700,379.4185
51.747,1,0,learned,4.2365,75.5205,2.1175,-2.2341,1.5488,2.7185,-0.5463,1.8500,2.9689,0.6990,1.9192,4.9452,-0.2676,3.0000,0.0000,0.0000,0,15.0088,984.6490,343.3638,664.0064,-320.6426,11.2536,7.4000,988.5027,362.0174
51.797,1,0,learned,4.1277,75.6011,2.0958,-2.2405,1.5748,2.7386,-0.5453,1.8428,2.9086,0.7737,1.9192,4.8449,-0.2530,3.0000,0.0000,0.0000,0,15.0088,970.0879,407.6621,688.8750,-281.2129,10.7495,7.4456,973.3919,425.8572
51.847,1,0,learned,4.1277,75.6011,2.0795,-2.2405,1.5748,2.7386,-0.5395,1.8428,2.9086,0.7737,1.9192,4.8449,-0.2367,3.0000,0.0000,0.0000,0,15.0088,974.4235,375.4298,674.9267,-299.4968,10.7171,7.4375,977.7031,393.5844
51.897,1,0,learned,4.0125,75.6887,2.0471,-2.2354,1.5967,2.7471,-0.5487,1.8352,2.8446,0.8521,1.9192,4.7383,-0.2119,3.0000,0.0000,0.0000,0,15.0088,988.0720,323.6143,655.8432,-332.2288,10.2019,7.5333,990.7407,341.3495
51.947,1,0,learned,3.9043,75.7733,2.0310,-2.2393,1.6300,2.7698,-0.5330,1.8284,2.7842,0.9249,1.9192,4.6377,-0.2026,3.0000,0.0000,0.0000,0,15.0088,982.8496,392.6196,687.7346,-295.1150,9.6729,7.4339,985.0886,409.7264
51.997,1,0,learned,3.7899,75.8656,2.0040,-2.2314,1.6587,2.7804,-0.5270,1.8211,2.7200,1.0010,1.9192,4.5307,-0.1829,3.0000,0.0000,0.0000,0,15.0088,982.5577,307.1870,644.8724,-337.6854,9.1249,7.3303,984.3523,323.6422
52.046,1,0,learned,3.6826,75.9545,1.9880,-2.2322,1.6977,2.8045,-0.5348,1.8146,2.6596,1.0714,1.9192,4.4300,-0.1734,3.0000,0.0000,0.0000,0,15.0088,991.0760,349.0541,670.0651,-321.0109,8.5649,7.3779,992.2629,364.9970
52.097,1,0,learned,3.6826,75.9545,1.9665,-2.2322,1.6977,2.8045,-0.5577,1.8146,2.6596,1.0714,1.9192,4.4300,-0.1519,3.0000,0.0000,0.0000,0,15.0088,989.6297,332.5947,661.1122,-328.5175,8.5355,7.6350,990.5302,348.7652
52.147,1,0,learned,3.4636,76.1445,1.9343,-2.2178,1.7726,2.8391,-0.5445,1.8016,2.5353,1.2124,1.9192,4.2230,-0.1327,3.0000,0.0000,0.0000,0,15.0088,976.3980,334.9498,655.6739,-320.7241,7.4385,7.4324,976.4041,349.8207
52.197,1,0,learned,3.4636,76.1445,1.9180,-2.2178,1.7726,2.8391,-0.5423,1.8016,2.5353,1.2124,1.9192,4.2230,-0.1165,3.0000,0.0000,0.0000,0,15.0088,976.3869,396.0018,686.1943,-290.1926,7.4387,7.5517,976.2740,410.9922
52.246,1,0,learned,3.3523,76.2457,1.8911,-2.2022,1.8073,2.8489,-0.5463,1.7950,2.4716,1.2825,1.9192,4.1169,-0.0960,3.0000,0.0000,0.0000,0,15.0088,979.3980,445.5094,712.4537,-266.9443,6.9250,7.6605,978.6625,460.0950
52.297,1,0,learned,3.2485,76.3431,1.8694,-2.1942,1.8516,2.8710,-0.5300,1.7893,2.4120,1.3468,1.9192,4.0176,-0.0801,3.0000,0.0000,0.0000,0,15.0088,950.3996,354.8179,652.6088,-297.7909,6.3141,7.3763,949.3373,368.5083
52.347,1,0,learned,3.1399,76.4487,1.8477,-2.1733,1.8874,2.8785,-0.5480,1.7831,2.3490,1.4129,1.9192,3.9128,-0.0646,3.0000,0.0000,0.0000,0,15.0088,971.5590,303.4564,637.5077,-334.0513,5.7868,7.4741,969.8718,316.7173
52.397,1,0,learned,3.0389,76.5506,1.8261,-2.1593,1.9345,2.8991,-0.5495,1.7778,2.2900,1.4730,1.9192,3.8144,-0.0482,3.0000,0.0000,0.0000,0,15.0088,985.2694,359.8898,672.5796,-312.6898,5.2241,7.5211,982.9723,372.6350
52.447,1,0,learned,3.0389,76.5506,1.8045,-2.1593,1.9345,2.8991,-0.5408,1.7778,2.2900,1.4730,1.9192,3.8144,-0.0267,3.0000,0.0000,0.0000,0,15.0088,982.7098,454.8613,718.7855,-263.9243,5.2262,7.6688,980.2672,467.7563
52.497,1,0,learned,2.9336,76.6607,1.7829,-2.1326,1.9710,2.9040,-0.5560,1.7721,2.2280,1.5344,1.9192,3.7112,-0.0108,3.0000,0.0000,0.0000,0,15.0088,975.8662,459.9396,717.9029,-257.9633,4.7333,7.8174,972.7821,472.4903
52.547,1,0,learned,2.8359,76.7662,1.7613,-2.1130,2.0165,2.9208,-0.5517,1.7672,2.1703,1.5901,1.9192,3.6151,0.0059,3.0000,0.0000,0.0000,0,15.0088,933.2791,364.4777,648.8784,-284.4007,4.1621,7.6320,929.8092,376.2718
52.596,1,0,learned,2.7343,76.8806,1.7343,-2.0813,2.0532,2.9236,-0.5265,1.7620,2.1097,1.6466,1.9192,3.5140,0.0277,3.0000,0.0000,0.0000,0,15.0088,980.7761,302.4140,641.5950,-339.1811,3.6583,7.4042,977.0302,313.4764
52.647,1,0,learned,2.6404,76.9908,1.7183,-2.0561,2.1019,2.9403,-0.5527,1.7576,2.0530,1.6972,1.9192,3.4196,0.0393,3.0000,0.0000,0.0000,0,15.0088,950.1138,314.9296,632.5217,-317.5921,3.1232,7.5953,945.6417,325.6481
52.697,1,0,learned,2.5431,77.1099,1.6862,-2.0193,2.1393,2.9418,-0.5360,1.7529,1.9937,1.7481,1.9192,3.3209,0.0667,3.0000,0.0000,0.0000,0,15.0088,924.1398,363.1986,643.6692,-280.4706,2.6609,7.6014,919.1993,373.4608
52.747,1,0,learned,2.4533,77.2236,1.6649,-1.9896,2.1852,2.9553,-0.5378,1.7490,1.9391,1.7936,1.9192,3.2299,0.0841,3.0000,0.0000,0.0000,0,15.0088,983.5772,318.5980,651.0876,-332.4896,2.1328,7.5859,978.1242,328.3167
52.797,1,0,learned,2.4533,77.2236,1.6487,-1.9896,2.1852,2.9553,-0.5543,1.7490,1.9391,1.7936,1.9192,3.2299,0.1002,3.0000,0.0000,0.0000,0,15.0088,954.2203,339.3289,646.7746,-307.4457,2.1248,7.8466,948.4985,349.3002
52.847,1,0,learned,2.3604,77.3459,1.6273,-1.9489,2.2186,2.9531,-0.5475,1.7447,1.8824,1.8392,1.9192,3.1354,0.1174,3.0000,0.0000,0.0000,0,15.0088,908.1860,274.2270,591.2065,-316.9795,1.6897,7.7545,902.1212,283.6712
52.897,1,0,learned,2.2751,77.4629,1.6005,-1.9146,2.2624,2.9638,-0.5637,1.7412,1.8302,1.8794,1.9192,3.0485,0.1407,3.0000,0.0000,0.0000,0,15.0088,815.0756,266.9744,541.0250,-274.0506,1.2078,7.9362,808.3472,276.1184
52.946,1,0,learned,2.1871,77.5888,1.5842,-1.8699,2.2944,2.9598,-0.5460,1.7374,1.7762,1.9191,1.9192,2.9587,0.1532,3.0000,0.0000,0.0000,0,15.0088,798.8591,283.4950,541.1771,-257.6820,0.8176,7.8528,791.8240,292.1654
52.997,1,0,learned,2.1067,77.7087,1.5572,-1.8310,2.3348,2.9671,-0.5365,0.9589,3.5835,-0.8315,0.8795,20.6885,-0.5984,3.0000,0.0000,0.0000,0,17.9177,766.8901,321.6820,544.2861,-222.6041,9.3119,-4.5687,780.7708,326.4252
53.047,1,0,learned,2.1067,77.7087,1.5356,-1.8310,2.3348,2.9671,-0.5328,0.9589,3.5835,-0.8315,0.8795,20.6885,-0.5767,3.0000,0.0000,0.0000,0,17.9177,752.1089,335.7659,543.9374,-208.1715,9.2802,-4.5411,765.9302,340.5050
53.096,1,0,learned,2.0244,77.8364,1.5140,-1.7816,2.3590,2.9562,-0.5335,0.9452,3.5835,-0.6866,0.8795,20.6374,-0.5688,3.0000,0.0000,0.0000,0,17.9177,834.4682,349.1379,591.8031,-242.6651,9.3854,-4.3293,848.1828,354.1940
53.147,1,0,learned,1.9496,77.9572,1.4979,-1.7370,2.3908,2.9552,-0.5288,0.9323,3.5835,-0.5519,0.8795,20.5879,-0.5655,3.0000,0.0000,0.0000,0,17.9177,798.0866,310.8608,554.4737,-243.6129,9.4314,-4.1074,811.6253,316.1849
53.196,1,0,learned,1.8734,78.0862,1.4766,-1.6823,2.4085,2.9379,-0.5305,0.9189,3.5835,-0.4111,0.8795,20.5339,-0.5576,3.0000,0.0000,0.0000,0,17.9177,791.1820,352.2853,571.7336,-219.4484,9.5726,-3.8743,804.6288,357.9836
53.247,1,0,learned,1.8046,78.2085,1.4503,-1.6325,2.4367,2.9330,-0.5275,0.9064,3.5835,-0.2801,0.8795,20.4812,-0.5439,3.0000,0.0000,0.0000,0,17.9177,816.9087,243.2573,530.0830,-286.8257,9.5964,-3.6053,830.1104,249.2484
53.297,1,0,learned,1.8046,78.2085,1.4345,-1.6325,2.4367,2.9330,-0.5128,0.9064,3.5835,-0.2801,0.8795,20.4812,-0.5282,3.0000,0.0000,0.0000,0,17.9177,883.3702,293.1164,588.2433,-295.1269,9.5852,-3.7007,896.6561,299.0009
53.347,1,0,learned,1.7349,78.3391,1.4086,-1.5742,2.4517,2.9135,-0.5232,0.8933,3.5835,-0.1431,0.8795,20.4237,-0.5154,3.0000,0.0000,0.0000,0,17.9177,980.6172,334.5076,657.5624,-323.0548,9.7214,-3.4448,993.7834,340.7842
53.397,1,0,learned,1.6721,78.4628,1.3880,-1.5211,2.4766,2.9064,-0.5178,0.8810,3.5835,-0.0159,0.8795,20.3680,-0.5070,3.0000,0.0000,0.0000,0,17.9177,984.4367,228.9113,606.6740,-377.7627,9.7651,-3.2024,997.4043,235.4741
53.446,1,0,learned,1.6085,78.5948,1.3673,-1.4614,2.4892,2.8864,-0.5340,0.8681,3.5835,0.1173,0.8795,20.3071,-0.4992,3.0000,0.0000,0.0000,0,17.9177,993.6926,294.3772,644.0349,-349.6577,9.9161,-2.9141,1000.0000,301.3792
53.497,1,0,learned,1.5515,78.7209,1.3465,-1.4066,2.5167,2.8831,-0.5310,0.8561,3.5835,0.2416,0.8795,20.2474,-0.4904,3.0000,0.0000,0.0000,0,17.9177,963.4624,227.2820,595.3722,-368.0902,9.9492,-2.6758,976.0874,234.5553
53.546,1,0,learned,1.5515,78.7209,1.3255,-1.4066,2.5167,2.8831,-0.5515,0.8561,3.5835,0.2416,0.8795,20.2474,-0.4694,3.0000,0.0000,0.0000,0,17.9177,963.4624,227.2820,595.3722,-368.0902,9.9087,-2.5090,975.8801,234.6817
53.597,1,0,learned,1.4941,78.8565,1.2987,-1.3460,2.5346,2.8698,-0.5553,0.8433,3.5835,0.3722,0.8795,20.1816,-0.4554,3.0000,0.0000,0.0000,0,17.9177,991.4039,172.8428,582.1233,-409.2805,9.9858,-2.2291,1000.0000,180.5995
53.647,1,0,learned,1.4430,78.9859,1.2771,-1.2900,2.5669,2.8728,-0.5585,0.8316,3.5835,0.4941,0.8795,20.1171,-0.4455,3.0000,0.0000,0.0000,0,17.9177,948.1363,170.9372,559.5367,-388.5995,9.9997,-1.9908,960.1267,178.9461
53.697,1,0,learned,1.3919,79.1247,1.2607,-1.2286,2.5877,2.8645,-0.5750,0.8191,3.5835,0.6221,0.8795,20.0463,-0.4416,3.0000,0.0000,0.0000,0,17.9177,978.9890,128.5181,553.7535,-425.2354,10.0690,-1.6802,990.7382,136.9070
53.747,1,0,learned,1.3466,79.2570,1.2327,-1.1716,2.6213,2.8712,-0.5705,0.8077,3.5835,0.7413,0.8795,19.9774,-0.4250,3.0000,0.0000,0.0000,0,17.9177,980.4855,224.2598,602.3727,-378.1129,10.0767,-1.5298,992.0920,232.8067
53.797,1,0,learned,1.3466,79.2570,1.2157,-1.1716,2.6213,2.8712,-0.5857,0.8077,3.5835,0.7413,0.8795,19.9774,-0.4081,3.0000,0.0000,0.0000,0,17.9177,992.6992,166.4413,579.5703,-413.1289,10.0298,-1.3798,1000.0000,175.0913
53.847,1,0,learned,1.3018,79.3987,1.1867,-1.1096,2.6419,2.8655,-0.5930,0.7955,3.5835,0.8661,0.8795,19.9019,-0.3912,3.0000,0.0000,0.0000,0,17.9177,992.6992,166.4413,579.5703,-413.1289,10.0769,-1.1025,1000.0000,175.4157
53.897,1,0,learned,1.2627,79.5335,1.1632,-1.0506,2.6752,2.8741,-0.5998,0.7845,3.5835,0.9822,0.8795,19.8285,-0.3787,3.0000,0.0000,0.0000,0,17.9177,972.5324,124.5880,548.5602,-423.9722,10.0463,-0.8379,983.4166,133.7964
53.947,1,0,learned,1.2249,79.6780,1.1455,-0.9858,2.6959,2.8705,-0.6063,0.7728,3.5835,1.1035,0.8795,19.7478,-0.3727,3.0000,0.0000,0.0000,0,17.9177,995.8218,91.5965,543.7092,-452.1127,10.0925,-0.5922,1000.0000,101.0968
53.996,1,0,learned,1.1926,79.8153,1.1152,-0.9230,2.7290,2.8809,-0.6195,0.7622,3.5835,1.2159,0.8795,19.6693,-0.3530,3.0000,0.0000,0.0000,0,17.9177,999.6803,197.4205,598.5504,-401.1299,10.0717,-0.3457,1000.0000,207.1465
54.047,1,0,learned,1.1620,79.9619,1.0907,-0.8560,2.7469,2.8772,-0.6292,0.7510,3.5835,1.3328,0.8795,19.5837,-0.3397,3.0000,0.0000,0.0000,0,17.9177,998.8503,234.7864,616.8184,-382.0319,10.1214,-0.0891,1000.0000,244.8188
54.097,1,0,learned,1.1620,79.9619,1.0658,-0.8560,2.7469,2.8772,-0.6508,0.7510,3.5835,1.3328,0.8795,19.5837,-0.3148,3.0000,0.0000,0.0000,0,17.9177,996.2147,229.7368,612.9757,-383.2390,10.0720,0.0944,1000.0000,239.9032
54.147,1,0,learned,1.1366,80.1006,1.0596,-0.7908,2.7756,2.8861,-0.6442,0.7408,3.5835,1.4409,0.8795,19.5009,-0.3188,3.0000,0.0000,0.0000,0,17.9177,995.7896,201.4150,598.6023,-397.1873,10.0737,0.2217,1000.0000,211.7104
54.197,1,0,learned,1.1138,80.2487,1.0280,-0.7204,2.7901,2.8816,-0.6475,0.7301,3.5835,1.5529,0.8795,19.4103,-0.2978,3.0000,0.0000,0.0000,0,17.9177,984.3340,208.1975,596.2658,-388.0683,10.1095,0.4685,993.9750,218.7755
54.246,1,0,learned,1.1138,80.2487,1.0025,-0.7204,2.7901,2.8816,-0.6470,0.7301,3.5835,1.5529,0.8795,19.4103,-0.2724,3.0000,0.0000,0.0000,0,17.9177,978.2338,305.4780,641.8559,-336.3779,10.0856,0.5008,987.8187,316.0645
54.299,1,0,learned,1.0962,80.3890,0.9897,-0.6498,2.8165,2.8905,-0.6525,0.7206,3.5835,1.6559,0.8795,19.3223,-0.2691,3.0000,0.0000,0.0000,0,17.9177,998.7497,269.9636,634.3567,-364.3930,10.0698,0.7008,1000.0000,280.7343
54.347,1,0,learned,1.0817,80.5383,0.9578,-0.5753,2.8276,2.8855,-0.6430,0.7105,3.5835,1.7622,0.8795,19.2263,-0.2473,3.0000,0.0000,0.0000,0,17.9177,998.9955,206.8084,602.9019,-396.0935,10.0950,0.8924,1000.0000,217.7958
54.397,1,0,learned,1.0724,80.6797,0.9321,-0.4993,2.8509,2.8943,-0.6358,0.7015,3.5835,1.8596,0.8795,19.1331,-0.2305,3.0000,0.0000,0.0000,0,17.9177,998.0179,314.6376,656.3278,-341.6902,10.0893,1.0099,1000.0000,325.7369
54.446,1,0,learned,1.0724,80.6797,0.9127,-0.4993,2.8509,2.8943,-0.6615,0.7015,3.5835,1.8596,0.8795,19.1331,-0.2112,3.0000,0.0000,0.0000,0,17.9177,974.0283,380.7554,677.3919,-296.6364,10.0633,1.1835,982.9081,392.0022
54.497,1,0,learned,1.0669,80.8300,0.8807,-0.4204,2.8588,2.8896,-0.6465,0.6921,3.5835,1.9596,0.8795,19.0313,-0.1886,3.0000,0.0000,0.0000,0,17.9177,999.5328,333.4826,666.5077,-333.0251,10.0910,1.3282,1000.0000,344.9018
54.547,1,0,learned,1.0660,80.9720,0.8678,-0.3399,2.8789,2.8989,-0.6505,0.6838,3.5835,2.0508,0.8795,18.9327,-0.1840,3.0000,0.0000,0.0000,0,17.9177,991.6672,425.6486,708.6579,-283.0093,10.0982,1.4760,1000.0000,437.2228
54.597,1,0,learned,1.0703,81.1232,0.8357,-0.2554,2.8846,2.8959,-0.6520,0.6751,3.5835,2.1439,0.8795,18.8246,-0.1607,3.0000,0.0000,0.0000,0,17.9177,996.1955,333.1406,664.6680,-331.5274,10.1065,1.7116,1000.0000,344.9587
54.646,1,0,learned,1.0793,81.2661,0.8040,-0.1671,2.9032,2.9080,-0.6388,0.6676,3.5835,2.2282,0.8795,18.7193,-0.1364,3.0000,0.0000,0.0000,0,17.9177,999.4141,324.6120,662.0130,-337.4010,10.0526,1.8292,1000.0000,336.4937
54.697,1,0,learned,1.0793,81.2661,0.7914,-0.1671,2.9032,2.9080,-0.6360,0.6676,3.5835,2.2282,0.8795,18.7193,-0.1237,3.0000,0.0000,0.0000,0,17.9177,988.2565,432.1872,710.2218,-278.0346,10.0512,1.8254,996.4822,444.0638
54.747,1,0,learned,1.0943,81.4181,0.7662,-0.0759,2.9071,2.9081,-0.6268,0.6598,3.5835,2.3135,0.8795,18.6040,-0.1064,3.0000,0.0000,0.0000,0,17.9177,998.6120,516.0019,757.3069,-241.3050,10.0903,1.9375,1000.0000,528.0298
54.797,1,0,learned,1.1133,81.5614,0.7411,0.0186,2.9229,2.9229,-0.6225,0.6532,3.5835,2.3902,0.8795,18.4922,-0.0879,3.0000,0.0000,0.0000,0,17.9177,996.3006,460.1099,728.2052,-268.0954,10.0254,2.0894,1000.0000,472.2247
54.847,1,0,learned,1.1133,81.5614,0.7163,0.0186,2.9229,2.9229,-0.5980,0.6532,3.5835,2.3902,0.8795,18.4922,-0.0630,3.0000,0.0000,0.0000,0,17.9177,998.4493,427.7137,713.0815,-285.3678,9.9841,2.0289,1000.0000,439.7267
54.897,1,0,learned,1.1395,81.7136,0.6855,0.1154,2.9235,2.9258,-0.6038,0.6463,3.5835,2.4671,0.8795,18.3696,-0.0392,3.0000,0.0000,0.0000,0,17.9177,994.9793,406.2088,700.5940,-294.3853,9.9814,2.2473,1000.0000,418.4374
54.947,1,0,learned,1.1699,81.8570,0.6673,0.2189,2.9364,2.9446,-0.5823,0.6407,3.5835,2.5351,0.8795,18.2502,-0.0266,3.0000,0.0000,0.0000,0,17.9177,996.7272,516.1949,756.4611,-240.2661,9.9411,2.2521,1000.0000,528.3882
54.997,1,0,learned,1.2080,82.0088,0.6433,0.3218,2.9330,2.9506,-0.5780,0.6348,3.5835,2.6025,0.8795,18.1199,-0.0084,3.0000,0.0000,0.0000,0,17.9177,974.7873,551.5466,763.1669,-211.6203,9.9490,2.3855,982.3508,563.8812
55.047,1,0,learned,1.2490,82.1513,0.6194,0.4284,2.9400,2.9711,-0.5845,0.6302,3.5835,2.6617,0.8795,17.9941,0.0108,3.0000,0.0000,0.0000,0,17.9177,992.8371,644.6526,818.7449,-174.0922,9.8793,2.5585,1000.0000,657.0905
55.097,1,0,learned,1.2490,82.1513,0.5958,0.4284,2.9400,2.9711,-0.5945,0.6302,3.5835,2.6617,0.8795,17.9941,0.0344,3.0000,0.0000,0.0000,0,17.9177,997.2517,643.3692,820.3105,-176.9413,9.8363,2.6715,1000.0000,655.8770
55.147,1,0,learned,1.2985,82.3016,0.5725,0.5331,2.9303,2.9784,-0.5707,0.6253,3.5835,2.7195,0.8795,17.8570,0.0528,3.0000,0.0000,0.0000,0,17.9177,992.9845,669.5489,831.2667,-161.7178,9.8437,2.6978,1000.0000,682.0904
55.197,1,0,learned,1.3508,82.4425,0.5610,0.6445,2.9313,3.0013,-0.5757,0.6217,3.5835,2.7690,0.8795,17.7245,0.0606,3.0000,0.0000,0.0000,0,17.9177,993.2269,636.1852,814.7061,-178.5208,9.7692,2.8395,1000.0000,648.7940
55.252,1,0,learned,1.4127,82.5910,0.5327,0.7536,2.9159,3.0117,-0.5343,0.6179,3.5835,2.8159,0.8795,17.5800,0.0851,3.0000,0.0000,0.0000,0,17.9177,981.6251,662.6215,822.1233,-159.5018,9.7621,2.7783,988.6089,675.1618
55.297,1,0,learned,1.4127,82.5910,0.5162,0.7536,2.9159,3.0117,-0.5355,0.6179,3.5835,2.8159,0.8795,17.5800,0.1017,3.0000,0.0000,0.0000,0,17.9177,974.7025,720.6406,847.6716,-127.0310,9.7423,2.8243,981.6206,733.2072
55.347,1,0,learned,1.4766,82.7297,0.5053,0.8692,2.9108,3.0378,-0.5212,0.6153,3.5835,2.8552,0.8795,17.4407,0.1100,3.0000,0.0000,0.0000,0,17.9177,982.3295,740.5390,861.4342,-120.8953,9.6670,2.8572,989.1393,753.0632
55.397,1,0,learned,1.5503,82.8753,0.4733,0.9785,2.8886,3.0498,-0.5105,0.6126,3.5835,2.8913,0.8795,17.2898,0.1393,3.0000,0.0000,0.0000,0,17.9177,991.0902,784.2250,887.6576,-103.4326,9.6380,2.9664,997.7618,796.8293
55.447,1,0,learned,1.6249,83.0108,0.4526,1.0939,2.8757,3.0767,-0.4995,0.6110,3.5835,2.9202,0.8795,17.1448,0.1584,3.0000,0.0000,0.0000,0,17.9177,994.4244,797.5621,895.9932,-98.4311,9.5428,3.0407,1000.0000,810.1456
55.497,1,0,learned,1.6249,83.0108,0.4373,1.0939,2.8757,3.0767,-0.4748,0.6110,3.5835,2.9202,0.8795,17.1448,0.1737,3.0000,0.0000,0.0000,0,17.9177,994.1588,762.3104,878.2346,-115.9242,9.5230,2.9483,1000.0000,774.7817
55.547,1,0,learned,1.7100,83.1527,0.4128,1.2024,2.8462,3.0897,-0.4597,0.6093,3.5835,2.9451,0.8795,16.9880,0.1965,3.0000,0.0000,0.0000,0,17.9177,990.5469,853.1602,921.8535,-68.6934,9.5108,3.0117,997.0460,865.6826
55.597,1,0,learned,1.7955,83.2845,0.3984,1.3181,2.8260,3.1183,-0.4585,0.6087,3.5835,2.9632,0.8795,16.8375,0.2104,3.0000,0.0000,0.0000,0,17.9177,997.4634,872.8361,935.1498,-62.3136,9.4154,3.1204,1000.0000,885.3720
55.647,1,0,learned,1.8918,83.4220,0.3752,1.4247,2.7897,3.1324,-0.4250,0.6081,3.5835,2.9767,0.8795,16.6752,0.2329,3.0000,0.0000,0.0000,0,17.9177,995.2269,871.7472,933.4871,-61.7399,9.3986,3.0752,1000.0000,884.2210
55.697,1,0,learned,1.9876,83.5494,0.3572,1.5390,2.7626,3.1623,-0.4235,0.6085,3.5835,2.9842,0.8795,16.5199,0.2513,3.0000,0.0000,0.0000,0,17.9177,996.0523,909.0066,952.5295,-43.5228,9.2932,3.1895,1000.0000,921.4894
55.746,1,0,learned,1.9876,83.5494,0.3397,1.5390,2.7626,3.1623,-0.4078,0.6085,3.5835,2.9842,0.8795,16.5199,0.2688,3.0000,0.0000,0.0000,0,17.9177,996.9253,902.0020,949.4636,-47.4616,9.2709,3.1519,1000.0000,914.4248
55.797,1,0,learned,2.0947,83.6819,0.3228,1.6432,2.7199,3.1777,-0.3995,0.6089,3.5835,2.9862,0.8795,16.3527,0.2861,3.0000,0.0000,0.0000,0,17.9177,980.9250,934.9612,957.9431,-22.9819,9.2538,3.2190,986.9599,947.4340
55.850,1,0,learned,2.2004,83.8044,0.3146,1.7551,2.6862,3.2087,-0.3815,0.6103,3.5835,2.9828,0.8795,16.1931,0.2957,3.0000,0.0000,0.0000,0,17.9177,998.0399,956.2916,977.1658,-20.8742,9.1590,3.2157,1000.0000,968.6663
55.897,1,0,learned,2.3176,83.9314,0.2946,1.8549,2.6375,3.2245,-0.3675,0.6117,3.5835,2.9735,0.8795,16.0217,0.3171,3.0000,0.0000,0.0000,0,17.9177,990.4640,958.7215,974.5927,-15.8712,9.1334,3.2523,996.3451,971.1072
55.947,1,0,learned,2.3176,83.9314,0.2792,1.8549,2.6375,3.2245,-0.3553,0.6117,3.5835,2.9735,0.8795,16.0217,0.3325,3.0000,0.0000,0.0000,0,17.9177,993.8951,950.2900,972.0926,-21.8025,9.1136,3.2295,999.7792,962.6331
55.997,1,0,learned,2.4325,84.0484,0.2644,1.9625,2.5974,3.2554,-0.3455,0.6139,3.5835,2.9595,0.8795,15.8587,0.3496,3.0000,0.0000,0.0000,0,17.9177,990.6469,956.7782,973.7125,-16.9344,9.0072,3.2810,996.3731,969.0663
56.047,1,0,learned,2.5590,84.1694,0.2466,2.0564,2.5432,3.2706,-0.3245,0.6162,3.5835,2.9392,0.8795,15.6841,0.3696,3.0000,0.0000,0.0000,0,17.9177,990.6257,957.1257,973.8757,-16.7500,8.9885,3.2651,996.3491,969.3794
56.097,1,0,learned,2.6820,84.2804,0.2363,2.1578,2.4974,3.3004,-0.3240,0.6193,3.5835,2.9153,0.8795,15.5185,0.3830,3.0000,0.0000,0.0000,0,17.9177,988.6656,963.3659,976.0157,-12.6498,8.8876,3.3478,994.2054,975.6014
56.147,1,0,learned,2.8164,84.3950,0.2198,2.2431,2.4384,3.3132,-0.3010,0.6223,3.5835,2.8848,0.8795,15.3419,0.4025,3.0000,0.0000,0.0000,0,17.9177,983.7955,966.9810,975.3882,-8.4072,8.8826,3.3051,989.3730,979.1687
56.197,1,0,learned,2.9462,84.4999,0.2070,2.3355,2.3879,3.3401,-0.3030,0.6260,3.5835,2.8516,0.8795,15.1750,0.4190,3.0000,0.0000,0.0000,0,17.9177,992.6062,972.6327,982.6195,-9.9867,8.7865,3.4021,997.9906,984.8213
56.247,1,0,learned,2.9462,84.4999,0.1977,2.3355,2.3879,3.3401,-0.2973,0.6260,3.5835,2.8516,0.8795,15.1750,0.4283,3.0000,0.0000,0.0000,0,17.9177,956.0990,973.9242,965.0116,8.9126,8.7839,3.3928,961.4901,986.1009
56.297,1,0,learned,3.0872,84.6078,0.1828,2.4104,2.3254,3.3493,-0.2672,0.6297,3.5835,2.8119,0.8795,14.9976,0.4469,3.0000,0.0000,0.0000,0,17.9177,939.6124,973.8103,956.7114,17.0990,8.8044,3.2897,945.1270,985.9044
56.347,1,0,learned,3.2226,84.7065,0.1714,2.4927,2.2714,3.3724,-0.2737,0.6340,3.5835,2.7704,0.8795,14.8304,0.4626,3.0000,0.0000,0.0000,0,17.9177,887.4689,994.8955,941.1822,53.7133,8.7390,3.3874,892.8205,1000.0000
56.397,1,0,learned,3.3688,84.8078,0.1575,2.5566,2.2068,3.3772,-0.2530,0.6382,3.5835,2.7224,0.8795,14.6532,0.4807,3.0000,0.0000,0.0000,0,17.9177,880.0975,978.7182,929.4078,49.3104,8.7759,3.3172,885.5561,990.8113
56.447,1,0,learned,3.5085,84.9002,0.1496,2.6273,2.1504,3.3951,-0.2425,0.6429,3.5835,2.6737,0.8795,14.4867,0.4933,3.0000,0.0000,0.0000,0,17.9177,943.6586,994.8304,969.2445,25.5859,8.7188,3.3144,949.0630,1000.0000
56.498,1,0,learned,3.5085,84.9002,0.1394,2.6273,2.1504,3.3951,-0.2243,0.6429,3.5835,2.6737,0.8795,14.4867,0.5036,3.0000,0.0000,0.0000,0,17.9177,850.4179,986.3399,918.3789,67.9610,8.7375,3.2263,855.9292,998.3037
56.547,1,0,learned,3.6584,84.9948,0.1273,2.6782,2.0841,3.3935,-0.2325,0.6476,3.5835,2.6185,0.8795,14.3110,0.5203,3.0000,0.0000,0.0000,0,17.9177,790.0210,986.4589,888.2399,98.2189,8.8088,3.2870,795.5428,998.5546
56.597,1,0,learned,3.8010,85.0809,0.1204,2.7368,2.0260,3.4051,-0.2195,0.6526,3.5835,2.5636,0.8795,14.1464,0.5322,3.0000,0.0000,0.0000,0,17.9177,877.9394,979.6438,928.7916,50.8522,8.7805,3.2523,883.4675,991.6766
56.646,1,0,learned,3.9536,85.1689,0.1116,2.7763,1.9595,3.3982,-0.1903,0.6577,3.5835,2.5021,0.8795,13.9729,0.5461,3.0000,0.0000,0.0000,0,17.9177,849.5875,991.9316,920.7595,71.1721,8.8915,3.0738,855.4053,1000.0000
56.697,1,0,learned,4.0981,85.2488,0.1034,2.8234,1.9006,3.4035,-0.1875,0.6630,3.5835,2.4417,0.8795,13.8108,0.5596,3.0000,0.0000,0.0000,0,17.9177,780.2485,973.4482,876.8484,96.5998,8.9297,3.0516,786.1266,985.4295
56.747,1,0,learned,4.0981,85.2488,0.0957,2.8234,1.9006,3.4035,-0.1655,0.6630,3.5835,2.4417,0.8795,13.8108,0.5674,3.0000,0.0000,0.0000,0,17.9177,718.0275,986.4719,852.2497,134.2222,8.9455,2.9390,724.0340,998.3564
56.797,1,0,learned,4.2524,85.3304,0.0867,2.8520,1.8341,3.3908,-0.1477,0.6684,3.5835,2.3749,0.8795,13.6404,0.5817,3.0000,0.0000,0.0000,0,17.9177,667.9439,988.5932,828.2686,160.3247,9.0866,2.8002,674.2303,1000.0000
56.846,1,0,learned,4.3983,85.4043,0.0818,2.8897,1.7752,3.3915,-0.1335,0.6741,3.5835,2.3096,0.8795,13.4814,0.5923,3.0000,0.0000,0.0000,0,17.9177,590.0986,981.3053,785.7020,195.6033,9.1592,2.6791,596.5788,993.1437
56.897,1,0,learned,4.5533,85.4793,0.0742,2.9078,1.7089,3.3728,-0.1113,0.6798,3.5835,2.2380,0.8795,13.3149,0.6055,3.0000,0.0000,0.0000,0,17.9177,538.2979,994.7954,766.5466,228.2487,9.3338,2.4866,545.1451,1000.0000
56.948,1,0,learned,4.6992,85.5470,0.0703,2.9340,1.6489,3.3656,-0.0910,0.6856,3.5835,2.1688,0.8795,13.1603,0.6154,3.0000,0.0000,0.0000,0,17.9177,542.8016,996.3159,769.5588,226.7572,9.4278,2.3209,549.9085,1000.0000
56.997,1,0,learned,4.8532,85.6152,0.0645,2.9397,1.5816,3.3382,-0.0708,0.6915,3.5835,2.0936,0.8795,12.9993,0.6270,3.0000,0.0000,0.0000,0,17.9177,535.9836,982.2348,759.1092,223.1256,9.6381,2.1155,543.5062,993.9883
57.047,1,0,learned,4.9976,85.6764,0.0601,2.9532,1.5202,3.3215,-0.0385,0.6974,3.5835,2.0214,0.8795,12.8504,0.6373,3.0000,0.0000,0.0000,0,17.9177,568.1038,985.9585,777.0311,208.9273,9.7775,1.8600,576.0214,997.5960
57.097,1,0,learned,4.9976,85.6764,0.0582,2.9532,1.5202,3.3215,-0.0092,0.6974,3.5835,2.0214,0.8795,12.8504,0.6393,3.0000,0.0000,0.0000,0,17.9177,471.6570,992.5279,732.0924,260.4354,9.8134,1.6677,479.8027,1000.0000
57.147,1,0,learned,5.1497,85.7379,0.0567,2.9478,1.4528,3.2864,-0.0080,0.7035,3.5835,1.9434,0.8795,12.6956,0.6467,3.0000,0.0000,0.0000,0,17.9177,410.5693,987.8302,699.1998,288.6304,10.0706,1.5267,419.1132,999.4275
57.197,1,0,learned,5.2924,85.7931,0.0556,2.9525,1.3920,3.2642,0.0170,0.7096,3.5835,1.8687,0.8795,12.5525,0.6540,3.0000,0.0000,0.0000,0,17.9177,469.9746,991.2763,730.6255,260.6509,10.2288,1.2905,478.9129,1000.0000
57.247,1,0,learned,5.2924,85.7931,0.0553,2.9525,1.3920,3.2642,0.0515,0.7096,3.5835,1.8687,0.8795,12.5525,0.6543,3.0000,0.0000,0.0000,0,17.9177,424.2689,987.8694,706.0691,281.8003,10.2558,1.0680,433.4567,999.1933
57.297,1,0,learned,5.4423,85.8484,0.0561,2.9389,1.3262,3.2243,0.0457,0.7159,3.5835,1.7884,0.8795,12.4040,0.6598,3.0000,0.0000,0.0000,0,17.9177,333.5017,989.6790,661.5903,328.0887,10.5403,0.9392,343.1027,1000.0000
57.347,1,0,learned,5.5825,85.8977,0.0573,2.9349,1.2665,3.1966,0.0912,0.7222,3.5835,1.7119,0.8795,12.2671,0.6648,3.0000,0.0000,0.0000,0,17.9177,340.1574,993.2345,666.6960,326.5385,10.7485,0.5373,350.3686,1000.0000
57.397,1,0,learned,5.7298,85.9471,0.0606,2.9145,1.2032,3.1531,0.1168,0.7287,3.5835,1.6299,0.8795,12.1251,0.6681,3.0000,0.0000,0.0000,0,17.9177,325.9692,990.9200,658.4446,332.4754,11.0433,0.2129,336.7997,1000.0000
57.447,1,0,learned,5.8671,85.9909,0.0644,2.9037,1.1451,3.1213,0.1527,0.7352,3.5835,1.5521,0.8795,11.9946,0.6708,3.0000,0.0000,0.0000,0,17.9177,335.9385,988.0985,662.0185,326.0800,11.2650,-0.1518,347.3553,999.2116
57.497,1,0,learned,5.8671,85.9909,0.0679,2.9037,1.1451,3.1213,0.1545,0.7352,3.5835,1.5521,0.8795,11.9946,0.6672,3.0000,0.0000,0.0000,0,17.9177,262.9327,980.9778,621.9553,359.0225,11.2876,-0.1960,274.4163,992.0694
57.547,1,0,learned,6.0111,86.0345,0.0751,2.8770,1.0837,3.0743,0.1983,0.7419,3.5835,1.4689,0.8795,11.8597,0.6668,3.0000,0.0000,0.0000,0,17.9177,279.6400,995.1740,637.4070,357.7670,11.5961,-0.6491,291.8852,1000.0000
57.596,1,0,learned,6.1456,86.0731,0.0820,2.8619,1.0279,3.0409,0.2295,0.7486,3.5835,1.3899,0.8795,11.7355,0.6666,3.0000,0.0000,0.0000,0,17.9177,304.7899,994.1802,649.4850,344.6952,11.8168,-0.9984,317.6050,1000.0000
57.647,1,0,learned,6.2868,86.1114,0.0899,2.8326,0.9697,2.9940,0.2457,0.7556,3.5835,1.3056,0.8795,11.6070,0.6657,3.0000,0.0000,0.0000,0,17.9177,236.0390,978.0065,607.0228,370.9838,12.1273,-1.3085,249.4748,988.8254
57.697,1,0,learned,6.4187,86.1453,0.1013,2.8156,0.9170,2.9612,0.2717,0.7626,3.5835,1.2256,0.8795,11.4887,0.6613,3.0000,0.0000,0.0000,0,17.9177,188.5674,983.8731,586.2203,397.6528,12.3567,-1.6636,202.5877,994.5661
57.747,1,0,learned,6.4187,86.1453,0.1088,2.8156,0.9170,2.9612,0.3013,0.7626,3.5835,1.2256,0.8795,11.4887,0.6538,3.0000,0.0000,0.0000,0,17.9177,277.2423,991.9125,634.5774,357.3351,12.3542,-1.8516,291.4481,1000.0000
57.797,1,0,learned,6.5576,86.1790,0.1196,2.7867,0.8631,2.9173,0.3173,0.7700,3.5835,1.1400,0.8795,11.3660,0.6504,3.0000,0.0000,0.0000,0,17.9177,276.0871,964.0999,620.0935,344.0064,12.6277,-2.1493,290.8640,974.5783
57.846,1,0,learned,6.6873,86.2087,0.1345,2.7701,0.8144,2.8873,0.3488,0.7773,3.5835,1.0590,0.8795,11.2529,0.6428,3.0000,0.0000,0.0000,0,17.9177,340.8904,987.8983,664.3944,323.5040,12.8141,-2.5179,356.2224,998.1945
57.897,1,0,learned,6.8241,86.2383,0.1440,2.7420,0.7653,2.8467,0.3543,0.7850,3.5835,0.9725,0.8795,11.1356,0.6411,3.0000,0.0000,0.0000,0,17.9177,288.4739,993.0318,640.7528,352.2790,13.0697,-2.7568,304.3003,1000.0000
57.947,1,0,learned,6.9524,86.2647,0.1644,2.7282,0.7222,2.8221,0.3845,0.7926,3.5835,0.8905,0.8795,11.0269,0.6283,3.0000,0.0000,0.0000,0,17.9177,289.1805,988.3268,638.7536,349.5732,13.2421,-3.1558,305.5784,998.4131
57.997,1,0,learned,7.0883,86.2914,0.1788,2.7054,0.6804,2.7896,0.3982,0.8008,3.5835,0.8028,0.8795,10.9132,0.6220,3.0000,0.0000,0.0000,0,17.9177,224.0314,990.1016,607.0665,383.0351,13.4598,-3.4653,240.9565,1000.0000
58.047,1,0,learned,7.2163,86.3155,0.1938,2.6977,0.6446,2.7736,0.4020,0.8088,3.5835,0.7196,0.8795,10.8075,0.6150,3.0000,0.0000,0.0000,0,17.9177,174.3499,988.7610,581.5555,407.2056,13.5812,-3.6915,191.6226,998.6507
58.096,1,0,learned,7.2163,86.3155,0.2094,2.6977,0.6446,2.7736,0.4215,0.8088,3.5835,0.7196,0.8795,10.8075,0.5994,3.0000,0.0000,0.0000,0,17.9177,217.0404,980.5725,598.8065,381.7661,13.5934,-3.8575,234.4912,990.3084
58.147,1,0,learned,7.3520,86.3399,0.2256,2.6799,0.6096,2.7484,0.4303,0.8172,3.5835,0.6306,0.8795,10.6968,0.5917,3.0000,0.0000,0.0000,0,17.9177,142.4160,985.8875,564.1517,421.7358,13.7706,-4.1433,160.3298,995.5148
58.197,1,0,learned,7.4795,86.3618,0.2467,2.6752,0.5792,2.7372,0.4577,0.8254,3.5835,0.5464,0.8795,10.5941,0.5787,3.0000,0.0000,0.0000,0,17.9177,86.3802,990.0186,538.1994,451.8192,13.8768,-4.5441,104.8012,999.3514
58.246,1,0,learned,7.6144,86.3840,0.2597,2.6590,0.5487,2.7150,0.4580,0.8342,3.5835,0.4566,0.8795,10.4868,0.5744,3.0000,0.0000,0.0000,0,17.9177,55.0216,987.9984,521.5100,466.4884,14.0181,-4.7527,73.7924,997.2639
58.297,1,0,learned,7.7411,86.4040,0.2778,2.6553,0.5220,2.7061,0.4848,0.8425,3.5835,0.3717,0.8795,10.3874,0.5648,3.0000,0.0000,0.0000,0,17.9177,129.7433,984.5265,557.1349,427.3916,14.0773,-5.1009,148.9215,993.5030
58.347,1,0,learned,7.7411,86.4040,0.2870,2.6553,0.5220,2.7061,0.4888,0.8425,3.5835,0.3717,0.8795,10.3874,0.5555,3.0000,0.0000,0.0000,0,17.9177,208.0768,985.4758,596.7763,388.6995,14.0713,-5.1351,227.2832,994.4121
58.397,1,0,learned,7.8749,86.4239,0.3109,2.6387,0.4943,2.6846,0.5082,0.8514,3.5835,0.2813,0.8795,10.2839,0.5405,3.0000,0.0000,0.0000,0,17.9177,204.7891,990.8214,597.8053,393.0161,14.2146,-5.4968,224.5005,999.5392
58.446,1,0,learned,8.0006,86.4419,0.3257,2.6346,0.4704,2.6763,0.5288,0.8599,3.5835,0.1960,0.8795,10.1880,0.5342,3.0000,0.0000,0.0000,0,17.9177,178.3862,975.8544,577.1203,398.7341,14.2824,-5.8250,198.4937,984.3118
58.497,1,0,learned,8.0006,86.4419,0.3459,2.6346,0.4704,2.6763,0.5320,0.8599,3.5835,0.1960,0.8795,10.1880,0.5140,3.0000,0.0000,0.0000,0,17.9177,174.0473,990.7129,582.3801,408.3328,14.3065,-5.9170,194.2708,999.1024
58.547,1,0,learned,8.1339,86.4605,0.3719,2.6205,0.4479,2.6585,0.5393,0.8689,3.5835,0.1051,0.8795,10.0873,0.4971,3.0000,0.0000,0.0000,0,17.9177,203.2334,994.4754,598.8544,395.6210,14.4195,-6.1985,223.8514,1000.0000
58.596,1,0,learned,8.2597,86.4778,0.3824,2.6205,0.4306,2.6557,0.5415,0.8775,3.5835,0.0193,0.8795,9.9932,0.4951,3.0000,0.0000,0.0000,0,17.9177,223.0377,977.6444,600.3411,377.3034,14.4399,-6.3851,243.8627,985.6992
58.647,1,0,learned,8.3932,86.4961,0.4090,2.6100,0.4146,2.6428,0.5495,0.8867,3.5835,-0.0720,0.8795,9.8942,0.4776,3.0000,0.0000,0.0000,0,17.9177,193.8717,997.0036,595.4376,401.5660,14.5411,-6.6931,215.1059,1000.0000
58.697,1,0,learned,8.5194,86.5134,0.4308,2.6135,0.4038,2.6445,0.5470,0.8953,3.5835,-0.1581,0.8795,9.8015,0.4646,3.0000,0.0000,0.0000,0,17.9177,224.0349,993.9537,608.9943,384.9594,14.5472,-6.8875,245.4696,1000.0000
58.747,1,0,learned,8.5194,86.5134,0.4417,2.6135,0.4038,2.6445,0.5673,0.8953,3.5835,-0.1581,0.8795,9.8015,0.4536,3.0000,0.0000,0.0000,0,17.9177,167.8285,983.4007,575.6146,407.7861,14.5745,-7.0640,189.4669,990.9111
58.797,1,0,learned,8.6535,86.5321,0.4695,2.6069,0.3949,2.6367,0.5585,0.9045,3.5835,-0.2496,0.8795,9.7035,0.4351,3.0000,0.0000,0.0000,0,17.9177,276.1911,986.2625,631.2268,355.0357,14.6174,-7.2302,298.0388,993.6497
58.847,1,0,learned,8.7805,86.5502,0.4861,2.6146,0.3914,2.6438,0.5587,0.9131,3.5835,-0.3358,0.8795,9.6112,0.4270,3.0000,0.0000,0.0000,0,17.9177,247.3482,991.8612,619.6047,372.2565,14.6062,-7.4433,269.3977,999.0241
58.897,1,0,learned,8.7805,86.5502,0.5087,2.6146,0.3914,2.6438,0.5575,0.9131,3.5835,-0.3358,0.8795,9.6112,0.4045,3.0000,0.0000,0.0000,0,17.9177,297.0567,994.1892,645.6230,348.5662,14.6200,-7.4949,319.1716,1000.0000
58.946,1,0,learned,8.9159,86.5702,0.5371,2.6125,0.3901,2.6415,0.5643,0.9223,3.5835,-0.4274,0.8795,9.5132,0.3853,3.0000,0.0000,0.0000,0,17.9177,297.6366,988.2493,642.9430,345.3064,14.6628,-7.7863,320.0857,995.1258
58.996,1,0,learned,9.0444,86.5902,0.5427,2.6252,0.3954,2.6548,0.5585,0.9309,3.5835,-0.5136,0.8795,9.4203,0.3882,3.0000,0.0000,0.0000,0,17.9177,345.5787,986.4963,666.0375,320.4588,14.5923,-7.9058,368.0768,993.1828
59.046,1,0,learned,9.1817,86.6129,0.5712,2.6283,0.4038,2.6592,0.5775,0.9399,3.5835,-0.6049,0.8795,9.3209,0.3687,3.0000,0.0000,0.0000,0,17.9177,256.7180,989.9395,623.3287,366.6107,14.6282,-8.2944,279.6406,996.2733
59.096,1,0,learned,9.3122,86.6361,0.5997,2.6462,0.4195,2.6793,0.5670,0.9483,3.5835,-0.6906,0.8795,9.2261,0.3486,3.0000,0.0000,0.0000,0,17.9177,341.0544,992.4261,666.7402,325.6858,14.5465,-8.4450,364.0459,998.5275
59.147,1,0,learned,9.3122,86.6361,0.6111,2.6462,0.4195,2.6793,0.5580,0.9483,3.5835,-0.6906,0.8795,9.2261,0.3372,3.0000,0.0000,0.0000,0,17.9177,265.8929,991.3231,628.6080,362.7151,14.5754,-8.4379,288.9062,997.4606
59.197,1,0,learned,9.4516,86.6627,0.6339,2.6532,0.4380,2.6891,0.5600,0.9571,3.5835,-0.7811,0.8795,9.1243,0.3232,3.0000,0.0000,0.0000,0,17.9177,198.3041,989.7042,594.0041,395.7001,14.5755,-8.6847,221.5642,995.5950
59.247,1,0,learned,9.5839,86.6899,0.6567,2.6740,0.4638,2.7139,0.5710,0.9652,3.5835,-0.8657,0.8795,9.0271,0.3085,3.0000,0.0000,0.0000,0,17.9177,299.5960,992.0199,645.8080,346.2120,14.4703,-8.9434,323.0097,997.5469
59.297,1,0,learned,9.5839,86.6899,0.6796,2.6740,0.4638,2.7139,0.5715,0.9652,3.5835,-0.8657,0.8795,9.0271,0.2856,3.0000,0.0000,0.0000,0,17.9177,351.3096,995.5679,673.4387,322.1291,14.4843,-9.0070,374.8009,1000.0000
59.347,1,0,learned,9.7250,86.7210,0.7024,2.6818,0.4905,2.7263,0.5595,0.9738,3.5835,-0.9545,0.8795,8.9228,0.2713,3.0000,0.0000,0.0000,0,17.9177,384.4807,995.7743,690.1275,305.6468,14.4521,-9.1400,408.0728,1000.0000
59.397,1,0,learned,9.8584,86.7523,0.7254,2.7012,0.5227,2.7513,0.5523,0.9815,3.5835,-1.0374,0.8795,8.8237,0.2561,3.0000,0.0000,0.0000,0,17.9177,421.8741,985.3859,703.6300,281.7559,14.3622,-9.2817,445.5181,990.4664
59.447,1,0,learned,10.0005,86.7882,0.7484,2.7075,0.5565,2.7641,0.5705,0.9898,3.5835,-1.1239,0.8795,8.7169,0.2414,3.0000,0.0000,0.0000,0,17.9177,459.5906,991.7211,725.6558,266.0653,14.3365,-9.5951,483.5221,996.4626
59.497,1,0,learned,10.1349,86.8250,0.7713,2.7262,0.5984,2.7911,0.5565,0.9971,3.5835,-1.2040,0.8795,8.6147,0.2258,3.0000,0.0000,0.0000,0,17.9177,404.2535,986.1287,695.1911,290.9376,14.2669,-9.6908,428.2112,990.7048
59.547,1,0,learned,10.1349,86.8250,0.7885,2.7262,0.5984,2.7911,0.5595,0.9971,3.5835,-1.2040,0.8795,8.6147,0.2086,3.0000,0.0000,0.0000,0,17.9177,458.2088,988.8901,723.5494,265.3406,14.2736,-9.7551,482.2375,993.4086
59.597,1,0,learned,10.2781,86.8675,0.8167,2.7316,0.6421,2.8061,0.5365,1.0049,3.5835,-1.2873,0.8795,8.5041,0.1882,3.0000,0.0000,0.0000,0,17.9177,489.4594,980.1566,734.8080,245.3486,14.2472,-9.8015,513.5080,984.6023
59.647,1,0,learned,10.4133,86.9106,0.8279,2.7487,0.6935,2.8348,0.5540,1.0117,3.5835,-1.3639,0.8795,8.3982,0.1838,3.0000,0.0000,0.0000,0,17.9177,544.3454,986.9134,765.6294,221.2840,14.1415,-10.0362,568.5230,991.0188
59.698,1,0,learned,10.5569,86.9599,0.8558,2.7512,0.7444,2.8501,0.5292,1.0190,3.5835,-1.4431,0.8795,8.2838,0.1632,3.0000,0.0000,0.0000,0,17.9177,521.1233,972.1864,746.6549,225.5316,14.1335,-10.0503,545.3071,976.2696
59.747,1,0,learned,10.6923,87.0099,0.8777,2.7651,0.8037,2.8795,0.5363,1.0253,3.5835,-1.5155,0.8795,8.1741,0.1476,3.0000,0.0000,0.0000,0,17.9177,533.7418,989.1724,761.4571,227.7153,14.0545,-10.2358,558.0321,992.9911
59.797,1,0,learned,10.6923,87.0099,0.8939,2.7651,0.8037,2.8795,0.5192,1.0253,3.5835,-1.5155,0.8795,8.1741,0.1313,3.0000,0.0000,0.0000,0,17.9177,517.9791,998.8176,758.3984,240.4192,14.0747,-10.1826,542.2365,1000.0000
59.846,1,0,learned,10.8358,87.0669,0.9207,2.7642,0.8620,2.8955,0.5180,1.0320,3.5835,-1.5898,0.8795,8.0554,0.1113,3.0000,0.0000,0.0000,0,17.9177,544.5767,991.3845,767.9806,223.4039,14.0601,-10.3163,568.9531,995.1282
59.897,1,0,learned,10.9710,87.1242,0.9364,2.7744,0.9284,2.9256,0.5205,1.0377,3.5835,-1.6574,0.8795,7.9415,0.1012,3.0000,0.0000,0.0000,0,17.9177,588.2875,993.7906,791.0391,202.7516,13.9701,-10.4230,612.6806,997.3377
59.947,1,0,learned,10.9710,87.1242,0.9572,2.7744,0.9284,2.9256,0.5095,1.0377,3.5835,-1.6574,0.8795,7.9415,0.0804,3.0000,0.0000,0.0000,0,17.9177,552.5206,994.2607,773.3906,220.8701,14.0012,-10.4135,576.9353,997.8484
59.997,1,0,learned,11.1140,87.1889,0.9829,2.7695,0.9919,2.9417,0.4888,1.0437,3.5835,-1.7262,0.8795,7.8185,0.0608,3.0000,0.0000,0.0000,0,17.9177,495.0118,986.8002,740.9060,245.8942,14.0095,-10.3947,519.4160,990.4150
60.047,1,0,learned,11.2483,87.2538,0.9980,2.7754,1.0636,2.9722,0.4893,1.0488,3.5835,-1.7884,0.8795,7.7005,0.0508,3.0000,0.0000,0.0000,0,17.9177,555.3650,991.3658,773.3654,218.0004,13.9196,-10.4636,579.7481,994.8218
60.097,1,0,learned,11.3902,87.3267,1.0230,2.7661,1.1313,2.9885,0.4818,1.0542,3.5835,-1.8512,0.8795,7.5731,0.0313,3.0000,0.0000,0.0000,0,17.9177,638.9003,986.3371,812.6187,173.7184,13.8988,-10.5094,663.3085,989.7265
60.147,1,0,learned,11.5232,87.3988,1.0377,2.7668,1.2056,3.0180,0.4848,1.0587,3.5835,-1.9077,0.8795,7.4513,0.0210,3.0000,0.0000,0.0000,0,17.9177,698.0522,991.0361,844.5441,146.4920,13.8184,-10.5725,722.4431,994.2820
60.197,1,0,learned,11.5232,87.3988,1.0573,2.7668,1.2056,3.0180,0.4572,1.0587,3.5835,-1.9077,0.8795,7.4513,0.0014,3.0000,0.0000,0.0000,0,17.9177,679.3833,985.2127,832.2980,152.9147,13.8409,-10.4547,703.6790,988.5990
60.246,1,0,learned,11.6632,87.4794,1.0814,2.7521,1.2744,3.0329,0.4557,1.0635,3.5835,-1.9642,0.8795,7.3200,-0.0179,3.0000,0.0000,0.0000,0,17.9177,647.1869,994.0545,820.6207,173.4338,13.8590,-10.5125,671.5584,997.4010
60.297,1,0,learned,11.7943,87.5595,1.0955,2.7478,1.3532,3.0629,0.4557,1.0673,3.5835,-2.0141,0.8795,7.1940,-0.0282,3.0000,0.0000,0.0000,0,17.9177,705.9657,990.5006,848.2332,142.2675,13.7814,-10.5238,730.2710,993.7582
60.347,1,0,learned,11.9321,87.6489,1.1141,2.7282,1.4266,3.0787,0.4368,1.0714,3.5835,-2.0632,0.8795,7.0579,-0.0428,3.0000,0.0000,0.0000,0,17.9177,739.0939,988.2760,863.6850,124.5911,13.7770,-10.4326,763.3035,991.6204
60.397,1,0,learned,12.0606,87.7370,1.1324,2.7182,1.5084,3.1087,0.4410,1.0745,3.5835,-2.1061,0.8795,6.9276,-0.0580,3.0000,0.0000,0.0000,0,17.9177,750.8939,993.0877,871.9908,121.0969,13.7199,-10.4573,775.0711,996.3504
60.446,1,0,learned,12.0606,87.7370,1.1503,2.7182,1.5084,3.1087,0.4233,1.0745,3.5835,-2.1061,0.8795,6.9276,-0.0759,3.0000,0.0000,0.0000,0,17.9177,743.1745,973.1358,858.1551,114.9806,13.7384,-10.3831,767.2960,976.4910
60.497,1,0,learned,12.3209,87.9307,1.1765,2.6771,1.6657,3.1530,0.4145,1.0802,3.5835,-2.1831,0.8795,6.6530,-0.0963,3.0000,0.0000,0.0000,0,17.9177,689.1193,991.1927,840.1560,151.0367,13.7010,-10.2688,713.0890,994.6249
60.547,1,0,learned,12.3209,87.9307,1.1894,2.6771,1.6657,3.1530,0.3897,1.0802,3.5835,-2.1831,0.8795,6.6530,-0.1092,3.0000,0.0000,0.0000,0,17.9177,763.7403,995.3687,879.5545,115.8142,13.6940,-10.1817,787.6160,998.8810
60.597,1,0,learned,12.4520,88.0364,1.2060,2.6462,1.7394,3.1667,0.3895,1.0828,3.5835,-2.2167,0.8795,6.5086,-0.1232,3.0000,0.0000,0.0000,0,17.9177,816.7192,991.4638,904.0915,87.3723,13.7004,-10.1599,840.5795,995.0043
60.648,1,0,learned,12.5738,88.1394,1.2183,2.6243,1.8207,3.1940,0.3828,1.0846,3.5835,-2.2449,0.8795,6.3711,-0.1337,3.0000,0.0000,0.0000,0,17.9177,826.4987,994.0954,910.2971,83.7983,13.6519,-10.0601,850.2106,997.6872
60.697,1,0,learned,12.7009,88.2524,1.2384,2.5881,1.8910,3.2054,0.3733,1.0865,3.5835,-2.2707,0.8795,6.2235,-0.1519,3.0000,0.0000,0.0000,0,17.9177,840.9825,992.9902,916.9864,76.0039,13.6796,-9.9734,864.6355,996.6964
60.746,1,0,learned,12.8186,88.3624,1.2579,2.5611,1.9712,3.2319,0.3593,1.0876,3.5835,-2.2913,0.8795,6.0827,-0.1703,3.0000,0.0000,0.0000,0,17.9177,863.7388,993.2719,928.5053,64.7666,13.6382,-9.8379,887.2149,997.0722
60.797,1,0,learned,12.8186,88.3624,1.2694,2.5611,1.9712,3.2319,0.3638,1.0876,3.5835,-2.2913,0.8795,6.0827,-0.1818,3.0000,0.0000,0.0000,0,17.9177,863.7388,993.2719,928.5053,64.7666,13.6493,-9.9008,887.2889,997.0203
60.846,1,0,learned,12.9412,88.4829,1.2842,2.5206,2.0405,3.2430,0.3523,1.0889,3.5835,-2.3089,0.8795,5.9315,-0.1954,3.0000,0.0000,0.0000,0,17.9177,816.6334,993.5192,905.0763,88.4429,13.6853,-9.7527,840.0713,997.4518
60.897,1,0,learned,13.0547,88.5999,1.2987,2.4890,2.1196,3.2692,0.3265,1.0892,3.5835,-2.3218,0.8795,5.7874,-0.2094,3.0000,0.0000,0.0000,0,17.9177,825.9829,994.1650,910.0739,84.0910,13.6405,-9.5128,849.1362,998.2927
60.947,1,0,learned,13.1725,88.7274,1.3161,2.4445,2.1863,3.2795,0.3165,1.0898,3.5835,-2.3312,0.8795,5.6329,-0.2263,3.0000,0.0000,0.0000,0,17.9177,835.1883,980.9059,908.0471,72.8588,13.6713,-9.3707,858.2303,985.2064
60.997,1,0,learned,13.2813,88.8504,1.3297,2.4089,2.2616,3.3041,0.3247,1.0896,3.5835,-2.3366,0.8795,5.4862,-0.2401,3.0000,0.0000,0.0000,0,17.9177,917.1324,978.5282,947.8303,30.6979,13.6236,-9.3446,940.1006,982.8072
61.047,1,0,learned,13.2813,88.8504,1.3430,2.4089,2.2616,3.3041,0.3013,1.0896,3.5835,-2.3366,0.8795,5.4862,-0.2534,3.0000,0.0000,0.0000,0,17.9177,907.7454,989.1176,948.4315,40.6861,13.6331,-9.2567,930.6353,993.4940
61.097,1,0,learned,13.3941,88.9838,1.3527,2.3611,2.3222,3.3117,0.2978,1.0895,3.5835,-2.3385,0.8795,5.3295,-0.2632,3.0000,0.0000,0.0000,0,17.9177,866.0281,992.2806,929.1543,63.1263,13.6766,-9.1254,888.8301,996.8317
61.146,1,0,learned,13.4981,89.1121,1.3685,2.3219,2.3924,3.3339,0.2908,1.0888,3.5835,-2.3368,0.8795,5.1808,-0.2797,3.0000,0.0000,0.0000,0,17.9177,848.5935,995.0812,921.8373,73.2438,13.6524,-8.9826,871.2285,999.7510
61.197,1,0,learned,13.6056,89.2512,1.3837,2.2712,2.4489,3.3400,0.2840,1.0881,3.5835,-2.3309,0.8795,5.0219,-0.2956,3.0000,0.0000,0.0000,0,17.9177,847.0584,991.3507,919.2046,72.1461,13.6980,-8.8498,869.6062,996.1989
61.247,1,0,learned,13.7045,89.3847,1.3925,2.2291,2.5153,3.3609,0.2685,1.0867,3.4913,-2.3220,0.8795,4.8713,-0.3058,3.0000,0.0000,0.0000,0,17.9177,928.7255,983.7340,956.2298,27.5043,12.9663,-8.7209,950.4126,987.9794
61.297,1,0,learned,13.7045,89.3847,1.4041,2.2291,2.5153,3.3609,0.2722,1.0867,3.4913,-2.3220,0.8795,4.8713,-0.3173,3.0000,0.0000,0.0000,0,17.9177,939.0491,985.5774,962.3132,23.2642,12.9737,-8.7922,960.8150,989.7589
61.347,1,0,learned,13.8068,89.5286,1.4154,2.1765,2.5656,3.3644,0.2785,1.0855,3.3764,-2.3091,0.8795,4.7110,-0.3299,3.0000,0.0000,0.0000,0,17.9177,918.5596,982.2869,950.4233,31.8637,12.1503,-8.8321,939.5421,985.6052
61.397,1,0,learned,13.9007,89.6662,1.4237,2.1324,2.6259,3.3827,0.2630,1.0837,3.2677,-2.2937,0.8795,4.5593,-0.3400,3.0000,0.0000,0.0000,0,17.9177,949.7102,921.5853,935.6478,-14.0624,11.2746,-8.6871,969.6719,924.1728
61.446,1,0,learned,13.9975,89.8145,1.4371,2.0782,2.6711,3.3844,0.2590,1.0819,3.1519,-2.2737,0.8795,4.3978,-0.3552,3.0000,0.0000,0.0000,0,17.9177,962.9041,976.2762,969.5901,6.6861,10.4040,-8.8055,982.1136,977.8747
61.496,1,0,learned,14.0861,89.9561,1.4474,2.0321,2.7269,3.4008,0.2378,1.0796,3.0425,-2.2517,0.8795,4.2452,-0.3679,3.0000,0.0000,0.0000,0,17.9177,913.5770,985.1856,949.3813,35.8043,9.4995,-8.7237,931.8002,985.9615
61.547,1,0,learned,14.0861,89.9561,1.4574,2.0321,2.7269,3.4008,0.2275,1.0796,3.0425,-2.2517,0.8795,4.2452,-0.3778,3.0000,0.0000,0.0000,0,17.9177,922.1951,949.3681,935.7816,13.5865,9.5061,-8.6679,940.3691,950.2064
61.597,1,0,learned,14.1773,90.1082,1.4670,1.9764,2.7664,3.3999,0.2142,1.0773,2.9263,-2.2250,0.8795,4.0830,-0.3897,3.0000,0.0000,0.0000,0,17.9177,913.1292,967.6240,940.3766,27.2474,8.6107,-8.7124,930.4523,967.5223
61.648,1,0,learned,14.2607,90.2531,1.4740,1.9286,2.8171,3.4140,0.2068,1.0745,2.8167,-2.1968,0.8795,3.9300,-0.3995,3.0000,0.0000,0.0000,0,17.9177,904.2194,961.7875,933.0035,28.7841,7.6725,-8.7661,920.6580,960.6939
61.697,1,0,learned,14.3464,90.4083,1.4852,1.8725,2.8507,3.4107,0.1870,1.0717,2.7004,-2.1639,0.8795,3.7678,-0.4135,3.0000,0.0000,0.0000,0,17.9177,912.5637,915.1614,913.8625,1.2988,6.7637,-8.7743,928.1017,913.1508
61.747,1,0,learned,14.4247,90.5558,1.4939,1.8243,2.8950,3.4218,0.1925,1.0685,2.5910,-2.1302,0.8795,3.6152,-0.4254,3.0000,0.0000,0.0000,0,17.9177,872.6628,891.9137,882.2883,9.6254,5.8196,-8.9606,887.4431,888.7727
61.797,1,0,learned,14.4247,90.5558,1.5002,1.8243,2.8950,3.4218,0.2120,1.0685,2.5910,-2.1302,0.8795,3.6152,-0.4317,3.0000,0.0000,0.0000,0,17.9177,877.1319,935.4995,906.3157,29.1838,5.8128,-9.1852,892.1298,932.1271
61.847,1,0,learned,14.5051,90.7132,1.5084,1.7686,2.9215,3.4152,0.1905,1.0653,2.4754,-2.0917,0.8795,3.4538,-0.4430,3.0000,0.0000,0.0000,0,17.9177,875.2803,877.3769,876.3286,1.0483,4.9022,-9.2100,889.3925,873.0691
61.897,1,0,learned,14.5784,90.8622,1.5182,1.7202,2.9579,3.4217,0.1862,1.0618,2.3671,-2.0532,0.8795,3.3027,-0.4564,3.0000,0.0000,0.0000,0,17.9177,867.2057,799.2553,833.2305,-33.9752,3.9694,-9.3669,880.5420,793.8577
61.948,1,0,learned,14.6535,91.0208,1.5258,1.6652,2.9763,3.4104,0.1822,1.0583,2.2529,-2.0100,0.8795,3.1434,-0.4675,3.0000,0.0000,0.0000,0,17.9177,865.9917,698.7959,782.3938,-83.5979,3.0839,-9.5477,878.6233,692.3322
61.997,1,0,learned,14.7220,91.1705,1.5331,1.6172,3.0046,3.4122,0.1568,1.0546,2.1463,-1.9673,0.8795,2.9947,-0.4786,3.0000,0.0000,0.0000,0,17.9177,865.5397,716.9567,791.2482,-74.2915,2.1489,-9.6452,877.3339,709.4604
62.047,1,0,learned,14.7220,91.1705,1.5402,1.6172,3.0046,3.4122,0.1505,1.0546,2.1463,-1.9673,0.8795,2.9947,-0.4856,3.0000,0.0000,0.0000,0,17.9177,799.2720,628.1456,713.7088,-85.5632,2.1717,-9.5401,810.9838,620.7771
62.097,1,0,learned,14.7918,91.3288,1.5467,1.5622,3.0127,3.3936,0.1455,1.9002,3.0787,1.0277,1.9926,18.0694,0.3534,3.0000,0.0000,0.0000,0,15.3935,826.7364,646.1121,736.4242,-90.3121,4.1426,-2.6813,833.5602,647.5734
62.147,1,0,learned,14.8550,91.4772,1.5528,1.5131,3.0287,3.3856,0.1033,1.9107,3.0787,0.9092,1.9926,17.9536,0.3578,3.0000,0.0000,0.0000,0,15.3935,733.7112,635.3871,684.5491,-49.1621,4.2146,-2.6736,740.5994,636.9281
62.197,1,0,learned,14.9192,91.6334,1.5571,1.4576,3.0237,3.3567,0.0978,1.9214,3.0787,0.7867,1.9926,17.8317,0.3643,3.0000,0.0000,0.0000,0,15.3935,623.7113,676.3978,650.0545,26.3433,4.3958,-2.8999,631.0070,677.8936
62.247,1,0,learned,14.9773,91.7793,1.5647,1.4082,3.0268,3.3384,0.0890,1.9314,3.0787,0.6739,1.9926,17.7178,0.3667,3.0000,0.0000,0.0000,0,15.3935,513.7148,723.8919,618.8033,105.0886,4.5368,-3.0896,521.3412,725.3391
62.298,1,0,learned,14.9773,91.7793,1.5680,1.4082,3.0268,3.3384,0.1008,1.9314,3.0787,0.6739,1.9926,17.7178,0.3634,3.0000,0.0000,0.0000,0,15.3935,405.7716,757.1875,581.4795,175.7080,4.5832,-3.1680,413.5227,758.6027
62.346,1,0,learned,15.0365,91.9322,1.5734,1.3541,3.0094,3.3000,0.1103,1.9417,3.0787,0.5574,1.9926,17.5986,0.3683,3.0000,0.0000,0.0000,0,15.3935,296.1892,696.5150,496.3521,200.1629,4.8076,-3.4534,304.4502,697.8692
62.397,1,0,learned,15.0904,92.0742,1.5776,1.3081,2.9990,3.2719,0.1225,1.9513,3.0787,0.4501,1.9926,17.4881,0.3738,3.0000,0.0000,0.0000,0,15.3935,190.3519,681.7333,436.0426,245.6907,4.9838,-3.7272,199.0630,682.9900
62.447,1,0,learned,15.1461,92.2221,1.5831,1.2605,2.9683,3.2248,0.1388,1.9613,3.0787,0.3387,1.9926,17.3734,0.3782,3.0000,0.0000,0.0000,0,15.3935,300.2782,790.9289,545.6035,245.3254,5.1937,-4.0861,309.5580,792.0364
62.499,1,0,learned,15.1974,92.3585,1.5856,1.2224,2.9428,3.1865,0.1500,1.9707,3.0787,0.2360,1.9926,17.2684,0.3851,3.0000,0.0000,0.0000,0,15.3935,399.5245,900.7071,650.1158,250.5913,5.3574,-4.3860,409.2678,901.6785
62.547,1,0,learned,15.1974,92.3585,1.5895,1.2224,2.9428,3.1865,0.1625,1.9707,3.0787,0.2360,1.9926,17.2684,0.3811,3.0000,0.0000,0.0000,0,15.3935,508.9254,991.9200,750.4227,241.4973,5.3483,-4.5047,518.7784,992.7636
62.597,1,0,learned,15.2509,92.4999,1.5969,1.1837,2.8980,3.1305,0.2030,1.9805,3.0787,0.1293,1.9926,17.1601,0.3835,3.0000,0.0000,0.0000,0,15.3935,618.5338,991.0660,804.7999,186.2661,5.6051,-4.9885,629.1274,991.6826
62.647,1,0,learned,15.3006,92.6313,1.6002,1.1538,2.8663,3.0898,0.1910,1.9897,3.0787,0.0302,1.9926,17.0600,0.3895,3.0000,0.0000,0.0000,0,15.3935,603.2263,984.8449,794.0356,190.8093,5.7917,-5.0994,614.1175,985.5372
62.696,1,0,learned,15.3006,92.6313,1.6074,1.1538,2.8663,3.0898,0.2045,1.9897,3.0787,0.0302,1.9926,17.0600,0.3823,3.0000,0.0000,0.0000,0,15.3935,494.5726,983.3636,738.9681,244.3955,5.8448,-5.1899,505.6073,984.0184
62.746,1,0,learned,15.3998,92.9028,1.6194,1.0957,2.8135,3.0194,0.2320,2.0088,3.0787,-0.1715,1.9926,16.8539,0.3894,3.0000,0.0000,0.0000,0,15.3935,406.6518,980.8515,693.7517,287.0998,6.2198,-5.7281,418.5997,981.3431
62.797,1,0,learned,15.3998,92.9028,1.6237,1.0957,2.8135,3.0194,0.2380,2.0088,3.0787,-0.1715,1.9926,16.8539,0.3851,3.0000,0.0000,0.0000,0,15.3935,381.4210,988.6053,685.0132,303.5922,6.2398,-5.7758,393.4366,989.0694
62.846,1,0,learned,15.4492,93.0438,1.6352,1.0663,2.7932,2.9898,0.2412,2.0187,3.0787,-0.2742,1.9926,16.7468,0.3835,3.0000,0.0000,0.0000,0,15.3935,311.4813,988.5628,650.0221,338.5407,6.4155,-5.9849,323.8817,988.9934
62.896,1,0,learned,15.4948,93.1770,1.6425,1.0433,2.7899,2.9786,0.2800,2.0279,3.0787,-0.3704,1.9926,16.6458,0.3854,3.0000,0.0000,0.0000,0,15.3935,324.6438,996.1346,660.3892,335.7454,6.4962,-6.4044,337.5444,996.2263
62.953,1,0,learned,15.4948,93.1770,1.6503,1.0433,2.7899,2.9786,0.2895,2.0279,3.0787,-0.3704,1.9926,16.6458,0.3776,3.0000,0.0000,0.0000,0,15.3935,236.5125,971.3216,603.9170,367.4046,6.5380,-6.4576,249.5081,971.4020
62.997,1,0,learned,15.5425,93.3188,1.6643,1.0178,2.7770,2.9576,0.3207,2.0377,3.0787,-0.4719,1.9926,16.5386,0.3734,3.0000,0.0000,0.0000,0,15.3935,227.2344,991.7038,609.4691,382.2347,6.6772,-6.8531,240.7647,991.5279
63.047,1,0,learned,15.5866,93.4528,1.6703,0.9980,2.7801,2.9538,0.3427,2.0469,3.0787,-0.5670,1.9926,16.4374,0.3766,3.0000,0.0000,0.0000,0,15.3935,246.5300,996.7977,621.6638,375.1338,6.7110,-7.1559,260.3969,996.3528
63.096,1,0,learned,15.5866,93.4528,1.6829,0.9980,2.7801,2.9538,0.3588,2.0469,3.0787,-0.5670,1.9926,16.4374,0.3640,3.0000,0.0000,0.0000,0,15.3935,283.5044,995.5425,639.5235,356.0190,6.7355,-7.2984,297.5384,994.9796
63.146,1,0,learned,15.6750,93.7305,1.7035,0.9572,2.7807,2.9409,0.3867,2.0656,3.0787,-0.7614,1.9926,16.2283,0.3621,3.0000,0.0000,0.0000,0,15.3935,272.7227,980.7040,626.7134,353.9907,6.8441,-7.7992,287.3661,979.7490
63.197,1,0,learned,15.6750,93.7305,1.7108,0.9572,2.7807,2.9409,0.4075,2.0656,3.0787,-0.7614,1.9926,16.2283,0.3547,3.0000,0.0000,0.0000,0,15.3935,280.1087,990.4089,635.2588,355.1501,6.8676,-7.9558,294.9321,989.3207
63.247,1,0,learned,15.7190,93.8743,1.7261,0.9350,2.7778,2.9309,0.4105,2.0751,3.0787,-0.8604,1.9926,16.1202,0.3491,3.0000,0.0000,0.0000,0,15.3935,253.7962,997.4893,625.6428,371.8466,6.9482,-8.1484,268.8928,996.2891
63.297,1,0,learned,15.7593,94.0104,1.7421,0.9159,2.7894,2.9359,0.4405,2.0839,3.0787,-0.9529,1.9926,16.0179,0.3418,3.0000,0.0000,0.0000,0,15.3935,244.6154,995.7603,620.1878,375.5724,6.9722,-8.4981,260.0858,994.2344
63.347,1,0,learned,15.7593,94.0104,1.7588,0.9159,2.7894,2.9359,0.4415,2.0839,3.0787,-0.9529,1.9926,16.0179,0.3251,3.0000,0.0000,0.0000,0,15.3935,248.8235,995.2338,622.0287,373.2052,7.0064,-8.5508,264.3807,993.6895
63.396,1,0,learned,15.8006,94.1553,1.7807,0.8917,2.7887,2.9278,0.4642,2.0932,3.0787,-1.0499,1.9926,15.9090,0.3126,3.0000,0.0000,0.0000,0,15.3935,262.6800,991.1876,626.9338,364.2538,7.0860,-8.8770,278.6431,989.3965
63.447,1,0,learned,15.8383,94.2921,1.7897,0.8701,2.8008,2.9329,0.4870,2.1018,3.0787,-1.1402,1.9926,15.8061,0.3121,3.0000,0.0000,0.0000,0,15.3935,321.7115,976.5196,649.1156,327.4040,7.0706,-9.1638,337.9459,974.4265
63.496,1,0,learned,15.8766,94.4372,1.8128,0.8436,2.7988,2.9232,0.5012,2.1109,3.0787,-1.2346,1.9926,15.6968,0.2981,3.0000,0.0000,0.0000,0,15.3935,289.7736,993.6718,641.7227,351.9491,7.1691,-9.4268,306.3695,991.4141
63.546,1,0,learned,15.9112,94.5740,1.8320,0.8188,2.8091,2.9260,0.5215,2.1191,3.0787,-1.3221,1.9926,15.5937,0.2872,3.0000,0.0000,0.0000,0,15.3935,332.2135,990.7613,661.4874,329.2739,7.1875,-9.7162,349.1172,988.2325
63.597,1,0,learned,15.9112,94.5740,1.8516,0.8188,2.8091,2.9260,0.5102,2.1191,3.0787,-1.3221,1.9926,15.5937,0.2676,3.0000,0.0000,0.0000,0,15.3935,250.6223,998.7986,624.7104,374.0881,7.2454,-9.6759,267.5436,996.3681
63.647,1,0,learned,15.9458,94.7193,1.8716,0.7884,2.8059,2.9146,0.5208,2.1280,3.0787,-1.4132,1.9926,15.4838,0.2564,3.0000,0.0000,0.0000,0,15.3935,238.4036,994.6143,616.5090,378.1054,7.3320,-9.8833,255.6190,992.0630
63.697,1,0,learned,15.9766,94.8564,1.8868,0.7589,2.8163,2.9167,0.5052,2.1359,3.0787,-1.4974,1.9926,15.3797,0.2491,3.0000,0.0000,0.0000,0,15.3935,338.7800,989.8955,664.3377,325.5577,7.3162,-9.9501,356.0463,987.2616
63.747,1,0,learned,16.0071,95.0022,1.9125,0.7245,2.8137,2.9055,0.5413,2.1444,3.0787,-1.5850,1.9926,15.2686,0.2319,3.0000,0.0000,0.0000,0,15.3935,338.6491,997.7925,668.2208,329.5717,7.4194,-10.3313,356.3998,994.8806
63.797,1,0,learned,16.0339,95.1399,1.9335,0.6913,2.8246,2.9080,0.5440,2.1520,3.0787,-1.6658,1.9926,15.1633,0.2184,3.0000,0.0000,0.0000,0,15.3935,318.0487,998.4327,658.2407,340.1920,7.4514,-10.4705,335.9706,995.4137
63.847,1,0,learned,16.0339,95.1399,1.9441,0.6913,2.8246,2.9080,0.5515,2.1520,3.0787,-1.6658,1.9926,15.1633,0.2078,3.0000,0.0000,0.0000,0,15.3935,252.7880,991.4657,622.1268,369.3389,7.4895,-10.5112,270.7887,988.4440
63.897,1,0,learned,16.0598,95.2867,1.9762,0.6527,2.8245,2.8989,0.5590,2.1600,3.0787,-1.7495,1.9926,15.0502,0.1838,3.0000,0.0000,0.0000,0,15.3935,222.4870,999.3664,610.9267,388.4397,7.5924,-10.7061,240.7855,996.2528
63.947,1,0,learned,16.0817,95.4260,1.9870,0.6135,2.8401,2.9056,0.5345,2.1671,3.0787,-1.8266,1.9926,14.9421,0.1801,3.0000,0.0000,0.0000,0,15.3935,332.4868,995.9439,664.2154,331.7285,7.5455,-10.6916,350.7239,992.7978
63.997,1,0,learned,16.1023,95.5747,2.0144,0.5698,2.8437,2.9002,0.5547,2.1747,3.0787,-1.9062,1.9926,14.8259,0.1603,3.0000,0.0000,0.0000,0,15.3935,442.4304,993.6139,718.0221,275.5917,7.5900,-10.9936,461.0141,990.2103
64.047,1,0,learned,16.1191,95.7156,2.0419,0.5256,2.8620,2.9099,0.5670,2.1812,3.0787,-1.9791,1.9926,14.7148,0.1393,3.0000,0.0000,0.0000,0,15.3935,509.0938,991.5864,750.3401,241.2463,7.5842,-11.2215,527.8996,987.9491
64.097,1,0,learned,16.1191,95.7156,2.0531,0.5256,2.8620,2.9099,0.5700,2.1812,3.0787,-1.9791,1.9926,14.7148,0.1282,3.0000,0.0000,0.0000,0,15.3935,496.9135,992.9179,744.9157,248.0022,7.6082,-11.2656,515.7872,989.2605
64.147,1,0,learned,16.1331,95.8665,2.0754,0.4745,2.8702,2.9091,0.5623,2.1882,3.0787,-2.0537,1.9926,14.5944,0.1128,3.0000,0.0000,0.0000,0,15.3935,540.5354,997.3252,768.9303,228.3949,7.6363,-11.3481,559.5198,993.6135
64.197,1,0,learned,16.1424,96.0104,2.0976,0.4183,2.8957,2.9258,0.5428,2.1940,3.0787,-2.1211,1.9926,14.4779,0.0964,3.0000,0.0000,0.0000,0,15.3935,504.5643,978.3577,741.4610,236.8967,7.6098,-11.2898,523.4639,974.6777
64.247,1,0,learned,16.1424,96.0104,2.1197,0.4183,2.8957,2.9258,0.5258,2.1940,3.0787,-2.1211,1.9926,14.4779,0.0743,3.0000,0.0000,0.0000,0,15.3935,522.7392,991.6661,757.2026,234.4634,7.6406,-11.2697,541.6495,988.0369
64.297,1,0,learned,16.1476,96.1648,2.1415,0.3546,2.9105,2.9320,0.5132,2.2001,3.0787,-2.1890,1.9926,14.3508,0.0585,3.0000,0.0000,0.0000,0,15.3935,434.7090,992.5391,713.6241,278.9151,7.6753,-11.2388,453.6230,988.9756
64.347,1,0,learned,16.1482,96.3117,2.1578,0.2862,2.9405,2.9544,0.5312,2.2050,3.0787,-2.2497,1.9926,14.2281,0.0472,3.0000,0.0000,0.0000,0,15.3935,514.1237,996.2003,755.1620,241.0383,7.6036,-11.4585,533.1858,992.3454
64.397,1,0,learned,16.1442,96.4687,2.1844,0.2138,2.9563,2.9640,0.5122,2.2102,3.0787,-2.3104,1.9926,14.0949,0.0258,3.0000,0.0000,0.0000,0,15.3935,485.8013,995.2981,740.5497,254.7484,7.6185,-11.4142,504.8340,991.5024
64.447,1,0,learned,16.1366,96.6174,2.2056,0.1393,2.9845,2.9878,0.5088,2.2144,3.0787,-2.3643,1.9926,13.9671,0.0088,3.0000,0.0000,0.0000,0,15.3935,548.1151,995.0195,771.5673,223.4522,7.5501,-11.4940,567.1593,991.0757
64.497,1,0,learned,16.1366,96.6174,2.2266,0.1393,2.9845,2.9878,0.5320,2.2144,3.0787,-2.3643,1.9926,13.9671,-0.0122,3.0000,0.0000,0.0000,0,15.3935,639.6825,986.8627,813.2726,173.5901,7.5647,-11.7338,658.9810,982.6936
64.547,1,0,learned,16.1241,96.7758,2.2475,0.0634,2.9968,2.9975,0.5080,2.2190,3.0787,-2.4178,1.9926,13.8288,-0.0285,3.0000,0.0000,0.0000,0,15.3935,615.1833,996.8554,806.0193,190.8361,7.5727,-11.6459,634.4019,992.7822
64.597,1,0,learned,16.1083,96.9255,2.2681,-0.0151,3.0213,3.0214,0.5092,2.2224,3.0787,-2.4647,1.9926,13.6964,-0.0457,3.0000,0.0000,0.0000,0,15.3935,571.8102,987.7754,779.7928,207.9826,7.5317,-11.6751,591.0171,983.6319
64.647,1,0,learned,16.0869,97.0848,2.2937,-0.0946,3.0297,3.0312,0.4763,2.2262,3.0787,-2.5103,1.9926,13.5532,-0.0675,3.0000,0.0000,0.0000,0,15.3935,571.6033,998.8861,785.2447,213.6414,7.5419,-11.5479,590.6930,994.8801
64.697,1,0,learned,16.0623,97.2352,2.3087,-0.1780,3.0503,3.0554,0.4750,2.2290,3.0787,-2.5495,1.9926,13.4159,-0.0798,3.0000,0.0000,0.0000,0,15.3935,652.6167,993.8996,823.2581,170.6414,7.4625,-11.6112,671.6903,989.7509
64.747,1,0,learned,16.0623,97.2352,2.3286,-0.1780,3.0503,3.0554,0.4935,2.2290,3.0787,-2.5495,1.9926,13.4159,-0.0996,3.0000,0.0000,0.0000,0,15.3935,700.6314,993.0476,846.8395,146.2081,7.4854,-11.8071,719.9239,988.7259
64.796,1,0,learned,16.0319,97.3946,2.3532,-0.2595,3.0532,3.0642,0.4740,2.2320,3.0787,-2.5869,1.9926,13.2682,-0.1212,3.0000,0.0000,0.0000,0,15.3935,647.9969,995.0175,821.5072,173.5103,7.5153,-11.7075,667.2197,990.8253
64.846,1,0,learned,15.9991,97.5445,2.3725,-0.3441,3.0674,3.0867,0.4565,2.2341,3.0787,-2.6184,1.9926,13.1271,-0.1384,3.0000,0.0000,0.0000,0,15.3935,682.1107,996.3444,839.2276,157.1169,7.4613,-11.6561,701.2280,992.1496
64.897,1,0,learned,15.9596,97.7033,2.3961,-0.4273,3.0647,3.0944,0.4630,2.2364,3.0787,-2.6474,1.9926,12.9752,-0.1597,3.0000,0.0000,0.0000,0,15.3935,742.0181,991.5718,866.7949,124.7769,7.4747,-11.7599,761.2527,987.2866
64.947,1,0,learned,15.9180,97.8526,2.4146,-0.5149,3.0737,3.1165,0.4298,2.2377,3.0787,-2.6706,1.9926,12.8301,-0.1769,3.0000,0.0000,0.0000,0,15.3935,766.2737,994.8614,880.5676,114.2939,7.4226,-11.5973,785.2937,990.6867
64.997,1,0,learned,15.8693,98.0103,2.4329,-0.5993,3.0657,3.1237,0.4330,2.2392,3.0787,-2.6907,1.9926,12.6741,-0.1937,3.0000,0.0000,0.0000,0,15.3935,801.0721,997.5034,899.2878,98.2157,7.4411,-11.6497,820.1629,993.2949
65.047,1,0,learned,15.8190,98.1585,2.4509,-0.6892,3.0697,3.1462,0.4250,2.2398,3.0787,-2.7054,1.9926,12.5251,-0.2111,3.0000,0.0000,0.0000,0,15.3935,833.2153,993.3035,913.2594,80.0441,7.3913,-11.6276,852.2343,989.0672
65.099,1,0,learned,15.8190,98.1585,2.4684,-0.6892,3.0697,3.1462,0.3967,2.2398,3.0787,-2.7054,1.9926,12.5251,-0.2286,3.0000,0.0000,0.0000,0,15.3935,844.4197,995.7476,920.0837,75.6640,7.4082,-11.5143,863.3422,991.6415
65.147,1,0,learned,15.7606,98.3150,2.4899,-0.7760,3.0578,3.1547,0.4068,2.2404,3.0787,-2.7162,1.9926,12.3648,-0.2494,3.0000,0.0000,0.0000,0,15.3935,940.6373,994.6126,967.6250,26.9877,7.4156,-11.6404,959.6933,990.3879
65.197,1,0,learned,15.7009,98.4619,2.5023,-0.8697,3.0583,3.1795,0.3720,2.2401,3.0787,-2.7218,1.9926,12.2115,-0.2622,3.0000,0.0000,0.0000,0,15.3935,965.9249,991.2145,978.5697,12.6448,7.3457,-11.4233,984.6940,987.1369
65.247,1,0,learned,15.6323,98.6170,2.5185,-0.9593,3.0431,3.1907,0.3845,2.2398,3.0787,-2.7228,1.9926,12.0465,-0.2787,3.0000,0.0000,0.0000,0,15.3935,935.0268,989.9761,962.5014,27.4746,7.3665,-11.4652,953.8585,985.8774
65.297,1,0,learned,15.5628,98.7624,2.5343,-1.0570,3.0403,3.2188,0.3533,2.2386,3.0787,-2.7189,1.9926,11.8887,-0.2957,3.0000,0.0000,0.0000,0,15.3935,929.4297,984.9894,957.2095,27.7798,7.2947,-11.2494,947.9738,981.0347
65.347,1,0,learned,15.5628,98.7624,2.5494,-1.0570,3.0403,3.2188,0.3453,2.2386,3.0787,-2.7189,1.9926,11.8887,-0.3108,3.0000,0.0000,0.0000,0,15.3935,971.1941,986.7417,978.9679,7.7738,7.3060,-11.2719,989.7720,982.7758
65.401,1,0,learned,15.4837,98.9156,2.5675,-1.1500,3.0216,3.2331,0.3138,2.2373,3.0787,-2.7094,1.9926,11.7189,-0.3302,3.0000,0.0000,0.0000,0,15.3935,926.6846,996.5041,961.5943,34.9098,7.3133,-11.0330,945.0308,992.7844
65.447,1,0,learned,15.4046,99.0589,2.5814,-1.2497,3.0142,3.2630,0.3158,2.2351,3.0787,-2.6959,1.9926,11.5571,-0.3462,3.0000,0.0000,0.0000,0,15.3935,959.5906,995.3270,977.4588,17.8682,7.2307,-11.0389,977.8602,991.5187
65.497,1,0,learned,15.3158,99.2094,2.5947,-1.3411,2.9902,3.2772,0.2868,2.2330,3.0787,-2.6765,1.9926,11.3838,-0.3616,3.0000,0.0000,0.0000,0,15.3935,983.3010,976.2933,979.7971,-3.5039,7.2098,-10.7936,1000.0000,972.7094
65.546,1,0,learned,15.2281,99.3498,2.6042,-1.4385,2.9772,3.3065,0.3015,2.2301,3.0787,-2.6539,1.9926,11.2191,-0.3741,3.0000,0.0000,0.0000,0,15.3935,970.8723,976.9459,973.9091,3.0368,7.1340,-10.8335,988.8398,973.2465
65.597,1,0,learned,15.1307,99.4970,2.6197,-1.5253,2.9479,3.3191,0.2878,2.2273,3.0787,-2.6254,1.9926,11.0431,-0.3925,3.0000,0.0000,0.0000,0,15.3935,968.0448,959.1221,963.5835,-4.4614,7.1311,-10.6652,985.8412,955.5880
65.646,1,0,learned,15.1307,99.4970,2.6316,-1.5253,2.9479,3.3191,0.2712,2.2273,3.0787,-2.6254,1.9926,11.0431,-0.4043,3.0000,0.0000,0.0000,0,15.3935,954.4044,971.8581,963.1312,8.7268,7.1506,-10.5996,972.1546,968.4091
65.697,1,0,learned,15.0353,99.6340,2.6401,-1.6178,2.9292,3.3463,0.2518,2.2238,3.0787,-2.5944,1.9926,10.8764,-0.4163,3.0000,0.0000,0.0000,0,15.3935,972.0419,989.6003,980.8211,8.7792,7.0721,-10.4290,989.5430,986.2434
65.747,1,0,learned,14.9304,99.7773,2.6538,-1.6975,2.8946,3.3556,0.2363,2.2203,3.0787,-2.5574,1.9926,10.6989,-0.4335,3.0000,0.0000,0.0000,0,15.3935,967.1785,993.0616,980.1200,12.9415,7.0873,-10.2423,984.5081,989.9067
65.797,1,0,learned,14.8287,99.9104,2.6668,-1.7820,2.8704,3.3785,0.2155,2.2164,3.0787,-2.5191,1.9926,10.5313,-0.4504,3.0000,0.0000,0.0000,0,15.3935,964.8896,922.3058,943.5977,-21.2919,7.0062,-9.9617,981.8575,919.3503
65.846,1,0,learned,14.7177,100.0495,2.6768,-1.8525,2.8314,3.3836,0.2263,2.2124,3.0787,-2.4748,1.9926,10.3534,-0.4644,3.0000,0.0000,0.0000,0,15.3935,978.3924,838.1013,908.2468,-70.1455,7.0081,-9.8522,995.2527,835.2571
65.897,1,0,learned,14.6105,100.1787,2.6864,-1.9284,2.8033,3.4025,0.2150,2.2080,3.0787,-2.4299,1.9926,10.1856,-0.4784,3.0000,0.0000,0.0000,0,15.3935,981.3804,758.1915,869.7860,-111.5945,6.9343,-9.6082,997.9229,755.5176
65.947,1,0,learned,14.6105,100.1787,2.6933,-1.9284,2.8033,3.4025,0.2045,2.2080,3.0787,-2.4299,1.9926,10.1856,-0.4853,3.0000,0.0000,0.0000,0,15.3935,967.0671,838.3104,902.6887,-64.3783,6.9713,-9.6241,983.6624,835.6576
65.997,1,0,learned,14.4947,100.3131,2.7043,-1.9883,2.7597,3.4013,0.1900,2.2037,3.0787,-2.3792,1.9926,10.0084,-0.5006,3.0000,0.0000,0.0000,0,15.3935,969.5828,937.2551,953.4190,-16.1638,7.0618,-9.4794,986.1241,934.8375
66.046,1,0,learned,14.3840,100.4371,2.7124,-2.0518,2.7242,3.4105,0.1557,2.1991,3.0787,-2.3290,1.9926,9.8426,-0.5133,3.0000,0.0000,0.0000,0,15.3935,971.3775,843.4189,907.3982,-63.9793,7.0230,-9.0322,987.4328,841.4096
66.097,1,0,learned,14.2650,100.5657,2.7200,-2.0991,2.6739,3.3994,0.1515,2.1946,3.0787,-2.2731,1.9926,9.6681,-0.5254,3.0000,0.0000,0.0000,0,15.3935,979.7322,740.6667,860.1995,-119.5327,7.0899,-8.7558,995.5779,739.0008
66.151,1,0,learned,14.1512,100.6845,2.7271,-2.1535,2.6341,3.4024,0.1350,2.1897,3.0787,-2.2178,1.9926,9.5045,-0.5374,3.0000,0.0000,0.0000,0,15.3935,986.0930,688.0172,837.0551,-149.0379,7.0952,-8.4509,1000.0000,686.6616
66.197,1,0,learned,14.1512,100.6845,2.7337,-2.1535,2.6341,3.4024,0.1410,2.1897,3.0787,-2.2178,1.9926,9.5045,-0.5440,3.0000,0.0000,0.0000,0,15.3935,990.3625,761.5131,875.9378,-114.4247,7.1310,-8.5770,1000.0000,760.0671
66.247,1,0,learned,14.0290,100.8077,2.7398,-2.1928,2.5813,3.3869,0.1105,2.1848,3.0787,-2.1568,1.9926,9.3323,-0.5550,3.0000,0.0000,0.0000,0,15.3935,980.3553,692.6264,836.4908,-143.8645,7.2287,-8.1079,995.6920,691.7472
66.297,1,0,learned,13.9130,100.9210,2.7465,-2.2378,2.5372,3.3831,0.0887,2.1797,3.0787,-2.0973,1.9926,9.1717,-0.5668,3.0000,0.0000,0.0000,0,15.3935,986.2447,684.8339,835.5393,-150.7054,7.2845,-7.7743,1000.0000,684.3442
66.346,1,0,learned,13.7889,101.0382,2.7501,-2.2673,2.4805,3.3606,0.0905,2.1746,3.0787,-2.0321,1.9926,9.0033,-0.5755,3.0000,0.0000,0.0000,0,15.3935,988.7973,674.0048,831.4010,-157.3963,7.4423,-7.5571,1000.0000,673.8900
66.400,1,0,learned,13.6713,101.1460,2.7552,-2.3040,2.4334,3.3511,0.0607,2.1693,3.0787,-1.9689,1.9926,8.8464,-0.5859,3.0000,0.0000,0.0000,0,15.3935,988.3283,568.2915,778.3099,-210.0184,7.4897,-7.0717,1000.0000,568.7095
66.447,1,0,learned,13.6713,101.1460,2.7578,-2.3040,2.4334,3.3511,0.0447,2.1693,3.0787,-1.9689,1.9926,8.8464,-0.5885,3.0000,0.0000,0.0000,0,15.3935,988.7169,578.1438,783.4303,-205.2865,7.4946,-6.9686,1000.0000,578.6698
66.496,1,0,learned,13.5458,101.2574,2.7606,-2.3259,2.3754,3.3245,0.0267,2.1638,3.0787,-1.9000,1.9926,8.6819,-0.5968,3.0000,0.0000,0.0000,0,15.3935,985.8631,572.0304,778.9467,-206.9164,7.6764,-6.5853,1000.0000,573.1214
66.547,1,0,learned,13.4271,101.3598,2.7630,-2.3553,2.3267,3.3107,-0.0020,2.1582,3.0787,-1.8336,1.9926,8.5289,-0.6048,3.0000,0.0000,0.0000,0,15.3935,981.5198,511.6048,746.5623,-234.9575,7.7629,-6.1095,995.3921,513.2582
66.600,1,0,learned,13.3010,101.4653,2.7641,-2.3693,2.2672,3.2793,-0.0225,2.1525,3.0787,-1.7617,1.9926,8.3691,-0.6116,3.0000,0.0000,0.0000,0,15.3935,983.0634,507.5480,745.3057,-237.7577,7.9726,-5.6850,996.7210,509.8356
66.646,1,0,learned,13.1819,101.5621,2.7644,-2.3915,2.2172,3.2611,-0.0312,2.1467,3.0787,-1.6928,1.9926,8.2207,-0.6176,3.0000,0.0000,0.0000,0,15.3935,980.0648,510.2152,745.1400,-234.9248,8.1100,-5.3709,993.5458,512.9543
66.697,1,0,learned,13.1819,101.5621,2.7643,-2.3915,2.2172,3.2611,-0.0475,2.1467,3.0787,-1.6928,1.9926,8.2207,-0.6176,3.0000,0.0000,0.0000,0,15.3935,977.9564,475.4775,726.7170,-251.2395,8.0949,-5.2292,991.2805,478.3432
66.747,1,0,learned,13.0556,101.6618,2.7632,-2.3989,2.1573,3.2262,-0.0718,2.1408,3.0787,-1.6184,1.9926,8.0659,-0.6224,3.0000,0.0000,0.0000,0,15.3935,981.1732,425.2624,703.2178,-277.9554,8.3075,-4.7317,994.2124,428.8382
66.797,1,0,learned,12.9367,101.7532,2.7619,-2.4146,2.1064,3.2043,-0.0808,2.1348,3.0787,-1.5473,1.9926,7.9224,-0.6271,3.0000,0.0000,0.0000,0,15.3935,970.9256,394.4223,682.6740,-288.2516,8.4544,-4.3821,983.7621,398.4946
66.847,1,0,learned,12.9367,101.7532,2.7594,-2.4146,2.1064,3.2043,-0.1340,2.1348,3.0787,-1.5473,1.9926,7.9224,-0.6246,3.0000,0.0000,0.0000,0,15.3935,977.2098,379.4740,678.3419,-298.8679,8.4400,-3.9561,989.6059,383.9579
66.897,1,0,learned,12.8108,101.8471,2.7559,-2.4158,2.0464,3.1661,-0.1318,2.1286,3.0787,-1.4709,1.9926,7.7730,-0.6274,3.0000,0.0000,0.0000,0,15.3935,979.2524,379.2395,679.2460,-300.0065,8.6954,-3.6633,991.6111,384.2716
66.947,1,0,learned,12.6927,101.9329,2.7539,-2.4250,1.9946,3.1399,-0.1485,2.1224,3.0787,-1.3982,1.9926,7.6351,-0.6315,3.0000,0.0000,0.0000,0,15.3935,975.2273,378.9140,677.0706,-298.1566,8.8804,-3.2513,987.3590,384.5431
66.997,1,0,learned,12.6927,101.9329,2.7490,-2.4250,1.9946,3.1399,-0.1867,2.1224,3.0787,-1.3982,1.9926,7.6351,-0.6267,3.0000,0.0000,0.0000,0,15.3935,964.0407,276.8911,620.4659,-343.5748,8.8317,-2.9016,975.7740,282.8212
67.046,1,0,learned,12.4508,102.1015,2.7400,-2.4238,1.8831,3.0694,-0.2220,2.1096,3.0787,-1.2465,1.9926,7.3594,-0.6305,3.0000,0.0000,0.0000,0,15.3935,977.3540,309.7919,643.5729,-333.7811,9.3236,-2.0191,988.6967,317.0964
67.096,1,0,learned,12.4508,102.1015,2.7366,-2.4238,1.8831,3.0694,-0.2157,2.1096,3.0787,-1.2465,1.9926,7.3594,-0.6270,3.0000,0.0000,0.0000,0,15.3935,984.1762,328.2450,656.2106,-327.9656,9.3265,-2.0585,995.5613,335.5130
67.146,1,0,learned,12.3273,102.1842,2.7269,-2.4139,1.8245,3.0258,-0.2558,2.1029,3.0787,-1.1677,1.9926,7.2222,-0.6239,3.0000,0.0000,0.0000,0,15.3935,988.2813,288.2728,638.2771,-350.0043,9.5964,-1.3890,999.2667,296.4802
67.197,1,0,learned,12.2117,102.2597,2.7204,-2.4132,1.7744,2.9953,-0.2492,2.0964,3.0787,-1.0931,1.9926,7.0956,-0.6240,3.0000,0.0000,0.0000,0,15.3935,985.4012,355.8634,670.6323,-314.7689,9.8381,-1.1370,996.3763,364.5646
67.247,1,0,learned,12.2117,102.2597,2.7157,-2.4132,1.7744,2.9953,-0.3070,2.0964,3.0787,-1.0931,1.9926,7.0956,-0.6194,3.0000,0.0000,0.0000,0,15.3935,989.5144,298.1162,643.8153,-345.6991,9.8068,-0.6615,999.9828,307.2616
67.297,1,0,learned,12.0895,102.3375,2.7031,-2.4003,1.7187,2.9522,-0.3010,2.0894,3.0787,-1.0135,1.9926,6.9640,-0.6136,3.0000,0.0000,0.0000,0,15.3935,984.5495,243.3932,613.9714,-370.5782,10.0723,-0.3433,994.9651,253.1221
67.346,1,0,learned,11.9747,102.4090,2.6950,-2.3987,1.6727,2.9244,-0.3020,2.0826,3.0787,-0.9380,1.9926,6.8423,-0.6123,3.0000,0.0000,0.0000,0,15.3935,982.8623,228.7339,605.7981,-377.0642,10.2657,-0.0256,993.1535,238.9740
67.397,1,0,learned,11.9747,102.4090,2.6833,-2.3987,1.6727,2.9244,-0.3330,2.0826,3.0787,-0.9380,1.9926,6.8423,-0.6007,3.0000,0.0000,0.0000,0,15.3935,982.7479,257.0598,619.9039,-362.8441,10.2630,0.2640,992.7469,267.5868
67.447,1,0,learned,11.8533,102.4828,2.6709,-2.3860,1.6222,2.8852,-0.3503,2.0754,3.0787,-0.8575,1.9926,6.7155,-0.5955,3.0000,0.0000,0.0000,0,15.3935,978.3961,232.1766,605.2863,-373.1097,10.5207,0.7503,988.1665,243.4476
67.497,1,0,learned,11.7393,102.5506,2.6610,-2.3836,1.5802,2.8598,-0.3920,2.0683,3.0787,-0.7812,1.9926,6.5985,-0.5926,3.0000,0.0000,0.0000,0,15.3935,970.9420,233.5017,602.2219,-368.7202,10.7077,1.3863,980.2635,245.5957
67.546,1,0,learned,11.6188,102.6208,2.6471,-2.3704,1.5340,2.8234,-0.3907,2.0608,3.0787,-0.7000,1.9926,6.4767,-0.5862,3.0000,0.0000,0.0000,0,15.3935,967.6881,252.5779,610.1330,-357.5551,10.9686,1.7297,976.9269,265.2762
67.597,1,0,learned,11.5055,102.6855,2.6287,-2.3684,1.4968,2.8018,-0.4180,2.0536,3.0787,-0.6231,1.9926,6.3639,-0.5752,3.0000,0.0000,0.0000,0,15.3935,972.9438,199.4943,586.2190,-386.7248,11.1033,2.2673,981.7798,212.8649
67.647,1,0,learned,11.5055,102.6855,2.6211,-2.3684,1.4968,2.8018,-0.4193,2.0536,3.0787,-0.6231,1.9926,6.3639,-0.5675,3.0000,0.0000,0.0000,0,15.3935,983.4449,223.7172,603.5811,-379.8639,11.1038,2.3135,992.2352,237.1345
67.697,1,0,learned,11.3855,102.7528,2.6011,-2.3563,1.4565,2.7701,-0.4345,2.0458,3.0787,-0.5412,1.9926,6.2462,-0.5553,3.0000,0.0000,0.0000,0,15.3935,987.6155,198.8010,593.2082,-394.4073,11.3141,2.7876,996.1420,212.9027
67.747,1,0,learned,11.2725,102.8152,2.5887,-2.3556,1.4252,2.7532,-0.4527,2.0383,3.0787,-0.4637,1.9926,6.1371,-0.5504,3.0000,0.0000,0.0000,0,15.3935,979.7204,228.0230,603.8717,-375.8487,11.4645,3.2327,987.9522,242.7203
67.802,1,0,learned,11.2725,102.8152,2.5802,-2.3556,1.4252,2.7532,-0.4652,2.0383,3.0787,-0.4637,1.9926,6.1371,-0.5419,3.0000,0.0000,0.0000,0,15.3935,983.3459,213.6623,598.5041,-384.8418,11.4493,3.3586,991.4366,228.4701
67.847,1,0,learned,11.1528,102.8804,2.5539,-2.3449,1.3909,2.7264,-0.4910,2.0303,3.0787,-0.3812,1.9926,6.0232,-0.5235,3.0000,0.0000,0.0000,0,15.3935,980.5964,203.7706,592.1835,-388.4129,11.6330,3.9228,988.3066,219.3264
67.897,1,0,learned,11.0400,102.9412,2.5448,-2.3462,1.3658,2.7148,-0.4688,2.0226,3.0787,-0.3031,1.9926,5.9172,-0.5222,3.0000,0.0000,0.0000,0,15.3935,975.7220,146.4627,561.0923,-414.6297,11.7191,3.9993,983.4419,162.1810
67.947,1,0,learned,10.9202,103.0050,2.5215,-2.3377,1.3382,2.6936,-0.4918,2.0145,3.0787,-0.2199,1.9926,5.8064,-0.5070,3.0000,0.0000,0.0000,0,15.3935,986.9417,180.1899,583.5658,-403.3759,11.8909,4.5291,994.3035,196.6098
67.997,1,0,learned,10.8072,103.0646,2.4976,-2.3407,1.3190,2.6868,-0.5095,2.0066,3.0787,-0.1413,1.9926,5.7033,-0.4909,3.0000,0.0000,0.0000,0,15.3935,977.5826,220.7339,599.1583,-378.4243,11.9751,4.9871,984.5706,237.6962
68.046,1,0,learned,10.8072,103.0646,2.4877,-2.3407,1.3190,2.6868,-0.5205,2.0066,3.0787,-0.1413,1.9926,5.7033,-0.4811,3.0000,0.0000,0.0000,0,15.3935,975.1718,270.7377,622.9547,-352.2171,11.9855,5.1308,982.0266,287.8540
68.097,1,0,learned,10.6874,103.1274,2.4627,-2.3334,1.2965,2.6694,-0.5335,1.9983,3.0787,-0.0576,1.9926,5.5956,-0.4643,3.0000,0.0000,0.0000,0,15.3935,974.8197,248.3744,611.5971,-363.2226,12.1120,5.5487,981.3830,266.0351
68.147,1,0,learned,10.5743,103.1864,2.4474,-2.3380,1.2830,2.6669,-0.5268,1.9904,3.0787,0.0214,1.9926,5.4952,-0.4570,3.0000,0.0000,0.0000,0,15.3935,979.1433,274.3564,626.7498,-352.3934,12.1721,5.7701,985.5452,292.2986
68.197,1,0,learned,10.5743,103.1864,2.4318,-2.3380,1.2830,2.6669,-0.5355,1.9904,3.0787,0.0214,1.9926,5.4952,-0.4414,3.0000,0.0000,0.0000,0,15.3935,972.8417,191.5481,582.1949,-390.6468,12.1225,5.8478,979.1164,209.5183
68.246,1,0,learned,10.4540,103.2491,2.4057,-2.3332,1.2678,2.6554,-0.5350,1.9820,3.0787,0.1055,1.9926,5.3897,-0.4237,3.0000,0.0000,0.0000,0,15.3935,986.9527,206.8230,596.8878,-390.0649,12.2266,6.1652,993.0141,225.2148
68.297,1,0,learned,10.3403,103.3087,2.3952,-2.3404,1.2624,2.6592,-0.5312,1.9741,3.0787,0.1849,1.9926,5.2910,-0.4211,3.0000,0.0000,0.0000,0,15.3935,982.8949,231.5238,607.2094,-375.6855,12.2531,6.3620,988.7859,250.1389
68.347,1,0,learned,10.2193,103.3723,2.3685,-2.3376,1.2545,2.6530,-0.5433,1.9656,3.0787,0.2692,1.9926,5.1872,-0.4029,3.0000,0.0000,0.0000,0,15.3935,970.0583,212.3225,591.1904,-378.8679,12.3131,6.7206,975.6508,231.3563
68.397,1,0,learned,10.2193,103.3723,2.3469,-2.3376,1.2545,2.6530,-0.5408,1.9656,3.0787,0.2692,1.9926,5.1872,-0.3813,3.0000,0.0000,0.0000,0,15.3935,988.9465,201.5805,595.2635,-393.6830,12.2842,6.7810,994.4497,220.6457
68.447,1,0,learned,10.1051,103.4327,2.3251,-2.3460,1.2555,2.6608,-0.5803,1.9577,3.0787,0.3487,1.9926,5.0902,-0.3674,3.0000,0.0000,0.0000,0,15.3935,986.3880,176.8542,581.6211,-404.7669,12.2581,7.2824,991.3636,196.3946
68.496,1,0,learned,9.9837,103.4976,2.2976,-2.3437,1.2538,2.6580,-0.5683,1.9492,3.0715,0.4329,1.9926,4.9882,-0.3484,3.0000,0.0000,0.0000,0,15.3935,980.4211,212.7065,596.5638,-383.8573,12.2669,7.4571,985.2309,232.4305
68.546,1,0,learned,9.8691,103.5595,2.2809,-2.3523,1.2610,2.6690,-0.5915,1.9414,3.0127,0.5120,1.9926,4.8929,-0.3394,3.0000,0.0000,0.0000,0,15.3935,987.5762,289.6509,638.6135,-348.9627,11.8612,7.7170,991.7204,309.2290
68.597,1,0,learned,9.7475,103.6262,2.2528,-2.3496,1.2652,2.6686,-0.5795,1.9331,2.9510,0.5957,1.9926,4.7926,-0.3197,3.0000,0.0000,0.0000,0,15.3935,983.3220,361.8081,672.5651,-310.7569,11.4865,7.7689,987.0396,381.0635
68.647,1,0,learned,9.6328,103.6902,2.2301,-2.3577,1.2788,2.6822,-0.5897,1.9254,2.8932,0.6742,1.9926,4.6987,-0.3047,3.0000,0.0000,0.0000,0,15.3935,991.3970,406.3434,698.8702,-292.5268,11.0368,7.9272,994.5066,425.3073
68.697,1,0,learned,9.6328,103.6902,2.2073,-2.3577,1.2788,2.6822,-0.5867,1.9254,2.8932,0.6742,1.9926,4.6987,-0.2819,3.0000,0.0000,0.0000,0,15.3935,992.9709,346.8576,669.9143,-323.0567,10.9881,7.9384,996.0206,365.7842
68.747,1,0,learned,9.5109,103.7600,2.1787,-2.3550,1.2918,2.6860,-0.5705,1.9172,2.8319,0.7568,1.9926,4.5991,-0.2614,3.0000,0.0000,0.0000,0,15.3935,985.6706,399.2761,692.4734,-293.1973,10.5691,7.9285,988.3113,417.7737
68.797,1,0,learned,9.3958,103.8282,2.1617,-2.3635,1.3173,2.7058,-0.5640,1.9098,2.7739,0.8339,1.9926,4.5050,-0.2518,3.0000,0.0000,0.0000,0,15.3935,981.1917,314.9008,648.0462,-333.1455,10.0218,7.7818,983.4317,332.7044
68.847,1,0,learned,9.2736,103.9031,2.1333,-2.3608,1.3420,2.7156,-0.5623,1.9020,2.7122,0.9147,1.9926,4.4048,-0.2313,3.0000,0.0000,0.0000,0,15.3935,982.9527,265.5782,624.2654,-358.6873,9.5121,7.7567,984.7080,282.8470
68.897,1,0,learned,9.1584,103.9761,2.1165,-2.3685,1.3779,2.7401,-0.5650,1.8950,2.6540,0.9899,1.9926,4.3102,-0.2215,3.0000,0.0000,0.0000,0,15.3935,987.4395,215.1758,601.3076,-386.1319,8.9329,7.6767,988.6957,231.7854
68.947,1,0,learned,9.1584,103.9761,2.0941,-2.3685,1.3779,2.7401,-0.5593,1.8950,2.6540,0.9899,1.9926,4.3102,-0.1991,3.0000,0.0000,0.0000,0,15.3935,981.9716,244.9913,613.4814,-368.4901,8.9181,7.7517,983.1380,261.6612
68.996,1,0,learned,9.0365,104.0559,2.0659,-2.3636,1.4094,2.7519,-0.5707,1.8875,2.5923,1.0684,1.9926,4.2101,-0.1785,3.0000,0.0000,0.0000,0,15.3935,992.0725,261.3559,626.7142,-365.3583,8.4091,7.8822,992.5993,277.6472
69.047,1,0,learned,8.9221,104.1330,2.0491,-2.3677,1.4486,2.7757,-0.5677,1.8807,2.5347,1.1413,1.9926,4.1165,-0.1684,3.0000,0.0000,0.0000,0,15.3935,981.3670,322.0189,651.6929,-329.6741,7.8670,7.8590,981.3750,337.7449
69.097,1,0,learned,8.8013,104.2168,2.0265,-2.3587,1.4812,2.7853,-0.5725,1.8735,2.4740,1.2172,1.9926,4.0180,-0.1529,3.0000,0.0000,0.0000,0,15.3935,994.1656,306.2942,650.2299,-343.9357,7.3623,7.8837,993.6441,321.5402
69.147,1,0,learned,8.6882,104.2979,2.0037,-2.3584,1.5229,2.8074,-0.5823,1.8672,2.4173,1.2872,1.9926,3.9259,-0.1366,3.0000,0.0000,0.0000,0,15.3935,993.1709,289.1398,641.1554,-352.0156,6.7946,7.9089,992.0567,303.8433
69.197,1,0,learned,8.5691,104.3866,1.9751,-2.3449,1.5593,2.8160,-0.5777,1.8604,2.3575,1.3596,1.9926,3.8288,-0.1147,3.0000,0.0000,0.0000,0,15.3935,972.1468,302.5546,637.3507,-334.7961,6.2976,7.9041,970.5403,316.7564
69.247,1,0,learned,8.4578,104.4725,1.9465,-2.3395,1.6056,2.8375,-0.5800,1.8544,2.3016,1.4259,1.9926,3.7379,-0.0921,3.0000,0.0000,0.0000,0,15.3935,967.2127,290.6021,628.9074,-338.3053,5.7251,7.8968,965.0411,304.2240
69.297,1,0,learned,8.4578,104.4725,1.9291,-2.3395,1.6056,2.8375,-0.5753,1.8544,2.3016,1.4259,1.9926,3.7379,-0.0747,3.0000,0.0000,0.0000,0,15.3935,983.1810,310.2370,646.7090,-336.4720,5.7103,7.9701,980.9213,323.9174
69.347,1,0,learned,8.3410,104.5662,1.9061,-2.3207,1.6449,2.8445,-0.5747,1.8480,2.2428,1.4941,1.9926,3.6425,-0.0581,3.0000,0.0000,0.0000,0,15.3935,953.0235,255.4963,604.2599,-348.7636,5.2104,7.8929,950.3409,268.5996
69.397,1,0,learned,8.2324,104.6567,1.8774,-2.3093,1.6930,2.8634,-0.5745,1.8425,2.1882,1.5562,1.9926,3.5537,-0.0348,3.0000,0.0000,0.0000,0,15.3935,931.2701,342.9122,637.0911,-294.1789,4.6886,7.9977,927.9610,355.5985
69.446,1,0,learned,8.1187,104.7551,1.8543,-2.2847,1.7328,2.8675,-0.5850,1.8366,2.1310,1.6196,1.9926,3.4609,-0.0177,3.0000,0.0000,0.0000,0,15.3935,944.1997,429.5380,686.8689,-257.3309,4.2498,8.2294,940.2201,442.0172
69.497,1,0,learned,8.0132,104.8498,1.8312,-2.2673,1.7808,2.8830,-0.5675,1.8315,2.0782,1.6771,1.9926,3.3752,0.0003,3.0000,0.0000,0.0000,0,15.3935,973.8657,396.5134,685.1895,-288.6761,3.7229,8.0391,969.5494,408.2754
69.547,1,0,learned,8.0132,104.8498,1.8081,-2.2673,1.7808,2.8830,-0.5677,1.8315,2.0782,1.6771,1.9926,3.3752,0.0234,3.0000,0.0000,0.0000,0,15.3935,959.6336,342.3278,650.9807,-308.6529,3.6874,8.0860,955.2350,354.1012
69.597,1,0,learned,7.9033,104.9528,1.7794,-2.2365,1.8207,2.8840,-0.5665,1.8261,2.0231,1.7352,1.9926,3.2856,0.0466,3.0000,0.0000,0.0000,0,15.3935,987.2952,288.8557,638.0755,-349.2198,3.2358,8.0848,982.4462,300.1763
69.647,1,0,learned,7.8016,105.0526,1.7567,-2.2129,1.8723,2.8987,-0.5660,1.8215,1.9719,1.7872,1.9926,3.2025,0.0648,3.0000,0.0000,0.0000,0,15.3935,976.0977,292.6376,634.3677,-341.7301,2.7388,8.0839,970.7526,303.4603
69.697,1,0,learned,7.6959,105.1612,1.7285,-2.1769,1.9157,2.8998,-0.5813,1.8167,1.9185,1.8391,1.9926,3.1157,0.0882,3.0000,0.0000,0.0000,0,15.3935,931.1435,307.5278,619.3356,-311.8079,2.3187,8.3056,925.1566,318.1521
69.747,1,0,learned,7.5982,105.2659,1.7115,-2.1485,1.9686,2.9140,-0.5733,1.8127,1.8694,1.8854,1.9926,3.0360,0.1012,3.0000,0.0000,0.0000,0,15.3935,903.2919,333.8623,618.5771,-284.7148,1.8471,8.2479,896.8912,343.9573
69.797,1,0,learned,7.4969,105.3793,1.6833,-2.1086,2.0110,2.9138,-0.5790,1.8084,1.8187,1.9315,1.9926,2.9536,0.1251,3.0000,0.0000,0.0000,0,15.3935,825.4771,368.2145,596.8458,-228.6313,1.4557,8.4282,818.5046,378.0984
69.847,1,0,learned,7.4037,105.4882,1.6607,-2.0753,2.0627,2.9260,-0.5755,1.8050,1.7724,1.9719,1.9926,2.8785,0.1443,3.0000,0.0000,0.0000,0,15.3935,849.5561,331.7700,590.6631,-258.8930,0.9956,8.3907,842.1610,341.1564
69.897,1,0,learned,7.4037,105.4882,1.6381,-2.0753,2.0627,2.9260,-0.5540,0.9804,3.3782,-0.9953,0.8849,19.6170,-0.6578,3.0000,0.0000,0.0000,0,16.8908,888.7344,348.1291,618.4317,-270.3026,8.7900,-4.8244,902.3488,352.0947
69.947,1,0,learned,7.3076,105.6059,1.6157,-2.0297,2.1028,2.9226,-0.5517,0.9662,3.3782,-0.8464,0.8849,19.5798,-0.6495,3.0000,0.0000,0.0000,0,16.8908,778.7344,302.7283,540.7313,-238.0030,8.8441,-4.5074,792.0858,307.0650
69.997,1,0,learned,7.2198,105.7185,1.5990,-1.9894,2.1515,2.9303,-0.5497,0.9528,3.3782,-0.7072,0.8849,19.5428,-0.6462,3.0000,0.0000,0.0000,0,16.8908,702.9954,197.6418,450.3186,-252.6768,8.8273,-4.2097,716.0324,202.2593
70.047,1,0,learned,7.1298,105.8399,1.5770,-1.9378,2.1880,2.9228,-0.5318,0.9388,3.3782,-0.5606,0.8849,19.5011,-0.6382,3.0000,0.0000,0.0000,0,16.8908,645.9926,87.6427,366.8176,-279.1750,8.8849,-3.9811,658.8586,92.5464
70.096,1,0,learned,7.0478,105.9552,1.5498,-1.8921,2.2311,2.9254,-0.5353,0.9257,3.3782,-0.4241,0.8849,19.4604,-0.6241,3.0000,0.0000,0.0000,0,16.8908,741.5621,76.7754,409.1688,-332.3934,8.8951,-3.7408,754.1980,81.9297
70.146,1,0,learned,7.0478,105.9552,1.5334,-1.8921,2.2311,2.9254,-0.5415,0.9257,3.3782,-0.4241,0.8849,19.4604,-0.6078,3.0000,0.0000,0.0000,0,16.8908,850.4688,186.7754,518.6221,-331.8467,8.8915,-3.7536,863.1139,191.9133
70.197,1,0,learned,6.9638,106.0773,1.5065,-1.8367,2.2543,2.9078,-0.5465,0.9120,3.3782,-0.2818,0.8849,19.4166,-0.5945,3.0000,0.0000,0.0000,0,16.8908,957.1410,296.5477,626.8444,-330.2966,9.0376,-3.5382,969.7168,302.0472
70.246,1,0,learned,6.8872,106.1916,1.4849,-1.7882,2.2798,2.8975,-0.5290,0.8994,3.3782,-0.1501,0.8849,19.3751,-0.5856,3.0000,0.0000,0.0000,0,16.8908,991.9920,270.8386,631.4153,-360.5767,9.1216,-3.3978,1000.0000,276.5625
70.297,1,0,learned,6.8090,106.3133,1.4632,-1.7316,2.2920,2.8726,-0.5477,0.8861,3.3782,-0.0125,0.8849,19.3299,-0.5772,3.0000,0.0000,0.0000,0,16.8908,959.3378,261.4496,610.3937,-348.9441,9.2790,-3.0034,971.6203,267.7253
70.347,1,0,learned,6.8090,106.3133,1.4468,-1.7316,2.2920,2.8726,-0.5725,0.8861,3.3782,-0.0125,0.8849,19.3299,-0.5607,3.0000,0.0000,0.0000,0,16.8908,996.5897,155.0866,575.8381,-420.7516,9.2142,-2.7719,1000.0000,161.5289
70.397,1,0,learned,6.7380,106.4297,1.4248,-1.6809,2.3185,2.8637,-0.5657,0.8736,3.3782,0.1161,0.8849,19.2851,-0.5512,3.0000,0.0000,0.0000,0,16.8908,993.0756,54.8788,523.9772,-469.0984,9.2664,-2.5265,1000.0000,61.6188
70.446,1,0,learned,6.6659,106.5553,1.4026,-1.6222,2.3377,2.8454,-0.5845,0.8604,3.3782,0.2515,0.8849,19.2350,-0.5422,3.0000,0.0000,0.0000,0,16.8908,990.3103,69.5666,529.9384,-460.3719,9.3927,-2.1667,1000.0000,76.7925
70.497,1,0,learned,6.6006,106.6752,1.3744,-1.5697,2.3697,2.8425,-0.6008,0.8481,3.3782,0.3779,0.8849,19.1856,-0.5264,3.0000,0.0000,0.0000,0,16.8908,990.0018,76.4164,533.2091,-456.7927,9.4214,-1.8240,1000.0000,84.0139
70.547,1,0,learned,6.5341,106.8036,1.3571,-1.5118,2.3898,2.8279,-0.5890,0.8350,3.3782,0.5108,0.8849,19.1315,-0.5221,3.0000,0.0000,0.0000,0,16.8908,996.9080,10.2206,503.5643,-493.3437,9.5234,-1.6341,1000.0000,18.1099
70.597,1,0,learned,6.4738,106.9259,1.3277,-1.4606,2.4213,2.8277,-0.6098,0.8229,3.3782,0.6349,0.8849,19.0788,-0.5048,3.0000,0.0000,0.0000,0,16.8908,984.9753,53.5549,519.2651,-465.7102,9.5424,-1.2747,995.7923,61.8226
70.647,1,0,learned,6.4738,106.9259,1.3036,-1.4606,2.4213,2.8277,-0.6480,0.8229,3.3782,0.6349,0.8849,19.0788,-0.4807,3.0000,0.0000,0.0000,0,16.8908,988.3943,32.0244,510.2093,-478.1850,9.4825,-0.9713,998.8482,40.5356
70.697,1,0,learned,6.4128,107.0570,1.2789,-1.4032,2.4415,2.8160,-0.6560,0.8102,3.3782,0.7652,0.8849,19.0208,-0.4688,3.0000,0.0000,0.0000,0,16.8908,994.3923,126.4656,560.4290,-433.9633,9.5872,-0.7093,1000.0000,135.3435
70.747,1,0,learned,6.3579,107.1820,1.2473,-1.3511,2.4740,2.8189,-0.6675,0.7984,3.3782,0.8868,0.8849,18.9642,-0.4489,3.0000,0.0000,0.0000,0,16.8908,986.4131,145.0809,565.7470,-420.6661,9.5798,-0.3912,996.3841,154.2695
70.797,1,0,learned,6.3030,107.3163,1.2281,-1.2922,2.4957,2.8104,-0.6640,0.7859,3.3782,1.0144,0.8849,18.9015,-0.4422,3.0000,0.0000,0.0000,0,16.8908,995.8698,142.4273,569.1485,-426.7213,9.6566,-0.1813,1000.0000,151.9026
70.847,1,0,learned,6.2546,107.4448,1.2020,-1.2355,2.5317,2.8171,-0.6887,0.7745,3.3782,1.1332,0.8849,18.8397,-0.4275,3.0000,0.0000,0.0000,0,16.8908,994.9331,124.4433,559.6882,-435.2449,9.6256,0.1997,1000.0000,134.2686
70.897,1,0,learned,6.2546,107.4448,1.1889,-1.2355,2.5317,2.8171,-0.6793,0.7745,3.3782,1.1332,0.8849,18.8397,-0.4144,3.0000,0.0000,0.0000,0,16.8908,996.7534,143.0790,569.9162,-426.8372,9.6079,0.1771,1000.0000,152.8640
70.947,1,0,learned,6.2073,107.5831,1.1557,-1.1702,2.5576,2.8126,-0.6785,0.7624,3.3782,1.2574,0.8849,18.7706,-0.3932,3.0000,0.0000,0.0000,0,16.8908,975.9484,92.2263,534.0873,-441.8610,9.6267,0.4565,985.1186,102.3094
70.997,1,0,learned,6.1666,107.7153,1.1357,-1.1057,2.5966,2.8222,-0.6648,0.7515,3.3782,1.3726,0.8849,18.7024,-0.3842,3.0000,0.0000,0.0000,0,16.8908,982.6264,70.4709,526.5487,-456.0777,9.6000,0.5827,991.6437,80.6536
71.047,1,0,learned,6.1666,107.7153,1.1155,-1.1057,2.5966,2.8222,-0.6663,0.7515,3.3782,1.3726,0.8849,18.7024,-0.3639,3.0000,0.0000,0.0000,0,16.8908,995.4186,131.2467,563.3327,-432.0860,9.5743,0.6305,1000.0000,141.4515
71.097,1,0,learned,6.1277,107.8569,1.0817,-1.0342,2.6222,2.8188,-0.6785,0.7400,3.3782,1.4925,0.8849,18.6269,-0.3418,3.0000,0.0000,0.0000,0,16.8908,997.7734,129.9188,563.8461,-433.9273,9.5910,0.9556,1000.0000,140.4654
71.147,1,0,learned,6.0949,107.9915,1.0681,-0.9641,2.6585,2.8279,-0.6993,0.7296,3.3782,1.6031,0.8849,18.5530,-0.3385,3.0000,0.0000,0.0000,0,16.8908,998.3767,163.8080,581.0924,-417.2843,9.5789,1.2413,1000.0000,174.6283
71.197,1,0,learned,6.0949,107.9915,1.0408,-0.9641,2.6585,2.8279,-0.6970,0.7296,3.3782,1.6031,0.8849,18.5530,-0.3112,3.0000,0.0000,0.0000,0,16.8908,999.5180,125.7415,562.6297,-436.8883,9.5216,1.3198,1000.0000,136.5829
71.247,1,0,learned,6.0645,108.1354,1.0063,-0.8882,2.6801,2.8235,-0.6987,0.7186,3.3782,1.7177,0.8849,18.4716,-0.2877,3.0000,0.0000,0.0000,0,16.8908,996.5437,189.7567,593.1502,-403.3935,9.5576,1.5628,1000.0000,200.8770
71.297,1,0,learned,6.0400,108.2720,0.9995,-0.8124,2.7131,2.8321,-0.7087,0.7088,3.3782,1.8231,0.8849,18.3919,-0.2907,3.0000,0.0000,0.0000,0,16.8908,997.3199,214.8887,606.1043,-391.2156,9.5603,1.7612,1000.0000,226.2102
71.347,1,0,learned,6.0400,108.2720,0.9648,-0.8124,2.7131,2.8321,-0.7157,0.7088,3.3782,1.8231,0.8849,18.3919,-0.2560,3.0000,0.0000,0.0000,0,16.8908,991.8600,248.8368,620.3484,-371.5116,9.5010,1.8976,999.4634,260.2354
71.397,1,0,learned,6.0033,108.5561,0.9303,-0.6499,2.7615,2.8369,-0.6975,0.6893,3.3782,2.0316,0.8849,18.2184,-0.2410,3.0000,0.0000,0.0000,0,16.8908,991.9764,356.0632,674.0198,-317.9566,9.5588,2.1331,999.4021,367.7551
71.447,1,0,learned,6.0033,108.5561,0.9165,-0.6499,2.7615,2.8369,-0.6957,0.6893,3.3782,2.0316,0.8849,18.2184,-0.2272,3.0000,0.0000,0.0000,0,16.8908,995.1334,315.9902,655.5618,-339.5716,9.5270,2.1703,1000.0000,327.6875
71.497,1,0,learned,5.9920,108.7038,0.8819,-0.5634,2.7771,2.8337,-0.6830,0.6796,3.3782,2.1338,0.8849,18.1237,-0.2023,3.0000,0.0000,0.0000,0,16.8908,995.4593,230.8549,613.1571,-382.3022,9.5337,2.3436,1000.0000,242.7323
71.547,1,0,learned,5.9865,108.8439,0.8615,-0.4736,2.8056,2.8452,-0.6640,0.6713,3.3782,2.2268,0.8849,18.0307,-0.1902,3.0000,0.0000,0.0000,0,16.8908,997.7465,266.3622,632.0544,-365.6921,9.5066,2.3982,1000.0000,278.2670
71.597,1,0,learned,5.9865,108.8439,0.8410,-0.4736,2.8056,2.8452,-0.6615,0.6713,3.3782,2.2268,0.8849,18.0307,-0.1697,3.0000,0.0000,0.0000,0,16.8908,994.2420,320.0395,657.1408,-337.1012,9.4793,2.4358,1000.0000,331.9547
71.646,1,0,learned,5.9862,108.9933,0.8072,-0.3801,2.8190,2.8446,-0.6893,0.6625,3.3782,2.3217,0.8849,17.9282,-0.1448,3.0000,0.0000,0.0000,0,16.8908,990.5537,236.7934,613.6736,-376.8801,9.4641,2.8212,997.1966,249.0787
71.697,1,0,learned,5.9907,109.1345,0.7870,-0.2850,2.8437,2.8580,-0.6735,0.6550,3.3782,2.4076,0.8849,17.8284,-0.1320,3.0000,0.0000,0.0000,0,16.8908,989.5726,327.8899,658.7313,-330.8413,9.4367,2.8815,996.1278,340.2081
71.747,1,0,learned,6.0013,109.2848,0.7602,-0.1876,2.8528,2.8589,-0.6608,0.6470,3.3782,2.4947,0.8849,17.7187,-0.1132,3.0000,0.0000,0.0000,0,16.8908,986.1812,380.8157,683.4985,-302.6827,9.4611,2.9942,992.6482,393.2710
71.796,1,0,learned,6.0162,109.4265,0.7270,-0.0877,2.8727,2.8740,-0.6552,0.6403,3.3782,2.5728,0.8849,17.6120,-0.0866,3.0000,0.0000,0.0000,0,16.8908,997.0847,446.6932,721.8890,-275.1958,9.3938,3.1504,1000.0000,459.2374
71.847,1,0,learned,6.0162,109.4265,0.7137,-0.0877,2.8727,2.8740,-0.6548,0.6403,3.3782,2.5728,0.8849,17.6120,-0.0734,3.0000,0.0000,0.0000,0,16.8908,988.6016,480.4464,734.5240,-254.0776,9.3758,3.1835,994.7940,493.0057
71.897,1,0,learned,6.0382,109.5769,0.6807,0.0144,2.8769,2.8769,-0.6380,0.6333,3.3782,2.6511,0.8849,17.4947,-0.0474,3.0000,0.0000,0.0000,0,16.8908,990.5201,493.8470,742.1835,-248.3366,9.3761,3.2897,996.6064,506.5127
71.947,1,0,learned,6.0649,109.7188,0.6613,0.1226,2.8928,2.8954,-0.6292,0.6277,3.3782,2.7204,0.8849,17.3802,-0.0336,3.0000,0.0000,0.0000,0,16.8908,992.8900,537.0875,764.9887,-227.9012,9.3157,3.3859,998.8198,549.7891
71.997,1,0,learned,6.0649,109.7188,0.6356,0.1226,2.8928,2.8954,-0.6245,0.6277,3.3782,2.7204,0.8849,17.3802,-0.0079,3.0000,0.0000,0.0000,0,16.8908,993.1300,539.0974,766.1137,-227.0163,9.2725,3.4318,998.9707,551.8016
72.046,1,0,learned,6.0999,109.8693,0.6103,0.2329,2.8930,2.9024,-0.5988,0.6218,3.3782,2.7886,0.8849,17.2542,0.0115,3.0000,0.0000,0.0000,0,16.8908,984.5700,524.5248,754.5474,-230.0226,9.2684,3.4583,990.3801,537.2515
72.097,1,0,learned,6.1391,110.0109,0.5915,0.3495,2.9043,2.9253,-0.6005,0.6173,3.3782,2.8479,0.8849,17.1313,0.0258,3.0000,0.0000,0.0000,0,16.8908,997.2947,553.8933,775.5940,-221.7007,9.1817,3.6059,1000.0000,566.6810
72.147,1,0,learned,6.1874,110.1606,0.5670,0.4653,2.8991,2.9362,-0.5837,0.6125,3.3782,2.9054,0.8849,16.9967,0.0456,3.0000,0.0000,0.0000,0,16.8908,992.8127,561.7047,777.2587,-215.5540,9.1609,3.6741,998.2996,574.5397
72.197,1,0,learned,6.2387,110.3008,0.5370,0.5862,2.9036,2.9622,-0.5780,0.6092,3.3782,2.9545,0.8849,16.8663,0.0721,3.0000,0.0000,0.0000,0,16.8908,992.2627,611.3197,801.7912,-190.4715,9.0474,3.8113,997.4988,624.1785
72.246,1,0,learned,6.2387,110.3008,0.5135,0.5862,2.9036,2.9622,-0.5583,0.6092,3.3782,2.9545,0.8849,16.8663,0.0957,3.0000,0.0000,0.0000,0,16.8908,995.2244,687.8946,841.5595,-153.6649,9.0212,3.7699,1000.0000,700.6858
72.296,1,0,learned,6.2995,110.4485,0.4903,0.7028,2.8909,2.9751,-0.5707,0.6055,3.3782,3.0010,0.8849,16.7242,0.1152,3.0000,0.0000,0.0000,0,16.8908,984.6506,752.2337,868.4421,-116.2085,8.9896,3.9993,989.6408,765.2225
72.346,1,0,learned,6.3625,110.5865,0.4732,0.8248,2.8875,3.0030,-0.5453,0.6032,3.3782,3.0396,0.8849,16.5869,0.1300,3.0000,0.0000,0.0000,0,16.8908,975.4592,734.5470,855.0031,-120.4561,8.8930,3.9892,980.3629,747.4291
72.397,1,0,learned,6.4358,110.7313,0.4454,0.9417,2.8670,3.0177,-0.5340,0.6007,3.3782,3.0746,0.8849,16.4377,0.1553,3.0000,0.0000,0.0000,0,16.8908,991.8397,744.1744,868.0070,-123.8326,8.8472,4.0938,996.5930,757.1154
72.447,1,0,learned,6.5109,110.8661,0.4238,1.0661,2.8554,3.0479,-0.4903,0.5995,3.3782,3.1019,0.8849,16.2937,0.1757,3.0000,0.0000,0.0000,0,16.8908,994.4509,743.3050,868.8780,-125.5729,8.7402,3.9931,999.1980,756.0383
72.497,1,0,learned,6.5109,110.8661,0.4132,1.0661,2.8554,3.0479,-0.5188,0.5995,3.3782,3.1019,0.8849,16.2937,0.1863,3.0000,0.0000,0.0000,0,16.8908,992.1191,770.5783,881.3487,-110.7704,8.7126,4.1856,996.6462,783.4765
72.547,1,0,learned,6.5967,111.0071,0.3873,1.1831,2.8267,3.0643,-0.4843,0.5981,3.3782,3.1248,0.8849,16.1376,0.2108,3.0000,0.0000,0.0000,0,16.8908,993.0601,701.8358,847.4479,-145.6121,8.6709,4.1425,997.5885,714.6492
72.596,1,0,learned,6.6830,111.1380,0.3723,1.3062,2.8068,3.0958,-0.4863,0.5979,3.3782,3.1409,0.8849,15.9878,0.2257,3.0000,0.0000,0.0000,0,16.8908,997.4144,787.9318,892.6731,-104.7413,8.5542,4.2875,1000.0000,800.7736
72.647,1,0,learned,6.7802,111.2745,0.3477,1.4186,2.7703,3.1124,-0.4783,0.5976,3.3782,3.1522,0.8849,15.8262,0.2499,3.0000,0.0000,0.0000,0,16.8908,986.5407,817.6302,902.0854,-84.4553,8.5095,4.3944,990.6558,830.5341
72.698,1,0,learned,6.7802,111.2745,0.3287,1.4186,2.7703,3.1124,-0.4517,0.5976,3.3782,3.1522,0.8849,15.8262,0.2689,3.0000,0.0000,0.0000,0,16.8908,992.3544,885.9206,939.1375,-53.2169,8.4907,4.3101,996.5349,898.7215
72.747,1,0,learned,6.8765,111.4008,0.3147,1.5360,2.7427,3.1435,-0.4383,0.5983,3.3782,3.1577,0.8849,15.6718,0.2836,3.0000,0.0000,0.0000,0,16.8908,988.9903,913.3732,951.1818,-37.8085,8.3818,4.3577,993.0145,926.1127
72.797,1,0,learned,6.9839,111.5322,0.2920,1.6419,2.6994,3.1595,-0.4218,0.5989,3.3782,3.1578,0.8849,15.5056,0.3069,3.0000,0.0000,0.0000,0,16.8908,992.0107,921.6362,956.8235,-35.1872,8.3429,4.4056,995.9479,934.3848
72.846,1,0,learned,7.0900,111.6534,0.2788,1.7557,2.6647,3.1911,-0.4113,0.6005,3.3782,3.1525,0.8849,15.3469,0.3217,3.0000,0.0000,0.0000,0,16.8908,986.7617,943.1934,964.9776,-21.7841,8.2288,4.4633,990.5272,955.8855
72.897,1,0,learned,7.0900,111.6534,0.2617,1.7557,2.6647,3.1911,-0.3872,0.6005,3.3782,3.1525,0.8849,15.3469,0.3389,3.0000,0.0000,0.0000,0,16.8908,988.5621,952.2046,970.3834,-18.1787,8.2127,4.3810,992.3938,964.7983
72.947,1,0,learned,7.2079,111.7791,0.2411,1.8580,2.6151,3.2080,-0.3683,0.6021,3.3782,3.1409,0.8849,15.1763,0.3611,3.0000,0.0000,0.0000,0,16.8908,991.2656,956.0831,973.6744,-17.5913,8.1720,4.4010,995.0366,968.6561
72.997,1,0,learned,7.3236,111.8948,0.2253,1.9685,2.5740,3.2404,-0.3453,0.6047,3.3782,3.1246,0.8849,15.0136,0.3794,3.0000,0.0000,0.0000,0,16.8908,993.4065,968.1538,980.7802,-12.6263,8.0507,4.3908,997.0664,980.5954
73.046,1,0,learned,7.4511,112.0143,0.2065,2.0652,2.5188,3.2572,-0.3173,0.6073,3.3782,3.1016,0.8849,14.8394,0.4008,3.0000,0.0000,0.0000,0,16.8908,994.8852,963.2380,979.0616,-15.8236,8.0157,4.3432,998.5577,975.5969
73.097,1,0,learned,7.5754,112.1239,0.1955,2.1699,2.4717,3.2891,-0.3247,0.6107,3.3782,3.0749,0.8849,14.6739,0.4152,3.0000,0.0000,0.0000,0,16.8908,995.2925,952.6073,973.9499,-21.3426,7.8867,4.4858,998.6933,964.9798
73.147,1,0,learned,7.7114,112.2368,0.1781,2.2590,2.4117,3.3044,-0.3205,0.6141,3.3782,3.0412,0.8849,14.4972,0.4360,3.0000,0.0000,0.0000,0,16.8908,995.6983,962.0258,978.8620,-16.8363,7.8448,4.5638,998.9793,974.4343
73.197,1,0,learned,7.7114,112.2368,0.1680,2.2590,2.4117,3.3044,-0.3108,0.6141,3.3782,3.0412,0.8849,14.4972,0.4461,3.0000,0.0000,0.0000,0,16.8908,989.1168,979.0421,984.0795,-5.0374,7.8354,4.5427,992.4095,991.4201
73.246,1,0,learned,7.8430,112.3402,0.1550,2.3557,2.3600,3.3346,-0.3212,0.6182,3.3782,3.0047,0.8849,14.3298,0.4632,3.0000,0.0000,0.0000,0,16.8908,974.9815,957.4431,966.2123,-8.7692,7.7105,4.7016,977.9905,969.8552
73.297,1,0,learned,7.9862,112.4464,0.1394,2.4352,2.2967,3.3474,-0.2913,0.6224,3.3782,2.9613,0.8849,14.1517,0.4829,3.0000,0.0000,0.0000,0,16.8908,973.3916,988.2261,980.8089,7.4172,7.6936,4.6134,976.4719,1000.0000
73.347,1,0,learned,8.1240,112.5434,0.1275,2.5225,2.2417,3.3746,-0.2830,0.6271,3.3782,2.9161,0.8849,13.9834,0.4997,3.0000,0.0000,0.0000,0,16.8908,944.9477,982.8617,963.9047,18.9570,7.5940,4.6498,947.8919,995.1055
73.396,1,0,learned,8.2730,112.6429,0.1159,2.5912,2.1760,3.3837,-0.2752,0.6318,3.3782,2.8637,0.8849,13.8049,0.5160,3.0000,0.0000,0.0000,0,16.8908,875.1483,984.2733,929.7108,54.5625,7.6094,4.6523,878.1054,996.5350
73.447,1,0,learned,8.4158,112.7335,0.1047,2.6678,2.1183,3.4066,-0.2677,0.6371,3.3782,2.8107,0.8849,13.6368,0.5323,3.0000,0.0000,0.0000,0,16.8908,819.9886,957.0419,888.5152,68.5267,7.5409,4.6720,822.8575,969.2548
73.497,1,0,learned,8.4158,112.7335,0.0940,2.6678,2.1183,3.4066,-0.2535,0.6371,3.3782,2.8107,0.8849,13.6368,0.5431,3.0000,0.0000,0.0000,0,16.8908,780.1487,982.4947,881.3217,101.1730,7.5424,4.6246,783.0665,994.6616
73.547,1,0,learned,8.5693,112.8261,0.0813,2.7245,2.0507,3.4100,-0.2263,0.6423,3.3782,2.7505,0.8849,13.4593,0.5610,3.0000,0.0000,0.0000,0,16.8908,786.5512,995.5150,891.0331,104.4819,7.5732,4.5061,789.6184,1000.0000
73.597,1,0,learned,8.7151,112.9100,0.0741,2.7873,1.9901,3.4248,-0.2245,0.6478,3.3782,2.6908,0.8849,13.2931,0.5737,3.0000,0.0000,0.0000,0,16.8908,872.3859,968.6476,920.5168,48.1309,7.5072,4.5433,875.3498,980.6982
73.647,1,0,learned,8.8706,112.9953,0.0607,2.8278,1.9200,3.4181,-0.1730,0.6532,3.3782,2.6245,0.8849,13.1187,0.5926,3.0000,0.0000,0.0000,0,16.8908,824.0323,984.6862,904.3592,80.3269,7.6211,4.2428,827.4105,996.5500
73.697,1,0,learned,9.0177,113.0722,0.0525,2.8751,1.8567,3.4225,-0.1670,0.6589,3.3782,2.5594,0.8849,12.9560,0.6064,3.0000,0.0000,0.0000,0,16.8908,804.5376,985.1246,894.8311,90.2935,7.6383,4.2196,807.9563,996.9825
73.747,1,0,learned,9.1744,113.1504,0.0449,2.9029,1.7859,3.4083,-0.1615,0.6646,3.3782,2.4877,0.8849,12.7853,0.6197,3.0000,0.0000,0.0000,0,16.8908,695.8369,982.6866,839.2617,143.4249,7.7939,4.1423,699.4884,994.6228
73.797,1,0,learned,9.3227,113.2209,0.0362,2.9402,1.7227,3.4077,-0.1520,0.6706,3.3782,2.4176,0.8849,12.6261,0.6344,3.0000,0.0000,0.0000,0,16.8908,655.3833,993.6998,824.5415,169.1583,7.8433,4.0786,659.1480,1000.0000
73.846,1,0,learned,9.4803,113.2925,0.0284,2.9583,1.6534,3.3890,-0.1158,0.6767,3.3782,2.3410,0.8849,12.4592,0.6483,3.0000,0.0000,0.0000,0,16.8908,632.0957,987.3566,809.7262,177.6304,8.0157,3.7997,636.3117,999.1720
73.897,1,0,learned,9.6286,113.3568,0.0228,2.9845,1.5909,3.3821,-0.1030,0.6829,3.3782,2.2670,0.8849,12.3042,0.6602,3.0000,0.0000,0.0000,0,16.8908,534.4171,996.2604,765.3388,230.9216,8.1224,3.6709,538.8686,1000.0000
73.947,1,0,learned,9.6286,113.3568,0.0179,2.9845,1.5909,3.3821,-0.0953,0.6829,3.3782,2.2670,0.8849,12.3042,0.6651,3.0000,0.0000,0.0000,0,16.8908,537.2696,991.1316,764.2006,226.9310,8.1210,3.6419,541.7486,1000.0000
73.997,1,0,learned,9.7853,113.4218,0.0137,2.9904,1.5226,3.3557,-0.0483,0.6892,3.3782,2.1869,0.8849,12.1425,0.6755,3.0000,0.0000,0.0000,0,16.8908,490.1291,979.3563,734.7427,244.6136,8.3539,3.2445,495.2385,990.9546
74.047,1,0,learned,9.9321,113.4800,0.0112,3.0041,1.4606,3.3403,-0.0088,0.6955,3.3782,2.1101,0.8849,11.9930,0.6843,3.0000,0.0000,0.0000,0,16.8908,430.7616,982.1273,706.4444,275.6829,8.5151,2.9065,436.3701,993.5490
74.097,1,0,learned,10.0868,113.5385,0.0081,2.9980,1.3933,3.3060,-0.0165,0.7019,3.3782,2.0275,0.8849,11.8377,0.6938,3.0000,0.0000,0.0000,0,16.8908,391.1864,989.6539,690.4201,299.2338,8.7549,2.8314,397.1099,1000.0000
74.147,1,0,learned,10.2313,113.5906,0.0067,3.0007,1.3319,3.2830,0.0182,0.7083,3.3782,1.9487,0.8849,11.6944,0.7017,3.0000,0.0000,0.0000,0,16.8908,470.2338,985.9545,728.0941,257.8603,8.9163,2.5150,476.6351,997.3858
74.197,1,0,learned,10.2313,113.5906,0.0063,3.0007,1.3319,3.2830,0.0353,0.7083,3.3782,1.9487,0.8849,11.6944,0.7021,3.0000,0.0000,0.0000,0,16.8908,371.2002,978.2970,674.7486,303.5484,8.9545,2.3888,377.7659,989.6404
74.246,1,0,learned,10.3830,113.6427,0.0069,2.9841,1.2657,3.2415,0.0805,0.7149,3.3782,1.8642,0.8849,11.5460,0.7080,3.0000,0.0000,0.0000,0,16.8908,341.6265,989.6651,665.6458,324.0193,9.2608,1.9312,348.9561,1000.0000
74.297,1,0,learned,10.5248,113.6889,0.0081,2.9779,1.2052,3.2126,0.0820,0.7215,3.3782,1.7838,0.8849,11.4092,0.7133,3.0000,0.0000,0.0000,0,16.8908,396.4620,985.0845,690.7732,294.3113,9.4428,1.7974,404.1074,996.3247
74.347,1,0,learned,10.6737,113.7349,0.0114,2.9551,1.1412,3.1678,0.1193,0.7283,3.3782,1.6977,0.8849,11.2676,0.7169,3.0000,0.0000,0.0000,0,16.8908,415.8861,985.2333,700.5597,284.6736,9.7479,1.3753,424.2587,996.3565
74.397,1,0,learned,10.8126,113.7756,0.0152,2.9428,1.0825,3.1356,0.1452,0.7350,3.3782,1.6160,0.8849,11.1374,0.7198,3.0000,0.0000,0.0000,0,16.8908,380.1924,989.8853,685.0389,304.8465,9.9829,1.0414,389.1339,1000.0000
74.446,1,0,learned,10.8126,113.7756,0.0201,2.9428,1.0825,3.1356,0.1797,0.7350,3.3782,1.6160,0.8849,11.1374,0.7149,3.0000,0.0000,0.0000,0,16.8908,272.2004,991.7746,631.9875,359.7871,10.0345,0.7718,281.4631,1000.0000
74.497,1,0,learned,10.9587,113.8161,0.0259,2.9161,1.0216,3.0899,0.1928,0.7421,3.3782,1.5286,0.8849,11.0024,0.7162,3.0000,0.0000,0.0000,0,16.8908,240.5359,989.8596,615.1978,374.6618,10.3419,0.4813,250.3966,1000.0000
74.547,1,0,learned,11.0954,113.8519,0.0345,2.9023,0.9666,3.0591,0.2170,0.7492,3.3782,1.4455,0.8849,10.8779,0.7147,3.0000,0.0000,0.0000,0,16.8908,165.4495,990.2176,577.8335,412.3840,10.5773,0.1251,175.9017,1000.0000
74.597,1,0,learned,11.2389,113.8875,0.0403,2.8741,0.9101,3.0147,0.2585,0.7566,3.3782,1.3569,0.8849,10.7489,0.7163,3.0000,0.0000,0.0000,0,16.8908,191.5945,994.0434,592.8190,401.2244,10.8674,-0.3464,202.8083,1000.0000
74.649,1,0,learned,11.3727,113.9187,0.0491,2.8566,0.8583,2.9828,0.2903,0.7639,3.3782,1.2732,0.8849,10.6305,0.7148,3.0000,0.0000,0.0000,0,16.8908,161.4716,982.9354,572.2035,410.7319,11.0949,-0.7522,173.3187,993.2782
74.697,1,0,learned,11.3727,113.9187,0.0589,2.8566,0.8583,2.9828,0.3237,0.7639,3.3782,1.2732,0.8849,10.6305,0.7050,3.0000,0.0000,0.0000,0,16.8908,94.5820,991.3265,542.9542,448.3723,11.1362,-1.0313,106.7494,1000.0000
74.746,1,0,learned,11.5128,113.9495,0.0727,2.8241,0.8049,2.9365,0.3312,0.7715,3.3782,1.1843,0.8849,10.5084,0.6988,3.0000,0.0000,0.0000,0,16.8908,129.0805,979.9390,554.5098,425.4292,11.4208,-1.3119,141.8133,990.0479
74.797,1,0,learned,11.6433,113.9764,0.0849,2.8032,0.7561,2.9034,0.3603,0.7790,3.3782,1.1004,0.8849,10.3964,0.6941,3.0000,0.0000,0.0000,0,16.8908,135.6374,987.8069,561.7221,426.0848,11.6391,-1.7084,148.9849,997.7376
74.846,1,0,learned,11.7801,114.0028,0.0947,2.7688,0.7064,2.8575,0.3795,0.7869,3.3782,1.0112,0.8849,10.2807,0.6922,3.0000,0.0000,0.0000,0,16.8908,98.2095,970.9500,534.5797,436.3702,11.9328,-2.0655,112.2078,980.8173
74.897,1,0,learned,11.9077,114.0258,0.1125,2.7466,0.6609,2.8250,0.4185,0.7946,3.3782,0.9270,0.8849,10.1746,0.6821,3.0000,0.0000,0.0000,0,16.8908,141.5354,978.8769,560.2061,418.6707,12.1406,-2.5432,156.2191,988.4743
74.947,1,0,learned,12.0418,114.0483,0.1277,2.7129,0.6154,2.7818,0.4195,0.8027,3.3782,0.8376,0.8849,10.0649,0.6750,3.0000,0.0000,0.0000,0,16.8908,163.3209,976.9783,570.1496,406.8287,12.3951,-2.7815,178.4975,986.5919
74.997,1,0,learned,12.0418,114.0483,0.1439,2.7129,0.6154,2.7818,0.4532,0.8027,3.3782,0.8376,0.8849,10.0649,0.6589,3.0000,0.0000,0.0000,0,16.8908,137.5943,985.0569,561.3256,423.7313,12.4293,-3.0789,153.1024,994.4073
75.047,1,0,learned,12.1671,114.0680,0.1523,2.6923,0.5742,2.7528,0.4660,0.8106,3.3782,0.7531,0.8849,9.9639,0.6584,3.0000,0.0000,0.0000,0,16.8908,110.3567,989.0645,549.7106,439.3539,12.6098,-3.3554,126.3220,998.3188
75.097,1,0,learned,12.2991,114.0874,0.1740,2.6618,0.5340,2.7148,0.4715,0.8191,3.3782,0.6632,0.8849,9.8591,0.6451,3.0000,0.0000,0.0000,0,16.8908,29.3079,982.9207,506.1143,476.8064,12.8630,-3.6684,45.8394,992.1153
75.147,1,0,learned,12.4230,114.1045,0.1923,2.6455,0.4984,2.6920,0.4953,0.8273,3.3782,0.5782,0.8849,9.7622,0.6351,3.0000,0.0000,0.0000,0,16.8908,129.8459,994.3797,562.1128,432.2669,12.9888,-4.0254,146.8601,1000.0000
75.197,1,0,learned,12.4230,114.1045,0.2017,2.6455,0.4984,2.6920,0.4983,0.8273,3.3782,0.5782,0.8849,9.7622,0.6257,3.0000,0.0000,0.0000,0,16.8908,62.4811,976.7196,519.6003,457.1192,13.0157,-4.0986,79.5954,985.6367
75.247,1,0,learned,12.5535,114.1213,0.2260,2.6186,0.4635,2.6593,0.5175,0.8361,3.3782,0.4878,0.8849,9.6616,0.6101,3.0000,0.0000,0.0000,0,16.8908,77.4169,978.8061,528.1115,450.6946,13.2186,-4.4864,95.1219,987.5384
75.297,1,0,learned,12.6762,114.1363,0.2410,2.6059,0.4333,2.6416,0.5330,0.8445,3.3782,0.4024,0.8849,9.5685,0.6035,3.0000,0.0000,0.0000,0,16.8908,76.9871,972.7107,524.8489,447.8618,13.3312,-4.7963,95.1147,981.2456
75.347,1,0,learned,12.6762,114.1363,0.2564,2.6059,0.4333,2.6416,0.5260,0.8445,3.3782,0.4024,0.8849,9.5685,0.5881,3.0000,0.0000,0.0000,0,16.8908,93.2049,983.2062,538.2055,445.0006,13.3416,-4.8072,111.3537,991.7405
75.397,1,0,learned,12.8059,114.1514,0.2827,2.5835,0.4045,2.6150,0.5515,0.8535,3.3782,0.3116,0.8849,9.4714,0.5707,3.0000,0.0000,0.0000,0,16.8908,73.4803,983.1205,528.3004,454.8201,13.5203,-5.2485,92.2491,991.3923
75.446,1,0,learned,12.9278,114.1649,0.2935,2.5750,0.3801,2.6029,0.5800,0.8621,3.3782,0.2258,0.8849,9.3812,0.5685,3.0000,0.0000,0.0000,0,16.8908,8.5766,984.8656,496.7211,488.1445,13.6144,-5.6423,27.8332,992.8377
75.497,1,0,learned,13.0572,114.1788,0.3211,2.5574,0.3574,2.5823,0.5705,0.8712,3.3782,0.1345,0.8849,9.2868,0.5501,3.0000,0.0000,0.0000,0,16.8908,41.3878,992.0964,516.7421,475.3543,13.7384,-5.8430,60.9691,999.9918
75.546,1,0,learned,13.1791,114.1915,0.3493,2.5539,0.3388,2.5763,0.6040,0.8800,3.3782,0.0482,0.8849,9.1989,0.5306,3.0000,0.0000,0.0000,0,16.8908,6.9397,985.9696,496.4546,489.5149,13.8110,-6.3287,27.0794,993.4518
75.597,1,0,learned,13.1791,114.1915,0.3609,2.5539,0.3388,2.5763,0.5775,0.8800,3.3782,0.0482,0.8849,9.1989,0.5191,3.0000,0.0000,0.0000,0,16.8908,116.9283,996.9920,556.9601,440.0318,13.7915,-6.1747,136.8945,1000.0000
75.646,1,0,learned,13.3085,114.2046,0.3843,2.5408,0.3216,2.5611,0.6068,0.8893,3.3782,-0.0437,0.8849,9.1068,0.5050,3.0000,0.0000,0.0000,0,16.8908,153.0404,992.4090,572.7247,419.6843,13.8890,-6.6140,173.5434,999.6840
75.697,1,0,learned,13.4306,114.2168,0.4081,2.5413,0.3083,2.5599,0.6215,0.8981,3.3782,-0.1304,0.8849,9.0208,0.4900,3.0000,0.0000,0.0000,0,16.8908,132.2885,974.4260,553.3573,421.0688,13.9231,-6.9546,153.1662,981.3945
75.747,1,0,learned,13.5606,114.2303,0.4386,2.5334,0.2984,2.5509,0.6142,0.9075,3.3782,-0.2225,0.8849,8.9298,0.4689,3.0000,0.0000,0.0000,0,16.8908,215.3740,994.7007,605.0373,389.6633,13.9768,-7.1724,236.5231,1000.0000
75.796,1,0,learned,13.6840,114.2437,0.4694,2.5407,0.2947,2.5577,0.6330,0.9163,3.3782,-0.3094,0.8849,8.8439,0.4469,3.0000,0.0000,0.0000,0,16.8908,203.4704,998.5147,600.9925,397.5221,13.9783,-7.5659,225.0146,1000.0000
75.847,1,0,learned,13.6840,114.2437,0.4818,2.5407,0.2947,2.5577,0.6282,0.9163,3.3782,-0.3094,0.8849,8.8439,0.4345,3.0000,0.0000,0.0000,0,16.8908,115.5346,995.0726,555.3036,439.7690,14.0120,-7.5949,137.1416,1000.0000
75.897,1,0,learned,13.8159,114.2592,0.5067,2.5397,0.2951,2.5568,0.6170,0.9257,3.3782,-0.4017,0.8849,8.7523,0.4189,3.0000,0.0000,0.0000,0,16.8908,159.3702,990.2855,574.8279,415.4577,14.0292,-7.7679,181.1673,996.5469
75.947,1,0,learned,13.9412,114.2751,0.5317,2.5539,0.3023,2.5717,0.6292,0.9344,3.3782,-0.4886,0.8849,8.6652,0.4027,3.0000,0.0000,0.0000,0,16.8908,240.2968,981.6227,610.9597,370.6629,13.9643,-8.0758,262.3369,987.5111
75.997,1,0,learned,14.0750,114.2933,0.5631,2.5579,0.3121,2.5769,0.6365,0.9436,3.3782,-0.5806,0.8849,8.5722,0.3805,3.0000,0.0000,0.0000,0,16.8908,350.2966,982.1234,666.2100,315.9134,13.9484,-8.3831,372.6281,987.6886
76.047,1,0,learned,14.2020,114.3121,0.5945,2.5756,0.3280,2.5964,0.6132,0.9522,3.3782,-0.6670,0.8849,8.4838,0.3577,3.0000,0.0000,0.0000,0,16.8908,377.8199,984.9826,681.4013,303.5814,13.8774,-8.4869,400.1842,990.3731
76.097,1,0,learned,14.2020,114.3121,0.6070,2.5756,0.3280,2.5964,0.6262,0.9522,3.3782,-0.6670,0.8849,8.4838,0.3451,3.0000,0.0000,0.0000,0,16.8908,353.4677,989.2720,671.3699,317.9022,13.9002,-8.6216,375.9895,994.5506
76.147,1,0,learned,14.3381,114.3346,0.6384,2.5839,0.3487,2.6073,0.6130,0.9612,3.3782,-0.7581,0.8849,8.3883,0.3228,3.0000,0.0000,0.0000,0,16.8908,355.2749,989.8726,672.5738,317.2989,13.8845,-8.8023,377.9617,994.9549
76.197,1,0,learned,14.4678,114.3584,0.6569,2.6072,0.3785,2.6346,0.6040,0.9694,3.3782,-0.8433,0.8849,8.2963,0.3125,3.0000,0.0000,0.0000,0,16.8908,312.6308,986.0524,649.3416,336.7108,13.7902,-8.9503,335.3713,990.8923
76.247,1,0,learned,14.4678,114.3584,0.6814,2.6072,0.3785,2.6346,0.5867,0.9694,3.3782,-0.8433,0.8849,8.2963,0.2880,3.0000,0.0000,0.0000,0,16.8908,378.3946,993.9586,686.1766,307.7820,13.7981,-8.9165,401.1092,998.8401
76.297,1,0,learned,14.6066,114.3869,0.7057,2.6199,0.4123,2.6522,0.5857,0.9781,3.3782,-0.9327,0.8849,8.1966,0.2723,3.0000,0.0000,0.0000,0,16.8908,337.1605,989.6954,663.4280,326.2675,13.7632,-9.1422,360.0658,994.3164
76.347,1,0,learned,14.7386,114.4166,0.7178,2.6457,0.4534,2.6842,0.5995,0.9859,3.3782,-1.0160,0.8849,8.1008,0.2680,3.0000,0.0000,0.0000,0,16.8908,351.9343,995.5346,673.7344,321.8002,13.6361,-9.3999,374.9703,999.7708
76.397,1,0,learned,14.8795,114.4512,0.7478,2.6586,0.4959,2.7044,0.5950,0.9941,3.3782,-1.1031,0.8849,7.9972,0.2463,3.0000,0.0000,0.0000,0,16.8908,445.4699,972.7623,709.1161,263.6462,13.5670,-9.5878,468.6248,976.7416
76.447,1,0,learned,15.0130,114.4868,0.7774,2.6832,0.5451,2.7380,0.5673,1.0015,3.3782,-1.1839,0.8849,7.8979,0.2240,3.0000,0.0000,0.0000,0,16.8908,491.1487,990.1016,740.6252,249.4765,13.4440,-9.6177,514.2105,993.9279
76.497,1,0,learned,15.0130,114.4868,0.7892,2.6832,0.5451,2.7380,0.5695,1.0015,3.3782,-1.1839,0.8849,7.8979,0.2123,3.0000,0.0000,0.0000,0,16.8908,393.2793,989.4688,691.3741,298.0947,13.4845,-9.6745,416.4383,993.2789
76.547,1,0,learned,15.1554,114.5282,0.8126,2.6941,0.5953,2.7590,0.5670,1.0093,3.3782,-1.2679,0.8849,7.7903,0.1967,3.0000,0.0000,0.0000,0,16.8908,496.0370,984.3213,740.1791,244.1422,13.4082,-9.8429,519.2880,987.8867
76.597,1,0,learned,15.2901,114.5709,0.8357,2.7168,0.6542,2.7944,0.5525,1.0161,3.3782,-1.3451,0.8849,7.6866,0.1804,3.0000,0.0000,0.0000,0,16.8908,558.9718,991.4679,775.2198,216.2480,13.2762,-9.9129,582.1608,994.8312
76.647,1,0,learned,15.2901,114.5709,0.8528,2.7168,0.6542,2.7944,0.5343,1.0161,3.3782,-1.3451,0.8849,7.6866,0.1632,3.0000,0.0000,0.0000,0,16.8908,547.3171,986.8512,767.0842,219.7671,13.2963,-9.8480,570.4614,990.2995
76.697,1,0,learned,15.4335,114.6202,0.8809,2.7247,0.7129,2.8164,0.5315,1.0233,3.3782,-1.4248,0.8849,7.5743,0.1424,3.0000,0.0000,0.0000,0,16.8908,549.4276,997.4023,773.4150,223.9874,13.2556,-10.0166,572.6998,1000.0000
76.747,1,0,learned,15.5688,114.6705,0.9030,2.7436,0.7801,2.8524,0.5200,1.0295,3.3782,-1.4976,0.8849,7.4662,0.1265,3.0000,0.0000,0.0000,0,16.8908,468.9571,987.7184,728.3378,259.3806,13.1689,-10.0626,492.1886,990.8247
76.797,1,0,learned,15.7125,114.7284,0.9247,2.7474,0.8465,2.8749,0.5242,1.0361,3.3782,-1.5722,0.8849,7.3488,0.1114,3.0000,0.0000,0.0000,0,16.8908,449.7859,963.2260,706.5060,256.7201,13.1350,-10.2017,473.1226,966.1593
76.847,1,0,learned,15.8477,114.7868,0.9461,2.7615,0.9205,2.9109,0.5285,1.0417,3.3782,-1.6398,0.8849,7.2361,0.0957,3.0000,0.0000,0.0000,0,16.8908,440.4850,996.0075,718.2463,277.7613,13.0358,-10.3456,463.8664,998.6978
76.897,1,0,learned,15.8477,114.7868,0.9672,2.7615,0.9205,2.9109,0.4980,1.0417,3.3782,-1.6398,0.8849,7.2361,0.0746,3.0000,0.0000,0.0000,0,16.8908,509.1182,991.1361,750.1271,241.0089,13.0360,-10.2229,532.3771,993.9492
76.947,1,0,learned,15.9906,114.8524,0.9932,2.7589,0.9889,2.9307,0.5038,1.0478,3.3782,-1.7088,0.8849,7.1148,0.0545,3.0000,0.0000,0.0000,0,16.8908,560.7749,992.9359,776.8554,216.0805,13.0028,-10.3870,584.1647,995.5517
76.996,1,0,learned,16.1246,114.9174,1.0086,2.7652,1.0619,2.9621,0.5048,1.0529,3.3782,-1.7713,0.8849,6.9992,0.0442,3.0000,0.0000,0.0000,0,16.8908,545.4568,992.2055,768.8311,223.3743,12.9240,-10.4489,568.8297,994.6806
77.046,1,0,learned,16.2658,114.9899,1.0343,2.7553,1.1285,2.9775,0.4808,1.0584,3.3782,-1.8347,0.8849,6.8751,0.0241,3.0000,0.0000,0.0000,0,16.8908,540.5699,995.1657,767.8678,227.2979,12.9230,-10.3946,563.8875,997.6941
77.097,1,0,learned,16.3980,115.0619,1.0495,2.7553,1.2025,3.0063,0.5120,1.0629,3.3782,-1.8914,0.8849,6.7565,0.0135,3.0000,0.0000,0.0000,0,16.8908,488.1898,994.2241,741.2070,253.0171,12.8726,-10.6172,511.6796,996.4795
77.147,1,0,learned,16.5372,115.1420,1.0746,2.7395,1.2704,3.0197,0.4918,1.0678,3.3782,-1.9483,0.8849,6.6290,-0.0068,3.0000,0.0000,0.0000,0,16.8908,467.8592,997.6087,732.7340,264.8747,12.8859,-10.5581,491.3032,999.9365
77.197,1,0,learned,16.6672,115.2209,1.0994,2.7332,1.3448,3.0462,0.4765,1.0718,3.3782,-1.9990,0.8849,6.5075,-0.0276,3.0000,0.0000,0.0000,0,16.8908,514.6736,995.3685,755.0210,240.3475,12.8248,-10.5149,538.0133,997.6784
77.247,1,0,learned,16.6672,115.2209,1.1142,2.7332,1.3448,3.0462,0.4855,1.0718,3.3782,-1.9990,0.8849,6.5075,-0.0424,3.0000,0.0000,0.0000,0,16.8908,614.6060,994.0436,804.3248,189.7188,12.8159,-10.6458,638.0677,996.2137
77.297,1,0,learned,16.8036,115.3078,1.1387,2.7112,1.4100,3.0559,0.5002,1.0761,3.3782,-2.0495,0.8849,6.3775,-0.0625,3.0000,0.0000,0.0000,0,16.8908,641.3001,994.8509,818.0755,176.7754,12.8385,-10.8035,664.9421,996.8860
77.347,1,0,learned,16.9307,115.3926,1.1534,2.6986,1.4815,3.0785,0.4733,1.0796,3.3782,-2.0941,0.8849,6.2541,-0.0738,3.0000,0.0000,0.0000,0,16.8908,696.7354,992.4328,844.5841,147.8487,12.7811,-10.6441,720.1606,994.5699
77.397,1,0,learned,17.0639,115.4863,1.1776,2.6710,1.5457,3.0860,0.4823,1.0833,3.3782,-2.1378,0.8849,6.1216,-0.0942,3.0000,0.0000,0.0000,0,16.8908,693.5357,990.2037,841.8697,148.3340,12.8212,-10.7378,717.0946,992.2871
77.446,1,0,learned,17.1877,115.5784,1.1967,2.6528,1.6200,3.1083,0.4500,1.0861,3.3782,-2.1754,0.8849,5.9951,-0.1106,3.0000,0.0000,0.0000,0,16.8908,709.6540,993.7025,851.6782,142.0242,12.7792,-10.5362,732.9694,995.9454
77.503,1,0,learned,17.1877,115.5784,1.2155,2.6528,1.6200,3.1083,0.4495,1.0861,3.3782,-2.1754,0.8849,5.9951,-0.1294,3.0000,0.0000,0.0000,0,16.8908,702.3789,994.1299,848.2544,145.8755,12.7983,-10.5976,725.7748,996.3307
77.547,1,0,learned,17.3172,115.6802,1.2340,2.6201,1.6876,3.1166,0.4465,1.0891,3.3782,-2.2110,0.8849,5.8590,-0.1449,3.0000,0.0000,0.0000,0,16.8908,782.0697,992.7797,887.4247,105.3550,12.8095,-10.5996,805.4788,994.9896
77.597,1,0,learned,17.4373,115.7799,1.2522,2.5966,1.7657,3.1401,0.4245,1.0911,3.3782,-2.2408,0.8849,5.7289,-0.1610,3.0000,0.0000,0.0000,0,16.8908,812.0685,990.3152,901.1918,89.1234,12.7612,-10.4381,835.2678,992.6383
77.647,1,0,learned,17.5625,115.8898,1.2743,2.5591,1.8350,3.1490,0.4035,1.0933,3.3782,-2.2682,0.8849,5.5891,-0.1810,3.0000,0.0000,0.0000,0,16.8908,797.2578,974.6564,885.9571,88.6993,12.7938,-10.2759,820.3275,977.1744
77.697,1,0,learned,17.6785,115.9971,1.2873,2.5306,1.9153,3.1737,0.3947,1.0945,3.3782,-2.2899,0.8849,5.4555,-0.1927,3.0000,0.0000,0.0000,0,16.8908,828.7549,982.4879,905.6214,76.8665,12.7362,-10.1708,851.6620,985.0534
77.747,1,0,learned,17.7992,116.1153,1.3125,2.4885,1.9869,3.1844,0.3825,1.0959,3.3782,-2.3084,0.8849,5.3115,-0.2166,3.0000,0.0000,0.0000,0,16.8908,794.8017,993.5920,894.1969,99.3952,12.7655,-10.0744,817.6416,996.2831
77.797,1,0,learned,17.9106,116.2305,1.3287,2.4550,2.0694,3.2109,0.3665,1.0963,3.3782,-2.3217,0.8849,5.1741,-0.2324,3.0000,0.0000,0.0000,0,16.8908,814.5272,985.5176,900.0224,85.4952,12.7040,-9.8955,837.1268,988.3261
77.847,1,0,learned,17.9106,116.2305,1.3444,2.4550,2.0694,3.2109,0.3808,1.0963,3.3782,-2.3217,0.8849,5.1741,-0.2481,3.0000,0.0000,0.0000,0,16.8908,849.4440,994.3419,921.8930,72.4489,12.7111,-10.0673,872.2224,996.9857
77.897,1,0,learned,18.0262,116.3567,1.3636,2.4086,2.1408,3.2225,0.3520,1.0968,3.3782,-2.3312,0.8849,5.0264,-0.2668,3.0000,0.0000,0.0000,0,16.8908,854.8645,996.3646,925.6145,70.7501,12.7201,-9.8340,877.4186,999.2507
77.947,1,0,learned,18.1327,116.4790,1.3747,2.3707,2.2224,3.2495,0.3410,1.0965,3.3009,-2.3361,0.8849,4.8857,-0.2782,3.0000,0.0000,0.0000,0,16.8908,903.8251,992.0886,947.9569,44.1318,12.0600,-9.7345,925.6196,994.4141
77.997,1,0,learned,18.2429,116.6125,1.3857,2.3204,2.2913,3.2611,0.3410,1.0962,3.1990,-2.3369,0.8849,4.7348,-0.2895,3.0000,0.0000,0.0000,0,16.8908,942.4644,976.0382,959.2513,16.7869,11.2740,-9.7406,963.4790,977.5716
78.047,1,0,learned,18.3442,116.7416,1.4034,2.2783,2.3709,3.2881,0.3317,1.0952,3.1019,-2.3335,0.8849,4.5911,-0.3082,3.0000,0.0000,0.0000,0,16.8908,933.8145,989.4028,961.6086,27.7942,10.4416,-9.7280,953.9841,990.1164
78.097,1,0,learned,18.3442,116.7416,1.4171,2.2783,2.3709,3.2881,0.2988,1.0952,3.1019,-2.3335,0.8849,4.5911,-0.3219,3.0000,0.0000,0.0000,0,16.8908,918.9232,991.9245,955.4239,36.5006,10.4497,-9.5653,938.9382,992.8089
78.147,1,0,learned,18.4486,116.8821,1.4303,2.2242,2.4371,3.2994,0.2838,1.0941,2.9979,-2.3253,0.8849,4.4371,-0.3362,3.0000,0.0000,0.0000,0,16.8908,905.4761,993.6676,949.5718,44.0958,9.6217,-9.5212,924.6190,993.7682
78.197,1,0,learned,18.5442,117.0175,1.4399,2.1776,2.5139,3.3259,0.2865,1.0924,2.8990,-2.3135,0.8849,4.2908,-0.3476,3.0000,0.0000,0.0000,0,16.8908,922.5593,980.9033,951.7313,29.1720,8.7346,-9.5851,940.8790,980.0528
78.247,1,0,learned,18.6425,117.1641,1.4523,2.1202,2.5750,3.3356,0.2665,1.0906,2.7934,-2.2967,0.8849,4.1346,-0.3617,3.0000,0.0000,0.0000,0,16.8908,910.5838,987.2963,948.9400,38.3562,7.8675,-9.5584,928.0097,985.6055
78.297,1,0,learned,18.6425,117.1641,1.4613,2.1202,2.5750,3.3356,0.2765,1.0906,2.7934,-2.2967,0.8849,4.1346,-0.3706,3.0000,0.0000,0.0000,0,16.8908,875.8597,984.9443,930.4020,54.5423,7.8778,-9.6570,893.3944,983.1652
78.348,1,0,learned,18.7324,117.3046,1.4729,2.0707,2.6454,3.3594,0.2677,1.0883,2.6936,-2.2773,0.8849,3.9867,-0.3846,3.0000,0.0000,0.0000,0,16.8908,851.2786,980.6053,915.9420,64.6633,6.9661,-9.6993,867.9440,977.8722
78.397,1,0,learned,18.8247,117.4559,1.4870,2.0115,2.6983,3.3656,0.2575,1.0860,2.5874,-2.2528,0.8849,3.8295,-0.4010,3.0000,0.0000,0.0000,0,16.8908,878.0067,893.3047,885.6557,7.6490,6.0915,-9.7483,893.8465,889.6479
78.447,1,0,learned,18.9089,117.6002,1.4951,1.9604,2.7599,3.3853,0.2610,1.0832,2.4873,-2.2267,0.8849,3.6815,-0.4119,3.0000,0.0000,0.0000,0,16.8908,899.3892,912.4849,905.9371,6.5479,5.1572,-9.9735,914.5198,907.6686
78.497,1,0,learned,18.9089,117.6002,1.5057,1.9604,2.7599,3.3853,0.2380,1.0832,2.4873,-2.2267,0.8849,3.6815,-0.4225,3.0000,0.0000,0.0000,0,16.8908,904.4265,932.2358,918.3311,13.9046,5.1530,-9.8834,919.4629,927.5054
78.546,1,0,learned,18.9954,117.7547,1.5186,1.9008,2.8022,3.3861,0.2345,1.0805,2.3815,-2.1957,0.8849,3.5248,-0.4381,3.0000,0.0000,0.0000,0,16.8908,908.3602,911.8843,910.1223,1.7620,4.2737,-10.0907,922.7246,906.0673
78.597,1,0,learned,19.0741,117.9013,1.5285,1.8484,2.8525,3.3990,0.2195,1.0774,2.2823,-2.1637,0.8849,3.3781,-0.4511,3.0000,0.0000,0.0000,0,16.8908,914.0908,898.1405,906.1157,-7.9751,3.3646,-10.2026,927.6580,891.3026
78.647,1,0,learned,19.1545,118.0579,1.5357,1.7880,2.8843,3.3936,0.2092,1.0743,2.1777,-2.1267,0.8849,3.2232,-0.4613,3.0000,0.0000,0.0000,0,16.8908,878.2226,866.5266,872.3746,-5.8480,2.5138,-10.3353,891.0717,858.7051
78.697,1,0,learned,19.2275,118.2064,1.5472,1.7346,2.9263,3.4017,0.2025,1.0709,2.0798,-2.0892,0.8849,3.0783,-0.4764,3.0000,0.0000,0.0000,0,16.8908,885.7420,770.5340,828.1380,-57.6040,1.6397,-10.5110,897.8927,761.6628
78.747,1,0,learned,19.2275,118.2064,1.5538,1.7346,2.9263,3.4017,0.1995,1.0709,2.0798,-2.0892,0.8849,3.0783,-0.4830,3.0000,0.0000,0.0000,0,16.8908,845.9806,704.2604,775.1205,-70.8601,1.6578,-10.4614,858.0998,695.4568
78.797,1,0,learned,19.3019,118.3647,1.5623,1.6739,2.9498,3.3917,0.1703,1.0674,1.9769,-2.0465,0.8849,2.9260,-0.4949,3.0000,0.0000,0.0000,0,16.8908,794.3826,703.6717,749.0272,-45.3554,0.8176,-10.4946,805.6947,693.9947
78.847,1,0,learned,19.3693,118.5141,1.5723,1.6198,2.9822,3.3937,0.1690,1.0636,1.8812,-2.0040,0.8849,2.7843,-0.5087,3.0000,0.0000,0.0000,0,16.8908,816.1887,620.7011,718.4449,-97.7438,-0.0254,-10.7640,826.9274,609.9117
78.897,1,0,learned,19.4376,118.6719,1.5779,1.5588,2.9929,3.3746,0.1610,1.8969,3.0622,0.6017,1.9513,17.8885,0.3190,3.0000,0.0000,0.0000,0,15.3109,770.1495,702.6800,736.4148,-33.7347,4.2811,-3.7888,778.2194,703.1723
78.947,1,0,learned,19.4993,118.8197,1.5850,1.5042,3.0100,3.3649,0.1240,1.9070,3.0622,0.4895,1.9513,17.7708,0.3220,3.0000,0.0000,0.0000,0,15.3109,787.9656,592.6800,690.3228,-97.6428,4.3292,-3.7942,796.0890,593.2150
78.997,1,0,learned,19.4993,118.8197,1.5915,1.5042,3.0100,3.3649,0.1393,1.9070,3.0622,0.4895,1.9513,17.7708,0.3154,3.0000,0.0000,0.0000,0,15.3109,705.2203,683.5465,694.3834,-10.8369,4.3802,-3.9129,713.5134,684.0138
79.047,1,0,learned,19.5619,118.9750,1.5961,1.4439,3.0054,3.3342,0.1268,1.9173,3.0622,0.3737,1.9513,17.6470,0.3212,3.0000,0.0000,0.0000,0,15.3109,625.5549,597.6350,611.5949,-13.9600,4.5490,-4.0621,634.1661,598.1219
79.097,1,0,learned,19.6183,119.1201,1.6031,1.3900,3.0087,3.3143,0.1165,1.9269,3.0622,0.2675,1.9513,17.5314,0.3238,3.0000,0.0000,0.0000,0,15.3109,611.9508,695.4912,653.7210,41.7702,4.6652,-4.2393,620.8553,695.9171
79.147,1,0,learned,19.6755,119.2722,1.6070,1.3322,2.9921,3.2753,0.1135,1.9368,3.0622,0.1579,1.9513,17.4101,0.3298,3.0000,0.0000,0.0000,0,15.3109,501.9508,714.9199,608.4353,106.4846,4.8810,-4.4346,511.2664,715.3663
79.196,1,0,learned,19.6755,119.2722,1.6119,1.3322,2.9921,3.2753,0.1062,1.9368,3.0622,0.1579,1.9513,17.4101,0.3249,3.0000,0.0000,0.0000,0,15.3109,435.7938,821.1361,628.4650,192.6712,4.9129,-4.4186,445.1253,821.6303
79.246,1,0,learned,19.7274,119.4135,1.6154,1.2819,2.9825,3.2463,0.1237,1.9460,3.0622,0.0573,1.9513,17.2975,0.3306,3.0000,0.0000,0.0000,0,15.3109,517.5457,924.1611,720.8534,203.3077,5.0462,-4.7555,527.3474,924.4517
79.297,1,0,learned,19.7805,119.5612,1.6213,1.2298,2.9541,3.1998,0.1338,1.9556,3.0622,-0.0469,1.9513,17.1800,0.3343,3.0000,0.0000,0.0000,0,15.3109,456.8561,929.9728,693.4145,236.5584,5.2896,-5.0222,467.1679,930.2402
79.347,1,0,learned,19.8293,119.6987,1.6251,1.1871,2.9359,3.1668,0.1350,1.9646,3.0622,-0.1432,1.9513,17.0711,0.3395,3.0000,0.0000,0.0000,0,15.3109,488.3908,985.6527,737.0218,248.6310,5.4427,-5.2325,499.0660,985.8629
79.397,1,0,learned,19.8293,119.6987,1.6291,1.1871,2.9359,3.1668,0.1605,1.9646,3.0622,-0.1432,1.9513,17.0711,0.3355,3.0000,0.0000,0.0000,0,15.3109,440.9013,983.8948,712.3980,271.4968,5.4780,-5.3930,451.7723,983.9799
79.446,1,0,learned,19.8798,119.8434,1.6382,1.1440,2.9055,3.1226,0.1950,1.9741,3.0622,-0.2439,1.9513,16.9566,0.3359,3.0000,0.0000,0.0000,0,15.3109,439.8916,981.3195,710.6056,270.7139,5.7114,-5.8067,451.4097,981.2242
79.497,1,0,learned,19.9264,119.9794,1.6398,1.1095,2.8910,3.0965,0.2198,1.9830,3.0622,-0.3377,1.9513,16.8493,0.3431,3.0000,0.0000,0.0000,0,15.3109,340.0295,972.4006,656.2150,316.1856,5.8698,-6.1000,351.9993,972.1704
79.547,1,0,learned,19.9749,120.1235,1.6489,1.0739,2.8668,3.0614,0.2477,1.9924,3.0622,-0.4362,1.9513,16.7358,0.3435,3.0000,0.0000,0.0000,0,15.3109,441.6399,975.2921,708.4660,266.8261,6.0311,-6.4796,454.1505,974.8436
79.596,1,0,learned,19.9749,120.1235,1.6571,1.0739,2.8668,3.0614,0.2388,1.9924,3.0622,-0.4362,1.9513,16.7358,0.3353,3.0000,0.0000,0.0000,0,15.3109,447.1590,997.4785,722.3188,275.1598,6.0464,-6.4560,459.6615,997.0690
79.647,1,0,learned,20.0197,120.2590,1.6638,1.0458,2.8583,3.0436,0.2715,2.0012,3.0622,-0.5281,1.9513,16.6293,0.3374,3.0000,0.0000,0.0000,0,15.3109,339.0235,991.2217,665.1226,326.0991,6.1843,-6.7973,352.0051,990.6087
79.697,1,0,learned,20.0662,120.4028,1.6734,1.0158,2.8397,3.0159,0.2928,2.0105,3.0622,-0.6248,1.9513,16.5165,0.3371,3.0000,0.0000,0.0000,0,15.3109,447.9415,984.2086,716.0750,268.1336,6.3063,-7.1247,461.3726,983.3902
79.753,1,0,learned,20.1091,120.5388,1.6839,0.9913,2.8384,3.0066,0.3247,2.0192,3.0622,-0.7151,1.9513,16.4099,0.3353,3.0000,0.0000,0.0000,0,15.3109,450.1749,962.9553,706.5651,256.3902,6.3826,-7.4771,464.0347,961.8607
79.797,1,0,learned,20.1091,120.5388,1.6923,0.9913,2.8384,3.0066,0.3312,2.0192,3.0622,-0.7151,1.9513,16.4099,0.3269,3.0000,0.0000,0.0000,0,15.3109,393.5701,967.8482,680.7092,287.1390,6.4196,-7.5290,407.5188,966.7388
79.847,1,0,learned,20.1535,120.6838,1.7070,0.9636,2.8282,2.9879,0.3490,2.0284,3.0622,-0.8101,1.9513,16.2964,0.3214,3.0000,0.0000,0.0000,0,15.3109,289.4890,981.2017,635.3453,345.8564,6.5693,-7.7945,303.8527,979.9765
79.897,1,0,learned,20.1940,120.8212,1.7132,0.9396,2.8353,2.9869,0.3503,2.0368,3.0622,-0.8987,1.9513,16.1886,0.3236,3.0000,0.0000,0.0000,0,15.3109,248.6331,990.0420,619.3376,370.7044,6.6018,-7.9341,263.1691,988.7096
79.947,1,0,learned,20.2356,120.9677,1.7294,0.9118,2.8316,2.9748,0.3580,2.0458,3.0622,-0.9918,1.9513,16.0737,0.3163,3.0000,0.0000,0.0000,0,15.3109,149.8012,997.8660,573.8336,424.0324,6.7195,-8.1233,164.6440,996.4622
79.997,1,0,learned,20.2738,121.1060,1.7467,0.8886,2.8415,2.9772,0.3922,2.0539,3.0622,-1.0786,1.9513,15.9653,0.3073,3.0000,0.0000,0.0000,0,15.3109,259.7261,993.6581,626.6921,366.9660,6.7328,-8.5256,274.9846,991.8653
80.046,1,0,learned,20.2738,121.1060,1.7539,0.8886,2.8415,2.9772,0.4042,2.0539,3.0622,-1.0786,1.9513,15.9653,0.3001,3.0000,0.0000,0.0000,0,15.3109,367.9033,996.1182,682.0107,314.1074,6.7246,-8.6560,383.2839,994.1868
80.097,1,0,learned,20.3133,121.2525,1.7769,0.8628,2.8369,2.9652,0.4345,2.0627,3.0622,-1.1697,1.9513,15.8507,0.2859,3.0000,0.0000,0.0000,0,15.3109,382.7252,987.7208,685.2230,302.4978,6.8297,-9.0187,398.5735,985.5318
80.147,1,0,learned,20.3494,121.3907,1.7850,0.8408,2.8451,2.9667,0.4405,2.0707,3.0622,-1.2545,1.9513,15.7427,0.2858,3.0000,0.0000,0.0000,0,15.3109,293.2596,982.3890,637.8243,344.5647,6.8664,-9.1444,309.2704,980.1110
80.197,1,0,learned,20.3494,121.3907,1.8016,0.8408,2.8451,2.9667,0.4500,2.0707,3.0622,-1.2545,1.9513,15.7427,0.2691,3.0000,0.0000,0.0000,0,15.3109,338.0066,975.7247,656.8657,318.8590,6.8914,-9.2598,354.1578,973.3562
80.247,1,0,learned,20.3861,121.5377,1.8189,0.8136,2.8416,2.9558,0.4555,2.0793,3.0622,-1.3432,1.9513,15.6275,0.2604,3.0000,0.0000,0.0000,0,15.3109,416.5972,986.3933,701.4952,284.8980,6.9544,-9.4762,433.0278,983.8714
80.298,1,0,learned,20.4189,121.6767,1.8322,0.7878,2.8522,2.9590,0.4662,2.0870,3.0622,-1.4253,1.9513,15.5185,0.2548,3.0000,0.0000,0.0000,0,15.3109,500.2565,993.0967,746.6766,246.4201,6.9516,-9.7050,516.9131,990.3432
80.347,1,0,learned,20.4519,121.8242,1.8503,0.7570,2.8493,2.9481,0.4602,2.0952,3.0622,-1.5107,1.9513,15.4024,0.2449,3.0000,0.0000,0.0000,0,15.3109,535.2058,989.3795,762.2927,227.0868,7.0200,-9.8170,552.0428,986.5825
80.397,1,0,learned,20.4809,121.9638,1.8733,0.7264,2.8611,2.9519,0.4785,2.1025,3.0622,-1.5894,1.9513,15.2921,0.2292,3.0000,0.0000,0.0000,0,15.3109,458.9386,992.0234,725.4810,266.5424,7.0785,-10.0440,476.0612,989.0579
80.446,1,0,learned,20.4809,121.9638,1.8826,0.7264,2.8611,2.9519,0.4793,2.1025,3.0622,-1.5894,1.9513,15.2921,0.2199,3.0000,0.0000,0.0000,0,15.3109,358.0294,997.0638,677.5466,319.5172,7.1249,-10.0375,375.1918,994.1512
80.497,1,0,learned,20.5090,122.1129,1.9108,0.6891,2.8625,2.9442,0.4625,2.1103,3.0622,-1.6709,1.9513,15.1735,0.1995,3.0000,0.0000,0.0000,0,15.3109,282.0966,991.3219,636.7092,354.6127,7.2248,-10.0480,299.3694,988.4986
80.547,1,0,learned,20.5329,122.2543,1.9202,0.6512,2.8791,2.9518,0.4605,2.1171,3.0622,-1.7456,1.9513,15.0603,0.1969,3.0000,0.0000,0.0000,0,15.3109,291.6108,995.7867,643.6987,352.0879,7.2120,-10.1324,308.9552,992.8663
80.597,1,0,learned,20.5329,122.2543,1.9391,0.6512,2.8791,2.9518,0.4835,2.1171,3.0622,-1.7456,1.9513,15.0603,0.1780,3.0000,0.0000,0.0000,0,15.3109,363.6020,953.3287,658.4654,294.8634,7.2285,-10.3194,381.1499,950.2378
80.646,1,0,learned,20.5560,122.4048,1.9583,0.6097,2.8820,2.9458,0.5022,2.1245,3.0622,-1.8229,1.9513,14.9393,0.1662,3.0000,0.0000,0.0000,0,15.3109,387.3627,982.3651,684.8639,297.5012,7.2960,-10.5823,405.2409,979.0788
80.697,1,0,learned,20.5758,122.5468,1.9729,0.5703,2.8973,2.9529,0.4990,2.1309,3.0622,-1.8941,1.9513,14.8247,0.1580,3.0000,0.0000,0.0000,0,15.3109,360.5691,998.2453,679.4072,318.8381,7.3068,-10.6563,378.5323,994.8958
80.747,1,0,learned,20.5943,122.6979,1.9975,0.5274,2.8989,2.9465,0.5062,2.1379,3.0622,-1.9673,1.9513,14.7020,0.1403,3.0000,0.0000,0.0000,0,15.3109,361.5136,997.7533,679.6334,318.1198,7.3825,-10.8145,379.7106,994.3212
80.796,1,0,learned,20.6092,122.8410,2.0175,0.4837,2.9154,2.9552,0.5072,2.1438,3.0622,-2.0342,1.9513,14.5850,0.1263,3.0000,0.0000,0.0000,0,15.3109,447.2020,998.2724,722.7372,275.5352,7.3657,-10.9570,465.5247,994.6810
80.847,1,0,learned,20.6092,122.8410,2.0326,0.4837,2.9154,2.9552,0.5042,2.1438,3.0622,-2.0342,1.9513,14.5850,0.1112,3.0000,0.0000,0.0000,0,15.3109,440.2576,993.9816,717.1196,276.8620,7.3928,-10.9729,458.6233,990.4015
80.897,1,0,learned,20.6219,122.9936,2.0579,0.4359,2.9193,2.9517,0.5118,2.1502,3.0622,-2.1027,1.9513,14.4592,0.0923,3.0000,0.0000,0.0000,0,15.3109,369.8911,988.6111,679.2511,309.3600,7.4761,-11.0815,388.4487,985.0057
80.947,1,0,learned,20.6309,123.1383,2.0733,0.3862,2.9383,2.9636,0.5238,2.1556,3.0622,-2.1648,1.9513,14.3388,0.0823,3.0000,0.0000,0.0000,0,15.3109,477.9281,992.6704,735.2993,257.3712,7.4378,-11.2834,496.6493,988.8249
80.997,1,0,learned,20.6369,123.2927,2.0989,0.3320,2.9445,2.9632,0.5152,2.1614,3.0622,-2.2277,1.9513,14.2090,0.0625,3.0000,0.0000,0.0000,0,15.3109,528.4267,993.5972,761.0120,232.5853,7.4757,-11.3506,547.2530,989.7223
81.047,1,0,learned,20.6393,123.4388,2.1195,0.2759,2.9642,2.9770,0.5160,2.1661,3.0622,-2.2843,1.9513,14.0851,0.0467,3.0000,0.0000,0.0000,0,15.3109,603.9657,979.9638,791.9647,187.9990,7.4419,-11.4538,622.8615,975.9519
81.097,1,0,learned,20.6393,123.4388,2.1350,0.2759,2.9642,2.9770,0.5110,2.1661,3.0622,-2.2843,1.9513,14.0851,0.0311,3.0000,0.0000,0.0000,0,15.3109,578.0123,990.2005,784.1064,206.0941,7.4757,-11.4640,596.9520,986.2121
81.147,1,0,learned,20.6380,123.5945,2.1556,0.2154,2.9704,2.9782,0.4985,2.1713,3.0622,-2.3408,1.9513,13.9513,0.0157,3.0000,0.0000,0.0000,0,15.3109,637.0347,998.3013,817.6680,180.6333,7.4986,-11.4943,656.0276,994.3056
81.197,1,0,learned,20.6327,123.7421,2.1759,0.1502,2.9914,2.9952,0.4845,2.1753,3.0622,-2.3907,1.9513,13.8228,-0.0007,3.0000,0.0000,0.0000,0,15.3109,634.7851,992.7782,813.7817,178.9965,7.4721,-11.4641,653.7214,988.7862
81.247,1,0,learned,20.6225,123.8995,2.2010,0.0811,2.9985,2.9996,0.4740,2.1796,3.0622,-2.4397,1.9513,13.6838,-0.0215,3.0000,0.0000,0.0000,0,15.3109,696.6883,994.0868,845.3876,148.6993,7.4914,-11.5019,715.6816,990.0763
81.297,1,0,learned,20.6087,124.0486,2.2209,0.0074,3.0197,3.0198,0.4850,2.1828,3.0622,-2.4823,1.9513,13.5503,-0.0381,3.0000,0.0000,0.0000,0,15.3109,617.4000,993.4408,805.4204,188.0204,7.4810,-11.5730,636.4539,989.3488
81.348,1,0,learned,20.6087,124.0486,2.2356,0.0074,3.0197,3.0198,0.4753,2.1828,3.0622,-2.4823,1.9513,13.5503,-0.0528,3.0000,0.0000,0.0000,0,15.3109,576.8204,993.5040,785.1622,208.3418,7.5121,-11.5327,595.8652,989.4835
81.397,1,0,learned,20.5893,124.2073,2.2595,-0.0686,3.0264,3.0272,0.4650,2.1862,3.0622,-2.5232,1.9513,13.4060,-0.0733,3.0000,0.0000,0.0000,0,15.3109,607.7019,996.9702,802.3360,194.6341,7.5289,-11.5425,626.7732,992.9565
81.447,1,0,learned,20.5669,124.3573,2.2737,-0.1485,3.0460,3.0497,0.4358,2.1886,3.0622,-2.5580,1.9513,13.2678,-0.0851,3.0000,0.0000,0.0000,0,15.3109,643.0608,990.1760,816.6184,173.5576,7.4617,-11.3997,661.9223,986.2379
81.496,1,0,learned,20.5388,124.5165,2.2970,-0.2267,3.0490,3.0574,0.4487,2.1913,3.0622,-2.5911,1.9513,13.1191,-0.1057,3.0000,0.0000,0.0000,0,15.3109,664.3959,989.7781,827.0870,162.6911,7.4866,-11.5292,683.4117,985.7355
81.547,1,0,learned,20.5085,124.6664,2.3154,-0.3075,3.0639,3.0793,0.4510,2.1930,3.0622,-2.6187,1.9513,12.9771,-0.1223,3.0000,0.0000,0.0000,0,15.3109,749.1208,996.6849,872.9028,123.7820,7.4300,-11.6275,768.1783,992.4873
81.597,1,0,learned,20.5085,124.6664,2.3291,-0.3075,3.0639,3.0793,0.4390,2.1930,3.0622,-2.6187,1.9513,12.9771,-0.1361,3.0000,0.0000,0.0000,0,15.3109,750.1722,994.8472,872.5097,122.3375,7.4473,-11.5925,769.2120,990.7020
81.646,1,0,learned,20.4720,124.8253,2.3515,-0.3866,3.0622,3.0865,0.4363,2.1950,3.0622,-2.6437,1.9513,12.8246,-0.1565,3.0000,0.0000,0.0000,0,15.3109,771.0811,997.6631,884.3721,113.2910,7.4731,-11.6182,790.1724,993.5181
81.697,1,0,learned,20.4332,124.9748,2.3649,-0.4706,3.0730,3.1088,0.4050,2.1960,3.0622,-2.6633,1.9513,12.6787,-0.1689,3.0000,0.0000,0.0000,0,15.3109,836.8800,977.4587,907.1694,70.2893,7.3993,-11.4451,855.7244,973.4129
81.746,1,0,learned,20.3873,125.1333,2.3823,-0.5533,3.0676,3.1171,0.4120,2.1972,3.0622,-2.6795,1.9513,12.5217,-0.1852,3.0000,0.0000,0.0000,0,15.3109,820.5941,990.7343,905.6642,85.0701,7.4299,-11.4962,839.5202,986.6680
81.797,1,0,learned,20.3395,125.2822,2.4036,-0.6417,3.0745,3.1408,0.4000,2.1973,3.0622,-2.6904,1.9513,12.3718,-0.2062,3.0000,0.0000,0.0000,0,15.3109,802.1839,991.0243,896.6041,94.4202,7.3937,-11.4302,821.0078,986.9879
81.847,1,0,learned,20.3395,125.2822,2.4161,-0.6417,3.0745,3.1408,0.3935,2.1973,3.0622,-2.6904,1.9513,12.3718,-0.2188,3.0000,0.0000,0.0000,0,15.3109,798.9820,996.9427,897.9624,98.9804,7.4129,-11.4322,817.8272,992.9234
81.897,1,0,learned,20.2839,125.4395,2.4324,-0.7273,3.0648,3.1500,0.3773,2.1976,3.0622,-2.6972,1.9513,12.2106,-0.2347,3.0000,0.0000,0.0000,0,15.3109,843.9013,993.0380,918.4696,74.5683,7.4167,-11.3417,862.6597,989.1129
81.947,1,0,learned,20.2271,125.5871,2.4442,-0.8183,3.0668,3.1741,0.3513,2.1970,3.0622,-2.6993,1.9513,12.0569,-0.2472,3.0000,0.0000,0.0000,0,15.3109,898.7290,994.1812,946.4551,47.7261,7.3463,-11.1947,917.2699,990.3327
81.997,1,0,learned,20.1624,125.7427,2.4637,-0.9035,3.0521,3.1830,0.3585,2.1965,3.0622,-2.6970,1.9513,11.8922,-0.2672,3.0000,0.0000,0.0000,0,15.3109,902.6246,992.7649,947.6947,45.0702,7.3737,-11.2287,921.2270,988.9099
82.047,1,0,learned,20.0973,125.8885,2.4825,-0.9944,3.0491,3.2072,0.3445,2.1952,3.0622,-2.6906,1.9513,11.7353,-0.2873,3.0000,0.0000,0.0000,0,15.3109,930.0005,996.3109,963.1557,33.1552,7.3234,-11.1551,948.4790,992.4792
82.098,1,0,learned,20.0973,125.8885,2.4935,-0.9944,3.0491,3.2072,0.3382,2.1952,3.0622,-2.6906,1.9513,11.7353,-0.2983,3.0000,0.0000,0.0000,0,15.3109,939.2842,987.2773,963.2808,23.9966,7.3334,-11.1449,957.7625,983.4658
82.147,1,0,learned,20.0235,126.0422,2.5077,-1.0793,3.0303,3.2168,0.3250,2.1939,3.0622,-2.6792,1.9513,11.5672,-0.3139,3.0000,0.0000,0.0000,0,15.3109,951.5246,993.0606,972.2926,20.7680,7.3476,-11.0346,969.9067,989.3736
82.197,1,0,learned,19.9498,126.1860,2.5216,-1.1704,3.0235,3.2421,0.3362,2.1918,3.0622,-2.6642,1.9513,11.4072,-0.3298,3.0000,0.0000,0.0000,0,15.3109,967.8189,994.0467,980.9328,13.1139,7.2919,-11.0893,986.2001,990.2494
82.247,1,0,learned,19.8672,126.3373,2.5349,-1.2540,3.0008,3.2523,0.3113,2.1897,3.0622,-2.6437,1.9513,11.2360,-0.3453,3.0000,0.0000,0.0000,0,15.3109,962.2543,994.3729,978.3136,16.0593,7.3026,-10.8706,980.4275,990.8050
82.297,1,0,learned,19.8672,126.3373,2.5478,-1.2540,3.0008,3.2523,0.2938,2.1897,3.0622,-2.6437,1.9513,11.2360,-0.3581,3.0000,0.0000,0.0000,0,15.3109,974.5776,954.2319,964.4048,-10.1729,7.3028,-10.7624,992.6428,950.7724
82.347,1,0,learned,19.7855,126.4787,2.5632,-1.3437,2.9899,3.2779,0.2712,2.1868,3.0622,-2.6203,1.9513,11.0734,-0.3764,3.0000,0.0000,0.0000,0,15.3109,970.4911,990.0396,980.2653,9.7743,7.2536,-10.6154,988.3601,986.6778
82.397,1,0,learned,19.6947,126.6273,2.5751,-1.4243,2.9634,3.2879,0.2600,2.1840,3.0622,-2.5912,1.9513,10.8997,-0.3911,3.0000,0.0000,0.0000,0,15.3109,958.9181,987.7974,973.3578,14.4397,7.2660,-10.4595,976.6436,984.6040
82.446,1,0,learned,19.6056,126.7659,2.5864,-1.5107,2.9480,3.3126,0.2597,2.1805,3.0622,-2.5599,1.9513,10.7352,-0.4059,3.0000,0.0000,0.0000,0,15.3109,986.5812,991.5543,989.0677,2.4866,7.2022,-10.4170,1000.0000,988.3395
82.497,1,0,learned,19.5074,126.9112,2.6001,-1.5861,2.9171,3.3205,0.2373,2.1771,3.0622,-2.5227,1.9513,10.5599,-0.4230,3.0000,0.0000,0.0000,0,15.3109,971.3619,949.6701,960.5160,-10.8459,7.2115,-10.1343,988.7077,946.7472
82.547,1,0,learned,19.4117,127.0465,2.6079,-1.6674,2.8975,3.3431,0.2333,2.1731,3.0622,-2.4841,1.9513,10.3942,-0.4349,3.0000,0.0000,0.0000,0,15.3109,964.0355,939.5381,951.7868,-12.2487,7.1500,-10.0078,981.1933,936.6803
82.597,1,0,learned,19.4117,127.0465,2.6181,-1.6674,2.8975,3.3431,0.2343,2.1731,3.0622,-2.4841,1.9513,10.3942,-0.4450,3.0000,0.0000,0.0000,0,15.3109,969.6711,917.9954,943.8333,-25.8378,7.1567,-10.0323,986.8600,915.1198
82.646,1,0,learned,19.2057,127.3200,2.6326,-1.8117,2.8397,3.3684,0.2100,2.1646,3.0622,-2.3944,1.9513,10.0518,-0.4680,3.0000,0.0000,0.0000,0,15.3109,979.4715,906.9832,943.2274,-36.2442,7.1213,-9.6386,996.2315,904.4659
82.697,1,0,learned,19.2057,127.3200,2.6373,-1.8117,2.8397,3.3684,0.2060,2.1646,3.0622,-2.3944,1.9513,10.0518,-0.4727,3.0000,0.0000,0.0000,0,15.3109,977.2151,835.3238,906.2694,-70.9456,7.1037,-9.5625,993.8813,832.8650
82.747,1,0,learned,19.0956,127.4577,2.6462,-1.8728,2.8013,3.3697,0.1945,2.1601,3.0622,-2.3433,1.9513,9.8758,-0.4861,3.0000,0.0000,0.0000,0,15.3109,960.1733,865.1122,912.6428,-47.5306,7.1599,-9.3683,976.7015,862.9038
82.796,1,0,learned,18.9897,127.5854,2.6569,-1.9395,2.7733,3.3842,0.1878,2.1553,3.0622,-2.2924,1.9513,9.7103,-0.5016,3.0000,0.0000,0.0000,0,15.3109,960.6986,851.5210,906.1098,-54.5888,7.1313,-9.2013,977.0312,849.4509
82.846,1,0,learned,18.8754,127.7184,2.6668,-1.9911,2.7301,3.3790,0.1603,2.1506,3.0622,-2.2357,1.9513,9.5357,-0.5162,3.0000,0.0000,0.0000,0,15.3109,985.1783,808.2934,896.7359,-88.4425,7.1858,-8.8335,1000.0000,806.6457
82.897,1,0,learned,18.7661,127.8414,2.6742,-2.0482,2.6967,3.3863,0.1320,2.1455,3.0622,-2.1799,1.9513,9.3722,-0.5286,3.0000,0.0000,0.0000,0,15.3109,986.6139,741.1029,863.8584,-122.7555,7.1639,-8.4386,1000.0000,739.8282
82.947,1,0,learned,18.7661,127.8414,2.6794,-2.0482,2.6967,3.3863,0.1530,2.1455,3.0622,-2.1799,1.9513,9.3722,-0.5339,3.0000,0.0000,0.0000,0,15.3109,990.4797,638.3811,814.4304,-176.0493,7.1379,-8.5318,1000.0000,636.9871
82.997,1,0,learned,18.6487,127.9693,2.6876,-2.0903,2.6493,3.3746,0.1465,2.1405,3.0622,-2.1183,1.9513,9.2000,-0.5471,3.0000,0.0000,0.0000,0,15.3109,987.8972,617.0023,802.4497,-185.4475,7.2377,-8.2958,1000.0000,615.9442
83.047,1,0,learned,18.5368,128.0873,2.6934,-2.1383,2.6109,3.3748,0.1188,2.1352,3.0622,-2.0583,1.9513,9.0392,-0.5582,3.0000,0.0000,0.0000,0,15.3109,965.8975,554.4501,760.1738,-205.7237,7.2527,-7.8769,981.0271,553.8259
83.097,1,0,learned,18.4174,128.2092,2.6974,-2.1698,2.5575,3.3539,0.0800,2.1300,3.0622,-1.9927,1.9513,8.8709,-0.5675,3.0000,0.0000,0.0000,0,15.3109,979.9211,533.5909,756.7560,-223.1651,7.3894,-7.3732,994.6838,533.6071
83.147,1,0,learned,18.3046,128.3209,2.7031,-2.2060,2.5114,3.3427,0.0732,2.1247,3.0622,-1.9294,1.9513,8.7149,-0.5784,3.0000,0.0000,0.0000,0,15.3109,974.7958,611.3834,793.0896,-181.7062,7.5175,-7.1818,989.4951,611.7190
83.197,1,0,learned,18.3046,128.3209,2.7059,-2.2060,2.5114,3.3427,0.0318,2.1247,3.0622,-1.9294,1.9513,8.7149,-0.5812,3.0000,0.0000,0.0000,0,15.3109,980.7104,568.2210,774.4657,-206.2447,7.4989,-6.8591,995.0683,568.8608
83.247,1,0,learned,18.1848,128.4358,2.7094,-2.2254,2.4510,3.3106,0.0218,2.1193,3.0622,-1.8608,1.9513,8.5524,-0.5901,3.0000,0.0000,0.0000,0,15.3109,966.1319,618.5821,792.3570,-173.7749,7.7333,-6.5637,980.4289,619.7516
83.297,1,0,learned,18.0718,128.5410,2.7113,-2.2513,2.3992,3.2901,-0.0198,2.1139,3.0622,-1.7950,1.9513,8.4018,-0.5974,3.0000,0.0000,0.0000,0,15.3109,972.2959,631.7542,802.0251,-170.2709,7.8800,-6.0269,986.2028,633.6073
83.347,1,0,learned,17.9516,128.6495,2.7124,-2.2633,2.3366,3.2531,-0.0265,2.1084,3.0622,-1.7237,1.9513,8.2446,-0.6040,3.0000,0.0000,0.0000,0,15.3109,981.2262,542.0581,761.6422,-219.5841,8.0877,-5.6581,994.9721,544.4877
83.396,1,0,learned,17.8380,128.7491,2.7127,-2.2840,2.2845,3.2304,-0.0200,2.1027,3.0622,-1.6552,1.9513,8.0987,-0.6100,3.0000,0.0000,0.0000,0,15.3109,970.4356,469.6920,720.0638,-250.3718,8.2225,-5.4200,984.0782,472.4945
83.447,1,0,learned,17.8380,128.7491,2.7126,-2.2840,2.2845,3.2304,-0.0330,2.1027,3.0622,-1.6552,1.9513,8.0987,-0.6099,3.0000,0.0000,0.0000,0,15.3109,976.1031,517.9569,747.0300,-229.0731,8.2390,-5.3442,989.6864,520.8517
83.497,1,0,learned,17.7173,128.8520,2.7115,-2.2916,2.2233,3.1929,-0.0503,2.0968,3.0622,-1.5813,1.9513,7.9463,-0.6147,3.0000,0.0000,0.0000,0,15.3109,979.1659,428.8584,704.0121,-275.1537,8.4503,-4.8829,992.4991,432.4258
83.547,1,0,learned,17.6036,128.9462,2.7102,-2.3071,2.1712,3.1681,-0.0925,2.0908,3.0622,-1.5107,1.9513,7.8053,-0.6194,3.0000,0.0000,0.0000,0,15.3109,967.9344,422.5726,695.2535,-272.6809,8.6193,-4.2861,980.8398,426.9059
83.597,1,0,learned,17.6036,128.9462,2.7085,-2.3071,2.1712,3.1681,-0.1047,2.0908,3.0622,-1.5107,1.9513,7.8053,-0.6177,3.0000,0.0000,0.0000,0,15.3109,988.4193,432.1448,710.2821,-278.1372,8.6177,-4.1936,1000.0000,436.5690
83.647,1,0,learned,17.4831,129.0431,2.7045,-2.3090,2.1098,3.1277,-0.1340,2.0847,3.0622,-1.4348,1.9513,7.6585,-0.6199,3.0000,0.0000,0.0000,0,15.3109,975.8335,376.8819,676.3577,-299.4758,8.8600,-3.6305,988.3240,382.1114
83.697,1,0,learned,17.3697,129.1318,2.7026,-2.3196,2.0572,3.1004,-0.1378,2.0785,3.0622,-1.3625,1.9513,7.5229,-0.6241,3.0000,0.0000,0.0000,0,15.3109,987.4980,311.6699,649.5839,-337.9140,9.0241,-3.3050,999.8270,317.3890
83.746,1,0,learned,17.3697,129.1318,2.6979,-2.3196,2.0572,3.1004,-0.1728,2.0785,3.0622,-1.3625,1.9513,7.5229,-0.6195,3.0000,0.0000,0.0000,0,15.3109,981.6901,345.3538,663.5219,-318.1681,9.0298,-3.0232,993.7430,351.3604
83.796,1,0,learned,17.1365,129.3064,2.6893,-2.3254,1.9447,3.0314,-0.2105,2.0655,3.0622,-1.2107,1.9513,7.2516,-0.6238,3.0000,0.0000,0.0000,0,15.3109,984.6015,343.0685,663.8350,-320.7665,9.4959,-2.1080,996.2055,350.4564
83.847,1,0,learned,17.1365,129.3064,2.6860,-2.3254,1.9447,3.0314,-0.2110,2.0655,3.0622,-1.2107,1.9513,7.2516,-0.6204,3.0000,0.0000,0.0000,0,15.3109,988.8735,276.5708,632.7221,-356.1514,9.4648,-2.0790,1000.0000,283.9565
83.897,1,0,learned,17.0167,129.3921,2.6765,-2.3209,1.8855,2.9903,-0.2393,2.0587,3.0622,-1.1314,1.9513,7.1162,-0.6178,3.0000,0.0000,0.0000,0,15.3109,978.0992,333.7265,655.9128,-322.1864,9.7599,-1.5169,989.3759,341.9695
83.947,1,0,learned,16.9039,129.4707,2.6703,-2.3266,1.8357,2.9636,-0.2585,2.0520,3.0622,-1.0559,1.9513,6.9911,-0.6183,3.0000,0.0000,0.0000,0,15.3109,981.5931,298.3854,639.9892,-341.6039,9.9345,-1.0550,992.5826,307.2648
83.996,1,0,learned,16.9039,129.4707,2.6610,-2.3266,1.8357,2.9636,-0.2868,2.0520,3.0622,-1.0559,1.9513,6.9911,-0.6090,3.0000,0.0000,0.0000,0,15.3109,980.6135,306.6825,643.6480,-336.9655,9.9257,-0.7975,991.3368,315.8107
84.047,1,0,learned,16.7845,129.5517,2.6483,-2.3208,1.7800,2.9248,-0.3055,2.0448,3.0622,-0.9750,1.9513,6.8610,-0.6034,3.0000,0.0000,0.0000,0,15.3109,981.9763,279.6796,630.8280,-351.1484,10.1733,-0.2869,992.4365,289.5660
84.097,1,0,learned,16.6720,129.6260,2.6456,-2.3253,1.7338,2.9005,-0.3125,2.0378,3.0622,-0.8982,1.9513,6.7406,-0.6078,3.0000,0.0000,0.0000,0,15.3109,976.6799,282.4958,629.5878,-347.0921,10.3585,0.0587,986.9796,292.9130
84.147,1,0,learned,16.6720,129.6260,2.6343,-2.3253,1.7338,2.9005,-0.3352,2.0378,3.0622,-0.8982,1.9513,6.7406,-0.5965,3.0000,0.0000,0.0000,0,15.3109,981.2135,206.7458,593.9797,-387.2339,10.3135,0.2806,991.2465,217.3398
84.196,1,0,learned,16.5529,129.7029,2.6189,-2.3184,1.6827,2.8647,-0.3538,2.0303,3.0622,-0.8161,1.9513,6.6155,-0.5886,3.0000,0.0000,0.0000,0,15.3109,970.7600,161.4883,566.1241,-404.6359,10.5388,0.7866,980.5122,172.8138
84.247,1,0,learned,16.4408,129.7737,2.6125,-2.3217,1.6412,2.8432,-0.3595,2.0231,3.0622,-0.7383,1.9513,6.4997,-0.5894,3.0000,0.0000,0.0000,0,15.3109,975.0677,171.7389,573.4033,-401.6644,10.7085,1.1269,984.6493,183.5744
84.297,1,0,learned,16.3223,129.8469,2.5990,-2.3132,1.5946,2.8096,-0.3930,2.0153,3.0622,-0.6555,1.9513,6.3793,-0.5837,3.0000,0.0000,0.0000,0,15.3109,982.6645,201.6997,592.1821,-390.4824,10.9555,1.7406,991.8794,214.3959
84.347,1,0,learned,16.2111,129.9142,2.5811,-2.3138,1.5558,2.7883,-0.4158,2.0079,3.0622,-0.5772,1.9513,6.2685,-0.5732,3.0000,0.0000,0.0000,0,15.3109,981.3564,189.5798,585.4681,-395.8883,11.1051,2.2520,990.2095,202.9369
84.397,1,0,learned,16.2111,129.9142,2.5735,-2.3138,1.5558,2.7883,-0.4158,2.0079,3.0622,-0.5772,1.9513,6.2685,-0.5657,3.0000,0.0000,0.0000,0,15.3109,983.0790,241.2604,612.1697,-370.9093,11.1172,2.2938,991.9024,254.6714
84.447,1,0,learned,16.0935,129.9837,2.5538,-2.3032,1.5123,2.7553,-0.4482,2.0000,3.0622,-0.4939,1.9513,6.1534,-0.5538,3.0000,0.0000,0.0000,0,15.3109,984.3473,225.3841,604.8657,-379.4816,11.3390,2.9103,992.7761,239.6334
84.497,1,0,learned,15.9829,130.0479,2.5415,-2.3034,1.4774,2.7365,-0.4405,1.9923,3.0622,-0.4151,1.9513,6.0472,-0.5492,3.0000,0.0000,0.0000,0,15.3109,965.3537,197.4176,581.3856,-383.9681,11.4771,3.1456,973.6851,212.0402
84.547,1,0,learned,15.9829,130.0479,2.5244,-2.3034,1.4774,2.7365,-0.4565,1.9923,3.0622,-0.4151,1.9513,6.0472,-0.5321,3.0000,0.0000,0.0000,0,15.3109,946.7826,202.7035,574.7431,-372.0396,11.4615,3.3347,954.9094,217.4997
84.596,1,0,learned,15.8656,130.1148,2.5023,-2.2940,1.4391,2.7080,-0.4612,1.9841,3.0622,-0.3310,1.9513,5.9365,-0.5181,3.0000,0.0000,0.0000,0,15.3109,948.1488,189.7197,568.9343,-379.2146,11.6572,3.7296,956.0765,205.1065
84.647,1,0,learned,15.7550,130.1768,2.4886,-2.2961,1.4095,2.6942,-0.4960,1.9763,3.0622,-0.2513,1.9513,5.8340,-0.5124,3.0000,0.0000,0.0000,0,15.3109,977.0867,178.0653,577.5760,-399.5107,11.7705,4.2908,984.5664,194.1265
84.697,1,0,learned,15.6377,130.2415,2.4700,-2.2881,1.3764,2.6702,-0.4795,1.9679,3.0622,-0.1663,1.9513,5.7274,-0.5021,3.0000,0.0000,0.0000,0,15.3109,978.2543,193.8634,586.0589,-392.1955,11.9563,4.5060,985.7046,210.3258
84.747,1,0,learned,15.5271,130.3016,2.4509,-2.2913,1.3515,2.6602,-0.5165,1.9599,3.0622,-0.0860,1.9513,5.6288,-0.4911,3.0000,0.0000,0.0000,0,15.3109,985.9262,198.5597,592.2429,-393.6833,12.0508,5.0923,992.8847,215.7027
84.797,1,0,learned,15.5271,130.3016,2.4412,-2.2913,1.3515,2.6602,-0.5118,1.9599,3.0622,-0.0860,1.9513,5.6288,-0.4814,3.0000,0.0000,0.0000,0,15.3109,985.1402,227.3967,606.2684,-378.8718,12.0514,5.1074,992.0842,244.5555
84.854,1,0,learned,15.4095,130.3646,2.4115,-2.2852,1.3238,2.6410,-0.5312,1.9513,3.0622,-0.0002,1.9513,5.5259,-0.4602,3.0000,0.0000,0.0000,0,15.3109,980.6666,150.7569,565.7118,-414.9549,12.1634,5.5721,987.2580,168.4924
84.897,1,0,learned,15.2984,130.4238,2.4014,-2.2913,1.3054,2.6371,-0.5335,1.9431,3.0622,0.0810,1.9513,5.4303,-0.4583,3.0000,0.0000,0.0000,0,15.3109,980.1386,165.6726,572.9056,-407.2330,12.2348,5.8410,986.5323,183.7484
84.946,1,0,learned,15.1800,130.4864,2.3757,-2.2883,1.2853,2.6245,-0.5473,1.9344,3.0622,0.1676,1.9513,5.3303,-0.4414,3.0000,0.0000,0.0000,0,15.3109,981.4348,234.1278,607.7813,-373.6535,12.3703,6.3024,987.5027,252.8005
84.997,1,0,learned,15.0682,130.5454,2.3496,-2.2966,1.2738,2.6262,-0.5450,1.9261,3.0622,0.2496,1.9513,5.2373,-0.4235,3.0000,0.0000,0.0000,0,15.3109,980.9148,181.6936,581.3042,-399.6106,12.3631,6.5348,986.7431,200.5915
85.047,1,0,learned,15.0682,130.5454,2.3336,-2.2966,1.2738,2.6262,-0.5477,1.9261,3.0622,0.2496,1.9513,5.2373,-0.4074,3.0000,0.0000,0.0000,0,15.3109,966.0238,222.0480,594.0359,-371.9879,12.3632,6.6339,971.7531,241.0452
85.097,1,0,learned,14.9491,130.6082,2.3067,-2.2952,1.2608,2.6187,-0.5670,1.9173,3.0622,0.3368,1.9513,5.1398,-0.3893,3.0000,0.0000,0.0000,0,15.3109,970.2073,226.7290,598.4681,-371.7391,12.4427,7.0774,975.5725,246.2491
85.147,1,0,learned,14.8365,130.6681,2.2848,-2.3053,1.2580,2.6262,-0.5587,1.9091,3.0622,0.4191,1.9513,5.0488,-0.3757,3.0000,0.0000,0.0000,0,15.3109,979.8849,308.8514,644.3681,-335.5167,12.4579,7.3144,985.0284,328.6236
85.197,1,0,learned,14.7167,130.7324,2.2627,-2.3049,1.2537,2.6238,-0.5680,1.9003,3.0335,0.5064,1.9513,4.9532,-0.3623,3.0000,0.0000,0.0000,0,15.3109,985.5014,276.7841,631.1428,-354.3586,12.2991,7.5369,990.2637,296.6202
85.247,1,0,learned,14.6036,130.7940,2.2404,-2.3154,1.2599,2.6360,-0.5665,1.8922,2.9787,0.5886,1.9513,4.8637,-0.3482,3.0000,0.0000,0.0000,0,15.3109,980.1351,251.6011,615.8681,-364.2670,11.8634,7.5673,984.4311,271.0318
85.297,1,0,learned,14.6036,130.7940,2.2235,-2.3154,1.2599,2.6360,-0.5843,1.8922,2.9787,0.5886,1.9513,4.8637,-0.3314,3.0000,0.0000,0.0000,0,15.3109,985.8520,221.7877,603.8199,-382.0322,11.8350,7.7400,989.9470,241.3627
85.347,1,0,learned,14.4832,130.8611,2.1898,-2.3154,1.2660,2.6389,-0.5765,1.8835,2.9207,0.6755,1.9513,4.7690,-0.3063,3.0000,0.0000,0.0000,0,15.3109,991.7927,175.4111,583.6019,-408.1908,11.4129,7.7585,995.4472,194.5825
85.397,1,0,learned,14.3695,130.9259,2.1730,-2.3261,1.2828,2.6564,-0.5817,1.8756,2.8663,0.7570,1.9513,4.6802,-0.2974,3.0000,0.0000,0.0000,0,15.3109,972.5181,285.4111,628.9646,-343.5535,10.9962,7.8985,975.6158,304.3058
85.447,1,0,learned,14.2488,130.9963,2.1446,-2.3251,1.2967,2.6622,-0.5767,1.8671,2.8090,0.8429,1.9513,4.5866,-0.2775,3.0000,0.0000,0.0000,0,15.3109,979.5984,230.3073,604.9528,-374.6456,10.5524,7.8888,982.2621,248.7485
85.497,1,0,learned,14.1351,131.0639,2.1275,-2.3336,1.3191,2.6806,-0.5853,1.8594,2.7555,0.9234,1.9513,4.4992,-0.2681,3.0000,0.0000,0.0000,0,15.3109,987.9040,260.8236,624.3638,-363.5402,10.0917,7.9870,990.0087,278.9023
85.547,1,0,learned,14.1351,131.0639,2.1046,-2.3336,1.3191,2.6806,-0.5780,1.8594,2.7555,0.9234,1.9513,4.4992,-0.2452,3.0000,0.0000,0.0000,0,15.3109,979.9947,290.1017,635.0482,-344.9465,10.0766,8.0455,982.0259,308.2238
85.597,1,0,learned,14.0148,131.1374,2.0757,-2.3299,1.3382,2.6868,-0.5805,1.8511,2.6992,1.0078,1.9513,4.4072,-0.2245,3.0000,0.0000,0.0000,0,15.3109,990.2033,311.9685,651.0859,-339.1174,9.6558,8.1609,991.6982,329.7851
85.647,1,0,learned,13.9016,131.2085,2.0584,-2.3353,1.3667,2.7058,-0.5705,1.8437,2.6465,1.0865,1.9513,4.3213,-0.2147,3.0000,0.0000,0.0000,0,15.3109,980.3947,304.1241,642.2594,-338.1353,9.1702,8.0589,981.5059,321.3531
85.697,1,0,learned,13.7820,131.2861,2.0293,-2.3282,1.3920,2.7126,-0.5717,1.8357,2.5910,1.1687,1.9513,4.2306,-0.1936,3.0000,0.0000,0.0000,0,15.3109,976.0508,253.3089,614.6799,-361.3710,8.7161,8.0709,976.6960,270.0959
85.747,1,0,learned,13.6698,131.3616,2.0120,-2.3302,1.4280,2.7329,-0.5933,1.8286,2.5389,1.2449,1.9513,4.1455,-0.1834,3.0000,0.0000,0.0000,0,15.3109,991.9629,301.8796,646.9213,-345.0416,8.2360,8.2742,991.9246,318.3899
85.797,1,0,learned,13.6698,131.3616,1.9888,-2.3302,1.4280,2.7329,-0.5948,1.8286,2.5389,1.2449,1.9513,4.1455,-0.1602,3.0000,0.0000,0.0000,0,15.3109,980.5457,360.6505,670.5981,-309.9476,8.2312,8.4465,980.3303,377.3282
85.848,1,0,learned,13.4408,131.5240,1.9540,-2.3167,1.5008,2.7603,-0.6033,1.8143,2.4327,1.3972,1.9513,3.9722,-0.1396,3.0000,0.0000,0.0000,0,15.3109,986.9426,359.9760,673.4593,-313.4833,7.2967,8.4880,985.7513,375.7608
85.897,1,0,learned,13.4408,131.5240,1.9365,-2.3167,1.5008,2.7603,-0.5870,1.8143,2.4327,1.3972,1.9513,3.9722,-0.1222,3.0000,0.0000,0.0000,0,15.3109,988.0981,316.1608,652.1294,-335.9687,7.2614,8.3813,986.9782,331.8035
85.947,1,0,learned,13.3243,131.6116,1.9076,-2.3011,1.5373,2.7674,-0.5760,1.8072,2.3786,1.4728,1.9513,3.8839,-0.1005,3.0000,0.0000,0.0000,0,15.3109,979.5133,233.3910,606.4521,-373.0611,6.7879,8.2350,978.0662,248.4139
85.997,1,0,learned,13.2157,131.6968,1.8846,-2.2935,1.5850,2.7879,-0.5847,1.8009,2.3280,1.5420,1.9513,3.8012,-0.0836,3.0000,0.0000,0.0000,0,15.3109,984.5154,266.7665,625.6410,-358.8744,6.2850,8.3297,982.4706,281.3812
86.046,1,0,learned,13.1018,131.7900,1.8616,-2.2729,1.6266,2.7950,-0.5843,1.7943,2.2746,1.6131,1.9513,3.7141,-0.0673,3.0000,0.0000,0.0000,0,15.3109,993.9728,346.0600,670.0164,-323.9564,5.8646,8.4471,991.3903,360.3717
86.097,1,0,learned,12.9958,131.8801,1.8386,-2.2599,1.6766,2.8139,-0.5805,1.7885,2.2251,1.6781,1.9513,3.6332,-0.0501,3.0000,0.0000,0.0000,0,15.3109,981.8910,369.8828,675.8869,-306.0041,5.3698,8.4286,978.8322,383.6813
86.147,1,0,learned,12.9958,131.8801,1.8155,-2.2599,1.6766,2.8139,-0.5780,1.7885,2.2251,1.6781,1.9513,3.6332,-0.0270,3.0000,0.0000,0.0000,0,15.3109,984.2832,270.3333,627.3082,-356.9749,5.3168,8.3912,981.2088,284.0414
86.197,1,0,learned,12.8851,131.9784,1.7924,-2.2339,1.7192,2.8189,-0.5813,1.7823,2.1732,1.7444,1.9513,3.5485,-0.0101,3.0000,0.0000,0.0000,0,15.3109,980.4159,319.9120,650.1639,-330.2520,4.9068,8.5109,976.8118,333.3297
86.247,1,0,learned,12.7824,132.0738,1.7694,-2.2151,1.7730,2.8373,-0.5930,1.7771,2.1248,1.8044,1.9513,3.4695,0.0077,3.0000,0.0000,0.0000,0,15.3109,972.8503,372.4243,672.6373,-300.2130,4.4259,8.6693,968.6070,385.5195
86.297,1,0,learned,12.6754,132.1779,1.7464,-2.1836,1.8188,2.8418,-0.5950,1.7715,2.0742,1.8650,1.9513,3.3868,0.0251,3.0000,0.0000,0.0000,0,15.3109,922.2205,354.7962,638.5084,-283.7122,4.0075,8.6799,917.5481,367.4836
86.346,1,0,learned,12.5765,132.2785,1.7234,-2.1587,1.8742,2.8588,-0.5820,1.7668,2.0273,1.9195,1.9513,3.3102,0.0434,3.0000,0.0000,0.0000,0,15.3109,977.3394,365.1948,671.2671,-306.0723,3.5241,8.6039,972.2596,377.3227
86.397,1,0,learned,12.5765,132.2785,1.7004,-2.1587,1.8742,2.8588,-0.5915,1.7668,2.0273,1.9195,1.9513,3.3102,0.0664,3.0000,0.0000,0.0000,0,15.3109,990.7202,386.0954,688.4078,-302.3124,3.5069,8.8415,985.3857,398.4438
86.450,1,0,learned,12.4741,132.3880,1.6775,-2.1210,1.9204,2.8612,-0.5585,1.7618,1.9784,1.9739,1.9513,3.2304,0.0842,3.0000,0.0000,0.0000,0,15.3109,984.7107,305.6821,645.1964,-339.5143,3.0921,8.4926,979.3101,317.2668
86.497,1,0,learned,12.3799,132.4937,1.6604,-2.0893,1.9766,2.8761,-0.5740,1.7577,1.9333,2.0221,1.9513,3.1568,0.0973,3.0000,0.0000,0.0000,0,15.3109,983.9191,316.9109,650.4150,-333.5041,2.6466,8.6263,977.9394,328.1838
86.547,1,0,learned,12.2826,132.6086,1.6320,-2.0455,2.0235,2.8772,-0.5693,1.7532,1.8865,2.0698,1.9513,3.0803,0.1212,3.0000,0.0000,0.0000,0,15.3109,990.2958,229.7819,610.0388,-380.2569,2.2494,8.5564,983.9888,240.5878
86.597,1,0,learned,12.1934,132.7192,1.6094,-2.0081,2.0797,2.8910,-0.5680,1.7497,1.8435,2.1115,1.9513,3.0102,0.1404,3.0000,0.0000,0.0000,0,15.3109,975.4306,286.0568,630.7437,-344.6869,1.8305,8.6503,968.6108,296.5376
86.647,1,0,learned,12.1934,132.7192,1.5867,-2.0081,2.0797,2.8910,-0.5800,1.7497,1.8435,2.1115,1.9513,3.0102,0.1631,3.0000,0.0000,0.0000,0,15.3109,951.1964,325.7726,638.4845,-312.7119,1.8220,8.9370,944.0814,336.5316
86.697,1,0,learned,12.1015,132.8387,1.5639,-1.9599,2.1233,2.8896,-0.5920,1.7459,1.7996,2.1525,1.9513,2.9384,0.1820,3.0000,0.0000,0.0000,0,15.3109,968.9569,352.3558,660.6563,-308.3005,1.4894,9.1763,961.2699,363.0215
86.747,1,0,learned,12.0175,132.9531,1.5466,-1.9182,2.1752,2.9001,-0.5670,1.7429,1.7600,2.1881,1.9513,2.8737,0.1963,3.0000,0.0000,0.0000,0,15.3109,887.5672,448.2045,667.8859,-219.6814,1.1255,9.0981,879.5947,458.4281
86.797,2,0,learned,11.9314,133.0765,1.5180,-1.8657,2.2149,2.8960,-0.5765,0.9828,1.5000,-0.1802,0.9739,20.2275,-0.5352,3.0000,0.0000,3.0000,0,17.4247,794.2779,433.0441,613.6610,-180.6169,-0.8333,-1.5267,794.9713,430.6841
86.847,2,0,learned,11.8533,133.1950,1.4950,-1.8180,2.2654,2.9047,-0.5693,0.9763,1.5000,-0.0490,0.9739,20.1727,-0.5187,3.0000,0.0000,3.0000,0,17.4247,767.0283,543.0054,655.0169,-112.0114,-0.7973,-1.3865,767.6175,540.8216
86.897,2,0,learned,11.8533,133.1950,1.4778,-1.8180,2.2654,2.9047,-0.5527,0.9763,1.5000,-0.0490,0.9739,20.1727,-0.5015,3.0000,0.0000,3.0000,0,17.4247,849.1297,542.8275,695.9786,-153.1511,-0.8342,-1.4215,849.7170,540.5717
86.947,2,0,learned,11.7741,133.3226,1.4609,-1.7588,2.3032,2.8980,-0.5438,0.9695,1.5000,0.0882,0.9739,20.1118,-0.4914,3.0000,0.0000,3.0000,0,17.4247,770.3499,432.8275,601.5887,-168.7612,-0.7263,-1.2808,770.9044,430.8204
86.997,2,0,learned,11.7032,133.4445,1.4332,-1.7026,2.3505,2.9024,-0.5215,0.9632,1.5000,0.2154,0.9739,20.0518,-0.4700,3.0000,0.0000,3.0000,0,17.4247,660.3499,322.8275,491.5887,-168.7612,-0.6635,-1.1591,660.8456,321.0049
87.047,2,0,learned,11.6321,133.5758,1.4117,-1.6356,2.3855,2.8924,-0.5030,0.9565,1.5000,0.3480,0.9739,19.9850,-0.4552,3.0000,0.0000,3.0000,0,17.4247,550.3499,340.9387,445.6443,-104.7056,-0.5362,-1.0478,550.8615,339.3546
87.097,2,0,learned,11.5685,133.7004,1.3856,-1.5732,2.4276,2.8928,-0.5005,0.9503,1.5000,0.4706,0.9739,19.9202,-0.4353,3.0000,0.0000,3.0000,0,17.4247,440.3499,230.9387,335.6443,-104.7056,-0.4664,-0.8590,440.7425,229.6133
87.147,2,0,learned,11.5685,133.7004,1.3701,-1.5732,2.4276,2.8928,-0.4905,0.9503,1.5000,0.4706,0.9739,19.9202,-0.4198,3.0000,0.0000,3.0000,0,17.4247,330.3499,170.0816,250.2157,-80.1342,-0.4707,-0.8203,330.6995,168.7906
87.197,2,0,learned,11.5048,133.8322,1.3452,-1.5036,2.4488,2.8736,-0.4713,0.9438,1.5000,0.5973,0.9739,19.8505,-0.4014,3.0000,0.0000,3.0000,0,17.4247,427.5842,231.2195,329.4018,-98.1824,-0.3598,-0.7639,427.9883,230.0958
87.246,2,0,learned,11.4479,133.9548,1.3306,-1.4399,2.4699,2.8589,-0.4562,0.9379,1.5000,0.7133,0.9739,19.7849,-0.3927,3.0000,0.0000,3.0000,0,17.4247,537.5842,281.9332,409.7587,-127.8255,-0.2598,-0.7280,538.0524,280.9455
87.297,2,0,learned,11.3908,134.0819,1.3116,-1.3716,2.4648,2.8208,-0.4497,0.9317,1.5000,0.8320,0.9739,19.7166,-0.3799,3.0000,0.0000,3.0000,0,17.4247,647.5842,278.3523,462.9683,-184.6160,-0.1037,-0.6427,648.1232,277.6059
87.347,2,0,learned,11.3399,134.1995,1.2888,-1.3094,2.4618,2.7884,-0.4343,0.9261,1.5000,0.9402,0.9739,19.6529,-0.3627,3.0000,0.0000,3.0000,0,17.4247,718.4972,227.8356,473.1664,-245.3308,0.0290,-0.5762,719.1024,227.2884
87.397,2,0,learned,11.3399,134.1995,1.2754,-1.3094,2.4618,2.7884,-0.4258,0.9261,1.5000,0.9402,0.9739,19.6529,-0.3493,3.0000,0.0000,3.0000,0,17.4247,693.6502,174.7053,434.1777,-259.4724,0.0136,-0.5632,694.2270,174.1557
87.446,2,0,learned,11.2892,134.3228,1.2579,-1.2427,2.4437,2.7416,-0.4215,0.9202,1.5000,1.0515,0.9739,19.5852,-0.3377,3.0000,0.0000,3.0000,0,17.4247,583.6502,87.6369,335.6435,-248.0066,0.2237,-0.4225,584.2964,87.4381
87.497,2,0,learned,11.2441,134.4383,1.2405,-1.1818,2.4360,2.7076,-0.4385,0.9148,1.5000,1.1536,0.9739,19.5209,-0.3257,3.0000,0.0000,3.0000,0,17.4247,604.5698,118.7808,361.6753,-242.8945,0.3615,-0.2395,605.1707,118.9028
87.547,2,0,learned,11.2441,134.4383,1.2275,-1.1818,2.4360,2.7076,-0.4572,0.9148,1.5000,1.1536,0.9739,19.5209,-0.3127,3.0000,0.0000,3.0000,0,17.4247,629.9193,151.2255,390.5724,-239.3469,0.3292,-0.1359,630.3844,151.4189
87.596,2,0,learned,11.1990,134.5596,1.2100,-1.1188,2.4155,2.6620,-0.4433,0.9091,1.5000,1.2591,0.9739,19.4525,-0.3009,3.0000,0.0000,3.0000,0,17.4247,660.5461,97.9603,379.2532,-281.2929,0.5098,-0.0725,661.1283,98.3976
87.646,2,0,learned,11.1587,134.6722,1.2013,-1.0632,2.4016,2.6264,-0.4515,0.9039,1.5000,1.3558,0.9739,19.3887,-0.2973,3.0000,0.0000,3.0000,0,17.4247,664.4787,136.3868,400.4328,-264.0459,0.6643,0.0543,665.0887,137.1055
87.696,2,0,learned,11.1587,134.6722,1.1836,-1.0632,2.4016,2.6264,-0.4460,0.9039,1.5000,1.3558,0.9739,19.3887,-0.2797,3.0000,0.0000,3.0000,0,17.4247,661.5005,121.1198,391.3102,-270.1904,0.6388,0.0835,662.0558,121.8422
87.747,2,0,learned,11.1183,134.7901,1.1612,-1.0060,2.3748,2.5791,-0.4535,0.8985,1.5000,1.4555,0.9739,19.3213,-0.2627,3.0000,0.0000,3.0000,0,17.4247,667.3081,120.0705,393.6893,-273.6188,0.8040,0.2474,667.8647,121.1219
87.797,2,0,learned,11.0824,134.9003,1.1522,-0.9544,2.3590,2.5447,-0.4565,0.8935,1.5000,1.5471,0.9739,19.2577,-0.2587,3.0000,0.0000,3.0000,0,17.4247,642.1815,161.9852,402.0833,-240.0981,0.9556,0.3597,642.7774,163.3004
87.847,2,0,learned,11.0469,135.0166,1.1295,-0.9001,2.3343,2.5019,-0.4805,0.8882,1.5000,1.6418,0.9739,19.1896,-0.2412,3.0000,0.0000,3.0000,0,17.4247,668.8560,196.5586,432.7073,-236.1487,1.0930,0.5818,669.3671,198.2334
87.897,2,0,learned,11.0159,135.1258,1.1110,-0.8492,2.3227,2.4731,-0.4755,0.8834,1.5000,1.7289,0.9739,19.1246,-0.2276,3.0000,0.0000,3.0000,0,17.4247,701.9108,180.3665,441.1386,-260.7722,1.2024,0.6743,702.4390,182.2432
87.946,2,0,learned,11.0159,135.1258,1.1017,-0.8492,2.3227,2.4731,-0.4610,0.8834,1.5000,1.7289,0.9739,19.1246,-0.2183,3.0000,0.0000,3.0000,0,17.4247,694.5861,215.5888,455.0875,-239.4986,1.1971,0.6447,695.1385,217.4307
87.996,2,0,learned,10.9860,135.2419,1.0783,-0.7942,2.3045,2.4375,-0.4780,0.8783,1.5000,1.8188,0.9739,19.0541,-0.2000,3.0000,0.0000,3.0000,0,17.4247,641.5075,177.0474,409.2774,-232.2300,1.3258,0.8577,641.9755,179.2309
88.047,2,0,learned,10.9609,135.3518,1.0643,-0.7400,2.3016,2.4176,-0.4675,0.8736,1.5000,1.9013,0.9739,18.9858,-0.1907,3.0000,0.0000,3.0000,0,17.4247,654.7627,201.8981,428.3304,-226.4323,1.4252,0.9189,655.2689,204.2422
88.097,2,0,learned,10.9609,135.3518,1.0500,-0.7400,2.3016,2.4176,-0.4923,0.8736,1.5000,1.9013,0.9739,18.9858,-0.1764,3.0000,0.0000,3.0000,0,17.4247,742.1363,230.3362,486.2362,-255.9000,1.3785,1.0342,742.4806,232.7489
88.151,2,0,learned,10.9376,135.4690,1.0265,-0.6816,2.2919,2.3911,-0.4888,0.8687,1.5000,1.9865,0.9739,18.9111,-0.1578,3.0000,0.0000,3.0000,0,17.4247,742.4353,206.9481,474.6917,-267.7436,1.4831,1.1526,742.7658,209.5837
88.197,2,0,learned,10.9188,135.5798,1.0170,-0.6235,2.2955,2.3787,-0.4778,0.8641,1.5000,2.0643,0.9739,18.8388,-0.1529,3.0000,0.0000,3.0000,0,17.4247,692.0340,206.8929,449.4634,-242.5705,1.5795,1.2121,692.4013,209.6845
88.246,2,0,learned,10.9188,135.5798,0.9981,-0.6235,2.2955,2.3787,-0.4868,0.8641,1.5000,2.0643,0.9739,18.8388,-0.1339,3.0000,0.0000,3.0000,0,17.4247,714.7997,217.9020,466.3509,-248.4488,1.5437,1.2930,715.0504,220.7388
88.297,2,0,learned,10.9027,135.6984,0.9790,-0.5610,2.2925,2.3602,-0.4532,0.8594,1.5000,2.1443,0.9739,18.7594,-0.1197,3.0000,0.0000,3.0000,0,17.4247,691.4140,217.9494,454.6817,-236.7323,1.6518,1.2855,691.7803,220.8867
88.347,2,0,learned,10.8908,135.8110,0.9695,-0.4981,2.3031,2.3564,-0.4830,0.8549,1.5000,2.2174,0.9739,18.6820,-0.1146,3.0000,0.0000,3.0000,0,17.4247,721.2008,238.5765,479.8886,-241.3121,1.6939,1.4861,721.4085,241.7565
88.397,2,0,learned,10.8820,135.9311,0.9456,-0.4324,2.3044,2.3446,-0.4873,0.8503,1.5000,2.2922,0.9739,18.5974,-0.0952,3.0000,0.0000,3.0000,0,17.4247,703.2072,256.8679,480.0376,-223.1697,1.7584,1.6376,703.3280,260.2639
88.446,2,0,learned,10.8770,136.0447,0.9218,-0.3666,2.3170,2.3458,-0.4783,0.8461,1.5000,2.3602,0.9739,18.5154,-0.0757,3.0000,0.0000,3.0000,0,17.4247,671.9785,257.3411,464.6598,-207.3187,1.7925,1.7367,672.0343,260.8703
88.496,2,0,learned,10.8770,136.0447,0.9122,-0.3666,2.3170,2.3458,-0.4778,0.8461,1.5000,2.3602,0.9739,18.5154,-0.0661,3.0000,0.0000,3.0000,0,17.4247,630.0888,226.9869,428.5378,-201.5509,1.7854,1.7676,630.1066,230.5399
88.547,2,0,learned,10.8756,136.1657,0.8931,-0.2990,2.3188,2.3380,-0.4925,0.8417,1.5000,2.4294,0.9739,18.4260,-0.0514,3.0000,0.0000,3.0000,0,17.4247,645.5175,223.7218,434.6196,-210.8978,1.8341,1.9376,645.4140,227.4936
88.597,2,0,learned,10.8775,136.2798,0.8741,-0.2313,2.3304,2.3419,-0.4803,0.8376,1.5000,2.4919,0.9739,18.3398,-0.0364,3.0000,0.0000,3.0000,0,17.4247,660.9807,249.4668,455.2238,-205.7569,1.8604,2.0013,660.8398,253.3285
88.647,2,0,learned,10.8775,136.2798,0.8551,-0.2313,2.3304,2.3419,-0.4778,0.8376,1.5000,2.4919,0.9739,18.3398,-0.0175,3.0000,0.0000,3.0000,0,17.4247,657.4235,253.7232,455.5733,-201.8502,1.8354,2.0417,657.2172,257.6002
88.697,2,0,learned,10.8828,136.4005,0.8363,-0.1645,2.3286,2.3344,-0.4700,0.8334,1.5000,2.5554,0.9739,18.2467,-0.0029,3.0000,0.0000,3.0000,0,17.4247,667.0853,258.4250,462.7551,-204.3302,1.8919,2.1235,666.8537,262.4404
88.747,2,0,learned,10.8908,136.5139,0.8221,-0.0983,2.3353,2.3373,-0.4723,0.8295,1.5000,2.6125,0.9739,18.1575,0.0074,3.0000,0.0000,3.0000,0,17.4247,676.9462,288.2815,482.6138,-194.3324,1.9190,2.2318,676.6333,292.4323
88.797,2,0,learned,10.9025,136.6337,0.8035,-0.0336,2.3290,2.3292,-0.4677,0.8255,1.5000,2.6701,0.9739,18.0614,0.0220,3.0000,0.0000,3.0000,0,17.4247,685.3724,323.5010,504.4367,-180.9357,1.9732,2.3273,685.0182,327.8016
88.847,2,0,learned,10.9165,136.7462,0.7804,0.0315,2.3319,2.3321,-0.4637,0.8219,1.5000,2.7218,0.9739,17.9694,0.0415,3.0000,0.0000,3.0000,0,17.4247,703.5209,293.9611,498.7410,-204.7799,1.9854,2.4269,703.0794,298.3735
88.897,2,0,learned,10.9165,136.7462,0.7712,0.0315,2.3319,2.3321,-0.4540,0.8219,1.5000,2.7218,0.9739,17.9694,0.0507,3.0000,0.0000,3.0000,0,17.4247,704.8632,284.4243,494.6437,-210.2194,1.9769,2.4110,704.4291,288.8122
88.947,2,0,learned,10.9349,136.8652,0.7438,0.0959,2.3232,2.3252,-0.4665,0.8181,1.5000,2.7735,0.9739,17.8698,0.0743,3.0000,0.0000,3.0000,0,17.4247,672.3386,308.2048,490.2717,-182.0669,2.0133,2.6012,671.7507,312.8193
88.997,2,0,learned,10.9554,136.9770,0.7347,0.1621,2.3247,2.3303,-0.4597,0.8146,1.5000,2.8194,0.9739,17.7743,0.0799,3.0000,0.0000,3.0000,0,17.4247,670.3791,336.5506,503.4649,-166.9143,2.0420,2.6624,669.7587,341.2550
89.047,2,0,learned,10.9554,136.9770,0.7167,0.1621,2.3247,2.3303,-0.4535,0.8146,1.5000,2.8194,0.9739,17.7743,0.0980,3.0000,0.0000,3.0000,0,17.4247,713.2970,336.7063,525.0017,-188.2953,2.0129,2.6749,712.6349,341.3942
89.096,2,0,learned,10.9806,137.0953,0.6987,0.2266,2.3146,2.3257,-0.4230,0.8111,1.5000,2.8650,0.9739,17.6710,0.1124,3.0000,0.0000,3.0000,0,17.4247,645.2358,373.9104,509.5731,-135.6627,2.0795,2.6791,644.6362,378.6690
89.147,2,0,learned,11.0075,137.2063,0.6853,0.2936,2.3143,2.3328,-0.4250,0.8078,1.5000,2.9051,0.9739,17.5721,0.1225,3.0000,0.0000,3.0000,0,17.4247,666.4050,362.9033,514.6541,-151.7509,2.0864,2.7765,665.7149,367.7661
89.197,2,0,learned,11.0399,137.3236,0.6633,0.3592,2.3026,2.3305,-0.4265,0.8045,1.5000,2.9443,0.9739,17.4651,0.1412,3.0000,0.0000,3.0000,0,17.4247,640.1792,378.8004,509.4898,-130.6894,2.1173,2.9055,639.3909,383.8232
89.246,2,0,learned,11.0738,137.4337,0.6458,0.4286,2.3006,2.3402,-0.4205,0.8015,1.5000,2.9781,0.9739,17.3623,0.1557,3.0000,0.0000,3.0000,0,17.4247,656.1747,367.0977,511.6362,-144.5385,2.1144,2.9812,655.3080,372.1933
89.297,2,0,learned,11.0738,137.4337,0.6329,0.4286,2.3006,2.3402,-0.4218,0.8015,1.5000,2.9781,0.9739,17.3623,0.1687,3.0000,0.0000,3.0000,0,17.4247,669.5625,377.9166,523.7395,-145.8230,2.0947,3.0173,668.6399,383.0286
89.347,2,0,learned,11.1135,137.5498,0.6117,0.4958,2.2870,2.3401,-0.4338,0.7985,1.5000,3.0105,0.9739,17.2514,0.1868,3.0000,0.0000,3.0000,0,17.4247,619.7854,383.1801,501.4827,-118.3027,2.1184,3.1876,618.7163,388.4861
89.397,2,0,learned,11.1544,137.6585,0.5991,0.5668,2.2826,2.3520,-0.4078,0.7958,1.5000,3.0378,0.9739,17.1450,0.1966,3.0000,0.0000,3.0000,0,17.4247,617.8730,392.5738,505.2234,-112.6496,2.1260,3.1765,616.8225,397.8762
89.447,2,0,learned,11.2014,137.7731,0.5786,0.6343,2.2668,2.3538,-0.4032,0.7931,1.5000,3.0634,0.9739,17.0304,0.2144,3.0000,0.0000,3.0000,0,17.4247,594.0990,418.4493,506.2741,-87.8249,2.1448,3.2762,592.9676,423.8703
89.497,2,0,learned,11.2488,137.8801,0.5624,0.7051,2.2595,2.3670,-0.3980,0.7906,1.5000,3.0843,0.9739,16.9208,0.2282,3.0000,0.0000,3.0000,0,17.4247,639.1556,427.9918,533.5737,-105.5819,2.1228,3.3475,637.9309,433.4621
89.549,2,0,learned,11.2488,137.8801,0.5504,0.7051,2.2595,2.3670,-0.3900,0.7906,1.5000,3.0843,0.9739,16.9208,0.2402,3.0000,0.0000,3.0000,0,17.4247,670.3749,409.0526,539.7137,-130.6612,2.1064,3.3368,669.1444,414.4958
89.596,2,0,learned,11.3025,137.9925,0.5309,0.7706,2.2399,2.3688,-0.3758,0.7882,1.5000,3.1031,0.9739,16.8032,0.2572,3.0000,0.0000,3.0000,0,17.4247,670.3894,384.3245,527.3569,-143.0324,2.1249,3.3809,669.1333,389.8303
89.647,2,0,learned,11.3561,138.0974,0.5194,0.8398,2.2289,2.3819,-0.3720,0.7860,1.5000,3.1177,0.9739,16.6911,0.2666,3.0000,0.0000,3.0000,0,17.4247,652.1263,413.0154,532.5709,-119.5554,2.1157,3.4593,650.7828,418.5904
89.696,2,0,learned,11.4162,138.2075,0.5007,0.9029,2.2067,2.3843,-0.3505,0.7839,1.5000,3.1299,0.9739,16.5708,0.2832,3.0000,0.0000,3.0000,0,17.4247,617.1674,418.0584,517.6129,-99.5545,2.1395,3.4805,615.8264,423.6784
89.747,2,0,learned,11.4755,138.3102,0.4859,0.9694,2.1933,2.3980,-0.3538,0.7820,1.5000,3.1386,0.9739,16.4563,0.2961,3.0000,0.0000,3.0000,0,17.4247,566.9095,442.7162,504.8129,-62.0967,2.1239,3.5995,565.4339,448.4396
89.796,2,0,learned,11.4755,138.3102,0.4748,0.9694,2.1933,2.3980,-0.3533,0.7820,1.5000,3.1386,0.9739,16.4563,0.3072,3.0000,0.0000,3.0000,0,17.4247,612.3964,430.4157,521.4061,-90.9904,2.1031,3.6150,610.8845,436.1338
89.846,2,0,learned,11.5411,138.4178,0.4568,1.0279,2.1682,2.3995,-0.3435,0.7802,1.5000,3.1447,0.9739,16.3340,0.3233,3.0000,0.0000,3.0000,0,17.4247,559.7755,421.0217,490.3986,-69.3769,2.1253,3.6799,558.2209,426.8269
89.897,2,0,learned,11.6053,138.5175,0.4497,1.0896,2.1503,2.4106,-0.3290,0.7786,1.5000,3.1478,0.9739,16.2182,0.3289,3.0000,0.0000,3.0000,0,17.4247,577.9000,415.6985,496.7993,-81.1008,2.1188,3.6868,576.3321,421.5041
89.947,2,0,learned,11.6757,138.6216,0.4323,1.1426,2.1205,2.4087,-0.3235,0.7771,1.5000,3.1480,0.9739,16.0950,0.3448,3.0000,0.0000,3.0000,0,17.4247,579.8060,432.4226,506.1143,-73.6917,2.1352,3.7581,578.1832,438.3159
89.997,2,0,learned,11.7440,138.7179,0.4153,1.1988,2.0978,2.4162,-0.3332,0.7758,1.5000,3.1456,0.9739,15.9788,0.3604,3.0000,0.0000,3.0000,0,17.4247,563.7375,473.9237,518.8306,-44.9069,2.1173,3.9000,561.9549,479.9410
90.047,2,0,learned,11.7440,138.7179,0.4053,1.1988,2.0978,2.4162,-0.3207,0.7758,1.5000,3.1456,0.9739,15.9788,0.3704,3.0000,0.0000,3.0000,0,17.4247,563.5192,496.2710,529.8951,-33.6241,2.1112,3.8776,561.7528,502.2598
90.096,2,0,learned,11.8187,138.8183,0.3891,1.2461,2.0641,2.4111,-0.3018,0.7745,1.5000,3.1403,0.9739,15.8552,0.3854,3.0000,0.0000,3.0000,0,17.4247,566.7554,480.8000,523.7777,-42.9777,2.1435,3.8789,565.0200,486.8224
90.146,2,0,learned,11.8910,138.9111,0.3827,1.2985,2.0381,2.4166,-0.3020,0.7735,1.5000,3.1326,0.9739,15.7386,0.3908,3.0000,0.0000,3.0000,0,17.4247,573.0478,487.3165,530.1822,-42.8656,2.1419,3.9411,571.2487,493.3995
90.197,2,0,learned,11.9702,139.0077,0.3641,1.3431,2.0020,2.4108,-0.2853,0.7726,1.5000,3.1214,0.9739,15.6145,0.4085,3.0000,0.0000,3.0000,0,17.4247,573.0478,487.3165,530.1822,-42.8656,2.1703,3.9569,571.2613,493.4437
90.247,2,0,learned,11.9702,139.0077,0.3611,1.3431,2.0020,2.4108,-0.2953,0.7726,1.5000,3.1214,0.9739,15.6145,0.4116,3.0000,0.0000,3.0000,0,17.4247,516.2172,493.6878,504.9525,-11.2647,2.1725,4.0176,514.3721,499.8779
90.300,2,0,learned,12.0468,139.0970,0.3463,1.3939,1.9737,2.4163,-0.2782,0.7720,1.5000,3.1082,0.9739,15.4973,0.4257,3.0000,0.0000,3.0000,0,17.4247,509.1441,491.0193,500.0817,-9.0624,2.1710,4.0264,507.2886,497.2167
90.347,2,0,learned,12.1304,139.1899,0.3348,1.4364,1.9361,2.4107,-0.2810,0.7714,1.5000,3.0913,0.9739,15.3726,0.4366,3.0000,0.0000,3.0000,0,17.4247,505.5684,472.2008,488.8846,-16.6838,2.1965,4.0996,503.6653,478.4969
90.397,2,0,learned,12.2109,139.2756,0.3237,1.4847,1.9060,2.4160,-0.2702,0.7711,1.5000,3.0729,0.9739,15.2551,0.4474,3.0000,0.0000,3.0000,0,17.4247,514.1839,497.2563,505.7201,-8.4638,2.1892,4.1252,512.2478,503.5707
90.446,2,0,learned,12.2109,139.2756,0.3129,1.4847,1.9060,2.4160,-0.2455,0.7711,1.5000,3.0729,0.9739,15.2551,0.4582,3.0000,0.0000,3.0000,0,17.4247,524.8645,495.6588,510.2617,-14.6029,2.1885,4.0452,523.0078,501.8925
90.497,2,0,learned,12.2982,139.3645,0.2999,1.5234,1.8667,2.4094,-0.2335,0.7709,1.5000,3.0507,0.9739,15.1306,0.4710,3.0000,0.0000,3.0000,0,17.4247,543.1429,524.7180,533.9304,-9.2124,2.2144,4.0608,541.2964,530.9932
90.547,2,0,learned,12.3820,139.4464,0.2924,1.5679,1.8348,2.4134,-0.2335,0.7709,1.5000,3.0274,0.9739,15.0134,0.4784,3.0000,0.0000,3.0000,0,17.4247,530.5977,514.6142,522.6059,-7.9917,2.2135,4.1149,528.6963,520.9426
90.597,2,0,learned,12.4726,139.5314,0.2828,1.6031,1.7946,2.4063,-0.2238,0.7710,1.5000,3.0002,0.9739,14.8892,0.4883,3.0000,0.0000,3.0000,0,17.4247,504.7361,541.1992,522.9676,18.2316,2.2498,4.1344,502.8514,547.5834
90.647,2,0,learned,12.5598,139.6097,0.2734,1.6458,1.7620,2.4111,-0.2050,0.7713,1.5000,2.9721,0.9739,14.7720,0.4979,3.0000,0.0000,3.0000,0,17.4247,484.8659,540.6519,512.7589,27.8930,2.2527,4.1126,483.0060,547.0171
90.697,2,0,learned,12.5598,139.6097,0.2643,1.6458,1.7620,2.4111,-0.2110,0.7713,1.5000,2.9721,0.9739,14.7720,0.5070,3.0000,0.0000,3.0000,0,17.4247,482.2775,528.4754,505.3765,23.0990,2.2422,4.1602,480.3595,534.8778
90.747,2,0,learned,12.6541,139.6908,0.2556,1.6793,1.7216,2.4050,-0.1840,0.7718,1.5000,2.9397,0.9739,14.6479,0.5162,3.0000,0.0000,3.0000,0,17.4247,462.3684,540.0652,501.2168,38.8484,2.2838,4.0937,460.5584,546.4427
90.797,2,0,learned,12.7445,139.7654,0.2493,1.7198,1.6881,2.4099,-0.1750,0.7725,1.5000,2.9069,0.9739,14.5311,0.5232,3.0000,0.0000,3.0000,0,17.4247,453.9611,545.7933,499.8772,45.9161,2.2799,4.1018,452.1392,552.1750
90.847,2,0,learned,12.8417,139.8424,0.2394,1.7497,1.6468,2.4028,-0.1840,0.7734,1.5000,2.8698,0.9739,14.4078,0.5340,3.0000,0.0000,3.0000,0,17.4247,437.4858,516.2617,476.8738,39.3879,2.3066,4.1818,435.6106,522.7501
90.897,2,0,learned,12.9343,139.9132,0.2318,1.7859,1.6121,2.4059,-0.1695,0.7744,1.5000,2.8329,0.9739,14.2921,0.5426,3.0000,0.0000,3.0000,0,17.4247,438.9775,515.0635,477.0205,38.0430,2.3072,4.1603,437.1244,521.5310
90.947,2,0,learned,12.9343,139.9132,0.2247,1.7859,1.6121,2.4059,-0.1472,0.7744,1.5000,2.8329,0.9739,14.2921,0.5497,3.0000,0.0000,3.0000,0,17.4247,433.7361,512.3815,473.0588,39.3227,2.3132,4.0802,431.9690,518.7749
90.997,2,0,learned,13.0336,139.9861,0.2179,1.8104,1.5701,2.3964,-0.1643,0.7756,1.5000,2.7918,0.9739,14.1702,0.5577,3.0000,0.0000,3.0000,0,17.4247,424.4103,503.1603,463.7853,39.3750,2.3429,4.1850,422.5682,509.6882
91.047,2,0,learned,13.1278,140.0528,0.2131,1.8408,1.5343,2.3964,-0.1527,0.7769,1.5000,2.7514,0.9739,14.0562,0.5638,3.0000,0.0000,3.0000,0,17.4247,409.9236,525.4540,467.6888,57.7652,2.3546,4.1711,408.1071,531.9797
91.096,2,0,learned,13.2283,140.1217,0.2056,1.8593,1.4921,2.3840,-0.1135,0.7784,1.5000,2.7070,0.9739,13.9362,0.5729,3.0000,0.0000,3.0000,0,17.4247,406.5351,529.5534,468.0442,61.5092,2.4200,4.0188,404.9362,535.9921
91.147,2,0,learned,13.3235,140.1847,0.1999,1.8840,1.4564,2.3813,-0.1255,0.7800,1.5000,2.6637,0.9739,13.8242,0.5801,3.0000,0.0000,3.0000,0,17.4247,392.2905,503.3022,447.7963,55.5058,2.4317,4.0941,390.6281,509.8280
91.197,2,0,learned,13.3235,140.1847,0.1947,1.8840,1.4564,2.3813,-0.1135,0.7800,1.5000,2.6637,0.9739,13.8242,0.5854,3.0000,0.0000,3.0000,0,17.4247,389.1764,529.1546,459.1655,69.9891,2.4315,4.0609,387.5470,535.6470
91.246,2,0,learned,13.4249,140.2496,0.1898,1.8972,1.4149,2.3667,-0.1178,0.7819,1.5000,2.6163,0.9739,13.7065,0.5921,3.0000,0.0000,3.0000,0,17.4247,341.6018,540.0904,440.8461,99.2443,2.4918,4.1015,339.9921,546.6837
91.297,2,0,learned,13.5208,140.3091,0.1842,1.9173,1.3796,2.3620,-0.0835,0.7837,1.5000,2.5704,0.9739,13.5966,0.5995,3.0000,0.0000,3.0000,0,17.4247,360.2102,568.1236,464.1669,103.9567,2.5233,3.9667,358.7668,574.6137
91.347,2,0,learned,13.6227,140.3702,0.1811,1.9259,1.3389,2.3456,-0.0863,0.7858,1.5000,2.5205,0.9739,13.4812,0.6047,3.0000,0.0000,3.0000,0,17.4247,320.1219,557.8011,438.9615,118.8396,2.5931,3.9818,318.7332,564.3760
91.397,2,0,learned,13.7189,140.4261,0.1766,1.9417,1.3039,2.3389,-0.0505,0.7880,1.5000,2.4723,0.9739,13.3737,0.6114,3.0000,0.0000,3.0000,0,17.4247,332.6584,531.6665,432.1625,99.5040,2.6396,3.8147,331.4833,538.1208
91.446,2,0,learned,13.8213,140.4834,0.1734,1.9471,1.2635,2.3211,-0.0595,0.7904,1.5000,2.4198,0.9739,13.2609,0.6170,3.0000,0.0000,3.0000,0,17.4247,319.3844,534.5964,426.9904,107.6060,2.7053,3.8523,318.2374,541.1540
91.497,2,0,learned,13.9179,140.5356,0.1702,1.9602,1.2283,2.3132,-0.0435,0.7928,1.5000,2.3693,0.9739,13.1559,0.6226,3.0000,0.0000,3.0000,0,17.4247,312.3898,520.8768,416.6333,104.2435,2.7490,3.7743,311.3644,527.4001
91.546,2,0,learned,13.9179,140.5356,0.1682,1.9602,1.2283,2.3132,-0.0248,0.7928,1.5000,2.3693,0.9739,13.1559,0.6247,3.0000,0.0000,3.0000,0,17.4247,288.5091,524.6817,406.5954,118.0863,2.7608,3.6960,287.5738,531.1385
91.597,2,0,learned,14.0204,140.5890,0.1663,1.9624,1.1881,2.2940,-0.0180,0.7956,1.5000,2.3145,0.9739,13.0460,0.6293,3.0000,0.0000,3.0000,0,17.4247,267.5639,523.7956,395.6798,128.1159,2.8425,3.6493,266.7571,530.2874
91.652,2,0,learned,14.1170,140.6376,0.1652,1.9722,1.1531,2.2845,-0.0105,0.7983,1.5000,2.2620,0.9739,12.9437,0.6330,3.0000,0.0000,3.0000,0,17.4247,264.9824,529.6923,397.3373,132.3549,2.8865,3.6037,264.2652,536.1825
91.697,2,0,learned,14.2192,140.6874,0.1648,1.9710,1.1137,2.2639,0.0225,0.8013,1.5000,2.2054,0.9739,12.8368,0.6365,3.0000,0.0000,3.0000,0,17.4247,272.6088,529.3227,400.9657,128.3570,2.9837,3.4147,272.1778,535.7211
91.747,2,0,learned,14.3153,140.7326,0.1645,1.9772,1.0793,2.2526,0.0192,0.8042,1.5000,2.1513,0.9739,12.7375,0.6397,3.0000,0.0000,3.0000,0,17.4247,266.0446,522.2296,394.1371,128.0925,3.0314,3.4086,265.6675,528.6696
91.797,2,0,learned,14.3153,140.7326,0.1647,1.9772,1.0793,2.2526,0.0258,0.8042,1.5000,2.1513,0.9739,12.7375,0.6395,3.0000,0.0000,3.0000,0,17.4247,235.4336,522.4487,378.9411,143.5076,3.0400,3.3814,235.0921,528.8701
91.847,2,0,learned,14.4170,140.7787,0.1655,1.9728,1.0409,2.2305,0.0475,0.8075,1.5000,2.0932,0.9739,12.6339,0.6420,3.0000,0.0000,3.0000,0,17.4247,233.4746,518.3806,375.9276,142.4530,3.1400,3.2353,233.3793,524.7559
91.897,2,0,learned,14.5125,140.8206,0.1660,1.9763,1.0074,2.2183,0.0532,0.8107,1.5000,2.0377,0.9739,12.5376,0.6446,3.0000,0.0000,3.0000,0,17.4247,222.0731,517.0911,369.5821,147.5090,3.1969,3.1797,222.0903,523.4677
91.947,2,0,learned,14.5125,140.8206,0.1674,1.9763,1.0074,2.2183,0.0578,0.8107,1.5000,2.0377,0.9739,12.5376,0.6432,3.0000,0.0000,3.0000,0,17.4247,202.9801,503.4200,353.2000,150.2199,3.2045,3.1518,203.0328,509.7763
91.996,2,0,learned,14.6134,140.8635,0.1699,1.9693,0.9707,2.1955,0.0808,0.8142,1.5000,1.9783,0.9739,12.4370,0.6443,3.0000,0.0000,3.0000,0,17.4247,200.4671,519.0409,359.7540,159.2869,3.3079,2.9939,200.7810,525.3428
92.046,2,0,learned,14.7081,140.9024,0.1717,1.9698,0.9386,2.1820,0.0745,0.8176,1.5000,1.9219,0.9739,12.3439,0.6459,3.0000,0.0000,3.0000,0,17.4247,213.7504,522.5638,368.1571,154.4067,3.3604,2.9857,214.1252,528.9099
92.097,2,0,learned,14.8079,140.9420,0.1752,1.9596,0.9035,2.1578,0.1108,0.8213,1.5000,1.8617,0.9739,12.2468,0.6461,3.0000,0.0000,3.0000,0,17.4247,189.4792,505.6214,347.5503,158.0711,3.4833,2.7425,190.2201,511.8471
92.147,2,0,learned,14.9013,140.9780,0.1777,1.9570,0.8728,2.1428,0.1220,0.8249,1.5000,1.8046,0.9739,12.1568,0.6472,3.0000,0.0000,3.0000,0,17.4247,175.7107,502.8608,339.2857,163.5751,3.5558,2.6397,176.6268,509.0563
92.198,2,0,learned,14.9013,140.9780,0.1805,1.9570,0.8728,2.1428,0.0975,0.8249,1.5000,1.8046,0.9739,12.1568,0.6444,3.0000,0.0000,3.0000,0,17.4247,173.2528,503.8088,338.5308,165.2780,3.5460,2.7558,174.0430,510.1106
92.247,2,0,learned,14.9998,141.0147,0.1857,1.9445,0.8393,2.1179,0.1315,0.8289,1.5000,1.7437,0.9739,12.0631,0.6432,3.0000,0.0000,3.0000,0,17.4247,175.2205,501.7282,338.4743,163.2538,3.6665,2.5127,176.3743,507.9074
92.297,2,0,learned,15.0920,141.0480,0.1879,1.9397,0.8101,2.1021,0.1230,0.8326,1.5000,1.6862,0.9739,11.9764,0.6447,3.0000,0.0000,3.0000,0,17.4247,177.8108,513.7694,345.7901,167.9793,3.7285,2.5084,179.0309,520.0063
92.347,2,0,learned,15.1891,141.0819,0.1941,1.9252,0.7785,2.0766,0.1348,0.8368,1.5000,1.6250,0.9739,11.8861,0.6427,3.0000,0.0000,3.0000,0,17.4247,174.2700,502.0885,338.1792,163.9093,3.8424,2.3668,175.7456,508.2976
92.397,2,0,learned,15.2800,141.1127,0.2009,1.9190,0.7510,2.0608,0.1605,0.8407,1.5000,1.5670,0.9739,11.8024,0.6398,3.0000,0.0000,3.0000,0,17.4247,156.5724,523.4164,339.9944,183.4220,3.9278,2.1753,158.3249,529.5195
92.447,2,0,learned,15.2800,141.1127,0.2038,1.9190,0.7510,2.0608,0.1600,0.8407,1.5000,1.5670,0.9739,11.8024,0.6369,3.0000,0.0000,3.0000,0,17.4247,157.9293,501.1597,329.5445,171.6152,3.9311,2.1604,159.7000,507.2512
92.497,2,0,learned,15.3759,141.1441,0.2116,1.9042,0.7218,2.0364,0.1965,0.8451,1.5000,1.5054,0.9739,11.7151,0.6335,3.0000,0.0000,3.0000,0,17.4247,151.5080,508.3128,329.9104,178.4024,4.0536,1.8883,153.6734,514.2547
92.547,2,0,learned,15.4659,141.1727,0.2165,1.8982,0.6965,2.0220,0.1857,0.8492,1.5000,1.4470,0.9739,11.6341,0.6327,3.0000,0.0000,3.0000,0,17.4247,141.5785,509.8905,325.7345,184.1560,4.1146,1.8788,143.8143,515.8840
92.597,2,0,learned,15.4659,141.1727,0.2217,1.8982,0.6965,2.0220,0.1847,0.8492,1.5000,1.4470,0.9739,11.6341,0.6275,3.0000,0.0000,3.0000,0,17.4247,125.2569,511.2572,318.2571,193.0001,4.1204,1.8707,127.5067,517.2484
92.647,2,0,learned,15.5609,141.2019,0.2308,1.8838,0.6695,1.9992,0.1933,0.8537,1.5000,1.3849,0.9739,11.5496,0.6229,3.0000,0.0000,3.0000,0,17.4247,127.4273,517.2742,322.3507,194.9234,4.2231,1.7344,129.9161,523.2317
92.697,2,0,learned,15.6500,141.2284,0.2346,1.8782,0.6460,1.9862,0.1928,0.8580,1.5000,1.3261,0.9739,11.4712,0.6235,3.0000,0.0000,3.0000,0,17.4247,113.1429,518.5210,315.8320,202.6891,4.2839,1.6734,115.7534,524.4783
92.747,2,0,learned,15.7440,141.2554,0.2445,1.8644,0.6205,1.9650,0.2180,0.8628,1.5000,1.2635,0.9739,11.3894,0.6182,3.0000,0.0000,3.0000,0,17.4247,108.8798,508.8852,308.8825,200.0027,4.3914,1.4383,111.8329,514.7148
92.797,2,0,learned,15.8324,141.2798,0.2550,1.8596,0.5980,1.9534,0.2402,0.8673,1.5000,1.2041,0.9739,11.3135,0.6123,3.0000,0.0000,3.0000,0,17.4247,112.3930,499.7159,306.0545,193.6615,4.4603,1.2267,115.6266,505.4029
92.847,2,0,learned,15.8324,141.2798,0.2616,1.8596,0.5980,1.9534,0.2385,0.8673,1.5000,1.2041,0.9739,11.3135,0.6057,3.0000,0.0000,3.0000,0,17.4247,111.7326,478.4723,295.1024,183.3698,4.4658,1.2063,114.9921,484.1443
92.897,2,0,learned,15.9257,141.3044,0.2707,1.8467,0.5734,1.9337,0.2340,0.8722,1.5000,1.1408,0.9739,11.2345,0.6015,3.0000,0.0000,3.0000,0,17.4247,117.2548,494.0059,305.6303,188.3756,4.5497,1.1364,120.6680,499.6920
92.947,2,0,learned,16.0134,141.3266,0.2777,1.8425,0.5512,1.9231,0.2460,0.8769,1.5000,1.0808,0.9739,11.1612,0.5992,3.0000,0.0000,3.0000,0,17.4247,124.6817,507.3130,315.9974,191.3156,4.6049,0.9960,128.2907,512.9139
92.997,2,0,learned,16.0134,141.3266,0.2850,1.8425,0.5512,1.9231,0.2513,0.8769,1.5000,1.0808,0.9739,11.1612,0.5920,3.0000,0.0000,3.0000,0,17.4247,116.3808,501.1143,308.7476,192.3668,4.6144,0.9430,120.0522,506.6717
93.046,2,0,learned,16.1059,141.3491,0.2973,1.8300,0.5273,1.9045,0.2585,0.8821,1.5000,1.0168,0.9739,11.0849,0.5847,3.0000,0.0000,3.0000,0,17.4247,104.7951,498.9756,301.8853,197.0903,4.7051,0.7927,108.7075,504.4733
93.097,2,0,learned,16.1930,141.3693,0.3050,1.8266,0.5059,1.8954,0.2647,0.8870,1.5000,0.9562,0.9739,11.0142,0.5820,3.0000,0.0000,3.0000,0,17.4247,94.4661,478.6645,286.5653,192.0992,4.7562,0.6670,98.5553,484.0877
93.146,2,0,learned,16.2851,141.3897,0.3180,1.8156,0.4835,1.8789,0.2632,0.8923,1.5000,0.8915,0.9739,10.9403,0.5744,3.0000,0.0000,3.0000,0,17.4247,91.2243,483.9181,287.5712,196.3469,4.8336,0.5612,95.4966,489.3129
93.197,2,0,learned,16.3716,141.4082,0.3286,1.8131,0.4636,1.8715,0.2765,0.8975,1.5000,0.8303,0.9739,10.8717,0.5688,3.0000,0.0000,3.0000,0,17.4247,87.9505,488.3799,288.1652,200.2147,4.8817,0.3944,92.4378,493.6560
93.247,2,0,learned,16.3716,141.4082,0.3396,1.8131,0.4636,1.8715,0.2940,0.8975,1.5000,0.8303,0.9739,10.8717,0.5579,3.0000,0.0000,3.0000,0,17.4247,90.2454,486.1855,288.2155,197.9701,4.8979,0.2619,94.8814,491.3454
93.297,2,0,learned,16.4631,141.4269,0.3507,1.8021,0.4428,1.8558,0.2685,0.9030,1.5000,0.7652,0.9739,10.8002,0.5523,3.0000,0.0000,3.0000,0,17.4247,94.4980,484.6898,289.5939,195.0959,4.9592,0.2847,99.1724,489.9337
93.346,2,0,learned,16.5489,141.4438,0.3563,1.7993,0.4248,1.8488,0.3160,0.9083,1.5000,0.7037,0.9739,10.7340,0.5520,3.0000,0.0000,3.0000,0,17.4247,98.8252,482.4033,290.6143,191.7891,5.0160,-0.0592,103.9003,487.3601
93.397,2,0,learned,16.5489,141.4438,0.3678,1.7993,0.4248,1.8488,0.2965,0.9083,1.5000,0.7037,0.9739,10.7340,0.5405,3.0000,0.0000,3.0000,0,17.4247,93.7878,481.0442,287.4160,193.6282,5.0171,0.0079,98.7970,486.0692
93.447,2,0,learned,16.6396,141.4611,0.3824,1.7884,0.4064,1.8340,0.3015,0.9140,1.5000,0.6384,0.9739,10.6647,0.5316,3.0000,0.0000,3.0000,0,17.4247,97.3499,472.0132,284.6816,187.3316,5.0916,-0.1532,102.5948,476.9516
93.497,2,0,learned,16.7249,141.4769,0.3943,1.7860,0.3908,1.8282,0.3060,0.9195,1.5000,0.5767,0.9739,10.6003,0.5252,3.0000,0.0000,3.0000,0,17.4247,103.4802,486.1824,294.8313,191.3511,5.1291,-0.2819,108.8912,491.0297
93.547,2,0,learned,16.8151,141.4931,0.4093,1.7758,0.3749,1.8149,0.3028,0.9254,1.5000,0.5112,0.9739,10.5329,0.5160,3.0000,0.0000,3.0000,0,17.4247,98.3780,489.8047,294.0913,195.7134,5.1955,-0.3961,103.9695,494.6041
93.597,2,0,learned,16.8999,141.5079,0.4185,1.7742,0.3618,1.8107,0.3110,0.9310,1.5000,0.4494,0.9739,10.4702,0.5125,3.0000,0.0000,3.0000,0,17.4247,97.8226,488.1895,293.0061,195.1835,5.2282,-0.5444,103.5953,492.8733
93.647,2,0,learned,16.9899,141.5233,0.4339,1.7652,0.3484,1.7993,0.3257,0.9370,1.5000,0.3836,0.9739,10.4044,0.5031,3.0000,0.0000,3.0000,0,17.4247,82.8415,487.7798,285.3106,202.4691,5.2968,-0.7616,88.8999,492.3149
93.697,2,0,learned,17.0746,141.5374,0.4464,1.7654,0.3377,1.7975,0.3140,0.9428,1.5000,0.3215,0.9739,10.3429,0.4965,3.0000,0.0000,3.0000,0,17.4247,90.2063,488.6408,289.4235,199.2173,5.3139,-0.8137,96.3339,493.1410
93.747,2,0,learned,17.0746,141.5374,0.4559,1.7654,0.3377,1.7975,0.3015,0.9428,1.5000,0.3215,0.9739,10.3429,0.4870,3.0000,0.0000,3.0000,0,17.4247,91.2563,482.1038,286.6800,195.4237,5.3164,-0.7813,97.3540,486.6388
93.796,2,0,learned,17.1646,141.5521,0.4717,1.7584,0.3266,1.7885,0.3382,0.9491,1.5000,0.2553,0.9739,10.2784,0.4774,3.0000,0.0000,3.0000,0,17.4247,106.1101,501.7727,303.9414,197.8313,5.3812,-1.1196,112.6109,506.0343
93.846,2,0,learned,17.2495,141.5657,0.4814,1.7603,0.3180,1.7888,0.3168,0.9550,1.5000,0.1928,0.9739,10.2181,0.4736,3.0000,0.0000,3.0000,0,17.4247,106.6086,512.0331,309.3208,202.7123,5.3849,-1.1050,113.0985,516.3130
93.897,2,0,learned,17.3396,141.5800,0.4944,1.7548,0.3094,1.7819,0.3287,0.9615,1.5000,0.1263,0.9739,10.1546,0.4671,3.0000,0.0000,3.0000,0,17.4247,89.4805,491.6732,290.5768,201.0964,5.4341,-1.3113,96.2259,495.7961
93.947,2,0,learned,17.3396,141.5800,0.5074,1.7548,0.3094,1.7819,0.3407,0.9615,1.5000,0.1263,0.9739,10.1546,0.4540,3.0000,0.0000,3.0000,0,17.4247,78.6934,494.3162,286.5048,207.8114,5.4508,-1.4224,85.5667,498.3445
93.997,2,0,learned,17.4248,141.5935,0.5173,1.7587,0.3037,1.7848,0.3432,0.9676,1.5000,0.0634,0.9739,10.0950,0.4504,3.0000,0.0000,3.0000,0,17.4247,87.0929,499.0152,293.0540,205.9611,5.4542,-1.5468,94.0939,502.9226
94.047,2,0,learned,17.5154,141.6079,0.5339,1.7554,0.2984,1.7806,0.3560,0.9743,1.5000,-0.0034,0.9739,10.0319,0.4403,3.0000,0.0000,3.0000,0,17.4247,101.5233,488.4163,294.9698,193.4465,5.4927,-1.7738,108.7898,492.1353
94.097,2,0,learned,17.6009,141.6216,0.5439,1.7607,0.2957,1.7853,0.3332,0.9806,1.5000,-0.0665,0.9739,9.9728,0.4366,3.0000,0.0000,3.0000,0,17.4247,92.6070,489.4753,291.0411,198.4342,5.4818,-1.7602,99.8490,493.1969
94.147,2,0,learned,17.6917,141.6363,0.5575,1.7580,0.2931,1.7823,0.3610,0.9874,1.5000,-0.1334,0.9739,9.9102,0.4299,3.0000,0.0000,3.0000,0,17.4247,109.2430,486.1390,297.6910,188.4480,5.5190,-2.0596,116.8216,489.5985
94.197,2,0,learned,17.7775,141.6503,0.5779,1.7639,0.2931,1.7881,0.3438,0.9939,1.5000,-0.1964,0.9739,9.8514,0.4159,3.0000,0.0000,3.0000,0,17.4247,107.5779,488.4929,298.0354,190.4575,5.5142,-2.1182,115.2102,491.8889
94.247,2,0,learned,17.7775,141.6503,0.5916,1.7639,0.2931,1.7881,0.3242,0.9939,1.5000,-0.1964,0.9739,9.8514,0.4022,3.0000,0.0000,3.0000,0,17.4247,113.8939,498.7433,306.3186,192.4247,5.5170,-2.0572,121.4681,502.2031
94.297,2,0,learned,17.8687,141.6656,0.6054,1.7617,0.2931,1.7859,0.3430,1.0008,1.5000,-0.2632,0.9739,9.7892,0.3954,3.0000,0.0000,3.0000,0,17.4247,104.8991,498.6208,301.7599,196.8608,5.5504,-2.3057,112.7552,501.8655
94.347,2,0,learned,17.9547,141.6803,0.6228,1.7679,0.2958,1.7924,0.3550,1.0074,1.5000,-0.3261,0.9739,9.7306,0.3847,3.0000,0.0000,3.0000,0,17.4247,97.8416,499.9793,298.9104,201.0688,5.5518,-2.5188,105.9122,503.0123
94.397,2,0,learned,18.0462,141.6964,0.6366,1.7661,0.2985,1.7912,0.3212,1.0145,1.5000,-0.3928,0.9739,9.6684,0.3779,3.0000,0.0000,3.0000,0,17.4247,93.2681,491.5551,292.4116,199.1435,5.5616,-2.4804,101.3101,494.6364
94.447,2,0,learned,18.1326,141.7120,0.6506,1.7729,0.3040,1.7988,0.3733,1.0213,1.5000,-0.4554,0.9739,9.6097,0.3708,3.0000,0.0000,3.0000,0,17.4247,90.3564,490.7376,290.5470,200.1906,5.5705,-2.9079,98.8348,493.4001
94.497,2,0,learned,18.2244,141.7292,0.6680,1.7714,0.3091,1.7981,0.3875,1.0286,1.5000,-0.5217,0.9739,9.5474,0.3606,3.0000,0.0000,3.0000,0,17.4247,85.8706,492.7552,289.3129,203.4423,5.5980,-3.1489,94.6174,495.2043
94.547,2,0,learned,18.3110,141.7458,0.6821,1.7778,0.3167,1.8058,0.3202,1.0355,1.5000,-0.5840,0.9739,9.4887,0.3534,3.0000,0.0000,3.0000,0,17.4247,84.1849,505.0261,294.6055,210.4206,5.5627,-2.9072,92.6549,507.6816
94.597,2,0,learned,18.3110,141.7458,0.6962,1.7778,0.3167,1.8058,0.4022,1.0355,1.5000,-0.5840,0.9739,9.4887,0.3393,3.0000,0.0000,3.0000,0,17.4247,107.7897,482.5843,295.1870,187.3973,5.6013,-3.4315,116.8225,484.7541
94.647,2,0,learned,18.4028,141.7641,0.7140,1.7754,0.3236,1.8046,0.3245,1.0429,1.5000,-0.6496,0.9739,9.4264,0.3289,3.0000,0.0000,3.0000,0,17.4247,116.5432,490.6900,303.6166,187.0734,5.5963,-3.1614,125.3009,493.1250
94.697,2,0,learned,18.4893,141.7819,0.7246,1.7808,0.3331,1.8117,0.4183,1.0499,1.5000,-0.7112,0.9739,9.3676,0.3253,3.0000,0.0000,3.0000,0,17.4247,120.1805,481.5949,300.8877,180.7072,5.6162,-3.8161,129.6129,483.3950
94.747,2,0,learned,18.5811,141.8015,0.7426,1.7776,0.3420,1.8102,0.3043,1.0574,1.5000,-0.7761,0.9739,9.3052,0.3148,3.0000,0.0000,3.0000,0,17.4247,109.9497,480.8231,295.3864,185.4367,5.6027,-3.3460,118.8984,483.0798
94.797,2,0,learned,18.6676,141.8208,0.7533,1.7824,0.3540,1.8172,0.4100,1.0645,1.5000,-0.8367,0.9739,9.2461,0.3113,3.0000,0.0000,3.0000,0,17.4247,117.9259,470.5177,294.2218,176.2959,5.6254,-4.0684,127.6197,472.0746
94.847,2,0,learned,18.7593,141.8422,0.7713,1.7786,0.3654,1.8158,0.3168,1.0721,1.5000,-0.9006,0.9739,9.1833,0.3009,3.0000,0.0000,3.0000,0,17.4247,107.9715,459.3160,283.6437,175.6723,5.6196,-3.7183,117.3094,461.2172
94.897,2,0,learned,18.7593,141.8422,0.7891,1.7786,0.3654,1.8158,0.3178,1.0721,1.5000,-0.9006,0.9739,9.1833,0.2830,3.0000,0.0000,3.0000,0,17.4247,97.9300,489.7259,293.8279,195.8979,5.6350,-3.7819,107.3468,491.5790
94.947,2,0,learned,18.8456,141.8631,0.7963,1.7826,0.3793,1.8225,0.3070,1.0794,1.5000,-0.9602,0.9739,9.1239,0.2831,3.0000,0.0000,3.0000,0,17.4247,95.1770,490.2366,292.7068,197.5298,5.6171,-3.8360,104.6301,492.0177
94.997,2,0,learned,18.9370,141.8860,0.8142,1.7776,0.3917,1.8202,0.4022,1.0870,1.5000,-1.0229,0.9739,9.0608,0.2729,3.0000,0.0000,3.0000,0,17.4247,105.8249,499.5950,302.7100,196.8850,5.6725,-4.5287,116.0262,500.7389
95.046,2,0,learned,19.0230,141.9084,0.8248,1.7804,0.4065,1.8262,0.3078,1.0944,1.5000,-1.0815,0.9739,9.0012,0.2695,3.0000,0.0000,3.0000,0,17.4247,119.3971,497.1726,308.2849,188.8878,5.6315,-4.1349,129.1635,498.6692
95.097,2,0,learned,19.0230,141.9084,0.8391,1.7804,0.4065,1.8262,0.4020,1.0944,1.5000,-1.0815,0.9739,9.0012,0.2552,3.0000,0.0000,3.0000,0,17.4247,137.4674,481.7180,309.5927,172.1253,5.6707,-4.7202,147.8583,482.6685
95.147,2,0,learned,19.1141,141.9330,0.8534,1.7748,0.4199,1.8238,0.2990,1.1021,1.5000,-1.1430,0.9739,8.9378,0.2487,3.0000,0.0000,3.0000,0,17.4247,153.3263,486.5733,319.9498,166.6235,5.6599,-4.3017,163.2879,487.9315
95.197,2,0,learned,19.1999,141.9572,0.8642,1.7774,0.4366,1.8303,0.2893,1.1095,1.5000,-1.2004,0.9739,8.8777,0.2454,3.0000,0.0000,3.0000,0,17.4247,163.9449,479.0391,321.4920,157.5471,5.6439,-4.3776,173.9665,480.3054
95.247,2,0,learned,19.2909,141.9840,0.8820,1.7717,0.4526,1.8286,0.3090,1.1174,1.5000,-1.2605,0.9739,8.8135,0.2354,3.0000,0.0000,3.0000,0,17.4247,148.1902,495.1025,321.6464,173.4562,5.6741,-4.6400,158.5043,496.1367
95.297,2,0,learned,19.3764,142.0106,0.8963,1.7738,0.4729,1.8358,0.4007,1.1249,1.5000,-1.3163,0.9739,8.7524,0.2286,3.0000,0.0000,3.0000,0,17.4247,160.2978,513.9422,337.1200,176.8222,5.6875,-5.2777,171.2630,514.3520
95.347,2,0,learned,19.3764,142.0106,0.9070,1.7738,0.4729,1.8358,0.3977,1.1249,1.5000,-1.3163,0.9739,8.7524,0.2179,3.0000,0.0000,3.0000,0,17.4247,149.6985,511.5324,330.6154,180.9170,5.6960,-5.3021,160.6965,511.9263
95.397,2,0,learned,19.4670,142.0403,0.9176,1.7674,0.4924,1.8347,0.4135,1.1328,1.5000,-1.3746,0.9739,8.6868,0.2153,3.0000,0.0000,3.0000,0,17.4247,158.0274,495.8130,326.9202,168.8928,5.7136,-5.5214,169.2623,496.0052
95.447,2,0,learned,19.5522,142.0697,0.9353,1.7692,0.5164,1.8430,0.4288,1.1403,1.5000,-1.4286,0.9739,8.6243,0.2050,3.0000,0.0000,3.0000,0,17.4247,159.8334,488.8665,324.3500,164.5165,5.7036,-5.7527,171.2897,488.8173
95.497,2,0,learned,19.5522,142.0697,0.9458,1.7692,0.5164,1.8430,0.4320,1.1403,1.5000,-1.4286,0.9739,8.6243,0.1946,3.0000,0.0000,3.0000,0,17.4247,144.7540,503.5476,324.1508,179.3968,5.7137,-5.8055,156.2733,503.4558
95.547,2,0,learned,19.6425,142.1025,0.9634,1.7627,0.5393,1.8433,0.4210,1.1483,1.5000,-1.4848,0.9739,8.5570,0.1849,3.0000,0.0000,3.0000,0,17.4247,149.5708,494.1470,321.8589,172.2881,5.7240,-5.8996,161.1944,493.9715
95.597,2,0,learned,19.7275,142.1349,0.9809,1.7640,0.5666,1.8527,0.4128,1.1559,1.5000,-1.5368,0.9739,8.4929,0.1750,3.0000,0.0000,3.0000,0,17.4247,167.2332,500.4335,333.8334,166.6002,5.7012,-5.9986,178.9330,500.1362
95.647,2,0,learned,19.8173,142.1710,0.9878,1.7567,0.5919,1.8538,0.2690,1.1639,1.5000,-1.5909,0.9739,8.4240,0.1761,3.0000,0.0000,3.0000,0,17.4247,189.7162,496.0748,342.8955,153.1793,5.6647,-5.3327,200.7136,496.4068
95.697,2,0,learned,19.9017,142.2064,1.0053,1.7571,0.6212,1.8637,0.2695,1.1715,1.5000,-1.6408,0.9739,8.3582,0.1662,3.0000,0.0000,3.0000,0,17.4247,183.4736,509.5913,346.5325,163.0588,5.6448,-5.4703,194.5888,509.7658
95.747,2,0,learned,19.9017,142.2064,1.0157,1.7571,0.6212,1.8637,0.2667,1.1715,1.5000,-1.6408,0.9739,8.3582,0.1558,3.0000,0.0000,3.0000,0,17.4247,169.6299,504.1371,336.8835,167.2536,5.6531,-5.4955,180.7784,504.2947
95.797,2,0,learned,19.9910,142.2457,1.0331,1.7490,0.6482,1.8653,0.2767,1.1796,1.5000,-1.6925,0.9739,8.2876,0.1465,3.0000,0.0000,3.0000,0,17.4247,152.9046,502.3794,327.6420,174.7374,5.6659,-5.6868,164.2573,502.3584
95.846,2,0,learned,20.0748,142.2845,1.0470,1.7485,0.6801,1.8761,0.4183,1.1872,1.5000,-1.7400,0.9739,8.2200,0.1402,3.0000,0.0000,3.0000,0,17.4247,143.0200,493.7878,318.4039,175.3839,5.6738,-6.5587,155.2525,492.9029
95.897,2,0,learned,20.1634,142.3275,1.0607,1.7395,0.7094,1.8786,0.2543,1.1953,1.5000,-1.7891,0.9739,8.1473,0.1346,3.0000,0.0000,3.0000,0,17.4247,148.1094,479.0458,313.5776,165.4682,5.6363,-5.8077,159.5534,478.8745
95.947,2,0,learned,20.2464,142.3695,1.0779,1.7375,0.7428,1.8896,0.2632,1.2030,1.5000,-1.8342,0.9739,8.0779,0.1251,3.0000,0.0000,3.0000,0,17.4247,157.8804,485.8966,321.8885,164.0081,5.6115,-5.9824,169.4744,485.5258
95.996,2,0,learned,20.3339,142.4157,1.0882,1.7263,0.7717,1.8910,0.2492,1.2111,1.5000,-1.8806,0.9739,8.0037,0.1229,3.0000,0.0000,3.0000,0,17.4247,160.9707,476.7848,318.8778,157.9071,5.6114,-6.0088,172.5909,476.3874
96.046,2,0,learned,20.3339,142.4157,1.1020,1.7263,0.7717,1.8910,0.4225,1.2111,1.5000,-1.8806,0.9739,8.0037,0.1091,3.0000,0.0000,3.0000,0,17.4247,171.6395,465.0688,318.3542,146.7147,5.6583,-6.9803,184.2781,463.7468
96.097,2,0,learned,20.4156,142.4605,1.1088,1.7216,0.8039,1.9001,0.2705,1.2187,1.5000,-1.9230,0.9739,7.9332,0.1099,3.0000,0.0000,3.0000,0,17.4247,177.5249,478.0481,327.7865,150.2616,5.5969,-6.2572,189.3790,477.3878
96.147,2,0,learned,20.5015,142.5094,1.1259,1.7077,0.8312,1.8992,0.2595,1.2269,1.5000,-1.9666,0.9739,7.8580,0.1010,3.0000,0.0000,3.0000,0,17.4247,187.6349,479.3661,333.5005,145.8656,5.6083,-6.3201,199.5633,478.6542
96.196,2,0,learned,20.5817,142.5567,1.1395,1.7002,0.8622,1.9064,0.4248,1.2345,1.5000,-2.0063,0.9739,7.7866,0.0950,3.0000,0.0000,3.0000,0,17.4247,186.8774,484.6172,335.7473,148.8699,5.6261,-7.2782,199.7817,482.9651
96.247,2,0,learned,20.5817,142.5567,1.1463,1.7002,0.8622,1.9064,0.4300,1.2345,1.5000,-2.0063,0.9739,7.7866,0.0882,3.0000,0.0000,3.0000,0,17.4247,190.6168,480.8645,335.7406,145.1238,5.6311,-7.3337,203.5817,479.1619
96.297,2,0,learned,20.6659,142.6084,1.1632,1.6840,0.8885,1.9040,0.2278,1.2426,1.5000,-2.0469,0.9739,7.7103,0.0794,3.0000,0.0000,3.0000,0,17.4247,214.1834,490.1791,352.1812,137.9979,5.6068,-6.3967,226.1869,489.3893
96.347,2,0,learned,20.7445,142.6584,1.1732,1.6747,0.9191,1.9103,0.4270,1.2502,1.5000,-2.0838,0.9739,7.6379,0.0771,3.0000,0.0000,3.0000,0,17.4247,209.5409,506.4615,358.0012,148.4603,5.6298,-7.5027,222.6734,504.5887
96.397,2,0,learned,20.7445,142.6584,1.1833,1.6747,0.9191,1.9103,0.4170,1.2502,1.5000,-2.0838,0.9739,7.6379,0.0670,3.0000,0.0000,3.0000,0,17.4247,214.5294,484.6264,349.5779,135.0485,5.6335,-7.4926,227.6554,482.7673
96.447,2,0,learned,20.8270,142.7129,1.1997,1.6572,0.9452,1.9078,0.4093,1.2583,1.5000,-2.1214,0.9739,7.5603,0.0586,3.0000,0.0000,3.0000,0,17.4247,211.9267,479.7186,345.8227,133.8959,5.6498,-7.5487,225.1252,477.8197
96.497,2,0,learned,20.9041,142.7659,1.2063,1.6469,0.9767,1.9147,0.2120,1.2659,1.5000,-2.1553,0.9739,7.4865,0.0596,3.0000,0.0000,3.0000,0,17.4247,228.9752,488.8694,358.9223,129.9471,5.5909,-6.5932,241.1592,487.8671
96.547,2,0,learned,20.9041,142.7659,1.2194,1.6469,0.9767,1.9147,0.4135,1.2659,1.5000,-2.1553,0.9739,7.4865,0.0466,3.0000,0.0000,3.0000,0,17.4247,218.5074,472.2927,345.4001,126.8927,5.6359,-7.6769,231.8202,470.2517
96.597,2,0,learned,20.9850,142.8237,1.2357,1.6286,1.0036,1.9130,0.4168,1.2740,1.5000,-2.1898,0.9739,7.4073,0.0383,3.0000,0.0000,3.0000,0,17.4247,227.9693,476.7254,352.3473,124.3780,5.6496,-7.7850,241.4039,474.5900
96.647,2,0,learned,21.0603,142.8796,1.2421,1.6170,1.0360,1.9204,0.2120,1.2816,1.5000,-2.2207,0.9739,7.3320,0.0396,3.0000,0.0000,3.0000,0,17.4247,228.6696,520.4884,374.5790,145.9094,5.5909,-6.7867,241.0472,519.2925
96.697,2,0,learned,21.1393,142.9406,1.2580,1.5974,1.0635,1.9191,0.1990,1.2897,1.5000,-2.2517,0.9739,7.2512,0.0317,3.0000,0.0000,3.0000,0,17.4247,240.3227,525.3640,382.8434,142.5207,5.6011,-6.8077,252.7315,524.1574
96.747,2,0,learned,21.2129,142.9997,1.2706,1.5844,1.0968,1.9270,0.4150,1.2972,1.5000,-2.2794,0.9739,7.1743,0.0266,3.0000,0.0000,3.0000,0,17.4247,235.9394,513.1807,374.5600,138.6206,5.6144,-7.9679,249.5216,510.8272
96.797,2,0,learned,21.2129,142.9997,1.2769,1.5844,1.0968,1.9270,0.4220,1.2972,1.5000,-2.2794,0.9739,7.1743,0.0203,3.0000,0.0000,3.0000,0,17.4247,248.6739,490.0974,369.3857,120.7117,5.6175,-8.0304,262.3219,487.6845
96.852,2,0,learned,21.2900,143.0642,1.2926,1.5642,1.1257,1.9271,0.1938,1.3052,1.5000,-2.3069,0.9739,7.0915,0.0127,3.0000,0.0000,3.0000,0,17.4247,270.9737,480.8124,375.8931,104.9194,5.5868,-6.9543,283.5148,479.4449
96.898,2,0,learned,21.3619,143.1268,1.3018,1.5507,1.1613,1.9373,0.4153,1.3128,1.5000,-2.3311,0.9739,7.0125,0.0110,3.0000,0.0000,3.0000,0,17.4247,248.1756,481.5294,364.8525,116.6769,5.5896,-8.1077,261.8730,479.0113
96.947,2,0,learned,21.3619,143.1268,1.3112,1.5507,1.1613,1.9373,0.4203,1.3128,1.5000,-2.3311,0.9739,7.0125,0.0016,3.0000,0.0000,3.0000,0,17.4247,268.6726,466.3996,367.5361,98.8635,5.5933,-8.1755,282.4413,463.8174
96.997,2,0,learned,21.4370,143.1949,1.3264,1.5296,1.1912,1.9387,0.4055,1.3208,1.5000,-2.3550,0.9739,6.9276,-0.0056,3.0000,0.0000,3.0000,0,17.4247,279.8169,459.7423,369.7796,89.9627,5.5909,-8.1655,293.5733,457.1678
97.047,2,0,learned,21.5069,143.2607,1.3324,1.5147,1.2268,1.9492,0.1820,1.3283,1.5000,-2.3758,0.9739,6.8468,-0.0042,3.0000,0.0000,3.0000,0,17.4247,276.2811,466.3665,371.3238,95.0427,5.5245,-7.0669,288.8725,464.8241
97.097,2,0,learned,21.5798,143.3320,1.3474,1.4922,1.2557,1.9502,0.1655,1.3362,1.5000,-2.3960,0.9739,6.7603,-0.0111,3.0000,0.0000,3.0000,0,17.4247,267.9265,479.3536,373.6401,105.7135,5.5259,-7.0387,280.4911,477.8408
97.147,2,0,learned,21.5798,143.3320,1.3562,1.4922,1.2557,1.9502,0.1510,1.3362,1.5000,-2.3960,0.9739,6.7603,-0.0200,3.0000,0.0000,3.0000,0,17.4247,273.4055,471.6272,372.5164,99.1109,5.5277,-7.0042,285.9374,470.1508
97.197,2,0,learned,21.6474,143.4006,1.3678,1.4754,1.2905,1.9601,0.4015,1.3437,1.5000,-2.4134,0.9739,6.6781,-0.0242,3.0000,0.0000,3.0000,0,17.4247,266.1929,459.2271,362.7100,96.5171,5.5292,-8.2894,280.0115,456.4669
97.247,2,0,learned,21.7178,143.4750,1.3793,1.4514,1.3184,1.9608,0.1415,1.3515,1.5000,-2.4299,0.9739,6.5899,-0.0278,3.0000,0.0000,3.0000,0,17.4247,259.0328,461.1437,360.0883,101.0554,5.4984,-7.0244,271.5556,459.6176
97.297,2,0,learned,21.7831,143.5464,1.3906,1.4332,1.3525,1.9706,0.4010,1.3590,1.5000,-2.4437,0.9739,6.5061,-0.0317,3.0000,0.0000,3.0000,0,17.4247,277.0254,448.4070,362.7162,85.6908,5.4967,-8.3507,290.8728,445.5530
97.347,2,0,learned,21.7831,143.5464,1.4018,1.4332,1.3525,1.9706,0.1255,1.3590,1.5000,-2.4437,0.9739,6.5061,-0.0428,3.0000,0.0000,3.0000,0,17.4247,281.4388,470.4313,375.9351,94.4963,5.4690,-7.0332,293.9411,468.8672
97.397,2,0,learned,21.8511,143.6236,1.4155,1.4079,1.3786,1.9704,0.1253,1.3668,1.5000,-2.4565,0.9739,6.4167,-0.0487,3.0000,0.0000,3.0000,0,17.4247,300.9246,476.0568,388.4907,87.5661,5.4732,-7.0763,313.4741,474.4538
97.447,2,0,learned,21.9139,143.6973,1.4236,1.3879,1.4102,1.9786,0.1185,1.3741,1.5000,-2.4670,0.9739,6.3319,-0.0495,3.0000,0.0000,3.0000,0,17.4247,290.9211,480.2535,385.5873,94.6662,5.4463,-7.0527,303.4201,478.6470
97.497,2,0,learned,21.9791,143.7767,1.4370,1.3611,1.4336,1.9768,0.1125,1.3819,1.5000,-2.4763,0.9739,6.2415,-0.0551,3.0000,0.0000,3.0000,0,17.4247,298.1970,477.8823,388.0396,89.8427,5.4558,-7.0536,310.7063,476.2845
97.547,2,0,learned,22.0393,143.8528,1.4449,1.3397,1.4639,1.9844,0.1018,1.3892,1.5000,-2.4833,0.9739,6.1556,-0.0558,3.0000,0.0000,3.0000,0,17.4247,305.1541,452.8768,379.0154,73.8614,5.4285,-7.0042,317.5868,451.3011
97.596,2,0,learned,22.0393,143.8528,1.4554,1.3397,1.4639,1.9844,0.3768,1.3892,1.5000,-2.4833,0.9739,6.1556,-0.0662,3.0000,0.0000,3.0000,0,17.4247,310.8459,437.0226,373.9343,63.0883,5.4593,-8.4073,324.7125,434.0746
97.647,2,0,learned,22.1017,143.9348,1.4684,1.3121,1.4866,1.9828,0.3962,1.3969,1.5000,-2.4889,0.9739,6.0638,-0.0715,3.0000,0.0000,3.0000,0,17.4247,304.4439,444.0175,374.2307,69.7868,5.4694,-8.5220,318.4353,440.9649
97.696,2,0,learned,22.1594,144.0133,1.4759,1.2899,1.5162,1.9907,0.3897,1.4041,1.5000,-2.4925,0.9739,5.9767,-0.0718,3.0000,0.0000,3.0000,0,17.4247,316.0233,448.0380,382.0307,66.0074,5.4402,-8.4937,329.9572,444.9845
97.747,2,0,learned,22.2191,144.0976,1.4885,1.2617,1.5374,1.9888,0.3605,1.4117,1.5000,-2.4945,0.9739,5.8838,-0.0767,3.0000,0.0000,3.0000,0,17.4247,321.7082,419.3974,370.5528,48.8446,5.4452,-8.3563,335.5097,416.4864
97.797,2,0,learned,22.2742,144.1781,1.4957,1.2385,1.5652,1.9960,0.3803,1.4189,1.5000,-2.4947,0.9739,5.7958,-0.0768,3.0000,0.0000,3.0000,0,17.4247,313.9158,411.5666,362.7412,48.8254,5.4211,-8.4401,327.7770,408.5475
97.847,2,0,learned,22.2742,144.1781,1.5053,1.2385,1.5652,1.9960,0.0698,1.4189,1.5000,-2.4947,0.9739,5.7958,-0.0864,3.0000,0.0000,3.0000,0,17.4247,303.1178,424.2756,363.6967,60.5789,5.3995,-6.9464,315.4637,422.7288
97.897,2,0,learned,22.3311,144.2646,1.5148,1.2097,1.5847,1.9936,0.3765,1.4265,1.5000,-2.4932,0.9739,5.7019,-0.0883,3.0000,0.0000,3.0000,0,17.4247,337.0456,420.3833,378.7145,41.6688,5.4316,-8.4673,350.9445,417.3475
97.947,2,0,learned,22.3833,144.3469,1.5194,1.1855,1.6108,2.0000,0.3730,1.4336,1.5000,-2.4902,0.9739,5.6130,-0.0858,3.0000,0.0000,3.0000,0,17.4247,335.2018,416.6531,375.9275,40.7256,5.4068,-8.4244,349.0330,413.6355
97.997,2,0,learned,22.3833,144.3469,1.5285,1.1855,1.6108,2.0000,0.0648,1.4336,1.5000,-2.4902,0.9739,5.6130,-0.0949,3.0000,0.0000,3.0000,0,17.4247,340.4708,414.6376,377.5542,37.0834,5.3862,-6.9405,352.7975,413.0833
98.046,2,0,learned,22.4867,144.5192,1.5417,1.1306,1.6528,2.0025,0.0377,1.4481,1.5000,-2.4788,0.9739,5.4287,-0.0936,3.0000,0.0000,3.0000,0,17.4247,334.6171,409.9766,372.2969,37.6798,5.3758,-6.7562,346.7490,408.5962
98.097,2,0,learned,22.4867,144.5192,1.5502,1.1306,1.6528,2.0025,0.3465,1.4481,1.5000,-2.4788,0.9739,5.4287,-0.1021,3.0000,0.0000,3.0000,0,17.4247,311.7172,385.8245,348.7709,37.0537,5.3997,-8.3050,325.4219,382.9192
98.147,2,0,learned,22.5375,144.6094,1.5586,1.1002,1.6688,1.9988,0.0187,1.4555,1.5000,-2.4702,0.9739,5.3332,-0.1031,3.0000,0.0000,3.0000,0,17.4247,301.3850,390.3736,345.8793,44.4943,5.3924,-6.6577,313.4350,389.1083
98.197,2,0,learned,22.5841,144.6951,1.5646,1.0741,1.6921,2.0042,0.0312,1.4624,1.5000,-2.4605,0.9739,5.2428,-0.1022,3.0000,0.0000,3.0000,0,17.4247,299.1112,368.0676,333.5894,34.4782,5.3726,-6.6823,311.1661,366.7578
98.247,2,0,learned,22.6319,144.7865,1.5745,1.0433,1.7056,1.9993,0.0333,1.4697,1.5000,-2.4487,0.9739,5.1469,-0.1048,3.0000,0.0000,3.0000,0,17.4247,322.7583,392.3157,357.5370,34.7787,5.3909,-6.6854,334.8346,391.0211
98.296,2,0,learned,22.6757,144.8731,1.5822,1.0170,1.7250,2.0025,0.3365,1.4766,1.5000,-2.4363,0.9739,5.0565,-0.1055,3.0000,0.0000,3.0000,0,17.4247,336.1057,400.3252,368.2155,32.1098,5.3953,-8.1766,349.6776,397.5439
98.347,2,0,learned,22.6757,144.8731,1.5878,1.0170,1.7250,2.0025,0.3475,1.4766,1.5000,-2.4363,0.9739,5.0565,-0.1112,3.0000,0.0000,3.0000,0,17.4247,330.9012,396.2230,363.5621,32.6609,5.3972,-8.2520,344.5505,393.3682
98.396,2,0,learned,22.7207,144.9652,1.5970,0.9866,1.7343,1.9953,0.3465,1.4839,1.4882,-2.4217,0.9739,4.9607,-0.1131,3.0000,0.0000,3.0000,0,17.4247,302.7272,384.1989,343.4630,40.7359,5.3731,-8.2262,316.3264,381.3458
98.447,2,0,learned,22.7618,145.0524,1.6024,0.9605,1.7509,1.9971,0.3240,1.4908,1.4611,-2.4066,0.9739,4.8703,-0.1116,3.0000,0.0000,3.0000,0,17.4247,322.6206,367.9449,345.2828,22.6622,5.2452,-8.1299,335.9957,365.0602
98.497,2,0,learned,22.8040,145.1453,1.6094,0.9307,1.7579,1.9891,-0.0120,1.4980,1.4323,-2.3893,0.9739,4.7745,-0.1113,3.0000,0.0000,3.0000,0,17.4247,332.3289,351.2267,341.7778,9.4489,5.1303,-6.4390,343.8982,349.9180
98.547,2,0,learned,22.8040,145.1453,1.6162,0.9307,1.7579,1.9891,0.3305,1.4980,1.4323,-2.3893,0.9739,4.7745,-0.1182,3.0000,0.0000,3.0000,0,17.4247,317.9638,328.1316,323.0477,5.0839,5.1479,-8.1933,331.3050,325.0862
98.597,2,0,learned,22.8425,145.2329,1.6228,0.9050,1.7714,1.9892,-0.0362,1.5049,1.4053,-2.3720,0.9739,4.6844,-0.1180,3.0000,0.0000,3.0000,0,17.4247,321.0045,338.1821,329.5933,8.5888,5.0082,-6.3420,332.3547,336.8484
98.646,2,0,learned,22.8819,145.3259,1.6293,0.8757,1.7749,1.9791,0.3220,1.5121,1.3767,-2.3523,0.9739,4.5891,-0.1172,3.0000,0.0000,3.0000,0,17.4247,329.8321,327.6639,328.7480,-1.0841,4.9309,-8.1824,342.9454,324.4124
98.697,2,0,learned,22.9178,145.4135,1.6339,0.8499,1.7849,1.9769,-0.0377,1.5189,1.3499,-2.3327,0.9739,4.4997,-0.1150,3.0000,0.0000,3.0000,0,17.4247,331.5700,329.1247,330.3474,-1.2227,4.7978,-6.3216,342.6894,327.6010
98.747,2,0,learned,22.9544,145.5063,1.6429,0.8208,1.7848,1.9645,-0.0708,1.5261,1.3216,-2.3108,0.9739,4.4052,-0.1168,3.0000,0.0000,3.0000,0,17.4247,336.9701,328.2481,332.6091,-4.3610,4.7107,-6.1554,347.8362,326.8033
98.796,2,0,learned,22.9876,145.5937,1.6486,0.7950,1.7919,1.9604,0.3242,1.5329,1.2950,-2.2892,0.9739,4.3165,-0.1157,3.0000,0.0000,3.0000,0,17.4247,314.4656,342.9177,328.6917,14.2260,4.6160,-8.2222,327.3038,339.3115
98.847,2,0,learned,22.9876,145.5937,1.6527,0.7950,1.7919,1.9604,0.3093,1.5329,1.2950,-2.2892,0.9739,4.3165,-0.1198,3.0000,0.0000,3.0000,0,17.4247,309.9609,312.3960,311.1785,1.2175,4.6152,-8.1529,322.7290,308.8583
98.897,2,0,learned,23.0215,145.6863,1.6580,0.7662,1.7897,1.9468,-0.0945,1.5401,1.2669,-2.2651,0.9739,4.2228,-0.1179,3.0000,0.0000,3.0000,0,17.4247,300.1897,311.2938,305.7417,5.5521,4.5156,-6.0017,310.7070,309.8077
98.947,2,0,learned,23.0521,145.7735,1.6631,0.7408,1.7950,1.9419,0.3210,1.5469,1.2405,-2.2415,0.9739,4.1349,-0.1162,3.0000,0.0000,3.0000,0,17.4247,303.9647,294.5179,299.2413,-4.7234,4.4190,-8.2069,316.5907,290.7300
98.998,2,0,learned,23.0834,145.8657,1.6679,0.7130,1.7907,1.9274,-0.0762,1.5540,1.2126,-2.2156,0.9739,4.0420,-0.1139,3.0000,0.0000,3.0000,0,17.4247,294.1020,288.1701,291.1361,-2.9659,4.3223,-6.0515,304.4758,286.4410
99.047,2,0,learned,23.1118,145.9522,1.6737,0.6885,1.7931,1.9208,-0.0865,1.5608,1.1865,-2.1904,0.9739,3.9551,-0.1129,3.0000,0.0000,3.0000,0,17.4247,279.6661,280.3576,280.0118,0.3457,4.2157,-5.9728,289.8546,278.6005
99.097,2,0,learned,23.1118,145.9522,1.6770,0.6885,1.7931,1.9208,-0.1070,1.5608,1.1865,-2.1904,0.9739,3.9551,-0.1162,3.0000,0.0000,3.0000,0,17.4247,267.7970,271.3728,269.5849,1.7879,4.2155,-5.8715,277.8839,269.7167
99.146,2,0,learned,23.1407,146.0435,1.6813,0.6619,1.7854,1.9041,0.2900,1.5681,1.1591,-2.1630,0.9739,3.8637,-0.1133,3.0000,0.0000,3.0000,0,17.4247,274.7350,265.4317,270.0833,-4.6516,4.1544,-8.0179,286.9073,261.5682
99.197,2,0,learned,23.1668,146.1288,1.6844,0.6386,1.7838,1.8947,-0.1082,1.5749,1.1335,-2.1367,0.9739,3.7784,-0.1095,3.0000,0.0000,3.0000,0,17.4247,271.8329,264.9289,268.3809,-3.4520,4.0448,-5.7991,281.6768,263.1746
99.247,2,0,learned,23.1668,146.1288,1.6884,0.6386,1.7838,1.8947,0.2820,1.5749,1.1335,-2.1367,0.9739,3.7784,-0.1135,3.0000,0.0000,3.0000,0,17.4247,268.1799,260.1814,264.1807,-3.9992,4.0582,-7.9735,280.2116,256.2661
99.297,2,0,learned,23.1935,146.2184,1.6922,0.6134,1.7718,1.8749,-0.1325,1.5823,1.1067,-2.1083,0.9739,3.6890,-0.1099,3.0000,0.0000,3.0000,0,17.4247,256.0863,241.5770,248.8316,-7.2546,3.9835,-5.6352,265.7049,239.9253
99.347,2,0,learned,23.2176,146.3020,1.6959,0.5912,1.7658,1.8621,0.2675,1.5892,1.0817,-2.0813,0.9739,3.6057,-0.1066,3.0000,0.0000,3.0000,0,17.4247,255.1798,234.4958,244.8378,-10.3420,3.9144,-7.8419,266.9361,230.5683
99.397,2,0,learned,23.2421,146.3897,1.7002,0.5673,1.7500,1.8396,-0.1465,1.5967,1.0556,-2.0523,0.9739,3.5186,-0.1035,3.0000,0.0000,3.0000,0,17.4247,239.8765,214.1847,227.0306,-12.8459,3.8536,-5.4664,249.1966,212.5719
99.447,2,0,learned,23.2643,146.4713,1.7035,0.5462,1.7401,1.8238,0.2770,1.6037,1.0313,-2.0248,0.9739,3.4377,-0.0998,3.0000,0.0000,3.0000,0,17.4247,222.9032,204.7083,213.8058,-9.0974,3.7992,-7.8234,234.5258,200.6841
99.497,2,0,learned,23.2868,146.5567,1.7066,0.5236,1.7203,1.7982,-0.1477,1.6113,1.0060,-1.9954,0.9739,3.3532,-0.0953,3.0000,0.0000,3.0000,0,17.4247,219.9885,196.4092,208.1988,-11.7897,3.7548,-5.3499,229.0932,194.8141
99.547,2,0,learned,23.3072,146.6358,1.7102,0.5037,1.7060,1.7788,-0.1455,1.6185,0.9825,-1.9678,0.9739,3.2750,-0.0918,3.0000,0.0000,3.0000,0,17.4247,213.9024,201.4568,207.6796,-6.2228,3.7063,-5.3140,222.9227,199.8492
99.597,2,0,learned,23.3072,146.6358,1.7123,0.5037,1.7060,1.7788,-0.1600,1.6185,0.9825,-1.9678,0.9739,3.2750,-0.0939,3.0000,0.0000,3.0000,0,17.4247,209.2480,198.1567,203.7024,-5.5457,3.7061,-5.2390,218.1932,196.6237
99.646,2,0,learned,23.3279,146.7182,1.7150,0.4826,1.6817,1.7496,0.2575,1.6262,0.9581,-1.9386,0.9739,3.1938,-0.0888,3.0000,0.0000,3.0000,0,17.4247,201.5973,196.2587,198.9280,-2.6693,3.7058,-7.6029,212.9060,192.3616
99.697,2,0,learned,23.3466,146.7945,1.7181,0.4642,1.6630,1.7266,0.2785,1.6335,0.9356,-1.9112,0.9739,3.1188,-0.0845,3.0000,0.0000,3.0000,0,17.4247,201.0119,195.9921,198.5020,-2.5099,3.6771,-7.6848,212.3738,191.9844
99.747,2,0,learned,23.3657,146.8738,1.7204,0.4448,1.6357,1.6951,-0.1743,1.6414,0.9123,-1.8824,0.9739,3.0409,-0.0790,3.0000,0.0000,3.0000,0,17.4247,204.0624,200.0704,202.0664,-1.9960,3.6676,-4.9648,212.6948,198.7733
99.796,2,0,learned,23.3831,146.9473,1.7226,0.4280,1.6148,1.6705,0.2950,1.6490,0.0000,-1.8554,0.9739,2.9689,-0.0736,3.0000,0.0000,3.0000,0,17.4247,0.0000,0.0000,0.0000,0.0000,-2.2847,-8.6803,6.3956,-10.9650
99.847,2,0,learned,23.3831,146.9473,1.7247,0.4280,1.6148,1.6705,-0.1795,1.6490,0.0000,-1.8554,0.9739,2.9689,-0.0758,3.0000,0.0000,3.0000,0,17.4247,0.0000,0.0000,0.0000,0.0000,-2.3317,-5.5398,3.2082,-7.8715
99.897,2,0,learned,23.4007,147.0239,1.7268,0.4102,1.5863,1.6385,0.2908,1.6571,0.0000,-1.8270,0.9739,2.8940,-0.0696,3.0000,0.0024,3.0000,0,17.4247,0.0000,0.0000,0.0000,0.0000,-2.1322,-8.5840,6.4519,-10.7162
99.947,2,0,learned,23.4170,147.0940,1.7287,0.3962,1.5611,1.6106,-0.1995,1.6650,0.0000,-1.8011,0.9739,2.8257,-0.0637,3.0000,0.0024,3.0000,0,17.4247,0.0000,0.0000,0.0000,0.0000,-2.0451,-5.2187,3.1736,-7.2638
99.997,2,0,learned,23.4340,147.1647,1.7305,0.3823,1.5210,1.5683,0.2755,1.6736,0.0000,-1.7754,0.9739,2.7570,-0.0570,3.0000,0.0992,3.0000,0,17.4247,0.0000,0.0000,0.0000,0.0000,-1.7928,-8.3215,6.5287,-10.1143
100.047,2,0,learned,23.4496,147.2280,1.7329,0.3708,1.4806,1.5263,0.2752,1.6817,0.0000,-1.7527,0.9739,2.6957,-0.0511,3.0000,0.0992,3.0000,0,17.4247,0.0000,0.0000,0.0000,0.0000,-1.5856,-8.2417,6.6561,-9.8272
100.097,2,0,learned,23.4496,147.2280,1.7340,0.3708,1.4806,1.5263,0.2640,1.6817,0.0000,-1.7527,0.9739,2.6957,-0.0523,3.0000,0.1994,3.0000,0,17.4247,0.0000,0.0000,0.0000,0.0000,-1.5865,-8.1764,6.5899,-9.7630
100.147,2,0,learned,23.4657,147.2916,1.7362,0.3586,1.4289,1.4732,0.2607,1.6905,0.0000,-1.7303,0.9739,2.6344,-0.0457,3.0000,0.1994,3.0000,0,17.4247,0.0000,0.0000,0.0000,0.0000,-1.3215,-8.0674,6.7459,-9.3888
100.197,2,0,learned,23.4805,147.3483,1.7375,0.3485,1.3794,1.4227,-0.2060,1.6988,0.0000,-1.7107,0.9739,2.5800,-0.0387,3.0000,0.2988,3.0000,0,17.4247,0.0000,0.0000,0.0000,0.0000,-1.1068,-4.7982,3.6914,-5.9050
100.251,2,0,learned,23.4959,147.4049,1.7395,0.3382,1.3214,1.3640,-0.2095,1.7077,0.0000,-1.6916,0.9739,2.5258,-0.0317,3.0000,0.2988,3.0000,0,17.4247,0.0000,0.0000,0.0000,0.0000,-0.8091,-4.6734,3.8643,-5.4826
100.297,2,0,learned,23.5104,147.4552,1.7402,0.3307,1.2666,1.3090,0.2737,1.7163,0.0000,-1.6753,0.9739,2.4781,-0.0239,3.0000,0.3988,3.0000,0,17.4247,0.0000,0.0000,0.0000,0.0000,-0.4929,-7.8828,7.3899,-8.3757
100.347,2,0,learned,23.5104,147.4552,1.7416,0.3307,1.2666,1.3090,-0.2150,1.7163,0.0000,-1.6753,0.9739,2.4781,-0.0253,3.0000,0.3988,3.0000,0,17.4247,0.0000,0.0000,0.0000,0.0000,-0.5304,-4.5442,4.0138,-5.0747
100.397,2,0,learned,23.5256,147.5053,1.7431,0.3233,1.2058,1.2484,-0.2273,1.7255,0.0000,-1.6598,0.9739,2.4309,-0.0176,3.0000,0.4987,3.0000,0,17.4247,0.0000,0.0000,0.0000,0.0000,-0.2223,-4.3569,4.1346,-4.5793
100.446,2,0,learned,23.5400,147.5496,1.7438,0.3186,1.1495,1.1928,0.2805,1.7343,0.0000,-1.6467,0.9739,2.3894,-0.0096,3.0000,0.4987,3.0000,0,17.4247,0.0000,0.0000,0.0000,0.0000,0.0966,-7.7534,7.8500,-7.6568
100.497,2,0,learned,23.5552,147.5939,1.7451,0.3133,1.0897,1.1338,-0.2233,1.7437,0.0000,-1.6344,0.9739,2.3483,-0.0013,3.0000,0.5988,3.0000,0,17.4247,0.0000,0.0000,0.0000,0.0000,0.3607,-4.1873,4.5480,-3.8267
100.547,2,0,learned,23.5694,147.6332,1.7465,0.3097,1.0357,1.0810,-0.2323,1.7527,0.0000,-1.6240,0.9739,2.3121,0.0061,3.0000,0.5988,3.0000,0,17.4247,0.0000,0.0000,0.0000,0.0000,0.6282,-4.0347,4.6629,-3.4065
100.597,2,0,learned,23.5694,147.6332,1.7471,0.3097,1.0357,1.0810,-0.2328,1.7527,0.0000,-1.6240,0.9739,2.3121,0.0056,3.0000,0.6988,3.0000,0,17.4247,0.0000,0.0000,0.0000,0.0000,0.6282,-4.0351,4.6633,-3.4069
100.646,2,0,learned,23.5841,147.6727,1.7488,0.3044,0.9803,1.0265,-0.2245,1.7622,0.0000,-1.6141,0.9739,2.2760,0.0134,3.0000,0.6988,3.0000,0,17.4247,0.0000,0.0000,0.0000,0.0000,0.9051,-3.9998,4.9049,-3.0947
100.697,2,0,learned,23.5977,147.7080,1.7493,0.3000,0.9316,0.9787,-0.2363,1.7711,0.0000,-1.6054,0.9739,2.2440,0.0218,3.0000,0.7989,3.0000,0,17.4247,0.0000,0.0000,0.0000,0.0000,1.1455,-3.8241,4.9695,-2.6786
100.747,2,0,learned,23.5977,147.7080,1.7503,0.3000,0.9316,0.9787,0.2888,1.7711,0.0000,-1.6054,0.9739,2.2440,0.0208,3.0000,0.7989,3.0000,0,17.4247,0.0000,0.0000,0.0000,0.0000,1.1784,-7.4658,8.6443,-6.2874
100.797,2,0,learned,23.6116,147.7438,1.7516,0.2935,0.8828,0.9303,-0.2427,1.7805,0.0000,-1.5968,0.9739,2.2118,0.0290,3.0000,0.8991,3.0000,0,17.4247,0.0000,0.0000,0.0000,0.0000,1.3886,-3.6926,5.0812,-2.3040
100.847,2,0,learned,23.6243,147.7761,1.7518,0.2878,0.8410,0.8888,0.2760,1.7893,0.0000,-1.5891,0.9739,2.1829,0.0375,3.0000,0.8991,3.0000,0,17.4247,0.0000,0.0000,0.0000,0.0000,1.6276,-7.2053,8.8330,-5.5777
100.897,2,0,learned,23.6374,147.8091,1.7531,0.2805,0.7995,0.8473,0.2920,1.7985,0.0000,-1.5814,0.9739,2.1537,0.0454,3.0000,0.9994,3.0000,0,17.4247,0.0000,0.0000,0.0000,0.0000,1.8356,-7.2270,9.0626,-5.3914
100.946,2,0,learned,23.6494,147.8390,1.7541,0.2744,0.7643,0.8120,0.2848,1.8072,0.0000,-1.5745,0.9739,2.1273,0.0531,3.0000,0.9994,3.0000,0,17.4247,0.0000,0.0000,0.0000,0.0000,2.0098,-7.0999,9.1098,-5.0901
100.998,2,0,learned,23.6494,147.8390,1.7545,0.2744,0.7643,0.8120,-0.2567,1.8072,0.0000,-1.5745,0.9739,2.1273,0.0527,3.0000,1.0991,3.0000,0,17.4247,0.0000,0.0000,0.0000,0.0000,1.9788,-3.3353,5.3141,-1.3565
101.046,2,0,learned,23.6618,147.8696,1.7554,0.2675,0.7290,0.7765,-0.2467,1.8164,0.0000,-1.5677,0.9739,2.1006,0.0609,3.0000,1.0991,3.0000,0,17.4247,0.0000,0.0000,0.0000,0.0000,2.1554,-3.3190,5.4744,-1.1636
101.097,2,0,learned,23.6734,147.8973,1.7562,0.2620,0.6987,0.7462,-0.2482,1.8250,0.0000,-1.5616,0.9739,2.0766,0.0688,3.0000,1.1994,3.0000,0,17.4247,0.0000,0.0000,0.0000,0.0000,2.3043,-3.2289,5.5332,-0.9246
101.146,2,0,learned,23.6734,147.8973,1.7567,0.2620,0.6987,0.7462,-0.2675,1.8250,0.0000,-1.5616,0.9739,2.0766,0.0683,3.0000,1.1994,3.0000,0,17.4247,0.0000,0.0000,0.0000,0.0000,2.3032,-3.0970,5.4002,-0.7938
101.196,2,0,learned,23.6854,147.9255,1.7577,0.2558,0.6674,0.7147,-0.2667,1.8341,0.0000,-1.5557,0.9739,2.0524,0.0764,3.0000,1.2989,3.0000,0,17.4247,0.0000,0.0000,0.0000,0.0000,2.4581,-3.0200,5.4781,-0.5619
101.247,2,0,learned,23.6965,147.9508,1.7580,0.2510,0.6395,0.6870,-0.2675,1.8427,0.0000,-1.5507,0.9739,2.0309,0.0846,3.0000,1.2989,3.0000,0,17.4247,0.0000,0.0000,0.0000,0.0000,2.5932,-2.9362,5.5295,-0.3430
101.297,2,0,learned,23.6965,147.9508,1.7587,0.2510,0.6395,0.6870,0.2800,1.8427,0.0000,-1.5507,0.9739,2.0309,0.0839,3.0000,1.3998,3.0000,0,17.4247,0.0000,0.0000,0.0000,0.0000,2.6231,-6.7625,9.3856,-4.1394
101.347,2,0,learned,23.7081,147.9763,1.7596,0.2452,0.6095,0.6570,-0.2742,1.8516,0.0000,-1.5459,0.9739,2.0096,0.0920,3.0000,1.3998,3.0000,0,17.4247,0.0000,0.0000,0.0000,0.0000,2.7393,-2.8145,5.5539,-0.0752
101.396,2,0,learned,23.7187,147.9988,1.7601,0.2403,0.5817,0.6294,0.2973,1.8599,0.0000,-1.5420,0.9739,1.9909,0.0998,3.0000,1.4990,3.0000,0,17.4247,0.0000,0.0000,0.0000,0.0000,2.9033,-6.7284,9.6317,-3.8251
101.447,2,0,learned,23.7296,148.0212,1.7609,0.2343,0.5515,0.5992,-0.2690,1.8684,0.0000,-1.5384,0.9739,1.9726,0.1075,3.0000,1.4990,3.0000,0,17.4247,0.0000,0.0000,0.0000,0.0000,3.0195,-2.7023,5.7217,0.3172
101.497,2,0,learned,23.7396,148.0410,1.7613,0.2291,0.5234,0.5713,0.2938,1.8762,0.0000,-1.5356,0.9739,1.9568,0.1149,3.0000,1.5996,3.0000,0,17.4247,0.0000,0.0000,0.0000,0.0000,3.1833,-6.5613,9.7447,-3.3780
101.547,2,0,learned,23.7396,148.0410,1.7619,0.2291,0.5234,0.5713,-0.2755,1.8762,0.0000,-1.5356,0.9739,1.9568,0.1143,3.0000,1.5996,3.0000,0,17.4247,0.0000,0.0000,0.0000,0.0000,3.1537,-2.5904,5.7441,0.5633
101.597,2,0,learned,23.7499,148.0604,1.7626,0.2229,0.4934,0.5414,0.3065,1.8843,0.0000,-1.5332,0.9739,1.9414,0.1217,3.0000,1.6989,3.0000,0,17.4247,0.0000,0.0000,0.0000,0.0000,3.3273,-6.5801,9.9074,-3.2529
101.647,2,0,learned,23.7594,148.0774,1.7630,0.2178,0.4658,0.5142,-0.2812,1.8917,0.0000,-1.5315,0.9739,1.9281,0.1287,3.0000,1.6989,3.0000,0,17.4247,0.0000,0.0000,0.0000,0.0000,3.4270,-2.4135,5.8405,1.0136
101.697,2,0,learned,23.7692,148.0943,1.7636,0.2122,0.4373,0.4861,0.3153,1.8994,0.0000,-1.5302,0.9739,1.9153,0.1358,3.0000,1.7996,3.0000,0,17.4247,0.0000,0.0000,0.0000,0.0000,3.5911,-6.5070,10.0981,-2.9159
101.747,2,0,learned,23.7784,148.1091,1.7640,0.2079,0.4116,0.4612,-0.2920,1.9064,0.0000,-1.5294,0.9739,1.9043,0.1424,3.0000,1.7996,3.0000,0,17.4247,0.0000,0.0000,0.0000,0.0000,3.6782,-2.2127,5.8909,1.4655
101.797,2,0,learned,23.7784,148.1091,1.7645,0.2079,0.4116,0.4612,0.3143,1.9064,0.0000,-1.5294,0.9739,1.9043,0.1419,3.0000,1.8993,3.0000,0,17.4247,0.0000,0.0000,0.0000,0.0000,3.7089,-6.4442,10.1531,-2.7353
101.847,2,0,learned,23.7879,148.1238,1.7651,0.2031,0.3858,0.4360,-0.3015,1.9138,0.0000,-1.5290,0.9739,1.8936,0.1487,3.0000,1.8993,3.0000,0,17.4247,0.0000,0.0000,0.0000,0.0000,3.7962,-2.0896,5.8858,1.7066
101.897,2,0,learned,23.7967,148.1368,1.7654,0.1991,0.3629,0.4139,0.3100,1.9205,0.0000,-1.5290,0.9739,1.8844,0.1550,3.0000,1.9993,3.0000,0,17.4247,0.0000,0.0000,0.0000,0.0000,3.9305,-6.2999,10.2304,-2.3693
101.947,2,0,learned,23.8059,148.1497,1.7659,0.1944,0.3400,0.3917,-0.2888,1.9274,0.0000,-1.5293,0.9739,1.8754,0.1615,3.0000,1.9993,3.0000,0,17.4247,0.0000,0.0000,0.0000,0.0000,4.0041,-2.0689,6.0730,1.9353
101.996,2,0,learned,23.8142,148.1611,1.7662,0.1901,0.3195,0.3718,0.3093,1.9337,0.0000,-1.5298,0.9739,1.8677,0.1675,3.0000,2.0993,3.0000,0,17.4247,0.0000,0.0000,0.0000,0.0000,4.1264,-6.1881,10.3145,-2.0617
102.047,2,0,learned,23.8142,148.1611,1.7666,0.1901,0.3195,0.3718,-0.3005,1.9337,0.0000,-1.5298,0.9739,1.8677,0.1671,3.0000,2.0993,3.0000,0,17.4247,0.0000,0.0000,0.0000,0.0000,4.0957,-1.9389,6.0347,2.1568
102.097,2,0,learned,23.8227,148.1723,1.7671,0.1848,0.2987,0.3513,0.3158,1.9401,0.0000,-1.5305,0.9739,1.8602,0.1730,3.0000,2.1991,3.0000,0,17.4247,0.0000,0.0000,0.0000,0.0000,4.2220,-6.1826,10.4046,-1.9605
102.147,2,0,learned,23.8304,148.1821,1.7673,0.1799,0.2797,0.3326,-0.3013,1.9459,0.0000,-1.5314,0.9739,1.8539,0.1786,3.0000,2.1991,3.0000,0,17.4247,0.0000,0.0000,0.0000,0.0000,4.2775,-1.8365,6.1139,2.4410
102.197,2,0,learned,23.8382,148.1916,1.7678,0.1741,0.2603,0.3131,0.3242,1.9517,0.0000,-1.5325,0.9739,1.8480,0.1840,3.0000,2.2987,3.0000,0,17.4247,0.0000,0.0000,0.0000,0.0000,4.3982,-6.1447,10.5429,-1.7465
102.246,2,0,learned,23.8453,148.1998,1.7680,0.1690,0.2422,0.2953,-0.3043,1.9570,0.0000,-1.5338,0.9739,1.8431,0.1890,3.0000,2.2987,3.0000,0,17.4247,0.0000,0.0000,0.0000,0.0000,4.4487,-1.7270,6.1758,2.7217
102.297,2,0,learned,23.8453,148.1998,1.7683,0.1690,0.2422,0.2953,0.3098,1.9570,0.0000,-1.5338,0.9739,1.8431,0.1887,3.0000,2.3993,3.0000,0,17.4247,0.0000,0.0000,0.0000,0.0000,4.4795,-6.0061,10.4855,-1.5266
102.346,2,0,learned,23.8527,148.2075,1.7686,0.1635,0.2235,0.2769,-0.3050,1.9623,0.0000,-1.5356,0.9739,1.8387,0.1936,3.0000,2.3993,3.0000,0,17.4247,0.0000,0.0000,0.0000,0.0000,4.5329,-1.6824,6.2153,2.8504
102.397,2,0,learned,23.8595,148.2140,1.7689,0.1589,0.2059,0.2601,0.3360,1.9670,0.0000,-1.5375,0.9739,1.8353,0.1981,3.0000,2.4991,3.0000,0,17.4247,0.0000,0.0000,0.0000,0.0000,4.6413,-6.1006,10.7419,-1.4593
102.447,2,0,learned,23.8665,148.2200,1.7691,0.1543,0.1877,0.2430,-0.3285,1.9718,0.0000,-1.5400,0.9739,1.8326,0.2027,3.0000,2.4991,3.0000,0,17.4247,0.0000,0.0000,0.0000,0.0000,4.6861,-1.4458,6.1318,3.2403
102.497,2,0,learned,23.8731,148.2247,1.7694,0.1507,0.1700,0.2271,0.3370,1.9761,0.0000,-1.5427,0.9739,1.8308,0.2067,3.0000,2.5991,3.0000,0,17.4247,0.0000,0.0000,0.0000,0.0000,4.7905,-6.0361,10.8266,-1.2457
102.547,2,0,learned,23.8731,148.2247,1.7696,0.1507,0.1700,0.2271,-0.3355,1.9761,0.0000,-1.5427,0.9739,1.8308,0.2065,3.0000,2.5991,3.0000,0,17.4247,0.0000,0.0000,0.0000,0.0000,4.7571,-1.3676,6.1247,3.3896
102.597,2,0,learned,23.8799,148.2288,1.7698,0.1468,0.1516,0.2110,0.3188,1.9804,0.0000,-1.5461,0.9739,1.8297,0.2106,3.0000,2.6989,3.0000,0,17.4247,0.0000,0.0000,0.0000,0.0000,4.8623,-5.8827,10.7449,-1.0204
102.646,2,0,learned,23.8862,148.2318,1.7700,0.1437,0.1338,0.1964,-0.3325,1.9842,0.0000,-1.5496,0.9739,1.8295,0.2142,3.0000,2.6989,3.0000,0,17.4247,0.0000,0.0000,0.0000,0.0000,4.8954,-1.3306,6.2261,3.5648
102.697,2,0,learned,23.8927,148.2341,1.7703,0.1399,0.1159,0.1817,0.3285,1.9880,0.0000,-1.5537,0.9739,1.8300,0.2177,3.0000,2.7994,3.0000,0,17.4247,0.0000,0.0000,0.0000,0.0000,4.9942,-5.8928,10.8869,-0.8986
102.747,2,0,learned,23.8986,148.2355,1.7704,0.1366,0.0985,0.1685,-0.3302,1.9913,0.0000,-1.5578,0.9739,1.8311,0.2208,3.0000,2.7994,3.0000,0,17.4247,0.0000,0.0000,0.0000,0.0000,5.0199,-1.2981,6.3180,3.7217
102.797,2,0,learned,23.9047,148.2362,1.7707,0.1326,0.0815,0.1557,-0.3330,1.9944,0.0000,-1.5624,0.9739,1.8330,0.2237,3.0000,2.8990,3.0000,0,17.4247,0.0000,0.0000,0.0000,0.0000,5.0766,-1.2588,6.3354,3.8179
102.847,2,0,learned,23.9101,148.2362,1.7709,0.1290,0.0654,0.1446,0.3377,1.9972,0.0000,-1.5669,0.9739,1.8352,0.2263,3.0000,2.8990,3.0000,0,17.4247,0.0000,0.0000,0.0000,0.0000,5.1593,-5.8901,11.0493,-0.7308
102.897,2,0,learned,23.9101,148.2362,1.7710,0.1290,0.0654,0.1446,0.3513,1.9972,0.0000,-1.5669,0.9739,1.8352,0.2261,3.0000,2.9995,3.0000,0,17.4247,0.0000,0.0000,0.0000,0.0000,5.1598,-5.9812,11.1410,-0.8214
102.947,2,0,learned,23.9158,148.2356,1.7712,0.1249,0.0500,0.1345,-0.3410,1.9998,0.0000,-1.5719,0.9739,1.8381,0.2287,3.0000,2.9995,3.0000,0,17.4247,0.0000,0.0000,0.0000,0.0000,5.1698,-1.1700,6.3397,3.9998
102.996,2,0,done,23.9210,148.2345,1.7713,0.1215,0.0354,0.1266,0.3438,1.7713,0.0000,0.0000,0.0000,0.0000,0.0000,3.0000,0.0000,3.0000,1,17.4247,0.0000,0.0000,0.0000,0.0000,0.0000,0.0000,0.0000,0.0000
103.046,2,0,done,23.9263,148.2328,1.7714,0.1178,0.0216,0.1197,-0.3367,1.7714,0.0000,0.0000,0.0000,0.0000,0.0000,3.0000,0.0000,3.0000,1,17.4247,0.0000,0.0000,0.0000,0.0000,0.0000,0.0000,0.0000,0.0000
103.096,2,0,done,23.9263,148.2328,1.7716,0.1178,0.0216,0.1197,0.3545,1.7716,0.0000,0.0000,0.0000,0.0000,0.0000,3.0000,0.0000,3.0000,1,17.4247,0.0000,0.0000,0.0000,0.0000,0.0000,0.0000,0.0000,0.0000
103.146,2,0,done,23.9313,148.2306,1.7717,0.1150,0.0081,0.1153,-0.3540,1.7717,0.0000,0.0000,0.0000,0.0000,0.0000,3.0000,0.0000,3.0000,1,17.4247,0.0000,0.0000,0.0000,0.0000,0.0000,0.0000,0.0000,0.0000
103.196,2,0,done,23.9365,148.2277,1.7718,0.1120,-0.0048,0.1121,0.3603,1.7718,0.0000,0.0000,0.0000,0.0000,0.0000,3.0000,0.0000,3.0000,1,17.4247,0.0000,0.0000,0.0000,0.0000,0.0000,0.0000,0.0000,0.0000
103.246,2,0,done,23.9413,148.2243,1.7720,0.1097,-0.0176,0.1111,-0.3377,1.7720,0.0000,0.0000,0.0000,0.0000,0.0000,3.0000,0.0000,3.0000,1,17.4247,0.0000,0.0000,0.0000,0.0000,0.0000,0.0000,0.0000,0.0000
103.296,2,0,done,23.9463,148.2201,1.7721,0.1068,-0.0302,0.1110,-0.3583,1.7721,0.0000,0.0000,0.0000,0.0000,0.0000,3.0000,0.0000,3.0000,1,17.4247,0.0000,0.0000,0.0000,0.0000,0.0000,0.0000,0.0000,0.0000
103.346,2,0,done,23.9508,148.2155,1.7723,0.1044,-0.0435,0.1131,0.3473,1.7723,0.0000,0.0000,0.0000,0.0000,0.0000,3.0000,0.0000,3.0000,1,17.4247,0.0000,0.0000,0.0000,0.0000,0.0000,0.0000,0.0000,0.0000
103.396,2,0,done,23.9508,148.2155,1.7724,0.1044,-0.0435,0.1131,-0.3573,1.7724,0.0000,0.0000,0.0000,0.0000,0.0000,3.0000,0.0000,3.0000,1,17.4247,0.0000,0.0000,0.0000,0.0000,0.0000,0.0000,0.0000,0.0000
103.446,2,0,done,23.9555,148.2098,1.7725,0.1016,-0.0567,0.1163,-0.3628,1.7725,0.0000,0.0000,0.0000,0.0000,0.0000,3.0000,0.0000,3.0000,1,17.4247,0.0000,0.0000,0.0000,0.0000,0.0000,0.0000,0.0000,0.0000
103.496,2,0,done,23.9598,148.2037,1.7727,0.0992,-0.0708,0.1219,0.3775,1.7727,0.0000,0.0000,0.0000,0.0000,0.0000,3.0000,0.0000,3.0000,1,17.4247,0.0000,0.0000,0.0000,0.0000,0.0000,0.0000,0.0000,0.0000
103.546,2,0,done,23.9644,148.1964,1.7729,0.0968,-0.0848,0.1287,0.3750,1.7729,0.0000,0.0000,0.0000,0.0000,0.0000,3.0000,0.0000,3.0000,1,17.4247,0.0000,0.0000,0.0000,0.0000,0.0000,0.0000,0.0000,0.0000
103.596,2,0,done,23.9686,148.1887,1.7731,0.0950,-0.0998,0.1378,-0.3655,1.7731,0.0000,0.0000,0.0000,0.0000,0.0000,3.0000,0.0000,3.0000,1,17.4247,0.0000,0.0000,0.0000,0.0000,0.0000,0.0000,0.0000,0.0000
103.646,2,0,done,23.9686,148.1887,1.7732,0.0950,-0.0998,0.1378,-0.3660,1.7732,0.0000,0.0000,0.0000,0.0000,0.0000,3.0000,0.0000,3.0000,1,17.4247,0.0000,0.0000,0.0000,0.0000,0.0000,0.0000,0.0000,0.0000
103.696,2,0,done,23.9730,148.1798,1.7735,0.0931,-0.1141,0.1472,-0.3610,1.7735,0.0000,0.0000,0.0000,0.0000,0.0000,3.0000,0.0000,3.0000,1,17.4247,0.0000,0.0000,0.0000,0.0000,0.0000,0.0000,0.0000,0.0000
103.746,2,0,done,23.9772,148.1708,1.7737,0.0919,-0.1289,0.1583,0.3920,1.7737,0.0000,0.0000,0.0000,0.0000,0.0000,3.0000,0.0000,3.0000,1,17.4247,0.0000,0.0000,0.0000,0.0000,0.0000,0.0000,0.0000,0.0000
103.796,2,0,done,23.9816,148.1606,1.7739,0.0905,-0.1423,0.1687,-0.3765,1.7739,0.0000,0.0000,0.0000,0.0000,0.0000,3.0000,0.0000,3.0000,1,17.4247,0.0000,0.0000,0.0000,0.0000,0.0000,0.0000,0.0000,0.0000
103.846,2,0,done,23.9857,148.1504,1.7739,0.0895,-0.1561,0.1799,-0.3695,1.7739,0.0000,0.0000,0.0000,0.0000,0.0000,3.0000,0.0000,3.0000,1,17.4247,0.0000,0.0000,0.0000,0.0000,0.0000,0.0000,0.0000,0.0000
103.896,2,0,done,23.9900,148.1392,1.7745,0.0881,-0.1682,0.1898,0.3710,1.7745,0.0000,0.0000,0.0000,0.0000,0.0000,3.0000,0.0000,3.0000,1,17.4247,0.0000,0.0000,0.0000,0.0000,0.0000,0.0000,0.0000,0.0000
103.946,2,0,done,23.9940,148.1282,1.7746,0.0869,-0.1805,0.2003,0.3957,1.7746,0.0000,0.0000,0.0000,0.0000,0.0000,3.0000,0.0000,3.0000,1,17.4247,0.0000,0.0000,0.0000,0.0000,0.0000,0.0000,0.0000,0.0000
103.996,2,0,done,23.9940,148.1282,1.7748,0.0869,-0.1805,0.2003,-0.3720,1.7748,0.0000,0.0000,0.0000,0.0000,0.0000,3.0000,0.0000,3.0000,1,17.4247,0.0000,0.0000,0.0000,0.0000,0.0000,0.0000,0.0000,0.0000
104.046,2,0,done,23.9980,148.1160,1.7750,0.0853,-0.1913,0.2094,0.3810,1.7750,0.0000,0.0000,0.0000,0.0000,0.0000,3.0000,0.0000,3.0000,1,17.4247,0.0000,0.0000,0.0000,0.0000,0.0000,0.0000,0.0000,0.0000
104.096,2,0,done,24.0018,148.1040,1.7753,0.0839,-0.2028,0.2194,-0.3763,1.7753,0.0000,0.0000,0.0000,0.0000,0.0000,3.0000,0.0000,3.0000,1,17.4247,0.0000,0.0000,0.0000,0.0000,0.0000,0.0000,0.0000,0.0000
104.146,2,0,done,24.0057,148.0909,1.7755,0.0822,-0.2128,0.2281,0.4060,1.7755,0.0000,0.0000,0.0000,0.0000,0.0000,3.0000,0.0000,3.0000,1,17.4247,0.0000,0.0000,0.0000,0.0000,0.0000,0.0000,0.0000,0.0000
104.196,2,0,done,24.0094,148.0781,1.7757,0.0810,-0.2237,0.2379,-0.3937,1.7757,0.0000,0.0000,0.0000,0.0000,0.0000,3.0000,0.0000,3.0000,1,17.4247,0.0000,0.0000,0.0000,0.0000,0.0000,0.0000,0.0000,0.0000
104.246,2,0,done,24.0094,148.0781,1.7759,0.0810,-0.2237,0.2379,0.4062,1.7759,0.0000,0.0000,0.0000,0.0000,0.0000,3.0000,0.0000,3.0000,1,17.4247,0.0000,0.0000,0.0000,0.0000,0.0000,0.0000,0.0000,0.0000
104.296,2,0,done,24.0132,148.0639,1.7761,0.0795,-0.2333,0.2465,-0.3852,1.7761,0.0000,0.0000,0.0000,0.0000,0.0000,3.0000,0.0000,3.0000,1,17.4247,0.0000,0.0000,0.0000,0.0000,0.0000,0.0000,0.0000,0.0000
104.346,2,0,done,24.0168,148.0501,1.7764,0.0784,-0.2441,0.2564,0.3970,1.7764,0.0000,0.0000,0.0000,0.0000,0.0000,3.0000,0.0000,3.0000,1,17.4247,0.0000,0.0000,0.0000,0.0000,0.0000,0.0000,0.0000,0.0000
104.396,2,0,done,24.0205,148.0350,1.7766,0.0772,-0.2535,0.2650,-0.3982,1.7766,0.0000,0.0000,0.0000,0.0000,0.0000,3.0000,0.0000,3.0000,1,17.4247,0.0000,0.0000,0.0000,0.0000,0.0000,0.0000,0.0000,0.0000
104.446,2,0,done,24.0240,148.0203,1.7768,0.0764,-0.2641,0.2750,0.4037,1.7768,0.0000,0.0000,0.0000,0.0000,0.0000,3.0000,0.0000,3.0000,1,17.4247,0.0000,0.0000,0.0000,0.0000,0.0000,0.0000,0.0000,0.0000
104.496,2,0,done,24.0240,148.0203,1.7770,0.0764,-0.2641,0.2750,-0.3750,1.7770,0.0000,0.0000,0.0000,0.0000,0.0000,3.0000,0.0000,3.0000,1,17.4247,0.0000,0.0000,0.0000,0.0000,0.0000,0.0000,0.0000,0.0000
104.546,2,0,done,24.0277,148.0042,1.7773,0.0753,-0.2731,0.2833,0.4002,1.7773,0.0000,0.0000,0.0000,0.0000,0.0000,3.0000,0.0000,3.0000,1,17.4247,0.0000,0.0000,0.0000,0.0000,0.0000,0.0000,0.0000,0.0000
104.596,2,0,done,24.0311,147.9887,1.7774,0.0744,-0.2831,0.2927,-0.4140,1.7774,0.0000,0.0000,0.0000,0.0000,0.0000,3.0000,0.0000,3.0000,1,17.4247,0.0000,0.0000,0.0000,0.0000,0.0000,0.0000,0.0000,0.0000
104.646,2,0,done,24.0347,147.9719,1.7774,0.0732,-0.2912,0.3002,-0.3987,1.7774,0.0000,0.0000,0.0000,0.0000,0.0000,3.0000,0.0000,3.0000,1,17.4247,0.0000,0.0000,0.0000,0.0000,0.0000,0.0000,0.0000,0.0000
104.696,2,0,done,24.0347,147.9719,1.7781,0.0732,-0.2912,0.3002,0.4260,1.7781,0.0000,0.0000,0.0000,0.0000,0.0000,3.0000,0.0000,3.0000,1,17.4247,0.0000,0.0000,0.0000,0.0000,0.0000,0.0000,0.0000,0.0000
104.746,2,0,done,24.0380,147.9557,1.7780,0.0724,-0.3003,0.3089,0.4320,1.7780,0.0000,0.0000,0.0000,0.0000,0.0000,3.0000,0.0000,3.0000,1,17.4247,0.0000,0.0000,0.0000,0.0000,0.0000,0.0000,0.0000,0.0000
104.796,2,0,done,24.0415,147.9383,1.7783,0.0712,-0.3073,0.3155,-0.4103,1.7783,0.0000,0.0000,0.0000,0.0000,0.0000,3.0000,0.0000,3.0000,1,17.4247,0.0000,0.0000,0.0000,0.0000,0.0000,0.0000,0.0000,0.0000
104.846,2,0,done,24.0447,147.9216,1.7785,0.0704,-0.3155,0.3233,0.4133,1.7785,0.0000,0.0000,0.0000,0.0000,0.0000,3.0000,0.0000,3.0000,1,17.4247,0.0000,0.0000,0.0000,0.0000,0.0000,0.0000,0.0000,0.0000
104.896,2,0,done,24.0447,147.9216,1.7787,0.0704,-0.3155,0.3233,-0.4105,1.7787,0.0000,0.0000,0.0000,0.0000,0.0000,3.0000,0.0000,3.0000,1,17.4247,0.0000,0.0000,0.0000,0.0000,0.0000,0.0000,0.0000,0.0000
104.946,2,0,done,24.0481,147.9036,1.7789,0.0694,-0.3217,0.3291,0.4340,1.7789,0.0000,0.0000,0.0000,0.0000,0.0000,3.0000,0.0000,3.0000,1,17.4247,0.0000,0.0000,0.0000,0.0000,0.0000,0.0000,0.0000,0.0000
104.996,2,0,done,24.0513,147.8864,1.7791,0.0688,-0.3289,0.3360,0.4270,1.7791,0.0000,0.0000,0.0000,0.0000,0.0000,3.0000,0.0000,3.0000,1,17.4247,0.0000,0.0000,0.0000,0.0000,0.0000,0.0000,0.0000,0.0000
