t,mode_code,shadow_mode,policy_source,x,y,yaw,vx,vy,speed,yaw_rate,psi_ref,u_ref,e_ct,chi_p,dist_to_wp,heading_error,pos_tol,hold_elapsed,hold_required,completed,seg_len,left_raw,right_raw,common_raw,diff_raw,delta_common,delta_diff,left_final,right_final
2.391,0,1,heuristic,-0.0038,-0.0411,0.9975,-0.0126,-0.0828,0.0838,0.0075,1.7154,2.5000,9.5912,2.0645,28.0389,0.7179,3.0000,0.0000,2.0000,0,23.6757,110.0000,110.0000,110.0000,0.0000,0.0000,0.0000,110.0000,110.0000
2.441,0,1,heuristic,-0.0043,-0.0453,0.9974,-0.0118,-0.0836,0.0845,-0.0015,1.7153,2.5000,9.5943,2.0645,28.0437,0.7179,3.0000,0.0000,2.0000,0,23.6757,220.0000,220.0000,220.0000,0.0000,0.0000,0.0000,220.0000,220.0000
2.491,0,1,heuristic,-0.0043,-0.0453,0.9974,-0.0118,-0.0836,0.0845,-0.0138,1.7153,2.5000,9.5966,2.0645,28.0477,0.7179,3.0000,0.0000,2.0000,0,23.6757,305.1193,239.4944,272.3068,-32.8125,0.0000,0.0000,305.1193,239.4944
2.541,0,1,heuristic,-0.0040,-0.0482,0.9974,-0.0086,-0.0783,0.0788,-0.0015,1.7153,2.5000,9.5966,2.0645,28.0477,0.7179,3.0000,0.0000,2.0000,0,23.6757,332.2317,260.7492,296.4905,-35.7413,0.0000,0.0000,332.2317,260.7492
2.590,0,1,heuristic,-0.0021,-0.0485,0.9973,0.0011,-0.0636,0.0636,0.0060,1.7153,2.5000,9.5978,2.0645,28.0507,0.7179,3.0000,0.0000,2.0000,0,23.6757,425.7940,336.9770,381.3855,-44.4085,0.0000,0.0000,425.7940,336.9770
2.641,0,1,heuristic,0.0023,-0.0450,0.9972,0.0179,-0.0376,0.0416,-0.0010,1.7154,2.5000,9.5963,2.0645,28.0512,0.7180,3.0000,0.0000,2.0000,0,23.6757,425.7940,336.9770,381.3855,-44.4085,0.0000,0.0000,425.7940,336.9770
2.691,0,1,heuristic,0.0091,-0.0376,0.9968,0.0428,0.0009,0.0428,-0.0232,1.7155,2.5000,9.5907,2.0645,28.0484,0.7184,3.0000,0.0000,2.0000,0,23.6757,499.9698,355.2650,427.6174,-72.3524,0.0000,0.0000,499.9698,355.2650
2.741,0,1,heuristic,0.0195,-0.0246,0.9964,0.0741,0.0505,0.0897,-0.0105,1.7158,2.5000,9.5812,2.0645,28.0421,0.7190,3.0000,0.0000,2.0000,0,23.6757,531.9851,311.9122,421.9487,-110.0364,0.0000,0.0000,531.9851,311.9122
2.791,0,1,heuristic,0.0323,-0.0074,0.9955,0.1124,0.1124,0.1590,-0.0255,1.7163,2.5000,9.5659,2.0645,28.0308,0.7199,3.0000,0.0000,2.0000,0,23.6757,586.0745,300.0853,443.0799,-142.9946,0.0000,0.0000,586.0745,300.0853
2.840,0,1,heuristic,0.0323,-0.0074,0.9948,0.1124,0.1124,0.1590,-0.0405,1.7168,2.5000,9.5465,2.0645,28.0155,0.7213,3.0000,0.0000,2.0000,0,23.6757,620.0346,385.2202,502.6274,-117.4072,0.0000,0.0000,620.0346,385.2202
2.891,0,1,heuristic,0.0490,0.0170,0.9930,0.1545,0.1837,0.2400,-0.0633,1.7168,2.5000,9.5465,2.0645,28.0155,0.7220,3.0000,0.0000,2.0000,0,23.6757,603.1319,419.0379,511.0849,-92.0470,0.0000,0.0000,603.1319,419.0379
2.941,0,1,heuristic,0.0681,0.0460,0.9917,0.2029,0.2678,0.3360,-0.0663,1.7175,2.5000,9.5202,2.0645,27.9938,0.7245,3.0000,0.0000,2.0000,0,23.6757,532.0010,463.4475,497.7243,-34.2767,0.0000,0.0000,532.0010,463.4475
2.991,0,1,heuristic,0.0922,0.0838,0.9895,0.2552,0.3596,0.4409,-0.0772,1.7183,2.5000,9.4897,2.0645,27.9679,0.7267,3.0000,0.0000,2.0000,0,23.6757,612.9055,512.6657,562.7856,-50.1199,0.0000,0.0000,612.9055,512.6657
3.041,0,1,heuristic,0.1188,0.1257,0.9864,0.3148,0.4621,0.5591,-0.0765,1.7194,2.5000,9.4505,2.0645,27.9341,0.7299,3.0000,0.0000,2.0000,0,23.6757,720.9757,546.4564,633.7160,-87.2596,0.0000,0.0000,720.9757,546.4564
3.091,0,1,heuristic,0.1188,0.1257,0.9843,0.3148,0.4621,0.5591,-0.0905,1.7206,2.5000,9.4073,2.0645,27.8967,0.7342,3.0000,0.0000,2.0000,0,23.6757,796.2093,511.5636,653.8865,-142.3228,0.0000,0.0000,796.2093,511.5636
3.141,0,1,heuristic,0.1515,0.1773,0.9807,0.3778,0.5681,0.6823,-0.0943,1.7206,2.5000,9.4073,2.0645,27.8967,0.7362,3.0000,0.0000,2.0000,0,23.6757,890.9698,505.0298,697.9998,-192.9700,0.0000,0.0000,890.9698,505.0298
3.191,0,1,heuristic,0.1867,0.2328,0.9775,0.4487,0.6856,0.8194,-0.0863,1.7220,2.5000,9.3540,2.0645,27.8506,0.7413,3.0000,0.0000,2.0000,0,23.6757,883.6298,615.0298,749.3298,-134.3000,0.0000,0.0000,883.6298,615.0298
3.241,0,1,heuristic,0.2285,0.2990,0.9738,0.5198,0.8034,0.9569,-0.1153,1.7235,2.5000,9.2967,2.0645,27.8011,0.7461,3.0000,0.0000,2.0000,0,23.6757,874.1029,666.1270,770.1149,-103.9879,0.0000,0.0000,874.1029,666.1270
3.291,0,1,heuristic,0.2720,0.3681,0.9697,0.5970,0.9304,1.1055,-0.1170,1.7254,2.5000,9.2285,2.0645,27.7420,0.7516,3.0000,0.0000,2.0000,0,23.6757,919.9624,692.7922,806.3773,-113.5851,0.0000,0.0000,919.9624,692.7922
3.341,0,1,heuristic,0.2720,0.3681,0.9663,0.5970,0.9304,1.1055,-0.1260,1.7273,2.5000,9.1575,2.0645,27.6805,0.7577,3.0000,0.0000,2.0000,0,23.6757,919.9624,692.7922,806.3773,-113.5851,0.0000,0.0000,919.9624,692.7922
3.391,0,1,heuristic,0.3226,0.4481,0.9614,0.6723,1.0523,1.2487,-0.1395,1.7273,2.5000,9.1575,2.0645,27.6805,0.7611,3.0000,0.0000,2.0000,0,23.6757,967.1798,799.3111,883.2455,-83.9344,0.0000,0.0000,967.1798,799.3111
3.441,0,1,heuristic,0.3742,0.5294,0.9563,0.7528,1.1805,1.4001,-0.1355,1.7296,2.5000,9.0750,2.0645,27.6094,0.7682,3.0000,0.0000,2.0000,0,23.6757,853.1045,869.3934,861.2490,8.1445,0.0000,0.0000,853.1045,869.3934
3.490,0,1,heuristic,0.3742,0.5294,0.9523,0.7528,1.1805,1.4001,-0.1403,1.7319,2.5000,8.9910,2.0645,27.5373,0.7756,3.0000,0.0000,2.0000,0,23.6757,898.8469,861.5252,880.1860,-18.6608,0.0000,0.0000,898.8469,861.5252
3.541,0,1,heuristic,0.4331,0.6219,0.9468,0.8289,1.3000,1.5418,-0.1395,1.7319,2.5000,8.9910,2.0645,27.5373,0.7796,3.0000,0.0000,2.0000,0,23.6757,898.8469,861.5252,880.1860,-18.6608,0.0000,0.0000,898.8469,861.5252
3.591,0,1,heuristic,0.4925,0.7141,0.9426,0.9105,1.4245,1.6906,-0.1415,1.7346,2.5000,8.8953,2.0645,27.4556,0.7878,3.0000,0.0000,2.0000,0,23.6757,999.9943,906.8127,953.4035,-46.5908,0.0000,0.0000,999.9943,906.8127
3.641,0,1,heuristic,0.4925,0.7141,0.9385,0.9105,1.4245,1.6906,-0.1328,1.7373,2.5000,8.7993,2.0645,27.3744,0.7947,3.0000,0.0000,2.0000,0,23.6757,953.7719,915.2465,934.5092,-19.2627,0.0000,0.0000,953.7719,915.2465
3.690,0,1,heuristic,0.5594,0.8172,0.9317,0.9857,1.5361,1.8252,-0.1193,1.7373,2.5000,8.7993,2.0645,27.3744,0.7988,3.0000,0.0000,2.0000,0,23.6757,994.6957,918.0251,956.3604,-38.3353,0.0000,0.0000,994.6957,918.0251
3.741,0,1,heuristic,0.6261,0.9191,0.9264,1.0664,1.6534,1.9674,-0.1155,1.7403,2.5000,8.6915,2.0645,27.2839,0.8086,3.0000,0.0000,2.0000,0,23.6757,999.9874,865.5527,932.7701,-67.2173,0.0000,0.0000,999.9874,865.5527
3.791,0,1,heuristic,0.7005,1.0319,0.9225,1.1395,1.7565,2.0938,-0.1198,1.7434,2.5000,8.5845,2.0645,27.1949,0.8169,3.0000,0.0000,2.0000,0,23.6757,999.9443,967.3758,983.6600,-16.2842,0.0000,0.0000,999.9443,967.3758
3.841,0,1,heuristic,0.7738,1.1421,0.9173,1.2169,1.8642,2.2262,-0.1283,1.7468,2.5000,8.4655,2.0645,27.0967,0.8243,3.0000,0.0000,2.0000,0,23.6757,998.0390,968.1890,983.1140,-14.9250,0.0000,0.0000,998.0390,968.1890
3.891,0,1,heuristic,0.7738,1.1421,0.9135,1.2169,1.8642,2.2262,-0.1138,1.7502,2.5000,8.3488,2.0645,27.0012,0.8328,3.0000,0.0000,2.0000,0,23.6757,998.0390,968.1890,983.1140,-14.9250,0.0000,0.0000,998.0390,968.1890
3.941,0,1,heuristic,0.8549,1.2628,0.9097,1.2854,1.9558,2.3404,-0.1207,1.7502,2.5000,8.3488,2.0645,27.0012,0.8367,3.0000,0.0000,2.0000,0,23.6757,956.6384,992.0990,974.3687,17.7303,0.0000,0.0000,956.6384,992.0990
3.991,0,1,heuristic,0.8549,1.2628,0.9059,1.2854,1.9558,2.3404,-0.1205,1.7539,2.5000,8.2202,2.0645,26.8971,0.8443,3.0000,0.0000,2.0000,0,23.6757,995.9078,997.9521,996.9300,1.0221,0.0000,0.0000,995.9078,997.9521
4.041,0,1,heuristic,0.9342,1.3797,0.9047,1.3587,2.0516,2.4607,-0.1240,1.7539,2.5000,8.2202,2.0645,26.8971,0.8480,3.0000,0.0000,2.0000,0,23.6757,996.7479,994.9410,995.8444,-0.9035,0.0000,0.0000,996.7479,994.9410
4.091,0,1,heuristic,0.9342,1.3797,0.8998,1.3587,2.0516,2.4607,-0.1098,1.7576,2.5000,8.0950,2.0645,26.7968,0.8530,3.0000,0.0000,2.0000,0,23.6757,995.2120,999.3684,997.2902,2.0782,0.0000,0.0000,995.2120,999.3684
4.141,0,1,heuristic,1.0211,1.5065,0.8975,1.4213,2.1291,2.5599,-0.0922,1.7576,2.5000,8.0950,2.0645,26.7968,0.8578,3.0000,0.0000,2.0000,0,23.6757,997.3267,999.1533,998.2400,0.9133,0.0000,0.0000,997.3267,999.1533
4.191,0,1,heuristic,1.1053,1.6282,0.8929,1.4877,2.2104,2.6644,-0.0975,1.7617,2.5000,7.9583,2.0645,26.6885,0.8642,3.0000,0.0000,2.0000,0,23.6757,982.2789,996.7556,989.5172,7.2383,0.0000,0.0000,982.2789,996.7556
4.241,0,1,heuristic,1.1053,1.6282,0.8907,1.4877,2.2104,2.6644,-0.1215,1.7657,2.5000,7.8265,2.0645,26.5852,0.8728,3.0000,0.0000,2.0000,0,23.6757,948.8946,973.3878,961.1412,12.2466,0.0000,0.0000,948.8946,973.3878
4.294,0,1,heuristic,1.1966,1.7592,0.8863,1.5414,2.2720,2.7455,-0.0912,1.7657,2.5000,7.8265,2.0645,26.5852,0.8750,3.0000,0.0000,2.0000,0,23.6757,931.4600,967.9061,949.6830,18.2231,0.0000,0.0000,931.4600,967.9061
4.341,0,1,heuristic,1.1966,1.7592,0.8832,1.5414,2.2720,2.7455,-0.1033,1.7700,2.5000,7.6840,2.0645,26.4747,0.8837,3.0000,0.0000,2.0000,0,23.6757,943.1520,994.4140,968.7830,25.6310,0.0000,0.0000,943.1520,994.4140
4.390,0,1,heuristic,1.2841,1.8838,0.8812,1.5976,2.3367,2.8306,-0.0843,1.7700,2.5000,7.6840,2.0645,26.4747,0.8868,3.0000,0.0000,2.0000,0,23.6757,951.7806,996.3990,974.0898,22.3092,0.0000,0.0000,951.7806,996.3990
4.440,0,1,heuristic,1.3782,2.0168,0.8764,1.6400,2.3811,2.8912,-0.0793,1.7742,2.5000,7.5480,2.0645,26.3701,0.8930,3.0000,0.0000,2.0000,0,23.6757,992.1008,995.7921,993.9465,1.8456,0.0000,0.0000,992.1008,995.7921
4.491,0,1,heuristic,1.3782,2.0168,0.8737,1.6400,2.3811,2.8912,-0.0840,1.7788,2.5000,7.4021,2.0645,26.2591,0.9023,3.0000,0.0000,2.0000,0,23.6757,999.3055,999.1867,999.2461,-0.0594,0.0000,0.0000,999.3055,999.1867
4.540,0,1,heuristic,1.4679,2.1429,0.8729,1.6860,2.4302,2.9578,-0.0858,1.7788,2.5000,7.4021,2.0645,26.2591,0.9050,3.0000,0.0000,2.0000,0,23.6757,968.2482,995.5316,981.8899,13.6417,0.0000,0.0000,968.2482,995.5316
4.591,0,1,heuristic,1.4679,2.1429,0.8695,1.6860,2.4302,2.9578,-0.0828,1.7831,2.5000,7.2633,2.0645,26.1545,0.9102,3.0000,0.0000,2.0000,0,23.6757,916.3995,996.6093,956.5044,40.1049,0.0000,0.0000,916.3995,996.6093
4.641,0,1,heuristic,1.5642,2.2774,0.8671,1.7193,2.4613,3.0023,-0.0855,1.7831,2.5000,7.2633,2.0645,26.1545,0.9136,3.0000,0.0000,2.0000,0,23.6757,818.3771,997.0677,907.7224,89.3453,0.0000,0.0000,818.3771,997.0677
4.691,0,1,heuristic,1.6559,2.4044,0.8648,1.7571,2.4983,3.0544,-0.0602,1.7878,2.5000,7.1147,2.0645,26.0436,0.9207,3.0000,0.0000,2.0000,0,23.6757,818.3771,997.0677,907.7224,89.3453,0.0000,0.0000,818.3771,997.0677
4.741,0,1,heuristic,1.6559,2.4044,0.8641,1.7571,2.4983,3.0544,-0.0595,1.7923,2.5000,6.9739,2.0645,25.9396,0.9275,3.0000,0.0000,2.0000,0,23.6757,855.5175,996.6603,926.0889,70.5714,0.0000,0.0000,855.5175,996.6603
4.791,0,1,heuristic,1.7536,2.5388,0.8607,1.7818,2.5155,3.0826,-0.0500,1.7923,2.5000,6.9739,2.0645,25.9396,0.9282,3.0000,0.0000,2.0000,0,23.6757,826.3300,994.3418,910.3359,84.0059,0.0000,0.0000,826.3300,994.3418
4.840,0,1,heuristic,1.7536,2.5388,0.8590,1.7818,2.5155,3.0826,-0.0395,1.7972,2.5000,6.8241,2.0645,25.8303,0.9364,3.0000,0.0000,2.0000,0,23.6757,808.7295,996.7800,902.7548,94.0253,0.0000,0.0000,808.7295,996.7800
4.891,0,1,heuristic,1.8463,2.6649,0.8584,1.8114,2.5380,3.1181,-0.0418,1.7972,2.5000,6.8241,2.0645,25.8303,0.9382,3.0000,0.0000,2.0000,0,23.6757,875.3146,997.3882,936.3514,61.0368,0.0000,0.0000,875.3146,997.3882
4.940,0,1,heuristic,1.8463,2.6649,0.8565,1.8114,2.5380,3.1181,-0.0442,1.8018,2.5000,6.6827,2.0645,25.7284,0.9433,3.0000,0.0000,2.0000,0,23.6757,868.6869,992.8580,930.7725,62.0855,0.0000,0.0000,868.6869,992.8580
4.991,0,1,heuristic,1.9450,2.7981,0.8550,1.8287,2.5427,3.1320,-0.0118,1.8018,2.5000,6.6827,2.0645,25.7284,0.9452,3.0000,0.0000,2.0000,0,23.6757,868.6869,992.8580,930.7725,62.0855,0.0000,0.0000,868.6869,992.8580
5.040,0,1,heuristic,2.0384,2.9232,0.8544,1.8523,2.5554,3.1561,-0.0182,1.8067,2.5000,6.5327,2.0645,25.6217,0.9517,3.0000,0.0000,2.0000,0,23.6757,825.8610,994.9166,910.3888,84.5278,0.0000,0.0000,825.8610,994.9166
5.091,0,1,heuristic,2.1379,3.0554,0.8531,1.8644,2.5526,3.1610,-0.0103,1.8114,2.5000,6.3911,2.0645,25.5221,0.9570,3.0000,0.0000,2.0000,0,23.6757,807.4686,998.6818,903.0752,95.6066,0.0000,0.0000,807.4686,998.6818
5.140,0,1,heuristic,2.1379,3.0554,0.8526,1.8644,2.5526,3.1610,0.0200,1.8165,2.5000,6.2409,2.0645,25.4178,0.9633,3.0000,0.0000,2.0000,0,23.6757,804.3592,993.0589,898.7091,94.3498,0.0000,0.0000,804.3592,993.0589
5.191,0,1,heuristic,2.2318,3.1793,0.8523,1.8829,2.5586,3.1767,0.0210,1.8165,2.5000,6.2409,2.0645,25.4178,0.9639,3.0000,0.0000,2.0000,0,23.6757,788.6201,985.8516,887.2358,98.6158,0.0000,0.0000,788.6201,985.8516
5.240,0,1,heuristic,2.3316,3.3101,0.8524,1.8902,2.5497,3.1739,0.0165,1.8212,2.5000,6.0995,2.0645,25.3207,0.9689,3.0000,0.0000,2.0000,0,23.6757,774.7649,992.3252,883.5450,108.7801,0.0000,0.0000,774.7649,992.3252
5.290,0,1,heuristic,2.4258,3.4326,0.8528,1.9045,2.5504,3.1831,0.0253,1.8264,2.5000,5.9496,2.0645,25.2191,0.9740,3.0000,0.0000,2.0000,0,23.6757,739.2967,993.3761,866.3364,127.0397,0.0000,0.0000,739.2967,993.3761
5.341,0,1,heuristic,2.4258,3.4326,0.8537,1.9045,2.5504,3.1831,0.0372,1.8312,2.5000,5.8086,2.0645,25.1246,0.9784,3.0000,0.0000,2.0000,0,23.6757,739.2967,993.3761,866.3364,127.0397,0.0000,0.0000,739.2967,993.3761
5.391,0,1,heuristic,2.5258,3.5619,0.8549,1.9084,2.5374,3.1749,0.0377,1.8312,2.5000,5.8086,2.0645,25.1246,0.9776,3.0000,0.0000,2.0000,0,23.6757,757.6947,993.2994,875.4970,117.8024,0.0000,0.0000,757.6947,993.2994
5.442,0,1,heuristic,2.6203,3.6829,0.8557,1.9202,2.5342,3.1796,0.0553,1.8364,2.5000,5.6593,2.0645,25.0259,0.9815,3.0000,0.0000,2.0000,0,23.6757,783.9050,996.3448,890.1249,106.2199,0.0000,0.0000,783.9050,996.3448
5.491,0,1,heuristic,2.6203,3.6829,0.8562,1.9202,2.5342,3.1796,0.0565,1.8413,2.5000,5.5187,2.0645,24.9342,0.9856,3.0000,0.0000,2.0000,0,23.6757,702.1836,995.3589,848.7713,146.5877,0.0000,0.0000,702.1836,995.3589
5.540,0,1,heuristic,2.7208,3.8107,0.8582,1.9227,2.5189,3.1689,0.0843,1.8413,2.5000,5.5187,2.0645,24.9342,0.9852,3.0000,0.0000,2.0000,0,23.6757,725.0690,997.5127,861.2909,136.2219,0.0000,0.0000,725.0690,997.5127
5.591,0,1,heuristic,2.7208,3.8107,0.8600,1.9227,2.5189,3.1689,0.0688,1.8466,2.5000,5.3697,2.0645,24.8382,0.9884,3.0000,0.0000,2.0000,0,23.6757,649.5675,996.7174,823.1425,173.5750,0.0000,0.0000,649.5675,996.7174
5.640,0,1,heuristic,2.8157,3.9305,0.8628,1.9338,2.5141,3.1718,0.0993,1.8466,2.5000,5.3697,2.0645,24.8382,0.9866,3.0000,0.0000,2.0000,0,23.6757,669.5729,994.0020,831.7874,162.2145,0.0000,0.0000,669.5729,994.0020
5.691,0,1,heuristic,2.9166,4.0566,0.8660,1.9352,2.4963,3.1586,0.1080,1.8516,2.5000,5.2293,2.0645,24.7491,0.9889,3.0000,0.0000,2.0000,0,23.6757,669.5729,994.0020,831.7874,162.2145,0.0000,0.0000,669.5729,994.0020
5.741,0,1,heuristic,3.0119,4.1745,0.8698,1.9450,2.4885,3.1584,0.1207,1.8570,2.5000,5.0807,2.0645,24.6563,0.9909,3.0000,0.0000,2.0000,0,23.6757,672.3661,997.3268,834.8465,162.4803,0.0000,0.0000,672.3661,997.3268
5.791,0,1,heuristic,3.0119,4.1745,0.8719,1.9450,2.4885,3.1584,0.1280,1.8620,2.5000,4.9409,2.0645,24.5704,0.9922,3.0000,0.0000,2.0000,0,23.6757,672.3661,997.3268,834.8465,162.4803,0.0000,0.0000,672.3661,997.3268
5.841,0,1,heuristic,3.1130,4.2987,0.8753,1.9449,2.4685,3.1427,0.1388,1.8620,2.5000,4.9409,2.0645,24.5704,0.9901,3.0000,0.0000,2.0000,0,23.6757,666.6424,994.6275,830.6350,163.9926,0.0000,0.0000,666.6424,994.6275
5.891,0,1,heuristic,3.1130,4.2987,0.8789,1.9449,2.4685,3.1427,0.1373,1.8675,2.5000,4.7930,2.0645,24.4808,0.9921,3.0000,0.0000,2.0000,0,23.6757,664.0314,992.9551,828.4933,164.4619,0.0000,0.0000,664.0314,992.9551
5.941,0,1,heuristic,3.2084,4.4150,0.8815,1.9533,2.4595,3.1408,0.1510,1.8675,2.5000,4.7930,2.0645,24.4808,0.9885,3.0000,0.0000,2.0000,0,23.6757,664.0314,992.9551,828.4933,164.4619,0.0000,0.0000,664.0314,992.9551
5.991,0,1,heuristic,3.2084,4.4150,0.8870,1.9533,2.4595,3.1408,0.1588,1.8726,2.5000,4.6539,2.0645,24.3978,0.9911,3.0000,0.0000,2.0000,0,23.6757,645.0438,994.2113,819.6275,174.5838,0.0000,0.0000,645.0438,994.2113
6.041,0,1,heuristic,3.3095,4.5376,0.8930,1.9518,2.4389,3.1237,0.1827,1.8726,2.5000,4.6539,2.0645,24.3978,0.9856,3.0000,0.0000,2.0000,0,23.6757,614.2560,995.8791,805.0676,190.8115,0.0000,0.0000,614.2560,995.8791
6.091,0,1,heuristic,3.4048,4.6523,0.8961,1.9584,2.4292,3.1203,0.1625,1.8781,2.5000,4.5067,2.0645,24.3112,0.9851,3.0000,0.0000,2.0000,0,23.6757,607.6316,995.9338,801.7827,194.1511,0.0000,0.0000,607.6316,995.9338
6.141,0,1,heuristic,3.4048,4.6523,0.8994,1.9584,2.4292,3.1203,0.1728,1.8832,2.5000,4.3685,2.0645,24.2309,0.9871,3.0000,0.0000,2.0000,0,23.6757,618.0170,993.9692,805.9931,187.9761,0.0000,0.0000,618.0170,993.9692
6.191,0,1,heuristic,3.5058,4.7731,0.9063,1.9550,2.4079,3.1016,0.1933,1.8832,2.5000,4.3685,2.0645,24.2309,0.9838,3.0000,0.0000,2.0000,0,23.6757,613.5241,992.9376,803.2309,189.7067,0.0000,0.0000,613.5241,992.9376
6.241,0,1,heuristic,3.6008,4.8861,0.9136,1.9601,2.3973,3.0966,0.2055,1.8888,2.5000,4.2223,2.0645,24.1474,0.9825,3.0000,0.0000,2.0000,0,23.6757,603.9906,994.7452,799.3679,195.3773,0.0000,0.0000,603.9906,994.7452
6.291,0,1,heuristic,3.6008,4.8861,0.9155,1.9601,2.3973,3.0966,0.1968,1.8940,2.5000,4.0850,2.0645,24.0701,0.9804,3.0000,0.0000,2.0000,0,23.6757,551.0611,995.0385,773.0498,221.9887,0.0000,0.0000,551.0611,995.0385
6.340,0,1,heuristic,3.6008,4.8861,0.9214,1.9601,2.3973,3.0966,0.2298,1.8940,2.5000,4.0850,2.0645,24.0701,0.9784,3.0000,0.0000,2.0000,0,23.6757,546.3928,996.4987,771.4458,225.0529,0.0000,0.0000,546.3928,996.4987
6.391,0,1,heuristic,3.7016,5.0053,0.9296,1.9557,2.3760,3.0774,0.2325,1.8940,2.5000,4.0850,2.0645,24.0701,0.9726,3.0000,0.0000,2.0000,0,23.6757,526.8691,994.8051,760.8371,233.9680,0.0000,0.0000,526.8691,994.8051
6.441,0,1,heuristic,3.7965,5.1167,0.9339,1.9601,2.3650,3.0717,0.2430,1.8995,2.5000,3.9398,2.0645,23.9895,0.9699,3.0000,0.0000,2.0000,0,23.6757,533.9720,992.9347,763.4533,229.4814,0.0000,0.0000,533.9720,992.9347
6.490,0,1,heuristic,3.7965,5.1167,0.9429,1.9601,2.3650,3.0717,0.2508,1.9048,2.5000,3.8034,2.0645,23.9150,0.9709,3.0000,0.0000,2.0000,0,23.6757,508.3979,992.0327,750.2153,241.8174,0.0000,0.0000,508.3979,992.0327
6.541,0,1,heuristic,3.8972,5.2339,0.9524,1.9553,2.3430,3.0517,0.2745,1.9048,2.5000,3.8034,2.0645,23.9150,0.9619,3.0000,0.0000,2.0000,0,23.6757,486.0258,988.3213,737.1736,251.1477,0.0000,0.0000,486.0258,988.3213
6.590,0,1,heuristic,3.9921,5.3437,0.9574,1.9595,2.3316,3.0457,0.2645,1.9104,2.5000,3.6592,2.0645,23.8376,0.9580,3.0000,0.0000,2.0000,0,23.6757,513.8142,990.9217,752.3680,238.5538,0.0000,0.0000,513.8142,990.9217
6.640,0,1,heuristic,3.9921,5.3437,0.9676,1.9595,2.3316,3.0457,0.2915,1.9157,2.5000,3.5237,2.0645,23.7661,0.9583,3.0000,0.0000,2.0000,0,23.6757,498.5772,994.0202,746.2987,247.7215,0.0000,0.0000,498.5772,994.0202
6.690,0,1,heuristic,4.0927,5.4592,0.9784,1.9545,2.3095,3.0256,0.2998,1.9157,2.5000,3.5237,2.0645,23.7661,0.9481,3.0000,0.0000,2.0000,0,23.6757,483.8835,983.0250,733.4542,249.5708,0.0000,0.0000,483.8835,983.0250
6.741,0,1,heuristic,4.1875,5.5674,0.9896,1.9585,2.2987,3.0199,0.3133,1.9214,2.5000,3.3804,2.0645,23.6918,0.9430,3.0000,0.0000,2.0000,0,23.6757,461.4506,993.6693,727.5600,266.1094,0.0000,0.0000,461.4506,993.6693
6.791,0,1,heuristic,4.2879,5.6816,1.0013,1.9531,2.2781,3.0007,0.3165,1.9267,2.5000,3.2456,2.0645,23.6230,0.9371,3.0000,0.0000,2.0000,0,23.6757,446.2632,990.1440,718.2036,271.9404,0.0000,0.0000,446.2632,990.1440
6.841,0,1,heuristic,4.3824,5.7887,1.0135,1.9564,2.2686,2.9956,0.3217,1.9324,2.5000,3.1031,2.0645,23.5514,0.9311,3.0000,0.0000,2.0000,0,23.6757,457.4563,993.5444,725.5004,268.0440,0.0000,0.0000,457.4563,993.5444
6.891,0,1,heuristic,4.3824,5.7887,1.0261,1.9564,2.2686,2.9956,0.3518,1.9378,2.5000,2.9691,2.0645,23.4850,0.9243,3.0000,0.0000,2.0000,0,23.6757,455.9188,992.8445,724.3816,268.4628,0.0000,0.0000,455.9188,992.8445
6.941,0,1,heuristic,4.4825,5.9017,1.0426,1.9501,2.2496,2.9772,0.3623,1.9378,2.5000,2.9691,2.0645,23.4850,0.9116,3.0000,0.0000,2.0000,0,23.6757,433.3897,987.7385,710.5641,277.1744,0.0000,0.0000,433.3897,987.7385
6.991,0,1,heuristic,4.5767,6.0079,1.0528,1.9526,2.2421,2.9732,0.3633,1.9435,2.5000,2.8274,2.0645,23.4158,0.9008,3.0000,0.0000,2.0000,0,23.6757,379.3416,993.8973,686.6195,307.2778,0.0000,0.0000,379.3416,993.8973
7.041,0,1,heuristic,4.6765,6.1203,1.0740,1.9456,2.2259,2.9564,0.3815,1.9489,2.5000,2.6941,2.0645,23.3515,0.8961,3.0000,0.0000,2.0000,0,23.6757,379.3416,993.8973,686.6195,307.2778,0.0000,0.0000,379.3416,993.8973
7.091,0,1,heuristic,4.7702,6.2258,1.0886,1.9472,2.2207,2.9535,0.3950,1.9547,2.5000,2.5530,2.0645,23.2843,0.8807,3.0000,0.0000,2.0000,0,23.6757,404.8117,994.9475,699.8796,295.0679,0.0000,0.0000,404.8117,994.9475
7.141,0,1,heuristic,4.8694,6.3375,1.1077,1.9393,2.2061,2.9373,0.4175,1.9601,2.5000,2.4204,2.0645,23.2219,0.8715,3.0000,0.0000,2.0000,0,23.6757,393.3037,991.1798,692.2418,298.9380,0.0000,0.0000,393.3037,991.1798
7.191,0,1,heuristic,4.9627,6.4427,1.1273,1.9401,2.2031,2.9356,0.4180,1.9659,2.5000,2.2801,2.0645,23.1566,0.8582,3.0000,0.0000,2.0000,0,23.6757,403.8829,984.5481,694.2155,290.3326,0.0000,0.0000,403.8829,984.5481
7.241,0,1,heuristic,5.0614,6.5544,1.1477,1.9316,2.1922,2.9218,0.4433,1.9714,2.5000,2.1481,2.0645,23.0958,0.8441,3.0000,0.0000,2.0000,0,23.6757,397.9133,982.7983,690.3558,292.4425,0.0000,0.0000,397.9133,982.7983
7.290,0,1,heuristic,5.1541,6.6600,1.1601,1.9315,2.1936,2.9227,0.4293,1.9772,2.5000,2.0083,2.0645,23.0318,0.8295,3.0000,0.0000,2.0000,0,23.6757,386.2095,984.4739,685.3417,299.1322,0.0000,0.0000,386.2095,984.4739
7.341,0,1,heuristic,5.2520,6.7724,1.1814,1.9218,2.1872,2.9115,0.4380,1.9827,2.5000,1.8767,2.0645,22.9718,0.8226,3.0000,0.0000,2.0000,0,23.6757,387.0902,983.1285,685.1093,298.0192,0.0000,0.0000,387.0902,983.1285
7.391,0,1,heuristic,5.3438,6.8788,1.2030,1.9200,2.1933,2.9149,0.4400,1.9886,2.5000,1.7372,2.0645,22.9084,0.8073,3.0000,0.0000,2.0000,0,23.6757,416.1738,982.8555,699.5146,283.3409,0.0000,0.0000,416.1738,982.8555
7.441,0,1,heuristic,5.3438,6.8788,1.2163,1.9200,2.1933,2.9149,0.4527,1.9942,2.5000,1.6059,2.0645,22.8487,0.7912,3.0000,0.0000,2.0000,0,23.6757,403.5879,991.9681,697.7780,294.1901,0.0000,0.0000,403.5879,991.9681
7.490,0,1,heuristic,5.4406,6.9925,1.2342,1.9083,2.1920,2.9062,0.4748,1.9942,2.5000,1.6059,2.0645,22.8487,0.7779,3.0000,0.0000,2.0000,0,23.6757,384.1049,989.0311,686.5680,302.4631,0.0000,0.0000,384.1049,989.0311
7.541,0,1,heuristic,5.5312,7.1006,1.2477,1.9042,2.2038,2.9126,0.4733,2.0001,2.5000,1.4668,2.0645,22.7852,0.7659,3.0000,0.0000,2.0000,0,23.6757,333.8839,960.4182,647.1511,313.2671,0.0000,0.0000,333.8839,960.4182
7.591,0,1,heuristic,5.6266,7.2162,1.2707,1.8903,2.2077,2.9063,0.4760,2.0057,2.5000,1.3357,2.0645,22.7250,0.7580,3.0000,0.0000,2.0000,0,23.6757,326.1494,958.0446,642.0970,315.9476,0.0000,0.0000,326.1494,958.0446
7.641,0,1,heuristic,5.6266,7.2162,1.2894,1.8903,2.2077,2.9063,0.5005,2.0117,2.5000,1.1970,2.0645,22.6608,0.7409,3.0000,0.0000,2.0000,0,23.6757,310.6460,930.9446,620.7953,310.1493,0.0000,0.0000,310.6460,930.9446
7.691,0,1,heuristic,5.7157,7.3258,1.3035,1.8834,2.2227,2.9133,0.4813,2.0117,2.5000,1.1970,2.0645,22.6608,0.7223,3.0000,0.0000,2.0000,0,23.6757,295.2680,934.7263,614.9971,319.7291,0.0000,0.0000,295.2680,934.7263
7.741,0,1,heuristic,5.8092,7.4426,1.3274,1.8663,2.2276,2.9061,0.5090,2.0173,2.5000,1.0666,2.0645,22.6001,0.7139,3.0000,0.0000,2.0000,0,23.6757,307.7652,981.7980,644.7816,337.0164,0.0000,0.0000,307.7652,981.7980
7.792,0,1,heuristic,5.8963,7.5533,1.3419,1.8559,2.2432,2.9114,0.5040,2.0233,2.5000,0.9289,2.0645,22.5354,0.6959,3.0000,0.0000,2.0000,0,23.6757,307.7652,981.7980,644.7816,337.0164,0.0000,0.0000,307.7652,981.7980
7.841,0,1,heuristic,5.8963,7.5533,1.3566,1.8559,2.2432,2.9114,0.5060,2.0289,2.5000,0.7998,2.0645,22.4743,0.6871,3.0000,0.0000,2.0000,0,23.6757,323.6643,975.8023,649.7333,326.0690,0.0000,0.0000,323.6643,975.8023
7.891,0,1,heuristic,5.9875,7.6715,1.3714,1.8357,2.2494,2.9033,0.5058,2.0289,2.5000,0.7998,2.0645,22.4743,0.6723,3.0000,0.0000,2.0000,0,23.6757,349.7909,936.0331,642.9120,293.1211,0.0000,0.0000,349.7909,936.0331
7.941,0,1,heuristic,6.0724,7.7840,1.3914,1.8223,2.2682,2.9095,0.5262,2.0349,2.5000,0.6634,2.0645,22.4090,0.6636,3.0000,0.0000,2.0000,0,23.6757,359.2181,925.4903,642.3542,283.1361,0.0000,0.0000,359.2181,925.4903
7.991,0,1,heuristic,6.1610,7.9045,1.4167,1.7987,2.2780,2.9025,0.5198,2.0406,2.5000,0.5353,2.0645,22.3468,0.6492,3.0000,0.0000,2.0000,0,23.6757,326.1690,929.4894,627.8292,301.6602,0.0000,0.0000,326.1690,929.4894
8.041,0,1,heuristic,6.2431,8.0192,1.4421,1.7808,2.3000,2.9088,0.5062,2.0466,2.5000,0.4002,2.0645,22.2799,0.6299,3.0000,0.0000,2.0000,0,23.6757,332.3022,930.9100,631.6061,299.3039,0.0000,0.0000,332.3022,930.9100
8.091,0,1,heuristic,6.2431,8.0192,1.4626,1.7808,2.3000,2.9088,0.5025,2.0522,2.5000,0.2736,2.0645,22.2159,0.6101,3.0000,0.0000,2.0000,0,23.6757,327.2607,957.1496,642.2051,314.9444,0.0000,0.0000,327.2607,957.1496
8.142,0,1,heuristic,6.3284,8.1419,1.4832,1.7528,2.3119,2.9013,0.5072,2.0522,2.5000,0.2736,2.0645,22.2159,0.5896,3.0000,0.0000,2.0000,0,23.6757,327.2607,957.1496,642.2051,314.9444,0.0000,0.0000,327.2607,957.1496
8.191,0,1,heuristic,6.4072,8.2586,1.5039,1.7305,2.3360,2.9072,0.5370,2.0582,2.5000,0.1403,2.0645,22.1471,0.5750,3.0000,0.0000,2.0000,0,23.6757,354.6582,945.2233,649.9407,295.2826,0.0000,0.0000,354.6582,945.2233
8.241,0,1,heuristic,6.4889,8.3839,1.5248,1.6987,2.3506,2.9002,0.5370,2.0638,2.5000,0.0156,2.0645,22.0812,0.5599,3.0000,0.0000,2.0000,0,23.6757,353.3702,977.9989,665.6846,312.3144,0.0000,0.0000,353.3702,977.9989
8.291,0,1,heuristic,6.4889,8.3839,1.5406,1.6987,2.3506,2.9002,0.5413,2.0698,2.5000,-0.1157,2.0645,22.0099,0.5450,3.0000,0.0000,2.0000,0,23.6757,353.6195,966.8206,660.2201,306.6006,0.0000,0.0000,353.6195,966.8206
8.340,0,1,heuristic,6.5641,8.5034,1.5616,1.6723,2.3785,2.9075,0.5292,2.0698,2.5000,-0.1157,2.0645,22.0099,0.5292,3.0000,0.0000,2.0000,0,23.6757,353.7983,953.1392,653.4688,299.6705,0.0000,0.0000,353.7983,953.1392
8.391,0,1,heuristic,6.6418,8.6320,1.5774,1.6367,2.3975,2.9028,0.5252,2.0754,2.5000,-0.2386,2.0645,21.9413,0.5138,3.0000,0.0000,2.0000,0,23.6757,339.6225,942.3119,640.9672,301.3447,0.0000,0.0000,339.6225,942.3119
8.441,0,1,heuristic,6.7130,8.7548,1.5986,1.6061,2.4298,2.9126,0.5403,2.0813,2.5000,-0.3680,2.0645,21.8666,0.5040,3.0000,0.0000,2.0000,0,23.6757,339.6225,942.3119,640.9672,301.3447,0.0000,0.0000,339.6225,942.3119
8.491,0,1,heuristic,6.7130,8.7548,1.6146,1.6061,2.4298,2.9126,0.5375,2.0870,2.5000,-0.4889,2.0645,21.7946,0.4884,3.0000,0.0000,2.0000,0,23.6757,340.0196,914.4466,627.2331,287.2135,0.0000,0.0000,340.0196,914.4466
8.541,0,1,heuristic,6.7863,8.8868,1.6305,1.5667,2.4515,2.9093,0.5328,2.0870,2.5000,-0.4889,2.0645,21.7946,0.4724,3.0000,0.0000,2.0000,0,23.6757,325.9654,937.8388,631.9021,305.9367,0.0000,0.0000,325.9654,937.8388
8.590,0,1,heuristic,6.7863,8.8868,1.6466,1.5667,2.4515,2.9093,0.5292,2.0929,2.5000,-0.6160,2.0645,21.7164,0.4624,3.0000,0.0000,2.0000,0,23.6757,359.7432,934.5169,647.1300,287.3869,0.0000,0.0000,359.7432,934.5169
8.641,0,1,heuristic,6.8531,9.0126,1.6679,1.5318,2.4854,2.9195,0.5567,2.0929,2.5000,-0.6160,2.0645,21.7164,0.4463,3.0000,0.0000,2.0000,0,23.6757,351.2357,927.5229,639.3793,288.1436,0.0000,0.0000,351.2357,927.5229
8.690,0,1,heuristic,6.9214,9.1477,1.6839,1.4882,2.5079,2.9163,0.5375,2.0985,2.5000,-0.7344,2.0645,21.6410,0.4305,3.0000,0.0000,2.0000,0,23.6757,362.8361,900.1764,631.5062,268.6702,0.0000,0.0000,362.8361,900.1764
8.741,0,1,heuristic,6.9214,9.1477,1.7001,1.4882,2.5079,2.9163,0.5340,2.1044,2.5000,-0.8586,2.0645,21.5590,0.4204,3.0000,0.0000,2.0000,0,23.6757,362.8361,900.1764,631.5062,268.6702,0.0000,0.0000,362.8361,900.1764
8.791,0,1,heuristic,6.9833,9.2766,1.7054,1.4485,2.5434,2.9270,0.5375,2.1044,2.5000,-0.8586,2.0645,21.5590,0.4043,3.0000,0.0000,2.0000,0,23.6757,333.3532,915.1621,624.2576,290.9045,0.0000,0.0000,333.3532,915.1621
8.840,0,1,heuristic,7.0461,9.4149,1.7322,1.4003,2.5666,2.9237,0.5413,2.1099,2.5000,-0.9742,2.0645,21.4798,0.4045,3.0000,0.0000,2.0000,0,23.6757,339.3887,909.3170,624.3528,284.9641,0.0000,0.0000,339.3887,909.3170
8.891,0,1,heuristic,7.0461,9.4149,1.7537,1.4003,2.5666,2.9237,0.5260,2.1157,2.5000,-1.0950,2.0645,21.3938,0.3835,3.0000,0.0000,2.0000,0,23.6757,357.6116,892.8630,625.2373,267.6257,0.0000,0.0000,357.6116,892.8630
8.940,0,1,heuristic,7.1026,9.5465,1.7644,1.3556,2.6015,2.9335,0.5312,2.1157,2.5000,-1.0950,2.0645,21.3938,0.3620,3.0000,0.0000,2.0000,0,23.6757,386.5282,900.4080,643.4681,256.9399,0.0000,0.0000,386.5282,900.4080
8.991,0,1,heuristic,7.1595,9.6873,1.7911,1.3031,2.6229,2.9288,0.5192,2.1212,2.5000,-1.2071,2.0645,21.3109,0.3568,3.0000,0.0000,2.0000,0,23.6757,354.2353,916.9627,635.5990,281.3637,0.0000,0.0000,354.2353,916.9627
9.041,0,1,heuristic,7.2101,9.8213,1.8124,1.2533,2.6565,2.9373,0.5252,2.1269,2.5000,-1.3239,2.0645,21.2209,0.3359,3.0000,0.0000,2.0000,0,23.6757,354.2353,916.9627,635.5990,281.3637,0.0000,0.0000,354.2353,916.9627
9.091,0,1,heuristic,7.2101,9.8213,1.8285,1.2533,2.6565,2.9373,0.5420,2.1323,2.5000,-1.4320,2.0645,21.1341,0.3199,3.0000,0.0000,2.0000,0,23.6757,366.9754,900.9889,633.9822,267.0067,0.0000,0.0000,366.9754,900.9889
9.141,0,1,heuristic,7.2605,9.9646,1.8550,1.1966,2.6764,2.9318,0.5220,2.1323,2.5000,-1.4320,2.0645,21.1341,0.3039,3.0000,0.0000,2.0000,0,23.6757,395.7829,889.6396,642.7113,246.9284,0.0000,0.0000,395.7829,889.6396
9.191,0,1,heuristic,7.3050,10.1007,1.8656,1.1429,2.7082,2.9395,0.5345,2.1380,2.5000,-1.5443,2.0645,21.0400,0.2830,3.0000,0.0000,2.0000,0,23.6757,395.7829,889.6396,642.7113,246.9284,0.0000,0.0000,395.7829,889.6396
9.241,0,1,heuristic,7.3050,10.1007,1.8868,1.1429,2.7082,2.9395,0.5220,2.1433,2.5000,-1.6480,2.0645,20.9495,0.2777,3.0000,0.0000,2.0000,0,23.6757,373.5785,930.1531,651.8658,278.2873,0.0000,0.0000,373.5785,930.1531
9.291,0,1,heuristic,7.3489,10.2461,1.9132,1.0830,2.7259,2.9332,0.5140,2.1433,2.5000,-1.6480,2.0645,20.9495,0.2565,3.0000,0.0000,2.0000,0,23.6757,365.3055,903.8713,634.5884,269.2829,0.0000,0.0000,365.3055,903.8713
9.341,0,1,heuristic,7.3871,10.3842,1.9289,1.0254,2.7559,2.9405,0.5240,2.1488,2.5000,-1.7556,2.0645,20.8513,0.2356,3.0000,0.0000,2.0000,0,23.6757,393.2389,876.3215,634.7802,241.5413,0.0000,0.0000,393.2389,876.3215
9.391,0,1,heuristic,7.4241,10.5316,1.9552,0.9628,2.7719,2.9343,0.5228,2.1540,2.5000,-1.8546,2.0645,20.7568,0.2251,3.0000,0.0000,2.0000,0,23.6757,414.5429,865.6797,640.1113,225.5684,0.0000,0.0000,414.5429,865.6797
9.441,0,1,heuristic,7.4558,10.6714,1.9708,0.9022,2.7998,2.9416,0.5200,2.1594,2.5000,-1.9571,2.0645,20.6544,0.2042,3.0000,0.0000,2.0000,0,23.6757,439.9117,854.5717,647.2417,207.3300,0.0000,0.0000,439.9117,854.5717
9.491,0,1,heuristic,7.4558,10.6714,1.9916,0.9022,2.7998,2.9416,0.5035,2.1645,2.5000,-2.0512,2.0645,20.5560,0.1937,3.0000,0.0000,2.0000,0,23.6757,428.9639,829.1776,629.0708,200.1068,0.0000,0.0000,428.9639,829.1776
9.541,0,1,heuristic,7.4856,10.8205,2.0175,0.8366,2.8132,2.9349,0.4970,2.1645,2.5000,-2.0512,2.0645,20.5560,0.1728,3.0000,0.0000,2.0000,0,23.6757,441.6850,857.3505,649.5178,207.8327,0.0000,0.0000,441.6850,857.3505
9.591,0,1,heuristic,7.5103,10.9616,2.0277,0.7719,2.8387,2.9418,0.4923,2.1698,2.5000,-2.1481,2.0645,20.4495,0.1523,3.0000,0.0000,2.0000,0,23.6757,463.1261,896.4047,679.7654,216.6393,0.0000,0.0000,463.1261,896.4047
9.641,0,1,heuristic,7.5324,11.1120,2.0480,0.7029,2.8495,2.9349,0.5008,2.1747,2.5000,-2.2367,2.0645,20.3470,0.1470,3.0000,0.0000,2.0000,0,23.6757,435.9750,902.1371,669.0560,233.0810,0.0000,0.0000,435.9750,902.1371
9.691,0,1,heuristic,7.5496,11.2546,2.0731,0.6339,2.8737,2.9428,0.4953,2.1798,2.5000,-2.3275,2.0645,20.2361,0.1318,3.0000,0.0000,2.0000,0,23.6757,471.9509,944.6156,708.2832,236.3324,0.0000,0.0000,471.9509,944.6156
9.741,0,1,heuristic,7.5496,11.2546,2.0830,0.6339,2.8737,2.9428,0.4705,2.1845,2.5000,-2.4102,2.0645,20.1292,0.1115,3.0000,0.0000,2.0000,0,23.6757,483.8371,944.9408,714.3890,230.5518,0.0000,0.0000,483.8371,944.9408
9.791,0,1,heuristic,7.5637,11.4069,2.1029,0.5612,2.8847,2.9388,0.4873,2.1845,2.5000,-2.4102,2.0645,20.1292,0.1015,3.0000,0.0000,2.0000,0,23.6757,490.3356,974.5903,732.4630,242.1274,0.0000,0.0000,490.3356,974.5903
9.840,0,1,heuristic,7.5730,11.5515,2.1226,0.4878,2.9101,2.9507,0.4938,2.1895,2.5000,-2.4948,2.0645,20.0130,0.0866,3.0000,0.0000,2.0000,0,23.6757,504.6650,984.0396,744.3523,239.6873,0.0000,0.0000,504.6650,984.0396
9.891,0,1,heuristic,7.5730,11.5515,2.1423,0.4878,2.9101,2.9507,0.4865,2.1941,2.5000,-2.5715,2.0645,19.9009,0.0715,3.0000,0.0000,2.0000,0,23.6757,516.0075,994.6695,755.3385,239.3310,0.0000,0.0000,516.0075,994.6695
9.941,0,1,heuristic,7.5785,11.7060,2.1619,0.4113,2.9225,2.9513,0.4893,2.1941,2.5000,-2.5715,2.0645,19.9009,0.0518,3.0000,0.0000,2.0000,0,23.6757,534.0815,959.7094,746.8954,212.8140,0.0000,0.0000,534.0815,959.7094
9.991,0,1,heuristic,7.5796,11.8528,2.1717,0.3335,2.9495,2.9683,0.5008,2.1989,2.5000,-2.6496,2.0645,19.7788,0.0370,3.0000,0.0000,2.0000,0,23.6757,540.2981,953.1726,746.7353,206.4373,0.0000,0.0000,540.2981,953.1726
10.041,0,1,heuristic,7.5762,12.0095,2.1961,0.2538,2.9624,2.9733,0.4883,2.2033,2.5000,-2.7201,2.0645,19.6609,0.0316,3.0000,0.0000,2.0000,0,23.6757,541.1569,928.5617,734.8593,193.7024,0.0000,0.0000,541.1569,928.5617
10.091,0,1,heuristic,7.5762,12.0095,2.2107,0.2538,2.9624,2.9733,0.4888,2.2079,2.5000,-2.7914,2.0645,19.5327,0.0118,3.0000,0.0000,2.0000,0,23.6757,538.6842,893.9180,716.3011,177.6169,0.0000,0.0000,538.6842,893.9180
10.141,0,1,heuristic,7.5689,12.1579,2.2203,0.1725,2.9883,2.9933,0.4808,2.2079,2.5000,-2.7914,2.0645,19.5327,-0.0027,3.0000,0.0000,2.0000,0,23.6757,566.9308,941.3566,754.1437,187.2129,0.0000,0.0000,566.9308,941.3566
10.191,0,1,heuristic,7.5689,12.1579,2.2396,0.1725,2.9883,2.9933,0.4690,2.2122,2.5000,-2.8553,2.0645,19.4092,-0.0082,3.0000,0.0000,2.0000,0,23.6757,546.8436,952.3505,749.5970,202.7534,0.0000,0.0000,546.8436,952.3505
10.241,0,1,heuristic,7.5566,12.3159,2.2587,0.0909,2.9981,2.9995,0.4815,2.2122,2.5000,-2.8553,2.0645,19.4092,-0.0274,3.0000,0.0000,2.0000,0,23.6757,590.1048,923.5138,756.8093,166.7045,0.0000,0.0000,590.1048,923.5138
10.291,0,1,heuristic,7.5410,12.4651,2.2681,0.0075,3.0202,3.0202,0.4622,2.2166,2.5000,-2.9193,2.0645,19.2755,-0.0421,3.0000,0.0000,2.0000,0,23.6757,582.2181,949.8898,766.0540,183.8359,0.0000,0.0000,582.2181,949.8898
10.341,0,1,heuristic,7.5410,12.4651,2.2870,0.0075,3.0202,3.0202,0.4600,2.2206,2.5000,-2.9762,2.0645,19.1471,-0.0475,3.0000,0.0000,2.0000,0,23.6757,598.2774,892.0356,745.1565,146.8791,0.0000,0.0000,598.2774,892.0356
10.392,0,1,heuristic,7.4958,12.7729,2.3149,-0.1602,3.0429,3.0472,0.4555,2.2206,2.5000,-2.9762,2.0645,19.1471,-0.0664,3.0000,0.0000,2.0000,0,23.6757,580.8073,858.2013,719.5043,138.6970,0.0000,0.0000,580.8073,858.2013
10.441,0,1,heuristic,7.4958,12.7729,2.3287,-0.1602,3.0429,3.0472,0.4592,2.2286,2.5000,-3.0824,2.0645,18.8753,-0.0863,3.0000,0.0000,2.0000,0,23.6757,587.3910,889.2743,738.3327,150.9417,0.0000,0.0000,587.3910,889.2743
10.491,0,1,heuristic,7.4661,12.9309,2.3512,-0.2426,3.0419,3.0515,0.4375,2.2286,2.5000,-3.0824,2.0645,18.8753,-0.1001,3.0000,0.0000,2.0000,0,23.6757,604.1703,877.4764,740.8233,136.6530,0.0000,0.0000,604.1703,877.4764
10.541,0,1,heuristic,7.4343,13.0790,2.3646,-0.3263,3.0507,3.0681,0.4418,2.2325,2.5000,-3.1311,2.0645,18.7322,-0.1188,3.0000,0.0000,2.0000,0,23.6757,624.3834,882.9609,753.6721,129.2887,0.0000,0.0000,624.3834,882.9609
10.591,0,1,heuristic,7.3966,13.2353,2.3822,-0.4060,3.0417,3.0687,0.4073,2.2360,2.5000,-3.1733,2.0645,18.5960,-0.1286,3.0000,0.0000,2.0000,0,23.6757,587.4345,847.8720,717.6532,130.2187,0.0000,0.0000,587.4345,847.8720
10.641,0,1,heuristic,7.3575,13.3817,2.4037,-0.4881,3.0434,3.0823,0.4105,2.2396,2.5000,-3.2142,2.0645,18.4498,-0.1426,3.0000,0.0000,2.0000,0,23.6757,627.4907,784.7527,706.1217,78.6310,0.0000,0.0000,627.4907,784.7527
10.691,0,1,heuristic,7.3575,13.3817,2.4165,-0.4881,3.0434,3.0823,0.3867,2.2429,2.5000,-3.2491,2.0645,18.3108,-0.1608,3.0000,0.0000,2.0000,0,23.6757,646.7218,849.0391,747.8804,101.1586,0.0000,0.0000,646.7218,849.0391
10.741,0,1,heuristic,7.3123,13.5357,2.4372,-0.5643,3.0268,3.0789,0.3947,2.2429,2.5000,-3.2491,2.0645,18.3108,-0.1736,3.0000,0.0000,2.0000,0,23.6757,618.2663,824.6059,721.4361,103.1698,0.0000,0.0000,618.2663,824.6059
10.791,0,1,heuristic,7.2664,13.6793,2.4534,-0.6425,3.0200,3.0876,0.3967,2.2462,2.5000,-3.2822,2.0645,18.1623,-0.1910,3.0000,0.0000,2.0000,0,23.6757,599.6104,791.9724,695.7914,96.1810,0.0000,0.0000,599.6104,791.9724
10.842,0,1,heuristic,7.2142,13.8302,2.4692,-0.7147,2.9965,3.0805,0.3795,2.2492,2.5000,-3.3099,2.0645,18.0216,-0.2042,3.0000,0.0000,2.0000,0,23.6757,592.0527,793.9562,693.0044,100.9517,0.0000,0.0000,592.0527,793.9562
10.891,0,1,heuristic,7.2142,13.8302,2.4810,-0.7147,2.9965,3.0805,0.3688,2.2523,2.5000,-3.3355,2.0645,17.8714,-0.2170,3.0000,0.0000,2.0000,0,23.6757,600.8483,791.7703,696.3093,95.4610,0.0000,0.0000,600.8483,791.7703
10.941,0,1,heuristic,7.1622,13.9709,2.4924,-0.7887,2.9832,3.0857,0.3733,2.2523,2.5000,-3.3355,2.0645,17.8714,-0.2287,3.0000,0.0000,2.0000,0,23.6757,642.0846,849.5762,745.8304,103.7458,0.0000,0.0000,642.0846,849.5762
10.991,0,1,heuristic,7.1039,14.1182,2.5075,-0.8550,2.9533,3.0746,0.3625,2.2550,2.5000,-3.3563,2.0645,17.7294,-0.2374,3.0000,0.0000,2.0000,0,23.6757,673.1469,817.1180,745.1324,71.9856,0.0000,0.0000,673.1469,817.1180
11.040,0,1,heuristic,7.0461,14.2556,2.5223,-0.9249,2.9349,3.0772,0.3505,2.2577,2.5000,-3.3748,2.0645,17.5785,-0.2498,3.0000,0.0000,2.0000,0,23.6757,683.7113,839.5431,761.6272,77.9159,0.0000,0.0000,683.7113,839.5431
11.091,0,1,heuristic,7.0461,14.2556,2.5260,-0.9249,2.9349,3.0772,0.3530,2.2601,2.5000,-3.3890,2.0645,17.4357,-0.2621,3.0000,0.0000,2.0000,0,23.6757,667.0046,815.0668,741.0357,74.0311,0.0000,0.0000,667.0046,815.0668
11.140,0,1,heuristic,7.0461,14.2556,2.5367,-0.9249,2.9349,3.0772,0.3282,2.2601,2.5000,-3.3890,2.0645,17.4357,-0.2658,3.0000,0.0000,2.0000,0,23.6757,606.5102,732.1266,669.3184,62.8082,0.0000,0.0000,606.5102,732.1266
11.191,0,1,heuristic,6.9813,14.3997,2.5509,-0.9892,2.9021,3.0661,0.3325,2.2601,2.5000,-3.3890,2.0645,17.4357,-0.2766,3.0000,0.0000,2.0000,0,23.6757,609.0643,748.7979,678.9311,69.8668,0.0000,0.0000,609.0643,748.7979
11.241,0,1,heuristic,6.9813,14.3997,2.5509,-0.9892,2.9021,3.0661,0.3325,2.2625,2.5000,-3.4002,2.0645,17.2833,-0.2884,3.0000,0.0000,2.0000,0,23.6757,628.7479,744.1742,686.4611,57.7132,0.0000,0.0000,628.7479,744.1742
11.291,0,1,heuristic,6.9174,14.5338,2.5648,-1.0576,2.8806,3.0686,0.3355,2.2647,2.5000,-3.4075,2.0645,17.1393,-0.2932,3.0000,0.0000,2.0000,0,23.6757,660.5144,775.8471,718.1807,57.6664,0.0000,0.0000,660.5144,775.8471
11.341,0,1,heuristic,6.8469,14.6740,2.5817,-1.1172,2.8437,3.0552,0.3080,2.2647,2.5000,-3.4075,2.0645,17.1393,-0.3001,3.0000,0.0000,2.0000,0,23.6757,606.1551,772.6029,689.3790,83.2239,0.0000,0.0000,606.1551,772.6029
11.391,0,1,heuristic,6.7779,14.8043,2.5916,-1.1814,2.8180,3.0556,0.3200,2.2668,2.5000,-3.4119,2.0645,16.9865,-0.3150,3.0000,0.0000,2.0000,0,23.6757,631.7152,754.6748,693.1950,61.4798,0.0000,0.0000,631.7152,754.6748
11.441,0,1,heuristic,6.7779,14.8043,2.6013,-1.1814,2.8180,3.0556,0.2998,2.2686,2.5000,-3.4129,2.0645,16.8422,-0.3230,3.0000,0.0000,2.0000,0,23.6757,634.2008,765.3950,699.7979,65.5971,0.0000,0.0000,634.2008,765.3950
11.491,0,1,heuristic,6.7019,14.9406,2.6140,-1.2371,2.7786,3.0415,0.2843,2.2686,2.5000,-3.4129,2.0645,16.8422,-0.3327,3.0000,0.0000,2.0000,0,23.6757,632.6837,724.7154,678.6995,46.0159,0.0000,0.0000,632.6837,724.7154
11.541,0,1,heuristic,6.6280,15.0673,2.6265,-1.2979,2.7506,3.0414,0.2890,2.2703,2.5000,-3.4106,2.0645,16.6890,-0.3437,3.0000,0.0000,2.0000,0,23.6757,639.4747,665.3554,652.4151,12.9403,0.0000,0.0000,639.4747,665.3554
11.590,0,1,heuristic,6.5470,15.1995,2.6416,-1.3496,2.7092,3.0268,0.2823,2.2718,2.5000,-3.4055,2.0645,16.5445,-0.3546,3.0000,0.0000,2.0000,0,23.6757,663.9690,652.9759,658.4725,-5.4966,0.0000,0.0000,663.9690,652.9759
11.641,0,1,heuristic,6.4688,15.3221,2.6534,-1.4058,2.6779,3.0245,0.2915,2.2733,2.5000,-3.3969,2.0645,16.3913,-0.3683,3.0000,0.0000,2.0000,0,23.6757,681.6841,643.8159,662.7500,-18.9341,0.0000,0.0000,681.6841,643.8159
11.690,0,1,heuristic,6.3837,15.4496,2.6676,-1.4520,2.6329,3.0068,0.2625,2.2745,2.5000,-3.3861,2.0645,16.2472,-0.3789,3.0000,0.0000,2.0000,0,23.6757,668.4573,712.2734,690.3654,21.9080,0.0000,0.0000,668.4573,712.2734
11.740,0,1,heuristic,6.3015,15.5677,2.6810,-1.5038,2.5982,3.0020,0.2560,2.2756,2.5000,-3.3716,2.0645,16.0949,-0.3920,3.0000,0.0000,2.0000,0,23.6757,647.3612,692.4449,669.9030,22.5418,0.0000,0.0000,647.3612,692.4449
11.791,0,1,heuristic,6.3015,15.5677,2.6888,-1.5038,2.5982,3.0020,0.2495,2.2764,2.5000,-3.3552,2.0645,15.9517,-0.4045,3.0000,0.0000,2.0000,0,23.6757,647.3612,692.4449,669.9030,22.5418,0.0000,0.0000,647.3612,692.4449
11.841,0,1,heuristic,6.2123,15.6907,2.7013,-1.5462,2.5516,2.9835,0.2435,2.2764,2.5000,-3.3552,2.0645,15.9517,-0.4123,3.0000,0.0000,2.0000,0,23.6757,693.9932,683.2910,688.6421,-5.3511,0.0000,0.0000,693.9932,683.2910
11.891,0,1,heuristic,6.1265,15.8046,2.7109,-1.5945,2.5158,2.9786,0.2210,2.2772,2.5000,-3.3349,2.0645,15.8003,-0.4241,3.0000,0.0000,2.0000,0,23.6757,702.8381,641.3183,672.0782,-30.7599,0.0000,0.0000,702.8381,641.3183
11.941,0,1,heuristic,6.0336,15.9232,2.7180,-1.6330,2.4688,2.9600,0.2127,2.2777,2.5000,-3.3133,2.0645,15.6579,-0.4332,3.0000,0.0000,2.0000,0,23.6757,702.3676,650.4698,676.4187,-25.9489,0.0000,0.0000,702.3676,650.4698
11.993,0,1,heuristic,5.9443,16.0329,2.7292,-1.6782,2.4322,2.9550,0.1958,2.2782,2.5000,-3.2877,2.0645,15.5074,-0.4398,3.0000,0.0000,2.0000,0,23.6757,707.6584,601.4781,654.5682,-53.0902,0.0000,0.0000,707.6584,601.4781
12.041,0,1,heuristic,5.9443,16.0329,2.7378,-1.6782,2.4322,2.9550,0.2115,2.2784,2.5000,-3.2611,2.0645,15.3660,-0.4508,3.0000,0.0000,2.0000,0,23.6757,695.9121,632.7106,664.3113,-31.6007,0.0000,0.0000,695.9121,632.7106
12.090,0,1,heuristic,5.8480,16.1469,2.7459,-1.7133,2.3845,2.9361,0.1748,2.2784,2.5000,-3.2611,2.0645,15.3660,-0.4594,3.0000,0.0000,2.0000,0,23.6757,728.1614,621.7593,674.9603,-53.2011,0.0000,0.0000,728.1614,621.7593
12.140,0,1,heuristic,5.7557,16.2523,2.7517,-1.7550,2.3467,2.9303,0.1658,2.2784,2.5000,-3.2303,2.0645,15.2167,-0.4675,3.0000,0.0000,2.0000,0,23.6757,745.1509,629.9090,687.5300,-57.6210,0.0000,0.0000,745.1509,629.9090
12.191,0,1,heuristic,5.6562,16.3619,2.7609,-1.7867,2.2989,2.9116,0.1648,2.2783,2.5000,-3.1990,2.0645,15.0766,-0.4734,3.0000,0.0000,2.0000,0,23.6757,745.1509,629.9090,687.5300,-57.6210,0.0000,0.0000,745.1509,629.9090
12.241,0,1,heuristic,5.5608,16.4633,2.7677,-1.8270,2.2616,2.9073,0.1452,2.2780,2.5000,-3.1633,2.0645,14.9287,-0.4828,3.0000,0.0000,2.0000,0,23.6757,703.2646,593.4751,648.3698,-54.8948,0.0000,0.0000,703.2646,593.4751
12.291,0,1,heuristic,5.4578,16.5688,2.7756,-1.8575,2.2150,2.8908,0.1165,2.2776,2.5000,-3.1274,2.0645,14.7896,-0.4901,3.0000,0.0000,2.0000,0,23.6757,701.3840,602.0521,651.7180,-49.6659,0.0000,0.0000,701.3840,602.0521
12.341,0,1,heuristic,5.3596,16.6663,2.7815,-1.8953,2.1783,2.8875,0.1183,2.2769,2.5000,-3.0867,2.0645,14.6425,-0.4987,3.0000,0.0000,2.0000,0,23.6757,713.2305,588.0856,650.6580,-62.5724,0.0000,0.0000,713.2305,588.0856
12.392,0,1,heuristic,5.3596,16.6663,2.7815,-1.8953,2.1783,2.8875,0.1183,2.2761,2.5000,-3.0464,2.0645,14.5046,-0.5053,3.0000,0.0000,2.0000,0,23.6757,704.7219,596.3432,650.5326,-54.1893,0.0000,0.0000,704.7219,596.3432
12.441,0,1,heuristic,5.2541,16.7677,2.7931,-1.9219,2.1326,2.8708,0.0920,2.2761,2.5000,-3.0464,2.0645,14.5046,-0.5108,3.0000,0.0000,2.0000,0,23.6757,698.5546,585.3107,641.9326,-56.6219,0.0000,0.0000,698.5546,585.3107
12.490,0,1,heuristic,5.1536,16.8614,2.7988,-1.9563,2.0966,2.8675,0.0945,2.2751,2.5000,-3.0016,2.0645,14.3590,-0.5180,3.0000,0.0000,2.0000,0,23.6757,743.4636,545.2463,644.3549,-99.1087,0.0000,0.0000,743.4636,545.2463
12.541,0,1,heuristic,5.0459,16.9589,2.8039,-1.9792,2.0520,2.8510,0.0663,2.2740,2.5000,-2.9575,2.0645,14.2226,-0.5248,3.0000,0.0000,2.0000,0,23.6757,796.6983,505.9961,651.3472,-145.3511,0.0000,0.0000,796.6983,505.9961
12.591,0,1,heuristic,4.9435,17.0489,2.8084,-2.0100,2.0168,2.8474,0.0433,2.2726,2.5000,-2.9088,2.0645,14.0786,-0.5313,3.0000,0.0000,2.0000,0,23.6757,762.9090,527.4278,645.1684,-117.7406,0.0000,0.0000,762.9090,527.4278
12.641,0,1,heuristic,4.8339,17.1423,2.8115,-2.0296,1.9727,2.8304,0.0318,2.2712,2.5000,-2.8613,2.0645,13.9437,-0.5373,3.0000,0.0000,2.0000,0,23.6757,767.8858,518.9109,643.3984,-124.4874,0.0000,0.0000,767.8858,518.9109
12.690,0,1,heuristic,4.7298,17.2285,2.8146,-2.0576,1.9372,2.8260,0.0238,2.2695,2.5000,-2.8091,2.0645,13.8017,-0.5420,3.0000,0.0000,2.0000,0,23.6757,727.6096,530.9230,629.2663,-98.3433,0.0000,0.0000,727.6096,530.9230
12.741,0,1,heuristic,4.6185,17.3179,2.8169,-2.0740,1.8936,2.8084,0.0103,2.2677,2.5000,-2.7582,2.0645,13.6687,-0.5469,3.0000,0.0000,2.0000,0,23.6757,719.8053,516.7496,618.2774,-101.5278,0.0000,0.0000,719.8053,516.7496
12.791,0,1,heuristic,4.5132,17.4004,2.8184,-2.0983,1.8587,2.8031,0.0165,2.2656,2.5000,-2.7026,2.0645,13.5288,-0.5512,3.0000,0.0000,2.0000,0,23.6757,747.4806,494.1749,620.8277,-126.6528,0.0000,0.0000,747.4806,494.1749
12.841,0,1,heuristic,4.4010,17.4861,2.8191,-2.1099,1.8165,2.7841,-0.0075,2.2635,2.5000,-2.6489,2.0645,13.3980,-0.5548,3.0000,0.0000,2.0000,0,23.6757,754.9915,503.8583,629.4249,-125.5666,0.0000,0.0000,754.9915,503.8583
12.890,0,1,heuristic,4.2950,17.5651,2.8193,-2.1296,1.7826,2.7772,-0.0380,2.2612,2.5000,-2.5908,2.0645,13.2605,-0.5579,3.0000,0.0000,2.0000,0,23.6757,754.9915,503.8583,629.4249,-125.5666,0.0000,0.0000,754.9915,503.8583
12.941,0,1,heuristic,4.1821,17.6472,2.8190,-2.1378,1.7418,2.7575,-0.0362,2.2588,2.5000,-2.5349,2.0645,13.1321,-0.5606,3.0000,0.0000,2.0000,0,23.6757,749.0651,478.9863,614.0257,-135.0394,0.0000,0.0000,749.0651,478.9863
12.991,0,1,heuristic,4.1821,17.6472,2.8182,-2.1378,1.7418,2.7575,-0.0545,2.2561,2.5000,-2.4744,2.0645,12.9970,-0.5629,3.0000,0.0000,2.0000,0,23.6757,728.9568,457.6777,593.3173,-135.6395,0.0000,0.0000,728.9568,457.6777
13.040,0,1,heuristic,4.0754,17.7231,2.8177,-2.1548,1.7094,2.7505,-0.0413,2.2561,2.5000,-2.4744,2.0645,12.9970,-0.5622,3.0000,0.0000,2.0000,0,23.6757,713.4849,432.1820,572.8334,-140.6515,0.0000,0.0000,713.4849,432.1820
13.091,0,1,heuristic,3.9621,17.8018,2.8158,-2.1597,1.6702,2.7302,-0.0530,2.2534,2.5000,-2.4164,2.0645,12.8708,-0.5643,3.0000,0.0000,2.0000,0,23.6757,729.8544,431.7306,580.7925,-149.0619,0.0000,0.0000,729.8544,431.7306
13.141,0,1,heuristic,3.8555,17.8743,2.8138,-2.1722,1.6386,2.7209,-0.0887,2.2504,2.5000,-2.3539,2.0645,12.7383,-0.5654,3.0000,0.0000,2.0000,0,23.6757,732.3030,451.8212,592.0621,-140.2409,0.0000,0.0000,732.3030,451.8212
13.191,0,1,heuristic,3.8555,17.8743,2.8119,-2.1722,1.6386,2.7209,-0.0885,2.2474,2.5000,-2.2944,2.0645,12.6149,-0.5664,3.0000,0.0000,2.0000,0,23.6757,725.1312,428.7004,576.9158,-148.2154,0.0000,0.0000,725.1312,428.7004
13.241,0,1,heuristic,3.7424,17.9497,2.8084,-2.1727,1.6007,2.6986,-0.0813,2.2474,2.5000,-2.2944,2.0645,12.6149,-0.5645,3.0000,0.0000,2.0000,0,23.6757,730.0352,421.7576,575.8964,-154.1388,0.0000,0.0000,730.0352,421.7576
13.291,0,1,heuristic,3.6358,18.0193,2.8067,-2.1822,1.5706,2.6886,-0.0860,2.2441,2.5000,-2.2305,2.0645,12.4854,-0.5642,3.0000,0.0000,2.0000,0,23.6757,732.6104,403.1716,567.8910,-164.7194,0.0000,0.0000,732.6104,403.1716
13.340,0,1,heuristic,3.5228,18.0916,2.8022,-2.1802,1.5347,2.6662,-0.1240,2.2409,2.5000,-2.1697,2.0645,12.3646,-0.5658,3.0000,0.0000,2.0000,0,23.6757,729.5142,394.8250,562.1696,-167.3446,0.0000,0.0000,729.5142,394.8250
13.391,0,1,heuristic,3.4165,18.1584,2.7969,-2.1873,1.5061,2.6557,-0.1280,2.2373,2.5000,-2.1045,2.0645,12.2378,-0.5648,3.0000,0.0000,2.0000,0,23.6757,700.5244,409.7932,555.1588,-145.3656,0.0000,0.0000,700.5244,409.7932
13.441,0,1,heuristic,3.4165,18.1584,2.7946,-2.1873,1.5061,2.6557,-0.1455,2.2339,2.5000,-2.0425,2.0645,12.1197,-0.5631,3.0000,0.0000,2.0000,0,23.6757,700.5244,409.7932,555.1588,-145.3656,0.0000,0.0000,700.5244,409.7932
13.491,0,1,heuristic,3.3040,18.2279,2.7871,-2.1827,1.4721,2.6327,-0.1610,2.2339,2.5000,-2.0425,2.0645,12.1197,-0.5608,3.0000,0.0000,2.0000,0,23.6757,725.7531,382.4123,554.0827,-171.6704,0.0000,0.0000,725.7531,382.4123
13.541,0,1,heuristic,3.1982,18.2922,2.7844,-2.1870,1.4456,2.6216,-0.1482,2.2300,2.5000,-1.9763,2.0645,11.9957,-0.5571,3.0000,0.0000,2.0000,0,23.6757,746.1489,363.4588,554.8038,-191.3450,0.0000,0.0000,746.1489,363.4588
13.590,0,1,heuristic,3.1982,18.2922,2.7788,-2.1870,1.4456,2.6216,-0.1663,2.2263,2.5000,-1.9136,2.0645,11.8802,-0.5581,3.0000,0.0000,2.0000,0,23.6757,750.7905,368.0406,559.4155,-191.3750,0.0000,0.0000,750.7905,368.0406
13.641,0,1,heuristic,2.9808,18.4211,2.7695,-2.1833,1.3891,2.5877,-0.1870,2.2263,2.5000,-1.9136,2.0645,11.8802,-0.5525,3.0000,0.0000,2.0000,0,23.6757,710.8792,350.2476,530.5634,-180.3158,0.0000,0.0000,710.8792,350.2476
13.691,0,1,heuristic,2.9808,18.4211,2.7662,-2.1833,1.3891,2.5877,-0.1830,2.2182,2.5000,-1.7833,2.0645,11.6459,-0.5512,3.0000,0.0000,2.0000,0,23.6757,710.8792,350.2476,530.5634,-180.3158,0.0000,0.0000,710.8792,350.2476
13.741,0,1,heuristic,2.8693,18.4855,2.7574,-2.1754,1.3591,2.5651,-0.2023,2.2182,2.5000,-1.7833,2.0645,11.6459,-0.5479,3.0000,0.0000,2.0000,0,23.6757,712.0692,353.3754,532.7223,-179.3469,0.0000,0.0000,712.0692,353.3754
13.790,0,1,heuristic,2.7646,18.5451,2.7519,-2.1766,1.3357,2.5537,-0.2102,2.2139,2.5000,-1.7156,2.0645,11.5274,-0.5435,3.0000,0.0000,2.0000,0,23.6757,722.0290,366.1740,544.1015,-177.9275,0.0000,0.0000,722.0290,366.1740
13.841,0,1,heuristic,2.6539,18.6073,2.7421,-2.1671,1.3077,2.5311,-0.2115,2.2097,2.5000,-1.6517,2.0645,11.4170,-0.5422,3.0000,0.0000,2.0000,0,23.6757,734.2898,374.6301,554.4599,-179.8298,0.0000,0.0000,734.2898,374.6301
13.891,0,1,heuristic,2.5497,18.6650,2.7319,-2.1678,1.2867,2.5210,-0.2115,2.2051,2.5000,-1.5837,2.0645,11.3012,-0.5370,3.0000,0.0000,2.0000,0,23.6757,742.0901,374.0539,558.0720,-184.0181,0.0000,0.0000,742.0901,374.0539
13.941,0,1,heuristic,2.5497,18.6650,2.7254,-2.1678,1.2867,2.5210,-0.2380,2.2007,2.5000,-1.5193,2.0645,11.1930,-0.5312,3.0000,0.0000,2.0000,0,23.6757,741.6159,349.4426,545.5292,-196.0867,0.0000,0.0000,741.6159,349.4426
13.991,0,1,heuristic,2.4392,18.7255,2.7166,-2.1594,1.2619,2.5011,-0.2462,2.2007,2.5000,-1.5193,2.0645,11.1930,-0.5247,3.0000,0.0000,2.0000,0,23.6757,718.5709,358.5661,538.5685,-180.0024,0.0000,0.0000,718.5709,358.5661
14.040,0,1,heuristic,2.3350,18.7818,2.7074,-2.1616,1.2440,2.4940,-0.2530,2.1958,2.5000,-1.4506,2.0645,11.0792,-0.5207,3.0000,0.0000,2.0000,0,23.6757,723.3099,342.9562,533.1330,-190.1769,0.0000,0.0000,723.3099,342.9562
14.091,0,1,heuristic,2.2245,18.8408,2.6955,-2.1541,1.2222,2.4767,-0.2482,2.1911,2.5000,-1.3855,2.0645,10.9727,-0.5162,3.0000,0.0000,2.0000,0,23.6757,738.4049,329.1904,533.7977,-204.6072,0.0000,0.0000,738.4049,329.1904
14.141,0,1,heuristic,2.1205,18.8958,2.6856,-2.1567,1.2069,2.4715,-0.2670,2.1860,2.5000,-1.3162,2.0645,10.8606,-0.5095,3.0000,0.0000,2.0000,0,23.6757,757.9350,337.1226,547.5288,-210.4062,0.0000,0.0000,757.9350,337.1226
14.191,0,1,heuristic,2.1205,18.8958,2.6780,-2.1567,1.2069,2.4715,-0.2772,2.1811,2.5000,-1.2507,2.0645,10.7558,-0.5045,3.0000,0.0000,2.0000,0,23.6757,743.8956,338.2668,541.0812,-202.8144,0.0000,0.0000,743.8956,338.2668
14.241,0,1,heuristic,2.0101,18.9535,2.6622,-2.1499,1.1877,2.4562,-0.2858,2.1811,2.5000,-1.2507,2.0645,10.7558,-0.4969,3.0000,0.0000,2.0000,0,23.6757,744.5820,329.8467,537.2144,-207.3677,0.0000,0.0000,744.5820,329.8467
14.291,0,1,heuristic,1.9060,19.0075,2.6541,-2.1539,1.1751,2.4536,-0.2858,2.1757,2.5000,-1.1809,2.0645,10.6454,-0.4865,3.0000,0.0000,2.0000,0,23.6757,738.9944,342.9769,540.9856,-198.0088,0.0000,0.0000,738.9944,342.9769
14.340,0,1,heuristic,1.7954,19.0644,2.6401,-2.1485,1.1587,2.4411,-0.2993,2.1705,2.5000,-1.1148,2.0645,10.5419,-0.4836,3.0000,0.0000,2.0000,0,23.6757,719.2045,360.8846,540.0445,-179.1600,0.0000,0.0000,719.2045,360.8846
14.390,0,1,heuristic,1.6910,19.1176,2.6316,-2.1536,1.1488,2.4409,-0.3060,2.1648,2.5000,-1.0443,2.0645,10.4327,-0.4753,3.0000,0.0000,2.0000,0,23.6757,725.4931,350.9827,538.2379,-187.2552,0.0000,0.0000,725.4931,350.9827
14.441,0,1,heuristic,1.5802,19.1739,2.6170,-2.1490,1.1354,2.4305,-0.2935,2.1593,2.5000,-0.9776,2.0645,10.3303,-0.4723,3.0000,0.0000,2.0000,0,23.6757,725.4931,350.9827,538.2379,-187.2552,0.0000,0.0000,725.4931,350.9827
14.491,0,1,heuristic,1.4758,19.2267,2.6021,-2.1545,1.1284,2.4321,-0.3055,2.1533,2.5000,-0.9067,2.0645,10.2222,-0.4636,3.0000,0.0000,2.0000,0,23.6757,712.0224,345.5261,528.7742,-183.2481,0.0000,0.0000,712.0224,345.5261
14.541,0,1,heuristic,1.4758,19.2267,2.5961,-2.1545,1.1284,2.4321,-0.3110,2.1476,2.5000,-0.8398,2.0645,10.1208,-0.4545,3.0000,0.0000,2.0000,0,23.6757,713.4965,342.9209,528.2087,-185.2878,0.0000,0.0000,713.4965,342.9209
14.591,0,1,heuristic,1.3649,19.2825,2.5809,-2.1499,1.1175,2.4230,-0.3160,2.1476,2.5000,-0.8398,2.0645,10.1208,-0.4485,3.0000,0.0000,2.0000,0,23.6757,718.2532,334.2663,526.2597,-191.9935,0.0000,0.0000,718.2532,334.2663
14.641,0,1,heuristic,1.2605,19.3350,2.5717,-2.1550,1.1127,2.4253,-0.3133,2.1414,2.5000,-0.7686,2.0645,10.0137,-0.4395,3.0000,0.0000,2.0000,0,23.6757,713.9474,338.7011,526.3242,-187.6231,0.0000,0.0000,713.9474,338.7011
14.690,0,1,heuristic,1.2605,19.3350,2.5592,-2.1550,1.1127,2.4253,-0.3140,2.1353,2.4783,-0.7016,2.0645,9.9134,-0.4363,3.0000,0.0000,2.0000,0,23.6757,701.9805,335.0633,518.5219,-183.4586,0.0000,0.0000,701.9805,335.0633
14.740,0,1,heuristic,1.0455,19.4427,2.5403,-2.1542,1.1005,2.4190,-0.3217,2.1353,2.4783,-0.7016,2.0645,9.9134,-0.4239,3.0000,0.0000,2.0000,0,23.6757,726.1744,338.6798,532.4271,-193.7473,0.0000,0.0000,726.1744,338.6798
14.791,0,1,heuristic,1.0455,19.4427,2.5340,-2.1542,1.1005,2.4190,-0.3337,2.1226,2.4270,-0.5633,2.0645,9.7081,-0.4178,3.0000,0.0000,2.0000,0,23.6757,726.1744,338.6798,532.4271,-193.7473,0.0000,0.0000,726.1744,338.6798
14.841,0,1,heuristic,0.9350,19.4980,2.5179,-2.1485,1.0931,2.4106,-0.3332,2.1226,2.4270,-0.5633,2.0645,9.7081,-0.4114,3.0000,0.0000,2.0000,0,23.6757,707.4874,343.3248,525.4061,-182.0813,0.0000,0.0000,707.4874,343.3248
14.891,0,1,heuristic,0.8308,19.5502,2.5050,-2.1529,1.0916,2.4139,-0.3340,2.1158,2.4008,-0.4922,2.0645,9.6033,-0.4021,3.0000,0.0000,2.0000,0,23.6757,685.7349,347.6636,516.6993,-169.0357,0.0000,0.0000,685.7349,347.6636
14.941,0,1,heuristic,0.7203,19.6055,2.4887,-2.1473,1.0861,2.4064,-0.3315,2.1093,2.3762,-0.4252,2.0645,9.5049,-0.3957,3.0000,0.0000,2.0000,0,23.6757,690.5816,316.0694,503.3255,-187.2561,0.0000,0.0000,690.5816,316.0694
14.991,0,1,heuristic,0.6163,19.6577,2.4756,-2.1513,1.0863,2.4100,-0.3282,2.1022,2.3503,-0.3541,2.0645,9.4010,-0.3865,3.0000,0.0000,2.0000,0,23.6757,689.7634,315.1662,502.4648,-187.2986,0.0000,0.0000,689.7634,315.1662
15.040,0,1,heuristic,0.6163,19.6577,2.4624,-2.1513,1.0863,2.4100,-0.3367,2.0954,2.3259,-0.2872,2.0645,9.3035,-0.3802,3.0000,0.0000,2.0000,0,23.6757,688.4192,332.1748,510.2970,-178.1222,0.0000,0.0000,688.4192,332.1748
15.091,0,1,heuristic,0.5062,19.7130,2.4491,-2.1445,1.0819,2.4020,-0.3387,2.0954,2.3259,-0.2872,2.0645,9.3035,-0.3670,3.0000,0.0000,2.0000,0,23.6757,692.6301,318.3154,505.4728,-187.1573,0.0000,0.0000,692.6301,318.3154
15.141,0,1,heuristic,0.4026,19.7652,2.4325,-2.1473,1.0830,2.4049,-0.3312,2.0880,2.3002,-0.2165,2.0645,9.2007,-0.3611,3.0000,0.0000,2.0000,0,23.6757,679.4024,328.8369,504.1196,-175.2827,0.0000,0.0000,679.4024,328.8369
15.191,0,1,heuristic,0.2929,19.8207,2.4158,-2.1399,1.0800,2.3970,-0.3317,2.0810,2.2761,-0.1500,2.0645,9.1044,-0.3515,3.0000,0.0000,2.0000,0,23.6757,685.0969,319.6396,502.3683,-182.7287,0.0000,0.0000,685.0969,319.6396
15.241,0,1,heuristic,0.1896,19.8733,2.4023,-2.1422,1.0828,2.4003,-0.3362,2.0734,2.2506,-0.0797,2.0645,9.0026,-0.3424,3.0000,0.0000,2.0000,0,23.6757,679.4944,336.3260,507.9102,-171.5842,0.0000,0.0000,679.4944,336.3260
15.291,0,1,heuristic,0.0803,19.9292,2.3889,-2.1343,1.0816,2.3927,-0.3250,2.0661,2.2268,-0.0136,2.0645,8.9070,-0.3363,3.0000,0.0000,2.0000,0,23.6757,683.8003,324.6098,504.2050,-179.5952,0.0000,0.0000,683.8003,324.6098
15.341,0,1,heuristic,-0.0226,19.9823,2.3719,-2.1362,1.0865,2.3966,-0.3485,2.0581,2.2015,0.0561,2.0645,8.8061,-0.3307,3.0000,0.0000,2.0000,0,23.6757,660.3959,328.9356,494.6658,-165.7302,0.0000,0.0000,660.3959,328.9356
15.391,0,1,heuristic,-0.1316,20.0391,2.3551,-2.1280,1.0875,2.3898,-0.3485,2.0506,2.1778,0.1216,2.0645,8.7112,-0.3214,3.0000,0.0000,2.0000,0,23.6757,658.3034,336.9797,497.6415,-160.6618,0.0000,0.0000,658.3034,336.9797
15.440,0,1,heuristic,-0.2340,20.0930,2.3415,-2.1292,1.0944,2.3940,-0.3267,2.0424,2.1527,0.1906,2.0645,8.6109,-0.3127,3.0000,0.0000,2.0000,0,23.6757,649.6741,349.5972,499.6357,-150.0385,0.0000,0.0000,649.6741,349.5972
15.491,0,1,heuristic,-0.2340,20.0930,2.3280,-2.1292,1.0944,2.3940,-0.3332,2.0345,2.1292,0.2553,2.0645,8.5166,-0.3070,3.0000,0.0000,2.0000,0,23.6757,649.6741,349.5972,499.6357,-150.0385,0.0000,0.0000,649.6741,349.5972
15.541,0,1,heuristic,-0.3424,20.1506,2.3111,-2.1201,1.0973,2.3872,-0.3405,2.0345,2.1292,0.2553,2.0645,8.5166,-0.2934,3.0000,0.0000,2.0000,0,23.6757,631.2199,324.3844,477.8022,-153.4178,0.0000,0.0000,631.2199,324.3844
15.591,0,1,heuristic,-0.4442,20.2055,2.3011,-2.1203,1.1066,2.3917,-0.3360,2.0261,2.1042,0.3234,2.0645,8.4169,-0.2850,3.0000,0.0000,2.0000,0,23.6757,631.2199,324.3844,477.8022,-153.4178,0.0000,0.0000,631.2199,324.3844
15.640,0,1,heuristic,-0.5518,20.2643,2.2843,-2.1100,1.1113,2.3848,-0.3165,2.0180,2.0808,0.3870,2.0645,8.3231,-0.2831,3.0000,0.0000,2.0000,0,23.6757,634.0283,299.5533,466.7908,-167.2375,0.0000,0.0000,634.0283,299.5533
15.690,0,1,heuristic,-0.6527,20.3201,2.2744,-2.1085,1.1218,2.3884,-0.3230,2.0093,2.0560,0.4539,2.0645,8.2239,-0.2750,3.0000,0.0000,2.0000,0,23.6757,618.4409,318.5569,468.4989,-149.9420,0.0000,0.0000,618.4409,318.5569
15.740,0,1,heuristic,-0.7592,20.3799,2.2577,-2.0964,1.1272,2.3802,-0.3222,2.0010,2.0327,0.5163,2.0645,8.1307,-0.2734,3.0000,0.0000,2.0000,0,23.6757,620.0723,317.6206,468.8465,-151.2259,0.0000,0.0000,620.0723,317.6206
15.791,0,1,heuristic,-0.8590,20.4366,2.2412,-2.0930,1.1383,2.3825,-0.3355,1.9920,2.0081,0.5818,2.0645,8.0324,-0.2657,3.0000,0.0000,2.0000,0,23.6757,594.9755,305.5707,450.2731,-144.7024,0.0000,0.0000,594.9755,305.5707
15.841,0,1,heuristic,-0.8590,20.4366,2.2280,-2.0930,1.1383,2.3825,-0.3410,1.9835,1.9850,0.6427,2.0645,7.9400,-0.2577,3.0000,0.0000,2.0000,0,23.6757,594.9755,305.5707,450.2731,-144.7024,0.0000,0.0000,594.9755,305.5707
15.891,0,1,heuristic,-0.9642,20.4974,2.2149,-2.0790,1.1444,2.3731,-0.3440,1.9835,1.9850,0.6427,2.0645,7.9400,-0.2446,3.0000,0.0000,2.0000,0,23.6757,595.0353,307.5200,451.2777,-143.7577,0.0000,0.0000,595.0353,307.5200
15.941,0,1,heuristic,-1.0626,20.5552,2.2018,-2.0732,1.1560,2.3738,-0.3227,1.9743,1.9606,0.7066,2.0645,7.8425,-0.2406,3.0000,0.0000,2.0000,0,23.6757,598.6564,293.3861,446.0212,-152.6351,0.0000,0.0000,598.6564,293.3861
15.991,0,1,heuristic,-1.1662,20.6169,2.1888,-2.0570,1.1624,2.3627,-0.3058,1.9655,1.9378,0.7659,2.0645,7.7511,-0.2363,3.0000,0.0000,2.0000,0,23.6757,590.9282,316.5271,453.7276,-137.2006,0.0000,0.0000,590.9282,316.5271
16.041,0,1,heuristic,-1.2631,20.6756,2.1759,-2.0493,1.1746,2.3620,-0.3295,1.9562,1.9136,0.8278,2.0645,7.6545,-0.2327,3.0000,0.0000,2.0000,0,23.6757,571.5845,283.7711,427.6778,-143.9067,0.0000,0.0000,571.5845,283.7711
16.090,0,1,heuristic,-1.2631,20.6756,2.1661,-2.0493,1.1746,2.3620,-0.3352,1.9472,1.8910,0.8853,2.0645,7.5640,-0.2286,3.0000,0.0000,2.0000,0,23.6757,541.7993,283.2715,412.5354,-129.2639,0.0000,0.0000,541.7993,283.2715
16.141,0,1,heuristic,-1.3650,20.7385,2.1468,-2.0313,1.1814,2.3499,-0.3202,1.9472,1.8910,0.8853,2.0645,7.5640,-0.2189,3.0000,0.0000,2.0000,0,23.6757,559.6410,277.3536,418.4973,-141.1437,0.0000,0.0000,559.6410,277.3536
16.191,0,1,heuristic,-1.4601,20.7981,2.1373,-2.0214,1.1936,2.3474,-0.2955,1.9376,1.8671,0.9452,2.0645,7.4685,-0.2092,3.0000,0.0000,2.0000,0,23.6757,557.4793,267.4122,412.4457,-145.0335,0.0000,0.0000,557.4793,267.4122
16.241,0,1,heuristic,-1.5599,20.8618,2.1182,-2.0011,1.1998,2.3332,-0.3145,1.9285,1.8447,1.0007,2.0645,7.3790,-0.2088,3.0000,0.0000,2.0000,0,23.6757,552.6917,285.6140,419.1528,-133.5388,0.0000,0.0000,552.6917,285.6140
16.291,0,1,heuristic,-1.6531,20.9222,2.1055,-1.9890,1.2116,2.3290,-0.3255,1.9187,1.8212,1.0585,2.0645,7.2847,-0.1995,3.0000,0.0000,2.0000,0,23.6757,557.2473,295.2574,426.2524,-130.9949,0.0000,0.0000,557.2473,295.2574
16.340,0,1,heuristic,-1.7509,20.9869,2.0929,-1.9674,1.2180,2.3139,-0.3063,1.9094,1.7991,1.1119,2.0645,7.1965,-0.1961,3.0000,0.0000,2.0000,0,23.6757,539.1756,277.5534,408.3645,-130.8111,0.0000,0.0000,539.1756,277.5534
16.391,0,1,heuristic,-1.8421,21.0484,2.0771,-1.9541,1.2309,2.3095,-0.3008,1.8994,1.7758,1.1673,2.0645,7.1034,-0.1934,3.0000,0.0000,2.0000,0,23.6757,526.3765,275.1920,400.7843,-125.5922,0.0000,0.0000,526.3765,275.1920
16.441,0,1,heuristic,-1.8421,21.0484,2.0678,-1.9541,1.2309,2.3095,-0.3158,1.8900,1.7540,1.2185,2.0645,7.0160,-0.1872,3.0000,0.0000,2.0000,0,23.6757,505.8450,258.2872,382.0661,-123.7789,0.0000,0.0000,505.8450,258.2872
16.491,0,1,heuristic,-2.0270,21.1770,2.0491,-1.9168,1.2517,2.2892,-0.3053,1.8900,1.7540,1.2185,2.0645,7.0160,-0.1778,3.0000,0.0000,2.0000,0,23.6757,491.4773,262.8326,377.1549,-114.3224,0.0000,0.0000,491.4773,262.8326
16.541,0,1,heuristic,-2.0270,21.1770,2.0368,-1.9168,1.2517,2.2892,-0.2893,1.8702,1.7093,1.3204,2.0645,6.8372,-0.1790,3.0000,0.0000,2.0000,0,23.6757,498.5194,269.8782,384.1988,-114.3206,0.0000,0.0000,498.5194,269.8782
16.591,0,1,heuristic,-2.1204,21.2439,2.0246,-1.8924,1.2585,2.2727,-0.2975,1.8702,1.7093,1.3204,2.0645,6.8372,-0.1666,3.0000,0.0000,2.0000,0,23.6757,498.5194,269.8782,384.1988,-114.3206,0.0000,0.0000,498.5194,269.8782
16.641,0,1,heuristic,-2.2072,21.3073,2.0094,-1.8756,1.2711,2.2658,-0.2963,1.8599,1.6865,1.3709,2.0645,6.7461,-0.1647,3.0000,0.0000,2.0000,0,23.6757,500.1444,264.2771,382.2107,-117.9336,0.0000,0.0000,500.1444,264.2771
16.691,0,1,heuristic,-2.2980,21.3751,1.9944,-1.8499,1.2777,2.2483,-0.2908,1.8501,1.6652,1.4173,2.0645,6.6609,-0.1593,3.0000,0.0000,2.0000,0,23.6757,503.4375,240.7061,372.0718,-131.3657,0.0000,0.0000,503.4375,240.7061
16.741,0,1,heuristic,-2.3825,21.4395,1.9825,-1.8321,1.2905,2.2409,-0.2970,1.8397,1.6428,1.4652,2.0645,6.5710,-0.1547,3.0000,0.0000,2.0000,0,23.6757,503.2073,238.5094,370.8584,-132.3489,0.0000,0.0000,503.2073,238.5094
16.791,0,1,heuristic,-2.4710,21.5083,1.9707,-1.8058,1.2969,2.2233,-0.2940,1.8297,1.6217,1.5091,2.0645,6.4868,-0.1528,3.0000,0.0000,2.0000,0,23.6757,489.6410,225.5917,357.6163,-132.0247,0.0000,0.0000,489.6410,225.5917
16.841,0,1,heuristic,-2.5532,21.5735,1.9559,-1.7874,1.3091,2.2155,-0.2993,1.8191,1.5995,1.5543,2.0645,6.3981,-0.1516,3.0000,0.0000,2.0000,0,23.6757,488.0736,223.9293,356.0014,-132.0722,0.0000,0.0000,488.0736,223.9293
16.891,0,1,heuristic,-2.6393,21.6430,1.9442,-1.7608,1.3147,2.1975,-0.2880,1.8090,1.5787,1.5959,2.0645,6.3150,-0.1469,3.0000,0.0000,2.0000,0,23.6757,471.9983,234.3583,353.1783,-118.8200,0.0000,0.0000,471.9983,234.3583
16.941,0,1,heuristic,-2.6393,21.6430,1.9325,-1.7608,1.3147,2.1975,-0.2950,1.7982,1.5569,1.6387,2.0645,6.2275,-0.1459,3.0000,0.0000,2.0000,0,23.6757,461.9718,238.3906,350.1812,-111.7906,0.0000,0.0000,461.9718,238.3906
16.990,0,1,heuristic,-2.7192,21.7089,1.9237,-1.7417,1.3262,2.1892,-0.3000,1.7982,1.5569,1.6387,2.0645,6.2275,-0.1342,3.0000,0.0000,2.0000,0,23.6757,447.3596,241.3191,344.3393,-103.0202,0.0000,0.0000,447.3596,241.3191
17.041,0,1,heuristic,-2.8027,21.7791,1.9091,-1.7145,1.3312,2.1706,-0.2845,1.7880,1.5364,1.6779,2.0645,6.1456,-0.1357,3.0000,0.0000,2.0000,0,23.6757,440.4828,243.3303,341.9066,-98.5763,0.0000,0.0000,440.4828,243.3303
17.091,0,1,heuristic,-2.8802,21.8457,1.9005,-1.6943,1.3423,2.1616,-0.2863,1.7770,1.5148,1.7181,2.0645,6.0594,-0.1321,3.0000,0.0000,2.0000,0,23.6757,445.6131,240.8903,343.2517,-102.3614,0.0000,0.0000,445.6131,240.8903
17.141,0,1,heuristic,-2.8802,21.8457,1.8890,-1.6943,1.3423,2.1616,-0.2998,1.7666,1.4947,1.7548,2.0645,5.9787,-0.1339,3.0000,0.0000,2.0000,0,23.6757,456.1976,229.6890,342.9433,-113.2543,0.0000,0.0000,456.1976,229.6890
17.191,0,1,heuristic,-2.9609,21.9167,1.8748,-1.6659,1.3469,2.1423,-0.2700,1.7666,1.4947,1.7548,2.0645,5.9787,-0.1224,3.0000,0.0000,2.0000,0,23.6757,470.0121,225.0664,347.5393,-122.4729,0.0000,0.0000,470.0121,225.0664
17.241,0,1,heuristic,-3.0357,21.9840,1.8691,-1.6446,1.3580,2.1328,-0.2802,1.7555,1.4734,1.7922,2.0645,5.8937,-0.1192,3.0000,0.0000,2.0000,0,23.6757,464.3122,220.8995,342.6058,-121.7063,0.0000,0.0000,464.3122,220.8995
17.291,0,1,heuristic,-3.1138,22.0559,1.8551,-1.6159,1.3628,2.1139,-0.2895,1.7450,1.4535,1.8262,2.0645,5.8141,-0.1241,3.0000,0.0000,2.0000,0,23.6757,449.9069,217.4267,333.6668,-116.2401,0.0000,0.0000,449.9069,217.4267
17.341,0,1,heuristic,-3.1862,22.1241,1.8439,-1.5945,1.3743,2.1050,-0.2757,1.7338,1.4325,1.8609,2.0645,5.7301,-0.1213,3.0000,0.0000,2.0000,0,23.6757,456.7266,220.6704,338.6985,-118.0281,0.0000,0.0000,456.7266,220.6704
17.391,0,1,heuristic,-3.1862,22.1241,1.8328,-1.5945,1.3743,2.1050,-0.2830,1.7231,1.4129,1.8924,2.0645,5.6514,-0.1208,3.0000,0.0000,2.0000,0,23.6757,454.5629,216.2844,335.4237,-119.1392,0.0000,0.0000,454.5629,216.2844
17.441,0,1,heuristic,-3.2618,22.1968,1.8188,-1.5662,1.3794,2.0870,-0.2727,1.7231,1.4129,1.8924,2.0645,5.6514,-0.1097,3.0000,0.0000,2.0000,0,23.6757,445.2142,205.5702,325.3922,-119.8220,0.0000,0.0000,445.2142,205.5702
17.491,0,1,heuristic,-3.3318,22.2659,1.8106,-1.5448,1.3912,2.0789,-0.2762,1.7117,1.3921,1.9244,2.0645,5.5684,-0.1072,3.0000,0.0000,2.0000,0,23.6757,449.1861,209.1726,329.1793,-120.0067,0.0000,0.0000,449.1861,209.1726
17.541,0,1,heuristic,-3.4048,22.3396,1.7995,-1.5167,1.3964,2.0616,-0.2597,1.7008,1.3726,1.9533,2.0645,5.4905,-0.1098,3.0000,0.0000,2.0000,0,23.6757,446.0390,216.5362,331.2876,-114.7514,0.0000,0.0000,446.0390,216.5362
17.591,0,1,heuristic,-3.4725,22.4095,1.7884,-1.4954,1.4083,2.0541,-0.2820,1.6892,1.3521,1.9827,2.0645,5.4084,-0.1103,3.0000,0.0000,2.0000,0,23.6757,426.4467,210.2742,318.3604,-108.0862,0.0000,0.0000,426.4467,210.2742
17.640,0,1,heuristic,-3.4725,22.4095,1.7774,-1.4954,1.4083,2.0541,-0.2590,1.6781,1.3328,2.0092,2.0645,5.3313,-0.1103,3.0000,0.0000,2.0000,0,23.6757,425.0364,212.1192,318.5778,-106.4586,0.0000,0.0000,425.0364,212.1192
17.691,0,1,heuristic,-3.5430,22.4841,1.7636,-1.4675,1.4137,2.0376,-0.2700,1.6781,1.3328,2.0092,2.0645,5.3313,-0.0993,3.0000,0.0000,2.0000,0,23.6757,425.0364,212.1192,318.5778,-106.4586,0.0000,0.0000,425.0364,212.1192
17.741,0,1,heuristic,-3.6083,22.5548,1.7554,-1.4458,1.4256,2.0305,-0.2770,1.6663,1.3125,2.0359,2.0645,5.2499,-0.0973,3.0000,0.0000,2.0000,0,23.6757,420.6186,208.5631,314.5909,-106.0277,0.0000,0.0000,420.6186,208.5631
17.791,0,1,heuristic,-3.6761,22.6303,1.7418,-1.4177,1.4309,2.0143,-0.2792,1.6550,1.2934,2.0599,2.0645,5.1736,-0.1004,3.0000,0.0000,2.0000,0,23.6757,395.8913,217.7634,306.8273,-89.0639,0.0000,0.0000,395.8913,217.7634
17.841,0,1,heuristic,-3.7389,22.7019,1.7337,-1.3955,1.4429,2.0074,-0.2662,1.6430,1.2733,2.0838,2.0645,5.0930,-0.0988,3.0000,0.0000,2.0000,0,23.6757,400.7446,210.2523,305.4985,-95.2461,0.0000,0.0000,400.7446,210.2523
17.891,0,1,heuristic,-3.7389,22.7019,1.7229,-1.3955,1.4429,2.0074,-0.2873,1.6316,1.2544,2.1052,2.0645,5.0175,-0.1021,3.0000,0.0000,2.0000,0,23.6757,396.3690,202.2515,299.3103,-97.0588,0.0000,0.0000,396.3690,202.2515
17.941,0,1,heuristic,-3.8641,22.8504,1.7069,-1.3439,1.4591,1.9837,-0.2607,1.6316,1.2544,2.1052,2.0645,5.0175,-0.0913,3.0000,0.0000,2.0000,0,23.6757,396.1007,172.9694,284.5350,-111.5656,0.0000,0.0000,396.1007,172.9694
17.991,0,1,heuristic,-3.8641,22.8504,1.7016,-1.3439,1.4591,1.9837,-0.2577,1.6077,1.2158,2.1450,2.0645,4.8630,-0.0991,3.0000,0.0000,2.0000,0,23.6757,398.5908,187.9970,293.2939,-105.2969,0.0000,0.0000,398.5908,187.9970
18.041,0,1,heuristic,-3.9264,22.9272,1.6883,-1.3149,1.4626,1.9667,-0.2607,1.6077,1.2158,2.1450,2.0645,4.8630,-0.0938,3.0000,0.0000,2.0000,0,23.6757,398.5908,187.9970,293.2939,-105.2969,0.0000,0.0000,398.5908,187.9970
18.090,0,1,heuristic,-3.9840,22.9997,1.6805,-1.2917,1.4723,1.9586,-0.2767,1.5953,1.1961,2.1636,2.0645,4.7844,-0.0931,3.0000,0.0000,2.0000,0,23.6757,406.8118,199.1537,302.9828,-103.8291,0.0000,0.0000,406.8118,199.1537
18.141,0,1,heuristic,-4.0437,23.0769,1.6674,-1.2629,1.4748,1.9417,-0.2677,1.5834,1.1777,2.1799,2.0645,4.7108,-0.0970,3.0000,0.0000,2.0000,0,23.6757,406.8118,199.1537,302.9828,-103.8291,0.0000,0.0000,406.8118,199.1537
18.191,0,1,heuristic,-4.0987,23.1501,1.6544,-1.2397,1.4846,1.9342,-0.2823,1.5708,1.1583,2.1958,2.0645,4.6332,-0.0966,3.0000,0.0000,2.0000,0,23.6757,402.5702,201.1197,301.8449,-100.7253,0.0000,0.0000,402.5702,201.1197
18.241,0,1,heuristic,-4.0987,23.1501,1.6466,-1.2397,1.4846,1.9342,-0.2477,1.5587,1.1401,2.2096,2.0645,4.5604,-0.0957,3.0000,0.0000,2.0000,0,23.6757,408.3768,192.3238,300.3503,-108.0265,0.0000,0.0000,408.3768,192.3238
18.291,0,1,heuristic,-4.1558,23.2281,1.6337,-1.2113,1.4878,1.9185,-0.2543,1.5587,1.1401,2.2096,2.0645,4.5604,-0.0879,3.0000,0.0000,2.0000,0,23.6757,399.2932,202.1980,300.7456,-98.5476,0.0000,0.0000,399.2932,202.1980
18.341,0,1,heuristic,-4.2084,23.3020,1.6234,-1.1882,1.4983,1.9123,-0.2450,1.5458,1.1250,2.2229,2.0645,4.4834,-0.0879,3.0000,0.0000,2.0000,0,23.6757,393.8617,209.5915,301.7266,-92.1351,0.0000,0.0000,393.8617,209.5915
18.391,0,1,heuristic,-4.2628,23.3810,1.6131,-1.1601,1.5022,1.8980,-0.2515,1.5334,1.1250,2.2342,2.0645,4.4111,-0.0899,3.0000,0.0000,2.0000,0,23.6757,381.8914,202.5975,292.2445,-89.6470,0.0000,0.0000,381.8914,202.5975
18.440,0,1,heuristic,-4.3130,23.4558,1.6003,-1.1369,1.5135,1.8929,-0.2393,1.5202,1.1250,2.2448,2.0645,4.3347,-0.0929,3.0000,0.0000,2.0000,0,23.6757,369.7251,210.9372,290.3311,-79.3939,0.0000,0.0000,369.7251,210.9372
18.491,0,1,heuristic,-4.3648,23.5356,1.5876,-1.1087,1.5178,1.8796,-0.2510,1.5075,1.1250,2.2534,2.0645,4.2628,-0.0927,3.0000,0.0000,2.0000,0,23.6757,367.5371,205.5860,286.5615,-80.9756,0.0000,0.0000,367.5371,205.5860
18.541,0,1,heuristic,-4.4123,23.6112,1.5776,-1.0851,1.5293,1.8751,-0.2455,1.4940,1.1250,2.2612,2.0645,4.1868,-0.0936,3.0000,0.0000,2.0000,0,23.6757,355.2961,201.0983,278.1972,-77.0989,0.0000,0.0000,355.2961,201.0983
18.591,0,1,heuristic,-4.4123,23.6112,1.5701,-1.0851,1.5293,1.8751,-0.2295,1.4811,1.1250,2.2672,2.0645,4.1154,-0.0965,3.0000,0.0000,2.0000,0,23.6757,363.9678,184.2557,274.1118,-89.8560,0.0000,0.0000,363.9678,184.2557
18.641,0,1,heuristic,-4.4613,23.6918,1.5578,-1.0566,1.5333,1.8621,-0.2303,1.4811,1.1250,2.2672,2.0645,4.1154,-0.0890,3.0000,0.0000,2.0000,0,23.6757,371.3547,174.4742,272.9145,-98.4403,0.0000,0.0000,371.3547,174.4742
18.691,0,1,heuristic,-4.5063,23.7679,1.5505,-1.0327,1.5439,1.8574,-0.2313,1.4672,1.1250,2.2722,2.0645,4.0400,-0.0906,3.0000,0.0000,2.0000,0,23.6757,371.3547,174.4742,272.9145,-98.4403,0.0000,0.0000,371.3547,174.4742
18.741,0,1,heuristic,-4.5527,23.8489,1.5384,-1.0045,1.5465,1.8441,-0.2432,1.4539,1.1250,2.2758,2.0645,3.9693,-0.0965,3.0000,0.0000,2.0000,0,23.6757,360.9399,170.8931,265.9165,-95.0234,0.0000,0.0000,360.9399,170.8931
18.791,0,1,heuristic,-4.5952,23.9253,1.5287,-0.9809,1.5559,1.8392,-0.2460,1.4397,1.1250,2.2782,2.0645,3.8946,-0.0987,3.0000,0.0000,2.0000,0,23.6757,349.1087,182.8508,265.9798,-83.1290,0.0000,0.0000,349.1087,182.8508
18.841,0,1,heuristic,-4.5952,23.9253,1.5215,-0.9809,1.5559,1.8392,-0.2503,1.4260,1.1250,2.2794,2.0645,3.8248,-0.1027,3.0000,0.0000,2.0000,0,23.6757,348.4989,182.8179,265.6584,-82.8405,0.0000,0.0000,348.4989,182.8179
18.891,0,1,heuristic,-4.6391,24.0065,1.5072,-0.9534,1.5568,1.8256,-0.2258,1.4260,1.1250,2.2794,2.0645,3.8248,-0.0955,3.0000,0.0000,2.0000,0,23.6757,331.5987,191.6247,261.6117,-69.9870,0.0000,0.0000,331.5987,191.6247
18.940,0,1,heuristic,-4.6792,24.0830,1.5001,-0.9298,1.5642,1.8197,-0.2275,1.4114,1.1250,2.2796,2.0645,3.7512,-0.0958,3.0000,0.0000,2.0000,0,23.6757,327.7866,177.3103,252.5484,-75.2382,0.0000,0.0000,327.7866,177.3103
18.991,0,1,heuristic,-4.7204,24.1642,1.4907,-0.9024,1.5635,1.8052,-0.2353,1.3973,1.1250,2.2787,2.0645,3.6824,-0.1028,3.0000,0.0000,2.0000,0,23.6757,337.7070,184.8032,261.2551,-76.4519,0.0000,0.0000,337.7070,184.8032
19.040,0,1,heuristic,-4.7580,24.2406,1.4813,-0.8787,1.5692,1.7985,-0.2365,1.3822,1.1250,2.2765,2.0645,3.6100,-0.1085,3.0000,0.0000,2.0000,0,23.6757,341.2154,192.0206,266.6180,-74.5974,0.0000,0.0000,341.2154,192.0206
19.091,0,1,heuristic,-4.7967,24.3216,1.4698,-0.8515,1.5672,1.7835,-0.2135,1.3677,1.1250,2.2734,2.0645,3.5423,-0.1136,3.0000,0.0000,2.0000,0,23.6757,322.5860,209.2968,265.9414,-56.6446,0.0000,0.0000,322.5860,209.2968
19.141,0,1,heuristic,-4.8319,24.3981,1.4584,-0.8279,1.5723,1.7770,-0.2235,1.3521,1.1250,2.2690,2.0645,3.4711,-0.1177,3.0000,0.0000,2.0000,0,23.6757,322.5860,209.2968,265.9414,-56.6446,0.0000,0.0000,322.5860,209.2968
19.191,0,1,heuristic,-4.8319,24.3981,1.4494,-0.8279,1.5723,1.7770,-0.2013,1.3371,1.1250,2.2638,2.0645,3.4045,-0.1213,3.0000,0.0000,2.0000,0,23.6757,313.3584,192.1085,252.7335,-60.6250,0.0000,0.0000,313.3584,192.1085
19.241,0,1,heuristic,-4.8679,24.4793,1.4383,-0.8007,1.5702,1.7626,-0.2130,1.3371,1.1250,2.2638,2.0645,3.4045,-0.1123,3.0000,0.0000,2.0000,0,23.6757,317.0964,186.5043,251.8003,-65.2960,0.0000,0.0000,317.0964,186.5043
19.291,0,1,heuristic,-4.9006,24.5559,1.4317,-0.7768,1.5753,1.7565,-0.2155,1.3210,1.1250,2.2570,2.0645,3.3343,-0.1173,3.0000,0.0000,2.0000,0,23.6757,320.6002,187.7173,254.1587,-66.4415,0.0000,0.0000,320.6002,187.7173
19.340,0,1,heuristic,-4.9340,24.6372,1.4231,-0.7499,1.5729,1.7425,-0.2102,1.3055,1.1250,2.2495,2.0645,3.2685,-0.1263,3.0000,0.0000,2.0000,0,23.6757,306.9935,180.7230,243.8583,-63.1353,0.0000,0.0000,306.9935,180.7230
19.391,0,1,heuristic,-4.9643,24.7138,1.4146,-0.7264,1.5777,1.7369,-0.2097,1.2887,1.1250,2.2404,2.0645,3.1993,-0.1344,3.0000,0.0000,2.0000,0,23.6757,309.3820,189.6063,249.4941,-59.8879,0.0000,0.0000,309.3820,189.6063
19.441,0,1,heuristic,-4.9643,24.7138,1.4061,-0.7264,1.5777,1.7369,-0.2035,1.2726,1.1250,2.2308,2.0645,3.1345,-0.1419,3.0000,0.0000,2.0000,0,23.6757,290.9836,190.5014,240.7425,-50.2411,0.0000,0.0000,290.9836,190.5014
19.491,0,1,heuristic,-4.9952,24.7952,1.3999,-0.7000,1.5751,1.7236,-0.1958,1.2726,1.1250,2.2308,2.0645,3.1345,-0.1335,3.0000,0.0000,2.0000,0,23.6757,283.6385,190.0485,236.8435,-46.7950,0.0000,0.0000,283.6385,190.0485
19.541,0,1,heuristic,-5.0232,24.8719,1.3937,-0.6767,1.5796,1.7185,-0.1983,1.2552,1.1250,2.2194,2.0645,3.0663,-0.1447,3.0000,0.0000,2.0000,0,23.6757,268.6758,176.5777,222.6267,-46.0491,0.0000,0.0000,268.6758,176.5777
19.591,0,1,heuristic,-5.0232,24.8719,1.3856,-0.6767,1.5796,1.7185,-0.2018,1.2384,1.1250,2.2077,2.0645,3.0025,-0.1553,3.0000,0.0000,2.0000,0,23.6757,268.0019,172.3597,220.1808,-47.8211,0.0000,0.0000,268.0019,172.3597
19.640,0,1,heuristic,-5.0516,24.9532,1.3755,-0.6507,1.5764,1.7054,-0.1852,1.2384,1.1250,2.2077,2.0645,3.0025,-0.1471,3.0000,0.0000,2.0000,0,23.6757,269.6039,159.4026,214.5032,-55.1006,0.0000,0.0000,269.6039,159.4026
19.691,0,1,heuristic,-5.0773,25.0296,1.3697,-0.6276,1.5795,1.6996,-0.1733,1.2202,0.0000,2.1943,2.0645,2.9354,-0.1553,3.0000,0.0000,2.0000,0,23.6757,269.6039,159.4026,214.5032,-55.1006,0.0000,0.0000,269.6039,159.4026
19.741,0,1,heuristic,-5.1034,25.1104,1.3600,-0.6023,1.5745,1.6858,-0.1820,1.2027,0.0000,2.1806,2.0645,2.8729,-0.1670,3.0000,0.0011,2.0000,0,23.6757,0.0000,0.0000,0.0000,0.0000,0.0000,0.0000,0.0000,0.0000
19.791,0,1,heuristic,-5.1269,25.1863,1.3543,-0.5798,1.5756,1.6789,-0.1975,1.1837,0.0000,2.1653,2.0645,2.8074,-0.1763,3.0000,0.0011,2.0000,0,23.6757,0.0000,0.0000,0.0000,0.0000,0.0000,0.0000,0.0000,0.0000
19.842,0,1,heuristic,-5.1269,25.1863,1.3468,-0.5798,1.5756,1.6789,-0.1733,1.1653,0.0000,2.1500,2.0645,2.7465,-0.1889,3.0000,0.1002,2.0000,0,23.6757,0.0000,0.0000,0.0000,0.0000,0.0000,0.0000,0.0000,0.0000
19.891,0,1,heuristic,-5.1508,25.2646,1.3413,-0.5557,1.5617,1.6577,-0.1830,1.1653,0.0000,2.1500,2.0645,2.7465,-0.1814,3.0000,0.1002,2.0000,0,23.6757,0.0000,0.0000,0.0000,0.0000,0.0000,0.0000,0.0000,0.0000
19.941,0,1,heuristic,-5.1728,25.3357,1.3359,-0.5362,1.5455,1.6359,-0.1728,1.1456,0.0000,2.1340,2.0645,2.6845,-0.1956,3.0000,0.1997,2.0000,0,23.6757,0.0000,0.0000,0.0000,0.0000,0.0000,0.0000,0.0000,0.0000
19.991,0,1,heuristic,-5.1728,25.3357,1.3307,-0.5362,1.5455,1.6359,-0.1698,1.1269,0.0000,2.1197,2.0645,2.6293,-0.2091,3.0000,0.1997,2.0000,0,23.6757,0.0000,0.0000,0.0000,0.0000,0.0000,0.0000,0.0000,0.0000
20.041,0,1,heuristic,-5.1957,25.4080,1.3240,-0.5172,1.5145,1.6003,-0.1545,1.1269,0.0000,2.1197,2.0645,2.6293,-0.2038,3.0000,0.2995,2.0000,0,23.6757,0.0000,0.0000,0.0000,0.0000,0.0000,0.0000,0.0000,0.0000
20.091,0,1,heuristic,-5.2170,25.4733,1.3175,-0.5025,1.4838,1.5666,-0.1308,1.1068,0.0000,2.1056,2.0645,2.5744,-0.2172,3.0000,0.2995,2.0000,0,23.6757,0.0000,0.0000,0.0000,0.0000,0.0000,0.0000,0.0000,0.0000
20.141,0,1,heuristic,-5.2393,25.5395,1.3099,-0.4876,1.4415,1.5217,-0.1505,1.0876,0.0000,2.0934,2.0645,2.5259,-0.2299,3.0000,0.3997,2.0000,0,23.6757,0.0000,0.0000,0.0000,0.0000,0.0000,0.0000,0.0000,0.0000
20.191,0,1,heuristic,-5.2599,25.5990,1.3040,-0.4761,1.4011,1.4797,-0.1345,1.0673,0.0000,2.0816,2.0645,2.4782,-0.2426,3.0000,0.3997,2.0000,0,23.6757,0.0000,0.0000,0.0000,0.0000,0.0000,0.0000,0.0000,0.0000
20.241,0,1,heuristic,-5.2599,25.5990,1.2984,-0.4761,1.4011,1.4797,-0.1260,1.0481,0.0000,2.0716,2.0645,2.4365,-0.2559,3.0000,0.4998,2.0000,0,23.6757,0.0000,0.0000,0.0000,0.0000,0.0000,0.0000,0.0000,0.0000
20.290,0,1,heuristic,-5.2814,25.6589,1.2917,-0.4635,1.3515,1.4288,-0.1205,1.0481,0.0000,2.0716,2.0645,2.4365,-0.2503,3.0000,0.4998,2.0000,0,23.6757,0.0000,0.0000,0.0000,0.0000,0.0000,0.0000,0.0000,0.0000
20.341,0,1,heuristic,-5.3013,25.7127,1.2878,-0.4536,1.3053,1.3818,-0.1165,1.0278,0.0000,2.0621,2.0645,2.3958,-0.2639,3.0000,0.5996,2.0000,0,23.6757,0.0000,0.0000,0.0000,0.0000,0.0000,0.0000,0.0000,0.0000
20.390,0,1,heuristic,-5.3219,25.7669,1.2828,-0.4422,1.2528,1.3286,-0.1220,1.0088,0.0000,2.0541,2.0645,2.3604,-0.2790,3.0000,0.5996,2.0000,0,23.6757,0.0000,0.0000,0.0000,0.0000,0.0000,0.0000,0.0000,0.0000
20.441,0,1,heuristic,-5.3409,25.8157,1.2757,-0.4331,1.2055,1.2809,-0.0988,0.9889,0.0000,2.0466,2.0645,2.3260,-0.2939,3.0000,0.6994,2.0000,0,23.6757,0.0000,0.0000,0.0000,0.0000,0.0000,0.0000,0.0000,0.0000
20.491,0,1,heuristic,-5.3607,25.8652,1.2712,-0.4227,1.1548,1.2297,-0.1033,0.9703,0.0000,2.0402,2.0645,2.2961,-0.3055,3.0000,0.6994,2.0000,0,23.6757,0.0000,0.0000,0.0000,0.0000,0.0000,0.0000,0.0000,0.0000
20.541,0,1,heuristic,-5.3791,25.9101,1.2648,-0.4146,1.1109,1.1857,-0.1018,0.9507,0.0000,2.0342,2.0645,2.2669,-0.3205,3.0000,0.7997,2.0000,0,23.6757,0.0000,0.0000,0.0000,0.0000,0.0000,0.0000,0.0000,0.0000
20.591,0,1,heuristic,-5.3791,25.9101,1.2628,-0.4146,1.1109,1.1857,-0.1003,0.9324,0.0000,2.0291,2.0645,2.2414,-0.3324,3.0000,0.7997,2.0000,0,23.6757,0.0000,0.0000,0.0000,0.0000,0.0000,0.0000,0.0000,0.0000
20.641,0,1,heuristic,-5.4159,25.9982,1.2568,-0.3979,1.0278,1.1021,-0.0970,0.9324,0.0000,2.0291,2.0645,2.2414,-0.3303,3.0000,0.8995,2.0000,0,23.6757,0.0000,0.0000,0.0000,0.0000,0.0000,0.0000,0.0000,0.0000
20.691,0,1,heuristic,-5.4159,25.9982,1.2530,-0.3979,1.0278,1.1021,-0.0915,0.8950,0.0000,2.0198,2.0645,2.1941,-0.3618,3.0000,0.8995,2.0000,0,23.6757,0.0000,0.0000,0.0000,0.0000,0.0000,0.0000,0.0000,0.0000
20.741,0,1,heuristic,-5.4342,26.0416,1.2485,-0.3888,0.9894,1.0630,-0.0858,0.8950,0.0000,2.0198,2.0645,2.1941,-0.3580,3.0000,0.9993,2.0000,0,23.6757,0.0000,0.0000,0.0000,0.0000,0.0000,0.0000,0.0000,0.0000
20.791,0,1,heuristic,-5.4510,26.0816,1.2450,-0.3810,0.9580,1.0310,-0.0745,0.8759,0.0000,2.0153,2.0645,2.1721,-0.3725,3.0000,0.9993,2.0000,0,23.6757,0.0000,0.0000,0.0000,0.0000,0.0000,0.0000,0.0000,0.0000
20.841,0,1,heuristic,-5.4683,26.1230,1.2425,-0.3711,0.9255,0.9971,-0.0750,0.8581,0.0000,2.0112,2.0645,2.1525,-0.3869,3.0000,1.0992,2.0000,0,23.6757,0.0000,0.0000,0.0000,0.0000,0.0000,0.0000,0.0000,0.0000
20.891,0,1,heuristic,-5.4839,26.1610,1.2392,-0.3622,0.8988,0.9690,-0.0720,0.8393,0.0000,2.0067,2.0645,2.1328,-0.4032,3.0000,1.0992,2.0000,0,23.6757,0.0000,0.0000,0.0000,0.0000,0.0000,0.0000,0.0000,0.0000
20.941,0,1,heuristic,-5.4839,26.1610,1.2360,-0.3622,0.8988,0.9690,-0.0673,0.8217,0.0000,2.0025,2.0645,2.1153,-0.4175,3.0000,1.2003,2.0000,0,23.6757,0.0000,0.0000,0.0000,0.0000,0.0000,0.0000,0.0000,0.0000
20.991,0,1,heuristic,-5.5000,26.2002,1.2323,-0.3515,0.8698,0.9382,-0.0727,0.8217,0.0000,2.0025,2.0645,2.1153,-0.4143,3.0000,1.2003,2.0000,0,23.6757,0.0000,0.0000,0.0000,0.0000,0.0000,0.0000,0.0000,0.0000
21.040,0,1,heuristic,-5.5147,26.2360,1.2308,-0.3423,0.8452,0.9119,-0.0713,0.8034,0.0000,1.9981,2.0645,2.0979,-0.4288,3.0000,1.2996,2.0000,0,23.6757,0.0000,0.0000,0.0000,0.0000,0.0000,0.0000,0.0000,0.0000
21.091,0,1,heuristic,-5.5298,26.2728,1.2272,-0.3322,0.8176,0.8825,-0.0650,0.7864,0.0000,1.9940,2.0645,2.0826,-0.4444,3.0000,1.2996,2.0000,0,23.6757,0.0000,0.0000,0.0000,0.0000,0.0000,0.0000,0.0000,0.0000
21.141,0,1,heuristic,-5.5438,26.3063,1.2245,-0.3241,0.7936,0.8573,-0.0550,0.7686,0.0000,1.9899,2.0645,2.0676,-0.4586,3.0000,1.3995,2.0000,0,23.6757,0.0000,0.0000,0.0000,0.0000,0.0000,0.0000,0.0000,0.0000
21.191,0,1,heuristic,-5.5438,26.3063,1.2225,-0.3241,0.7936,0.8573,-0.0568,0.7522,0.0000,1.9864,2.0645,2.0547,-0.4723,3.0000,1.3995,2.0000,0,23.6757,0.0000,0.0000,0.0000,0.0000,0.0000,0.0000,0.0000,0.0000
21.241,0,1,heuristic,-5.5585,26.3405,1.2193,-0.3157,0.7664,0.8289,-0.0685,0.7522,0.0000,1.9864,2.0645,2.0547,-0.4703,3.0000,1.4994,2.0000,0,23.6757,0.0000,0.0000,0.0000,0.0000,0.0000,0.0000,0.0000,0.0000
21.291,0,1,heuristic,-5.5722,26.3715,1.2174,-0.3097,0.7425,0.8045,-0.0535,0.7350,0.0000,1.9831,2.0645,2.0423,-0.4842,3.0000,1.4994,2.0000,0,23.6757,0.0000,0.0000,0.0000,0.0000,0.0000,0.0000,0.0000,0.0000
21.341,0,1,heuristic,-5.5866,26.4032,1.2144,-0.3031,0.7158,0.7773,-0.0612,0.7192,0.0000,1.9805,2.0645,2.0319,-0.4982,3.0000,1.5999,2.0000,0,23.6757,0.0000,0.0000,0.0000,0.0000,0.0000,0.0000,0.0000,0.0000
21.391,0,1,heuristic,-5.6000,26.4319,1.2121,-0.2984,0.6923,0.7539,-0.0493,0.7027,0.0000,1.9782,2.0645,2.0222,-0.5117,3.0000,1.5999,2.0000,0,23.6757,0.0000,0.0000,0.0000,0.0000,0.0000,0.0000,0.0000,0.0000
21.441,0,1,heuristic,-5.6000,26.4319,1.2104,-0.2984,0.6923,0.7539,-0.0503,0.6875,0.0000,1.9764,2.0645,2.0141,-0.5246,3.0000,1.6995,2.0000,0,23.6757,0.0000,0.0000,0.0000,0.0000,0.0000,0.0000,0.0000,0.0000
21.491,0,1,heuristic,-5.6140,26.4612,1.2077,-0.2926,0.6666,0.7280,-0.0375,0.6875,0.0000,1.9764,2.0645,2.0141,-0.5229,3.0000,1.6995,2.0000,0,23.6757,0.0000,0.0000,0.0000,0.0000,0.0000,0.0000,0.0000,0.0000
21.541,0,1,heuristic,-5.6270,26.4879,1.2067,-0.2880,0.6444,0.7059,-0.0605,0.6718,0.0000,1.9748,2.0645,2.0065,-0.5359,3.0000,1.7993,2.0000,0,23.6757,0.0000,0.0000,0.0000,0.0000,0.0000,0.0000,0.0000,0.0000
21.590,0,1,heuristic,-5.6403,26.5153,1.2041,-0.2817,0.6207,0.6817,-0.0375,0.6573,0.0000,1.9736,2.0645,2.0003,-0.5493,3.0000,1.7993,2.0000,0,23.6757,0.0000,0.0000,0.0000,0.0000,0.0000,0.0000,0.0000,0.0000
21.641,0,1,heuristic,-5.6526,26.5403,1.2016,-0.2764,0.6008,0.6613,-0.0400,0.6424,0.0000,1.9724,2.0645,1.9944,-0.5617,3.0000,1.8998,2.0000,0,23.6757,0.0000,0.0000,0.0000,0.0000,0.0000,0.0000,0.0000,0.0000
21.691,0,1,heuristic,-5.6526,26.5403,1.2007,-0.2764,0.6008,0.6613,-0.0490,0.6286,0.0000,1.9713,2.0645,1.9894,-0.5730,3.0000,1.8998,2.0000,0,23.6757,0.0000,0.0000,0.0000,0.0000,0.0000,0.0000,0.0000,0.0000
21.741,0,1,heuristic,-5.6652,26.5661,1.1988,-0.2696,0.5798,0.6394,-0.0457,0.6286,0.0000,1.9713,2.0645,1.9894,-0.5720,3.0000,1.9998,2.0000,0,23.6757,0.0000,0.0000,0.0000,0.0000,0.0000,0.0000,0.0000,0.0000
21.791,0,1,heuristic,-5.6767,26.5898,1.1970,-0.2639,0.5627,0.6215,-0.0408,0.6144,0.0000,1.9702,2.0645,1.9846,-0.5844,3.0000,1.9998,2.0000,0,23.6757,0.0000,0.0000,0.0000,0.0000,0.0000,0.0000,0.0000,0.0000
21.841,0,1,heuristic,-5.6887,26.6143,1.1948,-0.2572,0.5447,0.6023,-0.0367,0.6012,0.0000,1.9691,2.0645,1.9805,-0.5957,3.0000,0.0000,0.0000,0,23.6757,0.0000,0.0000,0.0000,0.0000,0.0000,0.0000,0.0000,0.0000
21.891,1,1,heuristic,-5.6998,26.6370,1.1927,-0.2517,0.5301,0.5868,-0.0267,1.7868,4.0000,1.9680,2.0645,23.9419,0.5920,3.0000,0.0000,0.0000,0,23.6757,0.0000,0.0000,0.0000,0.0000,0.0000,0.0000,0.0000,0.0000
21.941,1,1,heuristic,-5.6998,26.6370,1.1914,-0.2517,0.5301,0.5868,-0.0358,1.7861,4.0000,1.9670,2.0645,23.9168,0.5934,3.0000,0.0000,0.0000,0,23.6757,0.0000,0.0000,0.0000,0.0000,0.0000,0.0000,0.0000,0.0000
21.991,1,1,heuristic,-5.7112,26.6604,1.1902,-0.2455,0.5142,0.5698,-0.0305,1.7861,4.0000,1.9670,2.0645,23.9168,0.5946,3.0000,0.0000,0.0000,0,23.6757,327.3338,197.4212,262.3775,-64.9563,0.0000,0.0000,327.3338,197.4212
22.041,1,1,heuristic,-5.7219,26.6820,1.1887,-0.2407,0.5011,0.5560,-0.0430,1.7852,4.0000,1.9660,2.0645,23.8907,0.5950,3.0000,0.0000,0.0000,0,23.6757,293.0852,307.3477,300.2165,7.1312,0.0000,0.0000,293.0852,307.3477
22.091,1,1,heuristic,-5.7219,26.6820,1.1871,-0.2407,0.5011,0.5560,-0.0295,1.7845,4.0000,1.9651,2.0645,23.8667,0.5958,3.0000,0.0000,0.0000,0,23.6757,250.1114,414.8393,332.4753,82.3640,0.0000,0.0000,250.1114,414.8393
22.141,1,1,heuristic,-5.7404,26.7323,1.1852,-0.2200,0.5037,0.5497,-0.0220,1.7845,4.0000,1.9651,2.0645,23.8667,0.5974,3.0000,0.0000,0.0000,0,23.6757,297.1907,524.8393,411.0150,113.8243,0.0000,0.0000,297.1907,524.8393
22.190,1,1,heuristic,-5.7404,26.7323,1.1841,-0.2200,0.5037,0.5497,-0.0050,1.7852,4.0000,1.9577,2.0645,23.8131,0.6000,3.0000,0.0000,0.0000,0,23.6757,379.2203,629.3733,504.2968,125.0765,0.0000,0.0000,379.2203,629.3733
22.241,1,1,heuristic,-5.7463,26.7636,1.1827,-0.1986,0.5234,0.5598,0.0047,1.7852,4.0000,1.9577,2.0645,23.8131,0.6010,3.0000,0.0000,0.0000,0,23.6757,324.6460,655.6082,490.1271,165.4811,0.0000,0.0000,324.6460,655.6082
22.291,1,1,heuristic,-5.7487,26.7978,1.1822,-0.1690,0.5613,0.5862,0.0005,1.7871,4.0000,1.9480,2.0645,23.7821,0.6043,3.0000,0.0000,0.0000,0,23.6757,404.2285,765.6082,584.9183,180.6898,0.0000,0.0000,404.2285,765.6082
22.341,1,1,heuristic,-5.7476,26.8401,1.1820,-0.1307,0.6118,0.6256,0.0415,1.7905,4.0000,1.9339,2.0645,23.7498,0.6083,3.0000,0.0000,0.0000,0,23.6757,464.2434,771.6700,617.9567,153.7133,0.0000,0.0000,464.2434,771.6700
22.390,1,1,heuristic,-5.7427,26.8864,1.1827,-0.0842,0.6824,0.6876,0.0500,1.7955,4.0000,1.9128,2.0645,23.7115,0.6135,3.0000,0.0000,0.0000,0,23.6757,462.9935,872.4255,667.7095,204.7160,0.0000,0.0000,462.9935,872.4255
22.441,1,1,heuristic,-5.7427,26.8864,1.1832,-0.0842,0.6824,0.6876,0.0418,1.8024,4.0000,1.8866,2.0645,23.6710,0.6197,3.0000,0.0000,0.0000,0,23.6757,422.5040,976.7867,699.6454,277.1413,0.0000,0.0000,422.5040,976.7867
22.491,1,1,heuristic,-5.7332,26.9435,1.1860,-0.0308,0.7653,0.7659,0.1000,1.8024,4.0000,1.8866,2.0645,23.6710,0.6192,3.0000,0.0000,0.0000,0,23.6757,437.2548,959.1113,698.1831,260.9282,0.0000,0.0000,437.2548,959.1113
22.540,1,1,heuristic,-5.7200,27.0049,1.1889,0.0301,0.8680,0.8686,0.1175,1.8111,4.0000,1.8512,2.0645,23.6227,0.6251,3.0000,0.0000,0.0000,0,23.6757,451.7302,950.3413,701.0357,249.3056,0.0000,0.0000,451.7302,950.3413
22.591,1,1,heuristic,-5.7015,27.0784,1.1927,0.0954,0.9772,0.9819,0.1507,1.8215,4.0000,1.8105,2.0645,23.5718,0.6326,3.0000,0.0000,0.0000,0,23.6757,431.3062,991.4580,711.3821,280.0759,0.0000,0.0000,431.3062,991.4580
22.641,1,1,heuristic,-5.6800,27.1550,1.1973,0.1659,1.1010,1.1135,0.1542,1.8333,4.0000,1.7593,2.0645,23.5121,0.6406,3.0000,0.0000,0.0000,0,23.6757,431.3062,991.4580,711.3821,280.0759,0.0000,0.0000,431.3062,991.4580
22.691,1,1,heuristic,-5.6800,27.1550,1.2015,0.1659,1.1010,1.1135,0.1785,1.8459,4.0000,1.7041,2.0645,23.4509,0.6486,3.0000,0.0000,0.0000,0,23.6757,469.4389,991.0452,730.2421,260.8032,0.0000,0.0000,469.4389,991.0452
22.740,1,1,heuristic,-5.6530,27.2439,1.2094,0.2366,1.2225,1.2452,0.2198,1.8459,4.0000,1.7041,2.0645,23.4509,0.6444,3.0000,0.0000,0.0000,0,23.6757,373.5794,989.4129,681.4962,307.9167,0.0000,0.0000,373.5794,989.4129
22.790,1,1,heuristic,-5.6239,27.3339,1.2149,0.3103,1.3531,1.3882,0.2328,1.8592,4.0000,1.6382,2.0645,23.3810,0.6498,3.0000,0.0000,0.0000,0,23.6757,274.6742,982.9446,628.8094,354.1352,0.0000,0.0000,274.6742,982.9446
22.841,1,1,heuristic,-5.5896,27.4353,1.2250,0.3802,1.4724,1.5207,0.2647,1.8727,4.0000,1.5700,2.0645,23.3109,0.6578,3.0000,0.0000,0.0000,0,23.6757,313.0715,973.0539,643.0627,329.9912,0.0000,0.0000,313.0715,973.0539
22.891,1,1,heuristic,-5.5546,27.5347,1.2341,0.4501,1.5924,1.6548,0.2802,1.8863,4.0000,1.4917,2.0645,23.2329,0.6613,3.0000,0.0000,0.0000,0,23.6757,284.7761,989.1056,636.9409,352.1648,0.0000,0.0000,284.7761,989.1056
22.941,1,1,heuristic,-5.5546,27.5347,1.2442,0.4501,1.5924,1.6548,0.3168,1.8994,4.0000,1.4137,2.0645,23.1572,0.6652,3.0000,0.0000,0.0000,0,23.6757,232.0835,989.0211,610.5523,378.4688,0.0000,0.0000,232.0835,989.0211
22.991,1,1,heuristic,-5.5150,27.6436,1.2525,0.5124,1.6928,1.7686,0.3173,1.8994,4.0000,1.4137,2.0645,23.1572,0.6551,3.0000,0.0000,0.0000,0,23.6757,339.3468,987.3230,663.3349,323.9881,0.0000,0.0000,339.3468,987.3230
23.041,1,1,heuristic,-5.5150,27.6436,1.2525,0.5124,1.6928,1.7686,0.3173,1.9123,4.0000,1.3273,2.0645,23.0751,0.6598,3.0000,0.0000,0.0000,0,23.6757,229.9408,987.0331,608.4869,378.5462,0.0000,0.0000,229.9408,987.0331
23.091,1,1,heuristic,-5.4760,27.7485,1.2736,0.5726,1.7912,1.8805,0.3788,1.9245,4.0000,1.2432,2.0645,22.9966,0.6633,3.0000,0.0000,0.0000,0,23.6757,188.6885,984.8884,586.7885,398.0999,0.0000,0.0000,188.6885,984.8884
23.141,1,1,heuristic,-5.4331,27.8617,1.2801,0.6228,1.8682,1.9693,0.3610,1.9245,4.0000,1.2432,2.0645,22.9966,0.6509,3.0000,0.0000,0.0000,0,23.6757,296.4985,993.3542,644.9263,348.4278,0.0000,0.0000,296.4985,993.3542
23.191,1,1,heuristic,-5.3919,27.9692,1.2939,0.6701,1.9425,2.0549,0.3865,1.9366,4.0000,1.1518,2.0645,22.9126,0.6565,3.0000,0.0000,0.0000,0,23.6757,239.3105,983.7237,611.5171,372.2066,0.0000,0.0000,239.3105,983.7237
23.240,1,1,heuristic,-5.3919,27.9692,1.3085,0.6701,1.9425,2.0549,0.4138,1.9478,4.0000,1.0645,2.0645,22.8334,0.6539,3.0000,0.0000,0.0000,0,23.6757,279.9298,988.5329,634.2313,354.3016,0.0000,0.0000,279.9298,988.5329
23.291,1,1,heuristic,-5.3474,28.0840,1.3279,0.7073,1.9956,2.1172,0.4395,1.9478,4.0000,1.0645,2.0645,22.8334,0.6393,3.0000,0.0000,0.0000,0,23.6757,203.2042,989.5825,596.3934,393.1891,0.0000,0.0000,203.2042,989.5825
23.341,1,1,heuristic,-5.3049,28.1926,1.3400,0.7427,2.0490,2.1795,0.4365,1.9591,4.0000,0.9710,2.0645,22.7492,0.6312,3.0000,0.0000,0.0000,0,23.6757,195.7457,975.0689,585.4073,389.6616,0.0000,0.0000,195.7457,975.0689
23.391,1,1,heuristic,-5.2593,28.3081,1.3654,0.7695,2.0832,2.2208,0.4815,1.9696,4.0000,0.8821,2.0645,22.6702,0.6297,3.0000,0.0000,0.0000,0,23.6757,213.0503,976.8883,594.9693,381.9190,0.0000,0.0000,213.0503,976.8883
23.441,1,1,heuristic,-5.2158,28.4169,1.3742,0.7970,2.1199,2.2648,0.4788,1.9804,4.0000,0.7872,2.0645,22.5867,0.6150,3.0000,0.0000,0.0000,0,23.6757,190.9112,987.7018,589.3065,398.3953,0.0000,0.0000,190.9112,987.7018
23.491,1,1,heuristic,-5.1690,28.5325,1.3970,0.8178,2.1406,2.2915,0.5000,1.9904,4.0000,0.6974,2.0645,22.5086,0.6163,3.0000,0.0000,0.0000,0,23.6757,270.3993,985.9999,628.1996,357.8003,0.0000,0.0000,270.3993,985.9999
23.541,1,1,heuristic,-5.1690,28.5325,1.4158,0.8178,2.1406,2.2915,0.4890,2.0009,4.0000,0.6013,2.0645,22.4262,0.6039,3.0000,0.0000,0.0000,0,23.6757,144.7818,982.6242,563.7030,418.9212,0.0000,0.0000,144.7818,982.6242
23.591,1,1,heuristic,-5.1242,28.6420,1.4400,0.8408,2.1687,2.3260,0.4995,2.0009,4.0000,0.6013,2.0645,22.4262,0.5851,3.0000,0.0000,0.0000,0,23.6757,220.1315,996.7063,608.4189,388.2874,0.0000,0.0000,220.1315,996.7063
23.641,1,1,heuristic,-5.0761,28.7591,1.4600,0.8576,2.1853,2.3476,0.5260,2.0108,4.0000,0.5100,2.0645,22.3488,0.5708,3.0000,0.0000,0.0000,0,23.6757,220.1315,996.7063,608.4189,388.2874,0.0000,0.0000,220.1315,996.7063
23.691,1,1,heuristic,-5.0303,28.8704,1.4805,0.8768,2.2121,2.3796,0.5365,2.0213,4.0000,0.4121,2.0645,22.2665,0.5613,3.0000,0.0000,0.0000,0,23.6757,115.7832,978.1126,546.9479,431.1647,0.0000,0.0000,115.7832,978.1126
23.740,1,1,heuristic,-4.9816,28.9901,1.5067,0.8890,2.2301,2.4008,0.5677,2.0312,4.0000,0.3191,2.0645,22.1886,0.5507,3.0000,0.0000,0.0000,0,23.6757,181.7352,977.9517,579.8434,398.1082,0.0000,0.0000,181.7352,977.9517
23.791,1,1,heuristic,-4.9356,29.1042,1.5336,0.9027,2.2596,2.4332,0.5523,2.0417,4.0000,0.2194,2.0645,22.1051,0.5349,3.0000,0.0000,0.0000,0,23.6757,88.0271,989.0551,538.5411,450.5140,0.0000,0.0000,88.0271,989.0551
23.841,1,1,heuristic,-4.8871,29.2267,1.5612,0.9085,2.2789,2.4533,0.5787,2.0516,4.0000,0.1249,2.0645,22.0257,0.5180,3.0000,0.0000,0.0000,0,23.6757,153.5812,991.3754,572.4783,418.8971,0.0000,0.0000,153.5812,991.3754
23.891,1,1,heuristic,-4.8419,29.3434,1.5837,0.9154,2.3090,2.4839,0.5773,2.0620,4.0000,0.0241,2.0645,21.9404,0.5009,3.0000,0.0000,0.0000,0,23.6757,153.5812,991.3754,572.4783,418.8971,0.0000,0.0000,153.5812,991.3754
23.940,1,1,heuristic,-4.7945,29.4683,1.6066,0.9146,2.3278,2.5010,0.5820,2.0718,4.0000,-0.0710,2.0645,21.8593,0.4882,3.0000,0.0000,0.0000,0,23.6757,261.4682,985.8508,623.6595,362.1913,0.0000,0.0000,261.4682,985.8508
23.991,1,1,heuristic,-4.7506,29.5873,1.6356,0.9146,2.3580,2.5292,0.5998,2.0822,4.0000,-0.1719,2.0645,21.7722,0.4756,3.0000,0.0000,0.0000,0,23.6757,232.1416,986.6493,609.3954,377.2538,0.0000,0.0000,232.1416,986.6493
24.040,1,1,heuristic,-4.7506,29.5873,1.6592,0.9146,2.3580,2.5292,0.5835,2.0918,4.0000,-0.2670,2.0645,21.6892,0.4561,3.0000,0.0000,0.0000,0,23.6757,200.1196,991.2553,595.6875,395.5679,0.0000,0.0000,200.1196,991.2553
24.091,1,1,heuristic,-4.7052,29.7151,1.6830,0.9064,2.3779,2.5448,0.5925,2.0918,4.0000,-0.2670,2.0645,21.6892,0.4325,3.0000,0.0000,0.0000,0,23.6757,200.1196,991.2553,595.6875,395.5679,0.0000,0.0000,200.1196,991.2553
24.140,1,1,heuristic,-4.6634,29.8367,1.7070,0.8990,2.4090,2.5713,0.5968,2.1019,4.0000,-0.3675,2.0645,21.5997,0.4189,3.0000,0.0000,0.0000,0,23.6757,195.7273,986.9334,591.3304,395.6031,0.0000,0.0000,195.7273,986.9334
24.191,1,1,heuristic,-4.6204,29.9668,1.7372,0.8849,2.4275,2.5838,0.6102,2.1113,4.0000,-0.4619,2.0645,21.5143,0.4044,3.0000,0.0000,0.0000,0,23.6757,272.9997,985.4110,629.2054,356.2057,0.0000,0.0000,272.9997,985.4110
24.241,1,1,heuristic,-4.5810,30.0903,1.7554,0.8720,2.4566,2.6068,0.6112,2.1213,4.0000,-0.5615,2.0645,21.4225,0.3841,3.0000,0.0000,0.0000,0,23.6757,264.7723,981.6985,623.2354,358.4631,0.0000,0.0000,264.7723,981.6985
24.291,1,1,heuristic,-4.5810,30.0903,1.7798,0.8720,2.4566,2.6068,0.6005,2.1305,4.0000,-0.6547,2.0645,21.3351,0.3751,3.0000,0.0000,0.0000,0,23.6757,351.0152,980.6937,665.8544,314.8393,0.0000,0.0000,351.0152,980.6937
24.341,1,1,heuristic,-4.5048,30.3484,1.8165,0.8316,2.5039,2.6384,0.5988,2.1305,4.0000,-0.6547,2.0645,21.3351,0.3507,3.0000,0.0000,0.0000,0,23.6757,254.2962,993.6528,623.9745,369.6783,0.0000,0.0000,254.2962,993.6528
24.391,1,1,heuristic,-4.5048,30.3484,1.8349,0.8316,2.5039,2.6384,0.5940,2.1491,4.0000,-0.8441,2.0645,21.1507,0.3326,3.0000,0.0000,0.0000,0,23.6757,261.7371,990.1425,625.9398,364.2027,0.0000,0.0000,261.7371,990.1425
24.441,1,1,heuristic,-4.4689,30.4838,1.8653,0.8034,2.5238,2.6486,0.6105,2.1491,4.0000,-0.8441,2.0645,21.1507,0.3142,3.0000,0.0000,0.0000,0,23.6757,308.1773,989.0178,648.5976,340.4203,0.0000,0.0000,308.1773,989.0178
24.491,1,1,heuristic,-4.4372,30.6129,1.8959,0.7750,2.5568,2.6717,0.5930,2.1585,4.0000,-0.9399,2.0645,21.0526,0.2932,3.0000,0.0000,0.0000,0,23.6757,238.3234,995.3163,616.8199,378.4964,0.0000,0.0000,238.3234,995.3163
24.541,1,1,heuristic,-4.4061,30.7516,1.9203,0.7397,2.5789,2.6829,0.6080,2.1670,4.0000,-1.0290,2.0645,20.9583,0.2711,3.0000,0.0000,0.0000,0,23.6757,347.3117,982.9585,665.1351,317.8234,0.0000,0.0000,347.3117,982.9585
24.590,1,1,heuristic,-4.3792,30.8840,1.9508,0.7037,2.6147,2.7077,0.6075,2.1760,4.0000,-1.1221,2.0645,20.8558,0.2557,3.0000,0.0000,0.0000,0,23.6757,513.8799,987.6539,750.7669,236.8870,0.0000,0.0000,513.8799,987.6539
24.641,1,1,heuristic,-4.3537,31.0264,1.9874,0.6611,2.6395,2.7210,0.6005,2.1841,4.0000,-1.2085,2.0645,20.7570,0.2333,3.0000,0.0000,0.0000,0,23.6757,444.6347,991.6783,718.1565,273.5218,0.0000,0.0000,444.6347,991.6783
24.691,1,1,heuristic,-4.3331,31.1629,2.0115,0.6148,2.6806,2.7502,0.5777,2.1926,4.0000,-1.2985,2.0645,20.6494,0.2052,3.0000,0.0000,0.0000,0,23.6757,444.6347,991.6783,718.1565,273.5218,0.0000,0.0000,444.6347,991.6783
24.741,1,1,heuristic,-4.3153,31.3104,2.0354,0.5603,2.7115,2.7688,0.5910,2.2001,4.0000,-1.3814,2.0645,20.5445,0.1886,3.0000,0.0000,0.0000,0,23.6757,441.1870,989.8584,715.5227,274.3357,0.0000,0.0000,441.1870,989.8584
24.791,1,1,heuristic,-4.3021,31.4513,2.0649,0.5029,2.7567,2.8022,0.5837,2.2080,4.0000,-1.4669,2.0645,20.4293,0.1726,3.0000,0.0000,0.0000,0,23.6757,442.6299,991.9899,717.3099,274.6800,0.0000,0.0000,442.6299,991.9899
24.841,1,1,heuristic,-4.3021,31.4513,2.0824,0.5029,2.7567,2.8022,0.5723,2.2148,4.0000,-1.5453,2.0645,20.3175,0.1499,3.0000,0.0000,0.0000,0,23.6757,498.1234,992.8357,745.4796,247.3562,0.0000,0.0000,498.1234,992.8357
24.891,1,1,heuristic,-4.2923,31.6028,2.1055,0.4401,2.7879,2.8224,0.5690,2.2148,4.0000,-1.5453,2.0645,20.3175,0.1325,3.0000,0.0000,0.0000,0,23.6757,587.6141,991.7986,789.7064,202.0923,0.0000,0.0000,587.6141,991.7986
24.941,1,1,heuristic,-4.2869,31.7471,2.1342,0.3747,2.8313,2.8560,0.5555,2.2221,4.0000,-1.6257,2.0645,20.1955,0.1166,3.0000,0.0000,0.0000,0,23.6757,593.1516,996.6974,794.9245,201.7729,0.0000,0.0000,593.1516,996.6974
24.991,1,1,heuristic,-4.2858,31.9017,2.1567,0.3040,2.8599,2.8760,0.5445,2.2282,4.0000,-1.6988,2.0645,20.0775,0.0941,3.0000,0.0000,0.0000,0,23.6757,567.8162,990.5180,779.1671,211.3509,0.0000,0.0000,567.8162,990.5180
25.041,1,1,heuristic,-4.2892,32.0489,2.1733,0.2290,2.9010,2.9101,0.5393,2.2348,4.0000,-1.7731,2.0645,19.9488,0.0781,3.0000,0.0000,0.0000,0,23.6757,567.8162,990.5180,779.1671,211.3509,0.0000,0.0000,567.8162,990.5180
25.091,1,1,heuristic,-4.2892,32.0489,2.1952,0.2290,2.9010,2.9101,0.5320,2.2402,4.0000,-1.8398,2.0645,19.8242,0.0669,3.0000,0.0000,0.0000,0,23.6757,739.7697,989.6202,864.6949,124.9253,0.0000,0.0000,739.7697,989.6202
25.140,1,1,heuristic,-4.2976,32.2061,2.2168,0.1510,2.9256,2.9295,0.5155,2.2402,4.0000,-1.8398,2.0645,19.8242,0.0450,3.0000,0.0000,0.0000,0,23.6757,709.5516,997.2963,853.4239,143.8723,0.0000,0.0000,709.5516,997.2963
25.190,1,1,heuristic,-4.3099,32.3552,2.2274,0.0695,2.9616,2.9624,0.5060,2.2460,4.0000,-1.9070,2.0645,19.6888,0.0292,3.0000,0.0000,0.0000,0,23.6757,700.4597,979.9956,840.2277,139.7679,0.0000,0.0000,700.4597,979.9956
25.241,1,1,heuristic,-4.3282,32.5143,2.2536,-0.0147,2.9815,2.9815,0.4820,2.2507,4.0000,-1.9668,2.0645,19.5583,0.0233,3.0000,0.0000,0.0000,0,23.6757,732.9287,997.1776,865.0532,132.1244,0.0000,0.0000,732.9287,997.1776
25.291,1,1,heuristic,-4.3282,32.5143,2.2739,-0.0147,2.9815,2.9815,0.4745,2.2556,4.0000,-2.0261,2.0645,19.4163,0.0021,3.0000,0.0000,0.0000,0,23.6757,771.9525,990.9340,881.4433,109.4908,0.0000,0.0000,771.9525,990.9340
25.340,1,1,heuristic,-4.3500,32.6650,2.2888,-0.1028,3.0131,3.0148,0.4708,2.2556,4.0000,-2.0261,2.0645,19.4163,-0.0183,3.0000,0.0000,0.0000,0,23.6757,818.2168,980.6563,899.4366,81.2198,0.0000,0.0000,818.2168,980.6563
25.391,1,1,heuristic,-4.3783,32.8256,2.3131,-0.1912,3.0280,3.0340,0.4567,2.2595,4.0000,-2.0783,2.0645,19.2796,-0.0293,3.0000,0.0000,0.0000,0,23.6757,818.2168,980.6563,899.4366,81.2198,0.0000,0.0000,818.2168,980.6563
25.441,1,1,heuristic,-4.4098,32.9774,2.3272,-0.2843,3.0550,3.0682,0.4430,2.2637,4.0000,-2.1294,2.0645,19.1313,-0.0495,3.0000,0.0000,0.0000,0,23.6757,812.1722,981.2078,896.6900,84.5178,0.0000,0.0000,812.1722,981.2078
25.491,1,1,heuristic,-4.4098,32.9774,2.3456,-0.2843,3.0550,3.0682,0.4135,2.2667,4.0000,-2.1737,2.0645,18.9886,-0.0605,3.0000,0.0000,0.0000,0,23.6757,853.8137,994.9886,924.4012,70.5875,0.0000,0.0000,853.8137,994.9886
25.541,1,1,heuristic,-4.4486,33.1389,2.3679,-0.3763,3.0651,3.0881,0.4133,2.2667,4.0000,-2.1737,2.0645,18.9886,-0.0789,3.0000,0.0000,0.0000,0,23.6757,873.3112,989.9089,931.6100,58.2989,0.0000,0.0000,873.3112,989.9089
25.591,1,1,heuristic,-4.4898,33.2913,2.3808,-0.4728,3.0869,3.1229,0.4190,2.2700,4.0000,-2.2161,2.0645,18.8341,-0.0979,3.0000,0.0000,0.0000,0,23.6757,873.3112,989.9089,931.6100,58.2989,0.0000,0.0000,873.3112,989.9089
25.641,1,1,heuristic,-4.5388,33.4530,2.3975,-0.5668,3.0916,3.1431,0.3980,2.2723,4.0000,-2.2520,2.0645,18.6858,-0.1085,3.0000,0.0000,0.0000,0,23.6757,843.3966,993.1562,918.2764,74.8798,0.0000,0.0000,843.3966,993.1562
25.690,1,1,heuristic,-4.5897,33.6053,2.4138,-0.6656,3.1079,3.1784,0.3588,2.2747,4.0000,-2.2855,2.0645,18.5254,-0.1229,3.0000,0.0000,0.0000,0,23.6757,871.5888,994.6923,933.1405,61.5517,0.0000,0.0000,871.5888,994.6923
25.741,1,1,heuristic,-4.5897,33.6053,2.4295,-0.6656,3.1079,3.1784,0.3655,2.2761,4.0000,-2.3128,2.0645,18.3718,-0.1377,3.0000,0.0000,0.0000,0,23.6757,893.2848,992.1606,942.7227,49.4379,0.0000,0.0000,893.2848,992.1606
25.791,1,1,heuristic,-4.6487,33.7665,2.4487,-0.7594,3.1065,3.1979,0.3598,2.2761,4.0000,-2.3128,2.0645,18.3718,-0.1535,3.0000,0.0000,0.0000,0,23.6757,939.7420,982.3260,961.0340,21.2920,0.0000,0.0000,939.7420,982.3260
25.840,1,1,heuristic,-4.7087,33.9180,2.4597,-0.8574,3.1162,3.2320,0.3445,2.2777,4.0000,-2.3373,2.0645,18.2064,-0.1709,3.0000,0.0000,0.0000,0,23.6757,946.0599,990.7286,968.3942,22.3344,0.0000,0.0000,946.0599,990.7286
25.891,1,1,heuristic,-4.7771,34.0779,2.4777,-0.9491,3.1082,3.2498,0.3347,2.2784,4.0000,-2.3562,2.0645,18.0484,-0.1813,3.0000,0.0000,0.0000,0,23.6757,946.0599,990.7286,968.3942,22.3344,0.0000,0.0000,946.0599,990.7286
25.941,1,1,heuristic,-4.8459,34.2279,2.4880,-1.0457,3.1112,3.2822,0.3093,2.2793,4.0000,-2.3718,2.0645,17.8787,-0.1984,3.0000,0.0000,0.0000,0,23.6757,979.2662,991.7896,985.5279,6.2617,0.0000,0.0000,979.2662,991.7896
25.991,1,1,heuristic,-4.8459,34.2279,2.5015,-1.0457,3.1112,3.2822,0.2840,2.2793,4.0000,-2.3823,2.0645,17.7170,-0.2088,3.0000,0.0000,0.0000,0,23.6757,979.2662,991.7896,985.5279,6.2617,0.0000,0.0000,979.2662,991.7896
26.041,1,1,heuristic,-4.9233,34.3858,2.5177,-1.1343,3.0963,3.2975,0.2930,2.2793,4.0000,-2.3823,2.0645,17.7170,-0.2222,3.0000,0.0000,0.0000,0,23.6757,976.7400,993.1139,984.9269,8.1869,0.0000,0.0000,976.7400,993.1139
26.090,1,1,heuristic,-5.0001,34.5334,2.5270,-1.2276,3.0922,3.3270,0.2968,2.2794,4.0000,-2.3890,2.0645,17.5438,-0.2383,3.0000,0.0000,0.0000,0,23.6757,956.1836,989.7717,972.9776,16.7940,0.0000,0.0000,956.1836,989.7717
26.141,1,1,heuristic,-5.0857,34.6886,2.5390,-1.3112,3.0705,3.3388,0.2925,2.2788,4.0000,-2.3913,2.0645,17.3792,-0.2482,3.0000,0.0000,0.0000,0,23.6757,978.7878,993.0395,985.9136,7.1258,0.0000,0.0000,978.7878,993.0395
26.191,1,1,heuristic,-5.1697,34.8333,2.5507,-1.3989,3.0593,3.3640,0.2682,2.2783,4.0000,-2.3895,2.0645,17.2035,-0.2608,3.0000,0.0000,0.0000,0,23.6757,971.4994,996.3783,983.9388,12.4394,0.0000,0.0000,971.4994,996.3783
26.241,1,1,heuristic,-5.1697,34.8333,2.5620,-1.3989,3.0593,3.3640,0.2622,2.2771,4.0000,-2.3841,2.0645,17.0371,-0.2736,3.0000,0.0000,0.0000,0,23.6757,963.5044,985.4682,974.4863,10.9819,0.0000,0.0000,963.5044,985.4682
26.291,1,1,heuristic,-5.2623,34.9850,2.5757,-1.4753,3.0310,3.3710,0.2530,2.2771,4.0000,-2.3841,2.0645,17.0371,-0.2849,3.0000,0.0000,0.0000,0,23.6757,976.3523,979.9018,978.1271,1.7748,0.0000,0.0000,976.3523,979.9018
26.341,1,1,heuristic,-5.3526,35.1263,2.5835,-1.5564,3.0135,3.3917,0.2487,2.2761,4.0000,-2.3744,2.0645,16.8601,-0.2996,3.0000,0.0000,0.0000,0,23.6757,968.7895,982.1149,975.4522,6.6627,0.0000,0.0000,968.7895,982.1149
26.391,1,1,heuristic,-5.4514,35.2742,2.5963,-1.6254,2.9799,3.3944,0.2370,2.2744,4.0000,-2.3619,2.0645,16.6928,-0.3091,3.0000,0.0000,0.0000,0,23.6757,974.2294,984.1868,979.2081,4.9787,0.0000,0.0000,974.2294,984.1868
26.440,1,1,heuristic,-5.5472,35.4119,2.6037,-1.6995,2.9575,3.4110,0.2293,2.2729,4.0000,-2.3450,2.0645,16.5150,-0.3235,3.0000,0.0000,0.0000,0,23.6757,976.9978,969.3675,973.1827,-3.8151,0.0000,0.0000,976.9978,969.3675
26.491,1,1,heuristic,-5.6516,35.5560,2.6158,-1.7611,2.9200,3.4100,0.2228,2.2708,4.0000,-2.3258,2.0645,16.3474,-0.3330,3.0000,0.0000,0.0000,0,23.6757,976.9978,969.3675,973.1827,-3.8151,0.0000,0.0000,976.9978,969.3675
26.540,1,1,heuristic,-5.7523,35.6898,2.6273,-1.8286,2.8939,3.4232,0.2180,2.2688,4.0000,-2.3022,2.0645,16.1695,-0.3470,3.0000,0.0000,0.0000,0,23.6757,981.7784,954.7401,968.2592,-13.5192,0.0000,0.0000,981.7784,954.7401
26.591,1,1,heuristic,-5.7523,35.6898,2.6341,-1.8286,2.8939,3.4232,0.2008,2.2662,4.0000,-2.2769,2.0645,16.0019,-0.3611,3.0000,0.0000,0.0000,0,23.6757,982.2045,834.1623,908.1834,-74.0211,0.0000,0.0000,982.2045,834.1623
26.640,1,1,heuristic,-5.8617,35.8298,2.6449,-1.8834,2.8533,3.4188,0.1988,2.2662,4.0000,-2.2769,2.0645,16.0019,-0.3678,3.0000,0.0000,0.0000,0,23.6757,989.5195,922.0713,955.7954,-33.7241,0.0000,0.0000,989.5195,922.0713
26.690,1,1,heuristic,-5.9666,35.9595,2.6511,-1.9440,2.8230,3.4276,0.1820,2.2638,4.0000,-2.2469,2.0645,15.8244,-0.3811,3.0000,0.0000,0.0000,0,23.6757,989.5195,922.0713,955.7954,-33.7241,0.0000,0.0000,989.5195,922.0713
26.741,1,1,heuristic,-6.0799,36.0946,2.6609,-1.9911,2.7781,3.4179,0.1753,2.2609,4.0000,-2.2160,2.0645,15.6577,-0.3902,3.0000,0.0000,0.0000,0,23.6757,983.0193,930.9961,957.0077,-26.0116,0.0000,0.0000,983.0193,930.9961
26.791,1,1,heuristic,-6.1887,36.2198,2.6684,-2.0459,2.7444,3.4231,0.1583,2.2580,4.0000,-2.1802,2.0645,15.4817,-0.4029,3.0000,0.0000,0.0000,0,23.6757,983.0193,930.9961,957.0077,-26.0116,0.0000,0.0000,983.0193,930.9961
26.840,1,1,heuristic,-6.1887,36.2198,2.6738,-2.0459,2.7444,3.4231,0.1830,2.2547,4.0000,-2.1439,2.0645,15.3164,-0.4137,3.0000,0.0000,0.0000,0,23.6757,982.2213,837.8266,910.0240,-72.1974,0.0000,0.0000,982.2213,837.8266
26.890,1,1,heuristic,-6.3060,36.3505,2.6824,-2.0881,2.6981,3.4117,0.1363,2.2547,4.0000,-2.1439,2.0645,15.3164,-0.4191,3.0000,0.0000,0.0000,0,23.6757,985.9537,776.3542,881.1539,-104.7997,0.0000,0.0000,985.9537,776.3542
26.941,1,1,heuristic,-6.4182,36.4716,2.6888,-2.1380,2.6629,3.4150,0.1398,2.2514,4.0000,-2.1025,2.0645,15.1416,-0.4309,3.0000,0.0000,0.0000,0,23.6757,985.9537,776.3542,881.1539,-104.7997,0.0000,0.0000,985.9537,776.3542
26.991,1,1,heuristic,-6.5385,36.5973,2.6949,-2.1730,2.6140,3.3992,0.1010,2.2477,4.0000,-2.0610,2.0645,14.9776,-0.4411,3.0000,0.0000,0.0000,0,23.6757,987.1975,669.9361,828.5668,-158.6307,0.0000,0.0000,987.1975,669.9361
27.041,1,1,heuristic,-6.6528,36.7134,2.7018,-2.2146,2.5748,3.3962,0.1013,2.2441,4.0000,-2.0147,2.0645,14.8051,-0.4508,3.0000,0.0000,0.0000,0,23.6757,958.1875,681.2614,819.7244,-138.4630,0.0000,0.0000,958.1875,681.2614
27.091,1,1,heuristic,-6.7747,36.8336,2.7077,-2.2404,2.5220,3.3735,0.0845,2.2402,4.0000,-1.9691,2.0645,14.6441,-0.4616,3.0000,0.0000,0.0000,0,23.6757,989.9098,762.5331,876.2214,-113.6883,0.0000,0.0000,989.9098,762.5331
27.141,1,1,heuristic,-6.8899,36.9442,2.7118,-2.2725,2.4785,3.3626,0.0643,2.2363,4.0000,-1.9187,2.0645,14.4752,-0.4714,3.0000,0.0000,0.0000,0,23.6757,989.9098,762.5331,876.2214,-113.6883,0.0000,0.0000,989.9098,762.5331
27.191,1,1,heuristic,-6.8899,36.9442,2.7145,-2.2725,2.4785,3.3626,0.0673,2.2322,4.0000,-1.8696,2.0645,14.3181,-0.4796,3.0000,0.0000,0.0000,0,23.6757,984.4634,675.4521,829.9577,-154.5056,0.0000,0.0000,984.4634,675.4521
27.241,1,1,heuristic,-7.0129,37.0589,2.7183,-2.2912,2.4242,3.3356,0.0420,2.2322,4.0000,-1.8696,2.0645,14.3181,-0.4823,3.0000,0.0000,0.0000,0,23.6757,984.5911,674.3993,829.4952,-155.0959,0.0000,0.0000,984.5911,674.3993
27.291,1,1,heuristic,-7.1295,37.1648,2.7201,-2.3185,2.3805,3.3230,0.0315,2.2281,4.0000,-1.8157,2.0645,14.1531,-0.4902,3.0000,0.0000,0.0000,0,23.6757,977.9816,588.5934,783.2875,-194.6941,0.0000,0.0000,977.9816,588.5934
27.341,1,1,heuristic,-7.2535,37.2745,2.7224,-2.3318,2.3261,3.2936,0.0198,2.2237,4.0000,-1.7632,2.0645,13.9991,-0.4964,3.0000,0.0000,0.0000,0,23.6757,988.5261,593.0788,790.8025,-197.7237,0.0000,0.0000,988.5261,593.0788
27.390,1,1,heuristic,-7.3704,37.3752,2.7236,-2.3527,2.2805,3.2766,-0.0100,2.2192,4.0000,-1.7060,2.0645,13.8379,-0.5032,3.0000,0.0000,0.0000,0,23.6757,981.9890,522.8668,752.4279,-229.5611,0.0000,0.0000,981.9890,522.8668
27.441,1,1,heuristic,-7.4945,37.4791,2.7240,-2.3593,2.2241,3.2424,-0.0343,2.2146,4.0000,-1.6508,2.0645,13.6881,-0.5090,3.0000,0.0000,0.0000,0,23.6757,981.9890,522.8668,752.4279,-229.5611,0.0000,0.0000,981.9890,522.8668
27.491,1,1,heuristic,-7.6113,37.5743,2.7233,-2.3739,2.1759,3.2203,-0.0413,2.2099,4.0000,-1.5908,2.0645,13.5318,-0.5141,3.0000,0.0000,0.0000,0,23.6757,991.4983,542.0070,766.7526,-224.7457,0.0000,0.0000,991.4983,542.0070
27.541,1,1,heuristic,-7.6113,37.5743,2.7219,-2.3739,2.1759,3.2203,-0.0553,2.2051,4.0000,-1.5331,2.0645,13.3868,-0.5182,3.0000,0.0000,0.0000,0,23.6757,992.3641,586.1432,789.2537,-203.1105,0.0000,0.0000,992.3641,586.1432
27.591,1,1,heuristic,-7.7350,37.6723,2.7189,-2.3751,2.1178,3.1822,-0.1055,2.2051,4.0000,-1.5331,2.0645,13.3868,-0.5167,3.0000,0.0000,0.0000,0,23.6757,985.1715,562.3368,773.7542,-211.4173,0.0000,0.0000,985.1715,562.3368
27.641,1,1,heuristic,-7.8518,37.7622,2.7149,-2.3866,2.0689,3.1585,-0.1268,2.2002,4.0000,-1.4705,2.0645,13.2357,-0.5188,3.0000,0.0000,0.0000,0,23.6757,983.3752,524.8156,754.0954,-229.2798,0.0000,0.0000,983.3752,524.8156
27.691,1,1,heuristic,-7.9759,37.8552,2.7099,-2.3868,2.0125,3.1220,-0.1280,2.1951,4.0000,-1.4103,2.0645,13.0954,-0.5198,3.0000,0.0000,0.0000,0,23.6757,986.0587,509.8129,747.9358,-238.1229,0.0000,0.0000,986.0587,509.8129
27.741,1,1,heuristic,-8.0931,37.9405,2.7051,-2.3978,1.9656,3.1005,-0.1495,2.1898,4.0000,-1.3451,2.0645,12.9487,-0.5201,3.0000,0.0000,0.0000,0,23.6757,988.4593,508.4205,748.4399,-240.0194,0.0000,0.0000,988.4593,508.4205
27.791,1,1,heuristic,-8.2176,38.0286,2.6982,-2.3969,1.9113,3.0657,-0.1802,2.1843,4.0000,-1.2823,2.0645,12.8122,-0.5207,3.0000,0.0000,0.0000,0,23.6757,993.0474,459.7893,726.4183,-266.6291,0.0000,0.0000,993.0474,459.7893
27.842,1,1,heuristic,-8.3350,38.1095,2.6903,-2.4069,1.8661,3.0456,-0.2065,2.1786,4.0000,-1.2144,2.0645,12.6697,-0.5196,3.0000,0.0000,0.0000,0,23.6757,993.0474,459.7893,726.4183,-266.6291,0.0000,0.0000,993.0474,459.7893
27.891,1,1,heuristic,-8.4598,38.1930,2.6832,-2.4052,1.8143,3.0127,-0.2215,2.1728,4.0000,-1.1494,2.0645,12.5373,-0.5175,3.0000,0.0000,0.0000,0,23.6757,992.1748,394.8243,693.4996,-298.6753,0.0000,0.0000,992.1748,394.8243
27.941,1,1,heuristic,-8.5774,38.2698,2.6755,-2.4144,1.7712,2.9944,-0.2127,2.1668,4.0000,-1.0791,2.0645,12.3988,-0.5165,3.0000,0.0000,0.0000,0,23.6757,990.9999,456.2857,723.6428,-267.3571,0.0000,0.0000,990.9999,456.2857
27.991,1,1,heuristic,-8.7022,38.3490,2.6649,-2.4115,1.7217,2.9630,-0.2592,2.1607,4.0000,-1.0119,2.0645,12.2702,-0.5148,3.0000,0.0000,0.0000,0,23.6757,985.3184,442.9246,714.1215,-271.1969,0.0000,0.0000,985.3184,442.9246
28.041,1,1,heuristic,-8.8199,38.4219,2.6557,-2.4197,1.6810,2.9464,-0.2655,2.1542,4.0000,-0.9395,2.0645,12.1360,-0.5107,3.0000,0.0000,0.0000,0,23.6757,975.4549,343.9894,659.7222,-315.7328,0.0000,0.0000,975.4549,343.9894
28.091,1,1,heuristic,-8.9448,38.4974,2.6432,-2.4162,1.6350,2.9174,-0.2988,2.1479,4.0000,-0.8704,2.0645,12.0111,-0.5078,3.0000,0.0000,0.0000,0,23.6757,989.8331,411.9834,700.9082,-288.9249,0.0000,0.0000,989.8331,411.9834
28.141,1,1,heuristic,-9.0624,38.5666,2.6298,-2.4227,1.5966,2.9014,-0.3015,2.1411,4.0000,-0.7962,2.0645,11.8806,-0.5021,3.0000,0.0000,0.0000,0,23.6757,981.1041,331.3249,656.2145,-324.8896,0.0000,0.0000,981.1041,331.3249
28.191,1,1,heuristic,-9.0624,38.5666,2.6213,-2.4227,1.5966,2.9014,-0.3297,2.1345,4.0000,-0.7255,2.0645,11.7596,-0.4954,3.0000,0.0000,0.0000,0,23.6757,983.3008,388.0577,685.6792,-297.6216,0.0000,0.0000,983.3008,388.0577
28.241,1,1,heuristic,-9.1869,38.6382,2.6063,-2.4170,1.5525,2.8727,-0.3170,2.1345,4.0000,-0.7255,2.0645,11.7596,-0.4868,3.0000,0.0000,0.0000,0,23.6757,983.4769,360.7993,672.1381,-311.3388,0.0000,0.0000,983.4769,360.7993
28.290,1,1,heuristic,-9.3041,38.7040,2.5968,-2.4220,1.5163,2.8575,-0.3473,2.1275,4.0000,-0.6498,2.0645,11.6334,-0.4789,3.0000,0.0000,0.0000,0,23.6757,979.0385,298.9879,639.0132,-340.0253,0.0000,0.0000,979.0385,298.9879
28.341,1,1,heuristic,-9.4284,38.7722,2.5804,-2.4158,1.4755,2.8308,-0.3640,2.1206,4.0000,-0.5778,2.0645,11.5162,-0.4762,3.0000,0.0000,0.0000,0,23.6757,983.8324,264.0418,623.9371,-359.8953,0.0000,0.0000,983.8324,264.0418
28.391,1,1,heuristic,-9.5455,38.8351,2.5666,-2.4203,1.4421,2.8173,-0.3738,2.1133,4.0000,-0.5006,2.0645,11.3937,-0.4671,3.0000,0.0000,0.0000,0,23.6757,992.0461,287.3833,639.7147,-352.3314,0.0000,0.0000,992.0461,287.3833
28.441,1,1,heuristic,-9.5455,38.8351,2.5558,-2.4203,1.4421,2.8173,-0.3875,2.1063,4.0000,-0.4273,2.0645,11.2800,-0.4603,3.0000,0.0000,0.0000,0,23.6757,983.8254,359.1777,671.5015,-312.3238,0.0000,0.0000,983.8254,359.1777
28.491,1,1,heuristic,-9.6694,38.9000,2.5409,-2.4127,1.4034,2.7912,-0.4115,2.1063,4.0000,-0.4273,2.0645,11.2800,-0.4495,3.0000,0.0000,0.0000,0,23.6757,971.7834,275.2574,623.5204,-348.2630,0.0000,0.0000,971.7834,275.2574
28.541,1,1,heuristic,-9.7861,38.9600,2.5217,-2.4167,1.3726,2.7793,-0.4343,2.0988,4.0000,-0.3490,2.0645,11.1615,-0.4422,3.0000,0.0000,0.0000,0,23.6757,985.0012,310.7604,647.8808,-337.1204,0.0000,0.0000,985.0012,310.7604
28.590,1,1,heuristic,-9.9100,39.0224,2.5056,-2.4097,1.3381,2.7563,-0.4355,2.0915,4.0000,-0.2746,2.0645,11.0513,-0.4301,3.0000,0.0000,0.0000,0,23.6757,988.9120,362.0326,675.4723,-313.4397,0.0000,0.0000,988.9120,362.0326
28.641,1,1,heuristic,-10.0268,39.0802,2.4891,-2.4147,1.3117,2.7479,-0.4360,2.0838,4.0000,-0.1951,2.0645,10.9360,-0.4219,3.0000,0.0000,0.0000,0,23.6757,992.1452,404.1498,698.1475,-293.9977,0.0000,0.0000,992.1452,404.1498
28.691,1,1,heuristic,-10.0268,39.0802,2.4722,-2.4147,1.3117,2.7479,-0.4505,2.0763,4.0000,-0.1197,2.0645,10.8286,-0.4128,3.0000,0.0000,0.0000,0,23.6757,996.2884,424.7825,710.5354,-285.7529,0.0000,0.0000,996.2884,424.7825
28.740,1,1,heuristic,-10.1512,39.1411,2.4550,-2.4101,1.2835,2.7305,-0.4433,2.0763,4.0000,-0.1197,2.0645,10.8286,-0.3959,3.0000,0.0000,0.0000,0,23.6757,995.5978,379.7674,687.6826,-307.9152,0.0000,0.0000,995.5978,379.7674
28.790,1,1,heuristic,-10.2690,39.1984,2.4331,-2.4191,1.2655,2.7301,-0.4632,2.0684,4.0000,-0.0390,2.0645,10.7154,-0.3866,3.0000,0.0000,0.0000,0,23.6757,995.5725,340.1490,667.8608,-327.7118,0.0000,0.0000,995.5725,340.1490
28.841,1,1,heuristic,-10.3948,39.2592,2.4153,-2.4189,1.2464,2.7211,-0.4647,2.0608,4.0000,0.0376,2.0645,10.6091,-0.3723,3.0000,0.0000,0.0000,0,23.6757,988.5239,399.0628,693.7933,-294.7305,0.0000,0.0000,988.5239,399.0628
28.891,1,1,heuristic,-10.5139,39.3166,2.3929,-2.4313,1.2359,2.7273,-0.4575,2.0527,4.0000,0.1195,2.0645,10.4966,-0.3626,3.0000,0.0000,0.0000,0,23.6757,993.3920,369.3927,681.3923,-311.9996,0.0000,0.0000,993.3920,369.3927
28.941,1,1,heuristic,-10.6408,39.3776,2.3746,-2.4334,1.2234,2.7236,-0.4710,2.0450,4.0000,0.1972,2.0645,10.3909,-0.3479,3.0000,0.0000,0.0000,0,23.6757,993.3920,369.3927,681.3923,-311.9996,0.0000,0.0000,993.3920,369.3927
28.991,1,1,heuristic,-10.7611,39.4354,2.3562,-2.4478,1.2198,2.7349,-0.4693,2.0368,4.0000,0.2801,2.0645,10.2789,-0.3379,3.0000,0.0000,0.0000,0,23.6757,989.3019,428.3765,708.8392,-280.4627,0.0000,0.0000,989.3019,428.3765
29.040,1,1,heuristic,-10.7611,39.4354,2.3422,-2.4478,1.2198,2.7349,-0.4730,2.0290,4.0000,0.3586,2.0645,10.1735,-0.3271,3.0000,0.0000,0.0000,0,23.6757,991.1231,504.1637,747.6434,-243.4797,0.0000,0.0000,991.1231,504.1637
29.091,1,1,heuristic,-10.8893,39.4975,2.3235,-2.4515,1.2146,2.7359,-0.4863,2.0290,4.0000,0.3586,2.0645,10.1735,-0.3132,3.0000,0.0000,0.0000,0,23.6757,973.6592,453.8727,713.7660,-259.8933,0.0000,0.0000,973.6592,453.8727
29.140,1,1,heuristic,-11.0109,39.5572,2.3095,-2.4677,1.2204,2.7530,-0.4465,2.0208,4.0000,0.4421,2.0645,10.0614,-0.3027,3.0000,0.0000,0.0000,0,23.6757,968.8324,448.5219,708.6771,-260.1552,0.0000,0.0000,968.8324,448.5219
29.190,1,1,heuristic,-11.0109,39.5572,2.2908,-2.4677,1.2204,2.7530,-0.4750,2.0131,4.0000,0.5209,2.0645,9.9552,-0.2964,3.0000,0.0000,0.0000,0,23.6757,982.5942,462.8351,722.7146,-259.8795,0.0000,0.0000,982.5942,462.8351
29.241,1,1,heuristic,-11.1405,39.6219,2.2673,-2.4724,1.2253,2.7594,-0.4490,2.0131,4.0000,0.5209,2.0645,9.9552,-0.2776,3.0000,0.0000,0.0000,0,23.6757,992.2222,489.6415,740.9319,-251.2904,0.0000,0.0000,992.2222,489.6415
29.290,1,1,heuristic,-11.2629,39.6842,2.2534,-2.4880,1.2396,2.7797,-0.4682,2.0050,4.0000,0.6043,2.0645,9.8417,-0.2624,3.0000,0.0000,0.0000,0,23.6757,985.0272,485.7686,735.3979,-249.6293,0.0000,0.0000,985.0272,485.7686
29.341,1,1,heuristic,-11.3930,39.7518,2.2300,-2.4910,1.2518,2.7879,-0.4480,1.9975,4.0000,0.6826,2.0645,9.7343,-0.2559,3.0000,0.0000,0.0000,0,23.6757,985.5863,443.7673,714.6768,-270.9095,0.0000,0.0000,985.5863,443.7673
29.391,1,1,heuristic,-11.5159,39.8172,2.2161,-2.5047,1.2738,2.8100,-0.4738,1.9895,4.0000,0.7651,2.0645,9.6195,-0.2405,3.0000,0.0000,0.0000,0,23.6757,985.5863,443.7673,714.6768,-270.9095,0.0000,0.0000,985.5863,443.7673
29.441,1,1,heuristic,-11.5159,39.8172,2.1976,-2.5047,1.2738,2.8100,-0.4418,1.9822,4.0000,0.8423,2.0645,9.5107,-0.2339,3.0000,0.0000,0.0000,0,23.6757,986.9865,579.0431,783.0148,-203.9717,0.0000,0.0000,986.9865,579.0431
29.491,1,1,heuristic,-11.6462,39.8882,2.1743,-2.5050,1.2921,2.8186,-0.4863,1.9822,4.0000,0.8423,2.0645,9.5107,-0.2153,3.0000,0.0000,0.0000,0,23.6757,984.1971,502.6796,743.4384,-240.7588,0.0000,0.0000,984.1971,502.6796
29.541,1,1,heuristic,-11.7689,39.9567,2.1650,-2.5153,1.3193,2.8403,-0.4765,1.9745,4.0000,0.9234,2.0645,9.3945,-0.1998,3.0000,0.0000,0.0000,0,23.6757,984.1971,502.6796,743.4384,-240.7588,0.0000,0.0000,984.1971,502.6796
29.591,1,1,heuristic,-11.8989,40.0316,2.1419,-2.5122,1.3434,2.8488,-0.4700,1.9675,4.0000,0.9990,2.0645,9.2844,-0.1975,3.0000,0.0000,0.0000,0,23.6757,992.6030,625.6358,809.1194,-183.4836,0.0000,0.0000,992.6030,625.6358
29.641,1,1,heuristic,-12.0211,40.1040,2.1235,-2.5191,1.3766,2.8707,-0.4200,1.9600,4.0000,1.0780,2.0645,9.1666,-0.1820,3.0000,0.0000,0.0000,0,23.6757,989.9915,570.0979,780.0447,-209.9468,0.0000,0.0000,989.9915,570.0979
29.691,1,1,heuristic,-12.0211,40.1040,2.1052,-2.5191,1.3766,2.8707,-0.4647,1.9533,4.0000,1.1513,2.0645,9.0547,-0.1703,3.0000,0.0000,0.0000,0,23.6757,989.9915,570.0979,780.0447,-209.9468,0.0000,0.0000,989.9915,570.0979
29.741,1,1,heuristic,-12.1505,40.1834,2.0871,-2.5127,1.4065,2.8795,-0.4138,1.9533,4.0000,1.1513,2.0645,9.0547,-0.1520,3.0000,0.0000,0.0000,0,23.6757,996.5913,534.9405,765.7659,-230.8254,0.0000,0.0000,996.5913,534.9405
29.791,1,1,heuristic,-12.2719,40.2604,2.0780,-2.5161,1.4461,2.9021,-0.4730,1.9461,4.0000,1.2276,2.0645,8.9348,-0.1409,3.0000,0.0000,0.0000,0,23.6757,990.0230,576.7765,783.3998,-206.6232,0.0000,0.0000,990.0230,576.7765
29.841,1,1,heuristic,-12.4001,40.3445,2.0555,-2.5060,1.4804,2.9106,-0.4660,1.9398,4.0000,1.2980,2.0645,8.8207,-0.1382,3.0000,0.0000,0.0000,0,23.6757,996.3302,584.0926,790.2114,-206.1188,0.0000,0.0000,996.3302,584.0926
29.890,1,1,heuristic,-12.5203,40.4261,2.0333,-2.5055,1.5242,2.9327,-0.4745,1.9330,4.0000,1.3711,2.0645,8.6986,-0.1225,3.0000,0.0000,0.0000,0,23.6757,995.5873,633.1043,814.3458,-181.2415,0.0000,0.0000,995.5873,633.1043
29.941,1,1,heuristic,-12.5203,40.4261,2.0245,-2.5055,1.5242,2.9327,-0.3965,1.9271,4.0000,1.4382,2.0645,8.5824,-0.1062,3.0000,0.0000,0.0000,0,23.6757,990.6736,710.5738,850.6237,-140.0499,0.0000,0.0000,990.6736,710.5738
29.991,1,1,heuristic,-12.6470,40.5155,2.0025,-2.4916,1.5631,2.9413,-0.3753,1.9271,4.0000,1.4382,2.0645,8.5824,-0.0974,3.0000,0.0000,0.0000,0,23.6757,994.5671,698.3564,846.4617,-148.1054,0.0000,0.0000,994.5671,698.3564
30.041,1,1,heuristic,-12.7655,40.6027,1.9895,-2.4871,1.6138,2.9648,-0.3788,1.9207,4.0000,1.5074,2.0645,8.4578,-0.0818,3.0000,0.0000,0.0000,0,23.6757,994.3794,702.2141,848.2968,-146.0826,0.0000,0.0000,994.3794,702.2141
30.091,1,1,heuristic,-12.7655,40.6027,1.9725,-2.4871,1.6138,2.9648,-0.4393,1.9153,4.0000,1.5704,2.0645,8.3386,-0.0742,3.0000,0.0000,0.0000,0,23.6757,988.1867,643.9286,816.0576,-172.1290,0.0000,0.0000,988.1867,643.9286
30.141,1,1,heuristic,-12.8902,40.6986,1.9514,-2.4692,1.6598,2.9752,-0.4433,1.9153,4.0000,1.5704,2.0645,8.3386,-0.0571,3.0000,0.0000,0.0000,0,23.6757,992.7964,636.7377,814.7671,-178.0294,0.0000,0.0000,992.7964,636.7377
30.190,1,1,heuristic,-13.0066,40.7918,1.9391,-2.4604,1.7165,3.0000,-0.4408,1.9095,4.0000,1.6348,2.0645,8.2103,-0.0419,3.0000,0.0000,0.0000,0,23.6757,991.1761,698.6611,844.9186,-146.2575,0.0000,0.0000,991.1761,698.6611
30.241,1,1,heuristic,-13.1287,40.8937,1.9186,-2.4380,1.7649,3.0097,-0.4555,1.9046,4.0000,1.6931,2.0645,8.0878,-0.0344,3.0000,0.0000,0.0000,0,23.6757,991.8177,795.8798,893.8487,-97.9690,0.0000,0.0000,991.8177,795.8798
30.290,1,1,heuristic,-13.2424,40.9924,1.9025,-2.4243,1.8233,3.0334,-0.3468,1.8994,4.0000,1.7523,2.0645,7.9564,-0.0192,3.0000,0.0000,0.0000,0,23.6757,986.3158,767.8885,877.1022,-109.2137,0.0000,0.0000,986.3158,767.8885
30.341,1,1,heuristic,-13.3615,41.1006,1.8827,-2.3973,1.8749,3.0434,-0.3553,1.8950,4.0000,1.8057,2.0645,7.8312,-0.0075,3.0000,0.0000,0.0000,0,23.6757,990.4725,737.6857,864.0791,-126.3934,0.0000,0.0000,990.4725,737.6857
30.391,1,1,heuristic,-13.4721,41.2057,1.8672,-2.3787,1.9379,3.0681,-0.4055,1.8903,4.0000,1.8593,2.0645,7.6964,0.0076,3.0000,0.0000,0.0000,0,23.6757,991.4261,773.7202,882.5731,-108.8529,0.0000,0.0000,991.4261,773.7202
30.441,1,1,heuristic,-13.4721,41.2057,1.8520,-2.3787,1.9379,3.0681,-0.3275,1.8866,4.0000,1.9068,2.0645,7.5677,0.0193,3.0000,0.0000,0.0000,0,23.6757,986.0527,754.6143,870.3335,-115.7192,0.0000,0.0000,986.0527,754.6143
30.491,1,1,heuristic,-13.5875,41.3204,1.8334,-2.3470,1.9912,3.0779,-0.4017,1.8866,4.0000,1.9068,2.0645,7.5677,0.0345,3.0000,0.0000,0.0000,0,23.6757,986.0527,754.6143,870.3335,-115.7192,0.0000,0.0000,986.0527,754.6143
30.541,1,1,heuristic,-13.6945,41.4312,1.8224,-2.3233,2.0548,3.1016,-0.3262,1.8825,4.0000,1.9542,2.0645,7.4295,0.0491,3.0000,0.0000,0.0000,0,23.6757,983.9944,813.0841,898.5393,-85.4551,0.0000,0.0000,983.9944,813.0841
30.591,1,1,heuristic,-13.8059,41.5516,1.8044,-2.2870,2.1068,3.1095,-0.3872,1.8793,4.0000,1.9958,2.0645,7.2978,0.0569,3.0000,0.0000,0.0000,0,23.6757,993.8073,828.2041,911.0057,-82.8016,0.0000,0.0000,993.8073,828.2041
30.641,1,1,heuristic,-13.9088,41.6677,1.7903,-2.2586,2.1690,3.1314,-0.2860,1.8758,4.0000,2.0369,2.0645,7.1567,0.0714,3.0000,0.0000,0.0000,0,23.6757,991.8130,824.2712,908.0421,-83.7709,0.0000,0.0000,991.8130,824.2712
30.691,1,1,heuristic,-14.0157,41.7937,1.7732,-2.2181,2.2199,3.1381,-0.2807,1.8731,4.0000,2.0725,2.0645,7.0226,0.0828,3.0000,0.0000,0.0000,0,23.6757,996.8753,881.8886,939.3820,-57.4933,0.0000,0.0000,996.8753,881.8886
30.740,1,1,heuristic,-14.1143,41.9150,1.7597,-2.1854,2.2813,3.1591,-0.3740,1.8702,4.0000,2.1070,2.0645,6.8788,0.0970,3.0000,0.0000,0.0000,0,23.6757,990.9896,852.3393,921.6644,-69.3251,0.0000,0.0000,990.9896,852.3393
30.791,1,1,heuristic,-14.1143,41.9150,1.7466,-2.1854,2.2813,3.1591,-0.2687,1.8681,4.0000,2.1363,2.0645,6.7420,0.1084,3.0000,0.0000,0.0000,0,23.6757,992.6358,882.6741,937.6549,-54.9809,0.0000,0.0000,992.6358,882.6741
30.841,1,1,heuristic,-14.2165,42.0465,1.7306,-2.1413,2.3309,3.1652,-0.2605,1.8681,4.0000,2.1363,2.0645,6.7420,0.1215,3.0000,0.0000,0.0000,0,23.6757,992.6358,882.6741,937.6549,-54.9809,0.0000,0.0000,992.6358,882.6741
30.890,1,1,heuristic,-14.3106,42.1729,1.7213,-2.1050,2.3914,3.1859,-0.2482,1.8658,4.0000,2.1640,2.0645,6.5955,0.1352,3.0000,0.0000,0.0000,0,23.6757,992.2232,890.8796,941.5514,-50.6718,0.0000,0.0000,992.2232,890.8796
30.941,1,1,heuristic,-14.4078,42.3096,1.7091,-2.0580,2.4390,3.1913,-0.3292,1.8643,4.0000,2.1869,2.0645,6.4562,0.1431,3.0000,0.0000,0.0000,0,23.6757,989.9614,894.4760,942.2187,-47.7427,0.0000,0.0000,989.9614,894.4760
30.991,1,1,heuristic,-14.4971,42.4409,1.6972,-2.0185,2.4981,3.2117,-0.2417,1.8626,4.0000,2.2077,2.0645,6.3070,0.1536,3.0000,0.0000,0.0000,0,23.6757,995.7622,911.5482,953.6552,-42.1070,0.0000,0.0000,995.7622,911.5482
31.040,1,1,heuristic,-14.5893,42.5826,1.6828,-1.9692,2.5437,3.2168,-0.2243,1.8617,4.0000,2.2242,2.0645,6.1653,0.1645,3.0000,0.0000,0.0000,0,23.6757,990.3636,926.5169,958.4402,-31.9233,0.0000,0.0000,990.3636,926.5169
31.091,1,1,heuristic,-14.6737,42.7185,1.6688,-1.9271,2.6012,3.2373,-0.2445,1.8606,4.0000,2.2381,2.0645,6.0136,0.1779,3.0000,0.0000,0.0000,0,23.6757,982.9316,923.8347,953.3832,-29.5484,0.0000,0.0000,982.9316,923.8347
31.141,1,1,heuristic,-14.6737,42.7185,1.6607,-1.9271,2.6012,3.2373,-0.2345,1.8603,4.0000,2.2481,2.0645,5.8695,0.1915,3.0000,0.0000,0.0000,0,23.6757,988.2156,910.5605,949.3880,-38.8275,0.0000,0.0000,988.2156,910.5605
31.191,1,1,heuristic,-14.7606,42.8651,1.6475,-1.8758,2.6446,3.2423,-0.2005,1.8603,4.0000,2.2481,2.0645,5.8695,0.1996,3.0000,0.0000,0.0000,0,23.6757,992.7659,920.7139,956.7399,-36.0260,0.0000,0.0000,992.7659,920.7139
31.241,1,1,heuristic,-14.8400,43.0052,1.6373,-1.8316,2.6995,3.2622,-0.2890,1.8598,4.0000,2.2551,2.0645,5.7154,0.2123,3.0000,0.0000,0.0000,0,23.6757,992.7659,920.7139,956.7399,-36.0260,0.0000,0.0000,992.7659,920.7139
31.290,1,1,heuristic,-14.9216,43.1558,1.6274,-1.7791,2.7390,3.2661,-0.1743,1.8601,4.0000,2.2587,2.0645,5.5693,0.2227,3.0000,0.0000,0.0000,0,23.6757,995.8528,886.8518,941.3523,-54.5005,0.0000,0.0000,995.8528,886.8518
31.341,1,1,heuristic,-14.9961,43.2995,1.6177,-1.7336,2.7898,3.2845,-0.2508,1.8601,4.0000,2.2591,2.0645,5.4133,0.2327,3.0000,0.0000,0.0000,0,23.6757,996.9356,937.7499,967.3428,-29.5929,0.0000,0.0000,996.9356,937.7499
31.391,1,1,heuristic,-15.0725,43.4534,1.6059,-1.6807,2.8239,3.2862,-0.1780,1.8609,4.0000,2.2566,2.0645,5.2656,0.2431,3.0000,0.0000,0.0000,0,23.6757,978.3832,970.5909,974.4871,-3.8962,0.0000,0.0000,978.3832,970.5909
31.441,1,1,heuristic,-15.1421,43.5999,1.5945,-1.6346,2.8695,3.3024,-0.1802,1.8614,4.0000,2.2509,2.0645,5.1084,0.2555,3.0000,0.0000,0.0000,0,23.6757,982.4329,957.2747,969.8538,-12.5791,0.0000,0.0000,982.4329,957.2747
31.491,1,1,heuristic,-15.1421,43.5999,1.5856,-1.6346,2.8695,3.3024,-0.2513,1.8626,3.9679,2.2428,2.0645,4.9599,0.2681,3.0000,0.0000,0.0000,0,23.6757,991.6719,967.1288,979.4003,-12.2716,0.0000,0.0000,991.6719,967.1288
31.541,1,1,heuristic,-15.2132,43.7568,1.5748,-1.5814,2.8990,3.3022,-0.2400,1.8626,3.9679,2.2428,2.0645,4.9599,0.2770,3.0000,0.0000,0.0000,0,23.6757,988.1581,945.9314,967.0448,-21.1133,0.0000,0.0000,988.1581,945.9314
31.591,1,1,heuristic,-15.2779,43.9058,1.5666,-1.5345,2.9399,3.3162,-0.1537,1.8636,3.8414,2.2311,2.0645,4.8018,0.2888,3.0000,0.0000,0.0000,0,23.6757,989.0002,958.6761,973.8381,-15.1621,0.0000,0.0000,989.0002,958.6761
31.641,1,1,heuristic,-15.3439,44.0648,1.5585,-1.4813,2.9637,3.3132,-0.2188,1.8651,3.7220,2.2174,2.0645,4.6526,0.2986,3.0000,0.0000,0.0000,0,23.6757,987.5386,973.1676,980.3531,-7.1855,0.0000,0.0000,987.5386,973.1676
31.691,1,1,heuristic,-15.4037,44.2155,1.5488,-1.4344,2.9989,3.3243,-0.2253,1.8666,3.5954,2.2001,2.0645,4.4942,0.3081,3.0000,0.0000,0.0000,0,23.6757,992.8588,955.9742,974.4165,-18.4423,0.0000,0.0000,992.8588,955.9742
31.741,1,1,heuristic,-15.4646,44.3762,1.5393,-1.3819,3.0172,3.3187,-0.1303,1.8685,3.4760,2.1814,2.0645,4.3450,0.3198,3.0000,0.0000,0.0000,0,23.6757,957.7167,949.4919,953.6043,-4.1124,0.0000,0.0000,957.7167,949.4919
31.791,1,1,heuristic,-15.5198,44.5284,1.5339,-1.3354,3.0476,3.3274,-0.2235,1.8703,3.3495,2.1589,2.0645,4.1869,0.3310,3.0000,0.0000,0.0000,0,23.6757,977.5112,955.6639,966.5876,-10.9236,0.0000,0.0000,977.5112,955.6639
31.841,1,1,heuristic,-15.5198,44.5284,1.5268,-1.3354,3.0476,3.3274,-0.1052,1.8726,3.2305,2.1354,2.0645,4.0381,0.3387,3.0000,0.0000,0.0000,0,23.6757,970.0853,952.8260,961.4557,-8.6296,0.0000,0.0000,970.0853,952.8260
31.891,1,1,heuristic,-15.5758,44.6903,1.5181,-1.2839,3.0610,3.3193,-0.1993,1.8726,3.2305,2.1354,2.0645,4.0381,0.3459,3.0000,0.0000,0.0000,0,23.6757,952.6900,939.9210,946.3055,-6.3845,0.0000,0.0000,952.6900,939.9210
31.941,1,1,heuristic,-15.6265,44.8435,1.5131,-1.2380,3.0870,3.3260,-0.1215,1.8748,3.1045,2.1080,2.0645,3.8806,0.3567,3.0000,0.0000,0.0000,0,23.6757,981.9021,963.8362,972.8691,-9.0330,0.0000,0.0000,981.9021,963.8362
31.991,1,1,heuristic,-15.6778,45.0065,1.5034,-1.1877,3.0966,3.3165,-0.1023,1.8775,2.9860,2.0800,2.0645,3.7325,0.3643,3.0000,0.0000,0.0000,0,23.6757,953.6304,955.3773,954.5038,0.8735,0.0000,0.0000,953.6304,955.3773
32.041,1,1,heuristic,-15.7240,45.1607,1.4987,-1.1428,3.1197,3.3224,-0.1035,1.8800,2.8607,2.0479,2.0645,3.5759,0.3766,3.0000,0.0000,0.0000,0,23.6757,914.8965,936.3716,925.6341,10.7376,0.0000,0.0000,914.8965,936.3716
32.091,1,1,heuristic,-15.7707,45.3249,1.4911,-1.0940,3.1273,3.3131,-0.0690,1.8830,2.7429,2.0155,2.0645,3.4287,0.3843,3.0000,0.0000,0.0000,0,23.6757,912.3903,933.6776,923.0340,10.6436,0.0000,0.0000,912.3903,933.6776
32.141,1,1,heuristic,-15.8127,45.4799,1.4824,-1.0502,3.1478,3.3183,-0.1767,1.8860,2.6183,1.9789,2.0645,3.2729,0.3949,3.0000,0.0000,0.0000,0,23.6757,832.3995,924.5649,878.4822,46.0827,0.0000,0.0000,832.3995,924.5649
32.191,1,1,heuristic,-15.8551,45.6445,1.4768,-1.0030,3.1514,3.3072,-0.0770,1.8894,2.5016,1.9424,2.0645,3.1270,0.4070,3.0000,0.0000,0.0000,0,23.6757,843.0879,865.9466,854.5173,11.4294,0.0000,0.0000,843.0879,865.9466
32.241,1,1,heuristic,-15.8929,45.7995,1.4715,-0.9602,3.1667,3.3091,-0.1648,1.8927,2.3785,1.9017,2.0645,2.9732,0.4159,3.0000,0.0000,0.0000,0,25.0733,843.0879,865.9466,854.5173,11.4294,0.0000,0.0000,843.0879,865.9466
32.291,1,1,heuristic,-15.8929,45.7995,1.4665,-0.9602,3.1667,3.3091,-0.0655,1.5863,4.0000,0.8928,1.6675,27.7728,0.1148,3.0000,0.0000,0.0000,0,25.0733,747.4697,864.3065,805.8881,58.4184,0.0000,0.0000,747.4697,864.3065
32.341,1,1,heuristic,-15.9651,46.1170,1.4593,-0.8737,3.1710,3.2892,-0.0693,1.5863,4.0000,0.8928,1.6675,27.7728,0.1198,3.0000,0.0000,0.0000,0,25.0733,756.9920,850.2099,803.6010,46.6089,0.0000,0.0000,756.9920,850.2099
32.390,1,1,heuristic,-15.9651,46.1170,1.4560,-0.8737,3.1710,3.2892,-0.0435,1.5823,4.0000,0.9340,1.6675,27.4513,0.1230,3.0000,0.0000,0.0000,0,25.0733,759.0288,745.5272,752.2780,-6.7508,0.0000,0.0000,759.0288,745.5272
32.441,1,1,heuristic,-15.9992,46.2788,1.4507,-0.8302,3.1592,3.2665,-0.0410,1.5823,4.0000,0.9340,1.6675,27.4513,0.1263,3.0000,0.0000,0.0000,0,25.0733,816.4699,827.0882,821.7790,5.3092,0.0000,0.0000,816.4699,827.0882
32.491,1,1,heuristic,-16.0297,46.4299,1.4459,-0.7912,3.1571,3.2547,-0.0423,1.5804,4.0000,0.9523,1.6675,27.2877,0.1296,3.0000,0.0000,0.0000,0,25.0733,722.5225,739.5058,731.0142,8.4916,0.0000,0.0000,722.5225,739.5058
32.541,1,1,heuristic,-16.0604,46.5887,1.4430,-0.7509,3.1364,3.2251,-0.0400,1.5788,4.0000,0.9681,1.6675,27.1350,0.1329,3.0000,0.0000,0.0000,0,25.0733,772.9462,845.4018,809.1740,36.2278,0.0000,0.0000,772.9462,845.4018
32.591,1,1,heuristic,-16.0878,46.7368,1.4376,-0.7151,3.1263,3.2071,-0.1220,1.5770,4.0000,0.9833,1.6675,26.9746,0.1340,3.0000,0.0000,0.0000,0,25.0733,873.7828,878.7682,876.2755,2.4927,0.0000,0.0000,873.7828,878.7682
32.641,1,1,heuristic,-16.1153,46.8926,1.4350,-0.6776,3.1003,3.1735,-0.1148,1.5756,4.0000,0.9963,1.6675,26.8251,0.1380,3.0000,0.0000,0.0000,0,25.0733,961.4136,973.4965,967.4551,6.0414,0.0000,0.0000,961.4136,973.4965
32.691,1,1,heuristic,-16.1396,47.0393,1.4309,-0.6433,3.0914,3.1576,-0.1278,1.5741,4.0000,1.0085,1.6675,26.6680,0.1390,3.0000,0.0000,0.0000,0,25.0733,917.2286,872.8323,895.0305,-22.1981,0.0000,0.0000,917.2286,872.8323
32.741,1,1,heuristic,-16.1396,47.0393,1.4278,-0.6433,3.0914,3.1576,-0.0135,1.5729,4.0000,1.0186,1.6675,26.5201,0.1420,3.0000,0.0000,0.0000,0,25.0733,983.7996,878.8931,931.3463,-52.4533,0.0000,0.0000,983.7996,878.8931
32.792,1,1,heuristic,-16.1636,47.1956,1.4247,-0.6070,3.0743,3.1336,-0.1212,1.5729,4.0000,1.0186,1.6675,26.5201,0.1452,3.0000,0.0000,0.0000,0,25.0733,930.8832,958.7725,944.8278,13.9446,0.0000,0.0000,930.8832,958.7725
32.841,1,1,heuristic,-16.1848,47.3434,1.4208,-0.5741,3.0753,3.1284,-0.0460,1.5718,4.0000,1.0274,1.6675,26.3627,0.1471,3.0000,0.0000,0.0000,0,25.0733,909.8283,985.5209,947.6746,37.8463,0.0000,0.0000,909.8283,985.5209
32.890,1,1,heuristic,-16.2058,47.5012,1.4176,-0.5398,3.0669,3.1140,-0.1148,1.5711,4.0000,1.0342,1.6675,26.2139,0.1503,3.0000,0.0000,0.0000,0,25.0733,879.8375,974.4643,927.1509,47.3134,0.0000,0.0000,879.8375,974.4643
32.941,1,1,heuristic,-16.2239,47.6508,1.4154,-0.5073,3.0772,3.1187,-0.0418,1.5704,4.0000,1.0398,1.6675,26.0552,0.1527,3.0000,0.0000,0.0000,0,25.0733,965.0522,975.0082,970.0302,4.9780,0.0000,0.0000,965.0522,975.0082
32.991,1,1,heuristic,-16.2239,47.6508,1.4132,-0.5073,3.0772,3.1187,-0.0103,1.5701,4.0000,1.0434,1.6675,25.9048,0.1547,3.0000,0.0000,0.0000,0,25.0733,957.0454,976.2604,966.6529,9.6075,0.0000,0.0000,957.0454,976.2604
33.041,1,1,heuristic,-16.2413,47.8110,1.4096,-0.4729,3.0776,3.1137,-0.0145,1.5701,4.0000,1.0434,1.6675,25.9048,0.1569,3.0000,0.0000,0.0000,0,25.0733,894.9312,992.3002,943.6157,48.6845,0.0000,0.0000,894.9312,992.3002
33.090,1,1,heuristic,-16.2562,47.9633,1.4076,-0.4402,3.0970,3.1281,-0.0192,1.5699,4.0000,1.0453,1.6675,25.7439,0.1602,3.0000,0.0000,0.0000,0,25.0733,839.4684,973.7985,906.6334,67.1651,0.0000,0.0000,839.4684,973.7985
33.141,1,1,heuristic,-16.2702,48.1264,1.4044,-0.4061,3.1049,3.1314,-0.0025,1.5701,4.0000,1.0453,1.6675,25.5909,0.1625,3.0000,0.0000,0.0000,0,25.0733,898.6114,984.4359,941.5236,42.9122,0.0000,0.0000,898.6114,984.4359
33.191,1,1,heuristic,-16.2818,48.2811,1.4020,-0.3732,3.1281,3.1503,-0.0910,1.5703,4.0000,1.0435,1.6675,25.4273,0.1659,3.0000,0.0000,0.0000,0,25.0733,925.0355,992.8147,958.9251,33.8896,0.0000,0.0000,925.0355,992.8147
33.241,1,1,heuristic,-16.2818,48.2811,1.4004,-0.3732,3.1281,3.1503,-0.0762,1.5708,4.0000,1.0402,1.6675,25.2723,0.1688,3.0000,0.0000,0.0000,0,25.0733,918.4084,986.4903,952.4493,34.0409,0.0000,0.0000,918.4084,986.4903
33.290,1,1,heuristic,-16.2924,48.4462,1.3981,-0.3394,3.1377,3.1560,-0.0732,1.5708,4.0000,1.0402,1.6675,25.2723,0.1704,3.0000,0.0000,0.0000,0,25.0733,833.2592,959.9287,896.5939,63.3348,0.0000,0.0000,833.2592,959.9287
33.340,1,1,heuristic,-16.3009,48.6029,1.3972,-0.3071,3.1632,3.1781,0.0290,1.5714,4.0000,1.0348,1.6675,25.1068,0.1733,3.0000,0.0000,0.0000,0,25.0733,890.2080,989.7276,939.9678,49.7598,0.0000,0.0000,890.2080,989.7276
33.391,1,1,heuristic,-16.3009,48.6029,1.3956,-0.3071,3.1632,3.1781,-0.0678,1.5723,4.0000,1.0281,1.6675,24.9499,0.1751,3.0000,0.0000,0.0000,0,25.0733,940.6989,987.7169,964.2079,23.5090,0.0000,0.0000,940.6989,987.7169
33.441,1,1,heuristic,-16.3142,48.9275,1.3936,-0.2438,3.1948,3.2041,0.0225,1.5723,4.0000,1.0281,1.6675,24.9499,0.1767,3.0000,0.0000,0.0000,0,25.0733,855.3384,980.3355,917.8370,62.4986,0.0000,0.0000,855.3384,980.3355
33.491,1,1,heuristic,-16.3142,48.9275,1.3931,-0.2438,3.1948,3.2041,-0.0488,1.5743,4.0000,1.0100,1.6675,24.6251,0.1807,3.0000,0.0000,0.0000,0,25.0733,927.3027,979.3958,953.3492,26.0465,0.0000,0.0000,927.3027,979.3958
33.540,1,1,heuristic,-16.3190,49.0948,1.3919,-0.2134,3.1997,3.2068,-0.0532,1.5743,4.0000,1.0100,1.6675,24.6251,0.1812,3.0000,0.0000,0.0000,0,25.0733,970.7560,987.2417,978.9988,8.2429,0.0000,0.0000,970.7560,987.2417
33.591,1,1,heuristic,-16.3224,49.2526,1.3913,-0.1849,3.2169,3.2222,-0.0568,1.5754,4.0000,0.9986,1.6675,24.4577,0.1835,3.0000,0.0000,0.0000,0,25.0733,888.9264,989.5733,939.2499,50.3235,0.0000,0.0000,888.9264,989.5733
33.641,1,1,heuristic,-16.3224,49.2526,1.3906,-0.1849,3.2169,3.2222,0.0433,1.5767,4.0000,0.9868,1.6675,24.3000,0.1854,3.0000,0.0000,0.0000,0,25.0733,888.9264,989.5733,939.2499,50.3235,0.0000,0.0000,888.9264,989.5733
33.691,1,1,heuristic,-16.3249,49.4198,1.3901,-0.1574,3.2168,3.2207,-0.0345,1.5767,4.0000,0.9868,1.6675,24.3000,0.1861,3.0000,0.0000,0.0000,0,25.0733,852.2819,972.6582,912.4701,60.1882,0.0000,0.0000,852.2819,972.6582
33.741,1,1,heuristic,-16.3262,49.5771,1.3898,-0.1313,3.2286,3.2313,-0.0558,1.5779,4.0000,0.9731,1.6675,24.1329,0.1878,3.0000,0.0000,0.0000,0,25.0733,899.7736,995.6841,947.7288,47.9552,0.0000,0.0000,899.7736,995.6841
33.790,1,1,heuristic,-16.3265,49.7433,1.3896,-0.1063,3.2220,3.2238,0.0405,1.5793,4.0000,0.9592,1.6675,23.9758,0.1895,3.0000,0.0000,0.0000,0,25.0733,815.7430,981.9963,898.8696,83.1266,0.0000,0.0000,815.7430,981.9963
33.840,1,1,heuristic,-16.3259,49.8994,1.3896,-0.0824,3.2283,3.2293,0.0535,1.5807,4.0000,0.9435,1.6675,23.8099,0.1911,3.0000,0.0000,0.0000,0,25.0733,873.0077,970.0186,921.5131,48.5055,0.0000,0.0000,873.0077,970.0186
33.891,1,1,heuristic,-16.3259,49.8994,1.3898,-0.0824,3.2283,3.2293,-0.0218,1.5822,4.0000,0.9278,1.6675,23.6540,0.1926,3.0000,0.0000,0.0000,0,25.0733,829.5322,952.3350,890.9336,61.4014,0.0000,0.0000,829.5322,952.3350
33.940,1,1,heuristic,-16.3241,50.0643,1.3902,-0.0593,3.2168,3.2174,0.0640,1.5822,4.0000,0.9278,1.6675,23.6540,0.1924,3.0000,0.0000,0.0000,0,25.0733,888.1919,976.0299,932.1109,43.9190,0.0000,0.0000,888.1919,976.0299
33.990,1,1,heuristic,-16.3217,50.2191,1.3908,-0.0371,3.2186,3.2188,-0.0178,1.5836,4.0000,0.9101,1.6675,23.4895,0.1935,3.0000,0.0000,0.0000,0,25.0733,888.1919,976.0299,932.1109,43.9190,0.0000,0.0000,888.1919,976.0299
34.041,1,1,heuristic,-16.3181,50.3829,1.3917,-0.0159,3.2049,3.2049,-0.0168,1.5853,4.0000,0.8927,1.6675,23.3351,0.1945,3.0000,0.0000,0.0000,0,25.0733,887.7690,978.6803,933.2247,45.4556,0.0000,0.0000,887.7690,978.6803
34.091,1,1,heuristic,-16.3138,50.5372,1.3924,0.0049,3.2067,3.2067,-0.0173,1.5869,4.0000,0.8733,1.6675,23.1718,0.1952,3.0000,0.0000,0.0000,0,25.0733,887.7690,978.6803,933.2247,45.4556,0.0000,0.0000,887.7690,978.6803
34.141,1,1,heuristic,-16.3084,50.7008,1.3937,0.0248,3.1947,3.1948,-0.0143,1.5887,4.0000,0.8542,1.6675,23.0180,0.1962,3.0000,0.0000,0.0000,0,25.0733,873.4243,985.9905,929.7074,56.2831,0.0000,0.0000,873.4243,985.9905
34.191,1,1,heuristic,-16.3025,50.8551,1.3952,0.0445,3.1988,3.1991,-0.0187,1.5905,4.0000,0.8330,1.6675,22.8550,0.1968,3.0000,0.0000,0.0000,0,25.0733,844.0323,993.5770,918.8046,74.7723,0.0000,0.0000,844.0323,993.5770
34.240,1,1,heuristic,-16.3025,50.8551,1.3959,0.0445,3.1988,3.1991,0.0750,1.5924,4.0000,0.8122,1.6675,22.7014,0.1972,3.0000,0.0000,0.0000,0,25.0733,823.5744,967.3713,895.4729,71.8985,0.0000,0.0000,823.5744,967.3713
34.291,1,1,heuristic,-16.2953,51.0190,1.3980,0.0633,3.1890,3.1896,0.0073,1.5924,4.0000,0.8122,1.6675,22.7014,0.1966,3.0000,0.0000,0.0000,0,25.0733,829.7341,986.0778,907.9060,78.1718,0.0000,0.0000,829.7341,986.0778
34.340,1,1,heuristic,-16.2877,51.1733,1.3993,0.0822,3.1942,3.1953,0.0115,1.5945,4.0000,0.7892,1.6675,22.5383,0.1964,3.0000,0.0000,0.0000,0,25.0733,823.2837,977.5785,900.4311,77.1474,0.0000,0.0000,823.2837,977.5785
34.391,1,1,heuristic,-16.2789,51.3368,1.4016,0.0999,3.1845,3.1861,0.0278,1.5966,4.0000,0.7668,1.6675,22.3847,0.1973,3.0000,0.0000,0.0000,0,25.0733,810.3666,986.5976,898.4821,88.1155,0.0000,0.0000,810.3666,986.5976
34.440,1,1,heuristic,-16.2698,51.4909,1.4037,0.1177,3.1893,3.1915,0.1212,1.5988,4.0000,0.7422,1.6675,22.2221,0.1971,3.0000,0.0000,0.0000,0,25.0733,811.9786,991.8684,901.9235,89.9449,0.0000,0.0000,811.9786,991.8684
34.491,1,1,heuristic,-16.2698,51.4909,1.4060,0.1177,3.1893,3.1915,0.0235,1.6010,4.0000,0.7183,1.6675,22.0689,0.1973,3.0000,0.0000,0.0000,0,25.0733,881.8854,969.4809,925.6832,43.7978,0.0000,0.0000,881.8854,969.4809
34.540,1,1,heuristic,-16.2594,51.6540,1.4093,0.1341,3.1790,3.1818,0.1193,1.6010,4.0000,0.7183,1.6675,22.0689,0.1950,3.0000,0.0000,0.0000,0,25.0733,806.6110,992.0022,899.3066,92.6956,0.0000,0.0000,806.6110,992.0022
34.591,1,1,heuristic,-16.2490,51.8077,1.4113,0.1507,3.1834,3.1869,0.0418,1.6034,4.0000,0.6922,1.6675,21.9068,0.1941,3.0000,0.0000,0.0000,0,25.0733,806.6110,992.0022,899.3066,92.6956,0.0000,0.0000,806.6110,992.0022
34.641,1,1,heuristic,-16.2373,51.9704,1.4150,0.1655,3.1727,3.1770,0.1408,1.6057,4.0000,0.6670,1.6675,21.7542,0.1944,3.0000,0.0000,0.0000,0,25.0733,818.0475,984.5581,901.3028,83.2553,0.0000,0.0000,818.0475,984.5581
34.691,1,1,heuristic,-16.2257,52.1234,1.4174,0.1807,3.1757,3.1809,0.0410,1.6082,4.0000,0.6396,1.6675,21.5925,0.1931,3.0000,0.0000,0.0000,0,25.0733,825.8543,960.2107,893.0325,67.1782,0.0000,0.0000,825.8543,960.2107
34.741,1,1,heuristic,-16.2128,52.2853,1.4216,0.1940,3.1633,3.1692,0.1283,1.6106,4.0000,0.6133,1.6675,21.4406,0.1932,3.0000,0.0000,0.0000,0,25.0733,832.0130,983.3280,907.6705,75.6575,0.0000,0.0000,832.0130,983.3280
34.790,1,1,heuristic,-16.2003,52.4375,1.4261,0.2075,3.1647,3.1715,0.1470,1.6132,4.0000,0.5849,1.6675,21.2800,0.1916,3.0000,0.0000,0.0000,0,25.0733,732.1334,983.2971,857.7152,125.5819,0.0000,0.0000,732.1334,983.2971
34.841,1,1,heuristic,-16.2003,52.4375,1.4299,0.2075,3.1647,3.1715,0.0595,1.6157,4.0000,0.5577,1.6675,21.1291,0.1896,3.0000,0.0000,0.0000,0,25.0733,732.1334,983.2971,857.7152,125.5819,0.0000,0.0000,732.1334,983.2971
34.891,1,1,heuristic,-16.1865,52.5985,1.4339,0.2191,3.1508,3.1585,0.1562,1.6157,4.0000,0.5577,1.6675,21.1291,0.1858,3.0000,0.0000,0.0000,0,25.0733,820.7393,986.0178,903.3785,82.6393,0.0000,0.0000,820.7393,986.0178
34.941,1,1,heuristic,-16.1730,52.7495,1.4381,0.2315,3.1499,3.1584,0.0808,1.6183,4.0000,0.5284,1.6675,20.9695,0.1845,3.0000,0.0000,0.0000,0,25.0733,860.5063,984.9085,922.7074,62.2011,0.0000,0.0000,860.5063,984.9085
34.991,1,1,heuristic,-16.1582,52.9093,1.4426,0.2421,3.1346,3.1439,0.1603,1.6210,4.0000,0.5004,1.6675,20.8199,0.1828,3.0000,0.0000,0.0000,0,25.0733,844.2650,986.6198,915.4424,71.1774,0.0000,0.0000,844.2650,986.6198
35.040,1,1,heuristic,-16.1439,53.0601,1.4473,0.2532,3.1358,3.1460,0.0660,1.6237,4.0000,0.4702,1.6675,20.6616,0.1811,3.0000,0.0000,0.0000,0,25.0733,886.3569,976.6417,931.4993,45.1424,0.0000,0.0000,886.3569,976.6417
35.091,1,1,heuristic,-16.1285,53.2203,1.4532,0.2620,3.1250,3.1360,0.0825,1.6264,4.0000,0.4414,1.6675,20.5123,0.1791,3.0000,0.0000,0.0000,0,25.0733,804.5658,980.2816,892.4237,87.8579,0.0000,0.0000,804.5658,980.2816
35.140,1,1,heuristic,-16.1137,53.3718,1.4593,0.2712,3.1310,3.1428,0.0765,1.6292,4.0000,0.4106,1.6675,20.3536,0.1760,3.0000,0.0000,0.0000,0,25.0733,726.1276,988.3878,857.2577,131.1301,0.0000,0.0000,726.1276,988.3878
35.191,1,1,heuristic,-16.1137,53.3718,1.4642,0.2712,3.1310,3.1428,0.1645,1.6319,4.0000,0.3813,1.6675,20.2038,0.1727,3.0000,0.0000,0.0000,0,25.0733,755.7678,981.7912,868.7795,113.0117,0.0000,0.0000,755.7678,981.7912
35.241,1,1,heuristic,-16.0977,53.5325,1.4706,0.2785,3.1229,3.1353,0.0868,1.6319,4.0000,0.3813,1.6675,20.2038,0.1677,3.0000,0.0000,0.0000,0,25.0733,787.6103,989.8417,888.7260,101.1157,0.0000,0.0000,787.6103,989.8417
35.291,1,1,heuristic,-16.0822,53.6836,1.4760,0.2871,3.1282,3.1414,0.1837,1.6348,4.0000,0.3498,1.6675,20.0449,0.1642,3.0000,0.0000,0.0000,0,25.0733,841.0575,991.3608,916.2091,75.1517,0.0000,0.0000,841.0575,991.3608
35.341,1,1,heuristic,-16.0656,53.8439,1.4829,0.2939,3.1191,3.1329,0.1797,1.6377,4.0000,0.3198,1.6675,19.8954,0.1617,3.0000,0.0000,0.0000,0,25.0733,822.9838,988.2743,905.6290,82.6452,0.0000,0.0000,822.9838,988.2743
35.391,1,1,heuristic,-16.0496,53.9952,1.4886,0.3015,3.1257,3.1402,0.1325,1.6406,4.0000,0.2877,1.6675,19.7370,0.1577,3.0000,0.0000,0.0000,0,25.0733,855.6735,992.9972,924.3354,68.6619,0.0000,0.0000,855.6735,992.9972
35.441,1,1,heuristic,-16.0326,54.1560,1.4945,0.3068,3.1190,3.1341,0.1758,1.6435,4.0000,0.2573,1.6675,19.5875,0.1549,3.0000,0.0000,0.0000,0,25.0733,837.2556,992.1570,914.7063,77.4507,0.0000,0.0000,837.2556,992.1570
35.491,1,1,heuristic,-16.0164,54.3079,1.5004,0.3128,3.1281,3.1437,0.1237,1.6465,4.0000,0.2248,1.6675,19.4287,0.1520,3.0000,0.0000,0.0000,0,25.0733,837.2556,992.1570,914.7063,77.4507,0.0000,0.0000,837.2556,992.1570
35.542,1,1,heuristic,-16.0164,54.3079,1.5063,0.3128,3.1281,3.1437,0.1715,1.6494,4.0000,0.1940,1.6675,19.2788,0.1490,3.0000,0.0000,0.0000,0,25.0733,802.7707,990.3624,896.5666,93.7958,0.0000,0.0000,802.7707,990.3624
35.591,1,1,heuristic,-15.9992,54.4693,1.5094,0.3165,3.1233,3.1393,0.1760,1.6494,4.0000,0.1940,1.6675,19.2788,0.1431,3.0000,0.0000,0.0000,0,25.0733,757.6870,994.3886,876.0378,118.3508,0.0000,0.0000,757.6870,994.3886
35.640,1,1,heuristic,-15.9992,54.4693,1.5139,0.3165,3.1233,3.1393,0.1767,1.6525,4.0000,0.1613,1.6675,19.1195,0.1431,3.0000,0.0000,0.0000,0,25.0733,751.3415,996.1277,873.7346,122.3931,0.0000,0.0000,751.3415,996.1277
35.691,1,1,heuristic,-15.9829,54.6215,1.5154,0.3211,3.1325,3.1489,0.1232,1.6525,4.0000,0.1613,1.6675,19.1195,0.1385,3.0000,0.0000,0.0000,0,25.0733,804.4958,987.7592,896.1275,91.6317,0.0000,0.0000,804.4958,987.7592
35.740,1,1,heuristic,-15.9829,54.6215,1.5216,0.3211,3.1325,3.1489,0.1862,1.6554,4.0000,0.1304,1.6675,18.9694,0.1399,3.0000,0.0000,0.0000,0,25.0733,827.2600,981.4846,904.3723,77.1123,0.0000,0.0000,827.2600,981.4846
35.791,1,1,heuristic,-15.9655,54.7825,1.5280,0.3238,3.1255,3.1423,0.1403,1.6554,4.0000,0.1304,1.6675,18.9694,0.1337,3.0000,0.0000,0.0000,0,25.0733,831.4287,969.8030,900.6158,69.1871,0.0000,0.0000,831.4287,969.8030
35.841,1,1,heuristic,-15.9490,54.9343,1.5312,0.3276,3.1326,3.1497,0.1782,1.6584,4.0000,0.0975,1.6675,18.8106,0.1305,3.0000,0.0000,0.0000,0,25.0733,870.1730,971.0257,920.5993,50.4263,0.0000,0.0000,870.1730,971.0257
35.891,1,1,heuristic,-15.9490,54.9343,1.5376,0.3276,3.1326,3.1497,0.1590,1.6613,4.0000,0.0665,1.6675,18.6610,0.1302,3.0000,0.0000,0.0000,0,25.0733,873.0922,966.0122,919.5522,46.4600,0.0000,0.0000,873.0922,966.0122
35.941,1,1,heuristic,-15.9317,55.0953,1.5441,0.3288,3.1253,3.1425,0.1665,1.6613,4.0000,0.0665,1.6675,18.6610,0.1237,3.0000,0.0000,0.0000,0,25.0733,873.0922,966.0122,919.5522,46.4600,0.0000,0.0000,873.0922,966.0122
35.991,1,1,heuristic,-15.9155,55.2472,1.5490,0.3305,3.1333,3.1507,0.1830,1.6644,4.0000,0.0336,1.6675,18.5024,0.1202,3.0000,0.0000,0.0000,0,25.0733,818.7188,994.5702,906.6445,87.9257,0.0000,0.0000,818.7188,994.5702
36.041,1,1,heuristic,-15.8986,55.4086,1.5570,0.3295,3.1274,3.1447,0.1532,1.6673,4.0000,0.0029,1.6675,18.3527,0.1182,3.0000,0.0000,0.0000,0,25.0733,759.7461,981.7668,870.7564,111.0103,0.0000,0.0000,759.7461,981.7668
36.091,1,1,heuristic,-15.8827,55.5608,1.5634,0.3295,3.1363,3.1536,0.1583,1.6703,4.0000,-0.0296,1.6675,18.1937,0.1133,3.0000,0.0000,0.0000,0,25.0733,843.6870,986.6507,915.1688,71.4819,0.0000,0.0000,843.6870,986.6507
36.141,1,1,heuristic,-15.8827,55.5608,1.5698,0.3295,3.1363,3.1536,0.1472,1.6731,4.0000,-0.0600,1.6675,18.0438,0.1097,3.0000,0.0000,0.0000,0,25.0733,841.0807,989.7699,915.4253,74.3446,0.0000,0.0000,841.0807,989.7699
36.191,1,1,heuristic,-15.8661,55.7223,1.5763,0.3277,3.1299,3.1470,0.1433,1.6731,4.0000,-0.0600,1.6675,18.0438,0.1033,3.0000,0.0000,0.0000,0,25.0733,875.2627,986.1354,930.6991,55.4363,0.0000,0.0000,875.2627,986.1354
36.240,1,1,heuristic,-15.8506,55.8746,1.5828,0.3268,3.1386,3.1556,0.1735,1.6761,4.0000,-0.0922,1.6675,17.8848,0.0998,3.0000,0.0000,0.0000,0,25.0733,819.9712,975.8626,897.9169,77.9457,0.0000,0.0000,819.9712,975.8626
36.290,1,1,heuristic,-15.8344,56.0365,1.5893,0.3237,3.1337,3.1504,0.1625,1.6789,4.0000,-0.1224,1.6675,17.7349,0.0961,3.0000,0.0000,0.0000,0,25.0733,824.9522,990.5129,907.7325,82.7803,0.0000,0.0000,824.9522,990.5129
36.341,1,1,heuristic,-15.8194,56.1894,1.5958,0.3213,3.1438,3.1602,0.1685,1.6819,4.0000,-0.1541,1.6675,17.5755,0.0926,3.0000,0.0000,0.0000,0,25.0733,901.4033,956.2893,928.8463,27.4430,0.0000,0.0000,901.4033,956.2893
36.391,1,1,heuristic,-15.8194,56.1894,1.5991,0.3213,3.1438,3.1602,0.1745,1.6846,4.0000,-0.1837,1.6675,17.4252,0.0888,3.0000,0.0000,0.0000,0,25.0733,905.4421,990.2376,947.8399,42.3978,0.0000,0.0000,905.4421,990.2376
36.440,1,1,heuristic,-15.8039,56.3518,1.6055,0.3166,3.1399,3.1558,0.1507,1.6846,4.0000,-0.1837,1.6675,17.4252,0.0856,3.0000,0.0000,0.0000,0,25.0733,833.0456,966.0481,899.5469,66.5012,0.0000,0.0000,833.0456,966.0481
36.491,1,1,heuristic,-15.7898,56.5055,1.6119,0.3122,3.1520,3.1674,0.1673,1.6875,4.0000,-0.2148,1.6675,17.2653,0.0820,3.0000,0.0000,0.0000,0,25.0733,819.6014,982.1066,900.8540,81.2526,0.0000,0.0000,819.6014,982.1066
36.540,1,1,heuristic,-15.7898,56.5055,1.6183,0.3122,3.1520,3.1674,0.1578,1.6902,4.0000,-0.2438,1.6675,17.1142,0.0782,3.0000,0.0000,0.0000,0,25.0733,858.9064,982.5962,920.7513,61.8449,0.0000,0.0000,858.9064,982.5962
36.591,1,1,heuristic,-15.7752,56.6686,1.6246,0.3058,3.1491,3.1639,0.1497,1.6902,4.0000,-0.2438,1.6675,17.1142,0.0719,3.0000,0.0000,0.0000,0,25.0733,858.9064,982.5962,920.7513,61.8449,0.0000,0.0000,858.9064,982.5962
36.640,1,1,heuristic,-15.7618,56.8225,1.6326,0.3004,3.1605,3.1747,0.1640,1.6930,4.0000,-0.2740,1.6675,16.9537,0.0684,3.0000,0.0000,0.0000,0,25.0733,893.3939,986.1275,939.7607,46.3668,0.0000,0.0000,893.3939,986.1275
36.691,1,1,heuristic,-15.7481,56.9860,1.6389,0.2930,3.1571,3.1707,0.1438,1.6956,4.0000,-0.3022,1.6675,16.8023,0.0630,3.0000,0.0000,0.0000,0,25.0733,884.4435,990.7281,937.5858,53.1423,0.0000,0.0000,884.4435,990.7281
36.741,1,1,heuristic,-15.7357,57.1403,1.6467,0.2861,3.1689,3.1818,0.1395,1.6983,4.0000,-0.3316,1.6675,16.6415,0.0595,3.0000,0.0000,0.0000,0,25.0733,901.7636,989.7749,945.7692,44.0057,0.0000,0.0000,901.7636,989.7749
36.791,1,1,heuristic,-15.7232,57.3045,1.6529,0.2771,3.1665,3.1786,0.1573,1.7008,4.0000,-0.3589,1.6675,16.4896,0.0541,3.0000,0.0000,0.0000,0,25.0733,901.7636,989.7749,945.7692,44.0057,0.0000,0.0000,901.7636,989.7749
36.841,1,1,heuristic,-15.7119,57.4596,1.6591,0.2685,3.1793,3.1906,0.1350,1.7035,4.0000,-0.3872,1.6675,16.3282,0.0506,3.0000,0.0000,0.0000,0,25.0733,912.5940,975.7033,944.1486,31.5546,0.0000,0.0000,912.5940,975.7033
36.891,1,1,heuristic,-15.7119,57.4596,1.6637,0.2685,3.1793,3.1906,0.1298,1.7058,4.0000,-0.4134,1.6675,16.1756,0.0468,3.0000,0.0000,0.0000,0,25.0733,900.2169,982.5903,941.4036,41.1867,0.0000,0.0000,900.2169,982.5903
36.941,1,1,heuristic,-15.7007,57.6244,1.6682,0.2580,3.1773,3.1878,0.1618,1.7058,4.0000,-0.4134,1.6675,16.1756,0.0422,3.0000,0.0000,0.0000,0,25.0733,906.6706,972.5962,939.6334,32.9628,0.0000,0.0000,906.6706,972.5962
36.991,1,1,heuristic,-15.6908,57.7800,1.6756,0.2477,3.1902,3.1998,0.1253,1.7083,4.0000,-0.4405,1.6675,16.0134,0.0402,3.0000,0.0000,0.0000,0,25.0733,911.5118,979.9065,945.7091,34.1973,0.0000,0.0000,911.5118,979.9065
37.041,1,1,heuristic,-15.6908,57.7800,1.6800,0.2477,3.1902,3.1998,0.1680,1.7106,4.0000,-0.4654,1.6675,15.8603,0.0350,3.0000,0.0000,0.0000,0,25.0733,931.1095,981.2867,956.1981,25.0886,0.0000,0.0000,931.1095,981.2867
37.091,1,1,heuristic,-15.6810,57.9453,1.6872,0.2358,3.1880,3.1967,0.1098,1.7106,4.0000,-0.4654,1.6675,15.8603,0.0306,3.0000,0.0000,0.0000,0,25.0733,931.1095,981.2867,956.1981,25.0886,0.0000,0.0000,931.1095,981.2867
37.141,1,1,heuristic,-15.6725,58.1013,1.6886,0.2240,3.2007,3.2085,0.1743,1.7130,4.0000,-0.4911,1.6675,15.6975,0.0258,3.0000,0.0000,0.0000,0,25.0733,895.6116,967.2794,931.4455,35.8339,0.0000,0.0000,895.6116,967.2794
37.191,1,1,heuristic,-15.6643,58.2672,1.6956,0.2108,3.1984,3.2053,0.1580,1.7151,4.0000,-0.5146,1.6675,15.5438,0.0265,3.0000,0.0000,0.0000,0,25.0733,929.3308,976.9891,953.1600,23.8292,0.0000,0.0000,929.3308,976.9891
37.241,1,1,heuristic,-15.6643,58.2672,1.7011,0.2108,3.1984,3.2053,0.1040,1.7173,4.0000,-0.5388,1.6675,15.3805,0.0217,3.0000,0.0000,0.0000,0,25.0733,933.2706,981.0598,957.1652,23.8946,0.0000,0.0000,933.2706,981.0598
37.291,1,1,heuristic,-15.6573,58.4236,1.7024,0.1977,3.2106,3.2166,0.1723,1.7173,4.0000,-0.5388,1.6675,15.3805,0.0162,3.0000,0.0000,0.0000,0,25.0733,931.9035,984.3880,958.1457,26.2423,0.0000,0.0000,931.9035,984.3880
37.341,1,1,heuristic,-15.6508,58.5899,1.7091,0.1834,3.2079,3.2131,0.0725,1.7193,4.0000,-0.5608,1.6675,15.2263,0.0168,3.0000,0.0000,0.0000,0,25.0733,946.4631,993.1186,969.7909,23.3277,0.0000,0.0000,946.4631,993.1186
37.391,1,1,heuristic,-15.6508,58.5899,1.7143,0.1834,3.2079,3.2131,0.1440,1.7214,4.0000,-0.5834,1.6675,15.0625,0.0123,3.0000,0.0000,0.0000,0,25.0733,956.7618,987.2611,972.0115,15.2496,0.0000,0.0000,956.7618,987.2611
37.441,1,1,heuristic,-15.6454,58.7469,1.7156,0.1690,3.2206,3.2250,0.0815,1.7214,4.0000,-0.5834,1.6675,15.0625,0.0071,3.0000,0.0000,0.0000,0,25.0733,938.8289,986.0288,962.4288,23.5999,0.0000,0.0000,938.8289,986.0288
37.491,1,1,heuristic,-15.6454,58.7469,1.7207,0.1690,3.2206,3.2250,0.1658,1.7232,4.0000,-0.6039,1.6675,14.9076,0.0076,3.0000,0.0000,0.0000,0,25.0733,945.4157,990.8440,968.1298,22.7141,0.0000,0.0000,945.4157,990.8440
37.541,1,1,heuristic,-15.6407,58.9140,1.7256,0.1535,3.2189,3.2226,0.0930,1.7232,4.0000,-0.6039,1.6675,14.9076,0.0025,3.0000,0.0000,0.0000,0,25.0733,967.5672,990.7799,979.1736,11.6064,0.0000,0.0000,967.5672,990.7799
37.591,1,1,heuristic,-15.6370,59.0717,1.7281,0.1379,3.2326,3.2356,0.0765,1.7251,4.0000,-0.6248,1.6675,14.7428,-0.0005,3.0000,0.0000,0.0000,0,25.0733,935.3826,992.5339,963.9582,28.5756,0.0000,0.0000,935.3826,992.5339
37.641,1,1,heuristic,-15.6370,59.0717,1.7329,0.1379,3.2326,3.2356,0.1575,1.7268,4.0000,-0.6436,1.6675,14.5871,-0.0013,3.0000,0.0000,0.0000,0,25.0733,933.8153,988.1298,960.9726,27.1573,0.0000,0.0000,933.8153,988.1298
37.691,1,1,heuristic,-15.6341,59.2395,1.7376,0.1216,3.2314,3.2337,0.0740,1.7268,4.0000,-0.6436,1.6675,14.5871,-0.0061,3.0000,0.0000,0.0000,0,25.0733,973.1803,992.2941,982.7372,9.5569,0.0000,0.0000,973.1803,992.2941
37.741,1,1,heuristic,-15.6322,59.3979,1.7399,0.1054,3.2450,3.2467,0.1638,1.7285,4.0000,-0.6627,1.6675,14.4214,-0.0091,3.0000,0.0000,0.0000,0,25.0733,958.8115,991.9860,975.3987,16.5873,0.0000,0.0000,958.8115,991.9860
37.791,1,1,heuristic,-15.6310,59.5662,1.7457,0.0887,3.2434,3.2446,0.1645,1.7300,4.0000,-0.6800,1.6675,14.2649,-0.0099,3.0000,0.0000,0.0000,0,25.0733,978.4860,991.4676,984.9768,6.4908,0.0000,0.0000,978.4860,991.4676
37.841,1,1,heuristic,-15.6309,59.7251,1.7512,0.0717,3.2569,3.2577,0.1500,1.7316,4.0000,-0.6973,1.6675,14.0986,-0.0141,3.0000,0.0000,0.0000,0,25.0733,967.5846,983.6302,975.6074,8.0228,0.0000,0.0000,967.5846,983.6302
37.890,1,1,heuristic,-15.6309,59.7251,1.7523,0.0717,3.2569,3.2577,0.1573,1.7329,4.0000,-0.7129,1.6675,13.9414,-0.0183,3.0000,0.0000,0.0000,0,25.0733,967.5846,983.6302,975.6074,8.0228,0.0000,0.0000,967.5846,983.6302
37.940,1,1,heuristic,-15.6317,59.8940,1.7577,0.0543,3.2550,3.2554,0.1568,1.7329,4.0000,-0.7129,1.6675,13.9414,-0.0194,3.0000,0.0000,0.0000,0,25.0733,985.7626,986.6948,986.2287,0.4661,0.0000,0.0000,985.7626,986.6948
37.991,1,1,heuristic,-15.6333,60.0533,1.7618,0.0366,3.2678,3.2680,0.0465,1.7343,4.0000,-0.7284,1.6675,13.7743,-0.0233,3.0000,0.0000,0.0000,0,25.0733,985.4784,983.1355,984.3070,-1.1715,0.0000,0.0000,985.4784,983.1355
38.041,1,1,heuristic,-15.6333,60.0533,1.7659,0.0366,3.2678,3.2680,0.1442,1.7355,4.0000,-0.7421,1.6675,13.6165,-0.0264,3.0000,0.0000,0.0000,0,25.0733,985.4784,983.1355,984.3070,-1.1715,0.0000,0.0000,985.4784,983.1355
38.091,1,1,heuristic,-15.6361,60.2226,1.7698,0.0186,3.2653,3.2653,0.0213,1.7355,4.0000,-0.7421,1.6675,13.6165,-0.0304,3.0000,0.0000,0.0000,0,25.0733,977.0411,993.3918,985.2165,8.1754,0.0000,0.0000,977.0411,993.3918
38.141,1,1,heuristic,-15.6396,60.3824,1.7717,0.0001,3.2779,3.2779,0.0225,1.7368,4.0000,-0.7557,1.6675,13.4488,-0.0330,3.0000,0.0000,0.0000,0,25.0733,971.7461,993.0056,982.3758,10.6297,0.0000,0.0000,971.7461,993.0056
38.191,1,1,heuristic,-15.6444,60.5521,1.7763,-0.0182,3.2750,3.2751,0.1435,1.7377,4.0000,-0.7676,1.6675,13.2903,-0.0339,3.0000,0.0000,0.0000,0,25.0733,971.7461,993.0056,982.3758,10.6297,0.0000,0.0000,971.7461,993.0056
38.241,1,1,heuristic,-15.6444,60.5521,1.7789,-0.0182,3.2750,3.2751,0.0260,1.7388,4.0000,-0.7793,1.6675,13.1220,-0.0375,3.0000,0.0000,0.0000,0,25.0733,983.1104,991.2418,987.1761,4.0657,0.0000,0.0000,983.1104,991.2418
38.291,1,1,heuristic,-15.6444,60.5521,1.7789,-0.0182,3.2750,3.2751,0.0260,1.7388,4.0000,-0.7793,1.6675,13.1220,-0.0401,3.0000,0.0000,0.0000,0,25.0733,970.8882,982.3127,976.6004,5.7123,0.0000,0.0000,970.8882,982.3127
38.342,1,1,heuristic,-15.6497,60.7121,1.7807,-0.0369,3.2870,3.2872,0.1365,1.7396,4.0000,-0.7894,1.6675,12.9630,-0.0411,3.0000,0.0000,0.0000,0,25.0733,983.2019,988.1898,985.6958,2.4940,0.0000,0.0000,983.2019,988.1898
38.391,1,1,heuristic,-15.6563,60.8820,1.7850,-0.0549,3.2830,3.2834,0.1535,1.7396,4.0000,-0.7894,1.6675,12.9630,-0.0411,3.0000,0.0000,0.0000,0,25.0733,967.6011,990.9121,979.2566,11.6555,0.0000,0.0000,967.6011,990.9121
38.441,1,1,heuristic,-15.6563,60.8820,1.7875,-0.0549,3.2830,3.2834,0.1500,1.7405,4.0000,-0.7992,1.6675,12.7942,-0.0445,3.0000,0.0000,0.0000,0,25.0733,976.7194,976.0581,976.3887,-0.3307,0.0000,0.0000,976.7194,976.0581
38.491,1,1,heuristic,-15.6634,61.0422,1.7891,-0.0734,3.2937,3.2945,0.1635,1.7405,4.0000,-0.7992,1.6675,12.7942,-0.0469,3.0000,0.0000,0.0000,0,25.0733,971.7850,985.9712,978.8781,7.0931,0.0000,0.0000,971.7850,985.9712
38.541,1,1,heuristic,-15.6634,61.0422,1.7907,-0.0734,3.2937,3.2945,0.0143,1.7412,4.0000,-0.8077,1.6675,12.6350,-0.0479,3.0000,0.0000,0.0000,0,25.0733,986.1203,982.6907,984.4055,-1.7148,0.0000,0.0000,986.1203,982.6907
38.591,1,1,heuristic,-15.6718,61.2121,1.7931,-0.0911,3.2884,3.2896,-0.0010,1.7412,4.0000,-0.8077,1.6675,12.6350,-0.0495,3.0000,0.0000,0.0000,0,25.0733,981.6576,984.1082,982.8829,1.2253,0.0000,0.0000,981.6576,984.1082
38.640,1,1,heuristic,-15.6718,61.2121,1.7954,-0.0911,3.2884,3.2896,0.1505,1.7420,4.0000,-0.8157,1.6675,12.4659,-0.0511,3.0000,0.0000,0.0000,0,25.0733,979.0238,982.6380,980.8309,1.8071,0.0000,0.0000,979.0238,982.6380
38.691,1,1,heuristic,-15.6806,61.3722,1.7969,-0.1094,3.2980,3.2998,-0.0015,1.7420,4.0000,-0.8157,1.6675,12.4659,-0.0534,3.0000,0.0000,0.0000,0,25.0733,978.0031,975.9311,976.9671,-1.0360,0.0000,0.0000,978.0031,975.9311
38.740,1,1,heuristic,-15.6806,61.3722,1.7999,-0.1094,3.2980,3.2998,0.1445,1.7425,4.0000,-0.8224,1.6675,12.3065,-0.0545,3.0000,0.0000,0.0000,0,25.0733,977.4052,987.5196,982.4624,5.0572,0.0000,0.0000,977.4052,987.5196
38.791,1,1,heuristic,-15.6908,61.5421,1.8036,-0.1268,3.2918,3.2943,0.1405,1.7425,4.0000,-0.8224,1.6675,12.3065,-0.0574,3.0000,0.0000,0.0000,0,25.0733,977.4052,987.5196,982.4624,5.0572,0.0000,0.0000,977.4052,987.5196
38.841,1,1,heuristic,-15.7013,61.7022,1.8056,-0.1450,3.3006,3.3038,0.1532,1.7431,4.0000,-0.8287,1.6675,12.1372,-0.0605,3.0000,0.0000,0.0000,0,25.0733,984.8339,977.5503,981.1921,-3.6418,0.0000,0.0000,984.8339,977.5503
38.890,1,1,heuristic,-15.7132,61.8721,1.8091,-0.1620,3.2939,3.2979,0.1360,1.7435,4.0000,-0.8337,1.6675,11.9776,-0.0622,3.0000,0.0000,0.0000,0,25.0733,982.1328,984.0507,983.0917,0.9590,0.0000,0.0000,982.1328,984.0507
38.940,1,1,heuristic,-15.7253,62.0322,1.8116,-0.1799,3.3024,3.3073,-0.0298,1.7439,4.0000,-0.8382,1.6675,11.8081,-0.0651,3.0000,0.0000,0.0000,0,25.0733,980.1150,970.8572,975.4861,-4.6289,0.0000,0.0000,980.1150,970.8572
38.991,1,1,heuristic,-15.7390,62.2021,1.8148,-0.1965,3.2953,3.3012,-0.0120,1.7442,4.0000,-0.8417,1.6675,11.6482,-0.0675,3.0000,0.0000,0.0000,0,25.0733,974.3571,957.2777,965.8174,-8.5397,0.0000,0.0000,974.3571,957.2777
39.040,1,1,heuristic,-15.7526,62.3622,1.8173,-0.2140,3.3032,3.3101,0.1373,1.7445,4.0000,-0.8445,1.6675,11.4784,-0.0703,3.0000,0.0000,0.0000,0,25.0733,976.2809,974.2129,975.2469,-1.0340,0.0000,0.0000,976.2809,974.2129
39.090,1,1,heuristic,-15.7526,62.3622,1.8196,-0.2140,3.3032,3.3101,-0.0362,1.7446,4.0000,-0.8464,1.6675,11.3183,-0.0727,3.0000,0.0000,0.0000,0,25.0733,980.1370,962.5414,971.3392,-8.7978,0.0000,0.0000,980.1370,962.5414
39.141,1,1,heuristic,-15.7679,62.5319,1.8219,-0.2300,3.2952,3.3032,0.1240,1.7446,4.0000,-0.8464,1.6675,11.3183,-0.0751,3.0000,0.0000,0.0000,0,25.0733,983.6277,963.5964,973.6120,-10.0156,0.0000,0.0000,983.6277,963.5964
39.192,1,1,heuristic,-15.7830,62.6917,1.8230,-0.2470,3.3020,3.3112,-0.0323,1.7447,4.0000,-0.8475,1.6675,11.1486,-0.0771,3.0000,0.0000,0.0000,0,25.0733,977.5409,962.2648,969.9028,-7.6380,0.0000,0.0000,977.5409,962.2648
39.240,1,1,heuristic,-15.7830,62.6917,1.8251,-0.2470,3.3020,3.3112,0.1445,1.7447,4.0000,-0.8479,1.6675,10.9885,-0.0783,3.0000,0.0000,0.0000,0,25.0733,965.1898,967.0245,966.1071,0.9173,0.0000,0.0000,965.1898,967.0245
39.291,1,1,heuristic,-15.7999,62.8611,1.8277,-0.2624,3.2932,3.3036,0.1415,1.7447,4.0000,-0.8479,1.6675,10.9885,-0.0804,3.0000,0.0000,0.0000,0,25.0733,950.2670,945.4502,947.8586,-2.4084,0.0000,0.0000,950.2670,945.4502
39.340,1,1,heuristic,-15.8164,63.0206,1.8291,-0.2790,3.2992,3.3110,0.1373,1.7447,4.0000,-0.8475,1.6675,10.8188,-0.0830,3.0000,0.0000,0.0000,0,25.0733,976.5877,935.2900,955.9388,-20.6488,0.0000,0.0000,976.5877,935.2900
39.391,1,1,heuristic,-15.8347,63.1896,1.8310,-0.2936,3.2892,3.3023,-0.0663,1.7445,4.0000,-0.8464,1.6675,10.6588,-0.0846,3.0000,0.0000,0.0000,0,25.0733,972.2418,967.1111,969.6765,-2.5653,0.0000,0.0000,972.2418,967.1111
39.441,1,1,heuristic,-15.8526,63.3486,1.8328,-0.3095,3.2938,3.3083,0.1660,1.7445,4.0000,-0.8445,1.6675,10.4893,-0.0865,3.0000,0.0000,0.0000,0,25.0733,973.5508,965.7959,969.6733,-3.8774,0.0000,0.0000,973.5508,965.7959
39.491,1,1,heuristic,-15.8723,63.5171,1.8350,-0.3234,3.2832,3.2991,0.1500,1.7442,4.0000,-0.8421,1.6675,10.3296,-0.0886,3.0000,0.0000,0.0000,0,25.0733,980.4575,963.4294,971.9434,-8.5140,0.0000,0.0000,980.4575,963.4294
39.541,1,1,heuristic,-15.8916,63.6758,1.8369,-0.3389,3.2880,3.3054,0.1502,1.7440,4.0000,-0.8387,1.6675,10.1603,-0.0910,3.0000,0.0000,0.0000,0,25.0733,981.7028,958.5150,970.1089,-11.5939,0.0000,0.0000,981.7028,958.5150
39.591,1,1,heuristic,-15.8916,63.6758,1.8382,-0.3389,3.2880,3.3054,0.1385,1.7436,4.0000,-0.8349,1.6675,10.0007,-0.0934,3.0000,0.0000,0.0000,0,25.0733,972.4300,962.9460,967.6880,-4.7420,0.0000,0.0000,972.4300,962.9460
39.640,1,1,heuristic,-15.9127,63.8441,1.8399,-0.3523,3.2778,3.2966,0.1492,1.7436,4.0000,-0.8349,1.6675,10.0007,-0.0946,3.0000,0.0000,0.0000,0,25.0733,968.6463,916.2508,942.4485,-26.1977,0.0000,0.0000,968.6463,916.2508
39.691,1,1,heuristic,-15.9332,64.0027,1.8413,-0.3674,3.2827,3.3032,-0.0780,1.7432,4.0000,-0.8301,1.6675,9.8313,-0.0967,3.0000,0.0000,0.0000,0,25.0733,971.0057,887.8121,929.4089,-41.5968,0.0000,0.0000,971.0057,887.8121
39.740,1,1,heuristic,-15.9557,64.1705,1.8426,-0.3803,3.2717,3.2937,0.1552,1.7427,4.0000,-0.8250,1.6675,9.6717,-0.0986,3.0000,0.0000,0.0000,0,25.0733,974.3070,921.5677,947.9373,-26.3697,0.0000,0.0000,974.3070,921.5677
39.791,1,1,heuristic,-15.9557,64.1705,1.8436,-0.3803,3.2717,3.2937,0.1398,1.7422,4.0000,-0.8189,1.6675,9.5025,-0.1004,3.0000,0.0000,0.0000,0,25.0733,984.8312,925.6942,955.2627,-29.5685,0.0000,0.0000,984.8312,925.6942
39.841,1,1,heuristic,-15.9774,64.3282,1.8441,-0.3948,3.2745,3.2982,-0.0998,1.7422,4.0000,-0.8189,1.6675,9.5025,-0.1014,3.0000,0.0000,0.0000,0,25.0733,986.1019,919.3865,952.7442,-33.3577,0.0000,0.0000,986.1019,919.3865
39.891,1,1,heuristic,-16.0012,64.4952,1.8451,-0.4072,3.2618,3.2871,0.1188,1.7416,4.0000,-0.8125,1.6675,9.3435,-0.1025,3.0000,0.0000,0.0000,0,25.0733,982.7082,886.9827,934.8455,-47.8628,0.0000,0.0000,982.7082,886.9827
39.941,1,1,heuristic,-16.0242,64.6523,1.8462,-0.4216,3.2640,3.2911,0.1328,1.7410,4.0000,-0.8049,1.6675,9.1750,-0.1041,3.0000,0.0000,0.0000,0,25.0733,974.9381,952.0501,963.4941,-11.4440,0.0000,0.0000,974.9381,952.0501
39.991,1,1,heuristic,-16.0242,64.6523,1.8468,-0.4216,3.2640,3.2911,-0.1415,1.7403,4.0000,-0.7972,1.6675,9.0164,-0.1059,3.0000,0.0000,0.0000,0,25.0733,974.7547,950.9849,962.8698,-11.8849,0.0000,0.0000,974.7547,950.9849
40.040,1,1,heuristic,-16.0735,64.9751,1.8476,-0.4478,3.2529,3.2836,0.1393,1.7403,4.0000,-0.7972,1.6675,9.0164,-0.1065,3.0000,0.0000,0.0000,0,25.0733,984.7972,946.5659,965.6815,-19.1156,0.0000,0.0000,984.7972,946.5659
40.091,1,1,heuristic,-16.0735,64.9751,1.8478,-0.4478,3.2529,3.2836,-0.1035,1.7387,4.0000,-0.7793,1.6675,8.6900,-0.1089,3.0000,0.0000,0.0000,0,25.0733,963.2778,973.9416,968.6097,5.3319,0.0000,0.0000,963.2778,973.9416
40.141,1,1,heuristic,-16.0997,65.1411,1.8482,-0.4594,3.2408,3.2732,-0.1082,1.7387,4.0000,-0.7793,1.6675,8.6900,-0.1091,3.0000,0.0000,0.0000,0,25.0733,959.7261,955.7943,957.7602,-1.9659,0.0000,0.0000,959.7261,955.7943
40.191,1,1,heuristic,-16.0997,65.1411,1.8482,-0.4594,3.2408,3.2732,-0.1082,1.7379,4.0000,-0.7692,1.6675,8.5220,-0.1103,3.0000,0.0000,0.0000,0,25.0733,977.1701,970.5366,973.8533,-3.3167,0.0000,0.0000,977.1701,970.5366
40.241,1,1,heuristic,-16.1524,65.4633,1.8489,-0.4834,3.2332,3.2692,0.1398,1.7369,4.0000,-0.7591,1.6675,8.3636,-0.1117,3.0000,0.0000,0.0000,0,25.0733,946.4100,959.1863,952.7981,6.3881,0.0000,0.0000,946.4100,959.1863
40.291,1,1,heuristic,-16.1786,65.6196,1.8492,-0.4960,3.2377,3.2755,-0.1360,1.7360,4.0000,-0.7479,1.6675,8.1956,-0.1129,3.0000,0.0000,0.0000,0,25.0733,972.4491,972.2506,972.3499,-0.0993,0.0000,0.0000,972.4491,972.2506
40.341,1,1,heuristic,-16.1786,65.6196,1.8494,-0.4960,3.2377,3.2755,-0.1143,1.7349,4.0000,-0.7369,1.6675,8.0372,-0.1143,3.0000,0.0000,0.0000,0,25.0733,976.1880,956.7804,966.4842,-9.7038,0.0000,0.0000,976.1880,956.7804
40.391,1,1,heuristic,-16.2069,65.7853,1.8499,-0.5056,3.2276,3.2670,0.1540,1.7349,4.0000,-0.7369,1.6675,8.0372,-0.1145,3.0000,0.0000,0.0000,0,25.0733,984.7183,970.9834,977.8508,-6.8674,0.0000,0.0000,984.7183,970.9834
40.441,1,1,heuristic,-16.2340,65.9416,1.8501,-0.5175,3.2330,3.2741,-0.1247,1.7339,4.0000,-0.7248,1.6675,7.8691,-0.1160,3.0000,0.0000,0.0000,0,25.0733,969.4374,945.5786,957.5080,-11.9294,0.0000,0.0000,969.4374,945.5786
40.491,1,1,heuristic,-16.2633,66.1073,1.8506,-0.5265,3.2239,3.2666,-0.1183,1.7328,4.0000,-0.7129,1.6675,7.7106,-0.1173,3.0000,0.0000,0.0000,0,25.0733,971.6260,933.8161,952.7211,-18.9050,0.0000,0.0000,971.6260,933.8161
40.541,1,1,heuristic,-16.2913,66.2635,1.8510,-0.5380,3.2297,3.2743,0.1502,1.7316,4.0000,-0.6998,1.6675,7.5423,-0.1189,3.0000,0.0000,0.0000,0,25.0733,975.8879,894.4458,935.1668,-40.7210,0.0000,0.0000,975.8879,894.4458
40.591,1,1,heuristic,-16.3215,66.4289,1.8512,-0.5466,3.2202,3.2662,-0.1400,1.7304,4.0000,-0.6869,1.6675,7.3836,-0.1206,3.0000,0.0000,0.0000,0,25.0733,970.9585,923.5089,947.2337,-23.7248,0.0000,0.0000,970.9585,923.5089
40.641,1,1,heuristic,-16.3504,66.5845,1.8515,-0.5578,3.2246,3.2724,-0.1340,1.7292,4.0000,-0.6729,1.6675,7.2154,-0.1221,3.0000,0.0000,0.0000,0,25.0733,964.0146,877.3898,920.7022,-43.3124,0.0000,0.0000,964.0146,877.3898
40.691,1,1,heuristic,-16.3504,66.5845,1.8515,-0.5578,3.2246,3.2724,-0.1495,1.7279,4.0000,-0.6591,1.6675,7.0572,-0.1236,3.0000,0.0000,0.0000,0,25.0733,961.7109,907.8866,934.7987,-26.9122,0.0000,0.0000,961.7109,907.8866
40.741,1,1,heuristic,-16.3816,66.7493,1.8515,-0.5661,3.2134,3.2628,0.1415,1.7279,4.0000,-0.6591,1.6675,7.0572,-0.1237,3.0000,0.0000,0.0000,0,25.0733,981.5478,939.4997,960.5237,-21.0240,0.0000,0.0000,981.5478,939.4997
40.791,1,1,heuristic,-16.4113,66.9042,1.8515,-0.5769,3.2162,3.2675,-0.1537,1.7266,4.0000,-0.6440,1.6675,6.8895,-0.1250,3.0000,0.0000,0.0000,0,25.0733,973.3701,931.6725,952.5213,-20.8488,0.0000,0.0000,973.3701,931.6725
40.841,1,1,heuristic,-16.4113,66.9042,1.8513,-0.5769,3.2162,3.2675,0.1497,1.7252,4.0000,-0.6293,1.6675,6.7317,-0.1263,3.0000,0.0000,0.0000,0,25.0733,978.2840,954.4267,966.3553,-11.9286,0.0000,0.0000,978.2840,954.4267
40.891,1,1,heuristic,-16.4434,67.0684,1.8510,-0.5846,3.2044,3.2573,-0.1603,1.7252,4.0000,-0.6293,1.6675,6.7317,-0.1261,3.0000,0.0000,0.0000,0,25.0733,986.4804,909.0720,947.7762,-38.7042,0.0000,0.0000,986.4804,909.0720
40.940,1,1,heuristic,-16.4739,67.2230,1.8506,-0.5950,3.2078,3.2625,-0.1865,1.7238,4.0000,-0.6133,1.6675,6.5645,-0.1272,3.0000,0.0000,0.0000,0,25.0733,985.5884,806.1022,895.8453,-89.7431,0.0000,0.0000,985.5884,806.1022
40.991,1,1,heuristic,-16.5379,67.5412,1.8499,-0.6119,3.1999,3.2579,0.1485,1.7223,4.0000,-0.5979,1.6675,6.4069,-0.1282,3.0000,0.0000,0.0000,0,25.0733,978.2181,839.7422,908.9801,-69.2379,0.0000,0.0000,978.2181,839.7422
41.040,1,1,heuristic,-16.5379,67.5412,1.8493,-0.6119,3.1999,3.2579,-0.1958,1.7194,4.0000,-0.5648,1.6675,6.0823,-0.1306,3.0000,0.0000,0.0000,0,25.0733,979.9873,885.9245,932.9559,-47.0314,0.0000,0.0000,979.9873,885.9245
41.091,1,1,heuristic,-16.5715,67.7040,1.8482,-0.6186,3.1861,3.2456,0.1395,1.7194,4.0000,-0.5648,1.6675,6.0823,-0.1299,3.0000,0.0000,0.0000,0,25.0733,978.9898,921.6309,950.3103,-28.6794,0.0000,0.0000,978.9898,921.6309
41.140,1,1,heuristic,-16.6035,67.8569,1.8468,-0.6282,3.1861,3.2474,0.1348,1.7178,4.0000,-0.5471,1.6675,5.9161,-0.1304,3.0000,0.0000,0.0000,0,25.0733,989.4289,918.9894,954.2091,-35.2197,0.0000,0.0000,989.4289,918.9894
41.191,1,1,heuristic,-16.6378,68.0189,1.8455,-0.6346,3.1718,3.2347,-0.2225,1.7162,4.0000,-0.5301,1.6675,5.7599,-0.1306,3.0000,0.0000,0.0000,0,25.0733,972.1877,872.8164,922.5021,-49.6856,0.0000,0.0000,972.1877,872.8164
41.241,1,1,heuristic,-16.6705,68.1715,1.8437,-0.6439,3.1734,3.2381,-0.2165,1.7146,4.0000,-0.5115,1.6675,5.5944,-0.1309,3.0000,0.0000,0.0000,0,25.0733,972.1877,872.8164,922.5021,-49.6856,0.0000,0.0000,972.1877,872.8164
41.291,1,1,heuristic,-16.7056,68.3333,1.8419,-0.6499,3.1610,3.2271,-0.2360,1.7130,4.0000,-0.4937,1.6675,5.4383,-0.1307,3.0000,0.0000,0.0000,0,25.0733,961.3208,823.3713,892.3461,-68.9747,0.0000,0.0000,961.3208,823.3713
41.341,1,1,heuristic,-16.7389,68.4855,1.8403,-0.6588,3.1628,3.2307,0.1290,1.7113,4.0000,-0.4745,1.6675,5.2728,-0.1306,3.0000,0.0000,0.0000,0,25.0733,975.7149,880.8941,928.3045,-47.4104,0.0000,0.0000,975.7149,880.8941
41.391,1,1,heuristic,-16.7745,68.6464,1.8380,-0.6641,3.1493,3.2185,-0.2290,1.7095,4.0000,-0.4560,1.6675,5.1171,-0.1307,3.0000,0.0000,0.0000,0,25.0733,986.5193,923.8446,955.1820,-31.3373,0.0000,0.0000,986.5193,923.8446
41.440,1,1,heuristic,-16.8084,68.7978,1.8366,-0.6725,3.1503,3.2212,0.1227,1.7078,3.9619,-0.4361,1.6675,4.9524,-0.1303,3.0000,0.0000,0.0000,0,25.0733,980.6308,895.3924,938.0116,-42.6192,0.0000,0.0000,980.6308,895.3924
41.491,1,1,heuristic,-16.8084,68.7978,1.8346,-0.6725,3.1503,3.2212,-0.2380,1.7060,3.8379,-0.4170,1.6675,4.7973,-0.1306,3.0000,0.0000,0.0000,0,25.0733,982.2769,855.2515,918.7642,-63.5127,0.0000,0.0000,982.2769,855.2515
41.541,1,1,heuristic,-16.8447,68.9585,1.8319,-0.6773,3.1381,3.2104,0.1185,1.7060,3.8379,-0.4170,1.6675,4.7973,-0.1286,3.0000,0.0000,0.0000,0,25.0733,960.1289,883.1463,921.6376,-38.4913,0.0000,0.0000,960.1289,883.1463
41.591,1,1,heuristic,-16.8791,69.1098,1.8314,-0.6853,3.1413,3.2151,-0.2470,1.7042,3.7062,-0.3964,1.6675,4.6328,-0.1278,3.0000,0.0000,0.0000,0,25.0733,961.3900,841.0094,901.1997,-60.1903,0.0000,0.0000,961.3900,841.0094
41.641,1,1,heuristic,-16.9158,69.2703,1.8279,-0.6896,3.1301,3.2052,0.1198,1.7023,3.5821,-0.3768,1.6675,4.4777,-0.1290,3.0000,0.0000,0.0000,0,25.0733,952.2202,875.1433,913.6817,-38.5385,0.0000,0.0000,952.2202,875.1433
41.691,1,1,heuristic,-16.9506,69.4213,1.8255,-0.6967,3.1332,3.2097,-0.2553,1.7004,3.4506,-0.3557,1.6675,4.3132,-0.1275,3.0000,0.0000,0.0000,0,25.0733,952.2202,875.1433,913.6817,-38.5385,0.0000,0.0000,952.2202,875.1433
41.740,1,1,heuristic,-16.9506,69.4213,1.8235,-0.6967,3.1332,3.2097,-0.2722,1.6985,3.3268,-0.3356,1.6675,4.1585,-0.1269,3.0000,0.0000,0.0000,0,25.0733,944.3258,860.0975,902.2116,-42.1142,0.0000,0.0000,944.3258,860.0975
41.791,1,1,heuristic,-16.9877,69.5813,1.8204,-0.7000,3.1220,3.1995,-0.2600,1.6985,3.3268,-0.3356,1.6675,4.1585,-0.1250,3.0000,0.0000,0.0000,0,25.0733,941.5196,865.2724,903.3960,-38.1236,0.0000,0.0000,941.5196,865.2724
41.841,1,1,heuristic,-17.0228,69.7319,1.8183,-0.7060,3.1252,3.2040,-0.2590,1.6966,3.1955,-0.3142,1.6675,3.9944,-0.1238,3.0000,0.0000,0.0000,0,25.0733,941.5196,865.2724,903.3960,-38.1236,0.0000,0.0000,941.5196,865.2724
41.890,1,1,heuristic,-17.0600,69.8915,1.8151,-0.7081,3.1138,3.1933,-0.2712,1.6947,3.0720,-0.2938,1.6675,3.8400,-0.1236,3.0000,0.0000,0.0000,0,25.0733,980.2004,861.6068,920.9036,-59.2968,0.0000,0.0000,980.2004,861.6068
41.940,1,1,heuristic,-17.0952,70.0416,1.8124,-0.7131,3.1168,3.1973,0.1242,1.6927,2.9411,-0.2722,1.6675,3.6764,-0.1223,3.0000,0.0000,0.0000,0,25.0733,927.0670,840.5709,883.8189,-43.2481,0.0000,0.0000,927.0670,840.5709
41.990,1,1,heuristic,-17.0952,70.0416,1.8104,-0.7131,3.1168,3.1973,0.1232,1.6908,2.8180,-0.2516,1.6675,3.5225,-0.1215,3.0000,0.0000,0.0000,0,25.0733,927.0670,840.5709,883.8189,-43.2481,0.0000,0.0000,927.0670,840.5709
42.041,1,1,heuristic,-17.1326,70.2007,1.8068,-0.7144,3.1053,3.1864,0.1158,1.6908,2.8180,-0.2516,1.6675,3.5225,-0.1196,3.0000,0.0000,0.0000,0,25.0733,942.2566,832.3819,887.3193,-54.9374,0.0000,0.0000,942.2566,832.3819
42.091,1,1,heuristic,-17.1679,70.3503,1.8039,-0.7185,3.1073,3.1893,-0.2885,1.6888,2.6875,-0.2298,1.6675,3.3594,-0.1179,3.0000,0.0000,0.0000,0,25.0733,927.8810,849.9988,888.9399,-38.9411,0.0000,0.0000,927.8810,849.9988
42.141,1,1,heuristic,-17.2054,70.5085,1.8010,-0.7188,3.0945,3.1769,0.1385,1.6869,2.5649,-0.2091,1.6675,3.2061,-0.1170,3.0000,0.0000,0.0000,0,25.0733,924.3668,771.1599,847.7633,-76.6034,0.0000,0.0000,924.3668,771.1599
42.191,1,1,heuristic,-17.2407,70.6574,1.7979,-0.7222,3.0958,3.1789,-0.2995,1.6849,2.4351,-0.1871,1.6675,3.0439,-0.1161,3.0000,0.0000,0.0000,0,25.0733,863.1398,759.8629,811.5014,-51.6384,0.0000,0.0000,863.1398,759.8629
42.241,1,1,heuristic,-17.2407,70.6574,1.7979,-0.7222,3.0958,3.1789,-0.2995,1.6830,2.3131,-0.1663,1.6675,2.8914,-0.1150,3.0000,0.0000,0.0000,0,21.2237,795.5997,726.2842,760.9419,-34.6577,0.0000,0.0000,795.5997,726.2842
42.291,1,1,heuristic,-17.2781,70.8145,1.7909,-0.7217,3.0812,3.1646,-0.2995,1.2331,4.0000,-1.7587,1.0712,23.5844,-0.5618,3.0000,0.0000,0.0000,0,21.2237,819.7473,701.4146,760.5810,-59.1663,0.0000,0.0000,819.7473,701.4146
42.341,1,1,heuristic,-17.3132,70.9615,1.7901,-0.7236,3.0774,3.1613,0.1540,1.2236,4.0000,-1.6505,1.0712,23.4568,-0.5673,3.0000,0.0000,0.0000,0,21.2237,820.1178,662.2905,741.2041,-78.9137,0.0000,0.0000,820.1178,662.2905
42.391,1,1,heuristic,-17.3132,70.9615,1.7877,-0.7236,3.0774,3.1613,0.1173,1.2145,4.0000,-1.5493,1.0712,23.3380,-0.5757,3.0000,0.0000,0.0000,0,21.2237,757.3942,620.7975,689.0958,-68.2983,0.0000,0.0000,757.3942,620.7975
42.441,1,1,heuristic,-17.3501,71.1158,1.7835,-0.7210,3.0552,3.1391,0.1425,1.2145,4.0000,-1.5493,1.0712,23.3380,-0.5733,3.0000,0.0000,0.0000,0,21.2237,809.1097,510.9495,660.0296,-149.0801,0.0000,0.0000,809.1097,510.9495
42.490,1,1,heuristic,-17.3847,71.2593,1.7809,-0.7208,3.0423,3.1265,0.1285,1.2052,4.0000,-1.4430,1.0712,23.2137,-0.5784,3.0000,0.0000,0.0000,0,21.2237,918.9683,469.4693,694.2188,-224.7495,0.0000,0.0000,918.9683,469.4693
42.541,1,1,heuristic,-17.4212,71.4093,1.7763,-0.7169,3.0105,3.0947,0.0938,1.1963,4.0000,-1.3439,1.0712,23.0985,-0.5847,3.0000,0.0000,0.0000,0,21.2237,961.0782,415.3108,688.1945,-272.8837,0.0000,0.0000,961.0782,415.3108
42.591,1,1,heuristic,-17.4557,71.5486,1.7721,-0.7175,2.9891,3.0740,-0.3523,1.1872,4.0000,-1.2400,1.0712,22.9787,-0.5891,3.0000,0.0000,0.0000,0,21.2237,963.5460,317.9932,640.7696,-322.7764,0.0000,0.0000,963.5460,317.9932
42.640,1,1,heuristic,-17.4557,71.5486,1.7673,-0.7175,2.9891,3.0740,0.0715,1.1785,4.0000,-1.1429,1.0712,22.8680,-0.5936,3.0000,0.0000,0.0000,0,21.2237,988.5465,346.6110,667.5788,-320.9678,0.0000,0.0000,988.5465,346.6110
42.691,1,1,heuristic,-17.4928,71.6943,1.7602,-0.7167,2.9517,3.0375,0.0362,1.1785,4.0000,-1.1429,1.0712,22.8680,-0.5888,3.0000,0.0000,0.0000,0,21.2237,988.5465,346.6110,667.5788,-320.9678,0.0000,0.0000,988.5465,346.6110
42.741,1,1,heuristic,-17.5283,71.8296,1.7531,-0.7212,2.9248,3.0124,-0.4705,1.1695,4.0000,-1.0406,1.0712,22.7531,-0.5907,3.0000,0.0000,0.0000,0,21.2237,986.3920,196.4492,591.4206,-394.9714,0.0000,0.0000,986.3920,196.4492
42.790,1,1,heuristic,-17.5665,71.9710,1.7433,-0.7239,2.8839,2.9734,-0.5052,1.1608,4.0000,-0.9446,1.0712,22.6473,-0.5923,3.0000,0.0000,0.0000,0,21.2237,989.7438,272.8483,631.2961,-358.4478,0.0000,0.0000,989.7438,272.8483
42.841,1,1,heuristic,-17.6031,72.1025,1.7342,-0.7316,2.8548,2.9470,-0.0367,1.1517,4.0000,-0.8433,1.0712,22.5375,-0.5916,3.0000,0.0000,0.0000,0,21.2237,984.9829,299.8814,642.4321,-342.5508,0.0000,0.0000,984.9829,299.8814
42.891,1,1,heuristic,-17.6425,72.2398,1.7211,-0.7369,2.8122,2.9072,-0.5615,1.1429,4.0000,-0.7483,1.0712,22.4363,-0.5913,3.0000,0.0000,0.0000,0,21.2237,984.9829,299.8814,642.4321,-342.5508,0.0000,0.0000,984.9829,299.8814
42.940,1,1,heuristic,-17.6802,72.3680,1.7126,-0.7465,2.7839,2.8822,-0.0917,1.1337,4.0000,-0.6478,1.0712,22.3316,-0.5875,3.0000,0.0000,0.0000,0,21.2237,994.0627,152.2553,573.1590,-420.9037,0.0000,0.0000,994.0627,152.2553
42.991,1,1,heuristic,-17.7207,72.5029,1.6972,-0.7528,2.7458,2.8472,-0.6018,1.1248,4.0000,-0.5534,1.0712,22.2346,-0.5879,3.0000,0.0000,0.0000,0,21.2237,994.0627,152.2553,573.1590,-420.9037,0.0000,0.0000,994.0627,152.2553
43.040,1,1,heuristic,-17.7207,72.5029,1.6838,-0.7528,2.7458,2.8472,-0.1748,1.1153,4.0000,-0.4532,1.0712,22.1333,-0.5819,3.0000,0.0000,0.0000,0,21.2237,996.0266,48.4192,522.2229,-473.8037,0.0000,0.0000,996.0266,48.4192
43.091,1,1,heuristic,-17.7593,72.6287,1.6803,-0.7634,2.7210,2.8261,-0.6462,1.1153,4.0000,-0.4532,1.0712,22.1333,-0.5685,3.0000,0.0000,0.0000,0,21.2237,986.9531,56.4121,521.6826,-465.2705,0.0000,0.0000,986.9531,56.4121
43.141,1,1,heuristic,-17.8010,72.7607,1.6616,-0.7709,2.6845,2.7930,-0.6893,1.1063,4.0000,-0.3590,1.0712,22.0397,-0.5741,3.0000,0.0000,0.0000,0,21.2237,993.1020,33.3702,513.2361,-479.8659,0.0000,0.0000,993.1020,33.3702
43.191,1,1,heuristic,-17.8408,72.8838,1.6416,-0.7826,2.6604,2.7731,-0.7233,1.0967,4.0000,-0.2592,1.0712,21.9424,-0.5650,3.0000,0.0000,0.0000,0,21.2237,994.8542,83.1377,538.9959,-455.8583,0.0000,0.0000,994.8542,83.1377
43.242,1,1,heuristic,-17.8408,72.8838,1.6285,-0.7826,2.6604,2.7731,-0.7348,1.0875,4.0000,-0.1653,1.0712,21.8525,-0.5541,3.0000,0.0000,0.0000,0,21.2237,999.2029,32.4559,515.8294,-483.3735,0.0000,0.0000,999.2029,32.4559
43.291,1,1,heuristic,-17.8835,73.0133,1.6060,-0.7905,2.6263,2.7427,-0.7662,1.0875,4.0000,-0.1653,1.0712,21.8525,-0.5411,3.0000,0.0000,0.0000,0,21.2237,995.6380,97.5496,546.5938,-449.0442,0.0000,0.0000,995.6380,97.5496
43.341,1,1,heuristic,-17.9241,73.1347,1.5868,-0.8015,2.6068,2.7272,-0.2645,1.0777,4.0000,-0.0657,1.0712,21.7588,-0.5283,3.0000,0.0000,0.0000,0,21.2237,997.6508,204.9774,601.3141,-396.3367,0.0000,0.0000,997.6508,204.9774
43.391,1,1,heuristic,-17.9674,73.2630,1.5614,-0.8077,2.5789,2.7024,-0.8250,1.0684,4.0000,0.0280,1.0712,21.6716,-0.5183,3.0000,0.0000,0.0000,0,21.2237,979.8865,182.9815,581.4340,-398.4525,0.0000,0.0000,979.8865,182.9815
43.441,1,1,heuristic,-18.0080,73.3841,1.5458,-0.8154,2.5679,2.6943,-0.2943,1.0585,4.0000,0.1275,1.0712,21.5801,-0.5029,3.0000,0.0000,0.0000,0,21.2237,988.5710,130.0278,559.2994,-429.2716,0.0000,0.0000,988.5710,130.0278
43.491,1,1,heuristic,-18.0507,73.5132,1.5189,-0.8164,2.5507,2.6782,-0.8250,1.0492,4.0000,0.2212,1.0712,21.4940,-0.4966,3.0000,0.0000,0.0000,0,21.2237,996.3830,177.8199,587.1014,-409.2816,0.0000,0.0000,996.3830,177.8199
43.541,1,1,heuristic,-18.0507,73.5132,1.4969,-0.8164,2.5507,2.6782,-0.3108,1.0392,4.0000,0.3204,1.0712,21.4024,-0.4797,3.0000,0.0000,0.0000,0,21.2237,985.9263,171.8994,578.9129,-407.0135,0.0000,0.0000,985.9263,171.8994
43.591,1,1,heuristic,-18.0904,73.6352,1.4744,-0.8186,2.5490,2.6773,-0.8530,1.0392,4.0000,0.3204,1.0712,21.4024,-0.4577,3.0000,0.0000,0.0000,0,21.2237,995.3048,236.6053,615.9550,-379.3498,0.0000,0.0000,995.3048,236.6053
43.641,1,1,heuristic,-18.1318,73.7654,1.4516,-0.8142,2.5399,2.6672,-0.3220,1.0299,4.0000,0.4138,1.0712,21.3159,-0.4445,3.0000,0.0000,0.0000,0,21.2237,988.7383,208.3962,598.5672,-390.1710,0.0000,0.0000,988.7383,208.3962
43.691,1,1,heuristic,-18.1699,73.8890,1.4343,-0.8101,2.5470,2.6727,-0.8662,1.0200,4.0000,0.5125,1.0712,21.2236,-0.4316,3.0000,0.0000,0.0000,0,21.2237,993.3228,183.1016,588.2122,-405.1106,0.0000,0.0000,993.3228,183.1016
43.741,1,1,heuristic,-18.1699,73.8890,1.4227,-0.8101,2.5470,2.6727,-0.3143,1.0108,4.0000,0.6051,1.0712,21.1359,-0.4235,3.0000,0.0000,0.0000,0,21.2237,991.6774,99.3642,545.5208,-446.1566,0.0000,0.0000,991.6774,99.3642
43.791,1,1,heuristic,-18.2092,74.0213,1.4050,-0.7991,2.5465,2.6689,-0.3330,1.0108,4.0000,0.6051,1.0712,21.1359,-0.4118,3.0000,0.0000,0.0000,0,21.2237,988.3437,186.3237,587.3337,-401.0100,0.0000,0.0000,988.3437,186.3237
43.841,1,1,heuristic,-18.2452,74.1468,1.3754,-0.7892,2.5601,2.6790,-0.3377,1.0011,4.0000,0.7030,1.0712,21.0416,-0.4040,3.0000,0.0000,0.0000,0,21.2237,992.9391,232.8774,612.9083,-380.0308,0.0000,0.0000,992.9391,232.8774
43.890,1,1,heuristic,-18.2819,74.2811,1.3454,-0.7728,2.5646,2.6785,-0.3335,0.9921,4.0000,0.7947,1.0712,20.9520,-0.3834,3.0000,0.0000,0.0000,0,21.2237,985.6148,184.3906,585.0027,-400.6121,0.0000,0.0000,985.6148,184.3906
43.941,1,1,heuristic,-18.3150,74.4090,1.3150,-0.7559,2.5846,2.6928,-0.3533,0.9825,4.0000,0.8913,1.0712,20.8557,-0.3629,3.0000,0.0000,0.0000,0,21.2237,988.7544,251.8104,620.2824,-368.4720,0.0000,0.0000,988.7544,251.8104
43.991,1,1,heuristic,-18.3150,74.4090,1.3027,-0.7559,2.5846,2.6928,-0.8932,0.9738,4.0000,0.9816,1.0712,20.7634,-0.3412,3.0000,0.0000,0.0000,0,21.2237,992.7390,239.4217,616.0803,-376.6587,0.0000,0.0000,992.7390,239.4217
44.041,1,1,heuristic,-18.3150,74.4090,1.2905,-0.7559,2.5846,2.6928,-0.9045,0.9738,4.0000,0.9816,1.0712,20.7634,-0.3290,3.0000,0.0000,0.0000,0,21.2237,992.6728,260.5543,626.6135,-366.0593,0.0000,0.0000,992.6728,260.5543
44.090,1,1,heuristic,-18.3480,74.5462,1.2596,-0.7317,2.5954,2.6965,-0.3302,0.9738,4.0000,0.9816,1.0712,20.7634,-0.3167,3.0000,0.0000,0.0000,0,21.2237,992.6728,260.5543,626.6135,-366.0593,0.0000,0.0000,992.6728,260.5543
44.141,1,1,heuristic,-18.3771,74.6770,1.2350,-0.7064,2.6213,2.7149,-0.8922,0.9645,4.0000,1.0763,1.0712,20.6637,-0.2952,3.0000,0.0000,0.0000,0,21.2237,990.9869,330.7200,660.8534,-330.1334,0.0000,0.0000,990.9869,330.7200
44.191,1,1,heuristic,-18.4053,74.8174,1.2042,-0.6739,2.6372,2.7220,-0.8870,0.9561,4.0000,1.1645,1.0712,20.5677,-0.2788,3.0000,0.0000,0.0000,0,21.2237,993.7042,419.6439,706.6741,-287.0302,0.0000,0.0000,993.7042,419.6439
44.241,1,1,heuristic,-18.4294,74.9514,1.1795,-0.6393,2.6678,2.7434,-0.3380,0.9472,4.0000,1.2566,1.0712,20.4636,-0.2569,3.0000,0.0000,0.0000,0,21.2237,995.4667,410.9671,703.2169,-292.2498,0.0000,0.0000,995.4667,410.9671
44.290,1,1,heuristic,-18.4515,75.0955,1.1549,-0.5966,2.6885,2.7539,-0.8782,0.9393,4.0000,1.3418,1.0712,20.3632,-0.2401,3.0000,0.0000,0.0000,0,21.2237,976.7315,465.5721,721.1518,-255.5797,0.0000,0.0000,976.7315,465.5721
44.341,1,1,heuristic,-18.4690,75.2332,1.1243,-0.5503,2.7245,2.7795,-0.9025,0.9310,4.0000,1.4303,1.0712,20.2536,-0.2240,3.0000,0.0000,0.0000,0,21.2237,994.3299,446.7558,720.5429,-273.7871,0.0000,0.0000,994.3299,446.7558
44.391,1,1,heuristic,-18.4837,75.3812,1.0944,-0.4968,2.7490,2.7935,-0.8692,0.9237,4.0000,1.5116,1.0712,20.1474,-0.2006,3.0000,0.0000,0.0000,0,21.2237,986.6109,463.7919,725.2014,-261.4095,0.0000,0.0000,986.6109,463.7919
44.441,1,1,heuristic,-18.4940,75.5225,1.0648,-0.4401,2.7877,2.8223,-0.2712,0.9159,4.0000,1.5955,1.0712,20.0313,-0.1785,3.0000,0.0000,0.0000,0,21.2237,991.8144,493.1773,742.4959,-249.3186,0.0000,0.0000,991.8144,493.1773
44.490,1,1,heuristic,-18.5008,75.6741,1.0357,-0.3781,2.8133,2.8386,-0.2635,0.9093,4.0000,1.6721,1.0712,19.9189,-0.1555,3.0000,0.0000,0.0000,0,21.2237,992.6515,517.5854,755.1185,-237.5330,0.0000,0.0000,992.6515,517.5854
44.541,1,1,heuristic,-18.5008,75.6741,1.0183,-0.3781,2.8133,2.8386,-0.2350,0.9022,4.0000,1.7507,1.0712,19.7963,-0.1335,3.0000,0.0000,0.0000,0,21.2237,992.6515,517.5854,755.1185,-237.5330,0.0000,0.0000,992.6515,517.5854
44.590,1,1,heuristic,-18.5033,75.8185,1.0127,-0.3130,2.8524,2.8695,-0.8448,0.9022,4.0000,1.7507,1.0712,19.7963,-0.1161,3.0000,0.0000,0.0000,0,21.2237,989.4571,527.2244,758.3407,-231.1163,0.0000,0.0000,989.4571,527.2244
44.641,1,1,heuristic,-18.5016,75.9733,0.9841,-0.2438,2.8774,2.8877,-0.8407,0.8962,4.0000,1.8221,1.0712,19.6777,-0.1164,3.0000,0.0000,0.0000,0,21.2237,996.9568,580.0369,788.4969,-208.4599,0.0000,0.0000,996.9568,580.0369
44.691,1,1,heuristic,-18.4958,76.1205,0.9564,-0.1712,2.9153,2.9203,-0.8510,0.8898,4.0000,1.8947,1.0712,19.5485,-0.0942,3.0000,0.0000,0.0000,0,21.2237,984.0994,580.0562,782.0778,-202.0216,0.0000,0.0000,984.0994,580.0562
44.741,1,1,heuristic,-18.4958,76.1205,0.9397,-0.1712,2.9153,2.9203,-0.8235,0.8846,4.0000,1.9602,1.0712,19.4237,-0.0718,3.0000,0.0000,0.0000,0,21.2237,986.7381,639.4966,813.1173,-173.6207,0.0000,0.0000,986.7381,639.4966
44.791,1,1,heuristic,-18.4851,76.2780,0.9075,-0.0955,2.9378,2.9394,-0.8373,0.8846,4.0000,1.9602,1.0712,19.4237,-0.0551,3.0000,0.0000,0.0000,0,21.2237,990.7385,713.6274,852.1829,-138.5555,0.0000,0.0000,990.7385,713.6274
44.841,1,1,heuristic,-18.4705,76.4274,0.8917,-0.0159,2.9727,2.9727,-0.1913,0.8790,4.0000,2.0262,1.0712,19.2879,-0.0285,3.0000,0.0000,0.0000,0,21.2237,998.2918,678.2653,838.2785,-160.0132,0.0000,0.0000,998.2918,678.2653
44.891,1,1,heuristic,-18.4500,76.5869,0.8606,0.0663,2.9918,2.9925,-0.1685,0.8745,4.0000,2.0850,1.0712,19.1569,-0.0172,3.0000,0.0000,0.0000,0,21.2237,998.8588,757.7742,878.3165,-120.5423,0.0000,0.0000,998.8588,757.7742
44.941,1,1,heuristic,-18.4259,76.7381,0.8356,0.1533,3.0232,3.0271,-0.1615,0.8696,4.0000,2.1434,1.0712,19.0144,0.0090,3.0000,0.0000,0.0000,0,21.2237,990.0878,756.5975,873.3426,-116.7451,0.0000,0.0000,990.0878,756.5975
44.991,1,1,heuristic,-18.3952,76.8991,0.8208,0.2410,3.0381,3.0477,-0.1285,0.8659,4.0000,2.1947,1.0712,18.8770,0.0303,3.0000,0.0000,0.0000,0,21.2237,990.0878,756.5975,873.3426,-116.7451,0.0000,0.0000,990.0878,756.5975
45.041,1,1,heuristic,-18.3614,77.0514,0.7970,0.3336,3.0651,3.0832,-0.1308,0.8620,4.0000,2.2449,1.0712,18.7279,0.0412,3.0000,0.0000,0.0000,0,21.2237,995.1947,735.8901,865.5424,-129.6523,0.0000,0.0000,995.1947,735.8901
45.091,1,1,heuristic,-18.3205,77.2133,0.7782,0.4242,3.0745,3.1037,-0.7672,0.8591,4.0000,2.2882,1.0712,18.5843,0.0621,3.0000,0.0000,0.0000,0,21.2237,997.6449,820.2477,908.9463,-88.6986,0.0000,0.0000,997.6449,820.2477
45.141,1,1,heuristic,-18.2774,77.3658,0.7558,0.5186,3.0952,3.1384,-0.7612,0.8560,4.0000,2.3298,1.0712,18.4291,0.0778,3.0000,0.0000,0.0000,0,21.2237,979.0774,777.6383,878.3578,-100.7195,0.0000,0.0000,979.0774,777.6383
45.191,1,1,heuristic,-18.2774,77.3658,0.7424,0.5186,3.0952,3.1384,-0.7478,0.8538,4.0000,2.3651,1.0712,18.2804,0.0981,3.0000,0.0000,0.0000,0,21.2237,995.5738,780.9683,888.2710,-107.3028,0.0000,0.0000,995.5738,780.9683
45.241,1,1,heuristic,-18.2269,77.5275,0.7339,0.6094,3.0981,3.1575,-0.0897,0.8538,4.0000,2.3651,1.0712,18.2804,0.1115,3.0000,0.0000,0.0000,0,21.2237,982.1346,870.8086,926.4716,-55.6630,0.0000,0.0000,982.1346,870.8086
45.291,1,1,heuristic,-18.1749,77.6796,0.7127,0.7040,3.1120,3.1907,-0.0698,0.8515,4.0000,2.3982,1.0712,18.1200,0.1176,3.0000,0.0000,0.0000,0,21.2237,985.7314,918.6802,952.2058,-33.5256,0.0000,0.0000,985.7314,918.6802
45.341,1,1,heuristic,-18.1749,77.6796,0.7044,0.7040,3.1120,3.1907,-0.0568,0.8500,4.0000,2.4254,1.0712,17.9667,0.1374,3.0000,0.0000,0.0000,0,21.2237,986.8386,955.1884,971.0135,-15.8251,0.0000,0.0000,986.8386,955.1884
45.391,1,1,heuristic,-18.1147,77.8404,0.6882,0.7946,3.1083,3.2083,-0.7050,0.8500,4.0000,2.4254,1.0712,17.9667,0.1457,3.0000,0.0000,0.0000,0,21.2237,994.3473,927.9073,961.1273,-33.2200,0.0000,0.0000,994.3473,927.9073
45.441,1,1,heuristic,-18.1147,77.8404,0.6762,0.7946,3.1083,3.2083,-0.7077,0.8484,4.0000,2.4496,1.0712,17.8016,0.1603,3.0000,0.0000,0.0000,0,21.2237,992.3973,916.4346,954.4160,-37.9814,0.0000,0.0000,992.3973,916.4346
45.491,1,1,heuristic,-18.0533,77.9916,0.6649,0.8917,3.1163,3.2414,-0.6847,0.8484,4.0000,2.4496,1.0712,17.8016,0.1723,3.0000,0.0000,0.0000,0,21.2237,990.3642,922.9008,956.6325,-33.7317,0.0000,0.0000,990.3642,922.9008
45.541,1,1,heuristic,-17.9833,78.1510,0.6501,0.9827,3.1065,3.2582,-0.0092,0.8478,4.0000,2.4681,1.0712,17.6436,0.1829,3.0000,0.0000,0.0000,0,21.2237,991.1917,973.4736,982.3327,-8.8591,0.0000,0.0000,991.1917,973.4736
45.591,1,1,heuristic,-17.9130,78.3004,0.6358,1.0788,3.1076,3.2895,-0.6658,0.8470,4.0000,2.4830,1.0712,17.4739,0.1969,3.0000,0.0000,0.0000,0,21.2237,984.7741,979.4157,982.0949,-2.6792,0.0000,0.0000,984.7741,979.4157
45.641,1,1,heuristic,-17.9130,78.3004,0.6253,1.0788,3.1076,3.2895,-0.6618,0.8471,4.0000,2.4929,1.0712,17.3123,0.2113,3.0000,0.0000,0.0000,0,21.2237,995.5519,933.7601,964.6560,-30.8959,0.0000,0.0000,995.5519,933.7601
45.691,1,1,heuristic,-17.8339,78.4577,0.6088,1.1674,3.0911,3.3042,-0.6495,0.8471,4.0000,2.4929,1.0712,17.3123,0.2217,3.0000,0.0000,0.0000,0,21.2237,991.0793,963.6137,977.3465,-13.7328,0.0000,0.0000,991.0793,963.6137
45.741,1,1,heuristic,-17.7554,78.6048,0.6023,1.2609,3.0857,3.3334,-0.6360,0.8470,4.0000,2.4988,1.0712,17.1390,0.2382,3.0000,0.0000,0.0000,0,21.2237,977.4692,960.2392,968.8542,-8.6150,0.0000,0.0000,977.4692,960.2392
45.791,1,1,heuristic,-17.6681,78.7594,0.5867,1.3446,3.0630,3.3451,0.0685,0.8477,4.0000,2.5004,1.0712,16.9743,0.2454,3.0000,0.0000,0.0000,0,21.2237,975.5844,982.0359,978.8102,3.2258,0.0000,0.0000,975.5844,982.0359
45.841,1,1,heuristic,-17.6681,78.7594,0.5867,1.3446,3.0630,3.3451,0.0685,0.8483,4.0000,2.4978,1.0712,16.7984,0.2616,3.0000,0.0000,0.0000,0,21.2237,983.3467,988.2100,985.7783,2.4316,0.0000,0.0000,983.3467,988.2100
45.891,1,1,heuristic,-17.5823,78.9036,0.5687,1.4331,3.0513,3.3711,-0.6265,0.8483,4.0000,2.4978,1.0712,16.7984,0.2736,3.0000,0.0000,0.0000,0,21.2237,983.0774,979.4159,981.2467,-1.8308,0.0000,0.0000,983.0774,979.4159
45.941,1,1,heuristic,-17.4876,79.0549,0.5549,1.5109,3.0232,3.3797,-0.6118,0.8496,4.0000,2.4916,1.0712,16.6316,0.2809,3.0000,0.0000,0.0000,0,21.2237,981.8079,971.2162,976.5121,-5.2959,0.0000,0.0000,981.8079,971.2162
45.991,1,1,heuristic,-17.3951,79.1960,0.5441,1.5941,3.0064,3.4029,0.1055,0.8508,4.0000,2.4809,1.0712,16.4538,0.2959,3.0000,0.0000,0.0000,0,21.2237,981.8200,979.8314,980.8257,-0.9943,0.0000,0.0000,981.8200,979.8314
46.041,1,1,heuristic,-17.3951,79.1960,0.5365,1.5941,3.0064,3.4029,0.1260,0.8526,4.0000,2.4673,1.0712,16.2855,0.3084,3.0000,0.0000,0.0000,0,21.2237,986.3972,974.6232,980.5102,-5.8870,0.0000,0.0000,986.3972,974.6232
46.090,1,1,heuristic,-17.2937,79.3439,0.5238,1.6651,2.9738,3.4082,0.1517,0.8526,4.0000,2.4673,1.0712,16.2855,0.3161,3.0000,0.0000,0.0000,0,21.2237,994.7636,996.2248,995.4942,0.7306,0.0000,0.0000,994.7636,996.2248
46.140,1,1,heuristic,-17.1954,79.4815,0.5141,1.7416,2.9524,3.4278,-0.5840,0.8543,4.0000,2.4492,1.0712,16.1065,0.3305,3.0000,0.0000,0.0000,0,21.2237,964.4441,988.7630,976.6035,12.1594,0.0000,0.0000,964.4441,988.7630
46.191,1,1,heuristic,-17.0883,79.6256,0.5049,1.8055,2.9161,3.4298,0.1358,0.8566,4.0000,2.4288,1.0712,15.9375,0.3424,3.0000,0.0000,0.0000,0,21.2237,966.1468,988.5855,977.3661,11.2193,0.0000,0.0000,966.1468,988.5855
46.241,1,1,heuristic,-16.9848,79.7595,0.4959,1.8754,2.8908,3.4459,-0.5525,0.8588,4.0000,2.4038,1.0712,15.7580,0.3539,3.0000,0.0000,0.0000,0,21.2237,933.3329,980.2569,956.7949,23.4620,0.0000,0.0000,933.3329,980.2569
46.291,1,1,heuristic,-16.9848,79.7595,0.4873,1.8754,2.8908,3.4459,0.1832,0.8615,4.0000,2.3771,1.0712,15.5887,0.3656,3.0000,0.0000,0.0000,0,21.2237,933.3329,980.2569,956.7949,23.4620,0.0000,0.0000,933.3329,980.2569
46.341,1,1,heuristic,-16.8727,79.8994,0.4770,1.9317,2.8507,3.4436,-0.5563,0.8615,4.0000,2.3771,1.0712,15.5887,0.3742,3.0000,0.0000,0.0000,0,21.2237,944.5302,975.3986,959.9644,15.4342,0.0000,0.0000,944.5302,975.3986
46.391,1,1,heuristic,-16.7650,80.0291,0.4711,1.9939,2.8213,3.4548,0.1852,0.8642,4.0000,2.3457,1.0712,15.4095,0.3872,3.0000,0.0000,0.0000,0,21.2237,963.3644,983.4074,973.3859,10.0215,0.0000,0.0000,963.3644,983.4074
46.441,1,1,heuristic,-16.7650,80.0291,0.4711,1.9939,2.8213,3.4548,0.1852,0.8672,4.0000,2.3133,1.0712,15.2410,0.3961,3.0000,0.0000,0.0000,0,21.2237,876.5660,956.2049,916.3854,39.8195,0.0000,0.0000,876.5660,956.2049
46.490,1,1,heuristic,-16.5375,80.2902,0.4562,2.0974,2.7460,3.4554,0.2050,0.8702,4.0000,2.2762,1.0712,15.0629,0.4047,3.0000,0.0000,0.0000,0,21.2237,911.4653,991.4669,951.4661,40.0008,0.0000,0.0000,911.4653,991.4669
46.541,1,1,heuristic,-16.5375,80.2902,0.4511,2.0974,2.7460,3.4554,0.2230,0.8736,4.0000,2.2387,1.0712,14.8954,0.4174,3.0000,0.0000,0.0000,0,21.2237,893.7561,977.6603,935.7082,41.9521,0.0000,0.0000,893.7561,977.6603
46.591,1,1,heuristic,-16.4178,80.4213,0.4426,2.1384,2.7008,3.4448,0.2170,0.8736,4.0000,2.2387,1.0712,14.8954,0.4225,3.0000,0.0000,0.0000,0,21.2237,893.7561,977.6603,935.7082,41.9521,0.0000,0.0000,893.7561,977.6603
46.640,1,1,heuristic,-16.3035,80.5427,0.4380,2.1867,2.6666,3.4486,0.2162,0.8770,4.0000,2.1964,1.0712,14.7187,0.4344,3.0000,0.0000,0.0000,0,21.2237,800.8441,985.2791,893.0616,92.2175,0.0000,0.0000,800.8441,985.2791
46.690,1,1,heuristic,-16.1810,80.6693,0.4303,2.2208,2.6200,3.4346,0.2582,0.8807,4.0000,2.1543,1.0712,14.5529,0.4428,3.0000,0.0000,0.0000,0,21.2237,845.8274,986.3311,916.0792,70.2519,0.0000,0.0000,845.8274,986.3311
46.741,1,1,heuristic,-16.0645,80.7863,0.4248,2.2620,2.5834,3.4338,-0.4915,0.8845,4.0000,2.1073,1.0712,14.3780,0.4541,3.0000,0.0000,0.0000,0,21.2237,815.3999,955.8892,885.6446,70.2447,0.0000,0.0000,815.3999,955.8892
46.791,1,1,heuristic,-16.0645,80.7863,0.4197,2.2620,2.5834,3.4338,0.2935,0.8884,4.0000,2.0611,1.0712,14.2145,0.4637,3.0000,0.0000,0.0000,0,21.2237,901.4676,981.8013,941.6345,40.1669,0.0000,0.0000,901.4676,981.8013
46.841,1,1,heuristic,-15.9399,80.9079,0.4139,2.2887,2.5346,3.4151,-0.4795,0.8884,4.0000,2.0611,1.0712,14.2145,0.4687,3.0000,0.0000,0.0000,0,21.2237,796.9949,979.3800,888.1874,91.1926,0.0000,0.0000,796.9949,979.3800
46.891,1,1,heuristic,-15.8217,81.0204,0.4107,2.3237,2.4965,3.4106,0.3000,0.8924,4.0000,2.0101,1.0712,14.0424,0.4786,3.0000,0.0000,0.0000,0,21.2237,686.9949,976.1017,831.5483,144.5534,0.0000,0.0000,686.9949,976.1017
46.941,1,1,heuristic,-15.6952,81.1375,0.4050,2.3452,2.4476,3.3898,0.3372,0.8967,4.0000,1.9602,1.0712,13.8815,0.4860,3.0000,0.0000,0.0000,0,21.2237,673.9624,991.5831,832.7728,158.8103,0.0000,0.0000,673.9624,991.5831
46.991,1,1,heuristic,-15.5757,81.2455,0.4034,2.3744,2.4080,3.3817,0.3432,0.9010,4.0000,1.9053,1.0712,13.7120,0.4960,3.0000,0.0000,0.0000,0,21.2237,628.7395,978.7810,803.7603,175.0208,0.0000,0.0000,628.7395,978.7810
47.041,1,1,heuristic,-15.4486,81.3573,0.3998,2.3881,2.3563,3.3549,-0.4273,0.9055,4.0000,1.8520,1.0712,13.5541,0.5021,3.0000,0.0000,0.0000,0,21.2237,593.9042,983.3377,788.6209,194.7167,0.0000,0.0000,593.9042,983.3377
47.091,1,1,heuristic,-15.3289,81.4600,0.3974,2.4094,2.3132,3.3401,-0.4105,0.9100,4.0000,1.7941,1.0712,13.3887,0.5102,3.0000,0.0000,0.0000,0,21.2237,593.9042,983.3377,788.6209,194.7167,0.0000,0.0000,593.9042,983.3377
47.141,1,1,heuristic,-15.3289,81.4600,0.3961,2.4094,2.3132,3.3401,0.4098,0.9146,4.0000,1.7382,1.0712,13.2351,0.5173,3.0000,0.0000,0.0000,0,21.2237,558.7275,996.8382,777.7828,219.0553,0.0000,0.0000,558.7275,996.8382
47.191,1,1,heuristic,-15.2020,81.5662,0.3959,2.4155,2.2590,3.3072,0.4475,0.9146,4.0000,1.7382,1.0712,13.2351,0.5185,3.0000,0.0000,0.0000,0,21.2237,558.7275,996.8382,777.7828,219.0553,0.0000,0.0000,558.7275,996.8382
47.241,1,1,heuristic,-15.0826,81.6638,0.3961,2.4301,2.2137,3.2872,0.4525,0.9193,4.0000,1.6777,1.0712,13.0745,0.5234,3.0000,0.0000,0.0000,0,21.2237,526.5779,982.9116,754.7448,228.1668,0.0000,0.0000,526.5779,982.9116
47.291,1,1,heuristic,-14.9560,81.7645,0.3972,2.4307,2.1585,3.2508,-0.3295,0.9241,4.0000,1.6196,1.0712,12.9255,0.5281,3.0000,0.0000,0.0000,0,21.2237,573.0972,989.3477,781.2224,208.1252,0.0000,0.0000,573.0972,989.3477
47.341,1,1,heuristic,-14.8371,81.8571,0.3996,2.4403,2.1123,3.2275,-0.3063,0.9291,4.0000,1.5568,1.0712,12.7698,0.5318,3.0000,0.0000,0.0000,0,21.2237,575.4513,988.6993,782.0753,206.6240,0.0000,0.0000,575.4513,988.6993
47.391,1,1,heuristic,-14.7111,81.9527,0.4036,2.4369,2.0578,3.1895,-0.2775,0.9340,4.0000,1.4967,1.0712,12.6253,0.5344,3.0000,0.0000,0.0000,0,21.2237,483.8671,994.3840,739.1256,255.2584,0.0000,0.0000,483.8671,994.3840
47.440,1,1,heuristic,-14.5923,82.0408,0.4075,2.4441,2.0132,3.1665,0.5495,0.9392,4.0000,1.4319,1.0712,12.4744,0.5356,3.0000,0.0000,0.0000,0,21.2237,434.8866,964.3785,699.6326,264.7460,0.0000,0.0000,434.8866,964.3785
47.491,1,1,heuristic,-14.4667,82.1318,0.4133,2.4384,1.9607,3.1289,-0.2587,0.9445,4.0000,1.3699,1.0712,12.3341,0.5370,3.0000,0.0000,0.0000,0,21.2237,417.1558,963.9198,690.5378,273.3820,0.0000,0.0000,417.1558,963.9198
47.541,1,1,heuristic,-14.4667,82.1318,0.4189,2.4384,1.9607,3.1289,0.5993,0.9499,4.0000,1.3032,1.0712,12.1876,0.5366,3.0000,0.0000,0.0000,0,21.2237,436.1372,981.2942,708.7157,272.5785,0.0000,0.0000,436.1372,981.2942
47.591,1,1,heuristic,-14.3489,82.2153,0.4204,2.4415,1.9165,3.1039,-0.2115,0.9499,4.0000,1.3032,1.0712,12.1876,0.5310,3.0000,0.0000,0.0000,0,21.2237,443.2810,981.7956,712.5383,269.2573,0.0000,0.0000,443.2810,981.7956
47.640,1,1,heuristic,-14.3489,82.2153,0.4270,2.4415,1.9165,3.1039,0.6178,0.9554,4.0000,1.2399,1.0712,12.0519,0.5350,3.0000,0.0000,0.0000,0,21.2237,522.1806,965.6865,743.9335,221.7530,0.0000,0.0000,522.1806,965.6865
47.690,1,1,heuristic,-14.2245,82.3016,0.4365,2.4318,1.8649,3.0646,0.6438,0.9554,4.0000,1.2399,1.0712,12.0519,0.5284,3.0000,0.0000,0.0000,0,21.2237,412.3917,973.9444,693.1680,280.7763,0.0000,0.0000,412.3917,973.9444
47.741,1,1,heuristic,-14.1075,82.3811,0.4443,2.4331,1.8230,3.0403,-0.1748,0.9611,4.0000,1.1720,1.0712,11.9105,0.5246,3.0000,0.0000,0.0000,0,21.2237,327.2477,989.3224,658.2850,331.0373,0.0000,0.0000,327.2477,989.3224
47.791,1,1,heuristic,-13.9835,82.4636,0.4581,2.4235,1.7760,3.0045,-0.1550,0.9668,4.0000,1.1073,1.0712,11.7790,0.5224,3.0000,0.0000,0.0000,0,21.2237,407.2215,984.0580,695.6398,288.4183,0.0000,0.0000,407.2215,984.0580
47.841,1,1,heuristic,-13.8670,82.5397,0.4655,2.4242,1.7376,2.9826,0.7053,0.9728,4.0000,1.0380,1.0712,11.6413,0.5146,3.0000,0.0000,0.0000,0,21.2237,331.2839,993.9192,662.6016,331.3176,0.0000,0.0000,331.2839,993.9192
47.891,1,1,heuristic,-13.7437,82.6185,0.4788,2.4134,1.6933,2.9481,-0.1180,0.9787,4.0000,0.9721,1.0712,11.5135,0.5132,3.0000,0.0000,0.0000,0,21.2237,304.2299,994.4897,649.3598,345.1299,0.0000,0.0000,304.2299,994.4897
47.941,1,1,heuristic,-13.6279,82.6912,0.4903,2.4134,1.6577,2.9279,0.7645,0.9849,4.0000,0.9017,1.0712,11.3800,0.5061,3.0000,0.0000,0.0000,0,21.2237,261.2453,984.1798,622.7126,361.4672,0.0000,0.0000,261.2453,984.1798
47.991,1,1,heuristic,-13.5054,82.7666,0.5055,2.4018,1.6162,2.8949,0.7835,0.9911,4.0000,0.8349,1.0712,11.2558,0.5008,3.0000,0.0000,0.0000,0,21.2237,329.1217,972.0698,650.5957,321.4740,0.0000,0.0000,329.1217,972.0698
48.041,1,1,heuristic,-13.3905,82.8361,0.5187,2.4003,1.5824,2.8750,-0.0525,0.9975,4.0000,0.7635,1.0712,11.1262,0.4920,3.0000,0.0000,0.0000,0,21.2237,240.2735,979.9847,610.1291,369.8556,0.0000,0.0000,240.2735,979.9847
48.091,1,1,heuristic,-13.3905,82.8361,0.5325,2.4003,1.5824,2.8750,0.8295,1.0038,4.0000,0.6959,1.0712,11.0060,0.4851,3.0000,0.0000,0.0000,0,21.2237,336.1694,964.8309,650.5002,314.3308,0.0000,0.0000,336.1694,964.8309
48.141,1,1,heuristic,-13.2690,82.9083,0.5435,2.3874,1.5437,2.8430,0.8480,1.0038,4.0000,0.6959,1.0712,11.0060,0.4713,3.0000,0.0000,0.0000,0,21.2237,336.1694,964.8309,650.5002,314.3308,0.0000,0.0000,336.1694,964.8309
48.191,1,1,heuristic,-13.1549,82.9751,0.5546,2.3853,1.5131,2.8247,-0.0457,1.0105,4.0000,0.6238,1.0712,10.8803,0.4671,3.0000,0.0000,0.0000,0,21.2237,301.5940,983.2908,642.4424,340.8484,0.0000,0.0000,301.5940,983.2908
48.241,1,1,heuristic,-13.1549,82.9751,0.5660,2.3853,1.5131,2.8247,-0.0178,1.0170,4.0000,0.5557,1.0712,10.7635,0.4624,3.0000,0.0000,0.0000,0,21.2237,376.3557,987.7095,682.0326,305.6769,0.0000,0.0000,376.3557,987.7095
48.291,1,1,heuristic,-13.0342,83.0448,0.5823,2.3726,1.4788,2.7957,0.8478,1.0170,4.0000,0.5557,1.0712,10.7635,0.4510,3.0000,0.0000,0.0000,0,21.2237,425.7146,983.0771,704.3959,278.6812,0.0000,0.0000,425.7146,983.0771
48.341,1,1,heuristic,-12.9205,83.1098,0.5982,2.3719,1.4539,2.7820,0.0085,1.0239,4.0000,0.4831,1.0712,10.6410,0.4416,3.0000,0.0000,0.0000,0,21.2237,453.5631,988.9676,721.2653,267.7023,0.0000,0.0000,453.5631,988.9676
48.391,1,1,heuristic,-12.7996,83.1785,0.6193,2.3624,1.4272,2.7600,-0.0045,1.0305,4.0000,0.4144,1.0712,10.5267,0.4323,3.0000,0.0000,0.0000,0,21.2237,415.2287,993.6773,704.4530,289.2243,0.0000,0.0000,415.2287,993.6773
48.440,1,1,heuristic,-12.6853,83.2433,0.6364,2.3662,1.4118,2.7553,0.8928,1.0376,4.0000,0.3413,1.0712,10.4059,0.4183,3.0000,0.0000,0.0000,0,21.2237,345.8097,990.2121,668.0109,322.2012,0.0000,0.0000,345.8097,990.2121
48.491,1,1,heuristic,-12.6853,83.2433,0.6537,2.3662,1.4118,2.7553,-0.0010,1.0444,4.0000,0.2720,1.0712,10.2923,0.4080,3.0000,0.0000,0.0000,0,21.2237,299.5614,989.6551,644.6083,345.0468,0.0000,0.0000,299.5614,989.6551
48.541,1,1,heuristic,-12.5636,83.3121,0.6666,2.3608,1.3940,2.7417,0.0097,1.0444,4.0000,0.2720,1.0712,10.2923,0.3907,3.0000,0.0000,0.0000,0,21.2237,296.0717,987.3170,641.6944,345.6226,0.0000,0.0000,296.0717,987.3170
48.591,1,1,heuristic,-12.4488,83.3768,0.6801,2.3671,1.3847,2.7423,0.0003,1.0516,4.0000,0.1981,1.0712,10.1719,0.3850,3.0000,0.0000,0.0000,0,21.2237,281.3348,998.6056,639.9702,358.6354,0.0000,0.0000,281.3348,998.6056
48.641,1,1,heuristic,-12.4488,83.3768,0.6936,2.3671,1.3847,2.7423,0.0092,1.0585,4.0000,0.1283,1.0712,10.0591,0.3784,3.0000,0.0000,0.0000,0,21.2237,373.9723,993.7521,683.8622,309.8899,0.0000,0.0000,373.9723,993.7521
48.691,1,1,heuristic,-12.3269,83.4451,0.7214,2.3626,1.3705,2.7313,0.9345,1.0585,4.0000,0.1283,1.0712,10.0591,0.3649,3.0000,0.0000,0.0000,0,21.2237,430.3501,995.6583,713.0042,282.6541,0.0000,0.0000,430.3501,995.6583
48.740,1,1,heuristic,-12.2117,83.5095,0.7397,2.3700,1.3648,2.7349,0.0253,1.0659,4.0000,0.0540,1.0712,9.9400,0.3445,3.0000,0.0000,0.0000,0,21.2237,458.9897,982.6011,720.7954,261.8057,0.0000,0.0000,458.9897,982.6011
48.791,1,1,heuristic,-12.0889,83.5785,0.7591,2.3682,1.3572,2.7295,0.9385,1.0728,4.0000,-0.0162,1.0712,9.8282,0.3332,3.0000,0.0000,0.0000,0,21.2237,404.3264,977.1466,690.7365,286.4101,0.0000,0.0000,404.3264,977.1466
48.840,1,1,heuristic,-11.9726,83.6445,0.7777,2.3791,1.3607,2.7408,0.0112,1.0802,4.0000,-0.0909,1.0712,9.7092,0.3212,3.0000,0.0000,0.0000,0,21.2237,404.3264,977.1466,690.7365,286.4101,0.0000,0.0000,404.3264,977.1466
48.891,1,1,heuristic,-11.8488,83.7155,0.7972,2.3797,1.3618,2.7418,0.9577,1.0872,4.0000,-0.1614,1.0712,9.5965,0.3095,3.0000,0.0000,0.0000,0,21.2237,364.6544,982.6077,673.6311,308.9767,0.0000,0.0000,364.6544,982.6077
48.941,1,1,heuristic,-11.8488,83.7155,0.8113,2.3797,1.3618,2.7418,0.9663,1.0946,4.0000,-0.2361,1.0712,9.4764,0.2973,3.0000,0.0000,0.0000,0,21.2237,515.3227,984.7033,750.0130,234.6903,0.0000,0.0000,515.3227,984.7033
48.991,1,1,heuristic,-11.7318,83.7834,0.8306,2.3912,1.3721,2.7569,0.0305,1.0946,4.0000,-0.2361,1.0712,9.4764,0.2833,3.0000,0.0000,0.0000,0,21.2237,515.3227,984.7033,750.0130,234.6903,0.0000,0.0000,515.3227,984.7033
49.041,1,1,heuristic,-11.6074,83.8566,0.8498,2.3913,1.3793,2.7606,0.9515,1.1014,4.0000,-0.3063,1.0712,9.3629,0.2709,3.0000,0.0000,0.0000,0,21.2237,532.7907,990.4500,761.6203,228.8297,0.0000,0.0000,532.7907,990.4500
49.091,1,1,heuristic,-11.4899,83.9272,0.8741,2.4027,1.3978,2.7797,0.9525,1.1087,4.0000,-0.3804,1.0712,9.2418,0.2589,3.0000,0.0000,0.0000,0,21.2237,606.0032,996.8867,801.4450,195.4418,0.0000,0.0000,606.0032,996.8867
49.141,1,1,heuristic,-11.3650,84.0041,0.8927,2.4027,1.4140,2.7879,0.0070,1.1154,4.0000,-0.4497,1.0712,9.1268,0.2413,3.0000,0.0000,0.0000,0,21.2237,572.2153,984.8263,778.5208,206.3055,0.0000,0.0000,572.2153,984.8263
49.191,1,1,heuristic,-11.3650,84.0041,0.9122,2.4027,1.4140,2.7879,0.9453,1.1225,4.0000,-0.5225,1.0712,9.0035,0.2298,3.0000,0.0000,0.0000,0,21.2237,586.7883,987.9896,787.3890,200.6007,0.0000,0.0000,586.7883,987.9896
49.241,1,1,heuristic,-11.2470,84.0787,0.9259,2.4138,1.4420,2.8117,0.9315,1.1225,4.0000,-0.5225,1.0712,9.0035,0.2103,3.0000,0.0000,0.0000,0,21.2237,517.5505,972.0836,744.8170,227.2665,0.0000,0.0000,517.5505,972.0836
49.290,1,1,heuristic,-11.1217,84.1601,0.9445,2.4130,1.4667,2.8238,-0.0190,1.1289,4.0000,-0.5904,1.0712,8.8860,0.2030,3.0000,0.0000,0.0000,0,21.2237,518.3471,992.2020,755.2746,236.9274,0.0000,0.0000,518.3471,992.2020
49.341,1,1,heuristic,-11.0037,84.2387,0.9630,2.4220,1.5007,2.8493,0.9243,1.1357,4.0000,-0.6614,1.0712,8.7599,0.1912,3.0000,0.0000,0.0000,0,21.2237,582.0247,986.0818,784.0533,202.0286,0.0000,0.0000,582.0247,986.0818
49.391,1,1,heuristic,-11.0037,84.2387,0.9768,2.4220,1.5007,2.8493,0.9383,1.1419,4.0000,-0.7273,1.0712,8.6400,0.1789,3.0000,0.0000,0.0000,0,21.2237,654.0112,977.2606,815.6359,161.6247,0.0000,0.0000,654.0112,977.2606
49.441,1,1,heuristic,-10.8786,84.3241,0.9904,2.4186,1.5290,2.8614,-0.0380,1.1419,4.0000,-0.7273,1.0712,8.6400,0.1651,3.0000,0.0000,0.0000,0,21.2237,657.4311,982.5115,819.9713,162.5402,0.0000,0.0000,657.4311,982.5115
49.491,1,1,heuristic,-10.7609,84.4070,1.0085,2.4253,1.5685,2.8883,0.9198,1.1484,4.0000,-0.7961,1.0712,8.5118,0.1581,3.0000,0.0000,0.0000,0,21.2237,761.8747,990.8667,876.3707,114.4960,0.0000,0.0000,761.8747,990.8667
49.540,1,1,heuristic,-10.7609,84.4070,1.0263,2.4253,1.5685,2.8883,-0.0630,1.1542,4.0000,-0.8598,1.0712,8.3895,0.1458,3.0000,0.0000,0.0000,0,21.2237,716.1136,987.9709,852.0422,135.9286,0.0000,0.0000,716.1136,987.9709
49.591,1,1,heuristic,-10.6363,84.4978,1.0482,2.4197,1.6042,2.9031,0.9022,1.1542,4.0000,-0.8598,1.0712,8.3895,0.1280,3.0000,0.0000,0.0000,0,21.2237,697.8257,981.1793,839.5025,141.6768,0.0000,0.0000,697.8257,981.1793
49.641,1,1,heuristic,-10.5190,84.5864,1.0653,2.4242,1.6526,2.9339,-0.0993,1.1604,4.0000,-0.9257,1.0712,8.2580,0.1122,3.0000,0.0000,0.0000,0,21.2237,630.2879,988.2538,809.2709,178.9829,0.0000,0.0000,630.2879,988.2538
49.691,1,1,heuristic,-10.3952,84.6835,1.0779,2.4158,1.6956,2.9515,0.9110,1.1658,4.0000,-0.9861,1.0712,8.1320,0.1005,3.0000,0.0000,0.0000,0,21.2237,693.4691,989.6633,841.5662,148.0971,0.0000,0.0000,693.4691,989.6633
49.741,1,1,heuristic,-10.2790,84.7775,1.0944,2.4165,1.7481,2.9824,-0.1040,1.1714,4.0000,-1.0483,1.0712,7.9964,0.0935,3.0000,0.0000,0.0000,0,21.2237,767.6041,995.5504,881.5773,113.9732,0.0000,0.0000,767.6041,995.5504
49.791,1,1,heuristic,-10.2790,84.7775,1.1027,2.4165,1.7481,2.9824,0.8902,1.1764,4.0000,-1.1053,1.0712,7.8673,0.0819,3.0000,0.0000,0.0000,0,21.2237,726.8311,984.7321,855.7816,128.9505,0.0000,0.0000,726.8311,984.7321
49.841,1,1,heuristic,-10.1567,84.8802,1.1232,2.4039,1.7934,2.9992,0.8832,1.1764,4.0000,-1.1053,1.0712,7.8673,0.0737,3.0000,0.0000,0.0000,0,21.2237,748.1946,991.1493,869.6719,121.4774,0.0000,0.0000,748.1946,991.1493
49.891,1,1,heuristic,-10.0421,84.9797,1.1348,2.4003,1.8494,3.0301,0.8880,1.1816,4.0000,-1.1635,1.0712,7.7286,0.0584,3.0000,0.0000,0.0000,0,21.2237,834.6684,984.9258,909.7971,75.1287,0.0000,0.0000,834.6684,984.9258
49.941,1,1,heuristic,-10.0421,84.9797,1.1466,2.4003,1.8494,3.0301,0.8603,1.1861,4.0000,-1.2163,1.0712,7.5963,0.0513,3.0000,0.0000,0.0000,0,21.2237,849.8192,991.5600,920.6896,70.8704,0.0000,0.0000,849.8192,991.5600
49.990,1,1,heuristic,-9.9217,85.0885,1.1656,2.3836,1.8979,3.0469,0.8678,1.1861,4.0000,-1.2163,1.0712,7.5963,0.0395,3.0000,0.0000,0.0000,0,21.2237,938.3386,979.3232,958.8309,20.4923,0.0000,0.0000,938.3386,979.3232
50.041,1,1,heuristic,-9.8091,85.1941,1.1731,2.3758,1.9584,3.0789,0.8668,1.1908,4.0000,-1.2700,1.0712,7.4541,0.0252,3.0000,0.0000,0.0000,0,21.2237,964.3930,986.9841,975.6885,11.2955,0.0000,0.0000,964.3930,986.9841
50.091,1,1,heuristic,-9.8091,85.1941,1.1877,2.3758,1.9584,3.0789,-0.1600,1.1947,4.0000,-1.3182,1.0712,7.3182,0.0216,3.0000,0.0000,0.0000,0,21.2237,958.8584,979.1318,968.9951,10.1367,0.0000,0.0000,958.8584,979.1318
50.141,1,1,heuristic,-9.6910,85.3098,1.2018,2.3551,2.0116,3.0972,0.8247,1.1947,4.0000,-1.3182,1.0712,7.3182,0.0071,3.0000,0.0000,0.0000,0,21.2237,977.5687,974.6268,976.0977,-1.4709,0.0000,0.0000,977.5687,974.6268
50.192,1,1,heuristic,-9.5808,85.4222,1.2086,2.3430,2.0776,3.1315,-0.2000,1.1989,4.0000,-1.3665,1.0712,7.1717,-0.0029,3.0000,0.0000,0.0000,0,21.2237,892.4270,996.7679,944.5975,52.1704,0.0000,0.0000,892.4270,996.7679
50.241,1,1,heuristic,-9.5808,85.4222,1.2086,2.3430,2.0776,3.1315,-0.2000,1.2022,4.0000,-1.4093,1.0712,7.0316,-0.0064,3.0000,0.0000,0.0000,0,21.2237,933.5856,967.4876,950.5366,16.9510,0.0000,0.0000,933.5856,967.4876
50.291,1,1,heuristic,-9.4655,85.5448,1.2283,2.3181,2.1335,3.1505,0.8160,1.2022,4.0000,-1.4093,1.0712,7.0316,-0.0064,3.0000,0.0000,0.0000,0,21.2237,852.5228,988.2305,920.3767,67.8538,0.0000,0.0000,852.5228,988.2305
50.341,1,1,heuristic,-9.4655,85.5448,1.2345,2.3181,2.1335,3.1505,-0.2323,1.2058,4.0000,-1.4519,1.0712,6.8810,-0.0225,3.0000,0.0000,0.0000,0,21.2237,783.3634,990.2609,886.8122,103.4487,0.0000,0.0000,783.3634,990.2609
50.391,1,1,heuristic,-9.3582,85.6629,1.2407,2.3014,2.1990,3.1831,-0.2315,1.2058,4.0000,-1.4519,1.0712,6.8810,-0.0288,3.0000,0.0000,0.0000,0,21.2237,715.7001,997.6876,856.6938,140.9938,0.0000,0.0000,715.7001,997.6876
50.441,1,1,heuristic,-9.3582,85.6629,1.2529,2.3014,2.1990,3.1831,0.7990,1.2086,4.0000,-1.4894,1.0712,6.7377,-0.0321,3.0000,0.0000,0.0000,0,21.2237,732.1256,987.1076,859.6166,127.4910,0.0000,0.0000,732.1256,987.1076
50.491,1,1,heuristic,-9.2461,85.7903,1.2647,2.2723,2.2491,3.1972,-0.2122,1.2086,4.0000,-1.4894,1.0712,6.7377,-0.0443,3.0000,0.0000,0.0000,0,21.2237,702.3472,980.5670,841.4571,139.1099,0.0000,0.0000,702.3472,980.5670
50.541,1,1,heuristic,-9.1420,85.9117,1.2707,2.2517,2.3053,3.2225,0.8040,1.2117,4.0000,-1.5268,1.0712,6.5849,-0.0530,3.0000,0.0000,0.0000,0,21.2237,790.9294,991.9064,891.4179,100.4885,0.0000,0.0000,790.9294,991.9064
50.590,1,1,heuristic,-9.1420,85.9117,1.2825,2.2517,2.3053,3.2225,-0.2335,1.2142,4.0000,-1.5601,1.0712,6.4408,-0.0564,3.0000,0.0000,0.0000,0,21.2237,803.1996,999.0322,901.1159,97.9163,0.0000,0.0000,803.1996,999.0322
50.641,1,1,heuristic,-9.0333,86.0420,1.2969,2.2194,2.3452,3.2289,-0.2343,1.2142,4.0000,-1.5601,1.0712,6.4408,-0.0683,3.0000,0.0000,0.0000,0,21.2237,850.3012,975.5433,912.9222,62.6211,0.0000,0.0000,850.3012,975.5433
50.691,1,1,heuristic,-8.9325,86.1663,1.3059,2.1953,2.3943,3.2484,-0.2345,1.2171,4.0000,-1.5930,1.0712,6.2877,-0.0798,3.0000,0.0000,0.0000,0,21.2237,816.7000,994.4064,905.5532,88.8532,0.0000,0.0000,816.7000,994.4064
50.741,1,1,heuristic,-8.8275,86.3000,1.3201,2.1601,2.4298,3.2512,-0.2335,1.2193,4.0000,-1.6219,1.0712,6.1431,-0.0866,3.0000,0.0000,0.0000,0,21.2237,786.9905,970.1222,878.5564,91.5659,0.0000,0.0000,786.9905,970.1222
50.791,1,1,heuristic,-8.7303,86.4276,1.3289,2.1330,2.4755,3.2677,-0.2667,1.2218,4.0000,-1.6500,1.0712,5.9892,-0.0983,3.0000,0.0000,0.0000,0,21.2237,816.4472,982.7424,899.5948,83.1476,0.0000,0.0000,816.4472,982.7424
50.841,1,1,heuristic,-8.7303,86.4276,1.3373,2.1330,2.4755,3.2677,-0.2553,1.2236,4.0000,-1.6742,1.0712,5.8438,-0.1052,3.0000,0.0000,0.0000,0,21.2237,767.6176,986.4151,877.0163,109.3988,0.0000,0.0000,767.6176,986.4151
50.890,1,1,heuristic,-8.6292,86.5644,1.3513,2.0953,2.5065,3.2669,-0.2500,1.2236,4.0000,-1.6742,1.0712,5.8438,-0.1137,3.0000,0.0000,0.0000,0,21.2237,811.8403,982.6808,897.2605,85.4202,0.0000,0.0000,811.8403,982.6808
50.940,1,1,heuristic,-8.5358,86.6945,1.3568,2.0657,2.5470,3.2793,-0.2597,1.2257,4.0000,-1.6974,1.0712,5.6895,-0.1256,3.0000,0.0000,0.0000,0,21.2237,855.5619,987.0914,921.3267,65.7648,0.0000,0.0000,855.5619,987.0914
50.991,1,1,heuristic,-8.4386,86.8337,1.3706,2.0261,2.5731,3.2750,0.8123,1.2272,4.0000,-1.7172,1.0712,5.5441,-0.1296,3.0000,0.0000,0.0000,0,21.2237,839.6415,992.2797,915.9606,76.3191,0.0000,0.0000,839.6415,992.2797
51.041,1,1,heuristic,-8.3490,86.9663,1.3841,1.9946,2.6110,3.2856,0.7910,1.2290,4.0000,-1.7357,1.0712,5.3899,-0.1416,3.0000,0.0000,0.0000,0,21.2237,839.6415,992.2797,915.9606,76.3191,0.0000,0.0000,839.6415,992.2797
51.091,1,1,heuristic,-8.3490,86.9663,1.3895,1.9946,2.6110,3.2856,0.7923,1.2301,4.0000,-1.7509,1.0712,5.2443,-0.1540,3.0000,0.0000,0.0000,0,21.2237,883.0309,953.2661,918.1485,35.1176,0.0000,0.0000,883.0309,953.2661
51.140,1,1,heuristic,-8.2559,87.1085,1.4001,1.9537,2.6357,3.2808,-0.2690,1.2301,4.0000,-1.7509,1.0712,5.2443,-0.1594,3.0000,0.0000,0.0000,0,21.2237,987.5980,969.3735,978.4857,-9.1123,0.0000,0.0000,987.5980,969.3735
51.191,1,1,heuristic,-8.1701,87.2440,1.4106,1.9204,2.6730,3.2914,0.8017,1.2314,4.0000,-1.7645,1.0712,5.0896,-0.1687,3.0000,0.0000,0.0000,0,21.2237,987.5980,969.3735,978.4857,-9.1123,0.0000,0.0000,987.5980,969.3735
51.241,1,1,heuristic,-8.1701,87.2440,1.4106,1.9204,2.6730,3.2914,0.8017,1.2321,3.9549,-1.7749,1.0712,4.9436,-0.1785,3.0000,0.0000,0.0000,0,21.2237,913.8468,978.7702,946.3085,32.4617,0.0000,0.0000,913.8468,978.7702
51.290,1,1,heuristic,-8.0813,87.3898,1.4233,1.8778,2.6992,3.2881,-0.3128,1.2321,3.9549,-1.7749,1.0712,4.9436,-0.1785,3.0000,0.0000,0.0000,0,21.2237,965.9317,964.5374,965.2346,-0.6972,0.0000,0.0000,965.9317,964.5374
51.341,1,1,heuristic,-8.0813,87.3898,1.4307,1.8778,2.6992,3.2881,0.7780,1.2329,3.8303,-1.7830,1.0712,4.7878,-0.1904,3.0000,0.0000,0.0000,0,21.2237,973.5144,979.3129,976.4137,2.8993,0.0000,0.0000,973.5144,979.3129
51.391,1,1,heuristic,-7.9997,87.5291,1.4355,1.8424,2.7398,3.3016,-0.3270,1.2329,3.8303,-1.7830,1.0712,4.7878,-0.1978,3.0000,0.0000,0.0000,0,21.2237,966.7179,884.6624,925.6901,-41.0278,0.0000,0.0000,966.7179,884.6624
51.441,1,1,heuristic,-7.9997,87.5291,1.4402,1.8424,2.7398,3.3016,-0.3257,1.2330,3.7123,-1.7880,1.0712,4.6403,-0.2025,3.0000,0.0000,0.0000,0,21.2237,966.7179,884.6624,925.6901,-41.0278,0.0000,0.0000,966.7179,884.6624
51.491,1,1,heuristic,-7.9154,87.6788,1.4517,1.7980,2.7676,3.3004,0.7485,1.2330,3.7123,-1.7880,1.0712,4.6403,-0.2072,3.0000,0.0000,0.0000,0,21.2237,980.2536,975.7417,977.9976,-2.2559,0.0000,0.0000,980.2536,975.7417
51.541,1,1,heuristic,-7.8382,87.8213,1.4581,1.7600,2.8081,3.3141,-0.3580,1.2333,3.5866,-1.7902,1.0712,4.4832,-0.2184,3.0000,0.0000,0.0000,0,21.2237,933.9648,984.0526,959.0087,25.0439,0.0000,0.0000,933.9648,984.0526
51.591,1,1,heuristic,-7.8382,87.8213,1.4665,1.7600,2.8081,3.3141,0.7442,1.2329,3.4679,-1.7897,1.0712,4.3348,-0.2252,3.0000,0.0000,0.0000,0,21.2237,891.5671,968.2117,929.8894,38.3223,0.0000,0.0000,891.5671,968.2117
51.641,1,1,heuristic,-7.7586,87.9744,1.4744,1.7141,2.8353,3.3131,-0.3525,1.2329,3.4679,-1.7897,1.0712,4.3348,-0.2336,3.0000,0.0000,0.0000,0,21.2237,904.0194,961.2074,932.6134,28.5940,0.0000,0.0000,904.0194,961.2074
51.690,1,1,heuristic,-7.6856,88.1202,1.4783,1.6757,2.8758,3.3284,0.7380,1.2326,3.3415,-1.7862,1.0712,4.1768,-0.2418,3.0000,0.0000,0.0000,0,21.2237,929.1677,985.1176,957.1426,27.9749,0.0000,0.0000,929.1677,985.1176
51.741,1,1,heuristic,-7.6856,88.1202,1.4860,1.6757,2.8758,3.3284,-0.3640,1.2318,3.2221,-1.7805,1.0712,4.0276,-0.2465,3.0000,0.0000,0.0000,0,21.2237,941.2275,921.6416,931.4346,-9.7930,0.0000,0.0000,941.2275,921.6416
51.791,1,1,heuristic,-7.6102,88.2763,1.4950,1.6306,2.9009,3.3278,-0.3728,1.2318,3.2221,-1.7805,1.0712,4.0276,-0.2542,3.0000,0.0000,0.0000,0,21.2237,864.1780,967.6093,915.8937,51.7156,0.0000,0.0000,864.1780,967.6093
51.840,1,1,heuristic,-7.5410,88.4247,1.5008,1.5925,2.9389,3.3426,-0.3825,1.2311,3.0953,-1.7719,1.0712,3.8691,-0.2640,3.0000,0.0000,0.0000,0,21.2237,864.1780,967.6093,915.8937,51.7156,0.0000,0.0000,864.1780,967.6093
51.890,1,1,heuristic,-7.4698,88.5830,1.5094,1.5481,2.9599,3.3403,-0.3977,1.2298,2.9758,-1.7615,1.0712,3.7197,-0.2709,3.0000,0.0000,0.0000,0,21.2237,818.4098,968.8707,893.6403,75.2304,0.0000,0.0000,818.4098,968.8707
51.941,1,1,heuristic,-7.4044,88.7327,1.5149,1.5107,2.9920,3.3518,-0.3977,1.2287,2.8493,-1.7482,1.0712,3.5617,-0.2807,3.0000,0.0000,0.0000,0,21.2237,774.7555,923.7878,849.2716,74.5161,0.0000,0.0000,774.7555,923.7878
51.990,1,1,heuristic,-7.3370,88.8919,1.5234,1.4678,3.0058,3.3450,-0.4000,1.2272,2.7308,-1.7338,1.0712,3.4135,-0.2877,3.0000,0.0000,0.0000,0,21.2237,746.4398,954.7865,850.6132,104.1734,0.0000,0.0000,746.4398,954.7865
52.041,1,1,heuristic,-7.2752,89.0416,1.5324,1.4319,3.0284,3.3498,-0.3990,1.2258,2.6059,-1.7167,1.0712,3.2574,-0.2976,3.0000,0.0000,0.0000,0,21.2237,808.1830,987.0182,897.6006,89.4176,0.0000,0.0000,808.1830,987.0182
52.090,1,1,heuristic,-7.2752,89.0416,1.5396,1.4319,3.0284,3.3498,0.7740,1.2242,2.4897,-1.6993,1.0712,3.1122,-0.3083,3.0000,0.0000,0.0000,0,21.2237,892.4849,925.3449,908.9149,16.4300,0.0000,0.0000,892.4849,925.3449
52.141,1,1,heuristic,-7.2113,89.2001,1.5486,1.3911,3.0322,3.3361,-0.3932,1.2242,2.4897,-1.6993,1.0712,3.1122,-0.3154,3.0000,0.0000,0.0000,0,21.2237,879.9180,891.9793,885.9486,6.0307,0.0000,0.0000,879.9180,891.9793
52.191,1,1,heuristic,-7.1528,89.3496,1.5578,1.3569,3.0487,3.3370,-0.3857,1.2227,2.3681,-1.6794,1.0712,2.9601,-0.3260,3.0000,0.0000,0.0000,0,21.2237,811.1715,903.1006,857.1361,45.9645,0.0000,0.0000,811.1715,903.1006
52.241,1,1,heuristic,-7.0926,89.5084,1.5665,1.3169,3.0497,3.3218,-0.4173,1.2209,2.2548,-1.6592,1.0712,2.8185,-0.3369,3.0000,0.0000,0.0000,0,20.5292,861.5859,811.5299,836.5579,-25.0280,0.0000,0.0000,861.5859,811.5299
52.291,1,1,heuristic,-7.0378,89.6579,1.5721,1.2821,3.0628,3.3203,-0.4100,0.8105,4.0000,-2.4231,0.5934,21.7858,-0.7559,3.0000,0.0000,0.0000,0,20.5292,838.4433,784.4233,811.4333,-27.0100,0.0000,0.0000,838.4433,784.4233
52.341,1,1,heuristic,-6.9816,89.8160,1.5804,1.2418,3.0584,3.3009,-0.3990,0.8025,4.0000,-2.3298,0.5934,21.6473,-0.7696,3.0000,0.0000,0.0000,0,20.5292,804.9621,856.9880,830.9750,26.0130,0.0000,0.0000,804.9621,856.9880
52.390,1,1,heuristic,-6.9305,89.9644,1.5856,1.2062,3.0651,3.2939,-0.4487,0.7943,4.0000,-2.2301,0.5934,21.5025,-0.7861,3.0000,0.0000,0.0000,0,20.5292,776.1867,799.3921,787.7894,11.6027,0.0000,0.0000,776.1867,799.3921
52.441,1,1,heuristic,-6.8783,90.1213,1.5934,1.1657,3.0556,3.2704,-0.4430,0.7862,4.0000,-2.1356,0.5934,21.3682,-0.7995,3.0000,0.0000,0.0000,0,20.5292,882.6118,689.3921,786.0019,-96.6099,0.0000,0.0000,882.6118,689.3921
52.490,1,1,heuristic,-6.8309,90.2686,1.6014,1.1303,3.0580,3.2602,-0.4453,0.7779,4.0000,-2.0347,0.5934,21.2279,-0.8155,3.0000,0.0000,0.0000,0,20.5292,983.7124,579.3921,781.5523,-202.1602,0.0000,0.0000,983.7124,579.3921
52.541,1,1,heuristic,-6.8309,90.2686,1.6072,1.1303,3.0580,3.2602,0.7133,0.7696,4.0000,-1.9392,0.5934,21.0978,-0.8317,3.0000,0.0000,0.0000,0,20.5292,995.5106,531.5041,763.5073,-232.0032,0.0000,0.0000,995.5106,531.5041
52.591,1,1,heuristic,-6.7829,90.4241,1.6136,1.0888,3.0445,3.2334,-0.5360,0.7696,4.0000,-1.9392,0.5934,21.0978,-0.8376,3.0000,0.0000,0.0000,0,20.5292,983.5755,432.1336,707.8545,-275.7209,0.0000,0.0000,983.5755,432.1336
52.642,1,1,heuristic,-6.7400,90.5700,1.6178,1.0496,3.0437,3.2196,0.6392,0.7611,4.0000,-1.8371,0.5934,20.9624,-0.8524,3.0000,0.0000,0.0000,0,20.5292,922.1223,322.1336,622.1279,-299.9943,0.0000,0.0000,922.1223,322.1336
52.690,1,1,heuristic,-6.6973,90.7238,1.6208,1.0039,3.0263,3.1884,-0.5780,0.7527,4.0000,-1.7401,0.5934,20.8374,-0.8650,3.0000,0.0000,0.0000,0,20.5292,932.7231,212.1519,572.4375,-360.2856,0.0000,0.0000,932.7231,212.1519
52.741,1,1,heuristic,-6.6596,90.8670,1.6232,0.9602,3.0178,3.1669,-0.6338,0.7440,4.0000,-1.6365,0.5934,20.7080,-0.8768,3.0000,0.0000,0.0000,0,20.5292,943.7334,102.1519,522.9427,-420.7907,0.0000,0.0000,943.7334,102.1519
52.791,1,1,heuristic,-6.6225,91.0162,1.6235,0.9110,2.9881,3.1239,0.5378,0.7356,4.0000,-1.5388,0.5934,20.5895,-0.8876,3.0000,0.0000,0.0000,0,20.5292,981.2374,128.2137,554.7256,-426.5118,0.0000,0.0000,981.2374,128.2137
52.840,1,1,heuristic,-6.5902,91.1539,1.6225,0.8634,2.9641,3.0872,-0.7188,0.7270,4.0000,-1.4359,0.5934,20.4681,-0.8966,3.0000,0.0000,0.0000,0,20.5292,995.4779,59.0608,527.2693,-468.2085,0.0000,0.0000,995.4779,59.0608
52.892,1,1,heuristic,-6.5589,91.2968,1.6186,0.8109,2.9212,3.0316,-0.7790,0.7188,4.0000,-1.3398,0.5934,20.3581,-0.9037,3.0000,0.0000,0.0000,0,20.5292,999.9991,-16.8187,491.5902,-508.4089,0.0000,0.0000,999.9991,-16.8187
52.941,1,1,heuristic,-6.5321,91.4287,1.6127,0.7607,2.8864,2.9850,-0.8243,0.7103,4.0000,-1.2388,0.5934,20.2460,-0.9083,3.0000,0.0000,0.0000,0,20.5292,960.0326,-126.8187,416.6070,-543.4256,0.0000,0.0000,960.0326,-126.8187
52.991,1,1,heuristic,-6.5321,91.4287,1.6059,0.7607,2.8864,2.9850,0.3377,0.7022,4.0000,-1.1445,0.5934,20.1446,-0.9105,3.0000,0.0000,0.0000,0,20.5292,994.7704,-204.6222,395.0741,-599.6963,0.0000,0.0000,994.7704,-204.6222
53.041,1,1,heuristic,-6.5064,91.5650,1.5971,0.7073,2.8334,2.9203,-0.9293,0.7022,4.0000,-1.1445,0.5934,20.1446,-0.9037,3.0000,0.0000,0.0000,0,20.5292,997.4650,-299.7014,348.8818,-648.5832,0.0000,0.0000,997.4650,-299.7014
53.090,1,1,heuristic,-6.4849,91.6898,1.5806,0.6555,2.7864,2.8625,-1.0132,0.6938,4.0000,-1.0458,0.5934,20.0419,-0.9033,3.0000,0.0000,0.0000,0,20.5292,925.0619,-218.3880,353.3370,-571.7250,0.0000,0.0000,925.0619,-218.3880
53.141,1,1,heuristic,-6.4651,91.8179,1.5632,0.6004,2.7221,2.7875,-1.0613,0.6859,4.0000,-0.9544,0.5934,19.9498,-0.8948,3.0000,0.0000,0.0000,0,20.5292,959.5950,-157.3620,401.1165,-558.4785,0.0000,0.0000,959.5950,-157.3620
53.192,1,1,heuristic,-6.4491,91.9349,1.5481,0.5471,2.6652,2.7208,0.1343,0.6776,4.0000,-0.8592,0.5934,19.8575,-0.8856,3.0000,0.0000,0.0000,0,20.5292,995.4955,-267.1629,364.1663,-631.3292,0.0000,0.0000,995.4955,-267.1629
53.240,1,1,heuristic,-6.4345,92.0556,1.5260,0.4938,2.5962,2.6427,0.0863,0.6697,4.0000,-0.7712,0.5934,19.7753,-0.8784,3.0000,0.0000,0.0000,0,20.5292,991.9407,-239.0833,376.4287,-615.5120,0.0000,0.0000,991.9407,-239.0833
53.291,1,1,heuristic,-6.4227,92.1667,1.5068,0.4442,2.5398,2.5784,-1.1830,0.6615,4.0000,-0.6793,0.5934,19.6924,-0.8646,3.0000,0.0000,0.0000,0,20.5292,999.9657,-206.7410,396.6123,-603.3533,0.0000,0.0000,999.9657,-206.7410
53.341,1,1,heuristic,-6.4122,92.2821,1.4808,0.3956,2.4756,2.5070,0.0377,0.6535,4.0000,-0.5938,0.5934,19.6177,-0.8533,3.0000,0.0000,0.0000,0,20.5292,996.4828,-248.2343,374.1242,-622.3585,0.0000,0.0000,996.4828,-248.2343
53.390,1,1,heuristic,-6.4039,92.3892,1.4528,0.3512,2.4268,2.4521,-0.0152,0.6450,4.0000,-0.5040,0.5934,19.5421,-0.8358,3.0000,0.0000,0.0000,0,20.5292,983.7501,-119.1888,432.2807,-551.4695,0.0000,0.0000,983.7501,-119.1888
53.441,1,1,heuristic,-6.3966,92.5015,1.4232,0.3090,2.3734,2.3934,-0.0293,0.6368,4.0000,-0.4199,0.5934,19.4733,-0.8161,3.0000,0.0000,0.0000,0,20.5292,974.3570,-43.9331,465.2120,-509.1451,0.0000,0.0000,974.3570,-43.9331
53.491,1,1,heuristic,-6.3908,92.6068,1.3916,0.2713,2.3376,2.3533,-0.0280,0.6279,4.0000,-0.3308,0.5934,19.4027,-0.7953,3.0000,0.0000,0.0000,0,20.5292,986.9892,-153.9331,416.5281,-570.4612,0.0000,0.0000,986.9892,-153.9331
53.540,1,1,heuristic,-6.3854,92.7189,1.3590,0.2378,2.3012,2.3134,-1.3368,0.6193,4.0000,-0.2468,0.5934,19.3378,-0.7723,3.0000,0.0000,0.0000,0,20.5292,998.0441,-216.7779,390.6331,-607.4110,0.0000,0.0000,998.0441,-216.7779
53.591,1,1,heuristic,-6.3809,92.8250,1.3256,0.2090,2.2830,2.2926,-1.3470,0.6100,4.0000,-0.1568,0.5934,19.2697,-0.7490,3.0000,0.0000,0.0000,0,20.5292,998.0441,-216.7779,390.6331,-607.4110,0.0000,0.0000,998.0441,-216.7779
53.640,1,1,heuristic,-6.3768,92.9380,1.2981,0.1830,2.2612,2.2686,-0.0785,0.6010,4.0000,-0.0714,0.5934,19.2061,-0.7247,3.0000,0.0000,0.0000,0,20.5292,965.2878,-188.2449,388.5214,-576.7663,0.0000,0.0000,965.2878,-188.2449
53.691,1,1,heuristic,-6.3734,93.0451,1.2557,0.1604,2.2551,2.2608,-1.3790,0.5913,4.0000,0.0200,0.5934,19.1394,-0.7069,3.0000,0.0000,0.0000,0,20.5292,965.2878,-188.2449,388.5214,-576.7663,0.0000,0.0000,965.2878,-188.2449
53.741,1,1,heuristic,-6.3701,93.1594,1.2337,0.1413,2.2435,2.2479,-1.3862,0.5820,4.0000,0.1069,0.5934,19.0770,-0.6737,3.0000,0.0000,0.0000,0,20.5292,890.7501,-180.4782,355.1359,-535.6141,0.0000,0.0000,890.7501,-180.4782
53.791,1,1,heuristic,-6.3667,93.2676,1.1975,0.1269,2.2457,2.2493,-1.4155,0.5721,4.0000,0.1997,0.5934,19.0111,-0.6616,3.0000,0.0000,0.0000,0,20.5292,993.1929,-289.7239,351.7345,-641.4584,0.0000,0.0000,993.1929,-289.7239
53.841,1,1,heuristic,-6.3667,93.2676,1.1678,0.1269,2.2457,2.2493,-0.1268,0.5627,4.0000,0.2876,0.5934,18.9490,-0.6347,3.0000,0.0000,0.0000,0,20.5292,934.9106,-379.7012,277.6047,-657.3059,0.0000,0.0000,934.9106,-379.7012
53.891,1,1,heuristic,-6.3629,93.3826,1.1376,0.1163,2.2391,2.2421,-1.4295,0.5627,4.0000,0.2876,0.5934,18.9490,-0.6051,3.0000,0.0000,0.0000,0,20.5292,963.0782,-269.7014,346.6884,-616.3898,0.0000,0.0000,963.0782,-269.7014
53.940,1,1,heuristic,-6.3592,93.4910,1.1144,0.1085,2.2427,2.2453,-1.4438,0.5527,4.0000,0.3808,0.5934,18.8831,-0.5849,3.0000,0.0000,0.0000,0,20.5292,982.7530,-159.7014,411.5258,-571.2272,0.0000,0.0000,982.7530,-159.7014
53.990,1,1,heuristic,-6.3551,93.6057,1.0761,0.1027,2.2353,2.2376,-1.4505,0.5434,4.0000,0.4686,0.5934,18.8214,-0.5709,3.0000,0.0000,0.0000,0,20.5292,971.7731,34.1067,502.9399,-468.8332,0.0000,0.0000,971.7731,34.1067
54.041,1,1,heuristic,-6.3503,93.7142,1.0448,0.1020,2.2403,2.2426,-0.1438,0.5335,4.0000,0.5613,0.5934,18.7564,-0.5426,3.0000,0.0000,0.0000,0,20.5292,940.8323,119.0542,529.9433,-410.8891,0.0000,0.0000,940.8323,119.0542
54.091,1,1,heuristic,-6.3503,93.7142,1.0215,0.1020,2.2403,2.2426,-0.1165,0.5242,4.0000,0.6486,0.5934,18.6947,-0.5206,3.0000,0.0000,0.0000,0,20.5292,961.8250,25.6871,493.7560,-468.0689,0.0000,0.0000,961.8250,25.6871
54.140,1,1,heuristic,-6.3434,93.8305,0.9821,0.1082,2.2395,2.2421,-0.1100,0.5242,4.0000,0.6486,0.5934,18.6947,-0.4972,3.0000,0.0000,0.0000,0,20.5292,999.2112,9.6238,504.4175,-494.7937,0.0000,0.0000,999.2112,9.6238
54.190,1,1,heuristic,-6.3346,93.9411,0.9590,0.1231,2.2528,2.2562,-0.1065,0.5144,4.0000,0.7412,0.5934,18.6274,-0.4677,3.0000,0.0000,0.0000,0,20.5292,997.9573,30.2460,514.1016,-483.8556,0.0000,0.0000,997.9573,30.2460
54.240,1,1,heuristic,-6.3229,94.0596,0.9201,0.1434,2.2580,2.2625,-0.0960,0.5054,4.0000,0.8280,0.5934,18.5620,-0.4536,3.0000,0.0000,0.0000,0,20.5292,997.1534,92.5949,544.8741,-452.2793,0.0000,0.0000,997.1534,92.5949
54.291,1,1,heuristic,-6.3096,94.1725,0.8893,0.1702,2.2767,2.2830,-1.4287,0.4958,4.0000,0.9197,0.5934,18.4904,-0.4243,3.0000,0.0000,0.0000,0,20.5292,999.3399,95.4697,547.4048,-451.9351,0.0000,0.0000,999.3399,95.4697
54.341,1,1,heuristic,-6.3096,94.1725,0.8660,0.1702,2.2767,2.2830,-1.4215,0.4871,4.0000,1.0059,0.5934,18.4209,-0.4023,3.0000,0.0000,0.0000,0,20.5292,999.3399,95.4697,547.4048,-451.9351,0.0000,0.0000,999.3399,95.4697
54.391,1,1,heuristic,-6.2924,94.2938,0.8284,0.2022,2.2879,2.2968,-1.4105,0.4871,4.0000,1.0059,0.5934,18.4209,-0.3789,3.0000,0.0000,0.0000,0,20.5292,990.9802,162.5898,576.7850,-414.1952,0.0000,0.0000,990.9802,162.5898
54.440,1,1,heuristic,-6.2732,94.4096,0.7982,0.2421,2.3129,2.3255,-0.0685,0.4778,4.0000,1.0968,0.5934,18.3441,-0.3506,3.0000,0.0000,0.0000,0,20.5292,984.6935,271.5211,628.1073,-356.5862,0.0000,0.0000,984.6935,271.5211
54.491,1,1,heuristic,-6.2488,94.5342,0.7682,0.2874,2.3293,2.3470,-1.4060,0.4695,4.0000,1.1821,0.5934,18.2689,-0.3288,3.0000,0.0000,0.0000,0,20.5292,997.7000,490.5705,744.1353,-253.5647,0.0000,0.0000,997.7000,490.5705
54.541,1,1,heuristic,-6.2215,94.6532,0.7386,0.3437,2.3593,2.3842,-0.0465,0.4606,4.0000,1.2717,0.5934,18.1853,-0.3076,3.0000,0.0000,0.0000,0,20.5292,997.7000,490.5705,744.1353,-253.5647,0.0000,0.0000,997.7000,490.5705
54.591,1,1,heuristic,-6.2215,94.6532,0.7094,0.3437,2.3593,2.3842,-1.3682,0.4528,4.0000,1.3551,0.5934,18.1023,-0.2858,3.0000,0.0000,0.0000,0,20.5292,975.7322,563.5766,769.6544,-206.0778,0.0000,0.0000,975.7322,563.5766
54.641,1,1,heuristic,-6.1865,94.7814,0.6738,0.4097,2.3807,2.4157,0.0120,0.4528,4.0000,1.3551,0.5934,18.1023,-0.2566,3.0000,0.0000,0.0000,0,20.5292,981.8466,491.8485,736.8476,-244.9990,0.0000,0.0000,981.8466,491.8485
54.691,1,1,heuristic,-6.1474,94.9039,0.6531,0.4904,2.4149,2.4642,-1.3420,0.4447,4.0000,1.4418,0.5934,18.0086,-0.2291,3.0000,0.0000,0.0000,0,20.5292,971.8411,450.0553,710.9482,-260.8929,0.0000,0.0000,971.8411,450.0553
54.741,1,1,heuristic,-6.0994,95.0351,0.6261,0.5770,2.4366,2.5040,0.0285,0.4377,4.0000,1.5215,0.5934,17.9147,-0.2154,3.0000,0.0000,0.0000,0,20.5292,998.8653,560.0545,779.4599,-219.4054,0.0000,0.0000,998.8653,560.0545
54.791,1,1,heuristic,-6.0486,95.1594,0.5997,0.6731,2.4673,2.5575,-1.2997,0.4305,4.0000,1.6035,0.5934,17.8091,-0.1956,3.0000,0.0000,0.0000,0,20.5292,974.7296,505.1290,739.9293,-234.8003,0.0000,0.0000,974.7296,505.1290
54.841,1,1,heuristic,-5.9886,95.2918,0.5677,0.7696,2.4828,2.5993,0.0805,0.4244,4.0000,1.6782,0.5934,17.7049,-0.1753,3.0000,0.0000,0.0000,0,20.5292,981.6896,570.6260,776.1578,-205.5318,0.0000,0.0000,981.6896,570.6260
54.892,1,1,heuristic,-5.9266,95.4165,0.5366,0.8740,2.5060,2.6540,0.1175,0.4180,4.0000,1.7543,0.5934,17.5891,-0.1497,3.0000,0.0000,0.0000,0,20.5292,981.9047,680.2074,831.0560,-150.8487,0.0000,0.0000,981.9047,680.2074
54.941,1,1,heuristic,-5.9266,95.4165,0.5245,0.8740,2.5060,2.6540,0.1143,0.4127,4.0000,1.8230,0.5934,17.4755,-0.1239,3.0000,0.0000,0.0000,0,20.5292,984.8606,741.3474,863.1040,-121.7566,0.0000,0.0000,984.8606,741.3474
54.991,1,1,heuristic,-5.8546,95.5487,0.4947,0.9760,2.5131,2.6960,-1.2480,0.4127,4.0000,1.8230,0.5934,17.4755,-0.1118,3.0000,0.0000,0.0000,0,20.5292,999.3137,655.9284,827.6210,-171.6926,0.0000,0.0000,999.3137,655.9284
55.040,1,1,heuristic,-5.7810,95.6729,0.4718,1.0875,2.5279,2.7519,0.1588,0.4072,4.0000,1.8923,0.5934,17.3501,-0.0875,3.0000,0.0000,0.0000,0,20.5292,999.4572,646.3394,822.8983,-176.5589,0.0000,0.0000,999.4572,646.3394
55.091,1,1,heuristic,-5.6971,95.8038,0.4441,1.1926,2.5261,2.7935,0.1993,0.4028,4.0000,1.9541,0.5934,17.2274,-0.0690,3.0000,0.0000,0.0000,0,20.5292,972.6214,627.3012,799.9613,-172.6601,0.0000,0.0000,972.6214,627.3012
55.141,1,1,heuristic,-5.6134,95.9263,0.4227,1.3028,2.5311,2.8467,-1.2027,0.3981,4.0000,2.0158,0.5934,17.0927,-0.0460,3.0000,0.0000,0.0000,0,20.5292,998.9710,603.9989,801.4849,-197.4861,0.0000,0.0000,998.9710,603.9989
55.191,1,1,heuristic,-5.6134,95.9263,0.4068,1.3028,2.5311,2.8467,-1.1905,0.3945,4.0000,2.0705,0.5934,16.9624,-0.0282,3.0000,0.0000,0.0000,0,20.5292,975.8568,617.4901,796.6734,-179.1834,0.0000,0.0000,975.8568,617.4901
55.241,1,1,heuristic,-5.5201,96.0547,0.3811,1.4010,2.5189,2.8823,-1.1958,0.3945,4.0000,2.0705,0.5934,16.9624,-0.0123,3.0000,0.0000,0.0000,0,20.5292,998.1920,725.0914,861.6417,-136.5503,0.0000,0.0000,998.1920,725.0914
55.291,1,1,heuristic,-5.4284,96.1742,0.3609,1.5029,2.5130,2.9281,0.2303,0.3904,4.0000,2.1249,0.5934,16.8211,0.0093,3.0000,0.0000,0.0000,0,20.5292,972.1763,823.7505,897.9634,-74.2129,0.0000,0.0000,972.1763,823.7505
55.340,1,1,heuristic,-5.3268,96.2990,0.3365,1.5931,2.4905,2.9564,0.2370,0.3873,4.0000,2.1726,0.5934,16.6856,0.0264,3.0000,0.0000,0.0000,0,20.5292,999.3700,909.0610,954.2155,-45.1545,0.0000,0.0000,999.3700,909.0610
55.390,1,1,heuristic,-5.2267,96.4147,0.3217,1.6916,2.4743,2.9973,0.2490,0.3838,4.0000,2.2193,0.5934,16.5391,0.0473,3.0000,0.0000,0.0000,0,20.5292,976.2098,816.9074,896.5586,-79.6512,0.0000,0.0000,976.2098,816.9074
55.441,1,1,heuristic,-5.1155,96.5350,0.2939,1.7810,2.4423,3.0227,-1.1382,0.3814,4.0000,2.2592,0.5934,16.3982,0.0596,3.0000,0.0000,0.0000,0,20.5292,976.2098,816.9074,896.5586,-79.6512,0.0000,0.0000,976.2098,816.9074
55.491,1,1,heuristic,-5.0066,96.6461,0.2761,1.8787,2.4168,3.0611,0.2830,0.3787,4.0000,2.2968,0.5934,16.2455,0.0849,3.0000,0.0000,0.0000,0,20.5292,962.8557,737.3827,850.1192,-112.7365,0.0000,0.0000,962.8557,737.3827
55.541,1,1,heuristic,-5.0066,96.6461,0.2673,1.8787,2.4168,3.0611,-1.0993,0.3770,4.0000,2.3280,0.5934,16.0991,0.1010,3.0000,0.0000,0.0000,0,20.5292,986.5032,660.8987,823.7010,-162.8022,0.0000,0.0000,986.5032,660.8987
55.591,1,1,heuristic,-4.8872,96.7614,0.2502,1.9623,2.3766,3.0820,0.3088,0.3770,4.0000,2.3280,0.5934,16.0991,0.1097,3.0000,0.0000,0.0000,0,20.5292,985.3194,696.9722,841.1458,-144.1736,0.0000,0.0000,985.3194,696.9722
55.641,1,1,heuristic,-4.7716,96.8676,0.2336,2.0512,2.3438,3.1146,-1.1213,0.3751,4.0000,2.3567,0.5934,15.9416,0.1249,3.0000,0.0000,0.0000,0,20.5292,997.8241,719.4477,858.6359,-139.1882,0.0000,0.0000,997.8241,719.4477
55.691,1,1,heuristic,-4.7716,96.8676,0.2170,2.0512,2.3438,3.1146,0.3260,0.3740,4.0000,2.3802,0.5934,15.7917,0.1404,3.0000,0.0000,0.0000,0,20.5292,951.3906,818.8267,885.1086,-66.2820,0.0000,0.0000,951.3906,818.8267
55.741,1,1,heuristic,-4.6459,96.9776,0.1971,2.1245,2.2983,3.1298,0.3330,0.3740,4.0000,2.3802,0.5934,15.7917,0.1569,3.0000,0.0000,0.0000,0,20.5292,999.9796,848.0838,924.0317,-75.9479,0.0000,0.0000,999.9796,848.0838
55.792,1,1,heuristic,-4.6459,96.9776,0.1971,2.1245,2.2983,3.1298,0.3330,0.3725,4.0000,2.4011,0.5934,15.6311,0.1754,3.0000,0.0000,0.0000,0,20.5292,990.5770,871.8602,931.2186,-59.3584,0.0000,0.0000,990.5770,871.8602
55.840,1,1,heuristic,-4.3920,97.1832,0.1613,2.2739,2.2099,3.1708,-1.0893,0.3720,4.0000,2.4171,0.5934,15.4781,0.1916,3.0000,0.0000,0.0000,0,20.5292,999.6173,819.3913,909.5043,-90.1130,0.0000,0.0000,999.6173,819.3913
55.891,1,1,heuristic,-4.2639,97.2789,0.1462,2.3529,2.1664,3.1983,0.3560,0.3712,4.0000,2.4296,0.5934,15.3140,0.2099,3.0000,0.0000,0.0000,0,20.5292,999.8458,895.3640,947.6049,-52.2409,0.0000,0.0000,999.8458,895.3640
55.941,1,1,heuristic,-4.1247,97.3772,0.1313,2.4176,2.1113,3.2097,-1.0620,0.3714,4.0000,2.4373,0.5934,15.1576,0.2252,3.0000,0.0000,0.0000,0,20.5292,970.1625,963.5360,966.8492,-3.3133,0.0000,0.0000,970.1625,963.5360
55.991,1,1,heuristic,-3.9907,97.4670,0.1168,2.4927,2.0630,3.2356,0.3932,0.3714,4.0000,2.4410,0.5934,14.9901,0.2401,3.0000,0.0000,0.0000,0,20.5292,916.9513,973.5956,945.2735,28.3221,0.0000,0.0000,916.9513,973.5956
56.041,1,1,heuristic,-3.8453,97.5587,0.0992,2.5532,2.0034,3.2454,-1.0615,0.3722,4.0000,2.4404,0.5934,14.8308,0.2554,3.0000,0.0000,0.0000,0,20.5292,902.8177,926.0042,914.4110,11.5932,0.0000,0.0000,902.8177,926.0042
56.091,1,1,heuristic,-3.7059,97.6420,0.0825,2.6236,1.9497,3.2687,-1.0330,0.3730,4.0000,2.4352,0.5934,14.6605,0.2738,3.0000,0.0000,0.0000,0,20.5292,937.1133,869.9528,903.5331,-33.5803,0.0000,0.0000,937.1133,869.9528
56.141,1,1,heuristic,-3.7059,97.6420,0.0728,2.6236,1.9497,3.2687,-1.0533,0.3744,4.0000,2.4263,0.5934,14.4991,0.2919,3.0000,0.0000,0.0000,0,20.5292,956.9622,856.9092,906.9357,-50.0265,0.0000,0.0000,956.9622,856.9092
56.191,1,1,heuristic,-3.5559,97.7269,0.0575,2.6758,1.8864,3.2739,-1.0223,0.3744,4.0000,2.4263,0.5934,14.4991,0.3016,3.0000,0.0000,0.0000,0,20.5292,916.1631,812.0631,864.1131,-52.0500,0.0000,0.0000,916.1631,812.0631
56.241,1,1,heuristic,-3.4128,97.8041,0.0455,2.7366,1.8305,3.2924,0.4537,0.3758,4.0000,2.4128,0.5934,14.3275,0.3183,3.0000,0.0000,0.0000,0,20.5292,884.2896,808.1484,846.2190,-38.0706,0.0000,0.0000,884.2896,808.1484
56.291,1,1,heuristic,-3.2597,97.8829,0.0315,2.7781,1.7674,3.2926,0.4607,0.3777,4.0000,2.3968,0.5934,14.1654,0.3321,3.0000,0.0000,0.0000,0,20.5292,876.2585,917.5891,896.9238,20.6653,0.0000,0.0000,876.2585,917.5891
56.341,1,1,heuristic,-3.1146,97.9543,0.0171,2.8272,1.7118,3.3050,0.4800,0.3795,4.0000,2.3765,0.5934,13.9934,0.3480,3.0000,0.0000,0.0000,0,20.5292,766.9944,992.8108,879.9026,112.9082,0.0000,0.0000,766.9944,992.8108
56.391,1,1,heuristic,-2.9596,98.0270,0.0062,2.8578,1.6490,3.2994,-0.9900,0.3817,4.0000,2.3546,0.5934,13.8317,0.3646,3.0000,0.0000,0.0000,0,20.5292,809.0622,967.7353,888.3987,79.3365,0.0000,0.0000,809.0622,967.7353
56.441,1,1,heuristic,-2.8126,98.0924,-0.0041,2.8988,1.5916,3.3070,0.5278,0.3839,4.0000,2.3282,0.5934,13.6606,0.3776,3.0000,0.0000,0.0000,0,20.5292,720.5853,970.8155,845.7004,125.1151,0.0000,0.0000,720.5853,970.8155
56.490,1,1,heuristic,-2.6558,98.1582,-0.0184,2.9221,1.5264,3.2968,0.5633,0.3865,4.0000,2.3002,0.5934,13.4997,0.3906,3.0000,0.0000,0.0000,0,20.5292,759.2501,971.3935,865.3218,106.0717,0.0000,0.0000,759.2501,971.3935
56.540,1,1,heuristic,-2.5077,98.2170,-0.0271,2.9550,1.4661,3.2987,-0.9323,0.3892,4.0000,2.2671,0.5934,13.3297,0.4076,3.0000,0.0000,0.0000,0,20.5292,842.2320,996.7859,919.5090,77.2770,0.0000,0.0000,842.2320,996.7859
56.591,1,1,heuristic,-2.5077,98.2170,-0.0352,2.9550,1.4661,3.2987,0.6033,0.3922,4.0000,2.2330,0.5934,13.1705,0.4193,3.0000,0.0000,0.0000,0,20.5292,951.4042,978.5692,964.9867,13.5825,0.0000,0.0000,951.4042,978.5692
56.641,1,1,heuristic,-2.3499,98.2759,-0.0425,2.9709,1.3995,3.2840,-0.8930,0.3922,4.0000,2.2330,0.5934,13.1705,0.4274,3.0000,0.0000,0.0000,0,20.5292,823.5381,996.1126,909.8254,86.2873,0.0000,0.0000,823.5381,996.1126
56.691,1,1,heuristic,-2.2001,98.3285,-0.0514,3.0009,1.3388,3.2860,-0.8980,0.3953,4.0000,2.1936,0.5934,13.0024,0.4378,3.0000,0.0000,0.0000,0,20.5292,713.5381,992.9032,853.2207,139.6826,0.0000,0.0000,713.5381,992.9032
56.740,1,1,heuristic,-2.0400,98.3813,-0.0589,3.0165,1.2739,3.2744,-0.8935,0.3989,4.0000,2.1534,0.5934,12.8442,0.4503,3.0000,0.0000,0.0000,0,20.5292,689.1069,980.8645,834.9857,145.8788,0.0000,0.0000,689.1069,980.8645
56.790,1,1,heuristic,-1.8887,98.4282,-0.0644,3.0436,1.2144,3.2769,0.6525,0.4026,4.0000,2.1076,0.5934,12.6766,0.4615,3.0000,0.0000,0.0000,0,20.5292,771.5906,969.2859,870.4382,98.8476,0.0000,0.0000,771.5906,969.2859
56.841,1,1,heuristic,-1.7283,98.4748,-0.0717,3.0519,1.1509,3.2617,0.6730,0.4067,4.0000,2.0619,0.5934,12.5195,0.4711,3.0000,0.0000,0.0000,0,20.5292,661.5906,997.8912,829.7409,168.1503,0.0000,0.0000,661.5906,997.8912
56.891,1,1,heuristic,-1.5770,98.5162,-0.0763,3.0716,1.0931,3.2603,0.7030,0.4108,4.0000,2.0109,0.5934,12.3542,0.4826,3.0000,0.0000,0.0000,0,20.5292,556.2291,981.3906,768.8098,212.5807,0.0000,0.0000,556.2291,981.3906
56.941,1,1,heuristic,-1.4166,98.5573,-0.0807,3.0744,1.0325,3.2432,0.7380,0.4153,4.0000,1.9606,0.5934,12.1995,0.4916,3.0000,0.0000,0.0000,0,20.5292,474.6796,973.6308,724.1552,249.4756,0.0000,0.0000,474.6796,973.6308
56.991,1,1,heuristic,-1.2659,98.5934,-0.0831,3.0873,0.9764,3.2380,-0.7908,0.4198,4.0000,1.9049,0.5934,12.0367,0.5005,3.0000,0.0000,0.0000,0,20.5292,474.6796,973.6308,724.1552,249.4756,0.0000,0.0000,474.6796,973.6308
57.040,1,1,heuristic,-1.1074,98.6287,-0.0849,3.0797,0.9172,3.2133,0.7855,0.4246,4.0000,1.8506,0.5934,11.8848,0.5077,3.0000,0.0000,0.0000,0,20.5292,630.8911,961.7299,796.3105,165.4194,0.0000,0.0000,630.8911,961.7299
57.091,1,1,heuristic,-0.9593,98.6594,-0.0853,3.0805,0.8615,3.1987,0.8220,0.4293,4.0000,1.7913,0.5934,11.7263,0.5142,3.0000,0.0000,0.0000,0,20.5292,644.9173,984.6715,814.7944,169.8771,0.0000,0.0000,644.9173,984.6715
57.140,1,1,heuristic,-0.8034,98.6892,-0.0847,3.0643,0.8040,3.1681,-0.7137,0.4342,4.0000,1.7339,0.5934,11.5793,0.5195,3.0000,0.0000,0.0000,0,20.5292,612.5326,984.4099,798.4713,185.9387,0.0000,0.0000,612.5326,984.4099
57.191,1,1,heuristic,-0.6569,98.7151,-0.0824,3.0619,0.7509,3.1526,0.8483,0.4392,4.0000,1.6714,0.5934,11.4257,0.5238,3.0000,0.0000,0.0000,0,20.5292,612.5326,984.4099,798.4713,185.9387,0.0000,0.0000,612.5326,984.4099
57.240,1,1,heuristic,-0.5021,98.7401,-0.0802,3.0446,0.6969,3.1234,-0.6725,0.4444,4.0000,1.6109,0.5934,11.2825,0.5268,3.0000,0.0000,0.0000,0,20.5292,600.7662,968.2959,784.5310,183.7648,0.0000,0.0000,600.7662,968.2959
57.291,1,1,heuristic,-0.3570,98.7617,-0.0772,3.0405,0.6474,3.1086,0.8965,0.4498,4.0000,1.5452,0.5934,11.1324,0.5300,3.0000,0.0000,0.0000,0,20.5292,569.7394,919.1865,744.4629,174.7236,0.0000,0.0000,569.7394,919.1865
57.341,1,1,heuristic,-0.3570,98.7617,-0.0738,3.0405,0.6474,3.1086,-0.6522,0.4553,4.0000,1.4819,0.5934,10.9926,0.5325,3.0000,0.0000,0.0000,0,20.5292,552.4408,937.7774,745.1091,192.6683,0.0000,0.0000,552.4408,937.7774
57.391,1,1,heuristic,-0.2039,98.7825,-0.0686,3.0212,0.5982,3.0799,0.9145,0.4553,4.0000,1.4819,0.5934,10.9926,0.5291,3.0000,0.0000,0.0000,0,20.5292,552.4408,937.7774,745.1091,192.6683,0.0000,0.0000,552.4408,937.7774
57.441,1,1,heuristic,-0.0606,98.8006,-0.0627,3.0138,0.5537,3.0642,0.9275,0.4611,4.0000,1.4136,0.5934,10.8461,0.5297,3.0000,0.0000,0.0000,0,20.5292,332.4409,988.6317,660.5363,328.0954,0.0000,0.0000,332.4409,988.6317
57.490,1,1,heuristic,0.0903,98.8180,-0.0555,2.9914,0.5100,3.0346,0.9653,0.4668,4.0000,1.3484,0.5934,10.7100,0.5295,3.0000,0.0000,0.0000,0,20.5292,332.4409,988.6317,660.5363,328.0954,0.0000,0.0000,332.4409,988.6317
57.540,1,1,heuristic,0.2314,98.8328,-0.0501,2.9812,0.4699,3.0180,-0.5960,0.4728,4.0000,1.2785,0.5934,10.5676,0.5283,3.0000,0.0000,0.0000,0,20.5292,436.1554,982.2759,709.2156,273.0602,0.0000,0.0000,436.1554,982.2759
57.590,1,1,heuristic,0.3795,98.8466,-0.0409,2.9545,0.4289,2.9855,-0.5770,0.4788,4.0000,1.2119,0.5934,10.4352,0.5289,3.0000,0.0000,0.0000,0,20.5292,428.5958,999.0716,713.8337,285.2379,0.0000,0.0000,428.5958,999.0716
57.641,1,1,heuristic,0.5179,98.8579,-0.0306,2.9403,0.3902,2.9661,1.0475,0.4850,4.0000,1.1405,0.5934,10.2975,0.5259,3.0000,0.0000,0.0000,0,20.5292,428.5958,999.0716,713.8337,285.2379,0.0000,0.0000,428.5958,999.0716
57.690,1,1,heuristic,0.6639,98.8682,-0.0217,2.9140,0.3518,2.9352,-0.5272,0.4911,4.0000,1.0725,0.5934,10.1698,0.5217,3.0000,0.0000,0.0000,0,20.5292,285.9143,995.4025,640.6584,354.7441,0.0000,0.0000,285.9143,995.4025
57.741,1,1,heuristic,0.8011,98.8765,-0.0144,2.9026,0.3158,2.9197,1.0930,0.4976,4.0000,0.9994,0.5934,10.0361,0.5193,3.0000,0.0000,0.0000,0,20.5292,282.4787,998.5962,640.5375,358.0587,0.0000,0.0000,282.4787,998.5962
57.791,1,1,heuristic,0.8011,98.8765,-0.0042,2.9026,0.3158,2.9197,-0.5042,0.5041,4.0000,0.9295,0.5934,9.9116,0.5185,3.0000,0.0000,0.0000,0,20.5292,182.2235,985.4588,583.8412,401.6176,0.0000,0.0000,182.2235,985.4588
57.841,1,1,heuristic,0.9455,98.8836,0.0099,2.8775,0.2799,2.8911,1.1620,0.5041,4.0000,0.9295,0.5934,9.9116,0.5083,3.0000,0.0000,0.0000,0,20.5292,162.3430,907.3586,534.8508,372.5078,0.0000,0.0000,162.3430,907.3586
57.890,1,1,heuristic,1.0802,98.8887,0.0188,2.8635,0.2455,2.8740,-0.4675,0.5109,4.0000,0.8546,0.5934,9.7817,0.5010,3.0000,0.0000,0.0000,0,20.5292,240.8269,869.1956,555.0112,314.1844,0.0000,0.0000,240.8269,869.1956
57.940,1,1,heuristic,1.2211,98.8927,0.0317,2.8326,0.2116,2.8405,1.1710,0.5176,4.0000,0.7836,0.5934,9.6615,0.4987,3.0000,0.0000,0.0000,0,20.5292,188.4315,974.1828,581.3072,392.8757,0.0000,0.0000,188.4315,974.1828
57.990,1,1,heuristic,1.3520,98.8953,0.0453,2.8114,0.1802,2.8171,-0.4385,0.5245,4.0000,0.7081,0.5934,9.5370,0.4928,3.0000,0.0000,0.0000,0,20.5292,244.2684,990.6589,617.4637,373.1952,0.0000,0.0000,244.2684,990.6589
58.040,1,1,heuristic,1.3520,98.8953,0.0596,2.8114,0.1802,2.8171,1.1940,0.5312,4.0000,0.6371,0.5934,9.4222,0.4859,3.0000,0.0000,0.0000,0,20.5292,353.9942,993.3886,673.6914,319.6972,0.0000,0.0000,353.9942,993.3886
58.091,1,1,heuristic,1.4893,98.8970,0.0785,2.7772,0.1505,2.7813,-0.3897,0.5312,4.0000,0.6371,0.5934,9.4222,0.4715,3.0000,0.0000,0.0000,0,20.5292,407.1501,991.3623,699.2562,292.1061,0.0000,0.0000,407.1501,991.3623
58.140,1,1,heuristic,1.6180,98.8977,0.0860,2.7579,0.1233,2.7607,-0.4113,0.5382,4.0000,0.5617,0.5934,9.3029,0.4597,3.0000,0.0000,0.0000,0,20.5292,327.2969,999.9927,663.6448,336.3479,0.0000,0.0000,327.2969,999.9927
58.191,1,1,heuristic,1.7544,98.8978,0.1065,2.7310,0.0991,2.7328,-0.3982,0.5451,4.0000,0.4903,0.5934,9.1919,0.4591,3.0000,0.0000,0.0000,0,20.5292,327.2969,999.9927,663.6448,336.3479,0.0000,0.0000,327.2969,999.9927
58.240,1,1,heuristic,1.8828,98.8974,0.1232,2.7201,0.0776,2.7212,1.2705,0.5524,4.0000,0.4141,0.5934,9.0751,0.4459,3.0000,0.0000,0.0000,0,20.5292,229.8044,994.0887,611.9465,382.1422,0.0000,0.0000,229.8044,994.0887
58.291,1,1,heuristic,1.8828,98.8974,0.1402,2.7201,0.0776,2.7212,-0.3708,0.5595,4.0000,0.3419,0.5934,8.9659,0.4363,3.0000,0.0000,0.0000,0,20.5292,236.7389,942.5512,589.6450,352.9061,0.0000,0.0000,236.7389,942.5512
58.341,1,1,heuristic,2.0189,98.8963,0.1578,2.6995,0.0578,2.7001,1.2815,0.5595,4.0000,0.3419,0.5934,8.9659,0.4193,3.0000,0.0000,0.0000,0,20.5292,236.7389,942.5512,589.6450,352.9061,0.0000,0.0000,236.7389,942.5512
58.390,1,1,heuristic,2.1468,98.8945,0.1717,2.6922,0.0390,2.6925,1.2817,0.5670,4.0000,0.2649,0.5934,8.8512,0.4092,3.0000,0.0000,0.0000,0,20.5292,412.6939,976.3936,694.5438,281.8499,0.0000,0.0000,412.6939,976.3936
58.440,1,1,heuristic,2.2820,98.8922,0.1942,2.6740,0.0221,2.6741,1.2913,0.5743,4.0000,0.1920,0.5934,8.7443,0.4026,3.0000,0.0000,0.0000,0,20.5292,412.6939,976.3936,694.5438,281.8499,0.0000,0.0000,412.6939,976.3936
58.491,1,1,heuristic,2.4102,98.8899,0.2129,2.6732,0.0084,2.6732,-0.3460,0.5820,4.0000,0.1144,0.5934,8.6321,0.3877,3.0000,0.0000,0.0000,0,20.5292,630.4675,976.8284,803.6479,173.1805,0.0000,0.0000,630.4675,976.8284
58.541,1,1,heuristic,2.4102,98.8899,0.2318,2.6732,0.0084,2.6732,1.3213,0.5893,4.0000,0.0409,0.5934,8.5265,0.3764,3.0000,0.0000,0.0000,0,20.5292,630.4675,976.8284,803.6479,173.1805,0.0000,0.0000,630.4675,976.8284
58.591,1,1,heuristic,2.5476,98.8881,0.2553,2.6673,-0.0002,2.6673,-0.3840,0.5893,4.0000,0.0409,0.5934,8.5265,0.3575,3.0000,0.0000,0.0000,0,20.5292,676.2402,978.4628,827.3515,151.1113,0.0000,0.0000,676.2402,978.4628
58.641,1,1,heuristic,2.6793,98.8876,0.2693,2.6825,-0.0025,2.6825,1.2965,0.5971,4.0000,-0.0375,0.5934,8.4135,0.3418,3.0000,0.0000,0.0000,0,20.5292,590.8343,976.5285,783.6814,192.8471,0.0000,0.0000,590.8343,976.5285
58.690,1,1,heuristic,2.8215,98.8885,0.2875,2.6930,0.0017,2.6930,-0.3972,0.6045,4.0000,-0.1116,0.5934,8.3053,0.3352,3.0000,0.0000,0.0000,0,20.5292,412.6300,974.3589,693.4944,280.8645,0.0000,0.0000,412.6300,974.3589
58.741,1,1,heuristic,2.9575,98.8909,0.3056,2.7210,0.0111,2.7211,1.2723,0.6124,4.0000,-0.1903,0.5934,8.1883,0.3248,3.0000,0.0000,0.0000,0,20.5292,303.5970,958.0879,630.8425,327.2455,0.0000,0.0000,303.5970,958.0879
58.791,1,1,heuristic,3.1031,98.8944,0.3278,2.7365,0.0225,2.7366,-0.3907,0.6196,4.0000,-0.2644,0.5934,8.0764,0.3140,3.0000,0.0000,0.0000,0,20.5292,377.2858,971.3691,674.3275,297.0416,0.0000,0.0000,377.2858,971.3691
58.840,1,1,heuristic,3.2406,98.8983,0.3501,2.7624,0.0343,2.7626,-0.3970,0.6273,4.0000,-0.3429,0.5934,7.9569,0.2995,3.0000,0.0000,0.0000,0,20.5292,384.4950,967.1251,675.8100,291.3151,0.0000,0.0000,384.4950,967.1251
58.890,1,1,heuristic,3.2406,98.8983,0.3636,2.7624,0.0343,2.7626,-0.4025,0.6344,4.0000,-0.4165,0.5934,7.8443,0.2843,3.0000,0.0000,0.0000,0,20.5292,384.4950,967.1251,675.8100,291.3151,0.0000,0.0000,384.4950,967.1251
58.941,1,1,heuristic,3.3872,98.9034,0.3863,2.7738,0.0469,2.7741,-0.3740,0.6344,4.0000,-0.4165,0.5934,7.8443,0.2708,3.0000,0.0000,0.0000,0,20.5292,478.7408,982.3242,730.5325,251.7917,0.0000,0.0000,478.7408,982.3242
58.991,1,1,heuristic,3.5260,98.9091,0.4000,2.7971,0.0613,2.7977,-0.3927,0.6420,4.0000,-0.4943,0.5934,7.7247,0.2557,3.0000,0.0000,0.0000,0,20.5292,478.7408,982.3242,730.5325,251.7917,0.0000,0.0000,478.7408,982.3242
59.041,1,1,heuristic,3.6739,98.9164,0.4230,2.8066,0.0773,2.8077,-0.3855,0.6490,4.0000,-0.5672,0.5934,7.6118,0.2489,3.0000,0.0000,0.0000,0,20.5292,524.2758,980.0658,752.1708,227.8950,0.0000,0.0000,524.2758,980.0658
59.091,1,1,heuristic,3.8140,98.9247,0.4415,2.8291,0.0965,2.8308,1.3290,0.6564,4.0000,-0.6438,0.5934,7.4916,0.2333,3.0000,0.0000,0.0000,0,20.5292,423.4233,994.7780,709.1007,285.6773,0.0000,0.0000,423.4233,994.7780
59.141,1,1,heuristic,3.8140,98.9247,0.4600,2.8291,0.0965,2.8308,-0.3715,0.6631,4.0000,-0.7153,0.5934,7.3778,0.2216,3.0000,0.0000,0.0000,0,20.5292,459.4233,986.3781,722.9007,263.4774,0.0000,0.0000,459.4233,986.3781
59.191,1,1,heuristic,3.9632,98.9352,0.4828,2.8373,0.1173,2.8397,-0.3937,0.6631,4.0000,-0.7153,0.5934,7.3778,0.2031,3.0000,0.0000,0.0000,0,20.5292,463.6274,972.5974,718.1124,254.4850,0.0000,0.0000,463.6274,972.5974
59.241,1,1,heuristic,4.1041,98.9463,0.4971,2.8567,0.1403,2.8602,-0.3922,0.6703,4.0000,-0.7901,0.5934,7.2567,0.1875,3.0000,0.0000,0.0000,0,20.5292,484.2938,966.5582,725.4260,241.1322,0.0000,0.0000,484.2938,966.5582
59.291,1,1,heuristic,4.2537,98.9598,0.5251,2.8606,0.1640,2.8653,1.3083,0.6767,4.0000,-0.8596,0.5934,7.1424,0.1796,3.0000,0.0000,0.0000,0,20.5292,470.9107,990.2098,730.5602,259.6495,0.0000,0.0000,470.9107,990.2098
59.341,1,1,heuristic,4.3947,98.9741,0.5395,2.8762,0.1908,2.8825,1.3350,0.6837,4.0000,-0.9320,0.5934,7.0211,0.1586,3.0000,0.0000,0.0000,0,20.5292,463.0401,986.9887,725.0144,261.9743,0.0000,0.0000,463.0401,986.9887
59.391,1,1,heuristic,4.5445,98.9912,0.5624,2.8771,0.2185,2.8854,1.3360,0.6899,4.0000,-0.9991,0.5934,6.9067,0.1503,3.0000,0.0000,0.0000,0,20.5292,464.5623,981.8081,723.1852,258.6229,0.0000,0.0000,464.5623,981.8081
59.440,1,1,heuristic,4.6859,99.0092,0.5810,2.8909,0.2497,2.9016,-0.3927,0.6965,4.0000,-1.0686,0.5934,6.7850,0.1341,3.0000,0.0000,0.0000,0,20.5292,570.7588,951.2068,760.9828,190.2240,0.0000,0.0000,570.7588,951.2068
59.490,1,1,heuristic,4.6859,99.0092,0.5998,2.8909,0.2497,2.9016,1.3360,0.7024,4.0000,-1.1328,0.5934,6.6699,0.1214,3.0000,0.0000,0.0000,0,20.5292,678.7027,999.3748,839.0388,160.3360,0.0000,0.0000,678.7027,999.3748
59.541,1,1,heuristic,4.8363,99.0306,0.6230,2.8910,0.2820,2.9048,-0.4105,0.7024,4.0000,-1.1328,0.5934,6.6699,0.1026,3.0000,0.0000,0.0000,0,20.5292,678.7027,999.3748,839.0388,160.3360,0.0000,0.0000,678.7027,999.3748
59.591,1,1,heuristic,4.9787,99.0534,0.6368,2.9062,0.3207,2.9239,1.3182,0.7087,4.0000,-1.1992,0.5934,6.5472,0.0856,3.0000,0.0000,0.0000,0,20.5292,788.7027,939.0229,863.8628,75.1601,0.0000,0.0000,788.7027,939.0229
59.641,1,1,heuristic,5.1310,99.0812,0.6550,2.9107,0.3635,2.9333,-0.4542,0.7141,4.0000,-1.2599,0.5934,6.4302,0.0773,3.0000,0.0000,0.0000,0,20.5292,759.6062,987.1203,873.3632,113.7570,0.0000,0.0000,759.6062,987.1203
59.690,1,1,heuristic,5.2756,99.1110,0.6773,2.9311,0.4150,2.9603,1.2723,0.7198,4.0000,-1.3220,0.5934,6.3039,0.0648,3.0000,0.0000,0.0000,0,20.5292,839.0739,989.7990,914.4365,75.3625,0.0000,0.0000,839.0739,989.7990
59.742,1,1,heuristic,5.4301,99.1468,0.6945,2.9393,0.4698,2.9766,-0.4873,0.7246,4.0000,-1.3781,0.5934,6.1828,0.0473,3.0000,0.0000,0.0000,0,20.5292,818.4587,999.9416,909.2002,90.7415,0.0000,0.0000,818.4587,999.9416
59.790,1,1,heuristic,5.5769,99.1847,0.7154,2.9631,0.5335,3.0107,-0.5008,0.7297,4.0000,-1.4349,0.5934,6.0516,0.0352,3.0000,0.0000,0.0000,0,20.5292,772.3802,954.5076,863.4439,91.0637,0.0000,0.0000,772.3802,954.5076
59.841,1,1,heuristic,5.7336,99.2293,0.7351,2.9730,0.5983,3.0326,-0.5120,0.7337,4.0000,-1.4855,0.5934,5.9254,0.0184,3.0000,0.0000,0.0000,0,20.5292,713.9141,964.9433,839.4287,125.5146,0.0000,0.0000,713.9141,964.9433
59.891,1,1,heuristic,5.8816,99.2749,0.7548,2.9952,0.6690,3.0690,-0.5225,0.7380,4.0000,-1.5362,0.5934,5.7889,0.0030,3.0000,0.0000,0.0000,0,20.5292,687.2603,977.6404,832.4504,145.1901,0.0000,0.0000,687.2603,977.6404
59.941,1,1,heuristic,5.8816,99.2749,0.7700,2.9952,0.6690,3.0690,1.2368,0.7414,4.0000,-1.5811,0.5934,5.6585,-0.0134,3.0000,0.0000,0.0000,0,20.5292,679.0066,986.0243,832.5155,153.5089,0.0000,0.0000,679.0066,986.0243
59.991,1,1,heuristic,6.0387,99.3270,0.7847,3.0004,0.7353,3.0892,-0.5288,0.7414,4.0000,-1.5811,0.5934,5.6585,-0.0286,3.0000,0.0000,0.0000,0,20.5292,614.5638,978.6470,796.6054,182.0416,0.0000,0.0000,614.5638,978.6470
60.040,1,1,heuristic,6.1866,99.3790,0.7995,3.0165,0.8050,3.1221,1.2620,0.7451,4.0000,-1.6258,0.5934,5.5187,-0.0396,3.0000,0.0000,0.0000,0,20.5292,715.2052,980.8520,848.0286,132.8234,0.0000,0.0000,715.2052,980.8520
60.092,1,1,heuristic,6.3430,99.4371,0.8177,3.0148,0.8675,3.1371,-0.5305,0.7480,4.0000,-1.6654,0.5934,5.3860,-0.0514,3.0000,0.0000,0.0000,0,20.5292,715.2052,980.8520,848.0286,132.8234,0.0000,0.0000,715.2052,980.8520
60.141,1,1,heuristic,6.4898,99.4944,0.8358,3.0236,0.9329,3.1642,-0.5398,0.7513,4.0000,-1.7047,0.5934,5.2447,-0.0664,3.0000,0.0000,0.0000,0,20.5292,823.7951,939.1693,881.4822,57.6871,0.0000,0.0000,823.7951,939.1693
60.191,1,1,heuristic,6.6448,99.5582,0.8501,3.0151,0.9914,3.1739,1.2555,0.7539,4.0000,-1.7392,0.5934,5.1111,-0.0819,3.0000,0.0000,0.0000,0,20.5292,849.1568,995.3818,922.2693,73.1125,0.0000,0.0000,849.1568,995.3818
60.241,1,1,heuristic,6.7901,99.6209,0.8682,3.0172,1.0546,3.1962,1.2300,0.7567,3.9753,-1.7731,0.5934,4.9691,-0.0933,3.0000,0.0000,0.0000,0,20.5292,860.4348,984.2046,922.3197,61.8849,0.0000,0.0000,860.4348,984.2046
60.291,1,1,heuristic,6.9433,99.6907,0.8849,3.0029,1.1119,3.2022,1.2225,0.7588,3.8680,-1.8023,0.5934,4.8350,-0.1094,3.0000,0.0000,0.0000,0,20.5292,794.6368,965.1525,879.8946,85.2579,0.0000,0.0000,794.6368,965.1525
60.341,1,1,heuristic,7.0868,99.7593,0.8982,3.0002,1.1754,3.2222,-0.5863,0.7612,3.7537,-1.8301,0.5934,4.6921,-0.1237,3.0000,0.0000,0.0000,0,20.5292,874.6881,938.6629,906.6755,31.9874,0.0000,0.0000,874.6881,938.6629
60.391,1,1,heuristic,7.2377,99.8349,0.9146,2.9809,1.2311,3.2251,1.2005,0.7628,3.6457,-1.8535,0.5934,4.5571,-0.1354,3.0000,0.0000,0.0000,0,20.5292,953.0639,908.9393,931.0016,-22.0623,0.0000,0.0000,953.0639,908.9393
60.441,1,1,heuristic,7.3789,99.9089,0.9302,2.9727,1.2932,3.2418,1.2075,0.7647,3.5311,-1.8752,0.5934,4.4139,-0.1499,3.0000,0.0000,0.0000,0,20.5292,891.8048,926.3541,909.0795,17.2746,0.0000,0.0000,891.8048,926.3541
60.491,1,1,heuristic,7.3789,99.9089,0.9394,2.9727,1.2932,3.2418,1.1580,0.7659,3.4230,-1.8928,0.5934,4.2788,-0.1643,3.0000,0.0000,0.0000,0,20.5292,862.3208,907.3217,884.8212,22.5005,0.0000,0.0000,862.3208,907.3217
60.541,1,1,heuristic,7.5273,99.9906,0.9539,2.9489,1.3489,3.2428,1.1900,0.7659,3.4230,-1.8928,0.5934,4.2788,-0.1735,3.0000,0.0000,0.0000,0,20.5292,831.3970,883.2691,857.3331,25.9360,0.0000,0.0000,831.3970,883.2691
60.591,1,1,heuristic,7.6659,100.0703,0.9623,2.9368,1.4113,3.2583,1.1635,0.7673,3.3081,-1.9080,0.5934,4.1351,-0.1866,3.0000,0.0000,0.0000,0,20.5292,884.5108,779.5707,832.0408,-52.4700,0.0000,0.0000,884.5108,779.5707
60.641,1,1,heuristic,7.8114,100.1575,0.9758,2.9093,1.4645,3.2571,1.1450,0.7679,3.1998,-1.9194,0.5934,3.9998,-0.1944,3.0000,0.0000,0.0000,0,20.5292,926.2885,825.7680,876.0283,-50.2602,0.0000,0.0000,926.2885,825.7680
60.691,1,1,heuristic,7.9470,100.2420,0.9861,2.8922,1.5236,3.2689,-0.6853,0.7687,3.0852,-1.9285,0.5934,3.8565,-0.2070,3.0000,0.0000,0.0000,0,20.5292,960.1657,716.1731,838.1694,-121.9963,0.0000,0.0000,960.1657,716.1731
60.741,1,1,heuristic,8.0890,100.3343,0.9977,2.8598,1.5738,3.2643,-0.7073,0.7690,2.9777,-1.9343,0.5934,3.7221,-0.2171,3.0000,0.0000,0.0000,0,20.5292,962.1511,689.0904,825.6207,-136.5303,0.0000,0.0000,962.1511,689.0904
60.791,1,1,heuristic,8.2209,100.4236,1.0091,2.8375,1.6312,3.2730,-0.7392,0.7693,2.8641,-1.9372,0.5934,3.5801,-0.2283,3.0000,0.0000,0.0000,0,20.5292,888.7342,645.4546,767.0944,-121.6398,0.0000,0.0000,888.7342,645.4546
60.841,1,1,heuristic,8.2209,100.4236,1.0147,2.8375,1.6312,3.2730,-0.7640,0.7691,2.7576,-1.9369,0.5934,3.4471,-0.2400,3.0000,0.0000,0.0000,0,20.5292,888.7342,645.4546,767.0944,-121.6398,0.0000,0.0000,888.7342,645.4546
60.891,1,1,heuristic,8.3584,100.5205,1.0242,2.7990,1.6775,3.2632,-0.7930,0.7691,2.7576,-1.9369,0.5934,3.4471,-0.2456,3.0000,0.0000,0.0000,0,20.5292,814.6346,755.4546,785.0446,-29.5900,0.0000,0.0000,814.6346,755.4546
60.940,1,1,heuristic,8.4857,100.6132,1.0306,2.7693,1.7282,3.2643,1.0573,0.7690,2.6458,-1.9335,0.5934,3.3073,-0.2551,3.0000,0.0000,0.0000,0,20.5292,740.0046,864.5162,802.2604,62.2558,0.0000,0.0000,740.0046,864.5162
60.991,1,1,heuristic,8.6181,100.7129,1.0390,2.7249,1.7660,3.2471,1.0435,0.7685,2.5420,-1.9278,0.5934,3.1775,-0.2621,3.0000,0.0000,0.0000,0,20.5292,760.1937,956.7453,858.4695,98.2758,0.0000,0.0000,760.1937,956.7453
61.041,1,1,heuristic,8.7411,100.8079,1.0460,2.6923,1.8088,3.2435,1.0645,0.7681,2.4337,-1.9192,0.5934,3.0422,-0.2708,3.0000,0.0000,0.0000,0,20.5292,820.3614,932.3953,876.3783,56.0170,0.0000,0.0000,820.3614,932.3953
61.091,1,1,heuristic,8.8699,100.9100,1.0502,2.6493,1.8398,3.2254,-0.8125,0.7673,2.3335,-1.9092,0.5934,2.9169,-0.2787,3.0000,0.0000,0.0000,0,20.5292,850.2580,823.1011,836.6796,-13.5784,0.0000,0.0000,850.2580,823.1011
61.141,1,1,heuristic,8.9901,101.0076,1.0572,2.6202,1.8786,3.2240,-0.7950,0.7666,2.2291,-1.8965,0.5934,2.7864,-0.2836,3.0000,0.0000,0.0000,0,21.4821,850.2580,823.1011,836.6796,-13.5784,0.0000,0.0000,850.2580,823.1011
61.190,1,1,heuristic,9.1160,101.1125,1.0625,2.5803,1.9063,3.2081,1.0593,0.6797,4.0000,-2.0652,0.4914,23.2596,-0.3775,3.0000,0.0000,0.0000,0,21.4821,727.3026,704.9133,716.1079,-11.1947,0.0000,0.0000,727.3026,704.9133
61.240,1,1,heuristic,9.2330,101.2124,1.0688,2.5519,1.9412,3.2063,-0.8083,0.6772,4.0000,-2.0321,0.4914,23.0969,-0.3853,3.0000,0.0000,0.0000,0,21.4821,727.3026,704.9133,716.1079,-11.1947,0.0000,0.0000,727.3026,704.9133
61.291,1,1,heuristic,9.2330,101.2124,1.0725,2.5519,1.9412,3.2063,1.0568,0.6743,4.0000,-1.9993,0.4914,22.9443,-0.3945,3.0000,0.0000,0.0000,0,21.4821,577.8641,705.0543,641.4592,63.5951,0.0000,0.0000,577.8641,705.0543
61.341,1,1,heuristic,9.4679,101.4185,1.0796,2.4792,1.9853,3.1761,1.0500,0.6743,4.0000,-1.9993,0.4914,22.9443,-0.3982,3.0000,0.0000,0.0000,0,21.4821,615.7040,651.9602,633.8321,18.1281,0.0000,0.0000,615.7040,651.9602
61.391,1,1,heuristic,9.4679,101.4185,1.0844,2.4792,1.9853,3.1761,-0.8335,0.6687,4.0000,-1.9284,0.4914,22.6349,-0.4110,3.0000,0.0000,0.0000,0,21.4821,615.7040,651.9602,633.8321,18.1281,0.0000,0.0000,615.7040,651.9602
61.441,1,1,heuristic,9.5855,101.5239,1.0897,2.4357,1.9936,3.1475,-0.8433,0.6687,4.0000,-1.9284,0.4914,22.6349,-0.4157,3.0000,0.0000,0.0000,0,21.4821,725.3317,541.9627,633.6472,-91.6845,0.0000,0.0000,725.3317,541.9627
61.490,1,1,heuristic,9.6943,101.6227,1.0953,2.4017,2.0068,3.1298,1.0443,0.6660,4.0000,-1.8910,0.4914,22.4789,-0.4238,3.0000,0.0000,0.0000,0,21.4821,835.3317,625.2651,730.2984,-105.0333,0.0000,0.0000,835.3317,625.2651
61.541,1,1,heuristic,9.8073,101.7273,1.0982,2.3562,2.0078,3.0956,1.0680,0.6632,4.0000,-1.8552,0.4914,22.3338,-0.4322,3.0000,0.0000,0.0000,0,21.4821,926.0628,627.4670,776.7649,-149.2979,0.0000,0.0000,926.0628,627.4670
61.590,1,1,heuristic,9.9119,101.8265,1.1024,2.3205,2.0195,3.0762,-0.8755,0.6604,4.0000,-1.8163,0.4914,22.1821,-0.4378,3.0000,0.0000,0.0000,0,21.4821,942.3250,434.3676,688.3463,-253.9787,0.0000,0.0000,942.3250,434.3676
61.641,1,1,heuristic,9.9119,101.8265,1.1052,2.3205,2.0195,3.0762,-0.8928,0.6574,4.0000,-1.7782,0.4914,22.0405,-0.4450,3.0000,0.0000,0.0000,0,21.4821,942.3250,434.3676,688.3463,-253.9787,0.0000,0.0000,942.3250,434.3676
61.691,1,1,heuristic,10.0205,101.9329,1.1090,2.2742,2.0248,3.0450,-0.9447,0.6574,4.0000,-1.7782,0.4914,22.0405,-0.4478,3.0000,0.0000,0.0000,0,21.4821,927.7673,404.0104,665.8889,-261.8785,0.0000,0.0000,927.7673,404.0104
61.741,1,1,heuristic,10.1205,102.0340,1.1105,2.2359,2.0409,3.0273,-0.9603,0.6542,4.0000,-1.7356,0.4914,21.8916,-0.4548,3.0000,0.0000,0.0000,0,21.4821,919.4890,413.7213,666.6051,-252.8838,0.0000,0.0000,919.4890,413.7213
61.790,1,1,heuristic,10.2239,102.1418,1.1118,2.1864,2.0475,2.9954,0.9333,0.6507,4.0000,-1.6937,0.4914,21.7529,-0.4598,3.0000,0.0000,0.0000,0,21.4821,969.3509,523.6930,746.5219,-222.8289,0.0000,0.0000,969.3509,523.6930
61.841,1,1,heuristic,10.3190,102.2440,1.1118,2.1457,2.0637,2.9771,0.9045,0.6471,4.0000,-1.6474,0.4914,21.6077,-0.4647,3.0000,0.0000,0.0000,0,21.4821,989.8355,448.1145,718.9750,-270.8605,0.0000,0.0000,989.8355,448.1145
61.890,1,1,heuristic,10.3190,102.2440,1.1115,2.1457,2.0637,2.9771,0.9045,0.6433,4.0000,-1.6022,0.4914,21.4725,-0.4685,3.0000,0.0000,0.0000,0,21.4821,987.9079,667.5473,827.7276,-160.1803,0.0000,0.0000,987.9079,667.5473
61.941,1,1,heuristic,10.4179,102.3535,1.1093,2.0967,2.0722,2.9479,-1.0557,0.6433,4.0000,-1.6022,0.4914,21.4725,-0.4682,3.0000,0.0000,0.0000,0,21.4821,987.9079,667.5473,827.7276,-160.1803,0.0000,0.0000,987.9079,667.5473
61.991,1,1,heuristic,10.5098,102.4583,1.1074,2.0603,2.0944,2.9379,0.8682,0.6393,4.0000,-1.5523,0.4914,21.3304,-0.4700,3.0000,0.0000,0.0000,0,21.4821,977.6679,672.3057,824.9868,-152.6811,0.0000,0.0000,977.6679,672.3057
62.041,1,1,heuristic,10.6064,102.5715,1.1032,2.0197,2.1109,2.9215,-1.1022,0.6349,4.0000,-1.5033,0.4914,21.1967,-0.4725,3.0000,0.0000,0.0000,0,21.4821,997.1813,668.5729,832.8771,-164.3042,0.0000,0.0000,997.1813,668.5729
62.091,1,1,heuristic,10.6966,102.6799,1.0982,1.9918,2.1406,2.9240,-1.0988,0.6301,4.0000,-1.4490,0.4914,21.0547,-0.4731,3.0000,0.0000,0.0000,0,21.4821,998.8715,558.5729,778.7222,-220.1493,0.0000,0.0000,998.8715,558.5729
62.141,1,1,heuristic,10.6966,102.6799,1.0959,1.9918,2.1406,2.9240,-1.1188,0.6250,4.0000,-1.3960,0.4914,20.9207,-0.4732,3.0000,0.0000,0.0000,0,21.4821,988.8280,448.5729,718.7005,-270.1276,0.0000,0.0000,988.8280,448.5729
62.191,1,1,heuristic,10.7914,102.7967,1.0883,1.9579,2.1614,2.9163,-1.1333,0.6250,4.0000,-1.3960,0.4914,20.9207,-0.4709,3.0000,0.0000,0.0000,0,21.4821,999.4591,507.9587,753.7089,-245.7502,0.0000,0.0000,999.4591,507.9587
62.241,1,1,heuristic,10.8794,102.9077,1.0853,1.9328,2.1916,2.9221,-1.1555,0.6196,4.0000,-1.3378,0.4914,20.7786,-0.4686,3.0000,0.0000,0.0000,0,21.4821,986.0393,569.4227,777.7310,-208.3083,0.0000,0.0000,986.0393,569.4227
62.291,1,1,heuristic,10.8794,102.9077,1.0790,1.9328,2.1916,2.9221,0.7780,0.6142,4.0000,-1.2815,0.4914,20.6453,-0.4711,3.0000,0.0000,0.0000,0,21.4821,966.4501,565.1269,765.7885,-200.6616,0.0000,0.0000,966.4501,565.1269
62.340,1,1,heuristic,11.0571,103.1394,1.0682,1.8775,2.2389,2.9219,0.7702,0.6142,4.0000,-1.2815,0.4914,20.6453,-0.4648,3.0000,0.0000,0.0000,0,21.4821,993.5420,461.5830,727.5625,-265.9795,0.0000,0.0000,993.5420,461.5830
62.391,1,1,heuristic,11.0571,103.1394,1.0644,1.8775,2.2389,2.9219,0.7502,0.6028,4.0000,-1.1610,0.4914,20.3725,-0.4655,3.0000,0.0000,0.0000,0,21.4821,1000.0000,351.5830,675.7915,-324.2085,0.0000,0.0000,1000.0000,351.5830
62.441,1,1,heuristic,11.1471,103.2602,1.0518,1.8481,2.2555,2.9160,0.7295,0.6028,4.0000,-1.1610,0.4914,20.3725,-0.4617,3.0000,0.0000,0.0000,0,21.4821,895.8990,441.3192,668.6091,-227.2899,0.0000,0.0000,895.8990,441.3192
62.491,1,1,heuristic,11.2306,103.3743,1.0449,1.8264,2.2799,2.9212,0.7157,0.5968,4.0000,-1.0970,0.4914,20.2329,-0.4550,3.0000,0.0000,0.0000,0,21.4821,985.7654,511.4119,748.5887,-237.1768,0.0000,0.0000,985.7654,511.4119
62.541,1,1,heuristic,11.3177,103.4952,1.0326,1.7962,2.2889,2.9095,0.7117,0.5908,4.0000,-1.0358,0.4914,20.1023,-0.4541,3.0000,0.0000,0.0000,0,21.4821,991.1344,570.5887,780.8615,-210.2728,0.0000,0.0000,991.1344,570.5887
62.591,1,1,heuristic,11.3989,103.6093,1.0222,1.7753,2.3065,2.9106,-1.2688,0.5847,4.0000,-0.9703,0.4914,19.9654,-0.4479,3.0000,0.0000,0.0000,0,21.4821,988.8529,460.5887,724.7208,-264.1321,0.0000,0.0000,988.8529,460.5887
62.640,1,1,heuristic,11.3989,103.6093,1.0139,1.7753,2.3065,2.9106,-1.2830,0.5788,4.0000,-0.9080,0.4914,19.8371,-0.4434,3.0000,0.0000,0.0000,0,21.4821,950.1531,350.6131,650.3831,-299.7700,0.0000,0.0000,950.1531,350.6131
62.691,1,1,heuristic,11.4844,103.7306,0.9971,1.7489,2.3118,2.8988,0.6793,0.5788,4.0000,-0.9080,0.4914,19.8371,-0.4351,3.0000,0.0000,0.0000,0,21.4821,970.5791,257.9280,614.2535,-356.3256,0.0000,0.0000,970.5791,257.9280
62.741,1,1,heuristic,11.5639,103.8447,0.9876,1.7304,2.3248,2.8981,0.6528,0.5725,4.0000,-0.8414,0.4914,19.7017,-0.4246,3.0000,0.0000,0.0000,0,21.4821,996.7135,348.6541,672.6838,-324.0297,0.0000,0.0000,996.7135,348.6541
62.791,1,1,heuristic,11.6465,103.9648,0.9750,1.7021,2.3219,2.8790,-1.3417,0.5665,4.0000,-0.7783,0.4914,19.5753,-0.4211,3.0000,0.0000,0.0000,0,21.4821,1000.0000,238.6541,619.3271,-380.6729,0.0000,0.0000,1000.0000,238.6541
62.840,1,1,heuristic,11.7229,104.0774,0.9616,1.6802,2.3267,2.8699,0.6312,0.5602,4.0000,-0.7114,0.4914,19.4433,-0.4148,3.0000,0.0000,0.0000,0,21.4821,872.3972,212.4501,542.4237,-329.9735,0.0000,0.0000,872.3972,212.4501
62.890,1,1,heuristic,11.7229,104.0774,0.9476,1.6802,2.3267,2.8699,-1.3942,0.5542,4.0000,-0.6482,0.4914,19.3207,-0.4074,3.0000,0.0000,0.0000,0,21.4821,853.8250,132.9054,493.3652,-360.4598,0.0000,0.0000,853.8250,132.9054
62.941,1,1,heuristic,11.8753,104.3063,0.9253,1.6236,2.3138,2.8266,0.5825,0.5542,4.0000,-0.6482,0.4914,19.3207,-0.3934,3.0000,0.0000,0.0000,0,21.4821,890.4972,215.7057,553.1015,-337.3958,0.0000,0.0000,890.4972,215.7057
62.991,1,1,heuristic,11.8753,104.3063,0.9175,1.6236,2.3138,2.8266,-1.4100,0.5420,4.0000,-0.5182,0.4914,19.0745,-0.3834,3.0000,0.0000,0.0000,0,21.4821,890.4972,215.7057,553.1015,-337.3958,0.0000,0.0000,890.4972,215.7057
63.041,1,1,heuristic,11.9507,104.4219,0.8934,1.5889,2.2956,2.7919,0.5600,0.5420,4.0000,-0.5182,0.4914,19.0745,-0.3756,3.0000,0.0000,0.0000,0,21.4821,947.1404,435.7057,691.4230,-255.7174,0.0000,0.0000,947.1404,435.7057
63.092,1,1,heuristic,12.0204,104.5299,0.8765,1.5617,2.2865,2.7689,-1.4587,0.5357,4.0000,-0.4519,0.4914,18.9518,-0.3577,3.0000,0.0000,0.0000,0,21.4821,998.8023,437.9762,718.3892,-280.4131,0.0000,0.0000,998.8023,437.9762
63.141,1,1,heuristic,12.0939,104.6442,0.8550,1.5318,2.2687,2.7374,0.5527,0.5297,4.0000,-0.3896,0.4914,18.8380,-0.3468,3.0000,0.0000,0.0000,0,21.4821,952.3551,538.6112,745.4831,-206.8719,0.0000,0.0000,952.3551,538.6112
63.191,1,1,heuristic,12.1635,104.7523,0.8419,1.5153,2.2655,2.7256,-1.4638,0.5234,4.0000,-0.3235,0.4914,18.7181,-0.3316,3.0000,0.0000,0.0000,0,21.4821,993.1090,469.0815,731.0952,-262.0137,0.0000,0.0000,993.1090,469.0815
63.241,1,1,heuristic,12.2382,104.8678,0.8198,1.4996,2.2564,2.7093,0.5737,0.5173,4.0000,-0.2610,0.4914,18.6047,-0.3246,3.0000,0.0000,0.0000,0,21.4821,978.6546,570.0076,774.3311,-204.3235,0.0000,0.0000,978.6546,570.0076
63.291,1,1,heuristic,12.3096,104.9773,0.7977,1.4972,2.2615,2.7122,0.5723,0.5107,4.0000,-0.1944,0.4914,18.4836,-0.3091,3.0000,0.0000,0.0000,0,21.4821,978.6546,570.0076,774.3311,-204.3235,0.0000,0.0000,978.6546,570.0076
63.341,1,1,heuristic,12.3096,104.9773,0.7800,1.4972,2.2615,2.7122,-1.4638,0.5045,4.0000,-0.1315,0.4914,18.3684,-0.2932,3.0000,0.0000,0.0000,0,21.4821,902.2308,599.6579,750.9443,-151.2865,0.0000,0.0000,902.2308,599.6579
63.390,1,1,heuristic,12.4615,105.2060,0.7535,1.5069,2.2725,2.7267,0.5790,0.5045,4.0000,-0.1315,0.4914,18.3684,-0.2755,3.0000,0.0000,0.0000,0,21.4821,962.3628,718.3734,840.3681,-121.9947,0.0000,0.0000,962.3628,718.3734
63.441,1,1,heuristic,12.4615,105.2060,0.7448,1.5069,2.2725,2.7267,-1.4318,0.4916,4.0000,-0.0016,0.4914,18.1261,-0.2620,3.0000,0.0000,0.0000,0,21.4821,962.3628,718.3734,840.3681,-121.9947,0.0000,0.0000,962.3628,718.3734
63.491,1,1,heuristic,12.5429,105.3253,0.7275,1.5186,2.2769,2.7368,0.6168,0.4916,4.0000,-0.0016,0.4914,18.1261,-0.2533,3.0000,0.0000,0.0000,0,21.4821,953.1600,610.0307,781.5953,-171.5646,0.0000,0.0000,953.1600,610.0307
63.541,1,1,heuristic,12.5429,105.3253,0.7148,1.5186,2.2769,2.7368,0.6050,0.4849,4.0000,0.0652,0.4914,17.9981,-0.2426,3.0000,0.0000,0.0000,0,21.4821,961.2882,602.2978,781.7930,-179.4952,0.0000,0.0000,961.2882,602.2978
63.590,1,1,heuristic,12.6221,105.4389,0.7023,1.5450,2.2947,2.7664,-1.4290,0.4849,4.0000,0.0652,0.4914,17.9981,-0.2299,3.0000,0.0000,0.0000,0,21.4821,807.9540,478.0097,642.9819,-164.9722,0.0000,0.0000,807.9540,478.0097
63.641,1,1,heuristic,12.7085,105.5603,0.6818,1.5681,2.3026,2.7858,0.6152,0.4788,4.0000,0.1279,0.4914,17.8750,-0.2235,3.0000,0.0000,0.0000,0,21.4821,917.9461,421.5047,669.7254,-248.2207,0.0000,0.0000,917.9461,421.5047
63.691,1,1,heuristic,12.7911,105.6747,0.6616,1.5988,2.3187,2.8165,0.6462,0.4723,4.0000,0.1942,0.4914,17.7422,-0.2095,3.0000,0.0000,0.0000,0,21.4821,917.9461,421.5047,669.7254,-248.2207,0.0000,0.0000,917.9461,421.5047
63.741,1,1,heuristic,12.8796,105.7956,0.6421,1.6194,2.3203,2.8295,0.6140,0.4664,4.0000,0.2561,0.4914,17.6162,-0.1953,3.0000,0.0000,0.0000,0,21.4821,994.7480,531.5047,763.1263,-231.6216,0.0000,0.0000,994.7480,531.5047
63.791,1,1,heuristic,12.9637,105.9093,0.6250,1.6461,2.3298,2.8527,-1.4387,0.4601,4.0000,0.3210,0.4914,17.4822,-0.1820,3.0000,0.0000,0.0000,0,21.4821,992.3312,630.4327,811.3819,-180.9493,0.0000,0.0000,992.3312,630.4327
63.841,1,1,heuristic,13.0544,106.0297,0.6053,1.6655,2.3268,2.8615,-1.4443,0.4543,4.0000,0.3815,0.4914,17.3556,-0.1707,3.0000,0.0000,0.0000,0,21.4821,983.1736,700.3441,841.7589,-141.4148,0.0000,0.0000,983.1736,700.3441
63.891,1,1,heuristic,13.1416,106.1430,0.5892,1.6960,2.3336,2.8848,0.6400,0.4482,4.0000,0.4449,0.4914,17.2204,-0.1571,3.0000,0.0000,0.0000,0,21.4821,987.2514,602.1667,794.7091,-192.5423,0.0000,0.0000,987.2514,602.1667
63.941,1,1,heuristic,13.2363,106.2629,0.5690,1.7209,2.3279,2.8950,-1.4367,0.4427,4.0000,0.5036,0.4914,17.0917,-0.1465,3.0000,0.0000,0.0000,0,21.4821,992.4415,565.7213,779.0814,-213.3601,0.0000,0.0000,992.4415,565.7213
63.991,1,1,heuristic,13.2363,106.2629,0.5530,1.7209,2.3279,2.8950,0.6392,0.4369,4.0000,0.5646,0.4914,16.9537,-0.1321,3.0000,0.0000,0.0000,0,21.4821,994.1355,593.7206,793.9281,-200.2074,0.0000,0.0000,994.1355,593.7206
64.041,1,1,heuristic,13.3269,106.3753,0.5331,1.7543,2.3309,2.9173,0.6480,0.4369,4.0000,0.5646,0.4914,16.9537,-0.1162,3.0000,0.0000,0.0000,0,21.4821,994.1355,593.7206,793.9281,-200.2074,0.0000,0.0000,994.1355,593.7206
64.091,1,1,heuristic,13.4244,106.4939,0.5137,1.7783,2.3209,2.9238,0.6502,0.4316,4.0000,0.6210,0.4914,16.8228,-0.1015,3.0000,0.0000,0.0000,0,21.4821,965.3561,484.8028,725.0795,-240.2766,0.0000,0.0000,965.3561,484.8028
64.141,1,1,heuristic,13.5175,106.6051,0.4966,1.8107,2.3199,2.9429,-1.4532,0.4261,4.0000,0.6796,0.4914,16.6833,-0.0876,3.0000,0.0000,0.0000,0,21.4821,991.1830,586.3532,788.7681,-202.4149,0.0000,0.0000,991.1830,586.3532
64.191,1,1,heuristic,13.6176,106.7222,0.4771,1.8335,2.3065,2.9464,-1.4520,0.4211,4.0000,0.7336,0.4914,16.5511,-0.0756,3.0000,0.0000,0.0000,0,21.4821,982.1075,696.3250,839.2163,-142.8913,0.0000,0.0000,982.1075,696.3250
64.241,1,1,heuristic,13.7130,106.8319,0.4570,1.8644,2.3021,2.9623,0.6588,0.4157,4.0000,0.7897,0.4914,16.4103,-0.0614,3.0000,0.0000,0.0000,0,21.4821,990.1719,663.5820,826.8769,-163.2950,0.0000,0.0000,990.1719,663.5820
64.291,1,1,heuristic,13.7130,106.8319,0.4570,1.8644,2.3021,2.9623,0.6588,0.4110,4.0000,0.8414,0.4914,16.2772,-0.0460,3.0000,0.0000,0.0000,0,21.4821,952.2232,773.5811,862.9021,-89.3210,0.0000,0.0000,952.2232,773.5811
64.341,1,1,heuristic,13.9161,107.0557,0.4210,1.9269,2.2800,2.9852,-1.4318,0.4060,4.0000,0.8945,0.4914,16.1346,-0.0309,3.0000,0.0000,0.0000,0,21.4821,907.2453,663.5811,785.4132,-121.8321,0.0000,0.0000,907.2453,663.5811
64.390,1,1,heuristic,14.0248,107.1696,0.4007,1.9596,2.2621,2.9928,-1.4443,0.4017,4.0000,0.9429,0.4914,15.9986,-0.0193,3.0000,0.0000,0.0000,0,21.4821,939.1933,837.0382,888.1158,-51.0775,0.0000,0.0000,939.1933,837.0382
64.441,1,1,heuristic,14.1296,107.2758,0.3863,2.0042,2.2523,3.0149,0.6965,0.3971,4.0000,0.9920,0.4914,15.8523,-0.0036,3.0000,0.0000,0.0000,0,21.4821,912.7730,944.6690,928.7210,15.9480,0.0000,0.0000,912.7730,944.6690
64.490,1,1,heuristic,14.2439,107.3873,0.3670,2.0429,2.2303,3.0245,0.7107,0.3932,4.0000,1.0362,0.4914,15.7129,0.0069,3.0000,0.0000,0.0000,0,21.4821,888.9234,834.6690,861.7962,-27.1272,0.0000,0.0000,888.9234,834.6690
64.540,1,1,heuristic,14.3550,107.4909,0.3525,2.0972,2.2163,3.0512,-1.3855,0.3892,4.0000,1.0805,0.4914,15.5629,0.0222,3.0000,0.0000,0.0000,0,21.4821,992.7091,861.2744,926.9918,-65.7174,0.0000,0.0000,992.7091,861.2744
64.591,1,1,heuristic,14.3550,107.4909,0.3387,2.0972,2.2163,3.0512,0.7435,0.3859,4.0000,1.1195,0.4914,15.4192,0.0334,3.0000,0.0000,0.0000,0,21.4821,952.9823,971.2744,962.1284,9.1460,0.0000,0.0000,952.9823,971.2744
64.641,1,1,heuristic,14.5932,107.7002,0.3187,2.2030,2.1723,3.0939,0.7735,0.3859,4.0000,1.1195,0.4914,15.4192,0.0473,3.0000,0.0000,0.0000,0,21.4821,952.9823,971.2744,962.1284,9.1460,0.0000,0.0000,952.9823,971.2744
64.690,1,1,heuristic,14.5932,107.7002,0.3061,2.2030,2.1723,3.0939,-1.3573,0.3799,4.0000,1.1916,0.4914,15.1167,0.0612,3.0000,0.0000,0.0000,0,21.4821,971.6585,751.4974,861.5779,-110.0806,0.0000,0.0000,971.6585,751.4974
64.741,1,1,heuristic,14.7212,107.8056,0.2905,2.2545,2.1432,3.1107,-1.3345,0.3799,4.0000,1.1916,0.4914,15.1167,0.0737,3.0000,0.0000,0.0000,0,21.4821,971.6585,751.4974,861.5779,-110.0806,0.0000,0.0000,971.6585,751.4974
64.791,1,1,heuristic,14.8444,107.9034,0.2799,2.3173,2.1221,3.1422,0.8010,0.3771,4.0000,1.2242,0.4914,14.9573,0.0866,3.0000,0.0000,0.0000,0,21.4821,996.9956,770.6903,883.8430,-113.1527,0.0000,0.0000,996.9956,770.6903
64.841,1,1,heuristic,14.9771,108.0055,0.2652,2.3640,2.0903,3.1556,0.8095,0.3750,4.0000,1.2522,0.4914,14.8053,0.0951,3.0000,0.0000,0.0000,0,21.4821,899.4007,847.6157,873.5082,-25.8925,0.0000,0.0000,899.4007,847.6157
64.891,1,1,heuristic,15.1036,108.1002,0.2539,2.4184,2.0667,3.1812,-1.3450,0.3727,4.0000,1.2797,0.4914,14.6432,0.1075,3.0000,0.0000,0.0000,0,21.4821,789.4007,738.8897,764.1452,-25.2555,0.0000,0.0000,789.4007,738.8897
64.941,1,1,heuristic,15.2394,108.1986,0.2401,2.4571,2.0320,3.1884,0.8213,0.3710,4.0000,1.3034,0.4914,14.4897,0.1171,3.0000,0.0000,0.0000,0,21.4821,817.3571,791.1447,804.2509,-13.1062,0.0000,0.0000,817.3571,791.1447
64.991,1,1,heuristic,15.3680,108.2892,0.2266,2.5013,2.0031,3.2045,0.8365,0.3690,4.0000,1.3261,0.4914,14.3263,0.1289,3.0000,0.0000,0.0000,0,21.4821,817.3571,791.1447,804.2509,-13.1062,0.0000,0.0000,817.3571,791.1447
65.041,1,1,heuristic,15.5047,108.3828,0.2162,2.5269,1.9625,3.1995,-1.3145,0.3675,4.0000,1.3454,0.4914,14.1727,0.1410,3.0000,0.0000,0.0000,0,21.4821,746.7063,799.1974,772.9519,26.2456,0.0000,0.0000,746.7063,799.1974
65.091,1,1,heuristic,15.6339,108.4688,0.2012,2.5599,1.9281,3.2048,0.8593,0.3658,4.0000,1.3634,0.4914,14.0104,0.1496,3.0000,0.0000,0.0000,0,21.4821,854.7491,904.2027,879.4759,24.7268,0.0000,0.0000,854.7491,904.2027
65.141,1,1,heuristic,15.7712,108.5573,0.1944,2.5761,1.8830,3.1909,0.8688,0.3646,4.0000,1.3782,0.4914,13.8582,0.1634,3.0000,0.0000,0.0000,0,21.4821,941.0627,847.4562,894.2594,-46.8032,0.0000,0.0000,941.0627,847.4562
65.191,1,1,heuristic,15.9016,108.6385,0.1824,2.6039,1.8448,3.1912,0.8715,0.3631,4.0000,1.3915,0.4914,13.6975,0.1687,3.0000,0.0000,0.0000,0,21.4821,862.5176,813.3456,837.9316,-24.5860,0.0000,0.0000,862.5176,813.3456
65.240,1,1,heuristic,16.0411,108.7225,0.1713,2.6196,1.7989,3.1778,-1.2835,0.3622,4.0000,1.4016,0.4914,13.5461,0.1798,3.0000,0.0000,0.0000,0,21.4821,856.6653,973.2128,914.9390,58.2738,0.0000,0.0000,856.6653,973.2128
65.290,1,1,heuristic,16.1734,108.7997,0.1608,2.6471,1.7605,3.1791,-1.2973,0.3612,4.0000,1.4098,0.4914,13.3852,0.1899,3.0000,0.0000,0.0000,0,21.4821,914.1049,863.2128,888.6589,-25.4461,0.0000,0.0000,914.1049,863.2128
65.341,1,1,heuristic,16.1734,108.7997,0.1526,2.6471,1.7605,3.1791,0.9173,0.3607,4.0000,1.4154,0.4914,13.2336,0.1999,3.0000,0.0000,0.0000,0,21.4821,914.1049,863.2128,888.6589,-25.4461,0.0000,0.0000,914.1049,863.2128
65.391,1,1,heuristic,16.3153,108.8793,0.1435,2.6635,1.7146,3.1677,0.9135,0.3607,4.0000,1.4154,0.4914,13.2336,0.2081,3.0000,0.0000,0.0000,0,21.4821,943.7368,962.3888,953.0628,9.3260,0.0000,0.0000,943.7368,962.3888
65.440,1,1,heuristic,16.4504,108.9525,0.1410,2.6935,1.6766,3.1727,-1.2712,0.3602,4.0000,1.4186,0.4914,13.0722,0.2167,3.0000,0.0000,0.0000,0,21.4821,899.9707,917.6882,908.8294,8.8587,0.0000,0.0000,899.9707,917.6882
65.491,1,1,heuristic,16.5955,109.0282,0.1318,2.7128,1.6325,3.1661,0.9310,0.3602,4.0000,1.4194,0.4914,12.9196,0.2192,3.0000,0.0000,0.0000,0,21.4821,813.6132,843.0092,828.3112,14.6980,0.0000,0.0000,813.6132,843.0092
65.541,1,1,heuristic,16.7337,109.0977,0.1229,2.7464,1.5956,3.1763,0.9350,0.3603,4.0000,1.4177,0.4914,12.7568,0.2285,3.0000,0.0000,0.0000,0,21.4821,813.6132,843.0092,828.3112,14.6980,0.0000,0.0000,813.6132,843.0092
65.592,1,1,heuristic,16.7337,109.0977,0.1178,2.7464,1.5956,3.1763,0.9357,0.3608,4.0000,1.4137,0.4914,12.6026,0.2379,3.0000,0.0000,0.0000,0,21.4821,892.9088,911.7873,902.3481,9.4392,0.0000,0.0000,892.9088,911.7873
65.641,1,1,heuristic,16.8813,109.1693,0.1095,2.7648,1.5520,3.1706,0.9563,0.3608,4.0000,1.4137,0.4914,12.6026,0.2430,3.0000,0.0000,0.0000,0,21.4821,824.9595,816.2300,820.5948,-4.3648,0.0000,0.0000,824.9595,816.2300
65.690,1,1,heuristic,17.0215,109.2349,0.1048,2.7960,1.5150,3.1801,0.9633,0.3613,4.0000,1.4072,0.4914,12.4390,0.2518,3.0000,0.0000,0.0000,0,21.4821,990.7933,927.5731,959.1832,-31.6101,0.0000,0.0000,990.7933,927.5731
65.741,1,1,heuristic,17.1715,109.3025,0.0970,2.8135,1.4720,3.1753,0.9550,0.3622,4.0000,1.3989,0.4914,12.2845,0.2575,3.0000,0.0000,0.0000,0,21.4821,990.7933,927.5731,959.1832,-31.6101,0.0000,0.0000,990.7933,927.5731
65.791,1,1,heuristic,17.3145,109.3645,0.0911,2.8466,1.4360,3.1883,-1.2540,0.3632,4.0000,1.3878,0.4914,12.1202,0.2661,3.0000,0.0000,0.0000,0,21.4821,981.5655,938.6182,960.0919,-21.4736,0.0000,0.0000,981.5655,938.6182
65.841,1,1,heuristic,17.3145,109.3645,0.0866,2.8466,1.4360,3.1883,-1.2543,0.3646,4.0000,1.3750,0.4914,11.9644,0.2735,3.0000,0.0000,0.0000,0,21.4821,989.1674,991.1866,990.1770,1.0096,0.0000,0.0000,989.1674,991.1866
65.891,1,1,heuristic,17.4681,109.4285,0.0793,2.8683,1.3950,3.1895,-1.2568,0.3646,4.0000,1.3750,0.4914,11.9644,0.2780,3.0000,0.0000,0.0000,0,21.4821,952.3010,1000.0000,976.1505,23.8495,0.0000,0.0000,952.3010,1000.0000
65.941,1,1,heuristic,17.6147,109.4872,0.0764,2.9052,1.3604,3.2080,-1.2503,0.3660,4.0000,1.3589,0.4914,11.7980,0.2867,3.0000,0.0000,0.0000,0,21.4821,788.1527,992.1324,890.1426,101.9898,0.0000,0.0000,788.1527,992.1324
65.990,1,1,heuristic,17.7717,109.5475,0.0694,2.9282,1.3202,3.2120,0.9962,0.3680,4.0000,1.3415,0.4914,11.6401,0.2916,3.0000,0.0000,0.0000,0,21.4821,700.1748,980.4649,840.3198,140.1450,0.0000,0.0000,700.1748,980.4649
66.041,1,1,heuristic,17.9202,109.6023,0.0628,2.9611,1.2845,3.2277,1.0025,0.3699,4.0000,1.3205,0.4914,11.4719,0.3005,3.0000,0.0000,0.0000,0,21.4821,700.1748,980.4649,840.3198,140.1450,0.0000,0.0000,700.1748,980.4649
66.091,1,1,heuristic,17.9202,109.6023,0.0581,2.9611,1.2845,3.2277,-1.2000,0.3722,4.0000,1.2988,0.4914,11.3137,0.3094,3.0000,0.0000,0.0000,0,21.4821,481.2787,835.2764,658.2775,176.9988,0.0000,0.0000,481.2787,835.2764
66.141,1,1,heuristic,18.0774,109.6581,0.0538,2.9738,1.2421,3.2228,1.0365,0.3722,4.0000,1.2988,0.4914,11.3137,0.3141,3.0000,0.0000,0.0000,0,21.4821,481.2787,835.2764,658.2775,176.9988,0.0000,0.0000,481.2787,835.2764
66.191,1,1,heuristic,18.2246,109.7084,0.0521,2.9923,1.2036,3.2253,1.0665,0.3744,4.0000,1.2738,0.4914,11.1469,0.3205,3.0000,0.0000,0.0000,0,21.4821,449.8472,919.7101,684.7787,234.9314,0.0000,0.0000,449.8472,919.7101
66.241,1,1,heuristic,18.3784,109.7594,0.0482,2.9852,1.1587,3.2022,-1.1580,0.3767,4.0000,1.2487,0.4914,10.9915,0.3246,3.0000,0.0000,0.0000,0,21.4821,559.8472,982.5862,771.2167,211.3695,0.0000,0.0000,559.8472,982.5862
66.290,1,1,heuristic,18.5214,109.8050,0.0457,2.9843,1.1172,3.1866,-1.1267,0.3788,4.0000,1.2211,0.4914,10.8298,0.3307,3.0000,0.0000,0.0000,0,21.4821,492.8116,977.3216,735.0666,242.2550,0.0000,0.0000,492.8116,977.3216
66.341,1,1,heuristic,18.5214,109.8050,0.0448,2.9843,1.1172,3.1866,-1.1095,0.3811,4.0000,1.1938,0.4914,10.6800,0.3354,3.0000,0.0000,0.0000,0,21.4821,594.4678,963.7619,779.1149,184.6471,0.0000,0.0000,594.4678,963.7619
66.391,1,1,heuristic,18.6719,109.8509,0.0447,2.9660,1.0704,3.1532,-1.0828,0.3811,4.0000,1.1938,0.4914,10.6800,0.3363,3.0000,0.0000,0.0000,0,21.4821,594.4678,963.7619,779.1149,184.6471,0.0000,0.0000,594.4678,963.7619
66.440,1,1,heuristic,18.8125,109.8921,0.0454,2.9589,1.0277,3.1323,1.1838,0.3834,4.0000,1.1633,0.4914,10.5233,0.3387,3.0000,0.0000,0.0000,0,21.4821,544.2234,973.7715,758.9974,214.7741,0.0000,0.0000,544.2234,973.7715
66.491,1,1,heuristic,18.9608,109.9336,0.0470,2.9375,0.9819,3.0973,-1.0528,0.3859,4.0000,1.1332,0.4914,10.3774,0.3405,3.0000,0.0000,0.0000,0,21.4821,544.2234,973.7715,758.9974,214.7741,0.0000,0.0000,544.2234,973.7715
66.541,1,1,heuristic,19.0997,109.9709,0.0492,2.9287,0.9408,3.0761,1.2268,0.3884,4.0000,1.0999,0.4914,10.2243,0.3415,3.0000,0.0000,0.0000,0,21.4821,508.9973,963.0445,736.0209,227.0236,0.0000,0.0000,508.9973,963.0445
66.591,1,1,heuristic,19.2461,110.0084,0.0537,2.9059,0.8970,3.0412,1.2500,0.3912,4.0000,1.0672,0.4914,10.0816,0.3420,3.0000,0.0000,0.0000,0,21.4821,574.5894,887.3449,730.9671,156.3778,0.0000,0.0000,574.5894,887.3449
66.641,1,1,heuristic,19.2461,110.0084,0.0565,2.9059,0.8970,3.0412,-1.0055,0.3941,4.0000,1.0312,0.4914,9.9319,0.3403,3.0000,0.0000,0.0000,0,21.4821,678.4530,783.6304,731.0417,52.5887,0.0000,0.0000,678.4530,783.6304
66.690,1,1,heuristic,19.3832,110.0421,0.0622,2.8958,0.8579,3.0203,1.2710,0.3941,4.0000,1.0312,0.4914,9.9319,0.3376,3.0000,0.0000,0.0000,0,21.4821,678.4530,783.6304,731.0417,52.5887,0.0000,0.0000,678.4530,783.6304
66.740,1,1,heuristic,19.5278,110.0765,0.0678,2.8730,0.8185,2.9873,1.2555,0.3971,4.0000,0.9962,0.4914,9.7923,0.3349,3.0000,0.0000,0.0000,0,21.4821,605.2861,756.5090,680.8976,75.6115,0.0000,0.0000,605.2861,756.5090
66.790,1,1,heuristic,19.6636,110.1080,0.0722,2.8644,0.7861,2.9703,1.2575,0.4002,4.0000,0.9583,0.4914,9.6455,0.3324,3.0000,0.0000,0.0000,0,21.4821,656.9479,734.2560,695.6019,38.6541,0.0000,0.0000,656.9479,734.2560
66.841,1,1,heuristic,19.8071,110.1405,0.0780,2.8434,0.7539,2.9416,1.2708,0.4034,4.0000,0.9220,0.4914,9.5079,0.3313,3.0000,0.0000,0.0000,0,21.4821,692.3943,639.4525,665.9234,-26.4709,0.0000,0.0000,692.3943,639.4525
66.891,1,1,heuristic,19.9418,110.1704,0.0830,2.8359,0.7279,2.9278,-1.0308,0.4068,4.0000,0.8829,0.4914,9.3630,0.3288,3.0000,0.0000,0.0000,0,21.4821,717.6968,701.7102,709.7035,-7.9933,0.0000,0.0000,717.6968,701.7102
66.941,1,1,heuristic,20.0841,110.2016,0.0893,2.8159,0.7024,2.9021,1.2575,0.4102,4.0000,0.8458,0.4914,9.2272,0.3272,3.0000,0.0000,0.0000,0,21.4821,720.7051,811.5711,766.1381,45.4330,0.0000,0.0000,720.7051,811.5711
66.991,1,1,heuristic,20.2180,110.2307,0.0950,2.8106,0.6830,2.8924,1.2530,0.4137,4.0000,0.8062,0.4914,9.0841,0.3244,3.0000,0.0000,0.0000,0,21.4821,830.7051,921.5678,876.1364,45.4314,0.0000,0.0000,830.7051,921.5678
67.040,1,1,heuristic,20.2180,110.2307,0.0984,2.8106,0.6830,2.8924,1.2630,0.4172,4.0000,0.7686,0.4914,8.9495,0.3222,3.0000,0.0000,0.0000,0,21.4821,938.5559,986.9471,962.7515,24.1956,0.0000,0.0000,938.5559,986.9471
67.091,1,1,heuristic,20.3609,110.2611,0.1036,2.7984,0.6634,2.8760,1.2525,0.4172,4.0000,0.7686,0.4914,8.9495,0.3188,3.0000,0.0000,0.0000,0,21.4821,935.5905,983.2491,959.4198,23.8293,0.0000,0.0000,935.5905,983.2491
67.141,1,1,heuristic,20.4976,110.2895,0.1078,2.8081,0.6491,2.8821,-1.0675,0.4209,4.0000,0.7279,0.4914,8.8062,0.3173,3.0000,0.0000,0.0000,0,21.4821,963.3332,957.9182,960.6257,-2.7075,0.0000,0.0000,963.3332,957.9182
67.191,1,1,heuristic,20.6451,110.3196,0.1121,2.8137,0.6348,2.8845,-1.0660,0.4248,4.0000,0.6885,0.4914,8.6695,0.3170,3.0000,0.0000,0.0000,0,21.4821,1000.0000,907.5245,953.7622,-46.2378,0.0000,0.0000,1000.0000,907.5245
67.241,1,1,heuristic,20.7862,110.3478,0.1155,2.8391,0.6257,2.9072,-1.0762,0.4290,4.0000,0.6454,0.4914,8.5224,0.3169,3.0000,0.0000,0.0000,0,21.4821,1000.0000,907.5245,953.7622,-46.2378,0.0000,0.0000,1000.0000,907.5245
67.291,1,1,heuristic,20.9381,110.3780,0.1192,2.8552,0.6164,2.9210,-1.1102,0.4332,4.0000,0.6038,0.4914,8.3819,0.3177,3.0000,0.0000,0.0000,0,21.4821,890.0000,914.5710,902.2855,12.2855,0.0000,0.0000,890.0000,914.5710
67.341,1,1,heuristic,21.0828,110.4065,0.1235,2.8875,0.6119,2.9516,-1.1010,0.4376,4.0000,0.5587,0.4914,8.2311,0.3184,3.0000,0.0000,0.0000,0,21.4821,780.0000,990.1066,885.0533,105.0533,0.0000,0.0000,780.0000,990.1066
67.391,1,1,heuristic,21.0828,110.4065,0.1264,2.8875,0.6119,2.9516,1.2243,0.4420,4.0000,0.5155,0.4914,8.0874,0.3185,3.0000,0.0000,0.0000,0,21.4821,670.0012,985.7799,827.8906,157.8894,0.0000,0.0000,670.0012,985.7799
67.442,1,1,heuristic,21.2378,110.4366,0.1296,2.9058,0.6052,2.9682,-1.0933,0.4420,4.0000,0.5155,0.4914,8.0874,0.3156,3.0000,0.0000,0.0000,0,21.4821,560.0219,980.1588,770.0904,210.0684,0.0000,0.0000,560.0219,980.1588
67.491,1,1,heuristic,21.3846,110.4644,0.1326,2.9363,0.6001,2.9970,1.2677,0.4466,4.0000,0.4689,0.4914,7.9341,0.3169,3.0000,0.0000,0.0000,0,21.4821,477.2409,967.4227,722.3318,245.0909,0.0000,0.0000,477.2409,967.4227
67.541,1,1,heuristic,21.5403,110.4930,0.1367,2.9482,0.5900,3.0066,1.2805,0.4510,4.0000,0.4242,0.4914,7.7892,0.3184,3.0000,0.0000,0.0000,0,21.4821,492.7471,882.7839,687.7655,195.0184,0.0000,0.0000,492.7471,882.7839
67.591,1,1,heuristic,21.6865,110.5188,0.1407,2.9676,0.5798,3.0237,-1.0320,0.4556,4.0000,0.3759,0.4914,7.6361,0.3190,3.0000,0.0000,0.0000,0,21.4821,581.7632,866.8681,724.3156,142.5524,0.0000,0.0000,581.7632,866.8681
67.641,1,1,heuristic,21.8402,110.5451,0.1453,2.9653,0.5648,3.0186,1.3235,0.4601,4.0000,0.3297,0.4914,7.4930,0.3194,3.0000,0.0000,0.0000,0,21.4821,520.0085,952.4595,736.2340,216.2255,0.0000,0.0000,520.0085,952.4595
67.690,1,1,heuristic,21.9838,110.5690,0.1524,2.9707,0.5516,3.0214,1.3573,0.4648,4.0000,0.2803,0.4914,7.3432,0.3195,3.0000,0.0000,0.0000,0,21.4821,410.0085,987.1094,698.5589,288.5505,0.0000,0.0000,410.0085,987.1094
67.740,1,1,heuristic,22.1349,110.5935,0.1571,2.9575,0.5354,3.0056,-1.0052,0.4692,4.0000,0.2336,0.4914,7.2037,0.3168,3.0000,0.0000,0.0000,0,21.4821,346.8659,994.2672,670.5666,323.7006,0.0000,0.0000,346.8659,994.2672
67.790,1,1,heuristic,22.2758,110.6154,0.1658,2.9530,0.5198,2.9984,-0.9853,0.4739,4.0000,0.1839,0.4914,7.0576,0.3168,3.0000,0.0000,0.0000,0,21.4821,456.8659,925.0102,690.9381,234.0722,0.0000,0.0000,456.8659,925.0102
67.840,1,1,heuristic,22.4233,110.6374,0.1754,2.9297,0.5003,2.9722,1.4203,0.4784,4.0000,0.1368,0.4914,6.9220,0.3125,3.0000,0.0000,0.0000,0,21.4821,566.8659,958.9021,762.8840,196.0181,0.0000,0.0000,566.8659,958.9021
67.891,1,1,heuristic,22.5608,110.6572,0.1859,2.9167,0.4829,2.9564,1.4525,0.4831,4.0000,0.0866,0.4914,6.7807,0.3077,3.0000,0.0000,0.0000,0,21.4821,620.9191,971.2958,796.1075,175.1884,0.0000,0.0000,620.9191,971.2958
67.941,1,1,heuristic,22.5608,110.6572,0.1951,2.9167,0.4829,2.9564,-0.9343,0.4876,4.0000,0.0392,0.4914,6.6497,0.3017,3.0000,0.0000,0.0000,0,21.4821,620.9191,971.2958,796.1075,175.1884,0.0000,0.0000,620.9191,971.2958
67.991,1,1,heuristic,22.7058,110.6777,0.2022,2.8913,0.4651,2.9284,-0.9203,0.4876,4.0000,0.0392,0.4914,6.6497,0.2925,3.0000,0.0000,0.0000,0,21.4821,551.7633,924.5640,738.1637,186.4004,0.0000,0.0000,551.7633,924.5640
68.040,1,1,heuristic,22.8423,110.6967,0.2121,2.8817,0.4512,2.9168,1.4447,0.4925,4.0000,-0.0112,0.4914,6.5120,0.2903,3.0000,0.0000,0.0000,0,21.4821,384.8878,974.1563,679.5220,294.6343,0.0000,0.0000,384.8878,974.1563
68.091,1,1,heuristic,22.9867,110.7164,0.2248,2.8608,0.4368,2.8940,1.4678,0.4971,4.0000,-0.0588,0.4914,6.3830,0.2849,3.0000,0.0000,0.0000,0,21.4821,274.8878,958.5316,616.7097,341.8219,0.0000,0.0000,274.8878,958.5316
68.141,1,1,heuristic,22.9867,110.7164,0.2248,2.8608,0.4368,2.8940,1.4678,0.5020,4.0000,-0.1096,0.4914,6.2471,0.2772,3.0000,0.0000,0.0000,0,21.4821,274.8878,958.5316,616.7097,341.8219,0.0000,0.0000,274.8878,958.5316
68.191,1,1,heuristic,23.1221,110.7342,0.2467,2.8526,0.4235,2.8839,1.4925,0.5067,4.0000,-0.1578,0.4914,6.1204,0.2712,3.0000,0.0000,0.0000,0,21.4821,493.9478,944.2021,719.0750,225.1272,0.0000,0.0000,493.9478,944.2021
68.241,1,1,heuristic,23.2646,110.7519,0.2624,2.8303,0.4070,2.8594,1.5335,0.5067,4.0000,-0.1578,0.4914,6.1204,0.2600,3.0000,0.0000,0.0000,0,21.4821,493.9478,944.2021,719.0750,225.1272,0.0000,0.0000,493.9478,944.2021
68.291,1,1,heuristic,23.3984,110.7678,0.2777,2.8218,0.3918,2.8489,1.5408,0.5117,4.0000,-0.2094,0.4914,5.9880,0.2494,3.0000,0.0000,0.0000,0,21.4821,629.5768,916.8285,773.2027,143.6259,0.0000,0.0000,629.5768,916.8285
68.341,1,1,heuristic,23.5409,110.7845,0.2941,2.8052,0.3776,2.8305,-0.8563,0.5166,4.0000,-0.2586,0.4914,5.8646,0.2389,3.0000,0.0000,0.0000,0,21.4821,629.5768,916.8285,773.2027,143.6259,0.0000,0.0000,629.5768,916.8285
68.391,1,1,heuristic,23.6759,110.8005,0.3076,2.8069,0.3686,2.8310,1.5383,0.5217,4.0000,-0.3111,0.4914,5.7339,0.2276,3.0000,0.0000,0.0000,0,21.4821,845.0915,851.2580,848.1748,3.0832,0.0000,0.0000,845.0915,851.2580
68.441,1,1,heuristic,23.8204,110.8181,0.3242,2.8013,0.3628,2.8247,1.5183,0.5266,4.0000,-0.3607,0.4914,5.6104,0.2190,3.0000,0.0000,0.0000,0,21.4821,845.0915,851.2580,848.1748,3.0832,0.0000,0.0000,845.0915,851.2580
68.491,1,1,heuristic,23.9579,110.8358,0.3411,2.8140,0.3641,2.8374,1.5155,0.5317,4.0000,-0.4133,0.4914,5.4787,0.2076,3.0000,0.0000,0.0000,0,21.4821,965.4220,904.9816,935.2018,-30.2202,0.0000,0.0000,965.4220,904.9816
68.541,1,1,heuristic,24.1055,110.8564,0.3561,2.8186,0.3702,2.8429,1.4795,0.5365,4.0000,-0.4626,0.4914,5.3535,0.1953,3.0000,0.0000,0.0000,0,21.4821,941.2602,956.7253,948.9928,7.7326,0.0000,0.0000,941.2602,956.7253
68.590,1,1,heuristic,24.2462,110.8776,0.3677,2.8415,0.3844,2.8673,-0.9553,0.5414,4.0000,-0.5141,0.4914,5.2191,0.1854,3.0000,0.0000,0.0000,0,21.4821,893.4465,895.0084,894.2274,0.7809,0.0000,0.0000,893.4465,895.0084
68.641,1,1,heuristic,24.3978,110.9022,0.3789,2.8562,0.4025,2.8844,1.4675,0.5459,4.0000,-0.5618,0.4914,5.0907,0.1782,3.0000,0.0000,0.0000,0,21.4821,823.5674,905.8270,864.6972,41.1298,0.0000,0.0000,823.5674,905.8270
68.691,1,1,heuristic,24.5423,110.9273,0.3943,2.8870,0.4264,2.9183,1.4683,0.5506,3.9618,-0.6116,0.4914,4.9522,0.1717,3.0000,0.0000,0.0000,0,21.4821,823.5674,905.8270,864.6972,41.1298,0.0000,0.0000,823.5674,905.8270
68.741,1,1,heuristic,24.6968,110.9555,0.4041,2.9036,0.4498,2.9382,-0.9980,0.5547,3.8561,-0.6577,0.4914,4.8202,0.1603,3.0000,0.0000,0.0000,0,21.4821,933.5599,999.2720,966.4159,32.8561,0.0000,0.0000,933.5599,999.2720
68.791,1,1,heuristic,24.8431,110.9835,0.4180,2.9328,0.4763,2.9712,1.4200,0.5591,3.7433,-0.7057,0.4914,4.6791,0.1550,3.0000,0.0000,0.0000,0,21.4821,877.7013,960.2563,918.9788,41.2775,0.0000,0.0000,877.7013,960.2563
68.840,1,1,heuristic,24.9998,111.0149,0.4267,2.9490,0.5017,2.9914,-1.0297,0.5630,3.6365,-0.7501,0.4914,4.5457,0.1450,3.0000,0.0000,0.0000,0,21.4821,956.1876,917.1472,936.6674,-19.5202,0.0000,0.0000,956.1876,917.1472
68.890,1,1,heuristic,25.1487,111.0460,0.4393,2.9792,0.5309,3.0262,-1.0360,0.5672,3.5224,-0.7964,0.4914,4.4030,0.1405,3.0000,0.0000,0.0000,0,21.4821,983.8465,965.2252,974.5359,-9.3106,0.0000,0.0000,983.8465,965.2252
68.940,1,1,heuristic,25.3075,111.0807,0.4453,2.9944,0.5583,3.0460,-1.0483,0.5709,3.4142,-0.8392,0.4914,4.2678,0.1315,3.0000,0.0000,0.0000,0,21.4821,935.0378,991.8102,963.4240,28.3862,0.0000,0.0000,935.0378,991.8102
68.991,1,1,heuristic,25.4582,111.1152,0.4549,3.0234,0.5903,3.0805,-1.0585,0.5748,3.2990,-0.8835,0.4914,4.1238,0.1295,3.0000,0.0000,0.0000,0,21.4821,825.5955,881.8124,853.7039,28.1085,0.0000,0.0000,825.5955,881.8124
69.041,1,1,heuristic,25.4582,111.1152,0.4621,3.0234,0.5903,3.0805,1.3873,0.5782,3.1900,-0.9242,0.4914,3.9875,0.1233,3.0000,0.0000,0.0000,0,21.4821,715.6452,964.4346,840.0399,124.3947,0.0000,0.0000,715.6452,964.4346
69.091,1,1,heuristic,25.6188,111.1534,0.4715,3.0364,0.6191,3.0989,1.3880,0.5782,3.1900,-0.9242,0.4914,3.9875,0.1161,3.0000,0.0000,0.0000,0,21.4821,605.7999,942.6168,774.2083,168.4084,0.0000,0.0000,605.7999,942.6168
69.141,1,1,heuristic,25.7699,111.1903,0.4795,3.0587,0.6492,3.1269,1.4140,0.5819,3.0742,-0.9663,0.4914,3.8428,0.1104,3.0000,0.0000,0.0000,0,21.4821,495.7999,879.8652,687.8325,192.0327,0.0000,0.0000,495.7999,879.8652
69.191,1,1,heuristic,25.9296,111.2300,0.4864,3.0611,0.6719,3.1340,-1.0355,0.5851,2.9660,-1.0051,0.4914,3.7075,0.1056,3.0000,0.0000,0.0000,0,21.4821,566.2733,801.8955,684.0844,117.8111,0.0000,0.0000,566.2733,801.8955
69.241,1,1,heuristic,26.0789,111.2673,0.4900,3.0708,0.6931,3.1481,1.4393,0.5888,2.8527,-1.0454,0.4914,3.5658,0.1024,3.0000,0.0000,0.0000,0,21.4821,445.9601,931.8973,688.9287,242.9686,0.0000,0.0000,445.9601,931.8973
69.291,1,1,heuristic,26.2353,111.3065,0.5001,3.0583,0.7052,3.1386,1.4515,0.5921,2.7481,-1.0829,0.4914,3.4351,0.1020,3.0000,0.0000,0.0000,0,21.4821,414.7394,840.5547,627.6470,212.9077,0.0000,0.0000,414.7394,840.5547
69.341,1,1,heuristic,26.3810,111.3429,0.5095,3.0539,0.7159,3.1367,1.4820,0.5958,2.6401,-1.1222,0.4914,3.3002,0.0958,3.0000,0.0000,0.0000,0,21.4821,522.4912,851.8040,687.1476,164.6564,0.0000,0.0000,522.4912,851.8040
69.391,1,1,heuristic,26.3810,111.3429,0.5165,3.0539,0.7159,3.1367,1.4752,0.5992,2.5414,-1.1589,0.4914,3.1767,0.0898,3.0000,0.0000,0.0000,0,21.4821,430.5706,747.3973,588.9840,158.4134,0.0000,0.0000,430.5706,747.3973
69.440,1,1,heuristic,26.5337,111.3810,0.5270,3.0301,0.7193,3.1143,1.4745,0.5992,2.5414,-1.1589,0.4914,3.1767,0.0828,3.0000,0.0000,0.0000,0,21.4821,540.5706,724.0292,632.2999,91.7293,0.0000,0.0000,540.5706,724.0292
69.491,1,1,heuristic,26.6754,111.4165,0.5316,3.0146,0.7231,3.1001,-0.9895,0.6031,2.4401,-1.1973,0.4914,3.0501,0.0761,3.0000,0.0000,0.0000,0,21.4821,638.5778,614.2026,626.3902,-12.1876,0.0000,0.0000,638.5778,614.2026
69.541,1,1,heuristic,26.8231,111.4536,0.5428,2.9799,0.7213,3.0660,-1.0208,0.6066,2.3481,-1.2329,0.4914,2.9351,0.0750,3.0000,0.0000,0.0000,0,21.5296,661.3034,688.4490,674.8762,13.5728,0.0000,0.0000,661.3034,688.4490
69.591,1,1,heuristic,26.9601,111.4887,0.5551,2.9547,0.7235,3.0420,-1.0373,0.9667,4.0000,0.0302,0.9696,24.3476,0.4239,3.0000,0.0000,0.0000,0,21.5296,648.2784,798.4469,723.3626,75.0843,0.0000,0.0000,648.2784,798.4469
69.640,1,1,heuristic,26.9601,111.4887,0.5615,2.9547,0.7235,3.0420,-1.0092,0.9755,4.0000,-0.0629,0.9696,24.2412,0.4204,3.0000,0.0000,0.0000,0,21.5296,538.2784,908.4469,723.3626,185.0843,0.0000,0.0000,538.2784,908.4469
69.691,1,1,heuristic,27.1038,111.5266,0.5734,2.9164,0.7244,3.0050,-1.0272,0.9755,4.0000,-0.0629,0.9696,24.2412,0.4140,3.0000,0.0000,0.0000,0,21.5296,428.3253,827.2735,627.7994,199.4741,0.0000,0.0000,428.3253,827.2735
69.740,1,1,heuristic,27.2383,111.5628,0.5780,2.8937,0.7306,2.9845,1.4848,0.9848,4.0000,-0.1599,0.9696,24.1292,0.4114,3.0000,0.0000,0.0000,0,21.5296,318.4818,717.2735,517.8776,199.3959,0.0000,0.0000,318.4818,717.2735
69.791,1,1,heuristic,27.3798,111.6014,0.5903,2.8590,0.7327,2.9514,1.5195,0.9935,4.0000,-0.2504,0.9696,24.0239,0.4155,3.0000,0.0000,0.0000,0,21.5296,208.4818,678.2112,443.3465,234.8647,0.0000,0.0000,208.4818,678.2112
69.840,1,1,heuristic,27.5110,111.6372,0.6017,2.8341,0.7352,2.9279,1.5090,1.0027,4.0000,-0.3452,0.9696,23.9133,0.4124,3.0000,0.0000,0.0000,0,21.5296,318.4106,732.8775,525.6441,207.2334,0.0000,0.0000,318.4106,732.8775
69.890,1,1,heuristic,27.5110,111.6372,0.6098,2.8341,0.7352,2.9279,1.5265,1.0112,4.0000,-0.4332,0.9696,23.8110,0.4096,3.0000,0.0000,0.0000,0,21.5296,396.4293,842.3834,619.4064,222.9771,0.0000,0.0000,396.4293,842.3834
69.940,1,1,heuristic,27.6481,111.6744,0.6222,2.7945,0.7314,2.8887,1.5473,1.0112,4.0000,-0.4332,0.9696,23.8110,0.4014,3.0000,0.0000,0.0000,0,21.5296,299.9405,945.0207,622.4806,322.5401,0.0000,0.0000,299.9405,945.0207
69.991,1,1,heuristic,27.7763,111.7096,0.6309,2.7698,0.7319,2.8649,1.5548,1.0203,4.0000,-0.5252,0.9696,23.7047,0.3982,3.0000,0.0000,0.0000,0,21.5296,409.9405,978.7990,694.3698,284.4292,0.0000,0.0000,409.9405,978.7990
70.040,1,1,heuristic,27.9122,111.7476,0.6445,2.7386,0.7316,2.8346,1.5895,1.0288,4.0000,-0.6110,0.9696,23.6052,0.3979,3.0000,0.0000,0.0000,0,21.5296,519.9405,976.6463,748.2934,228.3529,0.0000,0.0000,519.9405,976.6463
70.090,1,1,heuristic,28.0409,111.7845,0.6564,2.7270,0.7390,2.8254,-0.9330,1.0379,4.0000,-0.7016,0.9696,23.4995,0.3934,3.0000,0.0000,0.0000,0,21.5296,629.9400,995.8799,812.9100,182.9699,0.0000,0.0000,629.9400,995.8799
70.141,1,1,heuristic,28.0409,111.7845,0.6652,2.7270,0.7390,2.8254,-0.9158,1.0463,4.0000,-0.7868,0.9696,23.3991,0.3899,3.0000,0.0000,0.0000,0,21.5296,629.9400,995.8799,812.9100,182.9699,0.0000,0.0000,629.9400,995.8799
70.191,1,1,heuristic,28.1787,111.8257,0.6818,2.7115,0.7498,2.8132,-0.9373,1.0463,4.0000,-0.7868,0.9696,23.3991,0.3811,3.0000,0.0000,0.0000,0,21.5296,739.9400,1000.0000,869.9700,130.0300,0.0000,0.0000,739.9400,1000.0000
70.240,1,1,heuristic,28.3099,111.8670,0.6884,2.7159,0.7719,2.8235,1.5978,1.0552,4.0000,-0.8771,0.9696,23.2905,0.3733,3.0000,0.0000,0.0000,0,21.5296,775.7844,1000.0000,887.8922,112.1078,0.0000,0.0000,775.7844,1000.0000
70.291,1,1,heuristic,28.3099,111.8670,0.7017,2.7159,0.7719,2.8235,-0.9295,1.0633,4.0000,-0.9620,0.9696,23.1856,0.3749,3.0000,0.0000,0.0000,0,21.5296,665.7844,941.0956,803.4400,137.6556,0.0000,0.0000,665.7844,941.0956
70.341,1,1,heuristic,28.5849,111.9614,0.7217,2.7305,0.8360,2.8556,1.6125,1.0633,4.0000,-0.9620,0.9696,23.1856,0.3616,3.0000,0.0000,0.0000,0,21.5296,555.7844,960.3496,758.0670,202.2826,0.0000,0.0000,555.7844,960.3496
70.391,1,1,heuristic,28.5849,111.9614,0.7322,2.7305,0.8360,2.8556,1.6022,1.0795,4.0000,-1.1354,0.9696,22.9604,0.3579,3.0000,0.0000,0.0000,0,21.5296,445.7844,932.2586,689.0215,243.2371,0.0000,0.0000,445.7844,932.2586
70.441,1,1,heuristic,28.7281,112.0144,0.7483,2.7351,0.8726,2.8709,1.6185,1.0795,4.0000,-1.1354,0.9696,22.9604,0.3473,3.0000,0.0000,0.0000,0,21.5296,477.0334,995.3973,736.2154,259.1820,0.0000,0.0000,477.0334,995.3973
70.491,1,1,heuristic,28.8633,112.0661,0.7590,2.7514,0.9137,2.8992,1.6093,1.0877,4.0000,-1.2235,0.9696,22.8404,0.3394,3.0000,0.0000,0.0000,0,21.5296,494.0555,951.4855,722.7705,228.7150,0.0000,0.0000,494.0555,951.4855
70.540,1,1,heuristic,29.0068,112.1228,0.7756,2.7533,0.9491,2.9123,1.6453,1.0951,4.0000,-1.3057,0.9696,22.7260,0.3360,3.0000,0.0000,0.0000,0,21.5296,459.8370,988.7331,724.2850,264.4480,0.0000,0.0000,459.8370,988.7331
70.591,1,1,heuristic,29.1422,112.1780,0.7896,2.7668,0.9891,2.9383,-0.9070,1.1030,4.0000,-1.3920,0.9696,22.6034,0.3274,3.0000,0.0000,0.0000,0,21.5296,553.5893,990.4636,772.0264,218.4371,0.0000,0.0000,553.5893,990.4636
70.641,1,1,heuristic,29.1422,112.1780,0.8041,2.7668,0.9891,2.9383,1.6405,1.1101,4.0000,-1.4724,0.9696,22.4867,0.3205,3.0000,0.0000,0.0000,0,21.5296,643.1892,987.6192,815.4042,172.2150,0.0000,0.0000,643.1892,987.6192
70.691,1,1,heuristic,29.4212,112.2975,0.8261,2.7767,1.0649,2.9739,1.6558,1.1101,4.0000,-1.4724,0.9696,22.4867,0.3060,3.0000,0.0000,0.0000,0,21.5296,748.2341,1000.0000,874.1171,125.8829,0.0000,0.0000,748.2341,1000.0000
70.741,1,1,heuristic,29.4212,112.2975,0.8374,2.7767,1.0649,2.9739,1.6587,1.1246,4.0000,-1.6349,0.9696,22.2422,0.2985,3.0000,0.0000,0.0000,0,21.5296,681.0910,949.5910,815.3410,134.2500,0.0000,0.0000,681.0910,949.5910
70.791,1,1,heuristic,29.5649,112.3629,0.8560,2.7741,1.1035,2.9856,1.6573,1.1246,4.0000,-1.6349,0.9696,22.2422,0.2872,3.0000,0.0000,0.0000,0,21.5296,786.4262,946.0687,866.2475,79.8213,0.0000,0.0000,786.4262,946.0687
70.841,1,1,heuristic,29.7002,112.4271,0.8672,2.7830,1.1505,3.0114,1.6425,1.1319,4.0000,-1.7164,0.9696,22.1135,0.2760,3.0000,0.0000,0.0000,0,21.5296,869.6244,961.1112,915.3678,45.7434,0.0000,0.0000,869.6244,961.1112
70.891,1,1,heuristic,29.8432,112.4980,0.8854,2.7765,1.1931,3.0220,1.6427,1.1383,4.0000,-1.7917,0.9696,21.9904,0.2711,3.0000,0.0000,0.0000,0,21.5296,896.0720,992.4452,944.2586,48.1866,0.0000,0.0000,896.0720,992.4452
70.941,1,1,heuristic,29.9777,112.5679,0.8997,2.7814,1.2456,3.0475,-0.9465,1.1452,4.0000,-1.8695,0.9696,21.8581,0.2598,3.0000,0.0000,0.0000,0,21.5296,984.1611,989.6924,986.9267,2.7656,0.0000,0.0000,984.1611,989.6924
70.991,1,1,heuristic,29.9777,112.5679,0.9135,2.7814,1.2456,3.0475,1.6165,1.1511,4.0000,-1.9408,0.9696,21.7311,0.2514,3.0000,0.0000,0.0000,0,21.5296,985.6585,977.7058,981.6821,-3.9764,0.0000,0.0000,985.6585,977.7058
71.041,1,1,heuristic,30.1201,112.6458,0.9309,2.7728,1.2961,3.0608,1.6028,1.1511,4.0000,-1.9408,0.9696,21.7311,0.2376,3.0000,0.0000,0.0000,0,21.5296,901.8098,882.3813,892.0956,-9.7143,0.0000,0.0000,901.8098,882.3813
71.092,1,1,heuristic,30.2542,112.7229,0.9397,2.7770,1.3584,3.0914,1.5828,1.1575,4.0000,-2.0142,0.9696,21.5936,0.2266,3.0000,0.0000,0.0000,0,21.5296,909.2403,964.6613,936.9508,27.7105,0.0000,0.0000,909.2403,964.6613
71.141,1,1,heuristic,30.3958,112.8084,0.9556,2.7664,1.4153,3.1075,1.5608,1.1628,4.0000,-2.0811,0.9696,21.4612,0.2231,3.0000,0.0000,0.0000,0,21.5296,810.1613,971.2219,890.6916,80.5303,0.0000,0.0000,810.1613,971.2219
71.191,1,1,heuristic,30.5288,112.8920,0.9636,2.7671,1.4805,3.1383,1.5585,1.1685,4.0000,-2.1496,0.9696,21.3181,0.2129,3.0000,0.0000,0.0000,0,21.5296,875.0008,940.2326,907.6167,32.6159,0.0000,0.0000,875.0008,940.2326
71.242,1,1,heuristic,30.6692,112.9837,0.9783,2.7538,1.5372,3.1538,1.5640,1.1733,4.0000,-2.2120,0.9696,21.1811,0.2097,3.0000,0.0000,0.0000,0,21.5296,977.9893,978.2493,978.1193,0.1300,0.0000,0.0000,977.9893,978.2493
71.291,1,1,heuristic,30.8010,113.0729,0.9911,2.7519,1.6016,3.1840,1.5728,1.1786,4.0000,-2.2759,0.9696,21.0337,0.2002,3.0000,0.0000,0.0000,0,21.5296,972.9783,976.5322,974.7553,1.7769,0.0000,0.0000,972.9783,976.5322
71.341,1,1,heuristic,30.8010,113.0729,1.0014,2.7519,1.6016,3.1840,-1.0717,1.1829,4.0000,-2.3341,0.9696,20.8929,0.1917,3.0000,0.0000,0.0000,0,21.5296,986.6883,971.9126,979.3004,-7.3878,0.0000,0.0000,986.6883,971.9126
71.390,1,1,heuristic,30.9401,113.1711,1.0138,2.7368,1.6590,3.2004,1.5250,1.1829,4.0000,-2.3341,0.9696,20.8929,0.1815,3.0000,0.0000,0.0000,0,21.5296,1000.0000,1000.0000,1000.0000,0.0000,0.0000,0.0000,1000.0000,1000.0000
71.441,1,1,heuristic,31.0707,113.2668,1.0254,2.7333,1.7259,3.2326,1.5250,1.1876,4.0000,-2.3933,0.9696,20.7409,0.1738,3.0000,0.0000,0.0000,0,21.5296,1000.0000,1000.0000,1000.0000,0.0000,0.0000,0.0000,1000.0000,1000.0000
71.490,1,1,heuristic,31.2083,113.3717,1.0344,2.7159,1.7839,3.2494,-1.1090,1.1914,4.0000,-2.4468,0.9696,20.5955,0.1659,3.0000,0.0000,0.0000,0,21.5296,987.5031,982.6438,985.0734,-2.4296,0.0000,0.0000,987.5031,982.6438
71.541,1,1,heuristic,31.3371,113.4733,1.0443,2.7095,1.8506,3.2812,-1.1327,1.1956,4.0000,-2.5010,0.9696,20.4390,0.1612,3.0000,0.0000,0.0000,0,21.5296,987.5031,982.6438,985.0734,-2.4296,0.0000,0.0000,987.5031,982.6438
71.591,1,1,heuristic,31.4726,113.5838,1.0537,2.6886,1.9056,3.2955,1.5012,1.1989,4.0000,-2.5497,0.9696,20.2895,0.1546,3.0000,0.0000,0.0000,0,21.5296,990.3506,986.5472,988.4489,-1.9017,0.0000,0.0000,990.3506,986.5472
71.641,1,1,heuristic,31.5990,113.6901,1.0602,2.6777,1.9673,3.3227,-1.1338,1.2027,4.0000,-2.5989,0.9696,20.1294,0.1490,3.0000,0.0000,0.0000,0,21.5296,777.1418,999.5836,888.3627,111.2209,0.0000,0.0000,777.1418,999.5836
71.691,1,1,heuristic,31.7317,113.8048,1.0700,2.6524,2.0150,3.3310,-1.1358,1.2057,4.0000,-2.6430,0.9696,19.9774,0.1455,3.0000,0.0000,0.0000,0,21.5296,777.1418,999.5836,888.3627,111.2209,0.0000,0.0000,777.1418,999.5836
71.741,1,1,heuristic,31.8552,113.9137,1.0773,2.6368,2.0658,3.3497,1.5008,1.2093,4.0000,-2.6876,0.9696,19.8152,0.1393,3.0000,0.0000,0.0000,0,21.5296,789.7767,1000.0000,894.8883,105.1117,0.0000,0.0000,789.7767,1000.0000
71.791,1,1,heuristic,31.9847,114.0297,1.0862,2.6074,2.0989,3.3473,-1.1170,1.2121,4.0000,-2.7278,0.9696,19.6626,0.1348,3.0000,0.0000,0.0000,0,21.5296,697.5724,972.4812,835.0268,137.4544,0.0000,0.0000,697.5724,972.4812
71.840,1,1,heuristic,32.1053,114.1394,1.0955,2.5883,2.1362,3.3560,-1.1350,1.2157,4.0000,-2.7690,0.9696,19.5011,0.1295,3.0000,0.0000,0.0000,0,21.5296,587.5724,976.9317,782.2521,194.6796,0.0000,0.0000,587.5724,976.9317
71.891,1,1,heuristic,32.1053,114.1394,1.1011,2.5883,2.1362,3.3560,-1.1128,1.2186,4.0000,-2.8064,0.9696,19.3494,0.1231,3.0000,0.0000,0.0000,0,21.5296,530.0373,885.1794,707.6083,177.5710,0.0000,0.0000,530.0373,885.1794
71.941,1,1,heuristic,32.2314,114.2555,1.1110,2.5558,2.1552,3.3432,-1.0973,1.2186,4.0000,-2.8064,0.9696,19.3494,0.1175,3.0000,0.0000,0.0000,0,21.5296,566.5950,903.7852,735.1901,168.5951,0.0000,0.0000,566.5950,903.7852
71.990,1,1,heuristic,32.3485,114.3638,1.1191,2.5323,2.1753,3.3384,1.5705,1.2223,4.0000,-2.8447,0.9696,19.1898,0.1113,3.0000,0.0000,0.0000,0,21.5296,499.7489,896.0967,697.9228,198.1739,0.0000,0.0000,499.7489,896.0967
72.040,1,1,heuristic,32.4705,114.4774,1.1279,2.4952,2.1773,3.3116,-1.0913,1.2255,4.0000,-2.8800,0.9696,19.0414,0.1063,3.0000,0.0000,0.0000,0,21.5296,397.1312,961.8408,679.4860,282.3548,0.0000,0.0000,397.1312,961.8408
72.091,1,1,heuristic,32.5836,114.5833,1.1369,2.4674,2.1833,3.2947,1.5875,1.2295,4.0000,-2.9164,0.9696,18.8861,0.1016,3.0000,0.0000,0.0000,0,21.5296,397.1312,961.8408,679.4860,282.3548,0.0000,0.0000,397.1312,961.8408
72.140,1,1,heuristic,32.7017,114.6943,1.1497,2.4282,2.1737,3.2589,1.6235,1.2329,4.0000,-2.9497,0.9696,18.7418,0.0960,3.0000,0.0000,0.0000,0,21.5296,387.4840,836.9272,612.2056,224.7216,0.0000,0.0000,387.4840,836.9272
72.190,1,1,heuristic,32.8113,114.7978,1.1621,2.3993,2.1701,3.2351,1.6393,1.2371,4.0000,-2.9843,0.9696,18.5910,0.0874,3.0000,0.0000,0.0000,0,21.5296,432.1581,818.0323,625.0952,192.9371,0.0000,0.0000,432.1581,818.0323
72.240,1,1,heuristic,32.8113,114.7978,1.1732,2.3993,2.1701,3.2351,-1.0260,1.2406,4.0000,-3.0162,0.9696,18.4507,0.0785,3.0000,0.0000,0.0000,0,21.5296,432.1581,818.0323,625.0952,192.9371,0.0000,0.0000,432.1581,818.0323
72.290,1,1,heuristic,32.9255,114.9061,1.1879,2.3586,2.1526,3.1932,1.6593,1.2406,4.0000,-3.0162,0.9696,18.4507,0.0675,3.0000,0.0000,0.0000,0,21.5296,441.1539,939.0542,690.1041,248.9501,0.0000,0.0000,441.1539,939.0542
72.341,1,1,heuristic,33.0312,115.0072,1.1999,2.3272,2.1432,3.1637,-1.0275,1.2450,4.0000,-3.0490,0.9696,18.3044,0.0571,3.0000,0.0000,0.0000,0,21.5296,441.1539,939.0542,690.1041,248.9501,0.0000,0.0000,441.1539,939.0542
72.391,1,1,heuristic,33.1414,115.1138,1.2156,2.2857,2.1245,3.1205,-0.9898,1.2486,4.0000,-3.0790,0.9696,18.1683,0.0487,3.0000,0.0000,0.0000,0,21.5296,551.1539,998.2910,774.7225,223.5686,0.0000,0.0000,551.1539,998.2910
72.441,1,1,heuristic,33.2440,115.2143,1.2313,2.2560,2.1185,3.0947,-0.9992,1.2529,4.0000,-3.1096,0.9696,18.0255,0.0372,3.0000,0.0000,0.0000,0,21.5296,661.1539,973.8932,817.5236,156.3696,0.0000,0.0000,661.1539,973.8932
72.491,1,1,heuristic,33.3515,115.3218,1.2462,2.2185,2.1081,3.0604,1.7015,1.2562,4.0000,-3.1374,0.9696,17.8916,0.0249,3.0000,0.0000,0.0000,0,21.5296,742.1325,999.9998,871.0661,128.9336,0.0000,0.0000,742.1325,999.9998
72.540,1,1,heuristic,33.4519,115.4247,1.2662,2.1930,2.1155,3.0471,1.7020,1.2600,4.0000,-3.1653,0.9696,17.7494,0.0138,3.0000,0.0000,0.0000,0,21.5296,851.9915,999.9190,925.9553,73.9637,0.0000,0.0000,851.9915,999.9190
72.590,1,1,heuristic,33.5573,115.5368,1.2801,2.1596,2.1233,3.0286,-1.0117,1.2626,4.0000,-3.1898,0.9696,17.6144,-0.0036,3.0000,0.0000,0.0000,0,21.5296,881.9945,889.9190,885.9568,3.9623,0.0000,0.0000,881.9945,889.9190
72.641,1,1,heuristic,33.6555,115.6456,1.2939,2.1368,2.1523,3.0329,1.6753,1.2654,4.0000,-3.2133,0.9696,17.4693,-0.0147,3.0000,0.0000,0.0000,0,21.5296,771.9945,939.5817,855.7881,83.7936,0.0000,0.0000,771.9945,939.5817
72.691,1,1,heuristic,33.6555,115.6456,1.3040,2.1368,2.1523,3.0329,-1.0275,1.2669,4.0000,-3.2327,0.9696,17.3301,-0.0270,3.0000,0.0000,0.0000,0,21.5296,701.4537,916.4876,808.9707,107.5170,0.0000,0.0000,701.4537,916.4876
72.741,1,1,heuristic,33.7581,115.7649,1.3107,2.1044,2.1804,3.0302,1.6625,1.2669,4.0000,-3.2327,0.9696,17.3301,-0.0371,3.0000,0.0000,0.0000,0,21.5296,591.4537,903.9868,747.7202,156.2666,0.0000,0.0000,591.4537,903.9868
72.791,1,1,heuristic,33.8534,115.8801,1.3302,2.0806,2.2245,3.0458,-1.0425,1.2685,4.0000,-3.2499,0.9696,17.1797,-0.0422,3.0000,0.0000,0.0000,0,21.5296,594.0745,794.0153,694.0449,99.9704,0.0000,0.0000,594.0745,794.0153
72.841,1,1,heuristic,33.9529,116.0045,1.3392,2.0469,2.2581,3.0478,-1.0543,1.2690,4.0000,-3.2633,0.9696,17.0360,-0.0612,3.0000,0.0000,0.0000,0,21.5296,678.1570,723.1713,700.6641,22.5072,0.0000,0.0000,678.1570,723.1713
72.891,1,1,heuristic,33.9529,116.0045,1.3392,2.0469,2.2581,3.0478,-1.0543,1.2700,4.0000,-3.2749,0.9696,16.8824,-0.0693,3.0000,0.0000,0.0000,0,21.5296,630.2233,833.1713,731.6973,101.4740,0.0000,0.0000,630.2233,833.1713
72.941,1,1,heuristic,34.0448,116.1231,1.3682,2.0206,2.3005,3.0619,1.6520,1.2702,4.0000,-3.2837,0.9696,16.7372,-0.0855,3.0000,0.0000,0.0000,0,21.5296,740.2233,943.1713,841.6973,101.4740,0.0000,0.0000,740.2233,943.1713
72.991,1,1,heuristic,34.1401,116.2502,1.3802,1.9830,2.3294,3.0592,-1.0662,1.2702,4.0000,-3.2837,0.9696,16.7372,-0.0980,3.0000,0.0000,0.0000,0,21.5296,630.8392,983.2505,807.0449,176.2056,0.0000,0.0000,630.8392,983.2505
73.041,1,1,heuristic,34.2281,116.3718,1.3953,1.9531,2.3699,3.0710,1.6545,1.2708,4.0000,-3.2904,0.9696,16.5829,-0.1094,3.0000,0.0000,0.0000,0,21.5296,740.8392,999.2590,870.0491,129.2099,0.0000,0.0000,740.8392,999.2590
73.091,1,1,heuristic,34.3197,116.5029,1.4072,1.9146,2.4002,3.0703,-1.0828,1.2707,4.0000,-3.2942,0.9696,16.4366,-0.1246,3.0000,0.0000,0.0000,0,21.5296,847.5239,1000.0000,923.7619,76.2381,0.0000,0.0000,847.5239,1000.0000
73.140,1,1,heuristic,34.4043,116.6283,1.4162,1.8843,2.4428,3.0852,1.6770,1.2708,4.0000,-3.2955,0.9696,16.2803,-0.1363,3.0000,0.0000,0.0000,0,21.5296,724.1194,938.9914,831.5554,107.4360,0.0000,0.0000,724.1194,938.9914
73.191,1,1,heuristic,34.4043,116.6283,1.4258,1.8843,2.4428,3.0852,1.6660,1.2701,4.0000,-3.2943,0.9696,16.1319,-0.1460,3.0000,0.0000,0.0000,0,21.5296,724.1194,938.9914,831.5554,107.4360,0.0000,0.0000,724.1194,938.9914
73.241,1,1,heuristic,34.4921,116.7634,1.4399,1.8452,2.4738,3.0862,1.6605,1.2701,4.0000,-3.2943,0.9696,16.1319,-0.1556,3.0000,0.0000,0.0000,0,21.5296,818.6181,913.1074,865.8628,47.2447,0.0000,0.0000,818.6181,913.1074
73.291,1,1,heuristic,34.5730,116.8919,1.4495,1.8130,2.5145,3.1000,1.6547,1.2698,4.0000,-3.2903,0.9696,15.9734,-0.1702,3.0000,0.0000,0.0000,0,21.5296,851.7261,975.0756,913.4008,61.6747,0.0000,0.0000,851.7261,975.0756
73.340,1,1,heuristic,34.6565,117.0296,1.4634,1.7718,2.5412,3.0979,1.6493,1.2687,4.0000,-3.2843,0.9696,15.8238,-0.1808,3.0000,0.0000,0.0000,0,21.5296,845.4027,903.6048,874.5038,29.1011,0.0000,0.0000,845.4027,903.6048
73.391,1,1,heuristic,34.7332,117.1611,1.4747,1.7370,2.5810,3.1111,-1.1173,1.2680,4.0000,-3.2753,0.9696,15.6646,-0.1954,3.0000,0.0000,0.0000,0,21.5296,744.0957,793.6048,768.8503,24.7546,0.0000,0.0000,744.0957,793.6048
73.441,1,1,heuristic,34.7332,117.1611,1.4825,1.7370,2.5810,3.1111,-1.1128,1.2665,4.0000,-3.2642,0.9696,15.5138,-0.2082,3.0000,0.0000,0.0000,0,21.5296,744.0957,793.6048,768.8503,24.7546,0.0000,0.0000,744.0957,793.6048
73.491,1,1,heuristic,34.8122,117.3017,1.4968,1.6934,2.6056,3.1076,-1.1173,1.2665,4.0000,-3.2642,0.9696,15.5138,-0.2160,3.0000,0.0000,0.0000,0,21.5296,795.9361,683.6048,739.7705,-56.1656,0.0000,0.0000,795.9361,683.6048
73.541,1,1,heuristic,34.8844,117.4347,1.5021,1.6557,2.6383,3.1148,1.6347,1.2654,4.0000,-3.2498,0.9696,15.3537,-0.2314,3.0000,0.0000,0.0000,0,21.5296,685.9878,573.6051,629.7965,-56.1913,0.0000,0.0000,685.9878,573.6051
73.591,1,1,heuristic,34.8844,117.4347,1.5126,1.6557,2.6383,3.1148,-1.1535,1.2638,4.0000,-3.2342,0.9696,15.2034,-0.2383,3.0000,0.0000,0.0000,0,21.5296,575.9889,683.6051,629.7970,53.8081,0.0000,0.0000,575.9889,683.6051
73.641,1,1,heuristic,35.0257,117.7080,1.5272,1.5678,2.6737,3.0994,1.6005,1.2638,4.0000,-3.2342,0.9696,15.2034,-0.2488,3.0000,0.0000,0.0000,0,21.5296,465.9889,793.6051,629.7970,163.8081,0.0000,0.0000,465.9889,793.6051
73.691,1,1,heuristic,35.0257,117.7080,1.5349,1.5678,2.6737,3.0994,1.6200,1.2611,4.0000,-3.1961,0.9696,14.8970,-0.2661,3.0000,0.0000,0.0000,0,21.5296,685.9889,905.4050,795.6970,109.7081,0.0000,0.0000,685.9889,905.4050
73.741,1,1,heuristic,35.0950,117.8475,1.5457,1.5206,2.6755,3.0774,1.6248,1.2611,4.0000,-3.1961,0.9696,14.8970,-0.2737,3.0000,0.0000,0.0000,0,21.5296,685.9889,905.4050,795.6970,109.7081,0.0000,0.0000,685.9889,905.4050
73.790,1,1,heuristic,35.1585,117.9793,1.5504,1.4811,2.6896,3.0705,-1.1438,1.2601,4.0000,-3.1743,0.9696,14.7417,-0.2856,3.0000,0.0000,0.0000,0,21.5296,795.6481,795.4050,795.5266,-0.1215,0.0000,0.0000,795.6481,795.4050
73.841,1,1,heuristic,35.2238,118.1205,1.5613,1.4360,2.6946,3.0534,-1.1870,1.2584,4.0000,-3.1521,0.9696,14.5956,-0.2919,3.0000,0.0000,0.0000,0,21.5296,904.0665,685.4050,794.7358,-109.3307,0.0000,0.0000,904.0665,685.4050
73.891,1,1,heuristic,35.2831,118.2546,1.5733,1.3960,2.7147,3.0526,-1.1880,1.2569,4.0000,-3.1261,0.9696,14.4403,-0.3044,3.0000,0.0000,0.0000,0,21.5296,939.3809,795.4050,867.3930,-71.9879,0.0000,0.0000,939.3809,795.4050
73.941,1,1,heuristic,35.2831,118.2546,1.5793,1.3960,2.7147,3.0526,-1.2005,1.2545,4.0000,-3.0991,0.9696,14.2937,-0.3188,3.0000,0.0000,0.0000,0,21.5296,839.6252,834.3610,836.9931,-2.6321,0.0000,0.0000,839.6252,834.3610
73.991,1,1,heuristic,35.3433,118.3984,1.5904,1.3483,2.7245,3.0399,-1.2235,1.2545,4.0000,-3.0991,0.9696,14.2937,-0.3248,3.0000,0.0000,0.0000,0,21.5296,731.4969,806.7412,769.1191,37.6221,0.0000,0.0000,731.4969,806.7412
74.040,1,1,heuristic,35.3977,118.5353,1.5957,1.3052,2.7502,3.0442,-1.2147,1.2523,4.0000,-3.0674,0.9696,14.1379,-0.3381,3.0000,0.0000,0.0000,0,21.5296,762.0002,697.6588,729.8295,-32.1707,0.0000,0.0000,762.0002,697.6588
74.091,1,1,heuristic,35.4531,118.6815,1.6057,1.2572,2.7623,3.0350,-1.2335,1.2492,4.0000,-3.0348,0.9696,13.9906,-0.3464,3.0000,0.0000,0.0000,0,21.5296,732.8976,805.8175,769.3576,36.4599,0.0000,0.0000,732.8976,805.8175
74.141,1,1,heuristic,35.5032,118.8194,1.6130,1.2147,2.7845,3.0380,1.5550,1.2464,4.0000,-2.9978,0.9696,13.8343,-0.3594,3.0000,0.0000,0.0000,0,21.5296,736.5134,915.8171,826.1653,89.6519,0.0000,0.0000,736.5134,915.8171
74.191,1,1,heuristic,35.5032,118.8194,1.6198,1.2147,2.7845,3.0380,-1.2378,1.2430,4.0000,-2.9612,0.9696,13.6876,-0.3700,3.0000,0.0000,0.0000,0,21.5296,829.6356,983.5484,906.5920,76.9564,0.0000,0.0000,829.6356,983.5484
74.241,1,1,heuristic,35.5544,118.9663,1.6284,1.1684,2.7927,3.0272,1.5708,1.2430,4.0000,-2.9612,0.9696,13.6876,-0.3768,3.0000,0.0000,0.0000,0,21.5296,939.6356,1000.0000,969.8178,30.1822,0.0000,0.0000,939.6356,1000.0000
74.291,1,1,heuristic,35.6008,119.1061,1.6333,1.1283,2.8167,3.0343,-1.2430,1.2398,4.0000,-2.9202,0.9696,13.5323,-0.3886,3.0000,0.0000,0.0000,0,21.5296,829.6356,905.4109,867.5233,37.8876,0.0000,0.0000,829.6356,905.4109
74.341,1,1,heuristic,35.6481,119.2570,1.6402,1.0845,2.8336,3.0341,1.5913,1.2360,4.0000,-2.8794,0.9696,13.3852,-0.3974,3.0000,0.0000,0.0000,0,21.5296,719.6356,1000.0000,859.8178,140.1822,0.0000,0.0000,719.6356,1000.0000
74.390,1,1,heuristic,35.6908,119.4010,1.6468,1.0454,2.8671,3.0518,-1.2465,1.2319,4.0000,-2.8331,0.9696,13.2276,-0.4083,3.0000,0.0000,0.0000,0,21.5296,807.6501,1000.0000,903.8251,96.1749,0.0000,0.0000,807.6501,1000.0000
74.441,1,1,heuristic,35.7343,119.5553,1.6570,1.0037,2.8869,3.0564,-1.2330,1.2272,4.0000,-2.7868,0.9696,13.0781,-0.4196,3.0000,0.0000,0.0000,0,21.5296,784.6171,996.1765,890.3968,105.7797,0.0000,0.0000,784.6171,996.1765
74.491,1,1,heuristic,35.7737,119.7021,1.6638,0.9672,2.9213,3.0772,1.5925,1.2225,4.0000,-2.7354,0.9696,12.9189,-0.4345,3.0000,0.0000,0.0000,0,21.5296,894.6167,999.4901,947.0534,52.4367,0.0000,0.0000,894.6167,999.4901
74.540,1,1,heuristic,35.7737,119.7021,1.6709,0.9672,2.9213,3.0772,-1.2198,1.2173,4.0000,-2.6849,0.9696,12.7680,-0.4465,3.0000,0.0000,0.0000,0,21.5296,913.2340,997.1891,955.2115,41.9776,0.0000,0.0000,913.2340,997.1891
74.591,1,1,heuristic,35.8137,119.8595,1.6792,0.9277,2.9424,3.0852,-1.2372,1.2173,4.0000,-2.6849,0.9696,12.7680,-0.4537,3.0000,0.0000,0.0000,0,21.5296,897.5336,1000.0000,948.7668,51.2332,0.0000,0.0000,897.5336,1000.0000
74.641,1,1,heuristic,35.8496,120.0096,1.6853,0.8916,2.9796,3.1101,-1.2610,1.2120,4.0000,-2.6288,0.9696,12.6073,-0.4671,3.0000,0.0000,0.0000,0,21.5296,888.0923,1000.0000,944.0461,55.9539,0.0000,0.0000,888.0923,1000.0000
74.691,1,1,heuristic,35.8856,120.1708,1.6935,0.8518,3.0036,3.1220,-1.2448,1.2063,4.0000,-2.5735,0.9696,12.4548,-0.4789,3.0000,0.0000,0.0000,0,21.5296,859.5288,910.1295,884.8292,25.3004,0.0000,0.0000,859.5288,910.1295
74.741,1,1,heuristic,35.9178,120.3242,1.7031,0.8154,3.0420,3.1494,-1.2563,1.2005,4.0000,-2.5120,0.9696,12.2921,-0.4930,3.0000,0.0000,0.0000,0,21.5296,831.0802,919.4733,875.2767,44.1966,0.0000,0.0000,831.0802,919.4733
74.791,1,1,heuristic,35.9499,120.4880,1.7103,0.7760,3.0635,3.1603,1.5990,1.1943,4.0000,-2.4518,0.9696,12.1382,-0.5088,3.0000,0.0000,0.0000,0,21.5296,822.2703,995.9958,909.1331,86.8628,0.0000,0.0000,822.2703,995.9958
74.840,1,1,heuristic,35.9785,120.6428,1.7190,0.7400,3.0957,3.1829,-1.2515,1.1881,4.0000,-2.3856,0.9696,11.9748,-0.5222,3.0000,0.0000,0.0000,0,21.5296,931.8421,982.8528,957.3475,25.5053,0.0000,0.0000,931.8421,982.8528
74.890,1,1,heuristic,36.0071,120.8076,1.7278,0.7019,3.1104,3.1886,-1.2577,1.1818,4.0000,-2.3217,0.9696,11.8212,-0.5372,3.0000,0.0000,0.0000,0,21.5296,963.0352,772.0560,867.5456,-95.4896,0.0000,0.0000,963.0352,772.0560
74.940,1,1,heuristic,36.0323,120.9637,1.7347,0.6663,3.1388,3.2087,1.5942,1.1754,4.0000,-2.2520,0.9696,11.6585,-0.5524,3.0000,0.0000,0.0000,0,21.5296,962.8913,820.0274,891.4594,-71.4320,0.0000,0.0000,962.8913,820.0274
74.990,1,1,heuristic,36.0568,121.1293,1.7439,0.6273,3.1481,3.2100,1.5813,1.1689,4.0000,-2.1845,0.9696,11.5052,-0.5658,3.0000,0.0000,0.0000,0,21.5296,907.8958,859.5632,883.7295,-24.1663,0.0000,0.0000,907.8958,859.5632
75.041,1,1,heuristic,36.0779,121.2852,1.7510,0.5900,3.1681,3.2226,1.5603,1.1623,4.0000,-2.1110,0.9696,11.3437,-0.5816,3.0000,0.0000,0.0000,0,21.5296,977.5932,749.5632,863.5782,-114.0150,0.0000,0.0000,977.5932,749.5632
75.090,1,1,heuristic,36.0779,121.2852,1.7567,0.5900,3.1681,3.2226,-1.3155,1.1557,4.0000,-2.0402,0.9696,11.1925,-0.5953,3.0000,0.0000,0.0000,0,21.5296,977.5932,749.5632,863.5782,-114.0150,0.0000,0.0000,977.5932,749.5632
75.141,1,1,heuristic,36.0983,121.4502,1.7634,0.5503,3.1691,3.2166,1.5365,1.1557,4.0000,-2.0402,0.9696,11.1925,-0.6010,3.0000,0.0000,0.0000,0,21.5296,933.3125,667.9983,800.6554,-132.6571,0.0000,0.0000,933.3125,667.9983
75.190,1,1,heuristic,36.1155,121.6052,1.7668,0.5120,3.1808,3.2218,-1.3618,1.1490,4.0000,-1.9637,0.9696,11.0335,-0.6143,3.0000,0.0000,0.0000,0,21.5296,823.3125,557.9983,690.6554,-132.6571,0.0000,0.0000,823.3125,557.9983
75.241,1,1,heuristic,36.1317,121.7685,1.7720,0.4718,3.1728,3.2076,1.5265,1.1423,4.0000,-1.8902,0.9696,10.8853,-0.6245,3.0000,0.0000,0.0000,0,21.5296,868.4574,447.9983,658.2278,-210.2296,0.0000,0.0000,868.4574,447.9983
75.291,1,1,heuristic,36.1452,121.9205,1.7760,0.4339,3.1716,3.2011,1.4955,1.1355,4.0000,-1.8112,0.9696,10.7300,-0.6364,3.0000,0.0000,0.0000,0,21.5296,975.9183,337.9983,656.9583,-318.9600,0.0000,0.0000,975.9183,337.9983
75.340,1,1,heuristic,36.1578,122.0790,1.7785,0.3954,3.1470,3.1717,-1.4558,1.1289,4.0000,-1.7364,0.9696,10.5864,-0.6471,3.0000,0.0000,0.0000,0,21.5296,962.7593,227.9983,595.3788,-367.3805,0.0000,0.0000,962.7593,227.9983
75.392,1,1,heuristic,36.1677,122.2258,1.7795,0.3575,3.1293,3.1497,-1.4708,1.1224,4.0000,-1.6571,0.9696,10.4376,-0.6562,3.0000,0.0000,0.0000,0,21.5296,900.7426,117.9983,509.3704,-391.3722,0.0000,0.0000,900.7426,117.9983
75.441,1,1,heuristic,36.1759,122.3783,1.7809,0.3178,3.0899,3.1062,1.3658,1.1160,4.0000,-1.5822,0.9696,10.3008,-0.6634,3.0000,0.0000,0.0000,0,21.5296,790.7426,7.9983,399.3704,-391.3722,0.0000,0.0000,790.7426,7.9983
75.491,1,1,heuristic,36.1819,122.5181,1.7783,0.2790,3.0546,3.0673,1.3370,1.1096,4.0000,-1.5027,0.9696,10.1599,-0.6713,3.0000,0.0000,0.0000,0,21.5296,680.7426,-87.3156,296.7135,-384.0291,0.0000,0.0000,680.7426,-87.3156
75.541,1,1,heuristic,36.1819,122.5181,1.7750,0.2790,3.0546,3.0673,-1.6220,1.1035,4.0000,-1.4285,0.9696,10.0317,-0.6748,3.0000,0.0000,0.0000,0,21.5296,592.7996,22.6844,307.7420,-285.0576,0.0000,0.0000,592.7996,22.6844
75.590,1,1,heuristic,36.1866,122.6611,1.7705,0.2414,2.9934,3.0031,1.2665,1.1035,4.0000,-1.4285,0.9696,10.0317,-0.6715,3.0000,0.0000,0.0000,0,21.5296,592.8295,20.4729,306.6512,-286.1783,0.0000,0.0000,592.8295,20.4729
75.641,1,1,heuristic,36.1898,122.7901,1.7627,0.2063,2.9324,2.9397,-1.6720,1.0975,4.0000,-1.3516,0.9696,9.9016,-0.6729,3.0000,0.0000,0.0000,0,21.5296,702.8295,23.7332,363.2813,-339.5482,0.0000,0.0000,702.8295,23.7332
75.691,1,1,heuristic,36.1920,122.9212,1.7555,0.1735,2.8500,2.8553,1.2240,1.0920,4.0000,-1.2812,0.9696,9.7850,-0.6707,3.0000,0.0000,0.0000,0,21.5296,812.8295,118.6331,465.7313,-347.0982,0.0000,0.0000,812.8295,118.6331
75.741,1,1,heuristic,36.1930,123.0401,1.7448,0.1432,2.7756,2.7792,1.1865,1.0866,4.0000,-1.2089,0.9696,9.6673,-0.6689,3.0000,0.0000,0.0000,0,21.5296,922.8295,8.6352,465.7323,-457.0972,0.0000,0.0000,922.8295,8.6352
75.791,1,1,heuristic,36.1929,123.1625,1.7353,0.1139,2.6914,2.6938,-1.7592,1.0814,4.0000,-1.1425,0.9696,9.5612,-0.6634,3.0000,0.0000,0.0000,0,21.5296,812.8297,-5.1055,403.8621,-408.9676,0.0000,0.0000,812.8297,-5.1055
75.840,1,1,heuristic,36.1914,123.2754,1.7245,0.0852,2.6233,2.6247,1.1355,1.0760,4.0000,-1.0731,0.9696,9.4530,-0.6593,3.0000,0.0000,0.0000,0,21.5296,922.7925,104.8945,513.8435,-408.9490,0.0000,0.0000,922.7925,104.8945
75.890,1,1,heuristic,36.1885,123.3924,1.7128,0.0569,2.5488,2.5495,-1.8228,1.0707,4.0000,-1.0080,0.9696,9.3541,-0.6539,3.0000,0.0000,0.0000,0,21.5296,975.7697,188.5065,582.1381,-393.6316,0.0000,0.0000,975.7697,188.5065
75.941,1,1,heuristic,36.1885,123.3924,1.6956,0.0569,2.5488,2.5495,-1.8495,1.0649,4.0000,-0.9394,0.9696,9.2525,-0.6479,3.0000,0.0000,0.0000,0,21.5296,865.7697,185.6044,525.6871,-340.0827,0.0000,0.0000,865.7697,185.6044
75.991,1,1,heuristic,36.1844,123.5016,1.6859,0.0283,2.4940,2.4941,-1.8798,1.0649,4.0000,-0.9394,0.9696,9.2525,-0.6307,3.0000,0.0000,0.0000,0,21.5296,950.2007,295.6044,622.9026,-327.2982,0.0000,0.0000,950.2007,295.6044
76.041,1,1,heuristic,36.1787,123.6172,1.6634,0.0008,2.4398,2.4398,1.0515,1.0591,4.0000,-0.8743,0.9696,9.1589,-0.6268,3.0000,0.0000,0.0000,0,21.5296,999.9834,405.6044,702.7939,-297.1895,0.0000,0.0000,999.9834,405.6044
76.091,1,1,heuristic,36.1723,123.7267,1.6475,-0.0260,2.4079,2.4080,-1.9035,1.0526,4.0000,-0.8042,0.9696,9.0607,-0.6108,3.0000,0.0000,0.0000,0,21.5296,975.3801,515.6044,745.4923,-229.8878,0.0000,0.0000,975.3801,515.6044
76.141,1,1,heuristic,36.1644,123.8449,1.6229,-0.0510,2.3810,2.3815,-1.8987,1.0461,4.0000,-0.7370,0.9696,8.9686,-0.6014,3.0000,0.0000,0.0000,0,21.5296,960.1528,572.6391,766.3959,-193.7569,0.0000,0.0000,960.1528,572.6391
76.191,1,1,heuristic,36.1563,123.9593,1.6101,-0.0748,2.3816,2.3828,-1.9038,1.0388,4.0000,-0.6637,0.9696,8.8701,-0.5841,3.0000,0.0000,0.0000,0,21.5296,933.2591,682.6221,807.9406,-125.3185,0.0000,0.0000,933.2591,682.6221
76.241,1,1,heuristic,36.1472,124.0846,1.5891,-0.0949,2.3873,2.3892,-1.8893,1.0313,4.0000,-0.5922,0.9696,8.7755,-0.5788,3.0000,0.0000,0.0000,0,21.5296,946.0997,792.6221,869.3609,-76.7388,0.0000,0.0000,946.0997,792.6221
76.291,1,1,heuristic,36.1385,124.2068,1.5673,-0.1119,2.4186,2.4212,-1.8820,1.0231,4.0000,-0.5138,0.9696,8.6725,-0.5660,3.0000,0.0000,0.0000,0,21.5296,959.5362,888.4085,923.9724,-35.5639,0.0000,0.0000,959.5362,888.4085
76.340,1,1,heuristic,36.1298,124.3412,1.5477,-0.1231,2.4521,2.4551,-1.8775,1.0150,4.0000,-0.4376,0.9696,8.5727,-0.5524,3.0000,0.0000,0.0000,0,21.5296,972.7706,787.1452,879.9579,-92.8127,0.0000,0.0000,972.7706,787.1452
76.391,1,1,heuristic,36.1224,124.4727,1.5281,-0.1295,2.5096,2.5129,1.1242,1.0061,4.0000,-0.3543,0.9696,8.4630,-0.5415,3.0000,0.0000,0.0000,0,21.5296,967.9322,677.1607,822.5464,-145.3857,0.0000,0.0000,967.9322,677.1607
76.441,1,1,heuristic,36.1154,124.6167,1.5130,-0.1305,2.5616,2.5649,-1.8460,0.9976,4.0000,-0.2738,0.9696,8.3558,-0.5306,3.0000,0.0000,0.0000,0,21.5296,910.3830,785.2891,847.8360,-62.5470,0.0000,0.0000,910.3830,785.2891
76.491,1,1,heuristic,36.1095,124.7555,1.4950,-0.1288,2.6276,2.6307,-1.8208,0.9885,4.0000,-0.1866,0.9696,8.2386,-0.5245,3.0000,0.0000,0.0000,0,21.5296,960.2207,812.6891,886.4549,-73.7658,0.0000,0.0000,960.2207,812.6891
76.541,1,1,heuristic,36.1095,124.7555,1.4808,-0.1288,2.6276,2.6307,1.1545,0.9799,4.0000,-0.1032,0.9696,8.1260,-0.5150,3.0000,0.0000,0.0000,0,21.5296,869.8983,920.4838,895.1911,25.2928,0.0000,0.0000,869.8983,920.4838
76.591,1,1,heuristic,36.1044,124.9056,1.4646,-0.1229,2.6793,2.6821,1.1715,0.9799,4.0000,-0.1032,0.9696,8.1260,-0.5009,3.0000,0.0000,0.0000,0,21.5296,900.5843,917.8719,909.2281,8.6438,0.0000,0.0000,900.5843,917.8719
76.640,1,1,heuristic,36.1006,125.0495,1.4479,-0.1141,2.7428,2.7452,1.2192,0.9710,4.0000,-0.0141,0.9696,8.0045,-0.4937,3.0000,0.0000,0.0000,0,21.5296,980.5420,939.5546,960.0483,-20.4937,0.0000,0.0000,980.5420,939.5546
76.691,1,1,heuristic,36.0979,125.2043,1.4356,-0.1016,2.7897,2.7915,-1.7652,0.9626,4.0000,0.0704,0.9696,7.8884,-0.4853,3.0000,0.0000,0.0000,0,21.5296,967.4136,829.5546,898.4841,-68.9295,0.0000,0.0000,967.4136,829.5546
76.741,1,1,heuristic,36.0965,125.3520,1.4214,-0.0870,2.8471,2.8484,1.2625,0.9538,4.0000,0.1602,0.9696,7.7636,-0.4818,3.0000,0.0000,0.0000,0,21.5296,900.2850,719.5546,809.9198,-90.3652,0.0000,0.0000,900.2850,719.5546
76.791,1,1,heuristic,36.0960,125.5102,1.4103,-0.0714,2.8862,2.8871,-1.7383,0.9457,4.0000,0.2449,0.9696,7.6448,-0.4756,3.0000,0.0000,0.0000,0,21.5296,913.4806,609.5546,761.5176,-151.9630,0.0000,0.0000,913.4806,609.5546
76.840,1,1,heuristic,36.0961,125.6595,1.3973,-0.0568,2.9311,2.9316,-1.7483,0.9372,4.0000,0.3348,0.9696,7.5182,-0.4732,3.0000,0.0000,0.0000,0,21.5296,990.1365,499.5546,744.8456,-245.2910,0.0000,0.0000,990.1365,499.5546
76.891,1,1,heuristic,36.0965,125.8171,1.3836,-0.0441,2.9510,2.9513,-1.7505,0.9293,4.0000,0.4191,0.9696,7.3994,-0.4680,3.0000,0.0000,0.0000,0,21.5296,893.1032,389.5546,641.3289,-251.7743,0.0000,0.0000,893.1032,389.5546
76.941,1,1,heuristic,36.0967,125.9646,1.3766,-0.0343,2.9753,2.9755,-1.7828,0.9209,4.0000,0.5080,0.9696,7.2751,-0.4627,3.0000,0.0000,0.0000,0,21.5296,912.1872,347.7138,629.9505,-282.2367,0.0000,0.0000,912.1872,347.7138
76.991,1,1,heuristic,36.0967,125.9646,1.3658,-0.0343,2.9753,2.9755,1.2167,0.9131,4.0000,0.5912,0.9696,7.1601,-0.4635,3.0000,0.0000,0.0000,0,21.5296,874.9171,380.7978,627.8574,-247.0597,0.0000,0.0000,874.9171,380.7978
77.041,1,1,heuristic,36.0961,126.2628,1.3490,-0.0244,2.9786,2.9787,-1.8185,0.9131,4.0000,0.5912,0.9696,7.1601,-0.4527,3.0000,0.0000,0.0000,0,21.5296,840.4151,449.0833,644.7492,-195.6659,0.0000,0.0000,840.4151,449.0833
77.091,1,1,heuristic,36.0961,126.2628,1.3431,-0.0244,2.9786,2.9787,1.1730,0.8970,4.0000,0.7605,0.9696,6.9318,-0.4519,3.0000,0.0000,0.0000,0,21.5296,730.4151,339.0833,534.7492,-195.6659,0.0000,0.0000,730.4151,339.0833
77.141,1,1,heuristic,36.0955,126.4134,1.3288,-0.0219,2.9618,2.9619,1.1923,0.8970,4.0000,0.7605,0.9696,6.9318,-0.4461,3.0000,0.0000,0.0000,0,21.5296,839.4652,449.0083,644.2367,-195.2285,0.0000,0.0000,839.4652,449.0083
77.191,1,1,heuristic,36.0948,126.5531,1.3188,-0.0202,2.9516,2.9517,1.1903,0.8887,4.0000,0.8461,0.9696,6.8189,-0.4401,3.0000,0.0000,0.0000,0,21.5296,858.7748,342.8991,600.8370,-257.9379,0.0000,0.0000,858.7748,342.8991
77.241,1,1,heuristic,36.0948,126.5531,1.3063,-0.0202,2.9516,2.9517,-1.8335,0.8810,4.0000,0.9257,0.9696,6.7155,-0.4378,3.0000,0.0000,0.0000,0,21.5296,968.7748,452.8991,710.8370,-257.9379,0.0000,0.0000,968.7748,452.8991
77.291,1,1,heuristic,36.0937,126.8362,1.2868,-0.0171,2.9092,2.9092,1.1640,0.8810,4.0000,0.9257,0.9696,6.7155,-0.4253,3.0000,0.0000,0.0000,0,21.5296,1000.0000,430.8137,715.4069,-284.5931,0.0000,0.0000,1000.0000,430.8137
77.341,1,1,heuristic,36.0937,126.8362,1.2801,-0.0171,2.9092,2.9092,-1.8578,0.8651,4.0000,1.0868,0.9696,6.5099,-0.4217,3.0000,0.0000,0.0000,0,21.5296,951.2828,527.5190,739.4009,-211.8819,0.0000,0.0000,951.2828,527.5190
77.390,1,1,heuristic,36.0934,126.9812,1.2620,-0.0145,2.8850,2.8851,-1.8748,0.8651,4.0000,1.0868,0.9696,6.5099,-0.4150,3.0000,0.0000,0.0000,0,21.5296,999.8538,417.5190,708.6864,-291.1674,0.0000,0.0000,999.8538,417.5190
77.441,1,1,heuristic,36.0939,127.1182,1.2523,-0.0098,2.8790,2.8790,-1.9010,0.8568,4.0000,1.1690,0.9696,6.4067,-0.4052,3.0000,0.0000,0.0000,0,21.5296,1000.0000,527.5190,763.7595,-236.2405,0.0000,0.0000,1000.0000,527.5190
77.490,1,1,heuristic,36.0951,127.2642,1.2334,-0.0030,2.8647,2.8647,-1.8962,0.8494,4.0000,1.2462,0.9696,6.3101,-0.4030,3.0000,0.0000,0.0000,0,21.5296,890.0000,417.5190,653.7595,-236.2405,0.0000,0.0000,890.0000,417.5190
77.541,1,1,heuristic,36.0973,127.4026,1.2156,0.0066,2.8683,2.8683,-1.9027,0.8413,4.0000,1.3277,0.9696,6.2084,-0.3921,3.0000,0.0000,0.0000,0,21.5296,780.4672,307.5190,543.9931,-236.4741,0.0000,0.0000,780.4672,307.5190
77.591,1,1,heuristic,36.0973,127.4026,1.2035,0.0066,2.8683,2.8683,-1.8947,0.8341,4.0000,1.4042,0.9696,6.1129,-0.3815,3.0000,0.0000,0.0000,0,21.5296,890.3130,305.1125,597.7128,-292.6003,0.0000,0.0000,890.3130,305.1125
77.641,1,1,heuristic,36.1003,127.5490,1.1851,0.0168,2.8578,2.8578,-1.9273,0.8341,4.0000,1.4042,0.9696,6.1129,-0.3694,3.0000,0.0000,0.0000,0,21.5296,998.7008,378.8468,688.7738,-309.9270,0.0000,0.0000,998.7008,378.8468
77.691,1,1,heuristic,36.1037,127.6864,1.1773,0.0276,2.8586,2.8587,1.1135,0.8262,4.0000,1.4845,0.9696,6.0131,-0.3588,3.0000,0.0000,0.0000,0,21.5296,993.4199,429.6357,711.5278,-281.8921,0.0000,0.0000,993.4199,429.6357
77.741,1,1,heuristic,36.1083,127.8324,1.1581,0.0399,2.8486,2.8489,1.0998,0.8191,4.0000,1.5594,0.9696,5.9209,-0.3582,3.0000,0.0000,0.0000,0,21.5296,986.5270,539.6357,763.0814,-223.4456,0.0000,0.0000,986.5270,539.6357
77.791,1,1,heuristic,36.1142,127.9711,1.1370,0.0563,2.8565,2.8571,1.1038,0.8114,4.0000,1.6382,0.9696,5.8239,-0.3467,3.0000,0.0000,0.0000,0,21.5296,965.6125,649.6357,807.6241,-157.9884,0.0000,0.0000,965.6125,649.6357
77.841,1,1,heuristic,36.1142,127.9711,1.1202,0.0563,2.8565,2.8571,-1.9560,0.8046,4.0000,1.7118,0.9696,5.7327,-0.3324,3.0000,0.0000,0.0000,0,21.5296,1000.0000,759.6357,879.8179,-120.1821,0.0000,0.0000,1000.0000,759.6357
77.891,1,1,heuristic,36.1226,128.1196,1.1036,0.0775,2.8566,2.8577,1.1128,0.8046,4.0000,1.7118,0.9696,5.7327,-0.3156,3.0000,0.0000,0.0000,0,21.5296,980.2631,649.6357,814.9494,-165.3137,0.0000,0.0000,980.2631,649.6357
77.941,1,1,heuristic,36.1332,128.2613,1.0869,0.1061,2.8758,2.8778,-1.9487,0.7974,4.0000,1.7889,0.9696,5.6353,-0.3062,3.0000,0.0000,0.0000,0,21.5296,913.8951,539.6416,726.7684,-187.1267,0.0000,0.0000,913.8951,539.6416
77.991,1,1,heuristic,36.1474,128.4134,1.0705,0.1394,2.8856,2.8890,1.1375,0.7911,4.0000,1.8603,0.9696,5.5425,-0.2957,3.0000,0.0000,0.0000,0,21.5296,858.3573,430.2732,644.3153,-214.0421,0.0000,0.0000,858.3573,430.2732
78.041,1,1,heuristic,36.1629,128.5574,1.0541,0.1761,2.9085,2.9138,-1.9255,0.7845,4.0000,1.9347,0.9696,5.4430,-0.2860,3.0000,0.0000,0.0000,0,21.5296,664.4397,284.9005,474.6701,-189.7696,0.0000,0.0000,664.4397,284.9005
78.091,1,1,heuristic,36.1629,128.5574,1.0379,0.1761,2.9085,2.9138,1.1305,0.7787,4.0000,2.0034,0.9696,5.3493,-0.2754,3.0000,0.0000,0.0000,0,21.5296,774.4397,394.9005,584.6701,-189.7696,0.0000,0.0000,774.4397,394.9005
78.141,1,1,heuristic,36.1808,128.7094,1.0175,0.2098,2.9114,2.9190,-1.9167,0.7787,4.0000,2.0034,0.9696,5.3493,-0.2592,3.0000,0.0000,0.0000,0,21.5296,774.4397,394.9005,584.6701,-189.7696,0.0000,0.0000,774.4397,394.9005
78.191,1,1,heuristic,36.1984,128.8509,1.0056,0.2414,2.9185,2.9285,1.1280,0.7723,4.0000,2.0746,0.9696,5.2516,-0.2453,3.0000,0.0000,0.0000,0,21.5296,884.4397,284.9005,584.6701,-299.7696,0.0000,0.0000,884.4397,284.9005
78.241,1,1,heuristic,36.2185,128.9996,0.9812,0.2702,2.9069,2.9194,1.1207,0.7665,4.0000,2.1400,0.9696,5.1624,-0.2391,3.0000,0.0000,0.0000,0,21.5296,881.5829,186.0338,533.8084,-347.7745,0.0000,0.0000,881.5829,186.0338
78.291,1,1,heuristic,36.2386,129.1388,0.9732,0.2997,2.9054,2.9208,1.1400,0.7600,4.0000,2.2076,0.9696,5.0698,-0.2212,3.0000,0.0000,0.0000,0,21.5296,984.2315,184.7913,584.5114,-399.7201,0.0000,0.0000,984.2315,184.7913
78.341,1,1,heuristic,36.2607,129.2853,0.9566,0.3250,2.8876,2.9058,-1.9818,0.7543,3.9877,2.2698,0.9696,4.9846,-0.2189,3.0000,0.0000,0.0000,0,21.5296,983.7020,294.7913,639.2466,-344.4554,0.0000,0.0000,983.7020,294.7913
78.391,1,1,heuristic,36.2824,129.4225,0.9309,0.3506,2.8819,2.9031,-2.0198,0.7479,3.9174,2.3344,0.9696,4.8967,-0.2087,3.0000,0.0000,0.0000,0,21.5296,963.0600,404.7913,683.9256,-279.1343,0.0000,0.0000,963.0600,404.7913
78.441,1,1,heuristic,36.2824,129.4225,0.9175,0.3506,2.8819,2.9031,-2.0030,0.7423,3.8530,2.3941,0.9696,4.8162,-0.1886,3.0000,0.0000,0.0000,0,21.5296,963.0600,404.7913,683.9256,-279.1343,0.0000,0.0000,963.0600,404.7913
78.491,1,1,heuristic,36.3072,129.5676,0.8949,0.3755,2.8636,2.8881,-2.0220,0.7423,3.8530,2.3941,0.9696,4.8162,-0.1751,3.0000,0.0000,0.0000,0,21.5296,925.2195,209.6605,567.4400,-357.7795,0.0000,0.0000,925.2195,209.6605
78.541,1,1,heuristic,36.3324,129.7040,0.8762,0.4055,2.8593,2.8879,1.0710,0.7362,3.7860,2.4558,0.9696,4.7324,-0.1587,3.0000,0.0000,0.0000,0,21.5296,980.9790,290.8466,635.9128,-345.0662,0.0000,0.0000,980.9790,290.8466
78.591,1,1,heuristic,36.3608,129.8480,0.8574,0.4336,2.8412,2.8741,-2.0377,0.7310,3.7238,2.5122,0.9696,4.6547,-0.1452,3.0000,0.0000,0.0000,0,21.5296,1000.0000,400.8466,700.4233,-299.5767,0.0000,0.0000,1000.0000,400.8466
78.641,1,1,heuristic,36.3891,129.9831,0.8379,0.4649,2.8361,2.8739,1.0620,0.7253,3.6594,2.5702,0.9696,4.5742,-0.1321,3.0000,0.0000,0.0000,0,21.5296,890.0000,510.8466,700.4233,-189.5767,0.0000,0.0000,890.0000,510.8466
78.691,1,1,heuristic,36.4217,130.1265,0.8141,0.4974,2.8201,2.8636,1.0460,0.7204,3.6001,2.6233,0.9696,4.5001,-0.1175,3.0000,0.0000,0.0000,0,21.5296,780.0000,620.8466,700.4233,-79.5767,0.0000,0.0000,780.0000,620.8466
78.741,1,1,heuristic,36.4555,130.2615,0.7886,0.5386,2.8188,2.8698,1.0535,0.7151,3.5379,2.6775,0.9696,4.4223,-0.0989,3.0000,0.0000,0.0000,0,21.5296,890.0000,730.8466,810.4233,-79.5767,0.0000,0.0000,890.0000,730.8466
78.791,1,1,heuristic,36.4555,130.2615,0.7689,0.5386,2.8188,2.8698,-2.0155,0.7109,3.4796,2.7260,0.9696,4.3495,-0.0777,3.0000,0.0000,0.0000,0,21.5296,890.0000,730.8466,810.4233,-79.5767,0.0000,0.0000,890.0000,730.8466
78.841,1,1,heuristic,36.4954,130.4047,0.7451,0.5843,2.8059,2.8661,1.1105,0.7109,3.4796,2.7260,0.9696,4.3495,-0.0580,3.0000,0.0000,0.0000,0,21.5296,780.6430,817.6180,799.1305,18.4875,0.0000,0.0000,780.6430,817.6180
78.891,1,1,heuristic,36.5374,130.5402,0.7266,0.6427,2.8091,2.8816,-1.9775,0.7064,3.4175,2.7741,0.9696,4.2719,-0.0387,3.0000,0.0000,0.0000,0,21.5296,723.1305,647.0061,685.0683,-38.0622,0.0000,0.0000,723.1305,647.0061
78.941,1,1,heuristic,36.5871,130.6841,0.7047,0.7053,2.8008,2.8882,-1.9558,0.7032,3.3582,2.8161,0.9696,4.1978,-0.0234,3.0000,0.0000,0.0000,0,21.5296,613.1305,537.0061,575.0683,-38.0622,0.0000,0.0000,613.1305,537.0061
78.991,1,1,heuristic,36.6381,130.8193,0.6878,0.7768,2.8041,2.9097,1.1818,0.6998,3.2945,2.8565,0.9696,4.1181,-0.0049,3.0000,0.0000,0.0000,0,21.5296,534.7405,445.9460,490.3433,-44.3972,0.0000,0.0000,534.7405,445.9460
79.040,1,1,heuristic,36.6955,130.9613,0.6686,0.8422,2.7893,2.9136,1.2160,0.6975,3.2341,2.8909,0.9696,4.0427,0.0097,3.0000,0.0000,0.0000,0,21.5296,629.6465,335.9460,482.7962,-146.8502,0.0000,0.0000,629.6465,335.9460
79.091,1,1,heuristic,36.7516,131.0929,0.6518,0.9072,2.7796,2.9239,-1.9033,0.6947,3.1711,2.9239,0.9696,3.9639,0.0261,3.0000,0.0000,0.0000,0,21.5296,739.6465,225.9807,482.8136,-256.8329,0.0000,0.0000,739.6465,225.9807
79.141,1,1,heuristic,36.8124,131.2298,0.6340,0.9598,2.7504,2.9130,-1.9275,0.6926,3.1136,2.9521,0.9696,3.8920,0.0408,3.0000,0.0000,0.0000,0,21.5296,739.6465,225.9807,482.8136,-256.8329,0.0000,0.0000,739.6465,225.9807
79.190,1,1,heuristic,36.8706,131.3567,0.6195,1.0104,2.7289,2.9100,1.2188,0.6898,3.0551,2.9794,0.9696,3.8188,0.0557,3.0000,0.0000,0.0000,0,21.5296,739.6465,108.7346,424.1905,-315.4559,0.0000,0.0000,739.6465,108.7346
79.241,1,1,heuristic,36.9330,131.4888,0.6007,1.0480,2.6913,2.8882,-1.9732,0.6875,3.0026,3.0031,0.9696,3.7533,0.0681,3.0000,0.0000,0.0000,0,21.5296,739.6465,108.7346,424.1905,-315.4559,0.0000,0.0000,739.6465,108.7346
79.290,1,1,heuristic,36.9915,131.6109,0.5817,1.0824,2.6617,2.8734,-1.9918,0.6846,2.9502,3.0265,0.9696,3.6878,0.0839,3.0000,0.0000,0.0000,0,21.5296,749.7827,218.7346,484.2586,-265.5240,0.0000,0.0000,749.7827,218.7346
79.341,1,1,heuristic,36.9915,131.6109,0.5658,1.0824,2.6617,2.8734,1.1455,0.6822,2.9043,3.0473,0.9696,3.6304,0.1004,3.0000,0.0000,0.0000,0,21.5296,643.1514,328.7346,485.9430,-157.2084,0.0000,0.0000,643.1514,328.7346
79.391,1,1,heuristic,37.1116,131.8547,0.5412,1.1259,2.5812,2.8161,-1.9895,0.6822,2.9043,3.0473,0.9696,3.6304,0.1164,3.0000,0.0000,0.0000,0,21.5296,621.7790,438.7346,530.2568,-91.5222,0.0000,0.0000,621.7790,438.7346
79.441,1,1,heuristic,37.1116,131.8547,0.5279,1.1259,2.5812,2.8161,-2.0110,0.6764,2.8204,3.0861,0.9696,3.5255,0.1352,3.0000,0.0000,0.0000,0,21.5296,522.3892,548.7346,535.5619,13.1727,0.0000,0.0000,522.3892,548.7346
79.491,1,1,heuristic,37.1741,131.9760,0.5079,1.1412,2.5317,2.7770,-1.9788,0.6764,2.8204,3.0861,0.9696,3.5255,0.1485,3.0000,0.0000,0.0000,0,21.5296,563.0644,658.7346,610.8995,47.8351,0.0000,0.0000,563.0644,658.7346
79.541,1,1,heuristic,37.2342,132.0878,0.4877,1.1632,2.4912,2.7494,1.2150,0.6733,2.7818,3.1032,0.9696,3.4773,0.1654,3.0000,0.0000,0.0000,0,21.5296,453.0644,768.7346,610.8995,157.8351,0.0000,0.0000,453.0644,768.7346
79.591,1,1,heuristic,37.3000,132.2037,0.4722,1.1837,2.4387,2.7107,-1.9062,0.6709,2.7477,3.1169,0.9696,3.4346,0.1831,3.0000,0.0000,0.0000,0,21.5296,507.8448,860.1436,683.9942,176.1494,0.0000,0.0000,507.8448,860.1436
79.641,1,1,heuristic,37.3647,132.3105,0.4614,1.2164,2.3961,2.6872,1.2688,0.6683,2.7131,3.1282,0.9696,3.3914,0.1960,3.0000,0.0000,0.0000,0,21.5296,397.8448,896.0338,646.9393,249.0945,0.0000,0.0000,397.8448,896.0338
79.691,1,1,heuristic,37.3647,132.3105,0.4476,1.2164,2.3961,2.6872,-1.8718,0.6666,2.6815,3.1353,0.9696,3.3519,0.2052,3.0000,0.0000,0.0000,0,21.5296,287.8448,869.5599,578.7023,290.8576,0.0000,0.0000,287.8448,869.5599
79.741,1,1,heuristic,37.5090,132.5238,0.4296,1.3008,2.3013,2.6435,-1.7928,0.6666,2.6815,3.1353,0.9696,3.3519,0.2190,3.0000,0.0000,0.0000,0,21.5296,240.4194,906.2439,573.3316,332.9122,0.0000,0.0000,240.4194,906.2439
79.791,1,1,heuristic,37.5090,132.5238,0.4193,1.3008,2.3013,2.6435,1.4275,0.6646,2.6170,3.1370,0.9696,3.2713,0.2350,3.0000,0.0000,0.0000,0,21.5296,130.4194,796.2439,463.3316,332.9122,0.0000,0.0000,130.4194,796.2439
79.841,1,1,heuristic,37.6676,132.7267,0.4069,1.4062,2.2028,2.6134,-1.6925,0.6646,2.6170,3.1370,0.9696,3.2713,0.2453,3.0000,0.0000,0.0000,0,21.5296,21.1942,793.4089,407.3016,386.1073,0.0000,0.0000,21.1942,793.4089
79.891,1,1,heuristic,37.6676,132.7267,0.4008,1.4062,2.2028,2.6134,1.5325,0.6648,2.5538,3.1210,0.9696,3.1922,0.2579,3.0000,0.0000,0.0000,0,21.5296,76.9709,903.4089,490.1899,413.2190,0.0000,0.0000,76.9709,903.4089
79.941,1,1,heuristic,37.7534,132.8263,0.3953,1.4550,2.1453,2.5922,-1.5922,0.6648,2.5538,3.1210,0.9696,3.1922,0.2640,3.0000,0.0000,0.0000,0,21.5296,186.9709,875.1008,531.0359,344.0650,0.0000,0.0000,186.9709,875.1008
79.991,1,1,heuristic,37.8362,132.9169,0.3930,1.5089,2.0939,2.5809,1.6282,0.6652,2.5225,3.1065,0.9696,3.1531,0.2699,3.0000,0.0000,0.0000,0,21.5296,274.3200,792.9001,533.6100,259.2901,0.0000,0.0000,274.3200,792.9001
80.041,1,1,heuristic,37.9264,133.0099,0.3922,1.5543,2.0328,2.5589,1.6753,0.6662,2.4942,3.0895,0.9696,3.1178,0.2732,3.0000,0.0000,0.0000,0,21.5296,215.6260,785.8451,500.7355,285.1096,0.0000,0.0000,215.6260,785.8451
80.091,1,1,heuristic,38.0136,133.0950,0.3946,1.6067,1.9808,2.5505,1.7020,0.6673,2.4651,3.0677,0.9696,3.0814,0.2751,3.0000,0.0000,0.0000,0,21.5296,325.6260,895.8451,610.7355,285.1096,0.0000,0.0000,325.6260,895.8451
80.140,1,1,heuristic,38.1077,133.1826,0.3973,1.6471,1.9214,2.5308,1.7195,0.6691,2.4390,3.0439,0.9696,3.0487,0.2745,3.0000,0.0000,0.0000,0,21.5296,435.6260,942.1033,688.8647,253.2387,0.0000,0.0000,435.6260,942.1033
80.191,1,1,heuristic,38.1976,133.2628,0.4011,1.6925,1.8713,2.5231,-1.4483,0.6709,2.4130,3.0159,0.9696,3.0163,0.2736,3.0000,0.0000,0.0000,0,21.5296,545.6260,832.1033,688.8647,143.2387,0.0000,0.0000,545.6260,832.1033
80.241,1,1,heuristic,38.2950,133.3458,0.4061,1.7285,1.8164,2.5074,1.7645,0.6733,2.3904,2.9871,0.9696,2.9879,0.2722,3.0000,0.0000,0.0000,0,20.3060,655.6260,726.7174,691.1717,35.5457,0.0000,0.0000,655.6260,726.7174
80.291,1,1,heuristic,38.3885,133.4227,0.4147,1.7724,1.7735,2.5073,1.7737,1.3189,4.0000,2.3533,1.5555,18.6594,0.9128,3.0000,0.0000,0.0000,0,20.3060,765.6260,616.7174,691.1717,-74.4543,0.0000,0.0000,765.6260,616.7174
80.341,1,1,heuristic,38.4891,133.5033,0.4194,1.8050,1.7288,2.4994,1.7637,1.3279,4.0000,2.2610,1.5555,18.5702,0.9132,3.0000,0.0000,0.0000,0,20.3060,827.5000,506.7174,667.1087,-160.3913,0.0000,0.0000,827.5000,506.7174
80.391,1,1,heuristic,38.4891,133.5033,0.4253,1.8050,1.7288,2.4994,-1.4960,1.3373,4.0000,2.1616,1.5555,18.4768,0.9179,3.0000,0.0000,0.0000,0,20.3060,619.3651,286.8658,453.1154,-166.2496,0.0000,0.0000,619.3651,286.8658
80.441,1,1,heuristic,38.5850,133.5789,0.4311,1.8434,1.6978,2.5061,1.7095,1.3373,4.0000,2.1616,1.5555,18.4768,0.9120,3.0000,0.0000,0.0000,0,20.3060,619.3651,286.8658,453.1154,-166.2496,0.0000,0.0000,619.3651,286.8658
80.491,1,1,heuristic,38.6870,133.6586,0.4370,1.8669,1.6651,2.5016,1.6855,1.3468,4.0000,2.0670,1.5555,18.3894,0.9157,3.0000,0.0000,0.0000,0,20.3060,559.5700,248.5639,404.0670,-155.5031,0.0000,0.0000,559.5700,248.5639
80.541,1,1,heuristic,38.7820,133.7329,0.4409,1.8893,1.6416,2.5029,-1.5735,1.3566,4.0000,1.9662,1.5555,18.2975,0.9196,3.0000,0.0000,0.0000,0,20.3060,697.1444,37.5182,367.3313,-329.8131,0.0000,0.0000,697.1444,37.5182
80.591,1,1,heuristic,38.8812,133.8106,0.4431,1.8931,1.6121,2.4865,-1.5958,1.3659,4.0000,1.8724,1.5555,18.2124,0.9250,3.0000,0.0000,0.0000,0,20.3060,697.1444,37.5182,367.3313,-329.8131,0.0000,0.0000,697.1444,37.5182
80.640,1,1,heuristic,38.9729,133.8830,0.4455,1.8966,1.5914,2.4758,-1.6598,1.3751,4.0000,1.7743,1.5555,18.1237,0.9320,3.0000,0.0000,0.0000,0,20.3060,477.1444,204.2848,340.7146,-136.4298,0.0000,0.0000,477.1444,204.2848
80.691,1,1,heuristic,38.9729,133.8830,0.4457,1.8966,1.5914,2.4758,1.5615,1.3839,4.0000,1.6838,1.5555,18.0416,0.9384,3.0000,0.0000,0.0000,0,20.3060,477.1444,204.2848,340.7146,-136.4298,0.0000,0.0000,477.1444,204.2848
80.740,1,1,heuristic,39.0682,133.9591,0.4452,1.8839,1.5658,2.4497,1.5283,1.3839,4.0000,1.6838,1.5555,18.0416,0.9382,3.0000,0.0000,0.0000,0,20.3060,257.1444,408.3645,332.7545,75.6101,0.0000,0.0000,257.1444,408.3645
80.790,1,1,heuristic,39.1564,134.0297,0.4434,1.8744,1.5468,2.4302,-1.6947,1.3927,4.0000,1.5896,1.5555,17.9558,0.9474,3.0000,0.0000,0.0000,0,20.3060,257.1444,408.3645,332.7545,75.6101,0.0000,0.0000,257.1444,408.3645
80.841,1,1,heuristic,39.2482,134.1028,0.4405,1.8527,1.5183,2.3954,-1.6978,1.4010,4.0000,1.5026,1.5555,17.8766,0.9576,3.0000,0.0000,0.0000,0,20.3060,37.1444,628.3600,332.7522,295.6078,0.0000,0.0000,37.1444,628.3600
80.891,1,1,heuristic,39.3333,134.1694,0.4379,1.8370,1.4925,2.3669,1.5800,1.4094,4.0000,1.4118,1.5555,17.7950,0.9689,3.0000,0.0000,0.0000,0,20.3060,-72.8556,738.3600,332.7522,405.6078,0.0000,0.0000,-72.8556,738.3600
80.941,1,1,heuristic,39.3333,134.1694,0.4363,1.8370,1.4925,2.3669,1.6055,1.4174,4.0000,1.3277,1.5555,17.7208,0.9795,3.0000,0.0000,0.0000,0,20.3060,-182.8556,782.5635,299.8539,482.7095,0.0000,0.0000,-182.8556,782.5635
80.991,1,1,heuristic,39.4225,134.2368,0.4345,1.8126,1.4531,2.3232,1.6660,1.4174,4.0000,1.3277,1.5555,17.7208,0.9811,3.0000,0.0000,0.0000,0,20.3060,-182.8556,782.5635,299.8539,482.7095,0.0000,0.0000,-182.8556,782.5635
81.040,1,1,heuristic,39.5055,134.2969,0.4346,1.7957,1.4130,2.2849,1.6878,1.4256,4.0000,1.2396,1.5555,17.6458,0.9910,3.0000,0.0000,0.0000,0,20.3060,-74.1146,768.7763,347.3309,421.4454,0.0000,0.0000,-74.1146,768.7763
81.091,1,1,heuristic,39.5921,134.3569,0.4361,1.7699,1.3612,2.2328,-1.4865,1.4333,4.0000,1.1576,1.5555,17.5790,0.9988,3.0000,0.0000,0.0000,0,20.3060,-182.6420,878.7763,348.0672,530.7091,0.0000,0.0000,-182.6420,878.7763
81.141,1,1,heuristic,39.6730,134.4105,0.4403,1.7529,1.3121,2.1896,-1.4463,1.4414,4.0000,1.0718,1.5555,17.5124,1.0053,3.0000,0.0000,0.0000,0,20.3060,-292.6420,981.2458,344.3019,636.9439,0.0000,0.0000,-292.6420,981.2458
81.190,1,1,heuristic,39.6730,134.4105,0.4441,1.7529,1.3121,2.1896,-1.3975,1.4491,4.0000,0.9918,1.5555,17.4529,1.0088,3.0000,0.0000,0.0000,0,20.3060,-402.6420,1000.0000,298.6790,701.3210,0.0000,0.0000,-402.6420,1000.0000
81.241,1,1,heuristic,39.7584,134.4638,0.4531,1.7305,1.2548,2.1376,-1.3185,1.4491,4.0000,0.9918,1.5555,17.4529,1.0050,3.0000,0.0000,0.0000,0,20.3060,-314.2127,983.0246,334.4059,648.6187,0.0000,0.0000,-314.2127,983.0246
81.290,1,1,heuristic,39.8386,134.5106,0.4601,1.7187,1.1989,2.0956,-1.2943,1.4573,4.0000,0.9073,1.5555,17.3938,1.0041,3.0000,0.0000,0.0000,0,20.3060,-393.3013,990.6530,298.6759,691.9772,0.0000,0.0000,-393.3013,990.6530
81.341,1,1,heuristic,39.9237,134.5567,0.4746,1.7025,1.1363,2.0468,-1.2020,1.4652,4.0000,0.8278,1.5555,17.3419,1.0051,3.0000,0.0000,0.0000,0,20.3060,-286.7399,928.3036,320.7819,607.5218,0.0000,0.0000,-286.7399,928.3036
81.391,1,1,heuristic,40.0042,134.5971,0.4886,1.6974,1.0773,2.0104,2.1055,1.4737,4.0000,0.7433,1.5555,17.2907,0.9991,3.0000,0.0000,0.0000,0,20.3060,-360.9368,818.3437,228.7034,589.6402,0.0000,0.0000,-360.9368,818.3437
81.440,1,1,heuristic,40.0042,134.5971,0.5047,1.6974,1.0773,2.0104,-1.1420,1.4821,4.0000,0.6634,1.5555,17.2459,0.9935,3.0000,0.0000,0.0000,0,20.3060,-384.0093,708.3437,162.1672,546.1765,0.0000,0.0000,-384.0093,708.3437
81.491,1,1,heuristic,40.0900,134.6372,0.5225,1.6877,1.0160,1.9699,2.1732,1.4821,4.0000,0.6634,1.5555,17.2459,0.9773,3.0000,0.0000,0.0000,0,20.3060,-494.0093,818.3437,162.1672,656.1765,0.0000,0.0000,-494.0093,818.3437
81.541,1,1,heuristic,40.1705,134.6726,0.5419,1.6855,0.9603,1.9399,-1.0585,1.4910,4.0000,0.5783,1.5555,17.2015,0.9686,3.0000,0.0000,0.0000,0,20.3060,-604.0093,928.3418,162.1663,766.1756,0.0000,0.0000,-604.0093,928.3418
81.591,1,1,heuristic,40.2552,134.7075,0.5673,1.6745,0.9027,1.9023,-1.0152,1.4996,4.0000,0.4984,1.5555,17.1623,0.9577,3.0000,0.0000,0.0000,0,20.3060,-714.0093,998.6188,142.3047,856.3140,0.0000,0.0000,-714.0093,998.6188
81.640,1,1,heuristic,40.3348,134.7381,0.5850,1.6712,0.8496,1.8748,-0.9885,1.5088,4.0000,0.4142,1.5555,17.1239,0.9415,3.0000,0.0000,0.0000,0,20.3060,-781.7843,933.5440,75.8799,857.6641,0.0000,0.0000,-781.7843,933.5440
81.691,1,1,heuristic,40.4190,134.7678,0.6144,1.6607,0.7940,1.8407,-0.9220,1.5175,4.0000,0.3350,1.5555,17.0903,0.9325,3.0000,0.0000,0.0000,0,20.3060,-808.5207,868.4533,29.9663,838.4870,0.0000,0.0000,-808.5207,868.4533
81.741,1,1,heuristic,40.4976,134.7931,0.6480,1.6560,0.7405,1.8141,-0.8938,1.5268,4.0000,0.2513,1.5555,17.0579,0.9124,3.0000,0.0000,0.0000,0,20.3060,-698.5247,758.4533,29.9643,728.4890,0.0000,0.0000,-698.5247,758.4533
81.791,1,1,heuristic,40.4976,134.7931,0.6684,1.6560,0.7405,1.8141,-0.8665,1.5357,4.0000,0.1731,1.5555,17.0305,0.8876,3.0000,0.0000,0.0000,0,20.3060,-604.6786,655.8524,25.5869,630.2655,0.0000,0.0000,-604.6786,655.8524
81.840,1,1,heuristic,40.5796,134.8169,0.7058,1.6403,0.6839,1.7771,-0.8570,1.5357,4.0000,0.1731,1.5555,17.0305,0.8673,3.0000,0.0000,0.0000,0,20.3060,-494.6786,753.1566,129.2390,623.9176,0.0000,0.0000,-494.6786,753.1566
81.891,1,1,heuristic,40.6553,134.8369,0.7279,1.6276,0.6304,1.7454,-0.8335,1.5449,4.0000,0.0915,1.5555,17.0048,0.8392,3.0000,0.0000,0.0000,0,20.3060,-589.4866,759.9712,85.2423,674.7289,0.0000,0.0000,-589.4866,759.9712
81.941,1,1,heuristic,40.7341,134.8561,0.7675,1.6054,0.5781,1.7063,-0.8335,1.5536,4.0000,0.0161,1.5555,16.9834,0.8257,3.0000,0.0000,0.0000,0,20.3060,-681.8110,868.6783,93.4337,775.2446,0.0000,0.0000,-681.8110,868.6783
81.991,1,1,heuristic,40.8075,134.8724,0.7994,1.5898,0.5305,1.6760,2.4905,1.5628,4.0000,-0.0624,1.5555,16.9631,0.7953,3.0000,0.0000,0.0000,0,20.3060,-791.2182,968.4068,88.5943,879.8125,0.0000,0.0000,-791.2182,968.4068
82.041,1,1,heuristic,40.8075,134.8724,0.8317,1.5898,0.5305,1.6760,-0.8160,1.5714,4.0000,-0.1355,1.5555,16.9461,0.7720,3.0000,0.0000,0.0000,0,20.3060,-841.5821,945.2665,51.8422,893.4243,0.0000,0.0000,-841.5821,945.2665
82.091,1,1,heuristic,40.8846,134.8876,0.8652,1.5685,0.4830,1.6412,2.5375,1.5714,4.0000,-0.1355,1.5555,16.9461,0.7397,3.0000,0.0000,0.0000,0,20.3060,-731.5821,980.8547,124.6363,856.2184,0.0000,0.0000,-731.5821,980.8547
82.141,1,1,heuristic,40.9571,134.9000,0.8917,1.5568,0.4378,1.6172,2.5695,1.5806,4.0000,-0.2124,1.5555,16.9305,0.7154,3.0000,0.0000,0.0000,0,20.3060,-621.5821,1000.0000,189.2089,810.7911,0.0000,0.0000,-621.5821,1000.0000
82.191,1,1,heuristic,41.0341,134.9116,0.9347,1.5416,0.3948,1.5913,2.6078,1.5893,4.0000,-0.2847,1.5555,16.9181,0.6976,3.0000,0.0000,0.0000,0,20.3060,-511.5821,999.9847,244.2013,755.7834,0.0000,0.0000,-511.5821,999.9847
82.240,1,1,heuristic,41.1073,134.9224,0.9706,1.5383,0.3613,1.5802,-0.7243,1.5986,4.0000,-0.3615,1.5555,16.9068,0.6639,3.0000,0.0000,0.0000,0,20.3060,-401.5821,935.6003,267.0091,668.5912,0.0000,0.0000,-401.5821,935.6003
82.291,1,1,heuristic,41.1073,134.9224,1.0074,1.5383,0.3613,1.5802,2.5990,1.6074,4.0000,-0.4345,1.5555,16.8965,0.6367,3.0000,0.0000,0.0000,0,20.3060,-291.5821,928.4521,318.4350,610.0171,0.0000,0.0000,-291.5821,928.4521
82.341,1,1,heuristic,41.1860,134.9354,1.0536,1.5335,0.3388,1.5705,-0.7478,1.6074,4.0000,-0.4345,1.5555,16.8965,0.6000,3.0000,0.0000,0.0000,0,20.3060,-181.5821,1000.0000,409.2089,590.7911,0.0000,0.0000,-181.5821,1000.0000
82.391,1,1,heuristic,41.2613,134.9500,1.0907,1.5404,0.3320,1.5758,2.5762,1.6168,4.0000,-0.5130,1.5555,16.8846,0.5632,3.0000,0.0000,0.0000,0,20.3060,-71.5821,1000.0000,464.2089,535.7911,0.0000,0.0000,-71.5821,1000.0000
82.440,1,1,heuristic,41.3426,134.9699,1.1275,1.5452,0.3419,1.5825,-0.7570,1.6257,4.0000,-0.5881,1.5555,16.8712,0.5350,3.0000,0.0000,0.0000,0,20.3060,38.4179,1000.0000,519.2089,480.7911,0.0000,0.0000,38.4179,1000.0000
82.491,1,1,heuristic,41.4208,134.9938,1.1549,1.5619,0.3732,1.6059,2.5707,1.6352,4.0000,-0.6691,1.5555,16.8532,0.5078,3.0000,0.0000,0.0000,0,20.3060,148.4179,890.0000,519.2089,370.7911,0.0000,0.0000,148.4179,890.0000
82.541,1,1,heuristic,41.4208,134.9938,1.1910,1.5619,0.3732,1.6059,-0.8035,1.6441,4.0000,-0.7469,1.5555,16.8314,0.4892,3.0000,0.0000,0.0000,0,20.3060,258.4179,780.0000,519.2089,260.7911,0.0000,0.0000,258.4179,780.0000
82.591,1,1,heuristic,41.5852,135.0638,1.2440,1.5929,0.4952,1.6681,-0.8520,1.6441,4.0000,-0.7469,1.5555,16.8314,0.4531,3.0000,0.0000,0.0000,0,20.3060,368.4179,809.3435,588.8807,220.4628,0.0000,0.0000,368.4179,809.3435
82.640,1,1,heuristic,41.5852,135.0638,1.2696,1.5929,0.4952,1.6681,-0.8795,1.6622,4.0000,-0.9102,1.5555,16.7670,0.4182,3.0000,0.0000,0.0000,0,20.3060,316.8300,885.0103,600.9202,284.0902,0.0000,0.0000,316.8300,885.0103
82.690,1,1,heuristic,41.6706,135.1117,1.3108,1.6026,0.5805,1.7045,-0.9315,1.6622,4.0000,-0.9102,1.5555,16.7670,0.3926,3.0000,0.0000,0.0000,0,20.3060,305.9194,907.3353,606.6273,300.7080,0.0000,0.0000,305.9194,907.3353
82.741,1,1,heuristic,41.7510,135.1645,1.3346,1.6173,0.6844,1.7561,-0.9587,1.6713,4.0000,-0.9949,1.5555,16.7227,0.3605,3.0000,0.0000,0.0000,0,20.3060,394.4079,966.0080,680.2079,285.8000,0.0000,0.0000,394.4079,966.0080
82.791,1,1,heuristic,41.8360,135.2288,1.3729,1.6207,0.7947,1.8051,-0.9683,1.6793,4.0000,-1.0745,1.5555,16.6737,0.3448,3.0000,0.0000,0.0000,0,20.3060,284.4688,984.3449,634.4068,349.9380,0.0000,0.0000,284.4688,984.3449
82.841,1,1,heuristic,41.9154,135.2969,1.4023,1.6274,0.9198,1.8693,2.3720,1.6878,4.0000,-1.1585,1.5555,16.6139,0.3149,3.0000,0.0000,0.0000,0,20.3060,181.9131,982.4358,582.1744,400.2613,0.0000,0.0000,181.9131,982.4358
82.890,1,1,heuristic,41.9985,135.3768,1.4391,1.6214,1.0427,1.9278,2.3693,1.6951,4.0000,-1.2368,1.5555,16.5504,0.2928,3.0000,0.0000,0.0000,0,20.3060,182.3400,910.6131,546.4766,364.1365,0.0000,0.0000,182.3400,910.6131
82.940,1,1,heuristic,42.0755,135.4575,1.4732,1.6178,1.1708,1.9970,2.3595,1.7027,4.0000,-1.3187,1.5555,16.4759,0.2636,3.0000,0.0000,0.0000,0,20.3060,121.7610,824.8656,473.3133,351.5523,0.0000,0.0000,121.7610,824.8656
82.991,1,1,heuristic,42.0755,135.4575,1.5005,1.6178,1.1708,1.9970,-1.0285,1.7093,4.0000,-1.3944,1.5555,16.4005,0.2361,3.0000,0.0000,0.0000,0,20.3060,217.4231,821.6792,519.5511,302.1280,0.0000,0.0000,217.4231,821.6792
83.041,1,1,heuristic,42.1552,135.5480,1.5278,1.6009,1.2847,2.0526,2.3422,1.7093,4.0000,-1.3944,1.5555,16.4005,0.2088,3.0000,0.0000,0.0000,0,20.3060,242.0556,711.6894,476.8725,234.8169,0.0000,0.0000,242.0556,711.6894
83.091,1,1,heuristic,42.2283,135.6366,1.5677,1.5854,1.3967,2.1128,2.3280,1.7163,4.0000,-1.4727,1.5555,16.3160,0.1885,3.0000,0.0000,0.0000,0,20.3060,306.2603,602.1318,454.1961,147.9358,0.0000,0.0000,306.2603,602.1318
83.140,1,1,heuristic,42.3034,135.7335,1.5938,1.5570,1.4902,2.1552,-1.0600,1.7224,4.0000,-1.5445,1.5555,16.2334,0.1547,3.0000,0.0000,0.0000,0,20.3060,416.2603,506.7431,461.5017,45.2414,0.0000,0.0000,416.2603,506.7431
83.191,1,1,heuristic,42.3716,135.8268,1.6190,1.5299,1.5808,2.1999,2.2723,1.7290,4.0000,-1.6180,1.5555,16.1429,0.1352,3.0000,0.0000,0.0000,0,20.3060,526.2603,396.7431,461.5017,-64.7586,0.0000,0.0000,526.2603,396.7431
83.240,1,1,heuristic,42.4408,135.9272,1.6502,1.4902,1.6507,2.2239,2.2268,1.7347,4.0000,-1.6849,1.5555,16.0560,0.1158,3.0000,0.0000,0.0000,0,20.3060,636.2073,434.6255,535.4164,-100.7909,0.0000,0.0000,636.2073,434.6255
83.291,1,1,heuristic,42.5029,136.0228,1.6777,1.4506,1.7189,2.2492,2.1790,1.7411,4.0000,-1.7525,1.5555,15.9624,0.0908,3.0000,0.0000,0.0000,0,20.3060,709.9904,371.1628,540.5766,-169.4138,0.0000,0.0000,709.9904,371.1628
83.341,1,1,heuristic,42.5648,136.1255,1.6986,1.3987,1.7704,2.2562,-1.2505,1.7466,4.0000,-1.8131,1.5555,15.8733,0.0688,3.0000,0.0000,0.0000,0,20.3060,817.7316,396.0859,606.9088,-210.8228,0.0000,0.0000,817.7316,396.0859
83.391,1,1,heuristic,42.6194,136.2239,1.7229,1.3465,1.8260,2.2688,2.0793,1.7526,4.0000,-1.8734,1.5555,15.7773,0.0539,3.0000,0.0000,0.0000,0,20.3060,919.4133,286.0859,602.7496,-316.6637,0.0000,0.0000,919.4133,286.0859
83.441,1,1,heuristic,42.6729,136.3303,1.7441,1.2829,1.8702,2.2679,2.0090,1.7576,4.0000,-1.9265,1.5555,15.6853,0.0347,3.0000,0.0000,0.0000,0,20.3060,919.4133,286.0859,602.7496,-316.6637,0.0000,0.0000,919.4133,286.0859
83.491,1,1,heuristic,42.7189,136.4327,1.7592,1.2182,1.9226,2.2761,-1.4498,1.7629,4.0000,-1.9784,1.5555,15.5854,0.0188,3.0000,0.0000,0.0000,0,20.3060,820.9144,176.0859,498.5002,-322.4142,0.0000,0.0000,820.9144,176.0859
83.541,1,1,heuristic,42.7630,136.5434,1.7744,1.1441,1.9638,2.2728,-1.5043,1.7672,4.0000,-2.0229,1.5555,15.4889,0.0080,3.0000,0.0000,0.0000,0,20.3060,922.9847,282.2528,602.6188,-320.3659,0.0000,0.0000,922.9847,282.2528
83.590,1,1,heuristic,42.8005,136.6490,1.7882,1.0713,2.0113,2.2788,-1.5600,1.7716,4.0000,-2.0653,1.5555,15.3841,-0.0028,3.0000,0.0000,0.0000,0,20.3060,891.3078,350.8198,621.0638,-270.2440,0.0000,0.0000,891.3078,350.8198
83.640,1,1,heuristic,42.8005,136.6490,1.7967,1.0713,2.0113,2.2788,1.8228,1.7750,4.0000,-2.1011,1.5555,15.2838,-0.0132,3.0000,0.0000,0.0000,0,20.3060,723.8389,145.0707,434.4548,-289.3841,0.0000,0.0000,723.8389,145.0707
83.691,1,1,heuristic,42.8357,136.7634,1.8047,0.9925,2.0491,2.2769,-1.6365,1.7750,4.0000,-2.1011,1.5555,15.2838,-0.0217,3.0000,0.0000,0.0000,0,20.3060,723.8389,145.0707,434.4548,-289.3841,0.0000,0.0000,723.8389,145.0707
83.741,1,1,heuristic,42.8651,136.8732,1.8086,0.9166,2.0967,2.2883,1.7528,1.7784,4.0000,-2.1346,1.5555,15.1746,-0.0263,3.0000,0.0000,0.0000,0,20.3060,613.8389,255.0707,434.4548,-179.3841,0.0000,0.0000,613.8389,255.0707
83.791,1,1,heuristic,42.8927,136.9901,1.8128,0.8395,2.1270,2.2867,-1.7058,1.7809,4.0000,-2.1623,1.5555,15.0694,-0.0277,3.0000,0.0000,0.0000,0,20.3060,609.3578,365.0707,487.2142,-122.1435,0.0000,0.0000,609.3578,365.0707
83.841,1,1,heuristic,42.9159,137.1004,1.8151,0.7681,2.1613,2.2937,1.7120,1.7835,4.0000,-2.1881,1.5555,14.9571,-0.0293,3.0000,0.0000,0.0000,0,20.3060,542.8185,475.0707,508.9446,-33.8739,0.0000,0.0000,542.8185,475.0707
83.890,1,1,heuristic,42.9377,137.2179,1.8163,0.6985,2.1807,2.2899,1.6863,1.7854,4.0000,-2.2096,1.5555,14.8508,-0.0296,3.0000,0.0000,0.0000,0,20.3060,762.7878,594.0995,678.4436,-84.3441,0.0000,0.0000,762.7878,594.0995
83.940,1,1,heuristic,42.9562,137.3292,1.8176,0.6358,2.2083,2.2980,1.6853,1.7876,4.0000,-2.2296,1.5555,14.7374,-0.0287,3.0000,0.0000,0.0000,0,20.3060,872.7878,637.3152,755.0515,-117.7363,0.0000,0.0000,872.7878,637.3152
83.990,1,1,heuristic,42.9732,137.4491,1.8158,0.5741,2.2279,2.3007,-1.7483,1.7890,4.0000,-2.2464,1.5555,14.6297,-0.0286,3.0000,0.0000,0.0000,0,20.3060,872.7878,637.3152,755.0515,-117.7363,0.0000,0.0000,872.7878,637.3152
84.041,1,1,heuristic,42.9867,137.5645,1.8159,0.5155,2.2631,2.3210,-1.7455,1.7904,4.0000,-2.2616,1.5555,14.5133,-0.0254,3.0000,0.0000,0.0000,0,20.3060,953.6222,565.7936,759.7079,-193.9143,0.0000,0.0000,953.6222,565.7936
84.091,1,1,heuristic,42.9867,137.5645,1.8151,0.5155,2.2631,2.3210,1.6863,1.7908,4.0000,-2.2733,1.5555,14.4010,-0.0251,3.0000,0.0000,0.0000,0,20.3060,861.3942,455.7936,658.5939,-202.8003,0.0000,0.0000,861.3942,455.7936
84.141,1,1,heuristic,42.9983,137.6892,1.8131,0.4570,2.2903,2.3354,-1.7990,1.7908,4.0000,-2.2733,1.5555,14.4010,-0.0242,3.0000,0.0000,0.0000,0,20.3060,907.9005,565.7936,736.8471,-171.0534,0.0000,0.0000,907.9005,565.7936
84.191,1,1,heuristic,43.0068,137.8084,1.8104,0.4009,2.3289,2.3631,-1.8060,1.7913,4.0000,-2.2830,1.5555,14.2792,-0.0218,3.0000,0.0000,0.0000,0,20.3060,809.8531,361.3134,585.5833,-224.2699,0.0000,0.0000,809.8531,361.3134
84.241,1,1,heuristic,43.0176,138.0570,1.8059,0.2943,2.3872,2.4053,1.6080,1.7909,4.0000,-2.2897,1.5555,14.1625,-0.0195,3.0000,0.0000,0.0000,0,20.3060,809.8531,361.3134,585.5833,-224.2699,0.0000,0.0000,809.8531,361.3134
84.291,1,1,heuristic,43.0176,138.0570,1.8039,0.2943,2.3872,2.4053,1.5993,1.7901,4.0000,-2.2966,1.5555,13.9183,-0.0157,3.0000,0.0000,0.0000,0,20.3060,699.8531,357.2999,528.5765,-171.2766,0.0000,0.0000,699.8531,357.2999
84.341,1,1,heuristic,43.0200,138.1855,1.7976,0.2447,2.4040,2.4164,1.5628,1.7901,4.0000,-2.2966,1.5555,13.9183,-0.0137,3.0000,0.0000,0.0000,0,20.3060,589.8531,467.2999,528.5765,-61.2766,0.0000,0.0000,589.8531,467.2999
84.391,1,1,heuristic,43.0206,138.3062,1.7910,0.1985,2.4263,2.4344,-1.8770,1.7898,4.0000,-2.2971,1.5555,13.7917,-0.0078,3.0000,0.0000,0.0000,0,20.3060,479.9354,577.2999,528.6176,48.6822,0.0000,0.0000,479.9354,577.2999
84.441,1,1,heuristic,43.0201,138.4337,1.7870,0.1566,2.4314,2.4364,1.5740,1.7890,4.0000,-2.2959,1.5555,13.6724,-0.0020,3.0000,0.0000,0.0000,0,20.3060,354.9076,797.2999,576.1037,221.1962,0.0000,0.0000,354.9076,797.2999
84.491,1,1,heuristic,43.0189,138.5534,1.7800,0.1205,2.4438,2.4467,-1.8445,1.7887,4.0000,-2.2934,1.5555,13.5464,0.0017,3.0000,0.0000,0.0000,0,20.3060,464.9076,825.5984,645.2530,180.3454,0.0000,0.0000,464.9076,825.5984
84.541,1,1,heuristic,43.0176,138.6803,1.7740,0.0915,2.4432,2.4449,-1.8035,1.7881,4.0000,-2.2904,1.5555,13.4280,0.0081,3.0000,0.0000,0.0000,0,20.3060,574.9076,815.9935,695.4506,120.5430,0.0000,0.0000,574.9076,815.9935
84.591,1,1,heuristic,43.0164,138.8005,1.7699,0.0682,2.4552,2.4561,1.6820,1.7878,4.0000,-2.2872,1.5555,13.3024,0.0138,3.0000,0.0000,0.0000,0,20.3060,684.9076,747.5586,716.2331,31.3255,0.0000,0.0000,684.9076,747.5586
84.641,1,1,heuristic,43.0164,138.8005,1.7668,0.0682,2.4552,2.4561,-1.7797,1.7871,4.0000,-2.2841,1.5555,13.1835,0.0173,3.0000,0.0000,0.0000,0,20.3060,794.9076,857.5586,826.2331,31.3255,0.0000,0.0000,794.9076,857.5586
84.690,1,1,heuristic,43.0148,138.9290,1.7641,0.0483,2.4585,2.4590,1.6853,1.7871,4.0000,-2.2841,1.5555,13.1835,0.0204,3.0000,0.0000,0.0000,0,20.3060,904.9076,967.4528,936.1802,31.2726,0.0000,0.0000,904.9076,967.4528
84.741,1,1,heuristic,43.0126,139.0516,1.7621,0.0295,2.4776,2.4778,-1.7735,1.7867,4.0000,-2.2806,1.5555,13.0564,0.0226,3.0000,0.0000,0.0000,0,20.3060,794.9076,873.5012,834.2044,39.2968,0.0000,0.0000,794.9076,873.5012
84.791,1,1,heuristic,43.0093,139.1846,1.7592,0.0109,2.4937,2.4937,-1.7660,1.7856,4.0000,-2.2765,1.5555,12.9350,0.0235,3.0000,0.0000,0.0000,0,20.3060,794.9076,873.5012,834.2044,39.2968,0.0000,0.0000,794.9076,873.5012
84.841,1,1,heuristic,43.0054,139.3125,1.7592,-0.0077,2.5276,2.5276,-1.7650,1.7846,4.0000,-2.2711,1.5555,12.8032,0.0254,3.0000,0.0000,0.0000,0,20.3060,820.3369,945.4867,882.9118,62.5749,0.0000,0.0000,820.3369,945.4867
84.891,1,1,heuristic,43.0054,139.3125,1.7581,-0.0077,2.5276,2.5276,1.7465,1.7829,4.0000,-2.2653,1.5555,12.6764,0.0237,3.0000,0.0000,0.0000,0,20.3060,713.2775,977.2186,845.2481,131.9705,0.0000,0.0000,713.2775,977.2186
84.940,1,1,heuristic,43.0004,139.4504,1.7583,-0.0253,2.5528,2.5530,1.7458,1.7829,4.0000,-2.2653,1.5555,12.6764,0.0248,3.0000,0.0000,0.0000,0,20.3060,603.2775,903.4492,753.3634,150.0858,0.0000,0.0000,603.2775,903.4492
84.991,1,1,heuristic,42.9951,139.5828,1.7572,-0.0424,2.5939,2.5943,1.7772,1.7813,4.0000,-2.2582,1.5555,12.5395,0.0230,3.0000,0.0000,0.0000,0,20.3060,493.2775,800.2030,646.7403,153.4627,0.0000,0.0000,493.2775,800.2030
85.040,1,1,heuristic,42.9891,139.7250,1.7576,-0.0569,2.6218,2.6224,-1.7130,1.7793,4.0000,-2.2508,1.5555,12.4081,0.0220,3.0000,0.0000,0.0000,0,20.3060,383.2775,893.4443,638.3609,255.0834,0.0000,0.0000,383.2775,893.4443
85.091,1,1,heuristic,42.9835,139.8592,1.7584,-0.0691,2.6567,2.6576,1.8185,1.7775,4.0000,-2.2427,1.5555,12.2669,0.0199,3.0000,0.0000,0.0000,0,20.3060,273.2775,810.5146,541.8961,268.6185,0.0000,0.0000,273.2775,810.5146
85.141,1,1,heuristic,42.9835,139.8592,1.7602,-0.0691,2.6567,2.6576,-1.6600,1.7757,4.0000,-2.2350,1.5555,12.1337,0.0172,3.0000,0.0000,0.0000,0,20.3060,163.2775,770.8882,467.0829,303.8053,0.0000,0.0000,163.2775,770.8882
85.191,1,1,heuristic,42.9779,140.0012,1.7626,-0.0768,2.6714,2.6726,-1.6260,1.7757,4.0000,-2.2350,1.5555,12.1337,0.0155,3.0000,0.0000,0.0000,0,20.3060,272.9241,660.8882,466.9061,193.9820,0.0000,0.0000,272.9241,660.8882
85.240,1,1,heuristic,42.9733,140.1337,1.7663,-0.0803,2.6892,2.6904,-1.6122,1.7745,4.0000,-2.2272,1.5555,11.9928,0.0119,3.0000,0.0000,0.0000,0,20.3060,260.4367,550.8882,405.6624,145.2257,0.0000,0.0000,260.4367,550.8882
85.291,1,1,heuristic,42.9693,140.2720,1.7711,-0.0797,2.6834,2.6846,-1.6068,1.7733,4.0000,-2.2206,1.5555,11.8615,0.0070,3.0000,0.0000,0.0000,0,20.3060,260.4367,550.8882,405.6624,145.2257,0.0000,0.0000,260.4367,550.8882
85.340,1,1,heuristic,42.9661,140.3997,1.7760,-0.0772,2.6789,2.6800,-1.5682,1.7729,4.0000,-2.2145,1.5555,11.7246,0.0018,3.0000,0.0000,0.0000,0,20.3060,480.4367,578.2573,529.3470,48.9103,0.0000,0.0000,480.4367,578.2573
85.391,1,1,heuristic,42.9631,140.5321,1.7825,-0.0732,2.6522,2.6532,-1.5793,1.7725,4.0000,-2.2093,1.5555,11.5982,-0.0035,3.0000,0.0000,0.0000,0,20.3060,557.1539,632.8679,595.0109,37.8570,0.0000,0.0000,557.1539,632.8679
85.440,1,1,heuristic,42.9603,140.6549,1.7912,-0.0705,2.6335,2.6344,-1.6055,1.7729,4.0000,-2.2044,1.5555,11.4674,-0.0096,3.0000,0.0000,0.0000,0,20.3060,557.1539,632.8679,595.0109,37.8570,0.0000,0.0000,557.1539,632.8679
85.490,1,1,heuristic,42.9603,140.6549,1.7953,-0.0705,2.6335,2.6344,-1.6065,1.7730,4.0000,-2.1996,1.5555,11.3461,-0.0182,3.0000,0.0000,0.0000,0,20.3060,447.1539,742.8679,595.0109,147.8570,0.0000,0.0000,447.1539,742.8679
85.540,1,1,heuristic,42.9568,140.7837,1.8043,-0.0695,2.6022,2.6031,-1.5845,1.7730,4.0000,-2.1996,1.5555,11.3461,-0.0223,3.0000,0.0000,0.0000,0,20.3060,337.4544,852.8658,595.1601,257.7057,0.0000,0.0000,337.4544,852.8658
85.590,1,1,heuristic,42.9534,140.9039,1.8076,-0.0700,2.5826,2.5836,1.9185,1.7735,4.0000,-2.1942,1.5555,11.2187,-0.0307,3.0000,0.0000,0.0000,0,20.3060,227.4544,946.6362,587.0453,359.5909,0.0000,0.0000,227.4544,946.6362
85.640,1,1,heuristic,42.9499,141.0304,1.8172,-0.0693,2.5524,2.5534,1.9535,1.7736,4.0000,-2.1889,1.5555,11.0999,-0.0339,3.0000,0.0000,0.0000,0,20.3060,117.4544,990.9956,554.2250,436.7706,0.0000,0.0000,117.4544,990.9956
85.691,1,1,heuristic,42.9473,141.1489,1.8260,-0.0665,2.5357,2.5366,2.0110,1.7741,4.0000,-2.1836,1.5555,10.9750,-0.0431,3.0000,0.0000,0.0000,0,20.3060,192.7450,966.0022,579.3736,386.6286,0.0000,0.0000,192.7450,966.0022
85.741,1,1,heuristic,42.9473,141.1489,1.8347,-0.0665,2.5357,2.5366,-1.4995,1.7742,4.0000,-2.1791,1.5555,10.8580,-0.0518,3.0000,0.0000,0.0000,0,20.3060,218.2435,940.1189,579.1812,360.9377,0.0000,0.0000,218.2435,940.1189
85.791,1,1,heuristic,42.9453,141.2742,1.8448,-0.0610,2.5105,2.5112,2.0850,1.7742,4.0000,-2.1791,1.5555,10.8580,-0.0605,3.0000,0.0000,0.0000,0,20.3060,197.3856,839.5111,518.4483,321.0628,0.0000,0.0000,197.3856,839.5111
85.840,1,1,heuristic,42.9438,141.3924,1.8557,-0.0548,2.5009,2.5015,-1.4420,1.7746,4.0000,-2.1751,1.5555,10.7345,-0.0702,3.0000,0.0000,0.0000,0,20.3060,31.7434,665.9787,348.8610,317.1176,0.0000,0.0000,31.7434,665.9787
85.891,1,1,heuristic,42.9426,141.5179,1.8711,-0.0486,2.4834,2.4839,2.1505,1.7746,4.0000,-2.1719,1.5555,10.6182,-0.0811,3.0000,0.0000,0.0000,0,20.3060,104.5715,582.7057,343.6386,239.0671,0.0000,0.0000,104.5715,582.7057
85.941,1,1,heuristic,42.9419,141.6351,1.8807,-0.0417,2.4751,2.4754,-1.4090,1.7749,4.0000,-2.1687,1.5555,10.4948,-0.0962,3.0000,0.0000,0.0000,0,20.3060,104.5715,582.7057,343.6386,239.0671,0.0000,0.0000,104.5715,582.7057
85.991,1,1,heuristic,42.9414,141.7578,1.8981,-0.0351,2.4521,2.4523,2.1605,1.7749,4.0000,-2.1663,1.5555,10.3796,-0.1058,3.0000,0.0000,0.0000,0,20.3060,324.5715,514.1751,419.3733,94.8018,0.0000,0.0000,324.5715,514.1751
86.041,1,1,heuristic,42.9409,141.8723,1.9158,-0.0304,2.4386,2.4388,2.1370,1.7755,4.0000,-2.1639,1.5555,10.2591,-0.1226,3.0000,0.0000,0.0000,0,20.3060,434.5715,473.3587,453.9651,19.3936,0.0000,0.0000,434.5715,473.3587
86.090,1,1,heuristic,42.9409,141.8723,1.9269,-0.0304,2.4386,2.4388,2.1325,1.7757,4.0000,-2.1616,1.5555,10.1468,-0.1402,3.0000,0.0000,0.0000,0,20.3060,544.4075,363.3587,453.8831,-90.5244,0.0000,0.0000,544.4075,363.3587
86.141,1,1,heuristic,42.9392,141.9930,1.9446,-0.0309,2.4154,2.4156,2.0922,1.7757,4.0000,-2.1616,1.5555,10.1468,-0.1512,3.0000,0.0000,0.0000,0,20.3060,646.7052,253.3587,450.0320,-196.6733,0.0000,0.0000,646.7052,253.3587
86.191,1,1,heuristic,42.9360,142.1063,1.9584,-0.0379,2.4044,2.4047,-1.4908,1.7761,4.0000,-2.1581,1.5555,10.0281,-0.1685,3.0000,0.0000,0.0000,0,20.3060,756.7017,282.2789,519.4903,-237.2114,0.0000,0.0000,756.7017,282.2789
86.240,1,1,heuristic,42.9305,142.2255,1.9733,-0.0515,2.3820,2.3825,-1.5455,1.7760,4.0000,-2.1532,1.5555,9.9165,-0.1824,3.0000,0.0000,0.0000,0,20.3060,866.7017,317.7286,592.2152,-274.4865,0.0000,0.0000,866.7017,317.7286
86.291,1,1,heuristic,42.9230,142.3371,1.9863,-0.0725,2.3703,2.3714,1.9870,1.7760,4.0000,-2.1459,1.5555,9.7987,-0.1973,3.0000,0.0000,0.0000,0,20.3060,866.7017,317.7286,592.2152,-274.4865,0.0000,0.0000,866.7017,317.7286
86.341,1,1,heuristic,42.9230,142.3371,1.9928,-0.0725,2.3703,2.3714,1.9430,1.7755,4.0000,-2.1366,1.5555,9.6880,-0.2109,3.0000,0.0000,0.0000,0,20.3060,919.2232,207.7286,563.4759,-355.7473,0.0000,0.0000,919.2232,207.7286
86.391,1,1,heuristic,42.9121,142.4551,2.0017,-0.0999,2.3501,2.3522,-1.6547,1.7755,4.0000,-2.1366,1.5555,9.6880,-0.2174,3.0000,0.0000,0.0000,0,20.3060,868.4360,284.5066,576.4713,-291.9647,0.0000,0.0000,868.4360,284.5066
86.441,1,1,heuristic,42.8991,142.5660,2.0087,-0.1340,2.3425,2.3463,1.8733,1.7748,4.0000,-2.1239,1.5555,9.5703,-0.2268,3.0000,0.0000,0.0000,0,20.3060,648.4963,364.2472,506.3717,-142.1245,0.0000,0.0000,648.4963,364.2472
86.491,1,1,heuristic,42.8826,142.6833,2.0163,-0.1709,2.3251,2.3314,1.8285,1.7736,4.0000,-2.1093,1.5555,9.4590,-0.2351,3.0000,0.0000,0.0000,0,20.3060,538.4963,254.2472,396.3717,-142.1245,0.0000,0.0000,538.4963,254.2472
86.541,1,1,heuristic,42.8651,142.7933,2.0184,-0.2095,2.3182,2.3277,-1.7588,1.7722,4.0000,-2.0909,1.5555,9.3408,-0.2441,3.0000,0.0000,0.0000,0,20.3060,428.4963,333.8943,381.1953,-47.3010,0.0000,0.0000,428.4963,333.8943
86.590,1,1,heuristic,42.8454,142.9085,2.0226,-0.2433,2.2977,2.3106,-1.7700,1.7704,4.0000,-2.0718,1.5555,9.2297,-0.2479,3.0000,0.0000,0.0000,0,20.3060,318.4963,223.8943,271.1953,-47.3010,0.0000,0.0000,318.4963,223.8943
86.640,1,1,heuristic,42.8263,143.0155,2.0246,-0.2742,2.2839,2.3003,1.8268,1.7688,4.0000,-2.0503,1.5555,9.1129,-0.2537,3.0000,0.0000,0.0000,0,20.3060,318.4963,223.8943,271.1953,-47.3010,0.0000,0.0000,318.4963,223.8943
86.691,1,1,heuristic,42.8060,143.1264,2.0261,-0.2975,2.2539,2.2734,-1.7797,1.7671,4.0000,-2.0296,1.5555,9.0043,-0.2575,3.0000,0.0000,0.0000,0,20.3060,333.8150,113.8943,223.8546,-109.9603,0.0000,0.0000,333.8150,113.8943
86.740,1,1,heuristic,42.7868,143.2285,2.0273,-0.3179,2.2285,2.2510,-1.7910,1.7657,4.0000,-2.0076,1.5555,8.8915,-0.2604,3.0000,0.0000,0.0000,0,20.3060,293.0865,3.8943,148.4904,-144.5961,0.0000,0.0000,293.0865,3.8943
86.791,1,1,heuristic,42.7868,143.2285,2.0277,-0.3179,2.2285,2.2510,1.7960,1.7643,4.0000,-1.9869,1.5555,8.7877,-0.2630,3.0000,0.0000,0.0000,0,20.3060,446.8017,223.8943,335.3480,-111.4537,0.0000,0.0000,446.8017,223.8943
86.840,1,1,heuristic,42.7666,143.3335,2.0279,-0.3322,2.1866,2.2117,-1.8308,1.7643,4.0000,-1.9869,1.5555,8.7877,-0.2634,3.0000,0.0000,0.0000,0,20.3060,409.6836,333.8943,371.7890,-37.8947,0.0000,0.0000,409.6836,333.8943
86.890,1,1,heuristic,42.7474,143.4294,2.0271,-0.3458,2.1488,2.1764,1.7730,1.7634,4.0000,-1.9650,1.5555,8.6808,-0.2645,3.0000,0.0000,0.0000,0,20.3060,409.6836,333.8943,371.7890,-37.8947,0.0000,0.0000,409.6836,333.8943
86.940,1,1,heuristic,42.7263,143.5292,2.0260,-0.3576,2.1030,2.1332,-1.8348,1.7624,4.0000,-1.9443,1.5555,8.5830,-0.2647,3.0000,0.0000,0.0000,0,20.3060,220.8445,553.8943,387.3694,166.5249,0.0000,0.0000,220.8445,553.8943
86.991,1,1,heuristic,42.7060,143.6221,2.0251,-0.3709,2.0692,2.1022,1.7558,1.7614,4.0000,-1.9218,1.5555,8.4810,-0.2646,3.0000,0.0000,0.0000,0,20.3060,139.0397,652.5668,395.8033,256.7635,0.0000,0.0000,139.0397,652.5668
87.041,1,1,heuristic,42.6843,143.7195,2.0238,-0.3802,2.0300,2.0653,-1.8023,1.7602,4.0000,-1.9000,1.5555,8.3860,-0.2649,3.0000,0.0000,0.0000,0,20.3060,139.0397,652.5668,395.8033,256.7635,0.0000,0.0000,139.0397,652.5668
87.091,1,1,heuristic,42.6642,143.8108,2.0238,-0.3877,2.0044,2.0416,-1.7605,1.7589,4.0000,-1.8768,1.5555,8.2862,-0.2649,3.0000,0.0000,0.0000,0,20.3060,-4.9625,432.5668,213.8022,218.7647,0.0000,0.0000,-4.9625,432.5668
87.141,1,1,heuristic,42.6435,143.9073,2.0245,-0.3896,1.9748,2.0129,1.8780,1.7574,4.0000,-1.8553,1.5555,8.1927,-0.2663,3.0000,0.0000,0.0000,0,20.3060,-4.9625,432.5668,213.8022,218.7647,0.0000,0.0000,-4.9625,432.5668
87.191,1,1,heuristic,42.6252,143.9969,2.0279,-0.3882,1.9534,1.9916,1.8995,1.7560,4.0000,-1.8332,1.5555,8.0940,-0.2685,3.0000,0.0000,0.0000,0,20.3060,71.0822,348.5858,209.8340,138.7518,0.0000,0.0000,71.0822,348.5858
87.241,1,1,heuristic,42.6068,144.0900,2.0309,-0.3813,1.9208,1.9583,1.9403,1.7546,4.0000,-1.8135,1.5555,8.0025,-0.2733,3.0000,0.0000,0.0000,0,20.3060,71.0822,348.5858,209.8340,138.7518,0.0000,0.0000,71.0822,348.5858
87.290,1,1,heuristic,42.5900,144.1760,2.0347,-0.3750,1.8946,1.9313,-1.6747,1.7536,4.0000,-1.7937,1.5555,7.9076,-0.2773,3.0000,0.0000,0.0000,0,20.3060,291.0800,568.5858,429.8329,138.7529,0.0000,0.0000,291.0800,568.5858
87.341,1,1,heuristic,42.5725,144.2657,2.0406,-0.3673,1.8607,1.8966,1.9485,1.7525,4.0000,-1.7756,1.5555,7.8201,-0.2822,3.0000,0.0000,0.0000,0,20.3060,291.0800,568.5858,429.8329,138.7529,0.0000,0.0000,291.0800,568.5858
87.391,1,1,heuristic,42.5554,144.3507,2.0472,-0.3651,1.8428,1.8786,1.9678,1.7516,4.0000,-1.7567,1.5555,7.7287,-0.2891,3.0000,0.0000,0.0000,0,20.3060,511.0800,348.5858,429.8329,-81.2471,0.0000,0.0000,511.0800,348.5858
87.440,1,1,heuristic,42.5554,144.3507,2.0531,-0.3651,1.8428,1.8786,-1.6655,1.7501,4.0000,-1.7383,1.5555,7.6420,-0.2970,3.0000,0.0000,0.0000,0,20.3060,621.0800,238.5859,429.8329,-191.2471,0.0000,0.0000,621.0800,238.5859
87.491,1,1,heuristic,42.5165,144.5281,2.0619,-0.3749,1.8192,1.8575,1.9265,1.7501,4.0000,-1.7383,1.5555,7.6420,-0.3029,3.0000,0.0000,0.0000,0,20.3060,513.2309,216.6250,364.9279,-148.3030,0.0000,0.0000,513.2309,216.6250
87.541,1,1,heuristic,42.5165,144.5281,2.0671,-0.3749,1.8192,1.8575,-1.7183,1.7463,4.0000,-1.6967,1.5555,7.4604,-0.3156,3.0000,0.0000,0.0000,0,20.3060,513.2309,216.6250,364.9279,-148.3030,0.0000,0.0000,513.2309,216.6250
87.591,1,1,heuristic,42.4936,144.6198,2.0730,-0.3878,1.8083,1.8494,1.8693,1.7463,4.0000,-1.6967,1.5555,7.4604,-0.3208,3.0000,0.0000,0.0000,0,20.3060,403.2309,106.6250,254.9279,-148.3030,0.0000,0.0000,403.2309,106.6250
87.641,1,1,heuristic,42.4706,144.7061,2.0766,-0.4062,1.8060,1.8511,-1.7578,1.7439,4.0000,-1.6724,1.5555,7.3659,-0.3291,3.0000,0.0000,0.0000,0,20.3060,508.0670,99.3070,303.6870,-204.3800,0.0000,0.0000,508.0670,99.3070
87.691,1,1,heuristic,42.4449,144.7968,2.0804,-0.4240,1.7937,1.8432,-1.7777,1.7411,4.0000,-1.6481,1.5555,7.2767,-0.3355,3.0000,0.0000,0.0000,0,20.3060,398.0670,47.3926,222.7298,-175.3372,0.0000,0.0000,398.0670,47.3926
87.741,1,1,heuristic,42.4195,144.8812,2.0824,-0.4447,1.7867,1.8412,1.8160,1.7384,4.0000,-1.6209,1.5555,7.1826,-0.3421,3.0000,0.0000,0.0000,0,20.3060,508.0587,157.3926,332.7257,-175.3330,0.0000,0.0000,508.0587,157.3926
87.791,1,1,heuristic,42.3917,144.9693,2.0847,-0.4630,1.7684,1.8280,1.7855,1.7355,4.0000,-1.5943,1.5555,7.0947,-0.3469,3.0000,0.0000,0.0000,0,20.3060,398.0594,267.3926,332.7260,-65.3334,0.0000,0.0000,398.0594,267.3926
87.840,1,1,heuristic,42.3644,145.0512,2.0840,-0.4838,1.7559,1.8213,1.7928,1.7327,4.0000,-1.5651,1.5555,7.0027,-0.3521,3.0000,0.0000,0.0000,0,20.3060,508.0594,157.3926,332.7260,-175.3334,0.0000,0.0000,508.0594,157.3926
87.891,1,1,heuristic,42.3346,145.1373,2.0831,-0.5018,1.7358,1.8069,-1.8742,1.7297,4.0000,-1.5366,1.5555,6.9170,-0.3543,3.0000,0.0000,0.0000,0,20.3060,398.0594,52.9061,225.4827,-172.5766,0.0000,0.0000,398.0594,52.9061
87.941,1,1,heuristic,42.3057,145.2177,2.0814,-0.5218,1.7235,1.8008,-1.9022,1.7267,4.0000,-1.5055,1.5555,6.8266,-0.3564,3.0000,0.0000,0.0000,0,20.3060,300.9198,115.9589,208.4393,-92.4805,0.0000,0.0000,300.9198,115.9589
87.991,1,1,heuristic,42.2745,145.3013,2.0793,-0.5373,1.7004,1.7833,1.7395,1.7235,4.0000,-1.4754,1.5555,6.7420,-0.3580,3.0000,0.0000,0.0000,0,20.3060,400.7360,6.0583,203.3972,-197.3389,0.0000,0.0000,400.7360,6.0583
88.041,1,1,heuristic,42.2452,145.3780,2.0752,-0.5520,1.6799,1.7683,-1.9240,1.7203,4.0000,-1.4429,1.5555,6.6538,-0.3590,3.0000,0.0000,0.0000,0,20.3060,510.7360,116.0583,313.3972,-197.3389,0.0000,0.0000,510.7360,116.0583
88.091,1,1,heuristic,42.2142,145.4570,2.0720,-0.5608,1.6480,1.7408,1.7118,1.7173,4.0000,-1.4124,1.5555,6.5728,-0.3579,3.0000,0.0000,0.0000,0,20.3060,555.3441,102.7245,329.0343,-226.3098,0.0000,0.0000,555.3441,102.7245
88.141,1,1,heuristic,42.1844,145.5301,2.0670,-0.5728,1.6229,1.7210,-1.9738,1.7144,4.0000,-1.3803,1.5555,6.4891,-0.3576,3.0000,0.0000,0.0000,0,20.3060,665.3350,145.6084,405.4717,-259.8633,0.0000,0.0000,665.3350,145.6084
88.191,1,1,heuristic,42.1518,145.6068,2.0624,-0.5837,1.5931,1.6967,1.6780,1.7115,4.0000,-1.3494,1.5555,6.4116,-0.3555,3.0000,0.0000,0.0000,0,20.3060,775.3350,137.0243,456.1797,-319.1553,0.0000,0.0000,775.3350,137.0243
88.240,1,1,heuristic,42.1197,145.6790,2.0554,-0.6010,1.5755,1.6862,1.6645,1.7083,4.0000,-1.3156,1.5555,6.3301,-0.3541,3.0000,0.0000,0.0000,0,20.3060,665.3474,138.1615,401.7544,-263.5929,0.0000,0.0000,665.3474,138.1615
88.291,1,1,heuristic,42.1197,145.6790,2.0491,-0.6010,1.5755,1.6862,-2.0575,1.7047,4.0000,-1.2823,1.5555,6.2530,-0.3507,3.0000,0.0000,0.0000,0,20.3060,555.3474,234.8233,395.0854,-160.2620,0.0000,0.0000,555.3474,234.8233
88.341,1,1,heuristic,42.0479,145.8296,2.0379,-0.6441,1.5516,1.6800,1.6098,1.7047,4.0000,-1.2823,1.5555,6.2530,-0.3444,3.0000,0.0000,0.0000,0,20.3060,578.5137,124.8233,351.6685,-226.8452,0.0000,0.0000,578.5137,124.8233
88.391,1,1,heuristic,42.0479,145.8296,2.0338,-0.6441,1.5516,1.6800,-2.0740,1.6964,4.0000,-1.2083,1.5555,6.0917,-0.3416,3.0000,0.0000,0.0000,0,20.3060,468.5137,23.9667,246.2402,-222.2735,0.0000,0.0000,468.5137,23.9667
88.441,1,1,heuristic,42.0089,145.9079,2.0220,-0.6654,1.5424,1.6798,-2.0777,1.6964,4.0000,-1.2083,1.5555,6.0917,-0.3375,3.0000,0.0000,0.0000,0,20.3060,578.5137,-86.0333,246.2402,-332.2735,0.0000,0.0000,578.5137,-86.0333
88.491,1,1,heuristic,41.9714,145.9814,2.0161,-0.6887,1.5400,1.6870,-2.0895,1.6918,4.0000,-1.1680,1.5555,6.0076,-0.3303,3.0000,0.0000,0.0000,0,20.3060,661.2650,23.9667,342.6158,-318.6491,0.0000,0.0000,661.2650,23.9667
88.541,1,1,heuristic,41.9714,145.9814,2.0063,-0.6887,1.5400,1.6870,1.5403,1.6871,4.0000,-1.1294,1.5555,5.9286,-0.3290,3.0000,0.0000,0.0000,0,20.3060,670.6100,133.9665,402.2882,-268.3217,0.0000,0.0000,670.6100,133.9665
88.591,1,1,heuristic,41.9306,146.0589,1.9942,-0.7077,1.5302,1.6859,1.5373,1.6871,4.0000,-1.1294,1.5555,5.9286,-0.3192,3.0000,0.0000,0.0000,0,20.3060,621.4685,243.9665,432.7175,-188.7510,0.0000,0.0000,621.4685,243.9665
88.641,1,1,heuristic,41.8908,146.1323,1.9849,-0.7319,1.5300,1.6961,1.5388,1.6823,4.0000,-1.0875,1.5555,5.8453,-0.3118,3.0000,0.0000,0.0000,0,20.3060,511.4685,353.9665,432.7175,-78.7510,0.0000,0.0000,511.4685,353.9665
88.691,1,1,heuristic,41.8473,146.2115,1.9714,-0.7529,1.5287,1.7040,1.5540,1.6774,4.0000,-1.0466,1.5555,5.7662,-0.3075,3.0000,0.0000,0.0000,0,20.3060,426.6821,348.4993,387.5907,-39.0914,0.0000,0.0000,426.6821,348.4993
88.740,1,1,heuristic,41.8056,146.2877,1.9616,-0.7761,1.5403,1.7247,1.5640,1.6721,4.0000,-1.0018,1.5555,5.6809,-0.2993,3.0000,0.0000,0.0000,0,20.3060,551.8097,336.9158,444.3628,-107.4470,0.0000,0.0000,551.8097,336.9158
88.790,1,1,heuristic,41.8056,146.2877,1.9500,-0.7761,1.5403,1.7247,-2.1390,1.6667,4.0000,-0.9590,1.5555,5.5991,-0.2949,3.0000,0.0000,0.0000,0,20.3060,551.8097,336.9158,444.3628,-107.4470,0.0000,0.0000,551.8097,336.9158
88.841,1,1,heuristic,41.7611,146.3699,1.9345,-0.7922,1.5483,1.7392,-2.1070,1.6667,4.0000,-0.9590,1.5555,5.5991,-0.2833,3.0000,0.0000,0.0000,0,20.3060,650.5739,446.6362,548.6051,-101.9688,0.0000,0.0000,650.5739,446.6362
88.891,1,1,heuristic,41.7187,146.4486,1.9270,-0.8101,1.5668,1.7638,-2.1313,1.6612,4.0000,-0.9132,1.5555,5.5110,-0.2733,3.0000,0.0000,0.0000,0,20.3060,540.5739,446.9744,493.7741,-46.7997,0.0000,0.0000,540.5739,446.9744
88.941,1,1,heuristic,41.6734,146.5341,1.9119,-0.8226,1.5821,1.7832,-2.1242,1.6558,4.0000,-0.8697,1.5555,5.4269,-0.2712,3.0000,0.0000,0.0000,0,20.3060,760.5739,298.6774,529.6256,-230.9483,0.0000,0.0000,760.5739,298.6774
88.990,1,1,heuristic,41.6302,146.6164,1.9047,-0.8378,1.6088,1.8139,-2.1078,1.6501,4.0000,-0.8230,1.5555,5.3359,-0.2618,3.0000,0.0000,0.0000,0,20.3060,650.5739,301.3186,475.9463,-174.6276,0.0000,0.0000,650.5739,301.3186
89.041,1,1,heuristic,41.6302,146.6164,1.8937,-0.8378,1.6088,1.8139,1.5962,1.6445,4.0000,-0.7786,1.5555,5.2484,-0.2601,3.0000,0.0000,0.0000,0,20.3060,650.5739,301.3186,475.9463,-174.6276,0.0000,0.0000,650.5739,301.3186
89.091,1,1,heuristic,41.5395,146.7904,1.8774,-0.8635,1.6577,1.8691,-2.1295,1.6445,4.0000,-0.7786,1.5555,5.2484,-0.2492,3.0000,0.0000,0.0000,0,20.3060,540.6909,410.9577,475.8243,-64.8666,0.0000,0.0000,540.6909,410.9577
89.141,1,1,heuristic,41.5395,146.7904,1.8719,-0.8635,1.6577,1.8691,1.5805,1.6332,4.0000,-0.6853,1.5555,5.0643,-0.2442,3.0000,0.0000,0.0000,0,20.3060,430.6909,356.8723,393.7816,-36.9093,0.0000,0.0000,430.6909,356.8723
89.191,1,1,heuristic,41.4922,146.8817,1.8593,-0.8730,1.6772,1.8908,1.5915,1.6332,4.0000,-0.6853,1.5555,5.0643,-0.2388,3.0000,0.0000,0.0000,0,20.3060,484.8311,466.8723,475.8517,-8.9794,0.0000,0.0000,484.8311,466.8723
89.240,1,1,heuristic,41.4475,146.9683,1.8468,-0.8843,1.7026,1.9186,-2.1023,1.6274,3.9745,-0.6365,1.5555,4.9681,-0.2319,3.0000,0.0000,0.0000,0,20.3060,484.4794,576.8723,530.6759,46.1965,0.0000,0.0000,484.4794,576.8723
89.291,1,1,heuristic,41.4005,147.0609,1.8349,-0.8886,1.7182,1.9344,-2.0905,1.6219,3.9017,-0.5906,1.5555,4.8772,-0.2249,3.0000,0.0000,0.0000,0,20.3060,339.1800,706.6969,522.9385,183.7585,0.0000,0.0000,339.1800,706.6969
89.340,1,1,heuristic,41.3564,147.1496,1.8253,-0.8945,1.7441,1.9601,1.6580,1.6163,3.8242,-0.5420,1.5555,4.7802,-0.2186,3.0000,0.0000,0.0000,0,20.3060,339.1800,706.6969,522.9385,183.7585,0.0000,0.0000,339.1800,706.6969
89.391,1,1,heuristic,41.3564,147.1496,1.8194,-0.8945,1.7441,1.9601,1.6905,1.6110,3.7502,-0.4966,1.5555,4.6878,-0.2143,3.0000,0.0000,0.0000,0,20.3060,299.7875,635.6592,467.7233,167.9359,0.0000,0.0000,299.7875,635.6592
89.441,1,1,heuristic,41.3105,147.2454,1.8084,-0.8922,1.7638,1.9766,1.7248,1.6110,3.7502,-0.4966,1.5555,4.6878,-0.2084,3.0000,0.0000,0.0000,0,20.3060,189.7875,525.6592,357.7233,167.9359,0.0000,0.0000,189.7875,525.6592
89.491,1,1,heuristic,41.2682,147.3369,1.8014,-0.8900,1.7921,2.0009,-1.9872,1.6056,3.6707,-0.4492,1.5555,4.5884,-0.2029,3.0000,0.0000,0.0000,0,20.3060,115.4164,635.6592,375.5378,260.1214,0.0000,0.0000,115.4164,635.6592
89.541,1,1,heuristic,41.2246,147.4340,1.7957,-0.8795,1.8073,2.0100,1.7803,1.6005,3.5951,-0.4056,1.5555,4.4938,-0.2009,3.0000,0.0000,0.0000,0,20.3060,30.2335,655.6044,342.9190,312.6854,0.0000,0.0000,30.2335,655.6044
89.590,1,1,heuristic,41.1851,147.5252,1.7908,-0.8682,1.8258,2.0217,-1.9218,1.5955,3.5151,-0.3605,1.5555,4.3939,-0.2002,3.0000,0.0000,0.0000,0,20.3060,118.1212,545.6044,331.8628,213.7416,0.0000,0.0000,118.1212,545.6044
89.641,1,1,heuristic,41.1451,147.6212,1.7868,-0.8486,1.8300,2.0172,1.8535,1.5909,3.4403,-0.3196,1.5555,4.3004,-0.1999,3.0000,0.0000,0.0000,0,20.3060,8.1212,499.8277,253.9744,245.8533,0.0000,0.0000,8.1212,499.8277
89.690,1,1,heuristic,41.1451,147.6212,1.7848,-0.8486,1.8300,2.0172,-1.8508,1.5863,3.3618,-0.2781,1.5555,4.2023,-0.2005,3.0000,0.0000,0.0000,0,20.3060,-101.8788,396.0903,147.1057,248.9846,0.0000,0.0000,-101.8788,396.0903
89.741,1,1,heuristic,41.1089,147.7107,1.7843,-0.8298,1.8370,2.0157,1.9253,1.5863,3.3618,-0.2781,1.5555,4.2023,-0.1985,3.0000,0.0000,0.0000,0,20.3060,-78.2141,413.9006,167.8432,246.0573,0.0000,0.0000,-78.2141,413.9006
89.790,1,1,heuristic,41.0725,147.8032,1.7849,-0.8037,1.8254,1.9945,1.9433,1.5822,3.2889,-0.2405,1.5555,4.1111,-0.2021,3.0000,0.0000,0.0000,0,20.3060,115.2607,575.8304,345.5456,230.2849,0.0000,0.0000,115.2607,575.8304
89.840,1,1,heuristic,41.0400,147.8875,1.7868,-0.7784,1.8112,1.9714,-1.7660,1.5781,3.2138,-0.2028,1.5555,4.0173,-0.2068,3.0000,0.0000,0.0000,0,20.3060,94.3011,465.8485,280.0748,185.7737,0.0000,0.0000,94.3011,465.8485
89.891,1,1,heuristic,41.0067,147.9746,1.7895,-0.7508,1.7842,1.9357,1.9818,1.5744,3.1457,-0.1690,1.5555,3.9321,-0.2124,3.0000,0.0000,0.0000,0,20.3060,-15.6972,355.8485,170.0757,185.7729,0.0000,0.0000,-15.6972,355.8485
89.940,1,1,heuristic,40.9764,148.0552,1.7933,-0.7268,1.7631,1.9070,-1.7285,1.5706,3.0753,-0.1344,1.5555,3.8442,-0.2189,3.0000,0.0000,0.0000,0,20.3060,94.2326,245.8485,170.0406,75.8079,0.0000,0.0000,94.2326,245.8485
89.990,1,1,heuristic,40.9458,148.1380,1.7980,-0.6992,1.7290,1.8650,-1.7175,1.5671,3.0105,-0.1028,1.5555,3.7631,-0.2262,3.0000,0.0000,0.0000,0,20.3060,94.2326,245.8485,170.0406,75.8079,0.0000,0.0000,94.2326,245.8485
90.040,1,1,heuristic,40.9179,148.2133,1.8053,-0.6754,1.6969,1.8263,-1.7290,1.5636,2.9441,-0.0710,1.5555,3.6801,-0.2344,3.0000,0.0000,0.0000,0,20.3060,-125.7674,26.7588,-49.5043,76.2631,0.0000,0.0000,-125.7674,26.7588
90.091,1,1,heuristic,40.9179,148.2133,1.8086,-0.6754,1.6969,1.8263,-1.7312,1.5603,2.8838,-0.0420,1.5555,3.6048,-0.2450,3.0000,0.0000,0.0000,0,20.3060,-125.7674,26.7588,-49.5043,76.2631,0.0000,0.0000,-125.7674,26.7588
90.141,1,1,heuristic,40.8900,148.2895,1.8180,-0.6476,1.6507,1.7732,-1.7428,1.5603,2.8838,-0.0420,1.5555,3.6048,-0.2483,3.0000,0.0000,0.0000,0,20.3060,-146.0509,86.8971,-29.5769,116.4740,0.0000,0.0000,-146.0509,86.8971
90.191,1,1,heuristic,40.8654,148.3568,1.8225,-0.6208,1.6010,1.7171,2.0232,1.5570,2.8230,-0.0129,1.5555,3.5287,-0.2610,3.0000,0.0000,0.0000,0,20.3060,-138.2938,216.1231,38.9146,177.2085,0.0000,0.0000,-138.2938,216.1231
90.240,1,1,heuristic,40.8408,148.4234,1.8284,-0.5914,1.5368,1.6467,-1.7125,1.5540,2.7695,0.0128,1.5555,3.4618,-0.2685,3.0000,0.0000,0.0000,0,20.3060,-213.9826,326.1231,56.0702,270.0528,0.0000,0.0000,-213.9826,326.1231
90.291,1,1,heuristic,40.8188,148.4827,1.8364,-0.5645,1.4765,1.5807,2.0730,1.5510,2.7167,0.0384,1.5555,3.3958,-0.2774,3.0000,0.0000,0.0000,0,20.3060,-213.9826,326.1231,56.0702,270.0528,0.0000,0.0000,-213.9826,326.1231
90.341,1,1,heuristic,40.7970,148.5426,1.8448,-0.5356,1.4117,1.5099,2.0943,1.5482,2.6698,0.0613,1.5555,3.3372,-0.2882,3.0000,0.0000,0.0000,0,20.3060,-231.2266,502.3536,135.5635,366.7901,0.0000,0.0000,-231.2266,502.3536
90.391,1,1,heuristic,40.7777,148.5969,1.8524,-0.5087,1.3555,1.4478,-1.6618,1.5453,2.6225,0.0840,1.5555,3.2782,-0.2994,3.0000,0.0000,0.0000,0,20.3060,-121.2266,608.2233,243.4984,364.7250,0.0000,0.0000,-121.2266,608.2233
90.441,1,1,heuristic,40.7588,148.6532,1.8620,-0.4799,1.3011,1.3868,-1.6225,1.5428,2.5798,0.1041,1.5555,3.2248,-0.3096,3.0000,0.0000,0.0000,0,20.3060,-11.2266,506.3303,247.5519,258.7785,0.0000,0.0000,-11.2266,506.3303
90.491,1,1,heuristic,40.7418,148.7066,1.8749,-0.4545,1.2632,1.3425,-1.5925,1.5402,2.5356,0.1239,1.5555,3.1695,-0.3218,3.0000,0.0000,0.0000,0,20.3060,98.7734,420.9268,259.8501,161.0767,0.0000,0.0000,98.7734,420.9268
90.541,1,1,heuristic,40.7418,148.7066,1.8857,-0.4545,1.2632,1.3425,2.1770,1.5378,2.4938,0.1417,1.5555,3.1172,-0.3371,3.0000,0.0000,0.0000,0,20.3060,208.7734,310.9268,259.8501,51.0767,0.0000,0.0000,208.7734,310.9268
90.591,1,1,heuristic,40.7242,148.7639,1.8996,-0.4312,1.2309,1.3042,-1.5805,1.5378,2.4938,0.1417,1.5555,3.1172,-0.3479,3.0000,0.0000,0.0000,0,20.3060,98.7734,200.9268,149.8501,51.0767,0.0000,0.0000,98.7734,200.9268
90.641,1,1,heuristic,40.7077,148.8188,1.9112,-0.4140,1.2136,1.2823,2.1585,1.5354,2.4489,0.1601,1.5555,3.0612,-0.3642,3.0000,0.0000,0.0000,0,20.3060,98.7734,200.9268,149.8501,51.0767,0.0000,0.0000,98.7734,200.9268
90.691,1,1,heuristic,40.6899,148.8778,1.9252,-0.3994,1.1979,1.2627,2.1495,1.5331,2.4060,0.1775,1.5555,3.0075,-0.3781,3.0000,0.0000,0.0000,0,20.3060,318.7734,-13.8589,152.4573,-166.3161,0.0000,0.0000,318.7734,-13.8589
90.740,1,1,heuristic,40.6732,148.9336,1.9363,-0.3893,1.1908,1.2528,-1.6685,1.5307,2.3601,0.1962,1.5555,2.9501,-0.3945,3.0000,0.0000,0.0000,0,21.2450,428.7734,96.1411,262.4573,-166.3161,0.0000,0.0000,428.7734,96.1411
90.791,1,1,heuristic,40.6549,148.9929,1.9483,-0.3816,1.1807,1.2408,-1.6978,1.8906,4.0000,1.6807,2.1008,23.6631,-0.0457,3.0000,0.0000,0.0000,0,21.2450,538.7653,44.5062,291.6358,-247.1296,0.0000,0.0000,538.7653,44.5062
90.841,1,1,heuristic,40.6362,149.0492,1.9564,-0.3835,1.1792,1.2400,-1.7268,1.8919,4.0000,1.6664,2.1008,23.6019,-0.0564,3.0000,0.0000,0.0000,0,21.2450,538.7653,44.5062,291.6358,-247.1296,0.0000,0.0000,538.7653,44.5062
90.891,1,1,heuristic,40.6140,149.1101,1.9659,-0.3920,1.1774,1.2409,-1.7720,1.8934,4.0000,1.6541,2.1008,23.5431,-0.0630,3.0000,0.0000,0.0000,0,21.2450,447.9221,78.1594,263.0408,-184.8814,0.0000,0.0000,447.9221,78.1594
90.940,1,1,heuristic,40.5910,149.1683,1.9753,-0.4094,1.1845,1.2532,-1.8140,1.8948,4.0000,1.6425,2.1008,23.4787,-0.0711,3.0000,0.0000,0.0000,0,21.2450,337.9221,116.1792,227.0507,-110.8715,0.0000,0.0000,337.9221,116.1792
90.991,1,1,heuristic,40.5648,149.2306,1.9820,-0.4285,1.1873,1.2622,1.9835,1.8964,4.0000,1.6329,2.1008,23.4164,-0.0788,3.0000,0.0000,0.0000,0,21.2450,227.9221,226.1792,227.0507,-0.8715,0.0000,0.0000,227.9221,226.1792
91.040,1,1,heuristic,40.5390,149.2895,1.9870,-0.4501,1.1953,1.2773,1.9775,1.8979,4.0000,1.6240,2.1008,23.3489,-0.0842,3.0000,0.0000,0.0000,0,21.2450,117.9221,336.1792,227.0507,109.1285,0.0000,0.0000,117.9221,336.1792
91.091,1,1,heuristic,40.5390,149.2895,1.9903,-0.4501,1.1953,1.2773,-1.8330,1.8993,4.0000,1.6165,2.1008,23.2847,-0.0876,3.0000,0.0000,0.0000,0,21.2450,117.9221,336.1792,227.0507,109.1285,0.0000,0.0000,117.9221,336.1792
91.141,1,1,heuristic,40.5113,149.3522,1.9931,-0.4666,1.1974,1.2851,-1.8325,1.8993,4.0000,1.6165,2.1008,23.2847,-0.0910,3.0000,0.0000,0.0000,0,21.2450,227.9221,446.1792,337.0507,109.1285,0.0000,0.0000,227.9221,446.1792
91.190,1,1,heuristic,40.4854,149.4115,1.9981,-0.4812,1.2049,1.2974,1.9863,1.9006,4.0000,1.6087,2.1008,23.2162,-0.0925,3.0000,0.0000,0.0000,0,21.2450,227.9221,666.1792,447.0507,219.1285,0.0000,0.0000,227.9221,666.1792
91.241,1,1,heuristic,40.4582,149.4750,2.0013,-0.4898,1.2081,1.3036,2.0137,1.9020,4.0000,1.6011,2.1008,23.1516,-0.0961,3.0000,0.0000,0.0000,0,21.2450,227.9221,666.1792,447.0507,219.1285,0.0000,0.0000,227.9221,666.1792
91.291,1,1,heuristic,40.4323,149.5365,2.0049,-0.4996,1.2230,1.3211,-1.7797,1.9032,4.0000,1.5925,2.1008,23.0826,-0.0980,3.0000,0.0000,0.0000,0,21.2450,117.9221,721.7459,419.8340,301.9119,0.0000,0.0000,117.9221,721.7459
91.340,1,1,heuristic,40.4044,149.6046,2.0093,-0.5069,1.2400,1.3396,2.0593,1.9049,4.0000,1.5837,2.1008,23.0160,-0.1000,3.0000,0.0000,0.0000,0,21.2450,271.1278,501.7459,386.4369,115.3091,0.0000,0.0000,271.1278,501.7459
91.390,1,1,heuristic,40.3778,149.6711,2.0157,-0.5164,1.2692,1.3702,-1.7378,1.9068,4.0000,1.5734,2.1008,22.9426,-0.1025,3.0000,0.0000,0.0000,0,21.2450,381.1278,391.7459,386.4369,5.3091,0.0000,0.0000,381.1278,391.7459
91.441,1,1,heuristic,40.3489,149.7438,2.0234,-0.5243,1.2951,1.3972,-1.7383,1.9092,4.0000,1.5627,2.1008,22.8712,-0.1066,3.0000,0.0000,0.0000,0,21.2450,491.1278,281.7459,386.4369,-104.6909,0.0000,0.0000,491.1278,281.7459
91.490,1,1,heuristic,40.3204,149.8139,2.0305,-0.5381,1.3280,1.4329,-1.7512,1.9115,4.0000,1.5509,2.1008,22.7932,-0.1119,3.0000,0.0000,0.0000,0,21.2450,381.1281,171.7459,276.4370,-104.6911,0.0000,0.0000,381.1281,171.7459
91.540,1,1,heuristic,40.2885,149.8896,2.0388,-0.5534,1.3538,1.4625,2.0623,1.9140,4.0000,1.5400,2.1008,22.7178,-0.1165,3.0000,0.0000,0.0000,0,21.2450,491.1280,61.7459,276.4370,-214.6910,0.0000,0.0000,491.1280,61.7459
91.590,1,1,heuristic,40.2570,149.9615,2.0465,-0.5737,1.3825,1.4968,2.0215,1.9163,4.0000,1.5293,2.1008,22.6358,-0.1225,3.0000,0.0000,0.0000,0,21.2450,551.7799,-48.2541,251.7629,-300.0170,0.0000,0.0000,551.7799,-48.2541
91.641,1,1,heuristic,40.2223,150.0378,2.0513,-0.5926,1.3995,1.5198,-1.8628,1.9185,4.0000,1.5201,2.1008,22.5574,-0.1281,3.0000,0.0000,0.0000,0,21.2450,441.7799,-158.2541,141.7629,-300.0170,0.0000,0.0000,441.7799,-158.2541
91.691,1,1,heuristic,40.1884,150.1094,2.0561,-0.6152,1.4176,1.5453,-1.9002,1.9202,4.0000,1.5115,2.1008,22.4736,-0.1311,3.0000,0.0000,0.0000,0,21.2450,331.7800,-94.5820,118.5990,-213.1810,0.0000,0.0000,331.7800,-94.5820
91.741,1,1,heuristic,40.1884,150.1094,2.0584,-0.6152,1.4176,1.5453,1.9207,1.9218,4.0000,1.5045,2.1008,22.3945,-0.1343,3.0000,0.0000,0.0000,0,21.2450,331.7800,-94.5820,118.5990,-213.1810,0.0000,0.0000,331.7800,-94.5820
91.790,1,1,heuristic,40.1170,150.2514,2.0597,-0.6513,1.4184,1.5608,-1.9638,1.9218,4.0000,1.5045,2.1008,22.3945,-0.1365,3.0000,0.0000,0.0000,0,21.2450,221.7800,-204.5820,8.5990,-213.1810,0.0000,0.0000,221.7800,-204.5820
91.841,1,1,heuristic,40.1170,150.2514,2.0594,-0.6513,1.4184,1.5608,1.8688,1.9235,4.0000,1.4943,2.1008,22.2355,-0.1362,3.0000,0.0000,0.0000,0,21.2450,205.2214,-204.5820,0.3197,-204.9017,0.0000,0.0000,205.2214,-204.5820
91.891,1,1,heuristic,40.0804,150.3207,2.0579,-0.6619,1.4011,1.5496,-2.0282,1.9235,4.0000,1.4943,2.1008,22.2355,-0.1359,3.0000,0.0000,0.0000,0,21.2450,95.5107,-314.5820,-109.5356,-205.0464,0.0000,0.0000,95.5107,-314.5820
91.941,1,1,heuristic,40.0466,150.3825,2.0550,-0.6702,1.3784,1.5327,1.8090,1.9236,4.0000,1.4909,2.1008,22.1571,-0.1343,3.0000,0.0000,0.0000,0,21.2450,95.5107,-314.5820,-109.5356,-205.0464,0.0000,0.0000,95.5107,-314.5820
91.991,1,1,heuristic,40.0122,150.4435,2.0505,-0.6686,1.3373,1.4952,1.7933,1.9233,4.0000,1.4888,2.1008,22.0868,-0.1317,3.0000,0.0000,0.0000,0,21.2450,205.5107,-423.5364,-109.0128,-314.5235,0.0000,0.0000,205.5107,-423.5364
92.041,1,1,heuristic,39.9815,150.4961,2.0460,-0.6630,1.2890,1.4495,1.7665,1.9222,4.0000,1.4877,2.1008,22.0168,-0.1283,3.0000,0.0000,0.0000,0,21.2450,332.0058,-423.5364,-45.7653,-377.7711,0.0000,0.0000,332.0058,-423.5364
92.091,1,1,heuristic,39.9507,150.5463,2.0381,-0.6488,1.2244,1.3857,1.7288,1.9208,4.0000,1.4876,2.1008,21.9560,-0.1252,3.0000,0.0000,0.0000,0,21.2450,365.2232,-313.6524,25.7854,-339.4378,0.0000,0.0000,365.2232,-313.6524
92.140,1,1,heuristic,39.9228,150.5889,2.0348,-0.6351,1.1570,1.3199,-2.1430,1.9185,4.0000,1.4888,2.1008,21.8973,-0.1196,3.0000,0.0000,0.0000,0,21.2450,460.4729,-203.6524,128.4103,-332.0627,0.0000,0.0000,460.4729,-203.6524
92.190,1,1,heuristic,39.9228,150.5889,2.0274,-0.6351,1.1570,1.3199,1.6755,1.9160,4.0000,1.4913,2.1008,21.8468,-0.1188,3.0000,0.0000,0.0000,0,21.2450,356.6947,-313.6524,21.5211,-335.1735,0.0000,0.0000,356.6947,-313.6524
92.241,1,1,heuristic,39.8939,150.6302,2.0177,-0.6192,1.0844,1.2488,1.6685,1.9160,4.0000,1.4913,2.1008,21.8468,-0.1114,3.0000,0.0000,0.0000,0,21.2450,356.6947,-313.6524,21.5211,-335.1735,0.0000,0.0000,356.6947,-313.6524
92.290,1,1,heuristic,39.8668,150.6667,2.0120,-0.6084,1.0196,1.1873,-2.2335,1.9131,4.0000,1.4954,2.1008,21.7970,-0.1047,3.0000,0.0000,0.0000,0,21.2450,466.6947,-203.7179,131.4884,-335.2063,0.0000,0.0000,466.6947,-203.7179
92.340,1,1,heuristic,39.8382,150.7027,1.9993,-0.5968,0.9539,1.1253,-2.2418,1.9103,4.0000,1.5003,2.1008,21.7522,-0.1017,3.0000,0.0000,0.0000,0,21.2450,576.6947,-313.7179,131.4884,-445.2063,0.0000,0.0000,576.6947,-313.7179
92.390,1,1,heuristic,39.8107,150.7353,1.9878,-0.5919,0.8991,1.0764,1.5988,1.9072,4.0000,1.5068,2.1008,21.7073,-0.0920,3.0000,0.0000,0.0000,0,21.2450,686.6947,-338.0236,174.3356,-512.3591,0.0000,0.0000,686.6947,-338.0236
92.441,1,1,heuristic,39.8107,150.7353,1.9787,-0.5919,0.8991,1.0764,1.5610,1.9045,4.0000,1.5140,2.1008,21.6659,-0.0833,3.0000,0.0000,0.0000,0,21.2450,796.6947,-228.0236,284.3356,-512.3591,0.0000,0.0000,796.6947,-228.0236
92.490,1,1,heuristic,39.7802,150.7695,1.9619,-0.5910,0.8508,1.0359,1.5277,1.9045,4.0000,1.5140,2.1008,21.6659,-0.0742,3.0000,0.0000,0.0000,0,21.2450,711.3683,-118.0236,296.6724,-414.6959,0.0000,0.0000,711.3683,-118.0236
92.541,1,1,heuristic,39.7493,150.8026,1.9547,-0.6013,0.8188,1.0159,1.4978,1.9018,4.0000,1.5231,2.1008,21.6217,-0.0600,3.0000,0.0000,0.0000,0,21.2450,624.2171,-8.0236,308.0968,-316.1203,0.0000,0.0000,624.2171,-8.0236
92.591,1,1,heuristic,39.7141,150.8404,1.9351,-0.6163,0.8003,1.0102,-2.4030,1.8998,4.0000,1.5329,2.1008,21.5783,-0.0549,3.0000,0.0000,0.0000,0,21.2450,526.5225,101.9764,314.2495,-212.2730,0.0000,0.0000,526.5225,101.9764
92.640,1,1,heuristic,39.6790,150.8792,1.9144,-0.6394,0.8019,1.0256,-2.3982,1.8981,4.0000,1.5442,2.1008,21.5288,-0.0370,3.0000,0.0000,0.0000,0,21.2450,456.7436,-8.0236,224.3600,-232.3836,0.0000,0.0000,456.7436,-8.0236
92.690,1,1,heuristic,39.6790,150.8792,1.9057,-0.6394,0.8019,1.0256,-2.3967,1.8974,4.0000,1.5549,2.1008,21.4785,-0.0171,3.0000,0.0000,0.0000,0,21.2450,446.2058,5.0106,225.6082,-220.5976,0.0000,0.0000,446.2058,5.0106
92.741,1,1,heuristic,39.6405,150.9238,1.8841,-0.6598,0.8131,1.0471,1.4870,1.8974,4.0000,1.5549,2.1008,21.4785,-0.0084,3.0000,0.0000,0.0000,0,21.2450,536.9825,41.7481,289.3653,-247.6172,0.0000,0.0000,536.9825,41.7481
92.790,1,1,heuristic,39.6033,150.9686,1.8709,-0.6827,0.8373,1.0803,-2.3942,1.8969,4.0000,1.5656,2.1008,21.4214,0.0128,3.0000,0.0000,0.0000,0,21.2450,426.9825,-67.2840,179.8492,-247.1332,0.0000,0.0000,426.9825,-67.2840
92.840,1,1,heuristic,39.5632,151.0194,1.8490,-0.7005,0.8649,1.1130,1.5070,1.8970,4.0000,1.5750,2.1008,21.3648,0.0261,3.0000,0.0000,0.0000,0,21.2450,373.7586,-177.2840,98.2373,-275.5213,0.0000,0.0000,373.7586,-177.2840
92.891,1,1,heuristic,39.5252,151.0691,1.8270,-0.7185,0.8991,1.1509,1.5217,1.8971,4.0000,1.5840,2.1008,21.3016,0.0481,3.0000,0.0000,0.0000,0,21.2450,483.7586,-287.2840,98.2373,-385.5213,0.0000,0.0000,483.7586,-287.2840
92.941,1,1,heuristic,39.5252,151.0691,1.8138,-0.7185,0.8991,1.1509,1.4965,1.8976,4.0000,1.5916,2.1008,21.2403,0.0707,3.0000,0.0000,0.0000,0,21.2450,543.4047,-256.5089,143.4479,-399.9568,0.0000,0.0000,543.4047,-256.5089
92.991,1,1,heuristic,39.4848,151.1223,1.7913,-0.7302,0.9241,1.1777,1.4878,1.8976,4.0000,1.5916,2.1008,21.2403,0.0838,3.0000,0.0000,0.0000,0,21.2450,613.7885,-146.5137,233.6374,-380.1511,0.0000,0.0000,613.7885,-146.5137
93.041,1,1,heuristic,39.4465,151.1724,1.7731,-0.7439,0.9477,1.2048,-2.4403,1.8977,4.0000,1.5995,2.1008,21.1747,0.1063,3.0000,0.0000,0.0000,0,21.2450,613.7885,-146.5137,233.6374,-380.1511,0.0000,0.0000,613.7885,-146.5137
93.091,1,1,heuristic,39.4054,151.2257,1.7541,-0.7530,0.9632,1.2226,1.4470,1.8977,4.0000,1.6073,2.1008,21.1129,0.1247,3.0000,0.0000,0.0000,0,21.2450,723.2717,-36.5137,343.3790,-379.8927,0.0000,0.0000,723.2717,-36.5137
93.140,1,1,heuristic,39.3665,151.2763,1.7350,-0.7648,0.9816,1.2444,-2.4722,1.8974,4.0000,1.6158,2.1008,21.0470,0.1432,3.0000,0.0000,0.0000,0,21.2450,755.4903,-60.4854,347.5025,-407.9878,0.0000,0.0000,755.4903,-60.4854
93.191,1,1,heuristic,39.3665,151.2763,1.7151,-0.7648,0.9816,1.2444,1.4353,1.8972,4.0000,1.6238,2.1008,20.9844,0.1622,3.0000,0.0000,0.0000,0,21.2450,722.5998,-88.6197,316.9900,-405.6097,0.0000,0.0000,722.5998,-88.6197
93.241,1,1,heuristic,39.3248,151.3312,1.6908,-0.7722,0.9965,1.2607,1.4318,1.8972,4.0000,1.6238,2.1008,20.9844,0.1821,3.0000,0.0000,0.0000,0,21.2450,502.5998,13.8727,258.2362,-244.3635,0.0000,0.0000,502.5998,13.8727
93.290,1,1,heuristic,39.2852,151.3844,1.6743,-0.7826,1.0187,1.2846,1.4338,1.8968,4.0000,1.6320,2.1008,20.9168,0.2060,3.0000,0.0000,0.0000,0,21.2450,392.5998,123.6199,258.1098,-134.4899,0.0000,0.0000,392.5998,123.6199
93.341,1,1,heuristic,39.2432,151.4418,1.6536,-0.7876,1.0356,1.3011,-2.4725,1.8969,4.0000,1.6393,2.1008,20.8517,0.2225,3.0000,0.0000,0.0000,0,21.2450,339.2681,233.5731,286.4206,-52.8475,0.0000,0.0000,339.2681,233.5731
93.390,1,1,heuristic,39.2043,151.4967,1.6327,-0.7921,1.0572,1.3211,1.4430,1.8966,4.0000,1.6465,2.1008,20.7818,0.2430,3.0000,0.0000,0.0000,0,21.2450,339.2681,233.5731,286.4206,-52.8475,0.0000,0.0000,339.2681,233.5731
93.441,1,1,heuristic,39.1644,151.5563,1.6084,-0.7874,1.0750,1.3325,1.5188,1.8966,4.0000,1.6523,2.1008,20.7154,0.2639,3.0000,0.0000,0.0000,0,21.2450,403.8549,299.1459,351.5004,-52.3545,0.0000,0.0000,403.8549,299.1459
93.491,1,1,heuristic,39.1280,151.6142,1.5833,-0.7815,1.1016,1.3506,1.5297,1.8965,4.0000,1.6567,2.1008,20.6444,0.2881,3.0000,0.0000,0.0000,0,21.2450,513.8549,408.7072,461.2810,-52.5738,0.0000,0.0000,513.8549,408.7072
93.541,1,1,heuristic,39.1280,151.6142,1.5703,-0.7815,1.1016,1.3506,1.5463,1.8970,4.0000,1.6588,2.1008,20.5763,0.3136,3.0000,0.0000,0.0000,0,21.2450,623.8549,518.7072,571.2810,-52.5738,0.0000,0.0000,623.8549,518.7072
93.590,1,1,heuristic,39.0908,151.6791,1.5472,-0.7683,1.1306,1.3670,1.5640,1.8970,4.0000,1.6588,2.1008,20.5763,0.3267,3.0000,0.0000,0.0000,0,21.2450,691.6643,464.9118,578.2881,-113.3762,0.0000,0.0000,691.6643,464.9118
93.641,1,1,heuristic,39.0569,151.7448,1.5302,-0.7557,1.1782,1.3997,-2.3573,1.8977,4.0000,1.6581,2.1008,20.5018,0.3504,3.0000,0.0000,0.0000,0,21.2450,801.4242,549.5858,675.5050,-125.9192,0.0000,0.0000,801.4242,549.5858
93.691,1,1,heuristic,39.0223,151.8206,1.5102,-0.7379,1.2342,1.4380,1.5958,1.8993,4.0000,1.6541,2.1008,20.4279,0.3691,3.0000,0.0000,0.0000,0,21.2450,911.4242,439.5858,675.5050,-235.9192,0.0000,0.0000,911.4242,439.5858
93.740,1,1,heuristic,38.9907,151.8984,1.4984,-0.7216,1.3115,1.4970,-2.3360,1.9017,4.0000,1.6457,2.1008,20.3446,0.3915,3.0000,0.0000,0.0000,0,21.2450,911.4242,439.5858,675.5050,-235.9192,0.0000,0.0000,911.4242,439.5858
93.791,1,1,heuristic,38.9585,151.9883,1.4757,-0.7013,1.3949,1.5612,-2.3293,1.9052,4.0000,1.6335,2.1008,20.2608,0.4068,3.0000,0.0000,0.0000,0,21.2450,959.6820,644.2373,801.9597,-157.7223,0.0000,0.0000,959.6820,644.2373
93.841,1,1,heuristic,38.9293,152.0795,1.4605,-0.6827,1.4961,1.6445,1.6140,1.9094,4.0000,1.6159,2.1008,20.1658,0.4338,3.0000,0.0000,0.0000,0,21.2450,959.6820,644.2373,801.9597,-157.7223,0.0000,0.0000,959.6820,644.2373
93.891,1,1,heuristic,38.9293,152.0795,1.4456,-0.6827,1.4961,1.6445,-2.3460,1.9146,4.0000,1.5950,2.1008,20.0710,0.4541,3.0000,0.0000,0.0000,0,21.2450,893.6294,806.9874,850.3084,-43.3210,0.0000,0.0000,893.6294,806.9874
93.940,1,1,heuristic,38.9002,152.1841,1.4258,-0.6581,1.5993,1.7294,-2.3120,1.9146,4.0000,1.5950,2.1008,20.0710,0.4690,3.0000,0.0000,0.0000,0,21.2450,869.9706,696.9874,783.4790,-86.4916,0.0000,0.0000,869.9706,696.9874
93.991,1,1,heuristic,38.8749,152.2897,1.4132,-0.6318,1.7192,1.8316,1.6410,1.9204,4.0000,1.5672,2.1008,19.9641,0.4946,3.0000,0.0000,0.0000,0,21.2450,869.2638,730.7577,800.0107,-69.2531,0.0000,0.0000,869.2638,730.7577
94.041,1,1,heuristic,38.8508,152.4085,1.3945,-0.5981,1.8324,1.9275,1.6430,1.9270,4.0000,1.5357,2.1008,19.8581,0.5138,3.0000,0.0000,0.0000,0,21.2450,759.2638,620.7577,690.0107,-69.2531,0.0000,0.0000,759.2638,620.7577
94.091,1,1,heuristic,38.8305,152.5257,1.3850,-0.5630,1.9544,2.0339,1.6515,1.9340,4.0000,1.4964,2.1008,19.7408,0.5395,3.0000,0.0000,0.0000,0,21.2450,649.2638,730.7577,690.0107,40.7469,0.0000,0.0000,649.2638,730.7577
94.141,1,1,heuristic,38.8115,152.6544,1.3673,-0.5236,2.0586,2.1241,1.6567,1.9414,4.0000,1.4546,2.1008,19.6265,0.5564,3.0000,0.0000,0.0000,0,21.2450,759.2625,777.3123,768.2874,9.0249,0.0000,0.0000,759.2625,777.3123
94.191,1,1,heuristic,38.7958,152.7785,1.3544,-0.4841,2.1636,2.2171,-2.2717,1.9489,4.0000,1.4060,2.1008,19.5026,0.5816,3.0000,0.0000,0.0000,0,21.2450,869.2593,677.1682,773.2138,-96.0455,0.0000,0.0000,869.2593,677.1682
94.240,1,1,heuristic,38.7958,152.7785,1.3423,-0.4841,2.1636,2.2171,1.7032,1.9563,4.0000,1.3568,2.1008,19.3845,0.6019,3.0000,0.0000,0.0000,0,21.2450,846.8739,698.0468,772.4604,-74.4136,0.0000,0.0000,846.8739,698.0468
94.291,1,1,heuristic,38.7817,152.9129,1.3274,-0.4418,2.2481,2.2911,-2.2550,1.9563,4.0000,1.3568,2.1008,19.3845,0.6140,3.0000,0.0000,0.0000,0,21.2450,846.8739,698.0468,772.4604,-74.4136,0.0000,0.0000,846.8739,698.0468
94.341,1,1,heuristic,38.7702,153.0420,1.3208,-0.4014,2.3362,2.3704,-2.2673,1.9638,4.0000,1.3010,2.1008,19.2578,0.6363,3.0000,0.0000,0.0000,0,21.2450,736.8739,808.0351,772.4545,35.5806,0.0000,0.0000,736.8739,808.0351
94.390,1,1,heuristic,38.7599,153.1808,1.3116,-0.3606,2.4029,2.4298,1.7208,1.9711,4.0000,1.2457,2.1008,19.1372,0.6503,3.0000,0.0000,0.0000,0,21.2450,626.8739,698.0351,662.4545,35.5806,0.0000,0.0000,626.8739,698.0351
94.440,1,1,heuristic,38.7521,153.3127,1.2973,-0.3208,2.4716,2.4924,1.7432,1.9786,4.0000,1.1844,2.1008,19.0086,0.6670,3.0000,0.0000,0.0000,0,21.2450,406.8741,681.9579,544.4160,137.5419,0.0000,0.0000,406.8741,681.9579
94.491,1,1,heuristic,38.7521,153.3127,1.2871,-0.3208,2.4716,2.4924,-2.2098,1.9858,4.0000,1.1245,2.1008,18.8875,0.6885,3.0000,0.0000,0.0000,0,21.2450,406.8741,681.9579,544.4160,137.5419,0.0000,0.0000,406.8741,681.9579
94.541,1,1,heuristic,38.7458,153.4520,1.2755,-0.2811,2.5132,2.5289,1.8105,1.9858,4.0000,1.1245,2.1008,18.8875,0.6988,3.0000,0.0000,0.0000,0,21.2450,296.8741,760.0371,528.4556,231.5815,0.0000,0.0000,296.8741,760.0371
94.591,1,1,heuristic,38.7415,153.5816,1.2670,-0.2429,2.5507,2.5623,-2.1360,1.9930,4.0000,1.0595,2.1008,18.7605,0.7175,3.0000,0.0000,0.0000,0,21.2450,266.0714,857.9496,562.0105,295.9391,0.0000,0.0000,266.0714,857.9496
94.640,1,1,heuristic,38.7388,153.7170,1.2598,-0.2046,2.5613,2.5695,1.8685,1.9998,4.0000,0.9977,2.1008,18.6432,0.7327,3.0000,0.0000,0.0000,0,21.2450,364.1575,747.9496,556.0535,191.8961,0.0000,0.0000,364.1575,747.9496
94.691,1,1,heuristic,38.7383,153.8427,1.2522,-0.1656,2.5729,2.5782,1.9103,2.0065,4.0000,0.9316,2.1008,18.5218,0.7467,3.0000,0.0000,0.0000,0,21.2450,277.3886,527.9496,402.6691,125.2805,0.0000,0.0000,277.3886,527.9496
94.741,1,1,heuristic,38.7400,153.9742,1.2477,-0.1262,2.5639,2.5670,-2.0365,2.0130,4.0000,0.8684,2.1008,18.4101,0.7607,3.0000,0.0000,0.0000,0,21.2450,168.7065,417.9496,293.3281,124.6215,0.0000,0.0000,168.7065,417.9496
94.790,1,1,heuristic,38.7427,154.0955,1.2423,-0.0896,2.5564,2.5579,-2.0288,2.0197,4.0000,0.8005,2.1008,18.2945,0.7719,3.0000,0.0000,0.0000,0,21.2450,216.0098,409.5020,312.7559,96.7461,0.0000,0.0000,216.0098,409.5020
94.841,1,1,heuristic,38.7462,154.2200,1.2401,-0.0582,2.5242,2.5249,-2.0320,2.0260,4.0000,0.7369,2.1008,18.1887,0.7837,3.0000,0.0000,0.0000,0,21.2450,106.0098,480.1869,293.0983,187.0886,0.0000,0.0000,106.0098,480.1869
94.891,1,1,heuristic,38.7499,154.3337,1.2386,-0.0312,2.4928,2.4930,1.9912,2.0323,4.0000,0.6709,2.1008,18.0805,0.7922,3.0000,0.0000,0.0000,0,21.2450,19.7875,472.8938,246.3407,226.5532,0.0000,0.0000,19.7875,472.8938
94.941,1,1,heuristic,38.7543,154.4500,1.2371,-0.0078,2.4417,2.4417,2.0200,2.0382,4.0000,0.6103,2.1008,17.9822,0.7996,3.0000,0.0000,0.0000,0,21.2450,-90.2125,438.4206,174.1041,264.3165,0.0000,0.0000,-90.2125,438.4206
94.990,1,1,heuristic,38.7592,154.5554,1.2373,0.0138,2.3926,2.3927,-1.9567,2.0442,4.0000,0.5476,2.1008,17.8821,0.8071,3.0000,0.0000,0.0000,0,21.2450,-133.1283,363.7855,115.3286,248.4569,0.0000,0.0000,-133.1283,363.7855
95.040,1,1,heuristic,38.7592,154.5554,1.2381,0.0138,2.3926,2.3927,2.0670,2.0497,4.0000,0.4902,2.1008,17.7920,0.8124,3.0000,0.0000,0.0000,0,21.2450,-243.1283,343.9440,50.4079,293.5361,0.0000,0.0000,-243.1283,343.9440
95.090,1,1,heuristic,38.7701,154.7569,1.2414,0.0485,2.2549,2.2554,-1.8925,2.0497,4.0000,0.4902,2.1008,17.7920,0.8116,3.0000,0.0000,0.0000,0,21.2450,-243.1283,343.9440,50.4079,293.5361,0.0000,0.0000,-243.1283,343.9440
95.140,1,1,heuristic,38.7701,154.7569,1.2449,0.0485,2.2549,2.2554,2.1402,2.0604,4.0000,0.3788,2.1008,17.6210,0.8191,3.0000,0.0000,0.0000,0,21.2450,-23.1283,123.9440,50.4079,73.5361,0.0000,0.0000,-23.1283,123.9440
95.190,1,1,heuristic,38.7758,154.8515,1.2503,0.0607,2.1675,2.1684,-1.8433,2.0604,4.0000,0.3788,2.1008,17.6210,0.8156,3.0000,0.0000,0.0000,0,21.2450,86.8717,233.9440,160.4079,73.5361,0.0000,0.0000,86.8717,233.9440
95.241,1,1,heuristic,38.7810,154.9351,1.2557,0.0699,2.0826,2.0837,2.1553,2.0655,4.0000,0.3261,2.1008,17.5413,0.8152,3.0000,0.0000,0.0000,0,21.2450,196.8717,123.9440,160.4079,-36.4639,0.0000,0.0000,196.8717,123.9440
95.290,1,1,heuristic,38.7857,155.0189,1.2625,0.0743,1.9884,1.9898,2.1565,2.0702,4.0000,0.2794,2.1008,17.4709,0.8145,3.0000,0.0000,0.0000,0,21.2450,196.8717,123.9440,160.4079,-36.4639,0.0000,0.0000,196.8717,123.9440
95.341,1,1,heuristic,38.7900,155.0944,1.2682,0.0772,1.9051,1.9067,-1.8750,2.0749,4.0000,0.2329,2.1008,17.4003,0.8124,3.0000,0.0000,0.0000,0,21.2450,122.8766,207.8758,165.3762,42.4996,0.0000,0.0000,122.8766,207.8758
95.391,1,1,heuristic,38.7942,155.1710,1.2735,0.0780,1.8186,1.8202,2.1238,2.0792,4.0000,0.1911,2.1008,17.3368,0.8110,3.0000,0.0000,0.0000,0,21.2450,122.8766,207.8758,165.3762,42.4996,0.0000,0.0000,122.8766,207.8758
95.441,1,1,heuristic,38.7982,155.2403,1.2788,0.0791,1.7437,1.7455,-1.8858,2.0837,4.0000,0.1488,2.1008,17.2725,0.8102,3.0000,0.0000,0.0000,0,21.2450,12.8766,235.0382,123.9574,111.0808,0.0000,0.0000,12.8766,235.0382
95.491,1,1,heuristic,38.7982,155.2403,1.2837,0.0791,1.7437,1.7455,2.1398,2.0880,4.0000,0.1103,2.1008,17.2144,0.8092,3.0000,0.0000,0.0000,0,21.2450,-97.1234,345.0382,123.9574,221.0808,0.0000,0.0000,-97.1234,345.0382
95.540,1,1,heuristic,38.8027,155.3111,1.2911,0.0805,1.6674,1.6693,2.1550,2.0880,4.0000,0.1103,2.1008,17.2144,0.8042,3.0000,0.0000,0.0000,0,21.2450,-15.5383,502.1434,243.3025,258.8408,0.0000,0.0000,-15.5383,502.1434
95.591,1,1,heuristic,38.8074,155.3755,1.2967,0.0838,1.6021,1.6043,2.1463,2.0925,4.0000,0.0706,2.1008,17.1554,0.8014,3.0000,0.0000,0.0000,0,21.2450,41.2891,536.0268,288.6580,247.3688,0.0000,0.0000,41.2891,536.0268
95.641,1,1,heuristic,38.8131,155.4419,1.3039,0.0890,1.5372,1.5398,-1.8248,2.0967,4.0000,0.0340,2.1008,17.1021,0.8001,3.0000,0.0000,0.0000,0,21.2450,41.2891,536.0268,288.6580,247.3688,0.0000,0.0000,41.2891,536.0268
95.691,1,1,heuristic,38.8193,155.5043,1.3106,0.0971,1.4899,1.4931,2.2157,2.1013,4.0000,-0.0045,2.1008,17.0476,0.7974,3.0000,0.0000,0.0000,0,21.2450,151.2891,530.0589,340.6740,189.3849,0.0000,0.0000,151.2891,530.0589
95.740,1,1,heuristic,38.8270,155.5712,1.3196,0.1075,1.4489,1.4529,2.2280,2.1058,4.0000,-0.0414,2.1008,16.9969,0.7952,3.0000,0.0000,0.0000,0,21.2450,261.2891,420.0589,340.6740,79.3849,0.0000,0.0000,261.2891,420.0589
95.791,1,1,heuristic,38.8355,155.6352,1.3277,0.1213,1.4259,1.4311,-1.7843,2.1108,4.0000,-0.0819,2.1008,16.9434,0.7912,3.0000,0.0000,0.0000,0,21.2450,481.2891,556.1281,518.7086,37.4195,0.0000,0.0000,481.2891,556.1281
95.841,1,1,heuristic,38.8457,155.7049,1.3358,0.1362,1.4089,1.4155,2.2288,2.1157,4.0000,-0.1215,2.1008,16.8926,0.7880,3.0000,0.0000,0.0000,0,21.2450,481.2891,556.1281,518.7086,37.4195,0.0000,0.0000,481.2891,556.1281
95.891,1,1,heuristic,38.8565,155.7738,1.3473,0.1541,1.4140,1.4224,2.2190,2.1212,4.0000,-0.1656,2.1008,16.8380,0.7853,3.0000,0.0000,0.0000,0,21.2450,551.6218,356.9891,454.3055,-97.3163,0.0000,0.0000,551.6218,356.9891
95.941,1,1,heuristic,38.8694,155.8507,1.3566,0.1728,1.4271,1.4375,2.1990,2.1266,4.0000,-0.2098,2.1008,16.7845,0.7792,3.0000,0.0000,0.0000,0,21.2450,441.6218,466.9891,454.3055,12.6837,0.0000,0.0000,441.6218,466.9891
95.991,1,1,heuristic,38.8822,155.9262,1.3642,0.1917,1.4563,1.4689,-1.8480,2.1326,4.0000,-0.2597,2.1008,16.7254,0.7760,3.0000,0.0000,0.0000,0,21.2450,331.6218,575.6989,453.6604,122.0386,0.0000,0.0000,331.6218,575.6989
96.041,1,1,heuristic,38.8822,155.9262,1.3688,0.1917,1.4563,1.4689,-1.8670,2.1384,4.0000,-0.3090,2.1008,16.6676,0.7742,3.0000,0.0000,0.0000,0,21.2450,221.6218,685.6989,453.6604,232.0386,0.0000,0.0000,221.6218,685.6989
96.090,1,1,heuristic,38.8967,156.0092,1.3787,0.2089,1.4842,1.4988,-1.8365,2.1384,4.0000,-0.3090,2.1008,16.6676,0.7696,3.0000,0.0000,0.0000,0,21.2450,111.6218,689.6949,400.6584,289.0366,0.0000,0.0000,111.6218,689.6949
96.140,1,1,heuristic,38.9113,156.0897,1.3832,0.2279,1.5230,1.5400,-1.8373,2.1448,4.0000,-0.3634,2.1008,16.6044,0.7661,3.0000,0.0000,0.0000,0,21.2450,1.6218,799.6949,400.6584,399.0366,0.0000,0.0000,1.6218,799.6949
96.190,1,1,heuristic,38.9280,156.1772,1.3936,0.2466,1.5546,1.5741,-1.7968,2.1509,4.0000,-0.4167,2.1008,16.5435,0.7677,3.0000,0.0000,0.0000,0,21.2450,-108.3782,756.9445,324.2832,432.6614,0.0000,0.0000,-108.3782,756.9445
96.240,1,1,heuristic,38.9450,156.2607,1.4021,0.2683,1.5919,1.6143,2.2913,2.1576,4.0000,-0.4753,2.1008,16.4781,0.7640,3.0000,0.0000,0.0000,0,21.2450,-218.3782,646.9445,214.2832,432.6614,0.0000,0.0000,-218.3782,646.9445
96.290,1,1,heuristic,38.9450,156.2607,1.4101,0.2683,1.5919,1.6143,2.2973,2.1639,4.0000,-0.5323,2.1008,16.4165,0.7618,3.0000,0.0000,0.0000,0,21.2450,-108.3782,536.9445,214.2832,322.6614,0.0000,0.0000,-108.3782,536.9445
96.340,1,1,heuristic,38.9644,156.3492,1.4221,0.2892,1.6136,1.6393,2.3453,2.1639,4.0000,-0.5323,2.1008,16.4165,0.7538,3.0000,0.0000,0.0000,0,21.2450,1.6124,426.9445,214.2784,212.6661,0.0000,0.0000,1.6124,426.9445
96.391,1,1,heuristic,38.9833,156.4312,1.4317,0.3102,1.6328,1.6620,2.3615,2.1708,4.0000,-0.5937,2.1008,16.3521,0.7487,3.0000,0.0000,0.0000,0,21.2450,2.5339,316.9445,159.7392,157.2053,0.0000,0.0000,2.5339,316.9445
96.441,1,1,heuristic,39.0034,156.5165,1.4460,0.3255,1.6343,1.6664,2.3718,2.1773,4.0000,-0.6515,2.1008,16.2931,0.7456,3.0000,0.0000,0.0000,0,21.2450,-107.4661,424.8402,158.6870,266.1531,0.0000,0.0000,-107.4661,424.8402
96.491,1,1,heuristic,39.0224,156.5947,1.4586,0.3394,1.6332,1.6681,-1.7055,2.1843,4.0000,-0.7120,2.1008,16.2323,0.7383,3.0000,0.0000,0.0000,0,21.2450,-107.4661,424.8402,158.6870,266.1531,0.0000,0.0000,-107.4661,424.8402
96.541,1,1,heuristic,39.0224,156.5947,1.4675,0.3394,1.6332,1.6681,-1.6935,2.1908,4.0000,-0.7678,2.1008,16.1770,0.7322,3.0000,0.0000,0.0000,0,21.2450,-189.1659,644.8401,227.8371,417.0030,0.0000,0.0000,-189.1659,644.8401
96.590,1,1,heuristic,39.0429,156.6749,1.4853,0.3503,1.6148,1.6524,-1.6570,2.1908,4.0000,-0.7678,2.1008,16.1770,0.7233,3.0000,0.0000,0.0000,0,21.2450,-79.1659,534.8401,227.8371,307.0030,0.0000,0.0000,-79.1659,534.8401
96.640,1,1,heuristic,39.0628,156.7481,1.4995,0.3634,1.5971,1.6379,2.4310,2.1979,4.0000,-0.8260,2.1008,16.1212,0.7126,3.0000,0.0000,0.0000,0,21.2450,30.8341,424.8401,227.8371,197.0030,0.0000,0.0000,30.8341,424.8401
96.691,1,1,heuristic,39.0847,156.8238,1.5141,0.3748,1.5690,1.6131,-1.6595,2.2045,4.0000,-0.8803,2.1008,16.0710,0.7050,3.0000,0.0000,0.0000,0,21.2450,140.8341,314.8401,227.8371,87.0030,0.0000,0.0000,140.8341,314.8401
96.741,1,1,heuristic,39.1052,156.8937,1.5293,0.3854,1.5461,1.5934,2.4137,2.2117,4.0000,-0.9374,2.1008,16.0200,0.6976,3.0000,0.0000,0.0000,0,21.2450,140.8341,314.8401,227.8371,87.0030,0.0000,0.0000,140.8341,314.8401
96.791,1,1,heuristic,39.1052,156.8937,1.5444,0.3854,1.5461,1.5934,-1.6643,2.2183,4.0000,-0.9905,2.1008,15.9734,0.6889,3.0000,0.0000,0.0000,0,21.2450,30.8341,424.8401,227.8371,197.0030,0.0000,0.0000,30.8341,424.8401
96.840,1,1,heuristic,39.1266,156.9663,1.5634,0.3905,1.5161,1.5656,2.4022,2.2183,4.0000,-0.9905,2.1008,15.9734,0.6739,3.0000,0.0000,0.0000,0,21.2450,96.7933,534.8401,315.8167,219.0234,0.0000,0.0000,96.7933,534.8401
96.890,1,1,heuristic,39.1464,157.0336,1.5744,0.3948,1.4936,1.5449,-1.6645,2.2254,4.0000,-1.0456,2.1008,15.9252,0.6620,3.0000,0.0000,0.0000,0,21.2450,-13.2067,644.8401,315.8167,329.0234,0.0000,0.0000,-13.2067,644.8401
96.940,1,1,heuristic,39.1673,157.1049,1.5932,0.3961,1.4691,1.5216,2.4220,2.2319,4.0000,-1.0967,2.1008,15.8807,0.6575,3.0000,0.0000,0.0000,0,21.2450,-123.2067,674.5711,275.6822,398.8889,0.0000,0.0000,-123.2067,674.5711
96.991,1,1,heuristic,39.1873,157.1728,1.6043,0.4004,1.4582,1.5122,-1.6578,2.2388,4.0000,-1.1508,2.1008,15.8336,0.6457,3.0000,0.0000,0.0000,0,21.2450,-233.2067,739.7690,253.2812,486.4878,0.0000,0.0000,-233.2067,739.7690
97.040,1,1,heuristic,39.1873,157.1728,1.6149,0.4004,1.4582,1.5122,-1.6340,2.2452,4.0000,-1.2024,2.1008,15.7892,0.6409,3.0000,0.0000,0.0000,0,21.2450,-123.2067,629.7690,253.2812,376.4878,0.0000,0.0000,-123.2067,629.7690
97.091,1,1,heuristic,39.2092,157.2457,1.6359,0.4045,1.4468,1.5023,-1.6028,2.2452,4.0000,-1.2024,2.1008,15.7892,0.6303,3.0000,0.0000,0.0000,0,21.2450,-244.4560,409.7690,82.6565,327.1125,0.0000,0.0000,-244.4560,409.7690
97.140,1,1,heuristic,39.2303,157.3152,1.6476,0.4117,1.4470,1.5044,-1.5780,2.2520,4.0000,-1.2581,2.1008,15.7419,0.6161,3.0000,0.0000,0.0000,0,21.2450,-134.4560,519.7661,192.6550,327.1111,0.0000,0.0000,-134.4560,519.7661
97.190,1,1,heuristic,39.2529,157.3890,1.6703,0.4163,1.4416,1.5005,-1.5970,2.2583,4.0000,-1.3115,2.1008,15.6971,0.6107,3.0000,0.0000,0.0000,0,21.2450,-244.4560,411.4802,83.5121,327.9681,0.0000,0.0000,-244.4560,411.4802
97.241,1,1,heuristic,39.2742,157.4587,1.6884,0.4218,1.4436,1.5040,2.5333,2.2651,4.0000,-1.3683,2.1008,15.6499,0.5948,3.0000,0.0000,0.0000,0,21.2450,-244.4560,411.4802,83.5121,327.9681,0.0000,0.0000,-244.4560,411.4802
97.291,1,1,heuristic,39.2742,157.4587,1.7067,0.4218,1.4436,1.5040,-1.5650,2.2713,4.0000,-1.4219,2.1008,15.6055,0.5829,3.0000,0.0000,0.0000,0,21.2450,-354.4560,301.8420,-26.3070,328.1490,0.0000,0.0000,-354.4560,301.8420
97.341,1,1,heuristic,39.2969,157.5319,1.7304,0.4246,1.4364,1.4978,2.5347,2.2713,4.0000,-1.4219,2.1008,15.6055,0.5646,3.0000,0.0000,0.0000,0,21.2450,-464.4560,191.8420,-136.3070,328.1490,0.0000,0.0000,-464.4560,191.8420
97.391,1,1,heuristic,39.3184,157.5995,1.7445,0.4292,1.4307,1.4937,-1.5617,2.2782,4.0000,-1.4785,2.1008,15.5593,0.5478,3.0000,0.0000,0.0000,0,21.2450,-574.4560,138.1877,-218.1342,356.3219,0.0000,0.0000,-574.4560,138.1877
97.441,1,1,heuristic,39.3416,157.6677,1.7690,0.4327,1.4071,1.4721,2.5520,2.2845,4.0000,-1.5311,2.1008,15.5172,0.5400,3.0000,0.0000,0.0000,0,21.2450,-684.4560,28.1924,-328.1318,356.3242,0.0000,0.0000,-684.4560,28.1924
97.490,1,1,heuristic,39.3643,157.7273,1.7886,0.4405,1.3741,1.4430,-1.5473,2.2916,4.0000,-1.5857,2.1008,15.4758,0.5226,3.0000,0.0000,0.0000,0,21.2450,-794.4560,138.1924,-328.1318,466.3242,0.0000,0.0000,-794.4560,138.1924
97.541,1,1,heuristic,39.3896,157.7838,1.8137,0.4498,1.3163,1.3910,-1.5143,2.2985,4.0000,-1.6354,2.1008,15.4412,0.5099,3.0000,0.0000,0.0000,0,21.2450,-813.9164,248.1924,-282.8620,531.0544,0.0000,0.0000,-813.9164,248.1924
97.591,1,1,heuristic,39.3896,157.7838,1.8137,0.4498,1.3163,1.3910,-1.5143,2.3063,4.0000,-1.6857,2.1008,15.4109,0.4926,3.0000,0.0000,0.0000,0,21.2450,-703.9164,358.1924,-172.8620,531.0544,0.0000,0.0000,-703.9164,358.1924
97.641,1,1,heuristic,39.4441,157.8720,1.8620,0.4844,1.1580,1.2552,2.6240,2.3140,4.0000,-1.7311,2.1008,15.3891,0.4798,3.0000,0.0000,0.0000,0,21.2450,-593.9164,468.1924,-62.8620,531.0544,0.0000,0.0000,-593.9164,468.1924
97.691,1,1,heuristic,39.4441,157.8720,1.8821,0.4844,1.1580,1.2552,-1.4520,2.3225,4.0000,-1.7774,2.1008,15.3730,0.4605,3.0000,0.0000,0.0000,0,21.2450,-703.9164,468.2155,-117.8504,586.0660,0.0000,0.0000,-703.9164,468.2155
97.741,1,1,heuristic,39.4730,157.9063,1.9072,0.5082,1.0692,1.1838,2.6970,2.3225,4.0000,-1.7774,2.1008,15.3730,0.4404,3.0000,0.0000,0.0000,0,21.2450,-593.9164,578.2155,-7.8504,586.0660,0.0000,0.0000,-593.9164,578.2155
97.791,1,1,heuristic,39.5055,157.9380,1.9360,0.5314,0.9773,1.1124,2.7113,2.3307,4.0000,-1.8197,2.1008,15.3631,0.4235,3.0000,0.0000,0.0000,0,21.2450,-483.9164,660.2910,88.1873,572.1037,0.0000,0.0000,-483.9164,660.2910
97.841,1,1,heuristic,39.5376,157.9646,1.9557,0.5588,0.8927,1.0531,2.7233,2.3392,4.0000,-1.8637,2.1008,15.3575,0.4032,3.0000,0.0000,0.0000,0,21.2450,-373.9164,606.5353,116.3094,490.2258,0.0000,0.0000,-373.9164,606.5353
97.891,1,1,heuristic,39.5726,157.9912,1.9866,0.5818,0.8166,1.0026,2.7420,2.3470,4.0000,-1.9048,2.1008,15.3559,0.3913,3.0000,0.0000,0.0000,0,21.2450,-263.9164,629.9880,183.0358,446.9522,0.0000,0.0000,-263.9164,629.9880
97.941,1,1,heuristic,39.6057,158.0165,2.0128,0.6035,0.7586,0.9693,-1.3893,2.3548,4.0000,-1.9485,2.1008,15.3561,0.3682,3.0000,0.0000,0.0000,0,21.2450,-153.9257,739.2253,292.6498,446.5755,0.0000,0.0000,-153.9257,739.2253
97.990,1,1,heuristic,39.6057,158.0165,2.0397,0.6035,0.7586,0.9693,2.7388,2.3617,4.0000,-1.9899,2.1008,15.3564,0.3488,3.0000,0.0000,0.0000,0,21.2450,-72.2080,827.9083,377.8502,450.0582,0.0000,0.0000,-72.2080,827.9083
98.040,1,1,heuristic,39.6399,158.0454,2.0734,0.6140,0.7181,0.9448,-1.3890,2.3617,4.0000,-1.9899,2.1008,15.3564,0.3220,3.0000,0.0000,0.0000,0,21.2450,-83.0293,875.8206,396.3956,479.4249,0.0000,0.0000,-83.0293,875.8206
98.090,1,1,heuristic,39.6699,158.0766,2.0939,0.6163,0.7043,0.9359,2.7572,2.3684,4.0000,-2.0340,2.1008,15.3545,0.2950,3.0000,0.0000,0.0000,0,21.2450,136.9707,655.8206,396.3956,259.4249,0.0000,0.0000,136.9707,655.8206
98.140,1,1,heuristic,39.6982,158.1155,2.1280,0.6019,0.7134,0.9334,-1.3918,2.3741,4.0000,-2.0756,2.1008,15.3485,0.2802,3.0000,0.0000,0.0000,0,21.2450,246.9707,545.8206,396.3956,149.4249,0.0000,0.0000,246.9707,545.8206
98.191,1,1,heuristic,39.7203,158.1579,2.1620,0.5738,0.7473,0.9422,-1.4233,2.3798,4.0000,-2.1197,2.1008,15.3354,0.2517,3.0000,0.0000,0.0000,0,21.2450,356.9707,435.8206,396.3956,39.4249,0.0000,0.0000,356.9707,435.8206
98.241,1,1,heuristic,39.7380,158.2089,2.1885,0.5270,0.7941,0.9530,2.6850,2.3843,4.0000,-2.1603,2.1008,15.3159,0.2223,3.0000,0.0000,0.0000,0,21.2450,356.9707,435.8206,396.3956,39.4249,0.0000,0.0000,356.9707,435.8206
98.291,1,1,heuristic,39.7487,158.2620,2.2142,0.4663,0.8565,0.9752,-1.5025,2.3888,4.0000,-2.2013,2.1008,15.2871,0.2004,3.0000,0.0000,0.0000,0,21.2450,466.9707,325.8206,396.3956,-70.5751,0.0000,0.0000,466.9707,325.8206
98.341,1,1,heuristic,39.7534,158.3231,2.2435,0.3908,0.9202,0.9998,-1.5608,2.3921,4.0000,-2.2374,2.1008,15.2523,0.1779,3.0000,0.0000,0.0000,0,21.2450,576.9707,215.8206,396.3956,-180.5751,0.0000,0.0000,576.9707,215.8206
98.391,1,1,heuristic,39.7515,158.3842,2.2726,0.3049,0.9905,1.0363,-1.6220,2.3950,4.0000,-2.2723,2.1008,15.2077,0.1515,3.0000,0.0000,0.0000,0,21.2450,686.9707,123.5565,405.2636,-281.7071,0.0000,0.0000,686.9707,123.5565
98.440,1,1,heuristic,39.7515,158.3842,2.2873,0.3049,0.9905,1.0363,-1.6482,2.3965,4.0000,-2.3015,2.1008,15.1591,0.1239,3.0000,0.0000,0.0000,0,21.2450,783.7526,233.5164,508.6345,-275.1181,0.0000,0.0000,783.7526,233.5164
98.491,1,1,heuristic,39.7427,158.4515,2.3119,0.2100,1.0512,1.0720,-1.7078,2.3965,4.0000,-2.3015,2.1008,15.1591,0.1092,3.0000,0.0000,0.0000,0,21.2450,566.4649,392.3391,479.4020,-87.0629,0.0000,0.0000,566.4649,392.3391
98.541,1,1,heuristic,39.7283,158.5166,2.3287,0.1080,1.1122,1.1174,2.3900,2.3977,4.0000,-2.3279,2.1008,15.1013,0.0859,3.0000,0.0000,0.0000,0,21.2450,456.4649,343.5001,399.9825,-56.4824,0.0000,0.0000,456.4649,343.5001
98.590,1,1,heuristic,39.7069,158.5874,2.3469,0.0043,1.1620,1.1620,-1.8050,2.3977,4.0000,-2.3484,2.1008,15.0418,0.0690,3.0000,0.0000,0.0000,0,21.2450,346.4649,453.5001,399.9825,53.5176,0.0000,0.0000,346.4649,453.5001
98.640,1,1,heuristic,39.6827,158.6550,2.3632,-0.0975,1.2114,1.2153,-1.8153,2.3973,4.0000,-2.3658,2.1008,14.9736,0.0504,3.0000,0.0000,0.0000,0,21.2450,346.4649,453.5001,399.9825,53.5176,0.0000,0.0000,346.4649,453.5001
98.691,1,1,heuristic,39.6537,158.7273,2.3769,-0.1893,1.2472,1.2615,-1.8140,2.3960,4.0000,-2.3791,2.1008,14.9060,0.0328,3.0000,0.0000,0.0000,0,21.2450,236.4649,563.5001,399.9825,163.5176,0.0000,0.0000,236.4649,563.5001
98.740,1,1,heuristic,39.6242,158.7958,2.3863,-0.2745,1.2834,1.3124,-1.8230,2.3949,4.0000,-2.3906,2.1008,14.8318,0.0180,3.0000,0.0000,0.0000,0,21.2450,126.4651,673.5001,399.9826,273.5175,0.0000,0.0000,126.4651,673.5001
98.791,1,1,heuristic,39.5910,158.8691,2.3987,-0.3473,1.3084,1.3537,-1.8160,2.3933,4.0000,-2.3998,2.1008,14.7602,0.0070,3.0000,0.0000,0.0000,0,21.2450,213.4564,783.4984,498.4774,285.0210,0.0000,0.0000,213.4564,783.4984
98.841,1,1,heuristic,39.5910,158.8691,2.4117,-0.3473,1.3084,1.3537,2.3693,2.3921,4.0000,-2.4082,2.1008,14.6827,-0.0066,3.0000,0.0000,0.0000,0,21.2450,109.0643,893.3579,501.2111,392.1468,0.0000,0.0000,109.0643,893.3579
98.890,1,1,heuristic,39.5583,158.9390,2.4208,-0.4140,1.3379,1.4005,-1.7645,2.3921,4.0000,-2.4082,2.1008,14.6827,-0.0195,3.0000,0.0000,0.0000,0,21.2450,128.0945,995.1528,561.6236,433.5292,0.0000,0.0000,128.0945,995.1528
98.940,1,1,heuristic,39.5216,159.0148,2.4367,-0.4725,1.3620,1.4417,-1.7318,2.3905,4.0000,-2.4153,2.1008,14.6081,-0.0302,3.0000,0.0000,0.0000,0,21.2450,-41.8652,998.7521,478.4435,520.3086,0.0000,0.0000,-41.8652,998.7521
98.991,1,1,heuristic,39.4847,159.0883,2.4499,-0.5319,1.3959,1.4938,2.4762,2.3892,4.0000,-2.4220,2.1008,14.5264,-0.0475,3.0000,0.0000,0.0000,0,21.2450,-41.8652,998.7521,478.4435,520.3086,0.0000,0.0000,-41.8652,998.7521
99.041,1,1,heuristic,39.4429,159.1687,2.4677,-0.5860,1.4260,1.5417,-1.6623,2.3872,4.0000,-2.4273,2.1008,14.4463,-0.0627,3.0000,0.0000,0.0000,0,21.2450,-151.8652,979.5960,413.8654,565.7306,0.0000,0.0000,-151.8652,979.5960
99.090,1,1,heuristic,39.4013,159.2464,2.4878,-0.6424,1.4643,1.5990,-1.6022,2.3854,4.0000,-2.4319,2.1008,14.3579,-0.0823,3.0000,0.0000,0.0000,0,21.2450,-235.4657,982.7238,373.6291,609.0948,0.0000,0.0000,-235.4657,982.7238
99.141,1,1,heuristic,39.3546,159.3304,2.5089,-0.6935,1.4947,1.6478,-1.5453,2.3830,4.0000,-2.4352,2.1008,14.2717,-0.1048,3.0000,0.0000,0.0000,0,21.2450,-125.7229,986.4896,430.3833,556.1063,0.0000,0.0000,-125.7229,986.4896
99.191,1,1,heuristic,39.3086,159.4109,2.5303,-0.7466,1.5310,1.7033,2.6570,2.3809,4.0000,-2.4374,2.1008,14.1774,-0.1280,3.0000,0.0000,0.0000,0,21.2450,-194.2252,993.0654,399.4201,593.6453,0.0000,0.0000,-194.2252,993.0654
99.241,1,1,heuristic,39.3086,159.4109,2.5446,-0.7466,1.5310,1.7033,2.6852,2.3784,4.0000,-2.4384,2.1008,14.0863,-0.1519,3.0000,0.0000,0.0000,0,21.2450,-84.3099,996.6552,456.1726,540.4826,0.0000,0.0000,-84.3099,996.6552
99.290,1,1,heuristic,39.2571,159.4976,2.5730,-0.7950,1.5584,1.7495,2.7037,2.3784,4.0000,-2.4384,2.1008,14.0863,-0.1661,3.0000,0.0000,0.0000,0,21.2450,113.4901,806.6681,460.0791,346.5890,0.0000,0.0000,113.4901,806.6681
99.341,1,1,heuristic,39.2062,159.5806,2.5941,-0.8481,1.5924,1.8042,-1.4735,2.3763,4.0000,-2.4378,2.1008,13.9869,-0.1968,3.0000,0.0000,0.0000,0,21.2450,223.4901,754.1845,488.8373,265.3472,0.0000,0.0000,223.4901,754.1845
99.391,1,1,heuristic,39.1490,159.6695,2.6249,-0.8987,1.6158,1.8489,-1.4858,2.3736,4.0000,-2.4359,2.1008,13.8907,-0.2205,3.0000,0.0000,0.0000,0,21.2450,223.4901,754.1845,488.8373,265.3472,0.0000,0.0000,223.4901,754.1845
99.440,1,1,heuristic,39.0919,159.7535,2.6553,-0.9566,1.6428,1.9011,2.6818,2.3711,4.0000,-2.4314,2.1008,13.7859,-0.2537,3.0000,0.0000,0.0000,0,21.2450,332.8317,864.1845,598.5081,265.6764,0.0000,0.0000,332.8317,864.1845
99.490,1,1,heuristic,39.0281,159.8426,2.6853,-1.0107,1.6569,1.9408,2.6888,2.3681,4.0000,-2.4247,2.1008,13.6850,-0.2872,3.0000,0.0000,0.0000,0,21.2450,243.1812,807.5606,525.3709,282.1897,0.0000,0.0000,243.1812,807.5606
99.540,1,1,heuristic,38.9649,159.9262,2.7093,-1.0722,1.6741,1.9880,-1.5325,2.3654,4.0000,-2.4147,2.1008,13.5758,-0.3199,3.0000,0.0000,0.0000,0,21.2450,244.6765,587.5606,416.1186,171.4421,0.0000,0.0000,244.6765,587.5606
99.590,1,1,heuristic,38.8942,160.0143,2.7378,-1.1297,1.6780,2.0229,-1.5290,2.3621,4.0000,-2.4024,2.1008,13.4711,-0.3472,3.0000,0.0000,0.0000,0,21.2450,354.6765,505.5794,430.1279,75.4514,0.0000,0.0000,354.6765,505.5794
99.641,1,1,heuristic,38.8253,160.0958,2.7677,-1.1907,1.6819,2.0607,-1.5450,2.3590,4.0000,-2.3859,2.1008,13.3582,-0.3789,3.0000,0.0000,0.0000,0,21.2450,354.6765,505.5794,430.1279,75.4514,0.0000,0.0000,354.6765,505.5794
99.691,1,1,heuristic,38.7504,160.1796,2.8014,-1.2407,1.6677,2.0786,-1.6002,2.3556,4.0000,-2.3677,2.1008,13.2516,-0.4122,3.0000,0.0000,0.0000,0,21.2450,134.6766,725.5794,430.1280,295.4514,0.0000,0.0000,134.6766,725.5794
99.741,1,1,heuristic,38.6780,160.2558,2.8270,-1.2939,1.6518,2.0983,-1.5930,2.3525,4.0000,-2.3453,2.1008,13.1392,-0.4489,3.0000,0.0000,0.0000,0,21.2450,98.8971,835.5794,467.2382,368.3412,0.0000,0.0000,98.8971,835.5794
99.791,1,1,heuristic,38.5996,160.3342,2.8499,-1.3368,1.6229,2.1025,2.6180,2.3493,4.0000,-2.3215,2.1008,13.0343,-0.4777,3.0000,0.0000,0.0000,0,21.2450,98.8971,835.5794,467.2382,368.3412,0.0000,0.0000,98.8971,835.5794
99.841,1,1,heuristic,38.5241,160.4066,2.8642,-1.3842,1.6000,2.1156,2.6202,2.3463,4.0000,-2.2934,2.1008,12.9237,-0.5036,3.0000,0.0000,0.0000,0,21.2450,208.8971,912.6931,560.7951,351.8980,0.0000,0.0000,208.8971,912.6931
99.890,1,1,heuristic,38.5241,160.4066,2.8850,-1.3842,1.6000,2.1156,-1.5760,2.3428,4.0000,-2.2649,2.1008,12.8196,-0.5214,3.0000,0.0000,0.0000,0,21.2450,318.8971,802.6931,560.7951,241.8980,0.0000,0.0000,318.8971,802.6931
99.941,1,1,heuristic,38.4416,160.4823,2.9102,-1.4245,1.5713,2.1209,-1.5557,2.3428,4.0000,-2.2649,2.1008,12.8196,-0.5422,3.0000,0.0000,0.0000,0,21.2450,428.5479,692.6931,560.6205,132.0726,0.0000,0.0000,428.5479,692.6931
99.990,1,1,heuristic,38.3610,160.5530,2.9270,-1.4754,1.5515,2.1410,-1.5840,2.3393,4.0000,-2.2320,2.1008,12.7084,-0.5709,3.0000,0.0000,0.0000,0,21.2450,350.8590,472.6931,411.7760,60.9171,0.0000,0.0000,350.8590,472.6931
100.041,1,1,heuristic,38.2720,160.6267,2.9478,-1.5226,1.5246,2.1547,2.6030,2.3350,4.0000,-2.1982,2.1008,12.6024,-0.5920,3.0000,0.0000,0.0000,0,21.2450,350.8590,472.6931,411.7760,60.9171,0.0000,0.0000,350.8590,472.6931
100.091,1,1,heuristic,38.1858,160.6944,2.9684,-1.5773,1.5019,2.1780,-1.6288,2.3305,4.0000,-2.1587,2.1008,12.4886,-0.6173,3.0000,0.0000,0.0000,0,21.2450,509.5977,692.6931,601.1454,91.5477,0.0000,0.0000,509.5977,692.6931
100.141,1,1,heuristic,38.0921,160.7639,2.9921,-1.6221,1.4690,2.1884,-1.6727,2.3255,4.0000,-2.1185,2.1008,12.3812,-0.6428,3.0000,0.0000,0.0000,0,21.2450,619.5977,801.9956,710.7966,91.1989,0.0000,0.0000,619.5977,801.9956
100.190,1,1,heuristic,38.0002,160.8274,3.0168,-1.6809,1.4396,2.2131,-1.6800,2.3205,4.0000,-2.0728,2.1008,12.2676,-0.6716,3.0000,0.0000,0.0000,0,21.2450,727.9801,705.1573,716.5687,-11.4114,0.0000,0.0000,727.9801,705.1573
100.241,1,1,heuristic,38.0002,160.8274,3.0260,-1.6809,1.4396,2.2131,2.5355,2.3148,4.0000,-2.0256,2.1008,12.1599,-0.7020,3.0000,0.0000,0.0000,0,21.2450,727.9801,705.1573,716.5687,-11.4114,0.0000,0.0000,727.9801,705.1573
100.291,1,1,heuristic,37.8974,160.8920,3.0494,-1.7401,1.4002,2.2335,2.4965,2.3148,4.0000,-2.0256,2.1008,12.1599,-0.7112,3.0000,0.0000,0.0000,0,21.2450,877.2701,485.1573,681.2137,-196.0564,0.0000,0.0000,877.2701,485.1573
100.341,1,1,heuristic,37.7958,160.9501,3.0609,-1.8153,1.3622,2.2695,2.4823,2.3084,4.0000,-1.9695,2.1008,12.0444,-0.7410,3.0000,0.0000,0.0000,0,21.2450,877.2701,485.1573,681.2137,-196.0564,0.0000,0.0000,877.2701,485.1573
100.390,1,1,heuristic,37.6835,161.0080,3.0820,-1.8840,1.3126,2.2962,2.4417,2.3013,4.0000,-1.9113,2.1008,11.9348,-0.7596,3.0000,0.0000,0.0000,0,21.2450,767.2701,375.1573,571.2137,-196.0564,0.0000,0.0000,767.2701,375.1573
100.440,1,1,heuristic,37.5743,161.0591,3.0989,-1.9624,1.2627,2.3335,2.3955,2.2936,4.0000,-1.8437,2.1008,11.8188,-0.7884,3.0000,0.0000,0.0000,0,21.2450,767.1463,155.1573,461.1518,-305.9945,0.0000,0.0000,767.1463,155.1573
100.491,1,1,heuristic,37.5743,161.0591,3.1097,-1.9624,1.2627,2.3335,2.3607,2.2855,4.0000,-1.7752,2.1008,11.7102,-0.8134,3.0000,0.0000,0.0000,0,21.2450,710.5365,45.1573,377.8469,-332.6896,0.0000,0.0000,710.5365,45.1573
100.540,1,1,heuristic,37.4566,161.1092,3.1230,-2.0227,1.2031,2.3535,2.3182,2.2855,4.0000,-1.7752,2.1008,11.7102,-0.8242,3.0000,0.0000,0.0000,0,21.2450,613.8218,-42.5188,285.6515,-328.1703,0.0000,0.0000,613.8218,-42.5188
100.590,1,1,heuristic,37.3455,161.1529,3.1314,-2.0808,1.1444,2.3748,2.2853,2.2772,4.0000,-1.6990,2.1008,11.5971,-0.8458,3.0000,0.0000,0.0000,0,21.2450,549.4836,46.9911,298.2374,-251.2463,0.0000,0.0000,549.4836,46.9911
100.641,1,1,heuristic,37.2292,161.1955,3.1407,-2.1122,1.0796,2.3721,2.2428,2.2691,4.0000,-1.6253,2.1008,11.4937,-0.8623,3.0000,0.0000,0.0000,0,21.2450,439.4887,154.4902,296.9894,-142.4992,0.0000,0.0000,439.4887,154.4902
100.691,1,1,heuristic,37.1214,161.2324,-3.1362,-2.1386,1.0173,2.3682,-2.0230,2.2612,4.0000,-1.5464,2.1008,11.3881,-0.8795,3.0000,0.0000,0.0000,0,21.2450,489.2625,233.2012,361.2319,-128.0306,0.0000,0.0000,489.2625,233.2012
100.741,1,1,heuristic,37.1214,161.2324,-3.1309,-2.1386,1.0173,2.3682,2.1728,2.2537,4.0000,-1.4721,2.1008,11.2927,-0.8933,3.0000,0.0000,0.0000,0,21.2450,599.2625,123.2012,361.2319,-238.0306,0.0000,0.0000,599.2625,123.2012
100.790,1,1,heuristic,36.9055,161.3000,-3.1251,-2.1463,0.8934,2.3248,2.1690,2.2537,4.0000,-1.4721,2.1008,11.2927,-0.8986,3.0000,0.0000,0.0000,0,21.2450,599.2625,123.2012,361.2319,-238.0306,0.0000,0.0000,599.2625,123.2012
100.840,1,1,heuristic,36.9055,161.3000,-3.1235,-2.1463,0.8934,2.3248,2.1427,2.2390,4.0000,-1.3200,2.1008,11.1075,-0.9190,3.0000,0.0000,0.0000,0,21.2450,596.5723,13.2012,304.8868,-291.6855,0.0000,0.0000,596.5723,13.2012
100.890,1,1,heuristic,36.7974,161.3305,-3.1209,-2.1329,0.8321,2.2895,-2.1303,2.2390,4.0000,-1.3200,2.1008,11.1075,-0.9207,3.0000,0.0000,0.0000,0,21.2450,561.5323,-96.7988,232.3668,-329.1655,0.0000,0.0000,561.5323,-96.7988
100.941,1,1,heuristic,36.6978,161.3566,-3.1200,-2.1213,0.7742,2.2581,2.0978,2.2317,4.0000,-1.2421,2.1008,11.0181,-0.9306,3.0000,0.0000,0.0000,0,21.2450,440.6450,-316.7988,61.9231,-378.7219,0.0000,0.0000,440.6450,-316.7988
100.991,1,1,heuristic,36.5958,161.3812,-3.1202,-2.0894,0.7142,2.2080,-2.2190,2.2247,4.0000,-1.1694,2.1008,10.9377,-0.9385,3.0000,0.0000,0.0000,0,21.2450,550.6450,-426.7988,61.9231,-488.7219,0.0000,0.0000,550.6450,-426.7988
101.041,1,1,heuristic,36.5045,161.4015,-3.1221,-2.0521,0.6557,2.1543,-2.2767,2.2177,4.0000,-1.0938,2.1008,10.8574,-0.9453,3.0000,0.0000,0.0000,0,21.2450,550.6450,-426.7988,61.9231,-488.7219,0.0000,0.0000,550.6450,-426.7988
101.091,1,1,heuristic,36.5045,161.4015,-3.1246,-2.0521,0.6557,2.1543,-2.2982,2.2114,4.0000,-1.0253,2.1008,10.7874,-0.9497,3.0000,0.0000,0.0000,0,21.2450,660.6450,-536.7988,61.9231,-598.7219,0.0000,0.0000,660.6450,-536.7988
101.140,1,1,heuristic,36.4128,161.4195,-3.1304,-1.9943,0.5937,2.0808,-2.3565,2.2114,4.0000,-1.0253,2.1008,10.7874,-0.9472,3.0000,0.0000,0.0000,0,21.2450,770.6450,-646.7988,61.9231,-708.7219,0.0000,0.0000,770.6450,-646.7988
101.191,1,1,heuristic,36.3306,161.4331,-3.1355,-1.9376,0.5320,2.0093,-2.3963,2.2051,4.0000,-0.9552,2.1008,10.7193,-0.9476,3.0000,0.0000,0.0000,0,21.2450,880.6448,-713.2242,83.7103,-796.9345,0.0000,0.0000,880.6448,-713.2242
101.241,1,1,heuristic,36.2477,161.4438,3.1369,-1.8691,0.4667,1.9265,-2.4990,2.1993,4.0000,-0.8913,2.1008,10.6607,-0.9483,3.0000,0.0000,0.0000,0,21.2450,925.6200,-698.6215,113.4993,-812.1207,0.0000,0.0000,925.6200,-698.6215
101.290,1,1,heuristic,36.1727,161.4502,3.1255,-1.8080,0.3998,1.8517,1.7063,2.1933,4.0000,-0.8251,2.1008,10.6044,-0.9436,3.0000,0.0000,0.0000,0,21.2450,966.8598,-650.5967,158.1315,-808.7283,0.0000,0.0000,966.8598,-650.5967
101.340,1,1,heuristic,36.1727,161.4502,3.1118,-1.8080,0.3998,1.8517,-2.6132,2.1876,4.0000,-0.7636,2.1008,10.5564,-0.9380,3.0000,0.0000,0.0000,0,21.2450,856.8598,-540.5968,158.1315,-698.7283,0.0000,0.0000,856.8598,-540.5968
101.390,1,1,heuristic,36.0242,161.4522,3.0866,-1.6918,0.2614,1.7118,1.5688,2.1876,4.0000,-0.7636,2.1008,10.5564,-0.9243,3.0000,0.0000,0.0000,0,21.2450,739.7694,-431.0911,154.3391,-585.4303,0.0000,0.0000,739.7694,-431.0911
101.441,1,1,heuristic,36.0242,161.4522,3.0730,-1.6918,0.2614,1.7118,1.5633,2.1749,4.0000,-0.6365,2.1008,10.4713,-0.9116,3.0000,0.0000,0.0000,0,21.2450,629.7694,-321.0911,154.3391,-475.4303,0.0000,0.0000,629.7694,-321.0911
101.490,1,1,heuristic,35.9495,161.4484,3.0459,-1.6406,0.1945,1.6521,1.5577,2.1749,4.0000,-0.6365,2.1008,10.4713,-0.8981,3.0000,0.0000,0.0000,0,21.2450,629.7694,-321.0911,154.3391,-475.4303,0.0000,0.0000,629.7694,-321.0911
101.541,1,1,heuristic,35.8798,161.4426,3.0234,-1.6030,0.1315,1.6084,-2.7408,2.1679,4.0000,-0.5702,2.1008,10.4331,-0.8780,3.0000,0.0000,0.0000,0,21.2450,519.7694,-238.9847,140.3923,-379.3771,0.0000,0.0000,519.7694,-238.9847
101.591,1,1,heuristic,35.8062,161.4345,2.9945,-1.5654,0.0737,1.5671,1.5272,2.1610,4.0000,-0.5071,2.1008,10.3996,-0.8624,3.0000,0.0000,0.0000,0,21.2450,409.7694,-144.9535,132.4079,-277.3615,0.0000,0.0000,409.7694,-144.9535
101.641,1,1,heuristic,35.7371,161.4252,2.9766,-1.5401,0.0206,1.5402,-2.7465,2.1534,4.0000,-0.4394,2.1008,10.3664,-0.8411,3.0000,0.0000,0.0000,0,21.2450,299.7694,-254.9535,22.4079,-277.3615,0.0000,0.0000,299.7694,-254.9535
101.691,1,1,heuristic,35.6644,161.4142,2.9469,-1.5118,-0.0258,1.5121,1.5765,2.1459,4.0000,-0.3752,2.1008,10.3370,-0.8307,3.0000,0.0000,0.0000,0,21.2450,79.7694,-341.3762,-130.8034,-210.5728,0.0000,0.0000,79.7694,-341.3762
101.741,1,1,heuristic,35.5975,161.4028,2.9174,-1.4880,-0.0684,1.4896,1.5790,2.1379,4.0000,-0.3069,2.1008,10.3074,-0.8091,3.0000,0.0000,0.0000,0,21.2450,79.7694,-341.3762,-130.8034,-210.5728,0.0000,0.0000,79.7694,-341.3762
101.791,1,1,heuristic,35.5975,161.4028,2.8944,-1.4880,-0.0684,1.4896,-2.6850,2.1303,4.0000,-0.2434,2.1008,10.2818,-0.7871,3.0000,0.0000,0.0000,0,21.2450,-30.2306,-231.3762,-130.8034,-100.5728,0.0000,0.0000,-30.2306,-231.3762
101.841,1,1,heuristic,35.5301,161.3894,2.8650,-1.4498,-0.1064,1.4537,-2.6785,2.1303,4.0000,-0.2434,2.1008,10.2818,-0.7641,3.0000,0.0000,0.0000,0,21.2450,79.7694,-121.3762,-20.8034,-100.5728,0.0000,0.0000,79.7694,-121.3762
101.891,1,1,heuristic,35.4701,161.3758,2.8454,-1.4097,-0.1416,1.4168,1.6462,2.1226,4.0000,-0.1784,2.1008,10.2580,-0.7424,3.0000,0.0000,0.0000,0,21.2450,124.1999,-12.0116,56.0942,-68.1058,0.0000,0.0000,124.1999,-12.0116
101.941,1,1,heuristic,35.4102,161.3606,2.8184,-1.3584,-0.1716,1.3692,1.6898,2.1155,4.0000,-0.1198,2.1008,10.2385,-0.7299,3.0000,0.0000,0.0000,0,21.2450,234.1999,97.9874,166.0937,-68.1062,0.0000,0.0000,234.1999,97.9874
101.991,1,1,heuristic,35.3561,161.3459,2.7985,-1.3122,-0.1989,1.3272,-2.6100,2.1083,4.0000,-0.0604,2.1008,10.2208,-0.7101,3.0000,0.0000,0.0000,0,21.2450,308.4505,-11.9159,148.2673,-160.1832,0.0000,0.0000,308.4505,-11.9159
102.041,1,1,heuristic,35.3001,161.3300,2.7751,-1.2650,-0.2200,1.2840,1.7415,2.1016,4.0000,-0.0063,2.1008,10.2060,-0.6969,3.0000,0.0000,0.0000,0,21.2450,372.7123,-121.9157,125.3983,-247.3140,0.0000,0.0000,372.7123,-121.9157
102.090,1,1,heuristic,35.2481,161.3153,2.7570,-1.2285,-0.2374,1.2512,-2.5760,2.0945,4.0000,0.0500,2.1008,10.1915,-0.6806,3.0000,0.0000,0.0000,0,21.2450,329.1553,-206.1986,61.4784,-267.6770,0.0000,0.0000,329.1553,-206.1986
102.141,1,1,heuristic,35.1938,161.2993,2.7355,-1.1918,-0.2516,1.2181,-2.6020,2.0878,4.0000,0.1023,2.1008,10.1783,-0.6692,3.0000,0.0000,0.0000,0,21.2450,245.8019,-269.8546,-12.0263,-257.8282,0.0000,0.0000,245.8019,-269.8546
102.191,1,1,heuristic,35.1434,161.2833,2.7182,-1.1633,-0.2679,1.1938,1.7452,2.0807,4.0000,0.1573,2.1008,10.1654,-0.6548,3.0000,0.0000,0.0000,0,21.2450,135.8084,-350.8223,-107.5070,-243.3154,0.0000,0.0000,135.8084,-350.8223
102.241,1,1,heuristic,35.1434,161.2833,2.7013,-1.1633,-0.2679,1.1938,-2.5893,2.0740,4.0000,0.2089,2.1008,10.1547,-0.6442,3.0000,0.0000,0.0000,0,21.2450,245.8084,-289.5669,-21.8793,-267.6876,0.0000,0.0000,245.8084,-289.5669
102.290,1,1,heuristic,35.0914,161.2650,2.6788,-1.1306,-0.2847,1.1659,-2.5835,2.0740,4.0000,0.2089,2.1008,10.1547,-0.6273,3.0000,0.0000,0.0000,0,21.2450,251.3537,-399.5669,-74.1066,-325.4603,0.0000,0.0000,251.3537,-399.5669
102.341,1,1,heuristic,35.0441,161.2463,2.6586,-1.1015,-0.3056,1.1431,-2.6105,2.0669,4.0000,0.2630,2.1008,10.1454,-0.6120,3.0000,0.0000,0.0000,0,21.2450,361.3537,-442.7765,-40.7114,-402.0651,0.0000,0.0000,361.3537,-442.7765
102.391,1,1,heuristic,34.9952,161.2252,2.6371,-1.0694,-0.3254,1.1178,1.7143,2.0602,4.0000,0.3132,2.1008,10.1391,-0.5984,3.0000,0.0000,0.0000,0,21.2450,435.3798,-453.5814,-9.1008,-444.4806,0.0000,0.0000,435.3798,-453.5814
102.440,1,1,heuristic,34.9500,161.2043,2.6193,-1.0437,-0.3476,1.1001,-2.6460,2.0531,4.0000,0.3660,2.1008,10.1343,-0.5840,3.0000,0.0000,0.0000,0,21.2450,411.5687,-493.2085,-40.8199,-452.3886,0.0000,0.0000,411.5687,-493.2085
102.491,1,1,heuristic,34.9027,161.1811,2.5966,-1.0171,-0.3674,1.0815,-2.6578,2.0465,4.0000,0.4156,2.1008,10.1314,-0.5728,3.0000,0.0000,0.0000,0,21.2450,411.5687,-493.2085,-40.8199,-452.3886,0.0000,0.0000,411.5687,-493.2085
102.540,1,1,heuristic,34.8585,161.1584,2.5715,-0.9978,-0.3882,1.0707,-2.6803,2.0394,4.0000,0.4682,2.1008,10.1298,-0.5572,3.0000,0.0000,0.0000,0,21.2450,234.7590,-273.2085,-19.2247,-253.9838,0.0000,0.0000,234.7590,-273.2085
102.591,1,1,heuristic,34.8124,161.1336,2.5477,-0.9756,-0.4061,1.0568,-2.6903,2.0328,4.0000,0.5178,2.1008,10.1294,-0.5387,3.0000,0.0000,0.0000,0,21.2450,124.7590,-163.2085,-19.2247,-143.9838,0.0000,0.0000,124.7590,-163.2085
102.641,1,1,heuristic,34.7698,161.1098,2.5275,-0.9577,-0.4241,1.0474,1.6507,2.0258,4.0000,0.5701,2.1008,10.1304,-0.5219,3.0000,0.0000,0.0000,0,21.2450,63.9680,-53.2085,5.3798,-58.5882,0.0000,0.0000,63.9680,-53.2085
102.691,1,1,heuristic,34.7260,161.0846,2.5021,-0.9347,-0.4363,1.0315,-2.6395,2.0192,4.0000,0.6189,2.1008,10.1323,-0.5083,3.0000,0.0000,0.0000,0,21.2450,63.9680,-53.2085,5.3798,-58.5882,0.0000,0.0000,63.9680,-53.2085
102.741,1,1,heuristic,34.6860,161.0610,2.4826,-0.9145,-0.4471,1.0179,1.7155,2.0123,4.0000,0.6694,2.1008,10.1351,-0.4898,3.0000,0.0000,0.0000,0,21.2450,173.9680,56.7915,115.3798,-58.5882,0.0000,0.0000,173.9680,56.7915
102.791,1,1,heuristic,34.6860,161.0610,2.4826,-0.9145,-0.4471,1.0179,1.7155,2.0060,4.0000,0.7158,2.1008,10.1383,-0.4766,3.0000,0.0000,0.0000,0,21.2450,283.9680,166.7915,225.3798,-58.5882,0.0000,0.0000,283.9680,166.7915
102.841,1,1,heuristic,34.6062,161.0138,2.4409,-0.8728,-0.4561,0.9848,-2.5795,1.9993,4.0000,0.7638,2.1008,10.1423,-0.4596,3.0000,0.0000,0.0000,0,21.2450,377.3330,276.7915,327.0622,-50.2707,0.0000,0.0000,377.3330,276.7915
102.891,1,1,heuristic,34.5644,160.9919,2.4154,-0.8590,-0.4490,0.9693,1.7945,1.9931,4.0000,0.8085,2.1008,10.1457,-0.4479,3.0000,0.0000,0.0000,0,21.2450,487.3330,386.7915,437.0622,-50.2707,0.0000,0.0000,487.3330,386.7915
102.940,1,1,heuristic,34.5232,160.9744,2.3991,-0.8592,-0.4322,0.9618,-2.5448,1.9865,4.0000,0.8557,2.1008,10.1473,-0.4289,3.0000,0.0000,0.0000,0,21.2450,377.3330,496.7915,437.0622,59.7293,0.0000,0.0000,377.3330,496.7915
102.991,1,1,heuristic,34.5232,160.9744,2.3839,-0.8592,-0.4322,0.9618,1.8353,1.9804,4.0000,0.9002,2.1008,10.1455,-0.4187,3.0000,0.0000,0.0000,0,21.2450,487.3330,521.1094,504.2212,16.8882,0.0000,0.0000,487.3330,521.1094
103.041,1,1,heuristic,34.4763,160.9605,2.3657,-0.8678,-0.3992,0.9552,-2.4868,1.9804,4.0000,0.9002,2.1008,10.1455,-0.4035,3.0000,0.0000,0.0000,0,21.2450,377.3336,449.9337,413.6337,36.3000,0.0000,0.0000,377.3336,449.9337
103.090,1,1,heuristic,34.4289,160.9525,2.3492,-0.8917,-0.3526,0.9589,-2.4735,1.9740,4.0000,0.9476,2.1008,10.1381,-0.3918,3.0000,0.0000,0.0000,0,21.2450,300.4954,524.6414,412.5684,112.0730,0.0000,0.0000,300.4954,524.6414
103.140,1,1,heuristic,34.3746,160.9502,2.3367,-0.9220,-0.2911,0.9668,1.9287,1.9681,4.0000,0.9926,2.1008,10.1254,-0.3811,3.0000,0.0000,0.0000,0,21.2450,190.4954,634.6414,412.5684,222.0730,0.0000,0.0000,190.4954,634.6414
103.191,1,1,heuristic,34.3203,160.9534,2.3238,-0.9640,-0.2196,0.9887,1.9723,1.9620,4.0000,1.0405,2.1008,10.1050,-0.3747,3.0000,0.0000,0.0000,0,21.2450,80.4954,744.6414,412.5684,332.0730,0.0000,0.0000,80.4954,744.6414
103.241,1,1,heuristic,34.2594,160.9629,2.3150,-1.0054,-0.1391,1.0150,1.9908,1.9567,4.0000,1.0858,2.1008,10.0797,-0.3671,3.0000,0.0000,0.0000,0,21.2450,35.8034,854.6184,445.2109,409.4075,0.0000,0.0000,35.8034,854.6184
103.291,1,1,heuristic,34.1995,160.9777,2.3052,-1.0539,-0.0495,1.0551,2.0645,1.9512,4.0000,1.1336,2.1008,10.0462,-0.3638,3.0000,0.0000,0.0000,0,21.2450,145.8034,909.2965,527.5500,381.7465,0.0000,0.0000,145.8034,909.2965
103.340,1,1,heuristic,34.1995,160.9777,2.2988,-1.0539,-0.0495,1.0551,2.1180,1.9467,4.0000,1.1778,2.1008,10.0085,-0.3586,3.0000,0.0000,0.0000,0,21.2450,172.9246,806.7258,489.8252,316.9006,0.0000,0.0000,172.9246,806.7258
103.391,1,1,heuristic,34.1334,161.0001,2.2935,-1.0973,0.0466,1.0982,-2.2270,1.9467,4.0000,1.1778,2.1008,10.0085,-0.3521,3.0000,0.0000,0.0000,0,21.2450,62.9246,696.7258,379.8252,316.9006,0.0000,0.0000,62.9246,696.7258
103.440,1,1,heuristic,34.0687,161.0274,2.2880,-1.1475,0.1510,1.1574,-2.1525,1.9421,4.0000,1.2234,2.1008,9.9617,-0.3514,3.0000,0.0000,0.0000,0,21.2450,-47.0754,586.7258,269.8252,316.9006,0.0000,0.0000,-47.0754,586.7258
103.491,1,1,heuristic,33.9980,161.0622,2.2886,-1.1898,0.2544,1.2168,2.2437,1.9386,4.0000,1.2655,2.1008,9.9111,-0.3494,3.0000,0.0000,0.0000,0,21.2450,-157.0754,476.7258,159.8252,316.9006,0.0000,0.0000,-157.0754,476.7258
103.541,1,1,heuristic,33.9312,161.0986,2.2877,-1.2304,0.3553,1.2807,2.2923,1.9350,4.0000,1.3089,2.1008,9.8516,-0.3536,3.0000,0.0000,0.0000,0,21.2450,-60.7452,366.7258,152.9903,213.7355,0.0000,0.0000,-60.7452,366.7258
103.590,1,1,heuristic,33.8613,161.1393,2.2893,-1.2531,0.4409,1.3284,-2.0645,1.9322,4.0000,1.3482,2.1008,9.7923,-0.3555,3.0000,0.0000,0.0000,0,21.2450,159.2548,146.7258,152.9903,-6.2645,0.0000,0.0000,159.2548,146.7258
103.641,1,1,heuristic,33.7968,161.1783,2.2925,-1.2711,0.5151,1.3715,2.3173,1.9288,4.0000,1.3879,2.1008,9.7281,-0.3605,3.0000,0.0000,0.0000,0,21.2450,170.5332,36.7258,103.6295,-66.9037,0.0000,0.0000,170.5332,36.7258
103.690,1,1,heuristic,33.7968,161.1783,2.2962,-1.2711,0.5151,1.3715,-2.0753,1.9259,4.0000,1.4238,2.1008,9.6678,-0.3666,3.0000,0.0000,0.0000,0,21.2450,60.5332,-73.2742,-6.3705,-66.9037,0.0000,0.0000,60.5332,-73.2742
103.741,1,1,heuristic,33.7298,161.2188,2.3015,-1.2746,0.5681,1.3955,2.2935,1.9259,4.0000,1.4238,2.1008,9.6678,-0.3703,3.0000,0.0000,0.0000,0,21.2450,170.5332,-183.2742,-6.3705,-176.9037,0.0000,0.0000,170.5332,-183.2742
103.790,1,1,heuristic,33.6686,161.2552,2.3045,-1.2745,0.6061,1.4113,2.2955,1.9222,4.0000,1.4611,2.1008,9.6053,-0.3793,3.0000,0.0000,0.0000,0,21.2450,280.5332,-293.2742,-6.3705,-286.9037,0.0000,0.0000,280.5332,-293.2742
103.841,1,1,heuristic,33.6065,161.2906,2.3082,-1.2584,0.6210,1.4033,2.2483,1.9186,4.0000,1.4955,2.1008,9.5490,-0.3860,3.0000,0.0000,0.0000,0,21.2450,280.5332,-293.2742,-6.3705,-286.9037,0.0000,0.0000,280.5332,-293.2742
103.890,1,1,heuristic,33.5503,161.3204,2.3109,-1.2410,0.6209,1.3876,-2.1660,1.9141,4.0000,1.5312,2.1008,9.4935,-0.3941,3.0000,0.0000,0.0000,0,21.2450,390.5332,-403.2742,-6.3705,-396.9037,0.0000,0.0000,390.5332,-403.2742
103.941,1,1,heuristic,33.5503,161.3204,2.3113,-1.2410,0.6209,1.3876,-2.2098,1.9095,4.0000,1.5646,2.1008,9.4456,-0.4013,3.0000,0.0000,0.0000,0,21.2450,361.1861,-513.2742,-76.0440,-437.2302,0.0000,0.0000,361.1861,-513.2742
103.991,1,1,heuristic,33.4930,161.3479,2.3130,-1.2132,0.6025,1.3546,-2.2818,1.9095,4.0000,1.5646,2.1008,9.4456,-0.4017,3.0000,0.0000,0.0000,0,21.2450,374.7886,-623.2742,-124.2428,-499.0314,0.0000,0.0000,374.7886,-623.2742
104.041,1,1,heuristic,33.4410,161.3699,2.3112,-1.1872,0.5735,1.3185,-2.2997,1.9041,4.0000,1.6001,2.1008,9.3996,-0.4089,3.0000,0.0000,0.0000,0,21.2450,323.0260,-669.2387,-173.1063,-496.1324,0.0000,0.0000,323.0260,-669.2387
104.091,1,1,heuristic,33.3883,161.3883,2.3088,-1.1526,0.5297,1.2685,-2.3665,1.8988,4.0000,1.6339,2.1008,9.3609,-0.4124,3.0000,0.0000,0.0000,0,21.2450,433.0260,-559.2387,-63.1063,-496.1324,0.0000,0.0000,433.0260,-559.2387
104.140,1,1,heuristic,33.3409,161.4012,2.3041,-1.1196,0.4773,1.2170,1.9775,1.8925,4.0000,1.6701,2.1008,9.3254,-0.4163,3.0000,0.0000,0.0000,0,21.2450,422.7533,-449.2387,-13.2427,-435.9960,0.0000,0.0000,422.7533,-449.2387
104.191,1,1,heuristic,33.3409,161.4012,2.3002,-1.1196,0.4773,1.2170,1.9295,1.8863,4.0000,1.7045,2.1008,9.2972,-0.4177,3.0000,0.0000,0.0000,0,21.2450,202.7533,-287.7249,-42.4858,-245.2391,0.0000,0.0000,202.7533,-287.7249
104.240,1,1,heuristic,33.2922,161.4111,2.2888,-1.0828,0.4201,1.1614,1.9180,1.8863,4.0000,1.7045,2.1008,9.2972,-0.4138,3.0000,0.0000,0.0000,0,21.2450,202.7533,-287.7249,-42.4858,-245.2391,0.0000,0.0000,202.7533,-287.7249
104.291,1,1,heuristic,33.2474,161.4183,2.2788,-1.0532,0.3660,1.1150,-2.5095,1.8795,4.0000,1.7415,2.1008,9.2714,-0.4093,3.0000,0.0000,0.0000,0,21.2450,135.1668,-177.7249,-21.2790,-156.4459,0.0000,0.0000,135.1668,-177.7249
104.340,1,1,heuristic,33.2009,161.4242,2.2652,-1.0211,0.3154,1.0687,1.8935,1.8732,4.0000,1.7765,2.1008,9.2497,-0.4056,3.0000,0.0000,0.0000,0,21.2450,245.1668,-67.7249,88.7210,-156.4459,0.0000,0.0000,245.1668,-67.7249
104.392,1,1,heuristic,33.1581,161.4287,2.2564,-0.9955,0.2713,1.0318,-2.5105,1.8666,4.0000,1.8136,2.1008,9.2289,-0.3986,3.0000,0.0000,0.0000,0,21.2450,465.1668,-251.0553,107.0558,-358.1111,0.0000,0.0000,465.1668,-251.0553
104.441,1,1,heuristic,33.1581,161.4287,2.2446,-0.9955,0.2713,1.0318,1.8878,1.8606,4.0000,1.8483,2.1008,9.2107,-0.3958,3.0000,0.0000,0.0000,0,21.2450,546.8091,-141.0553,202.8769,-343.9322,0.0000,0.0000,546.8091,-141.0553
104.491,1,1,heuristic,33.0686,161.4388,2.2255,-0.9604,0.2103,0.9831,1.8510,1.8606,4.0000,1.8483,2.1008,9.2107,-0.3839,3.0000,0.0000,0.0000,0,21.2450,436.8091,-144.5291,146.1400,-290.6691,0.0000,0.0000,436.8091,-144.5291
104.541,1,1,heuristic,33.0686,161.4388,2.2155,-0.9604,0.2103,0.9831,1.8430,1.8493,4.0000,1.9204,2.1008,9.1728,-0.3762,3.0000,0.0000,0.0000,0,21.2450,436.8091,-144.5291,146.1400,-290.6691,0.0000,0.0000,436.8091,-144.5291
104.590,1,1,heuristic,33.0203,161.4457,2.2015,-0.9540,0.1948,0.9737,-2.5795,1.8493,4.0000,1.9204,2.1008,9.1728,-0.3662,3.0000,0.0000,0.0000,0,21.2450,326.8091,-34.5291,146.1400,-180.6691,0.0000,0.0000,326.8091,-34.5291
104.640,1,1,heuristic,32.9735,161.4536,2.1872,-0.9581,0.1888,0.9765,1.8163,1.8440,4.0000,1.9586,2.1008,9.1511,-0.3574,3.0000,0.0000,0.0000,0,21.2450,216.8091,61.3044,139.0568,-77.7524,0.0000,0.0000,216.8091,61.3044
104.690,1,1,heuristic,32.9228,161.4637,2.1686,-0.9616,0.1897,0.9801,1.8468,1.8396,4.0000,1.9949,2.1008,9.1293,-0.3476,3.0000,0.0000,0.0000,0,21.2450,106.8092,-48.6956,29.0568,-77.7524,0.0000,0.0000,106.8092,-48.6956
104.740,1,1,heuristic,32.8746,161.4748,2.1539,-0.9702,0.1982,0.9903,-2.5635,1.8350,4.0000,2.0336,2.1008,9.1043,-0.3336,3.0000,0.0000,0.0000,0,21.2450,216.8092,61.3044,139.0568,-77.7524,0.0000,0.0000,216.8092,61.3044
104.791,1,1,heuristic,32.8746,161.4748,2.1427,-0.9702,0.1982,0.9903,-2.5793,1.8310,4.0000,2.0696,2.1008,9.0793,-0.3228,3.0000,0.0000,0.0000,0,21.2450,326.8092,143.4754,235.1423,-91.6669,0.0000,0.0000,326.8092,143.4754
104.841,1,1,heuristic,32.8238,161.4880,2.1249,-0.9714,0.2093,0.9937,-2.5642,1.8310,4.0000,2.0696,2.1008,9.0793,-0.3116,3.0000,0.0000,0.0000,0,21.2450,436.8073,33.4754,235.1413,-201.6660,0.0000,0.0000,436.8073,33.4754
104.891,1,1,heuristic,32.7760,161.5022,2.1108,-0.9764,0.2265,1.0023,1.8925,1.8266,4.0000,2.1067,2.1008,9.0518,-0.2983,3.0000,0.0000,0.0000,0,21.2450,326.8073,-76.5246,125.1413,-201.6660,0.0000,0.0000,326.8073,-76.5246
104.941,1,1,heuristic,32.7249,161.5196,2.0971,-0.9776,0.2484,1.0087,-2.5675,1.8229,4.0000,2.1408,2.1008,9.0245,-0.2879,3.0000,0.0000,0.0000,0,21.2450,216.8073,-186.5246,15.1413,-201.6660,0.0000,0.0000,216.8073,-186.5246
104.990,1,1,heuristic,32.6767,161.5374,2.0833,-0.9828,0.2729,1.0200,1.8855,1.8189,4.0000,2.1761,2.1008,8.9932,-0.2783,3.0000,0.0000,0.0000,0,21.2450,326.8073,-296.5246,15.1413,-311.6660,0.0000,0.0000,326.8073,-296.5246
105.041,1,1,heuristic,32.6260,161.5562,2.0672,-0.9815,0.2905,1.0236,1.8633,1.8155,4.0000,2.2086,2.1008,8.9627,-0.2678,3.0000,0.0000,0.0000,0,21.2450,217.7772,-187.4534,15.1619,-202.6153,0.0000,0.0000,217.7772,-187.4534
105.091,1,1,heuristic,32.5784,161.5731,2.0487,-0.9835,0.3027,1.0291,1.8562,1.8115,4.0000,2.2430,2.1008,8.9306,-0.2558,3.0000,0.0000,0.0000,0,21.2450,327.7772,-77.4534,125.1619,-202.6153,0.0000,0.0000,327.7772,-77.4534
105.140,1,1,heuristic,32.5784,161.5731,2.0390,-0.9835,0.3027,1.0291,1.8422,1.8078,4.0000,2.2755,2.1008,8.9015,-0.2409,3.0000,0.0000,0.0000,0,21.2450,217.7772,32.5466,125.1619,-92.6153,0.0000,0.0000,217.7772,32.5466
105.191,1,1,heuristic,32.5281,161.5904,2.0163,-0.9801,0.3088,1.0276,1.8725,1.8078,4.0000,2.2755,2.1008,8.9015,-0.2312,3.0000,0.0000,0.0000,0,21.2450,327.7772,-43.5452,142.1160,-185.6612,0.0000,0.0000,327.7772,-43.5452
105.241,1,1,heuristic,32.4807,161.6070,2.0054,-0.9817,0.3161,1.0314,-2.5980,1.8035,4.0000,2.3101,2.1008,8.8715,-0.2128,3.0000,0.0000,0.0000,0,21.2450,437.7772,-121.6420,158.0676,-279.7096,0.0000,0.0000,437.7772,-121.6420
105.291,1,1,heuristic,32.4307,161.6253,1.9912,-0.9776,0.3233,1.0297,1.8685,1.7998,4.0000,2.3426,2.1008,8.8431,-0.2056,3.0000,0.0000,0.0000,0,21.2450,547.7772,-16.5463,265.6154,-282.1618,0.0000,0.0000,547.7772,-16.5463
105.341,1,1,heuristic,32.3836,161.6434,1.9766,-0.9783,0.3339,1.0337,-2.5873,1.7956,4.0000,2.3765,2.1008,8.8126,-0.1956,3.0000,0.0000,0.0000,0,21.2450,657.7772,93.4146,375.5959,-282.1813,0.0000,0.0000,657.7772,93.4146
105.391,1,1,heuristic,32.3330,161.6645,1.9583,-0.9771,0.3483,1.0373,1.8478,1.7921,4.0000,2.4080,2.1008,8.7832,-0.1845,3.0000,0.0000,0.0000,0,21.2450,841.2388,-126.5850,357.3269,-483.9119,0.0000,0.0000,841.2388,-126.5850
105.441,1,1,heuristic,32.2844,161.6877,1.9393,-0.9846,0.3754,1.0537,1.8242,1.7883,4.0000,2.4410,2.1008,8.7503,-0.1700,3.0000,0.0000,0.0000,0,21.2450,841.2388,-126.5850,357.3269,-483.9119,0.0000,0.0000,841.2388,-126.5850
105.490,1,1,heuristic,32.2844,161.6877,1.9277,-0.9846,0.3754,1.0537,1.7928,1.7856,4.0000,2.4712,2.1008,8.7159,-0.1537,3.0000,0.0000,0.0000,0,21.2450,925.0729,-121.6558,401.7086,-523.3644,0.0000,0.0000,925.0729,-121.6558
105.541,1,1,heuristic,32.2312,161.7164,1.9070,-0.9920,0.4106,1.0736,1.7535,1.7856,4.0000,2.4712,2.1008,8.7159,-0.1420,3.0000,0.0000,0.0000,0,21.2450,925.0729,-121.6558,401.7086,-523.3644,0.0000,0.0000,925.0729,-121.6558
105.590,1,1,heuristic,32.1793,161.7474,1.8939,-1.0100,0.4577,1.1089,1.7270,1.7831,4.0000,2.5026,2.1008,8.6755,-0.1239,3.0000,0.0000,0.0000,0,21.2450,957.0588,-11.6558,472.7015,-484.3573,0.0000,0.0000,957.0588,-11.6558
105.641,1,1,heuristic,32.1218,161.7852,1.8707,-1.0291,0.5117,1.1493,1.6985,1.7817,4.0000,2.5317,2.1008,8.6332,-0.1122,3.0000,0.0000,0.0000,0,21.2450,999.9965,18.6258,509.3111,-490.6854,0.0000,0.0000,999.9965,18.6258
105.691,1,1,heuristic,32.0653,161.8261,1.8511,-1.0587,0.5797,1.2070,-2.7837,1.7805,4.0000,2.5622,2.1008,8.5833,-0.0902,3.0000,0.0000,0.0000,0,21.2450,971.3691,128.5646,549.9669,-421.4022,0.0000,0.0000,971.3691,128.5646
105.741,1,1,heuristic,32.0029,161.8760,1.8239,-1.0869,0.6557,1.2693,-2.7902,1.7806,4.0000,2.5903,2.1008,8.5309,-0.0705,3.0000,0.0000,0.0000,0,21.2450,939.4770,153.1638,546.3204,-393.1566,0.0000,0.0000,939.4770,153.1638
105.791,1,1,heuristic,31.9425,161.9295,1.7980,-1.1214,0.7474,1.3476,-2.8015,1.7808,4.0000,2.6189,2.1008,8.4686,-0.0431,3.0000,0.0000,0.0000,0,21.2450,1000.0000,263.1638,631.5819,-368.4181,0.0000,0.0000,1000.0000,263.1638
105.841,1,1,heuristic,31.9425,161.9295,1.7759,-1.1214,0.7474,1.3476,1.6627,1.7824,4.0000,2.6440,2.1008,8.4036,-0.0156,3.0000,0.0000,0.0000,0,21.2450,890.0113,153.1638,521.5876,-368.4238,0.0000,0.0000,890.0113,153.1638
105.891,1,1,heuristic,31.8772,161.9936,1.7531,-1.1482,0.8446,1.4254,-2.8070,1.7824,4.0000,2.6440,2.1008,8.4036,0.0065,3.0000,0.0000,0.0000,0,21.2450,673.9304,-66.8362,303.5471,-370.3833,0.0000,0.0000,673.9304,-66.8362
105.941,1,1,heuristic,31.8152,162.0607,1.7245,-1.1768,0.9551,1.5156,1.6643,1.7840,4.0000,2.6679,2.1008,8.3274,0.0309,3.0000,0.0000,0.0000,0,21.2450,593.4291,43.1638,318.2965,-275.1327,0.0000,0.0000,593.4291,43.1638
105.991,1,1,heuristic,31.7500,162.1367,1.6956,-1.1922,1.0564,1.5929,1.6680,1.7867,4.0000,2.6875,2.1008,8.2493,0.0622,3.0000,0.0000,0.0000,0,21.2450,593.4291,43.1638,318.2965,-275.1327,0.0000,0.0000,593.4291,43.1638
106.041,1,1,heuristic,31.6893,162.2108,1.6678,-1.2068,1.1540,1.6698,1.6647,1.7888,4.0000,2.7053,2.1008,8.1621,0.0933,3.0000,0.0000,0.0000,0,21.2450,591.9915,78.9828,335.4872,-256.5044,0.0000,0.0000,591.9915,78.9828
106.091,1,1,heuristic,31.6261,162.2917,1.6381,-1.2084,1.2342,1.7272,1.6770,1.7912,4.0000,2.7202,2.1008,8.0779,0.1234,3.0000,0.0000,0.0000,0,21.2450,563.0717,40.5483,301.8100,-261.2617,0.0000,0.0000,563.0717,40.5483
106.141,1,1,heuristic,31.5679,162.3694,1.6153,-1.2094,1.3113,1.7838,-2.7830,1.7927,4.0000,2.7339,2.1008,7.9869,0.1546,3.0000,0.0000,0.0000,0,21.2450,610.4778,-69.4517,270.5130,-339.9647,0.0000,0.0000,610.4778,-69.4517
106.191,1,1,heuristic,31.5076,162.4529,1.5873,-1.1992,1.3702,1.8209,1.6995,1.7944,4.0000,2.7448,2.1008,7.9000,0.1791,3.0000,0.0000,0.0000,0,21.2450,658.2677,-179.4517,239.4080,-418.8597,0.0000,0.0000,658.2677,-179.4517
106.241,1,1,heuristic,31.4522,162.5317,1.5595,-1.1903,1.4243,1.8562,1.6673,1.7952,4.0000,2.7546,2.1008,7.8075,0.2078,3.0000,0.0000,0.0000,0,21.2450,768.2677,-87.1050,340.5814,-427.6864,0.0000,0.0000,768.2677,-87.1050
106.290,1,1,heuristic,31.3943,162.6146,1.5372,-1.1750,1.4585,1.8730,-2.8205,1.7961,4.0000,2.7626,2.1008,7.7206,0.2366,3.0000,0.0000,0.0000,0,21.2450,878.0248,0.8451,439.4349,-438.5898,0.0000,0.0000,878.0248,0.8451
106.340,1,1,heuristic,31.3402,162.6928,1.5146,-1.1651,1.4927,1.8936,1.6505,1.7961,4.0000,2.7706,2.1008,7.6294,0.2588,3.0000,0.0000,0.0000,0,21.2450,945.3015,-1.9144,471.6936,-473.6080,0.0000,0.0000,945.3015,-1.9144
106.391,1,1,heuristic,31.3402,162.6928,1.4918,-1.1651,1.4927,1.8936,-2.8493,1.7963,4.0000,2.7777,2.1008,7.5438,0.2818,3.0000,0.0000,0.0000,0,21.2450,1000.0000,-1.9144,499.0428,-500.9572,0.0000,0.0000,1000.0000,-1.9144
106.441,1,1,heuristic,31.2836,162.7772,1.4613,-1.1499,1.5186,1.9048,-2.8512,1.7963,4.0000,2.7777,2.1008,7.5438,0.3046,3.0000,0.0000,0.0000,0,21.2450,891.8187,108.0856,499.9522,-391.8666,0.0000,0.0000,891.8187,108.0856
106.491,1,1,heuristic,31.2312,162.8588,1.4397,-1.1386,1.5550,1.9273,1.6325,1.7962,4.0000,2.7839,2.1008,7.4519,0.3349,3.0000,0.0000,0.0000,0,21.2450,874.6951,218.0856,546.3903,-328.3047,0.0000,0.0000,874.6951,218.0856
106.541,1,1,heuristic,31.1767,162.9484,1.4083,-1.1201,1.5885,1.9437,1.6375,1.7969,4.0000,2.7879,2.1008,7.3636,0.3572,3.0000,0.0000,0.0000,0,21.2450,810.0552,108.0856,459.0704,-350.9848,0.0000,0.0000,810.0552,108.0856
106.592,1,1,heuristic,31.1274,163.0360,1.3837,-1.1019,1.6360,1.9725,-2.8615,1.7975,4.0000,2.7896,2.1008,7.2673,0.3892,3.0000,0.0000,0.0000,0,21.2450,810.0552,108.0856,459.0704,-350.9848,0.0000,0.0000,810.0552,108.0856
106.641,1,1,heuristic,31.0774,163.1327,1.3532,-1.0736,1.6804,1.9941,1.6430,1.7991,4.0000,2.7879,2.1008,7.1739,0.4154,3.0000,0.0000,0.0000,0,21.2450,920.0552,-1.9144,459.0704,-460.9848,0.0000,0.0000,920.0552,-1.9144
106.690,1,1,heuristic,31.0326,163.2269,1.3347,-1.0454,1.7369,2.0272,-2.8767,1.8007,4.0000,2.7822,2.1008,7.0717,0.4475,3.0000,0.0000,0.0000,0,21.2450,980.5549,-111.9144,434.3203,-546.2347,0.0000,0.0000,980.5549,-111.9144
106.741,1,1,heuristic,30.9877,163.3304,1.2980,-1.0093,1.7879,2.0531,-2.8705,1.8032,4.0000,2.7732,2.1008,6.9727,0.4684,3.0000,0.0000,0.0000,0,21.2450,760.5549,-22.6709,368.9420,-391.6129,0.0000,0.0000,760.5549,-22.6709
106.790,1,1,heuristic,30.9472,163.4313,1.2728,-0.9762,1.8507,2.0924,1.6100,1.8057,4.0000,2.7596,2.1008,6.8645,0.5077,3.0000,0.0000,0.0000,0,21.2450,823.1662,87.3291,455.2476,-367.9185,0.0000,0.0000,823.1662,87.3291
106.840,1,1,heuristic,30.9472,163.4313,1.2476,-0.9762,1.8507,2.0924,-2.8963,1.8091,4.0000,2.7435,2.1008,6.7596,0.5363,3.0000,0.0000,0.0000,0,21.2450,713.1662,197.3291,455.2476,-257.9185,0.0000,0.0000,713.1662,197.3291
106.890,1,1,heuristic,30.9064,163.5416,1.2144,-0.9379,1.9045,2.1230,-2.8818,1.8091,4.0000,2.7435,2.1008,6.7596,0.5615,3.0000,0.0000,0.0000,0,21.2450,713.1662,197.3291,455.2476,-257.9185,0.0000,0.0000,713.1662,197.3291
106.941,1,1,heuristic,30.8705,163.6484,1.1913,-0.8996,1.9689,2.1647,1.6350,1.8126,4.0000,2.7230,2.1008,6.6456,0.5981,3.0000,0.0000,0.0000,0,21.2450,720.1544,219.7062,469.9303,-250.2241,0.0000,0.0000,720.1544,219.7062
106.991,1,1,heuristic,30.8361,163.7645,1.1590,-0.8522,2.0214,2.1937,1.6438,1.8167,4.0000,2.6999,2.1008,6.5355,0.6254,3.0000,0.0000,0.0000,0,21.2450,610.1544,238.0066,424.0805,-186.0739,0.0000,0.0000,610.1544,238.0066
107.040,1,1,heuristic,30.8070,163.8756,1.1280,-0.8027,2.0802,2.2297,-2.8400,1.8208,4.0000,2.6710,2.1008,6.4166,0.6619,3.0000,0.0000,0.0000,0,21.2450,500.1544,347.0507,423.6025,-76.5519,0.0000,0.0000,500.1544,347.0507
107.091,1,1,heuristic,30.7802,163.9946,1.0982,-0.7455,2.1219,2.2490,-2.8060,1.8255,4.0000,2.6399,2.1008,6.3031,0.6975,3.0000,0.0000,0.0000,0,21.2450,390.1544,457.0507,423.6025,33.4481,0.0000,0.0000,390.1544,457.0507
107.141,1,1,heuristic,30.7584,164.1068,1.0749,-0.6870,2.1651,2.2715,1.7085,1.8299,4.0000,2.6029,2.1008,6.1821,0.7317,3.0000,0.0000,0.0000,0,21.2450,280.1544,566.0097,423.0820,142.9277,0.0000,0.0000,280.1544,566.0097
107.191,1,1,heuristic,30.7395,164.2252,1.0529,-0.6224,2.1875,2.2743,-2.7273,1.8346,4.0000,2.5649,2.1008,6.0683,0.7597,3.0000,0.0000,0.0000,0,21.2450,170.1544,456.0103,313.0824,142.9280,0.0000,0.0000,170.1544,456.0103
107.241,1,1,heuristic,30.7254,164.3357,1.0259,-0.5567,2.2103,2.2793,-2.6848,1.8390,4.0000,2.5214,2.1008,5.9487,0.7861,3.0000,0.0000,0.0000,0,21.2450,280.1544,346.0103,313.0824,32.9280,0.0000,0.0000,280.1544,346.0103
107.291,1,1,heuristic,30.7254,164.3357,1.0128,-0.5567,2.2103,2.2793,-2.6505,1.8436,4.0000,2.4777,2.1008,5.8374,0.8177,3.0000,0.0000,0.0000,0,21.2450,390.1544,236.0103,313.0824,-77.0720,0.0000,0.0000,390.1544,236.0103
107.341,1,1,heuristic,30.7136,164.4507,0.9948,-0.4907,2.2106,2.2644,1.8805,1.8436,4.0000,2.4777,2.1008,5.8374,0.8308,3.0000,0.0000,0.0000,0,21.2450,280.1544,126.0103,203.0824,-77.0720,0.0000,0.0000,280.1544,126.0103
107.391,1,1,heuristic,30.7046,164.5573,0.9752,-0.4300,2.2124,2.2538,1.9105,1.8477,4.0000,2.4297,2.1008,5.7217,0.8530,3.0000,0.0000,0.0000,0,21.2450,170.1544,236.0103,203.0824,32.9280,0.0000,0.0000,170.1544,236.0103
107.441,1,1,heuristic,30.6966,164.6683,0.9572,-0.3749,2.1970,2.2287,-2.6125,1.8519,4.0000,2.3836,2.1008,5.6148,0.8768,3.0000,0.0000,0.0000,0,21.2450,60.1544,346.0103,203.0824,142.9280,0.0000,0.0000,60.1544,346.0103
107.491,1,1,heuristic,30.6901,164.7706,0.9473,-0.3270,2.1837,2.2080,-2.5848,1.8559,4.0000,2.3344,2.1008,5.5035,0.8987,3.0000,0.0000,0.0000,0,21.2450,170.1544,456.0103,313.0824,142.9280,0.0000,0.0000,170.1544,456.0103
107.541,1,1,heuristic,30.6901,164.7706,0.9364,-0.3270,2.1837,2.2080,-2.5685,1.8598,4.0000,2.2883,2.1008,5.4011,0.9126,3.0000,0.0000,0.0000,0,21.2450,266.0351,566.0103,416.0227,149.9876,0.0000,0.0000,266.0351,566.0103
107.591,1,1,heuristic,30.6851,164.8767,0.9199,-0.2809,2.1551,2.1733,-2.5318,1.8598,4.0000,2.2883,2.1008,5.4011,0.9235,3.0000,0.0000,0.0000,0,21.2450,156.0351,676.0103,416.0227,259.9876,0.0000,0.0000,156.0351,676.0103
107.641,1,1,heuristic,30.6830,164.9755,0.9136,-0.2332,2.1356,2.1483,-2.5180,1.8635,4.0000,2.2390,2.1008,5.2950,0.9436,3.0000,0.0000,0.0000,0,21.2450,255.8489,624.9677,440.4083,184.5594,0.0000,0.0000,255.8489,624.9677
107.691,1,1,heuristic,30.6830,164.9755,0.9136,-0.2332,2.1356,2.1483,-2.5180,1.8675,4.0000,2.1909,2.1008,5.1965,0.9539,3.0000,0.0000,0.0000,0,21.2450,288.1017,514.9677,401.5347,113.4330,0.0000,0.0000,288.1017,514.9677
107.741,1,1,heuristic,30.6847,165.0796,0.8920,-0.1800,2.1091,2.1168,-2.4603,1.8675,4.0000,2.1909,2.1008,5.1965,0.9637,3.0000,0.0000,0.0000,0,21.2450,398.0341,404.9677,401.5009,3.4668,0.0000,0.0000,398.0341,404.9677
107.791,1,1,heuristic,30.6899,165.1773,0.8873,-0.1223,2.0945,2.0981,2.0802,1.8720,4.0000,2.1367,2.1008,5.0929,0.9800,3.0000,0.0000,0.0000,0,21.2450,303.9380,379.3302,341.6341,37.6961,0.0000,0.0000,303.9380,379.3302
107.841,1,1,heuristic,30.6899,165.1773,0.8807,-0.1223,2.0945,2.0981,2.0955,1.8769,3.9969,2.0828,2.1008,4.9962,0.9896,3.0000,0.0000,0.0000,0,21.2450,193.9380,489.3302,341.6341,147.6961,0.0000,0.0000,193.9380,489.3302
107.891,1,1,heuristic,30.6988,165.2804,0.8705,-0.0638,2.0720,2.0729,2.1120,1.8769,3.9969,2.0828,2.1008,4.9962,0.9962,3.0000,0.0000,0.0000,0,21.2450,83.9380,585.3578,334.6479,250.7099,0.0000,0.0000,83.9380,585.3578
107.941,1,1,heuristic,30.7100,165.3767,0.8670,-0.0045,2.0589,2.0589,2.1202,1.8822,3.9157,2.0231,2.1008,4.8946,1.0117,3.0000,0.0000,0.0000,0,21.2450,-26.0620,695.3578,334.6479,360.7099,0.0000,0.0000,-26.0620,695.3578
107.991,1,1,heuristic,30.7251,165.4778,0.8586,0.0547,2.0358,2.0365,-2.3680,1.8879,3.8400,1.9648,2.1008,4.8000,1.0209,3.0000,0.0000,0.0000,0,21.2450,-136.0620,585.3578,224.6479,360.7099,0.0000,0.0000,-136.0620,585.3578
108.041,1,1,heuristic,30.7425,165.5716,0.8524,0.1162,2.0197,2.0230,-2.3085,1.8939,3.7610,1.9006,2.1008,4.7012,1.0353,3.0000,0.0000,0.0000,0,21.2450,-110.8631,623.1324,256.1346,366.9978,0.0000,0.0000,-110.8631,623.1324
108.091,1,1,heuristic,30.7425,165.5716,0.8496,0.1162,2.0197,2.0230,-2.2645,1.9001,3.6880,1.8382,2.1008,4.6100,1.0476,3.0000,0.0000,0.0000,0,21.2450,-62.0961,733.1324,335.5181,397.6143,0.0000,0.0000,-62.0961,733.1324
108.141,1,1,heuristic,30.7634,165.6692,0.8471,0.1734,1.9909,1.9984,-2.2252,1.9001,3.6880,1.8382,2.1008,4.6100,1.0505,3.0000,0.0000,0.0000,0,21.2450,-108.1701,841.5840,366.7070,474.8771,0.0000,0.0000,-108.1701,841.5840
108.192,1,1,heuristic,30.7854,165.7595,0.8466,0.2302,1.9693,1.9827,-2.2165,1.9065,3.6126,1.7708,2.1008,4.5158,1.0593,3.0000,0.0000,0.0000,0,21.2450,-193.3783,949.5347,378.0782,571.4565,0.0000,0.0000,-193.3783,949.5347
108.241,1,1,heuristic,30.8116,165.8540,0.8478,0.2851,1.9386,1.9595,2.4205,1.9129,3.5433,1.7062,2.1008,4.4291,1.0663,3.0000,0.0000,0.0000,0,21.2450,-303.3783,933.4249,315.0233,618.4016,0.0000,0.0000,-303.3783,933.4249
108.290,1,1,heuristic,30.8393,165.9414,0.8516,0.3434,1.9151,1.9457,2.4928,1.9198,3.4713,1.6358,2.1008,4.3392,1.0720,3.0000,0.0000,0.0000,0,21.2450,-413.3783,826.1860,206.4039,619.7822,0.0000,0.0000,-413.3783,826.1860
108.341,1,1,heuristic,30.8393,165.9414,0.8557,0.3434,1.9151,1.9457,2.5295,1.9268,3.4054,1.5677,2.1008,4.2568,1.0752,3.0000,0.0000,0.0000,0,21.2450,-523.3783,716.1860,96.4039,619.7822,0.0000,0.0000,-523.3783,716.1860
108.391,1,1,heuristic,30.8713,166.0312,0.8648,0.3976,1.8774,1.9191,2.6080,1.9268,3.4054,1.5677,2.1008,4.2568,1.0711,3.0000,0.0000,0.0000,0,21.2450,-624.3996,826.1860,100.8932,725.2928,0.0000,0.0000,-624.3996,826.1860
108.441,1,1,heuristic,30.9027,166.1119,0.8696,0.4490,1.8383,1.8923,2.6050,1.9340,3.3385,1.4948,2.1008,4.1732,1.0692,3.0000,0.0000,0.0000,0,21.2450,-644.7875,779.9925,67.6025,712.3900,0.0000,0.0000,-644.7875,779.9925
108.490,1,1,heuristic,30.9027,166.1119,0.8805,0.4490,1.8383,1.8923,-1.8793,1.9407,3.2791,1.4268,2.1008,4.0989,1.0711,3.0000,0.0000,0.0000,0,21.2450,-601.0600,686.8134,42.8767,643.9367,0.0000,0.0000,-601.0600,686.8134
108.540,1,1,heuristic,30.9702,166.2640,0.9013,0.5312,1.7222,1.8022,-1.8015,1.9407,3.2791,1.4268,2.1008,4.0989,1.0603,3.0000,0.0000,0.0000,0,21.2450,-635.2165,651.2516,8.0176,643.2340,0.0000,0.0000,-635.2165,651.2516
108.590,1,1,heuristic,30.9702,166.2640,0.9091,0.5312,1.7222,1.8022,-1.7748,1.9534,3.1696,1.2917,2.1008,3.9619,1.0522,3.0000,0.0000,0.0000,0,21.2450,-535.1379,659.2267,62.0444,597.1823,0.0000,0.0000,-535.1379,659.2267
108.640,1,1,heuristic,31.0054,166.3347,0.9312,0.5605,1.6499,1.7425,2.8273,1.9534,3.1696,1.2917,2.1008,3.9619,1.0444,3.0000,0.0000,0.0000,0,21.2450,-662.7609,785.6837,61.4614,724.2223,0.0000,0.0000,-662.7609,785.6837
108.690,1,1,heuristic,31.0386,166.3974,0.9454,0.5865,1.5813,1.6865,-1.7100,1.9595,3.1198,1.2255,2.1008,3.8998,1.0283,3.0000,0.0000,0.0000,0,21.2450,-576.7943,771.8106,97.5081,674.3024,0.0000,0.0000,-576.7943,771.8106
108.740,1,1,heuristic,31.0738,166.4601,0.9770,0.6045,1.5062,1.6230,-1.6843,1.9650,3.0765,1.1652,2.1008,3.8456,1.0196,3.0000,0.0000,0.0000,0,21.2450,-611.6405,682.8480,35.6037,647.2442,0.0000,0.0000,-611.6405,682.8480
108.791,1,1,heuristic,31.1071,166.5163,0.9998,0.6224,1.4389,1.5677,2.9340,1.9707,3.0340,1.1032,2.1008,3.7925,0.9937,3.0000,0.0000,0.0000,0,21.2450,-611.6405,682.8480,35.6037,647.2442,0.0000,0.0000,-611.6405,682.8480
108.841,1,1,heuristic,31.1071,166.5163,1.0242,0.6224,1.4389,1.5677,-1.6128,1.9762,2.9968,1.0461,2.1008,3.7460,0.9764,3.0000,0.0000,0.0000,0,21.2450,-666.4106,580.9401,-42.7352,623.6753,0.0000,0.0000,-666.4106,580.9401
108.891,1,1,heuristic,31.1423,166.5725,1.0494,0.6334,1.3675,1.5071,2.9760,1.9762,2.9968,1.0461,2.1008,3.7460,0.9520,3.0000,0.0000,0.0000,0,21.2450,-776.4106,648.3246,-64.0430,712.3676,0.0000,0.0000,-776.4106,648.3246
108.941,1,1,heuristic,31.1753,166.6225,1.0760,0.6443,1.3022,1.4529,-1.5688,1.9818,2.9603,0.9872,2.1008,3.7003,0.9324,3.0000,0.0000,0.0000,0,21.2450,-666.4106,739.2088,36.3991,702.8097,0.0000,0.0000,-666.4106,739.2088
108.991,1,1,heuristic,31.2102,166.6718,1.1033,0.6497,1.2314,1.3922,3.0393,1.9871,2.9286,0.9335,2.1008,3.6608,0.9111,3.0000,0.0000,0.0000,0,21.2450,-556.4106,629.2160,36.4027,592.8133,0.0000,0.0000,-556.4106,629.2160
109.040,1,1,heuristic,31.2436,166.7157,1.1319,0.6587,1.1679,1.3409,-1.5400,1.9926,2.8984,0.8785,2.1008,3.6230,0.8893,3.0000,0.0000,0.0000,0,21.2450,-446.4106,531.8085,42.6990,489.1096,0.0000,0.0000,-446.4106,531.8085
109.090,1,1,heuristic,31.2796,166.7604,1.1675,0.6656,1.1062,1.2910,-1.5435,1.9979,2.8724,0.8275,2.1008,3.5905,0.8659,3.0000,0.0000,0.0000,0,21.2450,-336.4108,452.1395,57.8643,394.2751,0.0000,0.0000,-336.4108,452.1395
109.140,1,1,heuristic,31.3139,166.8014,1.2058,0.6753,1.0558,1.2533,-1.5393,2.0036,2.8470,0.7738,2.1008,3.5587,0.8361,3.0000,0.0000,0.0000,0,21.2450,-435.6792,342.1395,-46.7699,388.9093,0.0000,0.0000,-435.6792,342.1395
109.190,1,1,heuristic,31.3139,166.8014,1.2359,0.6753,1.0558,1.2533,3.0232,2.0092,2.8243,0.7235,2.1008,3.5304,0.8034,3.0000,0.0000,0.0000,0,21.2450,-487.8082,333.6028,-77.1027,410.7055,0.0000,0.0000,-487.8082,333.6028
109.241,1,1,heuristic,31.3502,166.8439,1.2729,0.6798,1.0081,1.2159,-1.5603,2.0092,2.8243,0.7235,2.1008,3.5304,0.7733,3.0000,0.0000,0.0000,0,21.2450,-597.8082,414.1573,-91.8255,505.9828,0.0000,0.0000,-597.8082,414.1573
109.290,1,1,heuristic,31.3839,166.8824,1.2950,0.6844,0.9668,1.1846,3.0035,2.0153,2.8016,0.6707,2.1008,3.5020,0.7424,3.0000,0.0000,0.0000,0,21.2450,-707.8082,467.8441,-119.9821,587.8262,0.0000,0.0000,-707.8082,467.8441
109.341,1,1,heuristic,31.4192,166.9211,1.3314,0.6832,0.9223,1.1478,-1.5720,2.0209,2.7817,0.6221,2.1008,3.4771,0.7260,3.0000,0.0000,0.0000,0,21.2450,-686.3259,687.4683,0.5712,686.8971,0.0000,0.0000,-686.3259,687.4683
109.391,1,1,heuristic,31.4521,166.9553,1.3608,0.6837,0.8806,1.1149,3.0285,2.0268,2.7626,0.5722,2.1008,3.4532,0.6954,3.0000,0.0000,0.0000,0,21.2450,-576.3259,786.3403,105.0072,681.3331,0.0000,0.0000,-576.3259,786.3403
109.441,1,1,heuristic,31.4871,166.9901,1.3976,0.6816,0.8383,1.0805,3.0623,2.0323,2.7465,0.5264,2.1008,3.4331,0.6715,3.0000,0.0000,0.0000,0,21.2450,-576.3259,786.3403,105.0072,681.3331,0.0000,0.0000,-576.3259,786.3403
109.491,1,1,heuristic,31.5205,167.0230,1.4279,0.6843,0.8075,1.0584,-1.5150,2.0381,2.7311,0.4786,2.1008,3.4139,0.6405,3.0000,0.0000,0.0000,0,21.2450,-613.5896,694.7947,40.6026,654.1922,0.0000,0.0000,-613.5896,694.7947
109.541,1,1,heuristic,31.5563,167.0581,1.4653,0.6854,0.7812,1.0392,-1.4938,2.0437,2.7172,0.4332,2.1008,3.3965,0.6159,3.0000,0.0000,0.0000,0,21.2450,-719.2687,486.0039,-116.6324,602.6363,0.0000,0.0000,-719.2687,486.0039
109.590,1,1,heuristic,31.5905,167.0908,1.5056,0.6906,0.7612,1.0278,-1.4725,2.0500,2.7028,0.3845,2.1008,3.3785,0.5847,3.0000,0.0000,0.0000,0,21.2450,-648.1308,381.6323,-133.2492,514.8815,0.0000,0.0000,-648.1308,381.6323
109.640,1,1,heuristic,31.5905,167.0908,1.5377,0.6906,0.7612,1.0278,3.0968,2.0559,2.6901,0.3385,2.1008,3.3627,0.5503,3.0000,0.0000,0.0000,0,21.2450,-538.1308,272.1824,-132.9742,405.1566,0.0000,0.0000,-538.1308,272.1824
109.691,1,1,heuristic,31.6269,167.1235,1.5695,0.6926,0.7348,1.0097,-1.4992,2.0559,2.6901,0.3385,2.1008,3.3627,0.5183,3.0000,0.0000,0.0000,0,21.2450,-428.1308,268.7546,-79.6881,348.4427,0.0000,0.0000,-428.1308,268.7546
109.741,1,1,heuristic,31.6612,167.1523,1.6095,0.6968,0.7076,0.9931,3.0570,2.0621,2.6787,0.2906,2.1008,3.3484,0.4926,3.0000,0.0000,0.0000,0,21.2450,-318.1308,378.7546,30.3119,348.4427,0.0000,0.0000,-318.1308,378.7546
109.791,1,1,heuristic,31.6971,167.1808,1.6406,0.6958,0.6758,0.9699,-1.5483,2.0679,2.6699,0.2465,2.1008,3.3374,0.4584,3.0000,0.0000,0.0000,0,21.2450,-269.6821,268.7816,-0.4503,269.2318,0.0000,0.0000,-269.6821,268.7816
109.840,1,1,heuristic,31.7305,167.2069,1.6789,0.6956,0.6492,0.9515,-1.5777,2.0738,2.6624,0.2010,2.1008,3.3279,0.4332,3.0000,0.0000,0.0000,0,21.2450,-379.6821,378.7815,-0.4503,379.2318,0.0000,0.0000,-379.6821,378.7815
109.890,1,1,heuristic,31.7650,167.2342,1.7085,0.6893,0.6244,0.9300,3.0053,2.0794,2.6560,0.1591,2.1008,3.3200,0.4005,3.0000,0.0000,0.0000,0,21.2450,-489.6821,488.7757,-0.4532,489.2289,0.0000,0.0000,-489.6821,488.7757
109.941,1,1,heuristic,31.7969,167.2595,1.7461,0.6843,0.6053,0.9135,2.9977,2.0852,2.6497,0.1155,2.1008,3.3122,0.3766,3.0000,0.0000,0.0000,0,21.2450,-489.6821,488.7757,-0.4532,489.2289,0.0000,0.0000,-489.6821,488.7757
109.991,1,1,heuristic,31.8303,167.2863,1.7806,0.6760,0.5869,0.8952,3.0002,2.0906,2.6442,0.0751,2.1008,3.3052,0.3445,3.0000,0.0000,0.0000,0,21.2450,-599.6821,538.6234,-30.5294,569.1527,0.0000,0.0000,-599.6821,538.6234
110.040,1,1,heuristic,31.8616,167.3114,1.8089,0.6711,0.5741,0.8832,-1.5768,2.0963,2.6387,0.0328,2.1008,3.2984,0.3157,3.0000,0.0000,0.0000,0,21.2450,-489.6821,488.9110,-0.3855,489.2966,0.0000,0.0000,-489.6821,488.9110
110.090,1,1,heuristic,31.8947,167.3379,1.8447,0.6643,0.5615,0.8698,3.0162,2.1017,2.6339,-0.0069,2.1008,3.2924,0.2929,3.0000,0.0000,0.0000,0,21.2450,-433.3733,488.9108,27.7687,461.1420,0.0000,0.0000,-433.3733,488.9108
110.141,1,1,heuristic,31.9257,167.3632,1.8801,0.6605,0.5545,0.8624,3.0238,2.1075,2.6292,-0.0489,2.1008,3.2866,0.2628,3.0000,0.0000,0.0000,0,21.2450,-323.3733,379.2712,27.9490,351.3223,0.0000,0.0000,-323.3733,379.2712
110.191,1,1,heuristic,31.9257,167.3632,1.9089,0.6605,0.5545,0.8624,-1.5920,2.1129,2.6250,-0.0884,2.1008,3.2812,0.2328,3.0000,0.0000,0.0000,0,21.2450,-213.3733,269.3058,27.9663,241.3396,0.0000,0.0000,-213.3733,269.3058
110.241,1,1,heuristic,31.9580,167.3906,1.9371,0.6526,0.5491,0.8529,2.9983,2.1129,2.6250,-0.0884,2.1008,3.2812,0.2040,3.0000,0.0000,0.0000,0,21.2450,-213.3733,269.3058,27.9663,241.3396,0.0000,0.0000,-213.3733,269.3058
110.291,1,1,heuristic,31.9876,167.4170,1.9733,0.6454,0.5493,0.8475,2.9573,2.1187,2.6202,-0.1301,2.1008,3.2753,0.1815,3.0000,0.0000,0.0000,0,21.2450,-103.3733,293.1968,94.9118,198.2851,0.0000,0.0000,-103.3733,293.1968
110.341,1,1,heuristic,32.0178,167.4455,2.0060,0.6326,0.5491,0.8377,2.9385,2.1240,2.6154,-0.1690,2.1008,3.2693,0.1507,3.0000,0.0000,0.0000,0,21.2450,-25.8512,183.1968,78.6728,104.5240,0.0000,0.0000,-25.8512,183.1968
110.390,1,1,heuristic,32.0450,167.4731,2.0320,0.6194,0.5539,0.8310,-1.7145,2.1296,2.6098,-0.2095,2.1008,3.2623,0.1237,3.0000,0.0000,0.0000,0,21.2450,66.0696,-36.4162,14.8267,-51.2429,0.0000,0.0000,66.0696,-36.4162
110.440,1,1,heuristic,32.0720,167.5031,2.0574,0.5992,0.5585,0.8191,2.8792,2.1348,2.6040,-0.2469,2.1008,3.2550,0.1028,3.0000,0.0000,0.0000,0,21.2450,176.0696,-146.4162,14.8267,-161.2429,0.0000,0.0000,176.0696,-146.4162
110.490,1,1,heuristic,32.0955,167.5313,2.0928,0.5773,0.5646,0.8075,2.8062,2.1402,2.5967,-0.2853,2.1008,3.2459,0.0828,3.0000,0.0000,0.0000,0,21.2450,286.0320,-256.4162,14.8079,-271.2241,0.0000,0.0000,286.0320,-256.4162
110.541,1,1,heuristic,32.0955,167.5313,2.0928,0.5773,0.5646,0.8075,2.8062,2.1451,2.5893,-0.3199,2.1008,3.2367,0.0523,3.0000,0.0000,0.0000,0,21.2450,286.0320,-256.4162,14.8079,-271.2241,0.0000,0.0000,286.0320,-256.4162
110.591,1,1,heuristic,32.1373,167.5871,2.1341,0.5192,0.5620,0.7651,2.6743,2.1501,2.5812,-0.3542,2.1008,3.2265,0.0293,3.0000,0.0000,0.0000,0,21.2450,396.0320,-230.8120,82.6100,-313.4220,0.0000,0.0000,396.0320,-230.8120
110.640,1,1,heuristic,32.1373,167.5871,2.1519,0.5192,0.5620,0.7651,-1.9703,2.1545,2.5735,-0.3842,2.1008,3.2168,0.0203,3.0000,0.0000,0.0000,0,21.2450,493.9536,-339.5475,77.2031,-416.7506,0.0000,0.0000,493.9536,-339.5475
110.691,1,1,heuristic,32.1696,167.6385,2.1744,0.4473,0.5445,0.7047,2.5493,2.1545,2.5735,-0.3842,2.1008,3.2168,0.0026,3.0000,0.0000,0.0000,0,21.2450,429.8123,-253.5692,88.1216,-341.6908,0.0000,0.0000,429.8123,-253.5692
110.740,1,1,heuristic,32.1696,167.6385,2.1807,0.4473,0.5445,0.7047,-2.1015,2.1628,2.5568,-0.4380,2.1008,3.1959,-0.0116,3.0000,0.0000,0.0000,0,21.2450,359.0958,-363.5692,-2.2367,-361.3325,0.0000,0.0000,359.0958,-363.5692
110.791,1,1,heuristic,32.1822,167.6637,2.1965,0.4062,0.5322,0.6695,2.4480,2.1628,2.5568,-0.4380,2.1008,3.1959,-0.0180,3.0000,0.0000,0.0000,0,21.2450,469.0958,-283.3759,92.8599,-376.2359,0.0000,0.0000,469.0958,-283.3759
110.840,1,1,heuristic,32.1922,167.6862,2.2042,0.3666,0.5198,0.6360,-2.2092,2.1666,2.5473,-0.4616,2.1008,3.1841,-0.0299,3.0000,0.0000,0.0000,0,21.2450,437.2697,-372.3413,32.4642,-404.8055,0.0000,0.0000,437.2697,-372.3413
110.891,1,1,heuristic,32.2008,167.7090,2.2102,0.3263,0.5036,0.6001,2.3275,2.1699,2.5383,-0.4816,2.1008,3.1728,-0.0343,3.0000,0.0000,0.0000,0,21.2450,547.2697,-476.7609,35.2544,-512.0153,0.0000,0.0000,547.2697,-476.7609
110.941,1,1,heuristic,32.2071,167.7295,2.2144,0.2872,0.4883,0.5665,-2.3432,2.1732,2.5285,-0.5006,2.1008,3.1606,-0.0370,3.0000,0.0000,0.0000,0,21.2450,657.2697,-415.2023,121.0337,-536.2360,0.0000,0.0000,657.2697,-415.2023
110.991,1,1,heuristic,32.2071,167.7295,2.2157,0.2872,0.4883,0.5665,2.2525,2.1760,2.5191,-0.5163,2.1008,3.1488,-0.0384,3.0000,0.0000,0.0000,0,21.2450,767.2697,-525.2023,121.0337,-646.2360,0.0000,0.0000,767.2697,-525.2023
111.040,1,1,heuristic,32.2116,167.7500,2.2146,0.2471,0.4693,0.5303,-2.4728,2.1760,2.5191,-0.5163,2.1008,3.1488,-0.0397,3.0000,0.0000,0.0000,0,21.2450,876.7129,-635.2023,120.7553,-755.9576,0.0000,0.0000,876.7129,-635.2023
111.091,1,1,heuristic,32.2132,167.7685,2.2113,0.2045,0.4526,0.4966,2.0825,2.1787,2.5088,-0.5306,2.1008,3.1360,-0.0359,3.0000,0.0000,0.0000,0,21.2450,838.6163,-741.5834,48.5164,-790.0999,0.0000,0.0000,838.6163,-741.5834
111.141,1,1,heuristic,32.2116,167.7874,2.2033,0.1572,0.4347,0.4623,1.9935,2.1809,2.4984,-0.5413,2.1008,3.1230,-0.0305,3.0000,0.0000,0.0000,0,21.2450,659.8889,-741.3803,-40.7457,-700.6346,0.0000,0.0000,659.8889,-741.3803
111.191,1,1,heuristic,32.2068,167.8042,2.1923,0.1059,0.4178,0.4310,1.9163,2.1827,2.4860,-0.5495,2.1008,3.1075,-0.0207,3.0000,0.0000,0.0000,0,21.2450,659.8889,-741.3803,-40.7457,-700.6346,0.0000,0.0000,659.8889,-741.3803
111.240,1,1,heuristic,32.1988,167.8203,2.1773,0.0541,0.3964,0.4000,-2.7933,2.1839,2.4733,-0.5538,2.1008,3.0916,-0.0084,3.0000,0.0000,0.0000,0,21.2450,583.6891,-745.7198,-81.0153,-664.7044,0.0000,0.0000,583.6891,-745.7198
111.291,1,1,heuristic,32.1894,167.8338,2.1591,0.0039,0.3730,0.3730,-2.8317,2.1847,2.4594,-0.5551,2.1008,3.0742,0.0074,3.0000,0.0000,0.0000,0,21.2450,742.4969,-525.7198,108.3886,-634.1083,0.0000,0.0000,742.4969,-525.7198
111.341,1,1,heuristic,32.1777,167.8459,2.1366,-0.0419,0.3451,0.3477,1.7463,2.1850,2.4463,-0.5538,2.1008,3.0579,0.0259,3.0000,0.0000,0.0000,0,21.2450,791.4662,-415.7198,187.8732,-603.5930,0.0000,0.0000,791.4662,-415.7198
111.390,1,1,heuristic,32.1649,167.8566,2.1215,-0.0866,0.3206,0.3321,-2.9195,2.1849,2.4328,-0.5498,2.1008,3.0410,0.0483,3.0000,0.0000,0.0000,0,21.2450,893.2936,-305.7198,293.7869,-599.5067,0.0000,0.0000,893.2936,-305.7198
111.441,1,1,heuristic,32.1649,167.8566,2.1004,-0.0866,0.3206,0.3321,1.7100,2.1843,2.4197,-0.5442,2.1008,3.0246,0.0628,3.0000,0.0000,0.0000,0,21.2450,803.1206,-195.7198,303.7004,-499.4202,0.0000,0.0000,803.1206,-195.7198
111.491,1,1,heuristic,32.1488,167.8691,2.0715,-0.1314,0.3048,0.3319,-2.9697,2.1843,2.4197,-0.5442,2.1008,3.0246,0.0840,3.0000,0.0000,0.0000,0,21.2450,693.1206,-85.7198,303.7004,-389.4202,0.0000,0.0000,693.1206,-85.7198
111.541,1,1,heuristic,32.1308,167.8835,2.0585,-0.1798,0.3037,0.3529,-2.9558,2.1832,2.4037,-0.5366,2.1008,3.0046,0.1116,3.0000,0.0000,0.0000,0,21.2450,693.1206,-85.7198,303.7004,-389.4202,0.0000,0.0000,693.1206,-85.7198
111.591,1,1,heuristic,32.1093,167.9022,2.0292,-0.2266,0.3148,0.3879,-2.9348,2.1815,2.3856,-0.5284,2.1008,2.9820,0.1230,3.0000,0.0000,0.0000,0,21.2450,583.1206,22.3405,302.7306,-280.3900,0.0000,0.0000,583.1206,22.3405
111.640,1,1,heuristic,32.0870,167.9232,2.0046,-0.2743,0.3394,0.4364,1.7112,2.1795,2.3630,-0.5193,2.1008,2.9538,0.1503,3.0000,0.0000,3.0000,0,10.8245,363.1206,-197.6595,82.7306,-280.3900,0.0000,0.0000,363.1206,-197.6595
111.691,2,1,heuristic,32.0870,167.9232,1.9869,-0.2743,0.3394,0.4364,1.7190,2.0273,1.5000,-0.9076,1.9607,13.6336,0.0228,3.0000,0.0000,3.0000,0,10.8245,253.1206,-87.6600,82.7303,-170.3903,0.0000,0.0000,253.1206,-87.6600
111.740,2,1,heuristic,32.0620,167.9484,1.9550,-0.3157,0.3684,0.4851,1.7308,2.0273,1.5000,-0.9076,1.9607,13.6336,0.0404,3.0000,0.0000,3.0000,0,10.8245,253.1206,-87.6600,82.7303,-170.3903,0.0000,0.0000,253.1206,-87.6600
111.791,2,1,heuristic,32.0379,167.9736,1.9428,-0.3527,0.3997,0.5331,-2.9075,2.0265,1.5000,-0.8940,1.9607,13.6000,0.0715,3.0000,0.0000,3.0000,0,10.8245,143.1206,22.3400,82.7303,-60.3903,0.0000,0.0000,143.1206,22.3400
111.840,2,1,heuristic,32.0122,168.0019,1.9072,-0.3812,0.4287,0.5736,1.7908,2.0257,1.5000,-0.8813,1.9607,13.5668,0.0829,3.0000,0.0000,3.0000,0,10.8245,33.1206,131.9910,82.5558,49.4352,0.0000,0.0000,33.1206,131.9910
111.890,2,1,heuristic,31.9880,168.0300,1.8844,-0.4057,0.4599,0.6133,-2.8348,2.0249,1.5000,-0.8683,1.9607,13.5301,0.1177,3.0000,0.0000,3.0000,0,10.8245,-145.9017,351.7067,102.9025,248.8042,0.0000,0.0000,-145.9017,351.7067
111.941,2,1,heuristic,31.9880,168.0300,1.8671,-0.4057,0.4599,0.6133,-2.7865,2.0242,1.5000,-0.8566,1.9607,13.4942,0.1398,3.0000,0.0000,3.0000,0,10.8245,-145.9017,351.7067,102.9025,248.8042,0.0000,0.0000,-145.9017,351.7067
111.991,2,1,heuristic,31.9637,168.0614,1.8433,-0.4183,0.4888,0.6433,-2.7390,2.0242,1.5000,-0.8566,1.9607,13.4942,0.1572,3.0000,0.0000,3.0000,0,10.8245,74.0983,417.1827,245.6405,171.5422,0.0000,0.0000,74.0983,417.1827
112.040,2,1,heuristic,31.9423,168.0924,1.8286,-0.4237,0.5202,0.6710,-2.6755,2.0236,1.5000,-0.8460,1.9607,13.4553,0.1803,3.0000,0.0000,3.0000,0,10.8245,-12.2802,527.1827,257.4513,269.7314,0.0000,0.0000,-12.2802,527.1827
112.091,2,1,heuristic,31.9208,168.1273,1.8096,-0.4215,0.5504,0.6932,-2.6423,2.0232,1.5000,-0.8380,1.9607,13.4181,0.1946,3.0000,0.0000,3.0000,0,10.8245,-12.2802,527.1827,257.4513,269.7314,0.0000,0.0000,-12.2802,527.1827
112.141,2,1,heuristic,31.9019,168.1626,1.7957,-0.4160,0.5873,0.7197,2.0913,2.0229,1.5000,-0.8314,1.9607,13.3773,0.2133,3.0000,0.0000,3.0000,0,10.8245,-57.3434,417.1827,179.9197,237.2631,0.0000,0.0000,-57.3434,417.1827
112.191,2,1,heuristic,31.9019,168.1626,1.7834,-0.4160,0.5873,0.7197,-2.5282,2.0228,1.5000,-0.8273,1.9607,13.3373,0.2271,3.0000,0.0000,3.0000,0,10.8245,-167.3174,307.1827,69.9327,237.2500,0.0000,0.0000,-167.3174,307.1827
112.241,2,1,heuristic,31.8833,168.2021,1.7709,-0.4043,0.6220,0.7418,2.1790,2.0228,1.5000,-0.8273,1.9607,13.3373,0.2394,3.0000,0.0000,3.0000,0,10.8245,-274.4006,197.1827,-38.6089,235.7916,0.0000,0.0000,-274.4006,197.1827
112.290,2,1,heuristic,31.8671,168.2402,1.7644,-0.3909,0.6561,0.7637,-2.4440,2.0228,1.5000,-0.8252,1.9607,13.2936,0.2519,3.0000,0.0000,3.0000,0,10.8245,-123.5565,-22.8173,-73.1869,50.3696,0.0000,0.0000,-123.5565,-22.8173
112.341,2,1,heuristic,31.8514,168.2795,1.7559,-0.3730,0.6761,0.7722,2.2233,2.0230,1.5000,-0.8246,1.9607,13.2523,0.2586,3.0000,0.0000,3.0000,0,10.8245,-123.5565,-22.8173,-73.1869,50.3696,0.0000,0.0000,-123.5565,-22.8173
112.390,2,1,heuristic,31.8378,168.3146,1.7514,-0.3551,0.6871,0.7734,-2.4240,2.0232,1.5000,-0.8251,1.9607,13.2101,0.2673,3.0000,0.0000,3.0000,0,10.8245,96.4435,-52.1729,22.1353,-74.3082,0.0000,0.0000,96.4435,-52.1729
112.440,2,1,heuristic,31.8239,168.3494,1.7456,-0.3377,0.6835,0.7624,2.2505,2.0234,1.5000,-0.8258,1.9607,13.1726,0.2720,3.0000,0.0000,3.0000,0,10.8245,206.4435,-162.1729,22.1353,-184.3082,0.0000,0.0000,206.4435,-162.1729
112.490,2,1,heuristic,31.8105,168.3806,1.7402,-0.3258,0.6770,0.7513,2.2405,2.0236,1.5000,-0.8262,1.9607,13.1352,0.2781,3.0000,0.0000,3.0000,0,10.8245,206.4435,-162.1729,22.1353,-184.3082,0.0000,0.0000,206.4435,-162.1729
112.541,2,1,heuristic,31.8105,168.3806,1.7362,-0.3258,0.6770,0.7513,-2.4373,2.0238,1.5000,-0.8257,1.9607,13.1013,0.2836,3.0000,0.0000,3.0000,0,10.8245,91.7023,-198.5718,-53.4347,-145.1371,0.0000,0.0000,91.7023,-198.5718
112.590,2,1,heuristic,31.7960,168.4123,1.7317,-0.3167,0.6632,0.7349,2.2165,2.0238,1.5000,-0.8257,1.9607,13.1013,0.2876,3.0000,0.0000,3.0000,0,10.8245,-2.1482,-88.5718,-45.3600,-43.2118,0.0000,0.0000,-2.1482,-88.5718
112.640,2,1,heuristic,31.7821,168.4404,1.7271,-0.3113,0.6476,0.7186,-2.4810,2.0238,1.5000,-0.8242,1.9607,13.0665,0.2922,3.0000,0.0000,3.0000,0,10.8245,104.0016,-198.4652,-47.2318,-151.2334,0.0000,0.0000,104.0016,-198.4652
112.691,2,1,heuristic,31.7678,168.4679,1.7220,-0.3040,0.6240,0.6941,2.2105,2.0238,1.5000,-0.8221,1.9607,13.0351,0.2967,3.0000,0.0000,3.0000,0,10.8245,104.0016,-198.4652,-47.2318,-151.2334,0.0000,0.0000,104.0016,-198.4652
112.740,2,1,heuristic,31.7545,168.4917,1.7169,-0.2986,0.5984,0.6688,-2.4908,2.0237,1.5000,-0.8193,1.9607,13.0041,0.3018,3.0000,0.0000,3.0000,0,10.8245,31.9983,-113.0151,-40.5084,-72.5067,0.0000,0.0000,31.9983,-113.0151
112.791,2,1,heuristic,31.7406,168.5147,1.7088,-0.2921,0.5671,0.6380,-2.4775,2.0236,1.5000,-0.8161,1.9607,12.9769,0.3067,3.0000,0.0000,3.0000,0,10.8245,73.7449,-188.6371,-57.4461,-131.1910,0.0000,0.0000,73.7449,-188.6371
112.841,2,1,heuristic,31.7406,168.5147,1.7053,-0.2921,0.5671,0.6380,2.1892,2.0234,1.5000,-0.8120,1.9607,12.9501,0.3147,3.0000,0.0000,3.0000,0,10.8245,93.7303,-80.6157,6.5573,-87.1730,0.0000,0.0000,93.7303,-80.6157
112.890,2,1,heuristic,31.7278,168.5344,1.6997,-0.2870,0.5358,0.6078,2.1755,2.0234,1.5000,-0.8120,1.9607,12.9501,0.3181,3.0000,0.0000,3.0000,0,10.8245,150.1194,87.4970,118.8082,-31.3112,0.0000,0.0000,150.1194,87.4970
112.941,2,1,heuristic,31.7143,168.5535,1.6933,-0.2816,0.5023,0.5758,2.1707,2.0232,1.5000,-0.8076,1.9607,12.9268,0.3236,3.0000,0.0000,3.0000,0,10.8245,197.5690,147.5369,172.5529,-25.0161,0.0000,0.0000,197.5690,147.5369
112.991,2,1,heuristic,31.7014,168.5712,1.6874,-0.2792,0.4756,0.5515,2.1980,2.0229,1.5000,-0.8024,1.9607,12.9037,0.3297,3.0000,0.0000,3.0000,0,10.8245,137.8730,63.6005,100.7368,-37.1362,0.0000,0.0000,137.8730,63.6005
113.041,2,1,heuristic,31.6876,168.5908,1.6810,-0.2762,0.4556,0.5328,2.1970,2.0226,1.5000,-0.7972,1.9607,12.8821,0.3352,3.0000,0.0000,3.0000,0,10.8245,105.7448,91.8470,98.7959,-6.9489,0.0000,0.0000,105.7448,91.8470
113.090,2,1,heuristic,31.6748,168.6098,1.6724,-0.2746,0.4437,0.5219,2.2240,2.0223,1.5000,-0.7919,1.9607,12.8585,0.3413,3.0000,0.0000,3.0000,0,10.8245,135.7163,100.1560,117.9361,-17.7802,0.0000,0.0000,135.7163,100.1560
113.140,2,1,heuristic,31.6748,168.6098,1.6692,-0.2746,0.4437,0.5219,2.1963,2.0221,1.5000,-0.7872,1.9607,12.8358,0.3496,3.0000,0.0000,3.0000,0,10.8245,135.7163,100.1560,117.9361,-17.7802,0.0000,0.0000,135.7163,100.1560
113.191,2,1,heuristic,31.6613,168.6308,1.6596,-0.2715,0.4357,0.5134,2.2203,2.0221,1.5000,-0.7872,1.9607,12.8358,0.3529,3.0000,0.0000,3.0000,0,10.8245,224.9701,131.5167,178.2434,-46.7267,0.0000,0.0000,224.9701,131.5167
113.240,2,1,heuristic,31.6488,168.6516,1.6554,-0.2692,0.4352,0.5117,-2.4870,2.0218,1.5000,-0.7827,1.9607,12.8111,0.3622,3.0000,0.0000,3.0000,0,10.8245,266.9139,85.2588,176.0863,-90.8276,0.0000,0.0000,266.9139,85.2588
113.290,2,1,heuristic,31.6357,168.6753,1.6489,-0.2658,0.4393,0.5135,2.2175,2.0217,1.5000,-0.7791,1.9607,12.7869,0.3663,3.0000,0.0000,3.0000,0,10.8245,333.9049,229.8997,281.9023,-52.0026,0.0000,0.0000,333.9049,229.8997
113.341,2,1,heuristic,31.6233,168.6995,1.6435,-0.2644,0.4526,0.5241,-2.4882,2.0215,1.5000,-0.7760,1.9607,12.7599,0.3727,3.0000,0.0000,3.0000,0,10.8245,371.8355,193.2192,282.5273,-89.3081,0.0000,0.0000,371.8355,193.2192
113.391,2,1,heuristic,31.6100,168.7283,1.6371,-0.2627,0.4726,0.5407,-2.4968,2.0215,1.5000,-0.7737,1.9607,12.7326,0.3780,3.0000,0.0000,3.0000,0,10.8245,371.8355,193.2192,282.5273,-89.3081,0.0000,0.0000,371.8355,193.2192
113.441,2,1,heuristic,31.5972,168.7586,1.6316,-0.2633,0.5045,0.5691,2.2215,2.0215,1.5000,-0.7723,1.9607,12.7009,0.3845,3.0000,0.0000,3.0000,0,10.8245,369.6068,155.5596,262.5832,-107.0236,0.0000,0.0000,369.6068,155.5596
113.490,2,1,heuristic,31.5972,168.7586,1.6264,-0.2633,0.5045,0.5691,-2.4952,2.0217,1.5000,-0.7720,1.9607,12.6681,0.3900,3.0000,0.0000,3.0000,0,10.8245,323.6960,213.2205,268.4583,-55.2377,0.0000,0.0000,323.6960,213.2205
113.541,2,1,heuristic,31.5834,168.7943,1.6182,-0.2638,0.5409,0.6018,-2.4988,2.0217,1.5000,-0.7720,1.9607,12.6681,0.3953,3.0000,0.0000,3.0000,0,10.8245,323.6960,213.2205,268.4583,-55.2377,0.0000,0.0000,323.6960,213.2205
113.591,2,1,heuristic,31.5701,168.8310,1.6150,-0.2663,0.5856,0.6433,2.2178,2.0219,1.5000,-0.7728,1.9607,12.6299,0.4037,3.0000,0.0000,3.0000,0,10.8245,241.6236,145.5335,193.5785,-48.0451,0.0000,0.0000,241.6236,145.5335
113.641,2,1,heuristic,31.5560,168.8731,1.6068,-0.2673,0.6305,0.6849,2.2092,2.0222,1.5000,-0.7745,1.9607,12.5911,0.4073,3.0000,0.0000,3.0000,0,10.8245,179.6086,-19.8631,79.8727,-99.7359,0.0000,0.0000,179.6086,-19.8631
113.691,2,1,heuristic,31.5428,168.9153,1.6009,-0.2690,0.6800,0.7313,-2.4912,2.0227,1.5000,-0.7775,1.9607,12.5471,0.4159,3.0000,0.0000,3.0000,0,10.8245,219.4348,74.2617,146.8482,-72.5866,0.0000,0.0000,219.4348,74.2617
113.741,2,1,heuristic,31.5290,168.9612,1.5939,-0.2682,0.7204,0.7687,2.2233,2.0232,1.5000,-0.7813,1.9607,12.5034,0.4223,3.0000,0.0000,3.0000,0,10.8245,219.4348,74.2617,146.8482,-72.5866,0.0000,0.0000,219.4348,74.2617
113.791,2,1,heuristic,31.5159,169.0049,1.5880,-0.2690,0.7587,0.8050,-2.5078,2.0238,1.5000,-0.7860,1.9607,12.4561,0.4299,3.0000,0.0000,3.0000,0,10.8245,251.3199,101.4020,176.3609,-74.9590,0.0000,0.0000,251.3199,101.4020
113.840,2,1,heuristic,31.5022,169.0520,1.5809,-0.2682,0.7882,0.8325,-2.5103,2.0244,1.5000,-0.7905,1.9607,12.4110,0.4364,3.0000,0.0000,3.0000,0,10.8245,43.5818,114.1079,78.8449,35.2630,0.0000,0.0000,43.5818,114.1079
113.891,2,1,heuristic,31.4894,169.0970,1.5748,-0.2677,0.8179,0.8606,2.2125,2.0251,1.5000,-0.7957,1.9607,12.3626,0.4442,3.0000,0.0000,3.0000,0,10.8245,-7.2077,76.2279,34.5101,41.7178,0.0000,0.0000,-7.2077,76.2279
113.940,2,1,heuristic,31.4765,169.1442,1.5662,-0.2637,0.8359,0.8765,-2.4882,2.0258,1.5000,-0.8010,1.9607,12.3166,0.4509,3.0000,0.0000,3.0000,0,10.8245,-40.9829,125.0865,42.0518,83.0347,0.0000,0.0000,-40.9829,125.0865
113.991,2,1,heuristic,31.4651,169.1874,1.5610,-0.2587,0.8486,0.8872,2.2508,2.0265,1.5000,-0.8070,1.9607,12.2686,0.4603,3.0000,0.0000,3.0000,0,10.8245,-81.2913,15.9049,-32.6932,48.5981,0.0000,0.0000,-81.2913,15.9049
114.040,2,1,heuristic,31.4651,169.1874,1.5558,-0.2587,0.8486,0.8872,-2.4650,2.0272,1.5000,-0.8128,1.9607,12.2248,0.4663,3.0000,0.0000,3.0000,0,10.8245,-11.0066,41.0513,15.0223,26.0290,0.0000,0.0000,-11.0066,41.0513
114.091,2,1,heuristic,31.4537,169.2313,1.5503,-0.2508,0.8479,0.8842,2.2637,2.0272,1.5000,-0.8128,1.9607,12.2248,0.4715,3.0000,0.0000,3.0000,0,10.8245,-11.0066,41.0513,15.0223,26.0290,0.0000,0.0000,-11.0066,41.0513
114.141,2,1,heuristic,31.4432,169.2705,1.5451,-0.2441,0.8415,0.8762,2.2732,2.0280,1.5000,-0.8189,1.9607,12.1803,0.4777,3.0000,0.0000,3.0000,0,10.8245,-85.1704,8.5145,-38.3279,46.8425,0.0000,0.0000,-85.1704,8.5145
114.190,2,1,heuristic,31.4324,169.3099,1.5418,-0.2371,0.8246,0.8580,2.2915,2.0286,1.5000,-0.8242,1.9607,12.1405,0.4835,3.0000,0.0000,3.0000,0,10.8245,-74.0421,2.1882,-35.9270,38.1152,0.0000,0.0000,-74.0421,2.1882
114.241,2,1,heuristic,31.4225,169.3449,1.5381,-0.2308,0.8055,0.8379,2.3025,2.0293,1.5000,-0.8291,1.9607,12.1004,0.4875,3.0000,0.0000,3.0000,0,10.8245,-35.4996,3.1743,-16.1627,19.3370,0.0000,0.0000,-35.4996,3.1743
114.291,2,1,heuristic,31.4124,169.3793,1.5337,-0.2234,0.7770,0.8085,-2.4240,2.0298,1.5000,-0.8333,1.9607,12.0647,0.4917,3.0000,0.0000,3.0000,0,10.8245,-38.0166,45.1501,3.5668,41.5834,0.0000,0.0000,-38.0166,45.1501
114.341,2,1,heuristic,31.4032,169.4096,1.5306,-0.2171,0.7478,0.7787,-2.4265,2.0303,1.5000,-0.8371,1.9607,12.0293,0.4966,3.0000,0.0000,3.0000,0,10.8245,42.1041,25.9811,34.0426,-8.0615,0.0000,0.0000,42.1041,25.9811
114.391,2,1,heuristic,31.3938,169.4398,1.5288,-0.2100,0.7143,0.7445,-2.4017,2.0308,1.5000,-0.8401,1.9607,11.9981,0.5001,3.0000,0.0000,3.0000,0,10.8245,-29.5246,120.1824,45.3289,74.8535,0.0000,0.0000,-29.5246,120.1824
114.441,2,1,heuristic,31.3851,169.4671,1.5269,-0.2040,0.6851,0.7148,2.3233,2.0312,1.5000,-0.8428,1.9607,11.9669,0.5024,3.0000,0.0000,3.0000,0,10.8245,79.4327,25.1595,52.2961,-27.1366,0.0000,0.0000,79.4327,25.1595
114.490,2,1,heuristic,31.3851,169.4671,1.5248,-0.2040,0.6851,0.7148,-2.3978,2.0315,1.5000,-0.8452,1.9607,11.9386,0.5047,3.0000,0.0000,3.0000,0,10.8245,6.4888,-16.6269,-5.0690,-11.5578,0.0000,0.0000,6.4888,-16.6269
114.541,2,1,heuristic,31.3766,169.4952,1.5228,-0.1958,0.6562,0.6848,2.3225,2.0315,1.5000,-0.8452,1.9607,11.9386,0.5067,3.0000,0.0000,3.0000,0,10.8245,1.7875,44.3453,23.0664,21.2789,0.0000,0.0000,1.7875,44.3453
114.591,2,1,heuristic,31.3691,169.5211,1.5211,-0.1880,0.6329,0.6602,-2.4093,2.0320,1.5000,-0.8480,1.9607,11.9096,0.5091,3.0000,0.0000,3.0000,0,10.8245,111.3334,51.7481,81.5408,-29.7927,0.0000,0.0000,111.3334,51.7481
114.640,2,1,heuristic,31.3615,169.5478,1.5193,-0.1799,0.6089,0.6349,-2.4115,2.0324,1.5000,-0.8509,1.9607,11.8831,0.5113,3.0000,0.0000,3.0000,0,10.8245,209.1173,-28.7151,90.2011,-118.9162,0.0000,0.0000,209.1173,-28.7151
114.691,2,1,heuristic,31.3543,169.5727,1.5178,-0.1736,0.5912,0.6161,2.3060,2.0328,1.5000,-0.8539,1.9607,11.8558,0.5134,3.0000,0.0000,3.0000,0,10.8245,92.6080,166.6796,129.6438,37.0358,0.0000,0.0000,92.6080,166.6796
114.741,2,1,heuristic,31.3468,169.5997,1.5164,-0.1677,0.5766,0.6005,-2.4100,2.0332,1.5000,-0.8568,1.9607,11.8303,0.5154,3.0000,0.0000,3.0000,0,10.8245,47.7267,134.3787,91.0527,43.3260,0.0000,0.0000,47.7267,134.3787
114.790,2,1,heuristic,31.3397,169.6260,1.5139,-0.1640,0.5708,0.5939,2.3280,2.0336,1.5000,-0.8602,1.9607,11.8028,0.5173,3.0000,0.0000,3.0000,0,10.8245,75.6073,24.3787,49.9930,-25.6143,0.0000,0.0000,75.6073,24.3787
114.840,2,1,heuristic,31.3324,169.6547,1.5122,-0.1592,0.5671,0.5890,-2.4110,2.0341,1.5000,-0.8635,1.9607,11.7761,0.5202,3.0000,0.0000,3.0000,0,10.8245,75.6073,24.3787,49.9930,-25.6143,0.0000,0.0000,75.6073,24.3787
114.891,2,1,heuristic,31.3258,169.6821,1.5106,-0.1550,0.5677,0.5885,2.3275,2.0346,1.5000,-0.8677,1.9607,11.7471,0.5224,3.0000,0.0000,3.0000,0,10.8245,-34.3927,112.5061,39.0567,73.4494,0.0000,0.0000,-34.3927,112.5061
114.941,2,1,heuristic,31.3258,169.6821,1.5093,-0.1550,0.5677,0.5885,-2.4090,2.0352,1.5000,-0.8720,1.9607,11.7197,0.5246,3.0000,0.0000,3.0000,0,10.8245,-86.1229,91.4782,2.6776,88.8005,0.0000,0.0000,-86.1229,91.4782
114.991,2,1,heuristic,31.3190,169.7112,1.5078,-0.1500,0.5661,0.5856,2.3545,2.0352,1.5000,-0.8720,1.9607,11.7197,0.5258,3.0000,0.0000,3.0000,0,10.8245,-37.3166,155.2168,58.9501,96.2667,0.0000,0.0000,-37.3166,155.2168
115.040,2,1,heuristic,31.3133,169.7383,1.5066,-0.1439,0.5659,0.5839,-2.3763,2.0358,1.5000,-0.8768,1.9607,11.6907,0.5279,3.0000,0.0000,3.0000,0,10.8245,-131.4443,145.8808,7.2182,138.6626,0.0000,0.0000,-131.4443,145.8808
115.091,2,1,heuristic,31.3078,169.7665,1.5058,-0.1361,0.5611,0.5774,-2.3683,2.0364,1.5000,-0.8818,1.9607,11.6638,0.5298,3.0000,0.0000,3.0000,0,10.8245,-131.4443,145.8808,7.2182,138.6626,0.0000,0.0000,-131.4443,145.8808
115.141,2,1,heuristic,31.3033,169.7924,1.5044,-0.1278,0.5572,0.5716,-2.3325,2.0370,1.5000,-0.8874,1.9607,11.6362,0.5312,3.0000,0.0000,3.0000,0,10.8245,-102.9157,92.5178,-5.1989,97.7167,0.0000,0.0000,-102.9157,92.5178
115.191,2,1,heuristic,31.2991,169.8189,1.5061,-0.1183,0.5476,0.5602,-2.3360,2.0377,1.5000,-0.8931,1.9607,11.6110,0.5333,3.0000,0.0000,3.0000,0,10.8245,-205.1862,150.2727,-27.4568,177.7295,0.0000,0.0000,-205.1862,150.2727
115.240,2,1,heuristic,31.2956,169.8427,1.5066,-0.1091,0.5373,0.5483,2.4192,2.0384,1.5000,-0.8993,1.9607,11.5854,0.5323,3.0000,0.0000,3.0000,0,10.8245,-197.0174,69.7496,-63.6339,133.3835,0.0000,0.0000,-197.0174,69.7496
115.291,2,1,heuristic,31.2925,169.8664,1.5096,-0.0994,0.5208,0.5302,2.4472,2.0391,1.5000,-0.9052,1.9607,11.5626,0.5325,3.0000,0.0000,3.0000,0,10.8245,-200.8980,123.2263,-38.8358,162.0622,0.0000,0.0000,-200.8980,123.2263
115.341,2,1,heuristic,31.2900,169.8868,1.5110,-0.0899,0.5016,0.5096,2.4720,2.0397,1.5000,-0.9112,1.9607,11.5401,0.5302,3.0000,0.0000,3.0000,0,10.8245,-234.5948,183.6159,-25.4894,209.1053,0.0000,0.0000,-234.5948,183.6159
115.391,2,1,heuristic,31.2900,169.8868,1.5122,-0.0899,0.5016,0.5096,-2.2913,2.0403,1.5000,-0.9167,1.9607,11.5208,0.5293,3.0000,0.0000,3.0000,0,10.8245,-189.5466,171.6036,-8.9715,180.5751,0.0000,0.0000,-189.5466,171.6036
115.441,2,1,heuristic,31.2881,169.9066,1.5170,-0.0793,0.4775,0.4841,2.5017,2.0403,1.5000,-0.9167,1.9607,11.5208,0.5281,3.0000,0.0000,3.0000,0,10.8245,-189.5466,171.6036,-8.9715,180.5751,0.0000,0.0000,-189.5466,171.6036
115.491,2,1,heuristic,31.2870,169.9239,1.5189,-0.0679,0.4541,0.4592,-2.2488,2.0410,1.5000,-0.9225,1.9607,11.5022,0.5240,3.0000,0.0000,3.0000,0,10.8245,-159.6704,202.0574,21.1935,180.8639,0.0000,0.0000,-159.6704,202.0574
115.541,2,1,heuristic,31.2870,169.9239,1.5230,-0.0679,0.4541,0.4592,2.5257,2.0416,1.5000,-0.9280,1.9607,11.4863,0.5227,3.0000,0.0000,3.0000,0,10.8245,-103.6068,188.4173,42.4053,146.0120,0.0000,0.0000,-103.6068,188.4173
115.590,2,1,heuristic,31.2869,169.9565,1.5304,-0.0435,0.4078,0.4101,-2.2308,2.0416,1.5000,-0.9280,1.9607,11.4863,0.5186,3.0000,0.0000,3.0000,0,10.8245,-134.3784,227.3899,46.5058,180.8841,0.0000,0.0000,-134.3784,227.3899
115.640,2,1,heuristic,31.2869,169.9565,1.5332,-0.0435,0.4078,0.4101,2.5645,2.0429,1.5000,-0.9403,1.9607,11.4572,0.5124,3.0000,0.0000,3.0000,0,10.8245,-165.4128,182.6418,8.6145,174.0273,0.0000,0.0000,-165.4128,182.6418
115.690,2,1,heuristic,31.2878,169.9726,1.5420,-0.0311,0.3882,0.3895,2.5598,2.0429,1.5000,-0.9403,1.9607,11.4572,0.5096,3.0000,0.0000,3.0000,0,10.8245,-117.3100,85.7555,-15.7773,101.5328,0.0000,0.0000,-117.3100,85.7555
115.741,2,1,heuristic,31.2893,169.9875,1.5456,-0.0188,0.3725,0.3730,2.5595,2.0436,1.5000,-0.9473,1.9607,11.4433,0.5016,3.0000,0.0000,3.0000,0,10.8245,-196.8894,92.6978,-52.0958,144.7936,0.0000,0.0000,-196.8894,92.6978
115.790,2,1,heuristic,31.2893,169.9875,1.5525,-0.0188,0.3725,0.3730,-2.1863,2.0443,1.5000,-0.9543,1.9607,11.4308,0.4987,3.0000,0.0000,3.0000,0,10.8245,-86.8894,152.9613,33.0359,119.9253,0.0000,0.0000,-86.8894,152.9613
115.841,2,1,heuristic,31.2912,170.0026,1.5602,-0.0076,0.3562,0.3562,-2.1913,2.0443,1.5000,-0.9543,1.9607,11.4308,0.4918,3.0000,0.0000,3.0000,0,10.8245,-22.7848,222.6669,99.9411,122.7259,0.0000,0.0000,-22.7848,222.6669
115.890,2,1,heuristic,31.2934,170.0162,1.5671,0.0028,0.3418,0.3418,-2.1877,2.0450,1.5000,-0.9619,1.9607,11.4182,0.4848,3.0000,0.0000,3.0000,0,10.8245,-23.8319,124.6998,50.4340,74.2659,0.0000,0.0000,-23.8319,124.6998
115.940,2,1,heuristic,31.2958,170.0312,1.5754,0.0115,0.3309,0.3311,-2.1943,2.0457,1.5000,-0.9690,1.9607,11.4070,0.4787,3.0000,0.0000,3.0000,0,10.8245,-10.7146,125.3297,57.3075,68.0221,0.0000,0.0000,-10.7146,125.3297
115.990,2,1,heuristic,31.2982,170.0459,1.5825,0.0191,0.3260,0.3266,-2.1772,2.0465,1.5000,-0.9769,1.9607,11.3948,0.4711,3.0000,0.0000,3.0000,0,10.8245,-60.9997,37.7072,-11.6462,49.3535,0.0000,0.0000,-60.9997,37.7072
116.040,2,1,heuristic,31.3008,170.0619,1.5910,0.0253,0.3223,0.3233,-2.1863,2.0473,1.5000,-0.9847,1.9607,11.3828,0.4648,3.0000,0.0000,3.0000,0,10.8245,-86.6573,44.6537,-21.0018,65.6555,0.0000,0.0000,-86.6573,44.6537
116.090,2,1,heuristic,31.3033,170.0766,1.6017,0.0307,0.3192,0.3207,-2.1903,2.0482,1.5000,-0.9932,1.9607,11.3698,0.4572,3.0000,0.0000,3.0000,0,10.8245,-119.3120,13.9552,-52.6784,66.6336,0.0000,0.0000,-119.3120,13.9552
116.141,2,1,heuristic,31.3033,170.0766,1.6064,0.0307,0.3192,0.3207,-2.2077,2.0490,1.5000,-1.0011,1.9607,11.3579,0.4472,3.0000,0.0000,3.0000,0,10.8245,-119.3120,13.9552,-52.6784,66.6336,0.0000,0.0000,-119.3120,13.9552
116.191,2,1,heuristic,31.3060,170.0914,1.6169,0.0350,0.3121,0.3141,-2.2170,2.0490,1.5000,-1.0011,1.9607,11.3579,0.4426,3.0000,0.0000,3.0000,0,10.8245,-85.5416,-0.4504,-42.9960,42.5456,0.0000,0.0000,-85.5416,-0.4504
116.241,2,1,heuristic,31.3085,170.1041,1.6206,0.0387,0.3027,0.3052,2.5513,2.0498,1.5000,-1.0093,1.9607,11.3461,0.4329,3.0000,0.0000,3.0000,0,10.8245,-107.0440,77.2041,-14.9199,92.1240,0.0000,0.0000,-107.0440,77.2041
116.290,2,1,heuristic,31.3112,170.1162,1.6312,0.0412,0.2889,0.2918,2.5758,2.0505,1.5000,-1.0165,1.9607,11.3360,0.4298,3.0000,0.0000,3.0000,0,10.8245,-118.0370,52.2533,-32.8918,85.1452,0.0000,0.0000,-118.0370,52.2533
116.341,2,1,heuristic,31.3137,170.1266,1.6391,0.0432,0.2741,0.2774,2.5870,2.0512,1.5000,-1.0235,1.9607,11.3264,0.4200,3.0000,0.0000,3.0000,0,10.8245,-192.0520,87.5638,-52.2441,139.8079,0.0000,0.0000,-192.0520,87.5638
116.391,2,1,heuristic,31.3137,170.1266,1.6427,0.0432,0.2741,0.2774,-2.2200,2.0518,1.5000,-1.0297,1.9607,11.3184,0.4127,3.0000,0.0000,3.0000,0,10.8245,-242.5207,139.0990,-51.7108,190.8099,0.0000,0.0000,-242.5207,139.0990
116.441,2,1,heuristic,31.3165,170.1360,1.6538,0.0453,0.2554,0.2594,2.5935,2.0518,1.5000,-1.0297,1.9607,11.3184,0.4091,3.0000,0.0000,3.0000,0,10.8245,-331.2229,249.0990,-41.0619,290.1609,0.0000,0.0000,-331.2229,249.0990
116.491,2,1,heuristic,31.3195,170.1432,1.6575,0.0491,0.2345,0.2396,-2.1963,2.0524,1.5000,-1.0359,1.9607,11.3114,0.3986,3.0000,0.0000,3.0000,0,10.8245,-333.3684,203.8818,-64.7433,268.6251,0.0000,0.0000,-333.3684,203.8818
116.541,2,1,heuristic,31.3237,170.1492,1.6662,0.0552,0.2106,0.2177,-2.1575,2.0529,1.5000,-1.0415,1.9607,11.3064,0.3954,3.0000,0.0000,3.0000,0,10.8245,-216.0079,287.1167,35.5544,251.5623,0.0000,0.0000,-216.0079,287.1167
116.590,2,1,heuristic,31.3285,170.1533,1.6780,0.0640,0.1857,0.1965,-2.1505,2.0535,1.5000,-1.0476,1.9607,11.3030,0.3873,3.0000,0.0000,3.0000,0,10.8245,-243.3263,323.1638,39.9188,283.2450,0.0000,0.0000,-243.3263,323.1638
116.640,2,1,heuristic,31.3285,170.1533,1.6875,0.0640,0.1857,0.1965,2.6580,2.0541,1.5000,-1.0536,1.9607,11.3016,0.3761,3.0000,0.0000,3.0000,0,10.8245,-244.3043,314.5938,35.1447,279.4491,0.0000,0.0000,-244.3043,314.5938
116.691,2,1,heuristic,31.3343,170.1571,1.6998,0.0739,0.1629,0.1789,-2.1130,2.0541,1.5000,-1.0536,1.9607,11.3016,0.3666,3.0000,0.0000,3.0000,0,10.8245,-226.5748,313.7877,43.6064,270.1813,0.0000,0.0000,-226.5748,313.7877
116.740,2,1,heuristic,31.3406,170.1604,1.7080,0.0850,0.1441,0.1674,2.6925,2.0547,1.5000,-1.0604,1.9607,11.3010,0.3548,3.0000,0.0000,3.0000,0,10.8245,-281.9343,342.8370,30.4513,312.3856,0.0000,0.0000,-281.9343,342.8370
116.790,2,1,heuristic,31.3478,170.1639,1.7249,0.0958,0.1290,0.1606,2.7265,2.0553,1.5000,-1.0675,1.9607,11.3010,0.3473,3.0000,0.0000,3.0000,0,10.8245,-362.4676,299.6016,-31.4330,331.0346,0.0000,0.0000,-362.4676,299.6016
116.841,2,1,heuristic,31.3551,170.1675,1.7372,0.1070,0.1182,0.1594,-2.0510,2.0560,1.5000,-1.0755,1.9607,11.3012,0.3311,3.0000,0.0000,3.0000,0,10.8245,-335.8108,383.1782,23.6837,359.4945,0.0000,0.0000,-335.8108,383.1782
116.891,2,1,heuristic,31.3634,170.1715,1.7499,0.1177,0.1097,0.1609,2.7643,2.0567,1.5000,-1.0836,1.9607,11.3014,0.3196,3.0000,0.0000,3.0000,0,10.8245,-225.8108,273.1782,23.6837,249.4945,0.0000,0.0000,-225.8108,273.1782
116.941,2,1,heuristic,31.3718,170.1755,1.7636,0.1292,0.1047,0.1663,-2.0205,2.0575,1.5000,-1.0928,1.9607,11.3018,0.3077,3.0000,0.0000,3.0000,0,10.8245,-134.4813,182.1922,23.8554,158.3368,0.0000,0.0000,-134.4813,182.1922
116.990,2,1,heuristic,31.3810,170.1805,1.7802,0.1386,0.1030,0.1726,-2.0185,2.0584,1.5000,-1.1021,1.9607,11.3022,0.2948,3.0000,0.0000,3.0000,0,10.8245,-24.4813,292.1912,133.8549,158.3363,0.0000,0.0000,-24.4813,292.1912
117.041,2,1,heuristic,31.3893,170.1860,1.7995,0.1456,0.1050,0.1796,-2.0130,2.0593,1.5000,-1.1125,1.9607,11.3020,0.2791,3.0000,0.0000,3.0000,0,10.8245,-134.4653,209.6673,37.6010,172.0663,0.0000,0.0000,-134.4653,209.6673
117.091,2,1,heuristic,31.3893,170.1860,1.8145,0.1456,0.1050,0.1796,2.7643,2.0602,1.5000,-1.1223,1.9607,11.3012,0.2606,3.0000,0.0000,3.0000,0,10.8245,-198.7705,217.9996,9.6145,208.3851,0.0000,0.0000,-198.7705,217.9996
117.141,2,1,heuristic,31.3977,170.1932,1.8328,0.1487,0.1118,0.1860,-2.0385,2.0602,1.5000,-1.1223,1.9607,11.3012,0.2457,3.0000,0.0000,3.0000,0,10.8245,-198.7705,217.9996,9.6145,208.3851,0.0000,0.0000,-198.7705,217.9996
117.191,2,1,heuristic,31.4053,170.2007,1.8476,0.1508,0.1208,0.1932,2.7555,2.0611,1.5000,-1.1328,1.9607,11.2987,0.2284,3.0000,0.0000,3.0000,0,10.8245,-184.8833,207.0502,11.0835,195.9668,0.0000,0.0000,-184.8833,207.0502
117.240,2,1,heuristic,31.4134,170.2090,1.8659,0.1516,0.1287,0.1988,2.7822,2.0620,1.5000,-1.1427,1.9607,11.2957,0.2144,3.0000,0.0000,3.0000,0,10.8245,-62.9342,262.8739,99.9698,162.9041,0.0000,0.0000,-62.9342,262.8739
117.291,2,1,heuristic,31.4209,170.2170,1.8808,0.1525,0.1361,0.2045,-2.0415,2.0630,1.5000,-1.1533,1.9607,11.2921,0.1971,3.0000,0.0000,3.0000,0,10.8245,-63.2374,349.7871,143.2748,206.5123,0.0000,0.0000,-63.2374,349.7871
117.340,2,1,heuristic,31.4285,170.2260,1.8979,0.1511,0.1434,0.2083,-2.0463,2.0639,1.5000,-1.1633,1.9607,11.2887,0.1832,3.0000,0.0000,3.0000,0,10.8245,-56.9167,415.8408,179.4620,236.3788,0.0000,0.0000,-56.9167,415.8408
117.391,2,1,heuristic,31.4350,170.2355,1.9174,0.1481,0.1547,0.2142,-2.0208,2.0649,1.5000,-1.1737,1.9607,11.2844,0.1670,3.0000,0.0000,3.0000,0,10.8245,-128.7427,315.1130,93.1851,221.9279,0.0000,0.0000,-128.7427,315.1130
117.440,2,1,heuristic,31.4412,170.2475,1.9360,0.1423,0.1697,0.2214,2.7868,2.0658,1.5000,-1.1834,1.9607,11.2790,0.1484,3.0000,0.0000,3.0000,0,10.8245,-56.6185,241.8440,92.6128,149.2313,0.0000,0.0000,-56.6185,241.8440
117.491,2,1,heuristic,31.4465,170.2601,1.9507,0.1359,0.1881,0.2321,-2.0305,2.0668,1.5000,-1.1936,1.9607,11.2715,0.1308,3.0000,0.0000,3.0000,0,10.8245,-10.1434,230.1777,110.0171,120.1606,0.0000,0.0000,-10.1434,230.1777
117.541,2,1,heuristic,31.4465,170.2601,1.9507,0.1359,0.1881,0.2321,-2.0305,2.0677,1.5000,-1.2033,1.9607,11.2629,0.1170,3.0000,0.0000,3.0000,0,10.8245,-0.0056,165.0585,82.5265,82.5321,0.0000,0.0000,-0.0056,165.0585
117.591,2,1,heuristic,31.4552,170.2891,1.9840,0.1181,0.2256,0.2546,2.7553,2.0687,1.5000,-1.2134,1.9607,11.2526,0.0993,3.0000,0.0000,3.0000,0,10.8245,-20.7183,194.4062,86.8439,107.5622,0.0000,0.0000,-20.7183,194.4062
117.640,2,1,heuristic,31.4584,170.3056,2.0055,0.1067,0.2440,0.2663,-2.0815,2.0697,1.5000,-1.2225,1.9607,11.2416,0.0857,3.0000,0.0000,3.0000,0,10.8245,-90.3234,300.5101,105.0933,195.4168,0.0000,0.0000,-90.3234,300.5101
117.691,2,1,heuristic,31.4607,170.3222,2.0197,0.0949,0.2645,0.2811,2.7448,2.0706,1.5000,-1.2317,1.9607,11.2286,0.0651,3.0000,0.0000,3.0000,0,10.8245,-147.9677,277.4947,64.7635,212.7312,0.0000,0.0000,-147.9677,277.4947
117.741,2,1,heuristic,31.4625,170.3413,2.0401,0.0828,0.2848,0.2966,2.7538,2.0715,1.5000,-1.2401,1.9607,11.2151,0.0518,3.0000,0.0000,3.0000,0,10.8245,-147.9677,277.4947,64.7635,212.7312,0.0000,0.0000,-147.9677,277.4947
117.791,2,1,heuristic,31.4625,170.3413,2.0506,0.0828,0.2848,0.2966,2.7408,2.0725,1.5000,-1.2490,1.9607,11.1993,0.0323,3.0000,0.0000,3.0000,0,10.8245,-99.6731,187.9168,44.1219,143.7949,0.0000,0.0000,-99.6731,187.9168
117.841,2,1,heuristic,31.4637,170.3601,2.0586,0.0713,0.3064,0.3146,2.7462,2.0725,1.5000,-1.2490,1.9607,11.1993,0.0219,3.0000,0.0000,3.0000,0,10.8245,-19.0913,217.5878,99.2483,118.3396,0.0000,0.0000,-19.0913,217.5878
117.891,2,1,heuristic,31.4644,170.3807,2.0746,0.0595,0.3244,0.3298,2.7452,2.0734,1.5000,-1.2573,1.9607,11.1834,0.0148,3.0000,0.0000,3.0000,0,10.8245,-38.6097,263.9157,112.6530,151.2627,0.0000,0.0000,-38.6097,263.9157
117.940,2,1,heuristic,31.4640,170.4008,2.0880,0.0463,0.3429,0.3461,-2.0743,2.0743,1.5000,-1.2657,1.9607,11.1656,-0.0003,3.0000,0.0000,3.0000,0,10.8245,-148.5726,342.0370,96.7322,245.3048,0.0000,0.0000,-148.5726,342.0370
117.990,2,1,heuristic,31.4627,170.4229,2.1051,0.0319,0.3594,0.3608,2.7510,2.0751,1.5000,-1.2730,1.9607,11.1479,-0.0129,3.0000,0.0000,3.0000,0,10.8245,41.9790,248.7665,145.3728,103.3938,0.0000,0.0000,41.9790,248.7665
118.040,2,1,heuristic,31.4607,170.4445,2.1218,0.0174,0.3775,0.3779,2.7612,2.0760,1.5000,-1.2802,1.9607,11.1279,-0.0291,3.0000,0.0000,3.0000,0,10.8245,41.9790,248.7665,145.3728,103.3938,0.0000,0.0000,41.9790,248.7665
118.090,2,1,heuristic,31.4607,170.4445,2.1354,0.0174,0.3775,0.3779,-2.0907,2.0768,1.5000,-1.2866,1.9607,11.1081,-0.0450,3.0000,0.0000,3.0000,0,10.8245,196.3577,134.1933,165.2755,-31.0822,0.0000,0.0000,196.3577,134.1933
118.140,2,1,heuristic,31.4531,170.4913,2.1553,-0.0170,0.4111,0.4115,2.7378,2.0768,1.5000,-1.2866,1.9607,11.1081,-0.0586,3.0000,0.0000,3.0000,0,10.8245,196.3577,134.1933,165.2755,-31.0822,0.0000,0.0000,196.3577,134.1933
118.191,2,1,heuristic,31.4531,170.4913,2.1680,-0.0170,0.4111,0.4115,-2.1190,2.0782,1.5000,-1.2974,1.9607,11.0634,-0.0771,3.0000,0.0000,3.0000,0,10.8245,134.1617,69.3728,101.7673,-32.3945,0.0000,0.0000,134.1617,69.3728
118.240,2,1,heuristic,31.4470,170.5169,2.1834,-0.0370,0.4270,0.4286,2.6785,2.0782,1.5000,-1.2974,1.9607,11.0634,-0.0897,3.0000,0.0000,3.0000,0,10.8245,44.6303,140.8423,92.7363,48.1060,0.0000,0.0000,44.6303,140.8423
118.291,2,1,heuristic,31.4399,170.5416,2.1946,-0.0592,0.4447,0.4487,-2.1637,2.0789,1.5000,-1.3014,1.9607,11.0382,-0.1045,3.0000,0.0000,3.0000,0,10.8245,122.5909,81.9177,102.2543,-20.3366,0.0000,0.0000,122.5909,81.9177
118.340,2,1,heuristic,31.4313,170.5682,2.2082,-0.0804,0.4581,0.4651,-2.1728,2.0794,1.5000,-1.3043,1.9607,11.0131,-0.1152,3.0000,0.0000,3.0000,0,10.8245,136.2688,68.1353,102.2020,-34.0667,0.0000,0.0000,136.2688,68.1353
118.390,2,1,heuristic,31.4223,170.5935,2.2195,-0.1019,0.4717,0.4826,-2.1920,2.0799,1.5000,-1.3064,1.9607,10.9857,-0.1283,3.0000,0.0000,3.0000,0,10.8245,103.0951,18.5666,60.8308,-42.2642,0.0000,0.0000,103.0951,18.5666
118.440,2,1,heuristic,31.4115,170.6204,2.2322,-0.1232,0.4809,0.4964,-2.2220,2.0803,1.5000,-1.3077,1.9607,10.9592,-0.1392,3.0000,0.0000,3.0000,0,10.8245,174.0835,-31.1917,71.4459,-102.6376,0.0000,0.0000,174.0835,-31.1917
118.491,2,1,heuristic,31.4002,170.6457,2.2431,-0.1454,0.4901,0.5112,2.5762,2.0806,1.5000,-1.3079,1.9607,10.9304,-0.1516,3.0000,0.0000,3.0000,0,10.8245,174.0835,-31.1917,71.4459,-102.6376,0.0000,0.0000,174.0835,-31.1917
118.541,2,1,heuristic,31.3873,170.6722,2.2526,-0.1660,0.4940,0.5211,2.5705,2.0809,1.5000,-1.3071,1.9607,10.9029,-0.1622,3.0000,0.0000,3.0000,0,10.8245,144.2063,26.1997,85.2030,-59.0033,0.0000,0.0000,144.2063,26.1997
118.591,2,1,heuristic,31.3741,170.6967,2.2624,-0.1879,0.4974,0.5317,2.5438,2.0810,1.5000,-1.3052,1.9607,10.8735,-0.1716,3.0000,0.0000,3.0000,0,10.8245,144.2063,26.1997,85.2030,-59.0033,0.0000,0.0000,144.2063,26.1997
118.641,2,1,heuristic,31.3589,170.7222,2.2659,-0.2087,0.4962,0.5383,-2.3090,2.0811,1.5000,-1.3024,1.9607,10.8456,-0.1813,3.0000,0.0000,3.0000,0,10.8245,102.9594,23.8993,63.4293,-39.5300,0.0000,0.0000,102.9594,23.8993
118.691,2,1,heuristic,31.3438,170.7461,2.2737,-0.2298,0.4962,0.5469,-2.3120,2.0810,1.5000,-1.2980,1.9607,10.8159,-0.1849,3.0000,0.0000,3.0000,0,10.8245,19.3416,133.8993,76.6205,57.2788,0.0000,0.0000,19.3416,133.8993
118.741,2,1,heuristic,31.3274,170.7711,2.2762,-0.2470,0.4934,0.5518,-2.3110,2.0809,1.5000,-1.2931,1.9607,10.7877,-0.1929,3.0000,0.0000,3.0000,0,10.8245,-72.6254,200.7634,64.0690,136.6944,0.0000,0.0000,-72.6254,200.7634
118.791,2,1,heuristic,31.3120,170.7949,2.2830,-0.2618,0.4935,0.5587,-2.3313,2.0807,1.5000,-1.2875,1.9607,10.7578,-0.1955,3.0000,0.0000,3.0000,0,10.8245,-150.4308,257.8713,53.7202,204.1511,0.0000,0.0000,-150.4308,257.8713
118.841,2,1,heuristic,31.3120,170.7949,2.2876,-0.2618,0.4935,0.5587,2.5430,2.0805,1.5000,-1.2822,1.9607,10.7296,-0.2025,3.0000,0.0000,3.0000,0,10.8245,-41.0444,209.5939,84.2747,125.3192,0.0000,0.0000,-41.0444,209.5939
118.891,2,1,heuristic,31.2962,170.8202,2.2921,-0.2704,0.4923,0.5617,-2.2930,2.0805,1.5000,-1.2822,1.9607,10.7296,-0.2071,3.0000,0.0000,3.0000,0,10.8245,-58.0463,165.0664,53.5101,111.5564,0.0000,0.0000,-58.0463,165.0664
118.942,2,1,heuristic,31.2816,170.8442,2.2986,-0.2771,0.4937,0.5662,2.5695,2.0803,1.5000,-1.2772,1.9607,10.6997,-0.2117,3.0000,0.0000,3.0000,0,10.8245,-65.6767,238.7730,86.5481,152.2249,0.0000,0.0000,-65.6767,238.7730
118.991,2,1,heuristic,31.2661,170.8695,2.3038,-0.2810,0.4923,0.5668,-2.2753,2.0802,1.5000,-1.2728,1.9607,10.6717,-0.2183,3.0000,0.0000,3.0000,0,10.8245,-9.3519,193.2044,91.9262,101.2781,0.0000,0.0000,-9.3519,193.2044
119.041,2,1,heuristic,31.2516,170.8931,2.3082,-0.2855,0.4924,0.5692,2.5795,2.0801,1.5000,-1.2682,1.9607,10.6421,-0.2237,3.0000,0.0000,3.0000,0,10.8245,56.9208,135.8651,96.3930,39.4722,0.0000,0.0000,56.9208,135.8651
119.090,2,1,heuristic,31.2516,170.8931,2.3140,-0.2855,0.4924,0.5692,-2.2668,2.0800,1.5000,-1.2637,1.9607,10.6143,-0.2282,3.0000,0.0000,3.0000,0,10.8245,32.4744,229.6159,131.0452,98.5707,0.0000,0.0000,32.4744,229.6159
119.141,2,1,heuristic,31.2356,170.9180,2.3218,-0.2898,0.4895,0.5689,2.5815,2.0800,1.5000,-1.2637,1.9607,10.6143,-0.2339,3.0000,0.0000,3.0000,0,10.8245,44.1906,251.4441,147.8174,103.6268,0.0000,0.0000,44.1906,251.4441
119.191,2,1,heuristic,31.2199,170.9414,2.3263,-0.2971,0.4890,0.5722,-2.2658,2.0799,1.5000,-1.2584,1.9607,10.5848,-0.2419,3.0000,0.0000,3.0000,0,10.8245,-15.1180,250.2164,117.5492,132.6672,0.0000,0.0000,-15.1180,250.2164
119.241,2,1,heuristic,31.2026,170.9667,2.3345,-0.3043,0.4887,0.5757,2.6045,2.0796,1.5000,-1.2528,1.9607,10.5568,-0.2467,3.0000,0.0000,3.0000,0,10.8245,37.0803,230.1014,133.5909,96.5106,0.0000,0.0000,37.0803,230.1014
119.291,2,1,heuristic,31.1859,170.9913,2.3392,-0.3132,0.4934,0.5844,-2.2550,2.0794,1.5000,-1.2464,1.9607,10.5262,-0.2551,3.0000,0.0000,3.0000,0,10.8245,27.8348,255.5469,141.6908,113.8560,0.0000,0.0000,27.8348,255.5469
119.341,2,1,heuristic,31.1859,170.9913,2.3432,-0.3132,0.4934,0.5844,-2.2523,2.0791,1.5000,-1.2402,1.9607,10.4966,-0.2601,3.0000,0.0000,3.0000,0,10.8245,0.2039,316.7432,158.4735,158.2696,0.0000,0.0000,0.2039,316.7432
119.392,2,1,heuristic,31.1674,171.0181,2.3530,-0.3216,0.4979,0.5927,-2.2370,2.0791,1.5000,-1.2402,1.9607,10.4966,-0.2641,3.0000,0.0000,3.0000,0,10.8245,-33.2631,298.2879,132.5124,165.7755,0.0000,0.0000,-33.2631,298.2879
119.440,2,1,heuristic,31.1493,171.0444,2.3566,-0.3328,0.5080,0.6073,2.6168,2.0788,1.5000,-1.2333,1.9607,10.4642,-0.2741,3.0000,0.0000,3.0000,0,10.8245,-26.9149,284.8259,128.9555,155.8704,0.0000,0.0000,-26.9149,284.8259
119.491,2,1,heuristic,31.1294,171.0736,2.3677,-0.3429,0.5186,0.6217,-2.2245,2.0785,1.5000,-1.2266,1.9607,10.4324,-0.2780,3.0000,0.0000,3.0000,0,10.8245,18.2581,218.2796,118.2688,100.0108,0.0000,0.0000,18.2581,218.2796
119.541,2,1,heuristic,31.1098,171.1019,2.3757,-0.3558,0.5326,0.6406,2.6365,2.0782,1.5000,-1.2192,1.9607,10.3972,-0.2895,3.0000,0.0000,3.0000,0,10.8245,-36.7980,311.1486,137.1753,173.9733,0.0000,0.0000,-36.7980,311.1486
119.592,2,1,heuristic,31.1098,171.1019,2.3829,-0.3558,0.5326,0.6406,2.6568,2.0779,1.5000,-1.2119,1.9607,10.3630,-0.2978,3.0000,0.0000,3.0000,0,10.8245,-17.5819,303.6766,143.0473,160.6293,0.0000,0.0000,-17.5819,303.6766
119.641,2,1,heuristic,31.0882,171.1326,2.3921,-0.3679,0.5442,0.6569,2.6522,2.0779,1.5000,-1.2119,1.9607,10.3630,-0.3049,3.0000,0.0000,3.0000,0,10.8245,-41.3723,281.3521,119.9899,161.3622,0.0000,0.0000,-41.3723,281.3521
119.690,2,1,heuristic,31.0669,171.1622,2.3997,-0.3830,0.5590,0.6776,2.6852,2.0775,1.5000,-1.2035,1.9607,10.3256,-0.3145,3.0000,0.0000,3.0000,0,10.8245,-16.6230,306.7619,145.0694,161.6925,0.0000,0.0000,-16.6230,306.7619
119.741,2,1,heuristic,31.0434,171.1943,2.4096,-0.3965,0.5706,0.6949,2.6665,2.0771,1.5000,-1.1951,1.9607,10.2894,-0.3226,3.0000,0.0000,3.0000,0,10.8245,33.9745,354.9348,194.4546,160.4802,0.0000,0.0000,33.9745,354.9348
119.791,2,1,heuristic,31.0205,171.2251,2.4186,-0.4127,0.5847,0.7157,-2.1920,2.0766,1.5000,-1.1856,1.9607,10.2499,-0.3330,3.0000,0.0000,3.0000,0,10.8245,11.8146,244.9415,128.3781,116.5634,0.0000,0.0000,11.8146,244.9415
119.840,2,1,heuristic,31.0205,171.2251,2.4233,-0.4127,0.5847,0.7157,2.6760,2.0761,1.5000,-1.1761,1.9607,10.2119,-0.3425,3.0000,0.0000,3.0000,0,10.8245,22.5696,309.9815,166.2755,143.7059,0.0000,0.0000,22.5696,309.9815
119.891,2,1,heuristic,30.9953,171.2583,2.4366,-0.4273,0.5955,0.7329,2.6865,2.0761,1.5000,-1.1761,1.9607,10.2119,-0.3472,3.0000,0.0000,3.0000,0,10.8245,-18.2558,267.0900,124.4171,142.6729,0.0000,0.0000,-18.2558,267.0900
119.940,2,1,heuristic,30.9709,171.2901,2.4438,-0.4435,0.6089,0.7533,-2.1823,2.0755,1.5000,-1.1654,1.9607,10.1706,-0.3610,3.0000,0.0000,3.0000,0,10.8245,-26.9802,157.0900,65.0549,92.0351,0.0000,0.0000,-26.9802,157.0900
119.991,2,1,heuristic,30.9446,171.3245,2.4573,-0.4557,0.6195,0.7691,-2.1823,2.0749,1.5000,-1.1549,1.9607,10.1310,-0.3689,3.0000,0.0000,3.0000,0,10.8245,13.5541,102.2324,57.8933,44.3392,0.0000,0.0000,13.5541,102.2324
120.041,2,1,heuristic,30.9200,171.3569,2.4673,-0.4673,0.6305,0.7848,2.6848,2.0743,1.5000,-1.1438,1.9607,10.0882,-0.3829,3.0000,0.0000,3.0000,0,10.8245,114.7832,193.3875,154.0853,39.3021,0.0000,0.0000,114.7832,193.3875
120.091,2,1,heuristic,30.9200,171.3569,2.4770,-0.4673,0.6305,0.7848,-2.1968,2.0737,1.5000,-1.1333,1.9607,10.0479,-0.3936,3.0000,0.0000,3.0000,0,10.8245,175.6764,143.1384,159.4074,-16.2690,0.0000,0.0000,175.6764,143.1384
120.141,2,1,heuristic,30.8937,171.3907,2.4869,-0.4750,0.6345,0.7926,2.6572,2.0737,1.5000,-1.1333,1.9607,10.0479,-0.4033,3.0000,0.0000,3.0000,0,10.8245,169.2296,33.2352,101.2324,-67.9972,0.0000,0.0000,169.2296,33.2352
120.191,2,1,heuristic,30.8682,171.4225,2.4961,-0.4862,0.6400,0.8037,-2.2113,2.0730,1.5000,-1.1218,1.9607,10.0056,-0.4139,3.0000,0.0000,3.0000,0,10.8245,115.6807,31.1694,73.4251,-42.2556,0.0000,0.0000,115.6807,31.1694
120.240,2,1,heuristic,30.8404,171.4558,2.5053,-0.4958,0.6400,0.8096,2.6395,2.0723,1.5000,-1.1103,1.9607,9.9655,-0.4238,3.0000,0.0000,3.0000,0,10.8245,180.5927,64.0035,122.2981,-58.2946,0.0000,0.0000,180.5927,64.0035
120.290,2,1,heuristic,30.8139,171.4864,2.5136,-0.5073,0.6393,0.8161,-2.2635,2.0715,1.5000,-1.0972,1.9607,9.9230,-0.4338,3.0000,0.0000,3.0000,0,10.8245,116.8351,68.0560,92.4456,-24.3896,0.0000,0.0000,116.8351,68.0560
120.341,2,1,heuristic,30.7851,171.5180,2.5235,-0.5163,0.6331,0.8170,2.5928,2.0706,1.5000,-1.0843,1.9607,9.8834,-0.4429,3.0000,0.0000,3.0000,0,10.8245,28.7055,98.7991,63.7523,35.0468,0.0000,0.0000,28.7055,98.7991
120.390,2,1,heuristic,30.7578,171.5472,2.5323,-0.5271,0.6282,0.8200,2.5998,2.0696,1.5000,-1.0697,1.9607,9.8419,-0.4539,3.0000,0.0000,3.0000,0,10.8245,28.7055,98.7991,63.7523,35.0468,0.0000,0.0000,28.7055,98.7991
120.440,2,1,heuristic,30.7578,171.5472,2.5392,-0.5271,0.6282,0.8200,-2.2900,2.0686,1.5000,-1.0555,1.9607,9.8032,-0.4637,3.0000,0.0000,3.0000,0,10.8245,54.2343,186.3422,120.2883,66.0539,0.0000,0.0000,54.2343,186.3422
120.491,2,1,heuristic,30.7288,171.5775,2.5455,-0.5332,0.6193,0.8172,2.5863,2.0686,1.5000,-1.0555,1.9607,9.8032,-0.4706,3.0000,0.0000,3.0000,0,10.8245,13.7792,152.5113,83.1452,69.3660,0.0000,0.0000,13.7792,152.5113
120.540,2,1,heuristic,30.7014,171.6058,2.5488,-0.5405,0.6131,0.8173,2.5802,2.0675,1.5000,-1.0403,1.9607,9.7627,-0.4780,3.0000,0.0000,3.0000,0,10.8245,123.7792,205.6743,164.7268,40.9476,0.0000,0.0000,123.7792,205.6743
120.590,2,1,heuristic,30.6722,171.6357,2.5564,-0.5448,0.6055,0.8145,-2.2795,2.0664,1.5000,-1.0257,1.9607,9.7248,-0.4824,3.0000,0.0000,3.0000,0,10.8245,99.7074,95.6745,97.6909,-2.0164,0.0000,0.0000,99.7074,95.6745
120.641,2,1,heuristic,30.6722,171.6357,2.5626,-0.5448,0.6055,0.8145,2.5867,2.0652,1.5000,-1.0100,1.9607,9.6846,-0.4912,3.0000,0.0000,3.0000,0,10.8245,29.4703,-14.3255,7.5724,-21.8979,0.0000,0.0000,29.4703,-14.3255
120.691,2,1,heuristic,30.6440,171.6640,2.5684,-0.5532,0.6024,0.8179,-2.2997,2.0652,1.5000,-1.0100,1.9607,9.6846,-0.4974,3.0000,0.0000,3.0000,0,10.8245,88.2879,2.2326,45.2602,-43.0276,0.0000,0.0000,88.2879,2.2326
120.741,2,1,heuristic,30.6143,171.6937,2.5757,-0.5569,0.5962,0.8159,-2.2920,2.0640,1.5000,-0.9947,1.9607,9.6463,-0.5044,3.0000,0.0000,3.0000,0,10.8245,138.0700,11.4213,74.7456,-63.3243,0.0000,0.0000,138.0700,11.4213
120.790,2,1,heuristic,30.5866,171.7208,2.5809,-0.5609,0.5900,0.8140,2.5630,2.0627,1.5000,-0.9785,1.9607,9.6061,-0.5129,3.0000,0.0000,3.0000,0,10.8245,162.5961,13.8103,88.2032,-74.3929,0.0000,0.0000,162.5961,13.8103
120.841,2,1,heuristic,30.5572,171.7487,2.5860,-0.5617,0.5791,0.8067,-2.3468,2.0615,1.5000,-0.9632,1.9607,9.5691,-0.5194,3.0000,0.0000,3.0000,0,10.8245,128.1804,-34.7843,46.6980,-81.4823,0.0000,0.0000,128.1804,-34.7843
120.891,2,1,heuristic,30.5293,171.7742,2.5904,-0.5656,0.5696,0.8028,2.5278,2.0602,1.5000,-0.9467,1.9607,9.5307,-0.5258,3.0000,0.0000,3.0000,0,10.8245,100.3960,-3.9964,48.1998,-52.1962,0.0000,0.0000,100.3960,-3.9964
120.940,2,1,heuristic,30.5293,171.7742,2.5946,-0.5656,0.5696,0.8028,-2.3683,2.0589,1.5000,-0.9305,1.9607,9.4951,-0.5315,3.0000,0.0000,3.0000,0,10.8245,100.7320,36.7596,68.7458,-31.9862,0.0000,0.0000,100.7320,36.7596
120.991,2,1,heuristic,30.4721,171.8242,2.5998,-0.5684,0.5441,0.7869,2.5158,2.0589,1.5000,-0.9305,1.9607,9.4951,-0.5357,3.0000,0.0000,3.0000,0,10.8245,136.6493,-38.8507,48.8993,-87.7500,0.0000,0.0000,136.6493,-38.8507
121.040,2,1,heuristic,30.4721,171.8242,2.6033,-0.5684,0.5441,0.7869,2.4888,2.0560,1.5000,-0.8966,1.9607,9.4241,-0.5439,3.0000,0.0000,3.0000,0,10.8245,28.1926,51.7175,39.9550,11.7625,0.0000,0.0000,28.1926,51.7175
121.091,2,1,heuristic,30.4429,171.8485,2.6055,-0.5670,0.5289,0.7754,2.5045,2.0560,1.5000,-0.8966,1.9607,9.4241,-0.5473,3.0000,0.0000,3.0000,0,10.8245,64.1749,145.2133,104.6941,40.5192,0.0000,0.0000,64.1749,145.2133
121.141,2,1,heuristic,30.4157,171.8705,2.6077,-0.5669,0.5149,0.7659,-2.3933,2.0544,1.5000,-0.8788,1.9607,9.3890,-0.5511,3.0000,0.0000,3.0000,0,10.8245,3.4677,55.1461,29.3069,25.8392,0.0000,0.0000,3.4677,55.1461
121.191,2,1,heuristic,30.3870,171.8934,2.6106,-0.5639,0.4998,0.7535,2.5070,2.0530,1.5000,-0.8620,1.9607,9.3569,-0.5547,3.0000,0.0000,3.0000,0,10.8245,113.4629,-30.9388,41.2620,-72.2008,0.0000,0.0000,113.4629,-30.9388
121.241,2,1,heuristic,30.3604,171.9147,2.6126,-0.5621,0.4885,0.7447,-2.4150,2.0514,1.5000,-0.8442,1.9607,9.3233,-0.5593,3.0000,0.0000,3.0000,0,10.8245,179.3572,-27.3026,76.0273,-103.3299,0.0000,0.0000,179.3572,-27.3026
121.291,2,1,heuristic,30.3326,171.9367,2.6153,-0.5564,0.4754,0.7318,-2.4065,2.0499,1.5000,-0.8276,1.9607,9.2921,-0.5627,3.0000,0.0000,3.0000,0,10.8245,186.0877,-68.4940,58.7969,-127.2908,0.0000,0.0000,186.0877,-68.4940
121.341,2,1,heuristic,30.3064,171.9567,2.6168,-0.5543,0.4638,0.7228,2.4515,2.0483,1.5000,-0.8103,1.9607,9.2599,-0.5670,3.0000,0.0000,3.0000,0,10.8245,255.0316,-124.3256,65.3530,-189.6786,0.0000,0.0000,255.0316,-124.3256
121.390,2,1,heuristic,30.3064,171.9567,2.6183,-0.5543,0.4638,0.7228,-2.4435,2.0468,1.5000,-0.7937,1.9607,9.2300,-0.5701,3.0000,0.0000,3.0000,0,10.8245,244.5385,-125.9878,59.2753,-185.2632,0.0000,0.0000,244.5385,-125.9878
121.440,2,1,heuristic,30.2784,171.9771,2.6177,-0.5510,0.4493,0.7110,-2.4740,2.0468,1.5000,-0.7937,1.9607,9.2300,-0.5715,3.0000,0.0000,3.0000,0,10.8245,181.4644,-125.6769,27.8938,-153.5706,0.0000,0.0000,181.4644,-125.6769
121.490,2,1,heuristic,30.2517,171.9952,2.6201,-0.5521,0.4351,0.7030,2.4120,2.0451,1.5000,-0.7756,1.9607,9.1991,-0.5726,3.0000,0.0000,3.0000,0,10.8245,179.1842,-90.3951,44.3945,-134.7896,0.0000,0.0000,179.1842,-90.3951
121.540,2,1,heuristic,30.2232,172.0133,2.6168,-0.5515,0.4178,0.6918,-2.5063,2.0434,1.5000,-0.7578,1.9607,9.1708,-0.5766,3.0000,0.0000,3.0000,0,10.8245,91.8588,-129.7630,-18.9521,-110.8109,0.0000,0.0000,91.8588,-129.7630
121.591,2,1,heuristic,30.1962,172.0295,2.6170,-0.5534,0.4014,0.6837,-2.5105,2.0415,1.5000,-0.7382,1.9607,9.1417,-0.5752,3.0000,0.0000,3.0000,0,10.8245,106.5222,-121.4302,-7.4540,-113.9762,0.0000,0.0000,106.5222,-121.4302
121.641,2,1,heuristic,30.1680,172.0456,2.6141,-0.5515,0.3831,0.6714,2.3643,2.0397,1.5000,-0.7195,1.9607,9.1151,-0.5773,3.0000,0.0000,3.0000,0,10.8245,172.4731,-91.6387,40.4172,-132.0559,0.0000,0.0000,172.4731,-91.6387
121.690,2,1,heuristic,30.1419,172.0598,2.6113,-0.5499,0.3658,0.6604,-2.5405,2.0377,1.5000,-0.6994,1.9607,9.0880,-0.5763,3.0000,0.0000,3.0000,0,10.8245,123.7144,-3.6960,60.0092,-63.7052,0.0000,0.0000,123.7144,-3.6960
121.740,2,1,heuristic,30.1144,172.0741,2.6076,-0.5456,0.3476,0.6469,2.3640,2.0359,1.5000,-0.6807,1.9607,9.0635,-0.5754,3.0000,0.0000,3.0000,0,10.8245,179.7360,38.8989,109.3175,-70.4186,0.0000,0.0000,179.7360,38.8989
121.791,2,1,heuristic,30.0885,172.0871,2.6032,-0.5445,0.3325,0.6379,2.3527,2.0339,1.5000,-0.6607,1.9607,9.0385,-0.5738,3.0000,0.0000,3.0000,0,10.8245,161.3615,39.5190,100.4403,-60.9212,0.0000,0.0000,161.3615,39.5190
121.841,2,1,heuristic,30.0885,172.0871,2.5996,-0.5445,0.3325,0.6379,-2.5703,2.0319,1.5000,-0.6417,1.9607,9.0152,-0.5712,3.0000,0.0000,3.0000,0,10.8245,161.3615,39.5190,100.4403,-60.9212,0.0000,0.0000,161.3615,39.5190
121.891,2,1,heuristic,30.0606,172.1009,2.5934,-0.5428,0.3187,0.6294,-2.5430,2.0319,1.5000,-0.6417,1.9607,9.0152,-0.5677,3.0000,0.0000,3.0000,0,10.8245,184.3617,118.1232,151.2425,-33.1192,0.0000,0.0000,184.3617,118.1232
121.940,2,1,heuristic,30.0340,172.1138,2.5918,-0.5451,0.3088,0.6265,-2.5693,2.0298,1.5000,-0.6211,1.9607,8.9906,-0.5636,3.0000,0.0000,3.0000,0,10.8245,74.3620,128.5961,101.4790,27.1171,0.0000,0.0000,74.3620,128.5961
121.990,2,1,heuristic,30.0051,172.1276,2.5857,-0.5473,0.3004,0.6243,2.3455,2.0278,1.5000,-0.6014,1.9607,8.9672,-0.5639,3.0000,0.0000,3.0000,0,10.8245,0.5943,188.9435,94.7689,94.1746,0.0000,0.0000,0.5943,188.9435
122.040,2,1,heuristic,29.9772,172.1410,2.5817,-0.5539,0.2958,0.6279,-2.5570,2.0256,1.5000,-0.5800,1.9607,8.9420,-0.5601,3.0000,0.0000,3.0000,0,10.8245,-3.1227,168.1814,82.5294,85.6520,0.0000,0.0000,-3.1227,168.1814
122.090,2,1,heuristic,29.9473,172.1555,2.5774,-0.5581,0.2926,0.6301,2.3950,2.0235,1.5000,-0.5593,1.9607,8.9178,-0.5582,3.0000,0.0000,3.0000,0,10.8245,-74.6547,274.0742,99.7098,174.3645,0.0000,0.0000,-74.6547,274.0742
122.141,2,1,heuristic,29.9189,172.1695,2.5742,-0.5650,0.2924,0.6362,-2.4935,2.0211,1.5000,-0.5372,1.9607,8.8917,-0.5562,3.0000,0.0000,3.0000,0,10.8245,-74.6547,274.0742,99.7098,174.3645,0.0000,0.0000,-74.6547,274.0742
122.191,2,1,heuristic,29.8884,172.1849,2.5713,-0.5692,0.2932,0.6403,-2.4730,2.0189,1.5000,-0.5162,1.9607,8.8667,-0.5552,3.0000,0.0000,3.0000,0,10.8245,-90.7363,224.1387,66.7012,157.4375,0.0000,0.0000,-90.7363,224.1387
122.241,2,1,heuristic,29.8594,172.2000,2.5695,-0.5764,0.2973,0.6486,2.4533,2.0166,1.5000,-0.4938,1.9607,8.8397,-0.5547,3.0000,0.0000,3.0000,0,10.8245,-34.7351,208.3970,86.8309,121.5661,0.0000,0.0000,-34.7351,208.3970
122.291,2,1,heuristic,29.8284,172.2164,2.5699,-0.5803,0.3011,0.6537,2.4813,2.0144,1.5000,-0.4727,1.9607,8.8136,-0.5552,3.0000,0.0000,3.0000,0,10.8245,2.4990,197.1296,99.8143,97.3153,0.0000,0.0000,2.4990,197.1296
122.341,2,1,heuristic,29.7990,172.2323,2.5689,-0.5867,0.3070,0.6622,2.4958,2.0120,1.5000,-0.4503,1.9607,8.7855,-0.5579,3.0000,0.0000,3.0000,0,10.8245,-106.5108,186.2587,39.8739,146.3848,0.0000,0.0000,-106.5108,186.2587
122.391,2,1,heuristic,29.7677,172.2497,2.5697,-0.5899,0.3126,0.6676,-2.4285,2.0097,1.5000,-0.4291,1.9607,8.7586,-0.5592,3.0000,0.0000,3.0000,0,10.8245,-56.2422,119.3749,31.5663,87.8085,0.0000,0.0000,-56.2422,119.3749
122.441,2,1,heuristic,29.7386,172.2666,2.5718,-0.5929,0.3204,0.6739,-2.3893,2.0073,1.5000,-0.4068,1.9607,8.7295,-0.5624,3.0000,0.0000,3.0000,0,10.8245,0.2862,122.9602,61.6232,61.3370,0.0000,0.0000,0.2862,122.9602
122.491,2,1,heuristic,29.7386,172.2666,2.5737,-0.5929,0.3204,0.6739,2.5280,2.0051,1.5000,-0.3863,1.9607,8.7020,-0.5667,3.0000,0.0000,3.0000,0,10.8245,83.5513,135.0828,109.3170,25.7657,0.0000,0.0000,83.5513,135.0828
122.541,2,1,heuristic,29.6801,172.3015,2.5774,-0.5903,0.3310,0.6768,-2.4040,2.0051,1.5000,-0.3863,1.9607,8.7020,-0.5686,3.0000,0.0000,3.0000,0,10.8245,86.0868,25.0832,55.5850,-30.5018,0.0000,0.0000,86.0868,25.0832
122.591,2,1,heuristic,29.6801,172.3015,2.5803,-0.5903,0.3310,0.6768,2.5183,2.0007,1.5000,-0.3455,1.9607,8.6457,-0.5767,3.0000,0.0000,3.0000,0,10.8245,96.0084,-58.6403,18.6841,-77.3244,0.0000,0.0000,96.0084,-58.6403
122.641,2,1,heuristic,29.6500,172.3195,2.5829,-0.5880,0.3338,0.6762,-2.4115,2.0007,1.5000,-0.3455,1.9607,8.6457,-0.5796,3.0000,0.0000,3.0000,0,10.8245,121.4481,-98.6032,11.4224,-110.0257,0.0000,0.0000,121.4481,-98.6032
122.691,2,1,heuristic,29.6219,172.3360,2.5862,-0.5874,0.3360,0.6767,2.5112,1.9984,1.5000,-0.3244,1.9607,8.6169,-0.5845,3.0000,0.0000,3.0000,0,10.8245,142.5160,-104.4449,19.0355,-123.4805,0.0000,0.0000,142.5160,-104.4449
122.741,2,1,heuristic,29.5926,172.3526,2.5887,-0.5826,0.3324,0.6708,2.4842,1.9962,1.5000,-0.3048,1.9607,8.5902,-0.5901,3.0000,0.0000,3.0000,0,10.8245,174.4887,-55.2070,59.6408,-114.8479,0.0000,0.0000,174.4887,-55.2070
122.790,2,1,heuristic,29.5653,172.3669,2.5905,-0.5798,0.3258,0.6651,-2.4550,1.9939,1.5000,-0.2840,1.9607,8.5631,-0.5949,3.0000,0.0000,3.0000,0,10.8245,176.3447,-79.8181,48.2633,-128.0814,0.0000,0.0000,176.3447,-79.8181
122.841,2,1,heuristic,29.5364,172.3810,2.5914,-0.5751,0.3148,0.6556,2.4543,1.9916,1.5000,-0.2642,1.9607,8.5388,-0.5989,3.0000,0.0000,3.0000,0,10.8245,192.5037,-56.5687,67.9675,-124.5362,0.0000,0.0000,192.5037,-56.5687
122.891,2,1,heuristic,29.5091,172.3933,2.5921,-0.5740,0.3032,0.6492,-2.4863,1.9892,1.5000,-0.2428,1.9607,8.5142,-0.6022,3.0000,0.0000,3.0000,0,10.8245,162.5565,-4.8328,78.8619,-83.6946,0.0000,0.0000,162.5565,-4.8328
122.941,2,1,heuristic,29.5091,172.3933,2.5920,-0.5740,0.3032,0.6492,-2.5008,1.9869,1.5000,-0.2222,1.9607,8.4918,-0.6052,3.0000,0.0000,3.0000,0,10.8245,186.0586,-33.2640,76.3973,-109.6613,0.0000,0.0000,186.0586,-33.2640
122.991,2,1,heuristic,29.4798,172.4057,2.5916,-0.5719,0.2903,0.6413,-2.5097,1.9869,1.5000,-0.2222,1.9607,8.4918,-0.6051,3.0000,0.0000,3.0000,0,10.8245,134.1570,-150.7645,-8.3037,-142.4608,0.0000,0.0000,134.1570,-150.7645
123.040,2,1,heuristic,29.4519,172.4172,2.5910,-0.5735,0.2800,0.6382,-2.5255,1.9843,1.5000,-0.1998,1.9607,8.4687,-0.6073,3.0000,0.0000,3.0000,0,10.8245,134.1570,-150.7645,-8.3037,-142.4608,0.0000,0.0000,134.1570,-150.7645
123.091,2,1,heuristic,29.4226,172.4289,2.5896,-0.5717,0.2691,0.6318,2.4038,1.9818,1.5000,-0.1784,1.9607,8.4470,-0.6092,3.0000,0.0000,3.0000,0,10.8245,99.8482,-163.6144,-31.8831,-131.7313,0.0000,0.0000,99.8482,-163.6144
123.140,2,1,heuristic,29.3954,172.4393,2.5871,-0.5705,0.2585,0.6264,2.4030,1.9792,1.5000,-0.1557,1.9607,8.4246,-0.6104,3.0000,0.0000,3.0000,0,10.8245,86.5343,-140.2812,-26.8734,-113.4077,0.0000,0.0000,86.5343,-140.2812
123.190,2,1,heuristic,29.3954,172.4393,2.5854,-0.5705,0.2585,0.6264,2.3982,1.9767,1.5000,-0.1345,1.9607,8.4043,-0.6104,3.0000,0.0000,3.0000,0,10.8245,138.2737,-45.9036,46.1851,-92.0886,0.0000,0.0000,138.2737,-45.9036
123.240,2,1,heuristic,29.3673,172.4495,2.5817,-0.5646,0.2459,0.6158,2.3618,1.9767,1.5000,-0.1345,1.9607,8.4043,-0.6087,3.0000,0.0000,3.0000,0,10.8245,206.4963,-25.6250,90.4356,-116.0606,0.0000,0.0000,206.4963,-25.6250
123.290,2,1,heuristic,29.3411,172.4584,2.5794,-0.5607,0.2339,0.6075,2.3748,1.9741,1.5000,-0.1124,1.9607,8.3839,-0.6076,3.0000,0.0000,3.0000,0,10.8245,275.8586,7.4984,141.6785,-134.1801,0.0000,0.0000,275.8586,7.4984
123.341,2,1,heuristic,29.3129,172.4674,2.5748,-0.5571,0.2220,0.5997,2.3607,1.9716,1.5000,-0.0916,1.9607,8.3654,-0.6078,3.0000,0.0000,3.0000,0,10.8245,262.6067,11.6089,137.1078,-125.4989,0.0000,0.0000,262.6067,11.6089
123.390,2,1,heuristic,29.2852,172.4759,2.5709,-0.5611,0.2126,0.6000,-2.5918,1.9690,1.5000,-0.0689,1.9607,8.3461,-0.6058,3.0000,0.0000,3.0000,0,10.8245,226.7669,-77.1111,74.8279,-151.9390,0.0000,0.0000,226.7669,-77.1111
123.441,2,1,heuristic,29.2852,172.4759,2.5664,-0.5611,0.2126,0.6000,2.3390,1.9663,1.5000,-0.0465,1.9607,8.3276,-0.6046,3.0000,0.0000,3.0000,0,10.8245,148.0750,-130.0579,9.0086,-139.0664,0.0000,0.0000,148.0750,-130.0579
123.490,2,1,heuristic,29.2548,172.4848,2.5617,-0.5658,0.2044,0.6016,2.3320,1.9663,1.5000,-0.0465,1.9607,8.3276,-0.6001,3.0000,0.0000,3.0000,0,10.8245,106.4570,-199.0654,-46.3042,-152.7612,0.0000,0.0000,106.4570,-199.0654
123.541,2,1,heuristic,29.2258,172.4927,2.5565,-0.5734,0.1967,0.6063,2.3213,1.9633,1.5000,-0.0218,1.9607,8.3077,-0.5983,3.0000,0.0000,3.0000,0,10.8245,107.6085,-127.3186,-9.8551,-117.4636,0.0000,0.0000,107.6085,-127.3186
123.591,2,1,heuristic,29.1955,172.5002,2.5510,-0.5755,0.1860,0.6048,-2.6332,1.9605,1.5000,0.0020,1.9607,8.2893,-0.5960,3.0000,0.0000,3.0000,0,10.8245,176.7227,-191.4786,-7.3779,-184.1007,0.0000,0.0000,176.7227,-191.4786
123.640,2,1,heuristic,29.1674,172.5063,2.5450,-0.5774,0.1743,0.6031,2.2963,1.9574,1.5000,0.0273,1.9607,8.2709,-0.5936,3.0000,0.0000,3.0000,0,10.8245,117.3552,-192.3323,-37.4886,-154.8437,0.0000,0.0000,117.3552,-192.3323
123.690,2,1,heuristic,29.1674,172.5063,2.5389,-0.5774,0.1743,0.6031,-2.6465,1.9545,1.5000,0.0509,1.9607,8.2547,-0.5905,3.0000,0.0000,3.0000,0,10.8245,224.7664,-220.4026,2.1819,-222.5845,0.0000,0.0000,224.7664,-220.4026
123.741,2,1,heuristic,29.1113,172.5162,2.5289,-0.5715,0.1468,0.5901,2.2640,1.9545,1.5000,0.0509,1.9607,8.2547,-0.5844,3.0000,0.0000,3.0000,0,10.8245,234.7426,-239.3205,-2.2890,-237.0316,0.0000,0.0000,234.7426,-239.3205
123.791,2,1,heuristic,29.1113,172.5162,2.5247,-0.5715,0.1468,0.5901,2.2628,1.9487,1.5000,0.0991,1.9607,8.2246,-0.5803,3.0000,0.0000,3.0000,0,10.8245,234.7426,-239.3205,-2.2890,-237.0316,0.0000,0.0000,234.7426,-239.3205
123.841,2,1,heuristic,29.0832,172.5199,2.5145,-0.5652,0.1314,0.5803,-2.6905,1.9487,1.5000,0.0991,1.9607,8.2246,-0.5760,3.0000,0.0000,3.0000,0,10.8245,239.8600,-269.1927,-14.6663,-254.5263,0.0000,0.0000,239.8600,-269.1927
123.891,2,1,heuristic,29.0571,172.5223,2.5088,-0.5610,0.1153,0.5727,2.2277,1.9456,1.5000,0.1237,1.9607,8.2109,-0.5689,3.0000,0.0000,3.0000,0,10.8245,218.0626,-249.8180,-15.8777,-233.9403,0.0000,0.0000,218.0626,-249.8180
123.941,2,1,heuristic,29.0299,172.5238,2.4966,-0.5535,0.0979,0.5621,2.2100,1.9428,1.5000,0.1469,1.9607,8.1991,-0.5661,3.0000,0.0000,3.0000,0,10.8245,217.9666,-268.7222,-25.3778,-243.3444,0.0000,0.0000,217.9666,-268.7222
123.990,2,1,heuristic,29.0047,172.5241,2.4869,-0.5478,0.0796,0.5535,-2.7455,1.9397,1.5000,0.1715,1.9607,8.1879,-0.5569,3.0000,0.0000,3.0000,0,10.8245,237.0091,-211.6152,12.6969,-224.3121,0.0000,0.0000,237.0091,-211.6152
124.040,2,1,heuristic,29.0047,172.5241,2.4770,-0.5478,0.0796,0.5535,2.1920,1.9369,1.5000,0.1947,1.9607,8.1786,-0.5500,3.0000,0.0000,3.0000,0,10.8245,251.6137,-256.5758,-2.4810,-254.0948,0.0000,0.0000,251.6137,-256.5758
124.090,2,1,heuristic,28.9784,172.5233,2.4636,-0.5393,0.0605,0.5427,-2.7730,1.9369,1.5000,0.1947,1.9607,8.1786,-0.5402,3.0000,0.0000,3.0000,0,10.8245,243.7102,-176.7327,33.4887,-210.2215,0.0000,0.0000,243.7102,-176.7327
124.141,2,1,heuristic,28.9538,172.5216,2.4526,-0.5340,0.0417,0.5356,2.1637,1.9338,1.5000,0.2193,1.9607,8.1700,-0.5297,3.0000,0.0000,3.0000,0,10.8245,303.1664,-191.1773,55.9945,-247.1718,0.0000,0.0000,303.1664,-191.1773
124.191,2,1,heuristic,28.9277,172.5192,2.4379,-0.5275,0.0241,0.5280,2.1783,1.9310,1.5000,0.2427,1.9607,8.1628,-0.5216,3.0000,0.0000,3.0000,0,10.8245,285.7241,-265.4366,10.1438,-275.5803,0.0000,0.0000,285.7241,-265.4366
124.240,2,1,heuristic,28.9028,172.5167,2.4290,-0.5256,0.0085,0.5257,2.1507,1.9279,1.5000,0.2677,1.9607,8.1559,-0.5100,3.0000,0.0000,3.0000,0,10.8245,313.2590,-215.1855,49.0367,-264.2223,0.0000,0.0000,313.2590,-215.1855
124.291,2,1,heuristic,28.8760,172.5136,2.4133,-0.5235,-0.0049,0.5235,2.1405,1.9249,1.5000,0.2917,1.9607,8.1496,-0.5041,3.0000,0.0000,3.0000,0,10.8245,249.3797,-218.5272,15.4262,-233.9534,0.0000,0.0000,249.3797,-218.5272
124.341,2,1,heuristic,28.8503,172.5107,2.4005,-0.5259,-0.0162,0.5261,-2.8188,1.9217,1.5000,0.3176,1.9607,8.1432,-0.4917,3.0000,0.0000,3.0000,0,10.8245,224.8852,-240.3182,-7.7165,-232.6017,0.0000,0.0000,224.8852,-240.3182
124.390,2,1,heuristic,28.8228,172.5075,2.3825,-0.5268,-0.0252,0.5274,-2.8225,1.9186,1.5000,0.3425,1.9607,8.1372,-0.4819,3.0000,0.0000,3.0000,0,10.8245,224.8852,-240.3182,-7.7165,-232.6017,0.0000,0.0000,224.8852,-240.3182
124.441,2,1,heuristic,28.7967,172.5043,2.3665,-0.5300,-0.0333,0.5311,-2.8262,1.9153,1.5000,0.3692,1.9607,8.1309,-0.4672,3.0000,0.0000,3.0000,0,10.8245,184.3664,-227.4897,-21.5616,-205.9281,0.0000,0.0000,184.3664,-227.4897
124.490,2,1,heuristic,28.7967,172.5043,2.3526,-0.5300,-0.0333,0.5311,2.0985,1.9121,1.5000,0.3946,1.9607,8.1251,-0.4544,3.0000,0.0000,3.0000,0,10.8245,216.7622,-249.0736,-16.1557,-232.9179,0.0000,0.0000,216.7622,-249.0736
124.540,2,1,heuristic,28.7691,172.5008,2.3346,-0.5303,-0.0402,0.5318,-2.8443,1.9121,1.5000,0.3946,1.9607,8.1251,-0.4405,3.0000,0.0000,3.0000,0,10.8245,216.7622,-249.0736,-16.1557,-232.9179,0.0000,0.0000,216.7622,-249.0736
124.591,2,1,heuristic,28.7432,172.4973,2.3239,-0.5321,-0.0469,0.5342,2.0903,1.9088,1.5000,0.4214,1.9607,8.1192,-0.4258,3.0000,0.0000,3.0000,0,10.8245,204.9046,-139.0979,32.9034,-172.0012,0.0000,0.0000,204.9046,-139.0979
124.640,2,1,heuristic,28.7158,172.4931,2.3019,-0.5309,-0.0534,0.5336,2.1290,1.9056,1.5000,0.4467,1.9607,8.1140,-0.4183,3.0000,0.0000,3.0000,0,10.8245,148.6902,-149.1462,-0.2280,-148.9182,0.0000,0.0000,148.6902,-149.1462
124.691,2,1,heuristic,28.6901,172.4892,2.2909,-0.5321,-0.0590,0.5353,2.1088,1.9023,1.5000,0.4736,1.9607,8.1089,-0.3996,3.0000,0.0000,3.0000,0,10.8245,196.0798,-159.3876,18.3461,-177.7337,0.0000,0.0000,196.0798,-159.3876
124.741,2,1,heuristic,28.6901,172.4892,2.2798,-0.5321,-0.0590,0.5353,-2.8342,1.8991,1.5000,0.4989,1.9607,8.1043,-0.3919,3.0000,0.0000,3.0000,0,10.8245,272.7955,-206.1747,33.3104,-239.4851,0.0000,0.0000,272.7955,-206.1747
124.791,2,1,heuristic,28.6374,172.4811,2.2580,-0.5302,-0.0670,0.5344,-2.8333,1.8991,1.5000,0.4989,1.9607,8.1043,-0.3807,3.0000,0.0000,3.0000,0,10.8245,263.8762,-162.7319,50.5722,-213.3040,0.0000,0.0000,263.8762,-162.7319
124.841,2,1,heuristic,28.6374,172.4811,2.2433,-0.5302,-0.0670,0.5344,2.1033,1.8926,1.5000,0.5507,1.9607,8.0952,-0.3654,3.0000,0.0000,3.0000,0,10.8245,227.8325,-227.2458,0.2934,-227.5392,0.0000,0.0000,227.8325,-227.2458
124.891,2,1,heuristic,28.6104,172.4770,2.2287,-0.5283,-0.0696,0.5328,-2.8580,1.8926,1.5000,0.5507,1.9607,8.0952,-0.3507,3.0000,0.0000,3.0000,0,10.8245,187.2343,-205.6624,-9.2140,-196.4484,0.0000,0.0000,187.2343,-205.6624
124.940,2,1,heuristic,28.5848,172.4731,2.2138,-0.5289,-0.0719,0.5338,2.1105,1.8893,1.5000,0.5773,1.9607,8.0906,-0.3395,3.0000,0.0000,3.0000,0,10.8245,164.3057,-235.6276,-35.6609,-199.9666,0.0000,0.0000,164.3057,-235.6276
124.991,2,1,heuristic,28.5581,172.4686,2.1966,-0.5262,-0.0745,0.5315,2.0995,1.8861,1.5000,0.6024,1.9607,8.0863,-0.3277,3.0000,0.0000,3.0000,0,10.8245,244.8663,-164.0694,40.3984,-204.4679,0.0000,0.0000,244.8663,-164.0694
125.041,2,1,heuristic,28.5332,172.4641,2.1842,-0.5245,-0.0785,0.5303,2.1095,1.8828,1.5000,0.6288,1.9607,8.0823,-0.3138,3.0000,0.0000,3.0000,0,10.8245,160.3882,-207.7227,-23.6672,-184.0555,0.0000,0.0000,160.3882,-207.7227
125.091,2,1,heuristic,28.5332,172.4641,2.1694,-0.5245,-0.0785,0.5303,-2.8552,1.8797,1.5000,0.6536,1.9607,8.0790,-0.3045,3.0000,0.0000,3.0000,0,10.8245,229.3248,-187.8538,20.7355,-208.5893,0.0000,0.0000,229.3248,-187.8538
125.140,2,1,heuristic,28.5071,172.4592,2.1495,-0.5201,-0.0817,0.5265,-2.8490,1.8797,1.5000,0.6536,1.9607,8.0790,-0.2897,3.0000,0.0000,3.0000,0,10.8245,258.8459,-183.3749,37.7355,-221.1104,0.0000,0.0000,258.8459,-183.3749
125.191,2,1,heuristic,28.4827,172.4544,2.1371,-0.5177,-0.0853,0.5247,2.1073,1.8764,1.5000,0.6796,1.9607,8.0758,-0.2730,3.0000,0.0000,3.0000,0,10.8245,274.7410,-181.0920,46.8245,-227.9165,0.0000,0.0000,274.7410,-181.0920
125.240,2,1,heuristic,28.4568,172.4495,2.1173,-0.5139,-0.0872,0.5212,2.1095,1.8734,1.5000,0.7040,1.9607,8.0730,-0.2637,3.0000,0.0000,3.0000,0,10.8245,233.2847,-128.6431,52.3208,-180.9639,0.0000,0.0000,233.2847,-128.6431
125.290,2,1,heuristic,28.4321,172.4452,2.1022,-0.5140,-0.0876,0.5214,-2.8615,1.8701,1.5000,0.7298,1.9607,8.0701,-0.2472,3.0000,0.0000,3.0000,0,10.8245,211.4664,-189.2887,11.0889,-200.3775,0.0000,0.0000,211.4664,-189.2887
125.341,2,1,heuristic,28.4056,172.4413,2.0835,-0.5130,-0.0852,0.5200,2.1030,1.8671,1.5000,0.7543,1.9607,8.0669,-0.2351,3.0000,0.0000,3.0000,0,10.8245,211.4664,-189.2887,11.0889,-200.3775,0.0000,0.0000,211.4664,-189.2887
125.390,2,1,heuristic,28.3805,172.4380,2.0683,-0.5149,-0.0818,0.5214,-2.8745,1.8638,1.5000,0.7803,1.9607,8.0630,-0.2197,3.0000,0.0000,3.0000,0,10.8245,272.6986,-153.5957,59.5515,-213.1471,0.0000,0.0000,272.6986,-153.5957
125.441,2,1,heuristic,28.3538,172.4349,2.0497,-0.5146,-0.0774,0.5203,-2.8668,1.8607,1.5000,0.8047,1.9607,8.0589,-0.2076,3.0000,0.0000,3.0000,0,10.8245,319.2113,-125.1576,97.0268,-222.1845,0.0000,0.0000,319.2113,-125.1576
125.491,2,1,heuristic,28.3284,172.4327,2.0346,-0.5174,-0.0712,0.5223,2.1025,1.8574,1.5000,0.8306,1.9607,8.0543,-0.1924,3.0000,0.0000,3.0000,0,10.8245,248.7075,-210.5270,19.0903,-229.6172,0.0000,0.0000,248.7075,-210.5270
125.541,2,1,heuristic,28.3284,172.4327,2.0196,-0.5174,-0.0712,0.5223,-2.8635,1.8543,1.5000,0.8549,1.9607,8.0493,-0.1803,3.0000,0.0000,3.0000,0,10.8245,255.5808,-251.0917,2.2446,-253.3362,0.0000,0.0000,255.5808,-251.0917
125.591,2,1,heuristic,28.2751,172.4306,1.9969,-0.5234,-0.0528,0.5260,2.0910,1.8543,1.5000,0.8549,1.9607,8.0493,-0.1653,3.0000,0.0000,3.0000,0,10.8245,218.6208,-137.2790,40.6709,-177.9499,0.0000,0.0000,218.6208,-137.2790
125.640,2,1,heuristic,28.2751,172.4306,1.9865,-0.5234,-0.0528,0.5260,2.0852,1.8478,1.5000,0.9050,1.9607,8.0365,-0.1490,3.0000,0.0000,3.0000,0,10.8245,218.6208,-137.2790,40.6709,-177.9499,0.0000,0.0000,218.6208,-137.2790
125.690,2,1,heuristic,28.2476,172.4301,1.9687,-0.5247,-0.0441,0.5265,-2.8678,1.8478,1.5000,0.9050,1.9607,8.0365,-0.1387,3.0000,0.0000,3.0000,0,10.8245,231.6431,-105.4613,63.0909,-168.5522,0.0000,0.0000,231.6431,-105.4613
125.741,2,1,heuristic,28.2217,172.4302,1.9586,-0.5277,-0.0351,0.5289,-2.8675,1.8445,1.5000,0.9306,1.9607,8.0295,-0.1242,3.0000,0.0000,3.0000,0,10.8245,253.5834,-102.4731,75.5552,-178.0282,0.0000,0.0000,253.5834,-102.4731
125.791,2,1,heuristic,28.2217,172.4302,1.9469,-0.5277,-0.0351,0.5289,-2.8585,1.8414,1.5000,0.9546,1.9607,8.0225,-0.1172,3.0000,0.0000,3.0000,0,10.8245,285.6239,-93.4919,96.0660,-189.5579,0.0000,0.0000,285.6239,-93.4919
125.841,2,1,heuristic,28.1942,172.4310,1.9319,-0.5279,-0.0248,0.5285,2.1018,1.8414,1.5000,0.9546,1.9607,8.0225,-0.1055,3.0000,0.0000,3.0000,0,10.8245,268.8220,-4.9197,131.9512,-136.8709,0.0000,0.0000,268.8220,-4.9197
125.891,2,1,heuristic,28.1681,172.4328,1.9167,-0.5310,-0.0125,0.5311,-2.8607,1.8381,1.5000,0.9797,1.9607,8.0144,-0.0938,3.0000,0.0000,3.0000,0,10.8245,246.7585,11.4669,129.1127,-117.6458,0.0000,0.0000,246.7585,11.4669
125.941,2,1,heuristic,28.1402,172.4361,1.9019,-0.5322,0.0029,0.5322,2.1313,1.8351,1.5000,1.0031,1.9607,8.0058,-0.0816,3.0000,0.0000,3.0000,0,10.8245,267.1229,71.4993,169.3111,-97.8118,0.0000,0.0000,267.1229,71.4993
125.991,2,1,heuristic,28.1137,172.4409,1.8834,-0.5360,0.0220,0.5365,2.1398,1.8318,1.5000,1.0277,1.9607,7.9954,-0.0701,3.0000,0.0000,3.0000,0,10.8245,191.8483,-7.9409,91.9537,-99.8946,0.0000,0.0000,191.8483,-7.9409
126.041,2,1,heuristic,28.1137,172.4409,1.8726,-0.5360,0.0220,0.5365,2.1442,1.8288,1.5000,1.0504,1.9607,7.9840,-0.0546,3.0000,0.0000,3.0000,0,10.8245,109.0323,58.3638,83.6981,-25.3342,0.0000,0.0000,109.0323,58.3638
126.090,2,1,heuristic,28.0858,172.4478,1.8549,-0.5361,0.0442,0.5379,2.1808,1.8288,1.5000,1.0504,1.9607,7.9840,-0.0439,3.0000,0.0000,3.0000,0,10.8245,154.6462,71.5368,113.0915,-41.5547,0.0000,0.0000,154.6462,71.5368
126.141,2,1,heuristic,28.0598,172.4555,1.8415,-0.5374,0.0677,0.5416,-2.8222,1.8256,1.5000,1.0736,1.9607,7.9702,-0.0293,3.0000,0.0000,3.0000,0,10.8245,51.8129,88.3751,70.0940,18.2811,0.0000,0.0000,51.8129,88.3751
126.191,2,1,heuristic,28.0326,172.4653,1.8282,-0.5345,0.0918,0.5424,2.1990,1.8227,1.5000,1.0947,1.9607,7.9562,-0.0188,3.0000,0.0000,3.0000,0,10.8245,45.5236,136.1319,90.8278,45.3042,0.0000,0.0000,45.5236,136.1319
126.240,2,1,heuristic,28.0075,172.4759,1.8139,-0.5323,0.1177,0.5452,2.2332,1.8197,1.5000,1.1161,1.9607,7.9400,-0.0086,3.0000,0.0000,3.0000,0,10.8245,72.4923,45.8743,59.1833,-13.3090,0.0000,0.0000,72.4923,45.8743
126.290,2,1,heuristic,27.9815,172.4887,1.7983,-0.5256,0.1432,0.5448,2.2338,1.8169,1.5000,1.1353,1.9607,7.9235,0.0030,3.0000,0.0000,3.0000,0,10.8245,182.0768,9.5956,95.8362,-86.2406,0.0000,0.0000,182.0768,9.5956
126.340,2,1,heuristic,27.9576,172.5018,1.7872,-0.5202,0.1692,0.5470,-2.7403,1.8141,1.5000,1.1545,1.9607,7.9049,0.0158,3.0000,0.0000,3.0000,0,10.8245,147.7232,46.0209,96.8720,-50.8512,0.0000,0.0000,147.7232,46.0209
126.391,2,1,heuristic,27.9325,172.5170,1.7745,-0.5129,0.1939,0.5483,2.2538,1.8116,1.5000,1.1716,1.9607,7.8864,0.0243,3.0000,0.0000,3.0000,0,10.8245,147.7232,46.0209,96.8720,-50.8512,0.0000,0.0000,147.7232,46.0209
126.441,2,1,heuristic,27.9089,172.5325,1.7620,-0.5084,0.2197,0.5539,2.2560,1.8089,1.5000,1.1891,1.9607,7.8656,0.0345,3.0000,0.0000,3.0000,0,10.8245,150.0838,-63.5575,43.2631,-106.8206,0.0000,0.0000,150.0838,-63.5575
126.490,2,1,heuristic,27.9089,172.5325,1.7526,-0.5084,0.2197,0.5539,-2.7132,1.8065,1.5000,1.2050,1.9607,7.8450,0.0445,3.0000,0.0000,3.0000,0,10.8245,45.5597,-46.2320,-0.3361,-45.8959,0.0000,0.0000,45.5597,-46.2320
126.540,2,1,heuristic,27.8615,172.5671,1.7388,-0.4962,0.2656,0.5628,2.2763,1.8065,1.5000,1.2050,1.9607,7.8450,0.0539,3.0000,0.0000,3.0000,0,10.8245,56.6558,-3.3104,26.6727,-29.9831,0.0000,0.0000,56.6558,-3.3104
126.591,2,1,heuristic,27.8615,172.5671,1.7332,-0.4962,0.2656,0.5628,2.2923,1.8016,1.5000,1.2357,1.9607,7.8004,0.0628,3.0000,0.0000,3.0000,0,10.8245,56.6558,-3.3104,26.6727,-29.9831,0.0000,0.0000,56.6558,-3.3104
126.640,2,1,heuristic,27.8377,172.5850,1.7211,-0.4883,0.2812,0.5634,2.2940,1.8016,1.5000,1.2357,1.9607,7.8004,0.0684,3.0000,0.0000,3.0000,0,10.8245,53.3612,-33.5385,9.9114,-43.4499,0.0000,0.0000,53.3612,-33.5385
126.691,2,1,heuristic,27.8158,172.6017,1.7104,-0.4819,0.2947,0.5649,-2.7005,1.7992,1.5000,1.2509,1.9607,7.7776,0.0781,3.0000,0.0000,3.0000,0,10.8245,73.3427,-33.6694,19.8367,-53.5060,0.0000,0.0000,73.3427,-33.6694
126.742,2,1,heuristic,27.7932,172.6193,1.7004,-0.4724,0.3032,0.5614,-2.6825,1.7969,1.5000,1.2648,1.9607,7.7564,0.0865,3.0000,0.0000,3.0000,0,10.8245,183.3427,31.2689,107.3058,-76.0369,0.0000,0.0000,183.3427,31.2689
126.791,2,1,heuristic,27.7724,172.6355,1.6963,-0.4645,0.3101,0.5585,-2.6783,1.7946,1.5000,1.2790,1.9607,7.7342,0.0941,3.0000,0.0000,3.0000,0,10.8245,265.7626,15.7621,140.7624,-125.0003,0.0000,0.0000,265.7626,15.7621
126.842,2,1,heuristic,27.7724,172.6355,1.6887,-0.4645,0.3101,0.5585,2.3030,1.7924,1.5000,1.2921,1.9607,7.7138,0.0961,3.0000,0.0000,3.0000,0,10.8245,282.7670,25.2393,154.0032,-128.7639,0.0000,0.0000,282.7670,25.2393
126.891,2,1,heuristic,27.7506,172.6531,1.6788,-0.4556,0.3158,0.5543,-2.6985,1.7924,1.5000,1.2921,1.9607,7.7138,0.1037,3.0000,0.0000,3.0000,0,10.8245,297.6310,-30.3392,133.6459,-163.9851,0.0000,0.0000,297.6310,-30.3392
126.940,2,1,heuristic,27.7301,172.6708,1.6732,-0.4497,0.3265,0.5557,2.2995,1.7901,1.5000,1.3056,1.9607,7.6919,0.1113,3.0000,0.0000,3.0000,0,10.8245,227.7267,-57.2982,85.2142,-142.5124,0.0000,0.0000,227.7267,-57.2982
126.990,2,1,heuristic,27.7087,172.6910,1.6651,-0.4424,0.3390,0.5573,-2.7035,1.7880,1.5000,1.3178,1.9607,7.6701,0.1149,3.0000,0.0000,3.0000,0,10.8245,193.4350,-43.7570,74.8390,-118.5960,0.0000,0.0000,193.4350,-43.7570
127.041,2,1,heuristic,27.6885,172.7110,1.6571,-0.4380,0.3544,0.5634,2.2905,1.7859,1.5000,1.3299,1.9607,7.6458,0.1208,3.0000,0.0000,3.0000,0,10.8245,194.8637,-150.0577,22.4030,-172.4607,0.0000,0.0000,194.8637,-150.0577
127.090,2,1,heuristic,27.6885,172.7110,1.6486,-0.4380,0.3544,0.5634,-2.6985,1.7838,1.5000,1.3410,1.9607,7.6220,0.1267,3.0000,0.0000,3.0000,0,10.8245,302.1195,-40.0585,131.0305,-171.0890,0.0000,0.0000,302.1195,-40.0585
127.141,2,1,heuristic,27.6670,172.7329,1.6403,-0.4329,0.3677,0.5680,2.2610,1.7838,1.5000,1.3410,1.9607,7.6220,0.1352,3.0000,0.0000,3.0000,0,10.8245,207.7900,-56.1811,75.8044,-131.9855,0.0000,0.0000,207.7900,-56.1811
127.190,2,1,heuristic,27.6466,172.7541,1.6359,-0.4316,0.3824,0.5766,-2.7255,1.7817,1.5000,1.3526,1.9607,7.5961,0.1414,3.0000,0.0000,3.0000,0,10.8245,193.5297,-72.6860,60.4218,-133.1078,0.0000,0.0000,193.5297,-72.6860
127.241,2,1,heuristic,27.6247,172.7778,1.6225,-0.4295,0.3971,0.5849,2.2648,1.7796,1.5000,1.3634,1.9607,7.5711,0.1437,3.0000,0.0000,3.0000,0,10.8245,114.8542,-8.6980,53.0781,-61.7761,0.0000,0.0000,114.8542,-8.6980
127.291,2,1,heuristic,27.6040,172.8010,1.6131,-0.4299,0.4142,0.5970,-2.7490,1.7774,1.5000,1.3747,1.9607,7.5434,0.1549,3.0000,0.0000,3.0000,0,10.8245,42.6682,57.2408,49.9545,7.2863,0.0000,0.0000,42.6682,57.2408
127.341,2,1,heuristic,27.6040,172.8010,1.6050,-0.4299,0.4142,0.5970,-2.7103,1.7754,1.5000,1.3850,1.9607,7.5165,0.1622,3.0000,0.0000,3.0000,0,10.8245,74.0302,57.4816,65.7559,-8.2743,0.0000,0.0000,74.0302,57.4816
127.391,2,1,heuristic,27.5822,172.8263,1.5949,-0.4275,0.4287,0.6055,-2.7113,1.7754,1.5000,1.3850,1.9607,7.5165,0.1704,3.0000,0.0000,3.0000,0,10.8245,60.0984,110.2346,85.1665,25.0681,0.0000,0.0000,60.0984,110.2346
127.440,2,1,heuristic,27.5624,172.8507,1.5905,-0.4247,0.4450,0.6151,2.2905,1.7732,1.5000,1.3955,1.9607,7.4873,0.1783,3.0000,0.0000,3.0000,0,10.8245,84.3279,157.2159,120.7719,36.4440,0.0000,0.0000,84.3279,157.2159
127.491,2,1,heuristic,27.5423,172.8775,1.5812,-0.4170,0.4591,0.6202,2.3115,1.7713,1.5000,1.4046,1.9607,7.4593,0.1808,3.0000,0.0000,3.0000,0,10.8245,90.1681,86.8199,88.4940,-1.6741,0.0000,0.0000,90.1681,86.8199
127.541,2,1,heuristic,27.5244,172.9038,1.5701,-0.4082,0.4765,0.6274,2.3228,1.7693,1.5000,1.4129,1.9607,7.4291,0.1882,3.0000,0.0000,3.0000,0,10.8245,176.4462,75.1793,125.8128,-50.6335,0.0000,0.0000,176.4462,75.1793
127.591,2,1,heuristic,27.5244,172.9038,1.5656,-0.4082,0.4765,0.6274,2.3340,1.7677,1.5000,1.4195,1.9607,7.3999,0.1976,3.0000,0.0000,3.0000,0,10.8245,112.8373,71.8121,92.3247,-20.5126,0.0000,0.0000,112.8373,71.8121
127.640,2,1,heuristic,27.5063,172.9325,1.5554,-0.3962,0.4917,0.6315,2.3308,1.7677,1.5000,1.4195,1.9607,7.3999,0.2021,3.0000,0.0000,3.0000,0,10.8245,62.2745,73.0406,67.6575,5.3831,0.0000,0.0000,62.2745,73.0406
127.690,2,1,heuristic,27.4898,172.9603,1.5519,-0.3858,0.5094,0.6389,-2.6503,1.7660,1.5000,1.4254,1.9607,7.3681,0.2106,3.0000,0.0000,3.0000,0,10.8245,76.7810,85.5292,81.1551,4.3741,0.0000,0.0000,76.7810,85.5292
127.740,2,1,heuristic,27.4728,172.9902,1.5418,-0.3740,0.5224,0.6425,2.3508,1.7645,1.5000,1.4301,1.9607,7.3376,0.2127,3.0000,0.0000,3.0000,0,10.8245,154.9869,78.8966,116.9417,-38.0452,0.0000,0.0000,154.9869,78.8966
127.791,2,1,heuristic,27.4571,173.0187,1.5353,-0.3646,0.5365,0.6486,-2.6463,1.7631,1.5000,1.4344,1.9607,7.3051,0.2212,3.0000,0.0000,3.0000,0,10.8245,180.8655,84.3885,132.6270,-48.2385,0.0000,0.0000,180.8655,84.3885
127.840,2,1,heuristic,27.4571,173.0187,1.5295,-0.3646,0.5365,0.6486,-2.6587,1.7617,1.5000,1.4381,1.9607,7.2741,0.2264,3.0000,0.0000,3.0000,0,10.8245,139.4967,-8.3679,65.5644,-73.9323,0.0000,0.0000,139.4967,-8.3679
127.891,2,1,heuristic,27.4406,173.0495,1.5232,-0.3551,0.5479,0.6529,-2.6430,1.7617,1.5000,1.4381,1.9607,7.2741,0.2322,3.0000,0.0000,3.0000,0,10.8245,163.5008,-46.8105,58.3452,-105.1557,0.0000,0.0000,163.5008,-46.8105
127.940,2,1,heuristic,27.4252,173.0791,1.5177,-0.3481,0.5617,0.6608,-2.6460,1.7603,1.5000,1.4416,1.9607,7.2407,0.2370,3.0000,0.0000,3.0000,0,10.8245,178.0231,20.7326,99.3779,-78.6452,0.0000,0.0000,178.0231,20.7326
127.991,2,1,heuristic,27.4089,173.1107,1.5143,-0.3411,0.5707,0.6649,2.3365,1.7589,1.5000,1.4446,1.9607,7.2087,0.2413,3.0000,0.0000,3.0000,0,10.8245,178.0231,20.7326,99.3779,-78.6452,0.0000,0.0000,178.0231,20.7326
128.041,2,1,heuristic,27.3935,173.1408,1.5058,-0.3371,0.5822,0.6727,2.3518,1.7575,1.5000,1.4477,1.9607,7.1747,0.2432,3.0000,0.0000,3.0000,0,10.8245,130.4658,90.8435,110.6547,-19.8112,0.0000,0.0000,130.4658,90.8435
128.091,2,1,heuristic,27.3935,173.1408,1.5025,-0.3371,0.5822,0.6727,2.3643,1.7562,1.5000,1.4505,1.9607,7.1422,0.2504,3.0000,0.0000,3.0000,0,10.8245,173.4257,121.7888,147.6072,-25.8184,0.0000,0.0000,173.4257,121.7888
128.140,2,1,heuristic,27.3775,173.1734,1.4939,-0.3313,0.5911,0.6776,2.3392,1.7562,1.5000,1.4505,1.9607,7.1422,0.2537,3.0000,0.0000,3.0000,0,10.8245,188.7671,120.8489,154.8080,-33.9591,0.0000,0.0000,188.7671,120.8489
128.191,2,1,heuristic,27.3630,173.2049,1.4879,-0.3254,0.6042,0.6862,-2.6380,1.7548,1.5000,1.4529,1.9607,7.1073,0.2609,3.0000,0.0000,3.0000,0,10.8245,245.3336,119.4799,182.4067,-62.9269,0.0000,0.0000,245.3336,119.4799
128.241,2,1,heuristic,27.3485,173.2396,1.4810,-0.3163,0.6166,0.6930,2.3658,1.7536,1.5000,1.4543,1.9607,7.0736,0.2657,3.0000,0.0000,3.0000,0,10.8245,245.3336,119.4799,182.4067,-62.9269,0.0000,0.0000,245.3336,119.4799
128.291,2,1,heuristic,27.3354,173.2737,1.4766,-0.3074,0.6353,0.7058,-2.6575,1.7525,1.5000,1.4546,1.9607,7.0369,0.2715,3.0000,0.0000,3.0000,0,10.8245,320.3480,36.6765,178.5123,-141.8358,0.0000,0.0000,320.3480,36.6765
128.340,2,1,heuristic,27.3222,173.3116,1.4684,-0.2970,0.6540,0.7183,-2.6458,1.7515,1.5000,1.4537,1.9607,7.0010,0.2749,3.0000,0.0000,3.0000,0,10.8245,238.2893,4.0650,121.1772,-117.1121,0.0000,0.0000,238.2893,4.0650
128.391,2,1,heuristic,27.3098,173.3488,1.4625,-0.2890,0.6784,0.7374,2.3538,1.7506,1.5000,1.4516,1.9607,6.9614,0.2823,3.0000,0.0000,3.0000,0,10.8245,158.6049,-7.5729,75.5160,-83.0889,0.0000,0.0000,158.6049,-7.5729
128.441,2,1,heuristic,27.3098,173.3488,1.4567,-0.2890,0.6784,0.7374,-2.6658,1.7498,1.5000,1.4488,1.9607,6.9225,0.2874,3.0000,0.0000,3.0000,0,10.8245,190.6072,53.8417,122.2244,-68.3827,0.0000,0.0000,190.6072,53.8417
128.492,2,1,heuristic,27.2968,173.3893,1.4477,-0.2813,0.6984,0.7529,-2.6590,1.7498,1.5000,1.4488,1.9607,6.9225,0.2931,3.0000,0.0000,3.0000,0,10.8245,232.2501,163.8282,198.0392,-34.2109,0.0000,0.0000,232.2501,163.8282
128.540,2,1,heuristic,27.2843,173.4279,1.4445,-0.2771,0.7196,0.7711,-2.6643,1.7490,1.5000,1.4455,1.9607,6.8804,0.3013,3.0000,0.0000,3.0000,0,10.8245,154.7078,181.9544,168.3311,13.6233,0.0000,0.0000,154.7078,181.9544
128.591,2,1,heuristic,27.2711,173.4701,1.4354,-0.2725,0.7381,0.7867,-2.6488,1.7482,1.5000,1.4424,1.9607,6.8401,0.3038,3.0000,0.0000,3.0000,0,10.8245,129.8155,142.7350,136.2752,6.4597,0.0000,0.0000,129.8155,142.7350
128.641,2,1,heuristic,27.2591,173.5112,1.4319,-0.2679,0.7613,0.8071,2.3832,1.7474,1.5000,1.4386,1.9607,6.7963,0.3120,3.0000,0.0000,3.0000,0,10.8245,86.1592,96.3243,91.2417,5.0826,0.0000,0.0000,86.1592,96.3243
128.691,2,1,heuristic,27.2471,173.5555,1.4235,-0.2604,0.7796,0.8219,2.3635,1.7467,1.5000,1.4340,1.9607,6.7538,0.3149,3.0000,0.0000,3.0000,0,10.8245,142.8399,174.2420,158.5410,15.7011,0.0000,0.0000,142.8399,174.2420
128.741,2,1,heuristic,27.2365,173.5974,1.4177,-0.2524,0.7982,0.8372,-2.6258,1.7461,1.5000,1.4283,1.9607,6.7080,0.3227,3.0000,0.0000,3.0000,0,10.8245,142.8399,174.2420,158.5410,15.7011,0.0000,0.0000,142.8399,174.2420
128.791,2,1,heuristic,27.2365,173.5974,1.4127,-0.2524,0.7982,0.8372,2.3868,1.7457,1.5000,1.4221,1.9607,6.6649,0.3279,3.0000,0.0000,3.0000,0,10.8245,103.8518,120.2608,112.0563,8.2045,0.0000,0.0000,103.8518,120.2608
128.840,2,1,heuristic,27.2263,173.6422,1.4063,-0.2413,0.8111,0.8462,-2.6085,1.7457,1.5000,1.4221,1.9607,6.6649,0.3330,3.0000,0.0000,3.0000,0,10.8245,137.9980,116.1598,127.0789,-10.9191,0.0000,0.0000,137.9980,116.1598
128.891,2,1,heuristic,27.2175,173.6848,1.4018,-0.2298,0.8263,0.8577,2.4127,1.7453,1.5000,1.4146,1.9607,6.6190,0.3390,3.0000,0.0000,3.0000,0,10.8245,183.7516,87.5503,135.6510,-48.1007,0.0000,0.0000,183.7516,87.5503
128.941,2,1,heuristic,27.2088,173.7300,1.3962,-0.2172,0.8348,0.8626,2.4047,1.7451,1.5000,1.4065,1.9607,6.5755,0.3433,3.0000,0.0000,3.0000,0,10.8245,249.0743,33.4441,141.2592,-107.8151,0.0000,0.0000,249.0743,33.4441
128.991,2,1,heuristic,27.2010,173.7727,1.3931,-0.2063,0.8456,0.8704,2.4133,1.7450,1.5000,1.3974,1.9607,6.5295,0.3488,3.0000,0.0000,3.0000,0,10.8245,186.1607,48.7201,117.4404,-68.7203,0.0000,0.0000,186.1607,48.7201
129.040,2,1,heuristic,27.1928,173.8181,1.3876,-0.1967,0.8512,0.8736,2.3942,1.7450,1.5000,1.3884,1.9607,6.4862,0.3519,3.0000,0.0000,3.0000,0,10.8245,146.4167,45.2302,95.8234,-50.5932,0.0000,0.0000,146.4167,45.2302
129.091,2,1,heuristic,27.1849,173.8610,1.3834,-0.1903,0.8596,0.8804,-2.6147,1.7449,1.5000,1.3788,1.9607,6.4400,0.3573,3.0000,0.0000,3.0000,0,10.8245,106.9837,54.7940,80.8888,-26.0949,0.0000,0.0000,106.9837,54.7940
129.141,2,1,heuristic,27.1764,173.9062,1.3765,-0.1849,0.8619,0.8815,-2.6227,1.7449,1.5000,1.3698,1.9607,6.3964,0.3614,3.0000,0.0000,3.0000,0,10.8245,188.2218,124.4941,156.3579,-31.8638,0.0000,0.0000,188.2218,124.4941
129.190,2,1,heuristic,27.1764,173.9062,1.3745,-0.1849,0.8619,0.8815,-2.6023,1.7448,1.5000,1.3604,1.9607,6.3503,0.3683,3.0000,0.0000,3.0000,0,10.8245,197.5082,14.5580,106.0331,-91.4751,0.0000,0.0000,197.5082,14.5580
129.241,2,1,heuristic,27.1684,173.9487,1.3700,-0.1811,0.8663,0.8850,2.3990,1.7448,1.5000,1.3604,1.9607,6.3503,0.3702,3.0000,0.0000,3.0000,0,10.8245,206.7724,-83.1927,61.7899,-144.9826,0.0000,0.0000,206.7724,-83.1927
129.291,2,1,heuristic,27.1602,173.9937,1.3631,-0.1765,0.8662,0.8840,-2.6275,1.7447,1.5000,1.3516,1.9607,6.3072,0.3748,3.0000,0.0000,3.0000,0,10.8245,162.4773,-128.2999,17.0887,-145.3886,0.0000,0.0000,162.4773,-128.2999
129.340,2,1,heuristic,27.1526,174.0358,1.3585,-0.1727,0.8684,0.8854,2.3735,1.7447,1.5000,1.3421,1.9607,6.2614,0.3815,3.0000,0.0000,3.0000,0,10.8245,184.4801,-156.3578,14.0612,-170.4190,0.0000,0.0000,184.4801,-156.3578
129.391,2,1,heuristic,27.1444,174.0796,1.3519,-0.1697,0.8631,0.8797,-2.6608,1.7446,1.5000,1.3331,1.9607,6.2186,0.3861,3.0000,0.0000,3.0000,0,10.8245,212.6663,-145.9819,33.3422,-179.3241,0.0000,0.0000,212.6663,-145.9819
129.441,2,1,heuristic,27.1364,174.1198,1.3465,-0.1692,0.8580,0.8746,2.3342,1.7446,1.5000,1.3240,1.9607,6.1741,0.3927,3.0000,0.0000,3.0000,0,10.8245,212.3426,-139.0751,36.6338,-175.7089,0.0000,0.0000,212.3426,-139.0751
129.491,2,1,heuristic,27.1275,174.1614,1.3387,-0.1697,0.8463,0.8631,2.3262,1.7444,1.5000,1.3162,1.9607,6.1331,0.3980,3.0000,0.0000,3.0000,0,10.8245,188.8474,-29.0751,79.8862,-108.9613,0.0000,0.0000,188.8474,-29.0751
129.540,2,1,heuristic,27.1186,174.1996,1.3323,-0.1726,0.8365,0.8542,-2.6980,1.7441,1.5000,1.3087,1.9607,6.0906,0.4054,3.0000,0.0000,3.0000,0,10.8245,198.2098,51.6357,124.9227,-73.2871,0.0000,0.0000,198.2098,51.6357
129.591,2,1,heuristic,27.1090,174.2397,1.3222,-0.1752,0.8234,0.8418,-2.7030,1.7438,1.5000,1.3023,1.9607,6.0514,0.4115,3.0000,0.0000,3.0000,0,10.8245,255.5043,-33.8836,110.8104,-144.6940,0.0000,0.0000,255.5043,-33.8836
129.641,2,1,heuristic,27.1000,174.2774,1.3143,-0.1774,0.8157,0.8348,-2.6920,1.7434,1.5000,1.2960,1.9607,6.0102,0.4212,3.0000,0.0000,3.0000,0,10.8245,179.2020,-6.0328,86.5846,-92.6174,0.0000,0.0000,179.2020,-6.0328
129.691,2,1,heuristic,27.1000,174.2774,1.3075,-0.1774,0.8157,0.8348,-2.7033,1.7430,1.5000,1.2899,1.9607,5.9716,0.4287,3.0000,0.0000,3.0000,0,10.8245,198.9313,86.8999,142.9156,-56.0157,0.0000,0.0000,198.9313,86.8999
129.741,2,1,heuristic,27.0907,174.3171,1.2993,-0.1777,0.8054,0.8248,-2.7095,1.7430,1.5000,1.2899,1.9607,5.9716,0.4354,3.0000,0.0000,3.0000,0,10.8245,151.9300,99.2159,125.5729,-26.3571,0.0000,0.0000,151.9300,99.2159
129.791,2,1,heuristic,27.0821,174.3546,1.2918,-0.1780,0.8003,0.8198,2.3315,1.7426,1.5000,1.2834,1.9607,5.9308,0.4433,3.0000,0.0000,3.0000,0,10.8245,127.8926,189.3048,158.5987,30.7061,0.0000,0.0000,127.8926,189.3048
129.841,2,1,heuristic,27.0736,174.3945,1.2822,-0.1751,0.7939,0.8130,-2.6772,1.7422,1.5000,1.2772,1.9607,5.8925,0.4504,3.0000,0.0000,3.0000,0,10.8245,17.9232,126.2333,72.0783,54.1550,0.0000,0.0000,17.9232,126.2333
129.891,2,1,heuristic,27.0665,174.4326,1.2734,-0.1699,0.7938,0.8118,-2.6818,1.7419,1.5000,1.2698,1.9607,5.8516,0.4597,3.0000,0.0000,3.0000,0,10.8245,-87.3463,114.1092,13.3815,100.7277,0.0000,0.0000,-87.3463,114.1092
129.941,2,1,heuristic,27.0600,174.4731,1.2664,-0.1609,0.7908,0.8070,2.3815,1.7419,1.5000,1.2620,1.9607,5.8129,0.4685,3.0000,0.0000,3.0000,0,10.8245,0.0786,122.9047,61.4917,61.4131,0.0000,0.0000,0.0786,122.9047
129.990,2,1,heuristic,27.0547,174.5106,1.2602,-0.1506,0.7887,0.8030,-2.6338,1.7419,1.5000,1.2526,1.9607,5.7719,0.4755,3.0000,0.0000,3.0000,0,10.8245,-38.7440,180.1092,70.6826,109.4266,0.0000,0.0000,-38.7440,180.1092
130.040,2,1,heuristic,27.0547,174.5106,1.2544,-0.1506,0.7887,0.8030,2.4032,1.7421,1.5000,1.2432,1.9607,5.7341,0.4819,3.0000,0.0000,3.0000,0,10.8245,47.2131,166.5497,106.8814,59.6683,0.0000,0.0000,47.2131,166.5497
130.090,2,1,heuristic,27.0457,174.5866,1.2469,-0.1285,0.7786,0.7892,-2.5995,1.7421,1.5000,1.2432,1.9607,5.7341,0.4878,3.0000,0.0000,3.0000,0,10.8245,69.3221,157.1091,113.2156,43.8935,0.0000,0.0000,69.3221,157.1091
130.141,2,1,heuristic,27.0457,174.5866,1.2424,-0.1285,0.7786,0.7892,-2.5720,1.7429,1.5000,1.2227,1.9607,5.6577,0.4960,3.0000,0.0000,3.0000,0,10.8245,56.0385,60.5067,58.2726,2.2341,0.0000,0.0000,56.0385,60.5067
130.190,2,1,heuristic,27.0420,174.6257,1.2388,-0.1172,0.7736,0.7824,-2.5855,1.7429,1.5000,1.2227,1.9607,5.6577,0.5005,3.0000,0.0000,3.0000,0,10.8245,36.1529,49.5765,42.8647,6.7118,0.0000,0.0000,36.1529,49.5765
130.241,2,1,heuristic,27.0389,174.6625,1.2355,-0.1065,0.7722,0.7795,2.4398,1.7434,1.5000,1.2112,1.9607,5.6184,0.5046,3.0000,0.0000,3.0000,0,10.8245,36.1529,49.5765,42.8647,6.7118,0.0000,0.0000,36.1529,49.5765
130.291,2,1,heuristic,27.0361,174.7009,1.2321,-0.0959,0.7653,0.7713,-2.5653,1.7440,1.5000,1.2001,1.9607,5.5817,0.5085,3.0000,0.0000,3.0000,0,10.8245,14.0465,137.2870,75.6668,61.6202,0.0000,0.0000,14.0465,137.2870
130.341,2,1,heuristic,27.0339,174.7362,1.2286,-0.0862,0.7594,0.7642,2.4505,1.7447,1.5000,1.1881,1.9607,5.5434,0.5126,3.0000,0.0000,3.0000,0,10.8245,-85.0290,206.3264,60.6487,145.6777,0.0000,0.0000,-85.0290,206.3264
130.391,2,1,heuristic,27.0339,174.7362,1.2264,-0.0862,0.7594,0.7642,-2.5507,1.7454,1.5000,1.1767,1.9607,5.5082,0.5168,3.0000,0.0000,3.0000,0,10.8245,-123.8051,201.6423,38.9186,162.7237,0.0000,0.0000,-123.8051,201.6423
130.441,2,1,heuristic,27.0314,174.8063,1.2232,-0.0638,0.7380,0.7408,-2.5387,1.7454,1.5000,1.1767,1.9607,5.5082,0.5190,3.0000,0.0000,3.0000,0,10.8245,-70.7985,180.5154,54.8584,125.6570,0.0000,0.0000,-70.7985,180.5154
130.490,2,1,heuristic,27.0314,174.8063,1.2215,-0.0638,0.7380,0.7408,2.5063,1.7472,1.5000,1.1524,1.9607,5.4388,0.5240,3.0000,0.0000,3.0000,0,10.8245,1.2813,252.1982,126.7397,125.4585,0.0000,0.0000,1.2813,252.1982
130.541,2,1,heuristic,27.0312,174.8406,1.2207,-0.0516,0.7224,0.7242,-2.5010,1.7472,1.5000,1.1524,1.9607,5.4388,0.5257,3.0000,0.0000,3.0000,0,10.8245,-35.7953,357.1697,160.6872,196.4825,0.0000,0.0000,-35.7953,357.1697
130.591,2,1,heuristic,27.0314,174.8723,1.2190,-0.0403,0.7100,0.7111,-2.4970,1.7483,1.5000,1.1396,1.9607,5.4050,0.5276,3.0000,0.0000,3.0000,0,10.8245,-91.2405,337.8708,123.3152,214.5557,0.0000,0.0000,-91.2405,337.8708
130.641,2,1,heuristic,27.0326,174.9059,1.2220,-0.0278,0.6974,0.6979,2.5705,1.7494,1.5000,1.1273,1.9607,5.3739,0.5304,3.0000,0.0000,3.0000,0,10.8245,-86.1221,324.8737,119.3758,205.4979,0.0000,0.0000,-86.1221,324.8737
130.691,2,1,heuristic,27.0347,174.9377,1.2214,-0.0134,0.6904,0.6905,2.5777,1.7507,1.5000,1.1134,1.9607,5.3410,0.5287,3.0000,0.0000,3.0000,0,10.8245,-97.8701,329.8961,116.0130,213.8831,0.0000,0.0000,-97.8701,329.8961
130.740,2,1,heuristic,27.0347,174.9377,1.2234,-0.0134,0.6904,0.6905,-2.4340,1.7522,1.5000,1.0994,1.9607,5.3101,0.5307,3.0000,0.0000,3.0000,0,10.8245,-123.5695,244.3727,60.4016,183.9711,0.0000,0.0000,-123.5695,244.3727
130.791,2,1,heuristic,27.0424,175.0031,1.2276,0.0198,0.6778,0.6781,2.6332,1.7522,1.5000,1.0994,1.9607,5.3101,0.5288,3.0000,0.0000,3.0000,0,10.8245,-114.7596,289.8134,87.5269,202.2865,0.0000,0.0000,-114.7596,289.8134
130.841,2,1,heuristic,27.0424,175.0031,1.2293,0.0198,0.6778,0.6781,-2.3927,1.7558,1.5000,1.0674,1.9607,5.2471,0.5283,3.0000,0.0000,3.0000,0,10.8245,-90.8134,222.8615,66.0241,156.8375,0.0000,0.0000,-90.8134,222.8615
130.891,2,1,heuristic,27.0481,175.0366,1.2332,0.0376,0.6709,0.6720,-2.3480,1.7558,1.5000,1.0674,1.9607,5.2471,0.5265,3.0000,0.0000,3.0000,0,10.8245,-117.6775,117.9918,0.1572,117.8347,0.0000,0.0000,-117.6775,117.9918
130.941,2,1,heuristic,27.0543,175.0680,1.2381,0.0562,0.6674,0.6698,-2.3715,1.7581,1.5000,1.0494,1.9607,5.2153,0.5249,3.0000,0.0000,3.0000,0,10.8245,-72.2337,192.5135,60.1399,132.3736,0.0000,0.0000,-72.2337,192.5135
130.991,2,1,heuristic,27.0543,175.0680,1.2432,0.0562,0.6674,0.6698,2.6812,1.7604,1.5000,1.0317,1.9607,5.1857,0.5223,3.0000,0.0000,3.0000,0,10.8245,1.0849,176.9556,89.0202,87.9353,0.0000,0.0000,1.0849,176.9556
131.041,2,1,heuristic,27.0617,175.1007,1.2517,0.0734,0.6600,0.6641,2.6625,1.7604,1.5000,1.0317,1.9607,5.1857,0.5172,3.0000,0.0000,3.0000,0,10.8245,22.4355,236.1253,129.2804,106.8449,0.0000,0.0000,22.4355,236.1253
131.090,2,1,heuristic,27.0692,175.1315,1.2549,0.0898,0.6563,0.6624,2.6738,1.7630,1.5000,1.0124,1.9607,5.1549,0.5113,3.0000,0.0000,3.0000,0,10.8245,-87.5644,180.8988,46.6672,134.2316,0.0000,0.0000,-87.5644,180.8988
131.141,2,1,heuristic,27.0777,175.1646,1.2612,0.1046,0.6522,0.6605,-2.3382,1.7656,1.5000,0.9938,1.9607,5.1261,0.5107,3.0000,0.0000,3.0000,0,10.8245,-140.2578,159.1558,9.4490,149.7068,0.0000,0.0000,-140.2578,159.1558
131.191,2,1,heuristic,27.0863,175.1956,1.2675,0.1197,0.6510,0.6619,2.6785,1.7685,1.5000,0.9734,1.9607,5.0953,0.5073,3.0000,0.0000,3.0000,0,10.8245,-146.3514,220.9635,37.3061,183.6575,0.0000,0.0000,-146.3514,220.9635
131.240,2,1,heuristic,27.0863,175.1956,1.2743,0.1197,0.6510,0.6619,-2.3373,1.7714,1.5000,0.9536,1.9607,5.0666,0.5039,3.0000,0.0000,3.0000,0,10.8245,-207.2202,193.7245,-6.7479,200.4723,0.0000,0.0000,-207.2202,193.7245
131.291,2,1,heuristic,27.0958,175.2278,1.2818,0.1322,0.6447,0.6581,-2.3203,1.7714,1.5000,0.9536,1.9607,5.0666,0.4970,3.0000,0.0000,3.0000,0,10.8245,-131.5021,221.5856,45.0418,176.5439,0.0000,0.0000,-131.5021,221.5856
131.340,2,1,heuristic,27.1050,175.2573,1.2887,0.1439,0.6387,0.6548,-2.3125,1.7745,1.5000,0.9326,1.9607,5.0370,0.4927,3.0000,0.0000,3.0000,0,10.8245,-47.8955,118.2293,35.1669,83.0624,0.0000,0.0000,-47.8955,118.2293
131.391,2,1,heuristic,27.1148,175.2877,1.2972,0.1530,0.6276,0.6460,-2.3138,1.7775,1.5000,0.9129,1.9607,5.0099,0.4888,3.0000,0.0000,3.0000,0,10.8245,-122.7281,188.3738,32.8228,155.5509,0.0000,0.0000,-122.7281,188.3738
131.441,2,1,heuristic,27.1240,175.3155,1.3045,0.1608,0.6181,0.6387,-2.3075,1.7806,1.4947,0.8922,1.9607,4.9823,0.4835,3.0000,0.0000,3.0000,0,10.8245,-175.0897,244.5895,34.7499,209.8396,0.0000,0.0000,-175.0897,244.5895
131.491,2,1,heuristic,27.1240,175.3155,1.3126,0.1608,0.6181,0.6387,2.7105,1.7836,1.4871,0.8731,1.9607,4.9570,0.4791,3.0000,0.0000,3.0000,0,10.8245,-138.8177,234.4552,47.8188,186.6364,0.0000,0.0000,-138.8177,234.4552
131.540,2,1,heuristic,27.1339,175.3441,1.3247,0.1666,0.6044,0.6269,2.7420,1.7836,1.4871,0.8731,1.9607,4.9570,0.4710,3.0000,0.0000,3.0000,0,10.8245,-94.6451,233.9902,69.6725,164.3176,0.0000,0.0000,-94.6451,233.9902
131.591,2,1,heuristic,27.1436,175.3701,1.3300,0.1736,0.5920,0.6169,2.7470,1.7868,1.4794,0.8532,1.9607,4.9312,0.4621,3.0000,0.0000,3.0000,0,10.8245,-102.5208,276.7097,87.0944,189.6152,0.0000,0.0000,-102.5208,276.7097
131.641,2,1,heuristic,27.1544,175.3971,1.3429,0.1802,0.5772,0.6047,2.7692,1.7899,1.4724,0.8343,1.9607,4.9079,0.4599,3.0000,0.0000,3.0000,0,10.8245,-188.7214,264.6629,37.9707,226.6921,0.0000,0.0000,-188.7214,264.6629
131.691,2,1,heuristic,27.1650,175.4222,1.3486,0.1887,0.5666,0.5972,2.7880,1.7932,1.4652,0.8141,1.9607,4.8839,0.4504,3.0000,0.0000,3.0000,0,10.8245,-117.5230,293.5992,88.0381,205.5611,0.0000,0.0000,-117.5230,293.5992
131.741,2,1,heuristic,27.1650,175.4222,1.3585,0.1887,0.5666,0.5972,-2.2585,1.7965,1.4585,0.7947,1.9607,4.8618,0.4479,3.0000,0.0000,3.0000,0,10.8245,-199.8473,250.8544,25.5035,225.3509,0.0000,0.0000,-199.8473,250.8544
131.791,2,1,heuristic,27.1890,175.4736,1.3739,0.2074,0.5478,0.5857,2.7925,1.7965,1.4585,0.7947,1.9607,4.8618,0.4380,3.0000,0.0000,3.0000,0,10.8245,-211.9768,216.2537,2.1384,214.1153,0.0000,0.0000,-211.9768,216.2537
131.841,2,1,heuristic,27.1890,175.4736,1.3831,0.2074,0.5478,0.5857,2.8270,1.8037,1.4452,0.7530,1.9607,4.8172,0.4299,3.0000,0.0000,3.0000,0,10.8245,-167.7691,184.6296,8.4303,176.1993,0.0000,0.0000,-167.7691,184.6296
131.890,2,1,heuristic,27.2021,175.4997,1.3956,0.2164,0.5387,0.5806,2.8080,1.8037,1.4452,0.7530,1.9607,4.8172,0.4207,3.0000,0.0000,3.0000,0,10.8245,-127.5921,202.0343,37.2211,164.8132,0.0000,0.0000,-127.5921,202.0343
131.941,2,1,heuristic,27.2147,175.5239,1.4067,0.2256,0.5320,0.5779,-2.2160,1.8077,1.4385,0.7310,1.9607,4.7949,0.4121,3.0000,0.0000,3.0000,0,10.8245,-64.3471,113.0208,24.3368,88.6840,0.0000,0.0000,-64.3471,113.0208
131.991,2,1,heuristic,27.2282,175.5496,1.4184,0.2323,0.5242,0.5734,2.8040,1.8114,1.4323,0.7101,1.9607,4.7743,0.4047,3.0000,0.0000,3.0000,0,10.8245,-49.2690,138.5194,44.6252,93.8942,0.0000,0.0000,-49.2690,138.5194
132.041,2,1,heuristic,27.2407,175.5738,1.4298,0.2382,0.5201,0.5721,-2.2283,1.8154,1.4258,0.6879,1.9607,4.7526,0.3971,3.0000,0.0000,3.0000,0,10.8245,-107.3685,148.5869,20.6092,127.9777,0.0000,0.0000,-107.3685,148.5869
132.091,2,1,heuristic,27.2539,175.5995,1.4443,0.2411,0.5151,0.5687,2.8062,1.8193,1.4197,0.6671,1.9607,4.7322,0.3895,3.0000,0.0000,3.0000,0,10.8245,-69.5072,128.9835,29.7382,99.2454,0.0000,0.0000,-69.5072,128.9835
132.141,2,1,heuristic,27.2662,175.6236,1.4583,0.2443,0.5126,0.5678,2.7965,1.8233,1.4132,0.6451,1.9607,4.7106,0.3790,3.0000,0.0000,3.0000,0,10.8245,-5.2602,144.4883,69.6140,74.8742,0.0000,0.0000,-5.2602,144.4883
132.190,2,1,heuristic,27.2662,175.6236,1.4669,0.2443,0.5126,0.5678,2.7858,1.8271,1.4071,0.6246,1.9607,4.6903,0.3688,3.0000,0.0000,3.0000,0,10.8245,50.5636,180.9527,115.7581,65.1946,0.0000,0.0000,50.5636,180.9527
132.241,2,1,heuristic,27.2791,175.6493,1.4805,0.2451,0.5087,0.5646,2.7865,1.8271,1.4071,0.6246,1.9607,4.6903,0.3602,3.0000,0.0000,3.0000,0,10.8245,149.3162,111.1745,130.2453,-19.0709,0.0000,0.0000,149.3162,111.1745
132.291,2,1,heuristic,27.2911,175.6739,1.4915,0.2460,0.5095,0.5658,-2.2893,1.8312,1.4007,0.6029,1.9607,4.6688,0.3507,3.0000,0.0000,3.0000,0,10.8245,257.1905,70.8137,164.0021,-93.1884,0.0000,0.0000,257.1905,70.8137
132.341,2,1,heuristic,27.3036,175.7009,1.5031,0.2449,0.5117,0.5673,-2.2860,1.8351,1.3945,0.5824,1.9607,4.6482,0.3436,3.0000,0.0000,3.0000,0,10.8245,242.1412,-10.0586,116.0413,-126.0999,0.0000,0.0000,242.1412,-10.0586
132.390,2,1,heuristic,27.3150,175.7276,1.5117,0.2435,0.5207,0.5748,-2.3125,1.8392,1.3876,0.5606,1.9607,4.6254,0.3361,3.0000,0.0000,3.0000,0,10.8245,241.7805,-70.2734,85.7535,-156.0270,0.0000,0.0000,241.7805,-70.2734
132.440,2,1,heuristic,27.3150,175.7276,1.5206,0.2435,0.5207,0.5748,2.6890,1.8431,1.3808,0.5399,1.9607,4.6027,0.3314,3.0000,0.0000,3.0000,0,10.8245,286.1223,-16.8786,134.6218,-151.5005,0.0000,0.0000,286.1223,-16.8786
132.491,2,1,heuristic,27.3367,175.7853,1.5326,0.2337,0.5413,0.5895,-2.3782,1.8431,1.3808,0.5399,1.9607,4.6027,0.3225,3.0000,0.0000,3.0000,0,10.8245,201.5615,-16.3218,92.6198,-108.9417,0.0000,0.0000,201.5615,-16.3218
132.541,2,1,heuristic,27.3367,175.7853,1.5395,0.2337,0.5413,0.5895,2.6255,1.8511,1.3660,0.4979,1.9607,4.5532,0.3186,3.0000,0.0000,3.0000,0,10.8245,213.2623,-107.2918,52.9853,-160.2770,0.0000,0.0000,213.2623,-107.2918
132.591,2,1,heuristic,27.3463,175.8162,1.5465,0.2238,0.5519,0.5955,-2.4370,1.8511,1.3660,0.4979,1.9607,4.5532,0.3116,3.0000,0.0000,3.0000,0,10.8245,260.0838,-143.8317,58.1261,-201.9577,0.0000,0.0000,260.0838,-143.8317
132.640,2,1,heuristic,27.3544,175.8458,1.5503,0.2127,0.5650,0.6037,2.5890,1.8551,1.3578,0.4773,1.9607,4.5262,0.3086,3.0000,0.0000,3.0000,0,10.8245,260.0838,-143.8317,58.1261,-201.9577,0.0000,0.0000,260.0838,-143.8317
132.691,2,1,heuristic,27.3618,175.8774,1.5549,0.1985,0.5737,0.6071,-2.4995,1.8586,1.3500,0.4585,1.9607,4.5000,0.3083,3.0000,0.0000,3.0000,0,10.8245,203.0076,-136.9544,33.0266,-169.9810,0.0000,0.0000,203.0076,-136.9544
132.741,2,1,heuristic,27.3676,175.9074,1.5578,0.1830,0.5836,0.6117,2.5257,1.8622,1.3415,0.4397,1.9607,4.4718,0.3073,3.0000,0.0000,3.0000,0,10.8245,105.1681,-27.9679,38.6001,-66.5680,0.0000,0.0000,105.1681,-27.9679
132.790,2,1,heuristic,27.3728,175.9390,1.5594,0.1665,0.5886,0.6117,-2.5303,1.8654,1.3334,0.4229,1.9607,4.4448,0.3076,3.0000,0.0000,3.0000,0,10.8245,134.0528,-25.4325,54.3102,-79.7427,0.0000,0.0000,134.0528,-25.4325
132.841,2,1,heuristic,27.3773,175.9685,1.5607,0.1521,0.5940,0.6131,-2.5438,1.8686,1.3248,0.4061,1.9607,4.4161,0.3092,3.0000,0.0000,3.0000,0,10.8245,95.8369,-13.0091,41.4139,-54.4230,0.0000,0.0000,95.8369,-13.0091
132.891,2,1,heuristic,27.3773,175.9685,1.5609,0.1521,0.5940,0.6131,2.5170,1.8716,1.3168,0.3907,1.9607,4.3892,0.3109,3.0000,0.0000,3.0000,0,10.8245,-12.1262,20.5172,4.1955,16.3217,0.0000,0.0000,-12.1262,20.5172
132.941,2,1,heuristic,27.3820,175.9995,1.5608,0.1396,0.5944,0.6105,-2.5417,1.8716,1.3168,0.3907,1.9607,4.3892,0.3107,3.0000,0.0000,3.0000,0,10.8245,5.7534,-65.3222,-29.7844,-35.5378,0.0000,0.0000,5.7534,-65.3222
132.991,2,1,heuristic,27.3865,176.0281,1.5603,0.1305,0.5945,0.6086,2.4965,1.8747,1.3083,0.3746,1.9607,4.3610,0.3138,3.0000,0.0000,3.0000,0,10.8245,-67.4116,-98.3894,-82.9005,-15.4889,0.0000,0.0000,-67.4116,-98.3894
133.041,2,1,heuristic,27.3916,176.0570,1.5599,0.1239,0.5868,0.5997,-2.5565,1.8777,1.3005,0.3595,1.9607,4.3351,0.3174,3.0000,0.0000,3.0000,0,10.8245,-96.2676,-87.3266,-91.7971,4.4705,0.0000,0.0000,-96.2676,-87.3266
133.091,2,1,heuristic,27.3965,176.0823,1.5576,0.1194,0.5747,0.5870,-2.5473,1.8808,1.2927,0.3439,1.9607,4.3091,0.3209,3.0000,0.0000,3.0000,0,10.8245,-87.1821,-37.7301,-62.4561,24.7260,0.0000,0.0000,-87.1821,-37.7301
133.141,2,1,heuristic,27.4014,176.1065,1.5578,0.1144,0.5531,0.5648,-2.5442,1.8837,1.2860,0.3297,1.9607,4.2865,0.3261,3.0000,0.0000,3.0000,0,10.8245,-30.2254,42.0036,5.8891,36.1145,0.0000,0.0000,-30.2254,42.0036
133.190,2,1,heuristic,27.4056,176.1272,1.5573,0.1092,0.5286,0.5397,2.5025,1.8865,1.2795,0.3160,1.9607,4.2650,0.3287,3.0000,0.0000,3.0000,0,10.8245,43.4335,21.9498,32.6917,-10.7419,0.0000,0.0000,43.4335,21.9498
133.241,2,1,heuristic,27.4095,176.1474,1.5563,0.1023,0.5006,0.5110,-2.5402,1.8890,1.2740,0.3042,1.9607,4.2467,0.3317,3.0000,0.0000,3.0000,0,10.8245,43.4335,21.9498,32.6917,-10.7419,0.0000,0.0000,43.4335,21.9498
133.291,2,1,heuristic,27.4129,176.1655,1.5557,0.0959,0.4757,0.4853,-2.5427,1.8914,1.2686,0.2929,1.9607,4.2287,0.3351,3.0000,0.0000,3.0000,0,10.8245,-27.3328,35.6277,4.1475,31.4803,0.0000,0.0000,-27.3328,35.6277
133.340,2,1,heuristic,27.4129,176.1655,1.5550,0.0959,0.4757,0.4853,2.5078,1.8935,1.2638,0.2829,1.9607,4.2126,0.3378,3.0000,0.0000,3.0000,0,10.8245,-62.1921,141.7796,39.7937,101.9859,0.0000,0.0000,-62.1921,141.7796
133.391,2,1,heuristic,27.4167,176.1836,1.5547,0.0914,0.4504,0.4596,-2.5162,1.8935,1.2638,0.2829,1.9607,4.2126,0.3384,3.0000,0.0000,3.0000,0,10.8245,-49.6819,153.0260,51.6720,101.3539,0.0000,0.0000,-49.6819,153.0260
133.440,2,1,heuristic,27.4209,176.1999,1.5531,0.0906,0.4282,0.4376,-2.5225,1.8957,1.2590,0.2725,1.9607,4.1966,0.3410,3.0000,0.0000,3.0000,0,10.8245,-190.1389,87.9803,-51.0793,139.0596,0.0000,0.0000,-190.1389,87.9803
133.490,2,1,heuristic,27.4261,176.2168,1.5559,0.0925,0.4075,0.4179,2.5553,1.8979,1.2548,0.2624,1.9607,4.1826,0.3448,3.0000,0.0000,3.0000,0,10.8245,-183.1752,83.0984,-50.0384,133.1368,0.0000,0.0000,-183.1752,83.0984
133.541,2,1,heuristic,27.4317,176.2321,1.5539,0.0974,0.3896,0.4015,-2.4910,1.9004,1.2505,0.2512,1.9607,4.1682,0.3445,3.0000,0.0000,3.0000,0,10.8245,-183.1752,83.0984,-50.0384,133.1368,0.0000,0.0000,-183.1752,83.0984
133.591,2,1,heuristic,27.4382,176.2471,1.5565,0.1030,0.3695,0.3836,-2.4682,1.9029,1.2467,0.2402,1.9607,4.1556,0.3489,3.0000,0.0000,3.0000,0,10.8245,-118.8711,152.2797,16.7043,135.5754,0.0000,0.0000,-118.8711,152.2797
133.640,2,1,heuristic,27.4446,176.2604,1.5584,0.1092,0.3509,0.3674,2.5962,1.9055,1.2431,0.2285,1.9607,4.1436,0.3490,3.0000,0.0000,3.0000,0,10.8245,-55.3414,174.9174,59.7880,115.1294,0.0000,0.0000,-55.3414,174.9174
133.691,2,1,heuristic,27.4446,176.2604,1.5605,0.1092,0.3509,0.3674,-2.4435,1.9081,1.2399,0.2175,1.9607,4.1332,0.3496,3.0000,0.0000,3.0000,0,10.8245,-74.9835,122.0103,23.5134,98.4969,0.0000,0.0000,-74.9835,122.0103
133.741,2,1,heuristic,27.4515,176.2742,1.5641,0.1139,0.3340,0.3529,2.6290,1.9081,1.2399,0.2175,1.9607,4.1332,0.3476,3.0000,0.0000,3.0000,0,10.8245,-76.0490,124.0638,24.0074,100.0564,0.0000,0.0000,-76.0490,124.0638
133.791,2,1,heuristic,27.4580,176.2876,1.5672,0.1182,0.3230,0.3440,-2.4013,1.9107,1.2367,0.2058,1.9607,4.1224,0.3466,3.0000,0.0000,3.0000,0,10.8245,-149.7049,186.3952,18.3451,168.0501,0.0000,0.0000,-149.7049,186.3952
133.840,2,1,heuristic,27.4649,176.3020,1.5718,0.1209,0.3136,0.3361,-2.3963,1.9133,1.2336,0.1947,1.9607,4.1119,0.3462,3.0000,0.0000,3.0000,0,10.8245,-177.2051,119.9309,-28.6371,148.5680,0.0000,0.0000,-177.2051,119.9309
133.891,2,1,heuristic,27.4715,176.3155,1.5757,0.1243,0.3073,0.3315,2.6615,1.9161,1.2302,0.1829,1.9607,4.1007,0.3442,3.0000,0.0000,3.0000,0,10.8245,-158.5275,187.8247,14.6486,173.1761,0.0000,0.0000,-158.5275,187.8247
133.941,2,1,heuristic,27.4790,176.3294,1.5828,0.1282,0.2995,0.3258,2.6703,1.9187,1.2271,0.1717,1.9607,4.0902,0.3430,3.0000,0.0000,3.0000,0,10.8245,-161.0490,203.3388,21.1449,182.1939,0.0000,0.0000,-161.0490,203.3388
133.991,2,1,heuristic,27.4866,176.3421,1.5880,0.1345,0.2924,0.3218,2.6987,1.9216,1.2239,0.1594,1.9607,4.0797,0.3388,3.0000,0.0000,3.0000,0,10.8245,-161.0490,203.3388,21.1449,182.1939,0.0000,0.0000,-161.0490,203.3388
134.041,2,1,heuristic,27.4955,176.3553,1.5935,0.1416,0.2846,0.3179,-2.3618,1.9244,1.2211,0.1476,1.9607,4.0704,0.3365,3.0000,0.0000,3.0000,0,10.8245,-94.9793,177.2090,41.1148,136.0942,0.0000,0.0000,-94.9793,177.2090
134.091,2,1,heuristic,27.5045,176.3675,1.6014,0.1506,0.2785,0.3166,2.7212,1.9276,1.2184,0.1344,1.9607,4.0612,0.3341,3.0000,0.0000,3.0000,0,10.8245,-116.3303,180.4387,32.0542,148.3845,0.0000,0.0000,-116.3303,180.4387
134.141,2,1,heuristic,27.5144,176.3804,1.6097,0.1586,0.2723,0.3151,2.7222,1.9307,1.2159,0.1214,1.9607,4.0529,0.3293,3.0000,0.0000,3.0000,0,10.8245,-199.7354,148.6516,-25.5419,174.1935,0.0000,0.0000,-199.7354,148.6516
134.191,2,1,heuristic,27.5239,176.3924,1.6171,0.1665,0.2679,0.3154,-2.3342,1.9341,1.2133,0.1074,1.9607,4.0443,0.3244,3.0000,0.0000,3.0000,0,10.8245,-155.0791,162.6436,3.7823,158.8613,0.0000,0.0000,-155.0791,162.6436
134.240,2,1,heuristic,27.5341,176.4045,1.6252,0.1725,0.2608,0.3127,-2.3138,1.9374,1.2110,0.0940,1.9607,4.0365,0.3203,3.0000,0.0000,3.0000,0,10.8245,-66.9140,151.9894,42.5377,109.4517,0.0000,0.0000,-66.9140,151.9894
134.291,2,1,heuristic,27.5437,176.4155,1.6364,0.1781,0.2546,0.3107,-2.3225,1.9408,1.2087,0.0800,1.9607,4.0289,0.3156,3.0000,0.0000,3.0000,0,10.8245,-137.4201,257.7385,60.1592,197.5793,0.0000,0.0000,-137.4201,257.7385
134.341,2,1,heuristic,27.5437,176.4155,1.6448,0.1781,0.2546,0.3107,2.7425,1.9441,1.2066,0.0669,1.9607,4.0221,0.3077,3.0000,0.0000,3.0000,0,10.8245,-119.0649,216.7289,48.8320,167.8969,0.0000,0.0000,-119.0649,216.7289
134.390,2,1,heuristic,27.5538,176.4274,1.6554,0.1811,0.2493,0.3081,-2.2975,1.9441,1.2066,0.0669,1.9607,4.0221,0.2992,3.0000,0.0000,3.0000,0,10.8245,-9.4313,111.2081,50.8884,60.3197,0.0000,0.0000,-9.4313,111.2081
134.441,2,1,heuristic,27.5633,176.4390,1.6645,0.1846,0.2478,0.3090,2.7610,1.9475,1.2044,0.0531,1.9607,4.0148,0.2921,3.0000,0.0000,3.0000,0,10.8245,-17.5049,161.0077,71.7514,89.2563,0.0000,0.0000,-17.5049,161.0077
134.491,2,1,heuristic,27.5733,176.4518,1.6756,0.1864,0.2476,0.3099,2.7585,1.9508,1.2023,0.0399,1.9607,4.0075,0.2863,3.0000,0.0000,3.0000,0,10.8245,-15.5825,111.9001,48.1588,63.7413,0.0000,0.0000,-15.5825,111.9001
134.540,2,1,heuristic,27.5827,176.4645,1.6803,0.1881,0.2512,0.3138,2.7513,1.9543,1.1998,0.0257,1.9607,3.9994,0.2787,3.0000,0.0000,3.0000,0,10.8245,48.2826,123.6790,85.9808,37.6982,0.0000,0.0000,48.2826,123.6790
134.591,2,1,heuristic,27.5925,176.4789,1.6914,0.1881,0.2563,0.3179,-2.3098,1.9576,1.1973,0.0122,1.9607,3.9911,0.2774,3.0000,0.0000,3.0000,0,10.8245,48.2826,123.6790,85.9808,37.6982,0.0000,0.0000,48.2826,123.6790
134.640,2,1,heuristic,27.6014,176.4935,1.7026,0.1876,0.2657,0.3253,-2.3123,1.9613,1.1944,-0.0023,1.9607,3.9815,0.2699,3.0000,0.0000,3.0000,0,10.8245,47.7866,77.4258,62.6062,14.8196,0.0000,0.0000,47.7866,77.4258
134.690,2,1,heuristic,27.6014,176.4935,1.7089,0.1876,0.2657,0.3253,-2.3370,1.9648,1.1914,-0.0161,1.9607,3.9714,0.2622,3.0000,0.0000,3.0000,0,10.8245,87.5788,61.7024,74.6406,-12.9382,0.0000,0.0000,87.5788,61.7024
134.741,2,1,heuristic,27.6105,176.5101,1.7195,0.1852,0.2763,0.3327,-2.3357,1.9648,1.1914,-0.0161,1.9607,3.9714,0.2559,3.0000,0.0000,3.0000,0,10.8245,87.5788,61.7024,74.6406,-12.9382,0.0000,0.0000,87.5788,61.7024
134.791,2,1,heuristic,27.6187,176.5266,1.7254,0.1822,0.2897,0.3423,-2.3360,1.9685,1.1879,-0.0309,1.9607,3.9596,0.2490,3.0000,0.0000,3.0000,0,10.8245,65.4534,19.2213,42.3374,-23.1161,0.0000,0.0000,65.4534,19.2213
134.843,2,1,heuristic,27.6267,176.5449,1.7332,0.1765,0.3025,0.3503,2.7027,1.9720,1.1843,-0.0447,1.9607,3.9476,0.2467,3.0000,0.0000,3.0000,0,10.8245,65.4534,19.2213,42.3374,-23.1161,0.0000,0.0000,65.4534,19.2213
134.891,2,1,heuristic,27.6267,176.5449,1.7403,0.1765,0.3025,0.3503,-2.3622,1.9757,1.1802,-0.0591,1.9607,3.9338,0.2425,3.0000,0.0000,3.0000,0,10.8245,5.6477,48.0446,26.8461,21.1984,0.0000,0.0000,5.6477,48.0446
134.940,2,1,heuristic,27.6335,176.5628,1.7426,0.1696,0.3163,0.3589,-2.3813,1.9757,1.1802,-0.0591,1.9607,3.9338,0.2354,3.0000,0.0000,3.0000,0,10.8245,-16.4098,129.6924,56.6413,73.0511,0.0000,0.0000,-16.4098,129.6924
134.991,2,1,heuristic,27.6401,176.5819,1.7520,0.1609,0.3268,0.3642,-2.3898,1.9791,1.1761,-0.0722,1.9607,3.9202,0.2365,3.0000,0.0000,3.0000,0,10.8245,-166.6575,104.8753,-30.8911,135.7664,0.0000,0.0000,-166.6575,104.8753
135.041,2,1,heuristic,27.6458,176.6003,1.7586,0.1528,0.3378,0.3707,2.6850,1.9826,1.1716,-0.0855,1.9607,3.9052,0.2306,3.0000,0.0000,3.0000,0,10.8245,-166.6575,104.8753,-30.8911,135.7664,0.0000,0.0000,-166.6575,104.8753
135.091,2,1,heuristic,27.6458,176.6003,1.7645,0.1528,0.3378,0.3707,2.6808,1.9858,1.1672,-0.0978,1.9607,3.8907,0.2273,3.0000,0.0000,3.0000,0,10.8245,-126.9515,145.5964,9.3224,136.2740,0.0000,0.0000,-126.9515,145.5964
135.140,2,1,heuristic,27.6519,176.6192,1.7713,0.1455,0.3431,0.3727,2.6995,1.9858,1.1672,-0.0978,1.9607,3.8907,0.2213,3.0000,0.0000,3.0000,0,10.8245,-125.2747,187.5174,31.1214,156.3960,0.0000,0.0000,-125.2747,187.5174
135.190,2,1,heuristic,27.6577,176.6365,1.7774,0.1405,0.3464,0.3738,2.7063,1.9892,1.1628,-0.1106,1.9607,3.8759,0.2179,3.0000,0.0000,3.0000,0,10.8245,-87.4409,173.1748,42.8669,130.3079,0.0000,0.0000,-87.4409,173.1748
135.240,2,1,heuristic,27.6640,176.6545,1.7847,0.1368,0.3463,0.3723,2.7063,1.9924,1.1587,-0.1225,1.9607,3.8625,0.2150,3.0000,0.0000,3.0000,0,10.8245,-87.4409,173.1748,42.8669,130.3079,0.0000,0.0000,-87.4409,173.1748
135.291,2,1,heuristic,27.6703,176.6713,1.7916,0.1354,0.3471,0.3726,-2.3390,1.9958,1.1546,-0.1352,1.9607,3.8487,0.2111,3.0000,0.0000,3.0000,0,10.8245,-169.0849,208.6094,19.7622,188.8471,0.0000,0.0000,-169.0849,208.6094
135.341,2,1,heuristic,27.6703,176.6713,1.7991,0.1354,0.3471,0.3726,2.7255,1.9991,1.1508,-0.1474,1.9607,3.8359,0.2075,3.0000,0.0000,3.0000,0,10.8245,-25.9489,130.1887,52.1199,78.0688,0.0000,0.0000,-25.9489,130.1887
135.390,2,1,heuristic,27.6773,176.6890,1.8086,0.1353,0.3458,0.3713,-2.3277,1.9991,1.1508,-0.1474,1.9607,3.8359,0.2000,3.0000,0.0000,3.0000,0,10.8245,30.3445,100.4421,65.3933,35.0488,0.0000,0.0000,30.3445,100.4421
135.440,2,1,heuristic,27.6842,176.7055,1.8146,0.1373,0.3454,0.3717,2.7353,2.0027,1.1468,-0.1606,1.9607,3.8228,0.1942,3.0000,0.0000,3.0000,0,10.8245,30.3445,100.4421,65.3933,35.0488,0.0000,0.0000,30.3445,100.4421
135.491,2,1,heuristic,27.6914,176.7231,1.8223,0.1373,0.3440,0.3704,-2.3455,2.0062,1.1432,-0.1733,1.9607,3.8107,0.1916,3.0000,0.0000,3.0000,0,10.8245,44.8194,53.6164,49.2179,4.3985,0.0000,0.0000,44.8194,53.6164
135.541,2,1,heuristic,27.6978,176.7399,1.8303,0.1366,0.3454,0.3714,2.7123,2.0099,1.1393,-0.1866,1.9607,3.7978,0.1875,3.0000,0.0000,3.0000,0,10.8245,74.1741,36.6091,55.3916,-18.7825,0.0000,0.0000,74.1741,36.6091
135.591,2,1,heuristic,27.6978,176.7399,1.8373,0.1366,0.3454,0.3714,2.7288,2.0133,1.1356,-0.1990,1.9607,3.7853,0.1829,3.0000,0.0000,3.0000,0,10.8245,170.2113,18.2063,94.2088,-76.0025,0.0000,0.0000,170.2113,18.2063
135.640,2,1,heuristic,27.7041,176.7581,1.8453,0.1334,0.3461,0.3710,2.6905,2.0133,1.1356,-0.1990,1.9607,3.7853,0.1760,3.0000,0.0000,3.0000,0,10.8245,233.2889,-6.4960,113.3964,-119.8925,0.0000,0.0000,233.2889,-6.4960
135.691,2,1,heuristic,27.7092,176.7756,1.8521,0.1283,0.3501,0.3728,-2.3885,2.0168,1.1315,-0.2117,1.9607,3.7716,0.1715,3.0000,0.0000,3.0000,0,10.8245,190.2282,-47.6755,71.2763,-118.9519,0.0000,0.0000,190.2282,-47.6755
135.742,2,1,heuristic,27.7136,176.7953,1.8586,0.1192,0.3555,0.3750,2.6538,2.0201,1.1274,-0.2231,1.9607,3.7580,0.1680,3.0000,0.0000,3.0000,0,10.8245,152.9749,-90.4509,31.2620,-121.7129,0.0000,0.0000,152.9749,-90.4509
135.790,2,1,heuristic,27.7164,176.8145,1.8641,0.1072,0.3646,0.3801,-2.4278,2.0234,1.1227,-0.2346,1.9607,3.7422,0.1648,3.0000,0.0000,3.0000,0,10.8245,148.9847,-26.2942,61.3453,-87.6394,0.0000,0.0000,148.9847,-26.2942
135.841,2,1,heuristic,27.7164,176.8145,1.8692,0.1072,0.3646,0.3801,2.6193,2.0264,1.1179,-0.2445,1.9607,3.7262,0.1623,3.0000,0.0000,3.0000,0,10.8245,232.7034,-38.9307,96.8863,-135.8170,0.0000,0.0000,232.7034,-38.9307
135.891,2,1,heuristic,27.7187,176.8557,1.8742,0.0761,0.3821,0.3896,-2.4570,2.0264,1.1179,-0.2445,1.9607,3.7262,0.1572,3.0000,0.0000,3.0000,0,10.8245,236.4411,-44.6322,95.9044,-140.5366,0.0000,0.0000,236.4411,-44.6322
135.941,2,1,heuristic,27.7187,176.8557,1.8770,0.0761,0.3821,0.3896,2.5762,2.0318,1.1071,-0.2623,1.9607,3.6903,0.1576,3.0000,0.0000,3.0000,0,10.8245,142.1516,-23.2303,59.4606,-82.6909,0.0000,0.0000,142.1516,-23.2303
135.991,2,1,heuristic,27.7180,176.8781,1.8803,0.0583,0.3919,0.3962,-2.5013,2.0318,1.1071,-0.2623,1.9607,3.6903,0.1548,3.0000,0.0000,3.0000,0,10.8245,142.1516,-23.2303,59.4606,-82.6909,0.0000,0.0000,142.1516,-23.2303
136.041,2,1,heuristic,27.7165,176.8999,1.8829,0.0403,0.4044,0.4064,-2.5195,2.0344,1.1010,-0.2701,1.9607,3.6699,0.1541,3.0000,0.0000,3.0000,0,10.8245,141.3730,-70.2226,35.5752,-105.7978,0.0000,0.0000,141.3730,-70.2226
136.091,2,1,heuristic,27.7143,176.9235,1.8841,0.0239,0.4143,0.4149,2.5413,2.0367,1.0949,-0.2770,1.9607,3.6497,0.1538,3.0000,0.0000,3.0000,0,10.8245,153.4314,-79.5227,36.9544,-116.4770,0.0000,0.0000,153.4314,-79.5227
136.141,2,1,heuristic,27.7119,176.9459,1.8851,0.0091,0.4246,0.4247,-2.5463,2.0391,1.0883,-0.2840,1.9607,3.6277,0.1549,3.0000,0.0000,3.0000,0,10.8245,47.6560,-129.5133,-40.9286,-88.5846,0.0000,0.0000,47.6560,-129.5133
136.191,2,1,heuristic,27.7089,176.9693,1.8854,-0.0041,0.4300,0.4300,2.5175,2.0413,1.0820,-0.2903,1.9607,3.6067,0.1562,3.0000,0.0000,3.0000,0,10.8245,69.2886,-141.6414,-36.1764,-105.4650,0.0000,0.0000,69.2886,-141.6414
136.241,2,1,heuristic,27.7060,176.9905,1.8849,-0.0154,0.4319,0.4322,-2.5790,2.0435,1.0753,-0.2965,1.9607,3.5844,0.1581,3.0000,0.0000,3.0000,0,10.8245,53.8847,-66.9233,-6.5193,-60.4040,0.0000,0.0000,53.8847,-66.9233
136.291,2,1,heuristic,27.7060,176.9905,1.8842,-0.0154,0.4319,0.4322,2.4878,2.0455,1.0693,-0.3018,1.9607,3.5643,0.1606,3.0000,0.0000,3.0000,0,10.8245,33.7104,0.2467,16.9785,-16.7319,0.0000,0.0000,33.7104,0.2467
136.341,2,1,heuristic,27.7027,177.0115,1.8829,-0.0249,0.4265,0.4272,-2.5810,2.0455,1.0693,-0.3018,1.9607,3.5643,0.1612,3.0000,0.0000,3.0000,0,10.8245,43.4855,-20.5672,11.4591,-32.0264,0.0000,0.0000,43.4855,-20.5672
136.391,2,1,heuristic,27.6994,177.0303,1.8817,-0.0337,0.4196,0.4210,2.4828,2.0474,1.0632,-0.3068,1.9607,3.5441,0.1645,3.0000,0.0000,3.0000,0,10.8245,46.8330,12.4395,29.6363,-17.1968,0.0000,0.0000,46.8330,12.4395
136.441,2,1,heuristic,27.6958,177.0494,1.8796,-0.0408,0.4089,0.4110,-2.5707,2.0490,1.0577,-0.3109,1.9607,3.5258,0.1673,3.0000,0.0000,3.0000,0,10.8245,7.3134,9.5545,8.4339,1.1205,0.0000,0.0000,7.3134,9.5545
136.491,2,1,heuristic,27.6923,177.0666,1.8785,-0.0474,0.3989,0.4017,2.4825,2.0506,1.0522,-0.3148,1.9607,3.5073,0.1710,3.0000,0.0000,3.0000,0,10.8245,69.8552,29.7641,49.8096,-20.0456,0.0000,0.0000,69.8552,29.7641
136.541,2,1,heuristic,27.6887,177.0842,1.8762,-0.0519,0.3867,0.3902,-2.5690,2.0519,1.0471,-0.3180,1.9607,3.4904,0.1734,3.0000,0.0000,3.0000,0,10.8245,-13.8003,30.4186,8.3092,22.1095,0.0000,0.0000,-13.8003,30.4186
136.591,2,1,heuristic,27.6853,177.1004,1.8743,-0.0554,0.3772,0.3813,-2.5560,2.0534,1.0419,-0.3213,1.9607,3.4731,0.1771,3.0000,0.0000,3.0000,0,10.8245,50.9561,140.3524,95.6542,44.6981,0.0000,0.0000,50.9561,140.3524
136.641,2,1,heuristic,27.6853,177.1004,1.8729,-0.0554,0.3772,0.3813,-2.5605,2.0547,1.0371,-0.3245,1.9607,3.4571,0.1804,3.0000,0.0000,3.0000,0,10.8245,-58.7503,89.4386,15.3442,74.0945,0.0000,0.0000,-58.7503,89.4386
136.691,2,1,heuristic,27.6820,177.1178,1.8712,-0.0572,0.3684,0.3728,-2.5545,2.0547,1.0371,-0.3245,1.9607,3.4571,0.1818,3.0000,0.0000,3.0000,0,10.8245,-108.2896,94.4290,-6.9303,101.3593,0.0000,0.0000,-108.2896,94.4290
136.741,2,1,heuristic,27.6792,177.1346,1.8684,-0.0575,0.3647,0.3692,-2.5268,2.0562,1.0321,-0.3279,1.9607,3.4403,0.1850,3.0000,0.0000,3.0000,0,10.8245,-203.0627,26.6606,-88.2010,114.8616,0.0000,0.0000,-203.0627,26.6606
136.790,2,1,heuristic,27.6767,177.1524,1.8686,-0.0556,0.3605,0.3648,-2.5122,2.0577,1.0272,-0.3317,1.9607,3.4241,0.1893,3.0000,0.0000,3.0000,0,10.8245,-122.1100,74.4652,-23.8224,98.2876,0.0000,0.0000,-122.1100,74.4652
136.841,2,1,heuristic,27.6749,177.1687,1.8686,-0.0519,0.3564,0.3601,2.5525,2.0595,1.0221,-0.3362,1.9607,3.4071,0.1909,3.0000,0.0000,3.0000,0,10.8245,-134.6366,79.4201,-27.6083,107.0283,0.0000,0.0000,-134.6366,79.4201
136.891,2,1,heuristic,27.6733,177.1853,1.8687,-0.0475,0.3488,0.3520,-2.5000,2.0613,1.0176,-0.3408,1.9607,3.3919,0.1928,3.0000,0.0000,3.0000,0,10.8245,-166.8360,32.8347,-67.0006,99.8353,0.0000,0.0000,-166.8360,32.8347
136.941,2,1,heuristic,27.6721,177.2005,1.8694,-0.0431,0.3423,0.3450,2.5623,2.0632,1.0130,-0.3456,1.9607,3.3766,0.1945,3.0000,0.0000,3.0000,0,10.8245,-175.1558,141.0381,-17.0589,158.0969,0.0000,0.0000,-175.1558,141.0381
136.991,2,1,heuristic,27.6712,177.2158,1.8707,-0.0380,0.3328,0.3350,-2.4762,2.0650,1.0088,-0.3503,1.9607,3.3626,0.1957,3.0000,0.0000,3.0000,0,10.8245,-221.1624,183.0852,-19.0386,202.1238,0.0000,0.0000,-221.1624,183.0852
137.041,2,1,heuristic,27.6708,177.2298,1.8730,-0.0319,0.3244,0.3260,-2.4463,2.0670,1.0046,-0.3552,1.9607,3.3487,0.1963,3.0000,0.0000,3.0000,0,10.8245,-125.0865,133.7659,4.3397,129.4262,0.0000,0.0000,-125.0865,133.7659
137.091,2,1,heuristic,27.6708,177.2298,1.8753,-0.0319,0.3244,0.3260,2.6107,2.0689,1.0009,-0.3602,1.9607,3.3362,0.1959,3.0000,0.0000,3.0000,0,10.8245,-124.1242,139.1773,7.5265,131.6507,0.0000,0.0000,-124.1242,139.1773
137.141,2,1,heuristic,27.6712,177.2441,1.8805,-0.0240,0.3147,0.3157,2.6290,2.0689,1.0009,-0.3602,1.9607,3.3362,0.1936,3.0000,0.0000,3.0000,0,10.8245,-188.0880,198.2336,5.0728,193.1608,0.0000,0.0000,-188.0880,198.2336
137.191,2,1,heuristic,27.6722,177.2573,1.8840,-0.0151,0.3067,0.3070,2.6490,2.0710,0.9971,-0.3660,1.9607,3.3238,0.1905,3.0000,0.0000,3.0000,0,10.8245,-107.7126,239.6686,65.9780,173.6906,0.0000,0.0000,-107.7126,239.6686
137.241,2,1,heuristic,27.6741,177.2709,1.8881,-0.0049,0.2975,0.2976,-2.3655,2.0732,0.9938,-0.3720,1.9607,3.3128,0.1892,3.0000,0.0000,3.0000,0,10.8245,-77.0114,213.2556,68.1221,145.1335,0.0000,0.0000,-77.0114,213.2556
137.291,2,1,heuristic,27.6766,177.2835,1.8932,0.0065,0.2907,0.2908,2.6783,2.0757,0.9905,-0.3788,1.9607,3.3018,0.1876,3.0000,0.0000,3.0000,0,10.8245,-77.0114,213.2556,68.1221,145.1335,0.0000,0.0000,-77.0114,213.2556
137.340,2,1,heuristic,27.6797,177.2972,1.9013,0.0171,0.2853,0.2858,2.7095,2.0782,0.9876,-0.3859,1.9607,3.2919,0.1850,3.0000,0.0000,3.0000,0,10.8245,-28.4265,137.9884,54.7809,83.2075,0.0000,0.0000,-28.4265,137.9884
137.391,2,1,heuristic,27.6828,177.3106,1.9075,0.0265,0.2839,0.2851,-2.3625,2.0811,0.9844,-0.3940,1.9607,3.2814,0.1797,3.0000,0.0000,3.0000,0,10.8245,-24.4850,148.4898,62.0024,86.4874,0.0000,0.0000,-24.4850,148.4898
137.440,2,1,heuristic,27.6859,177.3252,1.9142,0.0332,0.2832,0.2852,-2.3733,2.0839,0.9814,-0.4020,1.9607,3.2713,0.1764,3.0000,0.0000,3.0000,0,10.8245,-103.4852,170.4928,33.5038,136.9890,0.0000,0.0000,-103.4852,170.4928
137.491,2,1,heuristic,27.6885,177.3394,1.9233,0.0376,0.2859,0.2883,2.6983,2.0869,0.9780,-0.4104,1.9607,3.2601,0.1727,3.0000,0.0000,3.0000,0,10.8245,-62.1601,117.1313,27.4856,89.6457,0.0000,0.0000,-62.1601,117.1313
137.541,2,1,heuristic,27.6911,177.3551,1.9306,0.0401,0.2890,0.2918,2.6975,2.0898,0.9747,-0.4182,1.9607,3.2491,0.1664,3.0000,0.0000,3.0000,0,10.8245,-0.4837,65.6542,32.5853,33.0690,0.0000,0.0000,-0.4837,65.6542
137.590,2,1,heuristic,27.6934,177.3703,1.9392,0.0414,0.2945,0.2974,-2.3647,2.0929,0.9710,-0.4266,1.9607,3.2368,0.1622,3.0000,0.0000,3.0000,0,10.8245,-0.4837,65.6542,32.5853,33.0690,0.0000,0.0000,-0.4837,65.6542
137.640,2,1,heuristic,27.6953,177.3869,1.9481,0.0405,0.2995,0.3022,-2.3505,2.0958,0.9674,-0.4345,1.9607,3.2247,0.1566,3.0000,0.0000,3.0000,0,10.8245,61.6408,112.1280,86.8844,25.2436,0.0000,0.0000,61.6408,112.1280
137.691,2,1,heuristic,27.6967,177.4031,1.9549,0.0384,0.3070,0.3094,2.6880,2.0989,0.9634,-0.4426,1.9607,3.2114,0.1508,3.0000,0.0000,3.0000,0,10.8245,135.9694,34.9020,85.4357,-50.5337,0.0000,0.0000,135.9694,34.9020
137.741,2,1,heuristic,27.6967,177.4031,1.9618,0.0384,0.3070,0.3094,-2.3580,2.1019,0.9594,-0.4500,1.9607,3.1981,0.1470,3.0000,0.0000,3.0000,0,10.8245,32.7297,-62.4195,-14.8449,-47.5746,0.0000,0.0000,32.7297,-62.4195
137.791,2,1,heuristic,27.6977,177.4213,1.9682,0.0344,0.3155,0.3174,2.6848,2.1019,0.9594,-0.4500,1.9607,3.1981,0.1401,3.0000,0.0000,3.0000,0,10.8245,42.4004,-90.9778,-24.2887,-66.6891,0.0000,0.0000,42.4004,-90.9778
137.841,2,1,heuristic,27.6982,177.4391,1.9771,0.0297,0.3268,0.3281,2.6538,2.1050,0.9549,-0.4578,1.9607,3.1829,0.1369,3.0000,0.0000,3.0000,0,10.8245,50.9226,-67.8816,-8.4795,-59.4021,0.0000,0.0000,50.9226,-67.8816
137.891,2,1,heuristic,27.6986,177.4577,1.9841,0.0253,0.3331,0.3340,2.6270,2.1080,0.9504,-0.4651,1.9607,3.1679,0.1309,3.0000,0.0000,3.0000,0,10.8245,21.3120,-2.4652,9.4234,-11.8886,0.0000,0.0000,21.3120,-2.4652
137.941,2,1,heuristic,27.6986,177.4746,1.9888,0.0204,0.3368,0.3374,-2.4308,2.1112,0.9456,-0.4725,1.9607,3.1521,0.1271,3.0000,0.0000,3.0000,0,10.8245,21.3120,-2.4652,9.4234,-11.8886,0.0000,0.0000,21.3120,-2.4652
137.991,2,1,heuristic,27.6982,177.4917,1.9945,0.0146,0.3351,0.3354,-2.4257,2.1140,0.9413,-0.4790,1.9607,3.1376,0.1251,3.0000,0.0000,3.0000,0,10.8245,100.7694,37.4411,69.1052,-31.6642,0.0000,0.0000,100.7694,37.4411
138.041,2,1,heuristic,27.6974,177.5071,1.9984,0.0084,0.3321,0.3322,2.6095,2.1167,0.9368,-0.4851,1.9607,3.1228,0.1222,3.0000,0.0000,3.0000,0,10.8245,101.3882,68.1743,84.7813,-16.6070,0.0000,0.0000,101.3882,68.1743
138.091,2,1,heuristic,27.6959,177.5228,2.0038,0.0011,0.3262,0.3263,-2.4693,2.1190,0.9328,-0.4902,1.9607,3.1093,0.1207,3.0000,0.0000,3.0000,0,10.8245,49.3837,27.6358,38.5098,-10.8740,0.0000,0.0000,49.3837,27.6358
138.141,2,1,heuristic,27.6941,177.5376,2.0073,-0.0068,0.3227,0.3228,2.6113,2.1213,0.9285,-0.4948,1.9607,3.0951,0.1175,3.0000,0.0000,3.0000,0,10.8245,49.3837,27.6358,38.5098,-10.8740,0.0000,0.0000,49.3837,27.6358
138.190,2,1,heuristic,27.6921,177.5534,2.0102,-0.0132,0.3187,0.3190,-2.4750,2.1233,0.9244,-0.4987,1.9607,3.0815,0.1160,3.0000,0.0000,3.0000,0,10.8245,33.0526,-28.5797,2.2365,-30.8161,0.0000,0.0000,33.0526,-28.5797
138.241,2,1,heuristic,27.6903,177.5681,2.0138,-0.0179,0.3164,0.3169,2.5870,2.1254,0.9201,-0.5029,1.9607,3.0670,0.1152,3.0000,0.0000,3.0000,0,10.8245,-25.0121,-46.7008,-35.8565,-10.8443,0.0000,0.0000,-25.0121,-46.7008
138.290,2,1,heuristic,27.6889,177.5835,2.0163,-0.0199,0.3122,0.3128,-2.4762,2.1274,0.9161,-0.5068,1.9607,3.0536,0.1136,3.0000,0.0000,3.0000,0,10.8245,26.2691,10.4903,18.3797,-7.8894,0.0000,0.0000,26.2691,10.4903
138.340,2,1,heuristic,27.6889,177.5835,2.0188,-0.0199,0.3122,0.3128,2.5685,2.1297,0.9119,-0.5113,1.9607,3.0398,0.1135,3.0000,0.0000,3.0000,0,10.8245,24.4808,-59.5187,-17.5190,-41.9997,0.0000,0.0000,24.4808,-59.5187
138.390,2,1,heuristic,27.6877,177.5973,2.0211,-0.0210,0.3074,0.3081,2.5758,2.1297,0.9119,-0.5113,1.9607,3.0398,0.1109,3.0000,0.0000,3.0000,0,10.8245,51.6059,-108.9624,-28.6783,-80.2841,0.0000,0.0000,51.6059,-108.9624
138.440,2,1,heuristic,27.6863,177.6114,2.0225,-0.0222,0.3002,0.3010,2.5623,2.1318,0.9082,-0.5155,1.9607,3.0274,0.1107,3.0000,0.0000,3.0000,0,10.8245,43.2550,-29.3708,6.9421,-36.3129,0.0000,0.0000,43.2550,-29.3708
138.491,2,1,heuristic,27.6846,177.6239,2.0240,-0.0245,0.2923,0.2933,-2.5093,2.1339,0.9044,-0.5195,1.9607,3.0147,0.1114,3.0000,0.0000,3.0000,0,10.8245,126.7649,58.2135,92.4892,-34.2757,0.0000,0.0000,126.7649,58.2135
138.541,2,1,heuristic,27.6846,177.6239,2.0239,-0.0245,0.2923,0.2933,-2.5093,2.1357,0.9010,-0.5228,1.9607,3.0033,0.1117,3.0000,0.0000,3.0000,0,10.8245,105.3562,-50.9689,27.1936,-78.1625,0.0000,0.0000,105.3562,-50.9689
138.591,2,1,heuristic,27.6821,177.6369,2.0266,-0.0295,0.2839,0.2854,-2.5165,2.1357,0.9010,-0.5228,1.9607,3.0033,0.1117,3.0000,0.0000,3.0000,0,10.8245,105.3562,-50.9689,27.1936,-78.1625,0.0000,0.0000,105.3562,-50.9689
138.641,2,1,heuristic,27.6790,177.6496,2.0261,-0.0362,0.2797,0.2821,-2.5130,2.1373,0.0000,-0.5253,1.9607,2.9909,0.1106,3.0000,0.0012,3.0000,0,10.8245,44.8350,1.3956,23.1153,-21.7197,0.0000,0.0000,44.8350,1.3956
138.690,2,1,heuristic,27.6754,177.6630,2.0293,-0.0431,0.2754,0.2787,2.5333,2.1387,0.0000,-0.5274,1.9607,2.9786,0.1126,3.0000,0.0012,3.0000,0,10.8245,0.0000,0.0000,0.0000,0.0000,0.0000,0.0000,0.0000,0.0000
138.741,2,1,heuristic,27.6717,177.6756,2.0286,-0.0496,0.2728,0.2773,2.5325,2.1401,0.0000,-0.5291,1.9607,2.9654,0.1108,3.0000,0.1001,3.0000,0,10.8245,0.0000,0.0000,0.0000,0.0000,0.0000,0.0000,0.0000,0.0000
138.791,2,1,heuristic,27.6717,177.6756,2.0287,-0.0496,0.2728,0.2773,-2.5208,2.1413,0.0000,-0.5305,1.9607,2.9528,0.1127,3.0000,0.1001,3.0000,0,10.8245,0.0000,0.0000,0.0000,0.0000,0.0000,0.0000,0.0000,0.0000
138.841,2,1,heuristic,27.6681,177.6888,2.0275,-0.0537,0.2690,0.2743,-2.5265,2.1413,0.0000,-0.5305,1.9607,2.9528,0.1127,3.0000,0.1996,3.0000,0,10.8245,0.0000,0.0000,0.0000,0.0000,0.0000,0.0000,0.0000,0.0000
138.891,2,1,heuristic,27.6648,177.7009,2.0289,-0.0565,0.2659,0.2718,-2.5250,2.1427,0.0000,-0.5321,1.9607,2.9397,0.1152,3.0000,0.1996,3.0000,0,10.8245,0.0000,0.0000,0.0000,0.0000,0.0000,0.0000,0.0000,0.0000
138.941,2,1,heuristic,27.6616,177.7134,2.0276,-0.0576,0.2608,0.2671,-2.5257,2.1440,0.0000,-0.5337,1.9607,2.9277,0.1152,3.0000,0.2995,3.0000,0,10.8245,0.0000,0.0000,0.0000,0.0000,0.0000,0.0000,0.0000,0.0000
138.990,2,1,heuristic,27.6587,177.7248,2.0288,-0.0583,0.2558,0.2624,-2.5160,2.1454,0.0000,-0.5355,1.9607,2.9155,0.1179,3.0000,0.2995,3.0000,0,10.8245,0.0000,0.0000,0.0000,0.0000,0.0000,0.0000,0.0000,0.0000
139.041,2,1,heuristic,27.6587,177.7248,2.0276,-0.0583,0.2558,0.2624,-2.5482,2.1467,0.0000,-0.5371,1.9607,2.9044,0.1179,3.0000,0.3994,3.0000,0,10.8245,0.0000,0.0000,0.0000,0.0000,0.0000,0.0000,0.0000,0.0000
139.090,2,1,heuristic,27.6557,177.7362,2.0288,-0.0581,0.2486,0.2553,-2.5240,2.1467,0.0000,-0.5371,1.9607,2.9044,0.1191,3.0000,0.3994,3.0000,0,10.8245,0.0000,0.0000,0.0000,0.0000,0.0000,0.0000,0.0000,0.0000
139.141,2,1,heuristic,27.6529,177.7464,2.0290,-0.0580,0.2413,0.2482,2.5307,2.1480,0.0000,-0.5387,1.9607,2.8932,0.1192,3.0000,0.4994,3.0000,0,10.8245,0.0000,0.0000,0.0000,0.0000,0.0000,0.0000,0.0000,0.0000
139.191,2,1,heuristic,27.6501,177.7565,2.0288,-0.0575,0.2322,0.2392,-2.5290,2.1491,0.0000,-0.5400,1.9607,2.8831,0.1201,3.0000,0.4994,3.0000,0,10.8245,0.0000,0.0000,0.0000,0.0000,0.0000,0.0000,0.0000,0.0000
139.241,2,1,heuristic,27.6474,177.7655,2.0290,-0.0568,0.2233,0.2304,2.5395,2.1502,0.0000,-0.5412,1.9607,2.8731,0.1214,3.0000,0.5994,3.0000,0,10.8245,0.0000,0.0000,0.0000,0.0000,0.0000,0.0000,0.0000,0.0000
139.291,2,1,heuristic,27.6474,177.7655,2.0289,-0.0568,0.2233,0.2304,-2.5257,2.1512,0.0000,-0.5422,1.9607,2.8641,0.1221,3.0000,0.5994,3.0000,0,10.8245,0.0000,0.0000,0.0000,0.0000,0.0000,0.0000,0.0000,0.0000
139.341,2,1,heuristic,27.6448,177.7745,2.0291,-0.0555,0.2132,0.2203,2.5253,2.1512,0.0000,-0.5422,1.9607,2.8641,0.1223,3.0000,0.6994,3.0000,0,10.8245,0.0000,0.0000,0.0000,0.0000,0.0000,0.0000,0.0000,0.0000
139.391,2,1,heuristic,27.6426,177.7826,2.0289,-0.0538,0.2042,0.2111,-2.5322,2.1521,0.0000,-0.5432,1.9607,2.8551,0.1231,3.0000,0.6994,3.0000,0,10.8245,0.0000,0.0000,0.0000,0.0000,0.0000,0.0000,0.0000,0.0000
139.441,2,1,heuristic,27.6404,177.7908,2.0292,-0.0514,0.1949,0.2016,2.5293,2.1530,0.0000,-0.5442,1.9607,2.8472,0.1241,3.0000,0.7996,3.0000,0,10.8245,0.0000,0.0000,0.0000,0.0000,0.0000,0.0000,0.0000,0.0000
139.491,2,1,heuristic,27.6386,177.7983,2.0290,-0.0488,0.1871,0.1934,-2.5448,2.1540,0.0000,-0.5453,1.9607,2.8391,0.1248,3.0000,0.7996,3.0000,0,10.8245,0.0000,0.0000,0.0000,0.0000,0.0000,0.0000,0.0000,0.0000
139.541,2,1,heuristic,27.6368,177.8060,2.0292,-0.0459,0.1793,0.1850,2.5230,2.1549,0.0000,-0.5465,1.9607,2.8319,0.1259,3.0000,0.8993,3.0000,0,10.8245,0.0000,0.0000,0.0000,0.0000,0.0000,0.0000,0.0000,0.0000
139.591,2,1,heuristic,27.6368,177.8060,2.0291,-0.0459,0.1793,0.1850,-2.5345,2.1559,0.0000,-0.5477,1.9607,2.8245,0.1266,3.0000,0.8993,3.0000,0,10.8245,0.0000,0.0000,0.0000,0.0000,0.0000,0.0000,0.0000,0.0000
139.641,2,1,heuristic,27.6352,177.8130,2.0294,-0.0435,0.1726,0.1780,2.5228,2.1559,0.0000,-0.5477,1.9607,2.8245,0.1267,3.0000,0.9995,3.0000,0,10.8245,0.0000,0.0000,0.0000,0.0000,0.0000,0.0000,0.0000,0.0000
139.691,2,1,heuristic,27.6334,177.8202,2.0293,-0.0415,0.1658,0.1709,-2.5398,2.1567,0.0000,-0.5489,1.9607,2.8177,0.1274,3.0000,0.9995,3.0000,0,10.8245,0.0000,0.0000,0.0000,0.0000,0.0000,0.0000,0.0000,0.0000
139.741,2,1,heuristic,27.6317,177.8268,2.0295,-0.0402,0.1601,0.1651,-2.5248,2.1577,0.0000,-0.5500,1.9607,2.8108,0.1284,3.0000,1.0996,3.0000,0,10.8245,0.0000,0.0000,0.0000,0.0000,0.0000,0.0000,0.0000,0.0000
139.791,2,1,heuristic,27.6298,177.8336,2.0294,-0.0395,0.1541,0.1591,2.5245,2.1584,0.0000,-0.5510,1.9607,2.8043,0.1290,3.0000,1.0996,3.0000,0,10.8245,0.0000,0.0000,0.0000,0.0000,0.0000,0.0000,0.0000,0.0000
139.841,2,1,heuristic,27.6280,177.8397,2.0296,-0.0392,0.1490,0.1541,-2.5192,2.1592,0.0000,-0.5518,1.9607,2.7977,0.1298,3.0000,1.1994,3.0000,0,10.8245,0.0000,0.0000,0.0000,0.0000,0.0000,0.0000,0.0000,0.0000
139.891,2,1,heuristic,27.6280,177.8397,2.0295,-0.0392,0.1490,0.1541,2.5210,2.1599,0.0000,-0.5524,1.9607,2.7915,0.1303,3.0000,1.1994,3.0000,0,10.8245,0.0000,0.0000,0.0000,0.0000,0.0000,0.0000,0.0000,0.0000
139.941,2,1,heuristic,27.6260,177.8461,2.0310,-0.0389,0.1436,0.1488,2.5383,2.1599,0.0000,-0.5524,1.9607,2.7915,0.1304,3.0000,1.2995,3.0000,0,10.8245,0.0000,0.0000,0.0000,0.0000,0.0000,0.0000,0.0000,0.0000
139.991,2,1,heuristic,27.6243,177.8518,2.0285,-0.0386,0.1388,0.1441,-2.5285,2.1606,0.0000,-0.5530,1.9607,2.7851,0.1296,3.0000,1.2995,3.0000,0,10.8245,0.0000,0.0000,0.0000,0.0000,0.0000,0.0000,0.0000,0.0000
140.041,2,1,heuristic,27.6225,177.8577,2.0311,-0.0376,0.1336,0.1388,2.5303,2.1612,0.0000,-0.5536,1.9607,2.7794,0.1327,3.0000,1.3993,3.0000,0,10.8245,0.0000,0.0000,0.0000,0.0000,0.0000,0.0000,0.0000,0.0000
140.091,2,1,heuristic,27.6210,177.8630,2.0286,-0.0363,0.1289,0.1339,-2.5220,2.1619,0.0000,-0.5542,1.9607,2.7735,0.1307,3.0000,1.3993,3.0000,0,10.8245,0.0000,0.0000,0.0000,0.0000,0.0000,0.0000,0.0000,0.0000
140.141,2,1,heuristic,27.6210,177.8630,2.0300,-0.0363,0.1289,0.1339,-2.5278,2.1625,0.0000,-0.5548,1.9607,2.7683,0.1338,3.0000,1.4995,3.0000,0,10.8245,0.0000,0.0000,0.0000,0.0000,0.0000,0.0000,0.0000,0.0000
140.191,2,1,heuristic,27.6184,177.8730,2.0302,-0.0325,0.1186,0.1229,2.5225,2.1625,0.0000,-0.5548,1.9607,2.7683,0.1324,3.0000,1.4995,3.0000,0,10.8245,0.0000,0.0000,0.0000,0.0000,0.0000,0.0000,0.0000,0.0000
140.241,2,1,heuristic,27.6184,177.8730,2.0302,-0.0325,0.1186,0.1229,2.5225,2.1637,0.0000,-0.5562,1.9607,2.7585,0.1336,3.0000,1.5996,3.0000,0,10.8245,0.0000,0.0000,0.0000,0.0000,0.0000,0.0000,0.0000,0.0000
140.291,2,1,heuristic,27.6172,177.8777,2.0303,-0.0306,0.1127,0.1168,2.5288,2.1637,0.0000,-0.5562,1.9607,2.7585,0.1323,3.0000,1.5996,3.0000,0,10.8245,0.0000,0.0000,0.0000,0.0000,0.0000,0.0000,0.0000,0.0000
140.341,2,1,heuristic,27.6161,177.8817,2.0302,-0.0290,0.1069,0.1108,-2.5152,2.1643,0.0000,-0.5569,1.9607,2.7540,0.1340,3.0000,1.6994,3.0000,0,10.8245,0.0000,0.0000,0.0000,0.0000,0.0000,0.0000,0.0000,0.0000
140.391,2,1,heuristic,27.6150,177.8856,2.0305,-0.0278,0.1006,0.1043,2.5300,2.1648,0.0000,-0.5574,1.9607,2.7501,0.1346,3.0000,1.6994,3.0000,0,10.8245,0.0000,0.0000,0.0000,0.0000,0.0000,0.0000,0.0000,0.0000
140.441,2,1,heuristic,27.6138,177.8890,2.0304,-0.0271,0.0945,0.0983,2.5270,2.1652,0.0000,-0.5578,1.9607,2.7462,0.1348,3.0000,1.7996,3.0000,0,10.8245,0.0000,0.0000,0.0000,0.0000,0.0000,0.0000,0.0000,0.0000
140.491,2,1,heuristic,27.6125,177.8922,2.0306,-0.0265,0.0883,0.0922,-2.5137,2.1656,0.0000,-0.5580,1.9607,2.7427,0.1352,3.0000,1.7996,3.0000,0,10.8245,0.0000,0.0000,0.0000,0.0000,0.0000,0.0000,0.0000,0.0000
140.541,2,1,heuristic,27.6113,177.8952,2.0306,-0.0261,0.0827,0.0868,2.5320,2.1659,0.0000,-0.5581,1.9607,2.7393,0.1352,3.0000,1.8996,3.0000,0,10.8245,0.0000,0.0000,0.0000,0.0000,0.0000,0.0000,0.0000,0.0000
140.590,2,1,heuristic,27.6101,177.8981,2.0320,-0.0257,0.0776,0.0817,2.5362,2.1661,0.0000,-0.5581,1.9607,2.7362,0.1355,3.0000,1.8996,3.0000,0,10.8245,0.0000,0.0000,0.0000,0.0000,0.0000,0.0000,0.0000,0.0000
140.641,2,1,heuristic,27.6090,177.9008,2.0309,-0.0251,0.0733,0.0775,2.5280,2.1663,0.0000,-0.5581,1.9607,2.7331,0.1343,3.0000,1.9998,3.0000,0,10.8245,0.0000,0.0000,0.0000,0.0000,0.0000,0.0000,0.0000,0.0000
140.691,2,1,heuristic,27.6090,177.9008,2.0308,-0.0251,0.0733,0.0775,-2.5195,2.1666,0.0000,-0.5581,1.9607,2.7302,0.1356,3.0000,1.9998,3.0000,0,10.8245,0.0000,0.0000,0.0000,0.0000,0.0000,0.0000,0.0000,0.0000
140.741,2,1,heuristic,27.6079,177.9036,2.0311,-0.0244,0.0695,0.0737,2.5343,2.1666,0.0000,-0.5581,1.9607,2.7302,0.1357,3.0000,2.0994,3.0000,0,10.8245,0.0000,0.0000,0.0000,0.0000,0.0000,0.0000,0.0000,0.0000
140.791,2,1,heuristic,27.6069,177.9062,2.0310,-0.0237,0.0665,0.0706,-2.5263,2.1668,0.0000,-0.5581,1.9607,2.7272,0.1357,3.0000,2.0994,3.0000,0,10.8245,0.0000,0.0000,0.0000,0.0000,0.0000,0.0000,0.0000,0.0000
140.841,2,1,heuristic,27.6058,177.9089,2.0313,-0.0230,0.0634,0.0675,-2.5205,2.1670,0.0000,-0.5582,1.9607,2.7245,0.1360,3.0000,2.1994,3.0000,0,10.8245,0.0000,0.0000,0.0000,0.0000,0.0000,0.0000,0.0000,0.0000
140.890,2,1,heuristic,27.6048,177.9113,2.0300,-0.0226,0.0608,0.0648,-2.5250,2.1673,0.0000,-0.5582,1.9607,2.7217,0.1360,3.0000,2.1994,3.0000,0,10.8245,0.0000,0.0000,0.0000,0.0000,0.0000,0.0000,0.0000,0.0000
140.941,2,1,heuristic,27.6037,177.9137,2.0313,-0.0223,0.0578,0.0620,-2.5310,2.1675,0.0000,-0.5582,1.9607,2.7192,0.1374,3.0000,2.2999,3.0000,0,10.8245,0.0000,0.0000,0.0000,0.0000,0.0000,0.0000,0.0000,0.0000
140.990,2,1,heuristic,27.6026,177.9158,2.0316,-0.0224,0.0548,0.0592,2.5300,2.1676,0.0000,-0.5581,1.9607,2.7166,0.1363,3.0000,2.2999,3.0000,0,10.8245,0.0000,0.0000,0.0000,0.0000,0.0000,0.0000,0.0000,0.0000
141.041,2,1,heuristic,27.6014,177.9177,2.0315,-0.0226,0.0514,0.0562,2.5250,2.1677,0.0000,-0.5579,1.9607,2.7143,0.1361,3.0000,2.3997,3.0000,0,10.8245,0.0000,0.0000,0.0000,0.0000,0.0000,0.0000,0.0000,0.0000
141.091,2,1,heuristic,27.6003,177.9194,2.0317,-0.0229,0.0481,0.0533,-2.5320,2.1677,0.0000,-0.5575,1.9607,2.7120,0.1362,3.0000,2.3997,3.0000,0,10.8245,0.0000,0.0000,0.0000,0.0000,0.0000,0.0000,0.0000,0.0000
141.141,2,1,heuristic,27.5990,177.9210,2.0305,-0.0230,0.0446,0.0502,-2.5240,2.1677,0.0000,-0.5571,1.9607,2.7099,0.1360,3.0000,2.4997,3.0000,0,10.8245,0.0000,0.0000,0.0000,0.0000,0.0000,0.0000,0.0000,0.0000
141.191,2,1,heuristic,27.5979,177.9224,2.0331,-0.0230,0.0413,0.0473,2.5368,2.1677,0.0000,-0.5565,1.9607,2.7079,0.1372,3.0000,2.4997,3.0000,0,10.8245,0.0000,0.0000,0.0000,0.0000,0.0000,0.0000,0.0000,0.0000
141.240,2,1,heuristic,27.5968,177.9237,2.0320,-0.0227,0.0381,0.0444,2.5500,2.1676,0.0000,-0.5560,1.9607,2.7062,0.1346,3.0000,2.5997,3.0000,0,10.8245,0.0000,0.0000,0.0000,0.0000,0.0000,0.0000,0.0000,0.0000
141.291,2,1,heuristic,27.5958,177.9248,2.0319,-0.0224,0.0352,0.0417,-2.5158,2.1676,0.0000,-0.5555,1.9607,2.7045,0.1356,3.0000,2.5997,3.0000,0,10.8245,0.0000,0.0000,0.0000,0.0000,0.0000,0.0000,0.0000,0.0000
141.342,2,1,heuristic,27.5948,177.9259,2.0321,-0.0219,0.0324,0.0391,2.5315,2.1675,0.0000,-0.5550,1.9607,2.7030,0.1356,3.0000,2.6998,3.0000,0,10.8245,0.0000,0.0000,0.0000,0.0000,0.0000,0.0000,0.0000,0.0000
141.390,2,1,heuristic,27.5938,177.9268,2.0321,-0.0215,0.0298,0.0367,2.5260,2.1674,0.0000,-0.5545,1.9607,2.7015,0.1353,3.0000,2.6998,3.0000,0,10.8245,0.0000,0.0000,0.0000,0.0000,0.0000,0.0000,0.0000,0.0000
141.441,2,1,heuristic,27.5938,177.9268,2.0323,-0.0215,0.0298,0.0367,-2.5235,2.1673,0.0000,-0.5539,1.9607,2.7002,0.1353,3.0000,2.7995,3.0000,0,10.8245,0.0000,0.0000,0.0000,0.0000,0.0000,0.0000,0.0000,0.0000
141.491,2,1,heuristic,27.5927,177.9277,2.0310,-0.0213,0.0271,0.0344,-2.5333,2.1673,0.0000,-0.5539,1.9607,2.7002,0.1350,3.0000,2.7995,3.0000,0,10.8245,0.0000,0.0000,0.0000,0.0000,0.0000,0.0000,0.0000,0.0000
141.541,2,1,heuristic,27.5917,177.9284,2.0336,-0.0215,0.0245,0.0325,2.5162,2.1672,0.0000,-0.5532,1.9607,2.6989,0.1362,3.0000,2.8995,3.0000,0,10.8245,0.0000,0.0000,0.0000,0.0000,0.0000,0.0000,0.0000,0.0000
141.591,2,1,heuristic,27.5905,177.9289,2.0325,-0.0218,0.0218,0.0308,2.5180,2.1670,0.0000,-0.5525,1.9607,2.6977,0.1334,3.0000,2.8995,3.0000,0,10.8245,0.0000,0.0000,0.0000,0.0000,0.0000,0.0000,0.0000,0.0000
141.641,2,1,heuristic,27.5893,177.9294,2.0325,-0.0224,0.0193,0.0296,2.5215,2.1667,0.0000,-0.5516,1.9607,2.6966,0.1342,3.0000,2.9996,3.0000,0,10.8245,0.0000,0.0000,0.0000,0.0000,0.0000,0.0000,0.0000,0.0000
141.690,2,1,heuristic,27.5880,177.9297,2.0327,-0.0230,0.0167,0.0284,-2.5457,2.1664,0.0000,-0.5507,1.9607,2.6955,0.1340,3.0000,2.9996,3.0000,0,10.8245,0.0000,0.0000,0.0000,0.0000,0.0000,0.0000,0.0000,0.0000
141.741,2,1,done,27.5867,177.9299,2.0328,-0.0236,0.0142,0.0276,2.5383,2.1661,0.0000,-0.5496,1.9607,2.6945,0.1334,3.0000,0.0000,3.0000,1,10.8245,0.0000,0.0000,0.0000,0.0000,0.0000,0.0000,0.0000,0.0000
141.791,2,1,done,27.5854,177.9300,2.0327,-0.0240,0.0118,0.0267,-2.5460,2.0328,0.0000,0.0000,0.0000,0.0000,0.0000,3.0000,0.0000,3.0000,1,10.8245,0.0000,0.0000,0.0000,0.0000,0.0000,0.0000,0.0000,0.0000
141.841,2,1,done,27.5842,177.9300,2.0329,-0.0243,0.0095,0.0261,-2.5253,2.0327,0.0000,0.0000,0.0000,0.0000,0.0000,3.0000,0.0000,3.0000,1,10.8245,0.0000,0.0000,0.0000,0.0000,0.0000,0.0000,0.0000,0.0000
141.891,2,1,done,27.5829,177.9299,2.0329,-0.0244,0.0073,0.0254,2.5417,2.0329,0.0000,0.0000,0.0000,0.0000,0.0000,3.0000,0.0000,3.0000,1,10.8245,0.0000,0.0000,0.0000,0.0000,0.0000,0.0000,0.0000,0.0000
141.941,2,1,done,27.5817,177.9297,2.0330,-0.0245,0.0049,0.0249,-2.5192,2.0329,0.0000,0.0000,0.0000,0.0000,0.0000,3.0000,0.0000,3.0000,1,10.8245,0.0000,0.0000,0.0000,0.0000,0.0000,0.0000,0.0000,0.0000
141.991,2,1,done,27.5804,177.9294,2.0332,-0.0244,0.0025,0.0246,2.5205,2.0330,0.0000,0.0000,0.0000,0.0000,0.0000,3.0000,0.0000,3.0000,1,10.8245,0.0000,0.0000,0.0000,0.0000,0.0000,0.0000,0.0000,0.0000
142.041,2,1,done,27.5792,177.9288,2.0331,-0.0246,-0.0002,0.0246,-2.5195,2.0332,0.0000,0.0000,0.0000,0.0000,0.0000,3.0000,0.0000,3.0000,1,10.8245,0.0000,0.0000,0.0000,0.0000,0.0000,0.0000,0.0000,0.0000
142.091,2,1,done,27.5779,177.9281,2.0334,-0.0248,-0.0031,0.0250,2.5337,2.0331,0.0000,0.0000,0.0000,0.0000,0.0000,3.0000,0.0000,3.0000,1,10.8245,0.0000,0.0000,0.0000,0.0000,0.0000,0.0000,0.0000,0.0000
142.141,2,1,done,27.5779,177.9281,2.0346,-0.0248,-0.0031,0.0250,2.5440,2.0334,0.0000,0.0000,0.0000,0.0000,0.0000,3.0000,0.0000,3.0000,1,10.8245,0.0000,0.0000,0.0000,0.0000,0.0000,0.0000,0.0000,0.0000
142.190,2,1,done,27.5766,177.9272,2.0333,-0.0252,-0.0062,0.0259,2.5330,2.0346,0.0000,0.0000,0.0000,0.0000,0.0000,3.0000,0.0000,3.0000,1,10.8245,0.0000,0.0000,0.0000,0.0000,0.0000,0.0000,0.0000,0.0000
142.241,2,1,done,27.5752,177.9260,2.0347,-0.0255,-0.0093,0.0272,2.5490,2.0333,0.0000,0.0000,0.0000,0.0000,0.0000,3.0000,0.0000,3.0000,1,10.8245,0.0000,0.0000,0.0000,0.0000,0.0000,0.0000,0.0000,0.0000
142.291,2,1,done,27.5739,177.9248,2.0335,-0.0260,-0.0124,0.0288,2.5290,2.0347,0.0000,0.0000,0.0000,0.0000,0.0000,3.0000,0.0000,3.0000,1,10.8245,0.0000,0.0000,0.0000,0.0000,0.0000,0.0000,0.0000,0.0000
142.341,2,1,done,27.5739,177.9248,2.0337,-0.0260,-0.0124,0.0288,-2.5282,2.0335,0.0000,0.0000,0.0000,0.0000,0.0000,3.0000,0.0000,3.0000,1,10.8245,0.0000,0.0000,0.0000,0.0000,0.0000,0.0000,0.0000,0.0000
142.391,2,1,done,27.5724,177.9235,2.0336,-0.0263,-0.0152,0.0304,2.5330,2.0337,0.0000,0.0000,0.0000,0.0000,0.0000,3.0000,0.0000,3.0000,1,10.8245,0.0000,0.0000,0.0000,0.0000,0.0000,0.0000,0.0000,0.0000
142.440,2,1,done,27.5711,177.9221,2.0338,-0.0266,-0.0180,0.0321,2.5282,2.0336,0.0000,0.0000,0.0000,0.0000,0.0000,3.0000,0.0000,3.0000,1,10.8245,0.0000,0.0000,0.0000,0.0000,0.0000,0.0000,0.0000,0.0000
142.491,2,1,done,27.5697,177.9205,2.0338,-0.0267,-0.0204,0.0336,2.5198,2.0338,0.0000,0.0000,0.0000,0.0000,0.0000,3.0000,0.0000,3.0000,1,10.8245,0.0000,0.0000,0.0000,0.0000,0.0000,0.0000,0.0000,0.0000
142.540,2,1,done,27.5684,177.9190,2.0340,-0.0268,-0.0227,0.0351,-2.5190,2.0338,0.0000,0.0000,0.0000,0.0000,0.0000,3.0000,0.0000,3.0000,1,10.8245,0.0000,0.0000,0.0000,0.0000,0.0000,0.0000,0.0000,0.0000
142.591,2,1,done,27.5684,177.9190,2.0339,-0.0268,-0.0227,0.0351,-2.5230,2.0340,0.0000,0.0000,0.0000,0.0000,0.0000,3.0000,0.0000,3.0000,1,10.8245,0.0000,0.0000,0.0000,0.0000,0.0000,0.0000,0.0000,0.0000
142.641,2,1,done,27.5670,177.9173,2.0341,-0.0268,-0.0248,0.0365,-2.5257,2.0339,0.0000,0.0000,0.0000,0.0000,0.0000,3.0000,0.0000,3.0000,1,10.8245,0.0000,0.0000,0.0000,0.0000,0.0000,0.0000,0.0000,0.0000
142.690,2,1,done,27.5657,177.9156,2.0340,-0.0269,-0.0269,0.0381,-2.5160,2.0341,0.0000,0.0000,0.0000,0.0000,0.0000,3.0000,0.0000,3.0000,1,10.8245,0.0000,0.0000,0.0000,0.0000,0.0000,0.0000,0.0000,0.0000
142.741,2,1,done,27.5643,177.9137,2.0343,-0.0270,-0.0289,0.0395,-2.5310,2.0340,0.0000,0.0000,0.0000,0.0000,0.0000,3.0000,0.0000,3.0000,1,10.8245,0.0000,0.0000,0.0000,0.0000,0.0000,0.0000,0.0000,0.0000
142.790,2,1,done,27.5629,177.9118,2.0342,-0.0274,-0.0309,0.0413,2.5320,2.0343,0.0000,0.0000,0.0000,0.0000,0.0000,3.0000,0.0000,3.0000,1,10.8245,0.0000,0.0000,0.0000,0.0000,0.0000,0.0000,0.0000,0.0000
142.841,2,1,done,27.5629,177.9118,2.0344,-0.0274,-0.0309,0.0413,2.5230,2.0342,0.0000,0.0000,0.0000,0.0000,0.0000,3.0000,0.0000,3.0000,1,10.8245,0.0000,0.0000,0.0000,0.0000,0.0000,0.0000,0.0000,0.0000
142.890,2,1,done,27.5614,177.9097,2.0343,-0.0277,-0.0328,0.0429,2.5328,2.0344,0.0000,0.0000,0.0000,0.0000,0.0000,3.0000,0.0000,3.0000,1,10.8245,0.0000,0.0000,0.0000,0.0000,0.0000,0.0000,0.0000,0.0000
142.940,2,1,done,27.5600,177.9076,2.0345,-0.0281,-0.0347,0.0447,2.5305,2.0343,0.0000,0.0000,0.0000,0.0000,0.0000,3.0000,0.0000,3.0000,1,10.8245,0.0000,0.0000,0.0000,0.0000,0.0000,0.0000,0.0000,0.0000
142.991,2,1,done,27.5584,177.9054,2.0345,-0.0283,-0.0365,0.0462,2.5223,2.0345,0.0000,0.0000,0.0000,0.0000,0.0000,3.0000,0.0000,3.0000,1,10.8245,0.0000,0.0000,0.0000,0.0000,0.0000,0.0000,0.0000,0.0000
143.040,2,1,done,27.5570,177.9031,2.0347,-0.0285,-0.0385,0.0479,-2.5322,2.0345,0.0000,0.0000,0.0000,0.0000,0.0000,3.0000,0.0000,3.0000,1,10.8245,0.0000,0.0000,0.0000,0.0000,0.0000,0.0000,0.0000,0.0000
143.091,2,1,done,27.5570,177.9031,2.0346,-0.0285,-0.0385,0.0479,-2.5307,2.0347,0.0000,0.0000,0.0000,0.0000,0.0000,3.0000,0.0000,3.0000,1,10.8245,0.0000,0.0000,0.0000,0.0000,0.0000,0.0000,0.0000,0.0000
143.141,2,1,done,27.5556,177.9007,2.0348,-0.0284,-0.0402,0.0492,-2.5250,2.0346,0.0000,0.0000,0.0000,0.0000,0.0000,3.0000,0.0000,3.0000,1,10.8245,0.0000,0.0000,0.0000,0.0000,0.0000,0.0000,0.0000,0.0000
143.190,2,1,done,27.5542,177.8983,2.0347,-0.0284,-0.0421,0.0508,2.5240,2.0348,0.0000,0.0000,0.0000,0.0000,0.0000,3.0000,0.0000,3.0000,1,10.8245,0.0000,0.0000,0.0000,0.0000,0.0000,0.0000,0.0000,0.0000
143.240,2,1,done,27.5528,177.8957,2.0362,-0.0281,-0.0438,0.0520,2.5177,2.0347,0.0000,0.0000,0.0000,0.0000,0.0000,3.0000,0.0000,3.0000,1,10.8245,0.0000,0.0000,0.0000,0.0000,0.0000,0.0000,0.0000,0.0000
143.291,2,1,done,27.5515,177.8931,2.0349,-0.0280,-0.0456,0.0535,2.5325,2.0362,0.0000,0.0000,0.0000,0.0000,0.0000,3.0000,0.0000,3.0000,1,10.8245,0.0000,0.0000,0.0000,0.0000,0.0000,0.0000,0.0000,0.0000
143.340,2,1,done,27.5501,177.8904,2.0363,-0.0277,-0.0472,0.0547,2.5345,2.0349,0.0000,0.0000,0.0000,0.0000,0.0000,3.0000,0.0000,3.0000,1,10.8245,0.0000,0.0000,0.0000,0.0000,0.0000,0.0000,0.0000,0.0000
143.391,2,1,done,27.5488,177.8877,2.0352,-0.0277,-0.0489,0.0562,2.5505,2.0363,0.0000,0.0000,0.0000,0.0000,0.0000,3.0000,0.0000,3.0000,1,10.8245,0.0000,0.0000,0.0000,0.0000,0.0000,0.0000,0.0000,0.0000
