t,mode_code,shadow_mode,policy_source,x,y,yaw,vx,vy,speed,yaw_rate,psi_ref,u_ref,e_ct,chi_p,dist_to_wp,heading_error,pos_tol,hold_elapsed,hold_required,completed,seg_len,left_raw,right_raw,common_raw,diff_raw,delta_common,delta_diff,left_final,right_final
1.281,0,0,heuristic,-0.0089,-0.0105,1.0000,-0.0060,-0.0038,0.0071,-0.0118,1.7161,2.5000,9.5356,2.0645,27.9301,0.7161,3.0000,0.0000,2.0000,0,23.6757,110.0000,110.0000,110.0000,0.0000,26.9233,27.2836,109.6396,164.2069
1.331,0,0,heuristic,-0.0089,-0.0105,1.0000,-0.0060,-0.0038,0.0071,-0.0095,1.7161,2.5000,9.5356,2.0645,27.9301,0.7161,3.0000,0.0000,2.0000,0,23.6757,220.0000,220.0000,220.0000,0.0000,26.9233,27.2534,219.6699,274.1767
1.381,0,0,heuristic,-0.0098,-0.0116,1.0000,-0.0086,-0.0075,0.0114,-0.0065,1.7161,2.5000,9.5369,2.0645,27.9310,0.7161,3.0000,0.0000,2.0000,0,23.6757,305.1128,239.4962,272.3045,-32.8083,26.8768,27.2119,304.7777,293.5849
1.432,0,0,heuristic,-0.0104,-0.0124,1.0000,-0.0092,-0.0090,0.0129,-0.0020,1.7160,2.5000,9.5378,2.0645,27.9317,0.7160,3.0000,0.0000,2.0000,0,23.6757,332.1968,260.7229,296.4599,-35.7370,26.8610,27.1506,331.9073,314.7345
1.481,0,0,heuristic,-0.0107,-0.0128,1.0000,-0.0088,-0.0090,0.0126,-0.0077,1.7160,2.5000,9.5383,2.0645,27.9320,0.7160,3.0000,0.0000,2.0000,0,23.6757,428.9946,326.1098,377.5522,-51.4424,26.8643,27.2275,428.6314,380.2015
1.531,0,0,heuristic,-0.0107,-0.0128,1.0000,-0.0088,-0.0090,0.0126,-0.0045,1.7160,2.5000,9.5383,2.0645,27.9320,0.7160,3.0000,0.0000,2.0000,0,23.6757,425.0714,339.1906,382.1310,-42.9404,26.8643,27.1838,424.7519,393.2387
1.581,0,0,heuristic,-0.0109,-0.0131,1.0000,-0.0078,-0.0085,0.0115,0.0003,1.7160,2.5000,9.5387,2.0645,27.9323,0.7160,3.0000,0.0000,2.0000,0,23.6757,502.9484,360.1039,431.5261,-71.4223,26.8759,27.1197,502.7047,414.0994
1.631,0,0,heuristic,-0.0111,-0.0135,1.0000,-0.0069,-0.0081,0.0106,-0.0112,1.7160,2.5000,9.5390,2.0645,27.9326,0.7160,3.0000,0.0000,2.0000,0,23.6757,529.2415,315.2450,422.2433,-106.9983,26.8851,27.2740,528.8527,369.4041
1.682,0,0,heuristic,-0.0114,-0.0138,1.0000,-0.0066,-0.0080,0.0103,-0.0118,1.7160,2.5000,9.5394,2.0645,27.9330,0.7160,3.0000,0.0000,2.0000,0,23.6757,586.3779,303.1166,444.7473,-141.6307,26.8883,27.2804,585.9859,357.2853
1.731,0,0,heuristic,-0.0117,-0.0143,1.0000,-0.0067,-0.0081,0.0105,-0.0025,1.7160,2.5000,9.5399,2.0645,27.9333,0.7160,3.0000,0.0000,2.0000,0,23.6757,622.4812,388.6288,505.5550,-116.9262,26.8863,27.1556,622.2119,442.6706
1.781,0,0,heuristic,-0.0117,-0.0143,1.0000,-0.0067,-0.0081,0.0105,-0.0077,1.7160,2.5000,9.5399,2.0645,27.9333,0.7160,3.0000,0.0000,2.0000,0,23.6757,607.6154,420.1909,513.9031,-93.7122,26.8863,27.2262,607.2755,474.3033
1.831,0,0,heuristic,-0.0121,-0.0146,1.0000,-0.0070,-0.0079,0.0105,-0.0085,1.7160,2.5000,9.5404,2.0645,27.9336,0.7160,3.0000,0.0000,2.0000,0,23.6757,536.5437,461.4669,499.0053,-37.5384,26.8861,27.2357,536.1941,515.5888
1.881,0,0,heuristic,-0.0124,-0.0148,1.0000,-0.0069,-0.0069,0.0097,-0.0015,1.7160,2.5000,9.5408,2.0645,27.9337,0.7160,3.0000,0.0000,2.0000,0,23.6757,611.1086,502.3756,556.7421,-54.3665,26.8949,27.1413,610.8623,556.4118
1.931,0,0,heuristic,-0.0125,-0.0145,1.0000,-0.0059,-0.0045,0.0074,-0.0285,1.7160,2.5000,9.5407,2.0645,27.9334,0.7159,3.0000,0.0000,2.0000,0,23.6757,716.3825,540.7561,628.5693,-87.8132,26.9197,27.5041,715.7982,595.1798
1.981,0,0,heuristic,-0.0123,-0.0138,1.0000,-0.0039,-0.0008,0.0040,-0.0085,1.7160,2.5000,9.5403,2.0645,27.9328,0.7160,3.0000,0.0000,2.0000,0,23.6757,784.8386,516.5341,650.6864,-134.1522,26.9566,27.2356,784.5597,570.7263
2.031,0,0,heuristic,-0.0123,-0.0138,1.0000,-0.0039,-0.0008,0.0040,-0.0100,1.7160,2.5000,9.5403,2.0645,27.9328,0.7160,3.0000,0.0000,2.0000,0,23.6757,867.4007,475.3480,671.3743,-196.0264,26.9566,27.2557,867.1016,529.5603
2.082,0,0,heuristic,-0.0118,-0.0127,1.0000,-0.0011,0.0036,0.0038,-0.0198,1.7160,2.5000,9.5393,2.0645,27.9318,0.7160,3.0000,0.0000,2.0000,0,23.6757,831.6058,585.3480,708.4769,-123.1289,26.9588,27.3875,831.1772,639.6943
2.132,0,0,heuristic,-0.0111,-0.0115,1.0000,0.0020,0.0079,0.0082,-0.0050,1.7160,2.5000,9.5381,2.0645,27.9307,0.7160,3.0000,0.0000,2.0000,0,23.6757,839.7621,636.2151,737.9886,-101.7735,26.9115,27.1902,839.4834,690.3168
2.181,0,0,heuristic,-0.0104,-0.0103,1.0000,0.0045,0.0109,0.0118,-0.0208,1.7160,2.5000,9.5369,2.0645,27.9296,0.7160,3.0000,0.0000,2.0000,0,23.6757,840.4405,624.4900,732.4652,-107.9752,26.8726,27.4029,839.9102,678.7654
2.231,0,0,heuristic,-0.0098,-0.0095,1.0000,0.0059,0.0120,0.0133,-0.0047,1.7161,2.5000,9.5360,2.0645,27.9289,0.7161,3.0000,0.0000,2.0000,0,23.6757,846.4314,625.5242,735.9778,-110.4536,26.8561,27.1885,846.0989,679.5689
2.281,0,0,heuristic,-0.0098,-0.0095,1.0000,0.0059,0.0120,0.0133,-0.0185,1.7161,2.5000,9.5360,2.0645,27.9289,0.7161,3.0000,0.0000,2.0000,0,23.6757,890.1814,694.2865,792.2339,-97.9474,26.8561,27.3748,889.6627,748.5173
2.331,0,0,heuristic,-0.0072,-0.0047,0.9997,0.0150,0.0284,0.0321,-0.0343,1.7162,2.5000,9.5313,2.0645,27.9245,0.7164,3.0000,0.0000,2.0000,0,23.6757,822.5905,692.8323,757.7114,-64.8791,26.6536,27.5967,821.6474,747.0827
2.382,0,0,heuristic,-0.0001,0.0075,0.9994,0.0412,0.0732,0.0840,-0.0325,1.7165,2.5000,9.5194,2.0645,27.9135,0.7171,3.0000,0.0000,2.0000,0,23.6757,810.3103,799.4049,804.8576,-5.4527,26.0928,27.5926,808.8104,853.0902
2.431,0,0,heuristic,0.0131,0.0297,0.9986,0.0839,0.1440,0.1667,-0.0362,1.7171,2.5000,9.4972,2.0645,27.8935,0.7184,3.0000,0.0000,2.0000,0,23.6757,810.3103,799.4049,804.8576,-5.4527,25.1997,27.6857,807.8243,852.2903
2.481,0,0,heuristic,0.0315,0.0597,0.9979,0.1439,0.2402,0.2800,-0.0358,1.7179,2.5000,9.4668,2.0645,27.8665,0.7200,3.0000,0.0000,2.0000,0,23.6757,914.0654,831.4174,872.7414,-41.3240,23.9756,27.7286,910.3124,883.1216
2.531,0,0,heuristic,0.0315,0.0597,0.9970,0.1439,0.2402,0.2800,-0.0253,1.7179,2.5000,9.4668,2.0645,27.8665,0.7209,3.0000,0.0000,2.0000,0,23.6757,997.5770,809.3526,903.4648,-94.1122,23.9756,27.6128,993.9398,860.9410
2.581,0,0,heuristic,0.0582,0.1022,0.9961,0.2177,0.3558,0.4171,-0.0353,1.7191,2.5000,9.4231,2.0645,27.8283,0.7230,3.0000,0.0000,2.0000,0,23.6757,936.1394,774.5481,855.3438,-80.7957,22.4950,27.8139,930.8205,824.8570
2.631,0,0,heuristic,0.0902,0.1530,0.9955,0.3076,0.4961,0.5837,-0.0318,1.7205,2.5000,9.3709,2.0645,27.7829,0.7250,3.0000,0.0000,2.0000,0,23.6757,959.2591,781.4177,870.3384,-88.9207,20.6957,27.8291,952.1257,829.9425
2.681,0,0,heuristic,0.1319,0.2191,0.9943,0.4062,0.6511,0.7675,-0.0283,1.7223,2.5000,9.3029,2.0645,27.7238,0.7280,3.0000,0.0000,2.0000,0,23.6757,999.9879,739.6067,869.7973,-130.1906,18.7115,27.8751,990.8243,786.1933
2.731,0,0,heuristic,0.1777,0.2920,0.9929,0.5158,0.8245,0.9726,-0.0553,1.7244,2.5000,9.2280,2.0645,27.6587,0.7315,3.0000,0.0000,2.0000,0,23.6757,996.9245,849.6067,923.2656,-73.6589,16.4963,28.3441,985.0767,894.4472
2.782,0,0,heuristic,0.2328,0.3801,0.9911,0.6249,0.9986,1.1780,-0.0715,1.7268,2.5000,9.1377,2.0645,27.5801,0.7357,3.0000,0.0000,2.0000,0,23.6757,999.6408,932.6524,966.1466,-33.4942,14.2781,28.6932,985.2257,975.6238
2.831,0,0,heuristic,0.2903,0.4720,0.9899,0.7391,1.1818,1.3939,-0.0548,1.7294,2.5000,9.0436,2.0645,27.4984,0.7395,3.0000,0.0000,2.0000,0,23.6757,996.9309,896.1481,946.5395,-50.3914,11.9462,28.5859,980.2911,936.6802
2.881,0,0,heuristic,0.3567,0.5781,0.9876,0.8470,1.3535,1.5967,-0.0555,1.7324,2.5000,8.9347,2.0645,27.4042,0.7448,3.0000,0.0000,2.0000,0,23.6757,999.0008,882.0524,940.5266,-58.4742,9.7559,28.7596,979.9971,920.5679
2.931,0,0,heuristic,0.4237,0.6845,0.9852,0.9564,1.5260,1.8010,-0.0530,1.7355,2.5000,8.8254,2.0645,27.3101,0.7503,3.0000,0.0000,2.0000,0,23.6757,998.1136,877.2133,937.6634,-60.4501,7.5494,28.8943,976.7687,913.6571
2.981,0,0,heuristic,0.4237,0.6845,0.9837,0.9564,1.5260,1.8010,-0.0732,1.7355,2.5000,8.8254,2.0645,27.3101,0.7518,3.0000,0.0000,2.0000,0,23.6757,993.8461,891.1377,942.4919,-51.3542,7.5494,29.2131,972.1824,927.9003
3.031,0,0,heuristic,0.4983,0.8027,0.9811,1.0523,1.6755,1.9785,-0.0650,1.7389,2.5000,8.7036,2.0645,27.2059,0.7577,3.0000,0.0000,2.0000,0,23.6757,988.3173,962.5611,975.4392,-12.8781,5.6319,29.2859,964.6633,997.4789
3.082,0,0,heuristic,0.5712,0.9177,0.9801,1.1456,1.8196,2.1502,-0.0527,1.7422,2.5000,8.5849,2.0645,27.1049,0.7621,3.0000,0.0000,2.0000,0,23.6757,989.0111,983.4960,986.2536,-2.7576,3.7778,29.2561,963.5328,1000.0000
3.132,0,0,heuristic,0.6508,1.0427,0.9775,1.2226,1.9367,2.2903,-0.0563,1.7459,2.5000,8.4556,2.0645,26.9954,0.7684,3.0000,0.0000,2.0000,0,23.6757,998.9702,977.7082,988.3392,-10.6310,2.2649,29.4967,971.7383,1000.0000
3.181,0,0,heuristic,0.7276,1.1627,0.9750,1.2979,2.0492,2.4257,-0.0377,1.7495,2.5000,8.3311,2.0645,26.8908,0.7745,3.0000,0.0000,2.0000,0,23.6757,999.0982,978.3501,988.7242,-10.3740,0.8027,29.4346,970.4663,1000.0000
3.231,0,0,heuristic,0.7276,1.1627,0.9736,1.2979,2.0492,2.4257,-0.0328,1.7495,2.5000,8.3311,2.0645,26.8908,0.7759,3.0000,0.0000,2.0000,0,23.6757,993.5360,987.6745,990.6052,-2.9308,0.8027,29.4116,964.9271,1000.0000
3.281,0,0,heuristic,0.8105,1.2918,0.9718,1.3573,2.1358,2.5306,-0.0530,1.7534,2.5000,8.1969,2.0645,26.7787,0.7816,3.0000,0.0000,2.0000,0,23.6757,993.7842,990.9778,992.3810,-1.4032,-0.3309,29.8576,963.5958,1000.0000
3.331,0,0,heuristic,0.8897,1.4148,0.9706,1.4160,2.2211,2.6340,-0.0360,1.7572,2.5000,8.0689,2.0645,26.6724,0.7866,3.0000,0.0000,2.0000,0,23.6757,996.7895,991.2715,994.0305,-2.7590,-1.4477,29.7815,965.5603,1000.0000
3.382,0,0,heuristic,0.8897,1.4148,0.9690,1.4160,2.2211,2.6340,-0.0398,1.7572,2.5000,8.0689,2.0645,26.6724,0.7881,3.0000,0.0000,2.0000,0,23.6757,995.2740,991.1182,993.1961,-2.0779,-1.4477,29.8802,963.9462,1000.0000
3.431,0,0,heuristic,1.0558,1.6715,0.9670,1.5053,2.3477,2.7889,-0.0405,1.7652,2.5000,7.8010,2.0645,26.4517,0.7982,3.0000,0.0000,2.0000,0,23.6757,996.7664,986.3649,991.5656,-5.2007,-3.1200,30.1946,963.4518,1000.0000
3.481,0,0,heuristic,1.0558,1.6715,0.9661,1.5053,2.3477,2.7889,-0.0450,1.7652,2.5000,7.8010,2.0645,26.4517,0.7991,3.0000,0.0000,2.0000,0,23.6757,999.3622,994.7287,997.0455,-2.3167,-3.1200,30.2839,965.9583,1000.0000
3.531,0,0,heuristic,1.1425,1.8052,0.9647,1.5380,2.3925,2.8442,-0.0278,1.7694,2.5000,7.6612,2.0645,26.3375,0.8047,3.0000,0.0000,2.0000,0,23.6757,996.4359,998.5445,997.4902,1.0543,-3.7171,30.2212,962.4976,1000.0000
3.581,0,0,heuristic,1.2251,1.9321,0.9637,1.5745,2.4428,2.9063,-0.0262,1.7734,2.5000,7.5284,2.0645,26.2296,0.8097,3.0000,0.0000,2.0000,0,23.6757,998.3207,997.5817,997.9512,-0.3695,-4.3880,30.3518,963.5809,1000.0000
3.631,0,0,heuristic,1.3137,2.0678,0.9629,1.6002,2.4760,2.9480,-0.0187,1.7778,2.5000,7.3861,2.0645,26.1148,0.8149,3.0000,0.0000,2.0000,0,23.6757,998.1825,995.9787,997.0806,-1.1019,-4.8388,30.4074,962.9363,1000.0000
3.681,0,0,heuristic,1.3980,2.1965,0.9621,1.6316,2.5172,2.9997,-0.0260,1.7820,2.5000,7.2508,2.0645,26.0064,0.8198,3.0000,0.0000,2.0000,0,23.6757,995.0802,995.1902,995.1352,0.0550,-5.3972,30.6519,959.0311,1000.0000
3.731,0,0,heuristic,1.3980,2.1965,0.9615,1.6316,2.5172,2.9997,-0.0238,1.7820,2.5000,7.2508,2.0645,26.0064,0.8204,3.0000,0.0000,2.0000,0,23.6757,996.2004,991.6898,993.9451,-2.2553,-5.3972,30.6411,960.1621,1000.0000
3.781,0,0,heuristic,1.5748,2.4648,0.9608,1.6820,2.5790,3.0791,-0.0248,1.7909,2.5000,6.9680,2.0645,25.7821,0.8301,3.0000,0.0000,2.0000,0,23.6757,994.9927,995.5959,995.2943,0.3016,-6.2540,30.9393,957.7994,1000.0000
3.832,0,0,heuristic,1.5748,2.4648,0.9605,1.6820,2.5790,3.0791,-0.0135,1.7909,2.5000,6.9680,2.0645,25.7821,0.8303,3.0000,0.0000,2.0000,0,23.6757,994.9927,995.5959,995.2943,0.3016,-6.2540,30.7969,957.9417,1000.0000
3.881,0,0,heuristic,1.6673,2.6046,0.9602,1.7015,2.6007,3.1078,-0.0298,1.7956,2.5000,6.8203,2.0645,25.6662,0.8354,3.0000,0.0000,2.0000,0,23.6757,986.9880,994.1462,990.5671,3.5791,-6.5646,31.1637,949.2598,1000.0000
3.931,0,0,heuristic,1.7553,2.7372,0.9600,1.7280,2.6333,3.1497,0.0053,1.8001,2.5000,6.6799,2.0645,25.5567,0.8401,3.0000,0.0000,2.0000,0,23.6757,955.6292,995.5949,975.6121,19.9828,-7.0162,30.8297,917.7833,1000.0000
3.981,0,0,heuristic,1.8495,2.8788,0.9599,1.7447,2.6513,3.1738,0.0060,1.8049,2.5000,6.5299,2.0645,25.4405,0.8450,3.0000,0.0000,2.0000,0,23.6757,978.0813,994.2169,986.1491,8.0678,-7.2772,30.9621,939.8420,1000.0000
4.031,0,0,heuristic,1.9388,3.0127,0.9600,1.7677,2.6789,3.2096,-0.0088,1.8096,2.5000,6.3878,2.0645,25.3313,0.8496,3.0000,0.0000,2.0000,0,23.6757,961.5165,998.5846,980.0505,18.5341,-7.6633,31.2925,922.5606,1000.0000
4.081,0,0,heuristic,1.9388,3.0127,0.9601,1.7677,2.6789,3.2096,0.0063,1.8096,2.5000,6.3878,2.0645,25.3313,0.8495,3.0000,0.0000,2.0000,0,23.6757,961.5165,998.5846,980.0505,18.5341,-7.6633,31.0856,922.7676,1000.0000
4.131,0,0,heuristic,2.0338,3.1549,0.9604,1.7796,2.6901,3.2254,0.0145,1.8146,2.5000,6.2368,2.0645,25.2159,0.8542,3.0000,0.0000,2.0000,0,23.6757,922.6094,984.2366,953.4230,30.8136,-7.8345,31.1072,883.6677,1000.0000
4.181,0,0,heuristic,2.1234,3.2888,0.9606,1.7971,2.7096,3.2513,-0.0018,1.8193,2.5000,6.0944,2.0645,25.1080,0.8587,3.0000,0.0000,2.0000,0,23.6757,931.6565,991.5214,961.5889,29.9324,-8.1146,31.4530,892.0889,1000.0000
4.232,0,0,heuristic,2.1234,3.2888,0.9611,1.7971,2.7096,3.2513,0.0365,1.8193,2.5000,6.0944,2.0645,25.1080,0.8582,3.0000,0.0000,2.0000,0,23.6757,931.6565,991.5214,961.5889,29.9324,-8.1146,30.9228,892.6191,1000.0000
4.281,0,0,heuristic,2.3074,3.5622,0.9623,1.8135,2.7198,3.2689,0.0112,1.8292,2.5000,5.8028,2.0645,24.8894,0.8670,3.0000,0.0000,2.0000,0,23.6757,855.9898,992.3418,924.1658,68.1760,-8.3043,31.5014,816.1841,1000.0000
4.331,0,0,heuristic,2.3074,3.5622,0.9627,1.8135,2.7198,3.2689,0.0208,1.8292,2.5000,5.8028,2.0645,24.8894,0.8665,3.0000,0.0000,2.0000,0,23.6757,906.6240,995.7449,951.1844,44.5604,-8.3043,31.3592,866.9604,1000.0000
4.381,0,0,heuristic,2.4016,3.7013,0.9641,1.8128,2.7105,3.2609,0.0393,1.8343,2.5000,5.6540,2.0645,24.7793,0.8702,3.0000,0.0000,2.0000,0,23.6757,881.3524,994.6654,938.0089,56.6565,-8.2173,31.2054,841.9297,1000.0000
4.431,0,0,heuristic,2.4899,3.8311,0.9652,1.8181,2.7093,3.2628,0.0395,1.8391,2.5000,5.5148,2.0645,24.6773,0.8740,3.0000,0.0000,2.0000,0,23.6757,870.4954,994.7418,932.6186,62.1232,-8.2381,31.2996,830.9578,1000.0000
4.481,0,0,heuristic,2.4899,3.8311,0.9664,1.8181,2.7093,3.2628,0.0563,1.8391,2.5000,5.5148,2.0645,24.6773,0.8728,3.0000,0.0000,2.0000,0,23.6757,880.4311,997.5120,938.9715,58.5404,-8.2381,31.0372,841.1558,1000.0000
4.531,0,0,heuristic,2.5832,3.9677,0.9687,1.8134,2.6929,3.2465,0.0500,1.8443,2.5000,5.3678,2.0645,24.5706,0.8756,3.0000,0.0000,2.0000,0,23.6757,780.2566,994.7862,887.5214,107.2648,-8.0627,31.1861,741.0078,1000.0000
4.581,0,0,heuristic,2.6709,4.0956,0.9697,1.8164,2.6874,3.2437,0.0493,1.8491,2.5000,5.2299,2.0645,24.4714,0.8794,3.0000,0.0000,2.0000,0,23.6757,766.1797,993.8135,879.9966,113.8169,-8.0316,31.2912,726.8569,1000.0000
4.631,0,0,heuristic,2.7639,4.2305,0.9726,1.8107,2.6686,3.2249,0.0525,1.8543,2.5000,5.0841,2.0645,24.3676,0.8817,3.0000,0.0000,2.0000,0,23.6757,739.0937,997.9967,868.5452,129.4515,-7.8286,31.2898,699.9753,1000.0000
4.681,0,0,heuristic,2.8515,4.3568,0.9761,1.8135,2.6611,3.2203,0.0745,1.8593,2.5000,4.9472,2.0645,24.2712,0.8831,3.0000,0.0000,2.0000,0,23.6757,766.1734,997.5156,881.8445,115.6711,-7.7790,31.0100,727.3844,1000.0000
4.731,0,0,heuristic,2.8515,4.3568,0.9777,1.8135,2.6611,3.2203,0.0810,1.8593,2.5000,4.9472,2.0645,24.2712,0.8815,3.0000,0.0000,2.0000,0,23.6757,767.2548,997.6463,882.4505,115.1958,-7.7790,30.8733,728.6024,1000.0000
4.782,0,0,heuristic,2.9445,4.4901,0.9821,1.8084,2.6416,3.2013,0.1168,1.8645,2.5000,4.8021,2.0645,24.1702,0.8824,3.0000,0.0000,2.0000,0,23.6757,785.5424,994.2689,889.9056,104.3632,-7.5742,30.3851,747.5830,1000.0000
4.831,0,0,heuristic,3.0323,4.6153,0.9851,1.8127,2.6352,3.1984,0.1138,1.8695,2.5000,4.6654,2.0645,24.0760,0.8844,3.0000,0.0000,2.0000,0,23.6757,772.2506,993.8106,883.0306,110.7800,-7.5431,30.4548,734.2527,1000.0000
4.881,0,0,heuristic,3.0323,4.6153,0.9894,1.8127,2.6352,3.1984,0.1222,1.8695,2.5000,4.6654,2.0645,24.0760,0.8801,3.0000,0.0000,2.0000,0,23.6757,737.2454,993.5776,865.4115,128.1661,-7.5431,30.2058,699.4966,1000.0000
4.931,0,0,heuristic,3.1258,4.7480,0.9954,1.8096,2.6182,3.1827,0.1185,1.8749,2.5000,4.5203,2.0645,23.9771,0.8795,3.0000,0.0000,2.0000,0,23.6757,695.1786,994.9007,845.0396,149.8611,-7.3732,30.1978,657.6076,1000.0000
4.981,0,0,heuristic,3.2141,4.8727,0.9979,1.8156,2.6144,3.1830,0.1315,1.8800,2.5000,4.3834,2.0645,23.8848,0.8820,3.0000,0.0000,2.0000,0,23.6757,695.1786,994.9007,845.0396,149.8611,-7.3764,30.0620,657.7402,1000.0000
5.031,0,0,heuristic,3.3078,5.0045,1.0047,1.8131,2.5983,3.1684,0.1593,1.8854,2.5000,4.2384,2.0645,23.7882,0.8807,3.0000,0.0000,2.0000,0,23.6757,699.0136,982.8914,840.9525,141.9389,-7.2187,29.6004,662.1945,1000.0000
5.081,0,0,heuristic,3.3962,5.1280,1.0106,1.8188,2.5932,3.1674,0.1545,1.8906,2.5000,4.1020,2.0645,23.6984,0.8799,3.0000,0.0000,2.0000,0,23.6757,679.3529,990.8026,835.0778,155.7248,-7.2079,29.5924,642.5527,1000.0000
5.131,0,0,heuristic,3.3962,5.1280,1.0154,1.8188,2.5932,3.1674,0.1733,1.8906,2.5000,4.1020,2.0645,23.6984,0.8752,3.0000,0.0000,2.0000,0,23.6757,661.8374,993.0446,827.4410,165.6036,-7.2079,29.1920,625.4374,1000.0000
5.181,0,0,heuristic,3.4899,5.2582,1.0238,1.8154,2.5753,3.1509,0.1883,1.8961,2.5000,3.9578,2.0645,23.6046,0.8723,3.0000,0.0000,2.0000,0,23.6757,661.8374,993.0446,827.4410,165.6036,-7.0292,28.8446,625.9635,1000.0000
5.231,0,0,heuristic,3.5781,5.3801,1.0292,1.8197,2.5684,3.1477,0.1930,1.9013,2.5000,3.8224,2.0645,23.5175,0.8721,3.0000,0.0000,2.0000,0,23.6757,597.3501,994.7076,796.0289,198.6788,-6.9951,28.7182,561.6367,1000.0000
5.281,0,0,heuristic,3.6714,5.5087,1.0387,1.8147,2.5490,3.1290,0.1913,1.9068,2.5000,3.6793,2.0645,23.4266,0.8681,3.0000,0.0000,2.0000,0,23.6757,587.9465,989.7695,788.8580,200.9115,-6.7933,28.5540,552.5992,1000.0000
5.331,0,0,heuristic,3.7591,5.6289,1.0468,1.8173,2.5400,3.1232,0.2115,1.9121,2.5000,3.5451,2.0645,23.3424,0.8652,3.0000,0.0000,2.0000,0,23.6757,586.1114,988.6051,787.3583,201.2468,-6.7307,28.1263,551.2545,1000.0000
5.381,0,0,heuristic,3.7591,5.6289,1.0555,1.8173,2.5400,3.1232,0.2365,1.9121,2.5000,3.5451,2.0645,23.3424,0.8566,3.0000,0.0000,2.0000,0,23.6757,586.1114,988.6051,787.3583,201.2468,-6.7307,27.5207,551.8600,1000.0000
5.431,0,0,heuristic,3.8519,5.7553,1.0646,1.8107,2.5183,3.1017,0.2425,1.9176,2.5000,3.4035,2.0645,23.2547,0.8530,3.0000,0.0000,2.0000,0,23.6757,560.2565,986.5022,773.3794,213.1228,-6.4986,27.2548,526.5031,1000.0000
5.481,0,0,heuristic,3.9391,5.8736,1.0743,1.8120,2.5075,3.0937,0.2682,1.9229,2.5000,3.2706,2.0645,23.1734,0.8486,3.0000,0.0000,2.0000,0,23.6757,535.9218,983.3311,759.6264,223.7046,-6.4119,26.6977,502.8123,1000.0000
5.531,0,0,heuristic,4.0314,5.9982,1.0844,1.8045,2.4854,3.0714,0.2627,1.9285,2.5000,3.1303,2.0645,23.0886,0.8441,3.0000,0.0000,2.0000,0,23.6757,529.2151,988.4362,758.8257,229.6105,-6.1707,26.5455,496.4990,1000.0000
5.581,0,0,heuristic,4.1182,6.1149,1.0950,1.8052,2.4745,3.0630,0.2860,1.9338,2.5000,2.9986,2.0645,23.0100,0.8388,3.0000,0.0000,2.0000,0,23.6757,515.8383,952.0304,733.9343,218.0960,-6.0802,25.9812,483.7768,971.9314
5.631,0,0,heuristic,4.1182,6.1149,1.1062,1.8052,2.4745,3.0630,0.2930,1.9338,2.5000,2.9986,2.0645,23.0100,0.8277,3.0000,0.0000,2.0000,0,23.6757,515.8383,952.0304,733.9343,218.0960,-6.0802,25.5398,484.2183,971.4900
5.682,0,0,heuristic,4.2101,6.2379,1.1208,1.7974,2.4527,3.0408,0.3070,1.9395,2.5000,2.8594,2.0645,22.9280,0.8187,3.0000,0.0000,2.0000,0,23.6757,499.0981,970.3895,734.7438,235.6457,-5.8405,24.9742,468.2835,989.5232
5.731,0,0,heuristic,4.2964,6.3531,1.1299,1.7976,2.4423,3.0325,0.3035,1.9448,2.5000,2.7288,2.0645,22.8520,0.8149,3.0000,0.0000,2.0000,0,23.6757,468.8437,976.3728,722.6083,253.7646,-5.7510,24.8078,438.2850,995.4297
5.781,0,0,heuristic,4.3876,6.4748,1.1488,1.7892,2.4217,3.0109,0.3420,1.9505,2.5000,2.5907,2.0645,22.7724,0.8017,3.0000,0.0000,2.0000,0,23.6757,488.1269,982.7688,735.4479,247.3210,-5.5181,23.7665,458.8423,1000.0000
5.832,0,0,heuristic,4.4735,6.5891,1.1554,1.7889,2.4136,3.0042,0.3415,1.9559,2.5000,2.4610,2.0645,22.6984,0.8005,3.0000,0.0000,2.0000,0,23.6757,472.1606,983.2019,727.6813,255.5206,-5.4455,23.6271,443.0880,1000.0000
5.881,0,0,heuristic,4.4735,6.5891,1.1688,1.7889,2.4136,3.0042,0.3648,1.9559,2.5000,2.4610,2.0645,22.6984,0.7871,3.0000,0.0000,2.0000,0,23.6757,470.0104,972.4084,721.2094,251.1990,-5.4455,22.8956,441.6694,989.8586
5.931,0,0,heuristic,4.6496,6.8242,1.1898,1.7800,2.3925,2.9820,0.3740,1.9670,2.5000,2.1945,2.0645,22.5481,0.7772,3.0000,0.0000,2.0000,0,23.6757,431.2779,988.3545,709.8162,278.5383,-5.2054,22.2185,403.8540,1000.0000
5.981,0,0,heuristic,4.6496,6.8242,1.2007,1.7800,2.3925,2.9820,0.3648,1.9670,2.5000,2.1945,2.0645,22.5481,0.7663,3.0000,0.0000,2.0000,0,23.6757,451.9600,988.2250,720.0925,268.1325,-5.2054,22.0026,424.7521,1000.0000
6.032,0,0,heuristic,4.7399,6.9453,1.2193,1.7711,2.3800,2.9667,0.3763,1.9728,2.5000,2.0576,2.0645,22.4715,0.7535,3.0000,0.0000,2.0000,0,23.6757,434.7492,974.8576,704.8034,270.0542,-5.0399,21.3113,408.3981,991.1290
6.081,0,0,heuristic,4.8246,7.0597,1.2308,1.7701,2.3804,2.9664,0.4025,1.9783,2.5000,1.9287,2.0645,22.3998,0.7475,3.0000,0.0000,2.0000,0,23.6757,442.0641,954.9485,698.5063,256.4422,-5.0372,20.6325,416.3943,970.5438
6.131,0,0,heuristic,4.9142,7.1813,1.2505,1.7604,2.3721,2.9540,0.4120,1.9841,2.5000,1.7923,2.0645,22.3240,0.7337,3.0000,0.0000,2.0000,0,23.6757,442.0641,954.9485,698.5063,256.4422,-4.9029,19.9228,417.2384,969.9684
6.181,0,0,heuristic,4.9981,7.2963,1.2666,1.7579,2.3767,2.9561,0.4057,1.9897,2.5000,1.6639,2.0645,22.2528,0.7231,3.0000,0.0000,2.0000,0,23.6757,436.4431,946.2366,691.3398,254.8967,-4.9262,19.5251,411.9917,960.8355
6.231,0,0,heuristic,4.9981,7.2963,1.2831,1.7579,2.3767,2.9561,0.4103,1.9897,2.5000,1.6639,2.0645,22.2528,0.7066,3.0000,0.0000,2.0000,0,23.6757,410.1458,942.4478,676.2968,266.1510,-4.9262,18.9501,386.2696,956.4716
6.281,0,0,heuristic,5.0864,7.4186,1.2999,1.7461,2.3719,2.9454,0.4458,1.9956,2.5000,1.5281,2.0645,22.1773,0.6957,3.0000,0.0000,2.0000,0,23.6757,447.2036,944.6150,695.9093,248.7057,-4.8098,17.9670,424.4269,957.7722
6.331,0,0,heuristic,5.1690,7.5343,1.3170,1.7410,2.3795,2.9485,0.4280,2.0011,2.5000,1.4006,2.0645,22.1063,0.6842,3.0000,0.0000,2.0000,0,23.6757,433.0427,976.3041,704.6734,271.6307,-4.8434,17.6845,410.5148,989.1452
6.381,0,0,heuristic,5.2558,7.6574,1.3343,1.7265,2.3772,2.9380,0.4433,2.0070,2.5000,1.2658,2.0645,22.0310,0.6728,3.0000,0.0000,2.0000,0,23.6757,424.3316,971.6019,697.9668,273.6352,-4.7307,16.9459,402.6549,983.8171
6.432,0,0,heuristic,5.3367,7.7741,1.3518,1.7184,2.3879,2.9419,0.4240,2.0126,2.5000,1.1393,2.0645,21.9598,0.6608,3.0000,0.0000,2.0000,0,23.6757,380.2516,939.8567,660.0541,279.8025,-4.7723,16.6587,358.8205,951.7431
6.481,0,0,heuristic,5.3367,7.7741,1.3696,1.7184,2.3879,2.9419,0.4323,2.0126,2.5000,1.1393,2.0645,21.9598,0.6430,3.0000,0.0000,2.0000,0,23.6757,377.9951,933.9534,655.9742,277.9792,-4.7723,15.9935,357.2293,945.1746
6.531,0,0,heuristic,5.4216,7.8986,1.3922,1.7011,2.3891,2.9328,0.4590,2.0186,2.5000,1.0055,2.0645,21.8839,0.6264,3.0000,0.0000,2.0000,0,23.6757,377.9951,933.9534,655.9742,277.9792,-4.6745,14.9251,358.3954,944.2040
6.581,0,0,heuristic,5.5005,8.0164,1.4058,1.6900,2.4020,2.9369,0.4433,2.0242,2.5000,0.8802,2.0645,21.8123,0.6183,3.0000,0.0000,2.0000,0,23.6757,356.4233,898.6349,627.5291,271.1058,-4.7188,14.7037,337.0008,908.6198
6.632,0,0,heuristic,5.5831,8.1418,1.4290,1.6697,2.4040,2.9270,0.4703,2.0301,2.5000,0.7480,2.0645,21.7361,0.6011,3.0000,0.0000,2.0000,0,23.6757,360.2614,923.0877,641.6745,281.4131,-4.6113,13.6060,342.0441,932.0824
6.681,0,0,heuristic,5.6598,8.2605,1.4478,1.6551,2.4180,2.9302,0.4825,2.0357,2.5000,0.6242,2.0645,21.6640,0.5879,3.0000,0.0000,2.0000,0,23.6757,368.8310,939.0467,653.9389,285.1078,-4.6460,12.8433,351.3417,947.2439
6.731,0,0,heuristic,5.7397,8.3871,1.4714,1.6313,2.4212,2.9195,0.4823,2.0416,2.5000,0.4939,2.0645,21.5870,0.5702,3.0000,0.0000,2.0000,0,23.6757,368.8310,939.0467,653.9389,285.1078,-4.5304,12.0928,352.2078,946.6091
6.781,0,0,heuristic,5.8137,8.5072,1.4906,1.6133,2.4373,2.9229,0.4723,2.0472,2.5000,0.3719,2.0645,21.5139,0.5566,3.0000,0.0000,2.0000,0,23.6757,410.4461,899.4539,654.9500,244.5039,-4.5670,11.6123,394.2669,906.4992
6.831,0,0,heuristic,5.8906,8.6356,1.5149,1.5866,2.4439,2.9138,0.4765,2.0532,2.5000,0.2432,2.0645,21.4354,0.5383,3.0000,0.0000,2.0000,0,23.6757,408.6887,899.6262,654.1575,245.4687,-4.4685,10.7789,393.4413,905.9365
6.881,0,0,heuristic,5.9615,8.7578,1.5393,1.5648,2.4640,2.9190,0.4953,2.0588,2.5000,0.1229,2.0645,21.3605,0.5195,3.0000,0.0000,2.0000,0,23.6757,369.3324,895.1429,632.2377,262.9052,-4.5247,9.7485,355.0593,900.3667
6.931,0,0,heuristic,5.9615,8.7578,1.5589,1.5648,2.4640,2.9190,0.4745,2.0588,2.5000,0.1229,2.0645,21.3605,0.4998,3.0000,0.0000,2.0000,0,23.6757,386.9608,889.4355,638.1982,251.2373,-4.5247,9.4143,373.0218,894.3252
6.981,0,0,heuristic,6.0349,8.8885,1.5786,1.5340,2.4742,2.9111,0.4808,2.0647,2.5000,-0.0037,2.0645,21.2797,0.4861,3.0000,0.0000,2.0000,0,23.6757,375.6075,910.3409,642.9742,267.3667,-4.4401,8.6983,362.4691,914.5992
7.032,0,0,heuristic,6.1022,9.0127,1.5984,1.5077,2.4968,2.9167,0.4825,2.0703,2.5000,-0.1218,2.0645,21.2026,0.4719,3.0000,0.0000,2.0000,0,23.6757,375.6075,910.3409,642.9742,267.3667,-4.5003,8.0439,363.0633,913.8846
7.081,0,0,heuristic,6.1715,9.1456,1.6231,1.4728,2.5084,2.9088,0.4898,2.0762,2.5000,-0.2458,2.0645,21.1196,0.4530,3.0000,0.0000,2.0000,0,23.6757,411.5104,902.6691,657.0897,245.5793,-4.4148,7.1593,399.9363,905.4135
7.131,0,0,heuristic,6.2349,9.2719,1.6380,1.4422,2.5329,2.9147,0.4773,2.0817,2.5000,-0.3615,2.0645,21.0401,0.4437,3.0000,0.0000,2.0000,0,23.6757,406.9638,930.7292,668.8465,261.8827,-4.4790,6.8549,395.6299,933.1051
7.181,0,0,heuristic,6.2349,9.2719,1.6578,1.4422,2.5329,2.9147,0.4718,2.0817,2.5000,-0.3615,2.0645,21.0401,0.4239,3.0000,0.0000,2.0000,0,23.6757,404.1783,919.3499,661.7641,257.5858,-4.4790,6.3089,393.3904,921.1799
7.231,0,0,heuristic,6.2997,9.4072,1.6828,1.4032,2.5467,2.9077,0.5005,2.0876,2.5000,-0.4827,2.0645,20.9541,0.4048,3.0000,0.0000,2.0000,0,23.6757,404.4018,915.8142,660.1080,255.7062,-4.4033,5.1373,394.8612,916.5482
7.281,0,0,heuristic,6.3586,9.5361,1.7076,1.3680,2.5744,2.9153,0.4910,2.0931,2.5000,-0.5956,2.0645,20.8715,0.3855,3.0000,0.0000,2.0000,0,23.6757,408.5079,917.3530,662.9305,254.4225,-4.4854,4.4867,399.5358,917.3543
7.331,0,0,heuristic,6.4186,9.6743,1.7275,1.3250,2.5912,2.9103,0.4715,2.0989,2.5000,-0.7140,2.0645,20.7819,0.3713,3.0000,0.0000,2.0000,0,23.6757,392.3468,897.6084,644.9776,252.6308,-4.4315,4.1275,383.7877,897.3045
7.381,0,0,heuristic,6.4727,9.8059,1.7426,1.2855,2.6213,2.9196,0.4963,2.1043,2.5000,-0.8240,2.0645,20.6958,0.3618,3.0000,0.0000,2.0000,0,23.6757,396.6410,870.4485,633.5447,236.9037,-4.5315,3.3315,388.7779,869.2484
7.432,0,0,heuristic,6.5274,9.9469,1.7675,1.2389,2.6393,2.9156,0.5065,2.1101,2.5000,-0.9390,2.0645,20.6026,0.3427,3.0000,0.0000,2.0000,0,23.6757,371.9956,890.3451,631.1704,259.1747,-4.4886,2.4284,365.0786,888.2848
7.481,0,0,heuristic,6.5765,10.0808,1.7874,1.1955,2.6695,2.9250,0.4700,2.1155,2.5000,-1.0456,2.0645,20.5132,0.3281,3.0000,0.0000,2.0000,0,23.6757,405.3281,891.2783,648.3032,242.9751,-4.5898,2.3120,398.4263,889.0006
7.531,0,0,heuristic,6.5765,10.0808,1.8073,1.1955,2.6695,2.9250,0.4843,2.1155,2.5000,-1.0456,2.0645,20.5132,0.3082,3.0000,0.0000,2.0000,0,23.6757,387.2300,884.0394,635.6347,248.4047,-4.5898,1.4991,381.1412,880.9487
7.581,0,0,heuristic,6.6257,10.2240,1.8323,1.1456,2.6861,2.9202,0.4930,2.1212,2.5000,-1.1568,2.0645,20.4166,0.2890,3.0000,0.0000,2.0000,0,23.6757,393.6021,865.3569,629.4795,235.8774,-4.5382,0.6252,388.4386,861.4440
7.631,0,0,heuristic,6.6694,10.3598,1.8471,1.0985,2.7151,2.9289,0.4825,2.1265,2.5000,-1.2597,2.0645,20.3239,0.2794,3.0000,0.0000,2.0000,0,23.6757,417.1978,853.2131,635.2055,218.0077,-4.6320,0.3290,412.2367,848.9101
7.681,0,0,heuristic,6.7127,10.5050,1.8669,1.0454,2.7302,2.9235,0.4843,2.1321,2.5000,-1.3666,2.0645,20.2238,0.2652,3.0000,0.0000,2.0000,0,23.6757,391.6170,869.3905,630.5038,238.8868,-4.5737,-0.2809,387.3242,864.5360
7.731,0,0,heuristic,6.7507,10.6424,1.8917,0.9946,2.7570,2.9309,0.4890,2.1374,2.5000,-1.4652,2.0645,20.1279,0.2457,3.0000,0.0000,2.0000,0,23.6757,391.6170,869.3905,630.5038,238.8868,-4.6539,-1.0818,388.0449,863.6547
7.781,0,0,heuristic,6.7877,10.7890,1.9114,0.9382,2.7693,2.9240,0.4858,2.1429,2.5000,-1.5673,2.0645,20.0244,0.2315,3.0000,0.0000,2.0000,0,23.6757,413.2336,845.0040,629.1188,215.8852,-4.5788,-1.6086,410.2635,838.8166
7.831,0,0,heuristic,6.8198,10.9277,1.9358,0.8841,2.7934,2.9300,0.4783,2.1480,2.5000,-1.6612,2.0645,19.9254,0.2121,3.0000,0.0000,2.0000,0,23.6757,413.2336,845.0040,629.1188,215.8852,-4.6439,-2.2246,410.8142,838.1355
7.881,0,0,heuristic,6.8505,11.0754,1.9603,0.8253,2.8028,2.9218,0.4793,2.1534,2.5000,-1.7583,2.0645,19.8187,0.1931,3.0000,0.0000,2.0000,0,23.6757,463.1969,868.9115,666.0542,202.8573,-4.5551,-2.9474,461.5893,861.4090
7.931,0,0,heuristic,6.8764,11.2150,1.9845,0.7682,2.8240,2.9266,0.4740,2.1583,2.5000,-1.8472,2.0645,19.7166,0.1739,3.0000,0.0000,2.0000,0,23.6757,430.6046,882.0745,656.3396,225.7350,-4.6075,-3.5764,429.5735,873.8906
7.981,0,0,heuristic,6.8764,11.2150,2.0037,0.7682,2.8240,2.9266,0.4632,2.1583,2.5000,-1.8472,2.0645,19.7166,0.1546,3.0000,0.0000,2.0000,0,23.6757,434.6999,862.0427,648.3713,213.6714,-4.6075,-4.0325,434.1249,853.4028
8.032,0,0,heuristic,6.9004,11.3638,2.0228,0.7067,2.8315,2.9184,0.4512,2.1636,2.5000,-1.9389,2.0645,19.6063,0.1407,3.0000,0.0000,2.0000,0,23.6757,434.6999,862.0427,648.3713,213.6714,-4.5188,-4.4057,434.5868,853.1181
8.081,0,0,heuristic,6.9198,11.5047,2.0467,0.6462,2.8522,2.9245,0.4677,2.1684,2.5000,-2.0227,2.0645,19.5005,0.1218,3.0000,0.0000,2.0000,0,23.6757,480.2180,871.8938,676.0559,195.8379,-4.5842,-5.3082,480.9420,862.0014
8.131,0,0,heuristic,6.9368,11.6547,2.0655,0.5827,2.8585,2.9173,0.4557,2.1735,2.5000,-2.1088,2.0645,19.3864,0.1080,3.0000,0.0000,2.0000,0,23.6757,465.4240,895.7768,680.6004,215.1764,-4.5070,-5.6664,466.5834,885.6033
8.181,0,0,heuristic,6.9497,11.7965,2.0796,0.5196,2.8778,2.9243,0.4552,2.1782,2.5000,-2.1873,2.0645,19.2771,0.0987,3.0000,0.0000,2.0000,0,23.6757,445.6517,856.4546,651.0531,205.4014,-4.5825,-6.0285,447.0977,845.8435
8.231,0,0,heuristic,6.9497,11.7965,2.0937,0.5196,2.8778,2.9243,0.4507,2.1782,2.5000,-2.1873,2.0645,19.2771,0.0846,3.0000,0.0000,2.0000,0,23.6757,471.8915,832.7605,652.3260,180.4345,-4.5825,-6.4074,473.7164,821.7706
8.281,0,0,heuristic,6.9596,11.9476,2.1168,0.4537,2.8833,2.9188,0.4485,2.1832,2.5000,-2.2676,2.0645,19.1589,0.0663,3.0000,0.0000,2.0000,0,23.6757,489.3713,815.2413,652.3063,162.9350,-4.5225,-7.0239,491.8726,803.6949
8.331,0,0,heuristic,6.9655,12.0903,2.1261,0.3879,2.9012,2.9271,0.4453,2.1877,2.5000,-2.3405,2.0645,19.0458,0.0617,3.0000,0.0000,2.0000,0,23.6757,497.2782,819.8140,658.5461,161.2679,-4.6122,-7.1940,499.8600,808.0078
8.381,0,0,heuristic,6.9681,12.2419,2.1490,0.3203,2.9039,2.9216,0.4325,2.1925,2.5000,-2.4147,2.0645,18.9239,0.0434,3.0000,0.0000,2.0000,0,23.6757,491.2188,791.3922,641.3055,150.0867,-4.5529,-7.6579,494.3238,779.1814
8.431,0,0,heuristic,6.9681,12.2419,2.1671,0.3203,2.9039,2.9216,0.4153,2.1925,2.5000,-2.4147,2.0645,18.9239,0.0254,3.0000,0.0000,2.0000,0,23.6757,508.7108,814.1472,661.4290,152.7182,-4.5529,-7.9902,512.1481,801.6041
8.481,0,0,heuristic,6.9671,12.3848,2.1805,0.2520,2.9187,2.9296,0.4315,2.1968,2.5000,-2.4815,2.0645,18.8072,0.0164,3.0000,0.0000,2.0000,0,23.6757,541.6672,845.1418,693.4045,151.7373,-4.6392,-8.5469,545.5750,831.9557
8.531,0,0,heuristic,6.9622,12.5363,2.1981,0.1828,2.9179,2.9236,0.4138,2.2014,2.5000,-2.5490,2.0645,18.6818,0.0033,3.0000,0.0000,2.0000,0,23.6757,522.2296,839.1878,680.7087,158.4791,-4.5749,-8.7748,526.4295,825.8381
8.581,0,0,heuristic,6.9541,12.6792,2.2155,0.1122,2.9295,2.9317,0.4185,2.2056,2.5000,-2.6095,2.0645,18.5617,-0.0099,3.0000,0.0000,2.0000,0,23.6757,565.9569,872.3995,719.1782,153.2213,-4.6619,-9.3008,570.5958,858.4368
8.631,0,0,heuristic,6.9541,12.6792,2.2284,0.1122,2.9295,2.9317,0.4078,2.2056,2.5000,-2.6095,2.0645,18.5617,-0.0229,3.0000,0.0000,2.0000,0,23.6757,562.0939,868.8841,715.4890,153.3951,-4.6619,-9.5599,566.9919,854.6622
8.681,0,0,heuristic,6.9414,12.8308,2.2496,0.0411,2.9268,2.9271,0.4045,2.2099,2.5000,-2.6702,2.0645,18.4323,-0.0397,3.0000,0.0000,2.0000,0,23.6757,562.0939,868.8841,715.4890,153.3951,-4.6121,-10.0890,567.5707,854.1829
8.731,0,0,heuristic,6.9258,12.9739,2.2579,-0.0323,2.9375,2.9376,0.3970,2.2139,2.5000,-2.7242,2.0645,18.3083,-0.0441,3.0000,0.0000,2.0000,0,23.6757,561.7952,897.5605,729.6778,167.8826,-4.7266,-10.1675,567.2362,882.6664
8.781,0,0,heuristic,6.9258,12.9739,2.2745,-0.0323,2.9375,2.9376,0.3990,2.2139,2.5000,-2.7242,2.0645,18.3083,-0.0606,3.0000,0.0000,2.0000,0,23.6757,570.6766,927.5877,749.1322,178.4556,-4.7266,-10.7117,576.6617,912.1495
8.831,0,0,heuristic,6.8821,13.2688,2.2990,-0.1802,2.9434,2.9489,0.3910,2.2217,2.5000,-2.8255,2.0645,18.0466,-0.0773,3.0000,0.0000,2.0000,0,23.6757,577.9140,881.5494,729.7317,151.8177,-4.8485,-11.1998,584.2653,865.5012
8.881,0,0,heuristic,6.8821,13.2688,2.3071,-0.1802,2.9434,2.9489,0.3773,2.2217,2.5000,-2.8255,2.0645,18.0466,-0.0854,3.0000,0.0000,2.0000,0,23.6757,574.7306,875.1635,724.9470,150.2164,-4.8485,-11.2675,581.1496,859.0475
8.932,0,0,heuristic,6.8536,13.4206,2.3232,-0.2535,2.9387,2.9496,0.3815,2.2256,2.5000,-2.8725,2.0645,17.9088,-0.0976,3.0000,0.0000,2.0000,0,23.6757,578.6798,853.9790,716.3294,137.6496,-4.8553,-11.7393,585.5638,837.3844
8.981,0,0,heuristic,6.8233,13.5635,2.3391,-0.3291,2.9463,2.9646,0.3743,2.2292,2.5000,-2.9135,2.0645,17.7771,-0.1100,3.0000,0.0000,2.0000,0,23.6757,581.5757,811.9610,696.7684,115.1926,-5.0178,-12.0572,588.6152,794.8859
9.032,0,0,heuristic,6.8233,13.5635,2.3549,-0.3291,2.9463,2.9646,0.3695,2.2292,2.5000,-2.9135,2.0645,17.7771,-0.1257,3.0000,0.0000,2.0000,0,23.6757,609.0328,857.8284,733.4306,124.3978,-5.0178,-12.4850,616.5000,840.3256
9.081,0,0,heuristic,6.7874,13.7146,2.3704,-0.4014,2.9382,2.9655,0.3618,2.2328,2.5000,-2.9535,2.0645,17.6357,-0.1377,3.0000,0.0000,2.0000,0,23.6757,595.2419,862.8236,729.0328,133.7909,-5.0278,-12.7807,602.9948,845.0152
9.131,0,0,heuristic,6.7503,13.8564,2.3820,-0.4757,2.9412,2.9794,0.3590,2.2361,2.5000,-2.9880,2.0645,17.5012,-0.1459,3.0000,0.0000,2.0000,0,23.6757,634.1926,820.5042,727.3484,93.1558,-5.1777,-13.0249,642.0397,802.3017
9.181,0,0,heuristic,6.7073,14.0061,2.4009,-0.5462,2.9287,2.9792,0.3648,2.2395,2.5000,-3.0210,2.0645,17.3569,-0.1614,3.0000,0.0000,2.0000,0,23.6757,625.0679,854.5913,739.8296,114.7617,-5.1756,-13.6078,633.5000,835.8079
9.231,0,0,heuristic,6.6634,14.1464,2.4157,-0.6198,2.9278,2.9927,0.3580,2.2425,2.5000,-3.0489,2.0645,17.2197,-0.1732,3.0000,0.0000,2.0000,0,23.6757,628.2086,807.4350,717.8218,89.6132,-5.3215,-13.9043,636.7914,788.2091
9.281,0,0,heuristic,6.6634,14.1464,2.4304,-0.6198,2.9278,2.9927,0.3430,2.2425,2.5000,-3.0489,2.0645,17.2197,-0.1878,3.0000,0.0000,2.0000,0,23.6757,614.9663,779.1767,697.0715,82.1052,-5.3215,-14.1588,623.8036,759.6964
9.331,0,0,heuristic,6.6132,14.2944,2.4483,-0.6889,2.9114,2.9918,0.3345,2.2456,2.5000,-3.0748,2.0645,17.0727,-0.2027,3.0000,0.0000,2.0000,0,23.6757,609.6084,784.1468,696.8776,87.2692,-5.3114,-14.5245,618.8214,764.3108
9.381,0,0,heuristic,6.5628,14.4328,2.4588,-0.7610,2.9059,3.0038,0.3277,2.2484,2.5000,-3.0961,2.0645,16.9332,-0.2104,3.0000,0.0000,2.0000,0,23.6757,637.2591,800.9306,719.0948,81.8357,-5.4415,-14.6873,646.5048,780.8017
9.431,0,0,heuristic,6.5063,14.5782,2.4725,-0.8263,2.8839,3.0000,0.3125,2.2512,2.5000,-3.1152,2.0645,16.7845,-0.2213,3.0000,0.0000,2.0000,0,23.6757,656.4806,789.4923,722.9864,66.5059,-5.3998,-14.8362,665.9170,769.2564
9.481,0,0,heuristic,6.4502,14.7139,2.4860,-0.8945,2.8726,3.0087,0.3090,2.2537,2.5000,-3.1301,2.0645,16.6439,-0.2323,3.0000,0.0000,2.0000,0,23.6757,623.0457,782.5975,702.8216,79.7759,-5.4938,-15.1402,632.6921,761.9636
9.531,0,0,heuristic,6.4502,14.7139,2.4991,-0.8945,2.8726,3.0087,0.3088,2.2537,2.5000,-3.1301,2.0645,16.6439,-0.2454,3.0000,0.0000,2.0000,0,23.6757,663.3245,720.6829,692.0037,28.6792,-5.4938,-15.5473,673.3781,699.6419
9.581,0,0,heuristic,6.3877,14.8565,2.5152,-0.9560,2.8463,3.0025,0.2960,2.2562,2.5000,-3.1426,2.0645,16.4939,-0.2590,3.0000,0.0000,2.0000,0,23.6757,690.4204,775.4700,732.9452,42.5248,-5.4274,-15.8064,700.7993,754.2362
9.631,0,0,heuristic,6.3262,14.9893,2.5245,-1.0210,2.8307,3.0092,0.2682,2.2585,2.5000,-3.1515,2.0645,16.3522,-0.2661,3.0000,0.0000,2.0000,0,23.6757,661.2763,743.0870,702.1816,40.9054,-5.4989,-15.6605,671.4378,721.9276
9.682,0,0,heuristic,6.2583,15.1286,2.5397,-1.0783,2.8000,3.0004,0.2548,2.2607,2.5000,-3.1576,2.0645,16.2015,-0.2791,3.0000,0.0000,2.0000,0,23.6757,630.3006,710.2247,670.2627,39.9620,-5.4045,-15.8883,640.7845,688.9319
9.731,0,0,heuristic,6.1916,15.2582,2.5485,-1.1403,2.7804,3.0051,0.2625,2.2626,2.5000,-3.1603,2.0645,16.0590,-0.2859,3.0000,0.0000,2.0000,0,23.6757,641.5706,708.4916,675.0311,33.4605,-5.4553,-16.2080,652.3234,686.8284
9.781,0,0,heuristic,6.1185,15.3939,2.5656,-1.1933,2.7460,2.9941,0.2652,2.2645,2.5000,-3.1603,2.0645,15.9080,-0.3011,3.0000,0.0000,2.0000,0,23.6757,628.6331,703.1245,665.8788,37.2457,-5.3365,-16.7171,640.0137,681.0709
9.831,0,0,heuristic,6.0477,15.5199,2.5765,-1.2498,2.7218,2.9951,0.2375,2.2662,2.5000,-3.1576,2.0645,15.7658,-0.3103,3.0000,0.0000,2.0000,0,23.6757,628.6331,703.1245,665.8788,37.2457,-5.3467,-16.6312,639.9176,681.1467
9.881,0,0,heuristic,6.0477,15.5199,2.5845,-1.2498,2.7218,2.9951,0.2477,2.2662,2.5000,-3.1576,2.0645,15.7658,-0.3183,3.0000,0.0000,2.0000,0,23.6757,685.8492,744.1959,715.0226,29.1734,-5.3467,-17.0180,697.5205,721.8313
9.931,0,0,heuristic,5.9705,15.6515,2.5973,-1.2967,2.6837,2.9805,0.2223,2.2678,2.5000,-3.1520,2.0645,15.6154,-0.3295,3.0000,0.0000,2.0000,0,23.6757,693.7545,762.3672,728.0608,34.3064,-5.1899,-17.0212,705.5857,740.1561
9.981,0,0,heuristic,5.8959,15.7738,2.6048,-1.3482,2.6563,2.9789,0.2167,2.2691,2.5000,-3.1443,2.0645,15.4737,-0.3356,3.0000,0.0000,2.0000,0,23.6757,682.1396,729.7262,705.9329,23.7933,-5.1716,-17.1332,694.1011,707.4214
10.031,0,0,heuristic,5.8143,15.9017,2.6168,-1.3924,2.6171,2.9645,0.2035,2.2704,2.5000,-3.1331,2.0645,15.3233,-0.3463,3.0000,0.0000,2.0000,0,23.6757,631.1496,650.8092,640.9794,9.8298,-5.0165,-17.2826,643.4157,628.5102
10.081,0,0,heuristic,5.7353,16.0208,2.6261,-1.4433,2.5897,2.9648,0.2078,2.2715,2.5000,-3.1199,2.0645,15.1813,-0.3546,3.0000,0.0000,2.0000,0,23.6757,631.4967,655.7637,643.6302,12.1335,-5.0193,-17.5881,644.0654,633.1563
10.131,0,0,heuristic,5.7353,16.0208,2.6328,-1.4433,2.5897,2.9648,0.1938,2.2715,2.5000,-3.1199,2.0645,15.1813,-0.3613,3.0000,0.0000,2.0000,0,23.6757,653.8826,654.2868,654.0847,0.2021,-5.0193,-17.6119,666.4751,631.6556
10.181,0,0,heuristic,5.6495,16.1450,2.6437,-1.4844,2.5498,2.9504,0.1925,2.2725,2.5000,-3.1033,2.0645,15.0311,-0.3712,3.0000,0.0000,2.0000,0,23.6757,667.2764,668.8252,668.0508,0.7744,-4.8638,-17.8928,680.3054,646.0685
10.232,0,0,heuristic,5.5674,16.2602,2.6500,-1.5298,2.5198,2.9478,0.1865,2.2733,2.5000,-3.0855,2.0645,14.8901,-0.3768,3.0000,0.0000,2.0000,0,23.6757,620.5787,655.3527,637.9657,17.3870,-4.8364,-17.9733,633.7155,632.5430
10.282,0,0,heuristic,5.5674,16.2602,2.6561,-1.5298,2.5198,2.9478,0.1723,2.2733,2.5000,-3.0855,2.0645,14.8901,-0.3828,3.0000,0.0000,2.0000,0,23.6757,630.4837,656.2147,643.3492,12.8655,-4.8364,-17.9711,643.6184,633.4071
10.331,0,0,heuristic,5.4786,16.3804,2.6639,-1.5653,2.4780,2.9310,0.1608,2.2739,2.5000,-3.0643,2.0645,14.7410,-0.3900,3.0000,0.0000,2.0000,0,23.6757,651.8941,671.4289,661.6615,9.7674,-4.6549,-18.0264,665.2656,648.7476
10.381,0,0,heuristic,5.3936,16.4918,2.6696,-1.6066,2.4467,2.9270,0.1785,2.2744,2.5000,-3.0422,2.0645,14.6010,-0.3952,3.0000,0.0000,2.0000,0,23.6757,651.8941,671.4289,661.6615,9.7674,-4.6116,-18.4130,665.6954,648.4044
10.431,0,0,heuristic,5.3019,16.6081,2.6787,-1.6378,2.4044,2.9092,0.1462,2.2748,2.5000,-3.0166,2.0645,14.4531,-0.4039,3.0000,0.0000,2.0000,0,23.6757,661.2807,612.6394,636.9601,-24.3207,-4.4198,-18.2342,675.0951,589.9854
10.481,0,0,heuristic,5.2142,16.7159,2.6856,-1.6758,2.3728,2.9049,0.1390,2.2750,2.5000,-2.9904,2.0645,14.3141,-0.4107,3.0000,0.0000,2.0000,0,23.6757,660.6427,588.3030,624.4729,-36.1699,-4.3734,-18.3301,674.5994,565.5995
10.531,0,0,heuristic,5.2142,16.7159,2.6907,-1.6758,2.3728,2.9049,0.1205,2.2750,2.5000,-2.9904,2.0645,14.3141,-0.4157,3.0000,0.0000,2.0000,0,23.6757,687.8043,581.4051,634.6047,-53.1996,-4.3734,-18.2390,701.6699,558.7927
10.581,0,0,heuristic,5.1198,16.8282,2.6986,-1.7035,2.3303,2.8866,0.1328,2.2750,2.5000,-2.9606,2.0645,14.1674,-0.4236,3.0000,0.0000,2.0000,0,23.6757,687.8043,581.4051,634.6047,-53.1996,-4.1752,-18.6294,702.2584,558.6005
10.632,0,0,heuristic,5.0299,16.9321,2.7046,-1.7373,2.2972,2.8802,0.1253,2.2750,2.5000,-2.9307,2.0645,14.0300,-0.4296,3.0000,0.0000,2.0000,0,23.6757,701.5804,566.4188,633.9996,-67.5808,-4.1057,-18.6960,716.1706,543.6171
10.681,0,0,heuristic,4.9335,17.0402,2.7101,-1.7606,2.2535,2.8597,0.1150,2.2747,2.5000,-2.8970,2.0645,13.8852,-0.4354,3.0000,0.0000,2.0000,0,23.6757,682.0696,621.2293,651.6495,-30.4202,-3.8849,-18.7147,696.8994,598.6296
10.731,0,0,heuristic,4.8417,17.1401,2.7152,-1.7912,2.2191,2.8518,0.1055,2.2743,2.5000,-2.8635,2.0645,13.7496,-0.4409,3.0000,0.0000,2.0000,0,23.6757,657.4146,601.5798,629.4972,-27.9174,-3.7996,-18.7336,672.3486,579.0466
10.781,0,0,heuristic,4.7432,17.2442,2.7209,-1.8119,2.1754,2.8311,0.0915,2.2737,2.5000,-2.8260,2.0645,13.6065,-0.4472,3.0000,0.0000,2.0000,0,23.6757,710.1078,556.8098,633.4588,-76.6490,-3.5763,-18.7153,725.2468,534.5182
10.832,0,0,heuristic,4.6494,17.3405,2.7260,-1.8401,2.1417,2.8237,0.0715,2.2731,2.5000,-2.7891,2.0645,13.4724,-0.4530,3.0000,0.0000,2.0000,0,23.6757,710.1078,556.8098,633.4588,-76.6490,-3.4956,-18.6005,725.2126,534.7137
10.881,0,0,heuristic,4.6494,17.3405,2.7297,-1.8401,2.1417,2.8237,0.0580,2.2731,2.5000,-2.7891,2.0645,13.4724,-0.4567,3.0000,0.0000,2.0000,0,23.6757,702.1635,529.0146,615.5891,-86.5745,-3.4956,-18.5343,717.2022,506.9847
10.931,0,0,heuristic,4.5490,17.4408,2.7330,-1.8582,2.0991,2.8034,0.0568,2.2722,2.5000,-2.7483,2.0645,13.3311,-0.4609,3.0000,0.0000,2.0000,0,23.6757,686.3563,552.6408,619.4985,-66.8577,-3.2765,-18.6168,701.6965,530.7475
10.981,0,0,heuristic,4.4536,17.5336,2.7359,-1.8842,2.0658,2.7961,0.0208,2.2712,2.5000,-2.7082,2.0645,13.1986,-0.4647,3.0000,0.0000,2.0000,0,23.6757,683.1919,546.0675,614.6297,-68.5622,-3.1976,-18.2218,698.2161,524.6482
11.032,0,0,heuristic,4.3515,17.6301,2.7388,-1.8999,2.0239,2.7759,0.0215,2.2700,2.5000,-2.6641,2.0645,13.0590,-0.4688,3.0000,0.0000,2.0000,0,23.6757,723.4684,517.6531,620.5608,-102.9076,-2.9797,-18.3269,738.8156,496.3465
11.081,0,0,heuristic,4.2547,17.7194,2.7403,-1.9235,1.9913,2.7686,0.0085,2.2687,2.5000,-2.6211,2.0645,12.9283,-0.4716,3.0000,0.0000,2.0000,0,23.6757,749.2638,531.3060,640.2849,-108.9789,-2.9005,-18.2032,764.5665,510.2023
11.131,0,0,heuristic,4.1512,17.8124,2.7422,-1.9369,1.9506,2.7489,-0.0092,2.2671,2.5000,-2.5740,2.0645,12.7906,-0.4750,3.0000,0.0000,2.0000,0,23.6757,690.1155,512.5024,601.3090,-88.8066,-2.6884,-18.0331,705.4603,491.7809
11.181,0,0,heuristic,4.1512,17.8124,2.7432,-1.9369,1.9506,2.7489,-0.0232,2.2671,2.5000,-2.5740,2.0645,12.7906,-0.4760,3.0000,0.0000,2.0000,0,23.6757,677.8032,513.9081,595.8556,-81.9476,-2.6884,-17.8763,692.9912,493.3434
11.232,0,0,heuristic,4.0528,17.8984,2.7437,-1.9595,1.9191,2.7428,-0.0208,2.2655,2.5000,-2.5282,2.0645,12.6615,-0.4782,3.0000,0.0000,2.0000,0,23.6757,690.4704,504.4289,597.4496,-93.0207,-2.6217,-17.9385,705.7871,483.8687
11.281,0,0,heuristic,3.9478,17.9880,2.7438,-1.9715,1.8798,2.7241,-0.0398,2.2637,2.5000,-2.4781,2.0645,12.5255,-0.4801,3.0000,0.0000,2.0000,0,23.6757,685.7056,512.0059,598.8558,-86.8499,-2.4198,-17.7008,700.9867,491.8852
11.331,0,0,heuristic,3.8484,18.0709,2.7434,-1.9912,1.8493,2.7175,-0.0488,2.2618,2.5000,-2.4299,2.0645,12.3982,-0.4816,3.0000,0.0000,2.0000,0,23.6757,678.9681,502.3327,590.6504,-88.3177,-2.3487,-17.5846,694.2041,482.3994
11.381,0,0,heuristic,3.7426,18.1572,2.7423,-1.9999,1.8114,2.6983,-0.0695,2.2596,2.5000,-2.3777,2.0645,12.2643,-0.4827,3.0000,0.0000,2.0000,0,23.6757,678.9681,502.3327,590.6504,-88.3177,-2.1421,-17.2941,694.1201,482.8965
11.431,0,0,heuristic,3.6425,18.2372,2.7415,-2.0168,1.7823,2.6915,-0.0513,2.2574,2.5000,-2.3274,2.0645,12.1390,-0.4840,3.0000,0.0000,2.0000,0,23.6757,715.6187,473.5170,594.5678,-121.0509,-2.0681,-17.5337,731.0843,453.9152
11.481,0,0,heuristic,3.5361,18.3205,2.7395,-2.0227,1.7462,2.6722,-0.0725,2.2550,2.5000,-2.2732,2.0645,12.0072,-0.4845,3.0000,0.0000,2.0000,0,23.6757,718.2247,460.6705,589.4476,-128.7771,-1.8598,-17.2135,733.5783,441.5972
11.531,0,0,heuristic,3.4356,18.3977,2.7370,-2.0371,1.7184,2.6651,-0.0745,2.2525,2.5000,-2.2213,2.0645,11.8839,-0.4845,3.0000,0.0000,2.0000,0,23.6757,717.3347,464.1345,590.7346,-126.6001,-1.7833,-17.1357,732.6871,445.2154
11.581,0,0,heuristic,3.4356,18.3977,2.7352,-2.0371,1.7184,2.6651,-0.0985,2.2525,2.5000,-2.2213,2.0645,11.8839,-0.4827,3.0000,0.0000,2.0000,0,23.6757,709.9361,473.8108,591.8734,-118.0626,-1.7833,-16.7567,724.9094,455.2708
11.631,0,0,heuristic,3.3287,18.4780,2.7309,-2.0409,1.6838,2.6459,-0.1035,2.2498,2.5000,-2.1652,2.0645,11.7541,-0.4811,3.0000,0.0000,2.0000,0,23.6757,688.1887,465.1119,576.6503,-111.5384,-1.5753,-16.5860,703.1995,446.9506
11.681,0,0,heuristic,3.2277,18.5524,2.7284,-2.0535,1.6572,2.6388,-0.1232,2.2470,2.5000,-2.1115,2.0645,11.6328,-0.4814,3.0000,0.0000,2.0000,0,23.6757,679.1267,455.5928,567.3597,-111.7670,-1.4986,-16.2744,693.9025,437.8198
11.731,0,0,heuristic,3.1204,18.6301,2.7247,-2.0554,1.6244,2.6198,-0.1198,2.2440,2.5000,-2.0539,2.0645,11.5052,-0.4807,3.0000,0.0000,2.0000,0,23.6757,679.1267,455.5928,567.3597,-111.7670,-1.2937,-16.2424,694.0754,438.0567
11.781,0,0,heuristic,3.0193,18.7021,2.7196,-2.0657,1.5994,2.6125,-0.1405,2.2410,2.5000,-1.9989,2.0645,11.3859,-0.4786,3.0000,0.0000,2.0000,0,23.6757,710.7553,453.8218,582.2886,-128.4668,-1.2151,-15.8393,725.3796,436.7673
11.831,0,0,heuristic,3.0193,18.7021,2.7163,-2.0657,1.5994,2.6125,-0.1303,2.2410,2.5000,-1.9989,2.0645,11.3859,-0.4753,3.0000,0.0000,2.0000,0,23.6757,710.7553,453.8218,582.2886,-128.4668,-1.2151,-15.8737,725.4139,436.7329
11.882,0,0,heuristic,2.8109,18.8469,2.7090,-2.0735,1.5452,2.5859,-0.1507,2.2344,2.5000,-1.8841,2.0645,11.1432,-0.4746,3.0000,0.0000,2.0000,0,23.6757,696.4707,435.8573,566.1640,-130.3067,-0.9280,-15.4543,710.9970,419.4750
11.932,0,0,heuristic,2.8109,18.8469,2.7051,-2.0735,1.5452,2.5859,-0.1560,2.2344,2.5000,-1.8841,2.0645,11.1432,-0.4707,3.0000,0.0000,2.0000,0,23.6757,686.5288,414.4156,550.4722,-136.0566,-0.9280,-15.2618,700.8625,398.2258
11.981,0,0,heuristic,2.7034,18.9198,2.6982,-2.0721,1.5165,2.5678,-0.1658,2.2308,2.5000,-1.8240,2.0645,11.0197,-0.4674,3.0000,0.0000,2.0000,0,23.6757,672.9793,405.1091,539.0442,-133.9351,-0.7320,-14.9615,687.2087,389.4156
12.032,0,0,heuristic,2.6021,18.9875,2.6908,-2.0798,1.4954,2.5616,-0.1762,2.2273,2.5000,-1.7669,2.0645,10.9041,-0.4635,3.0000,0.0000,2.0000,0,23.6757,680.4699,404.0897,542.2798,-138.1901,-0.6658,-14.6334,694.4375,388.7905
12.082,0,0,heuristic,2.4948,19.0583,2.6861,-2.0767,1.4686,2.5435,-0.1970,2.2234,2.5000,-1.7059,2.0645,10.7826,-0.4627,3.0000,0.0000,2.0000,0,23.6757,683.5966,425.2166,554.4066,-129.1900,-0.4700,-14.2589,697.3854,410.4877
12.131,0,0,heuristic,2.3938,19.1240,2.6779,-2.0822,1.4488,2.5366,-0.1933,2.2196,2.5000,-1.6481,2.0645,10.6691,-0.4583,3.0000,0.0000,2.0000,0,23.6757,668.9714,409.0958,539.0336,-129.9378,-0.3956,-14.1015,682.6773,394.5987
12.181,0,0,heuristic,2.2868,19.1929,2.6710,-2.0774,1.4237,2.5184,-0.1928,2.2155,2.5000,-1.5865,2.0645,10.5497,-0.4555,3.0000,0.0000,2.0000,0,23.6757,673.9552,403.6494,538.8023,-135.1529,-0.1990,-13.9472,687.7034,389.5032
12.232,0,0,heuristic,2.2868,19.1929,2.6638,-2.0774,1.4237,2.5184,-0.1970,2.2155,2.5000,-1.5865,2.0645,10.5497,-0.4483,3.0000,0.0000,2.0000,0,23.6757,678.5296,392.2807,535.4051,-143.1244,-0.1990,-13.6660,691.9965,378.4156
12.281,0,0,heuristic,2.1860,19.2570,2.6601,-2.0816,1.4061,2.5120,-0.2080,2.2114,2.5000,-1.5281,2.0645,10.4380,-0.4487,3.0000,0.0000,2.0000,0,23.6757,675.9933,383.5566,529.7749,-146.2183,-0.1300,-13.4565,689.3198,369.9701
12.331,0,0,heuristic,2.0793,19.3241,2.6506,-2.0756,1.3832,2.4943,-0.2087,2.2071,2.5000,-1.4660,2.0645,10.3205,-0.4436,3.0000,0.0000,2.0000,0,23.6757,646.2480,397.3561,521.8020,-124.4459,0.0618,-13.2096,659.5193,384.2083
12.381,0,0,heuristic,1.9790,19.3867,2.6427,-2.0785,1.3673,2.4879,-0.2223,2.2028,2.5000,-1.4073,2.0645,10.2107,-0.4399,3.0000,0.0000,2.0000,0,23.6757,667.0404,374.0505,520.5455,-146.4949,0.1304,-12.8393,680.0101,361.3417
12.431,0,0,heuristic,1.9790,19.3867,2.6366,-2.0785,1.3673,2.4879,-0.2440,2.2028,2.5000,-1.4073,2.0645,10.2107,-0.4338,3.0000,0.0000,2.0000,0,23.6757,688.9033,356.8463,522.8748,-166.0285,0.1304,-12.3560,701.3897,344.6207
12.481,0,0,heuristic,1.8729,19.4523,2.6262,-2.0711,1.3461,2.4701,-0.2348,2.1981,2.5000,-1.3450,2.0645,10.0951,-0.4280,3.0000,0.0000,2.0000,0,23.6757,692.5433,364.0522,528.2977,-164.2456,0.3232,-12.2184,705.0848,352.1570
12.531,0,0,heuristic,1.7731,19.5134,2.6219,-2.0725,1.3316,2.4634,-0.2380,2.1937,2.4968,-1.2861,2.0645,9.9872,-0.4282,3.0000,0.0000,2.0000,0,23.6757,692.5433,364.0522,528.2977,-164.2456,0.3609,-12.1028,705.0070,352.3103
12.581,0,0,heuristic,1.7731,19.5134,2.6131,-2.0725,1.3316,2.4634,-0.2487,2.1937,2.4968,-1.2861,2.0645,9.9872,-0.4195,3.0000,0.0000,2.0000,0,23.6757,685.3325,367.6881,526.5103,-158.8222,0.3609,-11.6841,697.3775,356.3649
12.632,0,0,heuristic,1.5681,19.6374,2.6017,-2.0655,1.2988,2.4400,-0.2675,2.1840,2.4418,-1.1643,2.0645,9.7674,-0.4177,3.0000,0.0000,2.0000,0,23.6757,653.4597,352.8040,503.1319,-150.3278,0.0204,-11.2115,664.6916,341.6130
12.681,0,0,heuristic,1.5681,19.6374,2.5947,-2.0655,1.2988,2.4400,-0.2810,2.1840,2.4418,-1.1643,2.0645,9.7674,-0.4107,3.0000,0.0000,2.0000,0,23.6757,667.7151,379.4289,523.5720,-144.1431,0.0204,-10.8117,678.5473,368.6376
12.731,0,0,heuristic,1.4629,19.7003,2.5827,-2.0572,1.2810,2.4234,-0.2752,2.1788,2.4139,-1.1014,2.0645,9.6555,-0.4038,3.0000,0.0000,2.0000,0,23.6757,679.8804,388.0247,533.9526,-145.9278,-0.1029,-10.5866,690.3642,377.3352
12.781,0,0,heuristic,1.3640,19.7591,2.5753,-2.0578,1.2697,2.4180,-0.2503,2.1739,2.3877,-1.0422,2.0645,9.5509,-0.4015,3.0000,0.0000,2.0000,0,23.6757,679.8804,388.0247,533.9526,-145.9278,-0.3275,-10.7655,690.3184,376.9318
12.832,0,0,heuristic,1.3640,19.7591,2.5653,-2.0578,1.2697,2.4180,-0.2620,2.1739,2.3877,-1.0422,2.0645,9.5509,-0.3915,3.0000,0.0000,2.0000,0,23.6757,674.9516,362.9484,518.9500,-156.0016,-0.3275,-10.2958,684.9200,352.3251
12.881,0,0,heuristic,1.2591,19.8211,2.5552,-2.0494,1.2543,2.4028,-0.2792,2.1684,2.3601,-0.9793,2.0645,9.4405,-0.3867,3.0000,0.0000,2.0000,0,23.6757,674.9516,362.9484,518.9500,-156.0016,-0.4612,-9.8262,684.3166,352.6610
12.931,0,0,heuristic,1.1604,19.8793,2.5474,-2.0511,1.2462,2.4000,-0.2755,2.1632,2.3342,-0.9199,2.0645,9.3369,-0.3842,3.0000,0.0000,2.0000,0,23.6757,651.7291,375.6990,513.7141,-138.0151,-0.7107,-9.7119,660.7304,365.2764
12.981,0,0,heuristic,1.0556,19.9409,2.5344,-2.0437,1.2336,2.3871,-0.2777,2.1575,2.3069,-0.8569,2.0645,9.2275,-0.3769,3.0000,0.0000,2.0000,0,23.6757,652.4598,361.4981,506.9790,-145.4809,-0.8668,-9.3603,660.9533,351.2710
13.031,0,0,heuristic,0.9570,19.9987,2.5238,-2.0458,1.2278,2.3859,-0.2812,2.1520,2.2812,-0.7974,2.0645,9.1249,-0.3718,3.0000,0.0000,2.0000,0,23.6757,677.1101,349.0674,513.0887,-164.0214,-1.1310,-9.0655,685.0447,338.8709
13.081,0,0,heuristic,0.9570,19.9987,2.5184,-2.0458,1.2278,2.3859,-0.2958,2.1520,2.2812,-0.7974,2.0645,9.1249,-0.3664,3.0000,0.0000,2.0000,0,23.6757,660.7695,347.2009,503.9852,-156.7843,-1.1310,-8.7039,668.3424,337.3660
13.131,0,0,heuristic,0.8525,20.0598,2.5049,-2.0385,1.2174,2.3744,-0.3048,2.1461,2.2541,-0.7344,2.0645,9.0166,-0.3588,3.0000,0.0000,2.0000,0,23.6757,661.2271,335.0706,498.1489,-163.0783,-1.2987,-8.2520,668.1804,325.5199
13.181,0,0,heuristic,0.7541,20.1173,2.4967,-2.0410,1.2135,2.3745,-0.2998,2.1403,2.2287,-0.6750,2.0645,8.9149,-0.3564,3.0000,0.0000,2.0000,0,23.6757,659.0527,347.4643,503.2585,-155.7942,-1.5740,-8.1539,665.6326,337.7365
13.231,0,0,heuristic,0.6498,20.1782,2.4828,-2.0339,1.2048,2.3640,-0.2998,2.1341,2.2019,-0.6120,2.0645,8.8076,-0.3488,3.0000,0.0000,2.0000,0,23.6757,653.3433,349.8219,501.5826,-151.7607,-1.7501,-7.8194,659.4126,340.2525
13.281,0,0,heuristic,0.5516,20.2354,2.4688,-2.0362,1.2024,2.3647,-0.2908,2.1280,2.1767,-0.5527,2.0645,8.7070,-0.3408,3.0000,0.0000,2.0000,0,23.6757,634.0330,365.0391,499.5361,-134.4970,-2.0301,-7.5995,639.6024,355.4096
13.331,0,0,heuristic,0.5516,20.2354,2.4632,-2.0362,1.2024,2.3647,-0.3045,2.1280,2.1767,-0.5527,2.0645,8.7070,-0.3351,3.0000,0.0000,2.0000,0,23.6757,625.7632,352.3855,489.0744,-136.6889,-2.0301,-7.2376,630.9708,343.1178
13.382,0,0,heuristic,0.4476,20.2962,2.4517,-2.0289,1.1955,2.3549,-0.3035,2.1215,2.1502,-0.4899,2.0645,8.6006,-0.3302,3.0000,0.0000,2.0000,0,23.6757,612.0264,343.4359,477.7311,-134.2953,-2.2116,-7.0012,616.8160,334.2230
13.431,0,0,heuristic,0.3499,20.3534,2.4403,-2.0305,1.1950,2.3561,-0.2935,2.1152,2.1252,-0.4309,2.0645,8.5008,-0.3250,3.0000,0.0000,2.0000,0,23.6757,605.2027,342.8126,474.0077,-131.1951,-2.4935,-6.8816,609.5908,333.4375
13.481,0,0,heuristic,0.3499,20.3534,2.4288,-2.0305,1.1950,2.3561,-0.2900,2.1152,2.1252,-0.4309,2.0645,8.5008,-0.3135,3.0000,0.0000,2.0000,0,23.6757,602.1737,328.6754,465.4246,-136.7491,-2.4935,-6.5698,606.2501,319.6121
13.531,0,0,heuristic,0.2465,20.4141,2.4173,-2.0219,1.1896,2.3459,-0.2940,2.1084,2.0989,-0.3687,2.0645,8.3955,-0.3088,3.0000,0.0000,2.0000,0,23.6757,602.1737,328.6754,465.4246,-136.7491,-2.6673,-6.2706,605.7770,319.7375
13.581,0,0,heuristic,0.1496,20.4713,2.4057,-2.0215,1.1899,2.3457,-0.3050,2.1019,2.0742,-0.3104,2.0645,8.2969,-0.3038,3.0000,0.0000,2.0000,0,23.6757,595.5666,314.8916,455.2291,-140.3375,-2.9316,-5.8743,598.5092,306.0856
13.631,0,0,heuristic,0.0473,20.5319,2.3913,-2.0107,1.1850,2.3339,-0.2978,2.0949,2.0483,-0.2490,2.0645,8.1931,-0.2964,3.0000,0.0000,2.0000,0,23.6757,575.4914,319.5839,447.5376,-127.9538,-3.0847,-5.6427,578.0494,310.8565
13.681,0,0,heuristic,-0.0486,20.5890,2.3827,-2.0082,1.1857,2.3321,-0.2980,2.0882,2.0240,-0.1916,2.0645,8.0959,-0.2945,3.0000,0.0000,2.0000,0,23.6757,586.8494,316.6128,451.7311,-135.1183,-3.3275,-5.4890,589.0109,307.7963
13.732,0,0,heuristic,-0.1497,20.6494,2.3682,-1.9953,1.1810,2.3186,-0.3015,2.0809,1.9984,-0.1312,2.0645,7.9936,-0.2873,3.0000,0.0000,2.0000,0,23.6757,569.7834,313.4415,441.6124,-128.1709,-3.4586,-5.1204,571.4451,304.8625
13.781,0,0,heuristic,-0.1497,20.6494,2.3596,-1.9953,1.1810,2.3186,-0.2990,2.0809,1.9984,-0.1312,2.0645,7.9936,-0.2786,3.0000,0.0000,2.0000,0,23.6757,552.9127,311.9209,432.4168,-120.4959,-3.4586,-4.8849,554.3390,303.5774
13.831,0,0,heuristic,-0.2444,20.7063,2.3480,-1.9908,1.1819,2.3152,-0.2828,2.0740,1.9745,-0.0748,2.0645,7.8978,-0.2740,3.0000,0.0000,2.0000,0,23.6757,549.5082,287.7531,418.6306,-130.8775,-3.6803,-4.8696,550.6974,279.2032
13.881,0,0,heuristic,-0.3442,20.7666,2.3336,-1.9763,1.1776,2.3005,-0.3065,2.0665,1.9493,-0.0156,2.0645,7.7971,-0.2671,3.0000,0.0000,2.0000,0,23.6757,545.2193,285.5472,415.3833,-129.8361,-3.7936,-4.2383,545.6640,277.5154
13.931,0,0,heuristic,-0.4375,20.8234,2.3250,-1.9698,1.1787,2.2955,-0.3035,2.0594,1.9257,0.0397,2.0645,7.7030,-0.2656,3.0000,0.0000,2.0000,0,23.6757,541.2553,292.2199,416.7376,-124.5177,-3.9934,-4.1453,541.4071,284.0812
13.982,0,0,heuristic,-0.5356,20.8836,2.3106,-1.9534,1.1742,2.2791,-0.3013,2.0517,1.9010,0.0976,2.0645,7.6040,-0.2589,3.0000,0.0000,2.0000,0,23.6757,542.9267,277.9734,410.4501,-132.4767,-4.0838,-3.8739,542.7168,270.0156
14.031,0,0,heuristic,-0.6274,20.9402,2.2963,-1.9452,1.1754,2.2727,-0.2985,2.0443,1.8779,0.1516,2.0645,7.5115,-0.2520,3.0000,0.0000,2.0000,0,23.6757,531.3062,279.7895,405.5479,-125.7583,-4.2644,-3.6083,530.6501,271.9168
14.082,0,0,heuristic,-0.6274,20.9402,2.2877,-1.9452,1.1754,2.2727,-0.2938,2.0443,1.8779,0.1516,2.0645,7.5115,-0.2434,3.0000,0.0000,2.0000,0,23.6757,533.3942,268.5541,400.9742,-132.4201,-4.2644,-3.4035,532.5333,260.8862
14.131,0,0,heuristic,-0.7240,21.0003,2.2735,-1.9277,1.1715,2.2558,-0.3138,2.0364,1.8536,0.2082,2.0645,7.4142,-0.2371,3.0000,0.0000,2.0000,0,23.6757,533.3942,268.5541,400.9742,-132.4201,-4.3441,-2.8467,531.8968,261.3632
14.181,0,0,heuristic,-0.8144,21.0570,2.2621,-1.9186,1.1735,2.2490,-0.2612,2.0289,1.8308,0.2609,2.0645,7.3232,-0.2332,3.0000,0.0000,2.0000,0,23.6757,525.3127,271.6215,398.4671,-126.8456,-4.5166,-3.3482,524.1442,263.7567
14.232,0,0,heuristic,-0.9095,21.1173,2.2507,-1.9005,1.1704,2.2320,-0.3065,2.0208,1.8068,0.3160,2.0645,7.2274,-0.2299,3.0000,0.0000,2.0000,0,23.6757,501.8990,273.2128,387.5559,-114.3431,-4.5921,-2.5501,499.8570,266.0707
14.281,0,0,heuristic,-0.9984,21.1742,2.2393,-1.8910,1.1735,2.2255,-0.2805,2.0130,1.7844,0.3674,2.0645,7.1377,-0.2263,3.0000,0.0000,2.0000,0,23.6757,503.8310,277.1400,390.4855,-113.3455,-4.7636,-2.7047,501.7721,269.6717
14.331,0,0,heuristic,-1.0919,21.2347,2.2250,-1.8725,1.1717,2.2089,-0.3030,2.0047,1.7608,0.4210,2.0645,7.0431,-0.2203,3.0000,0.0000,2.0000,0,23.6757,488.1251,276.4125,382.2688,-105.8563,-4.8401,-2.1328,485.4178,269.4396
14.381,0,0,heuristic,-1.1793,21.2920,2.2109,-1.8623,1.1762,2.2026,-0.2995,1.9968,1.7386,0.4709,2.0645,6.9546,-0.2142,3.0000,0.0000,2.0000,0,23.6757,490.1987,277.0292,383.6139,-106.5848,-5.0110,-1.9090,487.0967,270.1092
14.432,0,0,heuristic,-1.1793,21.2920,2.2024,-1.8623,1.1762,2.2026,-0.2747,1.9968,1.7386,0.4709,2.0645,6.9546,-0.2057,3.0000,0.0000,2.0000,0,23.6757,484.2069,265.7627,374.9848,-109.2221,-5.0110,-1.9767,481.1726,258.7750
14.481,0,0,heuristic,-1.2712,21.3531,2.1885,-1.8433,1.1759,2.1865,-0.3015,1.9882,1.7153,0.5228,2.0645,6.8612,-0.2002,3.0000,0.0000,2.0000,0,23.6757,471.7183,258.1617,364.9400,-106.7783,-5.0884,-1.3663,467.9962,251.7070
14.531,0,0,heuristic,-1.3571,21.4110,2.1773,-1.8324,1.1819,2.1805,-0.2725,1.9801,1.6934,0.5710,2.0645,6.7738,-0.1972,3.0000,0.0000,2.0000,0,23.6757,474.7074,239.4776,357.0925,-117.6149,-5.2601,-1.5881,471.0354,232.6294
14.581,0,0,heuristic,-1.4473,21.4727,2.1635,-1.8129,1.1827,2.1646,-0.2930,1.9714,1.6704,0.6212,2.0645,6.6815,-0.1921,3.0000,0.0000,2.0000,0,23.6757,461.0010,247.1054,354.0532,-106.9478,-5.3373,-1.0758,456.7396,240.6922
14.631,0,0,heuristic,-1.5315,21.5310,2.1526,-1.8011,1.1892,2.1583,-0.2838,1.9631,1.6488,0.6677,2.0645,6.5952,-0.1895,3.0000,0.0000,2.0000,0,23.6757,466.7396,245.2988,356.0192,-110.7204,-5.5027,-1.0463,462.2832,238.7498
14.681,0,0,heuristic,-1.6199,21.5931,2.1390,-1.7808,1.1901,2.1419,-0.2913,1.9542,1.6261,0.7161,2.0645,6.5043,-0.1848,3.0000,0.0000,2.0000,0,23.6757,448.2662,236.9313,342.5987,-105.6674,-5.5710,-0.7260,443.4212,230.6343
14.731,0,0,heuristic,-1.7023,21.6518,2.1281,-1.7682,1.1968,2.1351,-0.2923,1.9457,1.6048,0.7609,2.0645,6.4192,-0.1824,3.0000,0.0000,2.0000,0,23.6757,444.5018,237.0933,340.7976,-103.7042,-5.7274,-0.5719,439.3463,230.7940
14.781,0,0,heuristic,-1.7888,21.7143,2.1146,-1.7472,1.1979,2.1184,-0.2680,1.9366,1.5824,0.8074,2.0645,6.3296,-0.1780,3.0000,0.0000,2.0000,0,23.6757,443.9410,236.8464,340.3937,-103.5473,-5.7886,-0.6908,438.8431,230.3670
14.831,0,0,heuristic,-1.8694,21.7735,2.1013,-1.7335,1.2046,2.1110,-0.2760,1.9279,1.5615,0.8504,2.0645,6.2459,-0.1733,3.0000,0.0000,2.0000,0,23.6757,446.9181,222.6663,334.7922,-112.1259,-5.9346,-0.3735,441.3571,216.3582
14.882,0,0,heuristic,-1.8694,21.7735,2.0960,-1.7335,1.2046,2.1110,-0.2657,1.9279,1.5615,0.8504,2.0645,6.2459,-0.1680,3.0000,0.0000,2.0000,0,23.6757,443.7434,240.2128,341.9781,-101.7653,-5.9346,-0.3451,438.1540,233.9331
14.931,0,0,heuristic,-1.9539,21.8364,2.0827,-1.7117,1.2057,2.0937,-0.2672,1.9187,1.5394,0.8949,2.0645,6.1576,-0.1640,3.0000,0.0000,2.0000,0,23.6757,427.7083,216.5738,322.1411,-105.5673,-5.9867,-0.1344,421.8561,210.4527
14.981,0,0,heuristic,-2.0326,21.8959,2.0695,-1.6974,1.2125,2.0860,-0.2612,1.9098,1.5188,0.9361,2.0645,6.0751,-0.1597,3.0000,0.0000,2.0000,0,23.6757,405.4113,214.5885,309.9999,-95.4114,-6.1258,-0.0208,399.3062,208.4418
15.031,0,0,heuristic,-2.1151,21.9593,2.0590,-1.6753,1.2138,2.0688,-0.2612,1.9003,1.4970,0.9787,2.0645,5.9882,-0.1587,3.0000,0.0000,2.0000,0,23.6757,419.3642,207.8783,313.6212,-105.7429,-6.1747,0.0725,413.1169,201.7762
15.082,0,0,heuristic,-2.1919,22.0191,2.0486,-1.6601,1.2203,2.0604,-0.2782,1.8913,1.4767,1.0179,2.0645,5.9069,-0.1573,3.0000,0.0000,2.0000,0,23.6757,416.0154,201.2623,308.6388,-107.3765,-6.3038,0.4015,409.3101,195.3599
15.132,0,0,heuristic,-2.1919,22.0191,2.0382,-1.6601,1.2203,2.0604,-0.2717,1.8913,1.4767,1.0179,2.0645,5.9069,-0.1469,3.0000,0.0000,2.0000,0,23.6757,411.2521,212.2426,311.7473,-99.5048,-6.3038,0.6378,404.3105,206.5765
15.181,0,0,heuristic,-2.2723,22.0827,2.0279,-1.6372,1.2209,2.0423,-0.2750,1.8817,1.4554,1.0586,2.0645,5.8215,-0.1462,3.0000,0.0000,2.0000,0,23.6757,412.7146,221.1498,316.9322,-95.7824,-6.3387,0.7600,405.6158,215.5711
15.231,0,0,heuristic,-2.3471,22.1428,2.0176,-1.6214,1.2270,2.0333,-0.2667,1.8725,1.4354,1.0960,2.0645,5.7417,-0.1452,3.0000,0.0000,2.0000,0,23.6757,396.7975,206.7695,301.7835,-95.0140,-6.4572,0.7356,389.6047,201.0479
15.281,0,0,heuristic,-2.4254,22.2067,2.0023,-1.5982,1.2276,2.0153,-0.2587,1.8626,1.4144,1.1346,2.0645,5.6576,-0.1397,3.0000,0.0000,2.0000,0,23.6757,388.8171,205.9535,297.3853,-91.4318,-6.4895,0.8527,381.4749,200.3167
15.332,0,0,heuristic,-2.4982,22.2673,1.9922,-1.5822,1.2344,2.0068,-0.2533,1.8532,1.3947,1.1701,2.0645,5.5789,-0.1389,3.0000,0.0000,2.0000,0,23.6757,389.4651,201.5249,295.4950,-93.9701,-6.6101,0.8514,382.0036,195.7662
15.381,0,0,heuristic,-2.5745,22.3318,1.9795,-1.5590,1.2355,1.9892,-0.2612,1.8432,1.3740,1.2066,2.0645,5.4960,-0.1364,3.0000,0.0000,2.0000,0,23.6757,376.2827,187.8688,282.0757,-94.2070,-6.6439,1.0890,368.5498,182.3139
15.432,0,0,heuristic,-2.6453,22.3927,1.9721,-1.5425,1.2424,1.9806,-0.2535,1.8336,1.3546,1.2402,2.0645,5.4185,-0.1385,3.0000,0.0000,2.0000,0,23.6757,365.2615,194.7355,279.9985,-85.2630,-6.7606,0.9648,357.5360,188.9397
15.481,0,0,heuristic,-2.6453,22.3927,1.9621,-1.5425,1.2424,1.9806,-0.2570,1.8336,1.3546,1.2402,2.0645,5.4185,-0.1285,3.0000,0.0000,2.0000,0,23.6757,368.7663,197.0706,282.9184,-85.8479,-6.7606,1.3220,360.6837,191.6319
15.531,0,0,heuristic,-2.7194,22.4575,1.9523,-1.5190,1.2433,1.9629,-0.2647,1.8233,1.3342,1.2747,2.0645,5.3369,-0.1289,3.0000,0.0000,2.0000,0,23.6757,368.5545,191.5807,280.0676,-88.4869,-6.7897,1.4608,360.3039,186.2518
15.581,0,0,heuristic,-2.7882,22.5188,1.9425,-1.5019,1.2497,1.9538,-0.2565,1.8136,1.3152,1.3062,2.0645,5.2607,-0.1289,3.0000,0.0000,2.0000,0,23.6757,372.7342,171.8038,272.2690,-100.4652,-6.8976,1.3933,364.4433,166.2996
15.631,0,0,heuristic,-2.8601,22.5839,1.9328,-1.4780,1.2503,1.9359,-0.2647,1.8031,1.2951,1.3387,2.0645,5.1805,-0.1296,3.0000,0.0000,2.0000,0,23.6757,372.7342,171.8038,272.2690,-100.4652,-6.9204,1.5243,364.2895,166.4078
15.681,0,0,heuristic,-2.9269,22.6454,1.9183,-1.4606,1.2566,1.9267,-0.2500,1.7932,1.2764,1.3683,2.0645,5.1055,-0.1251,3.0000,0.0000,2.0000,0,23.6757,364.2691,162.7411,263.5051,-100.7640,-7.0239,1.5055,355.7397,157.2227
15.731,0,0,heuristic,-2.9967,22.7108,1.9087,-1.4368,1.2568,1.9089,-0.2567,1.7825,1.2567,1.3988,2.0645,5.0266,-0.1262,3.0000,0.0000,2.0000,0,23.6757,364.6066,160.6739,262.6403,-101.9663,-7.0443,1.6021,355.9602,155.2318
15.781,0,0,heuristic,-3.0615,22.7725,1.8992,-1.4195,1.2625,1.8997,-0.2528,1.7724,1.2382,1.4266,2.0645,4.9529,-0.1268,3.0000,0.0000,2.0000,0,23.6757,352.0724,164.1178,258.0951,-93.9773,-7.1438,1.5652,343.3634,158.5393
15.831,0,0,heuristic,-3.0615,22.7725,1.8896,-1.4195,1.2625,1.8997,-0.2562,1.7724,1.2382,1.4266,2.0645,4.9529,-0.1173,3.0000,0.0000,2.0000,0,23.6757,346.3359,168.4100,257.3730,-88.9630,-7.1438,1.9101,337.2821,163.1763
15.881,0,0,heuristic,-3.1291,22.8381,1.8777,-1.3959,1.2621,1.8818,-0.2358,1.7614,1.2189,1.4551,2.0645,4.8755,-0.1162,3.0000,0.0000,2.0000,0,23.6757,336.0338,169.6893,252.8616,-83.1723,-7.1598,1.7031,327.1708,164.2326
15.931,0,0,heuristic,-3.1919,22.8999,1.8682,-1.3784,1.2672,1.8724,-0.2465,1.7510,1.2008,1.4811,2.0645,4.8031,-0.1171,3.0000,0.0000,2.0000,0,23.6757,336.0338,169.6893,252.8616,-83.1723,-7.2530,1.8523,326.9285,164.2886
15.981,0,0,heuristic,-3.2575,22.9655,1.8587,-1.3547,1.2662,1.8544,-0.2447,1.7399,1.1818,1.5077,2.0645,4.7271,-0.1188,3.0000,0.0000,2.0000,0,23.6757,331.7042,172.1979,251.9510,-79.7532,-7.2640,1.8092,322.6309,166.7431
16.032,0,0,heuristic,-3.3182,23.0274,1.8470,-1.3369,1.2710,1.8447,-0.2298,1.7293,1.1640,1.5319,2.0645,4.6561,-0.1178,3.0000,0.0000,2.0000,0,23.6757,341.1104,162.7855,251.9479,-89.1624,-7.3514,1.6713,332.0877,157.1054
16.081,0,0,heuristic,-3.3816,23.0932,1.8377,-1.3132,1.2699,1.8268,-0.2388,1.7179,1.1454,1.5565,2.0645,4.5814,-0.1199,3.0000,0.0000,2.0000,0,23.6757,348.7654,158.4685,253.6170,-95.1484,-7.3596,1.7577,339.6481,152.8667
16.131,0,0,heuristic,-3.4403,23.1554,1.8262,-1.2953,1.2748,1.8174,-0.2562,1.7070,1.1279,1.5788,2.0645,4.5116,-0.1192,3.0000,0.0000,2.0000,0,23.6757,348.7654,158.4685,253.6170,-95.1484,-7.4461,2.0424,339.2768,153.0648
16.182,0,0,heuristic,-3.4403,23.1554,1.8193,-1.2953,1.2748,1.8174,-0.2363,1.7070,1.1279,1.5788,2.0645,4.5116,-0.1123,3.0000,0.0000,2.0000,0,23.6757,345.0524,154.7935,249.9230,-95.1295,-7.4461,1.9875,335.6188,149.3348
16.231,0,0,heuristic,-3.5016,23.2214,1.8079,-1.2719,1.2740,1.8002,-0.2435,1.6954,1.1250,1.6014,2.0645,4.4381,-0.1125,3.0000,0.0000,2.0000,0,23.6757,338.7023,154.4381,246.5702,-92.1321,-7.2921,2.1064,329.3038,149.2525
16.281,0,0,heuristic,-3.5584,23.2839,1.8033,-1.2544,1.2795,1.7918,-0.2345,1.6842,1.1250,1.6219,2.0645,4.3693,-0.1191,3.0000,0.0000,2.0000,0,23.6757,339.0354,147.4995,243.2675,-95.7679,-7.2014,1.8053,330.0287,142.1034
16.331,0,0,heuristic,-3.6177,23.3504,1.7920,-1.2316,1.2793,1.7758,-0.2430,1.6723,1.1250,1.6426,2.0645,4.2969,-0.1197,3.0000,0.0000,2.0000,0,23.6757,330.5264,138.2782,234.4023,-96.1241,-7.0291,1.9253,321.5720,133.1744
16.381,0,0,heuristic,-3.6728,23.4133,1.7829,-1.2145,1.2854,1.7684,-0.2345,1.6608,1.1250,1.6612,2.0645,4.2290,-0.1220,3.0000,0.0000,2.0000,0,23.6757,338.3660,138.9071,238.6365,-99.7294,-6.9485,1.7600,329.6574,133.7185
16.431,0,0,heuristic,-3.6728,23.4133,1.7760,-1.2145,1.2854,1.7684,-0.2238,1.6608,1.1250,1.6612,2.0645,4.2290,-0.1152,3.0000,0.0000,2.0000,0,23.6757,334.4973,147.7639,241.1306,-93.3667,-6.9485,1.8287,325.7201,142.6440
16.481,0,0,heuristic,-3.7301,23.4801,1.7647,-1.1923,1.2854,1.7532,-0.2385,1.6485,1.1250,1.6801,2.0645,4.1576,-0.1162,3.0000,0.0000,2.0000,0,23.6757,323.2895,142.1749,232.7322,-90.5573,-6.7851,2.0183,314.4861,137.4081
16.531,0,0,heuristic,-3.7834,23.5433,1.7602,-1.1756,1.2916,1.7465,-0.2208,1.6368,1.1250,1.6970,2.0645,4.0908,-0.1234,3.0000,0.0000,2.0000,0,23.6757,324.6509,141.8365,233.2437,-91.4072,-6.7118,1.5740,316.3652,136.6986
16.581,0,0,heuristic,-3.7834,23.5433,1.7511,-1.1756,1.2916,1.7465,-0.2238,1.6368,1.1250,1.6970,2.0645,4.0908,-0.1144,3.0000,0.0000,2.0000,0,23.6757,322.1887,147.7316,234.9602,-87.2286,-6.7118,1.8970,313.5800,142.9167
16.632,0,0,heuristic,-3.8388,23.6105,1.7398,-1.1538,1.2918,1.7321,-0.2410,1.6241,1.1250,1.7140,2.0645,4.0204,-0.1157,3.0000,0.0000,2.0000,0,23.6757,322.9949,145.1730,234.0840,-88.9109,-6.5563,2.1073,314.3313,140.7241
16.681,0,0,heuristic,-3.8902,23.6741,1.7331,-1.1371,1.2981,1.7258,-0.2335,1.6120,1.1250,1.7291,2.0645,3.9545,-0.1211,3.0000,0.0000,2.0000,0,23.6757,320.0070,152.6230,236.3150,-83.6920,-6.4883,1.8564,311.6624,147.9911
16.731,0,0,heuristic,-3.9437,23.7416,1.7218,-1.1156,1.2985,1.7119,-0.2368,1.5989,1.1250,1.7442,2.0645,3.8851,-0.1229,3.0000,0.0000,2.0000,0,23.6757,303.4545,157.8506,230.6525,-72.8019,-6.3385,1.8624,295.2536,153.3746
16.781,0,0,heuristic,-3.9933,23.8056,1.7151,-1.0989,1.3051,1.7061,-0.2388,1.5864,1.1250,1.7576,2.0645,3.8201,-0.1287,3.0000,0.0000,2.0000,0,23.6757,307.2431,155.1451,231.1941,-76.0490,-6.2762,1.7239,299.2429,150.5928
16.831,0,0,heuristic,-3.9933,23.8056,1.7084,-1.0989,1.3051,1.7061,-0.2135,1.5864,1.1250,1.7576,2.0645,3.8201,-0.1219,3.0000,0.0000,2.0000,0,23.6757,304.3318,152.5068,228.4193,-75.9125,-6.2762,1.5946,296.4610,147.8251
16.882,0,0,heuristic,-4.0448,23.8736,1.6973,-1.0774,1.3057,1.6928,-0.2263,1.5730,1.1250,1.7707,2.0645,3.7516,-0.1243,3.0000,0.0000,2.0000,0,23.6757,307.3213,128.4996,217.9105,-89.4109,-6.1324,1.7066,299.4823,124.0737
16.931,0,0,heuristic,-4.0925,23.9379,1.6929,-1.0604,1.3124,1.6873,-0.2230,1.5601,1.1250,1.7822,2.0645,3.6875,-0.1328,3.0000,0.0000,2.0000,0,23.6757,310.9841,141.1611,226.0726,-84.9115,-6.0730,1.4117,303.4994,136.4999
16.981,0,0,heuristic,-4.1420,24.0062,1.6819,-1.0389,1.3127,1.6741,-0.2223,1.5462,1.1250,1.7935,2.0645,3.6201,-0.1357,3.0000,0.0000,2.0000,0,23.6757,319.4932,152.2292,235.8612,-83.6320,-5.9298,1.3240,312.2395,147.6233
17.031,0,0,heuristic,-4.1878,24.0707,1.6710,-1.0220,1.3188,1.6685,-0.2315,1.5329,1.1250,1.8032,2.0645,3.5571,-0.1381,3.0000,0.0000,2.0000,0,23.6757,318.8417,150.9244,234.8831,-83.9586,-5.8696,1.3828,311.5893,146.4376
17.081,0,0,heuristic,-4.1878,24.0707,1.6667,-1.0220,1.3188,1.6685,-0.2270,1.5329,1.1250,1.8032,2.0645,3.5571,-0.1338,3.0000,0.0000,2.0000,0,23.6757,312.9839,151.1532,232.0686,-80.9153,-5.8696,1.4578,305.6565,146.7414
17.131,0,0,heuristic,-4.2355,24.1393,1.6558,-1.0008,1.3191,1.6558,-0.2457,1.5185,1.1250,1.8126,2.0645,3.4906,-0.1373,3.0000,0.0000,2.0000,0,23.6757,321.1662,145.3609,233.2635,-87.9027,-5.7329,1.6100,313.8234,141.2380
17.181,0,0,heuristic,-4.2795,24.2043,1.6494,-0.9841,1.3260,1.6513,-0.2085,1.5047,1.1250,1.8206,2.0645,3.4284,-0.1447,3.0000,0.0000,2.0000,0,23.6757,315.4305,155.6235,235.5270,-79.9035,-5.6841,0.8881,308.8583,150.8274
17.231,0,0,heuristic,-4.3253,24.2735,1.6386,-0.9634,1.3271,1.6399,-0.2240,1.4897,1.1250,1.8281,2.0645,3.3627,-0.1489,3.0000,0.0000,2.0000,0,23.6757,314.6449,161.7939,238.2194,-76.4255,-5.5605,0.9743,308.1101,157.2077
17.281,0,0,heuristic,-4.3253,24.2735,1.6323,-0.9634,1.3271,1.6399,-0.2198,1.4897,1.1250,1.8281,2.0645,3.3627,-0.1425,3.0000,0.0000,2.0000,0,23.6757,307.7879,156.7529,232.2704,-75.5175,-5.5605,1.1165,301.1109,152.3089
17.331,0,0,heuristic,-4.3675,24.3391,1.6237,-0.9469,1.3348,1.6365,-0.2225,1.4754,1.1250,1.8343,2.0645,3.3011,-0.1484,3.0000,0.0000,2.0000,0,23.6757,296.3836,164.8241,230.6038,-65.7798,-5.5246,0.9779,289.8811,160.2774
17.381,0,0,heuristic,-4.4114,24.4090,1.6131,-0.9263,1.3368,1.6264,-0.2180,1.4598,1.1250,1.8398,2.0645,3.2361,-0.1533,3.0000,0.0000,2.0000,0,23.6757,294.2525,163.6617,228.9571,-65.2954,-5.4148,0.7695,288.0682,159.0164
17.431,0,0,heuristic,-4.4519,24.4752,1.6068,-0.9097,1.3454,1.6241,-0.2053,1.4448,1.1250,1.8441,2.0645,3.1751,-0.1620,3.0000,0.0000,2.0000,0,23.6757,288.7173,148.7056,218.7115,-70.0059,-5.3903,0.3316,282.9955,143.6469
17.481,0,0,heuristic,-4.4939,24.5458,1.5964,-0.8891,1.3478,1.6147,-0.2233,1.4286,1.1250,1.8476,2.0645,3.1108,-0.1678,3.0000,0.0000,2.0000,0,23.6757,285.9402,158.5088,222.2245,-63.7157,-5.2887,0.3974,280.2541,153.6174
17.531,0,0,heuristic,-4.5325,24.6126,1.5861,-0.8724,1.3565,1.6128,-0.2165,1.4129,1.1250,1.8500,2.0645,3.0505,-0.1731,3.0000,0.0000,2.0000,0,23.6757,285.9402,158.5088,222.2245,-63.7157,-5.2678,0.1422,280.5301,153.3832
17.581,0,0,heuristic,-4.5325,24.6126,1.5820,-0.8724,1.3565,1.6128,-0.2150,1.4129,1.1250,1.8500,2.0645,3.0505,-0.1690,3.0000,0.0000,2.0000,0,23.6757,293.5515,141.8512,217.7013,-75.8501,-5.2678,0.2498,288.0338,136.8332
17.631,0,0,heuristic,-4.5726,24.6837,1.5718,-0.8518,1.3585,1.6035,-0.2132,1.3960,0.0000,1.8515,2.0645,2.9870,-0.1758,3.0000,0.0000,2.0000,0,23.6757,293.7627,130.5168,212.1398,-81.6229,-17.3177,0.0158,276.4291,113.2150
17.681,0,0,heuristic,-4.6094,24.7509,1.5658,-0.8349,1.3668,1.6016,-0.2082,1.3796,0.0000,1.8521,2.0645,2.9277,-0.1862,3.0000,0.0000,2.0000,0,23.6757,0.0000,0.0000,0.0000,0.0000,-17.2977,-0.3743,-16.9233,-17.6720
17.731,0,0,heuristic,-4.6094,24.7509,1.5578,-0.8349,1.3668,1.6016,-0.2245,1.3796,0.0000,1.8521,2.0645,2.9277,-0.1782,3.0000,0.0012,2.0000,0,23.6757,0.0000,0.0000,0.0000,0.0000,-17.2977,0.0936,-17.3913,-17.2040
17.781,0,0,heuristic,-4.6821,24.8875,1.5460,-0.7958,1.3664,1.5812,-0.1985,1.3449,0.0000,1.8514,2.0645,2.8090,-0.2010,3.0000,0.0012,2.0000,0,23.6757,0.0000,0.0000,0.0000,0.0000,-17.0771,-0.9691,-16.1080,-18.0462
17.831,0,0,heuristic,-4.6821,24.8875,1.5421,-0.7958,1.3664,1.5812,-0.1968,1.3449,0.0000,1.8514,2.0645,2.8090,-0.1972,3.0000,0.0995,2.0000,0,23.6757,0.0000,0.0000,0.0000,0.0000,-17.0771,-0.8727,-16.2044,-17.9497
17.882,0,0,heuristic,-4.7178,24.9540,1.5328,-0.7741,1.3489,1.5552,-0.1870,1.3269,0.0000,1.8513,2.0645,2.7527,-0.2059,3.0000,0.0995,2.0000,0,23.6757,0.0000,0.0000,0.0000,0.0000,-16.7967,-1.2756,-15.5211,-18.0723
17.931,0,0,heuristic,-4.7508,25.0140,1.5274,-0.7565,1.3291,1.5294,-0.1963,1.3097,0.0000,1.8519,2.0645,2.7028,-0.2177,3.0000,0.1995,2.0000,0,23.6757,0.0000,0.0000,0.0000,0.0000,-16.5170,-1.5195,-14.9975,-18.0365
17.981,0,0,heuristic,-4.7850,25.0746,1.5188,-0.7368,1.2964,1.4912,-0.1648,1.2913,0.0000,1.8533,2.0645,2.6535,-0.2274,3.0000,0.1995,2.0000,0,23.6757,0.0000,0.0000,0.0000,0.0000,-16.1046,-2.2439,-13.8607,-18.3485
18.031,0,0,heuristic,-4.8165,25.1289,1.5106,-0.7207,1.2635,1.4546,-0.1525,1.2740,0.0000,1.8553,2.0645,2.6104,-0.2366,3.0000,0.2994,2.0000,0,23.6757,0.0000,0.0000,0.0000,0.0000,-15.7093,-2.6924,-13.0169,-18.4017
18.081,0,0,heuristic,-4.8165,25.1289,1.5059,-0.7207,1.2635,1.4546,-0.1370,1.2740,0.0000,1.8553,2.0645,2.6104,-0.2319,3.0000,0.2994,2.0000,0,23.6757,0.0000,0.0000,0.0000,0.0000,-15.7093,-2.7531,-12.9562,-18.4624
18.131,0,0,heuristic,-4.8490,25.1834,1.4983,-0.7016,1.2204,1.4077,-0.1235,1.2557,0.0000,1.8581,2.0645,2.5682,-0.2427,3.0000,0.4001,2.0000,0,23.6757,0.0000,0.0000,0.0000,0.0000,-15.2031,-3.2686,-11.9346,-18.4717
18.181,0,0,heuristic,-4.8788,25.2319,1.4940,-0.6854,1.1785,1.3633,-0.1413,1.2385,0.0000,1.8613,2.0645,2.5317,-0.2555,3.0000,0.4001,2.0000,0,23.6757,0.0000,0.0000,0.0000,0.0000,-14.7236,-3.4250,-11.2987,-18.1486
18.231,0,0,heuristic,-4.9094,25.2804,1.4871,-0.6659,1.1291,1.3109,-0.1275,1.2206,0.0000,1.8653,2.0645,2.4963,-0.2665,3.0000,0.4998,2.0000,0,23.6757,0.0000,0.0000,0.0000,0.0000,-14.1576,-3.9484,-10.2092,-18.1060
18.282,0,0,heuristic,-4.9373,25.3235,1.4818,-0.6492,1.0828,1.2625,-0.1235,1.2040,0.0000,1.8695,2.0645,2.4657,-0.2778,3.0000,0.4998,2.0000,0,23.6757,0.0000,0.0000,0.0000,0.0000,-13.6353,-4.3512,-9.2841,-17.9864
18.331,0,0,heuristic,-4.9373,25.3235,1.4767,-0.6492,1.0828,1.2625,-0.1298,1.2040,0.0000,1.8695,2.0645,2.4657,-0.2727,3.0000,0.5999,2.0000,0,23.6757,0.0000,0.0000,0.0000,0.0000,-13.6353,-4.1081,-9.5271,-17.7434
18.381,0,0,heuristic,-4.9661,25.3666,1.4706,-0.6300,1.0322,1.2093,-0.1260,1.1866,0.0000,1.8744,2.0645,2.4361,-0.2839,3.0000,0.5999,2.0000,0,23.6757,0.0000,0.0000,0.0000,0.0000,-13.0601,-4.5044,-8.5558,-17.5645
18.431,0,0,heuristic,-4.9925,25.4053,1.4647,-0.6142,0.9867,1.1622,-0.1232,1.1704,0.0000,1.8794,2.0645,2.4105,-0.2943,3.0000,0.6995,2.0000,0,23.6757,0.0000,0.0000,0.0000,0.0000,-12.5521,-4.8592,-7.6929,-17.4114
18.482,0,0,heuristic,-5.0200,25.4443,1.4592,-0.5969,0.9397,1.1132,-0.0995,1.1535,0.0000,1.8850,2.0645,2.3856,-0.3057,3.0000,0.6995,2.0000,0,23.6757,0.0000,0.0000,0.0000,0.0000,-12.0228,-5.5280,-6.4948,-17.5508
18.531,0,0,heuristic,-5.0454,25.4798,1.4560,-0.5834,0.8993,1.0719,-0.1135,1.1376,0.0000,1.8906,2.0645,2.3638,-0.3184,3.0000,0.7999,2.0000,0,23.6757,0.0000,0.0000,0.0000,0.0000,-11.5770,-5.7296,-5.8474,-17.3066
18.581,0,0,heuristic,-5.0718,25.5161,1.4498,-0.5685,0.8591,1.0301,-0.1153,1.1208,0.0000,1.8967,2.0645,2.3423,-0.3290,3.0000,0.7999,2.0000,0,23.6757,0.0000,0.0000,0.0000,0.0000,-11.1253,-6.0290,-5.0963,-17.1543
18.632,0,0,heuristic,-5.0963,25.5493,1.4468,-0.5567,0.8258,0.9959,-0.0988,1.1051,0.0000,1.9025,2.0645,2.3233,-0.3417,3.0000,0.8994,2.0000,0,23.6757,0.0000,0.0000,0.0000,0.0000,-10.7561,-6.6411,-4.1151,-17.3972
18.681,0,0,heuristic,-5.1216,25.5837,1.4420,-0.5428,0.7928,0.9608,-0.0938,1.0886,0.0000,1.9085,2.0645,2.3043,-0.3534,3.0000,0.8994,2.0000,0,23.6757,0.0000,0.0000,0.0000,0.0000,-10.3771,-7.0674,-3.3097,-17.4445
18.731,0,0,heuristic,-5.1449,25.6153,1.4383,-0.5310,0.7659,0.9320,-0.1052,1.0732,0.0000,1.9140,2.0645,2.2873,-0.3651,3.0000,1.0000,2.0000,0,23.6757,0.0000,0.0000,0.0000,0.0000,-10.0658,-7.2716,-2.7943,-17.3374
18.781,0,0,heuristic,-5.1687,25.6479,1.4329,-0.5165,0.7384,0.9011,-0.0990,1.0571,0.0000,1.9195,2.0645,2.2703,-0.3758,3.0000,1.0000,2.0000,0,23.6757,0.0000,0.0000,0.0000,0.0000,-9.7322,-7.6844,-2.0478,-17.4165
18.832,0,0,heuristic,-5.1687,25.6479,1.4303,-0.5165,0.7384,0.9011,-0.0850,1.0571,0.0000,1.9195,2.0645,2.2703,-0.3732,3.0000,1.0997,2.0000,0,23.6757,0.0000,0.0000,0.0000,0.0000,-9.7322,-7.7912,-1.9410,-17.5234
18.881,0,0,heuristic,-5.1904,25.6779,1.4261,-0.5038,0.7155,0.8751,-0.0943,1.0421,0.0000,1.9244,2.0645,2.2551,-0.3840,3.0000,1.0997,2.0000,0,23.6757,0.0000,0.0000,0.0000,0.0000,-9.4514,-7.9963,-1.4551,-17.4477
18.931,0,0,heuristic,-5.2128,25.7087,1.4220,-0.4889,0.6908,0.8464,-0.0960,1.0266,0.0000,1.9295,2.0645,2.2401,-0.3954,3.0000,1.1996,2.0000,0,23.6757,0.0000,0.0000,0.0000,0.0000,-9.1408,-8.3250,-0.8158,-17.4657
18.981,0,0,heuristic,-5.2332,25.7367,1.4181,-0.4765,0.6695,0.8218,-0.1008,1.0122,0.0000,1.9342,2.0645,2.2269,-0.4059,3.0000,1.1996,2.0000,0,23.6757,0.0000,0.0000,0.0000,0.0000,-8.8749,-8.5824,-0.2925,-17.4573
19.031,0,0,heuristic,-5.2545,25.7653,1.4150,-0.4629,0.6456,0.7944,-0.0830,0.9972,0.0000,1.9394,2.0645,2.2142,-0.4178,3.0000,1.2996,2.0000,0,23.6757,0.0000,0.0000,0.0000,0.0000,-8.5796,-9.1874,0.6078,-17.7670
19.082,0,0,heuristic,-5.2742,25.7912,1.4120,-0.4523,0.6243,0.7710,-0.0932,0.9833,0.0000,1.9445,2.0645,2.2033,-0.4287,3.0000,1.2996,2.0000,0,23.6757,0.0000,0.0000,0.0000,0.0000,-8.3263,-9.3840,1.0577,-17.7103
19.131,0,0,heuristic,-5.2948,25.8175,1.4084,-0.4411,0.6004,0.7450,-0.0693,0.9689,0.0000,1.9502,2.0645,2.1931,-0.4395,3.0000,1.3994,2.0000,0,23.6757,0.0000,0.0000,0.0000,0.0000,-8.0465,-10.0378,1.9913,-18.0843
19.181,0,0,heuristic,-5.3139,25.8411,1.4063,-0.4328,0.5790,0.7229,-0.0843,0.9555,0.0000,1.9558,2.0645,2.1847,-0.4508,3.0000,1.3994,2.0000,0,23.6757,0.0000,0.0000,0.0000,0.0000,-7.8068,-10.1810,2.3742,-17.9877
19.231,0,0,heuristic,-5.3340,25.8651,1.4028,-0.4232,0.5555,0.6983,-0.0665,0.9417,0.0000,1.9621,2.0645,2.1768,-0.4611,3.0000,1.4993,2.0000,0,23.6757,0.0000,0.0000,0.0000,0.0000,-7.5417,-10.7368,3.1951,-18.2785
19.281,0,0,heuristic,-5.3340,25.8651,1.4001,-0.4232,0.5555,0.6983,-0.0737,0.9417,0.0000,1.9621,2.0645,2.1768,-0.4584,3.0000,1.4993,2.0000,0,23.6757,0.0000,0.0000,0.0000,0.0000,-7.5417,-10.5545,3.0128,-18.0963
19.331,0,0,heuristic,-5.3524,25.8868,1.3974,-0.4156,0.5347,0.6772,-0.0798,0.9289,0.0000,1.9681,2.0645,2.1704,-0.4685,3.0000,1.5999,2.0000,0,23.6757,0.0000,0.0000,0.0000,0.0000,-7.3138,-10.7826,3.4688,-18.0964
19.381,0,0,heuristic,-5.3716,25.9089,1.3942,-0.4060,0.5127,0.6540,-0.0537,0.9157,0.0000,1.9745,2.0645,2.1643,-0.4785,3.0000,1.5999,2.0000,0,23.6757,0.0000,0.0000,0.0000,0.0000,-7.0630,-11.4350,4.3721,-18.4980
19.431,0,0,heuristic,-5.3891,25.9290,1.3916,-0.3979,0.4938,0.6342,-0.0725,0.9036,0.0000,1.9804,2.0645,2.1593,-0.4880,3.0000,1.6998,2.0000,0,23.6757,0.0000,0.0000,0.0000,0.0000,-6.8490,-11.4746,4.6256,-18.3236
19.481,0,0,heuristic,-5.4072,25.9496,1.3878,-0.3878,0.4744,0.6128,-0.0747,0.8911,0.0000,1.9865,2.0645,2.1544,-0.4968,3.0000,1.6998,2.0000,0,23.6757,0.0000,0.0000,0.0000,0.0000,-6.6178,-11.7110,5.0932,-18.3288
19.531,0,0,heuristic,-5.4238,25.9686,1.3854,-0.3794,0.4585,0.5951,-0.0730,0.8795,0.0000,1.9922,2.0645,2.1502,-0.5058,3.0000,1.7997,2.0000,0,23.6757,0.0000,0.0000,0.0000,0.0000,-6.4273,-12.0119,5.5846,-18.4392
19.581,0,0,heuristic,-5.4409,25.9882,1.3829,-0.3695,0.4425,0.5765,-0.0772,0.8675,0.0000,1.9980,2.0645,2.1462,-0.5154,3.0000,1.7997,2.0000,0,23.6757,0.0000,0.0000,0.0000,0.0000,-6.2261,-12.2476,6.0216,-18.4737
19.631,0,0,heuristic,-5.4568,26.0064,1.3800,-0.3617,0.4298,0.5618,-0.0638,0.8564,0.0000,2.0033,2.0645,2.1427,-0.5236,3.0000,1.8996,2.0000,0,23.6757,0.0000,0.0000,0.0000,0.0000,-6.0673,-12.6777,6.6105,-18.7450
19.681,0,0,heuristic,-5.4733,26.0254,1.3770,-0.3530,0.4168,0.5462,-0.0663,0.8447,0.0000,2.0089,2.0645,2.1393,-0.5323,3.0000,1.8996,2.0000,0,23.6757,0.0000,0.0000,0.0000,0.0000,-5.8989,-12.9104,7.0114,-18.8093
19.731,0,0,heuristic,-5.4887,26.0430,1.3747,-0.3463,0.4066,0.5341,-0.0670,0.8339,0.0000,2.0140,2.0645,2.1365,-0.5408,3.0000,2.0001,2.0000,0,23.6757,0.0000,0.0000,0.0000,0.0000,-5.7678,-13.1602,7.3924,-18.9280
19.781,0,0,heuristic,-5.4887,26.0430,1.3724,-0.3463,0.4066,0.5341,-0.0622,0.8339,0.0000,2.0140,2.0645,2.1365,-0.5385,3.0000,2.0001,2.0000,0,23.6757,0.0000,0.0000,0.0000,0.0000,-5.7678,-13.1527,7.3849,-18.9204
19.832,1,0,heuristic,-5.5046,26.0612,1.3702,-0.3384,0.3954,0.5204,-0.0698,1.7751,4.0000,2.0195,2.0645,24.4485,0.4049,3.0000,0.0000,0.0000,0,23.6757,0.0000,0.0000,0.0000,0.0000,34.2322,20.4850,13.7473,54.7172
19.881,1,0,heuristic,-5.5194,26.0779,1.3685,-0.3322,0.3861,0.5094,-0.0762,1.7737,4.0000,2.0245,2.0645,24.4273,0.4052,3.0000,0.0000,0.0000,0,23.6757,359.3797,196.4022,277.8910,-81.4888,50.2649,20.6138,389.0308,267.2809
19.931,1,0,heuristic,-5.5194,26.0779,1.3668,-0.3322,0.3861,0.5094,-0.0708,1.7737,4.0000,2.0245,2.0645,24.4273,0.4069,3.0000,0.0000,0.0000,0,23.6757,339.2654,250.2530,294.7592,-44.5062,50.2649,20.5859,368.9444,321.1039
19.981,1,0,heuristic,-5.5348,26.0957,1.3646,-0.3249,0.3773,0.4979,-0.0718,1.7723,4.0000,2.0296,2.0645,24.4048,0.4077,3.0000,0.0000,0.0000,0,23.6757,358.5911,360.2366,359.4139,0.8227,50.4298,20.6412,388.3797,431.3076
20.032,1,0,heuristic,-5.5484,26.1152,1.3618,-0.3166,0.3830,0.4969,-0.0585,1.7719,4.0000,2.0324,2.0645,24.3815,0.4101,3.0000,0.0000,0.0000,0,23.6757,297.5843,457.1117,377.3480,79.7637,50.4442,20.5155,327.5130,528.0714
20.081,1,0,heuristic,-5.5613,26.1401,1.3595,-0.3029,0.4023,0.5036,-0.0462,1.7723,4.0000,2.0319,2.0645,24.3535,0.4128,3.0000,0.0000,0.0000,0,23.6757,375.1331,566.8453,470.9892,95.8561,50.3485,20.4152,405.0663,637.6090
20.131,1,0,heuristic,-5.5716,26.1684,1.3569,-0.2854,0.4394,0.5240,-0.0350,1.7742,4.0000,2.0277,2.0645,24.3235,0.4172,3.0000,0.0000,0.0000,0,23.6757,484.7743,676.8453,580.8098,96.0355,50.0547,20.3933,514.4357,747.2934
20.181,1,0,heuristic,-5.5716,26.1684,1.3560,-0.2854,0.4394,0.5240,-0.0500,1.7742,4.0000,2.0277,2.0645,24.3235,0.4182,3.0000,0.0000,0.0000,0,23.6757,484.7743,676.8453,580.8098,96.0355,50.0547,20.6809,514.1481,747.5810
20.231,1,0,heuristic,-5.5802,26.2044,1.3542,-0.2614,0.4903,0.5556,-0.0275,1.7773,4.0000,2.0181,2.0645,24.2870,0.4232,3.0000,0.0000,0.0000,0,23.6757,654.3520,770.1748,712.2634,57.9114,49.5999,20.4862,683.4656,840.2609
20.281,1,0,heuristic,-5.5858,26.2458,1.3539,-0.2325,0.5645,0.6105,-0.0218,1.7825,4.0000,2.0035,2.0645,24.2469,0.4286,3.0000,0.0000,0.0000,0,23.6757,598.8448,879.7890,739.3169,140.4721,48.8092,20.5835,627.0705,949.1817
20.331,1,0,heuristic,-5.5889,26.2994,1.3529,-0.1979,0.6577,0.6869,-0.0195,1.7899,4.0000,1.9808,2.0645,24.1965,0.4370,3.0000,0.0000,0.0000,0,23.6757,504.9431,926.1194,715.5313,210.5882,47.7093,20.8403,531.8121,994.6690
20.381,1,0,heuristic,-5.5890,26.3597,1.3527,-0.1588,0.7776,0.7936,0.0053,1.7994,4.0000,1.9523,2.0645,24.1412,0.4467,3.0000,0.0000,0.0000,0,23.6757,488.3096,965.3352,726.8224,238.5128,46.1718,20.7667,513.7147,1000.0000
20.432,1,0,heuristic,-5.5890,26.3597,1.3528,-0.1588,0.7776,0.7936,0.0180,1.7994,4.0000,1.9523,2.0645,24.1412,0.4466,3.0000,0.0000,0.0000,0,23.6757,552.9336,978.7815,765.8575,212.9239,46.1718,20.5463,578.5591,1000.0000
20.481,1,0,heuristic,-5.5859,26.4343,1.3541,-0.1149,0.9089,0.9162,0.0747,1.8105,4.0000,1.9142,2.0645,24.0741,0.4565,3.0000,0.0000,0.0000,0,23.6757,548.3584,987.2175,767.7879,219.4295,44.4072,19.9283,572.8374,1000.0000
20.531,1,0,heuristic,-5.5799,26.5138,1.3554,-0.0669,1.0583,1.0604,0.0693,1.8228,4.0000,1.8712,2.0645,24.0038,0.4674,3.0000,0.0000,0.0000,0,23.6757,649.7541,985.4302,817.5921,167.8381,42.3307,20.3879,671.6969,1000.0000
20.581,1,0,heuristic,-5.5799,26.5138,1.3579,-0.0669,1.0583,1.0604,0.1123,1.8228,4.0000,1.8712,2.0645,24.0038,0.4649,3.0000,0.0000,0.0000,0,23.6757,725.7870,963.6286,844.7078,118.9208,42.3307,19.5670,748.5507,1000.0000
20.631,1,0,heuristic,-5.5703,26.6079,1.3612,-0.0166,1.2085,1.2087,0.0830,1.8359,4.0000,1.8182,2.0645,23.9217,0.4747,3.0000,0.0000,0.0000,0,23.6757,626.5275,971.6322,799.0798,172.5523,40.1953,20.3652,646.3577,1000.0000
20.681,1,0,heuristic,-5.5585,26.7052,1.3641,0.0359,1.3724,1.3729,0.0990,1.8493,4.0000,1.7617,2.0645,23.8375,0.4852,3.0000,0.0000,0.0000,0,23.6757,624.2515,976.6852,800.4683,176.2169,37.8304,20.4265,641.6554,1000.0000
20.731,1,0,heuristic,-5.5432,26.8171,1.3697,0.0876,1.5283,1.5308,0.1155,1.8630,4.0000,1.6952,2.0645,23.7417,0.4933,3.0000,0.0000,0.0000,0,23.6757,542.2662,970.3355,756.3008,214.0346,35.5566,20.3677,557.4551,1000.0000
20.781,1,0,heuristic,-5.5265,26.9292,1.3748,0.1395,1.6896,1.6954,0.1665,1.8763,4.0000,1.6274,2.0645,23.6463,0.5015,3.0000,0.0000,0.0000,0,23.6757,512.1809,977.5863,744.8836,232.7027,33.1863,19.7307,525.6365,1000.0000
20.831,1,0,heuristic,-5.5265,26.9292,1.3790,0.1395,1.6896,1.6954,0.1875,1.8763,4.0000,1.6274,2.0645,23.6463,0.4973,3.0000,0.0000,0.0000,0,23.6757,512.1809,977.5863,744.8836,232.7027,33.1863,19.2133,526.1539,1000.0000
20.882,1,0,heuristic,-5.5067,27.0539,1.3867,0.1878,1.8313,1.8409,0.2085,1.8893,4.0000,1.5508,2.0645,23.5410,0.5026,3.0000,0.0000,0.0000,0,23.6757,645.4879,987.1572,816.3226,170.8347,31.0916,18.9510,657.6285,1000.0000
20.931,1,0,heuristic,-5.4865,27.1753,1.3901,0.2344,1.9708,1.9847,0.1638,1.9016,4.0000,1.4755,2.0645,23.4390,0.5115,3.0000,0.0000,0.0000,0,23.6757,569.1764,980.1030,774.6397,205.4633,29.0199,19.9321,578.2642,1000.0000
20.981,1,0,heuristic,-5.4638,27.3077,1.3992,0.2747,2.0861,2.1041,0.1568,1.9136,4.0000,1.3928,2.0645,23.3283,0.5143,3.0000,0.0000,0.0000,0,23.6757,459.1901,990.3842,724.7872,265.5970,27.3007,20.0270,466.4639,1000.0000
21.031,1,0,heuristic,-5.4417,27.4351,1.4092,0.3120,2.1996,2.2217,0.1905,1.9248,4.0000,1.3129,2.0645,23.2221,0.5156,3.0000,0.0000,0.0000,0,23.6757,459.1901,990.3842,724.7872,265.5970,25.6082,19.3781,465.4202,1000.0000
21.081,1,0,heuristic,-5.4417,27.4351,1.4134,0.3120,2.1996,2.2217,0.2640,1.9248,4.0000,1.3129,2.0645,23.2221,0.5114,3.0000,0.0000,0.0000,0,23.6757,480.3752,977.6282,729.0017,248.6265,25.6082,17.9791,488.0043,1000.0000
21.131,1,0,heuristic,-5.4176,27.5716,1.4246,0.3424,2.2849,2.3104,0.2810,1.9356,4.0000,1.2270,2.0645,23.1088,0.5110,3.0000,0.0000,0.0000,0,23.6757,480.3752,977.6282,729.0017,248.6265,24.3301,17.5344,487.1709,1000.0000
21.181,1,0,heuristic,-5.3943,27.7009,1.4317,0.3709,2.3666,2.3954,0.2908,1.9457,4.0000,1.1452,2.0645,23.0019,0.5140,3.0000,0.0000,0.0000,0,23.6757,455.3921,981.6840,718.5381,263.1459,23.1057,17.3459,461.1519,1000.0000
21.231,1,0,heuristic,-5.3943,27.7009,1.4418,0.3709,2.3666,2.3954,0.2365,1.9457,4.0000,1.1452,2.0645,23.0019,0.5039,3.0000,0.0000,0.0000,0,23.6757,480.8643,979.9404,730.4023,249.5380,23.1057,17.8635,486.1064,1000.0000
21.281,1,0,heuristic,-5.3691,27.8384,1.4553,0.3937,2.4220,2.4538,0.2460,1.9557,4.0000,1.0579,2.0645,22.8887,0.5004,3.0000,0.0000,0.0000,0,23.6757,477.9460,984.5066,731.2263,253.2803,22.2657,17.4144,482.7973,1000.0000
21.331,1,0,heuristic,-5.3447,27.9680,1.4638,0.4164,2.4777,2.5124,0.2650,1.9650,4.0000,0.9750,2.0645,22.7825,0.5013,3.0000,0.0000,0.0000,0,23.6757,401.5635,993.2493,697.4064,295.8429,21.4212,16.9813,406.0034,1000.0000
21.381,1,0,heuristic,-5.3183,28.1056,1.4756,0.4348,2.5115,2.5489,0.3560,1.9745,4.0000,0.8865,2.0645,22.6703,0.4989,3.0000,0.0000,0.0000,0,23.6757,414.6609,974.9493,694.8051,280.1442,20.8958,15.2008,420.3559,1000.0000
21.431,1,0,heuristic,-5.2927,28.2355,1.4879,0.4544,2.5501,2.5903,0.2995,1.9835,4.0000,0.8024,2.0645,22.5651,0.4956,3.0000,0.0000,0.0000,0,23.6757,391.4138,982.2266,686.8202,295.4064,20.3001,15.8643,395.8496,1000.0000
21.481,1,0,heuristic,-5.2927,28.2355,1.5008,0.4544,2.5501,2.5903,0.3912,1.9835,4.0000,0.8024,2.0645,22.5651,0.4827,3.0000,0.0000,0.0000,0,23.6757,346.3862,982.6347,664.5104,318.1242,20.3001,13.8205,352.8658,1000.0000
21.531,1,0,heuristic,-5.2381,28.5035,1.5212,0.4880,2.5986,2.6441,0.3265,2.0017,4.0000,0.6273,2.0645,22.3495,0.4805,3.0000,0.0000,0.0000,0,23.6757,388.5530,983.7957,686.1743,297.6213,19.5255,14.4910,393.5875,1000.0000
21.581,1,0,heuristic,-5.2381,28.5035,1.5282,0.4880,2.5986,2.6441,0.4295,2.0017,4.0000,0.6273,2.0645,22.3495,0.4734,3.0000,0.0000,0.0000,0,23.6757,354.5168,994.2391,674.3779,319.8612,19.5255,12.4855,361.5568,1000.0000
21.631,1,0,heuristic,-5.2092,28.6421,1.5465,0.5015,2.6120,2.6597,0.4268,2.0109,4.0000,0.5362,2.0645,22.2387,0.4644,3.0000,0.0000,0.0000,0,23.6757,267.5263,991.7353,629.6308,362.1045,19.2998,12.0027,274.8233,1000.0000
21.681,1,0,heuristic,-5.1818,28.7734,1.5577,0.5154,2.6369,2.6868,0.4428,2.0197,4.0000,0.4498,2.0645,22.1342,0.4620,3.0000,0.0000,0.0000,0,23.6757,311.2644,977.5012,644.3828,333.1184,18.9096,11.4710,318.7030,1000.0000
21.731,1,0,heuristic,-5.1525,28.9134,1.5774,0.5249,2.6477,2.6992,0.4478,2.0289,4.0000,0.3578,2.0645,22.0232,0.4516,3.0000,0.0000,0.0000,0,23.6757,380.2889,978.3973,679.3431,299.0542,18.7318,10.8010,388.2197,1000.0000
21.782,1,0,heuristic,-5.1250,29.0458,1.5977,0.5349,2.6698,2.7229,0.4895,2.0377,4.0000,0.2707,2.0645,21.9184,0.4400,3.0000,0.0000,0.0000,0,23.6757,357.7921,987.8146,672.8033,315.0112,18.3908,9.4760,366.7069,1000.0000
21.832,1,0,heuristic,-5.1250,29.0458,1.6061,0.5349,2.6698,2.7229,0.3710,2.0377,4.0000,0.2707,2.0645,21.9184,0.4316,3.0000,0.0000,0.0000,0,23.6757,362.2850,990.2806,676.2828,313.9978,18.3908,11.1397,369.5361,1000.0000
21.881,1,0,heuristic,-5.0959,29.1871,1.6276,0.5396,2.6796,2.7334,0.3838,2.0469,4.0000,0.1781,2.0645,21.8068,0.4193,3.0000,0.0000,0.0000,0,23.6757,286.4954,996.5337,641.5145,355.0191,18.2397,10.2624,294.4727,1000.0000
21.931,1,0,heuristic,-5.0688,29.3212,1.6407,0.5445,2.7021,2.7564,0.3865,2.0556,4.0000,0.0908,2.0645,21.7010,0.4148,3.0000,0.0000,0.0000,0,23.6757,286.4954,996.5337,641.5145,355.0191,17.9075,9.8672,294.5357,1000.0000
21.981,1,0,heuristic,-5.0404,29.4638,1.6677,0.5450,2.7105,2.7647,0.5252,2.0647,4.0000,-0.0019,2.0645,21.5887,0.3970,3.0000,0.0000,0.0000,0,23.6757,272.4168,968.5748,620.4958,348.0790,17.7881,6.6536,283.5514,993.0166
22.031,1,0,heuristic,-5.0138,29.5985,1.6863,0.5467,2.7293,2.7835,0.4030,2.0733,4.0000,-0.0891,2.0645,21.4829,0.3870,3.0000,0.0000,0.0000,0,23.6757,244.2941,968.0668,606.1804,361.8864,17.5173,8.1449,253.6664,993.7290
22.081,1,0,heuristic,-5.0138,29.5985,1.7052,0.5467,2.7293,2.7835,0.5570,2.0733,4.0000,-0.0891,2.0645,21.4829,0.3681,3.0000,0.0000,0.0000,0,23.6757,296.4559,980.4071,638.4315,341.9756,17.5173,4.8190,309.1541,1000.0000
22.131,1,0,heuristic,-4.9859,29.7412,1.7245,0.5446,2.7326,2.7863,0.4313,2.0823,4.0000,-0.1813,2.0645,21.3710,0.3578,3.0000,0.0000,0.0000,0,23.6757,345.4145,980.0067,662.7106,317.2961,17.4772,6.3464,356.5453,1000.0000
22.181,1,0,heuristic,-4.9600,29.8756,1.7443,0.5436,2.7459,2.7992,0.5680,2.0908,4.0000,-0.2678,2.0645,21.2659,0.3465,3.0000,0.0000,0.0000,0,23.6757,416.8669,993.7438,705.3054,288.4385,17.2914,3.4362,430.7222,1000.0000
22.232,1,0,heuristic,-4.9332,30.0183,1.7644,0.5379,2.7454,2.7976,0.4530,2.0997,4.0000,-0.3590,2.0645,21.1543,0.3354,3.0000,0.0000,0.0000,0,23.6757,460.5461,985.7871,723.1666,262.6205,17.3147,4.7541,473.1067,1000.0000
22.281,1,0,heuristic,-4.9090,30.1532,1.7847,0.5313,2.7586,2.8093,0.5867,2.1080,4.0000,-0.4443,2.0645,21.0486,0.3233,3.0000,0.0000,0.0000,0,23.6757,419.5254,964.3640,691.9447,272.4193,17.1468,1.8705,434.8016,983.3814
22.331,1,0,heuristic,-4.9090,30.1532,1.8051,0.5313,2.7586,2.8093,0.4040,2.1080,4.0000,-0.4443,2.0645,21.0486,0.3029,3.0000,0.0000,0.0000,0,23.6757,440.1169,987.4696,713.7932,273.6764,17.1468,4.1448,453.1189,1000.0000
22.381,1,0,heuristic,-4.8848,30.2973,1.8307,0.5181,2.7611,2.8092,0.5833,2.1167,4.0000,-0.5339,2.0645,20.9353,0.2860,3.0000,0.0000,0.0000,0,23.6757,411.2458,975.8524,693.5491,282.3033,17.1468,0.3004,428.0922,993.2997
22.431,1,0,heuristic,-4.8635,30.4340,1.8511,0.5033,2.7784,2.8236,0.4223,2.1248,4.0000,-0.6174,2.0645,20.8274,0.2736,3.0000,0.0000,0.0000,0,23.6757,385.1588,988.0173,686.5881,301.4292,16.9406,2.3599,399.7395,1000.0000
22.481,1,0,heuristic,-4.8427,30.5801,1.8766,0.4827,2.7848,2.8263,0.4103,2.1333,4.0000,-0.7050,2.0645,20.7114,0.2566,3.0000,0.0000,0.0000,0,23.6757,488.3934,985.2671,736.8302,248.4369,16.9015,1.7318,503.5631,1000.0000
22.531,1,0,heuristic,-4.8247,30.7189,1.8920,0.4609,2.8063,2.8439,0.4120,2.1410,4.0000,-0.7866,2.0645,20.6007,0.2490,3.0000,0.0000,0.0000,0,23.6757,580.2262,983.0384,781.6323,201.4061,16.6477,1.2499,595.6240,1000.0000
22.581,1,0,heuristic,-4.8078,30.8678,1.9125,0.4339,2.8174,2.8506,0.5970,2.1492,4.0000,-0.8720,2.0645,20.4812,0.2367,3.0000,0.0000,0.0000,0,23.6757,552.2688,992.1264,772.1976,219.9288,16.5510,-2.4949,571.3146,1000.0000
22.631,1,0,heuristic,-4.7942,31.0099,1.9378,0.4037,2.8463,2.8748,0.5775,2.1565,4.0000,-0.9514,2.0645,20.3661,0.2187,3.0000,0.0000,0.0000,0,23.6757,575.0538,986.3649,780.7094,205.6556,16.2029,-3.0152,594.2719,999.5526
22.681,1,0,heuristic,-4.7828,31.1630,1.9631,0.3671,2.8658,2.8892,0.5827,2.1642,4.0000,-1.0340,2.0645,20.2410,0.2011,3.0000,0.0000,0.0000,0,23.6757,570.5242,989.9455,780.2349,209.7107,15.9955,-3.9358,590.4554,1000.0000
22.732,1,0,heuristic,-4.7828,31.1630,1.9829,0.3671,2.8658,2.8892,0.3678,2.1642,4.0000,-1.0340,2.0645,20.2410,0.1813,3.0000,0.0000,0.0000,0,23.6757,500.5334,984.4719,742.5026,241.9693,15.9955,-1.0954,517.6242,999.3720
22.782,1,0,heuristic,-4.7748,31.3092,2.0074,0.3269,2.9019,2.9202,0.3595,2.1711,4.0000,-1.1103,2.0645,20.1202,0.1637,3.0000,0.0000,0.0000,0,23.6757,523.8511,985.6883,754.7697,230.9186,15.5489,-1.7812,541.1813,999.4560
22.831,1,0,heuristic,-4.7695,31.4662,2.0268,0.2819,2.9254,2.9389,0.5713,2.1783,4.0000,-1.1894,2.0645,19.9892,0.1515,3.0000,0.0000,0.0000,0,23.6757,567.6761,982.8292,775.2527,207.5765,15.2791,-5.9512,588.9064,992.1572
22.881,1,0,heuristic,-4.7673,31.6155,2.0461,0.2345,2.9623,2.9716,0.3448,2.1846,4.0000,-1.2620,2.0645,19.8635,0.1385,3.0000,0.0000,0.0000,0,23.6757,549.8558,989.5561,769.7060,219.8502,14.8093,-2.7740,567.4391,1000.0000
22.931,1,0,heuristic,-4.7682,31.7751,2.0701,0.1841,2.9835,2.9892,0.5685,2.1914,4.0000,-1.3368,2.0645,19.7278,0.1213,3.0000,0.0000,0.0000,0,23.6757,560.8808,990.8556,775.8682,214.9874,14.5559,-7.3300,582.7668,998.0815
22.981,1,0,heuristic,-4.7722,31.9264,2.0890,0.1309,3.0172,3.0200,0.3475,2.1972,4.0000,-1.4051,2.0645,19.5978,0.1082,3.0000,0.0000,0.0000,0,23.6757,665.6882,984.1556,824.9219,159.2337,14.1117,-4.2409,684.0408,994.0264
23.031,1,0,heuristic,-4.7797,32.0876,2.1125,0.0759,3.0338,3.0348,0.3380,2.2034,4.0000,-1.4749,2.0645,19.4578,0.0909,3.0000,0.0000,0.0000,0,23.6757,665.6882,984.1556,824.9219,159.2337,13.8993,-4.8655,684.4530,993.1894
23.081,1,0,heuristic,-4.7899,32.2401,2.1311,0.0181,3.0626,3.0627,0.5390,2.2087,4.0000,-1.5382,2.0645,19.3240,0.0776,3.0000,0.0000,0.0000,0,23.6757,705.2132,995.1094,850.1613,144.9481,13.4972,-8.8608,727.5712,999.7458
23.131,1,0,heuristic,-4.8044,32.4026,2.1542,-0.0412,3.0749,3.0752,0.5373,2.2144,4.0000,-1.6024,2.0645,19.1798,0.0602,3.0000,0.0000,0.0000,0,23.6757,648.6433,993.5061,821.0747,172.4314,13.3178,-9.6090,671.5700,997.2149
23.181,1,0,heuristic,-4.8214,32.5561,2.1766,-0.1038,3.0998,3.1015,0.5438,2.2191,4.0000,-1.6602,2.0645,19.0420,0.0425,3.0000,0.0000,0.0000,0,23.6757,665.3097,994.9632,830.1365,164.8267,12.9378,-10.4940,688.7416,997.4070
23.231,1,0,heuristic,-4.8214,32.5561,2.1900,-0.1038,3.0998,3.1015,0.5637,2.2191,4.0000,-1.6602,2.0645,19.0420,0.0291,3.0000,0.0000,0.0000,0,23.6757,682.3060,990.5973,836.4516,154.1456,12.9378,-11.3527,706.5965,992.1824
23.281,1,0,heuristic,-4.8429,32.7194,2.2117,-0.1659,3.1076,3.1121,0.5467,2.2242,4.0000,-1.7186,2.0645,18.8939,0.0126,3.0000,0.0000,0.0000,0,23.6757,788.6508,991.7327,890.1918,101.5410,12.7861,-11.8006,813.2375,992.7183
23.331,1,0,heuristic,-4.8664,32.8733,2.2288,-0.2304,3.1277,3.1361,0.2752,2.2285,4.0000,-1.7709,2.0645,18.7526,-0.0004,3.0000,0.0000,0.0000,0,23.6757,881.4366,993.1411,937.2888,55.8522,12.4396,-7.8193,901.6955,997.7614
23.382,1,0,heuristic,-4.8949,33.0369,2.2499,-0.2942,3.1311,3.1449,0.5202,2.2330,4.0000,-1.8232,2.0645,18.6009,-0.0169,3.0000,0.0000,0.0000,0,23.6757,850.7221,991.7123,921.2172,70.4951,12.3140,-12.6546,875.6908,991.3717
23.432,1,0,heuristic,-4.9257,33.1914,2.2622,-0.3637,3.1487,3.1696,0.2535,2.2366,4.0000,-1.8693,2.0645,18.4556,-0.0256,3.0000,0.0000,0.0000,0,23.6757,852.4658,992.3484,922.4071,69.9413,11.9574,-8.5759,872.9991,995.7299
23.481,1,0,heuristic,-4.9630,33.3557,2.2822,-0.4342,3.1511,3.1809,0.4955,2.2404,4.0000,-1.9145,2.0645,18.2987,-0.0418,3.0000,0.0000,0.0000,0,23.6757,824.7877,977.3845,901.0861,76.2984,11.7950,-13.3356,849.9183,975.8439
23.531,1,0,heuristic,-4.9630,33.3557,2.2976,-0.4342,3.1511,3.1809,0.2427,2.2404,4.0000,-1.9145,2.0645,18.2987,-0.0572,3.0000,0.0000,0.0000,0,23.6757,851.0892,992.3400,921.7146,70.6254,11.7950,-9.6901,872.5743,994.4448
23.581,1,0,heuristic,-5.0021,33.5109,2.3126,-0.5103,3.1674,3.2083,0.4660,2.2433,4.0000,-1.9535,2.0645,18.1485,-0.0693,3.0000,0.0000,0.0000,0,23.6757,814.8433,995.1276,904.9855,90.1421,11.4011,-13.9657,840.2102,992.5630
23.631,1,0,heuristic,-5.0479,33.6755,2.3306,-0.5844,3.1672,3.2206,0.4708,2.2463,4.0000,-1.9912,2.0645,17.9870,-0.0842,3.0000,0.0000,0.0000,0,23.6757,872.1003,996.7686,934.4344,62.3342,11.2231,-14.6785,898.0019,993.3132
23.681,1,0,heuristic,-5.0949,33.8307,2.3446,-0.6634,3.1801,3.2486,0.1775,2.2485,4.0000,-2.0234,2.0645,17.8327,-0.0961,3.0000,0.0000,0.0000,0,23.6757,898.2445,994.3370,946.2908,48.0462,10.8203,-10.2558,919.3206,994.9014
23.731,1,0,heuristic,-5.1489,33.9951,2.3582,-0.7385,3.1764,3.2612,0.4540,2.2509,4.0000,-2.0537,2.0645,17.6669,-0.1073,3.0000,0.0000,0.0000,0,23.6757,927.2975,994.0542,960.6759,33.3783,10.6394,-15.3789,953.3158,989.3148
23.781,1,0,heuristic,-5.2037,34.1499,2.3714,-0.8189,3.1861,3.2897,0.1665,2.2524,4.0000,-2.0789,2.0645,17.5088,-0.1190,3.0000,0.0000,0.0000,0,23.6757,904.2370,984.3387,944.2878,40.0508,10.2289,-11.0394,925.5053,983.5283
23.832,1,0,heuristic,-5.2037,34.1499,2.3843,-0.8189,3.1861,3.2897,0.4278,2.2524,4.0000,-2.0789,2.0645,17.5088,-0.1319,3.0000,0.0000,0.0000,0,23.6757,948.5328,991.3957,969.9643,21.4314,10.2289,-15.9291,974.6909,985.6955
23.882,1,0,heuristic,-5.2660,34.3138,2.3999,-0.8947,3.1793,3.3028,0.4320,2.2541,4.0000,-2.1017,2.0645,17.3389,-0.1458,3.0000,0.0000,0.0000,0,23.6757,932.0356,989.8625,960.9491,28.9134,10.0404,-16.5721,958.6481,983.3307
23.931,1,0,heuristic,-5.3282,34.4677,2.4116,-0.9753,3.1849,3.3309,0.1125,2.2550,4.0000,-2.1198,2.0645,17.1773,-0.1567,3.0000,0.0000,0.0000,0,23.6757,964.0514,989.2435,976.6474,12.5961,9.6348,-11.6522,985.3383,987.2261
23.981,1,0,heuristic,-5.3982,34.6303,2.4233,-1.0492,3.1734,3.3423,0.3967,2.2560,4.0000,-2.1353,2.0645,17.0042,-0.1673,3.0000,0.0000,0.0000,0,23.6757,965.7864,997.5377,981.6620,15.8756,9.4705,-16.8594,992.1163,990.1488
24.031,1,0,heuristic,-5.4674,34.7828,2.4370,-1.1277,3.1737,3.3681,0.3892,2.2564,4.0000,-2.1466,2.0645,16.8400,-0.1806,3.0000,0.0000,0.0000,0,23.6757,965.7864,997.5377,981.6620,15.8756,9.0987,-17.2678,992.1530,989.3685
24.081,1,0,heuristic,-5.5443,34.9434,2.4475,-1.1980,3.1567,3.3764,0.0725,2.2569,4.0000,-2.1549,2.0645,16.6647,-0.1906,3.0000,0.0000,0.0000,0,23.6757,978.9446,987.1602,983.0524,4.1078,8.9803,-12.3476,1000.0000,983.7928
24.131,1,0,heuristic,-5.6198,35.0936,2.4626,-1.2729,3.1514,3.3987,0.0612,2.2567,4.0000,-2.1597,2.0645,16.4986,-0.2059,3.0000,0.0000,0.0000,0,23.6757,977.4202,985.3920,981.4061,3.9859,8.6581,-12.7588,998.8370,981.2913
24.181,1,0,heuristic,-5.7030,35.2516,2.4698,-1.3383,3.1289,3.4031,0.0640,2.2567,4.0000,-2.1613,2.0645,16.3218,-0.2131,3.0000,0.0000,0.0000,0,23.6757,977.4202,985.3920,981.4061,3.9859,8.5958,-13.0875,999.1034,980.9003
24.231,1,0,heuristic,-5.7030,35.2516,2.4791,-1.3383,3.1289,3.4031,0.3685,2.2567,4.0000,-2.1613,2.0645,16.3218,-0.2223,3.0000,0.0000,0.0000,0,23.6757,986.3160,994.8725,990.5942,4.2782,8.5958,-18.5651,1000.0000,984.9032
24.282,1,0,heuristic,-5.7841,35.3992,2.4837,-1.4085,3.1181,3.4214,0.3563,2.2562,4.0000,-2.1599,2.0645,16.1547,-0.2275,3.0000,0.0000,0.0000,0,23.6757,987.8204,987.3883,987.6044,-0.2161,8.3312,-18.5588,1000.0000,977.1607
24.331,1,0,heuristic,-5.8728,35.5543,2.4944,-1.4682,3.0910,3.4220,0.3513,2.2557,4.0000,-2.1552,2.0645,15.9771,-0.2387,3.0000,0.0000,0.0000,0,23.6757,967.0152,983.3553,975.1852,8.1701,8.3239,-18.9046,994.2436,972.7746
24.381,1,0,heuristic,-5.9589,35.6991,2.5027,-1.5332,3.0761,3.4370,0.0020,2.2547,4.0000,-2.1480,2.0645,15.8094,-0.2480,3.0000,0.0000,0.0000,0,23.6757,967.0152,983.3553,975.1852,8.1701,8.1065,-13.3903,988.5120,978.0715
24.432,1,0,heuristic,-5.9589,35.6991,2.5086,-1.5332,3.0761,3.4370,0.0165,2.2547,4.0000,-2.1480,2.0645,15.8094,-0.2539,3.0000,0.0000,0.0000,0,23.6757,983.4730,973.7651,978.6190,-4.8539,8.1065,-13.8660,1000.0000,968.0057
24.482,1,0,heuristic,-6.0527,35.8512,2.5183,-1.5874,3.0458,3.4347,-0.0088,2.2539,4.0000,-2.1375,2.0645,15.6312,-0.2644,3.0000,0.0000,0.0000,0,23.6757,975.4163,987.4294,981.4228,6.0065,8.1407,-13.8393,997.3963,981.7308
24.531,1,0,heuristic,-6.1433,35.9932,2.5238,-1.6473,3.0282,3.4473,-0.0105,2.2525,4.0000,-2.1250,2.0645,15.4632,-0.2713,3.0000,0.0000,0.0000,0,23.6757,966.9820,987.4863,977.2341,10.2521,7.9592,-14.0628,989.0040,981.3826
24.581,1,0,heuristic,-6.2417,36.1423,2.5328,-1.6963,2.9962,3.4431,-0.0295,2.2512,4.0000,-2.1090,2.0645,15.2847,-0.2816,3.0000,0.0000,0.0000,0,23.6757,979.3530,961.5869,970.4700,-8.8830,8.0196,-14.1230,1000.0000,955.4835
24.631,1,0,heuristic,-6.3365,36.2815,2.5396,-1.7522,2.9771,3.4544,0.3257,2.2494,4.0000,-2.0915,2.0645,15.1163,-0.2902,3.0000,0.0000,0.0000,0,23.6757,994.3091,979.8373,987.0732,-7.2359,7.8561,-20.4060,1000.0000,967.2874
24.681,1,0,heuristic,-6.3365,36.2815,2.5447,-1.7522,2.9771,3.4544,0.3160,2.2494,4.0000,-2.0915,2.0645,15.1163,-0.2953,3.0000,0.0000,0.0000,0,23.6757,995.2269,923.4709,959.3489,-35.8780,7.8561,-20.4398,1000.0000,910.8872
24.731,1,0,heuristic,-6.4393,36.4277,2.5526,-1.7970,2.9439,3.4490,0.3060,2.2477,4.0000,-2.0703,2.0645,14.9377,-0.3048,3.0000,0.0000,0.0000,0,23.6757,983.5663,918.2277,950.8970,-32.6693,7.9346,-20.6178,1000.0000,905.5445
24.781,1,0,heuristic,-6.5380,36.5640,2.5556,-1.8489,2.9230,3.4587,-0.0573,2.2456,4.0000,-2.0480,2.0645,14.7694,-0.3101,3.0000,0.0000,0.0000,0,23.6757,962.7161,912.6448,937.6804,-25.0357,7.7945,-14.6905,985.2011,905.7487
24.832,1,0,heuristic,-6.5380,36.5640,2.5615,-1.8489,2.9230,3.4587,0.2860,2.2456,4.0000,-2.0480,2.0645,14.7694,-0.3160,3.0000,0.0000,0.0000,0,23.6757,980.4715,940.0996,960.2855,-20.1859,7.7945,-20.6876,1000.0000,927.2064
24.882,1,0,heuristic,-6.7464,36.8396,2.5698,-1.9356,2.8636,3.4564,-0.0845,2.2410,4.0000,-1.9950,2.0645,14.4239,-0.3288,3.0000,0.0000,0.0000,0,23.6757,990.9028,960.0112,975.4570,-15.4458,7.8277,-14.8940,1000.0000,952.9450
24.931,1,0,heuristic,-6.7464,36.8396,2.5725,-1.9356,2.8636,3.4564,0.2928,2.2410,4.0000,-1.9950,2.0645,14.4239,-0.3314,3.0000,0.0000,0.0000,0,23.6757,994.5933,922.9262,958.7598,-35.8335,7.8277,-21.3337,1000.0000,909.4202
24.981,1,0,heuristic,-6.8562,36.9788,2.5799,-1.9705,2.8262,3.4453,-0.0885,2.2386,4.0000,-1.9644,2.0645,14.2467,-0.3412,3.0000,0.0000,0.0000,0,23.6757,969.4679,914.9004,942.1841,-27.2837,7.9872,-15.2711,992.7261,907.6165
25.031,1,0,heuristic,-6.9610,37.1085,2.5822,-2.0134,2.8013,3.4498,0.2767,2.2358,4.0000,-1.9335,2.0645,14.0802,-0.3464,3.0000,0.0000,0.0000,0,23.6757,988.0246,869.9213,928.9730,-59.0517,7.9236,-21.5656,1000.0000,856.2793
25.081,1,0,heuristic,-6.9610,37.1085,2.5867,-2.0134,2.8013,3.4498,-0.1100,2.2358,4.0000,-1.9335,2.0645,14.0802,-0.3509,3.0000,0.0000,0.0000,0,23.6757,978.5554,948.7758,963.6656,-14.8898,7.9236,-15.2434,1000.0000,941.4559
25.131,1,0,heuristic,-7.1807,37.3705,2.5929,-2.0811,2.7365,3.4380,0.2567,2.2301,4.0000,-1.8642,2.0645,13.7390,-0.3628,3.0000,0.0000,0.0000,0,23.6757,989.3967,868.0908,928.7437,-60.6529,8.0933,-21.7755,1000.0000,854.4086
25.181,1,0,heuristic,-7.1807,37.3705,2.5948,-2.0811,2.7365,3.4380,-0.1283,2.2301,4.0000,-1.8642,2.0645,13.7390,-0.3647,3.0000,0.0000,0.0000,0,23.6757,991.9457,844.3882,918.1669,-73.7787,8.0933,-15.3817,1000.0000,837.0998
25.232,1,0,heuristic,-7.2954,37.5026,2.5984,-2.1060,2.6973,3.4221,0.2562,2.2271,4.0000,-1.8259,2.0645,13.5647,-0.3713,3.0000,0.0000,0.0000,0,23.6757,979.1306,924.3000,951.7153,-27.4153,8.3222,-22.0440,1000.0000,910.5783
25.281,1,0,heuristic,-7.4042,37.6253,2.6016,-2.1385,2.6692,3.4202,-0.1430,2.2238,4.0000,-1.7881,2.0645,13.4015,-0.3778,3.0000,0.0000,0.0000,0,23.6757,988.3132,820.3358,904.3245,-83.9887,8.3488,-15.5372,1000.0000,813.1474
25.331,1,0,heuristic,-7.4042,37.6253,2.6045,-2.1385,2.6692,3.4202,0.2447,2.2238,4.0000,-1.7881,2.0645,13.4015,-0.3807,3.0000,0.0000,0.0000,0,23.6757,982.7289,763.5981,873.1635,-109.5654,8.3488,-22.1644,1000.0000,749.7825
25.381,1,0,heuristic,-7.6312,37.8730,2.6083,-2.1873,2.6003,3.3979,-0.1653,2.2170,4.0000,-1.7057,2.0645,13.0678,-0.3912,3.0000,0.0000,0.0000,0,23.6757,972.8576,685.0177,828.9376,-143.9200,8.6698,-15.5672,997.0946,678.1203
25.431,1,0,heuristic,-7.6312,37.8730,2.6093,-2.1873,2.6003,3.3979,0.2112,2.2170,4.0000,-1.7057,2.0645,13.0678,-0.3923,3.0000,0.0000,0.0000,0,23.6757,975.1263,730.3770,852.7517,-122.3746,8.6698,-21.9337,1000.0000,717.1132
25.481,1,0,heuristic,-7.7488,37.9973,2.6115,-2.2021,2.5582,3.3754,0.2033,2.2135,4.0000,-1.6610,2.0645,12.8982,-0.3980,3.0000,0.0000,0.0000,0,23.6757,975.1263,730.3770,852.7517,-122.3746,8.9936,-21.9557,1000.0000,717.4150
25.531,1,0,heuristic,-7.8598,38.1122,2.6123,-2.2243,2.5254,3.3653,0.2023,2.2099,4.0000,-1.6177,2.0645,12.7401,-0.4024,3.0000,0.0000,0.0000,0,23.6757,983.6025,687.5722,835.5873,-148.0151,9.1397,-22.0445,1000.0000,674.6675
25.581,1,0,heuristic,-7.8598,38.1122,2.6129,-2.2243,2.5254,3.3653,-0.2400,2.2099,4.0000,-1.6177,2.0645,12.7401,-0.4030,3.0000,0.0000,0.0000,0,23.6757,986.0039,653.3344,819.6691,-166.3347,9.1397,-14.6407,1000.0000,647.8334
25.631,1,0,heuristic,-8.0896,38.3427,2.6129,-2.2523,2.4463,3.3253,0.1720,2.2024,4.0000,-1.5246,2.0645,12.4191,-0.4105,3.0000,0.0000,0.0000,0,23.6757,986.0039,653.3344,819.6691,-166.3347,9.7162,-21.7092,1000.0000,641.3414
25.681,1,0,heuristic,-8.0896,38.3427,2.6124,-2.2523,2.4463,3.3253,0.1477,2.2024,4.0000,-1.5246,2.0645,12.4191,-0.4100,3.0000,0.0000,0.0000,0,23.6757,989.9503,774.4238,882.1871,-107.7633,9.7162,-21.2842,1000.0000,762.8559
25.731,1,0,heuristic,-8.2082,38.4581,2.6106,-2.2580,2.4007,3.2957,0.1333,2.1985,4.0000,-1.4748,2.0645,12.2564,-0.4122,3.0000,0.0000,0.0000,0,23.6757,989.4270,704.0931,846.7601,-142.6670,10.1414,-21.0456,1000.0000,693.1889
25.781,1,0,heuristic,-8.3202,38.5649,2.6093,-2.2730,2.3657,3.2807,0.1273,2.1944,4.0000,-1.4268,2.0645,12.1046,-0.4148,3.0000,0.0000,0.0000,0,23.6757,982.5196,653.8198,818.1697,-164.3499,10.3575,-20.9729,1000.0000,643.2044
25.831,1,0,heuristic,-8.4394,38.6766,2.6061,-2.2770,2.3220,3.2522,0.1180,2.1902,4.0000,-1.3748,2.0645,11.9447,-0.4159,3.0000,0.0000,0.0000,0,23.6757,987.5553,666.1273,826.8413,-160.7140,10.7684,-20.7739,1000.0000,656.1218
25.882,1,0,heuristic,-8.5520,38.7802,2.6031,-2.2908,2.2894,3.2387,-0.3412,2.1859,4.0000,-1.3247,2.0645,11.7954,-0.4171,3.0000,0.0000,0.0000,0,23.6757,985.1659,586.0677,785.6168,-199.5491,10.9621,-13.0253,1000.0000,584.0044
25.931,1,0,heuristic,-8.6717,38.8884,2.5985,-2.2927,2.2476,3.2106,0.0887,2.1815,4.0000,-1.2706,2.0645,11.6384,-0.4171,3.0000,0.0000,0.0000,0,23.6757,977.5984,589.2048,783.4016,-194.1968,11.3668,-20.1561,1000.0000,580.4156
25.981,1,0,heuristic,-8.7844,38.9886,2.5931,-2.3039,2.2158,3.1965,0.0808,2.1770,4.0000,-1.2189,2.0645,11.4919,-0.4162,3.0000,0.0000,0.0000,0,23.6757,982.1514,595.5045,788.8279,-193.3234,11.5701,-19.8994,1000.0000,587.1751
26.031,1,0,heuristic,-8.7844,38.9886,2.5895,-2.3039,2.2158,3.1965,0.0693,2.1770,4.0000,-1.2189,2.0645,11.4919,-0.4125,3.0000,0.0000,0.0000,0,23.6757,989.2135,548.8984,769.0560,-220.1575,11.5701,-19.5626,1000.0000,540.9059
26.081,1,0,heuristic,-8.9040,39.0932,2.5826,-2.3029,2.1747,3.1675,0.0558,2.1723,4.0000,-1.1631,2.0645,11.3382,-0.4103,3.0000,0.0000,0.0000,0,23.6757,987.9003,477.7610,732.8307,-255.0697,11.9886,-19.1547,1000.0000,470.5949
26.131,1,0,heuristic,-9.0166,39.1901,2.5780,-2.3119,2.1437,3.1528,0.0495,2.1676,4.0000,-1.1099,2.0645,11.1948,-0.4104,3.0000,0.0000,0.0000,0,23.6757,985.8815,571.1430,778.5123,-207.3693,12.1991,-18.9617,1000.0000,564.3804
26.181,1,0,heuristic,-9.1360,39.2911,2.5696,-2.3085,2.1034,3.1230,0.0148,2.1627,4.0000,-1.0526,2.0645,11.0444,-0.4069,3.0000,0.0000,0.0000,0,23.6757,975.3728,487.3043,731.3385,-244.0342,12.6285,-18.1395,1000.0000,481.7933
26.231,1,0,heuristic,-9.2483,39.3847,2.5622,-2.3148,2.0726,3.1071,-0.4600,2.1579,4.0000,-0.9981,2.0645,10.9043,-0.4043,3.0000,0.0000,0.0000,0,23.6757,972.8621,465.8638,719.3629,-253.4991,12.8577,-9.9650,995.6847,468.7566
26.282,1,0,heuristic,-9.2483,39.3847,2.5541,-2.3148,2.0726,3.1071,-0.0130,2.1579,4.0000,-0.9981,2.0645,10.9043,-0.3962,3.0000,0.0000,0.0000,0,23.6757,989.5103,513.7608,751.6355,-237.8748,12.8577,-17.1587,1000.0000,509.4598
26.331,1,0,heuristic,-9.4793,39.5730,2.5407,-2.3144,2.0046,3.0618,-0.5045,2.1478,4.0000,-0.8839,2.0645,10.6200,-0.3930,3.0000,0.0000,0.0000,0,23.6757,987.6701,532.0443,759.8572,-227.8129,13.5099,-8.5690,1000.0000,536.9852
26.381,1,0,heuristic,-9.4793,39.5730,2.5334,-2.3144,2.0046,3.0618,-0.5220,2.1478,4.0000,-0.8839,2.0645,10.6200,-0.3857,3.0000,0.0000,0.0000,0,23.6757,995.4827,539.5346,767.5086,-227.9740,13.5099,-7.9893,1000.0000,545.0552
26.431,1,0,heuristic,-9.5980,39.6677,2.5209,-2.3079,1.9682,3.0332,-0.5423,2.1425,4.0000,-0.8243,2.0645,10.4760,-0.3784,3.0000,0.0000,0.0000,0,23.6757,981.8483,554.5703,768.2093,-213.6390,13.9220,-7.2572,1000.0000,561.2351
26.481,1,0,heuristic,-9.7099,39.7561,2.5103,-2.3124,1.9429,3.0203,-0.0553,2.1373,4.0000,-0.7677,2.0645,10.3412,-0.3730,3.0000,0.0000,0.0000,0,23.6757,990.5735,611.1760,800.8748,-189.6988,14.1079,-15.1204,1000.0000,610.1634
26.531,1,0,heuristic,-9.8286,39.8491,2.4963,-2.3067,1.9119,2.9960,-0.5673,2.1318,4.0000,-0.7072,2.0645,10.1990,-0.3645,3.0000,0.0000,0.0000,0,23.6757,993.5883,654.2041,823.8962,-169.6921,14.4573,-6.0728,1000.0000,662.5885
26.581,1,0,heuristic,-9.9407,39.9362,2.4847,-2.3124,1.8925,2.9881,-0.0550,2.1264,4.0000,-0.6497,2.0645,10.0657,-0.3583,3.0000,0.0000,0.0000,0,23.6757,987.0920,580.1098,783.6009,-203.4911,14.5711,-14.3290,1000.0000,580.3519
26.631,1,0,heuristic,-10.0600,40.0285,2.4699,-2.3089,1.8689,2.9705,-0.0645,2.1207,4.0000,-0.5884,2.0645,9.9243,-0.3492,3.0000,0.0000,0.0000,0,23.6757,990.2874,603.2692,796.7783,-193.5091,14.8249,-13.6972,1000.0000,604.3969
26.681,1,0,heuristic,-10.1729,40.1154,2.4579,-2.3172,1.8571,2.9696,-0.5803,2.1152,4.0000,-0.5302,2.0645,9.7912,-0.3427,3.0000,0.0000,0.0000,0,23.6757,992.5089,530.2686,761.3887,-231.1202,14.8378,-4.6663,1000.0000,540.4401
26.731,1,0,heuristic,-10.1729,40.1154,2.4456,-2.3172,1.8571,2.9696,-0.0750,2.1152,4.0000,-0.5302,2.0645,9.7912,-0.3304,3.0000,0.0000,0.0000,0,23.6757,986.3384,592.6644,789.5014,-196.8370,14.8378,-12.6756,1000.0000,594.8266
26.781,1,0,heuristic,-10.2929,40.2074,2.4332,-2.3153,1.8397,2.9572,-0.5690,2.1094,4.0000,-0.4682,2.0645,9.6503,-0.3238,3.0000,0.0000,0.0000,0,23.6757,986.3384,592.6644,789.5014,-196.8370,15.0162,-3.9979,1000.0000,603.6828
26.831,1,0,heuristic,-10.4062,40.2940,2.4205,-2.3245,1.8324,2.9599,-0.0698,2.1037,4.0000,-0.4094,2.0645,9.5179,-0.3167,3.0000,0.0000,0.0000,0,23.6757,980.8369,574.0379,777.4374,-203.3995,14.9781,-11.9947,1000.0000,577.0213
26.881,1,0,heuristic,-10.5268,40.3859,2.4044,-2.3234,1.8193,2.9509,-0.0735,2.0978,4.0000,-0.3467,2.0645,9.3774,-0.3067,3.0000,0.0000,0.0000,0,23.6757,979.5312,497.2208,738.3760,-241.1552,15.1068,-11.4156,1000.0000,500.9120
26.931,1,0,heuristic,-10.6408,40.4726,2.3945,-2.3337,1.8170,2.9576,-0.0823,2.0921,4.0000,-0.2875,2.0645,9.2450,-0.3025,3.0000,0.0000,0.0000,0,23.6757,959.6217,500.4741,730.0479,-229.5738,15.0104,-10.9880,985.6202,504.4966
26.981,1,0,heuristic,-10.6408,40.4726,2.3813,-2.3337,1.8170,2.9576,-0.6108,2.0921,4.0000,-0.2875,2.0645,9.2450,-0.2893,3.0000,0.0000,0.0000,0,23.6757,991.8997,595.6514,793.7755,-198.1241,15.0104,-1.5937,1000.0000,609.0681
27.031,1,0,heuristic,-10.7619,40.5646,2.3643,-2.3327,1.8074,2.9510,-0.6320,2.0860,4.0000,-0.2244,2.0645,9.1049,-0.2782,3.0000,0.0000,0.0000,0,23.6757,983.7432,620.0245,801.8838,-181.8593,15.1063,-0.6806,999.5300,634.4501
27.081,1,0,heuristic,-10.8760,40.6511,2.3508,-2.3417,1.8064,2.9575,-0.0940,2.0803,4.0000,-0.1649,2.0645,8.9734,-0.2704,3.0000,0.0000,0.0000,0,23.6757,983.1175,601.3533,792.2354,-190.8821,15.0118,-9.2976,1000.0000,607.0674
27.131,1,0,heuristic,-10.9973,40.7433,2.3333,-2.3399,1.7995,2.9518,-0.0887,2.0743,4.0000,-0.1018,2.0645,8.8339,-0.2590,3.0000,0.0000,0.0000,0,23.6757,988.0747,549.9872,769.0309,-219.0437,15.0942,-8.8137,1000.0000,556.2677
27.182,1,0,heuristic,-11.1118,40.8307,2.3229,-2.3491,1.8037,2.9617,-0.0945,2.0686,4.0000,-0.0423,2.0645,8.7021,-0.2543,3.0000,0.0000,0.0000,0,23.6757,986.7489,536.6376,761.6932,-225.0557,14.9508,-8.4143,1000.0000,543.1741
27.231,1,0,heuristic,-11.2334,40.9238,2.3051,-2.3469,1.8012,2.9584,-0.0948,2.0625,4.0000,0.0206,2.0645,8.5624,-0.2426,3.0000,0.0000,0.0000,0,23.6757,985.0026,514.7047,749.8536,-235.1490,14.9989,-7.8282,1000.0000,521.8754
27.281,1,0,heuristic,-11.3479,41.0118,2.2909,-2.3545,1.8076,2.9683,-0.6530,2.0569,4.0000,0.0797,2.0645,8.4311,-0.2340,3.0000,0.0000,0.0000,0,23.6757,985.0026,514.7047,749.8536,-235.1490,14.8558,2.0049,997.8535,531.5654
27.332,1,0,heuristic,-11.3479,41.0118,2.2765,-2.3545,1.8076,2.9683,-0.0990,2.0569,4.0000,0.0797,2.0645,8.4311,-0.2196,3.0000,0.0000,0.0000,0,23.6757,990.5240,560.2715,775.3977,-215.1263,14.8558,-6.7408,1000.0000,568.3864
27.381,1,0,heuristic,-11.4691,41.1053,2.2581,-2.3500,1.8058,2.9636,-0.6603,2.0509,4.0000,0.1421,2.0645,8.2921,-0.2072,3.0000,0.0000,0.0000,0,23.6757,978.9479,600.7823,789.8651,-189.0828,14.9239,3.2949,990.5769,619.0010
27.431,1,0,heuristic,-11.5832,41.1937,2.2433,-2.3552,1.8128,2.9721,-0.0965,2.0453,4.0000,0.2007,2.0645,8.1615,-0.1980,3.0000,0.0000,0.0000,0,23.6757,977.8556,662.1347,819.9951,-157.8605,14.8021,-5.7001,998.3578,671.2367
27.481,1,0,heuristic,-11.7040,41.2880,2.2247,-2.3489,1.8129,2.9671,-0.1010,2.0394,4.0000,0.2624,2.0645,8.0230,-0.1853,3.0000,0.0000,0.0000,0,23.6757,977.8556,662.1347,819.9951,-157.8605,14.8740,-5.0056,997.7351,672.0030
27.531,1,0,heuristic,-11.8178,41.3777,2.2097,-2.3531,1.8242,2.9774,-0.6815,2.0340,4.0000,0.3200,2.0645,7.8923,-0.1758,3.0000,0.0000,0.0000,0,23.6757,978.1326,685.3622,831.7474,-146.3852,14.7251,5.2309,987.6268,705.3182
27.581,1,0,heuristic,-11.9384,41.4742,2.1948,-2.3465,1.8307,2.9761,-0.0925,2.0282,4.0000,0.3805,2.0645,7.7529,-0.1666,3.0000,0.0000,0.0000,0,23.6757,978.4768,694.4512,836.4640,-142.0128,14.7436,-4.1876,997.4080,705.0072
27.631,1,0,heuristic,-12.0520,41.5666,2.1800,-2.3506,1.8494,2.9909,-0.6550,2.0229,4.0000,0.4368,2.0645,7.6210,-0.1571,3.0000,0.0000,0.0000,0,23.6757,989.4413,671.4717,830.4565,-158.9848,14.5310,5.7447,998.2276,691.7474
27.681,1,0,heuristic,-12.0520,41.5666,2.1653,-2.3506,1.8494,2.9909,-0.0848,2.0229,4.0000,0.4368,2.0645,7.6210,-0.1424,3.0000,0.0000,0.0000,0,23.6757,974.7992,714.2389,844.5190,-130.2802,14.5310,-3.2615,992.5917,725.5084
27.731,1,0,heuristic,-12.1725,41.6663,2.1472,-2.3436,1.8628,2.9938,-0.0573,2.0173,4.0000,0.4956,2.0645,7.4800,-0.1299,3.0000,0.0000,0.0000,0,23.6757,982.3521,685.1546,833.7533,-148.5987,14.4900,-3.1217,999.9637,696.5229
27.781,1,0,heuristic,-12.2858,41.7618,2.1325,-2.3471,1.8882,3.0123,-0.6678,2.0123,4.0000,0.5501,2.0645,7.3464,-0.1203,3.0000,0.0000,0.0000,0,23.6757,982.3521,685.1546,833.7533,-148.5987,14.2226,7.6164,988.9582,706.9936
27.831,1,0,heuristic,-12.4058,41.8649,2.1149,-2.3393,1.9074,3.0184,-0.6720,2.0069,4.0000,0.6069,2.0645,7.2037,-0.1080,3.0000,0.0000,0.0000,0,23.6757,983.0099,671.1883,827.0991,-155.9108,14.1355,8.2753,988.8700,693.5992
27.881,1,0,heuristic,-12.5187,41.9639,2.1009,-2.3416,1.9383,3.0398,-0.0598,2.0022,4.0000,0.6594,2.0645,7.0683,-0.0987,3.0000,0.0000,0.0000,0,23.6757,987.5212,727.9271,857.7242,-129.7970,13.8275,-1.5484,1000.0000,740.2062
27.931,1,0,heuristic,-12.6380,42.0708,2.0905,-2.3321,1.9617,3.0475,-0.0478,1.9971,4.0000,0.7138,2.0645,6.9237,-0.0934,3.0000,0.0000,0.0000,0,23.6757,989.6548,748.4457,869.0502,-120.6046,13.7166,-1.4393,1000.0000,760.7229
27.981,1,0,heuristic,-12.7500,42.1734,2.0731,-2.3325,1.9967,3.0705,-0.0307,1.9926,4.0000,0.7638,2.0645,6.7865,-0.0805,3.0000,0.0000,0.0000,0,23.6757,980.4176,752.1634,866.2905,-114.1271,13.3854,-1.1268,994.9298,764.4221
28.031,1,0,heuristic,-12.7500,42.1734,2.0594,-2.3325,1.9967,3.0705,-0.6522,1.9926,4.0000,0.7638,2.0645,6.7865,-0.0668,3.0000,0.0000,0.0000,0,23.6757,980.4176,752.1634,866.2905,-114.1271,13.3854,9.8488,983.9542,775.3977
28.081,1,0,heuristic,-12.8683,42.2844,2.0459,-2.3212,2.0243,3.0799,-0.0467,1.9879,4.0000,0.8154,2.0645,6.6398,-0.0580,3.0000,0.0000,0.0000,0,23.6757,976.0500,758.8321,867.4410,-108.6089,13.2492,0.1145,989.1847,772.1957
28.132,1,0,heuristic,-12.9793,42.3910,2.0292,-2.3192,2.0636,3.1044,-0.6442,1.9837,4.0000,0.8626,2.0645,6.5006,-0.0454,3.0000,0.0000,0.0000,0,23.6757,980.1779,765.5057,872.8418,-107.3361,12.8966,10.7303,982.3442,789.1326
28.181,1,0,heuristic,-13.0962,42.5061,2.0194,-2.3050,2.0938,3.1139,-0.0220,1.9794,4.0000,0.9110,2.0645,6.3520,-0.0401,3.0000,0.0000,0.0000,0,23.6757,986.3279,813.4867,899.9073,-86.4206,12.7592,0.5755,998.5116,826.8215
28.231,1,0,heuristic,-13.2055,42.6164,2.0064,-2.2994,2.1347,3.1376,-0.6270,1.9756,4.0000,0.9550,2.0645,6.2112,-0.0309,3.0000,0.0000,0.0000,0,23.6757,988.1643,822.1556,905.1600,-83.0043,12.4192,11.1779,989.4056,845.7527
28.281,1,0,heuristic,-13.2055,42.6164,1.9966,-2.2994,2.1347,3.1376,-0.6385,1.9756,4.0000,0.9550,2.0645,6.2112,-0.0211,3.0000,0.0000,0.0000,0,23.6757,976.7138,810.1193,893.4166,-83.2973,12.4192,11.7524,977.3806,834.2909
28.331,1,0,heuristic,-13.3204,42.7356,1.9780,-2.2816,2.1659,3.1460,-0.6088,1.9715,4.0000,0.9997,2.0645,6.0610,-0.0065,3.0000,0.0000,0.0000,0,23.6757,975.6585,862.0135,918.8360,-56.8225,12.2978,11.9024,976.0539,886.2137
28.381,1,0,heuristic,-13.4277,42.8498,1.9717,-2.2725,2.2088,3.1691,-0.6115,1.9681,4.0000,1.0401,2.0645,5.9186,-0.0036,3.0000,0.0000,0.0000,0,23.6757,991.7508,918.3363,955.0435,-36.7073,11.9656,12.1323,991.5841,942.4342
28.431,1,0,heuristic,-13.5404,42.9731,1.9600,-2.2511,2.2414,3.1767,0.0358,1.9645,4.0000,1.0808,2.0645,5.7667,0.0044,3.0000,0.0000,0.0000,0,23.6757,974.6528,936.9526,955.8027,-18.8501,11.8556,1.6454,984.8630,950.4536
28.481,1,0,heuristic,-13.6453,43.0915,1.9453,-2.2383,2.2864,3.1997,0.0602,1.9614,4.0000,1.1171,2.0645,5.6226,0.0161,3.0000,0.0000,0.0000,0,23.6757,991.6177,879.8108,935.7143,-55.9035,11.5247,1.7535,1000.0000,893.0890
28.532,1,0,heuristic,-13.6453,43.0915,1.9396,-2.2383,2.2864,3.1997,-0.5975,1.9614,4.0000,1.1171,2.0645,5.6226,0.0218,3.0000,0.0000,0.0000,0,23.6757,988.0509,891.6229,939.8369,-48.2140,11.5247,13.0251,986.5504,916.1727
28.582,1,0,heuristic,-13.7554,43.2196,1.9256,-2.2140,2.3215,3.2080,-0.6055,1.9582,4.0000,1.1534,2.0645,5.4687,0.0326,3.0000,0.0000,0.0000,0,23.6757,972.7728,892.7452,932.7590,-40.0138,11.4052,13.6440,970.5340,917.7944
28.631,1,0,heuristic,-13.8579,43.3422,1.9178,-2.1983,2.3681,3.2312,-0.5905,1.9557,4.0000,1.1856,2.0645,5.3228,0.0379,3.0000,0.0000,0.0000,0,23.6757,973.5536,919.9162,946.7349,-26.8187,11.0710,13.6515,970.9731,944.6388
28.681,1,0,heuristic,-13.8579,43.3422,1.9074,-2.1983,2.3681,3.2312,0.0990,1.9557,4.0000,1.1856,2.0645,5.3228,0.0483,3.0000,0.0000,0.0000,0,23.6757,982.7998,933.7839,958.2918,-24.5079,11.0710,2.4754,991.3954,947.3303
28.731,1,0,heuristic,-14.0650,43.6008,1.8923,-2.1529,2.4493,3.2609,-0.5755,1.9507,4.0000,1.2453,2.0645,5.0201,0.0583,3.0000,0.0000,0.0000,0,23.6757,989.3168,923.2299,956.2734,-33.0435,10.6426,14.3004,985.6590,948.1729
28.781,1,0,heuristic,-14.0650,43.6008,1.8875,-2.1529,2.4493,3.2609,0.1090,1.9507,4.0000,1.2453,2.0645,5.0201,0.0632,3.0000,0.0000,0.0000,0,23.6757,990.1473,926.4840,958.3156,-31.8317,10.6426,2.9892,997.8006,940.1158
28.831,1,0,heuristic,-14.1694,43.7372,1.8781,-2.1237,2.4838,3.2679,-0.5633,1.9483,3.8905,1.2726,2.0645,4.8631,0.0702,3.0000,0.0000,0.0000,0,23.6757,989.2715,919.1248,954.1981,-35.0734,8.9653,14.6035,983.6333,942.6936
28.881,1,0,heuristic,-14.2663,43.8676,1.8690,-2.1030,2.5305,3.2903,0.1290,1.9465,3.7716,1.2962,2.0645,4.7146,0.0776,3.0000,0.0000,0.0000,0,23.6757,989.9754,918.9907,954.4830,-35.4923,6.9317,3.2999,993.6072,929.2223
28.931,1,0,heuristic,-14.2663,43.8676,1.8602,-2.1030,2.5305,3.2903,-0.5523,1.9465,3.7716,1.2962,2.0645,4.7146,0.0864,3.0000,0.0000,0.0000,0,23.6757,992.7944,906.5302,949.6623,-43.1321,6.9317,15.0881,984.6379,928.5500
28.982,1,0,heuristic,-14.3677,44.0079,1.8493,-2.0721,2.5641,3.2967,-0.5657,1.9446,3.6451,1.3189,2.0645,4.5564,0.0953,3.0000,0.0000,0.0000,0,23.6757,970.7638,899.9973,935.3805,-35.3833,5.0169,15.7007,960.0799,920.7149
29.031,1,0,heuristic,-14.4618,44.1418,1.8433,-2.0497,2.6090,3.3179,-0.5475,1.9432,3.5256,1.3383,2.0645,4.4070,0.0999,3.0000,0.0000,0.0000,0,23.6757,979.6138,910.0157,944.8148,-34.7990,2.9910,15.6060,966.9987,928.6128
29.081,1,0,heuristic,-14.5599,44.2853,1.8352,-2.0172,2.6394,3.3219,0.1380,1.9416,3.3987,1.3567,2.0645,4.2484,0.1064,3.0000,0.0000,0.0000,0,23.6757,989.2788,961.0961,975.1874,-14.0914,1.1053,4.3747,986.0095,966.5761
29.131,1,0,heuristic,-14.6508,44.4218,1.8273,-1.9926,2.6802,3.3397,-0.5368,1.9405,3.2793,1.3721,2.0645,4.0991,0.1132,3.0000,0.0000,0.0000,0,23.6757,989.2788,961.0961,975.1874,-14.0914,-0.8709,15.9998,972.4081,976.2251
29.181,1,0,heuristic,-14.6508,44.4218,1.8197,-1.9926,2.6802,3.3397,0.1730,1.9405,3.2793,1.3721,2.0645,4.0991,0.1209,3.0000,0.0000,0.0000,0,23.6757,976.8749,844.6405,910.7577,-66.1172,-0.8709,4.3753,971.6288,848.1449
29.231,1,0,heuristic,-14.7455,44.5680,1.8123,-1.9584,2.7065,3.3408,-0.5302,1.9393,3.1527,1.3862,2.0645,3.9408,0.1270,3.0000,0.0000,0.0000,0,23.6757,976.8749,844.6405,910.7577,-66.1172,-2.7084,16.4528,957.7137,858.3849
29.281,1,0,heuristic,-14.8332,44.7071,1.8068,-1.9321,2.7446,3.3564,-0.5465,1.9385,3.0335,1.3976,2.0645,3.7919,0.1317,3.0000,0.0000,0.0000,0,23.6757,950.5387,815.5490,883.0439,-67.4949,-4.6498,16.9279,928.9611,827.8271
29.331,1,0,heuristic,-14.9245,44.8552,1.7980,-1.8968,2.7654,3.3535,-0.5353,1.9376,2.9079,1.4077,2.0645,3.6349,0.1396,3.0000,0.0000,0.0000,0,23.6757,950.5387,815.5490,883.0439,-67.4949,-6.4154,17.0606,927.0627,826.1942
29.381,1,0,heuristic,-15.0090,44.9950,1.7910,-1.8693,2.7950,3.3625,0.1862,1.9370,2.7907,1.4158,2.0645,3.4884,0.1460,3.0000,0.0000,0.0000,0,23.6757,932.1587,770.7569,851.4578,-80.7009,-8.2338,5.2023,918.7226,767.7254
29.431,1,0,heuristic,-15.0090,44.9950,1.7842,-1.8693,2.7950,3.3625,-0.5430,1.9370,2.7907,1.4158,2.0645,3.4884,0.1528,3.0000,0.0000,0.0000,0,23.6757,970.6319,825.8734,898.2527,-72.3793,-8.2338,17.7214,944.6767,835.3610
29.481,1,0,heuristic,-15.0968,45.1433,1.7773,-1.8331,2.8064,3.3520,0.1800,1.9362,2.6678,1.4229,2.0645,3.3347,0.1589,3.0000,0.0000,0.0000,0,23.6757,944.8866,772.3554,858.6210,-86.2656,-9.8530,5.8232,929.2103,768.3256
29.531,1,0,heuristic,-15.1779,45.2828,1.7721,-1.8047,2.8264,3.3534,0.1775,1.9358,2.5536,1.4282,2.0645,3.1920,0.1636,3.0000,0.0000,0.0000,0,23.6757,968.7478,757.6229,863.1853,-105.5624,-11.5172,6.0571,951.1735,752.1628
29.582,1,0,heuristic,-15.2623,45.4306,1.7635,-1.7684,2.8295,3.3367,0.1850,1.9351,2.4342,1.4325,2.0645,3.0428,0.1716,3.0000,0.0000,0.0000,0,23.6757,943.6011,691.2455,817.4233,-126.1778,-12.9958,6.2484,924.3569,684.4980
29.631,1,0,heuristic,-15.3404,45.5697,1.7565,-1.7401,2.8431,3.3333,-0.5627,1.9348,2.3236,1.4354,2.0645,2.9045,0.1782,3.0000,0.0000,0.0000,0,23.6757,939.0811,741.3109,840.1960,-98.8851,-14.5406,19.0749,905.4656,745.8452
29.681,1,0,heuristic,-15.3404,45.5697,1.7494,-1.7401,2.8431,3.3333,0.1645,1.9348,2.3236,1.4354,2.0645,2.9045,0.1854,3.0000,0.0000,0.0000,0,23.6757,915.6523,720.8154,818.2338,-97.4184,-14.5406,7.1359,893.9758,713.4107
29.731,1,0,heuristic,-15.4217,45.7168,1.7421,-1.7048,2.8401,3.3124,-0.5783,1.6298,4.0000,0.4141,1.6675,27.8057,-0.1124,3.0000,0.0000,0.0000,0,25.0733,929.1736,640.8488,785.0112,-144.1624,9.9009,6.1555,932.9190,656.9051
29.781,1,0,heuristic,-15.4969,45.8550,1.7366,-1.6769,2.8479,3.3049,-0.5680,1.6241,4.0000,0.4756,1.6675,27.6619,-0.1124,3.0000,0.0000,0.0000,0,25.0733,951.3538,672.3125,811.8332,-139.5207,10.0090,6.1013,955.2615,688.4228
29.831,1,0,heuristic,-15.5750,46.0011,1.7272,-1.6422,2.8402,3.2808,-0.5973,1.6182,4.0000,0.5393,1.6675,27.5102,-0.1090,3.0000,0.0000,0.0000,0,25.0733,878.4378,648.7755,763.6066,-114.8312,10.3572,6.8499,881.9451,665.9826
29.881,1,0,heuristic,-15.6474,46.1384,1.7194,-1.6154,2.8446,3.2712,0.1645,1.6127,4.0000,0.5981,1.6675,27.3677,-0.1066,3.0000,0.0000,0.0000,0,25.0733,845.1772,612.6906,728.9339,-116.2433,10.4942,-5.7413,861.4127,617.4434
29.931,1,0,heuristic,-15.6474,46.1384,1.7114,-1.6154,2.8446,3.2712,-0.6250,1.6127,4.0000,0.5981,1.6675,27.3677,-0.0986,3.0000,0.0000,0.0000,0,25.0733,765.9538,641.2931,703.6234,-62.3303,10.4942,7.8346,768.6134,659.6218
29.981,1,0,heuristic,-15.7228,46.2838,1.7031,-1.5821,2.8347,3.2463,0.1628,1.6070,4.0000,0.6590,1.6675,27.2172,-0.0961,3.0000,0.0000,0.0000,0,25.0733,765.9538,641.2931,703.6234,-62.3303,10.8527,-5.1859,781.9924,646.9598
30.031,1,0,heuristic,-15.7924,46.4201,1.6989,-1.5557,2.8356,3.2343,0.1460,1.6017,4.0000,0.7152,1.6675,27.0763,-0.0972,3.0000,0.0000,0.0000,0,25.0733,858.2955,663.1135,760.7045,-97.5910,11.0254,-4.8404,874.1612,669.2985
30.081,1,0,heuristic,-15.7924,46.4201,1.6905,-1.5557,2.8356,3.2343,-0.6190,1.6017,4.0000,0.7152,1.6675,27.0763,-0.0887,3.0000,0.0000,0.0000,0,25.0733,965.7399,712.2207,838.9803,-126.7596,11.0254,8.3421,968.4232,731.5882
30.131,1,0,heuristic,-15.8645,46.5638,1.6798,-1.5220,2.8213,3.2057,0.1522,1.5961,4.0000,0.7731,1.6675,26.9279,-0.0837,3.0000,0.0000,0.0000,0,25.0733,983.3482,733.5803,858.4642,-124.8840,11.4385,-4.3086,999.0953,740.7102
30.181,1,0,heuristic,-15.9311,46.6991,1.6712,-1.4950,2.8207,3.1924,-0.6388,1.5911,4.0000,0.8263,1.6675,26.7885,-0.0801,3.0000,0.0000,0.0000,0,25.0733,989.1274,625.2550,807.1912,-181.9362,11.6294,9.2203,991.5365,646.1046
30.231,1,0,heuristic,-16.0003,46.8434,1.6602,-1.4622,2.8116,3.1691,-0.6220,1.5858,4.0000,0.8812,1.6675,26.6400,-0.0745,3.0000,0.0000,0.0000,0,25.0733,998.3164,592.5406,795.4285,-202.8879,11.9651,9.2582,1000.0000,613.7638
30.281,1,0,heuristic,-16.0644,46.9805,1.6535,-1.4367,2.8204,3.1652,-0.6605,1.5810,4.0000,0.9318,1.6675,26.4992,-0.0724,3.0000,0.0000,0.0000,0,25.0733,983.6096,702.5406,843.0751,-140.5345,12.0211,10.0778,985.5529,724.6395
30.331,1,0,heuristic,-16.1312,47.1265,1.6443,-1.4063,2.8182,3.1496,0.1285,1.5760,4.0000,0.9841,1.6675,26.3493,-0.0683,3.0000,0.0000,0.0000,0,25.0733,992.2546,811.5263,901.8904,-90.3642,12.2462,-2.9206,1000.0000,820.8518
30.381,1,0,heuristic,-16.1930,47.2651,1.6323,-1.3825,2.8319,3.1514,0.1467,1.5716,4.0000,1.0322,1.6675,26.2074,-0.0608,3.0000,0.0000,0.0000,0,25.0733,998.7078,862.3429,930.5254,-68.1824,12.2203,-2.8482,1000.0000,871.7150
30.432,1,0,heuristic,-16.1930,47.2651,1.6226,-1.3825,2.8319,3.1514,-0.6737,1.5716,4.0000,1.0322,1.6675,26.2074,-0.0510,3.0000,0.0000,0.0000,0,25.0733,994.9640,805.3219,900.1429,-94.8210,12.2203,11.3175,995.8667,828.8597
30.481,1,0,heuristic,-16.2571,47.4138,1.6100,-1.3525,2.8373,3.1432,-0.6695,1.5669,4.0000,1.0817,1.6675,26.0554,-0.0430,3.0000,0.0000,0.0000,0,25.0733,986.9809,772.7542,879.8676,-107.1134,12.3381,11.6431,987.6760,796.7354
30.531,1,0,heuristic,-16.3160,47.5559,1.6028,-1.3275,2.8619,3.1548,-0.6428,1.5629,4.0000,1.1266,1.6675,25.9103,-0.0399,3.0000,0.0000,0.0000,0,25.0733,987.5215,814.8210,901.1713,-86.3503,12.1702,11.3969,988.2949,838.3881
30.581,1,0,heuristic,-16.3769,47.7086,1.5902,-1.2962,2.8768,3.1554,-0.6623,1.5587,4.0000,1.1725,1.6675,25.7546,-0.0315,3.0000,0.0000,0.0000,0,25.0733,997.3182,871.4558,934.3870,-62.9312,12.1627,12.1304,997.3505,895.7489
30.631,1,0,heuristic,-16.4328,47.8541,1.5831,-1.2698,2.9078,3.1730,-0.6618,1.5552,4.0000,1.2140,1.6675,25.6065,-0.0279,3.0000,0.0000,0.0000,0,25.0733,985.5207,875.5735,930.5471,-54.9736,11.9089,12.3331,985.0965,899.8155
30.681,1,0,heuristic,-16.4903,48.0105,1.5706,-1.2370,2.9279,3.1785,-0.6673,1.5514,4.0000,1.2562,1.6675,25.4474,-0.0192,3.0000,0.0000,0.0000,0,25.0733,988.5363,914.7229,951.6296,-36.9067,11.8296,12.8357,987.5302,939.3882
30.731,1,0,heuristic,-16.5427,48.1599,1.5588,-1.2082,2.9646,3.2013,-0.6450,1.5483,4.0000,1.2940,1.6675,25.2958,-0.0105,3.0000,0.0000,0.0000,0,25.0733,994.5342,929.5172,962.0257,-32.5085,11.5009,12.8647,993.1704,953.8828
30.781,1,0,heuristic,-16.5427,48.1599,1.5515,-1.2082,2.9646,3.2013,-0.6468,1.5483,4.0000,1.2940,1.6675,25.2958,-0.0032,3.0000,0.0000,0.0000,0,25.0733,994.5342,929.5172,962.0257,-32.5085,11.5009,13.1786,992.8565,954.1967
30.831,1,0,heuristic,-16.5964,48.3204,1.5402,-1.1729,2.9891,3.2110,-0.6455,1.5450,4.0000,1.3319,1.6675,25.1331,0.0048,3.0000,0.0000,0.0000,0,25.0733,985.8928,973.1259,979.5093,-6.3834,11.3621,13.5321,983.7227,998.0201
30.881,1,0,heuristic,-16.6450,48.4736,1.5313,-1.1411,3.0294,3.2372,0.2040,1.5424,4.0000,1.3655,1.6675,24.9779,0.0111,3.0000,0.0000,0.0000,0,25.0733,985.8928,973.1259,979.5093,-6.3834,10.9838,-0.4392,997.3158,983.6705
30.931,1,0,heuristic,-16.6945,48.6379,1.5227,-1.1033,3.0558,3.2488,-0.6238,1.5396,4.0000,1.3989,1.6675,24.8117,0.0169,3.0000,0.0000,0.0000,0,25.0733,990.9713,967.4396,979.2055,-11.7658,10.8168,13.7498,988.0383,992.0062
30.981,1,0,heuristic,-16.7392,48.7945,1.5143,-1.0688,3.0968,3.2761,0.2315,1.5374,4.0000,1.4283,1.6675,24.6535,0.0231,3.0000,0.0000,0.0000,0,25.0733,976.6263,879.6615,928.1439,-48.4824,10.4245,-0.3314,987.3822,889.7547
31.031,1,0,heuristic,-16.7392,48.7945,1.5063,-1.0688,3.0968,3.2761,-0.6262,1.5374,4.0000,1.4283,1.6675,24.6535,0.0311,3.0000,0.0000,0.0000,0,25.0733,998.0108,805.3115,901.6612,-96.3496,10.4245,14.3938,994.0416,830.1299
31.081,1,0,heuristic,-16.8253,49.1208,1.4947,-0.9935,3.1589,3.3115,-0.6322,1.5332,4.0000,1.4825,1.6675,24.3242,0.0385,3.0000,0.0000,0.0000,0,25.0733,988.0931,839.7093,913.9012,-74.1919,9.9146,14.8667,983.1410,864.4906
31.131,1,0,heuristic,-16.8253,49.1208,1.4890,-0.9935,3.1589,3.3115,-0.6248,1.5332,4.0000,1.4825,1.6675,24.3242,0.0442,3.0000,0.0000,0.0000,0,25.0733,988.6914,815.7502,902.2208,-86.4706,9.9146,14.9634,983.6426,840.6281
31.181,1,0,heuristic,-16.8669,49.2895,1.4815,-0.9549,3.1761,3.3165,0.2585,1.5310,4.0000,1.5076,1.6675,24.1541,0.0495,3.0000,0.0000,0.0000,0,25.0733,991.4423,908.7145,950.0784,-41.3639,9.8417,0.3712,1000.0000,918.9274
31.231,1,0,heuristic,-16.9046,49.4487,1.4741,-0.9208,3.2043,3.3339,-0.6348,1.5294,4.0000,1.5297,1.6675,23.9938,0.0553,3.0000,0.0000,0.0000,0,25.0733,994.6786,889.5277,942.1032,-52.5754,9.5914,15.6395,988.6305,914.7586
31.281,1,0,heuristic,-16.9428,49.6179,1.4648,-0.8835,3.2141,3.3333,-0.6295,1.5274,4.0000,1.5514,1.6675,23.8234,0.0626,3.0000,0.0000,0.0000,0,25.0733,971.8303,893.7919,932.8111,-39.0192,9.6001,15.8685,965.5620,919.2605
31.331,1,0,heuristic,-16.9771,49.7777,1.4575,-0.8498,3.2373,3.3470,0.2550,1.5260,4.0000,1.5701,1.6675,23.6626,0.0685,3.0000,0.0000,0.0000,0,25.0733,984.4252,912.2165,948.3209,-36.1044,9.4035,1.2701,992.5586,922.8901
31.381,1,0,heuristic,-16.9771,49.7777,1.4502,-0.8498,3.2373,3.3470,-0.6325,1.5260,4.0000,1.5701,1.6675,23.6626,0.0758,3.0000,0.0000,0.0000,0,25.0733,998.5610,915.0190,956.7900,-41.7710,9.4035,16.4621,991.5024,940.8846
31.431,1,0,heuristic,-17.0117,49.9475,1.4411,-0.8129,3.2429,3.3433,-0.6162,1.5243,4.0000,1.5881,1.6675,23.4918,0.0833,3.0000,0.0000,0.0000,0,25.0733,985.0746,920.9197,952.9972,-32.0775,9.4571,16.5092,978.0225,946.8860
31.481,1,0,heuristic,-17.0426,50.1078,1.4361,-0.7792,3.2621,3.3539,-0.6322,1.5232,4.0000,1.6034,1.6675,23.3308,0.0871,3.0000,0.0000,0.0000,0,25.0733,970.7845,961.0946,965.9395,-4.8450,9.3037,16.9517,963.1365,987.3500
31.532,1,0,heuristic,-17.0736,50.2782,1.4258,-0.7423,3.2649,3.3483,0.2605,1.5218,4.0000,1.6178,1.6675,23.1596,0.0960,3.0000,0.0000,0.0000,0,25.0733,965.7818,971.5807,968.6813,2.8994,9.3849,2.3233,972.8434,983.2889
31.581,1,0,heuristic,-17.1010,50.4390,1.4209,-0.7081,3.2823,3.3578,0.2722,1.5209,4.0000,1.6295,1.6675,22.9981,0.1000,3.0000,0.0000,0.0000,0,25.0733,996.1686,920.2019,958.1853,-37.9834,9.2476,2.2987,1000.0000,931.7482
31.632,1,0,heuristic,-17.1281,50.6102,1.4126,-0.6708,3.2841,3.3519,0.2878,1.5199,4.0000,1.6400,1.6675,22.8263,0.1073,3.0000,0.0000,0.0000,0,25.0733,996.1686,920.2019,958.1853,-37.9834,9.3332,2.3367,1000.0000,931.8719
31.681,1,0,heuristic,-17.1519,50.7719,1.4063,-0.6359,3.3011,3.3618,-0.6235,1.5194,4.0000,1.6481,1.6675,22.6640,0.1130,3.0000,0.0000,0.0000,0,25.0733,987.7081,920.8615,954.2848,-33.4233,9.1900,17.8832,979.0148,947.9347
31.731,1,0,heuristic,-17.1519,50.7719,1.4002,-0.6359,3.3011,3.3618,0.2973,1.5194,4.0000,1.6481,1.6675,22.6640,0.1191,3.0000,0.0000,0.0000,0,25.0733,987.7081,920.8615,954.2848,-33.4233,9.1900,2.6523,994.2457,932.7038
31.781,1,0,heuristic,-17.1754,50.9439,1.3927,-0.5990,3.3025,3.3564,-0.6020,1.5187,4.0000,1.6548,1.6675,22.4915,0.1260,3.0000,0.0000,0.0000,0,25.0733,991.2789,954.5548,972.9169,-18.3620,9.2681,18.0367,982.5102,981.8596
31.831,1,0,heuristic,-17.1959,51.1065,1.3868,-0.5646,3.3192,3.3668,0.3030,1.5185,4.0000,1.6595,1.6675,22.3286,0.1316,3.0000,0.0000,0.0000,0,25.0733,983.0333,958.9892,971.0112,-12.0221,9.1175,3.0598,989.0910,971.1664
31.881,1,0,heuristic,-17.2158,51.2793,1.3825,-0.5284,3.3203,3.3621,-0.6118,1.5181,4.0000,1.6627,1.6675,22.1553,0.1356,3.0000,0.0000,0.0000,0,25.0733,983.8174,957.1163,970.4669,-13.3505,9.1862,18.5874,974.4163,984.8899
31.931,1,0,heuristic,-17.2330,51.4428,1.3754,-0.4941,3.3374,3.3738,0.3188,1.5182,4.0000,1.6640,1.6675,21.9915,0.1428,3.0000,0.0000,0.0000,0,25.0733,983.8174,957.1163,970.4669,-13.3505,9.0178,3.2364,989.5988,969.3706
31.981,1,0,heuristic,-17.2330,51.4428,1.3713,-0.4941,3.3374,3.3738,-0.6055,1.5182,4.0000,1.6640,1.6675,21.9915,0.1469,3.0000,0.0000,0.0000,0,25.0733,984.5964,974.3546,979.4755,-5.1209,9.0178,18.9254,974.6888,1000.0000
32.031,1,0,heuristic,-17.2493,51.6168,1.3646,-0.4581,3.3389,3.3702,0.3345,1.5182,4.0000,1.6634,1.6675,21.8172,0.1535,3.0000,0.0000,0.0000,0,25.0733,982.5616,975.2203,978.8909,-3.6706,9.0694,3.3920,988.2390,987.6817
32.081,1,0,heuristic,-17.2631,51.7811,1.3594,-0.4239,3.3558,3.3824,-0.5910,1.5186,4.0000,1.6612,1.6675,21.6527,0.1592,3.0000,0.0000,0.0000,0,25.0733,994.3112,954.3068,974.3090,-20.0022,8.8929,19.1575,984.0466,982.3572
32.131,1,0,heuristic,-17.2759,51.9558,1.3544,-0.3883,3.3565,3.3789,0.3493,1.5189,4.0000,1.6571,1.6675,21.4778,0.1645,3.0000,0.0000,0.0000,0,25.0733,965.8199,975.2028,970.5113,4.6915,8.9445,3.5612,971.2031,987.7084
32.181,1,0,heuristic,-17.2863,52.1206,1.3484,-0.3543,3.3722,3.3908,0.3448,1.5196,4.0000,1.6516,1.6675,21.3127,0.1713,3.0000,0.0000,0.0000,0,25.0733,989.7509,976.9401,983.3455,-6.4054,8.7732,3.8934,994.6307,989.6067
32.231,1,0,heuristic,-17.2957,52.2957,1.3437,-0.3195,3.3710,3.3861,-0.5940,1.5202,4.0000,1.6441,1.6675,21.1375,0.1765,3.0000,0.0000,0.0000,0,25.0733,989.2972,978.3231,983.8101,-5.4871,8.8401,19.8568,978.2804,1000.0000
32.281,1,0,heuristic,-17.3031,52.4607,1.3391,-0.2861,3.3845,3.3966,0.3443,1.5212,4.0000,1.6354,1.6675,20.9724,0.1820,3.0000,0.0000,0.0000,0,25.0733,975.1692,986.8010,980.9851,5.8159,8.6890,4.2966,979.5615,999.7866
32.331,1,0,heuristic,-17.3031,52.4607,1.3370,-0.2861,3.3845,3.3966,0.3668,1.5212,4.0000,1.6354,1.6675,20.9724,0.1842,3.0000,0.0000,0.0000,0,25.0733,982.3422,963.6557,972.9990,-9.3433,8.6890,4.0037,987.0275,976.3484
32.381,1,0,heuristic,-17.3092,52.6359,1.3316,-0.2525,3.3813,3.3907,-0.5775,1.5220,4.0000,1.6246,1.6675,20.7971,0.1905,3.0000,0.0000,0.0000,0,25.0733,982.1836,955.8226,969.0031,-13.1805,8.7743,20.0947,970.8632,984.6917
32.431,1,0,heuristic,-17.3135,52.8009,1.3285,-0.2200,3.3927,3.3998,0.3793,1.5232,4.0000,1.6130,1.6675,20.6320,0.1947,3.0000,0.0000,0.0000,0,25.0733,986.6803,987.8679,987.2741,0.5938,8.6426,4.1704,991.1526,1000.0000
32.481,1,0,heuristic,-17.3135,52.8009,1.3244,-0.2200,3.3927,3.3998,-0.5795,1.5232,4.0000,1.6130,1.6675,20.6320,0.1988,3.0000,0.0000,0.0000,0,25.0733,986.6803,987.8679,987.2741,0.5938,8.6426,20.4363,974.8867,1000.0000
32.531,1,0,heuristic,-17.3166,52.9759,1.3196,-0.1879,3.3870,3.3922,0.3935,1.5243,4.0000,1.5991,1.6675,20.4571,0.2047,3.0000,0.0000,0.0000,0,25.0733,963.0450,981.9648,972.5049,9.4599,8.7517,4.2999,967.4968,995.0164
32.581,1,0,heuristic,-17.3181,53.1407,1.3167,-0.1567,3.3965,3.4002,-0.5895,1.5257,4.0000,1.5847,1.6675,20.2922,0.2090,3.0000,0.0000,0.0000,0,25.0733,992.7176,964.8185,978.7680,-13.9495,8.6378,20.9588,980.3966,994.4151
32.631,1,0,heuristic,-17.3183,53.3155,1.3131,-0.1260,3.3895,3.3918,0.3793,1.5270,4.0000,1.5680,1.6675,20.1175,0.2139,3.0000,0.0000,0.0000,0,25.0733,971.0965,983.5803,977.3384,6.2419,8.7576,4.8506,975.0035,997.1885
32.681,1,0,heuristic,-17.3171,53.4801,1.3095,-0.0959,3.3975,3.3988,-0.5813,1.5287,4.0000,1.5510,1.6675,19.9529,0.2191,3.0000,0.0000,0.0000,0,25.0733,981.4547,950.8814,966.1680,-15.2866,8.6568,21.1629,968.9485,980.7011
32.731,1,0,heuristic,-17.3171,53.4801,1.3062,-0.0959,3.3975,3.3988,0.4002,1.5287,4.0000,1.5510,1.6675,19.9529,0.2225,3.0000,0.0000,0.0000,0,25.0733,943.0358,981.3960,962.2159,19.1801,8.6568,4.8043,946.8883,994.8571
32.781,1,0,heuristic,-17.3144,53.6547,1.3021,-0.0664,3.3893,3.3899,-0.5797,1.5302,4.0000,1.5314,1.6675,19.7784,0.2281,3.0000,0.0000,0.0000,0,25.0733,943.0358,981.3960,962.2159,19.1801,8.7854,21.4588,930.3623,1000.0000
32.831,1,0,heuristic,-17.3107,53.8190,1.3003,-0.0374,3.3961,3.3963,-0.5830,1.5321,4.0000,1.5118,1.6675,19.6142,0.2318,3.0000,0.0000,0.0000,0,25.0733,978.4938,974.1911,976.3424,-2.1514,8.6935,21.6254,965.5620,1000.0000
32.881,1,0,heuristic,-17.3053,53.9930,1.2978,-0.0092,3.3862,3.3862,0.4268,1.5339,4.0000,1.4896,1.6675,19.4403,0.2361,3.0000,0.0000,0.0000,0,25.0733,911.1076,976.0414,943.5745,32.4669,8.8380,4.7949,915.1508,989.6744
32.931,1,0,heuristic,-17.2989,54.1569,1.2940,0.0192,3.3917,3.3918,0.4210,1.5359,4.0000,1.4675,1.6675,19.2766,0.2419,3.0000,0.0000,0.0000,0,25.0733,934.8443,955.3220,945.0832,10.2389,8.7584,5.0843,938.5184,969.1647
32.981,1,0,heuristic,-17.2989,54.1569,1.2926,0.0192,3.3917,3.3918,-0.5483,1.5359,4.0000,1.4675,1.6675,19.2766,0.2433,3.0000,0.0000,0.0000,0,25.0733,912.0302,963.1990,937.6146,25.5844,8.7584,21.4207,899.3679,993.3781
33.031,1,0,heuristic,-17.2908,54.3304,1.2891,0.0464,3.3808,3.3812,-0.5665,1.5379,4.0000,1.4427,1.6675,19.1033,0.2488,3.0000,0.0000,0.0000,0,25.0733,924.6690,988.0311,956.3500,31.6810,8.9113,21.9029,911.6774,1000.0000
33.081,1,0,heuristic,-17.2821,54.4936,1.2876,0.0736,3.3845,3.3853,-0.5657,1.5402,4.0000,1.4182,1.6675,18.9404,0.2526,3.0000,0.0000,0.0000,0,25.0733,860.3701,989.5616,924.9658,64.5958,8.8519,21.9988,847.2232,1000.0000
33.131,1,0,heuristic,-17.2821,54.4936,1.2853,0.0736,3.3845,3.3853,0.4335,1.5402,4.0000,1.4182,1.6675,18.9404,0.2549,3.0000,0.0000,0.0000,0,25.0733,833.2759,972.5486,902.9122,69.6364,8.8519,5.3008,836.8270,986.7014
33.181,1,0,heuristic,-17.2715,54.6661,1.2833,0.0995,3.3713,3.3728,-0.5517,1.5424,4.0000,1.3910,1.6675,18.7681,0.2591,3.0000,0.0000,0.0000,0,25.0733,801.5733,991.8225,896.6979,95.1246,9.0318,21.9733,788.6318,1000.0000
33.232,1,0,heuristic,-17.2604,54.8281,1.2819,0.1258,3.3718,3.3742,-0.5445,1.5448,4.0000,1.3644,1.6675,18.6064,0.2629,3.0000,0.0000,0.0000,0,25.0733,843.5108,949.2677,896.3893,52.8785,9.0119,21.9552,830.5675,980.2348
33.282,1,0,heuristic,-17.2474,54.9988,1.2801,0.1506,3.3542,3.3576,-0.5355,1.5471,4.0000,1.3349,1.6675,18.4360,0.2670,3.0000,0.0000,0.0000,0,25.0733,752.9462,974.1713,863.5587,110.6126,9.2506,21.9170,740.2798,1000.0000
33.331,1,0,heuristic,-17.2341,55.1588,1.2790,0.1759,3.3498,3.3545,0.5165,1.5497,4.0000,1.3063,1.6675,18.2765,0.2706,3.0000,0.0000,0.0000,0,25.0733,643.5051,979.1348,811.3200,167.8148,9.2958,4.3358,648.4651,992.7664
33.381,1,0,heuristic,-17.2341,55.1588,1.2785,0.1759,3.3498,3.3545,0.4950,1.5497,4.0000,1.3063,1.6675,18.2765,0.2711,3.0000,0.0000,0.0000,0,25.0733,726.5710,985.8914,856.2312,129.6602,9.2958,4.7169,731.1499,999.9041
33.431,1,0,heuristic,-17.2189,55.3271,1.2782,0.1994,3.3274,3.3333,0.5390,1.5521,4.0000,1.2748,1.6675,18.1085,0.2740,3.0000,0.0000,0.0000,0,25.0733,821.0940,975.4517,898.2729,77.1789,9.5998,4.0354,826.6584,989.0869
33.481,1,0,heuristic,-17.2035,55.4841,1.2783,0.2238,3.3161,3.3236,0.5408,1.5547,4.0000,1.2443,1.6675,17.9520,0.2764,3.0000,0.0000,0.0000,0,25.0733,863.9448,990.1214,927.0331,63.0883,9.7402,4.0498,869.6352,1000.0000
33.531,1,0,heuristic,-17.1860,55.6496,1.2791,0.2462,3.2891,3.2983,-0.4925,1.5574,4.0000,1.2109,1.6675,17.7872,0.2782,3.0000,0.0000,0.0000,0,25.0733,863.9448,990.1214,927.0331,63.0883,10.1051,21.4229,852.6269,1000.0000
33.581,1,0,heuristic,-17.1686,55.8050,1.2806,0.2696,3.2789,3.2899,-0.4890,1.5602,4.0000,1.1786,1.6675,17.6323,0.2796,3.0000,0.0000,0.0000,0,25.0733,855.3301,990.6308,922.9804,67.6504,10.2252,21.3611,844.1942,1000.0000
33.632,1,0,heuristic,-17.1686,55.8050,1.2813,0.2696,3.2789,3.2899,-0.4890,1.5602,4.0000,1.1786,1.6675,17.6323,0.2789,3.0000,0.0000,0.0000,0,25.0733,798.5947,967.2250,882.9098,84.3152,10.2252,21.3350,787.4849,998.7853
33.681,1,0,heuristic,-17.1491,55.9694,1.2838,0.2906,3.2556,3.2685,-0.4723,1.5630,4.0000,1.1433,1.6675,17.4685,0.2792,3.0000,0.0000,0.0000,0,25.0733,798.5947,967.2250,882.9098,84.3152,10.5333,21.0061,788.1219,998.7645
33.731,1,0,heuristic,-17.1298,56.1239,1.2847,0.3127,3.2482,3.2633,-0.4813,1.5661,4.0000,1.1092,1.6675,17.3147,0.2813,3.0000,0.0000,0.0000,0,25.0733,690.9124,979.9931,835.4527,144.5403,10.6090,21.1793,680.3421,1000.0000
33.781,1,0,heuristic,-17.1085,56.2872,1.2881,0.3323,3.2264,3.2434,-0.4660,1.5692,4.0000,1.0722,1.6675,17.1523,0.2811,3.0000,0.0000,0.0000,0,25.0733,540.1424,979.3790,759.7607,219.6183,10.8945,20.8476,530.1893,1000.0000
33.831,1,0,heuristic,-17.0875,56.4401,1.2907,0.3532,3.2184,3.2377,0.6208,1.5723,4.0000,1.0366,1.6675,17.0002,0.2816,3.0000,0.0000,0.0000,0,25.0733,540.1424,979.3790,759.7607,219.6183,10.9769,2.5487,548.5706,992.9046
33.882,1,0,heuristic,-17.0875,56.4401,1.2931,0.3532,3.2184,3.2377,0.6180,1.5723,4.0000,1.0366,1.6675,17.0002,0.2793,3.0000,0.0000,0.0000,0,25.0733,729.5951,962.1632,845.8792,116.2840,10.9769,2.5036,738.0684,975.6437
33.931,1,0,heuristic,-17.0643,56.6007,1.2976,0.3717,3.1925,3.2141,0.6505,1.5756,4.0000,0.9980,1.6675,16.8405,0.2780,3.0000,0.0000,0.0000,0,25.0733,790.5024,975.0408,882.7716,92.2692,11.3171,1.8379,799.9816,988.1958
33.981,1,0,heuristic,-17.0416,56.7507,1.2997,0.3919,3.1789,3.2030,0.6480,1.5788,4.0000,0.9609,1.6675,16.6915,0.2791,3.0000,0.0000,0.0000,0,25.0733,791.7505,974.2165,882.9835,91.2330,11.4766,1.8574,801.3697,987.5504
34.031,1,0,heuristic,-17.0416,56.7507,1.3042,0.3919,3.1789,3.2030,-0.4193,1.5788,4.0000,0.9609,1.6675,16.6915,0.2746,3.0000,0.0000,0.0000,0,25.0733,741.6213,970.2684,855.9448,114.3236,11.4766,19.6116,733.4863,1000.0000
34.082,1,0,heuristic,-16.9926,57.0591,1.3117,0.4281,3.1465,3.1755,-0.4173,1.5857,4.0000,0.8823,1.6675,16.3854,0.2740,3.0000,0.0000,0.0000,0,25.0733,673.1122,996.0243,834.5682,161.4560,11.8733,19.4127,665.5728,1000.0000
34.131,1,0,heuristic,-16.9926,57.0591,1.3143,0.4281,3.1465,3.1755,-0.4042,1.5857,4.0000,0.8823,1.6675,16.3854,0.2715,3.0000,0.0000,0.0000,0,25.0733,666.9833,981.1742,824.0787,157.0955,11.8733,19.0937,659.7629,1000.0000
34.182,1,0,heuristic,-16.9662,57.2175,1.3212,0.4439,3.1265,3.1578,0.6917,1.5894,4.0000,0.8408,1.6675,16.2283,0.2682,3.0000,0.0000,0.0000,0,25.0733,611.1549,992.5118,801.8334,190.6785,12.1272,0.4761,622.8060,1000.0000
34.231,1,0,heuristic,-16.9407,57.3662,1.3255,0.4614,3.1205,3.1544,-0.3955,1.5930,4.0000,0.8010,1.6675,16.0810,0.2675,3.0000,0.0000,0.0000,0,25.0733,683.5057,978.0478,830.7768,147.2711,12.1768,18.6412,677.0413,1000.0000
34.281,1,0,heuristic,-16.9407,57.3662,1.3318,0.4614,3.1205,3.1544,0.7215,1.5930,4.0000,0.8010,1.6675,16.0810,0.2612,3.0000,0.0000,0.0000,0,25.0733,741.1949,996.8117,869.0033,127.8084,12.1768,-0.3677,753.7395,1000.0000
34.331,1,0,heuristic,-16.9130,57.5229,1.3401,0.4758,3.0994,3.1357,-0.3675,1.5968,4.0000,0.7583,1.6675,15.9257,0.2567,3.0000,0.0000,0.0000,0,25.0733,732.6561,982.5190,857.5876,124.9314,12.4459,17.6705,727.4315,1000.0000
34.381,1,0,heuristic,-16.8863,57.6701,1.3472,0.4918,3.0927,3.1316,0.7420,1.6005,4.0000,0.7175,1.6675,15.7801,0.2533,3.0000,0.0000,0.0000,0,25.0733,745.0511,982.0674,863.5593,118.5082,12.5054,-1.1768,758.7332,993.3961
34.431,1,0,heuristic,-16.8575,57.8260,1.3564,0.5043,3.0738,3.1149,0.7412,1.6045,4.0000,0.6737,1.6675,15.6259,0.2481,3.0000,0.0000,0.0000,0,25.0733,699.1425,978.6477,838.8951,139.7526,12.7459,-1.4523,713.3407,989.9413
34.481,1,0,heuristic,-16.8299,57.9728,1.3622,0.5183,3.0708,3.1142,0.7418,1.6084,4.0000,0.6321,1.6675,15.4808,0.2462,3.0000,0.0000,0.0000,0,25.0733,699.1425,978.6477,838.8951,139.7526,12.7551,-1.6142,713.5119,989.7886
34.531,1,0,heuristic,-16.8003,58.1284,1.3719,0.5285,3.0551,3.1005,0.7465,1.6124,4.0000,0.5877,1.6675,15.3271,0.2405,3.0000,0.0000,0.0000,0,25.0733,721.5257,992.2777,856.9017,135.3760,12.9526,-2.0011,736.4794,1000.0000
34.581,1,0,heuristic,-16.7721,58.2749,1.3800,0.5402,3.0543,3.1018,-0.3438,1.6164,4.0000,0.5455,1.6675,15.1826,0.2364,3.0000,0.0000,0.0000,0,25.0733,637.7493,988.3275,813.0384,175.2891,12.9348,16.0727,634.6114,1000.0000
34.631,1,0,heuristic,-16.7721,58.2749,1.3882,0.5402,3.0543,3.1018,0.7615,1.6164,4.0000,0.5455,1.6675,15.1826,0.2282,3.0000,0.0000,0.0000,0,25.0733,676.0877,992.5447,834.3162,158.2285,12.9348,-2.8157,691.8382,1000.0000
34.681,1,0,heuristic,-16.7419,58.4301,1.3967,0.5484,3.0405,3.0895,-0.3475,1.6205,4.0000,0.5004,1.6675,15.0295,0.2238,3.0000,0.0000,0.0000,0,25.0733,774.8850,986.3782,880.6316,105.7466,13.1108,15.5583,772.4375,1000.0000
34.731,1,0,heuristic,-16.7131,58.5761,1.4032,0.5587,3.0404,3.0913,-0.3410,1.6245,4.0000,0.4576,1.6675,14.8858,0.2213,3.0000,0.0000,0.0000,0,25.0733,852.7940,991.8859,922.3400,69.5460,13.0847,15.2689,850.6098,1000.0000
34.781,1,0,heuristic,-16.6823,58.7310,1.4121,0.5655,3.0281,3.0805,0.7893,1.6287,4.0000,0.4120,1.6675,14.7333,0.2167,3.0000,0.0000,0.0000,0,25.0733,766.2192,966.6968,866.4580,100.2388,13.2410,-3.9910,783.4511,975.9469
34.831,1,0,heuristic,-16.6531,58.8776,1.4232,0.5738,3.0337,3.0875,0.7735,1.6328,4.0000,0.3688,1.6675,14.5890,0.2096,3.0000,0.0000,0.0000,0,25.0733,691.7225,968.5175,830.1200,138.3975,13.1405,-4.0864,708.9493,977.5717
34.881,1,0,heuristic,-16.6531,58.8776,1.4322,0.5738,3.0337,3.0875,-0.3553,1.6328,4.0000,0.3688,1.6675,14.5890,0.2006,3.0000,0.0000,0.0000,0,25.0733,714.4733,989.2750,851.8741,137.4008,13.1405,14.5253,713.0886,1000.0000
34.931,1,0,heuristic,-16.6222,59.0337,1.4412,0.5782,3.0274,3.0821,0.7865,1.6371,4.0000,0.3229,1.6675,14.4356,0.1959,3.0000,0.0000,0.0000,0,25.0733,714.4733,989.2750,851.8741,137.4008,13.2182,-4.9292,732.6206,997.5639
34.981,1,0,heuristic,-16.5929,59.1809,1.4503,0.5844,3.0351,3.0908,-0.3458,1.6412,4.0000,0.2796,1.6675,14.2911,0.1909,3.0000,0.0000,0.0000,0,25.0733,602.2902,989.2272,795.7587,193.4685,13.0924,13.8122,601.5704,1000.0000
35.031,1,0,heuristic,-16.5618,59.3372,1.4615,0.5872,3.0290,3.0854,-0.3475,1.6455,4.0000,0.2335,1.6675,14.1377,0.1840,3.0000,0.0000,0.0000,0,25.0733,652.1058,992.1909,822.1483,170.0426,13.1707,13.4816,651.7949,1000.0000
35.081,1,0,heuristic,-16.5324,59.4844,1.4688,0.5923,3.0368,3.0940,-0.3443,1.6497,4.0000,0.1901,1.6675,13.9934,0.1809,3.0000,0.0000,0.0000,0,25.0733,680.4344,977.4123,828.9233,148.4889,13.0462,13.2176,680.2630,1000.0000
35.131,1,0,heuristic,-16.5011,59.6404,1.4804,0.5942,3.0292,3.0870,-0.3347,1.6540,4.0000,0.1439,1.6675,13.8406,0.1736,3.0000,0.0000,0.0000,0,25.0733,646.5336,972.5939,809.5638,163.0301,13.1478,12.6805,647.0010,998.4222
35.181,1,0,heuristic,-16.4716,59.7873,1.4929,0.5983,3.0356,3.0940,-0.3220,1.6581,4.0000,0.1003,1.6675,13.6969,0.1652,3.0000,0.0000,0.0000,0,25.0733,660.5909,987.0844,823.8377,163.2467,13.0468,12.0517,661.5860,1000.0000
35.231,1,0,heuristic,-16.4716,59.7873,1.5030,0.5983,3.0356,3.0940,0.8297,1.6581,4.0000,0.1003,1.6675,13.6969,0.1551,3.0000,0.0000,0.0000,0,25.0733,607.6313,982.1428,794.8870,187.2557,13.0468,-7.6918,628.3698,987.4977
35.281,1,0,heuristic,-16.4403,59.9430,1.5133,0.5990,3.0274,3.0861,-0.3235,1.6624,4.0000,0.0541,1.6675,13.5446,0.1492,3.0000,0.0000,0.0000,0,25.0733,665.5833,973.4035,819.4934,153.9101,13.1601,11.3601,667.3833,997.9237
35.331,1,0,heuristic,-16.4109,60.0896,1.5209,0.6019,3.0328,3.0920,-0.3242,1.6665,4.0000,0.0106,1.6675,13.4014,0.1456,3.0000,0.0000,0.0000,0,25.0733,740.8535,999.1974,870.0254,129.1720,13.0758,11.1481,742.7812,1000.0000
35.381,1,0,heuristic,-16.3797,60.2449,1.5345,0.6012,3.0235,3.0827,-0.3125,1.6708,4.0000,-0.0353,1.6675,13.2499,0.1364,3.0000,0.0000,0.0000,0,25.0733,740.8535,999.1974,870.0254,129.1720,13.2088,10.4970,743.5653,1000.0000
35.431,1,0,heuristic,-16.3506,60.3914,1.5454,0.6022,3.0291,3.0884,0.8595,1.6749,4.0000,-0.0784,1.6675,13.1071,0.1295,3.0000,0.0000,0.0000,0,25.0733,659.9385,985.7716,822.8551,162.9166,13.1267,-9.5467,682.6119,989.3516
35.481,1,0,heuristic,-16.3506,60.3914,1.5563,0.6022,3.0291,3.0884,-0.3190,1.6749,4.0000,-0.0784,1.6675,13.1071,0.1185,3.0000,0.0000,0.0000,0,25.0733,752.6517,965.0703,858.8610,106.2093,13.1267,9.8258,755.9525,988.0228
35.531,1,0,heuristic,-16.2918,60.6941,1.5730,0.5974,3.0303,3.0886,-0.3317,1.6832,4.0000,-0.1663,1.6675,12.8123,0.1102,3.0000,0.0000,0.0000,0,25.0733,854.0659,969.3984,911.7321,57.6663,13.1235,9.5384,857.6510,992.0604
35.581,1,0,heuristic,-16.2918,60.6941,1.5785,0.5974,3.0303,3.0886,-0.3365,1.6832,4.0000,-0.1663,1.6675,12.8123,0.1047,3.0000,0.0000,0.0000,0,25.0733,854.0659,969.3984,911.7321,57.6663,13.1235,9.4029,857.7865,991.9248
35.631,1,0,heuristic,-16.2622,60.8505,1.5952,0.5916,3.0257,3.0830,-0.3380,1.6874,4.0000,-0.2108,1.6675,12.6602,0.0922,3.0000,0.0000,0.0000,0,25.0733,733.2037,989.2162,861.2099,128.0062,13.2052,8.8533,737.5556,1000.0000
35.681,1,0,heuristic,-16.2351,60.9989,1.6060,0.5862,3.0389,3.0949,0.8435,1.6912,4.0000,-0.2521,1.6675,12.5159,0.0852,3.0000,0.0000,0.0000,0,25.0733,768.3429,985.5437,876.9433,108.6004,13.0336,-11.3529,792.7294,987.2245
35.731,1,0,heuristic,-16.2072,61.1574,1.6169,0.5763,3.0405,3.0946,-0.3520,1.6952,4.0000,-0.2952,1.6675,12.3619,0.0784,3.0000,0.0000,0.0000,0,25.0733,783.3018,962.0157,872.6588,89.3569,13.0374,8.3817,787.9575,983.4348
35.781,1,0,heuristic,-16.1816,61.3074,1.6300,0.5679,3.0574,3.1097,-0.3555,1.6989,4.0000,-0.3352,1.6675,12.2161,0.0690,3.0000,0.0000,0.0000,0,25.0733,854.1735,980.8846,917.5291,63.3555,12.8203,7.9952,858.9987,1000.0000
35.831,1,0,heuristic,-16.1552,61.4674,1.6412,0.5557,3.0613,3.1113,0.8513,1.7028,4.0000,-0.3769,1.6675,12.0607,0.0617,3.0000,0.0000,0.0000,0,25.0733,799.4774,987.2298,893.3536,93.8762,12.7967,-12.6453,824.9194,987.3812
35.882,1,0,heuristic,-16.1313,61.6192,1.6539,0.5442,3.0819,3.1296,0.8530,1.7063,4.0000,-0.4153,1.6675,11.9132,0.0524,3.0000,0.0000,0.0000,0,25.0733,799.4774,987.2298,893.3536,93.8762,12.5342,-13.1115,825.1231,986.6525
35.931,1,0,heuristic,-16.1313,61.6192,1.6642,0.5442,3.0819,3.1296,-0.3585,1.7063,4.0000,-0.4153,1.6675,11.9132,0.0422,3.0000,0.0000,0.0000,0,25.0733,925.2221,972.4708,948.8465,23.6243,12.5342,6.8416,930.9147,991.8465
35.981,1,0,heuristic,-16.1070,61.7815,1.6744,0.5288,3.0896,3.1345,0.8525,1.7100,4.0000,-0.4552,1.6675,11.7556,0.0356,3.0000,0.0000,0.0000,0,25.0733,908.7566,961.3636,935.0601,26.3035,12.4627,-13.8355,935.0548,959.9908
36.031,1,0,heuristic,-16.0851,61.9354,1.6868,0.5142,3.1129,3.1551,-0.3818,1.7133,4.0000,-0.4918,1.6675,11.6062,0.0265,3.0000,0.0000,0.0000,0,25.0733,895.4134,981.7050,938.5592,43.1458,12.1667,6.4706,901.1095,1000.0000
36.081,1,0,heuristic,-16.0633,62.1000,1.6966,0.4952,3.1236,3.1626,0.8215,1.7168,4.0000,-0.5294,1.6675,11.4462,0.0202,3.0000,0.0000,0.0000,0,25.0733,791.1683,951.3039,871.2361,80.0678,12.0589,-14.0625,817.2897,949.3002
36.131,1,0,heuristic,-16.0441,62.2563,1.7083,0.4763,3.1501,3.1859,0.8390,1.7198,4.0000,-0.5636,1.6675,11.2943,0.0115,3.0000,0.0000,0.0000,0,25.0733,843.9750,953.4327,898.7039,54.7288,11.7235,-14.7607,870.4592,950.3955
36.181,1,0,heuristic,-16.0251,62.4230,1.7174,0.4542,3.1610,3.1935,-0.4163,1.7229,4.0000,-0.5987,1.6675,11.1323,0.0055,3.0000,0.0000,0.0000,0,25.0733,924.0120,942.3601,933.1860,9.1740,11.6137,6.0268,929.5989,960.0006
36.231,1,0,heuristic,-16.0251,62.4230,1.7241,0.4542,3.1610,3.1935,-0.4198,1.7229,4.0000,-0.5987,1.6675,11.1323,-0.0012,3.0000,0.0000,0.0000,0,25.0733,933.4177,965.0456,949.2317,15.8140,11.6137,5.8243,939.2071,982.4836
36.281,1,0,heuristic,-16.0083,62.5804,1.7350,0.4331,3.1846,3.2139,-0.4205,1.7257,4.0000,-0.6305,1.6675,10.9793,-0.0093,3.0000,0.0000,0.0000,0,25.0733,930.5094,988.3902,959.4498,28.9404,11.3196,5.4585,936.3705,1000.0000
36.331,1,0,heuristic,-15.9921,62.7479,1.7452,0.4091,3.1921,3.2182,-0.4425,1.7287,4.0000,-0.6629,1.6675,10.8163,-0.0166,3.0000,0.0000,0.0000,0,25.0733,869.3931,988.3667,928.8799,59.4868,11.2577,5.4835,875.1673,1000.0000
36.382,1,0,heuristic,-15.9781,62.9065,1.7497,0.3854,3.2145,3.2375,0.8080,1.7312,4.0000,-0.6921,1.6675,10.6620,-0.0185,3.0000,0.0000,0.0000,0,25.0733,852.1832,992.5968,922.3900,70.2068,10.9797,-15.6549,878.8179,987.9216
36.431,1,0,heuristic,-15.9648,63.0753,1.7596,0.3597,3.2209,3.2410,0.7923,1.7339,4.0000,-0.7217,1.6675,10.4976,-0.0257,3.0000,0.0000,0.0000,0,25.0733,903.3183,971.5229,937.4206,34.1023,10.9302,-15.7298,929.9782,966.7233
36.481,1,0,heuristic,-15.9534,63.2347,1.7675,0.3352,3.2409,3.2582,-0.4620,1.7362,4.0000,-0.7484,1.6675,10.3423,-0.0313,3.0000,0.0000,0.0000,0,25.0733,943.5563,948.7090,946.1327,2.5764,10.6826,5.0732,949.1656,964.4648
36.531,1,0,heuristic,-15.9534,63.2347,1.7733,0.3352,3.2409,3.2582,-0.4590,1.7362,4.0000,-0.7484,1.6675,10.3423,-0.0371,3.0000,0.0000,0.0000,0,25.0733,919.0010,970.1871,944.5941,25.5930,10.6826,4.7974,924.8862,985.6671
36.581,1,0,heuristic,-15.9427,63.4041,1.7827,0.3092,3.2442,3.2589,-0.4487,1.7386,4.0000,-0.7754,1.6675,10.1772,-0.0441,3.0000,0.0000,0.0000,0,25.0733,923.5168,984.1466,953.8317,30.3149,10.6724,4.3024,929.8869,999.1214
36.631,1,0,heuristic,-15.9340,63.5641,1.7863,0.2835,3.2619,3.2742,-0.4768,1.7407,4.0000,-0.7995,1.6675,10.0212,-0.0457,3.0000,0.0000,0.0000,0,25.0733,881.9000,992.5640,937.2320,55.3320,10.4510,4.6656,887.6855,1000.0000
36.681,1,0,heuristic,-15.9263,63.7342,1.7972,0.2564,3.2639,3.2740,-0.4710,1.7429,4.0000,-0.8236,1.6675,9.8551,-0.0543,3.0000,0.0000,0.0000,0,25.0733,879.4024,986.2602,932.8313,53.4289,10.4548,4.1882,885.6690,1000.0000
36.731,1,0,heuristic,-15.9203,63.8949,1.8041,0.2302,3.2804,3.2885,0.8043,1.7447,4.0000,-0.8451,1.6675,9.6983,-0.0595,3.0000,0.0000,0.0000,0,25.0733,879.4024,986.2602,932.8313,53.4289,10.2461,-17.4775,907.1259,979.0289
36.781,1,0,heuristic,-15.9203,63.8949,1.8094,0.2302,3.2804,3.2885,0.7970,1.7447,4.0000,-0.8451,1.6675,9.6983,-0.0647,3.0000,0.0000,0.0000,0,25.0733,945.4126,942.5208,943.9667,-1.4459,10.2461,-17.5608,973.2195,935.2062
36.832,1,0,heuristic,-15.9153,64.0655,1.8179,0.2034,3.2805,3.2868,0.7805,1.7466,4.0000,-0.8666,1.6675,9.5315,-0.0713,3.0000,0.0000,0.0000,0,25.0733,956.5853,894.2589,925.4221,-31.1632,10.2701,-17.5779,984.4333,886.9511
36.881,1,0,heuristic,-15.9119,64.2264,1.8213,0.1768,3.2952,3.2999,0.7913,1.7482,4.0000,-0.8855,1.6675,9.3740,-0.0731,3.0000,0.0000,0.0000,0,25.0733,977.2876,891.3985,934.3430,-42.9446,10.0815,-17.8649,1000.0000,883.6151
36.931,1,0,heuristic,-15.9100,64.3973,1.8294,0.1487,3.2934,3.2968,-0.5202,1.7499,4.0000,-0.9038,1.6675,9.2067,-0.0795,3.0000,0.0000,0.0000,0,25.0733,989.7697,880.5144,935.1421,-54.6276,10.1265,3.8837,996.0124,894.5246
36.981,1,0,heuristic,-15.9100,64.3973,1.8356,0.1487,3.2934,3.2968,0.7660,1.7499,4.0000,-0.9038,1.6675,9.2067,-0.0857,3.0000,0.0000,0.0000,0,25.0733,948.3619,943.7538,946.0579,-2.3040,10.1265,-17.9671,976.4554,935.9132
37.032,1,0,heuristic,-15.9099,64.5584,1.8399,0.1196,3.3060,3.3081,-0.5318,1.7512,4.0000,-0.9195,1.6675,9.0487,-0.0887,3.0000,0.0000,0.0000,0,25.0733,961.2341,946.7334,953.9838,-7.2503,9.9628,3.6890,967.5078,960.3852
37.081,1,0,heuristic,-15.9115,64.7294,1.8468,0.0895,3.3025,3.3037,0.7660,1.7526,4.0000,-0.9345,1.6675,8.8808,-0.0942,3.0000,0.0000,0.0000,0,25.0733,961.2341,946.7334,953.9838,-7.2503,10.0266,-18.3541,989.6148,938.4058
37.131,1,0,heuristic,-15.9145,64.8908,1.8506,0.0591,3.3143,3.3149,-0.5410,1.7536,4.0000,-0.9471,1.6675,8.7222,-0.0970,3.0000,0.0000,0.0000,0,25.0733,918.4896,912.3930,915.4413,-3.0483,9.8660,3.4717,924.8838,925.7307
37.181,1,0,heuristic,-15.9145,64.8908,1.8556,0.0591,3.3143,3.3149,0.7610,1.7536,4.0000,-0.9471,1.6675,8.7222,-0.1020,3.0000,0.0000,0.0000,0,25.0733,951.1539,947.2257,949.1898,-1.9641,9.8660,-18.5953,979.6151,938.4964
37.231,1,0,heuristic,-15.9192,65.0621,1.8602,0.0290,3.3104,3.3105,-0.5520,1.7547,4.0000,-0.9589,1.6675,8.5536,-0.1055,3.0000,0.0000,0.0000,0,25.0733,959.4263,925.0787,942.2525,-17.1738,9.9281,3.3051,966.0493,938.3119
37.281,1,0,heuristic,-15.9250,65.2235,1.8633,-0.0009,3.3205,3.3205,-0.5630,1.7555,4.0000,-0.9687,1.6675,8.3946,-0.1078,3.0000,0.0000,0.0000,0,25.0733,924.9063,969.5984,947.2524,22.3460,9.7846,3.3824,931.3085,982.7655
37.331,1,0,heuristic,-15.9326,65.3945,1.8689,-0.0300,3.3144,3.3146,-0.5780,1.7564,4.0000,-0.9776,1.6675,8.2258,-0.1125,3.0000,0.0000,0.0000,0,25.0733,890.2958,958.6744,924.4851,34.1893,9.8703,3.4326,896.7335,971.9773
37.381,1,0,heuristic,-15.9411,65.5558,1.8731,-0.0591,3.3233,3.3238,0.7470,1.7569,4.0000,-0.9848,1.6675,8.0666,-0.1161,3.0000,0.0000,0.0000,0,25.0733,857.8652,996.2737,927.0695,69.2043,9.7374,-18.9808,886.5833,987.0303
37.431,1,0,heuristic,-15.9411,65.5558,1.8770,-0.0591,3.3233,3.3238,-0.5760,1.7569,4.0000,-0.9848,1.6675,8.0666,-0.1201,3.0000,0.0000,0.0000,0,25.0733,931.8454,921.3695,926.6075,-5.2379,9.7374,3.0915,938.4913,934.1984
37.481,1,0,heuristic,-15.9512,65.7266,1.8810,-0.0862,3.3158,3.3169,0.7642,1.7576,4.0000,-0.9912,1.6675,7.8976,-0.1235,3.0000,0.0000,0.0000,0,25.0733,931.8454,921.3695,926.6075,-5.2379,9.8363,-19.5676,961.2494,911.6383
37.531,1,0,heuristic,-15.9617,65.8874,1.8844,-0.1129,3.3226,3.3246,0.7618,1.7580,4.0000,-0.9963,1.6675,7.7385,-0.1264,3.0000,0.0000,0.0000,0,25.0733,984.8681,922.1140,953.4911,-31.3771,9.7264,-19.6497,1000.0000,912.1907
37.581,1,0,heuristic,-15.9742,66.0577,1.8889,-0.1381,3.3129,3.3158,0.7392,1.7584,4.0000,-1.0004,1.6675,7.5698,-0.1305,3.0000,0.0000,0.0000,0,25.0733,974.6619,893.0530,933.8575,-40.8045,9.8527,-19.4384,1000.0000,883.4673
37.631,1,0,heuristic,-15.9871,66.2179,1.8926,-0.1646,3.3180,3.3221,-0.5900,1.7586,4.0000,-1.0029,1.6675,7.4109,-0.1340,3.0000,0.0000,0.0000,0,25.0733,973.1451,901.2115,937.1783,-35.9668,9.7624,2.7505,980.1570,913.7244
37.682,1,0,heuristic,-15.9871,66.2179,1.8944,-0.1646,3.3180,3.3221,0.7388,1.7586,4.0000,-1.0029,1.6675,7.4109,-0.1358,3.0000,0.0000,0.0000,0,25.0733,950.3496,857.2952,903.8224,-46.5272,9.7624,-19.6425,979.7545,847.4151
37.731,1,0,heuristic,-16.0023,66.3876,1.8994,-0.1901,3.3072,3.3127,-0.6038,1.7588,4.0000,-1.0042,1.6675,7.2423,-0.1406,3.0000,0.0000,0.0000,0,25.0733,910.9357,833.0768,872.0062,-38.9294,9.8976,2.7233,918.1100,845.6977
37.781,1,0,heuristic,-16.0179,66.5473,1.9014,-0.2169,3.3110,3.3181,-0.6308,1.7587,4.0000,-1.0041,1.6675,7.0834,-0.1426,3.0000,0.0000,0.0000,0,25.0733,957.3565,912.0048,934.6807,-22.6758,9.8189,3.0969,964.0785,924.9207
37.832,1,0,heuristic,-16.0356,66.7159,1.9052,-0.2417,3.2973,3.3062,-0.6278,1.7588,4.0000,-1.0028,1.6675,6.9154,-0.1464,3.0000,0.0000,0.0000,0,25.0733,959.2444,839.1745,899.2094,-60.0350,9.9911,2.9022,966.3332,852.0678
37.881,1,0,heuristic,-16.0534,66.8743,1.9077,-0.2674,3.2979,3.3087,0.7265,1.7585,4.0000,-1.0004,1.6675,6.7574,-0.1492,3.0000,0.0000,0.0000,0,25.0733,954.5772,934.5022,944.5397,-10.0375,9.9549,-19.9548,984.4869,924.5023
37.931,1,0,heuristic,-16.0534,66.8743,1.9100,-0.2674,3.2979,3.3087,-0.6270,1.7585,4.0000,-1.0004,1.6675,6.7574,-0.1515,3.0000,0.0000,0.0000,0,25.0733,954.5772,934.5022,944.5397,-10.0375,9.9549,2.6957,961.8363,947.1528
37.981,1,0,heuristic,-16.0735,67.0420,1.9126,-0.2911,3.2831,3.2960,0.7193,1.7583,4.0000,-0.9966,1.6675,6.5900,-0.1543,3.0000,0.0000,0.0000,0,25.0733,961.0692,948.9183,954.9938,-6.0755,10.1373,-20.0248,991.2313,939.0308
38.032,1,0,heuristic,-16.0935,67.1999,1.9140,-0.3165,3.2844,3.2996,-0.6538,1.7579,4.0000,-0.9919,1.6675,6.4320,-0.1562,3.0000,0.0000,0.0000,0,25.0733,958.6557,871.7235,915.1896,-43.4661,10.0858,2.9782,965.7633,884.7875
38.081,1,0,heuristic,-16.1160,67.3674,1.9163,-0.3397,3.2717,3.2893,0.7275,1.7574,4.0000,-0.9857,1.6675,6.2642,-0.1588,3.0000,0.0000,0.0000,0,25.0733,958.6557,871.7235,915.1896,-43.4661,10.2336,-20.3200,989.2093,861.6372
38.131,1,0,heuristic,-16.1383,67.5251,1.9174,-0.3645,3.2748,3.2950,-0.6783,1.7567,4.0000,-0.9787,1.6675,6.1060,-0.1607,3.0000,0.0000,0.0000,0,25.0733,967.7798,879.4347,923.6072,-44.1725,10.1522,3.2371,974.6948,892.8240
38.181,1,0,heuristic,-16.1383,67.5251,1.9189,-0.3645,3.2748,3.2950,0.7268,1.7567,4.0000,-0.9787,1.6675,6.1060,-0.1622,3.0000,0.0000,0.0000,0,25.0733,946.1521,921.4398,933.7960,-12.3562,10.1522,-20.4251,976.7293,911.1669
38.231,1,0,heuristic,-16.1873,67.8491,1.9206,-0.4107,3.2639,3.2896,0.6913,1.7552,4.0000,-0.9612,1.6675,5.7803,-0.1654,3.0000,0.0000,0.0000,0,25.0733,955.6860,905.9287,930.8074,-24.8787,10.2291,-19.9239,985.8390,896.2339
38.281,1,0,heuristic,-16.1873,67.8491,1.9216,-0.4107,3.2639,3.2896,-0.6830,1.7552,4.0000,-0.9612,1.6675,5.7803,-0.1664,3.0000,0.0000,0.0000,0,25.0733,986.6624,898.1986,942.4305,-44.2319,10.2291,3.1252,993.7663,911.5529
38.331,1,0,heuristic,-16.2142,68.0155,1.9222,-0.4318,3.2511,3.2796,-0.6897,1.7544,4.0000,-0.9506,1.6675,5.6127,-0.1678,3.0000,0.0000,0.0000,0,25.0733,979.8202,807.6390,893.7296,-86.0906,10.3735,3.2027,986.9909,821.2151
38.381,1,0,heuristic,-16.2404,68.1722,1.9230,-0.4548,3.2536,3.2852,-0.6853,1.7533,4.0000,-0.9396,1.6675,5.4546,-0.1697,3.0000,0.0000,0.0000,0,25.0733,974.9916,844.9958,909.9937,-64.9979,10.2926,3.0741,982.2101,858.3626
38.431,1,0,heuristic,-16.2693,68.3381,1.9235,-0.4750,3.2411,3.2757,0.6875,1.7522,4.0000,-0.9268,1.6675,5.2870,-0.1713,3.0000,0.0000,0.0000,0,25.0733,933.4406,859.4905,896.4655,-36.9750,10.4300,-20.0262,963.8968,849.8943
38.481,1,0,heuristic,-16.2975,68.4940,1.9239,-0.4973,3.2422,3.2801,0.6767,1.7510,4.0000,-0.9138,1.6675,5.1294,-0.1729,3.0000,0.0000,0.0000,0,25.0733,980.8640,944.2554,962.5597,-18.3043,10.3663,-19.8848,1000.0000,934.7368
38.531,1,0,heuristic,-16.3282,68.6587,1.9230,-0.5162,3.2275,3.2685,-0.7485,1.7498,3.9700,-0.8991,1.6675,4.9625,-0.1732,3.0000,0.0000,0.0000,0,25.0733,969.3991,905.1308,937.2649,-32.1342,10.1017,4.0720,975.4288,919.3045
38.581,1,0,heuristic,-16.3581,68.8138,1.9229,-0.5373,3.2283,3.2727,-0.7293,1.7484,3.8441,-0.8844,1.6675,4.8052,-0.1745,3.0000,0.0000,0.0000,0,25.0733,966.3409,912.2148,939.2778,-27.0631,8.2280,3.7257,970.8432,924.1685
38.631,1,0,heuristic,-16.3906,68.9784,1.9223,-0.5550,3.2155,3.2631,0.6653,1.7470,3.7105,-0.8679,1.6675,4.6381,-0.1753,3.0000,0.0000,0.0000,0,25.0733,959.9620,965.4965,962.7292,2.7673,6.4429,-19.7019,986.1068,952.2375
38.681,1,0,heuristic,-16.4220,69.1334,1.9215,-0.5748,3.2181,3.2690,0.6760,1.7455,3.5845,-0.8516,1.6675,4.4806,-0.1760,3.0000,0.0000,0.0000,0,25.0733,959.9620,965.4965,962.7292,2.7673,4.5420,-19.8796,984.3836,950.1589
38.731,1,0,heuristic,-16.4220,69.1334,1.9210,-0.5748,3.2181,3.2690,0.6943,1.7455,3.5845,-0.8516,1.6675,4.4806,-0.1755,3.0000,0.0000,0.0000,0,25.0733,970.1990,784.3808,877.2899,-92.9091,4.5420,-20.1670,994.9081,768.7558
38.781,1,0,heuristic,-16.4561,69.2978,1.9202,-0.5907,3.2070,3.2609,-0.7528,1.7439,3.4506,-0.8336,1.6675,4.3133,-0.1763,3.0000,0.0000,0.0000,0,25.0733,965.0290,690.6005,827.8148,-137.2142,2.7318,4.1460,963.6148,697.4783
38.831,1,0,heuristic,-16.4888,69.4527,1.9192,-0.6091,3.2110,3.2683,-0.7718,1.7422,3.3244,-0.8160,1.6675,4.1555,-0.1770,3.0000,0.0000,0.0000,0,25.0733,955.1992,793.1500,874.1746,-81.0246,0.8079,4.4706,951.5364,798.4285
38.881,1,0,heuristic,-16.5242,69.6160,1.9174,-0.6234,3.1969,3.2571,-0.7668,1.7406,3.1912,-0.7965,1.6675,3.9890,-0.1768,3.0000,0.0000,0.0000,0,25.0733,934.2523,870.1913,902.2218,-32.0305,-0.9492,4.4279,928.8752,873.6700
38.931,1,0,heuristic,-16.5581,69.7687,1.9167,-0.6400,3.1938,3.2573,-0.7660,1.7388,3.0664,-0.7775,1.6675,3.8331,-0.1779,3.0000,0.0000,0.0000,0,25.0733,884.7986,929.3541,907.0764,22.2778,-2.7479,4.4098,877.6408,931.0160
38.981,1,0,heuristic,-16.5946,69.9300,1.9142,-0.6523,3.1754,3.2417,-0.7938,1.7371,2.9346,-0.7568,1.6675,3.6682,-0.1771,3.0000,0.0000,0.0000,0,25.0733,875.8044,945.5694,910.6869,34.8825,-4.4226,4.9439,866.4379,946.0907
39.032,1,0,heuristic,-16.5946,69.9300,1.9132,-0.6523,3.1754,3.2417,0.6658,1.7371,2.9346,-0.7568,1.6675,3.6682,-0.1761,3.0000,0.0000,0.0000,0,25.0733,880.7081,940.1944,910.4512,29.7431,-4.4226,-19.5339,895.8195,916.2379
39.081,1,0,heuristic,-16.6293,70.0817,1.9106,-0.6665,3.1722,3.2415,0.6833,1.7353,2.8105,-0.7369,1.6675,3.5132,-0.1754,3.0000,0.0000,0.0000,0,25.0733,899.2651,898.4189,898.8420,-0.4231,-6.2060,-19.7635,912.8226,872.4493
39.131,1,0,heuristic,-16.6663,70.2422,1.9086,-0.6756,3.1554,3.2269,-0.7585,1.7334,2.6791,-0.7155,1.6675,3.3489,-0.1752,3.0000,0.0000,0.0000,0,25.0733,913.8862,802.8964,858.3913,-55.4949,-7.8879,4.5060,901.4923,799.5145
39.181,1,0,heuristic,-16.7015,70.3933,1.9072,-0.6869,3.1536,3.2275,0.6897,1.7316,2.5555,-0.6951,1.6675,3.1944,-0.1757,3.0000,0.0000,0.0000,0,25.0733,895.6249,802.4819,849.0534,-46.5715,-9.6767,-19.8048,905.7530,773.0005
39.231,1,0,heuristic,-16.7390,70.5529,1.9054,-0.6939,3.1368,3.2127,0.6930,1.7297,2.4249,-0.6732,1.6675,3.0311,-0.1758,3.0000,0.0000,0.0000,0,25.0733,895.6249,802.4819,849.0534,-46.5715,-11.3443,-19.8212,904.1018,771.3164
39.281,1,0,heuristic,-16.7747,70.7024,1.9040,-0.7036,3.1326,3.2106,-0.7945,1.7277,2.3024,-0.6522,1.6675,2.8780,-0.1762,3.0000,0.0000,0.0000,0,25.0733,815.2700,759.1009,787.1854,-28.0846,-13.0786,5.1898,797.0016,751.2121
39.331,1,0,heuristic,-16.8127,70.8600,1.9024,-0.7093,3.1121,3.1919,0.6820,1.2550,4.0000,-2.0049,1.0712,23.1437,-0.6474,3.0000,0.0000,0.0000,0,21.2237,789.9224,731.7857,760.8540,-29.0684,11.6362,-34.8102,836.3688,708.6117
39.381,1,0,heuristic,-16.8487,71.0074,1.9007,-0.7174,3.1039,3.1857,-0.7903,1.2459,4.0000,-1.9027,1.0712,23.0234,-0.6547,3.0000,0.0000,0.0000,0,21.2237,710.1493,701.5160,705.8326,-4.3166,11.7254,-15.6240,737.4987,697.6174
39.432,1,0,heuristic,-16.8487,71.0074,1.8988,-0.7174,3.1039,3.1857,0.6830,1.2459,4.0000,-1.9027,1.0712,23.0234,-0.6529,3.0000,0.0000,0.0000,0,21.2237,710.1493,701.5160,705.8326,-4.3166,11.7254,-40.3021,762.1768,672.9394
39.481,1,0,heuristic,-16.8869,71.1622,1.8969,-0.7207,3.0785,3.1617,-0.8115,1.2368,4.0000,-1.7950,1.0712,22.8975,-0.6602,3.0000,0.0000,0.0000,0,21.2237,842.1415,520.3690,681.2552,-160.8863,12.0712,-15.3280,869.5407,517.1121
39.531,1,0,heuristic,-16.9226,71.3064,1.8949,-0.7256,3.0635,3.1482,0.6797,1.2280,4.0000,-1.6946,1.0712,22.7807,-0.6669,3.0000,0.0000,0.0000,0,21.2237,937.3431,411.1661,674.2546,-263.0885,12.2658,-40.5001,990.1090,382.9317
39.581,1,0,heuristic,-16.9605,71.4572,1.8925,-0.7262,3.0310,3.1168,0.6552,1.2190,4.0000,-1.5890,1.0712,22.6591,-0.6735,3.0000,0.0000,0.0000,0,21.2237,983.9085,352.6567,668.2826,-315.6259,12.7185,-40.1869,1000.0000,325.1882
39.631,1,0,heuristic,-16.9966,71.5974,1.8890,-0.7312,3.0086,3.0962,-0.8725,1.2103,4.0000,-1.4903,1.0712,22.5469,-0.6787,3.0000,0.0000,0.0000,0,21.2237,978.5685,397.6825,688.1255,-290.4430,13.0154,-14.5670,1000.0000,396.1309
39.681,1,0,heuristic,-17.0356,71.7435,1.8847,-0.7349,2.9691,3.0587,-0.9073,1.2014,4.0000,-1.3860,1.0712,22.4308,-0.6833,3.0000,0.0000,0.0000,0,21.2237,978.5685,397.6825,688.1255,-290.4430,13.5543,-13.9969,1000.0000,397.2399
39.731,1,0,heuristic,-17.0731,71.8793,1.8799,-0.7441,2.9411,3.0338,0.5747,1.1927,4.0000,-1.2880,1.0712,22.3239,-0.6872,3.0000,0.0000,0.0000,0,21.2237,945.3610,300.0915,622.7263,-322.6348,13.9136,-38.8840,998.1586,275.1212
39.781,1,0,heuristic,-17.0731,71.8793,1.8739,-0.7441,2.9411,3.0338,-0.9725,1.1927,4.0000,-1.2880,1.0712,22.3239,-0.6812,3.0000,0.0000,0.0000,0,21.2237,926.4358,175.9469,551.1914,-375.2445,13.9136,-12.6585,953.0079,177.2020
39.831,1,0,heuristic,-17.1136,72.0215,1.8651,-0.7512,2.8997,2.9955,0.5108,1.1836,4.0000,-1.1843,1.0712,22.2129,-0.6815,3.0000,0.0000,0.0000,0,21.2237,961.9486,70.9480,516.4483,-445.5003,14.4653,-37.4116,1000.0000,48.0017
39.881,1,0,heuristic,-17.1525,72.1535,1.8567,-0.7629,2.8696,2.9693,-1.0415,1.1748,4.0000,-1.0870,1.0712,22.1109,-0.6819,3.0000,0.0000,0.0000,0,21.2237,971.3939,-39.0419,466.1760,-505.2179,14.8420,-11.1799,997.4158,-35.3798
39.931,1,0,heuristic,-17.1943,72.2906,1.8447,-0.7713,2.8232,2.9267,-1.0980,1.1657,4.0000,-0.9846,1.0712,22.0058,-0.6790,3.0000,0.0000,0.0000,0,21.2237,971.3939,-39.0419,466.1760,-505.2179,15.4556,-9.9350,996.7846,-33.5213
39.981,1,0,heuristic,-17.2343,72.4170,1.8300,-0.7838,2.7853,2.8935,-1.1505,1.1570,4.0000,-0.8889,1.0712,21.9100,-0.6730,3.0000,0.0000,0.0000,0,21.2237,979.7188,16.6130,498.1659,-481.5529,15.9341,-8.6465,1000.0000,23.9006
40.031,1,0,heuristic,-17.2775,72.5478,1.8208,-0.7931,2.7313,2.8441,-1.1750,1.1479,4.0000,-0.7883,1.0712,21.8121,-0.6730,3.0000,0.0000,0.0000,0,21.2237,995.9126,96.5060,546.2093,-449.7033,16.6449,-8.0465,1000.0000,105.1045
40.082,1,0,heuristic,-17.3191,72.6685,1.8067,-0.8078,2.6877,2.8065,0.3178,1.1391,4.0000,-0.6940,1.0712,21.7230,-0.6676,3.0000,0.0000,0.0000,0,21.2237,978.0922,109.8942,543.9932,-434.0990,17.1869,-32.7380,1000.0000,94.3430
40.132,1,0,heuristic,-17.3642,72.7945,1.7876,-0.8195,2.6347,2.7592,0.2940,1.1298,4.0000,-0.5941,1.0712,21.6311,-0.6578,3.0000,0.0000,0.0000,0,21.2237,999.9691,217.5780,608.7735,-391.1956,17.8671,-31.7675,1000.0000,203.6776
40.181,1,0,heuristic,-17.4072,72.9119,1.7660,-0.8350,2.5972,2.7282,0.2780,1.1207,4.0000,-0.5000,1.0712,21.5462,-0.6453,3.0000,0.0000,0.0000,0,21.2237,985.0493,142.7513,563.9003,-421.1490,18.3143,-30.8285,1000.0000,130.2371
40.231,1,0,heuristic,-17.4072,72.9119,1.7479,-0.8350,2.5972,2.7282,-1.2735,1.1207,4.0000,-0.5000,1.0712,21.5462,-0.6272,3.0000,0.0000,0.0000,0,21.2237,979.8367,162.1563,570.9965,-408.8402,18.3143,-4.0557,1000.0000,176.4148
40.281,1,0,heuristic,-17.4533,73.0359,1.7290,-0.8453,2.5545,2.6907,0.2487,1.1111,4.0000,-0.4002,1.0712,21.4574,-0.6180,3.0000,0.0000,0.0000,0,21.2237,990.1902,268.6633,629.4268,-360.7635,18.8536,-29.0753,1000.0000,258.4416
40.331,1,0,heuristic,-17.4971,73.1523,1.7147,-0.8585,2.5286,2.6703,0.2313,1.1018,4.0000,-0.3061,1.0712,21.3747,-0.6129,3.0000,0.0000,0.0000,0,21.2237,972.9779,158.6633,565.8206,-407.1573,19.1475,-28.3967,1000.0000,149.4141
40.382,1,0,heuristic,-17.5436,73.2760,1.6938,-0.8658,2.4986,2.6443,-1.3177,1.0919,4.0000,-0.2060,1.0712,21.2872,-0.6019,3.0000,0.0000,0.0000,0,21.2237,980.9882,48.6633,514.8257,-466.1625,19.5216,-1.7473,1000.0000,66.4375
40.432,1,0,heuristic,-17.5876,73.3929,1.6684,-0.8759,2.4860,2.6358,-1.3313,1.0824,4.0000,-0.1113,1.0712,21.2049,-0.5860,3.0000,0.0000,0.0000,0,21.2237,982.7152,-57.9410,462.3871,-520.3281,19.6444,-0.7099,1000.0000,-39.0064
40.482,1,0,heuristic,-17.5876,73.3929,1.6578,-0.8759,2.4860,2.6358,0.2152,1.0824,4.0000,-0.1113,1.0712,21.2049,-0.5754,3.0000,0.0000,0.0000,0,21.2237,994.0720,52.0590,523.0655,-471.0065,19.6444,-26.2791,1000.0000,45.4243
40.531,1,0,heuristic,-17.6344,73.5168,1.6310,-0.8808,2.4656,2.6182,0.1943,1.0723,4.0000,-0.0109,1.0712,21.1183,-0.5587,3.0000,0.0000,0.0000,0,21.2237,982.0128,162.0590,572.0359,-409.9769,19.8983,-25.0755,1000.0000,156.8818
40.581,1,0,heuristic,-17.6790,73.6334,1.6139,-0.8903,2.4580,2.6143,0.1785,1.0628,4.0000,0.0841,1.0712,21.0375,-0.5512,3.0000,0.0000,0.0000,0,21.2237,990.1939,52.3395,521.2667,-468.9272,19.9539,-24.3274,1000.0000,47.9660
40.631,1,0,heuristic,-17.6790,73.6334,1.5911,-0.8903,2.4580,2.6143,-1.4130,1.0628,4.0000,0.0841,1.0712,21.0375,-0.5284,3.0000,0.0000,0.0000,0,21.2237,973.6998,95.6208,534.6603,-439.0395,19.9539,3.2998,990.3539,118.8745
40.681,1,0,heuristic,-17.7265,73.7576,1.5613,-0.8952,2.4441,2.6029,-1.4135,1.0525,4.0000,0.1853,1.0712,20.9519,-0.5088,3.0000,0.0000,0.0000,0,21.2237,986.5687,25.4958,506.0322,-480.5365,20.1185,4.2739,1000.0000,49.8881
40.731,1,0,heuristic,-17.7714,73.8752,1.5498,-0.9030,2.4456,2.6070,0.1668,1.0429,4.0000,0.2811,1.0712,20.8711,-0.5069,3.0000,0.0000,0.0000,0,21.2237,972.6437,127.3774,550.0106,-422.6331,20.0591,-22.0108,1000.0000,125.4257
40.781,1,0,heuristic,-17.8186,74.0009,1.5195,-0.9041,2.4398,2.6019,0.1555,1.0326,4.0000,0.3827,1.0712,20.7851,-0.4869,3.0000,0.0000,0.0000,0,21.2237,972.6437,127.3774,550.0106,-422.6331,20.1325,-20.8397,1000.0000,126.6703
40.832,1,0,heuristic,-17.8626,74.1202,1.4948,-0.9066,2.4487,2.6112,-1.4498,1.0230,4.0000,0.4785,1.0712,20.7035,-0.4718,3.0000,0.0000,0.0000,0,21.2237,948.1485,302.8138,625.4811,-322.6673,19.9994,6.9054,961.2425,329.7186
40.881,1,0,heuristic,-17.8626,74.1202,1.4697,-0.9066,2.4487,2.6112,0.1408,1.0230,4.0000,0.4785,1.0712,20.7035,-0.4467,3.0000,0.0000,0.0000,0,21.2237,985.5650,193.0599,589.3125,-396.2525,19.9994,-18.8357,1000.0000,194.2236
40.934,1,0,heuristic,-17.9082,74.2479,1.4385,-0.9006,2.4504,2.6107,0.1562,1.0128,4.0000,0.5797,1.0712,20.6158,-0.4257,3.0000,0.0000,0.0000,0,21.2237,982.6774,84.5929,533.6352,-449.0422,20.0061,-18.0806,1000.0000,86.5184
40.981,1,0,heuristic,-17.9495,74.3701,1.4254,-0.8928,2.4692,2.6256,-1.4363,1.0035,4.0000,0.6745,1.0712,20.5314,-0.4220,3.0000,0.0000,0.0000,0,21.2237,914.0588,194.1084,554.0836,-359.9752,19.7908,8.9982,924.8513,222.8974
41.031,1,0,heuristic,-17.9919,74.5008,1.3939,-0.8771,2.4784,2.6290,-1.4540,0.9935,4.0000,0.7743,1.0712,20.4404,-0.4004,3.0000,0.0000,0.0000,0,21.2237,976.6814,298.4493,637.5653,-339.1161,19.7419,10.3261,986.0973,328.5173
41.081,1,0,heuristic,-18.0303,74.6250,1.3685,-0.8618,2.5002,2.6446,0.1618,0.9844,4.0000,0.8676,1.0712,20.3537,-0.3841,3.0000,0.0000,0.0000,0,21.2237,991.4502,406.5767,699.0134,-292.4367,19.5183,-16.0077,1000.0000,410.0872
41.131,1,0,heuristic,-18.0303,74.6250,1.3494,-0.8618,2.5002,2.6446,0.1578,0.9844,4.0000,0.8676,1.0712,20.3537,-0.3650,3.0000,0.0000,0.0000,0,21.2237,998.9589,300.5776,649.7682,-349.1907,19.5183,-15.1965,1000.0000,304.8994
41.181,1,0,heuristic,-18.0690,74.7586,1.3179,-0.8381,2.5137,2.6498,0.1748,0.9747,4.0000,0.9655,1.0712,20.2595,-0.3431,3.0000,0.0000,0.0000,0,21.2237,998.9589,300.5776,649.7682,-349.1907,19.4432,-14.4507,1000.0000,305.5700
41.231,1,0,heuristic,-18.1032,74.8867,1.3054,-0.8130,2.5448,2.6715,0.1590,0.9660,4.0000,1.0569,1.0712,20.1681,-0.3394,3.0000,0.0000,0.0000,0,21.2237,944.7923,303.4644,624.1284,-320.6639,19.1298,-13.8759,977.7981,308.7183
41.281,1,0,heuristic,-18.1372,75.0248,1.2679,-0.7811,2.5670,2.6832,0.1698,0.9567,4.0000,1.1528,1.0712,20.0686,-0.3112,3.0000,0.0000,0.0000,0,21.2237,990.3378,222.2255,606.2816,-384.0561,18.9617,-12.7899,1000.0000,228.3973
41.331,1,0,heuristic,-18.1670,75.1568,1.2432,-0.7490,2.6037,2.7093,-1.4300,0.9484,4.0000,1.2422,1.0712,19.9725,-0.2948,3.0000,0.0000,0.0000,0,21.2237,989.0686,306.3552,647.7119,-341.3567,18.5862,14.8785,992.7762,339.8199
41.381,1,0,heuristic,-18.1670,75.1568,1.2246,-0.7490,2.6037,2.7093,-1.4527,0.9484,4.0000,1.2422,1.0712,19.9725,-0.2762,3.0000,0.0000,0.0000,0,21.2237,975.1331,344.8446,659.9888,-315.1442,18.5862,15.9874,977.7319,379.4182
41.432,1,0,heuristic,-18.1960,75.2988,1.1940,-0.7110,2.6289,2.7234,-1.4263,0.9395,4.0000,1.3358,1.0712,19.8681,-0.2544,3.0000,0.0000,0.0000,0,21.2237,970.7815,428.3344,699.5579,-271.2235,18.3832,16.5464,972.6182,463.2640
41.482,1,0,heuristic,-18.2206,75.4345,1.1817,-0.6714,2.6685,2.7517,-1.4238,0.9317,4.0000,1.4224,1.0712,19.7671,-0.2500,3.0000,0.0000,0.0000,0,21.2237,984.4857,528.0721,756.2789,-228.2068,17.9755,16.8190,985.6422,562.8666
41.531,1,0,heuristic,-18.2431,75.5807,1.1453,-0.6236,2.6972,2.7683,-1.4185,0.9234,4.0000,1.5121,1.0712,19.6565,-0.2219,3.0000,0.0000,0.0000,0,21.2237,987.5514,617.5673,802.5594,-184.9920,17.7366,17.9670,987.3210,653.2709
41.581,1,0,heuristic,-18.2604,75.7207,1.1214,-0.5709,2.7414,2.8002,0.2405,0.9162,4.0000,1.5944,1.0712,19.5487,-0.2052,3.0000,0.0000,0.0000,0,21.2237,965.3153,690.5234,827.9194,-137.3960,17.2769,-9.1247,991.7170,698.6756
41.632,1,0,heuristic,-18.2604,75.7207,1.1037,-0.5709,2.7414,2.8002,0.2518,0.9162,4.0000,1.5944,1.0712,19.5487,-0.1876,3.0000,0.0000,0.0000,0,21.2237,965.3153,690.5234,827.9194,-137.3960,17.2769,-8.6257,991.2179,699.1746
41.681,1,0,heuristic,-18.2739,75.8721,1.0751,-0.5086,2.7753,2.8215,0.2650,0.9086,4.0000,1.6788,1.0712,19.4298,-0.1665,3.0000,0.0000,0.0000,0,21.2237,998.7853,729.7869,864.2861,-134.4992,16.9700,-7.8988,1000.0000,738.8582
41.731,1,0,heuristic,-18.2819,76.0173,1.0583,-0.4402,2.8252,2.8593,0.2762,0.9022,4.0000,1.7554,1.0712,19.3135,-0.1561,3.0000,0.0000,0.0000,0,21.2237,991.4364,622.8559,807.1461,-184.2902,16.4256,-7.5699,1000.0000,631.7116
41.781,1,0,heuristic,-18.2851,76.1740,1.0312,-0.3646,2.8627,2.8858,0.3023,0.8956,4.0000,1.8332,1.0712,19.1854,-0.1357,3.0000,0.0000,0.0000,0,21.2237,991.4364,622.8559,807.1461,-184.2902,16.0443,-7.0997,1000.0000,631.8005
41.831,1,0,heuristic,-18.2837,76.3236,1.0103,-0.2857,2.9135,2.9275,-1.3277,0.8900,4.0000,1.9037,1.0712,19.0609,-0.1202,3.0000,0.0000,0.0000,0,21.2237,980.4132,423.4762,701.9447,-278.4685,15.4440,20.9845,974.8727,459.9047
41.881,1,0,heuristic,-18.2837,76.3236,0.9897,-0.2857,2.9135,2.9275,0.3325,0.8900,4.0000,1.9037,1.0712,19.0609,-0.0996,3.0000,0.0000,0.0000,0,21.2237,980.4132,423.4762,701.9447,-278.4685,15.4440,-6.1052,1000.0000,432.8151
41.931,1,0,heuristic,-18.2776,76.4840,0.9649,-0.2053,2.9477,2.9548,0.3098,0.8841,4.0000,1.9752,1.0712,18.9252,-0.0808,3.0000,0.0000,0.0000,0,21.2237,998.6111,541.3634,769.9873,-228.6239,15.0505,-4.8906,1000.0000,551.5234
41.981,1,0,heuristic,-18.2685,76.6359,0.9495,-0.1261,2.9911,2.9938,0.3230,0.8792,4.0000,2.0399,1.0712,18.7952,-0.0704,3.0000,0.0000,0.0000,0,21.2237,992.5071,564.3739,778.4405,-214.0666,14.4893,-4.6219,1000.0000,574.2414
42.031,1,0,heuristic,-18.2552,76.7976,0.9251,-0.0496,3.0149,3.0153,0.3355,0.8737,4.0000,2.1057,1.0712,18.6550,-0.0514,3.0000,0.0000,0.0000,0,21.2237,992.5071,564.3739,778.4405,-214.0666,14.1801,-4.0063,1000.0000,574.5477
42.081,1,0,heuristic,-18.2390,76.9505,0.9099,0.0278,3.0491,3.0492,0.3427,0.8693,4.0000,2.1647,1.0712,18.5208,-0.0406,3.0000,0.0000,0.0000,0,21.2237,995.4520,592.3704,793.9112,-201.5408,13.6913,-3.6345,1000.0000,602.4271
42.131,1,0,heuristic,-18.2390,76.9505,0.8903,0.0278,3.0491,3.0492,-1.3073,0.8693,4.0000,2.1647,1.0712,18.5208,-0.0210,3.0000,0.0000,0.0000,0,21.2237,995.4520,592.3704,793.9112,-201.5408,13.6913,24.8500,984.2933,630.9117
42.181,1,0,heuristic,-18.2177,77.1131,0.8654,0.1041,3.0645,3.0662,-1.3210,0.8644,4.0000,2.2239,1.0712,18.3760,-0.0010,3.0000,0.0000,0.0000,0,21.2237,962.5883,610.6806,786.6344,-175.9539,13.4464,25.9332,950.1015,650.0601
42.232,1,0,heuristic,-18.1939,77.2663,0.8514,0.1824,3.0900,3.0954,-1.3177,0.8605,4.0000,2.2764,1.0712,18.2377,0.0091,3.0000,0.0000,0.0000,0,21.2237,960.8360,719.0446,839.9403,-120.8957,13.0262,26.3351,947.5271,758.4059
42.281,1,0,heuristic,-18.1645,77.4285,0.8270,0.2590,3.0961,3.1069,-1.3130,0.8562,4.0000,2.3283,1.0712,18.0890,0.0292,3.0000,0.0000,0.0000,0,21.2237,990.4041,829.0438,909.7240,-80.6801,12.8607,27.0986,976.1663,869.0031
42.331,1,0,heuristic,-18.1329,77.5810,0.8134,0.3387,3.1120,3.1304,-1.3090,0.8528,4.0000,2.3737,1.0712,17.9473,0.0394,3.0000,0.0000,0.0000,0,21.2237,960.6266,935.6419,948.1342,-12.4923,12.5225,27.4825,945.6665,975.6468
42.381,1,0,heuristic,-18.0946,77.7424,0.7860,0.4184,3.1106,3.1386,0.4113,0.8492,4.0000,2.4174,1.0712,17.7945,0.0632,3.0000,0.0000,0.0000,0,21.2237,985.4473,971.6330,978.5401,-6.9071,12.4046,-0.4411,998.2929,983.5965
42.431,1,0,heuristic,-18.0536,77.8945,0.7684,0.5058,3.1221,3.1628,-1.2460,0.8467,4.0000,2.4542,1.0712,17.6479,0.0782,3.0000,0.0000,0.0000,0,21.2237,999.6297,976.1445,987.8871,-11.7426,12.0557,28.0285,983.6569,1000.0000
42.482,1,0,heuristic,-18.0536,77.8945,0.7553,0.5058,3.1221,3.1628,-1.2450,0.8467,4.0000,2.4542,1.0712,17.6479,0.0914,3.0000,0.0000,0.0000,0,21.2237,985.1413,991.6005,988.3709,3.2296,12.0557,28.5232,968.6738,1000.0000
42.531,1,0,heuristic,-18.0044,78.0559,0.7356,0.5935,3.1184,3.1744,-1.2147,0.8440,4.0000,2.4884,1.0712,17.4891,0.1084,3.0000,0.0000,0.0000,0,21.2237,960.0968,989.0623,974.5796,14.4827,11.8887,28.7173,943.2682,1000.0000
42.581,1,0,heuristic,-17.9531,78.2080,0.7236,0.6886,3.1286,3.2035,-1.2123,0.8424,4.0000,2.5162,1.0712,17.3366,0.1188,3.0000,0.0000,0.0000,0,21.2237,984.1907,980.8551,982.5229,-1.6678,11.4694,29.1112,966.5489,1000.0000
42.632,1,0,heuristic,-17.9531,78.2080,0.7130,0.6886,3.1286,3.2035,-1.1903,0.8424,4.0000,2.5162,1.0712,17.3366,0.1294,3.0000,0.0000,0.0000,0,21.2237,988.2261,967.6654,977.9457,-10.2804,11.4694,29.1551,970.5404,1000.0000
42.681,1,0,heuristic,-17.8323,78.5209,0.6921,0.8790,3.1302,3.2513,0.5487,0.8401,4.0000,2.5600,1.0712,17.0143,0.1480,3.0000,0.0000,0.0000,0,21.2237,959.3006,983.7697,971.5351,12.2346,10.7819,0.7098,969.3726,995.2614
42.731,1,0,heuristic,-17.8323,78.5209,0.6826,0.8790,3.1302,3.2513,0.5447,0.8401,4.0000,2.5600,1.0712,17.0143,0.1575,3.0000,0.0000,0.0000,0,21.2237,999.9998,922.0614,961.0306,-38.9692,10.7819,1.1479,1000.0000,933.9911
42.781,1,0,heuristic,-17.7624,78.6813,0.6691,0.9719,3.1213,3.2692,-1.1345,0.8393,4.0000,2.5756,1.0712,16.8443,0.1702,3.0000,0.0000,0.0000,0,21.2237,968.5024,842.4438,905.4731,-63.0293,10.5242,29.8689,949.1577,882.8369
42.832,1,0,heuristic,-17.6922,78.8320,0.6580,1.0703,3.1250,3.3032,0.5958,0.8394,4.0000,2.5861,1.0712,16.6820,0.1814,3.0000,0.0000,0.0000,0,21.2237,868.2756,902.3747,885.3252,17.0495,10.0339,1.2514,877.0581,913.6600
42.881,1,0,heuristic,-17.6134,78.9910,0.6432,1.1593,3.1112,3.3201,0.5965,0.8393,4.0000,2.5931,1.0712,16.5080,0.1961,3.0000,0.0000,0.0000,0,21.2237,938.6613,915.6239,927.1426,-11.5187,9.7899,1.8173,946.6338,927.2311
42.931,1,0,heuristic,-17.5358,79.1393,0.6321,1.2507,3.1072,3.3495,-1.1265,0.8400,4.0000,2.5960,1.0712,16.3431,0.2078,3.0000,0.0000,0.0000,0,21.2237,938.6613,915.6239,927.1426,-11.5187,9.3673,31.2237,916.8049,956.2150
42.981,1,0,heuristic,-17.5358,79.1393,0.6216,1.2507,3.1072,3.3495,0.6065,0.8400,4.0000,2.5960,1.0712,16.3431,0.2183,3.0000,0.0000,0.0000,0,21.2237,987.6458,883.0619,935.3539,-52.2920,9.3673,2.5199,994.4933,894.9491
43.031,1,0,heuristic,-17.4500,79.2951,0.6089,1.3305,3.0849,3.3596,-1.1013,0.8403,4.0000,2.5954,1.0712,16.1675,0.2315,3.0000,0.0000,0.0000,0,21.2237,964.7366,921.9569,943.3468,-21.3899,9.2224,31.7211,942.2380,962.9004
43.081,1,0,heuristic,-17.3661,79.4404,0.6016,1.4139,3.0731,3.3827,0.6498,0.8414,4.0000,2.5913,1.0712,16.0014,0.2397,3.0000,0.0000,0.0000,0,21.2237,936.2373,998.4630,967.3502,31.1128,8.8889,2.6227,942.5036,1000.0000
43.131,1,0,heuristic,-17.2742,79.5927,0.5921,1.4848,3.0444,3.3872,-1.0938,0.8422,4.0000,2.5836,1.0712,15.8247,0.2500,3.0000,0.0000,0.0000,0,21.2237,936.2373,998.4630,967.3502,31.1128,8.8250,32.3081,912.7542,1000.0000
43.181,1,0,heuristic,-17.1849,79.7346,0.5808,1.5597,3.0267,3.4050,0.6478,0.8436,4.0000,2.5732,1.0712,15.6580,0.2628,3.0000,0.0000,0.0000,0,21.2237,885.6155,987.8413,936.7284,51.1129,8.5687,3.5358,890.6484,999.9458
43.231,1,0,heuristic,-17.0877,79.8831,0.5701,1.6218,2.9927,3.4039,0.6917,0.8448,4.0000,2.5590,1.0712,15.4811,0.2747,3.0000,0.0000,0.0000,0,21.2237,931.8695,937.0994,934.4844,2.6150,8.5845,3.2464,937.2076,948.9304
43.281,1,0,heuristic,-16.9941,80.0211,0.5621,1.6876,2.9692,3.4153,-1.0548,0.8465,4.0000,2.5429,1.0712,15.3147,0.2844,3.0000,0.0000,0.0000,0,21.2237,980.5692,833.8155,907.1924,-73.3768,8.4200,32.9506,956.0386,875.1862
43.331,1,0,heuristic,-16.9941,80.0211,0.5562,1.6876,2.9692,3.4153,-1.0617,0.8465,4.0000,2.5429,1.0712,15.3147,0.2903,3.0000,0.0000,0.0000,0,21.2237,996.3330,943.5001,969.9166,-26.4165,8.4200,33.2964,971.4566,985.2165
43.381,1,0,heuristic,-16.8928,80.1654,0.5470,1.7393,2.9302,3.4075,-1.0548,0.8479,4.0000,2.5232,1.0712,15.1387,0.3009,3.0000,0.0000,0.0000,0,21.2237,926.1823,987.0678,956.6250,30.4428,8.5315,33.5724,901.1414,1000.0000
43.431,1,0,heuristic,-16.7960,80.2995,0.5399,1.7949,2.9029,3.4130,0.7117,0.8499,4.0000,2.5024,1.0712,14.9735,0.3100,3.0000,0.0000,0.0000,0,21.2237,962.9630,968.6212,965.7921,2.8291,8.4534,4.2287,967.1877,981.3034
43.482,1,0,heuristic,-16.6913,80.4398,0.5318,1.8386,2.8622,3.4018,0.7203,0.8517,4.0000,2.4778,1.0712,14.7984,0.3199,3.0000,0.0000,0.0000,0,21.2237,917.6502,967.0361,942.3431,24.6930,8.6134,4.4459,921.8177,980.0954
43.531,1,0,heuristic,-16.5908,80.5703,0.5264,1.8898,2.8334,3.4059,0.7353,0.8540,4.0000,2.4520,1.0712,14.6337,0.3276,3.0000,0.0000,0.0000,0,21.2237,831.1761,930.9346,881.0553,49.8792,8.5557,4.4659,835.2659,943.9561
43.581,1,0,heuristic,-16.4820,80.7069,0.5170,1.9301,2.7921,3.3943,-1.0453,0.8562,4.0000,2.4220,1.0712,14.4591,0.3392,3.0000,0.0000,0.0000,0,21.2237,940.9959,966.7973,953.8966,12.9007,8.7224,34.7985,914.9198,1000.0000
43.631,1,0,heuristic,-16.3780,80.8338,0.5112,1.9774,2.7623,3.3972,0.7585,0.8589,4.0000,2.3915,1.0712,14.2951,0.3477,3.0000,0.0000,0.0000,0,21.2237,893.5765,987.9399,940.7582,47.1817,8.6807,4.7933,897.4639,1000.0000
43.681,1,0,heuristic,-16.3780,80.8338,0.5074,1.9774,2.7623,3.3972,0.7618,0.8589,4.0000,2.3915,1.0712,14.2951,0.3515,3.0000,0.0000,0.0000,0,21.2237,961.3569,991.2567,976.3068,14.9499,8.6807,4.8863,965.1512,1000.0000
43.731,1,0,heuristic,-16.2658,80.9665,0.5005,2.0138,2.7204,3.3846,0.7685,0.8616,4.0000,2.3565,1.0712,14.1213,0.3612,3.0000,0.0000,0.0000,0,21.2237,851.3894,979.7107,915.5501,64.1607,8.8612,5.1094,855.1412,993.6814
43.781,1,0,heuristic,-16.1580,81.0902,0.4955,2.0601,2.6915,3.3894,-1.0240,0.8648,4.0000,2.3212,1.0712,13.9575,0.3693,3.0000,0.0000,0.0000,0,21.2237,881.2749,988.0043,934.6396,53.3647,8.7926,35.5016,854.5660,1000.0000
43.832,1,0,heuristic,-16.0415,81.2199,0.4898,2.0961,2.6521,3.3804,0.8030,0.8680,4.0000,2.2810,1.0712,13.7836,0.3783,3.0000,0.0000,0.0000,0,21.2237,847.0126,999.7262,923.3694,76.3568,8.9226,5.1095,850.8257,1000.0000
43.881,1,0,heuristic,-15.9301,81.3405,0.4845,2.1409,2.6244,3.3868,0.7925,0.8717,4.0000,2.2411,1.0712,13.6199,0.3872,3.0000,0.0000,0.0000,0,21.2237,782.8114,897.5862,840.1988,57.3874,8.8295,5.5860,786.0549,912.0016
43.931,1,0,heuristic,-15.8104,81.4668,0.4817,2.1733,2.5850,3.3771,0.8135,0.8753,4.0000,2.1964,1.0712,13.4467,0.3936,3.0000,0.0000,0.0000,0,21.2237,782.8114,897.5862,840.1988,57.3874,8.9692,5.4308,786.3498,911.9862
43.981,1,0,heuristic,-15.6965,81.5839,0.4760,2.2130,2.5562,3.3811,-0.9850,0.8792,4.0000,2.1526,1.0712,13.2843,0.4032,3.0000,0.0000,0.0000,0,21.2237,761.7598,926.8687,844.3143,82.5545,8.9126,35.9637,734.7088,971.7450
44.031,1,0,heuristic,-15.5752,81.7061,0.4739,2.2370,2.5147,3.3657,0.8403,0.8830,4.0000,2.1047,1.0712,13.1134,0.4091,3.0000,0.0000,0.0000,0,21.2237,942.5053,999.2398,970.8725,28.3672,9.1344,5.4689,946.1708,1000.0000
44.082,1,0,heuristic,-15.5752,81.7061,0.4704,2.2370,2.5147,3.3657,-0.9467,0.8830,4.0000,2.1047,1.0712,13.1134,0.4126,3.0000,0.0000,0.0000,0,21.2237,960.0872,999.1420,979.6146,19.5274,9.1344,35.6290,933.5926,1000.0000
44.131,1,0,heuristic,-15.4604,81.8191,0.4690,2.2679,2.4828,3.3627,0.8495,0.8870,4.0000,2.0581,1.0712,12.9537,0.4180,3.0000,0.0000,0.0000,0,21.2237,911.2760,999.9996,955.6378,44.3618,9.1776,5.6010,914.8526,1000.0000
44.181,1,0,heuristic,-15.3375,81.9374,0.4661,2.2872,2.4412,3.3453,-0.9530,0.8911,4.0000,2.0068,1.0712,12.7849,0.4249,3.0000,0.0000,0.0000,0,21.2237,911.2760,999.9996,955.6378,44.3618,9.4283,36.0886,884.6157,1000.0000
44.231,1,0,heuristic,-15.2204,82.0476,0.4644,2.3174,2.4120,3.3449,-0.9553,0.8954,4.0000,1.9568,1.0712,12.6262,0.4311,3.0000,0.0000,0.0000,0,21.2237,801.3279,893.4184,847.3731,46.0452,9.4335,36.2995,774.4619,939.1514
44.281,1,0,heuristic,-15.0953,82.1630,0.4629,2.3352,2.3734,3.3296,0.8688,0.8999,4.0000,1.9023,1.0712,12.4585,0.4370,3.0000,0.0000,0.0000,0,21.2237,691.3279,983.6824,837.5051,146.1772,9.6539,5.8131,695.1687,999.1493
44.331,1,0,heuristic,-14.9770,82.2700,0.4615,2.3609,2.3448,3.3275,-0.9365,0.9045,4.0000,1.8497,1.0712,12.3017,0.4430,3.0000,0.0000,0.0000,0,21.2237,705.9806,983.9790,844.9798,138.9992,9.6845,36.3010,679.3642,1000.0000
44.381,1,0,heuristic,-14.9770,82.2700,0.4610,2.3609,2.3448,3.3275,0.9148,0.9045,4.0000,1.8497,1.0712,12.3017,0.4435,3.0000,0.0000,0.0000,0,21.2237,672.0267,890.8480,781.4373,109.4106,9.6845,5.2207,676.4905,905.7531
44.432,1,0,heuristic,-14.8516,82.3814,0.4606,2.3711,2.3042,3.3063,0.9337,0.9091,4.0000,1.7930,1.0712,12.1371,0.4484,3.0000,0.0000,0.0000,0,21.2237,778.5548,974.5958,876.5753,98.0205,9.9897,5.0147,783.5298,989.6002
44.481,1,0,heuristic,-14.7336,82.4843,0.4599,2.3886,2.2722,3.2967,0.9317,0.9137,4.0000,1.7387,1.0712,11.9839,0.4537,3.0000,0.0000,0.0000,0,21.2237,708.2073,986.1229,847.1651,138.9578,10.1269,5.1766,713.1577,1000.0000
44.531,1,0,heuristic,-14.7336,82.4843,0.4602,2.3886,2.2722,3.2967,-0.9100,0.9137,4.0000,1.7387,1.0712,11.9839,0.4535,3.0000,0.0000,0.0000,0,21.2237,598.2073,980.2685,789.2379,191.0306,10.1269,36.1097,572.2245,1000.0000
44.581,1,0,heuristic,-14.6083,82.5916,0.4605,2.3928,2.2304,3.2711,-0.9040,0.9184,4.0000,1.6801,1.0712,11.8229,0.4579,3.0000,0.0000,0.0000,0,21.2237,654.9018,998.1274,826.5146,171.6128,10.4959,36.0924,629.3053,1000.0000
44.632,1,0,heuristic,-14.4898,82.6911,0.4616,2.4079,2.1988,3.2608,0.9640,0.9232,4.0000,1.6238,1.0712,11.6723,0.4617,3.0000,0.0000,0.0000,0,21.2237,675.2304,966.0792,820.6548,145.4244,10.6447,4.7734,681.1017,981.4973
44.682,1,0,heuristic,-14.3640,82.7946,0.4635,2.4101,2.1571,3.2345,0.9795,0.9282,4.0000,1.5630,1.0712,11.5143,0.4647,3.0000,0.0000,0.0000,0,21.2237,699.3889,973.9252,836.6570,137.2682,11.0231,4.5367,705.8753,989.4850
44.731,1,0,heuristic,-14.2453,82.8905,0.4659,2.4231,2.1251,3.2230,-0.8360,0.9332,4.0000,1.5046,1.0712,11.3667,0.4674,3.0000,0.0000,0.0000,0,21.2237,699.3889,973.9252,836.6570,137.2682,11.1892,35.0523,675.5258,1000.0000
44.781,1,0,heuristic,-14.2453,82.8905,0.4671,2.4231,2.1251,3.2230,-0.8533,0.9332,4.0000,1.5046,1.0712,11.3667,0.4661,3.0000,0.0000,0.0000,0,21.2237,674.5737,942.7484,808.6610,134.0874,11.1892,35.2920,650.4709,989.2296
44.831,1,0,heuristic,-14.1188,82.9906,0.4712,2.4247,2.0851,3.1979,1.0365,0.9385,4.0000,1.4416,1.0712,11.2113,0.4673,3.0000,0.0000,0.0000,0,21.2237,564.5737,942.1982,753.3859,188.8123,11.5496,3.4930,572.6303,957.2407
44.881,1,0,heuristic,-13.9993,83.0835,0.4738,2.4377,2.0552,3.1884,-0.8320,0.9438,4.0000,1.3812,1.0712,11.0659,0.4700,3.0000,0.0000,0.0000,0,21.2237,454.5737,972.7625,713.6681,259.0944,11.6865,34.8903,431.3699,1000.0000
44.931,1,0,heuristic,-13.9993,83.0835,0.4780,2.4377,2.0552,3.1884,1.0660,0.9438,4.0000,1.3812,1.0712,11.0659,0.4658,3.0000,0.0000,0.0000,0,21.2237,427.0727,999.9880,713.5303,286.4577,11.6865,2.8409,435.9182,1000.0000
44.981,1,0,heuristic,-13.8727,83.1802,0.4840,2.4373,2.0163,3.1632,-0.7738,0.9493,4.0000,1.3164,1.0712,10.9135,0.4653,3.0000,0.0000,0.0000,0,21.2237,524.3706,978.2081,751.2894,226.9187,12.0493,33.6231,502.7968,1000.0000
45.031,1,0,heuristic,-13.7538,83.2693,0.4863,2.4451,1.9843,3.1489,-0.7545,0.9547,4.0000,1.2547,1.0712,10.7720,0.4685,3.0000,0.0000,0.0000,0,21.2237,634.3657,999.9825,817.1741,182.8084,12.2553,33.3185,613.3025,1000.0000
45.081,1,0,heuristic,-13.6282,83.3618,0.4944,2.4391,1.9430,3.1184,-0.7455,0.9604,4.0000,1.1887,1.0712,10.6241,0.4660,3.0000,0.0000,0.0000,0,21.2237,713.0891,950.8238,831.9565,118.8674,12.6951,32.9575,692.8267,996.4764
45.132,1,0,heuristic,-13.5099,83.4475,0.5014,2.4443,1.9115,3.1030,1.1430,0.9659,4.0000,1.1260,1.0712,10.4860,0.4645,3.0000,0.0000,0.0000,0,21.2237,713.0891,950.8238,831.9565,118.8674,12.9172,1.0667,724.9395,964.8077
45.181,1,0,heuristic,-13.5099,83.4475,0.5051,2.4443,1.9115,3.1030,-0.7418,0.9659,4.0000,1.1260,1.0712,10.4860,0.4609,3.0000,0.0000,0.0000,0,21.2237,496.9408,883.3693,690.1550,193.2143,12.9172,32.5871,477.2709,928.8736
45.232,1,0,heuristic,-13.3841,83.5375,0.5143,2.4394,1.8754,3.0770,-0.7270,0.9718,4.0000,1.0586,1.0712,10.3405,0.4576,3.0000,0.0000,0.0000,0,21.2237,401.9351,958.1665,680.0508,278.1157,13.2911,32.0922,383.1339,1000.0000
45.281,1,0,heuristic,-13.2654,83.6215,0.5208,2.4460,1.8505,3.0671,-0.7255,0.9777,4.0000,0.9947,1.0712,10.2041,0.4569,3.0000,0.0000,0.0000,0,21.2237,511.8718,991.6125,751.7422,239.8703,13.4341,31.9258,493.3802,1000.0000
45.332,1,0,heuristic,-13.1403,83.7089,0.5310,2.4380,1.8164,3.0402,-0.7053,0.9837,4.0000,0.9267,1.0712,10.0617,0.4527,3.0000,0.0000,0.0000,0,21.2237,511.5606,976.3032,743.9319,232.3713,13.8206,31.2999,494.0813,1000.0000
45.381,1,0,heuristic,-13.0228,83.7898,0.5430,2.4401,1.7902,3.0263,-0.6975,0.9896,4.0000,0.8623,1.0712,9.9291,0.4466,3.0000,0.0000,0.0000,0,21.2237,429.5743,987.7242,708.6493,279.0749,14.0208,30.8139,412.7812,1000.0000
45.431,1,0,heuristic,-13.0228,83.7898,0.5479,2.4401,1.7902,3.0263,1.2392,0.9896,4.0000,0.8623,1.0712,9.9291,0.4417,3.0000,0.0000,0.0000,0,21.2237,319.5743,976.4747,648.0245,328.4502,14.0208,-1.9144,335.5095,988.5810
45.481,1,0,heuristic,-12.8984,83.8742,0.5613,2.4305,1.7570,2.9990,1.2428,0.9958,4.0000,0.7936,1.0712,9.7901,0.4345,3.0000,0.0000,0.0000,0,21.2237,227.0953,996.8736,611.9845,384.8891,14.4139,-2.3828,243.8921,1000.0000
45.531,1,0,heuristic,-12.7816,83.9524,0.5690,2.4311,1.7314,2.9846,1.2592,1.0018,4.0000,0.7285,1.0712,9.6608,0.4328,3.0000,0.0000,0.0000,0,21.2237,326.2942,964.2793,645.2868,318.9926,14.6219,-2.8461,343.7622,976.0552
45.581,1,0,heuristic,-12.6584,84.0334,0.5841,2.4184,1.6967,2.9543,1.2870,1.0081,4.0000,0.6593,1.0712,9.5260,0.4240,3.0000,0.0000,0.0000,0,21.2237,323.1344,986.7995,654.9669,331.8326,15.0584,-3.7888,341.9816,998.0691
45.631,1,0,heuristic,-12.5430,84.1083,0.5995,2.4158,1.6693,2.9364,1.3177,1.0142,4.0000,0.5938,1.0712,9.4009,0.4148,3.0000,0.0000,0.0000,0,21.2237,433.1344,986.4547,709.7945,276.6602,15.3156,-4.7903,453.2403,996.9800
45.681,1,0,heuristic,-12.5430,84.1083,0.6061,2.4158,1.6693,2.9364,-0.6028,1.0142,4.0000,0.5938,1.0712,9.4009,0.4081,3.0000,0.0000,0.0000,0,21.2237,542.7904,986.9626,764.8765,222.0861,15.3156,27.2153,530.8907,1000.0000
45.731,1,0,heuristic,-12.4208,84.1866,0.6269,2.4024,1.6366,2.9069,1.3375,1.0207,4.0000,0.5241,1.0712,9.2697,0.3937,3.0000,0.0000,0.0000,0,21.2237,504.7189,962.9275,733.8232,229.1043,15.7400,-6.0763,526.5352,972.5912
45.782,1,0,heuristic,-12.3056,84.2600,0.6341,2.4022,1.6152,2.8948,-0.5683,1.0270,4.0000,0.4581,1.0712,9.1467,0.3928,3.0000,0.0000,0.0000,0,21.2237,580.1509,992.5294,786.3402,206.1893,15.9154,25.7765,570.2899,1000.0000
45.831,1,0,heuristic,-12.1830,84.3379,0.6520,2.3933,1.5917,2.8742,-0.5825,1.0336,4.0000,0.3878,1.0712,9.0165,0.3816,3.0000,0.0000,0.0000,0,21.2237,580.1509,992.5294,786.3402,206.1893,16.2110,25.4411,570.9208,1000.0000
45.881,1,0,heuristic,-12.0670,84.4116,0.6711,2.3977,1.5802,2.8716,-0.5990,1.0401,4.0000,0.3213,1.0712,8.8938,0.3690,3.0000,0.0000,0.0000,0,21.2237,560.0414,998.0497,779.0455,219.0042,16.2486,25.0928,551.1972,1000.0000
45.931,1,0,heuristic,-12.0670,84.4116,0.6787,2.3977,1.5802,2.8716,1.3550,1.0401,4.0000,0.3213,1.0712,8.8938,0.3614,3.0000,0.0000,0.0000,0,21.2237,450.0677,984.5027,717.2852,267.2175,16.2486,-8.0290,474.3454,992.7223
45.981,1,0,heuristic,-11.9435,84.4901,0.6982,2.3933,1.5664,2.8604,1.3377,1.0469,4.0000,0.2505,1.0712,8.7634,0.3487,3.0000,0.0000,0.0000,0,21.2237,450.0677,984.5027,717.2852,267.2175,16.4106,-8.3765,474.8549,992.5368
46.032,1,0,heuristic,-11.8267,84.5645,0.7092,2.4014,1.5630,2.8653,1.3540,1.0534,4.0000,0.1835,1.0712,8.6405,0.3442,3.0000,0.0000,0.0000,0,21.2237,556.4371,992.1165,774.2768,217.8397,16.3399,-8.9548,581.7318,999.5015
46.082,1,0,heuristic,-11.7024,84.6436,0.7291,2.3990,1.5546,2.8587,1.3578,1.0603,4.0000,0.1124,1.0712,8.5103,0.3312,3.0000,0.0000,0.0000,0,21.2237,578.9746,978.0733,778.5239,199.5493,16.4350,-9.6684,605.0780,984.8398
46.131,1,0,heuristic,-11.7024,84.6436,0.7438,2.3990,1.5546,2.8587,-0.5905,1.0603,4.0000,0.1124,1.0712,8.5103,0.3165,3.0000,0.0000,0.0000,0,21.2237,688.4572,981.7927,835.1250,146.6677,16.4350,22.4898,682.4024,1000.0000
46.181,1,0,heuristic,-11.5848,84.7188,0.7560,2.4094,1.5570,2.8687,-0.5837,1.0668,4.0000,0.0451,1.0712,8.3874,0.3108,3.0000,0.0000,0.0000,0,21.2237,635.6239,960.3260,797.9749,162.3510,16.2909,22.0190,629.8959,998.6359
46.231,1,0,heuristic,-11.4592,84.7998,0.7752,2.4105,1.5571,2.8697,-0.5995,1.0738,4.0000,-0.0263,1.0712,8.2560,0.2986,3.0000,0.0000,0.0000,0,21.2237,571.2023,987.9537,779.5780,208.3757,16.2764,21.6646,565.8141,1000.0000
46.281,1,0,heuristic,-11.3401,84.8775,0.7873,2.4248,1.5696,2.8885,-0.5953,1.0803,4.0000,-0.0936,1.0712,8.1312,0.2929,3.0000,0.0000,0.0000,0,21.2237,550.3541,985.4059,767.8800,217.5259,16.0061,21.2376,545.1226,1000.0000
46.331,1,0,heuristic,-11.2131,84.9612,0.8107,2.4280,1.5775,2.8955,1.3510,1.0872,4.0000,-0.1650,1.0712,7.9981,0.2765,3.0000,0.0000,0.0000,0,21.2237,514.0283,985.7208,749.8746,235.8463,15.9050,-12.2422,542.1755,989.3837
46.381,1,0,heuristic,-11.0932,85.0410,0.8261,2.4421,1.5943,2.9164,-0.6092,1.0936,4.0000,-0.2320,1.0712,7.8724,0.2675,3.0000,0.0000,0.0000,0,21.2237,501.3429,944.6665,723.0047,221.6618,15.6035,20.2036,496.7428,980.4736
46.432,1,0,heuristic,-11.0932,85.0410,0.8374,2.4421,1.5943,2.9164,-0.6015,1.0936,4.0000,-0.2320,1.0712,7.8724,0.2562,3.0000,0.0000,0.0000,0,21.2237,395.0993,938.5484,666.8239,271.7246,15.6035,19.6341,391.0687,973.7860
46.482,1,0,heuristic,-10.9659,85.1265,0.8574,2.4433,1.6043,2.9229,-0.6082,1.1004,4.0000,-0.3028,1.0712,7.7389,0.2430,3.0000,0.0000,0.0000,0,21.2237,395.0993,938.5484,666.8239,271.7246,15.5100,19.0927,391.5166,973.1512
46.531,1,0,heuristic,-10.8461,85.2076,0.8688,2.4538,1.6214,2.9411,-0.5978,1.1067,4.0000,-0.3691,1.0712,7.6133,0.2379,3.0000,0.0000,0.0000,0,21.2237,422.5700,986.8701,704.7200,282.1501,15.2487,18.5845,419.2341,1000.0000
46.581,1,0,heuristic,-10.7196,85.2937,0.8892,2.4497,1.6285,2.9416,-0.5713,1.1134,4.0000,-0.4389,1.0712,7.4810,0.2241,3.0000,0.0000,0.0000,0,21.2237,360.0652,965.4625,662.7639,302.6987,15.2404,17.4655,357.8402,998.1684
46.631,1,0,heuristic,-10.6008,85.3751,0.9057,2.4547,1.6420,2.9533,1.4035,1.1195,4.0000,-0.5042,1.0712,7.3570,0.2139,3.0000,0.0000,0.0000,0,21.2237,299.2099,977.5326,638.3712,339.1614,15.0728,-16.2373,330.5200,976.3681
46.681,1,0,heuristic,-10.6008,85.3751,0.9187,2.4547,1.6420,2.9533,1.4165,1.1195,4.0000,-0.5042,1.0712,7.3570,0.2009,3.0000,0.0000,0.0000,0,21.2237,299.2099,977.5326,638.3712,339.1614,15.0728,-16.9624,331.2451,975.6430
46.731,1,0,heuristic,-10.4754,85.4617,0.9437,2.4460,1.6464,2.9485,1.4450,1.1261,4.0000,-0.5728,1.0712,7.2265,0.1824,3.0000,0.0000,0.0000,0,21.2237,369.5331,934.5181,652.0256,282.4925,15.1419,-18.2949,402.9699,931.3651
46.782,1,0,heuristic,-10.3580,85.5431,0.9567,2.4460,1.6564,2.9541,-0.5525,1.1322,4.0000,-0.6368,1.0712,7.1046,0.1755,3.0000,0.0000,0.0000,0,21.2237,479.5331,932.8151,706.1741,226.6410,15.0609,14.8712,479.7229,962.7472
46.831,1,0,heuristic,-10.2344,85.6295,0.9791,2.4323,1.6574,2.9433,1.4607,1.1387,4.0000,-0.7040,1.0712,6.9766,0.1596,3.0000,0.0000,0.0000,0,21.2237,699.5331,929.3559,814.4445,114.9114,15.2167,-19.6971,734.4469,924.8755
46.881,1,0,heuristic,-10.1187,85.7113,0.9925,2.4277,1.6670,2.9449,-0.5530,1.1447,4.0000,-0.7663,1.0712,6.8566,0.1522,3.0000,0.0000,0.0000,0,21.2237,807.7079,952.6187,880.1633,72.4554,15.1930,13.7261,809.1748,981.5379
46.931,1,0,heuristic,-9.9967,85.8000,1.0151,2.4114,1.6744,2.9357,1.4313,1.1509,4.0000,-0.8309,1.0712,6.7290,0.1358,3.0000,0.0000,0.0000,0,21.2237,845.6797,1000.0000,922.8399,77.1601,15.3254,-20.3684,881.3735,994.9569
46.982,1,0,heuristic,-9.8821,85.8862,1.0371,2.4066,1.6988,2.9458,1.4185,1.1565,4.0000,-0.8902,1.0712,6.6071,0.1194,3.0000,0.0000,0.0000,0,21.2237,873.1085,905.1286,889.1185,16.0101,15.1803,-20.9054,909.1941,899.4035
47.031,1,0,heuristic,-9.7608,85.9813,1.0591,2.3918,1.7250,2.9490,1.3802,1.1622,4.0000,-0.9511,1.0712,6.4755,0.1031,3.0000,0.0000,0.0000,0,21.2237,852.7995,951.2090,902.0043,49.2047,15.1348,-21.0065,888.9408,945.3374
47.081,1,0,heuristic,-9.7608,85.9813,1.0745,2.3918,1.7250,2.9490,-0.6408,1.1622,4.0000,-0.9511,1.0712,6.4755,0.0877,3.0000,0.0000,0.0000,0,21.2237,852.7995,951.2090,902.0043,49.2047,15.1348,12.3459,855.5884,978.6898
47.131,1,0,heuristic,-9.6470,86.0744,1.0912,2.3877,1.7680,2.9710,1.3618,1.1672,4.0000,-1.0064,1.0712,6.3493,0.0760,3.0000,0.0000,0.0000,0,21.2237,894.2981,919.2116,906.7548,12.4567,14.8175,-21.8549,930.9705,912.1743
47.181,1,0,heuristic,-9.5268,86.1770,1.1052,2.3726,1.8090,2.9836,-0.6907,1.1723,4.0000,-1.0628,1.0712,6.2129,0.0671,3.0000,0.0000,0.0000,0,21.2237,768.2132,885.1601,826.6867,58.4735,14.6367,12.1814,770.6685,911.9782
47.231,1,0,heuristic,-9.4139,86.2773,1.1166,2.3682,1.8651,3.0145,-0.7188,1.1767,4.0000,-1.1138,1.0712,6.0821,0.0601,3.0000,0.0000,0.0000,0,21.2237,674.1003,974.7175,824.4089,150.3086,14.1915,12.2891,676.0028,1000.0000
47.281,1,0,heuristic,-9.2950,86.3873,1.1334,2.3520,1.9148,3.0329,-0.7180,1.1813,4.0000,-1.1655,1.0712,5.9412,0.0479,3.0000,0.0000,0.0000,0,21.2237,584.9149,981.2057,783.0603,198.1454,13.9259,11.7089,587.1319,1000.0000
47.331,1,0,heuristic,-9.2950,86.3873,1.1478,2.3520,1.9148,3.0329,1.3348,1.1813,4.0000,-1.1655,1.0712,5.9412,0.0335,3.0000,0.0000,0.0000,0,21.2237,578.9892,987.1769,783.0831,204.0938,13.9259,-23.3380,616.2531,977.7648
47.382,1,0,heuristic,-9.1836,86.4935,1.1599,2.3459,1.9746,3.0663,-0.7085,1.1851,4.0000,-1.2125,1.0712,5.8071,0.0252,3.0000,0.0000,0.0000,0,21.2237,651.3614,981.7162,816.5388,165.1774,13.4450,10.5861,654.2203,1000.0000
47.431,1,0,heuristic,-9.0661,86.6086,1.1740,2.3285,2.0223,3.0841,1.3393,1.1893,4.0000,-1.2604,1.0712,5.6639,0.0153,3.0000,0.0000,0.0000,0,21.2237,651.3614,981.7162,816.5388,165.1774,13.1894,-24.2864,688.8373,970.6192
47.481,1,0,heuristic,-8.9563,86.7190,1.1862,2.3205,2.0780,3.1149,-0.7075,1.1928,4.0000,-1.3039,1.0712,5.5282,0.0066,3.0000,0.0000,0.0000,0,21.2237,541.3736,999.9075,770.6405,229.2669,12.7451,9.6902,544.4285,1000.0000
47.531,1,0,heuristic,-8.8409,86.8384,1.2031,2.3002,2.1216,3.1293,-0.7117,1.1966,4.0000,-1.3480,1.0712,5.3837,-0.0065,3.0000,0.0000,0.0000,0,21.2237,565.6184,961.4052,763.5118,197.8934,12.5382,9.1762,568.9804,983.1196
47.581,1,0,heuristic,-8.7333,86.9524,1.2165,2.2883,2.1722,3.1551,1.3575,1.1998,4.0000,-1.3878,1.0712,5.2475,-0.0167,3.0000,0.0000,0.0000,0,21.2237,722.6837,874.2890,798.4864,75.8027,12.1660,-26.0493,760.8990,860.4057
47.631,1,0,heuristic,-8.7333,86.9524,1.2299,2.2883,2.1722,3.1551,-0.6817,1.1998,4.0000,-1.3878,1.0712,5.2475,-0.0301,3.0000,0.0000,0.0000,0,21.2237,800.1539,921.5852,860.8695,60.7156,12.1660,7.6870,804.6329,941.4381
47.681,1,0,heuristic,-8.6208,87.0743,1.2470,2.2635,2.2067,3.1611,1.3538,1.2034,4.0000,-1.4282,1.0712,5.1036,-0.0436,3.0000,0.0000,0.0000,0,21.2237,691.3542,927.1557,809.2549,117.9007,12.0799,-27.1007,730.5348,912.1349
47.731,1,0,heuristic,-8.5166,87.1903,1.2570,2.2451,2.2486,3.1775,-0.7143,1.2064,3.9749,-1.4642,1.0712,4.9686,-0.0506,3.0000,0.0000,0.0000,0,21.2237,664.0228,824.8387,744.4307,80.4079,11.4822,7.3116,668.1934,843.6324
47.782,1,0,heuristic,-8.4080,87.3148,1.2768,2.2134,2.2777,3.1760,-0.7213,1.2097,3.8605,-1.4998,1.0712,4.8257,-0.0672,3.0000,0.0000,0.0000,0,21.2237,558.1376,934.8384,746.4880,188.3504,9.8567,6.7250,561.2693,951.4201
47.831,1,0,heuristic,-8.3078,87.4329,1.2897,2.1886,2.3141,3.1851,1.3438,1.2124,3.7535,-1.5312,1.0712,4.6919,-0.0774,3.0000,0.0000,0.0000,0,21.2237,668.1031,987.3769,827.7400,159.6369,8.1847,-28.4137,704.7015,967.1479
47.881,1,0,heuristic,-8.2036,87.5583,1.3026,2.1516,2.3336,3.1741,-0.7418,1.2154,3.6413,-1.5626,1.0712,4.5517,-0.0872,3.0000,0.0000,0.0000,0,21.2237,713.6981,912.3954,813.0467,99.3486,6.7285,6.1920,714.2347,925.3159
47.931,1,0,heuristic,-8.1071,87.6770,1.3180,2.1232,2.3615,3.1756,-0.7415,1.2179,3.5365,-1.5904,1.0712,4.4206,-0.1001,3.0000,0.0000,0.0000,0,21.2237,823.6981,985.5098,904.6040,80.9058,5.1962,5.6395,823.2548,996.3455
47.981,1,0,heuristic,-8.1071,87.6770,1.3281,2.1232,2.3615,3.1756,-0.7323,1.2179,3.5365,-1.5904,1.0712,4.4206,-0.1102,3.0000,0.0000,0.0000,0,21.2237,823.6981,985.5098,904.6040,80.9058,5.1962,5.0914,823.8029,995.7973
48.031,1,0,heuristic,-8.0067,87.8041,1.3434,2.0849,2.3783,3.1628,-0.7325,1.2207,3.4257,-1.6177,1.0712,4.2822,-0.1227,3.0000,0.0000,0.0000,0,21.2237,893.7082,997.6089,945.6586,51.9504,3.7864,4.5650,892.9296,1000.0000
48.081,1,0,heuristic,-7.9136,87.9259,1.3569,2.0557,2.4101,3.1677,1.3382,1.2227,3.3212,-1.6410,1.0712,4.1515,-0.1342,3.0000,0.0000,0.0000,0,21.2237,784.4321,981.2852,882.8587,98.4266,2.2103,-30.7078,817.3502,952.7878
48.131,1,0,heuristic,-7.8166,88.0577,1.3656,2.0176,2.4350,3.1623,1.3337,1.2248,3.2097,-1.6630,1.0712,4.0121,-0.1408,3.0000,0.0000,0.0000,0,21.2237,704.6019,890.6674,797.6347,93.0328,0.6823,-30.9196,736.2038,860.4301
48.181,1,0,heuristic,-7.7268,88.1845,1.3813,1.9882,2.4762,3.1756,1.3337,1.2262,3.1040,-1.6811,1.0712,3.8800,-0.1551,3.0000,0.0000,0.0000,0,21.2237,663.9385,833.8453,748.8919,84.9534,-1.0308,-31.5059,694.4136,801.3086
48.231,1,0,heuristic,-7.7268,88.1845,1.3896,1.9882,2.4762,3.1756,1.3375,1.2262,3.1040,-1.6811,1.0712,3.8800,-0.1634,3.0000,0.0000,0.0000,0,21.2237,751.3455,802.6572,777.0013,25.6559,-1.0308,-31.8921,782.2067,769.7343
48.281,1,0,heuristic,-7.6336,88.3210,1.4047,1.9491,2.5058,3.1746,1.3140,1.2277,2.9920,-1.6976,1.0712,3.7400,-0.1770,3.0000,0.0000,0.0000,0,21.2237,861.2720,740.9962,801.1341,-60.1379,-2.6298,-32.0511,890.6933,706.3153
48.331,1,0,heuristic,-7.5477,88.4506,1.4182,1.9171,2.5449,3.1862,1.3113,1.2286,2.8871,-1.7108,1.0712,3.6088,-0.1895,3.0000,0.0000,0.0000,0,21.2237,861.2720,740.9962,801.1341,-60.1379,-4.3078,-32.5138,889.4780,704.1747
48.381,1,0,heuristic,-7.4591,88.5896,1.4288,1.8746,2.5704,3.1814,-0.8375,1.2297,2.7764,-1.7221,1.0712,3.4705,-0.1990,3.0000,0.0000,0.0000,0,21.2237,957.4270,537.1280,747.2775,-210.1495,-5.8324,3.1977,948.3969,534.4934
48.431,1,0,heuristic,-7.3780,88.7221,1.4339,1.8375,2.6084,3.1907,1.2780,1.2302,2.6725,-1.7298,1.0712,3.3406,-0.2037,3.0000,0.0000,0.0000,0,21.2237,847.4270,647.1280,747.2775,-100.1495,-7.4611,-32.5350,872.5009,607.1319
48.481,1,0,heuristic,-7.3780,88.7221,1.4437,1.8375,2.6084,3.1907,-0.8782,1.2302,2.6725,-1.7298,1.0712,3.3406,-0.2134,3.0000,0.0000,0.0000,0,21.2237,764.4172,711.6564,738.0368,-26.3804,-7.4611,3.3099,753.6461,707.5051
48.531,1,0,heuristic,-7.2951,88.8639,1.4540,1.7889,2.6320,3.1824,-0.9022,1.2309,2.5632,-1.7346,1.0712,3.2040,-0.2231,3.0000,0.0000,0.0000,0,21.2237,864.0706,709.9979,787.0343,-77.0364,-8.9174,3.3274,851.8258,704.4079
48.581,1,0,heuristic,-7.2198,88.9981,1.4586,1.7450,2.6647,3.1853,1.2248,1.2310,2.4614,-1.7365,1.0712,3.0767,-0.2276,3.0000,0.0000,0.0000,0,21.2237,840.6781,674.6099,757.6440,-83.0341,-10.4235,-32.5826,862.8372,631.6038
48.631,1,0,heuristic,-7.1426,89.1408,1.4677,1.6927,2.6810,3.1707,1.1955,1.2312,2.3550,-1.7358,1.0712,2.9438,-0.2365,3.0000,0.0000,0.0000,0,21.2237,840.6781,674.6099,757.6440,-83.0341,-11.7450,-32.4359,861.3691,630.4290
48.682,1,0,heuristic,-7.0724,89.2756,1.4743,1.6466,2.7065,3.1680,-0.9605,1.2310,2.2565,-1.7328,1.0712,2.8207,-0.2433,3.0000,0.0000,0.0000,0,21.2237,882.9568,476.7333,679.8451,-203.1118,-13.1252,3.5210,866.3107,467.1291
48.731,1,0,heuristic,-7.0724,89.2756,1.4773,1.6466,2.7065,3.1680,-0.9607,0.8273,4.0000,-2.5622,0.5934,21.8594,-0.6500,3.0000,0.0000,0.0000,0,20.5292,907.3657,563.2765,735.3211,-172.0446,11.9808,-13.3681,932.7145,561.8891
48.781,1,0,heuristic,-7.0009,89.4182,1.4842,1.5925,2.7135,3.1463,1.1342,0.8211,4.0000,-2.4840,0.5934,21.7122,-0.6631,3.0000,0.0000,0.0000,0,20.5292,889.0581,503.8586,696.4584,-192.5998,12.2936,-48.9917,950.3435,467.1605
48.832,1,0,heuristic,-6.9362,89.5516,1.4875,1.5436,2.7267,3.1333,-1.0143,0.8149,4.0000,-2.4096,0.5934,21.5764,-0.6726,3.0000,0.0000,0.0000,0,20.5292,931.3657,613.8586,772.6121,-158.7536,12.4805,-13.1881,957.0343,613.1509
48.881,1,0,heuristic,-6.9362,89.5516,1.4900,1.5436,2.7267,3.1333,-1.0215,0.8149,4.0000,-2.4096,0.5934,21.5764,-0.6751,3.0000,0.0000,0.0000,0,20.5292,831.6860,683.2529,757.4694,-74.2166,12.4805,-13.1609,857.3274,682.5725
48.931,1,0,heuristic,-6.8704,89.6926,1.4942,1.4877,2.7236,3.1034,-1.0562,0.8086,4.0000,-2.3295,0.5934,21.4350,-0.6856,3.0000,0.0000,0.0000,0,20.5292,738.5645,573.2530,655.9088,-82.6557,12.9104,-12.8961,764.3711,573.2673
48.981,1,0,heuristic,-6.8108,89.8255,1.4954,1.4385,2.7324,3.0879,1.0862,0.8022,4.0000,-2.2527,0.5934,21.3038,-0.6932,3.0000,0.0000,0.0000,0,20.5292,744.1794,577.3572,660.7683,-83.4111,13.1344,-49.0964,806.4102,541.3952
49.032,1,0,heuristic,-6.8108,89.8255,1.4972,1.4385,2.7324,3.0879,-1.0735,0.8022,4.0000,-2.2527,0.5934,21.3038,-0.6950,3.0000,0.0000,0.0000,0,20.5292,854.1794,467.3572,660.7683,-193.4111,13.1344,-12.8848,880.1986,467.6067
49.081,1,0,heuristic,-6.7499,89.9657,1.4980,1.3851,2.7252,3.0570,-1.0975,0.7956,4.0000,-2.1705,0.5934,21.1670,-0.7024,3.0000,0.0000,0.0000,0,20.5292,893.2235,576.8081,735.0158,-158.2077,13.5789,-12.6704,919.4727,577.7166
49.131,1,0,heuristic,-6.6946,90.0969,1.4990,1.3387,2.7269,3.0378,-1.1065,0.7891,4.0000,-2.0927,0.5934,21.0405,-0.7099,3.0000,0.0000,0.0000,0,20.5292,794.8521,610.5193,702.6857,-92.1664,13.8564,-12.7150,821.4235,611.6606
49.181,1,0,heuristic,-6.6382,90.2356,1.4983,1.2877,2.7152,3.0051,-1.1240,0.7823,4.0000,-2.0091,0.5934,20.9086,-0.7160,3.0000,0.0000,0.0000,0,20.5292,901.5332,578.4657,739.9994,-161.5337,14.3269,-12.5487,928.4087,580.2440
49.231,1,0,heuristic,-6.5871,90.3666,1.4983,1.2432,2.7180,2.9888,-1.1547,0.7754,4.0000,-1.9291,0.5934,20.7860,-0.7230,3.0000,0.0000,0.0000,0,20.5292,983.0396,486.2462,734.6429,-248.3967,14.5610,-12.1976,1000.0000,488.6096
49.281,1,0,heuristic,-6.5871,90.3666,1.4971,1.2432,2.7180,2.9888,1.0120,0.7754,4.0000,-1.9291,0.5934,20.7860,-0.7217,3.0000,0.0000,0.0000,0,20.5292,959.0480,424.1204,691.5842,-267.4638,14.5610,-48.5501,1000.0000,390.1313
49.332,1,0,heuristic,-6.5349,90.5061,1.4952,1.1954,2.7107,2.9626,0.9978,0.7680,4.0000,-1.8427,0.5934,20.6573,-0.7272,3.0000,0.0000,0.0000,0,20.5292,959.0480,424.1204,691.5842,-267.4638,14.9392,-48.4058,1000.0000,390.6538
49.381,1,0,heuristic,-6.4877,90.6381,1.4933,1.1527,2.7187,2.9530,-1.1905,0.7605,4.0000,-1.7596,0.5934,20.5376,-0.7328,3.0000,0.0000,0.0000,0,20.5292,956.3618,204.1859,580.2739,-376.0879,15.0773,-11.7435,983.1826,207.5196
49.432,1,0,heuristic,-6.4402,90.7785,1.4891,1.1051,2.7151,2.9313,-1.2460,0.7526,4.0000,-1.6698,0.5934,20.4125,-0.7365,3.0000,0.0000,0.0000,0,20.5292,929.7176,314.1859,621.9518,-307.7659,15.3887,-10.8227,955.9290,318.7519
49.481,1,0,heuristic,-6.3976,90.9106,1.4844,1.0613,2.7223,2.9219,0.9035,0.7448,4.0000,-1.5841,0.5934,20.2969,-0.7396,3.0000,0.0000,0.0000,0,20.5292,886.0150,378.8291,632.4221,-253.5929,15.5251,-46.9278,948.4679,347.4265
49.531,1,0,heuristic,-6.3976,90.9106,1.4802,1.0613,2.7223,2.9219,0.8718,0.7448,4.0000,-1.5841,0.5934,20.2969,-0.7354,3.0000,0.0000,0.0000,0,20.5292,996.0150,416.5048,706.2599,-289.7551,15.5251,-46.2309,1000.0000,385.7991
49.581,1,0,heuristic,-6.3549,91.0501,1.4718,1.0133,2.7145,2.8974,0.8635,0.7366,4.0000,-1.4923,0.5934,20.1768,-0.7351,3.0000,0.0000,0.0000,0,20.5292,980.7318,372.8193,676.7755,-303.9563,15.8769,-45.9375,1000.0000,342.7587
49.631,1,0,heuristic,-6.3165,91.1814,1.4660,0.9707,2.7184,2.8865,0.8463,0.7286,4.0000,-1.4050,0.5934,20.0656,-0.7374,3.0000,0.0000,0.0000,0,20.5292,989.1856,262.8193,626.0024,-363.1832,16.0344,-45.5973,1000.0000,233.2563
49.681,1,0,heuristic,-6.2777,91.3205,1.4551,0.9260,2.7099,2.8638,0.8085,0.7201,4.0000,-1.3113,0.5934,19.9495,-0.7350,3.0000,0.0000,0.0000,0,20.5292,984.4632,152.8193,568.6413,-415.8220,16.3616,-44.7146,1000.0000,124.4662
49.731,1,0,heuristic,-6.2428,91.4512,1.4453,0.8860,2.7123,2.8534,-1.4160,0.7118,4.0000,-1.2225,0.5934,19.8421,-0.7335,3.0000,0.0000,0.0000,0,20.5292,978.2253,42.8193,510.5223,-467.7030,16.5116,-7.1377,1000.0000,52.1932
49.781,1,0,heuristic,-6.2428,91.4512,1.4344,0.8860,2.7123,2.8534,0.7590,0.7118,4.0000,-1.2225,0.5934,19.8421,-0.7226,3.0000,0.0000,0.0000,0,20.5292,952.6727,97.7706,525.2216,-427.4511,16.5116,-43.2518,1000.0000,71.0304
49.832,1,0,heuristic,-6.2079,91.5884,1.4224,0.8430,2.6976,2.8263,-1.4728,0.7031,4.0000,-1.1282,0.5934,19.7310,-0.7193,3.0000,0.0000,0.0000,0,20.5292,981.7983,-12.2274,484.7854,-497.0129,16.9015,-5.4664,1000.0000,-0.7924
49.881,1,0,heuristic,-6.1771,91.7159,1.4092,0.8028,2.6895,2.8068,0.6763,0.6949,4.0000,-1.0397,0.5934,19.6294,-0.7143,3.0000,0.0000,0.0000,0,20.5292,997.9346,-11.4970,493.2188,-504.7158,17.1825,-41.2181,1000.0000,-35.5326
49.931,1,0,heuristic,-6.1465,91.8491,1.3948,0.7599,2.6637,2.7700,-1.5580,0.6863,4.0000,-0.9465,0.5934,19.5250,-0.7084,3.0000,0.0000,0.0000,0,20.5292,998.3254,19.9363,509.1309,-489.1945,17.7118,-3.2874,1000.0000,34.3608
49.981,1,0,heuristic,-6.1196,91.9725,1.3790,0.7200,2.6453,2.7415,0.6250,0.6782,4.0000,-0.8592,0.5934,19.4297,-0.7008,3.0000,0.0000,0.0000,0,20.5292,983.2452,57.9150,520.5801,-462.6651,18.1221,-39.5060,1000.0000,36.5312
50.031,1,0,heuristic,-6.1196,91.9725,1.3664,0.7200,2.6453,2.7415,0.6155,0.6782,4.0000,-0.8592,0.5934,19.4297,-0.6883,3.0000,0.0000,0.0000,0,20.5292,882.1680,-21.4258,430.3711,-451.7969,18.1221,-38.8558,939.1459,-42.1595
50.081,1,0,heuristic,-6.0933,92.1015,1.3388,0.6773,2.6125,2.6989,-1.6435,0.6696,4.0000,-0.7669,0.5934,19.3320,-0.6692,3.0000,0.0000,0.0000,0,20.5292,992.1680,-121.9601,435.1039,-557.0640,18.7361,0.0106,1000.0000,-103.2134
50.131,1,0,heuristic,-6.0700,92.2217,1.3250,0.6387,2.5907,2.6682,-1.6567,0.6613,4.0000,-0.6803,0.5934,19.2423,-0.6637,3.0000,0.0000,0.0000,0,20.5292,992.9192,-39.8260,476.5466,-516.3726,19.1773,0.6101,1000.0000,-20.0387
50.181,1,0,heuristic,-6.0470,92.3472,1.2991,0.5997,2.5554,2.6248,-1.7000,0.6526,4.0000,-0.5891,0.5934,19.1500,-0.6465,3.0000,0.0000,0.0000,0,20.5292,992.9192,-39.8260,476.5466,-516.3726,19.8028,2.1826,1000.0000,-17.8407
50.231,1,0,heuristic,-6.0267,92.4642,1.2839,0.5640,2.5316,2.5937,-1.7025,0.6443,4.0000,-0.5035,0.5934,19.0654,-0.6396,3.0000,0.0000,0.0000,0,20.5292,964.8687,178.7181,571.7934,-393.0753,20.2513,2.6582,982.4618,201.6276
50.281,1,0,heuristic,-6.0267,92.4642,1.2619,0.5640,2.5316,2.5937,0.5262,0.6443,4.0000,-0.5035,0.5934,19.0654,-0.6176,3.0000,0.0000,0.0000,0,20.5292,964.8687,178.7181,571.7934,-393.0753,20.2513,-33.9256,1000.0000,165.0438
50.331,1,0,heuristic,-6.0066,92.5875,1.2339,0.5288,2.4995,2.5549,0.5188,0.6353,4.0000,-0.4125,0.5934,18.9776,-0.5986,3.0000,0.0000,0.0000,0,20.5292,999.9996,197.2549,598.6272,-401.3724,20.8099,-32.8804,1000.0000,185.1843
50.381,1,0,heuristic,-5.9880,92.7040,1.2160,0.5006,2.4852,2.5351,0.5145,0.6267,4.0000,-0.3263,0.5934,18.8953,-0.5893,3.0000,0.0000,0.0000,0,20.5292,1000.0000,307.2549,653.6274,-346.3726,21.0945,-32.2763,1000.0000,296.0730
50.431,1,0,heuristic,-5.9681,92.8284,1.1870,0.4769,2.4666,2.5123,0.5102,0.6174,4.0000,-0.2343,0.5934,18.8079,-0.5696,3.0000,0.0000,0.0000,0,20.5292,992.6681,197.2549,594.9615,-397.7066,21.4228,-31.2546,1000.0000,187.4230
50.481,1,0,heuristic,-5.9487,92.9468,1.1686,0.4621,2.4664,2.5093,0.5080,0.6085,4.0000,-0.1470,0.5934,18.7248,-0.5601,3.0000,0.0000,0.0000,0,20.5292,986.3353,87.2549,536.7951,-449.5402,21.4657,-30.6734,1000.0000,78.0472
50.532,1,0,heuristic,-5.9487,92.9468,1.1447,0.4621,2.4664,2.5093,-1.7463,0.6085,4.0000,-0.1470,0.5934,18.7248,-0.5362,3.0000,0.0000,0.0000,0,20.5292,979.1708,-22.7359,478.2174,-500.9534,21.4657,8.1302,992.5063,6.8600
50.581,1,0,heuristic,-5.9274,93.0737,1.1138,0.4517,2.4614,2.5025,-1.7632,0.5989,4.0000,-0.0537,0.5934,18.6357,-0.5149,3.0000,0.0000,0.0000,0,20.5292,952.0598,80.7765,516.4182,-435.6416,21.5645,9.4348,964.1895,111.7759
50.631,1,0,heuristic,-5.9069,93.1942,1.0961,0.4469,2.4712,2.5113,-1.7712,0.5898,4.0000,0.0347,0.5934,18.5512,-0.5063,3.0000,0.0000,0.0000,0,20.5292,989.3991,4.2262,496.8127,-492.5865,21.4370,10.0813,1000.0000,35.7445
50.681,1,0,heuristic,-5.8848,93.3229,1.0645,0.4426,2.4717,2.5110,-1.7752,0.5802,4.0000,0.1290,0.5934,18.4614,-0.4843,3.0000,0.0000,0.0000,0,20.5292,972.9964,110.0451,541.5208,-431.4756,21.4417,11.1940,983.2441,142.6808
50.731,1,0,heuristic,-5.8634,93.4449,1.0464,0.4431,2.4859,2.5251,-1.7812,0.5711,4.0000,0.2183,0.5934,18.3763,-0.4753,3.0000,0.0000,0.0000,0,20.5292,974.7088,220.0451,597.3770,-377.3318,21.2382,11.8239,984.1231,253.1073
50.781,1,0,heuristic,-5.8634,93.4449,1.0211,0.4431,2.4859,2.5251,0.4855,0.5711,4.0000,0.2183,0.5934,18.3763,-0.4500,3.0000,0.0000,0.0000,0,20.5292,974.1397,330.0451,652.0924,-322.0473,21.2382,-25.2691,1000.0000,326.0143
50.831,1,0,heuristic,-5.8399,93.5755,0.9897,0.4449,2.4908,2.5303,0.4835,0.5614,4.0000,0.3133,0.5934,18.2852,-0.4283,3.0000,0.0000,0.0000,0,20.5292,974.1397,330.0451,652.0924,-322.0473,21.1643,-24.2029,1000.0000,327.0065
50.881,1,0,heuristic,-5.8163,93.6997,0.9631,0.4543,2.5103,2.5511,-1.7765,0.5524,4.0000,0.4031,0.5934,18.1979,-0.4107,3.0000,0.0000,0.0000,0,20.5292,999.0780,550.0451,774.5616,-224.5165,20.8645,14.6294,1000.0000,585.5390
50.931,1,0,heuristic,-5.7889,93.8329,0.9388,0.4686,2.5207,2.5639,0.5045,0.5428,4.0000,0.4983,0.5934,18.1031,-0.3960,3.0000,0.0000,0.0000,0,20.5292,999.0780,550.0451,774.5616,-224.5165,20.6798,-22.9326,1000.0000,547.7924
50.981,1,0,heuristic,-5.7607,93.9598,0.9125,0.4927,2.5451,2.5923,-1.7418,0.5340,4.0000,0.5876,0.5934,18.0115,-0.3785,3.0000,0.0000,0.0000,0,20.5292,1000.0000,660.0451,830.0226,-169.9774,20.2708,15.6616,1000.0000,695.9776
51.031,1,0,heuristic,-5.7270,94.0960,0.8822,0.5238,2.5599,2.6129,-1.7410,0.5248,4.0000,0.6817,0.5934,17.9108,-0.3574,3.0000,0.0000,0.0000,0,20.5292,956.8886,632.0609,794.4748,-162.4139,19.9740,16.6490,960.2137,668.6840
51.081,1,0,heuristic,-5.6915,94.2258,0.8582,0.5669,2.5888,2.6501,0.5545,0.5164,4.0000,0.7695,0.5934,17.8124,-0.3418,3.0000,0.0000,0.0000,0,20.5292,981.9566,650.9445,816.4505,-165.5060,19.4381,-21.1393,1000.0000,649.2433
51.131,1,0,heuristic,-5.6495,94.3650,0.8289,0.6150,2.6063,2.6779,-1.6943,0.5076,4.0000,0.8614,0.5934,17.7041,-0.3213,3.0000,0.0000,0.0000,0,20.5292,981.9566,650.9445,816.4505,-165.5060,19.0385,17.6113,983.3837,687.5943
51.181,1,0,heuristic,-5.6495,94.3650,0.8064,0.6150,2.6063,2.6779,0.6118,0.5076,4.0000,0.8614,0.5934,17.7041,-0.2988,3.0000,0.0000,0.0000,0,20.5292,811.6967,524.0627,667.8797,-143.8170,19.0385,-20.2527,850.9878,522.8485
51.231,1,0,heuristic,-5.6061,94.4973,0.7844,0.6727,2.6366,2.7210,-1.6667,0.4998,4.0000,0.9469,0.5934,17.5987,-0.2847,3.0000,0.0000,0.0000,0,20.5292,811.6967,524.0627,667.8797,-143.8170,18.4170,18.7324,811.3813,561.2122
51.281,1,0,heuristic,-5.5561,94.6388,0.7632,0.7306,2.6535,2.7522,0.6365,0.4914,4.0000,1.0362,0.5934,17.4833,-0.2718,3.0000,0.0000,0.0000,0,20.5292,922.2082,677.2579,799.7330,-122.4751,17.9678,-19.2995,959.4755,675.9262
51.331,1,0,heuristic,-5.5061,94.7723,0.7425,0.7927,2.6790,2.7938,-1.6338,0.4840,4.0000,1.1189,0.5934,17.3726,-0.2585,3.0000,0.0000,0.0000,0,20.5292,1000.0000,722.3197,861.1599,-138.8401,17.3695,19.5056,997.8639,759.1948
51.381,1,0,heuristic,-5.4496,94.9142,0.7225,0.8516,2.6890,2.8207,0.6710,0.4762,4.0000,1.2050,0.5934,17.2524,-0.2464,3.0000,0.0000,0.0000,0,20.5292,966.8202,665.4634,816.1418,-150.6784,16.9824,-18.5937,1000.0000,663.8521
51.432,1,0,heuristic,-5.3922,95.0488,0.6983,0.9204,2.7121,2.8640,0.6953,0.4693,4.0000,1.2845,0.5934,17.1356,-0.2290,3.0000,0.0000,0.0000,0,20.5292,999.6135,641.0253,820.3194,-179.2941,16.3580,-18.1885,1000.0000,639.1948
51.481,1,0,heuristic,-5.3922,95.0488,0.6795,0.9204,2.7121,2.8640,-1.6225,0.4693,4.0000,1.2845,0.5934,17.1356,-0.2103,3.0000,0.0000,0.0000,0,20.5292,999.9528,531.0253,765.4890,-234.4637,16.3580,21.4809,994.8299,568.8642
51.531,1,0,heuristic,-5.3269,95.1923,0.6611,0.9874,2.7213,2.8949,0.7057,0.4620,4.0000,1.3669,0.5934,17.0081,-0.1991,3.0000,0.0000,0.0000,0,20.5292,999.9962,569.8440,784.9201,-215.0761,15.9133,-17.0613,1000.0000,568.6960
51.581,1,0,heuristic,-5.2619,95.3276,0.6430,1.0607,2.7407,2.9388,-1.6190,0.4557,4.0000,1.4427,0.5934,16.8853,-0.1874,3.0000,0.0000,0.0000,0,20.5292,989.5311,459.8440,724.6876,-264.8435,15.2808,22.5740,982.2379,497.6989
51.631,1,0,heuristic,-5.1896,95.4707,0.6200,1.1266,2.7431,2.9654,-1.6048,0.4488,4.0000,1.5209,0.5934,16.7528,-0.1711,3.0000,0.0000,0.0000,0,20.5292,989.5311,459.8440,724.6876,-264.8435,14.8976,23.0919,981.3367,497.8335
51.681,1,0,heuristic,-5.1187,95.6049,0.6033,1.1966,2.7537,3.0025,0.7150,0.4429,4.0000,1.5926,0.5934,16.6262,-0.1604,3.0000,0.0000,0.0000,0,20.5292,888.4377,408.8651,648.6514,-239.7863,14.3641,-15.3513,918.1531,407.8779
51.731,1,0,heuristic,-5.0410,95.7462,0.5806,1.2562,2.7464,3.0200,0.7155,0.4365,4.0000,1.6663,0.5934,16.4908,-0.1441,3.0000,0.0000,0.0000,0,20.5292,793.7054,518.8651,656.2852,-137.4201,14.1117,-14.6130,822.4300,518.3638
51.781,1,0,heuristic,-4.9661,95.8780,0.5626,1.3171,2.7461,3.0457,-1.6322,0.4308,4.0000,1.7336,0.5934,16.3627,-0.1318,3.0000,0.0000,0.0000,0,20.5292,901.8842,628.8651,765.3747,-136.5095,13.7424,25.3870,890.2395,667.9945
51.831,1,0,heuristic,-4.9661,95.8780,0.5485,1.3171,2.7461,3.0457,-1.6435,0.4308,4.0000,1.7336,0.5934,16.3627,-0.1177,3.0000,0.0000,0.0000,0,20.5292,907.1573,738.7621,822.9597,-84.1976,13.7424,26.1457,894.7540,778.6502
51.882,1,0,heuristic,-4.8850,96.0159,0.5269,1.3657,2.7274,3.0502,-1.6138,0.4246,4.0000,1.8026,0.5934,16.2266,-0.1023,3.0000,0.0000,0.0000,0,20.5292,965.6896,753.8351,859.7624,-105.9273,13.6777,26.3466,953.0207,793.8594
51.931,1,0,heuristic,-4.8062,96.1443,0.5051,1.4211,2.7172,3.0663,0.7630,0.4192,4.0000,1.8650,0.5934,16.0974,-0.0859,3.0000,0.0000,0.0000,0,20.5292,893.5537,776.6164,835.0850,-58.4686,13.4446,-12.8547,919.8530,777.2063
51.981,1,0,heuristic,-4.7192,96.2792,0.4881,1.4714,2.6922,3.0681,-1.5915,0.4135,4.0000,1.9281,0.5934,15.9584,-0.0746,3.0000,0.0000,0.0000,0,20.5292,965.6839,842.4594,904.0717,-61.6123,13.4196,27.1453,951.9583,883.0243
52.031,1,0,heuristic,-4.6341,96.4049,0.4678,1.5317,2.6779,3.0850,-1.5620,0.4088,4.0000,1.9848,0.5934,15.8256,-0.0590,3.0000,0.0000,0.0000,0,20.5292,947.4928,823.6646,885.5787,-61.9141,13.1759,27.4172,933.2515,864.2577
52.081,1,0,heuristic,-4.5403,96.5369,0.4519,1.5860,2.6498,3.0882,0.8013,0.4037,4.0000,2.0418,0.5934,15.6826,-0.0482,3.0000,0.0000,0.0000,0,20.5292,862.6991,892.7486,877.7238,15.0247,13.1304,-11.7897,887.6191,894.0893
52.131,1,0,heuristic,-4.4484,96.6599,0.4367,1.6517,2.6323,3.1076,-1.5430,0.3996,4.0000,2.0923,0.5934,15.5456,-0.0371,3.0000,0.0000,0.0000,0,20.5292,862.6991,892.7486,877.7238,15.0247,12.8511,28.0932,847.4570,933.6928
52.182,1,0,heuristic,-4.4484,96.6599,0.4219,1.6517,2.6323,3.1076,0.8380,0.3996,4.0000,2.0923,0.5934,15.5456,-0.0223,3.0000,0.0000,0.0000,0,20.5292,999.6271,939.2437,969.4354,-30.1917,12.8511,-11.3319,1000.0000,940.7629
52.231,1,0,heuristic,-4.3471,96.7886,0.4050,1.7112,2.6009,3.1134,0.8762,0.3952,4.0000,2.1424,0.5934,15.3979,-0.0098,3.0000,0.0000,0.0000,0,20.5292,963.5766,862.5974,913.0870,-50.4896,12.7677,-11.4237,987.7680,863.9414
52.281,1,0,heuristic,-4.2479,96.9082,0.3906,1.7820,2.5791,3.1348,-1.4850,0.3919,4.0000,2.1861,0.5934,15.2565,0.0013,3.0000,0.0000,0.0000,0,20.5292,998.8902,848.8808,923.8855,-75.0047,12.4584,28.5763,982.7723,889.9154
52.331,1,0,heuristic,-4.1382,97.0336,0.3817,1.8475,2.5454,3.1452,-1.4998,0.3884,4.0000,2.2287,0.5934,15.1034,0.0066,3.0000,0.0000,0.0000,0,20.5292,975.1424,872.7555,923.9489,-51.1935,12.3095,29.2403,958.2116,914.3052
52.381,1,0,heuristic,-4.0310,97.1503,0.3634,1.9247,2.5230,3.1733,0.9130,0.3859,4.0000,2.2656,0.5934,14.9564,0.0225,3.0000,0.0000,0.0000,0,20.5292,874.0840,817.2022,845.6431,-28.4409,11.9042,-10.6308,896.6190,818.4757
52.431,1,0,heuristic,-3.9132,97.2727,0.3550,1.9928,2.4889,3.1884,0.9260,0.3831,4.0000,2.3012,0.5934,14.7978,0.0281,3.0000,0.0000,0.0000,0,20.5292,764.0840,927.2022,845.6431,81.5591,11.6870,-10.5888,786.3598,928.3005
52.481,1,0,heuristic,-3.9132,97.2727,0.3423,1.9928,2.4889,3.1884,-1.4638,0.3831,4.0000,2.3012,0.5934,14.7978,0.0408,3.0000,0.0000,0.0000,0,20.5292,747.8679,817.2301,782.5490,34.6811,11.6870,29.4112,730.1437,858.3283
52.531,1,0,heuristic,-3.7993,97.3863,0.3346,2.0690,2.4646,3.2179,-1.4567,0.3813,4.0000,2.3316,0.5934,14.6466,0.0466,3.0000,0.0000,0.0000,0,20.5292,731.7687,707.6040,719.6864,-12.0824,11.2622,30.1992,712.8317,749.0655
52.581,1,0,heuristic,-3.6759,97.5045,0.3239,2.1298,2.4262,3.2284,0.9660,0.3790,4.0000,2.3606,0.5934,14.4850,0.0551,3.0000,0.0000,0.0000,0,20.5292,841.2381,806.3373,823.7877,-17.4504,11.1114,-9.8008,862.1503,807.6480
52.631,1,0,heuristic,-3.5583,97.6134,0.3138,2.1940,2.3949,3.2479,-1.4547,0.3774,4.0000,2.3851,0.5934,14.3328,0.0636,3.0000,0.0000,0.0000,0,20.5292,830.5378,872.3543,851.4460,20.9082,10.8300,30.1992,811.1685,913.3835
52.681,1,0,heuristic,-3.5583,97.6134,0.3041,2.1940,2.3949,3.2479,0.9680,0.3774,4.0000,2.3851,0.5934,14.3328,0.0733,3.0000,0.0000,0.0000,0,20.5292,929.5724,914.3032,921.9378,-7.6346,10.8300,-9.4349,949.8373,915.6983
52.731,1,0,heuristic,-3.4321,97.7265,0.2933,2.2405,2.3506,3.2473,0.9962,0.3754,4.0000,2.4083,0.5934,14.1713,0.0821,3.0000,0.0000,0.0000,0,20.5292,1000.0000,991.8133,995.9066,-4.0934,10.8382,-9.5413,1000.0000,993.1102
52.781,1,0,heuristic,-3.3114,97.8307,0.2905,2.2951,2.3150,3.2598,-1.4210,0.3741,4.0000,2.4273,0.5934,14.0186,0.0836,3.0000,0.0000,0.0000,0,20.5292,992.7937,985.2809,989.0373,-3.7564,10.6585,30.4587,972.9935,1000.0000
52.831,1,0,heuristic,-3.1809,97.9392,0.2798,2.3382,2.2691,3.2582,1.0060,0.3726,4.0000,2.4442,0.5934,13.8552,0.0927,3.0000,0.0000,0.0000,0,20.5292,998.2292,941.1296,969.6794,-28.5498,10.6822,-9.2518,1000.0000,942.5600
52.881,1,0,heuristic,-3.0555,98.0394,0.2697,2.3930,2.2329,3.2730,1.0037,0.3719,4.0000,2.4572,0.5934,13.7001,0.1022,3.0000,0.0000,0.0000,0,20.5292,999.9932,944.5023,972.2478,-27.7455,10.4691,-8.8305,1000.0000,946.1409
52.931,1,0,heuristic,-3.0555,98.0394,0.2639,2.3930,2.2329,3.2730,1.0330,0.3719,4.0000,2.4572,0.5934,13.7001,0.1080,3.0000,0.0000,0.0000,0,20.5292,961.8894,914.7672,938.3283,-23.5611,10.4691,-9.0961,981.4546,916.1403
52.981,1,0,heuristic,-2.9204,98.1436,0.2562,2.4341,2.1870,3.2723,-1.3975,0.3709,4.0000,2.4680,0.5934,13.5346,0.1147,3.0000,0.0000,0.0000,0,20.5292,961.8894,914.7672,938.3283,-23.5611,10.4790,30.9039,941.4645,956.1501
53.031,1,0,heuristic,-2.7914,98.2399,0.2508,2.4845,2.1509,3.2862,1.0373,0.3706,4.0000,2.4757,0.5934,13.3780,0.1199,3.0000,0.0000,0.0000,0,20.5292,994.0470,869.1563,931.6016,-62.4454,10.2785,-8.6839,1000.0000,870.7509
53.082,1,0,heuristic,-2.7914,98.2399,0.2434,2.4845,2.1509,3.2862,-1.3927,0.3706,4.0000,2.4757,0.5934,13.3780,0.1272,3.0000,0.0000,0.0000,0,20.5292,884.1295,759.1563,821.6429,-62.4866,10.2785,31.3161,863.0919,800.7509
53.131,1,0,heuristic,-2.6531,98.3400,0.2346,2.5195,2.1057,3.2836,1.0315,0.3701,4.0000,2.4814,0.5934,13.2114,0.1354,3.0000,0.0000,0.0000,0,20.5292,884.1295,759.1563,821.6429,-62.4866,10.3161,-7.9732,902.4188,761.4992
53.181,1,0,heuristic,-2.5216,98.4326,0.2317,2.5638,2.0706,3.2955,1.0295,0.3701,4.0000,2.4846,0.5934,13.0540,0.1385,3.0000,0.0000,0.0000,0,20.5292,710.8541,759.1321,734.9931,24.1390,10.1450,-7.8187,728.8178,761.4583
53.231,1,0,heuristic,-2.3815,98.5290,0.2224,2.5899,2.0271,3.2889,1.0177,0.3698,4.0000,2.4862,0.5934,12.8874,0.1474,3.0000,0.0000,0.0000,0,20.5292,815.4106,695.0429,755.2268,-60.1839,10.2395,-7.2696,832.9197,698.0129
53.281,1,0,heuristic,-2.2494,98.6180,0.2153,2.6224,1.9923,3.2934,-1.4105,0.3700,4.0000,2.4860,0.5934,12.7312,0.1546,3.0000,0.0000,0.0000,0,20.5292,890.8509,773.2956,832.0733,-58.7777,10.1756,32.7304,868.2962,816.2017
53.331,1,0,heuristic,-2.2494,98.6180,0.2096,2.6224,1.9923,3.2934,-1.4163,0.3700,4.0000,2.4860,0.5934,12.7312,0.1604,3.0000,0.0000,0.0000,0,20.5292,993.0352,788.5503,890.7927,-102.2425,10.1756,34.1266,969.0842,832.8525
53.381,1,0,heuristic,-2.1093,98.7102,0.2016,2.6366,1.9487,3.2786,-1.3993,0.3697,4.0000,2.4842,0.5934,12.5664,0.1680,3.0000,0.0000,0.0000,0,20.5292,958.4918,759.8851,859.1885,-99.3034,10.3886,34.1372,934.7432,804.4109
53.431,1,0,heuristic,-1.9765,98.7954,0.1983,2.6626,1.9140,3.2791,1.0430,0.3700,4.0000,2.4806,0.5934,12.4111,0.1717,3.0000,0.0000,0.0000,0,20.5292,962.5870,728.2521,845.4196,-117.1675,10.3804,-5.8628,978.8302,732.7698
53.481,1,0,heuristic,-1.8343,98.8841,0.1905,2.6769,1.8721,3.2665,1.0430,0.3702,4.0000,2.4746,0.5934,12.2459,0.1797,3.0000,0.0000,0.0000,0,20.5292,962.5870,728.2521,845.4196,-117.1675,10.5619,-6.4480,979.5969,732.3660
53.531,1,0,heuristic,-1.8343,98.8841,0.1824,2.6769,1.8721,3.2665,-1.4335,0.3702,4.0000,2.4746,0.5934,12.2459,0.1878,3.0000,0.0000,0.0000,0,20.5292,745.4012,806.0354,775.7183,30.3171,10.5619,33.5520,722.4111,850.1494
53.581,1,0,heuristic,-1.6995,98.9661,0.1778,2.7035,1.8394,3.2699,-1.4160,0.3709,4.0000,2.4671,0.5934,12.0900,0.1931,3.0000,0.0000,0.0000,0,20.5292,855.4012,700.2724,777.8368,-77.5644,10.5136,35.3764,830.5385,746.1624
53.631,1,0,heuristic,-1.5558,99.0511,0.1684,2.7152,1.7987,3.2569,-1.4227,0.3714,4.0000,2.4574,0.5934,11.9248,0.2029,3.0000,0.0000,0.0000,0,20.5292,958.0525,809.5808,883.8167,-74.2358,10.7000,35.8646,932.8878,856.1454
53.681,1,0,heuristic,-1.4205,99.1293,0.1639,2.7360,1.7644,3.2556,-1.4060,0.3723,4.0000,2.4464,0.5934,11.7701,0.2083,3.0000,0.0000,0.0000,0,20.5292,848.0525,776.2220,812.1373,-35.9152,10.7197,35.7816,822.9906,822.7234
53.731,1,0,heuristic,-1.2765,99.2102,0.1548,2.7428,1.7227,3.2389,-1.4070,0.3730,4.0000,2.4330,0.5934,11.6063,0.2182,3.0000,0.0000,0.0000,0,20.5292,738.0525,759.8129,748.9327,10.8802,10.9601,36.1675,712.8451,806.9405
53.781,1,0,heuristic,-1.1404,99.2846,0.1471,2.7613,1.6884,3.2366,-1.4155,0.3742,4.0000,2.4186,0.5934,11.4522,0.2271,3.0000,0.0000,0.0000,0,20.5292,628.0527,868.7925,748.4226,120.3699,10.9928,36.6414,602.4040,916.4268
53.831,1,0,heuristic,-1.1404,99.2846,0.1439,2.7613,1.6884,3.2366,1.0817,0.3742,4.0000,2.4186,0.5934,11.4522,0.2303,3.0000,0.0000,0.0000,0,20.5292,708.3880,969.5920,838.9900,130.6020,10.9928,-3.3586,722.7394,977.2263
53.881,1,0,heuristic,-0.9963,99.3613,0.1347,2.7631,1.6458,3.2161,-1.3740,0.3751,4.0000,2.4016,0.5934,11.2900,0.2403,3.0000,0.0000,0.0000,0,20.5292,651.4542,999.9992,825.7267,174.2725,11.2882,36.4416,626.3009,1000.0000
53.931,1,0,heuristic,-0.8608,99.4313,0.1320,2.7752,1.6083,3.2075,1.1062,0.3764,4.0000,2.3839,0.5934,11.1382,0.2444,3.0000,0.0000,0.0000,0,20.5292,545.3568,890.0519,717.7043,172.3475,11.4116,-3.5584,560.3268,897.9050
53.982,1,0,heuristic,-0.8608,99.4313,0.1271,2.7752,1.6083,3.2075,-1.3317,0.3764,4.0000,2.3839,0.5934,11.1382,0.2493,3.0000,0.0000,0.0000,0,20.5292,545.3568,890.0519,717.7043,172.3475,11.4116,36.0627,520.7058,937.5261
54.031,1,0,heuristic,-0.7168,99.5031,0.1212,2.7741,1.5627,3.1839,-1.3220,0.3775,4.0000,2.3629,0.5934,10.9779,0.2563,3.0000,0.0000,0.0000,0,20.5292,655.3568,780.0519,717.7043,62.3475,11.7511,36.1493,630.9587,827.9522
54.081,1,0,heuristic,-0.5815,99.5684,0.1192,2.7831,1.5222,3.1722,1.2085,0.3791,4.0000,2.3413,0.5934,10.8280,0.2599,3.0000,0.0000,0.0000,0,20.5292,718.5317,765.2492,741.8904,23.3587,11.9208,-3.8507,734.3032,773.3192
54.131,1,0,heuristic,-0.4386,99.6351,0.1156,2.7759,1.4743,3.1431,1.2043,0.3805,4.0000,2.3167,0.5934,10.6707,0.2648,3.0000,0.0000,0.0000,0,20.5292,559.8612,971.2316,765.5464,205.6852,12.3390,-6.0137,578.2139,977.5568
54.182,1,0,heuristic,-0.3045,99.6960,0.1148,2.7797,1.4330,3.1273,1.2155,0.3822,4.0000,2.2922,0.5934,10.5236,0.2674,3.0000,0.0000,0.0000,0,20.5292,669.8575,862.1755,766.0165,96.1590,12.5669,-6.1326,688.5571,868.6097
54.231,1,0,heuristic,-0.1622,99.7584,0.1126,2.7707,1.3865,3.0983,1.2308,0.3838,4.0000,2.2644,0.5934,10.3684,0.2712,3.0000,0.0000,0.0000,0,20.5292,772.3889,770.9934,771.6911,-0.6977,12.9843,-6.2707,791.6439,777.7070
54.281,1,0,heuristic,-0.0280,99.8153,0.1119,2.7759,1.3464,3.0852,-1.2483,0.3860,4.0000,2.2365,0.5934,10.2226,0.2741,3.0000,0.0000,0.0000,0,20.5292,876.9006,695.3549,786.1277,-90.7729,13.1728,33.7293,856.3441,742.2570
54.331,1,0,heuristic,-0.0280,99.8153,0.1117,2.7759,1.3464,3.0852,1.2488,0.3860,4.0000,2.2365,0.5934,10.2226,0.2743,3.0000,0.0000,0.0000,0,20.5292,881.4836,786.5416,834.0126,-47.4710,13.1728,-6.2707,900.9271,793.4438
54.381,1,0,heuristic,0.1147,99.8741,0.1122,2.7698,1.3034,3.0611,1.2330,0.3881,4.0000,2.2055,0.5934,10.0682,0.2759,3.0000,0.0000,0.0000,0,20.5292,920.6332,783.9110,852.2721,-68.3611,13.5200,-6.1957,940.3488,791.2353
54.431,1,0,heuristic,0.2498,99.9286,0.1114,2.7787,1.2698,3.0551,1.2218,0.3907,4.0000,2.1751,0.5934,9.9226,0.2793,3.0000,0.0000,0.0000,0,20.5292,921.0684,842.3243,881.6963,-39.3720,13.6070,-5.9120,940.5874,850.0193
54.482,1,0,heuristic,0.2498,99.9286,0.1111,2.7787,1.2698,3.0551,-1.2823,0.3907,4.0000,2.1751,0.5934,9.9226,0.2796,3.0000,0.0000,0.0000,0,20.5292,988.1230,861.4355,924.7793,-63.3438,13.6070,34.0880,967.6421,909.1305
54.531,1,0,heuristic,0.3943,99.9856,0.1097,2.7786,1.2350,3.0407,-1.3015,0.3933,4.0000,2.1416,0.5934,9.7673,0.2836,3.0000,0.0000,0.0000,0,20.5292,973.3849,938.3439,955.8644,-17.5205,13.8136,36.6035,950.5950,988.7610
54.581,1,0,heuristic,0.5319,100.0387,0.1102,2.7962,1.2091,3.0464,1.2087,0.3965,4.0000,2.1087,0.5934,9.6198,0.2863,3.0000,0.0000,0.0000,0,20.5292,920.6537,828.5308,874.5922,-46.0615,13.7318,-3.3965,937.7820,838.8661
54.631,1,0,heuristic,0.6799,100.0943,0.1083,2.8062,1.1810,3.0446,1.2140,0.3998,4.0000,2.0720,0.5934,9.4617,0.2914,3.0000,0.0000,0.0000,0,20.5292,867.4531,718.5308,792.9920,-74.4612,13.7580,-5.4391,886.6502,726.8497
54.681,1,0,heuristic,0.8214,100.1459,0.1081,2.8343,1.1600,3.0625,1.2200,0.4036,4.0000,2.0357,0.5934,9.3112,0.2955,3.0000,0.0000,0.0000,0,20.5292,857.6786,774.6879,816.1832,-41.4954,13.4999,-5.4295,876.6080,782.7582
54.731,1,0,heuristic,0.9723,100.1999,0.1059,2.8481,1.1358,3.0663,1.1835,0.4073,4.0000,1.9960,0.5934,9.1509,0.3014,3.0000,0.0000,0.0000,0,20.5292,963.6979,790.3101,877.0040,-86.6939,13.4459,-4.6369,981.7808,799.1190
54.781,1,0,heuristic,1.1149,100.2502,0.1042,2.8727,1.1179,3.0825,-1.3355,0.4111,4.0000,1.9579,0.5934,8.9998,0.3070,3.0000,0.0000,0.0000,0,20.5292,889.6481,680.5271,785.0876,-104.5605,13.2115,35.3631,867.4965,729.1016
54.833,1,0,heuristic,1.1149,100.2502,0.1024,2.8727,1.1179,3.0825,1.2120,0.4111,4.0000,1.9579,0.5934,8.9998,0.3087,3.0000,0.0000,0.0000,0,20.5292,845.1886,774.6388,809.9137,-35.2749,13.2115,-4.6369,863.0370,783.2133
54.882,1,0,heuristic,1.2670,100.3027,0.1002,2.8829,1.0964,3.0844,-1.3510,0.4150,4.0000,1.9165,0.5934,8.8391,0.3148,3.0000,0.0000,0.0000,0,20.5292,735.1899,884.6388,809.9144,74.7244,13.1852,35.3631,713.0121,933.1870
54.931,1,0,heuristic,1.4104,100.3515,0.0978,2.9042,1.0805,3.0987,-1.3548,0.4189,4.0000,1.8767,0.5934,8.6877,0.3211,3.0000,0.0000,0.0000,0,20.5292,775.8011,994.6388,885.2200,109.4188,12.9793,38.6127,750.1678,1000.0000
54.981,1,0,heuristic,1.5628,100.4021,0.0954,2.9093,1.0590,3.0961,-1.3535,0.4228,4.0000,1.8335,0.5934,8.5274,0.3274,3.0000,0.0000,0.0000,0,20.5292,665.8011,896.8163,781.3087,115.5076,13.0166,38.7770,640.0408,948.6099
55.031,1,0,heuristic,1.7067,100.4484,0.0933,2.9271,1.0403,3.1064,1.2192,0.4269,4.0000,1.7914,0.5934,8.3766,0.3336,3.0000,0.0000,0.0000,0,20.5292,555.8033,997.2460,776.5247,220.7214,12.8677,-1.2230,569.8940,1000.0000
55.082,1,0,heuristic,1.7067,100.4484,0.0914,2.9271,1.0403,3.1064,-1.3110,0.4269,4.0000,1.7914,0.5934,8.3766,0.3355,3.0000,0.0000,0.0000,0,20.5292,665.8033,978.9534,822.3784,156.5751,12.8677,38.3185,640.3525,1000.0000
55.131,1,0,heuristic,1.8594,100.4960,0.0903,2.9288,1.0151,3.0997,1.2868,0.4309,4.0000,1.7455,0.5934,8.2171,0.3407,3.0000,0.0000,0.0000,0,20.5292,775.7151,952.1374,863.9263,88.2112,12.9640,-1.6815,790.3606,963.4200
55.181,1,0,heuristic,2.0027,100.5392,0.0896,2.9404,0.9921,3.1033,-1.2500,0.4351,4.0000,1.7011,0.5934,8.0680,0.3455,3.0000,0.0000,0.0000,0,20.5292,665.7151,842.1374,753.9263,88.2112,12.9129,37.5541,641.0739,892.6045
55.231,1,0,heuristic,2.1545,100.5834,0.0900,2.9362,0.9638,3.0904,-1.2720,0.4392,4.0000,1.6529,0.5934,7.9106,0.3492,3.0000,0.0000,0.0000,0,20.5292,555.7151,841.7847,698.7499,143.0348,13.0986,37.9953,530.8184,892.8786
55.281,1,0,heuristic,2.2976,100.6240,0.0909,2.9451,0.9399,3.0915,1.3173,0.4435,4.0000,1.6065,0.5934,7.7628,0.3526,3.0000,0.0000,0.0000,0,20.5292,452.9665,880.2795,666.6230,213.6565,13.0831,-2.0047,468.0543,891.3578
55.331,1,0,heuristic,2.4483,100.6655,0.0924,2.9356,0.9118,3.0740,-1.2383,0.4477,4.0000,1.5567,0.5934,7.6075,0.3554,3.0000,0.0000,0.0000,0,20.5292,473.2448,960.0746,716.6597,243.4149,13.3347,37.5226,449.0569,1000.0000
55.381,1,0,heuristic,2.5887,100.7032,0.0944,2.9337,0.8863,3.0646,1.3725,0.4519,4.0000,1.5094,0.5934,7.4633,0.3576,3.0000,0.0000,0.0000,0,20.5292,381.9781,905.8033,643.8907,261.9126,13.4696,-2.4774,397.9251,916.7954
55.431,1,0,heuristic,2.5887,100.7032,0.0972,2.9337,0.8863,3.0646,-1.1738,0.4519,4.0000,1.5094,0.5934,7.4633,0.3547,3.0000,0.0000,0.0000,0,20.5292,271.9781,933.8045,602.8913,330.9132,13.4696,36.3403,249.1074,983.6143
55.481,1,0,heuristic,2.7362,100.7413,0.1007,2.9142,0.8556,3.0372,1.4285,0.4561,4.0000,1.4585,0.5934,7.3124,0.3554,3.0000,0.0000,0.0000,0,20.5292,199.7348,883.0088,541.3718,341.6370,13.8647,-3.6597,217.2592,893.2139
55.531,1,0,heuristic,2.8737,100.7754,0.1042,2.9041,0.8268,3.0195,1.4623,0.4603,4.0000,1.4099,0.5934,7.1724,0.3561,3.0000,0.0000,0.0000,0,20.5292,309.7348,912.5995,611.1671,301.4324,14.1188,-8.0475,331.9010,918.6708
55.582,1,0,heuristic,3.0172,100.8095,0.1109,2.8751,0.7925,2.9823,1.4850,0.4645,4.0000,1.3580,0.5934,7.0269,0.3535,3.0000,0.0000,0.0000,0,20.5292,419.7348,958.8381,689.2864,269.5517,14.6542,-8.6154,443.0043,964.8769
55.631,1,0,heuristic,3.1504,100.8399,0.1177,2.8551,0.7605,2.9547,-1.0835,0.4686,4.0000,1.3087,0.5934,6.8924,0.3509,3.0000,0.0000,0.0000,0,20.5292,529.1475,935.0471,732.0973,202.9498,15.0524,31.3846,512.8152,981.4842
55.681,1,0,heuristic,3.2907,100.8706,0.1267,2.8240,0.7267,2.9160,-1.0780,0.4729,4.0000,1.2557,0.5934,6.7513,0.3462,3.0000,0.0000,0.0000,0,20.5292,639.1475,997.1478,818.1476,179.0002,15.6101,33.9871,620.7705,1000.0000
55.731,1,0,heuristic,3.2907,100.8706,0.1338,2.8240,0.7267,2.9160,-1.0443,0.4729,4.0000,1.2557,0.5934,6.7513,0.3391,3.0000,0.0000,0.0000,0,20.5292,570.5742,950.8269,760.7005,190.1264,15.6101,33.1433,553.0410,999.5804
55.782,1,0,heuristic,3.4230,100.8986,0.1429,2.8102,0.6980,2.8955,1.5353,0.4774,4.0000,1.2049,0.5934,6.6188,0.3345,3.0000,0.0000,0.0000,0,20.5292,581.5591,987.8890,784.7241,203.1650,15.9041,-6.8567,604.3199,996.9365
55.831,1,0,heuristic,3.5638,100.9276,0.1527,2.7899,0.6698,2.8692,-1.0305,0.4822,4.0000,1.1502,0.5934,6.4781,0.3295,3.0000,0.0000,0.0000,0,20.5292,593.0527,877.8890,735.4709,142.4181,16.2842,32.3581,576.9788,926.5313
55.882,1,0,heuristic,3.6971,100.9543,0.1628,2.7874,0.6472,2.8615,1.5795,0.4871,4.0000,1.0978,0.5934,6.3454,0.3243,3.0000,0.0000,0.0000,0,20.5292,597.5419,987.8890,792.7154,195.1736,16.3943,-7.6419,621.5780,996.6414
55.931,1,0,heuristic,3.6971,100.9543,0.1735,2.7874,0.6472,2.8615,-1.0277,0.4871,4.0000,1.0978,0.5934,6.3454,0.3137,3.0000,0.0000,0.0000,0,20.5292,516.0323,877.8890,696.9606,180.9284,16.3943,31.6023,500.8242,925.8856
55.981,1,0,heuristic,3.8391,100.9822,0.1864,2.7759,0.6249,2.8454,-1.0260,0.4923,4.0000,1.0415,0.5934,6.2045,0.3059,3.0000,0.0000,0.0000,0,20.5292,626.0323,960.7765,793.4044,167.3721,16.6259,31.1697,611.4885,1000.0000
56.031,1,0,heuristic,3.9736,101.0082,0.2010,2.7812,0.6082,2.8470,-1.0225,0.4975,4.0000,0.9878,0.5934,6.0713,0.2965,3.0000,0.0000,0.0000,0,20.5292,626.0323,960.7765,793.4044,167.3721,16.6038,30.6476,611.9885,1000.0000
56.081,1,0,heuristic,4.1167,101.0353,0.2127,2.7753,0.5909,2.8376,1.6070,0.5029,4.0000,0.9303,0.5934,5.9300,0.2903,3.0000,0.0000,0.0000,0,20.5292,626.0322,982.3241,804.1782,178.1459,16.7392,-9.3524,652.1238,989.7109
56.131,1,0,heuristic,4.2525,101.0607,0.2243,2.7860,0.5786,2.8455,-1.0272,0.5083,4.0000,0.8754,0.5934,5.7963,0.2840,3.0000,0.0000,0.0000,0,20.5292,588.0021,972.6636,780.3329,192.3308,16.6250,30.0371,574.5900,1000.0000
56.181,1,0,heuristic,4.3979,101.0877,0.2364,2.7880,0.5666,2.8449,1.6030,0.5140,4.0000,0.8165,0.5934,5.6535,0.2777,3.0000,0.0000,0.0000,0,20.5292,625.7162,988.6532,807.1847,181.4685,16.6327,-9.9629,652.3118,995.3231
56.231,1,0,heuristic,4.5360,101.1132,0.2515,2.8060,0.5595,2.8612,-1.0235,0.5197,4.0000,0.7604,0.5934,5.5181,0.2681,3.0000,0.0000,0.0000,0,20.5292,515.7162,878.6532,697.1847,181.4685,16.3982,29.1408,502.9735,924.1922
56.281,1,0,heuristic,4.6837,101.1403,0.2639,2.8127,0.5521,2.8663,1.6298,0.5255,4.0000,0.7004,0.5934,5.3737,0.2616,3.0000,0.0000,0.0000,0,20.5292,405.7162,768.6532,587.1847,181.4685,16.3249,-10.8592,432.9002,774.1189
56.331,1,0,heuristic,4.8231,101.1659,0.2795,2.8312,0.5483,2.8838,1.6350,0.5312,4.0000,0.6436,0.5934,5.2376,0.2517,3.0000,0.0000,0.0000,0,20.5292,405.7162,768.6532,587.1847,181.4685,16.0735,-16.3844,438.1740,768.3424
56.382,1,0,heuristic,4.8231,101.1659,0.2922,2.8312,0.5483,2.8838,-1.0063,0.5312,4.0000,0.6436,0.5934,5.2376,0.2389,3.0000,0.0000,0.0000,0,20.5292,280.4963,609.5753,445.0358,164.5395,16.0735,23.6156,272.9542,649.2645
56.432,1,0,heuristic,4.9701,101.1928,0.3075,2.8301,0.5419,2.8815,-1.0092,0.5369,4.0000,0.5837,0.5934,5.0946,0.2294,3.0000,0.0000,0.0000,0,20.5292,330.6993,566.6220,448.6607,117.9613,16.1059,27.0536,319.7515,609.7815
56.481,1,0,heuristic,5.1070,101.2177,0.3218,2.8347,0.5375,2.8852,1.6610,0.5423,3.9694,0.5278,0.5934,4.9617,0.2206,3.0000,0.0000,0.0000,0,20.5292,220.6993,466.2578,343.4786,122.7792,15.6123,-12.9464,249.2580,468.9237
56.531,1,0,heuristic,5.2494,101.2434,0.3333,2.8154,0.5288,2.8646,-1.0037,0.5478,3.8593,0.4695,0.5934,4.8241,0.2145,3.0000,0.0000,0.0000,0,20.5292,330.6993,571.3980,451.0486,120.3493,14.3224,26.1594,318.8624,611.8798
56.581,1,0,heuristic,5.3803,101.2668,0.3437,2.7979,0.5206,2.8459,-1.0180,0.5529,3.7584,0.4157,0.5934,4.6980,0.2092,3.0000,0.0000,0.0000,0,20.5292,317.4615,497.2407,407.3511,89.8896,13.1393,26.0887,304.5122,536.4687
56.631,1,0,heuristic,5.3803,101.2668,0.3565,2.7979,0.5206,2.8459,1.6285,0.5529,3.7584,0.4157,0.5934,4.6980,0.1965,3.0000,0.0000,0.0000,0,20.5292,354.4636,455.1269,404.7953,50.3317,13.1393,-13.9113,381.5143,454.3549
56.681,1,0,heuristic,5.5155,101.2908,0.3732,2.7582,0.5086,2.8047,1.6185,0.5581,3.6546,0.3599,0.5934,4.5683,0.1850,3.0000,0.0000,0.0000,0,20.5292,393.3362,565.1269,479.2316,85.8954,12.2389,-19.2601,424.8352,558.1057
56.731,1,0,heuristic,5.6397,101.3127,0.3788,2.7239,0.4981,2.7691,-1.0343,0.5630,3.5597,0.3086,0.5934,4.4496,0.1843,3.0000,0.0000,0.0000,0,20.5292,503.3362,675.1269,589.2316,85.8954,11.3853,20.7399,493.9817,707.2521
56.781,1,0,heuristic,5.7682,101.3354,0.3942,2.6734,0.4859,2.7171,-1.0568,0.5680,3.4618,0.2556,0.5934,4.3272,0.1738,3.0000,0.0000,0.0000,0,20.5292,612.1213,655.3269,633.7241,21.6028,10.7226,25.0419,597.8020,691.0914
56.832,1,0,heuristic,5.8874,101.3567,0.4062,2.6355,0.4777,2.6784,1.6018,0.5728,3.3712,0.2067,0.5934,4.2139,0.1666,3.0000,0.0000,0.0000,0,20.5292,667.6282,648.9431,658.2856,-9.3426,9.9750,-14.9581,692.5614,643.9600
56.881,1,0,heuristic,5.8874,101.3567,0.4151,2.6355,0.4777,2.6784,1.6102,0.5728,3.3712,0.2067,0.5934,4.2139,0.1576,3.0000,0.0000,0.0000,0,20.5292,667.6282,648.9431,658.2856,-9.3426,9.9750,-20.4922,698.0954,638.4259
56.931,1,0,heuristic,6.0131,101.3799,0.4293,2.5916,0.4712,2.6341,1.5940,0.5778,3.2758,0.1556,0.5934,4.0947,0.1485,3.0000,0.0000,0.0000,0,20.5292,504.4015,686.5468,595.4742,91.0726,9.2398,-20.6776,534.3189,675.1091
56.981,1,0,heuristic,6.1313,101.4027,0.4348,2.5658,0.4720,2.6089,1.5693,0.5825,3.1860,0.1084,0.5934,3.9825,0.1476,3.0000,0.0000,0.0000,0,20.5292,598.5927,634.2723,616.4325,17.8398,8.3102,-20.3897,627.2926,622.1927
57.031,1,0,heuristic,6.1313,101.4027,0.4453,2.5658,0.4720,2.6089,-1.1053,0.5825,3.1860,0.1084,0.5934,3.9825,0.1371,3.0000,0.0000,0.0000,0,20.5292,607.4242,538.8602,573.1422,-34.2820,8.3102,19.6103,596.1242,566.7807
57.081,1,0,heuristic,6.3747,101.4525,0.4605,2.5198,0.4823,2.5656,-1.1262,0.5920,3.0011,0.0136,0.5934,3.7514,0.1315,3.0000,0.0000,0.0000,0,20.5292,717.4242,648.8602,683.1422,-34.2820,6.2718,24.0780,699.6180,679.2101
57.131,1,0,heuristic,6.3747,101.4525,0.4652,2.5198,0.4823,2.5656,-1.1338,0.5920,3.0011,0.0136,0.5934,3.7514,0.1268,3.0000,0.0000,0.0000,0,20.5292,610.7802,692.0747,651.4274,40.6472,6.2718,24.0206,593.0314,722.3671
57.181,1,0,heuristic,6.5006,101.4801,0.4768,2.5001,0.4920,2.5481,1.5388,0.5968,2.9054,-0.0339,0.5934,3.6317,0.1201,3.0000,0.0000,0.0000,0,20.5292,697.7188,611.7231,654.7209,-42.9978,5.1451,-15.9794,718.8433,600.8888
57.231,1,0,heuristic,6.6205,101.5078,0.4832,2.5000,0.5089,2.5513,-1.1600,0.6013,2.8140,-0.0780,0.5934,3.5175,0.1182,3.0000,0.0000,0.0000,0,20.5292,697.7188,611.7231,654.7209,-42.9978,3.7828,23.9399,677.5618,639.4458
57.281,1,0,heuristic,6.6205,101.5078,0.4917,2.5000,0.5089,2.5513,1.5248,0.6013,2.8140,-0.0780,0.5934,3.5175,0.1096,3.0000,0.0000,0.0000,0,20.5292,684.0513,721.7231,702.8872,18.8359,3.7828,-16.0601,703.8943,709.4458
57.331,1,0,heuristic,6.7493,101.5391,0.5015,2.4952,0.5276,2.5503,-1.1810,0.6060,2.7157,-0.1241,0.5934,3.3946,0.1045,3.0000,0.0000,0.0000,0,20.5292,690.6506,831.7231,761.1868,70.5363,2.3813,23.6688,669.3631,857.7733
57.381,1,0,heuristic,6.8720,101.5706,0.5046,2.5072,0.5530,2.5675,-1.1863,0.6103,2.6218,-0.1666,0.5934,3.2773,0.1057,3.0000,0.0000,0.0000,0,20.5292,583.4219,767.0470,675.2345,91.8125,0.7827,23.7171,560.4876,791.5469
57.431,1,0,heuristic,7.0042,101.6062,0.5133,2.5145,0.5794,2.5804,1.5045,0.6148,2.5205,-0.2110,0.5934,3.1506,0.1014,3.0000,0.0000,0.0000,0,20.5292,583.4219,767.0470,675.2345,91.8125,-0.8626,-16.2829,598.8422,749.9015
57.481,1,0,heuristic,7.1305,101.6414,0.5217,2.5380,0.6104,2.6103,1.5317,0.6189,2.4237,-0.2524,0.5934,3.0296,0.0972,3.0000,0.0000,0.0000,0,20.5292,693.4219,833.0074,763.2146,69.7927,-2.6881,-22.4478,713.1817,807.8714
57.531,1,0,heuristic,7.1305,101.6414,0.5277,2.5380,0.6104,2.6103,1.5283,0.6189,2.4237,-0.2524,0.5934,3.0296,0.0911,3.0000,0.0000,0.0000,0,20.5292,648.9071,723.0074,685.9572,37.0501,-2.6881,-22.6252,668.8442,697.6940
57.581,1,0,heuristic,7.2658,101.6805,0.5336,2.5507,0.6387,2.6295,-1.1875,0.6231,2.3201,-0.2957,0.5934,2.9002,0.0896,3.0000,0.0000,0.0000,0,20.5292,470.4648,509.4138,489.9393,19.4745,-4.4543,17.3748,448.6357,522.3342
57.631,1,0,heuristic,7.3944,101.7190,0.5420,2.5763,0.6714,2.6624,1.5212,0.5528,4.0000,-0.6146,0.4914,24.1983,0.0108,3.0000,0.0000,0.0000,0,21.4821,416.8297,399.4138,408.1217,-8.7079,19.2620,-22.6252,458.7169,396.0506
57.681,1,0,heuristic,7.5300,101.7606,0.5501,2.5825,0.6970,2.6749,1.5275,0.5554,4.0000,-0.6420,0.4914,24.0599,0.0054,3.0000,0.0000,0.0000,0,21.4821,416.8297,399.4138,408.1217,-8.7079,19.0813,-26.7180,462.6289,391.7771
57.731,1,0,heuristic,7.6555,101.7996,0.5567,2.5888,0.7200,2.6871,-1.2032,0.5578,4.0000,-0.6668,0.4914,23.9316,0.0011,3.0000,0.0000,0.0000,0,21.4821,323.1441,458.8126,390.9784,67.8343,18.9061,13.2820,328.7682,491.0007
57.781,1,0,heuristic,7.6555,101.7996,0.5600,2.5888,0.7200,2.6871,1.4980,0.5578,4.0000,-0.6668,0.4914,23.9316,-0.0022,3.0000,0.0000,0.0000,0,21.4821,506.4061,668.9339,587.6700,81.2639,18.9061,-26.5652,551.8774,661.2748
57.831,1,0,heuristic,7.7855,101.8403,0.5695,2.5712,0.7328,2.6736,-1.2365,0.5604,4.0000,-0.6923,0.4914,23.7985,-0.0090,3.0000,0.0000,0.0000,0,21.4821,616.4061,686.7149,651.5605,35.1544,19.0999,13.4348,622.0713,719.2496
57.881,1,0,heuristic,7.9056,101.8781,0.5726,2.5572,0.7434,2.6631,1.4958,0.5629,4.0000,-0.7156,0.4914,23.6756,-0.0097,3.0000,0.0000,0.0000,0,21.4821,726.4061,576.7149,651.5605,-74.8456,19.2514,-26.5652,772.2227,569.4011
57.931,1,0,heuristic,8.0319,101.9184,0.5810,2.5315,0.7500,2.6403,1.4972,0.5655,4.0000,-0.7396,0.4914,23.5460,-0.0155,3.0000,0.0000,0.0000,0,21.4821,745.6622,466.7149,606.1885,-139.4736,19.5794,-27.2077,792.4493,459.0867
57.982,1,0,heuristic,8.1502,101.9574,0.5878,2.5183,0.7624,2.6312,1.4830,0.5678,4.0000,-0.7611,0.4914,23.4241,-0.0200,3.0000,0.0000,0.0000,0,21.4821,819.8319,356.7149,588.2734,-231.5585,19.7113,-27.1848,866.7280,349.2414
58.031,1,0,heuristic,8.1502,101.9574,0.5926,2.5183,0.7624,2.6312,1.4615,0.5678,4.0000,-0.7611,0.4914,23.4241,-0.0248,3.0000,0.0000,0.0000,0,21.4821,887.9632,466.4620,677.2126,-210.7506,19.7113,-27.0109,934.6855,459.1624
58.081,1,0,heuristic,8.2745,101.9999,0.5979,2.4925,0.7734,2.6098,1.4287,0.5701,4.0000,-0.7823,0.4914,23.2952,-0.0278,3.0000,0.0000,0.0000,0,21.4821,930.1501,485.4535,707.8018,-222.3483,20.0195,-26.6163,976.7859,478.8567
58.131,1,0,heuristic,8.3902,102.0413,0.5999,2.4764,0.7912,2.5997,-1.3453,0.5721,4.0000,-0.8004,0.4914,23.1743,-0.0278,3.0000,0.0000,0.0000,0,21.4821,930.1501,485.4535,707.8018,-222.3483,20.1642,13.3837,936.9305,519.0014
58.182,1,0,heuristic,8.3902,102.0413,0.6030,2.4764,0.7912,2.5997,1.3782,0.5721,4.0000,-0.8004,0.4914,23.1743,-0.0309,3.0000,0.0000,0.0000,0,21.4821,827.7583,312.0273,569.8928,-257.8655,20.1642,-25.9251,873.8476,306.2664
58.231,1,0,heuristic,8.5126,102.0874,0.6052,2.4518,0.8103,2.5822,-1.3945,0.5740,4.0000,-0.8175,0.4914,23.0453,-0.0312,3.0000,0.0000,0.0000,0,21.4821,891.2434,202.0273,546.6354,-344.6080,20.4159,14.0749,897.5844,236.5181
58.281,1,0,heuristic,8.6280,102.1330,0.6061,2.4424,0.8381,2.5822,-1.4138,0.5754,4.0000,-0.8318,0.4914,22.9227,-0.0306,3.0000,0.0000,0.0000,0,21.4821,891.2434,202.0273,546.6354,-344.6080,20.4170,20.9338,890.7266,243.3781
58.331,1,0,heuristic,8.7496,102.1833,0.6063,2.4216,0.8639,2.5711,-1.4525,0.5769,4.0000,-0.8448,0.4914,22.7923,-0.0294,3.0000,0.0000,0.0000,0,21.4821,890.0000,422.0273,656.0137,-233.9863,20.5762,21.6104,888.9657,464.2139
58.381,1,0,heuristic,8.8634,102.2324,0.6048,2.4111,0.8960,2.5722,1.2585,0.5779,4.0000,-0.8551,0.4914,22.6693,-0.0269,3.0000,0.0000,0.0000,0,21.4821,890.0000,422.0273,656.0137,-233.9863,20.5597,-18.3896,928.9493,424.1974
58.433,1,0,heuristic,8.8634,102.2324,0.6024,2.4111,0.8960,2.5722,-1.5393,0.5779,4.0000,-0.8551,0.4914,22.6693,-0.0244,3.0000,0.0000,0.0000,0,21.4821,786.5654,532.0273,659.2964,-127.2691,20.5597,21.6104,785.5147,574.1974
58.481,1,0,heuristic,8.9840,102.2868,0.5969,2.3928,0.9260,2.5658,-1.5295,0.5789,4.0000,-0.8641,0.4914,22.5377,-0.0180,3.0000,0.0000,0.0000,0,21.4821,641.7055,752.0273,696.8664,55.1609,20.6527,23.3105,639.0478,795.9905
58.531,1,0,heuristic,9.0983,102.3403,0.5942,2.3906,0.9636,2.5775,-1.5335,0.5794,4.0000,-0.8709,0.4914,22.4120,-0.0148,3.0000,0.0000,0.0000,0,21.4821,579.6668,862.0273,720.8471,141.1803,20.4843,23.4910,576.6601,906.0026
58.581,1,0,heuristic,9.2207,102.3989,0.5873,2.3834,0.9960,2.5832,-1.5240,0.5800,4.0000,-0.8770,0.4914,22.2768,-0.0073,3.0000,0.0000,0.0000,0,21.4821,639.1436,957.0979,798.1207,158.9771,20.4024,23.6133,635.9327,1000.0000
58.632,1,0,heuristic,9.3377,102.4551,0.5843,2.3939,1.0313,2.6066,-1.4963,0.5802,4.0000,-0.8826,0.4914,22.1475,-0.0041,3.0000,0.0000,0.0000,0,21.4821,541.5501,981.6082,761.5792,220.0290,20.0648,23.2604,538.3545,1000.0000
58.681,1,0,heuristic,9.3377,102.4551,0.5798,2.3939,1.0313,2.6066,1.2963,0.5802,4.0000,-0.8826,0.4914,22.1475,0.0005,3.0000,0.0000,0.0000,0,21.4821,541.5501,981.6082,761.5792,220.0290,20.0648,-16.7396,578.3545,984.9333
58.731,1,0,heuristic,9.4638,102.5158,0.5759,2.4004,1.0585,2.6235,1.3473,0.5806,4.0000,-0.8886,0.4914,22.0079,0.0047,3.0000,0.0000,0.0000,0,21.4821,321.7533,919.1395,620.4464,298.6931,19.8222,-24.1778,365.7533,914.7839
58.781,1,0,heuristic,9.5845,102.5735,0.5731,2.4232,1.0873,2.6560,1.3760,0.5808,4.0000,-0.8947,0.4914,21.8746,0.0077,3.0000,0.0000,0.0000,0,21.4821,338.3841,920.7231,629.5536,291.1695,19.3540,-24.5557,382.2938,915.5214
58.831,1,0,heuristic,9.7138,102.6348,0.5713,2.4356,1.1053,2.6746,-1.3748,0.5812,4.0000,-0.9017,0.4914,21.7322,0.0099,3.0000,0.0000,0.0000,0,21.4821,228.3841,835.8920,532.1381,303.7539,19.0853,15.4443,232.0251,870.4216
58.881,1,0,heuristic,9.8356,102.6916,0.5698,2.4562,1.1209,2.6999,-1.3538,0.5816,4.0000,-0.9091,0.4914,21.5984,0.0118,3.0000,0.0000,0.0000,0,21.4821,338.3841,725.8920,532.1381,193.7539,18.7216,21.4384,335.6673,766.0520
58.931,1,0,heuristic,9.9642,102.7503,0.5720,2.4597,1.1228,2.7038,1.4983,0.5824,4.0000,-0.9180,0.4914,21.4578,0.0104,3.0000,0.0000,0.0000,0,21.4821,448.3841,644.0925,546.2383,97.8542,18.6651,-18.5616,485.6108,644.1960
58.982,1,0,heuristic,10.0843,102.8043,0.5739,2.4679,1.1230,2.7114,1.5032,0.5832,4.0000,-0.9270,0.4914,21.3270,0.0093,3.0000,0.0000,0.0000,0,21.4821,489.7924,728.8950,609.3437,119.5513,18.5555,-26.6900,535.0378,720.7604
59.031,1,0,heuristic,10.0843,102.8043,0.5769,2.4679,1.1230,2.7114,1.5060,0.5832,4.0000,-0.9270,0.4914,21.3270,0.0063,3.0000,0.0000,0.0000,0,21.4821,489.7924,728.8950,609.3437,119.5513,18.5555,-26.8519,535.1998,720.5985
59.081,1,0,heuristic,10.2102,102.8605,0.5791,2.4588,1.1147,2.6997,-1.2752,0.5844,4.0000,-0.9369,0.4914,21.1900,0.0052,3.0000,0.0000,0.0000,0,21.4821,633.7537,739.9797,686.8667,53.1130,18.7242,13.1481,639.3299,771.8520
59.131,1,0,heuristic,10.3281,102.9132,0.5830,2.4579,1.1111,2.6974,-1.2943,0.5853,4.0000,-0.9461,0.4914,21.0618,0.0023,3.0000,0.0000,0.0000,0,21.4821,633.7537,739.9797,686.8667,53.1130,18.7579,20.0029,632.5087,778.7404
59.181,1,0,heuristic,10.4525,102.9691,0.5878,2.4449,1.1039,2.6825,-1.2957,0.5864,4.0000,-0.9555,0.4914,20.9263,-0.0014,3.0000,0.0000,0.0000,0,21.4821,743.7537,849.9797,796.8667,53.1130,18.9718,19.8662,742.8594,888.8177
59.232,1,0,heuristic,10.4525,102.9691,0.5940,2.4449,1.1039,2.6825,1.5295,0.5864,4.0000,-0.9555,0.4914,20.9263,-0.0076,3.0000,0.0000,0.0000,0,21.4821,765.7920,742.4450,754.1185,-11.6735,18.9718,-20.1338,804.8976,741.2830
59.281,1,0,heuristic,10.5696,103.0222,0.5975,2.4440,1.1043,2.6819,-1.2985,0.5873,4.0000,-0.9640,0.4914,20.7985,-0.0102,3.0000,0.0000,0.0000,0,21.4821,804.3820,678.7300,741.5560,-62.8260,18.9803,19.5515,803.8108,717.2619
59.331,1,0,heuristic,10.6946,103.0795,0.6057,2.4358,1.1041,2.6743,-1.2888,0.5882,4.0000,-0.9723,0.4914,20.6618,-0.0175,3.0000,0.0000,0.0000,0,21.4821,656.9117,869.0960,763.0038,106.0922,19.0895,19.0900,656.9112,907.2755
59.382,1,0,heuristic,10.8129,103.1348,0.6094,2.4416,1.1137,2.6836,1.5373,0.5888,4.0000,-0.9794,0.4914,20.5319,-0.0206,3.0000,0.0000,0.0000,0,21.4821,550.5887,959.3631,754.9759,204.3872,18.9555,-20.9100,590.4542,957.4086
59.431,1,0,heuristic,10.9392,103.1948,0.6141,2.4392,1.1215,2.6847,-1.3090,0.5894,4.0000,-0.9862,0.4914,20.3927,-0.0247,3.0000,0.0000,0.0000,0,21.4821,493.3783,937.2853,715.3318,221.9535,18.9409,19.0900,493.2293,975.3162
59.481,1,0,heuristic,11.0595,103.2522,0.6192,2.4525,1.1365,2.7030,1.5460,0.5898,4.0000,-0.9923,0.4914,20.2600,-0.0294,3.0000,0.0000,0.0000,0,21.4821,603.3783,932.2445,767.8114,164.4331,18.6769,-20.9100,642.9652,930.0114
59.531,1,0,heuristic,11.1885,103.3138,0.6258,2.4580,1.1462,2.7121,-1.2383,0.5903,4.0000,-0.9988,0.4914,20.1177,-0.0355,3.0000,0.0000,0.0000,0,21.4821,570.5032,847.5211,709.0122,138.5089,18.5450,17.4894,571.5589,883.5555
59.581,1,0,heuristic,11.3114,103.3728,0.6334,2.4785,1.1625,2.7376,-1.2488,0.5905,4.0000,-1.0048,0.4914,19.9820,-0.0429,3.0000,0.0000,0.0000,0,21.4821,645.4990,911.4361,778.4675,132.9686,18.1781,17.3690,646.3081,946.9831
59.631,1,0,heuristic,11.3114,103.3728,0.6365,2.4785,1.1625,2.7376,-1.2350,0.5905,4.0000,-1.0048,0.4914,19.9820,-0.0460,3.0000,0.0000,0.0000,0,21.4821,661.3209,955.7969,808.5589,147.2380,18.1781,17.0169,662.4821,990.9918
59.681,1,0,heuristic,11.4431,103.4364,0.6450,2.4894,1.1748,2.7526,1.5990,0.5909,4.0000,-1.0109,0.4914,19.8364,-0.0542,3.0000,0.0000,0.0000,0,21.4821,672.9491,990.6925,831.8208,158.8717,17.9619,-22.9831,713.8941,985.6713
59.731,1,0,heuristic,11.5686,103.4976,0.6503,2.5144,1.1950,2.7840,-1.2158,0.5909,4.0000,-1.0161,0.4914,19.6973,-0.0594,3.0000,0.0000,0.0000,0,21.4821,562.9491,880.6925,721.8208,158.8717,17.5110,16.1512,564.3088,914.3547
59.781,1,0,heuristic,11.7033,103.5642,0.6598,2.5296,1.2121,2.8050,1.6100,0.5911,4.0000,-1.0210,0.4914,19.5475,-0.0687,3.0000,0.0000,0.0000,0,21.4821,562.0775,860.0587,711.0681,148.9906,17.2074,-23.8488,603.1337,853.4174
59.831,1,0,heuristic,11.8309,103.6280,0.6696,2.5556,1.2353,2.8385,1.6250,0.5910,4.0000,-1.0250,0.4914,19.4053,-0.0786,3.0000,0.0000,0.0000,0,21.4821,452.0775,861.1566,656.6171,204.5396,16.7254,-32.3400,501.1429,845.5420
59.881,1,0,heuristic,11.8309,103.6280,0.6759,2.5556,1.2353,2.8385,1.6438,0.5910,4.0000,-1.0250,0.4914,19.4053,-0.0849,3.0000,0.0000,0.0000,0,21.4821,562.0775,778.9934,670.5354,108.4579,16.7254,-32.9005,611.7034,762.8182
59.931,1,0,heuristic,11.9662,103.6960,0.6843,2.5648,1.2501,2.8532,-1.2065,0.5911,4.0000,-1.0288,0.4914,19.2543,-0.0932,3.0000,0.0000,0.0000,0,21.4821,671.3180,679.3957,675.3569,4.0388,16.5133,7.0995,680.7319,703.0085
59.981,1,0,heuristic,12.0930,103.7603,0.6931,2.5800,1.2678,2.8747,1.6558,0.5911,4.0000,-1.0320,0.4914,19.1126,-0.1020,3.0000,0.0000,0.0000,0,21.4821,561.3180,569.4139,565.3660,4.0480,16.2045,-32.9005,610.4230,552.7179
60.031,1,0,heuristic,12.2263,103.8287,0.7040,2.5769,1.2773,2.8761,1.6302,0.5914,4.0000,-1.0346,0.4914,18.9631,-0.1126,3.0000,0.0000,0.0000,0,21.4821,602.9877,640.8624,621.9251,18.9373,16.1838,-33.7713,652.9428,623.2748
60.082,1,0,heuristic,12.3503,103.8931,0.7126,2.5781,1.2903,2.8829,-1.2352,0.5914,4.0000,-1.0363,0.4914,18.8237,-0.1212,3.0000,0.0000,0.0000,0,21.4821,681.4201,651.0948,666.2575,-15.1627,16.0859,6.2287,691.2774,673.4094
60.131,1,0,heuristic,12.3503,103.8931,0.7208,2.5781,1.2903,2.8829,1.6333,0.5914,4.0000,-1.0363,0.4914,18.8237,-0.1294,3.0000,0.0000,0.0000,0,21.4821,791.4201,596.5027,693.9614,-97.4587,16.0859,-33.7713,841.2774,578.8172
60.182,1,0,heuristic,12.4797,103.9612,0.7314,2.5602,1.2942,2.8687,1.5880,0.5917,4.0000,-1.0373,0.4914,18.6778,-0.1397,3.0000,0.0000,0.0000,0,21.4821,843.3707,533.4719,688.4213,-154.9494,16.2906,-34.1215,893.7829,515.6410
60.231,1,0,heuristic,12.6002,104.0256,0.7373,2.5502,1.3035,2.8640,-1.3033,0.5918,4.0000,-1.0374,0.4914,18.5414,-0.1455,3.0000,0.0000,0.0000,0,21.4821,910.4363,423.4719,666.9541,-243.4822,16.3582,5.8785,920.9161,445.7085
60.281,1,0,heuristic,12.7265,104.0945,0.7431,2.5259,1.3080,2.8445,-1.3168,0.5920,4.0000,-1.0362,0.4914,18.3977,-0.1511,3.0000,0.0000,0.0000,0,21.4821,926.6624,372.8367,649.7495,-276.9129,16.6397,14.2347,929.0674,403.7111
60.331,1,0,heuristic,12.8439,104.1604,0.7496,2.5101,1.3209,2.8364,-1.3660,0.5918,4.0000,-1.0335,0.4914,18.2631,-0.1578,3.0000,0.0000,0.0000,0,21.4821,926.6624,372.8367,649.7495,-276.9129,16.7558,14.8056,928.6126,404.3981
60.381,1,0,heuristic,12.9666,104.2313,0.7558,2.4798,1.3294,2.8136,1.4795,0.5917,4.0000,-1.0289,0.4914,18.1215,-0.1640,3.0000,0.0000,0.0000,0,21.4821,733.7217,373.2491,553.4854,-180.2363,17.0835,-25.1944,775.9996,365.1382
60.431,1,0,heuristic,13.0805,104.2992,0.7592,2.4584,1.3462,2.8028,1.4587,0.5913,4.0000,-1.0228,0.4914,17.9889,-0.1680,3.0000,0.0000,0.0000,0,21.4821,733.7217,373.2491,553.4854,-180.2363,17.2392,-33.0270,783.9879,357.4613
60.481,1,0,heuristic,13.0805,104.2992,0.7612,2.4584,1.3462,2.8028,-1.4660,0.5913,4.0000,-1.0228,0.4914,17.9889,-0.1699,3.0000,0.0000,0.0000,0,21.4821,625.2268,263.2491,444.2380,-180.9888,17.2392,6.9730,635.4929,287.4613
60.531,1,0,heuristic,13.1992,104.3718,0.7623,2.4235,1.3565,2.7773,1.3830,0.5909,4.0000,-1.0148,0.4914,17.8497,-0.1714,3.0000,0.0000,0.0000,0,21.4821,845.2268,483.2491,664.2380,-180.9888,17.6068,-31.8741,894.7076,468.9818
60.581,1,0,heuristic,13.3092,104.4407,0.7619,2.3970,1.3722,2.7620,-1.5160,0.5902,4.0000,-1.0060,0.4914,17.7199,-0.1717,3.0000,0.0000,0.0000,0,21.4821,824.8556,593.2491,709.0524,-115.8033,17.8272,8.1259,834.5570,619.2023
60.632,1,0,heuristic,13.4237,104.5139,0.7608,2.3578,1.3792,2.7316,1.3610,0.5897,4.0000,-0.9954,0.4914,17.5841,-0.1712,3.0000,0.0000,0.0000,0,21.4821,750.8898,519.1791,635.0345,-115.8554,18.2652,-31.4615,800.6166,505.9828
60.681,1,0,heuristic,13.5310,104.5842,0.7594,2.3333,1.3962,2.7191,-1.5430,0.5887,4.0000,-0.9841,0.4914,17.4559,-0.1706,3.0000,0.0000,0.0000,0,21.4821,743.2379,409.1791,576.2085,-167.0294,18.4445,8.5385,753.1439,436.1621
60.731,1,0,heuristic,13.5310,104.5842,0.7569,2.3333,1.3962,2.7191,-1.5493,0.5887,4.0000,-0.9841,0.4914,17.4559,-0.1682,3.0000,0.0000,0.0000,0,21.4821,837.2488,506.7388,671.9938,-165.2550,18.4445,17.5677,838.1256,542.7510
60.781,1,0,heuristic,13.6445,104.6601,0.7539,2.3032,1.4091,2.7001,-1.5785,0.5877,4.0000,-0.9707,0.4914,17.3194,-0.1663,3.0000,0.0000,0.0000,0,21.4821,808.0487,555.8486,681.9487,-126.1001,18.7188,18.1583,808.6092,592.7257
60.832,1,0,heuristic,13.7507,104.7325,0.7506,2.2851,1.4287,2.6950,-1.5725,0.5864,4.0000,-0.9570,0.4914,17.1911,-0.1642,3.0000,0.0000,0.0000,0,21.4821,698.0487,445.9308,571.9898,-126.0590,18.7919,18.1617,698.6790,482.8845
60.881,1,0,heuristic,13.8631,104.8104,0.7464,2.2606,1.4425,2.6816,-1.6005,0.5851,4.0000,-0.9414,0.4914,17.0546,-0.1613,3.0000,0.0000,0.0000,0,21.4821,588.0489,555.9308,571.9898,-16.0590,18.9847,18.7728,588.2608,593.6883
60.931,1,0,heuristic,13.9687,104.8844,0.7421,2.2482,1.4624,2.6820,1.3275,0.5835,4.0000,-0.9259,0.4914,16.9259,-0.1586,3.0000,0.0000,0.0000,0,21.4821,478.9680,665.9308,572.4494,93.4814,18.9797,-21.2272,519.1749,663.6833
60.981,1,0,heuristic,13.9687,104.8844,0.7398,2.2482,1.4624,2.6820,-1.5897,0.5835,4.0000,-0.9259,0.4914,16.9259,-0.1563,3.0000,0.0000,0.0000,0,21.4821,554.3266,775.9308,665.1287,110.8021,18.9797,18.7728,554.5336,813.6833
61.031,1,0,heuristic,14.0798,104.9628,0.7333,2.2261,1.4717,2.6686,-1.5620,0.5820,4.0000,-0.9092,0.4914,16.7902,-0.1513,3.0000,0.0000,0.0000,0,21.4821,554.3266,775.9308,665.1287,110.8021,19.1718,18.5770,554.9215,813.6797
61.081,1,0,heuristic,14.1843,105.0365,0.7308,2.2162,1.4842,2.6673,-1.5577,0.5805,4.0000,-0.8936,0.4914,16.6627,-0.1503,3.0000,0.0000,0.0000,0,21.4821,773.8042,995.8629,884.8335,111.0293,19.1904,18.5709,774.4237,1000.0000
61.131,1,0,heuristic,14.2955,105.1146,0.7252,2.2008,1.4880,2.6566,-1.5433,0.5790,4.0000,-0.8772,0.4914,16.5270,-0.1462,3.0000,0.0000,0.0000,0,21.4821,663.8042,978.3798,821.0920,157.2878,19.3453,18.5196,664.6299,1000.0000
61.181,1,0,heuristic,14.2955,105.1146,0.7234,2.2008,1.4880,2.6566,1.4053,0.5790,4.0000,-0.8772,0.4914,16.5270,-0.1444,3.0000,0.0000,0.0000,0,21.4821,629.8800,990.7992,810.3396,180.4596,19.3453,-21.4804,670.7057,988.6641
61.232,1,0,heuristic,14.4018,105.1892,0.7213,2.2032,1.5012,2.6660,-1.5135,0.5773,4.0000,-0.8615,0.4914,16.3975,-0.1439,3.0000,0.0000,0.0000,0,21.4821,726.0086,880.7996,803.4041,77.3955,19.2093,18.1359,727.0820,918.1447
61.281,1,0,heuristic,14.5162,105.2695,0.7187,2.2028,1.5097,2.6705,-1.4865,0.5756,4.0000,-0.8448,0.4914,16.2580,-0.1431,3.0000,0.0000,0.0000,0,21.4821,616.0086,892.0808,754.0447,138.0361,19.1446,17.7468,617.4065,928.9722
61.331,1,0,heuristic,14.6255,105.3460,0.7173,2.2175,1.5266,2.6922,1.4547,0.5738,4.0000,-0.8288,0.4914,16.1250,-0.1435,3.0000,0.0000,0.0000,0,21.4821,506.0086,958.3501,732.1793,226.1707,18.8322,-22.2532,547.0941,954.9290
61.382,1,0,heuristic,14.6255,105.3460,0.7168,2.2175,1.5266,2.6922,1.4728,0.5738,4.0000,-0.8288,0.4914,16.1250,-0.1430,3.0000,0.0000,0.0000,0,21.4821,499.1891,868.1053,683.6472,184.4581,18.8322,-31.9357,549.9570,855.0018
61.431,1,0,heuristic,14.7425,105.4278,0.7166,2.2242,1.5359,2.7030,1.5308,0.5720,4.0000,-0.8120,0.4914,15.9825,-0.1446,3.0000,0.0000,0.0000,0,21.4821,579.2544,758.1053,668.6798,89.4255,18.6770,-32.9424,630.8739,743.8399
61.481,1,0,heuristic,14.8537,105.5051,0.7170,2.2424,1.5506,2.7263,1.5135,0.5702,4.0000,-0.7963,0.4914,15.8474,-0.1469,3.0000,0.0000,0.0000,0,21.4821,616.4215,649.8733,633.1474,16.7259,18.3415,-32.7102,667.4731,635.5046
61.531,1,0,heuristic,14.9719,105.5871,0.7184,2.2485,1.5559,2.7343,-1.4385,0.5684,4.0000,-0.7798,0.4914,15.7039,-0.1500,3.0000,0.0000,0.0000,0,21.4821,695.6255,577.7607,636.6931,-58.9324,18.2259,7.2898,706.5616,603.2764
61.582,1,0,heuristic,15.0830,105.6645,0.7206,2.2619,1.5673,2.7518,-1.4400,0.5667,4.0000,-0.7639,0.4914,15.5687,-0.1539,3.0000,0.0000,0.0000,0,21.4821,805.6255,467.7607,636.6931,-168.9324,17.9736,16.6948,806.9043,502.4291
61.631,1,0,heuristic,15.0830,105.6645,0.7214,2.2619,1.5673,2.7518,-1.4465,0.5667,4.0000,-0.7639,0.4914,15.5687,-0.1547,3.0000,0.0000,0.0000,0,21.4821,767.5468,393.9550,580.7509,-186.7959,17.9736,16.7724,768.7481,428.7009
61.681,1,0,heuristic,15.2003,105.7470,0.7232,2.2606,1.5712,2.7530,1.4955,0.5650,4.0000,-0.7465,0.4914,15.4257,-0.1582,3.0000,0.0000,0.0000,0,21.4821,657.9390,283.9703,470.9546,-186.9844,17.9573,-23.2276,699.1239,278.7000
61.731,1,0,heuristic,15.3098,105.8251,0.7244,2.2648,1.5824,2.7628,-1.4940,0.5632,4.0000,-0.7293,0.4914,15.2916,-0.1612,3.0000,0.0000,0.0000,0,21.4821,567.6493,393.9703,480.8098,-86.8395,17.8150,16.7724,568.6919,428.5576
61.781,1,0,heuristic,15.3098,105.8251,0.7243,2.2648,1.5824,2.7628,-1.5168,0.5632,4.0000,-0.7293,0.4914,15.2916,-0.1612,3.0000,0.0000,0.0000,0,21.4821,457.6493,503.9703,480.8098,23.1605,17.8150,17.7654,457.6989,539.5506
61.831,1,0,heuristic,15.4239,105.9077,0.7254,2.2508,1.5833,2.7519,-1.5030,0.5614,4.0000,-0.7104,0.4914,15.1513,-0.1639,3.0000,0.0000,0.0000,0,21.4821,407.0082,613.4583,510.2332,103.2250,17.9721,17.4615,407.5188,648.8919
61.881,1,0,heuristic,15.5295,105.9844,0.7246,2.2403,1.5866,2.7452,-1.5215,0.5597,4.0000,-0.6925,0.4914,15.0214,-0.1649,3.0000,0.0000,0.0000,0,21.4821,506.5387,622.1683,564.3535,57.8148,18.0686,17.7708,506.8364,658.0076
61.931,1,0,heuristic,15.6396,106.0644,0.7259,2.2159,1.5769,2.7197,1.4765,0.5582,4.0000,-0.6740,0.4914,14.8858,-0.1678,3.0000,0.0000,0.0000,0,21.4821,475.6423,732.1682,603.9053,128.2630,18.4365,-22.2292,516.3080,728.3756
61.982,1,0,heuristic,15.7422,106.1387,0.7252,2.2001,1.5709,2.7033,1.5125,0.5566,4.0000,-0.6569,0.4914,14.7597,-0.1686,3.0000,0.0000,0.0000,0,21.4821,585.6423,842.1682,713.9053,128.2630,18.6719,-33.2788,637.5929,827.5613
62.032,1,0,heuristic,15.7422,106.1387,0.7253,2.2001,1.5709,2.7033,-1.4800,0.5566,4.0000,-0.6569,0.4914,14.7597,-0.1687,3.0000,0.0000,0.0000,0,21.4821,695.6423,828.4131,762.0277,66.3854,18.6719,6.7212,707.5929,853.8062
62.081,1,0,heuristic,15.8503,106.2167,0.7252,2.1759,1.5570,2.6756,-1.4718,0.5551,4.0000,-0.6391,0.4914,14.6269,-0.1700,3.0000,0.0000,0.0000,0,21.4821,705.7987,718.4189,712.1088,6.3101,19.0714,16.8347,708.0354,754.3250
62.131,1,0,heuristic,15.9524,106.2904,0.7266,2.1664,1.5526,2.6653,-1.4755,0.5536,4.0000,-0.6223,0.4914,14.5014,-0.1730,3.0000,0.0000,0.0000,0,21.4821,595.7987,828.4188,712.1088,116.3101,19.2192,16.8129,598.2050,864.4510
62.181,1,0,heuristic,16.0612,106.3690,0.7272,2.1514,1.5444,2.6483,-1.4452,0.5519,4.0000,-0.6044,0.4914,14.3678,-0.1753,3.0000,0.0000,0.0000,0,21.4821,625.1735,784.8542,705.0139,79.8403,19.4648,16.2513,628.3870,820.5703
62.231,1,0,heuristic,16.0612,106.3690,0.7302,2.1514,1.5444,2.6483,1.5553,0.5519,4.0000,-0.6044,0.4914,14.3678,-0.1783,3.0000,0.0000,0.0000,0,21.4821,515.1735,846.1645,680.6690,165.4955,19.4648,-23.7487,558.3870,841.8806
62.281,1,0,heuristic,16.1641,106.4433,0.7307,2.1498,1.5449,2.6473,1.5465,0.5502,4.0000,-0.5874,0.4914,14.2415,-0.1805,3.0000,0.0000,0.0000,0,21.4821,405.1735,861.6982,633.4358,228.2623,19.4784,-34.1789,458.8308,846.9976
62.331,1,0,heuristic,16.2738,106.5223,0.7340,2.1418,1.5399,2.6379,-1.4210,0.5485,4.0000,-0.5695,0.4914,14.1068,-0.1855,3.0000,0.0000,0.0000,0,21.4821,332.3894,777.2852,554.8373,222.4479,19.6136,5.8211,346.1819,802.7199
62.381,1,0,heuristic,16.3778,106.5969,0.7354,2.1467,1.5429,2.6436,1.5870,0.5468,4.0000,-0.5528,0.4914,13.9794,-0.1886,3.0000,0.0000,0.0000,0,21.4821,442.3894,667.2852,554.8373,112.4479,19.5321,-34.1789,496.1004,652.6384
62.431,1,0,heuristic,16.3778,106.5969,0.7386,2.1467,1.5429,2.6436,-1.3995,0.5468,4.0000,-0.5528,0.4914,13.9794,-0.1918,3.0000,0.0000,0.0000,0,21.4821,552.3894,557.2852,554.8373,2.4479,19.5321,5.8211,566.1004,582.6384
62.481,1,0,heuristic,16.5925,106.7497,0.7445,2.1480,1.5382,2.6420,1.6258,0.5435,4.0000,-0.5194,0.4914,13.7169,-0.2011,3.0000,0.0000,0.0000,0,21.4821,662.3894,469.5068,565.9481,-96.4413,19.5556,-34.1789,716.1239,454.8835
62.531,1,0,heuristic,16.5925,106.7497,0.7467,2.1480,1.5382,2.6420,-1.3960,0.5435,4.0000,-0.5194,0.4914,13.7169,-0.2032,3.0000,0.0000,0.0000,0,21.4821,711.2681,396.5357,553.9019,-157.3662,19.5556,5.8211,725.0027,421.9123
62.581,1,0,heuristic,16.7026,106.8285,0.7513,2.1419,1.5336,2.6344,-1.4395,0.5418,4.0000,-0.5019,0.4914,13.5821,-0.2095,3.0000,0.0000,0.0000,0,21.4821,711.2681,396.5357,553.9019,-157.3662,19.6653,15.0174,715.9160,431.2184
62.632,1,0,heuristic,16.8058,106.9035,0.7551,2.1434,1.5392,2.6388,-1.4373,0.5400,4.0000,-0.4845,0.4914,13.4552,-0.2151,3.0000,0.0000,0.0000,0,21.4821,766.0241,506.5357,636.2799,-129.7442,19.6011,14.7948,770.8304,540.9316
62.681,1,0,heuristic,16.8058,106.9035,0.7587,2.1434,1.5392,2.6388,1.5643,0.5400,4.0000,-0.4845,0.4914,13.4552,-0.2187,3.0000,0.0000,0.0000,0,21.4821,668.9570,343.8559,506.4065,-162.5506,19.6011,-25.2052,713.7633,338.2518
62.732,1,0,heuristic,16.9143,106.9837,0.7631,2.1322,1.5399,2.6302,1.5480,0.5381,4.0000,-0.4650,0.4914,13.3210,-0.2250,3.0000,0.0000,0.0000,0,21.4821,778.9570,453.8559,616.4065,-162.5506,19.7255,-35.7052,834.3877,437.8762
62.781,1,0,heuristic,17.0161,107.0601,0.7638,2.1298,1.5502,2.6342,-1.5250,0.5361,4.0000,-0.4456,0.4914,13.1947,-0.2277,3.0000,0.0000,0.0000,0,21.4821,778.9570,453.8559,616.4065,-162.5506,19.6673,4.2948,794.3295,477.8181
62.832,1,0,heuristic,17.1228,107.1416,0.7667,2.1141,1.5536,2.6236,1.5008,0.5341,4.0000,-0.4241,0.4914,13.0615,-0.2327,3.0000,0.0000,0.0000,0,21.4821,888.9570,563.8559,726.4065,-162.5506,19.8204,-35.1301,943.9076,548.5462
62.881,1,0,heuristic,17.2224,107.2190,0.7658,2.1064,1.5656,2.6245,-1.5637,0.5319,4.0000,-0.4028,0.4914,12.9365,-0.2339,3.0000,0.0000,0.0000,0,21.4821,806.6163,783.8540,795.2352,-11.3812,19.8076,4.8699,821.5541,808.5315
62.931,1,0,heuristic,17.3275,107.3022,0.7672,2.0894,1.5723,2.6149,1.4615,0.5296,4.0000,-0.3791,0.4914,12.8039,-0.2376,3.0000,0.0000,0.0000,0,21.4821,806.6163,783.8540,795.2352,-11.3812,19.9452,-34.5735,861.1350,769.2257
62.981,1,0,heuristic,17.4269,107.3819,0.7653,2.0857,1.5899,2.6226,1.4470,0.5272,4.0000,-0.3558,0.4914,12.6781,-0.2381,3.0000,0.0000,0.0000,0,21.4821,696.6163,776.2723,736.4443,39.8280,19.8343,-34.3032,750.7538,761.8034
63.031,1,0,heuristic,17.4269,107.3819,0.7638,2.0857,1.5899,2.6226,-1.5915,0.5272,4.0000,-0.3558,0.4914,12.6781,-0.2366,3.0000,0.0000,0.0000,0,21.4821,803.8968,716.9424,760.4196,-43.4772,19.8343,5.6968,818.0343,742.4734
63.081,1,0,heuristic,17.5332,107.4678,0.7618,2.0774,1.6023,2.6236,1.4800,0.5246,4.0000,-0.3302,0.4914,12.5432,-0.2372,3.0000,0.0000,0.0000,0,21.4821,659.8472,496.9424,578.3948,-81.4524,19.8205,-34.3032,713.9709,482.4597
63.131,1,0,heuristic,17.6339,107.5496,0.7604,2.0816,1.6227,2.6393,-1.5793,0.5221,4.0000,-0.3056,0.4914,12.4152,-0.2383,3.0000,0.0000,0.0000,0,21.4821,710.2430,386.9424,548.5927,-161.6503,19.5937,5.6968,724.1399,412.2329
63.181,1,0,heuristic,17.7408,107.6370,0.7580,2.0764,1.6342,2.6424,1.4552,0.5194,4.0000,-0.2790,0.4914,12.2791,-0.2387,3.0000,0.0000,0.0000,0,21.4821,710.2430,386.9424,548.5927,-161.6503,19.5495,-34.3032,764.0957,372.1886
63.232,1,0,heuristic,17.8406,107.7193,0.7563,2.0769,1.6503,2.6527,-1.6102,0.5168,4.0000,-0.2535,0.4914,12.1518,-0.2395,3.0000,0.0000,0.0000,0,21.4821,818.9901,433.3647,626.1774,-192.8127,19.4008,5.6968,832.6941,458.4623
63.282,1,0,heuristic,17.9452,107.8065,0.7530,2.0638,1.6559,2.6460,1.4158,0.5141,4.0000,-0.2259,0.4914,12.0178,-0.2390,3.0000,0.0000,0.0000,0,21.4821,928.9901,543.3647,736.1774,-192.8127,19.4969,-33.5552,982.0422,529.3064
63.331,1,0,heuristic,17.9452,107.8065,0.7496,2.0638,1.6559,2.6460,-1.6413,0.5141,4.0000,-0.2259,0.4914,12.0178,-0.2356,3.0000,0.0000,0.0000,0,21.4821,904.0215,653.3647,778.6931,-125.3284,19.4969,6.4448,917.0736,679.3064
63.381,1,0,heuristic,18.0432,107.8894,0.7458,2.0595,1.6700,2.6515,1.3850,0.5113,4.0000,-0.1991,0.4914,11.8919,-0.2345,3.0000,0.0000,0.0000,0,21.4821,813.2353,763.1257,788.1805,-25.0548,19.4184,-32.8093,865.4629,749.7348
63.431,1,0,heuristic,18.1476,107.9789,0.7400,2.0490,1.6803,2.6499,1.3922,0.5084,4.0000,-0.1694,0.4914,11.7572,-0.2316,3.0000,0.0000,0.0000,0,21.4821,923.2353,724.3118,823.7735,-99.4618,19.4417,-32.7604,975.4374,710.9930
63.481,1,0,heuristic,18.2469,108.0649,0.7350,2.0531,1.7026,2.6673,-1.6953,0.5054,4.0000,-0.1405,0.4914,11.6286,-0.2295,3.0000,0.0000,0.0000,0,21.4821,846.8845,614.3118,730.5981,-116.2864,19.1915,7.2396,858.8365,640.7429
63.531,1,0,heuristic,18.3537,108.1579,0.7273,2.0530,1.7195,2.6780,-1.7058,0.5023,4.0000,-0.1089,0.4914,11.4903,-0.2251,3.0000,0.0000,0.0000,0,21.4821,736.8845,562.2879,649.5862,-87.2983,19.0373,19.6611,736.2608,600.9863
63.581,1,0,heuristic,18.4552,108.2469,0.7239,2.0657,1.7464,2.7050,-1.7158,0.4992,4.0000,-0.0784,0.4914,11.3585,-0.2247,3.0000,0.0000,0.0000,0,21.4821,846.8845,452.2879,649.5862,-197.2983,18.6484,19.9046,845.6283,490.8409
63.631,1,0,heuristic,18.4552,108.2469,0.7179,2.0657,1.7464,2.7050,1.3613,0.4992,4.0000,-0.0784,0.4914,11.3585,-0.2187,3.0000,0.0000,0.0000,0,21.4821,866.2228,559.8146,713.0187,-153.2041,18.6484,-20.0954,904.9666,558.3675
63.681,1,0,heuristic,18.5631,108.3417,0.7110,2.0675,1.7620,2.7165,1.3622,0.4959,4.0000,-0.0456,0.4914,11.2185,-0.2151,3.0000,0.0000,0.0000,0,21.4821,883.4080,669.8146,776.6113,-106.7967,18.4830,-31.3652,933.2562,656.9324
63.731,1,0,heuristic,18.6644,108.4313,0.7054,2.0761,1.7828,2.7365,1.3433,0.4928,4.0000,-0.0145,0.4914,11.0868,-0.2125,3.0000,0.0000,0.0000,0,21.4821,819.6000,568.8223,694.2112,-125.3888,18.1939,-30.8846,868.6786,556.1316
63.781,1,0,heuristic,18.7720,108.5269,0.6977,2.0746,1.7939,2.7427,1.3297,0.4895,4.0000,0.0191,0.4914,10.9469,-0.2082,3.0000,0.0000,0.0000,0,21.4821,929.6000,557.1733,743.3867,-186.2133,18.1054,-30.4208,978.1263,544.8579
63.832,1,0,heuristic,18.8737,108.6176,0.6916,2.0836,1.8132,2.7620,1.3618,0.4864,4.0000,0.0511,0.4914,10.8145,-0.2052,3.0000,0.0000,0.0000,0,21.4821,968.4558,447.7115,708.0837,-260.3722,17.8265,-30.7788,1000.0000,434.7593
63.881,1,0,heuristic,18.9816,108.7144,0.6831,2.0818,1.8227,2.7670,1.3295,0.4830,4.0000,0.0855,0.4914,10.6739,-0.2001,3.0000,0.0000,0.0000,0,21.4821,976.2925,372.9298,674.6112,-301.6814,17.7557,-29.9681,1000.0000,360.7174
63.931,1,0,heuristic,19.0829,108.8060,0.6723,2.0875,1.8401,2.7828,1.3197,0.4797,4.0000,0.1185,0.4914,10.5417,-0.1925,3.0000,0.0000,0.0000,0,21.4821,875.6302,402.6063,639.1182,-236.5119,17.5281,-29.4433,922.6016,390.6911
63.982,1,0,heuristic,19.0829,108.8060,0.6664,2.0875,1.8401,2.7828,1.2717,0.4797,4.0000,0.1185,0.4914,10.5417,-0.1867,3.0000,0.0000,0.0000,0,21.4821,784.8820,315.8539,550.3680,-234.5141,17.5281,-28.4083,830.8185,304.9737
64.031,1,0,heuristic,19.1894,108.9036,0.6555,2.0797,1.8472,2.7816,-1.8453,0.4762,4.0000,0.1542,0.4914,10.4022,-0.1792,3.0000,0.0000,0.0000,0,21.4821,893.0802,205.8621,549.4711,-343.6090,17.5452,11.5917,899.0337,234.9990
64.081,1,0,heuristic,19.2886,108.9953,0.6469,2.0770,1.8600,2.7881,1.2592,0.4729,4.0000,0.1883,0.4914,10.2721,-0.1740,3.0000,0.0000,0.0000,0,21.4821,931.7071,95.8621,513.7846,-417.9225,17.4514,-27.5670,976.7254,85.7465
64.131,1,0,heuristic,19.3919,109.0921,0.6327,2.0589,1.8601,2.7747,1.2370,0.4693,4.0000,0.2249,0.4914,10.1361,-0.1634,3.0000,0.0000,0.0000,0,21.4821,926.4806,26.3309,476.4058,-450.0749,17.6439,-26.7046,970.8292,17.2702
64.182,1,0,heuristic,19.4873,109.1828,0.6207,2.0445,1.8663,2.7683,-1.9083,0.4658,4.0000,0.2599,0.4914,10.0101,-0.1549,3.0000,0.0000,0.0000,0,21.4821,995.0836,28.1044,511.5940,-483.4896,17.7370,13.2954,999.5252,59.1368
64.231,1,0,heuristic,19.4873,109.1828,0.6104,2.0445,1.8663,2.7683,-1.9380,0.4658,4.0000,0.2599,0.4914,10.0101,-0.1446,3.0000,0.0000,0.0000,0,21.4821,944.6689,128.2626,536.4658,-408.2032,17.7370,27.4393,934.9666,173.4389
64.282,1,0,heuristic,19.5860,109.2787,0.5938,2.0153,1.8618,2.7437,-1.9780,0.4620,4.0000,0.2979,0.4914,9.8789,-0.1318,3.0000,0.0000,0.0000,0,21.4821,944.6689,128.2626,536.4658,-408.2032,18.0909,28.6838,934.0760,175.0374
64.331,1,0,heuristic,19.6772,109.3689,0.5748,1.9921,1.8652,2.7291,1.1168,0.4583,4.0000,0.3343,0.4914,9.7572,-0.1165,3.0000,0.0000,0.0000,0,21.4821,813.3421,348.2626,580.8024,-232.5398,18.3015,-11.3162,842.9598,355.2480
64.381,1,0,heuristic,19.7726,109.4643,0.5626,1.9605,1.8591,2.7019,-2.0032,0.4543,4.0000,0.3735,0.4914,9.6296,-0.1083,3.0000,0.0000,0.0000,0,21.4821,703.3421,458.2626,580.8024,-122.5398,18.6931,28.6838,693.3514,505.6395
64.431,1,0,heuristic,19.8618,109.5539,0.5416,1.9402,1.8606,2.6882,1.1010,0.4505,4.0000,0.4103,0.4914,9.5103,-0.0911,3.0000,0.0000,0.0000,0,21.4821,699.1940,568.2610,633.7275,-65.4665,18.8902,-11.3162,729.4004,575.8351
64.481,1,0,heuristic,19.9565,109.6483,0.5243,1.9164,1.8515,2.6647,-1.9963,0.4465,4.0000,0.4489,0.4914,9.3841,-0.0778,3.0000,0.0000,0.0000,0,21.4821,699.1940,568.2610,633.7275,-65.4665,19.2285,28.6838,689.7387,616.1734
64.531,1,0,heuristic,20.0465,109.7365,0.5031,1.9080,1.8489,2.6569,-1.9828,0.4429,4.0000,0.4842,0.4914,9.2651,-0.0602,3.0000,0.0000,0.0000,0,21.4821,479.1940,788.2610,633.7275,154.5335,19.3409,31.9235,466.6114,839.5255
64.581,1,0,heuristic,20.0465,109.7365,0.4864,1.9080,1.8489,2.6569,1.1920,0.4429,4.0000,0.4842,0.4914,9.2651,-0.0435,3.0000,0.0000,0.0000,0,21.4821,567.7336,857.3572,712.5454,144.8118,19.3409,-8.0765,595.1510,868.6217
64.631,1,0,heuristic,20.1431,109.8293,0.4706,1.8983,1.8360,2.6409,-1.9280,0.4392,4.0000,0.5204,0.4914,9.1382,-0.0314,3.0000,0.0000,0.0000,0,21.4821,457.7336,894.7804,676.2570,218.5234,19.5715,31.9235,445.3816,946.2754
64.681,1,0,heuristic,20.2359,109.9156,0.4515,1.9052,1.8283,2.6405,-1.8778,0.4360,4.0000,0.5527,0.4914,9.0178,-0.0155,3.0000,0.0000,0.0000,0,21.4821,347.7336,784.7804,566.2570,218.5234,19.5768,32.0340,335.2764,836.3912
64.731,1,0,heuristic,20.3368,110.0060,0.4424,1.9122,1.8105,2.6334,-1.8458,0.4327,4.0000,0.5848,0.4914,8.8885,-0.0097,3.0000,0.0000,0.0000,0,21.4821,339.7324,734.3815,537.0569,197.3246,19.6797,31.7866,327.6255,785.8477
64.781,1,0,heuristic,20.4338,110.0899,0.4302,1.9338,1.7976,2.6403,1.3673,0.4299,4.0000,0.6130,0.4914,8.7657,-0.0003,3.0000,0.0000,0.0000,0,21.4821,363.4222,783.9926,573.7074,210.2852,19.5799,-8.2134,391.2156,795.3591
64.831,1,0,heuristic,20.4338,110.0899,0.4222,1.9338,1.7976,2.6403,1.3845,0.4299,4.0000,0.6130,0.4914,8.7657,0.0077,3.0000,0.0000,0.0000,0,21.4821,363.4222,783.9926,573.7074,210.2852,19.5799,-21.7506,404.7527,781.8220
64.881,1,0,heuristic,20.5379,110.1769,0.4106,1.9474,1.7727,2.6334,1.4258,0.4271,4.0000,0.6406,0.4914,8.6352,0.0165,3.0000,0.0000,0.0000,0,21.4821,440.9161,728.5873,584.7517,143.8356,19.6788,-22.0471,482.6421,726.2190
64.931,1,0,heuristic,20.6371,110.2573,0.4067,1.9715,1.7533,2.6383,1.4355,0.4247,4.0000,0.6646,0.4914,8.5119,0.0181,3.0000,0.0000,0.0000,0,21.4821,440.9161,728.5873,584.7517,143.8356,19.6080,-22.1041,482.6283,726.0911
64.982,1,0,heuristic,20.7437,110.3411,0.3979,1.9871,1.7250,2.6314,-1.7055,0.4223,4.0000,0.6883,0.4914,8.3807,0.0245,3.0000,0.0000,0.0000,0,21.4821,385.3528,676.3411,530.8469,145.4942,19.7076,17.8959,387.1645,713.9446
65.031,1,0,heuristic,20.8453,110.4188,0.3909,2.0127,1.7039,2.6371,-1.6783,0.4203,4.0000,0.7089,0.4914,8.2567,0.0294,3.0000,0.0000,0.0000,0,21.4821,565.4080,466.2592,515.8336,-49.5744,19.6254,30.7348,554.2986,516.6194
65.081,1,0,heuristic,20.8453,110.4188,0.3883,2.0127,1.7039,2.6371,-1.6800,0.4203,4.0000,0.7089,0.4914,8.2567,0.0320,3.0000,0.0000,0.0000,0,21.4821,675.4080,424.6948,550.0514,-125.3566,19.6254,30.8632,664.1702,475.1833
65.131,1,0,heuristic,20.9534,110.4999,0.3830,2.0262,1.6749,2.6288,1.5015,0.4182,4.0000,0.7293,0.4914,8.1254,0.0351,3.0000,0.0000,0.0000,0,21.4821,785.4080,534.6936,660.0508,-125.3572,19.7451,-9.1368,814.2899,545.3018
65.182,1,0,heuristic,21.0553,110.5753,0.3800,2.0455,1.6541,2.6306,-1.6918,0.4164,4.0000,0.7477,0.4914,8.0022,0.0364,3.0000,0.0000,0.0000,0,21.4821,818.2322,644.6936,731.4629,-86.7693,19.7199,30.8632,807.0890,695.2767
65.231,1,0,heuristic,21.0553,110.5753,0.3763,2.0455,1.6541,2.6306,-1.7027,0.4164,4.0000,0.7477,0.4914,8.0022,0.0401,3.0000,0.0000,0.0000,0,21.4821,708.2322,754.6936,731.4629,23.2307,19.7199,31.6334,696.3188,806.0469
65.281,1,0,heuristic,21.1640,110.6548,0.3721,2.0544,1.6292,2.6220,-1.6995,0.4144,4.0000,0.7666,0.4914,7.8712,0.0422,3.0000,0.0000,0.0000,0,21.4821,818.0756,861.1232,839.5994,21.5238,19.8428,31.6992,806.2192,912.6652
65.331,1,0,heuristic,21.2679,110.7297,0.3702,2.0766,1.6151,2.6308,1.4940,0.4128,4.0000,0.7835,0.4914,7.7466,0.0426,3.0000,0.0000,0.0000,0,21.4821,868.1653,840.0881,854.1267,-14.0386,19.7164,-8.3008,896.1825,851.5037
65.382,1,0,heuristic,21.3806,110.8088,0.3662,2.0947,1.5966,2.6337,1.4990,0.4112,4.0000,0.8001,0.4914,7.6123,0.0450,3.0000,0.0000,0.0000,0,21.4821,758.1653,950.0881,854.1267,95.9614,19.6741,-21.8652,799.7046,947.8970
65.432,1,0,heuristic,21.3806,110.8088,0.3609,2.0947,1.5966,2.6337,-1.6920,0.4112,4.0000,0.8001,0.4914,7.6123,0.0503,3.0000,0.0000,0.0000,0,21.4821,648.1653,975.3054,811.7353,163.5700,19.6741,18.1348,649.7046,1000.0000
65.481,1,0,heuristic,21.4894,110.8835,0.3590,2.1289,1.5884,2.6562,-1.6620,0.4100,4.0000,0.8146,0.4914,7.4835,0.0509,3.0000,0.0000,0.0000,0,21.4821,538.1653,996.2514,767.2084,229.0430,19.3504,31.4987,526.0171,1000.0000
65.531,1,0,heuristic,21.6075,110.9625,0.3542,2.1573,1.5744,2.6707,-1.6558,0.4088,4.0000,0.8285,0.4914,7.3445,0.0546,3.0000,0.0000,0.0000,0,21.4821,428.1653,983.5105,705.8379,277.6726,19.1413,31.5615,415.7451,1000.0000
65.581,1,0,heuristic,21.7208,111.0360,0.3531,2.1981,1.5661,2.6989,-1.6255,0.4080,4.0000,0.8399,0.4914,7.2121,0.0549,3.0000,0.0000,0.0000,0,21.4821,504.6548,995.5817,750.1182,245.4635,18.7356,31.0861,492.3042,1000.0000
65.631,1,0,heuristic,21.7208,111.0360,0.3512,2.1981,1.5661,2.6989,1.5885,0.4080,4.0000,0.8399,0.4914,7.2121,0.0568,3.0000,0.0000,0.0000,0,21.4821,400.0661,984.7842,692.4252,292.3591,18.7356,-8.9139,427.7156,994.6060
65.681,1,0,heuristic,21.8427,111.1126,0.3511,2.2272,1.5474,2.7120,1.6480,0.4072,4.0000,0.8499,0.4914,7.0707,0.0560,3.0000,0.0000,0.0000,0,21.4821,395.7147,912.1528,653.9337,258.2190,18.5474,-23.8456,438.1077,906.8546
65.731,1,0,heuristic,21.9591,111.1834,0.3504,2.2668,1.5330,2.7365,-1.5448,0.4067,4.0000,0.8575,0.4914,6.9366,0.0563,3.0000,0.0000,0.0000,0,21.4821,505.7147,802.1528,653.9337,148.2190,18.1945,16.1544,507.7548,836.5016
65.781,1,0,heuristic,22.0839,111.2570,0.3519,2.2934,1.5094,2.7455,-1.5425,0.4063,4.0000,0.8634,0.4914,6.7937,0.0544,3.0000,0.0000,0.0000,0,21.4821,395.7147,692.1528,543.9337,148.2190,18.0649,29.7162,384.0634,739.9339
65.831,1,0,heuristic,22.2023,111.3250,0.3539,2.3281,1.4910,2.7646,1.6878,0.4061,4.0000,0.8676,0.4914,6.6589,0.0522,3.0000,0.0000,0.0000,0,21.4821,472.3840,582.1528,527.2684,54.8844,17.7894,-10.2838,500.4572,589.6584
65.881,1,0,heuristic,22.2023,111.3250,0.3570,2.3281,1.4910,2.7646,-1.5192,0.4061,4.0000,0.8676,0.4914,6.6589,0.0491,3.0000,0.0000,0.0000,0,21.4821,362.3840,472.1528,417.2684,54.8844,17.7894,29.1279,351.0456,519.0701
65.931,1,0,heuristic,22.3279,111.3958,0.3604,2.3455,1.4649,2.7653,1.6950,0.4058,4.0000,0.8707,0.4914,6.5165,0.0454,3.0000,0.0000,0.0000,0,21.4821,252.3840,552.2480,402.3160,149.9320,17.7791,-10.8721,281.0352,559.1550
65.981,1,0,heuristic,22.4451,111.4612,0.3643,2.3651,1.4445,2.7713,-1.4970,0.4057,4.0000,0.8730,0.4914,6.3837,0.0413,3.0000,0.0000,0.0000,0,21.4821,252.3840,552.2480,402.3160,149.9320,17.6934,28.4606,241.6168,598.4019
66.031,1,0,heuristic,22.5672,111.5288,0.3684,2.3614,1.4156,2.7532,1.7323,0.4052,4.0000,0.8750,0.4914,6.2459,0.0369,3.0000,0.0000,0.0000,0,21.4821,32.3840,536.2379,284.3110,251.9269,17.9536,-11.5394,61.8770,542.6520
66.081,1,0,heuristic,22.6796,111.5907,0.3729,2.3577,1.3902,2.7370,-1.4845,0.4049,4.0000,0.8765,0.4914,6.1190,0.0319,3.0000,0.0000,0.0000,0,21.4821,142.3840,426.2379,284.3110,141.9269,18.1865,27.8899,132.6806,472.3143
66.131,1,0,heuristic,22.6796,111.5907,0.3778,2.3577,1.3902,2.7370,1.7503,0.4049,4.0000,0.8765,0.4914,6.1190,0.0271,3.0000,0.0000,0.0000,0,21.4821,252.3840,316.2379,284.3110,31.9269,18.1865,-12.1101,282.6806,322.3143
66.181,1,0,heuristic,22.7954,111.6537,0.3834,2.3313,1.3548,2.6963,-1.4670,0.4043,4.0000,0.8775,0.4914,5.9888,0.0209,3.0000,0.0000,0.0000,0,21.4821,267.1669,206.2379,236.7024,-30.4645,18.7730,27.1668,258.7731,252.1776
66.232,1,0,heuristic,22.9005,111.7108,0.3877,2.3033,1.3215,2.6555,-1.4720,0.4037,4.0000,0.8782,0.4914,5.8705,0.0160,3.0000,0.0000,0.0000,0,21.4821,157.1669,96.2379,126.7024,-30.4645,19.3613,27.0598,149.4684,142.6590
66.281,1,0,heuristic,23.0074,111.7691,0.3953,2.2537,1.2813,2.5925,-1.4672,0.4027,4.0000,0.8791,0.4914,5.7503,0.0074,3.0000,0.0000,0.0000,0,21.4821,253.9582,-13.6282,120.1650,-133.7932,20.2678,26.6483,247.5777,33.2879
66.331,1,0,heuristic,23.1032,111.8218,0.4012,2.2019,1.2447,2.5294,1.7665,0.4017,4.0000,0.8804,0.4914,5.6426,0.0005,3.0000,0.0000,0.0000,0,21.4821,203.6321,-118.1605,42.7358,-160.8963,21.1768,-13.3517,238.1606,-110.3354
66.381,1,0,heuristic,23.1032,111.8218,0.4057,2.2019,1.2447,2.5294,1.7203,0.4017,4.0000,0.8804,0.4914,5.6426,-0.0039,3.0000,0.0000,0.0000,0,21.4821,93.6321,-141.5623,-23.9651,-117.5972,21.1768,-27.3408,142.1497,-147.7263
66.431,1,0,heuristic,23.1987,111.8751,0.4109,2.1289,1.2009,2.4442,-1.5560,0.4004,4.0000,0.8824,0.4914,5.5349,-0.0105,3.0000,0.0000,0.0000,0,21.4821,200.6175,-31.5623,84.5276,-116.0899,22.4030,12.6592,210.3613,3.5000
66.481,1,0,heuristic,23.2827,111.9231,0.4145,2.0531,1.1607,2.3584,1.6785,0.3989,4.0000,0.8851,0.4914,5.4399,-0.0157,3.0000,0.0000,0.0000,0,21.4821,200.6175,-31.5623,84.5276,-116.0899,23.6384,-27.0891,251.3450,-35.0130
66.531,1,0,heuristic,23.3656,111.9719,0.4203,1.9615,1.1164,2.2569,1.6747,0.3970,4.0000,0.8890,0.4914,5.3456,-0.0233,3.0000,0.0000,0.0000,0,21.4821,332.3280,188.4377,260.3829,-71.9451,25.1001,-27.3177,384.7458,186.2201
66.581,1,0,heuristic,23.4393,112.0163,0.4234,1.8763,1.0779,2.1638,-1.5928,0.3951,4.0000,0.8933,0.4914,5.2617,-0.0283,3.0000,0.0000,0.0000,0,21.4821,442.3280,298.4377,370.3829,-71.9451,26.4406,12.6823,456.0863,337.5607
66.632,1,0,heuristic,23.4393,112.0163,0.4250,1.8763,1.0779,2.1638,-1.6293,0.3951,4.0000,0.8933,0.4914,5.2617,-0.0300,3.0000,0.0000,0.0000,0,21.4821,552.3280,408.4377,480.3829,-71.9451,26.4406,27.9384,550.8302,462.8168
66.681,1,0,heuristic,23.5145,112.0626,0.4273,1.7900,1.0404,2.0704,-1.6273,0.3930,4.0000,0.8987,0.4914,5.1758,-0.0343,3.0000,0.0000,0.0000,0,21.4821,662.3280,518.4377,590.3829,-71.9451,27.7858,27.7459,662.3679,573.9695
66.731,1,0,heuristic,23.5850,112.1062,0.4284,1.7258,1.0139,2.0016,1.6210,0.3913,4.0000,0.9038,0.4914,5.0953,-0.0371,3.0000,0.0000,0.0000,0,21.4821,571.4432,628.4377,599.9405,28.4973,28.7762,-12.2541,612.4735,644.9599
66.781,1,0,heuristic,23.6617,112.1532,0.4293,1.6757,0.9919,1.9473,-1.6562,0.3898,4.0000,0.9091,0.4914,5.0079,-0.0394,3.0000,0.0000,0.0000,0,21.4821,461.4432,738.4377,599.9405,138.4973,29.5594,27.7459,463.2566,795.7431
66.831,1,0,heuristic,23.7372,112.1987,0.4297,1.6553,0.9832,1.9252,1.6305,0.3890,3.9377,0.9135,0.4914,4.9221,-0.0407,3.0000,0.0000,0.0000,0,21.4821,351.4432,649.2557,500.3495,148.9062,28.9795,-12.2541,392.6768,665.9811
66.882,1,0,heuristic,23.8216,112.2482,0.4311,1.6489,0.9769,1.9165,1.6445,0.3884,3.8614,0.9174,0.4914,4.8268,-0.0427,3.0000,0.0000,0.0000,0,21.4821,351.4432,649.2557,500.3495,148.9062,28.0062,-27.5146,406.9641,649.7473
66.931,1,0,heuristic,23.9048,112.2957,0.4313,1.6655,0.9793,1.9321,1.6693,0.3884,3.7867,0.9200,0.4914,4.7334,-0.0430,3.0000,0.0000,0.0000,0,21.4821,311.8789,684.4992,498.1890,186.3101,26.7066,-27.9341,366.5196,683.2717
66.982,1,0,heuristic,23.9048,112.2957,0.4330,1.6655,0.9793,1.9321,1.6950,0.3884,3.7867,0.9200,0.4914,4.7334,-0.0446,3.0000,0.0000,0.0000,0,21.4821,421.8789,794.4992,608.1890,186.3101,26.7066,-28.4306,477.0162,792.7752
67.031,1,0,heuristic,23.9966,112.3469,0.4342,1.6858,0.9807,1.9503,1.7107,0.3885,3.7045,0.9218,0.4914,4.6306,-0.0457,3.0000,0.0000,0.0000,0,21.4821,531.8789,896.0130,713.9460,182.0671,25.2604,-28.7357,585.8750,892.5378
67.081,1,0,heuristic,24.0867,112.3962,0.4366,1.7237,0.9897,1.9877,1.7045,0.3890,3.6242,0.9228,0.4914,4.5303,-0.0475,3.0000,0.0000,0.0000,0,21.4821,751.6662,676.0526,713.8594,-37.8068,23.5663,-28.7004,803.9330,670.9185
67.131,1,0,heuristic,24.1871,112.4500,0.4391,1.7652,0.9990,2.0283,1.7325,0.3897,3.5350,0.9229,0.4914,4.4188,-0.0494,3.0000,0.0000,0.0000,0,21.4821,652.2734,566.0526,609.1630,-43.1104,21.6970,-29.2431,703.2136,558.5065
67.181,1,0,heuristic,24.2863,112.5028,0.4421,1.8257,1.0188,2.0907,-1.5837,0.3908,3.4471,0.9225,0.4914,4.3089,-0.0513,3.0000,0.0000,0.0000,0,21.4821,756.9740,456.0526,606.5133,-150.4607,19.5320,10.7569,765.7491,486.3414
67.231,1,0,heuristic,24.3952,112.5607,0.4461,1.8791,1.0378,2.1466,1.7100,0.3917,3.3508,0.9223,0.4914,4.1885,-0.0544,3.0000,0.0000,0.0000,0,21.4821,866.9740,346.0526,606.5133,-260.4607,17.3398,-29.0599,913.3736,334.3324
67.281,1,0,heuristic,24.4996,112.6167,0.4494,1.9387,1.0636,2.2113,1.6903,0.3927,3.2584,0.9223,0.4914,4.0729,-0.0567,3.0000,0.0000,0.0000,0,21.4821,955.8628,236.0526,595.9577,-359.9051,15.0781,-28.8190,999.7600,222.3116
67.331,1,0,heuristic,24.4996,112.6167,0.4512,1.9387,1.0636,2.2113,1.6290,0.3927,3.2584,0.9223,0.4914,4.0729,-0.0584,3.0000,0.0000,0.0000,0,21.4821,907.5506,126.0526,516.8016,-390.7490,15.0781,-27.8580,950.4867,113.2727
67.382,1,0,heuristic,24.6116,112.6777,0.4524,1.9816,1.0856,2.2595,-1.6955,0.3934,3.1593,0.9233,0.4914,3.9491,-0.0590,3.0000,0.0000,0.0000,0,21.4821,917.2307,16.0528,466.6418,-450.5890,12.9568,12.1420,918.0455,41.1516
67.432,1,0,heuristic,24.7172,112.7367,0.4525,2.0250,1.1144,2.3114,1.5465,0.3939,3.0657,0.9255,0.4914,3.8322,-0.0585,3.0000,0.0000,0.0000,0,21.4821,917.2307,16.0528,466.6418,-450.5890,10.8617,-26.4688,954.5612,0.4457
67.481,1,0,heuristic,24.8278,112.8005,0.4502,2.0454,1.1366,2.3400,1.4978,0.3940,2.9676,0.9295,0.4914,3.7095,-0.0562,3.0000,0.0000,0.0000,0,21.4821,940.6822,-93.9472,423.3675,-517.3147,9.0369,-25.5523,975.2714,-110.4627
67.531,1,0,heuristic,24.9301,112.8612,0.4466,2.0626,1.1622,2.3675,-1.8640,0.3938,2.8767,0.9348,0.4914,3.5959,-0.0528,3.0000,0.0000,0.0000,0,21.4821,999.8710,-203.9472,397.9619,-601.9091,7.3327,14.4477,992.7560,-182.1669
67.581,1,0,heuristic,25.0359,112.9262,0.4385,2.0572,1.1799,2.3716,-1.9323,0.3931,2.7826,0.9422,0.4914,3.4783,-0.0454,3.0000,0.0000,0.0000,0,21.4821,978.3881,-305.0782,336.6549,-641.7331,5.9193,32.5164,951.7909,-266.6425
67.631,1,0,heuristic,25.1327,112.9882,0.4291,2.0492,1.2022,2.3758,-1.9920,0.3923,2.6965,0.9511,0.4914,3.3706,-0.0368,3.0000,0.0000,0.0000,0,21.4821,868.4039,-195.0782,336.6628,-531.7410,4.6181,33.8694,839.1525,-156.5907
67.681,1,0,heuristic,25.1327,112.9882,0.4188,2.0492,1.2022,2.3758,1.2905,0.3923,2.6965,0.9511,0.4914,3.3706,-0.0265,3.0000,0.0000,0.0000,0,21.4821,790.5817,-85.0782,352.7518,-437.8300,4.6181,-6.1306,801.3303,-86.5907
67.731,1,0,heuristic,25.2318,113.0545,0.4104,2.0204,1.2169,2.3586,1.2535,0.3908,2.6083,0.9629,0.4914,3.2604,-0.0196,3.0000,0.0000,0.0000,0,21.4821,728.1184,-87.7983,320.1601,-407.9583,3.5964,-19.9621,751.6769,-104.1639
67.781,1,0,heuristic,25.3221,113.1172,0.3951,1.9927,1.2347,2.3442,-2.0922,0.3892,2.5281,0.9755,0.4914,3.1601,-0.0059,3.0000,0.0000,0.0000,0,21.4821,715.4335,-25.7987,344.8174,-370.6161,2.6484,20.0379,698.0441,-3.1123
67.832,1,0,heuristic,25.4151,113.1835,0.3769,1.9517,1.2429,2.3139,-2.1305,0.3872,2.4458,0.9902,0.4914,3.0573,0.0103,3.0000,0.0000,0.0000,0,21.4821,715.4335,-25.7987,344.8174,-370.6161,1.9001,38.1052,679.2284,14.2067
67.881,1,0,heuristic,25.5006,113.2458,0.3606,1.9176,1.2538,2.2911,1.2025,0.3853,2.3706,1.0047,0.4914,2.9633,0.0248,3.0000,0.0000,0.0000,0,21.4821,605.4335,84.2013,344.8174,-260.6161,1.1444,-1.8948,608.4727,83.4510
67.931,1,0,heuristic,25.5897,113.3114,0.3387,1.8767,1.2554,2.2579,-2.1488,0.7456,4.0000,2.1385,0.9696,23.5352,0.4069,3.0000,0.0000,0.0000,0,21.5296,385.4335,67.5841,226.5088,-158.9247,25.0860,38.1052,372.4143,130.7753
67.981,1,0,heuristic,25.5897,113.3114,0.3254,1.8767,1.2554,2.2579,1.1890,0.7456,4.0000,2.1385,0.9696,23.5352,0.4202,3.0000,0.0000,0.0000,0,21.5296,275.4335,120.5970,198.0153,-77.4183,25.0860,0.0879,300.4317,145.7709
68.031,1,0,heuristic,25.6726,113.3726,0.3124,1.8470,1.2590,2.2353,1.2132,0.7482,4.0000,2.1046,0.9696,23.4353,0.4358,3.0000,0.0000,0.0000,0,21.5296,165.4335,10.5970,88.0153,-77.4183,25.4119,0.2450,190.6004,36.2540
68.081,1,0,heuristic,25.7592,113.4358,0.2891,1.8104,1.2505,2.2003,1.2228,0.7507,4.0000,2.0691,0.9696,23.3314,0.4616,3.0000,0.0000,0.0000,0,21.5296,233.6087,-89.4637,72.0725,-161.5362,25.9157,1.0459,258.4785,-62.5022
68.131,1,0,heuristic,25.8387,113.4936,0.2713,1.7797,1.2413,2.1698,-2.0938,0.7530,4.0000,2.0362,0.9696,23.2362,0.4817,3.0000,0.0000,0.0000,0,21.5296,233.6087,-89.4637,72.0725,-161.5362,26.3543,41.0459,218.9171,-22.0635
68.181,1,0,heuristic,25.8387,113.4936,0.2574,1.7797,1.2413,2.1698,-2.0798,0.7530,4.0000,2.0362,0.9696,23.2362,0.4956,3.0000,0.0000,0.0000,0,21.5296,233.6090,68.7666,151.1878,-82.4212,26.3543,57.8109,202.1524,152.9319
68.231,1,0,heuristic,25.9204,113.5530,0.2371,1.7381,1.2216,2.1245,-2.0845,0.7549,4.0000,2.0024,0.9696,23.1384,0.5178,3.0000,0.0000,0.0000,0,21.5296,343.6090,178.7666,261.1878,-82.4212,27.0077,58.7138,311.9029,264.4881
68.281,1,0,heuristic,25.9952,113.6079,0.2209,1.7021,1.2057,2.0858,1.2823,0.7568,4.0000,1.9717,0.9696,23.0485,0.5359,3.0000,0.0000,0.0000,0,21.5296,343.6090,178.7666,261.1878,-82.4212,27.5643,18.7138,352.4594,225.0447
68.331,1,0,heuristic,26.0733,113.6648,0.2051,1.6620,1.1836,2.0404,-2.0543,0.7587,4.0000,1.9395,0.9696,22.9550,0.5536,3.0000,0.0000,0.0000,0,21.5296,346.7005,398.7666,372.7335,26.0331,28.2181,58.7138,316.2048,485.6986
68.381,1,0,heuristic,26.1468,113.7174,0.1864,1.6356,1.1662,2.0088,1.3417,0.7609,4.0000,1.9087,0.9696,22.8678,0.5745,3.0000,0.0000,0.0000,0,21.5296,245.4946,508.7666,377.1306,131.6360,28.6734,18.7138,255.4542,556.1538
68.432,1,0,heuristic,26.2252,113.7719,0.1721,1.6102,1.1425,1.9744,-1.9810,0.7633,4.0000,1.8749,0.9696,22.7760,0.5912,3.0000,0.0000,0.0000,0,21.5296,297.2718,618.7666,458.0192,160.7474,29.1690,58.7138,267.7270,706.6494
68.481,1,0,heuristic,26.3004,113.8216,0.1558,1.6014,1.1211,1.9548,-1.9643,0.7663,4.0000,1.8410,0.9696,22.6900,0.6105,3.0000,0.0000,0.0000,0,21.5296,235.1206,672.4138,453.7672,218.6466,29.4514,60.0899,204.4821,761.9551
68.531,1,0,heuristic,26.3004,113.8216,0.1466,1.6014,1.1211,1.9548,-1.9087,0.7663,4.0000,1.8410,0.9696,22.6900,0.6197,3.0000,0.0000,0.0000,0,21.5296,125.1206,562.5444,343.8325,218.7119,29.4514,59.5150,95.0570,651.5109
68.581,1,0,heuristic,26.3821,113.8722,0.1333,1.5956,1.0914,1.9332,-1.8795,0.7698,4.0000,1.8022,0.9696,22.5992,0.6364,3.0000,0.0000,0.0000,0,21.5296,125.1206,562.5444,343.8325,218.7119,29.7626,59.6214,95.2618,651.9284
68.631,1,0,heuristic,26.4612,113.9177,0.1242,1.6059,1.0626,1.9256,1.5535,0.7738,4.0000,1.7627,0.9696,22.5141,0.6496,3.0000,0.0000,0.0000,0,21.5296,15.1206,528.4884,271.8045,256.6839,29.8717,19.6214,25.3709,577.9815
68.681,1,0,heuristic,26.5464,113.9634,0.1185,1.6124,1.0261,1.9112,1.5733,0.7781,4.0000,1.7183,0.9696,22.4250,0.6596,3.0000,0.0000,0.0000,0,21.5296,-204.8794,741.2593,268.1900,473.0693,30.0786,2.3999,-177.2007,773.7378
68.731,1,0,heuristic,26.6274,114.0044,0.1107,1.6275,0.9916,1.9058,1.6250,0.7827,4.0000,1.6747,0.9696,22.3423,0.6721,3.0000,0.0000,0.0000,0,21.5296,-94.8794,832.2570,368.6888,463.5682,30.1561,1.9503,-66.6736,864.3634
68.781,1,0,heuristic,26.6274,114.0044,0.1064,1.6275,0.9916,1.9058,-1.7003,0.7827,4.0000,1.6747,0.9696,22.3423,0.6764,3.0000,0.0000,0.0000,0,21.5296,15.1206,722.2570,368.6888,353.5682,30.1561,41.9503,3.3264,794.3634
68.831,1,0,heuristic,26.7141,114.0452,0.1037,1.6355,0.9500,1.8914,1.7383,0.7876,4.0000,1.6263,0.9696,22.2563,0.6838,3.0000,0.0000,0.0000,0,21.5296,-94.8794,612.2570,258.6888,353.5682,30.3642,1.9503,-66.4655,644.5715
68.881,1,0,heuristic,26.7974,114.0814,0.1033,1.6552,0.9110,1.8894,1.7420,0.7928,4.0000,1.5781,0.9696,22.1760,0.6895,3.0000,0.0000,0.0000,0,21.5296,-94.8794,612.2570,258.6888,353.5682,30.3933,0.5195,-65.0055,643.1698
68.931,1,0,heuristic,26.7974,114.0814,0.1034,1.6552,0.9110,1.8894,-1.6062,0.7928,4.0000,1.5781,0.9696,22.1760,0.6894,3.0000,0.0000,0.0000,0,21.5296,-94.8794,421.0825,163.1016,257.9809,30.3933,40.5195,-105.0055,491.9953
68.981,1,0,heuristic,26.8868,114.1178,0.1062,1.6683,0.8688,1.8809,1.8385,0.7984,4.0000,1.5249,0.9696,22.0919,0.6922,3.0000,0.0000,0.0000,0,21.5296,15.1206,531.0819,273.1013,257.9806,30.5145,0.5195,45.1157,562.1158
69.031,1,0,heuristic,26.9715,114.1504,0.1088,1.6875,0.8309,1.8809,-1.5450,0.8040,4.0000,1.4735,0.9696,22.0138,0.6952,3.0000,0.0000,0.0000,0,21.5296,123.5112,635.5763,379.5438,256.0326,30.5147,40.5195,113.5064,706.6105
69.081,1,0,heuristic,27.0612,114.1834,0.1137,1.6948,0.7916,1.8705,1.8830,0.8099,4.0000,1.4183,0.9696,21.9324,0.6961,3.0000,0.0000,0.0000,0,21.5296,92.8744,745.5763,419.2254,326.3510,30.6643,0.5195,123.0193,776.7601
69.131,1,0,heuristic,27.1461,114.2131,0.1195,1.7099,0.7571,1.8700,-1.5043,0.8158,4.0000,1.3650,0.9696,21.8566,0.6962,3.0000,0.0000,0.0000,0,21.5296,92.8744,745.5763,419.2254,326.3510,30.6725,40.5195,83.0275,816.7684
69.182,1,0,heuristic,27.1461,114.2131,0.1267,1.7099,0.7571,1.8700,1.9265,0.8158,4.0000,1.3650,0.9696,21.8566,0.6891,3.0000,0.0000,0.0000,0,21.5296,202.8744,751.0974,476.9859,274.1115,30.6725,0.5195,233.0275,782.2894
69.231,1,0,heuristic,27.2377,114.2428,0.1346,1.7202,0.7199,1.8648,-1.4495,0.8221,4.0000,1.3063,0.9696,21.7768,0.6876,3.0000,0.0000,0.0000,0,21.5296,21.8944,531.0974,276.4959,254.6015,30.7472,40.5195,12.1221,602.3641
69.281,1,0,heuristic,27.3256,114.2691,0.1406,1.7421,0.6852,1.8720,-1.4385,0.8287,4.0000,1.2487,0.9696,21.7022,0.6882,3.0000,0.0000,0.0000,0,21.5296,131.8944,516.2755,324.0849,192.1906,30.6425,53.3680,109.1689,600.2860
69.331,1,0,heuristic,27.4194,114.2951,0.1521,1.7546,0.6482,1.8705,1.9918,0.8357,4.0000,1.1860,0.9696,21.6243,0.6836,3.0000,0.0000,0.0000,0,21.5296,241.8940,406.2755,324.0847,82.1908,30.6647,13.3680,259.1907,450.3082
69.381,1,0,heuristic,27.5076,114.3184,0.1646,1.7713,0.6158,1.8753,2.0035,0.8424,4.0000,1.1265,0.9696,21.5521,0.6779,3.0000,0.0000,0.0000,0,21.5296,161.6950,516.2755,338.9852,177.2903,30.5962,-5.0693,197.3604,541.8024
69.431,1,0,heuristic,27.5076,114.3184,0.1738,1.7713,0.6158,1.8753,1.9950,0.8424,4.0000,1.1265,0.9696,21.5521,0.6686,3.0000,0.0000,0.0000,0,21.5296,271.6950,626.2755,448.9852,177.2903,30.5962,-5.2880,307.5792,651.5837
69.481,1,0,heuristic,27.6011,114.3425,0.1874,1.7766,0.5855,1.8706,1.9968,0.8494,4.0000,1.0630,0.9696,21.4761,0.6620,3.0000,0.0000,0.0000,0,21.5296,175.4111,736.2755,455.8433,280.4322,30.6631,-5.6865,211.7607,761.2521
69.531,1,0,heuristic,27.6895,114.3651,0.1933,1.7896,0.5626,1.8759,-1.4333,0.8563,4.0000,1.0029,0.9696,21.4047,0.6630,3.0000,0.0000,0.0000,0,21.5296,285.4111,755.9385,520.6748,235.2637,30.5866,34.3135,281.6842,820.8385
69.581,1,0,heuristic,27.7847,114.3891,0.2074,1.7977,0.5423,1.8777,-1.4103,0.8636,4.0000,0.9380,0.9696,21.3282,0.6562,3.0000,0.0000,0.0000,0,21.5296,285.4111,755.9385,520.6748,235.2637,30.5605,51.1002,264.8713,837.5991
69.632,1,0,heuristic,27.8764,114.4118,0.2237,1.8203,0.5282,1.8954,-1.4000,0.8709,4.0000,0.8752,0.9696,21.2550,0.6472,3.0000,0.0000,0.0000,0,21.5296,347.1203,535.9385,441.5294,94.4091,30.3065,50.4650,326.9618,616.7099
69.681,1,0,heuristic,27.8764,114.4118,0.2301,1.8203,0.5282,1.8954,2.0642,0.8709,4.0000,0.8752,0.9696,21.2550,0.6409,3.0000,0.0000,0.0000,0,21.5296,237.1203,599.2717,418.1960,181.0757,30.3065,10.4650,256.9618,640.0431
69.731,1,0,heuristic,27.9760,114.4359,0.2496,1.8392,0.5154,1.9100,-1.4027,0.8788,4.0000,0.8067,0.9696,21.1762,0.6292,3.0000,0.0000,0.0000,0,21.5296,237.1203,599.2717,418.1960,181.0757,30.0957,49.6814,217.5347,679.0488
69.781,1,0,heuristic,28.0712,114.4588,0.2562,1.8683,0.5075,1.9360,2.0353,0.8865,4.0000,0.7411,0.9696,21.1011,0.6303,3.0000,0.0000,0.0000,0,21.5296,17.1203,771.0382,394.0793,376.9590,29.7213,9.6814,37.1602,810.4409
69.832,1,0,heuristic,28.1737,114.4828,0.2738,1.8888,0.4984,1.9535,2.0558,0.8947,4.0000,0.6702,0.9696,21.0209,0.6209,3.0000,0.0000,0.0000,0,21.5296,17.1203,771.0382,394.0793,376.9590,29.4697,-9.0041,55.5941,791.5039
69.881,1,0,heuristic,28.2716,114.5047,0.2900,1.9188,0.4902,1.9804,2.0675,0.9026,4.0000,0.6019,0.9696,20.9455,0.6125,3.0000,0.0000,0.0000,0,21.5296,-92.8797,832.7309,369.9256,462.8053,29.0817,-9.6575,-54.1405,852.1550
69.931,1,0,heuristic,28.2716,114.5047,0.2971,1.9188,0.4902,1.9804,-1.3295,0.9026,4.0000,0.6019,0.9696,20.9455,0.6055,3.0000,0.0000,0.0000,0,21.5296,-89.2283,612.7309,261.7513,350.9796,29.0817,30.3425,-90.4891,672.1550
69.981,1,0,heuristic,28.3767,114.5269,0.3147,1.9393,0.4774,1.9972,-1.3142,0.9110,4.0000,0.5278,0.9696,20.8657,0.5962,3.0000,0.0000,0.0000,0,21.5296,-199.2283,502.7309,151.7513,350.9796,28.8402,46.3774,-216.7656,577.9484
70.031,1,0,heuristic,28.4763,114.5468,0.3273,1.9666,0.4648,2.0207,-1.2940,0.9190,4.0000,0.4569,0.9696,20.7913,0.5917,3.0000,0.0000,0.0000,0,21.5296,-89.2283,392.8092,151.7904,241.0187,28.5012,45.7233,-106.4504,467.0337
70.081,1,0,heuristic,28.5808,114.5668,0.3469,1.9751,0.4488,2.0254,-1.2900,0.9273,4.0000,0.3820,0.9696,20.7142,0.5804,3.0000,0.0000,0.0000,0,21.5296,20.7717,373.9088,197.3403,176.5686,28.4340,45.0683,4.1374,447.4111
70.131,1,0,heuristic,28.6772,114.5849,0.3658,1.9818,0.4345,2.0289,2.1730,0.9350,4.0000,0.3128,0.9696,20.6436,0.5692,3.0000,0.0000,0.0000,0,21.5296,-21.0229,483.9088,231.4430,252.4658,28.3845,5.0683,2.2934,517.3616
70.181,1,0,heuristic,28.6772,114.5849,0.3779,1.9818,0.4345,2.0289,2.1740,0.9350,4.0000,0.3128,0.9696,20.6436,0.5571,3.0000,0.0000,0.0000,0,21.5296,-131.0229,593.9088,231.4430,362.4658,28.3845,-14.1741,-88.4642,608.1192
70.232,1,0,heuristic,28.7772,114.6039,0.4046,1.9702,0.4207,2.0146,-1.2895,0.9428,4.0000,0.2410,0.9696,20.5704,0.5383,3.0000,0.0000,0.0000,0,21.5296,-21.0229,555.2603,267.1187,288.1416,28.5893,25.8259,-18.2595,609.6754
70.281,1,0,heuristic,28.8699,114.6214,0.4135,1.9621,0.4094,2.0043,2.1923,0.9502,4.0000,0.1745,0.9696,20.5029,0.5366,3.0000,0.0000,0.0000,0,21.5296,88.9771,665.2602,377.1187,288.1415,28.7374,-14.1741,131.8886,679.8235
70.331,1,0,heuristic,28.8699,114.6214,0.4318,1.9621,0.4094,2.0043,-1.2725,0.9502,4.0000,0.1745,0.9696,20.5029,0.5184,3.0000,0.0000,0.0000,0,21.5296,88.9771,665.2602,377.1187,288.1415,28.7374,25.8259,91.8886,719.8235
70.381,1,0,heuristic,29.0569,114.6562,0.4594,1.9299,0.3874,1.9684,2.2073,0.9651,4.0000,0.0399,0.9696,20.3677,0.5057,3.0000,0.0000,0.0000,0,21.5296,89.2858,445.2602,267.2730,177.9872,29.2548,-14.1741,132.7147,460.3408
70.431,1,0,heuristic,29.0569,114.6562,0.4743,1.9299,0.3874,1.9684,2.1945,0.9651,4.0000,0.0399,0.9696,20.3677,0.4908,3.0000,0.0000,0.0000,0,21.5296,-20.7142,335.2602,157.2730,177.9872,29.2548,-17.6454,26.1860,346.8696
70.481,1,0,heuristic,29.1525,114.6739,0.4911,1.9116,0.3779,1.9486,-1.2763,0.9728,4.0000,-0.0289,0.9696,20.2990,0.4817,3.0000,0.0000,0.0000,0,21.5296,89.2858,445.2602,267.2730,177.9872,29.5404,22.3546,96.4716,497.1552
70.531,1,0,heuristic,29.2415,114.6900,0.5059,1.8998,0.3695,1.9354,-1.3028,0.9800,4.0000,-0.0931,0.9696,20.2356,0.4741,3.0000,0.0000,0.0000,0,21.5296,-20.7142,335.2602,157.2730,177.9872,29.7297,40.1914,-31.1760,405.1813
70.581,1,0,heuristic,29.2415,114.6900,0.5241,1.8998,0.3695,1.9354,2.1680,0.9800,4.0000,-0.0931,0.9696,20.2356,0.4559,3.0000,0.0000,0.0000,0,21.5296,89.2858,251.6339,170.4599,81.1741,29.7297,0.1914,118.8240,281.5550
70.632,1,0,heuristic,29.4211,114.7214,0.5511,1.8630,0.3494,1.8954,-1.3220,0.9948,4.0000,-0.2235,0.9696,20.1091,0.4437,3.0000,0.0000,0.0000,0,21.5296,-20.7142,361.6339,170.4599,191.1741,30.3055,39.0682,-29.4769,431.0077
70.681,1,0,heuristic,29.4211,114.7214,0.5637,1.8630,0.3494,1.8954,-1.3210,0.9948,4.0000,-0.2235,0.9696,20.1091,0.4312,3.0000,0.0000,0.0000,0,21.5296,-130.7142,356.1956,112.7407,243.4549,30.3055,38.5618,-138.9704,425.0629
70.732,1,0,heuristic,29.5116,114.7372,0.5829,1.8383,0.3403,1.8695,2.1620,1.0024,4.0000,-0.2891,0.9696,20.0458,0.4194,3.0000,0.0000,0.0000,0,21.5296,-238.2319,246.2073,3.9877,242.2196,30.6788,-1.4382,-206.1149,275.4478
70.782,1,0,heuristic,29.5959,114.7520,0.5950,1.8219,0.3340,1.8522,2.1683,1.0094,4.0000,-0.3503,0.9696,19.9868,0.4144,3.0000,0.0000,0.0000,0,21.5296,-128.2319,356.2073,113.9877,242.2196,30.9281,-20.9608,-76.3430,366.1745
70.832,1,0,heuristic,29.5959,114.7520,0.6124,1.8219,0.3340,1.8522,-1.3208,1.0094,4.0000,-0.3503,0.9696,19.9868,0.3970,3.0000,0.0000,0.0000,0,21.5296,-18.2319,466.2073,223.9877,242.2196,30.9281,19.0392,-6.3430,516.1745
70.882,1,0,heuristic,29.6834,114.7673,0.6332,1.7942,0.3260,1.8236,-1.3253,1.0169,4.0000,-0.4138,0.9696,19.9259,0.3837,3.0000,0.0000,0.0000,0,21.5296,-128.2319,576.2073,223.9877,352.2196,31.3407,36.4051,-133.2963,643.9530
70.931,1,0,heuristic,29.7644,114.7818,0.6523,1.7729,0.3211,1.8017,2.1610,1.0238,4.0000,-0.4724,0.9696,19.8695,0.3715,3.0000,0.0000,0.0000,0,21.5296,-238.2319,521.0293,141.3987,379.6306,31.6552,-3.5949,-202.9817,549.0896
70.981,1,0,heuristic,29.8500,114.7978,0.6734,1.7475,0.3184,1.7763,2.1830,1.0311,4.0000,-0.5340,0.9696,19.8095,0.3577,3.0000,0.0000,0.0000,0,21.5296,-321.3178,501.7368,90.2095,411.5273,32.0210,-23.7790,-265.5177,509.9788
71.031,1,0,heuristic,29.9308,114.8132,0.6823,1.7347,0.3188,1.7638,-1.3028,1.0379,4.0000,-0.5919,0.9696,19.7528,0.3556,3.0000,0.0000,0.0000,0,21.5296,-211.3178,421.0103,104.8462,316.1640,32.2019,16.2210,-195.3369,469.4331
71.081,1,0,heuristic,30.0160,114.8290,0.7098,1.7153,0.3159,1.7441,2.2405,1.0452,4.0000,-0.6532,0.9696,19.6935,0.3354,3.0000,0.0000,0.0000,0,21.5296,-101.3178,311.0103,104.8462,206.1640,32.4848,-23.7790,-45.0540,319.7160
71.131,1,0,heuristic,30.0955,114.8433,0.7286,1.7034,0.3123,1.7318,-1.2675,1.0520,4.0000,-0.7106,0.9696,19.6388,0.3235,3.0000,0.0000,0.0000,0,21.5296,8.6822,421.0103,214.8462,206.1640,32.6616,16.2210,25.1228,469.8928
71.181,1,0,heuristic,30.0955,114.8433,0.7422,1.7034,0.3123,1.7318,-1.2785,1.0520,4.0000,-0.7106,0.9696,19.6388,0.3099,3.0000,0.0000,0.0000,0,21.5296,118.6822,531.0103,324.8462,206.1640,32.6616,32.1684,119.1754,595.8403
71.231,1,0,heuristic,30.1787,114.8582,0.7669,1.6830,0.3073,1.7108,-1.2913,1.0593,4.0000,-0.7708,0.9696,19.5817,0.2924,3.0000,0.0000,0.0000,0,21.5296,162.5384,641.0103,401.7744,239.2359,32.9639,31.5877,163.9146,705.5619
71.281,1,0,heuristic,30.2568,114.8730,0.7862,1.6718,0.3076,1.6999,2.2195,1.0660,4.0000,-0.8269,0.9696,19.5276,0.2798,3.0000,0.0000,0.0000,0,21.5296,139.3009,751.0062,445.1536,305.8526,33.1219,-8.4123,180.8352,775.7158
71.331,1,0,heuristic,30.3404,114.8906,0.8100,1.6591,0.3137,1.6885,-1.2840,1.0730,4.0000,-0.8859,0.9696,19.4685,0.2630,3.0000,0.0000,0.0000,0,21.5296,249.3009,641.0062,445.1536,195.8526,33.2860,30.1072,252.4798,704.3994
71.381,1,0,heuristic,30.4207,114.9097,0.8244,1.6615,0.3304,1.6940,2.2345,1.0793,4.0000,-0.9412,0.9696,19.4100,0.2550,3.0000,0.0000,0.0000,0,21.5296,154.6025,654.4848,404.5437,249.9412,33.2058,-9.8928,197.7011,677.7978
71.431,1,0,heuristic,30.4207,114.9097,0.8433,1.6615,0.3304,1.6940,-1.2885,1.0793,4.0000,-0.9412,0.9696,19.4100,0.2360,3.0000,0.0000,0.0000,0,21.5296,44.6025,749.2793,396.9409,352.3384,33.2058,29.0279,48.7804,811.5131
71.481,1,0,heuristic,30.5075,114.9332,0.8625,1.6632,0.3549,1.7007,2.2332,1.0859,4.0000,-0.9995,0.9696,19.3445,0.2234,3.0000,0.0000,0.0000,0,21.5296,68.2785,859.2793,463.7789,395.5004,33.1103,-10.9721,112.3609,881.4176
71.531,1,0,heuristic,30.5907,114.9585,0.8814,1.6774,0.3891,1.7219,-1.2893,1.0917,4.0000,-1.0539,0.9696,19.2796,0.2103,3.0000,0.0000,0.0000,0,21.5296,-35.8899,749.2793,356.6947,392.5846,32.8043,27.8361,-30.9216,809.9198
71.581,1,0,heuristic,30.6809,114.9887,0.9058,1.6887,0.4277,1.7420,2.2570,1.0979,4.0000,-1.1111,0.9696,19.2070,0.1921,3.0000,0.0000,0.0000,0,21.5296,-35.8899,749.2793,356.6947,392.5846,32.5146,-12.1639,8.7886,769.6300
71.631,1,0,heuristic,30.7679,115.0205,0.9204,1.7135,0.4742,1.7779,-1.2385,1.1032,4.0000,-1.1650,0.9696,19.1349,0.1828,3.0000,0.0000,0.0000,0,21.5296,-35.8899,529.2793,246.6947,282.5846,31.9978,25.7152,-29.6072,586.9924
71.681,1,0,heuristic,30.7679,115.0205,0.9406,1.7135,0.4742,1.7779,2.2593,1.1032,4.0000,-1.1650,0.9696,19.1349,0.1625,3.0000,0.0000,0.0000,0,21.5296,20.4456,419.2793,219.8624,199.4169,31.9978,-14.2848,66.7282,436.9924
71.731,1,0,heuristic,30.8618,115.0572,0.9662,1.7318,0.5209,1.8084,-1.2455,1.1089,4.0000,-1.2215,0.9696,19.0552,0.1426,3.0000,0.0000,0.0000,0,21.5296,-64.4008,448.2693,191.9343,256.3351,31.5587,24.1695,-57.0115,503.9975
71.781,1,0,heuristic,30.9509,115.0942,0.9871,1.7568,0.5706,1.8471,2.2730,1.1138,4.0000,-1.2741,0.9696,18.9780,0.1268,3.0000,0.0000,0.0000,0,21.5296,45.5992,338.2739,191.9365,146.3373,31.0018,-15.8305,92.4315,353.4451
71.831,1,0,heuristic,31.0452,115.1354,1.0076,1.7683,0.6149,1.8722,-1.2800,1.1193,4.0000,-1.3287,0.9696,18.8946,0.1116,3.0000,0.0000,0.0000,0,21.5296,-6.3308,448.2731,220.9712,227.3020,30.6404,23.3615,0.9482,502.2751
71.881,1,0,heuristic,31.1336,115.1756,1.0231,1.7828,0.6595,1.9009,2.2620,1.1241,4.0000,-1.3787,0.9696,18.8152,0.1010,3.0000,0.0000,0.0000,0,21.5296,-32.4170,486.7002,227.1416,259.5586,30.2277,-16.6385,14.4492,500.2894
71.931,1,0,heuristic,31.2264,115.2197,1.0534,1.7832,0.6972,1.9146,2.2648,1.1294,4.0000,-1.4304,0.9696,18.7305,0.0760,3.0000,0.0000,0.0000,0,21.5296,-32.4170,486.7002,227.1416,259.5586,30.0292,-37.7473,35.3595,478.9821
71.982,1,0,heuristic,31.2264,115.2197,1.0687,1.7832,0.6972,1.9146,2.2468,1.1294,4.0000,-1.4304,0.9696,18.7305,0.0607,3.0000,0.0000,0.0000,0,21.5296,77.5830,596.7002,337.1416,259.5586,30.0292,-38.0385,145.6506,588.6909
72.031,1,0,heuristic,31.3129,115.2623,1.0885,1.7871,0.7353,1.9324,-1.3053,1.1341,4.0000,-1.4776,0.9696,18.6503,0.0456,3.0000,0.0000,0.0000,0,21.5296,-28.2038,541.0643,256.4302,284.6341,29.7729,1.9615,-0.3925,572.7987
72.081,1,0,heuristic,31.4034,115.3086,1.1131,1.7775,0.7663,1.9357,-1.3210,1.1393,4.0000,-1.5260,0.9696,18.5652,0.0262,3.0000,0.0000,0.0000,0,21.5296,-28.2038,541.0643,256.4302,284.6341,29.7265,20.4002,-18.8775,591.1910
72.131,1,0,heuristic,31.4876,115.3535,1.1277,1.7729,0.8002,1.9452,-1.2935,1.1438,4.0000,-1.5700,0.9696,18.4845,0.0161,3.0000,0.0000,0.0000,0,21.5296,81.7962,597.5729,339.6846,257.8884,29.5897,19.4765,91.9094,646.6391
72.181,1,0,heuristic,31.5757,115.4018,1.1522,1.7573,0.8261,1.9418,-1.2937,1.1489,4.0000,-1.6154,0.9696,18.3990,-0.0033,3.0000,0.0000,0.0000,0,21.5296,301.7962,638.8859,470.3410,168.5449,29.6387,18.6542,312.7807,687.1788
72.231,1,0,heuristic,31.6575,115.4482,1.1716,1.7466,0.8542,1.9443,2.2790,1.1532,4.0000,-1.6565,0.9696,18.3185,-0.0184,3.0000,0.0000,0.0000,0,21.5296,393.9242,528.8859,461.4051,67.4808,29.6028,-21.3458,444.8728,537.1429
72.281,1,0,heuristic,31.7433,115.4998,1.1971,1.7272,0.8816,1.9392,2.2475,1.1579,4.0000,-1.6981,0.9696,18.2317,-0.0392,3.0000,0.0000,0.0000,0,21.5296,283.9242,418.8859,351.4051,67.4808,29.6757,-42.3614,355.9614,406.2001
72.331,1,0,heuristic,31.7433,115.4998,1.2146,1.7272,0.8816,1.9392,-1.3190,1.1579,4.0000,-1.6981,0.9696,18.2317,-0.0567,3.0000,0.0000,0.0000,0,21.5296,177.7012,348.4460,263.0736,85.3724,29.6757,-2.3614,209.7384,375.7603
72.381,1,0,heuristic,31.8233,115.5514,1.2352,1.7152,0.9205,1.9466,2.2222,1.1617,4.0000,-1.7349,0.9696,18.1477,-0.0735,3.0000,0.0000,0.0000,0,21.5296,67.7012,444.5805,256.1409,188.4396,29.5685,-42.3614,139.6311,431.7875
72.431,1,0,heuristic,31.9070,115.6090,1.2568,1.6941,0.9578,1.9461,2.2077,1.1656,4.0000,-1.7714,0.9696,18.0568,-0.0911,3.0000,0.0000,0.0000,0,21.5296,4.2546,339.0936,171.6741,167.4195,29.5762,-43.8263,77.6571,324.8435
72.481,1,0,heuristic,31.9848,115.6649,1.2739,1.6794,0.9992,1.9542,-1.4070,1.1688,4.0000,-1.8039,0.9696,17.9704,-0.1051,3.0000,0.0000,0.0000,0,21.5296,114.2546,449.0936,281.6741,167.4195,29.4602,-3.8263,147.5411,474.7275
72.531,1,0,heuristic,32.0662,115.7256,1.2909,1.6565,1.0327,1.9520,2.1770,1.1724,4.0000,-1.8367,0.9696,17.8782,-0.1185,3.0000,0.0000,0.0000,0,21.5296,204.5010,339.0936,271.7973,67.2963,29.4912,-43.8263,277.8186,324.7585
72.581,1,0,heuristic,32.1418,115.7842,1.3072,1.6405,1.0705,1.9589,-1.4153,1.1754,4.0000,-1.8659,0.9696,17.7905,-0.1318,3.0000,0.0000,0.0000,0,21.5296,153.3283,229.0936,191.2109,37.8827,29.3922,-3.8263,186.5468,254.6595
72.631,1,0,heuristic,32.1418,115.7842,1.3234,1.6405,1.0705,1.9589,2.1465,1.1754,4.0000,-1.8659,0.9696,17.7905,-0.1480,3.0000,0.0000,0.0000,0,21.5296,43.3283,203.0914,123.2098,79.8815,29.3922,-43.8263,116.5468,188.6572
72.682,1,0,heuristic,32.2208,115.8487,1.3388,1.6159,1.1043,1.9572,-1.4432,1.1785,4.0000,-1.8945,0.9696,17.6963,-0.1603,3.0000,0.0000,0.0000,0,21.5296,43.3283,203.0914,123.2098,79.8815,29.4160,-3.8263,76.5706,228.6810
72.731,1,0,heuristic,32.2933,115.9108,1.3576,1.5952,1.1422,1.9620,2.1120,1.1810,4.0000,-1.9192,0.9696,17.6073,-0.1767,3.0000,0.0000,0.0000,0,21.5296,43.3289,111.7157,77.5223,34.1934,29.3477,-43.8263,116.5029,97.2371
72.781,1,0,heuristic,32.3680,115.9771,1.3718,1.5633,1.1690,1.9521,-1.4890,1.1839,4.0000,-1.9433,0.9696,17.5135,-0.1879,3.0000,0.0000,0.0000,0,21.5296,153.3289,1.7157,77.5223,-75.8066,29.4899,-3.8263,186.6451,27.3792
72.831,1,0,heuristic,32.4362,116.0395,1.3890,1.5346,1.1952,1.9451,-1.4958,1.1864,4.0000,-1.9642,0.9696,17.4264,-0.2026,3.0000,0.0000,0.0000,0,21.5296,263.3289,-108.2843,77.5223,-185.8066,29.5910,13.7772,279.1427,-64.9161
72.882,1,0,heuristic,32.5057,116.1048,1.3987,1.4950,1.2071,1.9215,-1.5140,1.1894,4.0000,-1.9846,0.9696,17.3362,-0.2093,3.0000,0.0000,0.0000,0,21.5296,354.5746,1.7157,178.1452,-176.4295,29.9304,13.7957,370.7093,45.4418
72.931,1,0,heuristic,32.5685,116.1650,1.4111,1.4580,1.2168,1.8990,2.0345,1.1921,4.0000,-2.0024,0.9696,17.2536,-0.2190,3.0000,0.0000,0.0000,0,21.5296,244.5746,111.7157,178.1452,-66.4295,30.2545,-26.2043,301.0334,115.7659
72.982,1,0,heuristic,32.5685,116.1650,1.4195,1.4580,1.2168,1.8990,-1.5728,1.1921,4.0000,-2.0024,0.9696,17.2536,-0.2274,3.0000,0.0000,0.0000,0,21.5296,282.1562,221.7157,251.9359,-30.2203,30.2545,13.7957,298.6149,265.7659
73.031,1,0,heuristic,32.6321,116.2281,1.4302,1.4107,1.2158,1.8623,1.9940,1.1953,4.0000,-2.0191,0.9696,17.1683,-0.2350,3.0000,0.0000,0.0000,0,21.5296,282.1562,221.7157,251.9359,-30.2203,30.7829,-26.2043,339.1433,226.2943
73.081,1,0,heuristic,32.6898,116.2871,1.4398,1.3692,1.2188,1.8330,-1.6050,1.1979,4.0000,-2.0333,0.9696,17.0891,-0.2419,3.0000,0.0000,0.0000,0,21.5296,174.6386,331.7157,253.1771,78.5386,31.2043,13.7957,192.0471,376.7157
73.131,1,0,heuristic,32.6898,116.2871,1.4443,1.3692,1.2188,1.8330,1.9905,1.1979,4.0000,-2.0333,0.9696,17.0891,-0.2465,3.0000,0.0000,0.0000,0,21.5296,174.5306,535.0437,354.7872,180.2565,31.2043,-26.2043,231.9392,540.0438
73.181,1,0,heuristic,32.7493,116.3499,1.4561,1.3243,1.2164,1.7982,1.9825,1.2007,4.0000,-2.0469,0.9696,17.0059,-0.2554,3.0000,0.0000,0.0000,0,21.5296,174.5306,535.0437,354.7872,180.2565,31.7066,-46.8266,253.0639,519.9237
73.231,1,0,heuristic,32.8045,116.4095,1.4614,1.2891,1.2213,1.7758,2.0042,1.2028,4.0000,-2.0586,0.9696,16.9276,-0.2586,3.0000,0.0000,0.0000,0,21.5296,207.7694,755.0437,481.4066,273.6371,32.0286,-47.3299,287.1280,739.7424
73.281,1,0,heuristic,32.8045,116.4095,1.4699,1.2891,1.2213,1.7758,-1.5962,1.2028,4.0000,-2.0586,0.9696,16.9276,-0.2670,3.0000,0.0000,0.0000,0,21.5296,317.7694,855.6745,586.7220,268.9526,32.0286,-7.3299,357.1280,880.3732
73.332,1,0,heuristic,32.8622,116.4743,1.4796,1.2535,1.2266,1.7538,-1.5840,1.2049,4.0000,-2.0696,0.9696,16.8434,-0.2747,3.0000,0.0000,0.0000,0,21.5296,409.0157,745.6745,577.3451,168.3294,32.3457,12.3113,429.0501,790.3316
73.381,1,0,heuristic,32.9163,116.5386,1.4850,1.2282,1.2490,1.7517,2.0535,1.2059,4.0000,-2.0778,0.9696,16.7615,-0.2791,3.0000,0.0000,0.0000,0,21.5296,435.7824,717.4598,576.6211,140.8387,32.3761,-27.6887,495.8471,722.1473
73.431,1,0,heuristic,32.9734,116.6119,1.4963,1.2019,1.2812,1.7567,2.0570,1.2063,4.0000,-2.0834,0.9696,16.6702,-0.2900,3.0000,0.0000,0.0000,0,21.5296,545.7824,607.4598,576.6211,30.8387,32.3031,-49.4728,627.5583,590.2901
73.481,1,0,heuristic,33.0265,116.6864,1.5060,1.1828,1.3353,1.7838,-1.5575,1.2054,4.0000,-2.0851,0.9696,16.5797,-0.3006,3.0000,0.0000,0.0000,0,21.5296,545.7824,607.4598,576.6211,30.8387,31.9130,-9.4728,587.1682,629.9000
73.531,1,0,heuristic,33.0265,116.6864,1.5132,1.1828,1.3353,1.7838,-1.5813,1.2054,4.0000,-2.0851,0.9696,16.5797,-0.3078,3.0000,0.0000,0.0000,0,21.5296,370.8665,387.4623,379.1644,8.2979,31.9130,10.9536,391.8259,430.3289
73.582,1,0,heuristic,33.0815,116.7716,1.5254,1.1580,1.3960,1.8138,-1.5998,1.2039,4.0000,-2.0823,0.9696,16.4787,-0.3214,3.0000,0.0000,0.0000,0,21.5296,260.8665,277.4623,269.1644,8.2979,31.4817,10.7363,281.6119,319.6803
73.631,1,0,heuristic,33.1321,116.8571,1.5300,1.1370,1.4732,1.8609,-1.5922,1.2014,4.0000,-2.0756,0.9696,16.3795,-0.3286,3.0000,0.0000,0.0000,0,21.5296,260.6372,376.1308,318.3840,57.7468,30.8026,10.3386,281.1013,417.2721
73.681,1,0,heuristic,33.1321,116.8571,1.5395,1.1370,1.4732,1.8609,2.0293,1.2014,4.0000,-2.0756,0.9696,16.3795,-0.3381,3.0000,0.0000,0.0000,0,21.5296,150.6462,266.1308,208.3885,57.7423,30.8026,-29.6614,211.1102,267.2721
73.731,1,0,heuristic,33.2318,117.0420,1.5530,1.0866,1.6107,1.9429,2.0242,1.1959,4.0000,-2.0532,0.9696,16.1695,-0.3570,3.0000,0.0000,0.0000,0,21.5296,260.6462,310.5292,285.5877,24.9415,29.6221,-51.4979,341.7662,288.6534
73.782,1,0,heuristic,33.2318,117.0420,1.5575,1.0866,1.6107,1.9429,2.0192,1.1959,4.0000,-2.0532,0.9696,16.1695,-0.3616,3.0000,0.0000,0.0000,0,21.5296,370.6462,378.4067,374.5265,3.8803,29.6221,-51.5913,451.8596,356.4375
73.831,1,0,heuristic,33.2809,117.1399,1.5682,1.0582,1.6651,1.9729,-1.6130,1.1933,4.0000,-2.0384,0.9696,16.0600,-0.3749,3.0000,0.0000,0.0000,0,21.5296,370.6462,378.4067,374.5265,3.8803,29.1907,-11.5913,411.4282,396.0061
73.881,1,0,heuristic,33.3257,117.2335,1.5745,1.0330,1.7221,2.0081,2.0000,1.1903,4.0000,-2.0223,0.9696,15.9563,-0.3842,3.0000,0.0000,0.0000,0,21.5296,260.6462,268.4067,264.5265,3.8803,28.6832,-51.5913,340.9207,245.4986
73.931,1,0,heuristic,33.3257,117.2335,1.5813,1.0330,1.7221,2.0081,1.9880,1.1903,4.0000,-2.0223,0.9696,15.9563,-0.3910,3.0000,0.0000,0.0000,0,21.5296,150.6472,158.4067,154.5269,3.8798,28.6832,-52.1741,231.5044,134.9158
73.982,1,0,heuristic,33.3714,117.3340,1.5898,1.0023,1.7641,2.0290,1.9808,1.1875,4.0000,-2.0032,0.9696,15.8460,-0.4023,3.0000,0.0000,0.0000,0,21.5296,151.3623,129.3913,140.3768,-10.9855,28.3824,-52.4670,232.2117,105.3067
74.031,1,0,heuristic,33.4129,117.4281,1.5960,0.9749,1.8032,2.0499,1.9725,1.1848,4.0000,-1.9842,0.9696,15.7434,-0.4112,3.0000,0.0000,0.0000,0,21.5296,261.3623,223.4359,242.3991,-18.9632,28.0818,-52.6501,342.0942,198.8676
74.081,1,0,heuristic,33.4552,117.5251,1.6034,0.9425,1.8160,2.0460,1.9532,1.1828,4.0000,-1.9642,0.9696,15.6377,-0.4205,3.0000,0.0000,0.0000,0,21.5296,371.3623,113.4359,242.3991,-128.9632,28.1379,-52.6637,452.1639,88.9101
74.131,1,0,heuristic,33.4934,117.6140,1.6092,0.9132,1.8230,2.0390,-1.7103,1.1811,4.0000,-1.9454,0.9696,15.5412,-0.4281,3.0000,0.0000,0.0000,0,21.5296,371.3623,113.4359,242.3991,-128.9632,28.2386,-12.6637,412.2646,129.0109
74.181,1,0,heuristic,33.4934,117.6140,1.6148,0.9132,1.8230,2.0390,1.9055,1.1811,4.0000,-1.9454,0.9696,15.5412,-0.4337,3.0000,0.0000,0.0000,0,21.5296,481.3623,3.4359,242.3991,-238.9632,28.2386,-52.3507,561.9516,-20.6761
74.231,1,0,heuristic,33.5320,117.7057,1.6194,0.8788,1.8111,2.0131,-1.7385,1.1799,4.0000,-1.9253,0.9696,15.4420,-0.4396,3.0000,0.0000,0.0000,0,21.5296,701.3623,-216.5641,242.3991,-458.9632,28.6116,-12.3507,742.3247,-200.3031
74.281,1,0,heuristic,33.5665,117.7898,1.6235,0.8471,1.7993,1.9887,1.8480,1.1787,4.0000,-1.9063,0.9696,15.3515,-0.4448,3.0000,0.0000,0.0000,0,21.5296,796.4750,-326.5641,234.9554,-561.5195,28.9624,-51.7649,877.2023,-349.3665
74.331,1,0,heuristic,33.6008,117.8766,1.6261,0.8096,1.7734,1.9494,-1.8490,1.1778,4.0000,-1.8854,0.9696,15.2586,-0.4483,3.0000,0.0000,0.0000,0,21.5296,686.4750,-232.0843,227.1953,-459.2796,29.5286,-11.7649,727.7684,-214.3206
74.381,1,0,heuristic,33.6302,117.9566,1.6272,0.7699,1.7518,1.9135,1.7448,1.1767,4.0000,-1.8644,0.9696,15.1741,-0.4505,3.0000,0.0000,0.0000,0,21.5296,593.5437,-122.0843,235.7297,-357.8140,30.0460,-50.1929,673.7826,-142.2313
74.432,1,0,heuristic,33.6302,117.9566,1.6261,0.7699,1.7518,1.9135,-1.9745,1.1767,4.0000,-1.8644,0.9696,15.1741,-0.4493,3.0000,0.0000,0.0000,0,21.5296,678.5609,-220.4439,229.0585,-449.5024,30.0460,-10.1929,718.7997,-200.5909
74.481,1,0,heuristic,33.6580,118.0398,1.6222,0.7230,1.7214,1.8671,1.6293,1.1757,4.0000,-1.8403,0.9696,15.0874,-0.4465,3.0000,0.0000,0.0000,0,21.5296,641.2253,-330.4439,155.3907,-485.8346,30.7136,-48.0648,720.0037,-347.7951
74.531,1,0,heuristic,33.6817,118.1174,1.6184,0.6773,1.7006,1.8305,-2.0703,1.1743,4.0000,-1.8160,0.9696,15.0076,-0.4441,3.0000,0.0000,0.0000,0,21.5296,736.1496,-384.8139,175.6678,-560.4818,31.2408,-8.0648,775.4552,-361.6380
74.582,1,0,heuristic,33.7042,118.1992,1.6100,0.6281,1.6751,1.7890,1.5493,1.1727,4.0000,-1.7882,0.9696,14.9247,-0.4374,3.0000,0.0000,0.0000,0,21.5296,803.2569,-274.8139,264.2215,-539.0354,31.8390,-46.2905,881.3865,-289.2654
74.632,1,0,heuristic,33.7228,118.2758,1.6035,0.5800,1.6593,1.7577,-2.1655,1.1706,4.0000,-1.7602,0.9696,14.8482,-0.4329,3.0000,0.0000,0.0000,0,21.5296,693.2569,-164.8139,264.2215,-429.0354,32.2891,-6.2905,731.8365,-138.8154
74.681,1,0,heuristic,33.7397,118.3577,1.5904,0.5291,1.6424,1.7255,1.4518,1.1681,4.0000,-1.7278,0.9696,14.7678,-0.4223,3.0000,0.0000,0.0000,0,21.5296,583.2569,-54.8139,264.2215,-319.0354,32.7524,-43.9790,659.9883,-66.0406
74.731,1,0,heuristic,33.7536,118.4362,1.5745,0.4812,1.6410,1.7101,1.4193,1.1649,4.0000,-1.6949,0.9696,14.6919,-0.4096,3.0000,0.0000,0.0000,0,21.5296,560.3657,-33.2703,263.5477,-296.8180,32.9740,-42.8890,636.2287,-43.1852
74.781,1,0,heuristic,33.7536,118.4362,1.5641,0.4812,1.6410,1.7101,1.4320,1.1649,4.0000,-1.6949,0.9696,14.6919,-0.3991,3.0000,0.0000,0.0000,0,21.5296,670.3657,23.0518,346.7087,-323.6570,32.9740,-42.6941,746.0339,13.3317
74.831,1,0,heuristic,33.7667,118.5210,1.5451,0.4351,1.6392,1.6959,1.4070,1.1612,4.0000,-1.6577,0.9696,14.6108,-0.3839,3.0000,0.0000,0.0000,0,21.5296,778.5502,133.0518,455.8010,-322.7492,33.1785,-41.6249,853.3535,124.6054
74.881,1,0,heuristic,33.7777,118.6024,1.5332,0.3941,1.6505,1.6969,1.4245,1.1570,4.0000,-1.6207,0.9696,14.5337,-0.3762,3.0000,0.0000,0.0000,0,21.5296,887.2676,243.0518,565.1597,-322.1079,33.1642,-41.5625,961.9943,234.6535
74.931,1,0,heuristic,33.7883,118.6915,1.5123,0.3559,1.6630,1.7007,1.4038,1.1522,4.0000,-1.5790,0.9696,14.4502,-0.3601,3.0000,0.0000,0.0000,0,21.5296,976.8626,353.0518,664.9572,-311.9054,33.1105,-40.5242,1000.0000,345.6380
74.981,1,0,heuristic,33.7976,118.7791,1.4951,0.3238,1.6951,1.7258,-2.3218,1.1467,4.0000,-1.5373,0.9696,14.3686,-0.3484,3.0000,0.0000,0.0000,0,21.5296,985.3108,451.4132,718.3620,-266.9488,32.7489,-0.5242,1000.0000,483.6378
75.031,1,0,heuristic,33.7976,118.7791,1.4771,0.3238,1.6951,1.7258,1.3502,1.1467,4.0000,-1.5373,0.9696,14.3686,-0.3304,3.0000,0.0000,0.0000,0,21.5296,985.3108,451.4132,718.3620,-266.9488,32.7489,-38.4007,1000.0000,445.7613
75.081,1,0,heuristic,33.8075,118.8767,1.4552,0.2970,1.7317,1.7570,1.3608,1.1404,4.0000,-1.4902,0.9696,14.2780,-0.3147,3.0000,0.0000,0.0000,0,21.5296,998.9215,231.4132,615.1674,-383.7542,32.2998,-37.8920,1000.0000,225.8210
75.131,1,0,heuristic,33.8172,118.9736,1.4404,0.2781,1.7892,1.8107,1.3758,1.1337,4.0000,-1.4433,0.9696,14.1882,-0.3067,3.0000,0.0000,0.0000,0,21.5296,979.2857,121.4132,550.3494,-428.9362,31.5264,-37.7577,1000.0000,115.1818
75.182,1,0,heuristic,33.8279,119.0810,1.4179,0.2635,1.8445,1.8632,1.3578,1.1265,4.0000,-1.3914,0.9696,14.0889,-0.2915,3.0000,0.0000,0.0000,0,21.5296,979.2857,121.4132,550.3494,-428.9362,30.7699,-36.7772,1000.0000,115.4059
75.231,1,0,heuristic,33.8378,119.1853,1.4027,0.2521,1.9098,1.9264,1.3370,1.1192,4.0000,-1.3406,0.9696,13.9928,-0.2835,3.0000,0.0000,0.0000,0,21.5296,988.9095,181.6996,585.3045,-403.6050,29.8602,-36.0338,1000.0000,175.5260
75.281,1,0,heuristic,33.8378,119.1853,1.3833,0.2521,1.9098,1.9264,-2.3687,1.1192,4.0000,-1.3406,0.9696,13.9928,-0.2641,3.0000,0.0000,0.0000,0,21.5296,968.5848,123.5349,546.0598,-422.5250,29.8602,3.9662,994.4787,157.3613
75.331,1,0,heuristic,33.8572,119.4077,1.3572,0.2311,2.0256,2.0387,-2.3955,1.1046,4.0000,-1.2308,0.9696,13.7891,-0.2526,3.0000,0.0000,0.0000,0,21.5296,968.5848,123.5349,546.0598,-422.5250,28.2422,28.0627,968.7642,179.8398
75.381,1,0,heuristic,33.8572,119.4077,1.3322,0.2311,2.0256,2.0387,-2.4055,1.1046,4.0000,-1.2308,0.9696,13.7891,-0.2276,3.0000,0.0000,0.0000,0,21.5296,859.9678,13.5349,436.7513,-423.2164,28.2422,29.2048,859.0051,70.9819
75.431,1,0,heuristic,33.8669,119.5261,1.3111,0.2224,2.0762,2.0881,1.2953,1.0972,4.0000,-1.1718,0.9696,13.6811,-0.2139,3.0000,0.0000,0.0000,0,21.5296,828.3251,170.5350,499.4301,-328.8950,27.5319,-10.7952,866.6522,187.2718
75.481,1,0,heuristic,33.8762,119.6398,1.2893,0.2164,2.1347,2.1456,-2.4305,1.0899,4.0000,-1.1151,0.9696,13.5778,-0.1994,3.0000,0.0000,0.0000,0,21.5296,826.6051,233.7485,530.1768,-296.4283,26.7030,29.2048,824.1033,289.6563
75.531,1,0,heuristic,33.8861,119.7618,1.2675,0.2115,2.1767,2.1869,1.2833,1.0827,4.0000,-1.0544,0.9696,13.4670,-0.1848,3.0000,0.0000,0.0000,0,21.5296,716.6051,343.7485,530.1768,-186.4283,26.1085,-10.7952,753.5088,359.0618
75.581,1,0,heuristic,33.8962,119.8778,1.2453,0.2110,2.2250,2.2350,-2.4198,1.0758,4.0000,-0.9970,0.9696,13.3616,-0.1696,3.0000,0.0000,0.0000,0,21.5296,606.6051,453.7485,530.1768,-76.4283,25.4162,29.2048,602.8166,508.3696
75.631,1,0,heuristic,33.8962,119.8778,1.2235,0.2110,2.2250,2.2350,1.3162,1.0758,4.0000,-0.9970,0.9696,13.3616,-0.1477,3.0000,0.0000,0.0000,0,21.5296,496.6051,563.7485,530.1768,33.5717,25.4162,-10.7952,532.8166,578.3696
75.681,1,0,heuristic,33.9209,120.1197,1.1912,0.2250,2.2962,2.3072,1.3540,1.0624,4.0000,-0.8805,0.9696,13.1405,-0.1288,3.0000,0.0000,0.0000,0,21.5296,386.6051,673.7485,530.1768,143.5717,24.3765,-29.4824,440.4640,668.6427
75.731,1,0,heuristic,33.9209,120.1197,1.1757,0.2250,2.2962,2.3072,1.3967,1.0624,4.0000,-0.8805,0.9696,13.1405,-0.1134,3.0000,0.0000,0.0000,0,21.5296,276.6055,644.8317,460.7186,184.1131,24.3765,-29.5992,330.5813,639.6090
75.781,1,0,heuristic,33.9366,120.2445,1.1560,0.2404,2.3170,2.3294,-2.2978,1.0560,4.0000,-0.8229,0.9696,13.0251,-0.0999,3.0000,0.0000,0.0000,0,21.5296,386.1337,534.8317,460.4827,74.3490,24.0565,10.4008,399.7894,569.2889
75.831,1,0,heuristic,33.9534,120.3616,1.1377,0.2623,2.3416,2.3562,1.4868,1.0502,4.0000,-0.7705,0.9696,12.9160,-0.0875,3.0000,0.0000,0.0000,0,21.5296,427.3384,424.8317,426.0851,-1.2534,23.6704,-29.5992,480.6081,418.9028
75.881,1,0,heuristic,33.9729,120.4846,1.1168,0.2851,2.3466,2.3638,1.5345,1.0445,4.0000,-0.7170,0.9696,12.8006,-0.0722,3.0000,0.0000,0.0000,0,21.5296,396.3126,322.1542,359.2334,-37.0792,23.5609,-30.0037,449.8772,315.7114
75.931,1,0,heuristic,33.9924,120.5995,1.1015,0.3091,2.3557,2.3759,-2.2027,1.0393,4.0000,-0.6681,0.9696,12.6924,-0.0622,3.0000,0.0000,0.0000,0,21.5296,506.3126,431.0630,468.6878,-37.6248,23.3870,9.9963,519.7033,464.4463
75.981,1,0,heuristic,33.9924,120.5995,1.0871,0.3091,2.3557,2.3759,1.5480,1.0393,4.0000,-0.6681,0.9696,12.6924,-0.0478,3.0000,0.0000,0.0000,0,21.5296,616.3126,401.5058,508.9092,-107.4034,23.3870,-29.1845,668.8841,395.7084
76.031,1,0,heuristic,34.0135,120.7197,1.0736,0.3283,2.3471,2.3700,-2.1735,1.0341,4.0000,-0.6175,0.9696,12.5789,-0.0395,3.0000,0.0000,0.0000,0,21.5296,726.3126,506.3658,616.3392,-109.9734,23.4721,10.8155,738.9692,540.6534
76.081,1,0,heuristic,34.0340,120.8323,1.0606,0.3481,2.3469,2.3726,1.5780,1.0292,4.0000,-0.5707,0.9696,12.4723,-0.0314,3.0000,0.0000,0.0000,0,21.5296,836.3126,616.3658,726.3392,-109.9734,23.4348,-28.8620,888.6095,610.9386
76.131,1,0,heuristic,34.0568,120.9520,1.0459,0.3663,2.3379,2.3664,1.5808,1.0241,4.0000,-0.5218,0.9696,12.3587,-0.0218,3.0000,0.0000,0.0000,0,21.5296,836.3126,616.3658,726.3392,-109.9734,23.5241,-28.4386,888.2753,611.4512
76.181,1,0,heuristic,34.0800,121.0661,1.0358,0.3895,2.3456,2.3778,1.5720,1.0193,4.0000,-0.4764,0.9696,12.2497,-0.0165,3.0000,0.0000,0.0000,0,21.5296,823.5861,588.3452,705.9656,-117.6204,23.3604,-27.9973,874.9438,583.7083
76.231,1,0,heuristic,34.0800,121.0661,1.0239,0.3895,2.3456,2.3778,-2.1673,1.0193,4.0000,-0.4764,0.9696,12.2497,-0.0045,3.0000,0.0000,0.0000,0,21.5296,715.1999,480.0980,597.6490,-117.5509,23.3604,12.0027,726.5575,515.4611
76.281,1,0,heuristic,34.1346,121.3077,1.0060,0.4477,2.3735,2.4154,1.5890,1.0095,4.0000,-0.3848,0.9696,12.0164,0.0035,3.0000,0.0000,0.0000,0,21.5296,825.1922,385.9591,605.5757,-219.6165,22.8184,-27.3228,875.3335,381.4547
76.331,1,0,heuristic,34.1346,121.3077,0.9979,0.4477,2.3735,2.4154,1.5733,1.0095,4.0000,-0.3848,0.9696,12.0164,0.0116,3.0000,0.0000,0.0000,0,21.5296,821.9664,275.9591,548.9628,-273.0036,22.8184,-26.7445,871.5294,272.0330
76.381,1,0,heuristic,34.1661,121.4346,0.9822,0.4791,2.3868,2.4344,1.5713,1.0047,4.0000,-0.3389,0.9696,11.8927,0.0224,3.0000,0.0000,0.0000,0,21.5296,918.9617,286.2153,602.5885,-316.3732,22.5444,-26.1968,967.7029,282.5630
76.431,1,0,heuristic,34.1971,121.5553,0.9699,0.5126,2.4125,2.4664,-2.2170,1.0001,4.0000,-0.2962,0.9696,11.7745,0.0302,3.0000,0.0000,0.0000,0,21.5296,918.9617,286.2153,602.5885,-316.3732,22.0843,13.8032,927.2428,322.1029
76.481,1,0,heuristic,34.2313,121.6846,0.9573,0.5417,2.4273,2.4870,1.5323,0.9954,4.0000,-0.2513,0.9696,11.6475,0.0381,3.0000,0.0000,0.0000,0,21.5296,982.0299,66.3317,524.1808,-457.8491,21.7873,-24.7580,1000.0000,63.3610
76.531,1,0,heuristic,34.2649,121.8079,0.9404,0.5732,2.4554,2.5215,-2.2815,0.9909,4.0000,-0.2093,0.9696,11.5260,0.0505,3.0000,0.0000,0.0000,0,21.5296,926.7827,-43.6683,441.5572,-485.2255,21.2911,15.2420,932.8318,-7.1352
76.582,1,0,heuristic,34.3014,121.9398,0.9263,0.5991,2.4715,2.5431,1.4538,0.9863,4.0000,-0.1648,0.9696,11.3959,0.0600,3.0000,0.0000,0.0000,0,21.5296,816.7827,66.3317,441.5572,-375.2255,20.9800,-22.4108,860.1735,64.9010
76.631,1,0,heuristic,34.3014,121.9398,0.9110,0.5991,2.4715,2.5431,-2.3200,0.9863,4.0000,-0.1648,0.9696,11.3959,0.0753,3.0000,0.0000,0.0000,0,21.5296,706.7827,176.3317,441.5572,-265.2255,20.9800,17.5892,710.1735,214.9009
76.681,1,0,heuristic,34.3359,122.0642,0.8950,0.6230,2.4956,2.5722,1.4467,0.9820,4.0000,-0.1229,0.9696,11.2733,0.0870,3.0000,0.0000,0.0000,0,21.5296,596.7827,286.3317,441.5572,-155.2255,20.5608,-21.1570,638.5005,285.7354
76.731,1,0,heuristic,34.3724,122.1958,0.8823,0.6388,2.5029,2.5831,-2.3647,0.9775,4.0000,-0.0785,0.9696,11.1437,0.0952,3.0000,0.0000,0.0000,0,21.5296,550.5682,218.6604,384.6143,-165.9539,20.4032,18.8430,552.1284,257.9067
76.781,1,0,heuristic,34.4072,122.3190,0.8606,0.6560,2.5153,2.5994,1.4335,0.9733,4.0000,-0.0375,0.9696,11.0223,0.1127,3.0000,0.0000,0.0000,0,21.5296,660.5682,318.1544,489.3613,-171.2069,20.1682,-19.7617,700.4981,318.5610
76.831,1,0,heuristic,34.4447,122.4477,0.8429,0.6688,2.5076,2.5952,-2.3520,0.9691,4.0000,0.0044,0.9696,10.8948,0.1262,3.0000,0.0000,0.0000,0,21.5296,697.2374,428.1544,562.6959,-134.5415,20.2289,20.2383,697.2279,468.6217
76.881,1,0,heuristic,34.4807,122.5675,0.8212,0.6851,2.5051,2.5970,-2.3285,0.9653,4.0000,0.0425,0.9696,10.7758,0.1440,3.0000,0.0000,0.0000,0,21.5296,623.7779,328.7894,476.2836,-147.4943,20.2027,44.8217,599.1589,393.8137
76.931,1,0,heuristic,34.4807,122.5675,0.8080,0.6851,2.5051,2.5970,-2.3385,0.9653,4.0000,0.0425,0.9696,10.7758,0.1572,3.0000,0.0000,0.0000,0,21.5296,593.4830,302.8417,448.1624,-145.3207,20.2027,45.5044,568.1813,368.5488
76.981,1,0,heuristic,34.5204,122.6932,0.7910,0.7008,2.4875,2.5843,1.4698,0.9614,4.0000,0.0808,0.9696,10.6499,0.1704,3.0000,0.0000,0.0000,0,21.5296,703.4830,239.7412,471.6121,-231.8709,20.3859,5.5044,718.3645,265.6315
77.031,1,0,heuristic,34.5589,122.8100,0.7783,0.7211,2.4765,2.5794,-2.2908,0.9579,4.0000,0.1151,0.9696,10.5321,0.1796,3.0000,0.0000,0.0000,0,21.5296,660.2174,178.7343,419.4759,-240.7416,20.4572,45.5044,635.1702,244.6959
77.081,1,0,heuristic,34.5589,122.8100,0.7650,0.7211,2.4765,2.5794,-2.3203,0.9579,4.0000,0.1151,0.9696,10.5321,0.1929,3.0000,0.0000,0.0000,0,21.5296,550.2174,237.6083,393.9129,-156.3046,20.4572,46.7350,523.9396,304.8005
77.131,1,0,heuristic,34.6005,122.9320,0.7413,0.7369,2.4507,2.5591,-2.2973,0.9543,4.0000,0.1499,0.9696,10.4084,0.2130,3.0000,0.0000,0.0000,0,21.5296,550.2174,237.6083,393.9129,-156.3046,20.7489,47.2006,523.7658,305.5578
77.182,1,0,heuristic,34.6402,123.0455,0.7294,0.7548,2.4335,2.5478,1.5045,0.9511,4.0000,0.1814,0.9696,10.2929,0.2217,3.0000,0.0000,0.0000,0,21.5296,330.2174,91.9368,211.0771,-119.1403,20.9111,7.2006,343.9280,120.0485
77.231,1,0,heuristic,34.6828,123.1642,0.7133,0.7679,2.4031,2.5228,-2.2902,0.9478,4.0000,0.2133,0.9696,10.1715,0.2345,3.0000,0.0000,0.0000,0,21.5296,330.2174,91.9368,211.0771,-119.1403,21.2714,47.2006,304.2883,160.4087
77.281,1,0,heuristic,34.7231,123.2741,0.6978,0.7821,2.3804,2.5056,1.5050,0.9447,4.0000,0.2422,0.9696,10.0588,0.2470,3.0000,0.0000,0.0000,0,21.5296,110.2174,23.1732,66.6953,-43.5221,21.5198,7.2006,124.5367,51.8936
77.331,1,0,heuristic,34.7231,123.2741,0.6871,0.7821,2.3804,2.5056,1.5235,0.9447,4.0000,0.2422,0.9696,10.0588,0.2576,3.0000,0.0000,0.0000,0,21.5296,0.2174,-50.7769,-25.2797,-25.4972,21.5198,-15.0631,36.8004,-44.3202
77.381,1,0,heuristic,34.7650,123.3877,0.6675,0.7869,2.3415,2.4702,1.5465,0.9415,4.0000,0.2720,0.9696,9.9422,0.2740,3.0000,0.0000,0.0000,0,21.5296,-109.7826,-93.0290,-101.4058,8.3768,22.0291,-14.7526,-73.0008,-85.7525
77.431,1,0,heuristic,34.8031,123.4913,0.6602,0.7882,2.3049,2.4360,-2.2498,0.9386,4.0000,0.2992,0.9696,9.8360,0.2783,3.0000,0.0000,0.0000,0,21.5296,-57.2311,-193.2838,-125.2575,-68.0264,22.5221,25.2474,-59.9563,-145.5143
77.482,1,0,heuristic,34.8411,123.5963,0.6416,0.7766,2.2475,2.3779,-2.2225,0.9354,4.0000,0.3272,0.9696,9.7290,0.2938,3.0000,0.0000,0.0000,0,21.5296,-167.2311,-254.0408,-210.6360,-43.4049,23.3587,49.4473,-193.3197,-181.2348
77.531,1,0,heuristic,34.8411,123.5963,0.6300,0.7766,2.2475,2.3779,1.6005,0.9354,4.0000,0.3272,0.9696,9.7290,0.3053,3.0000,0.0000,0.0000,0,21.5296,-57.5362,-359.4657,-208.5010,-150.9648,23.3587,9.4473,-43.6248,-326.6596
77.581,1,0,heuristic,34.8738,123.6906,0.6193,0.7578,2.1910,2.3183,1.6062,0.9323,4.0000,0.3536,0.9696,9.6336,0.3130,3.0000,0.0000,0.0000,0,21.5296,-167.5362,-249.4657,-208.5010,-40.9648,24.2160,-14.0751,-129.2451,-239.3249
77.631,1,0,heuristic,34.9044,123.7855,0.6067,0.7239,2.1176,2.2379,-2.2163,0.9288,4.0000,0.3820,0.9696,9.5393,0.3220,3.0000,0.0000,0.0000,0,21.5296,-167.5362,-249.4657,-208.5010,-40.9648,25.3739,25.9249,-168.0872,-198.1669
77.681,1,0,heuristic,34.9291,123.8700,0.5942,0.6818,2.0464,2.1570,1.6095,0.9252,4.0000,0.4095,0.9696,9.4568,0.3310,3.0000,0.0000,0.0000,0,21.5296,-382.9577,-29.4657,-206.2117,176.7460,26.5389,-13.3154,-343.1034,-16.2422
77.731,1,0,heuristic,34.9291,123.8700,0.5823,0.6818,2.0464,2.1570,-2.2018,0.9252,4.0000,0.4095,0.9696,9.4568,0.3430,3.0000,0.0000,0.0000,0,21.5296,-272.9577,80.5340,-96.2118,176.7459,26.5389,26.6846,-273.1034,133.7576
77.781,1,0,heuristic,34.9507,123.9541,0.5706,0.6285,1.9607,2.0589,1.6723,0.9213,4.0000,0.4393,0.9696,9.3767,0.3506,3.0000,0.0000,0.0000,0,21.5296,-162.9577,190.5340,13.7882,176.7459,27.9511,-13.3154,-121.6912,205.1698
77.831,1,0,heuristic,34.9672,124.0281,0.5653,0.5718,1.8766,1.9618,1.6760,0.9173,4.0000,0.4674,0.9696,9.3078,0.3520,3.0000,0.0000,0.0000,0,21.5296,-52.9577,296.5022,121.7722,174.7299,29.3504,-13.5013,-10.1060,312.3513
77.881,1,0,heuristic,34.9822,124.1015,0.5527,0.5152,1.7838,1.8567,-2.1082,0.9131,4.0000,0.4966,0.9696,9.2403,0.3604,3.0000,0.0000,0.0000,0,21.5296,-52.9577,296.5022,121.7722,174.7299,30.8634,26.4987,-48.5931,353.8643
77.931,1,0,heuristic,34.9956,124.1673,0.5419,0.4679,1.7010,1.7642,-2.0863,0.9092,4.0000,0.5228,0.9696,9.1801,0.3673,3.0000,0.0000,0.0000,0,21.5296,167.0423,209.8875,188.4649,21.4226,32.1958,50.4071,148.8310,292.4904
77.981,1,0,heuristic,34.9956,124.1673,0.5360,0.4679,1.7010,1.7642,-2.0587,0.9092,4.0000,0.5228,0.9696,9.1801,0.3731,3.0000,0.0000,0.0000,0,21.5296,277.0423,99.8875,188.4649,-88.5774,32.1958,50.1742,259.0639,182.2575
78.031,1,0,heuristic,35.0099,124.2340,0.5293,0.4292,1.6176,1.6736,1.7865,0.9052,4.0000,0.5488,0.9696,9.1186,0.3758,3.0000,0.0000,0.0000,0,21.5296,299.4499,-10.1125,144.6687,-154.7812,33.5000,10.1742,322.7756,33.5617
78.081,1,0,heuristic,35.0242,124.2954,0.5246,0.4030,1.5497,1.6012,-2.0515,0.9016,4.0000,0.5717,0.9696,9.0614,0.3771,3.0000,0.0000,0.0000,0,21.5296,209.8538,-72.0856,68.8841,-140.9697,34.5426,50.1742,194.2222,12.6313
78.131,1,0,heuristic,35.0242,124.2954,0.5189,0.4030,1.5497,1.6012,1.7750,0.9016,4.0000,0.5717,0.9696,9.0614,0.3828,3.0000,0.0000,0.0000,0,21.5296,319.8538,-108.9775,105.4381,-214.4157,34.5426,10.1742,344.2222,-64.2607
78.181,1,0,heuristic,35.0405,124.3595,0.5130,0.3851,1.4864,1.5355,-2.0968,0.8981,4.0000,0.5945,0.9696,9.0009,0.3851,3.0000,0.0000,0.0000,0,21.5296,209.8538,1.0225,105.4381,-104.4157,35.4890,50.1742,195.1686,86.6857
78.232,1,0,heuristic,35.0567,124.4194,0.5077,0.3756,1.4385,1.4867,-2.0758,0.8950,4.0000,0.6150,0.9696,8.9439,0.3872,3.0000,0.0000,0.0000,0,21.5296,99.8538,111.0225,105.4381,5.5843,36.1909,51.1877,84.8571,198.4011
78.281,1,0,heuristic,35.0753,124.4829,0.5013,0.3721,1.3950,1.4438,-2.1010,0.8919,4.0000,0.6356,0.9696,8.8826,0.3906,3.0000,0.0000,0.0000,0,21.5296,-10.1462,221.0225,105.4381,115.5843,36.8099,51.7824,-25.1187,309.6148
78.331,1,0,heuristic,35.0949,124.5427,0.4955,0.3791,1.3653,1.4170,1.7788,0.8893,4.0000,0.6533,0.9696,8.8237,0.3938,3.0000,0.0000,0.0000,0,21.5296,-120.1462,331.0225,105.4381,225.5843,37.1955,11.7824,-94.7331,380.0004
78.381,1,0,heuristic,35.0949,124.5427,0.4926,0.3791,1.3653,1.4170,-2.0710,0.8893,4.0000,0.6533,0.9696,8.8237,0.3967,3.0000,0.0000,0.0000,0,21.5296,-230.1462,285.2701,27.5620,257.7082,37.1955,51.5500,-244.5006,374.0156
78.432,1,0,heuristic,35.1184,124.6055,0.4849,0.3939,1.3340,1.3909,1.8265,0.8870,4.0000,0.6694,0.9696,8.7599,0.4021,3.0000,0.0000,0.0000,0,21.5296,-334.2030,175.2701,-79.4664,254.7365,37.5703,11.5500,-308.1826,224.3904
78.481,1,0,heuristic,35.1433,124.6639,0.4826,0.4187,1.3102,1.3754,1.8685,0.8852,4.0000,0.6819,0.9696,8.6989,0.4026,3.0000,0.0000,0.0000,0,21.5296,-224.2030,65.2701,-79.4664,144.7365,37.7939,-14.3484,-172.0606,88.7156
78.531,1,0,heuristic,35.1711,124.7238,0.4777,0.4419,1.2785,1.3527,1.9047,0.8835,4.0000,0.6929,0.9696,8.6349,0.4058,3.0000,0.0000,0.0000,0,21.5296,-114.2030,55.1079,-29.5475,84.6554,38.1209,-14.8134,-61.2687,78.4154
78.581,1,0,heuristic,35.1975,124.7781,0.4756,0.4634,1.2491,1.3323,-1.9575,0.8820,4.0000,0.7018,0.9696,8.5761,0.4065,3.0000,0.0000,0.0000,0,21.5296,-224.2030,165.0847,-29.5591,194.6438,38.4148,25.1866,-210.9747,228.6861
78.631,1,0,heuristic,35.1975,124.7781,0.4745,0.4634,1.2491,1.3323,1.9330,0.8820,4.0000,0.7018,0.9696,8.5761,0.4075,3.0000,0.0000,0.0000,0,21.5296,-224.2030,165.0847,-29.5591,194.6438,38.4148,-14.8134,-170.9747,188.6861
78.681,1,0,heuristic,35.2251,124.8335,0.4739,0.4770,1.2124,1.3029,-1.8935,0.8805,4.0000,0.7104,0.9696,8.5157,0.4066,3.0000,0.0000,0.0000,0,21.5296,-89.6919,385.0847,147.6964,237.3883,38.8388,25.1866,-76.0397,449.1100
78.731,1,0,heuristic,35.2507,124.8833,0.4743,0.4882,1.1776,1.2748,1.9823,0.8791,4.0000,0.7175,0.9696,8.4609,0.4048,3.0000,0.0000,0.0000,0,21.5296,20.3081,275.0847,147.6964,127.3883,39.2430,-14.8134,74.3645,299.5142
78.781,1,0,heuristic,35.2774,124.9337,0.4757,0.4933,1.1357,1.2382,-1.8695,0.8777,4.0000,0.7239,0.9696,8.4050,0.4020,3.0000,0.0000,0.0000,0,21.5296,130.3081,385.0847,257.6964,127.3883,39.7693,25.1866,144.8908,450.0405
78.831,1,0,heuristic,35.3029,124.9795,0.4774,0.5009,1.0996,1.2083,2.0128,0.8765,4.0000,0.7288,0.9696,8.3534,0.3992,3.0000,0.0000,0.0000,0,21.5296,130.3081,385.0847,257.6964,127.3883,40.1998,-14.8134,185.3214,410.4711
78.881,1,0,heuristic,35.3029,124.9795,0.4798,0.5009,1.0996,1.2083,-1.8438,0.8765,4.0000,0.7288,0.9696,8.3534,0.3967,3.0000,0.0000,0.0000,0,21.5296,350.3081,602.9262,476.6171,126.3090,40.1998,25.1866,365.3214,668.3126
78.931,1,0,heuristic,35.3308,125.0271,0.4840,0.5079,1.0626,1.1778,2.0410,0.8755,4.0000,0.7328,0.9696,8.2990,0.3914,3.0000,0.0000,0.0000,0,21.5296,460.3081,712.9262,586.6171,126.3090,40.6400,-14.8134,515.7615,738.7528
78.981,1,0,heuristic,35.3585,125.0714,0.4867,0.5219,1.0346,1.1588,-1.8368,0.8749,4.0000,0.7350,0.9696,8.2472,0.3882,3.0000,0.0000,0.0000,0,21.5296,350.3081,621.0554,485.6818,135.3737,40.9135,25.1866,366.0350,687.1555
79.031,1,0,heuristic,35.3919,125.1191,0.4920,0.5458,1.0112,1.1491,2.0737,0.8748,4.0000,0.7344,0.9696,8.1891,0.3828,3.0000,0.0000,0.0000,0,21.5296,240.3081,731.0554,485.6818,245.3737,41.0523,-14.8134,296.1738,757.2943
79.081,1,0,heuristic,35.4283,125.1656,0.4952,0.5887,1.0028,1.1628,-1.8255,0.8755,4.0000,0.7307,0.9696,8.1300,0.3803,3.0000,0.0000,0.0000,0,21.5296,350.3040,621.0559,485.6800,135.3760,40.8558,25.1866,365.9733,687.0983
79.131,1,0,heuristic,35.4726,125.2164,0.5014,0.6413,0.9978,1.1861,2.0903,0.8769,4.0000,0.7229,0.9696,8.0626,0.3755,3.0000,0.0000,0.0000,0,21.5296,401.4247,554.3796,477.9022,76.4775,40.5203,-14.8134,456.7584,580.0865
79.181,1,0,heuristic,35.5197,125.2660,0.5082,0.7093,1.0048,1.2299,2.0865,0.8790,4.0000,0.7121,0.9696,7.9944,0.3708,3.0000,0.0000,0.0000,0,21.5296,511.4247,616.1606,563.7926,52.3680,39.8891,-19.1923,570.5060,636.8574
79.232,1,0,heuristic,35.5197,125.2660,0.5128,0.7093,1.0048,1.2299,2.0930,0.8790,4.0000,0.7121,0.9696,7.9944,0.3663,3.0000,0.0000,0.0000,0,21.5296,621.4247,601.3002,611.3624,-10.0622,39.8891,-19.4794,680.7931,621.7099
79.281,1,0,heuristic,35.5759,125.3210,0.5202,0.7834,1.0155,1.2825,2.0932,0.8818,4.0000,0.6969,0.9696,7.9162,0.3616,3.0000,0.0000,0.0000,0,21.5296,731.4247,601.6021,666.5134,-64.9113,39.1314,-19.6932,790.2493,621.0403
79.331,1,0,heuristic,35.6350,125.3759,0.5249,0.8730,1.0408,1.3584,2.0740,0.8853,4.0000,0.6792,0.9696,7.8363,0.3604,3.0000,0.0000,0.0000,0,21.5296,840.8834,491.6021,666.2428,-174.6407,38.0385,-19.4517,898.3736,510.1889
79.381,1,0,heuristic,35.7049,125.4380,0.5305,0.9674,1.0715,1.4436,-1.8565,0.8893,4.0000,0.6566,0.9696,7.7440,0.3588,3.0000,0.0000,0.0000,0,21.5296,840.8834,491.6021,666.2428,-174.6407,36.8120,20.5483,857.1471,548.9624
79.431,1,0,heuristic,35.7772,125.5005,0.5372,1.0749,1.1177,1.5507,-1.8588,0.8937,4.0000,0.6324,0.9696,7.6498,0.3565,3.0000,0.0000,0.0000,0,21.5296,840.8841,271.6021,556.2431,-284.6410,35.2700,46.3777,829.7764,353.2498
79.481,1,0,heuristic,35.7772,125.5005,0.5415,1.0749,1.1177,1.5507,1.9958,0.8937,4.0000,0.6324,0.9696,7.6498,0.3522,3.0000,0.0000,0.0000,0,21.5296,767.2588,161.6021,464.4304,-302.8283,35.2700,6.3777,796.1510,203.2498
79.531,1,0,heuristic,35.8599,125.5710,0.5468,1.1779,1.1654,1.6570,1.9748,0.8985,4.0000,0.6041,0.9696,7.5430,0.3517,3.0000,0.0000,0.0000,0,21.5296,657.2588,51.6021,354.4304,-302.8283,33.7393,-18.2690,709.2670,67.0725
79.581,1,0,heuristic,35.9415,125.6405,0.5475,1.2826,1.2219,1.7715,1.9370,0.9031,4.0000,0.5761,0.9696,7.4376,0.3556,3.0000,0.0000,0.0000,0,21.5296,765.7126,-58.3979,353.6573,-412.0552,32.0908,-17.5352,815.3386,-43.8423
79.631,1,0,heuristic,36.0298,125.7165,0.5499,1.3657,1.2697,1.8647,1.8830,0.9075,4.0000,0.5463,0.9696,7.3231,0.3577,3.0000,0.0000,0.0000,0,21.5296,875.7103,50.5455,463.1279,-412.5824,30.7484,-16.6043,923.0630,64.6896
79.681,1,0,heuristic,36.1129,125.7891,0.5486,1.4386,1.3185,1.9514,1.8535,0.9115,4.0000,0.5189,0.9696,7.2144,0.3629,3.0000,0.0000,0.0000,0,21.5296,816.1847,-48.2186,383.9831,-432.2017,29.5003,-15.9566,861.6417,-34.6749
79.731,1,0,heuristic,36.2002,125.8676,0.5471,1.4868,1.3566,2.0127,1.8095,0.9151,4.0000,0.4912,0.9696,7.0986,0.3680,3.0000,0.0000,0.0000,0,21.5296,720.8252,61.7814,391.3033,-329.5219,28.6164,-15.0731,764.5147,75.3248
79.781,1,0,heuristic,36.2813,125.9423,0.5411,1.5274,1.3963,2.0695,1.7498,0.9184,4.0000,0.4666,0.9696,6.9898,0.3772,3.0000,0.0000,0.0000,0,21.5296,822.3484,171.6253,496.9869,-325.3616,27.7990,-13.7580,863.9055,185.6663
79.831,1,0,heuristic,36.2813,125.9423,0.5377,1.5274,1.3963,2.0695,1.7280,0.9184,4.0000,0.4666,0.9696,6.9898,0.3806,3.0000,0.0000,0.0000,0,21.5296,822.3484,171.6253,496.9869,-325.3616,27.7990,-13.2601,863.4075,186.1642
79.881,1,0,heuristic,36.3657,126.0218,0.5288,1.5463,1.4228,2.1013,-2.2105,0.9213,4.0000,0.4420,0.9696,6.8751,0.3925,3.0000,0.0000,0.0000,0,21.5296,979.6853,316.5837,648.1345,-331.5508,27.3410,26.7399,980.2864,370.6645
79.931,1,0,heuristic,36.4442,126.0968,0.5191,1.5644,1.4508,2.1336,-2.2500,0.9240,4.0000,0.4197,0.9696,6.7677,0.4048,3.0000,0.0000,0.0000,0,21.5296,924.6220,426.5837,675.6029,-249.0192,26.8767,54.4226,897.0762,507.8829
79.981,1,0,heuristic,36.5273,126.1765,0.5095,1.5711,1.4674,2.1498,1.6475,0.9266,4.0000,0.3962,0.9696,6.6537,0.4171,3.0000,0.0000,0.0000,0,21.5296,842.8987,464.9374,653.9181,-188.9807,26.6434,14.4226,855.1196,506.0034
80.031,1,0,heuristic,36.6066,126.2521,0.4987,1.5874,1.4889,2.1763,-2.2858,0.9293,4.0000,0.3736,0.9696,6.5453,0.4305,3.0000,0.0000,0.0000,0,21.5296,842.8987,464.9374,653.9181,-188.9807,26.2606,54.4226,814.7368,545.6206
80.081,1,0,heuristic,36.6066,126.2521,0.4876,1.5874,1.4889,2.1763,1.6360,0.9293,4.0000,0.3736,0.9696,6.5453,0.4417,3.0000,0.0000,0.0000,0,21.5296,842.8987,684.9374,763.9181,-78.9807,26.2606,14.4226,854.7368,725.6206
80.131,1,0,heuristic,36.6924,126.3327,0.4758,1.6000,1.5010,2.1938,-2.2960,0.9321,4.0000,0.3484,0.9696,6.4291,0.4563,3.0000,0.0000,0.0000,0,21.5296,835.7338,790.2460,812.9899,-22.7439,26.0092,54.4226,807.3204,870.6777
80.181,1,0,heuristic,36.7753,126.4091,0.4641,1.6254,1.5191,2.2248,1.6680,0.9349,4.0000,0.3233,0.9696,6.3180,0.4709,3.0000,0.0000,0.0000,0,21.5296,725.7338,849.1491,787.4414,61.7076,25.5631,14.4226,736.8744,889.1347
80.232,1,0,heuristic,36.8672,126.4912,0.4493,1.6535,1.5311,2.2535,-2.2462,0.9382,4.0000,0.2940,0.9696,6.1971,0.4889,3.0000,0.0000,0.0000,0,21.5296,615.7338,882.5741,749.1540,133.4202,25.1499,54.4226,586.4611,962.1466
80.281,1,0,heuristic,36.9581,126.5697,0.4410,1.7017,1.5519,2.3031,1.7183,0.9417,4.0000,0.2634,0.9696,6.0797,0.5007,3.0000,0.0000,0.0000,0,21.5296,505.7338,778.7851,642.2595,136.5257,24.4351,14.4226,515.7464,817.6428
80.331,1,0,heuristic,37.0595,126.6538,0.4277,1.7512,1.5650,2.3486,-2.2060,0.9457,4.0000,0.2274,0.9696,5.9516,0.5180,3.0000,0.0000,0.0000,0,21.5296,395.7338,668.7851,532.2595,136.5257,23.7806,54.4226,365.0918,746.9883
80.381,1,0,heuristic,37.0595,126.6538,0.4183,1.7512,1.5650,2.3486,1.7840,0.9457,4.0000,0.2274,0.9696,5.9516,0.5274,3.0000,0.0000,0.0000,0,21.5296,339.6255,558.7851,449.2053,109.5798,23.7806,14.4226,348.9835,596.9883
80.431,1,0,heuristic,37.1586,126.7332,0.4097,1.8141,1.5830,2.4077,-2.1227,0.9497,4.0000,0.1905,0.9696,5.8288,0.5401,3.0000,0.0000,0.0000,0,21.5296,390.9094,462.7215,426.8155,35.9061,22.9294,54.4226,359.4163,540.0735
80.481,1,0,heuristic,37.2665,126.8169,0.4007,1.8662,1.5883,2.4506,-2.1147,0.9542,4.0000,0.1489,0.9696,5.6976,0.5535,3.0000,0.0000,0.0000,0,21.5296,280.9094,572.7215,426.8155,145.9061,22.3116,57.4121,245.8088,652.4452
80.531,1,0,heuristic,37.3694,126.8947,0.3942,1.9215,1.5946,2.4970,1.8493,0.9585,4.0000,0.1081,0.9696,5.5744,0.5642,3.0000,0.0000,0.0000,0,21.5296,242.7483,462.7215,352.7349,109.9866,21.6428,17.4121,246.9790,501.7765
80.581,1,0,heuristic,37.4791,126.9754,0.3889,1.9593,1.5864,2.5210,-2.0710,0.9631,4.0000,0.0633,0.9696,5.4450,0.5741,3.0000,0.0000,0.0000,0,21.5296,264.7545,571.1676,417.9611,153.2066,21.2975,57.3109,228.7412,649.7761
80.631,1,0,heuristic,37.5824,127.0495,0.3824,1.9977,1.5776,2.5455,-2.0390,0.9675,4.0000,0.0200,0.9696,5.3252,0.5851,3.0000,0.0000,0.0000,0,21.5296,154.7545,461.1676,307.9611,153.2066,20.9446,57.1144,118.5847,539.2265
80.681,1,0,heuristic,37.5824,127.0495,0.3809,1.9977,1.5776,2.5455,-2.0320,0.9675,4.0000,0.0200,0.9696,5.3252,0.5867,3.0000,0.0000,0.0000,0,21.5296,264.7545,351.1762,307.9653,43.2108,20.9446,57.0572,228.6419,429.1779
80.731,1,0,heuristic,37.6908,127.1253,0.3781,2.0153,1.5539,2.5448,1.9483,0.9723,4.0000,-0.0265,0.9696,5.2013,0.5942,3.0000,0.0000,0.0000,0,21.5296,374.7545,254.1012,314.4279,-60.3266,20.9552,17.0572,378.6526,292.1137
80.781,1,0,heuristic,37.7908,127.1941,0.3771,2.0289,1.5294,2.5408,1.9828,0.9767,4.0000,-0.0701,0.9696,5.0885,0.5996,3.0000,0.0000,0.0000,0,21.5296,324.9318,218.8807,271.9063,-53.0255,21.0130,-10.0649,356.0098,229.8288
80.831,1,0,heuristic,37.8934,127.2641,0.3750,2.0178,1.4930,2.5101,1.9603,0.9813,3.9788,-0.1151,0.9696,4.9735,0.6064,3.0000,0.0000,0.0000,0,21.5296,214.9318,328.8807,271.9063,56.9745,21.1501,-9.5144,245.5963,340.5165
80.881,1,0,heuristic,37.9864,127.3281,0.3742,2.0015,1.4610,2.4780,-2.0112,0.9856,3.8955,-0.1555,0.9696,4.8694,0.6114,3.0000,0.0000,0.0000,0,21.5296,104.9318,435.9334,270.4326,165.5008,20.4121,30.4856,94.8583,486.8311
80.931,1,0,heuristic,38.0803,127.3938,0.3727,1.9626,1.4215,2.4234,-2.0118,0.9899,3.8109,-0.1959,0.9696,4.7636,0.6171,3.0000,0.0000,0.0000,0,21.5296,-5.0682,325.9334,160.4326,165.5008,19.9800,57.4744,-42.5626,403.3878
80.981,1,0,heuristic,38.1650,127.4533,0.3732,1.9230,1.3853,2.3700,-1.9765,0.9938,3.7346,-0.2320,0.9696,4.6683,0.6206,3.0000,0.0000,0.0000,0,21.5296,-5.0682,325.9334,160.4326,165.5008,19.6505,56.9464,-42.3641,402.5303
81.031,1,0,heuristic,38.1650,127.4533,0.3736,1.9230,1.3853,2.3700,2.0235,0.9938,3.7346,-0.2320,0.9696,4.6683,0.6203,3.0000,0.0000,0.0000,0,21.5296,-225.0682,105.9342,-59.5670,165.5012,19.6505,16.9464,-222.3641,142.5310
81.081,1,0,heuristic,38.2506,127.5132,0.3747,1.8673,1.3386,2.2975,-1.9353,0.9980,3.6581,-0.2687,0.9696,4.5727,0.6233,3.0000,0.0000,0.0000,0,21.5296,-335.0682,215.9342,-59.5670,275.5012,19.5925,56.2858,-371.7615,291.8125
81.131,1,0,heuristic,38.3273,127.5668,0.3746,1.8135,1.2941,2.2279,-1.9087,1.0018,3.5899,-0.3016,0.9696,4.4873,0.6273,3.0000,0.0000,0.0000,0,21.5296,-445.0682,325.9234,-59.5724,385.4958,19.6120,55.9293,-481.3855,401.4647
81.181,1,0,heuristic,38.4036,127.6199,0.3786,1.7442,1.2395,2.1398,-1.8848,1.0059,3.5224,-0.3345,0.9696,4.4030,0.6273,3.0000,0.0000,0.0000,0,21.5296,-555.0682,215.9234,-169.5724,385.4958,19.9096,55.4609,-590.6194,291.2939
81.231,1,0,heuristic,38.4711,127.6661,0.3825,1.6769,1.1842,2.0528,2.1587,1.0096,3.4634,-0.3641,0.9696,4.3293,0.6271,3.0000,0.0000,0.0000,0,21.5296,-665.0682,310.0798,-177.4942,487.5740,20.3122,15.4609,-660.2169,345.8529
81.281,1,0,heuristic,38.4711,127.6661,0.3850,1.6769,1.1842,2.0528,-1.8193,1.0096,3.4634,-0.3641,0.9696,4.3293,0.6247,3.0000,0.0000,0.0000,0,21.5296,-775.0682,200.0798,-287.4942,487.5740,20.3122,54.2015,-808.9574,274.5934
81.331,1,0,heuristic,38.5381,127.7106,0.3917,1.5993,1.1185,1.9516,-1.7290,1.0137,3.4061,-0.3942,0.9696,4.2576,0.6220,3.0000,0.0000,0.0000,0,21.5296,-827.9045,156.4639,-335.7203,492.1842,20.9450,52.5218,-850.0000,229.9307
81.381,1,0,heuristic,38.5969,127.7482,0.3986,1.5243,1.0512,1.8517,-1.7258,1.0175,3.3571,-0.4214,0.9696,4.1963,0.6189,3.0000,0.0000,0.0000,0,21.5296,-749.3895,49.9645,-349.7125,399.6770,21.6776,52.2937,-780.0056,123.9358
81.432,1,0,heuristic,38.5969,127.7482,0.4054,1.5243,1.0512,1.8517,-1.6803,1.0175,3.3571,-0.4214,0.9696,4.1963,0.6121,3.0000,0.0000,0.0000,0,21.5296,-832.3701,60.4035,-385.9833,446.3868,21.6776,51.2641,-850.0000,133.3452
81.481,1,0,heuristic,38.6538,127.7829,0.4190,1.4381,0.9746,1.7372,-1.6445,1.0216,3.3110,-0.4486,0.9696,4.1387,0.6026,3.0000,0.0000,0.0000,0,21.5296,-796.3258,170.4035,-312.9611,483.3647,22.6614,50.2391,-823.9034,243.3040
81.531,1,0,heuristic,38.7020,127.8112,0.4250,1.3515,0.8976,1.6224,-1.6265,1.0255,3.2728,-0.4724,0.9696,4.0910,0.6005,3.0000,0.0000,0.0000,0,21.5296,-688.1171,162.5906,-262.7632,425.3538,23.7659,49.8086,-714.1598,236.1650
81.581,1,0,heuristic,38.7020,127.8112,0.4384,1.3515,0.8976,1.6224,2.3865,1.0255,3.2728,-0.4724,0.9696,4.0910,0.5871,3.0000,0.0000,0.0000,0,21.5296,-797.0303,210.8906,-293.0699,503.9604,23.7659,9.8086,-783.0730,244.4651
81.631,1,0,heuristic,38.7475,127.8365,0.4570,1.2562,0.8155,1.4977,-1.5555,1.0296,3.2380,-0.4956,0.9696,4.0475,0.5726,3.0000,0.0000,0.0000,0,21.5296,-837.5146,274.1920,-281.6613,555.8533,25.0601,47.4814,-850.0000,346.7335
81.681,1,0,heuristic,38.7858,127.8566,0.4641,1.1643,0.7362,1.3775,-1.5340,1.0334,3.2097,-0.5158,0.9696,4.0121,0.5693,3.0000,0.0000,0.0000,0,21.5296,-837.5146,274.1920,-281.6613,555.8533,26.3835,46.9543,-850.0000,347.5298
81.731,1,0,heuristic,38.8213,127.8737,0.4831,1.0680,0.6546,1.2527,2.4815,1.0374,3.1847,-0.5354,0.9696,3.9808,0.5543,3.0000,0.0000,0.0000,0,21.5296,-809.3320,292.5577,-258.3871,550.9449,27.8209,6.9543,-788.4654,327.3329
81.781,1,0,heuristic,38.8502,127.8859,0.5054,0.9750,0.5742,1.1315,2.5330,1.0412,3.1656,-0.5524,0.9696,3.9570,0.5358,3.0000,0.0000,0.0000,0,21.5296,-699.3320,402.5577,-148.3871,550.9449,29.2909,-22.7494,-647.2917,409.0993
81.831,1,0,heuristic,38.8502,127.8859,0.5253,0.9750,0.5742,1.1315,-1.4580,1.0412,3.1656,-0.5524,0.9696,3.9570,0.5159,3.0000,0.0000,0.0000,0,21.5296,-699.3320,402.5577,-148.3871,550.9449,29.2909,17.2506,-687.2917,449.0993
81.881,1,0,heuristic,38.8763,127.8946,0.5467,0.8804,0.4929,1.0090,2.6025,1.0451,3.1501,-0.5690,0.9696,3.9377,0.4984,3.0000,0.0000,0.0000,0,21.5296,-699.3320,402.5583,-148.3869,550.9451,30.8324,-22.7494,-645.7502,410.6413
81.932,1,0,heuristic,38.8978,127.8997,0.5643,0.7939,0.4157,0.8962,2.6128,1.0489,3.1389,-0.5838,0.9696,3.9236,0.4845,3.0000,0.0000,0.0000,0,21.5296,-589.3320,478.5126,-55.4097,533.9223,32.2952,-26.1499,-530.8869,484.6580
81.982,1,0,heuristic,38.9180,127.9020,0.5853,0.7128,0.3413,0.7903,-1.4055,1.0528,3.1302,-0.5992,0.9696,3.9128,0.4675,3.0000,0.0000,0.0000,0,21.5296,-479.3320,588.5106,54.5893,533.9213,33.6959,13.8501,-459.4863,636.0566
82.031,1,0,heuristic,38.9356,127.9018,0.6160,0.6436,0.2724,0.6989,-1.3678,1.0564,3.1243,-0.6138,0.9696,3.9053,0.4404,3.0000,0.0000,0.0000,0,21.5296,-446.0453,478.5106,16.2326,462.2779,34.9256,38.9423,-450.0620,552.3784
82.081,1,0,heuristic,38.9356,127.9018,0.6336,0.6436,0.2724,0.6989,-1.3665,1.0564,3.1243,-0.6138,0.9696,3.9053,0.4228,3.0000,0.0000,0.0000,0,21.5296,-336.0453,368.5332,16.2440,352.2893,34.9256,38.2353,-339.3551,441.6941
82.131,1,0,heuristic,38.9545,127.9003,0.6660,0.5874,0.2121,0.6245,-1.3570,1.0602,3.1189,-0.6302,0.9696,3.8987,0.3942,3.0000,0.0000,0.0000,0,21.5296,-336.0453,368.5332,16.2440,352.2893,35.9197,36.9283,-337.0539,441.3812
82.181,1,0,heuristic,38.9733,127.8984,0.6788,0.5482,0.1617,0.5716,2.6610,1.0636,3.1140,-0.6468,0.9696,3.8925,0.3848,3.0000,0.0000,0.0000,0,21.5296,-116.0453,149.9580,16.9563,133.0016,36.6108,-3.0717,-76.3628,183.4971
82.231,1,0,heuristic,38.9946,127.8967,0.7122,0.5208,0.1227,0.5351,2.6470,1.0671,3.1081,-0.6654,0.9696,3.8851,0.3549,3.0000,0.0000,0.0000,0,21.5296,-6.0453,252.5623,123.2585,129.3038,37.0508,-31.9389,62.9443,257.6741
82.281,1,0,heuristic,39.0161,127.8963,0.7432,0.5059,0.0966,0.5151,2.6170,1.0701,3.1012,-0.6833,0.9696,3.8766,0.3269,3.0000,0.0000,0.0000,0,21.5296,103.9495,142.5623,123.2559,19.3064,37.2411,-32.5608,173.7514,147.2425
82.331,1,0,heuristic,39.0161,127.8963,0.7558,0.5059,0.0966,0.5151,-1.4220,1.0701,3.1012,-0.6833,0.9696,3.8766,0.3143,3.0000,0.0000,0.0000,0,21.5296,13.2339,73.8085,43.5212,30.2873,37.2411,7.4392,43.0358,118.4888
82.381,1,0,heuristic,39.0403,127.8988,0.7921,0.4979,0.0871,0.5055,2.5390,1.0730,3.0915,-0.7018,0.9696,3.8643,0.2810,3.0000,0.0000,0.0000,0,21.5296,-96.7661,-36.1915,-66.4788,30.2873,37.2379,-32.5608,-26.9674,-31.5144
82.431,1,0,heuristic,39.0647,127.9044,0.8035,0.5000,0.0927,0.5085,-1.5232,1.0754,3.0795,-0.7188,0.9696,3.8494,0.2719,3.0000,0.0000,0.0000,0,21.5296,13.2339,-146.1915,-66.4788,-79.7127,37.0226,7.4392,42.8173,-101.7297
82.481,1,0,heuristic,39.0647,127.9044,0.8254,0.5000,0.0927,0.5085,2.4733,1.0754,3.0795,-0.7188,0.9696,3.8494,0.2500,3.0000,0.0000,0.0000,0,21.5296,123.2339,-256.1915,-66.4788,-189.7127,37.0226,-32.5608,192.8173,-251.7297
82.531,1,0,heuristic,39.0915,127.9124,0.8462,0.5031,0.1051,0.5140,-1.5875,1.0779,3.0651,-0.7363,0.9696,3.8313,0.2317,3.0000,0.0000,0.0000,0,21.5296,233.2339,-275.2250,-20.9955,-254.2294,36.7357,7.4392,262.5303,-231.0501
82.582,1,0,heuristic,39.1163,127.9217,0.8606,0.5060,0.1229,0.5207,-1.6507,1.0799,3.0504,-0.7516,0.9696,3.8130,0.2193,3.0000,0.0000,0.0000,0,21.5296,343.2339,-271.9108,35.6616,-307.5723,36.4274,34.8131,344.8481,-200.6703
82.631,1,0,heuristic,39.1415,127.9336,0.8827,0.5016,0.1438,0.5218,-1.6990,1.0820,3.0338,-0.7656,0.9696,3.7923,0.1992,3.0000,0.0000,0.0000,0,21.5296,266.0441,-161.9108,52.0667,-213.9774,36.1723,34.8138,267.4026,-90.9246
82.681,1,0,heuristic,39.1640,127.9466,0.8982,0.4951,0.1693,0.5232,2.2957,1.0836,3.0173,-0.7768,0.9696,3.7716,0.1854,3.0000,0.0000,0.0000,0,21.5296,156.0441,-51.9108,52.0667,-103.9774,35.9143,-5.1862,197.1445,-21.1827
82.731,1,0,heuristic,39.1640,127.9466,0.9119,0.4951,0.1693,0.5232,-1.7757,1.0836,3.0173,-0.7768,0.9696,3.7716,0.1716,3.0000,0.0000,0.0000,0,21.5296,46.0441,58.0892,52.0667,6.0226,35.9143,34.8138,47.1445,128.8173
82.781,1,0,heuristic,39.1867,127.9621,0.9238,0.4834,0.1951,0.5213,2.2502,1.0850,2.9989,-0.7868,0.9696,3.7486,0.1612,3.0000,0.0000,0.0000,0,21.5296,46.0441,58.0892,52.0667,6.0226,35.6771,-5.1862,86.9074,88.5802
82.832,1,0,heuristic,39.2073,127.9777,0.9346,0.4722,0.2210,0.5214,-1.8265,1.0862,2.9811,-0.7949,0.9696,3.7264,0.1516,3.0000,0.0000,0.0000,0,21.5296,-107.3137,278.0892,85.3878,192.7015,35.4201,34.8138,-106.7074,348.3232
82.881,1,0,heuristic,39.2284,127.9945,0.9442,0.4592,0.2414,0.5188,2.2157,1.0875,2.9623,-0.8028,0.9696,3.7029,0.1433,3.0000,0.0000,0.0000,0,21.5296,-217.3137,388.0892,85.3878,302.7015,35.1871,-5.1862,-176.9404,418.0902
82.931,1,0,heuristic,39.2486,128.0099,0.9534,0.4513,0.2576,0.5197,-1.8282,1.0886,2.9448,-0.8107,0.9696,3.6810,0.1352,3.0000,0.0000,0.0000,0,21.5296,-121.7596,498.0892,188.1648,309.9244,34.9216,34.4038,-121.2418,567.4146
82.981,1,0,heuristic,39.2486,128.0099,0.9623,0.4513,0.2576,0.5197,2.2502,1.0886,2.9448,-0.8107,0.9696,3.6810,0.1263,3.0000,0.0000,0.0000,0,21.5296,-11.7596,608.0892,298.1648,309.9244,34.9216,-5.5962,28.7582,637.4146
83.031,1,0,heuristic,39.2709,128.0259,0.9752,0.4469,0.2675,0.5209,2.2925,1.0899,2.9264,-0.8201,0.9696,3.6579,0.1147,3.0000,0.0000,0.0000,0,21.5296,-109.8912,718.0892,304.0990,413.9902,34.6392,-35.6394,-39.6127,717.0890
83.081,1,0,heuristic,39.2935,128.0414,0.9816,0.4516,0.2786,0.5306,2.2940,1.0911,2.9082,-0.8299,0.9696,3.6353,0.1095,3.0000,0.0000,0.0000,0,21.5296,-219.8912,792.9577,286.5333,506.4245,34.2379,-35.8865,-149.7669,791.3091
83.131,1,0,heuristic,39.3199,128.0600,0.9961,0.4629,0.2943,0.5485,2.3357,1.0922,2.8868,-0.8412,0.9696,3.6085,0.0961,3.0000,0.0000,0.0000,0,21.5296,-329.8393,825.1898,247.6752,577.5145,33.6710,-37.1320,-259.0363,821.7287
83.182,1,0,heuristic,39.3477,128.0800,1.0038,0.4860,0.3187,0.5812,2.3650,1.0930,2.8639,-0.8528,0.9696,3.5799,0.0893,3.0000,0.0000,0.0000,0,21.5296,-329.8393,825.1898,247.6752,577.5145,32.8713,-37.9117,-259.0563,820.1494
83.231,1,0,heuristic,39.3804,128.1040,1.0209,0.5147,0.3476,0.6211,2.4085,1.0939,2.8367,-0.8662,0.9696,3.5459,0.0729,3.0000,0.0000,0.0000,0,21.5296,-353.1759,823.2111,235.0176,588.1935,31.9050,-39.3039,-281.9669,815.8121
83.281,1,0,heuristic,39.3804,128.1040,1.0332,0.5147,0.3476,0.6211,-1.6118,1.0939,2.8367,-0.8662,0.9696,3.5459,0.0607,3.0000,0.0000,0.0000,0,21.5296,-243.1759,713.2111,235.0176,478.1935,31.9050,0.6961,-211.9669,745.8121
83.331,1,0,heuristic,39.4143,128.1295,1.0459,0.5529,0.3842,0.6733,-1.5813,1.0944,2.8082,-0.8797,0.9696,3.5103,0.0485,3.0000,0.0000,0.0000,0,21.5296,-133.1759,603.2111,235.0176,368.1935,30.7432,26.7460,-129.1787,660.7003
83.382,1,0,heuristic,39.4534,128.1599,1.0659,0.5930,0.4242,0.7291,-1.5457,1.0950,2.7748,-0.8948,0.9696,3.4685,0.0291,3.0000,0.0000,0.0000,0,21.5296,-23.1759,493.2111,235.0176,258.1935,29.4585,25.3650,-19.0824,548.0346
83.431,1,0,heuristic,39.4930,128.1918,1.0805,0.6393,0.4723,0.7948,-1.5420,1.0953,2.7403,-0.9094,0.9696,3.4253,0.0149,3.0000,0.0000,0.0000,0,21.5296,86.8241,383.2111,235.0176,148.1935,28.0139,24.7209,90.1171,435.9458
83.481,1,0,heuristic,39.4930,128.1918,1.0990,0.6393,0.4723,0.7948,2.5248,1.0953,2.7403,-0.9094,0.9696,3.4253,-0.0037,3.0000,0.0000,0.0000,0,21.5296,196.8195,273.2111,235.0153,38.1958,28.0139,-15.2791,240.1125,285.9458
83.531,1,0,heuristic,39.5803,128.2686,1.1242,0.7248,0.5811,0.9289,2.5275,1.0958,2.6598,-0.9380,0.9696,3.3247,-0.0284,3.0000,0.0000,0.0000,0,21.5296,196.8195,273.2111,235.0153,38.1958,24.9242,-45.3868,267.1305,252.7485
83.581,1,0,heuristic,39.5803,128.2686,1.1412,0.7248,0.5811,0.9289,-1.5905,1.0958,2.6598,-0.9380,0.9696,3.3247,-0.0454,3.0000,0.0000,0.0000,0,21.5296,345.6857,53.2111,199.4484,-146.2373,24.9242,-5.3868,375.9967,72.7485
83.631,1,0,heuristic,39.6269,128.3136,1.1618,0.7588,0.6381,0.9914,2.4438,1.0959,2.6141,-0.9509,0.9696,3.2676,-0.0659,3.0000,0.0000,0.0000,0,21.5296,455.6802,-56.7889,199.4456,-256.2346,23.3662,-45.3868,524.4332,-78.8096
83.681,1,0,heuristic,39.6709,128.3589,1.1774,0.7905,0.6992,1.0554,-1.6790,1.0957,2.5690,-0.9616,0.9696,3.2113,-0.0817,3.0000,0.0000,0.0000,0,21.5296,565.6802,-166.7889,199.4456,-366.2346,21.7969,-5.3868,592.8639,-150.3788
83.731,1,0,heuristic,39.7168,128.4094,1.1986,0.8089,0.7535,1.1055,-1.7283,1.0957,2.5198,-0.9709,0.9696,3.1497,-0.1029,3.0000,0.0000,0.0000,0,21.5296,455.6874,-276.7889,89.4493,-366.2382,20.3659,23.1431,452.9102,-233.2799
83.782,1,0,heuristic,39.7583,128.4587,1.2130,0.8200,0.8085,1.1515,2.2723,1.0953,2.4726,-0.9771,0.9696,3.0907,-0.1177,3.0000,0.0000,0.0000,0,21.5296,345.6874,-166.7889,89.4493,-256.2382,19.0231,-16.8569,381.5675,-164.6227
83.831,1,0,heuristic,39.7583,128.4587,1.2251,0.8200,0.8085,1.1515,-1.8613,1.0953,2.4726,-0.9771,0.9696,3.0907,-0.1298,3.0000,0.0000,0.0000,0,21.5296,348.3603,-56.7889,145.7857,-202.5746,19.0231,23.1431,344.2403,-14.6227
83.881,1,0,heuristic,39.7995,128.5119,1.2355,0.8146,0.8514,1.1783,2.1858,1.0952,2.4227,-0.9811,0.9696,3.0283,-0.1403,3.0000,0.0000,0.0000,0,21.5296,348.3603,-56.7889,145.7857,-202.5746,17.9185,-16.8569,383.1357,-55.7273
83.931,1,0,heuristic,39.8358,128.5618,1.2438,0.8027,0.8888,1.1976,-1.9175,1.0949,2.3765,-0.9828,0.9696,2.9707,-0.1489,3.0000,0.0000,0.0000,0,21.5296,128.3603,-56.7889,35.7857,-92.5746,16.9760,23.1431,122.1931,-16.6699
83.982,1,0,heuristic,39.8719,128.6143,1.2524,0.7811,0.9131,1.2016,2.1218,1.0949,2.3285,-0.9828,0.9696,2.9106,-0.1575,3.0000,0.0000,0.0000,0,21.5296,18.3603,53.2111,35.7857,17.4254,16.2264,-16.8569,51.4436,52.5806
84.032,1,0,heuristic,39.9042,128.6630,1.2563,0.7594,0.9335,1.2033,-1.9795,1.4706,4.0000,0.6646,1.5555,23.0925,0.2143,3.0000,0.0000,0.0000,0,20.3060,18.3603,53.2111,35.7857,17.4254,40.2722,23.1431,35.4894,116.6264
84.081,1,0,heuristic,39.9042,128.6630,1.2610,0.7594,0.9335,1.2033,2.1240,1.4706,4.0000,0.6646,1.5555,23.0925,0.2096,3.0000,0.0000,0.0000,0,20.3060,-91.6397,163.2111,35.7857,127.4254,40.2722,-16.8569,-34.5106,186.6264
84.131,1,0,heuristic,39.9370,128.7127,1.2647,0.7336,0.9379,1.1907,-1.9732,1.4744,4.0000,0.6326,1.5555,23.0414,0.2097,3.0000,0.0000,0.0000,0,20.3060,-254.0500,383.2111,64.5805,318.6306,40.4536,23.1431,-236.7396,446.8078
84.181,1,0,heuristic,39.9675,128.7577,1.2665,0.7140,0.9377,1.1786,-1.9710,1.4781,4.0000,0.6027,1.5555,22.9952,0.2115,3.0000,0.0000,0.0000,0,20.3060,-364.0500,493.2111,64.5805,428.6306,40.6284,42.5522,-365.9739,576.3916
84.231,1,0,heuristic,40.0005,128.8036,1.2724,0.6982,0.9265,1.1602,2.1852,1.4819,4.0000,0.5704,1.5555,22.9481,0.2096,3.0000,0.0000,0.0000,0,20.3060,-364.0500,493.2111,64.5805,428.6306,40.8938,2.5522,-325.7085,536.6570
84.281,1,0,heuristic,40.0005,128.8036,1.2748,0.6982,0.9265,1.1602,-1.9005,1.4819,4.0000,0.5704,1.5555,22.9481,0.2072,3.0000,0.0000,0.0000,0,20.3060,-144.0500,273.2111,64.5805,208.6306,40.8938,41.1354,-144.2917,355.2402
84.331,1,0,heuristic,40.0328,128.8455,1.2825,0.6934,0.9158,1.1487,2.2637,1.4859,4.0000,0.5387,1.5555,22.9049,0.2034,3.0000,0.0000,0.0000,0,20.3060,-192.0836,163.2114,-14.4361,177.6475,41.0589,1.1354,-152.1601,205.4057
84.381,1,0,heuristic,40.0685,128.8889,1.2902,0.6916,0.8997,1.1348,2.2818,1.4902,4.0000,0.5038,1.5555,22.8601,0.2000,3.0000,0.0000,0.0000,0,20.3060,-302.0836,273.2114,-14.4361,287.6475,41.2582,-29.5363,-231.2890,284.9334
84.431,1,0,heuristic,40.1024,128.9294,1.2982,0.6947,0.8886,1.1279,-1.8133,1.4944,4.0000,0.4705,1.5555,22.8184,0.1962,3.0000,0.0000,0.0000,0,20.3060,-300.7022,163.2114,-68.7454,231.9568,41.3578,10.4637,-269.8080,215.0329
84.481,1,0,heuristic,40.1381,128.9717,1.3072,0.6931,0.8735,1.1150,2.3020,1.4988,4.0000,0.4354,1.5555,22.7749,0.1916,3.0000,0.0000,0.0000,0,20.3060,-410.7022,254.7913,-77.9554,332.7467,41.5433,-29.5363,-339.6225,266.7983
84.531,1,0,heuristic,40.1713,129.0106,1.3167,0.6930,0.8611,1.1053,-1.7825,1.5030,4.0000,0.4028,1.5555,22.7349,0.1863,3.0000,0.0000,0.0000,0,20.3060,-300.7022,364.7912,32.0445,332.7467,41.6835,10.4637,-269.4823,416.9384
84.581,1,0,heuristic,40.1713,129.0106,1.3271,0.6930,0.8611,1.1053,2.3498,1.5030,4.0000,0.4028,1.5555,22.7349,0.1758,3.0000,0.0000,0.0000,0,20.3060,-405.2660,392.0720,-6.5970,398.6690,41.6835,-29.5363,-334.0462,404.2192
84.631,1,0,heuristic,40.2392,129.0878,1.3438,0.6882,0.8289,1.0774,2.3820,1.5114,4.0000,0.3361,1.5555,22.6556,0.1676,3.0000,0.0000,0.0000,0,20.3060,-295.2666,463.7075,84.2204,379.4870,42.0859,-32.8115,-220.3692,472.9819
84.682,1,0,heuristic,40.2392,129.0878,1.3530,0.6882,0.8289,1.0774,2.3935,1.5114,4.0000,0.3361,1.5555,22.6556,0.1584,3.0000,0.0000,0.0000,0,20.3060,-185.2666,395.8266,105.2800,290.5466,42.0859,-33.3656,-109.8151,404.5470
84.731,1,0,heuristic,40.2746,129.1267,1.3624,0.6870,0.8130,1.0644,-1.7065,1.5159,4.0000,0.3012,1.5555,22.6156,0.1534,3.0000,0.0000,0.0000,0,20.3060,-75.2666,285.8266,105.2800,180.5466,42.2730,6.6344,-39.6280,334.7340
84.781,1,0,heuristic,40.3087,129.1637,1.3760,0.6913,0.8043,1.0605,2.4060,1.5202,4.0000,0.2678,1.5555,22.5778,0.1443,3.0000,0.0000,0.0000,0,20.3060,-185.2666,175.8266,-4.7200,180.5466,42.3281,-33.3656,-109.5730,184.7891
84.831,1,0,heuristic,40.3087,129.1637,1.3898,0.6913,0.8043,1.0605,-1.6865,1.5202,4.0000,0.2678,1.5555,22.5778,0.1304,3.0000,0.0000,0.0000,0,20.3060,-80.4439,65.8266,-7.3087,73.1353,42.3281,6.6344,-44.7503,114.7891
84.881,1,0,heuristic,40.3451,129.2033,1.4043,0.6931,0.7959,1.0554,2.4343,1.5249,4.0000,0.2320,1.5555,22.5372,0.1207,3.0000,0.0000,0.0000,0,20.3060,-80.4439,65.8266,-7.3087,73.1353,42.4028,-33.3656,-4.6755,74.8638
84.931,1,0,heuristic,40.3793,129.2402,1.4221,0.6970,0.7905,1.0539,-1.7172,1.5293,4.0000,0.1984,1.5555,22.4994,0.1073,3.0000,0.0000,0.0000,0,20.3060,29.5561,-44.1734,-7.3087,-36.8647,42.4239,6.6344,65.3455,4.8849
84.981,1,0,heuristic,40.4149,129.2785,1.4328,0.6947,0.7796,1.0442,2.3858,1.5339,4.0000,0.1633,1.5555,22.4603,0.1011,3.0000,0.0000,0.0000,0,20.3060,139.5561,-154.1734,-7.3087,-146.8647,42.5632,-33.3656,215.4849,-144.9758
85.031,1,0,heuristic,40.4474,129.3138,1.4465,0.6912,0.7707,1.0352,-1.7515,1.5381,4.0000,0.1313,1.5555,22.4244,0.0916,3.0000,0.0000,0.0000,0,20.3060,249.5561,-264.1734,-7.3087,-256.8647,42.6930,6.6344,285.6147,-214.8460
85.081,1,0,heuristic,40.4474,129.3138,1.4555,0.6912,0.7707,1.0352,-1.7940,1.5381,4.0000,0.1313,1.5555,22.4244,0.0826,3.0000,0.0000,0.0000,0,20.3060,359.5561,-374.1734,-7.3087,-366.8647,42.6930,33.6238,368.6253,-297.8566
85.131,1,0,heuristic,40.4803,129.3504,1.4717,0.6794,0.7573,1.0174,-1.8533,1.5424,4.0000,0.0990,1.5555,22.3871,0.0706,3.0000,0.0000,0.0000,0,20.3060,359.5561,-594.1734,-117.3087,-476.8647,42.9492,34.0875,368.4178,-517.1368
85.181,1,0,heuristic,40.5092,129.3842,1.4825,0.6640,0.7468,0.9993,2.2378,1.5461,4.0000,0.0706,1.5555,22.3527,0.0635,3.0000,0.0000,0.0000,0,20.3060,469.5561,-484.1734,-7.3087,-476.8647,43.2106,-5.9125,518.6792,-446.8754
85.231,1,0,heuristic,40.5371,129.4190,1.4914,0.6383,0.7313,0.9707,-1.9585,1.5497,4.0000,0.0433,1.5555,22.3174,0.0583,3.0000,0.0000,0.0000,0,20.3060,468.0287,-494.1775,-13.0744,-481.1031,43.6225,34.0875,477.5638,-416.4675
85.281,1,0,heuristic,40.5371,129.4190,1.4958,0.6383,0.7313,0.9707,-2.0152,1.5497,4.0000,0.0433,1.5555,22.3174,0.0539,3.0000,0.0000,0.0000,0,20.3060,358.0287,-604.1775,-123.0744,-481.1031,43.6225,36.0447,365.6065,-524.5102
85.331,1,0,heuristic,40.5606,129.4507,1.5011,0.6085,0.7173,0.9406,-2.0718,1.5528,4.0000,0.0203,1.5555,22.2853,0.0517,3.0000,0.0000,0.0000,0,20.3060,467.0444,-714.1775,-123.5665,-590.6109,44.0551,36.8605,474.2391,-633.2618
85.382,1,0,heuristic,40.5827,129.4832,1.5047,0.5719,0.6987,0.9029,2.0425,1.5557,4.0000,-0.0013,1.5555,22.2525,0.0509,3.0000,0.0000,0.0000,0,20.3060,357.0444,-604.1775,-123.5665,-480.6109,44.5975,-3.1395,404.7815,-562.7194
85.431,1,0,heuristic,40.6011,129.5121,1.5064,0.5344,0.6792,0.8642,-2.1885,1.5582,4.0000,-0.0193,1.5555,22.2234,0.0517,3.0000,0.0000,0.0000,0,20.3060,247.0444,-494.1775,-123.5665,-370.6109,45.1556,36.8605,255.3396,-412.1613
85.481,1,0,heuristic,40.6011,129.5121,1.5060,0.5344,0.6792,0.8642,-2.2073,1.5582,4.0000,-0.0193,1.5555,22.2234,0.0521,3.0000,0.0000,0.0000,0,20.3060,137.0444,-384.1775,-123.5665,-260.6109,45.1556,39.0763,143.1238,-299.9456
85.531,1,0,heuristic,40.6183,129.5407,1.5032,0.4935,0.6533,0.8187,-2.2410,1.5605,4.0000,-0.0360,1.5555,22.1945,0.0573,3.0000,0.0000,0.0000,0,20.3060,42.8513,-274.1775,-115.6631,-158.5144,45.8102,39.8120,48.8495,-188.5552
85.581,1,0,heuristic,40.6330,129.5658,1.5011,0.4560,0.6272,0.7755,-2.2565,1.5625,4.0000,-0.0503,1.5555,22.1692,0.0614,3.0000,0.0000,0.0000,0,20.3060,142.8476,-164.1775,-10.6649,-153.5125,46.4335,40.2043,149.0767,-77.5397
85.632,1,0,heuristic,40.6477,129.5904,1.4950,0.4212,0.5965,0.7302,1.8865,1.5646,4.0000,-0.0646,1.5555,22.1444,0.0696,3.0000,0.0000,0.0000,0,20.3060,32.8476,-54.1775,-10.6649,-43.5125,47.0847,0.2043,79.7280,-6.8884
85.681,1,0,heuristic,40.6477,129.5904,1.4890,0.4212,0.5965,0.7302,-2.2495,1.5646,4.0000,-0.0646,1.5555,22.1444,0.0756,3.0000,0.0000,0.0000,0,20.3060,-77.1524,55.8225,-10.6649,66.4875,47.0847,40.2043,-70.2720,143.1116
85.731,1,0,heuristic,40.6609,129.6125,1.4849,0.3922,0.5696,0.6916,-2.2490,1.5665,4.0000,-0.0775,1.5555,22.1221,0.0816,3.0000,0.0000,0.0000,0,20.3060,-187.1524,157.9504,-14.6010,172.5514,47.6416,40.8103,-180.3211,246.4023
85.781,1,0,heuristic,40.6748,129.6354,1.4780,0.3673,0.5437,0.6561,-2.2345,1.5686,4.0000,-0.0911,1.5555,22.0991,0.0905,3.0000,0.0000,0.0000,0,20.3060,-297.1524,267.9504,-14.6010,282.5514,48.1516,40.8881,-289.8890,356.9901
85.831,1,0,heuristic,40.6883,129.6565,1.4723,0.3499,0.5227,0.6290,1.9563,1.5705,4.0000,-0.1042,1.5555,22.0779,0.0983,3.0000,0.0000,0.0000,0,20.3060,-407.1524,365.1680,-20.9922,386.1602,48.5422,0.8881,-359.4983,414.5984
85.881,1,0,heuristic,40.6883,129.6565,1.4696,0.3499,0.5227,0.6290,-2.1640,1.5705,4.0000,-0.1042,1.5555,22.0779,0.1009,3.0000,0.0000,0.0000,0,20.3060,-517.1524,255.1680,-130.9922,386.1602,48.5422,40.0837,-508.6939,343.7940
85.931,1,0,heuristic,40.7033,129.6783,1.4631,0.3379,0.5020,0.6051,-2.1033,1.5727,4.0000,-0.1190,1.5555,22.0559,0.1096,3.0000,0.0000,0.0000,0,20.3060,-627.1404,365.1680,-130.9862,496.1542,48.8861,39.3730,-617.6273,453.4271
85.981,1,0,heuristic,40.7186,129.6980,1.4621,0.3338,0.4838,0.5878,-2.0733,1.5750,4.0000,-0.1339,1.5555,22.0360,0.1129,3.0000,0.0000,0.0000,0,20.3060,-518.3253,475.1680,-21.5786,496.7467,49.1363,38.9660,-508.1550,563.2704
86.031,1,0,heuristic,40.7186,129.6980,1.4608,0.3338,0.4838,0.5878,-2.0208,1.5750,4.0000,-0.1339,1.5555,22.0360,0.1142,3.0000,0.0000,0.0000,0,20.3060,-518.3253,475.1680,-21.5786,496.7467,49.1363,38.1333,-507.3224,562.4377
86.081,1,0,heuristic,40.7362,129.7173,1.4630,0.3348,0.4613,0.5700,2.2218,1.5776,4.0000,-0.1512,1.5555,22.0166,0.1145,3.0000,0.0000,0.0000,0,20.3060,-628.3149,585.1680,-21.5734,606.7415,49.3916,-1.8667,-577.0567,632.6929
86.132,1,0,heuristic,40.7545,129.7350,1.4633,0.3440,0.4426,0.5605,-1.9045,1.5802,4.0000,-0.1692,1.5555,21.9988,0.1169,3.0000,0.0000,0.0000,0,20.3060,-620.5161,805.1680,92.3260,712.8420,49.5284,36.2169,-607.2046,890.9133
86.182,1,0,heuristic,40.7759,129.7534,1.4680,0.3578,0.4251,0.5556,2.3295,1.5834,4.0000,-0.1904,1.5555,21.9802,0.1154,3.0000,0.0000,0.0000,0,20.3060,-592.6844,914.9183,161.1170,753.8013,49.5997,-3.7831,-539.3016,960.7349
86.231,1,0,heuristic,40.7985,129.7715,1.4769,0.3802,0.4153,0.5631,2.4130,1.5866,4.0000,-0.2127,1.5555,21.9620,0.1097,3.0000,0.0000,0.0000,0,20.3060,-482.6844,896.0008,206.6582,689.3426,49.4920,-36.6857,-396.5067,908.8071
86.281,1,0,heuristic,40.7985,129.7715,1.4818,0.3802,0.4153,0.5631,2.4352,1.5866,4.0000,-0.2127,1.5555,21.9620,0.1048,3.0000,0.0000,0.0000,0,20.3060,-592.6844,837.7635,122.5396,715.2240,49.4920,-37.2495,-505.9429,850.0061
86.331,1,0,heuristic,40.8251,129.7928,1.4996,0.4066,0.4142,0.5804,2.5465,1.5903,4.0000,-0.2390,1.5555,21.9405,0.0907,3.0000,0.0000,0.0000,0,20.3060,-482.6844,727.7635,122.5396,605.2240,49.2416,-39.7208,-393.7219,737.2843
86.381,1,0,heuristic,40.8523,129.8157,1.5069,0.4384,0.4269,0.6119,2.5442,1.5939,4.0000,-0.2658,1.5555,21.9175,0.0871,3.0000,0.0000,0.0000,0,20.3060,-591.9245,620.9188,14.4971,606.4217,48.7883,-39.8787,-503.2576,629.8285
86.431,1,0,heuristic,40.8828,129.8427,1.5226,0.4681,0.4452,0.6460,-1.5857,1.5979,4.0000,-0.2959,1.5555,21.8905,0.0753,3.0000,0.0000,0.0000,0,20.3060,-552.9160,704.3639,75.7239,628.6399,48.2976,0.1213,-504.7397,752.7829
86.481,1,0,heuristic,40.8828,129.8427,1.5405,0.4681,0.4452,0.6460,2.6012,1.5979,4.0000,-0.2959,1.5555,21.8905,0.0575,3.0000,0.0000,0.0000,0,20.3060,-503.4004,814.3639,155.4817,658.8821,48.2976,-39.8787,-415.2241,822.7829
86.531,1,0,heuristic,40.9126,129.8697,1.5559,0.4987,0.4687,0.6844,2.6495,1.6018,4.0000,-0.3253,1.5555,21.8634,0.0459,3.0000,0.0000,0.0000,0,20.3060,-613.4004,704.3639,45.4817,658.8821,47.7445,-43.3701,-522.2858,708.7383
86.581,1,0,heuristic,40.9452,129.9009,1.5806,0.5243,0.4948,0.7209,2.6695,1.6059,4.0000,-0.3574,1.5555,21.8323,0.0253,3.0000,0.0000,0.0000,0,20.3060,-565.7078,594.3640,14.3281,580.0359,47.2188,-44.5727,-473.9163,597.0101
86.631,1,0,heuristic,40.9766,129.9326,1.6027,0.5503,0.5281,0.7627,-1.4765,1.6098,4.0000,-0.3883,1.5555,21.8006,0.0071,3.0000,0.0000,0.0000,0,20.3060,-455.7078,492.1942,18.2432,473.9510,46.6176,-4.5727,-404.5175,534.2391
86.681,1,0,heuristic,40.9766,129.9326,1.6263,0.5503,0.5281,0.7627,2.7197,1.6098,4.0000,-0.3883,1.5555,21.8006,-0.0165,3.0000,0.0000,0.0000,0,20.3060,-345.7078,382.1942,18.2432,363.9510,46.6176,-44.5727,-254.5175,384.2391
86.731,1,0,heuristic,41.0103,129.9680,1.6505,0.5698,0.5587,0.7980,-1.4465,1.6140,4.0000,-0.4215,1.5555,21.7653,-0.0365,3.0000,0.0000,0.0000,0,20.3060,-235.7078,319.2345,41.7634,277.4711,46.1083,-4.5727,-185.0267,360.7701
86.781,1,0,heuristic,41.0420,130.0026,1.6683,0.5879,0.5912,0.8337,-1.4550,1.6179,4.0000,-0.4526,1.5555,21.7308,-0.0504,3.0000,0.0000,0.0000,0,20.3060,-203.4158,356.2552,76.4197,279.8355,45.5946,21.5786,-179.3997,423.4284
86.831,1,0,heuristic,41.0749,130.0405,1.7005,0.5968,0.6187,0.8596,-1.4910,1.6219,4.0000,-0.4849,1.5555,21.6931,-0.0786,3.0000,0.0000,0.0000,0,20.3060,-93.4158,246.2552,76.4197,169.8355,45.2212,21.0216,-69.2163,312.4980
86.881,1,0,heuristic,41.1051,130.0774,1.7257,0.6032,0.6486,0.8857,2.6960,1.6256,4.0000,-0.5145,1.5555,21.6565,-0.1001,3.0000,0.0000,0.0000,0,20.3060,-93.4158,246.2552,76.4197,169.8355,44.8458,-18.9784,-29.5916,272.1226
86.931,1,0,heuristic,41.1051,130.0774,1.7502,0.6032,0.6486,0.8857,-1.5160,1.6256,4.0000,-0.5145,1.5555,21.6565,-0.1245,3.0000,0.0000,0.0000,0,20.3060,16.5842,136.2552,76.4197,59.8355,44.8458,19.5923,41.8378,200.6933
86.982,1,0,heuristic,41.1359,130.1177,1.7744,0.6012,0.6738,0.9030,2.6578,1.6294,4.0000,-0.5448,1.5555,21.6165,-0.1449,3.0000,0.0000,0.0000,0,20.3060,100.3458,26.2552,63.3005,-37.0453,44.5968,-20.4077,165.3504,50.4443
87.032,1,0,heuristic,41.1636,130.1565,1.7930,0.5964,0.7006,0.9201,2.6270,1.6328,4.0000,-0.5719,1.5555,21.5780,-0.1602,3.0000,0.0000,0.0000,0,20.3060,299.3863,-193.7448,52.8207,-246.5655,44.3513,-51.5104,395.2479,-200.9039
87.081,1,0,heuristic,41.1911,130.1981,1.8200,0.5829,0.7207,0.9269,2.5623,1.6363,4.0000,-0.5987,1.5555,21.5367,-0.1836,3.0000,0.0000,0.0000,0,20.3060,189.4881,-303.7448,-57.1284,-246.6164,44.2525,-51.3882,285.1287,-310.8805
87.131,1,0,heuristic,41.2151,130.2375,1.8405,0.5663,0.7407,0.9323,-1.6958,1.6394,4.0000,-0.6221,1.5555,21.4976,-0.2011,3.0000,0.0000,0.0000,0,20.3060,299.4849,-413.7448,-57.1300,-356.6149,44.1742,-11.3882,355.0473,-380.9588
87.181,1,0,heuristic,41.2151,130.2375,1.8539,0.5663,0.7407,0.9323,-1.7512,1.6394,4.0000,-0.6221,1.5555,21.4976,-0.2145,3.0000,0.0000,0.0000,0,20.3060,409.4849,-490.1482,-40.3317,-449.8166,44.1742,19.8276,433.8314,-426.1464
87.232,1,0,heuristic,41.2381,130.2783,1.8761,0.5415,0.7496,0.9248,-1.8310,1.6425,4.0000,-0.6445,1.5555,21.4571,-0.2335,3.0000,0.0000,0.0000,0,20.3060,473.3833,-380.1482,46.6175,-426.7658,44.2835,20.3839,497.2829,-315.4809
87.281,1,0,heuristic,41.2575,130.3153,1.8861,0.5140,0.7536,0.9122,-1.8685,1.6453,4.0000,-0.6633,1.5555,21.4205,-0.2408,3.0000,0.0000,0.0000,0,20.3060,363.3833,-290.8147,36.2843,-327.0990,44.4636,20.6948,387.1521,-225.6562
87.331,1,0,heuristic,41.2753,130.3532,1.9023,0.4798,0.7489,0.8894,-1.9425,1.6480,4.0000,-0.6806,1.5555,21.3828,-0.2543,3.0000,0.0000,0.0000,0,20.3060,253.3833,-180.8147,36.2843,-217.0990,44.7929,21.3788,276.7974,-114.6430
87.381,1,0,heuristic,41.2897,130.3885,1.9121,0.4438,0.7459,0.8680,2.2230,1.6503,4.0000,-0.6944,1.5555,21.3478,-0.2618,3.0000,0.0000,0.0000,0,20.3060,143.3836,-71.8769,35.7533,-107.6302,45.1015,-18.6212,207.1063,-45.3967
87.431,1,0,heuristic,41.2897,130.3885,1.9196,0.4438,0.7459,0.8680,-2.0195,1.6503,4.0000,-0.6944,1.5555,21.3478,-0.2693,3.0000,0.0000,0.0000,0,20.3060,143.3836,-71.8769,35.7533,-107.6302,45.1015,21.3788,167.1063,-5.3967
87.481,1,0,heuristic,41.3030,130.4255,1.9271,0.4059,0.7392,0.8433,2.1808,1.6525,4.0000,-0.7071,1.5555,21.3110,-0.2745,3.0000,0.0000,0.0000,0,20.3060,143.3812,-291.8150,-74.2169,-217.5981,45.4567,-18.6212,207.4591,-264.9795
87.531,1,0,heuristic,41.3140,130.4603,1.9304,0.3709,0.7364,0.8245,-2.0690,1.6543,4.0000,-0.7176,1.5555,21.2764,-0.2760,3.0000,0.0000,0.0000,0,20.3060,111.6905,-401.8150,-145.0622,-256.7527,45.7269,21.3788,136.0386,-334.7093
87.581,1,0,heuristic,41.3247,130.4969,1.9350,0.3376,0.7297,0.8040,2.1263,1.6562,4.0000,-0.7277,1.5555,21.2401,-0.2788,3.0000,0.0000,0.0000,0,20.3060,1.6905,-464.9970,-231.6532,-233.3437,46.0217,-18.6212,66.3334,-437.5965
87.631,1,0,heuristic,41.3339,130.5299,1.9367,0.3087,0.7213,0.7846,-2.1275,1.6578,4.0000,-0.7365,1.5555,21.2072,-0.2789,3.0000,0.0000,0.0000,0,20.3060,-108.3095,-354.9970,-231.6532,-123.3437,46.3019,21.3788,-83.3863,-287.3163
87.681,1,0,heuristic,41.3339,130.5299,1.9383,0.3087,0.7213,0.7846,2.0695,1.6578,4.0000,-0.7365,1.5555,21.2072,-0.2805,3.0000,0.0000,0.0000,0,20.3060,-207.3031,-244.9970,-226.1501,-18.8469,46.3019,-18.6212,-142.3800,-217.3163
87.732,1,0,heuristic,41.3434,130.5621,1.9385,0.2832,0.7009,0.7559,-2.1690,1.6596,4.0000,-0.7454,1.5555,21.1752,-0.2789,3.0000,0.0000,0.0000,0,20.3060,-240.7507,-134.9970,-187.8738,52.8769,46.7149,21.3788,-215.4145,-66.9033
87.781,1,0,heuristic,41.3526,130.5894,1.9383,0.2651,0.6746,0.7248,2.0810,1.6615,4.0000,-0.7542,1.5555,21.1481,-0.2768,3.0000,0.0000,0.0000,0,20.3060,-130.7507,-24.9970,-77.8738,52.8769,47.1635,-18.6212,-64.9660,3.5453
87.831,1,0,heuristic,41.3630,130.6151,1.9371,0.2520,0.6384,0.6863,-2.1458,1.6638,4.0000,-0.7642,1.5555,21.1227,-0.2733,3.0000,0.0000,0.0000,0,20.3060,-210.6182,85.0030,-62.8076,147.8106,47.7175,21.3788,-184.2795,154.0993
87.881,1,0,heuristic,41.3732,130.6367,1.9364,0.2442,0.6007,0.6484,2.0930,1.6661,4.0000,-0.7741,1.5555,21.1013,-0.2703,3.0000,0.0000,0.0000,0,20.3060,-100.6182,195.0030,47.1924,147.8106,48.2624,-18.6212,-33.7346,224.6442
87.931,1,0,heuristic,41.3844,130.6577,1.9354,0.2383,0.5615,0.6100,2.1260,1.6685,4.0000,-0.7849,1.5555,21.0805,-0.2669,3.0000,0.0000,0.0000,0,20.3060,9.3818,305.0030,157.1924,147.8106,48.8166,-47.6591,105.8575,306.1606
87.981,1,0,heuristic,41.3952,130.6768,1.9353,0.2357,0.5286,0.5788,-2.1027,1.6708,4.0000,-0.7955,1.5555,21.0617,-0.2645,3.0000,0.0000,0.0000,0,20.3060,119.3818,415.0030,267.1924,147.8106,49.2658,-7.6591,176.3067,456.6097
88.031,1,0,heuristic,41.3952,130.6768,1.9355,0.2357,0.5286,0.5788,2.1578,1.6708,4.0000,-0.7955,1.5555,21.0617,-0.2647,3.0000,0.0000,0.0000,0,20.3060,119.3818,415.0030,267.1924,147.8106,49.2658,-47.6591,216.3067,416.6097
88.082,1,0,heuristic,41.4063,130.6978,1.9362,0.2313,0.5037,0.5543,2.1458,1.6730,4.0000,-0.8063,1.5555,21.0409,-0.2633,3.0000,0.0000,0.0000,0,20.3060,9.4232,305.0030,157.2131,147.7899,49.6184,-47.8902,106.9318,306.7313
88.131,1,0,heuristic,41.4162,130.7202,1.9373,0.2261,0.4963,0.5453,-2.0798,1.6746,4.0000,-0.8158,1.5555,21.0188,-0.2627,3.0000,0.0000,0.0000,0,20.3060,-100.5768,195.0035,47.2133,147.7902,49.7472,-7.8902,-42.9395,236.8604
88.182,1,0,heuristic,41.4260,130.7470,1.9392,0.2186,0.5001,0.5458,2.1713,1.6759,4.0000,-0.8252,1.5555,20.9922,-0.2632,3.0000,0.0000,0.0000,0,20.3060,-76.2902,122.2630,22.9864,99.2766,49.7407,-47.8902,21.3406,124.1134
88.231,1,0,heuristic,41.4351,130.7742,1.9418,0.2131,0.5134,0.5559,2.1978,1.6769,4.0000,-0.8339,1.5555,20.9652,-0.2649,3.0000,0.0000,0.0000,0,20.3060,33.6294,232.2629,132.9462,99.3168,49.5950,-48.8788,132.1032,232.9792
88.281,1,0,heuristic,41.4351,130.7742,1.9440,0.2131,0.5134,0.5559,2.2052,1.6769,4.0000,-0.8339,1.5555,20.9652,-0.2670,3.0000,0.0000,0.0000,0,20.3060,125.9981,333.3728,229.6855,103.6873,49.5950,-49.0885,224.6817,333.8793
88.331,1,0,heuristic,41.4442,130.8047,1.9468,0.2052,0.5280,0.5665,-2.0450,1.6779,4.0000,-0.8425,1.5555,20.9350,-0.2689,3.0000,0.0000,0.0000,0,20.3060,219.9276,443.3728,331.6502,111.7226,49.4424,-9.0885,278.4586,483.7267
88.381,1,0,heuristic,41.4513,130.8360,1.9501,0.1939,0.5528,0.5858,2.1960,1.6783,4.0000,-0.8491,1.5555,20.9039,-0.2718,3.0000,0.0000,0.0000,0,20.3060,109.9276,353.5109,231.7193,121.7916,49.1639,-49.0885,208.1801,353.5863
88.431,1,0,heuristic,41.4566,130.8738,1.9543,0.1755,0.5876,0.6132,2.2033,1.6783,4.0000,-0.8539,1.5555,20.8662,-0.2760,3.0000,0.0000,0.0000,0,20.3060,55.7809,461.8411,258.8110,203.0301,48.7698,-49.4418,153.9925,461.1690
88.481,1,0,heuristic,41.4594,130.9138,1.9581,0.1521,0.6368,0.6547,-2.0293,1.6775,4.0000,-0.8561,1.5555,20.8263,-0.2806,3.0000,0.0000,0.0000,0,20.3060,7.2744,486.9606,247.1175,239.8431,48.1718,-9.4418,64.8880,525.6906
88.531,1,0,heuristic,41.4594,130.9138,1.9620,0.1521,0.6368,0.6547,2.2465,1.6775,4.0000,-0.8561,1.5555,20.8263,-0.2845,3.0000,0.0000,0.0000,0,20.3060,-102.7256,419.8475,158.5609,261.2866,48.1718,-49.4418,-5.1120,418.5775
88.581,1,0,heuristic,41.4603,130.9607,1.9665,0.1252,0.6900,0.7013,-2.0103,1.6763,4.0000,-0.8562,1.5555,20.7794,-0.2902,3.0000,0.0000,0.0000,0,20.3060,-87.6663,309.8475,111.0906,198.7569,47.5013,-9.4418,-30.7232,347.9070
88.631,1,0,heuristic,41.4598,131.0089,1.9714,0.0980,0.7526,0.7590,2.2913,1.6747,4.0000,-0.8550,1.5555,20.7312,-0.2967,3.0000,0.0000,0.0000,0,20.3060,-197.3145,199.8475,1.2665,198.5810,46.6709,-49.4418,-101.2017,197.0766
88.681,1,0,heuristic,41.4585,131.0630,1.9796,0.0734,0.8103,0.8136,2.2837,1.6731,4.0000,-0.8529,1.5555,20.6771,-0.3065,3.0000,0.0000,0.0000,0,20.3060,-87.3145,89.8475,1.2665,88.5810,45.8842,-51.9837,10.5534,83.7481
88.731,1,0,heuristic,41.4570,131.1154,1.9832,0.0523,0.8666,0.8682,2.3120,1.6715,4.0000,-0.8505,1.5555,20.6247,-0.3117,3.0000,0.0000,0.0000,0,20.3060,22.6855,-20.1525,1.2665,-21.4190,45.0980,-52.6545,120.4381,-27.7090
88.781,1,0,heuristic,41.4570,131.1154,1.9899,0.0523,0.8666,0.8682,-1.9710,1.6715,4.0000,-0.8505,1.5555,20.6247,-0.3184,3.0000,0.0000,0.0000,0,20.3060,132.6855,-130.1525,1.2665,-131.4190,45.0980,-12.6545,190.4381,-97.7090
88.831,1,0,heuristic,41.4551,131.1709,1.9971,0.0345,0.9067,0.9073,-1.9870,1.6702,4.0000,-0.8478,1.5555,20.5691,-0.3269,3.0000,0.0000,0.0000,0,20.3060,242.6855,-240.1525,1.2665,-241.4190,44.5346,18.9796,268.2405,-176.6383
88.882,1,0,heuristic,41.4530,131.2224,2.0056,0.0192,0.9398,0.9400,2.2593,1.6690,4.0000,-0.8450,1.5555,20.5176,-0.3366,3.0000,0.0000,0.0000,0,20.3060,352.6855,-350.1525,1.2665,-351.4190,44.0645,-21.0204,417.7704,-327.1084
88.931,1,0,heuristic,41.4504,131.2754,2.0092,0.0053,0.9557,0.9557,-2.0467,1.6682,4.0000,-0.8415,1.5555,20.4646,-0.3409,3.0000,0.0000,0.0000,0,20.3060,462.6855,-460.1470,1.2692,-461.4162,43.8383,18.9796,487.5441,-397.3291
88.981,1,0,heuristic,41.4472,131.3233,2.0161,-0.0090,0.9641,0.9642,2.1753,1.6675,4.0000,-0.8376,1.5555,20.4166,-0.3485,3.0000,0.0000,0.0000,0,20.3060,572.6855,-569.4060,1.6397,-571.0457,43.7161,-21.0204,637.4219,-546.7103
89.032,1,0,heuristic,41.4472,131.3233,2.0176,-0.0090,0.9641,0.9642,2.1460,1.6675,4.0000,-0.8376,1.5555,20.4166,-0.3501,3.0000,0.0000,0.0000,0,20.3060,541.8050,-679.4060,-68.8005,-610.6055,43.7161,-51.3388,636.8599,-687.0288
89.081,1,0,heuristic,41.4427,131.3713,2.0210,-0.0248,0.9559,0.9563,2.0433,1.6670,4.0000,-0.8323,1.5555,20.3685,-0.3540,3.0000,0.0000,0.0000,0,20.3060,541.8050,-679.4060,-68.8005,-610.6055,43.8300,-49.7543,635.3892,-685.3303
89.131,1,0,heuristic,41.4368,131.4136,2.0181,-0.0441,0.9410,0.9421,-2.2883,1.6665,4.0000,-0.8259,1.5555,20.3261,-0.3517,3.0000,0.0000,0.0000,0,20.3060,431.0974,-473.5488,-21.2257,-452.3231,44.0344,-9.7543,484.8861,-439.2686
89.181,1,0,heuristic,41.4290,131.4546,2.0172,-0.0654,0.9107,0.9131,-2.3535,1.6660,4.0000,-0.8174,1.5555,20.2848,-0.3512,3.0000,0.0000,0.0000,0,20.3060,446.2804,-363.5488,41.3658,-404.9146,44.4521,24.2464,466.4860,-294.8503
89.231,1,0,heuristic,41.4204,131.4901,2.0095,-0.0883,0.8765,0.8810,-2.4108,1.6655,4.0000,-0.8082,1.5555,20.2491,-0.3441,3.0000,0.0000,0.0000,0,20.3060,446.2804,-363.5488,41.3658,-404.9146,44.9141,25.5041,465.6904,-293.1306
89.281,1,0,heuristic,41.4101,131.5257,2.0042,-0.1101,0.8379,0.8451,1.8555,1.6648,4.0000,-0.7974,1.5555,20.2134,-0.3394,3.0000,0.0000,0.0000,0,20.3060,226.2804,-179.3462,23.4671,-202.8133,45.4307,-14.4959,286.2070,-148.4115
89.331,1,0,heuristic,41.3995,131.5582,1.9916,-0.1323,0.8058,0.8166,1.8262,1.6639,4.0000,-0.7863,1.5555,20.1806,-0.3277,3.0000,0.0000,0.0000,0,20.3060,336.2804,-289.3462,23.4671,-312.8133,45.8414,-44.9972,427.1190,-288.5021
89.381,1,0,heuristic,41.3995,131.5582,1.9807,-0.1323,0.8058,0.8166,-2.4815,1.6639,4.0000,-0.7863,1.5555,20.1806,-0.3167,3.0000,0.0000,0.0000,0,20.3060,446.2804,-253.0680,96.6062,-349.6742,45.8414,-4.9972,497.1190,-212.2239
89.431,1,0,heuristic,41.3874,131.5922,1.9659,-0.1524,0.7753,0.7901,1.7853,1.6628,4.0000,-0.7737,1.5555,20.1463,-0.3032,3.0000,0.0000,0.0000,0,20.3060,556.2804,-266.2105,145.0349,-411.2455,46.2219,-43.3293,645.8316,-263.3180
89.482,1,0,heuristic,41.3751,131.6241,1.9606,-0.1733,0.7532,0.7729,1.7760,1.6614,4.0000,-0.7609,1.5555,20.1142,-0.2992,3.0000,0.0000,0.0000,0,20.3060,609.8313,-345.2826,132.2744,-477.5569,46.4701,-42.9968,699.2982,-341.8092
89.531,1,0,heuristic,41.3602,131.6590,1.9428,-0.1958,0.7368,0.7623,1.7395,1.6595,4.0000,-0.7455,1.5555,20.0789,-0.2833,3.0000,0.0000,0.0000,0,20.3060,580.6174,-425.3872,77.6151,-503.0023,46.6222,-41.7328,668.9723,-420.4978
89.581,1,0,heuristic,41.3440,131.6934,1.9279,-0.2240,0.7329,0.7664,-2.5918,1.6571,4.0000,-0.7288,1.5555,20.0442,-0.2708,3.0000,0.0000,0.0000,0,20.3060,580.6174,-425.3872,77.6151,-503.0023,46.5639,-1.7328,628.9140,-380.5561
89.631,1,0,heuristic,41.3440,131.6934,1.9150,-0.2240,0.7329,0.7664,-2.6210,1.6571,4.0000,-0.7288,1.5555,20.0442,-0.2579,3.0000,0.0000,0.0000,0,20.3060,531.0347,-478.2223,26.4062,-504.6285,46.5639,32.5448,545.0538,-399.1136
89.681,1,0,heuristic,41.3245,131.7315,1.8948,-0.2543,0.7328,0.7757,-2.6745,1.6541,4.0000,-0.7087,1.5555,20.0057,-0.2407,3.0000,0.0000,0.0000,0,20.3060,671.1230,-478.2223,96.4504,-574.6727,46.4298,34.1516,683.4012,-397.6409
89.731,1,0,heuristic,41.3043,131.7686,1.8859,-0.2879,0.7407,0.7947,1.6293,1.6509,4.0000,-0.6879,1.5555,19.9682,-0.2350,3.0000,0.0000,0.0000,0,20.3060,737.3727,-368.2223,184.5752,-552.7975,46.1568,-5.8484,789.3779,-327.9139
89.781,1,0,heuristic,41.3043,131.7686,1.8672,-0.2879,0.7407,0.7947,-2.7025,1.6509,4.0000,-0.6879,1.5555,19.9682,-0.2163,3.0000,0.0000,0.0000,0,20.3060,627.3727,-258.2223,184.5752,-442.7975,46.1568,34.1516,639.3779,-177.9139
89.831,1,0,heuristic,41.2809,131.8092,1.8409,-0.3200,0.7489,0.8144,-2.7397,1.6472,4.0000,-0.6639,1.5555,19.9272,-0.1938,3.0000,0.0000,0.0000,0,20.3060,517.7725,-148.2223,184.7751,-332.9974,45.8723,37.1644,526.4804,-65.1856
89.881,1,0,heuristic,41.2572,131.8496,1.8316,-0.3550,0.7675,0.8456,1.5870,1.6433,4.0000,-0.6395,1.5555,19.8863,-0.1884,3.0000,0.0000,0.0000,0,20.3060,562.0724,-38.9562,261.5581,-300.5143,45.4237,-2.8356,610.3316,3.6319
89.931,1,0,heuristic,41.2309,131.8951,1.8048,-0.3850,0.7888,0.8778,1.5978,1.6390,4.0000,-0.6126,1.5555,19.8405,-0.1657,3.0000,0.0000,0.0000,0,20.3060,562.0724,-38.9562,261.5581,-300.5143,44.9601,-34.5136,641.5461,-28.5097
89.981,1,0,heuristic,41.2056,131.9406,1.7830,-0.4136,0.8206,0.9189,-2.7195,1.6348,4.0000,-0.5865,1.5555,19.7946,-0.1482,3.0000,0.0000,0.0000,0,20.3060,370.9022,-38.9651,165.9685,-204.9336,44.3674,5.4864,409.7832,10.8887
90.031,1,0,heuristic,41.2056,131.9406,1.7719,-0.4136,0.8206,0.9189,-2.7125,1.6348,4.0000,-0.5865,1.5555,19.7946,-0.1371,3.0000,0.0000,0.0000,0,20.3060,260.9022,-148.9651,55.9685,-204.9336,44.3674,39.0643,266.2052,-65.5334
90.082,1,0,heuristic,41.1785,131.9916,1.7502,-0.4348,0.8527,0.9572,1.6098,1.6305,4.0000,-0.5587,1.5555,19.7432,-0.1197,3.0000,0.0000,0.0000,0,20.3060,332.0486,-40.8949,145.5769,-186.4718,43.8170,-0.9357,376.8012,1.9864
90.131,1,0,heuristic,41.1537,132.0410,1.7284,-0.4516,0.8879,0.9961,-2.6913,1.6265,4.0000,-0.5331,1.5555,19.6935,-0.1019,3.0000,0.0000,0.0000,0,20.3060,319.1869,69.1051,194.1460,-125.0409,43.2556,39.0643,323.3782,151.4251
90.181,1,0,heuristic,41.1537,132.0410,1.7074,-0.4516,0.8879,0.9961,1.6515,1.6265,4.0000,-0.5331,1.5555,19.6935,-0.0809,3.0000,0.0000,0.0000,0,20.3060,256.5993,175.2399,215.9196,-40.6797,43.2556,-0.9357,300.7907,217.5599
90.232,1,0,heuristic,41.1278,132.0942,1.6866,-0.4607,0.9149,1.0244,-2.6540,1.6226,4.0000,-0.5064,1.5555,19.6400,-0.0640,3.0000,0.0000,0.0000,0,20.3060,366.5973,285.2399,325.9186,-40.6787,42.8491,39.0643,370.3821,367.1534
90.281,1,0,heuristic,41.1041,132.1457,1.6705,-0.4674,0.9467,1.0558,-2.6398,1.6190,4.0000,-0.4819,1.5555,19.5883,-0.0515,3.0000,0.0000,0.0000,0,20.3060,256.5973,395.1428,325.8701,69.2728,42.3970,41.3825,257.6119,478.9223
90.331,1,0,heuristic,41.0798,132.2029,1.6534,-0.4674,0.9773,1.0833,1.7340,1.6153,4.0000,-0.4568,1.5555,19.5309,-0.0381,3.0000,0.0000,0.0000,0,20.3060,146.5973,401.4373,274.0173,127.4200,42.0000,1.3825,187.2149,444.8198
90.381,1,0,heuristic,41.0578,132.2597,1.6299,-0.4653,1.0185,1.1198,1.7750,1.6120,4.0000,-0.4339,1.5555,19.4739,-0.0180,3.0000,0.0000,0.0000,0,20.3060,36.5973,291.4373,164.0173,127.4200,41.4749,-31.3832,109.4553,301.5290
90.431,1,0,heuristic,41.0578,132.2597,1.6214,-0.4653,1.0185,1.1198,-2.5198,1.6120,4.0000,-0.4339,1.5555,19.4739,-0.0095,3.0000,0.0000,0.0000,0,20.3060,-73.4027,181.4373,54.0173,127.4200,41.4749,8.6168,-40.5447,231.5290
90.481,1,0,heuristic,41.0358,132.3224,1.5980,-0.4572,1.0561,1.1508,1.8428,1.6086,4.0000,-0.4109,1.5555,19.4110,0.0106,3.0000,0.0000,0.0000,0,20.3060,-183.4027,71.4373,-55.9827,127.4200,41.0287,-31.3603,-111.0137,81.1058
90.531,1,0,heuristic,41.0161,132.3824,1.5908,-0.4475,1.0946,1.1826,-2.4653,1.6057,4.0000,-0.3904,1.5555,19.3510,0.0148,3.0000,0.0000,0.0000,0,20.3060,-293.4027,121.1581,-86.1223,207.2804,40.5709,8.6397,-261.4714,170.3687
90.581,1,0,heuristic,41.0161,132.3824,1.5774,-0.4475,1.0946,1.1826,1.9060,1.6057,4.0000,-0.3904,1.5555,19.3510,0.0283,3.0000,0.0000,0.0000,0,20.3060,-403.4027,231.1304,-86.1362,317.2665,40.5709,-31.3603,-331.4714,240.3410
90.631,1,0,heuristic,40.9966,132.4449,1.5655,-0.4331,1.1164,1.1975,-2.3967,1.6029,4.0000,-0.3699,1.5555,19.2883,0.0374,3.0000,0.0000,0.0000,0,20.3060,-513.3799,219.3141,-147.0329,366.3470,40.3558,8.6397,-481.6638,268.3096
90.681,1,0,heuristic,40.9794,132.5020,1.5573,-0.4180,1.1308,1.2056,-2.3625,1.6005,4.0000,-0.3519,1.5555,19.2312,0.0433,3.0000,0.0000,0.0000,0,20.3060,-403.3799,329.3003,-37.0398,366.3401,40.2391,40.6777,-403.8185,410.2171
90.731,1,0,heuristic,40.9630,132.5597,1.5460,-0.3977,1.1267,1.1948,-2.2988,1.5984,4.0000,-0.3345,1.5555,19.1735,0.0524,3.0000,0.0000,0.0000,0,20.3060,-513.3799,439.3003,-37.0398,476.3401,40.3949,39.9966,-512.9816,519.6917
90.781,1,0,heuristic,40.9494,132.6116,1.5388,-0.3749,1.1175,1.1787,2.1150,1.5967,4.0000,-0.3201,1.5555,19.1215,0.0579,3.0000,0.0000,0.0000,0,20.3060,-420.2114,549.3003,64.5445,484.7558,40.6263,-0.0034,-379.5817,589.9232
90.831,1,0,heuristic,40.9494,132.6116,1.5339,-0.3749,1.1175,1.1787,-2.1823,1.5967,4.0000,-0.3201,1.5555,19.1215,0.0628,3.0000,0.0000,0.0000,0,20.3060,-509.8360,659.3003,74.7321,584.5682,40.6263,38.4728,-507.6826,738.3994
90.881,1,0,heuristic,40.9373,132.6644,1.5295,-0.3462,1.0971,1.1504,-2.1225,1.5953,4.0000,-0.3073,1.5555,19.0687,0.0658,3.0000,0.0000,0.0000,0,20.3060,-619.7047,549.3003,-35.2022,584.5025,41.0338,37.6108,-616.2816,627.9449
90.931,1,0,heuristic,40.9284,132.7128,1.5303,-0.3143,1.0795,1.1243,2.2970,1.5942,4.0000,-0.2976,1.5555,19.0203,0.0639,3.0000,0.0000,0.0000,0,20.3060,-530.1797,449.3103,-40.4347,489.7450,41.4098,-2.3892,-486.3807,488.3308
90.981,1,0,heuristic,40.9218,132.7623,1.5321,-0.2769,1.0539,1.0897,2.3527,1.5935,4.0000,-0.2902,1.5555,18.9708,0.0614,3.0000,0.0000,0.0000,0,20.3060,-530.1797,449.3103,-40.4347,489.7450,41.9085,-37.7108,-450.5604,453.5081
91.031,1,0,heuristic,40.9218,132.7623,1.5352,-0.2769,1.0539,1.0897,2.3795,1.5935,4.0000,-0.2902,1.5555,18.9708,0.0583,3.0000,0.0000,0.0000,0,20.3060,-560.0657,449.3103,-55.3777,504.6880,41.9085,-38.2823,-479.8748,452.9365
91.081,1,0,heuristic,40.9178,132.8066,1.5410,-0.2378,1.0275,1.0547,-1.9103,1.5932,4.0000,-0.2856,1.5555,18.9266,0.0522,3.0000,0.0000,0.0000,0,20.3060,-560.0657,449.3103,-55.3777,504.6880,42.4128,1.7177,-519.3705,493.4408
91.131,1,0,heuristic,40.9156,132.8509,1.5512,-0.1987,0.9924,1.0121,-1.8830,1.5931,4.0000,-0.2827,1.5555,18.8822,0.0419,3.0000,0.0000,0.0000,0,20.3060,-545.0513,559.3103,7.1295,552.1808,43.0252,32.7044,-534.7304,635.0399
91.181,1,0,heuristic,40.9151,132.8904,1.5559,-0.1611,0.9585,0.9719,-1.8530,1.5932,4.0000,-0.2816,1.5555,18.8428,0.0374,3.0000,0.0000,0.0000,0,20.3060,-655.0513,451.6190,-101.7162,553.3351,43.6044,32.0255,-643.4724,527.2489
91.231,1,0,heuristic,40.9164,132.9305,1.5701,-0.1241,0.9210,0.9293,2.5605,1.5937,4.0000,-0.2822,1.5555,18.8027,0.0235,3.0000,0.0000,0.0000,0,20.3060,-765.0386,559.4694,-102.7846,662.2540,44.2179,-7.9745,-712.8462,595.7128
91.281,1,0,heuristic,40.9192,132.9666,1.5868,-0.0874,0.8872,0.8915,2.6230,1.5943,4.0000,-0.2845,1.5555,18.7666,0.0075,3.0000,0.0000,0.0000,0,20.3060,-811.2250,776.5860,-17.3195,793.9055,44.7619,-44.3424,-722.1206,777.0055
91.331,1,0,heuristic,40.9192,132.9666,1.5984,-0.0874,0.8872,0.8915,2.6513,1.5943,4.0000,-0.2845,1.5555,18.7666,-0.0042,3.0000,0.0000,0.0000,0,20.3060,-829.2551,802.9208,-13.1672,816.0880,44.7619,-45.2708,-739.2225,802.4119
91.381,1,0,heuristic,40.9243,133.0032,1.6152,-0.0505,0.8506,0.8521,-1.6478,1.5952,4.0000,-0.2890,1.5555,18.7299,-0.0200,3.0000,0.0000,0.0000,0,20.3060,-719.2551,692.9208,-13.1672,706.0880,45.3295,-5.2708,-668.6549,732.9795
91.431,1,0,heuristic,40.9311,133.0372,1.6293,-0.0120,0.8223,0.8224,2.7450,1.5963,4.0000,-0.2953,1.5555,18.6959,-0.0330,3.0000,0.0000,0.0000,0,20.3060,-609.2551,661.8819,26.3134,635.5685,45.7576,-45.2708,-518.2268,662.3687
91.481,1,0,heuristic,40.9404,133.0734,1.6603,0.0264,0.7969,0.7974,2.7945,1.5977,4.0000,-0.3041,1.5555,18.6598,-0.0626,3.0000,0.0000,0.0000,0,20.3060,-609.2551,661.8819,26.3134,635.5685,46.1181,-49.9945,-513.1425,658.0054
91.531,1,0,heuristic,40.9507,133.1081,1.6833,0.0637,0.7821,0.7847,-1.5553,1.5992,4.0000,-0.3138,1.5555,18.6251,-0.0841,3.0000,0.0000,0.0000,0,20.3060,-389.2551,583.1938,96.9693,486.2245,46.3007,-9.9945,-332.9599,619.5000
91.581,1,0,heuristic,40.9507,133.1081,1.7012,0.0637,0.7821,0.7847,-1.5385,1.5992,4.0000,-0.3138,1.5555,18.6251,-0.1020,3.0000,0.0000,0.0000,0,20.3060,-279.2926,473.1938,96.9506,376.2432,46.3007,21.2424,-254.2342,540.7369
91.631,1,0,heuristic,40.9625,133.1461,1.7324,0.0966,0.7720,0.7780,-1.5355,1.6008,4.0000,-0.3251,1.5555,18.5871,-0.1316,3.0000,0.0000,0.0000,0,20.3060,-169.2926,363.1938,96.9506,266.2432,46.3966,20.0158,-142.9118,429.6062
91.681,1,0,heuristic,40.9740,133.1838,1.7516,0.1250,0.7744,0.7845,-1.5440,1.6023,4.0000,-0.3360,1.5555,18.5494,-0.1493,3.0000,0.0000,0.0000,0,20.3060,-59.2926,330.4937,135.6005,194.8931,46.3038,19.4482,-32.4370,396.2457
91.731,1,0,heuristic,40.9857,133.2257,1.7774,0.1452,0.7808,0.7942,2.8043,1.6037,4.0000,-0.3471,1.5555,18.5075,-0.1737,3.0000,0.0000,0.0000,0,20.3060,48.6534,435.8361,242.2448,193.5913,46.1637,-20.5518,115.3689,461.4480
91.781,1,0,heuristic,40.9958,133.2671,1.8091,0.1580,0.7973,0.8128,2.7845,1.6048,4.0000,-0.3565,1.5555,18.4662,-0.2043,3.0000,0.0000,0.0000,0,20.3060,-61.3466,325.8361,132.2448,193.5913,45.8961,-55.4563,40.0058,316.2758
91.831,1,0,heuristic,40.9958,133.2671,1.8281,0.1580,0.7973,0.8128,2.7710,1.6048,4.0000,-0.3565,1.5555,18.4662,-0.2233,3.0000,0.0000,0.0000,0,20.3060,48.0304,350.8972,199.4638,151.4334,45.8961,-55.9710,149.8974,340.8223
91.881,1,0,heuristic,41.0046,133.3137,1.8634,0.1604,0.8168,0.8324,-1.6360,1.6058,4.0000,-0.3646,1.5555,18.4197,-0.2576,3.0000,0.0000,0.0000,0,20.3060,-4.0304,240.8972,118.4334,122.4638,45.6133,-15.9710,57.5538,270.5395
91.931,1,0,heuristic,41.0114,133.3595,1.8820,0.1565,0.8445,0.8589,-1.6865,1.6063,4.0000,-0.3707,1.5555,18.3738,-0.2757,3.0000,0.0000,0.0000,0,20.3060,105.9696,130.8972,118.4334,12.4638,45.2323,16.8448,134.3570,192.9742
91.981,1,0,heuristic,41.0168,133.4102,1.9089,0.1459,0.8707,0.8828,-1.6905,1.6067,4.0000,-0.3753,1.5555,18.3231,-0.3022,3.0000,0.0000,0.0000,0,20.3060,215.9696,43.3146,129.6421,-86.3275,44.8870,15.8691,244.9874,104.0707
92.031,1,0,heuristic,41.0204,133.4593,1.9260,0.1318,0.9012,0.9108,-1.7430,1.6068,4.0000,-0.3782,1.5555,18.2741,-0.3192,3.0000,0.0000,0.0000,0,20.3060,325.9696,79.1025,202.5361,-123.4335,44.4851,16.0802,354.3745,139.6679
92.081,1,0,heuristic,41.0204,133.4593,1.9463,0.1318,0.9012,0.9108,2.6255,1.6068,4.0000,-0.3782,1.5555,18.2741,-0.3395,3.0000,0.0000,0.0000,0,20.3060,325.9696,79.1025,202.5361,-123.4335,44.4851,-23.9198,394.3745,99.6679
92.131,1,0,heuristic,41.0224,133.5126,1.9655,0.1131,0.9258,0.9327,-1.8095,1.6067,4.0000,-0.3793,1.5555,18.2208,-0.3588,3.0000,0.0000,0.0000,0,20.3060,528.7901,299.1025,413.9463,-114.8438,44.1694,15.6514,557.3081,358.9233
92.181,1,0,heuristic,41.0222,133.5642,1.9831,0.0896,0.9556,0.9598,2.5555,1.6063,4.0000,-0.3783,1.5555,18.1692,-0.3768,3.0000,0.0000,0.0000,0,20.3060,638.7901,409.1025,523.9463,-114.8438,43.7796,-24.3486,706.9183,428.5336
92.231,1,0,heuristic,41.0192,133.6213,1.9994,0.0601,0.9842,0.9861,-1.9013,1.6055,4.0000,-0.3745,1.5555,18.1121,-0.3939,3.0000,0.0000,0.0000,0,20.3060,528.7905,519.1025,523.9465,-4.8440,43.4005,15.6514,556.5395,578.1544
92.281,1,0,heuristic,41.0130,133.6790,2.0140,0.0226,1.0277,1.0279,2.4838,1.6042,4.0000,-0.3675,1.5555,18.0544,-0.4099,3.0000,0.0000,0.0000,0,20.3060,638.7640,428.0485,533.4062,-105.3577,42.7978,-24.3486,705.9103,446.4977
92.331,1,0,heuristic,41.0130,133.6790,2.0276,0.0226,1.0277,1.0279,-1.9500,1.6042,4.0000,-0.3675,1.5555,18.0544,-0.4234,3.0000,0.0000,0.0000,0,20.3060,528.7640,364.8004,446.7822,-81.9818,42.7978,15.5144,556.0473,423.1126
92.381,1,0,heuristic,41.0027,133.7452,2.0417,-0.0216,1.0769,1.0771,-1.9872,1.6022,4.0000,-0.3561,1.5555,17.9881,-0.4395,3.0000,0.0000,0.0000,0,20.3060,418.7640,474.8003,446.7821,28.0182,42.0892,15.5371,445.3160,532.4267
92.431,1,0,heuristic,40.9894,133.8122,2.0549,-0.0728,1.1407,1.1430,2.4143,1.5998,4.0000,-0.3418,1.5555,17.9210,-0.4551,3.0000,0.0000,0.0000,0,20.3060,308.7640,364.8015,336.7827,28.0188,41.1403,-24.4629,374.3671,381.4789
92.481,1,0,heuristic,40.9717,133.8877,2.0627,-0.1261,1.2027,1.2093,-2.0072,1.5968,4.0000,-0.3230,1.5555,17.8455,-0.4659,3.0000,0.0000,0.0000,0,20.3060,372.6872,474.8015,423.7443,51.0571,40.1858,14.9096,397.9634,529.8968
92.531,1,0,heuristic,40.9526,133.9622,2.0709,-0.1808,1.2727,1.2855,-1.9903,1.5937,4.0000,-0.3027,1.5555,17.7709,-0.4772,3.0000,0.0000,0.0000,0,20.3060,473.4737,478.5891,476.0314,2.5577,39.0887,14.2203,498.3422,531.8981
92.581,1,0,heuristic,40.9298,134.0446,2.0842,-0.2323,1.3349,1.3550,2.3948,1.5902,4.0000,-0.2786,1.5555,17.6886,-0.4940,3.0000,0.0000,0.0000,0,20.3060,583.4737,433.7480,508.6109,-74.8629,38.0882,-25.7797,647.3417,446.0565
92.631,1,0,heuristic,40.9058,134.1256,2.0924,-0.2857,1.4057,1.4345,-2.0223,1.5866,4.0000,-0.2534,1.5555,17.6075,-0.5058,3.0000,0.0000,0.0000,0,20.3060,693.4737,543.7480,618.6109,-74.8629,36.9439,13.7401,716.6775,594.4320
92.681,1,0,heuristic,40.9058,134.1256,2.1005,-0.2857,1.4057,1.4345,2.3730,1.5866,4.0000,-0.2534,1.5555,17.6075,-0.5139,3.0000,0.0000,0.0000,0,20.3060,765.5940,653.7480,709.6710,-55.9230,36.9439,-26.2599,828.7978,664.4320
92.731,1,0,heuristic,40.8772,134.2155,2.1078,-0.3387,1.4704,1.5089,-2.0505,1.5825,4.0000,-0.2234,1.5555,17.5176,-0.5252,3.0000,0.0000,0.0000,0,20.3060,655.5940,763.7480,709.6710,54.0770,35.8721,13.5188,677.9474,813.1389
92.781,1,0,heuristic,40.8468,134.3044,2.1147,-0.3975,1.5464,1.5967,2.3335,1.5783,4.0000,-0.1917,1.5555,17.4289,-0.5364,3.0000,0.0000,0.0000,0,20.3060,655.5940,763.7480,709.6710,54.0770,34.6079,-26.4812,716.6832,771.8747
92.832,1,0,heuristic,40.8107,134.4035,2.1225,-0.4568,1.6185,1.6817,-2.0535,1.5736,4.0000,-0.1541,1.5555,17.3300,-0.5489,3.0000,0.0000,0.0000,0,20.3060,585.7915,763.7480,674.7698,88.9782,33.3832,12.7846,606.3902,809.9158
92.881,1,0,heuristic,40.7736,134.5012,2.1286,-0.5202,1.7020,1.7797,2.3275,1.5688,4.0000,-0.1155,1.5555,17.2325,-0.5598,3.0000,0.0000,0.0000,0,20.3060,475.7915,873.7480,674.7698,198.9782,31.9727,-27.2154,534.9797,878.5053
92.931,1,0,heuristic,40.7312,134.6089,2.1343,-0.5792,1.7756,1.8677,-2.0630,1.5636,4.0000,-0.0714,1.5555,17.1253,-0.5707,3.0000,0.0000,0.0000,0,20.3060,365.7915,918.1971,641.9943,276.2028,30.7054,12.2597,384.2373,961.1622
92.981,1,0,heuristic,40.6891,134.7135,2.1418,-0.6387,1.8563,1.9630,-2.0530,1.5586,4.0000,-0.0278,1.5555,17.0212,-0.5832,3.0000,0.0000,0.0000,0,20.3060,365.7915,918.1971,641.9943,276.2028,29.3321,11.6912,383.4324,959.2204
93.031,1,0,heuristic,40.6891,134.7135,2.1479,-0.6387,1.8563,1.9630,2.3988,1.5586,4.0000,-0.0278,1.5555,17.0212,-0.5893,3.0000,0.0000,0.0000,0,20.3060,145.7915,698.1971,421.9943,276.2028,29.3321,-28.3088,203.4324,699.2204
93.081,1,0,heuristic,40.6428,134.8274,2.1549,-0.6889,1.9233,2.0430,-1.9938,1.5533,4.0000,0.0203,1.5555,16.9080,-0.6017,3.0000,0.0000,0.0000,0,20.3060,56.8167,588.1971,322.5069,265.6902,28.1813,10.0708,74.9271,626.4492
93.131,1,0,heuristic,40.5984,134.9368,2.1624,-0.7364,1.9945,2.1261,2.4275,1.5483,4.0000,0.0664,1.5555,16.7994,-0.6141,3.0000,0.0000,0.0000,0,20.3060,166.8167,509.3317,338.0742,171.2575,26.9839,-29.9292,223.7297,506.3864
93.182,1,0,heuristic,40.5516,135.0529,2.1708,-0.7688,2.0418,2.1818,-1.9667,1.5431,4.0000,0.1149,1.5555,16.6844,-0.6277,3.0000,0.0000,0.0000,0,20.3060,166.8167,509.3317,338.0742,171.2575,26.1822,8.7906,184.2083,544.3045
93.231,1,0,heuristic,40.5085,135.1611,2.1796,-0.7949,2.0845,2.2309,2.4592,1.5384,4.0000,0.1597,1.5555,16.5772,-0.6412,3.0000,0.0000,0.0000,0,20.3060,166.7509,499.2492,333.0001,166.2491,25.4748,-31.2094,223.4351,493.5146
93.281,1,0,heuristic,40.5085,135.1611,2.1868,-0.7949,2.0845,2.2309,2.4560,1.5384,4.0000,0.1597,1.5555,16.5772,-0.6484,3.0000,0.0000,0.0000,0,20.3060,56.7509,609.2492,333.0001,276.2491,25.4748,-66.2295,148.4553,568.4945
93.331,1,0,heuristic,40.4636,135.2745,2.1988,-0.8086,2.1036,2.2536,2.4657,1.5335,4.0000,0.2063,1.5555,16.4650,-0.6653,3.0000,0.0000,0.0000,0,20.3060,166.7509,545.5335,356.1422,189.3913,25.1478,-66.9597,258.8584,503.7216
93.381,1,0,heuristic,40.4221,135.3797,2.2127,-0.8197,2.1215,2.2743,2.4630,1.5290,4.0000,0.2494,1.5555,16.3610,-0.6837,3.0000,0.0000,0.0000,0,20.3060,276.7509,627.8984,452.3247,175.5737,24.8495,-67.5443,369.1447,585.2036
93.431,1,0,heuristic,40.3791,135.4896,2.2209,-0.8210,2.1198,2.2733,-1.9658,1.5243,4.0000,0.2940,1.5555,16.2526,-0.6966,3.0000,0.0000,0.0000,0,20.3060,166.7509,600.2787,383.5148,216.7639,24.8647,-27.5443,219.1599,597.5992
93.482,1,0,heuristic,40.3391,135.5918,2.2352,-0.8237,2.1215,2.2758,-1.9578,1.5199,4.0000,0.3357,1.5555,16.1519,-0.7153,3.0000,0.0000,0.0000,0,20.3060,192.4725,490.2794,341.3759,148.9035,24.8287,5.6616,211.6395,520.7697
93.531,1,0,heuristic,40.2968,135.6989,2.2461,-0.8217,2.1092,2.2636,2.4792,1.5151,4.0000,0.3796,1.5555,16.0464,-0.7310,3.0000,0.0000,0.0000,0,20.3060,278.7085,380.2794,329.4940,50.7855,25.0037,-34.3384,338.0506,370.9447
93.582,1,0,heuristic,40.2968,135.6989,2.2553,-0.8217,2.1092,2.2636,2.4888,1.5151,4.0000,0.3796,1.5555,16.0464,-0.7402,3.0000,0.0000,0.0000,0,20.3060,168.7085,270.2794,219.4940,50.7855,25.0037,-69.9231,263.6353,225.3601
93.632,1,0,heuristic,40.2575,135.7984,2.2596,-0.8211,2.1018,2.2565,-1.9430,1.5107,4.0000,0.4204,1.5555,15.9486,-0.7489,3.0000,0.0000,0.0000,0,20.3060,58.7085,160.2794,109.4940,50.7855,25.1071,-29.9231,113.7387,155.4635
93.681,1,0,heuristic,40.2167,135.9013,2.2733,-0.8138,2.0775,2.2312,-1.9730,1.5060,4.0000,0.4628,1.5555,15.8475,-0.7672,3.0000,0.0000,0.0000,0,20.3060,168.6668,50.2794,109.4731,-59.1937,25.4702,4.1429,189.9941,79.8926
93.731,1,0,heuristic,40.1795,135.9953,2.2837,-0.8057,2.0533,2.2058,2.4485,1.5017,4.0000,0.5014,1.5555,15.7554,-0.7820,3.0000,0.0000,0.0000,0,20.3060,58.6668,-59.7206,-0.5269,-59.1937,25.8372,-35.8571,120.3610,-69.7405
93.782,1,0,heuristic,40.1795,135.9953,2.2889,-0.8057,2.0533,2.2058,2.4447,1.5017,4.0000,0.5014,1.5555,15.7554,-0.7872,3.0000,0.0000,0.0000,0,20.3060,58.6668,-59.7206,-0.5269,-59.1937,25.8372,-70.7807,155.2846,-104.6641
93.832,1,0,heuristic,40.1422,136.0910,2.3010,-0.7883,2.0107,2.1597,-2.0260,1.4971,4.0000,0.5402,1.5555,15.6616,-0.8039,3.0000,0.0000,0.0000,0,20.3060,-39.3067,-169.7206,-104.5136,-65.2070,26.4997,-30.7807,17.9737,-174.0015
93.881,1,0,heuristic,40.1089,136.1771,2.3080,-0.7692,1.9675,2.1125,2.3925,1.4929,4.0000,0.5747,1.5555,15.5772,-0.8150,3.0000,0.0000,0.0000,0,20.3060,70.6933,-279.7206,-104.5136,-175.2070,27.1795,-70.7807,168.6534,-323.3218
93.931,1,0,heuristic,40.1089,136.1771,2.3162,-0.7692,1.9675,2.1125,-2.0598,1.4929,4.0000,0.5747,1.5555,15.5772,-0.8233,3.0000,0.0000,0.0000,0,20.3060,180.6933,-389.7206,-104.5136,-285.2070,27.1795,-30.7807,238.6534,-393.3218
93.981,1,0,heuristic,40.0760,136.2636,2.3256,-0.7420,1.9068,2.0461,2.3222,1.4885,4.0000,0.6090,1.5555,15.4926,-0.8371,3.0000,0.0000,0.0000,0,20.3060,205.7131,-609.7037,-201.9953,-407.7084,28.1355,-70.4589,304.3075,-652.0272
94.031,1,0,heuristic,40.0470,136.3403,2.3298,-0.7145,1.8448,1.9783,2.3055,1.4843,4.0000,0.6392,1.5555,15.4177,-0.8454,3.0000,0.0000,0.0000,0,20.3060,315.7131,-564.6345,-124.4607,-440.1738,29.1119,-70.4451,415.2701,-605.9677
94.081,1,0,heuristic,40.0184,136.4154,2.3350,-0.6816,1.7647,1.8917,2.2237,1.4800,4.0000,0.6689,1.5555,15.3444,-0.8551,3.0000,0.0000,0.0000,0,20.3060,205.7131,-483.9097,-139.0983,-344.8114,30.3591,-69.3903,305.4625,-522.9409
94.131,1,0,heuristic,39.9933,136.4803,2.3378,-0.6500,1.6824,1.8036,-2.2800,1.4758,4.0000,0.6950,1.5555,15.2810,-0.8620,3.0000,0.0000,0.0000,0,20.3060,95.7131,-373.9097,-139.0983,-234.8114,31.6280,-29.3903,156.7314,-371.6719
94.181,1,0,heuristic,39.9933,136.4803,2.3386,-0.6500,1.6824,1.8036,2.1635,1.4758,4.0000,0.6950,1.5555,15.2810,-0.8627,3.0000,0.0000,0.0000,0,20.3060,3.7776,-403.5383,-199.8803,-203.6579,31.6280,-68.6274,104.0330,-440.5376
94.232,1,0,heuristic,39.9686,136.5435,2.3397,-0.6148,1.5888,1.7036,2.1242,1.4715,4.0000,0.7207,1.5555,15.2195,-0.8682,3.0000,0.0000,0.0000,0,20.3060,-106.2224,-513.5383,-309.8803,-203.6579,33.0686,-68.1322,-5.0216,-548.6019
94.281,1,0,heuristic,39.9477,136.5981,2.3373,-0.5788,1.4986,1.6065,2.1092,1.4675,4.0000,0.7424,1.5555,15.1663,-0.8698,3.0000,0.0000,0.0000,0,20.3060,-22.3822,-463.9815,-243.1819,-220.7997,34.4667,-67.9038,79.9884,-497.4186
94.331,1,0,heuristic,39.9477,136.5981,2.3347,-0.5788,1.4986,1.6065,-2.3678,1.4675,4.0000,0.7424,1.5555,15.1663,-0.8672,3.0000,0.0000,0.0000,0,20.3060,56.9593,-425.6831,-184.3619,-241.3212,34.4667,-27.9038,119.3299,-419.1202
94.381,1,0,heuristic,39.9291,136.6501,2.3284,-0.5347,1.3990,1.4977,-2.4013,1.4634,4.0000,0.7618,1.5555,15.1156,-0.8650,3.0000,0.0000,0.0000,0,20.3060,56.9593,-425.6831,-184.3619,-241.3212,36.0335,8.0973,84.8955,-381.5523
94.432,1,0,heuristic,39.9145,136.6937,2.3271,-0.4885,1.3009,1.3896,2.0365,1.4597,4.0000,0.7770,1.5555,15.0731,-0.8674,3.0000,0.0000,0.0000,0,20.3060,166.9593,-315.7059,-74.3733,-241.3326,37.5893,-31.9027,236.4512,-310.0193
94.481,1,0,heuristic,39.9018,136.7350,2.3196,-0.4398,1.1993,1.2774,2.0227,1.4560,4.0000,0.7904,1.5555,15.0328,-0.8636,3.0000,0.0000,0.0000,0,20.3060,238.2540,-425.7059,-93.7260,-331.9800,39.2053,-66.1186,343.5778,-452.6192
94.531,1,0,heuristic,39.8915,136.7701,2.3129,-0.3948,1.1060,1.1744,-2.4567,1.4526,4.0000,0.8012,1.5555,14.9984,-0.8602,3.0000,0.0000,0.0000,0,20.3060,166.1756,-591.0819,-212.4532,-378.6288,40.6888,-26.1186,232.9829,-576.5118
94.581,1,0,heuristic,39.8915,136.7701,2.3070,-0.3948,1.1060,1.1744,-2.4870,1.4526,4.0000,0.8012,1.5555,14.9984,-0.8544,3.0000,0.0000,0.0000,0,20.3060,276.1756,-485.5215,-104.6730,-380.8485,40.6888,10.0272,306.8371,-434.8055
94.632,1,0,heuristic,39.8816,136.8038,2.2963,-0.3538,1.0144,1.0743,-2.5328,1.4493,4.0000,0.8116,1.5555,14.9655,-0.8470,3.0000,0.0000,0.0000,0,20.3060,276.1756,-485.5215,-104.6730,-380.8485,42.1298,11.1006,307.2047,-432.2911
94.681,1,0,heuristic,39.8733,136.8319,2.2888,-0.3175,0.9283,0.9811,-2.5673,1.4462,4.0000,0.8203,1.5555,14.9381,-0.8427,3.0000,0.0000,0.0000,0,20.3060,496.1756,-277.1980,109.4888,-386.6868,43.4720,11.8674,527.7802,-221.8587
94.731,1,0,heuristic,39.8649,136.8586,2.2754,-0.2863,0.8453,0.8925,-2.5838,1.4430,4.0000,0.8291,1.5555,14.9121,-0.8324,3.0000,0.0000,0.0000,0,20.3060,606.1756,-375.0275,115.5740,-490.6015,44.7478,12.5601,638.3633,-317.7195
94.782,1,0,heuristic,39.8560,136.8826,2.2633,-0.2662,0.7765,0.8208,1.8665,1.4401,4.0000,0.8384,1.5555,14.8887,-0.8232,3.0000,0.0000,0.0000,0,20.3060,716.1756,-265.0275,225.5740,-490.6015,45.7801,-27.4399,789.3955,-246.6873
94.831,1,0,heuristic,39.8560,136.8826,2.2537,-0.2662,0.7765,0.8208,1.8220,1.4401,4.0000,0.8384,1.5555,14.8887,-0.8137,3.0000,0.0000,0.0000,0,20.3060,826.1756,-155.0275,335.5740,-490.6015,45.7801,-60.7076,932.6632,-169.9550
94.881,1,0,heuristic,39.8441,136.9084,2.2361,-0.2589,0.7205,0.7656,1.7863,1.4371,4.0000,0.8508,1.5555,14.8638,-0.7991,3.0000,0.0000,0.0000,0,20.3060,936.1756,-45.0275,445.5740,-490.6015,46.5748,-59.5154,1000.0000,-57.9681
94.931,1,0,heuristic,39.8293,136.9344,2.2287,-0.2687,0.6845,0.7354,1.7833,1.4342,4.0000,0.8659,1.5555,14.8390,-0.7945,3.0000,0.0000,0.0000,0,20.3060,826.1756,64.9725,445.5740,-380.6015,47.0108,-59.2594,932.4457,52.7239
94.982,1,0,heuristic,39.8085,136.9656,2.2082,-0.2950,0.6675,0.7298,-2.7308,1.4311,4.0000,0.8872,1.5555,14.8095,-0.7771,3.0000,0.0000,0.0000,0,20.3060,716.1756,-45.0275,335.5740,-380.6015,47.0910,-19.2594,782.5260,-17.1958
95.031,1,0,heuristic,39.7838,136.9994,2.1863,-0.3389,0.6751,0.7554,-2.7365,1.4283,4.0000,0.9124,1.5555,14.7776,-0.7580,3.0000,0.0000,0.0000,0,20.3060,606.1775,-155.0275,225.5750,-380.6025,46.7216,18.1823,634.7168,-90.1235
95.081,1,0,heuristic,39.7838,136.9994,2.1768,-0.3389,0.6751,0.7554,-2.7408,1.4283,4.0000,0.9124,1.5555,14.7776,-0.7486,3.0000,0.0000,0.0000,0,20.3060,507.6543,-265.0265,121.3139,-386.3404,46.7216,18.6212,535.7548,-199.6837
95.131,1,0,heuristic,39.7533,137.0401,2.1529,-0.3882,0.6967,0.7976,1.7127,1.4251,4.0000,0.9435,1.5555,14.7393,-0.7278,3.0000,0.0000,0.0000,0,20.3060,397.6576,-326.1833,35.7372,-361.9204,46.1143,-21.3788,465.1508,-301.4478
95.182,1,0,heuristic,39.7220,137.0815,2.1380,-0.4413,0.7299,0.8529,-2.7625,1.4223,4.0000,0.9755,1.5555,14.7006,-0.7157,3.0000,0.0000,0.0000,0,20.3060,507.6576,-216.1833,145.7372,-361.9204,45.3178,18.6212,534.3542,-152.2443
95.232,1,0,heuristic,39.7220,137.0815,2.1180,-0.4413,0.7299,0.8529,1.7110,1.4223,4.0000,0.9755,1.5555,14.7006,-0.6957,3.0000,0.0000,0.0000,0,20.3060,507.6576,-216.1833,145.7372,-361.9204,45.3178,-21.3788,574.3542,-192.2443
95.282,1,0,heuristic,39.6520,137.1723,2.0869,-0.5357,0.7955,0.9591,1.7123,1.4157,4.0000,1.0469,1.5555,14.6160,-0.6712,3.0000,0.0000,0.0000,0,20.3060,552.0913,-172.3172,189.8870,-362.2042,43.7895,-52.9307,648.8115,-181.4584
95.331,1,0,heuristic,39.6520,137.1723,2.0766,-0.5357,0.7955,0.9591,1.6995,1.4157,4.0000,1.0469,1.5555,14.6160,-0.6609,3.0000,0.0000,0.0000,0,20.3060,650.9170,-282.3172,184.2999,-466.6171,43.7895,-52.3142,747.0207,-290.8419
95.381,1,0,heuristic,39.6135,137.2220,2.0446,-0.5764,0.8275,1.0085,1.6687,1.4119,4.0000,1.0861,1.5555,14.5699,-0.6327,3.0000,0.0000,0.0000,0,20.3060,540.9170,-245.1078,147.9046,-393.0124,43.0781,-50.6266,634.6218,-252.6563
95.431,1,0,heuristic,39.5759,137.2704,2.0284,-0.6177,0.8637,1.0618,1.6638,1.4085,4.0000,1.1244,1.5555,14.5252,-0.6199,3.0000,0.0000,0.0000,0,20.3060,431.0599,-336.9924,47.0338,-384.0261,42.3102,-49.9776,523.3477,-344.6597
95.481,1,0,heuristic,39.5351,137.3227,2.0006,-0.6514,0.8921,1.1046,1.6420,1.4044,4.0000,1.1661,1.5555,14.4769,-0.5962,3.0000,0.0000,0.0000,0,20.3060,324.5553,-257.0685,33.7434,-290.8119,41.6935,-48.6151,414.8639,-263.9900
95.531,1,0,heuristic,39.4963,137.3718,1.9780,-0.6825,0.9183,1.1442,-2.8395,1.4005,4.0000,1.2055,1.5555,14.4318,-0.5774,3.0000,0.0000,0.0000,0,20.3060,324.5553,-257.0685,33.7434,-290.8119,41.1242,-8.6151,374.2945,-224.5593
95.581,1,0,heuristic,39.4963,137.3718,1.9605,-0.6825,0.9183,1.1442,-2.8378,1.4005,4.0000,1.2055,1.5555,14.4318,-0.5599,3.0000,0.0000,0.0000,0,20.3060,104.5554,-307.1870,-101.3158,-205.8712,41.1242,28.1260,117.5535,-237.9368
95.631,1,0,heuristic,39.4558,137.4227,1.9269,-0.7017,0.9301,1.1651,1.6527,1.3959,4.0000,1.2468,1.5555,14.3853,-0.5309,3.0000,0.0000,0.0000,0,20.3060,-5.4446,-353.5817,-179.5132,-174.0685,40.8226,-11.8740,47.2519,-324.6331
95.681,1,0,heuristic,39.4187,137.4689,1.9084,-0.7161,0.9369,1.1792,1.6640,1.3916,4.0000,1.2846,1.5555,14.3431,-0.5168,3.0000,0.0000,0.0000,0,20.3060,-5.4446,-353.5817,-179.5132,-174.0685,40.6191,-45.6869,80.8613,-358.6495
95.731,1,0,heuristic,39.3812,137.5147,1.8858,-0.7172,0.9256,1.1709,-2.7988,1.3866,4.0000,1.3228,1.5555,14.3016,-0.4992,3.0000,0.0000,0.0000,0,20.3060,-47.4942,-283.2582,-165.3762,-117.8820,40.7386,-5.6869,-1.0687,-248.2065
95.782,1,0,heuristic,39.3476,137.5539,1.8634,-0.7137,0.9038,1.1516,1.7315,1.3817,4.0000,1.3570,1.5555,14.2663,-0.4817,3.0000,0.0000,0.0000,0,20.3060,-157.3911,-173.4828,-165.4369,-8.0459,41.0163,-45.3325,-71.0423,-177.7991
95.831,1,0,heuristic,39.3476,137.5539,1.8417,-0.7137,0.9038,1.1516,-2.7652,1.3817,4.0000,1.3570,1.5555,14.2663,-0.4601,3.0000,0.0000,0.0000,0,20.3060,-47.3911,-283.4828,-165.4369,-118.0459,41.0163,-5.3325,-1.0423,-247.7991
95.881,1,0,heuristic,39.3139,137.5913,1.8143,-0.7006,0.8668,1.1145,-2.7323,1.3761,4.0000,1.3913,1.5555,14.2329,-0.4382,3.0000,0.0000,0.0000,0,20.3060,62.6089,-344.9755,-141.1833,-203.7922,41.5515,31.4120,72.7484,-272.0121
95.931,1,0,heuristic,39.2838,137.6229,1.7965,-0.6859,0.8252,1.0730,1.7890,1.3708,4.0000,1.4219,1.5555,14.2049,-0.4257,3.0000,0.0000,0.0000,0,20.3060,172.6089,-454.9755,-141.1833,-313.7922,42.1483,-8.5880,223.3452,-421.4153
95.982,1,0,heuristic,39.2529,137.6527,1.7715,-0.6674,0.7749,1.0227,1.7883,1.3650,4.0000,1.4532,1.5555,14.1789,-0.4065,3.0000,0.0000,0.0000,0,20.3060,282.6089,-344.9755,-31.1833,-313.7922,42.8732,-43.1976,368.6797,-345.3000
96.031,1,0,heuristic,39.2244,137.6779,1.7584,-0.6528,0.7249,0.9755,1.7660,1.3595,4.0000,1.4821,1.5555,14.1573,-0.3989,3.0000,0.0000,0.0000,0,20.3060,392.6089,-234.9755,78.8167,-313.7922,43.5528,-42.4817,478.6435,-233.9044
96.081,1,0,heuristic,39.1942,137.7026,1.7374,-0.6384,0.6747,0.9289,-2.7233,1.3537,4.0000,1.5127,1.5555,14.1365,-0.3837,3.0000,0.0000,0.0000,0,20.3060,502.6089,-124.9755,188.8167,-313.7922,44.2245,-2.4817,549.3152,-83.2327
96.131,1,0,heuristic,39.1655,137.7258,1.7151,-0.6301,0.6364,0.8956,-2.7353,1.3486,4.0000,1.5417,1.5555,14.1170,-0.3665,3.0000,0.0000,0.0000,0,20.3060,533.4687,-114.7637,209.3525,-324.1162,44.7040,34.4958,543.6770,-35.5640
96.181,1,0,heuristic,39.1655,137.7258,1.6998,-0.6301,0.6364,0.8956,-2.7483,1.3486,4.0000,1.5417,1.5555,14.1170,-0.3512,3.0000,0.0000,0.0000,0,20.3060,434.7602,-193.8933,120.4334,-314.3268,44.7040,35.3122,444.1520,-113.8771
96.231,1,0,heuristic,39.1349,137.7525,1.6770,-0.6218,0.6118,0.8723,-2.7588,1.3435,4.0000,1.5727,1.5555,14.0944,-0.3334,3.0000,0.0000,0.0000,0,20.3060,544.7602,-83.8933,230.4334,-314.3268,45.0390,36.2291,553.5701,-2.6252
96.281,1,0,heuristic,39.1061,137.7804,1.6579,-0.6178,0.6059,0.8653,1.7512,1.3394,4.0000,1.6020,1.5555,14.0703,-0.3185,3.0000,0.0000,0.0000,0,20.3060,492.2043,26.1067,259.1555,-233.0488,45.1393,-3.7709,541.1145,67.4751
96.331,1,0,heuristic,39.0753,137.8134,1.6336,-0.6124,0.6115,0.8654,-2.7353,1.3353,4.0000,1.6332,1.5555,14.0417,-0.2982,3.0000,0.0000,0.0000,0,20.3060,602.2043,-83.8933,259.1555,-343.0488,45.1384,36.2291,611.1136,-2.5258
96.381,1,0,heuristic,39.0463,137.8485,1.6193,-0.6111,0.6354,0.8816,1.7520,1.3322,4.0000,1.6628,1.5555,14.0107,-0.2871,3.0000,0.0000,0.0000,0,20.3060,492.2043,14.5882,253.3963,-238.8080,44.9054,-3.7709,540.8806,55.7227
96.432,1,0,heuristic,39.0463,137.8485,1.5998,-0.6111,0.6354,0.8816,-2.7452,1.3322,4.0000,1.6628,1.5555,14.0107,-0.2676,3.0000,0.0000,0.0000,0,20.3060,382.2043,124.5882,253.3963,-128.8080,44.9054,36.2291,390.8806,205.7227
96.482,1,0,heuristic,39.0155,137.8907,1.5807,-0.6073,0.6706,0.9047,1.7492,1.3292,4.0000,1.6943,1.5555,13.9731,-0.2515,3.0000,0.0000,0.0000,0,20.3060,272.2043,234.5882,253.3963,-18.8080,44.5724,-3.7709,320.5476,275.3897
96.531,1,0,heuristic,38.9865,137.9349,1.5614,-0.6065,0.7210,0.9421,-2.7360,1.3270,4.0000,1.7239,1.5555,13.9332,-0.2343,3.0000,0.0000,0.0000,0,20.3060,380.8675,344.5882,362.7278,-18.1396,44.0331,36.2291,388.6715,424.8504
96.581,1,0,heuristic,38.9566,137.9867,1.5428,-0.6002,0.7759,0.9809,1.8415,1.3248,4.0000,1.7546,1.5555,13.8862,-0.2180,3.0000,0.0000,0.0000,0,20.3060,270.8675,454.5882,362.7278,91.8604,43.4748,-3.7709,318.1132,494.2921
96.632,1,0,heuristic,38.9297,138.0400,1.5247,-0.5921,0.8430,1.0301,-2.6583,1.3235,4.0000,1.7823,1.5555,13.8372,-0.2011,3.0000,0.0000,0.0000,0,20.3060,340.2082,542.6210,441.4146,101.2064,42.7658,36.2291,346.7450,621.6159
96.681,1,0,heuristic,38.9297,138.0400,1.5077,-0.5921,0.8430,1.0301,1.9013,1.3235,4.0000,1.7823,1.5555,13.8372,-0.1842,3.0000,0.0000,0.0000,0,20.3060,230.2082,589.3457,409.7770,179.5688,42.7658,-3.7709,276.7450,628.3407
96.731,1,0,heuristic,38.9031,138.1020,1.4916,-0.5761,0.9125,1.0791,-2.5878,1.3223,4.0000,1.8098,1.5555,13.7798,-0.1693,3.0000,0.0000,0.0000,0,20.3060,120.2082,479.3457,299.7770,179.5688,42.0603,36.2291,126.0394,557.6351
96.781,1,0,heuristic,38.8802,138.1653,1.4794,-0.5564,0.9938,1.1390,-2.5610,1.3220,4.0000,1.8337,1.5555,13.7206,-0.1574,3.0000,0.0000,0.0000,0,20.3060,120.2082,479.3457,299.7770,179.5688,41.1990,40.1564,121.2507,560.7011
96.831,1,0,heuristic,38.8584,138.2366,1.4637,-0.5288,1.0694,1.1930,-2.5208,1.3215,4.0000,1.8566,1.5555,13.6533,-0.1421,3.0000,0.0000,0.0000,0,20.3060,-99.7918,467.7374,183.9728,283.7646,40.4208,40.1076,-99.4785,548.2658
96.881,1,0,heuristic,38.8402,138.3064,1.4521,-0.4989,1.1462,1.2501,2.0473,1.3217,4.0000,1.8758,1.5555,13.5871,-0.1304,3.0000,0.0000,0.0000,0,20.3060,-209.7918,437.1273,113.6678,323.4596,39.5990,0.1076,-170.3003,476.8339
96.931,1,0,heuristic,38.8402,138.3064,1.4417,-0.4989,1.1462,1.2501,-2.4470,1.3217,4.0000,1.8758,1.5555,13.5871,-0.1201,3.0000,0.0000,0.0000,0,20.3060,-99.7918,327.1273,113.6678,213.4596,39.5990,39.7560,-99.9488,406.4824
96.981,1,0,heuristic,38.8237,138.3817,1.4334,-0.4628,1.2068,1.2925,2.1250,1.3214,4.0000,1.8936,1.5555,13.5152,-0.1120,3.0000,0.0000,0.0000,0,20.3060,10.1025,336.2138,173.1581,163.0557,38.9882,-0.2440,49.3346,374.9580
97.031,1,0,heuristic,38.8101,138.4524,1.4264,-0.4268,1.2601,1.3304,-2.3512,1.3212,4.0000,1.9082,1.5555,13.4475,-0.1052,3.0000,0.0000,0.0000,0,20.3060,120.1025,410.4011,265.2518,145.1493,38.4427,38.7725,119.7727,487.6162
97.082,1,0,heuristic,38.7971,138.5268,1.4212,-0.3913,1.2940,1.3518,2.2070,1.3205,4.0000,1.9223,1.5555,13.3761,-0.1008,3.0000,0.0000,0.0000,0,20.3060,226.1842,436.9032,331.5437,105.3595,38.1334,-1.2275,265.5451,473.8090
97.131,1,0,heuristic,38.7859,138.5968,1.4162,-0.3597,1.3271,1.3750,-2.2938,1.3200,4.0000,1.9346,1.5555,13.3088,-0.0962,3.0000,0.0000,0.0000,0,20.3060,281.5072,463.8612,372.6842,91.1770,37.7997,38.1929,281.1140,539.8538
97.181,1,0,heuristic,38.7753,138.6721,1.4131,-0.3287,1.3512,1.3906,-2.2970,1.3193,4.0000,1.9464,1.5555,13.2362,-0.0938,3.0000,0.0000,0.0000,0,20.3060,288.9441,486.0404,387.4922,98.5481,37.5752,38.3575,288.1618,561.9730
97.231,1,0,heuristic,38.7665,138.7445,1.4113,-0.2995,1.3827,1.4148,2.2508,1.3192,4.0000,1.9563,1.5555,13.1662,-0.0921,3.0000,0.0000,0.0000,0,20.3060,288.9441,486.0404,387.4922,98.5481,37.2270,-1.6425,327.8136,521.6248
97.281,1,0,heuristic,38.7665,138.7445,1.4104,-0.2995,1.3827,1.4148,-2.2628,1.3192,4.0000,1.9563,1.5555,13.1662,-0.0913,3.0000,0.0000,0.0000,0,20.3060,508.9441,706.0404,607.4922,98.5481,37.2270,37.8933,508.2777,781.1606
97.331,1,0,heuristic,38.7587,138.8233,1.4100,-0.2697,1.4091,1.4346,2.2942,1.3189,4.0000,1.9653,1.5555,13.0898,-0.0910,3.0000,0.0000,0.0000,0,20.3060,618.9441,656.0828,637.5134,18.5694,36.9412,-2.1067,657.9919,690.9173
97.382,1,0,heuristic,38.7527,138.8996,1.4116,-0.2406,1.4453,1.4652,2.2963,1.3194,4.0000,1.9724,1.5555,13.0155,-0.0922,3.0000,0.0000,0.0000,0,20.3060,508.9441,546.0828,527.5134,18.5694,36.5007,-38.7132,584.1580,543.8703
97.431,1,0,heuristic,38.7482,138.9851,1.4110,-0.2099,1.4851,1.4998,2.3190,1.3202,4.0000,1.9782,1.5555,12.9320,-0.0908,3.0000,0.0000,0.0000,0,20.3060,398.9441,436.0828,417.5134,18.5694,36.0024,-39.0339,473.9803,433.0512
97.481,1,0,heuristic,38.7452,139.0703,1.4135,-0.1803,1.5429,1.5534,2.3060,1.3219,4.0000,1.9825,1.5555,12.8485,-0.0916,3.0000,0.0000,0.0000,0,20.3060,288.9441,330.0801,309.5121,20.5680,35.2313,-38.8413,363.0166,326.4700
97.531,1,0,heuristic,38.7430,139.1645,1.4123,-0.1526,1.5967,1.6040,-2.2508,1.3235,4.0000,1.9861,1.5555,12.7560,-0.0888,3.0000,0.0000,0.0000,0,20.3060,178.9441,220.0801,199.5121,20.5680,34.5031,1.1587,212.2884,255.7419
97.581,1,0,heuristic,38.7415,139.2553,1.4147,-0.1286,1.6555,1.6605,-2.2550,1.3254,4.0000,1.9891,1.5555,12.6669,-0.0893,3.0000,0.0000,0.0000,0,20.3060,68.9441,110.0801,89.5121,20.5680,33.6888,37.8821,64.7507,181.6509
97.632,1,0,heuristic,38.7415,139.2553,1.4159,-0.1286,1.6555,1.6605,2.2975,1.3254,4.0000,1.9891,1.5555,12.6669,-0.0905,3.0000,0.0000,0.0000,0,20.3060,-41.0559,0.0801,-20.4879,20.5680,33.6888,-2.1179,-5.2493,31.6509
97.681,1,0,heuristic,38.7402,139.3521,1.4168,-0.1079,1.6968,1.7002,-2.2388,1.3266,4.0000,1.9919,1.5555,12.5718,-0.0901,3.0000,0.0000,0.0000,0,20.3060,-151.0559,110.0801,-20.4879,130.5680,33.1167,37.5817,-155.5209,180.7785
97.731,1,0,heuristic,38.7392,139.4422,1.4173,-0.0905,1.7330,1.7354,2.2965,1.3277,4.0000,1.9943,1.5555,12.4832,-0.0896,3.0000,0.0000,0.0000,0,20.3060,-119.0445,213.7549,47.3552,166.3997,32.6103,-2.4183,-84.0160,243.9469
97.781,1,0,heuristic,38.7392,139.4422,1.4186,-0.0905,1.7330,1.7354,-2.2412,1.3277,4.0000,1.9943,1.5555,12.4832,-0.0909,3.0000,0.0000,0.0000,0,20.3060,-77.5130,105.3379,13.9124,91.4254,32.6103,37.5817,-82.4845,175.5298
97.831,1,0,heuristic,38.7384,139.5350,1.4194,-0.0752,1.7434,1.7450,-2.2077,1.3279,4.0000,1.9964,1.5555,12.3919,-0.0916,3.0000,0.0000,0.0000,0,20.3060,-172.5867,-4.6457,-88.6162,83.9705,32.4714,37.0117,-177.1269,64.8374
97.881,1,0,heuristic,38.7381,139.6198,1.4216,-0.0617,1.7480,1.7491,2.3367,1.3278,4.0000,1.9981,1.5555,12.3085,-0.0938,3.0000,0.0000,0.0000,0,20.3060,-62.5867,8.3780,-27.1043,35.4824,32.4126,-2.9883,-27.1857,37.8023
97.931,1,0,heuristic,38.7377,139.7056,1.4244,-0.0507,1.7284,1.7292,2.3480,1.3269,4.0000,1.9997,1.5555,12.2242,-0.0975,3.0000,0.0000,0.0000,0,20.3060,47.4133,-101.6220,-27.1043,-74.5176,32.6997,-39.7544,119.8673,-108.6767
97.982,1,0,heuristic,38.7372,139.7818,1.4273,-0.0428,1.7003,1.7008,-2.1978,1.3256,4.0000,2.0014,1.5555,12.1493,-0.1017,3.0000,0.0000,0.0000,0,20.3060,157.4133,8.3780,82.8957,-74.5176,33.1082,0.2456,190.2758,41.7318
98.031,1,0,heuristic,38.7372,139.7818,1.4287,-0.0428,1.7003,1.7008,-2.2095,1.3256,4.0000,2.0014,1.5555,12.1493,-0.1031,3.0000,0.0000,0.0000,0,20.3060,157.4133,8.3780,82.8957,-74.5176,33.1082,36.5988,153.9227,78.0850
98.081,1,0,heuristic,38.7359,139.8579,1.4324,-0.0392,1.6528,1.6533,2.3290,1.3235,4.0000,2.0039,1.5555,12.0747,-0.1089,3.0000,0.0000,0.0000,0,20.3060,47.4133,118.3780,82.8957,35.4824,33.7930,-3.4012,84.6075,148.7698
98.131,1,0,heuristic,38.7341,139.9259,1.4342,-0.0387,1.6057,1.6062,-2.2280,1.3213,4.0000,2.0067,1.5555,12.0081,-0.1130,3.0000,0.0000,0.0000,0,20.3060,195.2360,338.3780,266.8070,71.5710,34.4711,36.5306,193.1765,409.3797
98.181,1,0,heuristic,38.7341,139.9259,1.4350,-0.0387,1.6057,1.6062,-2.2210,1.3213,4.0000,2.0067,1.5555,12.0081,-0.1138,3.0000,0.0000,0.0000,0,20.3060,85.2360,356.1096,220.6728,135.4368,34.4711,36.3813,83.3258,426.9620
98.232,1,0,heuristic,38.7322,139.9945,1.4391,-0.0383,1.5485,1.5489,-2.1993,1.3186,4.0000,2.0096,1.5555,11.9410,-0.1206,3.0000,0.0000,0.0000,0,20.3060,-12.1467,466.1096,226.9815,239.1281,35.2953,35.7553,-12.6067,537.1602
98.281,1,0,heuristic,38.7310,140.0576,1.4404,-0.0357,1.5017,1.5021,2.3390,1.3164,4.0000,2.0118,1.5555,11.8792,-0.1240,3.0000,0.0000,0.0000,0,20.3060,-12.1467,466.1096,226.9815,239.1281,35.9699,-4.2447,28.0679,497.8348
98.331,1,0,heuristic,38.7310,140.0576,1.4434,-0.0357,1.5017,1.5021,-2.1800,1.3164,4.0000,2.0118,1.5555,11.8792,-0.1270,3.0000,0.0000,0.0000,0,20.3060,207.8533,246.1096,226.9815,19.1281,35.9699,35.1831,208.6401,317.2625
98.381,1,0,heuristic,38.7319,140.1849,1.4489,-0.0193,1.4197,1.4199,2.4010,1.3128,4.0000,2.0129,1.5555,11.7540,-0.1361,3.0000,0.0000,0.0000,0,20.3060,317.8480,136.1096,226.9788,-90.8692,37.1539,-4.8169,359.8188,168.4465
98.431,1,0,heuristic,38.7319,140.1849,1.4510,-0.0193,1.4197,1.4199,-2.1615,1.3128,4.0000,2.0129,1.5555,11.7540,-0.1382,3.0000,0.0000,0.0000,0,20.3060,221.8613,246.1096,233.9855,12.1241,37.1539,34.4377,224.5775,317.7012
98.481,1,0,heuristic,38.7331,140.2508,1.4553,-0.0109,1.3891,1.3892,-2.1783,1.3115,4.0000,2.0127,1.5555,11.6891,-0.1438,3.0000,0.0000,0.0000,0,20.3060,331.1049,356.1096,343.6072,12.5024,37.5961,34.4982,334.2027,428.2039
98.531,1,0,heuristic,38.7341,140.3142,1.4599,-0.0045,1.3756,1.3756,-2.1692,1.3109,4.0000,2.0127,1.5555,11.6266,-0.1490,3.0000,0.0000,0.0000,0,20.3060,433.2144,466.1096,449.6620,16.4476,37.7919,34.1475,436.8588,538.0489
98.581,1,0,heuristic,38.7341,140.3142,1.4641,-0.0045,1.3756,1.3756,2.3830,1.3109,4.0000,2.0127,1.5555,11.6266,-0.1532,3.0000,0.0000,0.0000,0,20.3060,333.5139,576.1096,454.8117,121.2978,37.7919,-5.8525,377.1583,608.0489
98.631,1,0,heuristic,38.7354,140.3844,1.4709,0.0016,1.3706,1.3706,2.3905,1.3107,4.0000,2.0124,1.5555,11.5573,-0.1601,3.0000,0.0000,0.0000,0,20.3060,333.5139,576.1096,454.8117,121.2978,37.8631,-42.8929,414.2698,571.0798
98.681,1,0,heuristic,38.7372,140.4551,1.4718,0.0089,1.3911,1.3911,-2.1785,1.3117,4.0000,2.0117,1.5555,11.4876,-0.1601,3.0000,0.0000,0.0000,0,20.3060,333.5139,356.1096,344.8117,11.2978,37.5680,-2.8929,373.9748,390.7847
98.731,1,0,heuristic,38.7401,140.5356,1.4764,0.0180,1.4225,1.4226,2.4045,1.3132,4.0000,2.0101,1.5555,11.4080,-0.1632,3.0000,0.0000,0.0000,0,20.3060,223.5140,342.4073,282.9606,59.4466,37.1146,-42.8929,303.5214,336.6290
98.782,1,0,heuristic,38.7434,140.6157,1.4819,0.0282,1.4716,1.4718,2.3955,1.3156,4.0000,2.0080,1.5555,11.3288,-0.1663,3.0000,0.0000,0.0000,0,20.3060,254.4253,232.4073,243.4163,-11.0090,36.4055,-43.2236,334.0544,225.5891
98.831,1,0,heuristic,38.7434,140.6157,1.4843,0.0282,1.4716,1.4718,2.3822,1.3156,4.0000,2.0080,1.5555,11.3288,-0.1687,3.0000,0.0000,0.0000,0,20.3060,144.4253,342.4073,243.4163,98.9910,36.4055,-43.0935,223.9242,335.7192
98.881,1,0,heuristic,38.7473,140.7036,1.4884,0.0376,1.5155,1.5159,-2.2027,1.3177,4.0000,2.0054,1.5555,11.2418,-0.1707,3.0000,0.0000,0.0000,0,20.3060,254.4253,309.7259,282.0756,27.6503,35.7705,-3.0935,293.2893,342.4029
98.931,1,0,heuristic,38.7511,140.7882,1.4927,0.0461,1.5646,1.5653,2.3705,1.3200,4.0000,2.0029,1.5555,11.1581,-0.1727,3.0000,0.0000,0.0000,0,20.3060,352.9489,199.7259,276.3374,-76.6115,35.0598,-43.0577,431.0664,191.7281
98.981,1,0,heuristic,38.7511,140.7882,1.4965,0.0461,1.5646,1.5653,-2.2005,1.3200,4.0000,2.0029,1.5555,11.1581,-0.1765,3.0000,0.0000,0.0000,0,20.3060,374.0676,89.7259,231.8967,-142.1708,35.0598,-3.0577,412.1850,121.7281
99.032,1,0,heuristic,38.7591,140.9657,1.5021,0.0580,1.6419,1.6429,-2.2262,1.3237,4.0000,1.9976,1.5555,10.9824,-0.1784,3.0000,0.0000,0.0000,0,20.3060,264.0676,19.5970,141.8323,-122.2353,33.9416,33.9388,264.0703,87.4774
99.081,1,0,heuristic,38.7591,140.9657,1.5035,0.0580,1.6419,1.6429,-2.2415,1.3237,4.0000,1.9976,1.5555,10.9824,-0.1798,3.0000,0.0000,0.0000,0,20.3060,154.0676,-9.0272,72.5202,-81.5474,33.9416,34.1384,153.8707,59.0527
99.131,1,0,heuristic,38.7623,141.0569,1.5071,0.0586,1.6641,1.6652,2.3240,1.3248,4.0000,1.9959,1.5555,10.8924,-0.1823,3.0000,0.0000,0.0000,0,20.3060,154.0676,-9.0272,72.5202,-81.5474,33.6217,-5.8616,193.5509,18.7329
99.181,1,0,heuristic,38.7646,141.1405,1.5086,0.0565,1.6799,1.6808,-2.2715,1.3255,4.0000,1.9948,1.5555,10.8100,-0.1831,3.0000,0.0000,0.0000,0,20.3060,24.7125,201.1797,112.9461,88.2336,33.3961,34.1384,23.9702,268.7141
99.231,1,0,heuristic,38.7646,141.1405,1.5106,0.0565,1.6799,1.6808,2.3070,1.3255,4.0000,1.9948,1.5555,10.8100,-0.1851,3.0000,0.0000,0.0000,0,20.3060,24.7125,201.1797,112.9461,88.2336,33.3961,-5.8616,63.9702,228.7141
99.281,1,0,heuristic,38.7664,141.2257,1.5120,0.0522,1.6714,1.6722,-2.2425,1.3253,4.0000,1.9943,1.5555,10.7262,-0.1867,3.0000,0.0000,0.0000,0,20.3060,-3.4747,421.1639,208.8446,212.3193,33.5204,33.8801,-3.8344,488.5645
99.331,1,0,heuristic,38.7680,141.3026,1.5121,0.0486,1.6578,1.6585,-2.2435,1.3248,4.0000,1.9939,1.5555,10.6505,-0.1873,3.0000,0.0000,0.0000,0,20.3060,91.1256,531.1639,311.1448,220.0191,33.7181,33.8732,90.9705,598.7553
99.381,1,0,heuristic,38.7703,141.3812,1.5155,0.0476,1.6285,1.6292,-2.2323,1.3237,4.0000,1.9928,1.5555,10.5731,-0.1918,3.0000,0.0000,0.0000,0,20.3060,-18.8744,641.1639,311.1448,330.0191,34.1391,33.5102,-18.2455,708.8132
99.431,1,0,heuristic,38.7732,141.4538,1.5182,0.0501,1.6052,1.6060,2.3908,1.3230,4.0000,1.9910,1.5555,10.5014,-0.1952,3.0000,0.0000,0.0000,0,20.3060,77.6214,751.1639,414.3926,336.7713,34.4736,-6.4898,118.5847,779.1477
99.481,1,0,heuristic,38.7732,141.4538,1.5214,0.0501,1.6052,1.6060,-2.1690,1.3230,4.0000,1.9910,1.5555,10.5014,-0.1984,3.0000,0.0000,0.0000,0,20.3060,187.6214,804.9198,496.2706,308.6492,34.4736,32.1877,189.9073,871.5810
99.531,1,0,heuristic,38.7776,141.5304,1.5259,0.0572,1.5789,1.5799,2.4607,1.3223,4.0000,1.9877,1.5555,10.4255,-0.2036,3.0000,0.0000,0.0000,0,20.3060,297.6214,698.7782,498.1998,200.5784,34.8492,-7.8123,340.2829,725.8151
99.582,1,0,heuristic,38.7831,141.6038,1.5311,0.0686,1.5690,1.5705,2.4802,1.3225,4.0000,1.9834,1.5555,10.3526,-0.2086,3.0000,0.0000,0.0000,0,20.3060,187.6214,588.7782,388.1998,200.5784,34.9854,-46.3290,268.9358,577.4345
99.631,1,0,heuristic,38.7902,141.6847,1.5379,0.0821,1.5660,1.5682,2.4830,1.3230,4.0000,1.9775,1.5555,10.2720,-0.2149,3.0000,0.0000,0.0000,0,20.3060,187.6214,588.7782,388.1998,200.5784,35.0180,-46.6272,269.2665,577.1689
99.681,1,0,heuristic,38.7976,141.7637,1.5449,0.0965,1.5820,1.5849,-2.1038,1.3244,4.0000,1.9713,1.5555,10.1932,-0.2205,3.0000,0.0000,0.0000,0,20.3060,-32.3786,808.7782,388.1998,420.5784,34.7774,-6.6272,9.0260,836.9284
99.731,1,0,heuristic,38.7976,141.7637,1.5487,0.0965,1.5820,1.5849,2.4948,1.3244,4.0000,1.9713,1.5555,10.1932,-0.2243,3.0000,0.0000,0.0000,0,20.3060,77.6214,913.7041,495.6627,418.0414,34.7774,-46.6272,159.0260,901.8543
99.781,1,0,heuristic,38.8063,141.8505,1.5603,0.1106,1.5997,1.6035,2.5478,1.3260,4.0000,1.9640,1.5555,10.1064,-0.2343,3.0000,0.0000,0.0000,0,20.3060,77.6214,913.7041,495.6627,418.0414,34.5089,-48.4928,160.6230,899.7202
99.831,1,0,heuristic,38.8156,141.9359,1.5659,0.1272,1.6352,1.6402,2.5543,1.3283,4.0000,1.9560,1.5555,10.0211,-0.2376,3.0000,0.0000,0.0000,0,20.3060,77.6218,693.7041,385.6629,308.0412,33.9816,-48.7414,160.3447,678.9442
99.881,1,0,heuristic,38.8264,142.0312,1.5800,0.1433,1.6749,1.6810,2.5958,1.3309,4.0000,1.9467,1.5555,9.9256,-0.2490,3.0000,0.0000,0.0000,0,20.3060,141.4066,583.7041,362.5553,221.1487,33.3933,-49.8957,224.6956,567.2016
99.931,1,0,heuristic,38.8370,142.1247,1.5930,0.1590,1.7296,1.7369,2.6128,1.3341,4.0000,1.9374,1.5555,9.8319,-0.2590,3.0000,0.0000,0.0000,0,20.3060,141.4066,583.7041,362.5553,221.1487,32.5891,-50.5818,224.5775,565.7114
99.981,1,0,heuristic,38.8370,142.1247,1.6032,0.1590,1.7296,1.7369,2.6158,1.3341,4.0000,1.9374,1.5555,9.8319,-0.2691,3.0000,0.0000,0.0000,0,20.3060,-78.5934,363.7041,142.5553,221.1487,32.5891,-51.0279,5.0236,345.2653
100.031,1,0,heuristic,38.8483,142.2269,1.6176,0.1708,1.7765,1.7847,2.6107,1.3369,4.0000,1.9277,1.5555,9.7297,-0.2807,3.0000,0.0000,0.0000,0,20.3060,-188.5934,253.7041,32.5553,221.1487,31.9000,-51.4090,-105.2844,234.1951
100.081,1,0,heuristic,38.8589,142.3247,1.6239,0.1808,1.8288,1.8377,-1.9855,1.3398,4.0000,1.9186,1.5555,9.6319,-0.2841,3.0000,0.0000,0.0000,0,20.3060,-188.5934,253.7041,32.5553,221.1487,31.1365,-11.4090,-146.0478,273.4316
100.131,1,0,heuristic,38.8704,142.4268,1.6432,0.1885,1.8558,1.8654,2.6138,1.3419,4.0000,1.9087,1.5555,9.5297,-0.3013,3.0000,0.0000,0.0000,0,20.3060,-408.5883,33.7041,-187.4421,221.1462,30.7383,-51.4090,-326.4410,13.0334
100.181,1,0,heuristic,38.8704,142.4268,1.6541,0.1885,1.8558,1.8654,2.6300,1.3419,4.0000,1.9087,1.5555,9.5297,-0.3122,3.0000,0.0000,0.0000,0,20.3060,-367.7776,-76.2959,-222.0367,145.7408,30.7383,-52.9861,-284.0532,-98.5438
100.231,1,0,heuristic,38.8812,142.5199,1.6626,0.1962,1.8725,1.8828,2.6250,1.3435,4.0000,1.8993,1.5555,9.4365,-0.3191,3.0000,0.0000,0.0000,0,20.3060,-477.7776,-186.1971,-331.9874,145.7902,30.4881,-53.1846,-394.1049,-208.8937
100.281,1,0,heuristic,38.8931,142.6124,1.6803,0.2027,1.8540,1.8650,2.6122,1.3440,4.0000,1.8888,1.5555,9.3435,-0.3362,3.0000,0.0000,0.0000,0,20.3060,-569.7167,-230.1631,-399.9399,169.7768,30.7434,-53.6527,-485.3206,-253.0725
100.331,1,0,heuristic,38.9045,142.6922,1.6887,0.2095,1.8155,1.8276,2.6033,1.3438,4.0000,1.8786,1.5555,9.2632,-0.3449,3.0000,0.0000,0.0000,0,20.3060,-674.7706,-120.1631,-397.4669,277.3037,31.2829,-53.8539,-589.6337,-142.7341
100.381,1,0,heuristic,38.9170,142.7667,1.7079,0.2158,1.7388,1.7521,-2.0070,1.3424,4.0000,1.8673,1.5555,9.1878,-0.3655,3.0000,0.0000,0.0000,0,20.3060,-564.7708,-192.5630,-378.6669,186.1039,32.3694,-13.8539,-518.5475,-174.0475
100.431,1,0,heuristic,38.9298,142.8270,1.7207,0.2258,1.6423,1.6577,2.6115,1.3403,4.0000,1.8554,1.5555,9.1262,-0.3805,3.0000,0.0000,0.0000,0,20.3060,-674.7708,-302.5630,-488.6669,186.1039,33.7284,-53.8539,-587.1885,-322.6885
100.481,1,0,heuristic,38.9298,142.8270,1.7314,0.2258,1.6423,1.6577,2.6270,1.3403,4.0000,1.8554,1.5555,9.1262,-0.3911,3.0000,0.0000,0.0000,0,20.3060,-564.7708,-412.5630,-488.6669,76.1039,33.7284,-56.0860,-474.9564,-434.9205
100.531,1,0,heuristic,38.9447,142.8800,1.7461,0.2380,1.5179,1.5365,2.6050,1.3373,4.0000,1.8413,1.5555,9.0711,-0.4088,3.0000,0.0000,0.0000,0,20.3060,-454.7708,-522.5630,-488.6669,-33.8961,35.4745,-56.4262,-362.8701,-543.5146
100.581,1,0,heuristic,38.9603,142.9195,1.7585,0.2555,1.3789,1.4024,-2.0115,1.3338,4.0000,1.8263,1.5555,9.0292,-0.4247,3.0000,0.0000,0.0000,0,20.3060,-344.7708,-632.5630,-488.6669,-143.8961,37.4052,-16.4262,-290.9394,-611.5839
100.631,1,0,heuristic,38.9785,142.9501,1.7708,0.2742,1.2206,1.2510,2.5587,1.3298,4.0000,1.8086,1.5555,8.9954,-0.4410,3.0000,0.0000,0.0000,0,20.3060,-344.7708,-632.5630,-488.6669,-143.8961,39.5854,-56.4262,-248.7592,-649.4037
100.681,1,0,heuristic,38.9968,142.9691,1.7821,0.2955,1.0556,1.0962,-2.0762,1.3254,4.0000,1.7906,1.5555,8.9730,-0.4567,3.0000,0.0000,0.0000,0,20.3060,-234.7708,-739.3129,-487.0419,-252.2710,41.8151,-16.4262,-176.5295,-713.9239
100.731,1,0,heuristic,39.0173,142.9792,1.7951,0.3153,0.8834,0.9380,2.4705,1.3209,4.0000,1.7703,1.5555,8.9587,-0.4742,3.0000,0.0000,0.0000,0,20.3060,-14.7708,-741.7051,-378.2379,-363.4671,44.0924,-56.4262,85.7477,-754.0389
100.781,1,0,heuristic,39.0173,142.9792,1.8039,0.3153,0.8834,0.9380,-2.1900,1.3209,4.0000,1.7703,1.5555,8.9587,-0.4830,3.0000,0.0000,0.0000,0,20.3060,95.2292,-783.1963,-343.9835,-439.2127,44.0924,-16.4262,155.7477,-755.5301
100.831,1,0,heuristic,39.0372,142.9805,1.8098,0.3351,0.7122,0.7871,2.4135,1.3164,4.0000,1.7504,1.5555,8.9532,-0.4934,3.0000,0.0000,0.0000,0,20.3060,205.2292,-673.2093,-233.9901,-439.2192,46.2652,-56.4262,307.9206,-683.3702
100.881,1,0,heuristic,39.0578,142.9747,1.8169,0.3473,0.5474,0.6483,-2.2997,1.3123,4.0000,1.7297,1.5555,8.9546,-0.5046,3.0000,0.0000,0.0000,0,20.3060,315.2292,-632.3819,-158.5763,-473.8055,48.2648,-16.4262,379.9202,-600.5432
100.931,1,0,heuristic,39.0763,142.9643,1.8199,0.3550,0.3947,0.5309,2.2755,1.3089,4.0000,1.7110,1.5555,8.9609,-0.5110,3.0000,0.0000,0.0000,0,20.3060,425.2292,-573.6246,-74.1977,-499.4269,49.9555,-55.0655,530.2502,-578.7346
100.981,1,0,heuristic,39.0942,142.9503,1.8219,0.3530,0.2619,0.4395,-2.4123,1.3066,4.0000,1.6929,1.5555,8.9709,-0.5153,3.0000,0.0000,0.0000,0,20.3060,325.3495,-683.6246,-179.1376,-504.4870,51.2706,-15.0655,391.6856,-647.4196
101.031,1,0,heuristic,39.1089,142.9362,1.8207,0.3438,0.1506,0.3753,-2.4817,1.3052,4.0000,1.6779,1.5555,8.9818,-0.5155,3.0000,0.0000,0.0000,0,20.3060,435.3428,-573.6246,-69.1409,-504.4837,52.1951,24.6344,462.9035,-496.7951
101.081,1,0,heuristic,39.1089,142.9362,1.8181,0.3438,0.1506,0.3753,-2.5223,1.3052,4.0000,1.6779,1.5555,8.9818,-0.5129,3.0000,0.0000,0.0000,0,20.3060,441.7988,-463.6246,-10.9129,-452.7117,52.1951,25.4174,468.5765,-386.0121
101.131,1,0,heuristic,39.1221,142.9206,1.8115,0.3256,0.0607,0.3312,-2.5760,1.3047,4.0000,1.6646,1.5555,8.9944,-0.5068,3.0000,0.0000,0.0000,0,20.3060,551.7988,-353.6246,99.0871,-452.7117,52.8305,26.5370,578.0923,-274.2570
101.182,1,0,heuristic,39.1322,142.9067,1.8058,0.3025,-0.0096,0.3027,-2.5968,1.3046,4.0000,1.6543,1.5555,9.0060,-0.5012,3.0000,0.0000,0.0000,0,20.3060,535.0732,-243.6246,145.7243,-389.3489,53.2412,27.0873,561.2270,-163.2962
101.232,1,0,heuristic,39.1403,142.8942,1.7947,0.2733,-0.0554,0.2789,-2.6412,1.3045,4.0000,1.6459,1.5555,9.0166,-0.4903,3.0000,0.0000,0.0000,0,20.3060,643.0684,-133.6246,254.7219,-388.3465,53.5843,28.2498,668.4028,-51.7905
101.281,1,0,heuristic,39.1457,142.8859,1.7839,0.2411,-0.0791,0.2537,1.9660,1.3039,4.0000,1.6404,1.5555,9.0237,-0.4801,3.0000,0.0000,0.0000,0,20.3060,675.3936,-23.6246,325.8845,-349.5091,53.9466,-11.7502,741.0904,18.5718
101.331,1,0,heuristic,39.1457,142.8859,1.7752,0.2411,-0.0791,0.2537,1.9730,1.3039,4.0000,1.6404,1.5555,9.0237,-0.4714,3.0000,0.0000,0.0000,0,20.3060,785.3936,86.3754,435.8845,-349.5091,53.9466,-48.5404,887.8806,91.7816
101.381,1,0,heuristic,39.1490,142.8822,1.7624,0.2054,-0.0775,0.2196,-2.6957,1.3024,4.0000,1.6371,1.5555,9.0267,-0.4600,3.0000,0.0000,0.0000,0,20.3060,675.3936,196.3754,435.8845,-239.5091,54.4383,-8.5404,738.3723,242.2734
101.431,1,0,heuristic,39.1497,142.8847,1.7453,0.1676,-0.0515,0.1753,-2.7353,1.2999,4.0000,1.6364,1.5555,9.0240,-0.4453,3.0000,0.0000,0.0000,0,20.3060,565.3936,306.3754,435.8845,-129.5091,55.0754,31.4596,589.0094,392.9105
101.481,1,0,heuristic,39.1485,142.8954,1.7305,0.1292,-0.0002,0.1292,1.9087,1.2970,4.0000,1.6378,1.5555,9.0138,-0.4335,3.0000,0.0000,0.0000,0,20.3060,455.3936,416.3754,435.8845,-19.5091,55.7397,-8.5404,519.6737,463.5748
101.531,1,0,heuristic,39.1462,142.9130,1.7155,0.0939,0.0730,0.1190,-2.7012,1.2960,4.0000,1.6403,1.5555,8.9971,-0.4195,3.0000,0.0000,0.0000,0,20.3060,455.3936,416.3754,435.8845,-19.5091,55.8869,31.4596,479.8209,503.7219
101.582,1,0,heuristic,39.1462,142.9130,1.7041,0.0939,0.0730,0.1190,-2.6905,1.2960,4.0000,1.6403,1.5555,8.9971,-0.4081,3.0000,0.0000,0.0000,0,20.3060,345.3936,526.3754,435.8845,90.4909,55.8869,32.2749,369.0056,614.5372
101.631,1,0,heuristic,39.1433,142.9399,1.6858,0.0639,0.1619,0.1740,-2.6710,1.2988,4.0000,1.6437,1.5555,8.9713,-0.3871,3.0000,0.0000,0.0000,0,20.3060,254.3533,526.3754,390.3643,136.0111,55.0940,32.7713,276.6760,614.2407
101.681,1,0,heuristic,39.1404,142.9726,1.6672,0.0390,0.2660,0.2689,-2.6402,1.3037,4.0000,1.6471,1.5555,8.9397,-0.3635,3.0000,0.0000,0.0000,0,20.3060,364.3533,622.5113,493.4323,129.0790,53.7281,33.1802,384.9011,709.4196
101.731,1,0,heuristic,39.1375,143.0153,1.6588,0.0202,0.3768,0.3773,-2.5813,1.3092,4.0000,1.6506,1.5555,8.8986,-0.3496,3.0000,0.0000,0.0000,0,20.3060,474.3533,731.1364,602.7449,128.3916,52.1663,32.7360,493.7836,816.0387
101.781,1,0,heuristic,39.1351,143.0624,1.6468,0.0061,0.4980,0.4981,2.0840,1.3151,4.0000,1.6537,1.5555,8.8528,-0.3316,3.0000,0.0000,0.0000,0,20.3060,584.3533,831.9578,708.1555,123.8022,50.4276,-7.2640,642.0449,875.1214
101.831,1,0,heuristic,39.1351,143.0624,1.6362,0.0061,0.4980,0.4981,-2.5232,1.3151,4.0000,1.6537,1.5555,8.8528,-0.3211,3.0000,0.0000,0.0000,0,20.3060,474.3533,941.9578,708.1555,233.8022,50.4276,32.7360,492.0449,1000.0000
101.881,1,0,heuristic,39.1328,143.1213,1.6266,-0.0040,0.6248,0.6248,2.1445,1.3211,4.0000,1.6569,1.5555,8.7957,-0.3056,3.0000,0.0000,0.0000,0,20.3060,367.9695,975.2419,671.6057,303.6362,48.6031,-7.2640,423.8367,1000.0000
101.931,1,0,heuristic,39.1308,143.1858,1.6225,-0.0115,0.7686,0.7687,2.1467,1.3275,4.0000,1.6599,1.5555,8.7329,-0.2950,3.0000,0.0000,0.0000,0,20.3060,257.9695,958.8875,608.4285,350.4590,46.5314,-44.5533,349.0542,960.8656
101.981,1,0,heuristic,39.1308,143.1858,1.6148,-0.0115,0.7686,0.7687,-2.4330,1.3275,4.0000,1.6599,1.5555,8.7329,-0.2873,3.0000,0.0000,0.0000,0,20.3060,147.9695,848.8875,498.4285,350.4590,46.5314,-4.5533,199.0542,890.8656
102.032,1,0,heuristic,39.1295,143.2636,1.6075,-0.0143,0.9140,0.9141,2.2557,1.3337,4.0000,1.6624,1.5555,8.6571,-0.2738,3.0000,0.0000,0.0000,0,20.3060,257.9695,879.8138,568.8916,310.9221,44.4373,-44.5533,346.9601,879.6978
102.081,1,0,heuristic,39.1293,143.3440,1.6040,-0.0122,1.0666,1.0666,-2.3660,1.3400,4.0000,1.6638,1.5555,8.5784,-0.2640,3.0000,0.0000,0.0000,0,20.3060,257.9695,879.8138,568.8916,310.9221,42.2405,-4.5533,304.7633,917.5010
102.131,1,0,heuristic,39.1304,143.4359,1.6010,-0.0054,1.2066,1.2066,2.3260,1.3456,4.0000,1.6641,1.5555,8.4883,-0.2555,3.0000,0.0000,0.0000,0,20.3060,465.2255,886.1051,675.6653,210.4398,40.2254,-44.5533,550.0041,881.7772
102.182,1,0,heuristic,39.1327,143.5278,1.5992,0.0053,1.3480,1.3480,-2.2995,1.3511,4.0000,1.6632,1.5555,8.3981,-0.2481,3.0000,0.0000,0.0000,0,20.3060,355.2876,776.1051,565.6964,210.4087,38.1890,-4.5533,398.0299,809.7409
102.231,1,0,heuristic,39.1327,143.5278,1.5989,0.0053,1.3480,1.3480,2.3828,1.3511,4.0000,1.6632,1.5555,8.3981,-0.2478,3.0000,0.0000,0.0000,0,20.3060,426.7348,666.1051,546.4199,119.6852,38.1890,-44.5533,509.4770,659.7409
102.281,1,0,heuristic,39.1363,143.6306,1.6007,0.0180,1.4738,1.4739,2.4140,1.3559,4.0000,1.6612,1.5555,8.2969,-0.2448,3.0000,0.0000,0.0000,0,20.3060,316.7348,556.1051,436.4199,119.6852,36.3761,-47.0839,400.1948,545.3973
102.331,1,0,heuristic,39.1403,143.7314,1.6005,0.0309,1.5990,1.5993,2.3995,1.3605,4.0000,1.6588,1.5555,8.1976,-0.2400,3.0000,0.0000,0.0000,0,20.3060,206.7348,446.1051,326.4199,119.6852,34.5706,-46.6565,287.9619,434.0192
102.381,1,0,heuristic,39.1403,143.7314,1.6027,0.0309,1.5990,1.5993,-2.2628,1.3605,4.0000,1.6588,1.5555,8.1976,-0.2422,3.0000,0.0000,0.0000,0,20.3060,96.7348,336.1051,216.4199,119.6852,34.5706,-6.6565,137.9619,364.0192
102.431,1,0,heuristic,39.1447,143.8408,1.6047,0.0417,1.7002,1.7007,-2.2542,1.3642,4.0000,1.6560,1.5555,8.0899,-0.2405,3.0000,0.0000,0.0000,0,20.3060,-13.2652,446.0770,216.4059,229.6711,33.1102,31.5026,-11.6577,510.6898
102.481,1,0,heuristic,39.1489,143.9441,1.6075,0.0507,1.7906,1.7913,2.4235,1.3674,4.0000,1.6535,1.5555,7.9882,-0.2401,3.0000,0.0000,0.0000,0,20.3060,-72.4859,483.4373,205.4757,277.9616,31.8057,-8.4974,-32.1828,506.7456
102.531,1,0,heuristic,39.1538,144.0520,1.6116,0.0595,1.8475,1.8485,2.4518,1.3696,4.0000,1.6502,1.5555,7.8819,-0.2420,3.0000,0.0000,0.0000,0,20.3060,37.5141,485.8259,261.6700,224.1559,30.9816,-47.6257,116.1215,469.1818
102.581,1,0,heuristic,39.1590,144.1516,1.6160,0.0694,1.8927,1.8940,-2.2102,1.3714,4.0000,1.6465,1.5555,7.7837,-0.2446,3.0000,0.0000,0.0000,0,20.3060,85.2514,448.0476,266.6495,181.3981,30.3264,-7.6257,123.2035,470.7483
102.631,1,0,heuristic,39.1590,144.1516,1.6196,0.0694,1.8927,1.8940,-2.1835,1.3714,4.0000,1.6465,1.5555,7.7837,-0.2482,3.0000,0.0000,0.0000,0,20.3060,85.2514,448.0476,266.6495,181.3981,30.3264,30.0006,85.5772,508.3746
102.681,1,0,heuristic,39.1648,144.2547,1.6267,0.0777,1.9109,1.9125,-2.1610,1.3724,4.0000,1.6423,1.5555,7.6820,-0.2543,3.0000,0.0000,0.0000,0,20.3060,62.2107,331.5249,196.8678,134.6571,30.0606,29.3768,62.8945,390.9623
102.731,1,0,heuristic,39.1705,144.3498,1.6297,0.0858,1.9251,1.9270,-2.1517,1.3733,4.0000,1.6381,1.5555,7.5881,-0.2564,3.0000,0.0000,0.0000,0,20.3060,172.2018,441.5134,306.8576,134.6558,29.8517,29.1353,172.9182,500.5005
102.781,1,0,heuristic,39.1705,144.3498,1.6365,0.0858,1.9251,1.9270,2.5017,1.3733,4.0000,1.6381,1.5555,7.5881,-0.2632,3.0000,0.0000,0.0000,0,20.3060,62.2018,551.5134,306.8576,244.6558,29.8517,-10.8647,102.9182,570.5005
102.831,1,0,heuristic,39.1770,144.4480,1.6453,0.0940,1.9176,1.9199,-2.1305,1.3736,4.0000,1.6330,1.5555,7.4911,-0.2717,3.0000,0.0000,0.0000,0,20.3060,-47.7982,661.5134,306.8576,354.6558,29.9539,28.1744,-46.0187,719.6417
102.881,1,0,heuristic,39.1838,144.5385,1.6512,0.1035,1.9113,1.9141,2.5260,1.3741,4.0000,1.6276,1.5555,7.4015,-0.2771,3.0000,0.0000,0.0000,0,20.3060,-157.7888,771.5069,306.8591,464.6479,30.0374,-11.8256,-115.9259,789.7187
102.931,1,0,heuristic,39.1923,144.6331,1.6615,0.1152,1.8927,1.8962,-2.0798,1.3743,4.0000,1.6206,1.5555,7.3076,-0.2872,3.0000,0.0000,0.0000,0,20.3060,-267.7888,881.5069,306.8591,574.6479,30.2951,26.6960,-264.1897,938.4981
102.981,1,0,heuristic,39.2016,144.7213,1.6686,0.1312,1.8816,1.8862,2.6042,1.3749,4.0000,1.6126,1.5555,7.2197,-0.2938,3.0000,0.0000,0.0000,0,20.3060,-157.7888,823.0803,332.6458,490.4346,30.4386,-13.3040,-114.0462,840.2149
103.031,1,0,heuristic,39.2016,144.7213,1.6775,0.1312,1.8816,1.8862,2.6520,1.3749,4.0000,1.6126,1.5555,7.2197,-0.3026,3.0000,0.0000,0.0000,0,20.3060,-47.7888,713.0803,332.6458,380.4346,30.4386,-53.3040,35.9538,690.2149
103.081,1,0,heuristic,39.2132,144.8144,1.6866,0.1493,1.8637,1.8697,-1.9910,1.3755,4.0000,1.6025,1.5555,7.1265,-0.3112,3.0000,0.0000,0.0000,0,20.3060,62.2112,603.0803,332.6458,270.4346,30.6769,-13.3040,106.1921,620.4532
103.131,1,0,heuristic,39.2248,144.9026,1.6973,0.1680,1.8582,1.8658,-1.9515,1.3765,4.0000,1.5922,1.5555,7.0381,-0.3209,3.0000,0.0000,0.0000,0,20.3060,172.2112,493.0803,332.6458,160.4346,30.7332,23.1876,179.7568,547.0011
103.182,1,0,heuristic,39.2371,144.9969,1.7181,0.1816,1.8492,1.8581,2.6928,1.3775,4.0000,1.5813,1.5555,6.9437,-0.3406,3.0000,0.0000,0.0000,0,20.3060,282.2112,594.4592,438.3352,156.1240,30.8435,-16.8124,329.8671,608.4903
103.231,1,0,heuristic,39.2483,145.0868,1.7325,0.1920,1.8542,1.8641,-1.9640,1.3787,4.0000,1.5715,1.5555,6.8537,-0.3537,3.0000,0.0000,0.0000,0,20.3060,282.2112,594.4592,438.3352,156.1240,30.7574,22.0830,290.8856,647.2996
103.281,1,0,heuristic,39.2483,145.0868,1.7399,0.1920,1.8542,1.8641,2.7015,1.3787,4.0000,1.5715,1.5555,6.8537,-0.3612,3.0000,0.0000,0.0000,0,20.3060,380.8548,518.1238,449.4893,68.6345,30.7574,-17.9170,429.5292,530.9641
103.331,1,0,heuristic,39.2594,145.1845,1.7623,0.1964,1.8589,1.8692,-1.9475,1.3799,4.0000,1.5619,1.5555,6.7563,-0.3823,3.0000,0.0000,0.0000,0,20.3060,226.7772,607.5045,417.1408,190.3637,30.6830,20.6759,236.7843,658.8635
103.382,1,0,heuristic,39.2691,145.2791,1.7724,0.1974,1.8815,1.8918,-1.9820,1.3815,4.0000,1.5536,1.5555,6.6622,-0.3909,3.0000,0.0000,0.0000,0,20.3060,215.4919,587.9178,401.7048,186.2129,30.3579,20.9087,224.9411,639.1844
103.431,1,0,heuristic,39.2784,145.3823,1.7919,0.1937,1.9020,1.9118,-1.9700,1.3829,4.0000,1.5459,1.5555,6.5600,-0.4090,3.0000,0.0000,0.0000,0,20.3060,215.4919,587.9178,401.7048,186.2129,30.0698,19.9883,225.5734,637.9759
103.481,1,0,heuristic,39.2866,145.4817,1.8069,0.1889,1.9356,1.9448,2.6970,1.3846,4.0000,1.5393,1.5555,6.4618,-0.4223,3.0000,0.0000,0.0000,0,20.3060,315.6089,406.0117,360.8103,45.2014,29.5948,-20.0117,365.2154,415.5948
103.532,1,0,heuristic,39.2866,145.4817,1.8191,0.1889,1.9356,1.9448,2.6947,1.3846,4.0000,1.5393,1.5555,6.4618,-0.4345,3.0000,0.0000,0.0000,0,20.3060,315.6089,406.0117,360.8103,45.2014,29.5948,-59.3848,404.5885,376.2217
103.582,1,0,heuristic,39.2943,145.5889,1.8363,0.1810,1.9609,1.9693,2.6778,1.3859,4.0000,1.5332,1.5555,6.3561,-0.4503,3.0000,0.0000,0.0000,0,20.3060,513.9956,392.3685,453.1821,-60.8136,29.2423,-59.7253,602.9632,361.8856
103.631,1,0,heuristic,39.3004,145.6908,1.8434,0.1700,1.9934,2.0006,-2.0230,1.3873,4.0000,1.5287,1.5555,6.2560,-0.4561,3.0000,0.0000,0.0000,0,20.3060,623.9956,502.3685,563.1821,-60.8136,28.7910,-19.7253,672.5119,511.4342
103.681,1,0,heuristic,39.3047,145.7998,1.8594,0.1528,2.0140,2.0198,-2.0577,1.3881,4.0000,1.5260,1.5555,6.1497,-0.4713,3.0000,0.0000,0.0000,0,20.3060,733.9954,494.8985,614.4470,-119.5485,28.5154,19.0025,743.5083,542.4164
103.731,1,0,heuristic,39.3065,145.9041,1.8763,0.1297,2.0458,2.0499,-2.0777,1.3889,4.0000,1.5258,1.5555,6.0486,-0.4874,3.0000,0.0000,0.0000,0,20.3060,840.4901,604.8985,722.6943,-117.7958,28.0813,18.7112,849.8603,651.6909
103.781,1,0,heuristic,39.3065,145.9041,1.8841,0.1297,2.0458,2.0499,-2.0995,1.3889,4.0000,1.5258,1.5555,6.0486,-0.4951,3.0000,0.0000,0.0000,0,20.3060,840.4901,604.8985,722.6943,-117.7958,28.0813,18.7742,849.7972,651.7540
103.832,1,0,heuristic,39.3056,146.0172,1.8986,0.1001,2.0717,2.0741,-2.1183,1.3893,4.0000,1.5285,1.5555,5.9399,-0.5093,3.0000,0.0000,0.0000,0,20.3060,730.4901,494.8985,612.6943,-117.7958,27.7330,18.5396,739.6835,541.1711
103.881,1,0,heuristic,39.3019,146.1268,1.9050,0.0648,2.1139,2.1149,-2.1560,1.3898,4.0000,1.5338,1.5555,5.8356,-0.5151,3.0000,0.0000,0.0000,0,20.3060,620.4901,384.8985,502.6943,-117.7958,27.1456,18.9562,628.6796,431.0003
103.931,1,0,heuristic,39.2953,146.2456,1.9172,0.0265,2.1481,2.1483,-2.1725,1.3898,4.0000,1.5422,1.5555,5.7234,-0.5274,3.0000,0.0000,0.0000,0,20.3060,620.4901,385.8136,503.1519,-117.3383,26.6645,18.7690,628.3856,431.2471
103.982,1,0,heuristic,39.2873,146.3588,1.9253,-0.0122,2.1899,2.1899,2.4878,1.3899,4.0000,1.5519,1.5555,5.6174,-0.5354,3.0000,0.0000,0.0000,0,20.3060,620.4901,385.8136,503.1519,-117.3383,26.0652,-21.2310,667.7863,390.6478
104.031,1,0,heuristic,39.2873,146.3588,1.9323,-0.0122,2.1899,2.1899,-2.2197,1.3899,4.0000,1.5519,1.5555,5.6174,-0.5424,3.0000,0.0000,0.0000,0,20.3060,649.4523,495.8133,572.6328,-76.8195,26.0652,18.7690,656.7485,540.6474
104.081,1,0,heuristic,39.2772,146.4793,1.9402,-0.0485,2.2155,2.2160,2.4400,1.3893,4.0000,1.5639,1.5555,5.5051,-0.5509,3.0000,0.0000,0.0000,0,20.3060,470.8823,715.8133,593.3478,122.4655,25.6889,-21.2310,517.8022,720.2712
104.131,1,0,heuristic,39.2663,146.5934,1.9441,-0.0845,2.2480,2.2496,-2.2323,1.3889,4.0000,1.5766,1.5555,5.3997,-0.5553,3.0000,0.0000,0.0000,0,20.3060,580.8823,825.8133,703.3478,122.4655,25.2063,18.7385,587.3502,869.7581
104.181,1,0,heuristic,39.2531,146.7159,1.9494,-0.1180,2.2695,2.2726,2.4527,1.3879,4.0000,1.5916,1.5555,5.2873,-0.5614,3.0000,0.0000,0.0000,0,20.3060,580.8823,825.8133,703.3478,122.4655,24.8746,-21.2615,627.0185,829.4264
104.231,1,0,heuristic,39.2395,146.8335,1.9541,-0.1513,2.3056,2.3105,-2.2288,1.3873,4.0000,1.6070,1.5555,5.1803,-0.5668,3.0000,0.0000,0.0000,0,20.3060,754.5185,832.6248,793.5716,39.0531,24.3284,18.2762,760.5707,875.2293
104.281,1,0,heuristic,39.2395,146.8335,1.9593,-0.1513,2.3056,2.3105,2.4655,1.3873,4.0000,1.6070,1.5555,5.1803,-0.5720,3.0000,0.0000,0.0000,0,20.3060,811.8195,728.9883,770.4039,-41.4156,24.3284,-21.7238,857.8717,731.5929
104.331,1,0,heuristic,39.2233,146.9612,1.9642,-0.1834,2.3355,2.3427,-2.2125,1.3863,4.0000,1.6252,1.5555,5.0651,-0.5779,3.0000,0.0000,0.0000,0,20.3060,875.3993,692.9601,784.1797,-91.2196,23.8647,17.5968,881.6672,734.4216
104.382,1,0,heuristic,39.2059,147.0846,1.9708,-0.2191,2.3824,2.3925,2.4645,1.3857,3.9641,1.6444,1.5555,4.9551,-0.5852,3.0000,0.0000,0.0000,0,20.3060,933.4383,802.9601,868.1992,-65.2391,22.6312,-22.4032,978.4727,803.1880
104.432,1,0,heuristic,39.1849,147.2183,1.9756,-0.2562,2.4203,2.4338,-2.2428,1.3844,3.8699,1.6675,1.5555,4.8373,-0.5912,3.0000,0.0000,0.0000,0,20.3060,952.2004,912.9601,932.5803,-19.6202,20.6793,17.5968,955.2830,951.2362
104.481,1,0,heuristic,39.1625,147.3469,1.9792,-0.2981,2.4721,2.4900,2.4293,1.3834,3.7807,1.6918,1.5555,4.7258,-0.5958,3.0000,0.0000,0.0000,0,20.3060,952.2004,912.9601,932.5803,-19.6202,18.5855,-22.4032,993.1891,909.1423
104.531,1,0,heuristic,39.1359,147.4869,1.9844,-0.3409,2.5161,2.5391,-2.2658,1.3819,3.6852,1.7206,1.5555,4.6064,-0.6025,3.0000,0.0000,0.0000,0,20.3060,890.2561,889.5277,889.8919,-0.3642,16.5036,17.5968,889.1630,923.6280
104.581,1,0,heuristic,39.1083,147.6221,1.9894,-0.3878,2.5763,2.6053,-2.2732,1.3807,3.5945,1.7502,1.5555,4.4932,-0.6087,3.0000,0.0000,0.0000,0,20.3060,790.1989,866.9746,828.5867,38.3878,14.2446,17.6018,786.8418,898.8210
104.631,1,0,heuristic,39.1083,147.6221,1.9928,-0.3878,2.5763,2.6053,2.4068,1.3807,3.5945,1.7502,1.5555,4.4932,-0.6122,3.0000,0.0000,0.0000,0,20.3060,715.6725,933.7308,824.7017,109.0292,14.2446,-22.3982,752.3154,925.5772
104.681,1,0,heuristic,39.0768,147.7685,1.9984,-0.4314,2.6240,2.6593,2.4205,1.3788,3.4983,1.7840,1.5555,4.3728,-0.6197,3.0000,0.0000,0.0000,0,20.3060,686.7516,823.7308,755.2412,68.4896,12.0819,-61.6316,760.4651,774.1811
104.732,1,0,heuristic,39.0457,147.9083,1.9998,-0.4747,2.6816,2.7233,2.4003,1.3772,3.4081,1.8172,1.5555,4.2601,-0.6225,3.0000,0.0000,0.0000,0,20.3060,576.7516,713.7308,645.2412,68.4896,9.8612,-61.3569,647.9698,662.2351
104.782,1,0,heuristic,39.0116,148.0578,2.0034,-0.5110,2.7203,2.7679,-2.2692,1.3749,3.3136,1.8536,1.5555,4.1420,-0.6285,3.0000,0.0000,0.0000,0,20.3060,466.7516,603.7308,535.2412,68.4896,7.8584,-21.3569,495.9670,590.2323
104.831,1,0,heuristic,38.9787,148.1986,2.0068,-0.5458,2.7632,2.8166,2.4365,1.3729,3.2266,1.8887,1.5555,4.0333,-0.6339,3.0000,0.0000,0.0000,0,20.3060,356.7516,636.3679,496.5598,139.8082,5.9040,-61.3569,424.0126,580.9151
104.881,1,0,heuristic,38.9787,148.1986,2.0104,-0.5458,2.7632,2.8166,-2.2542,1.3729,3.2266,1.8887,1.5555,4.0333,-0.6375,3.0000,0.0000,0.0000,0,20.3060,246.7516,672.3493,459.5505,212.7989,5.9040,-21.3569,274.0126,656.8965
104.931,1,0,heuristic,38.9438,148.3464,2.0138,-0.5709,2.7788,2.8368,2.4325,1.3699,3.1376,1.9258,1.5555,3.9220,-0.6439,3.0000,0.0000,0.0000,0,20.3060,136.7516,562.3493,349.5505,212.7989,4.3314,-61.3569,202.4399,505.3238
104.981,1,0,heuristic,38.9115,148.4830,2.0176,-0.5913,2.7925,2.8544,-2.2382,1.3671,3.0572,1.9602,1.5555,3.8215,-0.6505,3.0000,0.0000,0.0000,0,20.3060,136.7516,562.3493,349.5505,212.7989,2.9198,-21.3569,161.0283,543.9122
105.031,1,0,heuristic,38.8785,148.6245,2.0216,-0.5997,2.7780,2.8419,-2.2240,1.3635,2.9759,1.9953,1.5555,3.7199,-0.6581,3.0000,0.0000,0.0000,0,20.3060,39.5763,452.3493,245.9628,206.3865,1.9295,15.1888,26.3171,469.4676
105.081,1,0,heuristic,38.8491,148.7537,2.0286,-0.6023,2.7607,2.8256,2.4842,1.3601,2.9035,2.0267,1.5555,3.6294,-0.6685,3.0000,0.0000,0.0000,0,20.3060,257.6978,232.3493,245.0236,-12.6742,1.1215,-24.8112,283.6305,208.6596
105.131,1,0,heuristic,38.8202,148.8857,2.0341,-0.5931,2.7163,2.7803,2.5183,1.3559,2.8311,2.0576,1.5555,3.5389,-0.6783,3.0000,0.0000,0.0000,0,20.3060,257.6978,232.3493,245.0236,-12.6742,0.7315,-64.8112,323.2405,168.2696
105.181,1,0,heuristic,38.7948,149.0049,2.0398,-0.5803,2.6696,2.7320,-2.2035,1.3519,2.7674,2.0849,1.5555,3.4593,-0.6879,3.0000,0.0000,0.0000,0,20.3060,430.8726,12.3493,221.6110,-209.2616,0.5111,-24.8112,456.1949,-11.9508
105.232,1,0,heuristic,38.7948,149.0049,2.0430,-0.5803,2.6696,2.7320,-2.2120,1.3519,2.7674,2.0849,1.5555,3.4593,-0.6911,3.0000,0.0000,0.0000,0,20.3060,430.8726,12.3493,221.6110,-209.2616,0.5111,13.8140,417.5697,26.6745
105.281,1,0,heuristic,38.7695,149.1254,2.0510,-0.5616,2.5994,2.6593,-2.2437,1.3471,2.7049,2.1120,1.5555,3.3811,-0.7038,3.0000,0.0000,0.0000,0,20.3060,328.7118,-97.5068,115.6025,-213.1093,0.6555,13.8867,315.4806,-82.9646
105.331,1,0,heuristic,38.7467,149.2336,2.0535,-0.5442,2.5303,2.5882,-2.2825,1.3426,2.6506,2.1364,1.5555,3.3133,-0.7109,3.0000,0.0000,0.0000,0,20.3060,346.4461,-97.5006,124.4728,-221.9733,0.8986,14.2929,333.0518,-82.3091
105.381,1,0,heuristic,38.7239,149.3423,2.0596,-0.5229,2.4424,2.4977,-2.3037,1.3373,2.5979,2.1609,1.5555,3.2474,-0.7222,3.0000,0.0000,0.0000,0,20.3060,453.6306,12.4994,233.0650,-220.5656,1.4429,14.2387,440.8348,28.1810
105.431,1,0,heuristic,38.7037,149.4392,2.0627,-0.5027,2.3575,2.4105,2.3610,1.3323,2.5526,2.1826,1.5555,3.1908,-0.7304,3.0000,0.0000,0.0000,0,20.3060,563.6271,122.4994,343.0633,-220.5638,2.0467,-25.7613,591.4351,98.7849
105.481,1,0,heuristic,38.7037,149.4392,2.0645,-0.5027,2.3575,2.4105,-2.3607,1.3323,2.5526,2.1826,1.5555,3.1908,-0.7322,3.0000,0.0000,0.0000,0,20.3060,673.6271,232.4931,453.0601,-220.5670,2.0467,14.2387,661.4351,248.7785
105.531,1,0,heuristic,38.6826,149.5371,2.0658,-0.4834,2.2627,2.3138,2.3007,1.3267,2.5090,2.2052,1.5555,3.1362,-0.7391,3.0000,0.0000,0.0000,0,20.3060,783.6271,122.4931,453.0601,-330.5670,2.8109,-25.7613,812.1993,99.5427
105.581,1,0,heuristic,38.6621,149.6270,2.0654,-0.4720,2.1846,2.2350,-2.4145,1.3217,2.4711,2.2270,1.5555,3.0889,-0.7437,3.0000,0.0000,0.0000,0,20.3060,783.6271,122.4931,453.0601,-330.5670,3.3996,14.2387,772.7880,140.1314
105.632,1,0,heuristic,38.6389,149.7216,2.0639,-0.4667,2.1115,2.1624,-2.4880,1.3166,2.4340,2.2516,1.5555,3.0425,-0.7473,3.0000,0.0000,0.0000,0,20.3060,882.1299,12.4931,447.3115,-434.8184,3.9109,16.4652,869.5756,32.8692
105.681,1,0,heuristic,38.6152,149.8107,2.0611,-0.4721,2.0604,2.1138,2.1995,1.3122,2.4020,2.2767,1.5555,3.0025,-0.7489,3.0000,0.0000,0.0000,0,20.3060,944.0417,-140.6304,401.7057,-542.3361,4.1511,-23.5348,971.7276,-160.0142
105.731,1,0,heuristic,38.5877,149.9056,2.0573,-0.4835,2.0135,2.0707,-2.5383,1.3075,2.3714,2.3057,1.5555,2.9642,-0.7498,3.0000,0.0000,0.0000,0,20.3060,978.6461,-30.6304,474.0079,-504.6383,4.3295,16.4652,966.5105,-9.8357
105.782,1,0,heuristic,38.5594,149.9956,2.0490,-0.5050,1.9856,2.0488,-2.5972,1.3036,2.3460,2.3354,1.5555,2.9325,-0.7454,3.0000,0.0000,0.0000,0,20.3060,957.9790,79.3696,518.6743,-439.3047,4.2788,18.4749,943.7830,102.1232
105.832,1,0,heuristic,38.5259,150.0917,2.0438,-0.5326,1.9583,2.0294,2.0673,1.7908,4.0000,2.8968,2.1008,21.6449,-0.2529,3.0000,0.0000,0.0000,0,21.2450,991.3484,189.3696,590.3590,-400.9894,28.3767,-21.5251,1000.0000,196.2212
105.881,1,0,heuristic,38.5259,150.0917,2.0322,-0.5326,1.9583,2.0294,-2.6735,1.7908,4.0000,2.8968,2.1008,21.6449,-0.2414,3.0000,0.0000,0.0000,0,21.2450,881.3484,299.3696,590.3590,-290.9894,28.3767,18.4749,891.2503,346.2212
105.932,1,0,heuristic,38.4912,150.1839,2.0239,-0.5708,1.9508,2.0326,2.0008,1.7926,4.0000,2.8802,2.1008,21.5465,-0.2312,3.0000,0.0000,0.0000,0,21.2450,771.3484,406.4329,588.8907,-182.4577,28.3309,-21.5251,821.2045,413.2387
105.981,1,0,heuristic,38.4509,150.2844,2.0078,-0.6114,1.9472,2.0410,1.9988,1.7946,4.0000,2.8641,2.1008,21.4382,-0.2131,3.0000,0.0000,0.0000,0,21.2450,881.3484,330.4763,605.9124,-275.4360,28.2102,-37.4394,946.9980,321.2472
106.031,1,0,heuristic,38.4105,150.3821,2.0013,-0.6576,1.9648,2.0719,-2.7163,1.7976,4.0000,2.8496,2.1008,21.3325,-0.2038,3.0000,0.0000,0.0000,0,21.2450,771.3484,335.8821,553.6153,-217.7331,27.7646,2.5606,796.5523,366.2073
106.081,1,0,heuristic,38.4105,150.3821,1.9879,-0.6576,1.9648,2.0719,1.9743,1.7976,4.0000,2.8496,2.1008,21.3325,-0.1904,3.0000,0.0000,0.0000,0,21.2450,661.3484,225.8821,443.6153,-217.7331,27.7646,-36.1528,725.2658,217.4939
106.131,1,0,heuristic,38.3216,150.5916,1.9669,-0.7421,2.0142,2.1466,-2.7375,1.8039,4.0000,2.8203,2.1008,21.1049,-0.1630,3.0000,0.0000,0.0000,0,21.2450,551.3484,115.8821,333.6153,-217.7331,26.6896,3.8472,574.1908,146.4189
106.181,1,0,heuristic,38.3216,150.5916,1.9598,-0.7421,2.0142,2.1466,1.9758,1.8039,4.0000,2.8203,2.1008,21.1049,-0.1559,3.0000,0.0000,0.0000,0,21.2450,441.6143,6.0291,223.8217,-217.7926,26.6896,-34.8598,503.1637,-2.1411
106.231,1,0,heuristic,38.2748,150.7011,1.9428,-0.7739,2.0323,2.1747,1.9605,1.8067,4.0000,2.8054,2.1008,20.9858,-0.1361,3.0000,0.0000,0.0000,0,21.2450,510.5030,-103.9709,203.2661,-307.2370,26.2845,-33.8473,570.6348,-111.5336
106.281,1,0,heuristic,38.2312,150.8028,1.9305,-0.8005,2.0496,2.2004,1.9805,1.8092,4.0000,2.7916,2.1008,20.8752,-0.1213,3.0000,0.0000,0.0000,0,21.2450,510.5030,-103.9709,203.2661,-307.2370,25.9138,-33.6185,570.0353,-111.6756
106.331,1,0,heuristic,38.2312,150.8028,1.9194,-0.8005,2.0496,2.2004,1.9478,1.8092,4.0000,2.7916,2.1008,20.8752,-0.1102,3.0000,0.0000,0.0000,0,21.2450,300.1999,-323.9687,-11.8844,-312.0843,25.9138,-32.6336,358.7473,-330.6885
106.382,1,0,heuristic,38.1859,150.9077,1.9001,-0.8148,2.0433,2.1997,1.9427,1.8105,4.0000,2.7777,2.1008,20.7609,-0.0895,3.0000,0.0000,0.0000,0,21.2450,410.1999,-433.9686,-11.8843,-422.0842,25.9239,-31.7578,467.8816,-439.8024
106.431,1,0,heuristic,38.1438,151.0031,1.8923,-0.8273,2.0320,2.1939,1.9458,1.8114,4.0000,2.7658,2.1008,20.6567,-0.0809,3.0000,0.0000,0.0000,0,21.2450,520.1999,-338.1085,91.0457,-429.1542,26.0074,-31.4823,577.6896,-343.5833
106.482,1,0,heuristic,38.1438,151.0031,1.8760,-0.8273,2.0320,2.1939,-2.7837,1.8114,4.0000,2.7658,2.1008,20.6567,-0.0645,3.0000,0.0000,0.0000,0,21.2450,547.9268,-359.6437,94.1416,-453.7852,26.0074,8.5177,565.4164,-325.1185
106.531,1,0,heuristic,38.1000,151.0983,1.8548,-0.8303,1.9919,2.1580,1.8725,1.8109,4.0000,2.7554,2.1008,20.5519,-0.0440,3.0000,0.0000,0.0000,0,21.2450,547.9268,-359.6437,94.1416,-453.7852,26.5248,-28.8214,603.2730,-361.9404
106.581,1,0,heuristic,38.0591,151.1830,1.8414,-0.8344,1.9462,2.1175,-2.8470,1.8098,4.0000,2.7479,2.1008,20.4581,-0.0316,3.0000,0.0000,0.0000,0,21.2450,657.9268,-301.6676,178.1296,-479.7972,27.1082,11.1786,673.8564,-263.3808
106.631,1,0,heuristic,38.0161,151.2677,1.8230,-0.8330,1.8829,2.0590,1.8455,1.8077,4.0000,2.7422,2.1008,20.3633,-0.0153,3.0000,0.0000,0.0000,0,21.2450,739.6398,-511.1972,114.2213,-625.4185,27.9510,-27.2616,794.8524,-510.5079
106.681,1,0,heuristic,37.9757,151.3438,1.8034,-0.8348,1.8231,2.0052,-2.8880,1.8056,4.0000,2.7386,2.1008,20.2776,0.0022,3.0000,0.0000,0.0000,0,21.2450,830.4434,-621.0786,104.6824,-725.7610,28.7255,12.7384,846.4306,-579.6147
106.731,1,0,heuristic,37.9757,151.3438,1.7871,-0.8348,1.8231,2.0052,-2.9253,1.8056,4.0000,2.7386,2.1008,20.2776,0.0185,3.0000,0.0000,0.0000,0,21.2450,854.5556,-681.2653,86.6451,-767.9104,28.7255,52.7384,830.5428,-599.8014
106.781,1,0,heuristic,37.9326,151.4207,1.7616,-0.8338,1.7544,1.9425,-2.9735,1.8029,4.0000,2.7369,2.1008,20.1899,0.0413,3.0000,0.0000,0.0000,0,21.2450,744.5601,-791.2481,-23.3440,-767.9041,29.6287,55.8972,718.2916,-705.7222
106.831,1,0,heuristic,37.8913,151.4900,1.7504,-0.8390,1.6921,1.8887,1.7288,1.8002,4.0000,2.7375,2.1008,20.1102,0.0499,3.0000,0.0000,0.0000,0,21.2450,730.9085,-747.8153,-8.4534,-739.3619,30.4026,15.8972,745.4139,-701.5154
106.881,1,0,heuristic,37.8468,151.5597,1.7218,-0.8422,1.6220,1.8276,1.6723,1.7970,4.0000,2.7406,2.1008,20.0287,0.0751,3.0000,0.0000,0.0000,0,21.2450,656.4307,-637.8153,9.3077,-647.1230,31.2819,-20.8267,708.5394,-627.3601
106.931,1,0,heuristic,37.8043,151.6224,1.6890,-0.8510,1.5588,1.7760,1.6355,1.7939,4.0000,2.7456,2.1008,19.9545,0.1049,3.0000,0.0000,0.0000,0,21.2450,628.7304,-660.2228,-15.7462,-644.4766,32.0263,-19.0423,679.7990,-647.2389
106.981,1,0,heuristic,37.8043,151.6224,1.6756,-0.8510,1.5588,1.7760,-3.0907,1.7939,4.0000,2.7456,2.1008,19.9545,0.1183,3.0000,0.0000,0.0000,0,21.2450,575.4710,-550.2228,12.6241,-562.8469,32.0263,20.9577,586.5396,-497.2389
107.031,1,0,heuristic,37.7585,151.6864,1.6397,-0.8571,1.4933,1.7218,-3.1292,1.7904,4.0000,2.7528,2.1008,19.8778,0.1507,3.0000,0.0000,0.0000,0,21.2450,685.4710,-440.2228,122.6241,-562.8469,32.8066,60.9577,657.3199,-346.4585
107.081,1,0,heuristic,37.7148,151.7452,1.6197,-0.8677,1.4396,1.6809,-3.1245,1.7875,4.0000,2.7608,2.1008,19.8068,0.1678,3.0000,0.0000,0.0000,0,21.2450,795.4710,-330.2228,232.6241,-562.8469,33.3947,63.3919,765.4738,-233.4362
107.131,1,0,heuristic,37.7148,151.7452,1.6050,-0.8677,1.4396,1.6809,-3.1158,1.7875,4.0000,2.7608,2.1008,19.8068,0.1824,3.0000,0.0000,0.0000,0,21.2450,803.9844,-221.8902,291.0471,-512.9373,33.3947,63.8160,773.5630,-124.6795
107.181,1,0,heuristic,37.6682,151.8077,1.5611,-0.8731,1.3919,1.6431,-3.1162,1.7846,4.0000,2.7694,2.1008,19.7314,0.2235,3.0000,0.0000,0.0000,0,21.2450,775.2987,-138.3128,318.4929,-456.8058,33.9394,65.4342,743.8039,-38.9393
107.231,1,0,heuristic,37.6245,151.8687,1.5461,-0.8806,1.3676,1.6266,-3.1303,1.7830,4.0000,2.7763,2.1008,19.6584,0.2369,3.0000,0.0000,0.0000,0,21.2450,665.5634,-28.3663,318.5986,-346.9649,34.1774,66.1970,633.5438,72.0081
107.281,1,0,heuristic,37.5788,151.9368,1.5091,-0.8804,1.3563,1.6170,1.6148,1.7819,4.0000,2.7812,2.1008,19.5780,0.2728,3.0000,0.0000,0.0000,0,21.2450,731.6962,40.7923,386.2443,-345.4519,34.3155,26.1970,739.8147,101.3049
107.331,1,0,heuristic,37.5368,152.0046,1.4725,-0.8794,1.3674,1.6258,1.6545,1.7822,4.0000,2.7833,2.1008,19.4993,0.3097,3.0000,0.0000,0.0000,0,21.2450,725.4160,150.7923,438.1042,-287.3118,34.1884,-11.3393,770.9437,173.6414
107.381,1,0,heuristic,37.5368,152.0046,1.4509,-0.8794,1.3674,1.6258,1.6693,1.7822,4.0000,2.7833,2.1008,19.4993,0.3313,3.0000,0.0000,0.0000,0,21.2450,615.4160,260.7923,438.1042,-177.3118,34.1884,-10.7470,660.3514,284.2337
107.431,1,0,heuristic,37.4941,152.0809,1.4156,-0.8675,1.3873,1.6362,1.7010,1.7829,4.0000,2.7815,2.1008,19.4126,0.3673,3.0000,0.0000,0.0000,0,21.2450,505.4160,150.8450,328.1305,-177.2855,34.0393,-9.8758,549.3311,175.0085
107.481,1,0,heuristic,37.4563,152.1573,1.4019,-0.8517,1.4281,1.6628,1.6907,1.7850,4.0000,2.7755,2.1008,19.3276,0.3830,3.0000,0.0000,0.0000,0,21.2450,395.4160,171.4144,283.4152,-112.0008,33.6556,-9.0968,438.1685,195.9732
107.531,1,0,heuristic,37.4190,152.2424,1.3680,-0.8246,1.4698,1.6853,-2.9897,1.7873,4.0000,2.7646,2.1008,19.2348,0.4193,3.0000,0.0000,0.0000,0,21.2450,285.4160,281.4144,283.4152,-2.0008,33.3314,30.9032,287.8442,345.6490
107.581,1,0,heuristic,37.4190,152.2424,1.3423,-0.8246,1.4698,1.6853,1.7863,1.7873,4.0000,2.7646,2.1008,19.2348,0.4450,3.0000,0.0000,0.0000,0,21.2450,175.4160,391.4144,283.4152,107.9992,33.3314,-8.2933,217.0407,416.4525
107.631,1,0,heuristic,37.3866,152.3251,1.3234,-0.7950,1.5206,1.7158,-2.9345,1.7903,4.0000,2.7508,2.1008,19.1459,0.4669,3.0000,0.0000,0.0000,0,21.2450,65.4160,501.4144,283.4152,217.9992,32.8919,31.7067,66.6013,566.0131
107.681,1,0,heuristic,37.3553,152.4149,1.2940,-0.7561,1.5618,1.7352,1.8733,1.7932,4.0000,2.7324,2.1008,19.0509,0.4992,3.0000,0.0000,0.0000,0,21.2450,-44.5840,611.4144,283.4152,327.9992,32.6130,-7.6726,-4.2984,636.3548
107.731,1,0,heuristic,37.3291,152.5009,1.2775,-0.7144,1.6078,1.7594,-2.8200,1.7966,4.0000,2.7116,2.1008,18.9614,0.5191,3.0000,0.0000,0.0000,0,21.2450,-154.5840,694.2682,269.8421,424.4261,32.2653,32.3274,-154.6460,758.8609
107.781,1,0,heuristic,37.3291,152.5009,1.2575,-0.7144,1.6078,1.7594,1.9865,1.7966,4.0000,2.7116,2.1008,18.9614,0.5392,3.0000,0.0000,0.0000,0,21.2450,-264.5817,584.2682,159.8432,424.4250,32.2653,-7.6726,-224.6437,608.8609
107.831,1,0,heuristic,37.3050,152.5930,1.2353,-0.6640,1.6405,1.7698,-2.6597,1.7999,4.0000,2.6858,2.1008,18.8670,0.5646,3.0000,0.0000,0.0000,0,21.2450,-154.5817,672.9189,259.1686,413.7503,32.1155,32.3274,-154.7935,737.3618
107.881,1,0,heuristic,37.2859,152.6800,1.2241,-0.6110,1.6747,1.7827,2.1000,1.8034,4.0000,2.6583,2.1008,18.7793,0.5793,3.0000,0.0000,0.0000,0,21.2450,-154.5817,672.9189,259.1686,413.7503,31.9291,-7.6726,-114.9800,697.1753
107.931,1,0,heuristic,37.2688,152.7714,1.2083,-0.5544,1.6914,1.7800,-2.5282,1.8066,4.0000,2.6268,2.1008,18.6882,0.5983,3.0000,0.0000,0.0000,0,21.2450,-246.9943,614.9118,183.9588,430.9531,31.9683,32.3274,-247.3534,679.2075
107.981,1,0,heuristic,37.2557,152.8569,1.2009,-0.4980,1.7094,1.7805,2.2477,1.8100,4.0000,2.5949,2.1008,18.6041,0.6091,3.0000,0.0000,0.0000,0,21.2450,-170.0937,724.9118,277.4091,447.5027,31.9615,-7.6726,-130.4595,749.2007
108.031,1,0,heuristic,37.2557,152.8569,1.1928,-0.4980,1.7094,1.7805,-2.4423,1.8100,4.0000,2.5949,2.1008,18.6041,0.6172,3.0000,0.0000,0.0000,0,21.2450,-156.4828,726.9406,285.2289,441.7117,31.9615,32.3274,-156.8486,791.2295
108.081,1,0,heuristic,37.2449,152.9462,1.1863,-0.4401,1.7109,1.7666,2.3567,1.8131,4.0000,2.5591,2.1008,18.5174,0.6269,3.0000,0.0000,0.0000,0,21.2450,-46.4828,834.5613,394.0393,440.5220,32.1613,-7.6726,-6.6488,859.0499
108.132,1,0,heuristic,37.2376,153.0291,1.1833,-0.3824,1.7142,1.7563,-2.3203,1.8164,4.0000,2.5235,2.1008,18.4380,0.6331,3.0000,0.0000,0.0000,0,21.2450,63.5172,733.7255,398.6214,335.1041,32.3087,32.3274,63.4986,798.3615
108.181,1,0,heuristic,37.2333,153.1163,1.1828,-0.3225,1.7069,1.7371,2.4555,1.8199,4.0000,2.4831,2.1008,18.3558,0.6371,3.0000,0.0000,0.0000,0,21.2450,173.5172,623.7255,398.6214,225.1041,32.5860,-7.6726,213.7758,648.6388
108.231,1,0,heuristic,37.2325,153.1989,1.1835,-0.2614,1.7095,1.7294,-2.2542,1.8239,4.0000,2.4421,2.1008,18.2793,0.6405,3.0000,0.0000,0.0000,0,21.2450,283.5172,513.7255,398.6214,115.1041,32.6973,32.3274,283.8872,578.7501
108.281,1,0,heuristic,37.2347,153.2873,1.1871,-0.2008,1.7078,1.7196,2.5155,1.8285,4.0000,2.3955,2.1008,18.1985,0.6414,3.0000,0.0000,0.0000,0,21.2450,393.5172,403.7255,398.6214,5.1041,32.8376,-7.6726,434.0275,428.8904
108.331,1,0,heuristic,37.2347,153.2873,1.1911,-0.2008,1.7078,1.7196,-2.2338,1.8285,4.0000,2.3955,2.1008,18.1985,0.6374,3.0000,0.0000,0.0000,0,21.2450,503.5172,293.7255,398.6214,-104.8959,32.8376,32.3274,504.0275,358.8904
108.381,1,0,heuristic,37.2390,153.3719,1.1948,-0.1427,1.7186,1.7245,2.4990,1.8337,4.0000,2.3490,2.1008,18.1223,0.6390,3.0000,0.0000,0.0000,0,21.2450,503.5172,293.7255,398.6214,-104.8959,32.7673,-7.6726,543.9572,318.8201
108.431,1,0,heuristic,37.2452,153.4634,1.1997,-0.0902,1.7266,1.7290,-2.2553,1.8395,4.0000,2.2974,2.1008,18.0405,0.6399,3.0000,0.0000,0.0000,0,21.2450,584.4649,73.7823,329.1236,-255.3413,32.7028,32.3274,584.8404,138.8124
108.481,1,0,heuristic,37.2520,153.5515,1.2048,-0.0437,1.7485,1.7490,2.4545,1.8459,4.0000,2.2470,2.1008,17.9622,0.6411,3.0000,0.0000,0.0000,0,21.2450,584.4649,73.7823,329.1236,-255.3413,32.4140,-7.6726,624.5516,98.5237
108.531,1,0,heuristic,37.2520,153.5515,1.2091,-0.0437,1.7485,1.7490,-2.3153,1.8459,4.0000,2.2470,2.1008,17.9622,0.6368,3.0000,0.0000,0.0000,0,21.2450,446.6028,59.5976,253.1002,-193.5026,32.4140,32.3274,446.6895,124.3390
108.581,1,0,heuristic,37.2597,153.6469,1.2129,-0.0055,1.7658,1.7658,2.3927,1.8525,4.0000,2.1921,2.1008,17.8775,0.6396,3.0000,0.0000,0.0000,0,21.2450,377.5348,-50.4024,163.5662,-213.9686,32.1725,-7.6726,417.3799,-25.9026
108.631,1,0,heuristic,37.2667,153.7382,1.2155,0.0250,1.7932,1.7934,-2.3645,1.8593,4.0000,2.1398,2.1008,17.7965,0.6439,3.0000,0.0000,0.0000,0,21.2450,377.5348,-50.4024,163.5662,-213.9686,31.7757,32.3274,376.9831,13.7007
108.681,1,0,heuristic,37.2740,153.8355,1.2177,0.0481,1.8086,1.8092,2.3355,1.8660,4.0000,2.0844,2.1008,17.7103,0.6483,3.0000,0.0000,0.0000,0,21.2450,487.5348,-160.4024,163.5662,-323.9686,31.5469,-7.6726,526.7543,-136.5281
108.731,1,0,heuristic,37.2803,153.9266,1.2180,0.0645,1.8264,1.8276,-2.4097,1.8723,4.0000,2.0330,2.1008,17.6293,0.6543,3.0000,0.0000,0.0000,0,21.2450,575.8491,-307.1946,134.3272,-441.5218,31.2830,32.3274,574.8047,-243.5842
108.781,1,0,heuristic,37.2803,153.9266,1.2178,0.0645,1.8264,1.8276,2.2997,1.8723,4.0000,2.0330,2.1008,17.6293,0.6544,3.0000,0.0000,0.0000,0,21.2450,685.8491,-370.5195,157.6648,-528.1843,31.2830,-7.6726,724.8047,-346.9092
108.831,1,0,heuristic,37.2903,154.1111,1.2149,0.0768,1.8336,1.8352,2.2100,1.8836,4.0000,1.9310,2.1008,17.4647,0.6688,3.0000,0.0000,0.0000,0,21.2450,795.8491,-260.5195,267.6648,-528.1843,31.1725,-7.6407,834.6623,-236.9878
108.881,1,0,heuristic,37.2903,154.1111,1.2111,0.0768,1.8336,1.8352,-2.5928,1.8836,4.0000,1.9310,2.1008,17.4647,0.6725,3.0000,0.0000,0.0000,0,21.2450,813.9748,-150.5195,331.7276,-482.2472,31.1725,32.3593,812.7880,-86.9878
108.931,1,0,heuristic,37.2931,154.2042,1.2069,0.0720,1.8248,1.8262,-2.6405,1.8887,4.0000,1.8816,2.1008,17.3808,0.6819,3.0000,0.0000,0.0000,0,21.2450,813.9748,-150.5195,331.7276,-482.2472,31.3029,72.3593,772.9185,-46.8573
108.982,1,0,heuristic,37.2944,154.2915,1.1979,0.0631,1.8239,1.8250,-2.6730,1.8936,4.0000,1.8363,2.1008,17.3017,0.6958,3.0000,0.0000,0.0000,0,21.2450,703.9748,-78.4814,312.7467,-391.2281,31.3207,75.3143,659.9812,28.1536
109.032,1,0,heuristic,37.2950,154.3844,1.1885,0.0527,1.8162,1.8169,2.0380,1.8986,4.0000,1.7888,2.1008,17.2173,0.7101,3.0000,0.0000,0.0000,0,21.2450,484.0340,-298.4814,92.7763,-391.2577,31.4360,35.3143,480.1557,-231.7311
109.081,1,0,heuristic,37.2950,154.4720,1.1780,0.0424,1.8179,1.8184,-2.7220,1.9035,4.0000,1.7445,2.1008,17.1376,0.7255,3.0000,0.0000,0.0000,0,21.2450,594.0340,-408.4814,92.7763,-501.2577,31.4147,75.3143,550.1344,-301.7524
109.132,1,0,heuristic,37.2944,154.5635,1.1616,0.0315,1.8062,1.8065,-2.7462,1.9082,4.0000,1.6988,2.1008,17.0542,0.7465,3.0000,0.0000,0.0000,0,21.2450,704.0340,-518.4814,92.7763,-611.2577,31.5865,78.3275,657.2930,-408.5673
109.181,1,0,heuristic,37.2926,154.6477,1.1461,0.0176,1.7959,1.7960,-2.7828,1.9124,4.0000,1.6578,2.1008,16.9769,0.7663,3.0000,0.0000,0.0000,0,21.2450,710.4557,-551.5723,79.4417,-631.0140,31.7380,79.6510,662.5427,-440.1833
109.231,1,0,heuristic,37.2926,154.6477,1.1340,0.0176,1.7959,1.7960,-2.8140,1.9124,4.0000,1.6578,2.1008,16.9769,0.7784,3.0000,0.0000,0.0000,0,21.2450,600.4557,-598.1204,1.1676,-599.2880,31.7380,80.6465,551.5472,-485.7359
109.281,1,0,heuristic,37.2890,154.7353,1.1154,0.0004,1.7737,1.7737,-2.8552,1.9162,4.0000,1.6166,2.1008,16.8959,0.8009,3.0000,0.0000,0.0000,0,21.2450,490.4557,-488.1204,1.1676,-489.2880,32.0582,82.1544,440.3595,-373.9079
109.331,1,0,heuristic,37.2841,154.8166,1.0983,-0.0201,1.7577,1.7578,1.8593,1.9199,4.0000,1.5797,2.1008,16.8201,0.8216,3.0000,0.0000,0.0000,0,21.2450,490.4557,-488.1204,1.1676,-489.2880,32.2881,42.1544,480.5894,-413.6780
109.381,1,0,heuristic,37.2773,154.9010,1.0796,-0.0423,1.7309,1.7314,-2.8950,1.9232,4.0000,1.5429,2.1008,16.7407,0.8436,3.0000,0.0000,0.0000,0,21.2450,380.4557,-378.1204,1.1676,-379.2880,32.6677,82.1544,330.9690,-263.2983
109.431,1,0,heuristic,37.2698,154.9790,1.0604,-0.0650,1.7097,1.7109,1.8357,1.9263,4.0000,1.5099,2.1008,16.6669,0.8659,3.0000,0.0000,0.0000,0,21.2450,160.4557,-158.1204,1.1676,-159.2880,32.9631,42.1544,151.2644,-83.0030
109.481,1,0,heuristic,37.2613,155.0600,1.0349,-0.0849,1.6792,1.6813,-2.8865,1.9292,4.0000,1.4764,2.1008,16.5900,0.8944,3.0000,0.0000,0.0000,0,21.2450,160.4557,-158.1204,1.1676,-159.2880,33.3889,82.1544,111.6902,-42.5771
109.531,1,0,heuristic,37.2613,155.0600,1.0145,-0.0849,1.6792,1.6813,1.8350,1.9292,4.0000,1.4764,2.1008,16.5900,0.9147,3.0000,0.0000,0.0000,0,21.2450,-59.5443,61.8796,1.1676,60.7120,33.3889,42.1544,-68.3098,137.4229
109.581,1,0,heuristic,37.2533,155.1344,0.9940,-0.1011,1.6534,1.6565,-2.8672,1.9320,4.0000,1.4456,2.1008,16.5193,0.9380,3.0000,0.0000,0.0000,0,21.2450,-169.5443,171.8796,1.1676,170.7120,33.7467,82.1544,-217.9520,287.7806
109.631,1,0,heuristic,37.2455,155.2110,0.9794,-0.1109,1.6172,1.6210,1.9313,1.9347,4.0000,1.4137,2.1008,16.4468,0.9552,3.0000,0.0000,0.0000,0,21.2450,-279.5443,281.8796,1.1676,280.7120,34.2579,42.1544,-287.4408,358.2918
109.681,1,0,heuristic,37.2392,155.2805,0.9559,-0.1149,1.5835,1.5877,-2.7600,1.9371,4.0000,1.3839,2.1008,16.3813,0.9813,3.0000,0.0000,0.0000,0,21.2450,-388.1142,391.8796,1.8827,389.9969,34.7370,82.1544,-435.5315,508.7709
109.731,1,0,heuristic,37.2392,155.2805,0.9432,-0.1149,1.5835,1.5877,2.0395,1.9371,4.0000,1.3839,2.1008,16.3813,0.9939,3.0000,0.0000,0.0000,0,21.2450,-407.5138,501.8796,47.1829,454.6967,34.7370,42.1544,-414.9311,578.7709
109.782,1,0,heuristic,37.2341,155.3511,0.9241,-0.1116,1.5381,1.5422,-2.6175,1.9395,4.0000,1.3527,2.1008,16.3155,1.0154,3.0000,0.0000,0.0000,0,21.2450,-297.5138,611.8796,157.1829,454.6967,35.3930,82.1544,-344.2752,729.4269
109.831,1,0,heuristic,37.2310,155.4143,0.9118,-0.1024,1.4942,1.4977,2.2055,1.9417,4.0000,1.3234,2.1008,16.2571,1.0299,3.0000,0.0000,0.0000,0,21.2450,-407.5138,721.8796,157.1829,564.6967,36.0330,42.1544,-413.6352,800.0669
109.882,1,0,heuristic,37.2298,155.4784,0.8996,-0.0866,1.4415,1.4441,2.2688,1.9439,4.0000,1.2921,2.1008,16.1989,1.0443,3.0000,0.0000,0.0000,0,21.2450,-394.7305,831.8796,218.5745,613.3050,36.8043,5.0469,-362.9731,873.7308
109.931,1,0,heuristic,37.2312,155.5367,0.8945,-0.0633,1.3962,1.3977,2.3565,1.9462,4.0000,1.2614,2.1008,16.1470,1.0517,3.0000,0.0000,0.0000,0,21.2450,-284.7318,721.8799,218.5740,503.3059,37.4737,3.8126,-251.0706,763.1662
109.981,1,0,heuristic,37.2360,155.5969,0.8898,-0.0320,1.3486,1.3490,-2.3220,1.9491,4.0000,1.2268,2.1008,16.0950,1.0593,3.0000,0.0000,0.0000,0,21.2450,-284.7318,721.8799,218.5740,503.3059,38.1747,43.8126,-290.3697,803.8671
110.031,1,0,heuristic,37.2437,155.6529,0.8880,0.0066,1.3121,1.3121,-2.2670,1.9523,4.0000,1.1918,2.1008,16.0481,1.0643,3.0000,0.0000,0.0000,0,21.2450,-97.7810,501.8799,202.0494,299.8305,38.7057,81.8592,-140.9345,622.4448
110.081,1,0,heuristic,37.2437,155.6529,0.8886,0.0066,1.3121,1.3121,-2.2368,1.9523,4.0000,1.1918,2.1008,16.0481,1.0637,3.0000,0.0000,0.0000,0,21.2450,12.2190,391.8799,202.0494,189.8305,38.7057,81.3269,-30.4022,511.9125
110.131,1,0,heuristic,37.2554,155.7117,0.8918,0.0502,1.2761,1.2771,2.5768,1.9563,4.0000,1.1520,2.1008,16.0004,1.0645,3.0000,0.0000,0.0000,0,21.2450,122.2190,434.1546,278.1868,155.9678,39.2095,41.3269,120.1015,514.6909
110.181,1,0,heuristic,37.2693,155.7672,0.8951,0.0977,1.2521,1.2559,-2.1753,1.9607,4.0000,1.1120,2.1008,15.9568,1.0655,3.0000,0.0000,0.0000,0,21.2450,122.2190,434.1546,278.1868,155.9678,39.5145,80.2271,81.5063,553.8961
110.231,1,0,heuristic,37.2693,155.7672,0.8984,0.0977,1.2521,1.2559,-2.1738,1.9607,4.0000,1.1120,2.1008,15.9568,1.0622,3.0000,0.0000,0.0000,0,21.2450,-66.9332,216.5243,74.7955,141.7288,39.5145,80.0729,-107.4916,336.1116
110.281,1,0,heuristic,37.2867,155.8272,0.9083,0.1454,1.2323,1.2408,-2.1725,1.9659,4.0000,1.0666,2.1008,15.9109,1.0576,3.0000,0.0000,0.0000,0,21.2450,-128.7505,302.1732,86.7113,215.4618,39.7322,79.7929,-168.8112,421.6982
110.331,1,0,heuristic,37.3061,155.8847,0.9122,0.1969,1.2257,1.2414,2.6058,1.9717,4.0000,1.0208,2.1008,15.8681,1.0594,3.0000,0.0000,0.0000,0,21.2450,-126.0357,221.8015,47.8829,173.9186,39.7244,39.7929,-126.1042,301.3187
110.381,1,0,heuristic,37.3288,155.9455,0.9242,0.2450,1.2143,1.2388,2.6292,1.9779,4.0000,0.9705,2.1008,15.8241,1.0537,3.0000,0.0000,0.0000,0,21.2450,-126.0357,221.8015,47.8829,173.9186,39.7614,-0.2071,-86.0671,261.3558
110.431,1,0,heuristic,37.3288,155.9455,0.9312,0.2450,1.2143,1.2388,-2.1295,1.9779,4.0000,0.9705,2.1008,15.8241,1.0467,3.0000,0.0000,0.0000,0,21.2450,-200.8675,441.8015,120.4670,321.3345,39.7614,39.7929,-200.8989,521.3558
110.481,1,0,heuristic,37.3515,156.0023,0.9349,0.2906,1.2080,1.2424,2.6410,1.9840,4.0000,0.9222,2.1008,15.7837,1.0491,3.0000,0.0000,0.0000,0,21.2450,-295.0431,551.8015,128.3792,423.4223,39.7089,-0.2071,-255.1271,591.3032
110.531,1,0,heuristic,37.3515,156.0023,0.9449,0.2906,1.2080,1.2424,-2.1035,1.9840,4.0000,0.9222,2.1008,15.7837,1.0391,3.0000,0.0000,0.0000,0,21.2450,-405.0431,505.9873,50.4721,455.5152,39.7089,39.7929,-405.1271,585.4890
110.581,1,0,heuristic,37.3770,156.0621,0.9589,0.3304,1.1964,1.2411,2.6932,1.9906,4.0000,0.8700,2.1008,15.7421,1.0316,3.0000,0.0000,0.0000,0,21.2450,-509.1801,599.1396,44.9797,554.1598,39.7276,-0.2071,-469.2453,638.6601
110.631,1,0,heuristic,37.4024,156.1181,0.9677,0.3703,1.1905,1.2468,-2.0347,1.9970,4.0000,0.8197,2.1008,15.7040,1.0293,3.0000,0.0000,0.0000,0,21.2450,-509.1801,599.1396,44.9797,554.1598,39.6461,39.7929,-509.3269,678.5785
110.681,1,0,heuristic,37.4306,156.1764,0.9810,0.4046,1.1765,1.2441,2.7648,2.0037,4.0000,0.7660,2.1008,15.6653,1.0228,3.0000,0.0000,0.0000,0,21.2450,-509.1801,599.8010,45.3104,554.4905,39.6847,-0.2071,-469.2883,639.2785
110.731,1,0,heuristic,37.4580,156.2296,0.9952,0.4378,1.1629,1.2426,-1.9525,2.0101,4.0000,0.7154,2.1008,15.6309,1.0148,3.0000,0.0000,0.0000,0,21.2450,-452.5941,489.8010,18.6035,471.1975,39.7071,39.7929,-452.6799,569.3009
110.782,1,0,heuristic,37.4580,156.2296,1.0059,0.4378,1.1629,1.2426,-1.9343,2.0101,4.0000,0.7154,2.1008,15.6309,1.0041,3.0000,0.0000,0.0000,0,21.2450,-562.5941,396.6637,-82.9652,479.6289,39.7071,73.0607,-595.9477,509.4315
110.831,1,0,heuristic,37.4877,156.2839,1.0283,0.4645,1.1392,1.2303,-1.8810,2.0166,4.0000,0.6623,2.1008,15.5967,0.9882,3.0000,0.0000,0.0000,0,21.2450,-452.5941,309.7999,-71.3971,381.1970,39.8843,71.4460,-484.1558,421.1301
110.881,1,0,heuristic,37.5159,156.3327,1.0374,0.4891,1.1147,1.2173,2.8942,2.0226,4.0000,0.6133,2.1008,15.5669,0.9851,3.0000,0.0000,0.0000,0,21.2450,-562.4687,388.0587,-87.2050,475.2637,40.0712,31.4460,-553.8435,459.5759
110.932,1,0,heuristic,37.5159,156.3327,1.0627,0.4891,1.1147,1.2173,2.9170,2.0226,4.0000,0.6133,2.1008,15.5669,0.9598,3.0000,0.0000,0.0000,0,21.2450,-562.4687,388.0587,-87.2050,475.2637,40.0712,-8.5540,-513.8435,419.5759
110.981,1,0,heuristic,37.5730,156.4233,1.0870,0.5187,1.0383,1.1606,2.9340,2.0339,4.0000,0.5183,2.1008,15.5141,0.9469,3.0000,0.0000,0.0000,0,21.2450,-644.8262,492.5834,-76.1214,568.7048,40.8871,-11.3365,-592.6027,522.1340
111.031,1,0,heuristic,37.5730,156.4233,1.0976,0.5187,1.0383,1.1606,-1.8120,2.0339,4.0000,0.5183,2.1008,15.5141,0.9363,3.0000,0.0000,0.0000,0,21.2450,-534.8262,464.6082,-35.1090,499.7172,40.8871,28.6635,-522.6027,534.1588
111.081,1,0,heuristic,37.6019,156.4646,1.1193,0.5263,0.9895,1.1208,2.9565,2.0394,4.0000,0.4724,2.1008,15.4917,0.9200,3.0000,0.0000,0.0000,0,21.2450,-424.8262,568.9511,72.0625,496.8887,41.4608,-11.3365,-372.0290,599.0755
111.131,1,0,heuristic,37.6293,156.5008,1.1422,0.5349,0.9425,1.0837,-1.7735,2.0444,4.0000,0.4305,2.1008,15.4730,0.9022,3.0000,0.0000,0.0000,0,21.2450,-314.8262,458.9511,72.0625,386.8887,41.9950,28.6635,-301.4947,529.6097
111.181,1,0,heuristic,37.6293,156.5008,1.1655,0.5349,0.9425,1.0837,3.0105,2.0444,4.0000,0.4305,2.1008,15.4730,0.8789,3.0000,0.0000,0.0000,0,21.2450,-204.8262,348.9511,72.0625,276.8887,41.9950,-11.3365,-151.4947,379.6097
111.231,1,0,heuristic,37.6586,156.5376,1.1896,0.5407,0.8954,1.0460,-1.7703,2.0497,4.0000,0.3866,2.1008,15.4550,0.8601,3.0000,0.0000,0.0000,0,21.2450,-172.4688,238.9511,33.2411,205.7100,42.5372,28.6635,-158.5951,310.1519
111.281,1,0,heuristic,37.6865,156.5719,1.2078,0.5488,0.8592,1.0195,-1.7785,2.0550,4.0000,0.3452,2.1008,15.4385,0.8472,3.0000,0.0000,0.0000,0,21.2450,-270.2614,128.9511,-70.6551,199.6063,42.9187,63.6063,-290.9490,235.4761
111.331,1,0,heuristic,37.7158,156.6083,1.2381,0.5520,0.8273,0.9945,-1.8208,2.0606,4.0000,0.3015,2.1008,15.4211,0.8225,3.0000,0.0000,0.0000,0,21.2450,-225.5741,212.3642,-6.6050,218.9692,43.2787,63.2655,-245.5610,318.9083
111.381,1,0,heuristic,37.7431,156.6421,1.2619,0.5550,0.8027,0.9759,2.9457,2.0658,4.0000,0.2609,2.1008,15.4049,0.8040,3.0000,0.0000,0.0000,0,21.2450,-323.0833,161.2395,-80.9219,242.1614,43.5470,23.2655,-302.8018,228.0520
111.431,1,0,heuristic,37.7431,156.6421,1.2738,0.5550,0.8027,0.9759,2.9457,2.0658,4.0000,0.2609,2.1008,15.4049,0.7920,3.0000,0.0000,0.0000,0,21.2450,-358.1751,85.2554,-136.4599,221.7153,43.5470,-16.7345,-297.8936,112.0680
111.481,1,0,heuristic,37.7715,156.6774,1.3086,0.5535,0.7779,0.9547,2.9337,2.0714,4.0000,0.2185,2.1008,15.3882,0.7628,3.0000,0.0000,0.0000,0,21.2450,-468.1751,195.2554,-136.4599,331.7153,43.8522,-19.1006,-405.2223,220.0070
111.531,1,0,heuristic,37.7980,156.7099,1.3201,0.5530,0.7578,0.9381,2.9263,2.0766,4.0000,0.1793,2.1008,15.3730,0.7564,3.0000,0.0000,0.0000,0,21.2450,-578.1751,305.2554,-136.4598,441.7153,44.0909,-19.3020,-514.7822,330.0443
111.582,1,0,heuristic,37.7980,156.7099,1.3426,0.5530,0.7578,0.9381,-1.8573,2.0766,4.0000,0.1793,2.1008,15.3730,0.7340,3.0000,0.0000,0.0000,0,21.2450,-578.1751,305.2554,-136.4598,441.7153,44.0909,20.6980,-554.7822,370.0443
111.631,1,0,heuristic,37.8256,156.7431,1.3651,0.5488,0.7340,0.9165,2.9395,2.0820,4.0000,0.1386,2.1008,15.3579,0.7169,3.0000,0.0000,0.0000,0,21.2450,-358.1751,85.2554,-136.4598,221.7153,44.4029,-19.3020,-294.4702,110.3563
111.681,1,0,heuristic,37.8518,156.7730,1.3831,0.5481,0.7118,0.8984,2.9503,2.0870,4.0000,0.1009,2.1008,15.3450,0.7039,3.0000,0.0000,0.0000,0,21.2450,-248.1751,-24.7446,-136.4598,111.7153,44.6631,-21.9091,-181.6029,-1.9905
111.731,1,0,heuristic,37.8794,156.8031,1.4031,0.5446,0.6853,0.8754,-1.8435,2.0923,4.0000,0.0619,2.1008,15.3328,0.6892,3.0000,0.0000,0.0000,0,21.2450,-248.1751,-24.7446,-136.4598,111.7153,44.9949,18.0909,-221.2711,38.3412
111.781,1,0,heuristic,37.8794,156.8031,1.4210,0.5446,0.6853,0.8754,-1.8740,2.0923,4.0000,0.0619,2.1008,15.3328,0.6714,3.0000,0.0000,0.0000,0,21.2450,-41.7554,191.5332,74.8889,116.6443,44.9949,57.7899,-54.5505,294.3180
111.831,1,0,heuristic,37.9047,156.8299,1.4426,0.5409,0.6598,0.8532,2.9087,2.0971,4.0000,0.0265,2.1008,15.3224,0.6546,3.0000,0.0000,0.0000,0,21.2450,-41.7554,191.5332,74.8889,116.6443,45.3144,17.7899,-14.2309,254.6375
111.881,1,0,heuristic,37.9303,156.8573,1.4702,0.5314,0.6332,0.8266,2.8635,2.1021,4.0000,-0.0094,2.1008,15.3117,0.6319,3.0000,0.0000,0.0000,0,21.2450,56.7501,147.2670,102.0086,45.2584,45.6970,-22.2101,124.6572,170.7540
111.931,1,0,heuristic,37.9537,156.8834,1.4842,0.5225,0.6154,0.8073,2.8570,2.1067,4.0000,-0.0428,2.1008,15.3010,0.6225,3.0000,0.0000,0.0000,0,21.2450,166.7187,37.2670,101.9928,-64.7258,45.9751,-23.8052,236.4990,59.4368
111.981,1,0,heuristic,37.9537,156.8834,1.5042,0.5225,0.6154,0.8073,-1.9680,2.1067,4.0000,-0.0428,2.1008,15.3010,0.6026,3.0000,0.0000,0.0000,0,21.2450,261.7351,145.8116,203.7733,-57.9618,45.9751,16.1948,291.5154,207.9814
112.031,1,0,heuristic,37.9772,156.9118,1.5229,0.5085,0.6013,0.7875,2.8018,2.1116,4.0000,-0.0774,2.1008,15.2886,0.5887,3.0000,0.0000,0.0000,0,21.2450,371.7351,186.4378,279.0865,-92.6487,46.2598,-23.8052,441.8001,208.8923
112.081,1,0,heuristic,37.9981,156.9393,1.5408,0.4940,0.5959,0.7740,-2.0248,2.1161,4.0000,-0.1094,2.1008,15.2756,0.5753,3.0000,0.0000,0.0000,0,21.2450,455.1932,295.2429,375.2180,-79.9752,46.4540,16.1948,485.4524,357.8916
112.131,1,0,heuristic,38.0191,156.9709,1.5600,0.4759,0.5982,0.7644,-2.0613,2.1209,4.0000,-0.1435,2.1008,15.2592,0.5609,3.0000,0.0000,0.0000,0,21.2450,345.1932,185.2429,265.2180,-79.9752,46.5919,56.1948,335.5904,288.0295
112.181,1,0,heuristic,38.0379,157.0042,1.5725,0.4590,0.6175,0.7694,-2.0890,2.1255,4.0000,-0.1766,2.1008,15.2403,0.5530,3.0000,0.0000,0.0000,0,21.2450,235.1932,75.2429,155.2180,-79.9752,46.5213,56.3078,225.4067,178.0720
112.231,1,0,heuristic,38.0379,157.0042,1.5864,0.4590,0.6175,0.7694,2.6855,2.1255,4.0000,-0.1766,2.1008,15.2403,0.5391,3.0000,0.0000,0.0000,0,21.2450,345.1932,-34.7571,155.2180,-189.9752,46.5213,16.3078,375.4067,28.0720
112.281,1,0,heuristic,38.0570,157.0440,1.5995,0.4405,0.6469,0.7827,-2.1310,2.1305,4.0000,-0.2131,2.1008,15.2161,0.5310,3.0000,0.0000,0.0000,0,21.2450,388.4315,-144.7571,121.8372,-266.5943,46.3298,56.0830,378.6783,-42.3444
112.331,1,0,heuristic,38.0742,157.0845,1.6113,0.4242,0.6861,0.8067,2.6118,2.1352,4.0000,-0.2484,2.1008,15.1904,0.5239,3.0000,0.0000,0.0000,0,21.2450,278.4315,-254.5185,11.9565,-266.4750,45.9838,16.0830,308.3323,-192.4518
112.381,1,0,heuristic,38.0913,157.1303,1.6259,0.4051,0.7251,0.8306,2.5615,2.1403,4.0000,-0.2863,2.1008,15.1602,0.5144,3.0000,0.0000,0.0000,0,21.2450,177.1381,-230.6611,-26.7615,-203.8996,45.6399,-23.5442,246.3223,-208.5655
112.431,1,0,heuristic,38.1058,157.1754,1.6316,0.3847,0.7680,0.8590,2.5450,2.1449,4.0000,-0.3217,2.1008,15.1294,0.5133,3.0000,0.0000,0.0000,0,21.2450,67.1381,-340.6607,-136.7613,-203.8994,45.2307,-23.3785,135.7473,-318.8085
112.481,1,0,heuristic,38.1058,157.1754,1.6398,0.3847,0.7680,0.8590,-2.2782,2.1449,4.0000,-0.3217,2.1008,15.1294,0.5051,3.0000,0.0000,0.0000,0,21.2450,-33.3525,-230.6607,-132.0066,-98.6541,45.2307,16.6215,-4.7433,-168.8085
112.531,1,0,heuristic,38.1194,157.2239,1.6467,0.3598,0.8012,0.8783,-2.3342,2.1497,4.0000,-0.3579,2.1008,15.0951,0.5029,3.0000,0.0000,0.0000,0,21.2450,-143.3525,-120.6607,-132.0066,11.3459,44.9532,56.6215,-155.0208,-19.0860
112.581,1,0,heuristic,38.1306,157.2688,1.6507,0.3345,0.8280,0.8930,2.4715,2.1539,4.0000,-0.3903,2.1008,15.0629,0.5032,3.0000,0.0000,0.0000,0,21.2450,-253.3525,-144.5173,-198.9349,54.4176,44.7406,16.6215,-225.2334,-83.1552
112.631,1,0,heuristic,38.1416,157.3147,1.6564,0.3101,0.8390,0.8944,-2.3205,2.1583,4.0000,-0.4230,2.1008,15.0297,0.5019,3.0000,0.0000,0.0000,0,21.2450,-363.3525,-36.1933,-199.7729,163.5796,44.7201,56.6215,-375.2539,65.1483
112.681,1,0,heuristic,38.1519,157.3556,1.6608,0.2908,0.8413,0.8901,-2.3237,2.1624,4.0000,-0.4525,2.1008,15.0006,0.5016,3.0000,0.0000,0.0000,0,21.2450,-353.5224,73.8067,-139.8578,213.6646,44.7823,57.7039,-366.4440,176.2929
112.731,1,0,heuristic,38.1519,157.3556,1.6647,0.2908,0.8413,0.8901,2.4860,2.1624,4.0000,-0.4525,2.1008,15.0006,0.4977,3.0000,0.0000,0.0000,0,21.2450,-243.5224,33.8030,-104.8597,138.6627,44.7823,17.7039,-216.4440,96.2892
112.781,1,0,heuristic,38.1629,157.3951,1.6716,0.2750,0.8251,0.8697,2.5280,2.1667,4.0000,-0.4820,2.1008,14.9730,0.4951,3.0000,0.0000,0.0000,0,21.2450,-133.5224,143.8030,5.1403,138.6627,45.0763,-22.2961,-66.1499,166.5832
112.831,1,0,heuristic,38.1741,157.4289,1.6742,0.2669,0.8008,0.8441,-2.2652,2.1707,4.0000,-0.5088,2.1008,14.9504,0.4965,3.0000,0.0000,0.0000,0,21.2450,-23.5224,253.8030,115.1403,138.6627,45.4443,17.7039,4.2180,316.9512
112.881,1,0,heuristic,38.1871,157.4613,1.6821,0.2632,0.7652,0.8092,2.5475,2.1750,4.0000,-0.5363,2.1008,14.9300,0.4929,3.0000,0.0000,0.0000,0,21.2450,57.3223,244.3105,150.8164,93.4941,45.9469,-22.2961,125.5653,267.9613
112.931,1,0,heuristic,38.1998,157.4898,1.6852,0.2638,0.7311,0.7773,2.5485,2.1790,4.0000,-0.5617,2.1008,14.9127,0.4938,3.0000,0.0000,0.0000,0,21.2450,57.3223,244.3105,150.8164,93.4941,46.4072,-24.6661,128.3956,266.0517
112.981,1,0,heuristic,38.2137,157.5195,1.6942,0.2642,0.6991,0.7473,2.5473,2.1833,4.0000,-0.5887,2.1008,14.8952,0.4890,3.0000,0.0000,0.0000,0,21.2450,270.2159,244.3213,257.2686,-12.9473,46.8386,-24.8835,341.9381,266.2764
113.031,1,0,heuristic,38.2267,157.5477,1.7011,0.2659,0.6769,0.7272,2.5435,2.1872,4.0000,-0.6142,2.1008,14.8785,0.4861,3.0000,0.0000,0.0000,0,21.2450,172.2906,142.9910,157.6408,-14.6498,47.1276,-24.9849,244.4032,165.1337
113.081,1,0,heuristic,38.2267,157.5477,1.7071,0.2659,0.6769,0.7272,2.5310,2.1872,4.0000,-0.6142,2.1008,14.8785,0.4801,3.0000,0.0000,0.0000,0,21.2450,189.8639,64.8945,127.3792,-62.4847,47.1276,-25.0077,261.9993,87.0144
113.131,1,0,heuristic,38.2401,157.5792,1.7105,0.2640,0.6626,0.7132,2.5395,2.1913,4.0000,-0.6416,2.1008,14.8592,0.4808,3.0000,0.0000,0.0000,0,21.2450,242.3915,174.8945,208.6430,-33.7485,47.3295,-25.1770,314.8980,197.0470
113.182,1,0,heuristic,38.2517,157.6104,1.7167,0.2597,0.6601,0.7093,-2.2600,2.1950,4.0000,-0.6675,2.1008,14.8393,0.4783,3.0000,0.0000,0.0000,0,21.2450,242.3915,174.8945,208.6430,-33.7485,47.3854,14.8230,274.9539,237.1029
113.231,1,0,heuristic,38.2517,157.6104,1.7221,0.2597,0.6601,0.7093,2.4882,2.1950,4.0000,-0.6675,2.1008,14.8393,0.4729,3.0000,0.0000,0.0000,0,21.2450,351.7927,284.8945,318.3436,-33.4491,47.3854,-24.6746,423.8527,307.6053
113.281,1,0,heuristic,38.2627,157.6462,1.7274,0.2499,0.6656,0.7110,-2.2923,2.1988,4.0000,-0.6950,2.1008,14.8153,0.4714,3.0000,0.0000,0.0000,0,21.2450,318.3357,284.8945,301.6151,-16.7206,47.3619,15.3254,350.3722,347.5819
113.332,1,0,heuristic,38.2716,157.6834,1.7320,0.2371,0.6877,0.7275,2.4808,2.2022,4.0000,-0.7215,2.1008,14.7890,0.4701,3.0000,0.0000,0.0000,0,21.2450,318.3357,284.8945,301.6151,-16.7206,47.1246,-24.6746,390.1349,307.3446
113.382,1,0,heuristic,38.2793,157.7283,1.7387,0.2195,0.7228,0.7554,2.4693,2.2057,4.0000,-0.7509,2.1008,14.7557,0.4669,3.0000,0.0000,0.0000,0,21.2450,356.3568,278.3744,317.3656,-38.9912,46.7225,-24.7448,427.8240,300.3521
113.431,1,0,heuristic,38.2852,157.7759,1.7405,0.1999,0.7763,0.8016,2.4758,2.2087,4.0000,-0.7800,2.1008,14.7192,0.4682,3.0000,0.0000,0.0000,0,21.2450,462.9982,168.3746,315.6864,-147.3118,46.0564,-24.8590,533.9135,189.5721
113.481,1,0,heuristic,38.2897,157.8321,1.7463,0.1775,0.8373,0.8559,2.4385,2.2118,4.0000,-0.8123,2.1008,14.6748,0.4655,3.0000,0.0000,0.0000,0,21.2450,486.9253,58.4286,272.6769,-214.2484,45.2747,-24.3971,556.5972,79.3061
113.531,1,0,heuristic,38.2897,157.8321,1.7474,0.1775,0.8373,0.8559,2.4225,2.2118,4.0000,-0.8123,2.1008,14.6748,0.4644,3.0000,0.0000,0.0000,0,21.2450,578.8259,-51.5714,263.6272,-315.1987,45.2747,-24.1719,648.2725,-30.4686
113.581,1,0,heuristic,38.2924,157.8901,1.7502,0.1532,0.9114,0.9242,-2.3720,2.2145,4.0000,-0.8440,2.1008,14.6280,0.4644,3.0000,0.0000,0.0000,0,21.2450,679.9727,58.1935,369.0831,-310.8896,44.2922,15.8281,708.4367,118.3137
113.631,1,0,heuristic,38.2935,157.9560,1.7517,0.1266,0.9827,0.9908,2.3585,2.2176,4.0000,-0.8782,2.1008,14.5738,0.4658,3.0000,0.0000,0.0000,0,21.2450,679.9727,58.1935,369.0831,-310.8896,43.3321,-23.1636,746.4684,78.3620
113.681,1,0,heuristic,38.2924,158.0218,1.7524,0.0966,1.0601,1.0645,-2.4560,2.2201,4.0000,-0.9105,2.1008,14.5185,0.4677,3.0000,0.0000,0.0000,0,21.2450,789.9727,87.5273,438.7500,-351.2227,42.2707,16.8364,815.4070,146.6344
113.731,1,0,heuristic,38.2888,158.0954,1.7500,0.0637,1.1314,1.1332,-2.4992,2.2229,4.0000,-0.9447,2.1008,14.4555,0.4728,3.0000,0.0000,0.0000,0,21.2450,951.7179,137.2850,544.5015,-407.2164,41.2824,56.8364,936.1639,235.4038
113.782,1,0,heuristic,38.2888,158.0954,1.7501,0.0637,1.1314,1.1332,2.2648,2.2229,4.0000,-0.9447,2.1008,14.4555,0.4728,3.0000,0.0000,0.0000,0,21.2450,951.7179,137.2850,544.5015,-407.2164,41.2824,16.8364,976.1639,195.4038
113.831,1,0,heuristic,38.2834,158.1682,1.7440,0.0283,1.2085,1.2088,-2.5810,2.2251,4.0000,-0.9768,2.1008,14.3923,0.4812,3.0000,0.0000,0.0000,0,21.2450,989.7700,247.2850,618.5275,-371.2425,40.1932,56.8364,973.1268,344.3146
113.881,1,0,heuristic,38.2752,158.2497,1.7417,-0.0090,1.2800,1.2801,-2.5855,2.2277,4.0000,-1.0109,2.1008,14.3204,0.4861,3.0000,0.0000,0.0000,0,21.2450,769.7700,27.2852,398.5276,-371.2424,39.1669,60.4442,748.4927,126.8963
113.931,1,0,heuristic,38.2652,158.3303,1.7326,-0.0486,1.3599,1.3608,-2.6215,2.2298,4.0000,-1.0430,2.1008,14.2483,0.4971,3.0000,0.0000,0.0000,0,21.2450,672.6193,-82.7148,294.9523,-377.6671,38.0047,61.4230,649.2010,16.7129
113.982,1,0,heuristic,38.2528,158.4190,1.7275,-0.0867,1.4292,1.4319,2.1292,2.2322,4.0000,-1.0772,2.1008,14.1682,0.5047,3.0000,0.0000,0.0000,0,21.2450,562.6194,-192.7148,184.9523,-377.6671,36.9813,21.4230,578.1776,-134.3105
114.032,1,0,heuristic,38.2528,158.4190,1.7165,-0.0867,1.4292,1.4319,-2.6827,2.2322,4.0000,-1.0772,2.1008,14.1682,0.5157,3.0000,0.0000,0.0000,0,21.2450,452.6194,-302.7148,74.9523,-377.6671,36.9813,61.4230,428.1776,-204.3105
114.081,1,0,heuristic,38.2400,158.5034,1.7093,-0.1228,1.4948,1.4999,2.1052,2.2344,4.0000,-1.1087,2.1008,14.0916,0.5251,3.0000,0.0000,0.0000,0,21.2450,452.6194,-302.7148,74.9523,-377.6671,36.0020,21.4230,467.1984,-245.2897
114.131,1,0,heuristic,38.2255,158.5919,1.7002,-0.1538,1.5365,1.5442,2.0938,2.2371,4.0000,-1.1410,2.1008,14.0108,0.5369,3.0000,0.0000,0.0000,0,21.2450,232.6194,-302.7148,-35.0477,-267.6671,35.3631,-16.4127,284.3952,-283.7643
114.181,1,0,heuristic,38.2112,158.6734,1.6871,-0.1827,1.5686,1.5792,2.0427,2.2397,4.0000,-1.1699,2.1008,13.9359,0.5525,3.0000,0.0000,0.0000,0,21.2450,232.6194,-302.7148,-35.0477,-267.6671,34.8596,-14.9979,282.4769,-282.8531
114.231,1,0,heuristic,38.2112,158.6734,1.6767,-0.1827,1.5686,1.5792,2.0383,2.2397,4.0000,-1.1699,2.1008,13.9359,0.5630,3.0000,0.0000,0.0000,0,21.2450,34.3216,-302.7148,-134.1966,-168.5182,34.8596,-14.5147,83.6958,-282.3699
114.282,1,0,heuristic,38.1955,158.7567,1.6639,-0.2067,1.5754,1.5889,-2.7690,2.2428,4.0000,-1.1984,2.1008,13.8588,0.5789,3.0000,0.0000,0.0000,0,21.2450,144.2119,-192.7155,-24.2518,-168.4637,34.7193,25.4853,153.4460,-132.5109
114.331,1,0,heuristic,38.1804,158.8318,1.6457,-0.2281,1.5732,1.5896,-2.7368,2.2457,4.0000,-1.2234,2.1008,13.7888,0.6000,3.0000,0.0000,0.0000,0,21.2450,78.0111,-82.7155,-2.3522,-80.3633,34.7091,65.4853,47.2349,17.4788
114.381,1,0,heuristic,38.1646,158.9069,1.6342,-0.2434,1.5472,1.5662,2.0360,2.2491,4.0000,-1.2476,2.1008,13.7185,0.6149,3.0000,0.0000,0.0000,0,21.2450,36.0989,27.2845,31.6917,-4.4072,35.0460,25.4853,45.6597,87.8158
114.431,1,0,heuristic,38.1500,158.9741,1.6226,-0.2557,1.5181,1.5394,2.0617,2.2523,4.0000,-1.2690,2.1008,13.6554,0.6297,3.0000,0.0000,0.0000,0,21.2450,-36.3982,137.2845,50.4431,86.8414,35.4322,-12.4747,11.5088,160.2420
114.481,1,0,heuristic,38.1500,158.9741,1.6125,-0.2557,1.5181,1.5394,2.0707,2.2523,4.0000,-1.2690,2.1008,13.6554,0.6399,3.0000,0.0000,0.0000,0,21.2450,18.4392,247.2845,132.8618,114.4227,35.4322,-12.2304,66.1018,270.4863
114.531,1,0,heuristic,38.1353,159.0424,1.5960,-0.2610,1.4769,1.4998,2.1005,2.2560,4.0000,-1.2909,2.1008,13.5914,0.6600,3.0000,0.0000,0.0000,0,21.2450,47.2486,357.2845,202.2665,155.0180,36.0027,-11.9811,95.2324,381.3061
114.581,1,0,heuristic,38.1225,159.1044,1.5899,-0.2619,1.4400,1.4636,2.1252,2.2594,4.0000,-1.3112,2.1008,13.5337,0.6695,3.0000,0.0000,0.0000,0,21.2450,73.6684,467.2845,270.4764,196.8080,36.5242,-12.0599,122.2525,491.7488
114.631,1,0,heuristic,38.1225,159.1044,1.5821,-0.2619,1.4400,1.4636,2.1553,2.2594,4.0000,-1.3112,2.1008,13.5337,0.6774,3.0000,0.0000,0.0000,0,21.2450,183.6684,576.8779,380.2731,196.6047,36.5242,-12.2587,232.4514,601.1433
114.681,1,0,heuristic,38.1104,159.1691,1.5674,-0.2563,1.4008,1.4240,2.1775,2.2632,4.0000,-1.3334,2.1008,13.4742,0.6958,3.0000,0.0000,0.0000,0,21.2450,293.6684,666.1074,479.8879,186.2195,37.0944,-11.9504,342.7132,691.2513
114.731,1,0,heuristic,38.1003,159.2304,1.5625,-0.2472,1.3762,1.3982,-2.5740,2.2667,4.0000,-1.3557,2.1008,13.4187,0.7042,3.0000,0.0000,0.0000,0,21.2450,403.6684,776.1074,589.8879,186.2195,37.4656,28.0496,413.0845,841.6226
114.782,1,0,heuristic,38.1003,159.2304,1.5535,-0.2472,1.3762,1.3982,2.2418,2.2667,4.0000,-1.3557,2.1008,13.4187,0.7132,3.0000,0.0000,0.0000,0,21.2450,513.6684,886.1074,699.8879,186.2195,37.4656,-11.9504,563.0845,911.6226
114.831,1,0,heuristic,38.0834,159.3663,1.5424,-0.2185,1.3731,1.3903,-2.5065,2.2734,4.0000,-1.4098,2.1008,13.2992,0.7311,3.0000,0.0000,0.0000,0,21.2450,620.0694,984.8925,802.4809,182.4116,37.5792,28.0496,629.5990,1000.0000
114.881,1,0,heuristic,38.0834,159.3663,1.5393,-0.2185,1.3731,1.3903,2.3007,2.2734,4.0000,-1.4098,2.1008,13.2992,0.7341,3.0000,0.0000,0.0000,0,21.2450,510.0694,1000.0000,755.0347,244.9653,37.5792,-11.9504,559.5990,1000.0000
114.931,1,0,heuristic,38.0766,159.4456,1.5341,-0.2008,1.4036,1.4179,2.3355,2.2766,4.0000,-1.4441,2.1008,13.2314,0.7425,3.0000,0.0000,0.0000,0,21.2450,400.0824,987.1717,693.6271,293.5447,37.1820,-12.9616,450.2260,1000.0000
114.981,1,0,heuristic,38.0713,159.5280,1.5298,-0.1826,1.4661,1.4774,2.3745,2.2791,4.0000,-1.4812,2.1008,13.1622,0.7493,3.0000,0.0000,0.0000,0,21.2450,377.1678,877.8335,627.5006,250.3329,36.3252,-13.4107,426.9037,900.7479
115.031,1,0,heuristic,38.0713,159.5280,1.5276,-0.1826,1.4661,1.4774,2.3613,2.2791,4.0000,-1.4812,2.1008,13.1622,0.7516,3.0000,0.0000,0.0000,0,21.2450,355.8972,976.5561,666.2266,310.3294,36.3252,-13.1012,405.3236,999.7801
115.081,1,0,heuristic,38.0671,159.6232,1.5250,-0.1621,1.5391,1.5476,2.4140,2.2821,4.0000,-1.5257,2.1008,13.0836,0.7572,3.0000,0.0000,0.0000,0,21.2450,355.8972,976.5561,666.2266,310.3294,35.3144,-13.8393,405.0509,998.0311
115.131,1,0,heuristic,38.0646,159.7193,1.5246,-0.1404,1.6318,1.6378,2.4352,2.2846,4.0000,-1.5721,2.1008,13.0055,0.7599,3.0000,0.0000,0.0000,0,21.2450,575.8620,991.7880,783.8250,207.9630,34.0156,-14.1595,624.0371,1000.0000
115.182,1,0,heuristic,38.0646,159.7193,1.5244,-0.1404,1.6318,1.6378,-2.3375,2.2846,4.0000,-1.5721,2.1008,13.0055,0.7601,3.0000,0.0000,0.0000,0,21.2450,575.8620,991.7880,783.8250,207.9630,34.0156,25.8405,584.0371,1000.0000
115.232,1,0,heuristic,38.0635,159.8284,1.5262,-0.1163,1.7249,1.7288,2.4850,2.2878,4.0000,-1.6263,2.1008,12.9183,0.7616,3.0000,0.0000,0.0000,0,21.2450,795.8620,870.9153,833.3887,37.5267,32.7048,-14.1595,842.7263,889.4606
115.281,1,0,heuristic,38.0639,159.9381,1.5284,-0.0914,1.8372,1.8395,2.4893,2.2905,4.0000,-1.6821,2.1008,12.8317,0.7621,3.0000,0.0000,0.0000,0,21.2450,905.5281,896.3865,900.9573,-4.5708,31.1113,-15.1479,951.7873,912.3500
115.331,1,0,heuristic,38.0654,160.0621,1.5286,-0.0673,1.9465,1.9477,-2.3080,2.2941,4.0000,-1.7461,2.1008,12.7351,0.7654,3.0000,0.0000,0.0000,0,21.2450,903.0073,969.7016,936.3544,33.3472,29.5537,24.8521,907.7089,1000.0000
115.381,1,0,heuristic,38.0674,160.1856,1.5335,-0.0458,2.0719,2.0724,-2.3182,2.2970,4.0000,-1.8102,2.1008,12.6395,0.7634,3.0000,0.0000,0.0000,0,21.2450,914.2018,1000.0000,957.1009,42.8991,27.7578,64.8521,877.1075,1000.0000
115.431,1,0,heuristic,38.0674,160.1856,1.5351,-0.0458,2.0719,2.0724,2.4775,2.2970,4.0000,-1.8102,2.1008,12.6395,0.7618,3.0000,0.0000,0.0000,0,21.2450,914.2018,1000.0000,957.1009,42.8991,27.7578,24.8521,917.1075,1000.0000
115.481,1,0,heuristic,38.0698,160.3233,1.5405,-0.0272,2.1871,2.1873,2.4762,2.3008,4.0000,-1.8819,2.1008,12.5337,0.7603,3.0000,0.0000,0.0000,0,21.2450,915.5824,983.9091,949.7457,34.1634,26.1030,-15.1479,956.8332,994.8642
115.531,1,0,heuristic,38.0724,160.4581,1.5417,-0.0109,2.3113,2.3113,2.4665,2.3042,4.0000,-1.9523,2.1008,12.4309,0.7624,3.0000,0.0000,0.0000,0,21.2450,695.5825,880.3696,787.9760,92.3935,24.3167,-15.1359,735.0351,889.5505
115.582,1,0,heuristic,38.0752,160.6057,1.5473,0.0021,2.4166,2.4166,2.4745,2.3086,4.0000,-2.0293,2.1008,12.3191,0.7613,3.0000,0.0000,0.0000,0,21.2450,633.6630,904.3266,768.9948,135.3318,22.8007,-15.4158,671.8795,911.7116
115.631,1,0,heuristic,38.0778,160.7469,1.5505,0.0124,2.5219,2.5219,2.4868,2.3125,4.0000,-2.1030,2.1008,12.2126,0.7621,3.0000,0.0000,0.0000,0,21.2450,709.2898,999.8274,854.5586,145.2688,21.2844,-15.6866,746.2609,1000.0000
115.681,1,0,heuristic,38.0778,160.7469,1.5522,0.0124,2.5219,2.5219,-2.3005,2.3125,4.0000,-2.1030,2.1008,12.2126,0.7603,3.0000,0.0000,0.0000,0,21.2450,709.2898,999.8274,854.5586,145.2688,21.2844,24.3134,706.2609,1000.0000
115.731,1,0,heuristic,38.0806,160.8979,1.5556,0.0208,2.5980,2.5980,-2.3013,2.3178,4.0000,-2.1817,2.1008,12.0997,0.7621,3.0000,0.0000,0.0000,0,21.2450,853.1826,779.8274,816.5050,-36.6776,20.1883,64.3134,809.0575,864.3290
115.781,1,0,heuristic,38.0835,161.0409,1.5599,0.0285,2.6745,2.6746,-2.2938,2.3225,4.0000,-2.2565,2.1008,11.9936,0.7625,3.0000,0.0000,0.0000,0,21.2450,936.6598,669.8274,803.2436,-133.4162,19.0857,64.4547,891.2908,753.3677
115.831,1,0,heuristic,38.0835,161.0409,1.5641,0.0285,2.6745,2.6746,2.5095,2.3225,4.0000,-2.2565,2.1008,11.9936,0.7584,3.0000,0.0000,0.0000,0,21.2450,826.6598,779.8274,803.2436,-23.4162,19.0857,24.4547,821.2908,823.3677
115.881,1,0,heuristic,38.0866,161.1930,1.5686,0.0348,2.7243,2.7246,-2.3028,2.3284,4.0000,-2.3360,2.1008,11.8817,0.7598,3.0000,0.0000,0.0000,0,21.2450,716.6598,669.8274,693.2436,-23.4162,18.3663,64.4070,670.6191,752.6006
115.931,1,0,heuristic,38.0893,161.3361,1.5726,0.0391,2.7758,2.7760,2.4875,2.3337,4.0000,-2.4107,2.1008,11.7771,0.7610,3.0000,0.0000,0.0000,0,21.2450,606.6598,779.8274,693.2436,86.5838,17.6250,24.4070,599.8779,821.8594
115.981,1,0,heuristic,38.0922,161.4869,1.5768,0.0424,2.8009,2.8012,-2.3142,2.3401,4.0000,-2.4895,2.1008,11.6677,0.7633,3.0000,0.0000,0.0000,0,21.2450,496.6598,685.3180,590.9889,94.3291,17.2624,64.4070,449.5153,766.9874
116.031,1,0,heuristic,38.0952,161.6277,1.5797,0.0466,2.8273,2.8277,-2.2975,2.3460,4.0000,-2.5633,2.1008,11.5666,0.7663,3.0000,0.0000,0.0000,0,21.2450,496.6598,685.3180,590.9889,94.3291,16.8817,64.3246,449.2169,766.5244
116.081,1,0,heuristic,38.0952,161.6277,1.5840,0.0466,2.8273,2.8277,2.5183,2.3460,4.0000,-2.5633,2.1008,11.5666,0.7620,3.0000,0.0000,0.0000,0,21.2450,276.6598,702.8141,489.7369,213.0771,16.8817,24.3246,269.2169,744.0204
116.131,1,0,heuristic,38.0990,161.7749,1.5894,0.0519,2.8279,2.8283,2.5105,2.3531,4.0000,-2.6410,2.1008,11.4624,0.7637,3.0000,0.0000,0.0000,0,21.2450,276.6598,702.8141,489.7369,213.0771,16.8720,-15.6754,309.2072,704.0107
116.181,1,0,heuristic,38.1032,161.9114,1.5919,0.0588,2.8309,2.8315,2.5307,2.3596,4.0000,-2.7135,2.1008,11.3670,0.7677,3.0000,0.0000,0.0000,0,21.2450,137.0211,545.7596,341.3904,204.3692,16.8259,-16.8872,170.7342,545.6984
116.231,1,0,heuristic,38.1082,162.0531,1.5984,0.0664,2.8101,2.8108,-2.2470,2.3673,4.0000,-2.7895,2.1008,11.2693,0.7690,3.0000,0.0000,0.0000,0,21.2450,109.2571,655.7596,382.5084,273.2512,17.1239,23.1128,103.2683,695.9964
116.281,1,0,heuristic,38.1134,162.1833,1.6059,0.0748,2.7902,2.7912,-2.2150,2.3745,4.0000,-2.8598,2.1008,11.1808,0.7686,3.0000,0.0000,0.0000,0,21.2450,219.2571,754.5365,486.8968,267.6397,17.4068,62.7380,173.9259,834.6812
116.331,1,0,heuristic,38.1134,162.1833,1.6090,0.0748,2.7902,2.7912,-2.1985,2.3745,4.0000,-2.8598,2.1008,11.1808,0.7655,3.0000,0.0000,0.0000,0,21.2450,109.2571,793.1486,451.2029,341.9457,17.4068,62.3405,64.3234,872.8959
116.382,1,0,heuristic,38.1197,162.3179,1.6181,0.0838,2.7499,2.7511,2.6438,2.3827,4.0000,-2.9332,2.1008,11.0908,0.7646,3.0000,0.0000,0.0000,0,21.2450,0.4152,683.1486,341.7819,341.3667,17.9834,22.3405,-3.9419,723.4726
116.431,1,0,heuristic,38.1264,162.4426,1.6240,0.0950,2.7198,2.7215,-2.1418,2.3902,4.0000,-3.0021,2.1008,11.0089,0.7662,3.0000,0.0000,0.0000,0,21.2450,-109.5848,573.1486,231.7819,341.3667,18.4104,61.2903,-152.4647,652.8494
116.481,1,0,heuristic,38.1264,162.4426,1.6332,0.0950,2.7198,2.7215,2.6860,2.3902,4.0000,-3.0021,2.1008,11.0089,0.7570,3.0000,0.0000,0.0000,0,21.2450,-109.5848,573.1486,231.7819,341.3667,18.4104,21.2903,-112.4647,612.8494
116.531,1,0,heuristic,38.1348,162.5720,1.6432,0.1083,2.6734,2.6756,-2.0793,2.3987,4.0000,-3.0747,2.1008,10.9259,0.7555,3.0000,0.0000,0.0000,0,21.2450,-136.8089,539.7677,201.4794,338.2883,19.0720,59.7666,-177.5036,618.6063
116.581,1,0,heuristic,38.1439,162.6899,1.6546,0.1247,2.6300,2.6329,2.7235,2.4067,4.0000,-3.1422,2.1008,10.8521,0.7521,3.0000,0.0000,0.0000,0,21.2450,-246.8089,649.7677,201.4794,448.2883,19.6861,19.7666,-246.8895,689.2204
116.632,1,0,heuristic,38.1548,162.8103,1.6700,0.1416,2.5671,2.5710,-2.0303,2.4158,4.0000,-3.2125,2.1008,10.7786,0.7459,3.0000,0.0000,0.0000,0,21.2450,-356.8089,539.7678,91.4794,448.2884,20.5776,58.4588,-394.6901,618.8041
116.681,1,0,heuristic,38.1662,162.9196,1.6802,0.1607,2.5092,2.5143,2.8010,2.4244,4.0000,-3.2776,2.1008,10.7139,0.7442,3.0000,0.0000,0.0000,0,21.2450,-466.8089,429.7678,-18.5206,448.2884,21.3938,18.4588,-463.8739,469.6204
116.731,1,0,heuristic,38.1662,162.9196,1.6946,0.1607,2.5092,2.5143,-1.9752,2.4244,4.0000,-3.2776,2.1008,10.7139,0.7298,3.0000,0.0000,0.0000,0,21.2450,-576.8089,336.7516,-120.0287,456.7803,21.3938,56.8610,-612.2761,415.0064
116.781,1,0,heuristic,38.1798,163.0306,1.7146,0.1811,2.4341,2.4408,2.8527,2.4341,4.0000,-3.3454,2.1008,10.6504,0.7195,3.0000,0.0000,0.0000,0,21.2450,-686.8089,446.7516,-120.0287,566.7803,22.4527,16.8610,-681.2172,486.0653
116.831,1,0,heuristic,38.1943,163.1295,1.7272,0.2050,2.3594,2.3683,-1.9240,2.4435,4.0000,-3.4079,2.1008,10.5963,0.7163,3.0000,0.0000,0.0000,0,21.2450,-576.9755,556.7516,-10.1120,566.8635,23.4966,55.3806,-608.8595,635.6287
116.881,1,0,heuristic,38.2116,163.2275,1.7502,0.2308,2.2644,2.2761,2.9070,2.4541,4.0000,-3.4724,2.1008,10.5457,0.7040,3.0000,0.0000,0.0000,0,21.2450,-664.9053,666.7516,0.9232,665.8284,24.8237,15.3806,-655.4621,706.9558
116.931,1,0,heuristic,38.2300,163.3142,1.7646,0.2611,2.1726,2.1883,-1.8468,2.4644,4.0000,-3.5320,2.1008,10.5037,0.6998,3.0000,0.0000,0.0000,0,21.2450,-554.9053,776.7516,110.9232,665.8284,26.0889,53.3576,-582.1739,856.1981
116.981,1,0,heuristic,38.2300,163.3142,1.7855,0.2611,2.1726,2.1883,2.9733,2.4644,4.0000,-3.5320,2.1008,10.5037,0.6789,3.0000,0.0000,0.0000,0,21.2450,-554.9053,776.7516,110.9232,665.8284,26.0889,13.3576,-542.1739,816.1981
117.031,1,0,heuristic,38.2515,163.4014,1.8075,0.2917,2.0738,2.0942,-1.7637,2.4754,4.0000,-3.5947,2.1008,10.4645,0.6680,3.0000,0.0000,0.0000,0,21.2450,-334.9053,856.4545,260.7746,595.6799,27.4439,50.6832,-358.1446,934.5816
117.081,1,0,heuristic,38.2734,163.4810,1.8313,0.3247,1.9906,2.0169,3.0575,2.4855,4.0000,-3.6539,2.1008,10.4310,0.6542,3.0000,0.0000,0.0000,0,21.2450,-224.9053,746.4545,260.7746,485.6799,28.5568,10.6832,-207.0316,785.6945
117.131,1,0,heuristic,38.2978,163.5641,1.8511,0.3535,1.9121,1.9445,3.0762,2.4957,4.0000,-3.7169,2.1008,10.3977,0.6446,3.0000,0.0000,0.0000,0,21.2450,-114.9053,856.4545,370.7746,485.6799,29.5988,-29.3168,-55.9896,856.7365
117.182,1,0,heuristic,38.3208,163.6427,1.8823,0.3788,1.8572,1.8954,3.0795,2.5044,4.0000,-3.7765,2.1008,10.3669,0.6221,3.0000,0.0000,0.0000,0,21.2450,-188.3597,888.9134,350.2768,538.6366,30.3056,-32.5786,-125.4755,886.6404
117.232,1,0,heuristic,38.3208,163.6427,1.9035,0.3788,1.8572,1.8954,3.0823,2.5044,4.0000,-3.7765,2.1008,10.3669,0.6009,3.0000,0.0000,0.0000,0,21.2450,-188.3597,888.9134,350.2768,538.6366,30.3056,-33.4518,-124.6023,885.7672
117.281,1,0,heuristic,38.3445,163.7277,1.9282,0.3940,1.8125,1.8548,-1.7170,2.5130,4.0000,-3.8399,2.1008,10.3331,0.5848,3.0000,0.0000,0.0000,0,21.2450,-78.3725,873.2841,397.4558,475.8283,30.8902,6.5482,-54.0304,910.7225
117.331,1,0,heuristic,38.3657,163.8101,1.9637,0.4034,1.7936,1.8384,-1.7045,2.5197,4.0000,-3.8998,2.1008,10.2996,0.5560,3.0000,0.0000,0.0000,0,21.2450,31.6275,944.8350,488.2312,456.6037,31.1264,45.1506,17.6033,1000.0000
117.381,1,0,heuristic,38.3864,163.9010,1.9918,0.4025,1.7844,1.8292,3.1128,2.5264,4.0000,-3.9637,2.1008,10.2612,0.5346,3.0000,0.0000,0.0000,0,21.2450,141.6275,1000.0000,570.8138,429.1862,31.2593,5.1506,167.7362,1000.0000
117.431,1,0,heuristic,38.4036,163.9906,2.0197,0.3937,1.8006,1.8432,-1.6940,2.5312,4.0000,-4.0238,2.1008,10.2215,0.5114,3.0000,0.0000,0.0000,0,21.2450,251.6275,946.8000,599.2137,347.5862,31.0582,43.1732,239.5126,1000.0000
117.481,1,0,heuristic,38.4036,163.9906,2.0482,0.3937,1.8006,1.8432,3.0885,2.5312,4.0000,-4.0238,2.1008,10.2215,0.4830,3.0000,0.0000,0.0000,0,21.2450,471.6275,772.1992,621.9134,150.2858,31.0582,3.1732,499.5126,806.4307
117.531,1,0,heuristic,38.4183,164.0910,2.0763,0.3713,1.8269,1.8643,-1.6970,2.5357,4.0000,-4.0872,2.1008,10.1740,0.4595,3.0000,0.0000,0.0000,0,21.2450,581.6275,882.0669,731.8472,150.2197,30.7548,41.1675,571.2148,953.9892
117.582,1,0,heuristic,38.4280,164.1912,2.1044,0.3376,1.8789,1.9090,3.0685,2.5383,4.0000,-4.1463,2.1008,10.1235,0.4339,3.0000,0.0000,0.0000,0,21.2450,691.6275,992.0669,841.8472,150.2197,30.1107,1.1675,720.5707,1000.0000
117.631,1,0,heuristic,38.4326,164.3035,2.1385,0.2877,1.9353,1.9566,-1.7723,2.5408,4.0000,-4.2070,2.1008,10.0625,0.4024,3.0000,0.0000,0.0000,0,21.2450,781.0992,973.7995,877.4494,96.3502,29.4254,40.1517,770.3729,1000.0000
117.681,1,0,heuristic,38.4308,164.4154,2.1584,0.2226,2.0141,2.0264,3.0110,2.5414,4.0000,-4.2620,2.1008,9.9974,0.3830,3.0000,0.0000,0.0000,0,21.2450,671.0992,936.2083,803.6537,132.5546,28.4197,0.1517,699.3673,964.7797
117.731,1,0,heuristic,38.4308,164.4154,2.1839,0.2226,2.0141,2.0264,-1.8010,2.5414,4.0000,-4.2620,2.1008,9.9974,0.3575,3.0000,0.0000,0.0000,0,21.2450,671.0992,936.2083,803.6537,132.5546,28.4197,38.8602,660.6587,1000.0000
117.781,1,0,heuristic,38.4213,164.5404,2.2087,0.1418,2.0922,2.0970,2.9428,2.5418,4.0000,-4.3170,2.1008,9.9195,0.3331,3.0000,0.0000,0.0000,0,21.2450,693.8179,965.2859,829.5519,135.7340,27.4026,-1.1398,722.3603,991.5487
117.831,1,0,heuristic,38.4058,164.6631,2.2278,0.0488,2.1851,2.1856,2.9438,2.5406,4.0000,-4.3657,2.1008,9.8387,0.3128,3.0000,0.0000,0.0000,0,21.2450,693.8179,965.2859,829.5519,135.7340,26.1270,-41.1398,761.0847,950.2731
117.881,1,0,heuristic,38.3824,164.7977,2.2553,-0.0509,2.2658,2.2664,2.8948,2.5398,4.0000,-4.4136,2.1008,9.7457,0.2845,3.0000,0.0000,0.0000,0,21.2450,723.9983,927.1859,825.5921,101.5938,24.9635,-42.9354,791.8973,909.2141
117.931,1,0,heuristic,38.3542,164.9280,2.2771,-0.1581,2.3553,2.3606,-1.9067,2.5376,4.0000,-4.4551,2.1008,9.6521,0.2605,3.0000,0.0000,0.0000,0,21.2450,626.9253,849.2723,738.0988,111.1735,23.6074,-2.9354,653.4681,869.9443
117.981,1,0,heuristic,38.3542,164.9280,2.2920,-0.1581,2.3553,2.3606,-1.9178,2.5376,4.0000,-4.4551,2.1008,9.6521,0.2456,3.0000,0.0000,0.0000,0,21.2450,736.9253,959.2723,848.0988,111.1735,23.6074,36.3839,724.1488,1000.0000
118.031,1,0,heuristic,38.3181,165.0689,2.3236,-0.2657,2.4263,2.4408,-1.9360,2.5363,4.0000,-4.4951,2.1008,9.5470,0.2127,3.0000,0.0000,0.0000,0,21.2450,815.7855,900.1161,857.9508,42.1653,22.4529,35.3910,802.8474,957.9601
118.081,1,0,heuristic,38.2792,165.2033,2.3431,-0.3743,2.5009,2.5288,2.8388,2.5340,4.0000,-4.5295,2.1008,9.4441,0.1909,3.0000,0.0000,0.0000,0,21.2450,705.7855,930.9076,818.3465,112.5611,21.1853,-4.6090,731.5798,947.4839
118.131,1,0,heuristic,38.2330,165.3475,2.3570,-0.4774,2.5556,2.5998,-1.9743,2.5326,4.0000,-4.5626,2.1008,9.3307,0.1757,3.0000,0.0000,0.0000,0,21.2450,595.7855,998.9214,797.3535,201.5680,20.1623,34.5662,581.3817,1000.0000
118.182,1,0,heuristic,38.1850,165.4847,2.3753,-0.5816,2.6160,2.6799,2.8117,2.5304,4.0000,-4.5905,2.1008,9.2205,0.1550,3.0000,0.0000,0.0000,0,21.2450,485.7855,1000.0000,742.8927,257.1073,19.0098,-5.4338,510.2291,1000.0000
118.231,1,0,heuristic,38.1850,165.4847,2.3929,-0.5816,2.6160,2.6799,-1.9640,2.5304,4.0000,-4.5905,2.1008,9.2205,0.1375,3.0000,0.0000,0.0000,0,21.2450,375.7855,999.9835,687.8845,312.0990,19.0098,32.8955,361.8997,1000.0000
118.281,1,0,heuristic,38.1305,165.6308,2.4148,-0.6751,2.6548,2.7392,2.8193,2.5292,4.0000,-4.6173,2.1008,9.1012,0.1144,3.0000,0.0000,0.0000,0,21.2450,375.7855,999.9835,687.8845,312.0990,18.1548,-7.1045,401.0448,1000.0000
118.331,1,0,heuristic,38.0766,165.7685,2.4320,-0.7645,2.6975,2.8038,-1.9407,2.5275,4.0000,-4.6405,2.1008,8.9875,0.0955,3.0000,0.0000,0.0000,0,21.2450,283.5678,889.9835,586.7756,303.2079,17.2258,30.8499,269.9438,938.0592
118.381,1,0,heuristic,38.0176,165.9139,2.4540,-0.8386,2.7174,2.8439,-1.9485,2.5271,4.0000,-4.6631,2.1008,8.8668,0.0731,3.0000,0.0000,0.0000,0,21.2450,503.5662,670.1746,586.8704,83.3042,16.6485,30.0987,490.1160,716.9218
118.431,1,0,heuristic,37.9605,166.0501,2.4718,-0.9089,2.7413,2.8880,2.8425,2.5263,4.0000,-4.6826,2.1008,8.7530,0.0545,3.0000,0.0000,0.0000,0,21.2450,406.8600,780.1746,593.5173,186.6573,16.0123,-9.9013,432.7736,786.2856
118.481,1,0,heuristic,37.8987,166.1928,2.4900,-0.9648,2.7418,2.9066,-1.9670,2.5268,4.0000,-4.7014,2.1008,8.6333,0.0368,3.0000,0.0000,0.0000,0,21.2450,346.3525,862.7813,604.5669,258.2144,15.7446,28.9811,333.1160,907.5071
118.531,1,0,heuristic,37.8392,166.3253,2.5079,-1.0198,2.7454,2.9287,2.8313,2.5268,4.0000,-4.7170,2.1008,8.5212,0.0189,3.0000,0.0000,0.0000,0,21.2450,237.4791,972.0008,604.7399,367.2609,15.4271,-11.0189,263.9251,976.4090
118.581,1,0,heuristic,37.8392,166.3253,2.5261,-1.0198,2.7454,2.9287,-1.9530,2.5268,4.0000,-4.7170,2.1008,8.5212,0.0007,3.0000,0.0000,0.0000,0,21.2450,239.8202,998.4884,619.1543,379.3341,15.4271,27.3345,227.9129,1000.0000
118.631,1,0,heuristic,37.7746,166.4639,2.5396,-1.0642,2.7294,2.9295,-1.9435,2.5279,4.0000,-4.7314,2.1008,8.4029,-0.0117,3.0000,0.0000,0.0000,0,21.2450,342.4124,1000.0000,671.2062,328.7938,15.4147,26.6854,331.1417,1000.0000
118.681,1,0,heuristic,37.7126,166.5932,2.5535,-1.1098,2.7224,2.9400,2.8830,2.5283,4.0000,-4.7432,2.1008,8.2919,-0.0252,3.0000,0.0000,0.0000,0,21.2450,452.4124,992.7115,722.5619,270.1495,15.2643,-13.3146,480.9913,994.6612
118.731,1,0,heuristic,37.7126,166.5932,2.5687,-1.1098,2.7224,2.9400,2.8805,2.5283,4.0000,-4.7432,2.1008,8.2919,-0.0404,3.0000,0.0000,0.0000,0,21.2450,366.5484,985.4332,675.9908,309.4424,15.2643,-53.3146,435.1274,947.3829
118.781,1,0,heuristic,37.6450,166.7293,2.5962,-1.1476,2.7015,2.9351,2.8883,2.5294,4.0000,-4.7538,2.1008,8.1742,-0.0668,3.0000,0.0000,0.0000,0,21.2450,366.5484,985.4332,675.9908,309.4424,15.3344,-56.6431,438.5259,944.1245
118.831,1,0,heuristic,37.5790,166.8569,2.6010,-1.1934,2.6926,2.9452,-1.9167,2.5295,4.0000,-4.7612,2.1008,8.0623,-0.0715,3.0000,0.0000,0.0000,0,21.2450,423.1470,996.3377,709.7423,286.5954,15.1894,-16.6431,454.9795,994.8839
118.881,1,0,heuristic,37.5790,166.8569,2.6202,-1.1934,2.6926,2.9452,2.8710,2.5295,4.0000,-4.7612,2.1008,8.0623,-0.0907,3.0000,0.0000,0.0000,0,21.2450,387.2024,976.2885,681.7455,294.5430,15.1894,-56.6431,459.0349,934.8347
118.931,1,0,heuristic,37.5061,166.9912,2.6459,-1.2348,2.6707,2.9423,2.8767,2.5300,4.0000,-4.7663,2.1008,7.9426,-0.1159,3.0000,0.0000,0.0000,0,21.2450,496.8161,999.9929,748.4045,251.5884,15.2309,-58.3691,570.4161,956.8547
118.982,1,0,heuristic,37.4348,167.1170,2.6544,-1.2853,2.6607,2.9548,-1.9275,2.5295,4.0000,-4.7683,2.1008,7.8287,-0.1249,3.0000,0.0000,0.0000,0,21.2450,606.6917,916.2134,761.4525,154.7609,15.0502,-18.3691,640.1109,912.8945
119.031,1,0,heuristic,37.3556,167.2494,2.6790,-1.3329,2.6381,2.9557,-1.9165,2.5293,4.0000,-4.7669,2.1008,7.7060,-0.1496,3.0000,0.0000,0.0000,0,21.2450,716.5572,807.5575,762.0574,45.5002,15.0386,20.8409,710.7549,843.4370
119.081,1,0,heuristic,37.2772,167.3733,2.6983,-1.3928,2.6264,2.9729,2.8600,2.5280,4.0000,-4.7619,2.1008,7.5883,-0.1703,3.0000,0.0000,0.0000,0,21.2450,826.5572,791.2966,808.9269,-17.6303,14.7909,-19.1591,860.5072,786.9284
119.131,1,0,heuristic,37.2772,167.3733,2.7129,-1.3928,2.6264,2.9729,2.8468,2.5280,4.0000,-4.7619,2.1008,7.5883,-0.1849,3.0000,0.0000,0.0000,0,21.2450,935.2602,739.0991,837.1796,-98.0805,14.7909,-59.1591,1000.0000,694.7309
119.181,1,0,heuristic,37.1895,167.5031,2.7314,-1.4516,2.6003,2.9781,-1.9938,2.5269,4.0000,-4.7519,2.1008,7.4608,-0.2045,3.0000,0.0000,0.0000,0,21.2450,985.5915,848.6053,917.0984,-68.4931,14.7160,-19.1591,1000.0000,844.1622
119.231,1,0,heuristic,37.1022,167.6236,2.7450,-1.5250,2.5823,2.9990,2.7780,2.5247,4.0000,-4.7374,2.1008,7.3379,-0.2203,3.0000,0.0000,0.0000,0,21.2450,875.5915,738.6053,807.0984,-68.4931,14.4142,-59.1591,949.1648,693.8604
119.281,1,0,heuristic,37.1022,167.6236,2.7618,-1.5250,2.5823,2.9990,-2.0442,2.5247,4.0000,-4.7374,2.1008,7.3379,-0.2371,3.0000,0.0000,0.0000,0,21.2450,921.3274,842.3259,881.8266,-39.5008,14.4142,-19.1591,954.9007,837.5809
119.331,1,0,heuristic,37.0040,167.7492,2.7817,-1.5977,2.5490,3.0083,2.7052,2.5225,4.0000,-4.7162,2.1008,7.2041,-0.2592,3.0000,0.0000,0.0000,0,21.2450,914.4768,732.3259,823.4013,-91.0755,14.2800,-59.1591,987.9158,687.4467
119.381,1,0,heuristic,36.9069,167.8653,2.7853,-1.6826,2.5232,3.0327,-2.0955,2.5192,4.0000,-4.6912,2.1008,7.0753,-0.2661,3.0000,0.0000,0.0000,0,21.2450,804.4768,622.3259,713.4013,-91.0755,13.9284,-19.1591,837.5643,617.0952
119.431,1,0,heuristic,36.7993,167.9860,2.8016,-1.7601,2.4828,3.0434,-2.1238,2.5161,4.0000,-4.6593,2.1008,6.9359,-0.2855,3.0000,0.0000,0.0000,0,21.2450,914.4768,512.3259,713.4013,-201.0755,13.7752,19.0603,909.1916,545.1614
119.481,1,0,heuristic,36.6947,168.0972,2.8184,-1.8436,2.4493,3.0656,-2.1595,2.5123,4.0000,-4.6253,2.1008,6.8033,-0.3061,3.0000,0.0000,0.0000,0,21.2450,804.4768,613.3609,708.9189,-95.5579,13.4557,18.8665,799.0660,645.6832
119.531,1,0,heuristic,36.6947,168.0972,2.8242,-1.8436,2.4493,3.0656,2.6335,2.5123,4.0000,-4.6253,2.1008,6.8033,-0.3119,3.0000,0.0000,0.0000,0,21.2450,804.4768,613.3609,708.9189,-95.5579,13.4557,-21.1335,839.0660,605.6832
119.581,1,0,heuristic,36.5813,168.2120,2.8390,-1.9111,2.4011,3.0688,2.6130,2.5090,4.0000,-4.5855,2.1008,6.6620,-0.3300,3.0000,0.0000,0.0000,0,21.2450,694.4768,540.0062,617.2415,-77.2353,13.4092,-61.1335,769.0194,492.2818
119.631,1,0,heuristic,36.4726,168.3176,2.8450,-1.9821,2.3607,3.0825,2.5938,2.5050,4.0000,-4.5450,2.1008,6.5286,-0.3400,3.0000,0.0000,0.0000,0,21.2450,650.8445,540.0063,595.4254,-55.4191,13.2125,-62.2813,726.3383,490.9375
119.681,1,0,heuristic,36.4726,168.3176,2.8542,-1.9821,2.3607,3.0825,-2.2395,2.5050,4.0000,-4.5450,2.1008,6.5286,-0.3492,3.0000,0.0000,0.0000,0,21.2450,650.8445,540.0063,595.4254,-55.4191,13.2125,-22.2813,686.3383,530.9375
119.731,1,0,heuristic,36.3560,168.4263,2.8630,-2.0340,2.3068,3.0754,-2.2528,2.5018,4.0000,-4.4994,2.1008,6.3876,-0.3613,3.0000,0.0000,0.0000,0,21.2450,760.8336,588.6126,674.7231,-86.1105,13.3137,17.7187,756.4286,619.6450
119.782,1,0,heuristic,36.2460,168.5257,2.8697,-2.0856,2.2595,3.0749,-2.2580,2.4982,4.0000,-4.4548,2.1008,6.2561,-0.3715,3.0000,0.0000,0.0000,0,21.2450,755.1065,478.6126,616.8595,-138.2470,13.3214,18.0304,750.3976,509.9644
119.831,1,0,heuristic,36.1292,168.6279,2.8763,-2.1176,2.2008,3.0541,2.5353,2.4953,4.0000,-4.4057,2.1008,6.1182,-0.3810,3.0000,0.0000,0.0000,0,21.2450,662.6914,368.6126,515.6520,-147.0394,13.6207,-21.9696,698.2817,360.2637
119.881,1,0,heuristic,36.0190,168.7215,2.8825,-2.1533,2.1505,3.0432,-2.2812,2.4920,4.0000,-4.3579,2.1008,5.9895,-0.3905,3.0000,0.0000,0.0000,0,21.2450,552.6914,437.8875,495.2895,-57.4019,13.7773,17.7197,548.7489,469.3845
119.931,1,0,heuristic,35.9030,168.8173,2.8878,-2.1688,2.0889,3.0112,-2.3113,2.4894,4.0000,-4.3062,2.1008,5.8553,-0.3984,3.0000,0.0000,0.0000,0,21.2450,332.6914,657.8875,495.2895,162.5981,14.2392,17.9343,328.9963,690.0611
119.981,1,0,heuristic,35.7953,168.9046,2.8946,-2.1839,2.0349,2.9850,-2.3105,2.4867,4.0000,-4.2574,2.1008,5.7318,-0.4079,3.0000,0.0000,0.0000,0,21.2450,222.6914,767.8875,495.2895,272.5981,14.6155,17.5729,219.7340,800.0760
120.031,1,0,heuristic,35.7953,168.9046,2.8967,-2.1839,2.0349,2.9850,2.4985,2.4867,4.0000,-4.2574,2.1008,5.7318,-0.4100,3.0000,0.0000,0.0000,0,21.2450,112.6914,846.7842,479.7378,367.0464,14.6155,-22.4271,149.7340,838.9726
120.081,1,0,heuristic,35.6829,168.9949,2.9035,-2.1793,1.9752,2.9412,2.5425,2.4847,4.0000,-4.2061,2.1008,5.6039,-0.4188,3.0000,0.0000,0.0000,0,21.2450,2.6914,956.7840,479.7377,477.0463,15.2474,-62.4271,80.3658,909.6043
120.131,1,0,heuristic,35.5788,169.0786,2.9059,-2.1773,1.9290,2.9089,2.5493,2.4824,4.0000,-4.1586,2.1008,5.4861,-0.4235,3.0000,0.0000,0.0000,0,21.2450,-107.3086,983.6709,438.1811,545.4898,15.7115,-64.6395,-26.9576,934.7429
120.181,1,0,heuristic,35.4701,169.1665,2.9146,-2.1597,1.8811,2.8641,2.6153,2.4805,4.0000,-4.1093,2.1008,5.3638,-0.4341,3.0000,0.0000,0.0000,0,21.2450,-23.6937,972.2796,474.2929,497.9867,16.3567,-66.1392,58.8022,922.4971
120.231,1,0,heuristic,35.3694,169.2489,2.9229,-2.1475,1.8484,2.8334,2.6580,2.4783,4.0000,-4.0640,2.1008,5.2511,-0.4447,3.0000,0.0000,0.0000,0,21.2450,-23.6937,972.2796,474.2929,497.9867,16.7986,-67.2480,60.3528,921.8301
120.281,1,0,heuristic,35.3694,169.2489,2.9309,-2.1475,1.8484,2.8334,2.6953,2.4783,4.0000,-4.0640,2.1008,5.2511,-0.4526,3.0000,0.0000,0.0000,0,21.2450,13.1255,949.1690,481.1472,468.0218,16.7986,-68.1837,98.1078,897.7838
120.331,1,0,heuristic,35.2638,169.3356,2.9429,-2.1242,1.8123,2.7922,2.7370,2.4763,4.0000,-4.0167,2.1008,5.1338,-0.4666,3.0000,0.0000,0.0000,0,21.2450,123.1188,959.6048,541.3618,418.2430,17.3923,-69.4060,209.9171,907.5911
120.382,1,0,heuristic,35.1648,169.4168,2.9530,-2.1116,1.7880,2.7669,2.7545,2.4738,4.0000,-3.9724,2.1008,5.0248,-0.4792,3.0000,0.0000,0.0000,0,21.2450,232.5861,999.9998,616.2929,383.7068,17.7563,-70.1714,320.5138,947.5847
120.432,1,0,heuristic,35.0597,169.5022,2.9683,-2.0938,1.7590,2.7345,2.7840,2.4714,3.9280,-3.9249,2.1008,4.9100,-0.4970,3.0000,0.0000,0.0000,0,21.2450,312.7573,996.6146,654.6860,341.9286,17.1862,-71.3363,401.2799,942.4646
120.481,1,0,heuristic,34.9592,169.5820,2.9825,-2.0935,1.7397,2.7220,-2.0135,2.4680,3.8413,-3.8785,2.1008,4.8016,-0.5145,3.0000,0.0000,0.0000,0,21.2450,206.1572,999.7599,602.9585,396.8013,16.1179,-31.3363,253.6114,984.5415
120.531,1,0,heuristic,34.9592,169.5820,2.9979,-2.0935,1.7397,2.7220,2.7990,2.4680,3.8413,-3.8785,2.1008,4.8016,-0.5299,3.0000,0.0000,0.0000,0,21.2450,316.1572,923.1510,619.6541,303.4969,16.1179,-71.3363,403.6114,867.9326
120.582,1,0,heuristic,34.8503,169.6658,3.0177,-2.0938,1.7140,2.7058,-1.9625,2.4643,3.7483,-3.8269,2.1008,4.6854,-0.5534,3.0000,0.0000,0.0000,0,21.2450,426.1572,815.5676,620.8624,194.7052,15.0117,-31.3363,472.5052,799.2430
120.631,1,0,heuristic,34.7455,169.7440,3.0303,-2.1117,1.6968,2.7090,2.8253,2.4597,3.6599,-3.7760,2.1008,4.5749,-0.5705,3.0000,0.0000,0.0000,0,21.2450,536.1572,705.5676,620.8624,84.7052,13.6933,-71.3363,621.1868,647.9246
120.681,1,0,heuristic,34.6318,169.8254,3.0513,-2.1268,1.6708,2.7046,-1.9805,2.4550,3.5651,-3.7190,2.1008,4.4563,-0.5963,3.0000,0.0000,0.0000,0,21.2450,536.1572,705.5676,620.8624,84.7052,12.3908,-31.3363,579.8843,686.6221
120.731,1,0,heuristic,34.5222,169.9004,3.0641,-2.1581,1.6489,2.7159,2.7927,2.4495,3.4747,-3.6624,2.1008,4.3434,-0.6147,3.0000,0.0000,0.0000,0,21.2450,622.4614,567.1383,594.7998,-27.6615,10.9274,-71.3363,704.7251,506.7294
120.781,1,0,heuristic,34.4033,169.9773,3.0848,-2.1836,1.6151,2.7160,-2.0267,2.4439,3.3779,-3.5987,2.1008,4.2224,-0.6410,3.0000,0.0000,0.0000,0,21.2450,628.3157,493.3302,560.8229,-67.4927,9.5307,-31.3363,669.1827,471.5247
120.831,1,0,heuristic,34.2893,170.0472,3.1049,-2.2221,1.5831,2.7284,-2.0762,2.4377,3.2860,-3.5356,2.1008,4.1075,-0.6671,3.0000,0.0000,0.0000,0,21.2450,684.5161,551.0364,617.7762,-66.7399,8.0293,3.9014,688.6440,562.9670
120.881,1,0,heuristic,34.2893,170.0472,3.1161,-2.2221,1.5831,2.7284,-2.0762,2.4377,3.2860,-3.5356,2.1008,4.1075,-0.6783,3.0000,0.0000,0.0000,0,21.2450,595.8858,441.0364,518.4611,-77.4247,8.0293,3.4640,600.4510,452.5297
120.931,1,0,heuristic,34.1665,170.1180,3.1305,-2.2499,1.5391,2.7259,2.6803,2.4317,3.1880,-3.4655,2.1008,3.9850,-0.6988,3.0000,0.0000,0.0000,0,21.2450,705.8858,331.0364,518.4611,-187.4247,6.6544,-36.5360,749.0761,301.1548
120.982,1,0,heuristic,34.0494,170.1820,3.1404,-2.2878,1.4978,2.7344,-2.1195,2.4252,3.0955,-3.3968,2.1008,3.8694,-0.7152,3.0000,0.0000,0.0000,0,21.2450,595.8872,286.0262,440.9567,-154.9305,5.1992,2.8436,598.2429,294.0691
121.031,1,0,heuristic,34.0494,170.1820,-3.1301,-2.2878,1.4978,2.7344,2.6305,2.4252,3.0955,-3.3968,2.1008,3.8694,-0.7279,3.0000,0.0000,0.0000,0,21.2450,595.8872,286.0262,440.9567,-154.9305,5.1992,-37.1564,638.2429,254.0691
121.081,1,0,heuristic,33.9248,170.2465,-3.1162,-2.3096,1.4463,2.7251,-2.1950,2.4189,2.9979,-3.3219,2.1008,3.7474,-0.7481,3.0000,0.0000,0.0000,0,21.2450,485.8872,215.2236,350.5554,-135.3318,3.9287,2.8436,486.9723,221.9958
121.132,1,0,heuristic,33.8078,170.3042,-3.1061,-2.3351,1.3975,2.7213,2.5800,2.4126,2.9071,-3.2501,2.1008,3.6339,-0.7645,3.0000,0.0000,0.0000,0,21.2450,265.8872,344.0397,304.9635,39.0762,2.6757,-37.1564,305.7194,309.5591
121.181,1,0,heuristic,33.6850,170.3623,-3.0954,-2.3402,1.3413,2.6973,2.5630,2.4068,2.8127,-3.1736,2.1008,3.5159,-0.7810,3.0000,0.0000,0.0000,0,21.2450,265.8872,344.0397,304.9635,39.0762,1.6613,-77.1564,344.7049,268.5446
121.232,1,0,heuristic,33.5715,170.4144,-3.0894,-2.3452,1.2904,2.6768,2.5413,2.4011,2.7262,-3.1020,2.1008,3.4078,-0.7926,3.0000,0.0000,0.0000,0,21.2450,329.3097,564.0397,446.6747,117.3650,0.7115,-78.2576,408.2787,486.4936
121.281,1,0,heuristic,33.4541,170.4675,-3.0808,-2.3278,1.2365,2.6359,2.5500,2.3960,2.6376,-3.0275,2.1008,3.2971,-0.8064,3.0000,0.0000,0.0000,0,21.2450,426.4339,670.9619,548.6979,122.2640,0.0255,-78.8812,505.3407,592.1063
121.331,1,0,heuristic,33.3455,170.5157,-3.0741,-2.3145,1.1900,2.6025,-2.2742,2.3910,2.5567,-2.9582,2.1008,3.1958,-0.8180,3.0000,0.0000,0.0000,0,21.2450,426.4339,670.9619,548.6979,122.2640,-0.6605,-38.8812,464.6547,631.4203
121.382,1,0,heuristic,33.2310,170.5649,-3.0676,-2.2920,1.1412,2.5604,-2.2542,2.3859,2.4721,-2.8843,2.1008,3.0901,-0.8297,3.0000,0.0000,0.0000,0,21.2450,268.5246,579.1468,423.8357,155.3111,-1.2710,1.0447,266.2089,578.9204
121.431,1,0,heuristic,33.1231,170.6097,-3.0589,-2.2832,1.0996,2.5341,-2.2448,2.3803,2.3932,-2.8138,2.1008,2.9916,-0.8439,3.0000,0.0000,0.0000,0,21.2450,264.7332,469.1468,366.9400,102.2068,-2.0290,0.3935,262.3108,467.5113
121.481,1,0,heuristic,33.1231,170.6097,-3.0554,-2.2832,1.0996,2.5341,-2.2477,2.3803,2.3932,-2.8138,2.1008,2.9916,-0.8474,3.0000,0.0000,0.0000,0,21.2450,374.6389,359.1468,366.8928,-7.7461,-2.0290,0.3070,372.3029,357.4247
121.531,2,0,heuristic,33.0097,170.6559,-3.0464,-2.2628,1.0573,2.4976,-2.2448,2.2059,1.5000,-2.8407,1.9607,11.7017,-1.0309,3.0000,0.0000,3.0000,0,10.8245,374.6389,359.1468,366.8928,-7.7461,-14.3658,-6.9240,367.1971,337.8569
121.582,2,0,heuristic,32.9043,170.6981,-3.0397,-2.2496,1.0219,2.4708,2.5543,2.2008,1.5000,-2.7592,1.9607,11.6052,-1.0427,3.0000,0.0000,3.0000,0,10.8245,562.8512,139.1468,350.9990,-211.8522,-13.9800,-46.9240,595.7953,78.2427
121.631,2,0,heuristic,32.7938,170.7413,-3.0334,-2.2245,0.9834,2.4322,-2.2702,2.1952,1.5000,-2.6735,1.9607,11.5055,-1.0546,3.0000,0.0000,3.0000,0,10.8245,562.8512,139.1468,350.9990,-211.8522,-13.4234,-7.2597,556.6875,118.4636
121.681,2,0,heuristic,32.6909,170.7799,-3.0271,-2.2086,0.9476,2.4033,2.5035,2.1899,1.5000,-2.5929,1.9607,11.4141,-1.0662,3.0000,0.0000,3.0000,0,10.8245,567.0060,29.1468,298.0764,-268.9296,-13.0070,-47.2597,601.2587,-31.1199
121.731,2,0,heuristic,32.6909,170.7799,-3.0219,-2.2086,0.9476,2.4033,2.4815,2.1899,1.5000,-2.5929,1.9607,11.4141,-1.0714,3.0000,0.0000,3.0000,0,10.8245,563.4337,-190.8532,186.2902,-377.1435,-13.0070,-48.0000,598.4267,-251.8602
121.781,2,0,heuristic,32.5828,170.8183,-3.0174,-2.1823,0.9058,2.3628,2.4325,2.1841,1.5000,-2.5076,1.9607,11.3204,-1.0817,3.0000,0.0000,3.0000,0,10.8245,453.4337,-300.8532,76.2902,-377.1435,-12.4242,-48.0000,489.0095,-361.2774
121.831,2,0,heuristic,32.4826,170.8520,-3.0145,-2.1636,0.8653,2.3302,-2.4105,2.1785,1.5000,-2.4277,1.9607,11.2352,-1.0902,3.0000,0.0000,3.0000,0,10.8245,551.3201,-410.8532,70.2334,-481.0867,-11.9556,-8.0000,547.3645,-430.8088
121.881,2,0,heuristic,32.3793,170.8848,-3.0128,-2.1281,0.8183,2.2800,2.3435,2.1726,1.5000,-2.3446,1.9607,11.1496,-1.0979,3.0000,0.0000,3.0000,0,10.8245,477.0641,-520.8532,-21.8945,-498.9587,-11.2319,-48.0000,513.8322,-580.0851
121.931,2,0,heuristic,32.2858,170.9129,-3.0131,-2.0922,0.7718,2.2300,-2.5115,2.1670,1.5000,-2.2688,1.9607,11.0736,-1.1031,3.0000,0.0000,3.0000,0,10.8245,477.0641,-520.8532,-21.8945,-498.9587,-10.5119,-8.0000,474.5523,-539.3651
121.981,2,0,heuristic,32.2858,170.9129,-3.0149,-2.0922,0.7718,2.2300,2.2292,2.1670,1.5000,-2.2688,1.9607,11.0736,-1.1013,3.0000,0.0000,3.0000,0,10.8245,467.0418,-646.5130,-89.7356,-556.7774,-10.5119,-48.0000,504.5299,-705.0249
122.031,2,0,heuristic,32.1915,170.9397,-3.0203,-2.0363,0.7203,2.1600,-2.6438,2.1613,1.5000,-2.1918,1.9607,10.9987,-1.1016,3.0000,0.0000,3.0000,0,10.8245,528.1997,-634.3272,-53.0638,-581.2634,-9.5035,-8.0000,526.6961,-651.8307
122.081,2,0,heuristic,32.1077,170.9623,-3.0266,-1.9783,0.6705,2.0888,2.1143,2.1561,1.5000,-2.1229,1.9607,10.9334,-1.1005,3.0000,0.0000,3.0000,0,10.8245,471.9675,-566.1786,-47.1055,-519.0730,-8.4793,-48.0000,511.4882,-622.6579
122.132,2,0,heuristic,32.0249,170.9836,-3.0376,-1.9010,0.6182,1.9990,2.0413,2.1508,1.5000,-2.0544,1.9607,10.8701,-1.0948,3.0000,0.0000,3.0000,0,10.8245,471.9675,-566.1786,-47.1055,-519.0730,-7.1857,-48.0000,512.7818,-621.3643
122.181,2,0,heuristic,31.9523,171.0014,-3.0455,-1.8231,0.5688,1.9098,2.0048,2.1461,1.5000,-1.9940,1.9607,10.8155,-1.0915,3.0000,0.0000,3.0000,0,10.8245,490.8825,-346.1786,72.3520,-418.5305,-5.9014,-48.0000,532.9812,-400.0799
122.232,2,0,heuristic,31.8811,171.0181,-3.0580,-1.7325,0.5195,1.8087,-2.8013,2.1414,1.5000,-1.9345,1.9607,10.7628,-1.0837,3.0000,0.0000,3.0000,0,10.8245,380.8825,-236.1786,72.3520,-308.5305,-4.4452,-8.0000,384.4373,-248.6237
122.281,2,0,heuristic,31.8811,171.0181,-3.0719,-1.7325,0.5195,1.8087,1.9685,2.1414,1.5000,-1.9345,1.9607,10.7628,-1.0698,3.0000,0.0000,3.0000,0,10.8245,270.8825,-256.1297,7.3764,-263.5061,-4.4452,-48.0000,314.4373,-308.5748
122.331,2,0,heuristic,31.8181,171.0323,-3.0874,-1.6485,0.4748,1.7156,-2.8560,2.1372,1.5000,-1.8816,1.9607,10.7169,-1.0586,3.0000,0.0000,3.0000,0,10.8245,326.2116,-366.1297,-19.9590,-346.1706,-3.1040,-8.0000,331.1077,-377.2336
122.381,2,0,heuristic,31.7551,171.0462,-3.0993,-1.5611,0.4332,1.6201,1.9438,2.1329,1.5000,-1.8286,1.9607,10.6715,-1.0509,3.0000,0.0000,3.0000,0,10.8245,317.9791,-332.3322,-7.1765,-325.1556,-1.7297,-48.0000,364.2494,-382.0619
122.432,2,0,heuristic,31.6994,171.0582,-3.1206,-1.4810,0.3967,1.5332,-2.8693,2.1291,1.5000,-1.7817,1.9607,10.6317,-1.0335,3.0000,0.0000,3.0000,0,10.8245,318.2720,-222.3322,47.9699,-270.3021,-0.4784,-8.0000,325.7936,-230.8105
122.481,2,0,heuristic,31.6440,171.0696,-3.1380,-1.3979,0.3611,1.4438,1.9275,2.1252,1.5000,-1.7348,1.9607,10.5928,-1.0200,3.0000,0.0000,3.0000,0,10.8245,230.7591,-112.3322,59.2135,-171.5456,0.8095,-48.0000,279.5687,-159.5226
122.531,2,0,heuristic,31.5941,171.0792,3.1227,-1.3263,0.3287,1.3664,1.9315,2.1217,1.5000,-1.6922,1.9607,10.5585,-1.0010,3.0000,0.0000,3.0000,0,10.8245,340.7013,-2.3325,169.1844,-171.5169,1.9238,-48.0000,390.6251,-48.4086
122.581,2,0,heuristic,31.5941,171.0792,3.1046,-1.3263,0.3287,1.3664,-2.8805,2.1217,1.5000,-1.6922,1.9607,10.5585,-0.9829,3.0000,0.0000,3.0000,0,10.8245,340.7013,-2.3325,169.1844,-171.5169,1.9238,-8.0000,350.6251,-8.4086
122.631,2,0,heuristic,31.5425,171.0882,3.0861,-1.2594,0.2978,1.2942,1.9505,2.1179,1.5000,-1.6480,1.9607,10.5239,-0.9682,3.0000,0.0000,3.0000,0,10.8245,419.6330,39.9856,229.8093,-189.8237,2.9642,-48.0000,470.5972,-5.0502
122.681,2,0,heuristic,31.4936,171.0960,3.0589,-1.2114,0.2706,1.2413,-2.8592,2.1143,1.5000,-1.6057,1.9607,10.4918,-0.9446,3.0000,0.0000,3.0000,0,10.8245,347.0394,-26.0263,160.5065,-186.5329,3.7254,-8.0000,358.7648,-30.3010
122.731,2,0,heuristic,31.4404,171.1037,3.0443,-1.1737,0.2462,1.1992,-2.8705,2.1104,1.5000,-1.5594,1.9607,10.4578,-0.9339,3.0000,0.0000,3.0000,0,10.8245,327.4594,-15.0831,156.1882,-171.2712,4.3311,8.9352,322.8553,-1.8168
122.782,2,0,heuristic,31.3884,171.1108,3.0323,-1.1554,0.2263,1.1774,-2.8535,2.1064,1.5000,-1.5140,1.9607,10.4251,-0.9259,3.0000,0.0000,3.0000,0,10.8245,233.5905,-40.4836,96.5535,-137.0371,4.6456,9.0353,229.2009,-26.8027
122.831,2,0,heuristic,31.3884,171.1108,3.0146,-1.1554,0.2263,1.1774,1.9703,2.1064,1.5000,-1.5140,1.9607,10.4251,-0.9081,3.0000,0.0000,3.0000,0,10.8245,233.5905,-40.4836,96.5535,-137.0371,4.6456,-30.9647,269.2009,-66.8027
122.881,2,0,heuristic,31.3316,171.1183,2.9943,-1.1427,0.2100,1.1619,2.0032,2.1021,1.5000,-1.4644,1.9607,10.3898,-0.8921,3.0000,0.0000,3.0000,0,10.8245,196.0340,-34.8578,80.5881,-115.4459,4.8691,-48.0000,248.9031,-77.9887
122.931,2,0,heuristic,31.2772,171.1257,2.9845,-1.1410,0.1989,1.1582,-2.8338,2.0979,1.5000,-1.4168,1.9607,10.3559,-0.8866,3.0000,0.0000,3.0000,0,10.8245,243.8567,9.6098,126.7333,-117.1235,4.9214,-8.0000,256.7782,6.5312
122.981,2,0,heuristic,31.2189,171.1339,2.9639,-1.1372,0.1907,1.1531,-2.7965,2.0935,1.5000,-1.3660,1.9607,10.3195,-0.8705,3.0000,0.0000,3.0000,0,10.8245,318.2934,-11.5525,153.3705,-164.9230,4.9959,10.4746,312.8147,3.9180
123.031,2,0,heuristic,31.1634,171.1418,2.9476,-1.1408,0.1854,1.1557,2.0192,2.0892,1.5000,-1.3177,1.9607,10.2851,-0.8584,3.0000,0.0000,3.0000,0,10.8245,312.3638,14.8967,163.6303,-148.7336,4.9577,-29.5254,346.8470,-9.6709
123.081,2,0,heuristic,31.1634,171.1418,2.9398,-1.1408,0.1854,1.1557,2.0152,2.0892,1.5000,-1.3177,1.9607,10.2851,-0.8506,3.0000,0.0000,3.0000,0,10.8245,309.4220,-39.5804,134.9208,-174.5012,4.9577,-48.0000,362.3798,-82.6227
123.131,2,0,heuristic,31.1040,171.1505,2.9200,-1.1411,0.1817,1.1554,-2.7877,2.0846,1.5000,-1.2661,1.9607,10.2483,-0.8354,3.0000,0.0000,3.0000,0,10.8245,319.3272,-142.2975,88.5149,-230.8124,4.9617,-8.0000,332.2889,-145.3358
123.181,2,0,heuristic,31.0477,171.1589,2.9086,-1.1475,0.1802,1.1616,2.0242,2.0802,1.5000,-1.2172,1.9607,10.2134,-0.8284,3.0000,0.0000,3.0000,0,10.8245,319.3272,-142.2975,88.5149,-230.8124,4.8736,-48.0000,372.2009,-185.4239
123.232,2,0,heuristic,31.0477,171.1589,2.8982,-1.1475,0.1802,1.1616,2.0103,2.0802,1.5000,-1.2172,1.9607,10.2134,-0.8180,3.0000,0.0000,3.0000,0,10.8245,367.7069,-91.0913,138.3078,-229.3991,4.8736,-48.0000,420.5805,-134.2177
123.281,2,0,heuristic,30.9884,171.1674,2.8739,-1.1461,0.1769,1.1597,1.9932,2.0755,1.5000,-1.1655,1.9607,10.1772,-0.7984,3.0000,0.0000,3.0000,0,10.8245,266.8157,-79.2521,93.7818,-173.0339,4.9007,-48.0000,319.7164,-122.3514
123.331,2,0,heuristic,30.9333,171.1747,2.8673,-1.1464,0.1720,1.1592,1.9978,2.0711,1.5000,-1.1174,1.9607,10.1442,-0.7962,3.0000,0.0000,3.0000,0,10.8245,231.5111,-85.9816,72.7648,-158.7463,4.9072,-48.0000,284.4183,-129.0744
123.382,2,0,heuristic,30.8759,171.1817,2.8466,-1.1381,0.1647,1.1500,2.0017,2.0664,1.5000,-1.0669,1.9607,10.1106,-0.7802,3.0000,0.0000,3.0000,0,10.8245,177.4091,-145.2591,16.0750,-161.3341,5.0405,-48.0000,230.4496,-188.2186
123.431,2,0,heuristic,30.8229,171.1878,2.8307,-1.1311,0.1569,1.1419,-2.8065,2.0621,1.5000,-1.0202,1.9607,10.0802,-0.7687,3.0000,0.0000,3.0000,0,10.8245,188.1881,-162.4506,12.8688,-175.3193,5.1566,-8.0000,201.3447,-165.2940
123.481,2,0,heuristic,30.8229,171.1878,2.8177,-1.1311,0.1569,1.1419,-2.7895,2.0621,1.5000,-1.0202,1.9607,10.0802,-0.7557,3.0000,0.0000,3.0000,0,10.8245,298.1099,-147.7048,75.2025,-222.9073,5.1566,15.4275,287.8390,-127.1207
123.531,2,0,heuristic,30.7686,171.1935,2.7993,-1.1138,0.1475,1.1235,-2.8195,2.0576,1.5000,-0.9721,1.9607,10.0497,-0.7417,3.0000,0.0000,3.0000,0,10.8245,333.0630,-201.1647,65.9491,-267.1139,5.4211,16.5630,321.9211,-179.1807
123.581,2,0,heuristic,30.7191,171.1983,2.7914,-1.0972,0.1379,1.1058,2.0040,2.0534,1.5000,-0.9282,1.9607,10.0224,-0.7380,3.0000,0.0000,3.0000,0,10.8245,333.0630,-201.1647,65.9491,-267.1139,5.6762,-23.4370,362.1762,-218.9256
123.631,2,0,heuristic,30.7191,171.1983,2.7759,-1.0972,0.1379,1.1058,-2.8138,2.0534,1.5000,-0.9282,1.9607,10.0224,-0.7225,3.0000,0.0000,3.0000,0,10.8245,308.8740,-163.0273,72.9234,-235.9506,5.6762,16.5630,297.9872,-140.7881
123.681,2,0,heuristic,30.6679,171.2028,2.7549,-1.0749,0.1279,1.0825,-2.8262,2.0491,1.5000,-0.8825,1.9607,9.9946,-0.7058,3.0000,0.0000,3.0000,0,10.8245,282.2837,-177.2714,52.5062,-229.7775,6.0123,18.2407,270.0553,-153.0184
123.731,2,0,heuristic,30.6203,171.2066,2.7482,-1.0580,0.1182,1.0646,1.9935,2.0451,1.5000,-0.8400,1.9607,9.9694,-0.7032,3.0000,0.0000,3.0000,0,10.8245,276.3441,-243.7120,16.3160,-260.0280,6.2696,-21.7593,304.3729,-259.2017
123.781,2,0,heuristic,30.5705,171.2103,2.7281,-1.0379,0.1087,1.0436,1.9972,2.0408,1.5000,-0.7953,1.9607,9.9435,-0.6874,3.0000,0.0000,3.0000,0,10.8245,317.5022,-193.6200,61.9411,-255.5611,6.5720,-48.0000,372.0742,-235.0480
123.831,2,0,heuristic,30.5242,171.2134,2.7122,-1.0235,0.0997,1.0283,-2.8413,2.0367,1.5000,-0.7536,1.9607,9.9199,-0.6754,3.0000,0.0000,3.0000,0,10.8245,290.9672,-176.1279,57.4196,-233.5476,6.7925,-8.0000,305.7598,-177.3354
123.881,2,0,heuristic,30.5242,171.2134,2.7039,-1.0235,0.0997,1.0283,-2.8308,2.0367,1.5000,-0.7536,1.9607,9.9199,-0.6671,3.0000,0.0000,3.0000,0,10.8245,335.1335,-117.9007,108.6164,-226.5171,6.7925,20.0614,321.8646,-91.0467
123.931,2,0,heuristic,30.4753,171.2161,2.6794,-1.0069,0.0904,1.0109,-2.8243,2.0325,1.5000,-0.7094,1.9607,9.8955,-0.6470,3.0000,0.0000,3.0000,0,10.8245,255.4796,-91.3973,82.0411,-173.4385,7.0424,20.8219,241.7002,-63.5330
123.981,2,0,heuristic,30.4290,171.2186,2.6710,-0.9981,0.0828,1.0015,-2.8300,2.0284,1.5000,-0.6676,1.9607,9.8728,-0.6427,3.0000,0.0000,3.0000,0,10.8245,239.1178,-54.0922,92.5128,-146.6050,7.1781,21.1670,225.1289,-25.7471
124.031,2,0,heuristic,30.3796,171.2216,2.6505,-0.9886,0.0775,0.9916,2.0050,2.0240,1.5000,-0.6231,1.9607,9.8484,-0.6265,3.0000,0.0000,3.0000,0,10.8245,229.6972,-54.8554,87.4209,-142.2763,7.3210,-18.8330,255.8512,-66.3674
124.081,2,0,heuristic,30.3327,171.2248,2.6300,-0.9862,0.0756,0.9891,2.0213,2.0199,1.5000,-0.5809,1.9607,9.8250,-0.6102,3.0000,0.0000,3.0000,0,10.8245,186.9602,-26.7949,80.0826,-106.8776,7.3572,-48.0000,242.3174,-67.4378
124.131,2,0,heuristic,30.3327,171.2248,2.6221,-0.9862,0.0756,0.9891,2.0202,2.0199,1.5000,-0.5809,1.9607,9.8250,-0.6023,3.0000,0.0000,3.0000,0,10.8245,180.9716,0.5808,90.7762,-90.1954,7.3572,-48.0000,236.3287,-40.0620
124.181,2,0,heuristic,30.2828,171.2289,2.6021,-0.9810,0.0761,0.9840,-2.7953,2.0154,1.5000,-0.5363,1.9607,9.7998,-0.5867,3.0000,0.0000,3.0000,0,10.8245,166.8789,-0.5625,83.1582,-83.7207,7.4307,-8.0000,182.3096,-1.1318
124.231,2,0,heuristic,30.2356,171.2332,2.5906,-0.9813,0.0790,0.9845,2.0345,2.0113,1.5000,-0.4943,1.9607,9.7757,-0.5794,3.0000,0.0000,3.0000,0,10.8245,235.8744,-25.3958,105.2393,-130.6351,7.4231,-48.0000,291.2975,-65.9727
124.282,2,0,heuristic,30.2356,171.2332,2.5752,-0.9813,0.0790,0.9845,-2.7858,2.0113,1.5000,-0.4943,1.9607,9.7757,-0.5639,3.0000,0.0000,3.0000,0,10.8245,170.4414,-21.8026,74.3194,-96.1220,7.4231,-8.0000,185.8645,-22.3795
124.331,2,0,heuristic,30.1856,171.2385,2.5603,-0.9774,0.0833,0.9809,2.0248,2.0069,1.5000,-0.4501,1.9607,9.7497,-0.5534,3.0000,0.0000,3.0000,0,10.8245,129.3862,-30.3574,49.5144,-79.8718,7.4748,-48.0000,184.8610,-70.8826
124.381,2,0,heuristic,30.1386,171.2440,2.5503,-0.9781,0.0898,0.9822,2.0305,2.0027,1.5000,-0.4086,1.9607,9.7249,-0.5476,3.0000,0.0000,3.0000,0,10.8245,150.9470,-61.6599,44.6435,-106.3034,7.4569,-48.0000,206.4038,-102.2030
124.431,2,0,heuristic,30.0891,171.2503,2.5310,-0.9728,0.0959,0.9775,2.0430,1.9984,1.5000,-0.3652,1.9607,9.6986,-0.5327,3.0000,0.0000,3.0000,0,10.8245,141.6830,-170.0017,-14.1593,-155.8423,7.5244,-48.0000,197.2074,-210.4773
124.481,2,0,heuristic,30.0431,171.2562,2.5166,-0.9699,0.1016,0.9752,-2.7713,1.9943,1.5000,-0.3249,1.9607,9.6741,-0.5223,3.0000,0.0000,3.0000,0,10.8245,156.8736,-106.1575,25.3580,-131.5156,7.5568,-8.0000,172.4304,-106.6007
124.531,2,0,heuristic,30.0431,171.2562,2.5048,-0.9699,0.1016,0.9752,-2.7635,1.9943,1.5000,-0.3249,1.9607,9.6741,-0.5105,3.0000,0.0000,3.0000,0,10.8245,113.3738,-105.1081,4.1328,-109.2410,7.5568,25.8692,95.0614,-71.6821
124.581,2,0,heuristic,29.9952,171.2622,2.4885,-0.9602,0.1041,0.9658,-2.7605,1.9900,1.5000,-0.2829,1.9607,9.6491,-0.4985,3.0000,0.0000,3.0000,0,10.8245,156.9808,-99.0226,28.9791,-128.0017,7.6924,26.3724,138.3008,-64.9577
124.631,2,0,heuristic,29.9509,171.2674,2.4816,-0.9525,0.1050,0.9582,2.0802,1.9860,1.5000,-0.2439,1.9607,9.6264,-0.4955,3.0000,0.0000,3.0000,0,10.8245,166.2502,-116.3703,24.9400,-141.3102,7.8014,-13.6276,187.6792,-122.1964
124.681,2,0,heuristic,29.9051,171.2726,2.4611,-0.9384,0.1040,0.9441,-2.7450,1.9819,1.5000,-0.2035,1.9607,9.6033,-0.4793,3.0000,0.0000,3.0000,0,10.8245,171.4167,-98.6628,36.3770,-135.0398,8.0042,26.3724,153.0485,-64.2861
124.731,2,0,heuristic,29.9051,171.2726,2.4500,-0.9384,0.1040,0.9441,-2.7405,1.9819,1.5000,-0.2035,1.9607,9.6033,-0.4681,3.0000,0.0000,3.0000,0,10.8245,171.4167,-98.6628,36.3770,-135.0398,8.0042,27.3794,152.0416,-63.2791
124.781,2,0,heuristic,29.8626,171.2772,2.4392,-0.9275,0.1022,0.9331,2.0870,1.9780,1.5000,-0.1660,1.9607,9.5822,-0.4612,3.0000,0.0000,3.0000,0,10.8245,245.4832,-103.3034,71.0899,-174.3933,8.1633,-12.6206,266.2671,-107.7607
124.831,2,0,heuristic,29.8185,171.2818,2.4219,-0.9119,0.0996,0.9173,2.0840,1.9740,1.5000,-0.1269,1.9607,9.5605,-0.4479,3.0000,0.0000,3.0000,0,10.8245,240.5097,38.7998,139.6547,-100.8549,8.3902,-48.0000,296.8998,-0.8100
124.881,2,0,heuristic,29.7774,171.2862,2.4134,-0.9004,0.0979,0.9057,2.0785,1.9702,1.5000,-0.0906,1.9607,9.5405,-0.4432,3.0000,0.0000,3.0000,0,10.8245,181.1259,33.3204,107.2231,-73.9028,8.5579,-48.0000,237.6837,-6.1218
124.931,2,0,heuristic,29.7339,171.2912,2.3964,-0.8879,0.0976,0.8932,2.0935,1.9662,1.5000,-0.0522,1.9607,9.5190,-0.4302,3.0000,0.0000,3.0000,0,10.8245,102.6355,31.9424,67.2890,-35.3466,8.7375,-48.0000,159.3730,-7.3201
124.981,2,0,heuristic,29.6926,171.2968,2.3836,-0.8823,0.1013,0.8881,-2.7465,1.9624,1.5000,-0.0162,1.9607,9.4980,-0.4212,3.0000,0.0000,3.0000,0,10.8245,77.3242,27.5401,52.4322,-24.8920,8.8110,-8.0000,94.1352,28.3511
125.031,2,0,heuristic,29.6926,171.2968,2.3713,-0.8823,0.1013,0.8881,2.1042,1.9624,1.5000,-0.0162,1.9607,9.4980,-0.4089,3.0000,0.0000,3.0000,0,10.8245,46.6909,-78.0919,-15.7005,-62.3914,8.8110,-48.0000,103.5019,-117.2809
125.081,2,0,heuristic,29.6489,171.3035,2.3559,-0.8741,0.1069,0.8806,-2.7037,1.9584,1.5000,0.0217,1.9607,9.4752,-0.3975,3.0000,0.0000,3.0000,0,10.8245,-0.6417,-41.8148,-21.2283,-20.5865,8.9197,-8.0000,16.2780,-40.8951
125.131,2,0,heuristic,29.6080,171.3104,2.3472,-0.8694,0.1145,0.8769,2.1208,1.9547,1.5000,0.0569,1.9607,9.4534,-0.3925,3.0000,0.0000,3.0000,0,10.8245,43.2565,-119.6386,-38.1911,-81.4476,8.9723,-48.0000,100.2288,-158.6664
125.181,2,0,heuristic,29.5656,171.3181,2.3326,-0.8587,0.1211,0.8672,-2.6997,1.9508,1.5000,0.0932,1.9607,9.4305,-0.3818,3.0000,0.0000,3.0000,0,10.8245,75.5467,-46.0302,14.7582,-60.7885,9.1124,-8.0000,92.6590,-44.9179
125.231,2,0,heuristic,29.5264,171.3252,2.3243,-0.8503,0.1264,0.8596,2.1365,1.9472,1.5000,0.1268,1.9607,9.4094,-0.3771,3.0000,0.0000,3.0000,0,10.8245,185.4107,-81.8748,51.7680,-133.6428,9.2216,-48.0000,242.6324,-120.6532
125.281,2,0,heuristic,29.5264,171.3252,2.3132,-0.8503,0.1264,0.8596,-2.6855,1.9472,1.5000,0.1268,1.9607,9.4094,-0.3660,3.0000,0.0000,3.0000,0,10.8245,191.1764,-39.1905,75.9929,-115.1835,9.2216,-8.0000,208.3981,-37.9689
125.331,2,0,heuristic,29.4854,171.3325,2.3025,-0.8380,0.1292,0.8479,2.1412,1.9434,1.5000,0.1619,1.9607,9.3876,-0.3591,3.0000,0.0000,3.0000,0,10.8245,191.1764,-39.1905,75.9929,-115.1835,9.3908,-48.0000,248.5673,-77.7997
125.381,2,0,heuristic,29.4468,171.3394,2.2889,-0.8311,0.1322,0.8415,-2.6750,1.9399,1.5000,0.1950,1.9607,9.3672,-0.3491,3.0000,0.0000,3.0000,0,10.8245,162.9024,-81.4595,40.7214,-122.1810,9.4820,-8.0000,180.3844,-79.9775
125.431,2,0,heuristic,29.4058,171.3471,2.2783,-0.8226,0.1353,0.8337,2.1120,1.9361,1.5000,0.2300,1.9607,9.3453,-0.3423,3.0000,0.0000,3.0000,0,10.8245,12.4167,-74.3739,-30.9786,-43.3953,9.5954,-48.0000,70.0121,-112.7785
125.481,2,0,heuristic,29.3672,171.3546,2.2674,-0.8190,0.1396,0.8308,-2.6885,1.9325,1.5000,0.2628,1.9607,9.3245,-0.3349,3.0000,0.0000,3.0000,0,10.8245,119.5374,-45.5214,37.0080,-82.5294,9.6364,-8.0000,137.1738,-43.8850
125.531,2,0,heuristic,29.3270,171.3624,2.2541,-0.8097,0.1417,0.8220,-2.6610,1.9288,1.5000,0.2970,1.9607,9.3031,-0.3254,3.0000,0.0000,3.0000,0,10.8245,85.6859,-32.7969,26.4445,-59.2414,9.7625,32.0000,63.4484,8.9655
125.581,2,0,heuristic,29.3270,171.3624,2.2459,-0.8097,0.1417,0.8220,-2.6827,1.9288,1.5000,0.2970,1.9607,9.3031,-0.3172,3.0000,0.0000,3.0000,0,10.8245,169.9636,12.0799,91.0218,-78.9418,9.7625,33.2929,146.4331,55.1353
125.631,2,0,heuristic,29.2900,171.3696,2.2355,-0.8021,0.1433,0.8148,2.1458,1.9253,1.5000,0.3286,1.9607,9.2834,-0.3102,3.0000,0.0000,3.0000,0,10.8245,238.3180,21.2031,129.7605,-108.5575,9.8669,-6.7071,254.8919,24.3628
125.681,2,0,heuristic,29.2515,171.3774,2.2251,-0.7897,0.1446,0.8028,-2.6500,1.9217,1.5000,0.3612,1.9607,9.2628,-0.3034,3.0000,0.0000,3.0000,0,10.8245,238.3180,21.2031,129.7605,-108.5575,10.0393,33.2929,215.0644,64.5353
125.731,2,0,heuristic,29.2156,171.3855,2.2127,-0.7811,0.1493,0.7953,-2.6562,1.9184,1.5000,0.3913,1.9607,9.2429,-0.2944,3.0000,0.0000,3.0000,0,10.8245,128.3180,-17.8491,55.2344,-73.0836,10.1481,33.9230,104.5430,26.2219
125.782,2,0,heuristic,29.1776,171.3952,2.2027,-0.7713,0.1568,0.7871,2.1753,1.9148,1.5000,0.4228,1.9607,9.2209,-0.2879,3.0000,0.0000,3.0000,0,10.8245,81.6739,8.4497,45.0618,-36.6121,10.2660,-6.0770,98.0169,12.6388
125.831,2,0,heuristic,29.1418,171.4053,2.1932,-0.7661,0.1674,0.7841,-2.6390,1.9115,1.5000,0.4520,1.9607,9.1994,-0.2817,3.0000,0.0000,3.0000,0,10.8245,72.6187,84.4793,78.5490,5.9303,10.3084,33.9230,49.0041,128.7107
125.881,2,0,heuristic,29.1418,171.4053,2.1837,-0.7661,0.1674,0.7841,2.1750,1.9115,1.5000,0.4520,1.9607,9.1994,-0.2722,3.0000,0.0000,3.0000,0,10.8245,72.6187,84.4793,78.5490,5.9303,10.3084,-6.0770,89.0041,88.7107
125.931,2,0,heuristic,29.1042,171.4166,2.1737,-0.7576,0.1774,0.7781,2.2160,1.9081,1.5000,0.4825,1.9607,9.1762,-0.2656,3.0000,0.0000,3.0000,0,10.8245,63.2471,80.2808,71.7639,8.5169,10.3960,-46.0770,119.7200,44.5998
125.982,2,0,heuristic,29.0689,171.4280,2.1620,-0.7531,0.1897,0.7767,2.2215,1.9049,1.5000,0.5108,1.9607,9.1538,-0.2571,3.0000,0.0000,3.0000,0,10.8245,72.8915,147.0239,109.9577,37.0662,10.4160,-46.3369,129.6444,111.1030
126.031,2,0,heuristic,29.0314,171.4411,2.1538,-0.7465,0.2022,0.7734,-2.6048,1.9015,1.5000,0.5405,1.9607,9.1292,-0.2523,3.0000,0.0000,3.0000,0,10.8245,129.2896,146.6601,137.9749,8.6853,10.4624,-6.3369,146.0889,150.7856
126.081,2,0,heuristic,28.9960,171.4544,2.1468,-0.7447,0.2171,0.7757,-2.5880,1.8983,1.5000,0.5682,1.9607,9.1052,-0.2485,3.0000,0.0000,3.0000,0,10.8245,19.2896,165.6374,92.4635,73.1739,10.4294,33.6631,-3.9441,209.7299
126.131,2,0,heuristic,28.9582,171.4700,2.1418,-0.7412,0.2336,0.7772,2.2308,1.8949,1.5000,0.5972,1.9607,9.0783,-0.2469,3.0000,0.0000,3.0000,0,10.8245,-88.4027,150.8173,31.2073,119.6100,10.4087,-6.3369,-71.6570,154.8892
126.182,2,0,heuristic,28.9228,171.4862,2.1319,-0.7404,0.2546,0.7830,2.2673,1.8917,1.5000,0.6238,1.9607,9.0517,-0.2402,3.0000,0.0000,3.0000,0,10.8245,-145.6399,155.2852,4.8226,150.4625,10.3251,-46.2274,-89.0874,119.3828
126.231,2,0,heuristic,28.9228,171.4862,2.1254,-0.7404,0.2546,0.7830,-2.5480,1.8917,1.5000,0.6238,1.9607,9.0517,-0.2337,3.0000,0.0000,3.0000,0,10.8245,-37.4490,112.8422,37.6966,75.1456,10.3251,-6.2274,-20.8965,116.9399
126.281,2,0,heuristic,28.8861,171.5046,2.1199,-0.7335,0.2743,0.7831,2.2967,1.8885,1.5000,0.6508,1.9607,9.0227,-0.2314,3.0000,0.0000,3.0000,0,10.8245,-64.1865,157.4283,46.6209,110.8074,10.3238,-46.2274,-7.6354,121.5246
126.331,2,0,heuristic,28.8525,171.5223,2.1147,-0.7270,0.2932,0.7840,-2.5290,1.8856,1.5000,0.6752,1.9607,8.9954,-0.2291,3.0000,0.0000,3.0000,0,10.8245,-136.0151,251.8601,57.9225,193.9376,10.3110,-6.2274,-119.4768,255.9436
126.381,2,0,heuristic,28.8176,171.5415,2.1104,-0.7159,0.3084,0.7795,2.3225,1.8825,1.5000,0.7002,1.9607,8.9664,-0.2279,3.0000,0.0000,3.0000,0,10.8245,-126.5858,187.7644,30.5893,157.1751,10.3747,-46.2274,-69.9837,151.9117
126.431,2,0,heuristic,28.7855,171.5601,2.1056,-0.7062,0.3241,0.7770,-2.4660,1.8798,1.5000,0.7227,1.9607,8.9389,-0.2258,3.0000,0.0000,3.0000,0,10.8245,-126.5858,187.7644,30.5893,157.1751,10.4111,-6.2274,-109.9473,191.9481
126.481,2,0,heuristic,28.7527,171.5801,2.1028,-0.6914,0.3364,0.7689,2.3820,1.8769,1.5000,0.7455,1.9607,8.9099,-0.2258,3.0000,0.0000,3.0000,0,10.8245,-96.3019,210.6789,57.1885,153.4904,10.5283,-46.2274,-39.5462,174.9798
126.531,2,0,heuristic,28.7227,171.5991,2.0999,-0.6779,0.3480,0.7620,2.3930,1.8744,1.5000,0.7660,1.9607,8.8828,-0.2256,3.0000,0.0000,3.0000,0,10.8245,-89.7766,133.9058,22.0646,111.8412,10.6277,-47.4997,-31.6492,97.0338
126.582,2,0,heuristic,28.7227,171.5991,2.0986,-0.6779,0.3480,0.7620,-2.4238,1.8744,1.5000,0.7660,1.9607,8.8828,-0.2243,3.0000,0.0000,3.0000,0,10.8245,15.8342,42.1634,28.9988,13.1646,10.6277,-7.4997,33.9615,45.2914
126.632,2,0,heuristic,28.6919,171.6192,2.0976,-0.6608,0.3557,0.7504,2.3918,1.8717,1.5000,0.7869,1.9607,8.8545,-0.2259,3.0000,0.0000,3.0000,0,10.8245,15.1352,72.8761,44.0056,28.8704,10.7939,-47.4540,73.3831,36.2159
126.681,2,0,heuristic,28.6636,171.6378,2.0973,-0.6465,0.3622,0.7411,-2.4195,1.8693,1.5000,0.8060,1.9607,8.8283,-0.2280,3.0000,0.0000,3.0000,0,10.8245,15.1352,72.8761,44.0056,28.8704,10.9283,-7.4540,33.5175,76.3503
126.731,2,0,heuristic,28.6342,171.6572,2.0970,-0.6303,0.3643,0.7280,2.4085,1.8667,1.5000,0.8258,1.9607,8.8012,-0.2302,3.0000,0.0000,3.0000,0,10.8245,-80.2401,18.2355,-31.0023,49.2378,11.1162,-47.4540,-21.6698,-18.1024
126.781,2,0,heuristic,28.6071,171.6753,2.0970,-0.6173,0.3670,0.7181,-2.4198,1.8644,1.5000,0.8440,1.9607,8.7759,-0.2326,3.0000,0.0000,3.0000,0,10.8245,-5.2279,-33.4622,-19.3450,-14.1171,11.2588,-7.4540,13.4849,-29.6575
126.832,2,0,heuristic,28.6071,171.6753,2.0969,-0.6173,0.3670,0.7181,-2.4180,1.8644,1.5000,0.8440,1.9607,8.7759,-0.2325,3.0000,0.0000,3.0000,0,10.8245,15.9981,22.3532,19.1757,3.1776,11.2588,32.5460,-5.2891,66.1579
126.881,2,0,heuristic,28.5795,171.6942,2.0970,-0.6000,0.3663,0.7030,-2.4103,1.8620,1.5000,0.8624,1.9607,8.7499,-0.2350,3.0000,0.0000,3.0000,0,10.8245,-49.2396,-10.7122,-29.9759,19.2637,11.4773,33.0043,-70.7666,33.7693
126.932,2,0,heuristic,28.5541,171.7114,2.0969,-0.5857,0.3645,0.6899,-2.4215,1.8598,1.5000,0.8793,1.9607,8.7262,-0.2371,3.0000,0.0000,3.0000,0,10.8245,-45.1188,58.5551,6.7182,51.8370,11.6656,33.1433,-66.5965,103.3641
126.981,2,0,heuristic,28.5541,171.7114,2.0958,-0.5857,0.3645,0.6899,-2.4053,1.8598,1.5000,0.8793,1.9607,8.7262,-0.2360,3.0000,0.0000,3.0000,0,10.8245,10.3422,164.4931,87.4177,77.0754,11.6656,32.9124,-10.9046,209.0711
127.031,2,0,heuristic,28.5280,171.7291,2.0972,-0.5690,0.3599,0.6733,-2.4055,1.8575,1.5000,0.8967,1.9607,8.7017,-0.2397,3.0000,0.0000,3.0000,0,10.8245,-38.7524,201.3328,81.2902,120.0426,11.9041,32.8051,-59.6534,246.0420
127.081,2,0,heuristic,28.5039,171.7457,2.0974,-0.5555,0.3569,0.6603,2.4230,1.8553,1.5000,0.9127,1.9607,8.6791,-0.2421,3.0000,0.0000,3.0000,0,10.8245,36.5744,156.5891,96.5817,60.0074,12.0922,-7.1949,55.8615,161.4864
127.132,2,0,heuristic,28.4788,171.7639,2.0996,-0.5412,0.3555,0.6475,2.4287,1.8531,1.5000,0.9290,1.9607,8.6546,-0.2464,3.0000,0.0000,3.0000,0,10.8245,70.6191,158.3260,114.4725,43.8535,12.2757,-47.1949,130.0897,123.4069
127.182,2,0,heuristic,28.4788,171.7639,2.0983,-0.5412,0.3555,0.6475,-2.3807,1.8531,1.5000,0.9290,1.9607,8.6546,-0.2451,3.0000,0.0000,3.0000,0,10.8245,30.7605,227.3122,129.0364,98.2759,12.2757,-7.1949,50.2312,232.3931
127.231,2,0,heuristic,28.4549,171.7818,2.1005,-0.5323,0.3590,0.6421,-2.3718,1.8511,1.5000,0.9443,1.9607,8.6308,-0.2495,3.0000,0.0000,3.0000,0,10.8245,7.0767,258.9715,133.0241,125.9474,12.3541,31.9442,-12.5134,303.2698
127.282,2,0,heuristic,28.4295,171.8020,2.1020,-0.5237,0.3651,0.6384,2.4625,1.8489,1.5000,0.9601,1.9607,8.6043,-0.2531,3.0000,0.0000,3.0000,0,10.8245,-9.6565,268.8153,129.5794,139.2359,12.4070,-8.0558,10.8063,273.1665
127.331,2,0,heuristic,28.4057,171.8227,2.1040,-0.5182,0.3783,0.6416,-2.3530,1.8469,1.5000,0.9743,1.9607,8.5778,-0.2572,3.0000,0.0000,3.0000,0,10.8245,17.9414,275.1973,146.5693,128.6279,12.3608,31.3836,-1.0814,318.9417
127.381,2,0,heuristic,28.4057,171.8227,2.1056,-0.5182,0.3783,0.6416,-2.3215,1.8469,1.5000,0.9743,1.9607,8.5778,-0.2587,3.0000,0.0000,3.0000,0,10.8245,17.9414,275.1973,146.5693,128.6279,12.3608,30.7932,-0.4909,318.3513
127.431,2,0,heuristic,28.3804,171.8465,2.1092,-0.5115,0.3943,0.6458,-2.3173,1.8448,1.5000,0.9885,1.9607,8.5481,-0.2644,3.0000,0.0000,3.0000,0,10.8245,56.3154,343.7908,200.0531,143.7377,12.3004,30.5278,38.0880,386.6191
127.481,2,0,heuristic,28.3567,171.8708,2.1106,-0.5083,0.4165,0.6571,-2.3138,1.8429,1.5000,1.0013,1.9607,8.5183,-0.2677,3.0000,0.0000,3.0000,0,10.8245,42.2514,298.8776,170.5645,128.3131,12.1372,30.3613,24.0272,341.3761
127.531,2,0,heuristic,28.3310,171.8987,2.1153,-0.5054,0.4406,0.6705,2.5173,1.8408,1.5000,1.0144,1.9607,8.4845,-0.2745,3.0000,0.0000,3.0000,0,10.8245,13.4550,387.9083,200.6816,187.2267,11.9445,-9.6387,35.0381,390.2142
127.581,2,0,heuristic,28.3063,171.9271,2.1205,-0.5071,0.4708,0.6920,2.5297,1.8389,1.5000,1.0265,1.9607,8.4506,-0.2816,3.0000,0.0000,3.0000,0,10.8245,-53.2583,336.8969,141.8193,195.0776,11.6356,-48.0000,6.3773,300.5325
127.632,2,0,heuristic,28.3063,171.9271,2.1230,-0.5071,0.4708,0.6920,2.5533,1.8389,1.5000,1.0265,1.9607,8.4506,-0.2841,3.0000,0.0000,3.0000,0,10.8245,42.1207,324.2427,183.1817,141.0610,11.6356,-48.0000,101.7563,287.8783
127.681,2,0,heuristic,28.2796,171.9594,2.1280,-0.5084,0.5006,0.7135,-2.2630,1.8369,1.5000,1.0389,1.9607,8.4124,-0.2911,3.0000,0.0000,3.0000,0,10.8245,25.0326,309.5665,167.2996,142.2669,11.3255,-8.0000,44.3581,312.8920
127.731,2,0,heuristic,28.2539,171.9913,2.1336,-0.5139,0.5335,0.7408,2.5760,1.8349,1.5000,1.0506,1.9607,8.3749,-0.2987,3.0000,0.0000,3.0000,0,10.8245,-7.9121,256.8547,124.4713,132.3834,10.9327,-48.0000,51.0206,219.7874
127.782,2,0,heuristic,28.2539,171.9913,2.1393,-0.5139,0.5335,0.7408,-2.2570,1.8349,1.5000,1.0506,1.9607,8.3749,-0.3044,3.0000,0.0000,3.0000,0,10.8245,-51.1599,147.0025,47.9213,99.0812,10.9327,-8.0000,-32.2272,149.9352
127.831,2,0,heuristic,28.2259,172.0269,2.1471,-0.5187,0.5636,0.7660,2.5633,1.8328,1.5000,1.0629,1.9607,8.3333,-0.3143,3.0000,0.0000,3.0000,0,10.8245,-106.3918,223.4941,58.5512,164.9429,10.5701,-48.0000,-47.8217,186.0642
127.881,2,0,heuristic,28.1993,172.0614,2.1514,-0.5259,0.5948,0.7940,2.5613,1.8308,1.5000,1.0744,1.9607,8.2930,-0.3206,3.0000,0.0000,3.0000,0,10.8245,-61.7973,137.0989,37.6508,99.4481,10.1666,-48.0000,-3.6307,99.2655
127.931,2,0,heuristic,28.1714,172.0985,2.1554,-0.5281,0.6184,0.8133,-2.2485,1.8287,1.5000,1.0862,1.9607,8.2501,-0.3267,3.0000,0.0000,3.0000,0,10.8245,-88.4355,137.9034,24.7340,113.1694,9.8890,-8.0000,-70.5464,139.7924
127.981,2,0,heuristic,28.1454,172.1333,2.1646,-0.5309,0.6397,0.8313,-2.2382,1.8267,1.5000,1.0970,1.9607,8.2098,-0.3380,3.0000,0.0000,3.0000,0,10.8245,-65.4186,93.2674,13.9244,79.3430,9.6295,26.5231,-82.3122,129.4200
128.031,2,0,heuristic,28.1454,172.1333,2.1680,-0.5309,0.6397,0.8313,2.5642,1.8267,1.5000,1.0970,1.9607,8.2098,-0.3413,3.0000,0.0000,3.0000,0,10.8245,-72.0127,105.3669,16.6771,88.6898,9.6295,-13.4769,-48.9063,101.5195
128.081,2,0,heuristic,28.1185,172.1696,2.1776,-0.5281,0.6517,0.8388,2.5790,1.8246,1.5000,1.1080,1.9607,8.1678,-0.3530,3.0000,0.0000,3.0000,0,10.8245,-91.4508,92.2555,0.4024,91.8532,9.5217,-48.0000,-33.9291,53.7772
128.131,2,0,heuristic,28.0939,172.2031,2.1814,-0.5249,0.6609,0.8440,2.5657,1.8227,1.5000,1.1181,1.9607,8.1292,-0.3587,3.0000,0.0000,3.0000,0,10.8245,-60.3082,158.0765,48.8841,109.1923,9.4463,-48.0000,-2.8618,119.5228
128.181,2,0,heuristic,28.0939,172.2031,2.1883,-0.5249,0.6609,0.8440,-2.2555,1.8227,1.5000,1.1181,1.9607,8.1292,-0.3656,3.0000,0.0000,3.0000,0,10.8245,-7.6194,127.4279,59.9043,67.5237,9.4463,-8.0000,9.8270,128.8743
128.231,2,0,heuristic,28.0686,172.2375,2.1949,-0.5172,0.6610,0.8393,2.5675,1.8208,1.5000,1.1284,1.9607,8.0897,-0.3742,3.0000,0.0000,3.0000,0,10.8245,3.1873,113.1524,58.1699,54.9826,9.5144,-48.0000,60.7017,74.6668
128.281,2,0,heuristic,28.0453,172.2690,2.2001,-0.5107,0.6600,0.8346,2.5700,1.8189,1.5000,1.1379,1.9607,8.0534,-0.3812,3.0000,0.0000,3.0000,0,10.8245,-22.4833,48.9417,13.2292,35.7125,9.5824,-48.0000,35.0992,10.5242
128.331,2,0,heuristic,28.0211,172.3016,2.2082,-0.5016,0.6532,0.8236,2.5525,1.8170,1.5000,1.1479,1.9607,8.0159,-0.3912,3.0000,0.0000,3.0000,0,10.8245,53.3216,22.5696,37.9456,-15.3760,9.7405,-48.0000,111.0621,-15.6899
128.381,2,0,heuristic,27.9990,172.3314,2.2147,-0.4936,0.6469,0.8137,-2.2833,1.8152,1.5000,1.1571,1.9607,7.9816,-0.3995,3.0000,0.0000,3.0000,0,10.8245,51.1126,-10.2522,20.4302,-30.6824,9.8833,-8.0000,68.9959,-8.3689
128.431,2,0,heuristic,27.9990,172.3314,2.2191,-0.4936,0.6469,0.8137,-2.2923,1.8152,1.5000,1.1571,1.9607,7.9816,-0.4039,3.0000,0.0000,3.0000,0,10.8245,129.8413,-36.5676,46.6369,-83.2045,9.8833,24.9633,114.7614,-1.7210
128.481,2,0,heuristic,27.9762,172.3620,2.2264,-0.4825,0.6353,0.7977,-2.2905,1.8134,1.5000,1.1665,1.9607,7.9464,-0.4130,3.0000,0.0000,3.0000,0,10.8245,169.4538,46.0225,107.7381,-61.7157,10.1127,24.5944,154.9721,80.7296
128.531,2,0,heuristic,27.9551,172.3899,2.2289,-0.4738,0.6245,0.7839,-2.2978,1.8116,1.5000,1.1754,1.9607,7.9142,-0.4173,3.0000,0.0000,3.0000,0,10.8245,212.9831,21.8384,117.4108,-95.5724,10.3119,24.5654,198.7296,56.7156
128.582,2,0,heuristic,27.9326,172.4190,2.2365,-0.4658,0.6115,0.7687,-2.3300,1.8097,1.5000,1.1852,1.9607,7.8806,-0.4267,3.0000,0.0000,3.0000,0,10.8245,212.9831,21.8384,117.4108,-95.5724,10.5306,24.7559,198.7579,57.1248
128.631,2,0,heuristic,27.9108,172.4466,2.2407,-0.4635,0.6039,0.7613,2.4788,1.8079,1.5000,1.1949,1.9607,7.8487,-0.4328,3.0000,0.0000,3.0000,0,10.8245,42.7668,40.1654,41.4661,-1.3007,10.6378,-15.2441,68.6487,35.5590
128.681,2,0,heuristic,27.9108,172.4466,2.2438,-0.4635,0.6039,0.7613,2.4790,1.8079,1.5000,1.1949,1.9607,7.8487,-0.4360,3.0000,0.0000,3.0000,0,10.8245,42.7668,40.1654,41.4661,-1.3007,10.6378,-48.0000,101.4045,2.8031
128.731,2,0,heuristic,27.8870,172.4760,2.2481,-0.4622,0.5963,0.7545,2.4690,1.8058,1.5000,1.2057,1.9607,7.8145,-0.4423,3.0000,0.0000,3.0000,0,10.8245,111.3525,47.4177,79.3851,-31.9674,10.7353,-48.0000,170.0879,10.1530
128.782,2,0,heuristic,27.8644,172.5037,2.2499,-0.4639,0.5925,0.7525,2.4610,1.8038,1.5000,1.2161,1.9607,7.7824,-0.4461,3.0000,0.0000,3.0000,0,10.8245,28.3443,29.6498,28.9971,0.6528,10.7642,-48.0000,87.1085,-7.5860
128.831,2,0,heuristic,27.8644,172.5037,2.2526,-0.4639,0.5925,0.7525,-2.3735,1.8038,1.5000,1.2161,1.9607,7.7824,-0.4488,3.0000,0.0000,3.0000,0,10.8245,62.2206,2.6044,32.4125,-29.8081,10.7642,-8.0000,80.9847,5.3686
128.881,2,0,heuristic,27.8400,172.5331,2.2559,-0.4651,0.5872,0.7491,2.4348,1.8016,1.5000,1.2275,1.9607,7.7481,-0.4543,3.0000,0.0000,3.0000,0,10.8245,81.3310,-73.5976,3.8667,-77.4643,10.8135,-48.0000,140.1446,-110.7841
128.932,2,0,heuristic,27.8166,172.5608,2.2573,-0.4694,0.5852,0.7502,-2.3868,1.7995,1.5000,1.2386,1.9607,7.7158,-0.4578,3.0000,0.0000,3.0000,0,10.8245,84.4374,29.9858,57.2116,-27.2258,10.7967,-8.0000,103.2341,32.7825
128.981,2,0,heuristic,27.7916,172.5900,2.2596,-0.4717,0.5803,0.7478,2.4230,1.7972,1.5000,1.2506,1.9607,7.6818,-0.4625,3.0000,0.0000,3.0000,0,10.8245,109.6662,46.2437,77.9550,-31.7113,10.8316,-48.0000,168.4978,9.0752
129.031,2,0,heuristic,27.7678,172.6170,2.2607,-0.4764,0.5768,0.7481,-2.4130,1.7949,1.5000,1.2623,1.9607,7.6501,-0.4658,3.0000,0.0000,3.0000,0,10.8245,128.2555,-8.4603,59.8976,-68.3579,10.8277,-8.0000,147.0832,-5.6326
129.081,2,0,heuristic,27.7422,172.6455,2.2619,-0.4796,0.5711,0.7457,-2.4232,1.7925,1.5000,1.2752,1.9607,7.6167,-0.4695,3.0000,0.0000,3.0000,0,10.8245,60.2223,-28.8219,15.7002,-44.5221,10.8612,24.8087,46.2747,6.8480
129.131,2,0,heuristic,27.7180,172.6723,2.2622,-0.4848,0.5684,0.7471,2.3927,1.7901,1.5000,1.2874,1.9607,7.5852,-0.4721,3.0000,0.0000,3.0000,0,10.8245,166.8821,-72.4205,47.2308,-119.6513,10.8418,-15.1913,192.9152,-76.7699
129.181,2,0,heuristic,27.7180,172.6723,2.2625,-0.4848,0.5684,0.7471,2.4133,1.7901,1.5000,1.2874,1.9607,7.5852,-0.4723,3.0000,0.0000,3.0000,0,10.8245,166.8821,-72.4205,47.2308,-119.6513,10.8418,-48.0000,225.7239,-109.5787
129.231,2,0,heuristic,27.6924,172.7002,2.2621,-0.4860,0.5620,0.7430,2.3740,1.7876,1.5000,1.3004,1.9607,7.5525,-0.4745,3.0000,0.0000,3.0000,0,10.8245,118.3377,-54.4162,31.9607,-86.3769,10.9006,-48.0000,177.2383,-91.5156
129.282,2,0,heuristic,27.6685,172.7259,2.2618,-0.4885,0.5566,0.7406,2.3483,1.7853,1.5000,1.3128,1.9607,7.5223,-0.4765,3.0000,0.0000,3.0000,0,10.8245,118.3377,-54.4162,31.9607,-86.3769,10.9359,-48.0000,177.2735,-91.4803
129.331,2,0,heuristic,27.6432,172.7522,2.2605,-0.4883,0.5465,0.7329,-2.4802,1.7827,1.5000,1.3263,1.9607,7.4912,-0.4778,3.0000,0.0000,3.0000,0,10.8245,123.9202,-188.0123,-32.0461,-155.9663,11.0461,-8.0000,142.9664,-184.9662
129.381,2,0,heuristic,27.6194,172.7761,2.2586,-0.4898,0.5368,0.7266,-2.5048,1.7803,1.5000,1.3392,1.9607,7.4628,-0.4783,3.0000,0.0000,3.0000,0,10.8245,119.9716,-192.9821,-36.5052,-156.4768,11.1363,25.9388,105.1691,-155.9069
129.431,2,0,heuristic,27.6194,172.7761,2.2568,-0.4898,0.5368,0.7266,-2.5205,1.7803,1.5000,1.3392,1.9607,7.4628,-0.4765,3.0000,0.0000,3.0000,0,10.8245,78.7834,-98.3805,-9.7985,-88.5820,11.1363,26.2742,63.6456,-60.9700
129.481,2,0,heuristic,27.5945,172.8000,2.2543,-0.4875,0.5214,0.7138,2.3068,1.7777,1.5000,1.3531,1.9607,7.4343,-0.4766,3.0000,0.0000,3.0000,0,10.8245,88.5470,-161.5034,-36.4782,-125.0252,11.3211,-13.7258,113.5939,-163.9081
129.532,2,0,heuristic,27.5716,172.8211,2.2510,-0.4853,0.5052,0.7005,-2.5328,1.7752,1.5000,1.3662,1.9607,7.4089,-0.4757,3.0000,0.0000,3.0000,0,10.8245,102.6123,-209.4100,-53.3989,-156.0111,11.5122,26.2742,87.8503,-171.6236
129.582,2,0,heuristic,27.5480,172.8422,2.2467,-0.4790,0.4854,0.6819,-2.5307,1.7727,1.5000,1.3800,1.9607,7.3835,-0.4740,3.0000,0.0000,3.0000,0,10.8245,-7.3877,-147.4167,-77.4022,-70.0145,11.7800,26.6124,-22.2201,-109.0244
129.631,2,0,heuristic,27.5264,172.8608,2.2425,-0.4733,0.4657,0.6640,2.2927,1.7703,1.5000,1.3930,1.9607,7.3610,-0.4722,3.0000,0.0000,3.0000,0,10.8245,-7.3877,-147.4167,-77.4022,-70.0145,12.0384,-13.3876,18.0383,-148.7660
129.681,2,0,heuristic,27.5046,172.8792,2.2359,-0.4625,0.4431,0.6405,-2.5303,1.7679,1.5000,1.4062,1.9607,7.3387,-0.4680,3.0000,0.0000,3.0000,0,10.8245,54.9151,-58.3855,-1.7352,-56.6503,12.3772,26.6124,40.6799,-19.3960
129.731,2,0,heuristic,27.4849,172.8950,2.2314,-0.4519,0.4205,0.6173,2.2865,1.7657,1.5000,1.4183,1.9607,7.3193,-0.4657,3.0000,0.0000,3.0000,0,10.8245,37.8843,51.4573,44.6708,6.7865,12.7106,-13.3876,63.9825,50.7802
129.781,2,0,heuristic,27.4849,172.8950,2.2290,-0.4519,0.4205,0.6173,2.2782,1.7657,1.5000,1.4183,1.9607,7.3193,-0.4633,3.0000,0.0000,3.0000,0,10.8245,26.8177,137.7821,82.2999,55.4822,12.7106,-48.0000,87.5283,102.4927
129.831,2,0,heuristic,27.4646,172.9110,2.2218,-0.4398,0.3977,0.5930,-2.5307,1.7634,1.5000,1.4311,1.9607,7.2998,-0.4584,3.0000,0.0000,3.0000,0,10.8245,106.1923,209.6761,157.9342,51.7419,13.0612,-8.0000,127.2535,214.7373
129.881,2,0,heuristic,27.4456,172.9260,2.2195,-0.4312,0.3808,0.5753,2.2890,1.7612,1.5000,1.4430,1.9607,7.2814,-0.4583,3.0000,0.0000,3.0000,0,10.8245,182.6870,179.3144,181.0007,-1.6863,13.3162,-48.0000,244.0032,144.6305
129.931,2,0,heuristic,27.4252,172.9429,2.2128,-0.4233,0.3699,0.5622,2.3108,1.7589,1.5000,1.4554,1.9607,7.2609,-0.4539,3.0000,0.0000,3.0000,0,10.8245,99.5021,127.4147,113.4584,13.9563,13.5047,-48.0000,161.0068,92.9194
129.981,2,0,heuristic,27.4053,172.9605,2.2084,-0.4216,0.3690,0.5602,-2.5112,1.7566,1.5000,1.4671,1.9607,7.2400,-0.4517,3.0000,0.0000,3.0000,0,10.8245,53.7298,35.8495,44.7897,-8.9401,13.5327,-8.0000,75.2625,41.3823
130.031,2,0,heuristic,27.4053,172.9605,2.2063,-0.4216,0.3690,0.5602,2.2995,1.7566,1.5000,1.4671,1.9607,7.2400,-0.4497,3.0000,0.0000,3.0000,0,10.8245,133.6060,19.6843,76.6452,-56.9609,13.5327,-48.0000,195.1388,-14.7830
130.081,2,0,heuristic,27.3836,172.9803,2.2025,-0.4206,0.3715,0.5612,2.3033,1.7542,1.5000,1.4796,1.9607,7.2165,-0.4483,3.0000,0.0000,3.0000,0,10.8245,86.9804,9.0781,48.0292,-38.9512,13.5184,-48.0000,148.4988,-25.4035
130.131,2,0,heuristic,27.3629,172.9997,2.1960,-0.4228,0.3781,0.5671,-2.5288,1.7519,1.5000,1.4914,1.9607,7.1936,-0.4442,3.0000,0.0000,3.0000,0,10.8245,76.0718,-100.6018,-12.2650,-88.3368,13.4331,-8.0000,97.5049,-95.1688
130.181,2,0,heuristic,27.3403,173.0209,2.1943,-0.4251,0.3837,0.5726,2.2957,1.7493,1.5000,1.5043,1.9607,7.1688,-0.4451,3.0000,0.0000,3.0000,0,10.8245,143.8527,-170.1235,-13.1354,-156.9881,13.3538,-48.0000,205.2066,-204.7696
130.231,2,0,heuristic,27.3403,173.0209,2.1877,-0.4251,0.3837,0.5726,-2.5360,1.7493,1.5000,1.5043,1.9607,7.1688,-0.4384,3.0000,0.0000,3.0000,0,10.8245,178.3991,-161.7289,8.3351,-170.0640,13.3538,-8.0000,199.7529,-156.3750
130.281,2,0,heuristic,27.3186,173.0407,2.1856,-0.4306,0.3896,0.5807,2.2692,1.7468,1.5000,1.5168,1.9607,7.1454,-0.4388,3.0000,0.0000,3.0000,0,10.8245,175.3569,-120.8937,27.2316,-148.1253,13.2380,-48.0000,236.5949,-155.6557
130.331,2,0,heuristic,27.2949,173.0612,2.1783,-0.4354,0.3906,0.5849,2.2505,1.7440,1.5000,1.5309,1.9607,7.1211,-0.4343,3.0000,0.0000,3.0000,0,10.8245,91.2465,-182.3307,-45.5421,-136.7886,13.1773,-48.0000,152.4238,-217.1533
130.381,2,0,heuristic,27.2721,173.0801,2.1754,-0.4436,0.3912,0.5914,2.2350,1.7413,1.5000,1.5449,1.9607,7.0986,-0.4341,3.0000,0.0000,3.0000,0,10.8245,150.4099,-292.1728,-70.8815,-221.2914,13.0834,-48.0000,211.4933,-327.0895
130.431,2,0,heuristic,27.2475,173.0995,2.1669,-0.4495,0.3874,0.5934,2.2385,1.7384,1.5000,1.5602,1.9607,7.0754,-0.4285,3.0000,0.0000,3.0000,0,10.8245,139.1848,-246.1414,-53.4783,-192.6631,13.0546,-48.0000,200.2394,-281.0868
130.481,2,0,heuristic,27.2245,173.1165,2.1602,-0.4553,0.3810,0.5937,-2.6155,1.7355,1.5000,1.5750,1.9607,7.0548,-0.4246,3.0000,0.0000,3.0000,0,10.8245,197.3262,-201.0019,-1.8379,-199.1641,13.0507,-8.0000,218.3769,-195.9513
130.531,2,0,heuristic,27.2006,173.1331,2.1512,-0.4561,0.3685,0.5863,2.1787,1.7326,1.5000,1.5908,1.9607,7.0346,-0.4186,3.0000,0.0000,3.0000,0,10.8245,92.8047,-310.4763,-108.8358,-201.6405,13.1572,-48.0000,153.9619,-345.3192
130.581,2,0,heuristic,27.1786,173.1476,2.1410,-0.4566,0.3552,0.5785,2.1735,1.7298,1.5000,1.6056,1.9607,7.0167,-0.4112,3.0000,0.0000,3.0000,0,10.8245,100.8124,-386.1955,-142.6915,-243.5039,13.2699,-48.0000,162.0823,-420.9256
130.632,2,0,heuristic,27.1786,173.1476,2.1346,-0.4566,0.3552,0.5785,2.1597,1.7298,1.5000,1.6056,1.9607,7.0167,-0.4048,3.0000,0.0000,3.0000,0,10.8245,66.5301,-338.9286,-136.1992,-202.7293,13.2699,-48.0000,127.8000,-373.6587
130.681,2,0,heuristic,27.1562,173.1611,2.1252,-0.4516,0.3363,0.5631,-2.6850,1.7270,1.5000,1.6213,1.9607,6.9998,-0.3983,3.0000,0.0000,3.0000,0,10.8245,123.9557,-228.9286,-52.4864,-176.4421,13.4920,-8.0000,145.4476,-223.4366
130.731,2,0,heuristic,27.1360,173.1715,2.1130,-0.4452,0.3122,0.5437,-2.7067,1.7243,1.5000,1.6360,1.9607,6.9865,-0.3886,3.0000,0.0000,3.0000,0,10.8245,97.2544,-225.2662,-64.0059,-161.2603,13.7705,32.0000,79.0249,-179.4957
130.781,2,0,heuristic,27.1157,173.1800,2.1023,-0.4344,0.2825,0.5182,2.1052,1.7216,1.5000,1.6515,1.9607,6.9750,-0.3806,3.0000,0.0000,3.0000,0,10.8245,108.6520,-289.7265,-90.5373,-199.1893,14.1381,-8.0000,130.7901,-283.5885
130.831,2,0,heuristic,27.0972,173.1864,2.0899,-0.4245,0.2526,0.4940,2.1008,1.7192,1.5000,1.6662,1.9607,6.9659,-0.3707,3.0000,0.0000,3.0000,0,10.8245,108.6520,-289.7265,-90.5373,-199.1893,14.4867,-46.7230,169.8618,-321.9629
130.881,2,0,heuristic,27.0972,173.1864,2.0803,-0.4245,0.2526,0.4940,2.1130,1.7192,1.5000,1.6662,1.9607,6.9659,-0.3611,3.0000,0.0000,3.0000,0,10.8245,97.5560,-319.4920,-110.9680,-208.5240,14.4867,-46.5537,158.5964,-351.5589
130.931,2,0,heuristic,27.0782,173.1913,2.0672,-0.4126,0.2209,0.4680,2.0835,1.7166,1.5000,1.6819,1.9607,6.9583,-0.3506,3.0000,0.0000,3.0000,0,10.8245,175.6757,-344.1750,-84.2496,-259.9254,14.8608,-45.6261,236.1626,-374.9403
130.981,2,0,heuristic,27.0607,173.1941,2.0529,-0.4032,0.1884,0.4451,-2.7275,1.7141,1.5000,1.6971,1.9607,6.9530,-0.3388,3.0000,0.0000,3.0000,0,10.8245,227.1293,-368.5905,-70.7306,-297.8599,15.1909,-5.6261,247.9463,-359.0257
131.032,2,0,heuristic,27.0423,173.1951,2.0451,-0.3931,0.1548,0.4225,-2.7640,1.7115,1.5000,1.7136,1.9607,6.9494,-0.3335,3.0000,0.0000,3.0000,0,10.8245,308.2166,-269.0327,19.5919,-288.6247,15.5160,34.3739,289.3587,-219.1428
131.081,2,0,heuristic,27.0251,173.1948,2.0323,-0.3864,0.1223,0.4052,2.0433,1.7091,1.5000,1.7297,1.9607,6.9473,-0.3232,3.0000,0.0000,3.0000,0,10.8245,308.2166,-269.0327,19.5919,-288.6247,15.7645,-5.6261,329.6073,-258.8943
131.131,2,0,heuristic,27.0251,173.1948,2.0226,-0.3864,0.1223,0.4052,2.0238,1.7091,1.5000,1.7297,1.9607,6.9473,-0.3135,3.0000,0.0000,3.0000,0,10.8245,374.6279,-291.0878,41.7700,-332.8578,15.7645,-43.1040,433.4964,-318.4272
131.181,2,0,heuristic,27.0066,173.1939,2.0089,-0.3803,0.0944,0.3918,-2.7967,1.7064,1.5000,1.7472,1.9607,6.9457,-0.3025,3.0000,0.0000,3.0000,0,10.8245,392.7879,-262.2348,65.2765,-327.5114,15.9580,-3.1040,411.8498,-249.3808
131.231,2,0,heuristic,26.9886,173.1933,1.9986,-0.3790,0.0733,0.3860,1.9990,1.7038,1.5000,1.7640,1.9607,6.9438,-0.2947,3.0000,0.0000,3.0000,0,10.8245,392.7879,-262.2348,65.2765,-327.5114,16.0415,-41.9076,450.7370,-288.1010
131.281,2,0,heuristic,26.9886,173.1933,1.9839,-0.3790,0.0733,0.3860,-2.8145,1.7038,1.5000,1.7640,1.9607,6.9438,-0.2801,3.0000,0.0000,3.0000,0,10.8245,331.9480,-214.0199,58.9640,-272.9839,16.0415,-1.9076,349.8970,-199.8861
131.332,2,0,heuristic,26.9687,173.1937,1.9650,-0.3797,0.0601,0.3845,1.9785,1.7010,1.5000,1.7823,1.9607,6.9408,-0.2640,3.0000,0.0000,3.0000,0,10.8245,367.0268,-253.6367,56.6951,-310.3318,16.0639,-40.3370,423.4277,-277.9098
131.381,2,0,heuristic,26.9490,173.1952,1.9582,-0.3858,0.0544,0.3897,1.9870,1.6982,1.5000,1.7999,1.9607,6.9368,-0.2600,3.0000,0.0000,3.0000,0,10.8245,395.4847,-255.0720,70.2063,-325.2783,15.9889,-40.3005,451.7741,-279.3835
131.432,2,0,heuristic,26.9271,173.1983,1.9369,-0.3930,0.0553,0.3969,1.9563,1.6951,1.5000,1.8190,1.9607,6.9310,-0.2417,3.0000,0.0000,3.0000,0,10.8245,360.7049,-243.9431,58.3809,-302.3240,15.8850,-39.0429,415.6328,-267.1009
131.481,2,0,heuristic,26.9054,173.2026,1.9198,-0.4050,0.0622,0.4097,-2.8765,1.6921,1.5000,1.8375,1.9607,6.9240,-0.2277,3.0000,0.0000,3.0000,0,10.8245,426.1165,-302.7000,61.7082,-364.4083,15.6999,0.9571,440.8593,-286.0430
131.531,2,0,heuristic,26.9054,173.2026,1.9112,-0.4050,0.0622,0.4097,1.9532,1.6921,1.5000,1.8375,1.9607,6.9240,-0.2191,3.0000,0.0000,3.0000,0,10.8245,431.4544,-251.6069,89.9237,-341.5307,15.6999,-38.0831,485.2374,-273.9902
131.581,2,0,heuristic,26.8811,173.2088,1.8902,-0.4173,0.0737,0.4237,1.9170,1.6887,1.5000,1.8575,1.9607,6.9150,-0.2015,3.0000,0.0000,3.0000,0,10.8245,382.0448,-203.9116,89.0666,-292.9782,15.4983,-36.7599,434.3030,-225.1731
131.631,2,0,heuristic,26.8572,173.2162,1.8753,-0.4336,0.0898,0.4428,1.9245,1.6854,1.5000,1.8769,1.9607,6.9048,-0.1899,3.0000,0.0000,3.0000,0,10.8245,358.1546,-227.4061,65.3743,-292.7804,15.2239,-36.4067,409.7852,-248.5888
131.681,2,0,heuristic,26.8572,173.2162,1.8614,-0.4336,0.0898,0.4428,1.9133,1.6854,1.5000,1.8769,1.9607,6.9048,-0.1760,3.0000,0.0000,3.0000,0,10.8245,346.8930,-177.0282,84.9324,-261.9606,15.2239,-35.6763,397.7933,-197.4805
131.731,2,0,heuristic,26.8308,173.2260,1.8376,-0.4485,0.1092,0.4616,1.8940,1.6818,1.5000,1.8976,1.9607,6.8922,-0.1558,3.0000,0.0000,3.0000,0,10.8245,364.6849,-163.8567,100.4141,-264.2708,14.9532,-34.5369,414.1750,-183.4404
131.781,2,0,heuristic,26.8053,173.2366,1.8281,-0.4650,0.1319,0.4834,1.9053,1.6783,1.5000,1.9171,1.9607,6.8788,-0.1498,3.0000,0.0000,3.0000,0,10.8245,434.0590,-207.7600,113.1495,-320.9095,14.6394,-34.4663,483.1647,-227.5870
131.831,2,0,heuristic,26.8053,173.2366,1.8085,-0.4650,0.1319,0.4834,-2.9158,1.6783,1.5000,1.9171,1.9607,6.8788,-0.1302,3.0000,0.0000,3.0000,0,10.8245,500.8006,-196.3447,152.2279,-348.5726,14.6394,5.5337,509.9063,-176.1716
131.881,2,0,heuristic,26.7778,173.2498,1.7840,-0.4777,0.1562,0.5026,1.8800,1.6745,1.5000,1.9375,1.9607,6.8628,-0.1095,3.0000,0.0000,3.0000,0,10.8245,500.8006,-196.3447,152.2279,-348.5726,14.3632,-32.4418,547.6055,-214.4233
131.931,2,0,heuristic,26.7515,173.2640,1.7752,-0.4915,0.1842,0.5249,1.8880,1.6709,1.5000,1.9564,1.9607,6.8460,-0.1043,3.0000,0.0000,3.0000,0,10.8245,617.9079,-91.7371,263.0854,-354.8225,14.0416,-32.3480,664.2976,-110.0435
131.981,2,0,heuristic,26.7233,173.2814,1.7527,-0.5020,0.2140,0.5457,-2.9312,1.6670,1.5000,1.9760,1.9607,6.8260,-0.0857,3.0000,0.0000,3.0000,0,10.8245,666.9003,-176.3531,245.2736,-421.6267,13.7421,7.6520,672.9904,-154.9590
132.031,2,0,heuristic,26.6961,173.3005,1.7284,-0.5147,0.2509,0.5726,-2.9465,1.6633,1.5000,1.9938,1.9607,6.8044,-0.0651,3.0000,0.0000,3.0000,0,10.8245,688.5903,-182.5556,253.0173,-435.5730,13.3549,47.6520,654.2932,-121.5488
132.081,2,0,heuristic,26.6961,173.3005,1.7116,-0.5147,0.2509,0.5726,-2.9395,1.6633,1.5000,1.9938,1.9607,6.8044,-0.0483,3.0000,0.0000,3.0000,0,10.8245,688.7321,-232.3989,228.1666,-460.5655,13.3549,48.0000,654.0870,-171.0440
132.131,2,0,heuristic,26.6666,173.3244,1.6864,-0.5251,0.2929,0.6012,-2.9573,1.6593,1.5000,2.0120,1.9607,6.7779,-0.0271,3.0000,0.0000,3.0000,0,10.8245,722.2733,-209.5083,256.3825,-465.8908,12.9422,48.0000,687.2156,-148.5661
132.181,2,0,heuristic,26.6383,173.3505,1.6758,-0.5383,0.3427,0.6381,1.8458,1.6555,1.5000,2.0283,1.9607,6.7495,-0.0203,3.0000,0.0000,3.0000,0,10.8245,650.7478,-111.0509,269.8484,-380.8994,12.4118,8.0000,655.1596,-90.6392
132.231,2,0,heuristic,26.6383,173.3505,1.6542,-0.5383,0.3427,0.6381,-2.9795,1.6555,1.5000,2.0283,1.9607,6.7495,0.0012,3.0000,0.0000,3.0000,0,10.8245,650.7478,-111.0509,269.8484,-380.8994,12.4118,48.0000,615.1596,-50.6392
132.282,2,0,heuristic,26.6075,173.3819,1.6321,-0.5490,0.3951,0.6764,1.8417,1.6513,1.5000,2.0448,1.9607,6.7156,0.0192,3.0000,0.0000,3.0000,0,10.8245,472.7189,-34.1632,219.2778,-253.4410,11.8602,8.0000,476.5790,-14.3030
132.331,2,0,heuristic,26.5780,173.4154,1.6155,-0.5620,0.4557,0.7235,1.8217,1.6473,1.5000,2.0594,1.9607,6.6799,0.0318,3.0000,0.0000,3.0000,0,10.8245,463.9519,25.9496,244.9508,-219.0011,11.1812,-25.7921,500.9252,11.3387
132.381,2,0,heuristic,26.5466,173.4550,1.5876,-0.5704,0.5169,0.7698,1.8508,1.6430,1.5000,2.0734,1.9607,6.6381,0.0554,3.0000,0.0000,3.0000,0,10.8245,394.3155,34.4274,214.3715,-179.9441,10.5148,-25.3397,430.1701,19.6025
132.431,2,0,heuristic,26.5172,173.4959,1.5657,-0.5787,0.5838,0.8220,-2.9483,1.6390,1.5000,2.0850,1.9607,6.5952,0.0734,3.0000,0.0000,3.0000,0,10.8245,310.2408,57.9045,184.0726,-126.1682,9.7629,14.6603,305.3434,82.3276
132.481,2,0,heuristic,26.5172,173.4959,1.5490,-0.5787,0.5838,0.8220,-2.9428,1.6390,1.5000,2.0850,1.9607,6.5952,0.0900,3.0000,0.0000,3.0000,0,10.8245,234.7520,19.1122,126.9321,-107.8199,9.7629,48.0000,196.5149,76.8751
132.531,2,0,heuristic,26.4868,173.5429,1.5225,-0.5800,0.6477,0.8694,-2.8958,1.6349,1.5000,2.0953,1.9607,6.5463,0.1124,3.0000,0.0000,3.0000,0,10.8245,234.7520,19.1122,126.9321,-107.8199,9.0800,48.0000,195.8319,76.1921
132.581,2,0,heuristic,26.4593,173.5897,1.5119,-0.5785,0.7133,0.9184,-2.8847,1.6311,1.5000,2.1029,1.9607,6.4979,0.1193,3.0000,0.0000,3.0000,0,10.8245,231.2685,28.2211,129.7448,-101.5237,8.3753,48.0000,191.6439,84.5965
132.632,2,0,heuristic,26.4318,173.6412,1.4818,-0.5685,0.7688,0.9562,-2.8748,1.6274,1.5000,2.1087,1.9607,6.4449,0.1455,3.0000,0.0000,3.0000,0,10.8245,260.2002,85.8388,173.0195,-87.1807,7.8312,48.0000,220.0314,141.6700
132.681,2,0,heuristic,26.4318,173.6412,1.4673,-0.5685,0.7688,0.9562,-2.8367,1.6274,1.5000,2.1087,1.9607,6.4449,0.1601,3.0000,0.0000,3.0000,0,10.8245,236.7892,97.6433,167.2163,-69.5729,7.8312,48.0000,196.6204,153.4745
132.731,2,0,heuristic,26.4075,173.6910,1.4536,-0.5564,0.8224,0.9929,1.9692,1.6240,1.5000,2.1124,1.9607,6.3938,0.1704,3.0000,0.0000,3.0000,0,10.8245,236.7892,97.6433,167.2163,-69.5729,7.3023,8.0000,236.0915,112.9456
132.782,2,0,heuristic,26.3833,173.7450,1.4358,-0.5381,0.8657,1.0193,-2.8058,1.6206,1.5000,2.1142,1.9607,6.3386,0.1849,3.0000,0.0000,3.0000,0,10.8245,167.6989,165.1654,166.4322,-1.2667,6.9219,48.0000,126.6209,220.0874
132.831,2,0,heuristic,26.3618,173.7968,1.4191,-0.5199,0.9085,1.0468,2.0137,1.6176,1.5000,2.1144,1.9607,6.2858,0.1985,3.0000,0.0000,3.0000,0,10.8245,57.9629,222.3540,140.1584,82.1955,6.5266,8.0000,56.4895,236.8805
132.881,2,0,heuristic,26.3618,173.7968,1.4030,-0.5199,0.9085,1.0468,-2.7580,1.6176,1.5000,2.1144,1.9607,6.2858,0.2147,3.0000,0.0000,3.0000,0,10.8245,26.5071,219.6656,123.0864,96.5793,6.5266,48.0000,-14.9663,274.1922
132.931,2,0,heuristic,26.3404,173.8525,1.3881,-0.4982,0.9408,1.0646,2.0915,1.6146,1.5000,2.1130,1.9607,6.2293,0.2265,3.0000,0.0000,3.0000,0,10.8245,65.9111,285.8869,175.8990,109.9879,6.2705,8.0000,64.1816,300.1573
132.981,2,0,heuristic,26.3216,173.9049,1.3740,-0.4769,0.9713,1.0821,-2.6923,1.6120,1.5000,2.1104,1.9607,6.1760,0.2379,3.0000,0.0000,3.0000,0,10.8245,100.8513,237.5757,169.2135,68.3622,6.0180,48.0000,58.8693,291.5938
133.031,2,0,heuristic,26.3031,173.9605,1.3615,-0.4529,0.9909,1.0895,2.1345,1.6093,1.5000,2.1065,1.9607,6.1198,0.2478,3.0000,0.0000,3.0000,0,10.8245,-9.1487,324.9915,157.9214,167.0701,5.9115,8.0000,-11.2371,338.9030
133.081,2,0,heuristic,26.2868,174.0131,1.3497,-0.4301,1.0116,1.0993,-2.6378,1.6070,1.5000,2.1016,1.9607,6.0666,0.2572,3.0000,0.0000,3.0000,0,10.8245,-9.1487,324.9915,157.9214,167.0701,5.7705,48.0000,-51.3782,378.7620
133.132,2,0,heuristic,26.2868,174.0131,1.3407,-0.4301,1.0116,1.0993,-2.6250,1.6070,1.5000,2.1016,1.9607,6.0666,0.2663,3.0000,0.0000,3.0000,0,10.8245,-102.4758,342.1444,119.8343,222.3101,5.7705,48.0000,-144.7053,395.9149
133.181,2,0,heuristic,26.2713,174.0688,1.3336,-0.4039,1.0236,1.1004,2.2290,1.6047,1.5000,2.0948,1.9607,6.0104,0.2711,3.0000,0.0000,3.0000,0,10.8245,-60.3451,370.3427,154.9988,215.3439,5.7541,8.0000,-62.5910,384.0968
133.231,2,0,heuristic,26.2583,174.1212,1.3260,-0.3771,1.0371,1.1035,2.2715,1.6028,1.5000,2.0868,1.9607,5.9577,0.2768,3.0000,0.0000,3.0000,0,10.8245,-81.8308,390.6127,154.3909,236.2217,5.7096,-23.7567,-52.3645,372.5655
133.281,2,0,heuristic,26.2583,174.1212,1.3190,-0.3771,1.0371,1.1035,-2.5318,1.6028,1.5000,2.0868,1.9607,5.9577,0.2838,3.0000,0.0000,3.0000,0,10.8245,-21.2006,297.3958,138.0976,159.2982,5.7096,16.2433,-31.7343,319.3487
133.331,2,0,heuristic,26.2464,174.1765,1.3130,-0.3475,1.0426,1.0990,2.3165,1.6011,1.5000,2.0768,1.9607,5.9019,0.2881,3.0000,0.0000,3.0000,0,10.8245,25.2099,243.9058,134.5578,109.3479,5.7738,-23.7567,54.7405,225.9229
133.381,2,0,heuristic,26.2367,174.2289,1.3107,-0.3182,1.0521,1.0991,2.3245,1.5997,1.5000,2.0658,1.9607,5.8494,0.2891,3.0000,0.0000,3.0000,0,10.8245,-51.0689,303.2936,126.1124,177.1812,5.7727,-24.1952,-21.1010,284.8711
133.431,2,0,heuristic,26.2367,174.2289,1.3063,-0.3182,1.0521,1.0991,-2.4560,1.5997,1.5000,2.0658,1.9607,5.8494,0.2934,3.0000,0.0000,3.0000,0,10.8245,58.8848,212.3868,135.6358,76.7510,5.7727,15.8048,48.8526,233.9642
133.481,2,0,heuristic,26.2278,174.2846,1.3026,-0.2890,1.0559,1.0948,2.3658,1.5985,1.5000,2.0530,1.9607,5.7934,0.2959,3.0000,0.0000,3.0000,0,10.8245,130.4999,137.6871,134.0935,3.5936,5.8352,-24.1952,160.5303,119.3271
133.531,2,0,heuristic,26.2207,174.3372,1.3007,-0.2608,1.0642,1.0956,-2.4240,1.5975,1.5000,2.0395,1.9607,5.7406,0.2968,3.0000,0.0000,3.0000,0,10.8245,130.4999,137.6871,134.0935,3.5936,5.8227,15.8048,120.5178,159.3147
133.581,2,0,heuristic,26.2141,174.3935,1.2989,-0.2337,1.0676,1.0929,2.3598,1.5966,1.5000,2.0242,1.9607,5.6842,0.2977,3.0000,0.0000,3.0000,0,10.8245,113.4177,126.3299,119.8738,6.4561,5.8620,-24.1952,143.4749,107.9967
133.631,2,0,heuristic,26.2088,174.4469,1.2972,-0.2094,1.0766,1.0968,-2.4295,1.5959,1.5000,2.0089,1.9607,5.6307,0.2987,3.0000,0.0000,3.0000,0,10.8245,127.1059,117.8412,122.4736,-4.6323,5.8065,15.8048,117.1076,139.4526
133.682,2,0,heuristic,26.2088,174.4469,1.2961,-0.2094,1.0766,1.0968,2.3665,1.5959,1.5000,2.0089,1.9607,5.6307,0.2998,3.0000,0.0000,3.0000,0,10.8245,190.6558,102.8050,146.7304,-43.9254,5.8065,-24.1952,220.6575,84.4163
133.731,2,0,heuristic,26.2038,174.5038,1.2944,-0.1868,1.0803,1.0963,-2.4260,1.5952,1.5000,1.9918,1.9607,5.5736,0.3008,3.0000,0.0000,3.0000,0,10.8245,244.8296,91.6306,168.2301,-76.5995,5.8130,15.8048,234.8378,113.2484
133.781,2,0,heuristic,26.1996,174.5576,1.2934,-0.1669,1.0885,1.1013,2.3600,1.5947,1.5000,1.9753,1.9607,5.5197,0.3013,3.0000,0.0000,3.0000,0,10.8245,269.0292,54.1030,161.5661,-107.4631,5.7417,-24.1952,298.9661,35.6496
133.831,2,0,heuristic,26.1955,174.6151,1.2920,-0.1493,1.0920,1.1021,-2.4445,1.5942,1.5000,1.9572,1.9607,5.4621,0.3022,3.0000,0.0000,3.0000,0,10.8245,207.0933,66.2133,136.6533,-70.4400,5.7291,15.8048,197.0176,87.7471
133.881,2,0,heuristic,26.1918,174.6698,1.2912,-0.1347,1.1014,1.1096,2.3410,1.5938,1.5000,1.9398,1.9607,5.4074,0.3026,3.0000,0.0000,3.0000,0,10.8245,155.6295,70.9973,113.3134,-42.3161,5.6217,-24.1108,185.3620,52.5083
133.931,2,0,heuristic,26.1880,174.7281,1.2890,-0.1225,1.1051,1.1119,-2.4750,1.5933,1.5000,1.9212,1.9607,5.3491,0.3044,3.0000,0.0000,3.0000,0,10.8245,113.8742,-38.3479,37.7632,-76.1111,5.5887,15.8892,103.5737,-16.8700
133.981,2,0,heuristic,26.1844,174.7827,1.2867,-0.1128,1.1118,1.1175,-2.4773,1.5929,1.5000,1.9037,1.9607,5.2944,0.3062,3.0000,0.0000,3.0000,0,10.8245,125.8465,-18.2142,53.8162,-72.0303,5.5081,48.0000,83.3546,35.2939
134.032,2,0,heuristic,26.1844,174.7827,1.2844,-0.1128,1.1118,1.1175,2.3348,1.5929,1.5000,1.9037,1.9607,5.2944,0.3085,3.0000,0.0000,3.0000,0,10.8245,158.8661,-35.8495,61.5083,-97.3578,5.5081,8.0000,156.3742,-22.3415
134.081,2,0,heuristic,26.1806,174.8396,1.2827,-0.1048,1.1082,1.1132,2.3345,1.5924,1.5000,1.8856,1.9607,5.2374,0.3097,3.0000,0.0000,3.0000,0,10.8245,202.7822,-47.7059,77.5382,-125.2441,5.5703,-23.8008,232.1534,-65.9364
134.131,2,0,heuristic,26.1770,174.8920,1.2807,-0.0990,1.1051,1.1096,-2.4832,1.5919,1.5000,1.8690,1.9607,5.1849,0.3112,3.0000,0.0000,3.0000,0,10.8245,202.7822,-47.7059,77.5382,-125.2441,5.6224,16.1992,192.2054,-25.8844
134.181,2,0,heuristic,26.1730,174.9466,1.2774,-0.0947,1.0940,1.0981,2.3043,1.5914,1.5000,1.8520,1.9607,5.1302,0.3139,3.0000,0.0000,3.0000,0,10.8245,268.8200,-20.5550,124.1325,-144.6875,5.7871,-23.1731,297.7802,-37.9410
134.231,2,0,heuristic,26.1689,174.9973,1.2733,-0.0927,1.0863,1.0902,2.2865,1.5908,1.5000,1.8365,1.9607,5.0795,0.3174,3.0000,0.0000,3.0000,0,10.8245,321.5262,25.9761,173.7512,-147.7751,5.9009,-22.7590,350.1861,9.1180
134.281,2,0,heuristic,26.1689,174.9973,1.2698,-0.0927,1.0863,1.0902,-2.5345,1.5908,1.5000,1.8365,1.9607,5.0795,0.3209,3.0000,0.0000,3.0000,0,10.8245,262.0729,82.9739,172.5234,-89.5495,5.9009,17.2410,250.7328,106.1158
134.331,2,0,heuristic,26.1643,175.0507,1.2666,-0.0919,1.0744,1.0783,-2.5408,1.5901,1.5000,1.8205,1.9607,5.0260,0.3234,3.0000,0.0000,3.0000,0,10.8245,216.8988,190.6679,203.7834,-13.1154,6.0722,48.0000,174.9710,244.7402
134.382,2,0,heuristic,26.1599,175.1014,1.2623,-0.0919,1.0709,1.0749,2.2828,1.5894,1.4926,1.8053,1.9607,4.9752,0.3270,3.0000,0.0000,3.0000,0,10.8245,216.8988,190.6679,203.7834,-13.1154,6.0150,8.0000,214.9138,204.6829
134.431,2,0,heuristic,26.1558,175.1559,1.2563,-0.0891,1.0663,1.0700,2.2767,1.5887,1.4762,1.7883,1.9607,4.9207,0.3324,3.0000,0.0000,3.0000,0,10.8245,198.4729,158.8405,178.6567,-19.8162,5.8491,-22.0800,226.4020,142.6096
134.481,2,0,heuristic,26.1530,175.2081,1.2518,-0.0831,1.0705,1.0737,-2.4962,1.5884,1.4605,1.7711,1.9607,4.8684,0.3366,3.0000,0.0000,3.0000,0,10.8245,260.7518,161.8371,211.2944,-49.4574,5.5706,17.9200,248.4024,185.3277
134.531,2,0,heuristic,26.1530,175.2081,1.2482,-0.0831,1.0705,1.0737,-2.5135,1.5884,1.4605,1.7711,1.9607,4.8684,0.3402,3.0000,0.0000,3.0000,0,10.8245,209.9464,187.5706,198.7585,-11.1879,5.5706,48.0000,167.5170,241.1412
134.581,2,0,heuristic,26.1509,175.2644,1.2426,-0.0744,1.0730,1.0756,-2.4977,1.5881,1.4436,1.7516,1.9607,4.8121,0.3455,3.0000,0.0000,3.0000,0,10.8245,278.9254,177.5115,228.2184,-50.7069,5.2994,48.0000,236.2248,230.8109
134.631,2,0,heuristic,26.1499,175.3186,1.2391,-0.0639,1.0843,1.0861,-2.5208,1.5881,1.4274,1.7320,1.9607,4.7579,0.3490,3.0000,0.0000,3.0000,0,10.8245,300.3957,170.1429,235.2693,-65.1264,4.9137,48.0000,257.3094,223.0566
134.681,2,0,heuristic,26.1499,175.3775,1.2339,-0.0510,1.0941,1.0952,-2.5017,1.5883,1.4097,1.7096,1.9607,4.6990,0.3544,3.0000,0.0000,3.0000,0,10.8245,190.7853,190.7652,190.7753,-0.0101,4.5280,48.0000,147.3133,243.2932
134.731,2,0,heuristic,26.1509,175.4346,1.2296,-0.0367,1.1132,1.1138,2.3050,1.5888,1.3926,1.6870,1.9607,4.6419,0.3591,3.0000,0.0000,3.0000,0,10.8245,115.1619,141.0403,128.1011,12.9392,4.0149,8.0000,111.1768,153.0552
134.781,2,0,heuristic,26.1509,175.4346,1.2258,-0.0367,1.1132,1.1138,-2.4802,1.5888,1.3926,1.6870,1.9607,4.6419,0.3629,3.0000,0.0000,3.0000,0,10.8245,52.7288,143.8270,98.2779,45.5491,4.0149,48.0000,8.7436,195.8418
134.831,2,0,heuristic,26.1529,175.4965,1.2220,-0.0214,1.1286,1.1288,2.3200,1.5895,1.3740,1.6615,1.9607,4.5800,0.3675,3.0000,0.0000,3.0000,0,10.8245,52.7288,143.8270,98.2779,45.5491,3.5309,8.0000,48.2596,155.3578
134.881,2,0,heuristic,26.1556,175.5552,1.2195,-0.0059,1.1475,1.1475,2.3438,1.5903,1.3564,1.6367,1.9607,4.5214,0.3707,3.0000,0.0000,3.0000,0,10.8245,99.6673,216.2774,157.9724,58.3051,3.0084,-21.9327,124.6084,197.3532
134.931,2,0,heuristic,26.1591,175.6173,1.2156,0.0085,1.1566,1.1566,2.3355,1.5913,1.3378,1.6099,1.9607,4.4594,0.3758,3.0000,0.0000,3.0000,0,10.8245,103.5897,257.9042,180.7470,77.1573,2.6096,-21.6390,127.8383,238.8749
134.981,2,0,heuristic,26.1629,175.6756,1.2130,0.0227,1.1685,1.1687,-2.4548,1.5925,1.3203,1.5842,1.9607,4.4012,0.3794,3.0000,0.0000,3.0000,0,10.8245,185.2583,277.5706,231.4144,46.1561,2.1835,18.3610,169.0807,298.1151
135.031,2,0,heuristic,26.1629,175.6756,1.2111,0.0227,1.1685,1.1687,-2.4560,1.5925,1.3203,1.5842,1.9607,4.4012,0.3814,3.0000,0.0000,3.0000,0,10.8245,185.2583,277.5706,231.4144,46.1561,2.1835,48.0000,139.4418,327.7541
135.081,2,0,heuristic,26.1677,175.7377,1.2086,0.0367,1.1735,1.1741,-2.4405,1.5939,1.3018,1.5562,1.9607,4.3392,0.3853,3.0000,0.0000,3.0000,0,10.8245,126.8836,236.8774,181.8805,54.9969,1.8389,48.0000,80.7226,286.7164
135.131,2,0,heuristic,26.1732,175.7966,1.2072,0.0523,1.1842,1.1853,-2.4337,1.5955,1.2841,1.5287,1.9607,4.2805,0.3883,3.0000,0.0000,3.0000,0,10.8245,105.1857,223.7693,164.4775,59.2918,1.4228,48.0000,58.6085,273.1921
135.181,2,0,heuristic,26.1801,175.8592,1.2059,0.0684,1.1882,1.1901,2.3810,1.5975,1.2654,1.4985,1.9607,4.2181,0.3916,3.0000,0.0000,3.0000,0,10.8245,38.6606,151.9362,95.2984,56.6378,1.0838,8.0000,31.7445,161.0201
135.231,2,0,heuristic,26.1874,175.9178,1.2047,0.0850,1.1947,1.1977,2.3992,1.5996,1.2479,1.4695,1.9607,4.1597,0.3949,3.0000,0.0000,3.0000,0,10.8245,-3.5922,93.7780,45.0929,48.6851,0.7230,-22.1812,19.3121,72.3197
135.281,2,0,heuristic,26.1874,175.9178,1.2045,0.0850,1.1947,1.1977,2.4045,1.5996,1.2479,1.4695,1.9607,4.1597,0.3951,3.0000,0.0000,3.0000,0,10.8245,-3.5922,93.7780,45.0929,48.6851,0.7230,-22.2622,19.3931,72.2388
135.331,2,0,heuristic,26.1955,175.9788,1.2042,0.0992,1.1904,1.1945,-2.3920,1.6020,1.2297,1.4388,1.9607,4.0989,0.3978,3.0000,0.0000,3.0000,0,10.8245,-17.9607,89.9938,36.0166,53.9772,0.5061,17.7378,-35.1923,108.2376
135.381,2,0,heuristic,26.2030,176.0348,1.2045,0.1106,1.1854,1.1905,2.4112,1.6043,1.2130,1.4106,1.9607,4.0433,0.3998,3.0000,0.0000,3.0000,0,10.8245,87.2447,34.1230,60.6839,-26.5609,0.3237,-22.2622,109.8307,12.1845
135.431,2,0,heuristic,26.2030,176.0348,1.2046,0.1106,1.1854,1.1905,-2.3902,1.6043,1.2130,1.4106,1.9607,4.0433,0.3997,3.0000,0.0000,3.0000,0,10.8245,115.5382,98.7479,107.1430,-8.3952,0.3237,17.7378,98.1242,116.8094
135.481,2,0,heuristic,26.2106,176.0923,1.2037,0.1177,1.1698,1.1757,-2.3908,1.6067,1.1958,1.3817,1.9607,3.9860,0.4030,3.0000,0.0000,3.0000,0,10.8245,47.4774,102.7384,75.1079,27.6305,0.2017,40.9263,6.7528,143.8665
135.531,2,0,heuristic,26.2173,176.1455,1.2052,0.1220,1.1573,1.1637,-2.3872,1.6089,1.1799,1.3553,1.9607,3.9331,0.4037,3.0000,0.0000,3.0000,0,10.8245,-27.9867,145.9717,58.9925,86.9792,-0.1882,40.8733,-69.0482,186.6568
135.582,2,0,heuristic,26.2173,176.1455,1.2054,0.1220,1.1573,1.1637,2.4217,1.6089,1.1799,1.3553,1.9607,3.9331,0.4035,3.0000,0.0000,3.0000,0,10.8245,-14.0303,207.1868,96.5783,110.6086,-0.1882,0.8733,-15.0917,207.8719
135.631,2,0,heuristic,26.2244,176.2007,1.2074,0.1248,1.1383,1.1451,2.4278,1.6113,1.1635,1.3278,1.9607,3.8782,0.4039,3.0000,0.0000,3.0000,0,10.8245,-14.0303,207.1868,96.5783,110.6086,-0.5026,-15.7781,1.2452,190.9061
135.681,2,0,heuristic,26.2313,176.2515,1.2063,0.1286,1.1220,1.1294,-2.3755,1.6136,1.1483,1.3021,1.9607,3.8278,0.4073,3.0000,0.0000,3.0000,0,10.8245,11.5573,147.1493,79.3533,67.7960,-0.8117,24.2219,-13.4763,170.5595
135.731,2,0,heuristic,26.2388,176.3043,1.2077,0.1318,1.1007,1.1086,2.4438,1.6162,1.1326,1.2751,1.9607,3.7754,0.4084,3.0000,0.0000,3.0000,0,10.8245,11.5573,147.1493,79.3533,67.7960,-1.0691,-15.7781,26.2664,130.3021
135.781,2,0,heuristic,26.2388,176.3043,1.2090,0.1318,1.1007,1.1086,-2.3558,1.6162,1.1326,1.2751,1.9607,3.7754,0.4072,3.0000,0.0000,3.0000,0,10.8245,-11.2817,107.3783,48.0483,59.3300,-1.0691,24.2219,-36.5727,130.5311
135.831,2,0,heuristic,26.2462,176.3531,1.2105,0.1363,1.0841,1.0926,2.4497,1.6188,1.1181,1.2497,1.9607,3.7269,0.4083,3.0000,0.0000,3.0000,0,10.8245,51.0113,139.0446,95.0279,44.0167,-1.3537,-15.7781,65.4357,121.9128
135.882,2,0,heuristic,26.2543,176.4038,1.2128,0.1403,1.0624,1.0716,-2.3142,1.6216,1.1030,1.2229,1.9607,3.6767,0.4088,3.0000,0.0000,3.0000,0,10.8245,45.9646,159.1458,102.5552,56.5906,-1.5846,24.2219,20.1581,181.7831
135.931,2,0,heuristic,26.2620,176.4508,1.2146,0.1445,1.0454,1.0553,2.4523,1.6244,1.0891,1.1979,1.9607,3.6302,0.4098,3.0000,0.0000,3.0000,0,10.8245,32.2540,113.3911,72.8226,40.5686,-1.8433,-15.7781,46.1888,95.7698
135.981,2,0,heuristic,26.2620,176.4508,1.2175,0.1445,1.0454,1.0553,2.4665,1.6244,1.0891,1.1979,1.9607,3.6302,0.4069,3.0000,0.0000,3.0000,0,10.8245,18.8104,73.7527,46.2815,27.4711,-1.8433,-16.3046,33.2717,55.6048
136.031,2,0,heuristic,26.2705,176.4999,1.2176,0.1481,1.0253,1.0359,-2.3430,1.6275,1.0745,1.1714,1.9607,3.5816,0.4099,3.0000,0.0000,3.0000,0,10.8245,94.3869,99.8379,97.1124,2.7255,-2.0806,23.6954,68.6109,121.4526
136.081,2,0,heuristic,26.2786,176.5455,1.2207,0.1521,1.0103,1.0217,-2.3348,1.6305,1.0610,1.1466,1.9607,3.5366,0.4098,3.0000,0.0000,3.0000,0,10.8245,142.6861,105.5446,124.1154,-18.5708,-2.3545,40.1750,100.1566,143.3651
136.131,2,0,heuristic,26.2872,176.5933,1.2227,0.1549,0.9920,1.0040,-2.3353,1.6338,1.0468,1.1205,1.9607,3.4894,0.4111,3.0000,0.0000,3.0000,0,10.8245,73.6689,70.6718,72.1704,-1.4985,-2.6003,40.1862,30.8824,108.2578
136.181,2,0,heuristic,26.2955,176.6381,1.2270,0.1584,0.9805,0.9932,-2.3390,1.6370,1.0336,1.0957,1.9607,3.4452,0.4101,3.0000,0.0000,3.0000,0,10.8245,44.7664,118.5755,81.6709,36.9046,-2.9144,40.1703,1.6816,155.8314
136.231,2,0,heuristic,26.2955,176.6381,1.2283,0.1584,0.9805,0.9932,2.4383,1.6370,1.0336,1.0957,1.9607,3.4452,0.4088,3.0000,0.0000,3.0000,0,10.8245,36.3876,86.5807,61.4841,25.0965,-2.9144,0.1703,33.3028,83.8366
136.281,2,0,heuristic,26.3045,176.6853,1.2328,0.1614,0.9659,0.9793,2.4600,1.6406,1.0196,1.0695,1.9607,3.3987,0.4078,3.0000,0.0000,3.0000,0,10.8245,79.1279,33.6731,56.4005,-22.7274,-3.2068,-16.3604,92.2815,14.1058
136.331,2,0,heuristic,26.3130,176.7293,1.2335,0.1644,0.9558,0.9699,2.4510,1.6440,1.0066,1.0449,1.9607,3.3555,0.4105,3.0000,0.0000,3.0000,0,10.8245,13.7443,0.4217,7.0830,-6.6613,-3.5307,-16.2113,26.4249,-19.3202
136.382,2,0,heuristic,26.3130,176.7293,1.2364,0.1644,0.9558,0.9699,-2.3510,1.6440,1.0066,1.0449,1.9607,3.3555,0.4077,3.0000,0.0000,3.0000,0,10.8245,22.1055,78.0617,50.0836,27.9781,-3.5307,23.7887,-5.2139,98.3197
136.431,2,0,heuristic,26.3217,176.7751,1.2388,0.1651,0.9409,0.9553,2.4455,1.6477,0.9931,1.0194,1.9607,3.3105,0.4089,3.0000,0.0000,3.0000,0,10.8245,-1.9605,115.2260,56.6327,58.5933,-3.7988,-16.2113,10.4519,95.2159
136.481,2,0,heuristic,26.3295,176.8172,1.2402,0.1646,0.9281,0.9426,2.4365,1.6510,0.9807,0.9962,1.9607,3.2691,0.4108,3.0000,0.0000,3.0000,0,10.8245,-73.7546,69.1114,-2.3216,71.4330,-4.0552,-16.0922,-61.7176,48.9639
136.531,2,0,heuristic,26.3374,176.8609,1.2431,0.1621,0.9107,0.9250,-2.3620,1.6546,0.9678,0.9723,1.9607,3.2262,0.4114,3.0000,0.0000,3.0000,0,10.8245,-57.1086,125.3907,34.1411,91.2496,-4.2582,23.9078,-85.2746,145.0403
136.581,2,0,heuristic,26.3448,176.9009,1.2463,0.1606,0.8952,0.9094,-2.3413,1.6579,0.9561,0.9502,1.9607,3.1870,0.4116,3.0000,0.0000,3.0000,0,10.8245,-57.1086,125.3907,34.1411,91.2496,-4.4506,40.0573,-101.6165,160.9975
136.631,2,0,heuristic,26.3448,176.9009,1.2488,0.1606,0.8952,0.9094,2.4758,1.6579,0.9561,0.9502,1.9607,3.1870,0.4092,3.0000,0.0000,3.0000,0,10.8245,9.6651,180.1775,94.9213,85.2562,-4.4506,0.0573,5.1572,175.7842
136.681,2,0,heuristic,26.3527,176.9419,1.2517,0.1589,0.8738,0.8881,-2.3188,1.6616,0.9440,0.9273,1.9607,3.1468,0.4099,3.0000,0.0000,3.0000,0,10.8245,-59.1374,133.5098,37.1862,96.3236,-4.5694,39.7162,-103.4231,168.6566
136.732,2,0,heuristic,26.3603,176.9794,1.2539,0.1588,0.8555,0.8701,-2.3127,1.6651,0.9330,0.9060,1.9607,3.1101,0.4112,3.0000,0.0000,3.0000,0,10.8245,-80.8172,65.7101,-7.5536,73.2636,-4.6995,39.6558,-125.1726,100.6663
136.781,2,0,heuristic,26.3688,177.0183,1.2582,0.1595,0.8336,0.8488,-2.3035,1.6690,0.9217,0.8835,1.9607,3.0723,0.4108,3.0000,0.0000,3.0000,0,10.8245,-71.8618,39.9621,-15.9499,55.9119,-4.7940,39.5064,-116.1622,74.6744
136.831,2,0,heuristic,26.3769,177.0535,1.2618,0.1614,0.8139,0.8298,2.5245,1.6728,0.9114,0.8626,1.9607,3.0380,0.4110,3.0000,0.0000,3.0000,0,10.8245,-98.4099,47.8712,-25.2694,73.1405,-4.8846,-0.4936,-102.8009,42.4929
136.881,2,0,heuristic,26.3769,177.0535,1.2640,0.1614,0.8139,0.8298,2.4777,1.6728,0.9114,0.8626,1.9607,3.0380,0.4088,3.0000,0.0000,3.0000,0,10.8245,9.0492,76.8428,42.9460,33.8968,-4.8846,-16.8024,20.9671,55.1558
136.931,2,0,heuristic,26.3855,177.0893,1.2692,0.1621,0.7886,0.8050,-2.2938,1.6769,0.9010,0.8411,1.9607,3.0034,0.4077,3.0000,0.0000,3.0000,0,10.8245,21.5470,85.9204,53.7337,32.1867,-4.8966,23.1976,-6.5471,104.2214
136.981,2,0,heuristic,26.3932,177.1216,1.2726,0.1618,0.7655,0.7824,2.5175,1.6806,0.0000,0.8216,1.9607,2.9721,0.4080,3.0000,0.0000,3.0000,0,10.8245,-47.3144,60.6763,6.6809,53.9953,-17.7431,-16.8024,-48.2550,26.1307
137.032,2,0,heuristic,26.4012,177.1551,1.2781,0.1603,0.7412,0.7583,-2.2938,1.6846,0.0000,0.8015,1.9607,2.9397,0.4065,3.0000,0.0013,3.0000,0,10.8245,0.0000,0.0000,0.0000,0.0000,-17.6001,23.1976,-40.7977,5.5974
137.081,2,0,heuristic,26.4086,177.1857,1.2839,0.1593,0.7205,0.7379,-2.2778,1.6883,0.0000,0.7830,1.9607,2.9101,0.4044,3.0000,0.0013,3.0000,0,10.8245,0.0000,0.0000,0.0000,0.0000,-17.4919,38.8981,-56.3900,21.4062
137.131,2,0,heuristic,26.4086,177.1857,1.2860,0.1593,0.7205,0.7379,-2.2993,1.6883,0.0000,0.7830,1.9607,2.9101,0.4023,3.0000,0.1001,3.0000,0,10.8245,0.0000,0.0000,0.0000,0.0000,-17.4919,39.0933,-56.5852,21.6015
137.182,2,0,heuristic,26.4162,177.2169,1.2918,0.1565,0.6965,0.7139,2.4912,1.6922,0.0000,0.7641,1.9607,2.8800,0.4004,3.0000,0.1001,3.0000,0,10.8245,0.0000,0.0000,0.0000,0.0000,-17.3354,-0.9067,-16.4287,-18.2420
137.231,2,0,heuristic,26.4230,177.2452,1.2961,0.1535,0.6752,0.6924,-2.3165,1.6957,0.0000,0.7471,1.9607,2.8528,0.3996,3.0000,0.1997,3.0000,0,10.8245,0.0000,0.0000,0.0000,0.0000,-17.1977,39.0933,-56.2911,21.8956
137.281,2,0,heuristic,26.4230,177.2452,1.2995,0.1535,0.6752,0.6924,2.4760,1.6957,0.0000,0.7471,1.9607,2.8528,0.3962,3.0000,0.1997,3.0000,0,10.8245,0.0000,0.0000,0.0000,0.0000,-17.1977,-0.9067,-16.2911,-18.1044
137.331,2,0,heuristic,26.4359,177.3002,1.3057,0.1447,0.6299,0.6463,2.4823,1.7028,0.0000,0.7142,1.9607,2.7999,0.3970,3.0000,0.2997,3.0000,0,10.8245,0.0000,0.0000,0.0000,0.0000,-16.8681,-17.3706,0.5025,-34.2387
137.381,2,0,heuristic,26.4359,177.3002,1.3090,0.1447,0.6299,0.6463,2.4885,1.7028,0.0000,0.7142,1.9607,2.7999,0.3938,3.0000,0.2997,3.0000,0,10.8245,0.0000,0.0000,0.0000,0.0000,-16.8681,-17.5329,0.6648,-34.4010
137.431,2,0,heuristic,26.4421,177.3269,1.3138,0.1393,0.6065,0.6223,2.4808,1.7062,0.0000,0.6984,1.9607,2.7743,0.3924,3.0000,0.4000,3.0000,0,10.8245,0.0000,0.0000,0.0000,0.0000,-16.6836,-17.4994,0.8158,-34.1830
137.482,2,0,heuristic,26.4475,177.3511,1.3168,0.1340,0.5860,0.6011,2.4773,1.7094,0.0000,0.6842,1.9607,2.7510,0.3926,3.0000,0.4000,3.0000,0,10.8245,0.0000,0.0000,0.0000,0.0000,-16.5241,-17.4728,0.9487,-33.9968
137.531,2,0,heuristic,26.4528,177.3757,1.3210,0.1278,0.5634,0.5777,2.4545,1.7125,0.0000,0.6699,1.9607,2.7274,0.3915,3.0000,0.4998,3.0000,0,10.8245,0.0000,0.0000,0.0000,0.0000,-16.3365,-17.2536,0.9171,-33.5901
137.582,2,0,heuristic,26.4576,177.3980,1.3244,0.1219,0.5435,0.5570,-2.3355,1.7154,0.0000,0.6570,1.9607,2.7061,0.3910,3.0000,0.4998,3.0000,0,10.8245,0.0000,0.0000,0.0000,0.0000,-16.1725,22.7464,-38.9189,6.5739
137.631,2,0,heuristic,26.4576,177.3980,1.3273,0.1219,0.5435,0.5570,2.4450,1.7154,0.0000,0.6570,1.9607,2.7061,0.3881,3.0000,0.5999,3.0000,0,10.8245,0.0000,0.0000,0.0000,0.0000,-16.1725,-17.2524,1.0799,-33.4249
137.681,2,0,heuristic,26.4623,177.4206,1.3321,0.1156,0.5217,0.5344,2.4527,1.7184,0.0000,0.6441,1.9607,2.6844,0.3862,3.0000,0.5999,3.0000,0,10.8245,0.0000,0.0000,0.0000,0.0000,-15.9833,-17.4118,1.4285,-33.3950
137.731,2,0,heuristic,26.4664,177.4410,1.3324,0.1099,0.5024,0.5142,-2.3367,1.7211,0.0000,0.6325,1.9607,2.6648,0.3887,3.0000,0.6999,3.0000,0,10.8245,0.0000,0.0000,0.0000,0.0000,-15.8164,22.5882,-38.4047,6.7718
137.781,2,0,heuristic,26.4706,177.4616,1.3366,0.1038,0.4814,0.4925,-2.3405,1.7238,0.0000,0.6208,1.9607,2.6450,0.3872,3.0000,0.6999,3.0000,0,10.8245,0.0000,0.0000,0.0000,0.0000,-15.6282,38.9511,-54.5793,23.3229
137.832,2,0,heuristic,26.4742,177.4803,1.3372,0.0980,0.4629,0.4732,-2.3370,1.7262,0.0000,0.6104,1.9607,2.6271,0.3890,3.0000,0.7998,3.0000,0,10.8245,0.0000,0.0000,0.0000,0.0000,-15.4631,38.9449,-54.4080,23.4817
137.881,2,0,heuristic,26.4777,177.4992,1.3412,0.0922,0.4432,0.4526,-2.3545,1.7287,0.0000,0.5999,1.9607,2.6090,0.3875,3.0000,0.7998,3.0000,0,10.8245,0.0000,0.0000,0.0000,0.0000,-15.2814,39.0962,-54.3776,23.8149
137.931,2,0,heuristic,26.4810,177.5163,1.3436,0.0873,0.4257,0.4345,2.4343,1.7310,0.0000,0.5904,1.9607,2.5926,0.3873,3.0000,0.9004,3.0000,0,10.8245,0.0000,0.0000,0.0000,0.0000,-15.1234,-0.9038,-14.2196,-16.0272
137.981,2,0,heuristic,26.4810,177.5163,1.3458,0.0873,0.4257,0.4345,-2.3445,1.7310,0.0000,0.5904,1.9607,2.5926,0.3852,3.0000,0.9004,3.0000,0,10.8245,0.0000,0.0000,0.0000,0.0000,-15.1234,38.9038,-54.0272,23.7804
138.032,2,0,heuristic,26.4844,177.5336,1.3482,0.0829,0.4071,0.4155,2.4398,1.7333,0.0000,0.5807,1.9607,2.5761,0.3851,3.0000,0.9999,3.0000,0,10.8245,0.0000,0.0000,0.0000,0.0000,-14.9531,-1.0962,-13.8569,-16.0493
138.081,2,0,heuristic,26.4875,177.5493,1.3503,0.0792,0.3909,0.3988,-2.3603,1.7355,0.0000,0.5719,1.9607,2.5612,0.3852,3.0000,0.9999,3.0000,0,10.8245,0.0000,0.0000,0.0000,0.0000,-14.8077,38.9038,-53.7115,24.0960
138.131,2,0,heuristic,26.4907,177.5652,1.3533,0.0756,0.3739,0.3815,2.4413,1.7378,0.0000,0.5629,1.9607,2.5460,0.3845,3.0000,1.1001,3.0000,0,10.8245,0.0000,0.0000,0.0000,0.0000,-14.6535,-1.0962,-13.5573,-15.7497
138.182,2,0,heuristic,26.4935,177.5796,1.3548,0.0724,0.3592,0.3665,-2.3382,1.7398,0.0000,0.5547,1.9607,2.5323,0.3850,3.0000,1.1001,3.0000,0,10.8245,0.0000,0.0000,0.0000,0.0000,-14.5237,38.7764,-53.3001,24.2527
138.231,2,0,heuristic,26.4965,177.5943,1.3578,0.0694,0.3439,0.3508,2.4285,1.7420,0.0000,0.5464,1.9607,2.5183,0.3842,3.0000,1.2001,3.0000,0,10.8245,0.0000,0.0000,0.0000,0.0000,-14.3861,-1.2236,-13.1625,-15.6096
138.282,2,0,heuristic,26.4992,177.6076,1.3603,0.0667,0.3305,0.3372,2.4450,1.7439,0.0000,0.5389,1.9607,2.5056,0.3836,3.0000,1.2001,3.0000,0,10.8245,0.0000,0.0000,0.0000,0.0000,-14.2703,-17.5346,3.2643,-31.8049
138.331,2,0,heuristic,26.4992,177.6076,1.3616,0.0667,0.3305,0.3372,2.4335,1.7439,0.0000,0.5389,1.9607,2.5056,0.3824,3.0000,1.3002,3.0000,0,10.8245,0.0000,0.0000,0.0000,0.0000,-14.2703,-17.4333,3.1630,-31.7036
138.381,2,0,heuristic,26.5019,177.6211,1.3636,0.0639,0.3166,0.3229,-2.3468,1.7460,0.0000,0.5312,1.9607,2.4928,0.3824,3.0000,1.3002,3.0000,0,10.8245,0.0000,0.0000,0.0000,0.0000,-14.1459,22.5667,-36.7126,8.4208
138.432,2,0,heuristic,26.5043,177.6334,1.3658,0.0609,0.3044,0.3105,2.4263,1.7478,0.0000,0.5243,1.9607,2.4811,0.3820,3.0000,1.3997,3.0000,0,10.8245,0.0000,0.0000,0.0000,0.0000,-14.0399,-17.3776,3.3377,-31.4175
138.481,2,0,heuristic,26.5043,177.6334,1.3675,0.0609,0.3044,0.3105,-2.3628,1.7478,0.0000,0.5243,1.9607,2.4811,0.3802,3.0000,1.3997,3.0000,0,10.8245,0.0000,0.0000,0.0000,0.0000,-14.0399,22.6224,-36.6623,8.5825
138.531,2,0,heuristic,26.5066,177.6459,1.3695,0.0577,0.2916,0.2972,2.4285,1.7496,0.0000,0.5174,1.9607,2.4692,0.3800,3.0000,1.5000,3.0000,0,10.8245,0.0000,0.0000,0.0000,0.0000,-13.9237,-17.3776,3.4539,-31.3013
138.581,2,0,heuristic,26.5086,177.6572,1.3711,0.0546,0.2802,0.2855,-2.3638,1.7512,0.0000,0.5113,1.9607,2.4585,0.3801,3.0000,1.5000,3.0000,0,10.8245,0.0000,0.0000,0.0000,0.0000,-13.8221,22.6224,-36.4444,8.8003
138.631,2,0,heuristic,26.5107,177.6686,1.3734,0.0515,0.2680,0.2729,2.4170,1.7529,0.0000,0.5051,1.9607,2.4476,0.3795,3.0000,1.6001,3.0000,0,10.8245,0.0000,0.0000,0.0000,0.0000,-13.7093,-17.3635,3.6542,-31.0728
138.682,2,0,heuristic,26.5124,177.6788,1.3744,0.0485,0.2571,0.2616,-2.3588,1.7543,0.0000,0.4995,1.9607,2.4379,0.3799,3.0000,1.6001,3.0000,0,10.8245,0.0000,0.0000,0.0000,0.0000,-13.6087,22.6365,-36.2452,9.0278
138.732,2,0,heuristic,26.5124,177.6788,1.3761,0.0485,0.2571,0.2616,2.4015,1.7543,0.0000,0.4995,1.9607,2.4379,0.3783,3.0000,1.7004,3.0000,0,10.8245,0.0000,0.0000,0.0000,0.0000,-13.6087,-17.2224,3.6137,-30.8312
138.781,2,0,heuristic,26.5141,177.6892,1.3777,0.0453,0.2455,0.2496,-2.3570,1.7558,0.0000,0.4940,1.9607,2.4280,0.3781,3.0000,1.7004,3.0000,0,10.8245,0.0000,0.0000,0.0000,0.0000,-13.4978,22.7776,-36.2754,9.2798
138.831,2,0,heuristic,26.5156,177.6984,1.3792,0.0425,0.2350,0.2388,2.4217,1.7571,0.0000,0.4891,1.9607,2.4192,0.3779,3.0000,1.8000,3.0000,0,10.8245,0.0000,0.0000,0.0000,0.0000,-13.3982,-17.2224,3.8242,-30.6207
138.881,2,0,heuristic,26.5171,177.7078,1.3807,0.0396,0.2239,0.2274,2.4110,1.7584,0.0000,0.4842,1.9607,2.4103,0.3777,3.0000,1.8000,3.0000,0,10.8245,0.0000,0.0000,0.0000,0.0000,-13.2902,-17.3693,4.0792,-30.6595
138.931,2,0,heuristic,26.5184,177.7162,1.3821,0.0370,0.2140,0.2172,-2.3770,1.7596,0.0000,0.4799,1.9607,2.4023,0.3775,3.0000,1.8997,3.0000,0,10.8245,0.0000,0.0000,0.0000,0.0000,-13.1936,22.6307,-35.8243,9.4371
138.981,2,0,heuristic,26.5196,177.7246,1.3831,0.0342,0.2037,0.2066,2.3893,1.7607,0.0000,0.4755,1.9607,2.3942,0.3777,3.0000,1.8997,3.0000,0,10.8245,0.0000,0.0000,0.0000,0.0000,-13.0910,-17.1268,4.0359,-30.2178
139.031,2,0,heuristic,26.5206,177.7322,1.3843,0.0316,0.1945,0.1971,-2.3740,1.7618,0.0000,0.4717,1.9607,2.3870,0.3775,3.0000,1.9996,3.0000,0,10.8245,0.0000,0.0000,0.0000,0.0000,-13.0002,22.8732,-35.8733,9.8730
139.081,2,0,heuristic,26.5206,177.7322,1.3852,0.0316,0.1945,0.1971,2.4000,1.7618,0.0000,0.4717,1.9607,2.3870,0.3766,3.0000,1.9996,3.0000,0,10.8245,0.0000,0.0000,0.0000,0.0000,-13.0002,-17.1268,4.1267,-30.1270
139.131,2,0,heuristic,26.5216,177.7398,1.3877,0.0291,0.1850,0.1873,2.4007,1.7628,0.0000,0.4679,1.9607,2.3797,0.3751,3.0000,2.0995,3.0000,0,10.8245,0.0000,0.0000,0.0000,0.0000,-12.9048,-17.3421,4.4373,-30.2468
139.181,2,0,heuristic,26.5224,177.7467,1.3862,0.0269,0.1765,0.1786,-2.3613,1.7637,0.0000,0.4645,1.9607,2.3731,0.3775,3.0000,2.0995,3.0000,0,10.8245,0.0000,0.0000,0.0000,0.0000,-12.8205,22.6579,-35.4784,9.8375
139.231,2,0,heuristic,26.5233,177.7536,1.3884,0.0247,0.1677,0.1695,-2.3615,1.7646,0.0000,0.4611,1.9607,2.3665,0.3762,3.0000,2.1996,3.0000,0,10.8245,0.0000,0.0000,0.0000,0.0000,-12.7324,38.6821,-51.4145,25.9496
139.281,2,0,heuristic,26.5239,177.7597,1.3894,0.0225,0.1600,0.1615,2.3872,1.7654,0.0000,0.4581,1.9607,2.3606,0.3760,3.0000,2.1996,3.0000,0,10.8245,0.0000,0.0000,0.0000,0.0000,-12.6545,-1.3179,-11.3366,-13.9725
139.331,2,0,heuristic,26.5246,177.7659,1.3900,0.0207,0.1518,0.1532,-2.3705,1.7662,0.0000,0.4551,1.9607,2.3546,0.3761,3.0000,2.2996,3.0000,0,10.8245,0.0000,0.0000,0.0000,0.0000,-12.5723,38.6821,-51.2544,26.1098
139.382,2,0,heuristic,26.5253,177.7715,1.3910,0.0195,0.1444,0.1457,2.4025,1.7669,0.0000,0.4524,1.9607,2.3494,0.3759,3.0000,2.2996,3.0000,0,10.8245,0.0000,0.0000,0.0000,0.0000,-12.4976,-1.3179,-11.1796,-13.8155
139.432,2,0,heuristic,26.5260,177.7770,1.3920,0.0184,0.1367,0.1379,-2.3665,1.7677,0.0000,0.4496,1.9607,2.3441,0.3757,3.0000,2.3999,3.0000,0,10.8245,0.0000,0.0000,0.0000,0.0000,-12.4183,38.6821,-51.1004,26.2637
139.481,2,0,heuristic,26.5260,177.7770,1.3931,0.0184,0.1367,0.1379,2.4028,1.7677,0.0000,0.4496,1.9607,2.3441,0.3746,3.0000,2.3999,3.0000,0,10.8245,0.0000,0.0000,0.0000,0.0000,-12.4183,-1.3179,-11.1004,-13.7363
139.532,2,0,heuristic,26.5267,177.7818,1.3947,0.0176,0.1296,0.1308,2.3930,1.7684,0.0000,0.4471,1.9607,2.3395,0.3737,3.0000,2.4995,3.0000,0,10.8245,0.0000,0.0000,0.0000,0.0000,-12.3451,-17.3183,4.9732,-29.6634
139.582,2,0,heuristic,26.5274,177.7866,1.3948,0.0167,0.1223,0.1234,2.3818,1.7691,0.0000,0.4447,1.9607,2.3349,0.3743,3.0000,2.4995,3.0000,0,10.8245,0.0000,0.0000,0.0000,0.0000,-12.2672,-17.1729,4.9057,-29.4401
139.631,2,0,heuristic,26.5279,177.7909,1.3955,0.0152,0.1156,0.1166,-2.3552,1.7696,0.0000,0.4426,1.9607,2.3308,0.3741,3.0000,2.5999,3.0000,0,10.8245,0.0000,0.0000,0.0000,0.0000,-12.1950,22.8271,-35.0221,10.6322
139.681,2,0,heuristic,26.5279,177.7909,1.3951,0.0152,0.1156,0.1166,-2.3742,1.7696,0.0000,0.4426,1.9607,2.3308,0.3745,3.0000,2.5999,3.0000,0,10.8245,0.0000,0.0000,0.0000,0.0000,-12.1950,38.7616,-50.9566,26.5667
139.731,2,0,heuristic,26.5282,177.7951,1.3972,0.0136,0.1087,0.1095,-2.3600,1.7701,0.0000,0.4407,1.9607,2.3267,0.3729,3.0000,2.6997,3.0000,0,10.8245,0.0000,0.0000,0.0000,0.0000,-12.1185,38.5462,-50.6647,26.4278
139.781,2,0,heuristic,26.5286,177.7988,1.3977,0.0123,0.1022,0.1029,2.3893,1.7706,0.0000,0.4390,1.9607,2.3232,0.3729,3.0000,2.6997,3.0000,0,10.8245,0.0000,0.0000,0.0000,0.0000,-12.0459,-1.4538,-10.5921,-13.4997
139.831,2,0,heuristic,26.5290,177.8023,1.4001,0.0116,0.0954,0.0961,2.4030,1.7711,0.0000,0.4372,1.9607,2.3198,0.3710,3.0000,2.7999,3.0000,0,10.8245,0.0000,0.0000,0.0000,0.0000,-11.9686,-17.5226,5.5539,-29.4912
139.881,2,0,heuristic,26.5296,177.8054,1.4002,0.0115,0.0889,0.0897,2.3818,1.7716,0.0000,0.4356,1.9607,2.3169,0.3714,3.0000,2.7999,3.0000,0,10.8245,0.0000,0.0000,0.0000,0.0000,-11.8948,-17.2640,5.3692,-29.1589
139.931,2,0,heuristic,26.5296,177.8054,1.4006,0.0115,0.0889,0.0897,-2.3588,1.7716,0.0000,0.4356,1.9607,2.3169,0.3710,3.0000,2.8995,3.0000,0,10.8245,0.0000,0.0000,0.0000,0.0000,-11.8948,22.7360,-34.6308,10.8411
139.981,2,0,heuristic,26.5300,177.8083,1.4014,0.0109,0.0825,0.0832,2.3838,1.7720,0.0000,0.4341,1.9607,2.3141,0.3706,3.0000,2.8995,3.0000,0,10.8245,0.0000,0.0000,0.0000,0.0000,-11.8190,-17.2640,5.4450,-29.0830
140.031,2,0,heuristic,26.5303,177.8108,1.4024,0.0100,0.0765,0.0772,-2.3580,1.7724,0.0000,0.4328,1.9607,2.3117,0.3699,3.0000,2.9998,3.0000,0,10.8245,0.0000,0.0000,0.0000,0.0000,-11.7476,22.7360,-34.4835,10.9884
140.081,2,0,heuristic,26.5303,177.8108,1.4032,0.0100,0.0765,0.0772,2.3878,1.7724,0.0000,0.4328,1.9607,2.3117,0.3692,3.0000,2.9998,3.0000,0,10.8245,0.0000,0.0000,0.0000,0.0000,-11.7476,-17.2640,5.5165,-29.0116
140.131,2,0,done,26.5306,177.8133,1.4055,0.0090,0.0705,0.0711,2.3918,1.4055,0.0000,0.0000,0.0000,0.0000,0.0000,3.0000,0.0000,3.0000,1,10.8245,0.0000,0.0000,0.0000,0.0000,0.0000,0.0000,0.0000,0.0000
140.182,2,0,done,26.5308,177.8153,1.4046,0.0080,0.0650,0.0655,-2.3595,1.4046,0.0000,0.0000,0.0000,0.0000,0.0000,3.0000,0.0000,3.0000,1,10.8245,0.0000,0.0000,0.0000,0.0000,0.0000,0.0000,0.0000,0.0000
140.231,2,0,done,26.5309,177.8173,1.4058,0.0068,0.0598,0.0602,-2.3565,1.4058,0.0000,0.0000,0.0000,0.0000,0.0000,3.0000,0.0000,3.0000,1,10.8245,0.0000,0.0000,0.0000,0.0000,0.0000,0.0000,0.0000,0.0000
140.281,2,0,done,26.5309,177.8192,1.4064,0.0057,0.0555,0.0558,2.3955,1.4064,0.0000,0.0000,0.0000,0.0000,0.0000,3.0000,0.0000,3.0000,1,10.8245,0.0000,0.0000,0.0000,0.0000,0.0000,0.0000,0.0000,0.0000
140.331,2,0,done,26.5309,177.8192,1.4069,0.0057,0.0555,0.0558,2.3780,1.4069,0.0000,0.0000,0.0000,0.0000,0.0000,3.0000,0.0000,3.0000,1,10.8245,0.0000,0.0000,0.0000,0.0000,0.0000,0.0000,0.0000,0.0000
140.382,2,0,done,26.5310,177.8211,1.4075,0.0049,0.0517,0.0520,-2.3472,1.4075,0.0000,0.0000,0.0000,0.0000,0.0000,3.0000,0.0000,3.0000,1,10.8245,0.0000,0.0000,0.0000,0.0000,0.0000,0.0000,0.0000,0.0000
140.431,2,0,done,26.5311,177.8228,1.4083,0.0042,0.0487,0.0489,2.3763,1.4083,0.0000,0.0000,0.0000,0.0000,0.0000,3.0000,0.0000,3.0000,1,10.8245,0.0000,0.0000,0.0000,0.0000,0.0000,0.0000,0.0000,0.0000
140.482,2,0,done,26.5311,177.8228,1.4088,0.0042,0.0487,0.0489,-2.3512,1.4088,0.0000,0.0000,0.0000,0.0000,0.0000,3.0000,0.0000,3.0000,1,10.8245,0.0000,0.0000,0.0000,0.0000,0.0000,0.0000,0.0000,0.0000
140.531,2,0,done,26.5312,177.8247,1.4096,0.0038,0.0460,0.0461,2.3952,1.4096,0.0000,0.0000,0.0000,0.0000,0.0000,3.0000,0.0000,3.0000,1,10.8245,0.0000,0.0000,0.0000,0.0000,0.0000,0.0000,0.0000,0.0000
140.581,2,0,done,26.5313,177.8264,1.4112,0.0035,0.0439,0.0440,2.3765,1.4112,0.0000,0.0000,0.0000,0.0000,0.0000,3.0000,0.0000,3.0000,1,10.8245,0.0000,0.0000,0.0000,0.0000,0.0000,0.0000,0.0000,0.0000
140.631,2,0,done,26.5314,177.8282,1.4108,0.0033,0.0421,0.0422,2.3803,1.4108,0.0000,0.0000,0.0000,0.0000,0.0000,3.0000,0.0000,3.0000,1,10.8245,0.0000,0.0000,0.0000,0.0000,0.0000,0.0000,0.0000,0.0000
140.681,2,0,done,26.5315,177.8299,1.4111,0.0029,0.0407,0.0408,-2.3735,1.4111,0.0000,0.0000,0.0000,0.0000,0.0000,3.0000,0.0000,3.0000,1,10.8245,0.0000,0.0000,0.0000,0.0000,0.0000,0.0000,0.0000,0.0000
140.731,2,0,done,26.5315,177.8299,1.4114,0.0029,0.0407,0.0408,2.3750,1.4114,0.0000,0.0000,0.0000,0.0000,0.0000,3.0000,0.0000,3.0000,1,10.8245,0.0000,0.0000,0.0000,0.0000,0.0000,0.0000,0.0000,0.0000
140.782,2,0,done,26.5316,177.8317,1.4121,0.0025,0.0395,0.0396,-2.3632,1.4121,0.0000,0.0000,0.0000,0.0000,0.0000,3.0000,0.0000,3.0000,1,10.8245,0.0000,0.0000,0.0000,0.0000,0.0000,0.0000,0.0000,0.0000
140.832,2,0,done,26.5315,177.8334,1.4114,0.0020,0.0387,0.0388,-2.3660,1.4114,0.0000,0.0000,0.0000,0.0000,0.0000,3.0000,0.0000,3.0000,1,10.8245,0.0000,0.0000,0.0000,0.0000,0.0000,0.0000,0.0000,0.0000
140.881,2,0,done,26.5315,177.8352,1.4131,0.0014,0.0378,0.0379,-2.3665,1.4131,0.0000,0.0000,0.0000,0.0000,0.0000,3.0000,0.0000,3.0000,1,10.8245,0.0000,0.0000,0.0000,0.0000,0.0000,0.0000,0.0000,0.0000
140.931,2,0,done,26.5315,177.8368,1.4137,0.0009,0.0372,0.0372,2.3727,1.4137,0.0000,0.0000,0.0000,0.0000,0.0000,3.0000,0.0000,3.0000,1,10.8245,0.0000,0.0000,0.0000,0.0000,0.0000,0.0000,0.0000,0.0000
140.981,2,0,done,26.5315,177.8368,1.4138,0.0009,0.0372,0.0372,-2.3748,1.4138,0.0000,0.0000,0.0000,0.0000,0.0000,3.0000,0.0000,3.0000,1,10.8245,0.0000,0.0000,0.0000,0.0000,0.0000,0.0000,0.0000,0.0000
141.032,2,0,done,26.5314,177.8386,1.4144,0.0006,0.0364,0.0364,2.3592,1.4144,0.0000,0.0000,0.0000,0.0000,0.0000,3.0000,0.0000,3.0000,1,10.8245,0.0000,0.0000,0.0000,0.0000,0.0000,0.0000,0.0000,0.0000
141.081,2,0,done,26.5314,177.8402,1.4146,0.0003,0.0358,0.0358,-2.3603,1.4146,0.0000,0.0000,0.0000,0.0000,0.0000,3.0000,0.0000,3.0000,1,10.8245,0.0000,0.0000,0.0000,0.0000,0.0000,0.0000,0.0000,0.0000
141.131,2,0,done,26.5314,177.8418,1.4152,0.0002,0.0349,0.0349,2.3638,1.4152,0.0000,0.0000,0.0000,0.0000,0.0000,3.0000,0.0000,3.0000,1,10.8245,0.0000,0.0000,0.0000,0.0000,0.0000,0.0000,0.0000,0.0000
141.181,2,0,done,26.5314,177.8433,1.4153,0.0002,0.0342,0.0342,-2.3788,1.4153,0.0000,0.0000,0.0000,0.0000,0.0000,3.0000,0.0000,3.0000,1,10.8245,0.0000,0.0000,0.0000,0.0000,0.0000,0.0000,0.0000,0.0000
141.231,2,0,done,26.5314,177.8433,1.4158,0.0002,0.0342,0.0342,2.3763,1.4158,0.0000,0.0000,0.0000,0.0000,0.0000,3.0000,0.0000,3.0000,1,10.8245,0.0000,0.0000,0.0000,0.0000,0.0000,0.0000,0.0000,0.0000
141.281,2,0,done,26.5314,177.8448,1.4159,0.0002,0.0333,0.0333,-2.3565,1.4159,0.0000,0.0000,0.0000,0.0000,0.0000,3.0000,0.0000,3.0000,1,10.8245,0.0000,0.0000,0.0000,0.0000,0.0000,0.0000,0.0000,0.0000
141.331,2,0,done,26.5314,177.8463,1.4150,0.0002,0.0325,0.0325,-2.3693,1.4150,0.0000,0.0000,0.0000,0.0000,0.0000,3.0000,0.0000,3.0000,1,10.8245,0.0000,0.0000,0.0000,0.0000,0.0000,0.0000,0.0000,0.0000
141.382,2,0,done,26.5314,177.8477,1.4177,0.0000,0.0317,0.0317,2.3453,1.4177,0.0000,0.0000,0.0000,0.0000,0.0000,3.0000,0.0000,3.0000,1,10.8245,0.0000,0.0000,0.0000,0.0000,0.0000,0.0000,0.0000,0.0000
141.431,2,0,done,26.5313,177.8491,1.4169,-0.0002,0.0310,0.0310,2.3510,1.4169,0.0000,0.0000,0.0000,0.0000,0.0000,3.0000,0.0000,3.0000,1,10.8245,0.0000,0.0000,0.0000,0.0000,0.0000,0.0000,0.0000,0.0000
141.482,2,0,done,26.5313,177.8491,1.4170,-0.0002,0.0310,0.0310,-2.3552,1.4170,0.0000,0.0000,0.0000,0.0000,0.0000,3.0000,0.0000,3.0000,1,10.8245,0.0000,0.0000,0.0000,0.0000,0.0000,0.0000,0.0000,0.0000
141.531,2,0,done,26.5312,177.8505,1.4174,-0.0005,0.0303,0.0303,2.3545,1.4174,0.0000,0.0000,0.0000,0.0000,0.0000,3.0000,0.0000,3.0000,1,10.8245,0.0000,0.0000,0.0000,0.0000,0.0000,0.0000,0.0000,0.0000
141.581,2,0,done,26.5311,177.8519,1.4175,-0.0007,0.0298,0.0298,-2.3638,1.4175,0.0000,0.0000,0.0000,0.0000,0.0000,3.0000,0.0000,3.0000,1,10.8245,0.0000,0.0000,0.0000,0.0000,0.0000,0.0000,0.0000,0.0000
141.631,2,0,done,26.5311,177.8533,1.4179,-0.0009,0.0292,0.0293,2.3668,1.4179,0.0000,0.0000,0.0000,0.0000,0.0000,3.0000,0.0000,3.0000,1,10.8245,0.0000,0.0000,0.0000,0.0000,0.0000,0.0000,0.0000,0.0000
141.681,2,0,done,26.5310,177.8546,1.4179,-0.0010,0.0288,0.0289,-2.3745,1.4179,0.0000,0.0000,0.0000,0.0000,0.0000,3.0000,0.0000,3.0000,1,10.8245,0.0000,0.0000,0.0000,0.0000,0.0000,0.0000,0.0000,0.0000
141.731,2,0,done,26.5310,177.8546,1.4183,-0.0010,0.0288,0.0289,2.3687,1.4183,0.0000,0.0000,0.0000,0.0000,0.0000,3.0000,0.0000,3.0000,1,10.8245,0.0000,0.0000,0.0000,0.0000,0.0000,0.0000,0.0000,0.0000
141.781,2,0,done,26.5310,177.8559,1.4183,-0.0009,0.0284,0.0284,-2.3540,1.4183,0.0000,0.0000,0.0000,0.0000,0.0000,3.0000,0.0000,3.0000,1,10.8245,0.0000,0.0000,0.0000,0.0000,0.0000,0.0000,0.0000,0.0000
141.831,2,0,done,26.5309,177.8572,1.4186,-0.0008,0.0281,0.0281,2.3628,1.4186,0.0000,0.0000,0.0000,0.0000,0.0000,3.0000,0.0000,3.0000,1,10.8245,0.0000,0.0000,0.0000,0.0000,0.0000,0.0000,0.0000,0.0000
141.881,2,0,done,26.5309,177.8586,1.4187,-0.0007,0.0277,0.0277,-2.3708,1.4187,0.0000,0.0000,0.0000,0.0000,0.0000,3.0000,0.0000,3.0000,1,10.8245,0.0000,0.0000,0.0000,0.0000,0.0000,0.0000,0.0000,0.0000
141.931,2,0,done,26.5309,177.8598,1.4190,-0.0005,0.0274,0.0274,2.3415,1.4190,0.0000,0.0000,0.0000,0.0000,0.0000,3.0000,0.0000,3.0000,1,10.8245,0.0000,0.0000,0.0000,0.0000,0.0000,0.0000,0.0000,0.0000
141.982,2,0,done,26.5309,177.8612,1.4190,-0.0004,0.0270,0.0270,2.3618,1.4190,0.0000,0.0000,0.0000,0.0000,0.0000,3.0000,0.0000,3.0000,1,10.8245,0.0000,0.0000,0.0000,0.0000,0.0000,0.0000,0.0000,0.0000
142.031,2,0,done,26.5309,177.8612,1.4193,-0.0004,0.0270,0.0270,2.3533,1.4193,0.0000,0.0000,0.0000,0.0000,0.0000,3.0000,0.0000,3.0000,1,10.8245,0.0000,0.0000,0.0000,0.0000,0.0000,0.0000,0.0000,0.0000
142.081,2,0,done,26.5309,177.8624,1.4192,-0.0004,0.0267,0.0267,-2.3640,1.4192,0.0000,0.0000,0.0000,0.0000,0.0000,3.0000,0.0000,3.0000,1,10.8245,0.0000,0.0000,0.0000,0.0000,0.0000,0.0000,0.0000,0.0000
142.132,2,0,done,26.5309,177.8637,1.4195,-0.0004,0.0263,0.0263,2.3560,1.4192,0.0000,0.0000,0.0000,0.0000,0.0000,3.0000,0.0000,3.0000,1,10.8245,0.0000,0.0000,0.0000,0.0000,0.0000,0.0000,0.0000,0.0000
142.182,2,0,done,26.5309,177.8649,1.4195,-0.0005,0.0259,0.0259,-2.3538,1.4195,0.0000,0.0000,0.0000,0.0000,0.0000,3.0000,0.0000,3.0000,1,10.8245,0.0000,0.0000,0.0000,0.0000,0.0000,0.0000,0.0000,0.0000
142.232,2,0,done,26.5308,177.8661,1.4198,-0.0006,0.0254,0.0254,2.3472,1.4198,0.0000,0.0000,0.0000,0.0000,0.0000,3.0000,0.0000,3.0000,1,10.8245,0.0000,0.0000,0.0000,0.0000,0.0000,0.0000,0.0000,0.0000
142.281,2,0,done,26.5308,177.8672,1.4198,-0.0006,0.0250,0.0251,2.3527,1.4198,0.0000,0.0000,0.0000,0.0000,0.0000,3.0000,0.0000,3.0000,1,10.8245,0.0000,0.0000,0.0000,0.0000,0.0000,0.0000,0.0000,0.0000
142.331,2,0,done,26.5308,177.8672,1.4200,-0.0006,0.0250,0.0251,2.3527,1.4200,0.0000,0.0000,0.0000,0.0000,0.0000,3.0000,0.0000,3.0000,1,10.8245,0.0000,0.0000,0.0000,0.0000,0.0000,0.0000,0.0000,0.0000
142.381,2,0,done,26.5308,177.8684,1.4199,-0.0005,0.0245,0.0245,-2.3560,1.4199,0.0000,0.0000,0.0000,0.0000,0.0000,3.0000,0.0000,3.0000,1,10.8245,0.0000,0.0000,0.0000,0.0000,0.0000,0.0000,0.0000,0.0000
142.431,2,0,done,26.5308,177.8694,1.4202,-0.0004,0.0241,0.0241,2.3367,1.4202,0.0000,0.0000,0.0000,0.0000,0.0000,3.0000,0.0000,3.0000,1,10.8245,0.0000,0.0000,0.0000,0.0000,0.0000,0.0000,0.0000,0.0000
142.482,2,0,done,26.5308,177.8706,1.4201,-0.0002,0.0236,0.0236,-2.3610,1.4201,0.0000,0.0000,0.0000,0.0000,0.0000,3.0000,0.0000,3.0000,1,10.8245,0.0000,0.0000,0.0000,0.0000,0.0000,0.0000,0.0000,0.0000
142.531,2,0,done,26.5308,177.8716,1.4204,-0.0000,0.0232,0.0232,-2.3475,1.4204,0.0000,0.0000,0.0000,0.0000,0.0000,3.0000,0.0000,3.0000,1,10.8245,0.0000,0.0000,0.0000,0.0000,0.0000,0.0000,0.0000,0.0000
142.582,2,0,done,26.5308,177.8716,1.4203,-0.0000,0.0232,0.0232,-2.3610,1.4203,0.0000,0.0000,0.0000,0.0000,0.0000,3.0000,0.0000,3.0000,1,10.8245,0.0000,0.0000,0.0000,0.0000,0.0000,0.0000,0.0000,0.0000
142.632,2,0,done,26.5309,177.8727,1.4205,0.0001,0.0228,0.0228,-2.3687,1.4205,0.0000,0.0000,0.0000,0.0000,0.0000,3.0000,0.0000,3.0000,1,10.8245,0.0000,0.0000,0.0000,0.0000,0.0000,0.0000,0.0000,0.0000
142.681,2,0,done,26.5309,177.8737,1.4204,0.0002,0.0225,0.0225,-2.3725,1.4204,0.0000,0.0000,0.0000,0.0000,0.0000,3.0000,0.0000,3.0000,1,10.8245,0.0000,0.0000,0.0000,0.0000,0.0000,0.0000,0.0000,0.0000
142.731,2,0,done,26.5309,177.8748,1.4207,0.0003,0.0221,0.0221,-2.3550,1.4207,0.0000,0.0000,0.0000,0.0000,0.0000,3.0000,0.0000,3.0000,1,10.8245,0.0000,0.0000,0.0000,0.0000,0.0000,0.0000,0.0000,0.0000
142.781,2,0,done,26.5310,177.8758,1.4206,0.0003,0.0219,0.0219,2.3607,1.4206,0.0000,0.0000,0.0000,0.0000,0.0000,3.0000,0.0000,3.0000,1,10.8245,0.0000,0.0000,0.0000,0.0000,0.0000,0.0000,0.0000,0.0000
142.832,2,0,done,26.5310,177.8758,1.4208,0.0003,0.0219,0.0219,2.3610,1.4208,0.0000,0.0000,0.0000,0.0000,0.0000,3.0000,0.0000,3.0000,1,10.8245,0.0000,0.0000,0.0000,0.0000,0.0000,0.0000,0.0000,0.0000
142.881,2,0,done,26.5310,177.8769,1.4196,0.0003,0.0216,0.0216,-2.3515,1.4196,0.0000,0.0000,0.0000,0.0000,0.0000,3.0000,0.0000,3.0000,1,10.8245,0.0000,0.0000,0.0000,0.0000,0.0000,0.0000,0.0000,0.0000
142.931,2,0,done,26.5310,177.8779,1.4209,0.0004,0.0214,0.0214,-2.3523,1.4209,0.0000,0.0000,0.0000,0.0000,0.0000,3.0000,0.0000,3.0000,1,10.8245,0.0000,0.0000,0.0000,0.0000,0.0000,0.0000,0.0000,0.0000
142.981,2,0,done,26.5310,177.8789,1.4208,0.0005,0.0211,0.0211,2.3445,1.4208,0.0000,0.0000,0.0000,0.0000,0.0000,3.0000,0.0000,3.0000,1,10.8245,0.0000,0.0000,0.0000,0.0000,0.0000,0.0000,0.0000,0.0000
143.032,2,0,done,26.5311,177.8799,1.4222,0.0006,0.0209,0.0209,2.3582,1.4222,0.0000,0.0000,0.0000,0.0000,0.0000,3.0000,0.0000,3.0000,1,10.8245,0.0000,0.0000,0.0000,0.0000,0.0000,0.0000,0.0000,0.0000
143.081,2,0,done,26.5312,177.8809,1.4209,0.0008,0.0206,0.0206,2.3455,1.4209,0.0000,0.0000,0.0000,0.0000,0.0000,3.0000,0.0000,3.0000,1,10.8245,0.0000,0.0000,0.0000,0.0000,0.0000,0.0000,0.0000,0.0000
143.131,2,0,done,26.5313,177.8818,1.4210,0.0010,0.0203,0.0203,-2.3525,1.4210,0.0000,0.0000,0.0000,0.0000,0.0000,3.0000,0.0000,3.0000,1,10.8245,0.0000,0.0000,0.0000,0.0000,0.0000,0.0000,0.0000,0.0000
143.182,2,0,done,26.5313,177.8818,1.4212,0.0010,0.0203,0.0203,2.3250,1.4212,0.0000,0.0000,0.0000,0.0000,0.0000,3.0000,0.0000,3.0000,1,10.8245,0.0000,0.0000,0.0000,0.0000,0.0000,0.0000,0.0000,0.0000
143.232,2,0,done,26.5314,177.8827,1.4211,0.0012,0.0199,0.0200,-2.3592,1.4211,0.0000,0.0000,0.0000,0.0000,0.0000,3.0000,0.0000,3.0000,1,10.8245,0.0000,0.0000,0.0000,0.0000,0.0000,0.0000,0.0000,0.0000
143.281,2,0,done,26.5315,177.8836,1.4213,0.0013,0.0196,0.0197,2.3235,1.4213,0.0000,0.0000,0.0000,0.0000,0.0000,3.0000,0.0000,3.0000,1,10.8245,0.0000,0.0000,0.0000,0.0000,0.0000,0.0000,0.0000,0.0000
143.332,2,0,done,26.5315,177.8845,1.4212,0.0014,0.0193,0.0193,-2.3542,1.4212,0.0000,0.0000,0.0000,0.0000,0.0000,3.0000,0.0000,3.0000,1,10.8245,0.0000,0.0000,0.0000,0.0000,0.0000,0.0000,0.0000,0.0000
143.381,2,0,done,26.5316,177.8854,1.4214,0.0014,0.0190,0.0190,2.3333,1.4214,0.0000,0.0000,0.0000,0.0000,0.0000,3.0000,0.0000,3.0000,1,10.8245,0.0000,0.0000,0.0000,0.0000,0.0000,0.0000,0.0000,0.0000
143.431,2,0,done,26.5316,177.8854,1.4212,0.0014,0.0190,0.0190,-2.3490,1.4212,0.0000,0.0000,0.0000,0.0000,0.0000,3.0000,0.0000,3.0000,1,10.8245,0.0000,0.0000,0.0000,0.0000,0.0000,0.0000,0.0000,0.0000
