t,mode_code,shadow_mode,policy_source,x,y,yaw,vx,vy,speed,yaw_rate,psi_ref,u_ref,e_ct,chi_p,dist_to_wp,heading_error,pos_tol,hold_elapsed,hold_required,completed,seg_len,left_raw,right_raw,common_raw,diff_raw,delta_common,delta_diff,left_final,right_final
2.289,0,0,heuristic,-0.0037,-0.0340,0.9973,-0.0031,-0.0648,0.0649,-0.0080,1.6928,2.5000,-17.9550,1.0058,28.3096,0.6955,3.0000,0.0000,2.0000,0,14.1273,110.0000,110.0000,110.0000,0.0000,32.8737,21.2587,121.6149,164.1324
2.339,0,0,heuristic,-0.0033,-0.0368,0.9973,-0.0007,-0.0638,0.0638,-0.0190,1.6928,2.5000,-17.9569,1.0058,28.3125,0.6955,3.0000,0.0000,2.0000,0,14.1273,168.4153,220.0000,194.2077,25.7923,32.8893,21.4445,179.8601,274.3338
2.389,0,0,heuristic,-0.0033,-0.0368,0.9973,-0.0007,-0.0638,0.0638,0.0063,1.6928,2.5000,-17.9569,1.0058,28.3125,0.6955,3.0000,0.0000,2.0000,0,14.1273,141.4568,260.8734,201.1651,59.7083,32.8893,21.0211,153.3250,314.7838
2.439,0,0,heuristic,-0.0029,-0.0398,0.9973,0.0009,-0.0623,0.0623,-0.0005,1.6928,2.5000,-17.9588,1.0058,28.3155,0.6955,3.0000,0.0000,2.0000,0,14.1273,109.2091,307.3952,208.3021,99.0930,32.9091,21.1345,120.9838,361.4387
2.489,0,0,heuristic,-0.0020,-0.0414,0.9974,0.0046,-0.0566,0.0568,0.0020,1.6929,2.5000,-17.9604,1.0058,28.3172,0.6955,3.0000,0.0000,2.0000,0,14.1273,120.0704,362.8887,241.4795,121.4091,32.9834,21.0905,131.9633,416.9626
2.539,0,0,heuristic,0.0008,-0.0410,0.9977,0.0143,-0.0436,0.0459,0.0215,1.6930,2.5000,-17.9625,1.0058,28.3171,0.6952,3.0000,0.0000,2.0000,0,14.1273,29.3683,469.4012,249.3847,220.0165,33.1306,20.7534,41.7454,523.2852
2.589,0,0,heuristic,0.0054,-0.0383,0.9985,0.0308,-0.0237,0.0389,0.0340,1.6931,2.5000,-17.9650,1.0058,28.3150,0.6946,3.0000,0.0000,2.0000,0,14.1273,9.1588,505.7192,257.4390,248.2802,33.2255,20.5191,21.8652,559.4638
2.639,0,0,heuristic,0.0131,-0.0325,0.9996,0.0541,0.0034,0.0542,0.0648,1.6934,2.5000,-17.9684,1.0058,28.3102,0.6938,3.0000,0.0000,2.0000,0,14.1273,-8.5844,553.6763,272.5459,281.1303,33.0189,19.9706,4.4639,606.6658
2.689,0,0,heuristic,0.0232,-0.0239,1.0024,0.0856,0.0385,0.0939,0.0958,1.6938,2.5000,-17.9724,1.0058,28.3029,0.6914,3.0000,0.0000,2.0000,0,14.1273,13.1969,627.5303,320.3636,307.1667,32.4827,19.3551,26.3245,679.3681
2.739,0,0,heuristic,0.0376,-0.0110,1.0062,0.1237,0.0802,0.1474,0.1308,1.6944,2.5000,-17.9776,1.0058,28.2919,0.6882,3.0000,0.0000,2.0000,0,14.1273,74.8122,737.5303,406.1712,331.3591,31.7598,18.6417,87.9303,787.9319
2.789,0,0,heuristic,0.0545,0.0047,1.0103,0.1694,0.1299,0.2135,0.1698,1.6950,2.5000,-17.9835,1.0058,28.2784,0.6847,3.0000,0.0000,2.0000,0,14.1273,-9.3282,787.0171,388.8445,398.1727,30.8678,17.8528,3.6868,835.7378
2.839,0,0,heuristic,0.0763,0.0260,1.0169,0.2193,0.1857,0.2874,0.1990,1.6959,2.5000,-17.9905,1.0058,28.2600,0.6790,3.0000,0.0000,2.0000,0,14.1273,-58.8472,762.7360,351.9444,410.7916,29.8705,17.1387,-46.1153,809.7452
2.889,0,0,heuristic,0.1008,0.0508,1.0234,0.2774,0.2520,0.3747,0.2315,1.6969,2.5000,-17.9978,1.0058,28.2384,0.6735,3.0000,0.0000,2.0000,0,14.1273,3.2014,791.5524,397.3769,394.1755,28.6912,16.3756,15.5170,836.6192
2.939,0,0,heuristic,0.1313,0.0822,1.0355,0.3392,0.3223,0.4679,0.2645,1.6981,2.5000,-18.0068,1.0058,28.2111,0.6626,3.0000,0.0000,2.0000,0,14.1273,58.0153,795.9098,426.9625,368.9472,27.4327,15.3969,70.0511,838.7394
2.989,0,0,heuristic,0.1638,0.1159,1.0452,0.4072,0.3983,0.5696,0.3232,1.6994,2.5000,-18.0163,1.0058,28.1819,0.6542,3.0000,0.0000,2.0000,0,14.1273,17.2763,770.3617,393.8190,376.5427,26.0609,14.0831,29.2542,810.5057
3.039,0,0,heuristic,0.2022,0.1563,1.0591,0.4733,0.4740,0.6698,0.3390,1.7009,2.5000,-18.0271,1.0058,28.1468,0.6418,3.0000,0.0000,2.0000,0,14.1273,53.7438,799.1428,426.4433,372.6995,24.7071,13.3349,65.1159,837.1847
3.089,0,0,heuristic,0.2418,0.1987,1.0748,0.5434,0.5558,0.7773,0.3578,1.7025,2.5000,-18.0378,1.0058,28.1099,0.6277,3.0000,0.0000,2.0000,0,14.1273,82.3889,722.2242,402.3066,319.9177,23.2568,12.4704,93.1753,757.9515
3.139,0,0,heuristic,0.2871,0.2480,1.0958,0.6091,0.6342,0.8793,0.4113,1.7043,2.5000,-18.0497,1.0058,28.0670,0.6085,3.0000,0.0000,2.0000,0,14.1273,147.0223,774.7206,460.8715,313.8492,21.8793,10.8236,158.0780,807.4235
3.189,0,0,heuristic,0.3326,0.2983,1.1110,0.6769,0.7170,0.9860,0.4328,1.7062,2.5000,-18.0612,1.0058,28.0233,0.5952,3.0000,0.0000,2.0000,0,14.1273,161.0299,884.7206,522.8753,361.8454,20.4385,9.9427,171.5257,915.1019
3.239,0,0,heuristic,0.3834,0.3557,1.1311,0.7369,0.7945,1.0836,0.4178,1.7083,2.5000,-18.0733,1.0058,27.9733,0.5772,3.0000,0.0000,2.0000,0,14.1273,95.5908,993.8401,544.7155,449.1246,19.1211,9.4915,105.2205,1000.0000
3.289,0,0,heuristic,0.4333,0.4138,1.1520,0.7975,0.8774,1.1857,0.4285,1.7103,2.5000,-18.0844,1.0058,27.9227,0.5583,3.0000,0.0000,2.0000,0,14.1273,72.0305,986.9495,529.4900,457.4595,17.7433,8.5740,81.1999,1000.0000
3.339,0,0,heuristic,0.4333,0.4138,1.1695,0.7975,0.8774,1.1857,0.4577,1.7103,2.5000,-18.0844,1.0058,27.9227,0.5409,3.0000,0.0000,2.0000,0,14.1273,182.0305,1000.0000,591.0153,408.9847,17.7433,7.4030,192.3708,1000.0000
3.389,0,0,heuristic,0.4885,0.4800,1.1922,0.8502,0.9566,1.2798,0.4948,1.7126,2.5000,-18.0955,1.0058,27.8649,0.5204,3.0000,0.0000,2.0000,0,14.1273,232.1475,992.9620,612.5548,380.4073,16.4732,5.9855,242.6353,1000.0000
3.439,0,0,heuristic,0.5424,0.5464,1.2062,0.9048,1.0422,1.3802,0.5128,1.7149,2.5000,-18.1055,1.0058,27.8068,0.5087,3.0000,0.0000,2.0000,0,14.1273,275.9748,995.0708,635.5228,359.5480,15.1175,5.2239,285.8684,1000.0000
3.489,0,0,heuristic,0.6015,0.6214,1.2256,0.9512,1.1221,1.4710,0.5152,1.7174,2.5000,-18.1153,1.0058,27.7411,0.4918,3.0000,0.0000,2.0000,0,14.1273,343.3642,1000.0000,671.6821,328.3179,13.8914,4.5242,352.7314,1000.0000
3.539,0,0,heuristic,0.6587,0.6963,1.2455,0.9992,1.2098,1.5691,0.5292,1.7198,2.5000,-18.1235,1.0058,27.6755,0.4743,3.0000,0.0000,2.0000,0,14.1273,282.6628,998.0581,640.3604,357.6977,12.5677,3.6072,291.6234,1000.0000
3.589,0,0,heuristic,0.6587,0.6963,1.2659,0.9992,1.2098,1.5691,0.5275,1.7198,2.5000,-18.1235,1.0058,27.6755,0.4539,3.0000,0.0000,2.0000,0,14.1273,246.5436,1000.0000,623.2718,376.7282,12.5677,2.8419,256.2695,1000.0000
3.639,0,0,heuristic,0.7208,0.7806,1.2918,1.0383,1.2919,1.6575,0.5370,1.7225,2.5000,-18.1308,1.0058,27.6015,0.4306,3.0000,0.0000,2.0000,0,14.1273,182.2860,999.9966,591.1413,408.8553,11.3744,1.7735,191.8869,1000.0000
3.689,0,0,heuristic,0.7805,0.8646,1.3075,1.0795,1.3835,1.7548,0.5252,1.7251,2.5000,-18.1363,1.0058,27.5276,0.4176,3.0000,0.0000,2.0000,0,14.1273,175.7940,1000.0000,587.8970,412.1030,10.0600,1.4619,184.3921,1000.0000
3.739,0,0,heuristic,0.8450,0.9582,1.3287,1.1117,1.4670,1.8406,0.5435,1.7279,2.5000,-18.1406,1.0058,27.4451,0.3993,3.0000,0.0000,2.0000,0,14.1273,285.7940,965.3894,625.5917,339.7977,8.9016,0.4404,294.2552,974.7314
3.789,0,0,heuristic,0.9067,1.0502,1.3501,1.1463,1.5568,1.9333,0.5457,1.7307,2.5000,-18.1435,1.0058,27.3640,0.3806,3.0000,0.0000,2.0000,0,14.1273,265.7639,977.0824,621.4231,355.6593,7.6507,-0.3267,273.7412,984.4064
3.839,0,0,heuristic,0.9067,1.0502,1.3719,1.1463,1.5568,1.9333,0.5607,1.7307,2.5000,-18.1435,1.0058,27.3640,0.3588,3.0000,0.0000,2.0000,0,14.1273,347.6335,1000.0000,673.8167,326.1833,7.6507,-1.4274,356.7115,1000.0000
3.889,0,0,heuristic,1.0354,1.2510,1.4050,1.1978,1.7224,2.0979,0.5653,1.7365,2.5000,-18.1447,1.0058,27.1867,0.3315,3.0000,0.0000,2.0000,0,14.1273,431.5651,999.9995,715.7823,284.2172,5.4279,-2.5660,439.5589,1000.0000
3.939,0,0,heuristic,1.0354,1.2510,1.4218,1.1978,1.7224,2.0979,0.5747,1.7365,2.5000,-18.1447,1.0058,27.1867,0.3148,3.0000,0.0000,2.0000,0,14.1273,341.4655,999.9994,670.7325,329.2669,5.4279,-3.3795,350.2729,1000.0000
3.989,0,0,heuristic,1.1016,1.3606,1.4441,1.2129,1.7996,2.1701,0.5600,1.7396,2.5000,-18.1419,1.0058,27.0896,0.2955,3.0000,0.0000,2.0000,0,14.1273,344.1661,1000.0000,672.0831,327.9169,4.4531,-3.8828,352.5020,1000.0000
4.039,0,0,heuristic,1.1635,1.4680,1.4664,1.2281,1.8871,2.2515,0.5625,1.7425,2.5000,-18.1367,1.0058,26.9943,0.2761,3.0000,0.0000,2.0000,0,14.1273,381.9443,998.4460,690.1951,308.2509,3.3549,-4.6819,389.9811,997.1191
4.089,0,0,heuristic,1.2282,1.5860,1.4942,1.2314,1.9635,2.3177,0.5567,1.7457,2.5000,-18.1282,1.0058,26.8892,0.2514,3.0000,0.0000,2.0000,0,14.1273,392.1025,1000.0000,696.0513,303.9487,2.4616,-5.5477,400.1118,996.9139
4.139,0,0,heuristic,1.2882,1.7003,1.5165,1.2351,2.0471,2.3908,0.5510,1.7486,2.5000,-18.1176,1.0058,26.7872,0.2321,3.0000,0.0000,2.0000,0,14.1273,322.4294,999.9901,661.2097,338.7803,1.4739,-6.2045,330.1078,995.2594
4.189,0,0,heuristic,1.2882,1.7003,1.5387,1.2351,2.0471,2.3908,0.5540,1.7486,2.5000,-18.1176,1.0058,26.7872,0.2099,3.0000,0.0000,2.0000,0,14.1273,238.2850,998.1147,618.1998,379.9149,1.4739,-7.1223,246.8811,992.4663
4.239,0,0,heuristic,1.3506,1.8247,1.5665,1.2279,2.1161,2.4466,0.5560,1.7517,2.5000,-18.1037,1.0058,26.6759,0.1852,3.0000,0.0000,2.0000,0,14.1273,348.2849,996.5835,672.4342,324.1493,0.7214,-8.1180,357.1243,989.1869
4.289,0,0,heuristic,1.4081,1.9445,1.5887,1.2219,2.1920,2.5096,0.5467,1.7547,2.5000,-18.0881,1.0058,26.5686,0.1660,3.0000,0.0000,2.0000,0,14.1273,458.2849,999.3386,728.8118,270.5268,-0.1296,-8.7116,466.8669,990.4975
4.339,0,0,heuristic,1.4678,2.0736,1.6164,1.2072,2.2504,2.5537,0.5503,1.7578,2.5000,-18.0694,1.0058,26.4526,0.1414,3.0000,0.0000,2.0000,0,14.1273,568.2849,998.0408,783.1629,214.8779,-0.7247,-9.7292,577.2894,987.5868
4.389,0,0,heuristic,1.5228,2.1969,1.6332,1.1951,2.3140,2.6044,0.5400,1.7607,2.5000,-18.0499,1.0058,26.3418,0.1275,3.0000,0.0000,2.0000,0,14.1273,578.6340,999.5722,789.1031,210.4691,-1.4099,-10.0978,587.3219,988.0645
4.439,0,0,heuristic,1.5795,2.3301,1.6609,1.1741,2.3634,2.6390,0.5467,1.7638,2.5000,-18.0265,1.0058,26.2219,0.1029,3.0000,0.0000,2.0000,0,14.1273,544.4689,995.3000,769.8845,225.4156,-1.8760,-11.1736,553.7665,982.2505
4.489,0,0,heuristic,1.6309,2.4583,1.6830,1.1535,2.4250,2.6854,0.5268,1.7667,2.5000,-18.0012,1.0058,26.1060,0.0837,3.0000,0.0000,2.0000,0,14.1273,501.2035,988.0919,744.6477,243.4442,-2.5025,-11.5863,510.2873,974.0032
4.539,0,0,heuristic,1.6829,2.5975,1.7102,1.1228,2.4754,2.7181,0.5122,1.7697,2.5000,-17.9706,1.0058,25.9797,0.0594,3.0000,0.0000,2.0000,0,14.1273,572.4271,996.7811,784.6041,212.1770,-2.9441,-12.2876,581.7706,981.5494
4.589,0,0,heuristic,1.7295,2.7313,1.7368,1.0923,2.5378,2.7629,0.5240,1.7725,2.5000,-17.9383,1.0058,25.8579,0.0356,3.0000,0.0000,2.0000,0,14.1273,580.1365,998.9320,789.5342,209.3977,-3.5494,-13.4128,589.9999,981.9698
4.639,0,0,heuristic,1.7295,2.7313,1.7578,1.0923,2.5378,2.7629,0.4980,1.7725,2.5000,-17.9383,1.0058,25.8579,0.0147,3.0000,0.0000,2.0000,0,14.1273,611.6710,999.9211,805.7960,194.1251,-3.5494,-13.7937,621.9153,982.5780
4.689,0,0,heuristic,1.7761,2.8759,1.7784,1.0533,2.5864,2.7927,0.5005,1.7754,2.5000,-17.9003,1.0058,25.7256,-0.0031,3.0000,0.0000,2.0000,0,14.1273,612.1638,999.9730,806.0684,193.9046,-3.9512,-14.5282,622.7408,981.4936
4.739,0,0,heuristic,1.8173,3.0148,1.7988,1.0142,2.6477,2.8353,0.4775,1.7780,2.5000,-17.8607,1.0058,25.5981,-0.0207,3.0000,0.0000,2.0000,0,14.1273,602.0122,999.9951,801.0037,198.9914,-4.5262,-14.8308,612.3168,980.6381
4.789,0,0,heuristic,1.8577,3.1649,1.8238,0.9668,2.6956,2.8637,0.4725,1.7808,2.5000,-17.8145,1.0058,25.4596,-0.0430,3.0000,0.0000,2.0000,0,14.1273,601.3643,997.8188,799.5916,198.2273,-4.9101,-15.6150,612.0692,977.2937
4.839,0,0,heuristic,1.8928,3.3089,1.8434,0.9194,2.7565,2.9057,0.4758,1.7833,2.5000,-17.7670,1.0058,25.3262,-0.0601,3.0000,0.0000,2.0000,0,14.1273,627.9181,994.3765,811.1473,183.2292,-5.4775,-16.3352,638.7758,972.5639
4.889,0,0,heuristic,1.9265,3.4642,1.8674,0.8654,2.8023,2.9329,0.4567,1.7860,2.5000,-17.7124,1.0058,25.1816,-0.0815,3.0000,0.0000,2.0000,0,14.1273,650.0509,996.6912,823.3711,173.3201,-5.8436,-16.8504,661.0577,973.9971
4.939,0,0,heuristic,1.9553,3.6125,1.8864,0.8121,2.8598,2.9729,0.4315,1.7883,2.5000,-17.6572,1.0058,25.0429,-0.0980,3.0000,0.0000,2.0000,0,14.1273,643.5528,999.3560,821.4544,177.9016,-6.3839,-17.0716,654.2405,975.9006
4.989,0,0,heuristic,1.9553,3.6125,1.9050,0.8121,2.8598,2.9729,0.4425,1.7883,2.5000,-17.6572,1.0058,25.0429,-0.1167,3.0000,0.0000,2.0000,0,14.1273,639.5523,999.9850,819.7687,180.2163,-6.3839,-17.9840,651.1525,975.6171
5.039,0,0,heuristic,2.0045,3.9236,1.9325,0.6955,2.9532,3.0340,0.4260,1.7930,2.5000,-17.5322,1.0058,24.7500,-0.1395,3.0000,0.0000,2.0000,0,14.1273,600.4038,999.9989,800.2013,199.7975,-7.2091,-18.5959,611.7905,974.1939
5.089,0,0,heuristic,2.0045,3.9236,1.9460,0.6955,2.9532,3.0340,0.4228,1.7930,2.5000,-17.5322,1.0058,24.7500,-0.1530,3.0000,0.0000,2.0000,0,14.1273,551.2162,999.9128,775.5645,224.3483,-7.2091,-19.0695,563.0766,973.6342
5.139,0,0,heuristic,2.0245,4.0862,1.9681,0.6334,2.9879,3.0542,0.4213,1.7952,2.5000,-17.4621,1.0058,24.5959,-0.1729,3.0000,0.0000,2.0000,0,14.1273,629.9623,999.8990,814.9306,184.9683,-7.4823,-19.8186,642.2986,972.5980
5.189,0,0,heuristic,2.0402,4.2405,1.9900,0.5719,3.0329,3.0864,0.4120,1.7973,2.5000,-17.3927,1.0058,24.4491,-0.1927,3.0000,0.0000,2.0000,0,14.1273,682.4741,998.7035,840.5888,158.1147,-7.9159,-20.4375,694.9956,970.3501
5.239,0,0,heuristic,2.0535,4.4047,2.0073,0.5087,3.0580,3.1000,0.4133,1.7993,2.5000,-17.3160,1.0058,24.2921,-0.2080,3.0000,0.0000,2.0000,0,14.1273,656.3012,997.1108,826.7060,170.4048,-8.0998,-21.0535,669.2549,967.9574
5.289,0,0,heuristic,2.0630,4.5598,2.0330,0.4467,3.0927,3.1248,0.4408,1.8012,2.5000,-17.2410,1.0058,24.1432,-0.2319,3.0000,0.0000,2.0000,0,14.1273,623.4045,999.9966,811.7005,188.2960,-8.4353,-22.4474,637.4166,969.1139
5.339,0,0,heuristic,2.0696,4.7248,2.0500,0.3827,3.1089,3.1323,0.3900,1.8030,2.5000,-17.1582,1.0058,23.9841,-0.2470,3.0000,0.0000,2.0000,0,14.1273,682.7143,999.6850,841.1997,158.4853,-8.5364,-22.1841,696.3621,968.9644
5.389,0,0,heuristic,2.0726,4.8807,2.0709,0.3185,3.1365,3.1526,0.4065,1.8046,2.5000,-17.0773,1.0058,23.8331,-0.2662,3.0000,0.0000,2.0000,0,14.1273,708.9470,999.9901,854.4685,145.5216,-8.8107,-23.2115,723.3478,967.9679
5.439,0,0,heuristic,2.0723,5.0462,2.0916,0.2539,3.1456,3.1559,0.3887,1.8062,2.5000,-16.9885,1.0058,23.6721,-0.2853,3.0000,0.0000,2.0000,0,14.1273,735.6551,999.6954,867.6753,132.0201,-8.8541,-23.6579,750.4588,967.1834
5.489,0,0,heuristic,2.0690,5.2022,2.1079,0.1893,3.1668,3.1725,0.3862,1.8077,2.5000,-16.9021,1.0058,23.5196,-0.3002,3.0000,0.0000,2.0000,0,14.1273,758.4520,999.5241,878.9881,120.5360,-9.0785,-24.1976,773.5711,966.2479
5.539,0,0,heuristic,2.0619,5.3681,2.1280,0.1242,3.1713,3.1737,0.3778,1.8090,2.5000,-16.8074,1.0058,23.3567,-0.3189,3.0000,0.0000,2.0000,0,14.1273,720.8707,999.3821,860.1264,139.2557,-9.0955,-24.7843,736.5595,965.5023
5.589,0,0,heuristic,2.0518,5.5247,2.1438,0.0573,3.1896,3.1901,0.3663,1.8102,2.5000,-16.7150,1.0058,23.2022,-0.3336,3.0000,0.0000,2.0000,0,14.1273,772.7334,999.5909,886.1622,113.4288,-9.3170,-25.1628,788.5792,965.1112
5.639,0,0,heuristic,2.0372,5.6912,2.1632,-0.0103,3.1922,3.1922,0.3625,1.8113,2.5000,-16.6135,1.0058,23.0369,-0.3519,3.0000,0.0000,2.0000,0,14.1273,799.6588,999.3954,899.5271,99.8683,-9.3454,-25.8154,816.1288,964.2347
5.689,0,0,heuristic,2.0200,5.8484,2.1822,-0.0801,3.2088,3.2098,0.3548,1.8122,2.5000,-16.5148,1.0058,22.8802,-0.3700,3.0000,0.0000,2.0000,0,14.1273,836.1901,999.7225,917.9563,81.7662,-9.5820,-26.3878,852.9960,963.7527
5.739,0,0,heuristic,2.0200,5.8484,2.1970,-0.0801,3.2088,3.2098,0.3548,1.8122,2.5000,-16.5148,1.0058,22.8802,-0.3848,3.0000,0.0000,2.0000,0,14.1273,868.0936,999.6409,933.8672,65.7737,-9.5820,-26.9677,885.4793,963.0913
5.789,0,0,heuristic,1.9977,6.0155,2.2152,-0.1499,3.2095,3.2130,0.3455,1.8130,2.5000,-16.4065,1.0058,22.7126,-0.4022,3.0000,0.0000,2.0000,0,14.1273,848.9658,999.1696,924.0677,75.1019,-9.6257,-27.4908,866.8309,962.0530
5.839,0,0,heuristic,1.9729,6.1732,2.2328,-0.2234,3.2248,3.2325,0.3270,1.8136,2.5000,-16.3011,1.0058,22.5536,-0.4192,3.0000,0.0000,2.0000,0,14.1273,885.9258,999.2243,942.5750,56.6493,-9.8887,-27.8421,903.8792,961.4935
5.889,0,0,heuristic,1.9422,6.3408,2.2499,-0.2967,3.2244,3.2381,0.3125,1.8141,2.5000,-16.1854,1.0058,22.3835,-0.4358,3.0000,0.0000,2.0000,0,14.1273,860.2509,999.2806,929.7658,69.5148,-9.9640,-28.2460,878.5330,961.0706
5.939,0,0,heuristic,1.9093,6.4990,2.2663,-0.3743,3.2386,3.2601,0.3015,1.8144,2.5000,-16.0730,1.0058,22.2221,-0.4519,3.0000,0.0000,2.0000,0,14.1273,909.9902,999.1319,954.5610,44.5708,-10.2617,-28.6890,928.4175,960.1812
5.989,0,0,heuristic,1.8703,6.6668,2.2821,-0.4496,3.2363,3.2674,0.2995,1.8145,2.5000,-15.9501,1.0058,22.0498,-0.4676,3.0000,0.0000,2.0000,0,14.1273,922.9018,999.6017,961.2518,38.3499,-10.3596,-29.2682,941.8104,959.9739
6.039,0,0,heuristic,1.8298,6.8248,2.2972,-0.5284,3.2477,3.2904,0.2935,1.8144,2.5000,-15.8313,1.0058,21.8866,-0.4828,3.0000,0.0000,2.0000,0,14.1273,961.0133,999.4158,980.2146,19.2013,-10.6700,-29.7603,980.1036,958.9855
6.089,0,0,heuristic,1.7830,6.9922,2.3119,-0.6028,3.2419,3.2974,0.2742,1.8142,2.5000,-15.7022,1.0058,21.7129,-0.4977,3.0000,0.0000,2.0000,0,14.1273,974.1815,999.3014,986.7415,12.5599,-10.7654,-30.0160,993.4322,958.5200
6.139,0,0,heuristic,1.7354,7.1496,2.3203,-0.6804,3.2493,3.3197,0.2492,1.8138,2.5000,-15.5777,1.0058,21.5487,-0.5065,3.0000,0.0000,2.0000,0,14.1273,993.4619,999.6322,996.5471,3.0852,-11.0665,-29.9390,1000.0000,958.6268
6.189,0,0,heuristic,1.6811,7.3160,2.3338,-0.7530,3.2396,3.3260,0.2245,1.8132,2.5000,-15.4428,1.0058,21.3741,-0.5206,3.0000,0.0000,2.0000,0,14.1273,990.8633,999.6530,995.2581,4.3948,-11.1506,-30.0755,1000.0000,958.4269
6.239,0,0,heuristic,1.6266,7.4724,2.3442,-0.8296,3.2430,3.3475,0.2180,1.8125,2.5000,-15.3130,1.0058,21.2093,-0.5317,3.0000,0.0000,2.0000,0,14.1273,989.9393,999.2723,994.6058,4.6665,-11.4408,-30.3972,1000.0000,957.4343
6.289,0,0,heuristic,1.5652,7.6375,2.3564,-0.9000,3.2294,3.3524,0.2152,1.8115,2.5000,-15.1728,1.0058,21.0343,-0.5449,3.0000,0.0000,2.0000,0,14.1273,990.4848,998.7594,994.6221,4.1373,-11.5079,-30.8654,1000.0000,956.3861
6.339,0,0,heuristic,1.5041,7.7922,2.3680,-0.9743,3.2284,3.3723,0.2040,1.8105,2.5000,-15.0383,1.0058,20.8694,-0.5575,3.0000,0.0000,2.0000,0,14.1273,993.8524,997.3635,995.6080,1.7555,-11.7755,-31.1698,1000.0000,954.4183
6.389,0,0,heuristic,1.4361,7.9554,2.3788,-1.0412,3.2105,3.3751,0.1860,1.8091,2.5000,-14.8935,1.0058,20.6947,-0.5697,3.0000,0.0000,2.0000,0,14.1273,996.7174,999.5769,998.1472,1.4297,-11.8135,-31.3422,1000.0000,956.4213
6.439,0,0,heuristic,1.3691,8.1083,2.3871,-1.1120,3.2052,3.3926,0.1720,1.8077,2.5000,-14.7551,1.0058,20.5304,-0.5793,3.0000,0.0000,2.0000,0,14.1273,997.8180,998.9665,998.3922,0.5743,-12.0504,-31.4833,1000.0000,955.4328
6.489,0,0,heuristic,1.2951,8.2693,2.3968,-1.1743,3.1834,3.3931,0.1590,1.8061,2.5000,-14.6064,1.0058,20.3566,-0.5908,3.0000,0.0000,2.0000,0,14.1273,996.3470,999.4605,997.9037,1.5567,-12.0564,-31.7114,1000.0000,955.6927
6.539,0,0,heuristic,1.2228,8.4200,2.4060,-1.2408,3.1745,3.4084,0.1470,1.8043,2.5000,-14.4646,1.0058,20.1932,-0.6017,3.0000,0.0000,2.0000,0,14.1273,997.8595,998.4630,998.1613,0.3017,-12.2633,-31.9348,1000.0000,954.2649
6.589,0,0,heuristic,1.1434,8.5786,2.4163,-1.2981,3.1498,3.4068,0.1505,1.8023,2.5000,-14.3126,1.0058,20.0206,-0.6140,3.0000,0.0000,2.0000,0,14.1273,997.8011,997.2949,997.5480,-0.2531,-12.2414,-32.4745,1000.0000,952.5790
6.639,0,0,heuristic,1.0662,8.7270,2.4228,-1.3600,3.1382,3.4202,0.1530,1.8002,2.5000,-14.1680,1.0058,19.8584,-0.6226,3.0000,0.0000,2.0000,0,14.1273,999.1815,998.6614,998.9215,-0.2601,-12.4226,-32.8495,1000.0000,953.3893
6.689,0,0,heuristic,0.9819,8.8832,2.4319,-1.4121,3.1113,3.4167,0.1405,1.7979,2.5000,-14.0132,1.0058,19.6872,-0.6341,3.0000,0.0000,2.0000,0,14.1273,998.0043,999.4869,998.7456,0.7413,-12.3757,-33.0881,1000.0000,954.0231
6.739,0,0,heuristic,0.9004,9.0292,2.4377,-1.4692,3.0975,3.4283,0.1135,1.7955,2.5000,-13.8662,1.0058,19.5267,-0.6422,3.0000,0.0000,2.0000,0,14.1273,998.9977,997.7722,998.3850,-0.6127,-12.5316,-32.9511,1000.0000,952.2895
6.789,0,0,heuristic,0.8118,9.1828,2.4445,-1.5162,3.0687,3.4228,0.1232,1.7928,2.5000,-13.7091,1.0058,19.3573,-0.6517,3.0000,0.0000,2.0000,0,14.1273,996.4441,999.2590,997.8515,1.4074,-12.4584,-33.4852,1000.0000,953.3153
6.839,0,0,heuristic,0.7264,9.3263,2.4508,-1.5687,3.0530,3.4324,0.1188,1.7901,2.5000,-13.5601,1.0058,19.1985,-0.6608,3.0000,0.0000,2.0000,0,14.1273,997.8617,997.0336,997.4476,-0.4141,-12.5873,-33.7631,1000.0000,950.6832
6.889,0,0,heuristic,0.7264,9.3263,2.4557,-1.5687,3.0530,3.4324,0.1067,1.7901,2.5000,-13.5601,1.0058,19.1985,-0.6656,3.0000,0.0000,2.0000,0,14.1273,997.3741,996.7089,997.0415,-0.3326,-12.5873,-33.7504,1000.0000,950.3713
6.939,0,0,heuristic,0.6339,9.4772,2.4603,-1.6107,3.0225,3.4249,0.0993,1.7871,2.5000,-13.4013,1.0058,19.0313,-0.6732,3.0000,0.0000,2.0000,0,14.1273,997.1626,999.4672,998.3149,1.1523,-12.4863,-33.9221,1000.0000,953.0589
6.989,0,0,heuristic,0.5451,9.6180,2.4668,-1.6587,3.0049,3.4323,0.0895,1.7841,2.5000,-13.2508,1.0058,18.8747,-0.6828,3.0000,0.0000,2.0000,0,14.1273,999.1735,997.6815,998.4275,-0.7460,-12.5865,-34.1293,1000.0000,950.9657
7.039,0,0,heuristic,0.4492,9.7660,2.4719,-1.6960,2.9731,3.4228,0.0902,1.7807,2.5000,-13.0905,1.0058,18.7099,-0.6912,3.0000,0.0000,2.0000,0,14.1273,999.2468,997.7606,998.5037,-0.7431,-12.4584,-34.4705,1000.0000,950.8316
7.089,0,0,heuristic,0.3572,9.9042,2.4748,-1.7398,2.9542,3.4284,0.0840,1.7774,2.5000,-12.9389,1.0058,18.5557,-0.6974,3.0000,0.0000,2.0000,0,14.1273,998.8409,993.3334,996.0872,-2.7537,-12.5340,-34.6065,1000.0000,946.1930
7.139,0,0,heuristic,0.2582,10.0494,2.4785,-1.7728,2.9217,3.4175,0.0752,1.7738,2.5000,-12.7775,1.0058,18.3934,-0.7047,3.0000,0.0000,2.0000,0,14.1273,999.1020,997.3083,998.2052,-0.8969,-12.3861,-34.7462,1000.0000,950.1761
7.189,0,0,heuristic,0.1635,10.1849,2.4820,-1.8126,2.9023,3.4218,0.0858,1.7702,2.5000,-12.6250,1.0058,18.2417,-0.7118,3.0000,0.0000,2.0000,0,14.1273,997.9484,998.5034,998.2259,0.2775,-12.4447,-35.1995,1000.0000,950.8592
7.239,0,0,heuristic,0.1635,10.1849,2.4854,-1.8126,2.9023,3.4218,0.0645,1.7702,2.5000,-12.6250,1.0058,18.2417,-0.7152,3.0000,0.0000,2.0000,0,14.1273,998.9014,998.7591,998.8302,-0.0712,-12.4447,-34.9730,1000.0000,951.3414
7.289,0,0,heuristic,0.0618,10.3274,2.4893,-1.8416,2.8698,3.4099,0.0685,1.7662,2.5000,-12.4628,1.0058,18.0820,-0.7231,3.0000,0.0000,2.0000,0,14.1273,998.7452,998.0615,998.4033,-0.3419,-12.2833,-35.3483,1000.0000,950.4299
7.339,0,0,heuristic,-0.0354,10.4605,2.4916,-1.8780,2.8504,3.4135,0.0710,1.7624,2.5000,-12.3095,1.0058,17.9327,-0.7292,3.0000,0.0000,2.0000,0,14.1273,997.3753,997.8099,997.5926,0.2173,-12.3316,-35.6280,1000.0000,949.8502
7.389,0,0,heuristic,-0.1397,10.6004,2.4944,-1.9037,2.8185,3.4012,0.0583,1.7581,2.5000,-12.1464,1.0058,17.7756,-0.7363,3.0000,0.0000,2.0000,0,14.1273,999.1126,997.8077,998.4601,-0.6524,-12.1659,-35.6908,1000.0000,949.9511
7.439,0,0,heuristic,-0.2392,10.7312,2.4971,-1.9373,2.7997,3.4046,0.0595,1.7539,2.5000,-11.9924,1.0058,17.6288,-0.7432,3.0000,0.0000,2.0000,0,14.1273,997.2519,995.3259,996.2889,-0.9630,-12.2126,-35.9787,1000.0000,947.1345
7.489,0,0,heuristic,-0.2392,10.7312,2.4997,-1.9373,2.7997,3.4046,0.0440,1.7539,2.5000,-11.9924,1.0058,17.6288,-0.7457,3.0000,0.0000,2.0000,0,14.1273,998.0315,993.8608,995.9461,-2.0853,-12.2126,-35.8177,1000.0000,945.8305
7.539,0,0,heuristic,-0.3459,10.8688,2.5026,-1.9603,2.7687,3.3925,0.0403,1.7494,2.5000,-11.8286,1.0058,17.4743,-0.7533,3.0000,0.0000,2.0000,0,14.1273,997.5818,995.1994,996.3906,-1.1912,-12.0481,-36.0490,1000.0000,947.1022
7.589,0,0,heuristic,-0.4475,10.9973,2.5043,-1.9918,2.7507,3.3961,0.0425,1.7449,2.5000,-11.6739,1.0058,17.3299,-0.7594,3.0000,0.0000,2.0000,0,14.1273,998.8583,997.0564,997.9574,-0.9010,-12.0975,-36.3255,1000.0000,948.6334
7.639,0,0,heuristic,-0.5565,11.1326,2.5070,-2.0126,2.7207,3.3842,0.0362,1.7400,2.5000,-11.5095,1.0058,17.1780,-0.7669,3.0000,0.0000,2.0000,0,14.1273,997.5707,996.3581,996.9644,-0.6063,-11.9369,-36.5133,1000.0000,947.9079
7.689,0,0,heuristic,-0.6602,11.2590,2.5084,-2.0422,2.7035,3.3881,0.0270,1.7353,2.5000,-11.3542,1.0058,17.0361,-0.7731,3.0000,0.0000,2.0000,0,14.1273,998.4154,997.3880,997.9017,-0.5137,-11.9898,-36.6000,1000.0000,948.7982
7.740,0,0,heuristic,-0.7713,11.3921,2.5107,-2.0610,2.6746,3.3766,0.0367,1.7301,2.5000,-11.1891,1.0058,16.8868,-0.7806,3.0000,0.0000,2.0000,0,14.1273,998.0352,994.2730,996.1541,-1.8811,-11.8336,-37.0556,1000.0000,945.3838
7.789,0,0,heuristic,-0.8769,11.5166,2.5128,-2.0887,2.6583,3.3808,0.0240,1.7250,2.5000,-11.0333,1.0058,16.7474,-0.7878,3.0000,0.0000,2.0000,0,14.1273,997.4743,995.3208,996.3976,-1.0767,-11.8902,-37.1192,1000.0000,946.3115
7.839,0,0,heuristic,-0.8769,11.5166,2.5140,-2.0887,2.6583,3.3808,0.0300,1.7250,2.5000,-11.0333,1.0058,16.7474,-0.7890,3.0000,0.0000,2.0000,0,14.1273,997.0578,994.5811,995.8195,-1.2383,-11.8902,-37.2658,1000.0000,945.4252
7.889,0,0,heuristic,-0.9898,11.6476,2.5158,-2.1054,2.6306,3.3694,0.0278,1.7195,2.5000,-10.8678,1.0058,16.6008,-0.7963,3.0000,0.0000,2.0000,0,14.1273,997.6724,996.0275,996.8500,-0.8225,-11.7365,-37.5120,1000.0000,946.7791
7.939,0,0,heuristic,-1.0971,11.7702,2.5171,-2.1311,2.6152,3.3735,0.0338,1.7142,2.5000,-10.7116,1.0058,16.4640,-0.8029,3.0000,0.0000,2.0000,0,14.1273,998.3525,995.3009,996.8267,-1.5258,-11.7929,-37.8710,1000.0000,945.6369
7.989,0,0,heuristic,-1.2116,11.8992,2.5183,-2.1456,2.5884,3.3621,0.0302,1.7084,2.5000,-10.5457,1.0058,16.3202,-0.8099,3.0000,0.0000,2.0000,0,14.1273,996.2361,993.6269,994.9315,-1.3046,-11.6377,-38.0845,1000.0000,943.9046
8.039,0,0,heuristic,-1.3203,12.0199,2.5194,-2.1693,2.5738,3.3660,0.0178,1.7027,2.5000,-10.3893,1.0058,16.1859,-0.8166,3.0000,0.0000,2.0000,0,14.1273,998.0098,991.0750,994.5424,-3.4674,-11.6917,-38.1351,1000.0000,941.2482
8.089,0,0,heuristic,-1.3203,12.0199,2.5204,-2.1693,2.5738,3.3660,0.0047,1.7027,2.5000,-10.3893,1.0058,16.1859,-0.8176,3.0000,0.0000,2.0000,0,14.1273,998.1875,989.4691,993.8283,-4.3592,-11.6917,-37.9548,1000.0000,939.8227
8.139,0,0,heuristic,-1.4364,12.1470,2.5214,-2.1817,2.5480,3.3544,0.0085,1.6966,2.5000,-10.2232,1.0058,16.0449,-0.8248,3.0000,0.0000,2.0000,0,14.1273,998.4106,993.9257,996.1682,-2.2425,-11.5344,-38.2973,1000.0000,944.0939
8.189,0,0,heuristic,-1.5463,12.2660,2.5222,-2.2037,2.5340,3.3582,0.0095,1.6907,2.5000,-10.0666,1.0058,15.9134,-0.8315,3.0000,0.0000,2.0000,0,14.1273,996.0597,992.3293,994.1945,-1.8652,-11.5856,-38.5725,1000.0000,942.1712
8.239,0,0,heuristic,-1.6637,12.3913,2.5230,-2.2143,2.5090,3.3464,0.0027,1.6843,2.5000,-9.9005,1.0058,15.7753,-0.8387,3.0000,0.0000,2.0000,0,14.1273,996.8058,996.8792,996.8425,0.0367,-11.4260,-38.7388,1000.0000,946.7145
8.289,0,0,heuristic,-1.7749,12.5085,2.5235,-2.2347,2.4957,3.3500,0.0023,1.6781,2.5000,-9.7438,1.0058,15.6465,-0.8454,3.0000,0.0000,2.0000,0,14.1273,998.2770,992.9112,995.5941,-2.6829,-11.4752,-38.9908,1000.0000,942.4451
8.339,0,0,heuristic,-1.8935,12.6321,2.5239,-2.2438,2.4717,3.3383,-0.0165,1.6713,2.5000,-9.5775,1.0058,15.5114,-0.8526,3.0000,0.0000,2.0000,0,14.1273,998.3285,996.7630,997.5458,-0.7827,-11.3171,-38.9531,1000.0000,946.4928
8.389,0,0,heuristic,-2.0058,12.7478,2.5242,-2.2631,2.4595,3.3423,0.0043,1.6648,2.5000,-9.4207,1.0058,15.3853,-0.8594,3.0000,0.0000,2.0000,0,14.1273,998.5571,993.5726,996.0648,-2.4923,-11.3706,-39.5659,1000.0000,942.6361
8.439,0,0,heuristic,-2.1255,12.8698,2.5245,-2.2710,2.4368,3.3310,0.0230,1.6577,2.5000,-9.2542,1.0058,15.2530,-0.8668,3.0000,0.0000,2.0000,0,14.1273,997.4628,991.9359,994.6993,-2.7635,-11.2189,-40.1650,1000.0000,940.5520
8.489,0,0,heuristic,-2.2389,12.9841,2.5246,-2.2893,2.4259,3.3355,-0.0045,1.6509,2.5000,-9.0972,1.0058,15.1296,-0.8737,3.0000,0.0000,2.0000,0,14.1273,998.5748,990.1792,994.3770,-4.1978,-11.2792,-39.9720,1000.0000,938.9280
8.539,0,0,heuristic,-2.2389,12.9841,2.5247,-2.2893,2.4259,3.3355,0.0092,1.6509,2.5000,-9.0972,1.0058,15.1296,-0.8738,3.0000,0.0000,2.0000,0,14.1273,997.9019,997.8384,997.8702,-0.0317,-11.2792,-40.2045,1000.0000,946.3548
8.589,0,0,heuristic,-2.3597,13.1047,2.5246,-2.2961,2.4045,3.3248,-0.0225,1.6435,2.5000,-8.9306,1.0058,15.0001,-0.8811,3.0000,0.0000,2.0000,0,14.1273,998.4388,996.5634,997.5011,-0.9377,-11.1343,-39.9535,1000.0000,945.4756
8.639,0,0,heuristic,-2.4741,13.2177,2.5245,-2.3134,2.3947,3.3296,-0.0230,1.6364,2.5000,-8.7735,1.0058,14.8794,-0.8881,3.0000,0.0000,2.0000,0,14.1273,995.4344,994.8211,995.1278,-0.3066,-11.1995,-40.2139,1000.0000,943.4078
8.689,0,0,heuristic,-2.5959,13.3370,2.5242,-2.3192,2.3745,3.3192,-0.0080,1.6287,2.5000,-8.6067,1.0058,14.7528,-0.8955,3.0000,0.0000,2.0000,0,14.1273,997.2606,992.8860,995.0733,-2.1873,-11.0595,-40.7521,1000.0000,941.0744
8.739,0,0,heuristic,-2.7112,13.4489,2.5239,-2.3357,2.3658,3.3245,-0.0145,1.6213,2.5000,-8.4495,1.0058,14.6349,-0.9026,3.0000,0.0000,2.0000,0,14.1273,998.0578,988.9136,993.4857,-4.5721,-11.1309,-40.9168,1000.0000,936.8660
8.789,0,0,heuristic,-2.8339,13.5670,2.5235,-2.3407,2.3469,3.3146,-0.0110,1.6133,2.5000,-8.2826,1.0058,14.5112,-0.9102,3.0000,0.0000,2.0000,0,14.1273,995.9781,988.3909,992.1845,-3.7936,-10.9972,-41.2665,1000.0000,936.1272
8.839,0,0,heuristic,-2.9500,13.6778,2.5231,-2.3563,2.3391,3.3202,-0.0005,1.6055,2.5000,-8.1252,1.0058,14.3960,-0.9175,3.0000,0.0000,2.0000,0,14.1273,998.5303,991.6665,995.0984,-3.4319,-11.0724,-41.7224,1000.0000,938.8717
8.889,0,0,heuristic,-3.0736,13.7947,2.5224,-2.3604,2.3211,3.3104,-0.0095,1.5972,2.5000,-7.9582,1.0058,14.2753,-0.9253,3.0000,0.0000,2.0000,0,14.1273,996.0128,982.2580,989.1354,-6.8774,-10.9404,-41.8668,1000.0000,929.4508
8.939,0,0,heuristic,-3.1904,13.9045,2.5218,-2.3750,2.3140,3.3159,-0.0125,1.5891,2.5000,-7.8008,1.0058,14.1630,-0.9327,3.0000,0.0000,2.0000,0,14.1273,996.3712,972.9565,984.6638,-11.7074,-11.0152,-42.1009,1000.0000,919.8403
8.989,0,0,heuristic,-3.3147,14.0203,2.5210,-2.3780,2.2968,3.3061,-0.0270,1.5804,2.5000,-7.6338,1.0058,14.0455,-0.9406,3.0000,0.0000,2.0000,0,14.1273,996.0369,943.2142,969.6255,-26.4113,-10.8828,-42.1567,1000.0000,890.1747
9.039,0,0,heuristic,-3.4322,14.1290,2.5201,-2.3917,2.2904,3.3115,-0.0210,1.5721,2.5000,-7.4764,1.0058,13.9361,-0.9480,3.0000,0.0000,2.0000,0,14.1273,996.4736,916.6910,956.5823,-39.8913,-10.9554,-42.5388,1000.0000,863.1969
9.089,0,0,heuristic,-3.4322,14.1290,2.5195,-2.3917,2.2904,3.3115,-0.0230,1.5721,2.5000,-7.4764,1.0058,13.9361,-0.9474,3.0000,0.0000,2.0000,0,14.1273,996.3225,896.3574,946.3400,-49.9825,-10.9554,-42.4808,1000.0000,842.9212
9.139,0,0,heuristic,-3.5570,14.2438,2.5183,-2.3933,2.2736,3.3011,-0.0253,1.5630,2.5000,-7.3096,1.0058,13.8218,-0.9553,3.0000,0.0000,2.0000,0,14.1273,992.1018,914.8253,953.4635,-38.6382,-10.8146,-42.7396,1000.0000,861.2711
9.189,0,0,heuristic,-3.6747,14.3512,2.5172,-2.4052,2.2667,3.3050,-0.0438,1.5544,2.5000,-7.1526,1.0058,13.7158,-0.9628,3.0000,0.0000,2.0000,0,14.1273,993.8271,866.1019,929.9645,-63.8626,-10.8670,-42.7131,1000.0000,812.5218
9.239,0,0,heuristic,-3.7996,14.4644,2.5156,-2.4046,2.2487,3.2922,-0.0450,1.5451,2.5000,-6.9865,1.0058,13.6052,-0.9705,3.0000,0.0000,2.0000,0,14.1273,994.8603,837.8251,916.3427,-78.5176,-10.6945,-42.9797,1000.0000,784.1509
9.289,0,0,heuristic,-3.9173,14.5703,2.5136,-2.4143,2.2403,3.2936,-0.0585,1.5362,2.5000,-6.8304,1.0058,13.5029,-0.9774,3.0000,0.0000,2.0000,0,14.1273,995.7853,842.7011,919.2432,-76.5421,-10.7133,-43.0122,1000.0000,788.9756
9.339,0,0,heuristic,-4.0422,14.6819,2.5118,-2.4117,2.2212,3.2787,-0.0555,1.5266,2.5000,-6.6652,1.0058,13.3964,-0.9852,3.0000,0.0000,2.0000,0,14.1273,995.9186,818.1170,907.0178,-88.9008,-10.5124,-43.3515,1000.0000,764.2532
9.389,0,0,heuristic,-4.1597,14.7861,2.5097,-2.4191,2.2111,3.2773,-0.0630,1.5174,2.5000,-6.5101,1.0058,13.2980,-0.9923,3.0000,0.0000,2.0000,0,14.1273,993.4324,787.0306,890.2315,-103.2009,-10.4942,-43.4863,1000.0000,733.0501
9.439,0,0,heuristic,-4.2843,14.8956,2.5066,-2.4142,2.1902,3.2597,-0.0950,1.5075,2.5000,-6.3463,1.0058,13.1959,-0.9991,3.0000,0.0000,2.0000,0,14.1273,993.3809,758.4139,875.8974,-117.4835,-10.2555,-43.1961,1000.0000,704.9623
9.489,0,0,heuristic,-4.4014,14.9979,2.5030,-2.4196,2.1784,3.2558,-0.1013,1.4981,2.5000,-6.1925,1.0058,13.1018,-1.0049,3.0000,0.0000,2.0000,0,14.1273,994.7794,744.5264,869.6529,-125.1265,-10.2032,-43.3013,1000.0000,691.0219
9.539,0,0,heuristic,-4.5255,15.1054,2.4989,-2.4127,2.1560,3.2356,-0.1140,1.4880,2.5000,-6.0303,1.0058,13.0043,-1.0109,3.0000,0.0000,2.0000,0,14.1273,994.6157,696.0425,845.3291,-149.2866,-9.9311,-43.2984,1000.0000,642.8131
9.589,0,0,heuristic,-4.6420,15.2056,2.4942,-2.4158,2.1424,3.2289,-0.1293,1.4784,2.5000,-5.8782,1.0058,12.9147,-1.0158,3.0000,0.0000,2.0000,0,14.1273,996.4741,668.7533,832.6137,-163.8604,-9.8404,-43.2112,1000.0000,615.7017
9.639,0,0,heuristic,-4.7653,15.3107,2.4887,-2.4068,2.1183,3.2063,-0.1345,1.4680,2.5000,-5.7178,1.0058,12.8221,-1.0207,3.0000,0.0000,2.0000,0,14.1273,996.5820,641.0755,818.8288,-177.7533,-9.5345,-43.2886,1000.0000,588.2525
9.689,0,0,heuristic,-4.8811,15.4087,2.4826,-2.4078,2.1029,3.1968,-0.1633,1.4582,2.5000,-5.5675,1.0058,12.7371,-1.0244,3.0000,0.0000,2.0000,0,14.1273,994.5613,650.4592,822.5103,-172.0510,-9.4074,-42.9242,1000.0000,598.1276
9.739,0,0,heuristic,-4.8811,15.4087,2.4772,-2.4078,2.1029,3.1968,-0.1738,1.4582,2.5000,-5.5675,1.0058,12.7371,-1.0190,3.0000,0.0000,2.0000,0,14.1273,996.5564,627.3730,811.9647,-184.5917,-9.4074,-42.5350,1000.0000,575.4306
9.789,0,0,heuristic,-5.0034,15.5113,2.4696,-2.3967,2.0770,3.1715,-0.1867,1.4477,2.5000,-5.4093,1.0058,12.6496,-1.0219,3.0000,0.0000,2.0000,0,14.1273,993.8609,598.3244,796.0926,-197.7683,-9.0646,-42.3996,1000.0000,546.8601
9.839,0,0,heuristic,-5.1182,15.6068,2.4612,-2.3958,2.0596,3.1594,-0.2157,1.4377,2.5000,-5.2611,1.0058,12.5695,-1.0235,3.0000,0.0000,2.0000,0,14.1273,995.1011,569.2317,782.1664,-212.9347,-8.9018,-41.9429,1000.0000,518.3869
9.889,0,0,heuristic,-5.2396,15.7070,2.4519,-2.3835,2.0329,3.1327,-0.2230,1.4270,2.5000,-5.1050,1.0058,12.4871,-1.0249,3.0000,0.0000,2.0000,0,14.1273,991.7573,556.1287,773.9430,-217.8143,-8.5413,-41.8389,1000.0000,505.7485
9.939,0,0,heuristic,-5.3536,15.8003,2.4439,-2.3820,2.0152,3.1201,-0.2328,1.4168,2.5000,-4.9587,1.0058,12.4117,-1.0271,3.0000,0.0000,2.0000,0,14.1273,992.0303,518.6887,755.3595,-236.6708,-8.3712,-41.7204,1000.0000,468.5971
9.989,0,0,heuristic,-5.4742,15.8982,2.4331,-2.3692,1.9885,3.0931,-0.2345,1.4059,2.5000,-4.8045,1.0058,12.3342,-1.0271,3.0000,0.0000,2.0000,0,14.1273,991.9793,502.0877,747.0335,-244.9458,-8.0066,-41.6496,1000.0000,452.4315
10.039,0,0,heuristic,-5.5874,15.9893,2.4237,-2.3670,1.9706,3.0800,-0.2690,1.3956,2.5000,-4.6601,1.0058,12.2635,-1.0281,3.0000,0.0000,2.0000,0,14.1273,994.9890,485.2664,740.1277,-254.8613,-7.8296,-41.0641,1000.0000,436.3726
10.089,0,0,heuristic,-5.7070,16.0849,2.4087,-2.3539,1.9440,3.0528,-0.2918,1.3846,2.5000,-4.5079,1.0058,12.1910,-1.0241,3.0000,0.0000,2.0000,0,14.1273,993.2507,451.2359,722.2433,-271.0074,-7.4633,-40.4716,1000.0000,403.3010
10.139,0,0,heuristic,-5.8194,16.1739,2.4006,-2.3514,1.9262,3.0396,-0.2958,1.3741,2.5000,-4.3653,1.0058,12.1250,-1.0265,3.0000,0.0000,2.0000,0,14.1273,983.8642,408.2942,696.0792,-287.7850,-7.2847,-40.4437,1000.0000,360.5658
10.189,0,0,heuristic,-5.9383,16.2673,2.3893,-2.3381,1.9001,3.0128,-0.3108,1.3629,2.5000,-4.2149,1.0058,12.0574,-1.0264,3.0000,0.0000,2.0000,0,14.1273,989.0667,424.1541,706.6104,-282.4563,-6.9234,-40.1267,1000.0000,377.1040
10.239,0,0,heuristic,-6.0499,16.3543,2.3744,-2.3355,1.8827,2.9999,-0.3375,1.3523,2.5000,-4.0741,1.0058,11.9959,-1.0221,3.0000,0.0000,2.0000,0,14.1273,993.8771,377.8173,685.8472,-308.0299,-6.7482,-39.4467,1000.0000,331.6224
10.289,0,0,heuristic,-6.1678,16.4456,2.3584,-2.3220,1.8570,2.9733,-0.3628,1.3410,2.5000,-3.9256,1.0058,11.9332,-1.0174,3.0000,0.0000,2.0000,0,14.1273,979.4395,384.9810,682.2103,-297.2293,-6.3889,-38.7680,1000.0000,339.8241
10.339,0,0,heuristic,-6.2786,16.5307,2.3415,-2.3194,1.8402,2.9607,-0.3930,1.3303,2.5000,-3.7865,1.0058,11.8763,-1.0112,3.0000,0.0000,2.0000,0,14.1273,949.8924,347.5300,648.7112,-301.1812,-6.2201,-37.9462,981.6185,303.3637
10.389,0,0,heuristic,-6.2786,16.5307,2.3273,-2.3194,1.8402,2.9607,-0.4125,1.3303,2.5000,-3.7865,1.0058,11.8763,-0.9970,3.0000,0.0000,2.0000,0,14.1273,935.5537,327.7665,631.6601,-303.8936,-6.2201,-37.0633,966.3969,284.4831
10.439,0,0,heuristic,-6.5059,16.7036,2.3086,-2.3039,1.8009,2.9242,-0.4200,1.3080,2.5000,-3.5019,1.0058,11.7654,-1.0006,3.0000,0.0000,2.0000,0,14.1273,924.7977,315.1780,619.9878,-304.8098,-5.7269,-36.9065,955.9773,272.5446
10.489,0,0,heuristic,-6.6223,16.7915,2.2850,-2.2908,1.7786,2.9002,-0.4388,1.2965,2.5000,-3.3565,1.0058,11.7116,-0.9885,3.0000,0.0000,2.0000,0,14.1273,908.3588,282.4880,595.4234,-312.9354,-5.4025,-36.0241,938.9804,241.0615
10.539,0,0,heuristic,-6.6223,16.7915,2.2686,-2.2908,1.7786,2.9002,-0.4600,1.2965,2.5000,-3.3565,1.0058,11.7116,-0.9721,3.0000,0.0000,2.0000,0,14.1273,902.8674,284.8353,593.8513,-309.0160,-5.4025,-35.0262,932.4912,244.4066
10.589,0,0,heuristic,-6.8469,16.9601,2.2429,-2.2736,1.7448,2.8659,-0.4565,1.2739,2.5000,-3.0766,1.0058,11.6130,-0.9690,3.0000,0.0000,2.0000,0,14.1273,917.6447,280.8650,599.2548,-318.3899,-4.9401,-34.7545,947.4591,241.1704
10.639,0,0,heuristic,-6.9549,17.0410,2.2208,-2.2692,1.7332,2.8554,-0.4855,1.2630,2.5000,-2.9420,1.0058,11.5679,-0.9578,3.0000,0.0000,2.0000,0,14.1273,888.4820,263.3687,575.9253,-312.5566,-4.7980,-33.7193,917.4033,224.8513
10.689,0,0,heuristic,-6.9549,17.0410,2.2025,-2.2692,1.7332,2.8554,-0.4868,1.2630,2.5000,-2.9420,1.0058,11.5679,-0.9396,3.0000,0.0000,2.0000,0,14.1273,878.3920,265.5574,571.9747,-306.4173,-4.7980,-32.9854,906.5794,227.7740
10.739,0,0,heuristic,-7.0690,17.1265,2.1790,-2.2539,1.7153,2.8324,-0.5112,1.2513,2.5000,-2.7999,1.0058,11.5218,-0.9277,3.0000,0.0000,2.0000,0,14.1273,877.8959,246.6542,562.2751,-315.6208,-4.4868,-31.9848,905.3939,210.1826
10.789,0,0,heuristic,-7.1759,17.2069,2.1647,-2.2486,1.7071,2.8232,-0.4983,1.2402,2.5000,-2.6666,1.0058,11.4797,-0.9245,3.0000,0.0000,2.0000,0,14.1273,845.8314,243.1242,544.4778,-301.3536,-4.3628,-31.9480,873.4166,206.8134
10.839,0,0,heuristic,-7.2886,17.2920,2.1402,-2.2323,1.6931,2.8017,-0.5152,1.2285,2.5000,-2.5258,1.0058,11.4366,-0.9117,3.0000,0.0000,2.0000,0,14.1273,867.0697,209.3217,538.1957,-328.8740,-4.0734,-31.0220,894.0182,174.2262
10.889,0,0,heuristic,-7.3941,17.3722,2.1254,-2.2256,1.6887,2.7937,-0.5260,1.2174,2.5000,-2.3938,1.0058,11.3972,-0.9080,3.0000,0.0000,2.0000,0,14.1273,856.5212,218.0540,537.2876,-319.2336,-3.9653,-30.5518,883.1077,183.5370
10.939,0,0,heuristic,-7.3941,17.3722,2.1053,-2.2256,1.6887,2.7937,-0.5240,1.2174,2.5000,-2.3938,1.0058,11.3972,-0.8879,3.0000,0.0000,2.0000,0,14.1273,878.6728,209.3515,544.0121,-334.6606,-3.9653,-29.8008,904.5083,175.5855
10.989,0,0,heuristic,-7.6092,17.5378,2.0746,-2.1995,1.6777,2.7663,-0.5278,1.1945,2.5000,-2.1235,1.0058,11.3193,-0.8800,3.0000,0.0000,2.0000,0,14.1273,886.8719,190.4753,538.6736,-348.1983,-3.5951,-29.1109,912.3877,157.7693
11.039,0,0,heuristic,-7.6092,17.5378,2.0589,-2.1995,1.6777,2.7663,-0.5335,1.1945,2.5000,-2.1235,1.0058,11.3193,-0.8644,3.0000,0.0000,2.0000,0,14.1273,873.3613,194.5545,533.9579,-339.4034,-3.5951,-28.4031,898.1693,162.5563
11.089,0,0,heuristic,-7.7187,17.6234,2.0326,-2.1806,1.6714,2.7475,-0.5435,1.1827,2.5000,-1.9852,1.0058,11.2807,-0.8499,3.0000,0.0000,2.0000,0,14.1273,855.2646,197.7170,526.4908,-328.7738,-3.3414,-27.4915,879.4147,166.8840
11.139,0,0,heuristic,-7.8211,17.7046,2.0219,-2.1714,1.6756,2.7427,-0.5610,1.1715,2.5000,-1.8551,1.0058,11.2449,-0.8504,3.0000,0.0000,2.0000,0,14.1273,838.5993,189.5867,514.0930,-324.5063,-3.2764,-27.0396,862.3626,159.2706
11.189,0,0,heuristic,-7.9289,17.7915,1.9948,-2.1518,1.6747,2.7267,-0.5567,1.1597,2.5000,-1.7176,1.0058,11.2076,-0.8352,3.0000,0.0000,2.0000,0,14.1273,826.3200,179.3685,502.8443,-323.4758,-3.0605,-26.3216,849.5812,149.9864
11.239,0,0,heuristic,-8.0297,17.8742,1.9675,-2.1412,1.6842,2.7242,-0.5637,1.1484,2.5000,-1.5882,1.0058,11.1728,-0.8191,3.0000,0.0000,2.0000,0,14.1273,833.7556,161.4753,497.6154,-336.1402,-3.0272,-25.3820,856.1104,133.0661
11.289,0,0,heuristic,-8.0297,17.8742,1.9508,-2.1412,1.6842,2.7242,-0.5813,1.1484,2.5000,-1.5882,1.0058,11.1728,-0.8024,3.0000,0.0000,2.0000,0,14.1273,836.7614,154.7848,495.7731,-340.9883,-3.0272,-24.4375,858.1718,127.3201
11.339,0,0,heuristic,-8.1354,17.9628,1.9230,-2.1198,1.6881,2.7098,-0.5623,1.1365,2.5000,-1.4514,1.0058,11.1361,-0.7865,3.0000,0.0000,2.0000,0,14.1273,836.6223,174.3422,505.4823,-331.1401,-2.8324,-23.9224,857.7123,147.5873
11.389,0,0,heuristic,-8.2340,18.0471,1.9060,-2.1065,1.7019,2.7081,-0.5830,1.1253,2.5000,-1.3230,1.0058,11.1018,-0.7808,3.0000,0.0000,2.0000,0,14.1273,830.8159,156.6285,493.7222,-337.0937,-2.8094,-23.1429,851.1494,130.6763
11.439,0,0,heuristic,-8.3373,18.1376,1.8778,-2.0825,1.7096,2.6944,-0.5640,1.1133,2.5000,-1.1873,1.0058,11.0654,-0.7645,3.0000,0.0000,2.0000,0,14.1273,838.7746,177.3022,508.0384,-330.7362,-2.6238,-22.5970,858.7478,152.0814
11.489,0,0,heuristic,-8.4335,18.2240,1.8549,-2.0667,1.7278,2.6937,-0.5870,1.1020,2.5000,-1.0599,1.0058,11.0311,-0.7529,3.0000,0.0000,2.0000,0,14.1273,841.8036,177.2788,509.5412,-332.2624,-2.6154,-21.5373,860.7254,153.1261
11.539,0,0,heuristic,-8.4335,18.2240,1.8319,-2.0667,1.7278,2.6937,-0.6028,1.1020,2.5000,-1.0599,1.0058,11.0311,-0.7299,3.0000,0.0000,2.0000,0,14.1273,845.0306,178.1284,511.5795,-333.4511,-2.6154,-20.3761,862.7913,155.1369
11.589,0,0,heuristic,-8.5340,18.3171,1.8030,-2.0402,1.7401,2.6814,-0.6000,1.0901,2.5000,-0.9251,1.0058,10.9943,-0.7129,3.0000,0.0000,2.0000,0,14.1273,824.5404,185.8293,505.1849,-319.3555,-2.4495,-19.5170,841.6079,163.8629
11.639,0,0,heuristic,-8.6275,18.4062,1.7913,-2.0214,1.7634,2.6825,-0.5975,1.0787,2.5000,-0.7985,1.0058,10.9592,-0.7126,3.0000,0.0000,2.0000,0,14.1273,819.5132,210.3064,514.9098,-304.6034,-2.4632,-19.3140,836.3639,188.5292
11.689,0,0,heuristic,-8.7250,18.5024,1.7623,-1.9921,1.7809,2.6721,-0.5930,1.0667,2.5000,-0.6646,1.0058,10.9212,-0.6956,3.0000,0.0000,2.0000,0,14.1273,811.7226,171.7566,491.7396,-319.9830,-2.3236,-18.4724,827.8714,150.9605
11.739,0,0,heuristic,-8.8153,18.5947,1.7389,-1.9700,1.8094,2.6748,-0.5840,1.0553,2.5000,-0.5389,1.0058,10.8847,-0.6835,3.0000,0.0000,2.0000,0,14.1273,813.9138,162.2796,488.0967,-325.8171,-2.3603,-17.9123,829.4659,142.0070
11.789,0,0,heuristic,-8.8153,18.5947,1.7154,-1.9700,1.8094,2.6748,-0.5795,1.0553,2.5000,-0.5389,1.0058,10.8847,-0.6601,3.0000,0.0000,2.0000,0,14.1273,797.9934,169.3763,483.6849,-314.3085,-2.3603,-17.0735,812.7066,149.9426
11.839,0,0,heuristic,-8.9959,18.7902,1.6802,-1.9111,1.8636,2.6694,-0.6063,1.0319,2.5000,-0.2817,1.0058,10.8066,-0.6483,3.0000,0.0000,2.0000,0,14.1273,839.6060,182.9694,511.2877,-328.3183,-2.2864,-15.6614,852.9810,165.0216
11.889,0,0,heuristic,-8.9959,18.7902,1.6685,-1.9111,1.8636,2.6694,-0.5970,1.0319,2.5000,-0.2817,1.0058,10.8066,-0.6366,3.0000,0.0000,2.0000,0,14.1273,832.1117,174.4474,503.2795,-328.8321,-2.2864,-15.3586,845.1839,156.8024
11.939,0,0,heuristic,-9.0858,18.8934,1.6390,-1.8747,1.8879,2.6605,-0.5845,1.0198,2.5000,-0.1505,1.0058,10.7650,-0.6192,3.0000,0.0000,2.0000,0,14.1273,827.6160,178.2585,502.9373,-324.6788,-2.1672,-14.6301,840.0789,161.4613
11.989,0,0,heuristic,-9.1686,18.9924,1.6097,-1.8445,1.9226,2.6643,-0.5943,1.0084,2.5000,-0.0276,1.0058,10.7247,-0.6013,3.0000,0.0000,2.0000,0,14.1273,813.4031,167.7676,490.5854,-322.8178,-2.2179,-13.5212,824.7064,152.0285
12.039,0,0,heuristic,-9.2541,19.0993,1.5861,-1.8045,1.9496,2.6565,-0.6078,0.9963,2.5000,0.1019,1.0058,10.6806,-0.5898,3.0000,0.0000,2.0000,0,14.1273,821.3471,178.1259,499.7365,-321.6106,-2.1126,-12.5888,831.8234,163.4245
12.089,0,0,heuristic,-9.3325,19.2020,1.5625,-1.7703,1.9874,2.6616,-0.5980,0.9848,2.5000,0.2231,1.0058,10.6377,-0.5776,3.0000,0.0000,2.0000,0,14.1273,798.9038,176.4568,487.6803,-311.2235,-2.1810,-12.0364,808.7592,162.2393
12.139,0,0,heuristic,-9.4132,19.3128,1.5329,-1.7266,2.0162,2.6545,-0.6043,0.9727,2.5000,0.3506,1.0058,10.5908,-0.5602,3.0000,0.0000,2.0000,0,14.1273,786.1598,200.3391,493.2494,-292.9103,-2.0853,-10.9971,795.0716,187.2567
12.189,0,0,heuristic,-9.4869,19.4190,1.5034,-1.6883,2.0553,2.6598,-0.6118,0.9613,2.5000,0.4696,1.0058,10.5452,-0.5421,3.0000,0.0000,2.0000,0,14.1273,812.3044,226.7911,519.5477,-292.7566,-2.1575,-9.9336,820.0805,214.6999
12.239,0,0,heuristic,-9.4869,19.4190,1.4797,-1.6883,2.0553,2.6598,-0.5775,0.9613,2.5000,0.4696,1.0058,10.5452,-0.5185,3.0000,0.0000,2.0000,0,14.1273,818.6742,195.2858,506.9800,-311.6942,-2.1575,-9.5868,826.1035,183.5415
12.289,0,0,heuristic,-9.5623,19.5334,1.4502,-1.6406,2.0844,2.6526,-0.6118,0.9491,2.5000,0.5946,1.0058,10.4953,-0.5010,3.0000,0.0000,2.0000,0,14.1273,812.7278,220.7270,516.7274,-296.0004,-2.0599,-8.0890,818.7568,210.5781
12.339,0,0,heuristic,-9.6307,19.6429,1.4266,-1.5975,2.1237,2.6575,-0.5837,0.9377,2.5000,0.7110,1.0058,10.4468,-0.4889,3.0000,0.0000,2.0000,0,14.1273,831.1182,207.4057,519.2619,-311.8563,-2.1259,-7.8658,836.8581,197.4140
12.389,0,0,heuristic,-9.7002,19.7610,1.3974,-1.5454,2.1531,2.6503,-0.5938,0.9256,2.5000,0.8329,1.0058,10.3935,-0.4718,3.0000,0.0000,2.0000,0,14.1273,850.7873,208.7487,529.7680,-321.0193,-2.0296,-6.8020,855.5598,199.9172
12.439,0,0,heuristic,-9.7629,19.8740,1.3740,-1.4977,2.1932,2.6558,-0.5865,0.9142,2.5000,0.9464,1.0058,10.3417,-0.4599,3.0000,0.0000,2.0000,0,14.1273,860.1547,209.4812,534.8179,-325.3367,-2.1029,-6.2494,864.3011,201.1290
12.489,0,0,heuristic,-9.8263,19.9956,1.3507,-1.4419,2.2225,2.6493,-0.5723,0.9021,2.5000,1.0651,1.0058,10.2847,-0.4487,3.0000,0.0000,2.0000,0,14.1273,792.3904,225.2276,508.8090,-283.5814,-2.0152,-5.8387,796.2139,217.3737
12.539,0,0,heuristic,-9.8830,20.1120,1.3215,-1.3900,2.2630,2.6558,-0.5813,0.8907,2.5000,1.1753,1.0058,10.2293,-0.4309,3.0000,0.0000,2.0000,0,14.1273,778.8350,265.6283,522.2317,-256.6034,-2.1030,-4.8018,781.5338,258.7235
12.589,0,0,heuristic,-9.9399,20.2374,1.2982,-1.3307,2.2925,2.6507,-0.5737,0.8786,2.5000,1.2904,1.0058,10.1683,-0.4197,3.0000,0.0000,2.0000,0,14.1273,811.7055,264.6090,538.1573,-273.5482,-2.0347,-4.2962,813.9670,258.2782
12.639,0,0,heuristic,-9.9904,20.3570,1.2693,-1.2748,2.3322,2.6579,-0.5865,0.8672,2.5000,1.3971,1.0058,10.1091,-0.4021,3.0000,0.0000,2.0000,0,14.1273,802.0294,275.3003,538.6648,-263.3646,-2.1313,-3.2203,803.1184,269.9487
12.689,0,0,heuristic,-10.0402,20.4853,1.2403,-1.2116,2.3594,2.6523,-0.5743,0.8551,2.5000,1.5079,1.0058,10.0443,-0.3852,3.0000,0.0000,2.0000,0,14.1273,792.7133,274.9087,533.8110,-258.9023,-2.0565,-2.5897,793.2465,270.2624
12.739,0,0,heuristic,-10.0838,20.6077,1.2117,-1.1509,2.3975,2.6594,-0.5577,0.8438,2.4953,1.6103,1.0058,9.9811,-0.3679,3.0000,0.0000,2.0000,0,14.1273,829.4487,292.1126,560.7807,-268.6680,-2.2157,-2.0363,829.2694,287.8606
12.789,0,0,heuristic,-10.0838,20.6077,1.1890,-1.1509,2.3975,2.6594,-0.5643,0.8438,2.4953,1.6103,1.0058,9.9811,-0.3452,3.0000,0.0000,2.0000,0,14.1273,828.5775,288.8972,558.7374,-269.8401,-2.2157,-1.0400,827.4018,285.6416
12.839,0,0,heuristic,-10.1262,20.7390,1.1607,-1.0838,2.4229,2.6543,-0.5527,0.8318,2.4780,1.7164,1.0058,9.9119,-0.3289,3.0000,0.0000,2.0000,0,14.1273,798.1597,291.6567,544.9082,-253.2515,-2.3801,-0.4406,796.2202,288.8361
12.889,0,0,heuristic,-10.1626,20.8639,1.1440,-1.0187,2.4590,2.6617,-0.5505,0.8205,2.4612,1.8140,1.0058,9.8447,-0.3235,3.0000,0.0000,2.0000,0,14.1273,804.7326,277.3176,541.0251,-263.7075,-2.7069,-0.1256,802.1513,274.4852
12.939,0,0,heuristic,-10.1972,20.9979,1.1106,-0.9481,2.4825,2.6574,-0.5473,0.8085,2.4428,1.9150,1.0058,9.7710,-0.3021,3.0000,0.0000,2.0000,0,14.1273,827.7418,291.3890,559.5654,-268.1764,-2.8978,0.7947,824.0493,289.2859
12.989,0,0,heuristic,-10.2262,21.1253,1.0886,-0.8791,2.5168,2.6659,-0.5545,0.7973,2.4249,2.0076,1.0058,9.6995,-0.2913,3.0000,0.0000,2.0000,0,14.1273,798.6756,288.2215,543.4485,-255.2271,-3.2545,1.4626,793.9585,286.4295
13.039,0,0,heuristic,-10.2529,21.2614,1.0612,-0.8060,2.5369,2.6619,-0.5530,0.7854,2.4054,2.1030,1.0058,9.6214,-0.2757,3.0000,0.0000,2.0000,0,14.1273,790.6704,286.0516,538.3610,-252.3094,-3.4630,2.1675,785.0399,284.7561
13.089,0,0,heuristic,-10.2744,21.3904,1.0341,-0.7345,2.5672,2.6702,-0.5390,0.7743,2.3865,2.1903,1.0058,9.5460,-0.2598,3.0000,0.0000,2.0000,0,14.1273,811.1744,331.4638,571.3191,-239.8553,-3.8295,2.6631,804.6818,330.2974
13.139,0,0,heuristic,-10.2932,21.5281,1.0070,-0.6598,2.5831,2.6660,-0.5483,0.7625,2.3660,2.2799,1.0058,9.4638,-0.2445,3.0000,0.0000,2.0000,0,14.1273,785.7956,318.4042,552.0999,-233.6957,-4.0505,3.5218,778.2233,317.8755
13.189,0,0,heuristic,-10.3073,21.6582,0.9855,-0.5865,2.6087,2.6738,-0.5438,0.7514,2.3462,2.3614,1.0058,9.3847,-0.2341,3.0000,0.0000,2.0000,0,14.1273,782.6664,333.3725,558.0195,-224.6469,-4.4232,3.9460,774.2973,332.8953
13.239,0,0,heuristic,-10.3181,21.7967,0.9590,-0.5110,2.6196,2.6690,-0.5245,0.7398,2.3247,2.4447,1.0058,9.2987,-0.2192,3.0000,0.0000,2.0000,0,14.1273,794.2848,312.5608,553.4228,-240.8620,-4.6480,4.2960,785.3408,312.2087
13.289,0,0,heuristic,-10.3246,21.9275,0.9325,-0.4358,2.6407,2.6764,-0.5335,0.7288,2.3040,2.5203,1.0058,9.2159,-0.2037,3.0000,0.0000,2.0000,0,14.1273,793.0526,323.6314,558.3420,-234.7106,-5.0275,5.1328,782.8924,323.7367
13.339,0,0,heuristic,-10.3274,22.0664,0.9065,-0.3594,2.6466,2.6709,-0.5092,0.7173,2.2815,2.5970,1.0058,9.1261,-0.1892,3.0000,0.0000,2.0000,0,14.1273,736.8341,345.3791,541.1066,-195.7275,-5.2569,5.3701,726.2070,345.4922
13.389,0,0,heuristic,-10.3264,22.1972,0.8858,-0.2833,2.6626,2.6776,-0.5232,0.7064,2.2600,2.6662,1.0058,9.0399,-0.1794,3.0000,0.0000,2.0000,0,14.1273,745.9558,326.5121,536.2340,-209.7219,-5.6380,6.0594,734.2584,326.9334
13.439,0,0,heuristic,-10.3214,22.3359,0.8601,-0.2073,2.6634,2.6715,-0.4860,0.6950,2.2367,2.7362,1.0058,8.9466,-0.1651,3.0000,0.0000,2.0000,0,14.1273,768.9576,323.8347,546.3962,-222.5614,-5.8703,6.0592,757.0281,324.0236
13.489,0,0,heuristic,-10.3130,22.4662,0.8348,-0.1312,2.6737,2.6770,-0.4825,0.6843,2.2143,2.7989,1.0058,8.8573,-0.1505,3.0000,0.0000,2.0000,0,14.1273,787.6209,357.8099,572.7154,-214.9055,-6.2456,6.6289,774.7464,358.1932
13.539,0,0,heuristic,-10.3130,22.4662,0.8147,-0.1312,2.6737,2.6770,-0.5002,0.6843,2.2143,2.7989,1.0058,8.8573,-0.1304,3.0000,0.0000,2.0000,0,14.1273,777.5387,373.7838,575.6612,-201.8775,-6.2456,7.7091,763.5840,375.2472
13.589,0,0,heuristic,-10.3004,22.6039,0.7949,-0.0563,2.6685,2.6691,-0.4875,0.6730,2.1903,2.8620,1.0058,8.7610,-0.1218,3.0000,0.0000,2.0000,0,14.1273,718.4112,355.3549,536.8831,-181.5281,-6.4640,7.8877,704.0595,356.7787
13.639,0,0,heuristic,-10.2850,22.7331,0.7702,0.0191,2.6733,2.6734,-0.4793,0.6625,2.1672,2.9181,1.0058,8.6689,-0.1077,3.0000,0.0000,2.0000,0,14.1273,727.8511,357.7890,542.8201,-185.0310,-6.8331,8.3486,712.6693,359.3045
13.689,0,0,heuristic,-10.2647,22.8698,0.7460,0.0935,2.6641,2.6657,-0.4725,0.6514,2.1423,2.9741,1.0058,8.5693,-0.0946,3.0000,0.0000,2.0000,0,14.1273,709.0607,376.9868,543.0238,-166.0370,-7.0658,8.7957,693.1992,378.7167
13.739,0,0,heuristic,-10.2420,22.9979,0.7268,0.1693,2.6651,2.6705,-0.4735,0.6410,2.1185,3.0236,1.0058,8.4741,-0.0858,3.0000,0.0000,2.0000,0,14.1273,738.2840,370.8607,554.5724,-183.7117,-7.4518,9.1977,721.6346,372.6066
13.789,0,0,heuristic,-10.2142,23.1328,0.6984,0.2421,2.6511,2.6621,-0.4555,0.6300,2.0929,3.0724,1.0058,8.3717,-0.0684,3.0000,0.0000,2.0000,0,14.1273,754.6802,394.1842,574.4322,-180.2480,-7.6844,9.6158,737.3801,396.1156
13.839,0,0,heuristic,-10.1848,23.2590,0.6890,0.3163,2.6467,2.6655,-0.4502,0.6198,2.0685,3.1151,1.0058,8.2740,-0.0692,3.0000,0.0000,2.0000,0,14.1273,734.5459,369.3546,551.9502,-182.5956,-8.0602,9.5271,716.9585,370.8214
13.889,0,0,heuristic,-10.1848,23.2590,0.6751,0.3163,2.6467,2.6655,-0.4502,0.6198,2.0685,3.1151,1.0058,8.2740,-0.0553,3.0000,0.0000,2.0000,0,14.1273,693.3253,401.6535,547.4894,-145.8359,-8.0602,10.0711,675.1939,403.6644
13.940,0,0,heuristic,-10.1500,23.3918,0.6659,0.3870,2.6281,2.6564,-0.4418,0.6090,2.0422,3.1568,1.0058,8.1690,-0.0569,3.0000,0.0000,2.0000,0,14.1273,685.5995,395.9554,540.7774,-144.8221,-8.2912,9.8999,667.4084,397.5641
13.989,0,0,heuristic,-10.1139,23.5159,0.6432,0.4600,2.6195,2.6596,-0.4572,0.5990,2.0172,3.1927,1.0058,8.0688,-0.0442,3.0000,0.0000,2.0000,0,14.1273,694.9313,401.5810,548.2561,-146.6751,-8.6728,10.6798,675.5786,403.5880
14.039,0,0,heuristic,-10.0721,23.6462,0.6165,0.5287,2.5969,2.6502,-0.4310,0.5884,1.9903,3.2272,1.0058,7.9612,-0.0280,3.0000,0.0000,2.0000,0,14.1273,729.1871,404.0807,566.6339,-162.5532,-8.9081,10.8971,709.3819,406.0697
14.089,0,0,heuristic,-10.0297,23.7677,0.5990,0.5998,2.5837,2.6524,-0.4485,0.5786,1.9647,3.2564,1.0058,7.8589,-0.0204,3.0000,0.0000,2.0000,0,14.1273,718.1054,409.1161,563.6108,-154.4947,-9.2837,11.5108,697.3109,411.3433
14.139,0,0,heuristic,-9.9813,23.8950,0.5732,0.6657,2.5567,2.6420,-0.4165,0.5682,1.9373,3.2838,1.0058,7.7492,-0.0050,3.0000,0.0000,2.0000,0,14.1273,711.1212,396.0031,553.5621,-157.5590,-9.5129,11.5935,690.0148,398.0837
14.189,0,0,heuristic,-9.9327,24.0137,0.5564,0.7351,2.5398,2.6440,-0.4205,0.5586,1.9112,3.3062,1.0058,7.6447,0.0022,3.0000,0.0000,2.0000,0,14.1273,685.7483,414.4961,550.1222,-135.6261,-9.8934,11.9573,663.8975,416.5600
14.239,0,0,heuristic,-9.9327,24.0137,0.5397,0.7351,2.5398,2.6440,-0.4128,0.5586,1.9112,3.3062,1.0058,7.6447,0.0188,3.0000,0.0000,2.0000,0,14.1273,695.3398,423.7021,559.5209,-135.8189,-9.8934,12.4759,672.9705,426.2845
14.289,0,0,heuristic,-9.8779,24.1380,0.5192,0.7991,2.5100,2.6341,-0.4070,0.5484,1.8832,3.3265,1.0058,7.5327,0.0293,3.0000,0.0000,2.0000,0,14.1273,670.5690,439.1978,554.8834,-115.6856,-10.1381,12.8003,647.6306,441.8599
14.339,0,0,heuristic,-9.8234,24.2537,0.4990,0.8664,2.4898,2.6363,-0.3980,0.5390,1.8566,3.3424,1.0058,7.4262,0.0399,3.0000,0.0000,2.0000,0,14.1273,663.3621,444.2088,553.7855,-109.5767,-10.5262,13.0770,639.7590,446.7596
14.389,0,0,heuristic,-9.7625,24.3745,0.4831,0.9272,2.4566,2.6257,-0.3925,0.5290,1.8281,3.3557,1.0058,7.3123,0.0459,3.0000,0.0000,2.0000,0,14.1273,632.5539,424.0264,528.2902,-104.2638,-10.7684,13.2281,608.5575,426.4861
14.439,0,0,heuristic,-9.7024,24.4867,0.4635,0.9921,2.4326,2.6271,-0.3935,0.5198,1.8010,3.3650,1.0058,7.2042,0.0563,3.0000,0.0000,2.0000,0,14.1273,630.2750,437.8250,534.0500,-96.2250,-11.1523,13.6559,605.4668,440.3286
14.489,0,0,heuristic,-9.6358,24.6037,0.4444,1.0500,2.3962,2.6161,-0.3823,0.5102,1.7721,3.3713,1.0058,7.0885,0.0658,3.0000,0.0000,2.0000,0,14.1273,622.8360,433.7720,528.3040,-94.5320,-11.3940,13.8394,597.6026,436.2174
14.539,0,0,heuristic,-9.5705,24.7121,0.4331,1.1121,2.3686,2.6167,-0.3528,0.5012,1.7447,3.3742,1.0058,6.9789,0.0681,3.0000,0.0000,2.0000,0,14.1273,598.0149,435.2208,516.6178,-81.3971,-11.7721,13.4369,572.8059,436.8855
14.589,0,0,heuristic,-9.4987,24.8249,0.4147,1.1658,2.3289,2.6044,-0.3453,0.4918,1.7155,3.3740,1.0058,6.8620,0.0771,3.0000,0.0000,2.0000,0,14.1273,594.8896,430.6611,512.7754,-82.1142,-11.9998,13.6610,569.2288,432.3223
14.639,0,0,heuristic,-9.4289,24.9293,0.4003,1.2234,2.2979,2.6033,-0.3412,0.4830,1.6879,3.3709,1.0058,6.7515,0.0827,3.0000,0.0000,2.0000,0,14.1273,568.6208,446.8896,507.7552,-60.8656,-12.3581,13.8124,542.4503,448.3439
14.689,0,0,heuristic,-9.4289,24.9293,0.3897,1.2234,2.2979,2.6033,-0.3560,0.4830,1.6879,3.3709,1.0058,6.7515,0.0934,3.0000,0.0000,2.0000,0,14.1273,577.1372,440.9159,509.0266,-68.1107,-12.3581,14.4752,550.3040,443.0330
14.739,0,0,heuristic,-9.3527,25.0377,0.3724,1.2719,2.2552,2.5891,-0.3342,0.4739,1.6585,3.3646,1.0058,6.6339,0.1015,3.0000,0.0000,2.0000,0,14.1273,563.7579,436.0790,499.9185,-63.8394,-12.5636,14.4213,536.7731,437.9368
14.789,0,0,heuristic,-9.2790,25.1377,0.3623,1.3243,2.2209,2.5858,-0.3357,0.4654,1.6308,3.3559,1.0058,6.5230,0.1031,3.0000,0.0000,2.0000,0,14.1273,529.5404,450.8794,490.2099,-39.3305,-12.8928,14.5056,502.1420,452.4922
14.839,0,0,heuristic,-9.1991,25.2414,0.3459,1.3671,2.1756,2.5694,-0.3183,0.4565,1.6013,3.3439,1.0058,6.4052,0.1107,3.0000,0.0000,2.0000,0,14.1273,546.4635,410.9143,478.6889,-67.7746,-13.0698,14.4975,518.8962,412.3421
14.889,0,0,heuristic,-9.1221,25.3369,0.3331,1.4143,2.1384,2.5638,-0.2948,0.4483,1.5736,3.3300,1.0058,6.2943,0.1152,3.0000,0.0000,2.0000,0,14.1273,535.2968,398.2592,466.7780,-68.5188,-13.3678,14.2707,507.6583,399.1621
14.939,0,0,heuristic,-9.1221,25.3369,0.3206,1.4143,2.1384,2.5638,-0.3063,0.4483,1.5736,3.3300,1.0058,6.2943,0.1277,3.0000,0.0000,2.0000,0,14.1273,520.3984,403.3901,461.8942,-58.5042,-13.3678,14.9492,492.0814,404.9715
14.989,0,0,heuristic,-9.0390,25.4357,0.3055,1.4512,2.0907,2.5450,-0.2973,0.4397,1.5442,3.3127,1.0058,6.1768,0.1342,3.0000,0.0000,2.0000,0,14.1273,495.4811,364.5598,430.0205,-65.4607,-13.5109,15.0411,466.9291,366.0901
15.039,0,0,heuristic,-8.9595,25.5265,0.2967,1.4923,2.0510,2.5364,-0.2843,0.4318,1.5166,3.2942,1.0058,6.0663,0.1351,3.0000,0.0000,2.0000,0,14.1273,471.3047,369.9547,420.6297,-50.6750,-13.7677,14.8418,442.6952,371.0289
15.089,0,0,heuristic,-8.8740,25.6203,0.2823,1.5223,2.0016,2.5147,-0.2762,0.4235,1.4874,3.2723,1.0058,5.9497,0.1412,3.0000,0.0000,2.0000,0,14.1273,477.4386,370.4824,423.9605,-53.4781,-13.8687,14.9293,448.6407,371.5430
15.139,0,0,heuristic,-8.7928,25.7064,0.2739,1.5562,1.9600,2.5027,-0.2890,0.4157,1.4601,3.2498,1.0058,5.8405,0.1418,3.0000,0.0000,2.0000,0,14.1273,472.2708,388.8940,430.5824,-41.6884,-14.0748,15.1529,443.0430,389.9721
15.189,0,0,heuristic,-8.7062,25.7951,0.2601,1.5784,1.9093,2.4772,-0.2918,0.4077,1.4314,3.2241,1.0058,5.7255,0.1475,3.0000,0.0000,2.0000,0,14.1273,482.8209,387.2687,435.0448,-47.7761,-14.1188,15.4021,453.2999,388.5520
15.239,0,0,heuristic,-8.6240,25.8765,0.2468,1.6049,1.8663,2.4615,-0.2460,0.4002,1.4045,3.1983,1.0058,5.6180,0.1533,3.0000,0.0000,2.0000,0,14.1273,460.4849,405.5941,433.0395,-27.4454,-14.2688,14.8404,431.3757,406.1658
15.289,0,0,heuristic,-8.6240,25.8765,0.2390,1.6049,1.8663,2.4615,-0.2595,0.4002,1.4045,3.1983,1.0058,5.6180,0.1612,3.0000,0.0000,2.0000,0,14.1273,452.3186,407.7560,430.0373,-22.2813,-14.2688,15.3729,422.6770,408.8601
15.339,0,0,heuristic,-8.5364,25.9603,0.2264,1.6211,1.8155,2.4339,-0.2402,0.3924,1.3762,3.1691,1.0058,5.5048,0.1660,3.0000,0.0000,2.0000,0,14.1273,434.6645,416.1291,425.3968,-9.2677,-14.2794,15.2159,405.1692,417.0656
15.389,0,0,heuristic,-8.4532,26.0371,0.2189,1.6436,1.7725,2.4173,-0.2400,0.3851,1.3497,3.1400,1.0058,5.3987,0.1662,3.0000,0.0000,2.0000,0,14.1273,434.0675,411.7142,422.8909,-11.1767,-14.4124,15.1963,404.4588,412.4981
15.439,0,0,heuristic,-8.3643,26.1163,0.2069,1.6566,1.7223,2.3897,-0.2185,0.3775,1.3217,3.1073,1.0058,5.2868,0.1706,3.0000,0.0000,2.0000,0,14.1273,426.5787,409.3239,417.9513,-8.6274,-14.4184,14.9812,397.1791,409.8868
15.489,0,0,heuristic,-8.2800,26.1887,0.1977,1.6765,1.6795,2.3730,-0.2075,0.3705,1.2955,3.0749,1.0058,5.1819,0.1728,3.0000,0.0000,2.0000,0,14.1273,404.2756,381.3074,392.7915,-11.4841,-14.5473,14.8583,374.8701,381.6185
15.539,0,0,heuristic,-8.2800,26.1887,0.1888,1.6765,1.6795,2.3730,-0.2073,0.3705,1.2955,3.0749,1.0058,5.1819,0.1818,3.0000,0.0000,2.0000,0,14.1273,398.2433,362.4612,380.3522,-17.8910,-14.5473,15.2019,368.4942,363.1158
15.589,0,0,heuristic,-8.1900,26.2631,0.1781,1.6872,1.6301,2.3460,-0.1988,0.3633,1.2678,3.0387,1.0058,5.0712,0.1852,3.0000,0.0000,2.0000,0,14.1273,378.2113,368.4873,373.3493,-4.8620,-14.5561,15.1640,348.4912,369.0952
15.639,0,0,heuristic,-8.1048,26.3313,0.1719,1.7049,1.5880,2.3299,-0.1883,0.3566,1.2418,3.0032,1.0058,4.9674,0.1846,3.0000,0.0000,2.0000,0,14.1273,374.8260,358.8390,366.8325,-7.9935,-14.6890,14.9356,345.2013,359.0856
15.689,0,0,heuristic,-8.0141,26.4013,0.1620,1.7127,1.5399,2.3032,-0.1930,0.3496,1.2145,2.9642,1.0058,4.8581,0.1876,3.0000,0.0000,2.0000,0,14.1273,353.4523,355.0604,354.2563,0.8041,-14.6970,15.0968,323.6584,355.4602
15.739,0,0,heuristic,-7.9285,26.4654,0.1525,1.7267,1.4989,2.2866,-0.1822,0.3431,1.1890,2.9262,1.0058,4.7558,0.1905,3.0000,0.0000,2.0000,0,14.1273,332.5128,346.2982,339.4055,6.8927,-14.8177,14.9984,302.6967,346.4790
15.789,0,0,heuristic,-7.8377,26.5313,0.1453,1.7308,1.4524,2.2595,-0.1758,0.3363,1.1621,2.8847,1.0058,4.6482,0.1910,3.0000,0.0000,2.0000,0,14.1273,331.2506,343.5060,337.3783,6.1277,-14.8149,14.8716,301.5641,343.5628
15.839,0,0,heuristic,-7.7521,26.5915,0.1383,1.7411,1.4127,2.2421,-0.1595,0.3300,1.1369,2.8447,1.0058,4.5477,0.1917,3.0000,0.0000,2.0000,0,14.1273,319.7044,317.4834,318.5939,-1.1105,-14.9202,14.5896,290.1947,317.1528
15.889,0,0,heuristic,-7.7521,26.5915,0.1316,1.7411,1.4127,2.2421,-0.1512,0.3300,1.1369,2.8447,1.0058,4.5477,0.1984,3.0000,0.0000,2.0000,0,14.1273,312.5797,337.2577,324.9187,12.3390,-14.9202,14.7118,282.9477,337.0494
15.939,0,0,heuristic,-7.6616,26.6532,0.1236,1.7411,1.3678,2.2141,-0.1345,0.3235,1.1250,2.8013,1.0058,4.4421,0.1998,3.0000,0.0000,2.0000,0,14.1273,292.9872,321.9099,307.4486,14.4614,-14.7025,14.4461,263.8386,321.6535
15.989,0,0,heuristic,-7.5766,26.7096,0.1176,1.7470,1.3292,2.1952,-0.1348,0.3174,1.1250,2.7597,1.0058,4.3437,0.1998,3.0000,0.0000,2.0000,0,14.1273,274.1242,318.3656,296.2449,22.1207,-14.4473,14.4100,245.2668,318.3283
16.039,0,0,heuristic,-7.4870,26.7675,0.1104,1.7425,1.2857,2.1655,-0.1232,0.3110,1.1250,2.7149,1.0058,4.2405,0.2006,3.0000,0.0000,2.0000,0,14.1273,287.0895,310.2146,298.6521,11.5625,-14.0464,14.2059,258.8373,310.3741
16.089,0,0,heuristic,-7.4030,26.8202,0.1050,1.7438,1.2482,2.1445,-0.1260,0.3051,1.1250,2.6722,1.0058,4.1446,0.2001,3.0000,0.0000,2.0000,0,14.1273,273.4043,308.2923,290.8483,17.4440,-13.7634,14.1924,245.4485,308.7212
16.139,0,0,heuristic,-7.3147,26.8741,0.0985,1.7347,1.2060,2.1127,-0.1373,0.2989,1.1250,2.6265,1.0058,4.0442,0.2004,3.0000,0.0000,2.0000,0,14.1273,265.2697,302.1302,283.6999,18.4303,-13.3342,14.3463,237.5892,303.1423
16.189,0,0,heuristic,-7.2322,26.9232,0.0937,1.7315,1.1692,2.0893,-0.1013,0.2932,1.1250,2.5831,1.0058,3.9510,0.1995,3.0000,0.0000,2.0000,0,14.1273,260.2496,313.7930,287.0213,26.7717,-13.0179,13.6627,233.5690,314.4378
16.240,0,0,heuristic,-7.1455,26.9733,0.0880,1.7187,1.1284,2.0560,-0.1025,0.2873,1.1250,2.5368,1.0058,3.8535,0.1992,3.0000,0.0000,2.0000,0,14.1273,237.0428,297.8006,267.4217,30.3789,-12.5681,13.6244,210.8502,298.8568
16.289,0,0,heuristic,-7.0645,27.0190,0.0838,1.7123,1.0928,2.0313,-0.0963,0.2817,1.1250,2.4928,1.0058,3.7630,0.1980,3.0000,0.0000,2.0000,0,14.1273,227.1737,299.8774,263.5255,36.3518,-12.2347,13.4237,201.5153,301.0664
16.339,0,0,heuristic,-7.0645,27.0190,0.0797,1.7123,1.0928,2.0313,-0.0925,0.2817,1.1250,2.4928,1.0058,3.7630,0.2020,3.0000,0.0000,2.0000,0,14.1273,226.2783,293.9685,260.1234,33.8451,-12.2347,13.5181,200.5255,295.2519
16.389,0,0,heuristic,-6.9794,27.0656,0.0750,1.6971,1.0534,1.9975,-0.0688,0.2760,1.1250,2.4459,1.0058,3.6684,0.2010,3.0000,0.0000,2.0000,0,14.1273,207.7497,278.5266,243.1381,35.3884,-11.7783,13.0275,182.9439,279.7758
16.439,0,0,heuristic,-6.9000,27.1079,0.0715,1.6886,1.0190,1.9723,-0.0892,0.2707,1.1250,2.4015,1.0058,3.5805,0.1991,3.0000,0.0000,2.0000,0,14.1273,196.8751,284.6790,240.7771,43.9020,-11.4380,13.2505,172.1866,286.4915
16.489,0,0,heuristic,-6.8166,27.1510,0.0676,1.6718,0.9813,1.9385,-0.0673,0.2651,1.1250,2.3541,1.0058,3.4886,0.1975,3.0000,0.0000,2.0000,0,14.1273,192.4860,282.7955,237.6408,45.1547,-10.9828,12.7661,168.7371,284.5789
16.539,0,0,heuristic,-6.7387,27.1903,0.0647,1.6621,0.9487,1.9137,-0.0815,0.2600,1.1250,2.3093,1.0058,3.4032,0.1953,3.0000,0.0000,2.0000,0,14.1273,188.0550,271.7028,229.8789,41.8239,-10.6480,12.8663,164.5408,273.9211
16.589,0,0,heuristic,-6.6569,27.2304,0.0614,1.6443,0.9133,1.8809,-0.0542,0.2546,1.1250,2.2617,1.0058,3.3139,0.1932,3.0000,0.0000,2.0000,0,14.1273,184.4859,252.7702,218.6280,34.1422,-10.2046,12.2701,162.0111,254.8358
16.639,0,0,heuristic,-6.5805,27.2669,0.0586,1.6337,0.8827,1.8569,-0.0483,0.2496,1.1250,2.2167,1.0058,3.2308,0.1910,3.0000,0.0000,2.0000,0,14.1273,177.0896,255.7762,216.4329,39.3433,-9.8804,12.0314,155.1778,257.9272
16.689,0,0,heuristic,-6.5002,27.3042,0.0567,1.6156,0.8495,1.8253,-0.0380,0.2445,1.1250,2.1689,1.0058,3.1439,0.1878,3.0000,0.0000,2.0000,0,14.1273,167.3741,241.6876,204.5308,37.1568,-9.4547,11.6752,146.2442,243.9081
16.739,0,0,heuristic,-6.4253,27.3381,0.0545,1.6045,0.8210,1.8023,-0.0250,0.2396,1.1250,2.1239,1.0058,3.0630,0.1851,3.0000,0.0000,2.0000,0,14.1273,159.6113,239.2599,199.4356,39.8243,-9.1439,11.2953,139.1722,241.4112
16.789,0,0,heuristic,-6.3468,27.3728,0.0528,1.5858,0.7903,1.7718,-0.0108,0.2346,0.0000,2.0761,1.0058,2.9785,0.1818,3.0000,0.0000,2.0000,0,14.1273,155.9636,233.6830,194.8233,38.8597,-23.9198,10.8672,121.1765,220.6304
16.839,0,0,heuristic,-6.2735,27.4044,0.0516,1.5738,0.7637,1.7494,-0.0293,0.2299,0.0000,2.0311,1.0058,2.8999,0.1783,3.0000,0.0000,2.0000,0,14.1273,0.0000,0.0000,0.0000,0.0000,-23.6165,10.9822,-34.5987,-12.6343
16.889,0,0,heuristic,-6.1968,27.4367,0.0504,1.5542,0.7351,1.7192,-0.0218,0.2249,0.0000,1.9836,1.0058,2.8179,0.1745,3.0000,0.0011,2.0000,0,14.1273,0.0000,0.0000,0.0000,0.0000,-23.2095,10.6477,-33.8572,-12.5618
16.939,0,0,heuristic,-6.1257,27.4659,0.0495,1.5394,0.7097,1.6951,-0.0163,0.2203,0.0000,1.9392,1.0058,2.7422,0.1709,3.0000,0.0011,2.0000,0,14.1273,0.0000,0.0000,0.0000,0.0000,-22.8843,10.3517,-33.2360,-12.5326
16.989,0,0,heuristic,-6.1257,27.4659,0.0489,1.5394,0.7097,1.6951,-0.0232,0.2203,0.0000,1.9392,1.0058,2.7422,0.1714,3.0000,0.1001,2.0000,0,14.1273,0.0000,0.0000,0.0000,0.0000,-22.8843,10.4915,-33.3758,-12.3928
17.039,0,0,heuristic,-6.0535,27.4955,0.0483,1.5094,0.6816,1.6562,-0.0218,0.2154,0.0000,1.8940,1.0058,2.6652,0.1671,3.0000,0.1001,2.0000,0,14.1273,0.0000,0.0000,0.0000,0.0000,-22.3583,10.2365,-32.5949,-12.1218
17.089,0,0,heuristic,-5.9887,27.5226,0.0479,1.4775,0.6582,1.6175,0.0003,0.2105,0.0000,1.8538,1.0058,2.5962,0.1627,3.0000,0.1996,2.0000,0,14.1273,0.0000,0.0000,0.0000,0.0000,-21.8357,9.6383,-31.4739,-12.1974
17.139,0,0,heuristic,-5.9236,27.5506,0.0474,1.4323,0.6345,1.5665,-0.0097,0.2051,0.0000,1.8139,1.0058,2.5267,0.1577,3.0000,0.1996,2.0000,0,14.1273,0.0000,0.0000,0.0000,0.0000,-21.1484,9.5559,-30.7042,-11.5925
17.189,0,0,heuristic,-5.8656,27.5765,0.0469,1.3877,0.6154,1.5180,-0.0215,0.1996,0.0000,1.7787,1.0058,2.4646,0.1527,3.0000,0.2999,2.0000,0,14.1273,0.0000,0.0000,0.0000,0.0000,-20.4934,9.5080,-30.0014,-10.9854
17.239,0,0,heuristic,-5.8076,27.6032,0.0464,1.3333,0.5951,1.4600,-0.0240,0.1935,0.0000,1.7440,1.0058,2.4025,0.1470,3.0000,0.2999,2.0000,0,14.1273,0.0000,0.0000,0.0000,0.0000,-19.7106,9.2789,-28.9895,-10.4316
17.290,0,0,heuristic,-5.7561,27.6277,0.0461,1.2811,0.5780,1.4055,-0.0030,0.1875,0.0000,1.7136,1.0058,2.3474,0.1414,3.0000,0.3997,2.0000,0,14.1273,0.0000,0.0000,0.0000,0.0000,-18.9740,8.6611,-27.6350,-10.3129
17.339,0,0,heuristic,-5.7048,27.6527,0.0457,1.2220,0.5587,1.3437,-0.0125,0.1809,0.0000,1.6837,1.0058,2.2924,0.1352,3.0000,0.3997,2.0000,0,14.1273,0.0000,0.0000,0.0000,0.0000,-18.1398,8.5368,-26.6766,-9.6030
17.389,0,0,heuristic,-5.6594,27.6755,0.0453,1.1669,0.5417,1.2865,-0.0083,0.1746,0.0000,1.6576,1.0058,2.2437,0.1293,3.0000,0.5001,2.0000,0,14.1273,0.0000,0.0000,0.0000,0.0000,-17.3679,8.1948,-25.5627,-9.1731
17.439,0,0,heuristic,-5.6141,27.6987,0.0450,1.1076,0.5227,1.2248,-0.0092,0.1677,0.0000,1.6317,1.0058,2.1951,0.1227,3.0000,0.5001,2.0000,0,14.1273,0.0000,0.0000,0.0000,0.0000,-16.5347,7.9178,-24.4525,-8.6169
17.489,0,0,heuristic,-5.5738,27.7199,0.0446,1.0541,0.5064,1.1694,-0.0187,0.1612,0.0000,1.6090,1.0058,2.1519,0.1165,3.0000,0.5997,2.0000,0,14.1273,0.0000,0.0000,0.0000,0.0000,-15.7867,7.8006,-23.5873,-7.9861
17.539,0,0,heuristic,-5.5333,27.7417,0.0443,0.9990,0.4890,1.1122,0.0035,0.1540,0.0000,1.5865,1.0058,2.1084,0.1097,3.0000,0.5997,2.0000,0,14.1273,0.0000,0.0000,0.0000,0.0000,-15.0153,7.1274,-22.1427,-7.8879
17.589,0,0,heuristic,-5.4969,27.7618,0.0440,0.9509,0.4750,1.0629,-0.0330,0.1471,0.0000,1.5665,1.0058,2.0694,0.1031,3.0000,0.6997,2.0000,0,14.1273,0.0000,0.0000,0.0000,0.0000,-14.3496,7.4526,-21.8022,-6.8969
17.639,0,0,heuristic,-5.4599,27.7828,0.0437,0.9030,0.4608,1.0137,-0.0060,0.1396,0.0000,1.5465,1.0058,2.0298,0.0959,3.0000,0.6997,2.0000,0,14.1273,0.0000,0.0000,0.0000,0.0000,-13.6852,6.6848,-20.3699,-7.0004
17.689,0,0,heuristic,-5.4263,27.8023,0.0434,0.8624,0.4498,0.9727,-0.0092,0.1322,0.0000,1.5286,1.0058,1.9939,0.0888,3.0000,0.8000,2.0000,0,14.1273,0.0000,0.0000,0.0000,0.0000,-13.1308,6.4362,-19.5671,-6.6946
17.739,0,0,heuristic,-5.3919,27.8226,0.0432,0.8225,0.4379,0.9318,-0.0080,0.1243,0.0000,1.5103,1.0058,1.9571,0.0811,3.0000,0.8000,2.0000,0,14.1273,0.0000,0.0000,0.0000,0.0000,-12.5799,6.0862,-18.6660,-6.4937
17.789,0,0,heuristic,-5.3603,27.8413,0.0430,0.7894,0.4284,0.8981,-0.0077,0.1166,0.0000,1.4937,1.0058,1.9235,0.0737,3.0000,0.8998,2.0000,0,14.1273,0.0000,0.0000,0.0000,0.0000,-12.1248,5.7661,-17.8909,-6.3587
17.839,0,0,heuristic,-5.3279,27.8606,0.0427,0.7563,0.4169,0.8636,-0.0023,0.1085,0.0000,1.4767,1.0058,1.8891,0.0658,3.0000,0.8998,2.0000,0,14.1273,0.0000,0.0000,0.0000,0.0000,-11.6588,5.3384,-16.9972,-6.3203
17.889,0,0,heuristic,-5.2982,27.8782,0.0425,0.7287,0.4068,0.8346,-0.0128,0.1008,0.0000,1.4610,1.0058,1.8578,0.0583,3.0000,1.0002,2.0000,0,14.1273,0.0000,0.0000,0.0000,0.0000,-11.2665,5.1994,-16.4659,-6.0670
17.939,0,0,heuristic,-5.2678,27.8962,0.0423,0.7000,0.3946,0.8036,0.0067,0.0927,0.0000,1.4449,1.0058,1.8258,0.0504,3.0000,1.0002,2.0000,0,14.1273,0.0000,0.0000,0.0000,0.0000,-10.8481,4.5384,-15.3865,-6.3098
17.989,0,0,heuristic,-5.2401,27.9125,0.0420,0.6753,0.3839,0.7768,-0.0145,0.0850,0.0000,1.4303,1.0058,1.7967,0.0430,3.0000,1.0995,2.0000,0,14.1273,0.0000,0.0000,0.0000,0.0000,-10.4867,4.5825,-15.0692,-5.9042
18.039,0,0,heuristic,-5.2401,27.9125,0.0419,0.6753,0.3839,0.7768,-0.0175,0.0850,0.0000,1.4303,1.0058,1.7967,0.0432,3.0000,1.0995,2.0000,0,14.1273,0.0000,0.0000,0.0000,0.0000,-10.4867,4.6399,-15.1266,-5.8468
18.089,0,0,heuristic,-5.2119,27.9294,0.0416,0.6486,0.3718,0.7476,-0.0140,0.0769,0.0000,1.4155,1.0058,1.7673,0.0353,3.0000,1.1998,2.0000,0,14.1273,0.0000,0.0000,0.0000,0.0000,-10.0928,4.2488,-14.3416,-5.8441
18.139,0,0,heuristic,-5.1865,27.9448,0.0414,0.6248,0.3619,0.7221,0.0030,0.0692,0.0000,1.4024,1.0058,1.7408,0.0277,3.0000,1.1998,2.0000,0,14.1273,0.0000,0.0000,0.0000,0.0000,-9.7482,3.6484,-13.3966,-6.0998
18.189,0,0,heuristic,-5.1608,27.9609,0.0412,0.5987,0.3514,0.6943,0.0070,0.0608,0.0000,1.3893,1.0058,1.7141,0.0196,3.0000,1.3001,2.0000,0,14.1273,0.0000,0.0000,0.0000,0.0000,-9.3724,3.2436,-12.6160,-6.1288
18.239,0,0,heuristic,-5.1377,27.9758,0.0411,0.5752,0.3433,0.6698,-0.0088,0.0529,0.0000,1.3777,1.0058,1.6902,0.0118,3.0000,1.3001,2.0000,0,14.1273,0.0000,0.0000,0.0000,0.0000,-9.0425,3.1835,-12.2260,-5.8590
18.289,0,0,heuristic,-5.1144,27.9914,0.0409,0.5497,0.3344,0.6434,-0.0083,0.0443,0.0000,1.3664,1.0058,1.6662,0.0034,3.0000,1.3996,2.0000,0,14.1273,0.0000,0.0000,0.0000,0.0000,-8.6860,2.8287,-11.5146,-5.8573
18.339,0,0,heuristic,-5.0935,28.0057,0.0407,0.5269,0.3273,0.6203,0.0065,0.0361,0.0000,1.3564,1.0058,1.6447,-0.0046,3.0000,1.3996,2.0000,0,14.1273,0.0000,0.0000,0.0000,0.0000,-8.3744,2.2530,-10.6274,-6.1214
18.389,0,0,heuristic,-5.0935,28.0057,0.0406,0.5269,0.3273,0.6203,-0.0250,0.0361,0.0000,1.3564,1.0058,1.6447,-0.0044,3.0000,1.4999,2.0000,0,14.1273,0.0000,0.0000,0.0000,0.0000,-8.3744,2.7889,-11.1633,-5.5855
18.439,0,0,heuristic,-5.0723,28.0206,0.0403,0.5030,0.3189,0.5956,-0.0227,0.0275,0.0000,1.3465,1.0058,1.6231,-0.0129,3.0000,1.4999,2.0000,0,14.1273,0.0000,0.0000,0.0000,0.0000,-8.0410,2.4054,-10.4464,-5.6356
18.489,0,0,heuristic,-5.0531,28.0341,0.0402,0.4823,0.3116,0.5743,-0.0020,0.0193,0.0000,1.3375,1.0058,1.6036,-0.0209,3.0000,1.5997,2.0000,0,14.1273,0.0000,0.0000,0.0000,0.0000,-7.7525,1.7303,-9.4829,-6.0222
18.539,0,0,heuristic,-5.0335,28.0480,0.0400,0.4613,0.3027,0.5517,-0.0077,0.0108,0.0000,1.3284,1.0058,1.5838,-0.0292,3.0000,1.5997,2.0000,0,14.1273,0.0000,0.0000,0.0000,0.0000,-7.4481,1.4882,-8.9363,-5.9599
18.589,0,0,heuristic,-5.0156,28.0606,0.0399,0.4436,0.2947,0.5326,0.0060,0.0029,0.0000,1.3200,1.0058,1.5658,-0.0370,3.0000,1.6999,2.0000,0,14.1273,0.0000,0.0000,0.0000,0.0000,-7.1903,0.9390,-8.1293,-6.2513
18.639,0,0,heuristic,-4.9972,28.0736,0.0396,0.4259,0.2856,0.5128,-0.0023,-0.0055,0.0000,1.3114,1.0058,1.5473,-0.0451,3.0000,1.6999,2.0000,0,14.1273,0.0000,0.0000,0.0000,0.0000,-6.9230,0.7471,-7.6701,-6.1758
18.689,0,0,heuristic,-4.9802,28.0854,0.0394,0.4115,0.2779,0.4965,-0.0070,-0.0133,0.0000,1.3034,1.0058,1.5305,-0.0527,3.0000,1.7997,2.0000,0,14.1273,0.0000,0.0000,0.0000,0.0000,-6.7034,0.5182,-7.2215,-6.1852
18.739,0,0,heuristic,-4.9802,28.0854,0.0392,0.4115,0.2779,0.4965,0.0090,-0.0133,0.0000,1.3034,1.0058,1.5305,-0.0525,3.0000,1.7997,2.0000,0,14.1273,0.0000,0.0000,0.0000,0.0000,-6.7034,0.2551,-6.9584,-6.4483
18.789,0,0,heuristic,-4.9626,28.0977,0.0390,0.3968,0.2695,0.4797,0.0008,-0.0215,0.0000,1.2951,1.0058,1.5131,-0.0605,3.0000,1.8995,2.0000,0,14.1273,0.0000,0.0000,0.0000,0.0000,-6.4763,0.0672,-6.5435,-6.4091
18.839,0,0,heuristic,-4.9464,28.1091,0.0388,0.3849,0.2629,0.4662,-0.0150,-0.0293,0.0000,1.2875,1.0058,1.4972,-0.0682,3.0000,1.8995,2.0000,0,14.1273,0.0000,0.0000,0.0000,0.0000,-6.2931,0.0205,-6.3136,-6.2726
18.889,0,0,heuristic,-4.9297,28.1209,0.0386,0.3723,0.2557,0.4516,-0.0148,-0.0376,0.0000,1.2797,1.0058,1.4809,-0.0763,3.0000,1.9999,2.0000,0,14.1273,0.0000,0.0000,0.0000,0.0000,-6.0970,-0.3118,-5.7852,-6.4088
18.939,0,0,heuristic,-4.9144,28.1318,0.0383,0.3616,0.2499,0.4396,-0.0103,-0.0455,0.0000,1.2726,1.0058,1.4660,-0.0838,3.0000,1.9999,2.0000,0,14.1273,0.0000,0.0000,0.0000,0.0000,-5.9343,-0.6930,-5.2413,-6.6273
18.989,1,0,heuristic,-4.9144,28.1318,0.0381,0.3616,0.2499,0.4396,-0.0265,0.8170,2.8255,1.2726,1.0058,14.9096,0.7789,3.0000,0.0000,0.0000,0,14.1273,0.0000,0.0000,0.0000,0.0000,34.0657,39.3070,-5.2413,73.3727
19.039,1,0,heuristic,-4.8987,28.1430,0.0378,0.3497,0.2431,0.4259,-0.0283,0.8175,2.8255,1.2653,1.0058,14.8911,0.7797,3.0000,0.0000,0.0000,0,14.1273,0.0000,0.0000,0.0000,0.0000,43.1919,54.7807,-11.5888,97.9726
19.089,1,0,heuristic,-4.8844,28.1532,0.0377,0.3392,0.2371,0.4139,-0.0008,0.8179,2.8255,1.2588,1.0058,14.8743,0.7803,3.0000,0.0000,0.0000,0,14.1273,147.0945,298.5408,222.8177,75.7232,43.4083,54.2188,136.2840,396.1680
19.139,1,0,heuristic,-4.8696,28.1637,0.0374,0.3283,0.2301,0.4009,-0.0055,0.8184,2.8255,1.2519,1.0058,14.8570,0.7810,3.0000,0.0000,0.0000,0,14.1273,43.2960,407.2432,225.2696,181.9736,43.6424,54.3407,32.5976,505.2263
19.189,1,0,heuristic,-4.8556,28.1730,0.0373,0.3209,0.2228,0.3906,-0.0043,0.8190,2.8255,1.2451,1.0058,14.8412,0.7816,3.0000,0.0000,0.0000,0,14.1273,139.7224,499.4810,319.6017,179.8793,43.8269,54.3335,129.2159,597.6414
19.239,1,0,heuristic,-4.8556,28.1730,0.0375,0.3209,0.2228,0.3906,0.0150,0.8190,2.8255,1.2451,1.0058,14.8412,0.7815,3.0000,0.0000,0.0000,0,14.1273,132.3506,544.8399,338.5952,206.2446,43.8269,53.9216,122.2559,642.5884
19.289,1,0,heuristic,-4.8198,28.1895,0.0384,0.3362,0.2014,0.3919,0.0583,0.8222,2.8255,1.2236,1.0058,14.8064,0.7838,3.0000,0.0000,0.0000,0,14.1273,96.5858,654.8380,375.7119,279.1261,43.8036,53.0832,87.3063,751.7248
19.339,1,0,heuristic,-4.8198,28.1895,0.0395,0.3362,0.2014,0.3919,0.0795,0.8222,2.8255,1.2236,1.0058,14.8064,0.7827,3.0000,0.0000,0.0000,0,14.1273,138.5740,764.8380,451.7060,313.1320,43.8036,52.5828,129.7947,861.2245
19.389,1,0,heuristic,-4.7949,28.1961,0.0423,0.3648,0.1864,0.4097,0.1128,0.8254,2.8255,1.2061,1.0058,14.7861,0.7831,3.0000,0.0000,0.0000,0,14.1273,183.5167,874.7715,529.1441,345.6274,43.4839,51.8670,175.1336,970.1224
19.439,1,0,heuristic,-4.7663,28.2011,0.0448,0.4112,0.1700,0.4449,0.1438,0.8300,2.8255,1.1846,1.0058,14.7649,0.7852,3.0000,0.0000,0.0000,0,14.1273,79.1511,971.0879,525.1195,445.9684,42.8497,51.2742,70.7266,1000.0000
19.489,1,0,heuristic,-4.7291,28.2051,0.0504,0.4718,0.1516,0.4956,0.1802,0.8361,2.8255,1.1554,1.0058,14.7393,0.7857,3.0000,0.0000,0.0000,0,14.1273,142.8438,964.5982,553.7210,410.8772,41.9379,50.4737,134.3081,1000.0000
19.539,1,0,heuristic,-4.6867,28.2079,0.0579,0.5542,0.1327,0.5699,0.2437,0.8437,2.8255,1.1210,1.0058,14.7117,0.7858,3.0000,0.0000,0.0000,0,14.1273,51.7004,967.9350,509.8177,458.1173,40.6000,49.0695,43.2309,1000.0000
19.589,1,0,heuristic,-4.6867,28.2079,0.0655,0.5542,0.1327,0.5699,0.2782,0.8437,2.8255,1.1210,1.0058,14.7117,0.7782,3.0000,0.0000,0.0000,0,14.1273,-4.7350,971.3061,483.2855,488.0205,40.6000,47.9617,-12.0967,1000.0000
19.639,1,0,heuristic,-4.6333,28.2096,0.0770,0.6485,0.1128,0.6582,0.3055,0.8529,2.8255,1.0769,1.0058,14.6785,0.7758,3.0000,0.0000,0.0000,0,14.1273,8.5474,972.0035,490.2755,481.7280,39.0102,47.1724,0.3852,1000.0000
19.689,1,0,heuristic,-4.5755,28.2103,0.0879,0.7598,0.0931,0.7655,0.3397,0.8629,2.8255,1.0284,1.0058,14.6435,0.7750,3.0000,0.0000,0.0000,0,14.1273,109.9630,986.5077,548.2353,438.2723,37.0788,46.3043,100.7375,1000.0000
19.739,1,0,heuristic,-4.5065,28.2098,0.1035,0.8734,0.0727,0.8764,0.3995,0.8740,2.8255,0.9699,1.0058,14.6031,0.7705,3.0000,0.0000,0.0000,0,14.1273,86.1688,978.7974,532.4831,446.3143,35.0831,44.6901,76.5617,1000.0000
19.789,1,0,heuristic,-4.4351,28.2086,0.1104,0.9962,0.0528,0.9976,0.4133,0.8852,2.8255,0.9089,1.0058,14.5621,0.7748,3.0000,0.0000,0.0000,0,14.1273,66.9994,980.6427,523.8211,456.8217,32.9008,44.4800,55.4202,1000.0000
19.839,1,0,heuristic,-4.3526,28.2067,0.1291,1.1142,0.0353,1.1148,0.4410,0.8970,2.8255,0.8383,1.0058,14.5153,0.7679,3.0000,0.0000,0.0000,0,14.1273,125.3086,983.5575,554.4330,429.1244,30.7926,43.3858,112.7154,1000.0000
19.889,1,0,heuristic,-4.2692,28.2048,0.1496,1.2387,0.0200,1.2389,0.4693,0.9085,2.8255,0.7668,1.0058,14.4684,0.7590,3.0000,0.0000,0.0000,0,14.1273,131.7040,969.6650,550.6845,418.9805,28.5586,42.1738,118.0889,1000.0000
19.939,1,0,heuristic,-4.2692,28.2048,0.1672,1.2387,0.0200,1.2389,0.4950,0.9085,2.8255,0.7668,1.0058,14.4684,0.7413,3.0000,0.0000,0.0000,0,14.1273,61.5546,980.5983,521.0765,459.5218,28.5586,40.7358,49.3774,1000.0000
19.989,1,0,heuristic,-4.1754,28.2025,0.1907,1.3518,0.0071,1.3518,0.5205,0.9205,2.8255,0.6863,1.0058,14.4161,0.7298,3.0000,0.0000,0.0000,0,14.1273,-45.4231,985.7367,470.1568,515.5799,26.5263,39.4244,-58.3211,1000.0000
20.039,1,0,heuristic,-4.0827,28.2004,0.2053,1.4677,-0.0029,1.4677,0.5162,0.9319,2.8255,0.6069,1.0058,14.3647,0.7266,3.0000,0.0000,0.0000,0,14.1273,-70.1991,982.3814,456.0912,526.2902,24.4390,39.1612,-84.9212,1000.0000
20.089,1,0,heuristic,-3.9805,28.1984,0.2308,1.5672,-0.0100,1.5673,0.5673,0.9437,2.8255,0.5195,1.0058,14.3083,0.7128,3.0000,0.0000,0.0000,0,14.1273,-71.7471,978.9558,453.6043,525.3514,22.6475,37.1730,-86.2726,1000.0000
20.139,1,0,heuristic,-3.8817,28.1964,0.2521,1.6653,-0.0164,1.6654,0.5760,0.9547,2.8255,0.4350,1.0058,14.2543,0.7025,3.0000,0.0000,0.0000,0,14.1273,-36.1516,990.8444,477.3464,513.4980,20.8811,36.2544,-51.5249,1000.0000
20.189,1,0,heuristic,-3.7752,28.1942,0.2742,1.7419,-0.0214,1.7420,0.5960,0.9659,2.8255,0.3439,1.0058,14.1966,0.6917,3.0000,0.0000,0.0000,0,14.1273,-3.6565,985.8880,491.1158,494.7723,19.5018,35.0497,-19.2044,1000.0000
20.239,1,0,heuristic,-3.6737,28.1923,0.3030,1.8165,-0.0250,1.8166,0.6162,0.9763,2.8255,0.2572,1.0058,14.1421,0.6734,3.0000,0.0000,0.0000,0,14.1273,-107.1435,993.3118,443.0841,550.2277,18.1589,33.4623,-122.4470,1000.0000
20.289,1,0,heuristic,-3.5649,28.1907,0.3331,1.8717,-0.0264,1.8719,0.6370,0.9871,2.8255,0.1644,1.0058,14.0838,0.6540,3.0000,0.0000,0.0000,0,14.1273,-110.1268,982.9397,436.4065,546.5333,17.1636,31.7898,-124.7530,1000.0000
20.339,1,0,heuristic,-3.4612,28.1895,0.3641,1.9295,-0.0261,1.9297,0.6538,0.9972,2.8255,0.0761,1.0058,14.0286,0.6331,3.0000,0.0000,0.0000,0,14.1273,-49.5863,947.6685,449.0411,498.6274,16.1235,30.1208,-63.5836,993.9128
20.389,1,0,heuristic,-3.4612,28.1895,0.3897,1.9295,-0.0261,1.9297,0.6737,0.9972,2.8255,0.0761,1.0058,14.0286,0.6075,3.0000,0.0000,0.0000,0,14.1273,-9.9571,970.3440,480.1935,490.1505,16.1235,28.3461,-22.1797,1000.0000
20.439,1,0,heuristic,-3.2443,28.1871,0.4292,2.0175,-0.0252,2.0176,0.6900,1.0178,2.8255,-0.1083,1.0058,13.9147,0.5886,3.0000,0.0000,0.0000,0,14.1273,38.0458,974.9988,506.5223,468.4765,14.5413,26.5293,26.0578,1000.0000
20.489,1,0,heuristic,-3.2443,28.1871,0.4563,2.0175,-0.0252,2.0176,0.6857,1.0178,2.8255,-0.1083,1.0058,13.9147,0.5616,3.0000,0.0000,0.0000,0,14.1273,30.4028,985.1588,507.7808,477.3780,14.5413,25.1559,19.7882,1000.0000
20.539,1,0,heuristic,-3.1305,28.1865,0.4837,2.0517,-0.0227,2.0518,0.6845,1.0284,2.8255,-0.2048,1.0058,13.8554,0.5447,3.0000,0.0000,0.0000,0,14.1273,35.5396,987.1325,511.3361,475.7965,13.9260,24.0159,25.4497,1000.0000
20.589,1,0,heuristic,-3.0215,28.1869,0.5115,2.0956,-0.0164,2.0957,0.7133,1.0382,2.8255,-0.2966,1.0058,13.7983,0.5267,3.0000,0.0000,0.0000,0,14.1273,63.6440,991.6772,527.6606,464.0166,13.1357,22.1927,54.5869,1000.0000
20.639,1,0,heuristic,-2.9036,28.1889,0.5395,2.1299,-0.0053,2.1299,0.7083,1.0488,2.8255,-0.3951,1.0058,13.7360,0.5092,3.0000,0.0000,0.0000,0,14.1273,16.2127,993.4824,504.8476,488.6349,12.5203,21.0738,7.6592,1000.0000
20.689,1,0,heuristic,-2.7905,28.1926,0.5749,2.1753,0.0113,2.1753,0.6865,1.0585,2.8255,-0.4886,1.0058,13.6753,0.4836,3.0000,0.0000,0.0000,0,14.1273,56.0154,991.4251,523.7203,467.7049,11.7031,19.8444,47.8741,1000.0000
20.739,1,0,heuristic,-2.6683,28.1991,0.6104,2.2101,0.0337,2.2103,0.7147,1.0689,2.8255,-0.5884,1.0058,13.6085,0.4585,3.0000,0.0000,0.0000,0,14.1273,24.2942,985.4970,504.8956,480.6014,11.0721,17.5582,17.8081,1000.0000
20.789,1,0,heuristic,-2.5514,28.2075,0.6389,2.2552,0.0623,2.2561,0.7353,1.0784,2.8255,-0.6826,1.0058,13.5432,0.4395,3.0000,0.0000,0.0000,0,14.1273,114.8197,982.7664,548.7930,433.9733,10.2486,15.7812,109.2871,1000.0000
20.839,1,0,heuristic,-2.4257,28.2196,0.6748,2.2876,0.0962,2.2896,0.7435,1.0885,2.8255,-0.7823,1.0058,13.4713,0.4137,3.0000,0.0000,0.0000,0,14.1273,81.0441,957.8419,519.4430,438.3989,9.6453,13.8211,76.8684,981.3083
20.889,1,0,heuristic,-2.3060,28.2338,0.7107,2.3290,0.1363,2.3330,0.7175,1.0977,2.8255,-0.8758,1.0058,13.4010,0.3870,3.0000,0.0000,0.0000,0,14.1273,160.6780,985.8619,573.2699,412.5920,8.8649,12.5063,157.0365,1000.0000
20.939,1,0,heuristic,-2.3060,28.2338,0.7395,2.3290,0.1363,2.3330,0.7057,1.0977,2.8255,-0.8758,1.0058,13.4010,0.3582,3.0000,0.0000,0.0000,0,14.1273,259.9075,991.7751,625.8413,365.9338,8.8649,10.9255,257.8469,1000.0000
20.989,1,0,heuristic,-2.1777,28.2524,0.7683,2.3565,0.1805,2.3634,0.7087,1.1075,2.8255,-0.9742,1.0058,13.3237,0.3392,3.0000,0.0000,0.0000,0,14.1273,199.6039,982.8368,591.2203,391.6164,8.3162,9.4001,198.5200,1000.0000
21.039,1,0,heuristic,-2.0559,28.2730,0.7971,2.3928,0.2303,2.4039,0.7155,1.1163,2.8255,-1.0661,1.0058,13.2483,0.3192,3.0000,0.0000,0.0000,0,14.1273,230.6919,990.4508,610.5714,379.8794,7.5884,7.7281,230.5522,1000.0000
21.089,1,0,heuristic,-1.9255,28.2988,0.8329,2.4157,0.2835,2.4323,0.7020,1.1257,2.8255,-1.1623,1.0058,13.1652,0.2928,3.0000,0.0000,0.0000,0,14.1273,249.5790,986.5289,618.0540,368.4750,7.0777,5.9967,250.6600,999.6034
21.139,1,0,heuristic,-1.8017,28.3268,0.8613,2.4482,0.3435,2.4722,0.6965,1.1341,2.8255,-1.2519,1.0058,13.0839,0.2728,3.0000,0.0000,0.0000,0,14.1273,357.3164,994.8241,676.0703,318.7538,6.3587,4.5198,359.1554,1000.0000
21.189,1,0,heuristic,-1.6697,28.3605,0.8894,2.4663,0.4043,2.4993,0.6860,1.1429,2.8255,-1.3454,1.0058,12.9946,0.2536,3.0000,0.0000,0.0000,0,14.1273,464.2781,979.3244,721.8012,257.5231,5.8714,3.1662,466.9833,988.3620
21.239,1,0,heuristic,-1.5448,28.3961,0.9241,2.4935,0.4716,2.5377,0.6745,1.1508,2.8255,-1.4318,1.0058,12.9075,0.2267,3.0000,0.0000,0.0000,0,14.1273,365.0947,988.1919,676.6433,311.5486,5.1801,1.2511,369.0237,994.6231
21.289,1,0,heuristic,-1.5448,28.3961,0.9517,2.4935,0.4716,2.5377,0.6700,1.1508,2.8255,-1.4318,1.0058,12.9075,0.1991,3.0000,0.0000,0.0000,0,14.1273,313.5264,984.0023,648.7643,335.2380,5.1801,-0.7468,319.4532,988.4357
21.339,1,0,heuristic,-1.2865,28.4838,0.9922,2.5275,0.6210,2.6026,0.6422,1.1663,2.8255,-1.6030,1.0058,12.7169,0.1740,3.0000,0.0000,0.0000,0,14.1273,265.1690,988.1587,626.6638,361.4948,4.0108,-2.4582,271.6380,989.7113
21.389,1,0,heuristic,-1.2865,28.4838,1.0187,2.5275,0.6210,2.6026,0.6400,1.1663,2.8255,-1.6030,1.0058,12.7169,0.1476,3.0000,0.0000,0.0000,0,14.1273,336.1406,992.0209,664.0808,327.9402,4.0108,-4.5350,344.6864,991.4968
21.439,1,0,heuristic,-1.1535,28.5369,1.0514,2.5335,0.7011,2.6287,0.6298,1.1739,2.8255,-1.6869,1.0058,12.6126,0.1225,3.0000,0.0000,0.0000,0,14.1273,429.3557,996.1037,712.7297,283.3740,3.5413,-6.5374,439.4343,993.1076
21.489,1,0,heuristic,-1.0285,28.5914,1.0835,2.5475,0.7880,2.6666,0.6292,1.1803,2.8255,-1.7633,1.0058,12.5113,0.0968,3.0000,0.0000,0.0000,0,14.1273,494.4548,996.7465,745.6007,251.1458,2.8602,-8.8147,506.1297,990.7920
21.539,1,0,heuristic,-0.8966,28.6539,1.1091,2.5455,0.8707,2.6903,0.6198,1.1873,2.8255,-1.8413,1.0058,12.4004,0.0782,3.0000,0.0000,0.0000,0,14.1273,536.4499,975.7097,756.0798,219.6299,2.4336,-10.3365,549.2199,967.8068
21.589,1,0,heuristic,-0.7728,28.7174,1.1407,2.5519,0.9612,2.7269,0.6322,1.1931,2.8255,-1.9118,1.0058,12.2927,0.0523,3.0000,0.0000,0.0000,0,14.1273,497.8413,989.1000,743.4707,245.6293,1.7747,-12.9456,512.5617,977.9291
21.639,1,0,heuristic,-0.6424,28.7904,1.1656,2.5432,1.0495,2.7512,0.6068,1.1992,2.8255,-1.9829,1.0058,12.1742,0.0336,3.0000,0.0000,0.0000,0,14.1273,469.3135,996.4219,732.8677,263.5542,1.3369,-14.1585,484.8089,983.6004
21.689,1,0,heuristic,-0.5204,28.8644,1.2021,2.5428,1.1480,2.7899,0.5787,1.2041,2.8255,-2.0463,1.0058,12.0587,0.0019,3.0000,0.0000,0.0000,0,14.1273,452.3151,996.8732,724.5941,272.2790,0.6396,-16.4306,469.3853,981.0822
21.739,1,0,heuristic,-0.3924,28.9485,1.2259,2.5268,1.2419,2.8155,0.5597,1.2093,2.8255,-2.1094,1.0058,11.9322,-0.0166,3.0000,0.0000,0.0000,0,14.1273,559.4687,992.9322,776.2005,216.7317,0.1793,-17.7538,577.4019,975.3577
21.789,1,0,heuristic,-0.2731,29.0324,1.2550,2.5183,1.3432,2.8542,0.5735,1.2134,2.8255,-2.1652,1.0058,11.8097,-0.0416,3.0000,0.0000,0.0000,0,14.1273,660.8120,991.7860,826.2990,165.4870,-0.5165,-20.3061,680.6016,970.9634
21.839,1,0,heuristic,-0.1485,29.1262,1.2779,2.4939,1.4353,2.8775,0.5467,1.2178,2.8255,-2.2202,1.0058,11.6766,-0.0602,3.0000,0.0000,0.0000,0,14.1273,643.7905,981.9243,812.8574,169.0669,-0.9364,-21.4310,664.2851,959.5569
21.889,1,0,heuristic,-0.0331,29.2191,1.3005,2.4761,1.5351,2.9134,0.5415,1.2211,2.8255,-2.2680,1.0058,11.5482,-0.0794,3.0000,0.0000,0.0000,0,14.1273,727.5770,987.8546,857.7158,130.1388,-1.5822,-23.0443,749.0391,963.2281
21.939,1,0,heuristic,0.0869,29.3227,1.3282,2.4422,1.6268,2.9344,0.5262,1.2247,2.8255,-2.3138,1.0058,11.4087,-0.1035,3.0000,0.0000,0.0000,0,14.1273,676.1691,996.6281,836.3986,160.2295,-1.9604,-24.8358,699.0445,969.8319
21.989,1,0,heuristic,0.1974,29.4249,1.3550,2.4142,1.7274,2.9685,0.5058,1.2272,2.8255,-2.3524,1.0058,11.2742,-0.1278,3.0000,0.0000,0.0000,0,14.1273,674.3421,983.8018,829.0719,154.7299,-2.5753,-26.4844,698.2512,954.7421
22.039,1,0,heuristic,0.1974,29.4249,1.3654,2.4142,1.7274,2.9685,0.4888,1.2272,2.8255,-2.3524,1.0058,11.2742,-0.1383,3.0000,0.0000,0.0000,0,14.1273,728.2931,990.4406,859.3668,131.0737,-2.5753,-26.9896,752.7074,960.8757
22.089,1,0,heuristic,0.3117,29.5383,1.3911,2.3711,1.8178,2.9877,0.4783,1.2298,2.8255,-2.3883,1.0058,11.1284,-0.1613,3.0000,0.0000,0.0000,0,14.1273,770.1789,979.7698,874.9744,104.7955,-2.9207,-28.6831,795.9413,948.1661
22.139,1,0,heuristic,0.4167,29.6492,1.4060,2.3345,1.9164,3.0204,0.4682,1.2315,2.8255,-2.4176,1.0058,10.9885,-0.1745,3.0000,0.0000,0.0000,0,14.1273,790.1856,990.0337,890.1097,99.9240,-3.5082,-29.5696,816.2471,956.9559
22.189,1,0,heuristic,0.4167,29.6492,1.4255,2.3345,1.9164,3.0204,0.4640,1.2315,2.8255,-2.4176,1.0058,10.9885,-0.1940,3.0000,0.0000,0.0000,0,14.1273,870.8325,990.5382,930.6854,59.8528,-3.5082,-31.0055,898.3298,956.0246
22.239,1,0,heuristic,0.5251,29.7713,1.4491,2.2844,2.0026,3.0379,0.4185,1.2333,2.8255,-2.4438,1.0058,10.8372,-0.2158,3.0000,0.0000,0.0000,0,14.1273,891.6163,986.7184,939.1674,47.5510,-3.8242,-31.7548,919.5469,951.1394
22.289,1,0,heuristic,0.6243,29.8904,1.4627,2.2410,2.0985,3.0701,0.4293,1.2341,2.8255,-2.4638,1.0058,10.6921,-0.2286,3.0000,0.0000,0.0000,0,14.1273,844.3245,987.3983,915.8614,71.5369,-4.4037,-32.9717,872.8924,950.0229
22.339,1,0,heuristic,0.7263,30.0214,1.4847,2.1850,2.1826,3.0883,0.3887,1.2349,2.8255,-2.4798,1.0058,10.5351,-0.2497,3.0000,0.0000,0.0000,0,14.1273,882.4823,985.2512,933.8667,51.3844,-4.7316,-33.7026,911.4533,946.8171
22.389,1,0,heuristic,0.8193,30.1491,1.4973,2.1353,2.2781,3.1224,0.3758,1.2348,2.8255,-2.4899,1.0058,10.3844,-0.2625,3.0000,0.0000,0.0000,0,14.1273,896.6571,989.5151,943.0861,46.4290,-5.3452,-34.3664,925.6783,949.8035
22.439,1,0,heuristic,0.9143,30.2889,1.5136,2.0739,2.3601,3.1419,0.3555,1.2347,2.8255,-2.4954,1.0058,10.2218,-0.2789,3.0000,0.0000,0.0000,0,14.1273,902.9306,995.0891,949.0099,46.0792,-5.6950,-35.1142,932.3498,954.2799
22.489,1,0,heuristic,1.0006,30.4243,1.5368,2.0186,2.4522,3.1762,0.3508,1.2336,2.8255,-2.4958,1.0058,10.0663,-0.3031,3.0000,0.0000,0.0000,0,14.1273,921.9520,996.6729,959.3125,37.3605,-6.3133,-36.6961,952.3347,953.6635
22.539,1,0,heuristic,1.0006,30.4243,1.5442,2.0186,2.4522,3.1762,0.3427,1.2336,2.8255,-2.4958,1.0058,10.0663,-0.3105,3.0000,0.0000,0.0000,0,14.1273,956.8256,986.6917,971.7586,14.9331,-6.3133,-37.0332,987.5455,943.3451
22.589,1,0,heuristic,1.0884,30.5717,1.5621,1.9525,2.5290,3.1950,0.3055,1.2326,2.8255,-2.4909,1.0058,9.8990,-0.3294,3.0000,0.0000,0.0000,0,14.1273,962.8988,986.4966,974.6977,11.7989,-6.6523,-37.5132,993.7597,942.3311
22.639,1,0,heuristic,1.1677,30.7140,1.5723,1.8923,2.6161,3.2288,0.3015,1.2308,2.8255,-2.4817,1.0058,9.7393,-0.3415,3.0000,0.0000,0.0000,0,14.1273,949.0277,987.4628,968.2453,19.2176,-7.2594,-38.2121,979.9804,941.9913
22.689,1,0,heuristic,1.2479,30.8684,1.5887,1.8224,2.6866,3.2464,0.2780,1.2290,2.8255,-2.4668,1.0058,9.5679,-0.3597,3.0000,0.0000,0.0000,0,14.1273,956.9871,968.9677,962.9774,5.9903,-7.5774,-38.8811,988.2909,922.5091
22.739,1,0,heuristic,1.3200,31.0167,1.6040,1.7585,2.7674,3.2788,0.2745,1.2264,2.8255,-2.4483,1.0058,9.4048,-0.3776,3.0000,0.0000,0.0000,0,14.1273,950.4412,977.5906,964.0159,13.5747,-8.1598,-39.9245,982.2059,929.5063
22.789,1,0,heuristic,1.3200,31.0167,1.6129,1.7585,2.7674,3.2788,0.2533,1.2264,2.8255,-2.4483,1.0058,9.4048,-0.3865,3.0000,0.0000,0.0000,0,14.1273,964.1409,949.9772,957.0590,-7.0818,-8.1598,-40.0326,996.0136,901.7848
22.839,1,0,heuristic,1.3928,31.1767,1.6268,1.6866,2.8293,3.2938,0.2328,1.2239,2.8255,-2.4241,1.0058,9.2305,-0.4029,3.0000,0.0000,0.0000,0,14.1273,977.7196,931.2610,954.4903,-23.2293,-8.4307,-40.5885,1000.0000,882.2417
22.889,1,0,heuristic,1.4580,31.3295,1.6347,1.6212,2.8999,3.3223,0.2313,1.2207,2.8255,-2.3974,1.0058,9.0653,-0.4140,3.0000,0.0000,0.0000,0,14.1273,938.2666,989.8205,964.0435,25.7769,-8.9428,-41.1992,970.5230,939.6784
22.939,1,0,heuristic,1.5237,31.4933,1.6472,1.5495,2.9498,3.3320,0.2107,1.2176,2.8255,-2.3652,1.0058,8.8895,-0.4296,3.0000,0.0000,0.0000,0,14.1273,949.7766,887.7211,918.7488,-31.0278,-9.1181,-41.6647,982.3231,836.9383
22.989,1,0,heuristic,1.5824,31.6488,1.6566,1.4842,3.0079,3.3541,0.2035,1.2141,2.8255,-2.3315,1.0058,8.7236,-0.4425,3.0000,0.0000,0.0000,0,14.1273,957.1855,802.5066,879.8460,-77.3394,-9.5153,-42.2358,989.9060,750.7555
23.039,1,0,heuristic,1.5824,31.6488,1.6655,1.4842,3.0079,3.3541,0.2005,1.2141,2.8255,-2.3315,1.0058,8.7236,-0.4514,3.0000,0.0000,0.0000,0,14.1273,965.5158,794.6180,880.0669,-85.4489,-9.5153,-42.6967,998.6973,742.4060
23.089,1,0,heuristic,1.6413,31.8148,1.6759,1.4138,3.0447,3.3569,0.1807,1.2106,2.8255,-2.2924,1.0058,8.5477,-0.4653,3.0000,0.0000,0.0000,0,14.1273,978.8068,864.2066,921.5067,-57.3001,-9.5657,-43.0356,1000.0000,811.6054
23.140,1,0,heuristic,1.6937,31.9715,1.6835,1.3494,3.0888,3.3707,0.1492,1.2068,2.8255,-2.2527,1.0058,8.3825,-0.4767,3.0000,0.0000,0.0000,0,14.1273,984.2595,894.6399,939.4497,-44.8098,-9.8144,-42.9779,1000.0000,841.8475
23.189,1,0,heuristic,1.7458,32.1375,1.6921,1.2801,3.1097,3.3628,0.1222,1.2031,2.8255,-2.2079,1.0058,8.2085,-0.4890,3.0000,0.0000,0.0000,0,14.1273,971.6027,807.1348,889.3687,-82.2340,-9.6725,-43.0478,1000.0000,754.4144
23.239,1,0,heuristic,1.7919,32.2938,1.6952,1.2160,3.1387,3.3661,0.1193,1.1991,2.8255,-2.1631,1.0058,8.0456,-0.4961,3.0000,0.0000,0.0000,0,14.1273,973.4503,798.3989,885.9246,-87.5257,-9.7307,-43.3225,1000.0000,745.3456
23.289,1,0,heuristic,1.8375,32.4596,1.7038,1.1484,3.1487,3.3516,0.0940,1.1951,2.8255,-2.1129,1.0058,7.8737,-0.5086,3.0000,0.0000,0.0000,0,14.1273,982.2745,725.9591,854.1168,-128.1577,-9.4706,-43.4243,1000.0000,673.0642
23.339,1,0,heuristic,1.8777,32.6156,1.7087,1.0861,3.1691,3.3501,0.0725,1.1908,2.8255,-2.0633,1.0058,7.7127,-0.5179,3.0000,0.0000,0.0000,0,14.1273,986.5543,719.6515,853.1029,-133.4514,-9.4426,-43.4133,1000.0000,666.7956
23.389,1,0,heuristic,1.8777,32.6156,1.7130,1.0861,3.1691,3.3501,0.0772,1.1908,2.8255,-2.0633,1.0058,7.7127,-0.5222,3.0000,0.0000,0.0000,0,14.1273,966.3674,740.5930,853.4802,-112.8872,-9.4426,-43.7554,1000.0000,687.3949
23.439,1,0,heuristic,1.9173,32.7806,1.7175,1.0212,3.1696,3.3301,0.0450,1.1865,2.8255,-2.0084,1.0058,7.5434,-0.5311,3.0000,0.0000,0.0000,0,14.1273,967.0430,773.0386,870.0408,-97.0022,-9.0830,-43.4801,1000.0000,720.4756
23.489,1,0,heuristic,1.9520,32.9351,1.7203,0.9614,3.1798,3.3220,0.0293,1.1820,2.8255,-1.9549,1.0058,7.3854,-0.5384,3.0000,0.0000,0.0000,0,14.1273,970.2428,663.0481,816.6454,-153.5974,-8.9379,-43.4661,1000.0000,610.6441
23.539,1,0,heuristic,1.9860,33.0983,1.7225,0.8998,3.1713,3.2965,0.0155,1.1774,2.8255,-1.8963,1.0058,7.2195,-0.5451,3.0000,0.0000,0.0000,0,14.1273,983.3641,678.8133,831.0887,-152.2754,-8.4778,-43.4474,1000.0000,626.8881
23.589,1,0,heuristic,2.0156,33.2514,1.7239,0.8433,3.1753,3.2853,-0.0043,1.1726,2.8255,-1.8393,1.0058,7.0644,-0.5514,3.0000,0.0000,0.0000,0,14.1273,967.8086,647.5080,807.6583,-160.1503,-8.2776,-43.2778,1000.0000,595.9526
23.639,1,0,heuristic,2.0444,33.4131,1.7248,0.7855,3.1621,3.2582,-0.0253,1.1676,2.8255,-1.7771,1.0058,6.9015,-0.5572,3.0000,0.0000,0.0000,0,14.1273,955.6392,672.0649,813.8520,-141.7872,-7.7895,-43.0458,990.8956,621.2296
23.689,1,0,heuristic,2.0693,33.5647,1.7247,0.7321,3.1610,3.2447,-0.0315,1.1625,2.8255,-1.7170,1.0058,6.7495,-0.5622,3.0000,0.0000,0.0000,0,14.1273,967.5734,598.4774,783.0254,-184.5480,-7.5455,-43.0792,1000.0000,547.8527
23.739,1,0,heuristic,2.0932,33.7244,1.7236,0.6777,3.1433,3.2155,-0.0720,1.1572,2.8255,-1.6516,1.0058,6.5900,-0.5664,3.0000,0.0000,0.0000,0,14.1273,964.8940,590.8301,777.8620,-187.0319,-7.0211,-42.3343,1000.0000,541.4746
23.789,1,0,heuristic,2.1136,33.8742,1.7214,0.6271,3.1387,3.2007,-0.0887,1.1518,2.8255,-1.5887,1.0058,6.4413,-0.5696,3.0000,0.0000,0.0000,0,14.1273,965.5505,500.3219,732.9362,-232.6143,-6.7547,-42.0377,1000.0000,451.5295
23.839,1,0,heuristic,2.1136,33.8742,1.7196,0.6271,3.1387,3.2007,-0.0978,1.1518,2.8255,-1.5887,1.0058,6.4413,-0.5677,3.0000,0.0000,0.0000,0,14.1273,984.1672,461.5882,722.8777,-261.2895,-6.7547,-41.7476,1000.0000,413.0860
23.889,1,0,heuristic,2.1330,34.0320,1.7156,0.5761,3.1177,3.1705,-0.1353,1.1462,2.8255,-1.5206,1.0058,6.2854,-0.5693,3.0000,0.0000,0.0000,0,14.1273,976.4535,502.5048,739.4791,-236.9744,-6.2107,-40.9154,1000.0000,455.3786
23.939,1,0,heuristic,2.1492,34.1795,1.7115,0.5284,3.1088,3.1534,-0.1475,1.1406,2.8255,-1.4553,1.0058,6.1404,-0.5709,3.0000,0.0000,0.0000,0,14.1273,969.5809,519.3981,744.4895,-225.0914,-5.9033,-40.6134,1000.0000,472.8815
23.989,1,0,heuristic,2.1642,34.3343,1.7037,0.4805,3.0824,3.1196,-0.1750,1.1348,2.8255,-1.3851,1.0058,5.9890,-0.5689,3.0000,0.0000,0.0000,0,14.1273,976.0804,426.1385,701.1095,-274.9710,-5.2951,-39.7900,1000.0000,381.0534
24.039,1,0,heuristic,2.1765,34.4786,1.6975,0.4358,3.0674,3.0982,-0.2055,1.1290,2.8255,-1.3182,1.0058,5.8486,-0.5685,3.0000,0.0000,0.0000,0,14.1273,973.9528,410.1790,692.0659,-281.8869,-4.9096,-38.9872,1000.0000,366.2822
24.089,1,0,heuristic,2.1878,34.6304,1.6904,0.3920,3.0377,3.0629,-0.2198,1.1229,2.8255,-1.2465,1.0058,5.7018,-0.5675,3.0000,0.0000,0.0000,0,14.1273,954.9604,332.4744,643.7174,-311.2430,-4.2740,-38.4828,989.1692,289.7177
24.139,1,0,heuristic,2.1969,34.7721,1.6825,0.3513,3.0206,3.0409,-0.2405,1.1169,2.8255,-1.1782,1.0058,5.5655,-0.5656,3.0000,0.0000,0.0000,0,14.1273,962.5726,380.2899,671.4312,-291.1413,-3.8783,-37.7993,996.4936,338.6123
24.189,1,0,heuristic,2.2048,34.9207,1.6714,0.3116,2.9879,3.0041,-0.2652,1.1106,2.8255,-1.1054,1.0058,5.4235,-0.5608,3.0000,0.0000,0.0000,0,14.1273,978.5619,375.1075,676.8347,-301.7272,-3.2160,-36.8592,1000.0000,335.0323
24.239,1,0,heuristic,2.2108,35.0589,1.6590,0.2744,2.9661,2.9788,-0.3010,1.1045,2.8255,-1.0365,1.0058,5.2922,-0.5545,3.0000,0.0000,0.0000,0,14.1273,976.5740,362.7609,669.6674,-306.9066,-2.7595,-35.6150,1000.0000,324.3864
24.289,1,0,heuristic,2.2108,35.0589,1.6481,0.2744,2.9661,2.9788,-0.3372,1.1045,2.8255,-1.0365,1.0058,5.2922,-0.5436,3.0000,0.0000,0.0000,0,14.1273,976.5465,363.7800,670.1633,-306.3832,-2.7595,-34.2543,1000.0000,326.7663
24.339,1,0,heuristic,2.2157,35.2037,1.6333,0.2384,2.9299,2.9396,-0.3232,1.0981,2.8255,-0.9631,1.0058,5.1555,-0.5352,3.0000,0.0000,0.0000,0,14.1273,966.9491,343.6784,655.3138,-311.6353,-2.0546,-33.9189,998.8134,307.7050
24.389,1,0,heuristic,2.2191,35.3388,1.6173,0.2048,2.9069,2.9142,-0.3845,1.0918,2.8255,-0.8936,1.0058,5.0288,-0.5255,3.0000,0.0000,0.0000,0,14.1273,954.3907,385.9592,670.1749,-284.2158,-1.5965,-31.9373,984.7315,352.4253
24.439,1,0,heuristic,2.2214,35.4807,1.6001,0.1727,2.8714,2.8766,-0.4015,1.0851,2.7671,-0.8196,1.0058,4.8968,-0.5150,3.0000,0.0000,0.0000,0,14.1273,958.0886,377.5402,667.8144,-290.2742,-1.9712,-30.8195,986.9369,344.7494
24.490,1,0,heuristic,2.2225,35.6133,1.5855,0.1428,2.8496,2.8532,-0.4083,1.0786,2.6979,-0.7495,1.0058,4.7743,-0.5069,3.0000,0.0000,0.0000,0,14.1273,972.5639,315.5854,644.0746,-328.4893,-2.7941,-30.0639,999.8337,282.7273
24.539,1,0,heuristic,2.2227,35.7529,1.5704,0.1149,2.8164,2.8188,-0.4328,1.0717,2.6257,-0.6750,1.0058,4.6464,-0.4987,3.0000,0.0000,0.0000,0,14.1273,967.2253,282.9943,625.1098,-342.1155,-3.4763,-28.9076,992.6567,250.6104
24.589,1,0,heuristic,2.2221,35.8837,1.5588,0.0895,2.7981,2.7996,-0.4320,1.0650,2.5585,-0.6044,1.0058,4.5275,-0.4938,3.0000,0.0000,0.0000,0,14.1273,963.6725,350.0438,656.8581,-306.8143,-4.3399,-28.4736,987.8062,317.2303
24.639,1,0,heuristic,2.2221,35.8837,1.5427,0.0895,2.7981,2.7996,-0.4328,1.0650,2.5585,-0.6044,1.0058,4.5275,-0.4777,3.0000,0.0000,0.0000,0,14.1273,965.4635,328.3297,646.8966,-318.5669,-4.3399,-27.5365,988.6602,296.4532
24.689,1,0,heuristic,2.2207,36.0215,1.5260,0.0661,2.7687,2.7695,-0.4470,1.0579,2.4882,-0.5294,1.0058,4.4033,-0.4681,3.0000,0.0000,0.0000,0,14.1273,955.8999,270.5616,613.2308,-342.6691,-5.0627,-26.5038,977.3410,238.9951
24.739,1,0,heuristic,2.2187,36.1507,1.5088,0.0447,2.7532,2.7536,-0.4535,1.0510,2.4230,-0.4586,1.0058,4.2879,-0.4578,3.0000,0.0000,0.0000,0,14.1273,951.0279,216.9179,583.9729,-367.0550,-5.9502,-25.5925,970.6702,185.3752
24.789,1,0,heuristic,2.2162,36.2873,1.4822,0.0258,2.7280,2.7282,-0.4855,1.0438,2.3547,-0.3833,1.0058,4.1669,-0.4384,3.0000,0.0000,0.0000,0,14.1273,945.8827,284.6558,615.2693,-330.6135,-6.7225,-23.5912,962.7514,254.3421
24.839,1,0,heuristic,2.2134,36.4157,1.4638,0.0090,2.7174,2.7174,-0.4825,1.0368,2.2911,-0.3122,1.0058,4.0544,-0.4270,3.0000,0.0000,0.0000,0,14.1273,919.6974,289.3127,604.5051,-315.1924,-7.6734,-22.7988,934.8228,258.8404
24.889,1,0,heuristic,2.2099,36.5513,1.4354,-0.0059,2.6951,2.6952,-0.4983,1.0294,2.2247,-0.2367,1.0058,3.9368,-0.4060,3.0000,0.0000,0.0000,0,14.1273,885.2917,218.3173,551.8045,-333.4872,-8.4689,-21.0045,897.8273,188.8439
24.939,1,0,heuristic,2.2064,36.6784,1.4207,-0.0194,2.6859,2.6860,-0.5168,1.0223,2.1630,-0.1657,1.0058,3.8278,-0.3984,3.0000,0.0000,0.0000,0,14.1273,853.2685,193.2999,523.2842,-329.9843,-9.4128,-19.9708,863.8264,163.9163
24.989,1,0,heuristic,2.2026,36.8128,1.3960,-0.0303,2.6657,2.6659,-0.5190,1.0149,2.0986,-0.0905,1.0058,3.7138,-0.3812,3.0000,0.0000,0.0000,0,14.1273,842.4666,163.0833,502.7750,-339.6917,-10.2105,-18.6613,850.9174,134.2115
25.039,1,0,heuristic,2.1989,36.9387,1.3707,-0.0395,2.6572,2.6575,-0.5255,1.0078,2.0391,-0.0199,1.0058,3.6084,-0.3629,3.0000,0.0000,0.0000,0,14.1273,823.8697,123.2408,473.5552,-350.3144,-11.1326,-17.1878,829.9249,94.9204
25.089,1,0,heuristic,2.1950,37.0711,1.3501,-0.0469,2.6350,2.6354,-0.5398,1.0004,1.9773,0.0543,1.0058,3.4991,-0.3498,3.0000,0.0000,0.0000,0,14.1273,829.7567,107.7440,468.7504,-361.0064,-11.8456,-15.8582,833.7693,80.0403
25.139,1,0,heuristic,2.1912,37.1946,1.3241,-0.0531,2.6225,2.6230,-0.5328,0.9934,1.9205,0.1236,1.0058,3.3986,-0.3308,3.0000,0.0000,0.0000,0,14.1273,760.1506,88.0509,424.1008,-336.0498,-12.6455,-14.5844,762.0896,60.8210
25.189,1,0,heuristic,2.1912,37.1946,1.3030,-0.0531,2.6225,2.6230,-0.5278,0.9934,1.9205,0.1236,1.0058,3.3986,-0.3096,3.0000,0.0000,0.0000,0,14.1273,703.2205,124.7220,413.9712,-289.2493,-12.6455,-13.2701,703.8451,98.8064
25.239,1,0,heuristic,2.1835,37.4446,1.2708,-0.0618,2.5790,2.5798,-0.5573,0.9791,1.8084,0.2639,1.0058,3.2002,-0.2917,3.0000,0.0000,0.0000,0,14.1273,728.1362,110.1668,419.1515,-308.9847,-13.8846,-11.0712,725.3228,85.2110
25.289,1,0,heuristic,2.1797,37.5706,1.2435,-0.0641,2.5479,2.5487,-0.5515,0.9718,1.7535,0.3346,1.0058,3.1030,-0.2717,3.0000,0.0000,0.0000,0,14.1273,652.6045,125.5491,389.0768,-263.5277,-14.3134,-9.6132,647.9043,101.6225
25.339,1,0,heuristic,2.1764,37.6876,1.2161,-0.0651,2.5256,2.5265,-0.5685,0.9650,1.7035,0.4000,1.0058,3.0146,-0.2511,3.0000,0.0000,0.0000,0,14.1273,665.6684,50.0434,357.8559,-307.8125,-14.8133,-7.6160,658.4712,27.6141
25.389,1,0,heuristic,2.1764,37.6876,1.1941,-0.0651,2.5256,2.5265,-0.5500,0.9650,1.7035,0.4000,1.0058,3.0146,-0.2291,3.0000,0.0000,0.0000,0,14.1273,731.9540,6.4317,369.1929,-362.7612,-14.8133,-6.3831,723.5239,-14.7647
25.441,1,0,heuristic,2.1708,37.9232,1.1611,-0.0614,2.4649,2.4657,-0.5530,0.9511,1.6059,0.5309,1.0058,2.8419,-0.2100,3.0000,0.0000,0.0000,0,14.1273,673.1455,73.5750,373.3602,-299.7852,-15.4751,-4.5575,662.2278,53.5424
25.489,1,0,heuristic,2.1708,37.9232,1.1391,-0.0614,2.4649,2.4657,-0.5625,1.6609,3.1293,2.5304,1.9161,17.1281,0.5217,3.0000,0.0000,0.0000,0,15.6465,631.8755,36.4777,334.1766,-297.6989,11.9451,35.4425,608.3781,83.8654
25.539,1,0,heuristic,2.1687,38.0414,1.1116,-0.0573,2.4266,2.4273,-0.5443,1.6631,3.1293,2.4924,1.9161,17.0118,0.5515,3.0000,0.0000,0.0000,0,15.6465,604.5429,59.1614,331.8522,-272.6907,12.6364,55.8136,561.3658,127.6115
25.589,1,0,heuristic,2.1670,38.1513,1.0896,-0.0528,2.3991,2.3997,-0.5787,1.6655,3.1293,2.4568,1.9161,16.9037,0.5760,3.0000,0.0000,0.0000,0,15.6465,563.7605,154.8361,359.2983,-204.4622,13.1325,57.8223,519.0706,225.7909
25.639,1,0,heuristic,2.1659,38.2664,1.0676,-0.0466,2.3619,2.3623,-0.5455,1.6678,3.1293,2.4189,1.9161,16.7907,0.6003,3.0000,0.0000,0.0000,0,15.6465,453.7703,264.8271,359.2987,-94.4716,13.8053,58.3788,409.1968,337.0111
25.689,1,0,heuristic,2.1657,38.3734,1.0404,-0.0379,2.3354,2.3358,-0.5192,1.6704,3.1293,2.3828,1.9161,16.6859,0.6300,3.0000,0.0000,0.0000,0,15.6465,502.0558,368.5168,435.2863,-66.7695,14.2837,59.3564,456.9831,442.1569
25.739,1,0,heuristic,2.1671,38.4855,1.0136,-0.0250,2.2996,2.2997,-0.5025,1.6730,3.1293,2.3436,1.9161,16.5763,0.6594,3.0000,0.0000,0.0000,0,15.6465,505.2207,456.5119,480.8663,-24.3544,14.9326,60.4871,459.6662,531.9316
25.789,1,0,heuristic,2.1703,38.5899,0.9981,-0.0068,2.2746,2.2746,-0.4878,1.6759,3.1293,2.3052,1.9161,16.4747,0.6778,3.0000,0.0000,0.0000,0,15.6465,478.8876,562.3608,520.6242,41.7366,15.3846,61.0804,433.1918,638.8258
25.839,1,0,heuristic,2.1703,38.5899,0.9780,-0.0068,2.2746,2.2746,-0.4662,1.6759,3.1293,2.3052,1.9161,16.4747,0.6979,3.0000,0.0000,0.0000,0,15.6465,432.5610,672.3608,552.4609,119.8999,15.3846,61.6679,386.2777,749.4133
25.889,1,0,heuristic,2.1765,38.6996,0.9541,0.0184,2.2418,2.2419,-0.4250,1.6790,3.1293,2.2623,1.9161,16.3686,0.7249,3.0000,0.0000,0.0000,0,15.6465,485.1609,782.3608,633.7608,148.6000,15.9736,62.1222,439.0123,860.4566
25.939,1,0,heuristic,2.1855,38.8029,0.9407,0.0525,2.2236,2.2242,-0.3855,1.6828,3.1293,2.2188,1.9161,16.2694,0.7420,3.0000,0.0000,0.0000,0,15.6465,484.1453,892.3576,688.2515,204.1062,16.2921,62.1024,438.3350,970.7522
25.989,1,0,heuristic,2.1994,38.9125,0.9199,0.0952,2.2005,2.2026,-0.3355,1.6871,3.1293,2.1687,1.9161,16.1651,0.7671,3.0000,0.0000,0.0000,0,15.6465,375.8653,977.7047,676.7850,300.9197,16.6813,62.2509,330.2957,1000.0000
26.039,1,0,heuristic,2.2169,39.0163,0.9086,0.1490,2.1931,2.1981,-0.3113,1.6922,3.1293,2.1171,1.9161,16.0672,0.7836,3.0000,0.0000,0.0000,0,15.6465,338.7284,982.8534,660.7909,322.0625,16.7607,62.4918,292.9973,1000.0000
26.089,1,0,heuristic,2.2169,39.0163,0.8948,0.1490,2.1931,2.1981,-0.2615,1.6922,3.1293,2.1171,1.9161,16.0672,0.7974,3.0000,0.0000,0.0000,0,15.6465,340.5322,978.0832,659.3077,318.7755,16.7607,62.1418,295.1511,1000.0000
26.139,1,0,heuristic,2.2408,39.1275,0.8800,0.2114,2.1821,2.1923,-0.2058,1.6981,3.1293,2.0569,1.9161,15.9637,0.8182,3.0000,0.0000,0.0000,0,15.6465,269.9713,988.5812,629.2763,359.3049,16.8654,61.9205,224.9161,1000.0000
26.189,1,0,heuristic,2.2684,39.2330,0.8725,0.2841,2.1853,2.2037,-0.1673,1.7049,3.1293,1.9952,1.9161,15.8666,0.8324,3.0000,0.0000,0.0000,0,15.6465,232.0517,989.0452,610.5485,378.4967,16.6606,61.7237,186.9887,1000.0000
26.239,1,0,heuristic,2.3030,39.3454,0.8622,0.3603,2.1805,2.2101,-0.1010,1.7123,3.1293,1.9246,1.9161,15.7646,0.8501,3.0000,0.0000,0.0000,0,15.6465,275.9711,989.7325,632.8518,356.8807,16.5456,61.0993,231.4173,1000.0000
26.289,1,0,heuristic,2.3401,39.4514,0.8575,0.4430,2.1860,2.2304,-0.0665,1.7203,3.1293,1.8538,1.9161,15.6695,0.8627,3.0000,0.0000,0.0000,0,15.6465,227.7641,981.2276,604.4959,376.7317,16.1800,60.8844,183.0597,1000.0000
26.339,1,0,heuristic,2.3401,39.4514,0.8528,0.4430,2.1860,2.2304,-0.0258,1.7203,3.1293,1.8538,1.9161,15.6695,0.8674,3.0000,0.0000,0.0000,0,15.6465,117.7641,961.8079,539.7860,422.0219,16.1800,60.2625,73.6816,1000.0000
26.390,1,0,heuristic,2.3842,39.5635,0.8500,0.5239,2.1797,2.2418,0.0330,1.7288,3.1293,1.7744,1.9161,15.5704,0.8788,3.0000,0.0000,0.0000,0,15.6465,37.6103,987.4473,512.5288,474.9185,15.9749,59.4551,-5.8698,1000.0000
26.439,1,0,heuristic,2.4298,39.6686,0.8489,0.6090,2.1818,2.2652,0.0630,1.7375,3.1293,1.6959,1.9161,15.4787,0.8887,3.0000,0.0000,0.0000,0,15.6465,75.2410,981.3941,528.3175,453.0766,15.5541,59.1712,31.6239,1000.0000
26.489,1,0,heuristic,2.4820,39.7788,0.8496,0.6879,2.1693,2.2757,0.1163,1.7467,3.1293,1.6095,1.9161,15.3839,0.8971,3.0000,0.0000,0.0000,0,15.6465,133.9298,978.3233,556.1266,422.1967,15.3642,58.3114,90.9827,1000.0000
26.540,1,0,heuristic,2.5342,39.8806,0.8522,0.7677,2.1597,2.2921,0.1640,1.7558,3.1293,1.5260,1.9161,15.2976,0.9036,3.0000,0.0000,0.0000,0,15.6465,133.0042,988.9054,560.9548,427.9506,15.0700,57.4675,90.6067,1000.0000
26.589,1,0,heuristic,2.5342,39.8806,0.8567,0.7677,2.1597,2.2921,0.2175,1.7558,3.1293,1.5260,1.9161,15.2976,0.8991,3.0000,0.0000,0.0000,0,15.6465,23.0042,982.2753,502.6398,479.6356,15.0700,56.1218,-18.0476,1000.0000
26.639,1,0,heuristic,2.5921,39.9864,0.8648,0.8371,2.1348,2.2931,0.2543,1.7651,3.1293,1.4356,1.9161,15.2092,0.9003,3.0000,0.0000,0.0000,0,15.6465,-1.8586,991.5423,494.8418,496.7004,15.0520,55.2332,-42.0397,1000.0000
26.689,1,0,heuristic,2.6489,40.0844,0.8688,0.9064,2.1159,2.3019,0.2762,1.7743,3.1293,1.3490,1.9161,15.1287,0.9055,3.0000,0.0000,0.0000,0,15.6465,-85.7549,986.3724,450.3088,536.0637,14.8939,54.8537,-125.7148,1000.0000
26.739,1,0,heuristic,2.7112,40.1857,0.8804,0.9648,2.0825,2.2952,0.3235,1.7838,3.1293,1.2561,1.9161,15.0466,0.9034,3.0000,0.0000,0.0000,0,15.6465,-148.3639,979.6219,415.6290,563.9929,15.0141,53.5615,-186.9114,1000.0000
26.789,1,0,heuristic,2.7713,40.2787,0.8916,1.0221,2.0534,2.2937,0.3738,1.7930,3.1293,1.1681,1.9161,14.9726,0.9014,3.0000,0.0000,0.0000,0,15.6465,-162.7354,981.4538,409.3592,572.0946,15.0410,52.2181,-199.9125,1000.0000
26.839,1,0,heuristic,2.7713,40.2787,0.9011,1.0221,2.0534,2.2937,0.3847,1.7930,3.1293,1.1681,1.9161,14.9726,0.8919,3.0000,0.0000,0.0000,0,15.6465,-134.0758,980.2017,423.0629,557.1387,15.0410,51.5166,-170.5514,1000.0000
26.889,1,0,heuristic,2.8360,40.3741,0.9188,1.0665,2.0097,2.2751,0.4395,1.8024,3.1293,1.0749,1.9161,14.8979,0.8836,3.0000,0.0000,0.0000,0,15.6465,-96.4358,984.9794,444.2718,540.7076,15.3755,49.7518,-130.8122,1000.0000
26.940,1,0,heuristic,2.8976,40.4609,0.9307,1.1097,1.9696,2.2607,0.4955,1.8113,3.1293,0.9876,1.9161,14.8311,0.8806,3.0000,0.0000,0.0000,0,15.6465,-178.3041,979.8802,400.7881,579.0922,15.6350,48.2329,-210.9020,1000.0000
26.989,1,0,heuristic,2.9635,40.5500,0.9523,1.1416,1.9181,2.2321,0.5148,1.8206,3.1293,0.8954,1.9161,14.7639,0.8683,3.0000,0.0000,0.0000,0,15.6465,-117.4319,984.5306,433.5494,550.9813,16.1490,47.0060,-148.2889,1000.0000
27.039,1,0,heuristic,3.0265,40.6316,0.9712,1.1756,1.8747,2.2128,0.5547,1.8295,3.1293,0.8085,1.9161,14.7035,0.8583,3.0000,0.0000,0.0000,0,15.6465,-96.5006,977.0015,440.2504,536.7510,16.4962,45.4678,-125.4723,1000.0000
27.089,1,0,heuristic,3.0265,40.6316,0.9915,1.1756,1.8747,2.2128,0.5747,1.8295,3.1293,0.8085,1.9161,14.7035,0.8381,3.0000,0.0000,0.0000,0,15.6465,-202.0805,986.8483,392.3839,594.4644,16.4962,44.0372,-229.6216,1000.0000
27.139,1,0,heuristic,3.0943,40.7160,1.0185,1.2010,1.8245,2.1843,0.6108,1.8390,3.1293,0.7162,1.9161,14.6422,0.8205,3.0000,0.0000,0.0000,0,15.6465,-160.9001,993.1132,416.1066,577.0067,17.0101,42.1854,-186.0754,1000.0000
27.189,1,0,heuristic,3.1591,40.7941,1.0354,1.2310,1.7846,2.1680,0.6108,1.8482,3.1293,0.6287,1.9161,14.5868,0.8128,3.0000,0.0000,0.0000,0,15.6465,-126.3897,982.4803,428.0453,554.4350,17.3030,41.5904,-150.6771,1000.0000
27.239,1,0,heuristic,3.2291,40.8753,1.0651,1.2539,1.7402,2.1449,0.6415,1.8581,3.1293,0.5354,1.9161,14.5303,0.7929,3.0000,0.0000,0.0000,0,15.6465,-59.2909,994.2093,467.4592,526.7501,17.7195,39.7214,-81.2928,1000.0000
27.289,1,0,heuristic,3.2960,40.9508,1.0899,1.2822,1.7069,2.1348,0.6623,1.8676,3.1293,0.4468,1.9161,14.4790,0.7777,3.0000,0.0000,0.0000,0,15.6465,-155.5132,983.1893,413.8381,569.3512,17.9002,38.3002,-175.9132,1000.0000
27.339,1,0,heuristic,3.3682,41.0306,1.1219,1.3035,1.6722,2.1202,0.6760,1.8778,3.1293,0.3519,1.9161,14.4258,0.7558,3.0000,0.0000,0.0000,0,15.6465,-235.9569,985.1686,374.6058,610.5628,18.1635,36.6724,-254.4658,1000.0000
27.389,1,0,heuristic,3.4373,41.1061,1.1484,1.3304,1.6526,2.1215,0.6883,1.8876,3.1293,0.2614,1.9161,14.3761,0.7392,3.0000,0.0000,0.0000,0,15.6465,-136.0573,984.7795,424.3611,560.4184,18.1394,35.3460,-153.2638,1000.0000
27.439,1,0,heuristic,3.5114,41.1867,1.1824,1.3493,1.6320,2.1175,0.7120,1.8982,3.1293,0.1644,1.9161,14.3240,0.7157,3.0000,0.0000,0.0000,0,15.6465,-124.2272,996.4065,436.0896,560.3169,18.2117,33.4055,-139.4210,1000.0000
27.489,1,0,heuristic,3.5818,41.2629,1.2103,1.3730,1.6229,2.1257,0.7288,1.9082,3.1293,0.0723,1.9161,14.2754,0.6979,3.0000,0.0000,0.0000,0,15.6465,-234.1883,984.7864,375.2990,609.4874,18.0642,31.9087,-248.0328,1000.0000
27.539,1,0,heuristic,3.5818,41.2629,1.2458,1.3730,1.6229,2.1257,0.7428,1.9082,3.1293,0.0723,1.9161,14.2754,0.6624,3.0000,0.0000,0.0000,0,15.6465,-157.5498,991.7531,417.1016,574.6514,18.0642,29.7747,-169.2603,1000.0000
27.589,1,0,heuristic,3.6570,41.3445,1.2749,1.3876,1.6124,2.1273,0.7482,1.9189,3.1293,-0.0261,1.9161,14.2238,0.6441,3.0000,0.0000,0.0000,0,15.6465,-131.1762,989.4597,429.1417,560.3179,18.0367,28.4554,-141.5949,1000.0000
27.639,1,0,heuristic,3.7282,41.4223,1.3043,1.4067,1.6141,2.1411,0.7582,1.9290,3.1293,-0.1194,1.9161,14.1752,0.6247,3.0000,0.0000,0.0000,0,15.6465,-143.1320,976.5360,416.7020,559.8340,17.7884,26.9926,-152.3362,1000.0000
27.689,1,0,heuristic,3.8039,41.5057,1.3494,1.4163,1.6119,2.1458,0.7775,1.9398,3.1293,-0.2188,1.9161,14.1235,0.5904,3.0000,0.0000,0.0000,0,15.6465,-36.4321,996.1325,479.8502,516.2823,17.7034,24.5162,-43.2449,1000.0000
27.739,1,0,heuristic,3.8751,41.5854,1.3723,1.4301,1.6215,2.1620,0.7755,1.9499,3.1293,-0.3129,1.9161,14.0745,0.5776,3.0000,0.0000,0.0000,0,15.6465,39.4188,990.8112,515.1150,475.6962,17.4115,23.6355,33.1947,1000.0000
27.789,1,0,heuristic,3.9505,41.6712,1.4029,1.4340,1.6275,2.1691,0.7710,1.9607,3.1293,-0.4129,1.9161,14.0218,0.5577,3.0000,0.0000,0.0000,0,15.6465,61.8976,983.4509,522.6743,460.7766,17.2839,22.4022,56.7793,1000.0000
27.839,1,0,heuristic,4.0210,41.7539,1.4414,1.4410,1.6464,2.1880,0.7695,1.9707,3.1293,-0.5072,1.9161,13.9710,0.5292,3.0000,0.0000,0.0000,0,15.6465,162.7247,993.1136,577.9191,415.1945,16.9442,20.6335,159.0353,1000.0000
27.889,1,0,heuristic,4.0210,41.7539,1.4724,1.4410,1.6464,2.1880,0.7815,1.9707,3.1293,-0.5072,1.9161,13.9710,0.4983,3.0000,0.0000,0.0000,0,15.6465,135.5726,974.9612,555.2669,419.6943,16.9442,18.6439,133.8730,1000.0000
27.939,1,0,heuristic,4.0948,41.8441,1.5111,1.4367,1.6641,2.1984,0.7595,1.9813,3.1293,-0.6072,1.9161,13.9151,0.4702,3.0000,0.0000,0.0000,0,15.6465,59.2118,975.1401,517.1759,457.9641,16.7553,17.2547,58.7124,1000.0000
27.989,1,0,heuristic,4.1634,41.9318,1.5493,1.4349,1.6968,2.2222,0.7422,1.9911,3.1293,-0.7014,1.9161,13.8603,0.4418,3.0000,0.0000,0.0000,0,15.6465,84.9096,988.1546,536.5321,451.6225,16.3279,15.7262,85.5113,1000.0000
28.039,1,0,heuristic,4.2347,42.0284,1.5796,1.4223,1.7288,2.2387,0.7478,2.0015,3.1293,-0.8012,1.9161,13.7991,0.4218,3.0000,0.0000,0.0000,0,15.6465,148.3467,968.4767,558.4117,410.0650,16.0315,14.1815,150.1967,998.6897
28.089,1,0,heuristic,4.3006,42.1224,1.6174,1.4122,1.7750,2.2682,0.7353,2.0110,3.1293,-0.8950,1.9161,13.7388,0.3936,3.0000,0.0000,0.0000,0,15.6465,65.4173,996.5485,530.9829,465.5656,15.4995,12.4986,68.4181,1000.0000
28.139,1,0,heuristic,4.3687,42.2255,1.6473,1.3918,1.8162,2.2881,0.7438,2.0211,3.1293,-0.9939,1.9161,13.6719,0.3738,3.0000,0.0000,0.0000,0,15.6465,76.9688,995.2044,536.0866,459.1178,15.1409,10.8533,81.2564,1000.0000
28.189,1,0,heuristic,4.4310,42.3257,1.6843,1.3730,1.8707,2.3205,0.7290,2.0302,3.1293,-1.0865,1.9161,13.6059,0.3459,3.0000,0.0000,0.0000,0,15.6465,185.2991,989.6989,587.4990,402.1999,14.5588,9.1627,190.6953,1000.0000
28.239,1,0,heuristic,4.4946,42.4356,1.7138,1.3432,1.9191,2.3424,0.7412,2.0398,3.1293,-1.1836,1.9161,13.5325,0.3260,3.0000,0.0000,0.0000,0,15.6465,250.9619,994.8029,622.8824,371.9205,14.1632,7.3847,257.7404,1000.0000
28.289,1,0,heuristic,4.5523,42.5420,1.7507,1.3146,1.9786,2.3756,0.7150,2.0485,3.1293,-1.2738,1.9161,13.4604,0.2978,3.0000,0.0000,0.0000,0,15.6465,246.0638,983.3518,614.7078,368.6440,13.5672,5.8329,253.7980,1000.0000
28.339,1,0,heuristic,4.6103,42.6582,1.7871,1.2750,2.0299,2.3971,0.7205,2.0577,3.1293,-1.3677,1.9161,13.3804,0.2705,3.0000,0.0000,0.0000,0,15.6465,239.2575,989.2090,614.2333,374.9758,13.1803,3.6128,248.8250,1000.0000
28.389,1,0,heuristic,4.6617,42.7710,1.8161,1.2343,2.0939,2.4306,0.7015,2.0657,3.1293,-1.4543,1.9161,13.3013,0.2496,3.0000,0.0000,0.0000,0,15.6465,311.8613,994.8712,653.3663,341.5049,12.5764,2.3301,322.1076,1000.0000
28.439,1,0,heuristic,4.7125,42.8940,1.8521,1.1826,2.1483,2.4523,0.6940,2.0742,3.1293,-1.5437,1.9161,13.2135,0.2222,3.0000,0.0000,0.0000,0,15.6465,281.2369,986.8918,634.0643,352.8274,12.1860,0.2824,293.1404,999.3602
28.489,1,0,heuristic,4.7567,43.0127,1.8874,1.1304,2.2132,2.4851,0.6807,2.0816,3.1293,-1.6255,1.9161,13.1273,0.1942,3.0000,0.0000,0.0000,0,15.6465,221.2302,997.1351,609.1826,387.9524,11.5946,-1.7274,234.5522,1000.0000
28.539,1,0,heuristic,4.7994,43.1416,1.9224,1.0686,2.2662,2.5055,0.6640,2.0895,3.1293,-1.7093,1.9161,13.0321,0.1670,3.0000,0.0000,0.0000,0,15.6465,331.2248,998.6056,664.9152,333.6904,11.2277,-3.6695,346.1220,1000.0000
28.589,1,0,heuristic,4.8358,43.2655,1.9568,1.0064,2.3291,2.5373,0.6708,2.0962,3.1293,-1.7855,1.9161,12.9390,0.1394,3.0000,0.0000,0.0000,0,15.6465,393.8805,983.8961,688.8883,295.0078,10.6566,-6.1838,410.7208,988.3689
28.639,1,0,heuristic,4.8358,43.2655,1.9841,1.0064,2.3291,2.5373,0.6650,2.0962,3.1293,-1.7855,1.9161,12.9390,0.1121,3.0000,0.0000,0.0000,0,15.6465,302.9163,989.2242,646.0703,343.1540,10.6566,-8.3197,321.8925,991.5611
28.689,1,0,heuristic,4.8984,43.5272,2.0245,0.8676,2.4355,2.5854,0.6455,2.1093,3.1293,-1.9330,1.9161,12.7377,0.0848,3.0000,0.0000,0.0000,0,15.6465,396.2947,989.5495,692.9221,296.6274,9.7899,-10.4730,416.5576,988.8664
28.739,1,0,heuristic,4.8984,43.5272,2.0511,0.8676,2.4355,2.5854,0.6540,2.1093,3.1293,-1.9330,1.9161,12.7377,0.0582,3.0000,0.0000,0.0000,0,15.6465,496.7937,993.4153,745.1045,248.3108,9.7899,-12.9303,519.5140,990.2749
28.789,1,0,heuristic,4.9235,43.6654,2.0840,0.7906,2.4799,2.6029,0.6370,2.1157,3.1293,-2.0034,1.9161,12.6285,0.0317,3.0000,0.0000,0.0000,0,15.6465,555.6816,996.1291,775.9054,220.2237,9.4759,-14.9907,580.1482,990.6143
28.839,1,0,heuristic,4.9429,43.7974,2.1099,0.7131,2.5339,2.6324,0.6128,2.1209,3.1293,-2.0663,1.9161,12.5226,0.0110,3.0000,0.0000,0.0000,0,15.6465,658.3672,976.7880,817.5776,159.2104,8.9445,-16.3867,683.6983,969.3457
28.889,1,0,heuristic,4.9583,43.9395,2.1416,0.6297,2.5739,2.6498,0.5993,2.1263,3.1293,-2.1289,1.9161,12.4064,-0.0153,3.0000,0.0000,0.0000,0,15.6465,637.9533,991.2055,814.5794,176.6261,8.6308,-18.4943,665.0783,981.3421
28.939,1,0,heuristic,4.9677,44.0756,2.1665,0.5428,2.6260,2.6815,0.5747,2.1306,3.1293,-2.1837,1.9161,12.2931,-0.0359,3.0000,0.0000,0.0000,0,15.6465,599.2023,985.4939,792.3481,193.1458,8.0601,-19.8642,627.1266,973.6898
28.989,1,0,heuristic,4.9715,44.2222,2.2028,0.4492,2.6649,2.7025,0.5505,2.1350,3.1293,-2.2370,1.9161,12.1682,-0.0678,3.0000,0.0000,0.0000,0,15.6465,560.6427,988.0131,774.3279,213.6852,7.6826,-22.1899,590.5152,973.5057
29.039,1,0,heuristic,4.9694,44.3625,2.2261,0.3506,2.7163,2.7388,0.5355,2.1382,3.1293,-2.2825,1.9161,12.0464,-0.0880,3.0000,0.0000,0.0000,0,15.6465,642.7055,988.1331,815.4193,172.7138,7.0286,-23.6692,673.4032,971.4925
29.089,1,0,heuristic,4.9610,44.5131,2.2545,0.2482,2.7524,2.7635,0.5302,2.1414,3.1293,-2.3256,1.9161,11.9128,-0.1131,3.0000,0.0000,0.0000,0,15.6465,752.5237,987.8449,870.1843,117.6606,6.5835,-25.7394,784.8466,968.6890
29.139,1,0,heuristic,4.9478,44.6563,2.2819,0.1434,2.7985,2.8022,0.5095,2.1435,3.1293,-2.3616,1.9161,11.7834,-0.1384,3.0000,0.0000,0.0000,0,15.6465,705.5798,990.8305,848.2051,142.6253,5.8879,-27.4468,738.9145,969.2717
29.189,1,0,heuristic,4.9278,44.8093,2.3033,0.0380,2.8272,2.8274,0.5068,2.1458,3.1293,-2.3946,1.9161,11.6426,-0.1575,3.0000,0.0000,0.0000,0,15.6465,769.6519,997.1878,883.4198,113.7680,5.4336,-28.9909,804.0764,973.6305
29.239,1,0,heuristic,4.9033,44.9544,2.3344,-0.0718,2.8662,2.8671,0.4607,2.1469,3.1293,-2.4206,1.9161,11.5063,-0.1875,3.0000,0.0000,0.0000,0,15.6465,801.6331,996.0971,898.8651,97.2320,4.7193,-30.4367,836.7890,970.3797
29.289,1,0,heuristic,4.8710,45.1089,2.3544,-0.1818,2.8875,2.8932,0.4495,2.1481,3.1293,-2.4425,1.9161,11.3582,-0.2063,3.0000,0.0000,0.0000,0,15.6465,885.5008,987.9149,936.7079,51.2070,4.2500,-31.6861,921.4369,960.4788
29.339,1,0,heuristic,4.8349,45.2549,2.3738,-0.2959,2.9182,2.9332,0.4383,2.1482,3.1293,-2.4580,1.9161,11.2155,-0.2256,3.0000,0.0000,0.0000,0,15.6465,890.0214,995.2890,942.6552,52.6338,3.5296,-32.9317,926.4827,965.8869
29.389,1,0,heuristic,4.7904,45.4099,2.3973,-0.4078,2.9305,2.9588,0.4235,2.1483,3.1293,-2.4686,1.9161,11.0610,-0.2490,3.0000,0.0000,0.0000,0,15.6465,891.9631,987.1760,939.5695,47.6065,3.0694,-34.3606,929.3930,955.8848
29.439,1,0,heuristic,4.7428,45.5558,2.4196,-0.5244,2.9525,2.9987,0.4047,2.1474,3.1293,-2.4732,1.9161,10.9125,-0.2722,3.0000,0.0000,0.0000,0,15.6465,920.5738,974.1661,947.3700,26.7961,2.3506,-35.6420,958.5664,940.8747
29.489,1,0,heuristic,4.7428,45.5558,2.4367,-0.5244,2.9525,2.9987,0.4012,2.1474,3.1293,-2.4732,1.9161,10.9125,-0.2893,3.0000,0.0000,0.0000,0,15.6465,917.0188,983.9840,950.5014,33.4826,2.3506,-36.7724,956.1418,949.5622
29.539,1,0,heuristic,4.6864,45.7103,2.4532,-0.6366,2.9561,3.0239,0.3680,2.1466,3.1293,-2.4724,1.9161,10.7522,-0.3066,3.0000,0.0000,0.0000,0,15.6465,934.9443,992.2653,963.6048,28.6605,1.8976,-37.2656,974.1074,956.8973
29.589,1,0,heuristic,4.6281,45.8553,2.4651,-0.7521,2.9690,3.0628,0.3625,2.1448,3.1293,-2.4666,1.9161,10.5990,-0.3203,3.0000,0.0000,0.0000,0,15.6465,940.3952,989.8974,965.1463,24.7511,1.1970,-38.0665,979.6587,953.0279
29.639,1,0,heuristic,4.5610,46.0082,2.4840,-0.8600,2.9634,3.0857,0.3180,2.1431,3.1293,-2.4552,1.9161,10.4343,-0.3409,3.0000,0.0000,0.0000,0,15.6465,952.8573,993.3147,973.0860,20.2287,0.7851,-38.4845,992.1270,955.6153
29.689,1,0,heuristic,4.4930,46.1514,2.4984,-0.9710,2.9676,3.1224,0.3130,2.1406,3.1293,-2.4397,1.9161,10.2773,-0.3578,3.0000,0.0000,0.0000,0,15.6465,937.3998,986.8359,962.1178,24.7180,0.1240,-39.4563,976.9802,947.5036
29.739,1,0,heuristic,4.4930,46.1514,2.5088,-0.9710,2.9676,3.1224,0.3058,2.1406,3.1293,-2.4397,1.9161,10.2773,-0.3682,3.0000,0.0000,0.0000,0,15.6465,940.1579,885.7345,912.9462,-27.2117,0.1240,-39.9706,980.2525,845.8879
29.789,1,0,heuristic,4.4161,46.3023,2.5252,-1.0727,2.9543,3.1430,0.2923,2.1381,3.1293,-2.4184,1.9161,10.1091,-0.3872,3.0000,0.0000,0.0000,0,15.6465,969.5538,892.2389,930.8963,-38.6575,-0.2471,-40.8546,1000.0000,851.1372
29.839,1,0,heuristic,4.3394,46.4434,2.5347,-1.1777,2.9513,3.1776,0.2620,2.1349,3.1293,-2.3940,1.9161,9.9492,-0.3998,3.0000,0.0000,0.0000,0,15.6465,969.5276,973.7671,971.6473,2.1198,-0.8698,-40.9721,1000.0000,931.9252
29.889,1,0,heuristic,4.2540,46.5914,2.5496,-1.2707,2.9305,3.1941,0.2503,2.1317,3.1293,-2.3637,1.9161,9.7786,-0.4179,3.0000,0.0000,0.0000,0,15.6465,977.8392,972.1623,975.0008,-2.8385,-1.1671,-41.7885,1000.0000,929.2067
29.939,1,0,heuristic,4.1700,46.7292,2.5609,-1.3664,2.9186,3.2226,0.2447,2.1280,3.1293,-2.3314,1.9161,9.6174,-0.4328,3.0000,0.0000,0.0000,0,15.6465,968.7663,879.8329,924.2996,-44.4667,-1.6795,-42.5234,1000.0000,835.6300
29.989,1,0,heuristic,4.1700,46.7292,2.5714,-1.3664,2.9186,3.2226,0.2320,2.1280,3.1293,-2.3314,1.9161,9.6174,-0.4434,3.0000,0.0000,0.0000,0,15.6465,974.8886,895.0261,934.9573,-39.9312,-1.6795,-42.8848,1000.0000,850.4618
30.039,1,0,heuristic,4.0772,46.8737,2.5814,-1.4502,2.8905,3.2339,0.2280,2.1243,3.1293,-2.2929,1.9161,9.4457,-0.4571,3.0000,0.0000,0.0000,0,15.6465,971.9731,848.6874,910.3303,-61.6429,-1.8830,-43.5521,1000.0000,803.2522
30.089,1,0,heuristic,3.9865,47.0083,2.5908,-1.5381,2.8730,3.2588,0.1918,2.1201,3.1293,-2.2531,1.9161,9.2834,-0.4707,3.0000,0.0000,0.0000,0,15.6465,985.0030,870.4930,927.7480,-57.2550,-2.3319,-43.5253,1000.0000,824.6357
30.139,1,0,heuristic,3.8872,47.1489,2.6018,-1.6125,2.8393,3.2652,0.1822,2.1159,3.1293,-2.2072,1.9161,9.1113,-0.4859,3.0000,0.0000,0.0000,0,15.6465,967.6834,882.4580,925.0707,-42.6127,-2.4460,-44.1313,1000.0000,835.8806
30.189,1,0,heuristic,3.7911,47.2793,2.6079,-1.6902,2.8149,3.2834,0.1675,2.1114,3.1293,-2.1610,1.9161,8.9495,-0.4965,3.0000,0.0000,0.0000,0,15.6465,975.0192,772.8722,873.9457,-101.0735,-2.7733,-44.3582,1000.0000,725.7407
30.239,1,0,heuristic,3.7911,47.2793,2.6155,-1.6902,2.8149,3.2834,0.1467,2.1114,3.1293,-2.1610,1.9161,8.9495,-0.5042,3.0000,0.0000,0.0000,0,15.6465,983.1789,686.3845,834.7817,-148.3972,-2.7733,-44.3550,1000.0000,639.2562
30.289,1,0,heuristic,3.6868,47.4153,2.6243,-1.7536,2.7750,3.2827,0.1255,2.1068,3.1293,-2.1088,1.9161,8.7784,-0.5175,3.0000,0.0000,0.0000,0,15.6465,981.5619,715.1190,848.3405,-133.2215,-2.7605,-44.5770,1000.0000,667.7814
30.339,1,0,heuristic,3.5864,47.5413,2.6291,-1.8212,2.7451,3.2943,0.1067,2.1019,3.1293,-2.0570,1.9161,8.6179,-0.5271,3.0000,0.0000,0.0000,0,15.6465,985.1588,610.0105,797.5847,-187.5741,-2.9694,-44.6386,1000.0000,562.4025
30.389,1,0,heuristic,3.4783,47.6721,2.6348,-1.8725,2.6989,3.2849,0.0988,2.0971,3.1293,-1.9996,1.9161,8.4492,-0.5378,3.0000,0.0000,0.0000,0,15.6465,977.2283,593.4138,785.3210,-191.9073,-2.8007,-44.9657,1000.0000,545.6473
30.439,1,0,heuristic,3.3753,47.7925,2.6399,-1.9271,2.6609,3.2854,0.0875,2.0921,3.1293,-1.9434,1.9161,8.2920,-0.5478,3.0000,0.0000,0.0000,0,15.6465,984.9455,643.3978,814.1716,-170.7738,-2.8100,-45.1874,1000.0000,595.4004
30.489,1,0,heuristic,3.3753,47.7925,2.6441,-1.9271,2.6609,3.2854,0.0550,2.0921,3.1293,-1.9434,1.9161,8.2920,-0.5520,3.0000,0.0000,0.0000,0,15.6465,978.9135,540.4099,759.6617,-219.2518,-2.8100,-44.7372,1000.0000,492.8628
30.539,1,0,heuristic,3.2652,47.9170,2.6482,-1.9652,2.6074,3.2650,0.0140,2.0871,3.1293,-1.8819,1.9161,8.1275,-0.5611,3.0000,0.0000,0.0000,0,15.6465,973.6424,621.5951,797.6187,-176.0237,-2.4433,-44.2668,1000.0000,574.8849
30.589,1,0,heuristic,3.1608,48.0311,2.6499,-2.0071,2.5616,3.2542,-0.0015,2.0820,3.1293,-1.8224,1.9161,7.9749,-0.5679,3.0000,0.0000,0.0000,0,15.6465,979.0991,540.5301,759.8146,-219.2845,-2.2488,-44.2099,1000.0000,494.0714
30.639,1,0,heuristic,3.0496,48.1489,2.6519,-2.0336,2.5022,3.2244,-0.0243,2.0769,3.1293,-1.7575,1.9161,7.8156,-0.5751,3.0000,0.0000,0.0000,0,15.6465,989.6705,543.9639,766.8172,-222.8533,-1.7116,-44.0046,1000.0000,498.2477
30.689,1,0,heuristic,2.9443,48.2569,2.6522,-2.0654,2.4517,3.2057,-0.0553,2.0716,3.1293,-1.6950,1.9161,7.6679,-0.5805,3.0000,0.0000,0.0000,0,15.6465,985.8216,492.5980,739.2098,-246.6118,-1.3757,-43.5347,1000.0000,447.6877
30.739,1,0,heuristic,2.8323,48.3682,2.6515,-2.0834,2.3897,3.1704,-0.0798,2.0662,3.1293,-1.6273,1.9161,7.5138,-0.5852,3.0000,0.0000,0.0000,0,15.6465,970.2908,477.9335,724.1122,-246.1786,-0.7393,-43.1463,1000.0000,434.0479
30.789,1,0,heuristic,2.7264,48.4704,2.6499,-2.1079,2.3374,3.1475,-0.0865,2.0608,3.1293,-1.5622,1.9161,7.3710,-0.5891,3.0000,0.0000,0.0000,0,15.6465,968.3578,495.3106,731.8342,-236.5236,-0.3281,-43.0893,1000.0000,451.8931
30.839,1,0,heuristic,2.7264,48.4704,2.6474,-2.1079,2.3374,3.1475,-0.1175,2.0608,3.1293,-1.5622,1.9161,7.3710,-0.5866,3.0000,0.0000,0.0000,0,15.6465,979.3707,464.8961,722.1334,-257.2373,-0.3281,-42.3047,1000.0000,422.2632
30.889,1,0,heuristic,2.6139,48.5757,2.6430,-2.1191,2.2751,3.1091,-0.1507,2.0551,3.1293,-1.4920,1.9161,7.2221,-0.5879,3.0000,0.0000,0.0000,0,15.6465,976.9764,425.4926,701.2345,-275.7419,0.3636,-41.5371,1000.0000,384.3190
30.939,1,0,heuristic,2.5077,48.6724,2.6397,-2.1376,2.2229,3.0839,-0.1655,2.0494,3.1293,-1.4248,1.9161,7.0842,-0.5903,3.0000,0.0000,0.0000,0,15.6465,967.5806,460.2901,713.9354,-253.6452,0.8173,-41.2229,1000.0000,419.8845
30.989,1,0,heuristic,2.3949,48.7723,2.6315,-2.1440,2.1626,3.0452,-0.1928,2.0434,3.1293,-1.3524,1.9161,6.9403,-0.5881,3.0000,0.0000,0.0000,0,15.6465,978.9923,421.8415,700.4169,-278.5754,1.5130,-40.3875,1000.0000,382.9670
31.039,1,0,heuristic,2.2884,48.8642,2.6249,-2.1589,2.1128,3.0207,-0.2220,2.0373,3.1293,-1.2833,1.9161,6.8068,-0.5876,3.0000,0.0000,0.0000,0,15.6465,983.1547,356.3263,669.7405,-313.4142,1.9540,-39.6007,1000.0000,318.6795
31.089,1,0,heuristic,2.1752,48.9593,2.6175,-2.1626,2.0562,2.9840,-0.2460,2.0310,3.1293,-1.2090,1.9161,6.6674,-0.5865,3.0000,0.0000,0.0000,0,15.6465,982.6067,345.3882,663.9974,-318.6092,2.6145,-38.8824,1000.0000,309.1203
31.139,1,0,heuristic,2.0682,49.0471,2.6092,-2.1758,2.0106,2.9625,-0.2370,2.0246,3.1293,-1.1380,1.9161,6.5379,-0.5846,3.0000,0.0000,0.0000,0,15.6465,979.6733,378.3027,678.9880,-300.6853,3.0021,-38.8160,1000.0000,342.4888
31.189,1,0,heuristic,1.9546,49.1380,2.5977,-2.1777,1.9583,2.9287,-0.2920,2.0179,3.1293,-1.0619,1.9161,6.4027,-0.5798,3.0000,0.0000,0.0000,0,15.6465,982.8428,386.0100,684.4264,-298.4164,3.6105,-37.2341,1000.0000,352.3863
31.239,1,0,heuristic,1.8474,49.2219,2.5849,-2.1886,1.9159,2.9088,-0.2970,2.0113,3.1293,-0.9894,1.9161,6.2774,-0.5736,3.0000,0.0000,0.0000,0,15.6465,975.3674,390.1773,682.7723,-292.5950,3.9692,-36.6340,1000.0000,357.5126
31.289,1,0,heuristic,1.8474,49.2219,2.5737,-2.1886,1.9159,2.9088,-0.3232,2.0113,3.1293,-0.9894,1.9161,6.2774,-0.5624,3.0000,0.0000,0.0000,0,15.6465,977.4501,331.8230,654.6365,-322.8135,3.9692,-35.4743,1000.0000,300.3179
31.339,1,0,heuristic,1.7335,49.3090,2.5586,-2.1889,1.8679,2.8776,-0.3610,2.0042,3.1293,-0.9118,1.9161,6.1464,-0.5543,3.0000,0.0000,0.0000,0,15.6465,973.8582,315.5454,644.7018,-329.1564,4.5311,-34.0644,1000.0000,286.0121
31.389,1,0,heuristic,1.6259,49.3897,2.5457,-2.1994,1.8307,2.8616,-0.3600,1.9973,3.1293,-0.8379,1.9161,6.0245,-0.5484,3.0000,0.0000,0.0000,0,15.6465,983.1189,209.7717,596.4453,-386.6736,4.8185,-33.5906,1000.0000,180.9995
31.439,1,0,heuristic,1.5116,49.4740,2.5288,-2.1992,1.7886,2.8347,-0.3813,1.9900,3.1293,-0.7588,1.9161,5.8970,-0.5388,3.0000,0.0000,0.0000,0,15.6465,982.1012,237.8943,609.9977,-372.1034,5.3033,-32.4302,1000.0000,210.7674
31.489,1,0,heuristic,1.4039,49.5521,2.5144,-2.2084,1.7562,2.8215,-0.4042,1.9828,3.1293,-0.6838,1.9161,5.7787,-0.5316,3.0000,0.0000,0.0000,0,15.6465,986.0399,326.1892,656.1146,-329.9254,5.5397,-31.3702,1000.0000,300.3587
31.539,1,0,heuristic,1.2897,49.6333,2.4954,-2.2057,1.7174,2.7954,-0.4190,1.9753,3.1293,-0.6039,1.9161,5.6553,-0.5201,3.0000,0.0000,0.0000,0,15.6465,961.7050,304.2106,632.9578,-328.7472,6.0093,-30.2303,997.9446,279.9896
31.589,1,0,heuristic,1.1824,49.7084,2.4793,-2.2116,1.6870,2.7816,-0.4368,1.9680,3.1293,-0.5284,1.9161,5.5412,-0.5114,3.0000,0.0000,0.0000,0,15.6465,974.5724,334.2450,654.4087,-320.1637,6.2593,-29.1857,1000.0000,311.3187
31.639,1,0,heuristic,1.0687,49.7871,2.4584,-2.2068,1.6521,2.7567,-0.4482,1.9602,3.1293,-0.4480,1.9161,5.4220,-0.4982,3.0000,0.0000,0.0000,0,15.6465,988.5114,305.7875,647.1495,-341.3620,6.7061,-28.0046,1000.0000,284.4890
31.689,1,0,heuristic,0.9614,49.8606,2.4410,-2.2125,1.6279,2.7469,-0.4652,1.9528,3.1293,-0.3719,1.9161,5.3110,-0.4882,3.0000,0.0000,0.0000,0,15.6465,980.9539,272.3313,626.6426,-354.3113,6.8832,-26.8935,1000.0000,252.3210
31.739,1,0,heuristic,0.8474,49.9381,2.4185,-2.2084,1.6004,2.7274,-0.4953,1.9449,3.1293,-0.2909,1.9161,5.1946,-0.4736,3.0000,0.0000,0.0000,0,15.6465,975.3361,311.1944,643.2653,-332.0709,7.2350,-25.2244,1000.0000,293.2049
31.789,1,0,heuristic,0.7398,50.0107,2.3955,-2.2150,1.5831,2.7226,-0.4925,1.9373,3.1293,-0.2142,1.9161,5.0862,-0.4581,3.0000,0.0000,0.0000,0,15.6465,975.8897,244.0560,609.9728,-365.9168,7.3204,-24.1908,1000.0000,227.1856
31.839,1,0,heuristic,0.7398,50.0107,2.3765,-2.2150,1.5831,2.7226,-0.4970,1.9373,3.1293,-0.2142,1.9161,5.0862,-0.4392,3.0000,0.0000,0.0000,0,15.6465,974.0956,290.4677,632.2817,-341.8140,7.3204,-22.9773,1000.0000,274.8109
31.889,1,0,heuristic,0.6255,50.0875,2.3522,-2.2117,1.5616,2.7074,-0.5082,1.9293,3.1121,-0.1326,1.9161,4.9726,-0.4229,3.0000,0.0000,0.0000,0,15.6465,976.5260,347.5350,662.0305,-314.4955,7.2855,-21.5645,1000.0000,333.2560
31.939,1,0,heuristic,0.5175,50.1597,2.3324,-2.2192,1.5500,2.7070,-0.5242,1.9216,3.0458,-0.0555,1.9161,4.8667,-0.4108,3.0000,0.0000,0.0000,0,15.6465,962.6289,279.7748,621.2019,-341.4270,6.0996,-20.2994,989.0279,265.5751
31.989,1,0,heuristic,0.4027,50.2361,2.3072,-2.2169,1.5342,2.6960,-0.5345,1.9134,2.9763,0.0267,1.9161,4.7556,-0.3938,3.0000,0.0000,0.0000,0,15.6465,977.3460,263.8361,620.5910,-356.7550,5.0455,-18.8324,1000.0000,250.0491
32.039,1,0,heuristic,0.2942,50.3086,2.2867,-2.2259,1.5291,2.7005,-0.5353,1.9057,2.9114,0.1043,1.9161,4.6518,-0.3810,3.0000,0.0000,0.0000,0,15.6465,987.8895,303.2200,645.5548,-342.3348,3.7959,-17.8245,1000.0000,289.1913
32.089,1,0,heuristic,0.1786,50.3860,2.2607,-2.2252,1.5211,2.6954,-0.5288,1.8975,2.8430,0.1869,1.9161,4.5425,-0.3632,3.0000,0.0000,0.0000,0,15.6465,984.2162,247.4309,615.8236,-368.3926,2.6563,-16.6252,1000.0000,233.4620
32.139,1,0,heuristic,0.0694,50.4595,2.2396,-2.2350,1.5230,2.7046,-0.5425,1.8898,2.7791,0.2647,1.9161,4.4405,-0.3499,3.0000,0.0000,0.0000,0,15.6465,977.4041,339.3853,658.3947,-319.0094,1.3415,-15.2825,994.0282,325.4443
32.189,1,0,heuristic,-0.0466,50.5382,2.2130,-2.2343,1.5213,2.7030,-0.5333,1.8816,2.7119,0.3472,1.9161,4.3331,-0.3315,3.0000,0.0000,0.0000,0,15.6465,978.8920,375.0285,676.9603,-301.9318,0.1598,-14.0673,993.1191,361.1210
32.239,1,0,heuristic,-0.1561,50.6132,2.1915,-2.2437,1.5295,2.7155,-0.5447,1.8739,2.6492,0.4249,1.9161,4.2329,-0.3175,3.0000,0.0000,0.0000,0,15.6465,972.4943,281.9512,627.2227,-345.2715,-1.1924,-12.7033,984.0051,268.0556
32.289,1,0,heuristic,-0.2724,50.6941,2.1641,-2.2421,1.5347,2.7170,-0.5620,1.8658,2.5831,0.5069,1.9161,4.1274,-0.2983,3.0000,0.0000,0.0000,0,15.6465,981.4388,294.0608,637.7498,-343.6890,-2.4104,-10.8330,989.8614,280.8174
32.339,1,0,heuristic,-0.3820,50.7718,2.1368,-2.2504,1.5517,2.7335,-0.5653,1.8583,2.5212,0.5838,1.9161,4.0284,-0.2784,3.0000,0.0000,0.0000,0,15.6465,979.5615,237.5452,608.5533,-371.0082,-3.8224,-9.1935,984.9327,224.5293
32.389,1,0,heuristic,-0.3820,50.7718,2.1202,-2.2504,1.5517,2.7335,-0.5505,1.8583,2.5212,0.5838,1.9161,4.0284,-0.2619,3.0000,0.0000,0.0000,0,15.6465,971.0306,286.7935,628.9120,-342.1186,-3.8224,-8.3233,975.5315,274.6478
32.439,1,0,heuristic,-0.4981,50.8557,2.0870,-2.2469,1.5641,2.7377,-0.5785,1.8504,2.4560,0.6646,1.9161,3.9243,-0.2366,3.0000,0.0000,0.0000,0,15.6465,936.4965,238.0339,587.2652,-349.2313,-5.0689,-5.6984,937.1260,227.2665
32.489,1,0,heuristic,-0.6072,50.9361,2.0703,-2.2522,1.5860,2.7546,-0.5660,1.8432,2.3953,0.7401,1.9161,3.8273,-0.2272,3.0000,0.0000,0.0000,0,15.6465,946.6218,218.2337,582.4277,-364.1940,-6.4660,-5.0829,945.2387,206.6849
32.539,1,0,heuristic,-0.7225,51.0226,2.0366,-2.2451,1.6016,2.7578,-0.5770,1.8354,2.3318,0.8193,1.9161,3.7258,-0.2012,3.0000,0.0000,0.0000,0,15.6465,940.8797,268.2609,604.5703,-336.3094,-7.6681,-2.6973,935.9088,257.8955
32.589,1,0,heuristic,-0.8305,51.1054,2.0196,-2.2463,1.6261,2.7731,-0.5667,1.8284,2.2729,0.8929,1.9161,3.6317,-0.1912,3.0000,0.0000,0.0000,0,15.6465,942.1748,330.4498,636.3123,-305.8625,-9.0035,-1.9684,935.1398,319.4779
32.639,1,0,heuristic,-0.9443,51.1943,1.9912,-2.2344,1.6429,2.7734,-0.5787,1.8209,2.2116,0.9699,1.9161,3.5337,-0.1703,3.0000,0.0000,0.0000,0,15.6465,904.3367,309.3296,606.8331,-297.5035,-10.1133,0.0968,894.1266,299.3131
32.689,1,0,heuristic,-1.0506,51.2793,1.9684,-2.2304,1.6686,2.7855,-0.5787,1.8141,2.1549,1.0411,1.9161,3.4432,-0.1542,3.0000,0.0000,0.0000,0,15.6465,919.4610,217.9025,568.6818,-350.7792,-11.3502,1.5456,906.5652,208.0979
32.739,1,0,heuristic,-1.1622,51.3713,1.9397,-2.2138,1.6885,2.7842,-0.5810,1.8069,2.0959,1.1150,1.9161,3.3488,-0.1327,3.0000,0.0000,0.0000,0,15.6465,857.1140,286.6620,571.8880,-285.2260,-12.3898,3.5095,841.2147,277.7817
32.789,1,0,heuristic,-1.2662,51.4595,1.9111,-2.2044,1.7184,2.7951,-0.5690,1.8005,2.0413,1.1831,1.9161,3.2616,-0.1106,3.0000,0.0000,0.0000,0,15.6465,860.4532,188.7052,524.5792,-335.8740,-13.5673,5.2412,841.6447,180.3790
32.839,1,0,heuristic,-1.2662,51.4595,1.8883,-2.2044,1.7184,2.7951,-0.5745,1.8005,2.0413,1.1831,1.9161,3.2616,-0.0877,3.0000,0.0000,0.0000,0,15.6465,882.2888,215.3637,548.8263,-333.4625,-13.5673,7.2857,861.4358,209.0821
32.889,1,0,heuristic,-1.3751,51.5544,1.8596,-2.1824,1.7399,2.7911,-0.5793,1.7936,1.9849,1.2534,1.9161,3.1715,-0.0660,3.0000,0.0000,0.0000,0,15.6465,861.3151,247.9911,554.6531,-306.6620,-14.5108,9.3946,837.4098,242.8748
32.939,1,0,heuristic,-1.4762,51.6451,1.8369,-2.1671,1.7698,2.7979,-0.5837,1.7876,1.9333,1.3178,1.9161,3.0890,-0.0493,3.0000,0.0000,0.0000,0,15.6465,863.2123,223.3285,543.2704,-319.9419,-15.5640,11.0639,836.5843,218.8284
32.989,1,0,heuristic,-1.5816,51.7423,1.8085,-2.1391,1.7897,2.7891,-0.5673,1.7810,1.8803,1.3841,1.9161,3.0044,-0.0275,3.0000,0.0000,0.0000,0,15.6465,799.6732,226.0483,512.8607,-286.8124,-16.3570,12.7491,770.5671,222.4404
33.039,1,0,heuristic,-1.6793,51.8351,1.7800,-2.1181,1.8184,2.7916,-0.5593,1.7752,1.8322,1.4446,1.9161,2.9275,-0.0048,3.0000,0.0000,0.0000,0,15.6465,859.9851,205.4440,532.7145,-327.2706,-17.2685,14.6838,828.0328,202.8592
33.089,1,0,heuristic,-1.7808,51.9350,1.7517,-2.0852,1.8387,2.7801,-0.5665,1.0091,2.9947,-1.3103,0.8810,17.5518,-0.7426,3.0000,0.0000,0.0000,0,14.9733,841.1616,289.0849,565.1233,-276.0384,3.8618,-25.3162,870.3397,267.6305
33.139,1,0,heuristic,-1.8747,52.0303,1.7235,-2.0591,1.8680,2.7802,-0.5487,0.9962,2.9947,-1.1773,0.8810,17.5286,-0.7272,3.0000,0.0000,0.0000,0,14.9733,823.7215,335.0467,579.3841,-244.3374,3.8606,-39.8131,867.3952,299.0942
33.189,1,0,heuristic,-1.9719,52.1325,1.7010,-2.0214,1.8876,2.7657,-0.5563,0.9828,2.9947,-1.0372,0.8810,17.5028,-0.7182,3.0000,0.0000,0.0000,0,14.9733,811.3705,225.0589,518.2147,-293.1558,4.1208,-38.8853,854.3767,190.2944
33.239,1,0,heuristic,-2.0616,52.2304,1.6731,-1.9907,1.9178,2.7642,-0.5560,0.9700,2.9947,-0.9057,0.8810,17.4771,-0.7031,3.0000,0.0000,0.0000,0,14.9733,921.3571,151.5330,536.4450,-384.9121,4.1474,-37.8185,963.3230,117.8619
33.289,1,0,heuristic,-2.1544,52.3363,1.6451,-1.9496,1.9419,2.7517,-0.5725,0.9565,2.9947,-0.7667,0.8810,17.4478,-0.6885,3.0000,0.0000,0.0000,0,14.9733,811.3901,42.2032,426.7967,-384.5935,4.3740,-36.4025,852.1667,10.1747
33.339,1,0,heuristic,-2.2398,52.4379,1.6284,-1.9153,1.9769,2.7525,-0.5635,0.9437,2.9947,-0.6362,0.8810,17.4185,-0.6847,3.0000,0.0000,0.0000,0,14.9733,793.7815,-56.5731,368.6042,-425.1773,4.3583,-36.0854,834.2251,-88.3002
33.389,1,0,heuristic,-2.3281,52.5473,1.6004,-1.8719,2.0023,2.7410,-0.5730,0.9302,2.9947,-0.4984,0.8810,17.3859,-0.6701,3.0000,0.0000,0.0000,0,14.9733,877.6370,-5.0772,436.2799,-441.3571,4.5657,-34.7972,916.9999,-35.3087
33.439,1,0,heuristic,-2.4093,52.6511,1.5720,-1.8361,2.0340,2.7402,-0.5913,0.9175,2.9947,-0.3698,0.8810,17.3544,-0.6545,3.0000,0.0000,0.0000,0,14.9733,886.2804,-51.0950,417.5927,-468.6877,4.5810,-33.2843,924.1457,-79.7983
33.489,1,0,heuristic,-2.4093,52.6511,1.5546,-1.8361,2.0340,2.7402,-0.6215,0.9175,2.9947,-0.3698,0.8810,17.3544,-0.6371,3.0000,0.0000,0.0000,0,14.9733,946.7835,43.6684,495.2259,-451.5576,4.5810,-31.7363,983.1008,16.5131
33.539,1,0,heuristic,-2.4934,52.7615,1.5311,-1.7923,2.0519,2.7244,-0.6288,0.9042,2.9947,-0.2346,0.8810,17.3204,-0.6269,3.0000,0.0000,0.0000,0,14.9733,961.9389,139.4991,550.7190,-411.2199,4.8639,-30.7098,997.5126,113.6532
33.589,1,0,heuristic,-2.5709,52.8662,1.5070,-1.7566,2.0779,2.7209,-0.6395,0.8917,2.9947,-0.1082,0.8810,17.2876,-0.6153,3.0000,0.0000,0.0000,0,14.9733,990.5569,81.5258,536.0414,-454.5156,4.9269,-29.5567,1000.0000,56.8960
33.639,1,0,heuristic,-2.6512,52.9787,1.4762,-1.7141,2.0949,2.7068,-0.6502,0.8785,2.9947,0.0253,0.8810,17.2516,-0.5977,3.0000,0.0000,0.0000,0,14.9733,984.3720,135.1259,559.7489,-424.6230,5.1806,-28.0609,1000.0000,112.2456
33.689,1,0,heuristic,-2.7246,53.0868,1.4509,-1.6773,2.1262,2.7081,-0.6502,0.8660,2.9947,0.1507,0.8810,17.2157,-0.5849,3.0000,0.0000,0.0000,0,14.9733,981.1869,28.2779,504.7324,-476.4545,5.1573,-27.0602,1000.0000,6.3750
33.739,1,0,heuristic,-2.7246,53.0868,1.4252,-1.6773,2.1262,2.7081,-0.6675,0.8660,2.9947,0.1507,0.8810,17.2157,-0.5592,3.0000,0.0000,0.0000,0,14.9733,981.9337,106.5691,544.2514,-437.6823,5.1573,-25.3056,1000.0000,86.4209
33.789,1,0,heuristic,-2.7997,53.2037,1.3925,-1.6304,2.1508,2.6989,-0.6800,0.8528,2.9947,0.2830,0.8810,17.1749,-0.5397,3.0000,0.0000,0.0000,0,14.9733,984.4301,123.1313,553.7807,-430.6494,5.3237,-23.6424,1000.0000,104.8127
33.839,1,0,heuristic,-2.8675,53.3160,1.3728,-1.5868,2.1885,2.7032,-0.6785,0.8405,2.9947,0.4068,0.8810,17.1339,-0.5322,3.0000,0.0000,0.0000,0,14.9733,986.0690,13.1724,499.6207,-486.4483,5.2457,-22.9551,1000.0000,-4.5370
33.889,1,0,heuristic,-2.9362,53.4372,1.3392,-1.5338,2.2169,2.6957,-0.6853,0.8276,2.9947,0.5369,0.8810,17.0878,-0.5116,3.0000,0.0000,0.0000,0,14.9733,995.3402,-37.6315,478.8543,-516.4859,5.3806,-21.3471,1000.0000,-53.5980
33.939,1,0,heuristic,-2.9978,53.5535,1.3190,-1.4838,2.2580,2.7019,-0.7013,0.8156,2.9947,0.6584,0.8810,17.0416,-0.5034,3.0000,0.0000,0.0000,0,14.9733,984.0258,-102.9476,440.5391,-543.4867,5.2695,-20.2569,1000.0000,-117.9350
33.989,1,0,heuristic,-3.0596,53.6788,1.2848,-1.4247,2.2885,2.6958,-0.7020,0.8029,2.9947,0.7859,0.8810,16.9897,-0.4819,3.0000,0.0000,0.0000,0,14.9733,987.3438,7.0524,497.1981,-490.1457,5.3797,-18.7124,1000.0000,-6.2803
34.039,1,0,heuristic,-3.1150,53.7984,1.2502,-1.3707,2.3292,2.7026,-0.7288,0.7912,2.9947,0.9048,0.8810,16.9387,-0.4590,3.0000,0.0000,0.0000,0,14.9733,991.9367,117.0524,554.4946,-437.4422,5.2574,-16.5467,1000.0000,105.7631
34.089,1,0,heuristic,-3.1150,53.7984,1.2290,-1.3707,2.3292,2.7026,-0.7220,0.7912,2.9947,0.9048,0.8810,16.9387,-0.4377,3.0000,0.0000,0.0000,0,14.9733,990.3550,109.1915,549.7732,-440.5818,5.2574,-15.4364,1000.0000,99.0125
34.139,1,0,heuristic,-3.1709,53.9270,1.1934,-1.3113,2.3578,2.6979,-0.7368,0.7788,2.9947,1.0296,0.8810,16.8823,-0.4145,3.0000,0.0000,0.0000,0,14.9733,995.9076,217.9768,606.9422,-388.9654,5.3415,-13.4480,1000.0000,209.8703
34.189,1,0,heuristic,-3.2204,54.0501,1.1717,-1.2554,2.3994,2.7080,-0.7348,0.7675,2.9947,1.1462,0.8810,16.8265,-0.4041,3.0000,0.0000,0.0000,0,14.9733,988.4499,235.3121,611.8810,-376.5689,5.1602,-12.5974,1000.0000,227.8749
34.239,1,0,heuristic,-3.2688,54.1832,1.1355,-1.1905,2.4314,2.7071,-0.7253,0.7556,2.9947,1.2682,0.8810,16.7636,-0.3800,3.0000,0.0000,0.0000,0,14.9733,992.2362,259.1189,625.6776,-366.5586,5.1751,-11.0349,1000.0000,253.2592
34.289,1,0,heuristic,-3.3099,54.3109,1.1065,-1.1238,2.4770,2.7200,-0.7145,0.7448,2.9947,1.3812,0.8810,16.7005,-0.3617,3.0000,0.0000,0.0000,0,14.9733,993.2769,149.1189,571.1979,-422.0790,4.9432,-9.8693,1000.0000,144.1929
34.339,1,0,heuristic,-3.3099,54.3109,1.0776,-1.1238,2.4770,2.7200,-0.6917,0.7448,2.9947,1.3812,0.8810,16.7005,-0.3328,3.0000,0.0000,0.0000,0,14.9733,994.7701,71.4376,533.1038,-461.6663,4.9432,-8.4637,1000.0000,67.9171
34.389,1,0,heuristic,-3.3791,54.5803,1.0346,-0.9657,2.5577,2.7339,-0.7120,0.7233,2.9947,1.6060,0.8810,16.5575,-0.3113,3.0000,0.0000,0.0000,0,14.9733,995.1373,131.2767,563.2070,-431.9303,4.6928,-6.1523,1000.0000,129.8173
34.439,1,0,heuristic,-3.3791,54.5803,1.0203,-0.9657,2.5577,2.7339,-0.7140,0.7233,2.9947,1.6060,0.8810,16.5575,-0.2970,3.0000,0.0000,0.0000,0,14.9733,992.2995,198.7292,595.5144,-396.7852,4.6928,-5.1344,1000.0000,198.2876
34.489,1,0,heuristic,-3.4068,54.7213,0.9775,-0.8790,2.5886,2.7337,-0.7275,0.7126,2.9947,1.7171,0.8810,16.4780,-0.2650,3.0000,0.0000,0.0000,0,14.9733,984.1388,189.8212,586.9800,-397.1588,4.6967,-2.3917,991.2272,192.1262
34.539,1,0,heuristic,-3.4283,54.8552,0.9561,-0.7931,2.6288,2.7458,-0.7000,0.7031,2.9947,1.8190,0.8810,16.3999,-0.2529,3.0000,0.0000,0.0000,0,14.9733,994.1173,126.5656,560.3415,-433.7758,4.4788,-1.9204,1000.0000,129.1241
34.589,1,0,heuristic,-3.4460,54.9985,0.9205,-0.7024,2.6544,2.7457,-0.7125,0.6931,2.9947,1.9238,0.8810,16.3133,-0.2274,3.0000,0.0000,0.0000,0,14.9733,972.7842,236.5656,604.6749,-368.1093,4.4807,0.4023,976.8627,241.4486
34.639,1,0,heuristic,-3.4579,55.1348,0.8921,-0.6114,2.6914,2.7599,-0.7213,0.6844,2.9947,2.0197,0.8810,16.2280,-0.2077,3.0000,0.0000,0.0000,0,14.9733,983.5045,346.2920,664.8982,-318.6063,4.2247,2.2339,985.4953,352.7506
34.689,1,0,heuristic,-3.4579,55.1348,0.8638,-0.6114,2.6914,2.7599,-0.7033,0.6844,2.9947,2.0197,0.8810,16.2280,-0.1794,3.0000,0.0000,0.0000,0,14.9733,989.6854,293.3279,641.5067,-348.1787,4.2247,4.0546,989.8555,301.6073
34.739,1,0,heuristic,-3.4653,55.2806,0.8355,-0.5178,2.7135,2.7625,-0.7153,0.6751,2.9947,2.1182,0.8810,16.1338,-0.1604,3.0000,0.0000,0.0000,0,14.9733,988.5396,326.5595,657.5496,-330.9901,4.1790,5.9734,986.7453,336.7118
34.789,1,0,heuristic,-3.4673,55.4189,0.8075,-0.4225,2.7473,2.7796,-0.7010,0.6672,2.9947,2.2078,0.8810,16.0414,-0.1403,3.0000,0.0000,0.0000,0,14.9733,995.6787,325.0220,660.3503,-335.3284,3.8718,7.4398,992.1107,336.3335
34.839,1,0,heuristic,-3.4635,55.5667,0.7728,-0.3233,2.7663,2.7851,-0.6867,0.6588,2.9947,2.2989,0.8810,15.9389,-0.1140,3.0000,0.0000,0.0000,0,14.9733,997.1460,322.1110,659.6285,-337.5175,3.7724,9.4546,991.4638,335.3380
34.889,1,0,heuristic,-3.4544,55.7066,0.7454,-0.2207,2.7960,2.8047,-0.6745,0.6518,2.9947,2.3809,0.8810,15.8386,-0.0936,3.0000,0.0000,0.0000,0,14.9733,990.8431,239.8946,615.3688,-375.4742,3.4197,11.0285,983.2343,254.3429
34.939,1,0,heuristic,-3.4386,55.8554,0.7117,-0.1158,2.8089,2.8113,-0.6683,0.6444,2.9947,2.4634,0.8810,15.7279,-0.0673,3.0000,0.0000,0.0000,0,14.9733,986.0156,349.8946,667.9551,-318.0605,3.3007,13.2567,976.0595,366.4520
34.989,1,0,heuristic,-3.4181,55.9955,0.6849,-0.0073,2.8311,2.8311,-0.6540,0.6383,2.9947,2.5368,0.8810,15.6200,-0.0466,3.0000,0.0000,0.0000,0,14.9733,998.2139,406.1969,702.2054,-296.0085,2.9431,14.8377,986.3193,423.9777
35.039,1,0,heuristic,-3.4181,55.9955,0.6584,-0.0073,2.8311,2.8311,-0.6678,0.6383,2.9947,2.5368,0.8810,15.6200,-0.0201,3.0000,0.0000,0.0000,0,14.9733,994.8229,401.5746,698.1987,-296.6241,2.9431,17.4325,980.3334,421.9502
35.089,1,0,heuristic,-3.3905,56.1438,0.6255,0.1002,2.8352,2.8370,-0.6408,0.6318,2.9947,2.6099,0.8810,15.5020,0.0063,3.0000,0.0000,0.0000,0,14.9733,995.4327,500.7594,748.0961,-247.3366,2.8385,19.2642,979.0071,522.8621
35.139,1,0,heuristic,-3.3590,56.2831,0.6061,0.2116,2.8485,2.8563,-0.6530,0.6266,2.9947,2.6742,0.8810,15.3874,0.0205,3.0000,0.0000,0.0000,0,14.9733,989.3561,544.8939,767.1250,-222.2311,2.4899,20.8422,971.0038,568.2259
35.190,1,0,heuristic,-3.3192,56.4303,0.5804,0.3221,2.8450,2.8632,-0.6390,0.6211,2.9947,2.7372,0.8810,15.2618,0.0407,3.0000,0.0000,0.0000,0,14.9733,997.2711,581.7755,789.5233,-207.7478,2.3669,22.3841,977.2539,606.5264
35.239,1,0,heuristic,-3.2760,56.5685,0.5551,0.4381,2.8519,2.8853,-0.6298,0.6170,2.9947,2.7918,0.8810,15.1398,0.0619,3.0000,0.0000,0.0000,0,14.9733,994.9309,499.2179,747.0744,-247.8565,1.9676,24.0879,972.8106,525.2735
35.289,1,0,heuristic,-3.2760,56.5685,0.5302,0.4381,2.8519,2.8853,-0.6148,0.6170,2.9947,2.7918,0.8810,15.1398,0.0868,3.0000,0.0000,0.0000,0,14.9733,996.4275,597.4547,796.9411,-199.4864,1.9676,25.9032,972.4919,625.3255
35.339,1,0,heuristic,-3.1679,56.8513,0.4938,0.6735,2.8445,2.9231,-0.5597,0.6097,2.9947,2.8884,0.8810,14.8764,0.1159,3.0000,0.0000,0.0000,0,14.9733,995.4325,644.6067,820.0196,-175.4129,1.2875,27.3068,969.4132,673.2010
35.389,1,0,heuristic,-3.1679,56.8513,0.4702,0.6735,2.8445,2.9231,-0.5720,0.6097,2.9947,2.8884,0.8810,14.8764,0.1395,3.0000,0.0000,0.0000,0,14.9733,993.8815,630.7164,812.2990,-181.5825,1.2875,29.5129,965.6561,661.5169
35.439,1,0,heuristic,-3.1027,56.9953,0.4472,0.7893,2.8295,2.9376,-0.5360,0.6065,2.9947,2.9298,0.8810,14.7349,0.1594,3.0000,0.0000,0.0000,0,14.9733,983.4952,667.3876,825.4414,-158.0538,1.0277,30.4178,954.1050,698.8331
35.489,1,0,heuristic,-3.0355,57.1298,0.4246,0.9115,2.8239,2.9674,-0.5265,0.6047,2.9947,2.9635,0.8810,14.5982,0.1800,3.0000,0.0000,0.0000,0,14.9733,995.6031,743.0984,869.3508,-126.2523,0.4911,31.8978,964.1965,775.4873
35.539,1,0,heuristic,-2.9578,57.2707,0.3972,1.0281,2.8010,2.9837,-0.5160,0.6027,2.9947,2.9932,0.8810,14.4495,0.2055,3.0000,0.0000,0.0000,0,14.9733,988.8886,723.5022,856.1954,-132.6932,0.1965,33.6844,955.4006,757.3831
35.589,1,0,heuristic,-2.8789,57.4016,0.3812,1.1512,2.7861,3.0146,-0.5148,0.6018,2.9947,3.0157,0.8810,14.3064,0.2206,3.0000,0.0000,0.0000,0,14.9733,995.1631,780.2163,887.6897,-107.4734,-0.3585,34.8312,959.9734,814.6889
35.639,1,0,heuristic,-2.8789,57.4016,0.3655,1.1512,2.7861,3.0146,-0.5020,0.6018,2.9947,3.0157,0.8810,14.3064,0.2364,3.0000,0.0000,0.0000,0,14.9733,986.4976,764.5301,875.5138,-110.9837,-0.3585,35.7380,950.4011,799.9096
35.689,1,0,heuristic,-2.7889,57.5380,0.3402,1.2671,2.7537,3.0313,-0.4788,0.6009,2.9947,3.0331,0.8810,14.1513,0.2608,3.0000,0.0000,0.0000,0,14.9733,997.6117,769.0037,883.3077,-114.3040,-0.6587,37.0470,959.9059,805.3920
35.739,1,0,heuristic,-2.6986,57.6643,0.3158,1.3902,2.7291,3.0628,-0.4535,0.6012,2.9947,3.0437,0.8810,14.0023,0.2854,3.0000,0.0000,0.0000,0,14.9733,992.2681,782.6948,887.4814,-104.7867,-1.2260,38.2772,952.7650,819.7460
35.789,1,0,heuristic,-2.5968,57.7955,0.2924,1.5035,2.6881,3.0800,-0.4250,0.6014,2.9947,3.0488,0.8810,13.8414,0.3090,3.0000,0.0000,0.0000,0,14.9733,994.1948,858.6693,926.4320,-67.7627,-1.5356,39.3058,953.3533,896.4395
35.839,1,0,heuristic,-2.4960,57.9167,0.2744,1.6230,2.6553,3.1120,-0.4113,0.6027,2.9947,3.0481,0.8810,13.6876,0.3283,3.0000,0.0000,0.0000,0,14.9733,988.3991,869.7084,929.0537,-59.3454,-2.1129,40.3135,945.9726,907.9090
35.889,1,0,heuristic,-2.3839,58.0424,0.2526,1.7294,2.6079,3.1292,-0.4195,0.6039,2.9947,3.0417,0.8810,13.5221,0.3512,3.0000,0.0000,0.0000,0,14.9733,993.9762,891.8875,942.9319,-51.0443,-2.4210,41.9899,949.5654,931.4564
35.939,1,0,heuristic,-2.2738,58.1583,0.2359,1.8423,2.5691,3.1613,-0.3905,0.6060,2.9947,3.0305,0.8810,13.3642,0.3701,3.0000,0.0000,0.0000,0,14.9733,983.6143,934.6090,959.1117,-24.5026,-3.0004,42.5823,938.0315,974.1909
35.989,1,0,heuristic,-2.1522,58.2782,0.2158,1.9416,2.5164,3.1784,-0.3733,0.6081,2.9947,3.0130,0.8810,13.1948,0.3923,3.0000,0.0000,0.0000,0,14.9733,988.9630,965.9442,977.4536,-11.5094,-3.3081,43.5948,942.0602,1000.0000
36.039,1,0,heuristic,-2.0333,58.3884,0.2005,2.0484,2.4721,3.2105,-0.3705,0.6111,2.9947,2.9914,0.8810,13.0336,0.4107,3.0000,0.0000,0.0000,0,14.9733,986.1701,971.6346,978.9024,-7.2678,-3.8851,44.6459,937.6391,1000.0000
36.089,1,0,heuristic,-1.9029,58.5019,0.1821,2.1405,2.4142,3.2265,-0.3280,0.6141,2.9947,2.9630,0.8810,12.8610,0.4320,3.0000,0.0000,0.0000,0,14.9733,995.1307,951.8668,973.4988,-21.6319,-4.1736,45.0138,945.9434,992.7070
36.139,1,0,heuristic,-1.7761,58.6057,0.1649,2.2408,2.3639,3.2572,-0.3153,0.6179,2.9947,2.9313,0.8810,12.6973,0.4530,3.0000,0.0000,0.0000,0,14.9733,990.6571,952.0305,971.3438,-19.3133,-4.7253,45.9582,939.9736,993.2635
36.189,1,0,heuristic,-1.7761,58.6057,0.1518,2.2408,2.3639,3.2572,-0.2923,0.6179,2.9947,2.9313,0.8810,12.6973,0.4661,3.0000,0.0000,0.0000,0,14.9733,966.3199,968.7156,967.5178,1.1978,-4.7253,46.2392,915.3555,1000.0000
36.239,1,0,heuristic,-1.6377,58.7122,0.1363,2.3249,2.3009,3.2710,-0.2795,0.6217,2.9947,2.8923,0.8810,12.5226,0.4854,3.0000,0.0000,0.0000,0,14.9733,986.8406,955.5343,971.1874,-15.6531,-4.9743,47.0423,934.8239,997.6023
36.289,1,0,heuristic,-1.5040,58.8094,0.1246,2.4168,2.2455,3.2990,-0.2465,0.6262,2.9947,2.8511,0.8810,12.3574,0.5016,3.0000,0.0000,0.0000,0,14.9733,942.9653,969.6512,956.3083,13.3430,-5.4782,47.2238,890.2633,1000.0000
36.339,1,0,heuristic,-1.3591,58.9089,0.1109,2.4910,2.1791,3.3096,-0.2480,0.6307,2.9947,2.8026,0.8810,12.1818,0.5199,3.0000,0.0000,0.0000,0,14.9733,976.5008,982.5823,979.5416,3.0407,-5.6682,48.2280,922.6047,1000.0000
36.389,1,0,heuristic,-1.2199,58.9994,0.1030,2.5726,2.1207,3.3341,-0.2462,0.6358,2.9947,2.7529,0.8810,12.0162,0.5328,3.0000,0.0000,0.0000,0,14.9733,966.7518,977.2610,972.0064,5.2546,-6.1092,48.8538,911.7888,1000.0000
36.439,1,0,heuristic,-1.0698,59.0922,0.0906,2.6355,2.0532,3.3409,-0.2185,0.6409,2.9947,2.6961,0.8810,11.8406,0.5503,3.0000,0.0000,0.0000,0,14.9733,964.2061,975.3671,969.7866,5.5805,-6.2323,49.1675,908.8064,1000.0000
36.489,1,0,heuristic,-0.9262,59.1766,0.0812,2.7064,1.9943,3.3619,-0.2142,0.6464,2.9947,2.6391,0.8810,11.6753,0.5652,3.0000,0.0000,0.0000,0,14.9733,854.3295,945.2379,899.7837,45.4542,-6.6095,49.8217,797.8982,988.4501
36.539,1,0,heuristic,-0.9262,59.1766,0.0723,2.7064,1.9943,3.3619,-0.2005,0.6464,2.9947,2.6391,0.8810,11.6753,0.5741,3.0000,0.0000,0.0000,0,14.9733,766.8609,964.8029,865.8319,98.9710,-6.6095,50.0146,710.2368,1000.0000
36.589,1,0,heuristic,-0.7720,59.2630,0.0639,2.7584,1.9277,3.3653,-0.1812,0.6520,2.9947,2.5751,0.8810,11.5003,0.5881,3.0000,0.0000,0.0000,0,14.9733,684.2510,982.0364,833.1437,148.8927,-6.6710,50.2838,627.2962,1000.0000
36.639,1,0,heuristic,-0.6252,59.3415,0.0541,2.8183,1.8695,3.3820,-0.1580,0.6579,2.9947,2.5119,0.8810,11.3361,0.6038,3.0000,0.0000,0.0000,0,14.9733,768.1266,989.0829,878.6047,110.4781,-6.9724,50.5554,710.5987,1000.0000
36.689,1,0,heuristic,-0.4687,59.4215,0.0453,2.8565,1.8032,3.3780,-0.1350,0.6638,2.9947,2.4421,0.8810,11.1634,0.6185,3.0000,0.0000,0.0000,0,14.9733,749.9079,979.2292,864.5686,114.6606,-6.9011,50.7609,692.2460,1000.0000
36.739,1,0,heuristic,-0.3212,59.4937,0.0390,2.9000,1.7433,3.3836,-0.1138,0.6698,2.9947,2.3742,0.8810,11.0026,0.6308,3.0000,0.0000,0.0000,0,14.9733,722.1752,981.0856,851.6304,129.4552,-7.0018,50.8687,664.3047,1000.0000
36.789,1,0,heuristic,-0.1649,59.5667,0.0311,2.9211,1.6754,3.3675,-0.1067,0.6758,2.9947,2.3001,0.8810,10.8346,0.6447,3.0000,0.0000,0.0000,0,14.9733,625.0338,974.0656,799.5497,174.5159,-6.7112,51.3462,566.9764,1000.0000
36.839,1,0,heuristic,-0.0176,59.6324,0.0258,2.9505,1.6141,3.3631,-0.0685,0.6819,2.9947,2.2283,0.8810,10.6783,0.6561,3.0000,0.0000,0.0000,0,14.9733,572.7097,989.0644,780.8871,208.1774,-6.6328,51.0356,515.0413,1000.0000
36.889,1,0,heuristic,0.1383,59.6988,0.0223,2.9603,1.5467,3.3400,-0.0447,0.6881,2.9947,2.1503,0.8810,10.5149,0.6658,3.0000,0.0000,0.0000,0,14.9733,496.5142,987.8033,742.1587,245.6445,-6.2162,50.9196,439.3784,1000.0000
36.939,1,0,heuristic,0.2847,59.7584,0.0192,2.9780,1.4857,3.3280,-0.0090,0.6944,2.9947,2.0753,0.8810,10.3635,0.6752,3.0000,0.0000,0.0000,0,14.9733,476.5456,988.8032,732.6744,256.1288,-6.0009,50.5405,420.0042,1000.0000
36.989,1,0,heuristic,0.4388,59.8184,0.0176,2.9750,1.4192,3.2962,0.0123,0.7007,2.9947,1.9946,0.8810,10.2061,0.6831,3.0000,0.0000,0.0000,0,14.9733,439.7299,985.5338,712.6318,272.9020,-5.4270,50.3713,383.9316,1000.0000
37.039,1,0,heuristic,0.5826,59.8720,0.0170,2.9792,1.3587,3.2744,0.0530,0.7070,2.9947,1.9178,0.8810,10.0609,0.6900,3.0000,0.0000,0.0000,0,14.9733,533.0845,980.2741,756.6793,223.5948,-5.0351,49.7422,478.3073,1000.0000
37.089,1,0,heuristic,0.7334,59.9257,0.0180,2.9636,1.2937,3.2337,0.0912,0.7134,2.9947,1.8356,0.8810,9.9105,0.6954,3.0000,0.0000,0.0000,0,14.9733,437.8854,965.1466,701.5160,263.6306,-4.3027,49.0746,384.5082,1000.0000
37.139,1,0,heuristic,0.8741,59.9737,0.0201,2.9569,1.2347,3.2044,0.1170,0.7197,2.9947,1.7576,0.8810,9.7719,0.6997,3.0000,0.0000,0.0000,0,14.9733,335.0899,967.4584,651.2741,316.1842,-3.7749,48.6183,282.6968,1000.0000
37.189,1,0,heuristic,0.8741,59.9737,0.0231,2.9569,1.2347,3.2044,0.1418,0.7197,2.9947,1.7576,0.8810,9.7719,0.6966,3.0000,0.0000,0.0000,0,14.9733,429.3889,985.6130,707.5009,278.1121,-3.7749,47.9403,377.6737,1000.0000
37.239,1,0,heuristic,1.0219,60.0217,0.0284,2.9342,1.1727,3.1599,0.1562,0.7263,2.9947,1.6742,0.8810,9.6280,0.6979,3.0000,0.0000,0.0000,0,14.9733,381.8312,991.7200,686.7756,304.9444,-2.9738,47.5495,331.3079,1000.0000
37.289,1,0,heuristic,1.1600,60.0646,0.0310,2.9224,1.1166,3.1285,0.1740,0.7329,2.9947,1.5950,0.8810,9.4954,0.7019,3.0000,0.0000,0.0000,0,14.9733,285.2983,980.0389,632.6686,347.3703,-2.4087,47.2333,235.6563,1000.0000
37.339,1,0,heuristic,1.3049,60.1073,0.0385,2.8953,1.0578,3.0825,0.2218,0.7397,2.9947,1.5104,0.8810,9.3579,0.7012,3.0000,0.0000,0.0000,0,14.9733,216.4780,972.7425,594.6103,378.1323,-1.5804,46.0313,168.8663,1000.0000
37.389,1,0,heuristic,1.4402,60.1453,0.0457,2.8802,1.0045,3.0503,0.2335,0.7465,2.9947,1.4302,0.8810,9.2313,0.7008,3.0000,0.0000,0.0000,0,14.9733,199.3764,983.3312,591.3538,391.9774,-1.0020,45.6051,152.7693,1000.0000
37.439,1,0,heuristic,1.4402,60.1453,0.0519,2.8802,1.0045,3.0503,0.2750,0.7465,2.9947,1.4302,0.8810,9.2313,0.6947,3.0000,0.0000,0.0000,0,14.9733,161.4709,986.3142,573.8926,412.4217,-1.0020,44.4183,116.0506,1000.0000
37.489,1,0,heuristic,1.5821,60.1831,0.0659,2.8498,0.9488,3.0036,0.3105,0.7537,2.9947,1.3448,0.8810,9.1003,0.6877,3.0000,0.0000,0.0000,0,14.9733,215.5090,988.8558,602.1824,386.6734,-0.1607,43.1392,172.2091,1000.0000
37.539,1,0,heuristic,1.7141,60.2163,0.0712,2.8297,0.8975,2.9686,0.3170,0.7606,2.9947,1.2642,0.8810,8.9802,0.6894,3.0000,0.0000,0.0000,0,14.9733,143.0422,986.0224,564.5323,421.4901,0.4687,42.9221,100.5888,1000.0000
37.589,1,0,heuristic,1.8522,60.2492,0.0826,2.7949,0.8444,2.9197,0.3555,0.7679,2.9947,1.1785,0.8810,8.8563,0.6853,3.0000,0.0000,0.0000,0,14.9733,188.8655,985.4582,587.1619,398.2963,1.3491,41.7177,148.4970,1000.0000
37.639,1,0,heuristic,1.9809,60.2782,0.0985,2.7724,0.7965,2.8846,0.3815,0.7751,2.9947,1.0977,0.8810,8.7424,0.6766,3.0000,0.0000,0.0000,0,14.9733,261.9825,984.0409,623.0117,361.0292,1.9813,40.5468,223.4170,1000.0000
37.689,1,0,heuristic,1.9809,60.2782,0.1124,2.7724,0.7965,2.8846,0.4017,0.7751,2.9947,1.0977,0.8810,8.7424,0.6627,3.0000,0.0000,0.0000,0,14.9733,337.2517,996.0574,666.6545,329.4029,1.9813,39.3974,299.8356,1000.0000
37.739,1,0,heuristic,2.1160,60.3071,0.1274,2.7375,0.7482,2.8379,0.4200,0.7826,2.9947,1.0119,0.8810,8.6245,0.6553,3.0000,0.0000,0.0000,0,14.9733,231.4070,990.7286,611.0678,379.6608,2.8212,38.4381,195.7901,1000.0000
37.789,1,0,heuristic,2.2423,60.3328,0.1433,2.7162,0.7058,2.8064,0.4453,0.7901,2.9947,0.9308,0.8810,8.5158,0.6468,3.0000,0.0000,0.0000,0,14.9733,207.4249,977.0048,592.2149,384.7900,3.3887,37.2825,173.5311,1000.0000
37.839,1,0,heuristic,2.3758,60.3589,0.1599,2.6864,0.6651,2.7675,0.4463,0.7980,2.9947,0.8445,0.8810,8.4022,0.6381,3.0000,0.0000,0.0000,0,14.9733,215.8313,987.9829,601.9071,386.0758,4.0891,36.6068,183.3136,1000.0000
37.889,1,0,heuristic,2.5012,60.3825,0.1772,2.6716,0.6304,2.7449,0.4637,0.8057,2.9947,0.7628,0.8810,8.2968,0.6286,3.0000,0.0000,0.0000,0,14.9733,158.1390,982.2528,570.1959,412.0569,4.4948,35.5465,127.0874,1000.0000
37.939,1,0,heuristic,2.5012,60.3825,0.1951,2.6716,0.6304,2.7449,0.4975,0.8057,2.9947,0.7628,0.8810,8.2968,0.6106,3.0000,0.0000,0.0000,0,14.9733,153.4305,988.3998,570.9152,417.4846,4.4948,33.8875,124.0378,1000.0000
37.989,1,0,heuristic,2.6336,60.4065,0.2185,2.6465,0.5964,2.7129,0.4825,0.8140,2.9947,0.6759,0.8810,8.1869,0.5955,3.0000,0.0000,0.0000,0,14.9733,136.6525,973.6824,555.1675,418.5150,5.0719,33.1897,108.5348,1000.0000
38.039,1,0,heuristic,2.7579,60.4281,0.2328,2.6353,0.5671,2.6956,0.4920,0.8219,2.9947,0.5937,0.8810,8.0850,0.5891,3.0000,0.0000,0.0000,0,14.9733,78.7470,959.8074,519.2772,440.5302,5.3830,32.4506,51.6795,997.6410
38.089,1,0,heuristic,2.8893,60.4499,0.2577,2.6135,0.5378,2.6683,0.5312,0.8304,2.9947,0.5063,0.8810,7.9787,0.5727,3.0000,0.0000,0.0000,0,14.9733,81.0966,991.8893,536.4930,455.3963,5.8751,30.5290,56.4428,1000.0000
38.139,1,0,heuristic,3.0127,60.4697,0.2730,2.6051,0.5126,2.6551,0.5370,0.8386,2.9947,0.4237,0.8810,7.8802,0.5655,3.0000,0.0000,0.0000,0,14.9733,134.2742,980.9413,557.6078,423.3335,6.1119,29.8200,110.5661,1000.0000
38.189,1,0,heuristic,3.1433,60.4898,0.2994,2.5862,0.4874,2.6317,0.5737,0.8472,2.9947,0.3358,0.8810,7.7775,0.5478,3.0000,0.0000,0.0000,0,14.9733,110.5586,983.5310,547.0448,436.4862,6.5329,27.8627,89.2288,1000.0000
38.239,1,0,heuristic,3.2660,60.5081,0.3266,2.5803,0.4661,2.6221,0.5727,0.8555,2.9947,0.2527,0.8810,7.6822,0.5289,3.0000,0.0000,0.0000,0,14.9733,200.4729,990.1116,595.2922,394.8193,6.7068,26.6333,180.5464,1000.0000
38.289,1,0,heuristic,3.2660,60.5081,0.3491,2.5803,0.4661,2.6221,0.5847,0.8555,2.9947,0.2527,0.8810,7.6822,0.5065,3.0000,0.0000,0.0000,0,14.9733,242.3415,977.8434,610.0924,367.7509,6.7068,25.1243,223.9241,1000.0000
38.339,1,0,heuristic,3.3961,60.5271,0.3720,2.5648,0.4461,2.6033,0.6053,0.8644,2.9947,0.1645,0.8810,7.5823,0.4923,3.0000,0.0000,0.0000,0,14.9733,150.3308,967.6374,558.9841,408.6533,7.0445,23.6740,133.7013,998.3559
38.389,1,0,heuristic,3.5189,60.5450,0.3954,2.5634,0.4312,2.5994,0.5897,0.8728,2.9947,0.0811,0.8810,7.4891,0.4774,3.0000,0.0000,0.0000,0,14.9733,121.5819,974.9859,548.2839,426.7020,7.1138,22.9349,105.7609,1000.0000
38.439,1,0,heuristic,3.6498,60.5643,0.4251,2.5540,0.4193,2.5882,0.6095,0.8817,2.9947,-0.0075,0.8810,7.3905,0.4567,3.0000,0.0000,0.0000,0,14.9733,154.0630,957.6595,555.8613,401.7982,7.3162,21.0948,140.2844,986.0704
38.489,1,0,heuristic,3.7736,60.5829,0.4429,2.5590,0.4130,2.5921,0.6010,0.8902,2.9947,-0.0912,0.8810,7.2979,0.4473,3.0000,0.0000,0.0000,0,14.9733,247.9948,971.2594,609.6271,361.6323,7.2458,20.5112,234.7294,999.0164
38.539,1,0,heuristic,3.9052,60.6031,0.4732,2.5535,0.4079,2.5859,0.6300,0.8992,2.9947,-0.1799,0.8810,7.2003,0.4260,3.0000,0.0000,0.0000,0,14.9733,278.6469,985.8742,632.2605,353.6137,7.3578,18.4109,267.5938,1000.0000
38.589,1,0,heuristic,4.0296,60.6226,0.5037,2.5613,0.4077,2.5936,0.6102,0.9076,2.9947,-0.2634,0.8810,7.1086,0.4039,3.0000,0.0000,0.0000,0,14.9733,286.3547,983.3727,634.8637,348.5090,7.2198,17.2751,276.2994,1000.0000
38.639,1,0,heuristic,4.0296,60.6226,0.5284,2.5613,0.4077,2.5936,0.6092,0.9076,2.9947,-0.2634,0.8810,7.1086,0.3792,3.0000,0.0000,0.0000,0,14.9733,351.4747,987.0653,669.2700,317.7953,7.2198,15.7625,342.9320,1000.0000
38.689,1,0,heuristic,4.1625,60.6445,0.5531,2.5600,0.4104,2.5927,0.6210,0.9165,2.9947,-0.3520,0.8810,7.0112,0.3635,3.0000,0.0000,0.0000,0,14.9733,257.2590,975.6490,616.4540,359.1950,7.2355,14.2951,250.1995,997.1796
38.739,1,0,heuristic,4.2887,60.6666,0.5778,2.5737,0.4204,2.6078,0.5990,0.9249,2.9947,-0.4352,0.8810,6.9187,0.3470,3.0000,0.0000,0.0000,0,14.9733,226.0451,985.2301,605.6376,379.5925,6.9627,13.4919,219.5159,1000.0000
38.789,1,0,heuristic,4.4237,60.6920,0.6025,2.5784,0.4341,2.6147,0.6063,0.9337,2.9947,-0.5232,0.8810,6.8195,0.3312,3.0000,0.0000,0.0000,0,14.9733,294.2113,983.4823,638.8468,344.6355,6.8393,12.0830,288.9676,1000.0000
38.839,1,0,heuristic,4.5520,60.7179,0.6333,2.5972,0.4550,2.6367,0.6070,0.9417,2.9947,-0.6057,0.8810,6.7252,0.3085,3.0000,0.0000,0.0000,0,14.9733,238.0512,984.6710,611.3611,373.3099,6.4428,10.3436,234.1504,1000.0000
38.889,1,0,heuristic,4.6889,60.7472,0.6638,2.6042,0.4770,2.6475,0.6255,0.9503,2.9947,-0.6926,0.8810,6.6244,0.2865,3.0000,0.0000,0.0000,0,14.9733,281.1001,984.9793,633.0397,351.9396,6.2485,8.2318,279.1168,999.4595
38.939,1,0,heuristic,4.8186,60.7770,0.6883,2.6240,0.5056,2.6723,0.6132,0.9581,2.9947,-0.7737,0.8810,6.5286,0.2698,3.0000,0.0000,0.0000,0,14.9733,326.0257,986.0715,656.0486,330.0229,5.8027,7.1211,324.7072,998.9953
38.989,1,0,heuristic,4.8186,60.7770,0.7128,2.6240,0.5056,2.6723,0.6040,0.9581,2.9947,-0.7737,0.8810,6.5286,0.2453,3.0000,0.0000,0.0000,0,14.9733,409.0180,981.8818,695.4499,286.4319,5.8027,5.5475,409.2732,993.2320
39.039,1,0,heuristic,4.9570,60.8110,0.7435,2.6313,0.5350,2.6852,0.5963,0.9664,2.9947,-0.8589,0.8810,6.4260,0.2229,3.0000,0.0000,0.0000,0,14.9733,442.9380,977.7436,710.3408,267.4028,5.5709,3.8517,444.6572,987.1662
39.089,1,0,heuristic,5.0879,60.8453,0.7618,2.6508,0.5713,2.7117,0.6075,0.9739,2.9947,-0.9380,0.8810,6.3283,0.2121,3.0000,0.0000,0.0000,0,14.9733,476.9123,989.7123,733.3123,256.4000,5.0940,2.6189,479.3873,997.4252
39.139,1,0,heuristic,5.2276,60.8849,0.7982,2.6577,0.6093,2.7266,0.5865,0.9818,2.9947,-1.0205,0.8810,6.2233,0.1836,3.0000,0.0000,0.0000,0,14.9733,458.3309,987.2754,722.8031,264.4723,4.8247,0.6695,462.4861,992.7696
39.189,1,0,heuristic,5.3598,60.9255,0.8222,2.6769,0.6565,2.7563,0.5787,0.9888,2.9947,-1.0967,0.8810,6.1226,0.1665,3.0000,0.0000,0.0000,0,14.9733,420.1057,985.3828,702.7442,282.6385,4.2908,-0.6833,425.0798,988.9903
39.239,1,0,heuristic,5.5006,60.9724,0.8519,2.6831,0.7057,2.7744,0.5635,0.9961,2.9947,-1.1754,0.8810,6.0138,0.1442,3.0000,0.0000,0.0000,0,14.9733,452.6502,984.6211,718.6357,265.9854,3.9655,-2.3342,458.9500,986.2524
39.289,1,0,heuristic,5.6336,61.0202,0.8694,2.7008,0.7635,2.8067,0.5603,1.0026,2.9947,-1.2476,0.8810,5.9095,0.1332,3.0000,0.0000,0.0000,0,14.9733,496.8805,993.3659,745.1232,248.2427,3.3836,-3.3233,503.5874,993.4262
39.339,1,0,heuristic,5.7748,61.0745,0.9040,2.7038,0.8199,2.8253,0.5540,1.0094,2.9947,-1.3220,0.8810,5.7972,0.1054,3.0000,0.0000,0.0000,0,14.9733,448.5048,989.7678,719.1363,270.6315,3.0476,-5.6583,457.2108,987.1572
39.389,1,0,heuristic,5.9078,61.1292,0.9268,2.7170,0.8835,2.8571,0.5547,1.0153,2.9947,-1.3898,0.8810,5.6901,0.0885,3.0000,0.0000,0.0000,0,14.9733,504.7937,985.6519,745.2228,240.4291,2.4764,-7.2370,514.5070,980.8913
39.439,1,0,heuristic,5.9078,61.1292,0.9492,2.7170,0.8835,2.8571,0.5368,1.0153,2.9947,-1.3898,0.8810,5.6901,0.0660,3.0000,0.0000,0.0000,0,14.9733,584.6848,977.7512,781.2180,196.5332,2.4764,-8.7800,595.9412,971.4476
39.489,1,0,heuristic,6.0486,61.1910,0.9770,2.7152,0.9445,2.8748,0.5393,1.0215,2.9947,-1.4590,0.8810,5.5748,0.0445,3.0000,0.0000,0.0000,0,14.9733,563.2048,967.2833,765.2441,202.0393,2.1572,-10.8332,576.1952,958.6073
39.539,1,0,heuristic,6.1809,61.2526,0.9989,2.7233,1.0125,2.9054,0.5118,1.0269,2.9947,-1.5218,0.8810,5.4649,0.0279,3.0000,0.0000,0.0000,0,14.9733,480.9762,962.8082,721.8922,240.9160,1.6059,-11.8193,494.4014,952.5948
39.589,1,0,heuristic,6.3206,61.3221,1.0258,2.7160,1.0772,2.9218,0.5018,1.0325,2.9947,-1.5854,0.8810,5.3467,0.0067,3.0000,0.0000,0.0000,0,14.9733,575.8313,990.2469,783.0391,207.2078,1.3106,-13.5797,590.7216,977.9778
39.639,1,0,heuristic,6.4516,61.3914,1.0469,2.7186,1.1507,2.9521,0.5110,1.0372,2.9947,-1.6423,0.8810,5.2337,-0.0097,3.0000,0.0000,0.0000,0,14.9733,666.3237,986.7281,826.5259,160.2022,0.7664,-15.3155,682.4057,972.1789
39.689,1,0,heuristic,6.5895,61.4689,1.0728,2.7052,1.2183,2.9669,0.4955,1.0422,2.9947,-1.6994,0.8810,5.1126,-0.0307,3.0000,0.0000,0.0000,0,14.9733,592.6011,994.7420,793.6716,201.0705,0.4998,-16.9248,610.0258,978.3171
39.739,1,0,heuristic,6.7183,61.5451,1.0982,2.7010,1.2925,2.9944,0.4898,1.0463,2.9932,-1.7502,0.8810,4.9976,-0.0519,3.0000,0.0000,0.0000,0,14.9733,642.4147,993.7070,818.0609,175.6462,-0.0209,-18.7446,661.1385,974.9416
39.789,1,0,heuristic,6.8537,61.6303,1.1232,2.6817,1.3617,3.0076,0.4485,1.0506,2.9191,-1.8005,0.8810,4.8739,-0.0726,3.0000,0.0000,0.0000,0,14.9733,663.8779,983.7642,823.8211,159.9431,-1.5929,-19.7450,682.0300,962.4264
39.839,1,0,heuristic,6.9801,61.7145,1.1475,2.6719,1.4399,3.0352,0.4575,1.0540,2.8485,-1.8444,0.8810,4.7560,-0.0935,3.0000,0.0000,0.0000,0,14.9733,630.8129,987.4579,809.1354,178.3225,-3.3599,-21.7923,649.2453,962.3057
39.890,1,0,heuristic,7.1126,61.8078,1.1666,2.6470,1.5110,3.0479,0.4637,1.0576,2.7728,-1.8872,0.8810,4.6296,-0.1089,3.0000,0.0000,0.0000,0,14.9733,700.6824,989.5115,845.0969,144.4145,-4.9516,-23.3017,719.0326,961.2582
39.939,1,0,heuristic,7.2358,61.8996,1.1900,2.6312,1.5910,3.0748,0.4315,1.0603,2.7008,-1.9239,0.8810,4.5093,-0.1297,3.0000,0.0000,0.0000,0,14.9733,623.0485,987.7167,805.3826,182.3341,-6.7330,-24.4106,640.7261,956.5731
39.989,1,0,heuristic,7.3647,62.0008,1.2127,2.6006,1.6621,3.0864,0.4355,1.0632,2.6237,-1.9589,0.8810,4.3806,-0.1495,3.0000,0.0000,0.0000,0,14.9733,599.7046,964.1440,781.9243,182.2197,-8.3284,-26.1774,617.5536,929.6381
40.039,1,0,heuristic,7.4843,62.0997,1.2306,2.5789,1.7421,3.1122,0.4205,1.0652,2.5505,-1.9882,0.8810,4.2584,-0.1654,3.0000,0.0000,0.0000,0,14.9733,644.7875,988.8640,816.8257,172.0383,-10.1105,-27.1866,661.8636,951.5670
40.089,1,0,heuristic,7.6091,62.2083,1.2525,2.5430,1.8112,3.1220,0.4032,1.0674,2.4724,-2.0153,0.8810,4.1280,-0.1851,3.0000,0.0000,0.0000,0,14.9733,704.9316,988.2268,846.5792,141.6476,-11.6935,-28.4275,721.6656,948.1058
40.139,1,0,heuristic,7.7246,62.3134,1.2739,2.5156,1.8868,3.1445,0.4098,1.0689,2.3988,-2.0375,0.8810,4.0051,-0.2050,3.0000,0.0000,0.0000,0,14.9733,706.5436,962.6053,834.5745,128.0308,-13.4235,-30.1463,723.2664,919.0355
40.189,1,0,heuristic,7.7246,62.3134,1.2908,2.5156,1.8868,3.1445,0.4165,1.0689,2.3988,-2.0375,0.8810,4.0051,-0.2219,3.0000,0.0000,0.0000,0,14.9733,612.4168,953.2261,782.8215,170.4046,-13.4235,-31.5694,630.5627,908.2331
40.239,1,0,heuristic,7.8447,62.4280,1.3116,2.4745,1.9504,3.1508,0.3728,1.0705,2.3205,-2.0572,0.8810,3.8745,-0.2411,3.0000,0.0000,0.0000,0,14.9733,656.9498,989.0327,822.9913,166.0415,-14.9442,-32.1082,674.1138,941.9803
40.289,1,0,heuristic,7.9557,62.5391,1.3278,2.4420,2.0233,3.1713,0.3763,1.0713,2.2467,-2.0721,0.8810,3.7511,-0.2565,3.0000,0.0000,0.0000,0,14.9733,702.8880,985.6664,844.2772,141.3892,-16.6425,-33.3310,719.5765,935.6929
40.339,1,0,heuristic,8.0707,62.6599,1.3397,2.3962,2.0830,3.1750,0.3798,1.0722,2.1684,-2.0840,0.8810,3.6205,-0.2675,3.0000,0.0000,0.0000,0,14.9733,662.7797,904.2322,783.5060,120.7262,-18.1189,-34.2116,678.8724,851.9018
40.389,1,0,heuristic,8.1768,62.7759,1.3633,2.3587,2.1498,3.1914,0.3755,1.0725,2.0951,-2.0920,0.8810,3.4980,-0.2908,3.0000,0.0000,0.0000,0,14.9733,733.1084,837.2181,785.1632,52.0549,-19.7335,-35.7755,749.1504,781.7090
40.439,1,0,heuristic,8.2865,62.9016,1.3826,2.3091,2.2035,3.1918,0.3625,1.0729,2.0176,-2.0966,0.8810,3.3687,-0.3097,3.0000,0.0000,0.0000,0,14.9733,705.7916,873.4695,789.6306,83.8390,-21.1347,-36.8082,721.4651,815.5267
40.489,1,0,heuristic,8.3874,63.0223,1.4014,2.2674,2.2654,3.2052,0.3392,1.0727,1.9452,-2.0976,0.8810,3.2478,-0.3288,3.0000,0.0000,0.0000,0,14.9733,598.7069,895.5456,747.1262,148.4194,-22.6797,-37.6014,613.6286,835.2646
40.539,1,0,heuristic,8.4912,63.1521,1.4161,2.2133,2.3116,3.2003,0.3335,1.0726,1.8693,-2.0951,0.8810,3.1210,-0.3435,3.0000,0.0000,0.0000,0,14.9733,556.7218,861.6312,709.1765,152.4547,-23.9586,-38.4487,571.2120,799.2240
40.589,1,0,heuristic,8.5861,63.2760,1.4338,2.1662,2.3656,3.2076,0.3320,1.0719,1.7988,-2.0895,0.8810,3.0033,-0.3619,3.0000,0.0000,0.0000,0,14.9733,602.1069,764.8332,683.4700,81.3631,-25.3588,-39.6004,616.3485,699.8739
40.639,1,0,heuristic,8.6838,63.4087,1.4475,2.1086,2.4030,3.1970,0.3260,1.0713,1.7254,-2.0804,0.8810,2.8808,-0.3762,3.0000,0.0000,0.0000,0,14.9733,601.9128,819.2785,710.5957,108.6828,-26.4893,-40.3675,615.7910,752.4217
40.689,1,0,heuristic,8.6838,63.4087,1.4610,2.1086,2.4030,3.1970,0.3280,1.8581,3.0018,0.6605,1.9192,17.8251,0.3971,3.0000,0.0000,0.0000,0,15.0088,582.1471,729.1670,655.6571,73.5100,-3.5145,-0.3675,579.0002,725.2851
40.739,1,0,heuristic,8.8648,63.6679,1.4806,2.0000,2.4703,3.1784,0.2958,1.8819,3.0018,0.4018,1.9192,17.6356,0.4013,3.0000,0.0000,0.0000,0,15.0088,581.6528,698.9312,640.2920,58.6392,-3.1800,25.3733,553.0996,721.1244
40.789,1,0,heuristic,8.9484,63.7941,1.4965,1.9484,2.5021,3.1712,0.3100,1.8932,3.0018,0.2802,1.9192,17.5432,0.3967,3.0000,0.0000,0.0000,0,15.0088,536.4518,614.0983,575.2751,38.8233,-3.0499,24.4901,508.9119,635.5385
40.839,1,0,heuristic,8.9484,63.7941,1.5089,1.9484,2.5021,3.1712,0.2958,1.8932,3.0018,0.2802,1.9192,17.5432,0.3842,3.0000,0.0000,0.0000,0,15.0088,426.4727,516.6148,471.5438,45.0710,-3.0499,24.0160,399.4069,537.5810
40.889,1,0,heuristic,9.0342,63.9281,1.5242,1.8883,2.5170,3.1466,0.2848,1.9049,3.0018,0.1539,1.9192,17.4450,0.3807,3.0000,0.0000,0.0000,0,15.0088,317.7676,573.7299,445.7488,127.9812,-2.6064,23.7096,291.4516,594.8331
40.939,1,0,heuristic,9.1123,64.0542,1.5331,1.8362,2.5391,3.1334,0.2880,1.9157,3.0018,0.0374,1.9192,17.3525,0.3826,3.0000,0.0000,0.0000,0,15.0088,230.3271,489.9192,360.1231,129.7961,-2.3697,23.4714,204.4859,511.0209
40.989,1,0,heuristic,9.1922,64.1867,1.5478,1.7764,2.5407,3.1001,0.2702,1.9270,3.0018,-0.0830,1.9192,17.2554,0.3792,3.0000,0.0000,0.0000,0,15.0088,338.6312,597.0333,467.8323,129.2010,-1.7697,23.3261,313.5354,618.5897
41.039,1,0,heuristic,9.2651,64.3095,1.5565,1.7247,2.5443,3.0737,0.2883,1.9374,3.0018,-0.1934,1.9192,17.1657,0.3809,3.0000,0.0000,0.0000,0,15.0088,281.2739,544.3784,412.8261,131.5523,-1.2956,22.7818,257.1965,565.8646
41.089,1,0,heuristic,9.2651,64.3095,1.5682,1.7247,2.5443,3.0737,0.2735,1.9374,3.0018,-0.1934,1.9192,17.1657,0.3692,3.0000,0.0000,0.0000,0,15.0088,313.3895,654.3782,483.8838,170.4943,-1.2956,22.3545,289.7394,675.4371
41.139,1,0,heuristic,9.3399,64.4372,1.5829,1.6675,2.5265,3.0272,0.2725,1.9484,3.0018,-0.3073,1.9192,17.0729,0.3655,3.0000,0.0000,0.0000,0,15.0088,240.8553,763.9739,502.4146,261.5593,-0.4578,21.8513,218.5462,785.3674
41.189,1,0,heuristic,9.4082,64.5557,1.5918,1.6187,2.5149,2.9908,0.3135,1.9585,3.0018,-0.4120,1.9192,16.9871,0.3667,3.0000,0.0000,0.0000,0,15.0088,349.9321,873.9739,611.9530,262.0209,0.1969,20.8134,329.3157,894.9842
41.239,1,0,heuristic,9.4784,64.6796,1.6038,1.5650,2.4888,2.9399,0.3010,1.9692,3.0018,-0.5203,1.9192,16.8976,0.3654,3.0000,0.0000,0.0000,0,15.0088,376.5998,970.1013,673.3505,296.7507,1.1130,20.7254,356.9873,991.9396
41.289,1,0,heuristic,9.5428,64.7955,1.6161,1.5203,2.4738,2.9036,0.3262,1.9790,3.0018,-0.6204,1.9192,16.8141,0.3629,3.0000,0.0000,0.0000,0,15.0088,318.3360,987.2381,652.7871,334.4511,1.7672,19.7973,300.3059,1000.0000
41.339,1,0,heuristic,9.5428,64.7955,1.6289,1.5203,2.4738,2.9036,0.3538,1.9790,3.0018,-0.6204,1.9192,16.8141,0.3501,3.0000,0.0000,0.0000,0,15.0088,215.8353,989.2920,602.5637,386.7284,1.7672,18.3933,199.2092,1000.0000
41.389,1,0,heuristic,9.6093,64.9185,1.6458,1.4720,2.4522,2.8600,0.3640,1.9895,3.0018,-0.7249,1.9192,16.7255,0.3437,3.0000,0.0000,0.0000,0,15.0088,323.3258,989.2314,656.2786,332.9528,2.5511,17.5123,308.3645,1000.0000
41.439,1,0,heuristic,9.6704,65.0357,1.6564,1.4320,2.4502,2.8380,0.3955,1.9992,3.0018,-0.8223,1.9192,16.6407,0.3428,3.0000,0.0000,0.0000,0,15.0088,407.0333,987.6676,697.3505,290.3172,2.9474,16.5642,393.4166,1000.0000
41.489,1,0,heuristic,9.7336,65.1614,1.6751,1.3887,2.4436,2.8107,0.4300,2.0095,3.0018,-0.9246,1.9192,16.5497,0.3343,3.0000,0.0000,0.0000,0,15.0088,509.7809,978.9963,744.3886,234.6077,3.4397,15.0469,498.1737,997.4830
41.539,1,0,heuristic,9.7916,65.2814,1.6869,1.3528,2.4545,2.8026,0.4250,2.0189,3.0018,-1.0201,1.9192,16.4626,0.3320,3.0000,0.0000,0.0000,0,15.0088,399.7809,972.5234,686.1521,286.3712,3.5840,14.7792,388.5857,990.8866
41.589,1,0,heuristic,9.8511,65.4110,1.7075,1.3112,2.4623,2.7897,0.4283,2.0288,3.0018,-1.1203,1.9192,16.3678,0.3213,3.0000,0.0000,0.0000,0,15.0088,318.0654,990.0316,654.0485,335.9831,3.8179,13.7767,308.1067,1000.0000
41.639,1,0,heuristic,9.9049,65.5362,1.7288,1.2731,2.4915,2.7980,0.4363,2.0377,3.0018,-1.2136,1.9192,16.2754,0.3088,3.0000,0.0000,0.0000,0,15.0088,208.1398,972.0672,590.1035,381.9637,3.6682,12.5688,199.2392,988.3042
41.689,1,0,heuristic,9.9049,65.5362,1.7464,1.2731,2.4915,2.7980,0.4597,2.0377,3.0018,-1.2136,1.9192,16.2754,0.2913,3.0000,0.0000,0.0000,0,15.0088,303.9240,973.0779,638.5010,334.5770,3.6682,10.8693,296.7229,987.6154
41.739,1,0,heuristic,9.9595,65.6721,1.7644,1.2285,2.5157,2.7997,0.4522,2.0471,3.0018,-1.3113,1.9192,16.1743,0.2827,3.0000,0.0000,0.0000,0,15.0088,351.9810,990.8761,671.4286,319.4475,3.6378,10.2221,345.3968,1000.0000
41.789,1,0,heuristic,10.0089,65.8024,1.7829,1.1883,2.5555,2.8183,0.4813,2.0555,3.0018,-1.4022,1.9192,16.0767,0.2726,3.0000,0.0000,0.0000,0,15.0088,452.5588,992.7877,722.6733,270.1144,3.3027,8.7134,447.1481,1000.0000
41.839,1,0,heuristic,10.0588,65.9428,1.8019,1.1427,2.5846,2.8259,0.4878,2.0644,3.0018,-1.4971,1.9192,15.9708,0.2625,3.0000,0.0000,0.0000,0,15.0088,410.0312,994.1415,702.0864,292.0551,3.1649,7.6684,405.5277,1000.0000
41.889,1,0,heuristic,10.1033,66.0774,1.8214,1.0996,2.6285,2.8493,0.5032,2.0723,3.0018,-1.5849,1.9192,15.8685,0.2509,3.0000,0.0000,0.0000,0,15.0088,416.6436,994.8287,705.7361,289.0925,2.7445,6.3347,413.0534,1000.0000
41.939,1,0,heuristic,10.1033,66.0774,1.8412,1.0996,2.6285,2.8493,0.5142,2.0723,3.0018,-1.5849,1.9192,15.8685,0.2311,3.0000,0.0000,0.0000,0,15.0088,364.3313,989.5523,676.9418,312.6105,2.7445,4.6456,362.4302,996.9424
41.989,1,0,heuristic,10.1473,66.2228,1.8664,1.0489,2.6621,2.8613,0.5190,2.0806,3.0018,-1.6759,1.9192,15.7568,0.2143,3.0000,0.0000,0.0000,0,15.0088,377.5633,997.4569,687.5101,309.9468,2.5278,3.1099,376.9812,1000.0000
42.039,1,0,heuristic,10.1857,66.3620,1.8815,0.9992,2.7094,2.8878,0.5118,2.0879,3.0018,-1.7595,1.9192,15.6490,0.2064,3.0000,0.0000,0.0000,0,15.0088,333.0430,995.0118,664.0274,330.9844,2.0513,2.5078,332.5865,999.5708
42.089,1,0,heuristic,10.2232,66.5113,1.9072,0.9434,2.7420,2.8997,0.5135,2.0957,3.0018,-1.8457,1.9192,15.5323,0.1885,3.0000,0.0000,0.0000,0,15.0088,379.7744,996.9364,688.3554,308.5810,1.8368,0.9366,380.6746,999.7098
42.139,1,0,heuristic,10.2555,66.6532,1.9279,0.8896,2.7848,2.9235,0.5262,2.1024,3.0018,-1.9245,1.9192,15.4205,0.1745,3.0000,0.0000,0.0000,0,15.0088,485.3216,989.3760,737.3488,252.0272,1.4092,-0.5624,487.2932,990.2227
42.189,1,0,heuristic,10.2868,66.8047,1.9540,0.8317,2.8103,2.9308,0.5198,2.1098,3.0018,-2.0056,1.9192,15.3002,0.1558,3.0000,0.0000,0.0000,0,15.0088,391.9057,996.1275,694.0166,302.1109,1.2772,-2.0588,395.2416,995.3459
42.239,1,0,heuristic,10.3133,66.9481,1.9751,0.7759,2.8457,2.9496,0.5288,2.1161,3.0018,-2.0794,1.9192,15.1855,0.1410,3.0000,0.0000,0.0000,0,15.0088,373.6586,994.5125,684.0856,310.4270,0.9389,-3.5695,378.1670,991.8819
42.289,1,0,heuristic,10.3379,67.1011,2.0018,0.7156,2.8651,2.9531,0.5288,2.1230,3.0018,-2.1549,1.9192,15.0620,0.1212,3.0000,0.0000,0.0000,0,15.0088,331.4076,992.8276,662.1176,330.7100,0.8764,-5.3185,337.6024,988.3855
42.339,1,0,heuristic,10.3581,67.2459,2.0284,0.6565,2.8955,2.9690,0.5405,2.1288,3.0018,-2.2233,1.9192,14.9441,0.1004,3.0000,0.0000,0.0000,0,15.0088,418.2867,992.3116,705.2992,287.0125,0.5889,-7.4087,426.2843,985.4918
42.389,1,0,heuristic,10.3581,67.2459,2.0498,0.6565,2.8955,2.9690,0.5418,2.1288,3.0018,-2.2233,1.9192,14.9441,0.0790,3.0000,0.0000,0.0000,0,15.0088,485.8412,997.1523,741.4967,255.6555,0.5889,-9.2522,495.6823,988.4889
42.439,1,0,heuristic,10.3763,67.4000,2.0713,0.5950,2.9092,2.9695,0.5455,2.1351,3.0018,-2.2930,1.9192,14.8177,0.0638,3.0000,0.0000,0.0000,0,15.0088,504.8822,992.2614,748.5718,243.6896,0.5814,-10.7346,516.1982,982.1081
42.489,1,0,heuristic,10.3904,67.5457,2.0929,0.5348,2.9343,2.9826,0.5360,2.1405,3.0018,-2.3559,1.9192,14.6971,0.0476,3.0000,0.0000,0.0000,0,15.0088,495.4208,980.4649,737.9429,242.5221,0.3449,-12.0306,507.7963,968.7792
42.539,1,0,heuristic,10.4015,67.7010,2.1199,0.4706,2.9448,2.9822,0.5345,2.1462,3.0018,-2.4194,1.9192,14.5672,0.0263,3.0000,0.0000,0.0000,0,15.0088,469.4484,994.2993,731.8739,262.4254,0.3519,-13.9377,483.7380,980.7136
42.589,1,0,heuristic,10.4081,67.8483,2.1414,0.4039,2.9697,2.9971,0.5255,2.1509,3.0018,-2.4759,1.9192,14.4425,0.0094,3.0000,0.0000,0.0000,0,15.0088,522.0947,983.0081,752.5514,230.4567,0.0844,-15.2953,537.4744,967.7971
42.639,1,0,heuristic,10.4106,68.0056,2.1680,0.3329,2.9805,2.9990,0.5310,2.1559,3.0018,-2.5320,1.9192,14.3076,-0.0121,3.0000,0.0000,0.0000,0,15.0088,554.7903,995.7966,775.2934,220.5031,0.0493,-17.3710,572.2106,978.4749
42.689,1,0,heuristic,10.4090,68.1545,2.1892,0.2595,3.0048,3.0160,0.5208,2.1597,3.0018,-2.5813,1.9192,14.1782,-0.0294,3.0000,0.0000,0.0000,0,15.0088,624.7223,990.6396,807.6810,182.9587,-0.2566,-18.7267,643.1924,971.6563
42.739,1,0,heuristic,10.4025,68.3132,2.2155,0.1829,3.0144,3.0200,0.5172,2.1639,3.0018,-2.6294,1.9192,14.0383,-0.0515,3.0000,0.0000,0.0000,0,15.0088,672.6358,992.5249,832.5804,159.9446,-0.3276,-20.6333,692.9415,971.5641
42.789,1,0,heuristic,10.3920,68.4636,2.2413,0.1023,3.0381,3.0398,0.4835,2.1669,3.0018,-2.6708,1.9192,13.9038,-0.0743,3.0000,0.0000,0.0000,0,15.0088,707.9077,997.7317,852.8197,144.9120,-0.6843,-21.9396,729.1631,975.1078
42.839,1,0,heuristic,10.3920,68.4636,2.2617,0.1023,3.0381,3.0398,0.4968,2.1669,3.0018,-2.6708,1.9192,13.9038,-0.0948,3.0000,0.0000,0.0000,0,15.0088,673.5609,988.6480,831.1044,157.5436,-0.6843,-23.9564,696.8330,964.0073
42.889,1,0,heuristic,10.3755,68.6239,2.2868,0.0184,3.0472,3.0472,0.4713,2.1702,3.0018,-2.7101,1.9192,13.7581,-0.1166,3.0000,0.0000,0.0000,0,15.0088,663.0465,990.1283,826.5874,163.5409,-0.8187,-25.3043,687.5321,964.0054
42.939,1,0,heuristic,10.3549,68.7757,2.3063,-0.0709,3.0703,3.0712,0.4688,2.1722,3.0018,-2.7426,1.9192,13.6179,-0.1341,3.0000,0.0000,0.0000,0,15.0088,672.1387,991.2024,831.6706,159.5319,-1.2491,-26.7384,697.6280,963.2149
42.989,1,0,heuristic,10.3277,68.9373,2.3301,-0.1615,3.0777,3.0820,0.4560,2.1745,3.0018,-2.7722,1.9192,13.4661,-0.1556,3.0000,0.0000,0.0000,0,15.0088,715.7352,990.5982,853.1667,137.4315,-1.4439,-28.2592,742.5505,960.8951
43.039,1,0,heuristic,10.2974,69.0897,2.3487,-0.2556,3.0972,3.1077,0.4273,2.1757,3.0018,-2.7957,1.9192,13.3207,-0.1731,3.0000,0.0000,0.0000,0,15.0088,794.2655,995.7869,895.0262,100.7607,-1.9073,-29.0763,821.4344,964.8034
43.089,1,0,heuristic,10.2603,69.2512,2.3715,-0.3471,3.0989,3.1183,0.4368,2.1771,3.0018,-2.8160,1.9192,13.1643,-0.1945,3.0000,0.0000,0.0000,0,15.0088,725.8816,997.3277,861.6046,135.7231,-2.0971,-30.9744,754.7589,964.2561
43.139,1,0,heuristic,10.2209,69.4031,2.3936,-0.4416,3.1118,3.1430,0.4073,2.1775,3.0018,-2.8308,1.9192,13.0150,-0.2161,3.0000,0.0000,0.0000,0,15.0088,743.8099,994.4596,869.1347,125.3249,-2.5418,-32.0295,773.2975,959.8883
43.189,1,0,heuristic,10.1742,69.5637,2.4151,-0.5331,3.1072,3.1526,0.3962,2.1781,3.0018,-2.8417,1.9192,12.8546,-0.2370,3.0000,0.0000,0.0000,0,15.0088,822.8081,982.8733,902.8407,80.0326,-2.7143,-33.3743,853.4681,946.7847
43.239,1,0,heuristic,10.1257,69.7144,2.4359,-0.6283,3.1137,3.1765,0.3950,2.1778,3.0018,-2.8476,1.9192,12.7017,-0.2581,3.0000,0.0000,0.0000,0,15.0088,851.4007,987.2980,919.3493,67.9487,-3.1456,-34.8929,883.1480,949.2595
43.289,1,0,heuristic,10.0699,69.8733,2.4521,-0.7176,3.1022,3.1841,0.3645,2.1777,3.0018,-2.8494,1.9192,12.5380,-0.2744,3.0000,0.0000,0.0000,0,15.0088,902.6209,995.2688,948.9448,46.3240,-3.2818,-35.4201,934.7591,956.5669
43.339,1,0,heuristic,10.0131,70.0221,2.4718,-0.8107,3.1016,3.2058,0.3625,2.1767,3.0018,-2.8468,1.9192,12.3824,-0.2951,3.0000,0.0000,0.0000,0,15.0088,937.4692,989.7131,963.5912,26.1220,-3.6720,-36.8222,970.6194,949.2190
43.389,1,0,heuristic,9.9482,70.1787,2.4907,-0.8981,3.0838,3.2120,0.3555,2.1759,3.0018,-2.8393,1.9192,12.2158,-0.3148,3.0000,0.0000,0.0000,0,15.0088,919.2628,990.9077,955.0853,35.8225,-3.7836,-38.0171,953.4963,949.1070
43.439,1,0,heuristic,9.8827,70.3254,2.5053,-0.9915,3.0781,3.2339,0.3195,2.1741,3.0018,-2.8278,1.9192,12.0573,-0.3312,3.0000,0.0000,0.0000,0,15.0088,880.8721,991.6479,936.2600,55.3879,-4.1782,-38.3403,915.0342,949.1294
43.489,1,0,heuristic,9.8827,70.3254,2.5193,-0.9915,3.0781,3.2339,0.3105,2.1741,3.0018,-2.8278,1.9192,12.0573,-0.3452,3.0000,0.0000,0.0000,0,15.0088,917.8430,992.9045,955.3738,37.5308,-4.1782,-39.0744,952.7392,949.6520
43.539,1,0,heuristic,9.8084,70.4798,2.5295,-1.0790,3.0565,3.2413,0.3193,2.1724,3.0018,-2.8106,1.9192,11.8876,-0.3571,3.0000,0.0000,0.0000,0,15.0088,939.5554,990.0342,964.7948,25.2394,-4.3125,-40.0112,975.2541,945.7105
43.589,1,0,heuristic,9.7342,70.6242,2.5426,-1.1721,3.0468,3.2645,0.3063,2.1699,3.0018,-2.7903,1.9192,11.7263,-0.3727,3.0000,0.0000,0.0000,0,15.0088,974.4766,976.8812,975.6789,1.2023,-4.7288,-40.7101,1000.0000,931.4424
43.639,1,0,heuristic,9.6513,70.7760,2.5551,-1.2567,3.0212,3.2722,0.2747,2.1674,3.0018,-2.7641,1.9192,11.5540,-0.3877,3.0000,0.0000,0.0000,0,15.0088,984.2745,953.8408,969.0576,-15.2168,-4.8675,-40.9636,1000.0000,908.0097
43.689,1,0,heuristic,9.6513,70.7760,2.5641,-1.2567,3.0212,3.2722,0.2712,2.1674,3.0018,-2.7641,1.9192,11.5540,-0.3967,3.0000,0.0000,0.0000,0,15.0088,981.3092,990.9072,986.1082,4.7990,-4.8675,-41.4506,1000.0000,944.5890
43.739,1,0,heuristic,9.5692,70.9177,2.5729,-1.3473,3.0076,3.2956,0.2503,2.1641,3.0018,-2.7354,1.9192,11.3906,-0.4088,3.0000,0.0000,0.0000,0,15.0088,980.4008,969.5832,974.9920,-5.4088,-5.2889,-41.7152,1000.0000,922.5791
43.789,1,0,heuristic,9.4780,71.0665,2.5895,-1.4287,2.9782,3.3031,0.2415,2.1609,3.0018,-2.7004,1.9192,11.2163,-0.4286,3.0000,0.0000,0.0000,0,15.0088,985.8442,979.9725,982.9084,-2.9358,-5.4248,-42.6900,1000.0000,931.8578
43.839,1,0,heuristic,9.3884,71.2051,2.5973,-1.5161,2.9602,3.3259,0.2350,2.1570,3.0018,-2.6636,1.9192,11.0512,-0.4402,3.0000,0.0000,0.0000,0,15.0088,985.2944,971.3523,978.3233,-6.9711,-5.8342,-43.2056,1000.0000,922.3125
43.889,1,0,heuristic,9.3884,71.2051,2.6072,-1.5161,2.9602,3.3259,0.2190,2.1570,3.0018,-2.6636,1.9192,11.0512,-0.4502,3.0000,0.0000,0.0000,0,15.0088,990.9188,963.7355,977.3272,-13.5917,-5.8342,-43.4595,1000.0000,914.4418
43.939,1,0,heuristic,9.2897,71.3505,2.6144,-1.5926,2.9271,3.3323,0.2147,2.1531,3.0018,-2.6204,1.9192,10.8756,-0.4613,3.0000,0.0000,0.0000,0,15.0088,993.2019,911.1095,952.1557,-41.0462,-5.9498,-43.9664,1000.0000,861.1933
43.989,1,0,heuristic,9.1935,71.4857,2.6212,-1.6749,2.9052,3.3534,0.2023,2.1487,3.0018,-2.5762,1.9192,10.7096,-0.4726,3.0000,0.0000,0.0000,0,15.0088,982.6822,841.5867,912.1344,-70.5477,-6.3303,-44.3037,1000.0000,790.9527
44.039,1,0,heuristic,9.1935,71.4857,2.6300,-1.6749,2.9052,3.3534,0.1948,2.1487,3.0018,-2.5762,1.9192,10.7096,-0.4813,3.0000,0.0000,0.0000,0,15.0088,984.3939,795.5479,889.9709,-94.4230,-6.3303,-44.6506,1000.0000,744.5671
44.089,1,0,heuristic,9.0884,71.6271,2.6403,-1.7443,2.8682,3.3569,0.1745,2.1442,3.0018,-2.5256,1.9192,10.5336,-0.4961,3.0000,0.0000,0.0000,0,15.0088,982.3521,879.6710,931.0115,-51.3405,-6.3933,-45.0000,1000.0000,828.2777
44.139,1,0,heuristic,8.9869,71.7583,2.6478,-1.8181,2.8411,3.3730,0.1598,2.1394,3.0018,-2.4751,1.9192,10.3682,-0.5084,3.0000,0.0000,0.0000,0,15.0088,978.3982,885.0090,931.7036,-46.6946,-6.6830,-45.3241,1000.0000,833.0019
44.189,1,0,heuristic,8.8773,71.8948,2.6564,-1.8762,2.7977,3.3686,0.1338,2.1346,3.0018,-2.4186,1.9192,10.1938,-0.5218,3.0000,0.0000,0.0000,0,15.0088,987.9361,887.2227,937.5794,-50.3567,-6.6029,-45.4480,1000.0000,835.1718
44.239,1,0,heuristic,8.7723,72.0209,2.6641,-1.9382,2.7636,3.3755,0.1245,2.1296,3.0018,-2.3630,1.9192,10.0307,-0.5344,3.0000,0.0000,0.0000,0,15.0088,971.4534,825.8856,898.6695,-72.7839,-6.7282,-45.8799,1000.0000,773.2775
44.289,1,0,heuristic,8.6592,72.1522,2.6696,-1.9857,2.7159,3.3644,0.0975,2.1246,3.0018,-2.3015,1.9192,9.8587,-0.5450,3.0000,0.0000,0.0000,0,15.0088,980.0696,807.9609,894.0153,-86.0543,-6.5277,-45.8053,1000.0000,755.6280
44.339,1,0,heuristic,8.5510,72.2738,2.6757,-2.0393,2.6793,3.3671,0.0993,2.1193,3.0018,-2.2413,1.9192,9.6977,-0.5564,3.0000,0.0000,0.0000,0,15.0088,984.4167,816.7589,900.5878,-83.8289,-6.5755,-46.3812,1000.0000,763.8022
44.389,1,0,heuristic,8.4349,72.4003,2.6801,-2.0781,2.6300,3.3519,0.0793,2.1140,3.0018,-2.1754,1.9192,9.5282,-0.5661,3.0000,0.0000,0.0000,0,15.0088,983.0460,743.8834,863.4647,-119.5813,-6.3033,-46.3913,1000.0000,691.1888
44.439,1,0,heuristic,8.3244,72.5172,2.6857,-2.1228,2.5911,3.3496,0.0537,2.1084,3.0018,-2.1115,1.9192,9.3700,-0.5772,3.0000,0.0000,0.0000,0,15.0088,975.5113,707.4888,841.5001,-134.0113,-6.2617,-46.3582,1000.0000,654.8688
44.489,1,0,heuristic,8.2062,72.6387,2.6887,-2.1528,2.5402,3.3298,0.0475,2.1028,3.0018,-2.0418,1.9192,9.2038,-0.5859,3.0000,0.0000,0.0000,0,15.0088,969.8302,714.8206,842.3254,-127.5048,-5.9043,-46.5830,1000.0000,662.3332
44.539,1,0,heuristic,8.0941,72.7509,2.6918,-2.1895,2.4996,3.3229,0.0192,2.0971,3.0018,-1.9747,1.9192,9.0488,-0.5947,3.0000,0.0000,0.0000,0,15.0088,974.0808,617.2791,795.6799,-178.4008,-5.7806,-46.3504,1000.0000,565.1481
44.589,1,0,heuristic,7.9746,72.8672,2.6935,-2.2114,2.4472,3.2983,0.0112,2.0912,3.0018,-1.9021,1.9192,8.8865,-0.6023,3.0000,0.0000,0.0000,0,15.0088,981.4623,551.1899,766.3261,-215.1362,-5.3383,-46.4646,1000.0000,499.3870
44.639,1,0,heuristic,7.8613,72.9745,2.6947,-2.2408,2.4050,3.2871,-0.0338,2.0853,3.0018,-1.8323,1.9192,8.7353,-0.6094,3.0000,0.0000,0.0000,0,15.0088,977.4226,516.7217,747.0722,-230.3505,-5.1360,-45.7816,1000.0000,465.8041
44.689,1,0,heuristic,7.8613,72.9745,2.6950,-2.2408,2.4050,3.2871,-0.0493,2.0853,3.0018,-1.8323,1.9192,8.7353,-0.6097,3.0000,0.0000,0.0000,0,15.0088,987.3645,553.2600,770.3123,-217.0523,-5.1360,-45.4675,1000.0000,502.6566
44.739,1,0,heuristic,7.7410,73.0857,2.6941,-2.2556,2.3514,3.2583,-0.0785,2.0792,3.0018,-1.7571,1.9192,8.5773,-0.6149,3.0000,0.0000,0.0000,0,15.0088,983.6442,461.1636,722.4039,-261.2403,-4.6184,-44.9967,1000.0000,411.5485
44.789,1,0,heuristic,7.6275,73.1878,2.6930,-2.2772,2.3065,3.2412,-0.0960,2.0731,3.0018,-1.6854,1.9192,8.4309,-0.6198,3.0000,0.0000,0.0000,0,15.0088,989.6318,449.4514,719.5416,-270.0902,-4.3099,-44.7591,1000.0000,400.3823
44.839,1,0,heuristic,7.5072,73.2932,2.6899,-2.2845,2.2508,3.2070,-0.1293,2.0669,3.0018,-1.6083,1.9192,8.2783,-0.6230,3.0000,0.0000,0.0000,0,15.0088,981.5701,512.7771,747.1736,-234.3965,-3.6940,-44.0855,1000.0000,464.9975
44.889,1,0,heuristic,7.3940,73.3900,2.6874,-2.2993,2.2038,3.1849,-0.1403,2.0607,3.0018,-1.5349,1.9192,8.1370,-0.6267,3.0000,0.0000,0.0000,0,15.0088,972.8120,450.8529,711.8324,-260.9796,-3.2965,-43.9104,1000.0000,403.6460
44.939,1,0,heuristic,7.3940,73.3900,2.6832,-2.2993,2.2038,3.1849,-0.1522,2.0607,3.0018,-1.5349,1.9192,8.1370,-0.6225,3.0000,0.0000,0.0000,0,15.0088,987.8703,401.5855,694.7279,-293.1424,-3.2965,-43.4374,1000.0000,354.8516
44.989,1,0,heuristic,7.1614,73.5814,2.6752,-2.3102,2.0995,3.1217,-0.1945,2.0478,3.0018,-1.3816,1.9192,7.8541,-0.6274,3.0000,0.0000,0.0000,0,15.0088,974.7296,318.3017,646.5156,-328.2139,-2.1584,-42.5015,1000.0000,273.6418
45.039,1,0,heuristic,7.1614,73.5814,2.6721,-2.3102,2.0995,3.1217,-0.2060,2.0478,3.0018,-1.3816,1.9192,7.8541,-0.6243,3.0000,0.0000,0.0000,0,15.0088,965.2597,283.3514,624.3055,-340.9541,-2.1584,-42.0957,1000.0000,239.0973
45.089,1,0,heuristic,7.0421,73.6761,2.6633,-2.3068,2.0435,3.0818,-0.2373,2.0412,3.0018,-1.3019,1.9192,7.7126,-0.6222,3.0000,0.0000,0.0000,0,15.0088,983.2158,371.8755,677.5456,-305.6702,-1.4411,-41.1624,1000.0000,329.2719
45.139,1,0,heuristic,6.9304,73.7627,2.6574,-2.3112,1.9958,3.0537,-0.2575,2.0346,3.0018,-1.2264,1.9192,7.5822,-0.6228,3.0000,0.0000,0.0000,0,15.0088,983.0517,366.9351,674.9934,-308.0583,-0.9343,-40.6101,1000.0000,325.3907
45.189,1,0,heuristic,6.8127,73.8518,2.6461,-2.3016,1.9391,3.0096,-0.2920,2.0278,3.0018,-1.1462,1.9192,7.4472,-0.6183,3.0000,0.0000,0.0000,0,15.0088,983.5709,327.1634,655.3672,-328.2037,-0.1404,-39.4780,1000.0000,287.5450
45.239,1,0,heuristic,6.7023,73.9335,2.6334,-2.3011,1.8918,2.9790,-0.3095,2.0211,3.0018,-1.0703,1.9192,7.3226,-0.6123,3.0000,0.0000,0.0000,0,15.0088,975.4524,237.1680,606.3102,-369.1422,0.4101,-38.6255,1000.0000,198.9526
45.289,1,0,heuristic,6.7023,73.9335,2.6250,-2.3011,1.8918,2.9790,-0.3275,2.0211,3.0018,-1.0703,1.9192,7.3226,-0.6039,3.0000,0.0000,0.0000,0,15.0088,974.8373,210.6694,592.7533,-382.0839,0.4101,-37.8025,1000.0000,173.2770
45.339,1,0,heuristic,6.5857,74.0180,2.6101,-2.2894,1.8386,2.9363,-0.3608,2.0140,3.0018,-0.9896,1.9192,7.1931,-0.5961,3.0000,0.0000,0.0000,0,15.0088,960.9487,299.0565,630.0026,-330.9461,1.1790,-36.5059,998.6336,263.7296
45.389,1,0,heuristic,6.4764,74.0957,2.5972,-2.2871,1.7945,2.9071,-0.3800,2.0071,3.0018,-0.9133,1.9192,7.0736,-0.5901,3.0000,0.0000,0.0000,0,15.0088,958.7498,288.4186,623.5842,-335.1656,1.7040,-35.6060,996.0598,254.5165
45.439,1,0,heuristic,6.3611,74.1758,2.5834,-2.2730,1.7436,2.8647,-0.3900,1.9999,3.0018,-0.8323,1.9192,6.9498,-0.5835,3.0000,0.0000,0.0000,0,15.0088,973.5798,244.6754,609.1276,-364.4522,2.4670,-34.8575,1000.0000,212.2848
45.489,1,0,heuristic,6.2529,74.2495,2.5687,-2.2694,1.7022,2.8368,-0.4178,1.9928,3.0018,-0.7558,1.9192,6.8354,-0.5760,3.0000,0.0000,0.0000,0,15.0088,970.9367,311.8690,641.4029,-329.5338,2.9684,-33.6878,1000.0000,281.1497
45.539,1,0,heuristic,6.2529,74.2495,2.5533,-2.2694,1.7022,2.8368,-0.4260,1.9928,3.0018,-0.7558,1.9192,6.8354,-0.5606,3.0000,0.0000,0.0000,0,15.0088,978.3953,302.9627,640.6790,-337.7163,2.9684,-32.6770,1000.0000,273.2540
45.589,1,0,heuristic,6.0303,74.3973,2.5289,-2.2550,1.6215,2.7774,-0.4482,1.9779,3.0018,-0.5970,1.9192,6.6056,-0.5510,3.0000,0.0000,0.0000,0,15.0088,983.6475,297.0319,640.3397,-343.3078,4.0381,-31.3095,1000.0000,269.7605
45.639,1,0,heuristic,6.0303,74.3973,2.5204,-2.2550,1.6215,2.7774,-0.4728,1.9779,3.0018,-0.5970,1.9192,6.6056,-0.5425,3.0000,0.0000,0.0000,0,15.0088,989.8691,253.6756,621.7724,-368.0968,4.0381,-30.3286,1000.0000,227.3851
45.689,1,0,heuristic,5.9156,74.4717,2.4985,-2.2450,1.5835,2.7473,-0.4838,1.9700,3.0018,-0.5146,1.9192,6.4899,-0.5285,3.0000,0.0000,0.0000,0,15.0088,975.4356,237.4286,606.4321,-369.0035,4.5810,-29.1214,1000.0000,212.8883
45.739,1,0,heuristic,5.8073,74.5412,2.4804,-2.2473,1.5565,2.7337,-0.4838,1.9624,3.0018,-0.4366,1.9192,6.3821,-0.5180,3.0000,0.0000,0.0000,0,15.0088,972.3737,204.1752,588.2744,-384.0993,4.8259,-28.3486,1000.0000,180.6524
45.789,1,0,heuristic,5.6922,74.6144,2.4572,-2.2406,1.5265,2.7112,-0.4980,1.9543,3.0018,-0.3533,1.9192,6.2691,-0.5029,3.0000,0.0000,0.0000,0,15.0088,977.6218,165.2791,571.4504,-406.1714,5.2300,-26.9968,1000.0000,143.5122
45.839,1,0,heuristic,5.5835,74.6828,2.4381,-2.2454,1.5062,2.7037,-0.4915,1.9465,3.0018,-0.2745,1.9192,6.1638,-0.4916,3.0000,0.0000,0.0000,0,15.0088,966.7690,228.4328,597.6009,-369.1681,5.3641,-26.2941,998.4273,207.5028
45.889,1,0,heuristic,5.5835,74.6828,2.4185,-2.2454,1.5062,2.7037,-0.5242,1.9465,3.0018,-0.2745,1.9192,6.1638,-0.4720,3.0000,0.0000,0.0000,0,15.0088,979.0790,258.1629,618.6210,-360.4581,5.3641,-24.4793,1000.0000,239.0478
45.939,1,0,heuristic,5.4680,74.7548,2.3932,-2.2402,1.4819,2.6860,-0.5395,1.9382,3.0018,-0.1906,1.9192,6.0536,-0.4550,3.0000,0.0000,0.0000,0,15.0088,977.0145,254.5749,615.7947,-361.2198,5.6835,-22.9591,1000.0000,237.2994
45.989,1,0,heuristic,5.3592,74.8222,2.3778,-2.2458,1.4664,2.6822,-0.5445,1.9303,3.0018,-0.1113,1.9192,5.9511,-0.4474,3.0000,0.0000,0.0000,0,15.0088,971.7987,245.3816,608.5901,-363.2085,5.7524,-22.2130,999.7641,228.9210
46.039,1,0,heuristic,5.2434,74.8937,2.3461,-2.2419,1.4481,2.6690,-0.5637,1.9219,3.0018,-0.0269,1.9192,5.8434,-0.4242,3.0000,0.0000,0.0000,0,15.0088,974.5202,350.9442,662.7322,-311.7880,5.9903,-20.2109,1000.0000,336.7236
46.089,1,0,heuristic,5.1340,74.9614,2.3246,-2.2494,1.4405,2.6711,-0.5513,1.9139,3.0018,0.0528,1.9192,5.7426,-0.4106,3.0000,0.0000,0.0000,0,15.0088,981.5950,257.5551,619.5750,-362.0199,5.9522,-19.4520,1000.0000,244.0553
46.139,1,0,heuristic,5.0177,75.0336,2.3028,-2.2469,1.4301,2.6634,-0.5763,1.9055,3.0018,0.1375,1.9192,5.6365,-0.3973,3.0000,0.0000,0.0000,0,15.0088,983.7689,286.4449,635.1069,-348.6620,6.0897,-17.8968,1000.0000,274.6377
46.189,1,0,heuristic,4.9077,75.1025,2.2808,-2.2557,1.4312,2.6714,-0.5643,1.8975,3.0018,0.2173,1.9192,5.5368,-0.3833,3.0000,0.0000,0.0000,0,15.0088,988.0727,294.5762,641.3244,-346.7482,5.9460,-17.0752,1000.0000,283.4470
46.239,1,0,heuristic,4.9077,75.1025,2.2697,-2.2557,1.4312,2.6714,-0.5527,1.8975,3.0018,0.2173,1.9192,5.5368,-0.3722,3.0000,0.0000,0.0000,0,15.0088,986.0994,330.4742,658.2868,-327.8126,5.9460,-16.6191,1000.0000,319.8010
46.289,1,0,heuristic,4.7908,75.1765,2.2363,-2.2543,1.4297,2.6694,-0.5695,1.8890,3.0018,0.3019,1.9192,5.4314,-0.3473,3.0000,0.0000,0.0000,0,15.0088,983.1767,318.2638,650.7202,-332.4565,5.9819,-14.4543,1000.0000,309.7914
46.339,1,0,heuristic,4.6804,75.2473,2.2251,-2.2633,1.4389,2.6819,-0.5550,1.8812,3.0018,0.3815,1.9192,5.3324,-0.3439,3.0000,0.0000,0.0000,0,15.0088,972.2007,301.5735,636.8871,-335.3136,5.7573,-14.3453,992.3032,292.9855
46.389,1,0,heuristic,4.6804,75.2473,2.2026,-2.2633,1.4389,2.6819,-0.5635,1.8812,3.0018,0.3815,1.9192,5.3324,-0.3215,3.0000,0.0000,0.0000,0,15.0088,980.2944,279.9719,630.1332,-350.1613,5.7573,-12.6790,998.7306,273.0502
46.439,1,0,heuristic,4.5632,75.3239,2.1744,-2.2616,1.4455,2.6841,-0.5717,1.8728,3.0018,0.4656,1.9192,5.2275,-0.3016,3.0000,0.0000,0.0000,0,15.0088,984.3890,328.0949,656.2420,-328.1470,5.7187,-10.9498,1000.0000,322.8639
46.489,1,0,heuristic,4.4526,75.3975,2.1575,-2.2701,1.4631,2.7008,-0.5753,1.8651,3.0018,0.5444,1.9192,5.1288,-0.2924,3.0000,0.0000,0.0000,0,15.0088,970.1609,339.1910,654.6760,-315.4850,5.4181,-10.0516,985.6306,334.5576
46.539,1,0,heuristic,4.3352,75.4772,2.1290,-2.2673,1.4770,2.7060,-0.5840,1.8569,3.0018,0.6275,1.9192,5.0242,-0.2721,3.0000,0.0000,0.0000,0,15.0088,985.7710,384.0294,684.9002,-300.8708,5.3242,-8.2474,999.3426,381.1063
46.589,1,0,heuristic,4.2247,75.5540,2.1006,-2.2744,1.5014,2.7253,-0.5527,1.8494,2.9572,0.7051,1.9192,4.9257,-0.2512,3.0000,0.0000,0.0000,0,15.0088,984.0481,400.8555,692.4518,-291.5963,4.1744,-7.2165,995.4391,397.8134
46.639,1,0,heuristic,4.1076,75.6375,2.0778,-2.2699,1.5225,2.7332,-0.5707,1.8415,2.8943,0.7867,1.9192,4.8211,-0.2363,3.0000,0.0000,0.0000,0,15.0088,968.5030,391.1243,679.8136,-288.6894,2.9006,-5.5572,976.9608,388.4677
46.689,1,0,heuristic,3.9975,75.7185,2.0493,-2.2749,1.5555,2.7558,-0.5783,1.8343,2.8350,0.8626,1.9192,4.7222,-0.2150,3.0000,0.0000,0.0000,0,15.0088,986.7342,463.5341,725.1342,-261.6000,1.4251,-3.6246,991.7838,461.3346
46.739,1,0,heuristic,3.8810,75.8071,2.0210,-2.2680,1.5852,2.7671,-0.5693,1.8267,2.7717,0.9418,1.9192,4.6168,-0.1943,3.0000,0.0000,0.0000,0,15.0088,983.3886,357.7208,670.5547,-312.8339,0.0833,-2.0479,985.5198,355.7561
46.789,1,0,heuristic,3.7717,75.8931,1.9984,-2.2699,1.6263,2.7924,-0.5683,1.8199,2.7119,1.0152,1.9192,4.5171,-0.1785,3.0000,0.0000,0.0000,0,15.0088,973.0187,338.2913,655.6550,-317.3637,-1.4494,-0.6710,972.2403,336.1709
46.839,1,0,heuristic,3.6564,75.9873,1.9704,-2.2592,1.6634,2.8056,-0.5497,1.8127,2.6480,1.0914,1.9192,4.4108,-0.1577,3.0000,0.0000,0.0000,0,15.0088,983.5794,417.0076,700.2935,-283.2859,-2.8355,0.7729,979.9710,414.9451
46.889,1,0,heuristic,3.5486,76.0785,1.9426,-2.2566,1.7106,2.8317,-0.5617,1.8063,2.5879,1.1616,1.9192,4.3106,-0.1363,3.0000,0.0000,0.0000,0,15.0088,982.1564,413.9777,698.0670,-284.0893,-4.3895,2.9152,974.8517,412.5034
46.939,1,0,heuristic,3.5486,76.0785,1.9204,-2.2566,1.7106,2.8317,-0.5620,1.8063,2.5879,1.1616,1.9192,4.3106,-0.1141,3.0000,0.0000,0.0000,0,15.0088,978.3211,436.7006,707.5109,-270.8103,-4.3895,4.7565,969.1751,437.0676
46.989,1,0,heuristic,3.4353,76.1775,1.8927,-2.2409,1.7495,2.8430,-0.5447,1.7995,2.5242,1.2342,1.9192,4.2046,-0.0932,3.0000,0.0000,0.0000,0,15.0088,976.3157,386.7487,681.5322,-294.7835,-5.7378,6.3080,964.2698,387.3189
47.039,1,0,heuristic,3.3297,76.2733,1.8707,-2.2326,1.7987,2.8671,-0.5453,1.7936,2.4643,1.3008,1.9192,4.1048,-0.0771,3.0000,0.0000,0.0000,0,15.0088,990.2606,395.7722,693.0164,-297.2442,-7.2493,7.8246,975.1867,396.3475
47.089,1,0,heuristic,3.2192,76.3776,1.8435,-2.2113,1.8402,2.8768,-0.5475,1.7873,2.4009,1.3690,1.9192,3.9991,-0.0562,3.0000,0.0000,0.0000,0,15.0088,979.8999,326.9231,653.4115,-326.4884,-8.5671,9.8113,961.5215,328.1674
47.139,1,0,heuristic,3.1165,76.4783,1.8162,-2.1970,1.8918,2.8993,-0.5333,1.7818,2.3413,1.4312,1.9192,3.8999,-0.0345,3.0000,0.0000,0.0000,0,15.0088,989.2274,390.4546,689.8410,-299.3864,-10.0436,11.5234,967.6603,391.9345
47.189,1,0,heuristic,3.0092,76.5876,1.7893,-2.1700,1.9335,2.9064,-0.5438,1.7759,2.2785,1.4947,1.9192,3.7952,-0.0133,3.0000,0.0000,0.0000,0,15.0088,975.1090,341.0543,658.0816,-317.0274,-11.3032,13.7093,950.0966,343.4604
47.239,1,0,heuristic,2.9098,76.6925,1.7622,-2.1502,1.9841,2.9257,-0.5510,1.7709,2.2198,1.5523,1.9192,3.6976,0.0087,3.0000,0.0000,0.0000,0,15.0088,970.8780,445.9895,708.4338,-262.4443,-12.7054,15.8987,942.2739,449.1827
47.289,1,0,heuristic,2.8064,76.8058,1.7352,-2.1181,2.0231,2.9290,-0.5537,1.7654,2.1584,1.6109,1.9192,3.5952,0.0302,3.0000,0.0000,0.0000,0,15.0088,958.7683,403.0390,680.9037,-277.8646,-13.8720,17.9435,926.9528,407.1106
47.339,1,0,heuristic,2.7107,76.9145,1.7136,-2.0929,2.0712,2.9445,-0.5278,1.7608,2.1012,1.6637,1.9192,3.5000,0.0472,3.0000,0.0000,0.0000,0,15.0088,973.0659,437.8765,705.4712,-267.5947,-15.1790,18.9732,938.9138,441.6706
47.389,1,0,heuristic,2.6116,77.0318,1.6866,-2.0556,2.1083,2.9446,-0.5245,1.7559,2.0414,1.7168,1.9192,3.4004,0.0692,3.0000,0.0000,0.0000,0,15.0088,887.1799,413.6540,650.4169,-236.7630,-16.2565,20.9038,850.0195,418.3012
47.439,1,0,heuristic,2.5204,77.1444,1.6652,-2.0244,2.1558,2.9573,-0.5232,1.7518,1.9859,1.7640,1.9192,3.3078,0.0866,3.0000,0.0000,0.0000,0,15.0088,929.7129,479.4857,704.5993,-225.1136,-17.4866,22.4440,889.7824,484.4432
47.489,1,0,heuristic,2.4263,77.2661,1.6386,-1.9816,2.1926,2.9554,-0.5338,1.7473,1.9278,1.8110,1.9192,3.2111,0.1087,3.0000,0.0000,0.0000,0,15.0088,974.6696,400.0452,687.3574,-287.3122,-18.4968,24.6184,931.5545,406.1668
47.539,1,0,heuristic,2.3401,77.3825,1.6122,-1.9443,2.2390,2.9654,-0.5118,1.7438,1.8742,1.8522,1.9192,3.1218,0.1315,3.0000,0.0000,0.0000,0,15.0088,868.3994,324.4133,596.4063,-271.9930,-19.6422,26.1266,822.6306,330.8978
47.589,1,0,heuristic,2.2517,77.5079,1.5863,-1.8956,2.2738,2.9603,-0.5088,1.7399,1.8184,1.8925,1.9192,3.0288,0.1536,3.0000,0.0000,0.0000,0,15.0088,836.7446,324.7149,580.7297,-256.0149,-20.5552,27.9339,788.2555,332.0936
47.639,1,0,heuristic,2.1710,77.6281,1.5657,-1.8528,2.3196,2.9688,-0.5185,1.7369,1.7669,1.9274,1.9192,2.9432,0.1712,3.0000,0.0000,0.0000,0,15.0088,774.0486,352.6839,563.3663,-210.6823,-21.6332,29.6054,722.8100,360.6561
47.689,1,0,heuristic,2.0882,77.7569,1.5401,-1.8004,2.3510,2.9612,-0.5108,0.9555,3.5835,-0.7961,0.8795,20.6749,-0.5845,3.0000,0.0000,0.0000,0,17.9177,825.6364,335.1342,580.3853,-245.2511,11.2016,-10.3946,847.2327,335.9412
47.739,1,0,heuristic,2.0882,77.7569,1.5198,-1.8004,2.3510,2.9612,-0.4995,0.9555,3.5835,-0.7961,0.8795,20.6749,-0.5642,3.0000,0.0000,0.0000,0,17.9177,826.3250,317.0117,571.6683,-254.6566,11.2016,-31.4276,868.9542,296.7858
47.789,1,0,heuristic,2.0130,77.8789,1.4996,-1.7538,2.3892,2.9638,-0.5202,0.9426,3.5835,-0.6603,0.8795,20.6241,-0.5570,3.0000,0.0000,0.0000,0,17.9177,737.5883,235.9934,486.7909,-250.7975,11.1561,-30.2798,779.0242,216.8697
47.839,1,0,heuristic,1.9364,78.0089,1.4697,-1.6979,2.4114,2.9492,-0.5055,0.9291,3.5835,-0.5184,0.8795,20.5688,-0.5405,3.0000,0.0000,0.0000,0,17.9177,671.3544,135.3930,403.3737,-267.9807,11.4185,-29.3411,712.1140,117.4703
47.889,1,0,heuristic,1.8668,78.1323,1.4497,-1.6479,2.4433,2.9471,-0.5020,0.9165,3.5835,-0.3861,0.8795,20.5152,-0.5332,3.0000,0.0000,0.0000,0,17.9177,781.2641,178.2348,479.7495,-301.5146,11.4556,-28.6888,821.4085,161.0016
47.939,1,0,heuristic,1.7960,78.2637,1.4248,-1.5908,2.4602,2.9297,-0.5250,0.9033,3.5835,-0.2478,0.8795,20.4569,-0.5215,3.0000,0.0000,0.0000,0,17.9177,891.1211,242.9596,567.0403,-324.0807,11.7690,-27.2122,930.1023,227.5165
47.989,1,0,heuristic,1.7317,78.3871,1.3996,-1.5404,2.4822,2.9213,-0.5235,0.8910,3.5835,-0.1196,0.8795,20.4017,-0.5086,3.0000,0.0000,0.0000,0,17.9177,920.8163,132.9605,526.8884,-393.9279,11.9196,-26.2012,958.9371,118.6789
48.040,1,0,heuristic,1.6662,78.5172,1.3793,-1.4843,2.4862,2.8956,-0.5220,0.8781,3.5835,0.0138,0.8795,20.3429,-0.5012,3.0000,0.0000,0.0000,0,17.9177,994.7837,163.4937,579.1387,-415.6450,12.3828,-25.4781,1000.0000,150.3984
48.089,1,0,heuristic,1.6070,78.6401,1.3536,-1.4341,2.5009,2.8830,-0.5190,0.8661,3.5835,0.1378,0.8795,20.2864,-0.4875,3.0000,0.0000,0.0000,0,17.9177,994.1949,264.0435,629.1192,-365.0757,12.6104,-24.4533,1000.0000,252.2006
48.139,1,0,heuristic,1.5470,78.7712,1.3272,-1.3782,2.5050,2.8591,-0.5587,0.8534,3.5835,0.2676,0.8795,20.2250,-0.4738,3.0000,0.0000,0.0000,0,17.9177,984.3938,371.5332,677.9635,-306.4303,13.0395,-22.5061,1000.0000,362.0666
48.189,1,0,heuristic,1.4928,78.8955,1.3002,-1.3282,2.5220,2.8503,-0.5683,0.8417,3.5835,0.3886,0.8795,20.1657,-0.4586,3.0000,0.0000,0.0000,0,17.9177,986.9685,262.2435,624.6060,-362.3625,13.1974,-21.1237,1000.0000,254.3172
48.239,1,0,heuristic,1.4383,79.0287,1.2780,-1.2722,2.5299,2.8318,-0.5820,0.8292,3.5835,0.5155,0.8795,20.1007,-0.4488,3.0000,0.0000,0.0000,0,17.9177,938.5842,366.7741,652.6792,-285.9050,13.5313,-19.9538,972.0693,360.3516
48.289,1,0,heuristic,1.3902,79.1562,1.2442,-1.2184,2.5551,2.8307,-0.5930,0.8177,3.5835,0.6339,0.8795,20.0367,-0.4265,3.0000,0.0000,0.0000,0,17.9177,987.0883,429.0556,708.0720,-279.0164,13.5505,-18.1064,1000.0000,424.4997
48.339,1,0,heuristic,1.3427,79.2936,1.2213,-1.1572,2.5726,2.8209,-0.5853,0.8055,3.5835,0.7581,0.8795,19.9654,-0.4158,3.0000,0.0000,0.0000,0,17.9177,994.1022,339.8962,666.9992,-327.1030,13.7275,-17.3275,1000.0000,336.2962
48.389,1,0,heuristic,1.3016,79.4253,1.1983,-1.0972,2.6065,2.8280,-0.5890,0.7944,3.5835,0.8737,0.8795,19.8950,-0.4039,3.0000,0.0000,0.0000,0,17.9177,998.0639,236.1705,617.1172,-380.9467,13.5989,-16.2539,1000.0000,233.5155
48.439,1,0,heuristic,1.2623,79.5676,1.1693,-1.0289,2.6327,2.8267,-0.5747,0.7826,3.5835,0.9947,0.8795,19.8162,-0.3867,3.0000,0.0000,0.0000,0,17.9177,997.2013,126.1801,561.6907,-435.5106,13.6236,-15.2132,1000.0000,124.5906
48.489,1,0,heuristic,1.2623,79.5676,1.1462,-1.0289,2.6327,2.8267,-0.5767,0.7826,3.5835,0.9947,0.8795,19.8162,-0.3636,3.0000,0.0000,0.0000,0,17.9177,998.0467,133.5898,565.8182,-432.2284,13.6236,-13.7103,1000.0000,133.5031
48.539,1,0,heuristic,1.2292,79.7041,1.1289,-0.9611,2.6748,2.8423,-0.5917,0.7720,3.5835,1.1073,0.8795,19.7383,-0.3569,3.0000,0.0000,0.0000,0,17.9177,991.0021,92.4812,541.7417,-449.2605,13.3427,-12.7169,1000.0000,93.1070
48.589,1,0,heuristic,1.1978,79.8506,1.0996,-0.8894,2.7034,2.8460,-0.6155,0.7607,3.5835,1.2248,0.8795,19.6525,-0.3388,3.0000,0.0000,0.0000,0,17.9177,970.4887,178.1599,574.3243,-396.1644,13.2761,-10.7853,994.5501,180.6506
48.639,1,0,heuristic,1.1716,79.9899,1.0818,-0.8207,2.7432,2.8633,-0.6298,0.7506,3.5835,1.3338,0.8795,19.5692,-0.3312,3.0000,0.0000,0.0000,0,17.9177,997.5472,207.0518,602.2995,-395.2477,12.9641,-9.7550,1000.0000,210.2608
48.689,1,0,heuristic,1.1716,79.9899,1.0577,-0.8207,2.7432,2.8633,-0.6398,0.7506,3.5835,1.3338,0.8795,19.5692,-0.3071,3.0000,0.0000,0.0000,0,17.9177,950.8870,155.2726,553.0798,-397.8072,12.9641,-7.9251,971.7762,160.3116
48.739,1,0,heuristic,1.1476,80.1388,1.0270,-0.7490,2.7671,2.8666,-0.6375,0.7399,3.5835,1.4472,0.8795,19.4782,-0.2871,3.0000,0.0000,0.0000,0,17.9177,981.9727,229.0055,605.4891,-376.4836,12.9043,-6.3657,1000.0000,235.5440
48.789,1,0,heuristic,1.1287,80.2800,1.0085,-0.6780,2.8020,2.8828,-0.6340,0.7303,3.5835,1.5518,0.8795,19.3898,-0.2782,3.0000,0.0000,0.0000,0,17.9177,995.2067,337.2869,666.2468,-328.9599,12.6127,-5.6073,1000.0000,344.2923
48.839,1,0,heuristic,1.1127,80.4304,0.9770,-0.6037,2.8200,2.8839,-0.6532,0.7201,3.5835,1.6600,0.8795,19.2935,-0.2570,3.0000,0.0000,0.0000,0,17.9177,997.4637,327.9557,662.7097,-334.7540,12.5939,-3.4836,1000.0000,337.0660
48.889,1,0,heuristic,1.1015,80.5724,0.9582,-0.5297,2.8478,2.8966,-0.6418,0.7110,3.5835,1.7592,0.8795,19.2004,-0.2471,3.0000,0.0000,0.0000,0,17.9177,983.5956,364.7059,674.1508,-309.4449,12.3645,-2.8281,998.7883,374.2424
48.939,1,0,heuristic,1.0942,80.7235,0.9263,-0.4518,2.8593,2.8948,-0.6392,0.7014,3.5835,1.8611,0.8795,19.0988,-0.2249,3.0000,0.0000,0.0000,0,17.9177,992.6405,337.6984,665.1695,-327.4710,12.3971,-1.0550,1000.0000,349.0405
48.989,1,0,heuristic,1.0942,80.7235,0.9009,-0.4518,2.8593,2.8948,-0.6465,0.7014,3.5835,1.8611,0.8795,19.0988,-0.1995,3.0000,0.0000,0.0000,0,17.9177,990.3487,329.5309,659.9398,-330.4089,12.3971,1.0291,1000.0000,342.9571
49.039,1,0,heuristic,1.0917,80.8662,0.8820,-0.3718,2.8820,2.9059,-0.6502,0.6930,3.5835,1.9540,0.8795,19.0003,-0.1889,3.0000,0.0000,0.0000,0,17.9177,997.4153,381.8573,689.6363,-307.7790,12.1979,2.0844,1000.0000,396.1395
49.089,1,0,heuristic,1.0939,81.0177,0.8567,-0.2891,2.8883,2.9028,-0.6330,0.6841,3.5835,2.0489,0.8795,18.8929,-0.1726,3.0000,0.0000,0.0000,0,17.9177,989.8326,430.5167,710.1746,-279.6580,12.2536,3.1652,998.9210,445.9355
49.139,1,0,heuristic,1.1003,81.1605,0.8315,-0.2048,2.9057,2.9129,-0.6275,0.6764,3.5835,2.1351,0.8795,18.7891,-0.1551,3.0000,0.0000,0.0000,0,17.9177,995.3853,408.7171,702.0512,-293.3341,12.0718,4.5841,1000.0000,425.3730
49.189,1,0,heuristic,1.1003,81.1605,0.8064,-0.2048,2.9057,2.9129,-0.6138,0.6764,3.5835,2.1351,0.8795,18.7891,-0.1300,3.0000,0.0000,0.0000,0,17.9177,996.8220,327.6197,662.2209,-334.6012,12.0718,6.3395,1000.0000,346.0310
49.239,1,0,heuristic,1.1120,81.3120,0.7753,-0.1189,2.9072,2.9096,-0.6302,0.6682,3.5835,2.2227,0.8795,18.6760,-0.1071,3.0000,0.0000,0.0000,0,17.9177,995.9569,366.5937,681.2753,-314.6816,12.1307,8.7319,999.3557,387.4563
49.289,1,0,heuristic,1.1278,81.4548,0.7692,-0.0291,2.9211,2.9213,-0.5983,0.6613,3.5835,2.3016,0.8795,18.5663,-0.1079,3.0000,0.0000,0.0000,0,17.9177,969.7468,476.0788,722.9128,-246.8340,11.9210,8.1089,973.5589,496.1088
49.339,1,0,heuristic,1.1278,81.4548,0.7569,-0.0291,2.9211,2.9213,-0.6023,0.6613,3.5835,2.3016,0.8795,18.5663,-0.0956,3.0000,0.0000,0.0000,0,17.9177,998.7852,497.7481,748.2666,-250.5185,11.9210,9.2303,1000.0000,518.8995
49.389,1,0,heuristic,1.1499,81.6064,0.7324,0.0615,2.9199,2.9205,-0.6242,0.6540,3.5835,2.3812,0.8795,18.4466,-0.0784,3.0000,0.0000,0.0000,0,17.9177,997.8969,602.4705,800.1837,-197.7132,11.9342,11.2668,998.5643,625.6715
49.439,1,0,heuristic,1.1757,81.7492,0.7081,0.1569,2.9310,2.9352,-0.5893,0.6479,3.5835,2.4524,0.8795,18.3305,-0.0601,3.0000,0.0000,0.0000,0,17.9177,993.1251,542.0787,767.6019,-225.5232,11.6703,12.1976,992.5977,565.9467
49.489,1,0,heuristic,1.1757,81.7492,0.6900,0.1569,2.9310,2.9352,-0.5730,0.6479,3.5835,2.4524,0.8795,18.3305,-0.0420,3.0000,0.0000,0.0000,0,17.9177,991.0956,487.3993,739.2474,-251.8481,11.6703,13.4220,989.3438,512.4917
49.539,1,0,heuristic,1.2094,81.9009,0.6605,0.2550,2.9280,2.9391,-0.5580,0.6416,3.5835,2.5231,0.8795,18.2031,-0.0189,3.0000,0.0000,0.0000,0,17.9177,988.3378,596.4806,792.4092,-195.9286,11.5999,15.2190,984.7187,623.2995
49.589,1,0,heuristic,1.2471,82.0439,0.6489,0.3613,2.9382,2.9603,-0.5610,0.6367,3.5835,2.5852,0.8795,18.0790,-0.0121,3.0000,0.0000,0.0000,0,17.9177,990.0191,569.0846,779.5519,-210.4672,11.2174,15.9498,985.2867,596.2519
49.639,1,0,heuristic,1.2934,82.1953,0.6201,0.4669,2.9330,2.9699,-0.5500,0.6316,3.5835,2.6461,0.8795,17.9432,0.0114,3.0000,0.0000,0.0000,0,17.9177,994.3785,617.1030,805.7408,-188.6378,11.0448,17.8551,987.5682,646.0030
49.689,1,0,heuristic,1.3428,82.3376,0.5921,0.5793,2.9393,2.9958,-0.5533,0.6277,3.5835,2.6988,0.8795,17.8116,0.0356,3.0000,0.0000,0.0000,0,17.9177,983.7054,660.1374,821.9214,-161.7840,10.5786,20.0934,974.1905,690.8095
49.739,1,0,heuristic,1.3428,82.3376,0.5755,0.5793,2.9393,2.9958,-0.5295,0.6277,3.5835,2.6988,0.8795,17.8116,0.0522,3.0000,0.0000,0.0000,0,17.9177,990.6906,596.3292,793.5099,-197.1807,10.5786,21.0341,980.2351,627.9419
49.789,1,0,heuristic,1.4014,82.4878,0.5486,0.6891,2.9291,3.0090,-0.5145,0.6237,3.5835,2.7494,0.8795,17.6681,0.0751,3.0000,0.0000,0.0000,0,17.9177,991.5197,659.8185,825.6691,-165.8506,10.3412,22.7519,979.1090,692.9116
49.839,1,0,heuristic,1.4623,82.6284,0.5379,0.8052,2.9290,3.0377,-0.5042,0.6209,3.5835,2.7921,0.8795,17.5295,0.0830,3.0000,0.0000,0.0000,0,17.9177,991.2674,674.2701,832.7687,-158.4986,9.8259,23.2563,977.8370,707.3524
49.889,1,0,heuristic,1.4623,82.6284,0.5170,0.8052,2.9290,3.0377,-0.5128,0.6209,3.5835,2.7921,0.8795,17.5295,0.1039,3.0000,0.0000,0.0000,0,17.9177,993.6637,778.7971,886.2304,-107.4333,9.8259,25.2068,978.2829,813.8298
49.939,1,0,heuristic,1.5329,82.7761,0.4965,0.9154,2.9114,3.0519,-0.5168,0.6179,3.5835,2.8319,0.8795,17.3792,0.1214,3.0000,0.0000,0.0000,0,17.9177,996.4516,730.7823,863.6169,-132.8347,9.5694,26.7979,979.2232,767.1496
49.989,1,0,heuristic,1.6045,82.9138,0.4864,1.0308,2.9029,3.0805,-0.4855,0.6160,3.5835,2.8645,0.8795,17.2349,0.1296,3.0000,0.0000,0.0000,0,17.9177,986.5376,810.2344,898.3860,-88.1516,9.0550,26.8599,968.7327,846.1493
50.039,1,0,heuristic,1.6045,82.9138,0.4666,1.0308,2.9029,3.0805,-0.4903,0.6160,3.5835,2.8645,0.8795,17.2349,0.1494,3.0000,0.0000,0.0000,0,17.9177,997.2687,800.6447,898.9567,-98.3120,9.0550,28.5810,977.7427,838.2807
50.089,1,0,heuristic,1.6862,83.0580,0.4473,1.1389,2.8770,3.0942,-0.4540,0.6140,3.5835,2.8935,0.8795,17.0789,0.1667,3.0000,0.0000,0.0000,0,17.9177,994.0029,798.2922,896.1475,-97.8553,8.8082,29.2409,973.5701,836.3412
50.139,1,0,heuristic,1.7682,83.1920,0.4331,1.2527,2.8600,3.1223,-0.4562,0.6130,3.5835,2.9158,0.8795,16.9295,0.1799,3.0000,0.0000,0.0000,0,17.9177,991.1161,890.5738,940.8449,-50.2712,8.3031,30.3631,969.0561,929.2399
50.189,1,0,heuristic,1.8605,83.3319,0.4102,1.3572,2.8259,3.1349,-0.4198,0.6119,3.5835,2.9339,0.8795,16.7685,0.2017,3.0000,0.0000,0.0000,0,17.9177,992.3311,860.5762,926.4536,-65.8774,8.0759,31.3048,969.1021,899.9569
50.239,1,0,heuristic,1.9521,83.4614,0.3926,1.4673,2.8004,3.1615,-0.4170,0.6118,3.5835,2.9459,0.8795,16.6149,0.2192,3.0000,0.0000,0.0000,0,17.9177,997.1943,869.8710,933.5326,-63.6617,7.5963,32.5994,972.1912,910.0667
50.289,1,0,heuristic,2.0543,83.5962,0.3712,1.5669,2.7586,3.1725,-0.4020,0.6116,3.5835,2.9531,0.8795,16.4500,0.2403,3.0000,0.0000,0.0000,0,17.9177,991.4441,936.7858,964.1150,-27.3292,7.3978,33.8647,964.9773,978.0482
50.339,1,0,heuristic,2.1550,83.7206,0.3509,1.6730,2.7256,3.1981,-0.3730,0.6123,3.5835,2.9549,0.8795,16.2928,0.2614,3.0000,0.0000,0.0000,0,17.9177,988.6363,932.1511,960.3937,-28.2426,6.9379,34.7888,960.7854,973.8779
50.389,1,0,heuristic,2.1550,83.7206,0.3353,1.6730,2.7256,3.1981,-0.3588,0.6123,3.5835,2.9549,0.8795,16.2928,0.2770,3.0000,0.0000,0.0000,0,17.9177,993.5861,906.5522,950.0691,-43.5169,6.9379,35.6025,964.9215,949.0926
50.439,1,0,heuristic,2.2665,83.8499,0.3166,1.7672,2.6775,3.2081,-0.3352,0.6130,3.5835,2.9514,0.8795,16.1244,0.2964,3.0000,0.0000,0.0000,0,17.9177,993.0667,918.7487,955.9077,-37.1590,6.7577,36.4583,963.3660,961.9647
50.489,1,0,heuristic,2.3758,83.9690,0.3058,1.8695,2.6383,3.2335,-0.3380,0.6146,3.5835,2.9431,0.8795,15.9641,0.3087,3.0000,0.0000,0.0000,0,17.9177,995.7086,926.2440,960.9763,-34.7323,6.3007,37.3516,964.6577,969.8963
50.539,1,0,heuristic,2.4963,84.0923,0.2853,1.9589,2.5851,3.2434,-0.3063,0.6161,3.5835,2.9289,0.8795,15.7926,0.3309,3.0000,0.0000,0.0000,0,17.9177,993.6681,972.7390,983.2035,-10.4646,6.1220,38.1562,961.6339,1000.0000
50.589,1,0,heuristic,2.6136,84.2058,0.2722,2.0559,2.5410,3.2686,-0.2983,0.6186,3.5835,2.9109,0.8795,15.6299,0.3463,3.0000,0.0000,0.0000,0,17.9177,991.5073,969.9788,980.7430,-10.7642,5.6697,38.9854,958.1916,1000.0000
50.639,1,0,heuristic,2.7420,84.3232,0.2597,2.1387,2.4842,3.2780,-0.2903,0.6209,3.5835,2.8868,0.8795,15.4561,0.3613,3.0000,0.0000,0.0000,0,17.9177,992.3043,974.4627,983.3835,-8.9208,5.4994,39.7569,958.0468,1000.0000
50.689,1,0,heuristic,2.8666,84.4310,0.2476,2.2299,2.4366,3.3030,-0.2732,0.6241,3.5835,2.8596,0.8795,15.2914,0.3765,3.0000,0.0000,0.0000,0,17.9177,985.1107,971.2669,978.1888,-6.9219,5.0501,40.3385,949.8223,1000.0000
50.739,1,0,heuristic,3.0023,84.5423,0.2332,2.3059,2.3774,3.3119,-0.2627,0.6273,3.5835,2.8260,0.8795,15.1159,0.3941,3.0000,0.0000,0.0000,0,17.9177,994.0079,993.7121,993.8600,-0.1479,4.8886,41.1801,957.7164,1000.0000
50.789,1,0,heuristic,3.1331,84.6444,0.2196,2.3900,2.3273,3.3359,-0.2425,0.6311,3.5835,2.7903,0.8795,14.9500,0.4115,3.0000,0.0000,0.0000,0,17.9177,986.6857,965.5613,976.1235,-10.5622,4.4572,41.7860,949.3569,1000.0000
50.839,1,0,heuristic,3.2748,84.7497,0.2067,2.4569,2.2666,3.3428,-0.2328,0.6349,3.5835,2.7482,0.8795,14.7737,0.4283,3.0000,0.0000,0.0000,0,17.9177,969.4900,986.0924,977.7912,8.3012,4.3338,42.5459,931.2778,1000.0000
50.889,1,0,heuristic,3.2748,84.7497,0.1968,2.4569,2.2666,3.3428,-0.2120,0.6349,3.5835,2.7482,0.8795,14.7737,0.4381,3.0000,0.0000,0.0000,0,17.9177,987.2890,975.5273,981.4082,-5.8808,4.3338,42.6986,948.9242,1000.0000
50.939,1,0,heuristic,3.4107,84.8461,0.1851,2.5317,2.2150,3.3639,-0.2230,0.6393,3.5835,2.7050,0.8795,14.6076,0.4542,3.0000,0.0000,0.0000,0,17.9177,963.4421,976.4597,969.9509,6.5088,3.9542,43.8269,923.5694,1000.0000
50.989,1,0,heuristic,3.5570,84.9453,0.1740,2.5881,2.1537,3.3670,-0.2065,0.6436,3.5835,2.6556,0.8795,14.4317,0.4696,3.0000,0.0000,0.0000,0,17.9177,943.6546,983.3759,963.5153,19.8607,3.8975,44.3207,903.2313,1000.0000
51.039,1,0,heuristic,3.6966,85.0361,0.1656,2.6521,2.1012,3.3836,-0.1960,0.6484,3.5835,2.6059,0.8795,14.2663,0.4828,3.0000,0.0000,0.0000,0,17.9177,856.4348,994.6829,925.5588,69.1240,3.5991,44.7989,815.2349,1000.0000
51.089,1,0,heuristic,3.8463,85.1294,0.1556,2.6974,2.0399,3.3819,-0.1678,0.6531,3.5835,2.5501,0.8795,14.0916,0.4975,3.0000,0.0000,0.0000,0,17.9177,782.5582,977.6769,880.1175,97.5593,3.6297,44.9750,741.2128,1000.0000
51.139,1,0,heuristic,3.9886,85.2146,0.1461,2.7507,1.9870,3.3933,-0.1765,0.6582,3.5835,2.4948,0.8795,13.9279,0.5121,3.0000,0.0000,0.0000,0,17.9177,689.1813,977.5503,833.3658,144.1845,3.4237,45.9071,646.6979,1000.0000
51.189,1,0,heuristic,4.1404,85.3020,0.1373,2.7847,1.9255,3.3856,-0.1472,0.6632,3.5835,2.4335,0.8795,13.7555,0.5259,3.0000,0.0000,0.0000,0,17.9177,790.1383,990.4157,890.2770,100.1387,3.5626,45.9823,747.7186,1000.0000
51.239,1,0,heuristic,4.2839,85.3814,0.1293,2.8257,1.8711,3.3890,-0.1353,0.6685,3.5835,2.3736,0.8795,13.5947,0.5391,3.0000,0.0000,0.0000,0,17.9177,870.8353,986.1714,928.5033,57.6681,3.5008,46.3810,827.9551,1000.0000
51.289,1,0,heuristic,4.4360,85.4622,0.1224,2.8455,1.8078,3.3712,-0.1138,0.6737,3.5835,2.3079,0.8795,13.4264,0.5513,3.0000,0.0000,0.0000,0,17.9177,760.8353,990.5269,875.6811,114.8458,3.8213,46.5024,718.1541,1000.0000
51.339,1,0,heuristic,4.5791,85.5354,0.1176,2.8727,1.7511,3.3643,-0.0968,0.6790,3.5835,2.2443,0.8795,13.2702,0.5614,3.0000,0.0000,0.0000,0,17.9177,693.3978,987.8665,840.6321,147.2344,3.9454,46.6058,650.7373,1000.0000
51.389,1,0,heuristic,4.7313,85.6100,0.1124,2.8833,1.6879,3.3410,-0.0575,0.6845,3.5835,2.1747,0.8795,13.1062,0.5720,3.0000,0.0000,0.0000,0,17.9177,598.7925,976.5602,787.6764,188.8839,4.3655,46.2547,556.9032,1000.0000
51.439,1,0,heuristic,4.8749,85.6777,0.1081,2.9050,1.6327,3.3323,-0.0558,0.6901,3.5835,2.1073,0.8795,12.9533,0.5820,3.0000,0.0000,0.0000,0,17.9177,544.5750,989.8579,767.2164,222.6415,4.5218,46.6528,502.4440,1000.0000
51.489,1,0,heuristic,5.0270,85.7467,0.1053,2.9089,1.5713,3.3062,-0.0425,0.6959,3.5835,2.0341,0.8795,12.7934,0.5906,3.0000,0.0000,0.0000,0,17.9177,543.0597,982.7215,762.8906,219.8309,4.9929,46.7172,501.3355,1000.0000
51.539,1,0,heuristic,5.1696,85.8089,0.1029,2.9215,1.5162,3.2915,-0.0080,0.7018,3.5835,1.9638,0.8795,12.6452,0.5989,3.0000,0.0000,0.0000,0,17.9177,503.5264,982.0074,742.7669,239.2405,5.2561,46.3212,462.4613,1000.0000
51.589,1,0,heuristic,5.3199,85.8718,0.1018,2.9152,1.4549,3.2581,0.0227,0.7077,3.5835,1.8882,0.8795,12.4911,0.6060,3.0000,0.0000,0.0000,0,17.9177,570.9450,992.3105,781.6278,210.6828,5.8582,45.9254,530.8778,1000.0000
51.639,1,0,heuristic,5.4605,85.9283,0.1020,2.9182,1.3993,3.2363,0.0658,0.7137,3.5835,1.8158,0.8795,12.3486,0.6117,3.0000,0.0000,0.0000,0,17.9177,533.6398,989.4442,761.5420,227.9022,6.2493,45.2008,494.6883,1000.0000
51.689,1,0,heuristic,5.6086,85.9852,0.1037,2.9042,1.3385,3.1978,0.0800,0.7198,3.5835,1.7380,0.8795,12.2005,0.6162,3.0000,0.0000,0.0000,0,17.9177,474.2393,987.1147,730.6770,256.4377,6.9438,44.9995,436.1836,1000.0000
51.739,1,0,heuristic,5.7475,86.0364,0.1068,2.9018,1.2840,3.1732,0.1065,0.7260,3.5835,1.6637,0.8795,12.0634,0.6193,3.0000,0.0000,0.0000,0,17.9177,549.9001,978.1155,764.0078,214.1077,7.3864,44.4711,512.8153,1000.0000
51.789,1,0,heuristic,5.8939,86.0881,0.1111,2.8848,1.2259,3.1345,0.1348,0.7325,3.5835,1.5838,0.8795,11.9206,0.6214,3.0000,0.0000,0.0000,0,17.9177,454.1736,985.4779,719.8257,265.6521,8.0827,43.8379,418.4184,1000.0000
51.839,1,0,heuristic,6.0311,86.1344,0.1156,2.8793,1.1737,3.1094,0.1683,0.7390,3.5835,1.5077,0.8795,11.7886,0.6234,3.0000,0.0000,0.0000,0,17.9177,358.8846,982.6234,670.7540,311.8694,8.5352,43.0928,324.3270,1000.0000
51.889,1,0,heuristic,6.1758,86.1812,0.1224,2.8602,1.1189,3.0712,0.1760,0.7458,3.5835,1.4260,0.8795,11.6511,0.6234,3.0000,0.0000,0.0000,0,17.9177,256.9957,995.0219,626.0088,369.0131,9.2220,42.7698,223.4478,1000.0000
51.939,1,0,heuristic,6.3115,86.2232,0.1303,2.8532,1.0701,3.0473,0.2122,0.7526,3.5835,1.3483,0.8795,11.5238,0.6223,3.0000,0.0000,0.0000,0,17.9177,351.2482,992.8640,672.0561,320.8079,9.6528,41.7884,319.1127,1000.0000
51.989,1,0,heuristic,6.4541,86.2654,0.1417,2.8311,1.0184,3.0086,0.2548,0.7597,3.5835,1.2653,0.8795,11.3917,0.6180,3.0000,0.0000,0.0000,0,17.9177,417.2351,991.7580,704.4966,287.2615,10.3480,40.4991,387.0840,1000.0000
52.039,1,0,heuristic,6.5870,86.3029,0.1528,2.8186,0.9711,2.9813,0.2647,0.7666,3.5835,1.1869,0.8795,11.2702,0.6138,3.0000,0.0000,0.0000,0,17.9177,307.9315,979.3092,643.6204,335.6888,10.8411,39.9007,278.8719,1000.0000
52.089,1,0,heuristic,6.7268,86.3406,0.1627,2.7925,0.9218,2.9408,0.2930,0.7739,3.5835,1.1032,0.8795,11.1441,0.6112,3.0000,0.0000,0.0000,0,17.9177,279.4288,971.5857,625.5073,346.0784,11.5701,38.9848,252.0142,1000.0000
52.139,1,0,heuristic,6.8579,86.3745,0.1763,2.7805,0.8788,2.9161,0.3138,0.7811,3.5835,1.0238,0.8795,11.0273,0.6048,3.0000,0.0000,0.0000,0,17.9177,170.2722,982.6717,576.4720,406.1997,12.0145,38.0330,144.2537,1000.0000
52.189,1,0,heuristic,6.9962,86.4087,0.1912,2.7561,0.8347,2.8798,0.3440,0.7887,3.5835,0.9391,0.8795,10.9056,0.5975,3.0000,0.0000,0.0000,0,17.9177,234.4288,978.8723,606.6506,372.2217,12.6681,36.8155,210.2814,1000.0000
52.239,1,0,heuristic,7.1255,86.4394,0.2074,2.7440,0.7955,2.8570,0.3610,0.7961,3.5835,0.8590,0.8795,10.7932,0.5887,3.0000,0.0000,0.0000,0,17.9177,272.8153,992.8426,632.8289,360.0136,13.0774,35.8082,250.0845,1000.0000
52.289,1,0,heuristic,7.1255,86.4394,0.2213,2.7440,0.7955,2.8570,0.4037,0.7961,3.5835,0.8590,0.8795,10.7932,0.5748,3.0000,0.0000,0.0000,0,17.9177,255.8723,988.9488,622.4105,366.5383,13.0774,34.1597,234.7900,1000.0000
52.339,1,0,heuristic,7.2615,86.4701,0.2400,2.7183,0.7543,2.8210,0.4128,0.8040,3.5835,0.7738,0.8795,10.6768,0.5640,3.0000,0.0000,0.0000,0,17.9177,234.3013,987.8135,611.0574,376.7561,13.7253,33.1844,214.8421,1000.0000
52.389,1,0,heuristic,7.3889,86.4975,0.2517,2.7053,0.7179,2.7989,0.4105,0.8116,3.5835,0.6932,0.8795,10.5691,0.5599,3.0000,0.0000,0.0000,0,17.9177,308.9230,993.4079,651.1655,342.2425,14.1229,32.8183,290.2277,1000.0000
52.439,1,0,heuristic,7.5235,86.5254,0.2723,2.6817,0.6815,2.7670,0.4438,0.8197,3.5835,0.6073,0.8795,10.4567,0.5474,3.0000,0.0000,0.0000,0,17.9177,256.1080,992.4061,624.2571,368.1491,14.6982,31.2325,239.5736,1000.0000
52.489,1,0,heuristic,7.6498,86.5506,0.2850,2.6720,0.6503,2.7500,0.4612,0.8276,3.5835,0.5260,0.8795,10.3524,0.5425,3.0000,0.0000,0.0000,0,17.9177,245.5145,995.2035,620.3590,374.8445,15.0041,30.3990,230.1196,1000.0000
52.539,1,0,heuristic,7.7837,86.5765,0.3072,2.6524,0.6199,2.7239,0.4672,0.8359,3.5835,0.4394,0.8795,10.2432,0.5287,3.0000,0.0000,0.0000,0,17.9177,201.7071,979.5561,590.6316,388.9245,15.4743,29.2977,187.8837,1000.0000
52.589,1,0,heuristic,7.9097,86.6003,0.3301,2.6471,0.5949,2.7131,0.4775,0.8440,3.5835,0.3574,0.8795,10.1414,0.5139,3.0000,0.0000,0.0000,0,17.9177,122.8802,982.6910,552.7856,429.9054,15.6674,28.0528,110.4948,1000.0000
52.639,1,0,heuristic,7.9097,86.6003,0.3395,2.6471,0.5949,2.7131,0.4865,0.8440,3.5835,0.3574,0.8795,10.1414,0.5045,3.0000,0.0000,0.0000,0,17.9177,75.4884,977.0315,526.2600,450.7716,15.6674,27.3345,63.8213,1000.0000
52.689,1,0,heuristic,8.0433,86.6248,0.3636,2.6313,0.5702,2.6924,0.5022,0.8525,3.5835,0.2702,0.8795,10.0347,0.4889,3.0000,0.0000,0.0000,0,17.9177,178.3918,988.0728,583.2323,404.8405,16.0404,25.9049,168.5274,1000.0000
52.739,1,0,heuristic,8.1689,86.6472,0.3784,2.6284,0.5494,2.6852,0.5125,0.8607,3.5835,0.1877,0.8795,9.9355,0.4824,3.0000,0.0000,0.0000,0,17.9177,140.9264,990.8143,565.8703,424.9439,16.1707,25.1081,131.9889,1000.0000
52.789,1,0,heuristic,8.1689,86.6472,0.3987,2.6284,0.5494,2.6852,0.5467,0.8607,3.5835,0.1877,0.8795,9.9355,0.4621,3.0000,0.0000,0.0000,0,17.9177,204.0903,993.8330,598.9617,394.8714,16.1707,23.2152,197.0458,1000.0000
52.839,1,0,heuristic,8.4270,86.6914,0.4301,2.6127,0.5107,2.6622,0.5610,0.8777,3.5835,0.0170,0.8795,9.7352,0.4476,3.0000,0.0000,0.0000,0,17.9177,251.6696,961.1338,606.4017,354.7321,16.5844,21.6425,246.6115,999.3607
52.889,1,0,heuristic,8.4270,86.6914,0.4408,2.6127,0.5107,2.6622,0.5470,0.8777,3.5835,0.0170,0.8795,9.7352,0.4369,3.0000,0.0000,0.0000,0,17.9177,275.6228,970.5484,623.0856,347.4628,16.5844,21.3000,270.9073,1000.0000
52.939,1,0,heuristic,8.5600,86.7138,0.4737,2.6019,0.4948,2.6486,0.5775,0.8866,3.5835,-0.0712,0.8795,9.6333,0.4129,3.0000,0.0000,0.0000,0,17.9177,244.5198,966.7544,605.6371,361.1173,16.8293,18.9949,242.3542,1000.0000
52.989,1,0,heuristic,8.6859,86.7352,0.4904,2.6061,0.4852,2.6509,0.5807,0.8949,3.5835,-0.1545,0.8795,9.5375,0.4045,3.0000,0.0000,0.0000,0,17.9177,252.4820,992.4976,622.4898,370.0078,16.7881,18.2044,251.0657,1000.0000
53.039,1,0,heuristic,8.8202,86.7587,0.5184,2.6014,0.4785,2.6450,0.5583,0.9038,3.5835,-0.2430,0.8795,9.4357,0.3854,3.0000,0.0000,0.0000,0,17.9177,272.3317,978.6076,625.4697,353.1379,16.8934,17.2707,271.9544,1000.0000
53.089,1,0,heuristic,8.9474,86.7817,0.5411,2.6112,0.4785,2.6547,0.5880,0.9121,3.5835,-0.3263,0.8795,9.3394,0.3710,3.0000,0.0000,0.0000,0,17.9177,244.5974,988.7039,616.6507,372.0533,16.7188,15.5331,245.7831,1000.0000
53.139,1,0,heuristic,8.9474,86.7817,0.5640,2.6112,0.4785,2.6547,0.5813,0.9121,3.5835,-0.3263,0.8795,9.3394,0.3482,3.0000,0.0000,0.0000,0,17.9177,280.3350,980.0396,630.1873,349.8523,16.7188,14.2063,282.8476,1000.0000
53.189,1,0,heuristic,9.0831,86.8072,0.5869,2.6109,0.4811,2.6549,0.5823,0.9210,3.5835,-0.4146,0.8795,9.2369,0.3340,3.0000,0.0000,0.0000,0,17.9177,376.1361,974.5819,675.3590,299.2229,16.7160,13.0403,379.8118,1000.0000
53.239,1,0,heuristic,9.2117,86.8326,0.6100,2.6244,0.4905,2.6699,0.5860,0.9291,3.5835,-0.4975,0.8795,9.1396,0.3191,3.0000,0.0000,0.0000,0,17.9177,465.1117,988.9879,727.0498,261.9381,16.4455,11.7649,469.7923,1000.0000
53.289,1,0,heuristic,9.3488,86.8611,0.6332,2.6270,0.5022,2.6745,0.5730,0.9378,3.5835,-0.5849,0.8795,9.0356,0.3046,3.0000,0.0000,0.0000,0,17.9177,446.6486,994.2436,720.4461,273.7975,16.3619,10.8430,452.1675,1000.0000
53.339,1,0,heuristic,9.4789,86.8900,0.6564,2.6437,0.5222,2.6947,0.5747,0.9457,3.5835,-0.6667,0.8795,8.9363,0.2893,3.0000,0.0000,0.0000,0,17.9177,414.6391,984.6308,699.6350,284.9959,15.9982,9.5580,421.0793,1000.0000
53.389,1,0,heuristic,9.4789,86.8900,0.6795,2.6437,0.5222,2.6947,0.5580,0.9457,3.5835,-0.6667,0.8795,8.9363,0.2662,3.0000,0.0000,0.0000,0,17.9177,337.7008,992.1808,664.9408,327.2400,15.9982,8.2799,345.4191,1000.0000
53.439,1,0,heuristic,9.6181,86.9235,0.7082,2.6503,0.5465,2.7061,0.5443,0.9541,3.5835,-0.7526,0.8795,8.8290,0.2459,3.0000,0.0000,0.0000,0,17.9177,364.1158,989.3340,676.7249,312.6091,15.7938,6.8952,373.0145,1000.0000
53.489,1,0,heuristic,9.7504,86.9578,0.7252,2.6713,0.5800,2.7335,0.5537,0.9617,3.5835,-0.8326,0.8795,8.7259,0.2365,3.0000,0.0000,0.0000,0,17.9177,436.8888,990.6311,713.7600,276.8712,15.3003,5.8175,446.3716,1000.0000
53.539,1,0,heuristic,9.8915,86.9969,0.7535,2.6797,0.6145,2.7493,0.5463,0.9697,3.5835,-0.9164,0.8795,8.6149,0.2162,3.0000,0.0000,0.0000,0,17.9177,532.8233,987.7886,760.3059,227.4827,15.0161,4.2647,543.5747,1000.0000
53.589,1,0,heuristic,10.0250,87.0362,0.7760,2.7002,0.6554,2.7786,0.5585,0.9769,3.5835,-0.9942,0.8795,8.5089,0.2009,3.0000,0.0000,0.0000,0,17.9177,559.4835,991.6252,775.5544,216.0708,14.4891,2.6642,571.3085,1000.0000
53.639,1,0,heuristic,10.1673,87.0810,0.8039,2.7073,0.6966,2.7955,0.5258,0.9846,3.5835,-1.0752,0.8795,8.3945,0.1806,3.0000,0.0000,0.0000,0,17.9177,530.0537,987.4378,758.7457,228.6920,14.1849,1.5954,542.6432,1000.0000
53.689,1,0,heuristic,10.3020,87.1267,0.8260,2.7271,0.7475,2.8277,0.5212,0.9913,3.5835,-1.1499,0.8795,8.2845,0.1652,3.0000,0.0000,0.0000,0,17.9177,498.8936,984.2886,741.5911,242.6975,13.6053,0.3042,512.1947,998.1980
53.739,1,0,heuristic,10.3020,87.1267,0.8479,2.7271,0.7475,2.8277,0.5403,0.9913,3.5835,-1.1499,0.8795,8.2845,0.1434,3.0000,0.0000,0.0000,0,17.9177,455.6825,993.1065,724.3945,268.7120,13.6053,-1.8584,471.1462,1000.0000
53.789,1,0,heuristic,10.5808,87.2320,0.8801,2.7508,0.8603,2.8822,0.5248,1.0045,3.5835,-1.2975,0.8795,8.0506,0.1244,3.0000,0.0000,0.0000,0,17.9177,539.7070,990.6089,765.1579,225.4509,12.6234,-3.4067,555.7371,999.8255
53.839,1,0,heuristic,10.5808,87.2320,0.8960,2.7508,0.8603,2.8822,0.5255,1.0045,3.5835,-1.2975,0.8795,8.0506,0.1084,3.0000,0.0000,0.0000,0,17.9177,584.0741,991.8370,787.9556,203.8814,12.6234,-4.7505,601.4480,999.7098
53.889,1,0,heuristic,10.7244,87.2918,0.9222,2.7528,0.9180,2.9018,0.5202,1.0110,3.5835,-1.3700,0.8795,7.9271,0.0889,3.0000,0.0000,0.0000,0,17.9177,563.6525,991.9882,777.8203,214.1679,12.2709,-6.4426,582.3659,997.8164
53.939,1,0,heuristic,10.8594,87.3513,0.9378,2.7648,0.9823,2.9341,0.5045,1.0167,3.5835,-1.4361,0.8795,7.8091,0.0789,3.0000,0.0000,0.0000,0,17.9177,651.5232,994.3007,822.9120,171.3887,11.6894,-7.0966,670.3092,998.8934
53.990,1,0,heuristic,11.0023,87.4183,0.9633,2.7614,1.0437,2.9520,0.4850,1.0226,3.5835,-1.5035,0.8795,7.6817,0.0593,3.0000,0.0000,0.0000,0,17.9177,707.0816,994.4596,850.7706,143.6890,11.3670,-8.5015,726.9501,997.3251
54.039,1,0,heuristic,11.1365,87.4851,0.9835,2.7683,1.1131,2.9837,0.4870,1.0277,3.5835,-1.5643,0.8795,7.5598,0.0441,3.0000,0.0000,0.0000,0,17.9177,728.4492,988.0008,858.2250,129.7758,10.7973,-9.9729,749.2194,988.8252
54.089,1,0,heuristic,11.1365,87.4851,1.0035,2.7683,1.1131,2.9837,0.4795,1.0277,3.5835,-1.5643,0.8795,7.5598,0.0242,3.0000,0.0000,0.0000,0,17.9177,669.7662,983.0451,826.4057,156.6395,10.7973,-11.5459,692.1094,982.2965
54.139,1,0,heuristic,11.2782,87.5601,1.0279,2.7599,1.1792,3.0013,0.4552,1.0330,3.5835,-1.6257,0.8795,7.4280,0.0052,3.0000,0.0000,0.0000,0,17.9177,691.4578,993.3757,842.4167,150.9589,10.4805,-12.8162,714.7545,991.0399
54.189,1,0,heuristic,11.4112,87.6350,1.0421,2.7621,1.2553,3.0340,0.4353,1.0374,3.5835,-1.6804,0.8795,7.3015,-0.0047,3.0000,0.0000,0.0000,0,17.9177,687.2971,982.7061,835.0016,147.7045,9.8913,-13.3592,710.5477,979.2382
54.239,1,0,heuristic,11.5514,87.7188,1.0654,2.7489,1.3265,3.0522,0.4403,1.0420,3.5835,-1.7350,0.8795,7.1648,-0.0234,3.0000,0.0000,0.0000,0,17.9177,730.4507,992.2129,861.3318,130.8811,9.5642,-15.1939,755.2088,986.5831
54.289,1,0,heuristic,11.6825,87.8014,1.0879,2.7452,1.4056,3.0841,0.4393,1.0457,3.5835,-1.7832,0.8795,7.0341,-0.0422,3.0000,0.0000,0.0000,0,17.9177,793.5105,990.1902,891.8503,98.3398,8.9891,-16.8998,819.3995,982.2794
54.339,1,0,heuristic,11.8202,87.8931,1.1056,2.7259,1.4770,3.1003,0.3925,1.0497,3.5835,-1.8309,0.8795,6.8935,-0.0559,3.0000,0.0000,0.0000,0,17.9177,784.7299,991.3274,888.0287,103.2988,8.6973,-17.1871,810.6143,982.8377
54.389,1,0,heuristic,11.9487,87.9831,1.1229,2.7161,1.5568,3.1306,0.4148,1.0528,3.5835,-1.8725,0.8795,6.7591,-0.0701,3.0000,0.0000,0.0000,0,17.9177,784.2354,982.7471,883.4913,99.2558,8.1527,-18.9508,811.3390,971.9490
54.439,1,0,heuristic,12.0835,88.0829,1.1439,2.6911,1.6290,3.1458,0.3775,1.0560,3.5835,-1.9127,0.8795,6.6144,-0.0879,3.0000,0.0000,0.0000,0,17.9177,824.8628,996.1877,910.5252,85.6624,7.8797,-19.7585,852.5010,984.3089
54.489,1,0,heuristic,12.2089,88.1807,1.1643,2.6756,1.7106,3.1757,0.3798,1.0584,3.5835,-1.9470,0.8795,6.4762,-0.1058,3.0000,0.0000,0.0000,0,17.9177,853.1827,995.2955,924.2391,71.0564,7.3408,-21.3797,881.9031,981.2566
54.539,1,0,heuristic,12.2089,88.1807,1.1800,2.6756,1.7106,3.1757,0.3560,1.0584,3.5835,-1.9470,0.8795,6.4762,-0.1216,3.0000,0.0000,0.0000,0,17.9177,871.1785,988.6376,929.9080,58.7296,7.3408,-22.1995,900.7187,973.7789
54.589,1,0,heuristic,12.3402,88.2884,1.1954,2.6453,1.7828,3.1899,0.3593,1.0610,3.5835,-1.9794,0.8795,6.3275,-0.1344,3.0000,0.0000,0.0000,0,17.9177,861.2830,990.6544,925.9687,64.6857,7.0845,-23.3770,891.7445,974.3619
54.639,1,0,heuristic,12.4621,88.3935,1.2139,2.6243,1.8644,3.2192,0.3250,1.0627,3.5835,-2.0063,0.8795,6.1856,-0.1513,3.0000,0.0000,0.0000,0,17.9177,862.2769,981.2004,921.7386,59.4618,6.5585,-24.0788,892.9142,963.6801
54.689,1,0,heuristic,12.5894,88.5090,1.2282,2.5892,1.9357,3.2328,0.3270,1.0645,3.5835,-2.0308,0.8795,6.0330,-0.1637,3.0000,0.0000,0.0000,0,17.9177,872.6277,988.5969,930.6123,57.9846,6.3129,-25.1617,904.1022,969.7481
54.739,1,0,heuristic,12.7075,88.6213,1.2420,2.5633,2.0162,3.2612,0.3090,1.0655,3.5835,-2.0502,0.8795,5.8877,-0.1765,3.0000,0.0000,0.0000,0,17.9177,900.0900,988.0654,944.0777,43.9877,5.8014,-25.8309,931.7223,968.0358
54.789,1,0,heuristic,12.8305,88.7437,1.2586,2.5236,2.0840,3.2729,0.2938,1.0667,3.5835,-2.0669,0.8795,5.7321,-0.1919,3.0000,0.0000,0.0000,0,17.9177,910.0346,992.2406,951.1376,41.1030,5.5917,-26.7416,942.3678,971.0907
54.839,1,0,heuristic,12.9443,88.8620,1.2745,2.4930,2.1601,3.2987,0.2777,1.0671,3.5835,-2.0791,0.8795,5.5843,-0.2074,3.0000,0.0000,0.0000,0,17.9177,888.8900,992.7089,940.7994,51.9095,5.1277,-27.6191,921.6368,970.2175
54.889,1,0,heuristic,13.0626,88.9906,1.2896,2.4494,2.2226,3.3075,0.2697,1.0677,3.5835,-2.0882,0.8795,5.4262,-0.2219,3.0000,0.0000,0.0000,0,17.9177,922.0469,989.7091,955.8780,33.8311,4.9691,-28.5702,955.5863,966.1081
54.939,1,0,heuristic,13.1718,89.1145,1.3013,2.4147,2.2942,3.3308,0.2477,1.0676,3.5835,-2.0934,0.8795,5.2763,-0.2337,3.0000,0.0000,0.0000,0,17.9177,915.3683,991.7633,953.5658,38.1975,4.5500,-28.9967,948.9149,967.3166
54.989,1,0,heuristic,13.2852,89.2485,1.3153,2.3679,2.3511,3.3368,0.2318,1.0676,3.5835,-2.0953,0.8795,5.1164,-0.2477,3.0000,0.0000,0.0000,0,17.9177,922.6277,993.2309,957.9293,35.3016,4.4411,-29.6939,956.7627,967.9781
55.039,1,0,heuristic,13.3897,89.3773,1.3286,2.3299,2.4172,3.3573,0.2308,1.0669,3.5584,-2.0938,0.8795,4.9649,-0.2617,3.0000,0.0000,0.0000,0,17.9177,961.5549,993.3482,977.4516,15.8967,3.6192,-30.6814,995.8555,966.2861
55.089,1,0,heuristic,13.3897,89.3773,1.3389,2.3299,2.4172,3.3573,0.2385,1.0669,3.5584,-2.0938,0.8795,4.9649,-0.2719,3.0000,0.0000,0.0000,0,17.9177,967.5844,989.0410,978.3127,10.7283,3.6192,-31.5744,1000.0000,961.0858
55.139,1,0,heuristic,13.5979,89.6492,1.3535,2.2404,2.5288,3.3785,0.2280,1.0653,3.3334,-2.0807,0.8795,4.6510,-0.2882,3.0000,0.0000,0.0000,0,17.9177,943.8775,931.7842,937.8308,-6.0466,-0.8129,-32.4784,975.5430,898.4929
55.189,1,0,heuristic,13.5979,89.6492,1.3627,2.2404,2.5288,3.3785,0.2008,1.0653,3.3334,-2.0807,0.8795,4.6510,-0.2975,3.0000,0.0000,0.0000,0,17.9177,935.4208,993.2058,964.3133,28.8925,-0.8129,-32.5480,967.1559,959.8449
55.239,1,0,heuristic,13.7012,89.7926,1.3738,2.1898,2.5745,3.3798,0.1865,1.0642,3.2169,-2.0689,0.8795,4.4885,-0.3096,3.0000,0.0000,0.0000,0,17.9177,921.1827,973.4377,947.3102,26.1275,-2.9321,-33.0578,951.3085,937.4478
55.289,1,0,heuristic,13.7963,89.9296,1.3821,2.1477,2.6304,3.3958,0.1758,1.0626,3.1070,-2.0548,0.8795,4.3350,-0.3195,3.0000,0.0000,0.0000,0,17.9177,938.2658,960.5794,949.4226,11.1568,-5.1999,-33.4824,966.5482,921.8971
55.339,1,0,heuristic,13.8944,90.0765,1.3920,2.0957,2.6694,3.3938,0.1765,1.0611,2.9903,-2.0367,0.8795,4.1722,-0.3309,3.0000,0.0000,0.0000,0,17.9177,937.4970,902.6396,920.0683,-17.4287,-7.2632,-34.2278,964.4615,861.1486
55.389,1,0,heuristic,13.9847,90.2165,1.3995,2.0526,2.7185,3.4064,0.1625,1.0591,2.8803,-2.0170,0.8795,4.0188,-0.3404,3.0000,0.0000,0.0000,0,17.9177,928.0023,937.8338,932.9181,4.9158,-9.4689,-34.5299,953.0633,893.8351
55.439,1,0,heuristic,14.0779,90.3663,1.4101,2.0005,2.7510,3.4015,0.1415,1.0571,2.7638,-1.9933,0.8795,3.8563,-0.3530,3.0000,0.0000,0.0000,0,17.9177,886.7307,962.8609,924.7958,38.0651,-11.4778,-34.8704,910.1233,916.5128
55.489,1,0,heuristic,14.1634,90.5085,1.4151,1.9568,2.7933,3.4105,0.1313,1.0547,2.6544,-1.9686,0.8795,3.7036,-0.3604,3.0000,0.0000,0.0000,0,17.9177,916.6694,869.6071,893.1383,-23.5312,-13.6095,-35.0917,938.1517,820.9059
55.539,1,0,heuristic,14.2515,90.6602,1.4230,1.9044,2.8182,3.4013,0.1450,1.0524,2.5388,-1.9397,0.8795,3.5423,-0.3706,3.0000,0.0000,0.0000,0,17.9177,890.7253,914.7501,902.7377,12.0124,-15.5256,-35.9839,911.1836,863.2405
55.589,1,0,heuristic,14.3324,90.8039,1.4290,1.8605,2.8532,3.4062,0.1310,1.0498,2.4304,-1.9104,0.8795,3.3911,-0.3793,3.0000,0.0000,0.0000,0,17.9177,884.0230,890.9352,887.4791,3.4561,-17.5629,-36.1877,902.6478,837.1847
55.639,1,0,heuristic,14.4156,90.9566,1.4361,1.8086,2.8701,3.3924,0.1333,1.0471,2.3164,-1.8772,0.8795,3.2320,-0.3889,3.0000,0.0000,0.0000,0,17.9177,865.2773,877.1834,871.2304,5.9530,-19.3679,-36.7832,882.6927,821.0324
55.689,1,0,heuristic,14.4919,91.1008,1.4426,1.7646,2.8970,3.3921,0.1185,1.0442,2.2099,-1.8440,0.8795,3.0834,-0.3984,3.0000,0.0000,0.0000,0,17.9177,828.4627,808.7584,818.6106,-9.8522,-21.2790,-37.0013,844.1851,750.4781
55.739,1,0,heuristic,14.5704,91.2539,1.4487,1.7138,2.9062,3.3739,0.0795,1.0414,2.0981,-1.8069,0.8795,2.9275,-0.4074,3.0000,0.0000,0.0000,0,17.9177,805.3933,766.8145,786.1039,-19.2894,-22.9628,-36.6690,819.0994,707.1827
55.789,1,0,heuristic,14.5704,91.2539,1.4533,1.7138,2.9062,3.3739,0.0927,1.8784,3.0787,1.2678,1.9926,18.0767,0.4251,3.0000,0.0000,0.0000,0,15.3935,783.6202,725.3753,754.4977,-29.1224,-5.3129,3.3310,774.9762,723.3935
55.839,1,0,heuristic,14.6423,91.3979,1.4576,1.6706,2.9250,3.3685,0.0882,1.8895,3.0787,1.1433,1.9926,17.9666,0.4319,3.0000,0.0000,0.0000,0,15.3935,764.2978,694.5078,729.4028,-34.8950,-5.2167,33.3193,725.7618,722.6103
55.889,1,0,heuristic,14.7163,91.5499,1.4625,1.6209,2.9246,3.3437,0.0783,1.9008,3.0787,1.0136,1.9926,17.8506,0.4383,3.0000,0.0000,0.0000,0,15.3935,749.5169,649.4468,699.4819,-50.0350,-4.7702,33.6238,711.1229,678.3004
55.939,1,0,heuristic,14.7838,91.6921,1.4671,1.5782,2.9321,3.3298,0.0757,1.9114,3.0787,0.8937,1.9926,17.7423,0.4444,3.0000,0.0000,0.0000,0,15.3935,755.1167,650.3346,702.7257,-52.3910,-4.5207,33.7673,716.8287,679.5812
55.989,1,0,heuristic,14.8533,91.8416,1.4705,1.5299,2.9207,3.2971,0.0765,1.9224,3.0787,0.7691,1.9926,17.6286,0.4519,3.0000,0.0000,0.0000,0,15.3935,792.5923,759.7838,776.1880,-16.4043,-3.9316,33.9086,754.7522,789.7608
56.040,1,0,heuristic,14.9170,91.9810,1.4745,1.4890,2.9177,3.2757,0.0762,1.9327,3.0787,0.6540,1.9926,17.5228,0.4582,3.0000,0.0000,0.0000,0,15.3935,687.4966,856.1924,771.8445,84.3479,-3.5456,34.0100,649.9410,886.6568
56.089,1,0,heuristic,14.9824,92.1273,1.4776,1.4430,2.8968,3.2364,0.0703,1.9434,3.0787,0.5344,1.9926,17.4121,0.4658,3.0000,0.0000,0.0000,0,15.3935,672.6426,907.2882,789.9654,117.3228,-2.8379,34.2917,635.5130,938.7420
56.139,1,0,heuristic,15.0425,92.2643,1.4805,1.4045,2.8880,3.2114,0.0668,1.9534,3.0787,0.4235,1.9926,17.3088,0.4729,3.0000,0.0000,0.0000,0,15.3935,562.6548,958.9120,760.7834,198.1286,-2.3894,34.5066,525.7587,991.0292
56.189,1,0,heuristic,15.0425,92.2643,1.4828,1.4045,2.8880,3.2114,0.0785,1.9534,3.0787,0.4235,1.9926,17.3088,0.4706,3.0000,0.0000,0.0000,0,15.3935,500.6509,992.3389,746.4949,245.8440,-2.3894,34.1303,464.1312,1000.0000
56.239,1,0,heuristic,15.1048,92.4090,1.4868,1.3632,2.8672,3.1748,0.0930,1.9640,3.0787,0.3074,1.9926,17.1998,0.4772,3.0000,0.0000,0.0000,0,15.3935,413.3143,989.0295,701.1719,287.8576,-1.7290,33.9200,377.6653,1000.0000
56.289,1,0,heuristic,15.1626,92.5452,1.4895,1.3314,2.8609,3.1555,0.1205,1.9740,3.0787,0.1990,1.9926,17.0976,0.4845,3.0000,0.0000,0.0000,0,15.3935,303.5997,980.6766,642.1382,338.5385,-1.3833,33.4904,268.7260,1000.0000
56.339,1,0,heuristic,15.2233,92.6889,1.4950,1.2986,2.8417,3.1243,0.1608,1.9846,3.0787,0.0847,1.9926,16.9904,0.4896,3.0000,0.0000,0.0000,0,15.3935,226.9994,985.4247,606.2120,379.2126,-0.8216,32.6558,193.5220,1000.0000
56.389,1,0,heuristic,15.2801,92.8236,1.5003,1.2756,2.8344,3.1082,0.1748,1.9946,3.0787,-0.0222,1.9926,16.8906,0.4943,3.0000,0.0000,0.0000,0,15.3935,278.3557,986.3940,632.3749,354.0191,-0.5307,32.3596,245.4654,1000.0000
56.439,1,0,heuristic,15.2801,92.8236,1.5051,1.2756,2.8344,3.1082,0.2127,1.9946,3.0787,-0.0222,1.9926,16.8906,0.4896,3.0000,0.0000,0.0000,0,15.3935,308.8016,985.3875,647.0946,338.2929,-0.5307,31.2919,276.9790,1000.0000
56.489,1,0,heuristic,15.3401,92.9650,1.5144,1.2514,2.8115,3.0774,0.2540,2.0053,3.0787,-0.1349,1.9926,16.7866,0.4909,3.0000,0.0000,0.0000,0,15.3935,253.5440,988.0065,620.7752,367.2312,0.0227,30.2191,223.3476,1000.0000
56.539,1,0,heuristic,15.3966,93.0969,1.5210,1.2364,2.7988,3.0597,0.2930,2.0153,3.0787,-0.2404,1.9926,16.6906,0.4943,3.0000,0.0000,0.0000,0,15.3935,146.8620,991.6635,569.2627,422.4007,0.3419,29.3312,117.8727,1000.0000
56.589,1,0,heuristic,15.4562,93.2358,1.5334,1.2186,2.7734,3.0293,0.3222,2.0259,3.0787,-0.3517,1.9926,16.5903,0.4925,3.0000,0.0000,0.0000,0,15.3935,202.5260,993.0168,597.7714,395.2454,0.8895,28.3403,175.0752,1000.0000
56.639,1,0,heuristic,15.5122,93.3660,1.5447,1.2080,2.7612,3.0138,0.3443,2.0359,3.0787,-0.4561,1.9926,16.4970,0.4912,3.0000,0.0000,0.0000,0,15.3935,105.7482,996.9143,551.3312,445.5831,1.1676,27.5465,79.3693,1000.0000
56.689,1,0,heuristic,15.5122,93.3660,1.5572,1.2080,2.7612,3.0138,0.3825,2.0359,3.0787,-0.4561,1.9926,16.4970,0.4787,3.0000,0.0000,0.0000,0,15.3935,34.1641,979.4478,506.8059,472.6419,1.1676,26.0272,9.3044,1000.0000
56.739,1,0,heuristic,15.6265,93.6313,1.5781,1.1852,2.7229,2.9697,0.4218,2.0565,3.0787,-0.6689,1.9926,16.3092,0.4783,3.0000,0.0000,0.0000,0,15.3935,144.1641,998.0323,571.0982,426.9341,1.9623,24.6685,121.4579,1000.0000
56.789,1,0,heuristic,15.6265,93.6313,1.5857,1.1852,2.7229,2.9697,0.4278,2.0565,3.0787,-0.6689,1.9926,16.3092,0.4708,3.0000,0.0000,0.0000,0,15.3935,79.6191,988.2915,533.9553,454.3362,1.9623,24.1060,57.4754,1000.0000
56.839,1,0,heuristic,15.6849,93.7659,1.6101,1.1726,2.6962,2.9401,0.4755,2.0671,3.0787,-0.7773,1.9926,16.2152,0.4570,3.0000,0.0000,0.0000,0,15.3935,135.1737,993.9399,564.5568,429.3831,2.4943,22.0427,115.6253,1000.0000
56.889,1,0,heuristic,15.7393,93.8917,1.6234,1.1650,2.6810,2.9232,0.5022,2.0770,3.0787,-0.8785,1.9926,16.1280,0.4536,3.0000,0.0000,0.0000,0,15.3935,190.0463,977.6585,583.8524,393.8061,2.7989,21.0484,171.7967,1000.0000
56.939,1,0,heuristic,15.7964,94.0243,1.6466,1.1513,2.6547,2.8936,0.5250,2.0875,3.0787,-0.9848,1.9926,16.0367,0.4410,3.0000,0.0000,0.0000,0,15.3935,101.4139,993.9951,547.7045,446.2906,3.3311,19.5834,85.1615,1000.0000
56.989,1,0,heuristic,15.7964,94.0243,1.6613,1.1513,2.6547,2.8936,0.5365,2.0875,3.0787,-0.9848,1.9926,16.0367,0.4262,3.0000,0.0000,0.0000,0,15.3935,124.5432,978.7395,551.6413,427.0981,3.3311,18.4614,109.4129,1000.0000
57.039,1,0,heuristic,15.8493,94.1487,1.6662,1.1414,2.6423,2.8783,0.5340,2.0972,3.0787,-1.0840,1.9926,15.9514,0.4310,3.0000,0.0000,0.0000,0,15.3935,19.7685,995.5433,507.6559,487.8874,3.6066,18.5815,4.7936,1000.0000
57.089,1,0,heuristic,15.9043,94.2805,1.6920,1.1248,2.6206,2.8518,0.5433,2.1077,3.0787,-1.1881,1.9926,15.8615,0.4156,3.0000,0.0000,0.0000,0,15.3935,-5.3103,995.6143,495.1520,500.4623,4.0841,17.2323,-18.4585,1000.0000
57.139,1,0,heuristic,15.9551,94.4046,1.7188,1.1117,2.6136,2.8402,0.5807,2.1172,3.0787,-1.2853,1.9926,15.7769,0.3983,3.0000,0.0000,0.0000,0,15.3935,104.6897,998.7537,551.7217,447.0320,4.2932,15.1789,93.8040,1000.0000
57.189,1,0,heuristic,15.9551,94.4046,1.7356,1.1117,2.6136,2.8402,0.5910,2.1172,3.0787,-1.2853,1.9926,15.7769,0.3816,3.0000,0.0000,0.0000,0,15.3935,214.6895,993.3838,604.0366,389.3472,4.2932,13.9197,205.0630,1000.0000
57.239,1,0,heuristic,16.0081,94.5360,1.7643,1.0931,2.5965,2.8172,0.6295,2.1274,3.0787,-1.3875,1.9926,15.6877,0.3632,3.0000,0.0000,0.0000,0,15.3935,137.1249,980.1039,558.6144,421.4895,4.7074,11.7326,130.0997,996.5440
57.289,1,0,heuristic,16.0567,94.6599,1.7880,1.0771,2.5934,2.8082,0.6125,2.1367,3.0787,-1.4825,1.9926,15.6037,0.3487,3.0000,0.0000,0.0000,0,15.3935,245.7911,963.7529,604.7720,358.9809,4.8693,10.9680,239.6924,979.5902
57.339,1,0,heuristic,16.1062,94.7924,1.8184,1.0520,2.5841,2.7901,0.6160,2.1466,3.0787,-1.5819,1.9926,15.5134,0.3282,3.0000,0.0000,0.0000,0,15.3935,143.0282,998.2598,570.6440,427.6158,5.1957,9.3524,138.8714,1000.0000
57.389,1,0,heuristic,16.1508,94.9184,1.8368,1.0272,2.5924,2.7885,0.6180,2.1555,3.0787,-1.6742,1.9926,15.4269,0.3187,3.0000,0.0000,0.0000,0,15.3935,153.5514,993.4189,573.4852,419.9337,5.2234,8.4981,150.2767,1000.0000
57.439,1,0,heuristic,16.1955,95.0536,1.8681,0.9938,2.5940,2.7779,0.6470,2.1650,3.0787,-1.7703,1.9926,15.3332,0.2969,3.0000,0.0000,0.0000,0,15.3935,62.4454,991.1753,526.8104,464.3650,5.4149,6.2279,61.6324,1000.0000
57.489,1,0,heuristic,16.2352,95.1825,1.8995,0.9606,2.6122,2.7832,0.6390,2.1733,3.0787,-1.8593,1.9926,15.2432,0.2738,3.0000,0.0000,0.0000,0,15.3935,172.2596,995.5478,583.9037,411.6441,5.3187,4.6229,172.9554,1000.0000
57.539,1,0,heuristic,16.2352,95.1825,1.9250,0.9606,2.6122,2.7832,0.6422,2.1733,3.0787,-1.8593,1.9926,15.2432,0.2483,3.0000,0.0000,0.0000,0,15.3935,281.7401,986.3328,634.0364,352.2964,5.3187,2.7215,284.3372,994.3730
57.589,1,0,heuristic,16.2746,95.3207,1.9508,0.9201,2.6213,2.7781,0.6545,2.1822,3.0787,-1.9519,1.9926,15.1457,0.2314,3.0000,0.0000,0.0000,0,15.3935,334.0180,992.4305,663.2242,329.2063,5.4114,1.0646,338.3648,998.9065
57.639,1,0,heuristic,16.3092,95.4522,1.9835,0.8800,2.6448,2.7874,0.6630,2.1900,3.0787,-2.0372,1.9926,15.0521,0.2066,3.0000,0.0000,0.0000,0,15.3935,344.1862,999.0164,671.6013,327.4151,5.2434,-1.1281,350.5576,1000.0000
57.689,1,0,heuristic,16.3423,95.5934,2.0096,0.8312,2.6593,2.7862,0.6435,2.1984,3.0787,-2.1252,1.9926,14.9501,0.1887,3.0000,0.0000,0.0000,0,15.3935,272.7154,992.0380,632.3767,359.6613,5.2650,-2.2368,280.2171,995.0662
57.739,1,0,heuristic,16.3696,95.7285,2.0358,0.7789,2.6904,2.8008,0.6415,2.2055,3.0787,-2.2055,1.9926,14.8509,0.1697,3.0000,0.0000,0.0000,0,15.3935,203.2274,979.2129,591.2201,387.9928,5.0013,-3.8179,212.0466,980.3963
57.789,1,0,heuristic,16.3941,95.8739,2.0682,0.7173,2.7115,2.8048,0.6255,2.2130,3.0787,-2.2873,1.9926,14.7421,0.1448,3.0000,0.0000,0.0000,0,15.3935,236.8691,991.4959,614.1825,377.3134,4.9302,-5.6063,247.4056,990.8198
57.839,1,0,heuristic,16.4132,96.0125,2.0940,0.6534,2.7465,2.8231,0.6475,2.2193,3.0787,-2.3615,1.9926,14.6367,0.1253,3.0000,0.0000,0.0000,0,15.3935,342.0484,997.6477,669.8480,327.7997,4.6006,-7.7785,354.4274,994.4698
57.889,1,0,heuristic,16.4132,96.0125,2.1198,0.6534,2.7465,2.8231,0.6360,2.2193,3.0787,-2.3615,1.9926,14.6367,0.0995,3.0000,0.0000,0.0000,0,15.3935,430.9306,987.5514,709.2410,278.3104,4.6006,-9.6898,445.2209,982.4621
57.939,1,0,heuristic,16.4293,96.1606,2.1520,0.5847,2.7668,2.8279,0.6490,2.2261,3.0787,-2.4368,1.9926,14.5223,0.0742,3.0000,0.0000,0.0000,0,15.3935,465.8374,996.9430,731.3902,265.5528,4.5148,-12.2269,482.5791,989.2308
57.989,1,0,heuristic,16.4406,96.3011,2.1776,0.5149,2.7989,2.8459,0.6240,2.2318,3.0787,-2.5046,1.9926,14.4122,0.0542,3.0000,0.0000,0.0000,0,15.3935,485.3679,993.1076,739.2378,253.8698,4.1907,-13.5106,503.0692,983.7877
58.039,1,0,heuristic,16.4478,96.4514,2.2092,0.4395,2.8173,2.8514,0.6215,2.2379,3.0787,-2.5727,1.9926,14.2921,0.0286,3.0000,0.0000,0.0000,0,15.3935,487.3308,999.5634,743.4471,256.1163,4.0911,-15.7669,507.1887,987.8876
58.089,1,0,heuristic,16.4497,96.5943,2.2343,0.3598,2.8493,2.8719,0.5948,2.2427,3.0787,-2.6330,1.9926,14.1758,0.0084,3.0000,0.0000,0.0000,0,15.3935,445.3442,998.3371,721.8407,276.4965,3.7227,-17.0459,466.1128,985.0139
58.139,1,0,heuristic,16.4464,96.7471,2.2589,0.2749,2.8671,2.8802,0.5935,2.2478,3.0787,-2.6925,1.9926,14.0487,-0.0111,3.0000,0.0000,0.0000,0,15.3935,496.3950,997.8134,747.1042,250.7092,3.5722,-18.7995,518.7667,982.5861
58.189,1,0,heuristic,16.4382,96.8921,2.2892,0.1859,2.8976,2.9035,0.5747,2.2516,3.0787,-2.7444,1.9926,13.9258,-0.0376,3.0000,0.0000,0.0000,0,15.3935,563.6907,986.8005,775.2456,211.5549,3.1529,-20.7747,587.6183,969.1788
58.239,1,0,heuristic,16.4242,97.0465,2.3189,0.0948,2.9121,2.9137,0.5755,2.2558,3.0787,-2.7948,1.9926,13.7922,-0.0631,3.0000,0.0000,0.0000,0,15.3935,547.5229,995.4304,771.4766,223.9537,2.9705,-23.0505,573.5440,975.3504
58.289,1,0,heuristic,16.4061,97.1925,2.3422,0.0003,2.9381,2.9381,0.5523,2.2588,3.0787,-2.8381,1.9926,13.6634,-0.0834,3.0000,0.0000,0.0000,0,15.3935,579.1065,988.0125,783.5595,204.4530,2.5301,-24.3580,605.9946,966.1846
58.339,1,0,heuristic,16.3812,97.3478,2.3710,-0.0956,2.9477,2.9493,0.5365,2.2620,3.0787,-2.8789,1.9926,13.5235,-0.1090,3.0000,0.0000,0.0000,0,15.3935,587.7493,987.2317,787.4905,199.7412,2.3292,-26.2304,616.3089,963.3306
58.389,1,0,heuristic,16.3525,97.4943,2.3990,-0.1960,2.9686,2.9751,0.5345,2.2641,3.0787,-2.9127,1.9926,13.3888,-0.1349,3.0000,0.0000,0.0000,0,15.3935,696.1143,984.5442,840.3292,144.2149,1.8646,-28.3778,726.3567,958.0309
58.439,1,0,heuristic,16.3525,97.4943,2.4155,-0.1960,2.9686,2.9751,0.5255,2.2641,3.0787,-2.9127,1.9926,13.3888,-0.1515,3.0000,0.0000,0.0000,0,15.3935,791.2920,997.0139,894.1530,102.8609,1.8646,-29.5413,822.6979,969.3372
58.489,1,0,heuristic,16.3163,97.6497,2.4425,-0.2960,2.9725,2.9872,0.5232,2.2663,3.0787,-2.9433,1.9926,13.2428,-0.1762,3.0000,0.0000,0.0000,0,15.3935,794.8486,995.1477,894.9982,100.1496,1.6469,-31.5007,827.9962,965.2940
58.539,1,0,heuristic,16.2769,97.7959,2.4688,-0.4010,2.9873,3.0141,0.4995,2.2674,3.0787,-2.9672,1.9926,13.1024,-0.2013,3.0000,0.0000,0.0000,0,15.3935,759.3718,991.2493,875.3105,115.9388,1.1628,-32.9921,793.5267,959.4200
58.589,1,0,heuristic,16.2287,97.9508,2.4940,-0.5059,2.9856,3.0281,0.4612,2.2686,3.0787,-2.9867,1.9926,12.9501,-0.2254,3.0000,0.0000,0.0000,0,15.3935,790.8338,993.9884,892.4111,101.5773,0.9106,-34.0354,825.7799,960.8636
58.639,1,0,heuristic,16.1775,98.0965,2.5135,-0.6181,2.9953,3.0584,0.4517,2.2686,3.0787,-2.9996,1.9926,12.8035,-0.2449,3.0000,0.0000,0.0000,0,15.3935,755.4292,992.0671,873.7482,118.3190,0.3651,-35.2942,791.0885,957.1381
58.689,1,0,heuristic,16.1171,98.2503,2.5371,-0.7269,2.9879,3.0750,0.4230,2.2687,3.0787,-3.0074,1.9926,12.6449,-0.2684,3.0000,0.0000,0.0000,0,15.3935,855.2194,985.3609,920.2901,65.0708,0.0659,-36.3938,891.6791,949.0329
58.739,1,0,heuristic,16.0549,98.3944,2.5595,-0.8406,2.9907,3.1066,0.4090,2.2677,3.0787,-3.0097,1.9926,12.4931,-0.2918,3.0000,0.0000,0.0000,0,15.3935,871.5312,989.4915,930.5113,58.9802,-0.5026,-37.7496,908.7783,951.2393
58.789,1,0,heuristic,15.9835,98.5460,2.5769,-0.9472,2.9757,3.1228,0.3900,2.2669,3.0787,-3.0066,1.9926,12.3297,-0.3100,3.0000,0.0000,0.0000,0,15.3935,934.4689,992.5289,963.4989,29.0300,-0.7945,-38.5990,972.2735,953.1354
58.839,1,0,heuristic,15.9112,98.6876,2.5937,-1.0588,2.9706,3.1536,0.3760,2.2651,3.0787,-2.9986,1.9926,12.1739,-0.3287,3.0000,0.0000,0.0000,0,15.3935,929.4247,995.2567,962.3407,32.9160,-1.3490,-39.5475,967.6233,954.3602
58.889,1,0,heuristic,15.8292,98.8363,2.6139,-1.1628,2.9482,3.1692,0.3763,2.2633,3.0787,-2.9846,1.9926,12.0064,-0.3506,3.0000,0.0000,0.0000,0,15.3935,955.3600,989.8448,972.6024,17.2424,-1.6292,-40.9818,994.7127,947.2338
58.939,1,0,heuristic,15.7468,98.9748,2.6330,-1.2732,2.9360,3.2002,0.3422,2.2606,3.0787,-2.9662,1.9926,11.8468,-0.3724,3.0000,0.0000,0.0000,0,15.3935,963.1062,995.1936,979.1499,16.0437,-2.1861,-41.6472,1000.0000,951.3602
58.989,1,0,heuristic,15.6543,99.1200,2.6512,-1.3743,2.9073,3.2157,0.3235,2.2579,3.0787,-2.9413,1.9926,11.6756,-0.3933,3.0000,0.0000,0.0000,0,15.3935,957.2439,977.8153,967.5296,10.2857,-2.4664,-42.5367,997.3142,932.8122
59.039,1,0,heuristic,15.5627,99.2551,2.6683,-1.4814,2.8885,3.2462,0.2943,2.2544,3.0787,-2.9129,1.9926,11.5129,-0.4139,3.0000,0.0000,0.0000,0,15.3935,955.0811,989.4393,972.2602,17.1791,-3.0159,-43.1561,995.2213,943.2673
59.089,1,0,heuristic,15.5627,99.2551,2.6781,-1.4814,2.8885,3.2462,0.2843,2.2544,3.0787,-2.9129,1.9926,11.5129,-0.4237,3.0000,0.0000,0.0000,0,15.3935,965.8085,993.7929,979.8007,13.9922,-3.0159,-43.5412,1000.0000,947.2359
59.139,1,0,heuristic,15.4608,99.3963,2.6936,-1.5768,2.8538,3.2605,0.3008,2.2509,3.0787,-2.8778,1.9926,11.3391,-0.4427,3.0000,0.0000,0.0000,0,15.3935,967.7670,989.5155,978.6413,10.8743,-3.2717,-44.9841,1000.0000,941.2598
59.189,1,0,heuristic,15.3610,99.5273,2.7053,-1.6773,2.8291,3.2890,0.2363,2.2467,3.0787,-2.8404,1.9926,11.1744,-0.4586,3.0000,0.0000,0.0000,0,15.3935,962.9935,975.1777,969.0856,6.0921,-3.7847,-44.5244,1000.0000,926.8686
59.239,1,0,heuristic,15.2512,99.6641,2.7192,-1.7643,2.7893,3.3005,0.2353,2.2426,3.0787,-2.7962,1.9926,10.9990,-0.4767,3.0000,0.0000,0.0000,0,15.3935,975.8748,989.4542,982.6645,6.7897,-3.9921,-45.5031,1000.0000,939.9590
59.289,1,0,heuristic,15.1443,99.7909,2.7298,-1.8568,2.7599,3.3263,0.2365,2.2378,3.0787,-2.7506,1.9926,10.8332,-0.4919,3.0000,0.0000,0.0000,0,15.3935,985.3696,951.4194,968.3945,-16.9751,-4.4571,-46.3505,1000.0000,900.6119
59.339,1,0,heuristic,15.0276,99.9231,2.7422,-1.9343,2.7162,3.3345,0.2208,2.2331,3.0787,-2.6982,1.9926,10.6571,-0.5091,3.0000,0.0000,0.0000,0,15.3935,978.4287,848.3213,913.3750,-65.0537,-4.6048,-46.9287,1000.0000,796.7878
59.389,1,0,heuristic,14.9148,100.0454,2.7539,-2.0175,2.6826,3.3566,0.1918,2.2278,3.0787,-2.6453,1.9926,10.4911,-0.5260,3.0000,0.0000,0.0000,0,15.3935,989.3008,844.2876,916.7942,-72.5066,-5.0015,-47.2033,1000.0000,792.0828
59.439,1,0,heuristic,14.7924,100.1726,2.7649,-2.0848,2.6352,3.3601,0.1870,2.2226,3.0787,-2.5857,1.9926,10.3153,-0.5422,3.0000,0.0000,0.0000,0,15.3935,989.7348,892.6318,941.1833,-48.5515,-5.0657,-47.9245,1000.0000,839.6415
59.489,1,0,heuristic,14.6751,100.2898,2.7751,-2.1565,2.5966,3.3753,0.1660,2.2171,3.0787,-2.5267,1.9926,10.1505,-0.5580,3.0000,0.0000,0.0000,0,15.3935,985.9325,844.2475,915.0900,-70.8425,-5.3391,-48.2699,1000.0000,790.6386
59.539,1,0,heuristic,14.6751,100.2898,2.7807,-2.1565,2.5966,3.3753,0.1633,2.2171,3.0787,-2.5267,1.9926,10.1505,-0.5636,3.0000,0.0000,0.0000,0,15.3935,977.6019,904.2302,940.9161,-36.6859,-5.3391,-48.5210,1000.0000,850.3701
59.589,1,0,heuristic,14.4284,100.5228,2.7911,-2.2704,2.5004,3.3774,0.1445,2.2059,3.0787,-2.3970,1.9926,9.8146,-0.5853,3.0000,0.0000,0.0000,0,15.3935,971.7177,811.2166,891.4672,-80.2505,-5.3768,-49.1222,1000.0000,756.7176
59.639,1,0,heuristic,14.2992,100.6384,2.7989,-2.3135,2.4450,3.3660,0.1225,2.2001,3.0787,-2.3264,1.9926,9.6438,-0.5988,3.0000,0.0000,0.0000,0,15.3935,969.7791,715.2058,842.4924,-127.2866,-5.1715,-49.2856,1000.0000,660.7487
59.689,1,0,heuristic,14.1760,100.7449,2.8058,-2.3639,2.3996,3.3684,0.1232,2.1941,3.0787,-2.2577,1.9926,9.4841,-0.6117,3.0000,0.0000,0.0000,0,15.3935,972.2652,743.5596,857.9124,-114.3528,-5.2140,-49.8898,1000.0000,688.4559
59.739,1,0,heuristic,14.0445,100.8549,2.8119,-2.3971,2.3430,3.3520,0.0868,2.1880,3.0787,-2.1827,1.9926,9.3165,-0.6239,3.0000,0.0000,0.0000,0,15.3935,968.0759,655.4370,811.7564,-156.3195,-4.9187,-49.6573,1000.0000,600.8609
59.789,1,0,heuristic,14.0445,100.8549,2.8161,-2.3971,2.3430,3.3520,0.0550,2.1880,3.0787,-2.1827,1.9926,9.3165,-0.6281,3.0000,0.0000,0.0000,0,15.3935,976.2674,588.2367,782.2521,-194.0153,-4.9187,-49.2127,1000.0000,534.1054
59.839,1,0,heuristic,13.9201,100.9558,2.8204,-2.4360,2.2947,3.3467,0.0305,2.1818,3.0787,-2.1105,1.9926,9.1607,-0.6386,3.0000,0.0000,0.0000,0,15.3935,980.2085,537.2880,758.7482,-221.4602,-4.8232,-49.1389,1000.0000,483.3259
59.889,1,0,heuristic,13.7877,101.0598,2.8237,-2.4579,2.2359,3.3227,0.0008,2.1755,3.0787,-2.0323,1.9926,8.9977,-0.6481,3.0000,0.0000,0.0000,0,15.3935,974.6003,516.9643,745.7823,-228.8180,-4.3917,-48.8874,1000.0000,463.6851
59.939,1,0,heuristic,13.6630,101.1550,2.8250,-2.4862,2.1854,3.3101,-0.0055,2.1692,3.0787,-1.9574,1.9926,8.8465,-0.6558,3.0000,0.0000,0.0000,0,15.3935,987.1531,469.9635,728.5583,-258.5948,-4.1655,-49.0326,1000.0000,416.7654
59.989,1,0,heuristic,13.5310,101.2527,2.8262,-2.4965,2.1239,3.2778,-0.0375,2.1628,3.0787,-1.8770,1.9926,8.6892,-0.6633,3.0000,0.0000,0.0000,0,15.3935,977.1104,383.0897,680.1001,-297.0104,-3.5832,-48.6157,1000.0000,330.8908
60.039,1,0,heuristic,13.4071,101.3417,2.8261,-2.5134,2.0699,3.2561,-0.0442,2.1565,3.0787,-1.8004,1.9926,8.5440,-0.6696,3.0000,0.0000,0.0000,0,15.3935,973.3323,390.0352,681.6837,-291.6485,-3.1924,-48.6688,1000.0000,338.1739
60.089,1,0,heuristic,13.4071,101.3417,2.8252,-2.5134,2.0699,3.2561,-0.0880,2.1565,3.0787,-1.8004,1.9926,8.5440,-0.6687,3.0000,0.0000,0.0000,0,15.3935,980.9793,469.2577,725.1185,-255.8608,-3.1924,-47.7036,1000.0000,418.3617
60.139,1,0,heuristic,13.2764,101.4327,2.8226,-2.5135,2.0059,3.2158,-0.1410,2.1500,3.0787,-1.7184,1.9926,8.3934,-0.6726,3.0000,0.0000,0.0000,0,15.3935,988.1945,371.6945,679.9445,-308.2500,-2.4677,-46.6418,1000.0000,322.5850
60.189,1,0,heuristic,13.1541,101.5152,2.8202,-2.5201,1.9487,3.1857,-0.1475,2.1436,3.0787,-1.6407,1.9926,8.2550,-0.6766,3.0000,0.0000,0.0000,0,15.3935,986.8333,362.5290,674.6812,-312.1522,-1.9260,-46.5679,1000.0000,314.0350
60.239,1,0,heuristic,13.0252,101.5996,2.8148,-2.5120,1.8835,3.1397,-0.1683,2.1370,3.0787,-1.5576,1.9926,8.1115,-0.6778,3.0000,0.0000,0.0000,0,15.3935,972.8612,329.3201,651.0907,-321.7706,-1.0978,-46.0377,1000.0000,282.1846
60.289,1,0,heuristic,12.9044,101.6764,2.8108,-2.5130,1.8267,3.1068,-0.1898,2.1304,3.0787,-1.4788,1.9926,7.9792,-0.6804,3.0000,0.0000,0.0000,0,15.3935,988.9098,390.2947,689.6023,-299.3076,-0.5054,-45.5666,1000.0000,344.2227
60.339,1,0,heuristic,12.9044,101.6764,2.8045,-2.5130,1.8267,3.1068,-0.2255,2.1304,3.0787,-1.4788,1.9926,7.9792,-0.6741,3.0000,0.0000,0.0000,0,15.3935,990.8822,319.4094,655.1458,-335.7364,-0.5054,-44.4903,1000.0000,274.4137
60.389,1,0,heuristic,12.7771,101.7548,2.7951,-2.4998,1.7629,3.0589,-0.2558,2.1235,3.0787,-1.3948,1.9926,7.8424,-0.6716,3.0000,0.0000,0.0000,0,15.3935,979.7534,243.8221,611.7878,-367.9657,0.3560,-43.5562,1000.0000,200.6219
60.439,1,0,heuristic,12.6580,101.8261,2.7888,-2.4961,1.7073,3.0242,-0.2682,2.1168,3.0787,-1.3153,1.9926,7.7165,-0.6720,3.0000,0.0000,0.0000,0,15.3935,991.9405,173.5105,582.7255,-409.2150,0.9815,-43.1530,1000.0000,131.3391
60.489,1,0,heuristic,12.5325,101.8991,2.7794,-2.4799,1.6467,2.9768,-0.2925,2.1096,3.0787,-1.2306,1.9926,7.5861,-0.6698,3.0000,0.0000,0.0000,0,15.3935,988.7528,254.8608,621.8068,-366.9460,1.8345,-42.3494,1000.0000,214.3459
60.539,1,0,heuristic,12.4150,101.9655,2.7690,-2.4734,1.5941,2.9426,-0.3320,2.1026,3.0787,-1.1506,1.9926,7.4661,-0.6664,3.0000,0.0000,0.0000,0,15.3935,987.3971,261.6846,624.5409,-362.8562,2.4499,-41.1724,1000.0000,222.9621
60.589,1,0,heuristic,12.2914,102.0333,2.7545,-2.4540,1.5362,2.8951,-0.3455,2.0952,3.0787,-1.0656,1.9926,7.3422,-0.6593,3.0000,0.0000,0.0000,0,15.3935,987.5489,223.9683,605.7586,-381.7903,3.3040,-40.3310,1000.0000,186.9413
60.639,1,0,heuristic,12.1756,102.0952,2.7385,-2.4456,1.4869,2.8621,-0.3880,2.0880,3.0787,-0.9854,1.9926,7.2280,-0.6505,3.0000,0.0000,0.0000,0,15.3935,974.9542,186.3647,580.6594,-394.2948,3.8988,-38.8004,1000.0000,151.4630
60.689,1,0,heuristic,12.1756,102.0952,2.7281,-2.4456,1.4869,2.8621,-0.4045,2.0880,3.0787,-0.9854,1.9926,7.2280,-0.6401,3.0000,0.0000,0.0000,0,15.3935,990.7529,125.1122,557.9325,-432.8204,3.8988,-37.9084,1000.0000,91.1025
60.739,1,0,heuristic,12.0533,102.1589,2.7097,-2.4268,1.4346,2.8192,-0.4085,2.0803,3.0787,-0.8999,1.9926,7.1095,-0.6294,3.0000,0.0000,0.0000,0,15.3935,984.8901,123.6991,554.2946,-430.5955,4.6719,-37.0702,1000.0000,91.3008
60.789,1,0,heuristic,11.9385,102.2173,2.6980,-2.4198,1.3910,2.7911,-0.4525,2.0728,3.0787,-0.8190,1.9926,7.0001,-0.6252,3.0000,0.0000,0.0000,0,15.3935,963.7620,148.3007,556.0314,-407.7307,5.1764,-35.7368,1000.0000,117.7403
60.839,1,0,heuristic,11.8174,102.2774,2.6775,-2.4018,1.3439,2.7523,-0.4808,2.0648,3.0787,-0.7331,1.9926,6.8868,-0.6127,3.0000,0.0000,0.0000,0,15.3935,972.6956,80.6793,526.6875,-446.0082,5.8760,-34.2774,1000.0000,52.2779
60.889,1,0,heuristic,11.7038,102.3325,2.6600,-2.3949,1.3045,2.7272,-0.4810,2.0571,3.0787,-0.6519,1.9926,6.7823,-0.6029,3.0000,0.0000,0.0000,0,15.3935,983.5487,6.0639,494.8063,-488.7424,6.3275,-33.5622,1000.0000,-21.1709
60.939,1,0,heuristic,11.7038,102.3325,2.6417,-2.3949,1.3045,2.7272,-0.5140,2.0571,3.0787,-0.6519,1.9926,6.7823,-0.5846,3.0000,0.0000,0.0000,0,15.3935,985.8423,112.0154,548.9289,-436.9134,6.3275,-31.8887,1000.0000,86.4542
60.989,1,0,heuristic,11.5837,102.3894,2.6177,-2.3779,1.2626,2.6923,-0.5230,2.0489,3.0787,-0.5657,1.9926,6.6738,-0.5688,3.0000,0.0000,0.0000,0,15.3935,986.2716,202.5387,594.4052,-391.8665,6.9559,-30.6360,1000.0000,178.8585
61.039,1,0,heuristic,11.4710,102.4418,2.6027,-2.3717,1.2284,2.6709,-0.5510,2.0409,3.0787,-0.4843,1.9926,6.5737,-0.5618,3.0000,0.0000,0.0000,0,15.3935,980.3358,234.6147,607.4753,-372.8605,7.3401,-29.4689,1000.0000,212.4859
61.089,1,0,heuristic,11.3519,102.4960,2.5767,-2.3553,1.1910,2.6393,-0.5523,2.0325,3.0787,-0.3979,1.9926,6.4700,-0.5442,3.0000,0.0000,0.0000,0,15.3935,971.8103,216.6034,594.2068,-377.6035,7.9096,-28.2666,1000.0000,196.2464
61.139,1,0,heuristic,11.2397,102.5463,2.5552,-2.3519,1.1626,2.6236,-0.5567,2.0244,3.0787,-0.3161,1.9926,6.3737,-0.5308,3.0000,0.0000,0.0000,0,15.3935,986.7379,187.5157,587.1268,-399.6111,8.1926,-27.2322,1000.0000,168.4762
61.189,1,0,heuristic,11.1203,102.5996,2.5278,-2.3408,1.1348,2.6014,-0.5725,2.0157,3.0787,-0.2289,1.9926,6.2726,-0.5121,3.0000,0.0000,0.0000,0,15.3935,976.6853,188.6095,582.6474,-394.0379,8.5911,-25.6388,1000.0000,171.5617
61.239,1,0,heuristic,11.0073,102.6498,2.5054,-2.3432,1.1172,2.5959,-0.5830,2.0074,3.0787,-0.1465,1.9926,6.1780,-0.4980,3.0000,0.0000,0.0000,0,15.3935,983.2048,202.1238,592.6643,-390.5405,8.6904,-24.4175,1000.0000,186.3968
61.289,1,0,heuristic,11.0073,102.6498,2.4826,-2.3432,1.1172,2.5959,-0.5907,2.0074,3.0787,-0.1465,1.9926,6.1780,-0.4753,3.0000,0.0000,0.0000,0,15.3935,986.3876,216.7634,601.5755,-384.8121,8.6904,-22.9551,1000.0000,202.4987
61.339,1,0,heuristic,10.8872,102.7032,2.4538,-2.3368,1.0992,2.5824,-0.6035,1.9985,3.0787,-0.0587,1.9926,6.0786,-0.4553,3.0000,0.0000,0.0000,0,15.3935,974.7905,145.3771,560.0838,-414.7067,8.9333,-21.3045,1000.0000,133.0058
61.389,1,0,heuristic,10.7735,102.7539,2.4305,-2.3429,1.0904,2.5842,-0.6003,1.9901,3.0787,0.0243,1.9926,5.9857,-0.4404,3.0000,0.0000,0.0000,0,15.3935,966.3041,224.6479,595.4760,-370.8281,8.9003,-20.2853,995.4896,213.2630
61.439,1,0,heuristic,10.6524,102.8082,2.4011,-2.3400,1.0814,2.5778,-0.6008,1.9812,3.0787,0.1125,1.9926,5.8876,-0.4200,3.0000,0.0000,0.0000,0,15.3935,984.1515,274.6308,629.3911,-354.7603,9.0157,-18.8303,1000.0000,264.8162
61.489,1,0,heuristic,10.5378,102.8601,2.3773,-2.3495,1.0812,2.5864,-0.6158,1.9727,3.0787,0.1958,1.9926,5.7955,-0.4046,3.0000,0.0000,0.0000,0,15.3935,985.1434,236.0873,610.6153,-374.5281,8.8615,-17.3704,1000.0000,227.5784
61.539,1,0,heuristic,10.4157,102.9161,2.3534,-2.3493,1.0803,2.5858,-0.6152,1.9638,3.0787,0.2843,1.9926,5.6983,-0.3896,3.0000,0.0000,0.0000,0,15.3935,971.6458,290.1179,630.8818,-340.7640,8.8722,-16.2317,996.7497,282.7583
61.589,1,0,heuristic,10.3000,102.9702,2.3231,-2.3617,1.0897,2.6010,-0.6008,1.9554,3.0787,0.3677,1.9926,5.6065,-0.3677,3.0000,0.0000,0.0000,0,15.3935,986.8133,303.3809,645.0971,-341.7162,8.5987,-14.9528,1000.0000,297.0268
61.639,1,0,heuristic,10.1766,103.0293,2.2930,-2.3641,1.0991,2.6071,-0.6005,1.9466,3.0787,0.4562,1.9926,5.5089,-0.3464,3.0000,0.0000,0.0000,0,15.3935,978.1876,242.4324,610.3100,-367.8776,8.4892,-13.3693,1000.0000,237.5524
61.689,1,0,heuristic,10.0597,103.0868,2.2688,-2.3781,1.1189,2.6281,-0.6070,1.9384,3.0787,0.5392,1.9926,5.4166,-0.3304,3.0000,0.0000,0.0000,0,15.3935,982.4773,250.9318,616.7046,-365.7728,8.1103,-11.9765,1000.0000,247.0656
61.739,1,0,heuristic,10.0597,103.0868,2.2446,-2.3781,1.1189,2.6281,-0.6048,1.9384,3.0787,0.5392,1.9926,5.4166,-0.3062,3.0000,0.0000,0.0000,0,15.3935,985.9933,320.3151,653.1542,-332.8391,8.1103,-10.3956,1000.0000,318.0297
61.789,1,0,heuristic,9.8179,103.2115,2.2083,-2.3941,1.1667,2.6633,-0.6292,1.9218,3.0787,0.7088,1.9926,5.2252,-0.2865,3.0000,0.0000,0.0000,0,15.3935,973.7931,307.0527,640.4229,-333.3702,7.4776,-8.1180,989.3887,306.4122
61.839,1,0,heuristic,9.8179,103.2115,2.1841,-2.3941,1.1667,2.6633,-0.5835,1.9218,3.0787,0.7088,1.9926,5.2252,-0.2623,3.0000,0.0000,0.0000,0,15.3935,973.3320,377.5770,675.4545,-297.8775,7.4776,-7.3652,988.1747,377.6894
61.889,1,0,heuristic,9.6932,103.2790,2.1538,-2.3948,1.1930,2.6756,-0.6240,1.9133,3.0787,0.7950,1.9926,5.1263,-0.2404,3.0000,0.0000,0.0000,0,15.3935,985.0042,324.5439,654.7741,-330.2301,7.2566,-4.7208,996.9816,327.0798
61.940,1,0,heuristic,9.5757,103.3450,2.1357,-2.4054,1.2295,2.7014,-0.5827,1.9057,3.0787,0.8751,1.9926,5.0326,-0.2300,3.0000,0.0000,0.0000,0,15.3935,967.6523,427.0819,697.3671,-270.2852,6.7912,-4.6306,979.0741,429.2425
61.989,1,0,heuristic,9.4513,103.4179,2.1056,-2.4029,1.2639,2.7150,-0.6110,1.8977,3.0372,0.9588,1.9926,4.9326,-0.2080,3.0000,0.0000,0.0000,0,15.3935,987.9217,420.3543,704.1380,-283.7837,5.7988,-2.1838,995.9043,423.9693
62.039,1,0,heuristic,9.3343,103.4892,2.0817,-2.4098,1.3083,2.7421,-0.5667,1.8904,2.9789,1.0364,1.9926,4.8378,-0.1913,3.0000,0.0000,0.0000,0,15.3935,991.9259,425.1177,708.5218,-283.4041,4.2616,-1.6545,997.8420,427.7248
62.089,1,0,heuristic,9.2106,103.5680,2.0522,-2.4034,1.3498,2.7566,-0.5695,1.8828,2.9165,1.1169,1.9926,4.7366,-0.1694,3.0000,0.0000,0.0000,0,15.3935,977.0549,418.3311,697.6930,-279.3619,2.8788,0.3055,979.6282,421.5154
62.139,1,0,heuristic,9.0946,103.6454,2.0287,-2.4061,1.4024,2.7850,-0.6152,1.8761,2.8572,1.1911,1.9926,4.6404,-0.1526,3.0000,0.0000,0.0000,0,15.3935,986.9728,374.5172,680.7450,-306.2278,1.3007,2.7696,985.5040,378.5874
62.189,1,0,heuristic,8.9723,103.7310,1.9939,-2.3955,1.4510,2.8007,-0.5510,1.8689,2.7939,1.2677,1.9926,4.5374,-0.1249,3.0000,0.0000,0.0000,0,15.3935,978.7286,393.5274,686.1280,-292.6006,-0.1227,3.8501,974.7558,397.2548
62.239,1,0,heuristic,8.8578,103.8147,1.9709,-2.3932,1.5096,2.8295,-0.5843,1.8627,2.7338,1.3378,1.9926,4.4399,-0.1082,3.0000,0.0000,0.0000,0,15.3935,992.3057,427.8066,710.0562,-282.2495,-1.7231,6.0906,984.4919,432.1741
62.289,1,0,heuristic,8.7376,103.9067,1.9423,-2.3771,1.5613,2.8440,-0.5228,1.8561,2.6699,1.4099,1.9926,4.3360,-0.0862,3.0000,0.0000,0.0000,0,15.3935,989.1172,448.8425,718.9799,-270.1373,-3.1338,6.7986,979.1848,452.5073
62.339,1,0,heuristic,8.6254,103.9962,1.9141,-2.3689,1.6220,2.8709,-0.5300,1.8504,2.6095,1.4755,1.9926,4.2380,-0.0638,3.0000,0.0000,0.0000,0,15.3935,969.4371,360.5294,664.9833,-304.4539,-4.7055,9.0065,955.7251,364.8304
62.389,1,0,heuristic,8.6254,103.9962,1.8917,-2.3689,1.6220,2.8709,-0.5803,1.8504,2.6095,1.4755,1.9926,4.2380,-0.0413,3.0000,0.0000,0.0000,0,15.3935,993.8165,370.6462,682.2313,-311.5852,-4.7055,12.0034,977.1076,377.9441
62.439,1,0,heuristic,8.5080,104.0945,1.8637,-2.3468,1.6756,2.8836,-0.5917,1.8443,2.5453,1.5425,1.9926,4.1337,-0.0194,3.0000,0.0000,0.0000,0,15.3935,988.6618,363.7458,676.2038,-312.4580,-6.0904,14.2786,968.2928,371.9340
62.489,1,0,heuristic,8.3988,104.1901,1.8416,-2.3324,1.7389,2.9093,-0.5050,1.8391,2.4846,1.6029,1.9926,4.0352,-0.0025,3.0000,0.0000,0.0000,0,15.3935,996.4754,461.6067,729.0410,-267.4343,-7.6437,14.0504,974.7813,468.0134
62.539,1,0,heuristic,8.2849,104.2943,1.8141,-2.3042,1.7920,2.9190,-0.5090,1.8336,2.4205,1.6642,1.9926,3.9311,0.0194,3.0000,0.0000,0.0000,0,15.3935,988.3120,541.0900,764.7010,-223.6110,-8.9722,16.1655,963.1744,548.2833
62.589,1,0,heuristic,8.1792,104.3950,1.7812,-2.2835,1.8530,2.9407,-0.4933,1.8289,2.3605,1.7194,1.9926,3.8335,0.0477,3.0000,0.0000,0.0000,0,15.3935,984.9433,606.9121,795.9277,-189.0156,-10.4446,18.3963,956.1024,614.8638
62.639,1,0,heuristic,8.0693,104.5045,1.7593,-2.2496,1.9037,2.9470,-0.6015,1.8239,2.2971,1.7749,1.9926,3.7306,0.0646,3.0000,0.0000,0.0000,0,15.3935,951.3019,523.4770,737.3895,-213.9125,-11.6988,22.2240,917.3791,534.0022
62.689,1,0,heuristic,7.9678,104.6106,1.7268,-2.2226,1.9652,2.9669,-0.4720,1.8198,2.2376,1.8240,1.9926,3.6339,0.0929,3.0000,0.0000,0.0000,0,15.3935,973.3490,442.6980,708.0235,-265.3255,-13.1273,22.0145,938.2073,451.5852
62.739,1,0,heuristic,7.8627,104.7267,1.7056,-2.1824,2.0186,2.9729,-0.5827,1.8154,2.1744,1.8724,1.9926,3.5313,0.1098,3.0000,0.0000,0.0000,0,15.3935,963.2028,441.5491,702.3760,-260.8269,-14.3730,25.8508,922.9791,453.0269
62.789,1,0,heuristic,7.7661,104.8393,1.6794,-2.1483,2.0839,2.9930,-0.4580,1.8120,2.1150,1.9144,1.9926,3.4348,0.1326,3.0000,0.0000,0.0000,0,15.3935,888.7485,511.8574,700.3030,-188.4456,-15.8041,25.1931,847.7514,521.2465
62.839,1,0,heuristic,7.6665,104.9613,1.6538,-2.1018,2.1366,2.9971,-0.4532,1.8084,2.0525,1.9554,1.9926,3.3334,0.1545,3.0000,0.0000,0.0000,0,15.3935,971.6138,453.1851,712.3995,-259.2143,-17.0026,26.9497,927.6614,463.1322
62.889,1,0,heuristic,7.5751,105.0784,1.6335,-2.0620,2.1971,3.0132,-0.5807,1.8055,1.9946,1.9908,1.9926,3.2394,0.1720,3.0000,0.0000,0.0000,0,15.3935,985.0641,432.4876,708.7759,-276.2883,-18.3343,31.0834,935.6463,445.2367
62.939,1,0,heuristic,7.4813,105.2048,1.6035,-2.0106,2.2436,3.0127,-0.4062,1.8024,1.9342,2.0247,1.9926,3.1413,0.1989,3.0000,0.0000,0.0000,0,15.3935,920.6704,426.4791,673.5748,-247.0957,-19.4119,29.5776,871.6809,436.6448
62.989,1,0,heuristic,7.3957,105.3257,1.5788,-1.9652,2.2990,3.0244,-0.5550,1.8001,1.8785,2.0533,1.9926,3.0507,0.2213,3.0000,0.0000,0.0000,0,15.3935,881.6907,504.9308,693.3108,-188.3799,-20.6275,34.4528,826.6104,518.7561
63.039,1,0,heuristic,7.3079,105.4562,1.5593,-1.9098,2.3410,3.0212,-0.4148,1.7976,1.8205,2.0800,1.9926,2.9567,0.2383,3.0000,0.0000,0.0000,0,15.3935,971.4581,510.8904,741.1743,-230.2839,-21.6122,32.8187,917.0273,522.0969
63.089,1,0,heuristic,7.2279,105.5809,1.5301,-1.8610,2.3922,3.0309,-0.5605,0.9615,3.3782,-0.8100,0.8849,19.6612,-0.5686,3.0000,0.0000,0.0000,0,16.8908,910.1155,557.1048,733.6102,-176.5054,6.2512,-7.1813,923.5481,556.1747
63.139,1,0,heuristic,7.1463,105.7147,1.5110,-1.8025,2.4285,3.0244,-0.3977,0.9476,3.3782,-0.6622,0.8849,19.6038,-0.5634,3.0000,0.0000,0.0000,0,16.8908,860.5442,542.5295,701.5368,-159.0073,6.3680,-33.2028,900.1150,515.6947
63.189,1,0,heuristic,7.0726,105.8426,1.4873,-1.7494,2.4755,3.0313,-0.4032,0.9345,3.3782,-0.5241,0.8849,19.5475,-0.5528,3.0000,0.0000,0.0000,0,16.8908,750.5442,432.5295,591.5368,-159.0073,6.2437,-32.1765,788.9644,406.5967
63.239,1,0,heuristic,6.9977,105.9804,1.4685,-1.6873,2.5105,3.0248,-0.5393,0.9208,3.3782,-0.3789,0.8849,19.4849,-0.5477,3.0000,0.0000,0.0000,0,16.8908,640.5442,339.0103,489.7773,-150.7669,6.3601,-28.6875,675.5918,316.6829
63.289,1,0,heuristic,6.9304,106.1121,1.4407,-1.6306,2.5572,3.0328,-0.5503,0.9079,3.3782,-0.2433,0.8849,19.4235,-0.5328,3.0000,0.0000,0.0000,0,16.8908,750.3480,249.4046,499.8763,-250.4717,6.2160,-27.2967,783.8607,228.3239
63.339,1,0,heuristic,6.8622,106.2528,1.4223,-1.5666,2.5869,3.0243,-0.3857,0.8945,3.3782,-0.1015,0.8849,19.3565,-0.5278,3.0000,0.0000,0.0000,0,16.8908,860.2136,139.4090,499.8113,-360.4023,6.3696,-30.1241,896.7073,115.6545
63.389,1,0,heuristic,6.8008,106.3850,1.3951,-1.5090,2.6204,3.0238,-0.5232,0.8820,3.3782,0.0298,0.8849,19.2928,-0.5130,3.0000,0.0000,0.0000,0,16.8908,839.7885,164.7369,502.2627,-337.5258,6.3781,-26.0811,872.2477,145.0339
63.439,1,0,heuristic,6.7386,106.5244,1.3814,-1.4467,2.6327,3.0040,-0.5615,0.8690,3.3782,0.1663,0.8849,19.2250,-0.5123,3.0000,0.0000,0.0000,0,16.8908,729.9675,212.0867,471.0271,-258.9404,6.7348,-24.8977,761.6000,193.9238
63.489,1,0,heuristic,6.6821,106.6553,1.3585,-1.3928,2.6514,2.9950,-0.5750,0.8570,3.3782,0.2929,0.8849,19.1611,-0.5015,3.0000,0.0000,0.0000,0,16.8908,730.5598,126.7542,428.6570,-301.9028,6.8974,-23.6909,761.1480,109.9607
63.539,1,0,heuristic,6.6245,106.7936,1.3301,-1.3355,2.6530,2.9702,-0.5853,0.8442,3.3782,0.4250,0.8849,19.0930,-0.4858,3.0000,0.0000,0.0000,0,16.8908,797.1753,35.1190,416.1471,-381.0281,7.3429,-22.2551,826.7732,20.2068
63.589,1,0,heuristic,6.5727,106.9232,1.3106,-1.2844,2.6625,2.9562,-0.4283,0.8325,3.3782,0.5472,0.8849,19.0287,-0.4781,3.0000,0.0000,0.0000,0,16.8908,906.5433,125.2204,515.8819,-390.6615,7.5958,-24.8126,938.9518,108.0035
63.639,1,0,heuristic,6.5727,106.9232,1.2957,-1.2844,2.6625,2.9562,-0.4188,0.8325,3.3782,0.5472,0.8849,19.0287,-0.4633,3.0000,0.0000,0.0000,0,16.8908,995.7573,140.8419,568.2996,-427.4577,7.5958,-24.1502,1000.0000,124.2875
63.689,1,0,heuristic,6.5201,107.0595,1.2756,-1.2299,2.6540,2.9251,-0.6305,0.8200,3.3782,0.6742,0.8849,18.9607,-0.4555,3.0000,0.0000,0.0000,0,16.8908,994.1725,33.2930,513.7327,-480.4397,8.1542,-18.9468,1000.0000,22.5005
63.739,1,0,heuristic,6.4725,107.1870,1.2602,-1.1823,2.6547,2.9061,-0.4542,0.8086,3.3782,0.7919,0.8849,18.8967,-0.4516,3.0000,0.0000,0.0000,0,16.8908,980.8316,-29.9005,475.4656,-505.3660,8.4970,-22.1425,1000.0000,-43.5460
63.789,1,0,heuristic,6.4725,107.1870,1.2391,-1.1823,2.6547,2.9061,-0.6708,0.8086,3.3782,0.7919,0.8849,18.8967,-0.4305,3.0000,0.0000,0.0000,0,16.8908,973.7112,-28.9571,472.3771,-501.3342,8.4970,-16.3437,998.5519,-36.8038
63.839,1,0,heuristic,6.3815,107.4501,1.2063,-1.0836,2.6477,2.8609,-0.7063,0.7852,3.3782,1.0290,0.8849,18.7624,-0.4211,3.0000,0.0000,0.0000,0,16.8908,970.6510,61.5779,516.1145,-454.5365,9.3109,-14.4858,994.4476,56.4031
63.889,1,0,heuristic,6.3815,107.4501,1.1949,-1.0836,2.6477,2.8609,-0.7085,0.7852,3.3782,1.0290,0.8849,18.7624,-0.4097,3.0000,0.0000,0.0000,0,16.8908,983.5843,161.2754,572.4299,-411.1544,9.3109,-13.7500,1000.0000,156.8364
63.939,1,0,heuristic,6.3382,107.5856,1.1598,-1.0332,2.6390,2.8341,-0.7320,0.7733,3.3782,1.1482,0.8849,18.6921,-0.3865,3.0000,0.0000,0.0000,0,16.8908,980.6423,189.5917,585.1170,-395.5253,9.7935,-11.5576,1000.0000,187.8276
63.989,1,0,heuristic,6.2996,107.7136,1.1477,-0.9875,2.6448,2.8231,-0.7303,0.7624,3.3782,1.2592,0.8849,18.6248,-0.3853,3.0000,0.0000,0.0000,0,16.8908,990.0847,148.7132,569.3989,-420.6858,9.9903,-11.2811,1000.0000,147.4224
64.039,1,0,heuristic,6.2996,107.7136,1.1231,-0.9875,2.6448,2.8231,-0.5440,0.7624,3.3782,1.2592,0.8849,18.6248,-0.3606,3.0000,0.0000,0.0000,0,16.8908,995.1686,228.7003,611.9345,-383.2342,9.9903,-13.6323,1000.0000,225.0583
64.089,1,0,heuristic,6.2618,107.8507,1.0980,-0.9353,2.6429,2.8035,-0.7422,0.7509,3.3782,1.3752,0.8849,18.5511,-0.3471,3.0000,0.0000,0.0000,0,16.8908,959.3976,222.0324,590.7150,-368.6826,10.3435,-8.3518,978.0929,224.0241
64.139,1,0,heuristic,6.2298,107.9813,1.0726,-0.8818,2.6586,2.8011,-0.5567,0.7405,3.3782,1.4828,0.8849,18.4788,-0.3321,3.0000,0.0000,0.0000,0,16.8908,997.4290,157.4489,577.4389,-419.9901,10.3878,-11.0437,1000.0000,156.7930
64.189,1,0,heuristic,6.2000,108.1216,1.0469,-0.8199,2.6666,2.7898,-0.7630,0.7295,3.3782,1.5947,0.8849,18.3988,-0.3173,3.0000,0.0000,0.0000,0,16.8908,987.2086,235.5107,611.3596,-375.8490,10.5904,-5.5123,1000.0000,240.5888
64.239,1,0,heuristic,6.1762,108.2555,1.0211,-0.7552,2.6912,2.7951,-0.5573,0.7198,3.3782,1.6979,0.8849,18.3199,-0.3013,3.0000,0.0000,0.0000,0,16.8908,996.9920,336.7075,666.8497,-330.1422,10.4948,-8.5458,1000.0000,338.6565
64.289,1,0,heuristic,6.1556,108.3992,0.9885,-0.6833,2.7055,2.7904,-0.7640,0.7095,3.3782,1.8048,0.8849,18.2324,-0.2790,3.0000,0.0000,0.0000,0,16.8908,994.5190,318.6730,656.5960,-337.9230,10.5786,-2.4635,1000.0000,326.7881
64.339,1,0,heuristic,6.1408,108.5361,0.9559,-0.6084,2.7351,2.8019,-0.7558,0.7005,3.3782,1.9031,0.8849,18.1463,-0.2555,3.0000,0.0000,0.0000,0,16.8908,978.4938,231.9157,605.2047,-373.2891,10.3718,-0.7876,989.6533,241.4999
64.389,1,0,heuristic,6.1408,108.5361,0.9429,-0.6084,2.7351,2.8019,-0.7568,0.7005,3.3782,1.9031,0.8849,18.1463,-0.2424,3.0000,0.0000,0.0000,0,16.8908,995.0627,191.3495,593.2061,-401.8566,10.3718,0.1860,1000.0000,201.9073
64.439,1,0,heuristic,6.1305,108.6833,0.9102,-0.5261,2.7540,2.8038,-0.5425,0.6909,3.3782,2.0042,0.8849,18.0505,-0.2193,3.0000,0.0000,0.0000,0,16.8908,996.7563,301.1665,648.9614,-347.7949,10.3391,-2.4200,1000.0000,309.0856
64.489,1,0,heuristic,6.1258,108.8233,0.8908,-0.4408,2.7865,2.8211,-0.7500,0.6827,3.3782,2.0966,0.8849,17.9564,-0.2080,3.0000,0.0000,0.0000,0,16.8908,995.9124,368.4997,682.2061,-313.7064,10.0261,2.9395,1000.0000,381.4653
64.539,1,0,heuristic,6.1257,108.9728,0.8518,-0.3528,2.8042,2.8263,-0.7532,0.6740,3.3782,2.1913,0.8849,17.8529,-0.1778,3.0000,0.0000,0.0000,0,16.8908,993.3199,406.0732,699.6965,-293.6233,9.9332,5.5054,997.7477,421.5118
64.589,1,0,heuristic,6.1305,109.1144,0.8258,-0.2623,2.8337,2.8458,-0.5520,0.6666,3.3782,2.2773,0.8849,17.7519,-0.1592,3.0000,0.0000,0.0000,0,16.8908,995.3520,339.6213,667.4866,-327.8653,9.5820,2.8857,1000.0000,352.0890
64.639,1,0,heuristic,6.1305,109.1144,0.8063,-0.2623,2.8337,2.8458,-0.5475,0.6666,3.3782,2.2773,0.8849,17.7519,-0.1397,3.0000,0.0000,0.0000,0,16.8908,999.0002,353.3928,676.1965,-322.8037,9.5820,4.3709,1000.0000,367.3458
64.689,1,0,heuristic,6.1413,109.2655,0.7678,-0.1681,2.8480,2.8530,-0.7390,0.6588,3.3782,2.3646,0.8849,17.6407,-0.1090,3.0000,0.0000,0.0000,0,16.8908,997.3495,350.2897,673.8196,-323.5299,9.4527,11.0613,995.7410,370.8037
64.739,1,0,heuristic,6.1568,109.4083,0.7488,-0.0700,2.8735,2.8744,-0.7228,0.6522,3.3782,2.4431,0.8849,17.5322,-0.0966,3.0000,0.0000,0.0000,0,16.8908,993.0748,434.4260,713.7504,-279.3244,9.0677,11.8738,990.2688,455.3675
64.789,1,0,heuristic,6.1787,109.5599,0.7171,0.0282,2.8816,2.8817,-0.7175,0.6452,3.3782,2.5221,0.8849,17.4137,-0.0719,3.0000,0.0000,0.0000,0,16.8908,968.9371,544.3513,756.6442,-212.2929,8.9358,13.9739,963.8989,567.2610
64.839,1,0,heuristic,6.2042,109.7024,0.6922,0.1286,2.8991,2.9020,-0.5270,0.6395,3.3782,2.5927,0.8849,17.2990,-0.0527,3.0000,0.0000,0.0000,0,16.8908,995.9922,500.1355,748.0639,-247.9283,8.5712,11.7201,992.8433,520.4268
64.890,1,0,heuristic,6.2367,109.8531,0.6611,0.2279,2.8991,2.9080,-0.4985,0.6333,3.3782,2.6631,0.8849,17.1741,-0.0278,3.0000,0.0000,0.0000,0,16.8908,997.3404,557.7887,777.5646,-219.7759,8.4622,13.3663,992.4364,579.6172
64.939,1,0,heuristic,6.2727,109.9947,0.6367,0.3325,2.9093,2.9282,-0.6835,0.6284,3.3782,2.7249,0.8849,17.0531,-0.0082,3.0000,0.0000,0.0000,0,16.8908,987.1798,565.2939,776.2368,-210.9430,8.0986,19.0360,976.2424,592.4285
64.989,1,0,heuristic,6.2727,109.9947,0.6126,0.3325,2.9093,2.9282,-0.4785,0.6284,3.3782,2.7249,0.8849,17.0531,0.0158,3.0000,0.0000,0.0000,0,16.8908,994.4614,606.3565,800.4089,-194.0525,8.0986,16.8306,985.7294,631.2857
65.039,1,0,heuristic,6.3169,110.1444,0.5890,0.4360,2.9029,2.9355,-0.6805,0.6232,3.3782,2.7854,0.8849,16.9210,0.0343,3.0000,0.0000,0.0000,0,16.8908,989.1318,576.0208,782.5763,-206.5555,7.9681,22.7524,974.3475,606.7413
65.089,1,0,heuristic,6.3641,110.2848,0.5773,0.5452,2.9074,2.9580,-0.4473,0.6194,3.3782,2.8379,0.8849,16.7932,0.0420,3.0000,0.0000,0.0000,0,16.8908,996.4576,646.7986,821.6281,-174.8295,7.5620,18.5901,985.4295,672.9506
65.139,1,0,heuristic,6.3641,110.2848,0.5658,0.5452,2.9074,2.9580,-0.4617,0.6194,3.3782,2.8379,0.8849,16.7932,0.0536,3.0000,0.0000,0.0000,0,16.8908,993.5527,654.6298,824.0912,-169.4615,7.5620,19.8931,981.2216,682.0849
65.189,1,0,heuristic,6.4201,110.4329,0.5374,0.6519,2.8955,2.9680,-0.6375,0.6152,3.3782,2.8883,0.8849,16.6539,0.0778,3.0000,0.0000,0.0000,0,16.8908,992.3028,661.0768,826.6898,-165.6130,7.3826,25.7278,973.9576,694.1872
65.239,1,0,heuristic,6.4786,110.5716,0.5208,0.7650,2.8944,2.9938,-0.4565,0.6124,3.3782,2.9309,0.8849,16.5193,0.0916,3.0000,0.0000,0.0000,0,16.8908,992.5672,644.5071,818.5371,-174.0300,6.9190,23.1426,976.3435,674.5687
65.289,1,0,heuristic,6.4786,110.5716,0.4991,0.7650,2.8944,2.9938,-0.6145,0.6124,3.3782,2.9309,0.8849,16.5193,0.1133,3.0000,0.0000,0.0000,0,16.8908,990.7409,717.5492,854.1451,-136.5958,6.9190,28.2913,969.3686,752.7595
65.339,1,0,heuristic,6.5468,110.7176,0.4675,0.8745,2.8771,3.0071,-0.6122,0.6094,3.3782,2.9706,0.8849,16.3727,0.1420,3.0000,0.0000,0.0000,0,16.8908,993.0910,727.6700,860.3805,-132.7105,6.6795,30.6522,969.1184,765.0017
65.389,1,0,heuristic,6.6167,110.8540,0.4470,0.9909,2.8698,3.0361,-0.3855,0.6077,3.3782,3.0029,0.8849,16.2314,0.1607,3.0000,0.0000,0.0000,0,16.8908,993.0636,750.9741,872.0189,-121.0447,6.1570,27.4411,971.7796,784.5722
65.439,1,0,heuristic,6.6969,110.9970,0.4270,1.1010,2.8460,3.0515,-0.5720,0.6057,3.3782,3.0314,0.8849,16.0781,0.1788,3.0000,0.0000,0.0000,0,16.8908,994.4539,776.9628,885.7083,-108.7455,5.8794,32.8227,967.5106,815.6648
65.489,1,0,heuristic,6.7779,111.1301,0.4075,1.2184,2.8315,3.0825,-0.3648,0.6050,3.3782,3.0531,0.8849,15.9307,0.1975,3.0000,0.0000,0.0000,0,16.8908,993.6129,777.4797,885.5463,-108.0666,5.3222,29.9549,968.9802,812.7569
65.539,1,0,heuristic,6.8697,111.2693,0.3886,1.3279,2.8003,3.0992,-0.5560,0.6042,3.3782,3.0701,0.8849,15.7713,0.2156,3.0000,0.0000,0.0000,0,16.8908,992.0027,828.0788,910.0408,-81.9620,5.0206,35.3708,961.6525,868.4702
65.589,1,0,heuristic,6.9614,111.3983,0.3656,1.4442,2.7781,3.1311,-0.5102,0.6044,3.3782,3.0810,0.8849,15.6185,0.2388,3.0000,0.0000,0.0000,0,16.8908,991.1517,844.9321,918.0419,-73.1098,4.4468,36.1609,959.4376,885.5398
65.639,1,0,heuristic,7.0639,111.5328,0.3436,1.5497,2.7398,3.1477,-0.5298,0.6045,3.3782,3.0868,0.8849,15.4540,0.2609,3.0000,0.0000,0.0000,0,16.8908,988.1729,847.5887,917.8808,-70.2921,4.1483,38.1858,954.1355,889.9227
65.689,1,0,heuristic,7.1652,111.6572,0.3265,1.6616,2.7100,3.1788,-0.3013,0.6056,3.3782,3.0872,0.8849,15.2970,0.2791,3.0000,0.0000,0.0000,0,16.8908,978.7545,899.2336,938.9941,-39.7605,3.5886,34.6811,947.6621,937.5032
65.739,1,0,heuristic,7.2773,111.7863,0.3059,1.7608,2.6646,3.1938,-0.4885,0.6066,3.3782,3.0822,0.8849,15.1286,0.3007,3.0000,0.0000,0.0000,0,16.8908,990.4413,923.1161,956.7787,-33.6626,3.3179,40.1100,953.6492,966.5440
65.789,1,0,heuristic,7.3871,111.9054,0.2863,1.8660,2.6278,3.2229,-0.4708,0.6085,3.3782,3.0727,0.8849,14.9684,0.3223,3.0000,0.0000,0.0000,0,16.8908,993.5333,913.5175,953.5254,-40.0079,2.7944,41.1872,955.1406,957.4991
65.839,1,0,heuristic,7.3871,111.9054,0.2711,1.8660,2.6278,3.2229,-0.2378,0.6085,3.3782,3.0727,0.8849,14.9684,0.3374,3.0000,0.0000,0.0000,0,16.8908,991.4166,900.5292,945.9729,-45.4437,2.7944,37.2989,956.9121,940.6226
65.889,1,0,heuristic,7.5079,112.0286,0.2531,1.9572,2.5763,3.2354,-0.2278,0.6103,3.3782,3.0573,0.8849,14.7971,0.3572,3.0000,0.0000,0.0000,0,16.8908,992.8206,968.3967,980.6087,-12.2120,2.5691,38.3649,957.0249,1000.0000
65.939,1,0,heuristic,7.6254,112.1420,0.2392,2.0556,2.5333,3.2624,-0.4420,0.6129,3.3782,3.0382,0.8849,14.6344,0.3737,3.0000,0.0000,0.0000,0,16.8908,993.8322,971.8769,982.8545,-10.9776,2.0839,43.8989,952.0172,1000.0000
65.989,1,0,heuristic,7.7539,112.2591,0.2228,2.1387,2.4769,3.2725,-0.4123,0.6154,3.3782,3.0129,0.8849,14.4610,0.3926,3.0000,0.0000,0.0000,0,16.8908,990.0011,940.6221,965.3116,-24.6895,1.9021,44.4343,947.4689,986.9585
66.039,1,0,heuristic,7.8782,112.3664,0.2102,2.2289,2.4290,3.2967,-0.1905,0.6186,3.3782,2.9847,0.8849,14.2968,0.4085,3.0000,0.0000,0.0000,0,16.8908,989.5696,965.3630,977.4663,-12.1033,1.4666,40.7247,950.3114,1000.0000
66.089,1,0,heuristic,8.0136,112.4771,0.1951,2.3039,2.3686,3.3043,-0.3790,0.6219,3.3782,2.9500,0.8849,14.1220,0.4268,3.0000,0.0000,0.0000,0,16.8908,997.5018,982.6332,990.0675,-7.4343,1.3289,45.7547,953.0759,1000.0000
66.139,1,0,heuristic,8.1442,112.5783,0.1865,2.3871,2.3169,3.3266,-0.1492,0.6257,3.3782,2.9131,0.8849,13.9568,0.4392,3.0000,0.0000,0.0000,0,16.8908,911.2678,986.1884,948.7281,37.4603,0.9279,41.6366,870.5591,1000.0000
66.189,1,0,heuristic,8.2857,112.6825,0.1727,2.4541,2.2541,3.3322,-0.3505,0.6296,3.3782,2.8695,0.8849,13.7812,0.4569,3.0000,0.0000,0.0000,0,16.8908,980.9842,978.7147,979.8495,-1.1347,0.8276,46.8592,934.9527,1000.0000
66.239,1,0,heuristic,8.4217,112.7777,0.1597,2.5297,2.2001,3.3526,-0.3548,0.6341,3.3782,2.8247,0.8849,13.6155,0.4744,3.0000,0.0000,0.0000,0,16.8908,985.0218,983.2301,984.1260,-0.8958,0.4594,47.9151,937.5661,1000.0000
66.289,1,0,heuristic,8.4217,112.7777,0.1498,2.5297,2.2001,3.3526,-0.1237,0.6341,3.3782,2.8247,0.8849,13.6155,0.4843,3.0000,0.0000,0.0000,0,16.8908,876.5649,980.8057,928.6853,52.1204,0.4594,43.6332,833.3912,1000.0000
66.339,1,0,heuristic,8.5683,112.8755,0.1382,2.5875,2.1360,3.3553,-0.0932,0.6386,3.3782,2.7731,0.8849,13.4400,0.5005,3.0000,0.0000,0.0000,0,16.8908,944.0917,978.6399,961.3658,17.2741,0.4113,43.8523,900.6507,1000.0000
66.389,1,0,heuristic,8.7085,112.9647,0.1271,2.6544,2.0807,3.3727,-0.1077,0.6436,3.3782,2.7212,0.8849,13.2748,0.5165,3.0000,0.0000,0.0000,0,16.8908,872.9989,972.6429,922.8209,49.8220,0.0984,44.9968,828.1005,1000.0000
66.439,1,0,heuristic,8.8593,113.0563,0.1188,2.7034,2.0168,3.3728,-0.2935,0.6486,3.3782,2.6625,0.8849,13.1000,0.5298,3.0000,0.0000,0.0000,0,16.8908,798.6622,954.4032,876.5327,77.8705,0.0960,49.5680,749.1902,1000.0000
66.489,1,0,heuristic,9.0028,113.1397,0.1110,2.7606,1.9611,3.3863,-0.0628,0.6540,3.3782,2.6043,0.8849,12.9360,0.5430,3.0000,0.0000,0.0000,0,16.8908,886.0519,977.7782,931.9151,45.8631,-0.1462,45.3793,840.5264,1000.0000
66.539,1,0,heuristic,9.1563,113.2251,0.1037,2.7990,1.8973,3.3815,-0.2730,0.6594,3.3782,2.5396,0.8849,12.7630,0.5557,3.0000,0.0000,0.0000,0,16.8908,829.4222,963.0287,896.2255,66.8032,-0.0595,50.4107,778.9520,1000.0000
66.589,1,0,heuristic,9.3016,113.3027,0.0953,2.8448,1.8410,3.3885,-0.0272,0.6650,3.3782,2.4762,0.8849,12.6014,0.5698,3.0000,0.0000,0.0000,0,16.8908,773.3462,972.9864,873.1663,99.8201,-0.1861,45.9324,727.2277,1000.0000
66.639,1,0,heuristic,9.4564,113.3818,0.0877,2.8711,1.7772,3.3766,-0.0165,0.6707,3.3782,2.4066,0.8849,12.4316,0.5830,3.0000,0.0000,0.0000,0,16.8908,671.0245,983.1618,827.0932,156.0687,0.0281,46.3249,624.7276,1000.0000
66.689,1,0,heuristic,9.6027,113.4536,0.0810,2.9063,1.7210,3.3777,-0.0047,0.6766,3.3782,2.3389,0.8849,12.2731,0.5955,3.0000,0.0000,0.0000,0,16.8908,633.7200,988.4366,811.0783,177.3583,0.0087,46.6570,587.0718,1000.0000
66.739,1,0,heuristic,9.7579,113.5268,0.0752,2.9220,1.6580,3.3596,0.0095,0.6825,3.3782,2.2651,0.8849,12.1071,0.6073,3.0000,0.0000,0.0000,0,16.8908,663.7264,988.8343,826.2804,162.5540,0.3337,46.8790,617.1810,1000.0000
66.789,1,0,heuristic,9.9036,113.5928,0.0704,2.9449,1.6014,3.3522,-0.1385,0.6885,3.3782,2.1941,0.8849,11.9530,0.6181,3.0000,0.0000,0.0000,0,16.8908,655.7031,977.9017,816.8024,161.0993,0.4679,50.4538,605.7171,1000.0000
66.839,1,0,heuristic,10.0574,113.6596,0.0668,2.9472,1.5381,3.3244,-0.1232,0.6945,3.3782,2.1175,0.8849,11.7925,0.6277,3.0000,0.0000,0.0000,0,16.8908,567.2401,980.9740,774.1071,206.8669,0.9680,50.5221,517.6860,1000.0000
66.889,1,0,heuristic,10.2015,113.7198,0.0647,2.9583,1.4813,3.3085,0.0912,0.7005,3.3782,2.0441,0.8849,11.6438,0.6358,3.0000,0.0000,0.0000,0,16.8908,479.5809,978.8740,729.2275,249.6465,1.2543,46.3256,434.5096,1000.0000
66.939,1,0,heuristic,10.3537,113.7807,0.0634,2.9518,1.4194,3.2754,0.1130,0.7067,3.3782,1.9649,0.8849,11.4887,0.6433,3.0000,0.0000,0.0000,0,16.8908,486.2587,981.7964,734.0276,247.7689,1.8496,46.1353,441.9730,1000.0000
66.989,1,0,heuristic,10.4961,113.8355,0.0632,2.9549,1.3637,3.2544,0.1520,0.7129,3.3782,1.8894,0.8849,11.3453,0.6498,3.0000,0.0000,0.0000,0,16.8908,570.7143,985.6416,778.1780,207.4636,2.2278,45.5247,527.4173,1000.0000
67.039,1,0,heuristic,10.4961,113.8355,0.0638,2.9549,1.3637,3.2544,0.1635,0.7129,3.3782,1.8894,0.8849,11.3453,0.6491,3.0000,0.0000,0.0000,0,16.8908,465.7857,974.5819,720.1838,254.3981,2.2278,45.2503,422.7631,1000.0000
67.089,1,0,heuristic,10.6457,113.8906,0.0659,2.9395,1.3029,3.2153,0.1943,0.7193,3.3782,1.8085,0.8849,11.1965,0.6534,3.0000,0.0000,0.0000,0,16.8908,417.4594,983.0055,700.2325,282.7730,2.9310,44.6869,375.7036,1000.0000
67.139,1,0,heuristic,10.7857,113.9399,0.0679,2.9348,1.2480,3.1891,0.2132,0.7257,3.3782,1.7315,0.8849,11.0590,0.6577,3.0000,0.0000,0.0000,0,16.8908,439.9621,987.9342,713.9482,273.9860,3.4022,44.3759,398.9884,1000.0000
67.189,1,0,heuristic,10.7857,113.9399,0.0703,2.9348,1.2480,3.1891,0.2313,0.7257,3.3782,1.7315,0.8849,11.0590,0.6553,3.0000,0.0000,0.0000,0,16.8908,398.1954,991.9816,695.0885,296.8931,3.4022,43.8724,357.7252,1000.0000
67.239,1,0,heuristic,10.9331,113.9896,0.0769,2.9148,1.1895,3.1481,0.0622,0.7323,3.3782,1.6489,0.8849,10.9160,0.6554,3.0000,0.0000,0.0000,0,16.8908,378.6898,979.7136,679.2017,300.5119,4.1404,47.2727,335.5575,1000.0000
67.289,1,0,heuristic,11.0708,114.0340,0.0824,2.9055,1.1364,3.1199,0.2935,0.7389,3.3782,1.5704,0.8849,10.7842,0.6564,3.0000,0.0000,0.0000,0,16.8908,300.0151,989.8311,644.9231,344.9080,4.6493,42.3207,262.3438,1000.0000
67.339,1,0,heuristic,11.2157,114.0785,0.0907,2.8816,1.0803,3.0775,0.1303,0.7457,3.3782,1.4865,0.8849,10.6473,0.6550,3.0000,0.0000,0.0000,0,16.8908,353.2870,981.6461,667.4666,314.1796,5.4123,45.5110,313.1884,1000.0000
67.389,1,0,heuristic,11.3511,114.1182,0.1005,2.8697,1.0296,3.0488,0.1520,0.7526,3.3782,1.4068,0.8849,10.5210,0.6521,3.0000,0.0000,0.0000,0,16.8908,276.6689,990.1255,633.3972,356.7283,5.9280,44.7432,237.8537,1000.0000
67.439,1,0,heuristic,11.4936,114.1579,0.1094,2.8436,0.9765,3.0066,0.3872,0.7598,3.3782,1.3218,0.8849,10.3900,0.6504,3.0000,0.0000,0.0000,0,16.8908,292.2393,981.6778,636.9585,344.7192,6.6872,39.5390,259.3876,1000.0000
67.489,1,0,heuristic,11.6266,114.1932,0.1167,2.8293,0.9284,2.9777,0.3870,0.7668,3.3782,1.2412,0.8849,10.2692,0.6501,3.0000,0.0000,0.0000,0,16.8908,300.1311,987.3079,643.7195,343.5884,7.2078,39.3612,267.9777,1000.0000
67.539,1,0,heuristic,11.7665,114.2285,0.1300,2.8015,0.8784,2.9360,0.3977,0.7743,3.3782,1.1553,0.8849,10.1440,0.6442,3.0000,0.0000,0.0000,0,16.8908,304.7268,982.3222,643.5245,338.7977,7.9588,38.6441,274.0415,1000.0000
67.589,1,0,heuristic,11.8973,114.2599,0.1418,2.7861,0.8337,2.9082,0.2378,0.7816,3.3782,1.0740,0.8849,10.0285,0.6398,3.0000,0.0000,0.0000,0,16.8908,300.3131,991.0450,645.6791,345.3659,8.4597,41.5940,267.1789,1000.0000
67.639,1,0,heuristic,11.8973,114.2599,0.1512,2.7861,0.8337,2.9082,0.2540,0.7816,3.3782,1.0740,0.8849,10.0285,0.6304,3.0000,0.0000,0.0000,0,16.8908,232.2723,992.7265,612.4994,380.2271,8.4597,40.7565,199.9755,1000.0000
67.689,1,0,heuristic,12.0351,114.2915,0.1678,2.7588,0.7882,2.8692,0.2762,0.7893,3.3782,0.9873,0.8849,9.9085,0.6215,3.0000,0.0000,0.0000,0,16.8908,140.5852,981.3613,560.9732,420.3881,9.1616,39.6259,110.1209,1000.0000
67.739,1,0,heuristic,12.1642,114.3197,0.1785,2.7450,0.7484,2.8452,0.2998,0.7969,3.3782,0.9053,0.8849,9.7975,0.6184,3.0000,0.0000,0.0000,0,16.8908,202.9099,976.7997,589.8548,386.9449,9.5926,38.7844,173.7181,1000.0000
67.789,1,0,heuristic,12.3003,114.3482,0.1971,2.7194,0.7081,2.8101,0.3325,0.8049,3.3782,0.8180,0.8849,9.6820,0.6079,3.0000,0.0000,0.0000,0,16.8908,202.7412,977.3094,590.0253,387.2841,10.2250,37.3342,175.6319,1000.0000
67.839,1,0,heuristic,12.3003,114.3482,0.2049,2.7194,0.7081,2.8101,0.3310,0.8049,3.3782,0.8180,0.8849,9.6820,0.6000,3.0000,0.0000,0.0000,0,16.8908,213.8664,992.8472,603.3568,389.4904,10.2250,36.9493,187.1421,1000.0000
67.889,1,0,heuristic,12.4274,114.3735,0.2170,2.7054,0.6721,2.7876,0.3427,0.8127,3.3782,0.7357,0.8849,9.5755,0.5957,3.0000,0.0000,0.0000,0,16.8908,186.1288,994.3864,590.2576,404.1288,10.6291,36.2780,160.4800,1000.0000
67.939,1,0,heuristic,12.5614,114.3990,0.2382,2.6798,0.6358,2.7542,0.3598,0.8210,3.3782,0.6481,0.8849,9.4648,0.5828,3.0000,0.0000,0.0000,0,16.8908,86.0734,990.0747,538.0741,452.0006,11.2317,35.0201,62.2850,1000.0000
67.989,1,0,heuristic,12.6872,114.4221,0.2559,2.6678,0.6046,2.7354,0.5680,0.8290,3.3782,0.5654,0.8849,9.3622,0.5730,3.0000,0.0000,0.0000,0,16.8908,117.8245,986.3972,552.1109,434.2864,11.5691,29.9201,99.4735,1000.0000
68.039,1,0,heuristic,12.6872,114.4221,0.2743,2.6678,0.6046,2.7354,0.3808,0.8290,3.3782,0.5654,0.8849,9.3622,0.5546,3.0000,0.0000,0.0000,0,16.8908,101.3151,990.9611,546.1381,444.8230,11.5691,32.8490,80.0351,1000.0000
68.089,1,0,heuristic,12.8200,114.4455,0.2985,2.6449,0.5737,2.7064,0.6192,0.8374,3.3782,0.4775,0.8849,9.2552,0.5390,3.0000,0.0000,0.0000,0,16.8908,65.8885,994.1672,530.0279,464.1393,12.0923,26.7669,51.2139,1000.0000
68.139,1,0,heuristic,12.9443,114.4665,0.3134,2.6342,0.5466,2.6903,0.4228,0.8456,3.3782,0.3946,0.8849,9.1563,0.5322,3.0000,0.0000,0.0000,0,16.8908,158.5747,993.6225,576.0986,417.5239,12.3817,30.3164,140.6400,1000.0000
68.189,1,0,heuristic,13.0757,114.4879,0.3339,2.6125,0.5196,2.6637,0.6605,0.8542,3.3782,0.3065,0.8849,9.0532,0.5203,3.0000,0.0000,0.0000,0,16.8908,119.9293,989.8508,554.8900,434.9607,12.8601,24.4427,108.3467,1000.0000
68.239,1,0,heuristic,13.1990,114.5073,0.3551,2.6039,0.4966,2.6508,0.4570,0.8625,3.3782,0.2234,0.8849,8.9577,0.5073,3.0000,0.0000,0.0000,0,16.8908,174.3693,993.8055,584.0874,409.7181,13.0925,27.7830,159.6788,1000.0000
68.289,1,0,heuristic,13.3296,114.5274,0.3826,2.5854,0.4746,2.6286,0.6773,0.8713,3.3782,0.1350,0.8849,8.8577,0.4887,3.0000,0.0000,0.0000,0,16.8908,276.4743,994.0208,635.2476,358.7732,13.4911,21.8781,268.0873,1000.0000
68.339,1,0,heuristic,13.4528,114.5462,0.4107,2.5814,0.4577,2.6217,0.6820,0.8797,3.3782,0.0516,0.8849,8.7643,0.4689,3.0000,0.0000,0.0000,0,16.8908,321.3478,993.9295,657.6386,336.2909,13.6160,20.4338,314.5299,1000.0000
68.389,1,0,heuristic,13.4528,114.5462,0.4281,2.5814,0.4577,2.6217,0.6955,0.8797,3.3782,0.0516,0.8849,8.7643,0.4516,3.0000,0.0000,0.0000,0,16.8908,275.4046,985.5087,630.4566,355.0521,13.6160,19.1382,269.8824,1000.0000
68.439,1,0,heuristic,13.5839,114.5663,0.4571,2.5693,0.4435,2.6073,0.6965,0.8886,3.3782,-0.0371,0.8849,8.6656,0.4315,3.0000,0.0000,0.0000,0,16.8908,237.6062,977.3829,607.4945,369.8884,13.8753,17.7045,233.7769,1000.0000
68.489,1,0,heuristic,13.7083,114.5859,0.4747,2.5739,0.4367,2.6107,0.7010,0.8971,3.3782,-0.1209,0.8849,8.5724,0.4223,3.0000,0.0000,0.0000,0,16.8908,229.0786,989.1463,609.1124,380.0338,13.8142,16.8478,226.0450,1000.0000
68.539,1,0,heuristic,13.8414,114.6078,0.5040,2.5710,0.4336,2.6073,0.7000,0.9061,3.3782,-0.2101,0.8849,8.4729,0.4021,3.0000,0.0000,0.0000,0,16.8908,203.3681,992.9393,598.1537,394.7856,13.8753,15.4101,201.8334,1000.0000
68.589,1,0,heuristic,13.9677,114.6294,0.5276,2.5830,0.4367,2.6197,0.4793,0.9145,3.3782,-0.2941,0.8849,8.3788,0.3869,3.0000,0.0000,0.0000,0,16.8908,254.0985,992.0516,623.0751,368.9766,13.6522,18.8980,248.8527,1000.0000
68.639,1,0,heuristic,13.9677,114.6294,0.5512,2.5830,0.4367,2.6197,0.7035,0.9145,3.3782,-0.2941,0.8849,8.3788,0.3633,3.0000,0.0000,0.0000,0,16.8908,245.0496,993.1590,619.1043,374.0547,13.6522,12.6940,246.0078,1000.0000
68.689,1,0,heuristic,14.1025,114.6534,0.5810,2.5852,0.4417,2.6226,0.6937,0.9234,3.3782,-0.3833,0.8849,8.2785,0.3424,3.0000,0.0000,0.0000,0,16.8908,280.3065,987.2719,633.7892,353.4827,13.5992,11.3270,282.5787,1000.0000
68.739,1,0,heuristic,14.2304,114.6772,0.5988,2.6010,0.4525,2.6401,0.7065,0.9317,3.3782,-0.4672,0.8849,8.1835,0.3330,3.0000,0.0000,0.0000,0,16.8908,333.9886,985.6293,659.8090,325.8203,13.2848,10.2313,337.0421,1000.0000
68.789,1,0,heuristic,14.3671,114.7041,0.6288,2.6063,0.4653,2.6475,0.7245,0.9406,3.3782,-0.5559,0.8849,8.0820,0.3117,3.0000,0.0000,0.0000,0,16.8908,302.7090,986.3518,644.5304,341.8214,13.1511,8.2161,307.6440,1000.0000
68.839,1,0,heuristic,14.4967,114.7311,0.6467,2.6252,0.4851,2.6697,0.7095,0.9487,3.3782,-0.6391,0.8849,7.9854,0.3020,3.0000,0.0000,0.0000,0,16.8908,410.6683,988.4383,699.5533,288.8850,12.7527,7.6664,415.7546,1000.0000
68.889,1,0,heuristic,14.6352,114.7622,0.6768,2.6329,0.5074,2.6814,0.7010,0.9572,3.3782,-0.7266,0.8849,7.8816,0.2805,3.0000,0.0000,0.0000,0,16.8908,459.4731,976.5694,718.0213,258.5482,12.5415,6.1435,465.8711,995.2545
68.939,1,0,heuristic,14.7666,114.7937,0.7066,2.6537,0.5374,2.7076,0.7075,0.9650,3.3782,-0.8083,0.8849,7.7825,0.2585,3.0000,0.0000,0.0000,0,16.8908,442.5438,983.0094,712.7766,270.2328,12.0706,4.2509,450.3636,999.3309
68.989,1,0,heuristic,14.7666,114.7937,0.7245,2.6537,0.5374,2.7076,0.6890,0.9650,3.3782,-0.8083,0.8849,7.7825,0.2405,3.0000,0.0000,0.0000,0,16.8908,482.8999,980.8452,731.8726,248.9726,12.0706,3.3295,491.6411,996.2453
69.039,1,0,heuristic,14.9069,114.8303,0.7539,2.6628,0.5706,2.7232,0.6725,0.9732,3.3782,-0.8937,0.8849,7.6754,0.2194,3.0000,0.0000,0.0000,0,16.8908,503.9935,984.1105,744.0520,240.0585,11.7887,1.9037,513.8785,997.8029
69.090,1,0,heuristic,15.0401,114.8679,0.7715,2.6848,0.6131,2.7539,0.6683,0.9806,3.3782,-0.9729,0.8849,7.5726,0.2091,3.0000,0.0000,0.0000,0,16.8908,537.6717,985.9216,761.7966,224.1249,11.2358,1.0341,547.8734,998.1914
69.139,1,0,heuristic,15.1820,114.9113,0.8002,2.6938,0.6574,2.7729,0.6630,0.9884,3.3782,-1.0553,0.8849,7.4613,0.1882,3.0000,0.0000,0.0000,0,16.8908,450.8090,995.6164,723.2127,272.4037,10.8954,-0.6539,462.3583,1000.0000
69.189,1,0,heuristic,15.3163,114.9556,0.8229,2.7148,0.7105,2.8062,0.4310,0.9952,3.3782,-1.1312,0.8849,7.3545,0.1723,3.0000,0.0000,0.0000,0,16.8908,500.6934,995.5664,748.1299,247.4365,10.2948,2.8062,508.1821,1000.0000
69.239,1,0,heuristic,15.4593,115.0064,0.8508,2.7217,0.7640,2.8269,0.6432,1.0024,3.3782,-1.2096,0.8849,7.2388,0.1516,3.0000,0.0000,0.0000,0,16.8908,541.6345,993.4034,767.5189,225.8845,9.9220,-3.4806,555.0370,999.8448
69.289,1,0,heuristic,15.5942,115.0576,0.8782,2.7395,0.8244,2.8609,0.6392,1.0088,3.3782,-1.2816,0.8849,7.1281,0.1306,3.0000,0.0000,0.0000,0,16.8908,477.9062,984.5725,731.2394,253.3331,9.3107,-5.2654,492.4823,988.6178
69.339,1,0,heuristic,15.5942,115.0576,0.8998,2.7395,0.8244,2.8609,0.4135,1.0088,3.3782,-1.2816,0.8849,7.1281,0.1089,3.0000,0.0000,0.0000,0,16.8908,556.9344,993.7705,775.3525,218.4181,9.3107,-2.3239,568.5690,1000.0000
69.389,1,0,heuristic,15.7374,115.1156,0.9212,2.7423,0.8827,2.8809,0.6105,1.0155,3.3782,-1.3556,0.8849,7.0088,0.0943,3.0000,0.0000,0.0000,0,16.8908,589.1631,985.7263,787.4447,198.2816,8.9512,-7.8497,605.9641,986.8278
69.439,1,0,heuristic,15.8722,115.1738,0.9477,2.7557,0.9486,2.9144,0.6235,1.0212,3.3782,-1.4231,0.8849,6.8944,0.0736,3.0000,0.0000,0.0000,0,16.8908,502.0322,954.2898,728.1610,226.1288,8.3472,-10.0244,520.4038,952.6126
69.489,1,0,heuristic,16.0150,115.2393,0.9735,2.7535,1.0107,2.9332,0.6172,1.0274,3.3782,-1.4921,0.8849,6.7713,0.0538,3.0000,0.0000,0.0000,0,16.8908,595.4579,981.5447,788.5013,193.0434,8.0097,-11.7273,615.1949,977.8270
69.539,1,0,heuristic,16.1491,115.3046,0.9940,2.7617,1.0809,2.9657,0.4057,1.0326,3.3782,-1.5545,0.8849,6.6535,0.0386,3.0000,0.0000,0.0000,0,16.8908,643.8977,991.2191,817.5584,173.6607,7.4247,-8.7298,660.0521,989.9140
69.589,1,0,heuristic,16.2906,115.3776,1.0142,2.7536,1.1455,2.9823,0.5990,1.0381,3.3782,-1.6177,0.8849,6.5269,0.0240,3.0000,0.0000,0.0000,0,16.8908,685.3876,990.9490,838.1683,152.7807,7.1251,-14.1821,706.6948,983.8919
69.639,1,0,heuristic,16.4231,115.4498,1.0341,2.7548,1.2171,3.0117,0.3793,1.0427,3.3782,-1.6745,0.8849,6.4062,0.0087,3.0000,0.0000,0.0000,0,16.8908,779.5372,985.0547,882.2959,102.7587,6.5966,-11.0047,797.1384,980.6466
69.689,1,0,heuristic,16.5626,115.5304,1.0586,2.7405,1.2837,3.0263,0.5635,1.0477,3.3782,-1.7314,0.8849,6.2763,-0.0109,3.0000,0.0000,0.0000,0,16.8908,735.4157,998.1203,866.7680,131.3523,6.3340,-16.6870,758.4367,987.7673
69.739,1,0,heuristic,16.6931,115.6103,1.0824,2.7360,1.3599,3.0553,0.5510,1.0517,3.3782,-1.7818,0.8849,6.1520,-0.0307,3.0000,0.0000,0.0000,0,16.8908,709.6941,974.5313,842.1127,132.4186,5.8108,-18.2447,733.7495,962.0974
69.789,1,0,heuristic,16.6931,115.6103,1.1010,2.7360,1.3599,3.0553,0.3305,1.0517,3.3782,-1.7818,0.8849,6.1520,-0.0493,3.0000,0.0000,0.0000,0,16.8908,750.9624,984.4156,867.6890,116.7266,5.8108,-15.2302,772.0034,974.9962
69.839,1,0,heuristic,16.8302,115.6996,1.1191,2.7162,1.4315,3.0704,0.5433,1.0559,3.3782,-1.8313,0.8849,6.0177,-0.0633,3.0000,0.0000,0.0000,0,16.8908,745.8237,994.5708,870.1973,124.3736,5.5403,-20.9886,772.3526,979.1225
69.889,1,0,heuristic,16.9581,115.7877,1.1368,2.7060,1.5121,3.0999,0.3098,1.0591,3.3782,-1.8745,0.8849,5.8894,-0.0777,3.0000,0.0000,0.0000,0,16.8908,668.5741,986.6633,827.6187,159.0446,5.0092,-17.3980,690.9813,974.2746
69.939,1,0,heuristic,17.0922,115.8852,1.1582,2.6804,1.5845,3.1137,0.3150,1.0626,3.3782,-1.9166,0.8849,5.7515,-0.0956,3.0000,0.0000,0.0000,0,16.8908,653.6736,988.0965,820.8850,167.2115,4.7598,-19.1060,677.5394,973.7503
69.989,1,0,heuristic,17.2170,115.9806,1.1707,2.6643,1.6651,3.1418,0.2920,1.0652,3.3782,-1.9527,0.8849,5.6201,-0.1056,3.0000,0.0000,0.0000,0,16.8908,670.1326,988.1984,829.1655,159.0329,4.2545,-19.5229,693.9100,972.9299
70.039,1,0,heuristic,17.2170,115.9806,1.1790,2.6643,1.6651,3.1418,0.2762,1.0652,3.3782,-1.9527,0.8849,5.6201,-0.1138,3.0000,0.0000,0.0000,0,16.8908,769.8966,991.0192,880.4579,110.5613,4.2545,-19.8813,794.0324,975.3924
70.089,1,0,heuristic,17.3475,116.0852,1.1952,2.6335,1.7344,3.1533,0.4993,1.0680,3.3782,-1.9875,0.8849,5.4795,-0.1272,3.0000,0.0000,0.0000,0,16.8908,805.9089,994.6898,900.2994,94.3905,4.0470,-25.7351,835.6910,973.0018
70.139,1,0,heuristic,17.4688,116.1867,1.2112,2.6121,1.8107,3.1783,0.2848,1.0700,3.3782,-2.0170,0.8849,5.3460,-0.1411,3.0000,0.0000,0.0000,0,16.8908,774.7558,992.6846,883.7202,108.9644,3.5974,-22.4241,800.7773,973.8579
70.189,1,0,heuristic,17.4688,116.1867,1.2268,2.6121,1.8107,3.1783,0.4808,1.0700,3.3782,-2.0170,0.8849,5.3460,-0.1568,3.0000,0.0000,0.0000,0,16.8908,814.5674,991.6239,903.0956,88.5283,3.5974,-27.8120,845.9768,967.4093
70.239,1,0,heuristic,17.5954,116.2982,1.2460,2.5767,1.8772,3.1880,0.2393,1.0722,3.3782,-2.0444,0.8849,5.2029,-0.1737,3.0000,0.0000,0.0000,0,16.8908,859.8482,996.2229,928.0356,68.1874,3.4232,-24.1373,887.4087,975.5088
70.289,1,0,heuristic,17.7128,116.4066,1.2645,2.5506,1.9537,3.2128,0.2482,1.0736,3.3782,-2.0665,0.8849,5.0668,-0.1909,3.0000,0.0000,0.0000,0,16.8908,836.5715,993.4039,914.9877,78.4162,2.9759,-25.7086,865.2559,970.6713
70.339,1,0,heuristic,17.8351,116.5252,1.2824,2.5108,2.0188,3.2218,0.2235,1.0751,3.3248,-2.0861,0.8849,4.9210,-0.2073,3.0000,0.0000,0.0000,0,16.8908,849.3384,990.1252,919.7318,70.3934,1.8537,-26.4876,877.6797,965.4913
70.389,1,0,heuristic,17.9482,116.6400,1.2998,2.4799,2.0937,3.2455,0.2085,1.0758,3.2313,-2.1008,0.8849,4.7826,-0.2240,3.0000,0.0000,0.0000,0,16.8908,831.0172,987.7996,909.4084,78.3912,-0.2565,-27.4562,858.2168,960.0870
70.439,1,0,heuristic,18.0657,116.7653,1.3165,2.4359,2.1568,3.2535,0.4088,1.0766,3.1312,-2.1124,0.8849,4.6345,-0.2399,3.0000,0.0000,0.0000,0,16.8908,833.9185,987.6673,910.7929,76.8744,-2.2021,-32.8640,864.5804,952.6012
70.489,1,0,heuristic,18.1742,116.8863,1.3294,2.4005,2.2294,3.2761,0.1795,1.0767,3.0364,-2.1197,0.8849,4.4941,-0.2527,3.0000,0.0000,0.0000,0,16.8908,902.7389,978.5169,940.6279,37.8890,-4.3150,-29.0007,927.4246,945.2013
70.539,1,0,heuristic,18.2866,117.0174,1.3450,2.3529,2.2879,3.2819,0.1802,1.0769,2.9353,-2.1237,0.8849,4.3445,-0.2681,3.0000,0.0000,0.0000,0,16.8908,883.8852,986.7917,935.3384,51.4532,-6.2388,-30.1301,907.7765,950.4228
70.589,1,0,heuristic,18.3902,117.1434,1.3571,2.3140,2.3552,3.3017,0.3773,1.0764,2.8398,-2.1240,0.8849,4.2032,-0.2807,3.0000,0.0000,0.0000,0,16.8908,922.6995,975.5653,949.1324,26.4329,-8.3145,-35.1573,949.5423,932.0936
70.639,1,0,heuristic,18.4974,117.2796,1.3689,2.2636,2.4080,3.3049,0.1600,1.0760,2.7382,-2.1208,0.8849,4.0528,-0.2928,3.0000,0.0000,0.0000,0,16.8908,938.7296,989.5062,964.1179,25.3883,-10.2004,-31.4341,959.9634,947.8717
70.689,1,0,heuristic,18.5961,117.4102,1.3802,2.2219,2.4709,3.3229,0.3603,1.0750,2.6423,-2.1143,0.8849,3.9109,-0.3052,3.0000,0.0000,0.0000,0,16.8908,924.0423,989.4618,956.7520,32.7097,-12.2510,-36.4786,948.2700,940.7322
70.739,1,0,heuristic,18.5961,117.4102,1.3885,2.2219,2.4709,3.3229,0.3578,1.0750,2.6423,-2.1143,0.8849,3.9109,-0.3134,3.0000,0.0000,0.0000,0,16.8908,878.3683,988.1307,933.2495,54.8812,-12.2510,-36.9887,903.1061,938.8910
70.789,1,0,heuristic,18.6980,117.5513,1.3964,2.1695,2.5192,3.3247,0.1303,1.0741,2.5404,-2.1039,0.8849,3.7601,-0.3224,3.0000,0.0000,0.0000,0,16.8908,847.2953,986.1716,916.7334,69.4382,-14.1166,-32.7955,865.9742,939.2594
70.839,1,0,heuristic,18.7916,117.6864,1.4067,2.1256,2.5784,3.3416,0.3255,1.0725,2.4443,-2.0907,0.8849,3.6178,-0.3343,3.0000,0.0000,0.0000,0,16.8908,814.8259,983.9130,899.3695,84.5435,-16.1521,-37.6657,836.3396,930.0952
70.889,1,0,heuristic,18.7916,117.6864,1.4143,2.1256,2.5784,3.3416,0.3412,1.0725,2.4443,-2.0907,0.8849,3.6178,-0.3418,3.0000,0.0000,0.0000,0,16.8908,833.7654,928.0761,880.9208,47.1553,-16.1521,-38.4921,856.1055,873.4320
70.939,1,0,heuristic,18.8881,117.8318,1.4262,2.0718,2.6218,3.3416,0.3115,1.0710,2.3425,-2.0733,0.8849,3.4671,-0.3552,3.0000,0.0000,0.0000,0,16.8908,788.0498,892.9930,840.5214,52.4716,-17.9839,-38.7132,808.7792,836.2958
70.989,1,0,heuristic,18.9767,117.9701,1.4377,2.0266,2.6738,3.3550,0.0970,1.0690,2.2471,-2.0543,0.8849,3.3260,-0.3688,3.0000,0.0000,0.0000,0,16.8908,826.5172,817.4982,822.0077,-4.5095,-19.9414,-35.0490,841.6248,762.5079
71.039,1,0,heuristic,19.0680,118.1179,1.4489,1.9724,2.7075,3.3497,0.0887,1.0671,2.1469,-2.0313,0.8849,3.1776,-0.3818,3.0000,0.0000,0.0000,0,16.8908,824.3044,762.7624,793.5334,-30.7710,-21.6508,-35.6627,838.3163,705.4489
71.089,1,0,heuristic,19.1515,118.2578,1.4575,1.9259,2.7487,3.3562,0.2925,1.0648,2.0536,-2.0073,0.8849,3.0396,-0.3927,3.0000,0.0000,0.0000,0,16.8908,774.3725,782.1803,778.2764,3.9039,-23.4474,-40.5829,791.5081,718.1500
71.139,1,0,heuristic,19.2373,118.4063,1.4680,1.8706,2.7704,3.3427,0.2727,1.0627,1.9563,-1.9796,0.8849,2.8955,-0.4053,3.0000,0.0000,0.0000,0,16.8908,829.6497,846.1777,837.9137,8.2640,-24.9557,-40.8975,845.5914,780.3245
71.189,1,0,heuristic,19.3154,118.5462,1.4776,1.8220,2.7990,3.3398,0.2762,1.8815,3.0622,0.7688,1.9513,17.9808,0.4039,3.0000,0.0000,0.0000,0,15.3109,826.5229,791.6127,809.0678,-17.4551,-4.9966,-0.8975,822.4237,785.7186
71.239,1,0,heuristic,19.3954,118.6940,1.4849,1.7651,2.8079,3.3166,0.0565,1.8930,3.0622,0.6397,1.9513,17.8682,0.4081,3.0000,0.0000,0.0000,0,15.3109,814.8258,723.6531,769.2395,-45.5863,-4.5791,31.3958,778.8509,750.4698
71.289,1,0,heuristic,19.4682,118.8332,1.4935,1.7157,2.8261,3.3061,0.2510,1.9038,3.0622,0.5203,1.9513,17.7623,0.4104,3.0000,0.0000,0.0000,0,15.3109,704.8258,613.6531,659.2395,-45.5863,-4.3915,27.1598,673.2745,636.4215
71.339,1,0,heuristic,19.5430,118.9806,1.4999,1.6599,2.8280,3.2792,0.0288,1.9150,3.0622,0.3962,1.9513,17.6499,0.4151,3.0000,0.0000,0.0000,0,15.3109,594.8258,723.6237,659.2247,64.3989,-3.9066,31.8146,559.1045,751.5317
71.389,1,0,heuristic,19.5430,118.9806,1.5060,1.6599,2.8280,3.2792,0.2233,1.9150,3.0622,0.3962,1.9513,17.6499,0.4090,3.0000,0.0000,0.0000,0,15.3109,485.1776,640.0176,562.5976,77.4200,-3.9066,27.3584,453.9126,663.4693
71.439,1,0,heuristic,19.6111,119.1190,1.5089,1.6118,2.8388,3.2645,0.2263,1.9254,3.0622,0.2816,1.9513,17.5446,0.4165,3.0000,0.0000,0.0000,0,15.3109,375.1776,575.5148,475.3462,100.1686,-3.6419,27.4662,344.0695,599.3391
71.489,1,0,heuristic,19.6811,119.2640,1.5161,1.5588,2.8287,3.2297,0.2445,1.9362,3.0622,0.1627,1.9513,17.4345,0.4202,3.0000,0.0000,0.0000,0,15.3109,265.1776,685.4114,475.2945,210.1169,-3.0161,27.0104,235.1511,709.4057
71.539,1,0,heuristic,19.7453,119.3982,1.5219,1.5144,2.8222,3.2029,0.0527,1.9463,3.0622,0.0533,1.9513,17.3330,0.4244,3.0000,0.0000,0.0000,0,15.3109,234.8602,795.3806,515.1204,280.2602,-2.5323,31.0211,201.3069,823.8694
71.589,1,0,heuristic,19.7453,119.3982,1.5264,1.5144,2.8222,3.2029,0.0548,1.9463,3.0622,0.0533,1.9513,17.3330,0.4200,3.0000,0.0000,0.0000,0,15.3109,332.5991,904.9305,618.7648,286.1657,-2.5323,30.7100,299.3569,933.1082
71.639,1,0,heuristic,19.8116,119.5372,1.5344,1.4666,2.7923,3.1541,0.0805,1.9568,3.0622,-0.0599,1.9513,17.2286,0.4224,3.0000,0.0000,0.0000,0,15.3109,329.4156,971.9629,650.6893,321.2737,-1.6538,30.0364,297.7253,1000.0000
71.689,1,0,heuristic,19.8730,119.6652,1.5397,1.4290,2.7674,3.1145,0.1080,1.9667,3.0622,-0.1644,1.9513,17.1332,0.4270,3.0000,0.0000,0.0000,0,15.3109,408.8221,991.2385,700.0303,291.2082,-0.9426,29.4722,378.4073,1000.0000
71.739,1,0,heuristic,19.9371,119.7991,1.5496,1.3899,2.7288,3.0624,0.1550,1.9771,3.0622,-0.2737,1.9513,17.0341,0.4275,3.0000,0.0000,0.0000,0,15.3109,343.5494,982.0840,662.8167,319.2673,-0.0033,28.2441,315.3019,1000.0000
71.789,1,0,heuristic,19.9968,119.9245,1.5586,1.3606,2.7056,3.0285,0.3915,1.9869,3.0622,-0.3757,1.9513,16.9418,0.4283,3.0000,0.0000,0.0000,0,15.3109,355.3870,993.8480,674.6175,319.2305,0.6068,23.0721,332.9217,1000.0000
71.839,1,0,heuristic,19.9968,119.9245,1.5661,1.3606,2.7056,3.0285,0.4070,1.9869,3.0622,-0.3757,1.9513,16.9418,0.4208,3.0000,0.0000,0.0000,0,15.3109,245.6997,991.0757,618.3877,372.6880,0.6068,22.2941,224.0124,1000.0000
71.889,1,0,heuristic,20.0593,120.0574,1.5796,1.3287,2.6754,2.9872,0.4168,1.9973,3.0622,-0.4830,1.9513,16.8444,0.4177,3.0000,0.0000,0.0000,0,15.3109,136.1577,980.5609,558.3593,422.2016,1.3496,21.6395,115.8679,1000.0000
71.939,1,0,heuristic,20.1173,120.1825,1.5916,1.3048,2.6618,2.9644,0.2383,2.0070,3.0622,-0.5834,1.9513,16.7530,0.4154,3.0000,0.0000,0.0000,0,15.3109,42.6676,987.6231,515.1454,472.4777,1.7597,25.0087,19.4186,1000.0000
71.989,1,0,heuristic,20.1780,120.3152,1.6080,1.2775,2.6397,2.9326,0.4953,2.0174,3.0622,-0.6891,1.9513,16.6565,0.4094,3.0000,0.0000,0.0000,0,15.3109,151.3460,982.6075,566.9768,415.6308,2.3325,18.9901,134.6884,1000.0000
72.039,1,0,heuristic,20.2347,120.4399,1.6186,1.2579,2.6314,2.9166,0.3193,2.0271,3.0622,-0.7879,1.9513,16.5662,0.4085,3.0000,0.0000,0.0000,0,15.3109,230.1551,990.9675,610.5613,380.4062,2.6203,22.3969,210.3785,1000.0000
72.089,1,0,heuristic,20.2347,120.4399,1.6337,1.2579,2.6314,2.9166,0.5507,2.0271,3.0622,-0.7879,1.9513,16.5662,0.3933,3.0000,0.0000,0.0000,0,15.3109,132.6723,979.1538,555.9131,423.2408,2.6203,16.6021,118.6905,998.3762
72.139,1,0,heuristic,20.2941,120.5718,1.6543,1.2350,2.6123,2.8896,0.3550,2.0374,3.0622,-0.8921,1.9513,16.4712,0.3831,3.0000,0.0000,0.0000,0,15.3109,63.9292,975.9920,519.9606,456.0314,3.1073,19.8338,47.2028,998.9330
72.189,1,0,heuristic,20.3493,120.6963,1.6673,1.2179,2.6087,2.8790,0.5840,2.0469,3.0622,-0.9896,1.9513,16.3819,0.3796,3.0000,0.0000,0.0000,0,15.3109,173.9292,992.3906,583.1599,409.2307,3.2978,14.5842,162.6429,1000.0000
72.239,1,0,heuristic,20.4067,120.8290,1.6902,1.1950,2.5976,2.8593,0.4035,2.0570,3.0622,-1.0922,1.9513,16.2866,0.3668,3.0000,0.0000,0.0000,0,15.3109,283.6691,997.1877,640.4284,356.7593,3.6524,17.3338,269.9877,1000.0000
72.289,1,0,heuristic,20.4597,120.9546,1.7096,1.1770,2.6011,2.8550,0.6408,2.0663,3.0622,-1.1880,1.9513,16.1967,0.3567,3.0000,0.0000,0.0000,0,15.3109,259.5940,997.3644,628.4792,368.8852,3.7289,11.4955,251.8273,1000.0000
72.339,1,0,heuristic,20.5145,121.0885,1.7298,1.1524,2.5958,2.8401,0.4408,2.0762,3.0622,-1.2886,1.9513,16.1008,0.3464,3.0000,0.0000,0.0000,0,15.3109,218.3655,983.9217,601.1436,382.7781,3.9974,14.8143,207.5486,1000.0000
72.389,1,0,heuristic,20.5643,121.2159,1.7560,1.1294,2.6078,2.8418,0.4540,2.0851,3.0622,-1.3822,1.9513,16.0091,0.3291,3.0000,0.0000,0.0000,0,15.3109,158.4095,996.1883,577.2989,418.8894,3.9660,13.2096,149.1660,1000.0000
72.439,1,0,heuristic,20.5643,121.2159,1.7775,1.1294,2.6078,2.8418,0.6800,2.0851,3.0622,-1.3822,1.9513,16.0091,0.3076,3.0000,0.0000,0.0000,0,15.3109,251.0068,976.3392,613.6730,362.6662,3.9660,7.0142,247.9586,987.3194
72.489,1,0,heuristic,20.6149,121.3526,1.8052,1.0982,2.6117,2.8333,0.6753,2.0946,3.0622,-1.4799,1.9513,15.9102,0.2894,3.0000,0.0000,0.0000,0,15.3109,354.1878,986.0438,670.1158,315.9280,4.1207,5.6675,352.6410,995.8320
72.539,1,0,heuristic,20.6606,121.4823,1.8219,1.0689,2.6301,2.8390,0.6765,2.1032,3.0622,-1.5705,1.9513,15.8159,0.2812,3.0000,0.0000,0.0000,0,15.3109,375.7974,989.1480,682.4727,306.6753,4.0175,4.8913,374.9236,998.0568
72.589,1,0,heuristic,20.7067,121.6209,1.8506,1.0323,2.6372,2.8321,0.7020,2.1123,3.0622,-1.6648,1.9513,15.7145,0.2617,3.0000,0.0000,0.0000,0,15.3109,300.9115,997.9954,649.4535,348.5419,4.1416,2.7892,302.2639,1000.0000
72.639,1,0,heuristic,20.7475,121.7529,1.8736,0.9960,2.6594,2.8398,0.4617,2.1204,3.0622,-1.7517,1.9513,15.6173,0.2467,3.0000,0.0000,0.0000,0,15.3109,287.6143,982.1414,634.8779,347.2636,4.0030,6.5928,285.0246,992.7372
72.689,1,0,heuristic,20.7876,121.8945,1.9026,0.9509,2.6725,2.8366,0.4552,2.1289,3.0622,-1.8415,1.9513,15.5118,0.2263,3.0000,0.0000,0.0000,0,15.3109,202.5831,999.0599,600.8215,398.2384,4.0605,5.0584,201.5852,1000.0000
72.739,1,0,heuristic,20.8224,122.0295,1.9259,0.9058,2.7003,2.8482,0.6753,2.1364,3.0622,-1.9240,1.9513,15.4103,0.2105,3.0000,0.0000,0.0000,0,15.3109,312.5699,991.6937,652.1318,339.5619,3.8512,-0.8995,317.3207,994.6454
72.789,1,0,heuristic,20.8224,122.0295,1.9493,0.9058,2.7003,2.8482,0.4835,2.1364,3.0622,-1.9240,1.9513,15.4103,0.1871,3.0000,0.0000,0.0000,0,15.3109,210.7528,992.4672,601.6100,390.8572,3.8512,1.3239,213.2802,997.6423
72.839,1,0,heuristic,20.8853,122.3110,1.9847,0.8049,2.7439,2.8595,0.4935,2.1514,3.0622,-2.0869,1.9513,15.1957,0.1667,3.0000,0.0000,0.0000,0,15.3109,296.9514,997.4654,647.2084,350.2570,3.6483,-0.7660,301.3657,1000.0000
72.889,1,0,heuristic,20.8853,122.3110,2.0026,0.8049,2.7439,2.8595,0.4885,2.1514,3.0622,-2.0869,1.9513,15.1957,0.1488,3.0000,0.0000,0.0000,0,15.3109,339.7562,996.5355,668.1458,328.3897,3.6483,-2.0996,345.5040,998.0843
72.939,1,0,heuristic,20.9128,122.4577,2.0324,0.7497,2.7590,2.8590,0.5018,2.1588,3.0622,-2.1669,1.9513,15.0822,0.1264,3.0000,0.0000,0.0000,0,15.3109,410.7020,998.8564,704.7792,294.0772,3.6570,-4.3350,418.6940,998.1784
72.989,1,0,heuristic,20.9356,122.5967,2.0505,0.6947,2.7867,2.8720,0.4963,2.1652,3.0622,-2.2397,1.9513,14.9735,0.1147,3.0000,0.0000,0.0000,0,15.3109,448.0017,991.4278,719.7148,271.7131,3.4232,-5.3066,456.7315,989.5444
73.039,1,0,heuristic,20.9558,122.7456,2.0806,0.6337,2.8017,2.8725,0.4895,2.1720,3.0622,-2.3137,1.9513,14.8557,0.0914,3.0000,0.0000,0.0000,0,15.3109,432.1972,990.9088,711.5530,279.3558,3.4143,-7.2331,442.8446,987.0900
73.089,1,0,heuristic,20.9709,122.8871,2.1047,0.5697,2.8313,2.8881,0.6953,2.1777,3.0622,-2.3803,1.9513,14.7420,0.0729,3.0000,0.0000,0.0000,0,15.3109,331.6630,990.8813,661.2721,329.6091,3.1341,-13.2243,348.0214,980.7911
73.139,1,0,heuristic,20.9709,122.8871,2.1288,0.5697,2.8313,2.8881,0.4665,2.1777,3.0622,-2.3803,1.9513,14.7420,0.0489,3.0000,0.0000,0.0000,0,15.3109,441.3508,989.0893,715.2200,273.8692,3.1341,-10.4889,454.9738,981.7345
73.189,1,0,heuristic,20.9884,123.1827,2.1644,0.4253,2.8784,2.9096,0.6883,2.1885,3.0622,-2.5063,1.9513,14.4989,0.0241,3.0000,0.0000,0.0000,0,15.3109,487.3445,995.2443,741.2944,253.9499,2.7464,-17.4751,507.5660,980.5156
73.239,1,0,heuristic,20.9884,123.1827,2.1822,0.4253,2.8784,2.9096,0.6883,2.1885,3.0622,-2.5063,1.9513,14.4989,0.0063,3.0000,0.0000,0.0000,0,15.3109,506.3841,993.2196,749.8019,243.4177,2.7464,-19.0296,528.1601,976.9363
73.289,1,0,heuristic,20.9905,123.3362,2.2114,0.3484,2.8929,2.9138,0.6675,2.1937,3.0622,-2.5653,1.9513,14.3698,-0.0177,3.0000,0.0000,0.0000,0,15.3109,581.7493,994.6068,788.1780,206.4287,2.6708,-20.7614,605.1815,976.5161
73.339,1,0,heuristic,20.9880,123.4815,2.2346,0.2684,2.9200,2.9323,0.4630,2.1978,3.0622,-2.6169,1.9513,14.2455,-0.0368,3.0000,0.0000,0.0000,0,15.3109,586.9921,991.7158,789.3539,202.3618,2.3372,-18.1987,607.5280,975.8543
73.389,1,0,heuristic,20.9802,123.6365,2.2633,0.1847,2.9321,2.9379,0.6482,2.2021,3.0622,-2.6673,1.9513,14.1106,-0.0611,3.0000,0.0000,0.0000,0,15.3109,596.9460,984.1283,790.5371,193.5912,2.2365,-24.2577,623.4401,962.1071
73.439,1,0,heuristic,20.9680,123.7832,2.2857,0.0968,2.9570,2.9586,0.4492,2.2053,3.0622,-2.7104,1.9513,13.9807,-0.0804,3.0000,0.0000,0.0000,0,15.3109,583.5673,992.3347,787.9510,204.3837,1.8645,-21.7897,607.2215,972.4095
73.489,1,0,heuristic,20.9495,123.9395,2.3133,0.0063,2.9665,2.9665,0.4258,2.2087,3.0622,-2.7512,1.9513,13.8398,-0.1046,3.0000,0.0000,0.0000,0,15.3109,629.4330,991.0890,810.2610,180.8280,1.7224,-23.3897,654.5451,969.4218
73.539,1,0,heuristic,20.9271,124.0870,2.3348,-0.0883,2.9879,2.9892,0.6362,2.2109,3.0622,-2.7852,1.9513,13.7043,-0.1239,3.0000,0.0000,0.0000,0,15.3109,723.5844,994.9330,859.2587,135.6743,1.3141,-29.4660,754.3644,966.7811
73.589,1,0,heuristic,20.8980,124.2435,2.3614,-0.1825,2.9924,2.9979,0.6010,2.2134,3.0622,-2.8163,1.9513,13.5578,-0.1480,3.0000,0.0000,0.0000,0,15.3109,731.2024,995.2757,863.2391,132.0367,1.1563,-30.7372,763.0959,965.6948
73.639,1,0,heuristic,20.8656,124.3910,2.3871,-0.2809,3.0082,3.0213,0.5948,2.2147,3.0622,-2.8410,1.9513,13.4174,-0.1723,3.0000,0.0000,0.0000,0,15.3109,725.6820,997.3822,861.5321,135.8501,0.7362,-32.5862,759.0044,965.5321
73.689,1,0,heuristic,20.8656,124.3910,2.4072,-0.2809,3.0082,3.0213,0.3658,2.2147,3.0622,-2.8410,1.9513,13.4174,-0.1925,3.0000,0.0000,0.0000,0,15.3109,781.1650,998.9298,890.0474,108.8824,0.7362,-29.3566,811.2577,970.3094
73.739,1,0,heuristic,20.8255,124.5472,2.4317,-0.3791,3.0074,3.0312,0.5553,2.2162,3.0622,-2.8618,1.9513,13.2656,-0.2155,3.0000,0.0000,0.0000,0,15.3109,801.7201,992.5878,897.1540,95.4339,0.5569,-35.1270,837.4040,958.0178
73.789,1,0,heuristic,20.7824,124.6941,2.4507,-0.4828,3.0181,3.0565,0.3355,2.2166,3.0622,-2.8763,1.9513,13.1200,-0.2341,3.0000,0.0000,0.0000,0,15.3109,812.4983,992.6931,902.5957,90.0974,0.1027,-31.9226,844.5236,960.8733
73.840,1,0,heuristic,20.7310,124.8494,2.4736,-0.5839,3.0117,3.0677,0.3093,2.2171,3.0622,-2.8863,1.9513,12.9630,-0.2566,3.0000,0.0000,0.0000,0,15.3109,857.3893,992.2725,924.8309,67.4416,-0.1000,-33.0280,890.3173,959.1446
73.889,1,0,heuristic,20.6774,124.9951,2.5001,-0.6905,3.0163,3.0944,0.4948,2.2165,3.0622,-2.8906,1.9513,12.8127,-0.2836,3.0000,0.0000,0.0000,0,15.3109,898.1617,990.5627,944.3622,46.2005,-0.5792,-38.8528,936.4353,951.1307
73.939,1,0,heuristic,20.6150,125.1487,2.5171,-0.7927,3.0040,3.1068,0.2690,2.2160,3.0622,-2.8896,1.9513,12.6510,-0.3011,3.0000,0.0000,0.0000,0,15.3109,908.7014,987.2633,947.9824,39.2809,-0.8036,-35.3232,943.2211,951.1365
73.989,1,0,heuristic,20.5511,125.2925,2.5335,-0.9000,3.0026,3.1346,0.4918,2.2145,3.0622,-2.8838,1.9513,12.4966,-0.3190,3.0000,0.0000,0.0000,0,15.3109,928.4183,989.9310,959.1747,30.7563,-1.3030,-41.2113,968.3266,947.4167
74.039,1,0,heuristic,20.4780,125.4440,2.5570,-1.0014,2.9846,3.1481,0.4610,2.2130,3.0622,-2.8721,1.9513,12.3306,-0.3440,3.0000,0.0000,0.0000,0,15.3109,930.3750,988.7764,959.5757,29.2007,-1.5460,-42.2105,971.0395,945.0199
74.089,1,0,heuristic,20.4042,125.5856,2.5720,-1.1086,2.9775,3.1772,0.2270,2.2106,3.0622,-2.8562,1.9513,12.1725,-0.3614,3.0000,0.0000,0.0000,0,15.3109,931.9351,995.7772,963.8561,31.9210,-2.0704,-38.4008,968.2655,955.3060
74.139,1,0,heuristic,20.3208,125.7343,2.5897,-1.2076,2.9541,3.1914,0.2130,2.2082,3.0622,-2.8339,1.9513,12.0029,-0.3816,3.0000,0.0000,0.0000,0,15.3109,952.0102,990.4083,971.2093,19.1990,-2.3258,-39.3633,989.0478,948.7192
74.189,1,0,heuristic,20.2378,125.8730,2.6000,-1.3121,2.9413,3.2207,0.2038,2.2050,3.0622,-2.8084,1.9513,11.8418,-0.3950,3.0000,0.0000,0.0000,0,15.3109,979.4203,985.2908,982.3556,2.9352,-2.8531,-39.9784,1000.0000,942.4593
74.239,1,0,heuristic,20.1451,126.0185,2.6162,-1.4061,2.9125,3.2341,0.1867,2.2017,3.0622,-2.7763,1.9513,11.6695,-0.4145,3.0000,0.0000,0.0000,0,15.3109,951.0411,988.9494,969.9953,18.9542,-3.0949,-40.7809,988.7270,945.0736
74.289,1,0,heuristic,20.0538,126.1539,2.6317,-1.5053,2.8941,3.2622,0.1625,2.1978,3.0622,-2.7418,1.9513,11.5063,-0.4338,3.0000,0.0000,0.0000,0,15.3109,956.0400,992.8631,974.4516,18.4115,-3.6000,-41.3960,993.8360,947.8671
74.339,1,0,heuristic,20.0538,126.1539,2.6434,-1.5053,2.8941,3.2622,0.3600,2.1978,3.0622,-2.7418,1.9513,11.5063,-0.4455,3.0000,0.0000,0.0000,0,15.3109,964.2277,998.2066,981.2172,16.9894,-3.6000,-46.2401,1000.0000,948.3664
74.389,1,0,heuristic,19.8543,126.4272,2.6600,-1.6847,2.8366,3.2992,0.3520,2.1894,3.0622,-2.6581,1.9513,11.1679,-0.4705,3.0000,0.0000,0.0000,0,15.3109,965.3312,924.4032,944.8672,-20.4640,-4.2667,-47.4330,1000.0000,872.7035
74.439,1,0,heuristic,19.8543,126.4272,2.6704,-1.6847,2.8366,3.2992,0.1270,2.1894,3.0622,-2.6581,1.9513,11.1679,-0.4810,3.0000,0.0000,0.0000,0,15.3109,982.4120,905.5941,944.0030,-38.4089,-4.2667,-43.3110,1000.0000,858.0164
74.489,1,0,heuristic,19.7462,126.5647,2.6828,-1.7636,2.7984,3.3077,0.1095,2.1849,3.0622,-2.6088,1.9513,10.9932,-0.4979,3.0000,0.0000,0.0000,0,15.3109,990.8448,823.4172,907.1310,-83.7138,-4.4199,-43.8464,1000.0000,775.1510
74.539,1,0,heuristic,19.6413,126.6924,2.6923,-1.8476,2.7706,3.3301,0.3262,2.1799,3.0622,-2.5589,1.9513,10.8284,-0.5123,3.0000,0.0000,0.0000,0,15.3109,980.3743,877.8718,929.1230,-51.2513,-4.8225,-49.1510,1000.0000,823.8983
74.589,1,0,heuristic,19.5274,126.8254,2.7032,-1.9161,2.7279,3.3336,0.2765,2.1749,3.0622,-2.5025,1.9513,10.6540,-0.5282,3.0000,0.0000,0.0000,0,15.3109,986.4923,917.4078,951.9501,-34.5422,-4.8858,-48.9201,1000.0000,863.6020
74.639,1,0,heuristic,19.4180,126.9483,2.7133,-1.9890,2.6945,3.3491,0.0480,2.1696,3.0622,-2.4465,1.9513,10.4904,-0.5436,3.0000,0.0000,0.0000,0,15.3109,976.3263,838.1528,907.2396,-69.0868,-5.1654,-44.8987,1000.0000,788.0887
74.689,1,0,heuristic,19.2999,127.0759,2.7225,-2.0453,2.6462,3.3445,0.0420,2.1644,3.0622,-2.3842,1.9513,10.3181,-0.5581,3.0000,0.0000,0.0000,0,15.3109,969.7460,770.6908,870.2184,-99.5276,-5.0819,-45.4772,1000.0000,720.1317
74.739,1,0,heuristic,19.1869,127.1936,2.7308,-2.1072,2.6077,3.3527,0.0175,2.1588,3.0622,-2.3230,1.9513,10.1568,-0.5719,3.0000,0.0000,0.0000,0,15.3109,979.5656,718.2649,848.9152,-130.6504,-5.2289,-45.6283,1000.0000,667.4076
74.790,1,0,heuristic,19.0651,127.3159,2.7369,-2.1540,2.5566,3.3431,0.2233,2.1532,3.0622,-2.2554,1.9513,9.9868,-0.5837,3.0000,0.0000,0.0000,0,15.3109,986.9545,692.0503,839.5024,-147.4521,-5.0559,-50.4885,1000.0000,636.5059
74.839,1,0,heuristic,18.9492,127.4286,2.7437,-2.2064,2.5147,3.3454,0.1993,2.1474,3.0622,-2.1896,1.9513,9.8281,-0.5963,3.0000,0.0000,0.0000,0,15.3109,972.2193,673.7512,822.9852,-149.2341,-5.0988,-50.5601,1000.0000,618.0923
74.889,1,0,heuristic,18.8252,127.5450,2.7495,-2.2419,2.4593,3.3278,-0.0400,2.1416,3.0622,-2.1177,1.9513,9.6619,-0.6080,3.0000,0.0000,0.0000,0,15.3109,985.8290,565.1496,775.4893,-210.3397,-4.7813,-46.0474,1000.0000,514.3208
74.939,1,0,heuristic,18.7078,127.6517,2.7543,-2.2826,2.4121,3.3209,-0.0617,2.1357,3.0622,-2.0483,1.9513,9.5076,-0.6186,3.0000,0.0000,0.0000,0,15.3109,976.0996,613.9135,795.0065,-181.0930,-4.6569,-46.0457,1000.0000,563.2109
74.989,1,0,heuristic,18.5828,127.7616,2.7572,-2.3069,2.3525,3.2948,0.1383,2.1297,3.0622,-1.9731,1.9513,9.3465,-0.6276,3.0000,0.0000,0.0000,0,15.3109,976.9415,543.8179,760.3797,-216.5618,-4.1870,-50.5953,1000.0000,489.0356
75.039,1,0,heuristic,18.4649,127.8621,2.7598,-2.3367,2.3007,3.2792,0.0890,2.1236,3.0622,-1.9009,1.9513,9.1974,-0.6362,3.0000,0.0000,0.0000,0,15.3109,976.1470,508.9710,742.5590,-233.5880,-3.9065,-49.8930,1000.0000,455.1716
75.089,1,0,heuristic,18.3398,127.9654,2.7609,-2.3506,2.2378,3.2455,0.0742,2.1174,3.0622,-1.8231,1.9513,9.0421,-0.6435,3.0000,0.0000,0.0000,0,15.3109,982.5290,417.8900,700.2095,-282.3195,-3.2996,-49.8317,1000.0000,364.7588
75.139,1,0,heuristic,18.2219,128.0598,2.7609,-2.3718,2.1836,3.2239,-0.1520,2.1113,3.0622,-1.7487,1.9513,8.8985,-0.6496,3.0000,0.0000,0.0000,0,15.3109,981.1260,424.0231,702.5746,-278.5515,-2.9106,-45.2699,1000.0000,375.8427
75.189,1,0,heuristic,18.2219,128.0598,2.7599,-2.3718,2.1836,3.2239,0.0348,2.1113,3.0622,-1.7487,1.9513,8.8985,-0.6487,3.0000,0.0000,0.0000,0,15.3109,976.0429,387.5536,681.7983,-294.2446,-2.9106,-49.1422,1000.0000,335.5009
75.239,1,0,heuristic,18.0971,128.1566,2.7573,-2.3773,2.1192,3.1847,-0.2298,2.1049,3.0622,-1.6688,1.9513,8.7494,-0.6525,3.0000,0.0000,0.0000,0,15.3109,987.4228,431.3998,709.4113,-278.0115,-2.2062,-43.6379,1000.0000,385.5557
75.289,1,0,heuristic,17.9801,128.2447,2.7558,-2.3894,2.0624,3.1564,-0.2340,2.0986,3.0622,-1.5929,1.9513,8.6121,-0.6572,3.0000,0.0000,0.0000,0,15.3109,977.3178,355.7823,666.5500,-310.7678,-1.6958,-43.6546,1000.0000,310.4319
75.339,1,0,heuristic,17.8567,128.3347,2.7510,-2.3864,1.9962,3.1112,-0.2760,2.0920,3.0622,-1.5117,1.9513,8.4700,-0.6589,3.0000,0.0000,0.0000,0,15.3109,971.6720,321.1212,646.3966,-325.2754,-0.8829,-42.7042,1000.0000,277.5341
75.389,1,0,heuristic,17.7407,128.4167,2.7459,-2.3921,1.9385,3.0790,-0.0645,2.0855,3.0622,-1.4345,1.9513,8.3392,-0.6603,3.0000,0.0000,0.0000,0,15.3109,984.6047,365.3931,674.9989,-309.6058,-0.3019,-47.0659,1000.0000,318.0253
75.439,1,0,heuristic,17.7407,128.4167,2.7397,-2.3921,1.9385,3.0790,-0.3412,2.0855,3.0622,-1.4345,1.9513,8.3392,-0.6542,3.0000,0.0000,0.0000,0,15.3109,980.6856,277.5653,629.1255,-351.5602,-0.3019,-40.9338,1000.0000,236.3296
75.489,1,0,heuristic,17.6184,128.5005,2.7306,-2.3844,1.8732,3.0322,-0.1450,2.0787,3.0622,-1.3520,1.9513,8.2038,-0.6518,3.0000,0.0000,0.0000,0,15.3109,983.3072,230.6238,606.9655,-376.3417,0.5395,-44.7646,1000.0000,186.3986
75.539,1,0,heuristic,17.5036,128.5767,2.7243,-2.3857,1.8162,2.9983,-0.3780,2.0720,3.0622,-1.2737,1.9513,8.0793,-0.6523,3.0000,0.0000,0.0000,0,15.3109,981.6708,288.9500,635.3104,-346.3604,1.1496,-39.7352,1000.0000,250.3644
75.589,1,0,heuristic,17.3824,128.6547,2.7126,-2.3745,1.7529,2.9514,-0.1767,2.0649,3.0622,-1.1902,1.9513,7.9504,-0.6477,3.0000,0.0000,0.0000,0,15.3109,976.2194,273.9414,625.0804,-351.1390,1.9936,-43.5411,1000.0000,232.3938
75.639,1,0,heuristic,17.2689,128.7256,2.7048,-2.3725,1.6977,2.9174,-0.4355,2.0579,3.0622,-1.1111,1.9513,7.8321,-0.6469,3.0000,0.0000,0.0000,0,15.3109,990.6458,224.8543,607.7500,-382.8957,2.6067,-37.8938,1000.0000,189.5671
75.689,1,0,heuristic,17.2689,128.7256,2.6935,-2.3725,1.6977,2.9174,-0.2358,2.0579,3.0622,-1.1111,1.9513,7.8321,-0.6356,3.0000,0.0000,0.0000,0,15.3109,978.9298,164.3932,571.6615,-407.2683,2.6067,-41.4948,1000.0000,125.5051
75.739,1,0,heuristic,17.0365,128.8646,2.6747,-2.3562,1.5865,2.8405,-0.2480,2.0433,3.0622,-0.9470,1.9513,7.5968,-0.6314,3.0000,0.0000,0.0000,0,15.3109,989.8545,179.8237,584.8391,-405.0154,3.9896,-40.6539,1000.0000,143.1594
75.789,1,0,heuristic,17.0365,128.8646,2.6645,-2.3562,1.5865,2.8405,-0.2682,2.0433,3.0622,-0.9470,1.9513,7.5968,-0.6212,3.0000,0.0000,0.0000,0,15.3109,985.6326,143.4676,564.5501,-421.0825,3.9896,-39.6891,1000.0000,107.7680
75.839,1,0,heuristic,16.9177,128.9328,2.6464,-2.3422,1.5314,2.7984,-0.2928,2.0356,3.0622,-0.8619,1.9513,7.4799,-0.6108,3.0000,0.0000,0.0000,0,15.3109,980.6004,226.5040,603.5522,-377.0482,4.7473,-38.4296,1000.0000,192.8217
75.889,1,0,heuristic,16.8061,128.9951,2.6348,-2.3386,1.4848,2.7701,-0.2975,2.0280,3.0622,-0.7814,1.9513,7.3723,-0.6067,3.0000,0.0000,0.0000,0,15.3109,989.2204,285.8603,637.5403,-351.6800,5.2568,-37.9248,1000.0000,253.1923
75.939,1,0,heuristic,16.6882,129.0593,2.6186,-2.3244,1.4347,2.7315,-0.6080,2.0200,3.0622,-0.6958,1.9513,7.2608,-0.5985,3.0000,0.0000,0.0000,0,15.3109,983.0284,210.3961,596.7123,-386.3161,5.9518,-30.7633,1000.0000,185.5847
75.989,1,0,heuristic,16.5771,129.1184,2.5972,-2.3222,1.3942,2.7086,-0.6165,2.0123,3.0622,-0.6146,1.9513,7.1577,-0.5849,3.0000,0.0000,0.0000,0,15.3109,979.2910,194.6027,586.9468,-392.3442,6.3642,-29.6630,1000.0000,171.3039
76.039,1,0,heuristic,16.5771,129.1184,2.5837,-2.3222,1.3942,2.7086,-0.6280,2.0123,3.0622,-0.6146,1.9513,7.1577,-0.5715,3.0000,0.0000,0.0000,0,15.3109,964.4362,103.8152,534.1257,-430.3105,6.3642,-28.6943,999.4948,81.4851
76.089,1,0,heuristic,16.4592,129.1801,2.5607,-2.3115,1.3527,2.6782,-0.6438,2.0039,3.0622,-0.5280,1.9513,7.0500,-0.5568,3.0000,0.0000,0.0000,0,15.3109,977.8110,76.1318,526.9714,-450.8396,6.9115,-27.3554,1000.0000,55.6878
76.139,1,0,heuristic,16.3479,129.2373,2.5463,-2.3130,1.3204,2.6633,-0.6575,1.9958,3.0622,-0.4459,1.9513,6.9500,-0.5505,3.0000,0.0000,0.0000,0,15.3109,979.2982,179.8841,579.5911,-399.7071,7.1793,-26.5221,1000.0000,160.5412
76.189,1,0,heuristic,16.2298,129.2967,2.5218,-2.3045,1.2848,2.6384,-0.6853,1.9872,3.0622,-0.3584,1.9513,6.8461,-0.5346,3.0000,0.0000,0.0000,0,15.3109,981.2898,244.6784,612.9841,-368.3057,7.6276,-24.8483,1000.0000,227.4578
76.239,1,0,heuristic,16.1186,129.3515,2.5014,-2.3067,1.2559,2.6265,-0.4185,1.9790,3.0622,-0.2755,1.9513,6.7502,-0.5225,3.0000,0.0000,0.0000,0,15.3109,978.9997,226.9286,602.9641,-376.0355,7.8426,-29.5715,1000.0000,205.1998
76.289,1,0,heuristic,16.1186,129.3515,2.4805,-2.3067,1.2559,2.6265,-0.6943,1.9790,3.0622,-0.2755,1.9513,6.7502,-0.5015,3.0000,0.0000,0.0000,0,15.3109,974.1471,171.9788,573.0629,-401.0841,7.8426,-22.6026,1000.0000,157.2189
76.339,1,0,heuristic,16.0005,129.4087,2.4535,-2.2999,1.2249,2.6057,-0.7190,1.9701,3.0622,-0.1870,1.9513,6.6502,-0.4834,3.0000,0.0000,0.0000,0,15.3109,988.1772,196.7966,592.4869,-395.6903,8.2162,-20.8274,1000.0000,184.1853
76.389,1,0,heuristic,15.8886,129.4625,2.4372,-2.3062,1.2042,2.6017,-0.7263,1.9617,3.0622,-0.1031,1.9513,6.5569,-0.4756,3.0000,0.0000,0.0000,0,15.3109,979.5979,170.5107,575.0543,-404.5436,8.2889,-20.0187,1000.0000,158.7809
76.439,1,0,heuristic,15.7693,129.5195,2.4094,-2.3037,1.1826,2.5895,-0.7488,1.9526,3.0622,-0.0135,1.9513,6.4588,-0.4567,3.0000,0.0000,0.0000,0,15.3109,971.5759,271.3007,621.4383,-350.1376,8.5077,-18.2271,998.3107,261.5814
76.489,1,0,heuristic,15.6564,129.5733,2.3927,-2.3132,1.1701,2.5923,-0.7452,1.9440,3.0622,0.0713,1.9513,6.3674,-0.4486,3.0000,0.0000,0.0000,0,15.3109,978.0361,230.1898,604.1130,-373.9231,8.4575,-17.6104,1000.0000,221.0369
76.539,1,0,heuristic,15.5362,129.6306,2.3640,-2.3130,1.1565,2.5860,-0.7498,1.9349,3.0622,0.1617,1.9513,6.2712,-0.4291,3.0000,0.0000,0.0000,0,15.3109,988.9877,218.7178,603.8528,-385.1350,8.5711,-16.1320,1000.0000,211.1569
76.589,1,0,heuristic,15.4223,129.6854,2.3354,-2.3249,1.1534,2.5953,-0.7305,1.9263,3.0622,0.2471,1.9513,6.1809,-0.4091,3.0000,0.0000,0.0000,0,15.3109,980.7196,189.8387,585.2791,-395.4404,8.4044,-15.1100,1000.0000,183.1330
76.639,1,0,heuristic,15.4223,129.6854,2.3122,-2.3249,1.1534,2.5953,-0.4263,1.9263,3.0622,0.2471,1.9513,6.1809,-0.3859,3.0000,0.0000,0.0000,0,15.3109,954.4069,148.4038,551.4054,-403.0015,8.4044,-20.0654,982.8767,136.7429
76.689,1,0,heuristic,15.3010,129.7445,2.2829,-2.3266,1.1500,2.5953,-0.7580,1.9171,3.0622,0.3378,1.9513,6.0855,-0.3658,3.0000,0.0000,0.0000,0,15.3109,971.0565,247.8641,609.4603,-361.5962,8.4033,-11.6018,991.0616,244.6655
76.739,1,0,heuristic,15.1862,129.8011,2.2594,-2.3396,1.1561,2.6096,-0.4263,1.9086,3.0622,0.4233,1.9513,5.9958,-0.3508,3.0000,0.0000,0.0000,0,15.3109,985.4106,353.5235,669.4671,-315.9435,8.1460,-17.3928,1000.0000,344.2766
76.789,1,0,heuristic,15.0642,129.8623,2.2297,-2.3409,1.1601,2.6126,-0.4428,1.8995,3.0622,0.5139,1.9513,5.9012,-0.3303,3.0000,0.0000,0.0000,0,15.3109,977.3046,340.8126,659.0586,-318.2460,8.0920,-15.4773,1000.0000,333.4273
76.839,1,0,heuristic,14.9490,129.9211,2.2117,-2.3526,1.1732,2.6289,-0.4268,1.8911,3.0622,0.5990,1.9513,5.8123,-0.3207,3.0000,0.0000,0.0000,0,15.3109,971.0038,414.0368,692.5203,-278.4835,7.7984,-14.9674,993.7696,406.8679
76.889,1,0,heuristic,14.8265,129.9858,2.1819,-2.3533,1.1872,2.6358,-0.4228,1.8822,3.0622,0.6888,1.9513,5.7175,-0.2997,3.0000,0.0000,0.0000,0,15.3109,990.8420,413.5313,702.1867,-288.6554,7.6744,-13.4137,1000.0000,407.7920
76.939,1,0,heuristic,14.7107,130.0490,2.1580,-2.3650,1.2134,2.6581,-0.7775,1.8740,3.0622,0.7727,1.9513,5.6274,-0.2839,3.0000,0.0000,0.0000,0,15.3109,987.1367,357.2085,672.1726,-314.9641,7.2735,-4.6721,999.0823,359.8099
76.989,1,0,heuristic,14.5878,130.1191,2.1280,-2.3649,1.2401,2.6703,-0.7715,1.8654,3.0622,0.8609,1.9513,5.5308,-0.2626,3.0000,0.0000,0.0000,0,15.3109,991.4760,339.2007,665.3383,-326.1376,7.0531,-3.0840,1000.0000,343.1698
77.039,1,0,heuristic,14.4718,130.1879,2.0987,-2.3749,1.2788,2.6974,-0.7748,1.8577,3.0622,0.9430,1.9513,5.4388,-0.2411,3.0000,0.0000,0.0000,0,15.3109,988.2691,365.8932,677.0811,-311.1880,6.5669,-1.2628,996.0988,371.1972
77.089,1,0,heuristic,14.4718,130.1879,2.0754,-2.3749,1.2788,2.6974,-0.3930,1.8577,3.0622,0.9430,1.9513,5.4388,-0.2177,3.0000,0.0000,0.0000,0,15.3109,979.0292,285.0981,632.0637,-346.9655,6.5669,-7.5383,993.1343,284.1267
77.139,1,0,heuristic,14.3491,130.2638,2.0463,-2.3722,1.3150,2.7123,-0.7755,1.8494,3.0622,1.0288,1.9513,5.3404,-0.1969,3.0000,0.0000,0.0000,0,15.3109,988.7124,331.6638,660.1881,-328.5243,6.2974,2.2826,992.7273,340.2438
77.189,1,0,heuristic,14.2337,130.3379,2.0232,-2.3785,1.3608,2.7403,-0.3905,1.8421,3.0622,1.1084,1.9513,5.2471,-0.1811,3.0000,0.0000,0.0000,0,15.3109,978.5452,413.8759,696.2106,-282.3347,5.7941,-4.4014,988.7408,415.2686
77.239,1,0,heuristic,14.1118,130.4193,1.9945,-2.3715,1.4016,2.7547,-0.3835,1.8342,3.0622,1.1913,1.9513,5.1477,-0.1602,3.0000,0.0000,0.0000,0,15.3109,985.4471,382.5201,683.9836,-301.4635,5.5342,-2.7100,993.6913,385.3442
77.289,1,0,heuristic,13.9977,130.4983,1.9715,-2.3728,1.4507,2.7811,-0.7670,1.8272,3.0622,1.2680,1.9513,5.0538,-0.1442,3.0000,0.0000,0.0000,0,15.3109,989.5229,344.8121,667.1675,-322.3554,5.0587,6.8017,987.7799,356.6726
77.339,1,0,heuristic,13.8775,130.5852,1.9426,-2.3605,1.4946,2.7939,-0.7602,1.8198,3.0338,1.3473,1.9513,4.9536,-0.1228,3.0000,0.0000,0.0000,0,15.3109,991.5763,454.2096,722.8930,-268.6834,4.3172,8.5848,987.3088,467.1116
77.389,1,0,heuristic,13.7652,130.6699,1.9200,-2.3563,1.5487,2.8197,-0.3663,1.8133,2.9756,1.4201,1.9513,4.8587,-0.1067,3.0000,0.0000,0.0000,0,15.3109,969.9880,447.6885,708.8382,-261.1497,2.8072,1.8041,970.9910,452.2998
77.439,1,0,heuristic,13.6474,130.7627,1.8916,-2.3382,1.5958,2.8308,-0.3735,1.8064,2.9137,1.4950,1.9513,4.7576,-0.0852,3.0000,0.0000,0.0000,0,15.3109,984.2391,442.9432,713.5911,-270.6479,1.4922,3.9207,981.8106,448.3561
77.489,1,0,heuristic,13.5377,130.8530,1.8690,-2.3274,1.6530,2.8547,-0.7590,1.8004,2.8551,1.5633,1.9513,4.6619,-0.0686,3.0000,0.0000,0.0000,0,15.3109,994.1857,462.3113,728.2485,-265.9372,0.0074,13.5680,980.6251,475.8868
77.539,1,0,heuristic,13.5377,130.8530,1.8466,-2.3274,1.6530,2.8547,-0.3445,1.8004,2.8551,1.5633,1.9513,4.6619,-0.0463,3.0000,0.0000,0.0000,0,15.3109,990.5137,485.0401,737.7769,-252.7368,0.0074,6.7949,983.7262,491.8424
77.589,1,0,heuristic,13.4231,130.9520,1.8188,-2.3026,1.7033,2.8641,-0.7580,1.7940,2.7927,1.6329,1.9513,4.5599,-0.0248,3.0000,0.0000,0.0000,0,15.3109,991.2785,494.0465,742.6625,-248.6160,-1.2861,17.4723,972.5201,510.2327
77.639,1,0,heuristic,13.3169,131.0482,1.7915,-2.2848,1.7633,2.8861,-0.7398,1.7885,2.7336,1.6959,1.9513,4.4635,-0.0029,3.0000,0.0000,0.0000,0,15.3109,991.8274,397.3076,694.5675,-297.2599,-2.7451,19.1176,969.9647,413.6801
77.689,1,0,heuristic,13.2063,131.1535,1.7642,-2.2534,1.8155,2.8937,-0.7540,1.7827,2.6706,1.7595,1.9513,4.3607,0.0185,3.0000,0.0000,0.0000,0,15.3109,972.0700,452.5618,712.3159,-259.7541,-4.0157,21.4083,946.6460,469.9544
77.739,1,0,heuristic,13.1040,131.2557,1.7429,-2.2288,1.8783,2.9147,-0.3335,1.7779,2.6111,1.8165,1.9513,4.2634,0.0350,3.0000,0.0000,0.0000,0,15.3109,991.8640,562.2757,777.0698,-214.7941,-5.4649,14.1084,972.2908,570.9192
77.789,1,0,heuristic,12.9978,131.3671,1.7163,-2.1913,1.9313,2.9209,-0.3168,1.7727,2.5477,1.8737,1.9513,4.1600,0.0564,3.0000,0.0000,0.0000,0,15.3109,986.3145,528.1330,757.2237,-229.0908,-6.7171,15.7149,963.8825,537.1307
77.839,1,0,heuristic,12.9000,131.4746,1.6952,-2.1607,1.9929,2.9394,-0.7260,1.7684,2.4882,1.9246,1.9513,4.0628,0.0733,3.0000,0.0000,0.0000,0,15.3109,985.6936,462.8691,724.2814,-261.4122,-8.1216,25.8468,951.7251,480.5943
77.889,1,0,heuristic,12.7989,131.5917,1.6690,-2.1175,2.0447,2.9436,-0.3083,1.7639,2.4249,1.9750,1.9513,3.9595,0.0948,3.0000,0.0000,0.0000,0,15.3109,987.9766,549.8369,768.9067,-219.0698,-9.3357,18.9972,959.6436,559.4985
77.939,1,0,heuristic,12.7061,131.7051,1.6433,-2.0806,2.1082,2.9620,-0.3048,1.7603,2.3651,2.0191,1.9513,3.8619,0.1169,3.0000,0.0000,0.0000,0,15.3109,984.2306,572.5657,778.3981,-205.8325,-10.7432,20.8524,952.6350,582.6748
77.989,1,0,heuristic,12.6105,131.8283,1.6230,-2.0320,2.1604,2.9658,-0.7280,1.7564,2.3017,2.0620,1.9513,3.7584,0.1334,3.0000,0.0000,0.0000,0,15.3109,983.6068,474.4480,729.0274,-254.5794,-11.9535,31.1743,940.4789,493.6688
78.039,1,0,heuristic,12.5232,131.9470,1.5929,-1.9894,2.2227,2.9830,-0.2635,1.7535,2.2422,2.0990,1.9513,3.6611,0.1606,3.0000,0.0000,0.0000,0,15.3109,993.2223,472.7539,732.9881,-260.2342,-13.3344,23.6889,956.1989,483.1083
78.089,1,0,heuristic,12.4338,132.0757,1.5681,-1.9354,2.2734,2.9857,-0.6937,1.7503,2.1790,2.1343,1.9513,3.5580,0.1823,3.0000,0.0000,0.0000,0,15.3109,990.7286,506.1535,748.4411,-242.2876,-14.5193,34.4968,941.7125,526.1311
78.139,1,0,heuristic,12.3525,132.1993,1.5485,-1.8873,2.3338,3.0014,-0.2560,1.7481,2.1200,2.1639,1.9513,3.4615,0.1995,3.0000,0.0000,0.0000,0,15.3109,988.7944,548.4213,768.6079,-220.1865,-15.8650,26.6925,946.2368,559.2488
78.189,1,0,heuristic,12.2694,132.3326,1.5244,-1.8293,2.3797,3.0015,-0.2655,1.7455,2.0579,2.1915,1.9513,3.3602,0.2212,3.0000,0.0000,0.0000,0,15.3109,963.5119,619.7589,791.6354,-171.8765,-16.9848,28.5849,917.9422,631.3590
78.239,1,0,heuristic,12.1941,132.4602,1.5051,-1.7770,2.4352,3.0147,-0.7243,1.7439,2.0001,2.2140,1.9513,3.2659,0.2387,3.0000,0.0000,0.0000,0,15.3109,977.4154,592.6413,785.0284,-192.3871,-18.2614,39.5621,919.5920,613.9420
78.289,1,0,heuristic,12.1178,132.5977,1.4810,-1.7152,2.4771,3.0130,-0.7023,1.7420,1.9395,2.2338,1.9513,3.1669,0.2610,3.0000,0.0000,0.0000,0,15.3109,915.0185,579.2509,747.1347,-167.8838,-19.3226,40.7477,854.9482,600.6761
78.340,1,0,heuristic,12.1178,132.5977,1.4624,-1.7152,2.4771,3.0130,-0.2208,1.7420,1.9395,2.2338,1.9513,3.1669,0.2796,3.0000,0.0000,0.0000,0,15.3109,986.3983,533.3706,759.8845,-226.5138,-19.3226,31.9610,935.1146,546.0091
78.389,1,0,heuristic,12.0492,132.7294,1.4392,-1.6580,2.5302,3.0250,-0.1970,1.7410,1.8831,2.2486,1.9513,3.0748,0.3019,3.0000,0.0000,0.0000,0,15.3109,922.0573,538.5440,730.3007,-191.7566,-20.5550,33.0305,868.4717,551.0196
78.439,1,0,heuristic,11.9802,132.8710,1.4209,-1.5918,2.5690,3.0222,-0.6740,1.7399,1.8241,2.2601,1.9513,2.9785,0.3190,3.0000,0.0000,0.0000,0,15.3109,860.9394,609.3077,735.1236,-125.8159,-21.5650,44.2265,795.1479,631.9692
78.489,2,0,heuristic,11.9185,133.0059,1.4030,-1.5305,2.6172,3.0319,-0.2050,0.9846,1.5000,-0.2175,0.9739,20.3075,-0.4184,3.0000,0.0000,3.0000,0,17.4247,844.3393,659.4111,751.8752,-92.4641,-27.5735,4.2265,812.5393,636.0641
78.539,2,0,heuristic,11.8567,133.1502,1.3853,-1.4622,2.6488,3.0256,-0.6905,0.9781,1.5000,-0.0852,0.9739,20.2219,-0.4071,3.0000,0.0000,3.0000,0,17.4247,812.0292,640.2657,726.1475,-85.8818,-27.4607,-5.5600,790.1286,607.2451
78.589,2,0,heuristic,11.8018,133.2871,1.3635,-1.3982,2.6893,3.0311,-0.1560,0.9721,1.5000,0.0370,0.9739,20.1394,-0.3915,3.0000,0.0000,3.0000,0,17.4247,736.7718,530.4871,633.6295,-103.1424,-27.5598,-15.7147,724.9267,487.2127
78.639,2,0,heuristic,11.7476,133.4331,1.3466,-1.3273,2.7133,3.0206,-0.6462,0.9657,1.5000,0.1640,0.9739,20.0497,-0.3809,3.0000,0.0000,3.0000,0,17.4247,644.3831,549.1657,596.7744,-47.6087,-27.3702,-4.5861,621.5991,517.2093
78.689,2,0,heuristic,11.6999,133.5713,1.3261,-1.2605,2.7463,3.0218,-0.6358,0.9598,1.5000,0.2811,0.9739,19.9635,-0.3663,3.0000,0.0000,3.0000,0,17.4247,537.8377,487.3793,512.6085,-25.2292,-27.3922,-3.8035,514.2491,456.1836
78.739,2,0,heuristic,11.6999,133.5713,1.3100,-1.2605,2.7463,3.0218,-0.1160,0.9598,1.5000,0.2811,0.9739,19.9635,-0.3502,3.0000,0.0000,3.0000,0,17.4247,469.3510,408.3576,438.8543,-30.4967,-27.3922,-13.9355,455.8943,367.0299
78.789,2,0,heuristic,11.6528,133.7175,1.2906,-1.1896,2.7592,3.0047,-0.1115,0.9537,1.5000,0.4022,0.9739,19.8712,-0.3369,3.0000,0.0000,3.0000,0,17.4247,441.1487,361.4997,401.3242,-39.8245,-27.0845,-13.0840,427.1482,321.3312
78.839,2,0,heuristic,11.6115,133.8541,1.2717,-1.1239,2.7765,2.9954,-0.0935,0.9480,1.5000,0.5132,0.9739,19.7841,-0.3237,3.0000,0.0000,3.0000,0,17.4247,422.4557,401.1043,411.7800,-10.6757,-26.9167,-12.5475,408.0866,361.6401
78.889,2,0,heuristic,11.5708,133.9967,1.2536,-1.0556,2.7700,2.9643,-0.6020,0.9421,1.5000,0.6271,0.9739,19.6923,-0.3115,3.0000,0.0000,3.0000,0,17.4247,460.9361,291.3815,376.1588,-84.7773,-26.3574,-0.9984,435.5770,264.0257
78.939,2,0,heuristic,11.5349,134.1284,1.2464,-0.9939,2.7646,2.9378,-0.5910,0.9366,1.5000,0.7307,0.9739,19.6071,-0.3098,3.0000,0.0000,3.0000,0,17.4247,401.2403,192.8781,297.0592,-104.1811,-25.8805,-0.8991,376.2590,166.0985
78.989,2,0,heuristic,11.4994,134.2647,1.2295,-0.9315,2.7359,2.8901,-0.5893,0.9310,1.5000,0.8366,0.9739,19.5187,-0.2985,3.0000,0.0000,3.0000,0,17.4247,372.4413,184.1608,278.3010,-94.1402,-25.0218,-0.1376,347.5571,159.0014
79.039,2,0,heuristic,11.4681,134.3899,1.2163,-0.8759,2.7105,2.8485,-0.0408,0.9259,1.5000,0.9330,0.9739,19.4372,-0.2904,3.0000,0.0000,3.0000,0,17.4247,467.7237,206.6526,337.1881,-130.5355,-24.2736,-11.0434,454.4935,171.3356
79.089,2,0,heuristic,11.4681,134.3899,1.2034,-0.8759,2.7105,2.8485,-0.5863,0.9259,1.5000,0.9330,0.9739,19.4372,-0.2775,3.0000,0.0000,3.0000,0,17.4247,417.9594,171.8309,294.8952,-123.0643,-24.2736,1.0421,392.6438,148.5994
79.139,2,0,heuristic,11.4365,134.5186,1.1876,-0.8221,2.6634,2.7874,-0.0403,0.9206,1.5000,1.0314,0.9739,19.3536,-0.2670,3.0000,0.0000,3.0000,0,17.4247,446.6545,181.2432,313.9488,-132.7056,-23.1724,-9.6881,433.1701,148.3827
79.189,2,0,heuristic,11.4081,134.6359,1.1782,-0.7760,2.6195,2.7320,-0.5717,0.9157,1.5000,1.1208,0.9739,19.2776,-0.2625,3.0000,0.0000,3.0000,0,17.4247,534.8913,90.1372,312.5142,-222.3770,-22.1760,1.8907,510.8246,69.8520
79.240,2,0,heuristic,11.3794,134.7564,1.1626,-0.7314,2.5590,2.6615,-0.0460,0.9107,1.5000,1.2124,0.9739,19.1998,-0.2519,3.0000,0.0000,3.0000,0,17.4247,644.7333,55.5321,350.1327,-294.6006,-20.9072,-8.4369,632.2629,26.1880
79.289,2,0,heuristic,11.3535,134.8667,1.1533,-0.6930,2.5067,2.6008,-0.6023,0.9061,1.5000,1.2958,0.9739,19.1288,-0.2472,3.0000,0.0000,3.0000,0,17.4247,587.5468,64.1855,325.8662,-261.6807,-19.8138,3.6495,564.0836,48.0212
79.339,2,0,heuristic,11.3535,134.8667,1.1438,-0.6930,2.5067,2.6008,-0.5890,0.9061,1.5000,1.2958,0.9739,19.1288,-0.2376,3.0000,0.0000,3.0000,0,17.4247,567.3211,148.0841,357.7026,-209.6185,-19.8138,3.8361,543.6712,132.1063
79.389,2,0,heuristic,11.3272,134.9807,1.1247,-0.6555,2.4437,2.5301,-0.6328,0.9013,1.5000,1.3815,0.9739,19.0555,-0.2233,3.0000,0.0000,3.0000,0,17.4247,542.7095,192.7212,367.7154,-174.9942,-18.5419,5.6303,518.5373,179.8096
79.439,2,0,heuristic,11.3034,135.0861,1.1147,-0.6236,2.3942,2.4741,-0.0897,0.8969,1.5000,1.4605,0.9739,18.9878,-0.2178,3.0000,0.0000,3.0000,0,17.4247,590.4707,164.3840,377.4273,-213.0434,-17.5335,-5.3462,578.2833,141.5043
79.489,2,0,heuristic,11.2794,135.1962,1.1011,-0.5910,2.3388,2.4123,-0.6620,0.8923,1.5000,1.5422,0.9739,18.9169,-0.2088,3.0000,0.0000,3.0000,0,17.4247,637.0289,202.3663,419.6976,-217.3313,-16.4216,7.2727,613.3345,193.2174
79.539,2,0,heuristic,11.2585,135.2989,1.0871,-0.5600,2.2990,2.3662,-0.0715,0.8880,1.5000,1.6172,0.9739,18.8503,-0.1991,3.0000,0.0000,3.0000,0,17.4247,648.2092,238.1045,443.1568,-205.0524,-15.5921,-4.5141,637.1312,217.9982
79.589,2,0,heuristic,11.2384,135.4073,1.0693,-0.5253,2.2561,2.3165,-0.6603,0.8835,1.5000,1.6948,0.9739,18.7791,-0.1858,3.0000,0.0000,3.0000,0,17.4247,601.8422,196.5294,399.1858,-202.6564,-14.6968,8.6448,578.5006,190.4775
79.639,2,0,heuristic,11.2217,135.5097,1.0513,-0.4899,2.2314,2.2845,-0.6640,0.8794,1.5000,1.7661,0.9739,18.7107,-0.1719,3.0000,0.0000,3.0000,0,17.4247,661.1377,231.3358,446.2368,-214.9010,-14.1219,9.5298,637.4861,226.7437
79.689,2,0,heuristic,11.2217,135.5097,1.0440,-0.4899,2.2314,2.2845,-0.6730,0.8794,1.5000,1.7661,0.9739,18.7107,-0.1646,3.0000,0.0000,3.0000,0,17.4247,639.3643,256.8405,448.1024,-191.2619,-14.1219,10.0772,615.1652,252.7958
79.739,2,0,heuristic,11.2067,135.6188,1.0254,-0.4496,2.2048,2.2502,-0.0833,0.8750,1.5000,1.8399,0.9739,18.6364,-0.1504,3.0000,0.0000,3.0000,0,17.4247,671.4758,210.7838,441.1298,-230.3460,-13.5036,-1.4841,659.4563,195.7961
79.789,2,0,heuristic,11.1952,135.7223,1.0142,-0.4076,2.1951,2.2326,-0.6703,0.8710,1.5000,1.9076,0.9739,18.5645,-0.1432,3.0000,0.0000,3.0000,0,17.4247,712.9851,222.0040,467.4946,-245.4906,-13.1876,11.3094,688.4881,220.1257
79.839,2,0,heuristic,11.1861,135.8331,0.9915,-0.3608,2.1824,2.2120,-0.6885,0.8667,1.5000,1.9773,0.9739,18.4857,-0.1247,3.0000,0.0000,3.0000,0,17.4247,745.7069,220.3830,483.0450,-262.6620,-12.8169,12.7104,720.1796,220.2765
79.889,2,0,heuristic,11.1805,135.9386,0.9761,-0.3121,2.1854,2.2075,-0.0793,0.8628,1.5000,2.0413,0.9739,18.4090,-0.1133,3.0000,0.0000,3.0000,0,17.4247,733.0192,250.4553,491.7372,-241.2820,-12.7357,0.5775,719.7060,238.2971
79.939,2,0,heuristic,11.1805,135.9386,0.9606,-0.3121,2.1854,2.2075,-0.7055,0.8628,1.5000,2.0413,0.9739,18.4090,-0.0978,3.0000,0.0000,3.0000,0,17.4247,714.4927,271.8321,493.1624,-221.3303,-12.7357,14.4850,687.2720,273.5814
79.989,2,0,heuristic,11.1778,136.0517,0.9448,-0.2601,2.1833,2.1987,-0.1035,0.8587,1.5000,2.1071,0.9739,18.3250,-0.0862,3.0000,0.0000,3.0000,0,17.4247,715.1491,300.1015,507.6253,-207.5238,-12.5769,2.5164,700.0558,290.0410
80.039,2,0,heuristic,11.1783,136.1594,0.9289,-0.2062,2.1955,2.2052,-0.7253,0.8548,1.5000,2.1673,0.9739,18.2433,-0.0740,3.0000,0.0000,3.0000,0,17.4247,678.5720,262.9181,470.7450,-207.8269,-12.6934,16.2590,649.6196,266.4837
80.089,2,0,heuristic,11.1821,136.2748,0.9084,-0.1504,2.2000,2.2052,-0.7263,0.8508,1.5000,2.2289,0.9739,18.1540,-0.0576,3.0000,0.0000,3.0000,0,17.4247,661.5420,278.0102,469.7761,-191.7659,-12.6931,17.1767,631.6722,282.4939
80.139,2,0,heuristic,11.1887,136.3842,0.8964,-0.0928,2.2160,2.2180,-0.7130,0.8471,1.5000,2.2850,0.9739,18.0675,-0.0493,3.0000,0.0000,3.0000,0,17.4247,676.8623,293.0173,484.9398,-191.9225,-12.9234,17.3872,646.5517,297.4811
80.189,2,0,heuristic,11.1988,136.5007,0.8799,-0.0353,2.2207,2.2210,-0.1130,0.8432,1.5000,2.3421,0.9739,17.9736,-0.0367,3.0000,0.0000,3.0000,0,17.4247,717.1877,275.4643,496.3260,-220.8617,-12.9785,5.4826,698.7266,267.9683
80.239,2,0,heuristic,11.2110,136.6103,0.8553,0.0225,2.2336,2.2337,-0.7258,0.8397,1.5000,2.3936,0.9739,17.8837,-0.0156,3.0000,0.0000,3.0000,0,17.4247,678.6777,277.5784,478.1280,-200.5496,-13.2062,19.4522,646.0193,283.8243
80.289,2,0,heuristic,11.2110,136.6103,0.8427,0.0225,2.2336,2.2337,-0.7408,0.8397,1.5000,2.3936,0.9739,17.8837,-0.0031,3.0000,0.0000,3.0000,0,17.4247,748.2920,274.8617,511.5769,-236.7152,-13.2062,20.3775,714.7084,282.0330
80.339,2,0,heuristic,11.2268,136.7265,0.8224,0.0788,2.2336,2.2350,-0.7500,0.8360,1.5000,2.4459,0.9739,17.7868,0.0136,3.0000,0.0000,3.0000,0,17.4247,701.1263,306.4477,503.7870,-197.3393,-13.2296,21.4550,666.4416,314.6731
80.389,2,0,heuristic,11.2442,136.8357,0.8099,0.1356,2.2421,2.2462,-0.7218,0.8326,1.5000,2.4929,0.9739,17.6942,0.0227,3.0000,0.0000,3.0000,0,17.4247,727.9775,338.6811,533.3293,-194.6482,-13.4322,21.3703,693.1750,346.6192
80.439,2,0,heuristic,11.2655,136.9514,0.7895,0.1904,2.2385,2.2466,-0.7562,0.8290,1.5000,2.5403,0.9739,17.5944,0.0395,3.0000,0.0000,3.0000,0,17.4247,703.6252,308.4673,506.0463,-197.5790,-13.4387,22.9791,667.2075,318.0076
80.489,2,0,heuristic,11.2882,137.0602,0.7730,0.2469,2.2440,2.2576,-0.0638,0.8258,1.5000,2.5826,0.9739,17.4990,0.0528,3.0000,0.0000,3.0000,0,17.4247,691.9129,309.3583,500.6356,-191.2773,-13.6363,9.1358,669.1409,304.8578
80.539,2,0,heuristic,11.3153,137.1754,0.7524,0.3017,2.2383,2.2586,-0.7495,0.8224,1.5000,2.6250,0.9739,17.3960,0.0700,3.0000,0.0000,3.0000,0,17.4247,691.4380,342.3314,516.8847,-174.5533,-13.6543,24.4333,653.3505,353.1104
80.589,2,0,heuristic,11.3435,137.2837,0.7320,0.3590,2.2421,2.2707,-0.7320,0.8194,1.5000,2.6625,0.9739,17.2975,0.0874,3.0000,0.0000,3.0000,0,17.4247,649.5972,346.1905,497.8939,-151.7033,-13.8719,24.9580,610.7673,357.2766
80.639,2,0,heuristic,11.3435,137.2837,0.7157,0.3590,2.2421,2.2707,-0.0793,0.8194,1.5000,2.6625,0.9739,17.2975,0.1037,3.0000,0.0000,3.0000,0,17.4247,608.4146,395.7617,502.0882,-106.3265,-13.8719,12.0465,582.4962,393.9364
80.689,2,0,heuristic,11.3764,137.3984,0.6955,0.4136,2.2348,2.2727,-0.0673,0.8162,1.5000,2.6998,0.9739,17.1914,0.1207,3.0000,0.0000,3.0000,0,17.4247,674.1377,368.9582,521.5479,-152.5898,-13.9094,12.6677,647.5607,367.7165
80.739,2,0,heuristic,11.4102,137.5063,0.6834,0.4717,2.2372,2.2864,-0.0473,0.8133,1.5000,2.7325,0.9739,17.0897,0.1300,3.0000,0.0000,3.0000,0,17.4247,632.2769,387.5692,509.9230,-122.3539,-14.1548,12.7398,605.3824,386.1542
80.789,2,0,heuristic,11.4490,137.6202,0.6597,0.5268,2.2279,2.2894,-0.7073,0.8104,1.5000,2.7644,0.9739,16.9803,0.1507,3.0000,0.0000,3.0000,0,17.4247,639.8266,399.9050,519.8658,-119.9608,-14.2085,27.6487,597.9695,413.3452
80.839,2,0,heuristic,11.4885,137.7271,0.6442,0.5860,2.2277,2.3035,-0.0382,0.8077,1.5000,2.7918,0.9739,16.8757,0.1635,3.0000,0.0000,3.0000,0,17.4247,632.6535,400.5747,516.6141,-116.0394,-14.4627,14.2556,603.9353,400.3676
80.889,2,0,heuristic,11.5335,137.8399,0.6289,0.6419,2.2161,2.3072,-0.7250,0.8050,1.5000,2.8180,0.9739,16.7631,0.1761,3.0000,0.0000,3.0000,0,17.4247,629.5301,354.0687,491.7994,-137.7307,-14.5288,29.3205,585.6808,368.8604
80.939,2,0,heuristic,11.5788,137.9455,0.6102,0.7021,2.2130,2.3217,-0.0203,0.8026,1.5000,2.8399,0.9739,16.6557,0.1924,3.0000,0.0000,3.0000,0,17.4247,638.5367,383.0131,510.7749,-127.7618,-14.7911,15.3401,608.4054,383.5621
80.989,2,0,heuristic,11.6298,138.0567,0.5919,0.7580,2.1979,2.3250,-0.0130,0.8001,1.5000,2.8602,0.9739,16.5403,0.2082,3.0000,0.0000,3.0000,0,17.4247,633.9644,401.2616,517.6130,-116.3514,-14.8495,15.9817,603.1331,402.3938
81.039,2,0,heuristic,11.6804,138.1604,0.5776,0.8171,2.1906,2.3380,-0.7120,0.7979,1.5000,2.8766,0.9739,16.4307,0.2203,3.0000,0.0000,3.0000,0,17.4247,603.4776,393.7734,498.6255,-104.8521,-15.0837,31.2713,557.1226,409.9609
81.089,2,0,heuristic,11.7366,138.2693,0.5597,0.8700,2.1712,2.3390,-0.7165,0.7957,1.5000,2.8913,0.9739,16.3135,0.2360,3.0000,0.0000,3.0000,0,17.4247,570.2468,414.2727,492.2598,-77.9870,-15.1016,32.1465,522.9987,431.3177
81.139,2,0,heuristic,11.7919,138.3707,0.5426,0.9265,2.1597,2.3500,-0.6967,0.7938,1.5000,2.9026,0.9739,16.2024,0.2512,3.0000,0.0000,3.0000,0,17.4247,549.0151,404.7804,476.8977,-72.1173,-15.3002,32.4838,501.2311,421.9641
81.189,2,0,heuristic,11.8529,138.4769,0.5256,0.9756,2.1360,2.3483,0.0470,0.7919,1.5000,2.9118,0.9739,16.0840,0.2662,3.0000,0.0000,3.0000,0,17.4247,575.8848,382.5711,479.2279,-96.6568,-15.2690,17.6090,543.0068,384.9110
81.239,2,0,heuristic,11.9122,138.5754,0.5092,1.0277,2.1193,2.3553,0.0395,0.7902,1.5000,2.9181,0.9739,15.9722,0.2810,3.0000,0.0000,3.0000,0,17.4247,593.6762,410.4398,502.0580,-91.6182,-15.3950,18.4948,559.7864,413.5396
81.289,2,0,heuristic,11.9122,138.5754,0.4963,1.0277,2.1193,2.3553,-0.6703,0.7902,1.5000,2.9181,0.9739,15.9722,0.2938,3.0000,0.0000,3.0000,0,17.4247,619.9839,384.8020,502.3930,-117.5910,-15.3950,34.0242,570.5647,403.4312
81.339,2,0,heuristic,11.9770,138.6781,0.4805,1.0712,2.0904,2.3489,-0.6660,0.7885,1.5000,2.9223,0.9739,15.8537,0.3080,3.0000,0.0000,3.0000,0,17.4247,635.2135,418.5787,526.8961,-108.3174,-15.2795,34.6317,585.3023,437.9309
81.389,2,0,heuristic,12.0395,138.7734,0.4655,1.1177,2.0693,2.3519,-0.6562,0.7871,1.5000,2.9241,0.9739,15.7420,0.3216,3.0000,0.0000,3.0000,0,17.4247,594.5181,444.1779,519.3480,-75.1701,-15.3337,35.0909,544.0935,463.9351
81.439,2,0,heuristic,12.1078,138.8729,0.4505,1.1566,2.0382,2.3435,0.0658,0.7857,1.5000,2.9236,0.9739,15.6234,0.3351,3.0000,0.0000,3.0000,0,17.4247,558.1976,477.8093,518.0034,-40.1942,-15.1835,20.5873,522.4269,483.2131
81.489,2,0,heuristic,12.1739,138.9653,0.4388,1.2005,2.0158,2.3462,-0.6415,0.7845,1.5000,2.9209,0.9739,15.5113,0.3457,3.0000,0.0000,3.0000,0,17.4247,535.2791,526.1992,530.7391,-4.5399,-15.2312,35.9505,484.0974,546.9184
81.539,2,0,heuristic,12.2460,139.0619,0.4245,1.2380,1.9841,2.3387,-0.6482,0.7833,1.5000,2.9155,0.9739,15.3920,0.3588,3.0000,0.0000,3.0000,0,17.4247,544.7549,508.7777,526.7663,-17.9886,-15.0968,36.7275,492.9306,530.4084
81.589,2,0,heuristic,12.3160,139.1515,0.4133,1.2819,1.9606,2.3425,0.1105,0.7824,1.5000,2.9080,0.9739,15.2792,0.3691,3.0000,0.0000,3.0000,0,17.4247,551.0179,458.8457,504.9318,-46.0861,-15.1650,21.2859,514.5669,464.9665
81.639,2,0,heuristic,12.3924,139.2449,0.3973,1.3194,1.9275,2.3359,-0.6288,0.7816,1.5000,2.8973,0.9739,15.1592,0.3843,3.0000,0.0000,3.0000,0,17.4247,541.7463,407.1717,474.4590,-67.2873,-15.0457,37.5420,489.1587,429.6680
81.689,2,0,heuristic,12.4665,139.3313,0.3846,1.3643,1.9021,2.3408,0.1360,0.7810,1.5000,2.8846,0.9739,15.0457,0.3964,3.0000,0.0000,3.0000,0,17.4247,529.3287,456.1443,492.7365,-36.5922,-15.1349,22.0547,492.1390,463.0641
81.739,2,0,heuristic,12.5473,139.4213,0.3726,1.4021,1.8679,2.3356,0.1532,0.7805,1.5000,2.8684,0.9739,14.9250,0.4079,3.0000,0.0000,3.0000,0,17.4247,492.4243,426.0080,459.2162,-33.2081,-15.0401,22.2371,455.1470,433.2050
81.789,2,0,heuristic,12.6250,139.5047,0.3634,1.4456,1.8416,2.3412,-0.5965,0.7802,1.5000,2.8509,0.9739,14.8111,0.4169,3.0000,0.0000,3.0000,0,17.4247,462.8551,443.7524,453.3038,-9.5514,-15.1421,38.3979,409.3151,467.0082
81.839,2,0,heuristic,12.7090,139.5914,0.3543,1.4796,1.8070,2.3355,0.1605,0.7800,1.5000,2.8302,0.9739,14.6904,0.4257,3.0000,0.0000,3.0000,0,17.4247,474.4914,454.8382,464.6648,-9.8266,-15.0388,22.9080,436.5446,462.7074
81.889,2,0,heuristic,12.7894,139.6716,0.3437,1.5188,1.7796,2.3396,0.1960,0.7800,1.5000,2.8087,0.9739,14.5768,0.4363,3.0000,0.0000,3.0000,0,17.4247,480.8834,452.3744,466.6289,-14.2545,-15.1127,22.6567,443.1140,459.9183
81.939,2,0,heuristic,12.8758,139.7547,0.3331,1.5473,1.7435,2.3311,0.1930,0.7801,1.5000,2.7840,0.9739,14.4569,0.4470,3.0000,0.0000,3.0000,0,17.4247,490.7431,478.8729,484.8080,-5.9351,-14.9590,23.2104,452.5737,487.1243
81.989,2,0,heuristic,12.9582,139.8314,0.3232,1.5809,1.7141,2.3318,-0.5820,0.7804,1.5000,2.7590,0.9739,14.3445,0.4571,3.0000,0.0000,3.0000,0,17.4247,438.7949,480.0956,459.4453,20.6504,-14.9732,39.9509,383.8709,505.0733
82.039,2,0,heuristic,13.0465,139.9108,0.3139,1.6043,1.6770,2.3208,-0.5775,0.7808,1.5000,2.7306,0.9739,14.2259,0.4669,3.0000,0.0000,3.0000,0,17.4247,412.0258,438.4058,425.2158,13.1900,-14.7738,40.2961,356.9559,463.9281
82.089,2,0,heuristic,13.1305,139.9841,0.3048,1.6337,1.6469,2.3197,-0.5408,0.7813,1.5000,2.7023,0.9739,14.1146,0.4765,3.0000,0.0000,3.0000,0,17.4247,427.3465,465.1325,446.2395,18.8930,-14.7551,39.9590,372.6323,490.3364
82.139,2,0,heuristic,13.2204,140.0599,0.2967,1.6527,1.6091,2.3067,-0.5543,0.7819,1.5000,2.6706,0.9739,13.9974,0.4853,3.0000,0.0000,3.0000,0,17.4247,416.9679,448.6819,432.8249,15.8570,-14.5201,40.6327,361.8151,474.7945
82.189,2,0,heuristic,13.3054,140.1295,0.2890,1.6764,1.5773,2.3018,0.2655,0.7827,1.5000,2.6394,0.9739,13.8880,0.4937,3.0000,0.0000,3.0000,0,17.4247,402.8054,471.3295,437.0674,34.2620,-14.4327,23.7916,364.5812,480.6884
82.239,2,0,heuristic,13.3959,140.2014,0.2832,1.6891,1.5382,2.2845,-0.5265,0.7836,1.5000,2.6049,0.9739,13.7732,0.5004,3.0000,0.0000,3.0000,0,17.4247,422.7124,489.1566,455.9345,33.2221,-14.1213,40.7056,367.8854,515.7408
82.289,2,0,heuristic,13.4814,140.2673,0.2767,1.7075,1.5052,2.2762,-0.5190,0.7846,1.5000,2.5713,0.9739,13.6661,0.5080,3.0000,0.0000,3.0000,0,17.4247,387.5269,482.4559,434.9914,47.4645,-13.9716,40.8731,332.6822,509.3574
82.339,2,0,heuristic,13.4814,140.2673,0.2718,1.7075,1.5052,2.2762,0.2965,0.7846,1.5000,2.5713,0.9739,13.6661,0.5128,3.0000,0.0000,3.0000,0,17.4247,361.1099,497.4340,429.2719,68.1621,-13.9716,23.9850,323.1533,507.4473
82.389,2,0,heuristic,13.5724,140.3353,0.2665,1.7160,1.4657,2.2568,0.3085,0.7858,1.5000,2.5342,0.9739,13.5537,0.5193,3.0000,0.0000,3.0000,0,17.4247,357.0097,509.6940,433.3519,76.3422,-13.6215,24.0018,319.3863,520.0743
82.439,2,0,heuristic,13.6587,140.3977,0.2614,1.7322,1.4325,2.2477,0.3392,0.7871,1.5000,2.4979,0.9739,13.4486,0.5257,3.0000,0.0000,3.0000,0,17.4247,357.6147,467.7971,412.7059,55.0912,-13.4595,23.6165,320.5387,477.9541
82.489,2,0,heuristic,13.7506,140.4620,0.2580,1.7394,1.3934,2.2286,-0.4710,0.7886,1.5000,2.4580,0.9739,13.3381,0.5306,3.0000,0.0000,3.0000,0,17.4247,341.1380,460.8896,401.0138,59.8758,-13.1156,40.8186,287.2039,488.5926
82.539,2,0,heuristic,13.8377,140.5210,0.2537,1.7543,1.3603,2.2199,-0.4775,0.7901,1.5000,2.4192,0.9739,13.2350,0.5364,3.0000,0.0000,3.0000,0,17.4247,341.0150,462.7195,401.8673,60.8522,-12.9582,41.1850,286.8718,490.9462
82.589,2,0,heuristic,13.9305,140.5817,0.2513,1.7605,1.3219,2.2015,0.3678,0.7919,1.5000,2.3765,0.9739,13.1265,0.5406,3.0000,0.0000,3.0000,0,17.4247,348.5416,495.6490,422.0953,73.5537,-12.6273,23.5769,312.3374,506.5986
82.639,2,0,heuristic,14.0183,140.6374,0.2498,1.7740,1.2896,2.1933,0.3872,0.7936,1.5000,2.3353,0.9739,13.0252,0.5438,3.0000,0.0000,3.0000,0,17.4247,354.0654,498.4157,426.2406,72.1752,-12.4785,23.2679,318.3191,509.2051
82.689,2,0,heuristic,14.1116,140.6948,0.2478,1.7782,1.2525,2.1750,0.4080,0.7957,1.5000,2.2903,0.9739,12.9189,0.5479,3.0000,0.0000,3.0000,0,17.4247,346.1657,510.8817,428.5237,82.3580,-12.1499,22.9641,311.0517,521.6958
82.739,2,0,heuristic,14.1999,140.7475,0.2467,1.7905,1.2213,2.1674,-0.4455,0.7977,1.5000,2.2469,0.9739,12.8195,0.5510,3.0000,0.0000,3.0000,0,17.4247,320.2192,494.1536,407.1864,86.9672,-12.0135,40.9774,267.2283,523.1175
82.789,2,0,heuristic,14.1999,140.7475,0.2459,1.7905,1.2213,2.1674,0.4258,0.7977,1.5000,2.2469,0.9739,12.8195,0.5518,3.0000,0.0000,3.0000,0,17.4247,332.1318,500.5836,416.3577,84.2259,-12.0135,22.7191,297.3992,511.2892
82.839,2,0,heuristic,14.2941,140.8018,0.2457,1.7946,1.1862,2.1512,0.4455,0.8000,1.5000,2.1996,0.9739,12.7149,0.5543,3.0000,0.0000,3.0000,0,17.4247,318.4014,489.6470,404.0242,85.6228,-11.7220,22.3542,284.3252,500.2791
82.889,2,0,heuristic,14.3832,140.8518,0.2456,1.8072,1.1570,2.1458,0.4627,0.8024,1.5000,2.1539,0.9739,12.6170,0.5568,3.0000,0.0000,3.0000,0,17.4247,311.0840,468.9657,390.0249,78.9409,-11.6248,22.0429,277.4164,479.3838
82.939,2,0,heuristic,14.4781,140.9033,0.2460,1.8106,1.1236,2.1309,-0.4193,0.8049,1.5000,2.1044,0.9739,12.5140,0.5589,3.0000,0.0000,3.0000,0,17.4247,299.5991,485.3240,392.4615,92.8625,-11.3567,40.5913,247.6511,514.5587
82.989,2,0,heuristic,14.5677,140.9505,0.2468,1.8217,1.0958,2.1259,0.4838,0.8075,1.5000,2.0568,0.9739,12.4179,0.5607,3.0000,0.0000,3.0000,0,17.4247,296.5172,493.6989,395.1081,98.5909,-11.2656,21.6386,263.6129,504.0719
83.039,2,0,heuristic,14.5677,140.9505,0.2480,1.8217,1.0958,2.1259,-0.3940,0.8075,1.5000,2.0568,0.9739,12.4179,0.5595,3.0000,0.0000,3.0000,0,17.4247,287.6937,489.1805,388.4371,100.7434,-11.2656,40.0124,236.4157,517.9273
83.089,2,0,heuristic,14.6627,140.9993,0.2498,1.8227,1.0642,2.1106,-0.3877,0.8103,1.5000,2.0057,0.9739,12.3171,0.5605,3.0000,0.0000,3.0000,0,17.4247,271.8911,484.8172,378.3542,106.4631,-10.9911,39.8487,221.0513,513.6748
83.139,2,0,heuristic,14.7521,141.0439,0.2515,1.8309,1.0374,2.1044,-0.3823,0.8131,1.5000,1.9568,0.9739,12.2231,0.5616,3.0000,0.0000,3.0000,0,17.4247,285.3283,493.2401,389.2842,103.9559,-10.8788,39.7033,234.7461,522.0646
83.189,2,0,heuristic,14.8469,141.0899,0.2543,1.8293,1.0069,2.0881,-0.3610,0.8162,1.5000,1.9043,0.9739,12.1246,0.5619,3.0000,0.0000,3.0000,0,17.4247,269.4799,503.5132,386.4965,117.0167,-10.5855,39.1821,219.7123,532.1099
83.239,2,0,heuristic,14.9360,141.1321,0.2567,1.8348,0.9811,2.0807,-0.3688,0.8192,1.5000,1.8542,0.9739,12.0329,0.5625,3.0000,0.0000,3.0000,0,17.4247,248.3211,492.9397,370.6304,122.3093,-10.4522,39.2902,198.5787,521.7777
83.289,2,0,heuristic,15.0304,141.1754,0.2605,1.8309,0.9516,2.0635,-0.3505,0.8225,1.5000,1.8005,0.9739,11.9368,0.5620,3.0000,0.0000,3.0000,0,17.4247,239.0543,513.9384,376.4963,137.4421,-10.1423,38.7863,190.1257,542.5824
83.339,2,0,heuristic,15.0304,141.1754,0.2647,1.8309,0.9516,2.0635,0.5587,0.8225,1.5000,1.8005,0.9739,11.9368,0.5578,3.0000,0.0000,3.0000,0,17.4247,227.4711,511.2024,369.3367,141.8656,-10.1423,19.4884,197.8404,520.5485
83.389,2,0,heuristic,15.1193,141.2151,0.2697,1.8349,0.9265,2.0556,0.5843,0.8257,1.5000,1.7493,0.9739,11.8474,0.5560,3.0000,0.0000,3.0000,0,17.4247,196.4840,503.7365,350.1103,153.6262,-10.0000,18.7728,167.7112,512.5094
83.439,2,0,heuristic,15.2133,141.2557,0.2744,1.8297,0.8976,2.0380,-0.3148,0.8293,1.5000,1.6944,0.9739,11.7538,0.5549,3.0000,0.0000,3.0000,0,17.4247,200.4124,482.3721,341.3922,140.9799,-9.6847,37.4961,153.2316,510.1835
83.489,2,0,heuristic,15.3019,141.2928,0.2796,1.8326,0.8725,2.0297,0.5963,0.8327,1.5000,1.6420,0.9739,11.6668,0.5531,3.0000,0.0000,3.0000,0,17.4247,209.4606,492.3817,350.9211,141.4606,-9.5350,18.1836,181.7420,501.0303
83.539,2,0,heuristic,15.3955,141.3307,0.2851,1.8263,0.8437,2.0117,-0.2913,0.8365,1.5000,1.5858,0.9739,11.5758,0.5514,3.0000,0.0000,3.0000,0,17.4247,209.3687,503.4069,356.3878,147.0191,-9.2112,36.6296,163.5280,530.8253
83.589,2,0,heuristic,15.4834,141.3650,0.2911,1.8274,0.8181,2.0021,0.6190,0.8402,1.5000,1.5324,0.9739,11.4915,0.5491,3.0000,0.0000,3.0000,0,17.4247,214.2379,481.3873,347.8126,133.5747,-9.0383,17.2977,187.9019,489.6467
83.639,2,0,heuristic,15.5764,141.4001,0.3007,1.8195,0.7892,1.9833,0.6485,0.8442,1.5000,1.4752,0.9739,11.4034,0.5434,3.0000,0.0000,3.0000,0,17.4247,207.0118,492.9176,349.9647,142.9529,-8.6993,16.2909,182.0217,500.5093
83.689,2,0,heuristic,15.6639,141.4319,0.3077,1.8202,0.7639,1.9740,-0.2652,0.8481,1.5000,1.4207,0.9739,11.3216,0.5404,3.0000,0.0000,3.0000,0,17.4247,189.0516,481.0878,335.0697,146.0181,-8.5314,35.2227,145.2975,507.7791
83.739,2,0,heuristic,15.6639,141.4319,0.3131,1.8202,0.7639,1.9740,-0.2807,0.8481,1.5000,1.4207,0.9739,11.3216,0.5350,3.0000,0.0000,3.0000,0,17.4247,184.7419,494.5407,339.6413,154.8994,-8.5314,35.2844,140.9261,521.2936
83.789,2,0,heuristic,15.7566,141.4644,0.3225,1.8125,0.7362,1.9563,-0.2485,0.8524,1.5000,1.3624,0.9739,11.2360,0.5299,3.0000,0.0000,3.0000,0,17.4247,184.7932,479.0651,331.9291,147.1359,-8.2136,34.2385,142.3411,505.0900
83.839,2,0,heuristic,15.8437,141.4941,0.3303,1.8131,0.7125,1.9481,0.6947,0.8565,1.5000,1.3070,0.9739,11.1564,0.5262,3.0000,0.0000,3.0000,0,17.4247,177.2502,487.7043,332.4772,155.2271,-8.0654,14.1360,155.0488,493.7749
83.889,2,0,heuristic,15.9359,141.5244,0.3427,1.8051,0.6867,1.9313,-0.2410,0.8610,1.5000,1.2477,0.9739,11.0732,0.5183,3.0000,0.0000,3.0000,0,17.4247,171.9849,486.5287,329.2568,157.2719,-7.7634,33.2793,130.9421,512.0446
83.939,2,0,heuristic,16.0226,141.5520,0.3489,1.8053,0.6645,1.9237,-0.2370,0.8653,1.5000,1.1916,0.9739,10.9959,0.5164,3.0000,0.0000,3.0000,0,17.4247,169.8969,475.9717,322.9343,153.0374,-7.6263,32.9825,129.2881,501.3279
83.989,2,0,heuristic,16.1143,141.5804,0.3602,1.7969,0.6409,1.9077,-0.2457,0.8700,1.5000,1.1317,0.9739,10.9149,0.5098,3.0000,0.0000,3.0000,0,17.4247,169.0333,486.8580,327.9457,158.9124,-7.3389,32.7155,128.9789,512.2346
84.039,2,0,heuristic,16.2005,141.6064,0.3695,1.7966,0.6209,1.9008,0.7333,0.8746,1.5000,1.0750,0.9739,10.8396,0.5051,3.0000,0.0000,3.0000,0,17.4247,170.1108,484.8211,327.4659,157.3551,-7.2151,11.8031,151.0926,489.4091
84.089,2,0,heuristic,16.2916,141.6331,0.3814,1.7879,0.5994,1.8857,-0.2345,0.8795,1.5000,1.0146,0.9739,10.7608,0.4981,3.0000,0.0000,3.0000,0,17.4247,149.7326,474.5719,312.1522,162.4196,-6.9426,31.6514,111.1386,499.2808
84.139,2,0,heuristic,16.2916,141.6331,0.3912,1.7879,0.5994,1.8857,0.7263,0.8795,1.5000,1.0146,0.9739,10.7608,0.4883,3.0000,0.0000,3.0000,0,17.4247,134.5838,487.2029,310.8934,176.3095,-6.9426,10.9953,116.6459,491.2557
84.189,2,0,heuristic,16.3774,141.6575,0.4013,1.7877,0.5812,1.8798,-0.2368,0.8842,1.5000,0.9574,0.9739,10.6874,0.4829,3.0000,0.0000,3.0000,0,17.4247,142.1681,479.9307,311.0494,168.8813,-6.8359,30.8306,104.5016,503.9255
84.239,2,0,heuristic,16.4682,141.6827,0.4142,1.7793,0.5617,1.8659,-0.2082,0.8893,1.5000,0.8965,0.9739,10.6106,0.4751,3.0000,0.0000,3.0000,0,17.4247,133.5861,455.1243,294.3552,160.7691,-6.5860,29.7133,97.2868,478.2516
84.289,2,0,heuristic,16.5535,141.7056,0.4247,1.7791,0.5451,1.8608,0.7700,0.8942,1.5000,0.8388,0.9739,10.5391,0.4695,3.0000,0.0000,3.0000,0,17.4247,129.6793,473.9220,301.8007,172.1214,-6.4938,8.7619,114.4235,476.1901
84.339,2,0,heuristic,16.6439,141.7292,0.4386,1.7708,0.5269,1.8475,0.7735,0.8996,1.5000,0.7773,0.9739,10.4643,0.4610,3.0000,0.0000,3.0000,0,17.4247,123.9283,482.1221,303.0252,179.0969,-6.2558,8.1289,109.5435,483.9952
84.389,2,0,heuristic,16.7288,141.7508,0.4492,1.7707,0.5113,1.8430,-0.2082,0.9047,1.5000,0.7192,0.9739,10.3947,0.4555,3.0000,0.0000,3.0000,0,17.4247,123.7732,477.0651,300.4192,176.6459,-6.1742,28.3411,89.2580,499.2320
84.439,2,0,heuristic,16.8187,141.7730,0.4636,1.7622,0.4945,1.8302,-0.1988,0.9102,1.5000,0.6573,0.9739,10.3218,0.4466,3.0000,0.0000,3.0000,0,17.4247,117.4987,476.7934,297.1461,179.6473,-5.9444,27.5644,83.9900,498.4134
84.489,2,0,heuristic,16.9033,141.7934,0.4751,1.7620,0.4806,1.8264,0.7920,0.9155,1.5000,0.5989,0.9739,10.2540,0.4404,3.0000,0.0000,3.0000,0,17.4247,122.5360,479.2083,300.8721,178.3361,-5.8743,6.3134,110.3482,479.6474
84.539,2,0,heuristic,16.9928,141.8146,0.4898,1.7540,0.4659,1.8148,-0.2065,0.9212,1.5000,0.5367,0.9739,10.1828,0.4314,3.0000,0.0000,3.0000,0,17.4247,125.7892,475.2487,300.5190,174.7297,-5.6660,26.6959,93.4273,496.2786
84.589,2,0,heuristic,17.0771,141.8341,0.5047,1.7543,0.4542,1.8121,-0.1945,0.9266,1.5000,0.4780,0.9739,10.1164,0.4219,3.0000,0.0000,3.0000,0,17.4247,117.4002,476.5687,296.9845,179.5842,-5.6176,25.8390,85.9436,496.7901
84.639,2,0,heuristic,17.0771,141.8341,0.5168,1.7543,0.4542,1.8121,0.8317,0.9266,1.5000,0.4780,0.9739,10.1164,0.4098,3.0000,0.0000,3.0000,0,17.4247,107.8849,461.3499,284.6174,176.7325,-5.6176,3.6962,98.5711,459.4285
84.689,2,0,heuristic,17.1663,141.8545,0.5326,1.7467,0.4418,1.8017,0.8233,0.9325,1.5000,0.4156,0.9739,10.0467,0.3999,3.0000,0.0000,3.0000,0,17.4247,114.0583,461.2021,287.6302,173.5719,-5.4312,3.2416,105.3855,459.0125
84.739,2,0,heuristic,17.2504,141.8735,0.5417,1.7476,0.4324,1.8003,0.8357,0.9382,1.5000,0.3568,0.9739,9.9815,0.3965,3.0000,0.0000,3.0000,0,17.4247,127.4175,450.7940,289.1058,161.6882,-5.4060,2.6666,119.3449,448.0545
84.789,2,0,heuristic,17.3394,141.8933,0.5606,1.7406,0.4221,1.7910,-0.2013,0.9442,1.5000,0.2943,0.9739,9.9131,0.3836,3.0000,0.0000,3.0000,0,17.4247,139.8329,449.4106,294.6217,154.7889,-5.2388,23.6591,110.9350,467.8309
84.839,2,0,heuristic,17.4232,141.9118,0.5735,1.7414,0.4147,1.7901,0.8400,0.9500,1.5000,0.2354,0.9739,9.8492,0.3766,3.0000,0.0000,3.0000,0,17.4247,140.7104,472.4749,306.5926,165.8823,-5.2224,1.3042,134.1837,468.5567
84.889,2,0,heuristic,17.5119,141.9313,0.5895,1.7343,0.4068,1.7813,-0.2095,0.9562,1.5000,0.1730,0.9739,9.7819,0.3667,3.0000,0.0000,3.0000,0,17.4247,137.3447,452.4743,294.9095,157.5648,-5.0640,22.7092,109.5714,470.1195
84.939,2,0,heuristic,17.5954,141.9497,0.6024,1.7354,0.4021,1.7813,0.8427,0.9622,1.5000,0.1142,0.9739,9.7189,0.3597,3.0000,0.0000,3.0000,0,17.4247,138.7789,454.3951,296.5870,157.8081,-5.0643,0.1253,133.5893,449.4562
84.989,2,0,heuristic,17.6840,141.9693,0.6185,1.7291,0.3972,1.7742,0.8440,0.9685,1.5000,0.0520,0.9739,9.6523,0.3501,3.0000,0.0000,3.0000,0,17.4247,147.3934,445.2646,296.3290,148.9356,-4.9352,-0.5290,142.9872,439.8005
85.039,2,0,heuristic,17.7675,141.9880,0.6314,1.7313,0.3957,1.7760,-0.2068,0.9746,1.5000,-0.0066,0.9739,9.5897,0.3432,3.0000,0.0000,3.0000,0,17.4247,141.8074,469.5559,305.6816,163.8743,-4.9680,21.0541,115.7853,485.6421
85.089,2,0,heuristic,17.8561,142.0082,0.6509,1.7257,0.3941,1.7701,0.8443,0.9811,1.5000,-0.0685,0.9739,9.5235,0.3302,3.0000,0.0000,3.0000,0,17.4247,158.9417,463.0467,310.9942,152.0525,-4.8626,-1.8024,155.8816,456.3817
85.139,2,0,heuristic,17.9395,142.0275,0.6638,1.7281,0.3959,1.7729,-0.1978,0.9873,1.5000,-0.1266,0.9739,9.4613,0.3235,3.0000,0.0000,3.0000,0,17.4247,161.0759,460.9988,311.0373,149.9614,-4.9115,19.6074,136.5569,475.6947
85.189,2,0,heuristic,18.0280,142.0485,0.6832,1.7229,0.3974,1.7681,-0.2082,0.9939,1.5000,-0.1880,0.9739,9.3952,0.3107,3.0000,0.0000,3.0000,0,17.4247,146.0560,471.3942,308.7251,162.6691,-4.8267,19.0512,122.1782,485.6187
85.240,2,0,heuristic,18.1115,142.0688,0.6961,1.7262,0.4026,1.7725,0.8478,1.0002,1.5000,-0.2457,0.9739,9.3328,0.3041,3.0000,0.0000,3.0000,0,17.4247,141.2910,485.9718,313.6314,172.3404,-4.9049,-3.5889,139.9750,477.4780
85.289,2,0,heuristic,18.2002,142.0910,0.7126,1.7220,0.4072,1.7695,0.8468,1.0070,1.5000,-0.3066,0.9739,9.2665,0.2944,3.0000,0.0000,3.0000,0,17.4247,150.9451,468.6715,309.8083,158.8632,-4.8501,-4.1915,150.2865,459.6298
85.339,2,0,heuristic,18.2838,142.1123,0.7284,1.7262,0.4147,1.7754,0.8510,1.0134,1.5000,-0.3638,0.9739,9.2039,0.2850,3.0000,0.0000,3.0000,0,17.4247,164.1242,481.9008,323.0125,158.8883,-4.9564,-4.8812,164.0490,472.0632
85.389,2,0,heuristic,18.2838,142.1123,0.7384,1.7262,0.4147,1.7754,0.8623,1.0134,1.5000,-0.3638,0.9739,9.2039,0.2750,3.0000,0.0000,3.0000,0,17.4247,164.9776,462.0503,313.5140,148.5364,-4.9564,-5.6050,165.6262,451.4889
85.439,2,0,heuristic,18.3727,142.1356,0.7543,1.7228,0.4212,1.7736,0.8568,1.0204,1.5000,-0.4242,0.9739,9.1374,0.2660,3.0000,0.0000,3.0000,0,17.4247,180.1935,448.6223,314.4079,134.2144,-4.9245,-6.0753,181.3443,437.6225
85.489,2,0,heuristic,18.4566,142.1581,0.7643,1.7277,0.4308,1.7806,0.8490,1.0269,1.5000,-0.4809,0.9739,9.0745,0.2626,3.0000,0.0000,3.0000,0,17.4247,189.3301,438.4321,313.8811,124.5510,-5.0510,-6.2170,190.4961,427.1640
85.539,2,0,heuristic,18.5456,142.1828,0.7801,1.7247,0.4397,1.7798,0.8650,1.0340,1.5000,-0.5407,0.9739,9.0075,0.2539,3.0000,0.0000,3.0000,0,17.4247,195.2183,437.6423,316.4303,121.2120,-5.0371,-7.1249,197.3061,425.4803
85.589,2,0,heuristic,18.6296,142.2069,0.7928,1.7294,0.4521,1.7875,-0.2422,1.0407,1.5000,-0.5965,0.9739,8.9441,0.2478,3.0000,0.0000,3.0000,0,17.4247,193.8434,422.4781,308.1608,114.3173,-5.1755,15.6971,172.9708,432.9997
85.639,2,0,heuristic,18.7185,142.2334,0.8087,1.7255,0.4637,1.7867,0.8438,1.0478,1.5000,-0.6552,0.9739,8.8765,0.2391,3.0000,0.0000,3.0000,0,17.4247,168.3447,447.1013,307.7230,139.3783,-5.1609,-7.6767,170.8604,434.2637
85.689,2,0,heuristic,18.8021,142.2593,0.8243,1.7289,0.4789,1.7940,0.8548,1.0545,1.5000,-0.7098,0.9739,8.8125,0.2303,3.0000,0.0000,3.0000,0,17.4247,176.7828,455.4521,316.1175,139.3346,-5.2919,-8.4651,179.9561,441.6951
85.739,2,0,heuristic,18.8021,142.2593,0.8336,1.7289,0.4789,1.7940,0.8628,1.0545,1.5000,-0.7098,0.9739,8.8125,0.2210,3.0000,0.0000,3.0000,0,17.4247,193.3263,462.5285,327.9274,134.6011,-5.2919,-9.0877,197.1222,448.1489
85.789,2,0,heuristic,18.8906,142.2878,0.8488,1.7234,0.4926,1.7924,0.8503,1.0617,1.5000,-0.7670,0.9739,8.7443,0.2130,3.0000,0.0000,3.0000,0,17.4247,186.7775,448.9746,317.8761,131.0985,-5.2632,-9.3504,190.8648,434.3610
85.839,2,0,heuristic,18.9737,142.3155,0.8669,1.7250,0.5096,1.7987,-0.2770,1.0685,1.5000,-0.8201,0.9739,8.6798,0.2016,3.0000,0.0000,3.0000,0,17.4247,207.3089,431.8424,319.5757,112.2668,-5.3769,13.6459,188.2861,440.1114
85.889,2,0,heuristic,19.0616,142.3460,0.8819,1.7182,0.5249,1.7966,0.8563,1.0758,1.5000,-0.8757,0.9739,8.6110,0.1938,3.0000,0.0000,3.0000,0,17.4247,208.7904,443.6100,326.2002,117.4098,-5.3387,-10.6606,214.1123,427.6106
85.939,2,0,heuristic,19.1443,142.3758,0.8938,1.7190,0.5442,1.8031,-0.2697,1.0826,1.5000,-0.9273,0.9739,8.5456,0.1889,3.0000,0.0000,3.0000,0,17.4247,194.4670,444.4249,319.4460,124.9790,-5.4556,12.6244,176.3870,451.5937
85.989,2,0,heuristic,19.2317,142.4086,0.9085,1.7114,0.5616,1.8012,-0.2727,1.0899,1.5000,-0.9812,0.9739,8.4759,0.1814,3.0000,0.0000,3.0000,0,17.4247,197.4183,470.6612,334.0397,136.6214,-5.4214,12.2032,179.7938,477.4430
86.039,2,0,heuristic,19.3138,142.4406,0.9228,1.7113,0.5825,1.8078,-0.2863,1.0968,1.5000,-1.0311,0.9739,8.4098,0.1740,3.0000,0.0000,3.0000,0,17.4247,164.0588,458.4379,311.2483,147.1895,-5.5398,12.0128,146.5062,464.9109
86.089,2,0,heuristic,19.4007,142.4757,0.9350,1.7031,0.6011,1.8061,0.8625,1.1042,1.5000,-1.0832,0.9739,8.3391,0.1692,3.0000,0.0000,3.0000,0,17.4247,162.8432,446.6588,304.7510,141.9078,-5.5090,-12.4612,169.7954,428.6886
86.139,2,0,heuristic,19.4823,142.5099,0.9521,1.7027,0.6235,1.8132,0.8618,1.1111,1.5000,-1.1315,0.9739,8.2720,0.1590,3.0000,0.0000,3.0000,0,17.4247,132.2751,455.3880,293.8316,161.5564,-5.6382,-13.0452,139.6821,436.7047
86.189,2,0,heuristic,19.5687,142.5475,0.9637,1.6945,0.6431,1.8124,-0.2940,1.1185,1.5000,-1.1819,0.9739,8.2003,0.1549,3.0000,0.0000,3.0000,0,17.4247,135.2918,444.1197,289.7057,154.4140,-5.6228,10.9140,118.7549,449.4109
86.239,2,0,heuristic,19.6498,142.5838,0.9782,1.6934,0.6660,1.8196,-0.2975,1.1256,1.5000,-1.2285,0.9739,8.1323,0.1474,3.0000,0.0000,3.0000,0,17.4247,136.3355,438.9170,287.6263,151.2907,-5.7529,10.5208,120.0618,443.6849
86.289,2,0,heuristic,19.7353,142.6234,0.9898,1.6834,0.6850,1.8174,0.8738,1.1330,1.5000,-1.2769,0.9739,8.0600,0.1432,3.0000,0.0000,3.0000,0,17.4247,127.2322,435.6342,281.4332,154.2010,-5.7140,-14.3812,135.8994,415.5390
86.339,2,0,heuristic,19.8153,142.6615,1.0016,1.6802,0.7067,1.8227,-0.2940,1.1401,1.5000,-1.3217,0.9739,7.9918,0.1385,3.0000,0.0000,3.0000,0,17.4247,141.3432,453.9395,297.6413,156.2981,-5.8094,9.8191,125.7147,457.9492
86.389,2,0,heuristic,19.8153,142.6615,1.0104,1.6802,0.7067,1.8227,-0.2935,1.1401,1.5000,-1.3217,0.9739,7.9918,0.1296,3.0000,0.0000,3.0000,0,17.4247,144.0068,451.6195,297.8131,153.8063,-5.8094,9.3777,128.8197,455.1878
86.439,2,0,heuristic,19.8995,142.7027,1.0252,1.6682,0.7238,1.8184,-0.2875,1.1476,1.5000,-1.3683,0.9739,7.9194,0.1223,3.0000,0.0000,3.0000,0,17.4247,143.5803,444.5868,294.0835,150.5033,-5.7319,8.8004,129.0480,447.6553
86.489,2,0,heuristic,19.9783,142.7423,1.0311,1.6628,0.7439,1.8216,-0.2747,1.1546,1.5000,-1.4112,0.9739,7.8512,0.1235,3.0000,0.0000,3.0000,0,17.4247,157.1517,452.0792,304.6155,147.4637,-5.7890,8.5028,142.8600,454.7930
86.539,2,0,heuristic,20.0613,142.7851,1.0491,1.6494,0.7597,1.8160,-0.2960,1.1622,1.5000,-1.4558,0.9739,7.7787,0.1131,3.0000,0.0000,3.0000,0,17.4247,171.3602,451.0011,311.1806,139.8205,-5.6872,8.3509,157.3221,453.6649
86.589,2,0,heuristic,20.1390,142.8261,1.0611,1.6431,0.7788,1.8183,0.8675,1.1693,1.5000,-1.4969,0.9739,7.7104,0.1082,3.0000,0.0000,3.0000,0,17.4247,172.4534,448.4119,310.4327,137.9792,-5.7302,-16.4024,183.1257,426.2793
86.639,2,0,heuristic,20.1390,142.8261,1.0672,1.6431,0.7788,1.8183,0.8860,1.1693,1.5000,-1.4969,0.9739,7.7104,0.1021,3.0000,0.0000,3.0000,0,17.4247,187.1455,447.5657,317.3556,130.2101,-5.7302,-17.0877,198.5031,424.7478
86.689,2,0,heuristic,20.2208,142.8706,1.0854,1.6291,0.7940,1.8123,0.8770,1.1769,1.5000,-1.5396,0.9739,7.6377,0.0915,3.0000,0.0000,3.0000,0,17.4247,208.4983,435.9472,322.2228,113.7244,-5.6210,-17.4989,220.3762,412.8273
86.739,2,0,heuristic,20.2973,142.9134,1.0915,1.6221,0.8136,1.8147,0.8902,1.1840,1.5000,-1.5788,0.9739,7.5690,0.0926,3.0000,0.0000,3.0000,0,17.4247,226.6516,429.4076,328.0296,101.3780,-5.6645,-17.8018,238.7889,405.9413
86.789,2,0,heuristic,20.3777,142.9599,1.1066,1.6072,0.8300,1.8088,-0.2985,1.1916,1.5000,-1.6192,0.9739,7.4957,0.0850,3.0000,0.0000,3.0000,0,17.4247,214.2064,426.7932,320.4998,106.2934,-5.5590,6.7173,201.9301,427.9515
86.839,2,0,heuristic,20.4529,143.0050,1.1216,1.5989,0.8517,1.8116,-0.3043,1.1988,1.5000,-1.6560,0.9739,7.4263,0.0772,3.0000,0.0000,3.0000,0,17.4247,191.6619,424.4528,308.0573,116.3954,-5.6091,6.3873,179.6654,425.2309
86.889,2,0,heuristic,20.4529,143.0050,1.1305,1.5989,0.8517,1.8116,-0.2973,1.1988,1.5000,-1.6560,0.9739,7.4263,0.0683,3.0000,0.0000,3.0000,0,17.4247,180.7370,441.9033,311.3201,130.5831,-5.6091,5.8074,169.3204,442.1016
86.939,2,0,heuristic,20.5319,143.0541,1.1451,1.5829,0.8703,1.8064,-0.3145,1.2064,1.5000,-1.6937,0.9739,7.3520,0.0613,3.0000,0.0000,3.0000,0,17.4247,177.9199,462.8254,320.3727,142.4528,-5.5153,5.7563,166.6483,463.0664
86.989,2,0,heuristic,20.6057,143.1016,1.1509,1.5737,0.8939,1.8099,-0.3225,1.2135,1.5000,-1.7281,0.9739,7.2816,0.0627,3.0000,0.0000,3.0000,0,17.4247,186.0292,491.7541,338.8916,152.8625,-5.5775,5.9287,174.5229,492.1053
87.039,2,0,heuristic,20.6832,143.1531,1.1654,1.5572,0.9134,1.8053,0.8868,1.2211,1.5000,-1.7633,0.9739,7.2064,0.0557,3.0000,0.0000,3.0000,0,17.4247,195.9250,497.6088,346.7669,150.8419,-5.4950,-19.8665,210.2965,472.2473
87.089,2,0,heuristic,20.7557,143.2028,1.1797,1.5479,0.9380,1.8099,0.8892,1.2283,1.5000,-1.7953,0.9739,7.1350,0.0486,3.0000,0.0000,3.0000,0,17.4247,214.9981,479.9895,347.4938,132.4957,-5.5788,-20.3250,229.7442,454.0856
87.139,2,0,heuristic,20.7557,143.2028,1.1912,1.5479,0.9380,1.8099,-0.3138,1.2283,1.5000,-1.7953,0.9739,7.1350,0.0370,3.0000,0.0000,3.0000,0,17.4247,213.8727,472.1500,343.0114,129.1387,-5.5788,4.3738,203.9200,470.9450
87.189,2,0,heuristic,20.8321,143.2571,1.2028,1.5323,0.9589,1.8075,0.9108,1.2359,1.5000,-1.8280,0.9739,7.0584,0.0331,3.0000,0.0000,3.0000,0,17.4247,223.4777,477.3378,350.4077,126.9301,-5.5357,-21.5891,239.5311,450.2129
87.239,2,0,heuristic,20.9036,143.3096,1.2144,1.5237,0.9858,1.8148,-0.3280,1.2431,1.5000,-1.8576,0.9739,6.9855,0.0287,3.0000,0.0000,3.0000,0,17.4247,231.2134,464.0070,347.6102,116.3968,-5.6665,4.1590,221.3878,462.4995
87.289,2,0,heuristic,20.9789,143.3668,1.2258,1.5084,1.0088,1.8146,0.8988,1.2507,1.5000,-1.8877,0.9739,6.9073,0.0249,3.0000,0.0000,3.0000,0,17.4247,233.7239,434.2522,333.9880,100.2641,-5.6625,-21.8421,249.9035,406.7476
87.339,2,0,heuristic,21.0492,143.4222,1.2374,1.4997,1.0377,1.8237,-0.3310,1.2579,1.5000,-1.9147,0.9739,6.8328,0.0206,3.0000,0.0000,3.0000,0,17.4247,234.1058,434.7872,334.4465,100.3407,-5.8266,3.7270,224.5522,432.6876
87.389,2,0,heuristic,21.0492,143.4222,1.2487,1.4997,1.0377,1.8237,0.9015,1.2579,1.5000,-1.9147,0.9739,6.8328,0.0092,3.0000,0.0000,3.0000,0,17.4247,214.9023,422.1898,318.5460,103.6438,-5.8266,-22.7103,231.7860,393.6530
87.439,2,0,heuristic,21.1230,143.4825,1.2632,1.4838,1.0623,1.8249,0.8875,1.2656,1.5000,-1.9419,0.9739,6.7529,0.0024,3.0000,0.0000,3.0000,0,17.4247,228.5455,418.1747,323.3601,94.8146,-5.8478,-22.7953,245.4929,389.5316
87.489,2,0,heuristic,21.1918,143.5407,1.2712,1.4737,1.0924,1.8344,0.8932,1.2728,1.5000,-1.9661,0.9739,6.6769,0.0016,3.0000,0.0000,3.0000,0,17.4247,264.2778,402.6547,333.4662,69.1884,-6.0198,-22.9958,281.2538,373.6391
87.539,2,0,heuristic,21.2638,143.6038,1.2877,1.4558,1.1164,1.8346,-0.3630,1.2804,1.5000,-1.9902,0.9739,6.5956,-0.0073,3.0000,0.0000,3.0000,0,17.4247,264.6366,395.4403,330.0384,65.4018,-6.0231,2.9129,255.7006,392.3300
87.589,2,0,heuristic,21.3307,143.6642,1.2931,1.4431,1.1451,1.8422,0.8782,1.2876,1.5000,-2.0115,0.9739,6.5187,-0.0055,3.0000,0.0000,3.0000,0,17.4247,283.7658,438.8258,361.2958,77.5300,-6.1604,-23.1034,300.7089,409.5620
87.639,2,0,heuristic,21.4004,143.7295,1.3068,1.4226,1.1672,1.8402,0.8685,1.2952,1.5000,-2.0324,0.9739,6.4367,-0.0117,3.0000,0.0000,3.0000,0,17.4247,269.1152,432.1490,350.6321,81.5169,-6.1235,-23.2313,286.2229,402.7943
87.689,2,0,heuristic,21.4650,143.7922,1.3195,1.4073,1.1948,1.8461,0.8865,1.3023,1.5000,-2.0507,0.9739,6.3590,-0.0172,3.0000,0.0000,3.0000,0,17.4247,262.8463,417.2456,340.0460,77.1997,-6.2300,-23.9096,280.5260,387.1061
87.739,2,0,heuristic,21.4650,143.7922,1.3274,1.4073,1.1948,1.8461,0.8533,1.3023,1.5000,-2.0507,0.9739,6.3590,-0.0252,3.0000,0.0000,3.0000,0,17.4247,267.6832,421.5824,344.6328,76.9496,-6.2300,-23.5988,285.0521,391.7537
87.789,2,0,heuristic,21.5324,143.8600,1.3395,1.3851,1.2166,1.8435,0.8568,1.3097,1.5000,-2.0683,0.9739,6.2760,-0.0298,3.0000,0.0000,3.0000,0,17.4247,261.5005,398.7480,330.1242,68.6238,-6.1836,-23.9254,279.2423,368.6390
87.839,2,0,heuristic,21.5949,143.9250,1.3471,1.3684,1.2441,1.8494,0.8770,1.3168,1.5000,-2.0834,0.9739,6.1972,-0.0304,3.0000,0.0000,3.0000,0,17.4247,262.1126,407.5893,334.8509,72.7383,-6.2896,-24.4033,280.2264,376.8963
87.889,2,0,heuristic,21.6600,143.9950,1.3587,1.3452,1.2647,1.8464,0.8640,1.3242,1.5000,-2.0979,0.9739,6.1132,-0.0345,3.0000,0.0000,3.0000,0,17.4247,281.5920,390.2837,335.9379,54.3458,-6.2347,-24.3542,299.7115,359.6948
87.939,2,0,heuristic,21.7203,144.0620,1.3679,1.3274,1.2907,1.8515,-0.4308,1.3312,1.5000,-2.1102,0.9739,6.0337,-0.0367,3.0000,0.0000,3.0000,0,17.4247,291.8748,386.7214,339.2981,47.4233,-6.3267,2.7079,282.8402,383.1026
87.989,2,0,heuristic,21.7831,144.1339,1.3814,1.3035,1.3094,1.8476,-0.4318,1.3386,1.5000,-2.1217,0.9739,5.9490,-0.0428,3.0000,0.0000,3.0000,0,17.4247,281.2364,378.1985,329.7174,48.4811,-6.2570,2.4120,272.5675,374.3535
88.039,2,0,heuristic,21.8412,144.2027,1.3901,1.2849,1.3339,1.8521,0.8530,1.3455,1.5000,-2.1311,0.9739,5.8689,-0.0446,3.0000,0.0000,3.0000,0,17.4247,266.5070,369.4854,317.9962,51.4892,-6.3376,-24.6667,284.8361,338.4812
88.089,2,0,heuristic,21.8412,144.2027,1.3986,1.2849,1.3339,1.8521,-0.4510,1.3455,1.5000,-2.1311,0.9739,5.8689,-0.0531,3.0000,0.0000,3.0000,0,17.4247,265.2251,375.5696,320.3973,55.1723,-6.3376,2.3019,256.5856,371.5340
88.139,2,0,heuristic,21.9017,144.2766,1.4086,1.2605,1.3513,1.8480,-0.4773,1.3529,1.5000,-2.1396,0.9739,5.7835,-0.0558,3.0000,0.0000,3.0000,0,17.4247,277.2706,376.9694,327.1200,49.8494,-6.2640,2.7090,268.2976,373.4144
88.189,2,0,heuristic,21.9576,144.3470,1.4173,1.2414,1.3747,1.8523,0.8345,1.3598,1.5000,-2.1462,0.9739,5.7028,-0.0576,3.0000,0.0000,3.0000,0,17.4247,288.8142,410.0712,349.4427,60.6285,-6.3406,-24.9370,307.4106,378.7937
88.239,2,0,heuristic,22.0157,144.4225,1.4269,1.2166,1.3901,1.8472,0.8373,1.3671,1.5000,-2.1518,0.9739,5.6170,-0.0598,3.0000,0.0000,3.0000,0,17.4247,301.2950,390.3522,345.8236,44.5286,-6.2504,-25.1123,320.1569,358.9895
88.289,2,0,heuristic,22.0694,144.4944,1.4346,1.1969,1.4114,1.8506,-0.4698,1.3739,1.5000,-2.1559,0.9739,5.5359,-0.0606,3.0000,0.0000,3.0000,0,17.4247,304.8427,409.4073,357.1250,52.2823,-6.3103,2.2885,296.2440,405.3856
88.339,2,0,heuristic,22.1251,144.5715,1.4441,1.1719,1.4259,1.8456,0.8340,1.3812,1.5000,-2.1586,0.9739,5.4495,-0.0629,3.0000,0.0000,3.0000,0,17.4247,298.7430,378.2934,338.5182,39.7752,-6.2215,-25.2055,317.7270,346.8663
88.389,2,0,heuristic,22.1765,144.6451,1.4514,1.1518,1.4474,1.8498,-0.4780,1.3880,1.5000,-2.1598,0.9739,5.3676,-0.0634,3.0000,0.0000,3.0000,0,17.4247,309.4226,395.8176,352.6201,43.1975,-6.2965,2.3193,300.8068,391.8404
88.439,2,0,heuristic,22.2300,144.7242,1.4605,1.1269,1.4621,1.8460,-0.4725,1.3952,1.5000,-2.1595,0.9739,5.2802,-0.0652,3.0000,0.0000,3.0000,0,17.4247,302.2165,373.0151,337.6158,35.3993,-6.2283,2.1162,293.8719,368.9030
88.489,2,0,heuristic,22.2793,144.7995,1.4675,1.1069,1.4835,1.8509,0.8277,1.4020,1.5000,-2.1579,0.9739,5.1976,-0.0654,3.0000,0.0000,3.0000,0,17.4247,289.5287,392.8643,341.1965,51.6678,-6.3169,-25.1959,308.4077,361.3516
88.539,2,0,heuristic,22.3304,144.8802,1.4764,1.0823,1.4970,1.8473,0.8400,1.4093,1.5000,-2.1549,0.9739,5.1096,-0.0671,3.0000,0.0000,3.0000,0,17.4247,284.0094,362.3924,323.2009,39.1915,-6.2508,-25.5324,303.2910,330.6092
88.589,2,0,heuristic,22.3776,144.9568,1.4844,1.0626,1.5168,1.8519,0.7985,1.4161,1.5000,-2.1509,0.9739,5.0266,-0.0684,3.0000,0.0000,3.0000,0,17.4247,285.6310,367.4210,326.5260,40.8950,-6.3349,-24.7135,304.0096,336.3726
88.639,2,0,heuristic,22.3776,144.9568,1.4909,1.0626,1.5168,1.8519,-0.5190,1.4161,1.5000,-2.1509,0.9739,5.0266,-0.0748,3.0000,0.0000,3.0000,0,17.4247,297.9597,365.1320,331.5458,33.5862,-6.3349,2.6379,288.9869,361.4350
88.689,2,0,heuristic,22.4266,145.0387,1.4974,1.0384,1.5283,1.8477,0.8057,1.4233,1.4815,-2.1454,0.9739,4.9383,-0.0740,3.0000,0.0000,3.0000,0,17.4247,300.2218,340.6585,320.4401,20.2183,-6.5913,-25.1335,318.7640,308.9337
88.739,2,0,heuristic,22.4716,145.1162,1.5051,1.0183,1.5459,1.8512,-0.5425,1.4302,1.4565,-2.1390,0.9739,4.8550,-0.0749,3.0000,0.0000,3.0000,0,17.4247,270.9264,327.3513,299.1389,28.2124,-7.1038,3.1472,260.6754,323.3946
88.789,2,0,heuristic,22.5182,145.1990,1.5126,0.9939,1.5550,1.8455,-0.5480,1.4374,1.4300,-2.1311,0.9739,4.7667,-0.0752,3.0000,0.0000,3.0000,0,17.4247,282.4169,322.0415,302.2292,19.8123,-7.4784,3.2621,271.6764,317.8251
88.839,2,0,heuristic,22.5611,145.2773,1.5183,0.9737,1.5704,1.8478,0.7890,1.4443,1.4050,-2.1225,0.9739,4.6834,-0.0741,3.0000,0.0000,3.0000,0,17.4247,302.4984,320.4691,311.4838,8.9853,-7.9691,-24.7492,319.2785,287.7508
88.889,2,0,heuristic,22.6054,145.3606,1.5258,0.9493,1.5764,1.8402,0.8207,1.4515,1.3786,-2.1123,0.9739,4.5954,-0.0742,3.0000,0.0000,3.0000,0,17.4247,287.9679,331.5961,309.7820,21.8141,-8.3076,-25.4073,305.0676,297.8812
88.939,2,0,heuristic,22.6461,145.4389,1.5323,0.9290,1.5878,1.8396,0.8240,1.4584,1.3539,-2.1019,0.9739,4.5128,-0.0739,3.0000,0.0000,3.0000,0,17.4247,298.9635,326.5206,312.7420,13.7786,-8.7431,-25.4403,315.6607,292.3372
88.989,2,0,heuristic,22.6881,145.5221,1.5375,0.9047,1.5899,1.8293,-0.5857,1.4657,1.3277,-2.0899,0.9739,4.4256,-0.0718,3.0000,0.0000,3.0000,0,17.4247,338.0763,303.1653,320.6208,-17.4555,-9.0292,4.2854,324.7616,298.4215
89.039,2,0,heuristic,22.7266,145.6004,1.5439,0.8842,1.5982,1.8265,0.7908,1.4727,1.3032,-2.0778,0.9739,4.3439,-0.0712,3.0000,0.0000,3.0000,0,17.4247,320.2924,287.9669,304.1296,-16.1628,-9.4194,-24.5753,335.4483,253.9721
89.089,2,0,heuristic,22.7662,145.6834,1.5498,0.8599,1.5977,1.8144,0.7660,1.4800,1.2772,-2.0639,0.9739,4.2575,-0.0698,3.0000,0.0000,3.0000,0,17.4247,312.1989,291.9234,302.0611,-10.1378,-9.6697,-23.9639,326.4931,258.2898
89.139,2,0,heuristic,22.8026,145.7615,1.5544,0.8393,1.6039,1.8103,-0.5963,1.4870,1.2529,-2.0500,0.9739,4.1764,-0.0674,3.0000,0.0000,3.0000,0,17.4247,302.2871,265.7019,283.9945,-18.2926,-10.0320,4.7820,287.4731,260.4518
89.189,2,0,heuristic,22.8399,145.8443,1.5594,0.8151,1.6013,1.7968,-0.6038,1.4944,1.2273,-2.0344,0.9739,4.0910,-0.0650,3.0000,0.0000,3.0000,0,17.4247,284.2924,290.4741,287.3832,3.0909,-10.2517,5.0833,268.9574,285.3058
89.239,2,0,heuristic,22.8740,145.9220,1.5646,0.7942,1.6048,1.7905,-0.6240,1.5014,1.2033,-2.0190,0.9739,4.0110,-0.0632,3.0000,0.0000,3.0000,0,17.4247,283.5686,276.8418,280.2052,-3.3634,-10.5701,5.6212,267.3772,271.8929
89.289,2,0,heuristic,22.8740,145.9220,1.5683,0.7942,1.6048,1.7905,0.7602,1.5014,1.2033,-2.0190,0.9739,4.0110,-0.0669,3.0000,0.0000,3.0000,0,17.4247,271.3729,285.9241,278.6485,7.2756,-10.5701,-23.6274,284.4301,251.7266
89.339,2,0,heuristic,22.9091,146.0039,1.5725,0.7703,1.5990,1.7749,-0.6335,1.5089,1.1781,-2.0019,0.9739,3.9269,-0.0636,3.0000,0.0000,3.0000,0,17.4247,274.8961,283.9866,279.4414,4.5452,-11.3176,4.0790,259.4995,276.7481
89.389,2,0,heuristic,22.9413,146.0807,1.5750,0.7502,1.5991,1.7664,0.7808,1.5160,1.1545,-1.9854,0.9739,3.8484,-0.0590,3.0000,0.0000,3.0000,0,17.4247,255.0506,289.6559,272.3533,17.3026,-12.2069,-16.5336,259.3773,260.9154
89.439,2,0,heuristic,22.9744,146.1616,1.5796,0.7275,1.5906,1.7491,0.7638,1.5236,1.1298,-1.9673,0.9739,3.7659,-0.0560,3.0000,0.0000,3.0000,0,17.4247,255.5848,272.6645,264.1246,8.5398,-12.9910,-16.1604,258.7542,243.5130
89.489,2,0,heuristic,23.0047,146.2374,1.5826,0.7083,1.5884,1.7391,-0.6198,1.5308,1.1066,-1.9497,0.9739,3.6888,-0.0518,3.0000,0.0000,3.0000,0,17.4247,256.3952,262.2488,259.3220,2.9268,-13.8353,4.3429,238.2170,252.7564
89.539,2,0,heuristic,23.0359,146.3173,1.5868,0.6868,1.5779,1.7209,0.7685,1.5386,1.0824,-1.9307,0.9739,3.6079,-0.0482,3.0000,0.0000,3.0000,0,17.4247,257.1790,255.3349,256.2569,-0.9221,-14.5815,-15.9210,258.5185,224.8324
89.589,2,0,heuristic,23.0645,146.3920,1.5894,0.6687,1.5735,1.7097,-0.6570,1.5460,1.0597,-1.9124,0.9739,3.5324,-0.0434,3.0000,0.0000,3.0000,0,17.4247,251.7415,254.6479,253.1947,1.4532,-15.3818,5.2189,231.1409,244.4850
89.639,2,0,heuristic,23.0940,146.4705,1.5921,0.6483,1.5609,1.6902,0.7562,1.5540,1.0360,-1.8926,0.9739,3.4533,-0.0381,3.0000,0.0000,3.0000,0,17.4247,254.8088,223.2716,239.0402,-15.7686,-16.0805,-15.3504,254.0787,191.8407
89.689,2,0,heuristic,23.1210,146.5439,1.5957,0.6312,1.5543,1.6776,0.7635,1.5616,1.0139,-1.8737,0.9739,3.3796,-0.0341,3.0000,0.0000,3.0000,0,17.4247,247.7910,222.8143,235.3026,-12.4884,-16.8327,-15.2988,246.2572,190.6828
89.739,2,0,heuristic,23.1488,146.6209,1.5990,0.6119,1.5397,1.6569,0.7790,1.5698,0.9907,-1.8534,0.9739,3.3024,-0.0292,3.0000,0.0000,3.0000,0,17.4247,225.3247,206.1782,215.7514,-9.5733,-17.4845,-15.3347,223.1749,173.3589
89.789,2,0,heuristic,23.1743,146.6927,1.6014,0.5956,1.5311,1.6428,0.7535,1.5776,0.9692,-1.8341,0.9739,3.2307,-0.0238,3.0000,0.0000,3.0000,0,17.4247,216.3052,201.5023,208.9038,-7.4014,-18.1840,-14.7498,212.8710,168.5684
89.839,2,0,heuristic,23.2004,146.7681,1.6039,0.5768,1.5145,1.6207,-0.6847,1.5861,0.9467,-1.8133,0.9739,3.1556,-0.0178,3.0000,0.0000,3.0000,0,17.4247,209.2564,186.8285,198.0425,-11.2139,-18.7809,6.6222,183.8533,174.6699
89.889,2,0,heuristic,23.2242,146.8381,1.6062,0.5607,1.5035,1.6047,-0.7045,1.5941,0.9258,-1.7937,0.9739,3.0861,-0.0120,3.0000,0.0000,3.0000,0,17.4247,229.4401,189.0085,209.2243,-20.2158,-19.4165,7.1342,202.8895,176.7262
89.939,2,0,heuristic,23.2486,146.9113,1.6077,0.5426,1.4843,1.5804,0.7508,1.6028,0.9041,-1.7727,0.9739,3.0136,-0.0049,3.0000,0.0000,3.0000,0,17.4247,207.0280,190.1142,198.5711,-8.4569,-19.9420,-13.9899,201.0759,156.1823
89.989,2,0,heuristic,23.2710,146.9792,1.6100,0.5272,1.4704,1.5620,0.7522,1.6111,0.0000,-1.7531,0.9739,2.9465,0.0011,3.0000,0.0000,3.0000,0,17.4247,187.4211,196.4559,191.9385,4.5174,-36.4129,-13.7803,164.7886,146.2627
90.039,2,0,heuristic,23.2940,147.0501,1.6114,0.5102,1.4489,1.5361,0.7505,1.6201,0.0000,-1.7322,0.9739,2.8767,0.0087,3.0000,0.0000,3.0000,0,17.4247,0.0000,0.0000,0.0000,0.0000,-36.4957,-13.4685,-23.0272,-49.9643
90.089,2,0,heuristic,23.3150,147.1158,1.6126,0.4957,1.4330,1.5163,-0.7003,1.6287,0.0000,-1.7127,0.9739,2.8122,0.0161,3.0000,0.0007,3.0000,0,17.4247,0.0000,0.0000,0.0000,0.0000,-36.6479,8.1354,-44.7833,-28.5125
90.139,2,0,heuristic,23.3150,147.1158,1.6131,0.4957,1.4330,1.5163,-0.6825,1.6287,0.0000,-1.7127,0.9739,2.8122,0.0156,3.0000,0.0007,3.0000,0,17.4247,0.0000,0.0000,0.0000,0.0000,-36.6479,7.8562,-44.5041,-28.7917
90.189,2,0,heuristic,23.3370,147.1835,1.6148,0.4810,1.4066,1.4866,-0.7140,1.6381,0.0000,-1.6928,0.9739,2.7461,0.0233,3.0000,0.1000,3.0000,0,17.4247,0.0000,0.0000,0.0000,0.0000,-36.6331,8.6084,-45.2415,-28.0247
90.239,2,0,heuristic,23.3573,147.2439,1.6153,0.4695,1.3770,1.4548,0.7590,1.6472,0.0000,-1.6757,0.9739,2.6873,0.0319,3.0000,0.1000,3.0000,0,17.4247,0.0000,0.0000,0.0000,0.0000,-36.5247,-12.7310,-23.7937,-49.2557
90.289,2,0,heuristic,23.3782,147.3042,1.6168,0.4560,1.3335,1.4093,-0.7145,1.6569,0.0000,-1.6591,0.9739,2.6289,0.0401,3.0000,0.1998,3.0000,0,17.4247,0.0000,0.0000,0.0000,0.0000,-36.1648,9.2306,-45.3954,-26.9342
90.339,2,0,heuristic,23.3973,147.3576,1.6179,0.4442,1.2893,1.3637,0.7752,1.6660,0.0000,-1.6448,0.9739,2.5774,0.0482,3.0000,0.1998,3.0000,0,17.4247,0.0000,0.0000,0.0000,0.0000,-35.7486,-12.3735,-23.3752,-48.1221
90.389,2,0,heuristic,23.3973,147.3576,1.6189,0.4442,1.2893,1.3637,0.7608,1.6660,0.0000,-1.6448,0.9739,2.5774,0.0471,3.0000,0.2996,3.0000,0,17.4247,0.0000,0.0000,0.0000,0.0000,-35.7486,-12.1973,-23.5513,-47.9460
90.439,2,0,heuristic,23.4168,147.4105,1.6198,0.4306,1.2350,1.3079,0.7935,1.6757,0.0000,-1.6312,0.9739,2.5267,0.0559,3.0000,0.2996,3.0000,0,17.4247,0.0000,0.0000,0.0000,0.0000,-35.1451,-12.3594,-22.7857,-47.5046
90.489,2,0,heuristic,23.4348,147.4571,1.6209,0.4194,1.1821,1.2543,0.7615,1.6849,0.0000,-1.6199,0.9739,2.4824,0.0640,3.0000,0.4006,3.0000,0,17.4247,0.0000,0.0000,0.0000,0.0000,-34.5282,-11.5978,-22.9304,-46.1260
90.539,2,0,heuristic,23.4535,147.5029,1.6217,0.4074,1.1219,1.1936,0.7605,1.6946,0.0000,-1.6097,0.9739,2.4391,0.0730,3.0000,0.4006,3.0000,0,17.4247,0.0000,0.0000,0.0000,0.0000,-33.7769,-11.2637,-22.5132,-45.0405
90.589,2,0,heuristic,23.4709,147.5429,1.6225,0.3986,1.0644,1.1366,-0.7418,1.7039,0.0000,-1.6016,0.9739,2.4016,0.0814,3.0000,0.4997,3.0000,0,17.4247,0.0000,0.0000,0.0000,0.0000,-33.0454,11.1187,-44.1641,-21.9267
90.639,2,0,heuristic,23.4709,147.5429,1.6233,0.3986,1.0644,1.1366,0.7598,1.7039,0.0000,-1.6016,0.9739,2.4016,0.0806,3.0000,0.4997,3.0000,0,17.4247,0.0000,0.0000,0.0000,0.0000,-33.0454,-10.9827,-22.0627,-44.0281
90.689,2,0,heuristic,23.4893,147.5821,1.6240,0.3894,1.0023,1.0752,-0.7165,1.7138,0.0000,-1.5947,0.9739,2.3653,0.0898,3.0000,0.5998,3.0000,0,17.4247,0.0000,0.0000,0.0000,0.0000,-32.2274,11.0409,-43.2683,-21.1865
90.739,2,0,heuristic,23.5064,147.6163,1.6248,0.3830,0.9441,1.0189,0.7670,1.7231,0.0000,-1.5897,0.9739,2.3341,0.0983,3.0000,0.5998,3.0000,0,17.4247,0.0000,0.0000,0.0000,0.0000,-31.4587,-10.4668,-20.9919,-41.9255
90.789,2,0,heuristic,23.5244,147.6498,1.6256,0.3754,0.8840,0.9604,-0.7395,1.7331,0.0000,-1.5857,0.9739,2.3038,0.1074,3.0000,0.7010,3.0000,0,17.4247,0.0000,0.0000,0.0000,0.0000,-30.6451,11.9947,-42.6399,-18.6504
90.840,2,0,heuristic,23.5409,147.6790,1.6262,0.3694,0.8291,0.9076,0.7913,1.7423,0.0000,-1.5830,0.9739,2.2777,0.1162,3.0000,0.7010,3.0000,0,17.4247,0.0000,0.0000,0.0000,0.0000,-29.9006,-10.2065,-19.6941,-40.1071
90.889,2,0,heuristic,23.5409,147.6790,1.6268,0.3694,0.8291,0.9076,-0.7528,1.7423,0.0000,-1.5830,0.9739,2.2777,0.1155,3.0000,0.8000,3.0000,0,17.4247,0.0000,0.0000,0.0000,0.0000,-29.9006,12.4696,-42.3702,-17.4309
90.939,2,0,heuristic,23.5736,147.7331,1.6278,0.3539,0.7246,0.8064,-0.7552,1.7609,0.0000,-1.5796,0.9739,2.2304,0.1331,3.0000,0.8000,3.0000,0,17.4247,0.0000,0.0000,0.0000,0.0000,-28.4515,13.1089,-41.5604,-15.3426
90.989,2,0,heuristic,23.5736,147.7331,1.6281,0.3539,0.7246,0.8064,-0.7492,1.7609,0.0000,-1.5796,0.9739,2.2304,0.1328,3.0000,0.8996,3.0000,0,17.4247,0.0000,0.0000,0.0000,0.0000,-28.4515,13.0110,-41.4625,-15.4405
91.039,2,0,heuristic,23.5895,147.7581,1.6290,0.3445,0.6760,0.7587,0.7923,1.7701,0.0000,-1.5787,0.9739,2.2089,0.1411,3.0000,0.8996,3.0000,0,17.4247,0.0000,0.0000,0.0000,0.0000,-27.7615,-9.3637,-18.3978,-37.1252
91.089,2,0,heuristic,23.6042,147.7802,1.6297,0.3365,0.6327,0.7167,-0.7578,1.7787,0.0000,-1.5784,0.9739,2.1903,0.1490,3.0000,0.9998,3.0000,0,17.4247,0.0000,0.0000,0.0000,0.0000,-27.1514,13.6905,-40.8419,-13.4610
91.139,2,0,heuristic,23.6194,147.8020,1.6307,0.3277,0.5901,0.6750,-0.7512,1.7876,0.0000,-1.5787,0.9739,2.1721,0.1569,3.0000,0.9998,3.0000,0,17.4247,0.0000,0.0000,0.0000,0.0000,-26.5446,13.8652,-40.4097,-12.6794
91.189,2,0,heuristic,23.6335,147.8213,1.6314,0.3208,0.5522,0.6387,0.8025,1.7959,0.0000,-1.5796,0.9739,2.1565,0.1645,3.0000,1.0999,3.0000,0,17.4247,0.0000,0.0000,0.0000,0.0000,-26.0137,-8.7179,-17.2958,-34.7316
91.239,2,0,heuristic,23.6483,147.8402,1.6328,0.3136,0.5145,0.6025,0.7868,1.8046,0.0000,-1.5812,0.9739,2.1414,0.1718,3.0000,1.0999,3.0000,0,17.4247,0.0000,0.0000,0.0000,0.0000,-25.4817,-8.2389,-17.2428,-33.7207
91.289,2,0,heuristic,23.6621,147.8566,1.6334,0.3085,0.4801,0.5707,0.8063,1.8127,0.0000,-1.5834,0.9739,2.1287,0.1793,3.0000,1.1999,3.0000,0,17.4247,0.0000,0.0000,0.0000,0.0000,-25.0089,-8.2737,-16.7352,-33.2826
91.339,2,0,heuristic,23.6621,147.8566,1.6344,0.3085,0.4801,0.5707,0.7973,1.8127,0.0000,-1.5834,0.9739,2.1287,0.1783,3.0000,1.1999,3.0000,0,17.4247,0.0000,0.0000,0.0000,0.0000,-25.0089,-8.1749,-16.8340,-33.1838
91.389,2,0,heuristic,23.6766,147.8725,1.6350,0.3025,0.4452,0.5382,0.7908,1.8211,0.0000,-1.5864,0.9739,2.1168,0.1861,3.0000,1.3000,3.0000,0,17.4247,0.0000,0.0000,0.0000,0.0000,-24.5182,-7.8171,-16.7011,-32.3354
91.439,2,0,heuristic,23.6899,147.8860,1.6357,0.2977,0.4124,0.5086,-0.7592,1.8289,0.0000,-1.5899,0.9739,2.1071,0.1931,3.0000,1.3000,3.0000,0,17.4247,0.0000,0.0000,0.0000,0.0000,-24.0611,15.2028,-39.2638,-8.8583
91.489,2,0,heuristic,23.7037,147.8986,1.6365,0.2910,0.3786,0.4775,0.7880,1.8367,0.0000,-1.5942,0.9739,2.0984,0.2002,3.0000,1.4005,3.0000,0,17.4247,0.0000,0.0000,0.0000,0.0000,-23.5697,-7.3053,-16.2645,-30.8750
91.539,2,0,heuristic,23.7162,147.9090,1.6371,0.2851,0.3461,0.4484,-0.7635,1.8438,0.0000,-1.5987,0.9739,2.0918,0.2067,3.0000,1.4005,3.0000,0,17.4247,0.0000,0.0000,0.0000,0.0000,-23.0983,15.7165,-38.8148,-7.3818
91.589,2,0,heuristic,23.7291,147.9183,1.6382,0.2776,0.3127,0.4181,-0.7728,1.8510,0.0000,-1.6041,0.9739,2.0863,0.2128,3.0000,1.5004,3.0000,0,17.4247,0.0000,0.0000,0.0000,0.0000,-22.5965,16.0543,-38.6508,-6.5422
91.639,2,0,heuristic,23.7409,147.9256,1.6387,0.2711,0.2803,0.3900,0.8003,1.8574,0.0000,-1.6098,0.9739,2.0827,0.2186,3.0000,1.5004,3.0000,0,17.4247,0.0000,0.0000,0.0000,0.0000,-22.1187,-6.8781,-15.2406,-28.9967
91.689,2,0,heuristic,23.7409,147.9256,1.6394,0.2711,0.2803,0.3900,-0.7672,1.8574,0.0000,-1.6098,0.9739,2.0827,0.2179,3.0000,1.6004,3.0000,0,17.4247,0.0000,0.0000,0.0000,0.0000,-22.1187,16.1413,-38.2599,-5.9774
91.739,2,0,heuristic,23.7531,147.9316,1.6398,0.2639,0.2475,0.3618,-0.7782,1.8638,0.0000,-1.6165,0.9739,2.0804,0.2240,3.0000,1.6004,3.0000,0,17.4247,0.0000,0.0000,0.0000,0.0000,-21.6285,16.5007,-38.1292,-5.1278
91.789,2,0,heuristic,23.7644,147.9359,1.6413,0.2584,0.2159,0.3367,0.8270,1.8696,0.0000,-1.6235,0.9739,2.0796,0.2283,3.0000,1.6998,3.0000,0,17.4247,0.0000,0.0000,0.0000,0.0000,-21.1841,-6.9573,-14.2268,-28.1413
91.839,2,0,heuristic,23.7763,147.9391,1.6418,0.2525,0.1850,0.3130,0.8020,1.8756,0.0000,-1.6315,0.9739,2.0801,0.2338,3.0000,1.6998,3.0000,0,17.4247,0.0000,0.0000,0.0000,0.0000,-20.7531,-6.4150,-14.3380,-27.1681
91.889,2,0,heuristic,23.7875,147.9409,1.6424,0.2484,0.1557,0.2932,-0.7955,1.8809,0.0000,-1.6397,0.9739,2.0817,0.2385,3.0000,1.7996,3.0000,0,17.4247,0.0000,0.0000,0.0000,0.0000,-20.3836,17.2181,-37.6016,-3.1655
91.939,2,0,heuristic,23.7992,147.9418,1.6434,0.2437,0.1278,0.2752,0.8207,1.8864,0.0000,-1.6489,0.9739,2.0845,0.2430,3.0000,1.7996,3.0000,0,17.4247,0.0000,0.0000,0.0000,0.0000,-20.0377,-6.3997,-13.6380,-26.4373
91.989,2,0,heuristic,23.8100,147.9417,1.6443,0.2400,0.1017,0.2606,0.8350,1.8913,0.0000,-1.6579,0.9739,2.0880,0.2470,3.0000,1.8998,3.0000,0,17.4247,0.0000,0.0000,0.0000,0.0000,-19.7488,-6.4824,-13.2664,-26.2313
92.039,2,0,heuristic,23.8211,147.9406,1.6450,0.2350,0.0771,0.2473,-0.7943,1.8962,0.0000,-1.6677,0.9739,2.0926,0.2512,3.0000,1.8998,3.0000,0,17.4247,0.0000,0.0000,0.0000,0.0000,-19.4728,17.5962,-37.0690,-1.8766
92.089,2,0,heuristic,23.8314,147.9386,1.6455,0.2308,0.0537,0.2369,-0.7875,1.9005,0.0000,-1.6773,0.9739,2.0977,0.2551,3.0000,1.9996,3.0000,0,17.4247,0.0000,0.0000,0.0000,0.0000,-19.2454,17.6168,-36.8622,-1.6285
92.139,2,0,heuristic,23.8419,147.9356,1.6467,0.2250,0.0313,0.2272,-0.8013,1.9048,0.0000,-1.6877,0.9739,2.1040,0.2581,3.0000,1.9996,3.0000,0,17.4247,0.0000,0.0000,0.0000,0.0000,-19.0209,17.9085,-36.9294,-1.1124
92.189,2,0,heuristic,23.8515,147.9319,1.6475,0.2201,0.0094,0.2203,0.8195,1.9085,0.0000,-1.6978,0.9739,2.1107,0.2611,3.0000,2.0998,3.0000,0,17.4247,0.0000,0.0000,0.0000,0.0000,-18.8432,-5.8280,-13.0151,-24.6712
92.239,2,0,heuristic,23.8615,147.9269,1.6483,0.2144,-0.0116,0.2148,-0.7983,1.9122,0.0000,-1.7088,0.9739,2.1187,0.2639,3.0000,2.0998,3.0000,0,17.4247,0.0000,0.0000,0.0000,0.0000,-18.6807,18.0352,-36.7159,-0.6455
92.289,2,0,heuristic,23.8708,147.9212,1.6493,0.2102,-0.0328,0.2128,-0.8130,1.9154,0.0000,-1.7197,0.9739,2.1271,0.2661,3.0000,2.2000,3.0000,0,17.4247,0.0000,0.0000,0.0000,0.0000,-18.5786,18.3142,-36.8928,-0.2644
92.339,2,0,heuristic,23.8708,147.9212,1.6500,0.2102,-0.0328,0.2128,0.8417,1.9154,0.0000,-1.7197,0.9739,2.1271,0.2654,3.0000,2.2000,3.0000,0,17.4247,0.0000,0.0000,0.0000,0.0000,-18.5786,-6.0357,-12.5429,-24.6143
92.389,2,0,heuristic,23.8805,147.9142,1.6509,0.2055,-0.0532,0.2123,-0.7958,1.9186,0.0000,-1.7316,0.9739,2.1370,0.2677,3.0000,2.2997,3.0000,0,17.4247,0.0000,0.0000,0.0000,0.0000,-18.4926,18.0995,-36.5922,-0.3931
92.439,2,0,heuristic,23.8896,147.9067,1.6515,0.2024,-0.0741,0.2155,-0.8100,1.9214,0.0000,-1.7434,0.9739,2.1473,0.2699,3.0000,2.2997,3.0000,0,17.4247,0.0000,0.0000,0.0000,0.0000,-18.4698,18.3683,-36.8381,-0.1015
92.489,2,0,heuristic,23.8992,147.8976,1.6532,0.1989,-0.0940,0.2201,0.8533,1.9241,0.0000,-1.7565,0.9739,2.1591,0.2709,3.0000,2.3998,3.0000,0,17.4247,0.0000,0.0000,0.0000,0.0000,-18.4583,-6.0617,-12.3967,-24.5200
92.539,2,0,heuristic,23.9082,147.8882,1.6534,0.1965,-0.1146,0.2275,0.8473,1.9265,0.0000,-1.7692,0.9739,2.1710,0.2731,3.0000,2.3998,3.0000,0,17.4247,0.0000,0.0000,0.0000,0.0000,-18.4974,-5.9156,-12.5818,-24.4131
92.589,2,0,heuristic,23.9082,147.8882,1.6543,0.1965,-0.1146,0.2275,-0.8077,1.9265,0.0000,-1.7692,0.9739,2.1710,0.2722,3.0000,2.5000,3.0000,0,17.4247,0.0000,0.0000,0.0000,0.0000,-18.4974,18.3812,-36.8787,-0.1162
92.639,2,0,heuristic,23.9176,147.8771,1.6551,0.1933,-0.1341,0.2353,0.8488,1.9288,0.0000,-1.7832,0.9739,2.1847,0.2736,3.0000,2.5000,3.0000,0,17.4247,0.0000,0.0000,0.0000,0.0000,-18.5313,-5.9381,-12.5933,-24.4694
92.689,2,0,heuristic,23.9263,147.8659,1.6561,0.1907,-0.1542,0.2453,-0.8007,1.9307,0.0000,-1.7967,0.9739,2.1983,0.2746,3.0000,2.5997,3.0000,0,17.4247,0.0000,0.0000,0.0000,0.0000,-18.6044,18.3260,-36.9304,-0.2784
92.739,2,0,heuristic,23.9352,147.8530,1.6574,0.1869,-0.1727,0.2545,0.8468,1.9324,0.0000,-1.8112,0.9739,2.2134,0.2750,3.0000,2.5997,3.0000,0,17.4247,0.0000,0.0000,0.0000,0.0000,-18.6500,-5.8959,-12.7542,-24.5459
92.789,2,0,heuristic,23.9434,147.8403,1.6582,0.1837,-0.1915,0.2654,-0.8143,1.9338,0.0000,-1.8252,0.9739,2.2283,0.2756,3.0000,2.7004,3.0000,0,17.4247,0.0000,0.0000,0.0000,0.0000,-18.7287,18.5245,-37.2533,-0.2042
92.839,2,0,heuristic,23.9519,147.8259,1.6591,0.1796,-0.2082,0.2750,0.8700,1.9351,0.0000,-1.8403,0.9739,2.2447,0.2760,3.0000,2.7004,3.0000,0,17.4247,0.0000,0.0000,0.0000,0.0000,-18.7734,-6.2408,-12.5326,-25.0141
92.889,2,0,heuristic,23.9598,147.8118,1.6599,0.1765,-0.2256,0.2865,-0.8310,1.9361,0.0000,-1.8548,0.9739,2.2607,0.2762,3.0000,2.8003,3.0000,0,17.4247,0.0000,0.0000,0.0000,0.0000,-18.8534,18.7537,-37.6071,-0.0997
92.939,2,0,heuristic,23.9680,147.7960,1.6610,0.1729,-0.2410,0.2966,0.8453,1.9370,0.0000,-1.8704,0.9739,2.2784,0.2760,3.0000,2.8003,3.0000,0,17.4247,0.0000,0.0000,0.0000,0.0000,-18.8974,-5.9139,-12.9835,-24.8113
92.989,2,0,heuristic,23.9757,147.7806,1.6620,0.1704,-0.2572,0.3085,0.8788,1.9377,0.0000,-1.8855,0.9739,2.2955,0.2757,3.0000,2.8998,3.0000,0,17.4247,0.0000,0.0000,0.0000,0.0000,-18.9760,-6.4344,-12.5416,-25.4104
93.039,2,0,heuristic,23.9757,147.7806,1.6629,0.1704,-0.2572,0.3085,-0.8367,1.9377,0.0000,-1.8855,0.9739,2.2955,0.2748,3.0000,2.8998,3.0000,0,17.4247,0.0000,0.0000,0.0000,0.0000,-18.9760,18.7530,-37.7290,-0.2230
93.089,2,0,heuristic,23.9838,147.7635,1.6635,0.1676,-0.2715,0.3191,-0.8503,1.9384,0.0000,-1.9018,0.9739,2.3144,0.2748,3.0000,3.0000,3.0000,0,17.4247,0.0000,0.0000,0.0000,0.0000,-19.0172,18.9329,-37.9501,-0.0843
93.139,2,0,heuristic,23.9914,147.7467,1.6649,0.1657,-0.2871,0.3315,-0.8335,1.9388,0.0000,-1.9175,0.9739,2.3328,0.2739,3.0000,3.0000,3.0000,0,17.4247,0.0000,0.0000,0.0000,0.0000,-19.0957,18.6356,-37.7313,-0.4600
93.189,2,0,done,23.9993,147.7283,1.6660,0.1630,-0.3007,0.3420,0.8645,1.6660,0.0000,0.0000,0.0000,0.0000,0.0000,3.0000,0.0000,3.0000,1,17.4247,0.0000,0.0000,0.0000,0.0000,0.0000,0.0000,0.0000,0.0000
93.239,2,0,done,24.0067,147.7103,1.6667,0.1610,-0.3155,0.3542,-0.8448,1.6667,0.0000,0.0000,0.0000,0.0000,0.0000,3.0000,0.0000,3.0000,1,17.4247,0.0000,0.0000,0.0000,0.0000,0.0000,0.0000,0.0000,0.0000
93.289,2,0,done,24.0144,147.6905,1.6685,0.1584,-0.3282,0.3645,0.8772,1.6685,0.0000,0.0000,0.0000,0.0000,0.0000,3.0000,0.0000,3.0000,1,17.4247,0.0000,0.0000,0.0000,0.0000,0.0000,0.0000,0.0000,0.0000
93.339,2,0,done,24.0215,147.6715,1.6685,0.1563,-0.3421,0.3761,-0.8325,1.6685,0.0000,0.0000,0.0000,0.0000,0.0000,3.0000,0.0000,3.0000,1,17.4247,0.0000,0.0000,0.0000,0.0000,0.0000,0.0000,0.0000,0.0000
93.389,2,0,done,24.0288,147.6509,1.6703,0.1532,-0.3528,0.3846,0.8855,1.6703,0.0000,0.0000,0.0000,0.0000,0.0000,3.0000,0.0000,3.0000,1,17.4247,0.0000,0.0000,0.0000,0.0000,0.0000,0.0000,0.0000,0.0000
93.439,2,0,done,24.0356,147.6313,1.6710,0.1511,-0.3640,0.3941,0.8735,1.6710,0.0000,0.0000,0.0000,0.0000,0.0000,3.0000,0.0000,3.0000,1,17.4247,0.0000,0.0000,0.0000,0.0000,0.0000,0.0000,0.0000,0.0000
93.489,2,0,done,24.0428,147.6102,1.6720,0.1485,-0.3723,0.4009,-0.8535,1.6720,0.0000,0.0000,0.0000,0.0000,0.0000,3.0000,0.0000,3.0000,1,17.4247,0.0000,0.0000,0.0000,0.0000,0.0000,0.0000,0.0000,0.0000
93.539,2,0,done,24.0496,147.5901,1.6730,0.1470,-0.3817,0.4090,-0.8435,1.6730,0.0000,0.0000,0.0000,0.0000,0.0000,3.0000,0.0000,3.0000,1,17.4247,0.0000,0.0000,0.0000,0.0000,0.0000,0.0000,0.0000,0.0000
93.589,2,0,done,24.0567,147.5685,1.6742,0.1449,-0.3884,0.4145,0.8790,1.6742,0.0000,0.0000,0.0000,0.0000,0.0000,3.0000,0.0000,3.0000,1,17.4247,0.0000,0.0000,0.0000,0.0000,0.0000,0.0000,0.0000,0.0000
93.640,2,0,done,24.0633,147.5480,1.6749,0.1434,-0.3961,0.4213,-0.8623,1.6749,0.0000,0.0000,0.0000,0.0000,0.0000,3.0000,0.0000,3.0000,1,17.4247,0.0000,0.0000,0.0000,0.0000,0.0000,0.0000,0.0000,0.0000
93.689,2,0,done,24.0701,147.5260,1.6760,0.1410,-0.4014,0.4254,-0.8615,1.6760,0.0000,0.0000,0.0000,0.0000,0.0000,3.0000,0.0000,3.0000,1,17.4247,0.0000,0.0000,0.0000,0.0000,0.0000,0.0000,0.0000,0.0000
93.739,2,0,done,24.0764,147.5052,1.6764,0.1389,-0.4079,0.4309,-0.8505,1.6764,0.0000,0.0000,0.0000,0.0000,0.0000,3.0000,0.0000,3.0000,1,17.4247,0.0000,0.0000,0.0000,0.0000,0.0000,0.0000,0.0000,0.0000
93.789,2,0,done,24.0828,147.4829,1.6776,0.1359,-0.4119,0.4337,-0.8675,1.6776,0.0000,0.0000,0.0000,0.0000,0.0000,3.0000,0.0000,3.0000,1,17.4247,0.0000,0.0000,0.0000,0.0000,0.0000,0.0000,0.0000,0.0000
93.839,2,0,done,24.0887,147.4619,1.6777,0.1332,-0.4173,0.4381,-0.8675,1.6777,0.0000,0.0000,0.0000,0.0000,0.0000,3.0000,0.0000,3.0000,1,17.4247,0.0000,0.0000,0.0000,0.0000,0.0000,0.0000,0.0000,0.0000
93.889,2,0,done,24.0948,147.4394,1.6789,0.1301,-0.4201,0.4398,-0.8730,1.6789,0.0000,0.0000,0.0000,0.0000,0.0000,3.0000,0.0000,3.0000,1,17.4247,0.0000,0.0000,0.0000,0.0000,0.0000,0.0000,0.0000,0.0000
93.939,2,0,done,24.1005,147.4183,1.6795,0.1276,-0.4243,0.4431,0.9000,1.6795,0.0000,0.0000,0.0000,0.0000,0.0000,3.0000,0.0000,3.0000,1,17.4247,0.0000,0.0000,0.0000,0.0000,0.0000,0.0000,0.0000,0.0000
93.989,2,0,done,24.1005,147.4183,1.6804,0.1276,-0.4243,0.4431,0.8825,1.6804,0.0000,0.0000,0.0000,0.0000,0.0000,3.0000,0.0000,3.0000,1,17.4247,0.0000,0.0000,0.0000,0.0000,0.0000,0.0000,0.0000,0.0000
94.039,2,0,done,24.1064,147.3958,1.6807,0.1250,-0.4260,0.4439,0.8950,1.6807,0.0000,0.0000,0.0000,0.0000,0.0000,3.0000,0.0000,3.0000,1,17.4247,0.0000,0.0000,0.0000,0.0000,0.0000,0.0000,0.0000,0.0000
94.089,2,0,done,24.1120,147.3745,1.6811,0.1233,-0.4293,0.4466,-0.8728,1.6811,0.0000,0.0000,0.0000,0.0000,0.0000,3.0000,0.0000,3.0000,1,17.4247,0.0000,0.0000,0.0000,0.0000,0.0000,0.0000,0.0000,0.0000
94.139,2,0,done,24.1179,147.3519,1.6817,0.1213,-0.4303,0.4471,0.8970,1.6817,0.0000,0.0000,0.0000,0.0000,0.0000,3.0000,0.0000,3.0000,1,17.4247,0.0000,0.0000,0.0000,0.0000,0.0000,0.0000,0.0000,0.0000
94.189,2,0,done,24.1234,147.3305,1.6821,0.1201,-0.4333,0.4497,-0.8855,1.6821,0.0000,0.0000,0.0000,0.0000,0.0000,3.0000,0.0000,3.0000,1,17.4247,0.0000,0.0000,0.0000,0.0000,0.0000,0.0000,0.0000,0.0000
94.239,2,0,done,24.1234,147.3305,1.6827,0.1201,-0.4333,0.4497,0.9120,1.6827,0.0000,0.0000,0.0000,0.0000,0.0000,3.0000,0.0000,3.0000,1,17.4247,0.0000,0.0000,0.0000,0.0000,0.0000,0.0000,0.0000,0.0000
94.289,2,0,done,24.1345,147.2862,1.6833,0.1167,-0.4372,0.4525,0.9030,1.6833,0.0000,0.0000,0.0000,0.0000,0.0000,3.0000,0.0000,3.0000,1,17.4247,0.0000,0.0000,0.0000,0.0000,0.0000,0.0000,0.0000,0.0000
94.339,2,0,done,24.1345,147.2862,1.6836,0.1167,-0.4372,0.4525,0.9073,1.6836,0.0000,0.0000,0.0000,0.0000,0.0000,3.0000,0.0000,3.0000,1,17.4247,0.0000,0.0000,0.0000,0.0000,0.0000,0.0000,0.0000,0.0000
94.389,2,0,done,24.1400,147.2632,1.6841,0.1146,-0.4381,0.4529,-0.9108,1.6841,0.0000,0.0000,0.0000,0.0000,0.0000,3.0000,0.0000,3.0000,1,17.4247,0.0000,0.0000,0.0000,0.0000,0.0000,0.0000,0.0000,0.0000
94.439,2,0,done,24.1451,147.2415,1.6845,0.1127,-0.4412,0.4553,0.9088,1.6845,0.0000,0.0000,0.0000,0.0000,0.0000,3.0000,0.0000,3.0000,1,17.4247,0.0000,0.0000,0.0000,0.0000,0.0000,0.0000,0.0000,0.0000
94.489,2,0,done,24.1503,147.2183,1.6849,0.1102,-0.4420,0.4556,-0.9000,1.6849,0.0000,0.0000,0.0000,0.0000,0.0000,3.0000,0.0000,3.0000,1,17.4247,0.0000,0.0000,0.0000,0.0000,0.0000,0.0000,0.0000,0.0000
94.539,2,0,done,24.1551,147.1964,1.6855,0.1083,-0.4449,0.4579,-0.9190,1.6855,0.0000,0.0000,0.0000,0.0000,0.0000,3.0000,0.0000,3.0000,1,17.4247,0.0000,0.0000,0.0000,0.0000,0.0000,0.0000,0.0000,0.0000
94.589,2,0,done,24.1551,147.1964,1.6857,0.1083,-0.4449,0.4579,-0.8898,1.6857,0.0000,0.0000,0.0000,0.0000,0.0000,3.0000,0.0000,3.0000,1,17.4247,0.0000,0.0000,0.0000,0.0000,0.0000,0.0000,0.0000,0.0000
94.639,2,0,done,24.1602,147.1731,1.6862,0.1061,-0.4456,0.4581,-0.9042,1.6862,0.0000,0.0000,0.0000,0.0000,0.0000,3.0000,0.0000,3.0000,1,17.4247,0.0000,0.0000,0.0000,0.0000,0.0000,0.0000,0.0000,0.0000
94.689,2,0,done,24.1649,147.1510,1.6865,0.1045,-0.4485,0.4606,0.9255,1.6865,0.0000,0.0000,0.0000,0.0000,0.0000,3.0000,0.0000,3.0000,1,17.4247,0.0000,0.0000,0.0000,0.0000,0.0000,0.0000,0.0000,0.0000
94.739,2,0,done,24.1699,147.1275,1.6869,0.1027,-0.4492,0.4608,-0.9160,1.6869,0.0000,0.0000,0.0000,0.0000,0.0000,3.0000,0.0000,3.0000,1,17.4247,0.0000,0.0000,0.0000,0.0000,0.0000,0.0000,0.0000,0.0000
94.789,2,0,done,24.1745,147.1054,1.6872,0.1015,-0.4515,0.4628,0.9052,1.6872,0.0000,0.0000,0.0000,0.0000,0.0000,3.0000,0.0000,3.0000,1,17.4247,0.0000,0.0000,0.0000,0.0000,0.0000,0.0000,0.0000,0.0000
94.839,2,0,done,24.1793,147.0820,1.6881,0.0998,-0.4512,0.4621,0.9325,1.6881,0.0000,0.0000,0.0000,0.0000,0.0000,3.0000,0.0000,3.0000,1,17.4247,0.0000,0.0000,0.0000,0.0000,0.0000,0.0000,0.0000,0.0000
94.889,2,0,done,24.1793,147.0820,1.6875,0.0998,-0.4512,0.4621,-0.9205,1.6875,0.0000,0.0000,0.0000,0.0000,0.0000,3.0000,0.0000,3.0000,1,17.4247,0.0000,0.0000,0.0000,0.0000,0.0000,0.0000,0.0000,0.0000
94.939,2,0,done,24.1838,147.0600,1.6888,0.0984,-0.4526,0.4632,0.9115,1.6888,0.0000,0.0000,0.0000,0.0000,0.0000,3.0000,0.0000,3.0000,1,17.4247,0.0000,0.0000,0.0000,0.0000,0.0000,0.0000,0.0000,0.0000
94.989,2,0,done,24.1884,147.0367,1.6887,0.0964,-0.4517,0.4619,0.9333,1.6887,0.0000,0.0000,0.0000,0.0000,0.0000,3.0000,0.0000,3.0000,1,17.4247,0.0000,0.0000,0.0000,0.0000,0.0000,0.0000,0.0000,0.0000
95.039,2,0,done,24.1926,147.0148,1.6894,0.0946,-0.4527,0.4625,0.9310,1.6894,0.0000,0.0000,0.0000,0.0000,0.0000,3.0000,0.0000,3.0000,1,17.4247,0.0000,0.0000,0.0000,0.0000,0.0000,0.0000,0.0000,0.0000
95.089,2,0,done,24.1969,146.9916,1.6893,0.0923,-0.4514,0.4608,0.9485,1.6893,0.0000,0.0000,0.0000,0.0000,0.0000,3.0000,0.0000,3.0000,1,17.4247,0.0000,0.0000,0.0000,0.0000,0.0000,0.0000,0.0000,0.0000
95.139,2,0,done,24.2009,146.9697,1.6895,0.0904,-0.4523,0.4612,-0.9343,1.6895,0.0000,0.0000,0.0000,0.0000,0.0000,3.0000,0.0000,3.0000,1,17.4247,0.0000,0.0000,0.0000,0.0000,0.0000,0.0000,0.0000,0.0000
95.189,2,0,done,24.2050,146.9465,1.6899,0.0882,-0.4511,0.4597,0.9395,1.6899,0.0000,0.0000,0.0000,0.0000,0.0000,3.0000,0.0000,3.0000,1,17.4247,0.0000,0.0000,0.0000,0.0000,0.0000,0.0000,0.0000,0.0000
95.239,2,0,done,24.2088,146.9245,1.6902,0.0865,-0.4522,0.4604,0.9380,1.6902,0.0000,0.0000,0.0000,0.0000,0.0000,3.0000,0.0000,3.0000,1,17.4247,0.0000,0.0000,0.0000,0.0000,0.0000,0.0000,0.0000,0.0000
95.289,2,0,done,24.2088,146.9245,1.6905,0.0865,-0.4522,0.4604,-0.9253,1.6905,0.0000,0.0000,0.0000,0.0000,0.0000,3.0000,0.0000,3.0000,1,17.4247,0.0000,0.0000,0.0000,0.0000,0.0000,0.0000,0.0000,0.0000
95.339,2,0,done,24.2128,146.9012,1.6903,0.0845,-0.4517,0.4595,-0.9460,1.6903,0.0000,0.0000,0.0000,0.0000,0.0000,3.0000,0.0000,3.0000,1,17.4247,0.0000,0.0000,0.0000,0.0000,0.0000,0.0000,0.0000,0.0000
95.389,2,0,done,24.2165,146.8790,1.6910,0.0830,-0.4537,0.4612,-0.9290,1.6910,0.0000,0.0000,0.0000,0.0000,0.0000,3.0000,0.0000,3.0000,1,17.4247,0.0000,0.0000,0.0000,0.0000,0.0000,0.0000,0.0000,0.0000
95.439,2,0,done,24.2203,146.8553,1.6913,0.0811,-0.4543,0.4615,0.9317,1.6913,0.0000,0.0000,0.0000,0.0000,0.0000,3.0000,0.0000,3.0000,1,17.4247,0.0000,0.0000,0.0000,0.0000,0.0000,0.0000,0.0000,0.0000
95.489,2,0,done,24.2238,146.8327,1.6915,0.0795,-0.4577,0.4645,-0.9385,1.6915,0.0000,0.0000,0.0000,0.0000,0.0000,3.0000,0.0000,3.0000,1,17.4247,0.0000,0.0000,0.0000,0.0000,0.0000,0.0000,0.0000,0.0000
95.539,2,0,done,24.2274,146.8084,1.6918,0.0773,-0.4593,0.4658,0.9435,1.6918,0.0000,0.0000,0.0000,0.0000,0.0000,3.0000,0.0000,3.0000,1,17.4247,0.0000,0.0000,0.0000,0.0000,0.0000,0.0000,0.0000,0.0000
95.589,2,0,done,24.2306,146.7854,1.6920,0.0752,-0.4634,0.4695,-0.9487,1.6920,0.0000,0.0000,0.0000,0.0000,0.0000,3.0000,0.0000,3.0000,1,17.4247,0.0000,0.0000,0.0000,0.0000,0.0000,0.0000,0.0000,0.0000
95.639,2,0,done,24.2339,146.7607,1.6924,0.0727,-0.4657,0.4713,-0.9437,1.6924,0.0000,0.0000,0.0000,0.0000,0.0000,3.0000,0.0000,3.0000,1,17.4247,0.0000,0.0000,0.0000,0.0000,0.0000,0.0000,0.0000,0.0000
95.689,2,0,done,24.2368,146.7372,1.6925,0.0705,-0.4705,0.4758,0.9543,1.6925,0.0000,0.0000,0.0000,0.0000,0.0000,3.0000,0.0000,3.0000,1,17.4247,0.0000,0.0000,0.0000,0.0000,0.0000,0.0000,0.0000,0.0000
95.739,2,0,done,24.2368,146.7372,1.6928,0.0705,-0.4705,0.4758,-0.9400,1.6928,0.0000,0.0000,0.0000,0.0000,0.0000,3.0000,0.0000,3.0000,1,17.4247,0.0000,0.0000,0.0000,0.0000,0.0000,0.0000,0.0000,0.0000
95.789,2,0,done,24.2398,146.7120,1.6925,0.0680,-0.4734,0.4783,-0.9497,1.6925,0.0000,0.0000,0.0000,0.0000,0.0000,3.0000,0.0000,3.0000,1,17.4247,0.0000,0.0000,0.0000,0.0000,0.0000,0.0000,0.0000,0.0000
95.839,2,0,done,24.2426,146.6880,1.6932,0.0657,-0.4785,0.4830,-0.9647,1.6932,0.0000,0.0000,0.0000,0.0000,0.0000,3.0000,0.0000,3.0000,1,17.4247,0.0000,0.0000,0.0000,0.0000,0.0000,0.0000,0.0000,0.0000
95.889,2,0,done,24.2454,146.6625,1.6936,0.0634,-0.4811,0.4853,0.9547,1.6936,0.0000,0.0000,0.0000,0.0000,0.0000,3.0000,0.0000,3.0000,1,17.4247,0.0000,0.0000,0.0000,0.0000,0.0000,0.0000,0.0000,0.0000
95.939,2,0,done,24.2479,146.6382,1.6937,0.0613,-0.4861,0.4899,-0.9585,1.6937,0.0000,0.0000,0.0000,0.0000,0.0000,3.0000,0.0000,3.0000,1,17.4247,0.0000,0.0000,0.0000,0.0000,0.0000,0.0000,0.0000,0.0000
95.989,2,0,done,24.2505,146.6122,1.6940,0.0589,-0.4887,0.4922,-0.9705,1.6940,0.0000,0.0000,0.0000,0.0000,0.0000,3.0000,0.0000,3.0000,1,17.4247,0.0000,0.0000,0.0000,0.0000,0.0000,0.0000,0.0000,0.0000
96.039,2,0,done,24.2528,146.5876,1.6941,0.0568,-0.4934,0.4967,0.9703,1.6941,0.0000,0.0000,0.0000,0.0000,0.0000,3.0000,0.0000,3.0000,1,17.4247,0.0000,0.0000,0.0000,0.0000,0.0000,0.0000,0.0000,0.0000
96.089,2,0,done,24.2551,146.5614,1.6949,0.0542,-0.4955,0.4984,0.9667,1.6949,0.0000,0.0000,0.0000,0.0000,0.0000,3.0000,0.0000,3.0000,1,17.4247,0.0000,0.0000,0.0000,0.0000,0.0000,0.0000,0.0000,0.0000
96.139,2,0,done,24.2571,146.5367,1.6941,0.0518,-0.4994,0.5021,-0.9570,1.6941,0.0000,0.0000,0.0000,0.0000,0.0000,3.0000,0.0000,3.0000,1,17.4247,0.0000,0.0000,0.0000,0.0000,0.0000,0.0000,0.0000,0.0000
96.189,2,0,done,24.2591,146.5105,1.6947,0.0490,-0.5005,0.5029,-0.9703,1.6947,0.0000,0.0000,0.0000,0.0000,0.0000,3.0000,0.0000,3.0000,1,17.4247,0.0000,0.0000,0.0000,0.0000,0.0000,0.0000,0.0000,0.0000
96.239,2,0,done,24.2608,146.4858,1.6950,0.0463,-0.5033,0.5055,0.9825,1.6950,0.0000,0.0000,0.0000,0.0000,0.0000,3.0000,0.0000,3.0000,1,17.4247,0.0000,0.0000,0.0000,0.0000,0.0000,0.0000,0.0000,0.0000
96.289,2,0,done,24.2625,146.4596,1.6951,0.0435,-0.5032,0.5051,-0.9783,1.6951,0.0000,0.0000,0.0000,0.0000,0.0000,3.0000,0.0000,3.0000,1,17.4247,0.0000,0.0000,0.0000,0.0000,0.0000,0.0000,0.0000,0.0000
96.339,2,0,done,24.2639,146.4350,1.6954,0.0408,-0.5050,0.5066,-0.9830,1.6954,0.0000,0.0000,0.0000,0.0000,0.0000,3.0000,0.0000,3.0000,1,17.4247,0.0000,0.0000,0.0000,0.0000,0.0000,0.0000,0.0000,0.0000
96.389,2,0,done,24.2653,146.4090,1.6951,0.0381,-0.5040,0.5055,-0.9788,1.6951,0.0000,0.0000,0.0000,0.0000,0.0000,3.0000,0.0000,3.0000,1,17.4247,0.0000,0.0000,0.0000,0.0000,0.0000,0.0000,0.0000,0.0000
96.439,2,0,done,24.2666,146.3845,1.6957,0.0357,-0.5053,0.5065,-0.9785,1.6957,0.0000,0.0000,0.0000,0.0000,0.0000,3.0000,0.0000,3.0000,1,17.4247,0.0000,0.0000,0.0000,0.0000,0.0000,0.0000,0.0000,0.0000
96.489,2,0,done,24.2678,146.3586,1.6960,0.0331,-0.5040,0.5051,-0.9848,1.6960,0.0000,0.0000,0.0000,0.0000,0.0000,3.0000,0.0000,3.0000,1,17.4247,0.0000,0.0000,0.0000,0.0000,0.0000,0.0000,0.0000,0.0000
96.539,2,0,done,24.2688,146.3341,1.6961,0.0307,-0.5052,0.5062,0.9783,1.6961,0.0000,0.0000,0.0000,0.0000,0.0000,3.0000,0.0000,3.0000,1,17.4247,0.0000,0.0000,0.0000,0.0000,0.0000,0.0000,0.0000,0.0000
96.589,2,0,done,24.2697,146.3081,1.6968,0.0282,-0.5041,0.5049,1.0010,1.6968,0.0000,0.0000,0.0000,0.0000,0.0000,3.0000,0.0000,3.0000,1,17.4247,0.0000,0.0000,0.0000,0.0000,0.0000,0.0000,0.0000,0.0000
96.639,2,0,done,24.2705,146.2836,1.6965,0.0258,-0.5053,0.5059,0.9750,1.6965,0.0000,0.0000,0.0000,0.0000,0.0000,3.0000,0.0000,3.0000,1,17.4247,0.0000,0.0000,0.0000,0.0000,0.0000,0.0000,0.0000,0.0000
96.689,2,0,done,24.2711,146.2577,1.6965,0.0231,-0.5042,0.5047,-0.9962,1.6965,0.0000,0.0000,0.0000,0.0000,0.0000,3.0000,0.0000,3.0000,1,17.4247,0.0000,0.0000,0.0000,0.0000,0.0000,0.0000,0.0000,0.0000
96.739,2,0,done,24.2716,146.2332,1.6968,0.0206,-0.5054,0.5058,-0.9828,1.6968,0.0000,0.0000,0.0000,0.0000,0.0000,3.0000,0.0000,3.0000,1,17.4247,0.0000,0.0000,0.0000,0.0000,0.0000,0.0000,0.0000,0.0000
96.789,2,0,done,24.2720,146.2072,1.6964,0.0180,-0.5041,0.5045,-1.0028,1.6964,0.0000,0.0000,0.0000,0.0000,0.0000,3.0000,0.0000,3.0000,1,17.4247,0.0000,0.0000,0.0000,0.0000,0.0000,0.0000,0.0000,0.0000
96.839,2,0,done,24.2723,146.1828,1.6970,0.0155,-0.5049,0.5051,-1.0143,1.6970,0.0000,0.0000,0.0000,0.0000,0.0000,3.0000,0.0000,3.0000,1,17.4247,0.0000,0.0000,0.0000,0.0000,0.0000,0.0000,0.0000,0.0000
96.889,2,0,done,24.2725,146.1571,1.6972,0.0132,-0.5029,0.5031,1.0165,1.6972,0.0000,0.0000,0.0000,0.0000,0.0000,3.0000,0.0000,3.0000,1,17.4247,0.0000,0.0000,0.0000,0.0000,0.0000,0.0000,0.0000,0.0000
96.939,2,0,done,24.2726,146.1330,1.6973,0.0110,-0.5028,0.5029,1.0155,1.6973,0.0000,0.0000,0.0000,0.0000,0.0000,3.0000,0.0000,3.0000,1,17.4247,0.0000,0.0000,0.0000,0.0000,0.0000,0.0000,0.0000,0.0000
96.989,2,0,done,24.2726,146.1330,1.6974,0.0110,-0.5028,0.5029,-1.0052,1.6974,0.0000,0.0000,0.0000,0.0000,0.0000,3.0000,0.0000,3.0000,1,17.4247,0.0000,0.0000,0.0000,0.0000,0.0000,0.0000,0.0000,0.0000
97.039,2,0,done,24.2727,146.1076,1.6970,0.0090,-0.4998,0.4999,-1.0175,1.6970,0.0000,0.0000,0.0000,0.0000,0.0000,3.0000,0.0000,3.0000,1,17.4247,0.0000,0.0000,0.0000,0.0000,0.0000,0.0000,0.0000,0.0000
97.089,2,0,done,24.2726,146.0839,1.6976,0.0070,-0.4986,0.4986,-1.0070,1.6976,0.0000,0.0000,0.0000,0.0000,0.0000,3.0000,0.0000,3.0000,1,17.4247,0.0000,0.0000,0.0000,0.0000,0.0000,0.0000,0.0000,0.0000
97.139,2,0,done,24.2725,146.0591,1.6977,0.0052,-0.4945,0.4945,1.0200,1.6977,0.0000,0.0000,0.0000,0.0000,0.0000,3.0000,0.0000,3.0000,1,17.4247,0.0000,0.0000,0.0000,0.0000,0.0000,0.0000,0.0000,0.0000
97.189,2,0,done,24.2723,146.0359,1.6978,0.0033,-0.4920,0.4920,-1.0295,1.6978,0.0000,0.0000,0.0000,0.0000,0.0000,3.0000,0.0000,3.0000,1,17.4247,0.0000,0.0000,0.0000,0.0000,0.0000,0.0000,0.0000,0.0000
97.239,2,0,done,24.2720,146.0117,1.6979,0.0014,-0.4867,0.4867,-1.0250,1.6979,0.0000,0.0000,0.0000,0.0000,0.0000,3.0000,0.0000,3.0000,1,17.4247,0.0000,0.0000,0.0000,0.0000,0.0000,0.0000,0.0000,0.0000
97.289,2,0,done,24.2716,145.9892,1.6975,-0.0004,-0.4832,0.4832,-1.0195,1.6975,0.0000,0.0000,0.0000,0.0000,0.0000,3.0000,0.0000,3.0000,1,17.4247,0.0000,0.0000,0.0000,0.0000,0.0000,0.0000,0.0000,0.0000
97.339,2,0,done,24.2711,145.9657,1.6980,-0.0021,-0.4770,0.4770,-1.0235,1.6980,0.0000,0.0000,0.0000,0.0000,0.0000,3.0000,0.0000,3.0000,1,17.4247,0.0000,0.0000,0.0000,0.0000,0.0000,0.0000,0.0000,0.0000
97.389,2,0,done,24.2706,145.9438,1.6982,-0.0038,-0.4728,0.4728,1.0280,1.6982,0.0000,0.0000,0.0000,0.0000,0.0000,3.0000,0.0000,3.0000,1,17.4247,0.0000,0.0000,0.0000,0.0000,0.0000,0.0000,0.0000,0.0000
97.439,2,0,done,24.2701,145.9209,1.6982,-0.0053,-0.4661,0.4662,1.0060,1.6982,0.0000,0.0000,0.0000,0.0000,0.0000,3.0000,0.0000,3.0000,1,17.4247,0.0000,0.0000,0.0000,0.0000,0.0000,0.0000,0.0000,0.0000
