t,mode_code,shadow_mode,policy_source,x,y,yaw,vx,vy,speed,yaw_rate,psi_ref,u_ref,e_ct,chi_p,dist_to_wp,heading_error,pos_tol,hold_elapsed,hold_required,completed,seg_len,left_raw,right_raw,common_raw,diff_raw,delta_common,delta_diff,left_final,right_final
1.727,0,0,learned,-0.0007,0.0012,1.0000,0.0038,0.0073,0.0083,0.0090,1.6935,2.5000,-17.8878,1.0058,28.1803,0.6935,3.0000,0.0000,2.0000,0,14.1273,109.2044,307.3971,208.3007,99.0963,1.9083,-7.6425,118.7552,301.6629
1.733,0,0,learned,-0.0007,0.0012,1.0000,0.0038,0.0073,0.0083,0.0090,1.6935,2.5000,-17.8878,1.0058,28.1803,0.6935,3.0000,0.0000,2.0000,0,14.1273,109.2044,307.3971,208.3007,99.0963,1.9083,-7.6425,118.7552,301.6629
1.775,0,0,learned,-0.0013,0.0003,1.0000,0.0007,0.0024,0.0025,-0.0047,1.6935,2.5000,-17.8877,1.0058,28.1811,0.6935,3.0000,0.0000,2.0000,0,14.1273,29.3624,469.4015,249.3820,220.0195,1.9182,-7.7297,39.0103,463.5900
1.825,0,0,learned,-0.0022,-0.0009,1.0000,-0.0031,-0.0030,0.0043,-0.0027,1.6934,2.5000,-17.8876,1.0058,28.1821,0.6934,3.0000,0.0000,2.0000,0,14.1273,9.2562,505.8025,257.5294,248.2732,1.9184,-7.7508,18.9254,499.9701
1.875,0,0,learned,-0.0032,-0.0021,1.0000,-0.0064,-0.0071,0.0095,0.0185,1.6934,2.5000,-17.8874,1.0058,28.1832,0.6934,3.0000,0.0000,2.0000,0,14.1273,-8.5707,553.6804,272.5548,281.1256,1.9152,-7.7840,1.1285,547.8116
1.926,0,0,learned,-0.0029,-0.0015,1.0002,-0.0038,-0.0033,0.0050,0.0318,1.6934,2.5000,-17.8874,1.0058,28.1827,0.6932,3.0000,0.0000,2.0000,0,14.1273,13.0696,627.5779,320.3238,307.2541,1.9330,-7.8371,22.8396,621.6738
1.976,0,0,learned,-0.0029,-0.0015,1.0008,-0.0038,-0.0033,0.0050,0.0555,1.6934,2.5000,-17.8874,1.0058,28.1827,0.6926,3.0000,0.0000,2.0000,0,14.1273,74.4857,737.5779,406.0318,331.5461,1.9630,-7.9217,84.3705,731.6191
2.025,0,0,learned,0.0004,0.0019,1.0017,0.0097,0.0105,0.0143,0.0820,1.6936,2.5000,-17.8883,1.0058,28.1797,0.6918,3.0000,0.0000,2.0000,0,14.1273,-9.3712,785.3963,388.0125,397.3837,1.9288,-7.9453,0.5029,779.3797
2.076,0,0,learned,0.0069,0.0082,1.0031,0.0347,0.0346,0.0491,0.1128,1.6938,2.5000,-17.8904,1.0058,28.1743,0.6907,3.0000,0.0000,2.0000,0,14.1273,-57.3958,760.8600,351.7321,409.1279,1.8640,-7.9263,-47.6054,754.7977
2.126,0,0,learned,0.0069,0.0082,1.0050,0.0347,0.0346,0.0491,0.1225,1.6938,2.5000,-17.8904,1.0058,28.1743,0.6888,3.0000,0.0000,2.0000,0,14.1273,3.6270,778.0179,390.8225,387.1955,1.8819,-7.9513,13.4602,771.9486
2.176,0,0,learned,0.0182,0.0194,1.0086,0.0713,0.0708,0.1005,0.1635,1.6943,2.5000,-17.8940,1.0058,28.1645,0.6856,3.0000,0.0000,2.0000,0,14.1273,49.7088,782.4553,416.0820,366.3732,1.8240,-7.9650,59.4979,776.3143
2.234,0,0,learned,0.0334,0.0344,1.0121,0.1206,0.1190,0.1694,0.1953,1.6949,2.5000,-17.8989,1.0058,28.1516,0.6828,3.0000,0.0000,2.0000,0,14.1273,3.4964,769.5066,386.5015,383.0051,1.7178,-7.9455,13.1597,763.2788
2.276,0,0,learned,0.0334,0.0344,1.0148,0.1206,0.1190,0.1694,0.2075,1.6949,2.5000,-17.8989,1.0058,28.1516,0.6800,3.0000,0.0000,2.0000,0,14.1273,22.8953,799.2601,411.0777,388.1824,1.7258,-7.9747,32.5958,793.0111
2.326,0,0,learned,0.0542,0.0553,1.0196,0.1763,0.1756,0.2488,0.2375,1.6957,2.5000,-17.9052,1.0058,28.1334,0.6761,3.0000,0.0000,2.0000,0,14.1273,60.0545,724.9889,392.5217,332.4672,1.6211,-7.9224,69.5980,718.6876
2.375,0,0,learned,0.0542,0.0553,1.0270,0.1763,0.1756,0.2488,0.2637,1.6957,2.5000,-17.9052,1.0058,28.1334,0.6687,3.0000,0.0000,2.0000,0,14.1273,128.4906,785.1049,456.7977,328.3072,1.6448,-7.9896,138.1250,778.7601
2.425,0,0,learned,0.0778,0.0798,1.0334,0.2396,0.2425,0.3409,0.2980,1.6966,2.5000,-17.9121,1.0058,28.1121,0.6632,3.0000,0.0000,2.0000,0,14.1273,145.9820,895.1049,520.5434,374.5615,1.5450,-8.0500,155.5769,888.5999
2.476,0,0,learned,0.1071,0.1109,1.0430,0.3043,0.3138,0.4371,0.3025,1.6978,2.5000,-17.9201,1.0058,28.0849,0.6548,3.0000,0.0000,2.0000,0,14.1273,109.1789,994.0500,551.6144,442.4355,1.4279,-8.0813,118.6881,987.3966
2.525,0,0,learned,0.1382,0.1449,1.0537,0.3729,0.3928,0.5416,0.3430,1.6991,2.5000,-17.9282,1.0058,28.0551,0.6454,3.0000,0.0000,2.0000,0,14.1273,29.3948,987.1774,508.2861,478.8913,1.2743,-8.0418,38.7110,980.4099
2.576,0,0,learned,0.1382,0.1449,1.0624,0.3729,0.3928,0.5416,0.3450,1.6991,2.5000,-17.9282,1.0058,28.0551,0.6367,3.0000,0.0000,2.0000,0,14.1273,139.3948,1000.0000,569.6974,430.3026,1.3040,-8.0806,148.7794,993.2234
2.626,0,0,learned,0.1752,0.1868,1.0780,0.4408,0.4752,0.6482,0.3875,1.7006,2.5000,-17.9370,1.0058,28.0183,0.6226,3.0000,0.0000,2.0000,0,14.1273,161.4768,992.9614,577.2191,415.7423,1.1767,-8.0573,170.7108,986.0808
2.676,0,0,learned,0.2142,0.2318,1.0882,0.5150,0.5677,0.7665,0.4057,1.7021,2.5000,-17.9458,1.0058,27.9788,0.6139,3.0000,0.0000,2.0000,0,14.1273,207.2373,995.0708,601.1541,393.9168,1.0485,-8.0158,216.3017,988.1035
2.725,0,0,learned,0.2598,0.2853,1.1064,0.5873,0.6601,0.8835,0.4380,1.7040,2.5000,-17.9557,1.0058,27.9317,0.5976,3.0000,0.0000,2.0000,0,14.1273,266.2305,1000.0000,633.1152,366.8848,0.9273,-7.9877,275.1454,992.9396
2.776,0,0,learned,0.3063,0.3412,1.1222,0.6636,0.7609,1.0096,0.4530,1.7059,2.5000,-17.9650,1.0058,27.8826,0.5837,3.0000,0.0000,2.0000,0,14.1273,220.7654,999.9966,610.3810,389.6156,0.7742,-7.9133,229.4529,992.8574
2.826,0,0,learned,0.3063,0.3412,1.1304,0.6636,0.7609,1.0096,0.4745,1.7059,2.5000,-17.9650,1.0058,27.8826,0.5755,3.0000,0.0000,2.0000,0,14.1273,232.0813,1000.0000,616.0407,383.9593,0.7747,-7.9362,240.7923,992.8385
2.875,0,0,learned,0.3591,0.4065,1.1475,0.7341,0.8598,1.1305,0.4825,1.7081,2.5000,-17.9747,1.0058,27.8251,0.5606,3.0000,0.0000,2.0000,0,14.1273,149.0260,999.9949,574.5105,425.4844,0.6233,-7.8456,157.4949,992.7727
2.926,0,0,learned,0.4117,0.4734,1.1653,0.8062,0.9668,1.2588,0.4795,1.7103,2.5000,-17.9832,1.0058,27.7660,0.5450,3.0000,0.0000,2.0000,0,14.1273,123.1651,1000.0000,561.5825,438.4175,0.4839,-7.7481,131.3971,992.7358
2.975,0,0,learned,0.4117,0.4734,1.1699,0.8062,0.9668,1.2588,0.4730,1.7103,2.5000,-17.9832,1.0058,27.7660,0.5404,3.0000,0.0000,2.0000,0,14.1273,226.4806,993.6467,610.0636,383.5831,0.5084,-7.7698,234.7587,986.3853
3.025,0,0,learned,0.4699,0.5498,1.1931,0.8690,1.0672,1.3762,0.5235,1.7128,2.5000,-17.9915,1.0058,27.6985,0.5197,3.0000,0.0000,2.0000,0,14.1273,227.1084,999.9999,613.5542,386.4458,0.3861,-7.7132,235.2078,992.6729
3.076,0,0,learned,0.5266,0.6259,1.2125,0.9315,1.1706,1.4960,0.5152,1.7152,2.5000,-17.9987,1.0058,27.6314,0.5028,3.0000,0.0000,2.0000,0,14.1273,288.6674,999.9995,644.3334,355.6660,0.2844,-7.6265,296.5783,992.6574
3.125,0,0,learned,0.5266,0.6259,1.2274,0.9315,1.1706,1.4960,0.5465,1.7152,2.5000,-17.9987,1.0058,27.6314,0.4878,3.0000,0.0000,2.0000,0,14.1273,326.2541,999.4588,662.8564,336.6023,0.2904,-7.6715,334.2161,992.0776
3.175,0,0,learned,0.5883,0.7107,1.2425,0.9826,1.2628,1.6000,0.5335,1.7179,2.5000,-18.0054,1.0058,27.5564,0.4754,3.0000,0.0000,2.0000,0,14.1273,251.9430,999.9979,625.9705,374.0275,0.1764,-7.5523,259.6717,992.6221
3.225,0,0,learned,0.6477,0.7945,1.2631,1.0332,1.3592,1.7074,0.5487,1.7205,2.5000,-18.0107,1.0058,27.4823,0.4574,3.0000,0.0000,2.0000,0,14.1273,297.6569,999.9996,648.8283,351.1714,0.0872,-7.4733,305.2174,992.6135
3.279,0,0,learned,0.6477,0.7945,1.2788,1.0332,1.3592,1.7074,0.5527,1.7205,2.5000,-18.0107,1.0058,27.4823,0.4416,3.0000,0.0000,2.0000,0,14.1273,332.2298,998.8011,665.5155,333.2856,0.0951,-7.5081,339.8331,991.3880
3.325,0,0,learned,0.7116,0.8876,1.2946,1.0724,1.4455,1.7999,0.5338,1.7233,2.5000,-18.0148,1.0058,27.3999,0.4287,3.0000,0.0000,2.0000,0,14.1273,345.4498,1000.0000,672.7249,327.2751,0.0174,-7.4081,352.8752,992.6093
3.375,0,0,learned,0.7725,0.9789,1.3158,1.1120,1.5369,1.8970,0.5503,1.7260,2.5000,-18.0174,1.0058,27.3190,0.4101,3.0000,0.0000,2.0000,0,14.1273,235.8414,999.9956,617.9185,382.0771,-0.0907,-7.2930,243.0436,992.6119
3.425,0,0,learned,0.7725,0.9789,1.3320,1.1120,1.5369,1.8970,0.5358,1.7260,2.5000,-18.0174,1.0058,27.3190,0.3940,3.0000,0.0000,2.0000,0,14.1273,177.5083,996.8163,587.1623,409.6540,-0.1006,-7.2973,184.7050,989.4184
3.475,0,0,learned,0.8378,1.0797,1.3589,1.1407,1.6172,1.9790,0.5567,1.7289,2.5000,-18.0186,1.0058,27.2296,0.3700,3.0000,0.0000,2.0000,0,14.1273,270.2241,996.4862,633.3551,363.1311,-0.1508,-7.2549,277.3282,989.0806
3.525,0,0,learned,0.8998,1.1783,1.3806,1.1706,1.7045,2.0678,0.5595,1.7318,2.5000,-18.0181,1.0058,27.1421,0.3512,3.0000,0.0000,2.0000,0,14.1273,298.9500,999.5611,649.2555,350.3055,-0.2165,-7.1728,305.9063,992.1718
3.576,0,0,learned,0.9657,1.2861,1.3970,1.1902,1.7785,2.1400,0.5637,1.7348,2.5000,-18.0161,1.0058,27.0464,0.3378,3.0000,0.0000,2.0000,0,14.1273,374.3471,995.8675,685.1073,310.7602,-0.2600,-7.1038,381.1909,988.5036
3.625,0,0,learned,1.0280,1.3905,1.4245,1.2114,1.8578,2.2179,0.5677,1.7377,2.5000,-18.0127,1.0058,26.9536,0.3132,3.0000,0.0000,2.0000,0,14.1273,362.5386,999.9965,681.2676,318.7290,-0.3212,-7.0308,369.2482,992.6445
3.675,0,0,learned,1.0280,1.3905,1.4412,1.2114,1.8578,2.2179,0.5670,1.7377,2.5000,-18.0127,1.0058,26.9536,0.2965,3.0000,0.0000,2.0000,0,14.1273,322.6375,988.0271,655.3323,332.6948,-0.3276,-7.0411,329.3510,980.6584
3.725,0,0,learned,1.0937,1.5046,1.4635,1.2219,1.9249,2.2800,0.5645,1.7408,2.5000,-18.0072,1.0058,26.8522,0.2773,3.0000,0.0000,2.0000,0,14.1273,376.0344,978.4705,677.2524,301.2181,-0.3649,-6.9781,382.6476,971.1274
3.776,0,0,learned,1.1550,1.6153,1.4802,1.2330,2.0012,2.3505,0.5690,1.7438,2.5000,-17.9997,1.0058,26.7536,0.2636,3.0000,0.0000,2.0000,0,14.1273,456.8686,981.6659,719.2672,262.3987,-0.4034,-6.9136,463.3788,974.3489
3.826,0,0,learned,1.1550,1.6153,1.4971,1.2330,2.0012,2.3505,0.5637,1.7438,2.5000,-17.9997,1.0058,26.7536,0.2467,3.0000,0.0000,2.0000,0,14.1273,492.2279,999.9904,746.1092,253.8813,-0.3911,-6.9669,498.8037,992.6325
3.876,0,0,learned,1.2191,1.7358,1.5249,1.2329,2.0646,2.4047,0.5533,1.7469,2.5000,-17.9893,1.0058,26.6460,0.2220,3.0000,0.0000,2.0000,0,14.1273,495.2605,999.9996,747.6301,252.3696,-0.4289,-6.9117,501.7434,992.6590
3.926,0,0,learned,1.2784,1.8520,1.5361,1.2335,2.1358,2.4664,0.5535,1.7499,2.5000,-17.9772,1.0058,26.5421,0.2138,3.0000,0.0000,2.0000,0,14.1273,456.9943,999.7160,728.3552,271.3608,-0.4834,-6.8080,463.3189,992.4245
3.976,0,0,learned,1.2784,1.8520,1.5528,1.2335,2.1358,2.4664,0.5475,1.7499,2.5000,-17.9772,1.0058,26.5421,0.1971,3.0000,0.0000,2.0000,0,14.1273,441.0624,999.9969,720.5297,279.4672,-0.4820,-6.8337,447.4141,992.6811
4.025,0,0,learned,1.3398,1.9784,1.5803,1.2229,2.1947,2.5125,0.5445,1.7530,2.5000,-17.9614,1.0058,26.4288,0.1728,3.0000,0.0000,2.0000,0,14.1273,471.2250,997.4389,734.3320,263.1070,-0.5101,-6.7941,477.5090,990.1347
4.075,0,0,learned,1.3961,2.1004,1.5912,1.2130,2.2642,2.5686,0.5365,1.7560,2.5000,-17.9436,1.0058,26.3192,0.1648,3.0000,0.0000,2.0000,0,14.1273,531.9885,991.9855,761.9870,229.9985,-0.5445,-6.7133,538.1572,984.7278
4.128,0,0,learned,1.3961,2.1004,1.6076,1.2130,2.2642,2.5686,0.5353,1.7560,2.5000,-17.9436,1.0058,26.3192,0.1484,3.0000,0.0000,2.0000,0,14.1273,480.2302,999.6458,739.9380,259.7078,-0.5481,-6.7367,486.4188,992.3610
4.176,0,0,learned,1.4541,2.2327,1.6291,1.1935,2.3200,2.6090,0.5160,1.7591,2.5000,-17.9218,1.0058,26.2000,0.1300,3.0000,0.0000,2.0000,0,14.1273,446.4014,999.6291,723.0152,276.6139,-0.5833,-6.6700,452.4881,992.3758
4.225,0,0,learned,1.5071,2.3598,1.6451,1.1756,2.3856,2.6595,0.5200,1.7620,2.5000,-17.8985,1.0058,26.0852,0.1169,3.0000,0.0000,2.0000,0,14.1273,433.4037,999.9989,716.7013,283.2976,-0.6253,-6.5941,439.3724,992.7795
4.276,0,0,learned,1.5071,2.3598,1.6611,1.1756,2.3856,2.6595,0.5148,1.7620,2.5000,-17.8985,1.0058,26.0852,0.1009,3.0000,0.0000,2.0000,0,14.1273,412.2477,1000.0000,706.1239,293.8761,-0.6239,-6.6181,418.2420,992.7580
4.325,0,0,learned,1.5613,2.4974,1.6821,1.1490,2.4377,2.6949,0.5162,1.7651,2.5000,-17.8706,1.0058,25.9605,0.0829,3.0000,0.0000,2.0000,0,14.1273,378.2409,998.5405,688.3907,310.1498,-0.6577,-6.5633,384.1465,991.3195
4.375,0,0,learned,1.6106,2.6293,1.6978,1.1244,2.4999,2.7412,0.5208,1.7679,2.5000,-17.8416,1.0058,25.8406,0.0701,3.0000,0.0000,2.0000,0,14.1273,454.2894,999.9958,727.1426,272.8532,-0.6834,-6.5185,460.1244,992.7939
4.425,0,0,learned,1.6607,2.7716,1.7239,1.0924,2.5471,2.7715,0.5338,1.7709,2.5000,-17.8078,1.0058,25.7111,0.0470,3.0000,0.0000,2.0000,0,14.1273,488.7440,981.1329,734.9384,246.1945,-0.7055,-6.4916,494.5301,973.9357
4.475,0,0,learned,1.7060,2.9075,1.7498,1.0626,2.6039,2.8124,0.5198,1.7737,2.5000,-17.7732,1.0058,25.5870,0.0239,3.0000,0.0000,2.0000,0,14.1273,451.8336,988.6359,720.2348,268.4011,-0.7400,-6.4424,457.5361,981.4536
4.525,0,0,learned,1.7060,2.9075,1.7602,1.0626,2.6039,2.8124,0.5248,1.7737,2.5000,-17.7732,1.0058,25.5870,0.0135,3.0000,0.0000,2.0000,0,14.1273,472.9160,999.9999,736.4580,263.5419,-0.7324,-6.4809,478.6645,992.7866
4.575,0,0,learned,1.7516,3.0536,1.7810,1.0255,2.6452,2.8371,0.5132,1.7766,2.5000,-17.7335,1.0058,25.4531,-0.0044,3.0000,0.0000,2.0000,0,14.1273,533.5544,999.3688,766.4616,232.9072,-0.7451,-6.4659,539.2752,992.1579
4.626,0,0,learned,1.7921,3.1932,1.8018,0.9890,2.6977,2.8733,0.5185,1.7793,2.5000,-17.6930,1.0058,25.3249,-0.0224,3.0000,0.0000,2.0000,0,14.1273,545.5034,999.9994,772.7514,227.2480,-0.7744,-6.4295,551.1585,992.7956
4.675,0,0,learned,1.7921,3.1932,1.8224,0.9890,2.6977,2.8733,0.5150,1.7793,2.5000,-17.6930,1.0058,25.3249,-0.0431,3.0000,0.0000,2.0000,0,14.1273,505.2676,999.9959,752.6318,247.3641,-0.7728,-6.4596,510.9545,992.7636
4.725,0,0,learned,1.8322,3.3430,1.8429,0.9455,2.7344,2.8932,0.5032,1.7821,2.5000,-17.6466,1.0058,25.1867,-0.0608,3.0000,0.0000,2.0000,0,14.1273,491.6228,999.9542,745.7885,254.1657,-0.7941,-6.4315,497.2602,992.7286
4.775,0,0,learned,1.8672,3.4858,1.8532,0.9024,2.7826,2.9253,0.5040,1.7847,2.5000,-17.5997,1.0058,25.0545,-0.0685,3.0000,0.0000,2.0000,0,14.1273,529.3467,999.1030,764.2249,234.8782,-0.8220,-6.3852,534.9099,991.8958
4.826,0,0,learned,1.9013,3.6390,1.8787,0.8527,2.8153,2.9416,0.4973,1.7873,2.5000,-17.5465,1.0058,24.9121,-0.0914,3.0000,0.0000,2.0000,0,14.1273,433.4323,999.8088,716.6206,283.1882,-0.8517,-6.3530,438.9337,992.6042
4.875,0,0,learned,1.9013,3.6390,1.8938,0.8527,2.8153,2.9416,0.4885,1.7873,2.5000,-17.5465,1.0058,24.9121,-0.1065,3.0000,0.0000,2.0000,0,14.1273,464.1054,999.9276,732.0165,267.9111,-0.8414,-6.3907,469.6546,992.6954
4.926,0,0,learned,1.9305,3.7847,1.9139,0.8041,2.8591,2.9700,0.4990,1.7897,2.5000,-17.4932,1.0058,24.7762,-0.1242,3.0000,0.0000,2.0000,0,14.1273,545.5398,999.9878,772.7638,227.2240,-0.8595,-6.3903,551.0706,992.7380
4.976,0,0,learned,1.9584,3.9404,1.9339,0.7507,2.8864,2.9824,0.4910,1.7922,2.5000,-17.4334,1.0058,24.6303,-0.1417,3.0000,0.0000,2.0000,0,14.1273,655.4557,997.9879,826.7218,171.2661,-0.8621,-6.4129,661.0064,990.7129
5.026,0,0,learned,1.9821,4.0881,1.9539,0.6991,2.9243,3.0067,0.5038,1.7945,2.5000,-17.3743,1.0058,24.4915,-0.1595,3.0000,0.0000,2.0000,0,14.1273,638.2132,993.5575,815.8853,177.6721,-0.8918,-6.3903,643.7117,986.2753
5.075,0,0,learned,1.9821,4.0881,1.9690,0.6991,2.9243,3.0067,0.4928,1.7945,2.5000,-17.3743,1.0058,24.4915,-0.1745,3.0000,0.0000,2.0000,0,14.1273,631.3086,998.8521,815.0804,183.7718,-0.8854,-6.4203,636.8436,991.5464
5.125,0,0,learned,2.0039,4.2459,1.9938,0.6431,2.9464,3.0158,0.5112,1.7968,2.5000,-17.3082,1.0058,24.3425,-0.1970,3.0000,0.0000,2.0000,0,14.1273,603.4962,999.3019,801.3991,197.9028,-0.9033,-6.4342,609.0271,991.9645
5.181,0,0,learned,2.0209,4.3961,2.0037,0.5855,2.9830,3.0400,0.5055,1.7988,2.5000,-17.2422,1.0058,24.2000,-0.2048,3.0000,0.0000,2.0000,0,14.1273,666.4995,999.9818,833.2406,166.7412,-0.9263,-6.4132,671.9863,992.6422
5.225,0,0,learned,2.0350,4.5570,2.0281,0.5226,3.0053,3.0504,0.4935,1.8009,2.5000,-17.1680,1.0058,24.0465,-0.2272,3.0000,0.0000,2.0000,0,14.1273,714.5138,997.8324,856.1731,141.6593,-0.9362,-6.4347,720.0124,990.4615
5.276,0,0,learned,2.0447,4.7099,2.0521,0.4585,3.0410,3.0754,0.4720,1.8028,2.5000,-17.0943,1.0058,23.9000,-0.2493,3.0000,0.0000,2.0000,0,14.1273,697.5432,999.5714,848.5573,151.0141,-0.9651,-6.4166,702.9946,992.1897
5.326,0,0,learned,2.0447,4.7099,2.0663,0.4585,3.0410,3.0754,0.4645,1.8028,2.5000,-17.0943,1.0058,23.9000,-0.2636,3.0000,0.0000,2.0000,0,14.1273,737.0647,999.4609,868.2628,131.1981,-0.9539,-6.4558,742.5666,992.0513
5.375,0,0,learned,2.0509,4.8732,2.0896,0.3906,3.0610,3.0858,0.4530,1.8046,2.5000,-17.0121,1.0058,23.7425,-0.2850,3.0000,0.0000,2.0000,0,14.1273,713.3089,998.9140,856.1115,142.8026,-0.9739,-6.4589,718.7939,991.4813
5.426,0,0,learned,2.0528,5.0282,2.1035,0.3204,3.0949,3.1114,0.4423,1.8062,2.5000,-16.9307,1.0058,23.5921,-0.2972,3.0000,0.0000,2.0000,0,14.1273,720.8791,999.8414,860.3602,139.4811,-1.0071,-6.4332,726.3053,992.4010
5.475,0,0,learned,2.0504,5.1938,2.1260,0.2471,3.1128,3.1226,0.4433,1.8078,2.5000,-16.8400,1.0058,23.4305,-0.3182,3.0000,0.0000,2.0000,0,14.1273,744.2818,999.8094,872.0456,127.7638,-1.0243,-6.4581,749.7156,992.3270
5.526,0,0,learned,2.0441,5.3508,2.1436,0.1714,3.1444,3.1490,0.4385,1.8091,2.5000,-16.7506,1.0058,23.2765,-0.3345,3.0000,0.0000,2.0000,0,14.1273,784.0977,999.7487,891.9232,107.8255,-1.0550,-6.4566,789.4993,992.2372
5.576,0,0,learned,2.0441,5.3508,2.1523,0.1714,3.1444,3.1490,0.4130,1.8091,2.5000,-16.7506,1.0058,23.2765,-0.3433,3.0000,0.0000,2.0000,0,14.1273,798.2181,999.7659,898.9920,100.7739,-1.0478,-6.4672,803.6375,992.2509
5.625,0,0,learned,2.0330,5.5181,2.1780,0.0946,3.1590,3.1604,0.4140,1.8103,2.5000,-16.6517,1.0058,23.1113,-0.3677,3.0000,0.0000,2.0000,0,14.1273,805.1223,999.8851,902.5037,97.3814,-1.0661,-6.4992,810.5555,992.3197
5.675,0,0,learned,2.0186,5.6764,2.1906,0.0156,3.1868,3.1868,0.3925,1.8114,2.5000,-16.5548,1.0058,22.9541,-0.3793,3.0000,0.0000,2.0000,0,14.1273,855.2377,999.8625,927.5501,72.3124,-1.0976,-6.4869,860.6270,992.2780
5.725,0,0,learned,1.9989,5.8450,2.2111,-0.0635,3.1977,3.1984,0.3823,1.8123,2.5000,-16.4478,1.0058,22.7857,-0.3988,3.0000,0.0000,2.0000,0,14.1273,885.2400,999.8773,942.5586,57.3186,-1.1149,-6.5143,890.6394,992.2480
5.775,0,0,learned,1.9762,6.0043,2.2271,-0.1454,3.2219,3.2252,0.3950,1.8130,2.5000,-16.3434,1.0058,22.6256,-0.4141,3.0000,0.0000,2.0000,0,14.1273,876.4122,998.9209,937.6666,61.2543,-1.1553,-6.5145,881.7715,991.2511
5.825,0,0,learned,1.9762,6.0043,2.2389,-0.1454,3.2219,3.2252,0.3670,1.8130,2.5000,-16.3434,1.0058,22.6256,-0.4259,3.0000,0.0000,2.0000,0,14.1273,864.0757,999.2702,931.6730,67.5973,-1.1494,-6.5209,869.4472,991.5999
5.875,0,0,learned,1.9475,6.1737,2.2580,-0.2264,3.2290,3.2369,0.3593,1.8136,2.5000,-16.2285,1.0058,22.4543,-0.4444,3.0000,0.0000,2.0000,0,14.1273,913.8729,999.3949,956.6339,42.7610,-1.1651,-6.5583,919.2661,991.6715
5.925,0,0,learned,1.9164,6.3335,2.2655,-0.3110,3.2493,3.2642,0.3638,1.8139,2.5000,-16.1166,1.0058,22.2916,-0.4515,3.0000,0.0000,2.0000,0,14.1273,929.6248,999.7737,964.6993,35.0744,-1.2069,-6.5505,934.9684,992.0164
5.979,0,0,learned,1.8789,6.5031,2.2837,-0.3931,3.2518,3.2755,0.3478,1.8141,2.5000,-15.9941,1.0058,22.1180,-0.4696,3.0000,0.0000,2.0000,0,14.1273,967.0840,998.7052,982.8946,15.8106,-1.2231,-6.5832,972.4441,990.8989
6.026,0,0,learned,1.8396,6.6628,2.3012,-0.4781,3.2667,3.3015,0.3327,1.8141,2.5000,-15.8754,1.0058,21.9536,-0.4871,3.0000,0.0000,2.0000,0,14.1273,971.4856,999.4455,985.4656,13.9799,-1.2587,-6.5900,976.8169,991.5967
6.075,0,0,learned,1.8396,6.6628,2.3115,-0.4781,3.2667,3.3015,0.3098,1.8141,2.5000,-15.8754,1.0058,21.9536,-0.4973,3.0000,0.0000,2.0000,0,14.1273,985.7945,999.4168,992.6056,6.8111,-1.2508,-6.6016,991.1453,991.5644
6.127,0,0,learned,1.7936,6.8319,2.3279,-0.5595,3.2636,3.3112,0.2923,1.8140,2.5000,-15.7461,1.0058,21.7784,-0.5139,3.0000,0.0000,2.0000,0,14.1273,988.1113,998.9652,993.5382,5.4269,-1.2688,-6.6255,993.4680,991.0709
6.176,0,0,learned,1.7463,6.9909,2.3375,-0.6447,3.2733,3.3362,0.2913,1.8136,2.5000,-15.6210,1.0058,21.6127,-0.5239,3.0000,0.0000,2.0000,0,14.1273,995.1544,999.7397,997.4470,2.2926,-1.3074,-6.6320,1000.0000,991.8002
6.226,0,0,learned,1.6918,7.1590,2.3498,-0.7252,3.2653,3.3449,0.2913,1.8130,2.5000,-15.4850,1.0058,21.4364,-0.5367,3.0000,0.0000,2.0000,0,14.1273,997.2330,998.9814,998.1072,0.8742,-1.3260,-6.6654,1000.0000,990.9900
6.276,0,0,learned,1.6367,7.3169,2.3644,-0.8097,3.2702,3.3690,0.2697,1.8123,2.5000,-15.3539,1.0058,21.2699,-0.5521,3.0000,0.0000,2.0000,0,14.1273,998.1878,999.0319,998.6099,0.4220,-1.3599,-6.6729,1000.0000,990.9991
6.325,0,0,learned,1.6367,7.3169,2.3757,-0.8097,3.2702,3.3690,0.2553,1.8123,2.5000,-15.3539,1.0058,21.2699,-0.5634,3.0000,0.0000,2.0000,0,14.1273,998.0242,997.4292,997.7267,-0.2975,-1.3537,-6.6843,1000.0000,989.3912
6.375,0,0,learned,1.5743,7.4837,2.3838,-0.8878,3.2577,3.3765,0.2590,1.8113,2.5000,-15.2119,1.0058,21.0930,-0.5725,3.0000,0.0000,2.0000,0,14.1273,998.1543,999.2149,998.6846,0.5303,-1.3710,-6.7193,1000.0000,991.1247
6.426,0,0,learned,1.5120,7.6402,2.3968,-0.9698,3.2582,3.3995,0.2310,1.8102,2.5000,-15.0755,1.0058,20.9262,-0.5866,3.0000,0.0000,2.0000,0,14.1273,996.7459,999.4614,998.1036,1.3578,-1.4028,-6.7226,1000.0000,991.3360
6.475,0,0,learned,1.4423,7.8053,2.4043,-1.0441,3.2416,3.4056,0.2395,1.8088,2.5000,-14.9282,1.0058,20.7493,-0.5955,3.0000,0.0000,2.0000,0,14.1273,999.4516,999.6578,999.5547,0.1031,-1.4164,-6.7658,1000.0000,991.4756
6.525,0,0,learned,1.3733,7.9600,2.4163,-1.1225,3.2379,3.4270,0.2130,1.8073,2.5000,-14.7871,1.0058,20.5827,-0.6089,3.0000,0.0000,2.0000,0,14.1273,998.8840,999.0404,998.9622,0.0782,-1.4451,-6.7726,1000.0000,990.8226
6.576,0,0,learned,1.3733,7.9600,2.4254,-1.1225,3.2379,3.4270,0.2082,1.8073,2.5000,-14.7871,1.0058,20.5827,-0.6181,3.0000,0.0000,2.0000,0,14.1273,997.2225,999.4283,998.3254,1.1029,-1.4402,-6.7870,1000.0000,991.2011
6.626,0,0,learned,1.2969,8.1230,2.4343,-1.1920,3.2174,3.4311,0.2127,1.8056,2.5000,-14.6352,1.0058,20.4063,-0.6287,3.0000,0.0000,2.0000,0,14.1273,997.9226,998.6733,998.2979,0.3754,-1.4477,-6.8337,1000.0000,990.3919
6.675,0,0,learned,1.2219,8.2756,2.4427,-1.2659,3.2096,3.4503,0.1913,1.8037,2.5000,-14.4903,1.0058,20.2405,-0.6390,3.0000,0.0000,2.0000,0,14.1273,995.7554,998.8039,997.2796,1.5242,-1.4736,-6.8421,1000.0000,990.4882
6.725,0,0,learned,1.1395,8.4362,2.4529,-1.3299,3.1853,3.4518,0.1970,1.8016,2.5000,-14.3346,1.0058,20.0653,-0.6514,3.0000,0.0000,2.0000,0,14.1273,998.1421,996.6522,997.3972,-0.7450,-1.4738,-6.8975,1000.0000,988.2809
6.775,0,0,learned,1.0592,8.5863,2.4626,-1.3984,3.1736,3.4680,0.1840,1.7994,2.5000,-14.1865,1.0058,19.9009,-0.6633,3.0000,0.0000,2.0000,0,14.1273,997.4922,997.2243,997.3583,-0.1339,-1.4930,-6.9217,1000.0000,988.8096
6.825,0,0,learned,0.9714,8.7440,2.4701,-1.4562,3.1456,3.4664,0.1867,1.7969,2.5000,-14.0279,1.0058,19.7274,-0.6733,3.0000,0.0000,2.0000,0,14.1273,998.8242,998.3025,998.5634,-0.2609,-1.4861,-6.9759,1000.0000,989.8405
6.876,0,0,learned,0.8865,8.8913,2.4773,-1.5188,3.1303,3.4793,0.1777,1.7943,2.5000,-13.8773,1.0058,19.5649,-0.6830,3.0000,0.0000,2.0000,0,14.1273,997.3207,998.2640,997.7923,0.4716,-1.4998,-7.0026,1000.0000,989.7616
6.926,0,0,learned,0.8865,8.8913,2.4843,-1.5188,3.1303,3.4793,0.1713,1.7943,2.5000,-13.8773,1.0058,19.5649,-0.6900,3.0000,0.0000,2.0000,0,14.1273,999.2188,998.8221,999.0205,-0.1984,-1.4954,-7.0105,1000.0000,990.3163
6.976,0,0,learned,0.7941,9.0461,2.4927,-1.5704,3.0993,3.4744,0.1557,1.7914,2.5000,-13.7165,1.0058,19.3936,-0.7013,3.0000,0.0000,2.0000,0,14.1273,998.8405,996.4472,997.6438,-1.1967,-1.4796,-7.0461,1000.0000,987.9214
7.026,0,0,learned,0.7051,9.1905,2.4975,-1.6272,3.0811,3.4844,0.1588,1.7886,2.5000,-13.5640,1.0058,19.2333,-0.7090,3.0000,0.0000,2.0000,0,14.1273,998.1826,998.2285,998.2055,0.0229,-1.4876,-7.0857,1000.0000,989.6552
7.076,0,0,learned,0.6086,9.3421,2.5054,-1.6728,3.0481,3.4769,0.1565,1.7853,2.5000,-13.4013,1.0058,19.0645,-0.7201,3.0000,0.0000,2.0000,0,14.1273,998.2491,997.1905,997.7198,-0.5293,-1.4651,-7.1377,1000.0000,988.5877
7.125,0,0,learned,0.5159,9.4836,2.5115,-1.7245,3.0281,3.4848,0.1462,1.7821,2.5000,-13.2472,1.0058,18.9066,-0.7293,3.0000,0.0000,2.0000,0,14.1273,998.5275,997.5538,998.0406,-0.4869,-1.4660,-7.1653,1000.0000,988.9225
7.176,0,0,learned,0.4157,9.6322,2.5187,-1.7651,2.9941,3.4757,0.1333,1.7786,2.5000,-13.0830,1.0058,18.7404,-0.7402,3.0000,0.0000,2.0000,0,14.1273,999.2793,997.1398,998.2095,-1.0698,-1.4371,-7.2035,1000.0000,988.4992
7.225,0,0,learned,0.3196,9.7709,2.5244,-1.8127,2.9731,3.4822,0.1033,1.7751,2.5000,-12.9275,1.0058,18.5850,-0.7493,3.0000,0.0000,2.0000,0,14.1273,998.3964,996.2587,997.3275,-1.0689,-1.4331,-7.2027,1000.0000,987.6228
7.275,0,0,learned,0.3196,9.7709,2.5298,-1.8127,2.9731,3.4822,0.1242,1.7751,2.5000,-12.9275,1.0058,18.5850,-0.7548,3.0000,0.0000,2.0000,0,14.1273,998.8453,995.1422,996.9937,-1.8516,-1.4310,-7.2398,1000.0000,986.4713
7.325,0,0,learned,0.1164,10.0525,2.5377,-1.8935,2.9174,3.4780,0.1210,1.7673,2.5000,-12.6052,1.0058,18.2686,-0.7704,3.0000,0.0000,2.0000,0,14.1273,998.8271,993.8159,996.3215,-2.5056,-1.3945,-7.3180,1000.0000,985.1034
7.375,0,0,learned,0.1164,10.0525,2.5415,-1.8935,2.9174,3.4780,0.1210,1.7673,2.5000,-12.6052,1.0058,18.2686,-0.7743,3.0000,0.0000,2.0000,0,14.1273,999.0112,995.6327,997.3219,-1.6892,-1.3920,-7.3268,1000.0000,986.9139
7.425,0,0,learned,0.0093,10.1953,2.5453,-1.9267,2.8830,3.4676,0.1263,1.7630,2.5000,-12.4383,1.0058,18.1078,-0.7822,3.0000,0.0000,2.0000,0,14.1273,998.3960,992.5834,995.4897,-2.9063,-1.3580,-7.3780,1000.0000,983.8474
7.476,0,0,learned,-0.0931,10.3285,2.5513,-1.9681,2.8617,3.4732,0.1155,1.7588,2.5000,-12.2804,1.0058,17.9576,-0.7924,3.0000,0.0000,2.0000,0,14.1273,998.7335,997.9104,998.3219,-0.4115,-1.3472,-7.4073,1000.0000,989.1559
7.525,0,0,learned,-0.0931,10.3285,2.5548,-1.9681,2.8617,3.4732,0.1175,1.7588,2.5000,-12.2804,1.0058,17.9576,-0.7959,3.0000,0.0000,2.0000,0,14.1273,999.0488,993.9023,996.4756,-2.5733,-1.3460,-7.4137,1000.0000,985.1427
7.575,0,0,learned,-0.2033,10.4685,2.5605,-1.9984,2.8278,3.4627,0.1153,1.7542,2.5000,-12.1124,1.0058,17.7997,-0.8062,3.0000,0.0000,2.0000,0,14.1273,998.4690,995.7084,997.0887,-1.3803,-1.3065,-7.4605,1000.0000,986.9414
7.625,0,0,learned,-0.3086,10.5992,2.5637,-2.0372,2.8068,3.4682,0.0978,1.7497,2.5000,-11.9536,1.0058,17.6522,-0.8140,3.0000,0.0000,2.0000,0,14.1273,999.3370,993.7018,996.5194,-2.8176,-1.2961,-7.4666,1000.0000,984.9390
7.676,0,0,learned,-0.4216,10.7365,2.5680,-2.0647,2.7734,3.4576,0.1140,1.7448,2.5000,-11.7845,1.0058,17.4971,-0.8233,3.0000,0.0000,2.0000,0,14.1273,998.7308,989.8401,994.2854,-4.4454,-1.2562,-7.5340,1000.0000,981.0499
7.730,0,0,learned,-0.5295,10.8647,2.5732,-2.1011,2.7529,3.4631,0.1015,1.7399,2.5000,-11.6248,1.0058,17.3524,-0.8333,3.0000,0.0000,2.0000,0,14.1273,999.1388,991.7209,995.4299,-3.7089,-1.2422,-7.5530,1000.0000,982.9258
7.776,0,0,learned,-0.5295,10.8647,2.5762,-2.1011,2.7529,3.4631,0.1045,1.7399,2.5000,-11.6248,1.0058,17.3524,-0.8363,3.0000,0.0000,2.0000,0,14.1273,998.5283,994.1480,996.3382,-2.1902,-1.2401,-7.5654,1000.0000,985.3426
7.825,0,0,learned,-0.6452,10.9994,2.5802,-2.1260,2.7202,3.4525,0.0945,1.7346,2.5000,-11.4550,1.0058,17.2005,-0.8456,3.0000,0.0000,2.0000,0,14.1273,999.2057,992.4564,995.8311,-3.3747,-1.1964,-7.5897,1000.0000,983.6703
7.876,0,0,learned,-0.7554,11.1251,2.5849,-2.1599,2.7001,3.4577,0.0935,1.7294,2.5000,-11.2946,1.0058,17.0587,-0.8555,3.0000,0.0000,2.0000,0,14.1273,998.1656,987.5601,992.8629,-5.3027,-1.1819,-7.6196,1000.0000,978.7587
7.925,0,0,learned,-0.8735,11.2572,2.5886,-2.1821,2.6680,3.4467,0.0943,1.7238,2.5000,-11.1242,1.0058,16.9099,-0.8648,3.0000,0.0000,2.0000,0,14.1273,998.9121,989.7202,994.3161,-4.5960,-1.1348,-7.6633,1000.0000,980.9221
7.975,0,0,learned,-0.9858,11.3805,2.5913,-2.2136,2.6481,3.4515,0.0882,1.7183,2.5000,-10.9633,1.0058,16.7712,-0.8730,3.0000,0.0000,2.0000,0,14.1273,998.5224,990.7484,994.6354,-3.8870,-1.1178,-7.6845,1000.0000,981.9461
8.025,0,0,learned,-0.9858,11.3805,2.5948,-2.2136,2.6481,3.4515,0.0873,1.7183,2.5000,-10.9633,1.0058,16.7712,-0.8765,3.0000,0.0000,2.0000,0,14.1273,998.0884,990.9940,994.5412,-3.5472,-1.1157,-7.6890,1000.0000,982.1893
8.076,0,0,learned,-1.1060,11.5100,2.5990,-2.2333,2.6166,3.4401,0.0870,1.7123,2.5000,-10.7924,1.0058,16.6257,-0.8867,3.0000,0.0000,2.0000,0,14.1273,999.3758,993.7738,996.5748,-2.8010,-1.0649,-7.7308,1000.0000,984.9781
8.125,0,0,learned,-1.2202,11.6308,2.5998,-2.2625,2.5970,3.4443,0.0722,1.7064,2.5000,-10.6312,1.0058,16.4902,-0.8934,3.0000,0.0000,2.0000,0,14.1273,998.9340,989.4817,994.2079,-4.7262,-1.0473,-7.7255,1000.0000,980.7089
8.176,0,0,learned,-1.2202,11.6308,2.6030,-2.2625,2.5970,3.4443,0.0843,1.7064,2.5000,-10.6312,1.0058,16.4902,-0.8966,3.0000,0.0000,2.0000,0,14.1273,998.3158,993.3120,995.8139,-2.5019,-1.0449,-7.7578,1000.0000,984.5093
8.225,0,0,learned,-1.4583,11.8764,2.6077,-2.3070,2.5469,3.4365,0.0680,1.6939,2.5000,-10.2986,1.0058,16.2159,-0.9137,3.0000,0.0000,2.0000,0,14.1273,998.2158,989.9973,994.1065,-4.1093,-0.9723,-7.7846,1000.0000,981.2404
8.276,0,0,learned,-1.4583,11.8764,2.6092,-2.3070,2.5469,3.4365,0.0658,1.6939,2.5000,-10.2986,1.0058,16.2159,-0.9152,3.0000,0.0000,2.0000,0,14.1273,997.8945,992.0608,994.9777,-2.9169,-0.9710,-7.7842,1000.0000,983.3056
8.325,0,0,learned,-1.5823,12.0011,2.6121,-2.3224,2.5169,3.4246,0.0703,1.6872,2.5000,-10.1272,1.0058,16.0774,-0.9249,3.0000,0.0000,2.0000,0,14.1273,998.2089,993.8126,996.0108,-2.1981,-0.9164,-7.8276,1000.0000,985.0686
8.375,0,0,learned,-1.6999,12.1175,2.6150,-2.3481,2.4986,3.4288,0.0673,1.6808,2.5000,-9.9655,1.0058,15.9484,-0.9342,3.0000,0.0000,2.0000,0,14.1273,997.4259,990.4411,993.9335,-3.4924,-0.8946,-7.8461,1000.0000,981.7004
8.426,0,0,learned,-1.6999,12.1175,2.6178,-2.3481,2.4986,3.4288,0.0868,1.6808,2.5000,-9.9655,1.0058,15.9484,-0.9370,3.0000,0.0000,2.0000,0,14.1273,997.8853,987.5260,992.7057,-5.1796,-0.8934,-7.8913,1000.0000,978.7413
8.476,0,0,learned,-1.8256,12.2399,2.6211,-2.3619,2.4696,3.4173,0.0575,1.6737,2.5000,-9.7938,1.0058,15.8134,-0.9474,3.0000,0.0000,2.0000,0,14.1273,997.9611,995.8508,996.9060,-1.0551,-0.8359,-7.8651,1000.0000,987.1498
8.525,0,0,learned,-1.9449,12.3543,2.6225,-2.3865,2.4523,3.4219,0.0693,1.6669,2.5000,-9.6319,1.0058,15.6877,-0.9556,3.0000,0.0000,2.0000,0,14.1273,997.9611,995.8508,996.9060,-1.0551,-0.8141,-7.9152,1000.0000,987.1215
8.576,0,0,learned,-2.0723,12.4746,2.6250,-2.3991,2.4245,3.4108,0.0675,1.6595,2.5000,-9.4599,1.0058,15.5562,-0.9655,3.0000,0.0000,2.0000,0,14.1273,996.6448,993.5436,995.0942,-1.5506,-0.7585,-7.9361,1000.0000,984.8491
8.625,0,0,learned,-2.1931,12.5870,2.6281,-2.4226,2.4081,3.4159,0.0615,1.6523,2.5000,-9.2976,1.0058,15.4338,-0.9758,3.0000,0.0000,2.0000,0,14.1273,998.9656,989.2157,994.0907,-4.8750,-0.7357,-7.9451,1000.0000,980.5349
8.675,0,0,learned,-2.1931,12.5870,2.6299,-2.4226,2.4081,3.4159,0.0700,1.6523,2.5000,-9.2976,1.0058,15.4338,-0.9776,3.0000,0.0000,2.0000,0,14.1273,997.7707,989.4310,993.6009,-4.1698,-0.7347,-7.9683,1000.0000,980.7281
8.725,0,0,learned,-2.3220,12.7053,2.6329,-2.4342,2.3815,3.4054,0.0475,1.6446,2.5000,-9.1254,1.0058,15.3059,-0.9883,3.0000,0.0000,2.0000,0,14.1273,997.7478,983.1649,990.4564,-7.2914,-0.6790,-7.9341,1000.0000,974.5519
8.775,0,0,learned,-2.4443,12.8159,2.6340,-2.4569,2.3661,3.4109,0.0452,1.6371,2.5000,-8.9629,1.0058,15.1870,-0.9969,3.0000,0.0000,2.0000,0,14.1273,997.2500,950.3537,973.8018,-23.4481,-0.6630,-7.9217,1000.0000,941.7691
8.826,0,0,learned,-2.5748,12.9323,2.6368,-2.4673,2.3404,3.4007,0.0588,1.6289,2.5000,-8.7904,1.0058,15.0628,-1.0079,3.0000,0.0000,2.0000,0,14.1273,997.5154,943.2594,970.3874,-27.1280,-0.6064,-7.9720,1000.0000,934.6810
8.875,0,0,learned,-2.6984,13.0410,2.6395,-2.4888,2.3256,3.4062,0.0548,1.6211,2.5000,-8.6277,1.0058,14.9474,-1.0184,3.0000,0.0000,2.0000,0,14.1273,997.7982,925.1415,961.4698,-36.3284,-0.5858,-7.9691,1000.0000,916.5865
8.926,0,0,learned,-2.6984,13.0410,2.6406,-2.4888,2.3256,3.4062,0.0470,1.6211,2.5000,-8.6277,1.0058,14.9474,-1.0194,3.0000,0.0000,2.0000,0,14.1273,996.7953,939.9256,968.3604,-28.4348,-0.5827,-7.9623,1000.0000,931.3806
8.976,0,0,learned,-2.8300,13.1554,2.6431,-2.4974,2.3002,3.3953,0.0445,1.6126,2.5000,-8.4553,1.0058,14.8272,-1.0304,3.0000,0.0000,2.0000,0,14.1273,998.4509,921.8056,960.1283,-38.3227,-0.5256,-7.9605,1000.0000,913.3195
9.025,0,0,learned,-2.9545,13.2621,2.6445,-2.5167,2.2848,3.3991,0.0485,1.6045,2.5000,-8.2930,1.0058,14.7158,-1.0400,3.0000,0.0000,2.0000,0,14.1273,996.2173,910.1852,953.2012,-43.0161,-0.5008,-7.9780,1000.0000,901.7063
9.075,0,0,learned,-2.9545,13.2621,2.6462,-2.5167,2.2848,3.3991,0.0315,1.6045,2.5000,-8.2930,1.0058,14.7158,-1.0417,3.0000,0.0000,2.0000,0,14.1273,997.8754,902.8599,950.3677,-47.5077,-0.5011,-7.9303,1000.0000,894.4285
9.125,0,0,learned,-3.0870,13.3742,2.6482,-2.5228,2.2589,3.3863,0.0340,1.5957,2.5000,-8.1212,1.0058,14.5999,-1.0525,3.0000,0.0000,2.0000,0,14.1273,996.1673,887.0655,941.6164,-54.5509,-0.4391,-7.9376,1000.0000,878.6888
9.175,0,0,learned,-3.2122,13.4787,2.6492,-2.5398,2.2429,3.3883,0.0338,1.5872,2.5000,-7.9595,1.0058,14.4928,-1.0620,3.0000,0.0000,2.0000,0,14.1273,997.4935,858.2889,927.8912,-69.6023,-0.4130,-7.9284,1000.0000,849.9474
9.225,0,0,learned,-3.3452,13.5885,2.6507,-2.5436,2.2164,3.3738,0.0120,1.5781,2.5000,-7.7883,1.0058,14.3814,-1.0726,3.0000,0.0000,2.0000,0,14.1273,998.1933,860.6950,929.4441,-68.7491,-0.3436,-7.8787,1000.0000,852.4727
9.276,0,0,learned,-3.4708,13.6908,2.6515,-2.5583,2.1996,3.3739,0.0075,1.5693,2.5000,-7.6274,1.0058,14.2787,-1.0822,3.0000,0.0000,2.0000,0,14.1273,993.1974,836.4034,914.8004,-78.3970,-0.3130,-7.8539,1000.0000,828.2365
9.325,0,0,learned,-3.4708,13.6908,2.6523,-2.5583,2.1996,3.3739,0.0278,1.5693,2.5000,-7.6274,1.0058,14.2787,-1.0830,3.0000,0.0000,2.0000,0,14.1273,996.9929,806.3978,901.6953,-95.2975,-0.3170,-7.8919,1000.0000,798.1889
9.375,0,0,learned,-3.6042,13.7981,2.6530,-2.5596,2.1723,3.3571,0.0060,1.5599,2.5000,-7.4573,1.0058,14.1723,-1.0931,3.0000,0.0000,2.0000,0,14.1273,997.7793,764.0546,880.9170,-116.8623,-0.2504,-7.8002,1000.0000,756.0041
9.425,0,0,learned,-3.7300,13.8981,2.6532,-2.5716,2.1542,3.3547,-0.0067,1.5509,2.5000,-7.2976,1.0058,14.0743,-1.1023,3.0000,0.0000,2.0000,0,14.1273,996.7113,770.8810,883.7961,-112.9151,-0.2086,-7.7720,1000.0000,762.9004
9.475,0,0,learned,-3.8634,14.0027,2.6531,-2.5704,2.1260,3.3357,-0.0100,1.5412,2.5000,-7.1289,1.0058,13.9729,-1.1119,3.0000,0.0000,2.0000,0,14.1273,997.3555,743.3338,870.3446,-127.0109,-0.1338,-7.7380,1000.0000,735.4619
9.526,0,0,learned,-3.9890,14.1001,2.6529,-2.5798,2.1065,3.3305,-0.0230,1.5320,2.5000,-6.9707,1.0058,13.8799,-1.1209,3.0000,0.0000,2.0000,0,14.1273,996.6145,735.6065,866.1105,-130.5040,-0.0886,-7.6916,1000.0000,727.8264
9.576,0,0,learned,-3.9890,14.1001,2.6522,-2.5798,2.1065,3.3305,-0.0225,1.5320,2.5000,-6.9707,1.0058,13.8799,-1.1202,3.0000,0.0000,2.0000,0,14.1273,998.7793,707.0168,852.8981,-145.8813,-0.0938,-7.6718,1000.0000,699.2513
9.626,0,0,learned,-4.1221,14.2019,2.6511,-2.5756,2.0766,3.3085,-0.0575,1.5220,2.5000,-6.8038,1.0058,13.7841,-1.1291,3.0000,0.0000,2.0000,0,14.1273,994.8074,684.1748,839.4911,-155.3163,-0.0124,-7.5345,1000.0000,676.6279
9.676,0,0,learned,-4.2472,14.2964,2.6504,-2.5820,2.0553,3.3001,-0.0470,1.5126,2.5000,-6.6475,1.0058,13.6964,-1.1378,3.0000,0.0000,2.0000,0,14.1273,997.2719,673.5742,835.4231,-161.8489,0.0404,-7.5521,1000.0000,666.0625
9.725,0,0,learned,-4.2472,14.2964,2.6486,-2.5820,2.0553,3.3001,-0.0777,1.5126,2.5000,-6.6475,1.0058,13.6964,-1.1361,3.0000,0.0000,2.0000,0,14.1273,994.8992,667.7198,831.3095,-163.5897,0.0373,-7.4487,1000.0000,660.3083
9.776,0,0,learned,-4.3797,14.3952,2.6464,-2.5750,2.0239,3.2752,-0.0800,1.5024,2.5000,-6.4827,1.0058,13.6062,-1.1440,3.0000,0.0000,2.0000,0,14.1273,995.0562,640.5881,817.8221,-177.2341,0.1255,-7.4005,1000.0000,633.3130
9.829,0,0,learned,-4.5041,14.4868,2.6444,-2.5786,2.0008,3.2638,-0.0708,1.4928,2.5000,-6.3286,1.0058,13.5239,-1.1516,3.0000,0.0000,2.0000,0,14.1273,993.9970,647.6176,820.8073,-173.1897,0.1873,-7.4176,1000.0000,640.3874
9.876,0,0,learned,-4.5041,14.4868,2.6421,-2.5786,2.0008,3.2638,-0.0958,1.4928,2.5000,-6.3286,1.0058,13.5239,-1.1493,3.0000,0.0000,2.0000,0,14.1273,995.4346,619.1140,807.2743,-188.1603,0.1804,-7.3151,1000.0000,611.9793
9.925,0,0,learned,-4.7594,14.6710,2.6365,-2.5705,1.9441,3.2229,-0.1178,1.4727,2.5000,-6.0143,1.0058,13.3628,-1.1639,3.0000,0.0000,2.0000,0,14.1273,996.7873,610.5229,803.6551,-193.1322,0.3427,-7.1845,1000.0000,603.6811
9.975,0,0,learned,-4.7594,14.6710,2.6344,-2.5705,1.9441,3.2229,-0.1178,1.4727,2.5000,-6.0143,1.0058,13.3628,-1.1617,3.0000,0.0000,2.0000,0,14.1273,997.3022,590.7432,794.0227,-203.2795,0.3380,-7.1678,1000.0000,583.9134
10.026,0,0,learned,-4.8902,14.7636,2.6285,-2.5594,1.9113,3.1943,-0.1350,1.4622,2.5000,-5.8543,1.0058,13.2843,-1.1663,3.0000,0.0000,2.0000,0,14.1273,996.4126,567.1876,781.8001,-214.6125,0.4342,-7.0530,1000.0000,560.5687
10.076,0,0,learned,-5.0131,14.8495,2.6246,-2.5595,1.8870,3.1799,-0.1643,1.4522,2.5000,-5.7045,1.0058,13.2128,-1.1723,3.0000,0.0000,2.0000,0,14.1273,995.0346,541.2598,768.1472,-226.8874,0.4960,-6.9059,1000.0000,534.8499
10.125,0,0,learned,-5.0131,14.8495,2.6188,-2.5595,1.8870,3.1799,-0.1678,1.4522,2.5000,-5.7045,1.0058,13.2128,-1.1666,3.0000,0.0000,2.0000,0,14.1273,994.7397,561.4638,778.1018,-216.6379,0.4956,-6.8976,1000.0000,555.0619
10.177,0,0,learned,-5.1430,14.9392,2.6125,-2.5472,1.8545,3.1508,-0.1885,1.4416,2.5000,-5.5468,1.0058,13.1399,-1.1709,3.0000,0.0000,2.0000,0,14.1273,995.4372,543.7191,769.5782,-225.8591,0.5947,-6.7662,1000.0000,537.5476
10.225,0,0,learned,-5.2650,15.0224,2.6073,-2.5461,1.8303,3.1356,-0.1905,1.4315,2.5000,-5.3992,1.0058,13.0738,-1.1758,3.0000,0.0000,2.0000,0,14.1273,996.8856,511.5532,754.2194,-242.6662,0.6577,-6.6969,1000.0000,505.5140
10.276,0,0,learned,-5.3939,15.1092,2.5980,-2.5327,1.7983,3.1062,-0.2308,1.4208,2.5000,-5.2438,1.0058,13.0064,-1.1772,3.0000,0.0000,2.0000,0,14.1273,994.0210,450.5802,722.3006,-271.7204,0.7487,-6.4592,1000.0000,444.8697
10.326,0,0,learned,-5.3939,15.1092,2.5920,-2.5327,1.7983,3.1062,-0.2203,1.4208,2.5000,-5.2438,1.0058,13.0064,-1.1712,3.0000,0.0000,2.0000,0,14.1273,996.5000,438.7729,717.6365,-278.8635,0.7434,-6.4779,1000.0000,433.0383
10.375,0,0,learned,-5.5150,15.1899,2.5857,-2.5310,1.7749,3.0913,-0.2430,1.4106,2.5000,-5.0983,1.0058,12.9454,-1.1751,3.0000,0.0000,2.0000,0,14.1273,997.4007,419.2550,708.3279,-289.0728,0.8072,-6.3385,1000.0000,413.7238
10.426,0,0,learned,-5.6431,15.2743,2.5767,-2.5174,1.7443,3.0627,-0.2497,1.3997,2.5000,-4.9450,1.0058,12.8833,-1.1770,3.0000,0.0000,2.0000,0,14.1273,993.9827,407.5424,700.7625,-293.2201,0.9062,-6.2371,1000.0000,402.2115
10.475,0,0,learned,-5.7633,15.3524,2.5671,-2.5146,1.7211,3.0472,-0.2787,1.3895,2.5000,-4.8016,1.0058,12.8274,-1.1776,3.0000,0.0000,2.0000,0,14.1273,993.3403,403.0987,698.2195,-295.1208,0.9718,-6.0707,1000.0000,397.9999
10.525,0,0,learned,-5.7633,15.3524,2.5595,-2.5146,1.7211,3.0472,-0.2865,1.3895,2.5000,-4.8016,1.0058,12.8274,-1.1700,3.0000,0.0000,2.0000,0,14.1273,991.9710,400.0514,696.0112,-295.9598,0.9662,-6.0283,998.9656,394.9893
10.575,0,0,learned,-5.8901,15.4339,2.5460,-2.4996,1.6904,3.0175,-0.3188,1.3786,2.5000,-4.6508,1.0058,12.7709,-1.1674,3.0000,0.0000,2.0000,0,14.1273,994.5575,409.3543,701.9559,-292.6016,1.0689,-5.8358,1000.0000,404.5875
10.625,0,0,learned,-6.0092,15.5095,2.5344,-2.4957,1.6673,3.0013,-0.3415,1.3682,2.5000,-4.5098,1.0058,12.7201,-1.1661,3.0000,0.0000,2.0000,0,14.1273,987.9374,355.4263,671.6818,-316.2556,1.1271,-5.6496,994.7141,350.9038
10.676,0,0,learned,-6.1349,15.5885,2.5189,-2.4802,1.6375,2.9720,-0.3533,1.3573,2.5000,-4.3613,1.0058,12.6688,-1.1617,3.0000,0.0000,2.0000,0,14.1273,995.6612,364.0466,679.8539,-315.8073,1.2289,-5.5178,1000.0000,359.7577
10.725,0,0,learned,-6.2531,15.6619,2.5092,-2.4764,1.6160,2.9571,-0.3397,1.3469,2.5000,-4.2222,1.0058,12.6228,-1.1624,3.0000,0.0000,2.0000,0,14.1273,988.2074,336.0694,662.1384,-326.0690,1.2903,-5.4708,994.9685,331.8889
10.775,0,0,learned,-6.2531,15.6619,2.4958,-2.4764,1.6160,2.9571,-0.3568,1.3469,2.5000,-4.2222,1.0058,12.6228,-1.1489,3.0000,0.0000,2.0000,0,14.1273,993.5806,321.5305,657.5556,-336.0250,1.2798,-5.3811,1000.0000,317.4292
10.826,0,0,learned,-6.3780,15.7388,2.4817,-2.4615,1.5885,2.9296,-0.3818,1.3358,2.5000,-4.0756,1.0058,12.5763,-1.1459,3.0000,0.0000,2.0000,0,14.1273,984.6953,309.7518,647.2235,-337.4718,1.3739,-5.1821,991.2513,305.9436
10.875,0,0,learned,-6.4953,15.8104,2.4671,-2.4579,1.5691,2.9161,-0.3882,1.3254,2.5000,-3.9382,1.0058,12.5347,-1.1417,3.0000,0.0000,2.0000,0,14.1273,976.0493,310.9558,643.5026,-332.5467,1.4328,-5.0635,982.5456,307.3251
10.925,0,0,learned,-6.6193,15.8854,2.4518,-2.4433,1.5439,2.8902,-0.4228,1.3143,2.5000,-3.7933,1.0058,12.4928,-1.1375,3.0000,0.0000,2.0000,0,14.1273,949.9574,273.3778,611.6676,-338.2898,1.5172,-4.8039,956.2785,270.0911
10.978,0,0,learned,-6.7358,15.9554,2.4360,-2.4402,1.5266,2.8783,-0.4323,1.3038,2.5000,-3.6574,1.0058,12.4554,-1.1322,3.0000,0.0000,2.0000,0,14.1273,962.4551,251.4424,606.9487,-355.5064,1.5696,-4.6640,968.6887,248.3480
11.025,0,0,learned,-6.7358,15.9554,2.4197,-2.4402,1.5266,2.8783,-0.4455,1.3038,2.5000,-3.6574,1.0058,12.4554,-1.1159,3.0000,0.0000,2.0000,0,14.1273,951.5974,235.2297,593.4135,-358.1839,1.5560,-4.5753,957.7287,232.2104
11.075,0,0,learned,-6.8590,16.0289,2.4029,-2.4260,1.5039,2.8543,-0.4448,1.2927,2.5000,-3.5140,1.0058,12.4177,-1.1101,3.0000,0.0000,2.0000,0,14.1273,972.3972,236.5105,604.4538,-367.9434,1.6451,-4.4671,978.5094,233.6885
11.126,0,0,learned,-6.9747,16.0975,2.3898,-2.4228,1.4890,2.8437,-0.4615,1.2822,2.5000,-3.3796,1.0058,12.3842,-1.1076,3.0000,0.0000,2.0000,0,14.1273,966.8526,200.7107,583.7816,-383.0709,1.6924,-4.2894,972.8343,198.1137
11.175,0,0,learned,-7.0969,16.1696,2.3677,-2.4081,1.4685,2.8205,-0.4630,1.2711,2.5000,-3.2378,1.0058,12.3506,-1.0966,3.0000,0.0000,2.0000,0,14.1273,954.8352,196.7401,575.7876,-379.0476,1.7729,-4.1447,960.7528,194.3682
11.226,0,0,learned,-7.2115,16.2370,2.3493,-2.4044,1.4558,2.8108,-0.4763,1.2606,2.5000,-3.1048,1.0058,12.3207,-1.0888,3.0000,0.0000,2.0000,0,14.1273,934.9017,181.2503,558.0760,-376.8257,1.8165,-3.9684,940.6866,179.0984
11.276,0,0,learned,-7.2115,16.2370,2.3352,-2.4044,1.4558,2.8108,-0.4923,1.2606,2.5000,-3.1048,1.0058,12.3207,-1.0747,3.0000,0.0000,2.0000,0,14.1273,942.2142,166.0672,554.1407,-388.0735,1.8060,-3.8787,947.8990,163.9945
11.325,0,0,learned,-7.3328,16.3081,2.3112,-2.3898,1.4382,2.7892,-0.5108,1.2494,2.5000,-2.9643,1.0058,12.2908,-1.0618,3.0000,0.0000,2.0000,0,14.1273,945.2107,154.2817,549.7462,-395.4645,1.8812,-3.6641,950.7560,152.4989
11.375,0,0,learned,-7.4466,16.3749,2.2964,-2.3862,1.4287,2.7812,-0.5040,1.2389,2.5000,-2.8324,1.0058,12.2641,-1.0575,3.0000,0.0000,2.0000,0,14.1273,913.6559,172.9035,543.2797,-370.3762,1.9260,-3.5721,919.1540,171.2575
11.426,0,0,learned,-7.5668,16.4455,2.2712,-2.3712,1.4144,2.7610,-0.5165,1.2277,2.5000,-2.6931,1.0058,12.2373,-1.0435,3.0000,0.0000,2.0000,0,14.1273,921.2397,190.3349,555.7873,-365.4524,2.0010,-3.3821,926.6228,188.9538
11.475,0,0,learned,-7.6796,16.5119,2.2505,-2.3669,1.4082,2.7541,-0.5395,1.2172,2.5000,-2.5623,1.0058,12.2134,-1.0334,3.0000,0.0000,2.0000,0,14.1273,924.4824,152.6203,538.5514,-385.9311,2.0336,-3.1553,929.6713,151.4985
11.525,0,0,learned,-7.6796,16.5119,2.2295,-2.3669,1.4082,2.7541,-0.5363,1.2172,2.5000,-2.5623,1.0058,12.2134,-1.0123,3.0000,0.0000,2.0000,0,14.1273,908.4922,146.4788,527.4855,-381.0067,2.0186,-3.1191,913.6299,145.3783
11.575,0,0,learned,-7.7986,16.5824,2.2080,-2.3513,1.3978,2.7355,-0.5350,1.2060,2.5000,-2.4240,1.0058,12.1892,-1.0020,3.0000,0.0000,2.0000,0,14.1273,909.7034,125.4261,517.5648,-392.1386,2.0865,-2.9717,914.7616,124.5409
11.625,0,0,learned,-7.9103,16.6492,2.1807,-2.3462,1.3966,2.7304,-0.5727,1.1955,2.5000,-2.2940,1.0058,12.1673,-0.9852,3.0000,0.0000,2.0000,0,14.1273,931.2957,112.8815,522.0886,-409.2071,2.1142,-2.6832,936.0930,112.3125
11.675,0,0,learned,-8.0280,16.7206,2.1530,-2.3300,1.3919,2.7141,-0.5770,1.1843,2.5000,-2.1563,1.0058,12.1448,-0.9687,3.0000,0.0000,2.0000,0,14.1273,932.9529,107.3832,520.1680,-412.7849,2.1738,-2.5029,937.6296,107.0541
11.725,0,0,learned,-8.1384,16.7884,2.1306,-2.3239,1.3961,2.7110,-0.5787,1.1738,2.5000,-2.0267,1.0058,12.1243,-0.9568,3.0000,0.0000,2.0000,0,14.1273,864.8875,118.2163,491.5519,-373.3356,2.1954,-2.3412,869.4241,118.0705
11.775,0,0,learned,-8.2548,16.8611,2.1078,-2.3066,1.3962,2.6963,-0.5933,1.1626,2.5000,-1.8896,1.0058,12.1030,-0.9452,3.0000,0.0000,2.0000,0,14.1273,849.2879,131.2791,490.2835,-359.0044,2.2543,-2.1285,853.6707,131.4049
11.825,0,0,learned,-8.3638,16.9303,2.0788,-2.2995,1.4055,2.6950,-0.6025,1.1520,2.5000,-1.7604,1.0058,12.0834,-0.9268,3.0000,0.0000,2.0000,0,14.1273,861.5955,128.8994,495.2474,-366.3481,2.2703,-1.9391,865.8049,129.2306
11.875,0,0,learned,-8.3638,16.9303,2.0613,-2.2995,1.4055,2.6950,-0.5940,1.1520,2.5000,-1.7604,1.0058,12.0834,-0.9093,3.0000,0.0000,2.0000,0,14.1273,860.1554,125.4066,492.7810,-367.3744,2.2591,-1.9334,864.3479,125.7323
11.925,0,0,learned,-8.4786,17.0048,2.0317,-2.2814,1.4108,2.6824,-0.6023,1.1408,2.5000,-1.6236,1.0058,12.0628,-0.8909,3.0000,0.0000,2.0000,0,14.1273,854.3897,135.7823,495.0860,-359.3037,2.3083,-1.7294,858.4274,136.3611
11.976,0,0,learned,-8.5859,17.0760,2.0080,-2.2720,1.4252,2.6821,-0.5958,1.1303,2.5000,-1.4949,1.0058,12.0435,-0.8777,3.0000,0.0000,2.0000,0,14.1273,878.2428,141.5733,509.9080,-368.3347,2.3263,-1.6140,882.1830,142.2855
12.026,0,0,learned,-8.6986,17.1527,1.9840,-2.2509,1.4355,2.6697,-0.5998,1.1191,2.5000,-1.3586,1.0058,12.0229,-0.8650,3.0000,0.0000,2.0000,0,14.1273,878.3784,134.1451,506.2618,-372.1167,2.3763,-1.4365,882.1913,135.0849
12.075,0,0,learned,-8.8037,17.2264,1.9541,-2.2386,1.4555,2.6702,-0.5877,1.1085,2.5000,-1.2304,1.0058,12.0031,-0.8456,3.0000,0.0000,2.0000,0,14.1273,853.4874,116.6459,485.0666,-368.4207,2.3826,-1.3167,857.1866,117.7118
12.125,0,0,learned,-8.9139,17.3063,1.9300,-2.2148,1.4714,2.6590,-0.6073,1.0973,2.5000,-1.0946,1.0058,11.9816,-0.8327,3.0000,0.0000,2.0000,0,14.1273,852.0096,109.9678,480.9887,-371.0209,2.4288,-1.0789,855.5172,111.3176
12.175,0,0,learned,-9.0166,17.3832,1.9058,-2.1998,1.4978,2.6613,-0.6053,1.0867,2.5000,-0.9666,1.0058,11.9606,-0.8191,3.0000,0.0000,2.0000,0,14.1273,874.0841,121.6113,497.8477,-376.2364,2.4389,-0.9463,877.4694,123.1039
12.226,0,0,learned,-9.0166,17.3832,1.8876,-2.1998,1.4978,2.6613,-0.6048,1.0867,2.5000,-0.9666,1.0058,11.9606,-0.8008,3.0000,0.0000,2.0000,0,14.1273,855.6448,109.2444,482.4446,-373.2002,2.4254,-0.9027,858.9729,110.7671
12.276,0,0,learned,-9.1241,17.4668,1.8572,-2.1735,1.5196,2.6520,-0.6035,1.0755,2.5000,-0.8310,1.0058,11.9374,-0.7817,3.0000,0.0000,2.0000,0,14.1273,840.7237,107.2403,473.9820,-366.7417,2.4627,-0.7327,843.9191,108.9703
12.326,0,0,learned,-9.2241,17.5472,1.8450,-2.1552,1.5508,2.6552,-0.6058,1.0649,2.5000,-0.7036,1.0058,11.9149,-0.7801,3.0000,0.0000,2.0000,0,14.1273,862.9649,144.7509,503.8579,-359.1070,2.4796,-0.6128,866.0574,146.6177
12.379,0,0,learned,-9.3285,17.6345,1.8144,-2.1257,1.5764,2.6465,-0.5995,1.0537,2.5000,-0.5686,1.0058,11.8898,-0.7607,3.0000,0.0000,2.0000,0,14.1273,846.6764,132.2379,489.4571,-357.2193,2.5139,-0.4634,849.6537,134.2884
12.426,0,0,learned,-9.3285,17.6345,1.7898,-2.1257,1.5764,2.6465,-0.6402,1.0537,2.5000,-0.5686,1.0058,11.8898,-0.7362,3.0000,0.0000,2.0000,0,14.1273,830.3602,129.3470,479.8536,-350.5066,2.4966,-0.2439,833.1007,131.5997
12.475,0,0,learned,-9.4253,17.7186,1.7838,-2.1040,1.6116,2.6503,-0.6038,1.0431,2.5000,-0.4418,1.0058,11.8653,-0.7407,3.0000,0.0000,2.0000,0,14.1273,836.6718,113.9743,475.3231,-361.3488,2.5109,-0.2894,839.4721,116.1957
12.525,0,0,learned,-9.5261,17.8100,1.7529,-2.0711,1.6408,2.6422,-0.6158,1.0318,2.5000,-0.3077,1.0058,11.8378,-0.7211,3.0000,0.0000,2.0000,0,14.1273,852.6695,126.8881,489.7788,-362.8907,2.5468,-0.0766,855.2929,129.3584
12.580,0,0,learned,-9.6194,17.8981,1.7222,-2.0453,1.6799,2.6467,-0.6098,1.0212,2.5000,-0.1818,1.0058,11.8107,-0.7010,3.0000,0.0000,2.0000,0,14.1273,820.3501,124.4481,472.3991,-347.9510,2.5422,0.0562,822.8361,127.0465
12.625,0,0,learned,-9.6194,17.8981,1.7098,-2.0453,1.6799,2.6467,-0.6135,1.0212,2.5000,-0.1818,1.0058,11.8107,-0.6886,3.0000,0.0000,2.0000,0,14.1273,820.3501,124.4481,472.3991,-347.9510,2.5345,0.0994,822.7852,127.0820
12.676,0,0,learned,-9.7161,17.9938,1.6789,-2.0084,1.7119,2.6390,-0.6045,1.0100,2.5000,-0.0488,1.0058,11.7804,-0.6690,3.0000,0.0000,2.0000,0,14.1273,843.5552,109.0514,476.3033,-367.2519,2.5682,0.2240,845.8995,111.8437
12.725,0,0,learned,-9.8053,18.0861,1.6605,-1.9784,1.7539,2.6439,-0.6092,0.9993,2.5000,0.0759,1.0058,11.7504,-0.6611,3.0000,0.0000,2.0000,0,14.1273,862.3520,132.6654,497.5087,-364.8433,2.5742,0.3600,864.5661,135.5996
12.775,0,0,learned,-9.8976,18.1861,1.6295,-1.9376,1.7878,2.6364,-0.6095,0.9881,2.5000,0.2074,1.0058,11.7169,-0.6414,3.0000,0.0000,2.0000,0,14.1273,854.0909,140.5398,497.3154,-356.7755,2.6071,0.5220,856.1760,143.6689
12.825,0,0,learned,-9.8976,18.1861,1.6048,-1.9376,1.7878,2.6364,-0.6108,0.9881,2.5000,0.2074,1.0058,11.7169,-0.6167,3.0000,0.0000,2.0000,0,14.1273,816.3592,125.3856,470.8724,-345.4868,2.5893,0.5872,818.3613,128.5621
12.876,0,0,learned,-9.9823,18.2823,1.5864,-1.9031,1.8312,2.6411,-0.6130,0.9775,2.5000,0.3305,1.0058,11.6838,-0.6089,3.0000,0.0000,2.0000,0,14.1273,842.0555,138.2747,490.1651,-351.8904,2.5954,0.7075,843.9434,141.5775
12.926,0,0,learned,-10.0697,18.3867,1.5617,-1.8584,1.8666,2.6340,-0.5825,0.9663,2.5000,0.4601,1.0058,11.6468,-0.5954,3.0000,0.0000,2.0000,0,14.1273,822.4918,147.0663,484.7790,-337.7127,2.6314,0.7310,824.3921,150.4287
12.976,0,0,learned,-10.1496,18.4873,1.5369,-1.8196,1.9123,2.6396,-0.6132,0.9557,2.5000,0.5814,1.0058,11.6101,-0.5812,3.0000,0.0000,2.0000,0,14.1273,839.2056,162.4473,500.8264,-338.3791,2.6297,0.9723,840.8630,166.0493
13.025,0,0,learned,-10.1496,18.4873,1.5122,-1.8196,1.9123,2.6396,-0.6268,0.9557,2.5000,0.5814,1.0058,11.6101,-0.5565,3.0000,0.0000,2.0000,0,14.1273,864.7421,175.9725,520.3573,-344.3848,2.6164,1.0797,866.2788,179.6687
13.075,0,0,learned,-10.2315,18.5963,1.4812,-1.7708,1.9489,2.6332,-0.6148,0.9445,2.5000,0.7090,1.0058,11.5692,-0.5367,3.0000,0.0000,2.0000,0,14.1273,868.3709,164.8209,516.5959,-351.7750,2.6463,1.1790,869.8382,168.6461
13.126,0,0,learned,-10.3061,18.7010,1.4688,-1.7274,1.9954,2.6392,-0.5985,0.9339,2.5000,0.8280,1.0058,11.5287,-0.5349,3.0000,0.0000,2.0000,0,14.1273,833.2685,190.8798,512.0741,-321.1944,2.6507,1.2105,834.7087,194.7410
13.175,0,0,learned,-10.3821,18.8144,1.4381,-1.6744,2.0327,2.6335,-0.6100,0.9227,2.5000,0.9530,1.0058,11.4834,-0.5154,3.0000,0.0000,2.0000,0,14.1273,826.4724,185.8924,506.1824,-320.2900,2.6781,1.3938,827.7568,189.9643
13.225,0,0,learned,-10.4509,18.9237,1.4134,-1.6261,2.0812,2.6412,-0.6058,0.9122,2.5000,1.0696,1.0058,11.4385,-0.5013,3.0000,0.0000,2.0000,0,14.1273,849.8419,208.6111,529.2265,-320.6154,2.6726,1.4870,851.0275,212.7706
13.275,0,0,learned,-10.4509,18.9237,1.4011,-1.6261,2.0812,2.6412,-0.6082,0.9122,2.5000,1.0696,1.0058,11.4385,-0.4890,3.0000,0.0000,2.0000,0,14.1273,885.9982,215.6245,550.8113,-335.1869,2.6669,1.5226,887.1425,219.8140
13.326,0,0,learned,-10.5206,19.0419,1.3704,-1.5689,2.1199,2.6373,-0.6082,0.9010,2.5000,1.1918,1.0058,11.3883,-0.4694,3.0000,0.0000,2.0000,0,14.1273,870.7495,225.2986,548.0240,-322.7254,2.6900,1.6564,871.7831,229.6450
13.375,0,0,learned,-10.5831,19.1555,1.3521,-1.5157,2.1690,2.6461,-0.5833,0.8904,2.5000,1.3054,1.0058,11.3388,-0.4617,3.0000,0.0000,2.0000,0,14.1273,877.3998,214.1358,545.7678,-331.6320,2.6841,1.6463,878.4377,218.4662
13.426,0,0,learned,-10.6459,19.2783,1.3155,-1.4540,2.2077,2.6435,-0.5983,0.8793,2.5000,1.4242,1.0058,11.2835,-0.4363,3.0000,0.0000,2.0000,0,14.1273,892.8092,233.3987,563.1040,-329.7053,2.7016,1.8415,893.6693,237.9418
13.475,0,0,learned,-10.7017,19.3964,1.2912,-1.3957,2.2583,2.6547,-0.5950,0.8687,2.5000,1.5345,1.0058,11.2287,-0.4225,3.0000,0.0000,2.0000,0,14.1273,903.4941,242.0384,572.7662,-330.7278,2.6862,1.9213,904.2590,246.6458
13.525,0,0,learned,-10.7017,19.3964,1.2730,-1.3957,2.2583,2.6547,-0.5983,0.8687,2.5000,1.5345,1.0058,11.2287,-0.4043,3.0000,0.0000,2.0000,0,14.1273,886.1748,262.8679,574.5214,-311.6534,2.6757,1.9772,886.8733,267.5208
13.575,0,0,learned,-10.7571,19.5241,1.2428,-1.3295,2.2977,2.6546,-0.5990,0.8576,2.5000,1.6496,1.0058,11.1677,-0.3853,3.0000,0.0000,2.0000,0,14.1273,888.4085,279.6806,584.0445,-304.3640,2.6903,2.0959,889.0030,284.4668
13.626,0,0,learned,-10.8057,19.6466,1.2247,-1.2661,2.3488,2.6683,-0.6060,0.8470,2.5000,1.7563,1.0058,11.1074,-0.3776,3.0000,0.0000,2.0000,0,14.1273,862.1002,283.7051,572.9027,-289.1976,2.6711,2.1915,862.5798,288.5677
13.676,0,0,learned,-10.8532,19.7790,1.2006,-1.1956,2.3881,2.6707,-0.5988,0.8359,2.5000,1.8673,1.0058,11.0404,-0.3647,3.0000,0.0000,2.0000,0,14.1273,852.2496,292.6330,572.4413,-279.8083,2.6828,2.2577,852.6748,297.5735
13.726,0,0,learned,-10.8941,19.9058,1.1706,-1.1271,2.4389,2.6867,-0.5813,0.8253,2.5000,1.9698,1.0058,10.9744,-0.3453,3.0000,0.0000,2.0000,0,14.1273,879.8840,296.7840,588.3340,-291.5500,2.6536,2.2803,880.2573,301.7179
13.776,0,0,learned,-10.8941,19.9058,1.1467,-1.1271,2.4389,2.6867,-0.5783,0.8253,2.5000,1.9698,1.0058,10.9744,-0.3214,3.0000,0.0000,2.0000,0,14.1273,852.2806,305.5702,578.9254,-273.3552,2.6399,2.3214,852.5990,310.5315
13.826,0,0,learned,-10.9332,20.0424,1.1230,-1.0522,2.4765,2.6907,-0.5883,0.8142,2.5000,2.0760,1.0058,10.9012,-0.3088,3.0000,0.0000,2.0000,0,14.1273,845.7144,287.7195,566.7170,-278.9974,2.6478,2.4352,845.9270,292.8025
13.876,0,0,learned,-10.9662,20.1728,1.1052,-0.9789,2.5244,2.7075,-0.5630,0.8037,2.5000,2.1736,1.0058,10.8296,-0.3015,3.0000,0.0000,2.0000,0,14.1273,823.5940,294.7655,559.1797,-264.4143,2.6240,2.3988,823.8192,299.7884
13.925,0,0,learned,-10.9966,20.3128,1.0818,-0.9003,2.5579,2.7117,-0.5575,0.7927,2.5000,2.2742,1.0058,10.7506,-0.2891,3.0000,0.0000,2.0000,0,14.1273,862.9624,303.1003,583.0313,-279.9310,2.6342,2.4577,863.1388,308.1921
13.975,0,0,learned,-10.9966,20.3128,1.0585,-0.9003,2.5579,2.7117,-0.5715,0.7927,2.5000,2.2742,1.0058,10.7506,-0.2658,3.0000,0.0000,2.0000,0,14.1273,844.5834,310.1882,577.3858,-267.1976,2.6207,2.5572,844.6468,315.3661
14.026,0,0,learned,-11.0213,20.4460,1.0354,-0.8231,2.6012,2.7284,-0.5820,0.7822,2.5000,2.3664,1.0058,10.6737,-0.2531,3.0000,0.0000,2.0000,0,14.1273,814.5785,329.5621,572.0703,-242.5082,2.5943,2.6580,814.5148,334.8143
14.076,0,0,learned,-11.0432,20.5883,1.0068,-0.7425,2.6285,2.7313,-0.5617,0.7713,2.5000,2.4610,1.0058,10.5895,-0.2355,3.0000,0.0000,2.0000,0,14.1273,835.1074,304.7922,569.9498,-265.1576,2.6064,2.6616,835.0522,310.0602
14.125,0,0,learned,-11.0597,20.7233,0.9897,-0.6630,2.6654,2.7466,-0.5625,0.7609,2.5000,2.5473,1.0058,10.5078,-0.2287,3.0000,0.0000,2.0000,0,14.1273,838.6391,326.2551,582.4471,-256.1920,2.5888,2.7139,838.5140,331.5577
14.176,0,0,learned,-11.0729,20.8673,0.9615,-0.5809,2.6861,2.7482,-0.5487,0.7501,2.5000,2.6355,1.0058,10.4186,-0.2115,3.0000,0.0000,2.0000,0,14.1273,842.8864,365.7840,604.3352,-238.5512,2.6042,2.7534,842.7371,371.1415
14.225,0,0,learned,-11.0813,21.0034,0.9392,-0.4998,2.7161,2.7617,-0.5447,0.7399,2.5000,2.7155,1.0058,10.3325,-0.1993,3.0000,0.0000,2.0000,0,14.1273,859.2204,340.4794,599.8499,-259.3705,2.5906,2.7849,859.0261,345.8549
14.275,0,0,learned,-11.0813,21.0034,0.9224,-0.4998,2.7161,2.7617,-0.5378,0.7399,2.5000,2.7155,1.0058,10.3325,-0.1826,3.0000,0.0000,2.0000,0,14.1273,841.7490,377.1695,609.4593,-232.2897,2.5812,2.8041,841.5261,382.5548
14.325,0,0,learned,-11.0858,21.1482,0.8950,-0.4174,2.7297,2.7614,-0.5333,0.7291,2.5000,2.7969,1.0058,10.2389,-0.1658,3.0000,0.0000,2.0000,0,14.1273,836.6622,410.6237,623.6430,-213.0193,2.6021,2.8694,836.3949,416.0952
14.375,0,0,learned,-11.0860,21.2850,0.8840,-0.3348,2.7537,2.7739,-0.5148,0.7191,2.5000,2.8703,1.0058,10.1484,-0.1650,3.0000,0.0000,2.0000,0,14.1273,811.3572,437.3635,624.3604,-186.9968,2.5974,2.8366,811.1180,442.7976
14.426,0,0,learned,-11.0818,21.4304,0.8515,-0.2515,2.7620,2.7734,-0.5112,0.7085,2.5000,2.9445,1.0058,10.0500,-0.1431,3.0000,0.0000,2.0000,0,14.1273,859.4436,409.3787,634.4111,-225.0325,2.6189,2.8965,859.1660,414.8940
14.476,0,0,learned,-11.0736,21.5675,0.8301,-0.1671,2.7811,2.7861,-0.5205,0.6985,2.4888,3.0111,1.0058,9.9551,-0.1315,3.0000,0.0000,2.0000,0,14.1273,795.4380,412.8402,604.1391,-191.2989,2.5668,2.9718,795.0330,418.3788
14.525,0,0,learned,-11.0736,21.5675,0.8141,-0.1671,2.7811,2.7861,-0.5078,0.6985,2.4888,3.0111,1.0058,9.9551,-0.1156,3.0000,0.0000,2.0000,0,14.1273,789.6224,448.7766,619.1995,-170.4229,2.5578,2.9708,789.2094,454.3052
14.576,0,0,learned,-11.0603,21.7131,0.7880,-0.0824,2.7847,2.7859,-0.5038,0.6881,2.4630,3.0777,1.0058,9.8518,-0.0999,3.0000,0.0000,2.0000,0,14.1273,807.5359,448.7146,628.1252,-179.4107,2.4836,3.0276,806.9920,454.2258
14.626,0,0,learned,-11.0435,21.8502,0.7724,0.0040,2.7993,2.7993,-0.4945,0.6783,2.4380,3.1370,1.0058,9.7522,-0.0940,3.0000,0.0000,2.0000,0,14.1273,834.4187,496.9631,665.6909,-168.7278,2.3784,3.0483,833.7488,502.3898
14.675,0,0,learned,-11.0212,21.9955,0.7469,0.0891,2.7980,2.7994,-0.4763,0.6680,2.4110,3.1959,1.0058,9.6442,-0.0788,3.0000,0.0000,2.0000,0,14.1273,862.6309,490.9464,676.7886,-185.8422,2.2992,3.0533,861.8768,496.2989
14.726,0,0,learned,-10.9960,22.1319,0.7268,0.1763,2.8070,2.8125,-0.4998,0.6585,2.3851,3.2477,1.0058,9.5403,-0.0683,3.0000,0.0000,2.0000,0,14.1273,849.6072,445.3414,647.4743,-202.1329,2.1918,3.1715,848.6275,450.7047
14.775,0,0,learned,-10.9960,22.1319,0.7070,0.1763,2.8070,2.8125,-0.4860,0.6585,2.3851,3.2477,1.0058,9.5403,-0.0485,3.0000,0.0000,2.0000,0,14.1273,847.1419,411.4894,629.3157,-217.8263,2.1857,3.1587,846.1690,416.8337
14.828,0,0,learned,-10.9645,22.2763,0.6875,0.2620,2.8009,2.8132,-0.4690,0.6484,2.3569,3.2984,1.0058,9.4275,-0.0391,3.0000,0.0000,2.0000,0,14.1273,834.0159,486.0964,660.0561,-173.9597,2.0978,3.1766,832.9371,491.3708
14.876,0,0,learned,-10.9304,22.4121,0.6779,0.3516,2.8065,2.8284,-0.4473,0.6390,2.3297,3.3423,1.0058,9.3188,-0.0389,3.0000,0.0000,2.0000,0,14.1273,793.2671,509.5136,651.3904,-141.8767,1.9848,3.1336,792.1182,514.6320
14.925,0,0,learned,-10.9304,22.4121,0.6635,0.3516,2.8065,2.8284,-0.4542,0.6390,2.3297,3.3423,1.0058,9.3188,-0.0245,3.0000,0.0000,2.0000,0,14.1273,754.9922,505.9591,630.4756,-124.5166,1.9781,3.1898,753.7806,511.1269
14.975,0,0,learned,-10.8898,22.5556,0.6445,0.4375,2.7970,2.8310,-0.4530,0.6291,2.3003,3.3848,1.0058,9.2011,-0.0155,3.0000,0.0000,2.0000,0,14.1273,744.9021,493.6334,619.2678,-125.6343,1.8850,3.2399,743.5472,498.7583
15.025,0,0,learned,-10.8475,22.6901,0.6212,0.5262,2.7980,2.8471,-0.4620,0.6199,2.2720,3.4211,1.0058,9.0882,-0.0014,3.0000,0.0000,2.0000,0,14.1273,762.8998,517.9861,640.4430,-122.4568,1.7519,3.3425,761.3093,523.0805
15.075,0,0,learned,-10.7983,22.8317,0.6028,0.6101,2.7831,2.8492,-0.4290,0.6102,2.2416,3.4554,1.0058,8.9663,0.0074,3.0000,0.0000,2.0000,0,14.1273,773.5246,493.9281,633.7263,-139.7982,1.6592,3.2799,771.9039,498.8672
15.125,0,0,learned,-10.7483,22.9639,0.5847,0.6965,2.7773,2.8633,-0.4293,0.6012,2.2125,3.4839,1.0058,8.8499,0.0165,3.0000,0.0000,2.0000,0,14.1273,755.9401,538.2519,647.0960,-108.8441,1.5278,3.3483,754.1196,543.1279
15.175,0,0,learned,-10.7483,22.9639,0.5713,0.6965,2.7773,2.8633,-0.4313,0.6012,2.2125,3.4839,1.0058,8.8499,0.0298,3.0000,0.0000,2.0000,0,14.1273,729.1497,484.4148,606.7822,-122.3675,1.5289,3.3765,727.3022,489.3202
15.225,0,0,learned,-10.6914,23.1025,0.5539,0.7762,2.7552,2.8624,-0.4080,0.5918,2.1812,3.5101,1.0058,8.7249,0.0379,3.0000,0.0000,2.0000,0,14.1273,675.0234,491.3802,583.2018,-91.8216,1.4364,3.3584,673.1015,496.1750
15.276,0,0,learned,-10.6343,23.2318,0.5410,0.8587,2.7427,2.8740,-0.4128,0.5830,2.1514,3.5311,1.0058,8.6058,0.0420,3.0000,0.0000,2.0000,0,14.1273,712.0835,495.9625,604.0230,-108.0605,1.3106,3.4249,709.9692,500.6980
15.326,0,0,learned,-10.5703,23.3671,0.5199,0.9332,2.7146,2.8705,-0.3927,0.5738,2.1195,3.5495,1.0058,8.4782,0.0539,3.0000,0.0000,2.0000,0,14.1273,713.5963,494.4519,604.0241,-109.5722,1.2157,3.4275,711.3845,499.0951
15.375,0,0,learned,-10.5072,23.4927,0.4994,1.0094,2.6951,2.8779,-0.3840,0.5653,2.0893,3.5635,1.0058,8.3573,0.0659,3.0000,0.0000,2.0000,0,14.1273,728.8939,511.0179,619.9559,-108.9380,1.0925,3.4723,726.5141,515.5827
15.427,0,0,learned,-10.5072,23.4927,0.4873,1.0094,2.6951,2.8779,-0.3847,0.5653,2.0893,3.5635,1.0058,8.3573,0.0780,3.0000,0.0000,2.0000,0,14.1273,741.8752,535.9037,638.8895,-102.9857,1.0823,3.5128,739.4447,540.4988
15.475,0,0,learned,-10.4375,23.6238,0.4715,1.0758,2.6601,2.8694,-0.3678,0.5564,2.0571,3.5747,1.0058,8.2285,0.0849,3.0000,0.0000,2.0000,0,14.1273,709.5855,515.6508,612.6181,-96.9673,1.0020,3.5118,707.0756,520.1646
15.526,0,0,learned,-10.3692,23.7453,0.4560,1.1451,2.6343,2.8724,-0.3680,0.5481,2.0267,3.5821,1.0058,8.1067,0.0921,3.0000,0.0000,2.0000,0,14.1273,668.3971,497.2979,582.8475,-85.5496,0.8941,3.5754,665.7158,501.7673
15.575,0,0,learned,-10.2939,23.8720,0.4408,1.2056,2.5950,2.8614,-0.3573,0.5395,1.9942,3.5864,1.0058,7.9767,0.0987,3.0000,0.0000,2.0000,0,14.1273,649.3722,514.4200,581.8961,-67.4761,0.8074,3.6040,646.5756,518.8314
15.625,0,0,learned,-10.2204,23.9896,0.4222,1.2708,2.5657,2.8632,-0.3573,0.5314,1.9634,3.5872,1.0058,7.8535,0.1092,3.0000,0.0000,2.0000,0,14.1273,626.6200,485.9739,556.2970,-70.3230,0.6979,3.6765,623.6414,490.3483
15.675,0,0,learned,-10.2204,23.9896,0.4112,1.2708,2.5657,2.8632,-0.3508,0.5314,1.9634,3.5872,1.0058,7.8535,0.1202,3.0000,0.0000,2.0000,0,14.1273,618.4205,485.6014,552.0110,-66.4095,0.6955,3.6854,615.4306,489.9823
15.725,0,0,learned,-10.1400,24.1119,0.4005,1.3260,2.5233,2.8505,-0.3345,0.5231,1.9306,3.5848,1.0058,7.7224,0.1226,3.0000,0.0000,2.0000,0,14.1273,620.3692,521.9203,571.1447,-49.2244,0.6071,3.6829,617.2934,526.2104
15.775,0,0,learned,-10.0622,24.2250,0.3794,1.3848,2.4899,2.8491,-0.3312,0.5153,1.8997,3.5797,1.0058,7.5987,0.1359,3.0000,0.0000,2.0000,0,14.1273,608.8602,518.0992,563.4797,-45.3805,0.4969,3.7567,605.6004,522.3528
15.826,0,0,learned,-9.9778,24.3425,0.3691,1.4324,2.4437,2.8326,-0.3212,0.5072,1.8669,3.5713,1.0058,7.4677,0.1381,3.0000,0.0000,2.0000,0,14.1273,613.9031,488.7707,551.3369,-62.5662,0.4267,3.7633,610.5664,492.9606
15.875,0,0,learned,-9.8966,24.4509,0.3524,1.4845,2.4067,2.8277,-0.3108,0.4996,1.8360,3.5607,1.0058,7.3442,0.1472,3.0000,0.0000,2.0000,0,14.1273,619.9455,463.9926,541.9690,-77.9764,0.3299,3.7913,616.4841,468.1138
15.926,0,0,learned,-9.8966,24.4509,0.3395,1.4845,2.4067,2.8277,-0.3030,0.4996,1.8360,3.5607,1.0058,7.3442,0.1602,3.0000,0.0000,2.0000,0,14.1273,578.4155,439.8323,509.1239,-69.2916,0.3348,3.8037,574.9465,443.9708
15.975,0,0,learned,-9.8084,24.5634,0.3237,1.5267,2.3581,2.8092,-0.2890,0.4918,1.8033,3.5465,1.0058,7.2131,0.1681,3.0000,0.0000,2.0000,0,14.1273,555.6148,420.7886,488.2017,-67.4131,0.2665,3.8169,552.0644,424.8720
16.025,0,0,learned,-9.7237,24.6672,0.3115,1.5743,2.3189,2.8028,-0.2680,0.4845,1.7724,3.5305,1.0058,7.0896,0.1731,3.0000,0.0000,2.0000,0,14.1273,555.0418,468.7476,511.8947,-43.1471,0.1604,3.8018,551.4004,472.7098
16.076,0,0,learned,-9.6323,24.7749,0.2966,1.6112,2.2691,2.7830,-0.2807,0.4770,1.7397,3.5109,1.0058,6.9588,0.1804,3.0000,0.0000,2.0000,0,14.1273,511.9064,478.7894,495.3479,-16.5585,0.0814,3.9219,508.0660,482.7927
16.125,0,0,learned,-9.5450,24.8740,0.2849,1.6524,2.2284,2.7742,-0.2855,0.4699,1.7090,3.4903,1.0058,6.8359,0.1851,3.0000,0.0000,2.0000,0,14.1273,504.2177,483.8983,494.0580,-10.1597,-0.0170,3.9988,500.2019,487.8801
16.175,0,0,learned,-9.4516,24.9766,0.2762,1.6814,2.1774,2.7510,-0.2795,0.4626,1.6766,3.4663,1.0058,6.7063,0.1864,3.0000,0.0000,2.0000,0,14.1273,481.5060,480.3111,480.9086,-0.5975,-0.0781,4.0175,477.4104,484.2505
16.225,0,0,learned,-9.4516,24.9766,0.2678,1.6814,2.1774,2.7510,-0.2670,0.4626,1.6766,3.4663,1.0058,6.7063,0.1948,3.0000,0.0000,2.0000,0,14.1273,479.5657,474.2710,476.9183,-2.6474,-0.0753,3.9962,475.4941,478.1918
16.276,0,0,learned,-9.3626,25.0709,0.2540,1.7156,2.1348,2.7387,-0.2508,0.4558,1.6462,3.4417,1.0058,6.5848,0.2018,3.0000,0.0000,2.0000,0,14.1273,490.8220,455.8681,473.3451,-17.4770,-0.1543,3.9882,486.6796,459.7020
16.325,0,0,learned,-9.2675,25.1683,0.2461,1.7385,2.0822,2.7126,-0.2567,0.4488,1.6142,3.4135,1.0058,6.4567,0.2027,3.0000,0.0000,2.0000,0,14.1273,496.7900,458.0530,477.4215,-19.3685,-0.2132,4.0443,492.5325,461.8841
16.375,0,0,learned,-9.1772,25.2575,0.2358,1.7670,2.0378,2.6972,-0.2333,0.4423,1.5842,3.3850,1.0058,6.3367,0.2065,3.0000,0.0000,2.0000,0,14.1273,481.2178,443.8469,462.5323,-18.6854,-0.2801,3.9959,476.9417,447.5627
16.426,0,0,learned,-9.1772,25.2575,0.2308,1.7670,2.0378,2.6972,-0.2102,0.4423,1.5842,3.3850,1.0058,6.3367,0.2115,3.0000,0.0000,2.0000,0,14.1273,452.6265,436.0647,444.3456,-8.2809,-0.2715,3.9249,448.4301,439.7180
16.476,0,0,learned,-9.0809,25.3497,0.2186,1.7840,1.9845,2.6685,-0.2253,0.4355,1.5526,3.3530,1.0058,6.2104,0.2169,3.0000,0.0000,2.0000,0,14.1273,440.3894,440.7961,440.5928,0.2034,-0.3255,4.0319,436.0320,444.5025
16.525,0,0,learned,-8.9897,25.4342,0.2116,1.8073,1.9398,2.6512,-0.2147,0.4292,1.5230,3.3212,1.0058,6.0922,0.2176,3.0000,0.0000,2.0000,0,14.1273,438.8294,433.3007,436.0650,-2.7643,-0.3910,4.0185,434.4199,436.9282
16.575,0,0,learned,-8.9897,25.4342,0.2047,1.8073,1.9398,2.6512,-0.2165,0.4292,1.5230,3.3212,1.0058,6.0922,0.2245,3.0000,0.0000,2.0000,0,14.1273,419.0003,409.8358,414.4181,-4.5823,-0.3863,4.0521,414.5620,413.5016
16.625,0,0,learned,-8.8926,25.5213,0.1937,1.8189,1.8870,2.6209,-0.2015,0.4227,1.4920,3.2859,1.0058,5.9678,0.2290,3.0000,0.0000,2.0000,0,14.1273,437.9193,402.5910,420.2552,-17.6641,-0.4230,4.0218,433.4745,406.1898
16.675,0,0,learned,-8.8011,25.6012,0.1895,1.8366,1.8423,2.6014,-0.1885,0.4167,1.4629,3.2513,1.0058,5.8517,0.2272,3.0000,0.0000,2.0000,0,14.1273,433.4458,405.2469,419.3464,-14.0994,-0.4814,3.9846,428.9798,408.7501
16.726,0,0,learned,-8.8011,25.6012,0.1812,1.8366,1.8423,2.6014,-0.1855,0.4167,1.4629,3.2513,1.0058,5.8517,0.2355,3.0000,0.0000,2.0000,0,14.1273,404.7404,399.5896,402.1650,-2.5754,-0.4793,4.0080,400.2531,403.1182
16.775,0,0,learned,-8.7040,25.6834,0.1712,1.8427,1.7901,2.5691,-0.1822,0.4104,1.4324,3.2134,1.0058,5.7297,0.2392,3.0000,0.0000,2.0000,0,14.1273,403.8542,399.6303,401.7423,-2.1120,-0.5117,4.0223,399.3203,403.1408
16.825,0,0,learned,-8.6126,25.7588,0.1673,1.8551,1.7461,2.5477,-0.1840,0.4046,1.4040,3.1765,1.0058,5.6159,0.2373,3.0000,0.0000,2.0000,0,14.1273,390.8278,400.3140,395.5709,4.7431,-0.5656,4.0424,386.2199,403.7908
16.876,0,0,learned,-8.5156,25.8364,0.1580,1.8570,1.6956,2.5147,-0.1765,0.3986,1.3741,3.1362,1.0058,5.4963,0.2406,3.0000,0.0000,2.0000,0,14.1273,383.1031,395.6734,389.3883,6.2852,-0.5901,4.0341,378.4789,399.1173
16.925,0,0,learned,-8.4243,25.9076,0.1507,1.8660,1.6530,2.4928,-0.1575,0.3930,1.3462,3.0972,1.0058,5.3846,0.2423,3.0000,0.0000,2.0000,0,14.1273,374.4106,397.7850,386.0978,11.6872,-0.6349,3.9744,369.8013,401.1245
16.975,0,0,learned,-8.4243,25.9076,0.1472,1.8660,1.6530,2.4928,-0.1590,0.3930,1.3462,3.0972,1.0058,5.3846,0.2458,3.0000,0.0000,2.0000,0,14.1273,338.6462,391.2004,364.9233,26.2771,-0.6330,4.0019,334.0113,394.5693
17.025,0,0,learned,-8.3276,25.9808,0.1387,1.8647,1.6041,2.4598,-0.1358,0.3872,1.3168,3.0547,1.0058,5.2673,0.2485,3.0000,0.0000,2.0000,0,14.1273,339.0700,401.6777,370.3738,31.3038,-0.6534,3.9187,334.4980,404.9429
17.076,0,0,learned,-8.2366,26.0479,0.1338,1.8709,1.5628,2.4378,-0.1495,0.3818,1.2895,3.0138,1.0058,5.1578,0.2480,3.0000,0.0000,2.0000,0,14.1273,323.0660,389.7232,356.3946,33.3286,-0.7002,3.9877,318.3780,393.0107
17.125,0,0,learned,-8.2366,26.0479,0.1290,1.8709,1.5628,2.4378,-0.1515,0.3818,1.2895,3.0138,1.0058,5.1578,0.2528,3.0000,0.0000,2.0000,0,14.1273,325.3884,359.3579,342.3731,16.9847,-0.6939,4.0121,320.6824,362.6761
17.175,0,0,learned,-8.1404,26.1169,0.1214,1.8669,1.5156,2.4047,-0.1378,0.3762,1.2607,2.9694,1.0058,5.0429,0.2548,3.0000,0.0000,2.0000,0,14.1273,330.4545,358.0226,344.2386,13.7841,-0.7106,3.9605,325.7834,361.2726
17.225,0,0,learned,-8.0500,26.1800,0.1185,1.8703,1.4752,2.3821,-0.1160,0.3710,1.2339,2.9268,1.0058,4.9357,0.2525,3.0000,0.0000,2.0000,0,14.1273,320.7861,364.2054,342.4957,21.7096,-0.7479,3.8645,316.1737,367.3220
17.275,0,0,learned,-8.0500,26.1800,0.1130,1.8703,1.4752,2.3821,-0.1193,0.3710,1.2339,2.9268,1.0058,4.9357,0.2581,3.0000,0.0000,2.0000,0,14.1273,316.0667,369.2264,342.6466,26.5798,-0.7500,3.9019,311.4149,372.3783
17.325,0,0,learned,-7.9545,26.2448,0.1064,1.8634,1.4295,2.3485,-0.1323,0.3657,1.2058,2.8809,1.0058,4.8233,0.2593,3.0000,0.0000,2.0000,0,14.1273,301.1684,355.1239,328.1462,26.9778,-0.7653,3.9636,296.4395,358.3223
17.375,0,0,learned,-7.8651,26.3041,0.1027,1.8634,1.3907,2.3251,-0.0860,0.3607,1.1797,2.8371,1.0058,4.7186,0.2580,3.0000,0.0000,2.0000,0,14.1273,301.2587,342.1833,321.7210,20.4623,-0.7864,3.7548,296.7176,345.1518
17.426,0,0,learned,-7.7707,26.3651,0.0968,1.8536,1.3470,2.2914,-0.1005,0.3556,1.1522,2.7901,1.0058,4.6089,0.2588,3.0000,0.0000,2.0000,0,14.1273,289.0276,347.9667,318.4971,29.4696,-0.8024,3.8186,284.4066,350.9829
17.475,0,0,learned,-7.6822,26.4208,0.0934,1.8515,1.3099,2.2680,-0.1028,0.3508,1.1266,2.7452,1.0058,4.5066,0.2574,3.0000,0.0000,2.0000,0,14.1273,282.6174,344.7521,313.6847,31.0673,-0.8348,3.8213,277.9614,347.7386
17.529,0,0,learned,-7.6822,26.4208,0.0892,1.8515,1.3099,2.2680,-0.0968,0.3508,1.1266,2.7452,1.0058,4.5066,0.2617,3.0000,0.0000,2.0000,0,14.1273,267.1396,332.4159,299.7778,32.6381,-0.8302,3.8149,262.4945,335.4006
17.575,0,0,learned,-7.5890,26.4781,0.0851,1.8397,1.2682,2.2345,-0.0970,0.3459,1.1250,2.6971,1.0058,4.3994,0.2607,3.0000,0.0000,2.0000,0,14.1273,255.6100,340.6493,298.1296,42.5197,-0.7416,3.7685,251.0999,343.6762
17.625,0,0,learned,-7.5018,26.5305,0.0823,1.8352,1.2328,2.2108,-0.0740,0.3413,1.1250,2.6515,1.0058,4.2997,0.2590,3.0000,0.0000,2.0000,0,14.1273,248.1287,330.5365,289.3326,41.2039,-0.6649,3.6173,243.8464,333.4889
17.676,0,0,learned,-7.4100,26.5843,0.0778,1.8211,1.1933,2.1773,-0.0755,0.3365,1.1250,2.6028,1.0058,4.1952,0.2587,3.0000,0.0000,2.0000,0,14.1273,231.2532,304.7112,267.9822,36.7290,-0.5622,3.5752,227.1158,307.7242
17.725,0,0,learned,-7.3243,26.6335,0.0745,1.8143,1.1596,2.1532,-0.0633,0.3321,1.1250,2.5567,1.0058,4.0980,0.2576,3.0000,0.0000,2.0000,0,14.1273,222.6909,307.6778,265.1843,42.4934,-0.4897,3.4747,218.7265,310.6627
17.775,0,0,learned,-7.3243,26.6335,0.0714,1.8143,1.1596,2.1532,-0.0612,0.3321,1.1250,2.5567,1.0058,4.0980,0.2607,3.0000,0.0000,2.0000,0,14.1273,225.8134,290.8694,258.3414,32.5280,-0.4856,3.4765,221.8514,293.8603
17.825,0,0,learned,-7.2341,26.6840,0.0686,1.7982,1.1220,2.1195,-0.0377,0.3275,1.1250,2.5076,1.0058,3.9964,0.2590,3.0000,0.0000,2.0000,0,14.1273,229.1702,286.3472,257.7587,28.5885,-0.3822,3.3130,225.4750,289.2780
17.876,0,0,learned,-7.1500,26.7301,0.0666,1.7890,1.0898,2.0949,-0.0600,0.3232,1.1250,2.4613,1.0058,3.9019,0.2567,3.0000,0.0000,2.0000,0,14.1273,217.3499,276.6102,246.9801,29.6301,-0.3123,3.3609,213.6767,279.6588
17.925,0,0,learned,-7.0618,26.7775,0.0642,1.7705,1.0542,2.0606,-0.0452,0.3188,1.1250,2.4121,1.0058,3.8033,0.2546,3.0000,0.0000,2.0000,0,14.1273,204.0768,287.5945,245.8356,41.7588,-0.2120,3.2404,200.6244,290.6229
17.975,0,0,learned,-6.9796,26.8209,0.0614,1.7590,1.0239,2.0353,-0.0253,0.3147,1.1250,2.3659,1.0058,3.7116,0.2532,3.0000,0.0000,2.0000,0,14.1273,191.9758,279.3739,235.6749,43.6991,-0.1325,3.1040,188.7394,282.3454
18.026,0,0,learned,-6.9796,26.8209,0.0600,1.7590,1.0239,2.0353,-0.0430,0.3147,1.1250,2.3659,1.0058,3.7116,0.2547,3.0000,0.0000,2.0000,0,14.1273,176.7278,280.2815,228.5047,51.7768,-0.1354,3.1927,173.3997,283.3388
18.076,0,0,learned,-6.8933,26.8654,0.0581,1.7387,0.9905,2.0011,-0.0323,0.3103,1.1250,2.3169,1.0058,3.6159,0.2522,3.0000,0.0000,2.0000,0,14.1273,165.6552,268.5091,217.0821,51.4269,-0.0316,3.0871,162.5366,271.5646
18.126,0,0,learned,-6.8130,26.9061,0.0569,1.7257,0.9620,1.9757,-0.0283,0.3063,1.1250,2.2709,1.0058,3.5270,0.2494,3.0000,0.0000,2.0000,0,14.1273,167.5362,268.6307,218.0834,50.5473,0.0431,3.0138,164.5655,271.6875
18.175,0,0,learned,-6.7289,26.9479,0.0551,1.7041,0.9303,1.9415,-0.0343,0.3021,1.1250,2.2222,1.0058,3.4342,0.2470,3.0000,0.0000,2.0000,0,14.1273,165.1706,260.7095,212.9400,47.7695,0.1429,2.9821,162.3313,263.8345
18.226,0,0,learned,-6.6506,26.9861,0.0536,1.6893,0.9032,1.9156,-0.0312,0.2981,1.1250,2.1766,1.0058,3.3482,0.2446,3.0000,0.0000,2.0000,0,14.1273,166.8614,258.8790,212.8702,46.0088,0.2191,2.9153,164.1651,262.0134
18.276,0,0,learned,-6.6506,26.9861,0.0531,1.6893,0.9032,1.9156,0.0010,0.2981,1.1250,2.1766,1.0058,3.3482,0.2451,3.0000,0.0000,2.0000,0,14.1273,144.1292,266.9748,205.5520,61.4228,0.2225,2.7804,141.5714,269.9777
18.325,0,0,learned,-6.5688,27.0252,0.0522,1.6663,0.8732,1.8812,-0.0008,0.2940,1.1250,2.1284,1.0058,3.2585,0.2418,3.0000,0.0000,2.0000,0,14.1273,137.5882,255.2809,196.4345,58.8463,0.3238,2.7285,135.1835,258.3333
18.376,0,0,learned,-6.4927,27.0610,0.0516,1.6502,0.8475,1.8552,0.0065,0.2902,1.1250,2.0832,1.0058,3.1753,0.2386,3.0000,0.0000,2.0000,0,14.1273,136.5857,251.0298,193.8078,57.2220,0.4009,2.6416,134.3450,254.0723
18.425,0,0,learned,-6.4927,27.0610,0.0513,1.6502,0.8475,1.8552,0.0118,0.2902,1.1250,2.0832,1.0058,3.1753,0.2389,3.0000,0.0000,2.0000,0,14.1273,137.9562,247.4787,192.7174,54.7612,0.4022,2.6194,135.7390,250.5002
18.476,0,0,learned,-6.4130,27.0977,0.0510,1.6265,0.8193,1.8212,0.0213,0.2862,1.1250,2.0356,1.0058,3.0885,0.2352,3.0000,0.0000,2.0000,0,14.1273,130.5318,245.5988,188.0653,57.5335,0.5012,2.5185,128.5144,248.6185
18.525,0,0,learned,-6.3390,27.1312,0.0510,1.6097,0.7950,1.7953,0.0238,0.2824,1.1250,1.9910,1.0058,3.0080,0.2315,3.0000,0.0000,2.0000,0,14.1273,125.9869,246.4455,186.2162,60.2293,0.5756,2.4529,124.1097,249.4741
18.575,0,0,learned,-6.2616,27.1656,0.0512,1.5854,0.7682,1.7618,0.0293,0.2785,0.0000,1.9441,1.0058,2.9241,0.2273,3.0000,0.0010,2.0000,0,14.1273,109.6357,240.4453,175.0405,65.4048,-3.6256,3.4567,102.5534,240.2764
18.625,0,0,learned,-6.1896,27.1970,0.0516,1.5682,0.7454,1.7363,0.0300,0.2749,0.0000,1.9001,1.0058,2.8463,0.2232,3.0000,0.0010,2.0000,0,14.1273,0.0000,0.0000,0.0000,0.0000,-3.5163,3.3720,-6.8883,-0.1443
18.676,0,0,learned,-6.1896,27.1970,0.0523,1.5682,0.7454,1.7363,0.0288,0.2749,0.0000,1.9001,1.0058,2.8463,0.2226,3.0000,0.1001,2.0000,0,14.1273,0.0000,0.0000,0.0000,0.0000,-3.5167,3.3759,-6.8926,-0.1407
18.726,0,0,learned,-6.1143,27.2292,0.0531,1.5442,0.7203,1.7039,0.0298,0.2711,0.0000,1.8538,1.0058,2.7651,0.2180,3.0000,0.1001,2.0000,0,14.1273,0.0000,0.0000,0.0000,0.0000,-3.4155,3.2917,-6.7072,-0.1238
18.776,0,0,learned,-6.0444,27.2586,0.0541,1.5266,0.6985,1.6788,0.0382,0.2675,0.0000,1.8104,1.0058,2.6899,0.2134,3.0000,0.2000,2.0000,0,14.1273,0.0000,0.0000,0.0000,0.0000,-3.3353,3.1705,-6.5058,-0.1648
18.826,0,0,learned,-5.9729,27.2885,0.0549,1.4962,0.6740,1.6410,0.0377,0.2637,0.0000,1.7661,1.0058,2.6131,0.2088,3.0000,0.2000,2.0000,0,14.1273,0.0000,0.0000,0.0000,0.0000,-3.2185,3.0970,-6.3154,-0.1215
18.875,0,0,learned,-5.9085,27.3160,0.0563,1.4654,0.6539,1.6047,0.0278,0.2598,0.0000,1.7264,1.0058,2.5437,0.2035,3.0000,0.2999,2.0000,0,14.1273,0.0000,0.0000,0.0000,0.0000,-3.1070,3.0787,-6.1857,-0.0282
18.925,0,0,learned,-5.9085,27.3160,0.0574,1.4654,0.6539,1.6047,0.0235,0.2598,0.0000,1.7264,1.0058,2.5437,0.2024,3.0000,0.2999,2.0000,0,14.1273,0.0000,0.0000,0.0000,0.0000,-3.1079,3.0969,-6.2048,-0.0110
18.975,0,0,learned,-5.8434,27.3446,0.0584,1.4227,0.6331,1.5572,0.0300,0.2554,0.0000,1.6867,1.0058,2.4735,0.1970,3.0000,0.3998,2.0000,0,14.1273,0.0000,0.0000,0.0000,0.0000,-2.9596,2.9882,-5.9478,0.0285
19.025,0,0,learned,-5.7850,27.3710,0.0594,1.3817,0.6165,1.5130,0.0315,0.2509,0.0000,1.6515,1.0058,2.4103,0.1915,3.0000,0.3998,2.0000,0,14.1273,0.0000,0.0000,0.0000,0.0000,-2.8215,2.9125,-5.7340,0.0910
19.075,0,0,learned,-5.7261,27.3984,0.0603,1.3317,0.5984,1.4599,0.0148,0.2459,0.0000,1.6165,1.0058,2.3466,0.1856,3.0000,0.4998,2.0000,0,14.1273,0.0000,0.0000,0.0000,0.0000,-2.6592,2.9345,-5.5937,0.2753
19.126,0,0,learned,-5.6735,27.4235,0.0612,1.2846,0.5834,1.4109,0.0248,0.2408,0.0000,1.5855,1.0058,2.2894,0.1797,3.0000,0.4998,2.0000,0,14.1273,0.0000,0.0000,0.0000,0.0000,-2.5051,2.8164,-5.3215,0.3113
19.175,0,0,learned,-5.6735,27.4235,0.0618,1.2846,0.5834,1.4109,0.0272,0.2408,0.0000,1.5855,1.0058,2.2894,0.1791,3.0000,0.5996,2.0000,0,14.1273,0.0000,0.0000,0.0000,0.0000,-2.5050,2.8000,-5.3049,0.2950
19.225,0,0,learned,-5.6207,27.4493,0.0625,1.2308,0.5660,1.3547,0.0255,0.2352,0.0000,1.5547,1.0058,2.2320,0.1727,3.0000,0.5996,2.0000,0,14.1273,0.0000,0.0000,0.0000,0.0000,-2.3314,2.7446,-5.0760,0.4133
19.276,0,0,learned,-5.5735,27.4728,0.0634,1.1810,0.5508,1.3032,0.0285,0.2298,0.0000,1.5275,1.0058,2.1807,0.1664,3.0000,0.7000,2.0000,0,14.1273,0.0000,0.0000,0.0000,0.0000,-2.1717,2.6683,-4.8400,0.4966
19.326,0,0,learned,-5.5262,27.4969,0.0640,1.1268,0.5332,1.2466,0.0168,0.2238,0.0000,1.5004,1.0058,2.1292,0.1599,3.0000,0.7000,2.0000,0,14.1273,0.0000,0.0000,0.0000,0.0000,-1.9990,2.6715,-4.6705,0.6725
19.375,0,0,learned,-5.4839,27.5189,0.0646,1.0778,0.5181,1.1959,0.0312,0.2181,0.0000,1.4764,1.0058,2.0831,0.1535,3.0000,0.8001,2.0000,0,14.1273,0.0000,0.0000,0.0000,0.0000,-1.8413,2.5377,-4.3790,0.6964
19.425,0,0,learned,-5.4839,27.5189,0.0651,1.0778,0.5181,1.1959,0.0005,0.2181,0.0000,1.4764,1.0058,2.0831,0.1530,3.0000,0.8001,2.0000,0,14.1273,0.0000,0.0000,0.0000,0.0000,-1.8450,2.7013,-4.5463,0.8564
19.476,0,0,learned,-5.4412,27.5415,0.0655,1.0265,0.5015,1.1425,0.0140,0.2118,0.0000,1.4525,1.0058,2.0366,0.1462,3.0000,0.9000,2.0000,0,14.1273,0.0000,0.0000,0.0000,0.0000,-1.6796,2.5717,-4.2514,0.8921
19.525,0,0,learned,-5.4027,27.5624,0.0659,0.9816,0.4881,1.0962,0.0173,0.2056,0.0000,1.4311,1.0058,1.9946,0.1397,3.0000,0.9000,2.0000,0,14.1273,0.0000,0.0000,0.0000,0.0000,-1.5373,2.5022,-4.0395,0.9649
19.575,0,0,learned,-5.3635,27.5840,0.0664,0.9359,0.4739,1.0490,0.0047,0.1988,0.0000,1.4096,1.0058,1.9519,0.1325,3.0000,1.0000,2.0000,0,14.1273,0.0000,0.0000,0.0000,0.0000,-1.3942,2.5142,-3.9084,1.1199
19.626,0,0,learned,-5.3279,27.6041,0.0667,0.8972,0.4628,1.0095,-0.0020,0.1922,0.0000,1.3903,1.0058,1.9130,0.1255,3.0000,1.0000,2.0000,0,14.1273,0.0000,0.0000,0.0000,0.0000,-1.2737,2.4989,-3.7726,1.2253
19.676,0,0,learned,-5.3279,27.6041,0.0670,0.8972,0.4628,1.0095,0.0198,0.1922,0.0000,1.3903,1.0058,1.9130,0.1252,3.0000,1.1000,2.0000,0,14.1273,0.0000,0.0000,0.0000,0.0000,-1.2717,2.3812,-3.6529,1.1095
19.725,0,0,learned,-5.2913,27.6251,0.0672,0.8584,0.4507,0.9695,0.0180,0.1850,0.0000,1.3706,1.0058,1.8732,0.1177,3.0000,1.1000,2.0000,0,14.1273,0.0000,0.0000,0.0000,0.0000,-1.1500,2.3374,-3.4874,1.1875
19.775,0,0,learned,-5.2579,27.6444,0.0675,0.8263,0.4411,0.9367,-0.0065,0.1780,0.0000,1.3527,1.0058,1.8367,0.1105,3.0000,1.2001,2.0000,0,14.1273,0.0000,0.0000,0.0000,0.0000,-1.0518,2.4174,-3.4692,1.3655
19.825,0,0,learned,-5.2233,27.6644,0.0677,0.7939,0.4298,0.9028,0.0045,0.1704,0.0000,1.3342,1.0058,1.7992,0.1027,3.0000,1.2001,2.0000,0,14.1273,0.0000,0.0000,0.0000,0.0000,-0.9484,2.3060,-3.2543,1.3576
19.875,0,0,learned,-5.1916,27.6827,0.0680,0.7672,0.4202,0.8747,0.0178,0.1632,0.0000,1.3173,1.0058,1.7649,0.0953,3.0000,1.3003,2.0000,0,14.1273,0.0000,0.0000,0.0000,0.0000,-0.8628,2.1858,-3.0486,1.3229
19.926,0,0,learned,-5.1916,27.6827,0.0681,0.7672,0.4202,0.8747,0.0033,0.1632,0.0000,1.3173,1.0058,1.7649,0.0951,3.0000,1.3003,2.0000,0,14.1273,0.0000,0.0000,0.0000,0.0000,-0.8640,2.2620,-3.1260,1.3979
19.975,0,0,learned,-5.1589,27.7016,0.0682,0.7394,0.4088,0.8449,0.0057,0.1555,0.0000,1.2998,1.0058,1.7297,0.0873,3.0000,1.3999,2.0000,0,14.1273,0.0000,0.0000,0.0000,0.0000,-0.7746,2.1971,-2.9717,1.4226
20.025,0,0,learned,-5.1290,27.7189,0.0684,0.7161,0.3990,0.8197,-0.0005,0.1482,0.0000,1.2838,1.0058,1.6975,0.0798,3.0000,1.3999,2.0000,0,14.1273,0.0000,0.0000,0.0000,0.0000,-0.7001,2.1812,-2.8813,1.4811
20.076,0,0,learned,-5.0984,27.7367,0.0685,0.6908,0.3878,0.7922,-0.0077,0.1404,0.0000,1.2674,1.0058,1.6646,0.0718,3.0000,1.4999,2.0000,0,14.1273,0.0000,0.0000,0.0000,0.0000,-0.6190,2.1686,-2.7876,1.5496
20.125,0,0,learned,-5.0705,27.7531,0.0686,0.6689,0.3786,0.7686,0.0185,0.1328,0.0000,1.2526,1.0058,1.6347,0.0642,3.0000,1.4999,2.0000,0,14.1273,0.0000,0.0000,0.0000,0.0000,-0.5476,1.9831,-2.5308,1.4355
20.175,0,0,learned,-5.0705,27.7531,0.0687,0.6689,0.3786,0.7686,0.0118,0.1328,0.0000,1.2526,1.0058,1.6347,0.0641,3.0000,1.6000,2.0000,0,14.1273,0.0000,0.0000,0.0000,0.0000,-0.5481,2.0183,-2.5664,1.4702
20.225,0,0,learned,-5.0420,27.7702,0.0687,0.6446,0.3685,0.7425,0.0050,0.1246,0.0000,1.2377,1.0058,1.6043,0.0559,3.0000,1.6000,2.0000,0,14.1273,0.0000,0.0000,0.0000,0.0000,-0.4717,2.0040,-2.4756,1.5323
20.275,0,0,learned,-5.0162,27.7860,0.0687,0.6232,0.3607,0.7200,-0.0025,0.1167,0.0000,1.2244,1.0058,1.5768,0.0479,3.0000,1.7000,2.0000,0,14.1273,0.0000,0.0000,0.0000,0.0000,-0.4058,1.9964,-2.4022,1.5905
20.325,0,0,learned,-4.9900,27.8025,0.0688,0.5995,0.3520,0.6952,-0.0112,0.1081,0.0000,1.2111,1.0058,1.5489,0.0393,3.0000,1.7000,2.0000,0,14.1273,0.0000,0.0000,0.0000,0.0000,-0.3334,1.9928,-2.3261,1.6594
20.375,0,0,learned,-4.9662,27.8177,0.0688,0.5786,0.3451,0.6737,-0.0023,0.0998,0.0000,1.1992,1.0058,1.5236,0.0310,3.0000,1.7997,2.0000,0,14.1273,0.0000,0.0000,0.0000,0.0000,-0.2701,1.8996,-2.1697,1.6295
20.425,0,0,learned,-4.9662,27.8177,0.0688,0.5786,0.3451,0.6737,0.0000,0.0998,0.0000,1.1992,1.0058,1.5236,0.0311,3.0000,1.7997,2.0000,0,14.1273,0.0000,0.0000,0.0000,0.0000,-0.2700,1.8879,-2.1579,1.6179
20.475,0,0,learned,-4.9420,27.8335,0.0688,0.5562,0.3368,0.6502,-0.0018,0.0909,0.0000,1.1871,1.0058,1.4980,0.0222,3.0000,1.8998,2.0000,0,14.1273,0.0000,0.0000,0.0000,0.0000,-0.2016,1.8486,-2.0503,1.6470
20.525,0,0,learned,-4.9199,27.8480,0.0687,0.5369,0.3299,0.6301,0.0050,0.0825,0.0000,1.1763,1.0058,1.4748,0.0138,3.0000,1.8998,2.0000,0,14.1273,0.0000,0.0000,0.0000,0.0000,-0.1432,1.7682,-1.9114,1.6249
20.575,0,0,learned,-4.9199,27.8480,0.0687,0.5369,0.3299,0.6301,0.0100,0.0825,0.0000,1.1763,1.0058,1.4748,0.0138,3.0000,1.9998,2.0000,0,14.1273,0.0000,0.0000,0.0000,0.0000,-0.1430,1.7424,-1.8854,1.5993
20.625,0,0,learned,-4.8972,27.8630,0.0686,0.5166,0.3215,0.6084,0.0015,0.0735,0.0000,1.1652,1.0058,1.4510,0.0049,3.0000,1.9998,2.0000,0,14.1273,0.0000,0.0000,0.0000,0.0000,-0.0812,1.7389,-1.8201,1.6577
20.675,0,0,learned,-4.8765,27.8767,0.0686,0.4998,0.3143,0.5904,-0.0040,0.0650,0.0000,1.1550,1.0058,1.4294,-0.0036,3.0000,0.0000,0.0000,0,14.1273,0.0000,0.0000,0.0000,0.0000,-0.0299,1.7221,-1.7521,1.6922
20.726,1,0,learned,-4.8550,27.8908,0.0685,0.4824,0.3058,0.5712,-0.0008,0.8404,2.8255,1.1444,1.0058,14.9897,0.7719,3.0000,0.0000,0.0000,0,14.1273,0.0000,0.0000,0.0000,0.0000,17.5583,0.8581,16.7002,18.4163
20.775,1,0,learned,-4.8550,27.8908,0.0685,0.4824,0.3058,0.5712,0.0128,0.8404,2.8255,1.1444,1.0058,14.9897,0.7719,3.0000,0.0000,0.0000,0,14.1273,0.0000,0.0000,0.0000,0.0000,17.5602,0.7772,16.7830,18.3374
20.825,1,0,learned,-4.8352,27.9039,0.0685,0.4684,0.2990,0.5557,-0.0118,0.8413,2.8255,1.1347,1.0058,14.9674,0.7728,3.0000,0.0000,0.0000,0,14.1273,8.0787,254.6582,131.3685,123.2898,17.7056,0.8728,24.9114,273.2367
20.875,1,0,learned,-4.8146,27.9176,0.0684,0.4541,0.2918,0.5398,0.0143,0.8421,2.8255,1.1245,1.0058,14.9441,0.7738,3.0000,0.0000,0.0000,0,14.1273,30.6171,346.0740,188.3456,157.7284,17.8205,0.7139,47.7237,364.6084
20.925,1,0,learned,-4.7953,27.9303,0.0683,0.4436,0.2864,0.5281,0.0027,0.8431,2.8255,1.1151,1.0058,14.9224,0.7748,3.0000,0.0000,0.0000,0,14.1273,90.7580,445.3090,268.0335,177.2755,17.9084,0.7742,107.8922,463.9915
20.975,1,0,learned,-4.7953,27.9303,0.0682,0.4436,0.2864,0.5281,0.0065,0.8431,2.8255,1.1151,1.0058,14.9224,0.7748,3.0000,0.0000,0.0000,0,14.1273,55.5240,523.3062,289.4151,233.8911,17.9280,0.7317,72.7203,541.9659
21.025,1,0,learned,-4.7740,27.9434,0.0683,0.4369,0.2797,0.5187,0.0225,0.8443,2.8255,1.1041,1.0058,14.8991,0.7760,3.0000,0.0000,0.0000,0,14.1273,29.3120,490.5356,259.9238,230.6118,17.9784,0.6535,46.6369,509.1675
21.076,1,0,learned,-4.7517,27.9551,0.0688,0.4425,0.2726,0.5198,0.0462,0.8462,2.8255,1.0915,1.0058,14.8764,0.7774,3.0000,0.0000,0.0000,0,14.1273,135.9366,600.5355,368.2360,232.2994,18.0067,0.4704,153.4730,619.0126
21.126,1,0,learned,-4.7517,27.9551,0.0695,0.4425,0.2726,0.5198,0.0650,0.8462,2.8255,1.0915,1.0058,14.8764,0.7766,3.0000,0.0000,0.0000,0,14.1273,110.4042,710.5355,410.4698,300.0656,18.0363,0.3259,128.1146,728.8976
21.175,1,0,learned,-4.7243,27.9667,0.0716,0.4591,0.2625,0.5288,0.0858,0.8489,2.8255,1.0746,1.0058,14.8509,0.7773,3.0000,0.0000,0.0000,0,14.1273,110.5313,820.5355,465.5334,355.0021,18.0249,0.1349,128.4213,838.6954
21.225,1,0,learned,-4.6951,27.9766,0.0728,0.4893,0.2514,0.5501,0.0955,0.8524,2.8255,1.0552,1.0058,14.8255,0.7796,3.0000,0.0000,0.0000,0,14.1273,106.8616,929.7798,518.3207,411.4591,17.9465,-0.0078,124.8159,947.7185
21.275,1,0,learned,-4.6590,27.9863,0.0767,0.5300,0.2382,0.5811,0.1507,0.8570,2.8255,1.0299,1.0058,14.7963,0.7803,3.0000,0.0000,0.0000,0,14.1273,47.0824,971.0851,509.0837,462.0014,17.8145,-0.4514,65.3483,988.4482
21.325,1,0,learned,-4.6194,27.9945,0.0822,0.5890,0.2248,0.6305,0.1653,0.8627,2.8255,1.0009,1.0058,14.7662,0.7805,3.0000,0.0000,0.0000,0,14.1273,20.5250,989.2801,504.9025,484.3776,17.5739,-0.6704,38.7693,1000.0000
21.375,1,0,learned,-4.6194,27.9945,0.0848,0.5890,0.2248,0.6305,0.1918,0.8627,2.8255,1.0009,1.0058,14.7662,0.7779,3.0000,0.0000,0.0000,0,14.1273,-27.8337,963.2300,467.6981,495.5319,17.5779,-0.8431,-9.4127,979.9649
21.426,1,0,learned,-4.5703,28.0022,0.0930,0.6602,0.2096,0.6927,0.2530,0.8698,2.8255,0.9636,1.0058,14.7310,0.7768,3.0000,0.0000,0.0000,0,14.1273,-25.6752,967.7756,471.0502,496.7254,17.2768,-1.3877,-7.0107,983.6648
21.476,1,0,learned,-4.5172,28.0086,0.0989,0.7494,0.1941,0.7742,0.2958,0.8778,2.8255,0.9221,1.0058,14.6946,0.7789,3.0000,0.0000,0.0000,0,14.1273,-43.3290,960.5099,458.5904,501.9194,16.8663,-1.8308,-24.6318,975.5453
21.525,1,0,learned,-4.5172,28.0086,0.1057,0.7494,0.1941,0.7742,0.3370,0.8778,2.8255,0.9221,1.0058,14.6946,0.7720,3.0000,0.0000,0.0000,0,14.1273,46.6107,980.1666,513.3887,466.7780,16.8786,-2.1203,65.6096,994.9250
21.576,1,0,learned,-4.4537,28.0141,0.1189,0.8436,0.1767,0.8619,0.3550,0.8869,2.8255,0.8715,1.0058,14.6529,0.7679,3.0000,0.0000,0.0000,0,14.1273,-9.6656,961.6500,475.9922,485.6578,16.4328,-2.4423,9.2095,975.6405
21.625,1,0,learned,-4.3878,28.0186,0.1249,0.9495,0.1601,0.9629,0.3818,0.8963,2.8255,0.8182,1.0058,14.6108,0.7714,3.0000,0.0000,0.0000,0,14.1273,-25.6453,963.2110,468.7828,494.4282,15.9095,-2.8028,-6.9330,976.3176
21.675,1,0,learned,-4.3114,28.0230,0.1415,1.0535,0.1450,1.0634,0.4057,0.9066,2.8255,0.7560,1.0058,14.5629,0.7651,3.0000,0.0000,0.0000,0,14.1273,-1.7160,976.2216,487.2528,488.9688,15.3892,-3.1838,16.8570,988.4270
21.725,1,0,learned,-4.2338,28.0269,0.1601,1.1661,0.1319,1.1735,0.4540,0.9168,2.8255,0.6926,1.0058,14.5150,0.7567,3.0000,0.0000,0.0000,0,14.1273,47.8446,986.1153,516.9800,469.1353,14.8164,-3.7286,66.3897,997.2030
21.775,1,0,learned,-4.2338,28.0269,0.1681,1.1661,0.1319,1.1735,0.4765,0.9168,2.8255,0.6926,1.0058,14.5150,0.7487,3.0000,0.0000,0.0000,0,14.1273,33.0924,993.0242,513.0583,479.9659,14.8339,-3.9092,51.8355,1000.0000
21.825,1,0,learned,-4.1461,28.0306,0.1894,1.2701,0.1198,1.2757,0.5012,0.9276,2.8255,0.6205,1.0058,14.4617,0.7381,3.0000,0.0000,0.0000,0,14.1273,18.4094,990.8378,504.6236,486.2142,14.3028,-4.3066,37.0189,1000.0000
21.876,1,0,learned,-4.0591,28.0340,0.2030,1.3787,0.1102,1.3831,0.5178,0.9379,2.8255,0.5488,1.0058,14.4094,0.7350,3.0000,0.0000,0.0000,0,14.1273,20.9990,977.3514,499.1752,478.1762,13.7260,-4.6083,39.3332,986.4691
21.926,1,0,learned,-4.0591,28.0340,0.2172,1.3787,0.1102,1.3831,0.5300,0.9379,2.8255,0.5488,1.0058,14.4094,0.7207,3.0000,0.0000,0.0000,0,14.1273,-42.1534,969.7606,463.8036,505.9570,13.7550,-4.7450,-23.6534,978.7706
21.975,1,0,learned,-3.9624,28.0378,0.2420,1.4749,0.1026,1.4785,0.5615,0.9488,2.8255,0.4692,1.0058,14.3516,0.7068,3.0000,0.0000,0.0000,0,14.1273,33.4880,982.7745,508.1312,474.6433,13.2499,-5.1901,51.9280,990.8344
22.025,1,0,learned,-3.8678,28.0415,0.2628,1.5740,0.0975,1.5770,0.5577,0.9591,2.8255,0.3913,1.0058,14.2956,0.6963,3.0000,0.0000,0.0000,0,14.1273,-62.4633,991.2300,464.3834,526.8467,12.7399,-5.3726,-44.3508,998.5973
22.075,1,0,learned,-3.7645,28.0456,0.2899,1.6567,0.0938,1.6593,0.5925,0.9698,2.8255,0.3062,1.0058,14.2347,0.6798,3.0000,0.0000,0.0000,0,14.1273,-63.4418,992.9663,464.7623,528.2040,12.3237,-5.8435,-45.2745,999.4465
22.125,1,0,learned,-3.6650,28.0497,0.3067,1.7397,0.0923,1.7422,0.5985,0.9798,2.8255,0.2244,1.0058,14.1764,0.6731,3.0000,0.0000,0.0000,0,14.1273,-114.1690,982.5876,434.2093,548.3783,11.8912,-6.0644,-96.2135,988.4144
22.176,1,0,learned,-3.6650,28.0497,0.3181,1.7397,0.0923,1.7422,0.5873,0.9798,2.8255,0.2244,1.0058,14.1764,0.6617,3.0000,0.0000,0.0000,0,14.1273,-115.5194,979.7797,432.1302,547.6496,11.9010,-6.0287,-97.5896,985.6520
22.225,1,0,learned,-3.5576,28.0545,0.3534,1.8050,0.0922,1.8074,0.6110,0.9902,2.8255,0.1362,1.0058,14.1137,0.6368,3.0000,0.0000,0.0000,0,14.1273,-165.2483,960.7472,397.7494,562.9978,11.6001,-6.4524,-147.1958,965.8948
22.276,1,0,learned,-3.4549,28.0594,0.3654,1.8717,0.0941,1.8741,0.6345,0.9999,2.8255,0.0521,1.0058,14.0541,0.6344,3.0000,0.0000,0.0000,0,14.1273,-58.5005,984.2953,462.8974,521.3979,11.2271,-6.7835,-40.4899,988.7389
22.326,1,0,learned,-3.4549,28.0594,0.3901,1.8717,0.0941,1.8741,0.6548,0.9999,2.8255,0.0521,1.0058,14.0541,0.6098,3.0000,0.0000,0.0000,0,14.1273,34.0646,986.3083,510.1864,476.1218,11.2478,-7.0206,52.3329,990.5354
22.375,1,0,learned,-3.3449,28.0649,0.4219,1.9207,0.0965,1.9231,0.6570,1.0101,2.8255,-0.0379,1.0058,13.9905,0.5881,3.0000,0.0000,0.0000,0,14.1273,2.5241,987.8568,495.1905,492.6664,11.0237,-7.2905,20.8382,991.5900
22.425,1,0,learned,-3.2403,28.0703,0.4414,1.9722,0.0998,1.9747,0.6873,1.0196,2.8255,-0.1233,1.0058,13.9304,0.5782,3.0000,0.0000,0.0000,0,14.1273,62.7299,978.9227,520.8263,458.0964,10.7585,-7.7021,81.1905,981.9792
22.475,1,0,learned,-3.1282,28.0768,0.4746,2.0091,0.1047,2.0118,0.6805,1.0296,2.8255,-0.2145,1.0058,13.8660,0.5550,3.0000,0.0000,0.0000,0,14.1273,5.7904,971.7601,488.7752,482.9849,10.6090,-7.9198,24.3193,974.4493
22.526,1,0,learned,-3.0208,28.0839,0.4947,2.0548,0.1137,2.0579,0.6870,1.0390,2.8255,-0.3014,1.0058,13.8041,0.5443,3.0000,0.0000,0.0000,0,14.1273,53.7554,990.7219,522.2387,468.4832,10.3712,-8.1748,72.3015,992.9183
22.575,1,0,learned,-3.0208,28.0839,0.5218,2.0548,0.1137,2.0579,0.6957,1.0390,2.8255,-0.3014,1.0058,13.8041,0.5172,3.0000,0.0000,0.0000,0,14.1273,23.1249,974.4684,498.7967,475.6717,10.4261,-8.3388,41.8898,976.5557
22.625,1,0,learned,-2.9047,28.0929,0.5560,2.0903,0.1255,2.0940,0.6837,1.0490,2.8255,-0.3946,1.0058,13.7367,0.4929,3.0000,0.0000,0.0000,0,14.1273,53.2263,978.5029,515.8646,462.6383,10.2638,-8.5311,72.0212,980.2356
22.675,1,0,learned,-2.7933,28.1027,0.5835,2.1363,0.1411,2.1409,0.6937,1.0582,2.8255,-0.4835,1.0058,13.6717,0.4747,3.0000,0.0000,0.0000,0,14.1273,111.4956,972.1208,541.8082,430.3126,10.0381,-8.8431,130.3768,973.3158
22.725,1,0,learned,-2.6731,28.1150,0.6180,2.1715,0.1601,2.1773,0.6927,1.0682,2.8255,-0.5785,1.0058,13.6008,0.4502,3.0000,0.0000,0.0000,0,14.1273,157.3686,985.1432,571.2559,413.8873,9.8810,-9.1224,176.3719,985.9018
22.776,1,0,learned,-2.5580,28.1286,0.6388,2.2167,0.1847,2.2244,0.6953,1.0773,2.8255,-0.6684,1.0058,13.5319,0.4384,3.0000,0.0000,0.0000,0,14.1273,93.3853,978.7533,536.0693,442.6840,9.6848,-9.3548,112.4249,979.0833
22.826,1,0,learned,-2.4341,28.1458,0.6735,2.2497,0.2142,2.2599,0.6985,1.0870,2.8255,-0.7637,1.0058,13.4561,0.4135,3.0000,0.0000,0.0000,0,14.1273,200.2470,979.2649,589.7560,389.5089,9.5249,-9.6719,219.4439,979.1179
22.876,1,0,learned,-2.3159,28.1652,0.7013,2.2926,0.2521,2.3064,0.6930,1.0958,2.8255,-0.8533,1.0058,13.3820,0.3945,3.0000,0.0000,0.0000,0,14.1273,279.8878,988.7417,634.3148,354.4269,9.3043,-9.8827,299.0748,988.1634
22.926,1,0,learned,-2.3159,28.1652,0.7290,2.2926,0.2521,2.3064,0.6925,1.0958,2.8255,-0.8533,1.0058,13.3820,0.3668,3.0000,0.0000,0.0000,0,14.1273,174.0457,992.8558,583.4507,409.4050,9.3877,-9.9790,193.4124,992.2645
22.975,1,0,learned,-2.1890,28.1893,0.7566,2.3220,0.2944,2.3406,0.7005,1.1051,2.8255,-0.9475,1.0058,13.3003,0.3485,3.0000,0.0000,0.0000,0,14.1273,194.6915,995.0743,594.8829,400.1914,9.2644,-10.3015,214.2574,994.0372
23.025,1,0,learned,-2.0683,28.2155,0.7774,2.3606,0.3447,2.3857,0.6797,1.1135,2.8255,-1.0354,1.0058,13.2203,0.3361,3.0000,0.0000,0.0000,0,14.1273,247.7360,972.0286,609.8823,362.1463,9.0538,-10.3668,267.1566,970.7157
23.075,1,0,learned,-1.9389,28.2474,0.8047,2.3859,0.3984,2.4190,0.6763,1.1224,2.8255,-1.1276,1.0058,13.1320,0.3177,3.0000,0.0000,0.0000,0,14.1273,189.4588,969.6954,579.5771,390.1183,8.9674,-10.5928,209.0191,968.0700
23.125,1,0,learned,-1.8162,28.2809,0.8386,2.4204,0.4581,2.4634,0.6713,1.1303,2.8255,-1.2134,1.0058,13.0461,0.2917,3.0000,0.0000,0.0000,0,14.1273,120.9921,985.3411,553.1666,432.1745,8.8452,-10.8101,140.6474,983.3763
23.176,1,0,learned,-1.8162,28.2809,0.8589,2.4204,0.4581,2.4634,0.6747,1.1303,2.8255,-1.2134,1.0058,13.0461,0.2714,3.0000,0.0000,0.0000,0,14.1273,227.9611,978.4605,603.2108,375.2497,8.8483,-10.9222,247.7316,976.3867
23.225,1,0,learned,-1.6851,28.3201,0.8857,2.4405,0.5173,2.4947,0.6530,1.1388,2.8255,-1.3031,1.0058,12.9519,0.2530,3.0000,0.0000,0.0000,0,14.1273,299.8322,986.3839,643.1081,343.2758,8.7257,-11.0194,319.5774,984.0902
23.276,1,0,learned,-1.5611,28.3602,0.9190,2.4691,0.5811,2.5365,0.6740,1.1463,2.8255,-1.3863,1.0058,12.8609,0.2273,3.0000,0.0000,0.0000,0,14.1273,376.7238,982.0927,679.4082,302.6844,8.5880,-11.4293,396.7411,979.2513
23.326,1,0,learned,-1.4293,28.4061,0.9456,2.4821,0.6412,2.5636,0.6593,1.1543,2.8255,-1.4731,1.0058,12.7620,0.2088,3.0000,0.0000,0.0000,0,14.1273,361.8616,996.3047,679.0831,317.2216,8.5268,-11.5627,381.9510,993.2688
23.375,1,0,learned,-1.3050,28.4527,0.9720,2.5034,0.7073,2.6014,0.6555,1.1614,2.8255,-1.5531,1.0058,12.6663,0.1894,3.0000,0.0000,0.0000,0,14.1273,444.8533,988.7769,716.8151,271.9618,8.3883,-11.7593,465.0009,985.4059
23.425,1,0,learned,-1.3050,28.4527,0.9918,2.5034,0.7073,2.6014,0.6545,1.1614,2.8255,-1.5531,1.0058,12.6663,0.1696,3.0000,0.0000,0.0000,0,14.1273,480.6880,985.6276,733.1578,252.4698,8.4126,-11.8292,500.9298,982.2110
23.481,1,0,learned,-1.1733,28.5067,1.0178,2.5094,0.7736,2.6260,0.6358,1.1689,2.8255,-1.6354,1.0058,12.5615,0.1511,3.0000,0.0000,0.0000,0,14.1273,403.6435,994.3807,699.0121,295.3686,8.3927,-11.9108,423.9470,990.8626
23.525,1,0,learned,-1.0494,28.5620,1.0436,2.5237,0.8492,2.6628,0.6152,1.1753,2.8255,-1.7105,1.0058,12.4595,0.1318,3.0000,0.0000,0.0000,0,14.1273,483.5549,988.0427,735.7988,252.2439,8.2614,-11.9707,503.7870,984.3334
23.575,1,0,learned,-0.9185,28.6259,1.0751,2.5224,0.9250,2.6866,0.6008,1.1821,2.8255,-1.7868,1.0058,12.3475,0.1070,3.0000,0.0000,0.0000,0,14.1273,404.0406,992.1415,698.0910,294.0504,8.2695,-12.0821,424.3922,988.3288
23.625,1,0,learned,-0.7958,28.6909,1.0999,2.5291,1.0109,2.7237,0.5995,1.1878,2.8255,-1.8556,1.0058,12.2384,0.0879,3.0000,0.0000,0.0000,0,14.1273,509.0245,994.2631,751.6438,242.6193,8.1455,-12.2673,529.4372,990.1414
23.675,1,0,learned,-0.7958,28.6909,1.1243,2.5291,1.0109,2.7237,0.5965,1.1878,2.8255,-1.8556,1.0058,12.2384,0.0635,3.0000,0.0000,0.0000,0,14.1273,567.4788,990.4415,778.9601,211.4814,8.1687,-12.3450,587.9925,986.2652
23.725,1,0,learned,-0.6665,28.7650,1.1483,2.5206,1.0938,2.7477,0.5740,1.1938,2.8255,-1.9251,1.0058,12.1190,0.0454,3.0000,0.0000,0.0000,0,14.1273,638.0906,978.9496,808.5201,170.4295,8.1104,-12.3725,658.5735,974.6875
23.775,1,0,learned,-0.5456,28.8394,1.1662,2.5205,1.1850,2.7852,0.5695,1.1987,2.8255,-1.9875,1.0058,12.0032,0.0325,3.0000,0.0000,0.0000,0,14.1273,554.3030,986.8892,770.5961,216.2931,8.0491,-12.4546,574.8066,982.4837
23.825,1,0,learned,-0.4182,28.9236,1.1952,2.5061,1.2718,2.8104,0.5655,1.2038,2.8255,-2.0499,1.0058,11.8765,0.0086,3.0000,0.0000,0.0000,0,14.1273,572.2205,995.1076,783.6641,211.4435,8.0287,-12.6060,592.8552,990.5304
23.876,1,0,learned,-0.2993,29.0081,1.2181,2.5004,1.3694,2.8508,0.5435,1.2079,2.8255,-2.1052,1.0058,11.7533,-0.0102,3.0000,0.0000,0.0000,0,14.1273,591.9444,991.3953,791.6698,199.7254,7.9254,-12.5728,612.4426,986.7479
23.926,1,0,learned,-0.2993,29.0081,1.2349,2.5004,1.3694,2.8508,0.5215,1.2079,2.8255,-2.1052,1.0058,11.7533,-0.0270,3.0000,0.0000,0.0000,0,14.1273,625.0767,985.7305,805.4036,180.3269,7.9351,-12.4862,645.4980,981.1793
23.975,1,0,learned,-0.1746,29.1031,1.2622,2.4800,1.4612,2.8785,0.5275,1.2121,2.8255,-2.1596,1.0058,11.6186,-0.0501,3.0000,0.0000,0.0000,0,14.1273,621.1908,982.4902,801.8405,180.6497,7.9197,-12.6639,641.7744,977.7460
24.025,1,0,learned,-0.0586,29.1974,1.2836,2.4675,1.5617,2.9201,0.5160,1.2153,2.8255,-2.2071,1.0058,11.4884,-0.0683,3.0000,0.0000,0.0000,0,14.1273,665.9964,995.9345,830.9654,164.9690,7.8080,-12.6917,686.4961,991.0507
24.075,1,0,learned,0.0625,29.3023,1.3046,2.4397,1.6530,2.9470,0.5098,1.2188,2.8255,-2.2532,1.0058,11.3469,-0.0859,3.0000,0.0000,0.0000,0,14.1273,656.1184,982.6051,819.3618,163.2434,7.7860,-12.7280,676.6323,977.6632
24.126,1,0,learned,0.1745,29.4056,1.3253,2.4185,1.7528,2.9869,0.5092,1.2212,2.8255,-2.2925,1.0058,11.2106,-0.1041,3.0000,0.0000,0.0000,0,14.1273,689.2672,988.3886,838.8279,149.5607,7.6931,-12.8002,709.7605,983.2815
24.175,1,0,learned,0.1745,29.4056,1.3454,2.4185,1.7528,2.9869,0.4855,1.2212,2.8255,-2.2925,1.0058,11.2106,-0.1243,3.0000,0.0000,0.0000,0,14.1273,779.7572,995.9944,887.8758,108.1186,7.6846,-12.7440,800.1858,990.9350
24.225,1,0,learned,0.2907,29.5199,1.3702,2.3817,1.8418,3.0108,0.4625,1.2238,2.8255,-2.3295,1.0058,11.0630,-0.1464,3.0000,0.0000,0.0000,0,14.1273,826.2216,991.9596,909.0906,82.8690,7.6551,-12.6808,846.5575,986.9338
24.276,1,0,learned,0.3977,29.6316,1.3894,2.3510,1.9389,3.0474,0.4670,1.2255,2.8255,-2.3600,1.0058,10.9214,-0.1640,3.0000,0.0000,0.0000,0,14.1273,773.8164,997.4245,885.6204,111.8041,7.6085,-12.7375,794.1623,992.2955
24.325,1,0,learned,0.5082,29.7543,1.4129,2.3059,2.0230,3.0675,0.4478,1.2273,2.8255,-2.3876,1.0058,10.7686,-0.1855,3.0000,0.0000,0.0000,0,14.1273,774.1846,981.8330,878.0088,103.8242,7.6115,-12.6518,794.4479,976.7928
24.376,1,0,learned,0.6096,29.8739,1.4311,2.2672,2.1167,3.1017,0.4355,1.2282,2.8255,-2.4092,1.0058,10.6221,-0.2029,3.0000,0.0000,0.0000,0,14.1273,811.5155,996.4059,903.9607,92.4452,7.5333,-12.6069,831.6556,991.3322
24.425,1,0,learned,0.7141,30.0051,1.4445,2.2155,2.1979,3.1207,0.4260,1.2293,2.8255,-2.4272,1.0058,10.4640,-0.2152,3.0000,0.0000,0.0000,0,14.1273,830.4656,989.5817,910.0237,79.5581,7.5200,-12.5413,850.5269,984.5604
24.476,1,0,learned,0.8097,30.1321,1.4661,2.1710,2.2877,3.1538,0.4035,1.2294,2.8255,-2.4400,1.0058,10.3129,-0.2367,3.0000,0.0000,0.0000,0,14.1273,875.1025,990.9052,933.0039,57.9013,7.4455,-12.4169,894.9649,985.9338
24.526,1,0,learned,0.8097,30.1321,1.4787,2.1710,2.2877,3.1538,0.4017,1.2294,2.8255,-2.4400,1.0058,10.3129,-0.2493,3.0000,0.0000,0.0000,0,14.1273,838.2379,980.7940,909.5159,71.2780,7.4781,-12.4313,858.1474,975.8408
24.576,1,0,learned,0.9081,30.2705,1.4991,2.1152,2.3624,3.1710,0.3828,1.2297,2.8255,-2.4490,1.0058,10.1504,-0.2694,3.0000,0.0000,0.0000,0,14.1273,901.5403,981.6896,941.6150,40.0747,7.4624,-12.3354,921.3381,976.8166
24.626,1,0,learned,0.9979,30.4042,1.5188,2.0663,2.4468,3.2026,0.3695,1.2291,2.8255,-2.4533,1.0058,9.9953,-0.2897,3.0000,0.0000,0.0000,0,14.1273,916.8194,988.9787,952.8991,36.0796,7.4010,-12.2475,936.4679,984.1322
24.677,1,0,learned,1.0898,30.5495,1.5302,2.0066,2.5164,3.2185,0.3513,1.2286,2.8255,-2.4531,1.0058,9.8286,-0.3015,3.0000,0.0000,0.0000,0,14.1273,913.4754,991.5025,952.4889,39.0136,7.3985,-12.0831,932.9570,986.8178
24.725,1,0,learned,1.1733,30.6894,1.5486,1.9532,2.5961,3.2488,0.3533,1.2273,2.8255,-2.4487,1.0058,9.6699,-0.3213,3.0000,0.0000,0.0000,0,14.1273,931.0405,993.6241,962.3323,31.2918,7.3412,-12.0775,950.4592,988.8879
24.775,1,0,learned,1.2583,30.8411,1.5628,1.8892,2.6604,3.2629,0.3307,1.2261,2.8255,-2.4392,1.0058,9.4996,-0.3367,3.0000,0.0000,0.0000,0,14.1273,916.6723,967.3883,942.0303,25.3580,7.3507,-11.8526,935.8756,962.8864
24.825,1,0,learned,1.2583,30.8411,1.5765,1.8892,2.6604,3.2629,0.3155,1.2261,2.8255,-2.4392,1.0058,9.4996,-0.3504,3.0000,0.0000,0.0000,0,14.1273,956.1369,983.0941,969.6155,13.4786,7.3523,-11.8334,975.3227,978.6130
24.875,1,0,learned,1.3350,30.9870,1.5864,1.8310,2.7360,3.2922,0.3232,1.2241,2.8255,-2.4259,1.0058,9.3375,-0.3624,3.0000,0.0000,0.0000,0,14.1273,960.9779,988.0797,974.5288,13.5509,7.2888,-11.8194,980.0862,983.5491
24.925,1,0,learned,1.4126,31.1446,1.6024,1.7636,2.7952,3.3050,0.2858,1.2221,2.8255,-2.4071,1.0058,9.1639,-0.3804,3.0000,0.0000,0.0000,0,14.1273,981.9231,966.4837,974.2034,-7.7197,7.2879,-11.5081,1000.0000,962.2635
24.976,1,0,learned,1.4825,31.2956,1.6116,1.7021,2.8651,3.3325,0.2835,1.2194,2.8255,-2.3854,1.0058,8.9991,-0.3922,3.0000,0.0000,0.0000,0,14.1273,965.6326,988.5789,977.1058,11.4732,7.2302,-11.4222,984.2851,984.3869
25.026,1,0,learned,1.4825,31.2956,1.6235,1.7021,2.8651,3.3325,0.2647,1.2194,2.8255,-2.3854,1.0058,8.9991,-0.4041,3.0000,0.0000,0.0000,0,14.1273,966.9512,991.3600,979.1556,12.2044,7.2409,-11.3458,985.5379,987.2551
25.075,1,0,learned,1.5531,31.4583,1.6377,1.6329,2.9178,3.3436,0.2685,1.2167,2.8255,-2.3578,1.0058,8.8229,-0.4210,3.0000,0.0000,0.0000,0,14.1273,975.4280,897.5389,936.4835,-38.9445,7.2552,-11.2269,993.9100,893.5672
25.126,1,0,learned,1.6163,31.6137,1.6432,1.5699,2.9818,3.3698,0.2380,1.2134,2.8255,-2.3280,1.0058,8.6558,-0.4298,3.0000,0.0000,0.0000,0,14.1273,978.3037,872.7123,925.5080,-52.7957,7.1825,-10.8983,996.3845,868.9965
25.176,1,0,learned,1.6800,31.7806,1.6563,1.5007,3.0275,3.3790,0.2487,1.2100,2.8255,-2.2924,1.0058,8.4776,-0.4462,3.0000,0.0000,0.0000,0,14.1273,962.8283,877.0188,919.9236,-42.9048,7.2052,-10.8917,980.9252,873.3323
25.225,1,0,learned,1.7369,31.9394,1.6663,1.4377,3.0836,3.4023,0.2188,1.2062,2.8255,-2.2555,1.0058,8.3092,-0.4601,3.0000,0.0000,0.0000,0,14.1273,976.9912,910.1630,943.5771,-33.4141,7.1422,-10.6373,994.7707,906.6680
25.276,1,0,learned,1.7369,31.9394,1.6735,1.4377,3.0836,3.4023,0.2175,1.2062,2.8255,-2.2555,1.0058,8.3092,-0.4673,3.0000,0.0000,0.0000,0,14.1273,963.9946,911.8222,937.9084,-26.0862,7.1537,-10.6533,981.8015,908.3227
25.326,1,0,learned,1.7939,32.1088,1.6847,1.3693,3.1184,3.4058,0.1923,1.2024,2.8255,-2.2129,1.0058,8.1306,-0.4823,3.0000,0.0000,0.0000,0,14.1273,983.6276,853.1234,918.3755,-65.2521,7.1791,-10.3542,1000.0000,849.9483
25.375,1,0,learned,1.8445,32.2690,1.6890,1.3064,3.1623,3.4215,0.1885,1.1983,2.8255,-2.1699,1.0058,7.9626,-0.4907,3.0000,0.0000,0.0000,0,14.1273,981.4141,781.4584,881.4363,-99.9779,7.1468,-10.1560,998.7169,778.4493
25.425,1,0,learned,1.8445,32.2690,1.6952,1.3064,3.1623,3.4215,0.1740,1.1983,2.8255,-2.1699,1.0058,7.9626,-0.4969,3.0000,0.0000,0.0000,0,14.1273,970.7139,753.6159,862.1649,-108.5490,7.1536,-10.0542,987.9218,750.7153
25.475,1,0,learned,1.8949,32.4395,1.7049,1.2389,3.1857,3.4181,0.1770,1.1942,2.8255,-2.1211,1.0058,7.7848,-0.5107,3.0000,0.0000,0.0000,0,14.1273,968.5580,712.0018,840.2799,-128.2781,7.2134,-9.9431,985.7145,709.2722
25.526,1,0,learned,1.9394,32.6005,1.7085,1.1765,3.2191,3.4274,0.1442,1.1897,2.8255,-2.0725,1.0058,7.6178,-0.5188,3.0000,0.0000,0.0000,0,14.1273,975.8441,709.5760,842.7100,-133.1341,7.1984,-9.6090,992.6514,707.1654
25.576,1,0,learned,1.9833,32.7709,1.7186,1.1102,3.2308,3.4162,0.1385,1.1853,2.8255,-2.0184,1.0058,7.4420,-0.5333,3.0000,0.0000,0.0000,0,14.1273,978.9095,725.1117,852.0106,-126.8989,7.2900,-9.4866,995.6861,722.9151
25.625,1,0,learned,2.0218,32.9308,1.7246,1.0486,3.2510,3.4159,0.1148,1.1807,2.8255,-1.9653,1.0058,7.2777,-0.5439,3.0000,0.0000,0.0000,0,14.1273,969.8858,665.7346,817.8102,-152.0756,7.3218,-9.1654,986.3731,663.8910
25.676,1,0,learned,2.0218,32.9308,1.7273,1.0486,3.2510,3.4159,0.1005,1.1807,2.8255,-1.9653,1.0058,7.2777,-0.5466,3.0000,0.0000,0.0000,0,14.1273,983.0999,699.5050,841.3024,-141.7975,7.3211,-9.1115,999.5326,697.7146
25.726,1,0,learned,2.0596,33.0996,1.7333,0.9842,3.2497,3.3955,0.0780,1.1760,2.8255,-1.9069,1.0058,7.1053,-0.5573,3.0000,0.0000,0.0000,0,14.1273,975.8349,632.4507,804.1428,-171.6921,7.4477,-8.7812,992.0638,631.1172
25.775,1,0,learned,2.0925,33.2578,1.7364,0.9246,3.2590,3.3876,0.0737,1.1712,2.8255,-1.8500,1.0058,6.9443,-0.5652,3.0000,0.0000,0.0000,0,14.1273,977.0532,623.9628,800.5080,-176.5452,7.5122,-8.6219,993.1873,622.8531
25.825,1,0,learned,2.0925,33.2578,1.7391,0.9246,3.2590,3.3876,0.0593,1.1712,2.8255,-1.8500,1.0058,6.9443,-0.5679,3.0000,0.0000,0.0000,0,14.1273,958.7705,635.4902,797.1304,-161.6402,7.5175,-8.5352,974.8232,634.4725
25.875,1,0,learned,2.1247,33.4246,1.7428,0.8633,3.2489,3.3616,0.0360,1.1663,2.8255,-1.7878,1.0058,6.7753,-0.5764,3.0000,0.0000,0.0000,0,14.1273,964.6570,596.1579,780.4074,-184.2495,7.6662,-8.2094,980.5326,595.6147
25.926,1,0,learned,2.1525,33.5808,1.7444,0.8067,3.2498,3.3485,0.0115,1.1613,2.8255,-1.7277,1.0058,6.6179,-0.5831,3.0000,0.0000,0.0000,0,14.1273,975.0658,512.3365,743.7012,-231.3646,7.7454,-7.8479,990.6590,512.2341
25.975,1,0,learned,2.1794,33.7452,1.7462,0.7489,3.2322,3.3178,-0.0195,1.1561,2.8255,-1.6624,1.0058,6.4529,-0.5900,3.0000,0.0000,0.0000,0,14.1273,974.7592,546.8966,760.8279,-213.9313,7.9217,-7.5022,990.1831,547.3162
26.025,1,0,learned,2.2026,33.8990,1.7468,0.6955,3.2266,3.3007,-0.0350,1.1509,2.8255,-1.5996,1.0058,6.2993,-0.5959,3.0000,0.0000,0.0000,0,14.1273,977.0759,519.2836,748.1798,-228.8961,8.0262,-7.2282,992.3303,520.0817
26.075,1,0,learned,2.2026,33.8990,1.7467,0.6955,3.2266,3.3007,-0.0510,1.1509,2.8255,-1.5996,1.0058,6.2993,-0.5959,3.0000,0.0000,0.0000,0,14.1273,973.3639,425.3696,699.3668,-273.9972,8.0177,-7.0557,988.4373,426.3316
26.126,1,0,learned,2.2246,34.0606,1.7456,0.6412,3.2028,3.2664,-0.0473,1.1454,2.8255,-1.5317,1.0058,6.1387,-0.6002,3.0000,0.0000,0.0000,0,14.1273,970.8009,419.1363,694.9686,-275.8323,8.2118,-6.9004,985.9131,420.4476
26.175,1,0,learned,2.2431,34.2115,1.7443,0.5902,3.1912,3.2453,-0.0750,1.1399,2.8255,-1.4665,1.0058,5.9895,-0.6044,3.0000,0.0000,0.0000,0,14.1273,955.8742,429.1904,692.5323,-263.3419,8.3395,-6.5461,970.7598,430.9838
26.226,1,0,learned,2.2604,34.3700,1.7419,0.5385,3.1626,3.2081,-0.1180,1.1342,2.8255,-1.3963,1.0058,5.8336,-0.6077,3.0000,0.0000,0.0000,0,14.1273,981.7150,456.6004,719.1577,-262.5573,8.5452,-6.0746,996.3349,459.0710
26.276,1,0,learned,2.2745,34.5177,1.7376,0.4897,3.1452,3.1831,-0.1418,1.1285,2.8255,-1.3291,1.0058,5.6892,-0.6090,3.0000,0.0000,0.0000,0,14.1273,974.5854,386.8588,680.7221,-293.8633,8.6825,-5.6829,988.9508,389.8585
26.326,1,0,learned,2.2745,34.5177,1.7343,0.4897,3.1452,3.1831,-0.1452,1.1285,2.8255,-1.3291,1.0058,5.6892,-0.6057,3.0000,0.0000,0.0000,0,14.1273,972.0129,353.8343,662.9236,-309.0893,8.6759,-5.6276,986.3165,356.8826
26.376,1,0,learned,2.2874,34.6725,1.7305,0.4411,3.1115,3.1426,-0.1862,1.1226,2.8255,-1.2571,1.0058,5.5387,-0.6079,3.0000,0.0000,0.0000,0,14.1273,976.5824,322.2754,649.4289,-327.1535,8.8974,-5.1181,990.5979,326.0547
26.425,1,0,learned,2.2976,34.8169,1.7246,0.3955,3.0912,3.1164,-0.2117,1.1167,2.8255,-1.1884,1.0058,5.3991,-0.6079,3.0000,0.0000,0.0000,0,14.1273,962.6355,266.2630,614.4492,-348.1863,9.0430,-4.7121,976.3906,270.5939
26.476,1,0,learned,2.2976,34.8169,1.7196,0.3955,3.0912,3.1164,-0.2253,1.1167,2.8255,-1.1884,1.0058,5.3991,-0.6029,3.0000,0.0000,0.0000,0,14.1273,981.6503,296.7007,639.1755,-342.4748,9.0391,-4.6159,995.3053,301.1239
26.525,1,0,learned,2.3065,34.9684,1.7102,0.3508,3.0556,3.0757,-0.2368,1.1105,2.8255,-1.1148,1.0058,5.2536,-0.5997,3.0000,0.0000,0.0000,0,14.1273,972.4841,304.5236,638.5038,-333.9803,9.2687,-4.2944,986.0473,309.4978
26.576,1,0,learned,2.3133,35.1095,1.7037,0.3088,3.0323,3.0480,-0.2607,1.1043,2.8255,-1.0450,1.0058,5.1190,-0.5994,3.0000,0.0000,0.0000,0,14.1273,986.8685,361.4094,674.1390,-312.7295,9.4360,-3.9370,1000.0000,366.9085
26.625,1,0,learned,2.3187,35.2571,1.6920,0.2680,2.9937,3.0057,-0.2955,1.0979,2.8136,-0.9706,1.0058,4.9791,-0.5940,3.0000,0.0000,0.0000,0,14.1273,972.9199,314.1435,643.5317,-329.3882,9.5876,-3.4519,985.9594,320.2792
26.675,1,0,learned,2.3224,35.3947,1.6814,0.2296,2.9681,2.9770,-0.3078,1.0916,2.7405,-0.9000,1.0058,4.8497,-0.5898,3.0000,0.0000,0.0000,0,14.1273,965.8350,263.1269,614.4810,-351.3540,9.2456,-3.3477,978.4283,269.0249
26.726,1,0,learned,2.3224,35.3947,1.6729,0.2296,2.9681,2.9770,-0.3347,1.0916,2.7405,-0.9000,1.0058,4.8497,-0.5813,3.0000,0.0000,0.0000,0,14.1273,964.7562,298.6316,631.6939,-333.0623,9.2422,-3.1300,977.1284,304.7438
26.775,1,0,learned,2.3248,35.5393,1.6579,0.1930,2.9307,2.9371,-0.3515,1.0849,2.6642,-0.8246,1.0058,4.7146,-0.5730,3.0000,0.0000,0.0000,0,14.1273,966.9942,270.4155,618.7048,-348.2893,8.9357,-2.9587,978.8886,276.3925
26.831,1,0,learned,2.3259,35.6745,1.6449,0.1588,2.9080,2.9123,-0.3613,1.0783,2.5934,-0.7531,1.0058,4.5894,-0.5666,3.0000,0.0000,0.0000,0,14.1273,958.7630,275.9188,617.3409,-341.4221,8.5871,-2.8574,970.2076,281.6485
26.875,1,0,learned,2.3257,35.8167,1.6312,0.1264,2.8729,2.8757,-0.3713,1.0713,2.5197,-0.6769,1.0058,4.4589,-0.5599,3.0000,0.0000,0.0000,0,14.1273,970.4738,188.0727,579.2732,-391.2005,8.2655,-2.7222,981.4615,193.6161
26.925,1,0,learned,2.3245,35.9496,1.6131,0.0961,2.8521,2.8537,-0.4068,1.0646,2.4514,-0.6047,1.0058,4.3380,-0.5486,3.0000,0.0000,0.0000,0,14.1273,971.0437,203.3399,587.1918,-383.8519,7.9044,-2.3881,981.3362,208.8561
26.976,1,0,learned,2.3221,36.0895,1.5941,0.0678,2.8200,2.8208,-0.4145,1.0573,2.3801,-0.5278,1.0058,4.2119,-0.5368,3.0000,0.0000,0.0000,0,14.1273,954.2457,137.4330,545.8394,-408.4064,7.5733,-2.2302,964.0492,142.7761
27.025,1,0,learned,2.3191,36.2205,1.5782,0.0414,2.8019,2.8022,-0.4280,1.0504,2.3141,-0.4550,1.0058,4.0951,-0.5278,3.0000,0.0000,0.0000,0,14.1273,940.4465,174.4722,557.4594,-382.9871,7.2054,-2.0477,949.6996,179.6300
27.075,1,0,learned,2.3191,36.2205,1.5657,0.0414,2.8019,2.8022,-0.4482,1.0504,2.3141,-0.4550,1.0058,4.0951,-0.5153,3.0000,0.0000,0.0000,0,14.1273,956.8469,160.7849,558.8159,-398.0310,7.1906,-1.8244,965.8619,166.1511
27.125,1,0,learned,2.3148,36.3585,1.5443,0.0169,2.7721,2.7721,-0.4725,1.0430,2.2454,-0.3776,1.0058,3.9735,-0.5013,3.0000,0.0000,0.0000,0,14.1273,936.7307,109.8202,523.2754,-413.4553,6.8519,-1.5001,945.0827,115.1719
27.176,1,0,learned,2.3101,36.4874,1.5354,-0.0063,2.7549,2.7550,-0.4793,1.0359,2.1819,-0.3046,1.0058,3.8611,-0.4996,3.0000,0.0000,0.0000,0,14.1273,947.2045,111.8321,529.5183,-417.6862,6.4822,-1.3863,955.0730,116.9280
27.225,1,0,learned,2.3043,36.6232,1.5125,-0.0272,2.7263,2.7264,-0.5000,1.0283,2.1159,-0.2270,1.0058,3.7444,-0.4842,3.0000,0.0000,0.0000,0,14.1273,931.5800,67.2287,499.4044,-432.1756,6.1430,-1.0563,938.7793,72.3154
27.276,1,0,learned,2.2983,36.7504,1.4888,-0.0469,2.7107,2.7111,-0.5040,1.0211,2.0550,-0.1538,1.0058,3.6366,-0.4677,3.0000,0.0000,0.0000,0,14.1273,939.7791,50.5691,495.1741,-444.6050,5.7562,-0.8611,946.3964,55.4642
27.325,1,0,learned,2.2983,36.7504,1.4740,-0.0469,2.7107,2.7111,-0.5182,1.0211,2.0550,-0.1538,1.0058,3.6366,-0.4529,3.0000,0.0000,0.0000,0,14.1273,916.7577,78.4336,497.5957,-419.1621,5.7478,-0.6399,923.1454,83.5414
27.375,1,0,learned,2.2913,36.8842,1.4488,-0.0645,2.6834,2.6842,-0.5310,1.0134,1.9919,-0.0762,1.0058,3.5249,-0.4354,3.0000,0.0000,0.0000,0,14.1273,889.2790,24.6428,456.9609,-432.3181,5.4089,-0.3337,895.0216,29.7180
27.425,1,0,learned,2.2841,37.0094,1.4280,-0.0814,2.6684,2.6696,-0.5510,1.0061,1.9338,-0.0032,1.0058,3.4221,-0.4219,3.0000,0.0000,0.0000,0,14.1273,816.8783,-19.8092,398.5346,-418.3437,5.0365,0.0011,821.9137,-14.7716
27.476,1,0,learned,2.2760,37.1412,1.4066,-0.0964,2.6414,2.6432,-0.5557,0.9984,1.8739,0.0742,1.0058,3.3160,-0.4083,3.0000,0.0000,0.0000,0,14.1273,762.0768,-13.8114,374.1327,-387.9441,4.7172,0.2662,766.5278,-8.8280
27.526,1,0,learned,2.2680,37.2644,1.3848,-0.1105,2.6267,2.6290,-0.5857,0.9910,1.8189,0.1470,1.0058,3.2188,-0.3937,3.0000,0.0000,0.0000,0,14.1273,806.0631,-46.1266,379.9683,-426.0948,4.3441,0.7196,809.6876,-41.0628
27.576,1,0,learned,2.2680,37.2644,1.3624,-0.1105,2.6267,2.6290,-0.5593,0.9910,1.8189,0.1470,1.0058,3.2188,-0.3714,3.0000,0.0000,0.0000,0,14.1273,722.3355,-116.9183,302.7086,-419.6269,4.3328,0.6140,726.0543,-111.9715
27.626,1,0,learned,2.2591,37.3937,1.3339,-0.1224,2.5985,2.6014,-0.5820,0.9832,1.7625,0.2237,1.0058,3.1190,-0.3507,3.0000,0.0000,0.0000,0,14.1273,683.1043,-100.2345,291.4349,-391.6694,4.0321,1.1221,686.0143,-95.0803
27.675,1,0,learned,2.2505,37.5138,1.3167,-0.1340,2.5792,2.5827,-0.5907,0.9759,1.7114,0.2953,1.0058,3.0286,-0.3408,3.0000,0.0000,0.0000,0,14.1273,703.8023,-76.0521,313.8751,-389.9272,3.7175,1.4247,706.0951,-70.9099
27.725,1,0,learned,2.2409,37.6392,1.2874,-0.1440,2.5460,2.5501,-0.5820,0.9681,1.6596,0.3706,1.0058,2.9368,-0.3193,3.0000,0.0000,0.0000,0,14.1273,677.6104,-31.7788,322.9158,-354.6946,3.4767,1.7187,679.3685,-26.5833
27.775,1,0,learned,2.2315,37.7554,1.2698,-0.1546,2.5208,2.5255,-0.5978,0.9608,1.6131,0.4407,1.0058,2.8545,-0.3089,3.0000,0.0000,0.0000,0,15.6465,729.7581,-16.5315,356.6133,-373.1448,3.2262,2.1193,730.8650,-11.1860
27.826,1,0,learned,2.2315,37.7554,1.2459,-0.1546,2.5208,2.5255,-0.6088,1.6663,3.1293,2.4975,1.9161,17.2109,0.4203,3.0000,0.0000,0.0000,0,15.6465,648.2207,-36.2244,305.9982,-342.2225,8.8298,5.7416,651.3089,-21.6530
27.875,1,0,learned,2.2211,37.8764,1.2219,-0.1635,2.4821,2.4875,-0.5938,1.6679,3.1293,2.4663,1.9161,17.0903,0.4459,3.0000,0.0000,0.0000,0,15.6465,684.0909,-44.8914,319.5998,-364.4911,9.0395,5.7241,687.4062,-30.1278
27.925,1,0,learned,2.2113,37.9888,1.1978,-0.1716,2.4540,2.4600,-0.6020,1.6696,3.1293,2.4374,1.9161,16.9782,0.4718,3.0000,0.0000,0.0000,0,15.6465,613.6657,30.2486,321.9572,-291.7086,9.2038,5.8427,617.0269,45.2951
27.976,1,0,learned,2.2013,38.1066,1.1737,-0.1757,2.4163,2.4227,-0.5905,1.6713,3.1293,2.4070,1.9161,16.8607,0.4975,3.0000,0.0000,0.0000,0,15.6465,503.6671,140.2471,321.9571,-181.7100,9.4389,5.8451,507.2610,155.5311
28.025,1,0,learned,2.1924,38.2163,1.1496,-0.1776,2.3901,2.3967,-0.6043,1.6731,3.1293,2.3782,1.9161,16.7515,0.5235,3.0000,0.0000,0.0000,0,15.6465,529.1486,249.5425,389.3455,-139.8030,9.5906,5.9775,532.7616,265.1105
28.075,1,0,learned,2.1924,38.2163,1.1255,-0.1776,2.3901,2.3967,-0.5785,1.6731,3.1293,2.3782,1.9161,16.7515,0.5476,3.0000,0.0000,0.0000,0,15.6465,540.2305,359.5367,449.8836,-90.3469,9.5672,5.9050,543.8927,375.0089
28.125,1,0,learned,2.1837,38.3315,1.1017,-0.1757,2.3551,2.3616,-0.5800,1.6749,3.1293,2.3475,1.9161,16.6369,0.5732,3.0000,0.0000,0.0000,0,15.6465,597.2163,469.5367,533.3765,-63.8398,9.7724,5.9595,601.0292,485.2686
28.175,1,0,learned,2.1766,38.4390,1.0782,-0.1701,2.3322,2.3383,-0.5390,1.6770,3.1293,2.3177,1.9161,16.5302,0.5988,3.0000,0.0000,0.0000,0,15.6465,509.0817,579.5367,544.3092,35.2275,9.9354,5.7775,513.2396,595.2496
28.226,1,0,learned,2.1712,38.5526,1.0497,-0.1569,2.3024,2.3078,-0.5192,1.6792,3.1293,2.2844,1.9161,16.4179,0.6295,3.0000,0.0000,0.0000,0,15.6465,517.1692,689.5367,603.3530,86.1838,10.1159,5.7104,521.5747,705.3630
28.275,1,0,learned,2.1687,38.6600,1.0333,-0.1359,2.2894,2.2934,-0.5078,1.6821,3.1293,2.2504,1.9161,16.3123,0.6488,3.0000,0.0000,0.0000,0,15.6465,498.3833,799.5364,648.9599,150.5766,10.2227,5.6414,502.9645,815.4005
28.326,1,0,learned,2.1687,38.6600,1.0121,-0.1359,2.2894,2.2934,-0.4715,1.6821,3.1293,2.2504,1.9161,16.3123,0.6700,3.0000,0.0000,0.0000,0,15.6465,388.3833,907.8818,648.1325,259.7492,10.2206,5.4998,393.1041,923.6022
28.375,1,0,learned,2.1696,38.7751,0.9921,-0.1051,2.2744,2.2768,-0.4295,1.6855,3.1293,2.2105,1.9161,16.1998,0.6934,3.0000,0.0000,0.0000,0,15.6465,300.0232,964.9706,632.4969,332.4737,10.3424,5.2470,305.1186,980.5600
28.425,1,0,learned,2.1743,38.8851,0.9733,-0.0644,2.2779,2.2788,-0.3897,1.6897,3.1293,2.1689,1.9161,16.0932,0.7165,3.0000,0.0000,0.0000,0,15.6465,356.3954,993.7994,675.0974,318.7020,10.3377,4.9791,361.7540,1000.0000
28.475,1,0,learned,2.1842,39.0039,0.9560,-0.0136,2.2792,2.2792,-0.3432,1.6948,3.1293,2.1194,1.9161,15.9791,0.7388,3.0000,0.0000,0.0000,0,15.6465,395.5867,995.9164,695.7515,300.1648,10.3431,4.6420,401.2878,1000.0000
28.531,1,0,learned,2.1984,39.1176,0.9403,0.0481,2.2970,2.2975,-0.2940,1.7006,3.1293,2.0676,1.9161,15.8710,0.7603,3.0000,0.0000,0.0000,0,15.6465,354.7714,985.1751,669.9732,315.2019,10.2540,4.2679,360.7574,999.6970
28.576,1,0,learned,2.1984,39.1176,0.9265,0.0481,2.2970,2.2975,-0.2228,1.7006,3.1293,2.0676,1.9161,15.8710,0.7741,3.0000,0.0000,0.0000,0,15.6465,464.1603,976.3399,720.2501,256.0898,10.2378,3.8723,470.5257,990.4500
28.625,1,0,learned,2.2189,39.2398,0.9147,0.1174,2.3075,2.3105,-0.1900,1.7072,3.1293,2.0069,1.9161,15.7561,0.7925,3.0000,0.0000,0.0000,0,15.6465,361.1143,988.3694,674.7418,313.6276,10.1904,3.5596,367.7451,1000.0000
28.675,1,0,learned,2.2434,39.3564,0.9047,0.1960,2.3320,2.3402,-0.1470,1.7144,3.1293,1.9444,1.9161,15.6476,0.8097,3.0000,0.0000,0.0000,0,15.6465,279.0514,988.8833,633.9674,354.9160,10.0490,3.1641,285.9363,1000.0000
28.726,1,0,learned,2.2749,39.4815,0.8965,0.2779,2.3468,2.3632,-0.1038,1.7224,3.1293,1.8724,1.9161,15.5325,0.8259,3.0000,0.0000,0.0000,0,15.6465,198.4616,984.4368,591.4492,392.9876,9.9492,2.7426,205.6682,997.1287
28.776,1,0,learned,2.3094,39.6006,0.8900,0.3660,2.3737,2.4017,-0.0673,1.7308,3.1293,1.7996,1.9161,15.4242,0.8408,3.0000,0.0000,0.0000,0,15.6465,90.2733,982.3929,536.3331,446.0598,9.7681,2.3549,97.6865,994.5159
28.825,1,0,learned,2.3094,39.6006,0.8862,0.3660,2.3737,2.4017,-0.0220,1.7308,3.1293,1.7996,1.9161,15.4242,0.8446,3.0000,0.0000,0.0000,0,15.6465,40.7503,975.3493,508.0498,467.2995,9.7818,2.0814,48.4506,987.2125
28.875,1,0,learned,2.3507,39.7274,0.8826,0.4518,2.3864,2.4288,0.0140,1.7398,3.1293,1.7179,1.9161,15.3102,0.8572,3.0000,0.0000,0.0000,0,15.6465,126.9606,980.5897,553.7751,426.8145,9.6469,1.6651,134.9425,991.9017
28.926,1,0,learned,2.3932,39.8462,0.8807,0.5387,2.4044,2.4640,0.0638,1.7488,3.1293,1.6376,1.9161,15.2045,0.8680,3.0000,0.0000,0.0000,0,15.6465,169.5103,989.5703,579.5403,410.0300,9.4802,1.1618,177.8287,1000.0000
28.979,1,0,learned,2.4416,39.9707,0.8806,0.6169,2.4023,2.4803,0.1077,1.7580,3.1293,1.5500,1.9161,15.0951,0.8773,3.0000,0.0000,0.0000,0,15.6465,135.7944,995.6732,565.7338,429.9394,9.4294,0.6860,144.5378,1000.0000
29.025,1,0,learned,2.4416,39.9707,0.8818,0.6169,2.4023,2.4803,0.1502,1.7580,3.1293,1.5500,1.9161,15.0951,0.8762,3.0000,0.0000,0.0000,0,15.6465,25.7946,982.3690,504.0818,478.2872,9.4618,0.4088,34.8475,992.2397
29.075,1,0,learned,2.4895,40.0863,0.8831,0.6932,2.4035,2.5014,0.1740,1.7669,3.1293,1.4657,1.9161,14.9946,0.8838,3.0000,0.0000,0.0000,0,15.6465,-77.1417,976.7344,449.7964,526.9380,9.3894,0.0741,-67.8264,986.1978
29.125,1,0,learned,2.5426,40.2072,0.8884,0.7589,2.3879,2.5056,0.2053,1.7761,3.1293,1.3748,1.9161,14.8906,0.8877,3.0000,0.0000,0.0000,0,15.6465,28.6470,994.2429,511.4450,482.7980,9.3873,-0.3387,38.3730,1000.0000
29.175,1,0,learned,2.5944,40.3193,0.8962,0.8226,2.3774,2.5157,0.2670,1.7850,3.1293,1.2882,1.9161,14.7952,0.8888,3.0000,0.0000,0.0000,0,15.6465,-71.9802,995.4424,461.7311,533.7113,9.3998,-0.9408,-61.6395,1000.0000
29.225,1,0,learned,2.5944,40.3193,0.9001,0.8226,2.3774,2.5157,0.2870,1.7850,3.1293,1.2882,1.9161,14.7952,0.8850,3.0000,0.0000,0.0000,0,15.6465,-152.0073,991.8712,419.9319,571.9392,9.4273,-1.0821,-141.4979,1000.0000
29.276,1,0,learned,2.6505,40.4354,0.9116,0.8740,2.3482,2.5056,0.3503,1.7941,3.1293,1.1961,1.9161,14.6975,0.8825,3.0000,0.0000,0.0000,0,15.6465,-88.5157,974.9407,443.2125,531.7282,9.5211,-1.7166,-77.2781,982.7452
29.325,1,0,learned,2.7043,40.5423,0.9196,0.9236,2.3239,2.5007,0.3453,1.8028,3.1293,1.1093,1.9161,14.6086,0.8832,3.0000,0.0000,0.0000,0,15.6465,-90.1918,970.3863,440.0972,530.2891,9.5665,-1.8717,-78.7536,978.0812
29.375,1,0,learned,2.7043,40.5423,0.9255,0.9236,2.3239,2.5007,0.3795,1.8028,3.1293,1.1093,1.9161,14.6086,0.8773,3.0000,0.0000,0.0000,0,15.6465,-186.9157,987.3195,400.2019,587.1176,9.6093,-2.1167,-175.1897,994.8121
29.428,1,0,learned,2.7623,40.6524,0.9385,0.9617,2.2828,2.4771,0.4215,1.8117,3.1293,1.0175,1.9161,14.5181,0.8732,3.0000,0.0000,0.0000,0,15.6465,-204.0877,989.1997,392.5560,596.6437,9.7781,-2.6051,-191.7045,996.3727
29.475,1,0,learned,2.8175,40.7535,0.9531,0.9993,2.2475,2.4597,0.4680,1.8203,3.1293,0.9313,1.9161,14.4360,0.8672,3.0000,0.0000,0.0000,0,15.6465,-232.7755,977.0667,372.1456,604.9211,9.9165,-3.1129,-219.7461,983.8703
29.525,1,0,learned,2.8175,40.7535,0.9609,0.9993,2.2475,2.4597,0.4637,1.8203,3.1293,0.9313,1.9161,14.4360,0.8594,3.0000,0.0000,0.0000,0,15.6465,-126.3509,996.2984,434.9738,561.3247,9.9127,-3.1173,-113.3208,1000.0000
29.575,1,0,learned,2.8766,40.8578,0.9776,1.0270,2.1991,2.4271,0.4958,1.8291,3.1293,0.8403,1.9161,14.3525,0.8515,3.0000,0.0000,0.0000,0,15.6465,-79.4820,994.4573,457.4877,536.9696,10.1099,-3.5435,-65.8285,1000.0000
29.625,1,0,learned,2.9330,40.9534,0.9958,1.0565,2.1578,2.4026,0.5385,1.8376,3.1293,0.7549,1.9161,14.2769,0.8418,3.0000,0.0000,0.0000,0,15.6465,-153.4661,991.5674,419.0507,572.5168,10.2919,-4.0296,-139.1446,997.8298
29.675,1,0,learned,2.9330,40.9534,1.0054,1.0565,2.1578,2.4026,0.5667,1.8376,3.1293,0.7549,1.9161,14.2769,0.8322,3.0000,0.0000,0.0000,0,15.6465,-244.2864,982.2589,368.9862,613.2727,10.3344,-4.2410,-229.7110,988.3522
29.725,1,0,learned,2.9937,41.0527,1.0309,1.0784,2.1078,2.3677,0.5773,1.8466,3.1293,0.6643,1.9161,14.1996,0.8157,3.0000,0.0000,0.0000,0,15.6465,-245.4986,989.9278,372.2146,617.7132,10.5538,-4.5426,-230.4021,995.9390
29.775,1,0,learned,3.0518,41.1450,1.0470,1.1049,2.0710,2.3473,0.5900,1.8554,3.1293,0.5783,1.9161,14.1287,0.8084,3.0000,0.0000,0.0000,0,15.6465,-342.5666,982.6520,320.0427,662.6093,10.6980,-4.8131,-327.0555,988.5369
29.826,1,0,learned,3.0518,41.1450,1.0694,1.1049,2.0710,2.3473,0.6415,1.8554,3.1293,0.5783,1.9161,14.1287,0.7860,3.0000,0.0000,0.0000,0,15.6465,-313.3209,983.5322,335.1056,648.4265,10.7492,-5.2232,-297.3485,989.0582
29.875,1,0,learned,3.1144,41.2415,1.0990,1.1247,2.0281,2.3191,0.6510,1.8648,3.1293,0.4868,1.9161,14.0556,0.7658,3.0000,0.0000,0.0000,0,15.6465,-203.6719,984.0341,390.1811,593.8530,10.9129,-5.5278,-187.2312,989.4192
29.926,1,0,learned,3.1742,41.3313,1.1112,1.1489,1.9965,2.3034,0.6623,1.8738,3.1293,0.4001,1.9161,13.9887,0.7626,3.0000,0.0000,0.0000,0,15.6465,-254.2125,987.2500,366.5188,620.7312,11.0135,-5.7793,-237.4198,992.4842
29.975,1,0,learned,3.2384,41.4252,1.1429,1.1660,1.9584,2.2792,0.7023,1.8834,3.1293,0.3079,1.9161,13.9198,0.7405,3.0000,0.0000,0.0000,0,15.6465,-295.7181,983.0026,343.6422,639.3604,11.1917,-6.2780,-278.2484,987.9164
30.026,1,0,learned,3.2994,41.5129,1.1694,1.1873,1.9323,2.2679,0.7043,1.8926,3.1293,0.2207,1.9161,13.8562,0.7232,3.0000,0.0000,0.0000,0,15.6465,-186.6701,974.3488,393.8394,580.5095,11.2547,-6.5092,-168.9061,979.0943
30.075,1,0,learned,3.2994,41.5129,1.1899,1.1873,1.9323,2.2679,0.7375,1.8926,3.1293,0.2207,1.9161,13.8562,0.7027,3.0000,0.0000,0.0000,0,15.6465,-202.4225,977.5681,387.5728,589.9953,11.3035,-6.7848,-184.3342,982.0868
30.126,1,0,learned,3.3648,41.6058,1.2247,1.2012,1.9029,2.2503,0.7562,1.9024,3.1293,0.1278,1.9161,13.7898,0.6777,3.0000,0.0000,0.0000,0,15.6465,-178.6310,968.7335,395.0512,573.6822,11.4288,-7.1478,-160.0544,973.0145
30.176,1,0,learned,3.4268,41.6930,1.2390,1.2191,1.8858,2.2455,0.7498,1.9118,3.1293,0.0400,1.9161,13.7282,0.6728,3.0000,0.0000,0.0000,0,15.6465,-78.5143,982.4706,451.9781,530.4925,11.4375,-7.2936,-59.7832,986.6146
30.225,1,0,learned,3.4927,41.7857,1.2828,1.2291,1.8650,2.2336,0.7650,1.9218,3.1293,-0.0534,1.9161,13.6634,0.6390,3.0000,0.0000,0.0000,0,15.6465,-36.5841,994.4454,478.9306,515.5147,11.5449,-7.6620,-17.3772,998.3283
30.275,1,0,learned,3.5550,41.8734,1.3126,1.2429,1.8574,2.2348,0.7725,1.9312,3.1293,-0.1418,1.9161,13.6026,0.6186,3.0000,0.0000,0.0000,0,15.6465,7.3675,994.3067,500.8371,493.4696,11.5607,-7.9317,26.8599,997.9357
30.329,1,0,learned,3.5550,41.8734,1.3353,1.2429,1.8574,2.2348,0.7748,1.9312,3.1293,-0.1418,1.9161,13.6026,0.5959,3.0000,0.0000,0.0000,0,15.6465,115.3320,986.2052,550.7686,435.4366,11.5739,-8.0051,134.9110,989.7739
30.375,1,0,learned,3.6211,41.9673,1.3731,1.2485,1.8473,2.2297,0.7710,1.9413,3.1293,-0.2357,1.9161,13.5378,0.5682,3.0000,0.0000,0.0000,0,15.6465,13.7173,991.1598,502.4386,488.7213,11.6613,-8.2229,33.6014,994.5982
30.426,1,0,learned,3.6833,42.0574,1.3883,1.2577,1.8530,2.2395,0.7662,1.9508,3.1293,-0.3247,1.9161,13.4760,0.5624,3.0000,0.0000,0.0000,0,15.6465,10.7542,956.6773,483.7158,472.9616,11.6123,-8.3563,30.7228,959.9333
30.476,1,0,learned,3.7488,42.1551,1.4264,1.2580,1.8585,2.2442,0.7692,1.9608,3.1293,-0.4194,1.9161,13.4088,0.5344,3.0000,0.0000,0.0000,0,15.6465,-76.3475,987.3547,455.5036,531.8511,11.6564,-8.6228,-56.0683,990.3883
30.526,1,0,learned,3.7488,42.1551,1.4490,1.2580,1.8585,2.2442,0.7415,1.9608,3.1293,-0.4194,1.9161,13.4088,0.5118,3.0000,0.0000,0.0000,0,15.6465,-112.2166,981.0559,434.4197,546.6362,11.6945,-8.4949,-92.0272,984.2555
30.575,1,0,learned,3.8102,42.2497,1.4792,1.2624,1.8806,2.2650,0.7460,1.9702,3.1293,-0.5092,1.9161,13.3438,0.4910,3.0000,0.0000,0.0000,0,15.6465,-2.6103,987.8211,492.6054,495.2157,11.6046,-8.7495,17.7438,990.6761
30.625,1,0,learned,3.8751,42.3521,1.5092,1.2595,1.8986,2.2784,0.7605,1.9802,3.1293,-0.6049,1.9161,13.2734,0.4710,3.0000,0.0000,0.0000,0,15.6465,86.5705,970.5890,528.5797,442.0092,11.5476,-9.0590,107.1771,973.0776
30.675,1,0,learned,3.9360,42.4505,1.5392,1.2612,1.9288,2.3045,0.7558,1.9895,3.1293,-0.6955,1.9161,13.2060,0.4503,3.0000,0.0000,0.0000,0,15.6465,155.4890,979.5965,567.5427,412.0538,11.4396,-9.2492,176.1778,981.7868
30.728,1,0,learned,3.9360,42.4505,1.5618,1.2612,1.9288,2.3045,0.7540,1.9895,3.1293,-0.6955,1.9161,13.2060,0.4277,3.0000,0.0000,0.0000,0,15.6465,212.0098,994.1182,603.0640,391.0542,11.4645,-9.3079,232.7822,996.2748
30.776,1,0,learned,3.9994,42.5572,1.5992,1.2532,1.9535,2.3209,0.7568,1.9994,3.1293,-0.7914,1.9161,13.1326,0.4001,3.0000,0.0000,0.0000,0,15.6465,169.5521,992.6933,581.1227,411.5706,11.4382,-9.5503,190.5406,994.5812
30.826,1,0,learned,4.0579,42.6606,1.6217,1.2459,1.9935,2.3508,0.7425,2.0083,3.1293,-0.8813,1.9161,13.0610,0.3866,3.0000,0.0000,0.0000,0,15.6465,178.3372,990.2021,584.2697,405.9325,11.3136,-9.6396,199.2904,991.8761
30.875,1,0,learned,4.1179,42.7739,1.6587,1.2277,2.0307,2.3729,0.7420,2.0178,3.1293,-0.9762,1.9161,12.9817,0.3591,3.0000,0.0000,0.0000,0,15.6465,146.1034,998.9390,572.5212,426.4178,11.2621,-9.8519,167.2174,1000.0000
30.926,1,0,learned,4.1725,42.8843,1.6881,1.2096,2.0845,2.4100,0.7155,2.0264,3.1293,-1.0649,1.9161,12.9036,0.3383,3.0000,0.0000,0.0000,0,15.6465,170.0373,984.5236,577.2804,407.2431,11.1123,-9.8604,191.0100,985.7754
30.975,1,0,learned,4.1725,42.8843,1.7171,1.2096,2.0845,2.4100,0.7230,2.0264,3.1293,-1.0649,1.9161,12.9036,0.3093,3.0000,0.0000,0.0000,0,15.6465,224.9361,978.9073,601.9217,376.9856,11.1445,-9.9901,246.0707,980.0616
31.026,1,0,learned,4.2281,43.0051,1.7459,1.1814,2.1321,2.4375,0.7147,2.0354,3.1293,-1.1581,1.9161,12.8171,0.2896,3.0000,0.0000,0.0000,0,15.6465,281.3112,985.9034,633.6073,352.2961,11.0337,-10.1315,302.4764,986.8057
31.075,1,0,learned,4.2782,43.1220,1.7744,1.1541,2.1928,2.4779,0.7033,2.0435,3.1293,-1.2448,1.9161,12.7327,0.2691,3.0000,0.0000,0.0000,0,15.6465,380.1853,991.1681,685.6767,305.4914,10.8577,-10.2502,401.2931,991.7757
31.126,1,0,learned,4.3288,43.2492,1.8027,1.1177,2.2435,2.5065,0.6933,2.0521,3.1293,-1.3355,1.9161,12.6398,0.2494,3.0000,0.0000,0.0000,0,15.6465,341.1884,986.8717,664.0301,322.8416,10.7680,-10.3372,362.2937,987.3024
31.176,1,0,learned,4.3737,43.3720,1.8307,1.0812,2.3065,2.5473,0.6967,2.0596,3.1293,-1.4193,1.9161,12.5492,0.2289,3.0000,0.0000,0.0000,0,15.6465,440.1156,995.4615,717.7886,277.6729,10.5964,-10.5396,461.2516,995.5182
31.226,1,0,learned,4.3737,43.3720,1.8584,1.0812,2.3065,2.5473,0.6708,2.0596,3.1293,-1.4193,1.9161,12.5492,0.2012,3.0000,0.0000,0.0000,0,15.6465,506.3897,997.5977,751.9937,245.6040,10.6154,-10.4662,527.4712,997.7468
31.276,1,0,learned,4.4177,43.5057,1.8925,1.0345,2.3596,2.5764,0.6638,2.0676,3.1293,-1.5060,1.9161,12.4492,0.1750,3.0000,0.0000,0.0000,0,15.6465,416.5274,989.7239,703.1256,286.5983,10.5497,-10.5532,437.6303,989.7204
31.331,1,0,learned,4.4558,43.6348,1.9126,0.9862,2.4254,2.6182,0.6460,2.0745,3.1293,-1.5855,1.9161,12.3514,0.1619,3.0000,0.0000,0.0000,0,15.6465,465.8278,976.4578,721.1428,255.3150,10.3706,-10.5518,486.7502,976.2767
31.375,1,0,learned,4.4920,43.7749,1.9456,0.9283,2.4793,2.6474,0.6358,2.0817,3.1293,-1.6670,1.9161,12.2436,0.1362,3.0000,0.0000,0.0000,0,15.6465,549.7468,987.8441,768.7954,219.0486,10.2608,-10.6569,570.6645,987.4479
31.425,1,0,learned,4.5220,43.9100,1.9649,0.8676,2.5464,2.6901,0.6180,2.0879,3.1293,-1.7410,1.9161,12.1381,0.1230,3.0000,0.0000,0.0000,0,15.6465,536.8027,989.8539,763.3283,226.5256,10.1006,-10.6282,557.5315,989.3264
31.476,1,0,learned,4.5494,44.0561,1.9966,0.7993,2.5991,2.7192,0.6188,2.0944,3.1293,-1.8162,1.9161,12.0224,0.0978,3.0000,0.0000,0.0000,0,15.6465,427.2157,991.2620,709.2389,282.0232,10.0464,-10.7026,447.9647,990.6059
31.526,1,0,learned,4.5709,44.1963,2.0273,0.7291,2.6633,2.7613,0.5880,2.0997,3.1293,-1.8839,1.9161,11.9097,0.0724,3.0000,0.0000,0.0000,0,15.6465,411.3103,996.5589,703.9346,292.6243,9.9072,-10.6032,431.8207,995.8629
31.576,1,0,learned,4.5709,44.1963,2.0394,0.7291,2.6633,2.7613,0.5883,2.0997,3.1293,-1.8839,1.9161,11.9097,0.0603,3.0000,0.0000,0.0000,0,15.6465,521.3103,987.5934,754.4518,233.1415,9.8929,-10.6743,541.8776,986.8120
31.625,1,0,learned,4.5889,44.3477,2.0632,0.6525,2.7127,2.7901,0.5765,2.1054,3.1293,-1.9520,1.9161,11.7863,0.0422,3.0000,0.0000,0.0000,0,15.6465,614.3957,983.1907,798.7932,184.3975,9.7723,-10.6999,634.8679,982.2631
31.675,1,0,learned,4.6018,44.4921,2.0866,0.5760,2.7722,2.8314,0.5775,2.1101,3.1293,-2.0131,1.9161,11.6669,0.0234,3.0000,0.0000,0.0000,0,15.6465,713.0239,978.0153,845.5196,132.4957,9.6013,-10.8019,733.4271,976.8147
31.726,1,0,learned,4.6111,44.6473,2.1155,0.4965,2.8145,2.8579,0.5585,2.1151,3.1293,-2.0744,1.9161,11.5371,-0.0005,3.0000,0.0000,0.0000,0,15.6465,667.6068,990.9542,829.2805,161.6737,9.5405,-10.7458,687.8931,989.7488
31.775,1,0,learned,4.6111,44.6473,2.1382,0.4965,2.8145,2.8579,0.5565,2.1151,3.1293,-2.0744,1.9161,11.5371,-0.0231,3.0000,0.0000,0.0000,0,15.6465,720.5509,996.5542,858.5525,138.0017,9.5582,-10.8294,740.9385,995.2830
31.825,1,0,learned,4.6153,44.7953,2.1604,0.4147,2.8682,2.8980,0.5208,2.1190,3.1293,-2.1284,1.9161,11.4115,-0.0415,3.0000,0.0000,0.0000,0,15.6465,654.9048,974.3542,814.6295,159.7247,9.4270,-10.5984,674.9302,973.1829
31.876,1,0,learned,4.6143,44.9543,2.1767,0.3280,2.9061,2.9246,0.5148,2.1231,3.1293,-2.1813,1.9161,11.2743,-0.0536,3.0000,0.0000,0.0000,0,15.6465,613.3722,985.4833,799.4277,186.0555,9.3510,-10.5665,633.2897,984.2677
31.926,1,0,learned,4.6083,45.1057,2.1979,0.2374,2.9560,2.9655,0.5062,2.1261,3.1293,-2.2269,1.9161,11.1415,-0.0719,3.0000,0.0000,0.0000,0,15.6465,678.5611,987.7288,833.1449,154.5838,9.1916,-10.5729,698.3256,986.3475
31.976,1,0,learned,4.6083,45.1057,2.2187,0.2374,2.9560,2.9655,0.4878,2.1261,3.1293,-2.2269,1.9161,11.1415,-0.0926,3.0000,0.0000,0.0000,0,15.6465,707.9460,997.4226,852.6843,144.7383,9.2106,-10.5467,727.7033,996.0864
32.025,1,0,learned,4.5965,45.2678,2.2439,0.1445,2.9881,2.9915,0.4900,2.1293,3.1293,-2.2707,1.9161,10.9972,-0.1146,3.0000,0.0000,0.0000,0,15.6465,800.9659,995.0756,898.0208,97.0549,9.1151,-10.6312,820.7121,993.5596
32.075,1,0,learned,4.5808,45.4212,2.2587,0.0501,3.0298,3.0302,0.4670,2.1315,3.1293,-2.3078,1.9161,10.8586,-0.1272,3.0000,0.0000,0.0000,0,15.6465,858.4994,990.0725,924.2859,65.7865,8.9561,-10.5073,877.9628,988.5213
32.125,1,0,learned,4.5591,45.5846,2.2781,-0.0435,3.0522,3.0525,0.4580,2.1340,3.1293,-2.3426,1.9161,10.7088,-0.1441,3.0000,0.0000,0.0000,0,15.6465,860.6176,994.0836,927.3506,66.7330,8.8937,-10.4559,879.9673,992.5214
32.175,1,0,learned,4.5338,45.7391,2.2970,-0.1400,3.0854,3.0886,0.4525,2.1355,3.1293,-2.3712,1.9161,10.5651,-0.1615,3.0000,0.0000,0.0000,0,15.6465,854.4806,980.0405,917.2606,62.7799,8.7691,-10.4036,873.6533,978.4060
32.225,1,0,learned,4.5015,45.9035,2.3245,-0.2364,3.1008,3.1098,0.4260,2.1371,3.1293,-2.3964,1.9161,10.4095,-0.1874,3.0000,0.0000,0.0000,0,15.6465,879.7467,981.7870,930.7669,51.0201,8.7137,-10.2662,898.7266,980.2345
32.275,1,0,learned,4.4659,46.0589,2.3422,-0.3372,3.1281,3.1462,0.4093,2.1377,3.1293,-2.4155,1.9161,10.2600,-0.2045,3.0000,0.0000,0.0000,0,15.6465,888.6007,991.5480,940.0744,51.4736,8.5855,-10.1645,907.3507,989.9689
32.326,1,0,learned,4.4659,46.0589,2.3592,-0.3372,3.1281,3.1462,0.4017,2.1377,3.1293,-2.4155,1.9161,10.2600,-0.2215,3.0000,0.0000,0.0000,0,15.6465,884.3670,991.0042,937.6856,53.3186,8.6072,-10.1701,903.1443,989.4413
32.376,1,0,learned,4.4229,46.2239,2.3717,-0.4353,3.1369,3.1670,0.3852,2.1385,3.1293,-2.4309,1.9161,10.0988,-0.2332,3.0000,0.0000,0.0000,0,15.6465,896.1930,985.1917,940.6924,44.4994,8.5384,-10.0204,914.7518,983.7096
32.425,1,0,learned,4.3777,46.3793,2.3877,-0.5367,3.1569,3.2022,0.3655,2.1383,3.1293,-2.4409,1.9161,9.9445,-0.2494,3.0000,0.0000,0.0000,0,15.6465,876.1575,989.9620,933.0598,56.9022,8.4169,-9.8647,894.4392,988.5141
32.475,1,0,learned,4.3246,46.5438,2.4068,-0.6334,3.1585,3.2213,0.3718,2.1382,3.1293,-2.4467,1.9161,9.7785,-0.2686,3.0000,0.0000,0.0000,0,15.6465,918.8207,993.7861,956.3034,37.4827,8.3639,-9.9005,937.0851,992.2494
32.525,1,0,learned,4.2702,46.6985,2.4216,-0.7334,3.1712,3.2549,0.3365,2.1373,3.1293,-2.4479,1.9161,9.6202,-0.2843,3.0000,0.0000,0.0000,0,15.6465,961.9349,986.3468,974.1409,12.2059,8.2276,-9.6515,979.8141,984.9229
32.575,1,0,learned,4.2702,46.6985,2.4359,-0.7334,3.1712,3.2549,0.3342,2.1373,3.1293,-2.4479,1.9161,9.6202,-0.2986,3.0000,0.0000,0.0000,0,15.6465,947.0141,982.5646,964.7894,17.7753,8.2478,-9.6739,964.9358,981.1385
32.625,1,0,learned,4.2079,46.8618,2.4531,-0.8265,3.1653,3.2714,0.2980,2.1366,3.1293,-2.4445,1.9161,9.4504,-0.3166,3.0000,0.0000,0.0000,0,15.6465,958.7171,970.4689,964.5930,5.8759,8.1996,-9.3825,976.2992,969.2861
32.675,1,0,learned,4.1450,47.0150,2.4663,-0.9233,3.1705,3.3022,0.3257,2.1350,3.1293,-2.4371,1.9161,9.2887,-0.3313,3.0000,0.0000,0.0000,0,15.6465,965.9084,984.5275,975.2179,9.3095,8.0948,-9.5341,983.5372,983.0881
32.725,1,0,learned,4.0736,47.1766,2.4791,-1.0130,3.1579,3.3164,0.2900,2.1335,3.1293,-2.4247,1.9161,9.1155,-0.3455,3.0000,0.0000,0.0000,0,15.6465,989.2116,981.1226,985.1671,-4.0445,8.0510,-9.2316,1000.0000,979.9420
32.775,1,0,learned,4.0024,47.3279,2.4943,-1.1071,3.1565,3.3451,0.2720,2.1313,3.1293,-2.4089,1.9161,8.9509,-0.3629,3.0000,0.0000,0.0000,0,15.6465,976.2782,942.3294,959.3038,-16.9744,7.9377,-9.0125,993.2284,941.2546
32.825,1,0,learned,3.9228,47.4870,2.5059,-1.1920,3.1374,3.3562,0.2607,2.1292,3.1293,-2.3878,1.9161,8.7751,-0.3767,3.0000,0.0000,0.0000,0,15.6465,963.3790,954.3105,958.8447,-4.5342,7.9198,-8.8510,980.1497,953.3793
32.876,1,0,learned,3.8442,47.6358,2.5199,-1.2813,3.1298,3.3819,0.2533,2.1264,3.1293,-2.3642,1.9161,8.6083,-0.3934,3.0000,0.0000,0.0000,0,15.6465,968.5626,936.0540,952.3083,-16.2543,7.8188,-8.7176,985.0989,935.1552
32.926,1,0,learned,3.8442,47.6358,2.5278,-1.2813,3.1298,3.3819,0.2303,2.1264,3.1293,-2.3642,1.9161,8.6083,-0.4014,3.0000,0.0000,0.0000,0,15.6465,965.2822,979.4364,972.3593,7.0771,7.8386,-8.6323,981.7531,978.6427
32.976,1,0,learned,3.7571,47.7921,2.5406,-1.3600,3.1051,3.3899,0.2355,2.1237,3.1293,-2.3351,1.9161,8.4306,-0.4169,3.0000,0.0000,0.0000,0,15.6465,973.4376,987.0111,980.2244,6.7867,7.8337,-8.5771,989.8485,986.2677
33.026,1,0,learned,3.6720,47.9379,2.5504,-1.4426,3.0915,3.4115,0.2185,2.1205,3.1293,-2.3044,1.9161,8.2626,-0.4299,3.0000,0.0000,0.0000,0,15.6465,966.4637,915.3310,940.8973,-25.5663,7.7286,-8.2930,982.4853,914.7666
33.075,1,0,learned,3.5786,48.0907,2.5573,-1.5129,3.0609,3.4144,0.2390,2.1173,3.1293,-2.2683,1.9161,8.0842,-0.4401,3.0000,0.0000,0.0000,0,15.6465,973.6619,831.1808,902.4213,-71.2405,7.7134,-8.2229,989.5981,830.6713
33.125,1,0,learned,3.4880,48.2331,2.5686,-1.5880,3.0422,3.4318,0.2185,2.1136,3.1293,-2.2312,1.9161,7.9157,-0.4549,3.0000,0.0000,0.0000,0,15.6465,967.9591,801.4297,884.6944,-83.2647,7.6387,-7.9512,983.5489,801.1172
33.176,1,0,learned,3.4880,48.2331,2.5729,-1.5880,3.0422,3.4318,0.2055,2.1136,3.1293,-2.2312,1.9161,7.9157,-0.4593,3.0000,0.0000,0.0000,0,15.6465,969.5534,817.4048,893.4791,-76.0743,7.6472,-7.8924,985.0930,817.1597
33.226,1,0,learned,3.3891,48.3824,2.5832,-1.6508,3.0077,3.4309,0.1930,2.1100,3.1293,-2.1887,1.9161,7.7369,-0.4733,3.0000,0.0000,0.0000,0,15.6465,957.3451,797.1965,877.2708,-80.0743,7.6717,-7.6438,972.6605,797.2244
33.275,1,0,learned,3.2940,48.5208,2.5872,-1.7171,2.9829,3.4418,0.1670,2.1060,3.1293,-2.1460,1.9161,7.5690,-0.4812,3.0000,0.0000,0.0000,0,15.6465,968.9354,776.6028,872.7691,-96.1663,7.6176,-7.3031,983.8561,776.9172
33.326,1,0,learned,3.2940,48.5208,2.5947,-1.7171,2.9829,3.4418,0.1525,2.1060,3.1293,-2.1460,1.9161,7.5690,-0.4887,3.0000,0.0000,0.0000,0,15.6465,975.5143,776.5505,876.0324,-99.4819,7.6245,-7.2329,990.3717,776.9421
33.375,1,0,learned,3.1911,48.6650,2.6033,-1.7691,2.9410,3.4321,0.1413,2.1021,3.1293,-2.0980,1.9161,7.3919,-0.5012,3.0000,0.0000,0.0000,0,15.6465,980.8098,710.7076,845.7587,-135.0511,7.6754,-6.9363,995.4215,711.4467
33.425,1,0,learned,3.0927,48.7985,2.6065,-1.8255,2.9092,3.4345,0.1133,2.0979,3.1293,-2.0506,1.9161,7.2260,-0.5086,3.0000,0.0000,0.0000,0,15.6465,966.4930,798.9031,882.6981,-83.7950,7.7030,-6.6314,980.8274,799.9747
33.475,1,0,learned,2.9867,48.9375,2.6125,-1.8680,2.8619,3.4176,0.1028,2.0937,3.1293,-1.9979,1.9161,7.0512,-0.5188,3.0000,0.0000,0.0000,0,15.6465,959.5961,772.8369,866.2165,-93.3796,7.8050,-6.3367,973.7379,774.3052
33.525,1,0,learned,2.8856,49.0661,2.6192,-1.9158,2.8251,3.4134,0.0995,2.0893,3.1293,-1.9463,1.9161,6.8878,-0.5298,3.0000,0.0000,0.0000,0,15.6465,977.7018,742.2282,859.9650,-117.7368,7.8322,-6.1274,991.6614,743.9329
33.575,1,0,learned,2.8856,49.0661,2.6216,-1.9158,2.8251,3.4134,0.1000,2.0893,3.1293,-1.9463,1.9161,6.8878,-0.5322,3.0000,0.0000,0.0000,0,15.6465,971.5728,646.7496,809.1612,-162.4116,7.8031,-6.0710,985.4468,648.4817
33.625,1,0,learned,2.7770,49.1998,2.6259,-1.9501,2.7744,3.3912,0.0813,2.0849,3.1293,-1.8894,1.9161,6.7157,-0.5411,3.0000,0.0000,0.0000,0,15.6465,972.4320,687.0903,829.7611,-142.6709,7.9549,-5.7468,986.1338,689.2984
33.675,1,0,learned,2.6736,49.3236,2.6298,-1.9910,2.7353,3.3832,0.0573,2.0802,3.1293,-1.8340,1.9161,6.5548,-0.5496,3.0000,0.0000,0.0000,0,15.6465,966.5930,659.0258,812.8094,-153.7836,8.0018,-5.3560,979.9508,661.6716
33.727,1,0,learned,2.6736,49.3236,2.6323,-1.9910,2.7353,3.3832,0.0635,2.0802,3.1293,-1.8340,1.9161,6.5548,-0.5521,3.0000,0.0000,0.0000,0,15.6465,978.4280,596.6449,787.5364,-190.8915,7.9823,-5.3769,991.7872,599.2502
33.776,1,0,learned,2.5630,49.4522,2.6356,-2.0182,2.6829,3.3573,0.0288,2.0754,3.1293,-1.7734,1.9161,6.3857,-0.5602,3.0000,0.0000,0.0000,0,15.6465,974.2973,552.3128,763.3050,-210.9922,8.1266,-4.8599,987.2838,555.5795
33.826,1,0,learned,2.4581,49.5710,2.6367,-2.0519,2.6413,3.3447,0.0208,2.0705,3.1293,-1.7149,1.9161,6.2280,-0.5662,3.0000,0.0000,0.0000,0,15.6465,974.1566,518.4424,746.2995,-227.8571,8.1958,-4.5666,986.9190,522.0715
33.875,1,0,learned,2.3461,49.6943,2.6387,-2.0722,2.5873,3.3148,-0.0253,2.0654,3.1293,-1.6512,1.9161,6.0625,-0.5732,3.0000,0.0000,0.0000,0,15.6465,973.2433,573.9424,773.5928,-199.6504,8.4003,-4.0040,985.6475,578.3386
33.926,1,0,learned,2.2402,49.8079,2.6395,-2.0991,2.5431,3.2975,-0.0275,2.0603,3.1293,-1.5900,1.9161,5.9085,-0.5792,3.0000,0.0000,0.0000,0,15.6465,955.2219,531.5261,743.3740,-211.8479,8.4975,-3.7332,967.4526,536.2904
33.976,1,0,learned,2.2402,49.8079,2.6395,-2.0991,2.5431,3.2975,-0.0445,2.0603,3.1293,-1.5900,1.9161,5.9085,-0.5791,3.0000,0.0000,0.0000,0,15.6465,970.5858,478.6176,724.6017,-245.9841,8.4759,-3.5828,982.6444,483.5107
34.025,1,0,learned,2.1275,49.9255,2.6388,-2.1126,2.4869,3.2631,-0.0450,2.0550,3.1293,-1.5238,1.9161,5.7474,-0.5838,3.0000,0.0000,0.0000,0,15.6465,979.2476,474.3298,726.7887,-252.4589,8.6887,-3.3109,991.2473,479.7076
34.075,1,0,learned,2.0210,50.0339,2.6374,-2.1340,2.4412,3.2425,-0.0825,2.0497,3.1293,-1.4602,1.9161,5.5975,-0.5877,3.0000,0.0000,0.0000,0,15.6465,971.5179,465.7050,718.6114,-252.9065,8.8157,-2.7775,983.1111,471.7431
34.125,1,0,learned,2.0210,50.0339,2.6352,-2.1340,2.4412,3.2425,-0.1018,2.0497,3.1293,-1.4602,1.9161,5.5975,-0.5855,3.0000,0.0000,0.0000,0,15.6465,968.8015,437.4168,703.1091,-265.6924,8.8019,-2.6098,980.2132,443.6088
34.175,1,0,learned,1.9078,50.1462,2.6313,-2.1424,2.3848,3.2058,-0.1160,2.0441,3.1293,-1.3918,1.9161,5.4408,-0.5872,3.0000,0.0000,0.0000,0,15.6465,979.3263,445.8236,712.5750,-266.7514,9.0334,-2.2182,990.5779,452.6388
34.225,1,0,learned,1.8011,50.2495,2.6294,-2.1587,2.3384,3.1824,-0.1525,2.0386,3.1293,-1.3263,1.9161,5.2952,-0.5908,3.0000,0.0000,0.0000,0,15.6465,982.9769,445.8847,714.4308,-268.5461,9.1834,-1.6884,993.8488,453.3797
34.275,1,0,learned,1.6878,50.3565,2.6236,-2.1626,2.2822,3.1441,-0.1618,2.0327,3.1293,-1.2559,1.9161,5.1431,-0.5909,3.0000,0.0000,0.0000,0,15.6465,981.7792,422.5069,702.1430,-279.6362,9.4169,-1.3108,992.5069,430.6129
34.326,1,0,learned,1.5811,50.4551,2.6181,-2.1747,2.2365,3.1195,-0.1805,2.0269,3.1293,-1.1889,1.9161,5.0018,-0.5911,3.0000,0.0000,0.0000,0,15.6465,980.5385,395.4131,687.9758,-292.5627,9.5647,-0.8924,990.9956,404.0854
34.375,1,0,learned,1.5811,50.4551,2.6117,-2.1747,2.2365,3.1195,-0.1933,2.0269,3.1293,-1.1889,1.9161,5.0018,-0.5847,3.0000,0.0000,0.0000,0,15.6465,979.3348,357.3289,668.3319,-311.0030,9.5426,-0.7582,989.6356,366.1133
34.425,1,0,learned,1.4678,50.5573,2.6045,-2.1755,2.1825,3.0815,-0.2170,2.0208,3.0380,-1.1169,1.9161,4.8542,-0.5837,3.0000,0.0000,0.0000,0,15.6465,974.9880,323.4566,649.2223,-325.7657,9.1808,-0.6714,984.8402,331.9660
34.475,1,0,learned,1.3610,50.6517,2.5986,-2.1853,2.1394,3.0582,-0.2285,2.0148,2.9521,-1.0483,1.9161,4.7169,-0.5838,3.0000,0.0000,0.0000,0,15.6465,975.5776,404.2579,689.9178,-285.6599,8.8023,-0.7074,985.0873,412.3528
34.525,1,0,learned,1.2478,50.7497,2.5900,-2.1836,2.0883,3.0215,-0.2415,2.0084,2.8624,-0.9750,1.9161,4.5736,-0.5816,3.0000,0.0000,0.0000,0,15.6465,965.8151,362.3232,664.0691,-301.7459,8.4319,-0.6903,974.9373,370.0649
34.576,1,0,learned,1.1413,50.8401,2.5782,-2.1906,2.0471,2.9982,-0.2795,2.0021,2.7792,-0.9054,1.9161,4.4407,-0.5761,3.0000,0.0000,0.0000,0,15.6465,962.1427,270.1160,616.1293,-346.0133,7.9914,-0.4598,970.5938,277.6476
34.625,1,0,learned,1.1413,50.8401,2.5704,-2.1906,2.0471,2.9982,-0.3023,2.0021,2.7792,-0.9054,1.9161,4.4407,-0.5683,3.0000,0.0000,0.0000,0,15.6465,944.9006,201.1331,573.0168,-371.8837,7.9581,-0.2355,953.0942,208.8557
34.675,1,0,learned,1.0285,50.9340,2.5567,-2.1865,1.9989,2.9625,-0.3143,1.9955,2.6924,-0.8310,1.9161,4.3018,-0.5612,3.0000,0.0000,0.0000,0,15.6465,951.9034,267.9251,609.9143,-341.9891,7.6262,-0.1865,959.7161,275.3648
34.726,1,0,learned,0.9222,51.0209,2.5479,-2.1920,1.9614,2.9414,-0.3335,1.9890,2.6117,-0.7604,1.9161,4.1729,-0.5589,3.0000,0.0000,0.0000,0,15.6465,972.3089,326.4146,649.3617,-322.9471,7.2356,-0.0966,979.6411,333.5536
34.775,1,0,learned,0.8099,51.1111,2.5355,-2.1855,1.9160,2.9064,-0.3590,1.9821,2.5277,-0.6853,1.9161,4.0387,-0.5534,3.0000,0.0000,0.0000,0,15.6465,960.2739,231.7909,596.0324,-364.2415,6.8530,0.0647,967.0621,238.7087
34.825,1,0,learned,0.7046,51.1942,2.5190,-2.1871,1.8792,2.8835,-0.3645,1.9755,2.4501,-0.6143,1.9161,3.9148,-0.5435,3.0000,0.0000,0.0000,0,15.6465,954.2712,234.3533,594.3123,-359.9589,6.4582,0.0961,960.6333,240.9076
34.877,1,0,learned,0.7046,51.1942,2.5121,-2.1871,1.8792,2.8835,-0.3745,1.9755,2.4501,-0.6143,1.9161,3.9148,-0.5366,3.0000,0.0000,0.0000,0,15.6465,966.9727,195.3605,581.1666,-385.8061,6.4360,0.2097,973.1990,202.0063
34.926,1,0,learned,0.5932,51.2809,2.4940,-2.1783,1.8366,2.8492,-0.4065,1.9685,2.3693,-0.5388,1.9161,3.7856,-0.5255,3.0000,0.0000,0.0000,0,15.6465,962.7288,182.4583,572.5936,-390.1352,6.0829,0.4996,968.3121,189.0409
34.975,1,0,learned,0.4885,51.3611,2.4827,-2.1790,1.8036,2.8286,-0.4145,1.9617,2.2944,-0.4674,1.9161,3.6660,-0.5210,3.0000,0.0000,0.0000,0,15.6465,945.8332,214.9884,580.4108,-365.4224,5.6976,0.5552,950.9755,221.2413
35.025,1,0,learned,0.4885,51.3611,2.4670,-2.1790,1.8036,2.8286,-0.4280,1.9617,2.2944,-0.4674,1.9161,3.6660,-0.5053,3.0000,0.0000,0.0000,0,15.6465,950.5081,190.8389,570.6735,-379.8346,5.6722,0.7573,955.4229,197.2684
35.075,1,0,learned,0.3778,51.4447,2.4463,-2.1689,1.7645,2.7960,-0.4383,1.9545,2.2166,-0.3916,1.9161,3.5417,-0.4918,3.0000,0.0000,0.0000,0,15.6465,928.3342,192.8538,560.5940,-367.7402,5.3214,0.9064,932.7491,199.0816
35.125,1,0,learned,0.2738,51.5222,2.4335,-2.1683,1.7344,2.7766,-0.4637,1.9475,2.1447,-0.3200,1.9161,3.4269,-0.4860,3.0000,0.0000,0.0000,0,15.6465,916.7620,113.6902,515.2261,-401.5359,4.9002,1.1001,920.5621,119.6905
35.176,1,0,learned,0.1639,51.6032,2.4068,-2.1573,1.6988,2.7459,-0.4900,1.9402,2.0701,-0.2439,1.9161,3.3075,-0.4666,3.0000,0.0000,0.0000,0,15.6465,925.7018,86.5220,506.1119,-419.5899,4.5314,1.4375,928.7957,92.4908
35.226,1,0,learned,0.0607,51.6785,2.3929,-2.1561,1.6728,2.7289,-0.4940,1.9331,2.0011,-0.1723,1.9161,3.1974,-0.4597,3.0000,0.0000,0.0000,0,15.6465,923.3015,70.9971,497.1493,-426.1522,4.1222,1.4866,925.9371,76.6059
35.276,1,0,learned,-0.0484,51.7572,2.3740,-2.1444,1.6412,2.7004,-0.4910,1.9257,1.9296,-0.0963,1.9161,3.0832,-0.4483,3.0000,0.0000,0.0000,0,15.6465,853.3459,67.3722,460.3591,-392.9868,3.7717,1.5404,855.5771,72.6843
35.326,1,0,learned,-0.1507,51.8303,2.3497,-2.1417,1.6175,2.6839,-0.5125,1.9185,1.8640,-0.0248,1.9161,2.9784,-0.4312,3.0000,0.0000,0.0000,0,15.6465,807.6767,34.8873,421.2820,-386.3947,3.3618,1.8344,809.2041,40.0836
35.376,1,0,learned,-0.1507,51.8303,2.3296,-2.1417,1.6175,2.6839,-0.5218,1.9185,1.8640,-0.0248,1.9161,2.9784,-0.4111,3.0000,0.0000,0.0000,0,14.9733,730.3332,10.4915,370.4124,-359.9209,3.3409,2.0474,731.6267,15.8798
35.425,1,0,learned,-0.2586,51.9066,2.3090,-2.1286,1.5876,2.6554,-0.5305,1.1209,2.9947,-2.4419,0.8810,16.6619,-1.1882,3.0000,0.0000,0.0000,0,14.9733,720.8937,4.5679,362.7308,-358.1629,9.0496,-8.3881,738.3314,5.2294
35.476,1,0,learned,-0.3598,51.9775,2.2932,-2.1241,1.5652,2.6386,-0.5497,1.1098,2.9947,-2.3188,0.8810,16.6539,-1.1835,3.0000,0.0000,0.0000,0,14.9733,683.0755,-74.6797,304.1979,-378.8776,9.1653,-7.9842,700.2250,-73.4987
35.526,1,0,learned,-0.4658,52.0512,2.2666,-2.1073,1.5358,2.6076,-0.5610,1.0984,2.9947,-2.1900,0.8810,16.6471,-1.1681,3.0000,0.0000,0.0000,0,14.9733,678.7045,-47.2350,315.7347,-362.9697,9.3778,-7.6489,695.7312,-45.5062
35.576,1,0,learned,-0.5645,52.1193,2.2503,-2.0970,1.5122,2.5853,-0.5388,1.0876,2.9947,-2.0706,0.8810,16.6420,-1.1627,3.0000,0.0000,0.0000,0,14.9733,670.4434,-65.5278,302.4578,-367.9856,9.5458,-7.5377,687.5269,-63.5196
35.625,1,0,learned,-0.5645,52.1193,2.2284,-2.0970,1.5122,2.5853,-0.5493,1.0876,2.9947,-2.0706,0.8810,16.6420,-1.1408,3.0000,0.0000,0.0000,0,14.9733,775.8363,-137.8879,318.9742,-456.8621,9.4809,-7.4295,792.7467,-135.8364
35.675,1,0,learned,-0.6675,52.1898,2.2008,-2.0737,1.4809,2.5482,-0.5785,1.0766,2.9947,-1.9463,0.8810,16.6381,-1.1242,3.0000,0.0000,0.0000,0,14.9733,885.4527,-231.1426,327.1550,-558.2977,9.6666,-6.9593,902.0787,-228.4353
35.726,1,0,learned,-0.7632,52.2546,2.1839,-2.0576,1.4549,2.5200,-0.5677,1.0661,2.9947,-1.8313,0.8810,16.6358,-1.1179,3.0000,0.0000,0.0000,0,14.9733,988.7926,-175.3340,406.7293,-582.0633,9.8795,-6.8485,1000.0000,-172.3030
35.776,1,0,learned,-0.8633,52.3218,2.1614,-2.0311,1.4222,2.4795,-0.5747,1.0553,2.9947,-1.7113,0.8810,16.6349,-1.1061,3.0000,0.0000,0.0000,0,14.9733,955.0439,-282.9017,336.0711,-618.9728,10.0902,-6.4606,971.5948,-279.2721
35.825,1,0,learned,-0.9568,52.3837,2.1327,-2.0145,1.3960,2.4509,-0.6240,1.0448,2.9947,-1.5997,0.8810,16.6354,-1.0879,3.0000,0.0000,0.0000,0,14.9733,967.0294,-361.6808,302.6743,-664.3551,10.2265,-5.8551,983.1109,-357.3095
35.876,1,0,learned,-0.9568,52.3837,2.1091,-2.0145,1.3960,2.4509,-0.6182,1.0448,2.9947,-1.5997,0.8810,16.6354,-1.0643,3.0000,0.0000,0.0000,0,14.9733,997.6293,-364.4355,316.5969,-681.0324,10.1898,-5.8392,1000.0000,-360.0849
35.925,1,0,learned,-1.0557,52.4487,2.0908,-1.9919,1.3666,2.4156,-0.6555,1.0338,2.9947,-1.4821,0.8810,16.6373,-1.0570,3.0000,0.0000,0.0000,0,14.9733,995.1833,-294.4519,350.3657,-644.8176,10.4327,-5.3715,1000.0000,-289.3906
35.975,1,0,learned,-1.1487,52.5094,2.0593,-1.9811,1.3461,2.3952,-0.7105,1.0230,2.9947,-1.3718,0.8810,16.6402,-1.0363,3.0000,0.0000,0.0000,0,14.9733,979.9995,-352.6530,313.6732,-666.3263,10.5283,-4.7308,995.2587,-346.8556
36.025,1,0,learned,-1.2471,52.5730,2.0330,-1.9634,1.3216,2.3667,-0.7055,1.0117,2.9947,-1.2554,0.8810,16.6445,-1.0214,3.0000,0.0000,0.0000,0,14.9733,980.9654,-261.1353,359.9151,-621.0504,10.7358,-4.5082,996.2094,-254.9077
36.076,1,0,learned,-1.3397,52.6327,2.0057,-1.9564,1.3059,2.3522,-0.7263,1.0007,2.9947,-1.1460,0.8810,16.6494,-1.0050,3.0000,0.0000,0.0000,0,14.9733,982.3104,-253.0758,364.6173,-617.6931,10.8320,-4.1170,997.2593,-246.3608
36.126,1,0,learned,-1.3397,52.6327,1.9775,-1.9564,1.3059,2.3522,-0.7610,1.0007,2.9947,-1.1460,0.8810,16.6494,-0.9768,3.0000,0.0000,0.0000,0,14.9733,968.8690,-363.0756,302.8967,-665.9723,10.7457,-3.7868,983.4015,-356.1167
36.177,1,0,learned,-1.4377,52.6963,1.9408,-1.9422,1.2893,2.3312,-0.7768,0.9890,2.9947,-1.0299,0.8810,16.6552,-0.9518,3.0000,0.0000,0.0000,0,14.9733,981.5795,-378.8413,301.3691,-680.2104,10.8555,-3.3793,995.8143,-371.3650
36.226,1,0,learned,-1.5300,52.7571,1.9184,-1.9383,1.2850,2.3256,-0.7825,0.9776,2.9947,-0.9200,0.8810,16.6605,-0.9408,3.0000,0.0000,0.0000,0,14.9733,990.8584,-294.4067,348.2258,-642.6326,10.9364,-3.1213,1000.0000,-286.5917
36.275,1,0,learned,-1.6278,52.8232,1.8800,-1.9267,1.2820,2.3143,-0.7885,0.9655,2.9947,-0.8025,0.8810,16.6657,-0.9145,3.0000,0.0000,0.0000,0,14.9733,995.3245,-332.1201,331.6022,-663.7223,10.9851,-2.7626,1000.0000,-323.8976
36.326,1,0,learned,-1.7197,52.8866,1.8567,-1.9244,1.2901,2.3169,-0.8063,0.9538,2.9947,-0.6912,0.8810,16.6702,-0.9029,3.0000,0.0000,0.0000,0,14.9733,992.4911,-277.7560,357.3676,-635.1235,11.0054,-2.4169,1000.0000,-269.1675
36.375,1,0,learned,-1.7197,52.8866,1.8249,-1.9244,1.2901,2.3169,-0.8385,0.9538,2.9947,-0.6912,0.8810,16.6702,-0.8711,3.0000,0.0000,0.0000,0,14.9733,987.1954,-189.2074,398.9940,-588.2014,10.9718,-2.1412,1000.0000,-180.3768
36.425,1,0,learned,-1.8169,52.9558,1.7843,-1.9132,1.2981,2.3120,-0.8255,0.9413,2.9947,-0.5722,0.8810,16.6742,-0.8430,3.0000,0.0000,0.0000,0,14.9733,993.7394,-154.5280,419.6057,-574.1337,11.0032,-1.9077,1000.0000,-145.4325
36.475,1,0,learned,-1.9079,53.0231,1.7598,-1.9099,1.3187,2.3209,-0.8480,0.9294,2.9947,-0.4592,0.8810,16.6768,-0.8304,3.0000,0.0000,0.0000,0,14.9733,983.1100,-153.8084,414.6508,-568.4592,10.9661,-1.5106,995.5867,-144.3528
36.526,1,0,learned,-2.0035,53.0971,1.7181,-1.8958,1.3397,2.3214,-0.8370,0.9166,2.9947,-0.3383,0.8810,16.6777,-0.8015,3.0000,0.0000,0.0000,0,14.9733,973.9056,-220.9440,376.4808,-597.4248,10.9362,-1.2379,986.0797,-211.2457
36.581,1,0,learned,-2.0925,53.1699,1.6931,-1.8873,1.3751,2.3351,-0.8347,0.9045,2.9947,-0.2234,0.8810,16.6762,-0.7887,3.0000,0.0000,0.0000,0,14.9733,987.6682,-159.1490,414.2596,-573.4086,10.8914,-1.0190,999.5786,-149.2766
36.625,1,0,learned,-2.0925,53.1699,1.6596,-1.8873,1.3751,2.3351,-0.8460,0.9045,2.9947,-0.2234,0.8810,16.6762,-0.7551,3.0000,0.0000,0.0000,0,14.9733,975.4458,-101.8465,436.7997,-538.6462,10.8457,-0.8440,987.1355,-91.8448
36.679,1,0,learned,-2.2707,53.3301,1.6091,-1.8495,1.4594,2.3559,-0.8360,0.8793,2.9947,0.0160,0.8810,16.6646,-0.7298,3.0000,0.0000,0.0000,0,14.9733,984.9973,-204.7118,390.1428,-594.8545,10.7313,-0.3846,996.1132,-194.3650
36.726,1,0,learned,-2.2707,53.3301,1.6005,-1.8495,1.4594,2.3559,-0.8563,0.8793,2.9947,0.0160,0.8810,16.6646,-0.7212,3.0000,0.0000,0.0000,0,14.9733,983.5706,-177.7473,402.9116,-580.6590,10.7177,-0.2325,994.5209,-167.2621
36.776,1,0,learned,-2.3593,53.4177,1.5585,-1.8204,1.5044,2.3615,-0.8337,0.8663,2.9947,0.1401,0.8810,16.6540,-0.6922,3.0000,0.0000,0.0000,0,14.9733,984.1641,-202.9296,390.6172,-593.5469,10.6697,-0.0569,994.8907,-192.3168
36.826,1,0,learned,-2.4406,53.5035,1.5162,-1.7949,1.5613,2.3789,-0.8413,0.8541,2.9947,0.2574,0.8810,16.6408,-0.6621,3.0000,0.0000,0.0000,0,14.9733,982.5449,-125.4301,428.5574,-553.9875,10.5702,0.2728,992.8423,-114.5871
36.876,1,0,learned,-2.4406,53.5035,1.4910,-1.7949,1.5613,2.3789,-0.8405,0.8541,2.9947,0.2574,0.8810,16.6408,-0.6370,3.0000,0.0000,0.0000,0,14.9733,995.4960,-226.3808,384.5576,-610.9384,10.4993,0.3707,1000.0000,-215.5108
36.925,1,0,learned,-2.5243,53.5979,1.4488,-1.7580,1.6121,2.3852,-0.8538,0.8411,2.9947,0.3821,0.8810,16.6237,-0.6077,3.0000,0.0000,0.0000,0,14.9733,982.9515,-219.9228,381.5144,-601.4371,10.4444,0.7654,992.6304,-208.7129
36.975,1,0,learned,-2.6009,53.6898,1.4150,-1.7253,1.6726,2.4030,-0.8523,0.8290,2.9947,0.4996,0.8810,16.6047,-0.5860,3.0000,0.0000,0.0000,0,14.9733,960.8746,-117.1019,421.8863,-538.9882,10.3655,1.0080,970.2320,-105.7284
37.026,1,0,learned,-2.6792,53.7906,1.3728,-1.6814,1.7257,2.4094,-0.8438,0.8161,2.9947,0.6242,0.8810,16.5810,-0.5567,3.0000,0.0000,0.0000,0,14.9733,970.2269,-30.2515,469.9877,-500.2392,10.3321,1.2442,979.3148,-18.6752
37.075,1,0,learned,-2.7503,53.8884,1.3473,-1.6413,1.7880,2.4272,-0.8563,0.8042,2.9947,0.7413,0.8810,16.5557,-0.5431,3.0000,0.0000,0.0000,0,14.9733,994.4371,68.5218,531.4794,-462.9576,10.2579,1.5339,1000.0000,80.3137
37.126,1,0,learned,-2.8224,53.9951,1.3134,-1.5906,1.8407,2.4327,-0.8438,0.7916,2.9947,0.8648,0.8810,16.5253,-0.5218,3.0000,0.0000,0.0000,0,14.9733,996.3797,17.0964,506.7380,-489.6416,10.2151,1.7306,1000.0000,29.0421
37.176,1,0,learned,-2.8869,54.0986,1.2712,-1.5412,1.9040,2.4497,-0.8375,0.7800,2.9947,0.9805,0.8810,16.4930,-0.4912,3.0000,0.0000,0.0000,0,14.9733,996.3849,22.5114,509.4481,-486.9368,10.1005,1.9701,1000.0000,34.5820
37.226,1,0,learned,-2.8869,54.0986,1.2459,-1.5412,1.9040,2.4497,-0.8067,0.7800,2.9947,0.9805,0.8810,16.4930,-0.4659,3.0000,0.0000,0.0000,0,14.9733,989.7893,38.0925,513.9409,-475.8484,10.0663,1.8662,997.9894,50.0250
37.275,1,0,learned,-2.9509,54.2123,1.2209,-1.4792,1.9605,2.4559,-0.8135,0.7676,2.9947,1.1022,0.8810,16.4539,-0.4532,3.0000,0.0000,0.0000,0,14.9733,987.0572,-6.8141,490.1215,-496.9356,10.0327,2.1385,994.9514,5.3571
37.325,1,0,learned,-3.0068,54.3228,1.1876,-1.4161,2.0289,2.4742,-0.8165,0.7564,2.9947,1.2156,0.8810,16.4123,-0.4312,3.0000,0.0000,0.0000,0,14.9733,969.0469,39.3712,504.2091,-464.8378,9.9351,2.3876,976.5945,51.6939
37.376,1,0,learned,-3.0068,54.3228,1.1547,-1.4161,2.0289,2.4742,-0.8153,0.7564,2.9947,1.2156,0.8810,16.4123,-0.3982,3.0000,0.0000,0.0000,0,14.9733,976.0182,67.2419,521.6301,-454.3881,9.8783,2.4957,983.4008,79.6159
37.425,1,0,learned,-3.0609,54.4435,1.1220,-1.3411,2.0873,2.4810,-0.8053,0.7446,2.9947,1.3342,0.8810,16.3631,-0.3774,3.0000,0.0000,0.0000,0,14.9733,995.3124,4.1998,499.7561,-495.5563,9.8297,2.6669,1000.0000,16.6963
37.475,1,0,learned,-3.1072,54.5601,1.1058,-1.2658,2.1556,2.4998,-0.7863,0.7339,2.9947,1.4441,0.8810,16.3122,-0.3719,3.0000,0.0000,0.0000,0,14.9733,988.8731,22.4759,505.6745,-483.1986,9.7634,2.7003,995.9362,34.9396
37.525,1,0,learned,-3.1072,54.5601,1.0735,-1.2658,2.1556,2.4998,-0.7923,0.7339,2.9947,1.4441,0.8810,16.3122,-0.3396,3.0000,0.0000,0.0000,0,14.9733,999.4046,-8.4896,495.4575,-503.9471,9.6939,2.8543,1000.0000,4.0586
37.575,1,0,learned,-3.1876,54.8089,1.0255,-1.0971,2.2782,2.5286,-0.7778,0.7126,2.9947,1.6644,0.8810,16.1931,-0.3129,3.0000,0.0000,0.0000,0,14.9733,993.6984,101.4180,547.5582,-446.1402,9.5911,3.1263,1000.0000,114.1354
37.625,1,0,learned,-3.1876,54.8089,1.0096,-1.0971,2.2782,2.5286,-0.7710,0.7126,2.9947,1.6644,0.8810,16.1931,-0.2970,3.0000,0.0000,0.0000,0,14.9733,994.0884,128.9333,561.5109,-432.5775,9.5682,3.1397,1000.0000,141.6413
37.675,1,0,learned,-3.2211,54.9410,0.9700,-1.0064,2.3307,2.5387,-0.7888,0.7020,2.9947,1.7743,0.8810,16.1246,-0.2680,3.0000,0.0000,0.0000,0,14.9733,987.2608,203.6829,595.4718,-391.7890,9.5077,3.4978,993.2707,216.6884
37.725,1,0,learned,-3.2478,55.0678,0.9465,-0.9167,2.3926,2.5622,-0.7745,0.6927,2.9947,1.8756,0.8810,16.0559,-0.2538,3.0000,0.0000,0.0000,0,14.9733,971.5235,182.3052,576.9144,-394.6092,9.3979,3.5815,977.3399,195.2846
37.776,1,0,learned,-3.2478,55.0678,0.9228,-0.9167,2.3926,2.5622,-0.7672,0.6927,2.9947,1.8756,0.8810,16.0559,-0.2301,3.0000,0.0000,0.0000,0,14.9733,997.4596,227.3269,612.3933,-385.0663,9.3608,3.6155,1000.0000,240.3032
37.825,1,0,learned,-3.2704,55.2047,0.8917,-0.8201,2.4407,2.5748,-0.7462,0.6828,2.9947,1.9801,0.8810,15.9779,-0.2088,3.0000,0.0000,0.0000,0,14.9733,992.9757,337.2617,665.1187,-327.8570,9.3228,3.7014,998.5971,350.2859
37.875,1,0,learned,-3.2858,55.3358,0.8686,-0.7205,2.4988,2.6006,-0.7585,0.6743,2.9947,2.0755,0.8810,15.8995,-0.1943,3.0000,0.0000,0.0000,0,14.9733,988.4931,326.1449,657.3190,-331.1741,9.1944,3.9424,993.7451,339.2817
37.925,1,0,learned,-3.2858,55.3358,0.8380,-0.7205,2.4988,2.6006,-0.7432,0.6743,2.9947,2.0755,0.8810,15.8995,-0.1637,3.0000,0.0000,0.0000,0,14.9733,994.0219,242.6164,618.3192,-375.7027,9.1308,3.9455,999.2073,255.6927
37.975,1,0,learned,-3.2957,55.4767,0.8003,-0.6142,2.5410,2.6142,-0.7125,0.6654,2.9947,2.1727,0.8810,15.8110,-0.1349,3.0000,0.0000,0.0000,0,14.9733,995.4745,223.4994,609.4870,-385.9876,9.0629,3.9760,1000.0000,236.5383
38.026,1,0,learned,-3.2985,55.6110,0.7929,-0.5032,2.5924,2.6408,-0.7077,0.6578,2.9947,2.2604,0.8810,15.7226,-0.1351,3.0000,0.0000,0.0000,0,14.9733,991.8023,240.9142,616.3583,-375.4440,8.9736,4.0477,996.7282,253.9356
38.076,1,0,learned,-3.2945,55.7548,0.7560,-0.3871,2.6268,2.6552,-0.7163,0.6499,2.9947,2.3488,0.8810,15.6233,-0.1061,3.0000,0.0000,0.0000,0,14.9733,996.2646,320.0967,658.1807,-338.0840,8.9028,4.3232,1000.0000,333.3226
38.125,1,0,learned,-3.2847,55.8909,0.7199,-0.2690,2.6689,2.6825,-0.7067,0.6433,2.9947,2.4279,0.8810,15.5255,-0.0766,3.0000,0.0000,0.0000,0,14.9733,994.0634,427.1028,710.5831,-283.4803,8.7710,4.4767,998.3577,440.3505
38.176,1,0,learned,-3.2847,55.8909,0.7056,-0.2690,2.6689,2.6825,-0.6923,0.6433,2.9947,2.4279,0.8810,15.5255,-0.0623,3.0000,0.0000,0.0000,0,14.9733,992.6232,519.3415,755.9823,-236.6408,8.7604,4.4487,996.9349,532.5506
38.225,1,0,learned,-3.2679,56.0360,0.6701,-0.1506,2.6929,2.6971,-0.7025,0.6364,2.9947,2.5073,0.8810,15.4172,-0.0337,3.0000,0.0000,0.0000,0,14.9733,990.2099,539.5995,764.9047,-225.3052,8.6841,4.7294,994.1646,553.0130
38.276,1,0,learned,-3.2460,56.1731,0.6491,-0.0290,2.7257,2.7259,-0.6815,0.6308,2.9947,2.5776,0.8810,15.3107,-0.0183,3.0000,0.0000,0.0000,0,14.9733,981.6452,578.3835,780.0143,-201.6308,8.5716,4.7587,985.4580,591.7138
38.326,1,0,learned,-3.2460,56.1731,0.6352,-0.0290,2.7257,2.7259,-0.6730,0.6308,2.9947,2.5776,0.8810,15.3107,-0.0044,3.0000,0.0000,0.0000,0,14.9733,984.2677,559.1530,771.7103,-212.5574,8.5481,4.7474,988.0684,572.4485
38.375,1,0,learned,-3.2153,56.3191,0.6010,0.0950,2.7422,2.7439,-0.6595,0.6251,2.9947,2.6468,0.8810,15.1924,0.0240,3.0000,0.0000,0.0000,0,14.9733,992.8813,562.3481,777.6147,-215.2666,8.4669,4.8705,996.4777,575.6855
38.427,1,0,learned,-3.1794,56.4571,0.5811,0.2255,2.7687,2.7778,-0.6205,0.6208,2.9947,2.7070,0.8810,15.0758,0.0396,3.0000,0.0000,0.0000,0,14.9733,992.1924,575.4431,783.8178,-208.3747,8.3375,4.7783,995.7516,588.5589
38.476,1,0,learned,-3.1794,56.4571,0.5614,0.2255,2.7687,2.7778,-0.6092,0.6208,2.9947,2.7070,0.8810,15.0758,0.0593,3.0000,0.0000,0.0000,0,14.9733,982.5898,504.5108,743.5503,-239.0395,8.3043,4.7566,986.1375,517.5717
38.525,1,0,learned,-3.1338,56.6035,0.5296,0.3558,2.7780,2.8007,-0.5850,0.6163,2.9947,2.7650,0.8810,14.9468,0.0867,3.0000,0.0000,0.0000,0,14.9733,970.9131,567.0940,769.0035,-201.9095,8.2180,4.8177,974.3133,580.1297
38.576,1,0,learned,-3.0841,56.7412,0.5171,0.4916,2.7960,2.8389,-0.6128,0.6132,2.9947,2.8143,0.8810,14.8206,0.0962,3.0000,0.0000,0.0000,0,14.9733,993.0421,646.0066,819.5244,-173.5178,8.0495,5.1353,995.9563,659.1914
38.625,1,0,learned,-3.0841,56.7412,0.4925,0.4916,2.7960,2.8389,-0.5693,0.6132,2.9947,2.8143,0.8810,14.8206,0.1207,3.0000,0.0000,0.0000,0,14.9733,992.6691,690.8859,841.7775,-150.8916,8.0293,4.9568,995.7417,703.8721
38.676,1,0,learned,-2.9622,57.0222,0.4567,0.7576,2.8022,2.9028,-0.5665,0.6080,2.9947,2.8991,0.8810,14.5484,0.1513,3.0000,0.0000,0.0000,0,14.9733,983.8598,675.1527,829.5063,-154.3536,7.7750,5.2427,986.3921,688.1704
38.726,1,0,learned,-2.9622,57.0222,0.4450,0.7576,2.8022,2.9028,-0.5733,0.6080,2.9947,2.8991,0.8810,14.5484,0.1630,3.0000,0.0000,0.0000,0,14.9733,994.2498,670.9024,832.5761,-161.6737,7.7491,5.3219,996.6770,683.9734
38.775,1,0,learned,-2.8892,57.1647,0.4220,0.8866,2.7899,2.9274,-0.5405,0.6058,2.9947,2.9335,0.8810,14.4022,0.1838,3.0000,0.0000,0.0000,0,14.9733,990.0644,695.4298,842.7471,-147.3173,7.6709,5.3000,992.4353,708.4006
38.825,1,0,learned,-2.8141,57.2975,0.3996,1.0223,2.7851,2.9668,-0.5365,0.6049,2.9947,2.9601,0.8810,14.2606,0.2054,3.0000,0.0000,0.0000,0,14.9733,988.5646,693.5610,841.0628,-147.5018,7.4951,5.4431,990.6167,706.4992
38.876,1,0,learned,-2.8141,57.2975,0.3886,1.0223,2.7851,2.9668,-0.5190,0.6049,2.9947,2.9601,0.8810,14.2606,0.2164,3.0000,0.0000,0.0000,0,14.9733,997.0407,634.0474,815.5440,-181.4967,7.4846,5.3532,999.1720,646.8851
38.925,1,0,learned,-2.7279,57.4364,0.3616,1.1495,2.7622,2.9918,-0.4918,0.6040,2.9947,2.9819,0.8810,14.1068,0.2423,3.0000,0.0000,0.0000,0,14.9733,997.5363,715.9387,856.7375,-140.7988,7.3925,5.3960,999.5328,728.7272
38.976,1,0,learned,-2.6410,57.5653,0.3460,1.2816,2.7469,3.0311,-0.4813,0.6041,2.9947,2.9969,0.8810,13.9589,0.2581,3.0000,0.0000,0.0000,0,14.9733,996.4069,789.5003,892.9536,-103.4533,7.2267,5.5028,998.1308,802.2298
39.027,1,0,learned,-2.5432,57.6997,0.3203,1.4013,2.7147,3.0550,-0.4948,0.6041,2.9947,3.0071,0.8810,13.7990,0.2838,3.0000,0.0000,0.0000,0,14.9733,994.8263,861.0163,927.9213,-66.9050,7.1134,5.7919,996.1478,873.9217
39.076,1,0,learned,-2.5432,57.6997,0.3003,1.4013,2.7147,3.0550,-0.4805,0.6041,2.9947,3.0071,0.8810,13.7990,0.3038,3.0000,0.0000,0.0000,0,14.9733,979.0926,894.9810,937.0368,-42.0558,7.0909,5.7817,980.4018,907.8536
39.126,1,0,learned,-2.4464,57.8243,0.2857,1.5247,2.6907,3.0926,-0.4632,0.6051,2.9947,3.0116,0.8810,13.6462,0.3195,3.0000,0.0000,0.0000,0,14.9733,983.0738,919.2711,951.1725,-31.9013,6.9335,5.8301,984.1771,932.0347
39.175,1,0,learned,-2.3382,57.9538,0.2616,1.6357,2.6508,3.1148,-0.4440,0.6060,2.9947,3.0107,0.8810,13.4814,0.3444,3.0000,0.0000,0.0000,0,14.9733,973.1760,875.8968,924.5364,-48.6396,6.8567,5.8719,974.1607,888.6254
39.225,1,0,learned,-2.2312,58.0734,0.2478,1.7543,2.6188,3.1521,-0.4435,0.6079,2.9947,3.0042,0.8810,13.3237,0.3602,3.0000,0.0000,0.0000,0,14.9733,992.9703,906.5795,949.7749,-43.1954,6.6816,6.0244,993.6275,919.2855
39.276,1,0,learned,-2.1124,58.1971,0.2252,1.8607,2.5710,3.1737,-0.4183,0.6098,2.9947,2.9913,0.8810,13.1541,0.3846,3.0000,0.0000,0.0000,0,14.9733,997.2422,940.6993,968.9708,-28.2715,6.5966,6.0393,997.7995,953.3352
39.326,1,0,learned,-2.1124,58.1971,0.2080,1.8607,2.5710,3.1737,-0.3910,0.6098,2.9947,2.9913,0.8810,13.1541,0.4018,3.0000,0.0000,0.0000,0,14.9733,994.6852,985.4263,990.0558,-4.6294,6.5826,5.9415,995.3263,997.9504
39.375,1,0,learned,-1.9957,58.3108,0.1956,1.9745,2.5305,3.2097,-0.3700,0.6126,2.9947,2.9737,0.8810,12.9925,0.4171,3.0000,0.0000,0.0000,0,14.9733,994.7688,978.3839,986.5764,-8.1925,6.4300,5.9436,995.2553,990.7576
39.425,1,0,learned,-1.8673,58.4280,0.1716,2.0734,2.4751,3.2288,-0.3553,0.6154,2.9947,2.9492,0.8810,12.8193,0.4438,3.0000,0.0000,0.0000,0,14.9733,941.8786,959.9451,950.9118,9.0332,6.3668,6.0069,942.2385,972.3188
39.475,1,0,learned,-1.7421,58.5353,0.1640,2.1806,2.4272,3.2629,-0.3362,0.6190,2.9947,2.9209,0.8810,12.6547,0.4551,3.0000,0.0000,0.0000,0,14.9733,988.6538,990.2037,989.4288,0.7749,6.2026,6.0082,988.8483,1000.0000
39.526,1,0,learned,-1.6047,58.6456,0.1419,2.2730,2.3660,3.2809,-0.3250,0.6227,2.9947,2.8851,0.8810,12.4786,0.4808,3.0000,0.0000,0.0000,0,14.9733,975.0440,971.8201,973.4320,-1.6120,6.1276,6.0812,975.0904,984.0289
39.575,1,0,learned,-1.4714,58.7464,0.1279,2.3735,2.3125,3.3138,-0.3130,0.6271,2.9947,2.8464,0.8810,12.3115,0.4992,3.0000,0.0000,0.0000,0,14.9733,990.2665,985.4612,987.8639,-2.4027,5.9581,6.1428,990.0818,997.5621
39.625,1,0,learned,-1.4714,58.7464,0.1178,2.3735,2.3125,3.3138,-0.2913,0.6271,2.9947,2.8464,0.8810,12.3115,0.5093,3.0000,0.0000,0.0000,0,14.9733,911.7518,974.6518,943.2018,31.4500,5.9857,6.0374,911.7000,986.6748
39.677,1,0,learned,-1.3264,58.8497,0.1018,2.4568,2.2475,3.3297,-0.2785,0.6316,2.9947,2.8003,0.8810,12.1335,0.5297,3.0000,0.0000,0.0000,0,14.9733,824.2018,980.7116,902.4567,78.2549,5.9450,6.0705,824.0763,992.7271
39.725,1,0,learned,-1.1865,58.9440,0.0926,2.5484,2.1907,3.3606,-0.2818,0.6367,2.9947,2.7524,0.8810,11.9651,0.5441,3.0000,0.0000,0.0000,0,14.9733,841.7061,986.6817,914.1939,72.4878,5.7761,6.2061,841.2760,998.6639
39.783,1,0,learned,-1.0349,59.0405,0.0780,2.6215,2.1240,3.3739,-0.2445,0.6418,2.9947,2.6969,0.8810,11.7860,0.5638,3.0000,0.0000,0.0000,0,14.9733,895.1651,990.4777,942.8214,47.6563,5.7204,6.0602,894.8252,1000.0000
39.825,1,0,learned,-0.8900,59.1283,0.0669,2.7010,2.0648,3.3998,-0.2385,0.6474,2.9947,2.6410,0.8810,11.6175,0.5805,3.0000,0.0000,0.0000,0,14.9733,835.4885,989.9293,912.7089,77.2204,5.6037,6.1259,834.9663,1000.0000
39.876,1,0,learned,-0.8900,59.1283,0.0590,2.7010,2.0648,3.3998,-0.2205,0.6474,2.9947,2.6410,0.8810,11.6175,0.5884,3.0000,0.0000,0.0000,0,14.9733,749.6908,986.5681,868.1295,118.4387,5.6350,6.0378,749.2881,998.2409
39.926,1,0,learned,-0.7345,59.2177,0.0466,2.7588,1.9957,3.4050,-0.2038,0.6529,2.9947,2.5780,0.8810,11.4397,0.6063,3.0000,0.0000,0.0000,0,14.9733,729.3971,992.7839,861.0905,131.6934,5.6351,5.9927,729.0395,1000.0000
39.975,1,0,learned,-0.5864,59.2986,0.0419,2.8241,1.9338,3.4228,-0.1915,0.6588,2.9947,2.5152,0.8810,11.2730,0.6169,3.0000,0.0000,0.0000,0,14.9733,640.5822,987.7728,814.1775,173.5953,5.5847,5.9645,640.2023,999.3219
40.025,1,0,learned,-0.4283,59.3808,0.0309,2.8677,1.8631,3.4197,-0.1678,0.6647,2.9947,2.4455,0.8810,11.0975,0.6338,3.0000,0.0000,0.0000,0,14.9733,640.6539,981.4814,811.0676,170.4137,5.6345,5.8345,640.4540,992.9503
40.076,1,0,learned,-0.2789,59.4548,0.0210,2.9167,1.7986,3.4267,-0.1472,0.6707,2.9947,2.3773,0.8810,10.9342,0.6497,3.0000,0.0000,0.0000,0,14.9733,642.0612,977.2358,809.6485,167.5873,5.6166,5.7409,641.9369,988.5933
40.126,1,0,learned,-0.2789,59.4548,0.0174,2.9167,1.7986,3.4267,-0.1383,0.6707,2.9947,2.3773,0.8810,10.9342,0.6533,3.0000,0.0000,0.0000,0,14.9733,620.0737,981.8579,800.9658,180.8921,5.6248,5.6958,620.0028,993.1785
40.175,1,0,learned,-0.1205,59.5294,0.0108,2.9423,1.7260,3.4111,-0.1100,0.6767,2.9947,2.3027,0.8810,10.7635,0.6660,3.0000,0.0000,0.0000,0,14.9733,553.6975,977.9254,765.8115,212.1140,5.7776,5.4722,554.0029,989.1753
40.225,1,0,learned,0.0281,59.5963,0.0050,2.9732,1.6598,3.4051,-0.1115,0.6828,2.9947,2.2307,0.8810,10.6053,0.6778,3.0000,0.0000,0.0000,0,14.9733,569.6347,987.1526,778.3936,208.7589,5.8170,5.4745,569.9773,998.4441
40.276,1,0,learned,0.0281,59.5963,0.0000,2.9732,1.6598,3.4051,-0.0737,0.6828,2.9947,2.2307,0.8810,10.6053,0.6828,3.0000,0.0000,0.0000,0,14.9733,498.0299,981.7005,739.8652,241.8353,5.8637,5.2305,498.6631,992.7946
40.326,1,0,learned,0.1851,59.6638,-0.0031,2.9823,1.5873,3.3784,-0.0462,0.6889,2.9947,2.1525,0.8810,10.4404,0.6920,3.0000,0.0000,0.0000,0,14.9733,504.4329,978.2700,741.3515,236.9185,6.0646,4.9539,505.5437,989.2884
40.375,1,0,learned,0.3321,59.7243,-0.0057,2.9982,1.5217,3.3623,-0.0405,0.6950,2.9947,2.0776,0.8810,10.2879,0.7008,3.0000,0.0000,0.0000,0,14.9733,424.8416,969.6140,697.2278,272.3862,6.2097,4.8499,426.2013,980.6736
40.425,1,0,learned,0.3321,59.7243,-0.0078,2.9982,1.5217,3.3623,-0.0163,0.6950,2.9947,2.0776,0.8810,10.2879,0.7029,3.0000,0.0000,0.0000,0,14.9733,379.0070,979.7823,679.3946,300.3876,6.2364,4.6877,380.5557,990.7063
40.476,1,0,learned,0.4867,59.7850,-0.0098,2.9933,1.4511,3.3265,-0.0003,0.7012,2.9947,1.9970,0.8810,10.1295,0.7110,3.0000,0.0000,0.0000,0,14.9733,314.2188,984.4101,649.3145,335.0957,6.5051,4.4513,316.2727,995.3666
40.525,1,0,learned,0.6311,59.8393,-0.0106,2.9962,1.3872,3.3018,0.0348,0.7074,2.9947,1.9202,0.8810,9.9833,0.7180,3.0000,0.0000,0.0000,0,14.9733,367.8388,971.7201,669.7795,301.9407,6.6850,4.0964,370.4274,982.5015
40.576,1,0,learned,0.6311,59.8393,-0.0109,2.9962,1.3872,3.3018,0.0588,0.7074,2.9947,1.9202,0.8810,9.9833,0.7183,3.0000,0.0000,0.0000,0,14.9733,328.9937,984.3421,656.6679,327.6742,6.7101,3.9248,331.7790,994.9770
40.626,1,0,learned,0.7824,59.8937,-0.0102,2.9789,1.3187,3.2577,0.0838,0.7137,2.9947,1.8381,0.8810,9.8320,0.7239,3.0000,0.0000,0.0000,0,14.9733,355.5233,983.9101,669.7167,314.1934,7.0103,3.5793,358.9544,994.4997
40.675,1,0,learned,0.9231,59.9419,-0.0089,2.9695,1.2557,3.2241,0.0955,0.7199,2.9947,1.7602,0.8810,9.6931,0.7289,3.0000,0.0000,0.0000,0,14.9733,329.8895,968.8444,649.3670,319.4774,7.2527,3.3496,333.7926,979.4467
40.725,1,0,learned,0.9231,59.9419,-0.0062,2.9695,1.2557,3.2241,0.1445,0.7199,2.9947,1.7602,0.8810,9.6931,0.7261,3.0000,0.0000,0.0000,0,14.9733,283.8534,972.9195,628.3865,344.5330,7.3010,2.9767,288.1777,983.1972
40.776,1,0,learned,1.0706,59.9898,-0.0023,2.9427,1.1890,3.1739,0.1470,0.7264,2.9947,1.6770,0.8810,9.5495,0.7287,3.0000,0.0000,0.0000,0,14.9733,237.0585,981.7351,609.3968,372.3383,7.6419,2.7574,241.9431,992.1343
40.825,1,0,learned,1.2081,60.0322,0.0001,2.9274,1.1280,3.1372,0.1753,0.7328,2.9947,1.5979,0.8810,9.4174,0.7327,3.0000,0.0000,0.0000,0,14.9733,232.7590,971.5089,602.1340,369.3749,7.9020,2.3875,238.2736,981.7984
40.875,1,0,learned,1.3525,60.0744,0.0089,2.8972,1.0644,3.0865,0.2095,0.7396,2.9947,1.5133,0.8810,9.2807,0.7307,3.0000,0.0000,0.0000,0,14.9733,233.0301,976.4247,604.7274,371.6973,8.2525,1.9046,239.3780,986.5817
40.925,1,0,learned,1.4871,60.1115,0.0161,2.8785,1.0063,3.0494,0.2432,0.7463,2.9947,1.4331,0.8810,9.1550,0.7301,3.0000,0.0000,0.0000,0,14.9733,260.6072,981.4008,621.0040,360.3968,8.5052,1.4665,267.6458,991.3726
40.975,1,0,learned,1.4871,60.1115,0.0202,2.8785,1.0063,3.0494,0.2558,0.7463,2.9947,1.4331,0.8810,9.1550,0.7261,3.0000,0.0000,0.0000,0,14.9733,234.9407,983.2039,609.0723,374.1316,8.5235,1.3533,242.1110,993.0808
41.025,1,0,learned,1.6282,60.1483,0.0291,2.8457,0.9465,2.9989,0.2697,0.7533,2.9947,1.3477,0.8810,9.0252,0.7242,3.0000,0.0000,0.0000,0,14.9733,244.7142,985.5677,615.1409,370.4267,8.8521,1.0158,252.5505,995.4355
41.075,1,0,learned,1.7600,60.1807,0.0391,2.8255,0.8925,2.9631,0.3160,0.7603,2.9947,1.2667,0.8810,8.9056,0.7212,3.0000,0.0000,0.0000,0,14.9733,242.8045,979.0981,610.9513,368.1468,9.1121,0.4659,251.4506,988.6761
41.126,1,0,learned,1.7600,60.1807,0.0473,2.8255,0.8925,2.9631,0.3260,0.7603,2.9947,1.2667,0.8810,8.9056,0.7129,3.0000,0.0000,0.0000,0,14.9733,154.4844,980.0416,567.2630,412.7786,9.1504,0.3468,163.2880,989.5388
41.175,1,0,learned,1.8986,60.2130,0.0560,2.7934,0.8382,2.9165,0.3695,0.7677,2.9947,1.1804,0.8810,8.7817,0.7117,3.0000,0.0000,0.0000,0,14.9733,99.2813,992.2541,545.7677,446.4864,9.4827,-0.2082,108.9721,1000.0000
41.225,1,0,learned,2.0283,60.2417,0.0718,2.7752,0.7900,2.8854,0.3678,0.7750,2.9947,1.0985,0.8810,8.6672,0.7032,3.0000,0.0000,0.0000,0,14.9733,66.5487,979.3390,522.9439,456.3952,9.6982,-0.4293,76.6762,988.6079
41.275,1,0,learned,2.0283,60.2417,0.0819,2.7752,0.7900,2.8854,0.3997,0.7750,2.9947,1.0985,0.8810,8.6672,0.6931,3.0000,0.0000,0.0000,0,14.9733,83.1787,986.2234,534.7010,451.5223,9.7185,-0.7138,93.6110,995.2281
41.326,1,0,learned,2.1649,60.2703,0.0961,2.7456,0.7421,2.8441,0.4178,0.7828,2.9947,1.0114,0.8810,8.5483,0.6867,3.0000,0.0000,0.0000,0,14.9733,167.3647,978.9799,573.1723,405.8076,9.9710,-1.0941,178.4298,987.8567
41.376,1,0,learned,2.2924,60.2956,0.1113,2.7277,0.6990,2.8159,0.4285,0.7903,2.9947,0.9291,0.8810,8.4390,0.6790,3.0000,0.0000,0.0000,0,14.9733,172.1997,981.4033,576.8015,404.6018,10.1595,-1.4009,183.7600,990.1619
41.425,1,0,learned,2.4261,60.3206,0.1275,2.6966,0.6552,2.7751,0.4745,0.7983,2.9947,0.8418,0.8810,8.3260,0.6709,3.0000,0.0000,0.0000,0,14.9733,163.4712,988.9619,576.2166,412.7453,10.4415,-2.0025,175.9153,997.4009
41.476,1,0,learned,2.5511,60.3426,0.1445,2.6781,0.6160,2.7480,0.4605,0.8061,2.9947,0.7595,0.8810,8.2219,0.6615,3.0000,0.0000,0.0000,0,14.9733,100.5830,984.0154,542.2992,441.7162,10.6296,-2.1413,113.3539,992.5036
41.525,1,0,learned,2.5511,60.3426,0.1624,2.6781,0.6160,2.7480,0.4873,0.8061,2.9947,0.7595,0.8810,8.2219,0.6437,3.0000,0.0000,0.0000,0,14.9733,131.4677,985.9953,558.7315,427.2638,10.6499,-2.4227,144.5403,994.2225
41.576,1,0,learned,2.6830,60.3647,0.1858,2.6498,0.5777,2.7120,0.5012,0.8143,2.9947,0.6718,0.8810,8.1136,0.6285,3.0000,0.0000,0.0000,0,14.9733,41.1134,985.1745,513.1440,472.0305,10.9150,-2.8228,54.8512,993.2666
41.625,1,0,learned,2.8069,60.3845,0.2003,2.6360,0.5448,2.6917,0.5208,0.8224,2.9947,0.5888,0.8810,8.0133,0.6221,3.0000,0.0000,0.0000,0,14.9733,34.5672,980.4710,507.5191,472.9519,11.0582,-3.1867,48.8121,988.3424
41.676,1,0,learned,2.9377,60.4045,0.2202,2.6120,0.5127,2.6619,0.5335,0.8309,2.9947,0.5006,0.8810,7.9088,0.6108,3.0000,0.0000,0.0000,0,14.9733,22.3825,972.4333,497.4079,475.0254,11.2600,-3.5496,37.1921,980.1437
41.725,1,0,learned,3.0605,60.4225,0.2406,2.6012,0.4850,2.6461,0.5483,0.8391,2.9947,0.4173,0.8810,7.8121,0.5985,3.0000,0.0000,0.0000,0,14.9733,86.7455,979.8304,533.2880,446.5424,11.3586,-3.9001,102.0043,987.2889
41.775,1,0,learned,3.0605,60.4225,0.2565,2.6012,0.4850,2.6461,0.5657,0.8391,2.9947,0.4173,0.8810,7.8121,0.5827,3.0000,0.0000,0.0000,0,14.9733,127.8908,974.6998,551.2953,423.4045,11.3705,-4.1010,143.3623,981.9692
41.825,1,0,learned,3.1900,60.4406,0.2725,2.5791,0.4576,2.6194,0.5845,0.8479,2.9947,0.3289,0.8810,7.7116,0.5753,3.0000,0.0000,0.0000,0,14.9733,158.0985,980.8058,569.4522,411.3536,11.5365,-4.4844,174.1194,987.8580
41.875,1,0,learned,3.3115,60.4569,0.2946,2.5694,0.4342,2.6059,0.5843,0.8562,2.9947,0.2457,0.8810,7.6186,0.5616,3.0000,0.0000,0.0000,0,14.9733,157.9409,982.1727,570.0568,412.1159,11.6338,-4.7361,174.3109,989.0704
41.926,1,0,learned,3.3115,60.4569,0.3058,2.5694,0.4342,2.6059,0.5930,0.8562,2.9947,0.2457,0.8810,7.6186,0.5504,3.0000,0.0000,0.0000,0,14.9733,141.6735,986.5413,564.1074,422.4339,11.6520,-4.8538,158.1794,993.3395
41.975,1,0,learned,3.4403,60.4740,0.3285,2.5508,0.4130,2.5841,0.5993,0.8651,2.9947,0.1572,0.8810,7.5212,0.5365,3.0000,0.0000,0.0000,0,14.9733,99.9326,985.9247,542.9287,442.9961,11.8115,-5.1775,116.9215,992.5587
42.025,1,0,learned,3.5619,60.4900,0.3517,2.5476,0.3974,2.5784,0.6005,0.8735,2.9947,0.0736,0.8810,7.4301,0.5218,3.0000,0.0000,0.0000,0,14.9733,116.3657,978.0999,547.2328,430.8671,11.8642,-5.4393,133.6692,984.5248
42.075,1,0,learned,3.5619,60.4900,0.3693,2.5476,0.3974,2.5784,0.6108,0.8735,2.9947,0.0736,0.8810,7.4301,0.5042,3.0000,0.0000,0.0000,0,14.9733,144.9074,983.9844,564.4459,419.5385,11.8773,-5.5952,162.3799,990.2665
42.125,1,0,learned,3.6914,60.5072,0.3988,2.5361,0.3839,2.5649,0.6058,0.8825,2.9947,-0.0154,0.8810,7.3341,0.4837,3.0000,0.0000,0.0000,0,14.9733,129.5365,990.7907,560.1636,430.6271,11.9859,-5.8612,147.3837,996.9154
42.175,1,0,learned,3.8138,60.5234,0.4108,2.5387,0.3748,2.5662,0.6205,0.8911,2.9947,-0.0994,0.8810,7.2444,0.4803,3.0000,0.0000,0.0000,0,14.9733,144.1854,981.5527,562.8691,418.6837,11.9946,-6.1659,162.3460,987.3814
42.225,1,0,learned,3.8138,60.5234,0.4228,2.5387,0.3748,2.5662,0.6192,0.8911,2.9947,-0.0994,0.8810,7.2444,0.4682,3.0000,0.0000,0.0000,0,14.9733,181.1943,988.9883,585.0913,403.8970,11.9960,-6.2121,199.4024,994.7721
42.275,1,0,learned,3.9441,60.5410,0.4471,2.5323,0.3673,2.5588,0.6078,0.9002,2.9947,-0.1888,0.8810,7.1497,0.4531,3.0000,0.0000,0.0000,0,14.9733,172.8999,973.5781,573.2390,400.3391,12.0651,-6.3991,191.3641,979.2441
42.326,1,0,learned,4.0676,60.5580,0.4715,2.5402,0.3648,2.5662,0.6210,0.9087,2.9947,-0.2732,0.8810,7.0608,0.4372,3.0000,0.0000,0.0000,0,14.9733,247.3498,989.4632,618.4065,371.0567,12.0352,-6.7496,266.1346,994.7489
42.375,1,0,learned,4.0676,60.5580,0.4777,2.5402,0.3648,2.5662,0.6260,0.9087,2.9947,-0.2732,0.8810,7.0608,0.4310,3.0000,0.0000,0.0000,0,14.9733,251.0718,983.1516,617.1117,366.0399,12.0429,-6.8133,269.9280,988.3811
42.426,1,0,learned,4.1993,60.5770,0.5085,2.5388,0.3647,2.5649,0.6345,0.9178,2.9947,-0.3628,0.8810,6.9665,0.4093,3.0000,0.0000,0.0000,0,14.9733,304.5974,981.6160,643.1067,338.5093,12.0753,-7.1726,323.8453,986.5187
42.476,1,0,learned,4.1993,60.5770,0.5272,2.5388,0.3647,2.5649,0.6240,0.9178,2.9947,-0.3628,0.8810,6.9665,0.3906,3.0000,0.0000,0.0000,0,14.9733,229.6661,978.8331,604.2496,374.5835,12.1130,-7.1800,248.9590,983.7661
42.526,1,0,learned,4.3243,60.5960,0.5396,2.5519,0.3710,2.5788,0.6248,0.9262,2.9947,-0.4471,0.8810,6.8774,0.3867,3.0000,0.0000,0.0000,0,14.9733,203.9537,989.6122,596.7829,392.8292,12.0636,-7.3782,223.3955,994.2975
42.576,1,0,learned,4.4581,60.6179,0.5705,2.5561,0.3813,2.5844,0.6210,0.9352,2.9947,-0.5363,0.8810,6.7820,0.3647,3.0000,0.0000,0.0000,0,14.9733,199.6428,990.7918,595.2173,395.5745,12.0758,-7.6396,219.3583,995.2280
42.625,1,0,learned,4.5852,60.6405,0.5952,2.5746,0.3992,2.6053,0.6190,0.9435,2.9947,-0.6200,0.8810,6.6912,0.3483,3.0000,0.0000,0.0000,0,14.9733,278.2921,989.6033,633.9477,355.6556,11.9802,-7.8644,298.1366,993.7191
42.675,1,0,learned,4.5852,60.6405,0.6075,2.5746,0.3992,2.6053,0.6152,0.9435,2.9947,-0.6200,0.8810,6.6912,0.3360,3.0000,0.0000,0.0000,0,14.9733,280.1660,983.0977,631.6319,351.4658,11.9926,-7.8907,300.0493,987.1996
42.726,1,0,learned,4.7209,60.6665,0.6321,2.5816,0.4190,2.6154,0.6115,0.9522,2.9947,-0.7082,0.8810,6.5942,0.3201,3.0000,0.0000,0.0000,0,14.9733,231.2857,982.2787,606.7822,375.4965,11.9927,-8.1096,251.3880,986.1617
42.776,1,0,learned,4.8495,60.6927,0.6567,2.6011,0.4447,2.6388,0.6070,0.9602,2.9947,-0.7906,0.8810,6.5022,0.3035,3.0000,0.0000,0.0000,0,14.9733,318.8904,983.2632,651.0768,332.1864,11.8854,-8.3078,339.0837,986.8407
42.825,1,0,learned,4.8495,60.6927,0.6690,2.6011,0.4447,2.6388,0.6058,0.9602,2.9947,-0.7906,0.8810,6.5022,0.2912,3.0000,0.0000,0.0000,0,14.9733,226.5309,978.9392,602.7351,376.2042,11.9245,-8.3443,246.7997,982.5195
42.875,1,0,learned,4.9868,60.7230,0.6935,2.6087,0.4722,2.6511,0.6138,0.9687,2.9947,-0.8772,0.8810,6.4036,0.2751,3.0000,0.0000,0.0000,0,14.9733,248.6495,991.3590,620.0042,371.3547,11.8994,-8.6438,269.1927,994.6145
42.926,1,0,learned,5.1167,60.7538,0.7180,2.6284,0.5061,2.6767,0.6082,0.9763,2.9947,-0.9579,0.8810,6.3099,0.2583,3.0000,0.0000,0.0000,0,14.9733,306.9056,986.9592,646.9324,340.0268,11.7948,-8.8169,327.5174,989.9371
42.976,1,0,learned,5.1167,60.7538,0.7365,2.6284,0.5061,2.6767,0.6175,0.9763,2.9947,-0.9579,0.8810,6.3099,0.2399,3.0000,0.0000,0.0000,0,14.9733,283.0176,981.8655,632.4415,349.4240,11.8244,-8.9608,303.8027,984.7291
43.026,1,0,learned,5.2551,60.7890,0.7669,2.6351,0.5404,2.6899,0.6172,0.9845,2.9947,-1.0422,0.8810,6.2096,0.2176,3.0000,0.0000,0.0000,0,14.9733,372.5725,989.0752,680.8239,308.2513,11.7840,-9.2194,393.5760,991.6398
43.075,1,0,learned,5.3859,60.8246,0.7791,2.6531,0.5806,2.7159,0.6082,0.9917,2.9947,-1.1204,0.8810,6.1144,0.2127,3.0000,0.0000,0.0000,0,14.9733,439.6128,980.1113,709.8621,270.2492,11.6661,-9.2989,460.5779,982.4785
43.131,1,0,learned,5.3859,60.8246,0.8034,2.6531,0.5806,2.7159,0.5917,0.9917,2.9947,-1.1204,0.8810,6.1144,0.1883,3.0000,0.0000,0.0000,0,14.9733,458.8798,973.6989,716.2893,257.4095,11.6835,-9.2870,479.8504,976.0954
43.175,1,0,learned,5.5250,60.8653,0.8277,2.6573,0.6207,2.7289,0.5968,0.9995,2.9947,-1.2019,0.8810,6.0124,0.1718,3.0000,0.0000,0.0000,0,14.9733,506.0110,988.9163,747.4636,241.4526,11.6531,-9.5414,527.2055,991.0280
43.225,1,0,learned,5.6563,60.9066,0.8398,2.6731,0.6687,2.7555,0.5993,1.0063,2.9947,-1.2769,0.8810,5.9150,0.1665,3.0000,0.0000,0.0000,0,14.9733,453.5968,991.6274,722.6121,269.0153,11.5721,-9.6721,474.8411,993.5274
43.276,1,0,learned,5.7959,60.9542,0.8698,2.6753,0.7183,2.7701,0.5890,1.0135,2.9947,-1.3542,0.8810,5.8100,0.1437,3.0000,0.0000,0.0000,0,14.9733,427.4101,992.7175,710.0638,282.6537,11.5644,-9.7996,448.7741,994.4823
43.325,1,0,learned,5.7959,60.9542,0.8875,2.6753,0.7183,2.7701,0.5900,1.0135,2.9947,-1.3542,0.8810,5.8100,0.1260,3.0000,0.0000,0.0000,0,14.9733,450.4839,992.5458,721.5148,271.0309,11.5764,-9.8891,471.9495,994.2331
43.375,1,0,learned,5.9276,61.0030,0.8993,2.6890,0.7777,2.7992,0.5793,1.0198,2.9947,-1.4248,0.8810,5.7092,0.1205,3.0000,0.0000,0.0000,0,14.9733,441.5686,992.5319,717.0503,275.4817,11.4741,-9.9022,462.9449,994.1039
43.426,1,0,learned,6.0673,61.0588,0.9283,2.6884,0.8368,2.8157,0.5640,1.0264,2.9947,-1.4970,0.8810,5.6004,0.0981,3.0000,0.0000,0.0000,0,14.9733,535.5165,976.2448,755.8807,220.3641,11.4288,-9.9805,556.9258,977.6932
43.475,1,0,learned,6.1987,61.1150,0.9567,2.6984,0.9037,2.8457,0.5743,1.0320,2.9947,-1.5626,0.8810,5.4964,0.0753,3.0000,0.0000,0.0000,0,14.9733,544.6607,987.1972,765.9290,221.2683,11.3403,-10.2044,566.2054,988.3331
43.525,1,0,learned,6.1987,61.1150,0.9680,2.6984,0.9037,2.8457,0.5713,1.0320,2.9947,-1.5626,0.8810,5.4964,0.0640,3.0000,0.0000,0.0000,0,14.9733,625.9189,992.2550,809.0870,183.1681,11.3273,-10.2565,647.5027,993.3258
43.576,1,0,learned,6.3378,61.1788,0.9904,2.6937,0.9682,2.8624,0.5248,1.0380,2.9947,-1.6293,0.8810,5.3844,0.0475,3.0000,0.0000,0.0000,0,14.9733,546.2202,984.2661,765.2432,219.0230,11.3176,-10.0230,567.5609,985.5608
43.625,1,0,learned,6.4685,61.2429,1.0125,2.6995,1.0418,2.8935,0.5415,1.0429,2.9947,-1.6893,0.8810,5.2770,0.0304,3.0000,0.0000,0.0000,0,14.9733,518.5881,995.4896,757.0388,238.4508,11.2304,-10.2298,540.0484,996.4902
43.675,1,0,learned,6.4685,61.2429,1.0289,2.6995,1.0418,2.8935,0.5162,1.0429,2.9947,-1.6893,0.8810,5.2770,0.0141,3.0000,0.0000,0.0000,0,14.9733,460.0529,996.5205,728.2867,268.2338,11.2563,-10.1068,481.4160,997.6700
43.726,1,0,learned,6.6066,61.3157,1.0555,2.6909,1.1136,2.9122,0.5205,1.0481,2.9947,-1.7495,0.8810,5.1608,-0.0074,3.0000,0.0000,0.0000,0,14.9733,567.0277,982.8604,774.9441,207.9164,11.2024,-10.2733,588.5034,983.7896
43.776,1,0,learned,6.7362,61.3885,1.0660,2.6925,1.1942,2.9454,0.5005,1.0523,2.9947,-1.8031,0.8810,5.0495,-0.0137,3.0000,0.0000,0.0000,0,14.9733,576.0824,990.8527,783.4676,207.3852,11.0796,-10.1515,597.3135,991.7809
43.826,1,0,learned,6.8726,61.4699,1.0921,2.6788,1.2681,2.9638,0.5065,1.0569,2.9527,-1.8566,0.8810,4.9300,-0.0352,3.0000,0.0000,0.0000,0,14.9733,558.5274,989.7877,774.1576,215.6301,10.7345,-10.2847,579.5466,990.2375
43.876,1,0,learned,6.8726,61.4699,1.1126,2.6788,1.2681,2.9638,0.5075,1.0569,2.9527,-1.8566,0.8810,4.9300,-0.0558,3.0000,0.0000,0.0000,0,14.9733,603.9543,990.7702,797.3623,193.4079,10.7403,-10.4031,625.0977,991.1074
43.926,1,0,learned,7.0002,61.5501,1.1278,2.6744,1.3489,2.9954,0.4843,1.0605,2.8846,-1.9039,0.8810,4.8162,-0.0674,3.0000,0.0000,0.0000,0,14.9733,660.3308,991.3469,825.8388,165.5081,10.0861,-10.2996,680.7165,991.1335
43.976,1,0,learned,7.1341,61.6395,1.1531,2.6546,1.4228,3.0119,0.4928,1.0643,2.8115,-1.9503,0.8810,4.6941,-0.0887,3.0000,0.0000,0.0000,0,14.9733,587.4426,990.9026,789.1726,201.7300,9.5071,-10.4484,607.3981,989.9613
44.025,1,0,learned,7.2589,61.7274,1.1679,2.6436,1.5045,3.0417,0.4768,1.0673,2.7419,-1.9906,0.8810,4.5780,-0.1007,3.0000,0.0000,0.0000,0,14.9733,594.8905,995.0514,794.9709,200.0805,8.8431,-10.3894,614.1230,993.5050
44.076,1,0,learned,7.2589,61.7274,1.1876,2.6436,1.5045,3.0417,0.4780,1.0673,2.7419,-1.9906,0.8810,4.5780,-0.1203,3.0000,0.0000,0.0000,0,14.9733,566.5770,991.9868,779.2819,212.7049,8.8647,-10.4860,585.9276,990.3655
44.126,1,0,learned,7.3895,61.8249,1.2118,2.6172,1.5785,3.0564,0.4760,1.0704,2.6673,-2.0293,0.8810,4.4535,-0.1414,3.0000,0.0000,0.0000,0,14.9733,602.9444,990.6764,796.8104,193.8660,8.2326,-10.6238,621.8007,988.2852
44.176,1,0,learned,7.5108,61.9204,1.2260,2.5993,1.6607,3.0845,0.4685,1.0726,2.5965,-2.0622,0.8810,4.3353,-0.1534,3.0000,0.0000,0.0000,0,14.9733,664.1907,991.7063,827.9485,163.7578,7.5334,-10.6732,682.3972,988.5665
44.225,1,0,learned,7.6374,62.0252,1.2496,2.5665,1.7320,3.0962,0.4615,1.0751,2.5210,-2.0931,0.8810,4.2092,-0.1745,3.0000,0.0000,0.0000,0,14.9733,658.9594,958.4534,808.7064,149.7470,6.9053,-10.7593,676.6241,954.5994
44.275,1,0,learned,7.7548,62.1271,1.2635,2.5422,1.8099,3.1206,0.4530,1.0768,2.4498,-2.1188,0.8810,4.0902,-0.1867,3.0000,0.0000,0.0000,0,14.9733,627.4250,900.3407,763.8829,136.4578,6.2372,-10.7395,644.4018,895.8384
44.325,1,0,learned,7.7548,62.1271,1.2820,2.5422,1.8099,3.1206,0.4438,1.0768,2.4498,-2.1188,0.8810,4.0902,-0.2052,3.0000,0.0000,0.0000,0,14.9733,525.1123,975.0712,750.0917,224.9794,6.2462,-10.7777,542.1361,970.5397
44.381,1,0,learned,7.8770,62.2386,1.3002,2.5037,1.8767,3.1290,0.4363,1.0787,2.3739,-2.1421,0.8810,3.9636,-0.2216,3.0000,0.0000,0.0000,0,14.9733,527.3927,966.3707,746.8817,219.4890,5.5989,-10.8832,543.8749,961.0864
44.431,1,0,learned,7.9899,62.3467,1.3138,2.4736,1.9518,3.1509,0.4403,1.0797,2.3024,-2.1604,0.8810,3.8442,-0.2341,3.0000,0.0000,0.0000,0,14.9733,616.1840,984.7493,800.4667,184.2827,4.8750,-11.1169,632.1759,978.5075
44.475,1,0,learned,8.1071,62.4640,1.3315,2.4296,2.0129,3.1551,0.4340,1.0810,2.2268,-2.1761,0.8810,3.7179,-0.2505,3.0000,0.0000,0.0000,0,14.9733,642.8031,991.0812,816.9421,174.1391,4.2258,-11.2918,658.3207,984.0153
44.526,1,0,learned,8.2152,62.5767,1.3534,2.3942,2.0799,3.1715,0.4418,1.0816,2.1561,-2.1878,0.8810,3.5999,-0.2718,3.0000,0.0000,0.0000,0,14.9733,675.7039,985.4806,830.5923,154.8883,3.5409,-11.6061,690.8509,977.4154
44.581,1,0,learned,8.2152,62.5767,1.3666,2.3942,2.0799,3.1715,0.4325,1.0816,2.1561,-2.1878,0.8810,3.5999,-0.2850,3.0000,0.0000,0.0000,0,14.9733,685.3892,902.7280,794.0586,108.6694,3.5654,-11.5720,700.5266,894.7214
44.625,1,0,learned,8.3274,62.6989,1.3840,2.3466,2.1336,3.1716,0.4298,1.0824,2.0815,-2.1966,0.8810,3.4754,-0.3016,3.0000,0.0000,0.0000,0,14.9733,656.9996,817.3954,737.1975,80.1979,2.9681,-11.7203,671.6880,808.6433
44.676,1,0,learned,8.4306,62.8166,1.4055,2.3073,2.1975,3.1863,0.4275,1.0824,2.0116,-2.2013,0.8810,3.3586,-0.3230,3.0000,0.0000,0.0000,0,14.9733,585.3741,841.1010,713.2375,127.8635,2.2843,-11.9408,599.5991,831.4445
44.726,1,0,learned,8.5372,62.9445,1.4225,2.2559,2.2498,3.1860,0.4155,1.0825,1.9377,-2.2021,0.8810,3.2353,-0.3400,3.0000,0.0000,0.0000,0,14.9733,595.6500,819.5582,707.6041,111.9541,1.6516,-12.1029,609.4045,809.1069
44.775,1,0,learned,8.6348,63.0672,1.4392,2.2115,2.3110,3.1987,0.3962,1.0819,1.8689,-2.1994,0.8810,3.1203,-0.3573,3.0000,0.0000,0.0000,0,14.9733,590.0747,812.0157,701.0452,110.9705,0.9705,-12.1922,603.2374,800.7940
44.825,1,0,learned,8.6348,63.0672,1.4555,2.2115,2.3110,3.1987,0.4037,1.0819,1.8689,-2.1994,0.8810,3.1203,-0.3736,3.0000,0.0000,0.0000,0,14.9733,520.1575,774.8831,647.5203,127.3628,0.9874,-12.3136,533.4585,763.5570
44.876,1,0,learned,8.7351,63.1989,1.4716,2.1550,2.3557,3.1927,0.3683,1.0815,1.7971,-2.1929,0.8810,3.0005,-0.3901,3.0000,0.0000,0.0000,0,14.9733,562.8337,773.1093,667.9715,105.1378,0.3813,-12.3221,575.5371,761.1686
44.926,1,0,learned,8.8267,63.3243,1.4873,2.1057,2.4069,3.1980,0.3685,1.0805,1.7309,-2.1837,0.8810,2.8900,-0.4067,3.0000,0.0000,0.0000,0,14.9733,633.0578,734.0456,683.5517,50.4939,-0.2370,-12.6322,645.4529,721.1764
44.976,1,0,learned,8.9207,63.4584,1.4989,2.0458,2.4412,3.1851,0.3790,1.0797,1.6625,-2.1709,0.8810,2.7758,-0.4191,3.0000,0.0000,0.0000,0,15.0088,595.5377,669.6228,632.5803,37.0425,-0.7474,-12.9325,607.7228,655.9429
45.025,1,0,learned,9.0062,63.5853,1.5178,1.9933,2.4817,3.1831,0.3773,1.8947,3.0018,0.2642,1.9192,17.6692,0.3769,3.0000,0.0000,0.0000,0,15.0088,560.6210,688.0204,624.3207,63.6997,4.7783,-5.3926,570.7918,687.4061
45.075,1,0,learned,9.0062,63.5853,1.5326,1.9933,2.4817,3.1831,0.3630,1.8947,3.0018,0.2642,1.9192,17.6692,0.3621,3.0000,0.0000,0.0000,0,15.0088,474.3829,641.5883,557.9856,83.6027,4.8364,-5.3364,484.5557,641.0883
45.125,1,0,learned,9.0937,63.7206,1.5506,1.9310,2.5058,3.1635,0.3297,1.9066,3.0018,0.1358,1.9192,17.5705,0.3560,3.0000,0.0000,0.0000,0,15.0088,519.8073,740.7125,630.2599,110.4526,4.9368,-5.4629,530.2071,740.1864
45.176,1,0,learned,9.1730,63.8484,1.5610,1.8753,2.5374,3.1551,0.3390,1.9176,3.0018,0.0176,1.9192,17.4768,0.3566,3.0000,0.0000,0.0000,0,15.0088,427.3674,635.5053,531.4363,104.0690,5.0381,-5.7552,438.1606,634.7883
45.227,1,0,learned,9.2538,63.9840,1.5779,1.8109,2.5514,3.1287,0.3165,1.9290,3.0018,-0.1046,1.9192,17.3773,0.3511,3.0000,0.0000,0.0000,0,15.0088,511.8167,618.4441,565.1304,53.3137,5.1533,-5.9126,522.8825,617.6848
45.276,1,0,learned,9.3271,64.1113,1.5877,1.7541,2.5714,3.1127,0.3217,1.9395,3.0018,-0.2169,1.9192,17.2837,0.3518,3.0000,0.0000,0.0000,0,15.0088,401.8517,612.7078,507.2798,105.4280,5.2814,-6.1710,413.3042,611.8181
45.326,1,0,learned,9.4018,64.2458,1.6039,1.6907,2.5746,3.0801,0.3080,1.9506,3.0018,-0.3331,1.9192,17.1847,0.3467,3.0000,0.0000,0.0000,0,15.0088,301.0047,719.7935,510.3991,209.3944,5.4812,-6.3717,312.8576,718.9029
45.375,1,0,learned,9.4018,64.2458,1.6166,1.6907,2.5746,3.0801,0.3028,1.9506,3.0018,-0.3331,1.9192,17.1847,0.3340,3.0000,0.0000,0.0000,0,15.0088,247.9351,738.2323,493.0837,245.1486,5.5260,-6.3751,259.8363,737.3833
45.428,1,0,learned,9.4696,64.3718,1.6291,1.6348,2.5846,3.0582,0.3075,1.9607,3.0018,-0.4398,1.9192,17.0918,0.3317,3.0000,0.0000,0.0000,0,15.0088,139.2050,798.5356,468.8703,329.6653,5.6817,-6.6352,151.5219,797.5822
45.475,1,0,learned,9.5385,64.5045,1.6414,1.5731,2.5779,3.0200,0.3125,1.9714,3.0018,-0.5499,1.9192,16.9939,0.3300,3.0000,0.0000,0.0000,0,15.0088,75.6431,908.4193,492.0312,416.3881,5.8919,-6.9288,88.4638,907.3824
45.526,1,0,learned,9.6013,64.6285,1.6506,1.5202,2.5791,2.9937,0.3375,1.9812,3.0018,-0.6513,1.9192,16.9024,0.3306,3.0000,0.0000,0.0000,0,15.0088,151.8706,976.4342,564.1524,412.2818,6.0118,-7.3285,165.2109,975.1176
45.575,1,0,learned,9.6013,64.6285,1.6632,1.5202,2.5791,2.9937,0.3380,1.9812,3.0018,-0.6513,1.9192,16.9024,0.3180,3.0000,0.0000,0.0000,0,15.0088,259.5881,965.9611,612.7746,353.1865,6.0090,-7.3855,272.9826,964.5846
45.625,1,0,learned,9.6659,64.7589,1.6796,1.4646,2.5649,2.9536,0.3768,1.9916,3.0018,-0.7565,1.9192,16.8064,0.3120,3.0000,0.0000,0.0000,0,15.0088,351.3419,991.6782,671.5101,320.1682,6.1987,-7.8857,365.4263,989.9913
45.677,1,0,learned,9.7254,64.8810,1.6972,1.4195,2.5604,2.9275,0.4042,2.0012,3.0018,-0.8541,1.9192,16.7168,0.3041,3.0000,0.0000,0.0000,0,15.0088,453.7324,991.0387,722.3856,268.6532,6.3211,-8.2899,468.3433,989.0699
45.725,1,0,learned,9.7870,65.0103,1.7122,1.3725,2.5460,2.8923,0.4173,2.0114,3.0018,-0.9561,1.9192,16.6219,0.2992,3.0000,0.0000,0.0000,0,15.0088,441.6053,983.3543,712.4798,270.8745,6.4983,-8.5726,456.6763,981.2799
45.775,1,0,learned,9.8434,65.1332,1.7281,1.3329,2.5486,2.8761,0.4497,2.0208,3.0018,-1.0511,1.9192,16.5316,0.2927,3.0000,0.0000,0.0000,0,15.0088,333.0814,991.7957,662.4385,329.3571,6.6370,-8.9421,348.6604,989.4906
45.826,1,0,learned,9.9009,65.2655,1.7446,1.2876,2.5476,2.8545,0.4255,2.0306,3.0018,-1.1503,1.9192,16.4338,0.2860,3.0000,0.0000,0.0000,0,15.0088,331.0864,985.3559,658.2211,327.1347,6.7411,-8.9804,346.8079,983.1166
45.876,1,0,learned,9.9527,65.3925,1.7660,1.2459,2.5674,2.8537,0.4535,2.0395,3.0018,-1.2424,1.9192,16.3390,0.2734,3.0000,0.0000,0.0000,0,15.0088,344.9716,997.1281,671.0499,326.0782,6.7918,-9.3531,361.1165,994.5668
45.926,1,0,learned,9.9527,65.3925,1.7791,1.2459,2.5674,2.8537,0.4547,2.0395,3.0018,-1.2424,1.9192,16.3390,0.2604,3.0000,0.0000,0.0000,0,15.0088,351.6258,985.0772,668.3515,316.7257,6.8166,-9.3915,367.8339,982.5023
45.975,1,0,learned,10.0049,65.5298,1.8015,1.1974,2.5821,2.8463,0.4660,2.0488,3.0018,-1.3383,1.9192,16.2357,0.2473,3.0000,0.0000,0.0000,0,15.0088,360.2001,992.4521,676.3261,316.1260,6.8893,-9.6605,376.7499,989.6809
46.025,1,0,learned,10.0517,65.6613,1.8198,1.1529,2.6135,2.8565,0.4848,2.0571,3.0018,-1.4272,1.9192,16.1361,0.2373,3.0000,0.0000,0.0000,0,15.0088,444.0438,991.5348,717.7893,273.7455,6.8639,-9.9681,460.8759,988.4307
46.076,1,0,learned,10.0985,65.8031,1.8337,1.1026,2.6361,2.8574,0.5008,2.0659,3.0018,-1.5196,1.9192,16.0278,0.2322,3.0000,0.0000,0.0000,0,15.0088,334.0438,995.6372,664.8405,330.7967,6.9205,-10.1858,351.1501,992.3719
46.127,1,0,learned,10.1400,65.9389,1.8576,1.0547,2.6747,2.8752,0.4893,2.0736,3.0018,-1.6049,1.9192,15.9232,0.2160,3.0000,0.0000,0.0000,0,15.0088,242.9433,990.2311,616.5872,373.6439,6.9142,-10.2409,260.0983,986.9045
46.176,1,0,learned,10.1400,65.9389,1.8720,1.0547,2.6747,2.8752,0.5010,2.0736,3.0018,-1.6049,1.9192,15.9232,0.2016,3.0000,0.0000,0.0000,0,15.0088,352.9433,996.6819,674.8126,321.8693,6.9184,-10.3994,370.2610,993.2009
46.225,1,0,learned,10.1807,66.0854,1.8915,1.0005,2.7034,2.8826,0.5095,2.0818,3.0018,-1.6933,1.9192,15.8093,0.1903,3.0000,0.0000,0.0000,0,15.0088,438.1755,990.6605,714.4180,276.2425,6.9030,-10.6313,455.7098,986.9322
46.275,1,0,learned,10.2161,66.2256,1.9014,0.9479,2.7467,2.9056,0.5110,2.0889,3.0018,-1.7744,1.9192,15.6993,0.1875,3.0000,0.0000,0.0000,0,15.0088,354.2925,999.2466,676.7696,322.4770,6.8552,-10.7254,371.8732,995.3764
46.326,1,0,learned,10.2161,66.2256,1.9213,0.9479,2.7467,2.9056,0.4948,2.0889,3.0018,-1.7744,1.9192,15.6993,0.1676,3.0000,0.0000,0.0000,0,15.0088,345.3955,991.3132,668.3543,322.9589,6.8899,-10.6711,362.9564,987.5320
46.376,1,0,learned,10.2505,66.3760,1.9466,0.8903,2.7761,2.9154,0.5115,2.0965,3.0018,-1.8580,1.9192,15.5801,0.1498,3.0000,0.0000,0.0000,0,15.0088,368.0885,992.9121,680.5003,312.4118,6.8999,-10.9352,385.9236,988.8767
46.425,1,0,learned,10.2796,66.5195,1.9516,0.8336,2.8188,2.9395,0.5120,2.1029,3.0018,-1.9344,1.9192,15.4655,0.1513,3.0000,0.0000,0.0000,0,15.0088,448.6674,995.0699,721.8686,273.2013,6.7945,-11.0581,466.5200,990.8064
46.475,1,0,learned,10.3070,66.6732,1.9773,0.7722,2.8461,2.9490,0.5353,2.1099,3.0018,-2.0126,1.9192,15.3415,0.1327,3.0000,0.0000,0.0000,0,15.0088,530.1688,991.9331,761.0510,230.8822,6.7933,-11.3714,548.3335,987.3550
46.525,1,0,learned,10.3297,66.8190,2.0030,0.7124,2.8841,2.9708,0.5040,2.1159,3.0018,-2.0837,1.9192,15.2230,0.1129,3.0000,0.0000,0.0000,0,15.0088,468.6518,980.7074,724.6796,256.0278,6.7647,-11.2684,486.6849,976.2037
46.576,1,0,learned,10.3297,66.8190,2.0134,0.7124,2.8841,2.9708,0.5300,2.1159,3.0018,-2.0837,1.9192,15.2230,0.1025,3.0000,0.0000,0.0000,0,15.0088,430.5022,996.1906,713.3464,282.8442,6.8065,-11.4519,448.7606,991.5453
46.625,1,0,learned,10.3501,66.9746,2.0395,0.6485,2.9058,2.9773,0.5250,2.1224,3.0018,-2.1560,1.9192,15.0952,0.0829,3.0000,0.0000,0.0000,0,15.0088,509.8887,985.2068,747.5478,237.6590,6.8084,-11.5724,528.2695,980.4427
46.676,1,0,learned,10.3657,67.1223,2.0550,0.5836,2.9402,2.9975,0.5252,2.1277,3.0018,-2.2211,1.9192,14.9725,0.0728,3.0000,0.0000,0.0000,0,15.0088,520.5595,991.1028,755.8311,235.2717,6.7623,-11.6690,538.9908,986.1961
46.725,1,0,learned,10.3657,67.1223,2.0757,0.5836,2.9402,2.9975,0.5160,2.1277,3.0018,-2.2211,1.9192,14.9725,0.0520,3.0000,0.0000,0.0000,0,15.0088,454.6972,994.6725,724.6849,269.9877,6.8157,-11.6410,473.1540,989.8472
46.775,1,0,learned,10.3784,67.2798,2.1016,0.5157,2.9578,3.0024,0.5042,2.1336,3.0018,-2.2868,1.9192,14.8404,0.0319,3.0000,0.0000,0.0000,0,15.0088,477.3728,996.6129,736.9928,259.6201,6.8408,-11.6911,495.9047,991.7625
46.825,1,0,learned,10.3868,67.4288,2.1119,0.4478,2.9872,3.0206,0.5188,2.1384,3.0018,-2.3456,1.9192,14.7142,0.0264,3.0000,0.0000,0.0000,0,15.0088,557.2628,992.5823,774.9225,217.6598,6.7794,-11.8731,575.9152,987.4886
46.875,1,0,learned,10.3918,67.5876,2.1325,0.3774,3.0006,3.0242,0.5182,2.1436,3.0018,-2.4045,1.9192,14.5781,0.0111,3.0000,0.0000,0.0000,0,15.0088,653.4245,990.5100,821.9673,168.5427,6.7852,-11.9995,672.2093,985.2957
46.925,1,0,learned,10.3930,67.7378,2.1580,0.3068,3.0263,3.0418,0.5120,2.1477,3.0018,-2.4569,1.9192,14.4481,-0.0102,3.0000,0.0000,0.0000,0,15.0088,676.4425,993.7535,835.0980,158.6555,6.7657,-12.0664,695.2746,988.4528
46.975,1,0,learned,10.3930,67.7378,2.1682,0.3068,3.0263,3.0418,0.4988,2.1477,3.0018,-2.4569,1.9192,14.4481,-0.0204,3.0000,0.0000,0.0000,0,15.0088,582.2076,990.9386,786.5731,204.3655,6.8037,-11.9599,600.9712,985.7825
47.026,1,0,learned,10.3899,67.8979,2.1936,0.2336,3.0369,3.0458,0.4850,2.1523,3.0018,-2.5087,1.9192,14.3078,-0.0413,3.0000,0.0000,0.0000,0,15.0088,594.9724,990.9877,792.9801,198.0077,6.8372,-11.9647,613.7743,985.8602
47.076,1,0,learned,10.3825,68.0498,2.2085,0.1561,3.0625,3.0665,0.4985,2.1556,3.0018,-2.5536,1.9192,14.1727,-0.0529,3.0000,0.0000,0.0000,0,15.0088,583.1651,987.5622,785.3637,202.1986,6.8032,-12.0818,602.0501,982.2837
47.125,1,0,learned,10.3825,68.0498,2.2283,0.1561,3.0625,3.0665,0.4750,2.1556,3.0018,-2.5536,1.9192,14.1727,-0.0727,3.0000,0.0000,0.0000,0,15.0088,607.6459,997.7448,802.6954,195.0495,6.8254,-12.0218,626.4932,992.5484
47.175,1,0,learned,10.3698,68.2119,2.2478,0.0760,3.0734,3.0743,0.4975,2.1592,3.0018,-2.5970,1.9192,14.0266,-0.0886,3.0000,0.0000,0.0000,0,15.0088,647.7932,983.8028,815.7980,168.0048,6.8379,-12.2177,666.8489,978.4231
47.225,1,0,learned,10.3535,68.3653,2.2623,-0.0069,3.0976,3.0976,0.4625,2.1618,3.0018,-2.6340,1.9192,13.8866,-0.1006,3.0000,0.0000,0.0000,0,15.0088,711.7307,995.3142,853.5224,141.7918,6.7653,-12.0919,730.5879,989.9876
47.275,1,0,learned,10.3316,68.5284,2.2861,-0.0900,3.1055,3.1068,0.4615,2.1645,3.0018,-2.6691,1.9192,13.7354,-0.1215,3.0000,0.0000,0.0000,0,15.0088,697.0908,997.1766,847.1337,150.0429,6.7934,-12.1333,716.0175,991.8367
47.326,1,0,learned,10.3065,68.6825,2.3049,-0.1765,3.1264,3.1314,0.4547,2.1663,3.0018,-2.6981,1.9192,13.5908,-0.1386,3.0000,0.0000,0.0000,0,15.0088,703.1779,996.1178,849.6479,146.4700,6.7453,-12.1341,722.0573,990.7290
47.376,1,0,learned,10.3065,68.6825,2.3189,-0.1765,3.1264,3.1314,0.4562,2.1663,3.0018,-2.6981,1.9192,13.5908,-0.1527,3.0000,0.0000,0.0000,0,15.0088,798.9574,997.5443,898.2509,99.2934,6.7450,-12.2435,817.9459,992.0458
47.425,1,0,learned,10.2748,68.8462,2.3418,-0.2631,3.1310,3.1420,0.4550,2.1682,3.0018,-2.7242,1.9192,13.4346,-0.1736,3.0000,0.0000,0.0000,0,15.0088,801.5168,991.5408,896.5288,95.0120,6.7626,-12.2729,820.5522,986.0304
47.476,1,0,learned,10.2403,69.0007,2.3598,-0.3542,3.1484,3.1683,0.4315,2.1691,3.0018,-2.7446,1.9192,13.2851,-0.1906,3.0000,0.0000,0.0000,0,15.0088,792.5311,989.8288,891.1799,98.6488,6.7069,-12.1516,811.3897,984.3841
47.525,1,0,learned,10.1988,69.1645,2.3818,-0.4432,3.1487,3.1798,0.4178,2.1702,3.0018,-2.7614,1.9192,13.1242,-0.2116,3.0000,0.0000,0.0000,0,15.0088,823.5534,991.6387,907.5961,84.0426,6.7140,-12.1187,842.3861,986.2340
47.575,1,0,learned,10.1549,69.3187,2.3947,-0.5373,3.1616,3.2069,0.4055,2.1703,3.0018,-2.7729,1.9192,12.9703,-0.2244,3.0000,0.0000,0.0000,0,15.0088,842.0533,997.3041,919.6787,77.6254,6.6466,-12.0684,860.7683,991.8823
47.629,1,0,learned,10.1549,69.3187,2.4032,-0.5373,3.1616,3.2069,0.4208,2.1703,3.0018,-2.7729,1.9192,12.9703,-0.2329,3.0000,0.0000,0.0000,0,15.0088,855.5887,994.3225,924.9556,69.3669,6.6601,-12.1930,874.4418,988.7896
47.676,1,0,learned,10.1034,69.4819,2.4240,-0.6278,3.1569,3.2187,0.3987,2.1705,3.0018,-2.7802,1.9192,12.8050,-0.2534,3.0000,0.0000,0.0000,0,15.0088,903.2308,993.3246,948.2777,45.0469,6.6596,-12.1028,921.9932,987.8814
47.725,1,0,learned,10.0506,69.6351,2.4360,-0.7225,3.1639,3.2454,0.3758,2.1699,3.0018,-2.7828,1.9192,12.6474,-0.2661,3.0000,0.0000,0.0000,0,15.0088,913.8987,991.3959,952.6473,38.7486,6.5909,-11.9613,932.4509,986.0255
47.776,1,0,learned,9.9898,69.7969,2.4557,-0.8119,3.1533,3.2562,0.3573,2.1694,3.0018,-2.7809,1.9192,12.4784,-0.2864,3.0000,0.0000,0.0000,0,15.0088,896.4509,994.7957,945.6233,49.1724,6.6116,-11.8425,914.9050,989.5647
47.825,1,0,learned,9.9898,69.7969,2.4671,-0.8119,3.1533,3.2562,0.3525,2.1694,3.0018,-2.7809,1.9192,12.4784,-0.2978,3.0000,0.0000,0.0000,0,15.0088,868.0404,994.2257,931.1330,63.0927,6.6338,-11.8292,886.5033,989.0303
47.876,1,0,learned,9.9282,69.9485,2.4820,-0.9062,3.1545,3.2821,0.3535,2.1680,3.0018,-2.7748,1.9192,12.3177,-0.3140,3.0000,0.0000,0.0000,0,15.0088,900.5928,990.5752,945.5840,44.9912,6.5732,-11.8493,919.0153,985.2991
47.926,1,0,learned,9.8582,70.1084,2.4999,-0.9941,3.1385,3.2922,0.3407,2.1667,3.0018,-2.7636,1.9192,12.1455,-0.3332,3.0000,0.0000,0.0000,0,15.0088,922.3272,995.9941,959.1607,36.8335,6.5887,-11.7765,940.6925,990.8063
47.976,1,0,learned,9.7882,70.2580,2.5102,-1.0868,3.1341,3.3172,0.3392,2.1646,3.0018,-2.7489,1.9192,11.9820,-0.3456,3.0000,0.0000,0.0000,0,15.0088,955.1448,997.1294,976.1371,20.9923,6.5253,-11.7634,973.4335,991.8913
48.025,1,0,learned,9.7882,70.2580,2.5204,-1.0868,3.1341,3.3172,0.3345,2.1646,3.0018,-2.7489,1.9192,11.9820,-0.3557,3.0000,0.0000,0.0000,0,15.0088,979.3582,985.8407,982.5994,3.2412,6.5312,-11.7672,997.6566,980.6047
48.075,1,0,learned,9.7098,70.4154,2.5367,-1.1709,3.1127,3.3256,0.3078,2.1626,3.0018,-2.7290,1.9192,11.8074,-0.3740,3.0000,0.0000,0.0000,0,15.0088,953.1421,992.7529,972.9475,19.8054,6.5589,-11.5581,971.2591,987.7537
48.129,1,0,learned,9.6322,70.5625,2.5493,-1.2603,3.1032,3.3493,0.2945,2.1599,3.0018,-2.7062,1.9192,11.6418,-0.3893,3.0000,0.0000,0.0000,0,15.0088,969.0222,954.3041,961.6632,-7.3591,6.4926,-11.4124,986.9273,949.3843
48.175,1,0,learned,9.5456,70.7172,2.5614,-1.3412,3.0775,3.3571,0.2833,2.1572,3.0018,-2.6776,1.9192,11.4650,-0.4042,3.0000,0.0000,0.0000,0,15.0088,956.6936,988.8628,972.7782,16.0846,6.5259,-11.3132,974.5326,984.0756
48.225,1,0,learned,9.4603,70.8617,2.5731,-1.4285,3.0640,3.3806,0.2562,2.1539,3.0018,-2.6468,1.9192,11.2975,-0.4192,3.0000,0.0000,0.0000,0,15.0088,954.6217,982.2091,968.4154,13.7937,6.4656,-11.0831,972.1705,977.5916
48.276,1,0,learned,9.4603,70.8617,2.5844,-1.4285,3.0640,3.3806,0.2640,2.1539,3.0018,-2.6468,1.9192,11.2975,-0.4305,3.0000,0.0000,0.0000,0,15.0088,973.6114,951.0859,962.3487,-11.2627,6.4714,-11.1515,991.2343,946.4058
48.325,1,0,learned,9.3660,71.0133,2.5952,-1.5054,3.0343,3.3872,0.2535,2.1505,3.0018,-2.6099,1.9192,11.1190,-0.4446,3.0000,0.0000,0.0000,0,15.0088,968.7292,891.6528,930.1910,-38.5382,6.4776,-10.9470,986.1538,887.1835
48.376,1,0,learned,9.2739,71.1546,2.6004,-1.5881,3.0163,3.4088,0.2460,2.1466,3.0018,-2.5716,1.9192,10.9503,-0.4538,3.0000,0.0000,0.0000,0,15.0088,955.0461,884.2409,919.6435,-35.4026,6.4197,-10.8053,972.2711,879.8553
48.433,1,0,learned,9.2739,71.1546,2.6106,-1.5881,3.0163,3.4088,0.2353,2.1466,3.0018,-2.5716,1.9192,10.9503,-0.4640,3.0000,0.0000,0.0000,0,15.0088,959.1783,907.6984,933.4383,-25.7399,6.4386,-10.7919,976.4088,903.3451
48.475,1,0,learned,9.1729,71.3027,2.6227,-1.6589,2.9827,3.4130,0.2228,2.1427,3.0018,-2.5272,1.9192,10.7711,-0.4800,3.0000,0.0000,0.0000,0,15.0088,980.0672,951.6449,965.8561,-14.2112,6.4836,-10.6756,997.2264,947.4529
48.529,1,0,learned,9.0750,71.4404,2.6296,-1.7350,2.9598,3.4309,0.2112,2.1383,3.0018,-2.4822,1.9192,10.6022,-0.4913,3.0000,0.0000,0.0000,0,15.0088,966.2691,920.2510,943.2600,-23.0090,6.4340,-10.4712,983.1743,916.2138
48.575,1,0,learned,8.9687,71.5842,2.6384,-1.7970,2.9207,3.4292,0.2112,2.1340,3.0018,-2.4313,1.9192,10.4237,-0.5044,3.0000,0.0000,0.0000,0,15.0088,969.8791,858.9837,914.4314,-55.4477,6.4730,-10.3025,986.6546,855.1542
48.625,1,0,learned,8.8662,71.7175,2.6468,-1.8644,2.8923,3.4411,0.1953,2.1293,3.0018,-2.3806,1.9192,10.2559,-0.5174,3.0000,0.0000,0.0000,0,15.0088,982.4749,836.0110,909.2430,-73.2320,6.4483,-10.0769,999.0001,832.3823
48.676,1,0,learned,8.7552,71.8568,2.6566,-1.9185,2.8496,3.4353,0.1758,2.1246,3.0018,-2.3238,1.9192,10.0785,-0.5320,3.0000,0.0000,0.0000,0,15.0088,984.6202,741.7725,863.1963,-121.4239,6.4929,-9.7309,1000.0000,738.5344
48.725,1,0,learned,8.6488,71.9860,2.6659,-1.9784,2.8178,3.4430,0.1575,2.1196,3.0018,-2.2679,1.9192,9.9122,-0.5462,3.0000,0.0000,0.0000,0,15.0088,983.4815,782.5196,883.0005,-100.4809,6.5107,-9.5186,999.5107,779.5117
48.775,1,0,learned,8.6488,71.9860,2.6711,-1.9784,2.8178,3.4430,0.1415,2.1196,3.0018,-2.2679,1.9192,9.9122,-0.5515,3.0000,0.0000,0.0000,0,15.0088,969.4703,723.1813,846.3258,-123.1445,6.4968,-9.3685,985.3357,720.3096
48.826,1,0,learned,8.5342,72.1204,2.6760,-2.0232,2.7713,3.4312,0.1492,2.1146,3.0018,-2.2061,1.9192,9.7370,-0.5614,3.0000,0.0000,0.0000,0,15.0088,963.4152,678.2190,820.8171,-142.5981,6.5865,-9.2173,979.2190,675.5883
48.876,1,0,learned,8.4252,72.2445,2.6821,-2.0729,2.7341,3.4310,0.1225,2.1094,3.0018,-2.1460,1.9192,9.5735,-0.5727,3.0000,0.0000,0.0000,0,15.0088,954.3318,659.5961,806.9639,-147.3678,6.6177,-8.8586,969.8080,657.3551
48.926,1,0,learned,8.4252,72.2445,2.6876,-2.0729,2.7341,3.4310,0.1143,2.1094,3.0018,-2.1460,1.9192,9.5735,-0.5782,3.0000,0.0000,0.0000,0,15.0088,987.5348,647.0195,817.2771,-170.2576,6.6150,-8.8263,1000.0000,644.8082
48.976,1,0,learned,8.3085,72.3733,2.6913,-2.1070,2.6824,3.4110,0.0655,2.1042,3.0018,-2.0803,1.9192,9.4021,-0.5871,3.0000,0.0000,0.0000,0,15.0088,981.5676,560.0548,770.8112,-210.7564,6.7210,-8.2078,996.4964,558.5680
49.025,1,0,learned,8.1980,72.4918,2.6956,-2.1462,2.6400,3.4023,0.0868,2.0989,3.0018,-2.0169,1.9192,9.2426,-0.5967,3.0000,0.0000,0.0000,0,15.0088,979.8308,631.9110,805.8709,-173.9599,6.8343,-8.2359,994.9011,630.5093
49.075,1,0,learned,8.0803,72.6146,2.7008,-2.1696,2.5840,3.3741,0.0542,2.0935,3.0018,-1.9481,1.9192,9.0759,-0.6073,3.0000,0.0000,0.0000,0,15.0088,986.5328,636.0902,811.3115,-175.2213,7.0225,-7.7831,1000.0000,635.3296
49.125,1,0,learned,7.9690,72.7275,2.7028,-2.1996,2.5376,3.3582,0.0047,2.0881,3.0018,-1.8820,1.9192,8.9210,-0.6147,3.0000,0.0000,0.0000,0,15.0088,982.1681,583.9445,783.0563,-199.1118,7.1163,-7.1690,996.4534,583.8918
49.175,1,0,learned,7.8506,72.8442,2.7050,-2.2151,2.4789,3.3244,-0.0045,2.0825,3.0018,-1.8106,1.9192,8.7593,-0.6225,3.0000,0.0000,0.0000,0,15.0088,985.7064,602.7019,794.2041,-191.5022,7.3444,-6.8601,999.9110,603.1862
49.225,1,0,learned,7.8506,72.8442,2.7060,-2.2151,2.4789,3.3244,-0.0175,2.0825,3.0018,-1.8106,1.9192,8.7593,-0.6234,3.0000,0.0000,0.0000,0,15.0088,990.1072,504.8823,747.4948,-242.6125,7.3071,-6.7142,1000.0000,505.4752
49.275,1,0,learned,7.7385,72.9516,2.7061,-2.2390,2.4309,3.3049,-0.0430,2.0769,3.0018,-1.7419,1.9192,8.6089,-0.6293,3.0000,0.0000,0.0000,0,15.0088,975.1369,407.0379,691.0874,-284.0495,7.4087,-6.2316,988.7772,408.2149
49.325,1,0,learned,7.6192,73.0629,2.7058,-2.2500,2.3727,3.2699,-0.0520,2.0710,3.0018,-1.6678,1.9192,8.4518,-0.6348,3.0000,0.0000,0.0000,0,15.0088,974.5646,383.3924,678.9785,-295.5861,7.6285,-5.8816,988.0747,385.1394
49.375,1,0,learned,7.5065,73.1653,2.7046,-2.2697,2.3249,3.2491,-0.0693,2.0650,3.0018,-1.5968,1.9192,8.3058,-0.6396,3.0000,0.0000,0.0000,0,15.0088,965.8201,348.8228,657.3215,-308.4986,7.7619,-5.4839,979.0659,351.1008
49.425,1,0,learned,7.5065,73.1653,2.7026,-2.2697,2.3249,3.2491,-0.1038,2.0650,3.0018,-1.5968,1.9192,8.3058,-0.6376,3.0000,0.0000,0.0000,0,15.0088,986.9210,407.1896,697.0553,-289.8657,7.7751,-5.2429,999.9390,409.7218
49.476,1,0,learned,7.3871,73.2710,2.6997,-2.2750,2.2663,3.2112,-0.1335,2.0589,3.0018,-1.5207,1.9192,8.1538,-0.6408,3.0000,0.0000,0.0000,0,15.0088,982.5514,385.3776,683.9645,-298.5869,8.0114,-4.7055,995.2682,388.6835
49.525,1,0,learned,7.2750,73.3677,2.6969,-2.2870,2.2161,3.1846,-0.1415,2.0528,3.0018,-1.4483,1.9192,8.0135,-0.6440,3.0000,0.0000,0.0000,0,15.0088,976.3683,381.9538,679.1611,-297.2073,8.1918,-4.3665,988.9267,385.7790
49.575,1,0,learned,7.1566,73.4673,2.6909,-2.2851,2.1559,3.1416,-0.1710,2.0465,3.0018,-1.3710,1.9192,7.8679,-0.6444,3.0000,0.0000,0.0000,0,15.0088,981.0147,430.9265,705.9706,-275.0441,8.4844,-3.8258,993.3249,435.5852
49.626,1,0,learned,7.0452,73.5587,2.6850,-2.2922,2.1056,3.1125,-0.1845,2.0402,3.0018,-1.2975,1.9192,7.7332,-0.6448,3.0000,0.0000,0.0000,0,15.0088,974.9561,341.9306,658.4433,-316.5128,8.6453,-3.3980,986.9994,347.1778
49.676,1,0,learned,7.0452,73.5587,2.6782,-2.2922,2.1056,3.1125,-0.2107,2.0402,3.0018,-1.2975,1.9192,7.7332,-0.6379,3.0000,0.0000,0.0000,0,15.0088,984.3705,251.1890,617.7798,-366.5908,8.5976,-3.1446,996.1127,256.6421
49.726,1,0,learned,6.9272,73.6531,2.6704,-2.2874,2.0476,3.0700,-0.2505,2.0336,3.0018,-1.2189,1.9192,7.5930,-0.6368,3.0000,0.0000,0.0000,0,15.0088,982.1214,262.3366,622.2290,-359.8924,8.8765,-2.5006,993.4985,268.7126
49.777,1,0,learned,6.8162,73.7400,2.6618,-2.2926,2.0004,3.0426,-0.2518,2.0271,3.0018,-1.1442,1.9192,7.4632,-0.6347,3.0000,0.0000,0.0000,0,15.0088,980.1430,222.5343,601.3387,-378.8044,9.0477,-2.1754,991.3662,229.4066
49.825,1,0,learned,6.6987,73.8300,2.6524,-2.2860,1.9464,3.0024,-0.2903,2.0202,3.0018,-1.0645,1.9192,7.3280,-0.6322,3.0000,0.0000,0.0000,0,15.0088,989.4051,249.2603,619.3327,-370.0724,9.3212,-1.5351,1000.0000,257.0464
49.876,1,0,learned,6.5885,73.9126,2.6393,-2.2879,1.9010,2.9746,-0.3140,2.0135,3.0018,-0.9891,1.9192,7.2033,-0.6259,3.0000,0.0000,0.0000,0,15.0088,984.5422,232.3266,608.4344,-376.1078,9.5005,-1.0164,995.0591,240.8106
49.926,1,0,learned,6.5885,73.9126,2.6309,-2.2879,1.9010,2.9746,-0.3337,2.0135,3.0018,-0.9891,1.9192,7.2033,-0.6174,3.0000,0.0000,0.0000,0,15.0088,979.0095,226.9937,603.0016,-376.0079,9.4872,-0.8261,989.3228,235.6548
49.976,1,0,learned,6.4722,73.9978,2.6155,-2.2775,1.8485,2.9333,-0.3563,2.0064,3.0018,-0.9089,1.9192,7.0739,-0.6091,3.0000,0.0000,0.0000,0,15.0088,980.0016,229.8273,604.9145,-375.0872,9.7573,-0.2792,990.0382,239.3054
50.026,1,0,learned,6.3631,74.0760,2.6022,-2.2765,1.8050,2.9052,-0.3688,1.9995,3.0018,-0.8331,1.9192,6.9545,-0.6027,3.0000,0.0000,0.0000,0,15.0088,967.9629,193.5340,580.7484,-387.2145,9.9353,0.1493,977.7489,203.6186
50.076,1,0,learned,6.2479,74.1571,2.5845,-2.2646,1.7558,2.8655,-0.3922,1.9922,3.0018,-0.7525,1.9192,6.8304,-0.5923,3.0000,0.0000,0.0000,0,15.0088,959.1708,250.6222,604.8965,-354.2743,10.2194,0.7141,968.6761,261.5558
50.125,1,0,learned,6.1396,74.2319,2.5694,-2.2627,1.7163,2.8400,-0.4083,1.9850,3.0018,-0.6762,1.9192,6.7157,-0.5844,3.0000,0.0000,0.0000,0,15.0088,979.4792,238.6024,609.0408,-370.4384,10.3903,1.1723,988.6972,250.1650
50.176,1,0,learned,6.0251,74.3097,2.5535,-2.2505,1.6721,2.8037,-0.4255,1.9775,3.0018,-0.5952,1.9192,6.5964,-0.5761,3.0000,0.0000,0.0000,0,15.0088,979.9553,201.9677,590.9615,-388.9938,10.6222,1.6612,988.9164,214.2510
50.226,1,0,learned,5.9176,74.3816,2.5327,-2.2486,1.6375,2.7816,-0.4680,1.9702,3.0018,-0.5186,1.9192,6.4859,-0.5625,3.0000,0.0000,0.0000,0,15.0088,981.4709,181.1550,581.3130,-400.1580,10.7666,2.3325,989.9050,194.2541
50.275,1,0,learned,5.9176,74.3816,2.5198,-2.2486,1.6375,2.7816,-0.4507,1.9702,3.0018,-0.5186,1.9192,6.4859,-0.5496,3.0000,0.0000,0.0000,0,15.0088,977.0198,153.1889,565.1043,-411.9155,10.7401,2.2439,985.5159,166.1729
50.326,1,0,learned,5.8036,74.4569,2.5020,-2.2371,1.5994,2.7500,-0.4577,1.9624,3.0018,-0.4372,1.9192,6.3705,-0.5397,3.0000,0.0000,0.0000,0,15.0088,974.5820,185.6583,580.1202,-394.4619,10.9728,2.6587,982.8961,199.2898
50.376,1,0,learned,5.6963,74.5269,2.4790,-2.2367,1.5712,2.7334,-0.4880,1.9549,3.0018,-0.3603,1.9192,6.2634,-0.5241,3.0000,0.0000,0.0000,0,15.0088,979.1828,159.4725,569.3276,-409.8551,11.0819,3.2234,987.0412,173.7778
50.425,1,0,learned,5.5826,74.6002,2.4695,-2.2267,1.5391,2.7068,-0.4860,1.9469,3.0018,-0.2785,1.9192,6.1516,-0.5227,3.0000,0.0000,0.0000,0,15.0088,976.3059,243.8930,610.0995,-366.2064,11.3170,3.5435,984.0795,258.7536
50.475,1,0,learned,5.5826,74.6002,2.4503,-2.2267,1.5391,2.7068,-0.5062,1.9469,3.0018,-0.2785,1.9192,6.1516,-0.5034,3.0000,0.0000,0.0000,0,15.0088,983.6846,229.7046,606.6946,-376.9900,11.2884,3.7716,991.2013,244.7646
50.526,1,0,learned,5.4756,74.6686,2.4404,-2.2275,1.5162,2.6946,-0.5405,1.9392,3.0018,-0.2012,1.9192,6.0478,-0.5012,3.0000,0.0000,0.0000,0,15.0088,981.1932,176.7411,578.9671,-402.2260,11.3796,4.2841,988.2887,192.4049
50.575,1,0,learned,5.3619,74.7407,2.4154,-2.2192,1.4902,2.6731,-0.5160,1.9311,3.0018,-0.1190,1.9192,5.9391,-0.4843,3.0000,0.0000,0.0000,0,15.0088,974.8410,189.9689,582.4049,-392.4360,11.5383,4.4506,981.9286,205.9578
50.625,1,0,learned,5.2545,74.8086,2.3949,-2.2228,1.4750,2.6676,-0.5292,1.9233,3.0018,-0.0412,1.9192,5.8376,-0.4715,3.0000,0.0000,0.0000,0,15.0088,988.4258,224.0523,606.2390,-382.1867,11.6092,4.8645,995.1704,240.5260
50.676,1,0,learned,5.2545,74.8086,2.3845,-2.2228,1.4750,2.6676,-0.5497,1.9233,3.0018,-0.0412,1.9192,5.8376,-0.4611,3.0000,0.0000,0.0000,0,15.0088,985.1485,160.9288,573.0387,-412.1099,11.5732,5.0288,991.6930,177.5309
50.731,1,0,learned,5.1404,74.8805,2.3580,-2.2173,1.4567,2.6530,-0.5360,1.9151,3.0018,0.0415,1.9192,5.7310,-0.4430,3.0000,0.0000,0.0000,0,15.0088,957.6997,193.8954,575.7976,-381.9021,11.6998,5.2645,964.1350,210.8598
50.775,1,0,learned,5.0326,74.9484,2.3420,-2.2228,1.4482,2.6530,-0.5398,1.9072,3.0018,0.1196,1.9192,5.6315,-0.4348,3.0000,0.0000,0.0000,0,15.0088,982.4040,286.9997,634.7018,-347.7021,11.7654,5.6064,988.5630,304.3715
50.825,1,0,learned,5.0326,74.9484,2.3312,-2.2228,1.4482,2.6530,-0.5533,1.9072,3.0018,0.1196,1.9192,5.6315,-0.4240,3.0000,0.0000,0.0000,0,15.0088,971.4560,264.9899,618.2229,-353.2330,11.7458,5.7337,977.4681,282.4694
50.875,1,0,learned,4.9181,75.0206,2.3038,-2.2188,1.4364,2.6432,-0.5547,1.8989,3.0018,0.2026,1.9192,5.5269,-0.4049,3.0000,0.0000,0.0000,0,15.0088,983.1455,240.8972,612.0213,-371.1241,11.8181,6.0487,988.9148,258.7640
50.926,1,0,learned,4.8100,75.0891,2.2873,-2.2254,1.4344,2.6476,-0.5603,1.8911,3.0018,0.2809,1.9192,5.4292,-0.3962,3.0000,0.0000,0.0000,0,15.0088,981.6074,257.1402,619.3738,-362.2336,11.8278,6.3329,987.1023,275.3009
50.976,1,0,learned,4.8100,75.0891,2.2705,-2.2254,1.4344,2.6476,-0.5555,1.8911,3.0018,0.2809,1.9192,5.4292,-0.3795,3.0000,0.0000,0.0000,0,15.0088,978.7073,208.8690,593.7882,-384.9192,11.7891,6.3285,984.1680,226.9866
51.025,1,0,learned,4.6950,75.1627,2.2426,-2.2225,1.4306,2.6431,-0.5405,1.8827,3.0018,0.3638,1.9192,5.3260,-0.3598,3.0000,0.0000,0.0000,0,15.0088,983.5881,244.8686,614.2283,-369.3597,11.8517,6.5278,988.9119,263.2481
51.075,1,0,learned,4.5865,75.2331,2.2313,-2.2303,1.4376,2.6535,-0.5665,1.8750,3.0018,0.4418,1.9192,5.2291,-0.3563,3.0000,0.0000,0.0000,0,15.0088,970.8613,331.5278,651.1946,-319.6667,11.8606,6.9617,975.7602,350.3502
51.126,1,0,learned,4.4711,75.3088,2.2029,-2.2277,1.4414,2.6534,-0.5640,1.8667,3.0018,0.5243,1.9192,5.1267,-0.3362,3.0000,0.0000,0.0000,0,15.0088,968.3441,309.0831,638.7136,-329.6305,11.8739,7.1884,973.0297,328.1454
51.175,1,0,learned,4.3624,75.3813,2.1745,-2.2352,1.4551,2.6671,-0.5840,1.8591,3.0018,0.6018,1.9192,5.0307,-0.3153,3.0000,0.0000,0.0000,0,15.0088,986.0351,273.7585,629.8968,-356.1383,11.7915,7.5370,990.2896,293.0870
51.225,1,0,learned,4.3624,75.3813,2.1630,-2.2352,1.4551,2.6671,-0.5813,1.8591,3.0018,0.6018,1.9192,5.0307,-0.3039,3.0000,0.0000,0.0000,0,15.0088,984.2866,290.2200,637.2533,-347.0333,11.7847,7.5693,988.5020,309.5740
51.276,1,0,learned,4.2470,75.4599,2.1342,-2.2319,1.4664,2.6706,-0.5635,1.8510,2.9591,0.6834,1.9192,4.9289,-0.2832,3.0000,0.0000,0.0000,0,15.0088,989.4138,204.3053,596.8596,-392.5543,11.4516,7.5009,993.3645,223.2578
51.325,1,0,learned,4.1384,75.5357,2.1171,-2.2384,1.4892,2.6886,-0.5840,1.8436,2.9015,0.7596,1.9192,4.8329,-0.2734,3.0000,0.0000,0.0000,0,15.0088,990.5851,301.6194,646.1023,-344.4829,11.0023,7.7375,993.8500,320.3592
51.375,1,0,learned,4.1384,75.5357,2.0941,-2.2384,1.4892,2.6886,-0.5513,1.8436,2.9015,0.7596,1.9192,4.8329,-0.2505,3.0000,0.0000,0.0000,0,15.0088,993.2649,261.3981,627.3315,-365.9334,10.9564,7.5431,996.6782,279.8976
51.425,1,0,learned,4.0232,75.6182,2.0653,-2.2337,1.5085,2.6954,-0.5875,1.8358,2.8404,0.8397,1.9192,4.7312,-0.2295,3.0000,0.0000,0.0000,0,15.0088,986.5340,298.9212,642.7276,-343.8064,10.5179,7.9115,989.1404,317.3507
51.476,1,0,learned,3.9149,75.6976,2.0538,-2.2382,1.5376,2.7155,-0.5940,1.8287,2.7830,0.9144,1.9192,4.6355,-0.2251,3.0000,0.0000,0.0000,0,15.0088,983.2970,346.7990,665.0480,-318.2490,10.0298,7.9716,985.3552,364.8004
51.526,1,0,learned,3.8004,75.7838,2.0249,-2.2310,1.5616,2.7232,-0.5980,1.8211,2.7222,0.9926,1.9192,4.5343,-0.2038,3.0000,0.0000,0.0000,0,15.0088,982.5568,379.2703,680.9136,-301.6433,9.5697,8.0907,984.0359,396.9307
51.575,1,0,learned,3.6929,75.8670,2.0017,-2.2326,1.5962,2.7445,-0.5745,1.8143,2.6650,1.0652,1.9192,4.4391,-0.1874,3.0000,0.0000,0.0000,0,15.0088,977.5947,349.0705,663.3326,-314.2621,9.0186,7.8735,978.7398,365.9626
51.626,1,0,learned,3.6929,75.8670,1.9784,-2.2326,1.5962,2.7445,-0.5777,1.8143,2.6650,1.0652,1.9192,4.4391,-0.1641,3.0000,0.0000,0.0000,0,15.0088,979.6584,344.3541,662.0063,-317.6521,8.9894,7.9916,980.6561,361.3351
51.676,1,0,learned,3.5795,75.9579,1.9552,-2.2221,1.6266,2.7538,-0.5457,1.8071,2.6043,1.1407,1.9192,4.3379,-0.1481,3.0000,0.0000,0.0000,0,15.0088,984.5664,366.3306,675.4485,-309.1179,8.5062,7.7806,985.2920,382.6174
51.726,1,0,learned,3.4734,76.0462,1.9321,-2.2200,1.6692,2.7775,-0.5865,1.8007,2.5469,1.2104,1.9192,4.2423,-0.1314,3.0000,0.0000,0.0000,0,15.0088,979.1895,433.9503,706.5699,-272.6196,7.9656,8.1582,978.9970,450.0741
51.775,1,0,learned,3.3618,76.1428,1.9090,-2.2053,1.7066,2.7885,-0.5613,1.7939,2.4859,1.2823,1.9192,4.1407,-0.1151,3.0000,0.0000,0.0000,0,15.0088,983.1903,430.8223,707.0063,-276.1840,7.4507,7.9582,982.6828,446.2311
51.827,1,0,learned,3.2576,76.2363,1.8861,-2.1982,1.7548,2.8128,-0.6005,1.7880,2.4285,1.3483,1.9192,4.0451,-0.0980,3.0000,0.0000,0.0000,0,15.0088,970.6285,396.8924,683.7604,-286.8680,6.8621,8.2050,969.2856,411.9595
51.875,1,0,learned,3.2576,76.2363,1.8632,-2.1982,1.7548,2.8128,-0.5465,1.7880,2.4285,1.3483,1.9192,4.0451,-0.0752,3.0000,0.0000,0.0000,0,15.0088,979.7994,311.3137,645.5565,-334.2428,6.8039,7.7726,978.8306,325.8902
51.927,1,0,learned,3.1484,76.3385,1.8405,-2.1785,1.7972,2.8242,-0.5695,1.7818,2.3674,1.4160,1.9192,3.9434,-0.0588,3.0000,0.0000,0.0000,0,15.0088,940.2049,300.4240,620.3145,-319.8904,6.2839,7.9298,938.5590,314.6378
51.975,1,0,learned,3.0468,76.4379,1.8180,-2.1660,1.8518,2.8497,-0.5182,1.7764,2.3097,1.4776,1.9192,3.8473,-0.0416,3.0000,0.0000,0.0000,0,15.0088,960.8476,406.1805,683.5140,-277.3335,5.7093,7.5873,958.9696,419.4771
52.025,1,0,learned,2.9407,76.5463,1.7956,-2.1410,1.8983,2.8614,-0.5840,1.7707,2.2486,1.5403,1.9192,3.7455,-0.0250,3.0000,0.0000,0.0000,0,15.0088,993.6437,391.5118,692.5777,-301.0659,5.1721,8.1279,990.6879,404.8118
52.076,1,0,learned,2.8423,76.6506,1.7733,-2.1230,1.9534,2.8849,-0.5435,1.7658,2.1916,1.5972,1.9192,3.6505,-0.0075,3.0000,0.0000,0.0000,0,15.0088,989.5237,342.3671,665.9454,-323.5783,4.5670,7.6819,986.4088,354.6161
52.125,1,0,learned,2.8423,76.6506,1.7510,-2.1230,1.9534,2.8849,-0.5757,1.7658,2.1916,1.5972,1.9192,3.6505,0.0148,3.0000,0.0000,0.0000,0,15.0088,960.4330,311.4261,635.9295,-324.5035,4.5393,8.0252,956.9471,323.9905
52.176,1,0,learned,2.7398,76.7638,1.7232,-2.0926,1.9981,2.8933,-0.5363,1.7605,2.1315,1.6549,1.9192,3.5504,0.0373,3.0000,0.0000,0.0000,0,15.0088,914.6977,402.4860,658.5918,-256.1058,4.0487,7.8252,910.9213,414.3599
52.225,1,0,learned,2.6451,76.8731,1.7010,-2.0687,2.0539,2.9152,-0.5673,1.7561,2.0752,1.7066,1.9192,3.4567,0.0551,3.0000,0.0000,0.0000,0,15.0088,908.6359,416.6146,662.6252,-246.0107,3.4752,8.0856,904.0255,428.1754
52.275,1,0,learned,2.5467,76.9918,1.6734,-2.0331,2.0994,2.9225,-0.5693,1.7515,2.0161,1.7585,1.9192,3.3582,0.0780,3.0000,0.0000,0.0000,0,15.0088,856.8784,383.3258,620.1021,-236.7763,2.9630,8.0971,851.7443,394.3859
52.326,1,0,learned,2.4561,77.1055,1.6624,-2.0040,2.1536,2.9418,-0.5677,1.7476,1.9613,1.8048,1.9192,3.2669,0.0852,3.0000,0.0000,0.0000,0,15.0088,828.2285,401.7548,614.9916,-213.2368,2.4229,8.0326,822.6188,412.2103
52.375,1,0,learned,2.4561,77.1055,1.6403,-2.0040,2.1536,2.9418,-0.5108,1.7476,1.9613,1.8048,1.9192,3.2669,0.1073,3.0000,0.0000,0.0000,0,15.0088,921.5941,384.2876,652.9408,-268.6533,2.3914,7.6610,916.3245,394.3399
52.425,1,0,learned,2.2771,77.3462,1.6074,-1.9268,2.2471,2.9601,-0.5230,1.7400,1.8512,1.8910,1.9192,3.0836,0.1327,3.0000,0.0000,0.0000,0,15.0088,969.8930,424.6477,697.2704,-272.6226,1.4259,7.8408,963.4782,433.9144
52.476,1,0,learned,2.2771,77.3462,1.5965,-1.9268,2.2471,2.9601,-0.5145,1.7400,1.8512,1.8910,1.9192,3.0836,0.1435,3.0000,0.0000,0.0000,0,15.0088,930.0680,381.1144,655.5912,-274.4768,1.4108,7.7583,923.7204,390.2835
52.525,1,0,learned,2.1893,77.4728,1.5749,-1.8792,2.2847,2.9582,-0.5225,1.7363,1.7966,1.9303,1.9192,2.9925,0.1614,3.0000,0.0000,0.0000,0,15.0088,850.8861,355.9145,603.4003,-247.4858,0.9941,7.8518,844.0284,364.7605
52.576,1,0,learned,2.1092,77.5940,1.5535,-1.8371,2.3326,2.9692,-0.5135,1.7335,1.7463,1.9642,1.9192,2.9088,0.1800,3.0000,0.0000,0.0000,0,17.9177,881.3316,405.4578,643.3947,-237.9369,0.5300,7.8945,873.9671,413.8822
52.625,1,0,learned,2.1092,77.5940,1.5322,-1.8371,2.3326,2.9692,-0.5428,0.9611,3.5835,-0.8553,0.8795,20.7156,-0.5711,3.0000,0.0000,0.0000,0,17.9177,838.3924,357.3404,597.8664,-240.5260,9.2457,-4.5586,852.1967,362.0275
52.676,1,0,learned,2.0271,77.7246,1.5057,-1.7852,2.3685,2.9659,-0.5138,0.9472,3.5835,-0.7088,0.8795,20.6617,-0.5585,3.0000,0.0000,0.0000,0,17.9177,811.6769,358.8928,585.2849,-226.3920,9.3078,-4.4617,825.4465,363.7390
52.726,1,0,learned,1.9526,77.8492,1.4952,-1.7387,2.4137,2.9748,-0.5040,0.9341,3.5835,-0.5720,0.8795,20.6091,-0.5611,3.0000,0.0000,0.0000,0,17.9177,823.6897,414.3192,619.0045,-204.6853,9.3413,-4.3608,837.3918,419.2997
52.776,1,0,learned,1.8766,77.9827,1.4690,-1.6831,2.4445,2.9679,-0.5020,0.9204,3.5835,-0.4284,0.8795,20.5512,-0.5486,3.0000,0.0000,0.0000,0,17.9177,713.6897,304.3192,509.0045,-204.6853,9.3844,-4.0182,727.0924,309.6854
52.825,1,0,learned,1.8079,78.1096,1.4482,-1.6328,2.4844,2.9729,-0.5310,0.9076,3.5835,-0.2945,0.8795,20.4949,-0.5406,3.0000,0.0000,0.0000,0,17.9177,603.6947,194.3192,399.0070,-204.6878,9.3643,-3.5366,616.5956,200.1469
52.875,1,0,learned,1.8079,78.1096,1.4326,-1.6328,2.4844,2.9729,-0.5190,0.9076,3.5835,-0.2945,0.8795,20.4949,-0.5250,3.0000,0.0000,0.0000,0,17.9177,608.5621,84.3286,346.4453,-262.1168,9.3095,-3.5059,621.3774,90.1321
52.926,1,0,learned,1.7383,78.2454,1.4121,-1.5740,2.5100,2.9627,-0.4863,0.8942,3.5835,-0.1543,0.8795,20.4331,-0.5178,3.0000,0.0000,0.0000,0,17.9177,718.2135,165.2469,441.7302,-276.4833,9.4333,-3.5432,731.1900,171.1370
52.975,1,0,learned,1.6756,78.3738,1.3968,-1.5204,2.5428,2.9627,-0.4630,0.8818,3.5835,-0.0242,0.8795,20.3736,-0.5151,3.0000,0.0000,0.0000,0,17.9177,827.6579,57.6736,442.6657,-384.9922,9.4554,-3.4535,840.5668,63.6755
53.025,1,0,learned,1.6756,78.3738,1.3766,-1.5204,2.5428,2.9627,-0.5238,0.8818,3.5835,-0.0242,0.8795,20.3736,-0.4948,3.0000,0.0000,0.0000,0,17.9177,924.2162,13.7705,468.9933,-455.2229,9.3948,-3.0692,936.6802,20.0961
53.077,1,0,learned,1.6119,78.5087,1.3564,-1.4613,2.5529,2.9416,-0.4660,0.8688,3.5835,0.1109,0.8795,20.3106,-0.4876,3.0000,0.0000,0.0000,0,17.9177,996.3495,123.7705,560.0600,-436.2895,9.5821,-3.2395,1000.0000,130.1130
53.126,1,0,learned,1.5544,78.6347,1.3362,-1.4090,2.5676,2.9288,-0.5268,0.8568,3.5835,0.2356,0.8795,20.2513,-0.4795,3.0000,0.0000,0.0000,0,17.9177,973.8259,233.7705,603.7982,-370.0277,9.6970,-2.7252,986.2480,240.7423
53.175,1,0,learned,1.4958,78.7679,1.3105,-1.3523,2.5665,2.9009,-0.5635,0.8441,3.5835,0.3657,0.8795,20.1879,-0.4664,3.0000,0.0000,0.0000,0,17.9177,986.8442,289.3046,638.0744,-348.7698,9.8709,-2.2977,999.0129,296.8778
53.225,1,0,learned,1.4428,78.8935,1.2948,-1.3026,2.5765,2.8870,-0.5845,0.8324,3.5835,0.4866,0.8795,20.1275,-0.4625,3.0000,0.0000,0.0000,0,17.9177,987.3084,216.6006,601.9545,-385.3539,9.9592,-1.9376,999.2052,224.6222
53.276,1,0,learned,1.4428,78.8935,1.2734,-1.3026,2.5765,2.8870,-0.5333,0.8324,3.5835,0.4866,0.8795,20.1275,-0.4410,3.0000,0.0000,0.0000,0,17.9177,998.4279,160.3630,579.3954,-419.0324,9.9190,-2.1446,1000.0000,168.1374
53.326,1,0,learned,1.3895,79.0279,1.2514,-1.2472,2.5779,2.8638,-0.5905,0.8200,3.5835,0.6133,0.8795,20.0615,-0.4315,3.0000,0.0000,0.0000,0,17.9177,989.9097,253.8589,621.8843,-368.0254,10.0801,-1.6318,1000.0000,262.3073
53.376,1,0,learned,1.3423,79.1561,1.2291,-1.1943,2.5965,2.8580,-0.5563,0.8085,3.5835,0.7314,0.8795,19.9968,-0.4207,3.0000,0.0000,0.0000,0,17.9177,993.9295,179.4605,586.6950,-407.2345,10.1255,-1.5740,1000.0000,188.0121
53.425,1,0,learned,1.2957,79.2937,1.2065,-1.1349,2.6065,2.8428,-0.6070,0.7963,3.5835,0.8551,0.8795,19.9255,-0.4101,3.0000,0.0000,0.0000,0,17.9177,996.5911,191.9656,594.2784,-402.3128,10.2235,-1.0743,1000.0000,201.1148
53.476,1,0,learned,1.2548,79.4248,1.1834,-1.0785,2.6314,2.8438,-0.5695,0.7852,3.5835,0.9702,0.8795,19.8560,-0.3982,3.0000,0.0000,0.0000,0,17.9177,977.5730,98.3722,537.9726,-439.6004,10.2287,-1.0282,988.8299,107.5727
53.525,1,0,learned,1.2548,79.4248,1.1659,-1.0785,2.6314,2.8438,-0.5870,0.7852,3.5835,0.9702,0.8795,19.8560,-0.3806,3.0000,0.0000,0.0000,0,17.9177,975.9235,207.2191,591.5713,-384.3522,10.2202,-0.9331,987.0767,216.5062
53.575,1,0,learned,1.2149,79.5656,1.1422,-1.0161,2.6467,2.8350,-0.6053,0.7735,3.5835,1.0907,0.8795,19.7793,-0.3688,3.0000,0.0000,0.0000,0,17.9177,998.5936,308.9482,653.7709,-344.8227,10.3094,-0.6597,1000.0000,318.5979
53.625,1,0,learned,1.1806,79.6999,1.1244,-0.9556,2.6768,2.8423,-0.5985,0.7628,3.5835,1.2027,0.8795,19.7043,-0.3616,3.0000,0.0000,0.0000,0,17.9177,986.3822,201.2494,593.8158,-392.5664,10.2811,-0.4635,997.1268,211.0671
53.676,1,0,learned,1.1480,79.8440,1.0940,-0.8900,2.6957,2.8388,-0.6368,0.7515,3.5835,1.3197,0.8795,19.6218,-0.3425,3.0000,0.0000,0.0000,0,17.9177,997.9058,236.2438,617.0748,-380.8310,10.3111,-0.0404,1000.0000,246.5145
53.725,1,0,learned,1.1480,79.8440,1.0757,-0.8900,2.6957,2.8388,-0.6142,0.7515,3.5835,1.3197,0.8795,19.6218,-0.3242,3.0000,0.0000,0.0000,0,17.9177,984.5028,292.5338,638.5183,-345.9845,10.2972,-0.1337,994.9337,302.6974
53.781,1,0,learned,1.1212,79.9816,1.0571,-0.8237,2.7302,2.8517,-0.6128,0.7414,3.5835,1.4281,0.8795,19.5407,-0.3158,3.0000,0.0000,0.0000,0,17.9177,999.0017,311.7234,655.3626,-343.6391,10.2637,0.0295,1000.0000,322.0167
53.826,1,0,learned,1.0972,80.1296,1.0323,-0.7510,2.7533,2.8539,-0.6415,0.7307,3.5835,1.5409,0.8795,19.4508,-0.3016,3.0000,0.0000,0.0000,0,17.9177,991.8280,358.5018,675.1649,-316.6631,10.2777,0.3793,1000.0000,369.1588
53.876,1,0,learned,1.0790,80.2707,1.0012,-0.6770,2.7906,2.8716,-0.6520,0.7212,3.5835,1.6449,0.8795,19.3626,-0.2800,3.0000,0.0000,0.0000,0,17.9177,996.1891,256.5659,626.3775,-369.8116,10.1699,0.6738,1000.0000,267.4097
53.926,1,0,learned,1.0790,80.2707,0.9824,-0.6770,2.7906,2.8716,-0.6332,0.7212,3.5835,1.6449,0.8795,19.3626,-0.2612,3.0000,0.0000,0.0000,0,17.9177,999.1659,253.1322,626.1491,-373.0168,10.1408,0.6226,1000.0000,263.8955
53.976,1,0,learned,1.0646,80.4221,0.9512,-0.5967,2.8147,2.8772,-0.6245,0.7112,3.5835,1.7525,0.8795,19.2650,-0.2400,3.0000,0.0000,0.0000,0,17.9177,991.4869,360.1768,675.8319,-315.6551,10.1463,0.7575,1000.0000,371.0806
54.025,1,0,learned,1.0560,80.5661,0.9324,-0.5136,2.8519,2.8978,-0.6415,0.7024,3.5835,1.8510,0.8795,19.1693,-0.2300,3.0000,0.0000,0.0000,0,17.9177,997.3944,402.6930,700.0437,-297.3507,10.0717,1.0009,1000.0000,413.7656
54.076,1,0,learned,1.0517,80.7199,0.9075,-0.4272,2.8729,2.9045,-0.6138,0.6931,3.5835,1.9523,0.8795,19.0642,-0.2143,3.0000,0.0000,0.0000,0,17.9177,998.5016,294.0810,646.2913,-352.2103,10.0453,1.0738,1000.0000,305.2002
54.126,1,0,learned,1.0522,80.8654,0.8764,-0.3398,2.9047,2.9245,-0.6135,0.6851,3.5835,2.0448,0.8795,18.9621,-0.1913,3.0000,0.0000,0.0000,0,17.9177,984.9261,295.6808,640.3034,-344.6226,9.9514,1.2652,993.6123,306.8974
54.175,1,0,learned,1.0522,80.8654,0.8576,-0.3398,2.9047,2.9245,-0.5857,0.6851,3.5835,2.0448,0.8795,18.9621,-0.1725,3.0000,0.0000,0.0000,0,17.9177,988.6371,270.4889,629.5630,-359.0741,9.9209,1.1705,997.3875,281.5802
54.226,1,0,learned,1.0580,81.0204,0.8391,-0.2495,2.9199,2.9306,-0.5835,0.6765,3.5835,2.1391,0.8795,18.8502,-0.1625,3.0000,0.0000,0.0000,0,17.9177,995.9296,380.4510,688.1903,-307.7393,9.9452,1.2996,1000.0000,391.6958
54.276,1,0,learned,1.0679,81.1667,0.8081,-0.1584,2.9455,2.9497,-0.6170,0.6692,3.5835,2.2248,0.8795,18.7419,-0.1389,3.0000,0.0000,0.0000,0,17.9177,997.8394,406.0915,701.9655,-295.8739,9.8512,1.6622,1000.0000,417.6049
54.326,1,0,learned,1.0679,81.1667,0.7896,-0.1584,2.9455,2.9497,-0.5990,0.6692,3.5835,2.2248,0.8795,18.7419,-0.1204,3.0000,0.0000,0.0000,0,17.9177,995.2524,493.1139,744.1831,-251.0692,9.8391,1.5949,1000.0000,504.5479
54.376,1,0,learned,1.0830,81.3218,0.7649,-0.0686,2.9529,2.9537,-0.6212,0.6613,3.5835,2.3120,0.8795,18.6244,-0.1036,3.0000,0.0000,0.0000,0,17.9177,994.0448,419.2441,706.6444,-287.4004,9.8268,1.9143,1000.0000,430.9852
54.426,1,0,learned,1.1016,81.4678,0.7463,0.0226,2.9707,2.9708,-0.6302,0.6547,3.5835,2.3908,0.8795,18.5110,-0.0917,3.0000,0.0000,0.0000,0,17.9177,998.8311,435.2722,717.0517,-281.7794,9.7710,2.1134,1000.0000,447.1566
54.476,1,0,learned,1.1265,81.6226,0.7218,0.1141,2.9720,2.9742,-0.5843,0.6476,3.5835,2.4702,0.8795,18.3875,-0.0743,3.0000,0.0000,0.0000,0,17.9177,996.2425,398.1593,697.2009,-299.0416,9.7896,2.0530,1000.0000,410.0019
54.526,1,0,learned,1.1550,81.7684,0.6915,0.2099,2.9847,2.9921,-0.5737,0.6417,3.5835,2.5412,0.8795,18.2680,-0.0498,3.0000,0.0000,0.0000,0,17.9177,988.9753,508.1592,748.5672,-240.4081,9.7330,2.1607,996.5476,520.0529
54.575,1,0,learned,1.1550,81.7684,0.6734,0.2099,2.9847,2.9921,-0.5657,0.6417,3.5835,2.5412,0.8795,18.2680,-0.0317,3.0000,0.0000,0.0000,0,17.9177,985.5756,615.3019,800.4387,-185.1368,9.7207,2.1498,993.1465,627.1724
54.626,1,0,learned,1.1904,81.9225,0.6555,0.3042,2.9806,2.9960,-0.6105,0.6355,3.5835,2.6122,0.8795,18.1381,-0.0201,3.0000,0.0000,0.0000,0,17.9177,986.4330,563.5610,774.9970,-211.4360,9.7221,2.5525,993.6026,575.8357
54.676,1,0,learned,1.2286,82.0672,0.6258,0.4022,2.9873,3.0143,-0.5647,0.6305,3.5835,2.6751,0.8795,18.0130,0.0047,3.0000,0.0000,0.0000,0,17.9177,988.0400,576.9234,782.4817,-205.5583,9.6614,2.4833,995.2181,589.0681
54.725,1,0,learned,1.2748,82.2200,0.6023,0.4996,2.9777,3.0193,-0.5717,0.6251,3.5835,2.7369,0.8795,17.8768,0.0228,3.0000,0.0000,0.0000,0,17.9177,988.2858,652.5358,820.4108,-167.8750,9.6792,2.6795,995.2855,664.8945
54.775,1,0,learned,1.3240,82.3634,0.5736,0.6045,2.9796,3.0403,-0.5537,0.6211,3.5835,2.7904,0.8795,17.7450,0.0475,3.0000,0.0000,0.0000,0,17.9177,991.2115,669.4308,830.3212,-160.8904,9.6001,2.7498,998.0618,681.7806
54.825,1,0,learned,1.3240,82.3634,0.5622,0.6045,2.9796,3.0403,-0.5620,0.6211,3.5835,2.7904,0.8795,17.7450,0.0589,3.0000,0.0000,0.0000,0,17.9177,992.2580,655.4353,823.8466,-168.4114,9.5766,2.8235,999.0111,667.8353
54.875,1,0,learned,1.3822,82.5146,0.5342,0.7076,2.9653,3.0485,-0.5120,0.6169,3.5835,2.8420,0.8795,17.6016,0.0826,3.0000,0.0000,0.0000,0,17.9177,999.1544,696.8158,847.9851,-151.1693,9.5847,2.7245,1000.0000,709.1250
54.925,1,0,learned,1.4428,82.6562,0.5178,0.8187,2.9622,3.0733,-0.5400,0.6139,3.5835,2.8856,0.8795,17.4629,0.0961,3.0000,0.0000,0.0000,0,17.9177,991.4982,673.9633,832.7307,-158.7674,9.4920,3.0048,997.9853,686.4601
54.975,1,0,learned,1.4428,82.6562,0.5016,0.8187,2.9622,3.0733,-0.5423,0.6139,3.5835,2.8856,0.8795,17.4629,0.1123,3.0000,0.0000,0.0000,0,17.9177,999.2286,745.4501,872.3394,-126.8893,9.4712,3.0575,1000.0000,757.9788
55.025,1,0,learned,1.5134,82.8052,0.4804,0.9263,2.9430,3.0853,-0.4915,0.6108,3.5835,2.9262,0.8795,17.3122,0.1303,3.0000,0.0000,0.0000,0,17.9177,997.3381,716.7822,857.0601,-140.2780,9.4679,2.9332,1000.0000,729.1833
55.075,1,0,learned,1.5855,82.9445,0.4649,1.0414,2.9344,3.1138,-0.4848,0.6089,3.5835,2.9594,0.8795,17.1669,0.1440,3.0000,0.0000,0.0000,0,17.9177,996.2658,740.6478,868.4568,-127.8090,9.3757,3.0226,1000.0000,753.0461
55.126,1,0,learned,1.6679,83.0905,0.4395,1.1503,2.9094,3.1286,-0.4580,0.6069,3.5835,2.9891,0.8795,17.0094,0.1674,3.0000,0.0000,0.0000,0,17.9177,994.2088,796.7033,895.4560,-98.7527,9.3546,3.0326,1000.0000,809.0905
55.175,1,0,learned,1.6679,83.0905,0.4197,1.1503,2.9094,3.1286,-0.4920,0.6069,3.5835,2.9891,0.8795,17.0094,0.1872,3.0000,0.0000,0.0000,0,17.9177,992.4555,828.4177,910.4366,-82.0189,9.3137,3.2674,998.5017,840.9988
55.225,1,0,learned,1.7510,83.2266,0.4052,1.2662,2.8944,3.1593,-0.4890,0.6060,3.5835,3.0118,0.8795,16.8582,0.2008,3.0000,0.0000,0.0000,0,17.9177,987.7154,850.1769,918.9462,-68.7692,9.2119,3.3737,993.5536,862.7625
55.275,1,0,learned,1.8446,83.3689,0.3815,1.3730,2.8628,3.1750,-0.4512,0.6050,3.5835,3.0304,0.8795,16.6951,0.2234,3.0000,0.0000,0.0000,0,17.9177,987.5835,911.5345,949.5590,-38.0245,9.1940,3.3187,993.4588,924.0473
55.325,1,0,learned,1.9378,83.5009,0.3678,1.4867,2.8404,3.2060,-0.4318,0.6050,3.5835,3.0428,0.8795,16.5389,0.2373,3.0000,0.0000,0.0000,0,17.9177,997.2847,904.8662,951.0754,-46.2092,9.0943,3.3325,1000.0000,917.2930
55.375,1,0,learned,1.9378,83.5009,0.3587,1.4867,2.8404,3.2060,-0.4490,0.6050,3.5835,3.0428,0.8795,16.5389,0.2463,3.0000,0.0000,0.0000,0,17.9177,994.5028,901.4725,947.9876,-46.5152,9.0735,3.4497,1000.0000,913.9957
55.425,1,0,learned,2.0420,83.6385,0.3366,1.5904,2.8015,3.2215,-0.3703,0.6050,3.5835,3.0502,0.8795,16.3707,0.2684,3.0000,0.0000,0.0000,0,17.9177,991.4849,858.6176,925.0512,-66.4336,9.0707,3.1544,997.4011,870.8427
55.475,1,0,learned,2.1451,83.7658,0.3239,1.7019,2.7715,3.2524,-0.4108,0.6059,3.5835,3.0519,0.8795,16.2102,0.2821,3.0000,0.0000,0.0000,0,17.9177,975.3653,936.6805,956.0229,-19.3424,8.9592,3.4883,980.8363,949.1281
55.525,1,0,learned,2.1451,83.7658,0.3114,1.7019,2.7715,3.2524,-0.3865,0.6059,3.5835,3.0519,0.8795,16.2102,0.2946,3.0000,0.0000,0.0000,0,17.9177,984.8329,935.5322,960.1826,-24.6503,8.9472,3.3927,990.3875,947.8722
55.575,1,0,learned,2.2595,83.8980,0.2914,1.8014,2.7258,3.2673,-0.3840,0.6068,3.5835,3.0482,0.8795,16.0378,0.3154,3.0000,0.0000,0.0000,0,17.9177,978.8170,935.6902,957.2536,-21.5634,8.9248,3.5001,984.2416,948.1151
55.625,1,0,learned,2.3713,84.0201,0.2797,1.9068,2.6891,3.2966,-0.3700,0.6085,3.5835,3.0398,0.8795,15.8740,0.3289,3.0000,0.0000,0.0000,0,17.9177,991.0445,958.1131,974.5788,-16.4657,8.8348,3.5294,996.3499,970.4774
55.675,1,0,learned,2.4941,84.1466,0.2610,1.9979,2.6379,3.3091,-0.3427,0.6102,3.5835,3.0259,0.8795,15.6988,0.3492,3.0000,0.0000,0.0000,0,17.9177,992.8121,961.0605,976.9363,-15.8758,8.8348,3.4889,998.1580,973.3843
55.726,1,0,learned,2.6136,84.2630,0.2466,2.0963,2.5956,3.3364,-0.2968,0.6126,3.5835,3.0081,0.8795,15.5326,0.3660,3.0000,0.0000,0.0000,0,17.9177,987.5761,988.4878,988.0319,0.4559,8.7660,3.3380,993.0041,1000.0000
55.775,1,0,learned,2.6136,84.2630,0.2361,2.0963,2.5956,3.3364,-0.2903,0.6126,3.5835,3.0081,0.8795,15.5326,0.3765,3.0000,0.0000,0.0000,0,17.9177,992.5755,980.5822,986.5788,-5.9966,8.7517,3.3336,997.9936,992.6675
55.826,1,0,learned,2.7443,84.3836,0.2194,2.1797,2.5401,3.3471,-0.2818,0.6150,3.5835,2.9842,0.8795,15.3551,0.3956,3.0000,0.0000,0.0000,0,17.9177,989.0122,978.7138,983.8630,-5.1492,8.7559,3.3783,994.3897,990.8480
55.876,1,0,learned,2.8709,84.4944,0.2097,2.2713,2.4939,3.3732,-0.2675,0.6182,3.5835,2.9574,0.8795,15.1869,0.4085,3.0000,0.0000,0.0000,0,17.9177,984.0941,976.9090,980.5015,-3.5926,8.6852,3.3784,989.4010,988.9725
55.926,1,0,learned,3.0088,84.6089,0.1942,2.3475,2.4355,3.3826,-0.2632,0.6213,3.5835,2.9241,0.8795,15.0077,0.4271,3.0000,0.0000,0.0000,0,17.9177,991.5808,988.2699,989.9253,-1.6555,8.6912,3.4347,996.8373,1000.0000
55.976,1,0,learned,3.1418,84.7140,0.1823,2.4322,2.3862,3.4073,-0.2682,0.6251,3.5835,2.8886,0.8795,14.8382,0.4428,3.0000,0.0000,0.0000,0,17.9177,970.2743,973.5338,971.9041,1.6297,8.6173,3.5371,975.3545,985.6882
56.025,1,0,learned,3.1418,84.7140,0.1765,2.4322,2.3862,3.4073,-0.2445,0.6251,3.5835,2.8886,0.8795,14.8382,0.4486,3.0000,0.0000,0.0000,0,17.9177,963.1078,972.6631,967.8854,4.7776,8.6216,3.4201,968.3092,984.7047
56.075,1,0,learned,3.2860,84.8223,0.1599,2.5002,2.3257,3.4146,-0.2692,0.6289,3.5835,2.8467,0.8795,14.6580,0.4690,3.0000,0.0000,0.0000,0,17.9177,969.6804,977.9138,973.7971,4.1167,8.6215,3.6323,974.6697,990.1676
56.125,1,0,learned,3.4245,84.9216,0.1519,2.5771,2.2740,3.4369,-0.2615,0.6333,3.5835,2.8033,0.8795,14.4880,0.4814,3.0000,0.0000,0.0000,0,17.9177,907.2861,984.2449,945.7655,38.4794,8.5783,3.6339,912.2305,996.4571
56.175,1,0,learned,3.5738,85.0237,0.1391,2.6360,2.2119,3.4411,-0.2437,0.6376,3.5835,2.7533,0.8795,14.3078,0.4985,3.0000,0.0000,0.0000,0,17.9177,869.5093,982.5366,926.0229,56.5137,8.6299,3.5688,874.5704,994.7353
56.226,1,0,learned,3.7165,85.1170,0.1293,2.7035,2.1585,3.4595,-0.2043,0.6424,3.5835,2.7029,0.8795,14.1382,0.5131,3.0000,0.0000,0.0000,0,17.9177,906.0884,997.1548,951.6216,45.5332,8.5916,3.3994,911.2806,1000.0000
56.275,1,0,learned,3.7165,85.1170,0.1246,2.7035,2.1585,3.4595,-0.2412,0.6424,3.5835,2.7029,0.8795,14.1382,0.5178,3.0000,0.0000,0.0000,0,17.9177,858.9619,993.1753,926.0686,67.1067,8.5796,3.6195,863.9220,1000.0000
56.325,1,0,learned,3.8697,85.2129,0.1132,2.7520,2.0954,3.4590,-0.2038,0.6472,3.5835,2.6460,0.8795,13.9590,0.5341,3.0000,0.0000,0.0000,0,17.9177,927.3569,990.2606,958.8087,31.4518,8.6381,3.4388,932.5562,1000.0000
56.375,1,0,learned,4.0153,85.3002,0.1067,2.8083,2.0403,3.4712,-0.2110,0.6524,3.5835,2.5895,0.8795,13.7911,0.5457,3.0000,0.0000,0.0000,0,17.9177,817.4138,981.7358,899.5748,82.1610,8.6524,3.4793,822.5869,993.8675
56.425,1,0,learned,4.1709,85.3897,0.0965,2.8450,1.9763,3.4641,-0.1767,0.6575,3.5835,2.5267,0.8795,13.6142,0.5610,3.0000,0.0000,0.0000,0,17.9177,739.8257,984.4676,862.1467,122.3210,8.7833,3.2612,745.3479,996.5121
56.475,1,0,learned,4.3185,85.4712,0.0870,2.8909,1.9205,3.4707,-0.1753,0.6629,3.5835,2.4649,0.8795,13.4487,0.5759,3.0000,0.0000,0.0000,0,17.9177,785.4754,988.0593,886.7674,101.2919,8.7836,3.2757,790.9832,1000.0000
56.526,1,0,learned,4.3185,85.4712,0.0834,2.8909,1.9205,3.4707,-0.1470,0.6629,3.5835,2.4649,0.8795,13.4487,0.5795,3.0000,0.0000,0.0000,0,17.9177,713.6023,987.2255,850.4139,136.8116,8.8122,3.1075,719.3071,999.1452
56.575,1,0,learned,4.4757,85.5545,0.0766,2.9175,1.8569,3.4583,-0.1573,0.6684,3.5835,2.3969,0.8795,13.2746,0.5918,3.0000,0.0000,0.0000,0,17.9177,612.1904,993.2575,802.7239,190.5336,8.9588,3.1123,618.0369,1000.0000
56.626,1,0,learned,4.6239,85.6300,0.0704,2.9513,1.8004,3.4572,-0.0998,0.6740,3.5835,2.3309,0.8795,13.1126,0.6036,3.0000,0.0000,0.0000,0,17.9177,579.4928,985.4873,782.4900,202.9973,9.0534,2.7417,585.8044,997.2824
56.676,1,0,learned,4.6239,85.6300,0.0661,2.9513,1.8004,3.4572,-0.0725,0.6740,3.5835,2.3309,0.8795,13.1126,0.6079,3.0000,0.0000,0.0000,0,17.9177,681.3000,990.8283,836.0642,154.7641,9.0338,2.6162,687.7176,1000.0000
56.725,1,0,learned,4.7809,85.7070,0.0598,2.9649,1.7362,3.4358,-0.0650,0.6796,3.5835,2.2591,0.8795,12.9430,0.6198,3.0000,0.0000,0.0000,0,17.9177,577.9819,973.1469,775.5644,197.5825,9.2386,2.4840,584.7365,984.8696
56.776,1,0,learned,4.9281,85.7764,0.0577,2.9854,1.6784,3.4248,-0.0433,0.6853,3.5835,2.1899,0.8795,12.7859,0.6276,3.0000,0.0000,0.0000,0,17.9177,528.8449,980.5461,754.6955,225.8506,9.3743,2.2804,535.9388,992.2008
56.825,1,0,learned,4.9281,85.7764,0.0539,2.9854,1.6784,3.4248,-0.0732,0.6853,3.5835,2.1899,0.8795,12.7859,0.6314,3.0000,0.0000,0.0000,0,17.9177,533.3840,989.4276,761.4058,228.0218,9.3530,2.4784,540.2587,1000.0000
56.876,1,0,learned,5.2292,85.9104,0.0497,2.9960,1.5555,3.3757,-0.0360,0.6968,3.5835,2.0433,0.8795,12.4703,0.6471,3.0000,0.0000,0.0000,0,17.9177,488.1236,989.7263,738.9250,250.8014,9.7581,2.0550,495.8266,1000.0000
56.926,1,0,learned,5.2292,85.9104,0.0483,2.9960,1.5555,3.3757,-0.0120,0.6968,3.5835,2.0433,0.8795,12.4703,0.6485,3.0000,0.0000,0.0000,0,17.9177,453.4656,978.8161,716.1409,262.6753,9.7775,1.9045,461.3387,990.4982
56.975,1,0,learned,5.3827,85.9746,0.0471,2.9870,1.4915,3.3387,0.0205,0.7027,3.5835,1.9661,0.8795,12.3124,0.6556,3.0000,0.0000,0.0000,0,17.9177,416.0525,983.3907,699.7216,283.6691,10.0580,1.5701,424.5404,995.0187
57.025,1,0,learned,5.5262,86.0324,0.0470,2.9878,1.4339,3.3141,0.0225,0.7087,3.5835,1.8923,0.8795,12.1665,0.6617,3.0000,0.0000,0.0000,0,17.9177,496.5997,993.2146,744.9071,248.3074,10.2196,1.4698,505.3495,1000.0000
57.076,1,0,learned,5.6772,86.0907,0.0477,2.9708,1.3713,3.2720,0.1030,0.7147,3.5835,1.8132,0.8795,12.0149,0.6670,3.0000,0.0000,0.0000,0,17.9177,527.2252,970.4442,748.8347,221.6095,10.5294,0.8294,536.9253,981.8031
57.125,1,0,learned,5.6772,86.0907,0.0494,2.9708,1.3713,3.2720,0.0568,0.7147,3.5835,1.8132,0.8795,12.0149,0.6653,3.0000,0.0000,0.0000,0,17.9177,481.5969,986.6803,734.1386,252.5417,10.5220,1.0997,491.0192,998.3021
57.176,1,0,learned,5.8181,86.1429,0.0513,2.9638,1.3147,3.2423,0.1328,0.7208,3.5835,1.7379,0.8795,11.8751,0.6695,3.0000,0.0000,0.0000,0,17.9177,433.4653,995.5970,714.5311,281.0659,10.7724,0.4851,443.7525,1000.0000
57.225,1,0,learned,5.9664,86.1956,0.0556,2.9415,1.2545,3.1979,0.1253,0.7271,3.5835,1.6573,0.8795,11.7297,0.6715,3.0000,0.0000,0.0000,0,17.9177,407.1279,981.5942,694.3610,287.2332,11.0675,0.3548,417.8406,993.0165
57.276,1,0,learned,6.1055,86.2431,0.0589,2.9328,1.2014,3.1694,0.1753,0.7335,3.5835,1.5804,0.8795,11.5950,0.6747,3.0000,0.0000,0.0000,0,17.9177,362.2252,987.1739,674.6995,312.4744,11.2938,-0.1088,373.6277,998.3589
57.325,1,0,learned,6.1055,86.2431,0.0626,2.9328,1.2014,3.1694,0.1810,0.7335,3.5835,1.5804,0.8795,11.5950,0.6710,3.0000,0.0000,0.0000,0,17.9177,263.7905,984.3976,624.0941,360.3036,11.3240,-0.1859,275.3004,995.5357
57.375,1,0,learned,6.2522,86.2911,0.0698,2.9105,1.1456,3.1278,0.1990,0.7403,3.5835,1.4979,0.8795,11.4546,0.6705,3.0000,0.0000,0.0000,0,17.9177,293.0250,979.2762,636.1506,343.1256,11.5956,-0.4726,305.0932,990.3993
57.425,1,0,learned,6.3895,86.3341,0.0765,2.9005,1.0959,3.1007,0.2115,0.7470,3.5835,1.4196,0.8795,11.3249,0.6704,3.0000,0.0000,0.0000,0,17.9177,212.7752,985.6814,599.2283,386.4531,11.8048,-0.7283,225.3083,996.7580
57.476,1,0,learned,6.5340,86.3775,0.0862,2.8762,1.0434,3.0596,0.2895,0.7540,3.5835,1.3359,0.8795,11.1901,0.6677,3.0000,0.0000,0.0000,0,17.9177,117.0919,988.9326,553.0123,435.9203,12.1183,-1.4411,130.6514,999.6098
57.525,1,0,learned,6.6689,86.4162,0.0927,2.8629,0.9960,3.0312,0.2590,0.7609,3.5835,1.2567,0.8795,11.0658,0.6681,3.0000,0.0000,0.0000,0,17.9177,114.9497,982.8623,548.9060,433.9563,12.2939,-1.4079,128.6515,993.7484
57.576,1,0,learned,6.8106,86.4550,0.1049,2.8351,0.9461,2.9888,0.3377,0.7681,3.5835,1.1723,0.8795,10.9370,0.6632,3.0000,0.0000,0.0000,0,17.9177,187.8589,981.9758,584.9174,397.0584,12.5694,-2.0900,202.5184,992.4552
57.626,1,0,learned,6.8106,86.4550,0.1128,2.8351,0.9461,2.9888,0.3180,0.7681,3.5835,1.1723,0.8795,10.9370,0.6553,3.0000,0.0000,0.0000,0,17.9177,224.5739,983.9429,604.2584,379.6845,12.5633,-1.9841,239.1214,994.5221
57.675,1,0,learned,6.9425,86.4895,0.1245,2.8178,0.9008,2.9583,0.3683,0.7751,3.5835,1.0927,0.8795,10.8186,0.6507,3.0000,0.0000,0.0000,0,17.9177,250.5581,989.7039,620.1310,369.5729,12.7686,-2.4761,265.8027,999.9964
57.725,1,0,learned,7.0806,86.5239,0.1372,2.7856,0.8530,2.9132,0.3758,0.7825,3.5835,1.0082,0.8795,10.6963,0.6453,3.0000,0.0000,0.0000,0,17.9177,225.2014,975.3323,600.2668,375.0655,13.0483,-2.7376,240.9872,985.6429
57.775,1,0,learned,7.2096,86.5547,0.1509,2.7658,0.8105,2.8821,0.3947,0.7898,3.5835,0.9285,0.8795,10.5836,0.6388,3.0000,0.0000,0.0000,0,17.9177,221.1006,988.3963,604.7484,383.6478,13.2488,-3.0485,237.3979,998.5965
57.825,1,0,learned,7.2096,86.5547,0.1656,2.7658,0.8105,2.8821,0.4055,0.7898,3.5835,0.9285,0.8795,10.5836,0.6242,3.0000,0.0000,0.0000,0,17.9177,197.0443,990.1580,593.6011,396.5569,13.2724,-3.1778,213.4945,1000.0000
57.876,1,0,learned,7.3454,86.5858,0.1771,2.7351,0.7680,2.8409,0.4068,0.7974,3.5835,0.8436,0.8795,10.4663,0.6203,3.0000,0.0000,0.0000,0,17.9177,199.0682,984.2290,591.6486,392.5804,13.5155,-3.3821,215.9658,994.3624
57.931,1,0,learned,7.4727,86.6139,0.1931,2.7184,0.7314,2.8150,0.4625,0.8049,3.5835,0.7635,0.8795,10.3576,0.6118,3.0000,0.0000,0.0000,0,17.9177,164.3399,996.1784,580.2592,415.9193,13.7012,-3.9394,181.9805,1000.0000
57.978,1,0,learned,7.6069,86.6424,0.2098,2.6908,0.6950,2.7791,0.4370,0.8128,3.5835,0.6783,0.8795,10.2444,0.6030,3.0000,0.0000,0.0000,0,17.9177,140.2046,993.4665,566.8355,426.6310,13.9159,-3.9973,158.1178,1000.0000
58.025,1,0,learned,7.6069,86.6424,0.2272,2.6908,0.6950,2.7791,0.4963,0.8128,3.5835,0.6783,0.8795,10.2444,0.5856,3.0000,0.0000,0.0000,0,17.9177,146.0599,981.7177,563.8888,417.8289,13.9463,-4.4307,164.4368,991.2333
58.076,1,0,learned,7.7327,86.6683,0.2452,2.6767,0.6639,2.7579,0.4610,0.8205,3.5835,0.5979,0.8795,10.1394,0.5753,3.0000,0.0000,0.0000,0,17.9177,208.6965,982.3108,595.5037,386.8072,14.0629,-4.3886,227.1480,991.9851
58.125,1,0,learned,7.8654,86.6948,0.2685,2.6521,0.6327,2.7265,0.5020,0.8287,3.5835,0.5125,0.8795,10.0298,0.5602,3.0000,0.0000,0.0000,0,17.9177,137.4051,990.0246,563.7149,426.3098,14.2807,-4.8998,156.5855,999.4055
58.175,1,0,learned,7.9900,86.7188,0.2831,2.6407,0.6062,2.7094,0.5025,0.8366,3.5835,0.4318,0.8795,9.9282,0.5535,3.0000,0.0000,0.0000,0,17.9177,222.5780,982.9804,602.7792,380.2012,14.3717,-5.0624,242.0121,992.2898
58.225,1,0,learned,8.1218,86.7434,0.3079,2.6195,0.5798,2.6829,0.5200,0.8449,3.5835,0.3460,0.8795,9.8219,0.5371,3.0000,0.0000,0.0000,0,17.9177,166.3316,989.2786,577.8051,411.4735,14.5532,-5.4235,186.3082,998.4083
58.276,1,0,learned,8.2460,86.7662,0.3283,2.6131,0.5588,2.6722,0.5507,0.8530,3.5835,0.2649,0.8795,9.7226,0.5247,3.0000,0.0000,0.0000,0,17.9177,221.4278,976.3679,598.8978,377.4701,14.6269,-5.8044,241.8591,985.1904
58.326,1,0,learned,8.2460,86.7662,0.3440,2.6131,0.5588,2.6722,0.5610,0.8530,3.5835,0.2649,0.8795,9.7226,0.5090,3.0000,0.0000,0.0000,0,17.9177,177.4092,991.8901,584.6496,407.2405,14.6550,-5.9368,198.0010,1000.0000
58.375,1,0,learned,8.3779,86.7900,0.3705,2.5977,0.5386,2.6529,0.5830,0.8616,3.5835,0.1784,0.8795,9.6183,0.4911,3.0000,0.0000,0.0000,0,17.9177,251.2782,989.5519,620.4151,369.1369,14.7716,-6.2892,272.3390,998.0343
58.426,1,0,learned,8.5025,86.8123,0.3921,2.5972,0.5238,2.6495,0.5480,0.8698,3.5835,0.0967,0.8795,9.5205,0.4776,3.0000,0.0000,0.0000,0,17.9177,167.3587,990.0103,578.6845,411.3258,14.8263,-6.3050,188.4900,998.5316
58.475,1,0,learned,8.6351,86.8361,0.4141,2.5878,0.5105,2.6377,0.5897,0.8785,3.5835,0.0097,0.8795,9.4172,0.4644,3.0000,0.0000,0.0000,0,17.9177,160.6750,990.3280,575.5015,414.8265,14.9198,-6.7900,182.3848,998.4578
58.525,1,0,learned,8.7606,86.8587,0.4363,2.5931,0.5028,2.6414,0.5753,0.8867,3.5835,-0.0725,0.8795,9.3200,0.4504,3.0000,0.0000,0.0000,0,17.9177,202.9028,989.8617,596.3823,393.4795,14.9173,-6.9001,224.7201,997.8789
58.576,1,0,learned,8.7606,86.8587,0.4532,2.5931,0.5028,2.6414,0.5635,0.8867,3.5835,-0.0725,0.8795,9.3200,0.4335,3.0000,0.0000,0.0000,0,17.9177,203.7237,993.0680,598.3958,394.6721,14.9334,-6.8814,225.5386,1000.0000
58.626,1,0,learned,8.8943,86.8832,0.4701,2.5888,0.4964,2.6360,0.5685,0.8955,3.5835,-0.1599,0.8795,9.2170,0.4254,3.0000,0.0000,0.0000,0,17.9177,252.3389,981.3019,616.8204,364.4815,14.9718,-7.1027,274.4134,989.1710
58.676,1,0,learned,9.0207,86.9067,0.4929,2.5979,0.4951,2.6447,0.5980,0.9038,3.5835,-0.2424,0.8795,9.1200,0.4108,3.0000,0.0000,0.0000,0,17.9177,335.3681,981.6040,658.4861,323.1180,14.9442,-7.4805,357.7928,989.0678
58.726,1,0,learned,9.0207,86.9067,0.5160,2.5979,0.4951,2.6447,0.5835,0.9038,3.5835,-0.2424,0.8795,9.1200,0.3878,3.0000,0.0000,0.0000,0,17.9177,332.3841,988.6189,660.5015,328.1174,14.9679,-7.4647,354.8167,996.1221
58.776,1,0,learned,9.1555,86.9325,0.5392,2.5965,0.4950,2.6433,0.6138,0.9125,3.5835,-0.3298,0.8795,9.0172,0.3733,3.0000,0.0000,0.0000,0,17.9177,246.1169,989.8016,617.9592,371.8423,15.0265,-7.9002,269.0435,996.9279
58.825,1,0,learned,9.2830,86.9577,0.5685,2.6088,0.5011,2.6565,0.5873,0.9207,3.5835,-0.4120,0.8795,8.9199,0.3522,3.0000,0.0000,0.0000,0,17.9177,307.5034,990.8366,649.1700,341.6666,14.9828,-7.9516,330.4378,997.8678
58.876,1,0,learned,9.4192,86.9860,0.5802,2.6109,0.5099,2.6602,0.5707,0.9293,3.5835,-0.4988,0.8795,8.8158,0.3492,3.0000,0.0000,0.0000,0,17.9177,378.1627,986.9542,682.5584,304.3957,14.9664,-8.0165,401.1456,993.9041
58.926,1,0,learned,9.5484,87.0143,0.6152,2.6268,0.5258,2.6789,0.6080,0.9373,3.5835,-0.5803,0.8795,8.7169,0.3221,3.0000,0.0000,0.0000,0,17.9177,407.4573,990.9551,699.2062,291.7489,14.9225,-8.4895,430.8693,997.3881
58.976,1,0,learned,9.5484,87.0143,0.6326,2.6268,0.5258,2.6789,0.5963,0.9373,3.5835,-0.5803,0.8795,8.7169,0.3047,3.0000,0.0000,0.0000,0,17.9177,360.7152,975.5969,668.1560,307.4409,14.9499,-8.4734,384.1385,982.0734
59.026,1,0,learned,9.6860,87.0460,0.6560,2.6307,0.5425,2.6861,0.5587,0.9458,3.5835,-0.6661,0.8795,8.6112,0.2898,3.0000,0.0000,0.0000,0,17.9177,397.0418,987.9864,692.5141,295.4723,14.9383,-8.4493,420.4294,994.4754
59.076,1,0,learned,9.8164,87.0779,0.6676,2.6481,0.5667,2.7081,0.5527,0.9535,3.5835,-0.7463,0.8795,8.5105,0.2859,3.0000,0.0000,0.0000,0,17.9177,366.0537,995.5585,680.8061,314.7524,14.8659,-8.5849,389.5045,1000.0000
59.125,1,0,learned,9.8164,87.0779,0.6850,2.6481,0.5667,2.7081,0.5663,0.9535,3.5835,-0.7463,0.8795,8.5105,0.2684,3.0000,0.0000,0.0000,0,17.9177,406.8658,995.9116,701.3887,294.5229,14.8779,-8.7141,430.4578,1000.0000
59.175,1,0,learned,9.9556,87.1141,0.7138,2.6537,0.5927,2.7191,0.5633,0.9617,3.5835,-0.8304,0.8795,8.4022,0.2479,3.0000,0.0000,0.0000,0,17.9177,396.2608,994.6139,695.4373,299.1765,14.8740,-8.9161,420.0510,1000.0000
59.226,1,0,learned,10.0874,87.1506,0.7252,2.6722,0.6265,2.7447,0.5880,0.9690,3.5835,-0.9086,0.8795,8.2987,0.2438,3.0000,0.0000,0.0000,0,17.9177,458.1212,992.6281,725.3746,267.2535,14.7736,-9.2130,482.1077,998.1887
59.275,1,0,learned,10.0874,87.1506,0.7480,2.6722,0.6265,2.7447,0.5530,0.9690,3.5835,-0.9086,0.8795,8.2987,0.2210,3.0000,0.0000,0.0000,0,17.9177,360.0638,973.9607,667.0122,306.9484,14.8163,-9.0662,383.9462,979.7107
59.325,1,0,learned,10.2280,87.1923,0.7706,2.6783,0.6612,2.7587,0.5950,0.9768,3.5835,-0.9904,0.8795,8.1873,0.2062,3.0000,0.0000,0.0000,0,17.9177,453.4383,989.2126,721.3255,267.8872,14.7803,-9.5090,477.7275,994.4839
59.375,1,0,learned,10.3610,87.2342,0.7819,2.6968,0.7036,2.7871,0.5717,0.9838,3.5835,-1.0661,0.8795,8.0807,0.2019,3.0000,0.0000,0.0000,0,17.9177,513.7922,985.5397,749.6660,235.8737,14.6676,-9.4904,537.9503,990.7169
59.425,1,0,learned,10.3610,87.2342,0.8043,2.6968,0.7036,2.7871,0.5418,0.9838,3.5835,-1.0661,0.8795,8.0807,0.1795,3.0000,0.0000,0.0000,0,17.9177,533.4385,996.5449,764.9917,231.5532,14.6843,-9.3704,557.4932,1000.0000
59.475,1,0,learned,10.5024,87.2816,0.8321,2.7016,0.7454,2.8025,0.5623,0.9912,3.5835,-1.1448,0.8795,7.9660,0.1591,3.0000,0.0000,0.0000,0,17.9177,504.4194,992.2611,748.3403,243.9209,14.6784,-9.6843,528.7821,997.2553
59.525,1,0,learned,10.6360,87.3292,0.8376,2.7178,0.7945,2.8315,0.5438,0.9977,3.5835,-1.2174,0.8795,7.8564,0.1601,3.0000,0.0000,0.0000,0,17.9177,469.3566,988.5345,728.9455,259.5890,14.5861,-9.6690,493.6116,993.4516
59.575,1,0,learned,10.7780,87.3833,0.8651,2.7204,0.8438,2.8483,0.5142,1.0046,3.5835,-1.2923,0.8795,7.7380,0.1395,3.0000,0.0000,0.0000,0,17.9177,538.7436,992.1075,765.4255,226.6820,14.5512,-9.6462,562.9409,997.0126
59.625,1,0,learned,10.7780,87.3833,0.8868,2.7204,0.8438,2.8483,0.5408,1.0046,3.5835,-1.2923,0.8795,7.7380,0.1178,3.0000,0.0000,0.0000,0,17.9177,503.4505,991.1417,747.2961,243.8456,14.5868,-9.8731,527.9104,995.8554
59.676,1,0,learned,10.9121,87.4379,0.9028,2.7349,0.9025,2.8800,0.5360,1.0106,3.5835,-1.3608,0.8795,7.6242,0.1078,3.0000,0.0000,0.0000,0,17.9177,543.6470,981.9299,762.7885,219.1415,14.4865,-9.9416,568.0751,986.4748
59.726,1,0,learned,11.0542,87.4995,0.9240,2.7346,0.9590,2.8979,0.5198,1.0169,3.5835,-1.4310,0.8795,7.5014,0.0929,3.0000,0.0000,0.0000,0,17.9177,617.1725,975.5569,796.3647,179.1922,14.4471,-9.9564,641.5760,980.0476
59.775,1,0,learned,11.1880,87.5611,0.9450,2.7450,1.0237,2.9297,0.5252,1.0223,3.5835,-1.4948,0.8795,7.3838,0.0773,3.0000,0.0000,0.0000,0,17.9177,583.3622,992.0480,787.7051,204.3429,14.3772,-10.0959,607.8352,996.3293
59.831,1,0,learned,11.1880,87.5611,0.9554,2.7450,1.0237,2.9297,0.5288,1.0223,3.5835,-1.4948,0.8795,7.3838,0.0669,3.0000,0.0000,0.0000,0,17.9177,618.4203,995.7077,807.0640,188.6437,14.3805,-10.1502,642.9511,999.9381
59.875,1,0,learned,11.3295,87.6302,0.9760,2.7402,1.0849,2.9471,0.4860,1.0280,3.5835,-1.5597,0.8795,7.2571,0.0521,3.0000,0.0000,0.0000,0,17.9177,665.1188,989.5982,827.3585,162.2397,14.3519,-9.9790,689.4498,993.9711
59.926,1,0,learned,11.4623,87.6991,0.9962,2.7456,1.1550,2.9786,0.4928,1.0328,3.5835,-1.6181,0.8795,7.1356,0.0366,3.0000,0.0000,0.0000,0,17.9177,673.5608,997.1312,835.3460,161.7852,14.2789,-10.0949,697.9346,1000.0000
59.975,1,0,learned,11.4623,87.6991,1.0112,2.7456,1.1550,2.9786,0.4995,1.0328,3.5835,-1.6181,0.8795,7.1356,0.0216,3.0000,0.0000,0.0000,0,17.9177,728.3242,993.4337,860.8789,132.5548,14.2828,-10.1796,752.7866,997.5368
60.025,1,0,learned,11.6025,87.7763,1.0357,2.7358,1.2208,2.9958,0.4805,1.0379,3.5835,-1.6769,0.8795,7.0046,0.0022,3.0000,0.0000,0.0000,0,17.9177,741.7341,991.7315,866.7328,124.9987,14.2759,-10.1448,766.1548,995.8626
60.076,1,0,learned,11.7339,87.8529,1.0454,2.7361,1.2957,3.0274,0.4505,1.0421,3.5835,-1.7293,0.8795,6.8790,-0.0033,3.0000,0.0000,0.0000,0,17.9177,784.4067,991.6332,888.0199,103.6132,14.1844,-9.9780,808.5691,995.8395
60.126,1,0,learned,11.7339,87.8529,1.0644,2.7361,1.2957,3.0274,0.4670,1.0421,3.5835,-1.7293,0.8795,6.8790,-0.0223,3.0000,0.0000,0.0000,0,17.9177,704.5437,994.3035,849.4236,144.8799,14.2245,-10.1279,728.8961,998.4001
60.175,1,0,learned,12.0018,88.0232,1.0921,2.7166,1.4458,3.0774,0.4163,1.0499,3.5835,-1.8271,0.8795,6.6134,-0.0422,3.0000,0.0000,0.0000,0,17.9177,685.9243,995.0954,840.5099,154.5856,14.1403,-9.8365,709.9011,999.3992
60.226,1,0,learned,12.0018,88.0232,1.1011,2.7166,1.4458,3.0774,0.4500,1.0499,3.5835,-1.8271,0.8795,6.6134,-0.0513,3.0000,0.0000,0.0000,0,17.9177,647.5624,987.4833,817.5228,169.9604,14.1622,-10.0556,671.7802,991.5899
60.276,1,0,learned,12.1379,88.1176,1.1275,2.6968,1.5195,3.0954,0.4060,1.0535,3.5835,-1.8718,0.8795,6.4731,-0.0740,3.0000,0.0000,0.0000,0,17.9177,741.5584,989.4410,865.4997,123.9413,14.1411,-9.8386,765.5382,993.7435
60.325,1,0,learned,12.2650,88.2102,1.1361,2.6866,1.6013,3.1277,0.4388,1.0563,3.5835,-1.9107,0.8795,6.3391,-0.0798,3.0000,0.0000,0.0000,0,17.9177,816.1813,991.5388,903.8600,87.6787,14.0554,-10.0097,840.2464,995.5844
60.375,1,0,learned,12.3981,88.3120,1.1573,2.6614,1.6726,3.1433,0.4310,1.0593,3.5835,-1.9483,0.8795,6.1953,-0.0980,3.0000,0.0000,0.0000,0,17.9177,806.2860,994.5678,900.4269,94.1409,14.0681,-9.9666,830.3207,998.6693
60.425,1,0,learned,12.3981,88.3120,1.1698,2.6614,1.6726,3.1433,0.4133,1.0593,3.5835,-1.9483,0.8795,6.1953,-0.1104,3.0000,0.0000,0.0000,0,17.9177,801.1694,996.4955,898.8324,97.6631,14.0789,-9.8970,825.1452,1000.0000
60.475,1,0,learned,12.5220,88.4111,1.1862,2.6454,1.7512,3.1725,0.3818,1.0615,3.5835,-1.9806,0.8795,6.0584,-0.1247,3.0000,0.0000,0.0000,0,17.9177,818.8087,986.9712,902.8899,84.0813,14.0188,-9.6671,842.4946,991.3230
60.525,1,0,learned,12.6517,88.5203,1.2022,2.6150,1.8209,3.1865,0.3880,1.0639,3.5835,-2.0108,0.8795,5.9113,-0.1383,3.0000,0.0000,0.0000,0,17.9177,844.0353,991.6475,917.8414,73.8061,14.0289,-9.6862,867.7504,995.9902
60.575,1,0,learned,12.7721,88.6268,1.2179,2.5939,1.9005,3.2156,0.3585,1.0654,3.5835,-2.0357,0.8795,5.7709,-0.1525,3.0000,0.0000,0.0000,0,17.9177,875.0050,990.8200,932.9125,57.9075,13.9673,-9.4596,898.4319,995.3276
60.626,1,0,learned,12.7721,88.6268,1.2256,2.5939,1.9005,3.2156,0.3445,1.0654,3.5835,-2.0357,0.8795,5.7709,-0.1602,3.0000,0.0000,0.0000,0,17.9177,887.7634,990.5881,939.1758,51.4123,13.9702,-9.4020,911.1356,995.1563
60.675,1,0,learned,12.8978,88.7435,1.2481,2.5586,1.9693,3.2287,0.3545,1.0670,3.5835,-2.0582,0.8795,5.6203,-0.1811,3.0000,0.0000,0.0000,0,17.9177,901.5352,991.4222,946.4787,44.9435,13.9932,-9.4425,924.9710,995.9729
60.726,1,0,learned,13.0143,88.8569,1.2554,2.5324,2.0477,3.2567,0.3350,1.0679,3.5835,-2.0757,0.8795,5.4768,-0.1876,3.0000,0.0000,0.0000,0,17.9177,906.1006,991.3126,948.7066,42.6060,13.9346,-9.2305,929.2657,996.0168
60.775,1,0,learned,13.0143,88.8569,1.2697,2.5324,2.0477,3.2567,0.3385,1.0679,3.5835,-2.0757,0.8795,5.4768,-0.2019,3.0000,0.0000,0.0000,0,17.9177,862.4617,994.0504,928.2560,65.7943,13.9549,-9.2883,885.7049,998.7170
60.826,1,0,learned,13.1357,88.9807,1.2870,2.4925,2.1145,3.2686,0.2983,1.0689,3.5835,-2.0901,0.8795,5.3230,-0.2182,3.0000,0.0000,0.0000,0,17.9177,902.4184,993.5778,947.9981,45.5797,13.9670,-9.0015,925.3869,998.5433
60.875,1,0,learned,13.2478,89.1007,1.2970,2.4614,2.1914,3.2956,0.3145,1.0691,3.5835,-2.1001,0.8795,5.1767,-0.2280,3.0000,0.0000,0.0000,0,17.9177,885.5418,995.7347,940.6383,55.0965,13.9207,-8.9974,908.4599,1000.0000
60.925,1,0,learned,13.3644,89.2312,1.3100,2.4175,2.2552,3.3061,0.2807,1.0694,3.5835,-2.1067,0.8795,5.0201,-0.2407,3.0000,0.0000,0.0000,0,17.9177,866.3520,992.8847,929.6183,63.2664,13.9441,-8.7047,889.0008,998.1241
60.976,1,0,learned,13.4720,89.3569,1.3227,2.3825,2.3279,3.3310,0.3073,1.0690,3.4915,-2.1095,0.8795,4.8716,-0.2537,3.0000,0.0000,0.0000,0,17.9177,947.1224,989.2708,968.1966,21.0742,13.2020,-8.8359,969.1603,993.6369
61.026,1,0,learned,13.4720,89.3569,1.3349,2.3825,2.3279,3.3310,0.2883,1.0690,3.4915,-2.1095,0.8795,4.8716,-0.2659,3.0000,0.0000,0.0000,0,17.9177,928.4269,989.2052,958.8161,30.3892,13.2122,-8.7552,950.3943,993.6621
61.076,1,0,learned,13.5837,89.4931,1.3439,2.3356,2.3863,3.3390,0.2587,1.0687,3.3779,-2.1086,0.8795,4.7131,-0.2752,3.0000,0.0000,0.0000,0,17.9177,929.2216,987.5563,958.3889,29.1673,12.3667,-8.5502,950.1385,991.3728
61.126,1,0,learned,13.6867,89.6239,1.3527,2.2975,2.4539,3.3615,0.2712,1.0678,3.2703,-2.1046,0.8795,4.5630,-0.2849,3.0000,0.0000,0.0000,0,17.9177,924.4824,996.2765,960.3795,35.8971,11.4799,-8.6211,944.5834,999.1354
61.176,1,0,learned,13.6867,89.6239,1.3641,2.2975,2.4539,3.3615,0.2828,1.0678,3.2703,-2.1046,0.8795,4.5630,-0.2963,3.0000,0.0000,0.0000,0,17.9177,900.0484,992.3091,946.1788,46.1303,11.4927,-8.7285,920.2695,995.0733
61.225,1,0,learned,13.7934,89.7653,1.3752,2.2483,2.5068,3.3674,0.2470,1.0669,3.1557,-2.0967,0.8795,4.4030,-0.3083,3.0000,0.0000,0.0000,0,17.9177,911.9155,936.0818,923.9986,12.0831,10.6105,-8.4835,931.0094,938.2087
61.276,1,0,learned,13.8916,89.9008,1.3859,2.2077,2.5702,3.3882,0.2805,1.0655,3.0471,-2.0859,0.8795,4.2516,-0.3205,3.0000,0.0000,0.0000,0,17.9177,929.1291,956.5197,942.8244,13.6953,9.6766,-8.7857,947.5914,957.4106
61.325,1,0,learned,13.9931,90.0469,1.3964,2.1567,2.6179,3.3919,0.2258,1.0641,2.9317,-2.0710,0.8795,4.0905,-0.3323,3.0000,0.0000,0.0000,0,17.9177,916.3338,901.2664,908.8001,-7.5337,8.7642,-8.4483,933.5462,901.5823
61.376,1,0,learned,14.0864,90.1863,1.4065,2.1142,2.6753,3.4099,0.2422,1.0622,2.8228,-2.0540,0.8795,3.9385,-0.3443,3.0000,0.0000,0.0000,0,17.9177,920.5352,926.4334,923.4843,2.9491,7.8004,-8.6956,937.0312,925.5383
61.425,1,0,learned,14.0864,90.1863,1.4139,2.1142,2.6753,3.4099,0.2452,1.0622,2.8228,-2.0540,0.8795,3.9385,-0.3517,3.0000,0.0000,0.0000,0,17.9177,933.0024,894.9409,913.9717,-19.0308,7.8062,-8.7327,949.5413,894.0144
61.476,1,0,learned,14.1827,90.3359,1.4258,2.0617,2.7156,3.4096,0.2265,1.0604,2.7074,-2.0328,0.8795,3.7775,-0.3655,3.0000,0.0000,0.0000,0,17.9177,917.0908,943.3874,930.2391,13.1483,6.8659,-8.8039,932.7606,941.4493
61.525,1,0,learned,14.2709,90.4781,1.4327,2.0169,2.7650,3.4225,0.2373,1.0581,2.5989,-2.0101,0.8795,3.6262,-0.3747,3.0000,0.0000,0.0000,0,17.9177,878.0409,899.1348,888.5878,10.5469,5.9127,-8.9797,892.9333,896.0677
61.576,1,0,learned,14.3617,90.6302,1.4437,1.9627,2.7969,3.4168,0.2107,1.0558,2.4844,-1.9830,0.8795,3.4664,-0.3879,3.0000,0.0000,0.0000,0,17.9177,853.2823,934.5893,893.9358,40.6535,4.9783,-9.0194,867.2800,930.5482
61.625,1,0,learned,14.4447,90.7745,1.4521,1.9161,2.8389,3.4250,0.1850,1.0532,2.3769,-1.9550,0.8795,3.3164,-0.3989,3.0000,0.0000,0.0000,0,17.9177,882.2492,882.2055,882.2273,-0.0218,4.0231,-9.0074,895.2797,877.2211
61.676,1,0,learned,14.4447,90.7745,1.4601,1.9161,2.8389,3.4250,0.1950,1.0532,2.3769,-1.9550,0.8795,3.3164,-0.4069,3.0000,0.0000,0.0000,0,17.9177,881.8302,840.3813,861.1058,-20.7245,4.0331,-9.1069,894.9702,835.3075
61.725,1,0,learned,14.5302,90.9284,1.4660,1.8614,2.8631,3.4150,0.1953,1.0506,2.2637,-1.9227,0.8795,3.1585,-0.4154,3.0000,0.0000,0.0000,0,17.9177,862.4740,734.1384,798.3062,-64.1678,3.1417,-9.2687,874.8844,728.0113
61.775,1,0,learned,14.6083,91.0740,1.4754,1.8149,2.8970,3.4185,0.1960,1.0477,2.1580,-1.8901,0.8795,3.0111,-0.4277,3.0000,0.0000,0.0000,0,17.9177,866.1469,724.9401,795.5435,-70.6034,2.1985,-9.5501,877.8955,717.5885
61.825,1,0,learned,14.6887,91.2287,1.4826,1.7610,2.9127,3.4037,0.1510,1.0448,2.0472,-1.8533,0.8795,2.8564,-0.4378,3.0000,0.0000,0.0000,0,17.9177,872.2345,734.8339,803.5342,-68.7003,1.3032,-9.4808,883.0185,726.6562
61.876,1,0,learned,14.7620,91.3745,1.4896,1.7142,2.9375,3.4011,0.1720,1.0417,1.9443,-1.8169,0.8795,2.7128,-0.4479,3.0000,0.0000,0.0000,0,15.3935,842.5873,707.9148,775.2510,-67.3363,0.4058,-9.9161,852.9092,698.4045
61.925,1,0,learned,14.7620,91.3745,1.4945,1.7142,2.9375,3.4011,0.1800,1.9023,3.0787,1.0043,1.9926,17.9416,0.4078,3.0000,0.0000,0.0000,0,15.3935,815.0038,680.6368,747.8203,-67.1835,4.0305,-2.6683,821.7027,681.9990
61.975,1,0,learned,14.8370,91.5285,1.5007,1.6597,2.9423,3.3781,0.1150,1.9139,3.0787,0.8729,1.9926,17.8251,0.4131,3.0000,0.0000,0.0000,0,15.3935,782.1423,601.6083,691.8753,-90.2670,4.1371,-2.5561,788.8356,603.1894
62.025,1,0,learned,14.9051,91.6730,1.5051,1.6116,2.9560,3.3667,0.1313,1.9247,3.0787,0.7515,1.9926,17.7157,0.4196,3.0000,0.0000,0.0000,0,15.3935,697.8360,590.0232,643.9296,-53.9064,4.2479,-2.9086,704.9924,591.3625
62.075,1,0,learned,14.9051,91.6730,1.5104,1.6116,2.9560,3.3667,0.0932,1.9247,3.0787,0.7515,1.9926,17.7157,0.4142,3.0000,0.0000,0.0000,0,15.3935,604.0739,660.1797,632.1268,28.0529,4.2677,-2.6955,611.0372,661.7519
62.125,1,0,learned,14.9747,91.8253,1.5153,1.5570,2.9507,3.3363,0.1118,1.9358,3.0787,0.6257,1.9926,17.6004,0.4204,3.0000,0.0000,0.0000,0,15.3935,527.8865,550.1797,539.0331,11.1466,4.4570,-3.0629,535.4064,551.5738
62.175,1,0,learned,15.0379,91.9675,1.5198,1.5089,2.9529,3.3161,0.0653,1.9461,3.0787,0.5098,1.9926,17.4928,0.4264,3.0000,0.0000,0.0000,0,15.3935,481.8372,623.4025,552.6198,70.7826,4.5554,-3.0271,489.4197,624.9308
62.225,1,0,learned,15.1024,92.1162,1.5238,1.4553,2.9343,3.2754,0.1128,1.9568,3.0787,0.3901,1.9926,17.3805,0.4330,3.0000,0.0000,0.0000,0,15.3935,372.0451,600.0327,486.0389,113.9938,4.8052,-3.5472,380.3975,601.2907
62.275,1,0,learned,15.1613,92.2540,1.5276,1.4096,2.9218,3.2441,0.0932,1.9668,3.0787,0.2799,1.9926,17.2768,0.4392,3.0000,0.0000,0.0000,0,15.3935,277.5562,701.6770,489.6166,212.0604,4.9764,-3.6575,286.1901,702.9960
62.325,1,0,learned,15.1613,92.2540,1.5304,1.4096,2.9218,3.2441,0.0828,1.9668,3.0787,0.2799,1.9926,17.2768,0.4364,3.0000,0.0000,0.0000,0,15.3935,257.1742,791.8463,524.5103,267.3360,4.9870,-3.6178,265.7791,793.2155
62.375,1,0,learned,15.2218,92.3972,1.5342,1.3605,2.8882,3.1925,0.1245,1.9772,3.0787,0.1661,1.9926,17.1694,0.4430,3.0000,0.0000,0.0000,0,15.3935,334.2096,881.6388,607.9242,273.7146,5.2277,-4.1298,343.5670,882.7367
62.426,1,0,learned,15.2774,92.5291,1.5371,1.3201,2.8601,3.1500,0.1220,1.9868,3.0787,0.0614,1.9926,17.0712,0.4498,3.0000,0.0000,0.0000,0,15.3935,238.8644,975.3256,607.0950,368.2306,5.4525,-4.3286,248.6455,976.4496
62.476,1,0,learned,15.3353,92.6659,1.5414,1.2788,2.8142,3.0912,0.1318,1.9970,3.0787,-0.0475,1.9926,16.9700,0.4557,3.0000,0.0000,0.0000,0,15.3935,346.2637,974.8097,660.5367,314.2730,5.6946,-4.6189,356.5773,975.8854
62.526,1,0,learned,15.3353,92.6659,1.5463,1.2788,2.8142,3.0912,0.1963,1.9970,3.0787,-0.0475,1.9926,16.9700,0.4507,3.0000,0.0000,0.0000,0,15.3935,311.4483,991.5975,651.5229,340.0746,5.7485,-5.0289,322.2256,992.3171
62.575,1,0,learned,15.3892,92.7929,1.5506,1.2476,2.7806,3.0477,0.2203,2.0066,3.0787,-0.1487,1.9926,16.8768,0.4560,3.0000,0.0000,0.0000,0,15.3935,220.2116,995.6938,607.9527,387.7411,5.9833,-5.3557,231.5505,996.3213
62.626,1,0,learned,15.4459,92.9265,1.5589,1.2159,2.7381,2.9960,0.2380,2.0169,3.0787,-0.2550,1.9926,16.7794,0.4579,3.0000,0.0000,0.0000,0,15.3935,242.9765,991.5676,617.2721,374.2956,6.2257,-5.6752,254.8774,992.1181
62.676,1,0,learned,15.4988,93.0519,1.5668,1.1933,2.7131,2.9639,0.2410,2.0265,3.0787,-0.3546,1.9926,16.6885,0.4597,3.0000,0.0000,0.0000,0,15.3935,133.0395,966.6564,549.8479,416.8084,6.4075,-5.8489,145.2959,967.2149
62.725,1,0,learned,15.4988,93.0519,1.5734,1.1933,2.7131,2.9639,0.2800,2.0265,3.0787,-0.3546,1.9926,16.6885,0.4531,3.0000,0.0000,0.0000,0,15.3935,119.1236,980.1754,549.6495,430.5259,6.4448,-6.1109,131.6794,980.5093
62.777,1,0,learned,15.5545,93.1845,1.5886,1.1690,2.6805,2.9243,0.3310,2.0368,3.0787,-0.4598,1.9926,16.5929,0.4482,3.0000,0.0000,0.0000,0,15.3935,229.0927,995.9015,612.4971,383.4044,6.6379,-6.6669,242.3975,995.8726
62.826,1,0,learned,15.6067,93.3093,1.6001,1.1525,2.6642,2.9028,0.3540,2.0464,3.0787,-0.5584,1.9926,16.5035,0.4463,3.0000,0.0000,0.0000,0,15.3935,338.5617,989.8502,664.2059,325.6443,6.7291,-7.0147,352.3054,989.5646
62.876,1,0,learned,15.6616,93.4413,1.6161,1.1333,2.6390,2.8721,0.3635,2.0567,3.0787,-0.6626,1.9926,16.4095,0.4407,3.0000,0.0000,0.0000,0,15.3935,249.7078,995.6292,622.6685,372.9607,6.9152,-7.2584,263.8814,995.2860
62.928,1,0,learned,15.7130,93.5655,1.6302,1.1207,2.6290,2.8579,0.4223,2.0663,3.0787,-0.7603,1.9926,16.3215,0.4362,3.0000,0.0000,0.0000,0,15.3935,139.7479,988.5867,564.1673,424.4194,7.0488,-7.7723,154.5690,987.8632
62.975,1,0,learned,15.7667,93.6982,1.6415,1.1033,2.6133,2.8367,0.4355,2.0766,3.0787,-0.8637,1.9926,16.2278,0.4351,3.0000,0.0000,0.0000,0,15.3935,39.1634,990.2542,514.7088,475.5454,7.1837,-8.0021,54.3492,989.4357
63.026,1,0,learned,15.8164,93.8246,1.6612,1.0894,2.6174,2.8351,0.4515,2.0860,3.0787,-0.9607,1.9926,16.1384,0.4248,3.0000,0.0000,0.0000,0,15.3935,131.3035,996.6688,563.9862,432.6827,7.2045,-8.3161,146.8242,995.5572
63.076,1,0,learned,15.8164,93.8246,1.6779,1.0894,2.6174,2.8351,0.4448,2.0860,3.0787,-0.9607,1.9926,16.1384,0.4081,3.0000,0.0000,0.0000,0,15.3935,126.1443,998.3858,562.2650,436.1208,7.2386,-8.3199,141.7027,997.3044
63.126,1,0,learned,15.8680,93.9598,1.6955,1.0699,2.6142,2.8247,0.4920,2.0960,3.0787,-1.0631,1.9926,16.0427,0.4006,3.0000,0.0000,0.0000,0,15.3935,229.3817,991.8631,610.6224,381.2407,7.2958,-8.8217,245.4993,990.3372
63.175,1,0,learned,15.9158,94.0877,1.7187,1.0551,2.6242,2.8284,0.5020,2.1052,3.0787,-1.1591,1.9926,15.9525,0.3866,3.0000,0.0000,0.0000,0,15.3935,183.0232,999.5254,591.2743,408.2511,7.3336,-9.0589,199.4157,997.8001
63.225,1,0,learned,15.9653,94.2240,1.7331,1.0348,2.6235,2.8202,0.5533,2.1151,3.0787,-1.2601,1.9926,15.8565,0.3820,3.0000,0.0000,0.0000,0,15.3935,83.2997,995.6435,539.4716,456.1719,7.4282,-9.5007,100.2287,993.5710
63.276,1,0,learned,16.0107,94.3532,1.7634,1.0170,2.6372,2.8265,0.5560,2.1241,3.0787,-1.3544,1.9926,15.7653,0.3606,3.0000,0.0000,0.0000,0,15.3935,193.2715,998.5954,595.9335,402.6619,7.4225,-9.7497,210.4437,996.2682
63.326,1,0,learned,16.0571,94.4914,1.7791,0.9918,2.6413,2.8214,0.5597,2.1336,3.0787,-1.4533,1.9926,15.6674,0.3545,3.0000,0.0000,0.0000,0,15.3935,162.9959,998.2154,580.6056,417.6097,7.4706,-9.9135,180.3800,995.7724
63.376,1,0,learned,16.0571,94.4914,1.8005,0.9918,2.6413,2.8214,0.5490,2.1336,3.0787,-1.4533,1.9926,15.6674,0.3332,3.0000,0.0000,0.0000,0,15.3935,183.7553,984.6768,584.2160,400.4607,7.5009,-9.9027,201.1589,982.2749
63.425,1,0,learned,16.0991,94.6224,1.8058,0.9686,2.6586,2.8295,0.5935,2.1423,3.0787,-1.5452,1.9926,15.5745,0.3364,3.0000,0.0000,0.0000,0,15.3935,240.2793,996.2973,618.2883,378.0090,7.4675,-10.3186,258.0653,993.4462
63.475,1,0,learned,16.1418,94.7618,1.8335,0.9391,2.6634,2.8241,0.6023,2.1515,3.0787,-1.6413,1.9926,15.4751,0.3181,3.0000,0.0000,0.0000,0,15.3935,154.4708,987.6680,571.0694,416.5986,7.5541,-10.5010,172.5259,984.7210
63.525,1,0,learned,16.1801,94.8939,1.8617,0.9109,2.6810,2.8315,0.6140,2.1598,3.0787,-1.7303,1.9926,15.3807,0.2981,3.0000,0.0000,0.0000,0,15.3935,237.9751,996.9002,617.4376,379.4626,7.5482,-10.7759,256.2991,993.6725
63.576,1,0,learned,16.1801,94.8939,1.8732,0.9109,2.6810,2.8315,0.5863,2.1598,3.0787,-1.7303,1.9926,15.3807,0.2866,3.0000,0.0000,0.0000,0,15.3935,243.4423,996.5167,619.9795,376.5372,7.5594,-10.6397,261.6415,993.4364
63.626,1,0,learned,16.2184,95.0348,1.9024,0.8760,2.6868,2.8260,0.6030,2.1688,3.0787,-1.8229,1.9926,15.2793,0.2664,3.0000,0.0000,0.0000,0,15.3935,221.4662,996.0190,608.7426,387.2764,7.6337,-10.8933,239.9933,992.7594
63.676,1,0,learned,16.2523,95.1683,1.9200,0.8421,2.7057,2.8337,0.6030,2.1766,3.0787,-1.9085,1.9926,15.1826,0.2567,3.0000,0.0000,0.0000,0,15.3935,314.9830,993.2358,654.1094,339.1264,7.5979,-11.0508,333.6317,989.7829
63.726,1,0,learned,16.2523,95.1683,1.9379,0.8421,2.7057,2.8337,0.6078,2.1766,3.0787,-1.9085,1.9926,15.1826,0.2388,3.0000,0.0000,0.0000,0,15.3935,206.6417,995.9169,601.2793,394.6376,7.6622,-11.0821,225.3860,992.4970
63.775,1,0,learned,16.2855,95.3110,1.9677,0.8014,2.7134,2.8293,0.6058,2.1851,3.0787,-1.9972,1.9926,15.0785,0.2174,3.0000,0.0000,0.0000,0,15.3935,269.3497,997.1087,633.2292,363.8795,7.7036,-11.2489,288.3022,993.5634
63.825,1,0,learned,16.3141,95.4466,1.9798,0.7604,2.7356,2.8393,0.5920,2.1925,3.0787,-2.0788,1.9926,14.9786,0.2127,3.0000,0.0000,0.0000,0,15.3935,357.1340,990.8052,673.9696,316.8356,7.6458,-11.2910,376.0708,987.1601
63.875,1,0,learned,16.3413,95.5918,2.0101,0.7128,2.7468,2.8378,0.6255,2.2004,3.0787,-2.1631,1.9926,14.8705,0.1903,3.0000,0.0000,0.0000,0,15.3935,354.1227,993.3672,673.7449,319.6223,7.7059,-11.6305,373.4591,989.4426
63.925,1,0,learned,16.3413,95.5918,2.0344,0.7128,2.7468,2.8378,0.6158,2.2004,3.0787,-2.1631,1.9926,14.8705,0.1660,3.0000,0.0000,0.0000,0,15.3935,306.9245,998.7802,652.8523,345.9279,7.7592,-11.6212,326.3049,994.9182
63.975,1,0,learned,16.3639,95.7298,2.0527,0.6643,2.7726,2.8510,0.6258,2.2072,3.0787,-2.2402,1.9926,14.7665,0.1545,3.0000,0.0000,0.0000,0,15.3935,281.5122,988.5006,635.0064,353.4942,7.7381,-11.7491,300.9994,984.4896
64.026,1,0,learned,16.3840,95.8779,2.0771,0.6086,2.7876,2.8533,0.5867,2.2144,3.0787,-2.3191,1.9926,14.6534,0.1374,3.0000,0.0000,0.0000,0,15.3935,357.6458,996.6140,677.1299,319.4841,7.7336,-11.6682,377.0476,992.6794
64.075,1,0,learned,16.3990,96.0190,2.1014,0.5495,2.8183,2.8713,0.6112,2.2205,3.0787,-2.3906,1.9926,14.5439,0.1191,3.0000,0.0000,0.0000,0,15.3935,345.9814,986.2010,666.0912,320.1098,7.7065,-11.8910,365.5790,982.0164
64.125,1,0,learned,16.3990,96.0190,2.1257,0.5495,2.8183,2.8713,0.6008,2.2205,3.0787,-2.3906,1.9926,14.5439,0.0948,3.0000,0.0000,0.0000,0,15.3935,418.1091,994.9885,706.5488,288.4397,7.7261,-11.9450,437.7802,990.7695
64.175,1,0,learned,16.4108,96.1702,2.1561,0.4849,2.8361,2.8772,0.6242,2.2270,3.0787,-2.4632,1.9926,14.4249,0.0709,3.0000,0.0000,0.0000,0,15.3935,440.5474,977.3784,708.9629,268.4155,7.7451,-12.1839,460.4764,972.9395
64.225,1,0,learned,16.4179,96.3140,2.1741,0.4175,2.8677,2.8980,0.5968,2.2322,3.0787,-2.5285,1.9926,14.3099,0.0581,3.0000,0.0000,0.0000,0,15.3935,376.6049,993.9098,685.2574,308.6524,7.7059,-12.0675,396.3783,989.5482
64.275,1,0,learned,16.4207,96.4677,2.1981,0.3449,2.8857,2.9062,0.6023,2.2379,3.0787,-2.5941,1.9926,14.1848,0.0398,3.0000,0.0000,0.0000,0,15.3935,486.6034,995.2526,740.9280,254.3246,7.6852,-12.2394,506.5280,990.6983
64.326,1,0,learned,16.4189,96.6138,2.2220,0.2682,2.9171,2.9294,0.5833,2.2424,3.0787,-2.6522,1.9926,14.0639,0.0204,3.0000,0.0000,0.0000,0,15.3935,580.4476,977.4836,778.9656,198.5180,7.6020,-12.2281,600.2777,972.8575
64.375,1,0,learned,16.4189,96.6138,2.2399,0.2682,2.9171,2.9294,0.5625,2.2424,3.0787,-2.6522,1.9926,14.0639,0.0025,3.0000,0.0000,0.0000,0,15.3935,616.4306,990.2019,803.3163,186.8856,7.6179,-12.1915,636.2400,985.6284
64.426,1,0,learned,16.4120,96.7697,2.2692,0.1882,2.9331,2.9392,0.5493,2.2472,3.0787,-2.7097,1.9926,13.9326,-0.0219,3.0000,0.0000,0.0000,0,15.3935,566.8997,992.2201,779.5599,212.6602,7.6413,-12.1650,586.7060,987.6964
64.476,1,0,learned,16.4008,96.9173,2.2808,0.1041,2.9617,2.9635,0.5833,2.2509,3.0787,-2.7600,1.9926,13.8060,-0.0299,3.0000,0.0000,0.0000,0,15.3935,499.7077,994.8831,747.2954,247.5877,7.5984,-12.3528,519.6588,990.1288
64.526,1,0,learned,16.4008,96.9173,2.3039,0.1041,2.9617,2.9635,0.5483,2.2509,3.0787,-2.7600,1.9926,13.8060,-0.0530,3.0000,0.0000,0.0000,0,15.3935,604.2392,992.0499,798.1445,193.9054,7.5969,-12.2706,624.1066,987.3761
64.575,1,0,learned,16.3834,97.0748,2.3265,0.0161,2.9750,2.9751,0.5465,2.2548,3.0787,-2.8085,1.9926,13.6681,-0.0717,3.0000,0.0000,0.0000,0,15.3935,594.5264,998.5576,796.5420,202.0156,7.6004,-12.3097,614.4365,993.8482
64.625,1,0,learned,16.3618,97.2237,2.3432,-0.0768,3.0007,3.0017,0.5338,2.2575,3.0787,-2.8499,1.9926,13.5352,-0.0857,3.0000,0.0000,0.0000,0,15.3935,654.9341,994.5261,824.7301,169.7960,7.5149,-12.2945,674.7435,989.7465
64.676,1,0,learned,16.3338,97.3820,2.3705,-0.1694,3.0092,3.0140,0.5383,2.2606,3.0787,-2.8891,1.9926,13.3913,-0.1099,3.0000,0.0000,0.0000,0,15.3935,605.7326,980.7068,793.2197,187.4871,7.5334,-12.3240,625.5900,975.9162
64.725,1,0,learned,16.3025,97.5312,2.3919,-0.2659,3.0292,3.0408,0.4898,2.2624,3.0787,-2.9216,1.9926,13.2530,-0.1295,3.0000,0.0000,0.0000,0,15.3935,651.2088,994.9314,823.0701,171.8613,7.4576,-12.1155,670.7818,990.2735
64.775,1,0,learned,16.3025,97.5312,2.4025,-0.2659,3.0292,3.0408,0.5055,2.2624,3.0787,-2.9216,1.9926,13.2530,-0.1401,3.0000,0.0000,0.0000,0,15.3935,690.6293,991.6855,841.1574,150.5281,7.4660,-12.2614,710.3567,986.8900
64.825,1,0,learned,16.2639,97.6895,2.4336,-0.3613,3.0321,3.0535,0.4888,2.2646,3.0787,-2.9511,1.9926,13.1034,-0.1691,3.0000,0.0000,0.0000,0,15.3935,655.1981,997.3643,826.2812,171.0831,7.4886,-12.1997,674.8864,992.6533
64.875,1,0,learned,16.2227,97.8384,2.4438,-0.4604,3.0460,3.0806,0.4680,2.2656,3.0787,-2.9746,1.9926,12.9600,-0.1782,3.0000,0.0000,0.0000,0,15.3935,704.6563,995.5045,850.0804,145.4241,7.4009,-12.0991,724.1563,990.8064
64.925,1,0,learned,16.2227,97.8384,2.4639,-0.4604,3.0460,3.0806,0.4985,2.2656,3.0787,-2.9746,1.9926,12.9600,-0.1983,3.0000,0.0000,0.0000,0,15.3935,789.4945,989.8581,889.6763,100.1818,7.4145,-12.3893,809.2983,984.8833
64.975,1,0,learned,16.1737,97.9959,2.4836,-0.5569,3.0428,3.0933,0.4585,2.2669,3.0787,-2.9943,1.9926,12.8052,-0.2167,3.0000,0.0000,0.0000,0,15.3935,870.6216,995.1319,932.8767,62.2552,7.3924,-12.2189,890.2328,990.3054
65.026,1,0,learned,16.1227,98.1439,2.4933,-0.6581,3.0509,3.1211,0.4890,2.2671,3.0787,-3.0084,1.9926,12.6570,-0.2262,3.0000,0.0000,0.0000,0,15.3935,875.9048,990.9434,933.4241,57.5193,7.3263,-12.3912,895.6222,985.8784
65.076,1,0,learned,16.0631,98.3003,2.5172,-0.7558,3.0422,3.1347,0.4545,2.2674,3.0787,-3.0180,1.9926,12.4971,-0.2497,3.0000,0.0000,0.0000,0,15.3935,813.0037,993.3100,903.1569,90.1531,7.3442,-12.1617,832.5096,988.4926
65.126,1,0,learned,16.0016,98.4471,2.5401,-0.8609,3.0452,3.1646,0.4475,2.2667,3.0787,-3.0219,1.9926,12.3438,-0.2735,3.0000,0.0000,0.0000,0,15.3935,867.3322,990.0882,928.7102,61.3780,7.2705,-12.1725,886.7752,985.1861
65.176,1,0,learned,16.0016,98.4471,2.5491,-0.8609,3.0452,3.1646,0.4093,2.2667,3.0787,-3.0219,1.9926,12.3438,-0.2824,3.0000,0.0000,0.0000,0,15.3935,900.2020,987.2112,943.7066,43.5046,7.2662,-11.9817,919.4499,982.4958
65.226,1,0,learned,15.9304,98.6019,2.5709,-0.9623,3.0317,3.1808,0.3962,2.2660,3.0787,-3.0204,1.9926,12.1783,-0.3050,3.0000,0.0000,0.0000,0,15.3935,894.9793,992.5910,943.7852,48.8059,7.2662,-11.9080,914.1535,987.9493
65.276,1,0,learned,15.8585,98.7468,2.5835,-1.0697,3.0291,3.2124,0.3790,2.2643,3.0787,-3.0141,1.9926,12.0201,-0.3193,3.0000,0.0000,0.0000,0,15.3935,906.4667,991.1391,948.8029,42.3362,7.1794,-11.7902,925.4364,986.5283
65.325,1,0,learned,15.8585,98.7468,2.5999,-1.0697,3.0291,3.2124,0.3840,2.2643,3.0787,-3.0141,1.9926,12.0201,-0.3357,3.0000,0.0000,0.0000,0,15.3935,919.2930,992.2926,955.7928,36.4998,7.2004,-11.8817,938.3751,987.6114
65.375,1,0,learned,15.7767,98.8992,2.6197,-1.1701,3.0096,3.2290,0.3917,2.2626,3.0787,-3.0019,1.9926,11.8501,-0.3570,3.0000,0.0000,0.0000,0,15.3935,920.7991,998.0790,959.4391,38.6400,7.2007,-11.9270,939.9268,993.3527
65.426,1,0,learned,15.6949,99.0416,2.6310,-1.2769,3.0008,3.2612,0.3705,2.2601,3.0787,-2.9856,1.9926,11.6879,-0.3709,3.0000,0.0000,0.0000,0,15.3935,921.9662,992.1794,957.0728,35.1066,7.1094,-11.7599,940.8355,987.5289
65.476,1,0,learned,15.6031,99.1910,2.6457,-1.3746,2.9753,3.2775,0.3140,2.2576,3.0787,-2.9630,1.9926,11.5141,-0.3881,3.0000,0.0000,0.0000,0,15.3935,929.0893,992.9497,961.0195,31.9302,7.0881,-11.3654,947.5428,988.6724
65.525,1,0,learned,15.6031,99.1910,2.6565,-1.3746,2.9753,3.2775,0.3020,2.2576,3.0787,-2.9630,1.9926,11.5141,-0.3989,3.0000,0.0000,0.0000,0,15.3935,959.6163,997.9371,978.7767,19.1604,7.0956,-11.3474,978.0592,993.6852
65.576,1,0,learned,15.5123,99.3302,2.6703,-1.4782,2.9604,3.3089,0.3200,2.2543,3.0787,-2.9371,1.9926,11.3487,-0.4160,3.0000,0.0000,0.0000,0,15.3935,953.8541,982.8146,968.3344,14.4803,7.0155,-11.4117,972.2813,978.4184
65.625,1,0,learned,15.4115,99.4760,2.6836,-1.5704,2.9291,3.3235,0.2855,2.2511,3.0787,-2.9048,1.9926,11.1720,-0.4325,3.0000,0.0000,0.0000,0,15.3935,970.7203,991.5740,981.1471,10.4269,7.0046,-11.1489,988.8739,987.4297
65.676,1,0,learned,15.3126,99.6116,2.6933,-1.6681,2.9083,3.3527,0.3155,2.2471,3.0787,-2.8701,1.9926,11.0045,-0.4461,3.0000,0.0000,0.0000,0,15.3935,970.0243,993.3713,981.6978,11.6735,6.9320,-11.2906,988.2470,989.0127
65.729,1,0,learned,15.3126,99.6116,2.7058,-1.6681,2.9083,3.3527,0.2918,2.2471,3.0787,-2.8701,1.9926,11.0045,-0.4586,3.0000,0.0000,0.0000,0,15.3935,946.8340,975.6180,961.2260,14.3920,6.9423,-11.1417,964.9180,971.4185
65.775,1,0,learned,15.2038,99.7534,2.7208,-1.7531,2.8716,3.3645,0.2875,2.2433,3.0787,-2.8288,1.9926,10.8259,-0.4775,3.0000,0.0000,0.0000,0,15.3935,960.8818,981.3412,971.1115,10.2297,6.9511,-11.0600,978.8928,977.2323
65.825,1,0,learned,15.0978,99.8849,2.7294,-1.8440,2.8454,3.3907,0.2572,2.2388,3.0787,-2.7860,1.9926,10.6570,-0.4906,3.0000,0.0000,0.0000,0,15.3935,983.5380,889.9926,936.7653,-46.7727,6.8393,-10.7011,1000.0000,886.1307
65.875,1,0,learned,14.9819,100.0221,2.7432,-1.9209,2.8042,3.3990,0.2720,2.2343,3.0787,-2.7365,1.9926,10.4774,-0.5089,3.0000,0.0000,0.0000,0,15.3935,987.6295,805.4464,896.5380,-91.0915,6.8349,-10.6302,1000.0000,801.6512
65.926,1,0,learned,14.8699,100.1493,2.7512,-2.0034,2.7732,3.4211,0.2480,2.2294,3.0787,-2.6863,1.9926,10.3080,-0.5218,3.0000,0.0000,0.0000,0,15.3935,982.4038,870.8663,926.6350,-55.7687,6.7952,-10.4344,999.6334,867.2270
65.975,1,0,learned,14.7484,100.2816,2.7640,-2.0703,2.7275,3.4243,0.2510,2.2244,3.0787,-2.6296,1.9926,10.1286,-0.5396,3.0000,0.0000,0.0000,0,15.3935,981.8717,948.2450,965.0584,-16.8133,6.8662,-10.4128,999.1508,944.6984
66.026,1,0,learned,14.6317,100.4037,2.7760,-2.1422,2.6908,3.4394,0.2137,2.2192,3.0787,-2.5732,1.9926,9.9603,-0.5568,3.0000,0.0000,0.0000,0,15.3935,983.2556,916.4348,949.8452,-33.4104,6.8256,-10.0195,1000.0000,913.2409
66.076,1,0,learned,14.6317,100.4037,2.7828,-2.1422,2.6908,3.4394,0.2112,2.2192,3.0787,-2.5732,1.9926,9.9603,-0.5637,3.0000,0.0000,0.0000,0,15.3935,983.8438,827.6721,905.7580,-78.0858,6.8029,-9.9479,1000.0000,824.5271
66.126,1,0,learned,14.5060,100.5303,2.7914,-2.1973,2.6395,3.4344,0.1527,2.2140,3.0787,-2.5103,1.9926,9.7828,-0.5774,3.0000,0.0000,0.0000,0,15.3935,986.0722,874.7075,930.3899,-55.6823,6.8857,-9.4193,1000.0000,872.1740
66.175,1,0,learned,14.3855,100.6472,2.7995,-2.2600,2.5987,3.4440,0.1988,2.2084,3.0787,-2.4482,1.9926,9.6161,-0.5911,3.0000,0.0000,0.0000,0,15.3935,984.6624,769.8716,877.2670,-107.3954,6.8532,-9.5201,1000.0000,767.2048
66.225,1,0,learned,14.2557,100.7686,2.8088,-2.3072,2.5457,3.4356,0.1515,2.2027,3.0787,-2.3794,1.9926,9.4402,-0.6061,3.0000,0.0000,0.0000,0,15.3935,972.9427,666.3231,819.6329,-153.3098,6.9029,-8.9203,988.7659,664.3057
66.276,1,0,learned,14.1320,100.8804,2.8158,-2.3612,2.5023,3.4405,0.1482,2.1969,3.0787,-2.3123,1.9926,9.2756,-0.6189,3.0000,0.0000,0.0000,0,15.3935,982.5627,587.2233,784.8930,-197.6697,6.8886,-8.6815,998.1328,585.4304
66.326,1,0,learned,14.1320,100.8804,2.8222,-2.3612,2.5023,3.4405,0.1550,2.1969,3.0787,-2.3123,1.9926,9.2756,-0.6254,3.0000,0.0000,0.0000,0,15.3935,985.5610,585.1208,785.3409,-200.2201,6.8970,-8.7548,1000.0000,583.2630
66.375,1,0,learned,13.9995,100.9961,2.8267,-2.3986,2.4469,3.4265,0.1373,2.1909,3.0787,-2.2388,1.9926,9.1025,-0.6358,3.0000,0.0000,0.0000,0,15.3935,987.1156,530.9470,759.0313,-228.0843,6.9909,-8.3795,1000.0000,529.5584
66.426,1,0,learned,13.8741,101.1022,2.8320,-2.4413,2.3997,3.4232,0.0713,2.1848,3.0787,-2.1679,1.9926,8.9416,-0.6472,3.0000,0.0000,0.0000,0,15.3935,987.9006,469.2438,728.5722,-259.3284,7.0149,-7.6628,1000.0000,468.5959
66.476,1,0,learned,13.7410,101.2113,2.8366,-2.4648,2.3393,3.3982,0.0793,2.1788,3.0787,-2.0911,1.9926,8.7736,-0.6578,3.0000,0.0000,0.0000,0,15.3935,987.2376,578.5259,782.8817,-204.3559,7.2382,-7.5606,1000.0000,578.2034
66.527,1,0,learned,13.7410,101.2113,2.8394,-2.4648,2.3393,3.3982,0.0508,2.1788,3.0787,-2.0911,1.9926,8.7736,-0.6606,3.0000,0.0000,0.0000,0,15.3935,988.9629,472.5218,730.7423,-258.2205,7.1965,-7.2903,1000.0000,472.4280
66.575,1,0,learned,13.6158,101.3109,2.8424,-2.4938,2.2865,3.3834,0.0345,2.1728,3.0787,-2.0176,1.9926,8.6181,-0.6696,3.0000,0.0000,0.0000,0,15.3935,986.4996,480.1855,733.3425,-253.1571,7.3163,-6.9498,1000.0000,480.5519
66.626,1,0,learned,13.4833,101.4130,2.8447,-2.5045,2.2219,3.3481,-0.0152,2.1667,3.0787,-1.9385,1.9926,8.4564,-0.6780,3.0000,0.0000,0.0000,0,15.3935,978.1460,439.8367,708.9914,-269.1547,7.5330,-6.2770,991.9560,441.0927
66.677,1,0,learned,13.3587,101.5062,2.8454,-2.5229,2.1658,3.3250,-0.0260,2.1605,3.0787,-1.8630,1.9926,8.3068,-0.6848,3.0000,0.0000,0.0000,0,15.3935,982.9083,458.3305,720.6194,-262.2889,7.7039,-5.9531,996.5652,460.0813
66.732,1,0,learned,13.3587,101.5062,2.8454,-2.5229,2.1658,3.3250,-0.0790,2.1605,3.0787,-1.8630,1.9926,8.3068,-0.6849,3.0000,0.0000,0.0000,0,15.3935,988.5178,432.4319,710.4749,-278.0430,7.6873,-5.5346,1000.0000,434.5846
66.775,1,0,learned,13.2270,101.6017,2.8444,-2.5248,2.0999,3.2839,-0.0550,2.1542,3.0787,-1.7819,1.9926,8.1513,-0.6902,3.0000,0.0000,0.0000,0,15.3935,979.0842,434.7776,706.9309,-272.1533,7.9632,-5.4164,992.4638,437.3244
66.825,1,0,learned,13.1035,101.6886,2.8424,-2.5343,2.0423,3.2548,-0.1205,2.1480,3.0787,-1.7049,1.9926,8.0079,-0.6944,3.0000,0.0000,0.0000,0,15.3935,974.3183,357.0243,665.6713,-308.6470,8.1268,-4.5923,987.0373,360.5588
66.875,1,0,learned,12.9732,101.7777,2.8394,-2.5286,1.9765,3.2094,-0.1042,2.1415,3.0787,-1.6225,1.9926,7.8589,-0.6979,3.0000,0.0000,0.0000,0,15.3935,981.0164,264.0236,622.5200,-358.4964,8.3888,-4.3649,993.7702,268.0475
66.926,1,0,learned,12.8510,101.8590,2.8342,-2.5320,1.9197,3.1775,-0.1535,2.1350,3.0787,-1.5442,1.9926,7.7215,-0.6992,3.0000,0.0000,0.0000,0,15.3935,982.4558,269.3657,625.9107,-356.5450,8.6045,-3.6839,994.7442,274.2863
66.975,1,0,learned,12.7221,101.9423,2.8290,-2.5214,1.8562,3.1310,-0.1685,2.1283,3.0787,-1.4607,1.9926,7.5788,-0.7008,3.0000,0.0000,0.0000,0,15.3935,993.3272,221.0508,607.1890,-386.1382,8.8912,-3.2215,1000.0000,226.7205
67.025,1,0,learned,12.6015,102.0181,2.8212,-2.5196,1.8009,3.0970,-0.2200,2.1216,3.0787,-1.3818,1.9926,7.4475,-0.6996,3.0000,0.0000,0.0000,0,15.3935,985.2964,195.0356,590.1660,-395.1304,9.1093,-2.4929,996.8986,201.6519
67.076,1,0,learned,12.6015,102.0181,2.8137,-2.5196,1.8009,3.0970,-0.2533,2.1216,3.0787,-1.3818,1.9926,7.4475,-0.6921,3.0000,0.0000,0.0000,0,15.3935,987.9636,244.1654,616.0645,-371.8991,9.1189,-2.2138,999.2964,251.0705
67.125,1,0,learned,12.4747,102.0956,2.8028,-2.5034,1.7388,3.0480,-0.3010,2.1147,3.0787,-1.2978,1.9926,7.3116,-0.6881,3.0000,0.0000,0.0000,0,15.3935,982.7312,205.4031,594.0672,-388.6641,9.4236,-1.4685,993.6234,213.3582
67.179,1,0,learned,12.3561,102.1661,2.7929,-2.4968,1.6846,3.0119,-0.3025,2.1079,3.0787,-1.2184,1.9926,7.1868,-0.6850,3.0000,0.0000,0.0000,0,15.3935,982.5301,158.3009,570.4155,-412.1146,9.6495,-1.1193,993.2989,166.8311
67.225,1,0,learned,12.2313,102.2381,2.7791,-2.4775,1.6248,2.9628,-0.3083,2.1007,3.0787,-1.1340,1.9926,7.0576,-0.6783,3.0000,0.0000,0.0000,0,15.3935,989.1609,146.2024,567.6816,-421.4792,9.9682,-0.7004,999.8295,155.4702
67.275,1,0,learned,12.1143,102.3038,2.7668,-2.4696,1.5737,2.9284,-0.3670,2.0937,3.0787,-1.0542,1.9926,6.9386,-0.6732,3.0000,0.0000,0.0000,0,15.3935,979.6830,160.1528,569.9179,-409.7651,10.2101,0.0955,989.7977,170.4584
67.326,1,0,learned,11.9908,102.3714,2.7536,-2.4506,1.5187,2.8830,-0.3675,2.0862,3.0787,-0.9692,1.9926,6.8151,-0.6674,3.0000,0.0000,0.0000,0,15.3935,976.3869,167.9660,572.1765,-404.2104,10.5207,0.4654,986.4422,178.9521
67.375,1,0,learned,11.8751,102.4330,2.7356,-2.4425,1.4719,2.8517,-0.4490,2.0788,3.0787,-0.8889,1.9926,6.7015,-0.6568,3.0000,0.0000,0.0000,0,15.3935,979.2199,145.3629,562.2914,-416.9285,10.7266,1.4507,988.4958,157.5403
67.431,1,0,learned,11.7531,102.4965,2.7203,-2.4233,1.4214,2.8094,-0.4255,2.0711,3.0787,-0.8035,1.9926,6.5836,-0.6492,3.0000,0.0000,0.0000,0,15.3935,971.8047,151.0994,561.4520,-410.3527,11.0189,1.6361,981.1875,163.7544
67.476,1,0,learned,11.7531,102.4965,2.7041,-2.4233,1.4214,2.8094,-0.4517,2.0711,3.0787,-0.8035,1.9926,6.5836,-0.6330,3.0000,0.0000,0.0000,0,15.3935,972.9649,97.3051,535.1350,-437.8299,10.9789,1.8974,982.0464,110.1815
67.525,1,0,learned,11.6386,102.5547,2.6871,-2.4157,1.3797,2.7819,-0.4348,2.0635,3.0787,-0.7229,1.9926,6.4749,-0.6236,3.0000,0.0000,0.0000,0,15.3935,987.2122,89.0505,538.1313,-449.0809,11.1712,2.1052,996.2782,102.3268
67.576,1,0,learned,11.5177,102.6149,2.6648,-2.3977,1.3355,2.7445,-0.4660,2.0555,3.0787,-0.6372,1.9926,6.3620,-0.6094,3.0000,0.0000,0.0000,0,15.3935,980.2631,104.7251,542.4941,-437.7690,11.4348,2.7268,988.9711,118.8868
67.625,1,0,learned,11.4042,102.6705,2.6556,-2.3912,1.3000,2.7217,-0.4705,2.0477,3.0787,-0.5564,1.9926,6.2576,-0.6079,3.0000,0.0000,0.0000,0,15.3935,966.4486,134.8247,550.6367,-415.8119,11.6278,3.0623,975.0140,149.5149
67.676,1,0,learned,11.4042,102.6705,2.6414,-2.3912,1.3000,2.7217,-0.5038,2.0477,3.0787,-0.5564,1.9926,6.2576,-0.5937,3.0000,0.0000,0.0000,0,15.3935,983.5972,174.4619,579.0296,-404.5676,11.6288,3.3867,991.8393,189.4775
67.725,1,0,learned,11.2843,102.7281,2.6219,-2.3741,1.2617,2.6885,-0.5282,2.0394,3.0787,-0.4706,1.9926,6.1491,-0.5824,3.0000,0.0000,0.0000,0,15.3935,976.0284,98.6501,537.3392,-438.6892,11.8352,3.9032,983.9604,114.3884
67.775,1,0,learned,11.1717,102.7815,2.6069,-2.3685,1.2315,2.6695,-0.5355,2.0315,3.0787,-0.3897,1.9926,6.0489,-0.5754,3.0000,0.0000,0.0000,0,15.3935,986.5884,108.8663,547.7273,-438.8610,11.9912,4.2671,994.3125,125.1247
67.825,1,0,learned,11.1717,102.7815,2.5863,-2.3685,1.2315,2.6695,-0.5348,2.0315,3.0787,-0.3897,1.9926,6.0489,-0.5549,3.0000,0.0000,0.0000,0,15.3935,986.0578,172.7753,579.4165,-406.6412,11.9956,4.3660,993.6873,189.1369
67.879,1,0,learned,11.0523,102.8373,2.5599,-2.3538,1.2000,2.6420,-0.5403,2.0230,3.0787,-0.3037,1.9926,5.9443,-0.5368,3.0000,0.0000,0.0000,0,15.3935,970.0583,205.6036,587.8309,-382.2274,12.2068,4.7831,977.4820,222.5935
67.925,1,0,learned,10.9399,102.8894,2.5546,-2.3514,1.1770,2.6295,-0.5645,2.0149,3.0787,-0.2224,1.9926,5.8473,-0.5396,3.0000,0.0000,0.0000,0,15.3935,979.5921,258.8410,619.2166,-360.3755,12.3538,5.2438,986.7021,276.4386
67.975,1,0,learned,10.8206,102.9442,2.5272,-2.3399,1.1525,2.6083,-0.5577,2.0063,3.0787,-0.1360,1.9926,5.7458,-0.5209,3.0000,0.0000,0.0000,0,15.3935,984.4164,164.1783,574.2974,-410.1191,12.4732,5.4983,991.3914,182.1498
68.026,1,0,learned,10.8206,102.9442,2.5050,-2.3399,1.1525,2.6083,-0.5777,2.0063,3.0787,-0.1360,1.9926,5.7458,-0.4987,3.0000,0.0000,0.0000,0,15.3935,984.2511,189.2457,586.7484,-397.5027,12.4616,5.7447,990.9680,207.4519
68.076,1,0,learned,10.7079,102.9959,2.4994,-2.3415,1.1375,2.6032,-0.5507,1.9981,3.0787,-0.0544,1.9926,5.6511,-0.5014,3.0000,0.0000,0.0000,0,15.3935,973.5642,103.9233,538.7437,-434.8205,12.5056,5.7249,980.3448,122.1538
68.131,1,0,learned,10.7079,102.9959,2.4768,-2.3415,1.1375,2.6032,-0.5880,1.9981,3.0787,-0.0544,1.9926,5.6511,-0.4788,3.0000,0.0000,0.0000,0,15.3935,968.8836,175.7530,572.3183,-396.5653,12.5147,6.1235,975.2748,194.3911
68.175,1,0,learned,10.5880,103.0511,2.4482,-2.3346,1.1220,2.5902,-0.5985,1.9893,3.0787,0.0325,1.9926,5.5515,-0.4589,3.0000,0.0000,0.0000,0,15.3935,985.8864,129.3445,557.6154,-428.2710,12.6043,6.5065,991.9842,148.4553
68.226,1,0,learned,10.4745,103.1034,2.4367,-2.3404,1.1155,2.5927,-0.5620,1.9810,3.0787,0.1146,1.9926,5.4585,-0.4557,3.0000,0.0000,0.0000,0,15.3935,975.6305,169.2524,572.4414,-403.1891,12.6456,6.4814,981.7946,188.3794
68.276,1,0,learned,10.3538,103.1593,2.4076,-2.3367,1.1077,2.5859,-0.5715,1.9721,3.0787,0.2018,1.9926,5.3606,-0.4355,3.0000,0.0000,0.0000,0,15.3935,980.9819,167.9476,574.4648,-406.5171,12.7163,6.8557,986.8425,187.5197
68.325,1,0,learned,10.3538,103.1593,2.3900,-2.3367,1.1077,2.5859,-0.5715,1.9721,3.0787,0.2018,1.9926,5.3606,-0.4178,3.0000,0.0000,0.0000,0,15.3935,972.0348,205.1457,588.5902,-383.4446,12.7136,6.9404,977.8080,224.7997
68.375,1,0,learned,10.2397,103.2127,2.3782,-2.3448,1.1084,2.5936,-0.6035,1.9638,3.0787,0.2841,1.9926,5.2691,-0.4143,3.0000,0.0000,0.0000,0,15.3935,982.0605,260.7244,621.3924,-360.6680,12.7344,7.4193,987.3755,280.8781
68.425,1,0,learned,10.1182,103.2701,2.3485,-2.3429,1.1077,2.5916,-0.5960,1.9550,3.0787,0.3714,1.9926,5.1726,-0.3935,3.0000,0.0000,0.0000,0,15.3935,987.4226,253.2182,620.3204,-367.1022,12.7715,7.6415,992.5526,273.6312
68.476,1,0,learned,10.0035,103.3254,2.3246,-2.3525,1.1163,2.6040,-0.6235,1.9468,3.0787,0.4535,1.9926,5.0822,-0.3778,3.0000,0.0000,0.0000,0,15.3935,975.0259,213.9121,594.4690,-380.5569,12.7125,8.0261,979.7123,234.6507
68.525,1,0,learned,10.0035,103.3254,2.3126,-2.3525,1.1163,2.6040,-0.5900,1.9468,3.0787,0.4535,1.9926,5.0822,-0.3657,3.0000,0.0000,0.0000,0,15.3935,988.8406,167.3792,578.1099,-410.7307,12.6760,7.7972,993.7195,187.8524
68.576,1,0,learned,9.8813,103.3856,2.2764,-2.3520,1.1248,2.6071,-0.6082,1.9381,3.0702,0.5403,1.9926,4.9863,-0.3383,3.0000,0.0000,0.0000,0,15.3935,989.9565,249.7326,619.8445,-370.1120,12.6556,8.2377,994.3744,270.6259
68.625,1,0,learned,9.7658,103.4442,2.2643,-2.3629,1.1438,2.6252,-0.6015,1.9301,3.0146,0.6217,1.9926,4.8958,-0.3343,3.0000,0.0000,0.0000,0,15.3935,980.5567,267.8689,624.2128,-356.3439,12.2057,8.2010,984.5613,288.2756
68.675,1,0,learned,9.7658,103.4442,2.2402,-2.3629,1.1438,2.6252,-0.6182,1.9301,3.0146,0.6217,1.9926,4.8958,-0.3101,3.0000,0.0000,0.0000,0,15.3935,988.5319,254.6245,621.5782,-366.9537,12.1768,8.4018,992.3070,275.2031
68.726,1,0,learned,9.6431,103.5080,2.2160,-2.3622,1.1605,2.6319,-0.5810,1.9216,2.9557,0.7075,1.9926,4.8002,-0.2944,3.0000,0.0000,0.0000,0,15.3935,979.7339,327.9464,653.8402,-325.8937,11.7794,8.2403,983.2730,347.9660
68.775,1,0,learned,9.5273,103.5699,2.2038,-2.3720,1.1864,2.6521,-0.5813,1.9138,2.9003,0.7878,1.9926,4.7102,-0.2900,3.0000,0.0000,0.0000,0,15.3935,977.2313,238.6224,607.9269,-369.3045,11.2632,8.1422,980.3524,258.0278
68.825,1,0,learned,9.4045,103.6379,2.1734,-2.3699,1.2105,2.6612,-0.6125,1.9055,2.8415,0.8720,1.9926,4.6147,-0.2679,3.0000,0.0000,0.0000,0,15.3935,973.6802,257.9609,615.8205,-357.8596,10.8207,8.4512,976.0497,277.2328
68.876,1,0,learned,9.2889,103.7042,2.1432,-2.3779,1.2448,2.6840,-0.6073,1.8981,2.7860,0.9504,1.9926,4.5247,-0.2451,3.0000,0.0000,0.0000,0,15.3935,984.6005,234.2339,609.4172,-375.1833,10.2792,8.4151,986.4646,252.9282
68.927,1,0,learned,9.2889,103.7042,2.1311,-2.3779,1.2448,2.6840,-0.6043,1.8981,2.7860,0.9504,1.9926,4.5247,-0.2330,3.0000,0.0000,0.0000,0,15.3935,980.2837,229.5545,604.9191,-375.3646,10.2641,8.4320,982.1157,248.2506
68.976,1,0,learned,9.1664,103.7771,2.1069,-2.3733,1.2762,2.6947,-0.5913,1.8901,2.7271,1.0323,1.9926,4.4291,-0.2168,3.0000,0.0000,0.0000,0,15.3935,981.3531,333.5119,657.4325,-323.9206,9.8291,8.4515,982.7308,351.7925
69.025,1,0,learned,9.0514,103.8480,2.0828,-2.3779,1.3164,2.7180,-0.6210,1.8830,2.6718,1.1082,1.9926,4.3392,-0.1997,3.0000,0.0000,0.0000,0,15.3935,994.4848,343.8951,669.1900,-325.2948,9.2952,8.6856,995.0943,361.8759
69.076,1,0,learned,9.0514,103.8480,2.0646,-2.3779,1.3164,2.7180,-0.6135,1.8830,2.6718,1.1082,1.9926,4.3392,-0.1816,3.0000,0.0000,0.0000,0,15.3935,980.0728,345.7468,662.9098,-317.1630,9.2761,8.6949,980.6540,363.7178
69.125,1,0,learned,8.9300,103.9257,2.0345,-2.3694,1.3518,2.7279,-0.6110,1.8755,2.6133,1.1872,1.9926,4.2442,-0.1591,3.0000,0.0000,0.0000,0,15.3935,979.6141,408.3704,693.9923,-285.6219,8.8142,8.7810,979.6474,425.9656
69.181,1,0,learned,8.8161,104.0015,2.0225,-2.3700,1.3975,2.7513,-0.5775,1.8688,2.5581,1.2600,1.9926,4.1546,-0.1537,3.0000,0.0000,0.0000,0,15.3935,987.7159,354.4607,671.0883,-316.6276,8.2528,8.3834,987.5854,371.0969
69.225,1,0,learned,8.6961,104.0852,1.9925,-2.3576,1.4399,2.7625,-0.5770,1.8617,2.4995,1.3353,1.9926,4.0593,-0.1308,3.0000,0.0000,0.0000,0,15.3935,989.6817,322.7577,656.2197,-333.4620,7.7375,8.3644,989.0549,338.8596
69.276,1,0,learned,8.6961,104.0852,1.9746,-2.3576,1.4399,2.7625,-0.5635,1.8617,2.4995,1.3353,1.9926,4.0593,-0.1130,3.0000,0.0000,0.0000,0,15.3935,974.0323,342.8268,658.4295,-315.6028,7.7247,8.3490,973.4079,358.9005
69.325,1,0,learned,8.5838,104.1672,1.9509,-2.3538,1.4935,2.7876,-0.6155,1.8555,2.4441,1.4041,1.9926,3.9693,-0.0954,3.0000,0.0000,0.0000,0,15.3935,974.9753,293.5706,634.2730,-340.7024,7.1383,8.6682,973.4454,309.3771
69.376,1,0,learned,8.4658,104.2576,1.9214,-2.3368,1.5423,2.7999,-0.6010,1.8490,2.3852,1.4748,1.9926,3.8737,-0.0724,3.0000,0.0000,0.0000,0,15.3935,971.7959,332.9327,652.3643,-319.4316,6.6270,8.6079,969.8150,348.1676
69.425,1,0,learned,8.3558,104.3456,1.9039,-2.3279,1.6008,2.8252,-0.5825,1.8433,2.3298,1.5391,1.9926,3.7837,-0.0606,3.0000,0.0000,0.0000,0,15.3935,992.4396,320.6199,656.5298,-335.9098,6.0397,8.3687,990.1107,335.0284
69.476,1,0,learned,8.3558,104.3456,1.8805,-2.3279,1.6008,2.8252,-0.5547,1.8433,2.3298,1.5391,1.9926,3.7837,-0.0372,3.0000,0.0000,0.0000,0,15.3935,967.1857,314.3227,640.7542,-326.4315,6.0127,8.2310,964.9675,328.5664
69.525,1,0,learned,8.2405,104.4420,1.8572,-2.3057,1.6514,2.8361,-0.6082,1.8373,2.2713,1.6048,1.9926,3.6888,-0.0199,3.0000,0.0000,0.0000,0,15.3935,977.0027,374.3789,675.6908,-301.3119,5.5222,8.7435,973.7815,388.6447
69.575,1,0,learned,8.1334,104.5356,1.8339,-2.2911,1.7110,2.8595,-0.5527,1.8322,2.2166,1.6643,1.9926,3.6000,-0.0017,3.0000,0.0000,0.0000,0,15.3935,985.7646,370.0054,677.8850,-307.8796,4.9398,8.2321,982.4723,383.1773
69.625,1,0,learned,8.0214,104.6379,1.8106,-2.2634,1.7623,2.8685,-0.5988,1.8267,2.1590,1.7245,1.9926,3.5064,0.0161,3.0000,0.0000,0.0000,0,15.3935,964.5342,385.2899,674.9121,-289.6221,4.4492,8.6322,960.3512,398.3713
69.675,1,0,learned,7.9177,104.7370,1.7874,-2.2429,1.8227,2.8901,-0.5567,1.8221,2.1053,1.7786,1.9926,3.4191,0.0347,3.0000,0.0000,0.0000,0,15.3935,945.6503,364.2235,654.9369,-290.7134,3.8801,8.2054,941.3250,376.3089
69.725,1,0,learned,7.9177,104.7370,1.7643,-2.2429,1.8227,2.8901,-0.5998,1.8221,2.1053,1.7786,1.9926,3.4191,0.0579,3.0000,0.0000,0.0000,0,15.3935,929.0670,339.0435,634.0552,-295.0118,3.8552,8.6540,924.2683,351.5527
69.775,1,0,learned,7.8098,104.8453,1.7412,-2.2094,1.8748,2.8976,-0.5593,1.8172,2.0488,1.8327,1.9926,3.3273,0.0760,3.0000,0.0000,0.0000,0,15.3935,891.4609,395.7214,643.5911,-247.8698,3.3834,8.3845,886.4598,407.4892
69.825,1,0,learned,7.7101,104.9502,1.7239,-2.1826,1.9370,2.9182,-0.5410,1.8133,1.9962,1.8807,1.9926,3.2419,0.0894,3.0000,0.0000,0.0000,0,15.3935,853.9299,482.8496,668.3898,-185.5401,2.8594,8.2823,848.5070,493.9914
69.876,1,0,learned,7.6070,105.0643,1.6954,-2.1430,1.9882,2.9233,-0.5597,1.8090,1.9412,1.9281,1.9926,3.1527,0.1136,3.0000,0.0000,0.0000,0,15.3935,921.4621,459.2444,690.3532,-231.1088,2.3810,8.4978,915.3452,470.1232
69.926,1,0,learned,7.5121,105.1740,1.6727,-2.1095,2.0478,2.9399,-0.5703,1.8056,1.8906,1.9697,1.9926,3.0704,0.1329,3.0000,0.0000,0.0000,0,15.3935,976.1627,441.8507,709.0067,-267.1560,1.8614,8.5858,969.4383,452.2979
69.976,1,0,learned,7.5121,105.1740,1.6557,-2.1095,2.0478,2.9399,-0.5647,1.8056,1.8906,1.9697,1.9926,3.0704,0.1499,3.0000,0.0000,0.0000,0,15.3935,976.9572,416.9001,696.9286,-280.0286,1.8420,8.5989,970.2003,427.3410
70.025,1,0,learned,7.4146,105.2930,1.6280,-2.0629,2.0961,2.9409,-0.5338,1.8018,1.8380,2.0100,1.9926,2.9850,0.1739,3.0000,0.0000,0.0000,0,15.3935,920.1782,483.5262,701.8522,-218.3260,1.4327,8.4937,913.1172,493.4526
70.075,1,0,learned,7.3254,105.4079,1.6170,-2.0218,2.1553,2.9552,-0.5503,1.7991,1.7895,2.0444,1.9926,2.9062,0.1820,3.0000,0.0000,0.0000,0,16.8908,904.9528,444.0494,674.5011,-230.4517,0.9529,8.5364,897.3692,453.5387
70.126,1,0,learned,7.2338,105.5326,1.5898,-1.9698,2.2041,2.9561,-0.5065,0.9599,3.3782,-0.7848,0.8849,19.6197,-0.6298,3.0000,0.0000,0.0000,0,16.8908,823.4132,411.0206,617.2169,-206.1963,8.6667,-4.7896,836.8695,414.8977
70.175,1,0,learned,7.1503,105.6528,1.5629,-1.9238,2.2641,2.9710,-0.4890,0.9464,3.3782,-0.6441,0.8849,19.5745,-0.6166,3.0000,0.0000,0.0000,0,16.8908,797.6836,403.3055,600.4945,-197.1891,8.6266,-4.6363,810.9466,407.2958
70.226,1,0,learned,7.1503,105.6528,1.5469,-1.9238,2.2641,2.9710,-0.5072,0.9464,3.3782,-0.6441,0.8849,19.5745,-0.6005,3.0000,0.0000,0.0000,0,16.8908,687.9428,293.4088,490.6758,-197.2670,8.5647,-4.3790,700.8865,297.5946
70.276,1,0,learned,7.0650,105.7829,1.5258,-1.8672,2.3116,2.9715,-0.5140,0.9322,3.3782,-0.4957,0.8849,19.5236,-0.5936,3.0000,0.0000,0.0000,0,16.8908,577.9727,266.7567,422.3647,-155.6080,8.6035,-4.0303,590.6064,271.3299
70.325,1,0,learned,6.9875,105.9073,1.5102,-1.8163,2.3676,2.9840,-0.4928,0.9189,3.3782,-0.3570,0.8849,19.4733,-0.5913,3.0000,0.0000,0.0000,0,16.8908,594.6906,156.8973,375.7939,-218.8966,8.5683,-3.8988,607.1577,161.5667
70.375,1,0,learned,6.9875,105.9073,1.4895,-1.8163,2.3676,2.9840,-0.5218,0.9189,3.3782,-0.3570,0.8849,19.4733,-0.5706,3.0000,0.0000,0.0000,0,16.8908,596.1315,46.9722,321.5518,-274.5796,8.4918,-3.6092,608.2324,51.8548
70.425,1,0,learned,6.9087,106.0402,1.4691,-1.7562,2.4054,2.9782,-0.4848,0.9051,3.3782,-0.2118,0.8849,19.4182,-0.5640,3.0000,0.0000,0.0000,0,16.8908,670.7390,-52.4038,309.1676,-361.5714,8.5509,-3.5671,682.8571,-47.4200
70.476,1,0,learned,6.8375,106.1653,1.4440,-1.7019,2.4451,2.9791,-0.5035,0.8923,3.3782,-0.0774,0.8849,19.3657,-0.5517,3.0000,0.0000,0.0000,0,16.8908,561.0796,57.5395,309.3096,-251.7701,8.6047,-3.2214,572.9057,62.9229
70.525,1,0,learned,6.7650,106.2967,1.4241,-1.6403,2.4616,2.9580,-0.4745,0.8789,3.3782,0.0619,0.8849,19.3098,-0.5452,3.0000,0.0000,0.0000,0,16.8908,671.0796,163.3463,417.2130,-253.8667,8.7907,-3.2357,683.1060,168.9013
70.575,1,0,learned,6.6992,106.4188,1.4093,-1.5863,2.4780,2.9423,-0.5072,0.8666,3.3782,0.1901,0.8849,19.2578,-0.5427,3.0000,0.0000,0.0000,0,16.8908,781.0775,260.5090,520.7932,-260.2843,8.9296,-2.8948,792.9019,266.5438
70.625,1,0,learned,6.6992,106.4188,1.3943,-1.5863,2.4780,2.9423,-0.5148,0.8666,3.3782,0.1901,0.8849,19.2578,-0.5277,3.0000,0.0000,0.0000,0,16.8908,891.0773,258.8218,574.9496,-316.1277,8.8952,-2.8439,902.8163,264.8732
70.676,1,0,learned,6.6319,106.5462,1.3744,-1.5278,2.4726,2.9065,-0.4870,0.8537,3.3782,0.3229,0.8849,19.2036,-0.5207,3.0000,0.0000,0.0000,0,16.8908,991.7846,155.1433,573.4639,-418.3206,9.0959,-2.7354,1000.0000,161.5038
70.726,1,0,learned,6.5711,106.6652,1.3595,-1.4759,2.4740,2.8808,-0.4730,0.8417,3.3782,0.4454,0.8849,19.1525,-0.5178,3.0000,0.0000,0.0000,0,16.8908,983.5786,46.8417,515.2102,-468.3684,9.2468,-2.5417,995.3671,53.5469
70.775,1,0,learned,6.5096,106.7918,1.3344,-1.4169,2.4659,2.8440,-0.5110,0.8291,3.3782,0.5731,0.8849,19.0969,-0.5053,3.0000,0.0000,0.0000,0,16.8908,990.5263,20.4973,505.5118,-485.0145,9.4429,-2.0354,1000.0000,27.9048
70.826,1,0,learned,6.5096,106.7918,1.3141,-1.4169,2.4659,2.8440,-0.5240,0.8291,3.3782,0.5731,0.8849,19.0969,-0.4850,3.0000,0.0000,0.0000,0,16.8908,996.4075,129.8725,563.1400,-433.2675,9.4282,-1.9461,1000.0000,137.3546
70.876,1,0,learned,6.4545,106.9120,1.2987,-1.3634,2.4735,2.8244,-0.5477,0.8174,3.3782,0.6919,0.8849,19.0428,-0.4814,3.0000,0.0000,0.0000,0,16.8908,989.7204,176.2661,582.9932,-406.7272,9.5709,-1.6025,1000.0000,184.2345
70.925,1,0,learned,6.3986,107.0403,1.2776,-1.3056,2.4724,2.7959,-0.5525,0.8049,3.3782,0.8164,0.8849,18.9839,-0.4727,3.0000,0.0000,0.0000,0,16.8908,993.1881,117.2560,555.2221,-437.9660,9.7316,-1.3050,1000.0000,125.6826
70.976,1,0,learned,6.3482,107.1620,1.2559,-1.2546,2.4851,2.7839,-0.6003,0.7935,3.3782,0.9326,0.8849,18.9271,-0.4624,3.0000,0.0000,0.0000,0,16.8908,997.1758,178.0144,587.5951,-409.5807,9.8180,-0.8173,1000.0000,187.0151
71.026,1,0,learned,6.3482,107.1620,1.2335,-1.2546,2.4851,2.7839,-0.5875,0.7935,3.3782,0.9326,0.8849,18.9271,-0.4400,3.0000,0.0000,0.0000,0,16.8908,981.4467,173.2033,577.3250,-404.1217,9.7801,-0.8225,992.0493,182.1609
71.075,1,0,learned,6.2976,107.2929,1.2105,-1.1981,2.4913,2.7644,-0.6058,0.7813,3.3782,1.0545,0.8849,18.8644,-0.4292,3.0000,0.0000,0.0000,0,16.8908,991.6901,66.5207,529.1054,-462.5847,9.8758,-0.4378,1000.0000,75.9587
71.126,1,0,learned,6.2529,107.4181,1.1871,-1.1448,2.5148,2.7631,-0.5910,0.7702,3.3782,1.1684,0.8849,18.8026,-0.4169,3.0000,0.0000,0.0000,0,16.8908,993.1429,49.7133,521.4281,-471.7148,9.9024,-0.2959,1000.0000,59.3198
71.179,1,0,learned,6.2090,107.5533,1.1632,-1.0848,2.5320,2.7546,-0.6202,0.7584,3.3782,1.2881,0.8849,18.7338,-0.4048,3.0000,0.0000,0.0000,0,16.8908,997.7855,120.4301,559.1078,-438.6777,9.9756,0.0850,1000.0000,130.4907
71.226,1,0,learned,6.1710,107.6831,1.1389,-1.0262,2.5663,2.7639,-0.6128,0.7478,3.3782,1.3997,0.8849,18.6657,-0.3911,3.0000,0.0000,0.0000,0,16.8908,990.3848,224.7591,607.5719,-382.8129,9.9687,0.2282,1000.0000,234.9559
71.276,1,0,learned,6.1710,107.6831,1.1203,-1.0262,2.5663,2.7639,-0.6250,0.7478,3.3782,1.3997,0.8849,18.6657,-0.3725,3.0000,0.0000,0.0000,0,16.8908,997.2830,210.3385,603.8108,-393.4723,9.9278,0.3548,1000.0000,220.6211
71.325,1,0,learned,6.1343,107.8230,1.0890,-0.9619,2.5910,2.7638,-0.6262,0.7365,3.3782,1.5167,0.8849,18.5900,-0.3526,3.0000,0.0000,0.0000,0,16.8908,995.7770,100.3915,548.0842,-447.6928,9.9131,0.6416,1000.0000,110.9462
71.375,1,0,learned,6.1035,107.9569,1.0635,-0.8977,2.6308,2.7798,-0.6623,0.7264,3.3782,1.6253,0.8849,18.5154,-0.3371,3.0000,0.0000,0.0000,0,16.8908,997.3835,8.2132,502.7984,-494.5851,9.8151,1.0821,1000.0000,19.1105
71.426,1,0,learned,6.0757,108.1014,1.0378,-0.8253,2.6606,2.7856,-0.6350,0.7157,3.3782,1.7384,0.8849,18.4319,-0.3221,3.0000,0.0000,0.0000,0,16.8908,997.4266,118.2132,557.8199,-439.6067,9.8326,1.1179,1000.0000,129.1637
71.475,1,0,learned,6.0539,108.2395,1.0119,-0.7512,2.7037,2.8061,-0.6725,0.7063,3.3782,1.8427,0.8849,18.3495,-0.3056,3.0000,0.0000,0.0000,0,16.8908,992.1904,222.4425,607.3165,-384.8739,9.7480,1.5112,1000.0000,233.7017
71.525,1,0,learned,6.0539,108.2395,0.9922,-0.7512,2.7037,2.8061,-0.6583,0.7063,3.3782,1.8427,0.8849,18.3495,-0.2859,3.0000,0.0000,0.0000,0,16.8908,988.5477,201.8524,595.2001,-393.3476,9.7125,1.4917,996.7685,213.0567
71.576,1,0,learned,6.0350,108.3871,0.9593,-0.6734,2.7305,2.8123,-0.6867,0.6962,3.3782,1.9508,0.8849,18.2590,-0.2631,3.0000,0.0000,0.0000,0,16.8908,974.0151,311.8497,642.9324,-331.0827,9.6966,1.8704,981.8414,323.4167
71.625,1,0,learned,6.0213,108.5269,0.9327,-0.5959,2.7672,2.8307,-0.6660,0.6874,3.3782,2.0500,0.8849,18.1709,-0.2453,3.0000,0.0000,0.0000,0,16.8908,992.9802,294.2147,643.5974,-349.3827,9.6142,1.9553,1000.0000,305.7841
71.676,1,0,learned,6.0116,108.6762,0.9059,-0.5141,2.7877,2.8347,-0.6850,0.6780,3.3782,2.1520,0.8849,18.0742,-0.2279,3.0000,0.0000,0.0000,0,16.8908,997.5721,207.2342,602.4031,-395.1689,9.5879,2.2894,1000.0000,219.1115
71.725,1,0,learned,6.0069,108.8173,0.8790,-0.4309,2.8184,2.8512,-0.6518,0.6698,3.3782,2.2451,0.8849,17.9800,-0.2093,3.0000,0.0000,0.0000,0,16.8908,994.4721,124.7033,559.5877,-434.8844,9.5106,2.3086,1000.0000,136.5225
71.775,1,0,learned,6.0069,108.8173,0.8523,-0.4309,2.8184,2.8512,-0.6660,0.6698,3.3782,2.2451,0.8849,17.9800,-0.1825,3.0000,0.0000,0.0000,0,16.8908,985.1858,145.5238,565.3548,-419.8310,9.4617,2.4650,992.1826,157.4505
71.825,1,0,learned,6.0070,108.9676,0.8189,-0.3442,2.8328,2.8536,-0.6683,0.6610,3.3782,2.3402,0.8849,17.8768,-0.1578,3.0000,0.0000,0.0000,0,16.8908,998.1546,200.9174,599.5360,-398.6186,9.4623,2.6899,1000.0000,213.0695
71.875,1,0,learned,6.0115,109.1094,0.7923,-0.2569,2.8571,2.8686,-0.6382,0.6536,3.3782,2.4266,0.8849,17.7768,-0.1387,3.0000,0.0000,0.0000,0,16.8908,997.9944,295.6846,646.8395,-351.1549,9.4220,2.6981,1000.0000,307.8046
71.926,1,0,learned,6.0204,109.2597,0.7724,-0.1711,2.8636,2.8687,-0.6470,0.6455,3.3782,2.5148,0.8849,17.6684,-0.1269,3.0000,0.0000,0.0000,0,16.8908,990.8271,285.4382,638.1327,-352.6944,9.4488,2.9319,997.3440,297.8190
71.975,1,0,learned,6.0326,109.4010,0.7457,-0.0859,2.8797,2.8810,-0.6810,0.6386,3.3782,2.5949,0.8849,17.5641,-0.1071,3.0000,0.0000,0.0000,0,16.8908,995.2526,374.5834,684.9180,-310.3346,9.4008,3.3041,1000.0000,387.2883
72.025,1,0,learned,6.0326,109.4010,0.7255,-0.0859,2.8797,2.8810,-0.6555,0.6386,3.3782,2.5949,0.8849,17.5641,-0.0870,3.0000,0.0000,0.0000,0,16.8908,994.0037,474.2355,734.1196,-259.8841,9.3871,3.2126,1000.0000,486.8353
72.076,1,0,learned,6.0505,109.5508,0.6988,-0.0001,2.8798,2.8798,-0.6448,0.6311,3.3782,2.6759,0.8849,17.4506,-0.0677,3.0000,0.0000,0.0000,0,16.8908,995.4403,493.3276,744.3839,-251.0564,9.4194,3.3512,1000.0000,506.0982
72.126,1,0,learned,6.0721,109.6918,0.6789,0.0901,2.8915,2.8929,-0.6783,0.6250,3.3782,2.7485,0.8849,17.3405,-0.0539,3.0000,0.0000,0.0000,0,16.8908,992.5443,471.1194,731.8318,-260.7125,9.3648,3.7029,998.2062,484.1871
72.175,1,0,learned,6.0721,109.6918,0.6525,0.0901,2.8915,2.8929,-0.6192,0.6250,3.3782,2.7485,0.8849,17.3405,-0.0274,3.0000,0.0000,0.0000,0,16.8908,998.5462,451.7983,725.1723,-273.3740,9.3354,3.4494,1000.0000,464.5830
72.225,1,0,learned,6.1012,109.8414,0.6198,0.1840,2.8885,2.8944,-0.6442,0.6186,3.3782,2.8208,0.8849,17.2197,-0.0012,3.0000,0.0000,0.0000,0,16.8908,997.5232,379.0708,688.2970,-309.2262,9.3217,3.7942,1000.0000,392.1867
72.275,1,0,learned,6.1347,109.9824,0.6069,0.2867,2.8982,2.9123,-0.6372,0.6136,3.3782,2.8841,0.8849,17.1018,0.0067,3.0000,0.0000,0.0000,0,16.8908,989.5557,488.1025,738.8291,-250.7266,9.2865,3.8845,994.9576,501.2736
72.325,1,0,learned,6.1769,110.1317,0.5752,0.3916,2.8928,2.9192,-0.6200,0.6083,3.3782,2.9461,0.8849,16.9722,0.0331,3.0000,0.0000,0.0000,0,16.8908,998.6979,499.3859,749.0419,-249.6560,9.2731,3.9768,1000.0000,512.6358
72.376,1,0,learned,6.1769,110.1317,0.5627,0.3916,2.8928,2.9192,-0.5865,0.6083,3.3782,2.9461,0.8849,16.9722,0.0456,3.0000,0.0000,0.0000,0,16.8908,994.5493,436.6029,715.5761,-278.9732,9.2570,3.8250,999.9813,449.6849
72.425,1,0,learned,6.1769,110.1317,0.5564,0.3916,2.8928,2.9192,-0.6252,0.6083,3.3782,2.9461,0.8849,16.9722,0.0519,3.0000,0.0000,0.0000,0,16.8908,999.5235,546.5006,773.0121,-226.5114,9.2438,4.0603,1000.0000,559.8047
72.476,1,0,learned,6.2224,110.2719,0.5502,0.5029,2.8985,2.9418,-0.5847,0.6044,3.3782,2.9997,0.8849,16.8465,0.0541,3.0000,0.0000,0.0000,0,16.8908,996.3753,656.4954,826.4353,-169.9399,9.2070,3.9446,1000.0000,669.6470
72.526,1,0,learned,6.2224,110.2719,0.5256,0.5029,2.8985,2.9418,-0.6120,0.6044,3.3782,2.9997,0.8849,16.8465,0.0788,3.0000,0.0000,0.0000,0,16.8908,997.1788,681.6153,839.3971,-157.7817,9.1569,4.1667,1000.0000,694.9390
72.576,1,0,learned,6.2769,110.4199,0.5012,0.6121,2.8881,2.9523,-0.5843,0.6002,3.3782,3.0512,0.8849,16.7091,0.0990,3.0000,0.0000,0.0000,0,16.8908,994.2686,701.5052,847.8869,-146.3817,9.1455,4.1775,999.2366,714.8282
72.626,1,0,learned,6.3344,110.5586,0.4892,0.7290,2.8884,2.9790,-0.5958,0.5974,3.3782,3.0946,0.8849,16.5759,0.1083,3.0000,0.0000,0.0000,0,16.8908,988.9312,620.0973,804.5143,-184.4170,9.0429,4.3559,993.6182,633.4962
72.676,1,0,learned,6.3344,110.5586,0.4654,0.7290,2.8884,2.9790,-0.5585,0.5974,3.3782,3.0946,0.8849,16.5759,0.1320,3.0000,0.0000,0.0000,0,16.8908,995.4086,698.5632,846.9859,-148.4227,9.0226,4.2220,1000.0000,711.8078
72.725,1,0,learned,6.4025,110.7047,0.4364,0.8452,2.8725,2.9942,-0.5378,0.5945,3.3782,3.1344,0.8849,16.4300,0.1581,3.0000,0.0000,0.0000,0,16.8908,989.2269,749.5577,869.3923,-119.8346,8.9813,4.2807,993.9275,762.8197
72.775,1,0,learned,6.4732,110.8411,0.4196,0.9708,2.8665,3.0264,-0.5278,0.5930,3.3782,3.1661,0.8849,16.2886,0.1734,3.0000,0.0000,0.0000,0,16.8908,985.4668,731.8527,858.6597,-126.8070,8.8579,4.3536,989.9710,745.0642
72.825,1,0,learned,6.5548,110.9841,0.3975,1.0907,2.8433,3.0453,-0.5122,0.5914,3.3782,3.1935,0.8849,16.1347,0.1939,3.0000,0.0000,0.0000,0,16.8908,996.8000,752.3352,874.5676,-122.2324,8.8041,4.4163,1000.0000,765.5556
72.875,1,0,learned,6.6376,111.1171,0.3760,1.2172,2.8287,3.0795,-0.4998,0.5910,3.3782,3.2137,0.8849,15.9866,0.2149,3.0000,0.0000,0.0000,0,16.8908,990.9658,811.7813,901.3735,-89.5923,8.6691,4.4957,995.1393,824.9461
72.926,1,0,learned,6.6376,111.1171,0.3602,1.2172,2.8287,3.0795,-0.4647,0.5910,3.3782,3.2137,0.8849,15.9866,0.2307,3.0000,0.0000,0.0000,0,16.8908,993.8786,812.5637,903.2211,-90.6575,8.6577,4.3454,998.1909,825.5668
72.975,1,0,learned,6.7314,111.2559,0.3348,1.3347,2.7967,3.0988,-0.4465,0.5904,3.3782,3.2290,0.8849,15.8263,0.2556,3.0000,0.0000,0.0000,0,16.8908,997.2511,855.2984,926.2747,-70.9764,8.6001,4.4019,1000.0000,868.3003
73.025,1,0,learned,6.8251,111.3844,0.3248,1.4581,2.7727,3.1327,-0.4500,0.5910,3.3782,3.2379,0.8849,15.6728,0.2662,3.0000,0.0000,0.0000,0,16.8908,995.9629,851.8688,923.9159,-72.0470,8.4751,4.5304,999.9076,864.8743
73.076,1,0,learned,6.8251,111.3844,0.3053,1.4581,2.7727,3.1327,-0.4530,0.5910,3.3782,3.2379,0.8849,15.6728,0.2857,3.0000,0.0000,0.0000,0,16.8908,995.8935,792.2815,894.0875,-101.8060,8.4414,4.5993,999.7356,805.3222
73.126,1,0,learned,6.9301,111.5179,0.2864,1.5703,2.7319,3.1510,-0.4173,0.5914,3.3782,3.2412,0.8849,15.5073,0.3050,3.0000,0.0000,0.0000,0,16.8908,993.6113,832.2588,912.9350,-80.6763,8.4082,4.5314,997.4880,845.1984
73.175,1,0,learned,7.0340,111.6412,0.2726,1.6892,2.6992,3.1842,-0.4223,0.5929,3.3782,3.2389,0.8849,15.3492,0.3203,3.0000,0.0000,0.0000,0,16.8908,985.4176,892.5846,939.0011,-46.4165,8.2801,4.6846,989.0131,905.5492
73.227,1,0,learned,7.1493,111.7690,0.2504,1.7947,2.6510,3.2013,-0.3995,0.5942,3.3782,3.2307,0.8849,15.1794,0.3439,3.0000,0.0000,0.0000,0,16.8908,990.6512,937.2654,963.9583,-26.6929,8.2371,4.6948,994.1936,950.1973
73.275,1,0,learned,7.2620,111.8868,0.2331,1.9056,2.6113,3.2326,-0.4042,0.5965,3.3782,3.2180,0.8849,15.0180,0.3634,3.0000,0.0000,0.0000,0,16.8908,994.6986,969.2037,981.9512,-12.7475,8.1063,4.8510,997.9539,982.1610
73.326,1,0,learned,7.2620,111.8868,0.2247,1.9056,2.6113,3.2326,-0.3847,0.5965,3.3782,3.2180,0.8849,15.0180,0.3718,3.0000,0.0000,0.0000,0,16.8908,996.2348,980.3690,988.3019,-7.9329,8.1021,4.7682,999.5687,993.2394
73.375,1,0,learned,7.3862,112.0085,0.2042,2.0021,2.5573,3.2478,-0.3638,0.5987,3.3782,3.1990,0.8849,14.8450,0.3945,3.0000,0.0000,0.0000,0,16.8908,989.4298,978.6154,984.0226,-5.4072,8.0729,4.7680,992.7347,991.4563
73.426,1,0,learned,7.5075,112.1203,0.1923,2.1071,2.5117,3.2785,-0.3480,0.6018,3.3782,3.1760,0.8849,14.6806,0.4094,3.0000,0.0000,0.0000,0,16.8908,970.8544,966.5072,968.6808,-2.1736,7.9668,4.7763,974.0448,979.2503
73.475,1,0,learned,7.5075,112.1203,0.1771,2.1071,2.5117,3.2785,-0.3593,0.6018,3.3782,3.1760,0.8849,14.6806,0.4247,3.0000,0.0000,0.0000,0,16.8908,984.4550,987.6189,986.0369,1.5819,7.9335,4.8972,987.4913,1000.0000
73.525,1,0,learned,7.6408,112.2356,0.1624,2.1984,2.4528,3.2938,-0.3020,0.6049,3.3782,3.1459,0.8849,14.5045,0.4425,3.0000,0.0000,0.0000,0,16.8908,961.5882,971.9686,966.7784,5.1902,7.9328,4.6545,964.8664,984.5558
73.575,1,0,learned,7.7704,112.3412,0.1517,2.2988,2.4022,3.3249,-0.3010,0.6088,3.3782,3.1124,0.8849,14.3374,0.4571,3.0000,0.0000,0.0000,0,16.8908,980.5977,970.2977,975.4477,-5.1500,7.8042,4.7452,983.6567,982.8471
73.626,1,0,learned,7.9119,112.4497,0.1381,2.3830,2.3392,3.3393,-0.3297,0.6128,3.3782,3.0717,0.8849,14.1591,0.4747,3.0000,0.0000,0.0000,0,16.8908,976.3290,968.9662,972.6476,-3.6814,7.7550,4.9950,979.0890,981.7162
73.676,1,0,learned,8.0485,112.5488,0.1219,2.4757,2.2842,3.3685,-0.2958,0.6174,3.3782,3.0288,0.8849,13.9904,0.4955,3.0000,0.0000,0.0000,0,16.8908,979.3570,979.1358,979.2464,-0.1106,7.6431,4.9044,982.0957,991.6833
73.725,1,0,learned,8.0485,112.5488,0.1126,2.4757,2.2842,3.3685,-0.2913,0.6174,3.3782,3.0288,0.8849,13.9904,0.5048,3.0000,0.0000,0.0000,0,16.8908,975.3034,981.2551,978.2793,2.9759,7.6332,4.9118,978.0249,993.8002
73.775,1,0,learned,8.1967,112.6504,0.0977,2.5505,2.2181,3.3800,-0.2928,0.6220,3.3782,2.9784,0.8849,13.8112,0.5243,3.0000,0.0000,0.0000,0,16.8908,939.3346,985.5983,962.4664,23.1318,7.6161,4.9922,941.9585,998.2066
73.825,1,0,learned,8.3390,112.7430,0.0892,2.6335,2.1601,3.4061,-0.2760,0.6272,3.3782,2.9269,0.8849,13.6421,0.5381,3.0000,0.0000,0.0000,0,16.8908,979.4376,989.6908,984.5642,5.1266,7.5079,4.9690,981.9765,1000.0000
73.876,1,0,learned,8.4927,112.8377,0.0755,2.6979,2.0924,3.4142,-0.2657,0.6325,3.3782,2.8680,0.8849,13.4628,0.5570,3.0000,0.0000,0.0000,0,16.8908,871.3223,992.9049,932.1136,60.7913,7.5353,4.9526,873.9049,1000.0000
73.925,1,0,learned,8.6397,112.9238,0.0650,2.7708,2.0328,3.4365,-0.2205,0.6382,3.3782,2.8088,0.8849,13.2941,0.5731,3.0000,0.0000,0.0000,0,16.8908,812.0379,985.8835,898.9607,86.9228,7.4882,4.7381,814.7879,998.1097
73.975,1,0,learned,8.6397,112.9238,0.0550,2.7708,2.0328,3.4365,-0.2310,0.6382,3.3782,2.8088,0.8849,13.2941,0.5832,3.0000,0.0000,0.0000,0,16.8908,762.7805,967.8200,865.3002,102.5197,7.4855,4.8331,765.4329,980.1385
74.025,1,0,learned,8.7977,113.0118,0.0431,2.8242,1.9647,3.4404,-0.2117,0.6439,3.3782,2.7423,0.8849,13.1157,0.6008,3.0000,0.0000,0.0000,0,16.8908,743.8838,992.5931,868.2385,124.3547,7.5136,4.7510,746.6465,1000.0000
74.075,1,0,learned,8.9479,113.0917,0.0363,2.8854,1.9044,3.4572,-0.1920,0.6500,3.3782,2.6766,0.8849,12.9486,0.6136,3.0000,0.0000,0.0000,0,16.8908,842.2484,993.1810,917.7147,75.4663,7.4371,4.6779,845.0076,1000.0000
74.126,1,0,learned,9.1080,113.1728,0.0257,2.9240,1.8357,3.4525,-0.1960,0.6560,3.3782,2.6041,0.8849,12.7730,0.6302,3.0000,0.0000,0.0000,0,16.8908,877.5969,979.8933,928.7451,51.1482,7.4895,4.7102,880.3761,992.0930
74.175,1,0,learned,9.2589,113.2461,0.0199,2.9682,1.7739,3.4579,-0.1573,0.6621,3.3782,2.5337,0.8849,12.6096,0.6422,3.0000,0.0000,0.0000,0,16.8908,767.6203,976.6578,872.1390,104.5188,7.5511,4.4587,770.7126,988.6676
74.225,1,0,learned,9.2589,113.2461,0.0127,2.9682,1.7739,3.4579,-0.1310,0.6621,3.3782,2.5337,0.8849,12.6096,0.6495,3.0000,0.0000,0.0000,0,16.8908,657.6203,990.9808,824.3006,166.6803,7.5885,4.3115,660.8972,1000.0000
74.276,1,0,learned,9.5709,113.3875,0.0044,3.0246,1.6434,3.4422,-0.1133,0.6746,3.3782,2.3819,0.8849,12.2787,0.6702,3.0000,0.0000,0.0000,0,16.8908,549.9915,986.6686,768.3300,218.3385,7.8000,4.1051,553.6863,998.5736
74.325,1,0,learned,9.5709,113.3875,-0.0016,3.0246,1.6434,3.4422,-0.1115,0.6746,3.3782,2.3819,0.8849,12.2787,0.6762,3.0000,0.0000,0.0000,0,16.8908,557.0560,992.0646,774.5603,217.5043,7.7908,4.1206,560.7262,1000.0000
74.375,1,0,learned,9.7318,113.4555,-0.0083,3.0386,1.5763,3.4231,-0.1118,0.6811,3.3782,2.3005,0.8849,12.1114,0.6894,3.0000,0.0000,0.0000,0,16.8908,581.6603,983.1515,782.4059,200.7456,7.9336,4.0617,585.5322,995.1468
74.425,1,0,learned,9.8828,113.5165,-0.0107,3.0600,1.5154,3.4147,-0.0605,0.6876,3.3782,2.2223,0.8849,11.9563,0.6983,3.0000,0.0000,0.0000,0,16.8908,485.1083,994.4912,739.7997,254.6914,8.0750,3.6629,489.5205,1000.0000
74.475,1,0,learned,10.0417,113.5779,-0.0158,3.0591,1.4483,3.3846,-0.0505,0.6942,3.3782,2.1382,0.8849,11.7953,0.7100,3.0000,0.0000,0.0000,0,16.8908,435.2863,979.0825,707.1844,271.8981,8.3095,3.4867,440.1090,990.8787
74.531,1,0,learned,10.1903,113.6327,-0.0195,3.0664,1.3872,3.3656,-0.0090,0.7007,3.3782,2.0580,0.8849,11.6466,0.7202,3.0000,0.0000,0.0000,0,16.8908,410.8210,987.2227,699.0219,288.2009,8.4812,3.1302,416.1720,998.8341
74.576,1,0,learned,10.1903,113.6327,-0.0211,3.0664,1.3872,3.3656,0.0140,0.7007,3.3782,2.0580,0.8849,11.6466,0.7218,3.0000,0.0000,0.0000,0,16.8908,381.9183,988.2356,685.0770,303.1587,8.5010,2.9827,387.4365,999.7193
74.625,1,0,learned,10.3466,113.6877,-0.0223,3.0543,1.3212,3.3277,0.0145,0.7074,3.3782,1.9718,0.8849,11.4922,0.7297,3.0000,0.0000,0.0000,0,16.8908,312.3724,982.5305,647.4514,335.0791,8.7788,2.8229,318.3282,994.1323
74.676,1,0,learned,10.4923,113.7366,-0.0224,3.0507,1.2607,3.3009,0.0580,0.7140,3.3782,1.8900,0.8849,11.3501,0.7364,3.0000,0.0000,0.0000,0,16.8908,284.9878,976.5980,630.7929,345.8051,8.9991,2.4073,291.5795,988.0044
74.726,1,0,learned,10.6451,113.7854,-0.0213,3.0284,1.1962,3.2561,0.1145,0.7207,3.3782,1.8027,0.8849,11.2030,0.7420,3.0000,0.0000,0.0000,0,16.8908,197.7087,984.7119,591.2103,393.5016,9.3477,1.8433,205.2132,995.9029
74.776,1,0,learned,10.7875,113.8286,-0.0191,3.0159,1.1369,3.2231,0.1225,0.7274,3.3782,1.7199,0.8849,11.0679,0.7465,3.0000,0.0000,0.0000,0,16.8908,290.3254,984.6891,637.5072,347.1818,9.5467,1.6526,298.2195,995.8884
74.826,1,0,learned,10.7875,113.8286,-0.0156,3.0159,1.1369,3.2231,0.1638,0.7274,3.3782,1.7199,0.8849,11.0679,0.7431,3.0000,0.0000,0.0000,0,16.8908,247.4829,986.9255,617.2042,369.7213,9.5835,1.3559,255.7105,997.8649
74.876,1,0,learned,10.9364,113.8714,-0.0110,2.9853,1.0743,3.1727,0.1755,0.7343,3.3782,1.6318,0.8849,10.9285,0.7454,3.0000,0.0000,0.0000,0,16.8908,301.7515,994.1606,647.9560,346.2046,9.8967,1.0828,310.5654,1000.0000
74.925,1,0,learned,11.0746,113.9091,-0.0051,2.9640,1.0163,3.1334,0.2278,0.7411,3.3782,1.5487,0.8849,10.8010,0.7463,3.0000,0.0000,0.0000,0,16.8908,211.0950,988.8674,599.9812,388.8862,10.2016,0.5315,220.7651,999.6005
74.975,1,0,learned,11.2191,113.9462,0.0039,2.9272,0.9560,3.0793,0.2533,0.7482,3.3782,1.4604,0.8849,10.6695,0.7443,3.0000,0.0000,0.0000,0,16.8908,220.1323,981.0583,600.5953,380.4630,10.5527,0.1303,230.5546,991.7413
75.025,1,0,learned,11.3537,113.9789,0.0102,2.9025,0.9010,3.0392,0.2645,0.7552,3.3782,1.3769,0.8849,10.5487,0.7450,3.0000,0.0000,0.0000,0,16.8908,229.1853,993.6669,611.4261,382.2408,10.8062,-0.1308,240.1223,1000.0000
75.075,1,0,learned,11.4948,114.0112,0.0221,2.8649,0.8450,2.9869,0.3085,0.7626,3.3782,1.2882,0.8849,10.4240,0.7405,3.0000,0.0000,0.0000,0,16.8908,163.5169,996.3775,579.9472,416.4303,11.1680,-0.6794,175.3642,1000.0000
75.125,1,0,learned,11.6263,114.0396,0.0356,2.8397,0.7942,2.9487,0.3503,0.7698,3.3782,1.2044,0.8849,10.3095,0.7342,3.0000,0.0000,0.0000,0,16.8908,73.0530,991.3845,532.2187,459.1658,11.4500,-1.1971,85.7001,1000.0000
75.176,1,0,learned,11.6263,114.0396,0.0445,2.8397,0.7942,2.9487,0.3688,0.7698,3.3782,1.2044,0.8849,10.3095,0.7253,3.0000,0.0000,0.0000,0,16.8908,73.1163,993.7919,533.4541,460.3378,11.4664,-1.3591,85.9417,1000.0000
75.225,1,0,learned,11.7643,114.0676,0.0605,2.8026,0.7432,2.8995,0.3675,0.7775,3.3782,1.1154,0.8849,10.1910,0.7170,3.0000,0.0000,0.0000,0,16.8908,146.9781,981.5030,564.2406,417.2624,11.7525,-1.5864,160.3171,991.6691
75.276,1,0,learned,11.8931,114.0923,0.0744,2.7787,0.6972,2.8648,0.4205,0.7850,3.3782,1.0313,0.8849,10.0820,0.7106,3.0000,0.0000,0.0000,0,16.8908,203.8490,979.5876,591.7183,387.8693,11.9743,-2.1435,217.9667,989.4184
75.326,1,0,learned,12.0281,114.1164,0.0933,2.7421,0.6508,2.8183,0.4265,0.7930,3.3782,0.9422,0.8849,9.9695,0.6997,3.0000,0.0000,0.0000,0,16.8908,170.1354,989.7162,579.9258,409.7904,12.2695,-2.4483,184.8532,999.5373
75.376,1,0,learned,12.1540,114.1376,0.1095,2.7182,0.6086,2.7855,0.4268,0.8007,3.3782,0.8581,0.8849,9.8662,0.6913,3.0000,0.0000,0.0000,0,16.8908,105.2999,989.2326,547.2662,441.9663,12.4870,-2.6866,120.4736,999.0330
75.425,1,0,learned,12.2866,114.1585,0.1265,2.6848,0.5676,2.7442,0.4665,0.8090,3.3782,0.7688,0.8849,9.7589,0.6825,3.0000,0.0000,0.0000,0,16.8908,30.6492,982.5548,506.6020,475.9528,12.7665,-3.2128,46.6286,992.1086
75.476,1,0,learned,12.4113,114.1772,0.1488,2.6672,0.5320,2.7197,0.4938,0.8171,3.3782,0.6842,0.8849,9.6594,0.6682,3.0000,0.0000,0.0000,0,16.8908,56.5369,990.8131,523.6750,467.1381,12.9269,-3.6290,73.0929,1000.0000
75.526,1,0,learned,12.4113,114.1772,0.1628,2.6672,0.5320,2.7197,0.5188,0.8171,3.3782,0.6842,0.8849,9.6594,0.6542,3.0000,0.0000,0.0000,0,16.8908,98.2432,991.3264,544.7848,446.5416,12.9388,-3.8430,115.0250,1000.0000
75.575,1,0,learned,12.5430,114.1959,0.1869,2.6403,0.4975,2.6868,0.5378,0.8257,3.3782,0.5941,0.8849,9.5558,0.6388,3.0000,0.0000,0.0000,0,16.8908,43.5995,990.2043,516.9019,473.3024,13.1621,-4.2462,61.0078,999.1202
75.625,1,0,learned,12.6664,114.2124,0.2069,2.6263,0.4667,2.6675,0.5583,0.8340,3.3782,0.5090,0.8849,9.4601,0.6271,3.0000,0.0000,0.0000,0,16.8908,-21.4953,978.8086,478.6566,500.1520,13.3072,-4.6259,-3.5622,987.4899
75.675,1,0,learned,12.7966,114.2289,0.2225,2.6020,0.4368,2.6384,0.5585,0.8428,3.3782,0.4187,0.8849,9.3605,0.6203,3.0000,0.0000,0.0000,0,16.8908,85.8130,976.4087,531.1109,445.2979,13.4531,-4.8299,104.0960,985.0320
75.725,1,0,learned,12.9190,114.2437,0.2491,2.5917,0.4112,2.6241,0.5645,0.8513,3.3782,0.3334,0.8849,9.2681,0.6022,3.0000,0.0000,0.0000,0,16.8908,174.8171,989.9805,582.3988,407.5817,13.5355,-5.1032,193.4559,998.4129
75.777,1,0,learned,12.9190,114.2437,0.2656,2.5917,0.4112,2.6241,0.5985,0.8513,3.3782,0.3334,0.8849,9.2681,0.5857,3.0000,0.0000,0.0000,0,16.8908,129.8419,994.5169,562.1794,432.3375,13.5716,-5.4043,148.8177,1000.0000
75.826,1,0,learned,13.0483,114.2585,0.2938,2.5706,0.3858,2.5994,0.5975,0.8604,3.3782,0.2427,0.8849,9.1720,0.5666,3.0000,0.0000,0.0000,0,16.8908,121.8313,983.4794,552.6554,430.8240,13.7296,-5.6732,141.2342,991.5358
75.876,1,0,learned,13.1699,114.2722,0.3169,2.5631,0.3655,2.5890,0.6058,0.8690,3.3782,0.1572,0.8849,9.0826,0.5521,3.0000,0.0000,0.0000,0,16.8908,86.2633,973.5173,529.8903,443.6270,13.8153,-5.9736,106.0522,981.3590
75.926,1,0,learned,13.2992,114.2867,0.3345,2.5477,0.3483,2.5714,0.6120,0.8781,3.3782,0.0664,0.8849,8.9883,0.5436,3.0000,0.0000,0.0000,0,16.8908,71.3224,985.4937,528.4081,457.0856,13.9277,-6.2510,91.5011,993.1703
75.975,1,0,learned,13.4214,114.3005,0.3582,2.5472,0.3360,2.5692,0.6088,0.8868,3.3782,-0.0194,0.8849,8.9000,0.5286,3.0000,0.0000,0.0000,0,16.8908,126.4780,988.3022,557.3901,430.9121,13.9478,-6.4588,146.8846,995.7911
76.026,1,0,learned,13.4214,114.3005,0.3822,2.5472,0.3360,2.5692,0.6242,0.8868,3.3782,-0.0194,0.8849,8.9000,0.5046,3.0000,0.0000,0.0000,0,16.8908,162.7412,986.6407,574.6910,411.9498,13.9680,-6.6444,183.3537,993.9643
76.076,1,0,learned,13.5512,114.3151,0.4126,2.5370,0.3252,2.5578,0.6308,0.8961,3.3782,-0.1106,0.8849,8.8072,0.4835,3.0000,0.0000,0.0000,0,16.8908,126.0188,952.4949,539.2568,413.2381,14.0660,-6.9682,147.0530,959.5927
76.126,1,0,learned,13.6737,114.3290,0.4435,2.5403,0.3181,2.5601,0.6318,0.9048,3.3782,-0.1966,0.8849,8.7203,0.4614,3.0000,0.0000,0.0000,0,16.8908,157.1441,976.4257,566.7849,409.6408,14.0770,-7.2382,178.4593,983.2645
76.175,1,0,learned,13.8043,114.3443,0.4621,2.5344,0.3130,2.5536,0.6378,0.9141,3.3782,-0.2880,0.8849,8.6284,0.4521,3.0000,0.0000,0.0000,0,16.8908,206.1897,986.8116,596.5007,390.3110,14.1167,-7.5036,227.8100,993.4247
76.225,1,0,learned,13.8043,114.3443,0.4809,2.5344,0.3130,2.5536,0.6342,0.9141,3.3782,-0.2880,0.8849,8.6284,0.4333,3.0000,0.0000,0.0000,0,16.8908,166.2330,978.2065,572.2198,405.9867,14.1457,-7.5551,187.9338,984.7971
76.276,1,0,learned,13.9280,114.3593,0.4996,2.5429,0.3131,2.5621,0.6350,0.9229,3.3782,-0.3742,0.8849,8.5418,0.4232,3.0000,0.0000,0.0000,0,16.8908,187.0957,986.1692,586.6324,399.5367,14.1165,-7.7777,208.9898,992.5080
76.326,1,0,learned,14.0599,114.3764,0.5248,2.5418,0.3161,2.5613,0.6262,0.9321,3.3782,-0.4655,0.8849,8.4497,0.4073,3.0000,0.0000,0.0000,0,16.8908,194.0796,974.2556,584.1676,390.0880,14.1429,-7.9704,216.1929,980.4281
76.375,1,0,learned,14.1852,114.3938,0.5501,2.5553,0.3255,2.5760,0.6260,0.9407,3.3782,-0.5514,0.8849,8.3622,0.3906,3.0000,0.0000,0.0000,0,16.8908,149.1054,997.5955,573.3504,424.2450,14.1089,-8.2202,171.4346,1000.0000
76.426,1,0,learned,14.1852,114.3938,0.5691,2.5553,0.3255,2.5760,0.6398,0.9407,3.3782,-0.5514,0.8849,8.3622,0.3716,3.0000,0.0000,0.0000,0,16.8908,236.3231,990.2090,613.2661,376.9430,14.1115,-8.3646,258.7993,995.9559
76.476,1,0,learned,14.3190,114.4140,0.6006,2.5588,0.3381,2.5811,0.6315,0.9498,3.3782,-0.6421,0.8849,8.2686,0.3492,3.0000,0.0000,0.0000,0,16.8908,278.1189,983.9596,631.0393,352.9204,14.1115,-8.5741,300.8045,989.4971
76.525,1,0,learned,14.4458,114.4347,0.6133,2.5757,0.3569,2.6003,0.6390,0.9582,3.3782,-0.7271,0.8849,8.1796,0.3449,3.0000,0.0000,0.0000,0,16.8908,210.6149,986.3222,598.4686,387.8536,14.0527,-8.8206,233.4882,991.5543
76.575,1,0,learned,14.4458,114.4347,0.6386,2.5757,0.3569,2.6003,0.6218,0.9582,3.3782,-0.7271,0.8849,8.1796,0.3196,3.0000,0.0000,0.0000,0,16.8908,260.5853,992.5029,626.5441,365.9588,14.0654,-8.7913,283.4421,997.7770
76.625,1,0,learned,14.5813,114.4589,0.6703,2.5817,0.3785,2.6093,0.6272,0.9671,3.3782,-0.8167,0.8849,8.0841,0.2968,3.0000,0.0000,0.0000,0,16.8908,211.4017,982.0604,596.7311,385.3293,14.0763,-9.0906,234.5686,987.0461
76.676,1,0,learned,14.7100,114.4840,0.6891,2.6013,0.4075,2.6331,0.6370,0.9751,3.3782,-0.9003,0.8849,7.9926,0.2860,3.0000,0.0000,0.0000,0,16.8908,290.8218,991.5253,641.1735,350.3517,13.9729,-9.3492,314.1439,996.1490
76.726,1,0,learned,14.8473,114.5134,0.7206,2.6092,0.4389,2.6459,0.6242,0.9836,3.3782,-0.9880,0.8849,7.8942,0.2631,3.0000,0.0000,0.0000,0,16.8908,331.2679,997.6646,664.4663,333.1983,13.9452,-9.5123,354.7255,1000.0000
76.775,1,0,learned,14.9774,114.5435,0.7393,2.6296,0.4768,2.6724,0.6322,0.9913,3.3782,-1.0696,0.8849,7.8000,0.2520,3.0000,0.0000,0.0000,0,16.8908,418.0904,990.5592,704.3248,286.2344,13.8319,-9.7414,441.6636,994.6496
76.825,1,0,learned,14.9774,114.5435,0.7581,2.6296,0.4768,2.6724,0.6375,0.9913,3.3782,-1.0696,0.8849,7.8000,0.2332,3.0000,0.0000,0.0000,0,16.8908,412.2330,995.4757,703.8544,291.6213,13.8554,-9.8421,435.9305,999.4891
76.877,1,0,learned,15.1161,114.5785,0.7892,2.6371,0.5159,2.6870,0.6188,0.9995,3.3782,-1.1547,0.8849,7.6985,0.2103,3.0000,0.0000,0.0000,0,16.8908,469.7612,993.2145,731.4878,261.7266,13.8189,-9.9460,493.5262,997.0874
76.925,1,0,learned,15.2474,114.6145,0.8016,2.6568,0.5628,2.7158,0.6040,1.0067,3.3782,-1.2336,0.8849,7.6011,0.2051,3.0000,0.0000,0.0000,0,16.8908,367.7777,992.7950,680.2863,312.5087,13.7405,-9.9948,391.5129,996.5407
76.976,1,0,learned,15.2474,114.6145,0.8263,2.6568,0.5628,2.7158,0.6018,1.0067,3.3782,-1.2336,0.8849,7.6011,0.1804,3.0000,0.0000,0.0000,0,16.8908,435.1487,984.4866,709.8176,274.6690,13.7506,-10.0580,458.9573,988.1792
77.025,1,0,learned,15.3874,114.6566,0.8568,2.6638,0.6120,2.7332,0.6108,1.0144,3.3782,-1.3152,0.8849,7.4955,0.1576,3.0000,0.0000,0.0000,0,16.8908,523.4650,997.1039,760.2845,236.8195,13.7039,-10.3294,547.4982,1000.0000
77.075,1,0,learned,15.5198,114.7000,0.8748,2.6827,0.6706,2.7652,0.5685,1.0210,3.3782,-1.3902,0.8849,7.3936,0.1462,3.0000,0.0000,0.0000,0,16.8908,519.0503,975.7679,747.4091,228.3588,13.5963,-10.1797,542.8263,979.1846
77.125,1,0,learned,15.6605,114.7502,0.8927,2.6873,0.7295,2.7846,0.5800,1.0280,3.3782,-1.4673,0.8849,7.2831,0.1353,3.0000,0.0000,0.0000,0,16.8908,534.3102,986.0180,760.1641,225.8539,13.5545,-10.3995,558.2642,989.1729
77.175,1,0,learned,15.7932,114.8014,0.9221,2.7027,0.7968,2.8177,0.5677,1.0341,3.3782,-1.5375,0.8849,7.1767,0.1120,3.0000,0.0000,0.0000,0,16.8908,594.7776,996.5172,795.6474,200.8698,13.4491,-10.4782,618.7049,999.4882
77.225,1,0,learned,15.7932,114.8014,0.9395,2.7027,0.7968,2.8177,0.5565,1.0341,3.3782,-1.5375,0.8849,7.1767,0.0946,3.0000,0.0000,0.0000,0,16.8908,549.5521,996.5298,773.0410,223.4889,13.4788,-10.4595,573.4904,999.5491
77.275,1,0,learned,15.9339,114.8602,0.9624,2.7034,0.8639,2.8381,0.5535,1.0405,3.3782,-1.6091,0.8849,7.0612,0.0781,3.0000,0.0000,0.0000,0,16.8908,542.0051,990.2770,766.1411,224.1359,13.4493,-10.5609,566.0154,993.1655
77.325,1,0,learned,16.0664,114.9200,0.9792,2.7146,0.9400,2.8728,0.5175,1.0458,3.3782,-1.6738,0.8849,6.9499,0.0666,3.0000,0.0000,0.0000,0,16.8908,611.2535,988.5399,799.8967,188.6432,13.3258,-10.4097,634.9889,991.4561
77.375,1,0,learned,16.0664,114.9200,1.0013,2.7146,0.9400,2.8728,0.5463,1.0458,3.3782,-1.6738,0.8849,6.9499,0.0445,3.0000,0.0000,0.0000,0,16.8908,616.5890,994.4150,805.5020,188.9130,13.3525,-10.6735,640.6150,997.0939
77.425,1,0,learned,16.3382,115.0565,1.0338,2.7172,1.0962,2.9300,0.5285,1.0561,3.3782,-1.7976,0.8849,6.7126,0.0223,3.0000,0.0000,0.0000,0,16.8908,587.4319,995.2638,791.3479,203.9160,13.2212,-10.6721,611.3251,997.8130
77.476,1,0,learned,16.3382,115.0565,1.0445,2.7172,1.0962,2.9300,0.5168,1.0561,3.3782,-1.7976,0.8849,6.7126,0.0116,3.0000,0.0000,0.0000,0,16.8908,585.3751,988.9854,787.1802,201.8052,13.2316,-10.6269,609.2335,991.5901
77.526,1,0,learned,16.4771,115.1337,1.0655,2.7081,1.1739,2.9516,0.5068,1.0610,3.3782,-1.8563,0.8849,6.5867,-0.0045,3.0000,0.0000,0.0000,0,16.8908,679.7101,992.1158,835.9130,156.2028,13.1778,-10.6421,703.5300,994.6515
77.575,1,0,learned,16.6073,115.2108,1.0861,2.7087,1.2602,2.9875,0.5028,1.0649,3.3782,-1.9082,0.8849,6.4657,-0.0212,3.0000,0.0000,0.0000,0,16.8908,710.1344,980.3210,845.2277,135.0933,13.0791,-10.6430,733.8566,982.7570
77.626,1,0,learned,16.6073,115.2108,1.1064,2.7087,1.2602,2.9875,0.4820,1.0649,3.3782,-1.9082,0.8849,6.4657,-0.0415,3.0000,0.0000,0.0000,0,16.8908,726.3178,992.9647,859.6412,133.3234,13.0919,-10.5925,750.0022,995.4641
77.675,1,0,learned,16.8720,115.3822,1.1363,2.6876,1.4271,3.0430,0.4825,1.0724,3.3782,-2.0044,0.8849,6.2097,-0.0639,3.0000,0.0000,0.0000,0,16.8908,691.8395,986.7965,839.3180,147.4785,12.9844,-10.5849,715.4089,989.1960
77.726,1,0,learned,16.8720,115.3822,1.1460,2.6876,1.4271,3.0430,0.4805,1.0724,3.3782,-2.0044,0.8849,6.2097,-0.0736,3.0000,0.0000,0.0000,0,16.8908,662.6162,988.5739,825.5951,162.9789,13.0006,-10.6000,686.2168,990.9746
77.775,1,0,learned,17.0061,115.4774,1.1700,2.6658,1.5078,3.0626,0.4610,1.0758,3.3782,-2.0479,0.8849,6.0743,-0.0942,3.0000,0.0000,0.0000,0,16.8908,612.2304,990.7610,801.4957,189.2653,12.9974,-10.4848,635.7126,993.2736
77.825,1,0,learned,17.1309,115.5713,1.1840,2.6527,1.5975,3.0966,0.4567,1.0783,3.3782,-2.0850,0.8849,5.9446,-0.1057,3.0000,0.0000,0.0000,0,16.8908,713.1956,989.7274,851.4615,138.2659,12.8872,-10.4427,736.5255,992.1719
77.875,1,0,learned,17.2614,115.6751,1.2069,2.6240,1.6770,3.1141,0.4375,1.0810,3.3782,-2.1203,0.8849,5.8051,-0.1259,3.0000,0.0000,0.0000,0,16.8908,794.3589,993.4724,893.9157,99.5568,12.8623,-10.3467,817.5679,995.9881
77.926,1,0,learned,17.3825,115.7762,1.2292,2.6038,1.7627,3.1444,0.4468,1.0829,3.3782,-2.1500,0.8849,5.6723,-0.1463,3.0000,0.0000,0.0000,0,16.8908,805.9262,979.6531,892.7897,86.8635,12.7988,-10.3709,829.0959,982.0811
77.975,1,0,learned,17.3825,115.7762,1.2380,2.6038,1.7627,3.1444,0.4370,1.0829,3.3782,-2.1500,0.8849,5.6723,-0.1552,3.0000,0.0000,0.0000,0,16.8908,833.3345,995.9404,914.6375,81.3030,12.7981,-10.3654,856.4981,998.3731
78.025,1,0,learned,17.5088,115.8870,1.2641,2.5688,1.8366,3.1578,0.4140,1.0850,3.3782,-2.1775,0.8849,5.5301,-0.1791,3.0000,0.0000,0.0000,0,16.8908,789.5633,991.5218,890.5426,100.9792,12.8204,-10.2025,812.5862,994.1397
78.076,1,0,learned,17.6258,115.9952,1.2726,2.5425,1.9201,3.1861,0.4263,1.0861,3.3782,-2.1995,0.8849,5.3943,-0.1864,3.0000,0.0000,0.0000,0,16.8908,821.4347,989.6026,905.5187,84.0840,12.7468,-10.2015,844.3830,992.1480
78.126,1,0,learned,17.7475,116.1141,1.2934,2.5022,1.9932,3.1990,0.4080,1.0875,3.3782,-2.2184,0.8849,5.2483,-0.2059,3.0000,0.0000,0.0000,0,16.8908,869.6699,993.6098,931.6399,61.9700,12.7463,-10.0727,892.4890,996.2835
78.175,1,0,learned,17.8600,116.2296,1.3134,2.4704,2.0760,3.2269,0.3860,1.0879,3.3782,-2.2322,0.8849,5.1092,-0.2255,3.0000,0.0000,0.0000,0,16.8908,838.2476,990.5695,914.4086,76.1609,12.6904,-9.8595,860.7975,993.4004
78.225,1,0,learned,17.8600,116.2296,1.3252,2.4704,2.0760,3.2269,0.3690,1.0879,3.3782,-2.2322,0.8849,5.1092,-0.2373,3.0000,0.0000,0.0000,0,16.8908,842.5820,991.3272,916.9546,74.3726,12.6969,-9.7984,865.0773,994.2257
78.276,1,0,learned,17.9768,116.3558,1.3442,2.4255,2.1461,3.2387,0.3690,1.0885,3.3512,-2.2427,0.8849,4.9601,-0.2557,3.0000,0.0000,0.0000,0,16.8908,859.9730,994.4690,927.2210,67.2480,12.5026,-9.7758,882.2513,997.1958
78.325,1,0,learned,18.0845,116.4781,1.3590,2.3890,2.2265,3.2657,0.3505,1.0883,3.2553,-2.2485,0.8849,4.8182,-0.2707,3.0000,0.0000,0.0000,0,16.8908,855.4471,993.1801,924.3136,68.8665,11.7029,-9.6473,876.7973,995.2357
78.375,1,0,learned,18.1960,116.6113,1.3733,2.3401,2.2935,3.2767,0.3375,1.0882,3.1526,-2.2504,0.8849,4.6662,-0.2851,3.0000,0.0000,0.0000,0,16.8908,887.4488,977.3461,932.3974,44.9487,10.9059,-9.5914,907.9461,978.6606
78.425,1,0,learned,18.2986,116.7398,1.3873,2.2995,2.3702,3.3024,0.3292,1.0873,3.0551,-2.2484,0.8849,4.5218,-0.3000,3.0000,0.0000,0.0000,0,16.8908,936.8817,955.6350,946.2583,9.3766,10.0556,-9.5704,956.5077,956.1202
78.476,1,0,learned,18.2986,116.7398,1.4009,2.2995,2.3702,3.3024,0.3235,1.0873,3.0551,-2.2484,0.8849,4.5218,-0.3136,3.0000,0.0000,0.0000,0,16.8908,952.8478,930.2169,941.5324,-11.3155,10.0631,-9.5749,972.4858,930.7051
78.525,1,0,learned,18.4046,116.8792,1.4141,2.2473,2.4325,3.3117,0.3163,1.0865,2.9509,-2.2421,0.8849,4.3676,-0.3276,3.0000,0.0000,0.0000,0,16.8908,939.4568,984.8324,962.1446,22.6878,9.2264,-9.6566,958.3397,984.4022
78.576,1,0,learned,18.5018,117.0134,1.4269,2.2031,2.5048,3.3359,0.2908,1.0850,2.8521,-2.2325,0.8849,4.2214,-0.3419,3.0000,0.0000,0.0000,0,16.8908,950.9995,990.1584,970.5789,19.5795,8.3381,-9.5733,968.9109,988.9233
78.625,1,0,learned,18.6020,117.1586,1.4424,2.1477,2.5623,3.3433,0.2685,1.0836,2.7467,-2.2180,0.8849,4.0653,-0.3588,3.0000,0.0000,0.0000,0,16.8908,942.0098,983.7214,962.8656,20.8558,7.4750,-9.5489,959.0337,981.6475
78.675,1,0,learned,18.6935,117.2979,1.4513,2.0996,2.6302,3.3655,0.2620,1.0815,2.6469,-2.2006,0.8849,3.9177,-0.3698,3.0000,0.0000,0.0000,0,16.8908,895.8590,988.1252,941.9921,46.1331,6.5641,-9.5975,912.0207,985.0918
78.725,1,0,learned,18.6935,117.2979,1.4627,2.0996,2.6302,3.3655,0.2780,1.0815,2.6469,-2.2006,0.8849,3.9177,-0.3812,3.0000,0.0000,0.0000,0,16.8908,878.9394,905.6438,892.2916,13.3522,6.5864,-9.6976,895.2233,902.5325
78.776,1,0,learned,18.7876,117.4483,1.4737,2.0416,2.6828,3.3713,0.2642,1.0794,2.5405,-2.1781,0.8849,3.7603,-0.3943,3.0000,0.0000,0.0000,0,16.8908,896.7775,837.1488,866.9632,-29.8143,5.7004,-9.7300,912.2079,833.1192
78.826,1,0,learned,18.8736,117.5923,1.4817,1.9915,2.7462,3.3923,0.2425,1.0767,2.4401,-2.1535,0.8849,3.6116,-0.4050,3.0000,0.0000,0.0000,0,16.8908,880.9354,812.7922,846.8638,-34.0716,4.7589,-9.7109,895.4052,807.8402
78.875,1,0,learned,18.9619,117.7468,1.4945,1.9327,2.7914,3.3952,0.2345,1.0740,2.3336,-2.1239,0.8849,3.4540,-0.4205,3.0000,0.0000,0.0000,0,16.8908,910.4847,878.2045,894.3446,-16.1401,3.8301,-9.9741,924.2889,872.0604
78.925,1,0,learned,19.0423,117.8935,1.5044,1.8813,2.8442,3.4101,0.2343,1.0710,2.2339,-2.0932,0.8849,3.3064,-0.4334,3.0000,0.0000,0.0000,0,16.8908,911.1022,889.7603,900.4312,-10.6710,2.8897,-10.2251,924.2170,882.4249
78.975,1,0,learned,19.0423,117.8935,1.5138,1.8813,2.8442,3.4101,0.2258,1.0710,2.2339,-2.0932,0.8849,3.3064,-0.4428,3.0000,0.0000,0.0000,0,16.8908,894.8629,798.0105,846.4367,-48.4262,2.9132,-10.1427,907.9188,790.7810
79.026,1,0,learned,19.1991,118.1973,1.5250,1.7679,2.9158,3.4099,0.1913,1.0648,2.0314,-2.0222,0.8849,3.0066,-0.4602,3.0000,0.0000,0.0000,0,16.8908,879.9057,759.9689,819.9373,-59.9684,1.1632,-10.3392,891.4081,750.7929
79.075,1,0,learned,19.1991,118.1973,1.5314,1.7679,2.9158,3.4099,0.1792,1.0648,2.0314,-2.0222,0.8849,3.0066,-0.4666,3.0000,0.0000,0.0000,0,16.8908,854.4618,721.9934,788.2276,-66.2342,1.1732,-10.2439,865.8789,712.9226
79.126,1,0,learned,19.2753,118.3546,1.5415,1.7073,2.9377,3.3978,0.1610,1.0616,1.9287,-1.9815,0.8849,2.8547,-0.4800,3.0000,0.0000,0.0000,0,16.8908,798.1415,770.0336,784.0875,-14.0540,0.3240,-10.4041,808.8696,759.9535
79.176,1,0,learned,19.3444,118.5030,1.5509,1.6536,2.9686,3.3981,0.1628,1.0580,1.8334,-1.9409,0.8849,2.7136,-0.4929,3.0000,0.0000,0.0000,0,15.3109,827.3868,683.7336,755.5602,-71.8266,-0.5111,-10.6973,837.5729,672.5252
79.225,1,0,learned,19.4146,118.6601,1.5579,1.5931,2.9790,3.3782,0.1413,1.8972,3.0622,0.5986,1.9513,17.8169,0.3393,3.0000,0.0000,0.0000,0,15.3109,734.8414,668.1312,701.4863,-33.3551,4.2422,-3.5795,742.6630,668.7938
79.276,1,0,learned,19.4782,118.8074,1.5644,1.5393,2.9971,3.3692,0.1415,1.9074,3.0622,0.4849,1.9513,17.7003,0.3430,3.0000,0.0000,0.0000,0,15.3109,736.2063,594.9726,665.5895,-70.6169,4.3125,-3.8172,744.3360,595.4678
79.325,1,0,learned,19.4782,118.8074,1.5674,1.5393,2.9971,3.3692,0.1300,1.9074,3.0622,0.4849,1.9513,17.7003,0.3400,3.0000,0.0000,0.0000,0,15.3109,626.2063,615.6053,620.9058,-5.3005,4.3464,-3.7521,634.3049,616.1996
79.376,1,0,learned,19.5428,118.9627,1.5760,1.4801,2.9949,3.3406,0.1198,1.9179,3.0622,0.3672,1.9513,17.5773,0.3419,3.0000,0.0000,0.0000,0,15.3109,516.3389,505.6053,510.9721,-5.3668,4.5254,-3.9200,524.7843,506.2108
79.425,1,0,learned,19.6013,119.1076,1.5799,1.4279,2.9998,3.3223,0.1013,1.9277,3.0622,0.2591,1.9513,17.4626,0.3477,3.0000,0.0000,0.0000,0,15.3109,406.3389,494.2791,450.3090,43.9701,4.6445,-4.0067,414.9901,494.9169
79.476,1,0,learned,19.6609,119.2593,1.5860,1.3714,2.9833,3.2834,0.1138,1.9378,3.0622,0.1475,1.9513,17.3425,0.3518,3.0000,0.0000,0.0000,0,15.3109,303.8021,542.6913,423.2467,119.4446,4.8695,-4.3027,312.9743,543.2580
79.525,1,0,learned,19.7150,119.3999,1.5905,1.3224,2.9723,3.2532,0.1018,1.9471,3.0622,0.0450,1.9513,17.2315,0.3566,3.0000,0.0000,0.0000,0,15.3109,193.8934,652.6725,423.2829,229.3895,5.0459,-4.4374,203.3767,653.2810
79.575,1,0,learned,19.7150,119.3999,1.5938,1.3224,2.9723,3.2532,0.1105,1.9471,3.0622,0.0450,1.9513,17.2315,0.3533,3.0000,0.0000,0.0000,0,15.3109,397.1459,852.2373,624.6916,227.5457,5.0138,-4.5792,406.7388,852.6719
79.625,1,0,learned,19.7703,119.5452,1.5982,1.2710,2.9368,3.2000,0.1225,1.9568,3.0622,-0.0603,1.9513,17.1172,0.3587,3.0000,0.0000,0.0000,0,15.3109,397.1459,852.2373,624.6916,227.5457,5.2635,-4.8612,407.2705,852.6396
79.676,1,0,learned,19.8212,119.6783,1.6027,1.2285,2.9042,3.1534,0.1215,1.9659,3.0622,-0.1570,1.9513,17.0131,0.3632,3.0000,0.0000,0.0000,0,15.3109,403.4489,947.2144,675.3317,271.8828,5.4819,-5.0686,413.9994,947.6277
79.726,1,0,learned,19.8740,119.8163,1.6089,1.1860,2.8539,3.0906,0.1665,1.9754,3.0622,-0.2573,1.9513,16.9059,0.3665,3.0000,0.0000,0.0000,0,15.3109,334.2099,990.6563,662.4331,328.2232,5.8123,-5.5411,345.5633,990.9276
79.776,1,0,learned,19.9229,119.9450,1.6147,1.1524,2.8196,3.0460,0.1965,1.9844,3.0622,-0.3504,1.9513,16.8061,0.3697,3.0000,0.0000,0.0000,0,15.3109,312.7964,977.9166,645.3565,332.5601,6.0376,-5.8908,324.7248,978.0633
79.825,1,0,learned,19.9229,119.9450,1.6211,1.1524,2.8196,3.0460,0.2142,1.9844,3.0622,-0.3504,1.9513,16.8061,0.3632,3.0000,0.0000,0.0000,0,15.3109,276.1320,977.7264,626.9292,350.7972,6.0705,-6.0112,288.2137,977.7857
79.875,1,0,learned,19.9737,120.0809,1.6284,1.1175,2.7781,2.9944,0.2303,1.9939,3.0622,-0.4481,1.9513,16.7013,0.3655,3.0000,0.0000,0.0000,0,15.3109,216.8072,942.5503,579.6787,362.8716,6.3275,-6.2628,229.3975,942.6151
79.926,1,0,learned,20.0210,120.2086,1.6389,1.0908,2.7549,2.9630,0.2727,2.0028,3.0622,-0.5394,1.9513,16.6029,0.3640,3.0000,0.0000,0.0000,0,15.3109,326.8053,975.3185,651.0619,324.2566,6.4787,-6.7327,340.0167,975.0645
79.975,1,0,learned,20.0704,120.3440,1.6459,1.0629,2.7247,2.9247,0.2888,2.0124,3.0622,-0.6356,1.9513,16.4990,0.3665,3.0000,0.0000,0.0000,0,15.3109,284.8149,995.4873,640.1511,355.3362,6.6769,-6.9966,298.4883,995.1676
80.025,1,0,learned,20.1165,120.4716,1.6589,1.0421,2.7112,2.9046,0.3282,2.0212,3.0622,-0.7257,1.9513,16.4015,0.3623,3.0000,0.0000,0.0000,0,15.3109,219.0776,988.1338,603.6057,384.5281,6.8220,-7.3890,233.2886,987.5667
80.075,1,0,learned,20.1165,120.4716,1.6674,1.0421,2.7112,2.9046,0.3425,2.0212,3.0622,-0.7257,1.9513,16.4015,0.3538,3.0000,0.0000,0.0000,0,15.3109,152.8205,996.1560,574.4883,421.6678,6.8645,-7.4877,167.1727,995.5329
80.125,1,0,learned,20.1646,120.6071,1.6796,1.0189,2.6900,2.8765,0.3535,2.0307,3.0622,-0.8207,1.9513,16.2982,0.3511,3.0000,0.0000,0.0000,0,15.3109,262.8205,994.1364,628.4785,365.6580,6.9828,-7.7510,277.5543,993.3682
80.175,1,0,learned,20.2092,120.7356,1.6962,1.0008,2.6875,2.8678,0.3842,2.0393,3.0622,-0.9098,1.9513,16.2004,0.3431,3.0000,0.0000,0.0000,0,15.3109,253.6557,972.5769,613.1163,359.4606,7.0637,-8.0951,268.8146,971.5455
80.226,1,0,learned,20.2556,120.8728,1.7068,0.9792,2.6779,2.8513,0.4160,2.0486,3.0622,-1.0039,1.9513,16.0959,0.3418,3.0000,0.0000,0.0000,0,15.3109,328.8698,996.8134,662.8416,333.9718,7.1475,-8.4817,344.4990,995.4792
80.276,1,0,learned,20.2985,121.0030,1.7259,0.9622,2.6848,2.8520,0.4233,2.0571,3.0622,-1.0921,1.9513,15.9970,0.3313,3.0000,0.0000,0.0000,0,15.3109,363.1699,988.7344,675.9521,312.7823,7.1733,-8.6987,379.0418,987.2090
80.325,1,0,learned,20.2985,121.0030,1.7378,0.9622,2.6848,2.8520,0.4405,2.0571,3.0622,-1.0921,1.9513,15.9970,0.3193,3.0000,0.0000,0.0000,0,15.3109,434.1817,993.5855,713.8836,279.7019,7.1863,-8.8615,450.2295,991.9104
80.375,1,0,learned,20.3428,121.1424,1.7545,0.9401,2.6840,2.8439,0.4575,2.0662,3.0622,-1.1850,1.9513,15.8909,0.3117,3.0000,0.0000,0.0000,0,15.3109,326.1968,985.2596,655.7282,329.5314,7.2833,-9.0914,342.5715,983.4515
80.425,1,0,learned,20.3831,121.2752,1.7631,0.9199,2.7006,2.8530,0.4805,2.0743,3.0622,-1.2717,1.9513,15.7896,0.3112,3.0000,0.0000,0.0000,0,15.3109,395.9992,997.7692,696.8842,300.8850,7.2515,-9.3943,412.6450,995.6263
80.475,1,0,learned,20.4238,121.4181,1.7853,0.8924,2.7099,2.8530,0.4913,2.0830,3.0622,-1.3625,1.9513,15.6801,0.2978,3.0000,0.0000,0.0000,0,15.3109,285.9992,986.8968,636.4480,350.4488,7.3236,-9.5806,302.9034,984.6398
80.525,1,0,learned,20.4601,121.5544,1.8079,0.8652,2.7357,2.8693,0.4870,2.0908,3.0622,-1.4468,1.9513,15.5751,0.2829,3.0000,0.0000,0.0000,0,15.3109,186.3645,996.7916,591.5781,405.2135,7.3264,-9.6785,203.3694,994.4395
80.575,1,0,learned,20.4601,121.5544,1.8171,0.8652,2.7357,2.8693,0.4858,2.0908,3.0622,-1.4468,1.9513,15.5751,0.2736,3.0000,0.0000,0.0000,0,15.3109,296.3645,985.6557,641.0101,344.6456,7.3132,-9.7289,313.4067,983.2401
80.626,1,0,learned,20.4964,121.7003,1.8407,0.8319,2.7500,2.8730,0.5065,2.0990,3.0622,-1.5348,1.9513,15.4620,0.2584,3.0000,0.0000,0.0000,0,15.3109,387.6321,982.9188,685.2754,297.6433,7.3240,-10.0448,405.0008,980.1980
80.676,1,0,learned,20.5287,121.8387,1.8550,0.8003,2.7764,2.8894,0.5010,2.1064,3.0622,-1.6162,1.9513,15.3545,0.2514,3.0000,0.0000,0.0000,0,15.3109,398.2495,995.8651,697.0573,298.8078,7.2813,-10.1466,415.6774,992.9998
80.726,1,0,learned,20.5287,121.8387,1.8696,0.8003,2.7764,2.8894,0.5182,2.1064,3.0622,-1.6162,1.9513,15.3545,0.2368,3.0000,0.0000,0.0000,0,15.3109,364.3465,999.5958,681.9711,317.6247,7.3252,-10.2819,381.9536,996.6392
80.775,1,0,learned,20.5610,121.9860,1.8943,0.7644,2.7878,2.8907,0.5180,2.1143,3.0622,-1.7009,1.9513,15.2396,0.2200,3.0000,0.0000,0.0000,0,15.3109,254.3549,998.2439,626.2994,371.9445,7.3946,-10.3790,272.1285,995.2595
80.826,1,0,learned,20.5892,122.1257,1.9043,0.7291,2.8122,2.9052,0.5132,2.1213,3.0622,-1.7789,1.9513,15.1302,0.2170,3.0000,0.0000,0.0000,0,15.3109,299.4527,983.7547,641.6037,342.1510,7.3385,-10.4510,317.2421,980.6422
80.876,1,0,learned,20.6165,122.2749,1.9297,0.6883,2.8236,2.9063,0.5228,2.1289,3.0622,-1.8597,1.9513,15.0125,0.1992,3.0000,0.0000,0.0000,0,15.3109,238.0135,995.2733,616.6434,378.6299,7.4026,-10.6239,256.0399,992.0520
80.926,1,0,learned,20.6400,122.4162,1.9553,0.6485,2.8477,2.9206,0.5440,2.1354,3.0622,-1.9340,1.9513,14.9004,0.1802,3.0000,0.0000,0.0000,0,15.3109,274.7697,999.0153,636.8925,362.1228,7.3911,-10.8976,293.0584,995.5087
80.975,1,0,learned,20.6400,122.4162,1.9656,0.6485,2.8477,2.9206,0.5268,2.1354,3.0622,-1.9340,1.9513,14.9004,0.1698,3.0000,0.0000,0.0000,0,15.3109,369.1677,997.9623,683.5650,314.3973,7.3793,-10.8645,387.4115,994.4771
81.025,1,0,learned,20.6626,122.5665,1.9919,0.6054,2.8565,2.9199,0.5527,2.1426,3.0622,-2.0107,1.9513,14.7805,0.1507,3.0000,0.0000,0.0000,0,15.3109,472.1479,988.0335,730.0907,257.9428,7.4084,-11.1852,490.7415,984.2567
81.076,1,0,learned,20.6816,122.7086,2.0078,0.5638,2.8771,2.9318,0.5575,2.1488,3.0622,-2.0812,1.9513,14.6667,0.1410,3.0000,0.0000,0.0000,0,15.3109,459.1321,982.6319,720.8820,261.7499,7.3951,-11.2899,477.8171,978.7371
81.125,1,0,learned,20.6816,122.7086,2.0293,0.5638,2.8771,2.9318,0.5493,2.1488,3.0622,-2.0812,1.9513,14.6667,0.1195,3.0000,0.0000,0.0000,0,15.3109,395.6802,992.9740,694.3271,298.6469,7.4500,-11.2782,414.4083,989.1457
81.175,1,0,learned,20.7121,123.0039,2.0618,0.4690,2.9066,2.9442,0.5410,2.1612,3.0622,-2.2191,1.9513,14.4271,0.0994,3.0000,0.0000,0.0000,0,15.3109,459.3494,996.3832,727.8663,268.5169,7.4444,-11.4221,478.2158,992.4055
81.225,1,0,learned,20.7121,123.0039,2.0726,0.4690,2.9066,2.9442,0.5355,2.1612,3.0622,-2.2191,1.9513,14.4271,0.0885,3.0000,0.0000,0.0000,0,15.3109,401.8257,988.2338,695.0297,293.2040,7.4751,-11.3805,420.6813,984.3285
81.275,1,0,learned,20.7223,123.1577,2.0998,0.4143,2.9169,2.9462,0.5305,2.1672,3.0622,-2.2857,1.9513,14.3002,0.0674,3.0000,0.0000,0.0000,0,15.3109,508.6601,988.9667,748.8134,240.1533,7.4889,-11.5061,527.6551,984.9494
81.325,1,0,learned,20.7284,123.3036,2.1159,0.3570,2.9415,2.9631,0.5438,2.1722,3.0622,-2.3456,1.9513,14.1786,0.0563,3.0000,0.0000,0.0000,0,15.3109,453.8464,986.6406,720.2435,266.3971,7.4731,-11.6168,472.9362,982.4969
81.376,1,0,learned,20.7284,123.3036,2.1321,0.3570,2.9415,2.9631,0.5467,2.1722,3.0622,-2.3456,1.9513,14.1786,0.0400,3.0000,0.0000,0.0000,0,15.3109,559.2318,998.3346,778.7832,219.5514,7.4757,-11.7500,578.4576,994.0603
81.425,1,0,learned,20.7310,123.4594,2.1536,0.2955,2.9525,2.9673,0.5238,2.1775,3.0622,-2.4058,1.9513,14.0470,0.0239,3.0000,0.0000,0.0000,0,15.3109,644.7425,991.9012,818.3218,173.5794,7.4722,-11.7219,663.9366,987.6516
81.475,1,0,learned,20.7295,123.6073,2.1696,0.2302,2.9783,2.9871,0.5405,2.1817,3.0622,-2.4594,1.9513,13.9206,0.0122,3.0000,0.0000,0.0000,0,15.3109,561.5448,995.4923,778.5186,216.9738,7.4566,-11.8331,580.8346,991.1158
81.526,1,0,learned,20.7295,123.6073,2.1856,0.2302,2.9783,2.9871,0.5118,2.1817,3.0622,-2.4594,1.9513,13.9206,-0.0039,3.0000,0.0000,0.0000,0,15.3109,558.9282,993.7250,776.3266,217.3984,7.4754,-11.7015,578.1050,989.4990
81.575,1,0,learned,20.7234,123.7654,2.2118,0.1606,2.9905,2.9948,0.4963,2.1863,3.0622,-2.5124,1.9513,13.7835,-0.0256,3.0000,0.0000,0.0000,0,15.3109,655.6749,986.2415,820.9582,165.2833,7.4679,-11.7261,674.8689,981.9834
81.625,1,0,learned,20.7130,123.9156,2.2275,0.0853,3.0181,3.0193,0.5075,2.1896,3.0622,-2.5585,1.9513,13.6512,-0.0378,3.0000,0.0000,0.0000,0,15.3109,582.8639,986.8823,784.8731,202.0092,7.4310,-11.7921,602.0870,982.5212
81.675,1,0,learned,20.6972,124.0758,2.2529,0.0072,3.0309,3.0309,0.4863,2.1933,3.0622,-2.6033,1.9513,13.5078,-0.0597,3.0000,0.0000,0.0000,0,15.3109,574.4663,996.8839,785.6751,211.2088,7.4397,-11.7285,593.6345,992.5950
81.725,1,0,learned,20.6779,124.2276,2.2730,-0.0746,3.0569,3.0578,0.4770,2.1958,3.0622,-2.6417,1.9513,13.3701,-0.0773,3.0000,0.0000,0.0000,0,15.3109,643.3656,982.0582,812.7119,169.3463,7.3578,-11.7376,662.4609,977.6784
81.775,1,0,learned,20.6779,124.2276,2.2880,-0.0746,3.0569,3.0578,0.4740,2.1958,3.0622,-2.6417,1.9513,13.3701,-0.0922,3.0000,0.0000,0.0000,0,15.3109,729.9795,995.6473,862.8134,132.8339,7.3615,-11.8298,749.1708,991.1790
81.825,1,0,learned,20.6526,124.3890,2.3124,-0.1568,3.0663,3.0703,0.4690,2.1986,3.0622,-2.6782,1.9513,13.2214,-0.1138,3.0000,0.0000,0.0000,0,15.3109,764.6177,972.9055,868.7616,104.1439,7.3537,-11.8390,783.8104,968.4202
81.875,1,0,learned,20.6247,124.5412,2.3221,-0.2418,3.0875,3.0970,0.4642,2.2004,3.0622,-2.7088,1.9513,13.0791,-0.1216,3.0000,0.0000,0.0000,0,15.3109,748.0002,995.4855,871.7429,123.7427,7.2906,-11.8313,767.1221,990.9449
81.925,1,0,learned,20.5902,124.7029,2.3460,-0.3259,3.0916,3.1087,0.4560,2.2025,3.0622,-2.7369,1.9513,12.9258,-0.1435,3.0000,0.0000,0.0000,0,15.3109,706.2624,997.7720,852.0172,145.7548,7.3122,-11.7932,725.3677,993.2910
81.976,1,0,learned,20.5902,124.7029,2.3647,-0.3259,3.0916,3.1087,0.4453,2.2025,3.0622,-2.7369,1.9513,12.9258,-0.1622,3.0000,0.0000,0.0000,0,15.3109,760.8396,990.6740,875.7568,114.9172,7.3226,-11.8076,779.9698,986.1890
82.026,1,0,learned,20.5531,124.8552,2.3784,-0.4155,3.1081,3.1357,0.4445,2.2035,3.0622,-2.7590,1.9513,12.7788,-0.1749,3.0000,0.0000,0.0000,0,15.3109,778.7022,992.7416,885.7219,107.0197,7.2536,-11.8243,797.7801,988.1709
82.076,1,0,learned,20.5087,125.0166,2.4009,-0.5032,3.1074,3.1479,0.4270,2.2047,3.0622,-2.7777,1.9513,12.6205,-0.1962,3.0000,0.0000,0.0000,0,15.3109,831.3041,994.1791,912.7416,81.4375,7.2489,-11.7724,850.3255,989.6556
82.126,1,0,learned,20.4626,125.1684,2.4140,-0.5948,3.1182,3.1744,0.4230,2.2050,3.0622,-2.7912,1.9513,12.4694,-0.2090,3.0000,0.0000,0.0000,0,15.3109,851.8919,994.5442,923.2180,71.3262,7.1809,-11.7596,870.8323,989.9655
82.175,1,0,learned,20.4626,125.1684,2.4312,-0.5948,3.1182,3.1744,0.4075,2.2050,3.0622,-2.7912,1.9513,12.4694,-0.2262,3.0000,0.0000,0.0000,0,15.3109,829.4774,991.0497,910.2635,80.7862,7.2068,-11.6978,848.3820,986.5586
82.225,1,0,learned,20.4088,125.3288,2.4522,-0.6824,3.1116,3.1856,0.4042,2.2055,3.0622,-2.8009,1.9513,12.3071,-0.2467,3.0000,0.0000,0.0000,0,15.3109,902.8979,992.0442,947.4710,44.5732,7.2051,-11.7321,921.8350,987.5172
82.275,1,0,learned,20.3538,125.4795,2.4644,-0.7753,3.1171,3.2121,0.3975,2.2050,3.0622,-2.8057,1.9513,12.1521,-0.2594,3.0000,0.0000,0.0000,0,15.3109,922.9935,991.6893,957.3414,34.3479,7.1363,-11.6910,941.8208,987.1347
82.326,1,0,learned,20.2905,125.6387,2.4843,-0.8637,3.1058,3.2237,0.3750,2.2047,3.0622,-2.8061,1.9513,11.9856,-0.2796,3.0000,0.0000,0.0000,0,15.3109,910.9201,993.1746,952.0474,41.1273,7.1486,-11.5403,929.6090,988.7830
82.375,1,0,learned,20.2266,125.7879,2.4958,-0.9573,3.1065,3.2506,0.3720,2.2034,3.0622,-2.8021,1.9513,11.8269,-0.2924,3.0000,0.0000,0.0000,0,15.3109,945.0557,996.5479,970.8018,25.7461,7.0761,-11.5251,963.6570,992.0990
82.425,1,0,learned,20.2266,125.7879,2.5108,-0.9573,3.1065,3.2506,0.3498,2.2034,3.0622,-2.8021,1.9513,11.8269,-0.3074,3.0000,0.0000,0.0000,0,15.3109,959.5252,976.7463,968.1358,8.6105,7.0840,-11.4172,978.0265,972.4131
82.476,1,0,learned,20.1539,125.9453,2.5289,-1.0453,3.0907,3.2626,0.3312,2.2022,3.0622,-2.7931,1.9513,11.6566,-0.3266,3.0000,0.0000,0.0000,0,15.3109,922.8756,996.2109,959.5432,36.6677,7.1042,-11.2798,941.2595,992.0353
82.526,1,0,learned,20.0811,126.0928,2.5393,-1.1397,3.0869,3.2906,0.3193,2.2002,3.0622,-2.7803,1.9513,11.4944,-0.3390,3.0000,0.0000,0.0000,0,15.3109,959.6746,991.8733,975.7739,16.0993,7.0207,-11.1870,977.8823,987.7069
82.576,1,0,learned,19.9992,126.2480,2.5560,-1.2268,3.0667,3.3030,0.3093,2.1982,3.0622,-2.7618,1.9513,11.3206,-0.3578,3.0000,0.0000,0.0000,0,15.3109,969.2639,989.4217,979.3428,10.0789,7.0239,-11.0906,987.3784,985.3550
82.626,1,0,learned,19.9178,126.3931,2.5657,-1.3203,3.0580,3.3309,0.2935,2.1955,3.0622,-2.7402,1.9513,11.1554,-0.3702,3.0000,0.0000,0.0000,0,15.3109,959.8483,979.7787,969.8135,9.9652,6.9444,-10.9263,977.7190,975.7968
82.676,1,0,learned,19.9178,126.3931,2.5781,-1.3203,3.0580,3.3309,0.2890,2.1955,3.0622,-2.7402,1.9513,11.1554,-0.3826,3.0000,0.0000,0.0000,0,15.3109,959.2042,992.0787,975.6415,16.4373,6.9648,-10.9503,977.1194,988.0932
82.726,1,0,learned,19.8273,126.5457,2.5930,-1.4045,3.0330,3.3424,0.2650,2.1928,3.0622,-2.7128,1.9513,10.9788,-0.4003,3.0000,0.0000,0.0000,0,15.3109,944.4608,997.0906,970.7757,26.3149,6.9724,-10.7353,962.1685,993.3277
82.781,1,0,learned,19.7382,126.6880,2.6044,-1.4948,3.0195,3.3692,0.2780,2.1894,3.0622,-2.6829,1.9513,10.8113,-0.4151,3.0000,0.0000,0.0000,0,15.3109,956.5924,995.3531,975.9727,19.3803,6.9015,-10.7747,974.2686,991.4799
82.826,1,0,learned,19.6398,126.8373,2.6180,-1.5742,2.9899,3.3789,0.2580,2.1860,3.0622,-2.6471,1.9513,10.6327,-0.4320,3.0000,0.0000,0.0000,0,15.3109,962.8737,986.7421,974.8079,11.9342,6.9068,-10.5633,980.3438,983.0857
82.876,1,0,learned,19.5439,126.9764,2.6233,-1.6591,2.9716,3.4034,0.2415,2.1821,3.0622,-2.6096,1.9513,10.4638,-0.4412,3.0000,0.0000,0.0000,0,15.3109,955.1603,988.1196,971.6400,16.4796,6.8330,-10.3623,972.3557,984.5903
82.926,1,0,learned,19.4388,127.1222,2.6361,-1.7314,2.9379,3.4101,0.2560,2.1781,3.0622,-2.5662,1.9513,10.2841,-0.4579,3.0000,0.0000,0.0000,0,15.3109,953.6554,986.7067,970.1811,16.5257,6.8603,-10.3667,970.8824,983.2003
82.976,1,0,learned,19.3370,127.2578,2.6482,-1.8092,2.9155,3.4312,0.2353,2.1738,3.0622,-2.5221,1.9513,10.1145,-0.4745,3.0000,0.0000,0.0000,0,15.3109,975.3743,992.2905,983.8324,8.4581,6.8035,-10.1637,992.3415,988.9303
83.025,1,0,learned,19.3370,127.2578,2.6576,-1.8092,2.9155,3.4312,0.2182,2.1738,3.0622,-2.5221,1.9513,10.1145,-0.4839,3.0000,0.0000,0.0000,0,15.3109,978.8271,906.5441,942.6856,-36.1415,6.7848,-10.0019,995.6138,903.3271
83.076,1,0,learned,19.2263,127.3998,2.6667,-1.8734,2.8782,3.4342,0.2182,2.1694,3.0622,-2.4719,1.9513,9.9346,-0.4973,3.0000,0.0000,0.0000,0,15.3109,977.4127,950.8963,964.1545,-13.2582,6.8349,-9.9193,994.1669,947.8120
83.125,1,0,learned,19.1196,127.5317,2.6755,-1.9433,2.8521,3.4513,0.2137,2.1646,3.0622,-2.4218,1.9513,9.7651,-0.5109,3.0000,0.0000,0.0000,0,15.3109,990.6872,869.3480,930.0176,-60.6696,6.7650,-9.7178,1000.0000,866.3953
83.175,1,0,learned,19.0040,127.6695,2.6840,-1.9992,2.8117,3.4500,0.1988,2.1599,3.0622,-2.3657,1.9513,9.5857,-0.5242,3.0000,0.0000,0.0000,0,15.3109,979.8650,766.9566,873.4108,-106.4542,6.7822,-9.3775,996.0247,764.3613
83.225,1,0,learned,18.8932,127.7972,2.6921,-2.0610,2.7817,3.4620,0.1900,2.1548,3.0622,-2.3102,1.9513,9.4172,-0.5374,3.0000,0.0000,0.0000,0,15.3109,978.6877,776.5102,877.5989,-101.0887,6.7649,-9.2003,994.6529,774.0747
83.276,1,0,learned,18.8932,127.7972,2.6999,-2.0610,2.7817,3.4620,0.1842,2.1548,3.0622,-2.3102,1.9513,9.4172,-0.5451,3.0000,0.0000,0.0000,0,15.3109,978.1699,671.7106,824.9403,-153.2297,6.7379,-9.1009,994.0088,669.3476
83.325,1,0,learned,18.7739,127.9303,2.7054,-2.1078,2.7371,3.4546,0.1613,2.1497,3.0622,-2.2488,1.9513,9.2394,-0.5557,3.0000,0.0000,0.0000,0,15.3109,985.8284,724.7668,855.2976,-130.5308,6.8305,-8.8133,1000.0000,722.7839
83.375,1,0,learned,18.6603,128.0530,2.7139,-2.1596,2.7013,3.4584,0.1358,2.1445,3.0622,-2.1890,1.9513,9.0734,-0.5694,3.0000,0.0000,0.0000,0,15.3109,981.6994,652.3728,817.0361,-164.6633,6.8215,-8.4284,996.9494,650.7659
83.431,1,0,learned,18.5388,128.1803,2.7200,-2.1949,2.6504,3.4412,0.1245,2.1392,3.0622,-2.1234,1.9513,8.8992,-0.5808,3.0000,0.0000,0.0000,0,15.3109,987.5062,661.5972,824.5517,-162.9545,6.9534,-8.1623,1000.0000,660.3882
83.476,1,0,learned,18.4237,128.2973,2.7254,-2.2354,2.6079,3.4349,0.1082,2.1339,3.0622,-2.0600,1.9513,8.7371,-0.5915,3.0000,0.0000,0.0000,0,15.3109,979.1876,713.0978,846.1427,-133.0449,7.0403,-7.8947,994.1227,712.2435
83.525,1,0,learned,18.4237,128.2973,2.7290,-2.2354,2.6079,3.4349,0.0880,2.1339,3.0622,-2.0600,1.9513,8.7371,-0.5951,3.0000,0.0000,0.0000,0,15.3109,983.1105,640.5359,811.8232,-171.2873,7.0151,-7.7114,997.8369,639.8396
83.576,1,0,learned,18.3010,128.4183,2.7340,-2.2602,2.5518,3.4089,0.0540,2.1285,3.0622,-1.9910,1.9513,8.5674,-0.6055,3.0000,0.0000,0.0000,0,15.3109,983.7887,556.1615,769.9751,-213.8136,7.1579,-7.1805,998.1270,556.1389
83.625,1,0,learned,18.1849,128.5296,2.7371,-2.2919,2.5051,3.3953,0.0510,2.1230,3.0622,-1.9246,1.9513,8.4096,-0.6141,3.0000,0.0000,0.0000,0,15.3109,987.8726,551.2698,769.5712,-218.3014,7.2613,-6.9490,1000.0000,551.5821
83.676,1,0,learned,18.0612,128.6448,2.7401,-2.3095,2.4472,3.3649,0.0160,2.1174,3.0622,-1.8525,1.9513,8.2443,-0.6227,3.0000,0.0000,0.0000,0,15.3109,985.0053,554.6555,769.8304,-215.1749,7.4623,-6.4369,998.9044,555.6809
83.726,1,0,learned,17.9442,128.7508,2.7413,-2.3347,2.3992,3.3477,0.0030,2.1117,3.0622,-1.7832,1.9513,8.0906,-0.6296,3.0000,0.0000,0.0000,0,15.3109,978.0569,458.4353,718.2461,-259.8108,7.5505,-6.0518,991.6592,459.9341
83.776,1,0,learned,17.9442,128.7508,2.7421,-2.3347,2.3992,3.3477,-0.0240,2.1117,3.0622,-1.7832,1.9513,8.0906,-0.6305,3.0000,0.0000,0.0000,0,15.3109,979.1011,435.8980,707.4996,-271.6015,7.5399,-5.8383,992.4793,437.5997
83.825,1,0,learned,17.8202,128.8601,2.7421,-2.3448,2.3398,3.3125,-0.0568,2.1058,3.0622,-1.7087,1.9513,7.9304,-0.6363,3.0000,0.0000,0.0000,0,15.3109,964.8281,389.5562,677.1921,-287.6359,7.7506,-5.2846,977.8633,392.0222
83.875,1,0,learned,17.7034,128.9604,2.7414,-2.3627,2.2898,3.2902,-0.0668,2.0999,3.0622,-1.6374,1.9513,7.7818,-0.6415,3.0000,0.0000,0.0000,0,15.3109,971.4353,326.1209,648.7781,-322.6572,7.8788,-4.9288,984.2429,329.0709
83.925,1,0,learned,17.5797,129.0638,2.7392,-2.3660,2.2296,3.2510,-0.0927,2.0938,3.0622,-1.5610,1.9513,7.6271,-0.6454,3.0000,0.0000,0.0000,0,15.3109,983.1434,326.8112,654.9773,-328.1661,8.1310,-4.4368,995.7112,330.5054
83.975,1,0,learned,17.4635,129.1584,2.7363,-2.3767,2.1780,3.2237,-0.1185,2.0877,3.0622,-1.4883,1.9513,7.4841,-0.6486,3.0000,0.0000,0.0000,0,15.3109,976.7895,396.8462,686.8179,-289.9716,8.3419,-3.9865,989.1180,401.2016
84.025,1,0,learned,17.3410,129.2557,2.7325,-2.3726,2.1164,3.1793,-0.1610,2.0815,3.0622,-1.4106,1.9513,7.3358,-0.6510,3.0000,0.0000,0.0000,0,15.3109,982.4648,381.1181,681.7915,-300.6733,8.6207,-3.3315,994.4170,386.4074
84.075,1,0,learned,17.2263,129.3444,2.7262,-2.3760,2.0630,3.1466,-0.1802,2.0753,3.0622,-1.3371,1.9513,7.1991,-0.6509,3.0000,0.0000,0.0000,0,15.3109,987.5867,319.9722,653.7795,-333.8072,8.8108,-2.8619,999.2594,325.9211
84.126,1,0,learned,17.2263,129.3444,2.7200,-2.3760,2.0630,3.1466,-0.2102,2.0753,3.0622,-1.3371,1.9513,7.1991,-0.6447,3.0000,0.0000,0.0000,0,15.3109,981.7337,247.1469,614.4403,-367.2934,8.7725,-2.5822,993.0885,253.3372
84.176,1,0,learned,17.1051,129.4358,2.7108,-2.3668,2.0017,3.0998,-0.2308,2.0689,3.0622,-1.2585,1.9513,7.0571,-0.6420,3.0000,0.0000,0.0000,0,15.3109,985.5636,299.9250,642.7443,-342.8193,9.0944,-2.0890,996.7470,306.9304
84.226,1,0,learned,16.9912,129.5196,2.7025,-2.3680,1.9506,3.0680,-0.2597,2.0625,3.0622,-1.1839,1.9513,6.9258,-0.6400,3.0000,0.0000,0.0000,0,15.3109,978.2880,265.6570,621.9725,-356.3155,9.2931,-1.5418,989.1228,273.4082
84.275,1,0,learned,16.8708,129.6061,2.6957,-2.3575,1.8931,3.0235,-0.2697,2.0557,3.0622,-1.1042,1.9513,6.7893,-0.6400,3.0000,0.0000,0.0000,0,15.3109,986.0658,244.9047,615.4853,-370.5806,9.5796,-1.1254,996.7708,253.3589
84.326,1,0,learned,16.7580,129.6853,2.6857,-2.3562,1.8444,2.9923,-0.3015,2.0490,3.0622,-1.0288,1.9513,6.6634,-0.6367,3.0000,0.0000,0.0000,0,15.3109,974.2498,239.0636,606.6567,-367.5931,9.7892,-0.5566,984.5956,248.2962
84.375,1,0,learned,16.7580,129.6853,2.6775,-2.3562,1.8444,2.9923,-0.3048,2.0490,3.0622,-1.0288,1.9513,6.6634,-0.6285,3.0000,0.0000,0.0000,0,15.3109,962.5084,227.3776,594.9430,-367.5654,9.7755,-0.4960,972.7800,236.6571
84.425,1,0,learned,16.6388,129.7670,2.6659,-2.3434,1.7899,2.9487,-0.3440,2.0420,3.0622,-0.9485,1.9513,6.5325,-0.6239,3.0000,0.0000,0.0000,0,15.3109,950.4010,244.7912,597.5961,-352.8049,10.0720,0.1627,960.3102,255.0258
84.475,1,0,learned,16.5270,129.8420,2.6502,-2.3407,1.7446,2.9193,-0.3678,2.0351,3.0622,-0.8725,1.9513,6.4118,-0.6151,3.0000,0.0000,0.0000,0,15.3109,971.6908,210.6765,591.1837,-380.5071,10.2545,0.6848,981.2604,221.6158
84.525,1,0,learned,16.4089,129.9197,2.6401,-2.3268,1.6942,2.8782,-0.3683,2.0278,3.0622,-0.7917,1.9513,6.2862,-0.6122,3.0000,0.0000,0.0000,0,15.3109,967.8075,215.5758,591.6916,-376.1158,10.5373,1.0294,977.3154,227.1426
84.575,1,0,learned,16.4089,129.9197,2.6259,-2.3268,1.6942,2.8782,-0.3912,2.0278,3.0622,-0.7917,1.9513,6.2862,-0.5981,3.0000,0.0000,0.0000,0,15.3109,986.7407,164.3729,575.5568,-411.1839,10.4986,1.2618,995.9775,176.1333
84.625,1,0,learned,16.2981,129.9912,2.6185,-2.3232,1.6533,2.8514,-0.4000,2.0207,3.0622,-0.7154,1.9513,6.1702,-0.5978,3.0000,0.0000,0.0000,0,15.3109,988.5090,156.7577,572.6333,-415.8756,10.6911,1.6230,997.5770,169.0718
84.675,1,0,learned,16.1809,130.0654,2.5994,-2.3090,1.6082,2.8139,-0.4225,2.0132,3.0622,-0.6342,1.9513,6.0495,-0.5862,3.0000,0.0000,0.0000,0,15.3109,960.3057,146.1569,553.2313,-407.0744,10.9415,2.1565,969.0906,159.2549
84.725,1,0,learned,16.0709,130.1340,2.5832,-2.3058,1.5724,2.7909,-0.4515,2.0059,3.0622,-0.5575,1.9513,5.9379,-0.5773,3.0000,0.0000,0.0000,0,15.3109,970.5198,108.3245,539.4221,-431.0976,11.0911,2.6895,978.9213,122.1051
84.775,1,0,learned,16.0709,130.1340,2.5749,-2.3058,1.5724,2.7909,-0.4470,2.0059,3.0622,-0.5575,1.9513,5.9379,-0.5690,3.0000,0.0000,0.0000,0,15.3109,974.8211,159.9761,567.3986,-407.4225,11.1023,2.7005,983.2230,173.7789
84.826,1,0,learned,15.9545,130.2053,2.5532,-2.2923,1.5322,2.7572,-0.4547,1.9982,3.0622,-0.4759,1.9513,5.8217,-0.5550,3.0000,0.0000,0.0000,0,15.3109,981.6397,139.6027,560.6212,-421.0185,11.3232,3.1173,989.8455,154.0432
84.875,1,0,learned,15.8452,130.2713,2.5397,-2.2892,1.5006,2.7372,-0.5058,1.9907,3.0622,-0.3989,1.9513,5.7143,-0.5490,3.0000,0.0000,0.0000,0,15.3109,961.8793,178.2398,570.0595,-391.8198,11.4952,3.8084,969.5661,193.5434
84.925,1,0,learned,15.8452,130.2713,2.5211,-2.2892,1.5006,2.7372,-0.5002,1.9907,3.0622,-0.3989,1.9513,5.7143,-0.5304,3.0000,0.0000,0.0000,0,15.3109,970.0462,203.9196,586.9829,-383.0633,11.4839,3.8508,977.6793,219.2543
84.975,1,0,learned,15.7296,130.3401,2.4969,-2.2760,1.4650,2.7068,-0.5180,1.9828,3.0622,-0.3171,1.9513,5.6026,-0.5142,3.0000,0.0000,0.0000,0,15.3109,972.9031,158.0771,565.4901,-407.4130,11.6756,4.3271,980.2517,174.0798
85.025,1,0,learned,15.6208,130.4041,2.4821,-2.2741,1.4387,2.6910,-0.5218,1.9751,3.0622,-0.2399,1.9513,5.4990,-0.5070,3.0000,0.0000,0.0000,0,15.3109,982.7619,182.0581,582.4100,-400.3519,11.8126,4.6521,989.9224,198.5228
85.075,1,0,learned,15.5055,130.4713,2.4618,-2.2628,1.4096,2.6660,-0.5280,1.9670,3.0622,-0.1578,1.9513,5.3908,-0.4948,3.0000,0.0000,0.0000,0,15.3109,977.4767,219.2874,598.3821,-379.0947,12.0113,5.0375,984.4505,236.3363
85.125,1,0,learned,15.3967,130.5344,2.4411,-2.2633,1.3906,2.6564,-0.5373,1.9593,3.0622,-0.0802,1.9513,5.2901,-0.4818,3.0000,0.0000,0.0000,0,15.3109,974.7029,288.3619,631.5324,-343.1705,12.1247,5.4294,981.3981,305.9161
85.175,1,0,learned,15.3967,130.5344,2.4252,-2.2633,1.3906,2.6564,-0.5338,1.9593,3.0622,-0.0802,1.9513,5.2901,-0.4659,3.0000,0.0000,0.0000,0,15.3109,983.6150,213.7985,598.7067,-384.9083,12.0763,5.4298,990.2615,231.3045
85.225,1,0,learned,15.2813,130.6012,2.3984,-2.2547,1.3691,2.6378,-0.5473,1.9510,3.0622,0.0022,1.9513,5.1847,-0.4474,3.0000,0.0000,0.0000,0,15.3109,970.3765,200.0762,585.2264,-385.1501,12.2107,5.8443,976.7430,218.1313
85.276,1,0,learned,15.1722,130.6642,2.3876,-2.2582,1.3581,2.6351,-0.5467,1.9432,3.0622,0.0800,1.9513,5.0863,-0.4443,3.0000,0.0000,0.0000,0,15.3109,979.0763,169.8545,574.4654,-404.6109,12.2519,6.0521,985.2761,188.1585
85.326,1,0,learned,15.1722,130.6642,2.3657,-2.2582,1.3581,2.6351,-0.5510,1.9432,3.0622,0.0800,1.9513,5.0863,-0.4225,3.0000,0.0000,0.0000,0,15.3109,981.7936,169.8361,575.8149,-405.9787,12.2283,6.1672,987.8547,188.2316
85.375,1,0,learned,15.0562,130.7316,2.3379,-2.2529,1.3457,2.6242,-0.5445,1.9349,3.0515,0.1628,1.9513,4.9826,-0.4031,3.0000,0.0000,0.0000,0,15.3109,958.6389,232.4458,595.5424,-363.0966,12.2737,6.4153,964.4974,251.1348
85.425,1,0,learned,14.9465,130.7956,2.3268,-2.2593,1.3431,2.6284,-0.5577,1.9270,2.9922,0.2408,1.9513,4.8858,-0.3997,3.0000,0.0000,0.0000,0,15.3109,979.4930,194.5405,587.0168,-392.4762,11.8681,6.5273,984.8337,212.9359
85.475,1,0,learned,14.8299,130.8640,2.2987,-2.2559,1.3375,2.6226,-0.5723,1.9187,2.9299,0.3237,1.9513,4.7840,-0.3800,3.0000,0.0000,0.0000,0,15.3109,980.5581,287.4464,634.0022,-346.5558,11.5387,6.8055,985.2912,305.7906
85.526,1,0,learned,14.7198,130.9291,2.2759,-2.2634,1.3415,2.6311,-0.5697,1.9109,2.8717,0.4017,1.9513,4.6889,-0.3650,3.0000,0.0000,0.0000,0,15.3109,977.6240,292.0241,634.8241,-342.7999,11.1068,6.8519,981.8789,309.9828
85.576,1,0,learned,14.7198,130.9291,2.2586,-2.2634,1.3415,2.6311,-0.5857,1.9109,2.8717,0.4017,1.9513,4.6889,-0.3477,3.0000,0.0000,0.0000,0,15.3109,970.6338,262.6231,616.6284,-354.0054,11.0781,7.0178,974.6941,280.7190
85.626,1,0,learned,14.6028,130.9993,2.2356,-2.2609,1.3431,2.6298,-0.5923,1.9026,2.8103,0.4843,1.9513,4.5887,-0.3330,3.0000,0.0000,0.0000,0,15.3109,986.4932,332.7815,659.6373,-326.8558,10.7104,7.2067,989.9969,350.6986
85.676,1,0,learned,14.4922,131.0669,2.2183,-2.2695,1.3561,2.6438,-0.5783,1.8949,2.7526,0.5619,1.9513,4.4945,-0.3233,3.0000,0.0000,0.0000,0,15.3109,985.8882,277.3768,631.6325,-354.2557,10.2185,7.0722,989.0345,294.6674
85.726,1,0,learned,14.4922,131.0669,2.1951,-2.2695,1.3561,2.6438,-0.5815,1.8949,2.7526,0.5619,1.9513,4.4945,-0.3001,3.0000,0.0000,0.0000,0,15.3109,981.7817,222.1642,601.9729,-379.8088,10.1718,7.1458,984.8077,239.4817
85.776,1,0,learned,14.3747,131.1404,2.1660,-2.2675,1.3675,2.6480,-0.5953,1.8868,2.6915,0.6437,1.9513,4.3948,-0.2792,3.0000,0.0000,0.0000,0,15.3109,978.8102,260.5455,619.6778,-359.1324,9.7432,7.3643,981.1891,277.6530
85.826,1,0,learned,14.2638,131.2115,2.1487,-2.2759,1.3904,2.6670,-0.5877,1.8794,2.6340,0.7202,1.9513,4.3009,-0.2693,3.0000,0.0000,0.0000,0,15.3109,977.6748,209.5473,593.6110,-384.0638,9.2116,7.2512,979.6352,226.0100
85.875,1,0,learned,14.1462,131.2891,2.1196,-2.2731,1.4107,2.6752,-0.5780,1.8715,2.5731,0.8006,1.9513,4.2014,-0.2482,3.0000,0.0000,0.0000,0,15.3109,986.7229,236.7934,611.7582,-374.9647,8.7382,7.2579,988.2032,252.7896
85.926,1,0,learned,14.0356,131.3639,2.1023,-2.2794,1.4403,2.6963,-0.5867,1.8643,2.5161,0.8756,1.9513,4.1083,-0.2380,3.0000,0.0000,0.0000,0,15.3109,965.5395,240.3023,602.9209,-362.6186,8.2080,7.2984,966.4491,255.8087
85.975,1,0,learned,14.0356,131.3639,2.0790,-2.2794,1.4403,2.6963,-0.6005,1.8643,2.5161,0.8756,1.9513,4.1083,-0.2147,3.0000,0.0000,0.0000,0,15.3109,938.0060,265.6719,601.8390,-336.1671,8.1940,7.5325,938.6676,281.3984
86.025,1,0,learned,13.9186,131.4451,2.0497,-2.2735,1.4645,2.7044,-0.5783,1.8567,2.4560,0.9540,1.9513,4.0102,-0.1930,3.0000,0.0000,0.0000,0,15.3109,930.5443,355.2075,642.8759,-287.6684,7.7377,7.4990,930.7830,370.4441
86.075,1,0,learned,13.8088,131.5234,2.0321,-2.2764,1.4978,2.7249,-0.5863,1.8498,2.3999,1.0269,1.9513,3.9186,-0.1823,3.0000,0.0000,0.0000,0,15.3109,912.1108,294.9453,603.5280,-308.5828,7.1837,7.4670,911.8275,309.5960
86.126,1,0,learned,13.6929,131.6085,2.0086,-2.2667,1.5255,2.7322,-0.6035,1.8425,2.3408,1.1029,1.9513,3.8222,-0.1661,3.0000,0.0000,0.0000,0,15.3109,951.9908,368.3012,660.1460,-291.8448,6.7275,7.7385,950.9799,382.7672
86.175,1,0,learned,13.5846,131.6906,1.9850,-2.2648,1.5628,2.7516,-0.5970,1.8359,2.2857,1.1730,1.9513,3.7322,-0.1491,3.0000,0.0000,0.0000,0,15.3109,973.9717,289.3564,631.6641,-342.3077,6.1612,7.5985,972.5344,303.1160
86.225,1,0,learned,13.5846,131.6906,1.9615,-2.2648,1.5628,2.7516,-0.5653,1.8359,2.2857,1.1730,1.9513,3.7322,-0.1256,3.0000,0.0000,0.0000,0,15.3109,971.6898,227.4829,599.5863,-372.1034,6.1136,7.3741,970.4293,240.9706
86.275,1,0,learned,13.4707,131.7801,1.9382,-2.2497,1.5944,2.7574,-0.5517,1.8290,2.2278,1.2455,1.9513,3.6376,-0.1092,3.0000,0.0000,0.0000,0,15.3109,926.6972,237.3805,582.0388,-344.6584,5.6536,7.2836,925.0672,250.3177
86.326,1,0,learned,13.3645,131.8668,1.9207,-2.2422,1.6368,2.7761,-0.5805,1.8229,2.1736,1.3119,1.9513,3.5491,-0.0978,3.0000,0.0000,0.0000,0,15.3109,926.6972,237.3805,582.0388,-344.6584,5.1282,7.4935,924.3319,250.0021
86.376,1,0,learned,13.2531,131.9613,1.8918,-2.2223,1.6728,2.7815,-0.5773,1.8164,2.1167,1.3802,1.9513,3.4562,-0.0754,3.0000,0.0000,0.0000,0,15.3109,949.5574,257.6654,603.6114,-345.9460,4.6606,7.5568,946.6612,269.8828
86.426,1,0,learned,13.1494,132.0523,1.8686,-2.2102,1.7172,2.7989,-0.5747,1.8107,2.0640,1.4428,1.9513,3.3701,-0.0579,3.0000,0.0000,0.0000,0,15.3109,903.2114,289.8841,596.5477,-306.6636,4.1523,7.5628,899.8009,301.5992
86.476,1,0,learned,13.1494,132.0523,1.8454,-2.2102,1.7172,2.7989,-0.5617,1.8107,2.0640,1.4428,1.9513,3.3701,-0.0347,3.0000,0.0000,0.0000,0,15.3109,930.5545,223.5109,577.0327,-353.5218,4.1076,7.5001,927.1620,235.1186
86.526,1,0,learned,12.9402,132.2455,1.8106,-2.1677,1.7969,2.8157,-0.5800,1.7993,1.9585,1.5652,1.9513,3.1978,-0.0112,3.0000,0.0000,0.0000,0,15.3109,920.4569,254.5691,587.5130,-332.9439,3.2026,7.6994,915.9601,265.4711
86.575,1,0,learned,12.9402,132.2455,1.7989,-2.1677,1.7969,2.8157,-0.5735,1.7993,1.9585,1.5652,1.9513,3.1978,0.0004,3.0000,0.0000,0.0000,0,15.3109,874.2392,305.1997,589.7195,-284.5197,3.2075,7.7627,869.6840,316.1699
86.630,1,0,learned,12.8353,132.3484,1.7698,-2.1378,1.8331,2.8161,-0.5757,1.7937,1.9058,1.6245,1.9513,3.1118,0.0239,3.0000,0.0000,0.0000,0,15.3109,896.1342,330.8474,613.4908,-282.6434,2.7946,7.9241,891.0047,341.5662
86.676,1,0,learned,12.7381,132.4472,1.7524,-2.1150,1.8784,2.8287,-0.6015,1.7889,1.8574,1.6780,1.9513,3.0327,0.0365,3.0000,0.0000,0.0000,0,15.3109,920.2359,279.2778,599.7568,-320.4790,2.3208,8.0927,914.4640,289.6912
86.725,1,0,learned,12.6372,132.5543,1.7232,-2.0801,1.9146,2.8271,-0.5637,1.7837,1.8073,1.7319,1.9513,2.9510,0.0605,3.0000,0.0000,0.0000,0,15.3109,810.4660,188.1997,499.3329,-311.1331,1.9186,7.7198,804.6649,197.8381
86.775,1,0,learned,12.5443,132.6574,1.6943,-2.0515,1.9613,2.8382,-0.5747,1.7794,1.7614,1.7799,1.9513,2.8760,0.0851,3.0000,0.0000,3.0000,0,17.4247,868.9008,287.4342,578.1675,-290.7333,1.4921,8.0566,862.3363,296.9830
86.825,2,0,learned,12.5443,132.6574,1.6713,-2.0515,1.9613,2.8382,-0.5627,1.0174,1.5000,-0.8774,0.9739,20.1827,-0.6539,3.0000,0.0000,3.0000,0,17.4247,854.1467,310.8750,582.5109,-271.6359,-0.7361,-2.6045,856.0152,307.5344
86.875,2,0,learned,12.4481,132.7693,1.6483,-2.0112,1.9992,2.8358,-0.5597,1.0104,1.5000,-0.7350,0.9739,20.1386,-0.6379,3.0000,0.0000,3.0000,0,17.4247,879.0738,265.5482,572.3110,-306.7628,-0.6894,-2.4402,880.8247,262.4186
86.925,2,0,learned,12.3597,132.8762,1.6311,-1.9772,2.0451,2.8446,-0.5697,1.0039,1.5000,-0.6018,0.9739,20.0954,-0.6272,3.0000,0.0000,3.0000,0,17.4247,769.0738,278.2259,523.6498,-245.4240,-0.6538,-2.2162,770.6361,275.3559
86.975,2,0,learned,12.2686,132.9916,1.6083,-1.9319,2.0798,2.8387,-0.5503,0.9969,1.5000,-0.4616,0.9739,20.0475,-0.6113,3.0000,0.0000,3.0000,0,17.4247,661.2332,365.7800,513.5066,-147.7266,-0.5561,-2.0955,662.7726,363.1285
87.025,2,0,learned,12.1854,133.1022,1.5800,-1.8926,2.1246,2.8453,-0.5575,0.9904,1.5000,-0.3306,0.9739,20.0002,-0.5895,3.0000,0.0000,3.0000,0,17.4247,623.2736,316.8020,470.0378,-153.2358,-0.5428,-1.8671,624.5979,314.3920
87.075,2,0,learned,12.1854,133.1022,1.5574,-1.8926,2.1246,2.8453,-0.5450,0.9904,1.5000,-0.3306,0.9739,20.0002,-0.5669,3.0000,0.0000,3.0000,0,17.4247,587.4067,305.3674,446.3870,-141.0197,-0.5695,-1.8400,588.6772,302.9578
87.125,2,0,learned,12.0999,133.2211,1.5350,-1.8426,2.1572,2.8370,-0.5328,0.9836,1.5000,-0.1931,0.9739,19.9481,-0.5514,3.0000,0.0000,3.0000,0,17.4247,484.4111,341.0064,412.7087,-71.7023,-0.4674,-1.6926,485.6362,338.8464
87.175,2,0,learned,12.0224,133.3343,1.5184,-1.7970,2.1973,2.8385,-0.5260,0.9772,1.5000,-0.0654,0.9739,19.8972,-0.5412,3.0000,0.0000,3.0000,0,17.4247,402.1227,232.2878,317.2053,-84.9174,-0.4037,-1.5432,403.2622,230.3410
87.225,2,0,learned,11.9437,133.4550,1.4915,-1.7405,2.2219,2.8225,-0.5172,0.9705,1.5000,0.0676,0.9739,19.8417,-0.5210,3.0000,0.0000,3.0000,0,17.4247,378.0051,138.9334,258.4692,-119.5358,-0.3047,-1.3882,379.0886,137.2405
87.276,2,0,learned,11.8726,133.5688,1.4705,-1.6886,2.2519,2.8147,-0.4933,0.9643,1.5000,0.1904,0.9739,19.7882,-0.5062,3.0000,0.0000,3.0000,0,17.4247,377.5962,224.8057,301.2009,-76.3953,-0.2161,-1.3347,378.7148,223.2549
87.326,2,0,learned,11.8726,133.5688,1.4501,-1.6886,2.2519,2.8147,-0.4582,0.9643,1.5000,0.1904,0.9739,19.7882,-0.4858,3.0000,0.0000,3.0000,0,17.4247,441.4977,149.8918,295.6947,-145.8029,-0.2485,-1.4258,442.6750,148.2175
87.375,2,0,learned,11.8006,133.6887,1.4255,-1.6276,2.2626,2.7872,-0.4552,0.9578,1.5000,0.3173,0.9739,19.7312,-0.4676,3.0000,0.0000,3.0000,0,17.4247,551.4909,158.4939,354.9924,-196.4985,-0.1327,-1.3033,552.6615,157.0579
87.425,2,0,learned,11.7357,133.7999,1.4112,-1.5725,2.2735,2.7643,-0.4378,0.9519,1.5000,0.4334,0.9739,19.6779,-0.4593,3.0000,0.0000,3.0000,0,17.4247,511.9219,56.6561,284.2890,-227.6329,0.0035,-1.2302,513.1555,55.4294
87.476,2,0,learned,11.6700,133.9159,1.3926,-1.5108,2.2650,2.7226,-0.4052,0.9457,1.5000,0.5530,0.9739,19.6219,-0.4469,3.0000,0.0000,3.0000,0,17.4247,518.4034,63.6090,291.0062,-227.3972,0.1951,-1.2215,519.8200,62.5826
87.526,2,0,learned,11.6107,134.0239,1.3745,-1.4558,2.2617,2.6897,-0.4385,0.9400,1.5000,0.6627,0.9739,19.5694,-0.4345,3.0000,0.0000,3.0000,0,17.4247,607.8522,75.9231,341.8876,-265.9645,0.3096,-0.9807,609.1425,75.2520
87.576,2,0,learned,11.6107,134.0239,1.3567,-1.4558,2.2617,2.6897,-0.4268,0.9400,1.5000,0.6627,0.9739,19.5694,-0.4167,3.0000,0.0000,3.0000,0,17.4247,652.0046,44.7116,348.3581,-303.6465,0.2768,-0.9850,653.2663,44.0034
87.625,2,0,learned,11.4958,134.2421,1.3301,-1.3448,2.2333,2.6070,-0.4320,0.9287,1.5000,0.8804,0.9739,19.4622,-0.4015,3.0000,0.0000,3.0000,0,17.4247,575.4995,26.9134,301.2064,-274.2930,0.6331,-0.7090,576.8415,26.8376
87.676,2,0,learned,11.4958,134.2421,1.3213,-1.3448,2.2333,2.6070,-0.4330,0.9287,1.5000,0.8804,0.9739,19.4622,-0.3927,3.0000,0.0000,3.0000,0,17.4247,602.9178,60.2837,331.6007,-271.3171,0.6155,-0.6878,604.2212,60.2114
87.725,2,0,learned,11.4402,134.3524,1.2991,-1.2897,2.2110,2.5597,-0.4610,0.9230,1.5000,0.9884,0.9739,19.4075,-0.3761,3.0000,0.0000,3.0000,0,17.4247,684.5413,55.2771,369.9092,-314.6321,0.7618,-0.4546,685.7578,55.5843
87.775,2,0,learned,11.3898,134.4558,1.2811,-1.2417,2.1998,2.5260,-0.4700,0.9177,1.5000,1.0882,0.9739,19.3557,-0.3634,3.0000,0.0000,3.0000,0,17.4247,577.4445,-32.0305,272.7070,-304.7375,0.9035,-0.2621,578.6102,-31.3891
87.826,2,0,learned,11.3386,134.5649,1.2584,-1.1905,2.1795,2.4834,-0.4642,0.9121,1.5000,1.1919,0.9739,19.3005,-0.3462,3.0000,0.0000,3.0000,0,17.4247,596.8030,-7.5912,294.6059,-302.1971,1.0564,-0.1480,598.0074,-6.6827
87.876,2,0,learned,11.2923,134.6677,1.2399,-1.1449,2.1719,2.4552,-0.4853,0.9069,1.5000,1.2879,0.9739,19.2477,-0.3329,3.0000,0.0000,3.0000,0,17.4247,590.5964,33.8994,312.2479,-278.3485,1.1621,0.0618,591.6966,35.1233
87.930,2,0,learned,11.2923,134.6677,1.2258,-1.1449,2.1719,2.4552,-0.5078,0.9069,1.5000,1.2879,0.9739,19.2477,-0.3188,3.0000,0.0000,3.0000,0,17.4247,623.5121,109.2407,366.3764,-257.1357,1.1280,0.1799,624.4603,110.5486
87.975,2,0,learned,11.2457,134.7767,1.2021,-1.0952,2.1569,2.4190,-0.4760,0.9015,1.5000,1.3878,0.9739,19.1908,-0.3005,3.0000,0.0000,3.0000,0,17.4247,629.2400,198.6603,413.9501,-215.2898,1.2749,0.1953,630.3195,200.1305
88.026,2,0,learned,11.2038,134.8795,1.1828,-1.0510,2.1535,2.3963,-0.4870,0.8965,1.5000,1.4802,0.9739,19.1366,-0.2863,3.0000,0.0000,3.0000,0,17.4247,658.5392,213.4971,436.0182,-222.5211,1.3577,0.3597,659.5373,215.2145
88.075,2,0,learned,11.1617,134.9889,1.1633,-1.0028,2.1437,2.3667,-0.4868,0.8912,1.5000,1.5766,0.9739,19.0776,-0.2721,3.0000,0.0000,3.0000,0,17.4247,672.8204,179.2146,426.0175,-246.8029,1.4686,0.4867,673.8023,181.1700
88.125,2,0,learned,11.1247,135.0930,1.1387,-0.9562,2.1488,2.3519,-0.4953,0.8862,1.5000,1.6656,0.9739,19.0201,-0.2525,3.0000,0.0000,3.0000,0,17.4247,723.1414,143.5000,433.3207,-289.8207,1.5171,0.6494,724.0091,145.6665
88.175,2,0,learned,11.1247,135.0930,1.1240,-0.9562,2.1488,2.3519,-0.4820,0.8862,1.5000,1.6656,0.9739,19.0201,-0.2378,3.0000,0.0000,3.0000,0,17.4247,726.6688,131.4182,429.0435,-297.6253,1.4994,0.6371,727.5310,133.5547
88.226,2,0,learned,11.0891,135.2050,1.0995,-0.9019,2.1497,2.3313,-0.4895,0.8810,1.5000,1.7580,0.9739,18.9561,-0.2184,3.0000,0.0000,3.0000,0,17.4247,705.4278,127.3751,416.4015,-289.0263,1.5851,0.8124,706.2004,129.7726
88.275,2,0,learned,11.0590,135.3121,1.0799,-0.8471,2.1658,2.3256,-0.4800,0.8762,1.5000,1.8431,0.9739,18.8930,-0.2037,3.0000,0.0000,3.0000,0,17.4247,677.2580,155.8833,416.5707,-260.6873,1.6450,0.9045,677.9984,158.4328
88.326,2,0,learned,11.0307,135.4272,1.0603,-0.7864,2.1757,2.3134,-0.4915,0.8711,1.5000,1.9312,0.9739,18.8228,-0.1892,3.0000,0.0000,3.0000,0,17.4247,736.2206,180.8403,458.5305,-277.6902,1.7035,1.0607,736.8635,183.6044
88.375,2,0,learned,11.0073,135.5372,1.0406,-0.7266,2.1987,2.3156,-0.4953,0.8664,1.5000,2.0124,0.9739,18.7540,-0.1742,3.0000,0.0000,3.0000,0,17.4247,658.7490,218.5730,438.6610,-220.0880,1.7459,1.2159,659.2790,221.5348
88.425,2,0,learned,10.9860,135.6551,1.0208,-0.6633,2.2124,2.3097,-0.5028,0.8614,1.5000,2.0963,0.9739,18.6781,-0.1594,3.0000,0.0000,3.0000,0,17.4247,677.4454,219.7247,448.5850,-228.8603,1.7941,1.3660,677.8734,222.8848
88.476,2,0,learned,10.9691,135.7674,0.9960,-0.6010,2.2377,2.3170,-0.5135,0.8568,1.5000,2.1734,0.9739,18.6041,-0.1392,3.0000,0.0000,3.0000,0,17.4247,658.1699,230.0142,444.0920,-214.0779,1.8002,1.5486,658.4215,233.3630
88.525,2,0,learned,10.9691,135.7674,0.9809,-0.6010,2.2377,2.3170,-0.4873,0.8568,1.5000,2.1734,0.9739,18.6041,-0.1241,3.0000,0.0000,3.0000,0,17.4247,695.6868,217.6117,456.6493,-239.0375,1.7830,1.4771,695.9927,220.8718
88.576,2,0,learned,10.9548,135.8877,0.9610,-0.5358,2.2529,2.3158,-0.5075,0.8520,1.5000,2.2528,0.9739,18.5228,-0.1090,3.0000,0.0000,3.0000,0,17.4247,711.0603,245.2975,478.1789,-232.8814,1.8132,1.6790,711.1945,248.7897
88.625,2,0,learned,10.9446,136.0019,0.9362,-0.4711,2.2784,2.3266,-0.4905,0.8475,1.5000,2.3255,0.9739,18.4437,-0.0888,3.0000,0.0000,3.0000,0,17.4247,660.5593,241.1468,450.8531,-209.7063,1.8267,1.7585,660.6276,244.7320
88.676,2,0,learned,10.9374,136.1239,0.9214,-0.4048,2.2917,2.3272,-0.4865,0.8428,1.5000,2.4000,0.9739,18.3573,-0.0786,3.0000,0.0000,3.0000,0,17.4247,651.9551,266.7611,459.3581,-192.5970,1.8724,1.8569,651.9705,270.4904
88.725,2,0,learned,10.9374,136.1239,0.9017,-0.4048,2.2917,2.3272,-0.4718,0.8428,1.5000,2.4000,0.9739,18.3573,-0.0589,3.0000,0.0000,3.0000,0,17.4247,645.9592,288.3882,467.1737,-178.7855,1.8523,1.8530,645.9586,292.0935
88.775,2,0,learned,10.9338,136.2395,0.8969,-0.3385,2.3150,2.3396,-0.4703,0.8384,1.5000,2.4679,0.9739,18.2735,-0.0585,3.0000,0.0000,3.0000,0,17.4247,690.1435,302.0674,496.1055,-194.0381,1.8660,1.9209,690.0886,305.8543
88.825,2,0,learned,10.9337,136.3625,0.8725,-0.2711,2.3254,2.3411,-0.4660,0.8339,1.5000,2.5371,0.9739,18.1823,-0.0386,3.0000,0.0000,3.0000,0,17.4247,724.1583,266.3922,495.2753,-228.8830,1.8851,2.0301,724.0133,270.3074
88.875,2,0,learned,10.9371,136.4787,0.8485,-0.2031,2.3443,2.3531,-0.4783,0.8297,1.5000,2.5997,0.9739,18.0942,-0.0187,3.0000,0.0000,3.0000,0,17.4247,726.4189,257.0344,491.7266,-234.6922,1.8717,2.2082,726.0824,261.1143
88.926,2,0,learned,10.9371,136.4787,0.8389,-0.2031,2.3443,2.3531,-0.4773,0.8297,1.5000,2.5997,0.9739,18.0942,-0.0092,3.0000,0.0000,3.0000,0,17.4247,728.5002,306.6536,517.5769,-210.9233,1.8592,2.2323,728.1271,310.7451
88.976,2,0,learned,10.9444,136.6022,0.8152,-0.1343,2.3504,2.3542,-0.4552,0.8254,1.5000,2.6630,0.9739,17.9983,0.0102,3.0000,0.0000,3.0000,0,17.4247,702.3775,286.1585,494.2680,-208.1095,1.8981,2.2806,701.9950,290.3372
89.025,2,0,learned,10.9548,136.7189,0.8012,-0.0642,2.3665,2.3673,-0.4703,0.8214,1.5000,2.7200,0.9739,17.9056,0.0202,3.0000,0.0000,3.0000,0,17.4247,645.7271,316.8676,481.2973,-164.4297,1.9039,2.4581,645.1729,321.2297
89.075,2,0,learned,10.9548,136.7189,0.7919,-0.0642,2.3665,2.3673,-0.4610,0.8214,1.5000,2.7200,0.9739,17.9056,0.0296,3.0000,0.0000,3.0000,0,17.4247,682.8347,323.4680,503.1513,-179.6833,1.8887,2.4387,682.2847,327.7954
89.125,2,0,learned,10.9696,136.8430,0.7685,0.0057,2.3705,2.3705,-0.4492,0.8173,1.5000,2.7775,0.9739,17.8048,0.0488,3.0000,0.0000,3.0000,0,17.4247,647.1266,297.6677,472.3971,-174.7294,1.9178,2.5265,646.5178,302.1120
89.175,2,0,learned,10.9870,136.9601,0.7547,0.0770,2.3844,2.3857,-0.4423,0.8135,1.5000,2.8290,0.9739,17.7076,0.0588,3.0000,0.0000,3.0000,0,17.4247,689.6397,292.3366,490.9881,-198.6515,1.9081,2.5932,688.9545,296.8378
89.225,2,0,learned,10.9870,136.9601,0.7408,0.0770,2.3844,2.3857,-0.4492,0.8135,1.5000,2.8290,0.9739,17.7076,0.0726,3.0000,0.0000,3.0000,0,17.4247,692.7172,297.0081,494.8626,-197.8546,1.8857,2.6560,691.9469,301.5498
89.276,2,0,learned,11.0092,137.0844,0.7226,0.1468,2.3855,2.3900,-0.4373,0.8095,1.5000,2.8805,0.9739,17.6023,0.0869,3.0000,0.0000,3.0000,0,17.4247,681.5975,342.9078,512.2526,-169.3449,1.9124,2.7314,680.7785,347.5515
89.326,2,0,learned,11.0332,137.2014,0.7091,0.2179,2.3959,2.4058,-0.4253,0.8059,1.5000,2.9263,0.9739,17.5010,0.0968,3.0000,0.0000,3.0000,0,17.4247,678.0254,371.3913,524.7084,-153.3170,1.9090,2.7902,677.1442,376.0905
89.376,2,0,learned,11.0332,137.2014,0.6912,0.2179,2.3959,2.4058,-0.4487,0.8059,1.5000,2.9263,0.9739,17.5010,0.1147,3.0000,0.0000,3.0000,0,17.4247,683.2599,359.0579,521.1589,-162.1010,1.8737,2.9263,682.2074,363.8579
89.425,2,0,learned,11.0623,137.3254,0.6690,0.2862,2.3936,2.4107,-0.4445,0.8022,1.5000,2.9719,0.9739,17.3916,0.1332,3.0000,0.0000,3.0000,0,17.4247,706.6353,364.1788,535.4071,-171.2283,1.8806,3.0311,705.4849,369.0905
89.475,2,0,learned,11.0931,137.4420,0.6646,0.3571,2.4010,2.4275,-0.4165,0.7988,1.5000,3.0121,0.9739,17.2864,0.1341,3.0000,0.0000,3.0000,0,17.4247,651.0532,382.5723,516.8127,-134.2405,1.9000,3.0114,649.9417,387.4837
89.525,2,0,learned,11.1295,137.5655,0.6428,0.4257,2.3956,2.4331,-0.4233,0.7953,1.5000,3.0514,0.9739,17.1727,0.1525,3.0000,0.0000,3.0000,0,17.4247,636.1045,377.9902,507.0474,-129.0572,1.9045,3.1638,634.8452,383.0585
89.575,2,0,learned,11.1672,137.6814,0.6213,0.4978,2.3993,2.4504,-0.4260,0.7921,1.5000,3.0853,0.9739,17.0636,0.1708,3.0000,0.0000,3.0000,0,17.4247,658.8376,377.7425,518.2901,-140.5475,1.8694,3.2919,657.4151,382.9038
89.625,2,0,learned,11.1672,137.6814,0.6127,0.4978,2.3993,2.4504,-0.4105,0.7921,1.5000,3.0853,0.9739,17.0636,0.1794,3.0000,0.0000,3.0000,0,17.4247,652.8495,367.5466,510.1980,-142.6515,1.8670,3.2506,651.4659,372.6642
89.676,2,0,learned,11.2109,137.8036,0.5916,0.5661,2.3895,2.4556,-0.4150,0.7889,1.5000,3.1179,0.9739,16.9460,0.1972,3.0000,0.0000,3.0000,0,17.4247,664.3474,386.7524,525.5499,-138.7975,1.8670,3.3889,662.8255,392.0083
89.725,2,0,learned,11.2551,137.9178,0.5792,0.6372,2.3876,2.4712,-0.3942,0.7860,1.5000,3.1455,0.9739,16.8339,0.2067,3.0000,0.0000,3.0000,0,17.4247,660.2848,418.4247,539.3547,-120.9301,1.8599,3.4077,658.7370,423.6923
89.775,2,0,learned,11.2551,137.9178,0.5629,0.6372,2.3876,2.4712,-0.3967,0.7860,1.5000,3.1455,0.9739,16.8339,0.2231,3.0000,0.0000,3.0000,0,17.4247,688.0572,430.5142,559.2857,-128.7715,1.8332,3.4556,686.4348,435.8030
89.825,2,0,learned,11.3554,138.1501,0.5388,0.7711,2.3651,2.4876,-0.3778,0.7803,1.5000,3.1931,0.9739,16.5989,0.2416,3.0000,0.0000,3.0000,0,17.4247,676.8230,418.9697,547.8963,-128.9267,1.8483,3.5667,675.1046,424.3846
89.876,2,0,learned,11.3554,138.1501,0.5308,0.7711,2.3651,2.4876,-0.3750,0.7803,1.5000,3.1931,0.9739,16.5989,0.2495,3.0000,0.0000,3.0000,0,17.4247,645.2967,462.2155,553.7561,-91.5406,1.8446,3.5881,643.5532,467.6482
89.926,2,0,learned,11.4118,138.2681,0.5152,0.8337,2.3457,2.4895,-0.3740,0.7777,1.5000,3.2128,0.9739,16.4759,0.2625,3.0000,0.0000,3.0000,0,17.4247,630.5721,463.1974,546.8847,-83.6874,1.8614,3.6875,628.7460,468.7462
89.976,2,0,learned,11.4679,138.3783,0.4997,0.9009,2.3359,2.5036,-0.3685,0.7753,1.5000,3.2283,0.9739,16.3586,0.2755,3.0000,0.0000,3.0000,0,17.4247,642.0051,451.4833,546.7442,-95.2609,1.8382,3.7619,640.0815,457.0834
90.025,2,0,learned,11.4679,138.3783,0.4845,0.9009,2.3359,2.5036,-0.3427,0.7753,1.5000,3.2283,0.9739,16.3586,0.2907,3.0000,0.0000,3.0000,0,17.4247,631.2955,469.0246,550.1601,-81.1354,1.8340,3.6993,629.4301,474.5580
90.075,2,0,learned,11.5307,138.4941,0.4696,0.9619,2.3141,2.5061,-0.3535,0.7729,1.5000,3.2415,0.9739,16.2328,0.3032,3.0000,0.0000,3.0000,0,17.4247,655.2657,482.8237,569.0447,-86.2210,1.8334,3.8387,653.2604,488.4958
90.125,2,0,learned,11.5926,138.6021,0.4586,1.0275,2.3011,2.5201,-0.3580,0.7708,1.5000,3.2510,0.9739,16.1131,0.3121,3.0000,0.0000,3.0000,0,17.4247,642.7467,454.2369,548.4918,-94.2549,1.8128,3.9421,640.6174,459.9918
90.175,2,0,learned,11.6612,138.7152,0.4443,1.0860,2.2760,2.5218,-0.3327,0.7687,1.5000,3.2578,0.9739,15.9851,0.3244,3.0000,0.0000,3.0000,0,17.4247,651.3929,462.4211,556.9070,-94.4859,1.8320,3.9306,649.2943,468.1837
90.225,2,0,learned,11.7287,138.8205,0.4268,1.1498,2.2595,2.5352,-0.3250,0.7669,1.5000,3.2612,0.9739,15.8635,0.3401,3.0000,0.0000,3.0000,0,17.4247,640.4147,464.3441,552.3794,-88.0353,1.8065,4.0025,638.2187,470.1530
90.276,2,0,learned,11.7287,138.8205,0.4165,1.1498,2.2595,2.5352,-0.3227,0.7669,1.5000,3.2612,0.9739,15.8635,0.3504,3.0000,0.0000,3.0000,0,17.4247,619.4532,472.4206,545.9369,-73.5163,1.7996,4.0241,617.2287,478.2442
90.331,2,0,learned,11.8031,138.9307,0.4030,1.2062,2.2314,2.5365,-0.3128,0.7651,1.5000,3.2615,0.9739,15.7334,0.3621,3.0000,0.0000,3.0000,0,17.4247,626.2421,501.1808,563.7114,-62.5307,1.8098,4.0745,623.9774,507.0651
90.376,2,0,learned,11.8758,139.0331,0.3932,1.2680,2.2119,2.5495,-0.3160,0.7636,1.5000,3.2590,0.9739,15.6101,0.3704,3.0000,0.0000,3.0000,0,17.4247,636.3266,504.0291,570.1779,-66.1487,1.7806,4.1677,633.9396,509.9774
90.425,2,0,learned,11.8758,139.0331,0.3801,1.2680,2.2119,2.5495,-0.2975,0.7636,1.5000,3.2590,0.9739,15.6101,0.3834,3.0000,0.0000,3.0000,0,17.4247,614.9197,467.7322,541.3260,-73.5938,1.7818,4.1190,612.5826,473.6330
90.475,2,0,learned,11.9556,139.1401,0.3642,1.3213,2.1810,2.5500,-0.2928,0.7622,1.5000,3.2531,0.9739,15.4785,0.3979,3.0000,0.0000,3.0000,0,17.4247,600.2954,489.9261,545.1107,-55.1846,1.7907,4.1962,597.8898,495.9131
90.526,2,0,learned,12.0332,139.2394,0.3549,1.3802,2.1585,2.5620,-0.3025,0.7610,1.5000,3.2448,0.9739,15.3538,0.4060,3.0000,0.0000,3.0000,0,17.4247,520.8180,497.8678,509.3429,-11.4751,1.7747,4.3284,518.2643,503.9710
90.575,2,0,learned,12.1180,139.3430,0.3397,1.4305,2.1253,2.5619,-0.2888,0.7599,1.5000,3.2328,0.9739,15.2209,0.4202,3.0000,0.0000,3.0000,0,17.4247,553.4073,545.1025,549.2549,-4.1524,1.7768,4.3605,550.8237,551.2399
90.625,2,0,learned,12.2000,139.4390,0.3308,1.4859,2.1005,2.5730,-0.2998,0.7590,1.5000,3.2190,0.9739,15.0953,0.4282,3.0000,0.0000,3.0000,0,17.4247,496.4761,545.1170,520.7965,24.3204,1.7562,4.4892,493.7431,551.3624
90.675,2,0,learned,12.2000,139.4390,0.3192,1.4859,2.1005,2.5730,-0.2572,0.7590,1.5000,3.2190,0.9739,15.0953,0.4398,3.0000,0.0000,3.0000,0,17.4247,500.0193,480.5503,490.2848,-9.7345,1.7696,4.3222,497.4667,486.6421
90.725,2,0,learned,12.2888,139.5390,0.3051,1.5303,2.0649,2.5701,-0.2770,0.7583,1.5000,3.2018,0.9739,14.9621,0.4532,3.0000,0.0000,3.0000,0,17.4247,508.8181,472.2489,490.5335,-18.2846,1.7708,4.4805,506.1083,478.5002
90.775,2,0,learned,12.3741,139.6313,0.2970,1.5797,2.0365,2.5774,-0.2375,0.7577,1.5000,3.1831,0.9739,14.8367,0.4607,3.0000,0.0000,3.0000,0,17.4247,513.3073,447.5228,480.4150,-32.8922,1.7759,4.3682,510.7150,453.6669
90.825,2,0,learned,12.4662,139.7271,0.2840,1.6181,1.9975,2.5706,-0.2273,0.7573,1.5000,3.1607,0.9739,14.7040,0.4733,3.0000,0.0000,3.0000,0,17.4247,485.7887,476.0840,480.9363,-4.8523,1.8073,4.4027,483.1933,482.2939
90.878,2,0,learned,12.5541,139.8153,0.2765,1.6604,1.9655,2.5730,-0.2225,0.7570,1.5000,3.1376,0.9739,14.5796,0.4805,3.0000,0.0000,3.0000,0,17.4247,463.1973,501.4885,482.3429,19.1456,1.8097,4.4477,460.5593,507.7458
90.926,2,0,learned,12.5541,139.8153,0.2669,1.6604,1.9655,2.5730,-0.2310,0.7570,1.5000,3.1376,0.9739,14.5796,0.4901,3.0000,0.0000,3.0000,0,17.4247,452.8436,503.1436,477.9936,25.1500,1.7978,4.5121,450.1293,509.4535
90.975,2,0,learned,12.6481,139.9066,0.2553,1.6902,1.9237,2.5607,-0.2090,0.7569,1.5000,3.1112,0.9739,14.4484,0.5016,3.0000,0.0000,3.0000,0,17.4247,454.0184,520.4669,487.2426,33.2243,1.8485,4.4759,451.3910,526.7914
91.025,2,0,learned,12.7375,139.9907,0.2486,1.7244,1.8892,2.5578,-0.2122,0.7569,1.5000,3.0845,0.9739,14.3258,0.5083,3.0000,0.0000,3.0000,0,17.4247,456.1072,505.6344,480.8708,24.7636,1.8621,4.5326,453.4367,512.0291
91.075,2,0,learned,12.8330,140.0775,0.2400,1.7468,1.8454,2.5410,-0.1933,0.7571,1.5000,3.0544,0.9739,14.1967,0.5171,3.0000,0.0000,3.0000,0,17.4247,471.3033,517.9774,494.6404,23.3370,1.9265,4.4895,468.7403,524.3934
91.126,2,0,learned,12.9236,140.1572,0.2318,1.7750,1.8086,2.5341,-0.1725,0.7574,1.5000,3.0242,0.9739,14.0761,0.5256,3.0000,0.0000,3.0000,0,17.4247,460.5090,518.8362,489.6726,29.1636,1.9643,4.4423,458.0310,525.2428
91.175,2,0,learned,12.9236,140.1572,0.2240,1.7750,1.8086,2.5341,-0.1495,0.7574,1.5000,3.0242,0.9739,14.0761,0.5334,3.0000,0.0000,3.0000,0,17.4247,429.8149,535.5273,482.6711,52.8562,1.9730,4.3694,427.4185,541.8697
91.226,2,0,learned,13.0204,140.2396,0.2148,1.7922,1.7636,2.5145,-0.1678,0.7579,1.5000,2.9905,0.9739,13.9492,0.5430,3.0000,0.0000,3.0000,0,17.4247,406.3337,537.2071,471.7704,65.4367,2.0350,4.4907,403.8779,543.7328
91.275,2,0,learned,13.1122,140.3153,0.2096,1.8166,1.7263,2.5060,-0.1410,0.7584,1.5000,2.9570,0.9739,13.8304,0.5488,3.0000,0.0000,3.0000,0,17.4247,387.4604,541.5421,464.5012,77.0409,2.0844,4.4043,385.1405,548.0308
91.325,2,0,learned,13.2105,140.3936,0.2014,1.8310,1.6821,2.4863,-0.1335,0.7592,1.5000,2.9198,0.9739,13.7053,0.5578,3.0000,0.0000,3.0000,0,17.4247,401.2810,528.5183,464.8996,63.6186,2.1561,4.3922,399.0449,535.0665
91.375,2,0,learned,13.3036,140.4654,0.1968,1.8531,1.6451,2.4779,-0.1212,0.7601,1.5000,2.8831,0.9739,13.5883,0.5633,3.0000,0.0000,3.0000,0,17.4247,380.1779,519.9310,450.0545,69.8765,2.1999,4.3614,378.0164,526.4922
91.425,2,0,learned,13.3036,140.4654,0.1911,1.8531,1.6451,2.4779,-0.1170,0.7601,1.5000,2.8831,0.9739,13.5883,0.5690,3.0000,0.0000,3.0000,0,17.4247,359.6891,526.5213,443.1052,83.4161,2.2000,4.3626,357.5265,533.0839
91.475,2,0,learned,13.4031,140.5396,0.1859,1.8650,1.6012,2.4580,-0.0970,0.7612,1.5000,2.8425,0.9739,13.4651,0.5753,3.0000,0.0000,3.0000,0,17.4247,365.5653,495.2884,430.4269,64.8615,2.2850,4.2756,363.5747,501.8490
91.525,2,0,learned,13.4974,140.6076,0.1799,1.8847,1.5642,2.4493,-0.0800,0.7624,1.5000,2.8028,0.9739,13.3500,0.5825,3.0000,0.0000,3.0000,0,17.4247,369.3421,503.9012,436.6216,67.2796,2.3254,4.2217,367.4458,510.4483
91.575,2,0,learned,13.5978,140.6776,0.1767,1.8941,1.5209,2.4292,-0.0860,0.7638,1.5000,2.7591,0.9739,13.2289,0.5871,3.0000,0.0000,3.0000,0,17.4247,364.6705,519.2661,441.9683,77.2978,2.3972,4.2590,362.8087,525.9222
91.625,2,0,learned,13.6928,140.7418,0.1729,1.9111,1.4842,2.4197,-0.0653,0.7653,1.5000,2.7166,0.9739,13.1160,0.5924,3.0000,0.0000,3.0000,0,17.4247,338.2803,498.3825,418.3314,80.0511,2.4516,4.1726,336.5593,505.0067
91.676,2,0,learned,13.6928,140.7418,0.1694,1.9111,1.4842,2.4197,-0.0615,0.7653,1.5000,2.7166,0.9739,13.1160,0.5959,3.0000,0.0000,3.0000,0,17.4247,330.7083,518.2211,424.4647,93.7564,2.4501,4.1717,328.9867,524.8428
91.726,2,0,learned,13.7938,140.8079,0.1657,1.9174,1.4416,2.3989,-0.0475,0.7670,1.5000,2.6702,0.9739,12.9973,0.6013,3.0000,0.0000,3.0000,0,17.4247,331.8019,504.9781,418.3900,86.5881,2.5370,4.1015,330.2374,511.6165
91.775,2,0,learned,13.8892,140.8685,0.1625,1.9315,1.4057,2.3888,-0.0440,0.7687,1.5000,2.6253,0.9739,12.8866,0.6062,3.0000,0.0000,3.0000,0,17.4247,328.8797,514.5936,421.7366,92.8569,2.5786,4.0937,327.3646,521.2659
91.825,2,0,learned,13.9905,140.9309,0.1600,1.9348,1.3645,2.3676,-0.0135,0.7708,1.5000,2.5766,0.9739,12.7705,0.6107,3.0000,0.0000,3.0000,0,17.4247,325.1701,528.2497,426.7099,101.5398,2.6756,3.9440,323.9017,534.8692
91.875,2,0,learned,14.0860,140.9880,0.1589,1.9456,1.3295,2.3565,-0.0250,0.7728,1.5000,2.5298,0.9739,12.6622,0.6139,3.0000,0.0000,3.0000,0,17.4247,303.9038,534.7419,419.3229,115.4191,2.7188,3.9990,302.6237,541.4597
91.925,2,0,learned,14.1871,141.0468,0.1574,1.9454,1.2898,2.3342,-0.0108,0.7750,1.5000,2.4792,0.9739,12.5488,0.6177,3.0000,0.0000,3.0000,0,17.4247,306.0622,538.1368,422.0995,116.0373,2.8129,3.9134,304.9617,544.8632
91.975,2,0,learned,14.2823,141.1007,0.1566,1.9529,1.2564,2.3222,0.0255,0.7773,1.5000,2.4307,0.9739,12.4431,0.6207,3.0000,0.0000,3.0000,0,17.4247,276.0408,539.4984,407.7696,131.7288,2.8869,3.7300,275.1977,546.1152
92.025,2,0,learned,14.3831,141.1562,0.1563,1.9502,1.2185,2.2996,0.0328,0.7798,1.5000,2.3785,0.9739,12.3324,0.6236,3.0000,0.0000,3.0000,0,17.4247,257.5145,525.1967,391.3556,133.8411,2.9853,3.6659,256.8339,531.8480
92.075,2,0,learned,14.4780,141.2069,0.1565,1.9556,1.1863,2.2873,0.0295,0.7823,1.5000,2.3286,0.9739,12.2292,0.6259,3.0000,0.0000,3.0000,0,17.4247,258.4929,505.8964,382.1947,123.7018,3.0383,3.6550,257.8761,512.5897
92.126,2,0,learned,14.4780,141.2069,0.1569,1.9556,1.1863,2.2873,0.0343,0.7823,1.5000,2.3286,0.9739,12.2292,0.6254,3.0000,0.0000,3.0000,0,17.4247,255.4295,490.2345,372.8320,117.4025,3.0429,3.6254,254.8470,496.9028
92.176,2,0,learned,14.5785,141.2591,0.1582,1.9508,1.1497,2.2644,0.0590,0.7851,1.5000,2.2748,0.9739,12.1212,0.6269,3.0000,0.0000,3.0000,0,17.4247,266.9798,513.1714,390.0756,123.0958,3.1450,3.4725,266.6523,519.7888
92.225,2,0,learned,14.6728,141.3068,0.1594,1.9538,1.1183,2.2512,0.0673,0.7879,1.5000,2.2235,0.9739,12.0209,0.6285,3.0000,0.0000,3.0000,0,17.4247,275.2480,526.7382,400.9931,125.7451,3.2041,3.4065,275.0457,533.3489
92.276,2,0,learned,14.7724,141.3557,0.1618,1.9461,1.0829,2.2271,0.0670,0.7909,1.5000,2.1687,0.9739,11.9160,0.6291,3.0000,0.0000,3.0000,0,17.4247,262.1913,514.6020,388.3966,126.2054,3.3068,3.3598,262.1383,521.2685
92.325,2,0,learned,14.8659,141.4004,0.1642,1.9461,1.0527,2.2126,0.0900,0.7939,1.5000,2.1166,0.9739,11.8185,0.6296,3.0000,0.0000,3.0000,0,17.4247,243.3804,514.0236,378.7020,135.3216,3.3849,3.2091,243.5562,520.6176
92.375,2,0,learned,14.8659,141.4004,0.1671,1.9461,1.0527,2.2126,0.0875,0.7939,1.5000,2.1166,0.9739,11.8185,0.6268,3.0000,0.0000,3.0000,0,17.4247,225.3269,502.8630,364.0949,138.7681,3.3895,3.2119,225.5044,509.4644
92.425,2,0,learned,14.9647,141.4465,0.1703,1.9372,1.0193,2.1890,0.1040,0.7971,1.5000,2.0607,0.9739,11.7164,0.6268,3.0000,0.0000,3.0000,0,17.4247,214.7467,503.9224,359.3345,144.5878,3.4983,3.0777,215.1673,510.4983
92.476,2,0,learned,15.0578,141.4887,0.1748,1.9373,0.9913,2.1762,0.1040,0.8003,1.5000,2.0075,0.9739,11.6213,0.6255,3.0000,0.0000,3.0000,0,17.4247,203.8967,515.4128,359.6547,155.7581,3.5582,3.0363,204.4186,522.0073
92.526,2,0,learned,15.1562,141.5322,0.1799,1.9284,0.9603,2.1543,0.1290,0.8038,1.5000,1.9505,0.9739,11.5216,0.6239,3.0000,0.0000,3.0000,0,17.4247,203.5193,499.5516,351.5354,148.0162,3.6669,2.8407,204.3455,506.0591
92.576,2,0,learned,15.2486,141.5720,0.1845,1.9277,0.9342,2.1421,0.1477,0.8072,1.5000,1.8965,0.9739,11.4289,0.6227,3.0000,0.0000,3.0000,0,17.4247,206.6421,492.0342,349.3381,142.6960,3.7336,2.6892,207.6865,498.4571
92.626,2,0,learned,15.3461,141.6131,0.1894,1.9174,0.9053,2.1204,0.1318,0.8109,1.5000,1.8388,0.9739,11.3318,0.6216,3.0000,0.0000,3.0000,0,17.4247,199.4189,490.5164,344.9677,145.5488,3.8214,2.7064,200.5339,497.0443
92.675,2,0,learned,15.4377,141.6507,0.1960,1.9155,0.8810,2.1083,0.1447,0.8145,1.5000,1.7843,0.9739,11.2416,0.6185,3.0000,0.0000,3.0000,0,17.4247,190.7126,496.4732,343.5929,152.8803,3.8877,2.5803,192.0200,502.9412
92.726,2,0,learned,15.4377,141.6507,0.2003,1.9155,0.8810,2.1083,0.1603,0.8145,1.5000,1.7843,0.9739,11.2416,0.6142,3.0000,0.0000,3.0000,0,17.4247,191.2840,483.2873,337.2856,146.0016,3.8993,2.4810,192.7023,489.6676
92.775,2,0,learned,15.5343,141.6895,0.2079,1.9041,0.8540,2.0868,0.1693,0.8184,1.5000,1.7261,0.9739,11.1471,0.6106,3.0000,0.0000,3.0000,0,17.4247,191.2140,494.2816,342.7478,151.5338,3.9989,2.3595,192.8534,500.6400
92.825,2,0,learned,15.6250,141.7251,0.2159,1.9008,0.8315,2.0747,0.1852,0.8222,1.5000,1.6712,0.9739,11.0593,0.6063,3.0000,0.0000,3.0000,0,17.4247,177.4534,493.9194,335.6864,158.2330,4.0691,2.2058,179.3167,500.1943
92.876,2,0,learned,15.7205,141.7618,0.2227,1.8883,0.8065,2.0533,0.1920,0.8263,1.5000,1.6128,0.9739,10.9674,0.6036,3.0000,0.0000,3.0000,0,17.4247,177.2088,498.5348,337.8718,160.6630,4.1674,2.0912,179.2850,504.7934
92.926,2,0,learned,15.8101,141.7955,0.2262,1.8838,0.7856,2.0410,0.1715,0.8303,1.5000,1.5577,0.9739,10.8820,0.6041,3.0000,0.0000,3.0000,0,17.4247,156.6457,493.2987,324.9722,168.3265,4.2187,2.1394,158.7249,499.6568
92.975,2,0,learned,15.8101,141.7955,0.2354,1.8838,0.7856,2.0410,0.2127,0.8303,1.5000,1.5577,0.9739,10.8820,0.5949,3.0000,0.0000,3.0000,0,17.4247,161.9948,499.7435,330.8692,168.8743,4.2438,1.8932,164.3455,505.8804
93.025,2,0,learned,15.9931,141.8623,0.2449,1.8651,0.7433,2.0078,0.2105,0.8387,1.5000,1.4439,0.9739,10.7096,0.5938,3.0000,0.0000,3.0000,0,17.4247,160.7648,487.8672,324.3160,163.5512,4.3949,1.7531,163.4065,494.0152
93.076,2,0,learned,15.9931,141.8623,0.2488,1.8651,0.7433,2.0078,0.2132,0.8387,1.5000,1.4439,0.9739,10.7096,0.5898,3.0000,0.0000,3.0000,0,17.4247,172.7813,505.1242,338.9527,166.1715,4.3964,1.7312,175.4465,511.2518
93.126,2,0,learned,16.0864,141.8954,0.2570,1.8512,0.7219,1.9870,0.2447,0.8431,1.5000,1.3853,0.9739,10.6227,0.5862,3.0000,0.0000,3.0000,0,17.4247,163.5570,505.2633,334.4101,170.8531,4.5062,1.4710,166.5921,511.2405
93.175,2,0,learned,16.1740,141.9259,0.2654,1.8457,0.7044,1.9755,0.2132,0.8474,1.5000,1.3300,0.9739,10.5418,0.5820,3.0000,0.0000,3.0000,0,17.4247,148.8788,492.1560,320.5174,171.6386,4.5529,1.5530,151.8786,498.2619
93.225,2,0,learned,16.1740,141.9259,0.2719,1.8457,0.7044,1.9755,0.2190,0.8474,1.5000,1.3300,0.9739,10.5418,0.5755,3.0000,0.0000,3.0000,0,17.4247,134.9920,494.2132,314.6026,179.6106,4.5620,1.5032,138.0508,500.2784
93.275,2,0,learned,16.2664,141.9575,0.2831,1.8321,0.6850,1.9559,0.2400,0.8520,1.5000,1.2713,0.9739,10.4571,0.5690,3.0000,0.0000,3.0000,0,17.4247,140.7924,487.3886,314.0905,173.2981,4.6627,1.2809,144.1742,493.3322
93.331,2,0,learned,16.3533,141.9866,0.2876,1.8275,0.6696,1.9463,0.2553,0.8565,1.5000,1.2158,0.9739,10.3781,0.5688,3.0000,0.0000,3.0000,0,17.4247,147.6823,475.5492,311.6157,163.9335,4.7182,1.1186,151.2819,481.3859
93.376,2,0,learned,16.3533,141.9866,0.2970,1.8275,0.6696,1.9463,0.2457,0.8565,1.5000,1.2158,0.9739,10.3781,0.5595,3.0000,0.0000,3.0000,0,17.4247,129.5497,485.4037,307.4767,177.9270,4.7226,1.1455,133.1268,491.2718
93.425,2,0,learned,16.4450,142.0169,0.3091,1.8149,0.6522,1.9285,0.2585,0.8613,1.5000,1.1570,0.9739,10.2952,0.5522,3.0000,0.0000,3.0000,0,17.4247,144.1951,478.1934,311.1943,166.9991,4.8123,0.9601,148.0473,483.9658
93.475,2,0,learned,16.5311,142.0449,0.3116,1.8107,0.6383,1.9199,0.2647,0.8659,1.5000,1.1015,0.9739,10.2180,0.5543,3.0000,0.0000,3.0000,0,17.4247,141.9074,473.5134,307.7104,165.8030,4.8585,0.8556,145.9104,479.2275
93.526,2,0,learned,16.6221,142.0740,0.3241,1.7985,0.6226,1.9032,0.2752,0.8709,1.5000,1.0426,0.9739,10.1370,0.5467,3.0000,0.0000,3.0000,0,17.4247,144.9343,480.2931,312.6137,167.6794,4.9436,0.6857,149.1922,485.9225
93.575,2,0,learned,16.7076,142.1010,0.3370,1.7949,0.6104,1.8959,0.2575,0.8756,1.5000,0.9871,0.9739,10.0614,0.5387,3.0000,0.0000,3.0000,0,17.4247,136.7068,475.3352,306.0210,169.3142,4.9832,0.6759,141.0141,480.9943
93.625,2,0,learned,16.7076,142.1010,0.3422,1.7949,0.6104,1.8959,0.2888,0.8756,1.5000,0.9871,0.9739,10.0614,0.5334,3.0000,0.0000,3.0000,0,17.4247,127.6143,474.4851,301.0497,173.4354,5.0017,0.4866,132.1295,479.9734
93.675,2,0,learned,16.7979,142.1292,0.3529,1.7835,0.5968,1.8807,0.2843,0.8808,1.5000,0.9282,0.9739,9.9820,0.5279,3.0000,0.0000,3.0000,0,17.4247,110.6986,466.4543,288.5764,177.8778,5.0759,0.3991,115.3754,471.9293
93.726,2,0,learned,16.8829,142.1554,0.3637,1.7808,0.5867,1.8750,0.2920,0.8857,1.5000,0.8726,0.9739,9.9078,0.5221,3.0000,0.0000,3.0000,0,17.4247,108.3789,463.5315,285.9552,177.5763,5.1178,0.2535,113.2431,468.9029
93.776,2,0,learned,16.8829,142.1554,0.3746,1.7808,0.5867,1.8750,0.2772,0.8857,1.5000,0.8726,0.9739,9.9078,0.5111,3.0000,0.0000,3.0000,0,17.4247,97.1352,467.1562,282.1457,185.0105,5.1209,0.3001,101.9560,472.5772
93.826,2,0,learned,16.9727,142.1829,0.3886,1.7702,0.5750,1.8612,0.2858,0.8910,1.5000,0.8138,0.9739,9.8298,0.5025,3.0000,0.0000,3.0000,0,17.4247,93.4332,470.5526,281.9929,188.5597,5.1955,0.1304,98.4983,475.8785
93.876,2,0,learned,17.0571,142.2084,0.3942,1.7675,0.5665,1.8560,0.2958,0.8961,1.5000,0.7584,0.9739,9.7571,0.5019,3.0000,0.0000,3.0000,0,17.4247,114.7673,452.7410,283.7541,168.9868,5.2300,-0.0222,120.0195,457.9487
93.925,2,0,learned,17.1460,142.2352,0.4056,1.7562,0.5560,1.8421,0.3010,0.9016,1.5000,0.6998,0.9739,9.6808,0.4959,3.0000,0.0000,3.0000,0,17.4247,123.1195,454.2791,288.6993,165.5798,5.3000,-0.1700,128.5894,459.4091
93.975,2,0,learned,17.2295,142.2600,0.4201,1.7527,0.5484,1.8365,0.3058,0.9068,1.5000,0.6448,0.9739,9.6096,0.4867,3.0000,0.0000,3.0000,0,17.4247,119.2720,448.6662,283.9691,164.6971,5.3424,-0.3185,124.9330,453.6901
94.025,2,0,learned,17.2295,142.2600,0.4259,1.7527,0.5484,1.8365,0.3140,0.9068,1.5000,0.6448,0.9739,9.6096,0.4808,3.0000,0.0000,3.0000,0,17.4247,109.5728,446.8380,278.2054,168.6326,5.3513,-0.3852,115.3093,451.8040
94.075,2,0,learned,17.3176,142.2861,0.4408,1.7409,0.5389,1.8224,0.2988,0.9124,1.5000,0.5866,0.9739,9.5350,0.4716,3.0000,0.0000,3.0000,0,17.4247,108.3652,434.2483,271.3067,162.9415,5.4170,-0.4382,114.2204,439.2270
94.126,2,0,learned,17.4002,142.3105,0.4497,1.7372,0.5327,1.8171,0.2935,0.9177,1.5000,0.5319,0.9739,9.4652,0.4680,3.0000,0.0000,3.0000,0,17.4247,100.9592,425.4330,263.1961,162.2369,5.4502,-0.5141,106.9234,430.3691
94.175,2,0,learned,17.4876,142.3361,0.4648,1.7256,0.5250,1.8037,0.3090,0.9234,1.5000,0.4741,0.9739,9.3919,0.4586,3.0000,0.0000,3.0000,0,17.4247,96.0697,446.0989,271.0843,175.0146,5.5249,-0.7262,102.3208,450.8975
94.225,2,0,learned,17.4876,142.3361,0.4770,1.7256,0.5250,1.8037,0.3227,0.9234,1.5000,0.4741,0.9739,9.3919,0.4465,3.0000,0.0000,3.0000,0,17.4247,94.0863,446.0838,270.0851,175.9988,5.5395,-0.8474,100.4732,450.7759
94.276,2,0,learned,17.5695,142.3602,0.4861,1.7218,0.5201,1.7986,0.3207,0.9289,1.5000,0.4199,0.9739,9.3235,0.4428,3.0000,0.0000,3.0000,0,17.4247,99.9318,450.4233,275.1775,175.2457,5.5707,-0.9397,106.4422,455.0544
94.325,2,0,learned,17.6559,142.3855,0.5014,1.7099,0.5135,1.7853,0.3050,0.9347,1.5000,0.3626,0.9739,9.2516,0.4333,3.0000,0.0000,3.0000,0,17.4247,101.4314,444.2692,272.8503,171.4189,5.6325,-0.9915,108.0555,448.9103
94.375,2,0,learned,17.7371,142.4092,0.5106,1.7060,0.5097,1.7805,0.3297,0.9403,1.5000,0.3088,0.9739,9.1845,0.4297,3.0000,0.0000,3.0000,0,17.4247,117.6520,432.1731,274.9126,157.2606,5.6717,-1.2449,124.5686,436.6000
94.425,2,0,learned,17.7371,142.4092,0.5199,1.7060,0.5097,1.7805,0.3270,0.9403,1.5000,0.3088,0.9739,9.1845,0.4203,3.0000,0.0000,3.0000,0,17.4247,126.2062,434.4216,280.3139,154.1077,5.6768,-1.2637,133.1467,438.8347
94.475,2,0,learned,17.8229,142.4343,0.5355,1.6948,0.5044,1.7683,0.3395,0.9463,1.5000,0.2520,0.9739,9.1138,0.4108,3.0000,0.0000,3.0000,0,17.4247,133.7832,432.4444,283.1138,149.3306,5.7439,-1.4752,141.0024,436.7131
94.526,2,0,learned,17.9035,142.4581,0.5449,1.6919,0.5022,1.7649,0.3217,0.9520,1.5000,0.1986,0.9739,9.0475,0.4071,3.0000,0.0000,3.0000,0,17.4247,122.3832,442.8117,282.5974,160.2143,5.7639,-1.4763,129.6234,447.0993
94.576,2,0,learned,17.9889,142.4834,0.5605,1.6820,0.4991,1.7545,0.3025,0.9581,1.5000,0.1422,0.9739,8.9775,0.3975,3.0000,0.0000,3.0000,0,17.4247,125.4217,456.5467,290.9842,165.5625,5.8127,-1.5014,132.7358,460.8581
94.628,2,0,learned,18.0693,142.5075,0.5731,1.6805,0.4997,1.7533,0.3195,0.9639,1.5000,0.0893,0.9739,8.9118,0.3908,3.0000,0.0000,3.0000,0,17.4247,117.0771,450.6716,283.8744,166.7972,5.8398,-1.7194,124.6363,454.7919
94.676,2,0,learned,18.0693,142.5075,0.5825,1.6805,0.4997,1.7533,0.3065,0.9639,1.5000,0.0893,0.9739,8.9118,0.3813,3.0000,0.0000,3.0000,0,17.4247,121.4582,437.9221,279.6901,158.2320,5.8420,-1.6874,128.9875,442.0767
94.725,2,0,learned,18.1545,142.5334,0.5982,1.6722,0.4994,1.7452,0.3185,0.9701,1.5000,0.0333,0.9739,8.8420,0.3719,3.0000,0.0000,3.0000,0,17.4247,120.5832,426.9607,273.7720,153.1887,5.8937,-1.9008,128.3778,430.9536
94.775,2,0,learned,18.2349,142.5581,0.6077,1.6727,0.5028,1.7466,0.3212,0.9761,1.5000,-0.0192,0.9739,8.7763,0.3684,3.0000,0.0000,3.0000,0,17.4247,110.8568,435.5243,273.1906,162.3338,5.9033,-2.0204,118.7804,439.4072
94.825,2,0,learned,18.3202,142.5849,0.6234,1.6663,0.5050,1.7411,0.3138,0.9825,1.5000,-0.0748,0.9739,8.7066,0.3591,3.0000,0.0000,3.0000,0,17.4247,116.2570,436.6839,276.4705,160.2134,5.9377,-2.1188,124.3136,440.5029
94.875,2,0,learned,18.4006,142.6104,0.6360,1.6680,0.5106,1.7444,0.3230,0.9886,1.5000,-0.1269,0.9739,8.6408,0.3526,3.0000,0.0000,3.0000,0,17.4247,129.5957,440.1094,284.8525,155.2569,5.9424,-2.2929,137.8310,443.7590
94.926,2,0,learned,18.4006,142.6104,0.6486,1.6680,0.5106,1.7444,0.3043,0.9886,1.5000,-0.1269,0.9739,8.6408,0.3400,3.0000,0.0000,3.0000,0,17.4247,143.0402,433.4976,288.2689,145.2287,5.9443,-2.2391,151.2235,437.2028
94.979,2,0,learned,18.4858,142.6380,0.6612,1.6622,0.5145,1.7400,0.3445,0.9951,1.5000,-0.1819,0.9739,8.5711,0.3339,3.0000,0.0000,3.0000,0,17.4247,141.2066,441.4742,291.3404,150.1338,5.9885,-2.5936,149.7887,444.8691
95.026,2,0,learned,18.5661,142.6644,0.6738,1.6642,0.5217,1.7441,0.2978,1.0014,1.5000,-0.2334,0.9739,8.5054,0.3275,3.0000,0.0000,3.0000,0,17.4247,126.8708,441.5942,284.2325,157.3617,5.9739,-2.4475,135.2922,445.1206
95.076,2,0,learned,18.6513,142.6930,0.6896,1.6589,0.5274,1.7407,0.3110,1.0080,1.5000,-0.2878,0.9739,8.4356,0.3184,3.0000,0.0000,3.0000,0,17.4247,118.9520,441.9688,280.4604,161.5084,6.0078,-2.6631,127.6229,445.3135
95.125,2,0,learned,18.7315,142.7206,0.6990,1.6614,0.5369,1.7460,0.2908,1.0144,1.5000,-0.3386,0.9739,8.3696,0.3153,3.0000,0.0000,3.0000,0,17.4247,108.8581,434.5097,271.6839,162.8258,5.9945,-2.6589,117.5114,437.8454
95.175,2,0,learned,18.8166,142.7506,0.7148,1.6564,0.5447,1.7436,0.3380,1.0212,1.5000,-0.3922,0.9739,8.2995,0.3064,3.0000,0.0000,3.0000,0,17.4247,112.7768,423.1900,267.9834,155.2066,6.0336,-3.0735,121.8839,426.1501
95.225,2,0,learned,18.8166,142.7506,0.7274,1.6564,0.5447,1.7436,0.3267,1.0212,1.5000,-0.3922,0.9739,8.2995,0.2938,3.0000,0.0000,3.0000,0,17.4247,116.9698,434.0631,275.5165,158.5467,6.0388,-3.0547,126.0632,437.0472
95.276,2,0,learned,18.8967,142.7794,0.7399,1.6589,0.5558,1.7496,0.3130,1.0276,1.5000,-0.4422,0.9739,8.2332,0.2877,3.0000,0.0000,3.0000,0,17.4247,118.0217,425.7391,271.8804,153.8587,6.0261,-3.1012,127.1490,428.6640
95.325,2,0,learned,18.9815,142.8106,0.7525,1.6534,0.5645,1.7471,0.3095,1.0346,1.5000,-0.4949,0.9739,8.1629,0.2821,3.0000,0.0000,3.0000,0,17.4247,122.7910,415.9092,269.3501,146.5591,6.0466,-3.2131,132.0507,418.7427
95.375,2,0,learned,19.0612,142.8405,0.7619,1.6548,0.5762,1.7523,0.3325,1.0411,1.5000,-0.5440,0.9739,8.0966,0.2792,3.0000,0.0000,3.0000,0,17.4247,123.4525,426.0762,274.7643,151.3118,6.0445,-3.4475,132.9446,428.6731
95.426,2,0,learned,19.0612,142.8405,0.7745,1.6548,0.5762,1.7523,0.3058,1.0411,1.5000,-0.5440,0.9739,8.0966,0.2667,3.0000,0.0000,3.0000,0,17.4247,124.7644,422.9662,273.8653,149.1009,6.0455,-3.3466,134.1565,425.6651
95.475,2,0,learned,19.1456,142.8728,0.7871,1.6482,0.5853,1.7491,0.3163,1.0482,1.5000,-0.5956,0.9739,8.0263,0.2611,3.0000,0.0000,3.0000,0,17.4247,121.2379,420.2263,270.7321,149.4942,6.0725,-3.5322,130.8427,422.7666
95.526,2,0,learned,19.2248,142.9039,0.7997,1.6487,0.5977,1.7537,0.3050,1.0549,1.5000,-0.6436,0.9739,7.9600,0.2552,3.0000,0.0000,3.0000,0,17.4247,121.4732,418.2455,269.8594,148.3861,6.0640,-3.5879,131.1251,420.7217
95.576,2,0,learned,19.3086,142.9375,0.8154,1.6412,0.6076,1.7501,0.3158,1.0620,1.5000,-0.6940,0.9739,7.8896,0.2466,3.0000,0.0000,3.0000,0,17.4247,132.2095,415.3785,273.7940,141.5845,6.0928,-3.7871,142.0894,417.6841
95.626,2,0,learned,19.3873,142.9699,0.8247,1.6410,0.6211,1.7546,0.3165,1.0688,1.5000,-0.7409,0.9739,7.8231,0.2440,3.0000,0.0000,3.0000,0,17.4247,128.4798,428.8547,278.6673,150.1874,6.0856,-3.8899,138.4553,431.0504
95.675,2,0,learned,19.3873,142.9699,0.8373,1.6410,0.6211,1.7546,0.3068,1.0688,1.5000,-0.7409,0.9739,7.8231,0.2315,3.0000,0.0000,3.0000,0,17.4247,132.6792,413.9906,273.3349,140.6557,6.0912,-3.8905,142.6609,416.1913
95.726,2,0,learned,19.4705,143.0050,0.8467,1.6329,0.6319,1.7509,0.3120,1.0760,1.5000,-0.7900,0.9739,7.7525,0.2293,3.0000,0.0000,3.0000,0,17.4247,132.1794,413.5757,272.8776,140.6981,6.1146,-4.0279,142.3220,415.6623
95.775,2,0,learned,19.5487,143.0388,0.8622,1.6320,0.6464,1.7553,0.3245,1.0829,1.5000,-0.8357,0.9739,7.6859,0.2207,3.0000,0.0000,3.0000,0,17.4247,140.0341,418.1966,279.1154,139.0812,6.1134,-4.2242,150.3718,420.0859
95.825,2,0,learned,19.6313,143.0756,0.8716,1.6234,0.6583,1.7518,0.3205,1.0902,1.5000,-0.8834,0.9739,7.6149,0.2186,3.0000,0.0000,3.0000,0,17.4247,127.4736,404.2441,265.8588,138.3852,6.1337,-4.3080,137.9154,406.0698
95.876,2,0,learned,19.7089,143.1110,0.8870,1.6220,0.6742,1.7565,0.3035,1.0971,1.5000,-0.9276,0.9739,7.5478,0.2101,3.0000,0.0000,3.0000,0,17.4247,130.3647,408.2615,269.3131,138.9484,6.1236,-4.3345,140.8229,410.0506
95.926,2,0,learned,19.7089,143.1110,0.8963,1.6220,0.6742,1.7565,0.3145,1.0971,1.5000,-0.9276,0.9739,7.5478,0.2008,3.0000,0.0000,3.0000,0,17.4247,131.2728,432.8801,282.0764,150.8036,6.1325,-4.4265,141.8318,434.5861
95.976,2,0,learned,19.7909,143.1494,0.9086,1.6129,0.6874,1.7533,0.2953,1.1045,1.5000,-0.9738,0.9739,7.4764,0.1959,3.0000,0.0000,3.0000,0,17.4247,133.7674,441.2945,287.5309,153.7635,6.1483,-4.4292,144.3449,443.0136
96.025,2,0,learned,19.8678,143.1865,0.9178,1.6108,0.7044,1.7581,0.2988,1.1116,1.5000,-1.0166,0.9739,7.4088,0.1937,3.0000,0.0000,3.0000,0,17.4247,131.3232,427.6614,279.4923,148.1691,6.1386,-4.5468,142.0085,429.2532
96.076,2,0,learned,19.9491,143.2268,0.9331,1.6011,0.7185,1.7549,0.2895,1.1191,1.5000,-1.0611,0.9739,7.3369,0.1859,3.0000,0.0000,3.0000,0,17.4247,143.8993,412.5464,278.2229,134.3235,6.1570,-4.6223,154.6787,414.0811
96.125,2,0,learned,19.9491,143.2268,0.9454,1.6011,0.7185,1.7549,0.3210,1.1191,1.5000,-1.0611,0.9739,7.3369,0.1737,3.0000,0.0000,3.0000,0,17.4247,155.0019,409.6767,282.3393,127.3374,6.1714,-4.8504,166.0237,410.9978
96.175,2,0,learned,20.0254,143.2657,0.9606,1.5990,0.7369,1.7606,0.3123,1.1262,1.5000,-1.1024,0.9739,7.2688,0.1656,3.0000,0.0000,3.0000,0,17.4247,144.7649,416.6472,280.7060,135.9411,6.1596,-4.9129,155.8374,417.8938
96.225,2,0,learned,20.1061,143.3081,0.9728,1.5895,0.7523,1.7586,0.3000,1.1338,1.5000,-1.1453,0.9739,7.1961,0.1609,3.0000,0.0000,3.0000,0,17.4247,162.5163,409.4853,286.0008,123.4845,6.1702,-4.9536,173.6401,410.7019
96.276,2,0,learned,20.1818,143.3489,0.9820,1.5871,0.7720,1.7649,0.3085,1.1410,1.5000,-1.1850,0.9739,7.1272,0.1590,3.0000,0.0000,3.0000,0,17.4247,166.2440,401.2808,283.7624,117.5184,6.1544,-5.0900,177.4884,402.3452
96.326,2,0,learned,20.2617,143.3933,0.9941,1.5769,0.7884,1.7630,0.3212,1.1486,1.5000,-1.2261,0.9739,7.0537,0.1545,3.0000,0.0000,3.0000,0,17.4247,168.2383,416.7191,292.4787,124.2404,6.1705,-5.2558,179.6646,417.6339
96.375,2,0,learned,20.3366,143.4361,1.0092,1.5737,0.8092,1.7696,0.2833,1.1559,1.5000,-1.2640,0.9739,6.9842,0.1467,3.0000,0.0000,3.0000,0,17.4247,163.2436,428.8174,296.0305,132.7869,6.1477,-5.1483,174.5396,429.8168
96.425,2,0,learned,20.3366,143.4361,1.0182,1.5737,0.8092,1.7696,0.2918,1.1559,1.5000,-1.2640,0.9739,6.9842,0.1377,3.0000,0.0000,3.0000,0,17.4247,169.2770,426.0246,297.6508,128.3738,6.1545,-5.2342,180.6657,426.9449
96.476,2,0,learned,20.4156,143.4827,1.0361,1.5628,0.8266,1.7679,0.2950,1.1636,1.5000,-1.3032,0.9739,6.9099,0.1275,3.0000,0.0000,3.0000,0,17.4247,173.0483,422.2078,297.6280,124.5798,6.1704,-5.3706,184.5892,423.0076
96.531,2,0,learned,20.4896,143.5277,1.0479,1.5586,0.8487,1.7747,0.2747,1.1710,1.5000,-1.3391,0.9739,6.8394,0.1231,3.0000,0.0000,3.0000,0,17.4247,169.7282,428.0125,298.8703,129.1421,6.1478,-5.3459,181.2219,428.8144
96.576,2,0,learned,20.5677,143.5767,1.0567,1.5472,0.8672,1.7737,0.3030,1.1788,1.5000,-1.3762,0.9739,6.7642,0.1221,3.0000,0.0000,3.0000,0,17.4247,183.5372,415.4039,299.4705,115.9333,6.1598,-5.5805,195.2775,415.9832
96.626,2,0,learned,20.6408,143.6239,1.0684,1.5426,0.8907,1.7813,0.2815,1.1862,1.5000,-1.4101,0.9739,6.6927,0.1178,3.0000,0.0000,3.0000,0,17.4247,188.7968,436.9057,312.8513,124.0544,6.1331,-5.5435,200.4734,437.4953
96.676,2,0,learned,20.6408,143.6239,1.0800,1.5426,0.8907,1.7813,0.2933,1.1862,1.5000,-1.4101,0.9739,6.6927,0.1062,3.0000,0.0000,3.0000,0,17.4247,207.6816,434.6298,321.1557,113.4741,6.1405,-5.6606,219.4828,435.1097
96.725,2,0,learned,20.7180,143.6753,1.0945,1.5308,0.9102,1.7809,0.2905,1.1941,1.5000,-1.4450,0.9739,6.6164,0.0996,3.0000,0.0000,3.0000,0,17.4247,202.0110,447.6766,324.8438,122.8328,6.1481,-5.7347,213.8938,448.0900
96.775,2,0,learned,20.7902,143.7249,1.1060,1.5256,0.9347,1.7891,0.2970,1.2016,1.5000,-1.4769,0.9739,6.5439,0.0955,3.0000,0.0000,3.0000,0,17.4247,209.8086,450.2614,330.0350,120.2264,6.1234,-5.8491,221.7811,450.5358
96.825,2,0,learned,20.8664,143.7788,1.1146,1.5133,0.9552,1.7896,0.2767,1.2095,1.5000,-1.5096,0.9739,6.4663,0.0950,3.0000,0.0000,3.0000,0,17.4247,217.6510,427.7313,322.6911,105.0401,6.1200,-5.8056,229.5766,428.0457
96.876,2,0,learned,20.9377,143.8310,1.1288,1.5080,0.9815,1.7993,0.2782,1.2171,1.5000,-1.5393,0.9739,6.3925,0.0883,3.0000,0.0000,3.0000,0,17.4247,224.5004,410.9401,317.7203,93.2198,6.0900,-5.9007,236.4911,411.1294
96.925,2,0,learned,20.9377,143.8310,1.1373,1.5080,0.9815,1.7993,0.2762,1.2171,1.5000,-1.5393,0.9739,6.3925,0.0798,3.0000,0.0000,3.0000,0,17.4247,215.4035,428.4554,321.9294,106.5259,6.0948,-5.9208,227.4191,428.6294
96.975,2,0,learned,21.0130,143.8879,1.1514,1.4958,1.0039,1.8015,0.2828,1.2252,1.5000,-1.5695,0.9739,6.3133,0.0738,3.0000,0.0000,3.0000,0,17.4247,221.0549,425.8591,323.4570,102.4021,6.0922,-6.0367,233.1838,425.9146
97.025,2,0,learned,21.0834,143.9428,1.1625,1.4902,1.0322,1.8128,0.2612,1.2328,1.5000,-1.5969,0.9739,6.2378,0.0703,3.0000,0.0000,3.0000,0,17.4247,222.3325,412.3393,317.3359,95.0034,6.0505,-5.9872,234.3701,412.4026
97.075,2,0,learned,21.1576,144.0026,1.1762,1.4774,1.0557,1.8158,0.2640,1.2409,1.5000,-1.6247,0.9739,6.1571,0.0647,3.0000,0.0000,3.0000,0,17.4247,228.1467,409.6940,318.9204,90.7737,6.0437,-6.0750,240.2655,409.6627
97.126,2,0,learned,21.2269,144.0602,1.1817,1.4707,1.0846,1.8274,0.2762,1.2487,1.5000,-1.6496,0.9739,6.0803,0.0670,3.0000,0.0000,3.0000,0,17.4247,226.6555,421.1116,323.8836,97.2280,6.0034,-6.1751,238.8340,420.9400
97.175,2,0,learned,21.2269,144.0602,1.1925,1.4707,1.0846,1.8274,0.2795,1.2487,1.5000,-1.6496,0.9739,6.0803,0.0561,3.0000,0.0000,3.0000,0,17.4247,252.5284,426.8743,339.7013,87.1730,6.0075,-6.2450,264.7809,426.6368
97.225,2,0,learned,21.2997,144.1227,1.2059,1.4567,1.1082,1.8303,0.2607,1.2569,1.5000,-1.6747,0.9739,5.9981,0.0509,3.0000,0.0000,3.0000,0,17.4247,254.7857,425.3758,340.0807,85.2950,5.9971,-6.2086,266.9914,425.1642
97.275,2,0,learned,21.3677,144.1829,1.2112,1.4486,1.1370,1.8415,0.2407,1.2647,1.5000,-1.6971,0.9739,5.9201,0.0534,3.0000,0.0000,3.0000,0,17.4247,259.5797,426.3011,342.9404,83.3607,5.9522,-6.1313,271.6633,426.1220
97.326,2,0,learned,21.4390,144.2480,1.2243,1.4333,1.1602,1.8440,0.2595,1.2730,1.5000,-1.7195,0.9739,5.8367,0.0487,3.0000,0.0000,3.0000,0,17.4247,251.9833,419.8983,335.9408,83.9575,5.9486,-6.2852,264.2171,419.5617
97.375,2,0,learned,21.4390,144.2480,1.2321,1.4333,1.1602,1.8440,0.2430,1.2730,1.5000,-1.7195,0.9739,5.8367,0.0409,3.0000,0.0000,3.0000,0,17.4247,239.1358,408.5018,323.8188,84.6830,5.9505,-6.2264,251.3127,408.2259
97.425,2,0,learned,21.5056,144.3107,1.2397,1.4240,1.1895,1.8554,0.2660,1.2808,1.5000,-1.7393,0.9739,5.7574,0.0411,3.0000,0.0000,3.0000,0,17.4247,233.9415,414.0392,323.9904,90.0488,5.9118,-6.3796,246.2330,413.5714
97.475,2,0,learned,21.5755,144.3787,1.2524,1.4078,1.2130,1.8583,0.2460,1.2892,1.5000,-1.7589,0.9739,5.6725,0.0368,3.0000,0.0000,3.0000,0,17.4247,233.3017,392.3157,312.8087,79.5070,5.9001,-6.3194,245.5211,391.8963
97.526,2,0,learned,21.6405,144.4439,1.2598,1.3974,1.2421,1.8697,0.2455,1.2971,1.5000,-1.7761,0.9739,5.5919,0.0373,3.0000,0.0000,3.0000,0,17.4247,257.1609,419.5503,338.3556,81.1947,5.8564,-6.3494,269.3667,419.0572
97.576,2,0,learned,21.6405,144.4439,1.2672,1.3974,1.2421,1.8697,0.2510,1.2971,1.5000,-1.7761,0.9739,5.5919,0.0299,3.0000,0.0000,3.0000,0,17.4247,264.9816,425.3924,345.1870,80.2054,5.8597,-6.4131,277.2544,424.8390
97.625,2,0,learned,21.7087,144.5142,1.2794,1.3801,1.2640,1.8715,0.2412,1.3056,1.5000,-1.7929,0.9739,5.5060,0.0262,3.0000,0.0000,3.0000,0,17.4247,267.3492,425.9023,346.6258,79.2765,5.8523,-6.4003,279.6018,425.3543
97.675,2,0,learned,21.7721,144.5813,1.2842,1.3682,1.2909,1.8810,0.2610,1.3136,1.5000,-1.8076,0.9739,5.4248,0.0294,3.0000,0.0000,3.0000,0,17.4247,242.3136,417.9812,330.1474,87.8338,5.8183,-6.5044,254.6363,417.2952
97.726,2,0,learned,21.8384,144.6536,1.2985,1.3497,1.3108,1.8814,0.2278,1.3222,1.5000,-1.8219,0.9739,5.3382,0.0237,3.0000,0.0000,3.0000,0,17.4247,265.6966,405.4515,335.5741,69.8775,5.8124,-6.3754,277.8845,404.8885
97.775,2,0,learned,21.9001,144.7229,1.3079,1.3369,1.3371,1.8909,0.2460,1.3303,1.5000,-1.8340,0.9739,5.2561,0.0225,3.0000,0.0000,3.0000,0,17.4247,275.1407,399.7702,337.4554,62.3148,5.7778,-6.4959,287.4144,399.0521
97.825,2,0,learned,21.9001,144.7229,1.3125,1.3369,1.3371,1.8909,0.2383,1.3303,1.5000,-1.8340,0.9739,5.2561,0.0178,3.0000,0.0000,3.0000,0,17.4247,267.8675,377.9306,322.8990,55.0316,5.7788,-6.4711,280.1174,377.2383
97.875,2,0,learned,21.9647,144.7974,1.3240,1.3179,1.3565,1.8912,0.2120,1.3390,1.5000,-1.8455,0.9739,5.1685,0.0150,3.0000,0.0000,3.0000,0,17.4247,273.0625,393.5586,333.3106,60.2481,5.7737,-6.3573,285.1935,392.9751
97.925,2,0,learned,22.0247,144.8686,1.3308,1.3042,1.3818,1.9001,0.2295,1.3473,1.5000,-1.8551,0.9739,5.0856,0.0165,3.0000,0.0000,3.0000,0,17.4247,275.7209,389.3859,332.5534,56.8325,5.7399,-6.4541,287.9148,388.6716
97.975,2,0,learned,22.0247,144.8686,1.3398,1.3042,1.3818,1.9001,0.2265,1.3473,1.5000,-1.8551,0.9739,5.0856,0.0075,3.0000,0.0000,3.0000,0,17.4247,285.5407,398.0976,341.8192,56.2785,5.7422,-6.4814,297.7643,397.3584
98.025,2,0,learned,22.0873,144.9451,1.3485,1.2840,1.3995,1.8993,0.2130,1.3561,1.4992,-1.8638,0.9739,4.9974,0.0076,3.0000,0.0000,3.0000,0,17.4247,289.1204,387.0944,338.1074,48.9870,5.7377,-6.4153,301.2734,386.4168
98.076,2,0,learned,22.1453,145.0180,1.3529,1.2690,1.4233,1.9069,0.2198,1.3645,1.4742,-1.8709,0.9739,4.9140,0.0116,3.0000,0.0000,3.0000,0,17.4247,272.6033,400.0259,336.3146,63.7113,5.6001,-6.4633,284.6668,399.1627
98.126,2,0,learned,22.2058,145.0962,1.3636,1.2480,1.4398,1.9053,0.2147,1.3734,1.4475,-1.8769,0.9739,4.8252,0.0099,3.0000,0.0000,3.0000,0,17.4247,266.0739,380.5107,323.2923,57.2184,5.4878,-6.4719,278.0335,379.5266
98.175,2,0,learned,22.2058,145.0962,1.3719,1.2480,1.4398,1.9053,0.2065,1.3734,1.4475,-1.8769,0.9739,4.8252,0.0015,3.0000,0.0000,3.0000,0,17.4247,261.0060,384.7014,322.8537,61.8477,5.4899,-6.4641,272.9600,383.7272
98.225,2,0,learned,22.2619,145.1709,1.3781,1.2321,1.4629,1.9126,0.1878,1.3820,1.4223,-1.8814,0.9739,4.7411,0.0039,3.0000,0.0000,3.0000,0,17.4247,280.1151,367.3618,323.7385,43.6234,5.3444,-6.3901,291.8497,366.3161
98.275,2,0,learned,22.3203,145.2510,1.3882,1.2105,1.4783,1.9107,0.1983,1.3911,1.3955,-1.8847,0.9739,4.6517,0.0029,3.0000,0.0000,3.0000,0,17.4247,278.6191,370.8444,324.7318,46.1127,5.2299,-6.4799,290.3289,369.5945
98.325,2,0,learned,22.3745,145.3271,1.3941,1.1939,1.4998,1.9170,0.2157,1.3997,1.3702,-1.8867,0.9739,4.5673,0.0056,3.0000,0.0000,3.0000,0,17.4247,263.1848,362.8907,313.0377,49.8530,5.0881,-6.5848,274.8577,361.3939
98.375,2,0,learned,22.3745,145.3271,1.4019,1.1939,1.4998,1.9170,0.1875,1.3997,1.3702,-1.8867,0.9739,4.5673,-0.0022,3.0000,0.0000,3.0000,0,17.4247,260.1385,348.3756,304.2571,44.1185,5.0878,-6.4655,271.6919,346.9980
98.425,2,0,learned,22.4308,145.4085,1.4096,1.1718,1.5130,1.9137,0.1963,1.4091,1.3433,-1.8875,0.9739,4.4777,-0.0005,3.0000,0.0000,3.0000,0,17.4247,274.0213,344.5818,309.3016,35.2802,4.9728,-6.5367,285.5308,343.0179
98.475,2,0,learned,22.4829,145.4858,1.4171,1.1545,1.5324,1.9186,0.1850,1.4179,1.3180,-1.8872,0.9739,4.3932,0.0008,3.0000,0.0000,3.0000,0,17.4247,276.4746,340.9096,308.6921,32.2175,4.8290,-6.4963,287.7999,339.2423
98.525,2,0,learned,22.5371,145.5683,1.4263,1.1319,1.5432,1.9138,0.1705,1.4274,1.2911,-1.8856,0.9739,4.3036,0.0011,3.0000,0.0000,3.0000,0,17.4247,276.2061,339.2769,307.7415,31.5354,4.7152,-6.4378,287.3591,337.5543
98.575,2,0,learned,22.5870,145.6464,1.4317,1.1138,1.5600,1.9168,0.1765,1.4365,1.2658,-1.8830,0.9739,4.2193,0.0048,3.0000,0.0000,3.0000,0,17.4247,264.1410,328.7735,296.4572,32.3162,4.5772,-6.4705,275.1887,326.8802
98.625,2,0,learned,22.5870,145.6464,1.4370,1.1138,1.5600,1.9168,0.1685,1.4365,1.2658,-1.8830,0.9739,4.2193,-0.0005,3.0000,0.0000,3.0000,0,17.4247,258.6741,317.2836,287.9788,29.3047,4.5780,-6.4489,269.7010,315.4127
98.675,2,0,learned,22.6389,145.7296,1.4456,1.0905,1.5678,1.9098,0.1570,1.4463,1.2391,-1.8792,0.9739,4.1302,0.0007,3.0000,0.0000,3.0000,0,17.4247,249.0904,304.0071,276.5488,27.4583,4.4704,-6.3933,259.9541,302.0842
98.725,2,0,learned,22.6867,145.8082,1.4490,1.0717,1.5819,1.9107,0.1522,1.4556,1.2139,-1.8745,0.9739,4.0464,0.0066,3.0000,0.0000,3.0000,0,17.4247,237.3662,298.6547,268.0105,30.6443,4.3363,-6.3514,248.0539,296.6396
98.775,2,0,learned,22.7363,145.8917,1.4588,1.0480,1.5867,1.9015,0.1447,1.4656,1.1874,-1.8686,0.9739,3.9579,0.0068,3.0000,0.0000,3.0000,0,17.4247,237.1761,290.9839,264.0800,26.9039,4.2356,-6.3231,247.7349,288.8964
98.825,2,0,learned,22.7820,145.9703,1.4652,1.0286,1.5970,1.8996,0.1507,1.4752,1.1625,-1.8622,0.9739,3.8751,0.0100,3.0000,0.0000,3.0000,0,17.4247,228.6825,290.1121,259.3973,30.7148,4.1123,-6.3534,239.1482,287.8710
98.876,2,0,learned,22.7820,145.9703,1.4699,1.0286,1.5970,1.8996,0.1663,1.4752,1.1625,-1.8622,0.9739,3.8751,0.0053,3.0000,0.0000,3.0000,0,17.4247,222.8197,285.7782,254.2989,31.4793,4.1145,-6.4626,233.3967,283.4300
98.926,2,0,learned,22.8292,146.0535,1.4774,1.0047,1.5976,1.8873,0.1405,1.4855,1.1364,-1.8545,0.9739,3.7880,0.0081,3.0000,0.0000,3.0000,0,17.4247,222.5706,283.3615,252.9660,30.3955,4.0244,-6.3138,232.9088,281.0721
98.975,2,0,learned,22.8727,146.1317,1.4819,0.9850,1.6036,1.8820,0.1560,1.4954,1.1120,-1.8466,0.9739,3.7066,0.0135,3.0000,0.0000,3.0000,0,17.4247,224.7007,279.9245,252.3126,27.6119,3.9146,-6.3881,235.0033,277.4510
99.025,2,0,learned,22.9178,146.2141,1.4891,0.9612,1.6001,1.8667,0.1472,1.5061,1.0864,-1.8374,0.9739,3.6212,0.0170,3.0000,0.0000,3.0000,0,17.4247,220.5689,283.9727,252.2708,31.7019,3.8386,-6.3266,230.7341,281.4847
99.075,2,0,learned,22.9592,146.2915,1.4947,0.9416,1.6024,1.8586,0.1338,1.5164,1.0624,-1.8282,0.9739,3.5415,0.0216,3.0000,0.0000,3.0000,0,17.4247,223.0833,277.6652,250.3743,27.2909,3.7390,-6.2340,233.0564,275.1702
99.125,2,0,learned,22.9592,146.2915,1.4989,0.9416,1.6024,1.8586,0.1338,1.5164,1.0624,-1.8282,0.9739,3.5415,0.0175,3.0000,0.0000,3.0000,0,17.4247,222.8404,265.3741,244.1073,21.2669,3.7397,-6.2553,232.8354,262.8586
99.175,2,0,learned,23.0021,146.3731,1.5056,0.9182,1.5959,1.8412,0.1303,1.5275,1.0374,-1.8178,0.9739,3.4579,0.0218,3.0000,0.0000,3.0000,0,17.4247,222.9293,255.8411,239.3852,16.4559,3.6739,-6.2157,232.8189,253.2992
99.225,2,0,learned,23.0415,146.4497,1.5096,0.8990,1.5957,1.8315,0.1313,1.5381,1.0140,-1.8074,0.9739,3.3799,0.0285,3.0000,0.0000,3.0000,0,17.4247,205.4536,261.6887,233.5712,28.1175,3.5828,-6.1843,215.2208,259.0872
99.275,2,0,learned,23.0823,146.5305,1.5161,0.8761,1.5874,1.8132,0.1343,1.5497,0.9894,-1.7958,0.9739,3.2980,0.0336,3.0000,0.0000,3.0000,0,17.4247,199.7377,256.4053,228.0715,28.3338,3.5226,-6.1729,209.4332,253.7551
99.325,2,0,learned,23.1198,146.6063,1.5212,0.8572,1.5857,1.8026,0.1237,1.5608,0.9665,-1.7842,0.9739,3.2216,0.0397,3.0000,0.0000,3.0000,0,17.4247,187.5980,244.3686,215.9833,28.3853,3.4360,-6.0738,197.1079,241.7307
99.376,2,0,learned,23.1586,146.6862,1.5273,0.8348,1.5761,1.7835,0.1215,1.5729,0.9425,-1.7713,0.9739,3.1415,0.0456,3.0000,0.0000,3.0000,0,17.4247,181.3817,237.9174,209.6496,28.2679,3.3799,-6.0223,190.7839,235.2751
99.425,2,0,learned,23.1586,146.6862,1.5321,0.8348,1.5761,1.7835,0.1143,1.5729,0.9425,-1.7713,0.9739,3.1415,0.0408,3.0000,0.0000,3.0000,0,17.4247,178.5456,228.5229,203.5343,24.9887,3.3802,-6.0039,187.9297,225.8991
99.476,2,0,learned,23.1942,146.7612,1.5368,0.8163,1.5731,1.7723,0.1103,1.5846,0.9201,-1.7587,0.9739,3.0669,0.0478,3.0000,0.0000,3.0000,0,17.4247,176.6447,230.6848,203.6648,27.0200,3.2975,-5.9406,185.8828,228.0417
99.525,2,0,learned,23.2311,146.8401,1.5414,0.7949,1.5621,1.7527,0.1045,1.5973,0.0000,-1.7448,0.9739,2.9887,0.0559,3.0000,0.0000,3.0000,0,17.4247,170.0777,230.4065,200.2421,30.1644,-2.7994,-6.5880,173.8663,221.0192
99.576,2,0,learned,23.2650,146.9140,1.5459,0.7771,1.5574,1.7405,0.1220,1.6096,0.0000,-1.7313,0.9739,2.9160,0.0637,3.0000,0.0008,3.0000,0,17.4247,0.0000,0.0000,0.0000,0.0000,-2.7237,-6.5760,3.8523,-9.2997
99.626,2,0,learned,23.2650,146.9140,1.5493,0.7771,1.5574,1.7405,0.1207,1.6096,0.0000,-1.7313,0.9739,2.9160,0.0603,3.0000,0.0008,3.0000,0,17.4247,0.0000,0.0000,0.0000,0.0000,-2.7240,-6.5903,3.8663,-9.3143
99.675,2,0,learned,23.3000,146.9916,1.5547,0.7564,1.5446,1.7199,0.1115,1.6230,0.0000,-1.7166,0.9739,2.8400,0.0682,3.0000,0.0996,3.0000,0,17.4247,0.0000,0.0000,0.0000,0.0000,-2.6289,-6.4578,3.8289,-9.0867
99.725,2,0,learned,23.3322,147.0642,1.5580,0.7393,1.5381,1.7066,0.0975,1.6360,0.0000,-1.7025,0.9739,2.7694,0.0780,3.0000,0.0996,3.0000,0,17.4247,0.0000,0.0000,0.0000,0.0000,-2.5703,-6.2815,3.7111,-8.8518
99.775,2,0,learned,23.3657,147.1390,1.5632,0.7203,1.5180,1.6802,0.1052,1.6502,0.0000,-1.6881,0.9739,2.6973,0.0869,3.0000,0.1996,3.0000,0,17.4247,0.0000,0.0000,0.0000,0.0000,-2.4432,-6.2547,3.8114,-8.6979
99.825,2,0,learned,23.3963,147.2065,1.5662,0.7038,1.4958,1.6531,0.1052,1.6638,0.0000,-1.6755,0.9739,2.6326,0.0975,3.0000,0.1996,3.0000,0,17.4247,0.0000,0.0000,0.0000,0.0000,-2.3119,-6.1645,3.8526,-8.4764
99.876,2,0,learned,23.4277,147.2749,1.5711,0.6836,1.4595,1.6117,0.1070,1.6784,0.0000,-1.6630,0.9739,2.5677,0.1073,3.0000,0.2998,3.0000,0,17.4247,0.0000,0.0000,0.0000,0.0000,-2.1066,-6.0867,3.9801,-8.1932
99.926,2,0,learned,23.4562,147.3363,1.5758,0.6659,1.4235,1.5716,0.0838,1.6924,0.0000,-1.6521,0.9739,2.5100,0.1166,3.0000,0.2998,3.0000,0,17.4247,0.0000,0.0000,0.0000,0.0000,-1.9094,-5.8406,3.9311,-7.7500
99.975,2,0,learned,23.4562,147.3363,1.5784,0.6659,1.4235,1.5716,0.0880,1.6924,0.0000,-1.6521,0.9739,2.5100,0.1139,3.0000,0.4001,3.0000,0,17.4247,0.0000,0.0000,0.0000,0.0000,-1.9091,-5.8887,3.9796,-7.7977
100.025,2,0,learned,23.4855,147.3981,1.5819,0.6453,1.3768,1.5205,0.0843,1.7073,0.0000,-1.6416,0.9739,2.4524,0.1254,3.0000,0.4001,3.0000,0,17.4247,0.0000,0.0000,0.0000,0.0000,-1.6524,-5.7569,4.1045,-7.4094
100.075,2,0,learned,23.5123,147.4535,1.5843,0.6280,1.3319,1.4725,0.0757,1.7215,0.0000,-1.6326,0.9739,2.4015,0.1371,3.0000,0.5001,3.0000,0,17.4247,0.0000,0.0000,0.0000,0.0000,-1.4112,-5.5928,4.1816,-7.0040
100.126,2,0,learned,23.5401,147.5089,1.5883,0.6090,1.2788,1.4164,0.0900,1.7367,0.0000,-1.6244,0.9739,2.3511,0.1484,3.0000,0.5001,3.0000,0,17.4247,0.0000,0.0000,0.0000,0.0000,-1.1252,-5.5874,4.4621,-6.7126
100.175,2,0,learned,23.5401,147.5089,1.5905,0.6090,1.2788,1.4164,0.0718,1.7367,0.0000,-1.6244,0.9739,2.3511,0.1461,3.0000,0.5995,3.0000,0,17.4247,0.0000,0.0000,0.0000,0.0000,-1.1271,-5.4761,4.3489,-6.6032
100.225,2,0,learned,23.5656,147.5584,1.5934,0.5938,1.2291,1.3650,0.0680,1.7511,0.0000,-1.6178,0.9739,2.3068,0.1577,3.0000,0.5995,3.0000,0,17.4247,0.0000,0.0000,0.0000,0.0000,-0.8666,-5.3464,4.4798,-6.2130
100.275,2,0,learned,23.5922,147.6080,1.5969,0.5772,1.1740,1.3082,0.0715,1.7666,0.0000,-1.6119,0.9739,2.2630,0.1697,3.0000,0.6998,3.0000,0,17.4247,0.0000,0.0000,0.0000,0.0000,-0.5771,-5.2625,4.6854,-5.8396
100.325,2,0,learned,23.6167,147.6523,1.5989,0.5639,1.1241,1.2576,0.0895,1.7813,0.0000,-1.6072,0.9739,2.2245,0.1824,3.0000,0.6998,3.0000,0,17.4247,0.0000,0.0000,0.0000,0.0000,-0.3178,-5.2793,4.9614,-5.5971
100.376,2,0,learned,23.6421,147.6971,1.6021,0.5488,1.0714,1.2037,0.0602,1.7969,0.0000,-1.6030,0.9739,2.1863,0.1949,3.0000,0.7995,3.0000,0,17.4247,0.0000,0.0000,0.0000,0.0000,-0.0465,-4.9646,4.9180,-5.0111
100.425,2,0,learned,23.6421,147.6971,1.6045,0.5488,1.0714,1.2037,0.0530,1.7969,0.0000,-1.6030,0.9739,2.1863,0.1924,3.0000,0.7995,3.0000,0,17.4247,0.0000,0.0000,0.0000,0.0000,-0.0472,-4.9306,4.8834,-4.9778
100.475,2,0,learned,23.6654,147.7375,1.6068,0.5361,1.0253,1.1570,0.0630,1.8117,0.0000,-1.5996,0.9739,2.1524,0.2049,3.0000,0.9002,3.0000,0,17.4247,0.0000,0.0000,0.0000,0.0000,0.1909,-4.8952,5.0861,-4.7043
100.525,2,0,learned,23.6894,147.7786,1.6096,0.5211,0.9786,1.1087,0.0513,1.8273,0.0000,-1.5963,0.9739,2.1184,0.2177,3.0000,0.9002,3.0000,0,17.4247,0.0000,0.0000,0.0000,0.0000,0.4353,-4.7014,5.1367,-4.2661
100.575,2,0,learned,23.7113,147.8161,1.6112,0.5081,0.9392,1.0679,0.0503,1.8420,0.0000,-1.5933,0.9739,2.0879,0.2308,3.0000,0.9999,3.0000,0,17.4247,0.0000,0.0000,0.0000,0.0000,0.6416,-4.5849,5.2264,-3.9433
100.625,2,0,learned,23.7338,147.8548,1.6137,0.4930,0.9000,1.0262,0.0508,1.8576,0.0000,-1.5902,0.9739,2.0570,0.2439,3.0000,0.9999,3.0000,0,17.4247,0.0000,0.0000,0.0000,0.0000,0.8521,-4.4778,5.3299,-3.6257
100.676,2,0,learned,23.7544,147.8903,1.6157,0.4802,0.8679,0.9919,0.0445,1.8723,0.0000,-1.5873,0.9739,2.0290,0.2566,3.0000,1.1007,3.0000,0,17.4247,0.0000,0.0000,0.0000,0.0000,1.0239,-4.3284,5.3523,-3.3044
100.726,2,0,learned,23.7544,147.8903,1.6175,0.4802,0.8679,0.9919,0.0452,1.8723,0.0000,-1.5873,0.9739,2.0290,0.2548,3.0000,1.1007,3.0000,0,17.4247,0.0000,0.0000,0.0000,0.0000,1.0241,-4.3469,5.3710,-3.3229
100.775,2,0,learned,23.7756,147.9270,1.6193,0.4660,0.8355,0.9567,0.0438,1.8879,0.0000,-1.5843,0.9739,2.0005,0.2686,3.0000,1.1998,3.0000,0,17.4247,0.0000,0.0000,0.0000,0.0000,1.2004,-4.2223,5.4227,-3.0219
100.825,2,0,learned,23.7953,147.9608,1.6210,0.4546,0.8092,0.9281,0.0495,1.9027,0.0000,-1.5815,0.9739,1.9747,0.2816,3.0000,1.1998,3.0000,0,17.4247,0.0000,0.0000,0.0000,0.0000,1.3433,-4.1584,5.5018,-2.8151
100.875,2,0,learned,23.8156,147.9957,1.6227,0.4420,0.7816,0.8979,0.0508,1.9184,0.0000,-1.5787,0.9739,1.9486,0.2957,3.0000,1.3000,3.0000,0,17.4247,0.0000,0.0000,0.0000,0.0000,1.4936,-4.0544,5.5480,-2.5607
100.925,2,0,learned,23.8345,148.0277,1.6243,0.4320,0.7585,0.8729,0.0410,1.9332,0.0000,-1.5763,0.9739,1.9252,0.3090,3.0000,1.3000,3.0000,0,17.4247,0.0000,0.0000,0.0000,0.0000,1.6160,-3.8813,5.4973,-2.2653
100.975,2,0,learned,23.8345,148.0277,1.6258,0.4320,0.7585,0.8729,0.0305,1.9332,0.0000,-1.5763,0.9739,1.9252,0.3074,3.0000,1.3999,3.0000,0,17.4247,0.0000,0.0000,0.0000,0.0000,1.6153,-3.8174,5.4327,-2.2021
101.025,2,0,learned,23.8540,148.0605,1.6273,0.4208,0.7332,0.8453,0.0435,1.9490,0.0000,-1.5740,0.9739,1.9016,0.3217,3.0000,1.3999,3.0000,0,17.4247,0.0000,0.0000,0.0000,0.0000,1.7525,-3.7977,5.5501,-2.0452
101.075,2,0,learned,23.8720,148.0904,1.6290,0.4115,0.7112,0.8217,0.0365,1.9637,0.0000,-1.5721,0.9739,1.8806,0.3347,3.0000,1.5000,3.0000,0,17.4247,0.0000,0.0000,0.0000,0.0000,1.8679,-3.6471,5.5150,-1.7793
101.125,2,0,learned,23.8905,148.1210,1.6300,0.4005,0.6864,0.7947,0.0365,1.9792,0.0000,-1.5702,0.9739,1.8597,0.3492,3.0000,1.5000,3.0000,0,17.4247,0.0000,0.0000,0.0000,0.0000,1.9998,-3.5340,5.5338,-1.5341
101.176,2,0,learned,23.9075,148.1487,1.6314,0.3912,0.6645,0.7711,0.0315,1.9937,0.0000,-1.5687,0.9739,1.8413,0.3623,3.0000,1.5996,3.0000,0,17.4247,0.0000,0.0000,0.0000,0.0000,2.1147,-3.3968,5.5115,-1.2822
101.225,2,0,learned,23.9075,148.1487,1.6326,0.3912,0.6645,0.7711,0.0403,1.9937,0.0000,-1.5687,0.9739,1.8413,0.3611,3.0000,1.5996,3.0000,0,17.4247,0.0000,0.0000,0.0000,0.0000,2.1155,-3.4682,5.5837,-1.3527
101.275,2,0,learned,23.9250,148.1768,1.6338,0.3803,0.6399,0.7444,0.0180,2.0088,0.0000,-1.5674,0.9739,1.8230,0.3749,3.0000,1.6999,3.0000,0,17.4247,0.0000,0.0000,0.0000,0.0000,2.2437,-3.2009,5.4446,-0.9572
101.326,2,0,learned,23.9411,148.2024,1.6344,0.3712,0.6183,0.7212,0.0545,2.0228,0.0000,-1.5663,0.9739,1.8068,0.3884,3.0000,1.6999,3.0000,0,17.4247,0.0000,0.0000,0.0000,0.0000,2.3591,-3.3581,5.7171,-0.9990
101.375,2,0,learned,23.9411,148.2024,1.6355,0.3712,0.6183,0.7212,0.0323,2.0228,0.0000,-1.5663,0.9739,1.8068,0.3873,3.0000,1.7997,3.0000,0,17.4247,0.0000,0.0000,0.0000,0.0000,2.3574,-3.2075,5.5649,-0.8501
101.425,2,0,learned,23.9577,148.2284,1.6369,0.3609,0.5949,0.6958,0.0047,2.0375,0.0000,-1.5654,0.9739,1.7909,0.4006,3.0000,1.7997,3.0000,0,17.4247,0.0000,0.0000,0.0000,0.0000,2.4779,-2.9079,5.3858,-0.4300
101.475,2,0,learned,23.9731,148.2522,1.6372,0.3527,0.5749,0.6744,0.0295,2.0513,0.0000,-1.5648,0.9739,1.7767,0.4141,3.0000,1.8998,3.0000,0,17.4247,0.0000,0.0000,0.0000,0.0000,2.5823,-2.9832,5.5655,-0.4009
101.525,2,0,learned,23.9731,148.2522,1.6382,0.3527,0.5749,0.6744,0.0180,2.0513,0.0000,-1.5648,0.9739,1.7767,0.4130,3.0000,1.8998,3.0000,0,17.4247,0.0000,0.0000,0.0000,0.0000,2.5815,-2.9085,5.4901,-0.3270
101.575,2,0,learned,23.9890,148.2766,1.6395,0.3436,0.5538,0.6518,0.0178,2.0657,0.0000,-1.5643,0.9739,1.7626,0.4262,3.0000,1.9997,3.0000,0,17.4247,0.0000,0.0000,0.0000,0.0000,2.6899,-2.8069,5.4969,-0.1170
101.625,2,0,learned,24.0038,148.2990,1.6397,0.3365,0.5366,0.6334,0.0208,2.0792,0.0000,-1.5639,0.9739,1.7501,0.4395,3.0000,1.9997,3.0000,0,17.4247,0.0000,0.0000,0.0000,0.0000,2.7773,-2.7306,5.5079,0.0467
101.675,2,0,learned,24.0192,148.3223,1.6409,0.3284,0.5188,0.6140,0.0220,2.0935,0.0000,-1.5635,0.9739,1.7374,0.4526,3.0000,2.0998,3.0000,0,17.4247,0.0000,0.0000,0.0000,0.0000,2.8692,-2.6429,5.5120,0.2263
101.725,2,0,learned,24.0192,148.3223,1.6418,0.3284,0.5188,0.6140,0.0195,2.0935,0.0000,-1.5635,0.9739,1.7374,0.4517,3.0000,2.0998,3.0000,0,17.4247,0.0000,0.0000,0.0000,0.0000,2.8691,-2.6315,5.5006,0.2376
101.775,2,0,learned,24.0334,148.3438,1.6420,0.3217,0.5047,0.5986,0.0310,2.1068,0.0000,-1.5631,0.9739,1.7260,0.4648,3.0000,2.1997,3.0000,0,17.4247,0.0000,0.0000,0.0000,0.0000,2.9420,-2.6187,5.5606,0.3233
101.830,2,0,learned,24.0480,148.3663,1.6431,0.3137,0.4901,0.5819,0.0112,2.1208,0.0000,-1.5626,0.9739,1.7143,0.4777,3.0000,2.1997,3.0000,0,17.4247,0.0000,0.0000,0.0000,0.0000,3.0184,-2.3830,5.4014,0.6354
101.875,2,0,learned,24.0480,148.3663,1.6439,0.3137,0.4901,0.5819,0.0152,2.1208,0.0000,-1.5626,0.9739,1.7143,0.4769,3.0000,2.2999,3.0000,0,17.4247,0.0000,0.0000,0.0000,0.0000,3.0188,-2.4174,5.4363,0.6014
101.925,2,0,learned,24.0614,148.3871,1.6445,0.3069,0.4788,0.5687,0.0433,2.1339,0.0000,-1.5620,0.9739,1.7037,0.4894,3.0000,2.2999,3.0000,0,17.4247,0.0000,0.0000,0.0000,0.0000,3.0822,-2.5272,5.6093,0.5550
101.976,2,0,learned,24.0753,148.4088,1.6455,0.2987,0.4665,0.5539,0.0285,2.1477,0.0000,-1.5613,0.9739,1.6929,0.5022,3.0000,2.3999,3.0000,0,17.4247,0.0000,0.0000,0.0000,0.0000,3.1498,-2.3287,5.4784,0.8211
102.026,2,0,learned,24.0879,148.4288,1.6461,0.2918,0.4567,0.5420,0.0410,2.1605,0.0000,-1.5605,0.9739,1.6832,0.5144,3.0000,2.3999,3.0000,0,17.4247,0.0000,0.0000,0.0000,0.0000,3.2053,-2.3296,5.5349,0.8757
102.076,2,0,learned,24.0879,148.4288,1.6468,0.2918,0.4567,0.5420,0.0213,2.1605,0.0000,-1.5605,0.9739,1.6832,0.5137,3.0000,2.5000,3.0000,0,17.4247,0.0000,0.0000,0.0000,0.0000,3.2038,-2.1940,5.3978,1.0098
102.126,2,0,learned,24.1011,148.4497,1.6477,0.2839,0.4454,0.5282,0.0442,2.1739,0.0000,-1.5596,0.9739,1.6733,0.5262,3.0000,2.5000,3.0000,0,17.4247,0.0000,0.0000,0.0000,0.0000,3.2691,-2.2666,5.5357,1.0024
102.176,2,0,learned,24.1132,148.4688,1.6479,0.2776,0.4361,0.5170,0.0152,2.1865,0.0000,-1.5589,0.9739,1.6646,0.5386,3.0000,2.5995,3.0000,0,17.4247,0.0000,0.0000,0.0000,0.0000,3.3178,-1.9716,5.2894,1.3462
102.225,2,0,learned,24.1258,148.4886,1.6487,0.2705,0.4249,0.5037,-0.0132,2.1996,0.0000,-1.5582,0.9739,1.6559,0.5508,3.0000,2.5995,3.0000,0,17.4247,0.0000,0.0000,0.0000,0.0000,3.3760,-1.6801,5.0562,1.6959
102.275,2,0,learned,24.1374,148.5067,1.6495,0.2650,0.4153,0.4927,0.0155,2.2117,0.0000,-1.5577,0.9739,1.6482,0.5622,3.0000,2.6998,3.0000,0,17.4247,0.0000,0.0000,0.0000,0.0000,3.4282,-1.8046,5.2329,1.6236
102.326,2,0,learned,24.1374,148.5067,1.6498,0.2650,0.4153,0.4927,0.0222,2.2117,0.0000,-1.5577,0.9739,1.6482,0.5619,3.0000,2.6998,3.0000,0,17.4247,0.0000,0.0000,0.0000,0.0000,3.4288,-1.8550,5.2838,1.5739
102.376,2,0,learned,24.1496,148.5253,1.6506,0.2587,0.4038,0.4796,0.0428,2.2245,0.0000,-1.5573,0.9739,1.6407,0.5739,3.0000,2.7996,3.0000,0,17.4247,0.0000,0.0000,0.0000,0.0000,3.4898,-1.9158,5.4056,1.5739
102.426,2,0,learned,24.1608,148.5423,1.6511,0.2539,0.3940,0.4687,0.0255,2.2363,0.0000,-1.5570,0.9739,1.6341,0.5852,3.0000,2.7996,3.0000,0,17.4247,0.0000,0.0000,0.0000,0.0000,3.5374,-1.7135,5.2508,1.8239
102.475,2,0,learned,24.1608,148.5423,1.6516,0.2539,0.3940,0.4687,0.0145,2.2363,0.0000,-1.5570,0.9739,1.6341,0.5846,3.0000,2.8999,3.0000,0,17.4247,0.0000,0.0000,0.0000,0.0000,3.5365,-1.6392,5.1758,1.8973
102.527,2,0,learned,24.1725,148.5598,1.6522,0.2480,0.3825,0.4559,0.0243,2.2485,0.0000,-1.5568,0.9739,1.6277,0.5964,3.0000,2.8999,3.0000,0,17.4247,0.0000,0.0000,0.0000,0.0000,3.5951,-1.6258,5.2209,1.9692
102.575,2,0,learned,24.1833,148.5759,1.6525,0.2432,0.3729,0.4452,0.0222,2.2599,0.0000,-1.5567,0.9739,1.6220,0.6075,3.0000,2.9997,3.0000,0,17.4247,0.0000,0.0000,0.0000,0.0000,3.6424,-1.5343,5.1767,2.1081
102.625,2,0,learned,24.1944,148.5925,1.6531,0.2374,0.3622,0.4331,0.0185,2.2718,0.0000,-1.5566,0.9739,1.6164,0.6186,3.0000,2.9997,3.0000,0,17.4247,0.0000,0.0000,0.0000,0.0000,3.6968,-1.4289,5.1257,2.2678
102.675,2,0,done,24.2046,148.6078,1.6538,0.2325,0.3535,0.4232,0.0010,2.2827,0.0000,-1.5564,0.9739,1.6114,0.6290,3.0000,0.0000,3.0000,1,17.4247,0.0000,0.0000,0.0000,0.0000,0.0000,0.0000,0.0000,0.0000
102.725,2,0,done,24.2046,148.6078,1.6542,0.2325,0.3535,0.4232,0.0030,1.6542,0.0000,0.0000,0.0000,0.0000,0.0000,3.0000,0.0000,3.0000,1,17.4247,0.0000,0.0000,0.0000,0.0000,0.0000,0.0000,0.0000,0.0000
102.775,2,0,done,24.2152,148.6237,1.6546,0.2268,0.3441,0.4121,0.0045,1.6546,0.0000,0.0000,0.0000,0.0000,0.0000,3.0000,0.0000,3.0000,1,17.4247,0.0000,0.0000,0.0000,0.0000,0.0000,0.0000,0.0000,0.0000
102.825,2,0,done,24.2251,148.6384,1.6550,0.2224,0.3367,0.4035,0.0105,1.6550,0.0000,0.0000,0.0000,0.0000,0.0000,3.0000,0.0000,3.0000,1,17.4247,0.0000,0.0000,0.0000,0.0000,0.0000,0.0000,0.0000,0.0000
102.874,2,0,done,24.2251,148.6384,1.6555,0.2224,0.3367,0.4035,0.0097,1.6555,0.0000,0.0000,0.0000,0.0000,0.0000,3.0000,0.0000,3.0000,1,17.4247,0.0000,0.0000,0.0000,0.0000,0.0000,0.0000,0.0000,0.0000
102.924,2,0,done,24.2352,148.6538,1.6561,0.2171,0.3285,0.3937,0.0005,1.6561,0.0000,0.0000,0.0000,0.0000,0.0000,3.0000,0.0000,3.0000,1,17.4247,0.0000,0.0000,0.0000,0.0000,0.0000,0.0000,0.0000,0.0000
102.975,2,0,done,24.2446,148.6681,1.6564,0.2128,0.3222,0.3861,0.0132,1.6564,0.0000,0.0000,0.0000,0.0000,0.0000,3.0000,0.0000,3.0000,1,17.4247,0.0000,0.0000,0.0000,0.0000,0.0000,0.0000,0.0000,0.0000
103.025,2,0,done,24.2544,148.6829,1.6568,0.2078,0.3148,0.3772,0.0232,1.6568,0.0000,0.0000,0.0000,0.0000,0.0000,3.0000,0.0000,3.0000,1,17.4247,0.0000,0.0000,0.0000,0.0000,0.0000,0.0000,0.0000,0.0000
103.074,2,0,done,24.2634,148.6966,1.6573,0.2039,0.3091,0.3703,0.0222,1.6573,0.0000,0.0000,0.0000,0.0000,0.0000,3.0000,0.0000,3.0000,1,17.4247,0.0000,0.0000,0.0000,0.0000,0.0000,0.0000,0.0000,0.0000
103.124,2,0,done,24.2728,148.7109,1.6578,0.1993,0.3022,0.3620,-0.0037,1.6578,0.0000,0.0000,0.0000,0.0000,0.0000,3.0000,0.0000,3.0000,1,17.4247,0.0000,0.0000,0.0000,0.0000,0.0000,0.0000,0.0000,0.0000
103.174,2,0,done,24.2728,148.7109,1.6583,0.1993,0.3022,0.3620,0.0240,1.6583,0.0000,0.0000,0.0000,0.0000,0.0000,3.0000,0.0000,3.0000,1,17.4247,0.0000,0.0000,0.0000,0.0000,0.0000,0.0000,0.0000,0.0000
103.225,2,0,done,24.2815,148.7241,1.6586,0.1957,0.2966,0.3553,0.0112,1.6586,0.0000,0.0000,0.0000,0.0000,0.0000,3.0000,0.0000,3.0000,1,17.4247,0.0000,0.0000,0.0000,0.0000,0.0000,0.0000,0.0000,0.0000
103.275,2,0,done,24.2906,148.7377,1.6591,0.1913,0.2896,0.3471,0.0238,1.6591,0.0000,0.0000,0.0000,0.0000,0.0000,3.0000,0.0000,3.0000,1,17.4247,0.0000,0.0000,0.0000,0.0000,0.0000,0.0000,0.0000,0.0000
103.325,2,0,done,24.2990,148.7502,1.6594,0.1879,0.2837,0.3403,0.0150,1.6594,0.0000,0.0000,0.0000,0.0000,0.0000,3.0000,0.0000,3.0000,1,17.4247,0.0000,0.0000,0.0000,0.0000,0.0000,0.0000,0.0000,0.0000
103.375,2,0,done,24.2990,148.7502,1.6598,0.1879,0.2837,0.3403,0.0150,1.6598,0.0000,0.0000,0.0000,0.0000,0.0000,3.0000,0.0000,3.0000,1,17.4247,0.0000,0.0000,0.0000,0.0000,0.0000,0.0000,0.0000,0.0000
103.424,2,0,done,24.3077,148.7630,1.6602,0.1838,0.2764,0.3320,-0.0003,1.6602,0.0000,0.0000,0.0000,0.0000,0.0000,3.0000,0.0000,3.0000,1,17.4247,0.0000,0.0000,0.0000,0.0000,0.0000,0.0000,0.0000,0.0000
103.475,2,0,done,24.3157,148.7748,1.6606,0.1806,0.2702,0.3250,0.0057,1.6606,0.0000,0.0000,0.0000,0.0000,0.0000,3.0000,0.0000,3.0000,1,17.4247,0.0000,0.0000,0.0000,0.0000,0.0000,0.0000,0.0000,0.0000
103.525,2,0,done,24.3241,148.7869,1.6611,0.1767,0.2628,0.3167,-0.0018,1.6611,0.0000,0.0000,0.0000,0.0000,0.0000,3.0000,0.0000,3.0000,1,17.4247,0.0000,0.0000,0.0000,0.0000,0.0000,0.0000,0.0000,0.0000
103.575,2,0,done,24.3318,148.7981,1.6614,0.1737,0.2566,0.3099,0.0333,1.6614,0.0000,0.0000,0.0000,0.0000,0.0000,3.0000,0.0000,3.0000,1,17.4247,0.0000,0.0000,0.0000,0.0000,0.0000,0.0000,0.0000,0.0000
103.625,2,0,done,24.3318,148.7981,1.6618,0.1737,0.2566,0.3099,0.0053,1.6618,0.0000,0.0000,0.0000,0.0000,0.0000,3.0000,0.0000,3.0000,1,17.4247,0.0000,0.0000,0.0000,0.0000,0.0000,0.0000,0.0000,0.0000
103.674,2,0,done,24.3399,148.8096,1.6623,0.1700,0.2495,0.3019,0.0057,1.6623,0.0000,0.0000,0.0000,0.0000,0.0000,3.0000,0.0000,3.0000,1,17.4247,0.0000,0.0000,0.0000,0.0000,0.0000,0.0000,0.0000,0.0000
103.725,2,0,done,24.3474,148.8201,1.6626,0.1671,0.2437,0.2955,0.0270,1.6626,0.0000,0.0000,0.0000,0.0000,0.0000,3.0000,0.0000,3.0000,1,17.4247,0.0000,0.0000,0.0000,0.0000,0.0000,0.0000,0.0000,0.0000
103.775,2,0,done,24.3552,148.8311,1.6631,0.1636,0.2372,0.2881,-0.0100,1.6631,0.0000,0.0000,0.0000,0.0000,0.0000,3.0000,0.0000,3.0000,1,17.4247,0.0000,0.0000,0.0000,0.0000,0.0000,0.0000,0.0000,0.0000
103.825,2,0,done,24.3624,148.8413,1.6633,0.1609,0.2320,0.2824,0.0178,1.6633,0.0000,0.0000,0.0000,0.0000,0.0000,3.0000,0.0000,3.0000,1,17.4247,0.0000,0.0000,0.0000,0.0000,0.0000,0.0000,0.0000,0.0000
103.875,2,0,done,24.3699,148.8518,1.6637,0.1576,0.2263,0.2758,0.0100,1.6637,0.0000,0.0000,0.0000,0.0000,0.0000,3.0000,0.0000,3.0000,1,17.4247,0.0000,0.0000,0.0000,0.0000,0.0000,0.0000,0.0000,0.0000
103.925,2,0,done,24.3768,148.8617,1.6641,0.1550,0.2219,0.2707,0.0353,1.6641,0.0000,0.0000,0.0000,0.0000,0.0000,3.0000,0.0000,3.0000,1,17.4247,0.0000,0.0000,0.0000,0.0000,0.0000,0.0000,0.0000,0.0000
103.975,2,0,done,24.3768,148.8617,1.6644,0.1550,0.2219,0.2707,0.0232,1.6644,0.0000,0.0000,0.0000,0.0000,0.0000,3.0000,0.0000,3.0000,1,17.4247,0.0000,0.0000,0.0000,0.0000,0.0000,0.0000,0.0000,0.0000
104.025,2,0,done,24.3840,148.8719,1.6647,0.1517,0.2169,0.2647,0.0057,1.6647,0.0000,0.0000,0.0000,0.0000,0.0000,3.0000,0.0000,3.0000,1,17.4247,0.0000,0.0000,0.0000,0.0000,0.0000,0.0000,0.0000,0.0000
104.075,2,0,done,24.3907,148.8814,1.6651,0.1492,0.2131,0.2601,0.0280,1.6651,0.0000,0.0000,0.0000,0.0000,0.0000,3.0000,0.0000,3.0000,1,17.4247,0.0000,0.0000,0.0000,0.0000,0.0000,0.0000,0.0000,0.0000
104.125,2,0,done,24.3976,148.8913,1.6654,0.1460,0.2085,0.2545,0.0073,1.6654,0.0000,0.0000,0.0000,0.0000,0.0000,3.0000,0.0000,3.0000,1,17.4247,0.0000,0.0000,0.0000,0.0000,0.0000,0.0000,0.0000,0.0000
104.175,2,0,done,24.4040,148.9004,1.6658,0.1435,0.2049,0.2502,0.0132,1.6658,0.0000,0.0000,0.0000,0.0000,0.0000,3.0000,0.0000,3.0000,1,17.4247,0.0000,0.0000,0.0000,0.0000,0.0000,0.0000,0.0000,0.0000
104.225,2,0,done,24.4040,148.9004,1.6660,0.1435,0.2049,0.2502,-0.0025,1.6660,0.0000,0.0000,0.0000,0.0000,0.0000,3.0000,0.0000,3.0000,1,17.4247,0.0000,0.0000,0.0000,0.0000,0.0000,0.0000,0.0000,0.0000
104.274,2,0,done,24.4107,148.9099,1.6664,0.1405,0.2004,0.2448,0.0335,1.6664,0.0000,0.0000,0.0000,0.0000,0.0000,3.0000,0.0000,3.0000,1,17.4247,0.0000,0.0000,0.0000,0.0000,0.0000,0.0000,0.0000,0.0000
104.325,2,0,done,24.4169,148.9186,1.6666,0.1382,0.1968,0.2405,0.0065,1.6666,0.0000,0.0000,0.0000,0.0000,0.0000,3.0000,0.0000,3.0000,1,17.4247,0.0000,0.0000,0.0000,0.0000,0.0000,0.0000,0.0000,0.0000
104.375,2,0,done,24.4234,148.9277,1.6670,0.1354,0.1922,0.2351,0.0005,1.6670,0.0000,0.0000,0.0000,0.0000,0.0000,3.0000,0.0000,3.0000,1,17.4247,0.0000,0.0000,0.0000,0.0000,0.0000,0.0000,0.0000,0.0000
104.425,2,0,done,24.4234,148.9277,1.6673,0.1354,0.1922,0.2351,0.0047,1.6673,0.0000,0.0000,0.0000,0.0000,0.0000,3.0000,0.0000,3.0000,1,17.4247,0.0000,0.0000,0.0000,0.0000,0.0000,0.0000,0.0000,0.0000
104.475,2,0,done,24.4293,148.9360,1.6676,0.1332,0.1884,0.2308,0.0168,1.6676,0.0000,0.0000,0.0000,0.0000,0.0000,3.0000,0.0000,3.0000,1,17.4247,0.0000,0.0000,0.0000,0.0000,0.0000,0.0000,0.0000,0.0000
104.525,2,0,done,24.4356,148.9446,1.6679,0.1306,0.1838,0.2255,0.0180,1.6679,0.0000,0.0000,0.0000,0.0000,0.0000,3.0000,0.0000,3.0000,1,17.4247,0.0000,0.0000,0.0000,0.0000,0.0000,0.0000,0.0000,0.0000
104.575,2,0,done,24.4414,148.9525,1.6682,0.1285,0.1800,0.2212,0.0200,1.6682,0.0000,0.0000,0.0000,0.0000,0.0000,3.0000,0.0000,3.0000,1,17.4247,0.0000,0.0000,0.0000,0.0000,0.0000,0.0000,0.0000,0.0000
104.624,2,0,done,24.4474,148.9607,1.6685,0.1260,0.1754,0.2160,-0.0085,1.6685,0.0000,0.0000,0.0000,0.0000,0.0000,3.0000,0.0000,3.0000,1,17.4247,0.0000,0.0000,0.0000,0.0000,0.0000,0.0000,0.0000,0.0000
104.674,2,0,done,24.4530,148.9682,1.6688,0.1241,0.1718,0.2119,-0.0037,1.6688,0.0000,0.0000,0.0000,0.0000,0.0000,3.0000,0.0000,3.0000,1,17.4247,0.0000,0.0000,0.0000,0.0000,0.0000,0.0000,0.0000,0.0000
104.725,2,0,done,24.4588,148.9761,1.6691,0.1217,0.1675,0.2070,0.0077,1.6691,0.0000,0.0000,0.0000,0.0000,0.0000,3.0000,0.0000,3.0000,1,17.4247,0.0000,0.0000,0.0000,0.0000,0.0000,0.0000,0.0000,0.0000
104.775,2,0,done,24.4642,148.9833,1.6694,0.1197,0.1642,0.2032,0.0063,1.6694,0.0000,0.0000,0.0000,0.0000,0.0000,3.0000,0.0000,3.0000,1,17.4247,0.0000,0.0000,0.0000,0.0000,0.0000,0.0000,0.0000,0.0000
104.824,2,0,done,24.4642,148.9833,1.6696,0.1197,0.1642,0.2032,-0.0025,1.6696,0.0000,0.0000,0.0000,0.0000,0.0000,3.0000,0.0000,3.0000,1,17.4247,0.0000,0.0000,0.0000,0.0000,0.0000,0.0000,0.0000,0.0000
104.875,2,0,done,24.4698,148.9908,1.6699,0.1173,0.1603,0.1987,0.0033,1.6699,0.0000,0.0000,0.0000,0.0000,0.0000,3.0000,0.0000,3.0000,1,17.4247,0.0000,0.0000,0.0000,0.0000,0.0000,0.0000,0.0000,0.0000
104.925,2,0,done,24.4750,148.9978,1.6702,0.1155,0.1574,0.1952,0.0210,1.6702,0.0000,0.0000,0.0000,0.0000,0.0000,3.0000,0.0000,3.0000,1,17.4247,0.0000,0.0000,0.0000,0.0000,0.0000,0.0000,0.0000,0.0000
