t,active_idx,total_waypoints,route_completed,x,y,yaw,vx,vy,speed,wp_id,mode_code,pos_tol,wp_x,wp_y,dist_to_wp,e_ct,chi_p,delta,psi_ref,heading_error,u_ref,left_thrust,right_thrust,left_angle,right_angle
0.000,0,0,0,nan,nan,nan,nan,nan,nan,0,0,nan,nan,nan,nan,nan,nan,nan,nan,nan,nan,nan,nan,0.0000,0.0000
0.100,0,0,0,nan,nan,nan,nan,nan,nan,0,0,nan,nan,nan,nan,nan,nan,nan,nan,nan,nan,nan,nan,0.0000,0.0000
0.200,0,0,0,nan,nan,nan,nan,nan,nan,0,0,nan,nan,nan,nan,nan,nan,nan,nan,nan,nan,nan,nan,0.0000,0.0000
0.300,0,0,0,nan,nan,nan,nan,nan,nan,0,0,nan,nan,nan,nan,nan,nan,nan,nan,nan,nan,nan,nan,0.0000,0.0000
0.400,0,0,0,nan,nan,nan,nan,nan,nan,0,0,nan,nan,nan,nan,nan,nan,nan,nan,nan,nan,nan,nan,0.0000,0.0000
0.500,0,0,0,nan,nan,nan,nan,nan,nan,0,0,nan,nan,nan,nan,nan,nan,nan,nan,nan,nan,nan,nan,0.0000,0.0000
0.600,0,0,0,nan,nan,nan,nan,nan,nan,0,0,nan,nan,nan,nan,nan,nan,nan,nan,nan,nan,nan,nan,0.0000,0.0000
0.700,0,0,0,nan,nan,nan,nan,nan,nan,0,0,nan,nan,nan,nan,nan,nan,nan,nan,nan,nan,nan,nan,0.0000,0.0000
0.800,0,0,0,nan,nan,nan,nan,nan,nan,0,0,nan,nan,nan,nan,nan,nan,nan,nan,nan,nan,nan,nan,0.0000,0.0000
0.900,0,0,0,nan,nan,nan,nan,nan,nan,0,0,nan,nan,nan,nan,nan,nan,nan,nan,nan,nan,nan,nan,0.0000,0.0000
1.000,0,0,0,nan,nan,nan,nan,nan,nan,0,0,nan,nan,nan,nan,nan,nan,nan,nan,nan,nan,nan,nan,0.0000,0.0000
1.100,0,0,0,0.0000,0.0000,0.9976,0.0000,0.0000,0.0000,0,0,nan,nan,nan,nan,nan,nan,nan,nan,nan,nan,nan,nan,0.0000,0.0000
1.200,0,0,0,-0.0021,-0.0097,0.9975,-0.0076,-0.0350,0.0358,0,0,nan,nan,nan,nan,nan,nan,nan,nan,nan,nan,nan,nan,0.0000,0.0000
1.300,0,0,0,-0.0040,-0.0197,0.9975,-0.0115,-0.0582,0.0593,0,0,nan,nan,nan,nan,nan,nan,nan,nan,nan,nan,nan,nan,0.0000,0.0000
1.400,0,0,0,-0.0044,-0.0277,0.9974,-0.0089,-0.0659,0.0665,0,0,nan,nan,nan,nan,nan,nan,nan,nan,nan,nan,nan,nan,0.0000,0.0000
1.500,0,0,0,-0.0042,-0.0309,0.9973,-0.0060,-0.0661,0.0664,0,0,nan,nan,nan,nan,nan,nan,nan,nan,nan,nan,nan,nan,0.0000,0.0000
1.600,0,0,0,-0.0033,-0.0368,0.9973,-0.0007,-0.0638,0.0638,0,0,nan,nan,nan,nan,nan,nan,nan,nan,nan,nan,nan,nan,0.0000,0.0000
1.700,0,0,0,-0.0028,-0.0431,0.9972,0.0013,-0.0635,0.0635,0,0,nan,nan,nan,nan,nan,nan,nan,nan,nan,nan,nan,nan,0.0000,0.0000
1.800,0,0,0,-0.0030,-0.0502,0.9972,0.0000,-0.0665,0.0665,0,0,nan,nan,nan,nan,nan,nan,nan,nan,nan,nan,nan,nan,0.0000,0.0000
1.900,0,0,0,-0.0035,-0.0578,0.9972,-0.0018,-0.0700,0.0700,0,0,nan,nan,nan,nan,nan,nan,nan,nan,nan,nan,nan,nan,0.0000,0.0000
2.000,0,10,0,-0.0037,-0.0651,0.9972,-0.0019,-0.0708,0.0708,0,0,3.00,-4.0436,27.7315,nan,nan,nan,nan,nan,nan,nan,nan,nan,0.0000,0.0000
2.100,0,10,0,-0.0036,-0.0716,0.9971,-0.0007,-0.0687,0.0687,0,0,3.00,-4.0436,27.7315,28.0951,9.6185,2.0645,6.1030,1.7151,0.7180,2.5000,nan,nan,0.0000,0.0000
2.200,0,10,0,-0.0033,-0.0776,0.9971,0.0006,-0.0654,0.0654,0,0,3.00,-4.0436,27.7315,28.1011,9.6211,2.0645,6.0982,1.7151,0.7180,2.5000,218.78,221.19,0.0000,0.0000
2.300,0,10,0,-0.0025,-0.0820,0.9971,0.0035,-0.0570,0.0572,0,0,3.00,-4.0436,27.7315,28.1056,9.6225,2.0645,6.0857,1.7151,0.7180,2.5000,331.03,261.95,0.0000,0.0000
2.400,0,10,0,0.0046,-0.0760,0.9970,0.0289,-0.0132,0.0317,0,0,3.00,-4.0436,27.7315,28.1007,9.6135,2.0645,6.0476,1.7154,0.7184,2.5000,424.36,338.94,0.0000,0.0000
2.500,0,10,0,0.0123,-0.0665,0.9962,0.0531,0.0261,0.0591,0,0,3.00,-4.0436,27.7315,28.0924,9.6021,2.0645,6.0887,1.7157,0.7195,2.5000,529.77,314.72,0.0000,0.0000
2.600,0,10,0,0.0374,-0.0319,0.9944,0.1250,0.1428,0.1898,0,0,3.00,-4.0436,27.7315,28.0617,9.5636,2.0645,6.2846,1.7167,0.7223,2.5000,627.11,390.98,0.0000,0.0000
2.700,0,10,0,0.0761,0.0273,0.9914,0.2202,0.3060,0.3770,0,0,3.00,-4.0436,27.7315,28.0089,9.5015,2.0645,6.5656,1.7184,0.7270,2.5000,538.97,485.84,0.0000,0.0000
2.800,0,10,0,0.1002,0.0657,0.9875,0.2766,0.4047,0.4902,0,0,3.00,-4.0436,27.7315,27.9745,9.4621,2.0645,6.7353,1.7195,0.7320,2.5000,715.85,560.14,0.0000,0.0000
2.900,0,10,0,0.1619,0.1643,0.9821,0.4015,0.6182,0.7371,0,0,3.00,-4.0436,27.7315,27.8862,9.3611,2.0645,7.1057,1.7222,0.7401,2.5000,899.60,531.75,0.0000,0.0000
3.000,0,10,0,0.2405,0.2902,0.9748,0.5425,0.8532,1.0111,0,0,3.00,-4.0436,27.7315,27.7737,9.2322,2.0645,7.5166,1.7257,0.7509,2.5000,893.70,662.34,0.0000,0.0000
3.100,0,10,0,0.2876,0.3658,0.9665,0.6155,0.9734,1.1516,0,0,3.00,-4.0436,27.7315,27.7064,9.1548,2.0645,7.7275,1.7278,0.7613,2.5000,928.40,704.79,0.0000,0.0000
3.200,0,10,0,0.3921,0.5319,0.9567,0.7708,1.2219,1.4447,0,0,3.00,-4.0436,27.7315,27.5590,8.9841,2.0645,8.1671,1.7325,0.7758,2.5000,853.51,789.75,0.0000,0.0000
3.300,0,10,0,0.4487,0.6211,0.9459,0.8524,1.3494,1.5960,0,0,3.00,-4.0436,27.7315,27.4801,8.8920,2.0645,8.3940,1.7350,0.7891,2.5000,862.15,838.66,0.0000,0.0000
3.400,0,10,0,0.5763,0.8200,0.9351,1.0074,1.5830,1.8764,0,0,3.00,-4.0436,27.7315,27.3052,8.6854,2.0645,8.8145,1.7408,0.8057,2.5000,995.46,886.24,0.0000,0.0000
3.500,0,10,0,0.7169,1.0354,0.9249,1.1534,1.7918,2.1310,0,0,3.00,-4.0436,27.7315,27.1173,8.4595,2.0645,9.1964,1.7473,0.8224,2.5000,986.41,941.55,0.0000,0.0000
3.600,0,10,0,0.8693,1.2651,0.9126,1.2893,1.9770,2.3603,0,0,3.00,-4.0436,27.7315,26.9185,8.2164,2.0645,9.5405,1.7543,0.8418,2.5000,995.16,997.02,0.0000,0.0000
3.700,0,10,0,0.9520,1.3882,0.9043,1.3496,2.0548,2.4583,0,0,3.00,-4.0436,27.7315,26.8129,8.0853,2.0645,9.6875,1.7582,0.8539,2.5000,964.36,1000.00,0.0000,0.0000
3.800,0,10,0,1.1204,1.6348,0.8943,1.4702,2.2030,2.6485,0,0,3.00,-4.0436,27.7315,26.6028,7.8201,2.0645,9.9728,1.7662,0.8718,2.5000,991.75,998.08,0.0000,0.0000
3.900,0,10,0,1.2053,1.7575,0.8863,1.5298,2.2737,2.7405,0,0,3.00,-4.0436,27.7315,26.4991,7.6872,2.0645,10.1107,1.7702,0.8839,2.5000,990.24,1000.00,0.0000,0.0000
4.000,0,10,0,1.3856,2.0156,0.8782,1.6301,2.3864,2.8900,0,0,3.00,-4.0436,27.7315,26.2829,7.4061,2.0645,10.3349,1.7789,0.9007,2.5000,897.45,979.21,0.0000,0.0000
4.100,0,10,0,1.5714,2.2783,0.8710,1.7137,2.4749,3.0103,0,0,3.00,-4.0436,27.7315,26.0653,7.1180,2.0645,10.5155,1.7879,0.9169,2.5000,886.06,996.17,0.0000,0.0000
4.200,0,10,0,1.7603,2.5417,0.8650,1.7781,2.5337,3.0953,0,0,3.00,-4.0436,27.7315,25.8498,6.8269,2.0645,10.6430,1.7973,0.9322,2.5000,930.33,997.38,0.0000,0.0000
4.300,0,10,0,1.9514,2.8039,0.8605,1.8272,2.5669,3.1508,0,0,3.00,-4.0436,27.7315,25.6384,6.5344,2.0645,10.7262,1.8068,0.9463,2.5000,948.93,995.62,0.0000,0.0000
4.400,0,10,0,2.1445,3.0655,0.8569,1.8660,2.5858,3.1888,0,0,3.00,-4.0436,27.7315,25.4304,6.2403,2.0645,10.7832,1.8166,0.9597,2.5000,744.09,1000.00,0.0000,0.0000
4.500,0,10,0,2.2443,3.1994,0.8549,1.8769,2.5839,3.1936,0,0,3.00,-4.0436,27.7315,25.3251,6.0889,2.0645,10.7904,1.8217,0.9668,2.5000,723.09,999.76,0.0000,0.0000
4.600,0,10,0,2.4382,3.4560,0.8548,1.8984,2.5763,3.2002,0,0,3.00,-4.0436,27.7315,25.1260,5.7967,2.0645,10.8003,1.8317,0.9770,2.5000,730.27,997.17,0.0000,0.0000
4.700,0,10,0,2.6319,3.7078,0.8569,1.9120,2.5542,3.1906,0,0,3.00,-4.0436,27.7315,24.9340,5.5067,2.0645,10.7859,1.8418,0.9850,2.5000,766.50,999.27,0.0000,0.0000
4.800,0,10,0,2.7261,3.8284,0.8618,1.9219,2.5458,3.1898,0,0,3.00,-4.0436,27.7315,24.8433,5.3667,2.0645,10.7848,1.8468,0.9850,2.5000,734.20,996.80,0.0000,0.0000
4.900,0,10,0,2.9207,4.0744,0.8690,1.9319,2.5160,3.1722,0,0,3.00,-4.0436,27.7315,24.6610,5.0787,2.0645,10.7582,1.8571,0.9881,2.5000,665.97,1000.00,0.0000,0.0000
5.000,0,10,0,3.1160,4.3172,0.8773,1.9405,2.4852,3.1531,0,0,3.00,-4.0436,27.7315,24.4845,4.7917,2.0645,10.7296,1.8675,0.9903,2.5000,651.48,994.28,0.0000,0.0000
5.100,0,10,0,3.3113,4.5565,0.8888,1.9464,2.4528,3.1312,0,0,3.00,-4.0436,27.7315,24.3142,4.5063,2.0645,10.6968,1.8781,0.9893,2.5000,604.33,996.76,0.0000,0.0000
5.200,0,10,0,3.4119,4.6784,0.9027,1.9440,2.4313,3.1129,0,0,3.00,-4.0436,27.7315,24.2288,4.3599,2.0645,10.6694,1.8836,0.9809,2.5000,606.19,1000.00,0.0000,0.0000
5.300,0,10,0,3.6073,4.9129,0.9190,1.9470,2.3992,3.0898,0,0,3.00,-4.0436,27.7315,24.0672,4.0767,2.0645,10.6347,1.8943,0.9753,2.5000,539.88,998.79,0.0000,0.0000
5.400,0,10,0,3.8027,5.1442,0.9379,1.9489,2.3675,3.0665,0,0,3.00,-4.0436,27.7315,23.9114,3.7950,2.0645,10.5997,1.9051,0.9673,2.5000,489.99,999.18,0.0000,0.0000
5.500,0,10,0,3.9979,5.3720,0.9618,1.9494,2.3346,3.0415,0,0,3.00,-4.0436,27.7315,23.7616,3.5152,2.0645,10.5622,1.9160,0.9542,2.5000,494.21,1000.00,0.0000,0.0000
5.600,0,10,0,4.1925,5.5964,0.9862,1.9478,2.3008,3.0146,0,0,3.00,-4.0436,27.7315,23.6178,3.2375,2.0645,10.5219,1.9270,0.9408,2.5000,482.92,999.32,0.0000,0.0000
5.700,0,10,0,4.3866,5.8182,1.0163,1.9447,2.2705,2.9895,0,0,3.00,-4.0436,27.7315,23.4790,2.9615,2.0645,10.4842,1.9381,0.9217,2.5000,493.46,994.65,0.0000,0.0000
5.800,0,10,0,4.4806,5.9253,1.0424,1.9473,2.2626,2.9852,0,0,3.00,-4.0436,27.7315,23.4131,2.8280,2.0645,10.4778,1.9434,0.9010,2.5000,458.41,1000.00,0.0000,0.0000
5.900,0,10,0,4.6738,6.1454,1.0737,1.9429,2.2417,2.9665,0,0,3.00,-4.0436,27.7315,23.2799,2.5535,2.0645,10.4498,1.9546,0.8809,2.5000,450.34,998.00,0.0000,0.0000
6.000,0,10,0,4.8664,6.3652,1.1069,1.9379,2.2272,2.9522,0,0,3.00,-4.0436,27.7315,23.1497,2.2797,2.0645,10.4284,1.9659,0.8590,2.5000,442.15,997.97,0.0000,0.0000
6.100,0,10,0,5.0582,6.5855,1.1420,1.9317,2.2197,2.9425,0,0,3.00,-4.0436,27.7315,23.0217,2.0064,2.0645,10.4138,1.9773,0.8353,2.5000,392.51,997.37,0.0000,0.0000
6.200,0,10,0,5.2486,6.8067,1.1787,1.9227,2.2183,2.9356,0,0,3.00,-4.0436,27.7315,22.8953,1.7339,2.0645,10.4034,1.9887,0.8100,2.5000,364.11,973.02,0.0000,0.0000
6.300,0,10,0,5.3459,6.9210,1.2174,1.9122,2.2142,2.9256,0,0,3.00,-4.0436,27.7315,22.8308,1.5941,2.0645,10.3884,1.9946,0.7772,2.5000,326.96,954.78,0.0000,0.0000
6.400,0,10,0,5.5327,7.1436,1.2576,1.8957,2.2182,2.9179,0,0,3.00,-4.0436,27.7315,22.7061,1.3241,2.0645,10.3769,2.0062,0.7485,2.5000,323.85,975.64,0.0000,0.0000
6.500,0,10,0,5.7162,7.3673,1.2948,1.8731,2.2242,2.9078,0,0,3.00,-4.0436,27.7315,22.5823,1.0565,2.0645,10.3617,2.0177,0.7229,2.5000,307.34,969.70,0.0000,0.0000
6.600,0,10,0,5.8039,7.4763,1.3331,1.8639,2.2336,2.9092,0,0,3.00,-4.0436,27.7315,22.5222,0.9276,2.0645,10.3638,2.0233,0.6902,2.5000,329.40,958.53,0.0000,0.0000
6.700,0,10,0,5.9815,7.7025,1.3676,1.8327,2.2455,2.8985,0,0,3.00,-4.0436,27.7315,22.3979,0.6640,2.0645,10.3477,2.0349,0.6673,2.5000,344.52,961.73,0.0000,0.0000
6.800,0,10,0,6.1543,7.9322,1.4129,1.7952,2.2658,2.8908,0,0,3.00,-4.0436,27.7315,22.2713,0.4030,2.0645,10.3362,2.0464,0.6335,2.5000,313.40,981.28,0.0000,0.0000
6.900,0,10,0,6.2411,8.0523,1.4539,1.7699,2.2746,2.8821,0,0,3.00,-4.0436,27.7315,22.2047,0.2697,2.0645,10.3231,2.0524,0.5984,2.5000,331.15,982.39,0.0000,0.0000
7.000,0,10,0,6.4052,8.2899,1.4957,1.7226,2.3109,2.8822,0,0,3.00,-4.0436,27.7315,22.0716,0.0126,2.0645,10.3234,2.0639,0.5682,2.5000,339.63,960.63,0.0000,0.0000
7.100,0,10,0,6.4824,8.4075,1.5382,1.7000,2.3390,2.8915,0,0,3.00,-4.0436,27.7315,22.0049,-0.1112,2.0645,10.3372,2.0696,0.5314,2.5000,363.58,956.79,0.0000,0.0000
7.200,0,10,0,6.6361,8.6554,1.5865,1.6410,2.3916,2.9004,0,0,3.00,-4.0436,27.7315,21.8622,-0.3639,2.0645,10.3506,2.0812,0.4946,2.5000,403.83,975.66,0.0000,0.0000
7.300,0,10,0,6.7811,8.9110,1.6296,1.5719,2.4534,2.9138,0,0,3.00,-4.0436,27.7315,21.7115,-0.6128,2.0645,10.3707,2.0927,0.4631,2.5000,319.90,918.09,0.0000,0.0000
7.400,0,10,0,6.9163,9.1744,1.6780,1.4922,2.5206,2.9292,0,0,3.00,-4.0436,27.7315,21.5520,-0.8567,2.0645,10.3938,2.1043,0.4263,2.5000,314.77,891.76,0.0000,0.0000
7.500,0,10,0,6.9819,9.3120,1.7266,1.4461,2.5458,2.9279,0,0,3.00,-4.0436,27.7315,21.4672,-0.9797,2.0645,10.3918,2.1102,0.3836,2.5000,344.39,938.26,0.0000,0.0000
7.600,0,10,0,7.1012,9.5823,1.7751,1.3539,2.6019,2.9331,0,0,3.00,-4.0436,27.7315,21.2980,-1.2128,2.0645,10.3996,2.1215,0.3464,2.5000,365.52,956.71,0.0000,0.0000
7.700,0,10,0,7.2090,9.8573,1.8185,1.2536,2.6550,2.9361,0,0,3.00,-4.0436,27.7315,21.1213,-1.4381,2.0645,10.4041,2.1327,0.3142,2.5000,422.63,910.63,0.0000,0.0000
7.800,0,10,0,7.2570,9.9926,1.8510,1.2025,2.6878,2.9445,0,0,3.00,-4.0436,27.7315,21.0326,-1.5444,2.0645,10.4168,2.1380,0.2870,2.5000,423.51,903.12,0.0000,0.0000
7.900,0,10,0,7.3459,10.2749,1.8995,1.0885,2.7386,2.9470,0,0,3.00,-4.0436,27.7315,20.8436,-1.7565,2.0645,10.4206,2.1489,0.2494,2.5000,433.46,936.16,0.0000,0.0000
8.000,0,10,0,7.4210,10.5621,1.9472,0.9657,2.7888,2.9512,0,0,3.00,-4.0436,27.7315,20.6453,-1.9588,2.0645,10.4268,2.1595,0.2124,2.5000,451.98,959.67,0.0000,0.0000
8.100,0,10,0,7.4814,10.8548,1.9996,0.8335,2.8410,2.9607,0,0,3.00,-4.0436,27.7315,20.4365,-2.1506,2.0645,10.4411,2.1699,0.1703,2.5000,468.22,945.40,0.0000,0.0000
8.200,0,10,0,7.5063,11.0077,2.0463,0.7628,2.8609,2.9608,0,0,3.00,-4.0436,27.7315,20.3246,-2.2450,2.0645,10.4412,2.1752,0.1289,2.5000,460.41,925.81,0.0000,0.0000
8.300,0,10,0,7.5427,11.3085,2.0924,0.6181,2.9134,2.9783,0,0,3.00,-4.0436,27.7315,20.0988,-2.4196,2.0645,10.4674,2.1852,0.0928,2.5000,446.71,908.80,0.0000,0.0000
8.400,0,10,0,7.5631,11.6128,2.1430,0.4680,2.9594,2.9962,0,0,3.00,-4.0436,27.7315,19.8628,-2.5818,2.0645,10.4943,2.1949,0.0518,2.5000,461.97,897.43,0.0000,0.0000
8.500,0,10,0,7.5679,11.9186,2.1830,0.3158,2.9940,3.0106,0,0,3.00,-4.0436,27.7315,19.6183,-2.7310,2.0645,10.5159,2.2042,0.0212,2.5000,502.83,865.09,0.0000,0.0000
8.600,0,10,0,7.5648,12.0669,2.2175,0.2395,3.0132,3.0227,0,0,3.00,-4.0436,27.7315,19.4971,-2.7985,2.0645,10.5341,2.2086,-0.0090,2.5000,482.39,852.14,0.0000,0.0000
8.700,0,10,0,7.5472,12.3714,2.2658,0.0877,3.0260,3.0273,0,0,3.00,-4.0436,27.7315,19.2427,-2.9273,2.0645,10.5410,2.2172,-0.0486,2.5000,536.50,851.95,0.0000,0.0000
8.800,0,10,0,7.5150,12.6732,2.3082,-0.0616,3.0245,3.0251,0,0,3.00,-4.0436,27.7315,18.9831,-3.0420,2.0645,10.5377,2.2255,-0.0827,2.5000,536.04,882.60,0.0000,0.0000
8.900,0,10,0,7.4678,12.9725,2.3538,-0.2119,3.0144,3.0219,0,0,3.00,-4.0436,27.7315,18.7175,-3.1422,2.0645,10.5328,2.2332,-0.1207,2.5000,592.83,891.90,0.0000,0.0000
9.000,0,10,0,7.4052,13.2694,2.3981,-0.3633,2.9994,3.0214,0,0,3.00,-4.0436,27.7315,18.4454,-3.2278,2.0645,10.5320,2.2404,-0.1577,2.5000,574.61,881.38,0.0000,0.0000
9.100,0,10,0,7.3267,13.5640,2.4411,-0.5177,2.9816,3.0262,0,0,3.00,-4.0436,27.7315,18.1660,-3.2983,2.0645,10.5393,2.2471,-0.1940,2.5000,575.32,805.02,0.0000,0.0000
9.200,0,10,0,7.2331,13.8552,2.4745,-0.6707,2.9577,3.0328,0,0,3.00,-4.0436,27.7315,17.8807,-3.3539,2.0645,10.5492,2.2532,-0.2213,2.5000,584.39,788.38,0.0000,0.0000
9.300,0,10,0,7.1255,14.1413,2.5149,-0.8193,2.9238,3.0364,0,0,3.00,-4.0436,27.7315,17.5910,-3.3947,2.0645,10.5546,2.2587,-0.2562,2.5000,619.95,783.06,0.0000,0.0000
9.400,0,10,0,7.0046,14.4212,2.5534,-0.9618,2.8794,3.0358,0,0,3.00,-4.0436,27.7315,17.2983,-3.4209,2.0645,10.5537,2.2636,-0.2898,2.5000,663.08,793.56,0.0000,0.0000
9.500,0,10,0,6.9372,14.5627,2.5862,-1.0287,2.8480,3.0280,0,0,3.00,-4.0436,27.7315,17.1463,-3.4286,2.0645,10.5421,2.2658,-0.3204,2.5000,715.47,787.54,0.0000,0.0000
9.600,0,10,0,6.7237,14.9612,2.6239,-1.2357,2.7702,3.0334,0,0,3.00,-4.0436,27.7315,16.7038,-3.4294,2.0645,10.5500,2.2713,-0.3526,2.5000,711.43,808.89,0.0000,0.0000
9.700,0,10,0,6.5643,15.2211,2.6556,-1.3670,2.7092,3.0345,0,0,3.00,-4.0436,27.7315,16.4025,-3.4123,2.0645,10.5518,2.2741,-0.3815,2.5000,690.80,781.14,0.0000,0.0000
9.800,0,10,0,6.3934,15.4743,2.6855,-1.4925,2.6461,3.0380,0,0,3.00,-4.0436,27.7315,16.0988,-3.3818,2.0645,10.5570,2.2762,-0.4093,2.5000,692.32,753.50,0.0000,0.0000
9.900,0,10,0,6.2124,15.7204,2.7137,-1.6093,2.5796,3.0404,0,0,3.00,-4.0436,27.7315,15.7941,-3.3390,2.0645,10.5606,2.2775,-0.4361,2.5000,756.12,710.25,0.0000,0.0000
10.000,0,10,0,6.1155,15.8439,2.7375,-1.6601,2.5390,3.0335,0,0,3.00,-4.0436,27.7315,15.6372,-3.3123,2.0645,10.5502,2.2780,-0.4595,2.5000,738.91,641.45,0.0000,0.0000
10.100,0,10,0,5.9206,16.0777,2.7615,-1.7641,2.4653,3.0315,0,0,3.00,-4.0436,27.7315,15.3329,-3.2514,2.0645,10.5472,2.2782,-0.4833,2.5000,759.94,638.82,0.0000,0.0000
10.200,0,10,0,5.7185,16.3024,2.7766,-1.8566,2.3855,3.0228,0,0,3.00,-4.0436,27.7315,15.0308,-3.1799,2.0645,10.5343,2.2777,-0.4989,2.5000,726.86,623.09,0.0000,0.0000
10.300,0,10,0,5.6182,16.4081,2.7920,-1.9031,2.3488,3.0230,0,0,3.00,-4.0436,27.7315,14.8853,-3.1417,2.0645,10.5345,2.2772,-0.5149,2.5000,760.55,608.21,0.0000,0.0000
10.400,0,10,0,5.4082,16.6188,2.8055,-1.9758,2.2618,3.0033,0,0,3.00,-4.0436,27.7315,14.5887,-3.0566,2.0645,10.5050,2.2756,-0.5299,2.5000,759.34,574.63,0.0000,0.0000
10.500,0,10,0,5.1946,16.8202,2.8171,-2.0351,2.1725,2.9768,0,0,3.00,-4.0436,27.7315,14.2969,-2.9640,2.0645,10.4652,2.2733,-0.5437,2.5000,760.48,583.92,0.0000,0.0000
10.600,0,10,0,5.0834,16.9203,2.8277,-2.0557,2.1228,2.9550,0,0,3.00,-4.0436,27.7315,14.1487,-2.9135,2.0645,10.4326,2.2719,-0.5558,2.5000,752.06,550.16,0.0000,0.0000
10.700,0,10,0,4.8653,17.1081,2.8358,-2.1002,2.0335,2.9234,0,0,3.00,-4.0436,27.7315,13.8646,-2.8105,2.0645,10.3850,2.2686,-0.5671,2.5000,741.29,528.70,0.0000,0.0000
10.800,0,10,0,4.6453,17.2872,2.8410,-2.1357,1.9455,2.8890,0,0,3.00,-4.0436,27.7315,13.5861,-2.7016,2.0645,10.3335,2.2647,-0.5763,2.5000,754.19,526.19,0.0000,0.0000
10.900,0,10,0,4.5379,17.3712,2.8445,-2.1562,1.9064,2.8781,0,0,3.00,-4.0436,27.7315,13.4528,-2.6468,2.0645,10.3171,2.2626,-0.5819,2.5000,745.63,451.41,0.0000,0.0000
11.000,0,10,0,4.3151,17.5385,2.8461,-2.1834,1.8222,2.8439,0,0,3.00,-4.0436,27.7315,13.1821,-2.5300,2.0645,10.2658,2.2576,-0.5884,2.5000,739.29,447.51,0.0000,0.0000
11.100,0,10,0,4.0917,17.6977,2.8456,-2.2029,1.7393,2.8067,0,0,3.00,-4.0436,27.7315,12.9175,-2.4087,2.0645,10.2101,2.2521,-0.5935,2.5000,724.99,432.58,0.0000,0.0000
11.200,0,10,0,3.8686,17.8493,2.8421,-2.2142,1.6586,2.7665,0,0,3.00,-4.0436,27.7315,12.6595,-2.2841,2.0645,10.1498,2.2459,-0.5962,2.5000,749.10,448.30,0.0000,0.0000
11.300,0,10,0,3.7541,17.9245,2.8364,-2.2119,1.6162,2.7395,0,0,3.00,-4.0436,27.7315,12.5292,-2.2189,2.0645,10.1092,2.2426,-0.5938,2.5000,771.98,425.59,0.0000,0.0000
11.400,0,10,0,3.5319,18.0656,2.8282,-2.2150,1.5416,2.6986,0,0,3.00,-4.0436,27.7315,12.2808,-2.0900,2.0645,10.0480,2.2355,-0.5927,2.5000,787.69,420.50,0.0000,0.0000
11.500,0,10,0,3.3097,18.2004,2.8189,-2.2167,1.4710,2.6604,0,0,3.00,-4.0436,27.7315,12.0380,-1.9583,2.0645,9.9906,2.2279,-0.5909,2.5000,776.51,433.25,0.0000,0.0000
11.600,0,10,0,3.0870,18.3296,2.8044,-2.2198,1.4058,2.6275,0,0,3.00,-4.0436,27.7315,11.8001,-1.8234,2.0645,9.9413,2.2197,-0.5847,2.5000,771.70,388.67,0.0000,0.0000
11.700,0,10,0,2.8638,18.4539,2.7889,-2.2237,1.3466,2.5997,0,0,3.00,-4.0436,27.7315,11.5666,-1.6858,2.0645,9.8995,2.2108,-0.5781,2.5000,774.87,369.55,0.0000,0.0000
11.800,0,10,0,2.7554,18.5126,2.7714,-2.2306,1.3218,2.5928,0,0,3.00,-4.0436,27.7315,11.4550,-1.6181,2.0645,9.8892,2.2063,-0.5652,2.5000,755.48,348.00,0.0000,0.0000
11.900,0,10,0,2.5319,18.6302,2.7540,-2.2335,1.2695,2.5691,0,0,3.00,-4.0436,27.7315,11.2282,-1.4771,2.0645,9.8536,2.1965,-0.5576,2.5000,769.51,314.71,0.0000,0.0000
12.000,0,10,0,2.3088,18.7436,2.7300,-2.2338,1.2209,2.5457,0,0,3.00,-4.0436,27.7315,11.0062,-1.3344,2.0645,9.8185,2.1861,-0.5440,2.5000,731.02,331.48,0.0000,0.0000
12.100,0,10,0,2.0865,18.8531,2.7063,-2.2309,1.1754,2.5216,0,0,3.00,-4.0436,27.7315,10.7892,-1.1905,2.0645,9.7824,2.1751,-0.5312,2.5000,731.17,328.36,0.0000,0.0000
12.200,0,10,0,1.8656,18.9590,2.6810,-2.2240,1.1340,2.4965,0,0,3.00,-4.0436,27.7315,10.5772,-1.0462,2.0645,9.7447,2.1636,-0.5174,2.5000,744.78,327.05,0.0000,0.0000
12.300,0,10,0,1.6461,19.0620,2.6515,-2.2148,1.0968,2.4715,0,0,3.00,-4.0436,27.7315,10.3698,-0.9017,2.0645,9.7072,2.1516,-0.4999,2.5000,782.09,294.41,0.0000,0.0000
12.400,0,10,0,1.5334,19.1140,2.6236,-2.2053,1.0772,2.4543,0,0,3.00,-4.0436,27.7315,10.2648,-0.8271,2.0645,9.6814,2.1452,-0.4785,2.5000,717.35,333.20,0.0000,0.0000
12.500,0,10,0,1.3148,19.2131,2.5979,-2.1977,1.0456,2.4338,0,0,3.00,-4.0436,27.7315,10.0637,-0.6815,2.0645,9.6507,2.1323,-0.4656,2.5000,714.71,314.10,0.0000,0.0000
12.600,0,10,0,1.0965,19.3105,2.5648,-2.1919,1.0198,2.4175,0,0,3.00,-4.0436,27.7315,9.8658,-0.5355,2.0645,9.6263,2.1188,-0.4459,2.4665,737.32,323.41,0.0000,0.0000
12.700,0,10,0,0.8782,19.4070,2.5344,-2.1882,0.9998,2.4057,0,0,3.00,-4.0436,27.7315,9.6707,-0.3890,2.0645,9.6086,2.1048,-0.4296,2.4177,707.60,319.50,0.0000,0.0000
12.800,0,10,0,0.6593,19.5035,2.5000,-2.1879,0.9869,2.4002,0,0,3.00,-4.0436,27.7315,9.4773,-0.2420,2.0645,9.6002,2.0901,-0.4099,2.3693,720.18,318.85,0.0000,0.0000
12.900,0,10,0,0.4404,19.6003,2.4685,-2.1876,0.9800,2.3971,0,0,3.00,-4.0436,27.7315,9.2856,-0.0951,2.0645,9.5957,2.0748,-0.3938,2.3214,692.42,305.17,0.0000,0.0000
13.000,0,10,0,0.2220,19.6978,2.4369,-2.1858,0.9779,2.3946,0,0,3.00,-4.0436,27.7315,9.0960,0.0511,2.0645,9.5919,2.0589,-0.3780,2.2740,685.88,314.71,0.0000,0.0000
13.100,0,10,0,0.1162,19.7455,2.4014,-2.1893,0.9809,2.3990,0,0,3.00,-4.0436,27.7315,9.0046,0.1216,2.0645,9.5984,2.0510,-0.3503,2.2511,672.90,298.47,0.0000,0.0000
13.200,0,10,0,-0.1009,19.8447,2.3657,-2.1840,0.9857,2.3961,0,0,3.00,-4.0436,27.7315,8.8175,0.2658,2.0645,9.5942,2.0344,-0.3313,2.2044,632.40,304.40,0.0000,0.0000
13.300,0,10,0,-0.3166,19.9452,2.3300,-2.1750,0.9935,2.3912,0,0,3.00,-4.0436,27.7315,8.6324,0.4080,2.0645,9.5868,2.0172,-0.3127,2.1581,660.51,272.22,0.0000,0.0000
13.400,0,10,0,-0.5301,20.0473,2.2943,-2.1615,1.0043,2.3834,0,0,3.00,-4.0436,27.7315,8.4494,0.5476,2.0645,9.5751,1.9997,-0.2946,2.1123,654.81,283.98,0.0000,0.0000
13.500,0,10,0,-0.7415,20.1514,2.2586,-2.1453,1.0183,2.3748,0,0,3.00,-4.0436,27.7315,8.2682,0.6845,2.0645,9.5621,1.9816,-0.2769,2.0670,621.27,280.72,0.0000,0.0000
13.600,0,10,0,-0.9507,20.2580,2.2228,-2.1273,1.0362,2.3662,0,0,3.00,-4.0436,27.7315,8.0883,0.8183,2.0645,9.5493,1.9632,-0.2596,2.0221,617.58,290.67,0.0000,0.0000
13.700,0,10,0,-1.1573,20.3670,2.1872,-2.1058,1.0566,2.3560,0,0,3.00,-4.0436,27.7315,7.9100,0.9485,2.0645,9.5340,1.9443,-0.2429,1.9775,609.82,271.13,0.0000,0.0000
13.800,0,10,0,-1.3611,20.4791,2.1625,-2.0822,1.0812,2.3462,0,0,3.00,-4.0436,27.7315,7.7326,1.0748,2.0645,9.5192,1.9251,-0.2374,1.9332,583.49,276.55,0.0000,0.0000
13.900,0,10,0,-1.5617,20.5946,2.1310,-2.0553,1.1088,2.3354,0,0,3.00,-4.0436,27.7315,7.5562,1.1967,2.0645,9.5031,1.9055,-0.2255,1.8890,607.53,273.98,0.0000,0.0000
14.000,0,10,0,-1.6635,20.6554,2.0998,-2.0359,1.1207,2.3240,0,0,3.00,-4.0436,27.7315,7.4657,1.2575,2.0645,9.4860,1.8953,-0.2046,1.8664,589.59,256.67,0.0000,0.0000
14.100,0,10,0,-1.8586,20.7762,2.0723,-2.0046,1.1521,2.3120,0,0,3.00,-4.0436,27.7315,7.2905,1.3721,2.0645,9.4681,1.8752,-0.1971,1.8226,586.31,275.73,0.0000,0.0000
14.200,0,10,0,-2.0499,20.9006,2.0448,-1.9708,1.1852,2.2997,0,0,3.00,-4.0436,27.7315,7.1159,1.4816,2.0645,9.4495,1.8548,-0.1900,1.7790,569.03,281.30,0.0000,0.0000
14.300,0,10,0,-2.1413,20.9624,2.0175,-1.9575,1.2056,2.2989,0,0,3.00,-4.0436,27.7315,7.0314,1.5328,2.0645,9.4484,1.8448,-0.1728,1.7578,548.49,267.87,0.0000,0.0000
14.400,0,10,0,-2.3264,21.0926,1.9905,-1.9199,1.2417,2.2864,0,0,3.00,-4.0436,27.7315,6.8574,1.6341,2.0645,9.4296,1.8239,-0.1666,1.7143,539.59,253.21,0.0000,0.0000
14.500,0,10,0,-2.5070,21.2264,1.9606,-1.8791,1.2774,2.2722,0,0,3.00,-4.0436,27.7315,6.6842,1.7297,2.0645,9.4083,1.8028,-0.1578,1.6710,525.63,255.37,0.0000,0.0000
14.600,0,10,0,-2.5980,21.2966,1.9309,-1.8534,1.2920,2.2593,0,0,3.00,-4.0436,27.7315,6.5953,1.7766,2.0645,9.3889,1.7918,-0.1391,1.6488,523.58,251.95,0.0000,0.0000
14.700,0,10,0,-2.7710,21.4355,1.9048,-1.8079,1.3268,2.2425,0,0,3.00,-4.0436,27.7315,6.4234,1.8630,2.0645,9.3638,1.7702,-0.1346,1.6058,502.48,234.46,0.0000,0.0000
14.800,0,10,0,-2.9385,21.5776,1.8791,-1.7594,1.3603,2.2239,0,0,3.00,-4.0436,27.7315,6.2524,1.9433,2.0645,9.3359,1.7485,-0.1306,1.5631,498.50,246.94,0.0000,0.0000
14.900,0,10,0,-3.0178,21.6475,1.8505,-1.7379,1.3795,2.2188,0,0,3.00,-4.0436,27.7315,6.1700,1.9800,2.0645,9.3283,1.7378,-0.1127,1.5425,490.16,235.45,0.0000,0.0000
15.000,0,10,0,-3.1771,21.7936,1.8254,-1.6858,1.4103,2.1979,0,0,3.00,-4.0436,27.7315,6.0008,2.0509,2.0645,9.2969,1.7157,-0.1097,1.5002,497.03,247.07,0.0000,0.0000
15.100,0,10,0,-3.3307,21.9427,1.7973,-1.6323,1.4404,2.1770,0,0,3.00,-4.0436,27.7315,5.8326,2.1156,2.0645,9.2655,1.6933,-0.1040,1.4581,478.96,248.72,0.0000,0.0000
15.200,0,10,0,-3.4788,22.0950,1.7696,-1.5779,1.4716,2.1576,0,0,3.00,-4.0436,27.7315,5.6647,2.1738,2.0645,9.2364,1.6707,-0.0989,1.4162,467.13,263.18,0.0000,0.0000
15.300,0,10,0,-3.6210,22.2507,1.7392,-1.5218,1.5037,2.1394,0,0,3.00,-4.0436,27.7315,5.4971,2.2253,2.0645,9.2091,1.6477,-0.0915,1.3743,471.83,269.08,0.0000,0.0000
15.400,0,10,0,-3.6919,22.3323,1.7125,-1.4901,1.5167,2.1262,0,0,3.00,-4.0436,27.7315,5.4107,2.2490,2.0645,9.1893,1.6358,-0.0767,1.3527,463.83,226.47,0.0000,0.0000
15.500,0,10,0,-3.8252,22.4934,1.6865,-1.4326,1.5504,2.1109,0,0,3.00,-4.0436,27.7315,5.2427,2.2900,2.0645,9.1664,1.6125,-0.0740,1.3107,451.60,243.62,0.0000,0.0000
15.600,0,10,0,-3.9526,22.6570,1.6580,-1.3748,1.5811,2.0952,0,0,3.00,-4.0436,27.7315,5.0753,2.3247,2.0645,9.1429,1.5887,-0.0693,1.2688,423.17,239.13,0.0000,0.0000
15.700,0,10,0,-4.0740,22.8228,1.6357,-1.3162,1.6084,2.0783,0,0,3.00,-4.0436,27.7315,4.9088,2.3530,2.0645,9.1174,1.5646,-0.0711,1.2272,426.22,225.46,0.0000,0.0000
15.800,0,10,0,-4.1892,22.9903,1.6110,-1.2566,1.6318,2.0596,0,0,3.00,-4.0436,27.7315,4.7435,2.3751,2.0645,9.0894,1.5401,-0.0709,1.1859,404.16,226.03,0.0000,0.0000
15.900,0,10,0,-4.2430,23.0721,1.5869,-1.2292,1.6463,2.0546,0,0,3.00,-4.0436,27.7315,4.6637,2.3837,2.0645,9.0819,1.5280,-0.0588,1.1659,398.64,221.21,0.0000,0.0000
16.000,0,10,0,-4.3491,23.2413,1.5659,-1.1686,1.6637,2.0331,0,0,3.00,-4.0436,27.7315,4.5007,2.3970,2.0645,9.0496,1.5029,-0.0630,1.1252,392.25,226.84,0.0000,0.0000
16.100,0,10,0,-4.4493,23.4108,1.5428,-1.1082,1.6762,2.0094,0,0,3.00,-4.0436,27.7315,4.3397,2.4048,2.0645,9.0141,1.4772,-0.0656,1.1250,376.02,224.72,0.0000,0.0000
16.200,0,10,0,-4.5435,23.5811,1.5178,-1.0483,1.6870,1.9861,0,0,3.00,-4.0436,27.7315,4.1804,2.4071,2.0645,8.9792,1.4509,-0.0669,1.1250,363.23,226.54,0.0000,0.0000
16.300,0,10,0,-4.6319,23.7520,1.4935,-0.9888,1.6960,1.9631,0,0,3.00,-4.0436,27.7315,4.0228,2.4039,2.0645,8.9447,1.4240,-0.0695,1.1250,340.39,216.68,0.0000,0.0000
16.400,0,10,0,-4.7145,23.9232,1.4724,-0.9297,1.7027,1.9400,0,0,3.00,-4.0436,27.7315,3.8669,2.3955,2.0645,8.9100,1.3964,-0.0759,1.1250,340.22,219.69,0.0000,0.0000
16.500,0,10,0,-4.7913,24.0946,1.4496,-0.8712,1.7076,1.9170,0,0,3.00,-4.0436,27.7315,3.7130,2.3819,2.0645,8.8756,1.3681,-0.0816,1.1250,342.68,200.78,0.0000,0.0000
16.600,0,10,0,-4.8626,24.2660,1.4276,-0.8142,1.7109,1.8948,0,0,3.00,-4.0436,27.7315,3.5610,2.3635,2.0645,8.8421,1.3387,-0.0889,1.1250,323.03,183.47,0.0000,0.0000
16.700,0,10,0,-4.9289,24.4370,1.4062,-0.7593,1.7113,1.8722,0,0,3.00,-4.0436,27.7315,3.4114,2.3408,2.0645,8.8083,1.3083,-0.0979,1.1250,303.49,203.60,0.0000,0.0000
16.800,0,10,0,-4.9902,24.6070,1.3852,-0.7063,1.7084,1.8486,0,0,3.00,-4.0436,27.7315,3.2647,2.3142,2.0645,8.7729,1.2766,-0.1085,1.1250,283.23,209.05,0.0000,0.0000
16.900,0,10,0,-5.0197,24.6942,1.3689,-0.6788,1.7018,1.8322,0,0,3.00,-4.0436,27.7315,3.1904,2.2990,2.0645,8.7483,1.2599,-0.1091,1.1250,286.02,197.82,0.0000,0.0000
17.000,0,10,0,-5.0734,24.8624,1.3513,-0.6272,1.6942,1.8066,0,0,3.00,-4.0436,27.7315,3.0484,2.2665,2.0645,8.7099,1.2262,-0.1251,1.1250,283.96,189.99,0.0000,0.0000
17.100,0,10,0,-5.1223,25.0292,1.3326,-0.5770,1.6842,1.7803,0,0,3.00,-4.0436,27.7315,2.9097,2.2305,2.0645,8.6705,1.1910,-0.1416,0.0000,-4.62,-1.30,0.0000,0.0000
17.200,0,10,0,-5.1667,25.1936,1.3147,-0.5284,1.6690,1.7506,0,0,3.00,-4.0436,27.7315,2.7753,2.1917,2.0645,8.6259,1.1542,-0.1605,0.0000,-4.42,-1.42,0.0000,0.0000
17.300,0,10,0,-5.2083,25.3476,1.2965,-0.4879,1.6214,1.6932,0,0,3.00,-4.0436,27.7315,2.6532,2.1553,2.0645,8.5398,1.1164,-0.1801,0.0000,-4.36,-1.32,0.0000,0.0000
17.400,0,10,0,-5.2490,25.4890,1.2815,-0.4586,1.5455,1.6121,0,0,3.00,-4.0436,27.7315,2.5459,2.1242,2.0645,8.4182,1.0776,-0.2039,0.0000,-4.09,-1.36,0.0000,0.0000
17.500,0,10,0,-5.2888,25.6175,1.2706,-0.4366,1.4504,1.5147,0,0,3.00,-4.0436,27.7315,2.4535,2.0983,2.0645,8.2721,1.0385,-0.2321,0.0000,-3.89,-1.28,0.0000,0.0000
17.600,0,10,0,-5.3077,25.6752,1.2630,-0.4279,1.4008,1.4647,0,0,3.00,-4.0436,27.7315,2.4138,2.0876,2.0645,8.1971,1.0196,-0.2433,0.0000,-3.79,-1.22,0.0000,0.0000
17.700,0,10,0,-5.3455,25.7851,1.2535,-0.4103,1.2912,1.3548,0,0,3.00,-4.0436,27.7315,2.3417,2.0689,2.0645,8.0323,0.9813,-0.2723,0.0000,-3.67,-1.00,0.0000,0.0000
17.800,0,10,0,-5.3823,25.8846,1.2427,-0.3949,1.1841,1.2483,0,0,3.00,-4.0436,27.7315,2.2810,2.0540,2.0645,7.8724,0.9436,-0.2991,0.0000,-3.37,-0.98,0.0000,0.0000
17.900,0,10,0,-5.4008,25.9327,1.2348,-0.3874,1.1321,1.1965,0,0,3.00,-4.0436,27.7315,2.2534,2.0476,2.0645,7.7948,0.9244,-0.3104,0.0000,-3.30,-0.87,0.0000,0.0000
18.000,0,10,0,-5.4362,26.0213,1.2275,-0.3749,1.0430,1.1083,0,0,3.00,-4.0436,27.7315,2.2055,2.0367,2.0645,7.6625,0.8874,-0.3401,0.0000,-3.15,-0.73,0.0000,0.0000
18.100,0,10,0,-5.4528,26.0624,1.2207,-0.3693,1.0058,1.0715,0,0,3.00,-4.0436,27.7315,2.1844,2.0319,2.0645,7.6072,0.8696,-0.3511,0.0000,-3.03,-0.73,0.0000,0.0000
18.200,0,10,0,-5.4856,26.1438,1.2144,-0.3544,0.9364,1.0012,0,0,3.00,-4.0436,27.7315,2.1448,2.0222,2.0645,7.5019,0.8335,-0.3809,0.0000,-2.94,-0.58,0.0000,0.0000
18.300,0,10,0,-5.5162,26.2205,1.2071,-0.3367,0.8753,0.9378,0,0,3.00,-4.0436,27.7315,2.1099,2.0128,2.0645,7.4067,0.7983,-0.4088,0.0000,-2.85,-0.45,0.0000,0.0000
18.400,0,10,0,-5.5450,26.2922,1.2018,-0.3192,0.8179,0.8780,0,0,3.00,-4.0436,27.7315,2.0799,2.0042,2.0645,7.3170,0.7643,-0.4375,0.0000,-2.74,-0.35,0.0000,0.0000
18.500,0,10,0,-5.5730,26.3585,1.1956,-0.3052,0.7620,0.8208,0,0,3.00,-4.0436,27.7315,2.0553,1.9974,2.0645,7.2312,0.7316,-0.4640,0.0000,-2.69,-0.20,0.0000,0.0000
18.600,0,10,0,-5.5873,26.3905,1.1904,-0.2991,0.7327,0.7914,0,0,3.00,-4.0436,27.7315,2.0448,1.9948,2.0645,7.1871,0.7153,-0.4752,0.0000,-2.55,-0.25,0.0000,0.0000
18.700,0,10,0,-5.6147,26.4488,1.1862,-0.2901,0.6782,0.7376,0,0,3.00,-4.0436,27.7315,2.0282,1.9914,2.0645,7.1064,0.6847,-0.5015,0.0000,-2.46,-0.14,0.0000,0.0000
18.800,0,10,0,-5.6413,26.5023,1.1817,-0.2811,0.6263,0.6865,0,0,3.00,-4.0436,27.7315,2.0158,1.9894,2.0645,7.0297,0.6558,-0.5259,0.0000,-2.43,0.03,0.0000,0.0000
18.900,0,10,0,-5.6665,26.5520,1.1776,-0.2706,0.5791,0.6392,0,0,3.00,-4.0436,27.7315,2.0063,1.9881,2.0645,6.9588,0.6285,-0.5490,0.0000,-2.37,0.15,0.0000,0.0000
19.000,0,10,0,-5.6782,26.5749,1.1737,-0.2653,0.5591,0.6188,0,0,3.00,-4.0436,27.7315,2.0024,1.9875,2.0645,6.9283,0.6158,-0.5579,0.0000,-2.23,0.06,0.0000,0.0000
19.100,0,10,0,-5.7015,26.6205,1.1705,-0.2537,0.5217,0.5802,0,0,3.00,-4.0436,27.7315,1.9958,1.9864,2.0645,6.8702,0.5904,-0.5801,0.0000,-2.20,0.18,0.0000,0.0000
19.200,1,10,0,-5.7239,26.6639,1.1668,-0.2428,0.4901,0.5470,1,1,3.00,-15.2637,48.5798,1.9908,1.9856,2.0645,6.8204,0.5661,-0.6008,0.0000,-2.12,0.22,0.0000,0.0000
19.300,1,10,0,-5.7453,26.7050,1.1641,-0.2326,0.4616,0.5169,1,1,3.00,-15.2637,48.5798,23.8559,1.9849,2.0645,6.7753,1.7795,0.6155,4.0000,9.30,17.40,0.0000,0.0000
19.400,1,10,0,-5.7659,26.7437,1.1609,-0.2229,0.4345,0.4884,1,1,3.00,-15.2637,48.5798,23.8123,1.9847,2.0645,6.7326,1.7778,0.6170,4.0000,351.71,382.73,0.0000,0.0000
19.500,1,10,0,-5.7753,26.7650,1.1584,-0.2144,0.4298,0.4803,1,1,3.00,-15.2637,48.5798,23.7889,1.9829,2.0645,6.7205,1.7776,0.6192,4.0000,445.62,512.25,0.0000,0.0000
19.600,1,10,0,-5.7862,26.8186,1.1561,-0.1759,0.4690,0.5009,1,1,3.00,-15.2637,48.5798,23.7354,1.9671,2.0645,6.7514,1.7810,0.6249,4.0000,254.29,615.16,0.0000,0.0000
19.700,1,10,0,-5.7843,26.8933,1.1545,-0.1049,0.5701,0.5797,1,1,3.00,-15.2637,48.5798,23.6678,1.9301,2.0645,6.8695,1.7906,0.6361,4.0000,366.71,718.58,0.0000,0.0000
19.800,1,10,0,-5.7683,26.9913,1.1562,-0.0086,0.7193,0.7193,1,1,3.00,-15.2637,48.5798,23.5844,1.8695,2.0645,7.0790,1.8063,0.6501,4.0000,427.46,910.73,0.0000,0.0000
19.900,1,10,0,-5.7361,27.1179,1.1611,0.1117,0.9179,0.9246,1,1,3.00,-15.2637,48.5798,23.4816,1.7811,2.0645,7.3869,1.8279,0.6668,4.0000,436.75,981.52,0.0000,0.0000
20.000,1,10,0,-5.7141,27.1897,1.1703,0.1810,1.0333,1.0490,1,1,3.00,-15.2637,48.5798,23.4250,1.7277,2.0645,7.5735,1.8402,0.6699,4.0000,492.84,1000.00,0.0000,0.0000
20.100,1,10,0,-5.6561,27.3576,1.1842,0.3272,1.2704,1.3119,1,1,3.00,-15.2637,48.5798,23.2956,1.5970,2.0645,7.9678,1.8667,0.6825,4.0000,272.72,1000.00,0.0000,0.0000
20.200,1,10,0,-5.5835,27.5488,1.2025,0.4727,1.5046,1.5771,1,1,3.00,-15.2637,48.5798,23.1519,1.4426,2.0645,8.3657,1.8938,0.6913,4.0000,243.97,1000.00,0.0000,0.0000
20.300,1,10,0,-5.5006,27.7535,1.2257,0.6025,1.7025,1.8060,1,1,3.00,-15.2637,48.5798,23.0011,1.2726,2.0645,8.7090,1.9194,0.6937,4.0000,340.23,1000.00,0.0000,0.0000
20.400,1,10,0,-5.4111,27.9669,1.2539,0.7092,1.8602,1.9908,1,1,3.00,-15.2637,48.5798,22.8465,1.0926,2.0645,8.9862,1.9435,0.6897,4.0000,155.11,1000.00,0.0000,0.0000
20.500,1,10,0,-5.3172,28.1856,1.2902,0.7929,1.9793,2.1322,1,1,3.00,-15.2637,48.5798,22.6904,0.9063,2.0645,9.1983,1.9663,0.6761,4.0000,207.74,1000.00,0.0000,0.0000
20.600,1,10,0,-5.2675,28.2991,1.3273,0.8254,2.0199,2.1821,1,1,3.00,-15.2637,48.5798,22.6104,0.8087,2.0645,9.2731,1.9775,0.6502,4.0000,218.52,1000.00,0.0000,0.0000
20.700,1,10,0,-5.1685,28.5209,1.3729,0.8845,2.0909,2.2703,1,1,3.00,-15.2637,48.5798,22.4559,0.6164,2.0645,9.4054,1.9991,0.6262,4.0000,73.28,1000.00,0.0000,0.0000
20.800,1,10,0,-5.0668,28.7451,1.4226,0.9323,2.1448,2.3387,1,1,3.00,-15.2637,48.5798,22.3022,0.4206,2.0645,9.5081,2.0203,0.5978,4.0000,111.33,1000.00,0.0000,0.0000
20.900,1,10,0,-4.9630,28.9718,1.4706,0.9698,2.1883,2.3936,1,1,3.00,-15.2637,48.5798,22.1490,0.2218,2.0645,9.5904,2.0414,0.5708,4.0000,125.11,990.57,0.0000,0.0000
21.000,1,10,0,-4.8590,29.2025,1.5274,0.9950,2.2308,2.4426,1,1,3.00,-15.2637,48.5798,21.9940,0.0209,2.0645,9.6639,2.0624,0.5350,4.0000,157.61,1000.00,0.0000,0.0000
21.100,1,10,0,-4.7562,29.4381,1.5868,1.0064,2.2754,2.4880,1,1,3.00,-15.2637,48.5798,21.8360,-0.1813,2.0645,9.7320,2.0831,0.4963,4.0000,116.02,1000.00,0.0000,0.0000
21.200,1,10,0,-4.6562,29.6789,1.6357,1.0037,2.3228,2.5303,1,1,3.00,-15.2637,48.5798,21.6740,-0.3835,2.0645,9.7955,2.1036,0.4679,4.0000,138.60,1000.00,0.0000,0.0000
21.300,1,10,0,-4.6088,29.7972,1.6857,1.0003,2.3513,2.5552,1,1,3.00,-15.2637,48.5798,21.5942,-0.4812,2.0645,9.8328,2.1134,0.4277,4.0000,162.03,1000.00,0.0000,0.0000
21.400,1,10,0,-4.5145,30.0443,1.7367,0.9798,2.3964,2.5889,1,1,3.00,-15.2637,48.5798,21.4269,-0.6814,2.0645,9.8834,2.1334,0.3967,4.0000,226.32,1000.00,0.0000,0.0000
21.500,1,10,0,-4.4263,30.2969,1.7883,0.9441,2.4454,2.6213,1,1,3.00,-15.2637,48.5798,21.2535,-0.8788,2.0645,9.9320,2.1528,0.3644,4.0000,308.31,1000.00,0.0000,0.0000
21.600,1,10,0,-4.3840,30.4296,1.8468,0.9178,2.4668,2.6320,1,1,3.00,-15.2637,48.5798,21.1612,-0.9789,2.0645,9.9480,2.1626,0.3158,4.0000,290.40,1000.00,0.0000,0.0000
21.700,1,10,0,-4.3096,30.6938,1.9048,0.8543,2.5297,2.6700,1,1,3.00,-15.2637,48.5798,20.9738,-1.1696,2.0645,10.0051,2.1809,0.2761,4.0000,397.03,1000.00,0.0000,0.0000
21.800,1,10,0,-4.2469,30.9670,1.9559,0.7716,2.6022,2.7142,1,1,3.00,-15.2637,48.5798,20.7745,-1.3543,2.0645,10.0713,2.1982,0.2423,4.0000,345.82,1000.00,0.0000,0.0000
21.900,1,10,0,-4.2215,31.1032,2.0061,0.7230,2.6492,2.7461,1,1,3.00,-15.2637,48.5798,20.6727,-1.4412,2.0645,10.1192,2.2060,0.1999,4.0000,326.62,1000.00,0.0000,0.0000
22.000,1,10,0,-4.1800,31.3902,2.0619,0.6106,2.7313,2.7987,1,1,3.00,-15.2637,48.5798,20.4532,-1.6138,2.0645,10.1981,2.2215,0.1596,4.0000,513.82,1000.00,0.0000,0.0000
22.100,1,10,0,-4.1538,31.6838,2.1107,0.4831,2.8077,2.8490,1,1,3.00,-15.2637,48.5798,20.2214,-1.7760,2.0645,10.2735,2.2357,0.1250,4.0000,592.28,1000.00,0.0000,0.0000
22.200,1,10,0,-4.1458,31.9838,2.1642,0.3352,2.8794,2.8989,1,1,3.00,-15.2637,48.5798,19.9758,-1.9252,2.0645,10.3483,2.2485,0.0843,4.0000,589.78,1000.00,0.0000,0.0000
22.300,1,10,0,-4.1494,32.1403,2.2159,0.2543,2.9055,2.9166,1,1,3.00,-15.2637,48.5798,19.8440,-1.9962,2.0645,10.3749,2.2546,0.0387,4.0000,579.63,1000.00,0.0000,0.0000
22.400,1,10,0,-4.1710,32.4471,2.2655,0.0840,2.9635,2.9647,1,1,3.00,-15.2637,48.5798,19.5783,-2.1226,2.0645,10.4470,2.2650,-0.0006,4.0000,744.45,1000.00,0.0000,0.0000
22.500,1,10,0,-4.2118,32.7566,2.3080,-0.0946,3.0099,3.0114,1,1,3.00,-15.2637,48.5798,19.3007,-2.2333,2.0645,10.5171,2.2738,-0.0343,4.0000,713.90,1000.00,0.0000,0.0000
22.600,1,10,0,-4.2734,33.0679,2.3536,-0.2835,3.0463,3.0595,1,1,3.00,-15.2637,48.5798,19.0106,-2.3266,2.0645,10.5892,2.2808,-0.0728,4.0000,804.01,1000.00,0.0000,0.0000
22.700,1,10,0,-4.3108,33.2192,2.3968,-0.3825,3.0675,3.0912,1,1,3.00,-15.2637,48.5798,18.8657,-2.3654,2.0645,10.6369,2.2833,-0.1135,4.0000,907.31,1000.00,0.0000,0.0000
22.800,1,10,0,-4.4042,33.5308,2.4330,-0.5844,3.0868,3.1416,1,1,3.00,-15.2637,48.5798,18.5580,-2.4309,2.0645,10.7125,2.2877,-0.1453,4.0000,895.42,1000.00,0.0000,0.0000
22.900,1,10,0,-4.5193,33.8412,2.4710,-0.7920,3.0942,3.1940,1,1,3.00,-15.2637,48.5798,18.2392,-2.4765,2.0645,10.7910,2.2901,-0.1809,4.0000,905.07,999.41,0.0000,0.0000
23.000,1,10,0,-4.6544,34.1485,2.5064,-0.9964,3.0880,3.2448,1,1,3.00,-15.2637,48.5798,17.9114,-2.5033,2.0645,10.8672,2.2909,-0.2155,4.0000,961.90,1000.00,0.0000,0.0000
23.100,1,10,0,-4.8079,34.4516,2.5429,-1.1938,3.0686,3.2926,1,1,3.00,-15.2637,48.5798,17.5763,-2.5117,2.0645,10.9389,2.2902,-0.2527,4.0000,962.17,1000.00,0.0000,0.0000
23.200,1,10,0,-4.8939,34.6056,2.5700,-1.2856,3.0471,3.3072,1,1,3.00,-15.2637,48.5798,17.4015,-2.5090,2.0645,10.9608,2.2895,-0.2804,4.0000,1000.00,1000.00,0.0000,0.0000
23.300,1,10,0,-5.0729,34.9000,2.6012,-1.4678,3.0086,3.3476,1,1,3.00,-15.2637,48.5798,17.0584,-2.4908,2.0645,11.0213,2.2868,-0.3144,4.0000,985.01,1000.00,0.0000,0.0000
23.400,1,10,0,-5.2667,35.1869,2.6296,-1.6374,2.9574,3.3804,1,1,3.00,-15.2637,48.5798,16.7125,-2.4562,2.0645,11.0706,2.2828,-0.3467,4.0000,1000.00,1000.00,0.0000,0.0000
23.500,1,10,0,-5.4733,35.4656,2.6531,-1.7921,2.8946,3.4044,1,1,3.00,-15.2637,48.5798,16.3656,-2.4063,2.0645,11.1067,2.2779,-0.3752,4.0000,998.98,1000.00,0.0000,0.0000
23.600,1,10,0,-5.6916,35.7354,2.6774,-1.9328,2.8225,3.4208,1,1,3.00,-15.2637,48.5798,16.0188,-2.3419,2.0645,11.1313,2.2719,-0.4055,4.0000,1000.00,1000.00,0.0000,0.0000
23.700,1,10,0,-5.9202,35.9959,2.6974,-2.0600,2.7430,3.4304,1,1,3.00,-15.2637,48.5798,15.6734,-2.2641,2.0645,11.1456,2.2649,-0.4325,4.0000,1000.00,826.11,0.0000,0.0000
23.800,1,10,0,-6.1573,36.2462,2.7180,-2.1717,2.6551,3.4301,1,1,3.00,-15.2637,48.5798,15.3312,-2.1740,2.0645,11.1451,2.2572,-0.4609,4.0000,1000.00,842.08,0.0000,0.0000
23.900,1,10,0,-6.4001,36.4846,2.7341,-2.2636,2.5561,3.4143,1,1,3.00,-15.2637,48.5798,14.9952,-2.0731,2.0645,11.1215,2.2488,-0.4852,4.0000,1000.00,777.93,0.0000,0.0000
24.000,1,10,0,-6.5195,36.5959,2.7476,-2.3084,2.5088,3.4092,1,1,3.00,-15.2637,48.5798,14.8349,-2.0208,2.0645,11.1138,2.2444,-0.5032,4.0000,981.95,686.33,0.0000,0.0000
24.100,1,10,0,-6.7676,36.8160,2.7580,-2.3723,2.3974,3.3727,1,1,3.00,-15.2637,48.5798,14.5110,-1.9066,2.0645,11.0590,2.2352,-0.5227,4.0000,994.43,661.37,0.0000,0.0000
24.200,1,10,0,-7.0171,37.0234,2.7651,-2.4183,2.2804,3.3239,1,1,3.00,-15.2637,48.5798,14.1971,-1.7851,2.0645,10.9858,2.2256,-0.5395,4.0000,981.56,594.89,0.0000,0.0000
24.300,1,10,0,-7.2676,37.2185,2.7691,-2.4508,2.1614,3.2677,1,1,3.00,-15.2637,48.5798,13.8930,-1.6570,2.0645,10.9016,2.2154,-0.5538,4.0000,1000.00,604.88,0.0000,0.0000
24.400,1,10,0,-7.5181,37.4016,2.7689,-2.4717,2.0419,3.2060,1,1,3.00,-15.2637,48.5798,13.5995,-1.5232,2.0645,10.8091,2.2045,-0.5644,4.0000,1000.00,560.94,0.0000,0.0000
24.500,1,10,0,-7.7688,37.5733,2.7635,-2.4859,1.9244,3.1438,1,1,3.00,-15.2637,48.5798,13.3160,-1.3838,2.0645,10.7156,2.1929,-0.5705,4.0000,1000.00,478.91,0.0000,0.0000
24.600,1,10,0,-8.0199,37.7344,2.7535,-2.4963,1.8110,3.0840,1,1,3.00,-15.2637,48.5798,13.0421,-1.2390,2.0645,10.6260,2.1806,-0.5729,4.0000,999.19,368.70,0.0000,0.0000
24.700,1,10,0,-8.2708,37.8850,2.7387,-2.5024,1.7008,3.0257,1,1,3.00,-15.2637,48.5798,12.7780,-1.0894,2.0645,10.5386,2.1675,-0.5712,4.0000,996.45,419.05,0.0000,0.0000
24.800,1,10,0,-8.5210,38.0251,2.7232,-2.5035,1.5924,2.9670,1,1,3.00,-15.2637,48.5798,12.5246,-0.9356,2.0645,10.4505,2.1538,-0.5694,4.0000,1000.00,267.18,0.0000,0.0000
24.900,1,10,0,-8.7699,38.1551,2.6993,-2.4995,1.4866,2.9082,1,1,3.00,-15.2637,48.5798,12.2818,-0.7780,2.0645,10.3622,2.1395,-0.5598,4.0000,1000.00,192.35,0.0000,0.0000
25.000,1,10,0,-8.8970,38.2180,2.6793,-2.4882,1.4308,2.8703,1,1,3.00,-15.2637,48.5798,12.1615,-0.6959,2.0645,10.3054,2.1319,-0.5474,4.0000,1000.00,237.45,0.0000,0.0000
25.100,1,10,0,-9.1412,38.3320,2.6531,-2.4708,1.3255,2.8038,1,1,3.00,-15.2637,48.5798,11.9374,-0.5349,2.0645,10.2058,2.1169,-0.5362,4.0000,994.77,221.27,0.0000,0.0000
25.200,1,10,0,-9.2592,38.3845,2.6237,-2.4683,1.2790,2.7800,1,1,3.00,-15.2637,48.5798,11.8321,-0.4558,2.0645,10.1699,2.1093,-0.5144,4.0000,1000.00,242.35,0.0000,0.0000
25.300,1,10,0,-9.5017,38.4873,2.5915,-2.4540,1.1882,2.7265,1,1,3.00,-15.2637,48.5798,11.6215,-0.2910,2.0645,10.0898,2.0934,-0.4981,4.0000,990.11,261.21,0.0000,0.0000
25.400,1,10,0,-9.7443,38.5843,2.5525,-2.4456,1.1097,2.6856,1,1,3.00,-15.2637,48.5798,11.4181,-0.1233,2.0645,10.0284,2.0768,-0.4756,4.0000,984.98,302.97,0.0000,0.0000
25.500,1,10,0,-9.8698,38.6326,2.5157,-2.4389,1.0737,2.6648,1,1,3.00,-15.2637,48.5798,11.3155,-0.0358,2.0645,9.9971,2.0681,-0.4476,4.0000,1000.00,252.84,0.0000,0.0000
25.600,1,10,0,-10.1154,38.7250,2.4774,-2.4445,1.0194,2.6486,1,1,3.00,-15.2637,48.5798,11.1185,0.1367,2.0645,9.9729,2.0508,-0.4266,4.0000,1000.00,379.05,0.0000,0.0000
25.700,1,10,0,-10.2356,38.7696,2.4380,-2.4567,1.0012,2.6528,1,1,3.00,-15.2637,48.5798,11.0237,0.2215,2.0645,9.9792,2.0423,-0.3957,4.0000,991.19,296.18,0.0000,0.0000
25.800,1,10,0,-10.4862,38.8628,2.3876,-2.4764,0.9770,2.6621,1,1,3.00,-15.2637,48.5798,10.8280,0.3980,2.0645,9.9931,2.0247,-0.3629,4.0000,1000.00,386.37,0.0000,0.0000
25.900,1,10,0,-10.7397,38.9587,2.3465,-2.4993,0.9717,2.6815,1,1,3.00,-15.2637,48.5798,10.6316,0.5758,2.0645,10.0223,2.0071,-0.3394,4.0000,999.12,257.80,0.0000,0.0000
26.000,1,10,0,-10.9953,39.0591,2.3050,-2.5213,0.9844,2.7067,1,1,3.00,-15.2637,48.5798,10.4337,0.7533,2.0645,10.0600,1.9898,-0.3152,4.0000,995.31,264.18,0.0000,0.0000
26.100,1,10,0,-11.2515,39.1639,2.2519,-2.5372,1.0084,2.7303,1,1,3.00,-15.2637,48.5798,10.2351,0.9292,2.0645,10.0954,1.9727,-0.2792,4.0000,999.35,456.80,0.0000,0.0000
26.200,1,10,0,-11.3834,39.2204,2.2089,-2.5373,1.0241,2.7362,1,1,3.00,-15.2637,48.5798,10.1319,1.0186,2.0645,10.1042,1.9641,-0.2448,4.0000,1000.00,448.37,0.0000,0.0000
26.300,1,10,0,-11.6398,39.3373,2.1606,-2.5460,1.0768,2.7644,1,1,3.00,-15.2637,48.5798,9.9275,1.1889,2.0645,10.1466,1.9479,-0.2128,4.0000,994.26,374.64,0.0000,0.0000
26.400,1,10,0,-11.8952,39.4639,2.1124,-2.5482,1.1452,2.7937,1,1,3.00,-15.2637,48.5798,9.7183,1.3538,2.0645,10.1906,1.9324,-0.1800,4.0000,977.25,513.25,0.0000,0.0000
26.500,1,10,0,-12.0185,39.5291,2.0699,-2.5525,1.1878,2.8153,1,1,3.00,-15.2637,48.5798,9.6148,1.4315,2.0645,10.2230,1.9254,-0.1445,4.0000,951.75,497.71,0.0000,0.0000
26.600,1,10,0,-12.2711,39.6734,2.0227,-2.5439,1.2823,2.8488,1,1,3.00,-15.2637,48.5798,9.3957,1.5855,2.0645,10.2732,1.9114,-0.1113,4.0000,993.60,620.15,0.0000,0.0000
26.700,1,10,0,-12.5203,39.8317,1.9768,-2.5263,1.3932,2.8850,1,1,3.00,-15.2637,48.5798,9.1682,1.7300,2.0645,10.3275,1.8985,-0.0782,4.0000,987.62,678.54,0.0000,0.0000
26.800,1,10,0,-12.7653,40.0068,1.9322,-2.4995,1.5257,2.9283,1,1,3.00,-15.2637,48.5798,8.9296,1.8627,2.0645,10.3925,1.8872,-0.0451,4.0000,988.94,749.54,0.0000,0.0000
26.900,1,10,0,-13.0046,40.2000,1.8903,-2.4614,1.6753,2.9774,1,1,3.00,-15.2637,48.5798,8.6790,1.9819,2.0645,10.4661,1.8774,-0.0130,4.0000,998.18,709.41,0.0000,0.0000
27.000,1,10,0,-13.2367,40.4099,1.8461,-2.4114,1.8313,3.0280,1,1,3.00,-15.2637,48.5798,8.4175,2.0868,2.0645,10.5420,1.8691,0.0230,4.0000,996.58,620.76,0.0000,0.0000
27.100,1,10,0,-13.4608,40.6339,1.8038,-2.3501,1.9812,3.0738,1,1,3.00,-15.2637,48.5798,8.1478,2.1780,2.0645,10.6107,1.8621,0.0582,4.0000,985.81,656.74,0.0000,0.0000
27.200,1,10,0,-13.6761,40.8682,1.7627,-2.2793,2.1139,3.1087,1,1,3.00,-15.2637,48.5798,7.8733,2.2566,2.0645,10.6630,1.8560,0.0933,4.0000,987.85,824.48,0.0000,0.0000
27.300,1,10,0,-13.8816,41.1132,1.7225,-2.1981,2.2378,3.1368,1,1,3.00,-15.2637,48.5798,7.5934,2.3214,2.0645,10.7052,1.8510,0.1284,4.0000,993.98,789.35,0.0000,0.0000
27.400,1,10,0,-14.0762,41.3690,1.6843,-2.1072,2.3561,3.1609,1,1,3.00,-15.2637,48.5798,7.3079,2.3716,2.0645,10.7414,1.8472,0.1629,4.0000,990.79,816.05,0.0000,0.0000
27.500,1,10,0,-14.2598,41.6345,1.6480,-2.0088,2.4666,3.1811,1,1,3.00,-15.2637,48.5798,7.0174,2.4073,2.0645,10.7716,1.8446,0.1966,4.0000,989.94,956.68,0.0000,0.0000
27.600,1,10,0,-14.3497,41.7753,1.6170,-1.9529,2.5148,3.1840,1,1,3.00,-15.2637,48.5798,6.8655,2.4198,2.0645,10.7760,1.8436,0.2266,4.0000,974.39,970.54,0.0000,0.0000
27.700,1,10,0,-14.5151,42.0584,1.5885,-1.8439,2.6284,3.2107,1,1,3.00,-15.2637,48.5798,6.5642,2.4313,2.0645,10.8161,1.8434,0.2550,4.0000,981.17,936.64,0.0000,0.0000
27.800,1,10,0,-14.6680,42.3531,1.5594,-1.7296,2.7433,3.2430,1,1,3.00,-15.2637,48.5798,6.2550,2.4263,2.0645,10.8645,1.8448,0.2854,4.0000,996.67,913.89,0.0000,0.0000
27.900,1,10,0,-14.8087,42.6581,1.5381,-1.6122,2.8533,3.2772,1,1,3.00,-15.2637,48.5798,5.9391,2.4056,2.0645,10.9158,1.8476,0.3095,4.0000,992.53,951.32,0.0000,0.0000
28.000,1,10,0,-14.9372,42.9713,1.5133,-1.4934,2.9534,3.3095,1,1,3.00,-15.2637,48.5798,5.6179,2.3704,2.0645,10.9643,1.8516,0.3383,4.0000,911.90,971.79,0.0000,0.0000
28.100,1,10,0,-15.0537,43.2906,1.4905,-1.3741,3.0389,3.3351,1,1,3.00,-15.2637,48.5798,5.2934,2.3217,2.0645,11.0027,1.8566,0.3660,4.0000,955.29,992.07,0.0000,0.0000
28.200,1,10,0,-15.1585,43.6133,1.4701,-1.2556,3.1061,3.3503,1,1,3.00,-15.2637,48.5798,4.9676,2.2610,2.0645,11.0254,1.8623,0.3922,3.9741,991.10,990.88,0.0000,0.0000
28.300,1,10,0,-15.2521,43.9383,1.4533,-1.1396,3.1571,3.3565,1,1,3.00,-15.2637,48.5798,4.6415,2.1894,2.0645,11.0347,1.8687,0.4153,3.7132,899.99,953.87,0.0000,0.0000
28.400,1,10,0,-15.2937,44.0967,1.4385,-1.0851,3.1858,3.3655,1,1,3.00,-15.2637,48.5798,4.4832,2.1510,2.0645,11.0483,1.8722,0.4337,3.5865,979.48,953.77,0.0000,0.0000
28.500,1,10,0,-15.3720,44.4234,1.4276,-0.9754,3.2168,3.3614,1,1,3.00,-15.2637,48.5798,4.1578,2.0651,2.0645,11.0421,1.8796,0.4521,3.3262,831.72,958.95,0.0000,0.0000
28.600,1,10,0,-15.4406,44.7507,1.4151,-0.8704,3.2388,3.3537,1,1,3.00,-15.2637,48.5798,3.8332,1.9704,2.0645,11.0306,1.8878,0.4726,3.0665,701.40,985.31,0.0000,0.0000
28.700,1,10,0,-15.4721,44.9185,1.4043,-0.8175,3.2364,3.3381,1,1,3.00,-15.2637,48.5798,3.6672,1.9186,2.0645,11.0071,1.8919,0.4877,2.9338,742.04,968.67,0.0000,0.0000
28.800,1,10,0,-15.5259,45.2417,1.3972,-0.7159,3.2337,3.3120,1,1,3.00,-15.2637,48.5798,3.3484,1.8128,2.0645,10.9680,1.9007,0.5035,2.6787,784.90,956.28,0.0000,0.0000
28.900,1,10,0,-15.5486,45.3973,1.3930,-0.6673,3.2356,3.3037,1,1,3.00,-15.2637,48.5798,3.1951,1.7590,2.0645,10.9556,1.9053,0.5123,2.5561,608.79,947.97,0.0000,0.0000
29.000,2,10,0,-15.5889,45.7160,1.3902,-0.5713,3.2194,3.2697,2,1,3.00,-17.6851,73.5358,2.8821,1.6435,2.0645,10.9045,1.9149,0.5247,2.3057,561.14,933.95,0.0000,0.0000
29.100,2,10,0,-15.6211,46.0295,1.3900,-0.4807,3.1898,3.2258,2,1,3.00,-17.6851,73.5358,27.5837,0.6020,1.6675,10.8388,1.6120,0.2220,4.0000,653.59,929.97,0.0000,0.0000
29.200,2,10,0,-15.6461,46.3368,1.3928,-0.3967,3.1490,3.1739,2,1,3.00,-17.6851,73.5358,27.2753,0.5971,1.6675,10.7608,1.6121,0.2193,4.0000,685.22,851.80,0.0000,0.0000
29.300,2,10,0,-15.6565,46.4928,1.3984,-0.3574,3.1191,3.1396,2,1,3.00,-17.6851,73.5358,27.1190,0.5924,1.6675,10.7093,1.6123,0.2139,4.0000,692.95,920.36,0.0000,0.0000
29.400,2,10,0,-15.6729,46.7918,1.4035,-0.2875,3.0716,3.0851,2,1,3.00,-17.6851,73.5358,26.8196,0.5799,1.6675,10.6276,1.6130,0.2095,4.0000,746.17,973.53,0.0000,0.0000
29.500,2,10,0,-15.6839,47.0888,1.4120,-0.2231,3.0341,3.0423,2,1,3.00,-17.6851,73.5358,26.5226,0.5622,1.6675,10.5635,1.6144,0.2024,4.0000,874.12,1000.00,0.0000,0.0000
29.600,2,10,0,-15.6873,47.2337,1.4205,-0.1927,3.0310,3.0371,2,1,3.00,-17.6851,73.5358,26.3779,0.5516,1.6675,10.5556,1.6153,0.1948,4.0000,824.32,992.95,0.0000,0.0000
29.700,2,10,0,-15.6909,47.5356,1.4305,-0.1356,3.0291,3.0322,2,1,3.00,-17.6851,73.5358,26.0766,0.5260,1.6675,10.5483,1.6177,0.1872,4.0000,841.58,1000.00,0.0000,0.0000
29.800,2,10,0,-15.6903,47.8418,1.4400,-0.0841,3.0434,3.0446,2,1,3.00,-17.6851,73.5358,25.7713,0.4958,1.6675,10.5668,1.6206,0.1806,4.0000,745.93,1000.00,0.0000,0.0000
29.900,2,10,0,-15.6861,48.1521,1.4525,-0.0383,3.0666,3.0669,2,1,3.00,-17.6851,73.5358,25.4624,0.4617,1.6675,10.6003,1.6240,0.1715,4.0000,766.85,1000.00,0.0000,0.0000
30.000,2,10,0,-15.6787,48.4640,1.4662,0.0025,3.0874,3.0874,2,1,3.00,-17.6851,73.5358,25.1520,0.4242,1.6675,10.6311,1.6276,0.1614,4.0000,809.42,1000.00,0.0000,0.0000
30.100,2,10,0,-15.6738,48.6248,1.4796,0.0207,3.0884,3.0885,2,1,3.00,-17.6851,73.5358,24.9921,0.4038,1.6675,10.6327,1.6296,0.1499,4.0000,723.93,994.96,0.0000,0.0000
30.200,2,10,0,-15.6629,48.9373,1.4922,0.0526,3.1008,3.1012,2,1,3.00,-17.6851,73.5358,24.6815,0.3628,1.6675,10.6518,1.6335,0.1412,4.0000,813.33,992.86,0.0000,0.0000
30.300,2,10,0,-15.6504,49.2486,1.5072,0.0789,3.1042,3.1052,2,1,3.00,-17.6851,73.5358,24.3723,0.3202,1.6675,10.6578,1.6375,0.1303,4.0000,786.67,1000.00,0.0000,0.0000
30.400,2,10,0,-15.6369,49.5594,1.5228,0.0992,3.1049,3.1065,2,1,3.00,-17.6851,73.5358,24.0637,0.2768,1.6675,10.6598,1.6416,0.1188,4.0000,792.57,990.73,0.0000,0.0000
30.500,2,10,0,-15.6300,49.7102,1.5381,0.1079,3.1120,3.1139,2,1,3.00,-17.6851,73.5358,23.9141,0.2554,1.6675,10.6708,1.6436,0.1055,4.0000,809.06,1000.00,0.0000,0.0000
30.600,2,10,0,-15.6154,50.0210,1.5558,0.1217,3.1126,3.1150,2,1,3.00,-17.6851,73.5358,23.6057,0.2108,1.6675,10.6724,1.6478,0.0920,4.0000,901.90,997.39,0.0000,0.0000
30.700,2,10,0,-15.6006,50.3335,1.5716,0.1315,3.1194,3.1221,2,1,3.00,-17.6851,73.5358,23.2957,0.1659,1.6675,10.6832,1.6520,0.0804,4.0000,948.81,989.18,0.0000,0.0000
30.800,2,10,0,-15.5863,50.6495,1.5889,0.1355,3.1362,3.1391,2,1,3.00,-17.6851,73.5358,22.9824,0.1211,1.6675,10.7086,1.6562,0.0673,4.0000,846.29,1000.00,0.0000,0.0000
30.900,2,10,0,-15.5730,50.9689,1.6052,0.1344,3.1592,3.1621,2,1,3.00,-17.6851,73.5358,22.6655,0.0771,1.6675,10.7432,1.6603,0.0551,4.0000,881.20,974.52,0.0000,0.0000
31.000,2,10,0,-15.5605,51.2900,1.6207,0.1312,3.1796,3.1823,2,1,3.00,-17.6851,73.5358,22.3471,0.0336,1.6675,10.7735,1.6644,0.0437,4.0000,973.61,989.34,0.0000,0.0000
31.100,2,10,0,-15.5491,51.6119,1.6357,0.1249,3.1959,3.1983,2,1,3.00,-17.6851,73.5358,22.0277,-0.0088,1.6675,10.7975,1.6683,0.0327,4.0000,965.57,993.59,0.0000,0.0000
31.200,2,10,0,-15.5396,51.9355,1.6487,0.1138,3.2123,3.2143,2,1,3.00,-17.6851,73.5358,21.7066,-0.0495,1.6675,10.8215,1.6721,0.0234,4.0000,882.39,995.27,0.0000,0.0000
31.300,2,10,0,-15.5318,52.2595,1.6619,0.1007,3.2243,3.2259,2,1,3.00,-17.6851,73.5358,21.3850,-0.0886,1.6675,10.8388,1.6757,0.0138,4.0000,967.01,969.29,0.0000,0.0000
31.400,2,10,0,-15.5256,52.5835,1.6746,0.0867,3.2317,3.2329,2,1,3.00,-17.6851,73.5358,21.0633,-0.1261,1.6675,10.8493,1.6791,0.0046,4.0000,919.29,1000.00,0.0000,0.0000
31.500,2,10,0,-15.5215,52.9081,1.6853,0.0697,3.2387,3.2394,2,1,3.00,-17.6851,73.5358,20.7409,-0.1614,1.6675,10.8591,1.6824,-0.0029,4.0000,898.66,1000.00,0.0000,0.0000
31.600,2,10,0,-15.5195,53.2333,1.6963,0.0518,3.2456,3.2460,2,1,3.00,-17.6851,73.5358,20.4177,-0.1949,1.6675,10.8690,1.6854,-0.0109,4.0000,971.93,992.50,0.0000,0.0000
31.700,2,10,0,-15.5195,53.5592,1.7086,0.0326,3.2525,3.2527,2,1,3.00,-17.6851,73.5358,20.0936,-0.2263,1.6675,10.8790,1.6883,-0.0203,4.0000,993.13,931.95,0.0000,0.0000
31.800,2,10,0,-15.5223,53.8860,1.7186,0.0103,3.2599,3.2599,2,1,3.00,-17.6851,73.5358,19.7685,-0.2550,1.6675,10.8899,1.6909,-0.0277,4.0000,971.63,957.35,0.0000,0.0000
31.900,2,10,0,-15.5281,54.2128,1.7266,-0.0145,3.2646,3.2647,2,1,3.00,-17.6851,73.5358,19.4430,-0.2809,1.6675,10.8970,1.6933,-0.0333,4.0000,981.61,1000.00,0.0000,0.0000
32.000,2,10,0,-15.5366,54.5394,1.7341,-0.0404,3.2671,3.2674,2,1,3.00,-17.6851,73.5358,19.1175,-0.3039,1.6675,10.9011,1.6954,-0.0387,4.0000,989.33,978.91,0.0000,0.0000
32.100,2,10,0,-15.5479,54.8663,1.7406,-0.0670,3.2693,3.2700,2,1,3.00,-17.6851,73.5358,18.7915,-0.3242,1.6675,10.9050,1.6972,-0.0433,4.0000,942.65,1000.00,0.0000,0.0000
32.200,2,10,0,-15.5548,55.0345,1.7456,-0.0799,3.2625,3.2635,2,1,3.00,-17.6851,73.5358,18.6236,-0.3337,1.6675,10.8952,1.6981,-0.0475,4.0000,979.71,1000.00,0.0000,0.0000
32.300,2,10,0,-15.5698,55.3613,1.7504,-0.1053,3.2636,3.2653,2,1,3.00,-17.6851,73.5358,18.2972,-0.3503,1.6675,10.8979,1.6997,-0.0508,4.0000,990.06,988.00,0.0000,0.0000
32.400,2,10,0,-15.5780,55.5200,1.7550,-0.1183,3.2721,3.2743,2,1,3.00,-17.6851,73.5358,18.1387,-0.3575,1.6675,10.9114,1.7003,-0.0548,4.0000,947.12,969.82,0.0000,0.0000
32.500,2,10,0,-15.5968,55.8471,1.7593,-0.1439,3.2738,3.2769,2,1,3.00,-17.6851,73.5358,17.8115,-0.3704,1.6675,10.9154,1.7014,-0.0579,4.0000,972.54,928.40,0.0000,0.0000
32.600,2,10,0,-15.6180,56.1740,1.7633,-0.1690,3.2736,3.2780,2,1,3.00,-17.6851,73.5358,17.4845,-0.3808,1.6675,10.9170,1.7024,-0.0610,4.0000,1000.00,898.88,0.0000,0.0000
32.700,2,10,0,-15.6419,56.4997,1.7676,-0.1949,3.2694,3.2752,2,1,3.00,-17.6851,73.5358,17.1582,-0.3884,1.6675,10.9128,1.7031,-0.0645,4.0000,995.27,865.92,0.0000,0.0000
32.800,2,10,0,-15.6554,56.6667,1.7700,-0.2076,3.2577,3.2643,2,1,3.00,-17.6851,73.5358,16.9908,-0.3911,1.6675,10.8965,1.7034,-0.0666,4.0000,967.71,971.56,0.0000,0.0000
32.900,2,10,0,-15.6835,56.9894,1.7715,-0.2341,3.2459,3.2543,2,1,3.00,-17.6851,73.5358,16.6670,-0.3944,1.6675,10.8814,1.7037,-0.0677,4.0000,968.48,969.59,0.0000,0.0000
33.000,2,10,0,-15.7137,57.3116,1.7728,-0.2586,3.2363,3.2466,2,1,3.00,-17.6851,73.5358,16.3436,-0.3954,1.6675,10.8699,1.7039,-0.0690,4.0000,983.73,944.21,0.0000,0.0000
33.100,2,10,0,-15.7291,57.4679,1.7735,-0.2711,3.2402,3.2515,2,1,3.00,-17.6851,73.5358,16.1866,-0.3951,1.6675,10.8773,1.7038,-0.0697,4.0000,980.81,847.03,0.0000,0.0000
33.200,2,10,0,-15.7625,57.7895,1.7738,-0.2941,3.2332,3.2465,2,1,3.00,-17.6851,73.5358,15.8633,-0.3930,1.6675,10.8698,1.7037,-0.0702,4.0000,970.35,805.22,0.0000,0.0000
33.300,2,10,0,-15.7980,58.1092,1.7731,-0.3168,3.2218,3.2373,2,1,3.00,-17.6851,73.5358,15.5416,-0.3885,1.6675,10.8559,1.7033,-0.0698,4.0000,976.10,835.90,0.0000,0.0000
33.400,2,10,0,-15.8173,58.2729,1.7714,-0.3273,3.2072,3.2239,2,1,3.00,-17.6851,73.5358,15.3767,-0.3852,1.6675,10.8358,1.7030,-0.0684,4.0000,977.10,890.28,0.0000,0.0000
33.500,2,10,0,-15.8563,58.5899,1.7685,-0.3500,3.1927,3.2118,2,1,3.00,-17.6851,73.5358,15.0574,-0.3769,1.6675,10.8177,1.7023,-0.0661,4.0000,996.56,930.89,0.0000,0.0000
33.600,2,10,0,-15.8973,58.9064,1.7643,-0.3716,3.1818,3.2034,2,1,3.00,-17.6851,73.5358,14.7383,-0.3667,1.6675,10.8051,1.7014,-0.0628,4.0000,1000.00,979.97,0.0000,0.0000
33.700,2,10,0,-15.9397,59.2241,1.7606,-0.3905,3.1794,3.2033,2,1,3.00,-17.6851,73.5358,14.4178,-0.3551,1.6675,10.8049,1.7004,-0.0602,4.0000,961.48,982.04,0.0000,0.0000
33.800,2,10,0,-15.9832,59.5434,1.7565,-0.4065,3.1836,3.2095,2,1,3.00,-17.6851,73.5358,14.0955,-0.3427,1.6675,10.8142,1.6992,-0.0573,4.0000,975.07,999.49,0.0000,0.0000
33.900,2,10,0,-16.0046,59.6989,1.7529,-0.4144,3.1947,3.2215,2,1,3.00,-17.6851,73.5358,13.9386,-0.3364,1.6675,10.8322,1.6986,-0.0543,4.0000,1000.00,980.45,0.0000,0.0000
34.000,2,10,0,-16.0493,60.0208,1.7500,-0.4264,3.2058,3.2340,2,1,3.00,-17.6851,73.5358,13.6136,-0.3230,1.6675,10.8510,1.6973,-0.0528,4.0000,986.28,897.46,0.0000,0.0000
34.100,2,10,0,-16.0950,60.3442,1.7467,-0.4378,3.2175,3.2471,2,1,3.00,-17.6851,73.5358,13.2872,-0.3088,1.6675,10.8707,1.6959,-0.0508,4.0000,945.34,1000.00,0.0000,0.0000
34.200,2,10,0,-16.1415,60.6676,1.7432,-0.4481,3.2256,3.2566,2,1,3.00,-17.6851,73.5358,12.9604,-0.2937,1.6675,10.8849,1.6945,-0.0487,4.0000,976.56,984.42,0.0000,0.0000
34.300,2,10,0,-16.1883,60.9916,1.7401,-0.4555,3.2324,3.2644,2,1,3.00,-17.6851,73.5358,12.6332,-0.2784,1.6675,10.8966,1.6931,-0.0470,4.0000,959.68,924.56,0.0000,0.0000
34.400,2,10,0,-16.2353,61.3153,1.7380,-0.4610,3.2359,3.2686,2,1,3.00,-17.6851,73.5358,12.3062,-0.2629,1.6675,10.9029,1.6916,-0.0464,4.0000,964.87,988.02,0.0000,0.0000
34.500,2,10,0,-16.2826,61.6383,1.7355,-0.4654,3.2355,3.2688,2,1,3.00,-17.6851,73.5358,11.9799,-0.2470,1.6675,10.9032,1.6902,-0.0453,4.0000,981.54,982.88,0.0000,0.0000
34.600,2,10,0,-16.3300,61.9614,1.7332,-0.4689,3.2357,3.2695,2,1,3.00,-17.6851,73.5358,11.6535,-0.2310,1.6675,10.9043,1.6887,-0.0445,4.0000,942.40,992.41,0.0000,0.0000
34.700,2,10,0,-16.3775,62.2847,1.7314,-0.4715,3.2366,3.2708,2,1,3.00,-17.6851,73.5358,11.3269,-0.2149,1.6675,10.9062,1.6872,-0.0442,4.0000,936.87,986.12,0.0000,0.0000
34.800,2,10,0,-16.4250,62.6081,1.7303,-0.4727,3.2375,3.2718,2,1,3.00,-17.6851,73.5358,11.0002,-0.1989,1.6675,10.9078,1.6858,-0.0445,4.0000,995.59,969.35,0.0000,0.0000
34.900,2,10,0,-16.4493,62.7744,1.7298,-0.4716,3.2297,3.2640,2,1,3.00,-17.6851,73.5358,10.8322,-0.1908,1.6675,10.8959,1.6850,-0.0448,4.0000,989.53,856.83,0.0000,0.0000
35.000,2,10,0,-16.4968,63.0975,1.7295,-0.4730,3.2292,3.2637,2,1,3.00,-17.6851,73.5358,10.5057,-0.1747,1.6675,10.8955,1.6835,-0.0460,4.0000,964.59,919.15,0.0000,0.0000
35.100,2,10,0,-16.5452,63.4192,1.7278,-0.4768,3.2241,3.2592,2,1,3.00,-17.6851,73.5358,10.1806,-0.1576,1.6675,10.8888,1.6820,-0.0458,4.0000,994.53,861.98,0.0000,0.0000
35.200,2,10,0,-16.5941,63.7402,1.7255,-0.4812,3.2181,3.2539,2,1,3.00,-17.6851,73.5358,9.8561,-0.1399,1.6675,10.8809,1.6804,-0.0452,4.0000,943.18,985.59,0.0000,0.0000
35.300,2,10,0,-16.6436,64.0602,1.7226,-0.4859,3.2106,3.2472,2,1,3.00,-17.6851,73.5358,9.5327,-0.1216,1.6675,10.8708,1.6787,-0.0439,4.0000,920.55,949.34,0.0000,0.0000
35.400,2,10,0,-16.6928,64.3800,1.7197,-0.4880,3.2051,3.2420,2,1,3.00,-17.6851,73.5358,9.2094,-0.1035,1.6675,10.8630,1.6770,-0.0427,4.0000,1000.00,846.89,0.0000,0.0000
35.500,2,10,0,-16.7417,64.6990,1.7178,-0.4882,3.1989,3.2359,2,1,3.00,-17.6851,73.5358,8.8870,-0.0856,1.6675,10.8539,1.6754,-0.0424,4.0000,951.99,870.06,0.0000,0.0000
35.600,2,10,0,-16.7912,65.0166,1.7140,-0.4907,3.1895,3.2270,2,1,3.00,-17.6851,73.5358,8.5660,-0.0670,1.6675,10.8406,1.6737,-0.0403,4.0000,913.51,963.16,0.0000,0.0000
35.700,2,10,0,-16.8410,65.3332,1.7095,-0.4930,3.1804,3.2184,2,1,3.00,-17.6851,73.5358,8.2459,-0.0480,1.6675,10.8276,1.6720,-0.0375,4.0000,977.80,931.85,0.0000,0.0000
35.800,2,10,0,-16.8651,65.4870,1.7070,-0.4947,3.1848,3.2230,2,1,3.00,-17.6851,73.5358,8.0905,-0.0389,1.6675,10.8345,1.6711,-0.0359,4.0000,945.68,990.71,0.0000,0.0000
35.900,2,10,0,-16.9148,65.8045,1.7037,-0.4959,3.1835,3.2219,2,1,3.00,-17.6851,73.5358,7.7696,-0.0201,1.6675,10.8329,1.6694,-0.0343,4.0000,969.87,944.92,0.0000,0.0000
36.000,2,10,0,-16.9640,66.1235,1.7008,-0.4947,3.1879,3.2260,2,1,3.00,-17.6851,73.5358,7.4473,-0.0019,1.6675,10.8391,1.6677,-0.0331,4.0000,1000.00,949.45,0.0000,0.0000
36.100,2,10,0,-17.0129,66.4440,1.6977,-0.4928,3.1959,3.2337,2,1,3.00,-17.6851,73.5358,7.1236,0.0158,1.6675,10.8505,1.6661,-0.0317,4.0000,1000.00,836.46,0.0000,0.0000
36.200,2,10,0,-17.0381,66.6093,1.6951,-0.4912,3.1926,3.2302,2,1,3.00,-17.6851,73.5358,6.9567,0.0249,1.6675,10.8453,1.6652,-0.0299,4.0000,994.91,800.71,0.0000,0.0000
36.300,2,10,0,-17.0876,66.9297,1.6918,-0.4925,3.1958,3.2335,2,1,3.00,-17.6851,73.5358,6.6331,0.0432,1.6675,10.8503,1.6635,-0.0282,4.0000,1000.00,746.18,0.0000,0.0000
36.400,2,10,0,-17.1119,67.0844,1.6872,-0.4954,3.2011,3.2392,2,1,3.00,-17.6851,73.5358,6.4768,0.0525,1.6675,10.8589,1.6627,-0.0245,4.0000,955.96,925.66,0.0000,0.0000
36.500,2,10,0,-17.1628,67.4013,1.6804,-0.5004,3.1912,3.2302,2,1,3.00,-17.6851,73.5358,6.1567,0.0725,1.6675,10.8453,1.6608,-0.0195,4.0000,989.02,838.74,0.0000,0.0000
36.600,2,10,0,-17.2134,67.7180,1.6729,-0.5028,3.1844,3.2239,2,1,3.00,-17.6851,73.5358,5.8369,0.0923,1.6675,10.8358,1.6590,-0.0139,4.0000,996.39,864.87,0.0000,0.0000
36.700,2,10,0,-17.2637,68.0341,1.6659,-0.5031,3.1777,3.2173,2,1,3.00,-17.6851,73.5358,5.5178,0.1119,1.6675,10.8259,1.6572,-0.0087,4.0000,949.30,893.42,0.0000,0.0000
36.800,2,10,0,-17.3137,68.3496,1.6564,-0.5022,3.1713,3.2108,2,1,3.00,-17.6851,73.5358,5.1995,0.1312,1.6675,10.8163,1.6554,-0.0010,4.0000,899.48,913.34,0.0000,0.0000
36.900,2,10,0,-17.3391,68.5122,1.6487,-0.4994,3.1621,3.2013,2,1,3.00,-17.6851,73.5358,5.0356,0.1407,1.6675,10.8020,1.6545,0.0058,4.0000,839.78,968.65,0.0000,0.0000
37.000,2,10,0,-17.3872,68.8281,1.6416,-0.4927,3.1604,3.1985,2,1,3.00,-17.6851,73.5358,4.7171,0.1581,1.6675,10.7978,1.6529,0.0112,3.7737,860.12,988.27,0.0000,0.0000
37.100,2,10,0,-17.4334,69.1447,1.6349,-0.4812,3.1615,3.1979,2,1,3.00,-17.6851,73.5358,4.3984,0.1735,1.6675,10.7968,1.6514,0.0165,3.5187,927.76,948.92,0.0000,0.0000
37.200,2,10,0,-17.4551,69.2988,1.6296,-0.4756,3.1714,3.2068,2,1,3.00,-17.6851,73.5358,4.2433,0.1803,1.6675,10.8102,1.6508,0.0212,3.3946,913.28,909.37,0.0000,0.0000
37.300,2,10,0,-17.4989,69.6178,1.6255,-0.4619,3.1802,3.2136,2,1,3.00,-17.6851,73.5358,3.9224,0.1930,1.6675,10.8204,1.6497,0.0241,3.1379,905.48,947.13,0.0000,0.0000
37.400,2,10,0,-17.5411,69.9378,1.6220,-0.4476,3.1892,3.2204,2,1,3.00,-17.6851,73.5358,3.6009,0.2041,1.6675,10.8307,1.6487,0.0267,2.8807,921.07,856.48,0.0000,0.0000
37.500,2,10,0,-17.5817,70.2566,1.6184,-0.4328,3.1902,3.2194,2,1,3.00,-17.6851,73.5358,3.2809,0.2138,1.6675,10.8292,1.6478,0.0294,2.6247,948.47,813.82,0.0000,0.0000
37.600,3,10,0,-17.6216,70.5730,1.6148,-0.4209,3.1823,3.2100,3,1,3.00,-7.5179,92.1658,2.9635,0.2230,1.6675,10.8151,1.6469,0.0321,2.3708,872.30,855.04,0.0000,0.0000
37.700,3,10,0,-17.6420,70.7348,1.6113,-0.4152,3.1683,3.1954,3,1,3.00,-7.5179,92.1658,23.7020,-1.3796,1.0712,10.7930,1.1984,-0.4129,4.0000,847.88,876.93,0.0000,0.0000
37.800,3,10,0,-17.6809,71.0476,1.6066,-0.4055,3.1528,3.1787,3,1,3.00,-7.5179,92.1658,23.4364,-1.1957,1.0712,10.7681,1.1818,-0.4247,4.0000,907.64,674.08,0.0000,0.0000
37.900,3,10,0,-17.7187,71.3580,1.6014,-0.3955,3.1341,3.1589,3,1,3.00,-7.5179,92.1658,23.1737,-1.0138,1.0712,10.7384,1.1654,-0.4360,4.0000,956.65,450.25,0.0000,0.0000
38.000,3,10,0,-17.7569,71.6625,1.5957,-0.3906,3.1006,3.1251,3,1,3.00,-7.5179,92.1658,22.9177,-0.8344,1.0712,10.6877,1.1491,-0.4465,4.0000,1000.00,403.43,0.0000,0.0000
38.100,3,10,0,-17.7971,71.9598,1.5846,-0.3946,3.0537,3.0791,3,1,3.00,-7.5179,92.1658,22.6703,-0.6567,1.0712,10.6186,1.1330,-0.4516,4.0000,1000.00,536.51,0.0000,0.0000
38.200,3,10,0,-17.8395,72.2517,1.5680,-0.4054,3.0042,3.0315,3,1,3.00,-7.5179,92.1658,22.4300,-0.4796,1.0712,10.5472,1.1167,-0.4513,4.0000,983.06,326.83,0.0000,0.0000
38.300,3,10,0,-17.8837,72.5396,1.5488,-0.4185,2.9578,2.9872,3,1,3.00,-7.5179,92.1658,22.1954,-0.3029,1.0712,10.4809,1.1001,-0.4487,4.0000,988.21,316.20,0.0000,0.0000
38.400,3,10,0,-17.9299,72.8216,1.5185,-0.4341,2.9073,2.9395,3,1,3.00,-7.5179,92.1658,21.9683,-0.1273,1.0712,10.4093,1.0835,-0.4350,4.0000,1000.00,246.35,0.0000,0.0000
38.500,3,10,0,-17.9772,73.1000,1.4886,-0.4482,2.8619,2.8968,3,1,3.00,-7.5179,92.1658,21.7463,0.0477,1.0712,10.3452,1.0666,-0.4220,4.0000,994.04,175.54,0.0000,0.0000
38.600,3,10,0,-18.0005,73.2342,1.4556,-0.4556,2.8484,2.8846,3,1,3.00,-7.5179,92.1658,21.6400,0.1324,1.0712,10.3270,1.0584,-0.3972,4.0000,995.91,123.35,0.0000,0.0000
38.700,3,10,0,-18.0747,73.6478,1.4134,-0.4717,2.7855,2.8252,3,1,3.00,-7.5179,92.1658,21.3157,0.3956,1.0712,10.2378,1.0326,-0.3808,4.0000,985.34,322.00,0.0000,0.0000
38.800,3,10,0,-18.0984,73.7794,1.3714,-0.4762,2.7765,2.8171,3,1,3.00,-7.5179,92.1658,21.2133,0.4795,1.0712,10.2256,1.0244,-0.3471,4.0000,970.32,519.85,0.0000,0.0000
38.900,3,10,0,-18.1446,74.0527,1.3214,-0.4706,2.7631,2.8029,3,1,3.00,-7.5179,92.1658,21.0002,0.6509,1.0712,10.2044,1.0075,-0.3139,4.0000,1000.00,418.93,0.0000,0.0000
39.000,3,10,0,-18.1844,74.3318,1.2710,-0.4438,2.7755,2.8108,3,1,3.00,-7.5179,92.1658,20.7804,0.8196,1.0712,10.2162,0.9912,-0.2799,4.0000,984.00,420.91,0.0000,0.0000
39.100,3,10,0,-18.2176,74.6161,1.2210,-0.4028,2.8019,2.8307,3,1,3.00,-7.5179,92.1658,20.5542,0.9849,1.0712,10.2461,0.9754,-0.2456,4.0000,984.90,572.64,0.0000,0.0000
39.200,3,10,0,-18.2425,74.9058,1.1756,-0.3465,2.8388,2.8599,3,1,3.00,-7.5179,92.1658,20.3205,1.1456,1.0712,10.2898,0.9603,-0.2153,4.0000,1000.00,627.17,0.0000,0.0000
39.300,3,10,0,-18.2562,75.2030,1.1213,-0.2692,2.8894,2.9019,3,1,3.00,-7.5179,92.1658,20.0760,1.2999,1.0712,10.3529,0.9463,-0.1750,4.0000,982.92,637.73,0.0000,0.0000
39.400,3,10,0,-18.2568,75.5073,1.0880,-0.1729,2.9474,2.9524,3,1,3.00,-7.5179,92.1658,19.8199,1.4463,1.0712,10.4287,0.9334,-0.1546,4.0000,1000.00,681.94,0.0000,0.0000
39.500,3,10,0,-18.2521,75.6661,1.0463,-0.1200,2.9684,2.9708,3,1,3.00,-7.5179,92.1658,19.6841,1.5182,1.0712,10.4562,0.9270,-0.1193,4.0000,979.67,831.53,0.0000,0.0000
39.600,3,10,0,-18.2321,75.9780,1.0198,-0.0040,3.0223,3.0223,3,1,3.00,-7.5179,92.1658,19.4123,1.6501,1.0712,10.5334,0.9158,-0.1040,4.0000,980.51,846.36,0.0000,0.0000
39.700,3,10,0,-18.2165,76.1314,0.9856,0.0620,3.0570,3.0576,3,1,3.00,-7.5179,92.1658,19.2759,1.7098,1.0712,10.5864,0.9111,-0.0745,4.0000,1000.00,744.85,0.0000,0.0000
39.800,3,10,0,-18.1721,76.4504,0.9535,0.2016,3.1072,3.1138,3,1,3.00,-7.5179,92.1658,18.9864,1.8238,1.0712,10.6707,0.9019,-0.0516,4.0000,986.94,598.55,0.0000,0.0000
39.900,3,10,0,-18.1148,76.7704,0.9188,0.3374,3.1423,3.1604,3,1,3.00,-7.5179,92.1658,18.6898,1.9267,1.0712,10.7405,0.8937,-0.0250,4.0000,986.14,543.46,0.0000,0.0000
40.000,3,10,0,-18.0812,76.9345,0.8847,0.3988,3.1448,3.1699,3,1,3.00,-7.5179,92.1658,18.5358,1.9758,1.0712,10.7549,0.8895,0.0049,4.0000,992.91,619.53,0.0000,0.0000
40.100,3,10,0,-18.0091,77.2509,0.8579,0.5153,3.1505,3.1924,3,1,3.00,-7.5179,92.1658,18.2351,2.0641,1.0712,10.7886,0.8822,0.0243,4.0000,979.38,805.98,0.0000,0.0000
40.200,3,10,0,-17.9703,77.4034,0.8271,0.5738,3.1561,3.2078,3,1,3.00,-7.5179,92.1658,18.0881,2.1031,1.0712,10.8117,0.8791,0.0520,4.0000,986.27,843.01,0.0000,0.0000
40.300,3,10,0,-17.8805,77.7162,0.7933,0.6931,3.1476,3.2230,3,1,3.00,-7.5179,92.1658,17.7812,2.1741,1.0712,10.8345,0.8732,0.0798,4.0000,960.07,835.42,0.0000,0.0000
40.400,3,10,0,-17.7765,78.0270,0.7614,0.8203,3.1346,3.2401,3,1,3.00,-7.5179,92.1658,17.4684,2.2317,1.0712,10.8601,0.8685,0.1072,4.0000,960.20,822.37,0.0000,0.0000
40.500,3,10,0,-17.6587,78.3352,0.7345,0.9516,3.1173,3.2593,3,1,3.00,-7.5179,92.1658,17.1499,2.2760,1.0712,10.8889,0.8652,0.1307,4.0000,1000.00,1000.00,0.0000,0.0000
40.600,3,10,0,-17.5927,78.4929,0.7091,1.0154,3.1001,3.2621,3,1,3.00,-7.5179,92.1658,16.9838,2.2935,1.0712,10.8932,0.8637,0.1546,4.0000,1000.00,993.98,0.0000,0.0000
40.700,3,10,0,-17.4520,78.7979,0.6854,1.1568,3.0812,3.2912,3,1,3.00,-7.5179,92.1658,16.6549,2.3162,1.0712,10.9368,0.8625,0.1771,4.0000,986.39,909.55,0.0000,0.0000
40.800,3,10,0,-17.3781,78.9452,0.6635,1.2334,3.0787,3.3166,3,1,3.00,-7.5179,92.1658,16.4926,2.3219,1.0712,10.9749,0.8627,0.1992,4.0000,993.56,851.60,0.0000,0.0000
40.900,3,10,0,-17.2158,79.2461,0.6430,1.3761,3.0549,3.3505,3,1,3.00,-7.5179,92.1658,16.1545,2.3236,1.0712,11.0258,0.8635,0.2206,4.0000,951.10,829.72,0.0000,0.0000
41.000,3,10,0,-17.0432,79.5420,0.6202,1.5043,3.0211,3.3749,3,1,3.00,-7.5179,92.1658,15.8143,2.3138,1.0712,11.0623,0.8650,0.2448,4.0000,987.02,926.85,0.0000,0.0000
41.100,3,10,0,-16.8618,79.8318,0.5992,1.6182,2.9776,3.3890,3,1,3.00,-7.5179,92.1658,15.4737,2.2934,1.0712,11.0834,0.8672,0.2680,4.0000,896.19,991.24,0.0000,0.0000
41.200,3,10,0,-16.6715,80.1149,0.5767,1.7230,2.9253,3.3950,3,1,3.00,-7.5179,92.1658,15.1331,2.2619,1.0712,11.0926,0.8701,0.2934,4.0000,873.37,995.18,0.0000,0.0000
41.300,3,10,0,-16.5706,80.2573,0.5606,1.7665,2.8883,3.3856,3,1,3.00,-7.5179,92.1658,14.9586,2.2416,1.0712,11.0784,0.8716,0.3110,4.0000,755.17,861.20,0.0000,0.0000
41.400,3,10,0,-16.3703,80.5272,0.5432,1.8511,2.8186,3.3721,3,1,3.00,-7.5179,92.1658,14.6226,2.1951,1.0712,11.0582,0.8753,0.3321,4.0000,730.64,951.95,0.0000,0.0000
41.500,3,10,0,-16.1677,80.7863,0.5302,1.9136,2.7354,3.3383,3,1,3.00,-7.5179,92.1658,14.2937,2.1414,1.0712,11.0075,0.8791,0.3489,4.0000,675.43,808.82,0.0000,0.0000
41.600,3,10,0,-15.9629,81.0348,0.5200,1.9616,2.6437,3.2920,3,1,3.00,-7.5179,92.1658,13.9720,2.0806,1.0712,10.9379,0.8833,0.3632,4.0000,745.29,946.07,0.0000,0.0000
41.700,3,10,0,-15.7565,81.2735,0.5118,1.9982,2.5500,3.2396,3,1,3.00,-7.5179,92.1658,13.6571,2.0138,1.0712,10.8594,0.8879,0.3761,4.0000,771.72,1000.00,0.0000,0.0000
41.800,3,10,0,-15.5454,81.5043,0.5066,2.0385,2.4618,3.1963,3,1,3.00,-7.5179,92.1658,13.3457,1.9391,1.0712,10.7944,0.8935,0.3869,4.0000,923.05,987.65,0.0000,0.0000
41.900,3,10,0,-15.3271,81.7299,0.5041,2.0905,2.3870,3.1730,3,1,3.00,-7.5179,92.1658,13.0342,1.8555,1.0712,10.7596,0.9005,0.3964,4.0000,771.94,914.83,0.0000,0.0000
42.000,3,10,0,-15.2186,81.8381,0.5021,2.1247,2.3602,3.1757,3,1,3.00,-7.5179,92.1658,12.8826,1.8121,1.0712,10.7636,0.9044,0.4023,4.0000,700.51,869.76,0.0000,0.0000
42.100,3,10,0,-14.9915,82.0572,0.5017,2.1789,2.3001,3.1683,3,1,3.00,-7.5179,92.1658,12.5713,1.7178,1.0712,10.7524,0.9128,0.4111,4.0000,741.86,1000.00,0.0000,0.0000
42.200,3,10,0,-14.7619,82.2705,0.5032,2.2226,2.2401,3.1556,3,1,3.00,-7.5179,92.1658,12.2635,1.6184,1.0712,10.7335,0.9216,0.4183,4.0000,855.61,952.65,0.0000,0.0000
42.300,3,10,0,-14.5284,82.4788,0.5068,2.2653,2.1843,3.1469,3,1,3.00,-7.5179,92.1658,11.9576,1.5132,1.0712,10.7203,0.9310,0.4242,4.0000,849.25,991.21,0.0000,0.0000
42.400,3,10,0,-14.2906,82.6836,0.5116,2.3075,2.1359,3.1444,3,1,3.00,-7.5179,92.1658,11.6525,1.4026,1.0712,10.7165,0.9411,0.4294,4.0000,849.72,961.57,0.0000,0.0000
42.500,3,10,0,-14.0496,82.8852,0.5172,2.3462,2.0936,3.1445,3,1,3.00,-7.5179,92.1658,11.3487,1.2876,1.0712,10.7168,0.9517,0.4344,4.0000,704.89,1000.00,0.0000,0.0000
42.600,3,10,0,-13.8067,83.0837,0.5233,2.3776,2.0551,3.1427,3,1,3.00,-7.5179,92.1658,11.0468,1.1695,1.0712,10.7140,0.9625,0.4392,4.0000,703.63,985.91,0.0000,0.0000
42.700,3,10,0,-13.5628,83.2779,0.5309,2.4011,2.0149,3.1345,3,1,3.00,-7.5179,92.1658,10.7487,1.0484,1.0712,10.7018,0.9736,0.4427,4.0000,493.59,994.92,0.0000,0.0000
42.800,3,10,0,-13.3184,83.4675,0.5402,2.4181,1.9723,3.1204,3,1,3.00,-7.5179,92.1658,10.4549,0.9247,1.0712,10.6807,0.9849,0.4446,4.0000,721.82,973.74,0.0000,0.0000
42.900,3,10,0,-13.0749,83.6506,0.5531,2.4254,1.9221,3.0947,3,1,3.00,-7.5179,92.1658,10.1680,0.7987,1.0712,10.6420,0.9963,0.4432,4.0000,494.60,1000.00,0.0000,0.0000
43.000,3,10,0,-12.8312,83.8297,0.5677,2.4307,1.8751,3.0699,3,1,3.00,-7.5179,92.1658,9.8854,0.6706,1.0712,10.6048,1.0081,0.4404,4.0000,297.55,924.76,0.0000,0.0000
43.100,3,10,0,-12.5899,84.0022,0.5833,2.4252,1.8211,3.0328,3,1,3.00,-7.5179,92.1658,9.6108,0.5414,1.0712,10.5492,1.0199,0.4366,4.0000,464.88,981.50,0.0000,0.0000
43.200,3,10,0,-12.4676,84.0878,0.6041,2.4108,1.7858,3.0001,3,1,3.00,-7.5179,92.1658,9.4738,0.4750,1.0712,10.5002,1.0260,0.4220,4.0000,286.24,1000.00,0.0000,0.0000
43.300,3,10,0,-12.2318,84.2493,0.6260,2.3909,1.7235,2.9474,3,1,3.00,-7.5179,92.1658,9.2136,0.3454,1.0712,10.4210,1.0381,0.4121,4.0000,315.68,969.46,0.0000,0.0000
43.400,3,10,0,-11.9994,84.4033,0.6512,2.3659,1.6567,2.8882,3,1,3.00,-7.5179,92.1658,8.9632,0.2152,1.0712,10.3323,1.0504,0.3992,4.0000,370.74,997.41,0.0000,0.0000
43.500,3,10,0,-11.8877,84.4757,0.6795,2.3582,1.6271,2.8650,3,1,3.00,-7.5179,92.1658,8.8449,0.1518,1.0712,10.2976,1.0565,0.3770,4.0000,252.41,988.63,0.0000,0.0000
43.600,3,10,0,-11.6581,84.6221,0.7103,2.3368,1.5686,2.8144,3,1,3.00,-7.5179,92.1658,8.6052,0.0205,1.0712,10.2216,1.0692,0.3589,4.0000,110.10,984.88,0.0000,0.0000
43.700,3,10,0,-11.4297,84.7640,0.7484,2.3189,1.5151,2.7699,3,1,3.00,-7.5179,92.1658,8.3719,-0.1120,1.0712,10.1549,1.0823,0.3339,4.0000,137.64,978.11,0.0000,0.0000
43.800,3,10,0,-11.3128,84.8350,0.7850,2.3049,1.4849,2.7418,3,1,3.00,-7.5179,92.1658,8.2548,-0.1807,1.0712,10.1127,1.0891,0.3041,4.0000,204.60,956.51,0.0000,0.0000
43.900,3,10,0,-11.0860,84.9710,0.8293,2.2908,1.4396,2.7056,3,1,3.00,-7.5179,92.1658,8.0310,-0.3146,1.0712,10.0584,1.1025,0.2732,4.0000,426.55,998.60,0.0000,0.0000
44.000,3,10,0,-10.8585,85.1086,0.8755,2.2849,1.4166,2.6884,3,1,3.00,-7.5179,92.1658,7.8079,-0.4484,1.0712,10.0326,1.1159,0.2404,4.0000,633.98,942.78,0.0000,0.0000
44.100,3,10,0,-10.7471,85.1778,0.9169,2.2918,1.4218,2.6970,3,1,3.00,-7.5179,92.1658,7.6980,-0.5130,1.0712,10.0456,1.1222,0.2054,4.0000,518.81,1000.00,0.0000,0.0000
44.200,3,10,0,-10.5160,85.3284,0.9570,2.3003,1.4542,2.7214,3,1,3.00,-7.5179,92.1658,7.4658,-0.6437,1.0712,10.0822,1.1350,0.1780,4.0000,557.29,818.51,0.0000,0.0000
44.300,3,10,0,-10.2842,85.4881,0.9958,2.3081,1.5076,2.7568,3,1,3.00,-7.5179,92.1658,7.2280,-0.7708,1.0712,10.1352,1.1471,0.1514,4.0000,647.13,1000.00,0.0000,0.0000
44.400,3,10,0,-10.0525,85.6584,1.0420,2.3124,1.5808,2.8011,3,1,3.00,-7.5179,92.1658,6.9835,-0.8925,1.0712,10.2017,1.1585,0.1164,4.0000,727.57,993.00,0.0000,0.0000
44.500,3,10,0,-9.9330,85.7516,1.0774,2.3097,1.6230,2.8230,3,1,3.00,-7.5179,92.1658,6.8538,-0.9528,1.0712,10.2344,1.1641,0.0867,4.0000,508.36,1000.00,0.0000,0.0000
44.600,3,10,0,-9.7011,85.9426,1.1158,2.3123,1.7267,2.8859,3,1,3.00,-7.5179,92.1658,6.5950,-1.0648,1.0712,10.3289,1.1740,0.0582,4.0000,447.48,868.63,0.0000,0.0000
44.700,3,10,0,-9.4719,86.1424,1.1494,2.3043,1.8241,2.9389,3,1,3.00,-7.5179,92.1658,6.3324,-1.1703,1.0712,10.4084,1.1832,0.0338,4.0000,595.28,1000.00,0.0000,0.0000
44.800,3,10,0,-9.3624,86.2413,1.1870,2.2994,1.8712,2.9645,3,1,3.00,-7.5179,92.1658,6.2050,-1.2190,1.0712,10.4468,1.1874,0.0004,4.0000,814.13,881.66,0.0000,0.0000
44.900,3,10,0,-9.1406,86.4514,1.2235,2.2707,1.9566,2.9974,3,1,3.00,-7.5179,92.1658,5.9403,-1.3131,1.0712,10.4961,1.1957,-0.0278,4.0000,702.77,865.28,0.0000,0.0000
45.000,3,10,0,-8.9254,86.6709,1.2588,2.2284,2.0445,3.0241,3,1,3.00,-7.5179,92.1658,5.6723,-1.3969,1.0712,10.5362,1.2030,-0.0557,4.0000,795.66,726.77,0.0000,0.0000
45.100,3,10,0,-8.7179,86.8971,1.2876,2.1729,2.1252,3.0394,3,1,3.00,-7.5179,92.1658,5.4036,-1.4706,1.0712,10.5590,1.2096,-0.0780,4.0000,921.39,777.39,0.0000,0.0000
45.200,3,10,0,-8.5195,87.1317,1.3199,2.1049,2.2072,3.0500,3,1,3.00,-7.5179,92.1658,5.1328,-1.5324,1.0712,10.5750,1.2151,-0.1048,4.0000,763.95,788.50,0.0000,0.0000
45.300,3,10,0,-8.4207,87.2563,1.3457,2.0642,2.2452,3.0499,3,1,3.00,-7.5179,92.1658,4.9917,-1.5594,1.0712,10.5748,1.2176,-0.1281,3.9934,833.62,678.13,0.0000,0.0000
45.400,3,10,0,-8.2352,87.5037,1.3673,1.9877,2.3273,3.0606,3,1,3.00,-7.5179,92.1658,4.7169,-1.6037,1.0712,10.5909,1.2215,-0.1458,3.7735,737.63,901.69,0.0000,0.0000
45.500,3,10,0,-8.0588,87.7578,1.3865,1.9061,2.4040,3.0680,3,1,3.00,-7.5179,92.1658,4.4410,-1.6369,1.0712,10.6020,1.2244,-0.1621,3.5528,735.92,884.96,0.0000,0.0000
45.600,3,10,0,-7.8893,88.0181,1.4046,1.8293,2.4751,3.0777,3,1,3.00,-7.5179,92.1658,4.1643,-1.6610,1.0712,10.6166,1.2264,-0.1782,3.3314,845.47,800.01,0.0000,0.0000
45.700,3,10,0,-7.7272,88.2822,1.4219,1.7531,2.5347,3.0818,3,1,3.00,-7.5179,92.1658,3.8892,-1.6766,1.0712,10.6228,1.2278,-0.1941,3.1113,928.86,771.99,0.0000,0.0000
45.800,3,10,0,-7.6516,88.4125,1.4386,1.7177,2.5706,3.0917,3,1,3.00,-7.5179,92.1658,3.7556,-1.6807,1.0712,10.6375,1.2279,-0.2107,3.0045,913.23,785.50,0.0000,0.0000
45.900,3,10,0,-7.5022,88.6848,1.4537,1.6369,2.6272,3.0954,3,1,3.00,-7.5179,92.1658,3.4810,-1.6814,1.0712,10.6431,1.2279,-0.2257,2.7848,717.60,855.65,0.0000,0.0000
46.000,3,10,0,-7.3612,88.9601,1.4654,1.5548,2.6746,3.0937,3,1,3.00,-7.5179,92.1658,3.2094,-1.6732,1.0712,10.6406,1.2272,-0.2383,2.5676,856.75,814.41,0.0000,0.0000
46.100,4,10,0,-7.2273,89.2376,1.4762,1.4769,2.7125,3.0885,4,1,3.00,9.5017,103.6453,2.9426,-1.6578,1.0712,10.6327,1.2259,-0.2503,2.3541,933.70,715.11,0.0000,0.0000
46.200,4,10,0,-7.1007,89.5185,1.4852,1.4006,2.7495,3.0857,4,1,3.00,9.5017,103.6453,21.7992,-2.4280,0.5934,10.6285,0.8180,-0.6672,4.0000,834.86,546.70,0.0000,0.0000
46.300,4,10,0,-6.9824,89.8021,1.4918,1.3219,2.7824,3.0804,4,1,3.00,9.5017,103.6453,21.5257,-2.2590,0.5934,10.6207,0.8030,-0.6888,4.0000,986.64,481.54,0.0000,0.0000
46.400,4,10,0,-6.8726,90.0847,1.4935,1.2408,2.7995,3.0621,4,1,3.00,9.5017,103.6453,21.2604,-2.0861,0.5934,10.5932,0.7878,-0.7057,4.0000,980.30,496.19,0.0000,0.0000
46.500,4,10,0,-6.7714,90.3662,1.4919,1.1579,2.8064,3.0359,4,1,3.00,9.5017,103.6453,21.0035,-1.9094,0.5934,10.5539,0.7724,-0.7195,4.0000,945.64,493.73,0.0000,0.0000
46.600,4,10,0,-6.6781,90.6464,1.4853,1.0765,2.8061,3.0055,4,1,3.00,9.5017,103.6453,20.7547,-1.7293,0.5934,10.5083,0.7565,-0.7288,4.0000,1000.00,501.43,0.0000,0.0000
46.700,4,10,0,-6.5918,90.9260,1.4744,0.9990,2.8041,2.9767,4,1,3.00,9.5017,103.6453,20.5130,-1.5457,0.5934,10.4651,0.7400,-0.7344,4.0000,959.68,492.80,0.0000,0.0000
46.800,4,10,0,-6.5503,91.0692,1.4598,0.9591,2.7941,2.9541,4,1,3.00,9.5017,103.6453,20.3917,-1.4502,0.5934,10.4312,0.7315,-0.7283,4.0000,924.19,352.13,0.0000,0.0000
46.900,4,10,0,-6.4742,91.3453,1.4468,0.8870,2.7813,2.9193,4,1,3.00,9.5017,103.6453,20.1623,-1.2638,0.5934,10.3789,0.7146,-0.7322,4.0000,1000.00,256.84,0.0000,0.0000
47.000,4,10,0,-6.4398,91.4777,1.4281,0.8531,2.7765,2.9046,4,1,3.00,9.5017,103.6453,20.0544,-1.1733,0.5934,10.3569,0.7062,-0.7219,4.0000,1000.00,287.55,0.0000,0.0000
47.100,4,10,0,-6.3738,91.7481,1.4057,0.7832,2.7518,2.8611,4,1,3.00,9.5017,103.6453,19.8387,-0.9860,0.5934,10.2916,0.6889,-0.7168,4.0000,1000.00,67.44,0.0000,0.0000
47.200,4,10,0,-6.3140,92.0149,1.3796,0.7159,2.7222,2.8148,4,1,3.00,9.5017,103.6453,19.6316,-0.7983,0.5934,10.2221,0.6713,-0.7083,4.0000,983.21,-55.64,0.0000,0.0000
47.300,4,10,0,-6.2859,92.1496,1.3444,0.6808,2.6958,2.7805,4,1,3.00,9.5017,103.6453,19.5294,-0.7024,0.5934,10.1707,0.6623,-0.6821,4.0000,868.75,-267.70,0.0000,0.0000
47.400,4,10,0,-6.2371,92.4034,1.3140,0.6104,2.6378,2.7075,4,1,3.00,9.5017,103.6453,19.3414,-0.5191,0.5934,10.0613,0.6450,-0.6690,4.0000,869.45,-56.39,0.0000,0.0000
47.500,4,10,0,-6.2167,92.5217,1.2742,0.5736,2.6028,2.6653,4,1,3.00,9.5017,103.6453,19.2562,-0.4326,0.5934,9.9979,0.6366,-0.6375,4.0000,854.50,162.73,0.0000,0.0000
47.600,4,10,0,-6.1790,92.7584,1.2311,0.5024,2.5188,2.5685,4,1,3.00,9.5017,103.6453,19.0894,-0.2574,0.5934,9.8527,0.6195,-0.6115,4.0000,1000.00,225.11,0.0000,0.0000
47.700,4,10,0,-6.1421,92.9929,1.1863,0.4549,2.4576,2.4993,4,1,3.00,9.5017,103.6453,18.9262,-0.0836,0.5934,9.7490,0.6020,-0.5843,4.0000,934.17,369.70,0.0000,0.0000
47.800,4,10,0,-6.1022,93.2299,1.1294,0.4356,2.4281,2.4669,4,1,3.00,9.5017,103.6453,18.7606,0.0906,0.5934,9.7003,0.5841,-0.5453,4.0000,983.27,182.44,0.0000,0.0000
47.900,4,10,0,-6.0800,93.3539,1.0838,0.4339,2.4194,2.4580,4,1,3.00,9.5017,103.6453,18.6735,0.1810,0.5934,9.6870,0.5747,-0.5091,4.0000,991.42,-33.65,0.0000,0.0000
48.000,4,10,0,-6.0352,93.5983,1.0375,0.4389,2.4276,2.4669,4,1,3.00,9.5017,103.6453,18.5024,0.3585,0.5934,9.7004,0.5565,-0.4810,4.0000,956.15,45.81,0.0000,0.0000
48.100,4,10,0,-6.0132,93.7181,0.9893,0.4429,2.4415,2.4813,4,1,3.00,9.5017,103.6453,18.4190,0.4455,0.5934,9.7220,0.5476,-0.4417,4.0000,996.27,36.37,0.0000,0.0000
48.200,4,10,0,-5.9658,93.9684,0.9392,0.4550,2.4654,2.5071,4,1,3.00,9.5017,103.6453,18.2451,0.6265,0.5934,9.7606,0.5293,-0.4099,4.0000,998.59,-89.57,0.0000,0.0000
48.300,4,10,0,-5.9129,94.2200,0.8874,0.4825,2.4851,2.5315,4,1,3.00,9.5017,103.6453,18.0678,0.8056,0.5934,9.7972,0.5114,-0.3760,4.0000,1000.00,35.98,0.0000,0.0000
48.400,4,10,0,-5.8549,94.4698,0.8201,0.5188,2.4908,2.5442,4,1,3.00,9.5017,103.6453,17.8889,0.9802,0.5934,9.8163,0.4939,-0.3262,4.0000,1000.00,263.63,0.0000,0.0000
48.500,4,10,0,-5.8222,94.5974,0.7589,0.5407,2.4834,2.5416,4,1,3.00,9.5017,103.6453,17.7956,1.0677,0.5934,9.8124,0.4850,-0.2738,4.0000,888.58,474.72,0.0000,0.0000
48.600,4,10,0,-5.7498,94.8450,0.6975,0.6073,2.4799,2.5532,4,1,3.00,9.5017,103.6453,17.6084,1.2325,0.5934,9.8298,0.4687,-0.2288,4.0000,821.18,701.98,0.0000,0.0000
48.700,4,10,0,-5.6622,95.0922,0.6400,0.7049,2.4767,2.5750,4,1,3.00,9.5017,103.6453,17.4097,1.3885,0.5934,9.8626,0.4535,-0.1865,4.0000,913.81,802.01,0.0000,0.0000
48.800,4,10,0,-5.5535,95.3407,0.5879,0.8439,2.4789,2.6186,4,1,3.00,9.5017,103.6453,17.1937,1.5337,0.5934,9.9279,0.4401,-0.1477,4.0000,1000.00,821.03,0.0000,0.0000
48.900,4,10,0,-5.4187,95.5911,0.5402,1.0268,2.4874,2.6910,4,1,3.00,9.5017,103.6453,16.9555,1.6659,0.5934,10.0365,0.4289,-0.1113,4.0000,942.39,931.28,0.0000,0.0000
49.000,4,10,0,-5.2561,95.8424,0.4938,1.2438,2.4958,2.7886,4,1,3.00,9.5017,103.6453,16.6937,1.7833,0.5934,10.1829,0.4200,-0.0738,4.0000,885.74,727.72,0.0000,0.0000
49.100,4,10,0,-5.1680,95.9638,0.4556,1.3622,2.5027,2.8494,4,1,3.00,9.5017,103.6453,16.5591,1.8347,0.5934,10.2742,0.4167,-0.0389,4.0000,880.77,839.81,0.0000,0.0000
49.200,4,10,0,-4.9721,96.2110,0.4165,1.5806,2.4922,2.9512,4,1,3.00,9.5017,103.6453,16.2714,1.9301,0.5934,10.4268,0.4104,-0.0062,4.0000,717.83,890.32,0.0000,0.0000
49.300,4,10,0,-4.7603,96.4516,0.3849,1.7768,2.4616,3.0358,4,1,3.00,9.5017,103.6453,15.9736,2.0112,0.5934,10.5538,0.4051,0.0202,4.0000,712.40,1000.00,0.0000,0.0000
49.400,4,10,0,-4.5389,96.6812,0.3579,1.9365,2.4017,3.0851,4,1,3.00,9.5017,103.6453,15.6728,2.0777,0.5934,10.6277,0.4003,0.0424,4.0000,894.61,965.34,0.0000,0.0000
49.500,4,10,0,-4.3095,96.8987,0.3335,2.0679,2.3199,3.1077,4,1,3.00,9.5017,103.6453,15.3709,2.1297,0.5934,10.6616,0.3962,0.0627,4.0000,762.81,787.76,0.0000,0.0000
49.600,4,10,0,-4.0729,97.1058,0.3148,2.1769,2.2297,3.1162,4,1,3.00,9.5017,103.6453,15.0677,2.1691,0.5934,10.6743,0.3929,0.0781,4.0000,850.44,605.19,0.0000,0.0000
49.700,4,10,0,-3.8343,97.3032,0.2962,2.2535,2.1380,3.1063,4,1,3.00,9.5017,103.6453,14.7672,2.1994,0.5934,10.6595,0.3899,0.0937,4.0000,966.02,496.74,0.0000,0.0000
49.800,4,10,0,-3.5939,97.4942,0.2774,2.3095,2.0561,3.0921,4,1,3.00,9.5017,103.6453,14.4683,2.2233,0.5934,10.6382,0.3874,0.1100,4.0000,754.58,475.08,0.0000,0.0000
49.900,4,10,0,-3.3519,97.6791,0.2545,2.3506,1.9817,3.0745,4,1,3.00,9.5017,103.6453,14.1708,2.2413,0.5934,10.6117,0.3853,0.1308,4.0000,938.61,626.95,0.0000,0.0000
50.000,4,10,0,-3.2271,97.7713,0.2346,2.3604,1.9400,3.0554,4,1,3.00,9.5017,103.6453,14.0188,2.2479,0.5934,10.5830,0.3841,0.1495,4.0000,1000.00,482.60,0.0000,0.0000
50.100,4,10,0,-2.9817,97.9452,0.2050,2.3938,1.8668,3.0356,4,1,3.00,9.5017,103.6453,13.7232,2.2549,0.5934,10.5534,0.3829,0.1779,4.0000,1000.00,643.35,0.0000,0.0000
50.200,4,10,0,-2.7329,98.1128,0.1757,2.4274,1.7971,3.0202,4,1,3.00,9.5017,103.6453,13.4273,2.2546,0.5934,10.5303,0.3825,0.2068,4.0000,996.76,747.61,0.0000,0.0000
50.300,4,10,0,-2.4789,98.2740,0.1465,2.4675,1.7298,3.0134,4,1,3.00,9.5017,103.6453,13.1295,2.2463,0.5934,10.5201,0.3830,0.2365,4.0000,988.00,865.63,0.0000,0.0000
50.400,4,10,0,-2.2177,98.4286,0.1107,2.5193,1.6628,3.0185,4,1,3.00,9.5017,103.6453,12.8280,2.2284,0.5934,10.5278,0.3848,0.2741,4.0000,962.41,843.35,0.0000,0.0000
50.500,4,10,0,-1.9457,98.5758,0.0837,2.5919,1.5932,3.0424,4,1,3.00,9.5017,103.6453,12.5196,2.1983,0.5934,10.5636,0.3882,0.3045,4.0000,758.79,974.81,0.0000,0.0000
50.600,4,10,0,-1.6628,98.7142,0.0607,2.6768,1.5167,3.0766,4,1,3.00,9.5017,103.6453,12.2050,2.1549,0.5934,10.6150,0.3931,0.3325,4.0000,694.43,963.60,0.0000,0.0000
50.700,4,10,0,-1.5230,98.7773,0.0421,2.7242,1.4762,3.0984,4,1,3.00,9.5017,103.6453,12.0516,2.1290,0.5934,10.6477,0.3961,0.3540,4.0000,655.28,848.88,0.0000,0.0000
50.800,4,10,0,-1.2316,98.8984,0.0275,2.7943,1.3798,3.1165,4,1,3.00,9.5017,103.6453,11.7361,2.0665,0.5934,10.6747,0.4022,0.3747,4.0000,443.57,813.93,0.0000,0.0000
50.900,4,10,0,-0.9418,99.0084,0.0103,2.8326,1.2781,3.1076,4,1,3.00,9.5017,103.6453,11.4266,1.9956,0.5934,10.6614,0.4084,0.3980,4.0000,486.50,874.07,0.0000,0.0000
51.000,4,10,0,-0.7945,99.0606,0.0003,2.8329,1.2236,3.0858,4,1,3.00,9.5017,103.6453,11.2707,1.9565,0.5934,10.6288,0.4114,0.4111,4.0000,592.94,830.22,0.0000,0.0000
51.100,4,10,0,-0.5118,99.1547,-0.0065,2.8296,1.1207,3.0434,4,1,3.00,9.5017,103.6453,10.9743,1.8764,0.5934,10.5652,0.4176,0.4241,4.0000,478.06,944.35,0.0000,0.0000
51.200,4,10,0,-0.3766,99.1970,-0.0105,2.8269,1.0730,3.0236,4,1,3.00,9.5017,103.6453,10.8337,1.8359,0.5934,10.5355,0.4209,0.4314,4.0000,524.31,860.02,0.0000,0.0000
51.300,4,10,0,-0.1024,99.2770,-0.0111,2.7973,0.9738,2.9619,4,1,3.00,9.5017,103.6453,10.5508,1.7489,0.5934,10.4429,0.4275,0.4386,4.0000,746.16,960.93,0.0000,0.0000
51.400,4,10,0,0.1696,99.3482,-0.0084,2.7713,0.8791,2.9073,4,1,3.00,9.5017,103.6453,10.2739,1.6559,0.5934,10.3610,0.4349,0.4433,4.0000,797.79,819.95,0.0000,0.0000
51.500,4,10,0,0.4471,99.4135,-0.0034,2.7752,0.7973,2.8875,4,1,3.00,9.5017,103.6453,9.9946,1.5548,0.5934,10.3312,0.4440,0.4474,4.0000,794.14,898.61,0.0000,0.0000
51.600,4,10,0,0.5927,99.4455,0.0024,2.7798,0.7611,2.8821,4,1,3.00,9.5017,103.6453,9.8493,1.5000,0.5934,10.3232,0.4491,0.4467,4.0000,708.93,957.33,0.0000,0.0000
51.700,4,10,0,0.8809,99.5044,0.0072,2.8166,0.6986,2.9020,4,1,3.00,9.5017,103.6453,9.5637,1.3876,0.5934,10.3529,0.4602,0.4530,4.0000,698.45,969.30,0.0000,0.0000
51.800,4,10,0,1.1749,99.5583,0.0132,2.8604,0.6407,2.9313,4,1,3.00,9.5017,103.6453,9.2757,1.2679,0.5934,10.3969,0.4721,0.4589,4.0000,736.42,982.96,0.0000,0.0000
51.900,4,10,0,1.3196,99.5828,0.0203,2.8913,0.6147,2.9560,4,1,3.00,9.5017,103.6453,9.1351,1.2073,0.5934,10.4339,0.4782,0.4579,4.0000,647.18,931.02,0.0000,0.0000
52.000,4,10,0,1.6216,99.6304,0.0296,2.9396,0.5645,2.9933,4,1,3.00,9.5017,103.6453,8.8439,1.0779,0.5934,10.4899,0.4910,0.4614,4.0000,448.74,864.40,0.0000,0.0000
52.100,4,10,0,1.9223,99.6739,0.0406,2.9649,0.5175,3.0097,4,1,3.00,9.5017,103.6453,8.5568,0.9458,0.5934,10.5145,0.5037,0.4631,4.0000,356.75,817.55,0.0000,0.0000
52.200,4,10,0,2.2136,99.7130,0.0532,2.9465,0.4716,2.9840,4,1,3.00,9.5017,103.6453,8.2812,0.8153,0.5934,10.4760,0.5157,0.4626,4.0000,126.61,639.12,0.0000,0.0000
52.300,4,10,0,2.4903,99.7473,0.0697,2.8809,0.4248,2.9121,4,1,3.00,9.5017,103.6453,8.0221,0.6890,0.5934,10.3681,0.5270,0.4573,4.0000,202.60,845.08,0.0000,0.0000
52.400,4,10,0,2.7501,99.7759,0.0915,2.7790,0.3744,2.8041,4,1,3.00,9.5017,103.6453,7.7817,0.5675,0.5934,10.2061,0.5379,0.4463,4.0000,220.37,968.00,0.0000,0.0000
52.500,4,10,0,2.8806,99.7887,0.1128,2.7251,0.3484,2.7473,4,1,3.00,9.5017,103.6453,7.6624,0.5050,0.5934,10.1209,0.5435,0.4308,4.0000,220.86,836.59,0.0000,0.0000
52.600,4,10,0,3.1310,99.8100,0.1437,2.6446,0.2997,2.6615,4,1,3.00,9.5017,103.6453,7.4360,0.3828,0.5934,9.9923,0.5551,0.4114,4.0000,2.49,792.98,0.0000,0.0000
52.700,4,10,0,3.3764,99.8275,0.1716,2.5749,0.2541,2.5874,4,1,3.00,9.5017,103.6453,7.2176,0.2600,0.5934,9.8811,0.5671,0.3955,4.0000,211.82,974.18,0.0000,0.0000
52.800,4,10,0,3.6185,99.8412,0.2106,2.5190,0.2119,2.5278,4,1,3.00,9.5017,103.6453,7.0059,0.1360,0.5934,9.7918,0.5795,0.3689,4.0000,5.58,896.24,0.0000,0.0000
52.900,4,10,0,3.8621,99.8527,0.2539,2.4885,0.1768,2.4947,4,1,3.00,9.5017,103.6453,6.7962,0.0093,0.5934,9.7421,0.5924,0.3385,4.0000,113.87,773.25,0.0000,0.0000
53.000,4,10,0,4.1038,99.8619,0.2963,2.4617,0.1463,2.4661,4,1,3.00,9.5017,103.6453,6.5917,-0.1182,0.5934,9.6991,0.6056,0.3093,4.0000,335.76,873.85,0.0000,0.0000
53.100,4,10,0,4.3455,99.8721,0.3461,2.4452,0.1303,2.4487,4,1,3.00,9.5017,103.6453,6.3893,-0.2449,0.5934,9.6731,0.6187,0.2726,4.0000,557.22,950.21,0.0000,0.0000
53.200,4,10,0,4.4647,99.8786,0.3898,2.4529,0.1313,2.4564,4,1,3.00,9.5017,103.6453,6.2896,-0.3062,0.5934,9.6845,0.6250,0.2352,4.0000,763.63,927.78,0.0000,0.0000
53.300,4,10,0,4.7177,99.8978,0.4376,2.4834,0.1545,2.4882,4,1,3.00,9.5017,103.6453,6.0771,-0.4317,0.5934,9.7323,0.6377,0.2001,4.0000,915.68,895.79,0.0000,0.0000
53.400,4,10,0,4.9831,99.9283,0.4732,2.5485,0.2106,2.5572,4,1,3.00,9.5017,103.6453,5.8509,-0.5549,0.5934,9.8358,0.6498,0.1765,4.0000,853.71,866.57,0.0000,0.0000
53.500,4,10,0,5.2626,99.9730,0.5089,2.6406,0.2982,2.6574,4,1,3.00,9.5017,103.6453,5.6085,-0.6741,0.5934,9.9861,0.6608,0.1519,4.0000,620.42,883.76,0.0000,0.0000
53.600,4,10,0,5.5516,100.0304,0.5420,2.7329,0.3990,2.7618,4,1,3.00,9.5017,103.6453,5.3545,-0.7881,0.5934,10.1427,0.6709,0.1290,4.0000,631.36,961.58,0.0000,0.0000
53.700,4,10,0,5.8461,100.0969,0.5758,2.8116,0.4964,2.8551,4,1,3.00,9.5017,103.6453,5.0945,-0.8977,0.5934,10.2827,0.6805,0.1047,4.0000,474.35,919.24,0.0000,0.0000
53.800,4,10,0,6.1439,100.1715,0.6096,2.8729,0.5873,2.9323,4,1,3.00,9.5017,103.6453,4.8314,-1.0023,0.5934,10.3985,0.6895,0.0798,3.8651,305.37,924.23,0.0000,0.0000
53.900,4,10,0,6.4387,100.2492,0.6453,2.9009,0.6562,2.9742,4,1,3.00,9.5017,103.6453,4.5733,-1.1028,0.5934,10.4614,0.6984,0.0532,3.6587,214.02,985.63,0.0000,0.0000
54.000,4,10,0,6.5880,100.2891,0.6762,2.8949,0.6784,2.9733,4,1,3.00,9.5017,103.6453,4.4445,-1.1532,0.5934,10.4600,0.7032,0.0270,3.5556,433.37,917.72,0.0000,0.0000
54.100,4,10,0,6.8725,100.3661,0.7182,2.8760,0.7112,2.9626,4,1,3.00,9.5017,103.6453,4.2030,-1.2484,0.5934,10.4439,0.7124,-0.0059,3.3624,602.35,796.18,0.0000,0.0000
54.200,4,10,0,7.1517,100.4464,0.7574,2.8447,0.7445,2.9406,4,1,3.00,9.5017,103.6453,3.9693,-1.3380,0.5934,10.4108,0.7212,-0.0362,3.1754,773.04,591.32,0.0000,0.0000
54.300,4,10,0,7.2857,100.4879,0.7870,2.8339,0.7686,2.9363,4,1,3.00,9.5017,103.6453,3.8574,-1.3785,0.5934,10.4045,0.7251,-0.0619,3.0859,771.82,384.02,0.0000,0.0000
54.400,4,10,0,7.5576,100.5811,0.8176,2.7933,0.8296,2.9139,4,1,3.00,9.5017,103.6453,3.6288,-1.4532,0.5934,10.3708,0.7326,-0.0850,2.9031,550.11,570.59,0.0000,0.0000
54.500,4,10,0,7.8226,100.6846,0.8435,2.7422,0.9052,2.8878,4,1,3.00,9.5017,103.6453,3.4037,-1.5156,0.5934,10.3316,0.7391,-0.1044,2.7229,425.58,594.58,0.0000,0.0000
54.600,4,10,0,8.0810,100.7950,0.8714,2.6859,0.9782,2.8584,4,1,3.00,9.5017,103.6453,3.1847,-1.5686,0.5934,10.2877,0.7447,-0.1267,2.5478,626.67,634.79,0.0000,0.0000
54.700,4,10,0,8.2120,100.8547,0.8896,2.6528,1.0122,2.8393,4,1,3.00,9.5017,103.6453,3.0742,-1.5923,0.5934,10.2590,0.7474,-0.1422,2.4593,858.23,391.95,0.0000,0.0000
54.800,5,10,0,8.4625,100.9782,0.9086,2.5983,1.0924,2.8186,5,1,3.00,28.4419,113.7818,2.8624,-1.6301,0.5934,10.2279,0.7514,-0.1571,2.2899,693.92,400.10,0.0000,0.0000
54.900,5,10,0,8.5809,101.0411,0.9221,2.5722,1.1362,2.8119,5,1,3.00,28.4419,113.7818,23.5963,-1.8616,0.4914,10.2179,0.6716,-0.2505,4.0000,458.25,652.17,0.0000,0.0000
55.000,5,10,0,8.8180,101.1737,0.9344,2.4999,1.2055,2.7753,5,1,3.00,28.4419,113.7818,23.3252,-1.8566,0.4914,10.1630,0.6721,-0.2623,4.0000,487.46,652.01,0.0000,0.0000
55.100,5,10,0,8.9375,101.2430,0.9468,2.4594,1.2310,2.7503,5,1,3.00,28.4419,113.7818,23.1872,-1.8518,0.4914,10.1254,0.6723,-0.2746,4.0000,707.57,431.84,0.0000,0.0000
55.200,5,10,0,9.1649,101.3796,0.9574,2.3915,1.2795,2.7123,5,1,3.00,28.4419,113.7818,22.9220,-1.8387,0.4914,10.0685,0.6720,-0.2854,4.0000,894.79,385.04,0.0000,0.0000
55.300,5,10,0,9.3850,101.5215,0.9667,2.3219,1.3297,2.6757,5,1,3.00,28.4419,113.7818,22.6602,-1.8175,0.4914,10.0135,0.6709,-0.2958,4.0000,729.65,610.09,0.0000,0.0000
55.400,5,10,0,9.4897,101.5934,0.9715,2.2939,1.3635,2.6685,5,1,3.00,28.4419,113.7818,22.5332,-1.8034,0.4914,10.0028,0.6698,-0.3017,4.0000,724.30,515.58,0.0000,0.0000
55.500,5,10,0,9.7029,101.7482,0.9736,2.2362,1.4317,2.6552,5,1,3.00,28.4419,113.7818,22.2702,-1.7676,0.4914,9.9828,0.6666,-0.3070,4.0000,653.82,515.73,0.0000,0.0000
55.600,5,10,0,9.9116,101.9098,0.9740,2.1831,1.5000,2.6488,5,1,3.00,28.4419,113.7818,22.0072,-1.7235,0.4914,9.9731,0.6625,-0.3115,4.0000,792.02,723.05,0.0000,0.0000
55.700,5,10,0,10.1174,102.0780,0.9710,2.1394,1.5677,2.6523,5,1,3.00,28.4419,113.7818,21.7431,-1.6724,0.4914,9.9784,0.6574,-0.3135,4.0000,751.90,750.55,0.0000,0.0000
55.800,5,10,0,10.3241,102.2547,0.9681,2.1146,1.6413,2.6768,5,1,3.00,28.4419,113.7818,21.4739,-1.6141,0.4914,10.0152,0.6512,-0.3169,4.0000,949.30,757.42,0.0000,0.0000
55.900,5,10,0,10.4306,102.3486,0.9658,2.1010,1.6743,2.6866,5,1,3.00,28.4419,113.7818,21.3337,-1.5815,0.4914,10.0299,0.6478,-0.3180,4.0000,931.84,688.02,0.0000,0.0000
56.000,5,10,0,10.6379,102.5384,0.9626,2.0907,1.7548,2.7296,5,1,3.00,28.4419,113.7818,21.0570,-1.5121,0.4914,10.0943,0.6401,-0.3225,4.0000,896.44,468.24,0.0000,0.0000
56.100,5,10,0,10.8436,102.7351,0.9565,2.0775,1.8309,2.7692,5,1,3.00,28.4419,113.7818,20.7781,-1.4357,0.4914,10.1538,0.6319,-0.3246,4.0000,837.82,343.62,0.0000,0.0000
56.200,5,10,0,10.9414,102.8314,0.9490,2.0695,1.8659,2.7865,5,1,3.00,28.4419,113.7818,20.6442,-1.3969,0.4914,10.1797,0.6278,-0.3212,4.0000,802.47,331.04,0.0000,0.0000
56.300,5,10,0,11.1367,103.0287,0.9355,2.0275,1.9054,2.7823,5,1,3.00,28.4419,113.7818,20.3740,-1.3151,0.4914,10.1734,0.6200,-0.3155,4.0000,871.89,562.80,0.0000,0.0000
56.400,5,10,0,11.3240,103.2236,0.9207,1.9722,1.9218,2.7538,5,1,3.00,28.4419,113.7818,20.1121,-1.2317,0.4914,10.1306,0.6124,-0.3083,4.0000,969.36,770.09,0.0000,0.0000
56.500,5,10,0,11.5089,103.4199,0.9066,1.9289,1.9383,2.7345,5,1,3.00,28.4419,113.7818,19.8519,-1.1459,0.4914,10.1018,0.6043,-0.3023,4.0000,812.83,856.06,0.0000,0.0000
56.600,5,10,0,11.6966,103.6208,0.8872,1.9118,1.9655,2.7419,5,1,3.00,28.4419,113.7818,19.5870,-1.0573,0.4914,10.1128,0.5956,-0.2916,4.0000,969.27,905.17,0.0000,0.0000
56.700,5,10,0,11.7947,103.7260,0.8728,1.9069,1.9770,2.7467,5,1,3.00,28.4419,113.7818,19.4486,-1.0108,0.4914,10.1201,0.5909,-0.2819,4.0000,805.68,685.34,0.0000,0.0000
56.800,5,10,0,11.9887,103.9348,0.8560,1.9184,2.0165,2.7833,5,1,3.00,28.4419,113.7818,19.1748,-0.9183,0.4914,10.1750,0.5814,-0.2746,4.0000,600.34,767.51,0.0000,0.0000
56.900,5,10,0,12.1842,104.1453,0.8435,1.9309,2.0478,2.8146,5,1,3.00,28.4419,113.7818,18.8991,-0.8249,0.4914,10.2219,0.5719,-0.2716,4.0000,820.87,913.91,0.0000,0.0000
57.000,5,10,0,12.3819,104.3560,0.8303,1.9473,2.0687,2.8410,5,1,3.00,28.4419,113.7818,18.6218,-0.7324,0.4914,10.2615,0.5627,-0.2677,4.0000,935.34,743.70,0.0000,0.0000
57.100,5,10,0,12.5837,104.5691,0.8204,1.9724,2.0909,2.8745,5,1,3.00,28.4419,113.7818,18.3400,-0.6397,0.4914,10.3117,0.5534,-0.2671,4.0000,782.44,569.09,0.0000,0.0000
57.200,5,10,0,12.6819,104.6729,0.8109,1.9872,2.1049,2.8948,5,1,3.00,28.4419,113.7818,18.2031,-0.5946,0.4914,10.3421,0.5488,-0.2621,4.0000,685.60,361.96,0.0000,0.0000
57.300,5,10,0,12.8803,104.8833,0.8011,1.9863,2.1049,2.8941,5,1,3.00,28.4419,113.7818,17.9261,-0.5028,0.4914,10.3412,0.5400,-0.2611,4.0000,694.88,331.48,0.0000,0.0000
57.400,5,10,0,13.0700,105.0867,0.7879,1.9539,2.0799,2.8538,5,1,3.00,28.4419,113.7818,17.6607,-0.4129,0.4914,10.2806,0.5315,-0.2564,4.0000,685.83,124.38,0.0000,0.0000
57.500,5,10,0,13.2486,105.2816,0.7712,1.8926,2.0326,2.7773,5,1,3.00,28.4419,113.7818,17.4095,-0.3253,0.4914,10.1659,0.5234,-0.2478,4.0000,914.56,170.27,0.0000,0.0000
57.600,5,10,0,13.4153,105.4684,0.7500,1.8112,1.9736,2.6787,5,1,3.00,28.4419,113.7818,17.1730,-0.2393,0.4914,10.0181,0.5153,-0.2348,4.0000,963.32,220.25,0.0000,0.0000
57.700,5,10,0,13.5753,105.6529,0.7227,1.7357,1.9283,2.5944,5,1,3.00,28.4419,113.7818,16.9439,-0.1521,0.4914,9.8916,0.5068,-0.2159,4.0000,824.02,89.21,0.0000,0.0000
57.800,5,10,0,13.7314,105.8370,0.6936,1.6729,1.8978,2.5298,5,1,3.00,28.4419,113.7818,16.7188,-0.0634,0.4914,9.7947,0.4979,-0.1957,4.0000,765.89,75.40,0.0000,0.0000
57.900,5,10,0,13.8820,106.0193,0.6587,1.6131,1.8718,2.4709,5,1,3.00,28.4419,113.7818,16.4999,0.0262,0.4914,9.7064,0.4887,-0.1700,4.0000,746.59,308.57,0.0000,0.0000
58.000,5,10,0,14.0313,106.2014,0.6169,1.5709,1.8545,2.4304,5,1,3.00,28.4419,113.7818,16.2828,0.1163,0.4914,9.6456,0.4793,-0.1376,4.0000,534.99,294.79,0.0000,0.0000
58.100,5,10,0,14.1094,106.2947,0.5829,1.5571,1.8426,2.4124,5,1,3.00,28.4419,113.7818,16.1703,0.1618,0.4914,9.6186,0.4746,-0.1083,4.0000,535.43,514.37,0.0000,0.0000
58.200,5,10,0,14.2624,106.4722,0.5502,1.5472,1.8172,2.3867,5,1,3.00,28.4419,113.7818,15.9527,0.2460,0.4914,9.5800,0.4657,-0.0845,4.0000,315.22,524.12,0.0000,0.0000
58.300,5,10,0,14.3383,106.5563,0.5241,1.5541,1.8042,2.3813,5,1,3.00,28.4419,113.7818,15.8468,0.2843,0.4914,9.5719,0.4617,-0.0624,4.0000,413.48,709.85,0.0000,0.0000
58.400,5,10,0,14.4975,106.7239,0.4984,1.5689,1.7581,2.3563,5,1,3.00,28.4419,113.7818,15.6289,0.3571,0.4914,9.5345,0.4540,-0.0444,4.0000,598.68,569.21,0.0000,0.0000
58.500,5,10,0,14.6624,106.8864,0.4747,1.5997,1.7107,2.3421,5,1,3.00,28.4419,113.7818,15.4085,0.4225,0.4914,9.5132,0.4470,-0.0277,4.0000,388.59,758.51,0.0000,0.0000
58.600,5,10,0,14.7498,106.9689,0.4543,1.6160,1.6859,2.3353,5,1,3.00,28.4419,113.7818,15.2934,0.4540,0.4914,9.5030,0.4437,-0.0106,4.0000,381.30,898.73,0.0000,0.0000
58.700,5,10,0,14.9253,107.1255,0.4411,1.6660,1.6419,2.3391,5,1,3.00,28.4419,113.7818,15.0667,0.5092,0.4914,9.5087,0.4379,-0.0033,4.0000,161.37,878.10,0.0000,0.0000
58.800,5,10,0,15.0139,107.1996,0.4348,1.7021,1.6223,2.3514,5,1,3.00,28.4419,113.7818,14.9545,0.5328,0.4914,9.5271,0.4355,0.0007,4.0000,171.39,994.90,0.0000,0.0000
58.900,5,10,0,15.2022,107.3465,0.4327,1.7690,1.5667,2.3631,5,1,3.00,28.4419,113.7818,14.7208,0.5734,0.4914,9.5446,0.4314,-0.0013,4.0000,338.20,1000.00,0.0000,0.0000
59.000,5,10,0,15.3987,107.4862,0.4372,1.8422,1.5057,2.3793,5,1,3.00,28.4419,113.7818,14.4831,0.6039,0.4914,9.5689,0.4284,-0.0088,4.0000,408.13,926.79,0.0000,0.0000
59.100,5,10,0,15.6049,107.6225,0.4502,1.9235,1.4548,2.4117,5,1,3.00,28.4419,113.7818,14.2382,0.6268,0.4914,9.6175,0.4263,-0.0239,4.0000,628.57,706.22,0.0000,0.0000
59.200,5,10,0,15.7138,107.6921,0.4641,1.9578,1.4314,2.4253,5,1,3.00,28.4419,113.7818,14.1099,0.6367,0.4914,9.6380,0.4254,-0.0387,4.0000,803.11,532.80,0.0000,0.0000
59.300,5,10,0,15.9285,107.8282,0.4799,2.0255,1.4061,2.4657,5,1,3.00,28.4419,113.7818,13.8575,0.6554,0.4914,9.6986,0.4239,-0.0560,4.0000,1000.00,375.25,0.0000,0.0000
59.400,5,10,0,16.1455,107.9679,0.4921,2.0768,1.4026,2.5061,5,1,3.00,28.4419,113.7818,13.6016,0.6762,0.4914,9.7591,0.4222,-0.0699,4.0000,981.58,176.49,0.0000,0.0000
59.500,5,10,0,16.2505,108.0372,0.4974,2.0992,1.4108,2.5293,5,1,3.00,28.4419,113.7818,13.4770,0.6877,0.4914,9.7939,0.4213,-0.0761,4.0000,835.98,288.04,0.0000,0.0000
59.600,5,10,0,16.4638,108.1824,0.4962,2.1119,1.4268,2.5486,5,1,3.00,28.4419,113.7818,13.2223,0.7151,0.4914,9.8230,0.4187,-0.0775,4.0000,639.23,334.95,0.0000,0.0000
59.700,5,10,0,16.6719,108.3284,0.4890,2.1009,1.4397,2.5468,5,1,3.00,28.4419,113.7818,12.9720,0.7457,0.4914,9.8202,0.4156,-0.0734,4.0000,556.67,539.08,0.0000,0.0000
59.800,5,10,0,16.8754,108.4724,0.4762,2.0781,1.4402,2.5284,5,1,3.00,28.4419,113.7818,12.7269,0.7766,0.4914,9.7926,0.4123,-0.0639,4.0000,757.16,774.35,0.0000,0.0000
59.900,5,10,0,17.0802,108.6149,0.4618,2.0694,1.4354,2.5185,5,1,3.00,28.4419,113.7818,12.4814,0.8056,0.4914,9.7777,0.4092,-0.0526,4.0000,851.81,705.59,0.0000,0.0000
60.000,5,10,0,17.1888,108.6888,0.4483,2.0731,1.4327,2.5200,5,1,3.00,28.4419,113.7818,12.3520,0.8195,0.4914,9.7800,0.4078,-0.0405,4.0000,839.87,547.21,0.0000,0.0000
60.100,5,10,0,17.4048,108.8337,0.4368,2.1043,1.4382,2.5488,5,1,3.00,28.4419,113.7818,12.0955,0.8453,0.4914,9.8232,0.4056,-0.0312,4.0000,868.20,334.02,0.0000,0.0000
60.200,5,10,0,17.6248,108.9804,0.4213,2.1383,1.4483,2.5826,5,1,3.00,28.4419,113.7818,11.8348,0.8709,0.4914,9.8739,0.4034,-0.0179,4.0000,897.51,365.01,0.0000,0.0000
60.300,5,10,0,17.8462,109.1298,0.4026,2.1649,1.4646,2.6138,5,1,3.00,28.4419,113.7818,11.5720,0.8982,0.4914,9.9207,0.4011,-0.0015,4.0000,898.48,349.40,0.0000,0.0000
60.400,5,10,0,18.0691,109.2808,0.3775,2.1875,1.4805,2.6414,5,1,3.00,28.4419,113.7818,11.3073,0.9261,0.4914,9.9621,0.3987,0.0212,4.0000,894.72,569.15,0.0000,0.0000
60.500,5,10,0,18.2936,109.4316,0.3523,2.2079,1.4898,2.6635,5,1,3.00,28.4419,113.7818,11.0414,0.9531,0.4914,9.9953,0.3963,0.0440,4.0000,678.52,788.63,0.0000,0.0000
60.600,5,10,0,18.4041,109.5042,0.3265,2.2267,1.4944,2.6817,5,1,3.00,28.4419,113.7818,10.9113,0.9649,0.4914,10.0225,0.3954,0.0689,4.0000,469.76,679.86,0.0000,0.0000
60.700,5,10,0,18.6344,109.6502,0.3019,2.2556,1.4823,2.6991,5,1,3.00,28.4419,113.7818,10.6422,0.9851,0.4914,10.0486,0.3937,0.0918,4.0000,452.88,706.08,0.0000,0.0000
60.800,5,10,0,18.8636,109.7896,0.2800,2.2697,1.4503,2.6935,5,1,3.00,28.4419,113.7818,10.3770,0.9998,0.4914,10.0402,0.3921,0.1121,4.0000,633.37,757.38,0.0000,0.0000
60.900,5,10,0,19.0928,109.9226,0.2627,2.2795,1.4068,2.6787,5,1,3.00,28.4419,113.7818,10.1143,1.0089,0.4914,10.0180,0.3910,0.1284,4.0000,720.00,756.91,0.0000,0.0000
61.000,5,10,0,19.3262,110.0513,0.2485,2.3010,1.3644,2.6751,5,1,3.00,28.4419,113.7818,9.8495,1.0123,0.4914,10.0127,0.3906,0.1422,4.0000,676.63,794.92,0.0000,0.0000
61.100,5,10,0,19.5656,110.1776,0.2350,2.3367,1.3282,2.6878,5,1,3.00,28.4419,113.7818,9.5802,1.0107,0.4914,10.0317,0.3910,0.1560,4.0000,751.78,621.11,0.0000,0.0000
61.200,5,10,0,19.8114,110.3013,0.2225,2.3826,1.2957,2.7121,5,1,3.00,28.4419,113.7818,9.3059,1.0037,0.4914,10.0682,0.3920,0.1695,4.0000,973.06,807.88,0.0000,0.0000
61.300,5,10,0,20.0638,110.4233,0.2095,2.4360,1.2690,2.7467,5,1,3.00,28.4419,113.7818,9.0263,0.9922,0.4914,10.1201,0.3937,0.1841,4.0000,989.05,823.86,0.0000,0.0000
61.400,5,10,0,20.3283,110.5449,0.1958,2.5145,1.2507,2.8083,5,1,3.00,28.4419,113.7818,8.7355,0.9746,0.4914,10.2125,0.3962,0.2004,4.0000,945.38,605.22,0.0000,0.0000
61.500,5,10,0,20.6019,110.6661,0.1826,2.5966,1.2375,2.8764,5,1,3.00,28.4419,113.7818,8.4364,0.9524,0.4914,10.3146,0.3993,0.2167,4.0000,806.05,407.97,0.0000,0.0000
61.600,5,10,0,20.8758,110.7861,0.1673,2.6490,1.2241,2.9181,5,1,3.00,28.4419,113.7818,8.1376,0.9289,0.4914,10.3772,0.4021,0.2348,4.0000,599.16,611.88,0.0000,0.0000
61.700,5,10,0,21.1445,110.9025,0.1481,2.6635,1.2024,2.9223,5,1,3.00,28.4419,113.7818,7.8449,0.9047,0.4914,10.3835,0.4045,0.2564,4.0000,596.04,823.52,0.0000,0.0000
61.800,5,10,0,21.2815,110.9602,0.1328,2.6577,1.1839,2.9094,5,1,3.00,28.4419,113.7818,7.6963,0.8909,0.4914,10.3641,0.4056,0.2728,4.0000,376.09,794.02,0.0000,0.0000
61.900,5,10,0,21.5452,111.0667,0.1204,2.6489,1.1403,2.8839,5,1,3.00,28.4419,113.7818,7.4120,0.8604,0.4914,10.3259,0.4083,0.2878,4.0000,195.87,589.55,0.0000,0.0000
62.000,5,10,0,21.6699,111.1151,0.1124,2.6390,1.1142,2.8646,5,1,3.00,28.4419,113.7818,7.2781,0.8443,0.4914,10.2969,0.4096,0.2972,4.0000,430.12,611.28,0.0000,0.0000
62.100,5,10,0,21.9187,111.2086,0.1059,2.5845,1.0492,2.7894,5,1,3.00,28.4419,113.7818,7.0124,0.8094,0.4914,10.1841,0.4121,0.3062,4.0000,651.71,688.26,0.0000,0.0000
62.200,5,10,0,22.1617,111.2963,0.1015,2.5304,0.9870,2.7161,5,1,3.00,28.4419,113.7818,6.7542,0.7720,0.4914,10.0742,0.4149,0.3134,4.0000,711.67,580.64,0.0000,0.0000
62.300,5,10,0,22.2873,111.3401,0.0983,2.5075,0.9581,2.6843,5,1,3.00,28.4419,113.7818,6.6212,0.7513,0.4914,10.0265,0.4166,0.3183,4.0000,478.06,715.21,0.0000,0.0000
62.400,5,10,0,22.5321,111.4228,0.0964,2.4852,0.9104,2.6467,5,1,3.00,28.4419,113.7818,6.3633,0.7088,0.4914,9.9701,0.4204,0.3240,4.0000,367.99,521.44,0.0000,0.0000
62.500,5,10,0,22.6506,111.4612,0.0951,2.4820,0.8881,2.6361,5,1,3.00,28.4419,113.7818,6.2390,0.6867,0.4914,9.9541,0.4225,0.3274,4.0000,474.90,527.81,0.0000,0.0000
62.600,5,10,0,22.8919,111.5368,0.0948,2.4578,0.8406,2.5976,5,1,3.00,28.4419,113.7818,5.9869,0.6395,0.4914,9.8964,0.4269,0.3321,4.0000,321.02,747.92,0.0000,0.0000
62.700,5,10,0,23.1312,111.6082,0.0955,2.4360,0.7947,2.5624,5,1,3.00,28.4419,113.7818,5.7383,0.5895,0.4914,9.8435,0.4316,0.3361,4.0000,101.68,667.71,0.0000,0.0000
62.800,5,10,0,23.3678,111.6729,0.1000,2.4113,0.7410,2.5226,5,1,3.00,28.4419,113.7818,5.4949,0.5349,0.4914,9.7839,0.4368,0.3368,4.0000,-132.32,558.37,0.0000,0.0000
62.900,5,10,0,23.4857,111.7028,0.1082,2.3823,0.7077,2.4852,5,1,3.00,28.4419,113.7818,5.3746,0.5056,0.4914,9.7278,0.4395,0.3313,4.0000,-59.11,633.27,0.0000,0.0000
63.000,5,10,0,23.7025,111.7545,0.1209,2.3038,0.6386,2.3907,5,1,3.00,28.4419,113.7818,5.1547,0.4490,0.4914,9.5861,0.4446,0.3237,4.0000,-150.59,640.68,0.0000,0.0000
63.100,5,10,0,23.8027,111.7771,0.1380,2.2603,0.6050,2.3399,5,1,3.00,28.4419,113.7818,5.0538,0.4216,0.4914,9.5099,0.4471,0.3091,4.0000,-369.38,687.11,0.0000,0.0000
63.200,5,10,0,23.9990,111.8178,0.1635,2.1528,0.5325,2.2176,5,1,3.00,28.4419,113.7818,4.8577,0.3648,0.4914,9.3264,0.4523,0.2888,3.8861,-212.84,703.91,0.0000,0.0000
63.300,5,10,0,24.1818,111.8487,0.1940,2.0349,0.4513,2.0843,5,1,3.00,28.4419,113.7818,4.6782,0.3059,0.4914,9.1265,0.4579,0.2639,3.7426,-9.85,941.89,0.0000,0.0000
63.400,5,10,0,24.3584,111.8724,0.2315,1.9393,0.3732,1.9749,5,1,3.00,28.4419,113.7818,4.5079,0.2434,0.4914,8.9624,0.4642,0.2328,3.6063,-10.81,886.77,0.0000,0.0000
63.500,5,10,0,24.5418,111.8930,0.2737,1.9038,0.3131,1.9294,5,1,3.00,28.4419,113.7818,4.3334,0.1751,0.4914,8.8940,0.4717,0.1980,3.4667,6.83,646.26,0.0000,0.0000
63.600,5,10,0,24.7315,111.9120,0.3250,1.9029,0.2688,1.9218,5,1,3.00,28.4419,113.7818,4.1549,0.1023,0.4914,8.8827,0.4799,0.1549,3.3240,165.10,644.50,0.0000,0.0000
63.700,5,10,0,24.8313,111.9223,0.3673,1.9061,0.2548,1.9230,5,1,3.00,28.4419,113.7818,4.0613,0.0643,0.4914,8.8846,0.4842,0.1168,3.2491,384.46,424.00,0.0000,0.0000
63.800,5,10,0,25.0298,111.9457,0.4140,1.9346,0.2477,1.9504,5,1,3.00,28.4419,113.7818,3.8747,-0.0088,0.4914,8.9256,0.4924,0.0784,3.0998,602.82,202.97,0.0000,0.0000
63.900,5,10,0,25.2316,111.9760,0.4558,1.9640,0.2680,1.9822,5,1,3.00,28.4419,113.7818,3.6833,-0.0773,0.4914,8.9732,0.5000,0.0442,2.9467,739.70,4.84,0.0000,0.0000
64.000,5,10,0,25.4317,112.0148,0.4903,1.9767,0.3114,2.0011,5,1,3.00,28.4419,113.7818,3.4905,-0.1375,0.4914,9.0016,0.5067,0.0163,2.7924,625.27,-153.49,0.0000,0.0000
64.100,5,10,0,25.6245,112.0604,0.5145,1.9576,0.3637,1.9911,5,1,3.00,28.4419,113.7818,3.3017,-0.1883,0.4914,8.9866,0.5123,-0.0022,2.6414,432.91,-299.70,0.0000,0.0000
64.200,5,10,0,25.8021,112.1080,0.5257,1.8906,0.4040,1.9333,5,1,3.00,28.4419,113.7818,3.1258,-0.2301,0.4914,8.8999,0.5172,-0.0085,2.5006,618.07,-212.80,0.0000,0.0000
64.300,6,10,0,25.9641,112.1555,0.5270,1.7919,0.4296,1.8427,6,1,3.00,40.6205,131.5358,2.9639,-0.2646,0.4914,8.7640,0.5216,-0.0054,2.3711,522.62,-17.88,0.0000,0.0000
64.400,6,10,0,26.0390,112.1792,0.5184,1.7457,0.4422,1.8008,6,1,3.00,40.6205,131.5358,24.2343,1.0750,0.9696,8.7012,0.8466,0.3283,4.0000,396.62,208.40,0.0000,0.0000
64.500,6,10,0,26.1891,112.2293,0.5048,1.6581,0.4640,1.7218,6,1,3.00,40.6205,131.5358,24.1041,0.9796,0.9696,8.5828,0.8559,0.3511,4.0000,182.57,104.03,0.0000,0.0000
64.600,6,10,0,26.3365,112.2800,0.4872,1.5920,0.4795,1.6626,6,1,3.00,40.6205,131.5358,23.9755,0.8867,0.9696,8.4939,0.8655,0.3783,4.0000,-42.90,336.01,0.0000,0.0000
64.700,6,10,0,26.4796,112.3284,0.4693,1.5346,0.4812,1.6083,6,1,3.00,40.6205,131.5358,23.8514,0.7961,0.9696,8.4125,0.8752,0.4059,4.0000,-256.88,163.80,0.0000,0.0000
64.800,6,10,0,26.6179,112.3719,0.4583,1.4796,0.4637,1.5505,6,1,3.00,40.6205,131.5358,23.7346,0.7066,0.9696,8.3258,0.8849,0.4266,4.0000,-302.29,383.62,0.0000,0.0000
64.900,6,10,0,26.7473,112.4074,0.4508,1.4123,0.4237,1.4745,6,1,3.00,40.6205,131.5358,23.6297,0.6201,0.9696,8.2117,0.8942,0.4434,4.0000,-161.14,383.02,0.0000,0.0000
65.000,6,10,0,26.8117,112.4224,0.4509,1.3776,0.3966,1.4335,6,1,3.00,40.6205,131.5358,23.5798,0.5754,0.9696,8.1503,0.8991,0.4482,4.0000,-102.53,485.77,0.0000,0.0000
65.100,6,10,0,26.9335,112.4457,0.4573,1.3198,0.3372,1.3622,6,1,3.00,40.6205,131.5358,23.4897,0.4881,0.9696,8.0433,0.9089,0.4517,4.0000,-137.06,443.60,0.0000,0.0000
65.200,6,10,0,27.0529,112.4632,0.4716,1.2740,0.2785,1.3041,6,1,3.00,40.6205,131.5358,23.4061,0.3996,0.9696,7.9561,0.9194,0.4478,4.0000,-6.50,374.61,0.0000,0.0000
65.300,6,10,0,27.1716,112.4773,0.4877,1.2424,0.2288,1.2633,6,1,3.00,40.6205,131.5358,23.3260,0.3097,0.9696,7.8949,0.9304,0.4426,4.0000,206.25,328.09,0.0000,0.0000
65.400,6,10,0,27.2294,112.4844,0.5052,1.2348,0.2125,1.2529,6,1,3.00,40.6205,131.5358,23.2869,0.2660,0.9696,7.8793,0.9358,0.4306,4.0000,426.85,548.09,0.0000,0.0000
65.500,6,10,0,27.3528,112.5024,0.5230,1.2365,0.2019,1.2529,6,1,3.00,40.6205,131.5358,23.2014,0.1744,0.9696,7.8794,0.9474,0.4244,4.0000,647.43,768.04,0.0000,0.0000
65.600,6,10,0,27.4923,112.5308,0.5402,1.2974,0.2336,1.3182,6,1,3.00,40.6205,131.5358,23.0985,0.0755,0.9696,7.9774,0.9601,0.4199,4.0000,647.47,754.26,0.0000,0.0000
65.700,6,10,0,27.6558,112.5755,0.5603,1.4230,0.3128,1.4569,6,1,3.00,40.6205,131.5358,22.9691,-0.0341,0.9696,8.1854,0.9737,0.4135,4.0000,646.54,596.49,0.0000,0.0000
65.800,6,10,0,27.7483,112.6046,0.5732,1.4939,0.3623,1.5372,6,1,3.00,40.6205,131.5358,22.8929,-0.0938,0.9696,8.3059,0.9809,0.4077,4.0000,570.14,830.99,0.0000,0.0000
65.900,6,10,0,27.8397,112.6358,0.5851,1.5762,0.4199,1.6311,6,1,3.00,40.6205,131.5358,22.8158,-0.1516,0.9696,8.4467,0.9875,0.4024,4.0000,637.54,1000.00,0.0000,0.0000
66.000,6,10,0,28.0424,112.7114,0.6005,1.7421,0.5430,1.8247,6,1,3.00,40.6205,131.5358,22.6400,-0.2760,0.9696,8.7371,1.0011,0.4007,4.0000,637.57,935.93,0.0000,0.0000
66.100,6,10,0,28.2641,112.8013,0.6169,1.9170,0.6737,2.0319,6,1,3.00,40.6205,131.5358,22.4424,-0.4080,0.9696,9.0479,1.0146,0.3977,4.0000,643.08,701.92,0.0000,0.0000
66.200,6,10,0,28.4993,112.9027,0.6321,2.0759,0.7979,2.2240,6,1,3.00,40.6205,131.5358,22.2288,-0.5446,0.9696,9.3359,1.0278,0.3957,4.0000,456.43,825.32,0.0000,0.0000
66.300,6,10,0,28.6223,112.9572,0.6484,2.1340,0.8480,2.2963,6,1,3.00,40.6205,131.5358,22.1161,-0.6152,0.9696,9.4444,1.0346,0.3862,4.0000,227.19,783.16,0.0000,0.0000
66.400,6,10,0,28.8625,113.0640,0.6679,2.2296,0.9268,2.4146,6,1,3.00,40.6205,131.5358,21.8966,-0.7528,0.9696,9.6219,1.0476,0.3798,4.0000,64.11,737.57,0.0000,0.0000
66.500,6,10,0,29.0991,113.1672,0.6872,2.2777,0.9642,2.4734,6,1,3.00,40.6205,131.5358,21.6829,-0.8895,0.9696,9.7101,1.0609,0.3737,4.0000,-81.00,737.80,0.0000,0.0000
66.600,6,10,0,29.3273,113.2627,0.7128,2.2782,0.9597,2.4721,6,1,3.00,40.6205,131.5358,21.4813,-1.0238,0.9696,9.7082,1.0746,0.3618,4.0000,-80.08,616.28,0.0000,0.0000
66.700,6,10,0,29.4350,113.3062,0.7392,2.2713,0.9491,2.4616,6,1,3.00,40.6205,131.5358,21.3877,-1.0880,0.9696,9.6924,1.0813,0.3421,4.0000,-100.18,396.14,0.0000,0.0000
66.800,6,10,0,29.6490,113.3881,0.7689,2.2232,0.9014,2.3990,6,1,3.00,40.6205,131.5358,21.2064,-1.2180,0.9696,9.5984,1.0958,0.3269,4.0000,109.55,591.04,0.0000,0.0000
66.900,6,10,0,29.8512,113.4616,0.8045,2.1509,0.8411,2.3095,6,1,3.00,40.6205,131.5358,21.0394,-1.3432,0.9696,9.4643,1.1105,0.3061,4.0000,319.17,607.17,0.0000,0.0000
67.000,6,10,0,30.0499,113.5355,0.8452,2.0930,0.8054,2.2426,6,1,3.00,40.6205,131.5358,20.8746,-1.4653,0.9696,9.3639,1.1248,0.2796,4.0000,539.33,456.46,0.0000,0.0000
67.100,6,10,0,30.1520,113.5760,0.8808,2.0670,0.8002,2.2165,6,1,3.00,40.6205,131.5358,20.7881,-1.5265,0.9696,9.3248,1.1318,0.2511,4.0000,759.12,307.78,0.0000,0.0000
67.200,6,10,0,30.3497,113.6633,0.9118,2.0339,0.8271,2.1957,6,1,3.00,40.6205,131.5358,20.6135,-1.6402,0.9696,9.2935,1.1442,0.2325,4.0000,551.12,511.05,0.0000,0.0000
67.300,6,10,0,30.5466,113.7654,0.9342,2.0100,0.8975,2.2013,6,1,3.00,40.6205,131.5358,20.4273,-1.7448,0.9696,9.3020,1.1550,0.2208,4.0000,615.93,654.58,0.0000,0.0000
67.400,6,10,0,30.7448,113.8818,0.9547,1.9996,0.9941,2.2331,6,1,3.00,40.6205,131.5358,20.2286,-1.8424,0.9696,9.3496,1.1641,0.2094,4.0000,764.36,806.65,0.0000,0.0000
67.500,6,10,0,30.8424,113.9442,0.9745,2.0064,1.0551,2.2669,6,1,3.00,40.6205,131.5358,20.1266,-1.8876,0.9696,9.4004,1.1677,0.1932,4.0000,832.42,952.87,0.0000,0.0000
67.600,6,10,0,31.0487,114.0876,0.9919,2.0290,1.1953,2.3548,6,1,3.00,40.6205,131.5358,19.9013,-1.9766,0.9696,9.5323,1.1740,0.1821,4.0000,812.54,950.24,0.0000,0.0000
67.700,6,10,0,31.2628,114.2516,1.0084,2.0715,1.3590,2.4775,6,1,3.00,40.6205,131.5358,19.6548,-2.0604,0.9696,9.7163,1.1785,0.1701,4.0000,579.70,748.63,0.0000,0.0000
67.800,6,10,0,31.4811,114.4308,1.0263,2.1132,1.5174,2.6016,6,1,3.00,40.6205,131.5358,19.3935,-2.1391,0.9696,9.9023,1.1823,0.1560,4.0000,589.62,870.93,0.0000,0.0000
67.900,6,10,0,31.6980,114.6160,1.0430,2.1343,1.6395,2.6913,6,1,3.00,40.6205,131.5358,19.1282,-2.2132,0.9696,10.0370,1.1866,0.1436,4.0000,653.07,789.50,0.0000,0.0000
68.000,6,10,0,31.9135,114.8078,1.0615,2.1427,1.7415,2.7612,6,1,3.00,40.6205,131.5358,18.8584,-2.2824,0.9696,10.1418,1.1909,0.1294,4.0000,433.37,1000.00,0.0000,0.0000
68.100,6,10,0,32.1270,115.0040,1.0809,2.1408,1.8223,2.8114,6,1,3.00,40.6205,131.5358,18.5861,-2.3475,0.9696,10.2170,1.1954,0.1145,4.0000,277.57,888.22,0.0000,0.0000
68.200,6,10,0,32.3387,115.2005,1.1046,2.1332,1.8746,2.8398,6,1,3.00,40.6205,131.5358,18.3148,-2.4109,0.9696,10.2597,1.2004,0.0957,4.0000,140.11,976.52,0.0000,0.0000
68.300,6,10,0,32.4463,115.2998,1.1315,2.1203,1.8817,2.8349,6,1,3.00,40.6205,131.5358,18.1776,-2.4434,0.9696,10.2523,1.2035,0.0720,4.0000,-64.70,878.78,0.0000,0.0000
68.400,6,10,0,32.6529,115.4886,1.1618,2.0999,1.8827,2.8203,6,1,3.00,40.6205,131.5358,17.9164,-2.5070,0.9696,10.2305,1.2099,0.0481,4.0000,-297.94,801.98,0.0000,0.0000
68.500,6,10,0,32.8546,115.6675,1.2036,2.0690,1.8480,2.7741,6,1,3.00,40.6205,131.5358,17.6667,-2.5721,0.9696,10.1612,1.2175,0.0138,4.0000,-111.27,981.09,0.0000,0.0000
68.600,6,10,0,33.0503,115.8358,1.2427,2.0280,1.7876,2.7034,6,1,3.00,40.6205,131.5358,17.4298,-2.6383,0.9696,10.0551,1.2262,-0.0165,4.0000,109.50,760.39,0.0000,0.0000
68.700,6,10,0,33.2412,116.0015,1.2908,1.9844,1.7401,2.6392,6,1,3.00,40.6205,131.5358,17.1980,-2.7020,0.9696,9.9588,1.2345,-0.0563,4.0000,282.83,629.70,0.0000,0.0000
68.800,6,10,0,33.4258,116.1682,1.3478,1.9334,1.7135,2.5834,6,1,3.00,40.6205,131.5358,16.9685,-2.7599,0.9696,9.8751,1.2421,-0.1058,4.0000,361.51,733.76,0.0000,0.0000
68.900,6,10,0,33.6038,116.3409,1.4033,1.8775,1.7184,2.5452,6,1,3.00,40.6205,131.5358,16.7368,-2.8091,0.9696,9.8178,1.2482,-0.1550,4.0000,577.83,592.17,0.0000,0.0000
69.000,6,10,0,33.6874,116.4287,1.4486,1.8503,1.7408,2.5405,6,1,3.00,40.6205,131.5358,16.6221,-2.8283,0.9696,9.8107,1.2502,-0.1983,4.0000,675.57,393.89,0.0000,0.0000
69.100,6,10,0,33.8514,116.6204,1.4900,1.7737,1.8072,2.5322,6,1,3.00,40.6205,131.5358,16.3796,-2.8551,0.9696,9.7983,1.2531,-0.2369,4.0000,784.67,177.92,0.0000,0.0000
69.200,6,10,0,34.0014,116.8247,1.5173,1.6742,1.8946,2.5283,6,1,3.00,40.6205,131.5358,16.1317,-2.8633,0.9696,9.7925,1.2540,-0.2633,4.0000,876.81,293.03,0.0000,0.0000
69.300,6,10,0,34.1361,117.0397,1.5470,1.5552,1.9893,2.5251,6,1,3.00,40.6205,131.5358,15.8803,-2.8527,0.9696,9.7876,1.2532,-0.2938,4.0000,723.79,230.86,0.0000,0.0000
69.400,6,10,0,34.1999,117.1536,1.5613,1.4895,2.0295,2.5175,6,1,3.00,40.6205,131.5358,15.7503,-2.8409,0.9696,9.7762,1.2524,-0.3089,4.0000,553.89,252.39,0.0000,0.0000
69.500,6,10,0,34.2570,117.2614,1.5710,1.4294,2.0727,2.5178,6,1,3.00,40.6205,131.5358,15.6286,-2.8270,0.9696,9.7767,1.2510,-0.3199,4.0000,333.85,472.38,0.0000,0.0000
69.600,6,10,0,34.3665,117.4814,1.5782,1.3084,2.1193,2.4906,6,1,3.00,40.6205,131.5358,15.3831,-2.7929,0.9696,9.7359,1.2489,-0.3292,4.0000,211.18,252.37,0.0000,0.0000
69.700,6,10,0,34.4683,117.6948,1.5839,1.2035,2.1245,2.4417,6,1,3.00,40.6205,131.5358,15.1468,-2.7561,0.9696,9.6625,1.2474,-0.3365,4.0000,209.96,335.77,0.0000,0.0000
69.800,6,10,0,34.5641,117.8960,1.5913,1.1148,2.0835,2.3630,6,1,3.00,40.6205,131.5358,14.9240,-2.7212,0.9696,9.5444,1.2473,-0.3440,4.0000,445.69,534.96,0.0000,0.0000
69.900,6,10,0,34.6112,117.9964,1.5981,1.0732,2.0528,2.3164,6,1,3.00,40.6205,131.5358,14.8132,-2.7033,0.9696,9.4746,1.2475,-0.3506,4.0000,599.60,754.76,0.0000,0.0000
70.000,6,10,0,34.6989,118.1938,1.6056,1.0020,2.0246,2.2590,6,1,3.00,40.6205,131.5358,14.5971,-2.6640,0.9696,9.3884,1.2460,-0.3596,4.0000,820.09,705.18,0.0000,0.0000
70.100,6,10,0,34.7396,118.2939,1.6137,0.9714,2.0370,2.2567,6,1,3.00,40.6205,131.5358,14.4890,-2.6409,0.9696,9.3851,1.2439,-0.3699,4.0000,942.44,655.13,0.0000,0.0000
70.200,6,10,0,34.8185,118.5141,1.6214,0.9049,2.1003,2.2869,6,1,3.00,40.6205,131.5358,14.2558,-2.5814,0.9696,9.4304,1.2367,-0.3846,4.0000,905.91,664.92,0.0000,0.0000
70.300,6,10,0,34.8886,118.7551,1.6283,0.8307,2.2160,2.3666,6,1,3.00,40.6205,131.5358,14.0072,-2.5029,0.9696,9.5499,1.2259,-0.4024,4.0000,912.61,424.75,0.0000,0.0000
70.400,6,10,0,34.9493,119.0147,1.6305,0.7493,2.3563,2.4726,6,1,3.00,40.6205,131.5358,13.7456,-2.4061,0.9696,9.7089,1.2125,-0.4180,4.0000,691.88,205.39,0.0000,0.0000
70.500,6,10,0,35.0011,119.2813,1.6282,0.6651,2.4691,2.5571,6,1,3.00,40.6205,131.5358,13.4815,-2.2980,0.9696,9.8356,1.1991,-0.4292,4.0000,844.16,159.68,0.0000,0.0000
70.600,6,10,0,35.0245,119.4170,1.6219,0.6221,2.4972,2.5735,6,1,3.00,40.6205,131.5358,13.3484,-2.2405,0.9696,9.8603,1.1930,-0.4289,4.0000,942.02,191.04,0.0000,0.0000
70.700,6,10,0,35.0637,119.6759,1.6096,0.5385,2.5289,2.5856,6,1,3.00,40.6205,131.5358,13.0972,-2.1264,0.9696,9.8783,1.1816,-0.4280,4.0000,736.26,392.28,0.0000,0.0000
70.800,6,10,0,35.0961,119.9268,1.5897,0.4610,2.5206,2.5624,6,1,3.00,40.6205,131.5358,12.8565,-2.0112,0.9696,9.8436,1.1711,-0.4186,4.0000,501.56,585.96,0.0000,0.0000
70.900,6,10,0,35.1107,120.0453,1.5708,0.4297,2.5101,2.5466,6,1,3.00,40.6205,131.5358,12.7433,-1.9563,0.9696,9.8198,1.1662,-0.4046,4.0000,281.54,777.96,0.0000,0.0000
71.000,6,10,0,35.1407,120.2827,1.5512,0.3832,2.4615,2.4911,6,1,3.00,40.6205,131.5358,12.5164,-1.8466,0.9696,9.7367,1.1570,-0.3943,4.0000,281.59,791.55,0.0000,0.0000
71.100,6,10,0,35.1727,120.5126,1.5346,0.3610,2.4033,2.4303,6,1,3.00,40.6205,131.5358,12.2959,-1.7430,0.9696,9.6454,1.1483,-0.3863,4.0000,381.61,571.16,0.0000,0.0000
71.200,6,10,0,35.2074,120.7389,1.5274,0.3564,2.3536,2.3804,6,1,3.00,40.6205,131.5358,12.0780,-1.6436,0.9696,9.5707,1.1396,-0.3878,4.0000,396.62,331.34,0.0000,0.0000
71.300,6,10,0,35.2427,120.9645,1.5239,0.3554,2.3200,2.3470,6,1,3.00,40.6205,131.5358,11.8606,-1.5451,0.9696,9.5206,1.1304,-0.3934,4.0000,163.11,130.37,0.0000,0.0000
71.400,6,10,0,35.2768,121.1848,1.5222,0.3503,2.2774,2.3042,6,1,3.00,40.6205,131.5358,11.6490,-1.4487,0.9696,9.4563,1.1216,-0.4007,4.0000,398.75,149.56,0.0000,0.0000
71.500,6,10,0,35.3090,121.3928,1.5186,0.3397,2.2061,2.2321,6,1,3.00,40.6205,131.5358,11.4496,-1.3575,0.9696,9.3481,1.1138,-0.4048,4.0000,474.56,111.56,0.0000,0.0000
71.600,6,10,0,35.3375,121.5901,1.5138,0.3198,2.1218,2.1458,6,1,3.00,40.6205,131.5358,11.2618,-1.2695,0.9696,9.2187,1.1064,-0.4074,4.0000,362.66,311.04,0.0000,0.0000
71.700,6,10,0,35.3627,121.7770,1.5059,0.2952,2.0307,2.0520,6,1,3.00,40.6205,131.5358,11.0851,-1.1845,0.9696,9.0780,1.0993,-0.4066,4.0000,447.91,316.45,0.0000,0.0000
71.800,6,10,0,35.3751,121.8706,1.4986,0.2839,1.9846,2.0048,6,1,3.00,40.6205,131.5358,10.9968,-1.1418,0.9696,9.0072,1.0956,-0.4029,4.0000,442.29,241.38,0.0000,0.0000
71.900,6,10,0,35.3983,122.0501,1.4897,0.2649,1.9156,1.9338,6,1,3.00,40.6205,131.5358,10.8283,-1.0593,0.9696,8.9007,1.0880,-0.4017,4.0000,442.16,30.92,0.0000,0.0000
72.000,6,10,0,35.4194,122.2274,1.4794,0.2453,1.8639,1.8799,6,1,3.00,40.6205,131.5358,10.6629,-0.9764,0.9696,8.8199,1.0798,-0.3995,4.0000,425.14,-168.10,0.0000,0.0000
72.100,6,10,0,35.4285,122.3125,1.4676,0.2343,1.8456,1.8604,6,1,3.00,40.6205,131.5358,10.5843,-0.9358,0.9696,8.7906,1.0756,-0.3919,4.0000,509.57,-364.93,0.0000,0.0000
72.200,6,10,0,35.4433,122.4832,1.4507,0.2022,1.7955,1.8068,6,1,3.00,40.6205,131.5358,10.4285,-0.8514,0.9696,8.7103,1.0670,-0.3837,4.0000,562.58,-166.33,0.0000,0.0000
72.300,6,10,0,35.4516,122.6454,1.4264,0.1586,1.7327,1.7399,6,1,3.00,40.6205,131.5358,10.2839,-0.7666,0.9696,8.6099,1.0584,-0.3680,4.0000,384.04,-100.56,0.0000,0.0000
72.400,6,10,0,35.4559,122.8016,1.3951,0.1171,1.6714,1.6755,6,1,3.00,40.6205,131.5358,10.1469,-0.6818,0.9696,8.5133,1.0495,-0.3456,4.0000,179.92,57.37,0.0000,0.0000
72.500,6,10,0,35.4588,122.9484,1.3613,0.0849,1.5975,1.5998,6,1,3.00,40.6205,131.5358,10.0194,-0.6011,0.9696,8.3997,1.0410,-0.3203,4.0000,153.24,56.76,0.0000,0.0000
72.600,6,10,0,35.4623,123.0841,1.3290,0.0673,1.5102,1.5117,6,1,3.00,40.6205,131.5358,9.9015,-0.5272,0.9696,8.2676,1.0332,-0.2957,4.0000,217.99,296.91,0.0000,0.0000
72.700,6,10,0,35.4673,123.2116,1.3057,0.0613,1.4258,1.4271,6,1,3.00,40.6205,131.5358,9.7903,-0.4592,0.9696,8.1407,1.0259,-0.2798,4.0000,218.71,516.28,0.0000,0.0000
72.800,6,10,0,35.4759,123.3414,1.2805,0.0709,1.3815,1.3833,6,1,3.00,40.6205,131.5358,9.6756,-0.3929,0.9696,8.0749,1.0182,-0.2623,4.0000,3.91,735.67,0.0000,0.0000
72.900,6,10,0,35.4920,123.4789,1.2619,0.1048,1.3809,1.3849,6,1,3.00,40.6205,131.5358,9.5508,-0.3284,0.9696,8.0773,1.0102,-0.2517,4.0000,36.35,910.15,0.0000,0.0000
73.000,6,10,0,35.5047,123.5531,1.2542,0.1328,1.3904,1.3967,6,1,3.00,40.6205,131.5358,9.4813,-0.2969,0.9696,8.0950,1.0062,-0.2480,4.0000,37.06,904.87,0.0000,0.0000
73.100,6,10,0,35.5394,123.7059,1.2540,0.2107,1.4401,1.4554,6,1,3.00,40.6205,131.5358,9.3341,-0.2391,0.9696,8.1831,0.9988,-0.2553,4.0000,257.58,684.01,0.0000,0.0000
73.200,6,10,0,35.5607,123.7840,1.2596,0.2573,1.4777,1.5000,6,1,3.00,40.6205,131.5358,9.2570,-0.2124,0.9696,8.2499,0.9953,-0.2643,4.0000,348.28,485.18,0.0000,0.0000
73.300,6,10,0,35.6110,123.9525,1.2704,0.3469,1.5542,1.5925,6,1,3.00,40.6205,131.5358,9.0886,-0.1586,0.9696,8.3887,0.9885,-0.2819,4.0000,427.19,265.15,0.0000,0.0000
73.400,6,10,0,35.6643,124.1271,1.2841,0.4140,1.6248,1.6767,6,1,3.00,40.6205,131.5358,8.9137,-0.1038,0.9696,8.5151,0.9817,-0.3024,4.0000,667.09,206.43,0.0000,0.0000
73.500,6,10,0,35.7147,124.3037,1.2970,0.4464,1.6770,1.7354,6,1,3.00,40.6205,131.5358,8.7390,-0.0455,0.9696,8.6031,0.9748,-0.3221,4.0000,807.52,426.39,0.0000,0.0000
73.600,6,10,0,35.7395,124.3968,1.3014,0.4523,1.6997,1.7589,6,1,3.00,40.6205,131.5358,8.6481,-0.0132,0.9696,8.6384,0.9711,-0.3304,4.0000,567.03,448.07,0.0000,0.0000
73.700,6,10,0,35.7875,124.5845,1.3057,0.4623,1.7634,1.8229,6,1,3.00,40.6205,131.5358,8.4663,0.0533,0.9696,8.7344,0.9635,-0.3423,4.0000,365.26,206.92,0.0000,0.0000
73.800,6,10,0,35.8110,124.6767,1.3053,0.4678,1.7950,1.8549,6,1,3.00,40.6205,131.5358,8.3773,0.0861,0.9696,8.7824,0.9598,-0.3455,4.0000,126.28,447.27,0.0000,0.0000
73.900,6,10,0,35.8595,124.8638,1.3050,0.4744,1.8227,1.8834,6,1,3.00,40.6205,131.5358,8.1965,0.1519,0.9696,8.8251,0.9523,-0.3526,4.0000,142.70,665.17,0.0000,0.0000
74.000,6,10,0,35.9108,125.0468,1.3073,0.4891,1.8260,1.8903,6,1,3.00,40.6205,131.5358,8.0180,0.2131,0.9696,8.8355,0.9454,-0.3618,4.0000,162.72,792.02,0.0000,0.0000
74.100,6,10,0,35.9673,125.2301,1.3141,0.5172,1.8299,1.9016,6,1,3.00,40.6205,131.5358,7.8368,0.2703,0.9696,8.8523,0.9390,-0.3750,4.0000,142.32,677.29,0.0000,0.0000
74.200,6,10,0,35.9981,125.3255,1.3244,0.5323,1.8309,1.9067,6,1,3.00,40.6205,131.5358,7.7418,0.2988,0.9696,8.8601,0.9358,-0.3885,4.0000,362.99,872.03,0.0000,0.0000
74.300,6,10,0,36.0610,125.5129,1.3413,0.5673,1.8463,1.9315,6,1,3.00,40.6205,131.5358,7.5541,0.3530,0.9696,8.8972,0.9299,-0.4114,4.0000,605.04,979.61,0.0000,0.0000
74.400,6,10,0,36.1294,125.7109,1.3599,0.6096,1.8949,1.9905,6,1,3.00,40.6205,131.5358,7.3553,0.4085,0.9696,8.9858,0.9241,-0.4357,4.0000,803.69,1000.00,0.0000,0.0000
74.500,6,10,0,36.1647,125.8132,1.3792,0.6346,1.9422,2.0433,6,1,3.00,40.6205,131.5358,7.2528,0.4373,0.9696,9.0649,0.9213,-0.4579,4.0000,1000.00,888.36,0.0000,0.0000
74.600,6,10,0,36.2405,126.0405,1.4012,0.6799,2.0657,2.1747,6,1,3.00,40.6205,131.5358,7.0273,0.5034,0.9696,9.2621,0.9153,-0.4859,4.0000,829.50,760.62,0.0000,0.0000
74.700,6,10,0,36.3173,126.2893,1.4208,0.7120,2.2214,2.3327,6,1,3.00,40.6205,131.5358,6.7856,0.5808,0.9696,9.4991,0.9085,-0.5123,4.0000,629.41,520.88,0.0000,0.0000
74.800,6,10,0,36.3924,126.5500,1.4366,0.7263,2.3624,2.4715,6,1,3.00,40.6205,131.5358,6.5372,0.6663,0.9696,9.7073,0.9010,-0.5356,4.0000,483.01,544.35,0.0000,0.0000
74.900,6,10,0,36.4643,126.8098,1.4516,0.7235,2.4482,2.5528,6,1,3.00,40.6205,131.5358,6.2936,0.7540,0.9696,9.8292,0.8930,-0.5586,4.0000,503.16,523.97,0.0000,0.0000
75.000,6,10,0,36.5332,127.0615,1.4649,0.7111,2.4729,2.5731,6,1,3.00,40.6205,131.5358,6.0602,0.8395,0.9696,9.8597,0.8846,-0.5803,4.0000,311.28,347.02,0.0000,0.0000
75.100,6,10,0,36.5676,127.1862,1.4747,0.7011,2.4583,2.5563,6,1,3.00,40.6205,131.5358,5.9452,0.8818,0.9696,9.8345,0.8801,-0.5946,4.0000,321.39,140.26,0.0000,0.0000
75.200,6,10,0,36.6313,127.4143,1.4853,0.6776,2.3925,2.4866,6,1,3.00,40.6205,131.5358,5.7359,0.9582,0.9696,9.7299,0.8714,-0.6139,4.0000,141.27,-79.55,0.0000,0.0000
75.300,6,10,0,36.6897,127.6193,1.4929,0.6435,2.2667,2.3563,6,1,3.00,40.6205,131.5358,5.5489,1.0260,0.9696,9.5345,0.8624,-0.6306,4.0000,157.31,-146.15,0.0000,0.0000
75.400,6,10,0,36.7423,127.7960,1.4971,0.6006,2.0845,2.1693,6,1,3.00,40.6205,131.5358,5.3876,1.0826,0.9696,9.2540,0.8531,-0.6440,4.0000,378.73,74.86,0.0000,0.0000
75.500,6,10,0,36.7885,127.9500,1.4972,0.5500,1.8870,1.9656,6,1,3.00,40.6205,131.5358,5.2481,1.1316,0.9696,8.9483,0.8438,-0.6534,4.0000,579.14,104.36,0.0000,0.0000
75.600,6,10,0,36.8301,128.0965,1.4947,0.5014,1.7349,1.8059,6,1,3.00,40.6205,131.5358,5.1182,1.1802,0.9696,8.7088,0.8349,-0.6599,4.0000,820.52,87.93,0.0000,0.0000
75.700,6,10,0,36.8679,128.2463,1.4857,0.4568,1.6496,1.7117,6,1,3.00,40.6205,131.5358,4.9903,1.2337,0.9696,8.5675,0.8265,-0.6591,3.9922,990.20,325.79,0.0000,0.0000
75.800,6,10,0,36.8846,128.3234,1.4763,0.4347,1.6408,1.6974,6,1,3.00,40.6205,131.5358,4.9272,1.2636,0.9696,8.5461,0.8228,-0.6535,3.9417,1000.00,406.80,0.0000,0.0000
75.900,6,10,0,36.9164,128.4993,1.4569,0.3926,1.6879,1.7330,6,1,3.00,40.6205,131.5358,4.7897,1.3369,0.9696,8.5994,0.8153,-0.6416,3.8317,1000.00,533.13,0.0000,0.0000
76.000,6,10,0,36.9461,128.6999,1.4341,0.3584,1.8069,1.8421,6,1,3.00,40.6205,131.5358,4.6415,1.4258,0.9696,8.7631,0.8083,-0.6258,3.7132,911.00,482.02,0.0000,0.0000
76.100,6,10,0,36.9758,128.9222,1.4080,0.3364,1.9603,1.9889,6,1,3.00,40.6205,131.5358,4.4850,1.5271,0.9696,8.9834,0.8012,-0.6068,3.5880,898.55,244.30,0.0000,0.0000
76.200,6,10,0,37.0063,129.1586,1.3758,0.3255,2.1079,2.1329,6,1,3.00,40.6205,131.5358,4.3259,1.6356,0.9696,9.1993,0.7936,-0.5822,3.4607,675.96,243.25,0.0000,0.0000
76.300,6,10,0,37.0367,129.3970,1.3399,0.3178,2.2085,2.2313,6,1,3.00,40.6205,131.5358,4.1735,1.7455,0.9696,9.3469,0.7849,-0.5549,3.3388,436.80,107.74,0.0000,0.0000
76.400,6,10,0,37.0664,129.6278,1.3020,0.3101,2.2437,2.2651,6,1,3.00,40.6205,131.5358,4.0339,1.8515,0.9696,9.3976,0.7750,-0.5270,3.2271,227.50,-112.88,0.0000,0.0000
76.500,6,10,0,37.0805,129.7398,1.2718,0.3023,2.2259,2.2464,6,1,3.00,40.6205,131.5358,3.9696,1.9033,0.9696,9.3695,0.7691,-0.5027,3.1756,446.48,-332.73,0.0000,0.0000
76.600,6,10,0,37.1022,129.9391,1.2287,0.2712,2.1398,2.1569,6,1,3.00,40.6205,131.5358,3.8636,1.9981,0.9696,9.2354,0.7565,-0.4723,3.0909,651.41,-552.42,0.0000,0.0000
76.700,6,10,0,37.1138,130.1158,1.2005,0.2143,2.0039,2.0154,6,1,3.00,40.6205,131.5358,3.7833,2.0885,0.9696,9.0230,0.7421,-0.4584,3.0267,619.11,-570.38,0.0000,0.0000
76.800,6,10,0,37.1150,130.1941,1.1675,0.1766,1.9294,1.9375,6,1,3.00,40.6205,131.5358,3.7535,2.1318,0.9696,8.9062,0.7346,-0.4329,3.0028,611.32,-555.33,0.0000,0.0000
76.900,6,10,0,37.1106,130.3427,1.1309,0.0961,1.7684,1.7710,6,1,3.00,40.6205,131.5358,3.7072,2.2195,0.9696,8.6566,0.7186,-0.4123,2.9657,732.20,-554.26,0.0000,0.0000
77.000,6,10,0,37.0991,130.4807,1.0725,0.0194,1.6286,1.6287,6,1,3.00,40.6205,131.5358,3.6761,2.3070,0.9696,8.4431,0.7028,-0.3697,2.9409,616.48,-350.23,0.0000,0.0000
77.100,6,10,0,37.0917,130.5506,1.0210,-0.0128,1.5717,1.5717,6,1,3.00,40.6205,131.5358,3.6637,2.3526,0.9696,8.3576,0.6952,-0.3258,2.9310,799.61,-129.41,0.0000,0.0000
77.200,6,10,0,37.0792,130.6888,0.9671,-0.0530,1.5038,1.5047,6,1,3.00,40.6205,131.5358,3.6412,2.4412,0.9696,8.2570,0.6821,-0.2850,2.9129,629.52,91.38,0.0000,0.0000
77.300,6,10,0,37.0760,130.7593,0.9125,-0.0556,1.4967,1.4978,6,1,3.00,40.6205,131.5358,3.6285,2.4837,0.9696,8.2467,0.6770,-0.2355,2.9028,571.17,-22.02,0.0000,0.0000
77.400,6,10,0,37.0794,130.9119,0.8593,-0.0213,1.5089,1.5091,6,1,3.00,40.6205,131.5358,3.5956,2.5671,0.9696,8.2636,0.6684,-0.1909,2.8765,790.48,-242.02,0.0000,0.0000
77.500,6,10,0,37.0962,131.0701,0.7999,0.0483,1.5371,1.5378,6,1,3.00,40.6205,131.5358,3.5549,2.6428,0.9696,8.3067,0.6615,-0.1384,2.8440,772.29,-224.79,0.0000,0.0000
77.600,6,10,0,37.1224,131.2336,0.7417,0.1267,1.5738,1.5789,6,1,3.00,40.6205,131.5358,3.5111,2.7137,0.9696,8.3683,0.6560,-0.0857,2.8089,994.48,-46.63,0.0000,0.0000
77.700,6,10,0,37.1399,131.3198,0.6803,0.1686,1.5907,1.5996,6,1,3.00,40.6205,131.5358,3.4873,2.7480,0.9696,8.3994,0.6534,-0.0269,2.7898,896.51,-139.39,0.0000,0.0000
77.800,6,10,0,37.1846,131.4930,0.6244,0.2697,1.6415,1.6635,6,1,3.00,40.6205,131.5358,3.4361,2.8091,0.9696,8.4953,0.6502,0.0258,2.7489,865.10,-10.33,0.0000,0.0000
77.900,6,10,0,37.2420,131.6705,0.5675,0.3799,1.6893,1.7315,6,1,3.00,40.6205,131.5358,3.3811,2.8622,0.9696,8.5973,0.6482,0.0807,2.7049,889.17,-5.82,0.0000,0.0000
78.000,6,10,0,37.2749,131.7576,0.5100,0.4408,1.7142,1.7699,6,1,3.00,40.6205,131.5358,3.3530,2.8844,0.9696,8.6549,0.6479,0.1379,2.6824,668.31,214.14,0.0000,0.0000
78.100,6,10,0,37.3543,131.9378,0.4457,0.5708,1.7467,1.8376,6,1,3.00,40.6205,131.5358,3.2908,2.9208,0.9696,8.7564,0.6476,0.2019,2.6326,640.83,399.22,0.0000,0.0000
78.200,6,10,0,37.4517,132.1152,0.3909,0.7189,1.7572,1.8986,6,1,3.00,40.6205,131.5358,3.2214,2.9409,0.9696,8.8479,0.6487,0.2577,2.5771,663.40,590.21,0.0000,0.0000
78.300,6,10,0,37.5713,132.2890,0.3281,0.8947,1.7506,1.9660,6,1,3.00,40.6205,131.5358,3.1408,2.9405,0.9696,8.9490,0.6521,0.3240,2.5127,842.10,370.12,0.0000,0.0000
78.400,6,10,0,37.6423,132.3772,0.2774,0.9888,1.7398,2.0012,6,1,3.00,40.6205,131.5358,3.0948,2.9319,0.9696,9.0018,0.6547,0.3773,2.4758,793.90,149.91,0.0000,0.0000
78.500,6,10,0,37.7956,132.5472,0.2294,1.1854,1.7247,2.0928,6,1,3.00,40.6205,131.5358,3.0005,2.9016,0.9696,9.1393,0.6621,0.4328,2.4004,809.27,283.73,0.0000,0.0000
78.600,7,10,0,37.9642,132.7138,0.1804,1.3663,1.7030,2.1833,7,1,3.00,40.9310,151.8395,2.9058,2.8568,0.9696,9.2750,0.6708,0.4904,2.3246,571.35,426.04,0.0000,0.0000
78.700,7,10,0,38.1461,132.8734,0.1342,1.5295,1.6635,2.2598,7,1,3.00,40.9310,151.8395,19.1694,2.4946,1.5555,9.3897,1.2958,1.1616,4.0000,375.65,339.09,0.0000,0.0000
78.800,7,10,0,38.3357,133.0218,0.0898,1.6613,1.5975,2.3047,7,1,3.00,40.9310,151.8395,18.9958,2.3072,1.5555,9.4571,1.3162,1.2264,4.0000,374.21,559.11,0.0000,0.0000
78.900,7,10,0,38.4290,133.0894,0.0500,1.7177,1.5597,2.3202,7,1,3.00,40.9310,151.8395,18.9163,2.2150,1.5555,9.4803,1.3260,1.2760,4.0000,185.97,573.47,0.0000,0.0000
79.000,7,10,0,38.6233,133.2194,0.0117,1.8001,1.4652,2.3210,7,1,3.00,40.9310,151.8395,18.7626,2.0227,1.5555,9.4815,1.3453,1.3336,4.0000,90.49,793.70,0.0000,0.0000
79.100,7,10,0,38.8173,133.3359,-0.0180,1.8514,1.3560,2.2948,7,1,3.00,40.9310,151.8395,18.6239,1.8305,1.5555,9.4422,1.3640,1.3820,4.0000,55.24,906.43,0.0000,0.0000
79.200,7,10,0,39.0123,133.4371,-0.0365,1.8882,1.2307,2.2538,7,1,3.00,40.9310,151.8395,18.5021,1.6371,1.5555,9.3808,1.3827,1.4192,4.0000,13.35,808.88,0.0000,0.0000
79.300,7,10,0,39.2097,133.5227,-0.0432,1.9203,1.0940,2.2101,7,1,3.00,40.9310,151.8395,18.3975,1.4410,1.5555,9.3151,1.4020,1.4452,4.0000,90.03,977.63,0.0000,0.0000
79.400,7,10,0,39.4095,133.5938,-0.0387,1.9501,0.9550,2.1714,7,1,3.00,40.9310,151.8395,18.3090,1.2423,1.5555,9.2571,1.4221,1.4608,4.0000,-129.32,997.78,0.0000,0.0000
79.500,7,10,0,39.6156,133.6508,-0.0231,1.9921,0.8145,2.1522,7,1,3.00,40.9310,151.8395,18.2362,1.0371,1.5555,9.2283,1.4436,1.4667,4.0000,-337.54,760.64,0.0000,0.0000
79.600,7,10,0,39.8241,133.6941,0.0041,2.0262,0.6760,2.1360,7,1,3.00,40.9310,151.8395,18.1791,0.8293,1.5555,9.2040,1.4656,1.4616,4.0000,-556.92,554.84,0.0000,0.0000
79.700,7,10,0,40.0247,133.7265,0.0413,2.0185,0.5480,2.0916,7,1,3.00,40.9310,151.8395,18.1357,0.6292,1.5555,9.1373,1.4868,1.4454,4.0000,-506.76,759.89,0.0000,0.0000
79.800,7,10,0,40.2086,133.7489,0.0840,1.9522,0.4303,1.9991,7,1,3.00,40.9310,151.8395,18.1050,0.4457,1.5555,8.9986,1.5060,1.4220,4.0000,-422.15,632.84,0.0000,0.0000
79.900,7,10,0,40.3772,133.7618,0.1432,1.8555,0.3204,1.8830,7,1,3.00,40.9310,151.8395,18.0862,0.2773,1.5555,8.8244,1.5241,1.3809,4.0000,-210.18,733.59,0.0000,0.0000
80.000,7,10,0,40.5329,133.7670,0.1967,1.7476,0.2231,1.7618,7,1,3.00,40.9310,151.8395,18.0769,0.1217,1.5555,8.6427,1.5414,1.3447,4.0000,-217.70,614.00,0.0000,0.0000
80.100,7,10,0,40.6831,133.7676,0.2468,1.6598,0.1444,1.6661,7,1,3.00,40.9310,151.8395,18.0736,-0.0285,1.5555,8.4992,1.5589,1.3120,4.0000,-217.61,519.29,0.0000,0.0000
80.200,7,10,0,40.8312,133.7655,0.3107,1.5961,0.0848,1.5984,7,1,3.00,40.9310,151.8395,18.0742,-0.1766,1.5555,8.3976,1.5765,1.2659,4.0000,-358.36,719.41,0.0000,0.0000
80.300,7,10,0,40.9799,133.7611,0.3668,1.5580,0.0379,1.5585,7,1,3.00,40.9310,151.8395,18.0785,-0.3253,1.5555,8.3377,1.5945,1.2277,4.0000,-371.92,959.26,0.0000,0.0000
80.400,7,10,0,41.0586,133.7580,0.4185,1.5491,0.0183,1.5493,7,1,3.00,40.9310,151.8395,18.0820,-0.4041,1.5555,8.3239,1.6040,1.1855,4.0000,-232.11,739.41,0.0000,0.0000
80.500,7,10,0,41.2188,133.7525,0.4727,1.5682,-0.0077,1.5682,7,1,3.00,40.9310,151.8395,18.0893,-0.5643,1.5555,8.3523,1.6230,1.1503,4.0000,-201.45,726.07,0.0000,0.0000
80.600,7,10,0,41.2989,133.7510,0.5213,1.5884,-0.0125,1.5884,7,1,3.00,40.9310,151.8395,18.0922,-0.6444,1.5555,8.3826,1.6322,1.1109,4.0000,-186.07,705.52,0.0000,0.0000
80.700,7,10,0,41.4664,133.7506,0.5770,1.6207,-0.0091,1.6207,7,1,3.00,40.9310,151.8395,18.0968,-0.8119,1.5555,8.4311,1.6515,1.0745,4.0000,-406.10,818.64,0.0000,0.0000
80.800,7,10,0,41.6363,133.7534,0.6401,1.6500,0.0046,1.6500,7,1,3.00,40.9310,151.8395,18.0998,-0.9817,1.5555,8.4750,1.6708,1.0308,4.0000,-200.53,982.70,0.0000,0.0000
80.900,7,10,0,41.8101,133.7599,0.7124,1.6837,0.0273,1.6839,7,1,3.00,40.9310,151.8395,18.1010,-1.1554,1.5555,8.5259,1.6902,0.9779,4.0000,-206.11,1000.00,0.0000,0.0000
81.000,7,10,0,41.9027,133.7665,0.7657,1.7033,0.0473,1.7040,7,1,3.00,40.9310,151.8395,18.0991,-1.2480,1.5555,8.5559,1.7003,0.9346,4.0000,-175.34,784.20,0.0000,0.0000
81.100,7,10,0,42.0875,133.7851,0.8265,1.7553,0.0978,1.7580,7,1,3.00,40.9310,151.8395,18.0914,-1.4325,1.5555,8.6370,1.7199,0.8934,4.0000,33.66,799.96,0.0000,0.0000
81.200,7,10,0,42.1788,133.7975,0.8872,1.7845,0.1296,1.7892,7,1,3.00,40.9310,151.8395,18.0851,-1.5236,1.5555,8.6838,1.7292,0.8420,4.0000,254.35,767.09,0.0000,0.0000
81.300,7,10,0,42.3713,133.8348,0.9380,1.8369,0.2201,1.8500,7,1,3.00,40.9310,151.8395,18.0622,-1.7154,1.5555,8.7750,1.7486,0.8105,4.0000,282.83,943.65,0.0000,0.0000
81.400,7,10,0,42.5709,133.8927,1.0087,1.8966,0.3525,1.9291,7,1,3.00,40.9310,151.8395,18.0216,-1.9142,1.5555,8.8937,1.7675,0.7588,4.0000,503.31,919.28,0.0000,0.0000
81.500,7,10,0,42.6769,133.9326,1.0693,1.9250,0.4355,1.9737,7,1,3.00,40.9310,151.8395,17.9918,-2.0196,1.5555,8.9605,1.7772,0.7079,4.0000,723.41,824.26,0.0000,0.0000
81.600,7,10,0,42.8873,134.0330,1.1196,1.9890,0.6419,2.0901,7,1,3.00,40.9310,151.8395,17.9137,-2.2284,1.5555,9.1351,1.7948,0.6752,4.0000,723.72,814.78,0.0000,0.0000
81.701,7,10,0,43.0993,134.1633,1.1655,2.0358,0.8816,2.2184,7,1,3.00,40.9310,151.8395,17.8087,-2.4384,1.5555,9.3277,1.8112,0.6457,4.0000,756.88,841.80,0.0000,0.0000
81.800,7,10,0,43.2020,134.2371,1.2067,2.0564,1.0125,2.2922,7,1,3.00,40.9310,151.8395,17.7483,-2.5399,1.5555,9.4382,1.8184,0.6117,4.0000,757.30,842.61,0.0000,0.0000
81.900,7,10,0,43.4116,134.4087,1.2477,2.0714,1.2700,2.4297,7,1,3.00,40.9310,151.8395,17.6064,-2.7469,1.5555,9.6446,1.8330,0.5853,4.0000,717.06,988.56,0.0000,0.0000
82.000,7,10,0,43.6174,134.6016,1.2832,2.0673,1.5111,2.5607,7,1,3.00,40.9310,151.8395,17.4459,-2.9497,1.5555,9.8411,1.8467,0.5635,4.0000,520.44,921.92,0.0000,0.0000
82.100,7,10,0,43.8194,134.8120,1.3188,2.0506,1.7274,2.6812,7,1,3.00,40.9310,151.8395,17.2708,-3.1484,1.5555,10.0218,1.8599,0.5411,4.0000,320.20,781.32,0.0000,0.0000
82.200,7,10,0,44.0150,135.0298,1.3567,2.0166,1.8909,2.7645,7,1,3.00,40.9310,151.8395,17.0903,-3.3407,1.5555,10.1467,1.8736,0.5169,4.0000,301.26,661.61,0.0000,0.0000
82.300,7,10,0,44.1124,135.1413,1.3875,1.9880,1.9417,2.7790,7,1,3.00,40.9310,151.8395,16.9986,-3.4364,1.5555,10.1684,1.8814,0.4939,4.0000,161.29,477.79,0.0000,0.0000
82.400,7,10,0,44.2944,135.3543,1.4261,1.9262,2.0085,2.7828,7,1,3.00,40.9310,151.8395,16.8248,-3.6151,1.5555,10.1743,1.8969,0.4708,4.0000,-58.41,596.15,0.0000,0.0000
82.500,7,10,0,44.4664,135.5563,1.4572,1.8510,2.0111,2.7333,7,1,3.00,40.9310,151.8395,16.6626,-3.7840,1.5555,10.0999,1.9140,0.4568,4.0000,-278.16,816.35,0.0000,0.0000
82.600,7,10,0,44.6312,135.7454,1.4944,1.7772,1.9668,2.6508,7,1,3.00,40.9310,151.8395,16.5140,-3.9459,1.5555,9.9762,1.9322,0.4378,4.0000,-419.21,816.16,0.0000,0.0000
82.700,7,10,0,44.7095,135.8333,1.5369,1.7481,1.9395,2.6111,7,1,3.00,40.9310,151.8395,16.4462,-4.0229,1.5555,9.9166,1.9409,0.4040,4.0000,-309.98,798.37,0.0000,0.0000
82.800,7,10,0,44.8682,136.0075,1.5806,1.6904,1.8686,2.5198,7,1,3.00,40.9310,151.8395,16.3142,-4.1788,1.5555,9.7797,1.9593,0.3787,4.0000,-529.98,771.04,0.0000,0.0000
82.900,7,10,0,45.0234,136.1763,1.6424,1.6410,1.8040,2.4387,7,1,3.00,40.9310,151.8395,16.1890,-4.3314,1.5555,9.6580,1.9771,0.3347,4.0000,-530.74,880.50,0.0000,0.0000
83.000,7,10,0,45.1760,136.3401,1.7047,1.6002,1.7445,2.3672,7,1,3.00,40.9310,151.8395,16.0702,-4.4815,1.5555,9.5508,1.9942,0.2896,4.0000,-448.15,1000.00,0.0000,0.0000
83.100,7,10,0,45.3239,136.5053,1.7725,1.5566,1.7131,2.3146,7,1,3.00,40.9310,151.8395,15.9510,-4.6269,1.5555,9.4719,2.0099,0.2374,4.0000,-248.46,950.16,0.0000,0.0000
83.200,7,10,0,45.4627,136.6782,1.8531,1.4948,1.7211,2.2796,7,1,3.00,40.9310,151.8395,15.8240,-4.7630,1.5555,9.4195,2.0237,0.1706,4.0000,-28.46,949.09,0.0000,0.0000
83.300,7,10,0,45.5867,136.8614,1.9356,1.4018,1.7637,2.2530,7,1,3.00,40.9310,151.8395,15.6850,-4.8842,1.5555,9.3795,2.0356,0.1000,4.0000,212.58,1000.00,0.0000,0.0000
83.400,7,10,0,45.6431,136.9616,2.0078,1.3382,1.7965,2.2401,7,1,3.00,40.9310,151.8395,15.6062,-4.9391,1.5555,9.3602,2.0410,0.0333,4.0000,405.84,1000.00,0.0000,0.0000
83.500,7,10,0,45.7357,137.1712,2.0795,1.1879,1.9050,2.2450,7,1,3.00,40.9310,151.8395,15.4351,-5.0284,1.5555,9.3676,2.0482,-0.0313,4.0000,641.97,989.64,0.0000,0.0000
83.600,7,10,0,45.8016,137.4027,2.1462,0.9953,2.0535,2.2820,7,1,3.00,40.9310,151.8395,15.2362,-5.0907,1.5555,9.4230,2.0508,-0.0954,4.0000,474.91,1000.00,0.0000,0.0000
83.700,7,10,0,45.8367,137.6553,2.2159,0.7613,2.2239,2.3506,7,1,3.00,40.9310,151.8395,15.0086,-5.1220,1.5555,9.5259,2.0489,-0.1671,4.0000,550.62,912.84,0.0000,0.0000
83.800,7,10,0,45.8421,137.9231,2.2676,0.5049,2.3877,2.4405,7,1,3.00,40.9310,151.8395,14.7575,-5.1233,1.5555,9.6607,2.0431,-0.2245,4.0000,444.80,697.78,0.0000,0.0000
83.900,7,10,0,45.8202,138.1988,2.3270,0.2429,2.5199,2.5316,7,1,3.00,40.9310,151.8395,14.4905,-5.0973,1.5555,9.7974,2.0352,-0.2917,4.0000,644.39,723.32,0.0000,0.0000
84.000,7,10,0,45.8015,138.3329,2.3768,0.1162,2.5748,2.5774,7,1,3.00,40.9310,151.8395,14.3579,-5.0765,1.5555,9.8661,2.0307,-0.3461,4.0000,884.09,594.89,0.0000,0.0000
84.100,7,10,0,45.7462,138.6084,2.4120,-0.1278,2.6409,2.6440,7,1,3.00,40.9310,151.8395,14.0801,-5.0170,1.5555,9.9660,2.0219,-0.3901,4.0000,921.67,746.23,0.0000,0.0000
84.200,7,10,0,45.6686,138.8811,2.4517,-0.3649,2.6732,2.6980,7,1,3.00,40.9310,151.8395,13.7972,-4.9352,1.5555,10.0470,2.0121,-0.4396,4.0000,720.25,726.04,0.0000,0.0000
84.300,7,10,0,45.6205,139.0198,2.4822,-0.4767,2.6720,2.7142,7,1,3.00,40.9310,151.8395,13.6505,-4.8850,1.5555,10.0713,2.0071,-0.4751,4.0000,720.67,779.86,0.0000,0.0000
84.400,7,10,0,45.5143,139.2849,2.5061,-0.6882,2.6632,2.7507,7,1,3.00,40.9310,151.8395,13.3651,-4.7748,1.5555,10.1261,1.9961,-0.5099,4.0000,922.57,896.70,0.0000,0.0000
84.500,7,10,0,45.4562,139.4122,2.5279,-0.7929,2.6609,2.7765,7,1,3.00,40.9310,151.8395,13.2256,-4.7147,1.5555,10.1648,1.9898,-0.5381,4.0000,955.58,702.42,0.0000,0.0000
84.600,7,10,0,45.3203,139.6729,2.5505,-1.0001,2.6426,2.8255,7,1,3.00,40.9310,151.8395,12.9342,-4.5749,1.5555,10.2383,1.9757,-0.5748,4.0000,840.92,702.07,0.0000,0.0000
84.700,7,10,0,45.1652,139.9300,2.5746,-1.2016,2.6178,2.8804,7,1,3.00,40.9310,151.8395,12.6398,-4.4158,1.5555,10.3205,1.9598,-0.6148,4.0000,767.21,903.42,0.0000,0.0000
84.800,7,10,0,45.0790,140.0607,2.5892,-1.2927,2.5970,2.9009,7,1,3.00,40.9310,151.8395,12.4878,-4.3277,1.5555,10.3513,1.9515,-0.6377,4.0000,625.95,799.64,0.0000,0.0000
84.900,7,10,0,44.9020,140.3115,2.6051,-1.4649,2.5639,2.9529,7,1,3.00,40.9310,151.8395,12.1927,-4.1468,1.5555,10.4294,1.9339,-0.6711,4.0000,829.62,794.52,0.0000,0.0000
85.000,7,10,0,44.8124,140.4311,2.6190,-1.5452,2.5493,2.9811,7,1,3.00,40.9310,151.8395,12.0506,-4.0554,1.5555,10.4716,1.9250,-0.6940,4.0000,703.51,607.60,0.0000,0.0000
85.100,7,10,0,44.6212,140.6712,2.6383,-1.6790,2.4961,3.0083,7,1,3.00,40.9310,151.8395,11.7621,-3.8606,1.5555,10.5124,1.9075,-0.7309,4.0000,767.37,593.21,0.0000,0.0000
85.200,7,10,0,44.4277,140.8993,2.6518,-1.7723,2.4182,2.9981,7,1,3.00,40.9310,151.8395,11.4854,-3.6636,1.5555,10.4971,1.8913,-0.7605,4.0000,732.67,372.80,0.0000,0.0000
85.300,7,10,0,44.3281,141.0118,2.6632,-1.8011,2.3672,2.9745,7,1,3.00,40.9310,151.8395,11.3481,-3.5623,1.5555,10.4618,1.8837,-0.7795,4.0000,627.01,386.10,0.0000,0.0000
85.400,7,10,0,44.1378,141.2194,2.6711,-1.8369,2.2607,2.9129,7,1,3.00,40.9310,151.8395,11.0937,-3.3688,1.5555,10.3694,1.8696,-0.8014,4.0000,585.93,600.45,0.0000,0.0000
85.500,7,10,0,43.9516,141.4142,2.6783,-1.8452,2.1469,2.8308,7,1,3.00,40.9310,151.8395,10.8541,-3.1797,1.5555,10.2463,1.8564,-0.8219,4.0000,821.38,474.64,0.0000,0.0000
85.600,7,10,0,43.8615,141.5053,2.6825,-1.8517,2.0971,2.7976,7,1,3.00,40.9310,151.8395,10.7417,-3.0882,1.5555,10.1964,1.8496,-0.8329,4.0000,903.89,253.95,0.0000,0.0000
85.700,7,10,0,43.6737,141.6860,2.6840,-1.8625,1.9927,2.7276,7,1,3.00,40.9310,151.8395,10.5174,-2.8977,1.5555,10.0914,1.8351,-0.8488,4.0000,970.09,33.34,0.0000,0.0000
85.800,7,10,0,43.4824,141.8562,2.6805,-1.8824,1.8874,2.6657,7,1,3.00,40.9310,151.8395,10.3041,-2.7038,1.5555,9.9986,1.8196,-0.8609,4.0000,863.27,-172.54,0.0000,0.0000
85.900,7,10,0,43.2891,142.0136,2.6708,-1.9015,1.7736,2.6002,7,1,3.00,40.9310,151.8395,10.1049,-2.5081,1.5555,9.9004,1.8036,-0.8672,4.0000,1000.00,-64.75,0.0000,0.0000
86.000,7,10,0,43.0963,142.1567,2.6482,-1.9125,1.6490,2.5253,7,1,3.00,40.9310,151.8395,9.9220,-2.3131,1.5555,9.7879,1.7876,-0.8606,4.0000,983.93,-285.06,0.0000,0.0000
86.100,7,10,0,42.9968,142.2254,2.6184,-1.9129,1.5835,2.4833,7,1,3.00,40.9310,151.8395,9.8335,-2.2125,1.5555,9.7249,1.7792,-0.8392,4.0000,762.61,-505.39,0.0000,0.0000
86.200,7,10,0,42.8066,142.3481,2.5739,-1.9076,1.4538,2.3984,7,1,3.00,40.9310,151.8395,9.6750,-2.0206,1.5555,9.5977,1.7630,-0.8109,4.0000,786.99,-446.44,0.0000,0.0000
86.300,7,10,0,42.6269,142.4546,2.5278,-1.8669,1.3125,2.2821,7,1,3.00,40.9310,151.8395,9.5369,-1.8392,1.5555,9.4232,1.7483,-0.7796,4.0000,689.40,-415.76,0.0000,0.0000
86.400,7,10,0,42.4574,142.5469,2.4746,-1.8038,1.1715,2.1508,7,1,3.00,40.9310,151.8395,9.4171,-1.6683,1.5555,9.2262,1.7344,-0.7402,4.0000,497.36,-196.67,0.0000,0.0000
86.500,7,10,0,42.2977,142.6273,2.4128,-1.7282,1.0381,2.0160,7,1,3.00,40.9310,151.8395,9.3131,-1.5075,1.5555,9.0240,1.7210,-0.6918,4.0000,474.20,-73.01,0.0000,0.0000
86.600,7,10,0,42.1447,142.7003,2.3624,-1.6562,0.9269,1.8980,7,1,3.00,40.9310,151.8395,9.2194,-1.3533,1.5555,8.8469,1.7073,-0.6551,4.0000,254.48,-71.89,0.0000,0.0000
86.700,7,10,0,42.0723,142.7339,2.3134,-1.6265,0.8812,1.8499,7,1,3.00,40.9310,151.8395,9.1769,-1.2805,1.5555,8.7748,1.7004,-0.6130,4.0000,474.71,-68.18,0.0000,0.0000
86.800,7,10,0,41.9271,142.8002,2.2714,-1.5641,0.8029,1.7581,7,1,3.00,40.9310,151.8395,9.0941,-1.1343,1.5555,8.6372,1.6861,-0.5853,4.0000,626.70,-207.68,0.0000,0.0000
86.900,7,10,0,41.7834,142.8662,2.2148,-1.5191,0.7518,1.6950,7,1,3.00,40.9310,151.8395,9.0137,-0.9896,1.5555,8.5425,1.6708,-0.5440,4.0000,845.66,-422.79,0.0000,0.0000
87.000,7,10,0,41.7089,142.9002,2.1632,-1.5021,0.7324,1.6711,7,1,3.00,40.9310,151.8395,8.9731,-0.9145,1.5555,8.5066,1.6626,-0.5006,4.0000,784.54,-578.88,0.0000,0.0000
87.100,7,10,0,41.5612,142.9659,2.1076,-1.4928,0.7052,1.6510,7,1,3.00,40.9310,151.8395,8.8959,-0.7658,1.5555,8.4765,1.6456,-0.4620,4.0000,859.30,-430.00,0.0000,0.0000
87.200,7,10,0,41.4114,143.0293,2.0458,-1.4944,0.6792,1.6415,7,1,3.00,40.9310,151.8395,8.8233,-0.6151,1.5555,8.4622,1.6281,-0.4177,4.0000,620.27,-411.39,0.0000,0.0000
87.300,7,10,0,41.2609,143.0933,1.9828,-1.4979,0.6649,1.6388,7,1,3.00,40.9310,151.8395,8.7524,-0.4636,1.5555,8.4582,1.6103,-0.3726,4.0000,418.37,-210.86,0.0000,0.0000
87.400,7,10,0,41.1137,143.1562,1.9104,-1.4878,0.6516,1.6243,7,1,3.00,40.9310,151.8395,8.6853,-0.3154,1.5555,8.4364,1.5929,-0.3175,4.0000,180.59,26.99,0.0000,0.0000
87.500,7,10,0,40.9733,143.2183,1.8486,-1.4567,0.6405,1.5913,7,1,3.00,40.9310,151.8395,8.6213,-0.1741,1.5555,8.3870,1.5763,-0.2724,4.0000,-20.29,227.28,0.0000,0.0000
87.600,7,10,0,40.9085,143.2485,1.7910,-1.4353,0.6383,1.5708,7,1,3.00,40.9310,151.8395,8.5910,-0.1089,1.5555,8.3562,1.5685,-0.2225,4.0000,77.75,67.51,0.0000,0.0000
87.700,7,10,0,40.7836,143.3111,1.7380,-1.3676,0.6343,1.5075,7,1,3.00,40.9310,151.8395,8.5296,0.0170,1.5555,8.2613,1.5535,-0.1846,4.0000,68.45,-172.93,0.0000,0.0000
87.800,7,10,0,40.6674,143.3724,1.6963,-1.2930,0.6262,1.4366,7,1,3.00,40.9310,151.8395,8.4712,0.1340,1.5555,8.1550,1.5391,-0.1572,4.0000,-162.51,24.53,0.0000,0.0000
87.900,7,10,0,40.5587,143.4277,1.6689,-1.2184,0.5993,1.3578,7,1,3.00,40.9310,151.8395,8.4200,0.2436,1.5555,8.0368,1.5252,-0.1437,4.0000,78.59,-121.70,0.0000,0.0000
88.000,7,10,0,40.4572,143.4761,1.6330,-1.1451,0.5573,1.2736,7,1,3.00,40.9310,151.8395,8.3768,0.3458,1.5555,7.9103,1.5118,-0.1212,4.0000,299.40,-135.43,0.0000,0.0000
88.100,7,10,0,40.4070,143.4996,1.6086,-1.1093,0.5360,1.2321,7,1,3.00,40.9310,151.8395,8.3564,0.3964,1.5555,7.8481,1.5050,-0.1036,4.0000,184.59,-251.59,0.0000,0.0000
88.200,7,10,0,40.3606,143.5214,1.5867,-1.0805,0.5198,1.1990,7,1,3.00,40.9310,151.8395,8.3376,0.4431,1.5555,7.7985,1.4988,-0.0879,4.0000,295.93,-406.30,0.0000,0.0000
88.300,7,10,0,40.2682,143.5628,1.5598,-1.0242,0.4813,1.1317,7,1,3.00,40.9310,151.8395,8.3031,0.5361,1.5555,7.6975,1.4860,-0.0738,4.0000,265.51,-307.18,0.0000,0.0000
88.400,7,10,0,40.1778,143.5988,1.5310,-0.9814,0.4373,1.0744,7,1,3.00,40.9310,151.8395,8.2750,0.6271,1.5555,7.6116,1.4733,-0.0577,4.0000,47.18,-307.09,0.0000,0.0000
88.500,7,10,0,40.0887,143.6282,1.4926,-0.9491,0.3846,1.0241,7,1,3.00,40.9310,151.8395,8.2543,0.7166,1.5555,7.5361,1.4607,-0.0319,4.0000,-107.99,-87.10,0.0000,0.0000
88.600,7,10,0,40.0442,143.6398,1.4618,-0.9307,0.3522,0.9951,7,1,3.00,40.9310,151.8395,8.2475,0.7613,1.5555,7.4926,1.4542,-0.0075,4.0000,112.69,-87.59,0.0000,0.0000
88.700,7,10,0,39.9606,143.6576,1.4351,-0.8958,0.2891,0.9413,7,1,3.00,40.9310,151.8395,8.2392,0.8451,1.5555,7.4119,1.4420,0.0068,4.0000,310.40,-221.61,0.0000,0.0000
88.800,7,10,0,39.9215,143.6652,1.4075,-0.8796,0.2629,0.9180,7,1,3.00,40.9310,151.8395,8.2364,0.8843,1.5555,7.3770,1.4362,0.0287,4.0000,529.79,-366.71,0.0000,0.0000
88.900,7,10,0,39.8427,143.6801,1.3838,-0.8468,0.2219,0.8754,7,1,3.00,40.9310,151.8395,8.2317,0.9633,1.5555,7.3131,1.4245,0.0407,4.0000,727.33,-389.43,0.0000,0.0000
89.000,7,10,0,39.7651,143.6996,1.3447,-0.8218,0.2137,0.8491,7,1,3.00,40.9310,151.8395,8.2230,1.0413,1.5555,7.2737,1.4133,0.0686,4.0000,506.69,-344.24,0.0000,0.0000
89.100,7,10,0,39.7253,143.7131,1.3086,-0.8105,0.2227,0.8406,7,1,3.00,40.9310,151.8395,8.2154,1.0813,1.5555,7.2608,1.4077,0.0991,4.0000,296.10,-146.32,0.0000,0.0000
89.200,7,10,0,39.6492,143.7441,1.2696,-0.7924,0.2544,0.8323,7,1,3.00,40.9310,151.8395,8.1963,1.1579,1.5555,7.2484,1.3971,0.1275,4.0000,160.36,73.64,0.0000,0.0000
89.300,7,10,0,39.6137,143.7614,1.2305,-0.7816,0.2758,0.8288,7,1,3.00,40.9310,151.8395,8.1848,1.1935,1.5555,7.2432,1.3922,0.1616,4.0000,160.48,293.39,0.0000,0.0000
89.400,7,10,0,39.5468,143.8017,1.1941,-0.7404,0.3227,0.8076,7,1,3.00,40.9310,151.8395,8.1561,1.2612,1.5555,7.2114,1.3824,0.1882,4.0000,350.54,292.75,0.0000,0.0000
89.500,7,10,0,39.4929,143.8509,1.1622,-0.6660,0.3854,0.7695,7,1,3.00,40.9310,151.8395,8.1170,1.3157,1.5555,7.1542,1.3736,0.2114,4.0000,516.29,88.20,0.0000,0.0000
89.600,7,10,0,39.4705,143.8808,1.1305,-0.6189,0.4235,0.7499,7,1,3.00,40.9310,151.8395,8.0915,1.3386,1.5555,7.1249,1.3698,0.2393,4.0000,573.84,88.17,0.0000,0.0000
89.700,7,10,0,39.4343,143.9479,1.1000,-0.5260,0.5129,0.7347,7,1,3.00,40.9310,151.8395,8.0323,1.3759,1.5555,7.1020,1.3641,0.2641,4.0000,551.50,-109.12,0.0000,0.0000
89.800,7,10,0,39.4055,144.0269,1.0697,-0.4398,0.6133,0.7547,7,1,3.00,40.9310,151.8395,7.9601,1.4059,1.5555,7.1320,1.3609,0.2912,4.0000,446.48,79.36,0.0000,0.0000
89.900,7,10,0,39.3821,144.1163,1.0354,-0.3653,0.7146,0.8026,7,1,3.00,40.9310,151.8395,7.8770,1.4306,1.5555,7.2039,1.3595,0.3240,4.0000,380.82,101.77,0.0000,0.0000
90.000,7,10,0,39.3738,144.1634,1.0056,-0.3266,0.7682,0.8347,7,1,3.00,40.9310,151.8395,7.8324,1.4396,1.5555,7.2521,1.3595,0.3540,4.0000,371.93,-54.06,0.0000,0.0000
90.100,7,10,0,39.3645,144.2656,0.9718,-0.2413,0.8608,0.8940,7,1,3.00,40.9310,151.8395,7.7341,1.4505,1.5555,7.3410,1.3604,0.3887,4.0000,592.39,140.07,0.0000,0.0000
90.200,7,10,0,39.3632,144.3719,0.9374,-0.1582,0.9346,0.9479,7,1,3.00,40.9310,151.8395,7.6304,1.4534,1.5555,7.4218,1.3621,0.4248,4.0000,431.98,117.79,0.0000,0.0000
90.300,7,10,0,39.3721,144.4855,0.8989,-0.0676,1.0089,1.0112,7,1,3.00,40.9310,151.8395,7.5174,1.4462,1.5555,7.5168,1.3654,0.4666,4.0000,353.61,114.02,0.0000,0.0000
90.400,7,10,0,39.3887,144.6031,0.8646,0.0171,1.0700,1.0701,7,1,3.00,40.9310,151.8395,7.3989,1.4315,1.5555,7.6052,1.3695,0.5048,4.0000,353.74,114.93,0.0000,0.0000
90.500,7,10,0,39.4101,144.7207,0.8291,0.0888,1.1088,1.1123,7,1,3.00,40.9310,151.8395,7.2794,1.4119,1.5555,7.6685,1.3734,0.5443,4.0000,354.30,225.54,0.0000,0.0000
90.600,7,10,0,39.4387,144.8380,0.7969,0.1614,1.1326,1.1440,7,1,3.00,40.9310,151.8395,7.1587,1.3850,1.5555,7.7160,1.3779,0.5810,4.0000,554.58,390.66,0.0000,0.0000
90.700,7,10,0,39.4795,144.9579,0.7680,0.2522,1.1579,1.1850,7,1,3.00,40.9310,151.8395,7.0330,1.3461,1.5555,7.7775,1.3841,0.6161,4.0000,775.30,567.08,0.0000,0.0000
90.800,7,10,0,39.5073,145.0228,0.7367,0.3087,1.1761,1.2159,7,1,3.00,40.9310,151.8395,6.9637,1.3193,1.5555,7.8238,1.3885,0.6518,4.0000,771.19,567.17,0.0000,0.0000
90.900,7,10,0,39.5784,145.1595,0.7116,0.4549,1.2453,1.3258,7,1,3.00,40.9310,151.8395,6.8156,1.2503,1.5555,7.9886,1.4003,0.6886,4.0000,807.98,765.04,0.0000,0.0000
91.000,7,10,0,39.6731,145.3108,0.6834,0.6337,1.3423,1.4844,7,1,3.00,40.9310,151.8395,6.6487,1.1579,1.5555,8.2266,1.4157,0.7322,4.0000,847.41,610.03,0.0000,0.0000
91.100,7,10,0,39.7935,145.4767,0.6619,0.8401,1.4565,1.6814,7,1,3.00,40.9310,151.8395,6.4637,1.0401,1.5555,8.5221,1.4341,0.7722,4.0000,647.00,390.28,0.0000,0.0000
91.200,7,10,0,39.9333,145.6514,0.6351,1.0416,1.5609,1.8765,7,1,3.00,40.9310,151.8395,6.2680,0.9029,1.5555,8.8148,1.4534,0.8183,4.0000,428.02,488.24,0.0000,0.0000
91.300,7,10,0,40.0834,145.8259,0.6087,1.2070,1.6266,2.0255,7,1,3.00,40.9310,151.8395,6.0730,0.7555,1.5555,9.0382,1.4721,0.8634,4.0000,250.86,492.54,0.0000,0.0000
91.400,7,10,0,40.1583,145.9084,0.5895,1.2775,1.6449,2.0827,7,1,3.00,40.9310,151.8395,5.9812,0.6819,1.5555,9.1241,1.4809,0.8914,4.0000,32.00,402.72,0.0000,0.0000
91.500,7,10,0,40.3119,146.0696,0.5707,1.3712,1.6323,2.1318,7,1,3.00,40.9310,151.8395,5.8030,0.5307,1.5555,9.1978,1.4979,0.9272,4.0000,-94.74,206.07,0.0000,0.0000
91.600,7,10,0,40.4564,146.2135,0.5581,1.3966,1.5605,2.0942,7,1,3.00,40.9310,151.8395,5.6460,0.3885,1.5555,9.1413,1.5130,0.9549,4.0000,-104.20,-37.19,0.0000,0.0000
91.700,7,10,0,40.5828,146.3362,0.5518,1.3465,1.4384,1.9703,7,1,3.00,40.9310,151.8395,5.5143,0.2640,1.5555,8.9555,1.5260,0.9742,4.0000,-102.37,164.94,0.0000,0.0000
91.800,7,10,0,40.6398,146.3918,0.5467,1.2965,1.3643,1.8821,7,1,3.00,40.9310,151.8395,5.4555,0.2079,1.5555,8.8231,1.5320,0.9853,4.0000,-100.87,384.24,0.0000,0.0000
91.900,7,10,0,40.7403,146.4869,0.5431,1.1906,1.2143,1.7006,7,1,3.00,40.9310,151.8395,5.3560,0.1088,1.5555,8.5509,1.5428,0.9997,4.0000,-175.36,190.70,0.0000,0.0000
92.000,7,10,0,40.7858,146.5274,0.5441,1.1420,1.1403,1.6138,7,1,3.00,40.9310,151.8395,5.3141,0.0640,1.5555,8.4207,1.5479,1.0038,4.0000,46.01,410.80,0.0000,0.0000
92.100,7,10,0,40.8324,146.5671,0.5473,1.0930,1.0648,1.5259,7,1,3.00,40.9310,151.8395,5.2733,0.0179,1.5555,8.2889,1.5533,1.0060,4.0000,60.74,548.57,0.0000,0.0000
92.200,7,10,0,40.9249,146.6395,0.5533,1.0326,0.9419,1.3976,7,1,3.00,40.9310,151.8395,5.2000,-0.0734,1.5555,8.0964,1.5646,1.0113,4.0000,178.85,549.05,0.0000,0.0000
92.300,7,10,0,41.0279,146.7100,0.5622,1.0324,0.8564,1.3414,7,1,3.00,40.9310,151.8395,5.1304,-0.1754,1.5555,8.0121,1.5774,1.0152,4.0000,31.83,585.32,0.0000,0.0000
92.401,7,10,0,41.0824,146.7444,0.5722,1.0531,0.8285,1.3399,7,1,3.00,40.9310,151.8395,5.0973,-0.2293,1.5555,8.0099,1.5841,1.0120,4.0000,-150.45,447.51,0.0000,0.0000
92.500,7,10,0,41.2026,146.8144,0.5862,1.1085,0.7820,1.3565,7,1,3.00,40.9310,151.8395,5.0325,-0.3485,1.5555,8.0348,1.5988,1.0126,4.0000,-370.53,228.06,0.0000,0.0000
92.600,7,10,0,41.2659,146.8484,0.6058,1.1301,0.7565,1.3599,7,1,3.00,40.9310,151.8395,5.0023,-0.4112,1.5555,8.0399,1.6066,1.0008,4.0000,-370.12,228.20,0.0000,0.0000
92.700,7,10,0,41.3834,146.9062,0.6286,1.1455,0.6912,1.3379,7,1,3.00,40.9310,151.8395,4.9540,-0.5278,1.5555,8.0068,1.6213,0.9927,3.9632,-566.60,201.38,0.0000,0.0000
92.801,7,10,0,41.4891,146.9494,0.6535,1.1122,0.5969,1.2623,7,1,3.00,40.9310,151.8395,4.9218,-0.6328,1.5555,7.8934,1.6355,0.9820,3.9374,-369.34,229.17,0.0000,0.0000
92.900,7,10,0,41.5805,146.9745,0.6798,1.0397,0.4710,1.1414,7,1,3.00,40.9310,151.8395,4.9082,-0.7238,1.5555,7.7121,1.6491,0.9693,3.9265,-589.12,248.16,0.0000,0.0000
93.000,7,10,0,41.6204,146.9807,0.7064,0.9980,0.4026,1.0762,7,1,3.00,40.9310,151.8395,4.9075,-0.7636,1.5555,7.6142,1.6555,0.9491,3.9260,-702.79,41.18,0.0000,0.0000
93.100,7,10,0,41.6917,146.9791,0.7471,0.8937,0.2494,0.9278,7,1,3.00,40.9310,151.8395,4.9195,-0.8349,1.5555,7.3917,1.6680,0.9209,3.9356,-712.61,60.01,0.0000,0.0000
93.200,7,10,0,41.7464,146.9569,0.7821,0.7673,0.0769,0.7711,7,1,3.00,40.9310,151.8395,4.9502,-0.8900,1.5555,7.1567,1.6792,0.8971,3.9602,-638.10,23.69,0.0000,0.0000
93.300,7,10,0,41.7868,146.9148,0.8285,0.6347,-0.1050,0.6434,7,1,3.00,40.9310,151.8395,4.9985,-0.9310,1.5555,6.9650,1.6884,0.8599,3.9988,-440.89,270.42,0.0000,0.0000
93.400,7,10,0,41.8039,146.8872,0.8672,0.5736,-0.1903,0.6044,7,1,3.00,40.9310,151.8395,5.0287,-0.9485,1.5555,6.9066,1.6920,0.8248,4.0000,-404.31,366.78,0.0000,0.0000
93.500,7,10,0,41.8366,146.8278,0.9023,0.4850,-0.3358,0.5899,7,1,3.00,40.9310,151.8395,5.0929,-0.9822,1.5555,6.8849,1.6972,0.7949,4.0000,-162.21,164.97,0.0000,0.0000
93.600,7,10,0,41.8532,146.7978,0.9485,0.4569,-0.3937,0.6031,7,1,3.00,40.9310,151.8395,5.1254,-0.9992,1.5555,6.9046,1.6992,0.7507,4.0000,-408.22,-5.11,0.0000,0.0000
93.700,7,10,0,41.8871,146.7352,0.9951,0.4144,-0.4778,0.6325,7,1,3.00,40.9310,151.8395,5.1930,-1.0340,1.5555,6.9487,1.7032,0.7081,4.0000,-602.41,188.07,0.0000,0.0000
93.800,7,10,0,41.9167,146.6667,1.0380,0.3713,-0.5539,0.6668,7,1,3.00,40.9310,151.8395,5.2658,-1.0647,1.5555,7.0002,1.7064,0.6685,4.0000,-509.50,430.45,0.0000,0.0000
93.900,7,10,0,41.9432,146.5900,1.0925,0.3332,-0.6323,0.7147,7,1,3.00,40.9310,151.8395,5.3462,-1.0924,1.5555,7.0720,1.7088,0.6163,4.0000,-728.99,649.22,0.0000,0.0000
94.000,7,10,0,41.9714,146.5080,1.1428,0.3155,-0.7009,0.7687,7,1,3.00,40.9310,151.8395,5.4321,-1.1219,1.5555,7.1530,1.7111,0.5682,4.0000,-695.17,631.73,0.0000,0.0000
94.100,7,10,0,42.0053,146.4237,1.1977,0.3250,-0.7523,0.8195,7,1,3.00,40.9310,151.8395,5.5213,-1.1570,1.5555,7.2292,1.7142,0.5165,4.0000,-695.29,609.61,0.0000,0.0000
94.200,7,10,0,42.0442,146.3377,1.2582,0.3489,-0.7918,0.8653,7,1,3.00,40.9310,151.8395,5.6133,-1.1973,1.5555,7.2979,1.7181,0.4600,4.0000,-500.49,605.56,0.0000,0.0000
94.300,7,10,0,42.0868,146.2545,1.3301,0.3770,-0.8059,0.8897,7,1,3.00,40.9310,151.8395,5.7034,-1.2411,1.5555,7.3346,1.7231,0.3930,4.0000,-315.14,824.30,0.0000,0.0000
94.400,7,10,0,42.1332,146.1846,1.3973,0.4093,-0.7652,0.8678,7,1,3.00,40.9310,151.8395,5.7813,-1.2886,1.5555,7.3016,1.7302,0.3328,4.0000,-198.94,943.17,0.0000,0.0000
94.500,7,10,0,42.1589,146.1577,1.4722,0.4262,-0.7156,0.8329,7,1,3.00,40.9310,151.8395,5.8130,-1.3146,1.5555,7.2494,1.7349,0.2627,4.0000,-418.96,1000.00,0.0000,0.0000
94.600,7,10,0,42.2120,146.1262,1.5432,0.4642,-0.5694,0.7346,7,1,3.00,40.9310,151.8395,5.8551,-1.3682,1.5555,7.1019,1.7458,0.2027,4.0000,-575.99,782.57,0.0000,0.0000
94.700,7,10,0,42.2686,146.1190,1.6236,0.5010,-0.3890,0.6343,7,1,3.00,40.9310,151.8395,5.8748,-1.4250,1.5555,6.9514,1.7577,0.1341,4.0000,-523.77,667.00,0.0000,0.0000
94.800,7,10,0,42.3258,146.1274,1.6897,0.5260,-0.2181,0.5694,7,1,3.00,40.9310,151.8395,5.8799,-1.4820,1.5555,6.8542,1.7684,0.0788,4.0000,-302.83,750.59,0.0000,0.0000
94.900,7,10,0,42.3797,146.1480,1.7728,0.5304,-0.0645,0.5343,7,1,3.00,40.9310,151.8395,5.8730,-1.5356,1.5555,6.8014,1.7776,0.0048,4.0000,-105.06,751.03,0.0000,0.0000
95.000,7,10,0,42.4271,146.1819,1.8546,0.5094,0.0814,0.5159,7,1,3.00,40.9310,151.8395,5.8521,-1.5825,1.5555,6.7738,1.7850,-0.0696,4.0000,60.54,718.94,0.0000,0.0000
95.100,7,10,0,42.4655,146.2302,1.9241,0.4634,0.2269,0.5160,7,1,3.00,40.9310,151.8395,5.8154,-1.6201,1.5555,6.7740,1.7903,-0.1339,4.0000,256.44,875.63,0.0000,0.0000
95.200,7,10,0,42.4801,146.2605,1.9921,0.4316,0.3077,0.5301,7,1,3.00,40.9310,151.8395,5.7901,-1.6342,1.5555,6.7951,1.7915,-0.2005,4.0000,396.25,904.82,0.0000,0.0000
95.300,7,10,0,42.4990,146.3433,2.0548,0.3423,0.4997,0.6057,7,1,3.00,40.9310,151.8395,5.7155,-1.6519,1.5555,6.9085,1.7902,-0.2646,4.0000,562.53,685.49,0.0000,0.0000
95.400,7,10,0,42.4983,146.4575,2.1202,0.2135,0.7357,0.7661,7,1,3.00,40.9310,151.8395,5.6055,-1.6495,1.5555,7.1491,1.7823,-0.3379,4.0000,341.16,466.26,0.0000,0.0000
95.500,7,10,0,42.4745,146.5988,2.1599,0.0477,0.9830,0.9842,7,1,3.00,40.9310,151.8395,5.4632,-1.6234,1.5555,7.4763,1.7693,-0.3906,4.0000,96.35,318.34,0.0000,0.0000
95.600,7,10,0,42.4549,146.6777,2.2087,-0.0372,1.0897,1.0903,7,1,3.00,40.9310,151.8395,5.3821,-1.6026,1.5555,7.6355,1.7624,-0.4463,4.0000,249.38,420.10,0.0000,0.0000
95.700,7,10,0,42.4078,146.8348,2.2414,-0.1939,1.2628,1.2776,7,1,3.00,40.9310,151.8395,5.2181,-1.5532,1.5555,7.9164,1.7492,-0.4922,4.0000,421.56,448.16,0.0000,0.0000
95.800,7,10,0,42.3806,146.9129,2.2772,-0.2686,1.3360,1.3627,7,1,3.00,40.9310,151.8395,5.1354,-1.5248,1.5555,8.0440,1.7428,-0.5344,4.0000,200.18,229.00,0.0000,0.0000
95.900,7,10,0,42.3173,147.0754,2.3097,-0.4008,1.4407,1.4954,7,1,3.00,40.9310,151.8395,4.9617,-1.4590,1.5555,8.2431,1.7307,-0.5790,3.9693,199.15,163.46,0.0000,0.0000
96.000,7,10,0,42.2534,147.2307,2.3389,-0.4863,1.4803,1.5581,7,1,3.00,40.9310,151.8395,4.7948,-1.3928,1.5555,8.3371,1.7210,-0.6178,3.8359,197.17,-56.70,0.0000,0.0000
96.100,7,10,0,42.1928,147.3740,2.3702,-0.5292,1.4624,1.5552,7,1,3.00,40.9310,151.8395,4.6404,-1.3300,1.5555,8.3328,1.7138,-0.6564,3.7123,415.30,-277.05,0.0000,0.0000
96.200,7,10,0,42.1632,147.4418,2.3899,-0.5373,1.4308,1.5283,7,1,3.00,40.9310,151.8395,4.5670,-1.2993,1.5555,8.2925,1.7109,-0.6790,3.6536,321.32,-57.66,0.0000,0.0000
96.300,7,10,0,42.1068,147.5624,2.4038,-0.5468,1.3485,1.4551,7,1,3.00,40.9310,151.8395,4.4358,-1.2411,1.5555,8.1827,1.7060,-0.6978,3.5486,541.23,161.29,0.0000,0.0000
96.400,7,10,0,42.0466,147.6753,2.4135,-0.5669,1.2693,1.3901,7,1,3.00,40.9310,151.8395,4.3110,-1.1792,1.5555,8.0851,1.7003,-0.7131,3.4488,692.24,380.16,0.0000,0.0000
96.500,7,10,0,42.0132,147.7310,2.4172,-0.5926,1.2474,1.3810,7,1,3.00,40.9310,151.8395,4.2486,-1.1450,1.5555,8.0715,1.6964,-0.7208,3.3989,609.13,598.97,0.0000,0.0000
96.600,7,10,0,41.9316,147.8536,2.4185,-0.6759,1.2419,1.4140,7,1,3.00,40.9310,151.8395,4.1096,-1.0615,1.5555,8.1209,1.6855,-0.7330,3.2877,625.25,763.96,0.0000,0.0000
96.700,7,10,0,41.8294,147.9916,2.4185,-0.8043,1.2949,1.5244,7,1,3.00,40.9310,151.8395,3.9514,-0.9571,1.5555,8.2866,1.6705,-0.7480,3.1611,745.33,942.46,0.0000,0.0000
96.800,7,10,0,41.7676,148.0697,2.4183,-0.8809,1.3363,1.6005,7,1,3.00,40.9310,151.8395,3.8615,-0.8942,1.5555,8.4008,1.6616,-0.7567,3.0892,607.48,868.12,0.0000,0.0000
96.900,7,10,0,41.6299,148.2355,2.4208,-1.0606,1.4529,1.7988,7,1,3.00,40.9310,151.8395,3.6711,-0.7540,1.5555,8.6982,1.6420,-0.7788,2.9369,533.31,847.26,0.0000,0.0000
97.000,7,10,0,41.4751,148.4151,2.4272,-1.2365,1.5765,2.0035,7,1,3.00,40.9310,151.8395,3.4674,-0.5965,1.5555,9.0053,1.6216,-0.8056,2.7739,639.45,926.03,0.0000,0.0000
97.100,7,10,0,41.3099,148.6045,2.4351,-1.3863,1.6909,2.1866,7,1,3.00,40.9310,151.8395,3.2571,-0.4283,1.5555,9.2798,1.6016,-0.8335,2.6057,642.65,963.75,0.0000,0.0000
97.200,7,10,0,41.2270,148.6994,2.4460,-1.4545,1.7480,2.2740,7,1,3.00,40.9310,151.8395,3.1541,-0.3440,1.5555,9.4110,1.5920,-0.8540,2.5232,562.52,816.31,0.0000,0.0000
97.300,8,10,0,41.0512,148.8991,2.4608,-1.5657,1.8393,2.4154,8,1,3.00,30.1912,170.1700,2.9429,-0.1652,1.5555,9.6232,1.5727,-0.8881,2.3543,561.45,573.28,0.0000,0.0000
97.400,8,10,0,40.8731,149.0986,2.4747,-1.6439,1.8960,2.5095,8,1,3.00,30.1912,170.1700,23.6243,1.4355,2.1008,9.7642,1.9548,-0.5199,4.0000,553.18,383.28,0.0000,0.0000
97.500,8,10,0,40.6982,149.2913,2.4900,-1.6822,1.9070,2.5430,8,1,3.00,30.1912,170.1700,23.3735,1.4890,2.1008,9.8144,1.9502,-0.5398,4.0000,431.22,163.15,0.0000,0.0000
97.600,8,10,0,40.5291,149.4734,2.5031,-1.6850,1.8756,2.5213,8,1,3.00,30.1912,170.1700,23.1349,1.5428,2.1008,9.7820,1.9443,-0.5587,4.0000,370.69,-67.35,0.0000,0.0000
97.700,8,10,0,40.4462,149.5618,2.5097,-1.6669,1.8404,2.4830,8,1,3.00,30.1912,170.1700,23.0188,1.5697,2.1008,9.7246,1.9407,-0.5690,4.0000,146.41,-28.44,0.0000,0.0000
97.800,8,10,0,40.2960,149.7209,2.5168,-1.6062,1.7491,2.3747,8,1,3.00,30.1912,170.1700,22.8095,1.6189,2.1008,9.5621,1.9331,-0.5837,4.0000,-69.31,-259.14,0.0000,0.0000
97.900,8,10,0,40.1648,149.8613,2.5188,-1.4984,1.6233,2.2091,8,1,3.00,30.1912,170.1700,22.6256,1.6611,2.1008,9.3137,1.9243,-0.5945,4.0000,140.54,-28.16,0.0000,0.0000
98.000,8,10,0,40.0530,149.9816,2.5209,-1.3600,1.4704,2.0030,8,1,3.00,30.1912,170.1700,22.4684,1.6967,2.1008,9.0044,1.9145,-0.6063,4.0000,146.28,-69.52,0.0000,0.0000
98.100,8,10,0,40.0031,150.0348,2.5195,-1.2959,1.3981,1.9063,8,1,3.00,30.1912,170.1700,22.3987,1.7128,2.1008,8.8595,1.9098,-0.6097,4.0000,140.96,-197.02,0.0000,0.0000
98.200,8,10,0,39.9093,150.1359,2.5149,-1.1663,1.2577,1.7153,8,1,3.00,30.1912,170.1700,22.2667,1.7427,2.1008,8.5729,1.9002,-0.6147,4.0000,-5.37,-143.88,0.0000,0.0000
98.300,8,10,0,39.8275,150.2246,2.5088,-1.0394,1.1228,1.5301,8,1,3.00,30.1912,170.1700,22.1513,1.7684,2.1008,8.2951,1.8907,-0.6181,4.0000,-91.11,17.58,0.0000,0.0000
98.400,8,10,0,39.7571,150.3024,2.5008,-0.9179,0.9979,1.3559,8,1,3.00,30.1912,170.1700,22.0506,1.7898,2.1008,8.0338,1.8816,-0.6193,4.0000,-310.63,17.79,0.0000,0.0000
98.500,8,10,0,39.6949,150.3727,2.4943,-0.8105,0.8914,1.2048,8,1,3.00,30.1912,170.1700,21.9603,1.8080,2.1008,7.8072,1.8732,-0.6211,4.0000,-83.56,-9.75,0.0000,0.0000
98.600,8,10,0,39.6426,150.4362,2.4906,-0.7064,0.7984,1.0661,8,1,3.00,30.1912,170.1700,21.8804,1.8211,2.1008,7.5991,1.8656,-0.6250,4.0000,137.55,56.84,0.0000,0.0000
98.700,8,10,0,39.6175,150.4668,2.4890,-0.6614,0.7567,1.0050,8,1,3.00,30.1912,170.1700,21.8420,1.8271,2.1008,7.5075,1.8620,-0.6270,4.0000,357.77,-124.32,0.0000,0.0000
98.800,8,10,0,39.5698,150.5256,2.4867,-0.5949,0.6956,0.9153,8,1,3.00,30.1912,170.1700,21.7684,1.8386,2.1008,7.3730,1.8564,-0.6303,4.0000,131.39,1.18,0.0000,0.0000
98.900,8,10,0,39.5217,150.5818,2.4825,-0.5538,0.6470,0.8517,8,1,3.00,30.1912,170.1700,21.6970,1.8517,2.1008,7.2775,1.8516,-0.6309,4.0000,352.23,221.25,0.0000,0.0000
99.000,8,10,0,39.4707,150.6364,2.4771,-0.5382,0.6106,0.8140,8,1,3.00,30.1912,170.1700,21.6258,1.8681,2.1008,7.2210,1.8476,-0.6295,4.0000,385.13,166.84,0.0000,0.0000
99.100,8,10,0,39.4101,150.6946,2.4667,-0.5633,0.6007,0.8235,8,1,3.00,30.1912,170.1700,21.5471,1.8910,2.1008,7.2352,1.8451,-0.6215,4.0000,187.52,166.94,0.0000,0.0000
99.200,8,10,0,39.3775,150.7244,2.4566,-0.5866,0.6046,0.8424,8,1,3.00,30.1912,170.1700,21.5063,1.9041,2.1008,7.2636,1.8444,-0.6122,4.0000,-25.71,-68.98,0.0000,0.0000
99.300,8,10,0,39.3071,150.7886,2.4485,-0.6294,0.6187,0.8825,8,1,3.00,30.1912,170.1700,21.4182,1.9324,2.1008,7.3238,1.8428,-0.6057,4.0000,-34.03,-53.08,0.0000,0.0000
99.400,8,10,0,39.2389,150.8517,2.4381,-0.6481,0.6230,0.8990,8,1,3.00,30.1912,170.1700,21.3321,1.9593,2.1008,7.3485,1.8402,-0.5979,4.0000,14.13,-128.13,0.0000,0.0000
99.500,8,10,0,39.2060,150.8820,2.4288,-0.6450,0.6150,0.8912,8,1,3.00,30.1912,170.1700,21.2907,1.9724,2.1008,7.3367,1.8382,-0.5907,4.0000,234.46,-128.35,0.0000,0.0000
99.600,8,10,0,39.1461,150.9345,2.4191,-0.6280,0.5819,0.8562,8,1,3.00,30.1912,170.1700,21.2178,1.9975,2.1008,7.2843,1.8331,-0.5860,4.0000,455.37,90.87,0.0000,0.0000
99.700,8,10,0,39.1179,150.9577,2.4079,-0.6200,0.5623,0.8370,8,1,3.00,30.1912,170.1700,21.1849,2.0101,2.1008,7.2555,1.8305,-0.5774,4.0000,234.86,-30.35,0.0000,0.0000
99.800,8,10,0,39.0583,151.0054,2.3952,-0.6119,0.5320,0.8109,8,1,3.00,30.1912,170.1700,21.1165,2.0374,2.1008,7.2163,1.8256,-0.5696,4.0000,14.45,-166.96,0.0000,0.0000
99.900,8,10,0,39.0011,151.0516,2.3814,-0.5970,0.5065,0.7829,8,1,3.00,30.1912,170.1700,21.0506,2.0634,2.1008,7.1744,1.8207,-0.5607,4.0000,-51.29,-362.35,0.0000,0.0000
100.000,8,10,0,38.9501,151.0903,2.3631,-0.5649,0.4622,0.7299,8,1,3.00,30.1912,170.1700,20.9942,2.0878,2.1008,7.0948,1.8146,-0.5485,4.0000,-271.14,-332.41,0.0000,0.0000
100.100,8,10,0,38.9271,151.1056,2.3476,-0.5404,0.4288,0.6899,8,1,3.00,30.1912,170.1700,20.9706,2.0999,2.1008,7.0348,1.8107,-0.5369,4.0000,-491.10,-333.72,0.0000,0.0000
100.200,8,10,0,38.8924,151.1236,2.3325,-0.4696,0.3381,0.5786,8,1,3.00,30.1912,170.1700,20.9398,2.1207,2.1008,6.8679,1.8013,-0.5312,4.0000,-474.57,-334.01,0.0000,0.0000
100.300,8,10,0,38.8818,151.1264,2.3193,-0.4201,0.2818,0.5058,8,1,3.00,30.1912,170.1700,20.9329,2.1286,2.1008,6.7587,1.7957,-0.5236,4.0000,-406.04,-554.46,0.0000,0.0000
100.400,8,10,0,38.8755,151.1182,2.3058,-0.2884,0.1479,0.3241,8,1,3.00,30.1912,170.1700,20.9378,2.1381,2.1008,6.4862,1.7824,-0.5234,4.0000,-194.40,-756.42,0.0000,0.0000
100.500,8,10,0,38.8931,151.0857,2.2955,-0.1179,-0.0259,0.1207,8,1,3.00,30.1912,170.1700,20.9746,2.1393,2.1008,6.1810,1.7676,-0.5280,4.0000,26.52,-665.28,0.0000,0.0000
100.600,8,10,0,38.9303,151.0261,2.2829,0.0605,-0.2352,0.2429,8,1,3.00,30.1912,170.1700,21.0443,2.1374,2.1008,6.3643,1.7768,-0.5061,4.0000,247.02,-444.74,0.0000,0.0000
100.700,8,10,0,38.9765,150.9465,2.2614,0.2055,-0.4390,0.4847,8,1,3.00,30.1912,170.1700,21.1358,2.1378,2.1008,6.7271,1.7931,-0.4683,4.0000,467.23,-224.31,0.0000,0.0000
100.800,8,10,0,38.9997,150.9028,2.2396,0.2539,-0.5195,0.5782,8,1,3.00,30.1912,170.1700,21.1853,2.1398,2.1008,6.8674,1.7987,-0.4409,4.0000,494.48,-164.79,0.0000,0.0000
100.900,8,10,0,39.0367,150.8225,2.2143,0.2949,-0.6203,0.6868,8,1,3.00,30.1912,170.1700,21.2737,2.1484,2.1008,7.0303,1.8042,-0.4101,4.0000,529.47,-254.00,0.0000,0.0000
101.000,8,10,0,39.0593,150.7549,2.1779,0.2688,-0.6396,0.6938,8,1,3.00,30.1912,170.1700,21.3446,2.1632,2.1008,7.0407,1.8027,-0.3752,4.0000,377.11,-52.36,0.0000,0.0000
101.100,8,10,0,39.0664,150.7039,2.1401,0.1966,-0.5916,0.6234,8,1,3.00,30.1912,170.1700,21.3940,2.1829,2.1008,6.9351,1.7958,-0.3443,4.0000,440.89,186.00,0.0000,0.0000
101.200,8,10,0,39.0644,150.6865,2.1038,0.1491,-0.5457,0.5657,8,1,3.00,30.1912,170.1700,21.4090,2.1933,2.1008,6.8486,1.7908,-0.3129,4.0000,424.20,273.25,0.0000,0.0000
101.300,8,10,0,39.0512,150.6684,2.0674,0.0463,-0.4115,0.4141,8,1,3.00,30.1912,170.1700,21.4200,2.2139,2.1008,6.6211,1.7781,-0.2893,4.0000,510.25,111.32,0.0000,0.0000
101.400,8,10,0,39.0284,150.6726,2.0334,-0.0538,-0.2452,0.2511,8,1,3.00,30.1912,170.1700,21.4067,2.2315,2.1008,6.3766,1.7642,-0.2693,4.0000,501.38,26.00,0.0000,0.0000
101.500,8,10,0,38.9982,150.6935,2.0018,-0.1440,-0.0798,0.1646,8,1,3.00,30.1912,170.1700,21.3752,2.2469,2.1008,6.2470,1.7555,-0.2463,4.0000,510.96,94.56,0.0000,0.0000
101.600,8,10,0,38.9611,150.7267,1.9677,-0.2272,0.0701,0.2377,8,1,3.00,30.1912,170.1700,21.3297,2.2622,2.1008,6.3566,1.7589,-0.2088,4.0000,455.81,333.13,0.0000,0.0000
101.700,8,10,0,38.9162,150.7747,1.9307,-0.3082,0.2204,0.3789,8,1,3.00,30.1912,170.1700,21.2675,2.2767,2.1008,6.5684,1.7671,-0.1636,4.0000,476.24,349.20,0.0000,0.0000
101.800,8,10,0,38.8655,150.8414,1.8979,-0.3809,0.3843,0.5411,8,1,3.00,30.1912,170.1700,21.1858,2.2867,2.1008,6.8116,1.7769,-0.1210,4.0000,466.57,146.49,0.0000,0.0000
101.900,8,10,0,38.8370,150.8837,1.8662,-0.4141,0.4700,0.6264,8,1,3.00,30.1912,170.1700,21.1356,2.2899,2.1008,6.9396,1.7821,-0.0842,4.0000,415.77,-91.28,0.0000,0.0000
102.000,8,10,0,38.7786,150.9770,1.8351,-0.4753,0.6371,0.7949,8,1,3.00,30.1912,170.1700,21.0266,2.2931,2.1008,7.1923,1.7921,-0.0430,4.0000,414.91,-92.39,0.0000,0.0000
102.100,8,10,0,38.7171,151.0795,1.8006,-0.5258,0.7771,0.9382,8,1,3.00,30.1912,170.1700,20.9079,2.2944,2.1008,7.4073,1.8004,-0.0002,4.0000,626.13,-133.02,0.0000,0.0000
102.200,8,10,0,38.6524,151.1882,1.7689,-0.5694,0.8889,1.0556,8,1,3.00,30.1912,170.1700,20.7822,2.2952,2.1008,7.5835,1.8069,0.0380,4.0000,853.60,-238.23,0.0000,0.0000
102.300,8,10,0,38.5836,151.3010,1.7291,-0.6121,0.9747,1.1509,8,1,3.00,30.1912,170.1700,20.6513,2.2976,2.1008,7.7264,1.8117,0.0827,4.0000,848.65,-212.97,0.0000,0.0000
102.400,8,10,0,38.5103,151.4187,1.6921,-0.6557,1.0476,1.2359,8,1,3.00,30.1912,170.1700,20.5139,2.3013,2.1008,7.8539,1.8157,0.1236,4.0000,997.60,-418.77,0.0000,0.0000
102.500,8,10,0,38.4333,151.5419,1.6393,-0.6972,1.1140,1.3142,8,1,3.00,30.1912,170.1700,20.3701,2.3055,2.1008,7.9712,1.8192,0.1799,4.0000,991.66,-344.91,0.0000,0.0000
102.600,8,10,0,38.3515,151.6709,1.5780,-0.7406,1.1776,1.3912,8,1,3.00,30.1912,170.1700,20.2190,2.3108,2.1008,8.0867,1.8224,0.2444,4.0000,865.34,-124.90,0.0000,0.0000
102.700,8,10,0,38.2671,151.8109,1.5101,-0.7777,1.2584,1.4793,8,1,3.00,30.1912,170.1700,20.0568,2.3129,2.1008,8.2190,1.8265,0.3163,4.0000,934.10,-201.09,0.0000,0.0000
102.800,8,10,0,38.1840,151.9651,1.4452,-0.7965,1.3608,1.5767,8,1,3.00,30.1912,170.1700,19.8823,2.3066,2.1008,8.3651,1.8317,0.3865,4.0000,925.62,-162.96,0.0000,0.0000
102.900,8,10,0,38.1447,152.0441,1.3813,-0.8010,1.4179,1.6285,8,1,3.00,30.1912,170.1700,19.7941,2.3006,2.1008,8.4428,1.8347,0.4534,4.0000,838.03,-91.23,0.0000,0.0000
103.000,8,10,0,38.0676,152.2157,1.3221,-0.7897,1.5278,1.7198,8,1,3.00,30.1912,170.1700,19.6060,2.2804,2.1008,8.5797,1.8410,0.5189,4.0000,617.78,73.62,0.0000,0.0000
103.100,8,10,0,37.9983,152.3971,1.2629,-0.7540,1.6328,1.7985,8,1,3.00,30.1912,170.1700,19.4121,2.2484,2.1008,8.6977,1.8478,0.5849,4.0000,582.34,11.97,0.0000,0.0000
103.200,8,10,0,37.9385,152.5835,1.1913,-0.6970,1.7173,1.8534,8,1,3.00,30.1912,170.1700,19.2174,2.2058,2.1008,8.7800,1.8546,0.6633,4.0000,354.81,247.25,0.0000,0.0000
103.300,8,10,0,37.9114,152.6799,1.1374,-0.6619,1.7447,1.8660,8,1,3.00,30.1912,170.1700,19.1182,2.1805,2.1008,8.7991,1.8579,0.7205,4.0000,135.42,467.10,0.0000,0.0000
103.400,8,10,0,37.8676,152.8662,1.0945,-0.5803,1.7865,1.8784,8,1,3.00,30.1912,170.1700,18.9302,2.1241,2.1008,8.8176,1.8644,0.7699,4.0000,122.40,455.18,0.0000,0.0000
103.500,8,10,0,37.8512,152.9554,1.0478,-0.5326,1.8012,1.8783,8,1,3.00,30.1912,170.1700,18.8419,2.0931,2.1008,8.8175,1.8677,0.8199,4.0000,-97.42,545.96,0.0000,0.0000
103.600,8,10,0,37.8267,153.1360,1.0147,-0.4278,1.8031,1.8531,8,1,3.00,30.1912,170.1700,18.6670,2.0230,2.1008,8.7797,1.8743,0.8597,4.0000,-316.43,765.81,0.0000,0.0000
103.700,8,10,0,37.8146,153.3095,0.9900,-0.3154,1.7784,1.8062,8,1,3.00,30.1912,170.1700,18.5039,1.9457,2.1008,8.7092,1.8810,0.8910,4.0000,-466.60,959.06,0.0000,0.0000
103.800,8,10,0,37.8169,153.4749,0.9735,-0.1915,1.7335,1.7440,8,1,3.00,30.1912,170.1700,18.3543,1.8601,2.1008,8.6160,1.8882,0.9146,4.0000,-615.60,767.64,0.0000,0.0000
103.900,8,10,0,37.8235,153.5559,0.9736,-0.1279,1.6982,1.7030,8,1,3.00,30.1912,170.1700,18.2834,1.8135,2.1008,8.5545,1.8919,0.9182,4.0000,-556.23,962.05,0.0000,0.0000
104.000,8,10,0,37.8449,153.7034,0.9855,-0.0040,1.6169,1.6169,8,1,3.00,30.1912,170.1700,18.1584,1.7204,2.1008,8.4254,1.8994,0.9139,4.0000,-649.87,1000.00,0.0000,0.0000
104.100,8,10,0,37.8789,153.8406,1.0087,0.1205,1.5275,1.5323,8,1,3.00,30.1912,170.1700,18.0486,1.6218,2.1008,8.2984,1.9078,0.8991,4.0000,-635.99,1000.00,0.0000,0.0000
104.200,8,10,0,37.8994,153.9036,1.0478,0.1816,1.4845,1.4956,8,1,3.00,30.1912,170.1700,18.0004,1.5723,2.1008,8.2434,1.9123,0.8645,4.0000,-635.66,948.97,0.0000,0.0000
104.300,8,10,0,37.9488,154.0283,1.0983,0.2956,1.3993,1.4302,8,1,3.00,30.1912,170.1700,17.9091,1.4666,2.1008,8.1452,1.9226,0.8243,4.0000,-659.32,910.69,0.0000,0.0000
104.400,8,10,0,38.0056,154.1465,1.1568,0.3948,1.3205,1.3783,8,1,3.00,30.1912,170.1700,17.8275,1.3578,2.1008,8.0674,1.9340,0.7772,4.0000,-840.12,1000.00,0.0000,0.0000
104.500,8,10,0,38.0683,154.2576,1.2249,0.4797,1.2449,1.3341,8,1,3.00,30.1912,170.1700,17.7554,1.2475,2.1008,8.0012,1.9461,0.7212,4.0000,-785.82,999.71,0.0000,0.0000
104.600,8,10,0,38.1375,154.3632,1.3076,0.5572,1.1770,1.3022,8,1,3.00,30.1912,170.1700,17.6918,1.1345,2.1008,7.9533,1.9591,0.6515,4.0000,-839.27,1000.00,0.0000,0.0000
104.700,8,10,0,38.1752,154.4167,1.3897,0.5910,1.1473,1.2905,8,1,3.00,30.1912,170.1700,17.6611,1.0749,2.1008,7.9358,1.9662,0.5764,4.0000,-765.46,850.77,0.0000,0.0000
104.800,8,10,0,38.2514,154.5193,1.4735,0.6524,1.1033,1.2818,8,1,3.00,30.1912,170.1700,17.6043,0.9573,2.1008,7.9226,1.9805,0.5071,4.0000,-559.35,727.63,0.0000,0.0000
104.900,8,10,0,38.3286,154.6207,1.5703,0.6953,1.0708,1.2767,8,1,3.00,30.1912,170.1700,17.5499,0.8394,2.1008,7.9151,1.9951,0.4248,4.0000,-570.17,821.28,0.0000,0.0000
105.000,8,10,0,38.4043,154.7235,1.6559,0.7172,1.0554,1.2760,8,1,3.00,30.1912,170.1700,17.4943,0.7221,2.1008,7.9140,2.0098,0.3539,4.0000,-364.65,788.38,0.0000,0.0000
105.100,8,10,0,38.4780,154.8318,1.7319,0.7238,1.0656,1.2882,8,1,3.00,30.1912,170.1700,17.4337,0.6038,2.1008,7.9322,2.0248,0.2929,4.0000,-144.86,568.65,0.0000,0.0000
105.200,8,10,0,38.5467,154.9484,1.8255,0.7100,1.1020,1.3109,8,1,3.00,30.1912,170.1700,17.3641,0.4856,2.1008,7.9663,2.0399,0.2144,4.0000,91.04,544.79,0.0000,0.0000
105.300,8,10,0,38.5771,155.0080,1.9030,0.6945,1.1301,1.3264,8,1,3.00,30.1912,170.1700,17.3266,0.4292,2.1008,7.9897,2.0471,0.1441,4.0000,185.09,787.03,0.0000,0.0000
105.400,8,10,0,38.6308,155.1400,1.9817,0.6366,1.2009,1.3592,8,1,3.00,30.1912,170.1700,17.2374,0.3162,2.1008,8.0388,2.0615,0.0797,4.0000,241.27,677.85,0.0000,0.0000
105.500,8,10,0,38.6709,155.2893,2.0544,0.5502,1.3096,1.4205,8,1,3.00,30.1912,170.1700,17.1272,0.2060,2.1008,8.1307,2.0754,0.0210,4.0000,154.19,436.44,0.0000,0.0000
105.600,8,10,0,38.6957,155.4546,2.1081,0.4393,1.4356,1.5013,8,1,3.00,30.1912,170.1700,16.9962,0.1011,2.1008,8.2519,2.0885,-0.0196,4.0000,-28.17,217.37,0.0000,0.0000
105.700,8,10,0,38.7080,155.6257,2.1625,0.3244,1.5359,1.5698,8,1,3.00,30.1912,170.1700,16.8545,0.0040,2.1008,8.3547,2.1003,-0.0622,4.0000,-212.34,66.74,0.0000,0.0000
105.800,8,10,0,38.7153,155.7903,2.2251,0.2337,1.5747,1.5919,8,1,3.00,30.1912,170.1700,16.7164,-0.0855,2.1008,8.3879,2.1110,-0.1141,4.0000,-94.37,67.16,0.0000,0.0000
105.900,8,10,0,38.7221,155.9416,2.2720,0.1742,1.5516,1.5614,8,1,3.00,30.1912,170.1700,16.5899,-0.1679,2.1008,8.3421,2.1209,-0.1511,4.0000,-33.23,-174.28,0.0000,0.0000
106.000,8,10,0,38.7309,156.0772,2.3162,0.1438,1.4796,1.4866,8,1,3.00,30.1912,170.1700,16.4783,-0.2440,2.1008,8.2298,2.1304,-0.1858,4.0000,-50.08,-371.57,0.0000,0.0000
106.100,8,10,0,38.7455,156.1925,2.3505,0.1459,1.3598,1.3676,8,1,3.00,30.1912,170.1700,16.3874,-0.3149,2.1008,8.0514,2.1399,-0.2106,4.0000,-33.75,-492.28,0.0000,0.0000
106.200,8,10,0,38.7708,156.2843,2.3805,0.1861,1.1981,1.2124,8,1,3.00,30.1912,170.1700,16.3225,-0.3832,2.1008,7.8186,2.1497,-0.2307,4.0000,186.58,-566.96,0.0000,0.0000
106.300,8,10,0,38.7874,156.3226,2.3993,0.2125,1.1055,1.1257,8,1,3.00,30.1912,170.1700,16.2987,-0.4168,2.1008,7.6886,2.1549,-0.2444,4.0000,397.15,-758.74,0.0000,0.0000
106.400,8,10,0,38.8231,156.3820,2.4088,0.2647,0.9199,0.9572,8,1,3.00,30.1912,170.1700,16.2672,-0.4776,2.1008,7.4359,2.1649,-0.2439,4.0000,600.06,-799.48,0.0000,0.0000
106.500,8,10,0,38.8598,156.4227,2.4076,0.3014,0.7341,0.7936,8,1,3.00,30.1912,170.1700,16.2522,-0.5299,2.1008,7.1903,2.1743,-0.2333,4.0000,442.55,-845.25,0.0000,0.0000
106.600,8,10,0,38.8934,156.4467,2.3882,0.3136,0.5550,0.6375,8,1,3.00,30.1912,170.1700,16.2499,-0.5710,2.1008,6.9562,2.1827,-0.2055,4.0000,584.16,-667.79,0.0000,0.0000
106.700,8,10,0,38.9238,156.4555,2.3628,0.3096,0.3863,0.4951,8,1,3.00,30.1912,170.1700,16.2587,-0.6017,2.1008,6.7427,2.1898,-0.1730,4.0000,797.01,-447.67,0.0000,0.0000
106.800,8,10,0,38.9358,156.4568,2.3338,0.2976,0.3144,0.4329,8,1,3.00,30.1912,170.1700,16.2641,-0.6127,2.1008,6.6493,2.1927,-0.1412,4.0000,796.77,-447.98,0.0000,0.0000
106.900,8,10,0,38.9504,156.4600,2.2944,0.2413,0.2132,0.3220,8,1,3.00,30.1912,170.1700,16.2693,-0.6269,2.1008,6.4829,2.1972,-0.0972,4.0000,599.48,-581.95,0.0000,0.0000
107.000,8,10,0,38.9530,156.4649,2.2375,0.1627,0.1540,0.2240,8,1,3.00,30.1912,170.1700,16.2666,-0.6316,2.1008,6.3360,2.2001,-0.0373,4.0000,396.32,-390.31,0.0000,0.0000
107.100,8,10,0,38.9516,156.4673,2.1940,0.1246,0.1325,0.1819,8,1,3.00,30.1912,170.1700,16.2637,-0.6316,2.1008,6.2728,2.2011,0.0071,4.0000,252.14,-400.09,0.0000,0.0000
107.200,8,10,0,38.9461,156.4720,2.1436,0.0600,0.1018,0.1181,8,1,3.00,30.1912,170.1700,16.2568,-0.6293,2.1008,6.1772,2.2023,0.0587,4.0000,271.36,-184.38,0.0000,0.0000
107.300,8,10,0,38.9431,156.4737,2.0942,0.0352,0.0885,0.0953,8,1,3.00,30.1912,170.1700,16.2537,-0.6275,2.1008,6.1429,2.2026,0.1084,4.0000,163.90,35.30,0.0000,0.0000
107.400,8,10,0,38.9355,156.4787,2.0470,-0.0050,0.0749,0.0751,8,1,3.00,30.1912,170.1700,16.2455,-0.6235,2.1008,6.1126,2.2024,0.1554,4.0000,256.06,180.40,0.0000,0.0000
107.500,8,10,0,38.9257,156.4904,1.9985,-0.0388,0.0916,0.0995,8,1,3.00,30.1912,170.1700,16.2303,-0.6210,2.1008,6.1493,2.2014,0.2029,4.0000,52.39,310.75,0.0000,0.0000
107.600,8,10,0,38.9202,156.5003,1.9545,-0.0523,0.1115,0.1231,8,1,3.00,30.1912,170.1700,16.2190,-0.6212,2.1008,6.1847,2.2009,0.2464,4.0000,-183.55,325.19,0.0000,0.0000
107.700,8,10,0,38.9107,156.5268,1.9210,-0.0673,0.1673,0.1803,8,1,3.00,30.1912,170.1700,16.1916,-0.6265,2.1008,6.2704,2.2004,0.2793,4.0000,-271.29,80.54,0.0000,0.0000
107.800,8,10,0,38.9043,156.5571,1.8976,-0.0662,0.2158,0.2257,8,1,3.00,30.1912,170.1700,16.1626,-0.6362,2.1008,6.3386,2.2008,0.3032,4.0000,-271.30,-11.04,0.0000,0.0000
107.901,8,10,0,38.9026,156.5700,1.8803,-0.0598,0.2262,0.2340,8,1,3.00,30.1912,170.1700,16.1509,-0.6412,2.1008,6.3510,2.2014,0.3211,4.0000,-50.05,208.36,0.0000,0.0000
108.000,8,10,0,38.9016,156.5909,1.8680,-0.0418,0.2195,0.2234,8,1,3.00,30.1912,170.1700,16.1327,-0.6509,2.1008,6.3352,2.2032,0.3352,4.0000,69.72,368.64,0.0000,0.0000
108.100,8,10,0,38.9022,156.6122,1.8590,-0.0243,0.2180,0.2194,8,1,3.00,30.1912,170.1700,16.1151,-0.6622,2.1008,6.3291,2.2050,0.3461,4.0000,69.63,198.90,0.0000,0.0000
108.200,8,10,0,38.9040,156.6404,1.8540,-0.0090,0.2420,0.2422,8,1,3.00,30.1912,170.1700,16.0924,-0.6780,2.1008,6.3632,2.2069,0.3530,4.0000,53.25,233.22,0.0000,0.0000
108.300,8,10,0,38.9053,156.6756,1.8528,-0.0010,0.2830,0.2830,8,1,3.00,30.1912,170.1700,16.0635,-0.6970,2.1008,6.4245,2.2089,0.3561,4.0000,291.51,227.34,0.0000,0.0000
108.400,8,10,0,38.9047,156.6975,1.8512,-0.0032,0.3105,0.3105,8,1,3.00,30.1912,170.1700,16.0448,-0.7075,2.1008,6.4658,2.2098,0.3586,4.0000,493.71,274.31,0.0000,0.0000
108.500,8,10,0,38.8976,156.7514,1.8514,-0.0282,0.3937,0.3948,8,1,3.00,30.1912,170.1700,15.9957,-0.7286,2.1008,6.5921,2.2109,0.3595,4.0000,732.04,99.98,0.0000,0.0000
108.600,8,10,0,38.8802,156.8253,1.8498,-0.0815,0.5194,0.5258,8,1,3.00,30.1912,170.1700,15.9242,-0.7510,2.1008,6.7887,2.2110,0.3612,4.0000,951.51,-38.79,0.0000,0.0000
108.700,8,10,0,38.8514,156.9202,1.8416,-0.1566,0.6753,0.6932,8,1,3.00,30.1912,170.1700,15.8290,-0.7741,2.1008,7.0398,2.2103,0.3687,4.0000,1000.00,-229.63,0.0000,0.0000
108.800,8,10,0,38.8100,157.0339,1.8224,-0.2498,0.8419,0.8782,8,1,3.00,30.1912,170.1700,15.7112,-0.7959,2.1008,7.3173,2.2091,0.3867,4.0000,877.19,-179.51,0.0000,0.0000
108.900,8,10,0,38.7855,157.0939,1.7979,-0.3019,0.9236,0.9717,8,1,3.00,30.1912,170.1700,15.6476,-0.8051,2.1008,7.4575,2.2083,0.4104,4.0000,680.67,40.79,0.0000,0.0000
109.000,8,10,0,38.7279,157.2251,1.7635,-0.4019,1.0656,1.1389,8,1,3.00,30.1912,170.1700,15.5063,-0.8217,2.1008,7.7083,2.2070,0.4435,4.0000,478.02,-67.14,0.0000,0.0000
109.100,8,10,0,38.6657,157.3632,1.7282,-0.4819,1.1802,1.2748,8,1,3.00,30.1912,170.1700,15.3568,-0.8378,2.1008,7.9122,2.2063,0.4781,4.0000,257.71,-66.50,0.0000,0.0000
109.200,8,10,0,38.6042,157.4984,1.6856,-0.5296,1.2418,1.3500,8,1,3.00,30.1912,170.1700,15.2102,-0.8531,2.1008,8.0250,2.2067,0.5211,4.0000,167.55,136.79,0.0000,0.0000
109.300,8,10,0,38.5740,157.5647,1.6452,-0.5400,1.2484,1.3602,8,1,3.00,30.1912,170.1700,15.1382,-0.8606,2.1008,8.0403,2.2074,0.5622,4.0000,388.33,340.14,0.0000,0.0000
109.400,8,10,0,38.5191,157.6901,1.6085,-0.5427,1.2500,1.3627,8,1,3.00,30.1912,170.1700,15.0034,-0.8766,2.1008,8.0441,2.2093,0.6008,4.0000,512.95,317.42,0.0000,0.0000
109.500,8,10,0,38.4682,157.8194,1.5745,-0.5303,1.2658,1.3724,8,1,3.00,30.1912,170.1700,14.8676,-0.8981,2.1008,8.0587,2.2118,0.6373,4.0000,490.83,510.98,0.0000,0.0000
109.600,8,10,0,38.4196,157.9585,1.5464,-0.5141,1.3113,1.4085,8,1,3.00,30.1912,170.1700,14.7250,-0.9264,2.1008,8.1127,2.2145,0.6681,4.0000,510.97,667.41,0.0000,0.0000
109.700,8,10,0,38.3742,158.1150,1.5177,-0.4919,1.4036,1.4873,8,1,3.00,30.1912,170.1700,14.5700,-0.9664,2.1008,8.2310,2.2177,0.6999,4.0000,547.78,879.46,0.0000,0.0000
109.800,8,10,0,38.3352,158.2959,1.4975,-0.4547,1.5506,1.6159,8,1,3.00,30.1912,170.1700,14.3986,-1.0241,2.1008,8.4238,2.2218,0.7243,4.0000,788.30,636.82,0.0000,0.0000
109.900,8,10,0,38.3035,158.5019,1.4773,-0.4046,1.7350,1.7816,8,1,3.00,30.1912,170.1700,14.2111,-1.1009,2.1008,8.6723,2.2271,0.7498,4.0000,895.27,653.02,0.0000,0.0000
110.000,8,10,0,38.2767,158.7304,1.4590,-0.3552,1.9338,1.9661,8,1,3.00,30.1912,170.1700,14.0086,-1.1933,2.1008,8.9492,2.2333,0.7744,4.0000,692.14,433.83,0.0000,0.0000
110.100,8,10,0,38.2648,158.8474,1.4443,-0.3335,2.0347,2.0619,8,1,3.00,30.1912,170.1700,13.9063,-1.2423,2.1008,9.0928,2.2366,0.7922,4.0000,493.10,252.15,0.0000,0.0000
110.200,8,10,0,38.2414,159.0922,1.4254,-0.2978,2.1847,2.2049,8,1,3.00,30.1912,170.1700,13.6939,-1.3458,2.1008,9.3073,2.2444,0.8189,4.0000,252.22,86.62,0.0000,0.0000
110.300,8,10,0,38.2181,159.3295,1.4054,-0.2746,2.2519,2.2686,8,1,3.00,30.1912,170.1700,13.4888,-1.4456,2.1008,9.4028,2.2533,0.8479,4.0000,32.61,-132.86,0.0000,0.0000
110.400,8,10,0,38.1946,159.5467,1.3925,-0.2606,2.2207,2.2360,8,1,3.00,30.1912,170.1700,13.3008,-1.5351,2.1008,9.3540,2.2634,0.8709,4.0000,-166.41,-375.47,0.0000,0.0000
110.500,8,10,0,38.1688,159.7309,1.3729,-0.2604,2.0805,2.0968,8,1,3.00,30.1912,170.1700,13.1384,-1.6060,2.1008,9.1451,2.2746,0.9017,4.0000,-268.97,-353.75,0.0000,0.0000
110.600,8,10,0,38.1533,159.8100,1.3544,-0.2680,1.9685,1.9867,8,1,3.00,30.1912,170.1700,13.0662,-1.6326,2.1008,8.9800,2.2806,0.9262,4.0000,-444.90,-133.92,0.0000,0.0000
110.700,8,10,0,38.1189,159.9339,1.3390,-0.2954,1.7031,1.7285,8,1,3.00,30.1912,170.1700,12.9471,-1.6656,2.1008,8.5928,2.2922,0.9532,4.0000,-568.56,85.65,0.0000,0.0000
110.800,8,10,0,38.1012,159.9810,1.3280,-0.3103,1.5588,1.5894,8,1,3.00,30.1912,170.1700,12.8990,-1.6741,2.1008,8.3840,2.2979,0.9698,4.0000,-350.79,304.93,0.0000,0.0000
110.900,8,10,0,38.0651,160.0563,1.3202,-0.3283,1.2659,1.3078,8,1,3.00,30.1912,170.1700,12.8174,-1.6810,2.1008,7.9616,2.3089,0.9887,4.0000,-129.58,523.86,0.0000,0.0000
111.000,8,10,0,38.0350,160.1178,1.3179,-0.3176,1.0315,1.0793,8,1,3.00,30.1912,170.1700,12.7504,-1.6861,2.1008,7.6189,2.3186,1.0007,4.0000,-128.65,645.83,0.0000,0.0000
111.100,8,10,0,38.0232,160.1507,1.3221,-0.2992,0.9517,0.9976,8,1,3.00,30.1912,170.1700,12.7172,-1.6926,2.1008,7.4964,2.3228,1.0007,4.0000,-348.43,636.94,0.0000,0.0000
111.200,8,10,0,38.0095,160.2226,1.3323,-0.2400,0.8684,0.9009,8,1,3.00,30.1912,170.1700,12.6522,-1.7171,2.1008,7.3514,2.3302,0.9980,4.0000,-441.62,544.16,0.0000,0.0000
111.300,8,10,0,38.0062,160.3021,1.3491,-0.1648,0.8421,0.8581,8,1,3.00,30.1912,170.1700,12.5877,-1.7545,2.1008,7.2872,2.3370,0.9879,4.0000,-405.78,609.77,0.0000,0.0000
111.400,8,10,0,38.0076,160.3422,1.3690,-0.1262,0.8408,0.8502,8,1,3.00,30.1912,170.1700,12.5572,-1.7760,2.1008,7.2753,2.3402,0.9712,4.0000,-469.09,829.45,0.0000,0.0000
111.500,8,10,0,38.0171,160.4281,1.3976,-0.0452,0.8483,0.8495,8,1,3.00,30.1912,170.1700,12.4960,-1.8276,2.1008,7.2742,2.3469,0.9493,4.0000,-393.48,609.33,0.0000,0.0000
111.600,8,10,0,38.0349,160.5165,1.4425,0.0359,0.8618,0.8626,8,1,3.00,30.1912,170.1700,12.4384,-1.8876,2.1008,7.2938,2.3540,0.9116,4.0000,-580.16,364.11,0.0000,0.0000
111.700,8,10,0,38.0459,160.5602,1.4837,0.0710,0.8575,0.8605,8,1,3.00,30.1912,170.1700,12.4115,-1.9192,2.1008,7.2907,2.3582,0.8745,4.0000,-544.69,144.16,0.0000,0.0000
111.800,8,10,0,38.0684,160.6340,1.5325,0.1266,0.8131,0.8229,8,1,3.00,30.1912,170.1700,12.3688,-1.9759,2.1008,7.2343,2.3674,0.8349,4.0000,-562.96,21.40,0.0000,0.0000
111.900,8,10,0,38.0907,160.6879,1.5844,0.1610,0.7130,0.7309,8,1,3.00,30.1912,170.1700,12.3415,-2.0224,2.1008,7.0964,2.3784,0.7940,4.0000,-595.23,215.35,0.0000,0.0000
112.000,8,10,0,38.1017,160.7060,1.6294,0.1749,0.6455,0.6688,8,1,3.00,30.1912,170.1700,12.3347,-2.0411,2.1008,7.0032,2.3844,0.7549,4.0000,-768.90,435.13,0.0000,0.0000
112.100,8,10,0,38.1276,160.7292,1.6756,0.2059,0.4948,0.5359,8,1,3.00,30.1912,170.1700,12.3335,-2.0751,2.1008,6.8039,2.3968,0.7212,4.0000,-656.61,434.73,0.0000,0.0000
112.200,8,10,0,38.1601,160.7385,1.7308,0.2499,0.3485,0.4288,8,1,3.00,30.1912,170.1700,12.3474,-2.1078,2.1008,6.6432,2.4080,0.6773,4.0000,-460.29,434.37,0.0000,0.0000
112.300,8,10,0,38.1977,160.7426,1.7890,0.2960,0.2380,0.3798,8,1,3.00,30.1912,170.1700,12.3685,-2.1424,2.1008,6.5696,2.4160,0.6270,4.0000,-483.00,330.12,0.0000,0.0000
112.400,8,10,0,38.2360,160.7484,1.8555,0.3273,0.1735,0.3705,8,1,3.00,30.1912,170.1700,12.3889,-2.1783,2.1008,6.5557,2.4216,0.5660,4.0000,-483.24,330.49,0.0000,0.0000
112.500,8,10,0,38.2552,160.7516,1.9085,0.3360,0.1510,0.3683,8,1,3.00,30.1912,170.1700,12.3990,-2.1966,2.1008,6.5525,2.4242,0.5158,4.0000,-459.13,327.37,0.0000,0.0000
112.600,8,10,0,38.2921,160.7574,1.9736,0.3477,0.1174,0.3670,8,1,3.00,30.1912,170.1700,12.4186,-2.2313,2.1008,6.5505,2.4291,0.4555,4.0000,-460.26,398.30,0.0000,0.0000
112.700,8,10,0,38.3294,160.7616,2.0305,0.3569,0.0900,0.3681,8,1,3.00,30.1912,170.1700,12.4399,-2.2657,2.1008,6.5522,2.4337,0.4032,4.0000,-359.48,644.11,0.0000,0.0000
112.800,8,10,0,38.3671,160.7663,2.0965,0.3637,0.0750,0.3714,8,1,3.00,30.1912,170.1700,12.4609,-2.3005,2.1008,6.5570,2.4382,0.3417,4.0000,-358.67,618.24,0.0000,0.0000
112.900,8,10,0,38.4016,160.7786,2.1638,0.3568,0.0928,0.3687,8,1,3.00,30.1912,170.1700,12.4744,-2.3366,2.1008,6.5531,2.4433,0.2795,4.0000,-373.81,838.17,0.0000,0.0000
113.000,8,10,0,38.4318,160.8002,2.2377,0.3367,0.1376,0.3637,8,1,3.00,30.1912,170.1700,12.4781,-2.3735,2.1008,6.5456,2.4486,0.2109,4.0000,-157.52,956.09,0.0000,0.0000
113.100,8,10,0,38.4524,160.8373,2.3097,0.2885,0.2229,0.3645,8,1,3.00,30.1912,170.1700,12.4639,-2.4100,2.1008,6.5468,2.4535,0.1438,4.0000,62.31,736.45,0.0000,0.0000
113.200,8,10,0,38.4545,160.8952,2.3756,0.1909,0.3525,0.4009,8,1,3.00,30.1912,170.1700,12.4219,-2.4412,2.1008,6.6013,2.4550,0.0794,4.0000,281.98,517.07,0.0000,0.0000
113.300,8,10,0,38.4334,160.9715,2.4391,0.0445,0.5009,0.5029,8,1,3.00,30.1912,170.1700,12.3510,-2.4614,2.1008,6.7543,2.4502,0.0112,4.0000,429.84,323.74,0.0000,0.0000
113.400,8,10,0,38.3874,161.0606,2.5089,-0.1386,0.6418,0.6566,8,1,3.00,30.1912,170.1700,12.2539,-2.4668,2.1008,6.9849,2.4403,-0.0687,4.0000,375.48,545.07,0.0000,0.0000
113.500,8,10,0,38.3171,161.1573,2.5614,-0.3430,0.7591,0.8330,8,1,3.00,30.1912,170.1700,12.1351,-2.4551,2.1008,7.2495,2.4273,-0.1341,4.0000,353.02,471.19,0.0000,0.0000
113.600,8,10,0,38.2271,161.2592,2.6090,-0.5446,0.8524,1.0115,8,1,3.00,30.1912,170.1700,11.9991,-2.4288,2.1008,7.5173,2.4133,-0.1957,4.0000,449.35,446.56,0.0000,0.0000
113.700,8,10,0,38.1208,161.3646,2.6460,-0.7318,0.9250,1.1794,8,1,3.00,30.1912,170.1700,11.8497,-2.3905,2.1008,7.7692,2.3993,-0.2467,4.0000,206.28,252.99,0.0000,0.0000
113.800,8,10,0,38.0036,161.4716,2.6854,-0.8904,0.9770,1.3218,8,1,3.00,30.1912,170.1700,11.6917,-2.3434,2.1008,7.9828,2.3863,-0.2991,4.0000,8.29,33.68,0.0000,0.0000
113.900,8,10,0,37.8866,161.5755,2.7136,-0.9903,0.9986,1.4064,8,1,3.00,30.1912,170.1700,11.5363,-2.2950,2.1008,8.1096,2.3766,-0.3370,4.0000,248.80,-210.02,0.0000,0.0000
114.000,8,10,0,37.7770,161.6713,2.7403,-1.0274,0.9830,1.4220,8,1,3.00,30.1912,170.1700,11.3918,-2.2489,2.1008,8.1330,2.3706,-0.3697,4.0000,468.85,-95.74,0.0000,0.0000
114.100,8,10,0,37.7261,161.7137,2.7561,-1.0343,0.9632,1.4133,8,1,3.00,30.1912,170.1700,11.3263,-2.2264,2.1008,8.1200,2.3684,-0.3878,4.0000,656.24,-47.78,0.0000,0.0000
114.200,8,10,0,37.6206,161.7940,2.7642,-1.0429,0.9050,1.3808,8,1,3.00,30.1912,170.1700,11.1961,-2.1760,2.1008,8.0712,2.3641,-0.4000,4.0000,629.75,-243.50,0.0000,0.0000
114.300,8,10,0,37.5122,161.8674,2.7705,-1.0584,0.8428,1.3529,8,1,3.00,30.1912,170.1700,11.0694,-2.1195,2.1008,8.0294,2.3589,-0.4117,4.0000,429.37,-399.30,0.0000,0.0000
114.400,8,10,0,37.4564,161.9021,2.7671,-1.0613,0.8076,1.3337,8,1,3.00,30.1912,170.1700,11.0065,-2.0889,2.1008,8.0005,2.3562,-0.4109,4.0000,429.36,-290.42,0.0000,0.0000
114.500,8,10,0,37.3516,161.9627,2.7587,-1.0558,0.7345,1.2862,8,1,3.00,30.1912,170.1700,10.8918,-2.0292,2.1008,7.9292,2.3513,-0.4074,4.0000,293.59,-430.79,0.0000,0.0000
114.600,8,10,0,37.2516,162.0146,2.7396,-1.0352,0.6561,1.2257,8,1,3.00,30.1912,170.1700,10.7870,-1.9691,2.1008,7.8385,2.3469,-0.3927,4.0000,494.27,-312.98,0.0000,0.0000
114.700,8,10,0,37.2051,162.0363,2.7191,-1.0220,0.6153,1.1929,8,1,3.00,30.1912,170.1700,10.7402,-1.9399,2.1008,7.7893,2.3449,-0.3742,4.0000,442.12,-93.09,0.0000,0.0000
114.800,8,10,0,37.1095,162.0756,2.6975,-0.9990,0.5346,1.1330,8,1,3.00,30.1912,170.1700,10.6482,-1.8773,2.1008,7.6995,2.3399,-0.3575,4.0000,241.83,102.06,0.0000,0.0000
114.900,8,10,0,37.0122,162.1121,2.6670,-0.9904,0.4738,1.0979,8,1,3.00,30.1912,170.1700,10.5573,-1.8118,2.1008,7.6469,2.3334,-0.3336,4.0000,3.22,346.28,0.0000,0.0000
115.000,8,10,0,36.9621,162.1318,2.6405,-0.9847,0.4548,1.0847,8,1,3.00,30.1912,170.1700,10.5100,-1.7786,2.1008,7.6270,2.3299,-0.3106,4.0000,110.03,565.62,0.0000,0.0000
115.100,8,10,0,36.8643,162.1750,2.6163,-0.9825,0.4470,1.0794,8,1,3.00,30.1912,170.1700,10.4140,-1.7160,2.1008,7.6192,2.3223,-0.2940,4.0000,-90.77,320.66,0.0000,0.0000
115.200,8,10,0,36.7626,162.2262,2.5963,-0.9946,0.4706,1.1003,8,1,3.00,30.1912,170.1700,10.3096,-1.6542,2.1008,7.6505,2.3137,-0.2826,4.0000,-296.49,218.82,0.0000,0.0000
115.300,8,10,0,36.7139,162.2521,2.5854,-0.9988,0.4844,1.1100,8,1,3.00,30.1912,170.1700,10.2586,-1.6252,2.1008,7.6651,2.3097,-0.2757,4.0000,-499.79,219.86,0.0000,0.0000
115.400,8,10,0,36.6186,162.3047,2.5801,-0.9817,0.4997,1.1015,8,1,3.00,30.1912,170.1700,10.1575,-1.5696,2.1008,7.6523,2.3031,-0.2770,4.0000,-278.78,424.19,0.0000,0.0000
115.500,8,10,0,36.5338,162.3562,2.5816,-0.9325,0.5055,1.0607,8,1,3.00,30.1912,170.1700,10.0641,-1.5225,2.1008,7.5911,2.2987,-0.2829,4.0000,-226.30,315.48,0.0000,0.0000
115.600,8,10,0,36.4572,162.4086,2.5900,-0.8722,0.5126,1.0117,8,1,3.00,30.1912,170.1700,9.9751,-1.4828,2.1008,7.5176,2.2955,-0.2944,4.0000,-203.60,509.64,0.0000,0.0000
115.700,8,10,0,36.4204,162.4361,2.6027,-0.8391,0.5160,0.9850,8,1,3.00,30.1912,170.1700,9.9306,-1.4650,2.1008,7.4776,2.2943,-0.3085,4.0000,-426.57,704.24,0.0000,0.0000
115.800,8,10,0,36.3521,162.4924,2.6243,-0.7824,0.5328,0.9466,8,1,3.00,30.1912,170.1700,9.8440,-1.4345,2.1008,7.4199,2.2918,-0.3325,4.0000,-183.56,678.18,0.0000,0.0000
115.900,8,10,0,36.2860,162.5531,2.6522,-0.7387,0.5596,0.9267,8,1,3.00,30.1912,170.1700,9.7553,-1.4082,2.1008,7.3900,2.2891,-0.3632,4.0000,-183.06,711.11,0.0000,0.0000
116.000,8,10,0,36.2134,162.6204,2.6865,-0.7346,0.6008,0.9491,8,1,3.00,30.1912,170.1700,9.6573,-1.3795,2.1008,7.4236,2.2845,-0.4020,4.0000,-206.01,670.37,0.0000,0.0000
116.100,8,10,0,36.1314,162.6963,2.7312,-0.7658,0.6582,1.0098,8,1,3.00,30.1912,170.1700,9.5469,-1.3472,2.1008,7.5147,2.2782,-0.4530,4.0000,-425.77,881.62,0.0000,0.0000
116.200,8,10,0,36.0883,162.7362,2.7716,-0.7920,0.6927,1.0522,8,1,3.00,30.1912,170.1700,9.4889,-1.3302,2.1008,7.5783,2.2745,-0.4970,4.0000,-372.24,661.64,0.0000,0.0000
116.300,8,10,0,35.9938,162.8246,2.8284,-0.8485,0.7629,1.1411,8,1,3.00,30.1912,170.1700,9.3609,-1.2933,2.1008,7.7116,2.2669,-0.5614,4.0000,-243.52,416.85,0.0000,0.0000
116.400,8,10,0,35.8952,162.9161,2.8774,-0.8988,0.8182,1.2155,8,1,3.00,30.1912,170.1700,9.2280,-1.2545,2.1008,7.8232,2.2598,-0.6176,4.0000,-23.90,196.89,0.0000,0.0000
116.500,8,10,0,35.7966,163.0036,2.9390,-0.9305,0.8384,1.2525,8,1,3.00,30.1912,170.1700,9.0982,-1.2137,2.1008,7.8787,2.2536,-0.6854,4.0000,195.42,-23.00,0.0000,0.0000
116.600,8,10,0,35.7011,163.0826,2.9954,-0.9393,0.8202,1.2470,8,1,3.00,30.1912,170.1700,8.9772,-1.1712,2.1008,7.8705,2.2485,-0.7469,4.0000,390.73,-217.53,0.0000,0.0000
116.700,8,10,0,35.6106,163.1525,3.0392,-0.9266,0.7757,1.2084,8,1,3.00,30.1912,170.1700,8.8665,-1.1285,2.1008,7.8127,2.2442,-0.7950,4.0000,614.02,-463.05,0.0000,0.0000
116.800,8,10,0,35.5247,163.2116,3.0695,-0.9022,0.7078,1.1467,8,1,3.00,30.1912,170.1700,8.7674,-1.0842,2.1008,7.7200,2.2403,-0.8292,4.0000,809.44,-610.62,0.0000,0.0000
116.900,8,10,0,35.4410,163.2572,3.0885,-0.8792,0.6153,1.0731,8,1,3.00,30.1912,170.1700,8.6804,-1.0351,2.1008,7.6097,2.2360,-0.8526,4.0000,795.06,-650.04,0.0000,0.0000
117.000,8,10,0,35.3972,163.2747,3.0879,-0.8719,0.5596,1.0360,8,1,3.00,30.1912,170.1700,8.6400,-1.0061,2.1008,7.5540,2.2332,-0.8547,4.0000,911.21,-772.12,0.0000,0.0000
117.100,8,10,0,35.3107,163.2973,3.0741,-0.8692,0.4385,0.9735,8,1,3.00,30.1912,170.1700,8.5700,-0.9429,2.1008,7.4603,2.2265,-0.8476,4.0000,784.63,-763.33,0.0000,0.0000
117.200,8,10,0,35.2225,163.3054,3.0395,-0.8740,0.3089,0.9269,8,1,3.00,30.1912,170.1700,8.5110,-0.8708,2.1008,7.3904,2.2181,-0.8215,4.0000,713.07,-730.46,0.0000,0.0000
117.300,8,10,0,35.1350,163.3023,2.9892,-0.8738,0.1859,0.8934,8,1,3.00,30.1912,170.1700,8.4621,-0.7938,2.1008,7.3401,2.2085,-0.7807,4.0000,838.51,-708.05,0.0000,0.0000
117.400,8,10,0,35.0513,163.2911,2.9270,-0.8598,0.0782,0.8634,8,1,3.00,30.1912,170.1700,8.4227,-0.7160,2.1008,7.2951,2.1986,-0.7284,4.0000,882.20,-594.43,0.0000,0.0000
117.500,8,10,0,34.9687,163.2737,2.8554,-0.8476,-0.0126,0.8477,8,1,3.00,30.1912,170.1700,8.3895,-0.6359,2.1008,7.2716,2.1880,-0.6674,4.0000,722.09,-556.28,0.0000,0.0000
117.600,8,10,0,34.8828,163.2527,2.7933,-0.8520,-0.0838,0.8561,8,1,3.00,30.1912,170.1700,8.3582,-0.5511,2.1008,7.2841,2.1763,-0.6170,4.0000,550.32,-566.68,0.0000,0.0000
117.700,8,10,0,34.7953,163.2290,2.7206,-0.8600,-0.1393,0.8712,8,1,3.00,30.1912,170.1700,8.3292,-0.4636,2.1008,7.3068,2.1641,-0.5564,4.0000,517.58,-566.75,0.0000,0.0000
117.800,8,10,0,34.7528,163.2165,2.6634,-0.8650,-0.1632,0.8803,8,1,3.00,30.1912,170.1700,8.3162,-0.4207,2.1008,7.3204,2.1582,-0.5052,4.0000,683.01,-349.40,0.0000,0.0000
117.900,8,10,0,34.6632,163.1918,2.5980,-0.8771,-0.1931,0.8981,8,1,3.00,30.1912,170.1700,8.2882,-0.3309,2.1008,7.3472,2.1458,-0.4522,4.0000,792.30,-561.68,0.0000,0.0000
118.000,8,10,0,34.5664,163.1721,2.5167,-0.9117,-0.1940,0.9321,8,1,3.00,30.1912,170.1700,8.2531,-0.2374,2.1008,7.3982,2.1329,-0.3838,4.0000,616.09,-536.30,0.0000,0.0000
118.100,8,10,0,34.5144,163.1633,2.4510,-0.9294,-0.1892,0.9484,8,1,3.00,30.1912,170.1700,8.2331,-0.1880,2.1008,7.4227,2.1261,-0.3249,4.0000,835.93,-535.43,0.0000,0.0000
118.200,8,10,0,34.4108,163.1487,2.3845,-0.9678,-0.1734,0.9832,8,1,3.00,30.1912,170.1700,8.1917,-0.0913,2.1008,7.4748,2.1130,-0.2715,4.0000,770.17,-315.86,0.0000,0.0000
118.300,8,10,0,34.3581,163.1438,2.3340,-0.9936,-0.1589,1.0062,8,1,3.00,30.1912,170.1700,8.1689,-0.0434,2.1008,7.5093,2.1066,-0.2274,4.0000,570.34,-223.90,0.0000,0.0000
118.400,8,10,0,34.2447,163.1414,2.2669,-1.0455,-0.1090,1.0511,8,1,3.00,30.1912,170.1700,8.1137,0.0557,2.1008,7.5767,2.0934,-0.1735,4.0000,349.04,-443.94,0.0000,0.0000
118.500,8,10,0,34.1853,163.1434,2.1937,-1.0648,-0.0794,1.0678,8,1,3.00,30.1912,170.1700,8.0825,0.1059,2.1008,7.6017,2.0869,-0.1068,4.0000,171.44,-328.31,0.0000,0.0000
118.600,8,10,0,34.0727,163.1483,2.1244,-1.0862,-0.0331,1.0867,8,1,3.00,30.1912,170.1700,8.0231,0.2006,2.1008,7.6301,2.0745,-0.0499,4.0000,184.13,-475.04,0.0000,0.0000
118.700,8,10,0,33.9671,163.1514,2.0667,-1.0747,-0.0106,1.0748,8,1,3.00,30.1912,170.1700,7.9699,0.2902,2.1008,7.6122,2.0627,-0.0041,4.0000,108.41,-480.27,0.0000,0.0000
118.800,8,10,0,33.8693,163.1470,2.0061,-1.0388,-0.0231,1.0391,8,1,3.00,30.1912,170.1700,7.9279,0.3767,2.1008,7.5586,2.0510,0.0449,4.0000,351.10,-285.54,0.0000,0.0000
118.900,8,10,0,33.8246,163.1420,1.9534,-1.0175,-0.0394,1.0182,8,1,3.00,30.1912,170.1700,7.9117,0.4178,2.1008,7.5274,2.0453,0.0920,4.0000,466.16,-65.81,0.0000,0.0000
119.000,8,10,0,33.7351,163.1314,1.8949,-0.9738,-0.0629,0.9758,8,1,3.00,30.1912,170.1700,7.8805,0.5005,2.1008,7.4637,2.0338,0.1389,4.0000,516.52,178.03,0.0000,0.0000
119.100,8,10,0,33.6460,163.1295,1.8463,-0.9446,-0.0451,0.9456,8,1,3.00,30.1912,170.1700,7.8425,0.5783,2.1008,7.4184,2.0230,0.1767,4.0000,737.21,377.78,0.0000,0.0000
119.200,8,10,0,33.5996,163.1363,1.7947,-0.9338,-0.0100,0.9339,8,1,3.00,30.1912,170.1700,7.8161,0.6148,2.1008,7.4008,2.0179,0.2232,4.0000,951.86,362.78,0.0000,0.0000
119.300,8,10,0,33.5068,163.1740,1.7459,-0.9319,0.1315,0.9412,8,1,3.00,30.1912,170.1700,7.7420,0.6759,2.1008,7.4118,2.0098,0.2639,4.0000,836.97,117.33,0.0000,0.0000
119.400,8,10,0,33.4087,163.2504,1.6966,-0.9496,0.3616,1.0161,8,1,3.00,30.1912,170.1700,7.6311,0.7219,2.1008,7.5241,2.0051,0.3085,4.0000,642.67,143.14,0.0000,0.0000
119.500,8,10,0,33.3080,163.3609,1.6499,-0.9701,0.6309,1.1572,8,1,3.00,30.1912,170.1700,7.4886,0.7529,2.1008,7.7358,2.0038,0.3538,4.0000,664.11,294.14,0.0000,0.0000
119.600,8,10,0,33.2596,163.4241,1.6082,-0.9776,0.7679,1.2431,8,1,3.00,30.1912,170.1700,7.4110,0.7627,2.1008,7.8646,2.0041,0.3959,4.0000,883.68,186.20,0.0000,0.0000
119.700,8,10,0,33.1633,163.5718,1.5627,-0.9725,1.0272,1.4146,8,1,3.00,30.1912,170.1700,7.2367,0.7712,2.1008,8.1219,2.0061,0.4434,4.0000,716.84,183.27,0.0000,0.0000
119.800,8,10,0,33.0718,163.7395,1.5177,-0.9514,1.2640,1.5820,8,1,3.00,30.1912,170.1700,7.0463,0.7653,2.1008,8.3730,2.0096,0.4919,4.0000,473.90,206.80,0.0000,0.0000
119.900,8,10,0,32.9859,163.9153,1.4741,-0.9179,1.4432,1.7104,8,1,3.00,30.1912,170.1700,6.8507,0.7506,2.1008,8.5655,2.0134,0.5393,4.0000,274.93,68.48,0.0000,0.0000
120.000,8,10,0,32.9058,164.0890,1.4299,-0.8756,1.5491,1.7795,8,1,3.00,30.1912,170.1700,6.6594,0.7319,2.1008,8.6692,2.0166,0.5867,4.0000,473.28,10.67,0.0000,0.0000
120.100,8,10,0,32.8300,164.2564,1.3852,-0.8333,1.5942,1.7988,8,1,3.00,30.1912,170.1700,6.4757,0.7127,2.1008,8.6982,2.0190,0.6338,4.0000,608.11,-231.55,0.0000,0.0000
120.200,8,10,0,32.7565,164.4192,1.3414,-0.7981,1.6068,1.7941,8,1,3.00,30.1912,170.1700,6.2971,0.6938,2.1008,8.6911,2.0211,0.6797,4.0000,592.92,-10.86,0.0000,0.0000
120.300,8,10,0,32.6850,164.5801,1.2956,-0.7682,1.6090,1.7830,8,1,3.00,30.1912,170.1700,6.1209,0.6741,2.1008,8.6745,2.0232,0.7277,4.0000,365.65,232.67,0.0000,0.0000
120.400,8,10,0,32.6199,164.7447,1.2490,-0.7250,1.6237,1.7782,8,1,3.00,30.1912,170.1700,5.9441,0.6471,2.1008,8.6673,2.0263,0.7773,4.0000,161.59,241.45,0.0000,0.0000
120.500,8,10,0,32.5901,164.8302,1.2095,-0.6946,1.6276,1.7696,8,1,3.00,30.1912,170.1700,5.8540,0.6296,2.1008,8.6544,2.0282,0.8187,4.0000,135.04,461.80,0.0000,0.0000
120.600,8,10,0,32.5401,164.9957,1.1745,-0.6239,1.6371,1.7520,8,1,3.00,30.1912,170.1700,5.6825,0.5891,2.1008,8.6280,2.0326,0.8581,4.0000,-63.78,219.72,0.0000,0.0000
120.700,8,10,0,32.5009,165.1602,1.1444,-0.5394,1.6390,1.7255,8,1,3.00,30.1912,170.1700,5.5167,0.5397,2.1008,8.5883,2.0380,0.8936,4.0000,-82.69,24.24,0.0000,0.0000
120.800,8,10,0,32.4672,165.3151,1.1225,-0.4664,1.6054,1.6718,8,1,3.00,30.1912,170.1700,5.3620,0.4905,2.1008,8.5076,2.0432,0.9207,4.0000,-280.42,87.07,0.0000,0.0000
120.900,8,10,0,32.4339,165.4537,1.1037,-0.4185,1.5251,1.5815,8,1,3.00,30.1912,170.1700,5.2224,0.4492,2.1008,8.3722,2.0472,0.9435,4.0000,-183.62,169.13,0.0000,0.0000
121.000,8,10,0,32.4176,165.5144,1.0909,-0.4026,1.4730,1.5270,8,1,3.00,30.1912,170.1700,5.1606,0.4325,2.1008,8.2905,2.0487,0.9578,4.0000,-60.97,358.51,0.0000,0.0000
121.100,8,10,0,32.3861,165.6278,1.0810,-0.3707,1.3496,1.3996,8,1,3.00,30.1912,170.1700,5.0448,0.4024,2.1008,8.0993,2.0511,0.9701,4.0000,-301.72,331.48,0.0000,0.0000
121.200,8,10,0,32.3605,165.7307,1.0764,-0.3285,1.2336,1.2766,8,1,3.00,30.1912,170.1700,4.9410,0.3724,2.1008,7.9149,2.0538,0.9773,3.9528,-95.48,332.18,0.0000,0.0000
121.300,8,10,0,32.3413,165.8256,1.0790,-0.2786,1.1310,1.1648,8,1,3.00,30.1912,170.1700,4.8474,0.3410,2.1008,7.7472,2.0568,0.9778,3.8779,-95.20,387.78,0.0000,0.0000
121.400,8,10,0,32.3288,165.9197,1.0865,-0.2223,1.0634,1.0864,8,1,3.00,30.1912,170.1700,4.7576,0.3042,2.1008,7.6296,2.0609,0.9745,3.8061,108.83,534.21,0.0000,0.0000
121.500,8,10,0,32.3259,166.0185,1.0997,-0.1512,1.0380,1.0490,8,1,3.00,30.1912,170.1700,4.6682,0.2568,2.1008,7.5735,2.0669,0.9672,3.7346,-97.22,368.70,0.0000,0.0000
121.600,8,10,0,32.3290,166.0722,1.1133,-0.1091,1.0370,1.0427,8,1,3.00,30.1912,170.1700,4.6220,0.2270,2.1008,7.5641,2.0708,0.9575,3.6976,93.10,148.87,0.0000,0.0000
121.700,8,10,0,32.3404,166.1780,1.1255,-0.0286,1.0444,1.0448,8,1,3.00,30.1912,170.1700,4.5338,0.1637,2.1008,7.5671,2.0792,0.9536,3.6270,290.97,186.88,0.0000,0.0000
121.800,8,10,0,32.3477,166.2304,1.1411,0.0075,1.0538,1.0538,8,1,3.00,30.1912,170.1700,4.4912,0.1309,2.1008,7.5808,2.0835,0.9424,3.5930,510.95,187.09,0.0000,0.0000
121.900,8,10,0,32.3648,166.3424,1.1550,0.0665,1.0789,1.0809,8,1,3.00,30.1912,170.1700,4.4018,0.0596,2.1008,7.6214,2.0930,0.9380,3.5214,290.66,199.30,0.0000,0.0000
122.000,8,10,0,32.3829,166.4602,1.1681,0.1079,1.1159,1.1211,8,1,3.00,30.1912,170.1700,4.3089,-0.0156,2.1008,7.6817,2.1028,0.9347,3.4471,311.91,54.01,0.0000,0.0000
122.100,8,10,0,32.3923,166.5215,1.1769,0.1226,1.1287,1.1353,8,1,3.00,30.1912,170.1700,4.2610,-0.0548,2.1008,7.7030,2.1079,0.9310,3.4088,311.12,-165.75,0.0000,0.0000
122.200,8,10,0,32.4097,166.6400,1.1815,0.1409,1.1483,1.1569,8,1,3.00,30.1912,170.1700,4.1693,-0.1296,2.1008,7.7353,2.1175,0.9361,3.3354,89.81,-385.52,0.0000,0.0000
122.300,8,10,0,32.4225,166.7519,1.1821,0.1359,1.1368,1.1448,8,1,3.00,30.1912,170.1700,4.0820,-0.1973,2.1008,7.7173,2.1263,0.9442,3.2656,306.93,-475.70,0.0000,0.0000
122.400,8,10,0,32.4259,166.8015,1.1775,0.1227,1.1159,1.1226,8,1,3.00,30.1912,170.1700,4.0424,-0.2252,2.1008,7.6839,2.1301,0.9526,3.2339,284.49,-226.63,0.0000,0.0000
122.500,8,10,0,32.4268,166.8948,1.1681,0.0808,1.0495,1.0526,8,1,3.00,30.1912,170.1700,3.9654,-0.2732,2.1008,7.5789,2.1368,0.9687,3.1723,422.60,-6.53,0.0000,0.0000
122.600,8,10,0,32.4231,166.9825,1.1536,0.0384,0.9876,0.9884,8,1,3.00,30.1912,170.1700,3.8913,-0.3144,2.1008,7.4826,2.1428,0.9892,3.1130,224.14,184.72,0.0000,0.0000
122.700,8,10,0,32.4200,167.0718,1.1335,0.0137,0.9544,0.9545,8,1,3.00,30.1912,170.1700,3.8166,-0.3568,2.1008,7.4317,2.1488,1.0153,3.0533,-18.59,-4.99,0.0000,0.0000
122.800,8,10,0,32.4198,167.1181,1.1144,0.0102,0.9416,0.9417,8,1,3.00,30.1912,170.1700,3.7790,-0.3801,2.1008,7.4125,2.1520,1.0376,3.0232,50.96,-3.60,0.0000,0.0000
122.900,8,10,0,32.4204,167.2045,1.0965,0.0086,0.9132,0.9132,8,1,3.00,30.1912,170.1700,3.7099,-0.4243,2.1008,7.3699,2.1583,1.0618,2.9680,140.89,-198.35,0.0000,0.0000
123.000,8,10,0,32.4206,167.2875,1.0780,0.0060,0.8829,0.8829,8,1,3.00,30.1912,170.1700,3.6440,-0.4664,2.1008,7.3244,2.1644,1.0863,2.9152,339.67,51.45,0.0000,0.0000
123.100,8,10,0,32.4201,167.3700,1.0615,0.0023,0.8620,0.8620,8,1,3.00,30.1912,170.1700,3.5789,-0.5077,2.1008,7.2930,2.1703,1.1087,2.8631,143.73,241.30,0.0000,0.0000
123.200,8,10,0,32.4211,167.4115,1.0453,0.0059,0.8625,0.8625,8,1,3.00,30.1912,170.1700,3.5471,-0.5295,2.1008,7.2938,2.1733,1.1280,2.8377,-76.24,460.86,0.0000,0.0000
123.300,8,10,0,32.4287,167.4986,1.0291,0.0322,0.8662,0.8668,8,1,3.00,30.1912,170.1700,3.4846,-0.5801,2.1008,7.3002,2.1801,1.1510,2.7877,-224.02,405.29,0.0000,0.0000
123.400,8,10,0,32.4449,167.5846,1.0185,0.0801,0.8641,0.8678,8,1,3.00,30.1912,170.1700,3.4298,-0.6376,2.1008,7.3017,2.1879,1.1694,2.7438,-216.87,251.69,0.0000,0.0000
123.500,8,10,0,32.4662,167.6674,1.0157,0.1284,0.8510,0.8606,8,1,3.00,30.1912,170.1700,3.3821,-0.6978,2.1008,7.2909,2.1962,1.1805,2.7057,-227.71,344.08,0.0000,0.0000
123.600,8,10,0,32.4898,167.7461,1.0158,0.1676,0.8277,0.8445,8,1,3.00,30.1912,170.1700,3.3405,-0.7579,2.1008,7.2668,2.2047,1.1889,2.6724,-248.10,594.83,0.0000,0.0000
123.700,8,10,0,32.5181,167.8200,1.0243,0.2106,0.7958,0.8231,8,1,3.00,30.1912,170.1700,3.3072,-0.8197,2.1008,7.2347,2.2136,1.1893,2.6457,-148.73,673.58,0.0000,0.0000
123.800,8,10,0,32.5362,167.8572,1.0386,0.2381,0.7796,0.8152,8,1,3.00,30.1912,170.1700,3.2937,-0.8541,2.1008,7.2227,2.2185,1.1799,2.6350,-173.43,701.55,0.0000,0.0000
123.900,8,10,0,32.5792,167.9312,1.0621,0.3075,0.7657,0.8251,8,1,3.00,30.1912,170.1700,3.2733,-0.9286,2.1008,7.2377,2.2284,1.1663,2.6187,16.32,686.94,0.0000,0.0000
124.000,8,10,0,32.6321,168.0109,1.0904,0.3876,0.7771,0.8684,8,1,3.00,30.1912,170.1700,3.2588,-1.0145,2.1008,7.3026,2.2388,1.1485,2.6070,-175.24,828.82,0.0000,0.0000
124.100,8,10,0,32.6951,168.1010,1.1288,0.4756,0.8222,0.9499,8,1,3.00,30.1912,170.1700,3.2481,-1.1145,2.1008,7.4248,2.2498,1.1209,2.5985,-395.11,607.71,0.0000,0.0000
124.200,8,10,0,32.7673,168.1993,1.1669,0.5647,0.8800,1.0456,8,1,3.00,30.1912,170.1700,3.2435,-1.2265,2.1008,7.5684,2.2614,1.0946,2.5948,-373.88,735.24,0.0000,0.0000
124.300,8,10,0,32.8454,168.2986,1.2172,0.6425,0.9204,1.1225,8,1,3.00,30.1912,170.1700,3.2476,-1.3440,2.1008,7.6837,2.2739,1.0568,2.5981,-131.52,649.63,0.0000,0.0000
124.400,8,10,0,32.9282,168.4002,1.2736,0.7092,0.9551,1.1896,8,1,3.00,30.1912,170.1700,3.2593,-1.4668,2.1008,7.7844,2.2870,1.0134,2.6074,-350.97,554.92,0.0000,0.0000
124.500,8,10,0,33.0130,168.5043,1.3331,0.7590,0.9854,1.2438,8,1,3.00,30.1912,170.1700,3.2768,-1.5926,2.1008,7.8657,2.3006,0.9674,2.6214,-165.43,469.02,0.0000,0.0000
124.600,8,10,0,33.0967,168.6058,1.3893,0.7869,0.9956,1.2690,8,1,3.00,30.1912,170.1700,3.2998,-1.7161,2.1008,7.9035,2.3146,0.9253,2.6399,-308.75,647.03,0.0000,0.0000
124.700,8,10,0,33.1366,168.6546,1.4429,0.7958,1.0000,1.2780,8,1,3.00,30.1912,170.1700,3.3124,-1.7753,2.1008,7.9170,2.3214,0.8785,2.6499,-258.45,709.56,0.0000,0.0000
124.800,8,10,0,33.2192,168.7563,1.5052,0.8072,1.0073,1.2908,8,1,3.00,30.1912,170.1700,3.3417,-1.8979,2.1008,7.9362,2.3355,0.8303,2.6734,-230.00,675.69,0.0000,0.0000
124.900,8,10,0,33.3035,168.8637,1.5701,0.8208,1.0328,1.3193,8,1,3.00,30.1912,170.1700,3.3753,-2.0249,2.1008,7.9789,2.3493,0.7792,2.7002,-229.19,895.18,0.0000,0.0000
125.000,8,10,0,33.3885,168.9807,1.6304,0.8320,1.0848,1.3671,8,1,3.00,30.1912,170.1700,3.4114,-2.1575,2.1008,8.0507,2.3626,0.7322,2.7291,-8.79,813.35,0.0000,0.0000
125.100,8,10,0,33.4723,169.1128,1.6921,0.8340,1.1727,1.4390,8,1,3.00,30.1912,170.1700,3.4472,-2.2965,2.1008,8.1585,2.3752,0.6831,2.7578,-57.45,889.21,0.0000,0.0000
125.200,8,10,0,33.5505,169.2630,1.7472,0.8149,1.2948,1.5299,8,1,3.00,30.1912,170.1700,3.4796,-2.4399,2.1008,8.2948,2.3869,0.6396,2.7837,-277.48,763.50,0.0000,0.0000
125.300,8,10,0,33.5886,169.3468,1.8026,0.7984,1.3580,1.5753,8,1,3.00,30.1912,170.1700,3.4957,-2.5151,2.1008,8.3630,2.3929,0.5903,2.7965,-422.49,544.09,0.0000,0.0000
125.400,8,10,0,33.6595,169.5136,1.8587,0.7660,1.4691,1.6569,8,1,3.00,30.1912,170.1700,3.5299,-2.6607,2.1008,8.4853,2.4046,0.5459,2.8239,-456.36,582.01,0.0000,0.0000
125.500,8,10,0,33.6927,169.5943,1.9085,0.7511,1.5117,1.6880,8,1,3.00,30.1912,170.1700,3.5485,-2.7301,2.1008,8.5320,2.4105,0.5020,2.8388,-644.08,543.35,0.0000,0.0000
125.600,8,10,0,33.7596,169.7576,1.9662,0.7218,1.5553,1.7146,8,1,3.00,30.1912,170.1700,3.5922,-2.8704,2.1008,8.5719,2.4239,0.4577,2.8737,-423.62,415.06,0.0000,0.0000
125.700,8,10,0,33.8268,169.9105,2.0325,0.7041,1.5451,1.6980,8,1,3.00,30.1912,170.1700,3.6448,-3.0056,2.1008,8.5470,2.4389,0.4064,2.9158,-441.55,454.40,0.0000,0.0000
125.800,8,10,0,33.8615,169.9841,2.0999,0.6969,1.5191,1.6713,8,1,3.00,30.1912,170.1700,3.6750,-3.0728,2.1008,8.5070,2.4474,0.3475,2.9400,-202.43,439.45,0.0000,0.0000
125.900,8,10,0,33.9284,170.1198,2.1580,0.6865,1.4601,1.6135,8,1,3.00,30.1912,170.1700,3.7375,-3.1991,2.1008,8.4202,2.4639,0.3058,2.9900,17.83,660.30,0.0000,0.0000
126.000,8,10,0,33.9888,170.2537,2.2202,0.6560,1.4162,1.5608,8,1,3.00,30.1912,170.1700,3.7985,-3.3189,2.1008,8.3412,2.4795,0.2593,3.0388,221.73,917.36,0.0000,0.0000
126.100,8,10,0,34.0130,170.3218,2.2748,0.6254,1.4168,1.5487,8,1,3.00,30.1912,170.1700,3.8248,-3.3742,2.1008,8.3230,2.4859,0.2112,3.0598,442.35,797.26,0.0000,0.0000
126.200,8,10,0,34.0454,170.4765,2.3225,0.5137,1.4676,1.5549,8,1,3.00,30.1912,170.1700,3.8664,-3.4804,2.1008,8.3324,2.4965,0.1740,3.0931,484.89,761.19,0.0000,0.0000
126.300,8,10,0,34.0475,170.6522,2.3770,0.3320,1.5753,1.6099,8,1,3.00,30.1912,170.1700,3.8864,-3.5710,2.1008,8.4149,2.5021,0.1252,3.1091,312.00,909.86,0.0000,0.0000
126.400,8,10,0,34.0359,170.7501,2.4285,0.2209,1.6366,1.6515,8,1,3.00,30.1912,170.1700,3.8882,-3.6105,2.1008,8.4772,2.5034,0.0749,3.1106,91.65,910.30,0.0000,0.0000
126.500,8,10,0,33.9912,170.9520,2.4726,-0.0212,1.7747,1.7749,8,1,3.00,30.1912,170.1700,3.8796,-3.6740,2.1008,8.6623,2.5019,0.0293,3.1037,91.38,924.29,0.0000,0.0000
126.600,8,10,0,33.9235,171.1643,2.5230,-0.2583,1.8998,1.9173,8,1,3.00,30.1912,170.1700,3.8625,-3.7229,2.1008,8.8759,2.4979,-0.0251,3.0900,327.56,668.99,0.0000,0.0000
126.700,8,10,0,33.8378,171.3798,2.5733,-0.4749,1.9914,2.0472,8,1,3.00,30.1912,170.1700,3.8420,-3.7579,2.1008,9.0709,2.4935,-0.0798,3.0736,371.47,701.80,0.0000,0.0000
126.800,8,10,0,33.7916,171.4834,2.6245,-0.5724,2.0247,2.1040,8,1,3.00,30.1912,170.1700,3.8324,-3.7704,2.1008,9.1560,2.4914,-0.1331,3.0660,607.43,887.07,0.0000,0.0000
126.900,8,10,0,33.6870,171.6941,2.6719,-0.7452,2.0551,2.1860,8,1,3.00,30.1912,170.1700,3.8136,-3.7867,2.1008,9.2790,2.4882,-0.1837,3.0509,422.84,856.37,0.0000,0.0000
127.000,8,10,0,33.5650,171.9034,2.7171,-0.9195,2.0697,2.2648,8,1,3.00,30.1912,170.1700,3.7930,-3.7872,2.1008,9.3972,2.4839,-0.2332,3.0344,406.88,734.64,0.0000,0.0000
127.100,8,10,0,33.4266,172.1101,2.7618,-1.0896,2.0697,2.3390,8,1,3.00,30.1912,170.1700,3.7725,-3.7723,2.1008,9.5085,2.4785,-0.2834,3.0180,564.85,480.91,0.0000,0.0000
127.200,8,10,0,33.2737,172.3118,2.8058,-1.2506,2.0509,2.4021,8,1,3.00,30.1912,170.1700,3.7535,-3.7423,2.1008,9.6032,2.4724,-0.3334,3.0028,338.71,448.16,0.0000,0.0000
127.300,8,10,0,33.1090,172.5058,2.8421,-1.3953,2.0109,2.4476,8,1,3.00,30.1912,170.1700,3.7375,-3.6983,2.1008,9.6714,2.4660,-0.3761,2.9900,489.44,480.17,0.0000,0.0000
127.400,8,10,0,32.9358,172.6910,2.8781,-1.5185,1.9536,2.4744,8,1,3.00,30.1912,170.1700,3.7267,-3.6425,2.1008,9.7116,2.4596,-0.4185,2.9814,510.17,681.06,0.0000,0.0000
127.500,8,10,0,32.8433,172.7830,2.9071,-1.5708,1.9165,2.4780,8,1,3.00,30.1912,170.1700,3.7230,-3.6092,2.1008,9.7170,2.4564,-0.4507,2.9784,730.00,460.99,0.0000,0.0000
127.600,9,10,0,32.6561,172.9553,2.9378,-1.6791,1.8459,2.4953,9,2,3.00,26.0769,180.1821,3.7193,-3.5348,2.1008,9.7430,2.4488,-0.4890,2.9755,949.26,576.62,0.0000,0.0000
127.700,9,10,0,32.4602,173.1171,2.9610,-1.7801,1.7629,2.5053,9,2,3.00,26.0769,180.1821,9.5216,-3.2189,1.9607,9.7580,2.3056,-0.6554,1.5000,890.92,362.48,0.0000,0.0000
127.800,9,10,0,32.2527,173.2686,2.9769,-1.8866,1.6725,2.5212,9,2,3.00,26.0769,180.1821,9.2702,-3.0845,1.9607,9.7818,2.2999,-0.6770,1.5000,979.01,138.02,0.0000,0.0000
127.900,9,10,0,32.0367,173.4090,2.9868,-1.9847,1.5745,2.5333,9,2,3.00,26.0769,180.1821,9.0220,-2.9381,1.9607,9.8000,2.2924,-0.6944,1.5000,852.52,-82.06,0.0000,0.0000
128.000,9,10,0,31.8159,173.5362,2.9861,-2.0648,1.4646,2.5315,9,2,3.00,26.0769,180.1821,8.7809,-2.7822,1.9607,9.7972,2.2831,-0.7029,1.5000,682.85,-297.78,0.0000,0.0000
128.100,9,10,0,31.5975,173.6487,2.9739,-2.1066,1.3409,2.4972,9,2,3.00,26.0769,180.1821,8.5535,-2.6230,1.9607,9.7458,2.2724,-0.7015,1.5000,654.72,-484.60,0.0000,0.0000
128.200,9,10,0,31.3897,173.7452,2.9534,-2.0950,1.2042,2.4164,9,2,3.00,26.0769,180.1821,8.3463,-2.4674,1.9607,9.6246,2.2608,-0.6926,1.5000,692.78,-411.42,0.0000,0.0000
128.300,9,10,0,31.1991,173.8265,2.9189,-2.0250,1.0622,2.2866,9,2,3.00,26.0769,180.1821,8.1629,-2.3221,1.9607,9.4299,2.2491,-0.6698,1.5000,827.39,-191.55,0.0000,0.0000
128.400,9,10,0,31.0241,173.8960,2.8773,-1.9249,0.9293,2.1375,9,2,3.00,26.0769,180.1821,7.9994,-2.1866,1.9607,9.2063,2.2376,-0.6398,1.5000,611.57,-102.92,0.0000,0.0000
128.500,9,10,0,30.8578,173.9574,2.8332,-1.8295,0.8151,2.0029,9,2,3.00,26.0769,180.1821,7.8489,-2.0562,1.9607,9.0043,2.2258,-0.6074,1.5000,387.41,19.53,0.0000,0.0000
128.600,9,10,0,30.6984,174.0121,2.7818,-1.7442,0.7181,1.8862,9,2,3.00,26.0769,180.1821,7.7089,-1.9295,1.9607,8.8293,2.2137,-0.5681,1.5000,171.50,152.01,0.0000,0.0000
128.700,9,10,0,30.5439,174.0630,2.7374,-1.6716,0.6425,1.7909,9,2,3.00,26.0769,180.1821,7.5762,-1.8059,1.9607,8.6863,2.2014,-0.5360,1.5000,275.51,165.64,0.0000,0.0000
128.800,9,10,0,30.4698,174.0876,2.6970,-1.6462,0.6166,1.7579,9,2,3.00,26.0769,180.1821,7.5127,-1.7467,1.9607,8.6368,2.1953,-0.5017,1.5000,96.99,82.58,0.0000,0.0000
128.900,9,10,0,30.3174,174.1398,2.6647,-1.6029,0.5830,1.7057,9,2,3.00,26.0769,180.1821,7.3819,-1.6256,1.9607,8.5585,2.1827,-0.4820,1.5000,19.72,161.95,0.0000,0.0000
129.000,9,10,0,30.1699,174.1936,2.6361,-1.5567,0.5673,1.6569,9,2,3.00,26.0769,180.1821,7.2537,-1.5096,1.9607,8.4853,2.1703,-0.4657,1.5000,83.35,39.78,0.0000,0.0000
129.100,9,10,0,30.0972,174.2212,2.6074,-1.5249,0.5601,1.6245,9,2,3.00,26.0769,180.1821,7.1900,-1.4529,1.9607,8.4368,2.1642,-0.4432,1.5000,70.68,-34.68,0.0000,0.0000
129.200,9,10,0,29.9645,174.2720,2.5860,-1.4525,0.5407,1.5499,9,2,3.00,26.0769,180.1821,7.0742,-1.3494,1.9607,8.3248,2.1526,-0.4334,1.5000,188.36,-29.49,0.0000,0.0000
129.300,9,10,0,29.8437,174.3152,2.5664,-1.3634,0.5010,1.4526,9,2,3.00,26.0769,180.1821,6.9721,-1.2541,1.9607,8.1789,2.1416,-0.4248,1.5000,132.33,16.36,0.0000,0.0000
129.400,9,10,0,29.7882,174.3335,2.5477,-1.3220,0.4772,1.4055,9,2,3.00,26.0769,180.1821,6.9268,-1.2098,1.9607,8.1082,2.1362,-0.4114,1.5000,66.06,-22.87,0.0000,0.0000
129.500,9,10,0,29.6807,174.3675,2.5299,-1.2323,0.4271,1.3042,9,2,3.00,26.0769,180.1821,6.8409,-1.1233,1.9607,7.9564,2.1256,-0.4042,1.5000,52.97,140.10,0.0000,0.0000
129.600,9,10,0,29.5814,174.3975,2.5124,-1.1460,0.3815,1.2078,9,2,3.00,26.0769,180.1821,6.7634,-1.0428,1.9607,7.8117,2.1155,-0.3969,1.5000,56.74,94.23,0.0000,0.0000
129.700,9,10,0,29.4864,174.4276,2.4939,-1.0756,0.3527,1.1319,9,2,3.00,26.0769,180.1821,6.6888,-0.9664,1.9607,7.6979,2.1057,-0.3883,1.5000,-63.23,52.44,0.0000,0.0000
129.800,9,10,0,29.4389,174.4433,2.4827,-1.0430,0.3425,1.0978,9,2,3.00,26.0769,180.1821,6.6512,-0.9284,1.9607,7.6467,2.1007,-0.3819,1.5000,-82.53,165.25,0.0000,0.0000
129.900,9,10,0,29.3493,174.4733,2.4706,-0.9899,0.3272,1.0426,9,2,3.00,26.0769,180.1821,6.5802,-0.8569,1.9607,7.5639,2.0913,-0.3793,1.5000,-79.86,257.82,0.0000,0.0000
130.000,9,10,0,29.3064,174.4883,2.4628,-0.9705,0.3242,1.0232,9,2,3.00,26.0769,180.1821,6.5460,-0.8230,1.9607,7.5348,2.0867,-0.3760,1.5000,-114.50,298.90,0.0000,0.0000
130.100,9,10,0,29.2201,174.5208,2.4592,-0.9316,0.3251,0.9867,9,2,3.00,26.0769,180.1821,6.4754,-0.7555,1.9607,7.4801,2.0776,-0.3816,1.5000,-180.59,300.15,0.0000,0.0000
130.200,9,10,0,29.1388,174.5559,2.4580,-0.8889,0.3349,0.9499,9,2,3.00,26.0769,180.1821,6.4055,-0.6936,1.9607,7.4248,2.0692,-0.3888,1.5000,-49.31,342.10,0.0000,0.0000
130.300,9,10,0,29.0631,174.5935,2.4624,-0.8412,0.3502,0.9112,9,2,3.00,26.0769,180.1821,6.3364,-0.6379,1.9607,7.3667,2.0615,-0.4008,1.5000,-100.91,349.99,0.0000,0.0000
130.400,9,10,0,28.9906,174.6335,2.4727,-0.7994,0.3686,0.8803,9,2,3.00,26.0769,180.1821,6.2672,-0.5860,1.9607,7.3205,2.0543,-0.4183,1.5000,-207.01,256.09,0.0000,0.0000
130.500,9,10,0,28.9211,174.6746,2.4880,-0.7617,0.3843,0.8531,9,2,3.00,26.0769,180.1821,6.1986,-0.5374,1.9607,7.2797,2.0475,-0.4405,1.5000,-54.73,206.68,0.0000,0.0000
130.600,9,10,0,28.8866,174.6958,2.5053,-0.7420,0.3890,0.8378,9,2,3.00,26.0769,180.1821,6.1639,-0.5136,1.9607,7.2567,2.0441,-0.4612,1.5000,54.44,177.58,0.0000,0.0000
130.700,9,10,0,28.8195,174.7378,2.5221,-0.7162,0.3999,0.8203,9,2,3.00,26.0769,180.1821,6.0962,-0.4675,1.9607,7.2304,2.0375,-0.4846,1.5000,1.57,-29.08,0.0000,0.0000
130.800,9,10,0,28.7524,174.7809,2.5440,-0.6996,0.4110,0.8114,9,2,3.00,26.0769,180.1821,6.0276,-0.4218,1.9607,7.2171,2.0307,-0.5132,1.5000,46.63,44.44,0.0000,0.0000
130.900,9,10,0,28.6873,174.8217,2.5595,-0.6819,0.4098,0.7956,9,2,3.00,26.0769,180.1821,5.9623,-0.3771,1.9607,7.1933,2.0240,-0.5355,1.5000,-37.19,21.34,0.0000,0.0000
131.000,9,10,0,28.6247,174.8595,2.5747,-0.6614,0.3981,0.7719,9,2,3.00,26.0769,180.1821,5.9010,-0.3336,1.9607,7.1579,2.0173,-0.5574,1.5000,13.10,39.75,0.0000,0.0000
131.100,9,10,0,28.5959,174.8763,2.5889,-0.6494,0.3883,0.7567,9,2,3.00,26.0769,180.1821,5.8734,-0.3132,1.9607,7.1350,2.0140,-0.5748,1.5000,193.81,76.62,0.0000,0.0000
131.200,9,10,0,28.5383,174.9077,2.6033,-0.6229,0.3614,0.7201,9,2,3.00,26.0769,180.1821,5.8205,-0.2719,1.9607,7.0802,2.0074,-0.5959,1.5000,139.79,183.44,0.0000,0.0000
131.300,9,10,0,28.4807,174.9386,2.6131,-0.6066,0.3427,0.6967,9,2,3.00,26.0769,180.1821,5.7683,-0.2304,1.9607,7.0451,2.0006,-0.6124,1.5000,116.79,251.39,0.0000,0.0000
131.400,9,10,0,28.4207,174.9721,2.6240,-0.6050,0.3408,0.6943,9,2,3.00,26.0769,180.1821,5.7130,-0.1876,1.9607,7.0415,1.9935,-0.6304,1.5000,44.31,107.47,0.0000,0.0000
131.500,9,10,0,28.3560,175.0088,2.6345,-0.6211,0.3505,0.7132,9,2,3.00,26.0769,180.1821,5.6532,-0.1417,1.9607,7.0698,1.9858,-0.6487,1.5000,72.29,103.50,0.0000,0.0000
131.600,9,10,0,28.2869,175.0460,2.6421,-0.6471,0.3585,0.7398,9,2,3.00,26.0769,180.1821,5.5915,-0.0920,1.9607,7.1097,1.9771,-0.6650,1.5000,72.50,150.49,0.0000,0.0000
131.700,9,10,0,28.2142,175.0835,2.6515,-0.6769,0.3648,0.7690,9,2,3.00,26.0769,180.1821,5.5285,-0.0389,1.9607,7.1534,1.9677,-0.6837,1.5000,106.87,122.81,0.0000,0.0000
131.800,9,10,0,28.1384,175.1226,2.6606,-0.7068,0.3748,0.8000,9,2,3.00,26.0769,180.1821,5.4634,0.0163,1.9607,7.2000,1.9577,-0.7029,1.5000,100.38,56.95,0.0000,0.0000
131.900,9,10,0,28.0992,175.1432,2.6682,-0.7160,0.3789,0.8101,9,2,3.00,26.0769,180.1821,5.4296,0.0447,1.9607,7.2151,1.9525,-0.7158,1.5000,106.66,-86.68,0.0000,0.0000
132.000,9,10,0,28.0247,175.1823,2.6748,-0.7262,0.3831,0.8210,9,2,3.00,26.0769,180.1821,5.3659,0.0988,1.9607,7.2315,1.9423,-0.7326,1.5000,80.43,-52.58,0.0000,0.0000
132.100,9,10,0,27.9540,175.2172,2.6799,-0.7187,0.3704,0.8085,9,2,3.00,26.0769,180.1821,5.3080,0.1508,1.9607,7.2127,1.9323,-0.7476,1.5000,41.96,-101.08,0.0000,0.0000
132.200,9,10,0,27.8876,175.2463,2.6824,-0.6987,0.3413,0.7776,9,2,3.00,26.0769,180.1821,5.2575,0.2013,1.9607,7.1663,1.9224,-0.7600,1.5000,119.40,-26.98,0.0000,0.0000
132.300,9,10,0,27.8251,175.2706,2.6834,-0.6717,0.3056,0.7379,9,2,3.00,26.0769,180.1821,5.2134,0.2498,1.9607,7.1069,1.9128,-0.7707,1.5000,178.50,-59.00,0.0000,0.0000
132.400,9,10,0,27.7656,175.2927,2.6813,-0.6441,0.2751,0.7003,9,2,3.00,26.0769,180.1821,5.1728,0.2965,1.9607,7.0505,1.9033,-0.7779,1.5000,224.62,-30.84,0.0000,0.0000
132.500,9,10,0,27.7368,175.3031,2.6795,-0.6352,0.2634,0.6877,9,2,3.00,26.0769,180.1821,5.1537,0.3192,1.9607,7.0315,1.8987,-0.7808,1.5000,133.96,33.93,0.0000,0.0000
132.600,9,10,0,27.6761,175.3240,2.6751,-0.6254,0.2437,0.6712,9,2,3.00,26.0769,180.1821,5.1146,0.3673,1.9607,7.0069,1.8888,-0.7862,1.5000,152.01,31.54,0.0000,0.0000
132.700,9,10,0,27.6130,175.3436,2.6695,-0.6283,0.2266,0.6679,9,2,3.00,26.0769,180.1821,5.0765,0.4183,1.9607,7.0019,1.8782,-0.7913,1.5000,118.13,79.09,0.0000,0.0000
132.800,9,10,0,27.5462,175.3636,2.6621,-0.6435,0.2173,0.6792,9,2,3.00,26.0769,180.1821,5.0376,0.4725,1.9607,7.0188,1.8668,-0.7954,1.5000,167.70,135.71,0.0000,0.0000
132.900,9,10,0,27.5105,175.3745,2.6578,-0.6521,0.2159,0.6869,9,2,3.00,26.0769,180.1821,5.0168,0.5013,1.9607,7.0304,1.8606,-0.7972,1.5000,193.45,128.46,0.0000,0.0000
133.000,9,10,0,27.4755,175.3857,2.6521,-0.6673,0.2191,0.7024,9,2,3.00,26.0769,180.1821,4.9962,0.5294,1.9607,7.0536,1.8545,-0.7976,1.4989,163.23,122.50,0.0000,0.0000
133.100,9,10,0,27.3998,175.4112,2.6467,-0.7005,0.2328,0.7382,9,2,3.00,26.0769,180.1821,4.9509,0.5897,1.9607,7.1073,1.8413,-0.8054,1.4853,167.11,69.96,0.0000,0.0000
133.200,9,10,0,27.3214,175.4387,2.6415,-0.7311,0.2483,0.7721,9,2,3.00,26.0769,180.1821,4.9039,0.6518,1.9607,7.1582,1.8274,-0.8141,1.4712,134.36,139.95,0.0000,0.0000
133.300,9,10,0,27.2411,175.4670,2.6355,-0.7580,0.2610,0.8017,9,2,3.00,26.0769,180.1821,4.8567,0.7154,1.9607,7.2025,1.8129,-0.8226,1.4570,85.93,181.83,0.0000,0.0000
133.400,9,10,0,27.1989,175.4820,2.6315,-0.7687,0.2665,0.8136,9,2,3.00,26.0769,180.1821,4.8322,0.7487,1.9607,7.2204,1.8051,-0.8263,1.4496,35.99,149.18,0.0000,0.0000
133.500,9,10,0,27.1166,175.5119,2.6289,-0.7877,0.2780,0.8353,9,2,3.00,26.0769,180.1821,4.7846,0.8134,1.9607,7.2530,1.7899,-0.8390,1.4354,222.77,23.98,0.0000,0.0000
133.600,9,10,0,27.0770,175.5264,2.6263,-0.7955,0.2828,0.8443,9,2,3.00,26.0769,180.1821,4.7619,0.8446,1.9607,7.2664,1.7824,-0.8439,1.4286,191.56,0.68,0.0000,0.0000
133.700,9,10,0,26.9948,175.5563,2.6237,-0.8056,0.2891,0.8559,9,2,3.00,26.0769,180.1821,4.7160,0.9092,1.9607,7.2838,1.7667,-0.8570,1.4148,287.41,119.43,0.0000,0.0000
133.800,9,10,0,26.9113,175.5865,2.6205,-0.8168,0.2940,0.8681,9,2,3.00,26.0769,180.1821,4.6707,0.9749,1.9607,7.3022,1.7504,-0.8701,1.4012,346.38,54.72,0.0000,0.0000
133.900,9,10,0,26.8240,175.6176,2.6150,-0.8382,0.3001,0.8903,9,2,3.00,26.0769,180.1821,4.6253,1.0439,1.9607,7.3354,1.7330,-0.8819,1.3876,197.09,24.12,0.0000,0.0000
134.000,9,10,0,26.7774,175.6337,2.6092,-0.8498,0.3021,0.9019,9,2,3.00,26.0769,180.1821,4.6021,1.0809,1.9607,7.3529,1.7236,-0.8856,1.3806,197.54,83.65,0.0000,0.0000
134.100,9,10,0,26.6852,175.6648,2.6004,-0.8757,0.3051,0.9273,9,2,3.00,26.0769,180.1821,4.5582,1.1543,1.9607,7.3910,1.7047,-0.8958,1.3674,229.58,102.75,0.0000,0.0000
134.200,9,10,0,26.5905,175.6967,2.5907,-0.9013,0.3104,0.9533,9,2,3.00,26.0769,180.1821,4.5147,1.2298,1.9607,7.4300,1.6848,-0.9059,1.3544,152.49,42.45,0.0000,0.0000
134.300,9,10,0,26.4941,175.7298,2.5831,-0.9236,0.3176,0.9767,9,2,3.00,26.0769,180.1821,4.4718,1.3064,1.9607,7.4651,1.6642,-0.9188,1.3416,106.51,114.76,0.0000,0.0000
134.400,9,10,0,26.4471,175.7459,2.5748,-0.9347,0.3214,0.9884,9,2,3.00,26.0769,180.1821,4.4516,1.3437,1.9607,7.4826,1.6541,-0.9208,1.3355,154.03,97.26,0.0000,0.0000
134.500,9,10,0,26.3511,175.7790,2.5649,-0.9439,0.3245,0.9982,9,2,3.00,26.0769,180.1821,4.4117,1.4199,1.9607,7.4972,1.6330,-0.9319,1.3235,27.88,125.21,0.0000,0.0000
134.600,9,10,0,26.2573,175.8106,2.5578,-0.9420,0.3217,0.9954,9,2,3.00,26.0769,180.1821,4.3752,1.4947,1.9607,7.4931,1.6121,-0.9458,1.3126,133.60,113.63,0.0000,0.0000
134.700,9,10,0,26.1669,175.8413,2.5498,-0.9286,0.3163,0.9810,9,2,3.00,26.0769,180.1821,4.3418,1.5667,1.9607,7.4716,1.5915,-0.9583,1.3025,117.83,0.03,0.0000,0.0000
134.800,9,10,0,26.0788,175.8712,2.5433,-0.9113,0.3101,0.9626,9,2,3.00,26.0769,180.1821,4.3110,1.6367,1.9607,7.4440,1.5713,-0.9721,1.2933,127.28,-91.76,0.0000,0.0000
134.900,9,10,0,25.9943,175.8994,2.5366,-0.8877,0.2999,0.9370,9,2,3.00,26.0769,180.1821,4.2835,1.7042,1.9607,7.4055,1.5515,-0.9851,1.2851,-55.59,-140.62,0.0000,0.0000
135.000,9,10,0,25.9143,175.9241,2.5296,-0.8555,0.2804,0.9002,9,2,3.00,26.0769,180.1821,4.2611,1.7688,1.9607,7.3504,1.5326,-0.9970,1.2783,-56.17,-177.75,0.0000,0.0000
135.100,9,10,0,25.8423,175.9429,2.5221,-0.8062,0.2465,0.8431,9,2,3.00,26.0769,180.1821,4.2457,1.8283,1.9607,7.2646,1.5155,-1.0066,1.2737,39.12,-294.69,0.0000,0.0000
135.200,9,10,0,25.7792,175.9539,2.5128,-0.7423,0.1960,0.7677,9,2,3.00,26.0769,180.1821,4.2387,1.8825,1.9607,7.1516,1.5005,-1.0123,1.2716,9.93,-318.20,0.0000,0.0000
135.300,9,10,0,25.7507,175.9559,2.5024,-0.7035,0.1647,0.7225,9,2,3.00,26.0769,180.1821,4.2388,1.9081,1.9607,7.0837,1.4938,-1.0087,1.2716,94.44,-280.12,0.0000,0.0000
135.400,9,10,0,25.7037,175.9531,2.4863,-0.6185,0.0946,0.6257,9,2,3.00,26.0769,180.1821,4.2455,1.9526,1.9607,6.9386,1.4828,-1.0035,1.2736,314.71,-228.66,0.0000,0.0000
135.500,9,10,0,25.6644,175.9433,2.4710,-0.5370,0.0251,0.5376,9,2,3.00,26.0769,180.1821,4.2588,1.9927,1.9607,6.8064,1.4738,-0.9972,1.2776,277.80,-248.64,0.0000,0.0000
135.600,9,10,0,25.6258,175.9299,2.4511,-0.4826,-0.0324,0.4837,9,2,3.00,26.0769,180.1821,4.2761,2.0335,1.9607,6.7255,1.4651,-0.9860,1.2828,332.79,-134.16,0.0000,0.0000
135.700,9,10,0,25.5849,175.9149,2.4308,-0.4563,-0.0748,0.4624,9,2,3.00,26.0769,180.1821,4.2955,2.0770,1.9607,6.6936,1.4560,-0.9748,1.2887,419.16,-72.65,0.0000,0.0000
135.800,9,10,0,25.5372,175.9036,2.4040,-0.4640,-0.0879,0.4723,9,2,3.00,26.0769,180.1821,4.3124,2.1254,1.9607,6.7084,1.4453,-0.9587,1.2937,436.47,-5.55,0.0000,0.0000
135.900,9,10,0,25.4803,175.9010,2.3692,-0.5023,-0.0651,0.5065,9,2,3.00,26.0769,180.1821,4.3225,2.1790,1.9607,6.7598,1.4323,-0.9369,1.2968,397.44,-70.66,0.0000,0.0000
136.000,9,10,0,25.4491,175.9036,2.3435,-0.5320,-0.0410,0.5336,9,2,3.00,26.0769,180.1821,4.3243,2.2069,1.9607,6.8004,1.4251,-0.9184,1.2973,288.90,-209.36,0.0000,0.0000
136.100,9,10,0,25.3791,175.9161,2.3120,-0.5936,0.0197,0.5939,9,2,3.00,26.0769,180.1821,4.3227,2.2669,1.9607,6.8909,1.4087,-0.9033,1.2968,147.14,-263.80,0.0000,0.0000
136.200,9,10,0,25.3058,175.9313,2.2779,-0.6443,0.0673,0.6478,9,2,3.00,26.0769,180.1821,4.3202,2.3289,1.9607,6.9717,1.3914,-0.8866,1.2961,174.38,-222.19,0.0000,0.0000
136.300,9,10,0,25.2348,175.9430,2.2490,-0.6677,0.0845,0.6730,9,2,3.00,26.0769,180.1821,4.3220,2.3901,1.9607,7.0095,1.3747,-0.8742,1.2966,277.48,-151.53,0.0000,0.0000
136.400,9,10,0,25.1675,175.9509,2.2160,-0.6695,0.0822,0.6745,9,2,3.00,26.0769,180.1821,4.3279,2.4494,1.9607,7.0118,1.3591,-0.8569,1.2984,267.79,-203.09,0.0000,0.0000
136.500,9,10,0,25.1341,175.9541,2.1861,-0.6640,0.0781,0.6686,9,2,3.00,26.0769,180.1821,4.3319,2.4790,1.9607,7.0029,1.3514,-0.8347,1.2996,164.35,-207.29,0.0000,0.0000
136.600,9,10,0,25.0719,175.9583,2.1594,-0.6487,0.0650,0.6519,9,2,3.00,26.0769,180.1821,4.3417,2.5350,1.9607,6.9779,1.3372,-0.8222,1.3025,86.83,-50.21,0.0000,0.0000
136.700,9,10,0,25.0429,175.9595,2.1329,-0.6397,0.0570,0.6422,9,2,3.00,26.0769,180.1821,4.3474,2.5613,1.9607,6.9633,1.3307,-0.8022,1.3042,141.92,-13.07,0.0000,0.0000
136.800,9,10,0,24.9839,175.9629,2.1035,-0.6224,0.0491,0.6243,9,2,3.00,26.0769,180.1821,4.3585,2.6147,1.9607,6.9365,1.3173,-0.7862,1.3075,17.17,-112.43,0.0000,0.0000
136.900,9,10,0,24.9250,175.9692,2.0690,-0.6105,0.0545,0.6129,9,2,3.00,26.0769,180.1821,4.3675,2.6667,1.9607,6.9193,1.3039,-0.7651,1.3103,19.40,-112.31,0.0000,0.0000
137.000,9,10,0,24.8954,175.9728,2.0435,-0.6022,0.0573,0.6050,9,2,3.00,26.0769,180.1821,4.3720,2.6928,1.9607,6.9074,1.2972,-0.7464,1.3116,136.96,-123.57,0.0000,0.0000
137.100,9,10,0,24.8390,175.9804,2.0196,-0.5881,0.0641,0.5916,9,2,3.00,26.0769,180.1821,4.3803,2.7420,1.9607,6.8873,1.2843,-0.7353,1.3141,277.77,-36.74,0.0000,0.0000
137.200,9,10,0,24.8120,175.9850,1.9965,-0.5832,0.0706,0.5874,9,2,3.00,26.0769,180.1821,4.3836,2.7653,1.9607,6.8811,1.2781,-0.7184,1.3151,241.60,85.94,0.0000,0.0000
137.300,9,10,0,24.7558,175.9986,1.9735,-0.5759,0.0950,0.5836,9,2,3.00,26.0769,180.1821,4.3871,2.8121,1.9607,6.8754,1.2649,-0.7086,1.3161,437.47,193.07,0.0000,0.0000
137.400,9,10,0,24.6986,176.0208,1.9513,-0.5751,0.1422,0.5924,9,2,3.00,26.0769,180.1821,4.3837,2.8565,1.9607,6.8886,1.2510,-0.7003,1.3151,403.41,129.43,0.0000,0.0000
137.500,9,10,0,24.6676,176.0375,1.9279,-0.5791,0.1782,0.6059,9,2,3.00,26.0769,180.1821,4.3776,2.8788,1.9607,6.9089,1.2430,-0.6849,1.3133,309.03,203.42,0.0000,0.0000
137.600,9,10,0,24.6040,176.0802,1.9026,-0.5997,0.2684,0.6570,9,2,3.00,26.0769,180.1821,4.3584,2.9214,1.9607,6.9855,1.2261,-0.6766,1.3075,265.29,297.52,0.0000,0.0000
137.700,9,10,0,24.5368,176.1369,1.8825,-0.6257,0.3767,0.7303,9,2,3.00,26.0769,180.1821,4.3285,2.9620,1.9607,7.0955,1.2070,-0.6754,1.2985,337.61,340.25,0.0000,0.0000
137.800,9,10,0,24.4673,176.2095,1.8597,-0.6509,0.5033,0.8228,9,2,3.00,26.0769,180.1821,4.2864,2.9988,1.9607,7.2342,1.1858,-0.6739,1.2859,293.21,200.99,0.0000,0.0000
137.900,9,10,0,24.3965,176.2968,1.8402,-0.6712,0.6370,0.9253,9,2,3.00,26.0769,180.1821,4.2332,3.0310,1.9607,7.3880,1.1626,-0.6776,1.2699,347.01,163.98,0.0000,0.0000
138.000,9,10,0,24.3619,176.3435,1.8244,-0.6812,0.7043,0.9798,9,2,3.00,26.0769,180.1821,4.2043,3.0453,1.9607,7.4697,1.1506,-0.6738,1.2613,290.26,62.71,0.0000,0.0000
138.100,9,10,0,24.2899,176.4460,1.8075,-0.6956,0.8211,1.0761,9,2,3.00,26.0769,180.1821,4.1415,3.0729,1.9607,7.6142,1.1247,-0.6829,1.2424,405.94,-7.24,0.0000,0.0000
138.200,9,10,0,24.2176,176.5510,1.7900,-0.7058,0.9039,1.1469,9,2,3.00,26.0769,180.1821,4.0795,3.0999,1.9607,7.7203,1.0976,-0.6924,1.2238,351.22,-1.49,0.0000,0.0000
138.300,9,10,0,24.1443,176.6554,1.7718,-0.7161,0.9550,1.1936,9,2,3.00,26.0769,180.1821,4.0215,3.1280,1.9607,7.7905,1.0695,-0.7023,1.2064,339.54,116.21,0.0000,0.0000
138.400,9,10,0,24.0711,176.7593,1.7500,-0.7222,0.9857,1.2220,9,2,3.00,26.0769,180.1821,3.9673,3.1562,1.9607,7.8329,1.0407,-0.7093,1.1902,399.09,167.38,0.0000,0.0000
138.500,9,10,0,23.9994,176.8661,1.7266,-0.7206,1.0168,1.2463,9,2,3.00,26.0769,180.1821,3.9130,3.1820,1.9607,7.8694,1.0111,-0.7155,1.1739,227.21,176.39,0.0000,0.0000
138.600,9,10,0,23.9296,176.9776,1.7033,-0.7126,1.0534,1.2718,9,2,3.00,26.0769,180.1821,3.8574,3.2041,1.9607,7.9077,0.9804,-0.7229,1.1572,163.48,181.13,0.0000,0.0000
138.700,9,10,0,23.8944,177.0363,1.6833,-0.7054,1.0684,1.2803,9,2,3.00,26.0769,180.1821,3.8287,3.2144,1.9607,7.9205,0.9643,-0.7190,1.1486,214.46,65.17,0.0000,0.0000
138.800,9,10,0,23.8271,177.1526,1.6666,-0.6936,1.1023,1.3024,9,2,3.00,26.0769,180.1821,3.7735,3.2325,1.9607,7.9535,0.9320,-0.7346,1.1321,183.18,-86.95,0.0000,0.0000
138.900,9,10,0,23.7612,177.2684,1.6485,-0.6806,1.1217,1.3120,9,2,3.00,26.0769,180.1821,3.7218,3.2493,1.9607,7.9680,0.8993,-0.7492,1.1166,259.78,-67.47,0.0000,0.0000
139.000,9,10,0,23.6968,177.3794,1.6278,-0.6674,1.1170,1.3012,9,2,3.00,26.0769,180.1821,3.6770,3.2668,1.9607,7.9518,0.8668,-0.7611,1.1031,418.78,-222.03,0.0000,0.0000
139.100,9,10,0,23.6332,177.4852,1.6054,-0.6556,1.0952,1.2764,9,2,3.00,26.0769,180.1821,3.6393,3.2853,1.9607,7.9146,0.8346,-0.7708,1.0918,454.79,-239.34,0.0000,0.0000
139.200,9,10,0,23.5689,177.5849,1.5802,-0.6513,1.0590,1.2433,9,2,3.00,26.0769,180.1821,3.6105,3.3070,1.9607,7.8649,0.8029,-0.7774,1.0831,458.40,-34.09,0.0000,0.0000
139.300,9,10,0,23.5372,177.6320,1.5553,-0.6528,1.0435,1.2309,9,2,3.00,26.0769,180.1821,3.5990,3.3183,1.9607,7.8463,0.7875,-0.7678,1.0797,469.58,43.30,0.0000,0.0000
139.400,9,10,0,23.4717,177.7310,1.5221,-0.6543,1.0257,1.2166,9,2,3.00,26.0769,180.1821,3.5770,3.3413,1.9607,7.8250,0.7549,-0.7672,1.0731,532.44,45.63,0.0000,0.0000
139.500,9,10,0,23.4070,177.8366,1.4866,-0.6518,1.0382,1.2258,9,2,3.00,26.0769,180.1821,3.5538,3.3610,1.9607,7.8387,0.7208,-0.7658,1.0661,436.83,265.22,0.0000,0.0000
139.600,9,10,0,23.3448,177.9524,1.4517,-0.6408,1.0835,1.2589,9,2,3.00,26.0769,180.1821,3.5265,3.3745,1.9607,7.8883,0.6845,-0.7672,1.0579,326.12,166.61,0.0000,0.0000
139.700,9,10,0,23.2884,178.0815,1.4111,-0.6127,1.1605,1.3123,9,2,3.00,26.0769,180.1821,3.4912,3.3777,1.9607,7.9685,0.6456,-0.7655,1.0474,280.48,231.59,0.0000,0.0000
139.800,9,10,0,23.2381,178.2196,1.3824,-0.5724,1.2417,1.3673,9,2,3.00,26.0769,180.1821,3.4511,3.3716,1.9607,8.0510,0.6049,-0.7775,1.0353,347.06,100.45,0.0000,0.0000
139.900,9,10,0,23.1933,178.3621,1.3546,-0.5272,1.3088,1.4110,9,2,3.00,26.0769,180.1821,3.4099,3.3589,1.9607,8.1165,0.5630,-0.7915,1.0230,438.76,40.88,0.0000,0.0000
140.000,9,10,0,23.1519,178.5056,1.3275,-0.4866,1.3550,1.4397,9,2,3.00,26.0769,180.1821,3.3714,3.3427,1.9607,8.1596,0.5205,-0.8071,1.0114,442.87,-10.16,0.0000,0.0000
140.100,9,10,0,23.1316,178.5791,1.3031,-0.4675,1.3667,1.4444,9,2,3.00,26.0769,180.1821,3.3533,3.3336,1.9607,8.1666,0.4984,-0.8047,1.0060,409.91,-11.91,0.0000,0.0000
140.200,9,10,0,23.1128,178.6479,1.2843,-0.4522,1.3800,1.4522,9,2,3.00,26.0769,180.1821,3.3376,3.3248,1.9607,8.1783,0.4776,-0.8067,1.0013,428.10,108.88,0.0000,0.0000
140.300,9,10,0,23.0758,178.7882,1.2553,-0.4227,1.3890,1.4519,9,2,3.00,26.0769,180.1821,3.3090,3.3057,1.9607,8.1778,0.4348,-0.8205,0.9927,412.01,184.46,0.0000,0.0000
140.400,9,10,0,23.0421,178.9291,1.2293,-0.3913,1.3972,1.4509,9,2,3.00,26.0769,180.1821,3.2833,3.2833,1.9607,8.1764,0.3916,-0.8377,0.9850,352.06,129.78,0.0000,0.0000
140.500,9,10,0,23.0139,179.0728,1.2005,-0.3514,1.4129,1.4559,9,2,3.00,26.0769,180.1821,3.2577,3.2548,1.9607,8.1838,0.3475,-0.8531,0.9773,387.80,108.14,0.0000,0.0000
140.600,9,10,0,23.0015,179.1482,1.1735,-0.3286,1.4204,1.4579,9,2,3.00,26.0769,180.1821,3.2445,3.2375,1.9607,8.1869,0.3243,-0.8491,0.9733,365.82,108.09,0.0000,0.0000
140.700,9,10,0,22.9817,179.2978,1.1488,-0.2813,1.4472,1.4743,9,2,3.00,26.0769,180.1821,3.2190,3.1990,1.9607,8.2114,0.2783,-0.8705,0.9657,405.08,21.68,0.0000,0.0000
140.800,9,10,0,22.9670,179.4502,1.1244,-0.2326,1.4747,1.4929,9,2,3.00,26.0769,180.1821,3.1948,3.1547,1.9607,8.2393,0.2312,-0.8932,0.9585,423.12,-22.99,0.0000,0.0000
140.900,9,10,0,22.9613,179.5247,1.0951,-0.2096,1.4902,1.5049,9,2,3.00,26.0769,180.1821,3.1841,3.1316,1.9607,8.2573,0.2080,-0.8872,0.9552,380.02,-66.00,0.0000,0.0000
141.000,9,10,0,22.9522,179.6780,1.0692,-0.1668,1.5061,1.5154,9,2,3.00,26.0769,180.1821,3.1651,3.0818,1.9607,8.2730,0.1600,-0.9092,0.9495,546.45,-35.12,0.0000,0.0000
141.100,9,10,0,22.9444,179.8290,1.0382,-0.1346,1.5084,1.5144,9,2,3.00,26.0769,180.1821,3.1523,3.0315,1.9607,8.2716,0.1123,-0.9260,0.9457,640.66,-79.15,0.0000,0.0000
141.200,9,10,0,22.9389,179.9802,1.0048,-0.1055,1.5108,1.5145,9,2,3.00,26.0769,180.1821,3.1444,2.9791,1.9607,8.2717,0.0643,-0.9405,0.9433,725.97,-38.37,0.0000,0.0000
141.300,9,10,0,22.9375,180.0592,0.9723,-0.0900,1.5122,1.5149,9,2,3.00,26.0769,180.1821,3.1418,2.9505,1.9607,8.2723,0.0391,-0.9332,0.9425,627.62,-66.98,0.0000,0.0000
141.400,9,10,0,22.9387,180.2162,0.9371,-0.0527,1.5330,1.5339,9,2,3.00,26.0769,180.1821,3.1383,2.8896,1.9607,8.3008,-0.0109,-0.9479,0.9415,625.12,-8.95,0.0000,0.0000
141.500,9,10,0,22.9416,180.2940,0.8997,-0.0303,1.5506,1.5508,9,2,3.00,26.0769,180.1821,3.1373,2.8574,1.9607,8.3263,-0.0357,-0.9353,0.9412,510.84,-41.38,0.0000,0.0000
141.600,9,10,0,22.9534,180.4580,0.8608,0.0243,1.5840,1.5842,9,2,3.00,26.0769,180.1821,3.1356,2.7842,1.9607,8.3764,-0.0881,-0.9489,0.9407,400.28,20.09,0.0000,0.0000
141.700,9,10,0,22.9727,180.6237,0.8154,0.0861,1.6115,1.6138,9,2,3.00,26.0769,180.1821,3.1354,2.7033,1.9607,8.4207,-0.1413,-0.9567,0.9406,489.42,16.07,0.0000,0.0000
141.800,9,10,0,22.9991,180.7879,0.7732,0.1510,1.6232,1.6302,9,2,3.00,26.0769,180.1821,3.1368,2.6165,1.9607,8.4453,-0.1943,-0.9676,0.9411,456.56,-58.85,0.0000,0.0000
141.900,9,10,0,23.0322,180.9495,0.7255,0.2167,1.6209,1.6354,9,2,3.00,26.0769,180.1821,3.1399,2.5245,1.9607,8.4530,-0.2469,-0.9723,0.9420,482.58,-5.19,0.0000,0.0000
142.000,9,10,0,23.0511,181.0313,0.6836,0.2460,1.6114,1.6301,9,2,3.00,26.0769,180.1821,3.1427,2.4759,1.9607,8.4451,-0.2736,-0.9572,0.9428,433.39,-17.99,0.0000,0.0000
142.100,9,10,0,23.0913,181.1880,0.6395,0.3024,1.5946,1.6230,9,2,3.00,26.0769,180.1821,3.1505,2.3792,1.9607,8.4345,-0.3249,-0.9644,0.9451,460.89,-2.57,0.0000,0.0000
142.200,9,10,0,23.1355,181.3412,0.5967,0.3529,1.5717,1.6108,9,2,3.00,26.0769,180.1821,3.1615,2.2800,1.9607,8.4163,-0.3754,-0.9721,0.9485,433.61,39.11,0.0000,0.0000
142.300,9,10,0,23.1854,181.4923,0.5545,0.4058,1.5492,1.6015,9,2,3.00,26.0769,180.1821,3.1745,2.1765,1.9607,8.4022,-0.4254,-0.9799,0.9523,371.65,-5.01,0.0000,0.0000
142.400,9,10,0,23.2419,181.6402,0.5086,0.4636,1.5234,1.5924,9,2,3.00,26.0769,180.1821,3.1879,2.0679,1.9607,8.3885,-0.4751,-0.9836,0.9564,370.67,131.10,0.0000,0.0000
142.500,9,10,0,23.3061,181.7852,0.4639,0.5279,1.4961,1.5865,9,2,3.00,26.0769,180.1821,3.2011,1.9535,1.9607,8.3798,-0.5245,-0.9883,0.9603,279.46,78.98,0.0000,0.0000
142.600,9,10,0,23.3795,181.9267,0.4266,0.6026,1.4664,1.5854,9,2,3.00,26.0769,180.1821,3.2124,1.8318,1.9607,8.3781,-0.5741,-1.0007,0.9637,324.56,-45.94,0.0000,0.0000
142.700,9,10,0,23.4174,181.9936,0.3886,0.6401,1.4518,1.5867,9,2,3.00,26.0769,180.1821,3.2178,1.7713,1.9607,8.3800,-0.5980,-0.9866,0.9653,306.92,-3.09,0.0000,0.0000
142.800,9,10,0,23.5396,182.1944,0.3485,0.7206,1.3863,1.5624,9,2,3.00,26.0769,180.1821,3.2384,1.5820,1.9607,8.3435,-0.6705,-1.0190,0.9715,314.16,-17.91,0.0000,0.0000
142.900,9,10,0,23.5792,182.2559,0.3092,0.7417,1.3653,1.5538,9,2,3.00,26.0769,180.1821,3.2463,1.5220,1.9607,8.3306,-0.6929,-1.0022,0.9739,260.65,-59.29,0.0000,0.0000
143.000,9,10,0,23.6613,182.3782,0.2705,0.7710,1.3139,1.5234,9,2,3.00,26.0769,180.1821,3.2645,1.3995,1.9607,8.2851,-0.7378,-1.0083,0.9794,272.24,-79.29,0.0000,0.0000
143.100,9,10,0,23.7426,182.4935,0.2374,0.7859,1.2556,1.4813,9,2,3.00,26.0769,180.1821,3.2850,1.2806,1.9607,8.2219,-0.7805,-1.0178,0.9855,280.83,-61.31,0.0000,0.0000
143.200,9,10,0,23.8220,182.6030,0.1949,0.7892,1.1978,1.4344,9,2,3.00,26.0769,180.1821,3.3083,1.1655,1.9607,8.1517,-0.8209,-1.0157,0.9925,235.03,-34.62,0.0000,0.0000
143.300,9,10,0,23.9015,182.7081,0.1581,0.7919,1.1449,1.3921,9,2,3.00,26.0769,180.1821,3.3336,1.0520,1.9607,8.0881,-0.8598,-1.0179,1.0001,244.27,-139.79,0.0000,0.0000
143.400,9,10,0,23.9820,182.8080,0.1219,0.7972,1.0923,1.3523,9,2,3.00,26.0769,180.1821,3.3591,0.9396,1.9607,8.0284,-0.8974,-1.0193,1.0077,271.46,-225.31,0.0000,0.0000
143.500,9,10,0,24.0617,182.9031,0.0857,0.7972,1.0416,1.3117,9,2,3.00,26.0769,180.1821,3.3860,0.8297,1.9607,7.9675,-0.9333,-1.0190,1.0158,295.93,-209.45,0.0000,0.0000
143.600,9,10,0,24.1387,182.9943,0.0486,0.7873,0.9948,1.2687,9,2,3.00,26.0769,180.1821,3.4154,0.7239,1.9607,7.9031,-0.9673,-1.0160,1.0246,382.14,-124.19,0.0000,0.0000
143.700,9,10,0,24.2133,183.0824,0.0178,0.7730,0.9541,1.2279,9,2,3.00,26.0769,180.1821,3.4474,0.6213,1.9607,7.8419,-0.9997,-1.0175,1.0342,432.86,-109.93,0.0000,0.0000
143.800,9,10,0,24.2893,183.1679,-0.0141,0.7691,0.9184,1.1979,9,2,3.00,26.0769,180.1821,3.4799,0.5185,1.9607,7.7969,-1.0313,-1.0172,1.0440,302.30,-168.35,0.0000,0.0000
143.900,9,10,0,24.3295,183.2107,-0.0524,0.7698,0.8996,1.1840,9,2,3.00,26.0769,180.1821,3.4965,0.4651,1.9607,7.7760,-1.0475,-0.9951,1.0490,271.73,-237.41,0.0000,0.0000
144.000,9,10,0,24.4073,183.2917,-0.0807,0.7724,0.8667,1.1609,9,2,3.00,26.0769,180.1821,3.5294,0.3624,1.9607,7.7414,-1.0780,-0.9974,1.0588,373.07,-213.34,0.0000,0.0000
144.100,9,10,0,24.4446,183.3299,-0.1150,0.7734,0.8527,1.1512,9,2,3.00,26.0769,180.1821,3.5458,0.3133,1.9607,7.7268,-1.0924,-0.9774,1.0637,317.67,-189.45,0.0000,0.0000
144.200,9,10,0,24.5222,183.4067,-0.1502,0.7752,0.8221,1.1299,9,2,3.00,26.0769,180.1821,3.5797,0.2123,1.9607,7.6949,-1.1216,-0.9713,1.0739,278.57,-91.90,0.0000,0.0000
144.300,9,10,0,24.6016,183.4799,-0.1858,0.7827,0.7896,1.1118,9,2,3.00,26.0769,180.1821,3.6127,0.1110,1.9607,7.6677,-1.1502,-0.9643,1.0838,339.72,-69.84,0.0000,0.0000
144.400,9,10,0,24.6843,183.5482,-0.2297,0.7996,0.7508,1.0968,9,2,3.00,26.0769,180.1821,3.6427,0.0086,1.9607,7.6452,-1.1785,-0.9488,1.0928,198.98,-149.65,0.0000,0.0000
144.500,9,10,0,24.7280,183.5813,-0.2687,0.8079,0.7279,1.0874,9,2,3.00,26.0769,180.1821,3.6570,-0.0444,1.9607,7.6312,-1.1930,-0.9244,1.0971,102.62,-98.70,0.0000,0.0000
144.600,9,10,0,24.8119,183.6420,-0.3023,0.8184,0.6839,1.0666,9,2,3.00,26.0769,180.1821,3.6838,-0.1450,1.9607,7.5999,-1.2203,-0.9180,1.1052,181.79,-146.38,0.0000,0.0000
144.700,9,10,0,24.8922,183.6982,-0.3384,0.8125,0.6396,1.0340,9,2,3.00,26.0769,180.1821,3.7103,-0.2407,1.9607,7.5511,-1.2458,-0.9074,1.1131,183.92,-259.03,0.0000,0.0000
144.800,9,10,0,24.9693,183.7512,-0.3726,0.7970,0.5999,0.9976,9,2,3.00,26.0769,180.1821,3.7370,-0.3321,1.9607,7.4964,-1.2699,-0.8973,1.1211,282.69,-188.72,0.0000,0.0000
144.900,9,10,0,25.0052,183.7763,-0.4041,0.7871,0.5844,0.9803,9,2,3.00,26.0769,180.1821,3.7505,-0.3748,1.9607,7.4705,-1.2810,-0.8769,1.1252,173.34,-199.40,0.0000,0.0000
145.000,9,10,0,25.0768,183.8261,-0.4356,0.7616,0.5535,0.9415,9,2,3.00,26.0769,180.1821,3.7787,-0.4601,1.9607,7.4122,-1.3029,-0.8674,1.1336,242.19,-134.54,0.0000,0.0000
145.100,9,10,0,25.1457,183.8734,-0.4722,0.7356,0.5242,0.9033,9,2,3.00,26.0769,180.1821,3.8069,-0.5417,1.9607,7.3549,-1.3237,-0.8515,1.1421,228.51,-141.73,0.0000,0.0000
145.200,9,10,0,25.2140,183.9171,-0.5113,0.7170,0.4926,0.8699,9,2,3.00,26.0769,180.1821,3.8333,-0.6215,1.9607,7.3049,-1.3437,-0.8324,1.1500,268.54,-230.80,0.0000,0.0000
145.300,9,10,0,25.2491,183.9382,-0.5426,0.7086,0.4753,0.8532,9,2,3.00,26.0769,180.1821,3.8462,-0.6620,1.9607,7.2798,-1.3539,-0.8113,1.1539,217.49,-348.19,0.0000,0.0000
145.400,9,10,0,25.3169,183.9776,-0.5824,0.6973,0.4459,0.8277,9,2,3.00,26.0769,180.1821,3.8708,-0.7397,1.9607,7.2415,-1.3732,-0.7908,1.1613,137.05,-363.38,0.0000,0.0000
145.500,9,10,0,25.3816,184.0168,-0.6154,0.6788,0.4263,0.8015,9,2,3.00,26.0769,180.1821,3.8972,-0.8144,1.9607,7.2023,-1.3914,-0.7761,1.1692,168.45,-410.47,0.0000,0.0000
145.600,9,10,0,25.4406,184.0573,-0.6577,0.6465,0.4186,0.7702,9,2,3.00,26.0769,180.1821,3.9270,-0.8845,1.9607,7.1553,-1.4081,-0.7504,1.1781,362.59,-435.70,0.0000,0.0000
145.700,9,10,0,25.4943,184.1001,-0.6963,0.6064,0.4222,0.7388,9,2,3.00,26.0769,180.1821,3.9611,-0.9503,1.9607,7.1083,-1.4232,-0.7269,1.1883,426.21,-328.54,0.0000,0.0000
145.800,9,10,0,25.5194,184.1212,-0.7396,0.5900,0.4255,0.7274,9,2,3.00,26.0769,180.1821,3.9783,-0.9816,1.9607,7.0911,-1.4302,-0.6907,1.1935,381.79,-313.09,0.0000,0.0000
145.900,9,10,0,25.5713,184.1634,-0.7789,0.5646,0.4245,0.7064,9,2,3.00,26.0769,180.1821,4.0133,-1.0457,1.9607,7.0595,-1.4445,-0.6656,1.2040,413.56,-282.54,0.0000,0.0000
146.000,9,10,0,25.6243,184.2031,-0.8249,0.5528,0.4142,0.6908,9,2,3.00,26.0769,180.1821,4.0464,-1.1098,1.9607,7.0362,-1.4587,-0.6339,1.2139,393.57,-297.80,0.0000,0.0000
146.100,9,10,0,25.6807,184.2380,-0.8829,0.5578,0.3901,0.6806,9,2,3.00,26.0769,180.1821,4.0751,-1.1752,1.9607,7.0209,-1.4734,-0.5906,1.2225,321.55,-131.04,0.0000,0.0000
146.200,9,10,0,25.7408,184.2659,-0.9258,0.5741,0.3492,0.6719,9,2,3.00,26.0769,180.1821,4.0976,-1.2414,1.9607,7.0079,-1.4887,-0.5629,1.2293,256.96,-90.65,0.0000,0.0000
146.300,9,10,0,25.8042,184.2840,-0.9781,0.5962,0.2873,0.6618,9,2,3.00,26.0769,180.1821,4.1109,-1.3069,1.9607,6.9927,-1.5044,-0.5263,1.2333,215.92,76.01,0.0000,0.0000
146.400,9,10,0,25.8700,184.2907,-1.0277,0.6192,0.2065,0.6527,9,2,3.00,26.0769,180.1821,4.1138,-1.3703,1.9607,6.9790,-1.5205,-0.4928,1.2341,167.47,-22.34,0.0000,0.0000
146.500,9,10,0,25.9356,184.2867,-1.0730,0.6327,0.1165,0.6433,9,2,3.00,26.0769,180.1821,4.1070,-1.4295,1.9607,6.9650,-1.5364,-0.4634,1.2321,190.91,55.10,0.0000,0.0000
146.600,9,10,0,25.9691,184.2814,-1.1113,0.6351,0.0728,0.6393,9,2,3.00,26.0769,180.1821,4.1007,-1.4585,1.9607,6.9589,-1.5445,-0.4332,1.2302,153.34,43.74,0.0000,0.0000
146.700,9,10,0,26.0339,184.2652,-1.1479,0.6394,-0.0123,0.6395,9,2,3.00,26.0769,180.1821,4.0832,-1.5122,1.9607,6.9593,-1.5603,-0.4123,1.2250,194.24,136.07,0.0000,0.0000
146.800,9,10,0,26.0984,184.2418,-1.1790,0.6413,-0.0925,0.6479,9,2,3.00,26.0769,180.1821,4.0597,-1.5630,1.9607,6.9719,-1.5761,-0.3971,1.2179,109.97,181.16,0.0000,0.0000
146.900,9,10,0,26.1628,184.2097,-1.2103,0.6422,-0.1751,0.6657,9,2,3.00,26.0769,180.1821,4.0285,-1.6104,1.9607,6.9985,-1.5921,-0.3819,1.2085,177.13,185.40,0.0000,0.0000
147.000,9,10,0,26.2266,184.1684,-1.2373,0.6402,-0.2612,0.6914,9,2,3.00,26.0769,180.1821,3.9891,-1.6536,1.9607,7.0371,-1.6083,-0.3711,1.1967,237.76,105.46,0.0000,0.0000
147.100,9,10,0,26.2900,184.1174,-1.2607,0.6380,-0.3512,0.7283,9,2,3.00,26.0769,180.1821,3.9411,-1.6930,1.9607,7.0924,-1.6249,-0.3642,1.1823,106.21,159.33,0.0000,0.0000
147.200,9,10,0,26.3537,184.0576,-1.2817,0.6375,-0.4405,0.7749,9,2,3.00,26.0769,180.1821,3.8854,-1.7291,1.9607,7.1623,-1.6421,-0.3604,1.1656,80.63,143.33,0.0000,0.0000
147.300,9,10,0,26.4169,183.9904,-1.3003,0.6353,-0.5243,0.8237,9,2,3.00,26.0769,180.1821,3.8234,-1.7620,1.9607,7.2356,-1.6599,-0.3596,1.1470,142.86,66.61,0.0000,0.0000
147.400,9,10,0,26.4789,183.9186,-1.3134,0.6293,-0.5938,0.8653,9,2,3.00,26.0769,180.1821,3.7581,-1.7921,1.9607,7.2979,-1.6780,-0.3646,1.1274,194.13,-8.80,0.0000,0.0000
147.500,9,10,0,26.5083,183.8833,-1.3229,0.6262,-0.6223,0.8828,9,2,3.00,26.0769,180.1821,3.7262,-1.8059,1.9607,7.3242,-1.6868,-0.3640,1.1179,191.52,73.62,0.0000,0.0000
147.600,9,10,0,26.5685,183.8100,-1.3379,0.6176,-0.6628,0.9060,9,2,3.00,26.0769,180.1821,3.6610,-1.8336,1.9607,7.3590,-1.7055,-0.3676,1.0983,123.25,194.41,0.0000,0.0000
147.700,9,10,0,26.6278,183.7349,-1.3500,0.6089,-0.6952,0.9242,9,2,3.00,26.0769,180.1821,3.5952,-1.8599,1.9607,7.3862,-1.7246,-0.3746,1.0786,65.11,130.06,0.0000,0.0000
147.800,9,10,0,26.6575,183.6953,-1.3626,0.6014,-0.7086,0.9294,9,2,3.00,26.0769,180.1821,3.5608,-1.8724,1.9607,7.3941,-1.7346,-0.3720,1.0682,-30.32,37.46,0.0000,0.0000
147.900,9,10,0,26.7131,183.6181,-1.3722,0.5849,-0.7310,0.9362,9,2,3.00,26.0769,180.1821,3.4944,-1.8945,1.9607,7.4043,-1.7539,-0.3817,1.0483,-8.33,-48.36,0.0000,0.0000
148.000,9,10,0,26.7657,183.5444,-1.3807,0.5631,-0.7325,0.9240,9,2,3.00,26.0769,180.1821,3.4321,-1.9151,1.9607,7.3859,-1.7729,-0.3921,1.0296,-109.17,85.72,0.0000,0.0000
148.100,9,10,0,26.7904,183.5107,-1.3883,0.5537,-0.7264,0.9134,9,2,3.00,26.0769,180.1821,3.4042,-1.9252,1.9607,7.3701,-1.7820,-0.3937,1.0213,-9.68,153.86,0.0000,0.0000
148.200,9,10,0,26.8399,183.4450,-1.3952,0.5322,-0.7014,0.8804,9,2,3.00,26.0769,180.1821,3.3509,-1.9459,1.9607,7.3207,-1.8005,-0.4053,1.0053,102.46,119.93,0.0000,0.0000
148.300,9,10,0,26.8864,183.3808,-1.3998,0.5082,-0.6803,0.8491,9,2,3.00,26.0769,180.1821,3.2996,-1.9646,1.9607,7.2737,-1.8187,-0.4189,0.9899,116.89,89.82,0.0000,0.0000
148.400,9,10,0,26.9301,183.3161,-1.4043,0.4822,-0.6688,0.8245,9,2,3.00,26.0769,180.1821,3.2481,-1.9804,1.9607,7.2368,-1.8366,-0.4323,0.9744,159.17,105.74,0.0000,0.0000
148.500,9,10,0,26.9517,183.2822,-1.4081,0.4691,-0.6656,0.8143,9,2,3.00,26.0769,180.1821,3.2211,-1.9875,1.9607,7.2215,-1.8459,-0.4378,0.9663,151.32,-35.13,0.0000,0.0000
148.600,9,10,0,26.9936,183.2144,-1.4116,0.4509,-0.6699,0.8075,9,2,3.00,26.0769,180.1821,3.1678,-2.0005,1.9607,7.2113,-1.8644,-0.4528,0.9504,179.77,-129.41,0.0000,0.0000
148.700,9,10,0,27.0367,183.1469,-1.4164,0.4437,-0.6715,0.8049,9,2,3.00,26.0769,180.1821,3.1163,-2.0147,1.9607,7.2073,-1.8839,-0.4675,0.9349,64.37,-175.92,0.0000,0.0000
148.800,9,10,0,27.0814,183.0827,-1.4221,0.4448,-0.6603,0.7961,9,2,3.00,26.0769,180.1821,3.0696,-2.0316,1.9607,7.1942,-1.9042,-0.4821,0.9209,289.47,-177.71,0.0000,0.0000
148.900,9,10,0,27.1031,183.0534,-1.4337,0.4463,-0.6502,0.7887,9,2,3.00,26.0769,180.1821,3.0492,-2.0406,1.9607,7.1830,-1.9141,-0.4803,0.9148,347.13,-82.88,0.0000,0.0000
149.000,9,10,0,27.1480,182.9944,-1.4453,0.4476,-0.6292,0.7722,9,2,3.00,26.0769,180.1821,3.0093,-2.0597,1.9607,7.1583,-1.9347,-0.4895,0.9028,388.73,-132.03,0.0000,0.0000
149.100,9,10,0,27.1934,182.9336,-1.4617,0.4500,-0.6220,0.7677,9,2,3.00,26.0769,180.1821,2.9694,-2.0785,1.9607,7.1515,-1.9563,-0.4946,0.0000,6.26,-4.22,0.0000,0.0000
149.200,9,10,0,27.2399,182.8706,-1.4823,0.4558,-0.6254,0.7739,9,2,3.00,26.0769,180.1821,2.9293,-2.0976,1.9607,7.1609,-1.9791,-0.4968,0.0000,0.78,5.29,0.0000,0.0000
149.300,9,10,0,27.2857,182.8084,-1.5008,0.4569,-0.6245,0.7737,9,2,3.00,26.0769,180.1821,2.8911,-2.1164,1.9607,7.1606,-2.0022,-0.5014,0.0000,6.39,-4.39,0.0000,0.0000
149.400,9,10,0,27.3297,182.7473,-1.5210,0.4506,-0.6197,0.7662,9,2,3.00,26.0769,180.1821,2.8548,-2.1338,1.9607,7.1493,-2.0251,-0.5042,0.0000,0.86,5.13,0.0000,0.0000
149.500,9,10,0,27.3706,182.6874,-1.5391,0.4352,-0.6125,0.7514,9,2,3.00,26.0769,180.1821,2.8196,-2.1488,1.9607,7.1271,-2.0475,-0.5084,0.0000,0.91,5.11,0.0000,0.0000
149.600,9,10,0,27.3901,182.6572,-1.5520,0.4234,-0.6062,0.7394,9,2,3.00,26.0769,180.1821,2.8019,-2.1555,1.9607,7.1092,-2.0586,-0.5066,0.0000,0.94,5.12,0.0000,0.0000
149.700,9,10,0,27.4258,182.6004,-1.5664,0.3992,-0.5921,0.7141,9,2,3.00,26.0769,180.1821,2.7691,-2.1669,1.9607,7.0712,-2.0796,-0.5133,0.0000,6.70,-4.56,0.0000,0.0000
149.800,9,10,0,27.4597,182.5465,-1.5790,0.3774,-0.5726,0.6858,9,2,3.00,26.0769,180.1821,2.7391,-2.1778,1.9607,7.0286,-2.1000,-0.5210,0.0000,6.77,-4.56,0.0000,0.0000
149.900,9,10,0,27.4927,182.4957,-1.5905,0.3601,-0.5491,0.6567,9,2,3.00,26.0769,180.1821,2.7124,-2.1889,1.9607,6.9850,-2.1200,-0.5295,0.0000,1.11,5.04,0.0000,0.0000
150.000,9,10,0,27.5243,182.4474,-1.6009,0.3438,-0.5250,0.6276,9,2,3.00,26.0769,180.1821,2.6882,-2.1998,1.9607,6.9414,-2.1394,-0.5384,0.0000,1.19,5.06,0.0000,0.0000
150.100,9,10,0,27.5532,182.4009,-1.6101,0.3242,-0.5031,0.5985,9,2,3.00,26.0769,180.1821,2.6651,-2.2089,1.9607,6.8977,-2.1579,-0.5478,0.0000,7.04,-4.59,0.0000,0.0000
150.200,9,10,0,27.5796,182.3556,-1.6182,0.3021,-0.4849,0.5713,9,2,3.00,26.0769,180.1821,2.6424,-2.2161,1.9607,6.8570,-2.1757,-0.5575,0.0000,7.12,-4.60,0.0000,0.0000
150.300,9,10,0,27.6045,182.3108,-1.6257,0.2829,-0.4714,0.5497,9,2,3.00,26.0769,180.1821,2.6201,-2.2221,1.9607,6.8246,-2.1933,-0.5676,0.0000,1.36,5.04,0.0000,0.0000
150.400,9,10,0,27.6287,182.2664,-1.6307,0.2682,-0.4614,0.5337,9,2,3.00,26.0769,180.1821,2.5986,-2.2276,1.9607,6.8006,-2.2108,-0.5801,0.0000,7.20,-4.61,0.0000,0.0000
150.500,9,10,0,27.6518,182.2227,-1.6387,0.2546,-0.4527,0.5193,9,2,3.00,26.0769,180.1821,2.5776,-2.2323,1.9607,6.7790,-2.2281,-0.5895,0.0000,7.27,-4.65,0.0000,0.0000
150.600,9,10,0,27.6731,182.1798,-1.6448,0.2395,-0.4437,0.5042,9,2,3.00,26.0769,180.1821,2.5571,-2.2358,1.9607,6.7563,-2.2450,-0.6001,0.0000,1.46,4.99,0.0000,0.0000
150.700,9,10,0,27.6927,182.1381,-1.6489,0.2236,-0.4339,0.4881,9,2,3.00,26.0769,180.1821,2.5371,-2.2381,1.9607,6.7322,-2.2612,-0.6124,0.0000,7.31,-4.65,0.0000,0.0000
150.800,9,10,0,27.7111,182.0974,-1.6527,0.2092,-0.4242,0.4729,9,2,3.00,26.0769,180.1821,2.5177,-2.2396,1.9607,6.7094,-2.2772,-0.6245,0.0000,7.36,-4.67,0.0000,0.0000
150.900,9,10,0,27.7288,182.0573,-1.6583,0.1976,-0.4158,0.4603,9,2,3.00,26.0769,180.1821,2.4990,-2.2407,1.9607,6.6905,-2.2930,-0.6347,0.0000,1.55,4.94,0.0000,0.0000
151.000,9,10,0,27.7460,182.0173,-1.6621,0.1882,-0.4101,0.4512,9,2,3.00,26.0769,180.1821,2.4807,-2.2414,1.9607,6.6769,-2.3089,-0.6468,0.0000,7.43,-4.72,0.0000,0.0000
151.100,9,10,0,27.7539,181.9977,-1.6649,0.1837,-0.4096,0.4489,9,2,3.00,26.0769,180.1821,2.4716,-2.2413,1.9607,6.6734,-2.3166,-0.6517,0.0000,1.59,4.91,0.0000,0.0000
151.200,9,10,0,27.7693,181.9569,-1.6678,0.1729,-0.4092,0.4443,9,2,3.00,26.0769,180.1821,2.4524,-2.2401,1.9607,6.6664,-2.3325,-0.6646,0.0000,1.59,4.89,0.0000,0.0000
151.300,9,10,0,27.7834,181.9157,-1.6709,0.1612,-0.4106,0.4411,9,2,3.00,26.0769,180.1821,2.4326,-2.2374,1.9607,6.6617,-2.3483,-0.6774,0.0000,7.45,-4.79,0.0000,0.0000
151.400,9,10,0,27.7902,181.8944,-1.6735,0.1552,-0.4103,0.4387,9,2,3.00,26.0769,180.1821,2.4223,-2.2356,1.9607,6.6580,-2.3565,-0.6830,0.0000,7.43,-4.78,0.0000,0.0000
151.500,9,10,0,27.8033,181.8534,-1.6756,0.1462,-0.4102,0.4355,9,2,3.00,26.0769,180.1821,2.4028,-2.2321,1.9607,6.6532,-2.3724,-0.6969,0.0000,1.59,4.80,0.0000,0.0000
151.600,9,10,0,27.8096,181.8336,-1.6781,0.1433,-0.4104,0.4347,9,2,3.00,26.0769,180.1821,2.3937,-2.2304,1.9607,6.6521,-2.3802,-0.7020,0.0000,7.45,-4.85,0.0000,0.0000
151.700,9,10,0,27.8224,181.7934,-1.6803,0.1380,-0.4077,0.4304,9,2,3.00,26.0769,180.1821,2.3756,-2.2270,1.9607,6.6456,-2.3962,-0.7159,0.0000,7.45,-4.86,0.0000,0.0000
151.800,9,10,0,27.8345,181.7539,-1.6837,0.1316,-0.4034,0.4243,9,2,3.00,26.0769,180.1821,2.3579,-2.2231,1.9607,6.6364,-2.4120,-0.7282,0.0000,1.62,4.78,0.0000,0.0000
151.900,9,10,0,27.8457,181.7150,-1.6848,0.1247,-0.3982,0.4173,9,2,3.00,26.0769,180.1821,2.3406,-2.2187,1.9607,6.6259,-2.4276,-0.7428,0.0000,7.51,-4.92,0.0000,0.0000
152.000,9,10,0,27.8513,181.6952,-1.6869,0.1211,-0.3948,0.4129,9,2,3.00,26.0769,180.1821,2.3319,-2.2163,1.9607,6.6194,-2.4355,-0.7486,0.0000,7.48,-4.91,0.0000,0.0000
152.100,9,10,0,27.8619,181.6570,-1.6887,0.1156,-0.3900,0.4068,9,2,3.00,26.0769,180.1821,2.3155,-2.2116,1.9607,6.6102,-2.4511,-0.7624,0.0000,7.52,-4.94,0.0000,0.0000
152.200,9,10,1,27.8725,181.6191,-1.6906,0.1121,-0.3859,0.4019,9,2,3.00,26.0769,180.1821,2.2998,-2.2070,1.9607,6.6028,-2.4667,-0.7761,0.0000,1.66,4.69,0.0000,0.0000
152.300,9,10,1,27.8829,181.5814,-1.6914,0.1094,-0.3824,0.3978,9,2,3.00,26.0769,180.1821,0.0000,0.0000,0.0000,0.0000,-1.6914,0.0000,0.0000,0.00,0.00,0.0000,0.0000
152.400,9,10,1,27.8878,181.5633,-1.6943,0.1077,-0.3815,0.3964,9,2,3.00,26.0769,180.1821,0.0000,0.0000,0.0000,0.0000,-1.6943,0.0000,0.0000,0.00,0.00,0.0000,0.0000
152.500,9,10,1,27.8974,181.5263,-1.6959,0.1035,-0.3775,0.3914,9,2,3.00,26.0769,180.1821,0.0000,0.0000,0.0000,0.0000,-1.6959,0.0000,0.0000,0.00,0.00,0.0000,0.0000
152.600,9,10,1,27.9067,181.4898,-1.6973,0.0999,-0.3732,0.3863,9,2,3.00,26.0769,180.1821,0.0000,0.0000,0.0000,0.0000,-1.6973,0.0000,0.0000,0.00,0.00,0.0000,0.0000
152.700,9,10,1,27.9161,181.4537,-1.6987,0.0977,-0.3691,0.3818,9,2,3.00,26.0769,180.1821,0.0000,0.0000,0.0000,0.0000,-1.6987,0.0000,0.0000,0.00,0.00,0.0000,0.0000
152.800,9,10,1,27.9255,181.4178,-1.6999,0.0966,-0.3655,0.3781,9,2,3.00,26.0769,180.1821,0.0000,0.0000,0.0000,0.0000,-1.6999,0.0000,0.0000,0.00,0.00,0.0000,0.0000
152.900,9,10,1,27.9349,181.3824,-1.7011,0.0955,-0.3616,0.3739,9,2,3.00,26.0769,180.1821,0.0000,0.0000,0.0000,0.0000,-1.7011,0.0000,0.0000,0.00,0.00,0.0000,0.0000
153.000,9,10,1,27.9439,181.3473,-1.7024,0.0937,-0.3579,0.3700,9,2,3.00,26.0769,180.1821,0.0000,0.0000,0.0000,0.0000,-1.7024,0.0000,0.0000,0.00,0.00,0.0000,0.0000
153.100,9,10,1,27.9528,181.3125,-1.7034,0.0919,-0.3544,0.3662,9,2,3.00,26.0769,180.1821,0.0000,0.0000,0.0000,0.0000,-1.7034,0.0000,0.0000,0.00,0.00,0.0000,0.0000
153.200,9,10,1,27.9617,181.2780,-1.7043,0.0909,-0.3511,0.3627,9,2,3.00,26.0769,180.1821,0.0000,0.0000,0.0000,0.0000,-1.7043,0.0000,0.0000,0.00,0.00,0.0000,0.0000
153.300,9,10,1,27.9707,181.2437,-1.7052,0.0907,-0.3484,0.3600,9,2,3.00,26.0769,180.1821,0.0000,0.0000,0.0000,0.0000,-1.7052,0.0000,0.0000,0.00,0.00,0.0000,0.0000
153.400,9,10,1,27.9754,181.2261,-1.7049,0.0905,-0.3464,0.3581,9,2,3.00,26.0769,180.1821,0.0000,0.0000,0.0000,0.0000,-1.7049,0.0000,0.0000,0.00,0.00,0.0000,0.0000
153.500,9,10,1,27.9843,181.1921,-1.7069,0.0902,-0.3441,0.3557,9,2,3.00,26.0769,180.1821,0.0000,0.0000,0.0000,0.0000,-1.7069,0.0000,0.0000,0.00,0.00,0.0000,0.0000
153.600,9,10,1,27.9931,181.1583,-1.7087,0.0893,-0.3419,0.3533,9,2,3.00,26.0769,180.1821,0.0000,0.0000,0.0000,0.0000,-1.7087,0.0000,0.0000,0.00,0.00,0.0000,0.0000
153.700,9,10,1,28.0018,181.1247,-1.7081,0.0885,-0.3394,0.3508,9,2,3.00,26.0769,180.1821,0.0000,0.0000,0.0000,0.0000,-1.7081,0.0000,0.0000,0.00,0.00,0.0000,0.0000
