t,active_idx,total_waypoints,route_completed,x,y,yaw,vx,vy,speed,wp_id,mode_code,pos_tol,wp_x,wp_y,dist_to_wp,e_ct,chi_p,delta,psi_ref,heading_error,u_ref,left_thrust,right_thrust,left_angle,right_angle
0.000,0,0,0,nan,nan,nan,nan,nan,nan,0,0,nan,nan,nan,nan,nan,nan,nan,nan,nan,nan,nan,nan,0.0000,0.0000
0.100,0,0,0,nan,nan,nan,nan,nan,nan,0,0,nan,nan,nan,nan,nan,nan,nan,nan,nan,nan,nan,nan,0.0000,0.0000
0.200,0,0,0,nan,nan,nan,nan,nan,nan,0,0,nan,nan,nan,nan,nan,nan,nan,nan,nan,nan,nan,nan,0.0000,0.0000
0.300,0,0,0,nan,nan,nan,nan,nan,nan,0,0,nan,nan,nan,nan,nan,nan,nan,nan,nan,nan,nan,nan,0.0000,0.0000
0.400,0,0,0,nan,nan,nan,nan,nan,nan,0,0,nan,nan,nan,nan,nan,nan,nan,nan,nan,nan,nan,nan,0.0000,0.0000
0.500,0,0,0,nan,nan,nan,nan,nan,nan,0,0,nan,nan,nan,nan,nan,nan,nan,nan,nan,nan,nan,nan,0.0000,0.0000
0.600,0,0,0,nan,nan,nan,nan,nan,nan,0,0,nan,nan,nan,nan,nan,nan,nan,nan,nan,nan,nan,nan,0.0000,0.0000
0.700,0,0,0,nan,nan,nan,nan,nan,nan,0,0,nan,nan,nan,nan,nan,nan,nan,nan,nan,nan,nan,nan,0.0000,0.0000
0.800,0,0,0,nan,nan,nan,nan,nan,nan,0,0,nan,nan,nan,nan,nan,nan,nan,nan,nan,nan,nan,nan,0.0000,0.0000
0.900,0,0,0,nan,nan,nan,nan,nan,nan,0,0,nan,nan,nan,nan,nan,nan,nan,nan,nan,nan,nan,nan,0.0000,0.0000
1.000,0,0,0,nan,nan,nan,nan,nan,nan,0,0,nan,nan,nan,nan,nan,nan,nan,nan,nan,nan,nan,nan,0.0000,0.0000
1.100,0,0,0,nan,nan,nan,nan,nan,nan,0,0,nan,nan,nan,nan,nan,nan,nan,nan,nan,nan,nan,nan,0.0000,0.0000
1.200,0,0,0,nan,nan,nan,nan,nan,nan,0,0,nan,nan,nan,nan,nan,nan,nan,nan,nan,nan,nan,nan,0.0000,0.0000
1.300,0,0,0,nan,nan,nan,nan,nan,nan,0,0,nan,nan,nan,nan,nan,nan,nan,nan,nan,nan,nan,nan,0.0000,0.0000
1.400,0,0,0,nan,nan,nan,nan,nan,nan,0,0,nan,nan,nan,nan,nan,nan,nan,nan,nan,nan,nan,nan,0.0000,0.0000
1.500,0,0,0,nan,nan,nan,nan,nan,nan,0,0,nan,nan,nan,nan,nan,nan,nan,nan,nan,nan,nan,nan,0.0000,0.0000
1.600,0,0,0,nan,nan,nan,nan,nan,nan,0,0,nan,nan,nan,nan,nan,nan,nan,nan,nan,nan,nan,nan,0.0000,0.0000
1.700,0,0,0,nan,nan,nan,nan,nan,nan,0,0,nan,nan,nan,nan,nan,nan,nan,nan,nan,nan,nan,nan,0.0000,0.0000
1.800,0,0,0,nan,nan,nan,nan,nan,nan,0,0,nan,nan,nan,nan,nan,nan,nan,nan,nan,nan,nan,nan,0.0000,0.0000
1.900,0,0,0,nan,nan,nan,nan,nan,nan,0,0,nan,nan,nan,nan,nan,nan,nan,nan,nan,nan,nan,nan,0.0000,0.0000
2.000,0,0,0,nan,nan,nan,nan,nan,nan,0,0,nan,nan,nan,nan,nan,nan,nan,nan,nan,nan,nan,nan,0.0000,0.0000
2.101,0,0,0,nan,nan,nan,nan,nan,nan,0,0,nan,nan,nan,nan,nan,nan,nan,nan,nan,nan,nan,nan,0.0000,0.0000
2.200,0,0,0,nan,nan,nan,nan,nan,nan,0,0,nan,nan,nan,nan,nan,nan,nan,nan,nan,nan,nan,nan,0.0000,0.0000
2.300,0,0,0,nan,nan,nan,nan,nan,nan,0,0,nan,nan,nan,nan,nan,nan,nan,nan,nan,nan,nan,nan,0.0000,0.0000
2.400,0,0,0,nan,nan,nan,nan,nan,nan,0,0,nan,nan,nan,nan,nan,nan,nan,nan,nan,nan,nan,nan,0.0000,0.0000
2.500,0,0,0,0.0000,0.0000,0.9978,0.0000,0.0000,0.0000,0,0,nan,nan,nan,nan,nan,nan,nan,nan,nan,nan,nan,nan,0.0000,0.0000
2.600,0,0,0,-0.0003,-0.0007,0.9977,-0.0011,-0.0026,0.0028,0,0,nan,nan,nan,nan,nan,nan,nan,nan,nan,nan,nan,nan,0.0000,0.0000
2.700,0,0,0,-0.0006,-0.0017,0.9977,-0.0019,-0.0054,0.0057,0,0,nan,nan,nan,nan,nan,nan,nan,nan,nan,nan,nan,nan,0.0000,0.0000
2.800,0,0,0,-0.0007,-0.0025,0.9976,-0.0013,-0.0062,0.0063,0,0,nan,nan,nan,nan,nan,nan,nan,nan,nan,nan,nan,nan,0.0000,0.0000
2.900,0,0,0,-0.0005,-0.0030,0.9976,-0.0004,-0.0057,0.0057,0,0,nan,nan,nan,nan,nan,nan,nan,nan,nan,nan,nan,nan,0.0000,0.0000
3.000,0,0,0,-0.0006,-0.0034,0.9975,-0.0003,-0.0052,0.0052,0,0,nan,nan,nan,nan,nan,nan,nan,nan,nan,nan,nan,nan,0.0000,0.0000
3.100,0,10,0,-0.0007,-0.0038,0.9974,-0.0007,-0.0047,0.0048,0,0,3.00,-3.4492,27.9803,28.1957,-17.8954,1.0058,6.0071,1.6934,0.6960,2.5000,nan,nan,0.0000,0.0000
3.200,0,10,0,-0.0007,-0.0039,0.9974,-0.0006,-0.0043,0.0043,0,0,3.00,-3.4492,27.9803,28.1959,-17.8954,1.0058,6.0065,1.6934,0.6960,2.5000,174.19,226.63,0.0000,0.0000
3.300,0,10,0,-0.0005,-0.0038,0.9973,0.0005,-0.0021,0.0022,0,0,3.00,-3.4492,27.9803,28.1958,-17.8955,1.0058,6.0033,1.6934,0.6961,2.5000,114.98,314.05,0.0000,0.0000
3.400,0,10,0,0.0037,0.0022,0.9976,0.0162,0.0215,0.0269,0,0,3.00,-3.4492,27.9803,28.1903,-17.8958,1.0058,6.0404,1.6936,0.6960,2.5000,35.14,476.04,0.0000,0.0000
3.500,0,10,0,0.0162,0.0175,0.9993,0.0570,0.0702,0.0905,0,0,3.00,-3.4492,27.9803,28.1767,-17.8983,1.0058,6.1357,1.6941,0.6948,2.5000,-2.72,560.24,0.0000,0.0000
3.600,0,10,0,0.0271,0.0296,1.0028,0.0874,0.1026,0.1348,0,0,3.00,-3.4492,27.9803,28.1660,-17.9010,1.0058,6.2021,1.6945,0.6917,2.5000,80.65,744.09,0.0000,0.0000
3.700,0,10,0,0.0403,0.0439,1.0080,0.1250,0.1419,0.1891,0,0,3.00,-3.4492,27.9803,28.1534,-17.9045,1.0058,6.2836,1.6951,0.6871,2.5000,-53.39,768.21,0.0000,0.0000
3.800,0,10,0,0.0791,0.0863,1.0189,0.2220,0.2460,0.3314,0,0,3.00,-3.4492,27.9803,28.1162,-17.9145,1.0058,6.4971,1.6966,0.6777,2.5000,60.09,795.85,0.0000,0.0000
3.900,0,10,0,0.1342,0.1469,1.0374,0.3430,0.3786,0.5109,0,0,3.00,-3.4492,27.9803,28.0631,-17.9286,1.0058,6.7663,1.6988,0.6615,2.5000,43.92,813.36,0.0000,0.0000
4.000,0,10,0,0.1688,0.1856,1.0621,0.4077,0.4516,0.6084,0,0,3.00,-3.4492,27.9803,28.0292,-17.9372,1.0058,6.9126,1.7002,0.6382,2.5000,138.80,785.33,0.0000,0.0000
4.100,0,10,0,0.2471,0.2743,1.0883,0.5434,0.6093,0.8164,0,0,3.00,-3.4492,27.9803,27.9514,-17.9558,1.0058,7.2246,1.7034,0.6151,2.5000,94.15,1000.00,0.0000,0.0000
4.200,0,10,0,0.3383,0.3813,1.1179,0.6768,0.7762,1.0298,0,0,3.00,-3.4492,27.9803,27.8576,-17.9755,1.0058,7.5447,1.7072,0.5893,2.5000,181.50,1000.00,0.0000,0.0000
4.300,0,10,0,0.3870,0.4399,1.1511,0.7442,0.8651,1.1411,0,0,3.00,-3.4492,27.9803,27.8062,-17.9853,1.0058,7.7117,1.7092,0.5581,2.5000,269.15,1000.00,0.0000,0.0000
4.400,0,10,0,0.4945,0.5748,1.1875,0.8650,1.0426,1.3547,0,0,3.00,-3.4492,27.9803,27.6878,-18.0038,1.0058,8.0321,1.7137,0.5262,2.5000,283.94,1000.00,0.0000,0.0000
4.500,0,10,0,0.6097,0.7297,1.2311,0.9699,1.2286,1.5653,0,0,3.00,-3.4492,27.9803,27.5512,-18.0182,1.0058,8.3479,1.7187,0.4875,2.5000,175.43,1000.00,0.0000,0.0000
4.600,0,10,0,0.6715,0.8168,1.2767,1.0137,1.3179,1.6627,0,0,3.00,-3.4492,27.9803,27.4742,-18.0237,1.0058,8.4940,1.7213,0.4446,2.5000,257.50,976.49,0.0000,0.0000
4.700,0,10,0,0.7957,0.9976,1.3243,1.0959,1.4946,1.8533,0,0,3.00,-3.4492,27.9803,27.3146,-18.0319,1.0058,8.7800,1.7268,0.4025,2.5000,346.61,1000.00,0.0000,0.0000
4.800,0,10,0,0.9235,1.1931,1.3679,1.1614,1.6608,2.0266,0,0,3.00,-3.4492,27.9803,27.1417,-18.0352,1.0058,9.0398,1.7326,0.3647,2.5000,329.69,1000.00,0.0000,0.0000
4.900,0,10,0,1.0519,1.4045,1.4231,1.2049,1.8245,2.1864,0,0,3.00,-3.4492,27.9803,26.9543,-18.0304,1.0058,9.2796,1.7386,0.3155,2.5000,356.06,1000.00,0.0000,0.0000
5.000,0,10,0,1.1781,1.6295,1.4729,1.2249,1.9778,2.3264,0,0,3.00,-3.4492,27.9803,26.7540,-18.0165,1.0058,9.4896,1.7446,0.2718,2.5000,297.07,1000.00,0.0000,0.0000
5.100,0,10,0,1.2380,1.7429,1.5226,1.2297,2.0547,2.3945,0,0,3.00,-3.4492,27.9803,26.6528,-18.0064,1.0058,9.5918,1.7476,0.2250,2.5000,328.38,1000.00,0.0000,0.0000
5.200,0,10,0,1.3587,1.9833,1.5672,1.2217,2.1831,2.5017,0,0,3.00,-3.4492,27.9803,26.4378,-17.9796,1.0058,9.7526,1.7537,0.1865,2.5000,438.46,1000.00,0.0000,0.0000
5.300,0,10,0,1.4752,2.2319,1.6235,1.2014,2.2946,2.5901,0,0,3.00,-3.4492,27.9803,26.2150,-17.9449,1.0058,9.8851,1.7598,0.1363,2.5000,587.91,1000.00,0.0000,0.0000
5.400,0,10,0,1.5851,2.4911,1.6682,1.1639,2.4049,2.6717,0,0,3.00,-3.4492,27.9803,25.9815,-17.8989,1.0058,10.0076,1.7658,0.0976,2.5000,486.00,989.56,0.0000,0.0000
5.500,0,10,0,1.6381,2.6293,1.7172,1.1350,2.4552,2.7048,0,0,3.00,-3.4492,27.9803,25.8564,-17.8697,1.0058,10.0573,1.7688,0.0516,2.5000,597.18,1000.00,0.0000,0.0000
5.600,0,10,0,1.7336,2.9052,1.7648,1.0690,2.5646,2.7785,0,0,3.00,-3.4492,27.9803,25.6051,-17.8026,1.0058,10.1677,1.7746,0.0098,2.5000,577.18,1000.00,0.0000,0.0000
5.700,0,10,0,1.8175,3.1919,1.8110,0.9854,2.6734,2.8492,0,0,3.00,-3.4492,27.9803,25.3417,-17.7200,1.0058,10.2738,1.7801,-0.0308,2.5000,625.58,1000.00,0.0000,0.0000
5.800,0,10,0,1.8893,3.4889,1.8509,0.8881,2.7800,2.9184,0,0,3.00,-3.4492,27.9803,25.0665,-17.6217,1.0058,10.3776,1.7854,-0.0655,2.5000,604.30,1000.00,0.0000,0.0000
5.900,0,10,0,1.9196,3.6364,1.8944,0.8369,2.8386,2.9594,0,0,3.00,-3.4492,27.9803,24.9289,-17.5683,1.0058,10.4392,1.7879,-0.1065,2.5000,595.11,1000.00,0.0000,0.0000
6.000,0,10,0,1.9726,3.9462,1.9322,0.7249,2.9346,3.0228,0,0,3.00,-3.4492,27.9803,24.6381,-17.4472,1.0058,10.5342,1.7927,-0.1395,2.5000,660.66,1000.00,0.0000,0.0000
6.100,0,10,0,2.0127,4.2613,1.9785,0.6067,3.0148,3.0753,0,0,3.00,-3.4492,27.9803,24.3397,-17.3123,1.0058,10.6129,1.7971,-0.1814,2.5000,673.71,1000.00,0.0000,0.0000
6.200,0,10,0,2.0389,4.5802,2.0194,0.4810,3.0799,3.1172,0,0,3.00,-3.4492,27.9803,24.0350,-17.1638,1.0058,10.6758,1.8012,-0.2182,2.5000,678.63,1000.00,0.0000,0.0000
6.300,0,10,0,2.0513,4.9017,2.0636,0.3507,3.1306,3.1502,0,0,3.00,-3.4492,27.9803,23.7250,-17.0021,1.0058,10.7253,1.8048,-0.2588,2.5000,741.52,1000.00,0.0000,0.0000
6.400,0,10,0,2.0501,5.2252,2.1024,0.2183,3.1704,3.1779,0,0,3.00,-3.4492,27.9803,23.4101,-16.8278,1.0058,10.7668,1.8079,-0.2944,2.5000,696.33,1000.00,0.0000,0.0000
6.500,0,10,0,2.0346,5.5511,2.1443,0.0817,3.2042,3.2053,0,0,3.00,-3.4492,27.9803,23.0898,-16.6402,1.0058,10.8079,1.8106,-0.3337,2.5000,765.11,1000.00,0.0000,0.0000
6.600,0,10,0,2.0042,5.8787,2.1849,-0.0594,3.2321,3.2327,0,0,3.00,-3.4492,27.9803,22.7644,-16.4392,1.0058,10.8490,1.8127,-0.3722,2.5000,866.21,1000.00,0.0000,0.0000
6.700,0,10,0,1.9575,6.2077,2.2238,-0.2085,3.2553,3.2620,0,0,3.00,-3.4492,27.9803,22.4338,-16.2236,1.0058,10.8929,1.8142,-0.4096,2.5000,881.09,1000.00,0.0000,0.0000
6.800,0,10,0,1.8940,6.5377,2.2607,-0.3647,3.2733,3.2936,0,0,3.00,-3.4492,27.9803,22.0982,-15.9933,1.0058,10.9403,1.8150,-0.4457,2.5000,915.39,1000.00,0.0000,0.0000
6.900,0,10,0,1.8144,6.8676,2.2953,-0.5225,3.2841,3.3254,0,0,3.00,-3.4492,27.9803,21.7589,-15.7494,1.0058,10.9881,1.8151,-0.4802,2.5000,965.04,1000.00,0.0000,0.0000
7.000,0,10,0,1.7673,7.0370,2.3246,-0.5993,3.2791,3.3334,0,0,3.00,-3.4492,27.9803,21.5831,-15.6189,1.0058,11.0002,1.8149,-0.5097,2.5000,1000.00,1000.00,0.0000,0.0000
7.100,0,10,0,1.6640,7.3652,2.3516,-0.7561,3.2791,3.3651,0,0,3.00,-3.4492,27.9803,21.2397,-15.3559,1.0058,11.0477,1.8139,-0.5377,2.5000,999.77,1000.00,0.0000,0.0000
7.200,0,10,0,1.5455,7.6911,2.3739,-0.9109,3.2706,3.3950,0,0,3.00,-3.4492,27.9803,20.8950,-15.0815,1.0058,11.0926,1.8122,-0.5617,2.5000,1000.00,1000.00,0.0000,0.0000
7.300,0,10,0,1.4830,7.8479,2.3920,-0.9894,3.2701,3.4165,0,0,3.00,-3.4492,27.9803,20.7277,-14.9446,1.0058,11.1248,1.8111,-0.5809,2.5000,1000.00,1000.00,0.0000,0.0000
7.400,0,10,0,1.3442,8.1682,2.4089,-1.1353,3.2471,3.4398,0,0,3.00,-3.4492,27.9803,20.3837,-14.6559,1.0058,11.1597,1.8082,-0.6007,2.5000,1000.00,1000.00,0.0000,0.0000
7.500,0,10,0,1.1934,8.4840,2.4312,-1.2720,3.2163,3.4587,0,0,3.00,-3.4492,27.9803,20.0414,-14.3595,1.0058,11.1880,1.8046,-0.6267,2.5000,1000.00,1000.00,0.0000,0.0000
7.600,0,10,0,1.1114,8.6448,2.4477,-1.3328,3.1913,3.4584,0,0,3.00,-3.4492,27.9803,19.8660,-14.2042,1.0058,11.1877,1.8024,-0.6453,2.5000,1000.00,1000.00,0.0000,0.0000
7.700,0,10,0,0.9446,8.9534,2.4632,-1.4535,3.1523,3.4712,0,0,3.00,-3.4492,27.9803,19.5276,-13.8981,1.0058,11.2069,1.7977,-0.6654,2.5000,1000.00,1000.00,0.0000,0.0000
7.800,0,10,0,0.8604,9.1013,2.4777,-1.5140,3.1380,3.4842,0,0,3.00,-3.4492,27.9803,19.3646,-13.7477,1.0058,11.2262,1.7952,-0.6825,2.5000,1000.00,1000.00,0.0000,0.0000
7.900,0,10,0,0.6801,9.4019,2.4913,-1.6199,3.0915,3.4902,0,0,3.00,-3.4492,27.9803,19.0317,-13.4346,1.0058,11.2353,1.7895,-0.7018,2.5000,1000.00,1000.00,0.0000,0.0000
8.000,0,10,0,0.4919,9.6967,2.5041,-1.7164,3.0407,3.4917,0,0,3.00,-3.4492,27.9803,18.7035,-13.1178,1.0058,11.2376,1.7831,-0.7210,2.5000,1000.00,1000.00,0.0000,0.0000
8.100,0,10,0,0.2965,9.9857,2.5192,-1.8040,2.9873,3.4898,0,0,3.00,-3.4492,27.9803,18.3803,-12.7980,1.0058,11.2346,1.7760,-0.7432,2.5000,1000.00,1000.00,0.0000,0.0000
8.200,0,10,0,0.1933,10.1323,2.5319,-1.8401,2.9536,3.4799,0,0,3.00,-3.4492,27.9803,18.2159,-12.6324,1.0058,11.2198,1.7721,-0.7598,2.5000,1000.00,1000.00,0.0000,0.0000
8.300,0,10,0,-0.0118,10.4129,2.5426,-1.9159,2.8996,3.4754,0,0,3.00,-3.4492,27.9803,17.9005,-12.3088,1.0058,11.2131,1.7640,-0.7785,2.5000,1000.00,999.27,0.0000,0.0000
8.400,0,10,0,-0.2228,10.6883,2.5539,-1.9858,2.8461,3.4704,0,0,3.00,-3.4492,27.9803,17.5903,-11.9831,1.0058,11.2056,1.7553,-0.7987,2.5000,1000.00,1000.00,0.0000,0.0000
8.500,0,10,0,-0.3273,10.8201,2.5635,-2.0239,2.8258,3.4758,0,0,3.00,-3.4492,27.9803,17.4419,-11.8244,1.0058,11.2137,1.7508,-0.8127,2.5000,1000.00,999.70,0.0000,0.0000
8.600,0,10,0,-0.5467,11.0877,2.5738,-2.0870,2.7727,3.4704,0,0,3.00,-3.4492,27.9803,17.1401,-11.4958,1.0058,11.2056,1.7410,-0.8328,2.5000,1000.00,996.26,0.0000,0.0000
8.700,0,10,0,-0.7712,11.3502,2.5835,-2.1458,2.7204,3.4648,0,0,3.00,-3.4492,27.9803,16.8443,-11.1657,1.0058,11.1972,1.7305,-0.8530,2.5000,1000.00,995.68,0.0000,0.0000
8.800,0,10,0,-1.0003,11.6077,2.5917,-2.2001,2.6691,3.4590,0,0,3.00,-3.4492,27.9803,16.5547,-10.8342,1.0058,11.1884,1.7193,-0.8724,2.5000,1000.00,995.87,0.0000,0.0000
8.900,0,10,0,-1.2337,11.8605,2.6014,-2.2500,2.6190,3.4528,0,0,3.00,-3.4492,27.9803,16.2713,-10.5018,1.0058,11.1791,1.7074,-0.8941,2.5000,1000.00,988.13,0.0000,0.0000
9.000,0,10,0,-1.3553,11.9888,2.6098,-2.2679,2.5885,3.4415,0,0,3.00,-3.4492,27.9803,16.1280,-10.3304,1.0058,11.1622,1.7010,-0.9088,2.5000,1000.00,995.85,0.0000,0.0000
9.100,0,10,0,-1.5944,12.2343,2.6176,-2.3117,2.5396,3.4342,0,0,3.00,-3.4492,27.9803,15.8548,-9.9970,1.0058,11.1512,1.6881,-0.9295,2.5000,1000.00,998.86,0.0000,0.0000
9.200,0,10,0,-1.8370,12.4752,2.6258,-2.3525,2.4916,3.4267,0,0,3.00,-3.4492,27.9803,15.5887,-9.6631,1.0058,11.1400,1.6744,-0.9514,2.5000,1000.00,996.43,0.0000,0.0000
9.300,0,10,0,-2.0830,12.7117,2.6328,-2.3909,2.4452,3.4199,0,0,3.00,-3.4492,27.9803,15.3295,-9.3287,1.0058,11.1298,1.6600,-0.9727,2.5000,1000.00,979.21,0.0000,0.0000
9.400,0,10,0,-2.3322,12.9441,2.6394,-2.4268,2.4007,3.4136,0,0,3.00,-3.4492,27.9803,15.0776,-8.9938,1.0058,11.1204,1.6449,-0.9944,2.5000,1000.00,972.05,0.0000,0.0000
9.500,0,10,0,-2.5842,13.1723,2.6462,-2.4596,2.3570,3.4067,0,0,3.00,-3.4492,27.9803,14.8332,-8.6588,1.0058,11.1100,1.6291,-1.0171,2.5000,1000.00,948.64,0.0000,0.0000
9.600,0,10,0,-2.8386,13.3962,2.6518,-2.4895,2.3136,3.3986,0,0,3.00,-3.4492,27.9803,14.5968,-8.3241,1.0058,11.0979,1.6126,-1.0392,2.5000,1000.00,948.28,0.0000,0.0000
9.700,0,10,0,-2.9628,13.5032,2.6562,-2.5093,2.2969,3.4018,0,0,3.00,-3.4492,27.9803,14.4852,-8.1618,1.0058,11.1027,1.6044,-1.0518,2.5000,1000.00,910.97,0.0000,0.0000
9.800,0,10,0,-3.2203,13.7205,2.6605,-2.5345,2.2528,3.3910,0,0,3.00,-3.4492,27.9803,14.2616,-7.8281,1.0058,11.0865,1.5868,-1.0736,2.5000,1000.00,891.60,0.0000,0.0000
9.900,0,10,0,-3.4792,13.9331,2.6639,-2.5556,2.2076,3.3771,0,0,3.00,-3.4492,27.9803,14.0472,-7.4956,1.0058,11.0656,1.5687,-1.0952,2.5000,1000.00,867.30,0.0000,0.0000
10.000,0,10,0,-3.7390,14.1409,2.6662,-2.5727,2.1617,3.3603,0,0,3.00,-3.4492,27.9803,13.8424,-7.1649,1.0058,11.0405,1.5499,-1.1164,2.5000,1000.00,838.54,0.0000,0.0000
10.100,0,10,0,-3.9993,14.3437,2.6673,-2.5850,2.1140,3.3393,0,0,3.00,-3.4492,27.9803,13.6476,-6.8365,1.0058,11.0090,1.5305,-1.1369,2.5000,1000.00,752.62,0.0000,0.0000
10.200,0,10,0,-4.2594,14.5411,2.6665,-2.5922,2.0640,3.3136,0,0,3.00,-3.4492,27.9803,13.4635,-6.5111,1.0058,10.9703,1.5106,-1.1559,2.5000,1000.00,712.88,0.0000,0.0000
10.300,0,10,0,-4.3930,14.6404,2.6635,-2.5877,2.0331,3.2909,0,0,3.00,-3.4492,27.9803,13.3732,-6.3450,1.0058,10.9363,1.5002,-1.1633,2.5000,999.27,653.78,0.0000,0.0000
10.400,0,10,0,-4.6517,14.8287,2.6581,-2.5867,1.9782,3.2565,0,0,3.00,-3.4492,27.9803,13.2064,-6.0257,1.0058,10.8847,1.4796,-1.1785,2.5000,1000.00,593.05,0.0000,0.0000
10.500,0,10,0,-4.9089,15.0108,2.6490,-2.5805,1.9206,3.2168,0,0,3.00,-3.4492,27.9803,13.0513,-5.7110,1.0058,10.8251,1.4587,-1.1902,2.5000,1000.00,538.33,0.0000,0.0000
10.600,0,10,0,-5.1640,15.1864,2.6375,-2.5690,1.8605,3.1720,0,0,3.00,-3.4492,27.9803,12.9082,-5.4016,1.0058,10.7579,1.4376,-1.1999,2.5000,1000.00,520.49,0.0000,0.0000
10.700,0,10,0,-5.4167,15.3556,2.6209,-2.5532,1.7990,3.1233,0,0,3.00,-3.4492,27.9803,12.7770,-5.0975,1.0058,10.6849,1.4162,-1.2047,2.5000,999.47,465.23,0.0000,0.0000
10.800,0,10,0,-5.6673,15.5189,2.6003,-2.5352,1.7383,3.0739,0,0,3.00,-3.4492,27.9803,12.6573,-4.7985,1.0058,10.6108,1.3946,-1.2057,2.5000,998.81,403.99,0.0000,0.0000
10.900,0,10,0,-5.7880,15.5960,2.5834,-2.5314,1.7120,3.0560,0,0,3.00,-3.4492,27.9803,12.6032,-4.6552,1.0058,10.5839,1.3841,-1.1993,2.5000,998.37,372.16,0.0000,0.0000
11.000,0,10,0,-6.0351,15.7507,2.5615,-2.5106,1.6525,3.0056,0,0,3.00,-3.4492,27.9803,12.5000,-4.3637,1.0058,10.5085,1.3624,-1.1991,2.5000,999.93,302.22,0.0000,0.0000
11.100,0,10,0,-6.2799,15.8998,2.5368,-2.4890,1.5946,2.9560,0,0,3.00,-3.4492,27.9803,12.4077,-4.0772,1.0058,10.4339,1.3406,-1.1961,2.5000,998.49,270.17,0.0000,0.0000
11.200,0,10,0,-6.4049,15.9744,2.5054,-2.4722,1.5628,2.9247,0,0,3.00,-3.4492,27.9803,12.3643,-3.9316,1.0058,10.3871,1.3294,-1.1760,2.5000,994.29,236.70,0.0000,0.0000
11.300,0,10,0,-6.6462,16.1157,2.4786,-2.4499,1.5081,2.8769,0,0,3.00,-3.4492,27.9803,12.2877,-3.6522,1.0058,10.3153,1.3076,-1.1711,2.5000,976.47,220.06,0.0000,0.0000
11.400,0,10,0,-6.8852,16.2524,2.4410,-2.4278,1.4567,2.8313,0,0,3.00,-3.4492,27.9803,12.2208,-3.3771,1.0058,10.2469,1.2858,-1.1552,2.5000,947.00,184.91,0.0000,0.0000
11.500,0,10,0,-7.0004,16.3173,2.4003,-2.4221,1.4357,2.8156,0,0,3.00,-3.4492,27.9803,12.1916,-3.2451,1.0058,10.2234,1.2752,-1.1250,2.5000,935.92,167.74,0.0000,0.0000
11.600,0,10,0,-7.2360,16.4485,2.3665,-2.3992,1.3914,2.7734,0,0,3.00,-3.4492,27.9803,12.1376,-2.9759,1.0058,10.1602,1.2535,-1.1130,2.5000,936.99,163.04,0.0000,0.0000
11.700,0,10,0,-7.4694,16.5774,2.3212,-2.3768,1.3551,2.7360,0,0,3.00,-3.4492,27.9803,12.0908,-2.7097,1.0058,10.1039,1.2318,-1.0893,2.5000,923.83,131.91,0.0000,0.0000
11.800,0,10,0,-7.5887,16.6433,2.2736,-2.3603,1.3377,2.7130,0,0,3.00,-3.4492,27.9803,12.0690,-2.5737,1.0058,10.0695,1.2207,-1.0529,2.5000,945.59,127.54,0.0000,0.0000
11.900,0,10,0,-7.8188,16.7713,2.2299,-2.3385,1.3165,2.6836,0,0,3.00,-3.4492,27.9803,12.0306,-2.3107,1.0058,10.0254,1.1991,-1.0309,2.5000,940.68,116.44,0.0000,0.0000
12.000,0,10,0,-8.0475,16.9008,2.1792,-2.3192,1.3085,2.6628,0,0,3.00,-3.4492,27.9803,11.9958,-2.0483,1.0058,9.9943,1.1774,-1.0018,2.5000,900.00,111.50,0.0000,0.0000
12.100,0,10,0,-8.1580,16.9646,2.1326,-2.3155,1.3129,2.6618,0,0,3.00,-3.4492,27.9803,11.9799,-1.9208,1.0058,9.9927,1.1668,-0.9658,2.5000,892.61,90.63,0.0000,0.0000
12.200,0,10,0,-8.3838,17.0990,2.0789,-2.2960,1.3252,2.6510,0,0,3.00,-3.4492,27.9803,11.9479,-1.6581,1.0058,9.9765,1.1450,-0.9339,2.5000,889.94,107.90,0.0000,0.0000
12.300,0,10,0,-8.6068,17.2377,2.0245,-2.2729,1.3491,2.6431,0,0,3.00,-3.4492,27.9803,11.9165,-1.3955,1.0058,9.9647,1.1232,-0.9013,2.5000,888.33,119.56,0.0000,0.0000
12.400,0,10,0,-8.8262,17.3822,1.9690,-2.2453,1.3852,2.6382,0,0,3.00,-3.4492,27.9803,11.8841,-1.1328,1.0058,9.9574,1.1013,-0.8677,2.5000,891.84,118.17,0.0000,0.0000
12.500,0,10,0,-9.0413,17.5338,1.9131,-2.2120,1.4343,2.6363,0,0,3.00,-3.4492,27.9803,11.8490,-0.8700,1.0058,9.9544,1.0793,-0.8338,2.5000,863.09,148.40,0.0000,0.0000
12.600,0,10,0,-9.2513,17.6935,1.8504,-2.1720,1.4946,2.6365,0,0,3.00,-3.4492,27.9803,11.8103,-0.6072,1.0058,9.9548,1.0572,-0.7932,2.5000,865.43,98.95,0.0000,0.0000
12.700,0,10,0,-9.3570,17.7790,1.8002,-2.1442,1.5245,2.6309,0,0,3.00,-3.4492,27.9803,11.7885,-0.4721,1.0058,9.9464,1.0459,-0.7543,2.5000,887.44,122.96,0.0000,0.0000
12.800,0,10,0,-9.5573,17.9512,1.7372,-2.0924,1.5959,2.6315,0,0,3.00,-3.4492,27.9803,11.7427,-0.2107,1.0058,9.9473,1.0238,-0.7135,2.5000,869.98,120.39,0.0000,0.0000
12.900,0,10,0,-9.7502,18.1327,1.6803,-2.0325,1.6750,2.6338,0,0,3.00,-3.4492,27.9803,11.6909,0.0494,1.0058,9.9507,1.0016,-0.6787,2.5000,871.40,128.79,0.0000,0.0000
13.000,0,10,0,-9.9347,18.3238,1.6169,-1.9639,1.7601,2.6372,0,0,3.00,-3.4492,27.9803,11.6322,0.3075,1.0058,9.9558,0.9794,-0.6375,2.5000,831.22,150.32,0.0000,0.0000
13.100,0,10,0,-10.1096,18.5243,1.5599,-1.8854,1.8481,2.6401,0,0,3.00,-3.4492,27.9803,11.5662,0.5626,1.0058,9.9602,0.9571,-0.6027,2.5000,864.63,153.52,0.0000,0.0000
13.201,0,10,0,-10.2736,18.7341,1.4968,-1.7959,1.9383,2.6424,0,0,3.00,-3.4492,27.9803,11.4919,0.8134,1.0058,9.9636,0.9350,-0.5619,2.5000,881.52,154.19,0.0000,0.0000
13.300,0,10,0,-10.4259,18.9536,1.4403,-1.6966,2.0305,2.6460,0,0,3.00,-3.4492,27.9803,11.4086,1.0596,1.0058,9.9690,0.9128,-0.5275,2.5000,909.70,162.61,0.0000,0.0000
13.400,0,10,0,-10.4955,19.0634,1.3841,-1.6472,2.0822,2.6550,0,0,3.00,-3.4492,27.9803,11.3649,1.1772,1.0058,9.9825,0.9020,-0.4820,2.5000,819.35,229.96,0.0000,0.0000
13.500,0,10,0,-10.6293,19.2970,1.3276,-1.5348,2.1759,2.6627,0,0,3.00,-3.4492,27.9803,11.2674,1.4152,1.0058,9.9941,0.8799,-0.4477,2.5000,850.84,238.94,0.0000,0.0000
13.600,0,10,0,-10.7490,19.5390,1.2719,-1.4118,2.2665,2.6702,0,0,3.00,-3.4492,27.9803,11.1598,1.6459,1.0058,10.0053,0.8578,-0.4141,2.5000,881.02,256.91,0.0000,0.0000
13.700,0,10,0,-10.8535,19.7894,1.2167,-1.2782,2.3545,2.6791,0,0,3.00,-3.4492,27.9803,11.0414,1.8682,1.0058,10.0186,0.8358,-0.3809,2.5000,842.86,258.37,0.0000,0.0000
13.800,0,10,0,-10.9420,20.0478,1.1625,-1.1352,2.4395,2.6907,0,0,3.00,-3.4492,27.9803,10.9118,2.0813,1.0058,10.0361,0.8139,-0.3486,2.5000,875.64,257.00,0.0000,0.0000
13.900,0,10,0,-11.0143,20.3127,1.1028,-0.9851,2.5173,2.7032,0,0,3.00,-3.4492,27.9803,10.7714,2.2843,1.0058,10.0548,0.7921,-0.3107,2.5000,835.75,250.15,0.0000,0.0000
14.000,0,10,0,-11.0451,20.4513,1.0556,-0.9065,2.5468,2.7033,0,0,3.00,-3.4492,27.9803,10.6950,2.3845,1.0058,10.0550,0.7810,-0.2746,2.5000,827.51,292.72,0.0000,0.0000
14.100,0,10,0,-11.0924,20.7237,0.9914,-0.7490,2.6102,2.7156,0,0,3.00,-3.4492,27.9803,10.5392,2.5702,1.0058,10.0734,0.7595,-0.2319,2.5000,843.17,293.62,0.0000,0.0000
14.200,0,10,0,-11.1225,20.9996,0.9399,-0.5865,2.6631,2.7269,0,0,3.00,-3.4492,27.9803,10.3735,2.7433,1.0058,10.0904,0.7382,-0.2017,2.5000,780.55,334.90,0.0000,0.0000
14.300,0,10,0,-11.1356,21.2775,0.8891,-0.4214,2.7041,2.7367,0,0,3.00,-3.4492,27.9803,10.1984,2.9032,1.0058,10.1050,0.7171,-0.1719,2.5000,816.75,328.20,0.0000,0.0000
14.400,0,10,0,-11.1319,21.5556,0.8394,-0.2554,2.7312,2.7431,0,0,3.00,-3.4492,27.9803,10.0150,3.0490,1.0058,10.1147,0.6965,-0.1430,2.5000,824.73,401.61,0.0000,0.0000
14.500,0,10,0,-11.1112,21.8336,0.7853,-0.0877,2.7478,2.7492,0,0,3.00,-3.4492,27.9803,9.8228,3.1803,1.0058,10.1238,0.6761,-0.1092,2.4557,778.97,377.32,0.0000,0.0000
14.600,0,10,0,-11.0948,21.9682,0.7483,-0.0020,2.7593,2.7593,0,0,3.00,-3.4492,27.9803,9.7263,3.2386,1.0058,10.1390,0.6664,-0.0819,2.4316,799.55,396.09,0.0000,0.0000
14.700,0,10,0,-11.0487,22.2439,0.7122,0.1673,2.7598,2.7649,0,0,3.00,-3.4492,27.9803,9.5214,3.3472,1.0058,10.1473,0.6466,-0.0656,2.3804,815.42,401.59,0.0000,0.0000
14.800,0,10,0,-11.0183,22.3849,0.6669,0.2507,2.7500,2.7614,0,0,3.00,-3.4492,27.9803,9.4127,3.3971,1.0058,10.1422,0.6366,-0.0303,2.3532,762.95,435.13,0.0000,0.0000
14.900,0,10,0,-10.9856,22.5173,0.6423,0.3369,2.7514,2.7720,0,0,3.00,-3.4492,27.9803,9.3081,3.4403,1.0058,10.1580,0.6272,-0.0151,2.3270,812.64,452.50,0.0000,0.0000
15.000,0,10,0,-10.9058,22.7872,0.6084,0.5052,2.7338,2.7801,0,0,3.00,-3.4492,27.9803,9.0868,3.5175,1.0058,10.1702,0.6083,-0.0001,2.2717,799.47,461.48,0.0000,0.0000
15.100,0,10,0,-10.8097,23.0530,0.5662,0.6722,2.7075,2.7897,0,0,3.00,-3.4492,27.9803,8.8575,3.5786,1.0058,10.1845,0.5899,0.0237,2.2144,793.80,486.68,0.0000,0.0000
15.200,0,10,0,-10.7539,23.1880,0.5252,0.7522,2.6851,2.7884,0,0,3.00,-3.4492,27.9803,8.7364,3.6038,1.0058,10.1827,0.5806,0.0554,2.1841,765.74,512.93,0.0000,0.0000
15.300,0,10,0,-10.6340,23.4460,0.4898,0.9137,2.6462,2.7995,0,0,3.00,-3.4492,27.9803,8.4960,3.6406,1.0058,10.1992,0.5630,0.0732,2.1240,721.30,515.95,0.0000,0.0000
15.400,0,10,0,-10.4998,23.6974,0.4556,1.0684,2.5975,2.8087,0,0,3.00,-3.4492,27.9803,8.2495,3.6619,1.0058,10.2130,0.5459,0.0903,2.0624,691.36,519.52,0.0000,0.0000
15.500,0,10,0,-10.4301,23.8167,0.4227,1.1454,2.5750,2.8183,0,0,3.00,-3.4492,27.9803,8.1282,3.6669,1.0058,10.2274,0.5378,0.1151,2.0321,658.36,528.05,0.0000,0.0000
15.600,0,10,0,-10.2776,24.0562,0.3874,1.2842,2.5104,2.8198,0,0,3.00,-3.4492,27.9803,7.8756,3.6663,1.0058,10.2297,0.5216,0.1342,1.9689,669.53,523.27,0.0000,0.0000
15.700,0,10,0,-10.1148,24.2866,0.3574,1.4105,2.4362,2.8151,0,0,3.00,-3.4492,27.9803,7.6206,3.6521,1.0058,10.2226,0.5060,0.1486,1.9051,648.69,499.09,0.0000,0.0000
15.800,0,10,0,-10.0272,24.4015,0.3254,1.4651,2.3909,2.8041,0,0,3.00,-3.4492,27.9803,7.4885,3.6397,1.0058,10.2061,0.4983,0.1728,1.8721,612.77,491.34,0.0000,0.0000
15.900,0,10,0,-9.8513,24.6174,0.2953,1.5709,2.3059,2.7902,0,0,3.00,-3.4492,27.9803,7.2316,3.6067,1.0058,10.1853,0.4837,0.1884,1.8079,541.53,455.44,0.0000,0.0000
16.000,0,10,0,-9.6695,24.8232,0.2697,1.6595,2.2156,2.7682,0,0,3.00,-3.4492,27.9803,6.9757,3.5634,1.0058,10.1523,0.4697,0.1999,1.7439,552.02,488.18,0.0000,0.0000
16.100,0,10,0,-9.4839,25.0186,0.2424,1.7301,2.1204,2.7366,0,0,3.00,-3.4492,27.9803,6.7223,3.5113,1.0058,10.1049,0.4562,0.2138,1.6806,544.31,505.09,0.0000,0.0000
16.200,0,10,0,-9.3923,25.1099,0.2167,1.7657,2.0764,2.7256,0,0,3.00,-3.4492,27.9803,6.6000,3.4827,1.0058,10.0884,0.4499,0.2332,1.6500,513.41,515.73,0.0000,0.0000
16.300,0,10,0,-9.2003,25.2904,0.1926,1.8230,1.9787,2.6905,0,0,3.00,-3.4492,27.9803,6.3491,3.4172,1.0058,10.0357,0.4375,0.2448,1.5873,498.32,510.58,0.0000,0.0000
16.400,0,10,0,-9.0044,25.4611,0.1728,1.8735,1.8804,2.6544,0,0,3.00,-3.4492,27.9803,6.0998,3.3432,1.0058,9.9816,0.4257,0.2530,1.5249,464.78,458.56,0.0000,0.0000
16.500,0,10,0,-8.8056,25.6220,0.1522,1.9160,1.7825,2.6169,0,0,3.00,-3.4492,27.9803,5.8526,3.2614,1.0058,9.9254,0.4147,0.2626,1.4632,428.25,454.14,0.0000,0.0000
16.600,0,10,0,-8.6054,25.7736,0.1312,1.9482,1.6859,2.5764,0,0,3.00,-3.4492,27.9803,5.6086,3.1735,1.0058,9.8646,0.4044,0.2731,1.4022,374.12,437.22,0.0000,0.0000
16.700,0,10,0,-8.5022,25.8479,0.1160,1.9556,1.6348,2.5488,0,0,3.00,-3.4492,27.9803,5.4845,3.1261,1.0058,9.8233,0.3993,0.2833,1.3711,356.36,397.90,0.0000,0.0000
16.800,0,10,0,-8.3025,25.9855,0.0989,1.9700,1.5405,2.5008,0,0,3.00,-3.4492,27.9803,5.2473,3.0311,1.0058,9.7512,0.3900,0.2910,1.3118,326.07,400.40,0.0000,0.0000
16.900,0,10,0,-8.1049,26.1142,0.0853,1.9713,1.4484,2.4462,0,0,3.00,-3.4492,27.9803,5.0158,2.9331,1.0058,9.6694,0.3812,0.2959,1.2539,314.83,387.75,0.0000,0.0000
17.000,0,10,0,-7.9106,26.2344,0.0709,1.9605,1.3589,2.3854,0,0,3.00,-3.4492,27.9803,4.7908,2.8334,1.0058,9.5781,0.3730,0.3021,1.1977,286.44,378.06,0.0000,0.0000
17.100,0,10,0,-7.7200,26.3467,0.0608,1.9402,1.2730,2.3205,0,0,3.00,-3.4492,27.9803,4.5726,2.7325,1.0058,9.4808,0.3653,0.3045,1.1431,256.50,369.52,0.0000,0.0000
17.200,0,10,0,-7.5330,26.4515,0.0505,1.9142,1.1914,2.2547,0,0,3.00,-3.4492,27.9803,4.3605,2.6307,1.0058,9.3821,0.3582,0.3077,1.1250,242.12,357.21,0.0000,0.0000
17.300,0,10,0,-7.3495,26.5493,0.0445,1.8849,1.1139,2.1895,0,0,3.00,-3.4492,27.9803,4.1545,2.5281,1.0058,9.2842,0.3516,0.3071,1.1250,202.81,339.54,0.0000,0.0000
17.400,0,10,0,-7.1696,26.6405,0.0392,1.8530,1.0405,2.1252,0,0,3.00,-3.4492,27.9803,3.9543,2.4250,1.0058,9.1878,0.3456,0.3065,1.1250,195.67,334.20,0.0000,0.0000
17.500,0,10,0,-7.0838,26.6825,0.0353,1.8402,1.0073,2.0979,0,0,3.00,-3.4492,27.9803,3.8593,2.3749,1.0058,9.1468,0.3429,0.3076,1.1250,177.91,297.20,0.0000,0.0000
17.600,0,10,0,-6.9097,26.7646,0.0327,1.8050,0.9398,2.0350,0,0,3.00,-3.4492,27.9803,3.6678,2.2718,1.0058,9.0524,0.3378,0.3051,1.1250,153.24,278.28,0.0000,0.0000
17.700,0,10,0,-6.7401,26.8411,0.0317,1.7658,0.8768,1.9715,0,0,3.00,-3.4492,27.9803,3.4825,2.1696,1.0058,8.9572,0.3332,0.3015,1.1250,141.06,280.23,0.0000,0.0000
17.800,0,10,0,-6.5759,26.9126,0.0319,1.7214,0.8182,1.9060,0,0,3.00,-3.4492,27.9803,3.3040,2.0692,1.0058,8.8589,0.3290,0.2972,1.1250,117.09,281.89,0.0000,0.0000
17.900,0,10,0,-6.4172,26.9792,0.0334,1.6733,0.7632,1.8392,0,0,3.00,-3.4492,27.9803,3.1323,1.9708,1.0058,8.7588,0.3253,0.2919,1.1250,104.64,268.53,0.0000,0.0000
18.000,0,10,0,-6.2638,27.0412,0.0361,1.6233,0.7112,1.7723,0,0,3.00,-3.4492,27.9803,2.9672,1.8744,1.0058,8.6584,0.3220,0.2859,0.0000,94.42,261.12,0.0000,0.0000
18.100,0,10,0,-6.1155,27.0987,0.0406,1.5730,0.6621,1.7067,0,0,3.00,-3.4492,27.9803,2.8083,1.7800,1.0058,8.5600,0.3193,0.2787,0.0000,-4.98,-1.75,0.0000,0.0000
18.200,0,10,0,-5.9740,27.1520,0.0461,1.5156,0.6154,1.6357,0,0,3.00,-3.4492,27.9803,2.6572,1.6890,1.0058,8.4536,0.3170,0.2709,0.0000,-4.80,-1.72,0.0000,0.0000
18.300,0,10,0,-5.8446,27.2027,0.0504,1.4348,0.5763,1.5462,0,0,3.00,-3.4492,27.9803,2.5184,1.6068,1.0058,8.3194,0.3139,0.2635,0.0000,-4.59,-1.66,0.0000,0.0000
18.400,0,10,0,-5.7827,27.2280,0.0547,1.3857,0.5585,1.4940,0,0,3.00,-3.4492,27.9803,2.4518,1.5682,1.0058,8.2410,0.3118,0.2571,0.0000,-4.49,-1.61,0.0000,0.0000
18.500,0,10,0,-5.6716,27.2755,0.0580,1.2858,0.5282,1.3901,0,0,3.00,-3.4492,27.9803,2.3315,1.4997,1.0058,8.0851,0.3071,0.2490,0.0000,-4.28,-1.50,0.0000,0.0000
18.600,0,10,0,-5.5720,27.3201,0.0610,1.1807,0.4982,1.2815,0,0,3.00,-3.4492,27.9803,2.2231,1.4394,1.0058,7.9223,0.3015,0.2405,0.0000,-4.03,-1.40,0.0000,0.0000
18.700,0,10,0,-5.5274,27.3406,0.0632,1.1302,0.4840,1.2295,0,0,3.00,-3.4492,27.9803,2.1744,1.4128,1.0058,7.8442,0.2986,0.2354,0.0000,-3.92,-1.30,0.0000,0.0000
18.800,0,10,0,-5.4425,27.3810,0.0654,1.0282,0.4549,1.1244,0,0,3.00,-3.4492,27.9803,2.0815,1.3627,1.0058,7.6866,0.2921,0.2266,0.0000,-3.70,-1.19,0.0000,0.0000
18.900,0,10,0,-5.3653,27.4195,0.0677,0.9358,0.4299,1.0298,0,0,3.00,-3.4492,27.9803,1.9965,1.3181,1.0058,7.5447,0.2847,0.2170,0.0000,-3.52,-1.03,0.0000,0.0000
19.000,0,10,0,-5.3278,27.4388,0.0693,0.8926,0.4183,0.9857,0,0,3.00,-3.4492,27.9803,1.9551,1.2968,1.0058,7.4785,0.2806,0.2113,0.0000,-3.43,-0.95,0.0000,0.0000
19.100,0,10,0,-5.2587,27.4753,0.0706,0.8198,0.3988,0.9116,0,0,3.00,-3.4492,27.9803,1.8786,1.2579,1.0058,7.3675,0.2721,0.2016,0.0000,-3.24,-0.86,0.0000,0.0000
19.200,0,10,0,-5.1935,27.5100,0.0718,0.7589,0.3798,0.8487,0,0,3.00,-3.4492,27.9803,1.8066,1.2214,1.0058,7.2730,0.2634,0.1916,0.0000,-3.13,-0.71,0.0000,0.0000
19.300,0,10,0,-5.1632,27.5260,0.0727,0.7334,0.3708,0.8218,0,0,3.00,-3.4492,27.9803,1.7732,1.2044,1.0058,7.2326,0.2591,0.1864,0.0000,-3.06,-0.64,0.0000,0.0000
19.400,0,10,0,-5.1037,27.5577,0.0735,0.6833,0.3514,0.7684,0,0,3.00,-3.4492,27.9803,1.7076,1.1712,1.0058,7.1525,0.2500,0.1766,0.0000,-2.98,-0.51,0.0000,0.0000
19.500,0,10,0,-5.0484,27.5880,0.0740,0.6360,0.3339,0.7183,0,0,3.00,-3.4492,27.9803,1.6467,1.1407,1.0058,7.0774,0.2405,0.1665,0.0000,-2.85,-0.43,0.0000,0.0000
19.600,0,10,0,-4.9976,27.6172,0.0745,0.5898,0.3189,0.6705,0,0,3.00,-3.4492,27.9803,1.5904,1.1134,1.0058,7.0057,0.2303,0.1558,0.0000,-2.76,-0.31,0.0000,0.0000
19.700,0,10,0,-4.9731,27.6318,0.0748,0.5661,0.3112,0.6461,0,0,3.00,-3.4492,27.9803,1.5632,1.1005,1.0058,6.9691,0.2248,0.1500,0.0000,-2.70,-0.26,0.0000,0.0000
19.800,0,10,0,-4.9282,27.6591,0.0750,0.5235,0.2972,0.6019,0,0,3.00,-3.4492,27.9803,1.5135,1.0772,1.0058,6.9029,0.2138,0.1388,0.0000,-2.60,-0.17,0.0000,0.0000
19.900,0,10,0,-4.8864,27.6848,0.0751,0.4853,0.2825,0.5616,0,0,3.00,-3.4492,27.9803,1.4673,1.0557,1.0058,6.8423,0.2028,0.1277,0.0000,-2.49,-0.10,0.0000,0.0000
20.000,0,10,0,-4.8468,27.7091,0.0751,0.4528,0.2683,0.5264,0,0,3.00,-3.4492,27.9803,1.4237,1.0353,1.0058,6.7895,0.1916,0.1165,0.0000,-2.41,-0.02,0.0000,0.0000
20.100,0,10,0,-4.8090,27.7326,0.0750,0.4257,0.2561,0.4968,0,0,3.00,-3.4492,27.9803,1.3822,1.0159,1.0058,6.7452,0.1802,0.1051,0.0000,-2.36,0.06,0.0000,0.0000
20.200,1,10,0,-4.7913,27.7437,0.0749,0.4145,0.2513,0.4847,1,1,3.00,4.1147,39.9121,15.0793,1.0069,1.0058,6.7271,0.8572,0.7823,2.8255,5.81,13.15,0.0000,0.0000
20.300,1,10,0,-4.7560,27.7661,0.0747,0.3923,0.2415,0.4607,1,1,3.00,4.1147,39.9121,15.0404,0.9891,1.0058,6.6910,0.8591,0.7843,2.8255,134.98,396.44,0.0000,0.0000
20.400,1,10,0,-4.7202,27.7876,0.0751,0.3808,0.2316,0.4457,1,1,3.00,4.1147,39.9121,15.0020,0.9703,1.0058,6.6685,0.8613,0.7862,2.8255,15.06,599.03,0.0000,0.0000
20.500,1,10,0,-4.6740,27.8063,0.0776,0.4120,0.2155,0.4649,1,1,3.00,4.1147,39.9121,14.9596,0.9414,1.0058,6.6974,0.8662,0.7886,2.8255,116.43,818.87,0.0000,0.0000
20.600,1,10,0,-4.6108,27.8215,0.0849,0.4946,0.1921,0.5306,1,1,3.00,4.1147,39.9121,14.9103,0.8961,1.0058,6.7959,0.8747,0.7898,2.8255,38.60,971.82,0.0000,0.0000
20.700,1,10,0,-4.5222,27.8333,0.0976,0.6398,0.1649,0.6608,1,1,3.00,4.1147,39.9121,14.8490,0.8276,1.0058,6.9911,0.8880,0.7904,2.8255,20.50,978.49,0.0000,0.0000
20.800,1,10,0,-4.4055,27.8416,0.1205,0.8338,0.1354,0.8447,1,1,3.00,4.1147,39.9121,14.7746,0.7335,1.0058,7.2670,0.9052,0.7847,2.8255,-100.48,991.67,0.0000,0.0000
20.900,1,10,0,-4.3351,27.8447,0.1458,0.9380,0.1201,0.9457,1,1,3.00,4.1147,39.9121,14.7316,0.6757,1.0058,7.4185,0.9150,0.7692,2.8255,-37.96,991.03,0.0000,0.0000
21.000,1,10,0,-4.1815,27.8486,0.1858,1.1542,0.0908,1.1578,1,1,3.00,4.1147,39.9121,14.6408,0.5480,1.0058,7.7367,0.9351,0.7493,2.8255,27.10,993.03,0.0000,0.0000
21.100,1,10,0,-4.0086,27.8519,0.2335,1.3619,0.0701,1.3637,1,1,3.00,4.1147,39.9121,14.5408,0.4037,1.0058,8.0456,0.9557,0.7221,2.8255,-83.52,994.24,0.0000,0.0000
21.200,1,10,0,-3.8204,27.8555,0.2761,1.5493,0.0578,1.5504,1,1,3.00,4.1147,39.9121,14.4335,0.2467,1.0058,8.3256,0.9762,0.7001,2.8255,-27.42,972.44,0.0000,0.0000
21.300,1,10,0,-3.6234,27.8595,0.3403,1.7005,0.0512,1.7012,1,1,3.00,4.1147,39.9121,14.3229,0.0825,1.0058,8.5519,0.9962,0.6558,2.8255,-38.34,995.12,0.0000,0.0000
21.400,1,10,0,-3.4201,27.8655,0.3902,1.8203,0.0546,1.8212,1,1,3.00,4.1147,39.9121,14.2089,-0.0860,1.0058,8.7317,1.0157,0.6254,2.8255,-97.68,1000.00,0.0000,0.0000
21.500,1,10,0,-3.2104,27.8738,0.4557,1.9198,0.0651,1.9209,1,1,3.00,4.1147,39.9121,14.0917,-0.2587,1.0058,8.8814,1.0349,0.5792,2.8255,-74.12,1000.00,0.0000,0.0000
21.600,1,10,0,-2.9940,27.8849,0.5244,2.0073,0.0817,2.0090,1,1,3.00,4.1147,39.9121,13.9710,-0.4355,1.0058,9.0134,1.0541,0.5297,2.8255,40.94,997.59,0.0000,0.0000
21.700,1,10,0,-2.7699,27.9017,0.5954,2.0915,0.1133,2.0946,1,1,3.00,4.1147,39.9121,13.8437,-0.6158,1.0058,9.1418,1.0731,0.4777,2.8255,77.67,987.51,0.0000,0.0000
21.800,1,10,0,-2.6581,27.9129,0.6602,2.1389,0.1374,2.1433,1,1,3.00,4.1147,39.9121,13.7787,-0.7041,1.0058,9.2149,1.0821,0.4218,2.8255,107.44,994.71,0.0000,0.0000
21.900,1,10,0,-2.4221,27.9452,0.7253,2.2211,0.2063,2.2307,1,1,3.00,4.1147,39.9121,13.6358,-0.8862,1.0058,9.3461,1.1003,0.3750,2.8255,136.44,994.49,0.0000,0.0000
22.000,1,10,0,-2.1790,27.9914,0.7754,2.2987,0.3004,2.3183,1,1,3.00,4.1147,39.9121,13.4801,-1.0668,1.0058,9.4774,1.1179,0.3425,2.8255,354.22,987.81,0.0000,0.0000
22.100,1,10,0,-2.0518,28.0209,0.8395,2.3282,0.3537,2.3549,1,1,3.00,4.1147,39.9121,13.3950,-1.1584,1.0058,9.5324,1.1267,0.2872,2.8255,234.72,996.16,0.0000,0.0000
22.200,1,10,0,-1.8011,28.0915,0.8881,2.3922,0.4815,2.4402,1,1,3.00,4.1147,39.9121,13.2183,-1.3324,1.0058,9.6603,1.1429,0.2548,2.8255,255.76,996.12,0.0000,0.0000
22.300,1,10,0,-1.6783,28.1316,0.9360,2.4252,0.5524,2.4873,1,1,3.00,4.1147,39.9121,13.1278,-1.4146,1.0058,9.7310,1.1502,0.2141,2.8255,304.76,1000.00,0.0000,0.0000
22.400,1,10,0,-1.4243,28.2263,0.9831,2.4682,0.6973,2.5648,1,1,3.00,4.1147,39.9121,12.9320,-1.5784,1.0058,9.8471,1.1647,0.1817,2.8255,440.27,1000.00,0.0000,0.0000
22.500,1,10,0,-1.1700,28.3391,1.0489,2.4965,0.8554,2.6389,1,1,3.00,4.1147,39.9121,12.7225,-1.7328,1.0058,9.9584,1.1781,0.1292,2.8255,327.22,1000.00,0.0000,0.0000
22.600,1,10,0,-1.0395,28.4047,1.1000,2.4991,0.9368,2.6689,1,1,3.00,4.1147,39.9121,12.6089,-1.8079,1.0058,10.0034,1.1846,0.0846,2.8255,523.81,1000.00,0.0000,0.0000
22.700,1,10,0,-0.7881,28.5460,1.1499,2.5038,1.1090,2.7384,1,1,3.00,4.1147,39.9121,12.3784,-1.9446,1.0058,10.1076,1.1959,0.0460,2.8255,625.41,1000.00,0.0000,0.0000
22.800,1,10,0,-0.6674,28.6221,1.1982,2.5060,1.2042,2.7803,1,1,3.00,4.1147,39.9121,12.2610,-2.0058,1.0058,10.1705,1.2005,0.0024,2.8255,468.93,987.74,0.0000,0.0000
22.900,1,10,0,-0.4222,28.7953,1.2444,2.4870,1.3978,2.8528,1,1,3.00,4.1147,39.9121,12.0070,-2.1202,1.0058,10.2793,1.2092,-0.0352,2.8255,587.12,990.58,0.0000,0.0000
23.000,1,10,0,-0.1836,28.9872,1.2891,2.4512,1.5891,2.9212,1,1,3.00,4.1147,39.9121,11.7401,-2.2190,1.0058,10.3818,1.2164,-0.0727,2.8255,639.65,1000.00,0.0000,0.0000
23.100,1,10,0,0.0468,29.1977,1.3428,2.3984,1.7784,2.9858,1,1,3.00,4.1147,39.9121,11.4606,-2.3009,1.0058,10.4787,1.2220,-0.1208,2.8255,782.97,1000.00,0.0000,0.0000
23.200,1,10,0,0.1616,29.3135,1.3837,2.3602,1.8681,3.0100,1,1,3.00,4.1147,39.9121,11.3118,-2.3359,1.0058,10.5150,1.2244,-0.1593,2.8255,814.42,1000.00,0.0000,0.0000
23.300,1,10,0,0.3763,29.5527,1.4272,2.2819,2.0573,3.0723,1,1,3.00,4.1147,39.9121,11.0133,-2.3891,1.0058,10.6085,1.2273,-0.1999,2.8255,879.69,1000.00,0.0000,0.0000
23.400,1,10,0,0.5789,29.8096,1.4633,2.1885,2.2419,3.1330,1,1,3.00,4.1147,39.9121,10.7034,-2.4227,1.0058,10.6996,1.2285,-0.2348,2.8255,907.06,1000.00,0.0000,0.0000
23.500,1,10,0,0.6726,29.9404,1.4969,2.1414,2.3385,3.1708,1,1,3.00,4.1147,39.9121,10.5491,-2.4318,1.0058,10.7562,1.2282,-0.2687,2.8255,897.70,1000.00,0.0000,0.0000
23.600,1,10,0,0.8559,30.2216,1.5280,2.0297,2.5125,3.2299,1,1,3.00,4.1147,39.9121,10.2238,-2.4361,1.0058,10.8449,1.2268,-0.3013,2.8255,961.19,1000.00,0.0000,0.0000
23.700,1,10,0,1.0258,30.5163,1.5605,1.9098,2.6725,3.2847,1,1,3.00,4.1147,39.9121,9.8905,-2.4218,1.0058,10.9271,1.2239,-0.3366,2.8255,955.71,1000.00,0.0000,0.0000
23.800,1,10,0,1.1079,30.6730,1.5903,1.8433,2.7407,3.3029,1,1,3.00,4.1147,39.9121,9.7161,-2.4071,1.0058,10.9544,1.2221,-0.3682,2.8255,951.33,975.54,0.0000,0.0000
23.900,1,10,0,1.2567,30.9855,1.6176,1.7143,2.8788,3.3505,1,1,3.00,4.1147,39.9121,9.3730,-2.3655,1.0058,11.0258,1.2172,-0.4005,2.8255,1000.00,987.43,0.0000,0.0000
24.000,1,10,0,1.3918,31.3063,1.6427,1.5823,2.9971,3.3891,1,1,3.00,4.1147,39.9121,9.0263,-2.3079,1.0058,11.0837,1.2111,-0.4316,2.8255,993.08,931.80,0.0000,0.0000
24.100,1,10,0,1.5135,31.6339,1.6654,1.4495,3.0969,3.4193,1,1,3.00,4.1147,39.9121,8.6773,-2.2353,1.0058,11.1290,1.2040,-0.4614,2.8255,1000.00,827.82,0.0000,0.0000
24.200,1,10,0,1.6222,31.9652,1.6879,1.3177,3.1739,3.4366,1,1,3.00,4.1147,39.9121,8.3286,-2.1497,1.0058,11.1548,1.1962,-0.4918,2.8255,982.04,819.63,0.0000,0.0000
24.300,1,10,0,1.7182,32.2974,1.7054,1.1879,3.2262,3.4379,1,1,3.00,4.1147,39.9121,7.9830,-2.0529,1.0058,11.1569,1.1878,-0.5177,2.8255,992.36,684.70,0.0000,0.0000
24.400,1,10,0,1.7604,32.4582,1.7200,1.1262,3.2510,3.4406,1,1,3.00,4.1147,39.9121,7.8169,-2.0024,1.0058,11.1609,1.1833,-0.5367,2.8255,992.41,766.08,0.0000,0.0000
24.500,1,10,0,1.8384,32.7873,1.7313,1.0005,3.2668,3.4166,1,1,3.00,4.1147,39.9121,7.4796,-1.8921,1.0058,11.1249,1.1743,-0.5570,2.8255,990.17,619.62,0.0000,0.0000
24.600,1,10,0,1.9050,33.1131,1.7399,0.8792,3.2652,3.3815,1,1,3.00,4.1147,39.9121,7.1490,-1.7740,1.0058,11.0722,1.1647,-0.5752,2.8255,989.81,604.09,0.0000,0.0000
24.700,1,10,0,1.9611,33.4341,1.7437,0.7633,3.2463,3.3349,1,1,3.00,4.1147,39.9121,6.8266,-1.6495,1.0058,11.0023,1.1546,-0.5891,2.8255,993.65,544.78,0.0000,0.0000
24.800,1,10,0,2.0071,33.7494,1.7435,0.6530,3.2139,3.2796,1,1,3.00,4.1147,39.9121,6.5131,-1.5194,1.0058,10.9194,1.1441,-0.5995,2.8255,997.88,474.83,0.0000,0.0000
24.900,1,10,0,2.0437,34.0588,1.7391,0.5488,3.1716,3.2187,1,1,3.00,4.1147,39.9121,6.2089,-1.3847,1.0058,10.8281,1.1330,-0.6061,2.8255,978.32,313.63,0.0000,0.0000
25.000,1,10,0,2.0590,34.2154,1.7313,0.4981,3.1395,3.1788,1,1,3.00,4.1147,39.9121,6.0563,-1.3139,1.0058,10.7682,1.1272,-0.6041,2.8255,998.49,362.33,0.0000,0.0000
25.100,1,10,0,2.0825,34.5127,1.7177,0.4026,3.0782,3.1044,1,1,3.00,4.1147,39.9121,5.7692,-1.1745,1.0058,10.6566,1.1156,-0.6021,2.8255,1000.00,345.79,0.0000,0.0000
25.200,1,10,0,2.0982,34.8025,1.7013,0.3136,3.0122,3.0285,1,1,3.00,4.1147,39.9121,5.4931,-1.0326,1.0058,10.5428,1.1034,-0.5978,2.8255,977.63,344.37,0.0000,0.0000
25.300,1,10,0,2.1072,35.0860,1.6756,0.2329,2.9471,2.9563,1,1,3.00,4.1147,39.9121,5.2270,-0.8885,1.0058,10.4344,1.0908,-0.5848,2.8255,992.73,280.35,0.0000,0.0000
25.400,1,10,0,2.1108,35.3639,1.6416,0.1615,2.8856,2.8901,1,1,3.00,4.1147,39.9121,4.9701,-0.7427,1.0058,10.3351,1.0775,-0.5640,2.8086,986.31,297.14,0.0000,0.0000
25.500,1,10,0,2.1094,35.6368,1.6094,0.0980,2.8281,2.8298,1,1,3.00,4.1147,39.9121,4.7223,-0.5954,1.0058,10.2447,1.0639,-0.5455,2.6685,978.56,208.15,0.0000,0.0000
25.600,1,10,0,2.1039,35.9058,1.5695,0.0426,2.7775,2.7779,1,1,3.00,4.1147,39.9121,4.4826,-0.4467,1.0058,10.1668,1.0497,-0.5198,2.5331,973.59,225.83,0.0000,0.0000
25.700,1,10,0,2.0998,36.0349,1.5302,0.0173,2.7598,2.7598,1,1,3.00,4.1147,39.9121,4.3695,-0.3742,1.0058,10.1398,1.0427,-0.4875,2.4692,956.22,165.74,0.0000,0.0000
25.800,1,10,0,2.0893,36.2986,1.4926,-0.0271,2.7169,2.7170,1,1,3.00,4.1147,39.9121,4.1424,-0.2241,1.0058,10.0756,1.0280,-0.4646,2.3408,943.45,130.14,0.0000,0.0000
25.900,1,10,0,2.0767,36.5596,1.4531,-0.0630,2.6795,2.6802,1,1,3.00,4.1147,39.9121,3.9233,-0.0737,1.0058,10.0203,1.0132,-0.4399,2.2170,953.57,143.68,0.0000,0.0000
26.000,1,10,0,2.0624,36.8175,1.4010,-0.0923,2.6446,2.6462,1,1,3.00,4.1147,39.9121,3.7133,0.0765,1.0058,9.9694,0.9981,-0.4029,2.0983,867.45,120.91,0.0000,0.0000
26.100,1,10,0,2.0545,36.9493,1.3574,-0.1041,2.6226,2.6247,1,1,3.00,4.1147,39.9121,3.6086,0.1537,1.0058,9.9370,0.9903,-0.3670,2.0392,837.72,134.97,0.0000,0.0000
26.200,1,10,0,2.0470,37.0728,1.3238,-0.1146,2.6124,2.6149,1,1,3.00,4.1147,39.9121,3.5124,0.2262,1.0058,9.9223,0.9830,-0.3408,1.9849,902.29,39.61,0.0000,0.0000
26.300,1,10,0,2.0317,37.3248,1.2783,-0.1285,2.5800,2.5832,1,1,3.00,4.1147,39.9121,3.3216,0.3740,1.0058,9.8748,0.9680,-0.3103,1.8770,820.41,56.95,0.0000,0.0000
26.400,1,10,0,2.0170,37.5737,1.2320,-0.1348,2.5486,2.5522,1,1,3.00,4.1147,39.9121,3.1414,0.5197,1.0058,9.8283,0.9530,-0.2790,1.7752,683.54,89.44,0.0000,0.0000
26.500,1,10,0,2.0041,37.8196,1.1734,-0.1325,2.5171,2.5206,1,1,3.00,4.1147,39.9121,2.9720,0.6622,1.0058,9.7808,0.9382,-0.2352,1.6795,675.74,-7.40,0.0000,0.0000
26.600,2,10,0,1.9985,37.9442,1.1267,-0.1275,2.4929,2.4961,2,1,3.00,-1.1811,54.6351,16.9911,2.6573,1.9161,9.7442,1.6498,0.5231,3.1293,705.16,-72.62,0.0000,0.0000
26.700,2,10,0,1.9894,38.1817,1.0802,-0.1145,2.4496,2.4523,2,1,3.00,-1.1811,54.6351,16.7561,2.5855,1.9161,9.6784,1.6550,0.5748,3.1293,545.31,131.93,0.0000,0.0000
26.800,2,10,0,1.9854,38.2952,1.0334,-0.1082,2.4325,2.4349,2,1,3.00,-1.1811,54.6351,16.6439,2.5509,1.9161,9.6524,1.6577,0.6243,3.1293,387.09,352.12,0.0000,0.0000
26.900,2,10,0,1.9805,38.5255,0.9878,-0.0858,2.3865,2.3880,2,1,3.00,-1.1811,54.6351,16.4169,2.4775,1.9161,9.5820,1.6631,0.6752,3.1293,500.83,572.11,0.0000,0.0000
27.000,2,10,0,1.9850,38.7513,0.9456,-0.0370,2.3413,2.3416,2,1,3.00,-1.1811,54.6351,16.1963,2.3968,1.9161,9.5124,1.6692,0.7236,3.1293,426.21,792.25,0.0000,0.0000
27.100,2,10,0,1.9930,38.8673,0.9039,0.0011,2.3191,2.3191,2,1,3.00,-1.1811,54.6351,16.0841,2.3500,1.9161,9.4786,1.6730,0.7692,3.1293,336.32,985.52,0.0000,0.0000
27.200,2,10,0,2.0224,39.0943,0.8700,0.1075,2.3009,2.3034,2,1,3.00,-1.1811,54.6351,15.8676,2.2456,1.9161,9.4551,1.6829,0.8129,3.1293,335.55,1000.00,0.0000,0.0000
27.300,2,10,0,2.0725,39.3253,0.8474,0.2504,2.3039,2.3175,2,1,3.00,-1.1811,54.6351,15.6517,2.1203,1.9161,9.4763,1.6960,0.8486,3.1293,264.72,999.13,0.0000,0.0000
27.400,2,10,0,2.1042,39.4389,0.8320,0.3328,2.3164,2.3402,2,1,3.00,-1.1811,54.6351,15.5473,2.0519,1.9161,9.5102,1.7036,0.8715,3.1293,187.25,994.20,0.0000,0.0000
27.500,2,10,0,2.1842,39.6744,0.8232,0.5037,2.3320,2.3858,2,1,3.00,-1.1811,54.6351,15.3345,1.8970,1.9161,9.5787,1.7206,0.8974,3.1293,145.66,988.96,0.0000,0.0000
27.600,2,10,0,2.2809,39.9084,0.8227,0.6730,2.3356,2.4306,2,1,3.00,-1.1811,54.6351,15.1282,1.7268,1.9161,9.6459,1.7389,0.9162,3.1293,5.58,984.15,0.0000,0.0000
27.700,2,10,0,2.3901,40.1360,0.8307,0.8258,2.3142,2.4571,2,1,3.00,-1.1811,54.6351,14.9324,1.5470,1.9161,9.6857,1.7577,0.9270,3.1293,5.98,996.28,0.0000,0.0000
27.800,2,10,0,2.5070,40.3546,0.8499,0.9509,2.2680,2.4593,2,1,3.00,-1.1811,54.6351,14.7491,1.3630,1.9161,9.6889,1.7763,0.9264,3.1293,1.85,987.62,0.0000,0.0000
27.900,2,10,0,2.6280,40.5635,0.8792,1.0453,2.2036,2.4390,2,1,3.00,-1.1811,54.6351,14.5780,1.1784,1.9161,9.6585,1.7947,0.9155,3.1293,-101.44,996.48,0.0000,0.0000
28.000,2,10,0,2.6913,40.6675,0.9089,1.0793,2.1626,2.4170,2,1,3.00,-1.1811,54.6351,14.4945,1.0837,1.9161,9.6254,1.8040,0.8950,3.1293,-139.52,991.59,0.0000,0.0000
28.100,2,10,0,2.8157,40.8615,0.9535,1.1386,2.0814,2.3725,2,1,3.00,-1.1811,54.6351,14.3418,0.9010,1.9161,9.5587,1.8221,0.8686,3.1293,-214.42,989.76,0.0000,0.0000
28.200,2,10,0,2.9426,41.0467,1.0057,1.1855,1.9979,2.3231,2,1,3.00,-1.1811,54.6351,14.2004,0.7188,1.9161,9.4847,1.8404,0.8347,3.1293,-144.91,995.19,0.0000,0.0000
28.300,2,10,0,3.0729,41.2252,1.0524,1.2274,1.9202,2.2790,2,1,3.00,-1.1811,54.6351,14.0685,0.5359,1.9161,9.4185,1.8592,0.8068,3.1293,-249.56,985.06,0.0000,0.0000
28.400,2,10,0,3.2066,41.4008,1.1159,1.2668,1.8607,2.2510,2,1,3.00,-1.1811,54.6351,13.9427,0.3506,1.9161,9.3764,1.8787,0.7628,3.1293,-194.73,1000.00,0.0000,0.0000
28.500,2,10,0,3.3426,41.5749,1.1774,1.3004,1.8171,2.2344,2,1,3.00,-1.1811,54.6351,13.8215,0.1637,1.9161,9.3516,1.8986,0.7212,3.1293,-149.75,1000.00,0.0000,0.0000
28.600,2,10,0,3.4092,41.6593,1.2421,1.3174,1.8054,2.2350,2,1,3.00,-1.1811,54.6351,13.7638,0.0725,1.9161,9.3525,1.9083,0.6663,3.1293,-86.86,989.31,0.0000,0.0000
28.700,2,10,0,3.5467,41.8347,1.3167,1.3391,1.7885,2.2343,2,1,3.00,-1.1811,54.6351,13.6456,-0.1163,1.9161,9.3514,1.9285,0.6119,3.1293,-63.22,999.47,0.0000,0.0000
28.800,2,10,0,3.6841,42.0149,1.3849,1.3522,1.7951,2.2474,2,1,3.00,-1.1811,54.6351,13.5255,-0.3065,1.9161,9.3711,1.9488,0.5639,3.1293,-21.33,997.69,0.0000,0.0000
28.900,2,10,0,3.8208,42.2013,1.4608,1.3583,1.8220,2.2725,2,1,3.00,-1.1811,54.6351,13.4022,-0.4983,1.9161,9.4088,1.9690,0.5081,3.1293,17.55,1000.00,0.0000,0.0000
29.000,2,10,0,3.9553,42.3961,1.5366,1.3538,1.8698,2.3084,2,1,3.00,-1.1811,54.6351,13.2731,-0.6908,1.9161,9.4626,1.9889,0.4523,3.1293,37.93,1000.00,0.0000,0.0000
29.100,2,10,0,4.0863,42.6011,1.6044,1.3382,1.9370,2.3543,2,1,3.00,-1.1811,54.6351,13.1363,-0.8834,1.9161,9.5315,2.0085,0.4041,3.1293,174.16,996.96,0.0000,0.0000
29.200,2,10,0,4.2109,42.8179,1.6721,1.3047,2.0235,2.4076,2,1,3.00,-1.1811,54.6351,12.9892,-1.0741,1.9161,9.6114,2.0274,0.3553,3.1293,179.40,1000.00,0.0000,0.0000
29.300,2,10,0,4.3266,43.0486,1.7459,1.2510,2.1284,2.4688,2,1,3.00,-1.1811,54.6351,12.8290,-1.2610,1.9161,9.7032,2.0453,0.2994,3.1293,191.93,1000.00,0.0000,0.0000
29.400,2,10,0,4.4315,43.2924,1.8109,1.1773,2.2430,2.5332,2,1,3.00,-1.1811,54.6351,12.6554,-1.4423,1.9161,9.7998,2.0622,0.2513,3.1293,282.20,1000.00,0.0000,0.0000
29.500,2,10,0,4.5236,43.5486,1.8815,1.0836,2.3608,2.5976,2,1,3.00,-1.1811,54.6351,12.4682,-1.6156,1.9161,9.8965,2.0779,0.1964,3.1293,243.77,1000.00,0.0000,0.0000
29.600,2,10,0,4.5656,43.6846,1.9368,1.0283,2.4120,2.6221,2,1,3.00,-1.1811,54.6351,12.3668,-1.7012,1.9161,9.9331,2.0857,0.1489,3.1293,455.30,1000.00,0.0000,0.0000
29.700,2,10,0,4.6357,43.9562,1.9912,0.9093,2.5212,2.6802,2,1,3.00,-1.1811,54.6351,12.1604,-1.8591,1.9161,10.0202,2.0995,0.1084,3.1293,547.27,1000.00,0.0000,0.0000
29.800,2,10,0,4.6632,44.0920,2.0374,0.8420,2.5829,2.7166,2,1,3.00,-1.1811,54.6351,12.0546,-1.9309,1.9161,10.0750,2.1054,0.0681,3.1293,401.69,1000.00,0.0000,0.0000
29.900,2,10,0,4.7050,44.3803,2.0941,0.6870,2.6941,2.7803,2,1,3.00,-1.1811,54.6351,11.8240,-2.0678,1.9161,10.1704,2.1167,0.0226,3.1293,621.65,1000.00,0.0000,0.0000
30.000,2,10,0,4.7276,44.6776,2.1426,0.5185,2.7971,2.8447,2,1,3.00,-1.1811,54.6351,11.5786,-2.1897,1.9161,10.2671,2.1262,-0.0164,3.1293,612.34,1000.00,0.0000,0.0000
30.100,2,10,0,4.7310,44.8340,2.1951,0.4277,2.8392,2.8712,2,1,3.00,-1.1811,54.6351,11.4462,-2.2458,1.9161,10.3069,2.1306,-0.0645,3.1293,749.90,1000.00,0.0000,0.0000
30.200,2,10,0,4.7209,45.1433,2.2339,0.2359,2.9304,2.9399,2,1,3.00,-1.1811,54.6351,11.1771,-2.3410,1.9161,10.4099,2.1373,-0.0967,3.1293,766.94,1000.00,0.0000,0.0000
30.300,2,10,0,4.7077,45.2958,2.2763,0.1337,2.9795,2.9825,2,1,3.00,-1.1811,54.6351,11.0409,-2.3802,1.9161,10.4737,2.1395,-0.1367,3.1293,830.89,995.96,0.0000,0.0000
30.400,2,10,0,4.6633,45.6132,2.3163,-0.0775,3.0519,3.0529,2,1,3.00,-1.1811,54.6351,10.7495,-2.4458,1.9161,10.5794,2.1433,-0.1730,3.1293,856.14,1000.00,0.0000,0.0000
30.500,2,10,0,4.5961,45.9334,2.3585,-0.2949,3.1079,3.1218,2,1,3.00,-1.1811,54.6351,10.4449,-2.4910,1.9161,10.6827,2.1452,-0.2134,3.1293,886.53,1000.00,0.0000,0.0000
30.600,2,10,0,4.5070,46.2542,2.3975,-0.5128,3.1459,3.1874,2,1,3.00,-1.1811,54.6351,10.1289,-2.5157,1.9161,10.7811,2.1453,-0.2522,3.1293,940.55,1000.00,0.0000,0.0000
30.700,2,10,0,4.4532,46.4190,2.4337,-0.6171,3.1503,3.2101,2,1,3.00,-1.1811,54.6351,9.9625,-2.5209,1.9161,10.8152,2.1451,-0.2887,3.1293,989.97,1000.00,0.0000,0.0000
30.800,2,10,0,4.3340,46.7372,2.4671,-0.8250,3.1607,3.2666,2,1,3.00,-1.1811,54.6351,9.6330,-2.5164,1.9161,10.8999,2.1430,-0.3241,3.1293,961.42,1000.00,0.0000,0.0000
30.900,2,10,0,4.1959,47.0520,2.4943,-1.0260,3.1551,3.3178,2,1,3.00,-1.1811,54.6351,9.2960,-2.4930,1.9161,10.9767,2.1394,-0.3549,3.1293,1000.00,1000.00,0.0000,0.0000
31.000,2,10,0,4.0408,47.3621,2.5256,-1.2157,3.1345,3.3620,2,1,3.00,-1.1811,54.6351,8.9535,-2.4520,1.9161,11.0430,2.1346,-0.3910,3.1293,991.31,975.15,0.0000,0.0000
31.100,2,10,0,3.9598,47.5106,2.5457,-1.3099,3.1265,3.3898,2,1,3.00,-1.1811,54.6351,8.7856,-2.4261,1.9161,11.0847,2.1315,-0.4141,3.1293,998.34,996.42,0.0000,0.0000
31.200,2,10,0,3.7823,47.8121,2.5695,-1.4804,3.0870,3.4236,2,1,3.00,-1.1811,54.6351,8.4373,-2.3610,1.9161,11.1354,2.1250,-0.4445,3.1293,1000.00,866.39,0.0000,0.0000
31.300,2,10,0,3.5919,48.1067,2.5889,-1.6352,3.0370,3.4493,2,1,3.00,-1.1811,54.6351,8.0871,-2.2817,1.9161,11.1739,2.1175,-0.4714,3.1293,1000.00,806.21,0.0000,0.0000
31.400,2,10,0,3.3918,48.3924,2.6106,-1.7694,2.9726,3.4594,2,1,3.00,-1.1811,54.6351,7.7384,-2.1900,1.9161,11.1890,2.1094,-0.5013,3.1293,972.00,743.98,0.0000,0.0000
31.500,2,10,0,3.2858,48.5354,2.6271,-1.8230,2.9280,3.4491,2,1,3.00,-1.1811,54.6351,7.5604,-2.1387,1.9161,11.1737,2.1052,-0.5219,3.1293,1000.00,725.15,0.0000,0.0000
31.600,2,10,0,3.0760,48.8045,2.6404,-1.9217,2.8413,3.4301,2,1,3.00,-1.1811,54.6351,7.2194,-2.0324,1.9161,11.1452,2.0965,-0.5439,3.1293,997.69,737.14,0.0000,0.0000
31.700,2,10,0,2.8618,49.0622,2.6502,-2.0008,2.7448,3.3966,2,1,3.00,-1.1811,54.6351,6.8849,-1.9180,1.9161,11.0949,2.0873,-0.5630,3.1293,999.69,676.28,0.0000,0.0000
31.800,2,10,0,2.6439,49.3092,2.6574,-2.0647,2.6444,3.3549,2,1,3.00,-1.1811,54.6351,6.5571,-1.7966,1.9161,11.0324,2.0775,-0.5799,3.1293,993.07,598.46,0.0000,0.0000
31.900,2,10,0,2.4230,49.5459,2.6605,-2.1161,2.5431,3.3084,2,1,3.00,-1.1811,54.6351,6.2362,-1.6688,1.9161,10.9626,2.0671,-0.5933,3.1293,994.90,515.24,0.0000,0.0000
32.000,2,10,0,2.3152,49.6569,2.6602,-2.1423,2.4972,3.2902,2,1,3.00,-1.1811,54.6351,6.0833,-1.6049,1.9161,10.9353,2.0618,-0.5984,3.1293,997.57,538.37,0.0000,0.0000
32.100,2,10,0,2.0922,49.8775,2.6567,-2.1751,2.3920,3.2330,2,1,3.00,-1.1811,54.6351,5.7749,-1.4698,1.9161,10.8495,2.0507,-0.6060,3.1293,996.55,477.64,0.0000,0.0000
32.200,2,10,0,1.8679,50.0879,2.6477,-2.2010,2.2884,3.1751,2,1,3.00,-1.1811,54.6351,5.4748,-1.3299,1.9161,10.7627,2.0390,-0.6087,3.1293,997.73,337.03,0.0000,0.0000
32.300,2,10,0,1.6431,50.2885,2.6351,-2.2193,2.1866,3.1155,2,1,3.00,-1.1811,54.6351,5.1835,-1.1863,1.9161,10.6733,2.0268,-0.6083,3.1293,999.44,371.63,0.0000,0.0000
32.400,2,10,0,1.4196,50.4786,2.6177,-2.2257,2.0834,3.0486,2,1,3.00,-1.1811,54.6351,4.9031,-1.0404,1.9161,10.5730,2.0142,-0.6036,3.0686,972.92,323.04,0.0000,0.0000
32.500,2,10,0,1.1978,50.6594,2.5929,-2.2239,1.9840,2.9803,2,1,3.00,-1.1811,54.6351,4.6331,-0.8929,1.9161,10.4704,2.0011,-0.5918,2.8997,998.06,295.37,0.0000,0.0000
32.600,2,10,0,1.0844,50.7492,2.5694,-2.2154,1.9325,2.9398,2,1,3.00,-1.1811,54.6351,4.4981,-0.8165,1.9161,10.4097,1.9944,-0.5750,2.8152,985.25,302.74,0.0000,0.0000
32.700,2,10,0,0.8651,50.9179,2.5391,-2.2065,1.8432,2.8751,2,1,3.00,-1.1811,54.6351,4.2432,-0.6673,1.9161,10.3126,1.9807,-0.5584,2.6557,975.83,235.35,0.0000,0.0000
32.800,2,10,0,0.6470,51.0802,2.5013,-2.1970,1.7634,2.8171,2,1,3.00,-1.1811,54.6351,3.9974,-0.5169,1.9161,10.2257,1.9666,-0.5347,2.5018,966.56,182.83,0.0000,0.0000
32.900,2,10,0,0.4301,51.2367,2.4595,-2.1863,1.6910,2.7639,2,1,3.00,-1.1811,54.6351,3.7610,-0.3658,1.9161,10.1459,1.9521,-0.5074,2.3539,972.95,172.90,0.0000,0.0000
33.000,2,10,0,0.2141,51.3883,2.4186,-2.1761,1.6275,2.7174,2,1,3.00,-1.1811,54.6351,3.5339,-0.2139,1.9161,10.0761,1.9373,-0.4813,2.2117,957.60,176.11,0.0000,0.0000
33.100,2,10,0,-0.0016,51.5368,2.3749,-2.1686,1.5755,2.6805,2,1,3.00,-1.1811,54.6351,3.3152,-0.0612,1.9161,10.0208,1.9222,-0.4527,2.0749,935.47,114.50,0.0000,0.0000
33.200,2,10,0,-0.2166,51.6826,2.3235,-2.1611,1.5326,2.6494,2,1,3.00,-1.1811,54.6351,3.1061,0.0918,1.9161,9.9741,1.9069,-0.4166,1.9440,834.98,21.17,0.0000,0.0000
33.300,2,10,0,-0.3203,51.7522,2.2858,-2.1612,1.5160,2.6399,2,1,3.00,-1.1811,54.6351,3.0087,0.1658,1.9161,9.9598,1.8994,-0.3864,1.8830,725.22,-62.45,0.0000,0.0000
33.400,3,10,0,-0.5310,51.8919,2.2412,-2.1420,1.4732,2.5997,3,1,3.00,8.3480,66.1849,16.8264,-2.2472,0.8810,9.8996,1.1042,-1.1370,2.9947,737.87,62.92,0.0000,0.0000
33.500,3,10,0,-0.6371,51.9612,2.1896,-2.1216,1.4453,2.5671,3,1,3.00,8.3480,66.1849,16.8239,-2.1213,0.8810,9.8507,1.0931,-1.0966,2.9947,671.66,-29.35,0.0000,0.0000
33.600,3,10,0,-0.8394,52.0925,2.1492,-2.0852,1.3969,2.5099,3,1,3.00,8.3480,66.1849,16.8227,-1.8817,0.8810,9.7648,1.0713,-1.0779,2.9947,744.71,-65.08,0.0000,0.0000
33.700,3,10,0,-0.9355,52.1547,2.1027,-2.0686,1.3767,2.4848,3,1,3.00,8.3480,66.1849,16.8235,-1.7680,0.8810,9.7272,1.0608,-1.0419,2.9947,950.28,-111.70,0.0000,0.0000
33.800,3,10,0,-1.1294,52.2809,2.0495,-2.0226,1.3360,2.4240,3,1,3.00,8.3480,66.1849,16.8268,-1.5381,0.8810,9.6360,1.0393,-1.0103,2.9947,981.37,-105.50,0.0000,0.0000
33.900,3,10,0,-1.3213,52.4072,2.0003,-1.9864,1.3108,2.3799,3,1,3.00,8.3480,66.1849,16.8321,-1.3096,0.8810,9.5699,1.0170,-0.9833,2.9947,991.63,-168.27,0.0000,0.0000
34.000,3,10,0,-1.5136,52.5379,1.9420,-1.9645,1.3107,2.3616,3,1,3.00,8.3480,66.1849,16.8372,-1.0782,0.8810,9.5424,0.9935,-0.9485,2.9947,989.92,-219.24,0.0000,0.0000
34.100,3,10,0,-1.6127,52.6077,1.8804,-1.9528,1.3173,2.3556,3,1,3.00,8.3480,66.1849,16.8390,-0.9573,0.8810,9.5333,0.9811,-0.8993,2.9947,963.82,-142.95,0.0000,0.0000
34.200,3,10,0,-1.8047,52.7494,1.8231,-1.9406,1.3531,2.3657,3,1,3.00,8.3480,66.1849,16.8401,-0.7190,0.8810,9.5486,0.9561,-0.8670,2.9947,982.43,-213.97,0.0000,0.0000
34.300,3,10,0,-1.9943,52.9005,1.7565,-1.9238,1.4102,2.3853,3,1,3.00,8.3480,66.1849,16.8356,-0.4766,0.8810,9.5779,0.9307,-0.8258,2.9947,986.25,-301.49,0.0000,0.0000
34.400,3,10,0,-2.0848,52.9772,1.6952,-1.9161,1.4480,2.4017,3,1,3.00,8.3480,66.1849,16.8311,-0.3580,0.8810,9.6025,0.9182,-0.7770,2.9947,989.66,-244.38,0.0000,0.0000
34.500,3,10,0,-2.2673,53.1415,1.6321,-1.8835,1.5200,2.4203,3,1,3.00,8.3480,66.1849,16.8171,-0.1127,0.8810,9.6304,0.8927,-0.7394,2.9947,944.60,-300.35,0.0000,0.0000
34.600,3,10,0,-2.4433,53.3130,1.5672,-1.8390,1.5922,2.4325,3,1,3.00,8.3480,66.1849,16.7969,0.1322,0.8810,9.6488,0.8673,-0.7000,2.9947,988.12,-81.78,0.0000,0.0000
34.700,3,10,0,-2.6111,53.4918,1.4843,-1.7808,1.6648,2.4378,3,1,3.00,8.3480,66.1849,16.7695,0.3754,0.8810,9.6567,0.8421,-0.6422,2.9947,989.05,-70.63,0.0000,0.0000
34.800,3,10,0,-2.6934,53.5884,1.4094,-1.7411,1.7035,2.4359,3,1,3.00,8.3480,66.1849,16.7506,0.5004,0.8810,9.6538,0.8292,-0.5802,2.9947,986.74,-142.47,0.0000,0.0000
34.900,3,10,0,-2.8438,53.7854,1.3351,-1.6545,1.7996,2.4446,3,1,3.00,8.3480,66.1849,16.7033,0.7418,0.8810,9.6669,0.8044,-0.5307,2.9947,978.45,-82.56,0.0000,0.0000
35.000,3,10,0,-2.9814,53.9941,1.2606,-1.5532,1.9032,2.4566,3,1,3.00,8.3480,66.1849,16.6424,0.9808,0.8810,9.6848,0.7800,-0.4806,2.9947,984.98,21.74,0.0000,0.0000
35.100,3,10,0,-3.1038,54.2166,1.1948,-1.4332,2.0193,2.4763,3,1,3.00,8.3480,66.1849,16.5646,1.2168,0.8810,9.7144,0.7564,-0.4385,2.9947,988.23,38.00,0.0000,0.0000
35.200,3,10,0,-3.1566,54.3298,1.1219,-1.3666,2.0872,2.4948,3,1,3.00,8.3480,66.1849,16.5197,1.3295,0.8810,9.7422,0.7453,-0.3765,2.9947,982.99,109.63,0.0000,0.0000
35.300,3,10,0,-3.2503,54.5728,1.0498,-1.2096,2.2139,2.5228,3,1,3.00,8.3480,66.1849,16.4122,1.5565,0.8810,9.7842,0.7232,-0.3266,2.9947,966.08,149.14,0.0000,0.0000
35.400,3,10,0,-3.3224,54.8274,0.9793,-1.0313,2.3360,2.5535,3,1,3.00,8.3480,66.1849,16.2847,1.7741,0.8810,9.8303,0.7024,-0.2768,2.9947,928.17,186.16,0.0000,0.0000
35.500,3,10,0,-3.3725,55.0907,0.9176,-0.8378,2.4456,2.5851,3,1,3.00,8.3480,66.1849,16.1385,1.9804,0.8810,9.8777,0.6831,-0.2345,2.9947,979.39,189.11,0.0000,0.0000
35.600,3,10,0,-3.3996,55.3611,0.8424,-0.6306,2.5409,2.6180,3,1,3.00,8.3480,66.1849,15.9737,2.1733,0.8810,9.9270,0.6654,-0.1769,2.9947,988.86,286.85,0.0000,0.0000
35.700,3,10,0,-3.4037,55.6366,0.7764,-0.4152,2.6200,2.6527,3,1,3.00,8.3480,66.1849,15.7914,2.3518,0.8810,9.9790,0.6495,-0.1269,2.9947,984.35,254.68,0.0000,0.0000
35.800,3,10,0,-3.3962,55.7800,0.7052,-0.3032,2.6475,2.6648,3,1,3.00,8.3480,66.1849,15.6903,2.4372,0.8810,9.9973,0.6418,-0.0633,2.9947,988.50,397.57,0.0000,0.0000
35.900,3,10,0,-3.3629,56.0603,0.6431,-0.0729,2.7031,2.7041,3,1,3.00,8.3480,66.1849,15.4807,2.5900,0.8810,10.0561,0.6289,-0.0142,2.9947,986.99,444.53,0.0000,0.0000
36.000,3,10,0,-3.3041,56.3418,0.5826,0.1666,2.7427,2.7477,3,1,3.00,8.3480,66.1849,15.2531,2.7238,0.8810,10.1216,0.6181,0.0355,2.9947,985.17,608.27,0.0000,0.0000
36.100,3,10,0,-3.2185,56.6231,0.5244,0.4166,2.7669,2.7981,3,1,3.00,8.3480,66.1849,15.0070,2.8367,0.8810,10.1971,0.6096,0.0853,2.9947,987.05,566.86,0.0000,0.0000
36.200,3,10,0,-3.1667,56.7589,0.4749,0.5488,2.7797,2.8333,3,1,3.00,8.3480,66.1849,14.8808,2.8833,0.8810,10.2500,0.6068,0.1318,2.9947,983.17,622.52,0.0000,0.0000
36.300,3,10,0,-3.0405,57.0362,0.4275,0.8097,2.7780,2.8936,3,1,3.00,8.3480,66.1849,14.6081,2.9623,0.8810,10.3404,0.6020,0.1744,2.9947,985.39,751.39,0.0000,0.0000
36.400,3,10,0,-2.8887,57.3076,0.3767,1.0690,2.7558,2.9559,3,1,3.00,8.3480,66.1849,14.3202,3.0180,0.8810,10.4339,0.5994,0.2227,2.9947,982.72,760.73,0.0000,0.0000
36.500,3,10,0,-2.7116,57.5713,0.3290,1.3260,2.7132,3.0199,3,1,3.00,8.3480,66.1849,14.0181,3.0492,0.8810,10.5298,0.5991,0.2701,2.9947,987.52,822.90,0.0000,0.0000
36.600,3,10,0,-2.6113,57.7034,0.2892,1.4466,2.6785,3.0442,3,1,3.00,8.3480,66.1849,13.8579,3.0559,0.8810,10.5664,0.5994,0.3103,2.9947,981.72,892.74,0.0000,0.0000
36.700,3,10,0,-2.4000,57.9522,0.2517,1.6874,2.6087,3.1069,3,1,3.00,8.3480,66.1849,13.5387,3.0512,0.8810,10.6603,0.6022,0.3505,2.9947,983.39,904.72,0.0000,0.0000
36.800,3,10,0,-2.1681,58.1899,0.2084,1.9154,2.5238,3.1683,3,1,3.00,8.3480,66.1849,13.2101,3.0236,0.8810,10.7525,0.6069,0.3984,2.9947,982.80,971.49,0.0000,0.0000
36.900,3,10,0,-1.9174,58.4154,0.1690,2.1287,2.4256,3.2273,3,1,3.00,8.3480,66.1849,12.8741,2.9738,0.8810,10.8409,0.6132,0.4442,2.9947,988.78,959.89,0.0000,0.0000
37.000,3,10,0,-1.6497,58.6279,0.1368,2.3267,2.3162,3.2830,3,1,3.00,8.3480,66.1849,12.5324,2.9025,0.8810,10.9245,0.6213,0.4845,2.9947,958.28,971.08,0.0000,0.0000
37.100,3,10,0,-1.5144,58.7264,0.1106,2.4248,2.2630,3.3168,3,1,3.00,8.3480,66.1849,12.3651,2.8608,0.8810,10.9752,0.6260,0.5154,2.9947,936.55,988.08,0.0000,0.0000
37.200,3,10,0,-1.2265,58.9193,0.0894,2.5916,2.1422,3.3624,3,1,3.00,8.3480,66.1849,12.0191,2.7615,0.8810,11.0435,0.6359,0.5466,2.9947,930.77,983.10,0.0000,0.0000
37.300,3,10,0,-0.9281,59.0990,0.0615,2.7356,2.0173,3.3990,3,1,3.00,8.3480,66.1849,11.6729,2.6457,0.8810,11.0985,0.6470,0.5855,2.9947,845.40,955.33,0.0000,0.0000
37.400,3,10,0,-0.7714,59.1864,0.0413,2.7913,1.9500,3.4050,3,1,3.00,8.3480,66.1849,11.4953,2.5805,0.8810,11.1075,0.6527,0.6114,2.9947,653.73,991.08,0.0000,0.0000
37.500,3,10,0,-0.4644,59.3460,0.0232,2.8908,1.8213,3.4167,3,1,3.00,8.3480,66.1849,11.1547,2.4452,0.8810,11.1251,0.6646,0.6414,2.9947,693.97,988.65,0.0000,0.0000
37.600,3,10,0,-0.3154,59.4184,0.0082,2.9335,1.7584,3.4201,3,1,3.00,8.3480,66.1849,10.9927,2.3763,0.8810,11.1302,0.6706,0.6624,2.9947,567.61,983.93,0.0000,0.0000
37.700,3,10,0,-0.0088,59.5571,-0.0036,2.9829,1.6238,3.3963,3,1,3.00,8.3480,66.1849,10.6660,2.2281,0.8810,11.0944,0.6828,0.6864,2.9947,495.25,996.82,0.0000,0.0000
37.800,3,10,0,0.2946,59.6821,-0.0119,3.0024,1.4882,3.3510,3,1,3.00,8.3480,66.1849,10.3510,2.0736,0.8810,11.0265,0.6951,0.7070,2.9947,452.85,996.81,0.0000,0.0000
37.900,3,10,0,0.5924,59.7938,-0.0165,2.9943,1.3532,3.2859,3,1,3.00,8.3480,66.1849,10.0497,1.9150,0.8810,10.9288,0.7075,0.7240,2.9947,448.97,976.28,0.0000,0.0000
38.000,3,10,0,0.7436,59.8464,-0.0158,2.9772,1.2850,3.2427,3,1,3.00,8.3480,66.1849,9.8996,1.8318,0.8810,10.8641,0.7139,0.7297,2.9947,411.36,993.42,0.0000,0.0000
38.100,3,10,0,1.0337,59.9402,-0.0105,2.9486,1.1590,3.1682,3,1,3.00,8.3480,66.1849,9.6174,1.6678,0.8810,10.7523,0.7271,0.7376,2.9947,250.72,989.80,0.0000,0.0000
38.200,3,10,0,1.3183,60.0230,-0.0001,2.9104,1.0392,3.0904,3,1,3.00,8.3480,66.1849,9.3480,1.5010,0.8810,10.6356,0.7408,0.7408,2.9947,181.53,992.62,0.0000,0.0000
38.300,3,10,0,1.4537,60.0593,0.0120,2.8927,0.9826,3.0550,3,1,3.00,8.3480,66.1849,9.2224,1.4196,0.8810,10.5825,0.7476,0.7356,2.9947,186.64,996.77,0.0000,0.0000
38.400,3,10,0,1.7271,60.1264,0.0357,2.8361,0.8692,2.9663,3,1,3.00,8.3480,66.1849,8.9745,1.2514,0.8810,10.4494,0.7618,0.7261,2.9947,160.72,995.39,0.0000,0.0000
38.500,3,10,0,1.9937,60.1840,0.0635,2.7753,0.7631,2.8783,3,1,3.00,8.3480,66.1849,8.7400,1.0825,0.8810,10.3174,0.7764,0.7129,2.9947,301.51,1000.00,0.0000,0.0000
38.600,3,10,0,2.2552,60.2343,0.0965,2.7188,0.6688,2.7999,3,1,3.00,8.3480,66.1849,8.5165,0.9127,0.8810,10.1998,0.7917,0.6952,2.9947,152.68,984.10,0.0000,0.0000
38.700,3,10,0,2.5139,60.2792,0.1379,2.6723,0.5891,2.7365,3,1,3.00,8.3480,66.1849,8.3014,0.7417,0.8810,10.1048,0.8077,0.6698,2.9947,77.15,987.16,0.0000,0.0000
38.800,3,10,0,2.6456,60.3002,0.1790,2.6443,0.5522,2.7014,3,1,3.00,8.3480,66.1849,8.1943,0.6535,0.8810,10.0521,0.8160,0.6370,2.9947,68.93,985.96,0.0000,0.0000
38.900,3,10,0,2.8986,60.3373,0.2238,2.6024,0.4866,2.6475,3,1,3.00,8.3480,66.1849,7.9931,0.4820,0.8810,9.9713,0.8327,0.6089,2.9947,-23.45,999.04,0.0000,0.0000
39.000,3,10,0,3.1489,60.3700,0.2666,2.5656,0.4287,2.6012,3,1,3.00,8.3480,66.1849,7.8002,0.3097,0.8810,9.9018,0.8497,0.5832,2.9947,65.44,987.23,0.0000,0.0000
39.100,3,10,0,3.3968,60.3995,0.3238,2.5336,0.3805,2.5620,3,1,3.00,8.3480,66.1849,7.6148,0.1373,0.8810,9.8430,0.8670,0.5432,2.9947,207.82,986.34,0.0000,0.0000
39.200,3,10,0,3.6449,60.4287,0.3780,2.5142,0.3486,2.5383,3,1,3.00,8.3480,66.1849,7.4332,-0.0355,0.8810,9.8074,0.8846,0.5066,2.9947,69.76,981.20,0.0000,0.0000
39.300,3,10,0,3.7660,60.4433,0.4332,2.5162,0.3396,2.5390,3,1,3.00,8.3480,66.1849,7.3457,-0.1197,0.8810,9.8085,0.8932,0.4599,2.9947,176.61,982.05,0.0000,0.0000
39.400,3,10,0,4.0165,60.4739,0.4959,2.5137,0.3278,2.5350,3,1,3.00,8.3480,66.1849,7.1677,-0.2934,0.8810,9.8025,0.9109,0.4150,2.9947,152.21,991.40,0.0000,0.0000
39.500,3,10,0,4.2694,60.5075,0.5531,2.5211,0.3314,2.5428,3,1,3.00,8.3480,66.1849,6.9905,-0.4671,0.8810,9.8142,0.9285,0.3754,2.9947,190.22,973.64,0.0000,0.0000
39.600,3,10,0,4.5259,60.5468,0.6104,2.5386,0.3549,2.5633,3,1,3.00,8.3480,66.1849,6.8115,-0.6399,0.8810,9.8449,0.9459,0.3355,2.9947,245.38,989.49,0.0000,0.0000
39.700,3,10,0,4.7856,60.5937,0.6679,2.5616,0.3973,2.5923,3,1,3.00,8.3480,66.1849,6.6296,-0.8104,0.8810,9.8884,0.9627,0.2949,2.9947,304.66,991.66,0.0000,0.0000
39.800,3,10,0,5.0485,60.6497,0.7251,2.5879,0.4577,2.6280,3,1,3.00,8.3480,66.1849,6.4439,-0.9775,0.8810,9.9420,0.9790,0.2539,2.9947,406.04,984.47,0.0000,0.0000
39.900,3,10,0,5.3148,60.7177,0.7881,2.6170,0.5398,2.6721,3,1,3.00,8.3480,66.1849,6.2522,-1.1397,0.8810,10.0081,0.9944,0.2063,2.9947,473.72,992.18,0.0000,0.0000
40.000,3,10,0,5.5841,60.8001,0.8495,2.6461,0.6448,2.7236,3,1,3.00,8.3480,66.1849,6.0526,-1.2950,0.8810,10.0854,1.0087,0.1591,2.9947,390.07,988.55,0.0000,0.0000
40.100,3,10,0,5.8551,60.8984,0.9089,2.6706,0.7691,2.7791,3,1,3.00,8.3480,66.1849,5.8448,-1.4414,0.8810,10.1687,1.0218,0.1129,2.9947,490.57,989.80,0.0000,0.0000
40.200,3,10,0,6.1257,61.0117,0.9667,2.6847,0.9029,2.8324,3,1,3.00,8.3480,66.1849,5.6303,-1.5780,0.8810,10.2487,1.0337,0.0670,2.9947,549.69,985.76,0.0000,0.0000
40.300,3,10,0,6.3949,61.1417,1.0229,2.6887,1.0486,2.8860,3,1,3.00,8.3480,66.1849,5.4082,-1.7030,0.8810,10.3289,1.0444,0.0215,2.9947,578.08,976.94,0.0000,0.0000
40.400,3,10,0,6.5326,61.2155,1.0662,2.6805,1.1229,2.9062,3,1,3.00,8.3480,66.1849,5.2906,-1.7622,0.8810,10.3593,1.0495,-0.0167,2.9947,532.98,964.59,0.0000,0.0000
40.500,3,10,0,6.7971,61.3713,1.1132,2.6668,1.2801,2.9582,3,1,3.00,8.3480,66.1849,5.0572,-1.8671,0.8810,10.4373,1.0580,-0.0552,2.9947,630.46,994.22,0.0000,0.0000
40.600,3,10,0,7.0564,61.5425,1.1636,2.6391,1.4364,3.0047,3,1,3.00,8.3480,66.1849,4.8187,-1.9581,0.8810,10.5070,1.0652,-0.0983,2.8861,725.49,986.76,0.0000,0.0000
40.700,3,10,0,7.3095,61.7306,1.2023,2.5990,1.5969,3.0504,3,1,3.00,8.3480,66.1849,4.5737,-2.0337,0.8810,10.5756,1.0710,-0.1314,2.7394,709.53,988.76,0.0000,0.0000
40.800,3,10,0,7.4297,61.8278,1.2396,2.5801,1.6825,3.0802,3,1,3.00,8.3480,66.1849,4.4528,-2.0645,0.8810,10.6203,1.0730,-0.1666,2.6669,651.76,978.28,0.0000,0.0000
40.900,3,10,0,7.6714,62.0391,1.2755,2.5217,1.8403,3.1219,3,1,3.00,8.3480,66.1849,4.2007,-2.1165,0.8810,10.6828,1.0766,-0.1990,2.5159,772.88,984.64,0.0000,0.0000
41.000,3,10,0,7.9045,62.2639,1.3147,2.4531,1.9902,3.1589,3,1,3.00,8.3480,66.1849,3.9460,-2.1533,0.8810,10.7383,1.0789,-0.2359,2.3634,650.66,944.57,0.0000,0.0000
41.100,3,10,0,8.0207,62.3850,1.3483,2.4096,2.0582,3.1690,3,1,3.00,8.3480,66.1849,3.8139,-2.1658,0.8810,10.7535,1.0797,-0.2686,2.2843,781.47,981.19,0.0000,0.0000
41.200,3,10,0,8.2389,62.6288,1.3808,2.3262,2.1951,3.1984,3,1,3.00,8.3480,66.1849,3.5577,-2.1789,0.8810,10.7976,1.0801,-0.3007,2.1308,789.78,828.23,0.0000,0.0000
41.300,3,10,0,8.3409,62.7513,1.4120,2.2860,2.2663,3.2190,3,1,3.00,8.3480,66.1849,3.4336,-2.1797,0.8810,10.8285,1.0796,-0.3324,2.0565,673.45,894.30,0.0000,0.0000
41.400,3,10,0,8.5420,63.0102,1.4415,2.1865,2.3851,3.2356,3,1,3.00,8.3480,66.1849,3.1806,-2.1700,0.8810,10.8534,1.0783,-0.3632,1.9050,637.12,797.05,0.0000,0.0000
41.500,3,10,0,8.7311,63.2757,1.4696,2.0798,2.4843,3.2400,3,1,3.00,8.3480,66.1849,2.9343,-2.1470,0.8810,10.8599,1.0762,-0.3934,1.7575,638.79,724.61,0.0000,0.0000
41.600,4,10,0,8.9085,63.5440,1.5033,1.9690,2.5575,3.2276,4,1,3.00,3.2238,80.2919,17.6864,0.3748,1.9192,10.8414,1.8847,0.3813,3.0018,578.61,660.93,0.0000,0.0000
41.700,4,10,0,8.9950,63.6822,1.5290,1.9079,2.5776,3.2069,4,1,3.00,3.2238,80.2919,17.5838,0.2463,1.9192,10.8104,1.8964,0.3674,3.0018,534.01,533.63,0.0000,0.0000
41.800,4,10,0,9.1538,63.9481,1.5533,1.7915,2.6058,3.1622,4,1,3.00,3.2238,80.2919,17.3863,0.0062,1.9192,10.7434,1.9186,0.3654,3.0018,316.90,674.44,0.0000,0.0000
41.900,4,10,0,9.2265,64.0748,1.5761,1.7361,2.6126,3.1368,4,1,3.00,3.2238,80.2919,17.2924,-0.1053,1.9192,10.7052,1.9291,0.3530,3.0018,398.66,781.75,0.0000,0.0000
42.000,4,10,0,9.3689,64.3302,1.5988,1.6233,2.5922,3.0585,4,1,3.00,3.2238,80.2919,17.1037,-0.3264,1.9192,10.5877,1.9500,0.3513,3.0018,357.93,933.32,0.0000,0.0000
42.100,4,10,0,9.5027,64.5816,1.6256,1.5203,2.5651,2.9818,4,1,3.00,3.2238,80.2919,16.9186,-0.5379,1.9192,10.4727,1.9705,0.3450,3.0018,414.98,1000.00,0.0000,0.0000
42.200,4,10,0,9.6291,64.8349,1.6547,1.4277,2.5559,2.9276,4,1,3.00,3.2238,80.2919,16.7315,-0.7432,1.9192,10.3915,1.9906,0.3360,3.0018,388.48,1000.00,0.0000,0.0000
42.300,4,10,0,9.6912,64.9678,1.6869,1.3812,2.5559,2.9052,4,1,3.00,3.2238,80.2919,16.6329,-0.8470,1.9192,10.3579,2.0008,0.3139,3.0018,505.12,1000.00,0.0000,0.0000
42.400,4,10,0,9.8060,65.2323,1.7218,1.2965,2.5877,2.8943,4,1,3.00,3.2238,80.2919,16.4352,-1.0452,1.9192,10.3415,2.0199,0.2982,3.0018,287.07,1000.00,0.0000,0.0000
42.500,4,10,0,9.9117,65.5069,1.7588,1.2092,2.6447,2.9080,4,1,3.00,3.2238,80.2919,16.2272,-1.2383,1.9192,10.3620,2.0382,0.2793,3.0018,287.27,986.63,0.0000,0.0000
42.600,4,10,0,10.0088,65.7884,1.7987,1.1229,2.7055,2.9293,4,1,3.00,3.2238,80.2919,16.0121,-1.4257,1.9192,10.3940,2.0555,0.2569,3.0018,475.76,1000.00,0.0000,0.0000
42.700,4,10,0,10.0960,66.0763,1.8413,1.0315,2.7676,2.9536,4,1,3.00,3.2238,80.2919,15.7896,-1.6060,1.9192,10.4303,2.0720,0.2307,3.0018,413.82,1000.00,0.0000,0.0000
42.800,4,10,0,10.1339,66.2187,1.8851,0.9830,2.8072,2.9744,4,1,3.00,3.2238,80.2919,15.6782,-1.6901,1.9192,10.4615,2.0794,0.1943,3.0018,437.86,1000.00,0.0000,0.0000
42.900,4,10,0,10.2031,66.5154,1.9349,0.8772,2.8668,2.9980,4,1,3.00,3.2238,80.2919,15.4436,-1.8565,1.9192,10.4970,2.0943,0.1594,3.0018,358.39,1000.00,0.0000,0.0000
43.000,4,10,0,10.2610,66.8144,1.9757,0.7687,2.9133,3.0131,4,1,3.00,3.2238,80.2919,15.2041,-2.0130,1.9192,10.5196,2.1083,0.1326,3.0018,469.98,1000.00,0.0000,0.0000
43.100,4,10,0,10.3072,67.1156,2.0275,0.6566,2.9508,3.0229,4,1,3.00,3.2238,80.2919,14.9596,-2.1592,1.9192,10.5344,2.1214,0.0939,3.0018,402.44,1000.00,0.0000,0.0000
43.200,4,10,0,10.3400,67.4198,2.0745,0.5369,2.9858,3.0337,4,1,3.00,3.2238,80.2919,14.7082,-2.2940,1.9192,10.5505,2.1333,0.0588,3.0018,505.19,1000.00,0.0000,0.0000
43.300,4,10,0,10.3589,67.7270,2.1219,0.4097,3.0191,3.0467,4,1,3.00,3.2238,80.2919,14.4494,-2.4166,1.9192,10.5701,2.1440,0.0221,3.0018,531.99,984.47,0.0000,0.0000
43.400,4,10,0,10.3609,68.0385,2.1742,0.2672,3.0559,3.0676,4,1,3.00,3.2238,80.2919,14.1804,-2.5249,1.9192,10.6013,2.1530,-0.0212,3.0018,528.27,1000.00,0.0000,0.0000
43.500,4,10,0,10.3454,68.3533,2.2256,0.1125,3.0914,3.0934,4,1,3.00,3.2238,80.2919,13.9013,-2.6177,1.9192,10.6401,2.1604,-0.0651,3.0018,676.43,1000.00,0.0000,0.0000
43.600,4,10,0,10.3116,68.6705,2.2761,-0.0522,3.1224,3.1229,4,1,3.00,3.2238,80.2919,13.6123,-2.6943,1.9192,10.6843,2.1662,-0.1098,3.0018,715.70,1000.00,0.0000,0.0000
43.700,4,10,0,10.2865,68.8346,2.3200,-0.1385,3.1290,3.1321,4,1,3.00,3.2238,80.2919,13.4593,-2.7267,1.9192,10.6981,2.1688,-0.1512,3.0018,768.10,1000.00,0.0000,0.0000
43.800,4,10,0,10.2229,69.1538,2.3667,-0.3186,3.1508,3.1669,4,1,3.00,3.2238,80.2919,13.1546,-2.7759,1.9192,10.7504,2.1719,-0.1948,3.0018,773.33,1000.00,0.0000,0.0000
43.900,4,10,0,10.1403,69.4722,2.3979,-0.5024,3.1620,3.2017,4,1,3.00,3.2238,80.2919,12.8414,-2.8070,1.9192,10.8025,2.1734,-0.2244,3.0018,804.54,1000.00,0.0000,0.0000
44.000,4,10,0,10.0389,69.7887,2.4403,-0.6874,3.1621,3.2360,4,1,3.00,3.2238,80.2919,12.5204,-2.8197,1.9192,10.8540,2.1734,-0.2670,3.0018,888.15,1000.00,0.0000,0.0000
44.100,4,10,0,9.9195,70.1023,2.4803,-0.8707,3.1515,3.2696,4,1,3.00,3.2238,80.2919,12.1926,-2.8145,1.9192,10.9044,2.1718,-0.3085,3.0018,952.79,1000.00,0.0000,0.0000
44.200,4,10,0,9.7817,70.4123,2.5141,-1.0540,3.1320,3.3046,4,1,3.00,3.2238,80.2919,11.8580,-2.7909,1.9192,10.9569,2.1686,-0.3455,3.0018,967.52,1000.00,0.0000,0.0000
44.300,4,10,0,9.7082,70.5613,2.5454,-1.1496,3.1265,3.3312,4,1,3.00,3.2238,80.2919,11.6932,-2.7727,1.9192,10.9968,2.1662,-0.3792,3.0018,968.59,1000.00,0.0000,0.0000
44.400,4,10,0,9.5435,70.8648,2.5773,-1.3318,3.0944,3.3689,4,1,3.00,3.2238,80.2919,11.3494,-2.7215,1.9192,11.0533,2.1606,-0.4166,3.0018,1000.00,1000.00,0.0000,0.0000
44.500,4,10,0,9.3630,71.1624,2.6008,-1.5052,3.0527,3.4036,4,1,3.00,3.2238,80.2919,11.0017,-2.6534,1.9192,11.1054,2.1537,-0.4471,3.0018,1000.00,950.97,0.0000,0.0000
44.600,4,10,0,9.1683,71.4532,2.6227,-1.6673,3.0010,3.4331,4,1,3.00,3.2238,80.2919,10.6517,-2.5697,1.9192,11.1496,2.1457,-0.4769,3.0018,1000.00,902.70,0.0000,0.0000
44.700,4,10,0,9.0633,71.5996,2.6451,-1.7376,2.9641,3.4359,4,1,3.00,3.2238,80.2919,10.4716,-2.5210,1.9192,11.1538,2.1415,-0.5036,3.0018,1000.00,960.38,0.0000,0.0000
44.800,4,10,0,8.8518,71.8771,2.6629,-1.8734,2.8947,3.4480,4,1,3.00,3.2238,80.2919,10.1234,-2.4170,1.9192,11.1720,2.1323,-0.5306,3.0018,985.35,878.56,0.0000,0.0000
44.900,4,10,0,8.7458,72.0086,2.6771,-1.9404,2.8637,3.4592,4,1,3.00,3.2238,80.2919,9.9551,-2.3622,1.9192,11.1888,2.1273,-0.5498,3.0018,999.02,790.85,0.0000,0.0000
45.000,4,10,0,8.5218,72.2725,2.6934,-2.0504,2.7829,3.4567,4,1,3.00,3.2238,80.2919,9.6114,-2.2417,1.9192,11.1851,2.1170,-0.5764,3.0018,1000.00,696.79,0.0000,0.0000
45.100,4,10,0,8.2927,72.5254,2.7056,-2.1388,2.6914,3.4377,4,1,3.00,3.2238,80.2919,9.2742,-2.1128,1.9192,11.1565,2.1064,-0.5992,3.0018,992.61,603.04,0.0000,0.0000
45.200,4,10,0,8.0606,72.7662,2.7159,-2.2058,2.5891,3.4013,4,1,3.00,3.2238,80.2919,8.9460,-1.9769,1.9192,11.1019,2.0954,-0.6205,3.0018,996.66,573.06,0.0000,0.0000
45.300,4,10,0,7.8270,72.9948,2.7224,-2.2543,2.4794,3.3510,4,1,3.00,3.2238,80.2919,8.6277,-1.8353,1.9192,11.0265,2.0841,-0.6382,3.0018,1000.00,533.56,0.0000,0.0000
45.400,4,10,0,7.7063,73.1077,2.7246,-2.2677,2.4181,3.3151,4,1,3.00,3.2238,80.2919,8.4678,-1.7604,1.9192,10.9726,2.0783,-0.6463,3.0018,994.42,427.47,0.0000,0.0000
45.500,4,10,0,7.4720,73.3181,2.7227,-2.2942,2.3034,3.2510,4,1,3.00,3.2238,80.2919,8.1658,-1.6120,1.9192,10.8765,2.0663,-0.6564,3.0018,997.16,333.62,0.0000,0.0000
45.600,4,10,0,7.3588,73.4156,2.7170,-2.3069,2.2491,3.2219,4,1,3.00,3.2238,80.2919,8.0238,-1.5389,1.9192,10.8328,2.0603,-0.6566,3.0018,993.75,386.84,0.0000,0.0000
45.700,4,10,0,7.1275,73.6072,2.7069,-2.3100,2.1284,3.1411,4,1,3.00,3.2238,80.2919,7.7411,-1.3869,1.9192,10.7117,2.0480,-0.6589,3.0018,976.54,360.46,0.0000,0.0000
45.800,4,10,0,6.8980,73.7876,2.6928,-2.3058,2.0116,3.0599,4,1,3.00,3.2238,80.2919,7.4703,-1.2328,1.9192,10.5898,2.0351,-0.6577,3.0018,979.62,346.69,0.0000,0.0000
45.900,4,10,0,6.6696,73.9589,2.6702,-2.2992,1.9038,2.9850,4,1,3.00,3.2238,80.2919,7.2097,-1.0766,1.9192,10.4776,2.0216,-0.6486,3.0018,990.58,188.66,0.0000,0.0000
46.000,4,10,0,6.4432,74.1210,2.6422,-2.2873,1.8018,2.9117,4,1,3.00,3.2238,80.2919,6.9602,-0.9192,1.9192,10.3676,2.0076,-0.6346,3.0018,987.31,265.12,0.0000,0.0000
46.100,4,10,0,6.3276,74.2011,2.6122,-2.2745,1.7492,2.8693,4,1,3.00,3.2238,80.2919,6.8361,-0.8379,1.9192,10.3040,2.0003,-0.6119,3.0018,981.52,240.42,0.0000,0.0000
46.200,4,10,0,6.1039,74.3513,2.5821,-2.2604,1.6597,2.8042,4,1,3.00,3.2238,80.2919,6.6019,-0.6789,1.9192,10.2064,1.9856,-0.5965,3.0018,968.39,143.84,0.0000,0.0000
46.300,4,10,0,5.8813,74.4957,2.5448,-2.2474,1.5810,2.7478,4,1,3.00,3.2238,80.2919,6.3764,-0.5189,1.9192,10.1216,1.9704,-0.5743,3.0018,976.69,236.66,0.0000,0.0000
46.400,4,10,0,5.6597,74.6351,2.5041,-2.2353,1.5130,2.6992,4,1,3.00,3.2238,80.2919,6.1590,-0.3583,1.9192,10.0488,1.9549,-0.5493,3.0018,968.98,184.24,0.0000,0.0000
46.500,4,10,0,5.5523,74.7016,2.4606,-2.2360,1.4876,2.6857,4,1,3.00,3.2238,80.2919,6.0558,-0.2800,1.9192,10.0285,1.9471,-0.5134,3.0018,967.72,189.36,0.0000,0.0000
46.600,4,10,0,5.3309,74.8368,2.4095,-2.2293,1.4392,2.6535,4,1,3.00,3.2238,80.2919,5.8479,-0.1180,1.9192,9.9803,1.9310,-0.4784,3.0018,982.73,129.45,0.0000,0.0000
46.700,4,10,0,5.1092,74.9705,2.3668,-2.2261,1.4032,2.6315,4,1,3.00,3.2238,80.2919,5.6455,0.0447,1.9192,9.9472,1.9147,-0.4521,3.0018,983.64,204.08,0.0000,0.0000
46.800,4,10,0,4.8870,75.1039,2.3115,-2.2262,1.3792,2.6189,4,1,3.00,3.2238,80.2919,5.4480,0.2080,1.9192,9.9283,1.8983,-0.4133,3.0018,982.95,275.11,0.0000,0.0000
46.900,4,10,0,4.6637,75.2392,2.2545,-2.2301,1.3708,2.6177,4,1,3.00,3.2238,80.2919,5.2539,0.3717,1.9192,9.9265,1.8818,-0.3728,3.0018,982.20,212.94,0.0000,0.0000
47.000,4,10,0,4.4391,75.3788,2.2083,-2.2370,1.3816,2.6292,4,1,3.00,3.2238,80.2919,5.0611,0.5351,1.9192,9.9438,1.8655,-0.3428,3.0018,985.52,281.39,0.0000,0.0000
47.100,4,10,0,4.2141,75.5236,2.1498,-2.2432,1.4071,2.6479,4,1,3.00,3.2238,80.2919,4.8700,0.6972,1.9192,9.9719,1.8494,-0.3004,2.9237,982.00,291.82,0.0000,0.0000
47.200,4,10,0,3.9889,75.6761,2.0910,-2.2475,1.4514,2.6754,4,1,3.00,3.2238,80.2919,4.6788,0.8568,1.9192,10.0131,1.8339,-0.2572,2.8089,978.54,257.24,0.0000,0.0000
47.300,4,10,0,3.7646,75.8371,2.0324,-2.2469,1.5108,2.7076,4,1,3.00,3.2238,80.2919,4.4874,1.0126,1.9192,10.0614,1.8189,-0.2135,2.6940,973.47,313.40,0.0000,0.0000
47.400,4,10,0,3.5423,76.0072,1.9738,-2.2391,1.5812,2.7412,4,1,3.00,3.2238,80.2919,4.2965,1.1635,1.9192,10.1118,1.8047,-0.1691,2.5794,972.52,376.34,0.0000,0.0000
47.500,4,10,0,3.4291,76.0987,1.9214,-2.2269,1.6169,2.7520,4,1,3.00,3.2238,80.2919,4.1982,1.2387,1.9192,10.1280,1.7975,-0.1239,2.5204,984.72,417.74,0.0000,0.0000
47.600,4,10,0,3.2121,76.2847,1.8693,-2.2054,1.7046,2.7874,4,1,3.00,3.2238,80.2919,4.0072,1.3791,1.9192,10.1811,1.7846,-0.0847,2.4057,911.59,326.96,0.0000,0.0000
47.700,4,10,0,3.0003,76.4817,1.8121,-2.1732,1.8005,2.8221,4,1,3.00,3.2238,80.2919,3.8167,1.5109,1.9192,10.2332,1.7726,-0.0395,2.2914,942.80,498.24,0.0000,0.0000
47.800,4,10,0,2.7950,76.6886,1.7556,-2.1286,1.8972,2.8514,4,1,3.00,3.2238,80.2919,3.6287,1.6332,1.9192,10.2771,1.7616,0.0061,2.1785,950.11,417.59,0.0000,0.0000
47.900,4,10,0,2.5977,76.9078,1.7003,-2.0716,2.0035,2.8819,4,1,3.00,3.2238,80.2919,3.4415,1.7438,1.9192,10.3229,1.7519,0.0515,2.0661,910.55,358.05,0.0000,0.0000
48.000,4,10,0,2.4091,77.1379,1.6461,-2.0037,2.1107,2.9103,4,1,3.00,3.2238,80.2919,3.2575,1.8425,1.9192,10.3654,1.7433,0.0972,1.9556,914.74,371.66,0.0000,0.0000
48.100,4,10,0,2.2301,77.3767,1.5977,-1.9257,2.2105,2.9316,4,1,3.00,3.2238,80.2919,3.0799,1.9293,1.9192,10.3975,1.7357,0.1380,1.8490,945.06,369.15,0.0000,0.0000
48.200,5,10,0,2.0616,77.6242,1.5550,-1.8379,2.3054,2.9484,5,1,3.00,14.6476,94.0955,20.7295,-0.8055,0.8795,10.4226,0.9566,-0.5984,3.5835,851.37,428.35,0.0000,0.0000
48.300,5,10,0,1.9839,77.7473,1.5179,-1.7943,2.3576,2.9627,5,1,3.00,14.6476,94.0955,20.6793,-0.6671,0.8795,10.4441,0.9432,-0.5747,3.5835,915.60,369.03,0.0000,0.0000
48.400,5,10,0,1.8328,78.0072,1.4759,-1.6914,2.4470,2.9746,5,1,3.00,14.6476,94.0955,20.5682,-0.3850,0.8795,10.4620,0.9162,-0.5597,3.5835,892.96,274.05,0.0000,0.0000
48.500,5,10,0,1.6935,78.2718,1.4240,-1.5830,2.5201,2.9761,5,1,3.00,14.6476,94.0955,20.4499,-0.1091,0.8795,10.4641,0.8899,-0.5341,3.5835,886.54,162.58,0.0000,0.0000
48.600,5,10,0,1.6263,78.4084,1.3822,-1.5252,2.5418,2.9643,5,1,3.00,14.6476,94.0955,20.3872,0.0299,0.8795,10.4465,0.8766,-0.5057,3.5835,887.28,43.40,0.0000,0.0000
48.700,5,10,0,1.5033,78.6734,1.3396,-1.4179,2.5797,2.9437,5,1,3.00,14.6476,94.0955,20.2636,0.2936,0.8795,10.4155,0.8513,-0.4884,3.5835,990.14,128.00,0.0000,0.0000
48.800,5,10,0,1.4470,78.8015,1.2894,-1.3686,2.5974,2.9359,5,1,3.00,14.6476,94.0955,20.2030,0.4186,0.8795,10.4039,0.8392,-0.4502,3.5835,982.81,115.09,0.0000,0.0000
48.900,5,10,0,1.3391,79.0673,1.2428,-1.2636,2.6214,2.9100,5,1,3.00,14.6476,94.0955,20.0739,0.6712,0.8795,10.3651,0.8148,-0.4281,3.5835,996.41,99.34,0.0000,0.0000
49.000,5,10,0,1.2424,79.3357,1.1883,-1.1560,2.6454,2.8869,5,1,3.00,14.6476,94.0955,19.9387,0.9168,0.8795,10.3304,0.7909,-0.3974,3.5835,996.84,219.32,0.0000,0.0000
49.100,5,10,0,1.1577,79.6072,1.1376,-1.0435,2.6727,2.8692,5,1,3.00,14.6476,94.0955,19.7962,1.1552,0.8795,10.3038,0.7678,-0.3698,3.5835,982.95,400.15,0.0000,0.0000
49.200,5,10,0,1.0894,79.8857,1.0730,-0.9115,2.7159,2.8648,5,1,3.00,14.6476,94.0955,19.6404,1.3854,0.8795,10.2972,0.7457,-0.3273,3.5835,995.71,194.33,0.0000,0.0000
49.300,5,10,0,1.0618,80.0324,1.0216,-0.8355,2.7369,2.8616,5,1,3.00,14.6476,94.0955,19.5537,1.5002,0.8795,10.2924,0.7347,-0.2869,3.5835,995.43,259.98,0.0000,0.0000
49.400,5,10,0,1.0217,80.3219,0.9639,-0.6775,2.7936,2.8746,5,1,3.00,14.6476,94.0955,19.3747,1.7156,0.8795,10.3119,0.7146,-0.2493,3.5835,984.24,206.98,0.0000,0.0000
49.500,5,10,0,1.0005,80.6164,0.9124,-0.5089,2.8477,2.8928,5,1,3.00,14.6476,94.0955,19.1815,1.9198,0.8795,10.3392,0.6959,-0.2165,3.5835,984.14,310.28,0.0000,0.0000
49.600,5,10,0,0.9967,80.7604,0.8605,-0.4226,2.8780,2.9088,5,1,3.00,14.6476,94.0955,19.0833,2.0144,0.8795,10.3632,0.6875,-0.1730,3.5835,994.38,391.93,0.0000,0.0000
49.700,5,10,0,1.0041,81.0586,0.8021,-0.2412,2.9173,2.9272,5,1,3.00,14.6476,94.0955,18.8708,2.1989,0.8795,10.3908,0.6709,-0.1312,3.5835,983.30,400.64,0.0000,0.0000
49.800,5,10,0,1.0325,81.3576,0.7511,-0.0493,2.9453,2.9457,5,1,3.00,14.6476,94.0955,18.6447,2.3677,0.8795,10.4186,0.6560,-0.0951,3.5835,985.49,465.75,0.0000,0.0000
49.900,5,10,0,1.0818,81.6558,0.6885,0.1494,2.9601,2.9639,5,1,3.00,14.6476,94.0955,18.4059,2.5198,0.8795,10.4458,0.6428,-0.0457,3.5835,990.12,571.40,0.0000,0.0000
50.000,5,10,0,1.1160,81.8088,0.6336,0.2508,2.9564,2.9670,5,1,3.00,14.6476,94.0955,18.2775,2.5910,0.8795,10.4505,0.6364,0.0029,3.5835,977.05,567.11,0.0000,0.0000
50.100,5,10,0,1.1995,82.1045,0.5812,0.4624,2.9556,2.9916,5,1,3.00,14.6476,94.0955,18.0177,2.7152,0.8795,10.4874,0.6261,0.0449,3.5835,970.22,683.84,0.0000,0.0000
50.200,5,10,0,1.3056,82.3972,0.5303,0.6793,2.9442,3.0216,5,1,3.00,14.6476,94.0955,17.7443,2.8200,0.8795,10.5323,0.6178,0.0875,3.5835,977.00,752.58,0.0000,0.0000
50.300,5,10,0,1.4363,82.6859,0.4820,0.9065,2.9226,3.0599,5,1,3.00,14.6476,94.0955,17.4562,2.9034,0.8795,10.5899,0.6119,0.1298,3.5835,982.91,774.25,0.0000,0.0000
50.400,5,10,0,1.5913,82.9690,0.4314,1.1391,2.8885,3.1050,5,1,3.00,14.6476,94.0955,17.1542,2.9645,0.8795,10.6575,0.6081,0.1767,3.5835,982.95,951.13,0.0000,0.0000
50.500,5,10,0,1.7699,83.2448,0.3888,1.3733,2.8404,3.1550,5,1,3.00,14.6476,94.0955,16.8396,3.0028,0.8795,10.7325,0.6066,0.2179,3.5835,992.82,938.71,0.0000,0.0000
50.600,5,10,0,1.9724,83.5120,0.3415,1.6086,2.7783,3.2104,5,1,3.00,14.6476,94.0955,16.5128,3.0172,0.8795,10.8155,0.6074,0.2659,3.5835,968.29,982.50,0.0000,0.0000
50.700,5,10,0,2.1952,83.7691,0.3067,1.8324,2.7024,3.2651,5,1,3.00,14.6476,94.0955,16.1770,3.0094,0.8795,10.8976,0.6100,0.3033,3.5835,985.61,986.48,0.0000,0.0000
50.800,5,10,0,2.4355,84.0153,0.2721,2.0383,2.6145,3.3152,5,1,3.00,14.6476,94.0955,15.8349,2.9813,0.8795,10.9727,0.6142,0.3421,3.5835,990.93,925.00,0.0000,0.0000
50.900,5,10,0,2.6904,84.2503,0.2404,2.2221,2.5177,3.3581,5,1,3.00,14.6476,94.0955,15.4888,2.9347,0.8795,11.0371,0.6196,0.3792,3.5835,994.55,977.18,0.0000,0.0000
51.000,5,10,0,2.8183,84.3602,0.2142,2.3108,2.4722,3.3841,5,1,3.00,14.6476,94.0955,15.3202,2.9063,0.8795,11.0761,0.6228,0.4086,3.5835,963.10,986.67,0.0000,0.0000
51.100,5,10,0,3.0902,84.5781,0.1874,2.4606,2.3664,3.4139,5,1,3.00,14.6476,94.0955,14.9718,2.8357,0.8795,11.1208,0.6298,0.4423,3.5835,976.10,990.63,0.0000,0.0000
51.200,5,10,0,3.3714,84.7843,0.1653,2.5898,2.2563,3.4348,5,1,3.00,14.6476,94.0955,14.6237,2.7505,0.8795,11.1522,0.6376,0.4723,3.5835,899.70,994.72,0.0000,0.0000
51.300,5,10,0,3.6605,84.9791,0.1406,2.7009,2.1450,3.4490,5,1,3.00,14.6476,94.0955,14.2767,2.6520,0.8795,11.1735,0.6464,0.5058,3.5835,909.27,976.21,0.0000,0.0000
51.400,5,10,0,3.9558,85.1626,0.1204,2.7941,2.0328,3.4553,5,1,3.00,14.6476,94.0955,13.9324,2.5415,0.8795,11.1830,0.6560,0.5356,3.5835,794.50,982.73,0.0000,0.0000
51.500,5,10,0,4.2556,85.3348,0.1039,2.8697,1.9204,3.4530,5,1,3.00,14.6476,94.0955,13.5920,2.4203,0.8795,11.1795,0.6662,0.5623,3.5835,739.72,994.92,0.0000,0.0000
51.600,5,10,0,4.5571,85.4953,0.0891,2.9238,1.8061,3.4367,5,1,3.00,14.6476,94.0955,13.2583,2.2904,0.8795,11.1551,0.6769,0.5878,3.5835,659.06,966.16,0.0000,0.0000
51.700,5,10,0,4.8587,85.6440,0.0798,2.9583,1.6907,3.4074,5,1,3.00,14.6476,94.0955,12.9326,2.1529,0.8795,11.1111,0.6881,0.6083,3.5835,560.23,999.80,0.0000,0.0000
51.800,5,10,0,5.1572,85.7808,0.0726,2.9690,1.5737,3.3603,5,1,3.00,14.6476,94.0955,12.6175,2.0102,0.8795,11.0405,0.6994,0.6267,3.5835,562.03,974.28,0.0000,0.0000
51.900,5,10,0,5.3095,85.8467,0.0698,2.9610,1.5125,3.3249,5,1,3.00,14.6476,94.0955,12.4597,1.9349,0.8795,10.9874,0.7051,0.6353,3.5835,462.67,989.45,0.0000,0.0000
52.000,5,10,0,5.6022,85.9665,0.0705,2.9478,1.3982,3.2626,5,1,3.00,14.6476,94.0955,12.1614,1.7857,0.8795,10.8940,0.7170,0.6465,3.5835,423.84,1000.00,0.0000,0.0000
52.100,5,10,0,5.7423,86.0207,0.0732,2.9418,1.3441,3.2343,5,1,3.00,14.6476,94.0955,12.0212,1.7123,0.8795,10.8514,0.7229,0.6497,3.5835,502.88,992.58,0.0000,0.0000
52.200,5,10,0,6.0268,86.1243,0.0818,2.9080,1.2324,3.1584,5,1,3.00,14.6476,94.0955,11.7413,1.5592,0.8795,10.7376,0.7353,0.6534,3.5835,462.64,993.38,0.0000,0.0000
52.300,5,10,0,6.3074,86.2185,0.0933,2.8722,1.1273,3.0855,5,1,3.00,14.6476,94.0955,11.4720,1.4031,0.8795,10.6283,0.7482,0.6549,3.5835,391.02,1000.00,0.0000,0.0000
52.400,5,10,0,6.4503,86.2636,0.1106,2.8476,1.0754,3.0439,5,1,3.00,14.6476,94.0955,11.3373,1.3217,0.8795,10.5659,0.7550,0.6444,3.5835,176.45,997.13,0.0000,0.0000
52.500,5,10,0,6.7252,86.3452,0.1318,2.8109,0.9811,2.9772,5,1,3.00,14.6476,94.0955,11.0830,1.1620,0.8795,10.4658,0.7689,0.6371,3.5835,216.39,1000.00,0.0000,0.0000
52.600,5,10,0,6.9945,86.4183,0.1551,2.7677,0.8907,2.9075,5,1,3.00,14.6476,94.0955,10.8401,1.0011,0.8795,10.3612,0.7831,0.6281,3.5835,216.61,987.58,0.0000,0.0000
52.700,5,10,0,7.1237,86.4513,0.1822,2.7525,0.8499,2.8807,5,1,3.00,14.6476,94.0955,10.7258,0.9226,0.8795,10.3211,0.7903,0.6081,3.5835,194.22,1000.00,0.0000,0.0000
52.800,5,10,0,7.3873,86.5148,0.2126,2.7112,0.7720,2.8190,5,1,3.00,14.6476,94.0955,10.4967,0.7601,0.8795,10.2284,0.8053,0.5927,3.5835,266.87,990.20,0.0000,0.0000
52.900,5,10,0,7.6469,86.5729,0.2506,2.6710,0.7031,2.7620,5,1,3.00,14.6476,94.0955,10.2761,0.5971,0.8795,10.1430,0.8207,0.5700,3.5835,141.15,997.81,0.0000,0.0000
53.000,5,10,0,7.9040,86.6272,0.2918,2.6359,0.6452,2.7137,5,1,3.00,14.6476,94.0955,10.0624,0.4337,0.8795,10.0706,0.8364,0.5446,3.5835,204.32,981.79,0.0000,0.0000
53.100,5,10,0,8.0350,86.6536,0.3358,2.6126,0.6177,2.6847,5,1,3.00,14.6476,94.0955,9.9553,0.3496,0.8795,10.0270,0.8446,0.5088,3.5835,332.14,998.25,0.0000,0.0000
53.200,5,10,0,8.2888,86.7033,0.3826,2.5850,0.5742,2.6480,5,1,3.00,14.6476,94.0955,9.7509,0.1858,0.8795,9.9720,0.8608,0.4782,3.5835,175.39,979.51,0.0000,0.0000
53.300,5,10,0,8.5446,86.7535,0.4306,2.5748,0.5479,2.6324,5,1,3.00,14.6476,94.0955,9.5474,0.0207,0.8795,9.9487,0.8774,0.4468,3.5835,188.18,997.65,0.0000,0.0000
53.400,5,10,0,8.8020,86.8042,0.4796,2.5739,0.5331,2.6285,5,1,3.00,14.6476,94.0955,9.3453,-0.1453,0.8795,9.9427,0.8941,0.4144,3.5835,227.42,994.53,0.0000,0.0000
53.500,5,10,0,9.0613,86.8565,0.5358,2.5802,0.5294,2.6340,5,1,3.00,14.6476,94.0955,9.1439,-0.3117,0.8795,9.9509,0.9108,0.3750,3.5835,414.96,1000.00,0.0000,0.0000
53.600,5,10,0,9.1880,86.8831,0.5817,2.5922,0.5344,2.6467,5,1,3.00,14.6476,94.0955,9.0458,-0.3924,0.8795,9.9701,0.9188,0.3371,3.5835,444.48,984.16,0.0000,0.0000
53.700,5,10,0,9.4523,86.9432,0.6389,2.6125,0.5599,2.6718,5,1,3.00,14.6476,94.0955,8.8400,-0.5576,0.8795,10.0077,0.9351,0.2962,3.5835,456.82,980.59,0.0000,0.0000
53.800,5,10,0,9.7203,87.0119,0.6840,2.6387,0.6072,2.7076,5,1,3.00,14.6476,94.0955,8.6288,-0.7203,0.8795,10.0615,0.9509,0.2669,3.5835,411.39,993.11,0.0000,0.0000
53.900,5,10,0,9.9915,87.0907,0.7390,2.6673,0.6742,2.7512,5,1,3.00,14.6476,94.0955,8.4111,-0.8790,0.8795,10.1267,0.9660,0.2270,3.5835,516.88,994.27,0.0000,0.0000
54.000,5,10,0,10.2652,87.1799,0.7875,2.6941,0.7547,2.7978,5,1,3.00,14.6476,94.0955,8.1872,-1.0330,0.8795,10.1967,0.9804,0.1930,3.5835,621.04,994.20,0.0000,0.0000
54.100,5,10,0,10.5408,87.2813,0.8347,2.7181,0.8502,2.8480,5,1,3.00,14.6476,94.0955,7.9561,-1.1807,0.8795,10.2719,0.9939,0.1592,3.5835,685.97,988.67,0.0000,0.0000
54.200,5,10,0,10.8180,87.3977,0.8853,2.7394,0.9660,2.9047,5,1,3.00,14.6476,94.0955,7.7153,-1.3200,0.8795,10.3571,1.0062,0.1209,3.5835,620.67,997.68,0.0000,0.0000
54.300,5,10,0,10.9610,87.4640,0.9285,2.7417,1.0280,2.9280,5,1,3.00,14.6476,94.0955,7.5873,-1.3879,0.8795,10.3921,1.0122,0.0837,3.5835,680.98,997.78,0.0000,0.0000
54.400,5,10,0,11.2382,87.6038,0.9741,2.7516,1.1617,2.9868,5,1,3.00,14.6476,94.0955,7.3325,-1.5123,0.8795,10.4802,1.0228,0.0487,3.5835,649.11,1000.00,0.0000,0.0000
54.500,5,10,0,11.5132,87.7575,1.0141,2.7502,1.2973,3.0408,5,1,3.00,14.6476,94.0955,7.0706,-1.6262,0.8795,10.5613,1.0322,0.0181,3.5835,576.45,988.46,0.0000,0.0000
54.600,5,10,0,11.7849,87.9242,1.0529,2.7370,1.4307,3.0884,5,1,3.00,14.6476,94.0955,6.8029,-1.7292,0.8795,10.6326,1.0407,-0.0122,3.5835,690.44,998.25,0.0000,0.0000
54.700,5,10,0,12.0515,88.1016,1.0911,2.7105,1.5542,3.1245,5,1,3.00,14.6476,94.0955,6.5320,-1.8215,0.8795,10.6867,1.0483,-0.0428,3.5835,717.65,994.52,0.0000,0.0000
54.800,5,10,0,12.1789,88.1917,1.1244,2.6990,1.6189,3.1473,5,1,3.00,14.6476,94.0955,6.3992,-1.8622,0.8795,10.7210,1.0514,-0.0730,3.5835,794.07,995.80,0.0000,0.0000
54.900,5,10,0,12.4366,88.3869,1.1611,2.6558,1.7416,3.1759,5,1,3.00,14.6476,94.0955,6.1218,-1.9363,0.8795,10.7639,1.0574,-0.1037,3.5835,805.62,987.63,0.0000,0.0000
55.000,5,10,0,12.6876,88.5949,1.1955,2.6038,1.8663,3.2035,5,1,3.00,14.6476,94.0955,5.8394,-1.9970,0.8795,10.8053,1.0622,-0.1333,3.5835,939.33,988.41,0.0000,0.0000
55.100,5,10,0,12.9313,88.8157,1.2354,2.5441,1.9925,3.2315,5,1,3.00,14.6476,94.0955,5.5517,-2.0440,0.8795,10.8472,1.0657,-0.1697,3.5835,853.60,996.38,0.0000,0.0000
55.200,5,10,0,13.1674,89.0509,1.2661,2.4784,2.1253,3.2649,5,1,3.00,14.6476,94.0955,5.2572,-2.0759,0.8795,10.8973,1.0677,-0.1984,3.5835,860.30,966.85,0.0000,0.0000
55.300,5,10,0,13.3955,89.2986,1.2978,2.4075,2.2547,3.2984,5,1,3.00,14.6476,94.0955,4.9576,-2.0937,0.8795,10.9477,1.0684,-0.2294,3.5532,975.03,1000.00,0.0000,0.0000
55.400,5,10,0,13.6148,89.5574,1.3250,2.3305,2.3777,3.3294,5,1,3.00,14.6476,94.0955,4.6541,-2.0977,0.8795,10.9941,1.0680,-0.2570,3.3356,913.75,957.26,0.0000,0.0000
55.500,5,10,0,13.8248,89.8276,1.3496,2.2473,2.4973,3.3596,5,1,3.00,14.6476,94.0955,4.3465,-2.0872,0.8795,11.0394,1.0663,-0.2833,3.1151,985.08,964.93,0.0000,0.0000
55.600,5,10,0,13.9290,89.9701,1.3681,2.1985,2.5459,3.3638,5,1,3.00,14.6476,94.0955,4.1875,-2.0766,0.8795,11.0456,1.0653,-0.3028,3.0012,931.98,983.44,0.0000,0.0000
55.700,5,10,0,14.1239,90.2529,1.3891,2.1076,2.6472,3.3838,5,1,3.00,14.6476,94.0955,3.8781,-2.0464,0.8795,11.0756,1.0622,-0.3270,2.7795,959.78,853.04,0.0000,0.0000
55.800,5,10,0,14.2150,90.3924,1.4050,2.0657,2.6988,3.3986,5,1,3.00,14.6476,94.0955,3.7283,-2.0277,0.8795,11.0979,1.0602,-0.3449,2.6721,933.54,872.78,0.0000,0.0000
55.900,5,10,0,14.3948,90.6818,1.4190,1.9690,2.7711,3.3994,5,1,3.00,14.6476,94.0955,3.4230,-1.9817,0.8795,11.0991,1.0561,-0.3629,2.4533,967.02,811.72,0.0000,0.0000
56.000,5,10,0,14.5640,90.9736,1.4371,1.8689,2.8259,3.3880,5,1,3.00,14.6476,94.0955,3.1230,-1.9260,0.8795,11.0820,1.0515,-0.3856,2.2383,804.31,828.36,0.0000,0.0000
56.100,5,10,0,14.6469,91.1243,1.4509,1.8140,2.8403,3.3701,5,1,3.00,14.6476,94.0955,2.9712,-1.8938,0.8795,11.0552,1.0491,-0.4018,2.1295,732.68,784.60,0.0000,0.0000
56.200,6,10,0,14.8008,91.4157,1.4605,1.7140,2.8660,3.3394,6,1,3.00,8.3460,108.1400,17.9267,0.9573,1.9926,11.0091,1.9058,0.4453,3.0787,741.89,678.55,0.0000,0.0000
56.300,6,10,0,14.9458,91.7035,1.4722,1.6180,2.8691,3.2939,6,1,3.00,8.3460,108.1400,17.7121,0.7072,1.9926,10.9408,1.9280,0.4558,3.0787,588.13,705.51,0.0000,0.0000
56.400,6,10,0,15.0130,91.8412,1.4831,1.5743,2.8692,3.2727,6,1,3.00,8.3460,108.1400,17.6097,0.5895,1.9926,10.9090,1.9386,0.4554,3.0787,374.01,809.79,0.0000,0.0000
56.500,6,10,0,15.1459,92.1199,1.4931,1.4860,2.8402,3.2055,6,1,3.00,8.3460,108.1400,17.4035,0.3541,1.9926,10.8083,1.9598,0.4668,3.0787,294.40,846.99,0.0000,0.0000
56.600,6,10,0,15.2740,92.3901,1.5051,1.4123,2.7907,3.1277,6,1,3.00,8.3460,108.1400,17.2063,0.1267,1.9926,10.6916,1.9807,0.4757,3.0787,308.80,861.66,0.0000,0.0000
56.700,6,10,0,15.3986,92.6512,1.5249,1.3528,2.7265,3.0437,6,1,3.00,8.3460,108.1400,17.0189,-0.0939,1.9926,10.5655,2.0015,0.4765,3.0787,294.77,887.70,0.0000,0.0000
56.800,6,10,0,15.4613,92.7833,1.5474,1.3232,2.6892,2.9971,6,1,3.00,8.3460,108.1400,16.9250,-0.2052,1.9926,10.4957,2.0121,0.4647,3.0787,96.64,947.70,0.0000,0.0000
56.900,6,10,0,15.5804,93.0373,1.5740,1.2752,2.6346,2.9269,6,1,3.00,8.3460,108.1400,16.7460,-0.4178,1.9926,10.3904,2.0328,0.4587,3.0787,167.48,906.27,0.0000,0.0000
57.000,6,10,0,15.6973,93.2884,1.6021,1.2364,2.5892,2.8692,6,1,3.00,8.3460,108.1400,16.5715,-0.6272,1.9926,10.3039,2.0534,0.4512,3.0787,40.98,969.68,0.0000,0.0000
57.100,6,10,0,15.8113,93.5377,1.6387,1.2012,2.5540,2.8224,6,1,3.00,8.3460,108.1400,16.3999,-0.8333,1.9926,10.2336,2.0738,0.4351,3.0787,72.97,998.82,0.0000,0.0000
57.200,6,10,0,15.8658,93.6584,1.6794,1.1880,2.5460,2.8095,6,1,3.00,8.3460,108.1400,16.3176,-0.9324,1.9926,10.2143,2.0836,0.4042,3.0787,200.49,1000.00,0.0000,0.0000
57.300,6,10,0,15.9745,93.9086,1.7253,1.1518,2.5322,2.7819,6,1,3.00,8.3460,108.1400,16.1470,-1.1341,1.9926,10.1728,2.1036,0.3783,3.0787,179.61,980.09,0.0000,0.0000
57.400,6,10,0,16.0768,94.1638,1.7741,1.1050,2.5413,2.7711,6,1,3.00,8.3460,108.1400,15.9719,-1.3319,1.9926,10.1567,2.1230,0.3489,3.0787,91.01,1000.00,0.0000,0.0000
57.500,6,10,0,16.1715,94.4240,1.8250,1.0474,2.5654,2.7710,6,1,3.00,8.3460,108.1400,15.7914,-1.5248,1.9926,10.1565,2.1416,0.3166,3.0787,282.81,1000.00,0.0000,0.0000
57.600,6,10,0,16.2574,94.6895,1.8785,0.9787,2.6000,2.7781,6,1,3.00,8.3460,108.1400,15.6047,-1.7119,1.9926,10.1672,2.1594,0.2809,3.0787,411.85,1000.00,0.0000,0.0000
57.700,6,10,0,16.3313,94.9628,1.9388,0.8910,2.6505,2.7963,6,1,3.00,8.3460,108.1400,15.4079,-1.8911,1.9926,10.1944,2.1760,0.2372,3.0787,324.06,1000.00,0.0000,0.0000
57.800,6,10,0,16.3638,95.1067,1.9935,0.8379,2.6742,2.8024,6,1,3.00,8.3460,108.1400,15.3020,-1.9798,1.9926,10.2036,2.1842,0.1907,3.0787,410.53,994.11,0.0000,0.0000
57.900,6,10,0,16.4159,95.3921,2.0414,0.7226,2.7386,2.8323,6,1,3.00,8.3460,108.1400,15.0875,-2.1441,1.9926,10.2485,2.1988,0.1574,3.0787,306.62,1000.00,0.0000,0.0000
58.000,6,10,0,16.4520,95.6848,2.1004,0.5913,2.8060,2.8677,6,1,3.00,8.3460,108.1400,14.8607,-2.2969,1.9926,10.3015,2.2119,0.1116,3.0787,510.62,1000.00,0.0000,0.0000
58.100,6,10,0,16.4722,95.9830,2.1535,0.4498,2.8688,2.9039,6,1,3.00,8.3460,108.1400,14.6229,-2.4373,1.9926,10.3558,2.2237,0.0703,3.0787,724.84,996.62,0.0000,0.0000
58.200,6,10,0,16.4751,96.1299,2.1998,0.3722,2.9070,2.9308,6,1,3.00,8.3460,108.1400,14.5026,-2.5001,1.9926,10.3962,2.2286,0.0288,3.0787,736.54,980.09,0.0000,0.0000
58.300,6,10,0,16.4642,96.4378,2.2548,0.1955,2.9716,2.9780,6,1,3.00,8.3460,108.1400,14.2424,-2.6162,1.9926,10.4671,2.2375,-0.0173,3.0787,733.20,1000.00,0.0000,0.0000
58.400,6,10,0,16.4298,96.7512,2.3009,-0.0016,3.0324,3.0324,6,1,3.00,8.3460,108.1400,13.9662,-2.7132,1.9926,10.5486,2.2443,-0.0566,3.0787,794.01,1000.00,0.0000,0.0000
58.500,6,10,0,16.3734,97.0679,2.3440,-0.2077,3.0831,3.0901,6,1,3.00,8.3460,108.1400,13.6759,-2.7913,1.9926,10.6352,2.2492,-0.0948,3.0787,810.77,1000.00,0.0000,0.0000
58.600,6,10,0,16.2955,97.3863,2.3889,-0.4163,3.1214,3.1490,6,1,3.00,8.3460,108.1400,13.3730,-2.8506,1.9926,10.7235,2.2524,-0.1365,3.0787,915.31,981.24,0.0000,0.0000
58.700,6,10,0,16.1971,97.7047,2.4269,-0.6242,3.1455,3.2069,6,1,3.00,8.3460,108.1400,13.0589,-2.8911,1.9926,10.8103,2.2539,-0.1730,3.0787,874.04,1000.00,0.0000,0.0000
58.800,6,10,0,16.0778,98.0214,2.4620,-0.8321,3.1549,3.2628,6,1,3.00,8.3460,108.1400,12.7345,-2.9120,1.9926,10.8942,2.2538,-0.2082,3.0787,986.47,1000.00,0.0000,0.0000
58.900,6,10,0,15.9399,98.3345,2.4979,-1.0324,3.1475,3.3124,6,1,3.00,8.3460,108.1400,12.4022,-2.9143,1.9926,10.9687,2.2523,-0.2457,3.0787,955.93,1000.00,0.0000,0.0000
59.000,6,10,0,15.8620,98.4938,2.5244,-1.1253,3.1306,3.3268,6,1,3.00,8.3460,108.1400,12.2287,-2.9085,1.9926,10.9901,2.2513,-0.2731,3.0787,1000.00,1000.00,0.0000,0.0000
59.100,6,10,0,15.6990,98.7990,2.5520,-1.3079,3.1012,3.3657,6,1,3.00,8.3460,108.1400,11.8878,-2.8847,1.9926,11.0485,2.2480,-0.3041,3.0787,1000.00,1000.00,0.0000,0.0000
59.200,6,10,0,15.5210,99.0982,2.5804,-1.4780,3.0607,3.3989,6,1,3.00,8.3460,108.1400,11.5427,-2.8448,1.9926,11.0983,2.2435,-0.3369,3.0787,1000.00,970.01,0.0000,0.0000
59.300,6,10,0,15.3300,99.3907,2.6010,-1.6341,3.0105,3.4254,6,1,3.00,8.3460,108.1400,11.1949,-2.7902,1.9926,11.1380,2.2380,-0.3630,3.0787,995.81,900.65,0.0000,0.0000
59.400,6,10,0,15.2332,99.5297,2.6172,-1.7106,2.9877,3.4428,6,1,3.00,8.3460,108.1400,11.0259,-2.7588,1.9926,11.1641,2.2348,-0.3824,3.0787,985.66,908.77,0.0000,0.0000
59.500,6,10,0,15.0260,99.8099,2.6344,-1.8433,2.9213,3.4542,6,1,3.00,8.3460,108.1400,10.6777,-2.6845,1.9926,11.1813,2.2282,-0.4062,3.0787,933.57,986.41,0.0000,0.0000
59.600,6,10,0,14.8095,100.0817,2.6537,-1.9615,2.8485,3.4585,6,1,3.00,8.3460,108.1400,10.3302,-2.5982,1.9926,11.1878,2.2208,-0.4330,3.0787,1000.00,1000.00,0.0000,0.0000
59.700,6,10,0,14.6949,100.2185,2.6667,-2.0098,2.8048,3.4505,6,1,3.00,8.3460,108.1400,10.1518,-2.5497,1.9926,11.1758,2.2169,-0.4498,3.0787,954.91,809.47,0.0000,0.0000
59.800,6,10,0,14.4669,100.4781,2.6799,-2.1067,2.7284,3.4470,6,1,3.00,8.3460,108.1400,9.8067,-2.4480,1.9926,11.1706,2.2083,-0.4716,3.0787,1000.00,700.11,0.0000,0.0000
59.900,6,10,0,14.3549,100.6003,2.6915,-2.1520,2.6921,3.4465,6,1,3.00,8.3460,108.1400,9.6413,-2.3958,1.9926,11.1697,2.2039,-0.4877,3.0787,996.75,727.82,0.0000,0.0000
60.000,6,10,0,14.1222,100.8437,2.7006,-2.2167,2.5991,3.4160,6,1,3.00,8.3460,108.1400,9.3059,-2.2832,1.9926,11.1241,2.1950,-0.5056,3.0787,1000.00,696.26,0.0000,0.0000
60.100,6,10,0,13.8871,101.0762,2.7072,-2.2667,2.5000,3.3746,6,1,3.00,8.3460,108.1400,8.9779,-2.1638,1.9926,11.0619,2.1857,-0.5215,3.0787,1000.00,579.27,0.0000,0.0000
60.200,6,10,0,13.7654,101.1916,2.7108,-2.2817,2.4440,3.3435,6,1,3.00,8.3460,108.1400,8.8119,-2.1000,1.9926,11.0153,2.1809,-0.5298,3.0787,995.62,461.79,0.0000,0.0000
60.300,6,10,0,13.5288,101.4072,2.7106,-2.3112,2.3389,3.2882,6,1,3.00,8.3460,108.1400,8.4966,-1.9724,1.9926,10.9323,2.1711,-0.5396,3.0787,958.63,422.51,0.0000,0.0000
60.400,6,10,0,13.2938,101.6107,2.7068,-2.3245,2.2283,3.2200,6,1,3.00,8.3460,108.1400,8.1922,-1.8413,1.9926,10.8300,2.1610,-0.5459,3.0787,1000.00,641.49,0.0000,0.0000
60.500,6,10,0,13.1803,101.7055,2.6982,-2.3324,2.1776,3.1909,6,1,3.00,8.3460,108.1400,8.0482,-1.7766,1.9926,10.7864,2.1558,-0.5424,3.0787,995.61,642.22,0.0000,0.0000
60.600,6,10,0,12.9449,101.8955,2.6878,-2.3420,2.0781,3.1311,6,1,3.00,8.3460,108.1400,7.7552,-1.6396,1.9926,10.6966,2.1447,-0.5431,3.0787,1000.00,579.19,0.0000,0.0000
60.700,6,10,0,12.7063,102.0803,2.6735,-2.3594,1.9956,3.0901,6,1,3.00,8.3460,108.1400,7.4654,-1.4976,1.9926,10.6352,2.1325,-0.5411,3.0787,964.51,378.60,0.0000,0.0000
60.800,6,10,0,12.4667,102.2588,2.6578,-2.3739,1.9196,3.0529,6,1,3.00,8.3460,108.1400,7.1812,-1.3520,1.9926,10.5793,2.1197,-0.5381,3.0787,999.25,487.89,0.0000,0.0000
60.900,6,10,0,12.3439,102.3475,2.6382,-2.3716,1.8771,3.0246,6,1,3.00,8.3460,108.1400,7.0382,-1.2762,1.9926,10.5369,2.1131,-0.5251,3.0787,985.65,595.55,0.0000,0.0000
61.000,6,10,0,12.1047,102.5160,2.6183,-2.3784,1.8070,2.9870,6,1,3.00,8.3460,108.1400,6.7644,-1.1270,1.9926,10.4804,2.0997,-0.5186,3.0787,940.15,478.36,0.0000,0.0000
61.100,6,10,0,11.8639,102.6814,2.5941,-2.3883,1.7516,2.9618,6,1,3.00,8.3460,108.1400,6.4940,-0.9751,1.9926,10.4426,2.0857,-0.5084,3.0787,967.64,416.31,0.0000,0.0000
61.200,6,10,0,11.6246,102.8424,2.5684,-2.3894,1.6995,2.9321,6,1,3.00,8.3460,108.1400,6.2301,-0.8226,1.9926,10.3982,2.0715,-0.4969,3.0787,1000.00,275.00,0.0000,0.0000
61.300,6,10,0,11.5092,102.9186,2.5393,-2.3923,1.6771,2.9217,6,1,3.00,8.3460,108.1400,6.1049,-0.7485,1.9926,10.3825,2.0645,-0.4748,3.0787,965.72,350.07,0.0000,0.0000
61.400,6,10,0,11.2732,103.0711,2.5073,-2.3816,1.6223,2.8817,6,1,3.00,8.3460,108.1400,5.8534,-0.5956,1.9926,10.3225,2.0502,-0.4572,3.0787,943.71,317.95,0.0000,0.0000
61.500,6,10,0,11.0393,103.2186,2.4725,-2.3673,1.5700,2.8406,6,1,3.00,8.3460,108.1400,5.6102,-0.4426,1.9926,10.2609,2.0357,-0.4368,3.0787,985.64,398.71,0.0000,0.0000
61.600,6,10,0,10.8070,103.3633,2.4314,-2.3527,1.5260,2.8042,6,1,3.00,8.3460,108.1400,5.3734,-0.2898,1.9926,10.2064,2.0210,-0.4105,3.0787,954.05,427.36,0.0000,0.0000
61.700,6,10,0,10.5748,103.5068,2.3882,-2.3428,1.4939,2.7786,6,1,3.00,8.3460,108.1400,5.1415,-0.1368,1.9926,10.1679,2.0060,-0.3822,3.0787,915.70,407.73,0.0000,0.0000
61.800,6,10,0,10.3429,103.6503,2.3485,-2.3355,1.4737,2.7616,6,1,3.00,8.3460,108.1400,4.9138,0.0161,1.9926,10.1424,1.9910,-0.3576,3.0256,932.19,364.07,0.0000,0.0000
61.900,6,10,0,10.1107,103.7956,2.3075,-2.3321,1.4674,2.7554,6,1,3.00,8.3460,108.1400,4.6891,0.1684,1.9926,10.1331,1.9759,-0.3316,2.8873,938.10,245.71,0.0000,0.0000
62.000,6,10,0,9.8788,103.9425,2.2616,-2.3284,1.4688,2.7529,6,1,3.00,8.3460,108.1400,4.4687,0.3199,1.9926,10.1294,1.9610,-0.3006,2.7515,946.47,451.10,0.0000,0.0000
62.100,6,10,0,9.6482,104.0913,2.2188,-2.3217,1.4773,2.7518,6,1,3.00,8.3460,108.1400,4.2530,0.4694,1.9926,10.1277,1.9462,-0.2725,2.6187,865.36,392.37,0.0000,0.0000
62.200,6,10,0,9.5296,104.1701,2.1718,-2.3136,1.4848,2.7490,6,1,3.00,8.3460,108.1400,4.1426,0.5453,1.9926,10.1235,1.9387,-0.2330,2.5508,936.27,318.20,0.0000,0.0000
62.300,6,10,0,9.3007,104.3260,2.1288,-2.3040,1.5114,2.7555,6,1,3.00,8.3460,108.1400,3.9317,0.6903,1.9926,10.1332,1.9245,-0.2043,2.4209,836.73,343.31,0.0000,0.0000
62.400,6,10,0,9.0739,104.4863,2.0902,-2.2901,1.5441,2.7621,6,1,3.00,8.3460,108.1400,3.7256,0.8316,1.9926,10.1431,1.9108,-0.1795,2.2940,838.84,394.48,0.0000,0.0000
62.500,6,10,0,8.8509,104.6507,2.0420,-2.2676,1.5799,2.7637,6,1,3.00,8.3460,108.1400,3.5257,0.9678,1.9926,10.1456,1.8975,-0.1446,2.1709,747.04,213.57,0.0000,0.0000
62.600,6,10,0,8.6328,104.8187,1.9945,-2.2353,1.6159,2.7582,6,1,3.00,8.3460,108.1400,3.3336,1.0979,1.9926,10.1373,1.8847,-0.1099,2.0527,961.49,415.18,0.0000,0.0000
62.700,6,10,0,8.4201,104.9902,1.9514,-2.1957,1.6512,2.7473,6,1,3.00,8.3460,108.1400,3.1507,1.2219,1.9926,10.1209,1.8724,-0.0789,1.9400,826.30,381.21,0.0000,0.0000
62.800,6,10,0,8.2111,105.1713,1.8995,-2.1568,1.7091,2.7519,6,1,3.00,8.3460,108.1400,2.9718,1.3384,1.9926,10.1278,1.8612,-0.0384,1.8299,608.54,505.79,0.0000,0.0000
62.900,7,10,0,8.0082,105.3602,1.8578,-2.1096,1.7738,2.7563,7,1,3.00,19.0446,121.2105,19.3141,-1.4993,0.8849,10.1344,1.0317,-0.8260,3.3782,697.65,391.67,0.0000,0.0000
63.000,7,10,0,7.9128,105.4542,1.8261,-2.0854,1.8107,2.7618,7,1,3.00,19.0446,121.2105,19.2919,-1.3659,0.8849,10.1428,1.0187,-0.8074,3.3782,715.25,227.43,0.0000,0.0000
63.100,7,10,0,7.7218,105.6523,1.7920,-2.0220,1.8738,2.7568,7,1,3.00,19.0446,121.2105,19.2422,-1.0927,0.8849,10.1351,0.9923,-0.7997,3.3782,786.74,191.37,0.0000,0.0000
63.200,7,10,0,7.5383,105.8541,1.7500,-1.9549,1.9274,2.7452,7,1,3.00,19.0446,121.2105,19.1889,-0.8229,0.8849,10.1178,0.9660,-0.7840,3.3782,955.31,85.00,0.0000,0.0000
63.300,7,10,0,7.4463,105.9593,1.7205,-1.9176,1.9465,2.7324,7,1,3.00,19.0446,121.2105,19.1603,-0.6851,0.8849,10.0986,0.9526,-0.7679,3.3782,976.90,105.34,0.0000,0.0000
63.400,7,10,0,7.2715,106.1660,1.6838,-1.8559,1.9894,2.7207,7,1,3.00,19.0446,121.2105,19.1035,-0.4189,0.8849,10.0810,0.9264,-0.7574,3.3782,859.19,16.30,0.0000,0.0000
63.500,7,10,0,7.1887,106.2672,1.6386,-1.8297,2.0132,2.7205,7,1,3.00,19.0446,121.2105,19.0752,-0.2907,0.8849,10.0807,0.9137,-0.7249,3.3782,938.71,4.77,0.0000,0.0000
63.600,7,10,0,7.0223,106.4763,1.5958,-1.7704,2.0427,2.7032,7,1,3.00,19.0446,121.2105,19.0166,-0.0294,0.8849,10.0547,0.8878,-0.7080,3.3782,956.63,-172.35,0.0000,0.0000
63.700,7,10,0,6.8617,106.6878,1.5501,-1.7111,2.0700,2.6857,7,1,3.00,19.0446,121.2105,18.9560,0.2287,0.8849,10.0286,0.8621,-0.6880,3.3782,955.19,-186.52,0.0000,0.0000
63.800,7,10,0,6.7068,106.9016,1.4882,-1.6529,2.0963,2.6696,7,1,3.00,19.0446,121.2105,18.8935,0.4841,0.8849,10.0044,0.8365,-0.6516,3.3782,998.22,-113.79,0.0000,0.0000
63.900,7,10,0,6.6296,107.0128,1.4417,-1.6193,2.1047,2.6555,7,1,3.00,19.0446,121.2105,18.8602,0.6142,0.8849,9.9833,0.8234,-0.6183,3.3782,954.33,-229.26,0.0000,0.0000
64.000,7,10,0,6.4858,107.2324,1.3790,-1.5531,2.1370,2.6417,7,1,3.00,19.0446,121.2105,18.7913,0.8646,0.8849,9.9626,0.7983,-0.5807,3.3782,994.77,-16.45,0.0000,0.0000
64.100,7,10,0,6.3516,107.4567,1.3126,-1.4760,2.1751,2.6287,7,1,3.00,19.0446,121.2105,18.7158,1.1105,0.8849,9.9430,0.7736,-0.5389,3.3782,876.86,201.00,0.0000,0.0000
64.200,7,10,0,6.2910,107.5689,1.2528,-1.4331,2.2076,2.6320,7,1,3.00,19.0446,121.2105,18.6748,1.2284,0.8849,9.9480,0.7620,-0.4908,3.3782,949.15,87.23,0.0000,0.0000
64.300,7,10,0,6.1787,107.8080,1.1867,-1.3202,2.2764,2.6315,7,1,3.00,19.0446,121.2105,18.5785,1.4669,0.8849,9.9472,0.7385,-0.4483,3.3782,979.49,246.90,0.0000,0.0000
64.400,7,10,0,6.0836,108.0572,1.1282,-1.1851,2.3569,2.6381,7,1,3.00,19.0446,121.2105,18.4661,1.6982,0.8849,9.9572,0.7159,-0.4123,3.3782,957.35,465.51,0.0000,0.0000
64.500,7,10,0,6.0093,108.3191,1.0568,-1.0233,2.4544,2.6591,7,1,3.00,19.0446,121.2105,18.3332,1.9216,0.8849,9.9887,0.6948,-0.3620,3.3782,993.46,428.27,0.0000,0.0000
64.600,7,10,0,5.9805,108.4593,0.9958,-0.9293,2.5029,2.6699,7,1,3.00,19.0446,121.2105,18.2555,2.0327,0.8849,10.0048,0.6844,-0.3114,3.3782,960.90,255.86,0.0000,0.0000
64.700,7,10,0,5.9428,108.7408,0.9366,-0.7289,2.6152,2.7148,7,1,3.00,19.0446,121.2105,18.0873,2.2402,0.8849,10.0723,0.6660,-0.2705,3.3782,963.79,260.77,0.0000,0.0000
64.800,7,10,0,5.9263,109.0294,0.8788,-0.5247,2.7124,2.7627,7,1,3.00,19.0446,121.2105,17.9016,2.4358,0.8849,10.1440,0.6492,-0.2296,3.3782,991.51,216.83,0.0000,0.0000
64.900,7,10,0,5.9301,109.3217,0.8214,-0.3210,2.7876,2.8060,7,1,3.00,19.0446,121.2105,17.7012,2.6180,0.8849,10.2090,0.6338,-0.1876,3.3782,995.34,428.84,0.0000,0.0000
65.000,7,10,0,5.9540,109.6156,0.7636,-0.1180,2.8414,2.8438,7,1,3.00,19.0446,121.2105,17.4873,2.7857,0.8849,10.2657,0.6199,-0.1437,3.3782,940.78,654.74,0.0000,0.0000
65.100,7,10,0,5.9736,109.7587,0.7081,-0.0128,2.8690,2.8691,7,1,3.00,19.0446,121.2105,17.3780,2.8611,0.8849,10.3036,0.6140,-0.0941,3.3782,966.32,649.01,0.0000,0.0000
65.200,7,10,0,6.0319,110.0536,0.6544,0.2052,2.8995,2.9067,7,1,3.00,19.0446,121.2105,17.1408,3.0028,0.8849,10.3601,0.6027,-0.0517,3.3782,965.90,753.33,0.0000,0.0000
65.300,7,10,0,6.1138,110.3475,0.6037,0.4301,2.9155,2.9470,7,1,3.00,19.0446,121.2105,16.8881,3.1255,0.8849,10.4206,0.5935,-0.0102,3.3782,991.31,818.67,0.0000,0.0000
65.400,7,10,0,6.2220,110.6403,0.5565,0.6691,2.9212,2.9969,7,1,3.00,19.0446,121.2105,16.6177,3.2272,0.8849,10.4953,0.5865,0.0301,3.3782,980.70,779.48,0.0000,0.0000
65.500,7,10,0,6.2885,110.7902,0.5171,0.7908,2.9137,3.0191,7,1,3.00,19.0446,121.2105,16.4712,3.2708,0.8849,10.5287,0.5837,0.0666,3.3782,993.07,604.69,0.0000,0.0000
65.600,7,10,0,6.4358,111.0787,0.4703,1.0377,2.9022,3.0822,7,1,3.00,19.0446,121.2105,16.1751,3.3395,0.8849,10.6232,0.5803,0.1100,3.3782,987.63,567.74,0.0000,0.0000
65.700,7,10,0,6.6029,111.3616,0.4299,1.2663,2.8748,3.1413,7,1,3.00,19.0446,121.2105,15.8681,3.3894,0.8849,10.7120,0.5784,0.1485,3.3782,993.14,423.75,0.0000,0.0000
65.800,7,10,0,6.7850,111.6369,0.3890,1.4661,2.8297,3.1869,7,1,3.00,19.0446,121.2105,15.5548,3.4229,0.8849,10.7804,0.5774,0.1885,3.3782,981.74,720.49,0.0000,0.0000
65.900,7,10,0,6.9777,111.9028,0.3486,1.6325,2.7668,3.2125,7,1,3.00,19.0446,121.2105,15.2395,3.4421,0.8849,10.8187,0.5768,0.2282,3.3782,940.41,816.39,0.0000,0.0000
66.000,7,10,0,7.1834,112.1580,0.3038,1.7854,2.6879,3.2269,7,1,3.00,19.0446,121.2105,14.9210,3.4447,0.8849,10.8403,0.5772,0.2734,3.3782,889.13,828.39,0.0000,0.0000
66.100,7,10,0,7.4017,112.4017,0.2612,1.9287,2.5962,3.2343,7,1,3.00,19.0446,121.2105,14.5998,3.4301,0.8849,10.8514,0.5787,0.3175,3.3782,961.07,852.76,0.0000,0.0000
66.200,7,10,0,7.6321,112.6336,0.2216,2.0642,2.4950,3.2382,7,1,3.00,19.0446,121.2105,14.2762,3.3986,0.8849,10.8573,0.5815,0.3599,3.3782,997.09,952.05,0.0000,0.0000
66.300,7,10,0,7.8778,112.8542,0.1882,2.2059,2.3898,3.2523,7,1,3.00,19.0446,121.2105,13.9472,3.3483,0.8849,10.8785,0.5863,0.3981,3.3782,857.96,930.09,0.0000,0.0000
66.400,7,10,0,8.1398,113.0633,0.1524,2.3555,2.2808,3.2788,7,1,3.00,19.0446,121.2105,13.6121,3.2779,0.8849,10.9182,0.5932,0.4408,3.3782,983.00,964.27,0.0000,0.0000
66.500,7,10,0,8.4158,113.2602,0.1262,2.5011,2.1672,3.3094,7,1,3.00,19.0446,121.2105,13.2733,3.1891,0.8849,10.9641,0.6018,0.4756,3.3782,901.20,935.36,0.0000,0.0000
66.600,7,10,0,8.5544,113.3514,0.1014,2.5786,2.1137,3.3342,7,1,3.00,19.0446,121.2105,13.1076,3.1396,0.8849,11.0013,0.6069,0.5055,3.3782,873.57,991.84,0.0000,0.0000
66.700,7,10,0,8.8474,113.5301,0.0816,2.7077,1.9955,3.3636,7,1,3.00,19.0446,121.2105,12.7661,3.0261,0.8849,11.0454,0.6175,0.5359,3.3782,984.41,947.73,0.0000,0.0000
66.800,7,10,0,9.1475,113.6971,0.0629,2.8158,1.8778,3.3845,7,1,3.00,19.0446,121.2105,12.4260,2.8996,0.8849,11.0768,0.6288,0.5659,3.3782,844.56,966.41,0.0000,0.0000
66.900,7,10,0,9.3039,113.7786,0.0434,2.8543,1.8157,3.3829,7,1,3.00,19.0446,121.2105,12.2521,2.8302,0.8849,11.0744,0.6347,0.5913,3.3782,686.15,782.25,0.0000,0.0000
67.000,7,10,0,9.6083,113.9280,0.0297,2.9214,1.6986,3.3794,7,1,3.00,19.0446,121.2105,11.9197,2.6893,0.8849,11.0691,0.6465,0.6168,3.3782,782.37,778.75,0.0000,0.0000
67.100,7,10,0,9.7544,113.9963,0.0156,2.9461,1.6436,3.3736,7,1,3.00,19.0446,121.2105,11.7623,2.6195,0.8849,11.0603,0.6523,0.6368,3.3782,643.75,976.84,0.0000,0.0000
67.200,7,10,0,10.0534,114.1291,0.0029,2.9633,1.5294,3.3347,7,1,3.00,19.0446,121.2105,11.4450,2.4723,0.8849,11.0021,0.6638,0.6610,3.3782,684.82,995.33,0.0000,0.0000
67.300,7,10,0,10.3516,114.2506,-0.0078,2.9721,1.4154,3.2919,7,1,3.00,19.0446,121.2105,11.1359,2.3184,0.8849,10.9379,0.6760,0.6838,3.3782,465.57,966.56,0.0000,0.0000
67.400,7,10,0,10.6493,114.3606,-0.0172,2.9751,1.3007,3.2470,7,1,3.00,19.0446,121.2105,10.8352,2.1577,0.8849,10.8705,0.6889,0.7062,3.3782,480.73,962.91,0.0000,0.0000
67.500,7,10,0,10.8015,114.4126,-0.0206,2.9653,1.2408,3.2144,7,1,3.00,19.0446,121.2105,10.6846,2.0729,0.8849,10.8216,0.6956,0.7162,3.3782,391.59,965.83,0.0000,0.0000
67.600,7,10,0,11.0945,114.5054,-0.0206,2.9515,1.1269,3.1593,7,1,3.00,19.0446,121.2105,10.4002,1.9049,0.8849,10.7390,0.7093,0.7299,3.3782,391.77,872.54,0.0000,0.0000
67.700,7,10,0,11.2348,114.5464,-0.0161,2.9459,1.0726,3.1351,7,1,3.00,19.0446,121.2105,10.2666,1.8224,0.8849,10.7026,0.7162,0.7323,3.3782,341.51,997.19,0.0000,0.0000
67.800,7,10,0,11.5187,114.6234,-0.0067,2.9080,0.9629,3.0632,7,1,3.00,19.0446,121.2105,10.0014,1.6515,0.8849,10.5949,0.7302,0.7369,3.3782,434.80,985.10,0.0000,0.0000
67.900,7,10,0,11.7972,114.6910,0.0065,2.8650,0.8587,2.9909,7,1,3.00,19.0446,121.2105,9.7483,1.4787,0.8849,10.4863,0.7448,0.7383,3.3782,396.12,1000.00,0.0000,0.0000
68.000,7,10,0,12.0729,114.7508,0.0258,2.8272,0.7644,2.9287,7,1,3.00,19.0446,121.2105,9.5043,1.3033,0.8849,10.3930,0.7601,0.7343,3.3782,188.85,995.52,0.0000,0.0000
68.100,7,10,0,12.2133,114.7788,0.0487,2.8020,0.7192,2.8928,7,1,3.00,19.0446,121.2105,9.3826,1.2124,0.8849,10.3392,0.7681,0.7194,3.3782,-31.11,867.12,0.0000,0.0000
68.200,7,10,0,12.4814,114.8273,0.0765,2.7572,0.6340,2.8292,7,1,3.00,19.0446,121.2105,9.1554,1.0356,0.8849,10.2438,0.7841,0.7076,3.3782,-260.49,983.94,0.0000,0.0000
68.300,7,10,0,12.7387,114.8670,0.1061,2.6893,0.5482,2.7446,7,1,3.00,19.0446,121.2105,8.9445,0.8617,0.8849,10.1169,0.7999,0.6938,3.3782,-149.31,1000.00,0.0000,0.0000
68.400,7,10,0,12.9848,114.8985,0.1466,2.6058,0.4635,2.6467,7,1,3.00,19.0446,121.2105,8.7500,0.6912,0.8849,9.9701,0.8156,0.6690,3.3782,-156.56,955.32,0.0000,0.0000
68.500,7,10,0,13.1011,114.9112,0.1925,2.5695,0.4238,2.6042,7,1,3.00,19.0446,121.2105,8.6606,0.6092,0.8849,9.9063,0.8234,0.6310,3.3782,52.53,865.91,0.0000,0.0000
68.600,7,10,0,13.3351,114.9330,0.2444,2.4870,0.3494,2.5114,7,1,3.00,19.0446,121.2105,8.4856,0.4420,0.8849,9.7671,0.8396,0.5953,3.3782,273.70,865.00,0.0000,0.0000
68.700,7,10,0,13.5642,114.9525,0.2984,2.4176,0.2938,2.4354,7,1,3.00,19.0446,121.2105,8.3185,0.2770,0.8849,9.6532,0.8562,0.5578,3.3782,101.18,917.00,0.0000,0.0000
68.800,7,10,0,13.7939,114.9724,0.3582,2.3758,0.2599,2.3900,7,1,3.00,19.0446,121.2105,8.1537,0.1119,0.8849,9.5850,0.8732,0.5150,3.3782,36.37,948.81,0.0000,0.0000
68.900,7,10,0,14.0256,114.9929,0.4119,2.3562,0.2403,2.3684,7,1,3.00,19.0446,121.2105,7.9905,-0.0544,0.8849,9.5526,0.8906,0.4787,3.3782,118.44,997.01,0.0000,0.0000
69.000,7,10,0,14.2618,115.0161,0.4662,2.3603,0.2379,2.3723,7,1,3.00,19.0446,121.2105,7.8260,-0.2225,0.8849,9.5584,0.9081,0.4419,3.3782,324.89,1000.00,0.0000,0.0000
69.100,7,10,0,14.5057,115.0458,0.5276,2.3915,0.2606,2.4056,7,1,3.00,19.0446,121.2105,7.6554,-0.3925,0.8849,9.6085,0.9257,0.3980,3.3782,546.41,968.08,0.0000,0.0000
69.200,7,10,0,14.6352,115.0652,0.5827,2.4113,0.2831,2.4278,7,1,3.00,19.0446,121.2105,7.5636,-0.4804,0.8849,9.6417,0.9346,0.3519,3.3782,547.26,968.47,0.0000,0.0000
69.300,7,10,0,14.8950,115.1134,0.6407,2.4782,0.3556,2.5036,7,1,3.00,19.0446,121.2105,7.3752,-0.6508,0.8849,9.7554,0.9515,0.3107,3.3782,505.52,1000.00,0.0000,0.0000
69.400,7,10,0,15.1637,115.1760,0.6968,2.5533,0.4536,2.5933,7,1,3.00,19.0446,121.2105,7.1747,-0.8191,0.8849,9.8899,0.9675,0.2707,3.3782,357.96,991.48,0.0000,0.0000
69.500,7,10,0,15.4380,115.2513,0.7451,2.6211,0.5621,2.6807,7,1,3.00,19.0446,121.2105,6.9656,-0.9837,0.8849,10.0210,0.9827,0.2376,3.3782,505.91,932.81,0.0000,0.0000
69.600,7,10,0,15.7142,115.3376,0.7978,2.6709,0.6709,2.7539,7,1,3.00,19.0446,121.2105,6.7515,-1.1427,0.8849,10.1308,0.9972,0.1994,3.3782,333.13,970.06,0.0000,0.0000
69.700,7,10,0,15.9900,115.4350,0.8390,2.7016,0.7802,2.8120,7,1,3.00,19.0446,121.2105,6.5336,-1.2945,0.8849,10.2180,1.0109,0.1719,3.3782,351.30,913.52,0.0000,0.0000
69.800,7,10,0,16.2631,115.5399,0.8905,2.7111,0.8772,2.8495,7,1,3.00,19.0446,121.2105,6.3161,-1.4394,0.8849,10.2743,1.0240,0.1336,3.3782,587.22,847.30,0.0000,0.0000
69.900,7,10,0,16.5324,115.6531,0.9419,2.7037,0.9694,2.8722,7,1,3.00,19.0446,121.2105,6.0988,-1.5761,0.8849,10.3083,1.0366,0.0947,3.3782,680.29,711.41,0.0000,0.0000
70.000,7,10,0,16.7977,115.7791,0.9910,2.6843,1.0746,2.8914,7,1,3.00,19.0446,121.2105,5.8778,-1.7015,0.8849,10.3372,1.0480,0.0570,3.3782,568.05,511.75,0.0000,0.0000
70.100,7,10,0,16.9240,115.8446,1.0269,2.6739,1.1326,2.9039,7,1,3.00,19.0446,121.2105,5.7697,-1.7578,0.8849,10.3558,1.0530,0.0261,3.3782,651.59,731.79,0.0000,0.0000
70.200,7,10,0,17.1772,115.9861,1.0639,2.6230,1.2361,2.8996,7,1,3.00,19.0446,121.2105,5.5482,-1.8641,0.8849,10.3495,1.0631,-0.0008,3.3782,594.10,821.87,0.0000,0.0000
70.300,7,10,0,17.4231,116.1389,1.0996,2.5647,1.3440,2.8955,7,1,3.00,19.0446,121.2105,5.3245,-1.9576,0.8849,10.3433,1.0719,-0.0277,3.3782,434.64,878.73,0.0000,0.0000
70.400,7,10,0,17.6641,116.3036,1.1239,2.5099,1.4552,2.9012,7,1,3.00,19.0446,121.2105,5.0974,-2.0398,0.8849,10.3518,1.0794,-0.0445,3.3782,381.46,957.47,0.0000,0.0000
70.500,7,10,0,17.7863,116.3920,1.1558,2.4777,1.5041,2.8985,7,1,3.00,19.0446,121.2105,4.9802,-2.0784,0.8849,10.3477,1.0831,-0.0727,3.3647,650.54,900.42,0.0000,0.0000
70.600,7,10,0,18.0201,116.5702,1.1889,2.4266,1.6044,2.9090,7,1,3.00,19.0446,121.2105,4.7521,-2.1464,0.8849,10.3635,1.0891,-0.0998,3.2106,784.02,671.81,0.0000,0.0000
70.700,7,10,0,18.2481,116.7601,1.2147,2.3725,1.7109,2.9251,7,1,3.00,19.0446,121.2105,4.5211,-2.2025,0.8849,10.3876,1.0938,-0.1209,3.0546,783.82,832.42,0.0000,0.0000
70.800,7,10,0,18.3556,116.8564,1.2363,2.3459,1.7699,2.9387,7,1,3.00,19.0446,121.2105,4.4083,-2.2247,0.8849,10.4080,1.0954,-0.1409,2.9784,917.56,886.68,0.0000,0.0000
70.900,7,10,0,18.5716,117.0654,1.2648,2.2794,1.8883,2.9600,7,1,3.00,19.0446,121.2105,4.1720,-2.2595,0.8849,10.4400,1.0980,-0.1667,2.8188,997.74,972.51,0.0000,0.0000
71.000,7,10,0,18.6800,117.1796,1.2911,2.2406,1.9500,2.9703,7,1,3.00,19.0446,121.2105,4.0474,-2.2711,0.8849,10.4555,1.0988,-0.1923,2.7345,934.72,896.73,0.0000,0.0000
71.100,7,10,0,18.8857,117.4154,1.3094,2.1735,2.0976,3.0206,7,1,3.00,19.0446,121.2105,3.7984,-2.2809,0.8849,10.5308,1.0982,-0.2112,2.5663,992.32,677.11,0.0000,0.0000
71.200,7,10,0,19.0836,117.6661,1.3304,2.1023,2.2447,3.0755,7,1,3.00,19.0446,121.2105,3.5447,-2.2753,0.8849,10.6133,1.0960,-0.2343,2.3949,903.29,466.50,0.0000,0.0000
71.300,7,10,0,19.1759,117.7910,1.3472,2.0665,2.3163,3.1041,7,1,3.00,19.0446,121.2105,3.4221,-2.2676,0.8849,10.6562,1.0945,-0.2527,2.3121,699.90,624.68,0.0000,0.0000
71.400,7,10,0,19.3571,118.0503,1.3582,1.9744,2.4177,3.1215,7,1,3.00,19.0446,121.2105,3.1756,-2.2435,0.8849,10.6822,1.0919,-0.2663,2.1455,835.08,841.89,0.0000,0.0000
71.500,7,10,0,19.5279,118.3098,1.3688,1.8782,2.4828,3.1132,7,1,3.00,19.0446,121.2105,2.9408,-2.2114,0.8849,10.6698,1.0892,-0.2796,1.9869,970.11,790.23,0.0000,0.0000
71.600,8,10,0,19.6905,118.5724,1.3759,1.7873,2.5368,3.1032,8,1,3.00,13.3590,135.4266,18.0042,0.3799,1.9513,10.6547,1.9156,0.5397,3.0622,762.44,619.80,0.0000,0.0000
71.700,8,10,0,19.8448,118.8371,1.3830,1.6991,2.5774,3.0871,8,1,3.00,13.3590,135.4266,17.8124,0.1383,1.9513,10.6306,1.9382,0.5552,3.0622,676.91,562.87,0.0000,0.0000
71.800,8,10,0,19.9208,118.9714,1.3872,1.6515,2.5787,3.0622,8,1,3.00,13.3590,135.4266,17.7153,0.0179,1.9513,10.5933,1.9496,0.5623,3.0622,346.79,455.43,0.0000,0.0000
71.900,8,10,0,20.0625,119.2272,1.3906,1.5663,2.5701,3.0098,8,1,3.00,13.3590,135.4266,17.5316,-0.2087,1.9513,10.5146,1.9711,0.5805,3.0622,127.55,473.93,0.0000,0.0000
72.000,8,10,0,20.1972,119.4706,1.3955,1.4866,2.5193,2.9252,8,1,3.00,13.3590,135.4266,17.3596,-0.4241,1.9513,10.3878,1.9921,0.5965,3.0622,-91.38,584.99,0.0000,0.0000
72.100,8,10,0,20.2605,119.5827,1.4019,1.4528,2.4824,2.8763,8,1,3.00,13.3590,135.4266,17.2818,-0.5245,1.9513,10.3144,2.0021,0.6001,3.0622,122.12,805.08,0.0000,0.0000
72.200,8,10,0,20.3879,119.8008,1.4139,1.3887,2.3735,2.7499,8,1,3.00,13.3590,135.4266,17.1339,-0.7238,1.9513,10.1248,2.0226,0.6087,3.0622,-26.08,821.21,0.0000,0.0000
72.300,8,10,0,20.5126,120.0082,1.4294,1.3383,2.2653,2.6311,8,1,3.00,13.3590,135.4266,16.9972,-0.9166,1.9513,9.9466,2.0431,0.6137,3.0622,-24.84,904.50,0.0000,0.0000
72.400,8,10,0,20.6368,120.2061,1.4555,1.3040,2.1624,2.5252,8,1,3.00,13.3590,135.4266,16.8710,-1.1054,1.9513,9.7878,2.0637,0.6083,3.0622,131.42,1000.00,0.0000,0.0000
72.500,8,10,0,20.7605,120.4020,1.4873,1.2808,2.0907,2.4518,8,1,3.00,13.3590,135.4266,16.7488,-1.2930,1.9513,9.6778,2.0841,0.5968,3.0622,-17.51,984.97,0.0000,0.0000
72.600,8,10,0,20.8846,120.6038,1.5291,1.2671,2.0667,2.4242,8,1,3.00,13.3590,135.4266,16.6238,-1.4831,1.9513,9.6364,2.1040,0.5748,3.0622,-242.76,1000.00,0.0000,0.0000
72.700,8,10,0,20.9487,120.7101,1.5737,1.2604,2.0621,2.4168,8,1,3.00,13.3590,135.4266,16.5584,-1.5822,1.9513,9.6252,2.1142,0.5405,3.0622,-292.71,902.66,0.0000,0.0000
72.800,8,10,0,21.0730,120.9194,1.6291,1.2535,2.0727,2.4223,8,1,3.00,13.3590,135.4266,16.4306,-1.7752,1.9513,9.6334,2.1335,0.5044,3.0622,-83.97,1000.00,0.0000,0.0000
72.900,8,10,0,21.1944,121.1309,1.6853,1.2390,2.0876,2.4275,8,1,3.00,13.3590,135.4266,16.3023,-1.9666,1.9513,9.6413,2.1525,0.4672,3.0622,131.43,1000.00,0.0000,0.0000
73.000,8,10,0,21.3096,121.3486,1.7445,1.2066,2.1200,2.4393,8,1,3.00,13.3590,135.4266,16.1679,-2.1544,1.9513,9.6590,2.1707,0.4262,3.0622,180.16,941.56,0.0000,0.0000
73.100,8,10,0,21.4161,121.5754,1.8134,1.1547,2.1732,2.4609,8,1,3.00,13.3590,135.4266,16.0241,-2.3374,1.9513,9.6914,2.1879,0.3745,3.0622,415.49,1000.00,0.0000,0.0000
73.200,8,10,0,21.5121,121.8123,1.8748,1.0836,2.2436,2.4916,8,1,3.00,13.3590,135.4266,15.8690,-2.5145,1.9513,9.7373,2.2040,0.3292,3.0622,187.81,1000.00,0.0000,0.0000
73.300,8,10,0,21.5941,122.0620,1.9414,0.9877,2.3352,2.5355,8,1,3.00,13.3590,135.4266,15.6981,-2.6834,1.9513,9.8032,2.2184,0.2770,3.0622,116.34,1000.00,0.0000,0.0000
73.400,8,10,0,21.6619,122.3226,2.0073,0.8751,2.4327,2.5853,8,1,3.00,13.3590,135.4266,15.5130,-2.8432,1.9513,9.8779,2.2315,0.2242,3.0622,146.75,908.56,0.0000,0.0000
73.500,8,10,0,21.7153,122.5924,2.0663,0.7512,2.5277,2.6369,8,1,3.00,13.3590,135.4266,15.3149,-2.9929,1.9513,9.9554,2.2433,0.1769,3.0622,340.23,905.69,0.0000,0.0000
73.600,8,10,0,21.7525,122.8697,2.1334,0.6135,2.6157,2.6867,8,1,3.00,13.3590,135.4266,15.1040,-3.1304,1.9513,10.0301,2.2538,0.1204,3.0622,366.73,1000.00,0.0000,0.0000
73.700,8,10,0,21.7700,123.1547,2.1988,0.4542,2.7001,2.7381,8,1,3.00,13.3590,135.4266,14.8777,-3.2525,1.9513,10.1071,2.2626,0.0638,3.0622,580.90,999.38,0.0000,0.0000
73.800,8,10,0,21.7663,123.4460,2.2609,0.2760,2.7763,2.7900,8,1,3.00,13.3590,135.4266,14.6362,-3.3573,1.9513,10.1850,2.2697,0.0088,3.0622,614.30,1000.00,0.0000,0.0000
73.900,8,10,0,21.7561,123.5893,2.3147,0.1782,2.8181,2.8237,8,1,3.00,13.3590,135.4266,14.5132,-3.4010,1.9513,10.2356,2.2720,-0.0427,3.0622,668.57,995.82,0.0000,0.0000
74.000,8,10,0,21.7174,123.8878,2.3712,-0.0287,2.8803,2.8804,8,1,3.00,13.3590,135.4266,14.2481,-3.4759,1.9513,10.3206,2.2761,-0.0951,3.0622,888.25,999.16,0.0000,0.0000
74.100,8,10,0,21.6553,124.1896,2.4033,-0.2455,2.9322,2.9425,8,1,3.00,13.3590,135.4266,13.9678,-3.5303,1.9513,10.4137,2.2781,-0.1252,3.0622,1000.00,780.28,0.0000,0.0000
74.200,8,10,0,21.5672,124.4942,2.4531,-0.4783,2.9748,3.0130,8,1,3.00,13.3590,135.4266,13.6709,-3.5616,1.9513,10.5195,2.2777,-0.1754,3.0622,875.40,992.89,0.0000,0.0000
74.300,8,10,0,21.5118,124.6508,2.4833,-0.5959,2.9823,3.0412,8,1,3.00,13.3590,135.4266,13.5124,-3.5683,1.9513,10.5618,2.2771,-0.2063,3.0622,1000.00,966.96,0.0000,0.0000
74.400,8,10,0,21.3855,124.9545,2.5154,-0.8372,3.0009,3.1155,8,1,3.00,13.3590,135.4266,13.1944,-3.5638,1.9513,10.6733,2.2735,-0.2419,3.0622,969.05,967.22,0.0000,0.0000
74.500,8,10,0,21.3158,125.1008,2.5416,-0.9601,3.0104,3.1598,8,1,3.00,13.3590,135.4266,13.0359,-3.5535,1.9513,10.7397,2.2708,-0.2708,3.0622,781.71,1000.00,0.0000,0.0000
74.600,8,10,0,21.1575,125.3987,2.5682,-1.1878,3.0000,3.2266,8,1,3.00,13.3590,135.4266,12.7034,-3.5171,1.9513,10.8399,2.2650,-0.3032,3.0622,607.86,1000.00,0.0000,0.0000
74.700,8,10,0,20.9858,125.6904,2.6001,-1.3802,2.9710,3.2759,8,1,3.00,13.3590,135.4266,12.3678,-3.4660,1.9513,10.9139,2.2588,-0.3414,3.0622,827.75,988.91,0.0000,0.0000
74.800,8,10,0,20.8941,125.8377,2.6257,-1.4569,2.9433,3.2841,8,1,3.00,13.3590,135.4266,12.1953,-3.4356,1.9513,10.9261,2.2559,-0.3698,3.0622,997.09,1000.00,0.0000,0.0000
74.900,8,10,0,20.7076,126.1183,2.6511,-1.6042,2.8928,3.3078,8,1,3.00,13.3590,135.4266,11.8595,-3.3666,1.9513,10.9617,2.2492,-0.4018,3.0622,1000.00,1000.00,0.0000,0.0000
75.000,8,10,0,20.6125,126.2518,2.6750,-1.6798,2.8704,3.3258,8,1,3.00,13.3590,135.4266,11.6957,-3.3278,1.9513,10.9887,2.2453,-0.4297,3.0622,997.01,794.10,0.0000,0.0000
75.100,8,10,0,20.4070,126.5206,2.6971,-1.8177,2.8051,3.3425,8,1,3.00,13.3590,135.4266,11.3574,-3.2368,1.9513,11.0138,2.2371,-0.4600,3.0622,827.96,708.76,0.0000,0.0000
75.200,8,10,0,20.1916,126.7790,2.7190,-1.9408,2.7251,3.3456,8,1,3.00,13.3590,135.4266,11.0212,-3.1328,1.9513,11.0183,2.2283,-0.4908,3.0622,956.36,748.19,0.0000,0.0000
75.300,8,10,0,19.9709,127.0252,2.7375,-2.0384,2.6304,3.3278,8,1,3.00,13.3590,135.4266,10.6912,-3.0194,1.9513,10.9917,2.2193,-0.5181,3.0622,990.46,537.82,0.0000,0.0000
75.400,8,10,0,19.8547,127.1476,2.7529,-2.0778,2.5751,3.3088,8,1,3.00,13.3590,135.4266,10.5232,-2.9569,1.9513,10.9632,2.2147,-0.5382,3.0622,860.42,430.22,0.0000,0.0000
75.500,8,10,0,19.6261,127.3757,2.7621,-2.1523,2.4676,3.2744,8,1,3.00,13.3590,135.4266,10.2027,-2.8293,1.9513,10.9115,2.2050,-0.5572,3.0622,832.53,219.85,0.0000,0.0000
75.600,8,10,0,19.3997,127.5889,2.7669,-2.1914,2.3454,3.2098,8,1,3.00,13.3590,135.4266,9.8955,-2.6983,1.9513,10.8147,2.1958,-0.5712,3.0622,720.97,438.87,0.0000,0.0000
75.700,8,10,0,19.1801,127.7861,2.7668,-2.1920,2.2095,3.1124,8,1,3.00,13.3590,135.4266,9.6054,-2.5677,1.9513,10.6685,2.1874,-0.5794,3.0622,607.27,218.49,0.0000,0.0000
75.800,8,10,0,19.0763,127.8768,2.7630,-2.1863,2.1455,3.0632,8,1,3.00,13.3590,135.4266,9.4703,-2.5049,1.9513,10.5948,2.1834,-0.5796,3.0622,704.31,111.48,0.0000,0.0000
75.900,8,10,0,18.8709,128.0530,2.7569,-2.1381,2.0062,2.9320,8,1,3.00,13.3590,135.4266,9.2061,-2.3796,1.9513,10.3980,2.1762,-0.5807,3.0622,652.75,331.04,0.0000,0.0000
76.000,8,10,0,18.6754,128.2155,2.7453,-2.0725,1.8684,2.7904,8,1,3.00,13.3590,135.4266,8.9591,-2.2585,1.9513,10.1856,2.1695,-0.5759,3.0622,652.73,429.79,0.0000,0.0000
76.100,8,10,0,18.4847,128.3687,2.7319,-2.0137,1.7474,2.6662,8,1,3.00,13.3590,135.4266,8.7228,-2.1383,1.9513,9.9993,2.1619,-0.5700,3.0622,872.48,551.36,0.0000,0.0000
76.200,8,10,0,18.2930,128.5167,2.7176,-1.9807,1.6515,2.5789,8,1,3.00,13.3590,135.4266,8.4907,-2.0153,1.9513,9.8683,2.1527,-0.5649,3.0622,827.62,580.68,0.0000,0.0000
76.300,8,10,0,18.0936,128.6623,2.7002,-1.9877,1.5815,2.5401,8,1,3.00,13.3590,135.4266,8.2567,-1.8842,1.9513,9.8101,2.1410,-0.5592,3.0622,822.20,725.69,0.0000,0.0000
76.400,8,10,0,17.9866,128.7374,2.6855,-2.0018,1.5541,2.5343,8,1,3.00,13.3590,135.4266,8.1339,-1.8127,1.9513,9.8014,2.1341,-0.5513,3.0622,968.51,900.30,0.0000,0.0000
76.500,8,10,0,17.7685,128.8861,2.6672,-2.0664,1.5299,2.5711,8,1,3.00,13.3590,135.4266,7.8882,-1.6655,1.9513,9.8567,2.1186,-0.5485,3.0622,889.29,882.58,0.0000,0.0000
76.600,8,10,0,17.5353,129.0410,2.6509,-2.1626,1.5369,2.6531,8,1,3.00,13.3590,135.4266,7.6300,-1.5064,1.9513,9.9797,2.1011,-0.5498,3.0622,984.29,677.97,0.0000,0.0000
76.700,8,10,0,17.2911,129.2007,2.6372,-2.2629,1.5581,2.7474,8,1,3.00,13.3590,135.4266,7.3637,-1.3390,1.9513,10.1211,2.0828,-0.5544,3.0622,949.68,703.14,0.0000,0.0000
76.800,8,10,0,17.0412,129.3610,2.6210,-2.3474,1.5739,2.8261,8,1,3.00,13.3590,135.4266,7.0959,-1.1665,1.9513,10.2392,2.0647,-0.5563,3.0622,906.72,663.04,0.0000,0.0000
76.900,8,10,0,16.7885,129.5203,2.6061,-2.4117,1.5803,2.8833,8,1,3.00,13.3590,135.4266,6.8298,-0.9910,1.9513,10.3250,2.0469,-0.5592,3.0622,992.00,803.91,0.0000,0.0000
77.000,8,10,0,16.6658,129.5968,2.5891,-2.4403,1.5832,2.9089,8,1,3.00,13.3590,135.4266,6.7024,-0.9056,1.9513,10.3633,2.0384,-0.5507,3.0622,994.47,730.68,0.0000,0.0000
77.100,8,10,0,16.4124,129.7543,2.5724,-2.4760,1.5810,2.9377,8,1,3.00,13.3590,135.4266,6.4420,-0.7287,1.9513,10.4066,2.0212,-0.5512,3.0622,930.05,509.74,0.0000,0.0000
77.200,8,10,0,16.1579,129.9113,2.5525,-2.5021,1.5776,2.9579,8,1,3.00,13.3590,135.4266,6.1849,-0.5507,1.9513,10.4369,2.0040,-0.5485,3.0622,910.21,391.40,0.0000,0.0000
77.300,8,10,0,15.9058,130.0644,2.5319,-2.5099,1.5611,2.9557,8,1,3.00,13.3590,135.4266,5.9363,-0.3735,1.9513,10.4336,1.9870,-0.5448,3.0622,990.58,341.36,0.0000,0.0000
77.400,8,10,0,15.6569,130.2120,2.5098,-2.5033,1.5306,2.9341,8,1,3.00,13.3590,135.4266,5.6985,-0.1972,1.9513,10.4012,1.9702,-0.5396,3.0622,996.41,221.00,0.0000,0.0000
77.500,8,10,0,15.4098,130.3544,2.4776,-2.4929,1.4923,2.9054,8,1,3.00,13.3590,135.4266,5.4712,-0.0207,1.9513,10.3581,1.9532,-0.5243,3.0622,797.67,35.14,0.0000,0.0000
77.600,8,10,0,15.1656,130.4906,2.4464,-2.4754,1.4450,2.8663,8,1,3.00,13.3590,135.4266,5.2563,0.1555,1.9513,10.2994,1.9362,-0.5103,3.0622,598.73,191.24,0.0000,0.0000
77.700,8,10,0,14.9295,130.6176,2.4072,-2.4345,1.3818,2.7993,8,1,3.00,13.3590,135.4266,5.0589,0.3276,1.9513,10.1989,1.9191,-0.4881,3.0622,654.14,51.85,0.0000,0.0000
77.800,8,10,0,14.7040,130.7365,2.3744,-2.3694,1.3120,2.7084,8,1,3.00,13.3590,135.4266,4.8792,0.4928,1.9513,10.0626,1.9023,-0.4720,2.9882,864.90,58.52,0.0000,0.0000
77.900,8,10,0,14.5920,130.7944,2.3359,-2.3264,1.2722,2.6515,8,1,3.00,13.3590,135.4266,4.7935,0.5753,1.9513,9.9773,1.8937,-0.4423,2.9357,911.02,-161.02,0.0000,0.0000
78.000,8,10,0,14.3779,130.9020,2.3040,-2.2588,1.2009,2.5582,8,1,3.00,13.3590,135.4266,4.6379,0.7341,1.9513,9.8374,1.8768,-0.4273,2.8404,749.29,-292.39,0.0000,0.0000
78.100,8,10,0,14.2753,130.9518,2.2641,-2.2343,1.1684,2.5214,8,1,3.00,13.3590,135.4266,4.5677,0.8109,1.9513,9.7821,1.8685,-0.3956,2.7974,915.21,-335.87,0.0000,0.0000
78.200,8,10,0,14.0675,131.0485,2.2253,-2.1789,1.0955,2.4388,8,1,3.00,13.3590,135.4266,4.4351,0.9680,1.9513,9.6582,1.8514,-0.3740,2.7162,928.89,-167.35,0.0000,0.0000
78.300,8,10,0,13.8613,131.1416,2.1730,-2.1378,1.0366,2.3759,8,1,3.00,13.3590,135.4266,4.3144,1.1248,1.9513,9.5638,1.8342,-0.3388,2.6423,971.44,-145.39,0.0000,0.0000
78.400,8,10,0,13.7553,131.1900,2.1152,-2.1182,1.0156,2.3491,8,1,3.00,13.3590,135.4266,4.2551,1.2053,1.9513,9.5237,1.8254,-0.2898,2.6060,776.29,-27.60,0.0000,0.0000
78.500,8,10,0,13.5492,131.2885,2.0612,-2.0971,1.0047,2.3253,8,1,3.00,13.3590,135.4266,4.1425,1.3601,1.9513,9.4880,1.8089,-0.2523,2.5370,687.44,120.21,0.0000,0.0000
78.600,8,10,0,13.3452,131.3946,2.0066,-2.0757,1.0253,2.3151,8,1,3.00,13.3590,135.4266,4.0321,1.5101,1.9513,9.4726,1.7932,-0.2135,2.4694,706.69,340.32,0.0000,0.0000
78.700,8,10,0,13.2479,131.4497,1.9536,-2.0660,1.0496,2.3173,8,1,3.00,13.3590,135.4266,3.9785,1.5800,1.9513,9.4759,1.7860,-0.1676,2.4366,486.12,450.14,0.0000,0.0000
78.800,8,10,0,13.0516,131.5737,1.9037,-2.0291,1.1211,2.3182,8,1,3.00,13.3590,135.4266,3.8652,1.7162,1.9513,9.4773,1.7721,-0.1316,2.3672,467.46,421.88,0.0000,0.0000
78.900,8,10,0,12.8633,131.7108,1.8529,-1.9762,1.2131,2.3188,8,1,3.00,13.3590,135.4266,3.7488,1.8401,1.9513,9.4782,1.7595,-0.0934,2.2959,665.09,271.65,0.0000,0.0000
79.000,8,10,0,12.7697,131.7856,1.8083,-1.9411,1.2582,2.3132,8,1,3.00,13.3590,135.4266,3.6884,1.8992,1.9513,9.4699,1.7533,-0.0550,2.2589,848.70,35.59,0.0000,0.0000
79.100,8,10,0,12.5924,131.9389,1.7650,-1.8799,1.3574,2.3188,8,1,3.00,13.3590,135.4266,3.5710,2.0070,1.9513,9.4781,1.7426,-0.0224,2.1870,920.22,79.18,0.0000,0.0000
79.200,8,10,0,12.4191,132.1016,1.7212,-1.8261,1.4546,2.3346,8,1,3.00,13.3590,135.4266,3.4553,2.1074,1.9513,9.5019,1.7330,0.0118,2.1162,761.77,139.57,0.0000,0.0000
79.300,8,10,0,12.2497,132.2742,1.6799,-1.7777,1.5526,2.3603,8,1,3.00,13.3590,135.4266,3.3419,2.2006,1.9513,9.5404,1.7246,0.0447,2.0467,543.28,209.06,0.0000,0.0000
79.400,8,10,0,12.1699,132.3612,1.6322,-1.7549,1.6043,2.3777,8,1,3.00,13.3590,135.4266,3.2880,2.2424,1.9513,9.5666,1.7210,0.0888,2.0137,649.88,412.63,0.0000,0.0000
79.500,8,10,0,12.0123,132.5456,1.5905,-1.6900,1.6929,2.3921,8,1,3.00,13.3590,135.4266,3.1802,2.3202,1.9513,9.5881,1.7138,0.1233,1.9477,605.85,632.36,0.0000,0.0000
79.600,8,10,0,11.8654,132.7412,1.5413,-1.6099,1.7906,2.4079,8,1,3.00,13.3590,135.4266,3.0729,2.3840,1.9513,9.6118,1.7081,0.1669,1.8819,385.89,824.85,0.0000,0.0000
79.700,8,10,0,11.7317,132.9510,1.5016,-1.5102,1.9044,2.4305,8,1,3.00,13.3590,135.4266,2.9625,2.4302,1.9513,9.6458,1.7044,0.2029,1.8144,361.47,748.58,0.0000,0.0000
79.800,9,10,0,11.6140,133.1721,1.4695,-1.3888,2.0170,2.4489,9,2,3.00,23.1529,149.8384,20.2710,0.1760,0.9739,9.6733,0.9652,-0.5042,1.5000,294.02,533.21,0.0000,0.0000
79.900,9,10,0,11.5109,133.3987,1.4427,-1.2588,2.1082,2.4554,9,2,3.00,23.1529,149.8384,20.1445,0.3887,0.9739,9.6831,0.9546,-0.4881,1.5000,293.86,313.10,0.0000,0.0000
80.000,9,10,0,11.4625,133.5157,1.4263,-1.1934,2.1365,2.4472,9,2,3.00,23.1529,149.8384,20.0773,0.4945,0.9739,9.6708,0.9493,-0.4770,1.5000,293.61,92.93,0.0000,0.0000
80.100,9,10,0,11.3749,133.7384,1.4105,-1.0783,2.1681,2.4215,9,2,3.00,23.1529,149.8384,19.9482,0.6921,0.9739,9.6322,0.9392,-0.4713,1.5000,380.08,92.75,0.0000,0.0000
80.200,9,10,0,11.2929,133.9497,1.3950,-0.9847,2.1469,2.3619,9,2,3.00,23.1529,149.8384,19.8270,0.8787,0.9739,9.5429,0.9296,-0.4654,1.5000,505.47,138.57,0.0000,0.0000
80.300,9,10,0,11.2148,134.1517,1.3772,-0.9112,2.1000,2.2892,9,2,3.00,23.1529,149.8384,19.7128,1.0568,0.9739,9.4338,0.9203,-0.4569,1.5000,418.66,-59.69,0.0000,0.0000
80.400,9,10,0,11.1781,134.2471,1.3588,-0.8816,2.0777,2.2570,9,2,3.00,23.1529,149.8384,19.6592,1.1408,0.9739,9.3855,0.9158,-0.4429,1.5000,297.54,89.23,0.0000,0.0000
80.500,9,10,0,11.1045,134.4359,1.3342,-0.8292,2.0089,2.1733,9,2,3.00,23.1529,149.8384,19.5550,1.3078,0.9739,9.2600,0.9070,-0.4272,1.5000,516.78,146.20,0.0000,0.0000
80.600,9,10,0,11.0340,134.6161,1.3114,-0.7845,1.9351,2.0880,9,2,3.00,23.1529,149.8384,19.4573,1.4674,0.9739,9.1320,0.8984,-0.4130,1.5000,461.17,74.75,0.0000,0.0000
80.700,9,10,0,10.9689,134.7959,1.2860,-0.7361,1.8866,2.0251,9,2,3.00,23.1529,149.8384,19.3579,1.6223,0.9739,9.0377,0.8900,-0.3960,1.5000,531.35,86.17,0.0000,0.0000
80.800,9,10,0,10.9095,134.9782,1.2567,-0.6844,1.8656,1.9872,9,2,3.00,23.1529,149.8384,19.2543,1.7739,0.9739,8.9808,0.8817,-0.3750,1.5000,512.14,8.16,0.0000,0.0000
80.900,9,10,0,10.8562,135.1650,1.2276,-0.6293,1.8678,1.9710,9,2,3.00,23.1529,149.8384,19.1446,1.9229,0.9739,8.9565,0.8733,-0.3543,1.5000,537.67,152.83,0.0000,0.0000
81.000,9,10,0,10.8085,135.3547,1.1949,-0.5741,1.8801,1.9658,9,2,3.00,23.1529,149.8384,19.0305,2.0691,0.9739,8.9487,0.8650,-0.3299,1.5000,520.59,-63.35,0.0000,0.0000
81.100,9,10,0,10.7670,135.5472,1.1633,-0.5162,1.8971,1.9660,9,2,3.00,23.1529,149.8384,18.9116,2.2115,0.9739,8.9491,0.8567,-0.3066,1.5000,506.83,-3.81,0.0000,0.0000
81.200,9,10,0,10.7297,135.7382,1.1258,-0.4643,1.9029,1.9587,9,2,3.00,23.1529,149.8384,18.7923,2.3498,0.9739,8.9380,0.8485,-0.2772,1.5000,546.43,157.14,0.0000,0.0000
81.300,9,10,0,10.7122,135.8360,1.0864,-0.4390,1.8983,1.9484,9,2,3.00,23.1529,149.8384,18.7307,2.4193,0.9739,8.9226,0.8444,-0.2421,1.5000,534.47,214.54,0.0000,0.0000
81.400,9,10,0,10.6833,136.0264,1.0545,-0.3844,1.8999,1.9384,9,2,3.00,23.1529,149.8384,18.6081,2.5502,0.9739,8.9076,0.8364,-0.2181,1.5000,555.35,264.41,0.0000,0.0000
81.500,9,10,0,10.6628,136.2188,1.0148,-0.3190,1.9084,1.9348,9,2,3.00,23.1529,149.8384,18.4796,2.6752,0.9739,8.9023,0.8286,-0.1862,1.5000,482.28,216.61,0.0000,0.0000
81.600,9,10,0,10.6522,136.4154,0.9834,-0.2418,1.9288,1.9439,9,2,3.00,23.1529,149.8384,18.3424,2.7945,0.9739,8.9158,0.8210,-0.1625,1.5000,491.27,296.77,0.0000,0.0000
81.700,9,10,0,10.6505,136.5122,0.9528,-0.2004,1.9462,1.9565,9,2,3.00,23.1529,149.8384,18.2729,2.8503,0.9739,8.9348,0.8173,-0.1355,1.5000,442.43,194.88,0.0000,0.0000
81.800,9,10,0,10.6550,136.7144,0.9233,-0.1106,1.9751,1.9782,9,2,3.00,23.1529,149.8384,18.1228,2.9602,0.9739,8.9673,0.8098,-0.1135,1.5000,573.01,177.68,0.0000,0.0000
81.900,9,10,0,10.6692,136.9187,0.8947,-0.0185,2.0011,2.0012,9,2,3.00,23.1529,149.8384,17.9656,3.0634,0.9739,9.0018,0.8026,-0.0921,1.5000,462.21,209.70,0.0000,0.0000
82.000,9,10,0,10.6925,137.1244,0.8589,0.0733,2.0222,2.0236,9,2,3.00,23.1529,149.8384,17.8019,3.1597,0.9739,9.0353,0.7955,-0.0634,1.5000,477.21,138.01,0.0000,0.0000
82.100,9,10,0,10.7075,137.2298,0.8338,0.1166,2.0232,2.0266,9,2,3.00,23.1529,149.8384,17.7162,3.2065,0.9739,9.0399,0.7919,-0.0419,1.5000,615.29,233.53,0.0000,0.0000
82.200,9,10,0,10.7414,137.4328,0.8016,0.1970,2.0249,2.0344,9,2,3.00,23.1529,149.8384,17.5484,3.2925,0.9739,9.0517,0.7852,-0.0164,1.5000,595.95,157.60,0.0000,0.0000
82.300,9,10,0,10.7605,137.5311,0.7762,0.2370,2.0297,2.0435,9,2,3.00,23.1529,149.8384,17.4654,3.3320,0.9739,9.0652,0.7820,0.0057,1.5000,539.47,164.05,0.0000,0.0000
82.400,9,10,0,10.8044,137.7332,0.7468,0.3108,2.0275,2.0511,9,2,3.00,23.1529,149.8384,17.2922,3.4093,0.9739,9.0767,0.7755,0.0287,1.5000,560.74,249.41,0.0000,0.0000
82.500,9,10,0,10.8548,137.9341,0.7131,0.3818,2.0220,2.0577,9,2,3.00,23.1529,149.8384,17.1159,3.4805,0.9739,9.0866,0.7691,0.0561,1.5000,625.38,299.92,0.0000,0.0000
82.600,9,10,0,10.8846,138.0375,0.6800,0.4198,2.0154,2.0586,9,2,3.00,23.1529,149.8384,17.0227,3.5141,0.9739,9.0879,0.7660,0.0860,1.5000,521.17,281.34,0.0000,0.0000
82.700,9,10,0,10.9512,138.2390,0.6460,0.5089,2.0145,2.0778,9,2,3.00,23.1529,149.8384,16.8353,3.5722,0.9739,9.1167,0.7601,0.1141,1.5000,450.00,297.21,0.0000,0.0000
82.800,9,10,0,11.0281,138.4392,0.6216,0.6030,2.0094,2.0980,9,2,3.00,23.1529,149.8384,16.6419,3.6212,0.9739,9.1469,0.7546,0.1330,1.5000,455.95,236.91,0.0000,0.0000
82.900,9,10,0,11.0683,138.5352,0.5897,0.6502,2.0075,2.1101,9,2,3.00,23.1529,149.8384,16.5469,3.6418,0.9739,9.1652,0.7520,0.1623,1.5000,407.15,240.89,0.0000,0.0000
83.000,9,10,0,11.1565,138.7302,0.5632,0.7351,1.9873,2.1189,9,2,3.00,23.1529,149.8384,16.3495,3.6784,0.9739,9.1783,0.7470,0.1837,1.5000,430.97,240.32,0.0000,0.0000
83.100,9,10,0,11.2508,138.9206,0.5345,0.8111,1.9579,2.1193,9,2,3.00,23.1529,149.8384,16.1511,3.7075,0.9739,9.1789,0.7423,0.2078,1.5000,434.93,150.83,0.0000,0.0000
83.200,9,10,0,11.3489,139.1055,0.5067,0.8733,1.9190,2.1084,9,2,3.00,23.1529,149.8384,15.9539,3.7303,0.9739,9.1626,0.7379,0.2312,1.5000,467.12,338.61,0.0000,0.0000
83.300,9,10,0,11.4500,139.2845,0.4763,0.9237,1.8728,2.0883,9,2,3.00,23.1529,149.8384,15.7589,3.7473,0.9739,9.1324,0.7338,0.2575,1.5000,499.11,304.76,0.0000,0.0000
83.400,9,10,0,11.5042,139.3747,0.4526,0.9476,1.8451,2.0742,9,2,3.00,23.1529,149.8384,15.6583,3.7532,0.9739,9.1113,0.7319,0.2793,1.5000,306.28,276.83,0.0000,0.0000
83.500,9,10,0,11.6141,139.5467,0.4269,1.0023,1.7992,2.0596,9,2,3.00,23.1529,149.8384,15.4616,3.7589,0.9739,9.0893,0.7283,0.3015,1.5000,462.46,395.93,0.0000,0.0000
83.600,9,10,0,11.7292,139.7134,0.4011,1.0560,1.7508,2.0446,9,2,3.00,23.1529,149.8384,15.2649,3.7574,0.9739,9.0670,0.7252,0.3242,1.5000,520.59,300.67,0.0000,0.0000
83.700,9,10,0,11.8534,139.8766,0.3779,1.1231,1.7076,2.0438,9,2,3.00,23.1529,149.8384,15.0637,3.7465,0.9739,9.0657,0.7226,0.3446,1.5000,465.43,212.03,0.0000,0.0000
83.800,9,10,0,11.9855,140.0372,0.3558,1.1944,1.6702,2.0533,9,2,3.00,23.1529,149.8384,14.8585,3.7274,0.9739,9.0800,0.7203,0.3646,1.5000,489.29,276.62,0.0000,0.0000
83.900,9,10,0,12.0517,140.1138,0.3332,1.2313,1.6554,2.0631,9,2,3.00,23.1529,149.8384,14.7582,3.7157,0.9739,9.0947,0.7194,0.3862,1.5000,514.49,305.10,0.0000,0.0000
84.000,9,10,0,12.1927,140.2688,0.3080,1.2975,1.6179,2.0739,9,2,3.00,23.1529,149.8384,14.5500,3.6862,0.9739,9.1108,0.7178,0.4098,1.5000,433.85,245.66,0.0000,0.0000
84.100,9,10,0,12.3395,140.4199,0.2852,1.3601,1.5796,2.0845,9,2,3.00,23.1529,149.8384,14.3401,3.6498,0.9739,9.1267,0.7166,0.4314,1.5000,326.38,294.81,0.0000,0.0000
84.200,9,10,0,12.4889,140.5659,0.2611,1.4093,1.5366,2.0850,9,2,3.00,23.1529,149.8384,14.1315,3.6083,0.9739,9.1275,0.7157,0.4546,1.5000,283.07,490.63,0.0000,0.0000
84.300,9,10,0,12.6395,140.7054,0.2395,1.4455,1.4854,2.0726,9,2,3.00,23.1529,149.8384,13.9264,3.5621,0.9739,9.1089,0.7153,0.4757,1.5000,458.78,510.84,0.0000,0.0000
84.400,9,10,0,12.7944,140.8381,0.2193,1.4845,1.4286,2.0603,9,2,3.00,23.1529,149.8384,13.7223,3.5086,0.9739,9.0904,0.7154,0.4961,1.5000,334.75,406.17,0.0000,0.0000
84.500,9,10,0,12.9565,140.9653,0.2052,1.5351,1.3721,2.0590,9,2,3.00,23.1529,149.8384,13.5166,3.4460,0.9739,9.0885,0.7161,0.5109,1.5000,465.84,295.24,0.0000,0.0000
84.600,9,10,0,13.1232,141.0871,0.1900,1.5842,1.3168,2.0600,9,2,3.00,23.1529,149.8384,13.3109,3.3766,0.9739,9.0900,0.7174,0.5274,1.5000,482.90,379.69,0.0000,0.0000
84.700,9,10,0,13.2109,141.1483,0.1771,1.6045,1.2888,2.0581,9,2,3.00,23.1529,149.8384,13.2046,3.3385,0.9739,9.0871,0.7183,0.5412,1.5000,569.11,316.54,0.0000,0.0000
84.800,9,10,0,13.3856,141.2647,0.1633,1.6557,1.2431,2.0705,9,2,3.00,23.1529,149.8384,12.9965,3.2594,0.9739,9.1057,0.7204,0.5571,1.5000,624.79,333.05,0.0000,0.0000
84.900,9,10,0,13.5655,141.3781,0.1484,1.7071,1.2034,2.0886,9,2,3.00,23.1529,149.8384,12.7866,3.1744,0.9739,9.1329,0.7230,0.5746,1.5000,568.61,319.99,0.0000,0.0000
85.000,9,10,0,13.7507,141.4889,0.1311,1.7594,1.1685,2.1121,9,2,3.00,23.1529,149.8384,12.5744,3.0834,0.9739,9.1681,0.7262,0.5951,1.5000,587.38,298.11,0.0000,0.0000
85.100,9,10,0,13.9401,141.5971,0.1129,1.8075,1.1371,2.1354,9,2,3.00,23.1529,149.8384,12.3610,2.9876,0.9739,9.2031,0.7298,0.6169,1.5000,509.76,344.18,0.0000,0.0000
85.200,9,10,0,14.1324,141.7026,0.0949,1.8485,1.1068,2.1546,9,2,3.00,23.1529,149.8384,12.1475,2.8878,0.9739,9.2319,0.7339,0.6390,1.5000,357.12,424.65,0.0000,0.0000
85.300,9,10,0,14.2263,141.7523,0.0777,1.8703,1.0927,2.1661,9,2,3.00,23.1529,149.8384,12.0445,2.8381,0.9739,9.2491,0.7360,0.6583,1.5000,361.72,389.24,0.0000,0.0000
85.400,9,10,0,14.4201,141.8506,0.0615,1.8957,1.0532,2.1686,9,2,3.00,23.1529,149.8384,11.8350,2.7331,0.9739,9.2529,0.7409,0.6794,1.5000,237.93,416.64,0.0000,0.0000
85.500,9,10,0,14.6129,141.9430,0.0466,1.9082,1.0063,2.1573,9,2,3.00,23.1529,149.8384,11.6305,2.6255,0.9739,9.2359,0.7462,0.6996,1.5000,226.20,351.52,0.0000,0.0000
85.600,9,10,0,14.8030,142.0286,0.0310,1.9061,0.9516,2.1304,9,2,3.00,23.1529,149.8384,11.4330,2.5164,0.9739,9.1956,0.7520,0.7210,1.5000,114.19,434.19,0.0000,0.0000
85.700,9,10,0,14.8989,142.0700,0.0223,1.8938,0.9206,2.1057,9,2,3.00,23.1529,149.8384,11.3347,2.4604,0.9739,9.1586,0.7551,0.7328,1.5000,32.53,351.60,0.0000,0.0000
85.800,9,10,0,15.0800,142.1451,0.0142,1.8631,0.8589,2.0515,9,2,3.00,23.1529,149.8384,11.1516,2.3528,0.9739,9.0773,0.7613,0.7471,1.5000,52.73,255.26,0.0000,0.0000
85.900,9,10,0,15.1645,142.1791,0.0100,1.8425,0.8289,2.0204,9,2,3.00,23.1529,149.8384,11.0670,2.3020,0.9739,9.0306,0.7644,0.7544,1.5000,42.38,297.86,0.0000,0.0000
86.000,9,10,0,15.3311,142.2450,0.0082,1.7788,0.7674,1.9373,9,2,3.00,23.1529,149.8384,10.9013,2.2013,0.9739,8.9059,0.7706,0.7624,1.5000,27.18,398.27,0.0000,0.0000
86.100,9,10,0,15.4897,142.3052,0.0086,1.7091,0.7071,1.8496,9,2,3.00,23.1529,149.8384,10.7459,2.1039,0.9739,8.7744,0.7768,0.7683,1.5000,134.48,373.43,0.0000,0.0000
86.200,9,10,0,15.6428,142.3597,0.0122,1.6454,0.6484,1.7685,9,2,3.00,23.1529,149.8384,10.5987,2.0079,0.9739,8.6528,0.7833,0.7711,1.5000,26.33,478.80,0.0000,0.0000
86.300,9,10,0,15.7205,142.3857,0.0175,1.6154,0.6188,1.7299,9,2,3.00,23.1529,149.8384,10.5253,1.9582,0.9739,8.5949,0.7868,0.7693,1.5000,-87.66,471.06,0.0000,0.0000
86.400,9,10,0,15.8709,142.4315,0.0253,1.5745,0.5603,1.6712,9,2,3.00,23.1529,149.8384,10.3870,1.8597,0.9739,8.5068,0.7939,0.7686,1.5000,-201.58,498.52,0.0000,0.0000
86.500,9,10,0,16.0187,142.4711,0.0366,1.5393,0.5007,1.6187,9,2,3.00,23.1529,149.8384,10.2554,1.7596,0.9739,8.4281,0.8015,0.7649,1.5000,-107.74,485.19,0.0000,0.0000
86.600,9,10,0,16.0892,142.4881,0.0541,1.5250,0.4716,1.5963,9,2,3.00,23.1529,149.8384,10.1943,1.7109,0.9739,8.3944,0.8053,0.7512,1.5000,-140.07,469.92,0.0000,0.0000
86.700,9,10,0,16.2325,142.5193,0.0763,1.4925,0.4136,1.5488,9,2,3.00,23.1529,149.8384,10.0728,1.6099,0.9739,8.3232,0.8134,0.7371,1.5000,-125.62,430.12,0.0000,0.0000
86.800,9,10,0,16.3728,142.5454,0.1015,1.4606,0.3581,1.5038,9,2,3.00,23.1529,149.8384,9.9578,1.5085,0.9739,8.2557,0.8218,0.7204,1.5000,-77.92,441.11,0.0000,0.0000
86.900,9,10,0,16.5095,142.5671,0.1312,1.4273,0.3071,1.4599,9,2,3.00,23.1529,149.8384,9.8492,1.4077,0.9739,8.1899,0.8305,0.6993,1.5000,-87.19,417.21,0.0000,0.0000
87.000,9,10,0,16.6436,142.5858,0.1658,1.3967,0.2636,1.4214,9,2,3.00,23.1529,149.8384,9.7453,1.3073,0.9739,8.1320,0.8394,0.6736,1.5000,-23.82,372.07,0.0000,0.0000
87.100,9,10,0,16.7119,142.5949,0.1993,1.3801,0.2458,1.4018,9,2,3.00,23.1529,149.8384,9.6930,1.2559,0.9739,8.1027,0.8440,0.6447,1.5000,9.91,388.94,0.0000,0.0000
87.200,9,10,0,16.8441,142.6120,0.2314,1.3589,0.2187,1.3764,9,2,3.00,23.1529,149.8384,9.5928,1.1561,0.9739,8.0646,0.8531,0.6217,1.5000,45.37,371.96,0.0000,0.0000
87.300,9,10,0,16.9775,142.6288,0.2578,1.3495,0.2006,1.3644,9,2,3.00,23.1529,149.8384,9.4928,1.0553,0.9739,8.0466,0.8625,0.6047,1.5000,18.67,372.76,0.0000,0.0000
87.400,9,10,0,17.0430,142.6369,0.2891,1.3525,0.1942,1.3664,9,2,3.00,23.1529,149.8384,9.4442,1.0057,0.9739,8.0496,0.8672,0.5781,1.5000,30.24,243.56,0.0000,0.0000
87.500,9,10,0,17.1792,142.6538,0.3171,1.3570,0.1852,1.3696,9,2,3.00,23.1529,149.8384,9.3436,0.9025,0.9739,8.0544,0.8772,0.5600,1.5000,-7.00,241.56,0.0000,0.0000
87.600,9,10,0,17.3152,142.6715,0.3509,1.3585,0.1826,1.3707,9,2,3.00,23.1529,149.8384,9.2436,0.8000,0.9739,8.0561,0.8873,0.5363,1.5000,-18.02,301.10,0.0000,0.0000
87.700,9,10,0,17.4485,142.6901,0.3835,1.3498,0.1840,1.3623,9,2,3.00,23.1529,149.8384,9.1454,0.7001,0.9739,8.0435,0.8973,0.5137,1.5000,-117.17,358.78,0.0000,0.0000
87.800,9,10,0,17.5789,142.7083,0.4153,1.3335,0.1831,1.3460,9,2,3.00,23.1529,149.8384,9.0503,0.6025,0.9739,8.0190,0.9073,0.4920,1.5000,-162.09,371.24,0.0000,0.0000
87.900,9,10,0,17.7059,142.7243,0.4480,1.3111,0.1745,1.3227,9,2,3.00,23.1529,149.8384,8.9599,0.5065,0.9739,7.9840,0.9174,0.4694,1.5000,-119.39,365.96,0.0000,0.0000
88.000,9,10,0,17.8293,142.7374,0.4790,1.2836,0.1585,1.2934,9,2,3.00,23.1529,149.8384,8.8750,0.4117,0.9739,7.9401,0.9275,0.4485,1.5000,-41.99,346.08,0.0000,0.0000
88.100,9,10,0,17.9503,142.7487,0.5111,1.2576,0.1422,1.2656,9,2,3.00,23.1529,149.8384,8.7938,0.3180,0.9739,7.8985,0.9377,0.4266,1.5000,-60.24,372.52,0.0000,0.0000
88.200,9,10,0,18.0711,142.7608,0.5477,1.2405,0.1347,1.2478,9,2,3.00,23.1529,149.8384,8.7131,0.2249,0.9739,7.8717,0.9481,0.4004,1.5000,-120.63,365.38,0.0000,0.0000
88.300,9,10,0,18.1337,142.7676,0.5808,1.2332,0.1339,1.2405,9,2,3.00,23.1529,149.8384,8.6712,0.1769,0.9739,7.8607,0.9535,0.3727,1.5000,-119.07,272.94,0.0000,0.0000
88.400,9,10,0,18.2557,142.7815,0.6192,1.2281,0.1361,1.2356,9,2,3.00,23.1529,149.8384,8.5896,0.0839,0.9739,7.8534,0.9641,0.3450,1.5000,-95.46,325.12,0.0000,0.0000
88.500,9,10,0,18.3765,142.7960,0.6523,1.2205,0.1391,1.2284,9,2,3.00,23.1529,149.8384,8.5094,-0.0079,0.9739,7.8426,0.9748,0.3226,1.5000,-36.70,328.90,0.0000,0.0000
88.600,9,10,0,18.4962,142.8114,0.6931,1.2117,0.1446,1.2203,9,2,3.00,23.1529,149.8384,8.4299,-0.0982,0.9739,7.8304,0.9856,0.2924,1.5000,130.09,179.16,0.0000,0.0000
88.700,9,10,0,18.6149,142.8290,0.7273,1.2021,0.1559,1.2122,9,2,3.00,23.1529,149.8384,8.3502,-0.1865,0.9739,7.8182,0.9962,0.2689,1.5000,165.08,232.40,0.0000,0.0000
88.800,9,10,0,18.7314,142.8500,0.7506,1.1885,0.1756,1.2014,9,2,3.00,23.1529,149.8384,8.2697,-0.2711,0.9739,7.8021,1.0067,0.2561,1.5000,288.43,159.62,0.0000,0.0000
88.900,9,10,0,18.7878,142.8619,0.7798,1.1857,0.1903,1.2008,9,2,3.00,23.1529,149.8384,8.2295,-0.3110,0.9739,7.8013,1.0117,0.2319,1.5000,311.16,-10.05,0.0000,0.0000
89.000,9,10,0,18.9040,142.8917,0.8016,1.1778,0.2299,1.2000,9,2,3.00,23.1529,149.8384,8.1431,-0.3904,0.9739,7.8000,1.0219,0.2202,1.5000,243.31,118.50,0.0000,0.0000
89.100,9,10,0,19.0182,142.9275,0.8197,1.1650,0.2771,1.1975,9,2,3.00,23.1529,149.8384,8.0534,-0.4647,0.9739,7.7963,1.0316,0.2119,1.5000,130.25,116.06,0.0000,0.0000
89.200,9,10,0,19.0763,142.9484,0.8362,1.1554,0.3019,1.1942,9,2,3.00,23.1529,149.8384,8.0057,-0.5010,0.9739,7.7913,1.0365,0.2003,1.5000,117.11,45.98,0.0000,0.0000
89.300,9,10,0,19.1879,142.9919,0.8470,1.1409,0.3500,1.1934,9,2,3.00,23.1529,149.8384,7.9118,-0.5689,0.9739,7.7901,1.0459,0.1988,1.5000,45.39,103.83,0.0000,0.0000
89.400,9,10,0,19.2411,143.0137,0.8557,1.1342,0.3707,1.1933,9,2,3.00,23.1529,149.8384,7.8664,-0.6006,0.9739,7.7899,1.0503,0.1947,1.5000,57.01,145.21,0.0000,0.0000
89.500,9,10,0,19.3482,143.0582,0.8657,1.1117,0.3977,1.1807,9,2,3.00,23.1529,149.8384,7.7748,-0.6641,0.9739,7.7710,1.0594,0.1938,1.5000,22.91,77.77,0.0000,0.0000
89.600,9,10,0,19.4519,143.1018,0.8775,1.0848,0.4115,1.1602,9,2,3.00,23.1529,149.8384,7.6864,-0.7254,0.9739,7.7404,1.0684,0.1910,1.5000,-74.28,199.98,0.0000,0.0000
89.700,9,10,0,19.5036,143.1231,0.8884,1.0668,0.4112,1.1433,9,2,3.00,23.1529,149.8384,7.6428,-0.7562,0.9739,7.7149,1.0730,0.1846,1.5000,-6.10,203.74,0.0000,0.0000
89.800,9,10,0,19.6008,143.1622,0.8991,1.0321,0.4038,1.1083,9,2,3.00,23.1529,149.8384,7.5623,-0.8146,0.9739,7.6624,1.0818,0.1828,1.5000,-7.82,289.28,0.0000,0.0000
89.900,9,10,0,19.6949,143.2002,0.9108,0.9992,0.3949,1.0744,9,2,3.00,23.1529,149.8384,7.4849,-0.8711,0.9739,7.6116,1.0906,0.1798,1.5000,-0.38,360.31,0.0000,0.0000
90.000,9,10,0,19.7406,143.2187,0.9221,0.9897,0.3932,1.0649,9,2,3.00,23.1529,149.8384,7.4474,-0.8985,0.9739,7.5974,1.0949,0.1728,1.5000,23.80,288.84,0.0000,0.0000
90.100,9,10,0,19.8362,143.2589,0.9364,0.9784,0.3970,1.0559,9,2,3.00,23.1529,149.8384,7.3682,-0.9550,0.9739,7.5838,1.1039,0.1675,1.5000,-4.20,197.82,0.0000,0.0000
90.200,9,10,0,19.9340,143.3019,0.9559,0.9791,0.4095,1.0613,9,2,3.00,23.1529,149.8384,7.2861,-1.0117,0.9739,7.5919,1.1132,0.1573,1.5000,54.70,227.87,0.0000,0.0000
90.300,9,10,0,19.9845,143.3254,0.9751,0.9774,0.4181,1.0630,9,2,3.00,23.1529,149.8384,7.2428,-1.0402,0.9739,7.5946,1.1180,0.1429,1.5000,151.88,213.06,0.0000,0.0000
90.400,9,10,0,20.0826,143.3746,0.9926,0.9783,0.4447,1.0747,9,2,3.00,23.1529,149.8384,7.1560,-1.0937,0.9739,7.6120,1.1274,0.1348,1.5000,200.07,241.11,0.0000,0.0000
90.500,9,10,0,20.1806,143.4294,1.0084,0.9789,0.4821,1.0912,9,2,3.00,23.1529,149.8384,7.0647,-1.1440,0.9739,7.6367,1.1366,0.1281,1.5000,247.77,147.81,0.0000,0.0000
90.600,9,10,0,20.2788,143.4901,1.0269,0.9795,0.5272,1.1124,9,2,3.00,23.1529,149.8384,6.9686,-1.1911,0.9739,7.6686,1.1457,0.1188,1.5000,154.36,148.71,0.0000,0.0000
90.700,9,10,0,20.3261,143.5213,1.0400,0.9808,0.5518,1.1254,9,2,3.00,23.1529,149.8384,6.9207,-1.2127,0.9739,7.6881,1.1500,0.1101,1.5000,236.51,163.35,0.0000,0.0000
90.800,9,10,0,20.4227,143.5882,1.0519,0.9756,0.5948,1.1426,9,2,3.00,23.1529,149.8384,6.8205,-1.2549,0.9739,7.7139,1.1590,0.1070,1.5000,135.13,160.40,0.0000,0.0000
90.900,9,10,0,20.5174,143.6586,1.0637,0.9658,0.6350,1.1558,9,2,3.00,23.1529,149.8384,6.7183,-1.2937,0.9739,7.7337,1.1677,0.1040,1.5000,136.09,144.58,0.0000,0.0000
91.000,9,10,0,20.6103,143.7318,1.0731,0.9528,0.6707,1.1652,9,2,3.00,23.1529,149.8384,6.6148,-1.3294,0.9739,7.7478,1.1763,0.1032,1.5000,179.19,114.45,0.0000,0.0000
91.100,9,10,0,20.7014,143.8074,1.0815,0.9380,0.7022,1.1717,9,2,3.00,23.1529,149.8384,6.5102,-1.3623,0.9739,7.7576,1.1847,0.1032,1.5000,75.28,155.09,0.0000,0.0000
91.200,9,10,0,20.7905,143.8842,1.0898,0.9213,0.7261,1.1730,9,2,3.00,23.1529,149.8384,6.4058,-1.3928,0.9739,7.7595,1.1931,0.1033,1.5000,141.10,232.01,0.0000,0.0000
91.300,9,10,0,20.8779,143.9609,1.0976,0.9047,0.7417,1.1699,9,2,3.00,23.1529,149.8384,6.3024,-1.4220,0.9739,7.7548,1.2015,0.1039,1.5000,23.66,201.69,0.0000,0.0000
91.400,9,10,0,20.9226,144.0007,1.1033,0.8955,0.7464,1.1658,9,2,3.00,23.1529,149.8384,6.2492,-1.4365,0.9739,7.7487,1.2059,0.1026,1.5000,28.72,225.18,0.0000,0.0000
91.500,9,10,0,21.0080,144.0773,1.1110,0.8802,0.7532,1.1584,9,2,3.00,23.1529,149.8384,6.1474,-1.4641,0.9739,7.7376,1.2144,0.1033,1.5000,210.78,141.81,0.0000,0.0000
91.600,9,10,0,21.0914,144.1540,1.1186,0.8633,0.7578,1.1488,9,2,3.00,23.1529,149.8384,6.0467,-1.4900,0.9739,7.7232,1.2229,0.1043,1.5000,238.53,155.23,0.0000,0.0000
91.700,9,10,0,21.1732,144.2335,1.1273,0.8466,0.7714,1.1453,9,2,3.00,23.1529,149.8384,5.9443,-1.5130,0.9739,7.7179,1.2313,0.1040,1.5000,231.89,257.46,0.0000,0.0000
91.800,9,10,0,21.2125,144.2734,1.1345,0.8413,0.7831,1.1494,9,2,3.00,23.1529,149.8384,5.8936,-1.5231,0.9739,7.7241,1.2353,0.1008,1.5000,170.17,194.25,0.0000,0.0000
91.900,9,10,0,21.2941,144.3589,1.1410,0.8328,0.8105,1.1621,9,2,3.00,23.1529,149.8384,5.7862,-1.5425,0.9739,7.7432,1.2438,0.1028,1.5000,139.24,282.51,0.0000,0.0000
92.000,9,10,0,21.3760,144.4486,1.1473,0.8280,0.8426,1.1814,9,2,3.00,23.1529,149.8384,5.6751,-1.5598,0.9739,7.7721,1.2523,0.1051,1.5000,171.67,226.14,0.0000,0.0000
92.100,9,10,0,21.4579,144.5420,1.1539,0.8252,0.8765,1.2038,9,2,3.00,23.1529,149.8384,5.5610,-1.5750,0.9739,7.8058,1.2611,0.1071,1.5000,97.13,218.76,0.0000,0.0000
92.200,9,10,0,21.5397,144.6387,1.1610,0.8232,0.9098,1.2270,9,2,3.00,23.1529,149.8384,5.4443,-1.5884,0.9739,7.8404,1.2700,0.1090,1.5000,91.15,116.11,0.0000,0.0000
92.300,9,10,0,21.6211,144.7363,1.1689,0.8201,0.9343,1.2432,9,2,3.00,23.1529,149.8384,5.3271,-1.6008,0.9739,7.8647,1.2791,0.1102,1.5000,120.31,95.43,0.0000,0.0000
92.400,9,10,0,21.7003,144.8316,1.1752,0.8100,0.9412,1.2417,9,2,3.00,23.1529,149.8384,5.2133,-1.6127,0.9739,7.8626,1.2884,0.1133,1.5000,40.58,106.39,0.0000,0.0000
92.500,9,10,0,21.7763,144.9231,1.1822,0.7920,0.9316,1.2227,9,2,3.00,23.1529,149.8384,5.1044,-1.6242,0.9739,7.8341,1.2977,0.1155,1.5000,76.03,248.72,0.0000,0.0000
92.600,9,10,0,21.8493,145.0106,1.1886,0.7698,0.9114,1.1930,9,2,3.00,23.1529,149.8384,5.0007,-1.6354,0.9739,7.7895,1.3071,0.1185,1.5000,171.39,331.60,0.0000,0.0000
92.700,9,10,0,21.8865,145.0555,1.1955,0.7590,0.9016,1.1785,9,2,3.00,23.1529,149.8384,4.9478,-1.6409,0.9739,7.7678,1.3120,0.1165,1.4843,166.10,220.30,0.0000,0.0000
92.800,9,10,0,21.9217,145.0985,1.2021,0.7539,0.9006,1.1746,9,2,3.00,23.1529,149.8384,4.8972,-1.6459,0.9739,7.7618,1.3167,0.1146,1.4692,214.54,246.91,0.0000,0.0000
92.900,9,10,0,21.9944,145.1899,1.2099,0.7448,0.9063,1.1731,9,2,3.00,23.1529,149.8384,4.7907,-1.6547,0.9739,7.7596,1.3266,0.1167,1.4372,149.79,132.83,0.0000,0.0000
93.000,9,10,0,22.0670,145.2851,1.2174,0.7383,0.9237,1.1825,9,2,3.00,23.1529,149.8384,4.6811,-1.6612,0.9739,7.7738,1.3367,0.1193,1.4043,83.08,223.00,0.0000,0.0000
93.100,9,10,0,22.1390,145.3832,1.2261,0.7318,0.9453,1.1955,9,2,3.00,23.1529,149.8384,4.5692,-1.6656,0.9739,7.7933,1.3470,0.1209,1.3707,150.92,262.26,0.0000,0.0000
93.200,9,10,0,22.1758,145.4344,1.2330,0.7272,0.9534,1.1991,9,2,3.00,23.1529,149.8384,4.5111,-1.6672,0.9739,7.7986,1.3525,0.1195,1.3533,251.67,276.92,0.0000,0.0000
93.300,9,10,0,22.2471,145.5366,1.2400,0.7220,0.9778,1.2155,9,2,3.00,23.1529,149.8384,4.3962,-1.6688,0.9739,7.8232,1.3633,0.1233,1.3189,225.59,189.90,0.0000,0.0000
93.400,9,10,0,22.2817,145.5877,1.2460,0.7215,0.9955,1.2294,9,2,3.00,23.1529,149.8384,4.3391,-1.6686,0.9739,7.8441,1.3686,0.1226,1.3017,254.28,198.93,0.0000,0.0000
93.500,9,10,0,22.3521,145.6951,1.2532,0.7154,1.0244,1.2495,9,2,3.00,23.1529,149.8384,4.2200,-1.6666,0.9739,7.8742,1.3799,0.1266,1.2660,176.77,137.52,0.0000,0.0000
93.600,9,10,0,22.4208,145.8033,1.2588,0.7053,1.0459,1.2615,9,2,3.00,23.1529,149.8384,4.1010,-1.6625,0.9739,7.8922,1.3913,0.1325,1.2303,187.52,56.46,0.0000,0.0000
93.700,9,10,0,22.4553,145.8587,1.2636,0.6968,1.0496,1.2598,9,2,3.00,23.1529,149.8384,4.0404,-1.6599,0.9739,7.8897,1.3973,0.1337,1.2121,98.45,230.65,0.0000,0.0000
93.800,9,10,0,22.5201,145.9648,1.2669,0.6790,1.0532,1.2532,9,2,3.00,23.1529,149.8384,3.9250,-1.6539,0.9739,7.8797,1.4089,0.1419,1.1775,87.94,205.12,0.0000,0.0000
93.900,9,10,0,22.5835,146.0697,1.2706,0.6627,1.0517,1.2430,9,2,3.00,23.1529,149.8384,3.8115,-1.6474,0.9739,7.8645,1.4209,0.1503,1.1434,111.21,216.98,0.0000,0.0000
94.000,9,10,0,22.6140,146.1206,1.2747,0.6570,1.0531,1.2412,9,2,3.00,23.1529,149.8384,3.7567,-1.6440,0.9739,7.8618,1.4269,0.1522,1.1270,39.90,320.67,0.0000,0.0000
94.100,9,10,0,22.6765,146.2257,1.2809,0.6459,1.0531,1.2354,9,2,3.00,23.1529,149.8384,3.6440,-1.6366,0.9739,7.8531,1.4397,0.1588,1.0932,-65.70,271.33,0.0000,0.0000
94.200,9,10,0,22.7402,146.3304,1.2873,0.6434,1.0513,1.2326,9,2,3.00,23.1529,149.8384,3.5322,-1.6304,0.9739,7.8488,1.4537,0.1664,1.0597,-68.21,366.66,0.0000,0.0000
94.300,9,10,0,22.8045,146.4330,1.2984,0.6436,1.0427,1.2253,9,2,3.00,23.1529,149.8384,3.4232,-1.6259,0.9739,7.8379,1.4688,0.1704,1.0270,-82.78,368.16,0.0000,0.0000
94.400,9,10,0,22.8378,146.4855,1.3128,0.6430,1.0359,1.2192,9,2,3.00,23.1529,149.8384,3.3677,-1.6240,0.9739,7.8289,1.4771,0.1643,1.0103,-106.07,282.06,0.0000,0.0000
94.500,9,10,0,22.9029,146.5861,1.3283,0.6459,1.0245,1.2112,9,2,3.00,23.1529,149.8384,3.2619,-1.6214,0.9739,7.8167,1.4941,0.1658,0.9786,24.02,312.01,0.0000,0.0000
94.600,9,10,0,22.9680,146.6837,1.3451,0.6473,1.0068,1.1969,9,2,3.00,23.1529,149.8384,3.1602,-1.6203,0.9739,7.7954,1.5123,0.1671,0.9480,-10.01,251.68,0.0000,0.0000
94.700,9,10,0,23.0332,146.7810,1.3655,0.6491,0.9944,1.1875,9,2,3.00,23.1529,149.8384,3.0598,-1.6196,0.9739,7.7812,1.5317,0.1661,0.9179,34.36,256.44,0.0000,0.0000
94.800,9,10,0,23.0979,146.8775,1.3883,0.6478,0.9834,1.1775,9,2,3.00,23.1529,149.8384,2.9615,-1.6188,0.9739,7.7663,1.5522,0.1639,0.0000,32.26,311.69,0.0000,0.0000
94.900,9,10,0,23.1287,146.9245,1.4111,0.6466,0.9826,1.1762,9,2,3.00,23.1529,149.8384,2.9141,-1.6179,0.9739,7.7644,1.5625,0.1514,0.0000,5.21,-5.92,0.0000,0.0000
95.000,9,10,0,23.1911,147.0215,1.4304,0.6385,0.9783,1.1682,9,2,3.00,23.1529,149.8384,2.8172,-1.6149,0.9739,7.7523,1.5844,0.1540,0.0000,5.22,-5.93,0.0000,0.0000
95.100,9,10,0,23.2497,147.1136,1.4527,0.6194,0.9573,1.1402,9,2,3.00,23.1529,149.8384,2.7266,-1.6116,0.9739,7.7103,1.6063,0.1536,0.0000,-0.63,2.78,0.0000,0.0000
95.200,9,10,0,23.3044,147.1995,1.4716,0.5931,0.9215,1.0958,9,2,3.00,23.1529,149.8384,2.6433,-1.6086,0.9739,7.6437,1.6281,0.1565,0.0000,5.28,-5.92,0.0000,0.0000
95.300,9,10,0,23.3558,147.2785,1.4883,0.5647,0.8737,1.0403,9,2,3.00,23.1529,149.8384,2.5680,-1.6067,0.9739,7.5604,1.6499,0.1617,0.0000,-0.59,2.96,0.0000,0.0000
95.400,9,10,0,23.4043,147.3503,1.5028,0.5358,0.8171,0.9771,9,2,3.00,23.1529,149.8384,2.5008,-1.6065,0.9739,7.4657,1.6715,0.1687,0.0000,-0.55,3.06,0.0000,0.0000
95.500,9,10,0,23.4499,147.4154,1.5161,0.5070,0.7570,0.9111,9,2,3.00,23.1529,149.8384,2.4412,-1.6076,0.9739,7.3667,1.6928,0.1767,0.0000,5.42,-5.72,0.0000,0.0000
95.600,9,10,0,23.4928,147.4752,1.5283,0.4786,0.6993,0.8474,9,2,3.00,23.1529,149.8384,2.3876,-1.6094,0.9739,7.2711,1.7136,0.1854,0.0000,-0.48,3.33,0.0000,0.0000
95.700,9,10,0,23.5138,147.5043,1.5389,0.4639,0.6715,0.8161,9,2,3.00,23.1529,149.8384,2.3619,-1.6105,0.9739,7.2242,1.7242,0.1853,0.0000,5.49,-5.58,0.0000,0.0000
95.800,9,10,0,23.5531,147.5586,1.5475,0.4381,0.6249,0.7632,9,2,3.00,23.1529,149.8384,2.3147,-1.6125,0.9739,7.1447,1.7446,0.1971,0.0000,-0.43,3.50,0.0000,0.0000
95.900,9,10,0,23.5905,147.6105,1.5552,0.4150,0.5865,0.7185,9,2,3.00,23.1529,149.8384,2.2705,-1.6143,0.9739,7.0777,1.7648,0.2096,0.0000,5.60,-5.45,0.0000,0.0000
96.000,9,10,0,23.6262,147.6603,1.5611,0.3938,0.5544,0.6800,9,2,3.00,23.1529,149.8384,2.2290,-1.6158,0.9739,7.0201,1.7848,0.2237,0.0000,-0.39,3.67,0.0000,0.0000
96.100,9,10,0,23.6600,147.7077,1.5695,0.3733,0.5252,0.6443,9,2,3.00,23.1529,149.8384,2.1902,-1.6170,0.9739,6.9665,1.8045,0.2349,0.0000,-0.38,3.76,0.0000,0.0000
96.200,9,10,0,23.6919,147.7523,1.5744,0.3536,0.4962,0.6093,9,2,3.00,23.1529,149.8384,2.1547,-1.6184,0.9739,6.9139,1.8236,0.2493,0.0000,-0.36,3.81,0.0000,0.0000
96.300,9,10,0,23.7223,147.7937,1.5803,0.3356,0.4666,0.5747,9,2,3.00,23.1529,149.8384,2.1225,-1.6202,0.9739,6.8621,1.8424,0.2621,0.0000,5.72,-5.19,0.0000,0.0000
96.400,9,10,0,23.7515,147.8323,1.5843,0.3196,0.4370,0.5414,9,2,3.00,23.1529,149.8384,2.0936,-1.6227,0.9739,6.8121,1.8608,0.2765,0.0000,-0.34,3.97,0.0000,0.0000
96.500,9,10,0,23.7651,147.8500,1.5879,0.3128,0.4236,0.5266,9,2,3.00,23.1529,149.8384,2.0805,-1.6240,0.9739,6.7898,1.8695,0.2816,0.0000,-0.33,4.01,0.0000,0.0000
96.600,9,10,0,23.7923,147.8852,1.5908,0.2981,0.3976,0.4969,9,2,3.00,23.1529,149.8384,2.0553,-1.6268,0.9739,6.7454,1.8872,0.2964,0.0000,-0.32,4.06,0.0000,0.0000
96.700,9,10,0,23.8058,147.9027,1.5943,0.2904,0.3854,0.4826,9,2,3.00,23.1529,149.8384,2.0429,-1.6281,0.9739,6.7239,1.8961,0.3018,0.0000,-0.31,4.13,0.0000,0.0000
96.800,9,10,0,23.8311,147.9359,1.5968,0.2768,0.3660,0.4589,9,2,3.00,23.1529,149.8384,2.0199,-1.6304,0.9739,6.6883,1.9133,0.3164,0.0000,-0.30,4.16,0.0000,0.0000
96.900,9,10,0,23.8430,147.9516,1.6003,0.2708,0.3585,0.4493,9,2,3.00,23.1529,149.8384,2.0091,-1.6313,0.9739,6.6739,1.9215,0.3212,0.0000,5.78,-4.91,0.0000,0.0000
97.000,9,10,0,23.8667,147.9833,1.6016,0.2585,0.3435,0.4300,9,2,3.00,23.1529,149.8384,1.9877,-1.6331,0.9739,6.6450,1.9381,0.3365,0.0000,-0.30,4.25,0.0000,0.0000
97.100,9,10,0,23.8893,148.0137,1.6044,0.2469,0.3292,0.4114,9,2,3.00,23.1529,149.8384,1.9677,-1.6347,0.9739,6.6172,1.9544,0.3500,0.0000,-0.30,4.27,0.0000,0.0000
97.200,9,10,0,23.9005,148.0287,1.6066,0.2407,0.3211,0.4013,9,2,3.00,23.1529,149.8384,1.9581,-1.6356,0.9739,6.6020,1.9626,0.3560,0.0000,-0.29,4.28,0.0000,0.0000
97.300,9,10,0,23.9217,148.0567,1.6094,0.2301,0.3059,0.3828,9,2,3.00,23.1529,149.8384,1.9406,-1.6374,0.9739,6.5742,1.9781,0.3688,0.0000,5.81,-4.74,0.0000,0.0000
97.400,9,10,0,23.9316,148.0696,1.6113,0.2255,0.2987,0.3743,9,2,3.00,23.1529,149.8384,1.9327,-1.6383,0.9739,6.5614,1.9855,0.3742,0.0000,5.79,-4.71,0.0000,0.0000
97.500,9,10,0,23.9515,148.0951,1.6131,0.2158,0.2830,0.3559,9,2,3.00,23.1529,149.8384,1.9175,-1.6404,0.9739,6.5338,2.0004,0.3873,0.0000,5.81,-4.67,0.0000,0.0000
97.600,9,10,0,23.9703,148.1193,1.6138,0.2060,0.2682,0.3382,9,2,3.00,23.1529,149.8384,1.9036,-1.6424,0.9739,6.5072,2.0147,0.4008,0.0000,-0.28,4.42,0.0000,0.0000
97.700,9,10,0,23.9797,148.1314,1.6154,0.2008,0.2608,0.3291,9,2,3.00,23.1529,149.8384,1.8968,-1.6434,0.9739,6.4937,2.0218,0.4064,0.0000,-0.29,4.45,0.0000,0.0000
97.800,9,10,0,23.9972,148.1541,1.6167,0.1916,0.2487,0.3140,9,2,3.00,23.1529,149.8384,1.8841,-1.6451,0.9739,6.4710,2.0355,0.4188,0.0000,-0.28,4.50,0.0000,0.0000
97.900,9,10,0,24.0141,148.1762,1.6180,0.1832,0.2385,0.3007,9,2,3.00,23.1529,149.8384,1.8721,-1.6466,0.9739,6.4511,2.0488,0.4308,0.0000,5.83,-4.52,0.0000,0.0000
98.000,9,10,1,24.0303,148.1975,1.6195,0.1754,0.2294,0.2887,9,2,3.00,23.1529,149.8384,0.0000,0.0000,0.0000,0.0000,1.6195,0.0000,0.0000,0.00,0.00,0.0000,0.0000
98.100,9,10,1,24.0457,148.2180,1.6206,0.1678,0.2205,0.2771,9,2,3.00,23.1529,149.8384,0.0000,0.0000,0.0000,0.0000,1.6206,0.0000,0.0000,0.00,0.00,0.0000,0.0000
98.200,9,10,1,24.0530,148.2276,1.6216,0.1645,0.2164,0.2718,9,2,3.00,23.1529,149.8384,0.0000,0.0000,0.0000,0.0000,1.6216,0.0000,0.0000,0.00,0.00,0.0000,0.0000
98.300,9,10,1,24.0674,148.2466,1.6236,0.1572,0.2068,0.2598,9,2,3.00,23.1529,149.8384,0.0000,0.0000,0.0000,0.0000,1.6236,0.0000,0.0000,0.00,0.00,0.0000,0.0000
98.400,9,10,1,24.0813,148.2645,1.6234,0.1505,0.1968,0.2477,9,2,3.00,23.1529,149.8384,0.0000,0.0000,0.0000,0.0000,1.6234,0.0000,0.0000,0.00,0.00,0.0000,0.0000
98.500,9,10,1,24.0946,148.2815,1.6245,0.1443,0.1869,0.2361,9,2,3.00,23.1529,149.8384,0.0000,0.0000,0.0000,0.0000,1.6245,0.0000,0.0000,0.00,0.00,0.0000,0.0000
98.600,9,10,1,24.1074,148.2976,1.6244,0.1385,0.1777,0.2253,9,2,3.00,23.1529,149.8384,0.0000,0.0000,0.0000,0.0000,1.6244,0.0000,0.0000,0.00,0.00,0.0000,0.0000
98.700,9,10,1,24.1197,148.3131,1.6262,0.1328,0.1695,0.2153,9,2,3.00,23.1529,149.8384,0.0000,0.0000,0.0000,0.0000,1.6262,0.0000,0.0000,0.00,0.00,0.0000,0.0000
98.800,9,10,1,24.1314,148.3280,1.6270,0.1270,0.1621,0.2060,9,2,3.00,23.1529,149.8384,0.0000,0.0000,0.0000,0.0000,1.6270,0.0000,0.0000,0.00,0.00,0.0000,0.0000
98.900,9,10,1,24.1372,148.3354,1.6287,0.1239,0.1583,0.2010,9,2,3.00,23.1529,149.8384,0.0000,0.0000,0.0000,0.0000,1.6287,0.0000,0.0000,0.00,0.00,0.0000,0.0000
99.000,9,10,1,24.1481,148.3494,1.6284,0.1186,0.1516,0.1925,9,2,3.00,23.1529,149.8384,0.0000,0.0000,0.0000,0.0000,1.6284,0.0000,0.0000,0.00,0.00,0.0000,0.0000
99.100,9,10,1,24.1586,148.3627,1.6290,0.1137,0.1449,0.1842,9,2,3.00,23.1529,149.8384,0.0000,0.0000,0.0000,0.0000,1.6290,0.0000,0.0000,0.00,0.00,0.0000,0.0000
99.200,9,10,1,24.1687,148.3753,1.6298,0.1091,0.1381,0.1760,9,2,3.00,23.1529,149.8384,0.0000,0.0000,0.0000,0.0000,1.6298,0.0000,0.0000,0.00,0.00,0.0000,0.0000
99.300,9,10,1,24.1784,148.3873,1.6304,0.1046,0.1312,0.1678,9,2,3.00,23.1529,149.8384,0.0000,0.0000,0.0000,0.0000,1.6304,0.0000,0.0000,0.00,0.00,0.0000,0.0000
99.400,9,10,1,24.1876,148.3986,1.6319,0.1001,0.1246,0.1599,9,2,3.00,23.1529,149.8384,0.0000,0.0000,0.0000,0.0000,1.6319,0.0000,0.0000,0.00,0.00,0.0000,0.0000
99.500,9,10,1,24.1964,148.4094,1.6314,0.0958,0.1186,0.1525,9,2,3.00,23.1529,149.8384,0.0000,0.0000,0.0000,0.0000,1.6314,0.0000,0.0000,0.00,0.00,0.0000,0.0000
99.600,9,10,1,24.2050,148.4197,1.6310,0.0919,0.1131,0.1457,9,2,3.00,23.1529,149.8384,0.0000,0.0000,0.0000,0.0000,1.6310,0.0000,0.0000,0.00,0.00,0.0000,0.0000
